# SignalAssistant session log
# Started at 2025-11-24 05:46:50
2025-11-24 05:46:50 [session] mode=recorded session='live/test' path='/home/general/SignalAssistant/sessions/live/test' duration=40.20 files=6
2025-11-24 05:46:50 [tracker-settings] TrackerConfig onsetThreshold=0.02000 minNoteDurSec=0.045 hopSec=0.010 slideDelta=120.0 bendDelta=35.0
2025-11-24 05:46:50 [tracker-settings] string1 midi=40 lowCut=37.08Hz highCut=445.00Hz baseline=0.000180 gateRatio=0.05500 envFloor=0.000450 sustainScale=0.580 retriggerScale=1.400 peakRelease=0.120 pitchTol=0.400 onsetScale=0.300
2025-11-24 05:46:50 [tracker-settings] string2 midi=45 lowCut=55.00Hz highCut=563.20Hz baseline=0.000220 gateRatio=0.10000 envFloor=0.000550 sustainScale=0.700 retriggerScale=1.250 peakRelease=0.130 pitchTol=0.400 onsetScale=0.450
2025-11-24 05:46:50 [tracker-settings] string3 midi=50 lowCut=85.16Hz highCut=693.05Hz baseline=0.000260 gateRatio=0.13000 envFloor=0.000650 sustainScale=0.820 retriggerScale=1.100 peakRelease=0.140 pitchTol=0.450 onsetScale=0.580
2025-11-24 05:46:50 [tracker-settings] string4 midi=55 lowCut=127.40Hz highCut=862.39Hz baseline=0.000320 gateRatio=0.17000 envFloor=0.000780 sustainScale=1.000 retriggerScale=1.000 peakRelease=0.160 pitchTol=0.440 onsetScale=0.700
2025-11-24 05:46:50 [tracker-settings] string5 midi=59 lowCut=160.51Hz highCut=1086.54Hz baseline=0.000370 gateRatio=0.21000 envFloor=0.000900 sustainScale=1.000 retriggerScale=1.000 peakRelease=0.180 pitchTol=0.500 onsetScale=0.800
2025-11-24 05:46:50 [tracker-settings] string6 midi=64 lowCut=214.26Hz highCut=1450.36Hz baseline=0.000420 gateRatio=0.25000 envFloor=0.001050 sustainScale=1.000 retriggerScale=1.000 peakRelease=0.200 pitchTol=0.550 onsetScale=0.900
2025-11-24 05:46:50 [tracker] [s1] calibration reset
2025-11-24 05:46:50 [tracker] [s2] calibration reset
2025-11-24 05:46:50 [tracker] [s3] calibration reset
2025-11-24 05:46:50 [tracker] [s4] calibration reset
2025-11-24 05:46:50 [tracker] [s5] calibration reset
2025-11-24 05:46:50 [tracker] [s6] calibration reset
2025-11-24 05:46:50 [tracker] [s1] calibration avg=0.00681 peak=0.01023
2025-11-24 05:46:50 [tracker] [s2] calibration avg=0.00985 peak=0.02604
2025-11-24 05:46:50 [tracker] [s3] calibration avg=0.01634 peak=0.09024
2025-11-24 05:46:50 [tracker] [s4] calibration avg=0.00197 peak=0.01001
2025-11-24 05:46:50 [tracker] [s5] calibration avg=0.01157 peak=0.09657
2025-11-24 05:46:50 [tracker] [s6] calibration avg=0.00432 peak=0.20712
2025-11-24 05:46:50 [tracker] [s1] configure sr=48000.0 hop=128 fft=1024 low=37.1 high=445.0
2025-11-24 05:46:50 [tracker] [s2] configure sr=48000.0 hop=128 fft=1024 low=55.0 high=563.2
2025-11-24 05:46:50 [tracker] [s3] configure sr=48000.0 hop=128 fft=1024 low=85.2 high=693.0
2025-11-24 05:46:50 [tracker] [s4] configure sr=48000.0 hop=128 fft=1024 low=127.4 high=862.4
2025-11-24 05:46:50 [tracker] [s5] configure sr=48000.0 hop=128 fft=512 low=160.5 high=1086.5
2025-11-24 05:46:50 [tracker] [s6] configure sr=48000.0 hop=128 fft=512 low=214.3 high=1450.4
2025-11-24 05:46:50 [meters] Hex input RMS -> E | 0.001    A | 0.001    D | 0.001    G | 0.001    B | 0.001    e | 0.001
2025-11-24 05:46:50 [meters] Hex input RMS -> E | 0.001    A | 0.001    D | 0.001    G | 0.001    B | 0.001    e | 0.001
2025-11-24 05:46:50 [meters] Hex input RMS -> E | 0.002    A | 0.002    D | 0.002    G | 0.002    B | 0.002    e | 0.002
2025-11-24 05:46:50 [meters] Hex input RMS -> E | 0.002    A | 0.002    D | 0.002    G | 0.002    B | 0.002    e | 0.002
2025-11-24 05:46:50 [meters] Hex input RMS -> E | 0.002    A | 0.002    D | 0.002    G | 0.001    B | 0.002    e | 0.001
2025-11-24 05:46:50 [meters] Hex input RMS -> E | 0.001    A | 0.001    D | 0.001    G | 0.001    B | 0.001    e | 0.001
2025-11-24 05:46:51 [meters] Hex input RMS -> E | 0.002    A | 0.001    D | 0.002    G | 0.001    B | 0.002    e | 0.001
2025-11-24 05:46:51 [meters] Hex input RMS -> E | 0.002    A | 0.002    D | 0.002    G | 0.002    B | 0.002    e | 0.002
2025-11-24 05:46:51 [meters] Hex input RMS -> E | 0.002    A | 0.002    D | 0.002    G | 0.002    B | 0.002    e | 0.002
2025-11-24 05:46:51 [meters] Hex input RMS -> E | 0.001    A | 0.001    D | 0.002    G | 0.001    B | 0.001    e | 0.001
2025-11-24 05:46:51 [meters] Hex input RMS -> E | 0.001    A | 0.001    D | 0.001    G | 0.001    B | 0.001    e | 0.001
2025-11-24 05:46:51 [meters] Hex input RMS -> E | 0.002    A | 0.002    D | 0.002    G | 0.002    B | 0.002    e | 0.002
2025-11-24 05:46:51 [meters] Hex input RMS -> E | 0.002    A | 0.002    D | 0.002    G | 0.002    B | 0.002    e | 0.002
2025-11-24 05:46:51 [meters] Hex input RMS -> E | 0.002    A | 0.002    D | 0.002    G | 0.002    B | 0.002    e | 0.002
2025-11-24 05:46:51 [meters] Hex input RMS -> E | 0.001    A | 0.001    D | 0.001    G | 0.001    B | 0.001    e | 0.001
2025-11-24 05:46:51 [meters] Hex input RMS -> E | 0.001    A | 0.001    D | 0.001    G | 0.001    B | 0.001    e | 0.001
2025-11-24 05:46:51 [meters] Hex input RMS -> E | 0.002    A | 0.002    D | 0.002    G | 0.002    B | 0.002    e | 0.002
2025-11-24 05:46:51 [meters] Hex input RMS -> E | 0.002    A | 0.002    D | 0.002    G | 0.002    B | 0.002    e | 0.002
2025-11-24 05:46:51 [meters] Hex input RMS -> E | 0.002    A | 0.002    D | 0.002    G | 0.002    B | 0.002    e | 0.002
2025-11-24 05:46:52 [meters] Hex input RMS -> E | 0.001    A | 0.001    D | 0.001    G | 0.001    B | 0.001    e | 0.001
2025-11-24 05:46:52 [meters] Hex input RMS -> E | 0.001    A | 0.001    D | 0.001    G | 0.001    B | 0.001    e | 0.001
2025-11-24 05:46:52 [meters] Hex input RMS -> E | 0.002    A | 0.002    D | 0.002    G | 0.002    B | 0.002    e | 0.002
2025-11-24 05:46:52 [meters] Hex input RMS -> E | 0.002    A | 0.002    D | 0.002    G | 0.002    B | 0.002    e | 0.002
2025-11-24 05:46:52 [meters] Hex input RMS -> E | 0.002    A | 0.001    D | 0.002    G | 0.002    B | 0.002    e | 0.001
2025-11-24 05:46:52 [meters] Hex input RMS -> E | 0.001    A | 0.001    D | 0.001    G | 0.001    B | 0.001    e | 0.001
2025-11-24 05:46:52 [meters] Hex input RMS -> E | 0.001    A | 0.001    D | 0.002    G | 0.001    B | 0.001    e | 0.001
2025-11-24 05:46:52 [meters] Hex input RMS -> E | 0.002    A | 0.002    D | 0.002    G | 0.002    B | 0.002    e | 0.002
2025-11-24 05:46:52 [meters] Hex input RMS -> E | 0.002    A | 0.002    D | 0.002    G | 0.002    B | 0.002    e | 0.002
2025-11-24 05:46:52 [meters] Hex input RMS -> E | 0.001    A | 0.001    D | 0.001    G | 0.001    B | 0.001    e | 0.001
2025-11-24 05:46:52 [meters] Hex input RMS -> E | 0.001    A | 0.001    D | 0.001    G | 0.001    B | 0.001    e | 0.001
2025-11-24 05:46:52 [meters] Hex input RMS -> E | 0.002    A | 0.002    D | 0.002    G | 0.002    B | 0.002    e | 0.002
2025-11-24 05:46:53 [meters] Hex input RMS -> E | 0.002    A | 0.002    D | 0.002    G | 0.002    B | 0.002    e | 0.002
2025-11-24 05:46:53 [meters] Hex input RMS -> E | 0.002    A | 0.002    D | 0.002    G | 0.002    B | 0.002    e | 0.002
2025-11-24 05:46:53 [meters] Hex input RMS -> E | 0.001    A | 0.001    D | 0.001    G | 0.001    B | 0.001    e | 0.001
2025-11-24 05:46:53 [meters] Hex input RMS -> E | 0.001    A | 0.001    D | 0.001    G | 0.001    B | 0.001    e | 0.001
2025-11-24 05:46:53 [meters] Hex input RMS -> E | 0.002    A | 0.002    D | 0.002    G | 0.002    B | 0.002    e | 0.002
2025-11-24 05:46:53 [meters] Hex input RMS -> E | 0.002    A | 0.002    D | 0.002    G | 0.002    B | 0.002    e | 0.002
2025-11-24 05:46:53 [meters] Hex input RMS -> E | 0.002    A | 0.002    D | 0.002    G | 0.002    B | 0.002    e | 0.002
2025-11-24 05:46:53 [meters] Hex input RMS -> E | 0.001    A | 0.001    D | 0.001    G | 0.001    B | 0.001    e | 0.001
2025-11-24 05:46:53 [meters] Hex input RMS -> E | 0.001    A | 0.001    D | 0.001    G | 0.001    B | 0.001    e | 0.001
2025-11-24 05:46:53 [meters] Hex input RMS -> E | 0.002    A | 0.002    D | 0.002    G | 0.002    B | 0.002    e | 0.002
2025-11-24 05:46:53 [meters] Hex input RMS -> E | 0.002    A | 0.002    D | 0.002    G | 0.002    B | 0.002    e | 0.002
2025-11-24 05:46:53 [meters] Hex input RMS -> E | 0.002    A | 0.002    D | 0.002    G | 0.002    B | 0.002    e | 0.001
2025-11-24 05:46:53 [meters] Hex input RMS -> E | 0.001    A | 0.001    D | 0.001    G | 0.001    B | 0.001    e | 0.001
2025-11-24 05:46:54 [meters] Hex input RMS -> E | 0.001    A | 0.001    D | 0.001    G | 0.001    B | 0.001    e | 0.001
2025-11-24 05:46:54 [meters] Hex input RMS -> E | 0.002    A | 0.002    D | 0.002    G | 0.002    B | 0.002    e | 0.002
2025-11-24 05:46:54 [meters] Hex input RMS -> E | 0.002    A | 0.002    D | 0.002    G | 0.002    B | 0.002    e | 0.002
2025-11-24 05:46:54 [meters] Hex input RMS -> E | 0.002    A | 0.002    D | 0.002    G | 0.002    B | 0.002    e | 0.002
2025-11-24 05:46:54 [meters] Hex input RMS -> E | 0.001    A | 0.001    D | 0.001    G | 0.001    B | 0.001    e | 0.001
2025-11-24 05:46:54 [meters] Hex input RMS -> E | 0.001    A | 0.001    D | 0.001    G | 0.001    B | 0.001    e | 0.001
2025-11-24 05:46:54 [meters] Hex input RMS -> E | 0.002    A | 0.002    D | 0.002    G | 0.002    B | 0.002    e | 0.002
2025-11-24 05:46:54 [meters] Hex input RMS -> E | 0.002    A | 0.002    D | 0.002    G | 0.002    B | 0.002    e | 0.002
2025-11-24 05:46:54 [meters] Hex input RMS -> E | 0.002    A | 0.002    D | 0.002    G | 0.001    B | 0.002    e | 0.001
2025-11-24 05:46:54 [meters] Hex input RMS -> E | 0.001    A | 0.001    D | 0.001    G | 0.001    B | 0.001    e | 0.001
2025-11-24 05:46:54 [meters] Hex input RMS -> E | 0.002    A | 0.001    D | 0.002    G | 0.001    B | 0.002    e | 0.001
2025-11-24 05:46:54 [meters] Hex input RMS -> E | 0.002    A | 0.002    D | 0.002    G | 0.002    B | 0.002    e | 0.002
2025-11-24 05:46:54 [meters] Hex input RMS -> E | 0.002    A | 0.002    D | 0.002    G | 0.002    B | 0.002    e | 0.002
2025-11-24 05:46:55 [meters] Hex input RMS -> E | 0.001    A | 0.001    D | 0.002    G | 0.001    B | 0.001    e | 0.001
2025-11-24 05:46:55 [meters] Hex input RMS -> E | 0.001    A | 0.001    D | 0.001    G | 0.001    B | 0.001    e | 0.001
2025-11-24 05:46:55 [meters] Hex input RMS -> E | 0.002    A | 0.002    D | 0.002    G | 0.002    B | 0.002    e | 0.002
2025-11-24 05:46:55 [test-mode] play session='live/test' position=0.00 duration=40.20
2025-11-24 05:46:55 [meters] Hex input RMS -> E | 0.002    A | 0.002    D | 0.002    G | 0.002    B | 0.002    e | 0.002
2025-11-24 05:46:55 [meters] Hex input RMS -> E | 0.002    A | 0.002    D | 0.002    G | 0.002    B | 0.002    e | 0.002
2025-11-24 05:46:55 [meters] Hex input RMS -> E | 0.001    A | 0.001    D | 0.001    G | 0.001    B | 0.001    e | 0.001
2025-11-24 05:46:55 [meters] Hex input RMS -> E | 0.001    A | 0.001    D | 0.001    G | 0.001    B | 0.001    e | 0.001
2025-11-24 05:46:55 [meters] Hex input RMS -> E | 0.002    A | 0.002    D | 0.002    G | 0.002    B | 0.002    e | 0.002
2025-11-24 05:46:55 [meters] Hex input RMS -> E | 0.002    A | 0.002    D | 0.002    G | 0.002    B | 0.002    e | 0.002
2025-11-24 05:46:55 [meters] Hex input RMS -> E | 0.002    A | 0.002    D | 0.002    G | 0.002    B | 0.002    e | 0.002
2025-11-24 05:46:55 [meters] Hex input RMS -> E | 0.001    A | 0.001    D | 0.001    G | 0.001    B | 0.001    e | 0.001
2025-11-24 05:46:55 [meters] Hex input RMS -> E | 0.001    A | 0.001    D | 0.001    G | 0.001    B | 0.001    e | 0.001
2025-11-24 05:46:56 [meters] Hex input RMS -> E | 0.002    A | 0.002    D | 0.002    G | 0.002    B | 0.002    e | 0.002
2025-11-24 05:46:56 [meters] Hex input RMS -> E | 0.002    A | 0.002    D | 0.002    G | 0.002    B | 0.002    e | 0.002
2025-11-24 05:46:56 [meters] Hex input RMS -> E | 0.002    A | 0.002    D | 0.002    G | 0.002    B | 0.002    e | 0.002
2025-11-24 05:46:56 [meters] Hex input RMS -> E | 0.001    A | 0.001    D | 0.001    G | 0.001    B | 0.001    e | 0.001
2025-11-24 05:46:56 [meters] Hex input RMS -> E | 0.001    A | 0.001    D | 0.002    G | 0.001    B | 0.001    e | 0.001
2025-11-24 05:46:56 [meters] Hex input RMS -> E | 0.002    A | 0.002    D | 0.002    G | 0.002    B | 0.002    e | 0.002
2025-11-24 05:46:56 [meters] Hex input RMS -> E | 0.002    A | 0.002    D | 0.002    G | 0.002    B | 0.002    e | 0.002
2025-11-24 05:46:56 [meters] Hex input RMS -> E | 0.001    A | 0.001    D | 0.002    G | 0.001    B | 0.001    e | 0.001
2025-11-24 05:46:56 [meters] Hex input RMS -> E | 0.001    A | 0.001    D | 0.001    G | 0.001    B | 0.001    e | 0.001
2025-11-24 05:46:56 [meters] Hex input RMS -> E | 0.002    A | 0.002    D | 0.002    G | 0.002    B | 0.002    e | 0.001
2025-11-24 05:46:56 [meters] Hex input RMS -> E | 0.002    A | 0.002    D | 0.002    G | 0.002    B | 0.002    e | 0.002
2025-11-24 05:46:56 [meters] Hex input RMS -> E | 0.002    A | 0.002    D | 0.002    G | 0.002    B | 0.002    e | 0.002
2025-11-24 05:46:56 [meters] Hex input RMS -> E | 0.001    A | 0.001    D | 0.001    G | 0.001    B | 0.001    e | 0.001
2025-11-24 05:46:57 [meters] Hex input RMS -> E | 0.001    A | 0.001    D | 0.001    G | 0.001    B | 0.001    e | 0.001
2025-11-24 05:46:57 [meters] Hex input RMS -> E | 0.002    A | 0.002    D | 0.002    G | 0.002    B | 0.002    e | 0.002
2025-11-24 05:46:57 [meters] Hex input RMS -> E | 0.002    A | 0.002    D | 0.002    G | 0.002    B | 0.002    e | 0.002
2025-11-24 05:46:57 [meters] Hex input RMS -> E | 0.002    A | 0.002    D | 0.002    G | 0.002    B | 0.002    e | 0.002
2025-11-24 05:46:57 [meters] Hex input RMS -> E | 0.001    A | 0.001    D | 0.001    G | 0.001    B | 0.001    e | 0.001
2025-11-24 05:46:57 [meters] Hex input RMS -> E | 0.001    A | 0.001    D | 0.001    G | 0.001    B | 0.001    e | 0.001
2025-11-24 05:46:57 [meters] Hex input RMS -> E | 0.002    A | 0.002    D | 0.002    G | 0.002    B | 0.002    e | 0.002
2025-11-24 05:46:57 [meters] Hex input RMS -> E | 0.002    A | 0.002    D | 0.002    G | 0.002    B | 0.002    e | 0.002
2025-11-24 05:46:57 [meters] Hex input RMS -> E | 0.002    A | 0.002    D | 0.002    G | 0.002    B | 0.002    e | 0.001
2025-11-24 05:46:57 [meters] Hex input RMS -> E | 0.001    A | 0.001    D | 0.001    G | 0.001    B | 0.001    e | 0.001
2025-11-24 05:46:57 [meters] Hex input RMS -> E | 0.001    A | 0.001    D | 0.001    G | 0.001    B | 0.001    e | 0.001
2025-11-24 05:46:57 [meters] Hex input RMS -> E | 0.002    A | 0.002    D | 0.002    G | 0.002    B | 0.002    e | 0.002
2025-11-24 05:46:58 [meters] Hex input RMS -> E | 0.002    A | 0.002    D | 0.002    G | 0.002    B | 0.002    e | 0.002
2025-11-24 05:46:58 [meters] Hex input RMS -> E | 0.002    A | 0.001    D | 0.002    G | 0.001    B | 0.002    e | 0.001
2025-11-24 05:46:58 [meters] Hex input RMS -> E | 0.001    A | 0.001    D | 0.001    G | 0.001    B | 0.001    e | 0.001
2025-11-24 05:46:58 [meters] Hex input RMS -> E | 0.002    A | 0.002    D | 0.002    G | 0.001    B | 0.002    e | 0.002
2025-11-24 05:46:58 [meters] Hex input RMS -> E | 0.002    A | 0.002    D | 0.002    G | 0.002    B | 0.002    e | 0.002
2025-11-24 05:46:58 [meters] Hex input RMS -> E | 0.002    A | 0.002    D | 0.002    G | 0.002    B | 0.002    e | 0.002
2025-11-24 05:46:58 [meters] Hex input RMS -> E | 0.001    A | 0.001    D | 0.001    G | 0.001    B | 0.001    e | 0.001
2025-11-24 05:46:58 [meters] Hex input RMS -> E | 0.001    A | 0.001    D | 0.001    G | 0.001    B | 0.001    e | 0.001
2025-11-24 05:46:58 [meters] Hex input RMS -> E | 0.002    A | 0.002    D | 0.002    G | 0.002    B | 0.002    e | 0.002
2025-11-24 05:46:58 [meters] Hex input RMS -> E | 0.002    A | 0.002    D | 0.002    G | 0.002    B | 0.002    e | 0.002
2025-11-24 05:46:58 [meters] Hex input RMS -> E | 0.002    A | 0.002    D | 0.002    G | 0.002    B | 0.002    e | 0.002
2025-11-24 05:46:58 [meters] Hex input RMS -> E | 0.001    A | 0.001    D | 0.001    G | 0.001    B | 0.001    e | 0.001
2025-11-24 05:46:58 [meters] Hex input RMS -> E | 0.001    A | 0.001    D | 0.001    G | 0.001    B | 0.001    e | 0.001
2025-11-24 05:46:59 [meters] Hex input RMS -> E | 0.002    A | 0.002    D | 0.002    G | 0.002    B | 0.002    e | 0.002
2025-11-24 05:46:59 [meters] Hex input RMS -> E | 0.002    A | 0.002    D | 0.002    G | 0.002    B | 0.002    e | 0.002
2025-11-24 05:46:59 [meters] Hex input RMS -> E | 0.002    A | 0.002    D | 0.002    G | 0.002    B | 0.001    e | 0.001
2025-11-24 05:46:59 [meters] Hex input RMS -> E | 0.001    A | 0.001    D | 0.001    G | 0.001    B | 0.001    e | 0.001
2025-11-24 05:46:59 [meters] Hex input RMS -> E | 0.001    A | 0.001    D | 0.002    G | 0.001    B | 0.001    e | 0.001
2025-11-24 05:46:59 [meters] Hex input RMS -> E | 0.002    A | 0.002    D | 0.002    G | 0.002    B | 0.002    e | 0.002
2025-11-24 05:46:59 [meters] Hex input RMS -> E | 0.002    A | 0.002    D | 0.002    G | 0.002    B | 0.002    e | 0.002
2025-11-24 05:46:59 [meters] Hex input RMS -> E | 0.002    A | 0.002    D | 0.002    G | 0.001    B | 0.001    e | 0.001
2025-11-24 05:46:59 [meters] Hex input RMS -> E | 0.001    A | 0.001    D | 0.001    G | 0.001    B | 0.001    e | 0.001
2025-11-24 05:46:59 [meters] Hex input RMS -> E | 0.002    A | 0.002    D | 0.002    G | 0.002    B | 0.002    e | 0.002
2025-11-24 05:46:59 [meters] Hex input RMS -> E | 0.002    A | 0.002    D | 0.002    G | 0.002    B | 0.002    e | 0.002
2025-11-24 05:46:59 [meters] Hex input RMS -> E | 0.002    A | 0.002    D | 0.002    G | 0.002    B | 0.002    e | 0.002
2025-11-24 05:47:00 [meters] Hex input RMS -> E | 0.001    A | 0.001    D | 0.001    G | 0.001    B | 0.001    e | 0.001
2025-11-24 05:47:00 [meters] Hex input RMS -> E | 0.001    A | 0.001    D | 0.001    G | 0.001    B | 0.001    e | 0.001
2025-11-24 05:47:00 [meters] Hex input RMS -> E | 0.002    A | 0.002    D | 0.002    G | 0.002    B | 0.002    e | 0.002
2025-11-24 05:47:00 [meters] Hex input RMS -> E | 0.002    A | 0.002    D | 0.002    G | 0.002    B | 0.002    e | 0.002
2025-11-24 05:47:00 [meters] Hex input RMS -> E | 0.002    A | 0.002    D | 0.002    G | 0.002    B | 0.002    e | 0.002
2025-11-24 05:47:00 [meters] Hex input RMS -> E | 0.001    A | 0.001    D | 0.001    G | 0.001    B | 0.001    e | 0.001
2025-11-24 05:47:00 [meters] Hex input RMS -> E | 0.001    A | 0.001    D | 0.001    G | 0.001    B | 0.001    e | 0.001
2025-11-24 05:47:00 [meters] Hex input RMS -> E | 0.002    A | 0.002    D | 0.002    G | 0.002    B | 0.002    e | 0.002
2025-11-24 05:47:00 [meters] Hex input RMS -> E | 0.002    A | 0.002    D | 0.002    G | 0.002    B | 0.002    e | 0.002
2025-11-24 05:47:00 [meters] Hex input RMS -> E | 0.002    A | 0.002    D | 0.002    G | 0.001    B | 0.002    e | 0.002
2025-11-24 05:47:00 [meters] Hex input RMS -> E | 0.001    A | 0.001    D | 0.001    G | 0.001    B | 0.001    e | 0.001
2025-11-24 05:47:00 [meters] Hex input RMS -> E | 0.001    A | 0.001    D | 0.001    G | 0.001    B | 0.001    e | 0.001
2025-11-24 05:47:00 [meters] Hex input RMS -> E | 0.002    A | 0.002    D | 0.002    G | 0.002    B | 0.002    e | 0.002
2025-11-24 05:47:01 [meters] Hex input RMS -> E | 0.002    A | 0.002    D | 0.002    G | 0.002    B | 0.002    e | 0.002
2025-11-24 05:47:01 [meters] Hex input RMS -> E | 0.002    A | 0.001    D | 0.002    G | 0.001    B | 0.001    e | 0.001
2025-11-24 05:47:01 [meters] Hex input RMS -> E | 0.001    A | 0.001    D | 0.001    G | 0.001    B | 0.001    e | 0.001
2025-11-24 05:47:01 [meters] Hex input RMS -> E | 0.002    A | 0.002    D | 0.002    G | 0.002    B | 0.002    e | 0.002
2025-11-24 05:47:01 [meters] Hex input RMS -> E | 0.002    A | 0.002    D | 0.002    G | 0.002    B | 0.002    e | 0.002
2025-11-24 05:47:01 [meters] Hex input RMS -> E | 0.002    A | 0.002    D | 0.002    G | 0.002    B | 0.002    e | 0.002
2025-11-24 05:47:01 [meters] Hex input RMS -> E | 0.001    A | 0.001    D | 0.001    G | 0.001    B | 0.001    e | 0.001
2025-11-24 05:47:01 [meters] Hex input RMS -> E | 0.001    A | 0.001    D | 0.001    G | 0.001    B | 0.001    e | 0.001
2025-11-24 05:47:01 [meters] Hex input RMS -> E | 0.002    A | 0.002    D | 0.002    G | 0.002    B | 0.002    e | 0.002
2025-11-24 05:47:01 [meters] Hex input RMS -> E | 0.002    A | 0.002    D | 0.002    G | 0.002    B | 0.002    e | 0.002
2025-11-24 05:47:01 [meters] Hex input RMS -> E | 0.002    A | 0.002    D | 0.002    G | 0.002    B | 0.002    e | 0.002
2025-11-24 05:47:01 [meters] Hex input RMS -> E | 0.001    A | 0.001    D | 0.001    G | 0.001    B | 0.001    e | 0.001
2025-11-24 05:47:02 [meters] Hex input RMS -> E | 0.001    A | 0.001    D | 0.001    G | 0.001    B | 0.001    e | 0.001
2025-11-24 05:47:02 [meters] Hex input RMS -> E | 0.002    A | 0.002    D | 0.002    G | 0.002    B | 0.002    e | 0.002
2025-11-24 05:47:02 [meters] Hex input RMS -> E | 0.002    A | 0.002    D | 0.002    G | 0.002    B | 0.002    e | 0.002
2025-11-24 05:47:02 [meters] Hex input RMS -> E | 0.002    A | 0.002    D | 0.002    G | 0.002    B | 0.002    e | 0.002
2025-11-24 05:47:02 [meters] Hex input RMS -> E | 0.001    A | 0.001    D | 0.001    G | 0.001    B | 0.001    e | 0.001
2025-11-24 05:47:02 [meters] Hex input RMS -> E | 0.001    A | 0.001    D | 0.001    G | 0.001    B | 0.001    e | 0.001
2025-11-24 05:47:02 [meters] Hex input RMS -> E | 0.002    A | 0.002    D | 0.002    G | 0.002    B | 0.002    e | 0.002
2025-11-24 05:47:02 [meters] Hex input RMS -> E | 0.002    A | 0.002    D | 0.002    G | 0.002    B | 0.002    e | 0.002
2025-11-24 05:47:02 [meters] Hex input RMS -> E | 0.002    A | 0.001    D | 0.002    G | 0.001    B | 0.001    e | 0.001
2025-11-24 05:47:02 [meters] Hex input RMS -> E | 0.001    A | 0.001    D | 0.001    G | 0.001    B | 0.001    e | 0.001
2025-11-24 05:47:02 [meters] Hex input RMS -> E | 0.002    A | 0.002    D | 0.002    G | 0.002    B | 0.001    e | 0.001
2025-11-24 05:47:02 [meters] Hex input RMS -> E | 0.002    A | 0.002    D | 0.002    G | 0.002    B | 0.002    e | 0.002
2025-11-24 05:47:02 [meters] Hex input RMS -> E | 0.002    A | 0.002    D | 0.002    G | 0.002    B | 0.002    e | 0.002
2025-11-24 05:47:03 [meters] Hex input RMS -> E | 0.001    A | 0.001    D | 0.001    G | 0.001    B | 0.001    e | 0.001
2025-11-24 05:47:03 [meters] Hex input RMS -> E | 0.001    A | 0.001    D | 0.001    G | 0.001    B | 0.001    e | 0.001
2025-11-24 05:47:03 [meters] Hex input RMS -> E | 0.002    A | 0.002    D | 0.002    G | 0.002    B | 0.002    e | 0.002
2025-11-24 05:47:03 [meters] Hex input RMS -> E | 0.002    A | 0.002    D | 0.002    G | 0.002    B | 0.002    e | 0.002
2025-11-24 05:47:03 [meters] Hex input RMS -> E | 0.002    A | 0.002    D | 0.002    G | 0.002    B | 0.002    e | 0.002
2025-11-24 05:47:03 [meters] Hex input RMS -> E | 0.001    A | 0.001    D | 0.001    G | 0.001    B | 0.001    e | 0.001
2025-11-24 05:47:03 [meters] Hex input RMS -> E | 0.001    A | 0.001    D | 0.001    G | 0.001    B | 0.001    e | 0.001
2025-11-24 05:47:03 [meters] Hex input RMS -> E | 0.002    A | 0.002    D | 0.002    G | 0.002    B | 0.002    e | 0.002
2025-11-24 05:47:03 [meters] Hex input RMS -> E | 0.002    A | 0.002    D | 0.002    G | 0.002    B | 0.002    e | 0.002
2025-11-24 05:47:03 [meters] Hex input RMS -> E | 0.002    A | 0.002    D | 0.002    G | 0.002    B | 0.002    e | 0.001
2025-11-24 05:47:03 [meters] Hex input RMS -> E | 0.001    A | 0.001    D | 0.001    G | 0.001    B | 0.001    e | 0.001
2025-11-24 05:47:03 [meters] Hex input RMS -> E | 0.001    A | 0.001    D | 0.002    G | 0.001    B | 0.001    e | 0.001
2025-11-24 05:47:04 [meters] Hex input RMS -> E | 0.002    A | 0.002    D | 0.002    G | 0.002    B | 0.002    e | 0.002
2025-11-24 05:47:04 [meters] Hex input RMS -> E | 0.002    A | 0.002    D | 0.002    G | 0.002    B | 0.002    e | 0.002
2025-11-24 05:47:04 [meters] Hex input RMS -> E | 0.002    A | 0.001    D | 0.002    G | 0.001    B | 0.001    e | 0.001
2025-11-24 05:47:04 [meters] Hex input RMS -> E | 0.001    A | 0.001    D | 0.001    G | 0.001    B | 0.001    e | 0.001
2025-11-24 05:47:04 [meters] Hex input RMS -> E | 0.002    A | 0.002    D | 0.002    G | 0.002    B | 0.002    e | 0.002
2025-11-24 05:47:04 [meters] Hex input RMS -> E | 0.002    A | 0.002    D | 0.002    G | 0.002    B | 0.002    e | 0.002
2025-11-24 05:47:04 [meters] Hex input RMS -> E | 0.002    A | 0.002    D | 0.002    G | 0.002    B | 0.002    e | 0.002
2025-11-24 05:47:04 [meters] Hex input RMS -> E | 0.001    A | 0.001    D | 0.001    G | 0.001    B | 0.001    e | 0.001
2025-11-24 05:47:04 [meters] Hex input RMS -> E | 0.001    A | 0.001    D | 0.001    G | 0.001    B | 0.001    e | 0.001
2025-11-24 05:47:04 [meters] Hex input RMS -> E | 0.002    A | 0.002    D | 0.002    G | 0.002    B | 0.002    e | 0.002
2025-11-24 05:47:04 [meters] Hex input RMS -> E | 0.002    A | 0.002    D | 0.002    G | 0.002    B | 0.002    e | 0.002
2025-11-24 05:47:04 [meters] Hex input RMS -> E | 0.002    A | 0.002    D | 0.002    G | 0.002    B | 0.002    e | 0.002
2025-11-24 05:47:04 [meters] Hex input RMS -> E | 0.001    A | 0.001    D | 0.001    G | 0.001    B | 0.001    e | 0.001
2025-11-24 05:47:05 [meters] Hex input RMS -> E | 0.001    A | 0.001    D | 0.001    G | 0.001    B | 0.001    e | 0.001
2025-11-24 05:47:05 [meters] Hex input RMS -> E | 0.002    A | 0.002    D | 0.002    G | 0.002    B | 0.002    e | 0.002
2025-11-24 05:47:05 [meters] Hex input RMS -> E | 0.002    A | 0.002    D | 0.002    G | 0.002    B | 0.002    e | 0.002
2025-11-24 05:47:05 [meters] Hex input RMS -> E | 0.002    A | 0.002    D | 0.002    G | 0.002    B | 0.002    e | 0.002
2025-11-24 05:47:05 [meters] Hex input RMS -> E | 0.001    A | 0.001    D | 0.001    G | 0.001    B | 0.001    e | 0.001
2025-11-24 05:47:05 [meters] Hex input RMS -> E | 0.001    A | 0.001    D | 0.001    G | 0.001    B | 0.001    e | 0.001
2025-11-24 05:47:05 [meters] Hex input RMS -> E | 0.002    A | 0.002    D | 0.002    G | 0.002    B | 0.002    e | 0.002
2025-11-24 05:47:05 [meters] Hex input RMS -> E | 0.002    A | 0.002    D | 0.002    G | 0.002    B | 0.002    e | 0.002
2025-11-24 05:47:05 [meters] Hex input RMS -> E | 0.002    A | 0.001    D | 0.002    G | 0.001    B | 0.001    e | 0.001
2025-11-24 05:47:05 [meters] Hex input RMS -> E | 0.001    A | 0.001    D | 0.001    G | 0.001    B | 0.001    e | 0.001
2025-11-24 05:47:05 [meters] Hex input RMS -> E | 0.002    A | 0.002    D | 0.001    G | 0.002    B | 0.002    e | 0.001
2025-11-24 05:47:05 [meters] Hex input RMS -> E | 0.002    A | 0.002    D | 0.002    G | 0.002    B | 0.002    e | 0.002
2025-11-24 05:47:06 [meters] Hex input RMS -> E | 0.002    A | 0.002    D | 0.002    G | 0.002    B | 0.002    e | 0.002
2025-11-24 05:47:06 [meters] Hex input RMS -> E | 0.001    A | 0.001    D | 0.001    G | 0.001    B | 0.001    e | 0.001
2025-11-24 05:47:06 [meters] Hex input RMS -> E | 0.001    A | 0.001    D | 0.001    G | 0.001    B | 0.001    e | 0.001
2025-11-24 05:47:06 [meters] Hex input RMS -> E | 0.002    A | 0.002    D | 0.002    G | 0.002    B | 0.002    e | 0.002
2025-11-24 05:47:06 [meters] Hex input RMS -> E | 0.002    A | 0.002    D | 0.002    G | 0.002    B | 0.002    e | 0.002
2025-11-24 05:47:06 [meters] Hex input RMS -> E | 0.002    A | 0.002    D | 0.002    G | 0.002    B | 0.002    e | 0.002
2025-11-24 05:47:06 [meters] Hex input RMS -> E | 0.001    A | 0.001    D | 0.001    G | 0.001    B | 0.001    e | 0.001
2025-11-24 05:47:06 [meters] Hex input RMS -> E | 0.001    A | 0.001    D | 0.001    G | 0.001    B | 0.001    e | 0.001
2025-11-24 05:47:06 [meters] Hex input RMS -> E | 0.002    A | 0.002    D | 0.002    G | 0.002    B | 0.002    e | 0.002
2025-11-24 05:47:06 [meters] Hex input RMS -> E | 0.002    A | 0.002    D | 0.002    G | 0.002    B | 0.002    e | 0.002
2025-11-24 05:47:06 [meters] Hex input RMS -> E | 0.002    A | 0.002    D | 0.002    G | 0.002    B | 0.002    e | 0.001
2025-11-24 05:47:06 [meters] Hex input RMS -> E | 0.001    A | 0.001    D | 0.001    G | 0.001    B | 0.001    e | 0.001
2025-11-24 05:47:06 [meters] Hex input RMS -> E | 0.001    A | 0.001    D | 0.001    G | 0.001    B | 0.001    e | 0.001
2025-11-24 05:47:07 [meters] Hex input RMS -> E | 0.002    A | 0.002    D | 0.002    G | 0.002    B | 0.002    e | 0.002
2025-11-24 05:47:07 [meters] Hex input RMS -> E | 0.002    A | 0.002    D | 0.002    G | 0.002    B | 0.002    e | 0.002
2025-11-24 05:47:07 [meters] Hex input RMS -> E | 0.002    A | 0.001    D | 0.002    G | 0.001    B | 0.002    e | 0.001
2025-11-24 05:47:07 [meters] Hex input RMS -> E | 0.001    A | 0.001    D | 0.001    G | 0.001    B | 0.001    e | 0.001
2025-11-24 05:47:07 [meters] Hex input RMS -> E | 0.002    A | 0.002    D | 0.001    G | 0.001    B | 0.002    e | 0.001
2025-11-24 05:47:07 [meters] Hex input RMS -> E | 0.002    A | 0.002    D | 0.002    G | 0.002    B | 0.002    e | 0.002
2025-11-24 05:47:07 [meters] Hex input RMS -> E | 0.002    A | 0.002    D | 0.002    G | 0.002    B | 0.002    e | 0.002
2025-11-24 05:47:07 [meters] Hex input RMS -> E | 0.001    A | 0.001    D | 0.001    G | 0.001    B | 0.001    e | 0.001
2025-11-24 05:47:07 [meters] Hex input RMS -> E | 0.001    A | 0.001    D | 0.001    G | 0.001    B | 0.001    e | 0.001
2025-11-24 05:47:07 [meters] Hex input RMS -> E | 0.002    A | 0.002    D | 0.002    G | 0.002    B | 0.002    e | 0.002
2025-11-24 05:47:07 [meters] Hex input RMS -> E | 0.002    A | 0.002    D | 0.002    G | 0.002    B | 0.002    e | 0.002
2025-11-24 05:47:07 [meters] Hex input RMS -> E | 0.002    A | 0.002    D | 0.002    G | 0.002    B | 0.002    e | 0.002
2025-11-24 05:47:08 [meters] Hex input RMS -> E | 0.001    A | 0.001    D | 0.001    G | 0.001    B | 0.001    e | 0.001
2025-11-24 05:47:08 [meters] Hex input RMS -> E | 0.001    A | 0.001    D | 0.001    G | 0.001    B | 0.001    e | 0.001
2025-11-24 05:47:08 [meters] Hex input RMS -> E | 0.002    A | 0.002    D | 0.002    G | 0.002    B | 0.002    e | 0.002
2025-11-24 05:47:08 [meters] Hex input RMS -> E | 0.002    A | 0.002    D | 0.002    G | 0.002    B | 0.002    e | 0.002
2025-11-24 05:47:08 [meters] Hex input RMS -> E | 0.002    A | 0.002    D | 0.002    G | 0.001    B | 0.002    e | 0.001
2025-11-24 05:47:08 [meters] Hex input RMS -> E | 0.001    A | 0.001    D | 0.001    G | 0.001    B | 0.001    e | 0.001
2025-11-24 05:47:08 [meters] Hex input RMS -> E | 0.001    A | 0.001    D | 0.002    G | 0.001    B | 0.001    e | 0.001
2025-11-24 05:47:08 [meters] Hex input RMS -> E | 0.002    A | 0.002    D | 0.002    G | 0.002    B | 0.002    e | 0.002
2025-11-24 05:47:08 [meters] Hex input RMS -> E | 0.002    A | 0.002    D | 0.002    G | 0.002    B | 0.002    e | 0.002
2025-11-24 05:47:08 [meters] Hex input RMS -> E | 0.002    A | 0.002    D | 0.002    G | 0.002    B | 0.001    e | 0.001
2025-11-24 05:47:08 [meters] Hex input RMS -> E | 0.001    A | 0.001    D | 0.001    G | 0.001    B | 0.001    e | 0.001
2025-11-24 05:47:08 [meters] Hex input RMS -> E | 0.002    A | 0.002    D | 0.002    G | 0.002    B | 0.002    e | 0.002
2025-11-24 05:47:08 [meters] Hex input RMS -> E | 0.002    A | 0.002    D | 0.002    G | 0.002    B | 0.002    e | 0.002
2025-11-24 05:47:09 [meters] Hex input RMS -> E | 0.002    A | 0.002    D | 0.002    G | 0.002    B | 0.002    e | 0.002
2025-11-24 05:47:09 [meters] Hex input RMS -> E | 0.001    A | 0.001    D | 0.002    G | 0.001    B | 0.001    e | 0.001
2025-11-24 05:47:09 [meters] Hex input RMS -> E | 0.001    A | 0.001    D | 0.001    G | 0.001    B | 0.001    e | 0.001
2025-11-24 05:47:09 [meters] Hex input RMS -> E | 0.002    A | 0.002    D | 0.002    G | 0.002    B | 0.002    e | 0.002
2025-11-24 05:47:09 [meters] Hex input RMS -> E | 0.002    A | 0.002    D | 0.002    G | 0.002    B | 0.002    e | 0.002
2025-11-24 05:47:09 [meters] Hex input RMS -> E | 0.002    A | 0.002    D | 0.002    G | 0.002    B | 0.002    e | 0.002
2025-11-24 05:47:09 [meters] Hex input RMS -> E | 0.001    A | 0.001    D | 0.001    G | 0.001    B | 0.001    e | 0.001
2025-11-24 05:47:09 [meters] Hex input RMS -> E | 0.001    A | 0.001    D | 0.001    G | 0.001    B | 0.001    e | 0.001
2025-11-24 05:47:09 [meters] Hex input RMS -> E | 0.002    A | 0.002    D | 0.002    G | 0.002    B | 0.002    e | 0.002
2025-11-24 05:47:09 [meters] Hex input RMS -> E | 0.002    A | 0.002    D | 0.002    G | 0.002    B | 0.002    e | 0.002
2025-11-24 05:47:09 [meters] Hex input RMS -> E | 0.002    A | 0.002    D | 0.002    G | 0.002    B | 0.002    e | 0.002
2025-11-24 05:47:09 [meters] Hex input RMS -> E | 0.001    A | 0.001    D | 0.001    G | 0.001    B | 0.001    e | 0.001
2025-11-24 05:47:10 [meters] Hex input RMS -> E | 0.001    A | 0.001    D | 0.001    G | 0.001    B | 0.001    e | 0.001
2025-11-24 05:47:10 [meters] Hex input RMS -> E | 0.002    A | 0.002    D | 0.002    G | 0.002    B | 0.002    e | 0.002
2025-11-24 05:47:10 [meters] Hex input RMS -> E | 0.002    A | 0.002    D | 0.002    G | 0.002    B | 0.002    e | 0.002
2025-11-24 05:47:10 [meters] Hex input RMS -> E | 0.002    A | 0.001    D | 0.002    G | 0.001    B | 0.002    e | 0.001
2025-11-24 05:47:10 [meters] Hex input RMS -> E | 0.001    A | 0.001    D | 0.001    G | 0.001    B | 0.001    e | 0.001
2025-11-24 05:47:10 [meters] Hex input RMS -> E | 0.002    A | 0.002    D | 0.002    G | 0.002    B | 0.001    e | 0.001
2025-11-24 05:47:10 [meters] Hex input RMS -> E | 0.002    A | 0.002    D | 0.002    G | 0.002    B | 0.002    e | 0.002
2025-11-24 05:47:10 [meters] Hex input RMS -> E | 0.002    A | 0.002    D | 0.002    G | 0.002    B | 0.002    e | 0.002
2025-11-24 05:47:10 [meters] Hex input RMS -> E | 0.001    A | 0.001    D | 0.001    G | 0.001    B | 0.001    e | 0.001
2025-11-24 05:47:10 [meters] Hex input RMS -> E | 0.001    A | 0.001    D | 0.001    G | 0.001    B | 0.001    e | 0.001
2025-11-24 05:47:10 [meters] Hex input RMS -> E | 0.002    A | 0.002    D | 0.002    G | 0.002    B | 0.002    e | 0.002
2025-11-24 05:47:10 [meters] Hex input RMS -> E | 0.002    A | 0.002    D | 0.002    G | 0.002    B | 0.002    e | 0.002
2025-11-24 05:47:10 [meters] Hex input RMS -> E | 0.002    A | 0.002    D | 0.002    G | 0.002    B | 0.002    e | 0.002
2025-11-24 05:47:11 [meters] Hex input RMS -> E | 0.001    A | 0.001    D | 0.001    G | 0.001    B | 0.001    e | 0.001
2025-11-24 05:47:11 [meters] Hex input RMS -> E | 0.001    A | 0.001    D | 0.001    G | 0.001    B | 0.001    e | 0.001
2025-11-24 05:47:11 [meters] Hex input RMS -> E | 0.002    A | 0.002    D | 0.002    G | 0.002    B | 0.002    e | 0.002
2025-11-24 05:47:11 [meters] Hex input RMS -> E | 0.002    A | 0.002    D | 0.002    G | 0.002    B | 0.002    e | 0.002
2025-11-24 05:47:11 [meters] Hex input RMS -> E | 0.002    A | 0.002    D | 0.002    G | 0.002    B | 0.002    e | 0.002
2025-11-24 05:47:11 [meters] Hex input RMS -> E | 0.001    A | 0.001    D | 0.001    G | 0.001    B | 0.001    e | 0.001
2025-11-24 05:47:11 [meters] Hex input RMS -> E | 0.001    A | 0.001    D | 0.001    G | 0.001    B | 0.001    e | 0.001
2025-11-24 05:47:11 [meters] Hex input RMS -> E | 0.002    A | 0.002    D | 0.002    G | 0.002    B | 0.002    e | 0.002
2025-11-24 05:47:11 [meters] Hex input RMS -> E | 0.002    A | 0.002    D | 0.002    G | 0.002    B | 0.002    e | 0.002
2025-11-24 05:47:11 [meters] Hex input RMS -> E | 0.002    A | 0.001    D | 0.002    G | 0.001    B | 0.001    e | 0.002
2025-11-24 05:47:11 [meters] Hex input RMS -> E | 0.001    A | 0.001    D | 0.001    G | 0.001    B | 0.001    e | 0.001
2025-11-24 05:47:11 [meters] Hex input RMS -> E | 0.002    A | 0.002    D | 0.002    G | 0.001    B | 0.001    e | 0.001
2025-11-24 05:47:12 [meters] Hex input RMS -> E | 0.002    A | 0.002    D | 0.002    G | 0.002    B | 0.002    e | 0.002
2025-11-24 05:47:12 [meters] Hex input RMS -> E | 0.002    A | 0.002    D | 0.002    G | 0.002    B | 0.002    e | 0.002
2025-11-24 05:47:12 [meters] Hex input RMS -> E | 0.002    A | 0.001    D | 0.001    G | 0.001    B | 0.001    e | 0.001
2025-11-24 05:47:12 [meters] Hex input RMS -> E | 0.001    A | 0.001    D | 0.001    G | 0.001    B | 0.001    e | 0.001
2025-11-24 05:47:12 [meters] Hex input RMS -> E | 0.002    A | 0.002    D | 0.002    G | 0.002    B | 0.002    e | 0.002
2025-11-24 05:47:12 [meters] Hex input RMS -> E | 0.002    A | 0.002    D | 0.002    G | 0.002    B | 0.002    e | 0.002
2025-11-24 05:47:12 [meters] Hex input RMS -> E | 0.002    A | 0.002    D | 0.002    G | 0.002    B | 0.002    e | 0.002
2025-11-24 05:47:12 [meters] Hex input RMS -> E | 0.002    A | 0.001    D | 0.001    G | 0.001    B | 0.001    e | 0.001
2025-11-24 05:47:12 [meters] Hex input RMS -> E | 0.001    A | 0.001    D | 0.001    G | 0.001    B | 0.001    e | 0.001
2025-11-24 05:47:12 [meters] Hex input RMS -> E | 0.002    A | 0.002    D | 0.002    G | 0.002    B | 0.002    e | 0.002
2025-11-24 05:47:12 [meters] Hex input RMS -> E | 0.002    A | 0.002    D | 0.002    G | 0.002    B | 0.002    e | 0.002
2025-11-24 05:47:12 [meters] Hex input RMS -> E | 0.002    A | 0.002    D | 0.002    G | 0.002    B | 0.002    e | 0.002
2025-11-24 05:47:12 [meters] Hex input RMS -> E | 0.001    A | 0.001    D | 0.002    G | 0.001    B | 0.001    e | 0.001
2025-11-24 05:47:13 [meters] Hex input RMS -> E | 0.001    A | 0.001    D | 0.001    G | 0.001    B | 0.002    e | 0.001
2025-11-24 05:47:13 [meters] Hex input RMS -> E | 0.002    A | 0.002    D | 0.002    G | 0.002    B | 0.002    e | 0.002
2025-11-24 05:47:13 [meters] Hex input RMS -> E | 0.002    A | 0.002    D | 0.002    G | 0.002    B | 0.002    e | 0.002
2025-11-24 05:47:13 [meters] Hex input RMS -> E | 0.002    A | 0.002    D | 0.002    G | 0.001    B | 0.002    e | 0.002
2025-11-24 05:47:13 [meters] Hex input RMS -> E | 0.001    A | 0.001    D | 0.001    G | 0.001    B | 0.002    e | 0.001
2025-11-24 05:47:13 [meters] Hex input RMS -> E | 0.001    A | 0.002    D | 0.002    G | 0.002    B | 0.002    e | 0.001
2025-11-24 05:47:13 [meters] Hex input RMS -> E | 0.002    A | 0.002    D | 0.002    G | 0.002    B | 0.002    e | 0.002
2025-11-24 05:47:13 [meters] Hex input RMS -> E | 0.002    A | 0.002    D | 0.002    G | 0.002    B | 0.002    e | 0.002
2025-11-24 05:47:13 [meters] Hex input RMS -> E | 0.001    A | 0.001    D | 0.002    G | 0.001    B | 0.002    e | 0.001
2025-11-24 05:47:13 [meters] Hex input RMS -> E | 0.001    A | 0.001    D | 0.001    G | 0.001    B | 0.001    e | 0.001
2025-11-24 05:47:13 [meters] Hex input RMS -> E | 0.002    A | 0.002    D | 0.002    G | 0.002    B | 0.002    e | 0.002
2025-11-24 05:47:13 [meters] Hex input RMS -> E | 0.002    A | 0.002    D | 0.002    G | 0.002    B | 0.002    e | 0.002
2025-11-24 05:47:14 [meters] Hex input RMS -> E | 0.002    A | 0.002    D | 0.002    G | 0.002    B | 0.002    e | 0.002
2025-11-24 05:47:14 [meters] Hex input RMS -> E | 0.001    A | 0.001    D | 0.001    G | 0.001    B | 0.001    e | 0.001
2025-11-24 05:47:14 [meters] Hex input RMS -> E | 0.001    A | 0.001    D | 0.001    G | 0.001    B | 0.001    e | 0.001
2025-11-24 05:47:14 [meters] Hex input RMS -> E | 0.002    A | 0.002    D | 0.002    G | 0.002    B | 0.002    e | 0.002
2025-11-24 05:47:14 [meters] Hex input RMS -> E | 0.002    A | 0.002    D | 0.002    G | 0.002    B | 0.002    e | 0.002
2025-11-24 05:47:14 [meters] Hex input RMS -> E | 0.002    A | 0.002    D | 0.002    G | 0.002    B | 0.002    e | 0.002
2025-11-24 05:47:14 [meters] Hex input RMS -> E | 0.002    A | 0.002    D | 0.001    G | 0.001    B | 0.001    e | 0.001
2025-11-24 05:47:14 [meters] Hex input RMS -> E | 0.002    A | 0.002    D | 0.001    G | 0.001    B | 0.001    e | 0.001
2025-11-24 05:47:14 [meters] Hex input RMS -> E | 0.002    A | 0.002    D | 0.002    G | 0.002    B | 0.002    e | 0.002
2025-11-24 05:47:14 [meters] Hex input RMS -> E | 0.002    A | 0.002    D | 0.002    G | 0.002    B | 0.002    e | 0.002
2025-11-24 05:47:14 [meters] Hex input RMS -> E | 0.002    A | 0.002    D | 0.002    G | 0.001    B | 0.002    e | 0.001
2025-11-24 05:47:14 [meters] Hex input RMS -> E | 0.001    A | 0.001    D | 0.001    G | 0.003    B | 0.006    e | 0.001
2025-11-24 05:47:14 [meters] Hex input RMS -> E | 0.002    A | 0.002    D | 0.001    G | 0.002    B | 0.002    e | 0.001
2025-11-24 05:47:15 [meters] Hex input RMS -> E | 0.002    A | 0.002    D | 0.002    G | 0.002    B | 0.005    e | 0.002
2025-11-24 05:47:15 [meters] Hex input RMS -> E | 0.002    A | 0.002    D | 0.002    G | 0.002    B | 0.005    e | 0.002
2025-11-24 05:47:15 [meters] Hex input RMS -> E | 0.001    A | 0.001    D | 0.002    G | 0.001    B | 0.005    e | 0.001
2025-11-24 05:47:15 [meters] Hex input RMS -> E | 0.001    A | 0.001    D | 0.001    G | 0.001    B | 0.004    e | 0.001
2025-11-24 05:47:15 [meters] Hex input RMS -> E | 0.002    A | 0.002    D | 0.002    G | 0.002    B | 0.004    e | 0.002
2025-11-24 05:47:15 [meters] Hex input RMS -> E | 0.002    A | 0.002    D | 0.002    G | 0.002    B | 0.004    e | 0.002
2025-11-24 05:47:15 [meters] Hex input RMS -> E | 0.002    A | 0.002    D | 0.002    G | 0.002    B | 0.003    e | 0.002
2025-11-24 05:47:15 [meters] Hex input RMS -> E | 0.001    A | 0.001    D | 0.001    G | 0.001    B | 0.003    e | 0.001
2025-11-24 05:47:15 [meters] Hex input RMS -> E | 0.001    A | 0.001    D | 0.001    G | 0.001    B | 0.003    e | 0.001
2025-11-24 05:47:15 [meters] Hex input RMS -> E | 0.002    A | 0.002    D | 0.002    G | 0.002    B | 0.003    e | 0.002
2025-11-24 05:47:15 [meters] Hex input RMS -> E | 0.002    A | 0.002    D | 0.002    G | 0.002    B | 0.003    e | 0.002
2025-11-24 05:47:15 [meters] Hex input RMS -> E | 0.002    A | 0.002    D | 0.002    G | 0.002    B | 0.003    e | 0.001
2025-11-24 05:47:16 [meters] Hex input RMS -> E | 0.001    A | 0.001    D | 0.001    G | 0.001    B | 0.003    e | 0.001
2025-11-24 05:47:16 [meters] Hex input RMS -> E | 0.001    A | 0.001    D | 0.001    G | 0.001    B | 0.003    e | 0.001
2025-11-24 05:47:16 [meters] Hex input RMS -> E | 0.002    A | 0.002    D | 0.002    G | 0.002    B | 0.003    e | 0.002
2025-11-24 05:47:16 [meters] Hex input RMS -> E | 0.002    A | 0.002    D | 0.002    G | 0.002    B | 0.003    e | 0.002
2025-11-24 05:47:16 [meters] Hex input RMS -> E | 0.002    A | 0.002    D | 0.002    G | 0.002    B | 0.002    e | 0.001
2025-11-24 05:47:16 [meters] Hex input RMS -> E | 0.001    A | 0.001    D | 0.001    G | 0.001    B | 0.003    e | 0.001
2025-11-24 05:47:16 [meters] Hex input RMS -> E | 0.001    A | 0.001    D | 0.002    G | 0.002    B | 0.002    e | 0.001
2025-11-24 05:47:16 [meters] Hex input RMS -> E | 0.002    A | 0.002    D | 0.002    G | 0.002    B | 0.002    e | 0.002
2025-11-24 05:47:16 [meters] Hex input RMS -> E | 0.002    A | 0.002    D | 0.002    G | 0.002    B | 0.002    e | 0.002
2025-11-24 05:47:16 [meters] Hex input RMS -> E | 0.001    A | 0.001    D | 0.001    G | 0.001    B | 0.002    e | 0.001
2025-11-24 05:47:16 [meters] Hex input RMS -> E | 0.001    A | 0.001    D | 0.001    G | 0.001    B | 0.002    e | 0.001
2025-11-24 05:47:16 [meters] Hex input RMS -> E | 0.002    A | 0.002    D | 0.002    G | 0.002    B | 0.002    e | 0.002
2025-11-24 05:47:16 [meters] Hex input RMS -> E | 0.002    A | 0.002    D | 0.002    G | 0.002    B | 0.002    e | 0.002
2025-11-24 05:47:17 [meters] Hex input RMS -> E | 0.002    A | 0.002    D | 0.002    G | 0.002    B | 0.002    e | 0.002
2025-11-24 05:47:17 [meters] Hex input RMS -> E | 0.001    A | 0.001    D | 0.001    G | 0.001    B | 0.002    e | 0.001
2025-11-24 05:47:17 [meters] Hex input RMS -> E | 0.001    A | 0.001    D | 0.001    G | 0.001    B | 0.002    e | 0.001
2025-11-24 05:47:17 [meters] Hex input RMS -> E | 0.002    A | 0.002    D | 0.002    G | 0.002    B | 0.002    e | 0.002
2025-11-24 05:47:17 [meters] Hex input RMS -> E | 0.002    A | 0.002    D | 0.002    G | 0.002    B | 0.002    e | 0.002
2025-11-24 05:47:17 [meters] Hex input RMS -> E | 0.002    A | 0.002    D | 0.002    G | 0.002    B | 0.002    e | 0.002
2025-11-24 05:47:17 [meters] Hex input RMS -> E | 0.001    A | 0.001    D | 0.001    G | 0.001    B | 0.002    e | 0.001
2025-11-24 05:47:17 [meters] Hex input RMS -> E | 0.001    A | 0.001    D | 0.001    G | 0.001    B | 0.002    e | 0.001
2025-11-24 05:47:17 [meters] Hex input RMS -> E | 0.002    A | 0.002    D | 0.002    G | 0.002    B | 0.002    e | 0.002
2025-11-24 05:47:17 [meters] Hex input RMS -> E | 0.002    A | 0.002    D | 0.002    G | 0.002    B | 0.002    e | 0.002
2025-11-24 05:47:17 [meters] Hex input RMS -> E | 0.002    A | 0.002    D | 0.002    G | 0.001    B | 0.002    e | 0.001
2025-11-24 05:47:17 [meters] Hex input RMS -> E | 0.001    A | 0.001    D | 0.001    G | 0.001    B | 0.001    e | 0.001
2025-11-24 05:47:18 [meters] Hex input RMS -> E | 0.001    A | 0.001    D | 0.001    G | 0.001    B | 0.002    e | 0.001
2025-11-24 05:47:18 [meters] Hex input RMS -> E | 0.002    A | 0.002    D | 0.002    G | 0.002    B | 0.002    e | 0.002
2025-11-24 05:47:18 [meters] Hex input RMS -> E | 0.002    A | 0.002    D | 0.002    G | 0.002    B | 0.002    e | 0.002
2025-11-24 05:47:18 [meters] Hex input RMS -> E | 0.001    A | 0.001    D | 0.002    G | 0.001    B | 0.001    e | 0.001
2025-11-24 05:47:18 [meters] Hex input RMS -> E | 0.001    A | 0.001    D | 0.001    G | 0.001    B | 0.001    e | 0.001
2025-11-24 05:47:18 [meters] Hex input RMS -> E | 0.002    A | 0.002    D | 0.002    G | 0.002    B | 0.002    e | 0.002
2025-11-24 05:47:18 [meters] Hex input RMS -> E | 0.002    A | 0.002    D | 0.002    G | 0.002    B | 0.002    e | 0.002
2025-11-24 05:47:18 [meters] Hex input RMS -> E | 0.002    A | 0.002    D | 0.002    G | 0.002    B | 0.002    e | 0.002
2025-11-24 05:47:18 [meters] Hex input RMS -> E | 0.001    A | 0.001    D | 0.001    G | 0.001    B | 0.001    e | 0.001
2025-11-24 05:47:18 [meters] Hex input RMS -> E | 0.001    A | 0.001    D | 0.001    G | 0.001    B | 0.001    e | 0.001
2025-11-24 05:47:18 [meters] Hex input RMS -> E | 0.002    A | 0.002    D | 0.002    G | 0.002    B | 0.002    e | 0.002
2025-11-24 05:47:18 [meters] Hex input RMS -> E | 0.002    A | 0.002    D | 0.002    G | 0.002    B | 0.002    e | 0.002
2025-11-24 05:47:18 [meters] Hex input RMS -> E | 0.002    A | 0.002    D | 0.002    G | 0.002    B | 0.002    e | 0.001
2025-11-24 05:47:19 [meters] Hex input RMS -> E | 0.001    A | 0.001    D | 0.001    G | 0.001    B | 0.001    e | 0.001
2025-11-24 05:47:19 [meters] Hex input RMS -> E | 0.001    A | 0.001    D | 0.001    G | 0.001    B | 0.001    e | 0.001
2025-11-24 05:47:19 [meters] Hex input RMS -> E | 0.002    A | 0.002    D | 0.002    G | 0.002    B | 0.002    e | 0.002
2025-11-24 05:47:19 [meters] Hex input RMS -> E | 0.002    A | 0.002    D | 0.002    G | 0.002    B | 0.002    e | 0.002
2025-11-24 05:47:19 [meters] Hex input RMS -> E | 0.002    A | 0.002    D | 0.002    G | 0.001    B | 0.002    e | 0.001
2025-11-24 05:47:19 [meters] Hex input RMS -> E | 0.001    A | 0.001    D | 0.001    G | 0.001    B | 0.001    e | 0.001
2025-11-24 05:47:19 [meters] Hex input RMS -> E | 0.002    A | 0.001    D | 0.002    G | 0.001    B | 0.001    e | 0.001
2025-11-24 05:47:19 [meters] Hex input RMS -> E | 0.002    A | 0.002    D | 0.002    G | 0.002    B | 0.002    e | 0.002
2025-11-24 05:47:19 [meters] Hex input RMS -> E | 0.002    A | 0.002    D | 0.002    G | 0.002    B | 0.002    e | 0.002
2025-11-24 05:47:19 [meters] Hex input RMS -> E | 0.001    A | 0.001    D | 0.001    G | 0.001    B | 0.001    e | 0.001
2025-11-24 05:47:19 [meters] Hex input RMS -> E | 0.001    A | 0.001    D | 0.001    G | 0.001    B | 0.001    e | 0.001
2025-11-24 05:47:19 [meters] Hex input RMS -> E | 0.002    A | 0.002    D | 0.002    G | 0.002    B | 0.002    e | 0.002
2025-11-24 05:47:20 [meters] Hex input RMS -> E | 0.002    A | 0.002    D | 0.002    G | 0.002    B | 0.002    e | 0.002
2025-11-24 05:47:20 [meters] Hex input RMS -> E | 0.002    A | 0.002    D | 0.002    G | 0.002    B | 0.002    e | 0.002
2025-11-24 05:47:20 [meters] Hex input RMS -> E | 0.001    A | 0.001    D | 0.001    G | 0.001    B | 0.001    e | 0.001
2025-11-24 05:47:20 [meters] Hex input RMS -> E | 0.001    A | 0.001    D | 0.001    G | 0.001    B | 0.001    e | 0.001
2025-11-24 05:47:20 [meters] Hex input RMS -> E | 0.002    A | 0.002    D | 0.002    G | 0.002    B | 0.002    e | 0.002
2025-11-24 05:47:20 [meters] Hex input RMS -> E | 0.002    A | 0.002    D | 0.002    G | 0.002    B | 0.002    e | 0.002
2025-11-24 05:47:20 [meters] Hex input RMS -> E | 0.002    A | 0.002    D | 0.002    G | 0.002    B | 0.002    e | 0.002
2025-11-24 05:47:20 [meters] Hex input RMS -> E | 0.001    A | 0.001    D | 0.001    G | 0.001    B | 0.001    e | 0.001
2025-11-24 05:47:20 [meters] Hex input RMS -> E | 0.001    A | 0.001    D | 0.001    G | 0.001    B | 0.001    e | 0.001
2025-11-24 05:47:20 [meters] Hex input RMS -> E | 0.002    A | 0.002    D | 0.002    G | 0.002    B | 0.002    e | 0.002
2025-11-24 05:47:20 [meters] Hex input RMS -> E | 0.002    A | 0.002    D | 0.002    G | 0.002    B | 0.002    e | 0.002
2025-11-24 05:47:20 [meters] Hex input RMS -> E | 0.002    A | 0.002    D | 0.002    G | 0.001    B | 0.002    e | 0.001
2025-11-24 05:47:20 [meters] Hex input RMS -> E | 0.001    A | 0.001    D | 0.001    G | 0.001    B | 0.001    e | 0.001
2025-11-24 05:47:21 [meters] Hex input RMS -> E | 0.002    A | 0.001    D | 0.002    G | 0.001    B | 0.001    e | 0.001
2025-11-24 05:47:21 [meters] Hex input RMS -> E | 0.002    A | 0.002    D | 0.002    G | 0.002    B | 0.002    e | 0.002
2025-11-24 05:47:21 [meters] Hex input RMS -> E | 0.002    A | 0.002    D | 0.002    G | 0.002    B | 0.002    e | 0.002
2025-11-24 05:47:21 [meters] Hex input RMS -> E | 0.001    A | 0.001    D | 0.001    G | 0.001    B | 0.001    e | 0.001
2025-11-24 05:47:21 [meters] Hex input RMS -> E | 0.001    A | 0.001    D | 0.001    G | 0.001    B | 0.001    e | 0.001
2025-11-24 05:47:21 [meters] Hex input RMS -> E | 0.002    A | 0.002    D | 0.002    G | 0.002    B | 0.002    e | 0.002
2025-11-24 05:47:21 [meters] Hex input RMS -> E | 0.002    A | 0.002    D | 0.002    G | 0.002    B | 0.002    e | 0.002
2025-11-24 05:47:21 [meters] Hex input RMS -> E | 0.002    A | 0.002    D | 0.002    G | 0.002    B | 0.002    e | 0.002
2025-11-24 05:47:21 [meters] Hex input RMS -> E | 0.001    A | 0.001    D | 0.001    G | 0.001    B | 0.001    e | 0.001
2025-11-24 05:47:21 [meters] Hex input RMS -> E | 0.001    A | 0.001    D | 0.001    G | 0.001    B | 0.001    e | 0.001
2025-11-24 05:47:21 [meters] Hex input RMS -> E | 0.002    A | 0.002    D | 0.002    G | 0.002    B | 0.002    e | 0.002
2025-11-24 05:47:21 [meters] Hex input RMS -> E | 0.002    A | 0.002    D | 0.002    G | 0.002    B | 0.002    e | 0.002
2025-11-24 05:47:22 [meters] Hex input RMS -> E | 0.002    A | 0.002    D | 0.002    G | 0.002    B | 0.002    e | 0.002
2025-11-24 05:47:22 [meters] Hex input RMS -> E | 0.001    A | 0.001    D | 0.001    G | 0.001    B | 0.001    e | 0.001
2025-11-24 05:47:22 [meters] Hex input RMS -> E | 0.001    A | 0.001    D | 0.001    G | 0.001    B | 0.001    e | 0.001
2025-11-24 05:47:22 [meters] Hex input RMS -> E | 0.002    A | 0.002    D | 0.002    G | 0.002    B | 0.002    e | 0.002
2025-11-24 05:47:22 [meters] Hex input RMS -> E | 0.002    A | 0.002    D | 0.002    G | 0.002    B | 0.002    e | 0.002
2025-11-24 05:47:22 [meters] Hex input RMS -> E | 0.002    A | 0.001    D | 0.002    G | 0.001    B | 0.002    e | 0.001
2025-11-24 05:47:22 [meters] Hex input RMS -> E | 0.001    A | 0.001    D | 0.001    G | 0.001    B | 0.001    e | 0.001
2025-11-24 05:47:22 [meters] Hex input RMS -> E | 0.001    A | 0.001    D | 0.001    G | 0.001    B | 0.002    e | 0.002
2025-11-24 05:47:22 [meters] Hex input RMS -> E | 0.002    A | 0.002    D | 0.002    G | 0.002    B | 0.002    e | 0.002
2025-11-24 05:47:22 [meters] Hex input RMS -> E | 0.002    A | 0.002    D | 0.002    G | 0.002    B | 0.002    e | 0.002
2025-11-24 05:47:22 [meters] Hex input RMS -> E | 0.001    A | 0.001    D | 0.002    G | 0.001    B | 0.001    e | 0.001
2025-11-24 05:47:22 [meters] Hex input RMS -> E | 0.001    A | 0.001    D | 0.001    G | 0.001    B | 0.001    e | 0.001
2025-11-24 05:47:22 [meters] Hex input RMS -> E | 0.002    A | 0.002    D | 0.002    G | 0.001    B | 0.002    e | 0.001
2025-11-24 05:47:23 [meters] Hex input RMS -> E | 0.002    A | 0.002    D | 0.002    G | 0.002    B | 0.002    e | 0.002
2025-11-24 05:47:23 [meters] Hex input RMS -> E | 0.002    A | 0.002    D | 0.002    G | 0.002    B | 0.002    e | 0.002
2025-11-24 05:47:23 [meters] Hex input RMS -> E | 0.001    A | 0.001    D | 0.001    G | 0.001    B | 0.001    e | 0.001
2025-11-24 05:47:23 [meters] Hex input RMS -> E | 0.001    A | 0.001    D | 0.001    G | 0.001    B | 0.001    e | 0.001
2025-11-24 05:47:23 [meters] Hex input RMS -> E | 0.002    A | 0.002    D | 0.002    G | 0.002    B | 0.002    e | 0.002
2025-11-24 05:47:23 [meters] Hex input RMS -> E | 0.002    A | 0.002    D | 0.002    G | 0.002    B | 0.002    e | 0.002
2025-11-24 05:47:23 [meters] Hex input RMS -> E | 0.002    A | 0.002    D | 0.002    G | 0.002    B | 0.002    e | 0.002
2025-11-24 05:47:23 [meters] Hex input RMS -> E | 0.001    A | 0.001    D | 0.001    G | 0.001    B | 0.001    e | 0.001
2025-11-24 05:47:23 [meters] Hex input RMS -> E | 0.001    A | 0.001    D | 0.001    G | 0.001    B | 0.001    e | 0.001
2025-11-24 05:47:23 [meters] Hex input RMS -> E | 0.002    A | 0.002    D | 0.002    G | 0.002    B | 0.002    e | 0.002
2025-11-24 05:47:23 [meters] Hex input RMS -> E | 0.002    A | 0.002    D | 0.002    G | 0.002    B | 0.002    e | 0.002
2025-11-24 05:47:23 [meters] Hex input RMS -> E | 0.002    A | 0.002    D | 0.002    G | 0.002    B | 0.002    e | 0.001
2025-11-24 05:47:24 [meters] Hex input RMS -> E | 0.001    A | 0.001    D | 0.001    G | 0.001    B | 0.001    e | 0.001
2025-11-24 05:47:24 [meters] Hex input RMS -> E | 0.001    A | 0.001    D | 0.001    G | 0.001    B | 0.001    e | 0.001
2025-11-24 05:47:24 [meters] Hex input RMS -> E | 0.002    A | 0.002    D | 0.002    G | 0.002    B | 0.002    e | 0.002
2025-11-24 05:47:24 [meters] Hex input RMS -> E | 0.002    A | 0.002    D | 0.002    G | 0.002    B | 0.002    e | 0.002
2025-11-24 05:47:24 [meters] Hex input RMS -> E | 0.001    A | 0.001    D | 0.002    G | 0.001    B | 0.002    e | 0.001
2025-11-24 05:47:24 [meters] Hex input RMS -> E | 0.001    A | 0.001    D | 0.001    G | 0.001    B | 0.001    e | 0.001
2025-11-24 05:47:24 [meters] Hex input RMS -> E | 0.002    A | 0.002    D | 0.002    G | 0.002    B | 0.002    e | 0.002
2025-11-24 05:47:24 [meters] Hex input RMS -> E | 0.002    A | 0.002    D | 0.002    G | 0.002    B | 0.002    e | 0.002
2025-11-24 05:47:24 [meters] Hex input RMS -> E | 0.002    A | 0.002    D | 0.002    G | 0.002    B | 0.002    e | 0.002
2025-11-24 05:47:24 [meters] Hex input RMS -> E | 0.001    A | 0.001    D | 0.001    G | 0.001    B | 0.001    e | 0.001
2025-11-24 05:47:24 [meters] Hex input RMS -> E | 0.001    A | 0.001    D | 0.001    G | 0.001    B | 0.001    e | 0.001
2025-11-24 05:47:24 [meters] Hex input RMS -> E | 0.002    A | 0.002    D | 0.002    G | 0.002    B | 0.002    e | 0.002
2025-11-24 05:47:24 [meters] Hex input RMS -> E | 0.002    A | 0.002    D | 0.002    G | 0.002    B | 0.002    e | 0.002
2025-11-24 05:47:25 [meters] Hex input RMS -> E | 0.002    A | 0.002    D | 0.002    G | 0.002    B | 0.002    e | 0.002
2025-11-24 05:47:25 [meters] Hex input RMS -> E | 0.001    A | 0.001    D | 0.001    G | 0.001    B | 0.001    e | 0.001
2025-11-24 05:47:25 [meters] Hex input RMS -> E | 0.001    A | 0.001    D | 0.001    G | 0.001    B | 0.001    e | 0.001
2025-11-24 05:47:25 [meters] Hex input RMS -> E | 0.002    A | 0.002    D | 0.002    G | 0.002    B | 0.002    e | 0.002
2025-11-24 05:47:25 [meters] Hex input RMS -> E | 0.002    A | 0.002    D | 0.002    G | 0.002    B | 0.002    e | 0.002
2025-11-24 05:47:25 [meters] Hex input RMS -> E | 0.002    A | 0.002    D | 0.002    G | 0.002    B | 0.002    e | 0.002
2025-11-24 05:47:25 [meters] Hex input RMS -> E | 0.001    A | 0.001    D | 0.001    G | 0.001    B | 0.001    e | 0.001
2025-11-24 05:47:25 [meters] Hex input RMS -> E | 0.001    A | 0.001    D | 0.002    G | 0.001    B | 0.001    e | 0.001
2025-11-24 05:47:25 [meters] Hex input RMS -> E | 0.002    A | 0.002    D | 0.002    G | 0.002    B | 0.002    e | 0.002
2025-11-24 05:47:25 [meters] Hex input RMS -> E | 0.002    A | 0.002    D | 0.002    G | 0.002    B | 0.002    e | 0.002
2025-11-24 05:47:25 [meters] Hex input RMS -> E | 0.002    A | 0.001    D | 0.001    G | 0.001    B | 0.001    e | 0.001
2025-11-24 05:47:25 [meters] Hex input RMS -> E | 0.001    A | 0.001    D | 0.001    G | 0.001    B | 0.001    e | 0.001
2025-11-24 05:47:26 [meters] Hex input RMS -> E | 0.001    A | 0.001    D | 0.001    G | 0.001    B | 0.002    e | 0.002
2025-11-24 05:47:26 [meters] Hex input RMS -> E | 0.002    A | 0.002    D | 0.002    G | 0.002    B | 0.002    e | 0.002
2025-11-24 05:47:26 [meters] Hex input RMS -> E | 0.002    A | 0.002    D | 0.002    G | 0.002    B | 0.002    e | 0.002
2025-11-24 05:47:26 [meters] Hex input RMS -> E | 0.001    A | 0.001    D | 0.001    G | 0.001    B | 0.001    e | 0.001
2025-11-24 05:47:26 [meters] Hex input RMS -> E | 0.001    A | 0.001    D | 0.001    G | 0.001    B | 0.001    e | 0.001
2025-11-24 05:47:26 [meters] Hex input RMS -> E | 0.002    A | 0.002    D | 0.002    G | 0.002    B | 0.002    e | 0.002
2025-11-24 05:47:26 [meters] Hex input RMS -> E | 0.002    A | 0.002    D | 0.002    G | 0.002    B | 0.002    e | 0.002
2025-11-24 05:47:26 [meters] Hex input RMS -> E | 0.002    A | 0.002    D | 0.002    G | 0.002    B | 0.002    e | 0.002
2025-11-24 05:47:26 [meters] Hex input RMS -> E | 0.001    A | 0.001    D | 0.001    G | 0.001    B | 0.001    e | 0.001
2025-11-24 05:47:26 [meters] Hex input RMS -> E | 0.001    A | 0.001    D | 0.001    G | 0.001    B | 0.001    e | 0.001
2025-11-24 05:47:26 [meters] Hex input RMS -> E | 0.002    A | 0.002    D | 0.002    G | 0.002    B | 0.002    e | 0.002
2025-11-24 05:47:26 [meters] Hex input RMS -> E | 0.002    A | 0.002    D | 0.002    G | 0.002    B | 0.002    e | 0.002
2025-11-24 05:47:26 [meters] Hex input RMS -> E | 0.002    A | 0.002    D | 0.002    G | 0.002    B | 0.002    e | 0.002
2025-11-24 05:47:27 [meters] Hex input RMS -> E | 0.001    A | 0.001    D | 0.001    G | 0.001    B | 0.001    e | 0.001
2025-11-24 05:47:27 [meters] Hex input RMS -> E | 0.001    A | 0.001    D | 0.001    G | 0.001    B | 0.001    e | 0.001
2025-11-24 05:47:27 [meters] Hex input RMS -> E | 0.002    A | 0.002    D | 0.002    G | 0.002    B | 0.002    e | 0.002
2025-11-24 05:47:27 [meters] Hex input RMS -> E | 0.002    A | 0.002    D | 0.002    G | 0.002    B | 0.002    e | 0.002
2025-11-24 05:47:27 [meters] Hex input RMS -> E | 0.002    A | 0.001    D | 0.002    G | 0.002    B | 0.002    e | 0.001
2025-11-24 05:47:27 [meters] Hex input RMS -> E | 0.001    A | 0.001    D | 0.001    G | 0.001    B | 0.001    e | 0.001
2025-11-24 05:47:27 [meters] Hex input RMS -> E | 0.002    A | 0.001    D | 0.002    G | 0.001    B | 0.002    e | 0.001
2025-11-24 05:47:27 [meters] Hex input RMS -> E | 0.002    A | 0.002    D | 0.002    G | 0.002    B | 0.002    e | 0.002
2025-11-24 05:47:27 [meters] Hex input RMS -> E | 0.002    A | 0.002    D | 0.002    G | 0.002    B | 0.002    e | 0.002
2025-11-24 05:47:27 [meters] Hex input RMS -> E | 0.001    A | 0.001    D | 0.001    G | 0.001    B | 0.001    e | 0.001
2025-11-24 05:47:27 [meters] Hex input RMS -> E | 0.001    A | 0.001    D | 0.001    G | 0.001    B | 0.001    e | 0.001
2025-11-24 05:47:27 [meters] Hex input RMS -> E | 0.002    A | 0.002    D | 0.002    G | 0.002    B | 0.002    e | 0.002
2025-11-24 05:47:28 [meters] Hex input RMS -> E | 0.002    A | 0.002    D | 0.002    G | 0.002    B | 0.002    e | 0.002
2025-11-24 05:47:28 [meters] Hex input RMS -> E | 0.002    A | 0.002    D | 0.002    G | 0.002    B | 0.002    e | 0.002
2025-11-24 05:47:28 [meters] Hex input RMS -> E | 0.001    A | 0.001    D | 0.001    G | 0.001    B | 0.001    e | 0.001
2025-11-24 05:47:28 [meters] Hex input RMS -> E | 0.001    A | 0.001    D | 0.001    G | 0.001    B | 0.001    e | 0.001
2025-11-24 05:47:28 [meters] Hex input RMS -> E | 0.002    A | 0.002    D | 0.002    G | 0.002    B | 0.002    e | 0.002
2025-11-24 05:47:28 [meters] Hex input RMS -> E | 0.002    A | 0.002    D | 0.002    G | 0.002    B | 0.002    e | 0.002
2025-11-24 05:47:28 [meters] Hex input RMS -> E | 0.002    A | 0.002    D | 0.002    G | 0.002    B | 0.002    e | 0.002
2025-11-24 05:47:28 [meters] Hex input RMS -> E | 0.001    A | 0.001    D | 0.001    G | 0.001    B | 0.001    e | 0.001
2025-11-24 05:47:28 [meters] Hex input RMS -> E | 0.001    A | 0.001    D | 0.001    G | 0.001    B | 0.001    e | 0.001
2025-11-24 05:47:28 [meters] Hex input RMS -> E | 0.002    A | 0.002    D | 0.002    G | 0.002    B | 0.002    e | 0.002
2025-11-24 05:47:28 [meters] Hex input RMS -> E | 0.002    A | 0.002    D | 0.002    G | 0.002    B | 0.002    e | 0.002
2025-11-24 05:47:28 [meters] Hex input RMS -> E | 0.002    A | 0.001    D | 0.002    G | 0.001    B | 0.001    e | 0.001
2025-11-24 05:47:28 [meters] Hex input RMS -> E | 0.001    A | 0.001    D | 0.001    G | 0.001    B | 0.001    e | 0.001
2025-11-24 05:47:29 [meters] Hex input RMS -> E | 0.002    A | 0.001    D | 0.002    G | 0.002    B | 0.002    e | 0.002
2025-11-24 05:47:29 [meters] Hex input RMS -> E | 0.002    A | 0.002    D | 0.002    G | 0.002    B | 0.002    e | 0.002
2025-11-24 05:47:29 [meters] Hex input RMS -> E | 0.002    A | 0.002    D | 0.002    G | 0.002    B | 0.002    e | 0.002
2025-11-24 05:47:29 [meters] Hex input RMS -> E | 0.001    A | 0.001    D | 0.001    G | 0.001    B | 0.001    e | 0.001
2025-11-24 05:47:29 [meters] Hex input RMS -> E | 0.001    A | 0.001    D | 0.001    G | 0.001    B | 0.001    e | 0.001
2025-11-24 05:47:29 [meters] Hex input RMS -> E | 0.002    A | 0.002    D | 0.002    G | 0.002    B | 0.002    e | 0.002
2025-11-24 05:47:29 [meters] Hex input RMS -> E | 0.002    A | 0.002    D | 0.002    G | 0.002    B | 0.002    e | 0.002
2025-11-24 05:47:29 [meters] Hex input RMS -> E | 0.002    A | 0.002    D | 0.002    G | 0.002    B | 0.002    e | 0.002
2025-11-24 05:47:29 [meters] Hex input RMS -> E | 0.001    A | 0.001    D | 0.001    G | 0.001    B | 0.001    e | 0.001
2025-11-24 05:47:29 [meters] Hex input RMS -> E | 0.001    A | 0.001    D | 0.001    G | 0.001    B | 0.001    e | 0.001
2025-11-24 05:47:29 [meters] Hex input RMS -> E | 0.002    A | 0.002    D | 0.002    G | 0.002    B | 0.002    e | 0.002
2025-11-24 05:47:29 [meters] Hex input RMS -> E | 0.002    A | 0.002    D | 0.002    G | 0.002    B | 0.002    e | 0.002
2025-11-24 05:47:30 [meters] Hex input RMS -> E | 0.002    A | 0.002    D | 0.002    G | 0.002    B | 0.002    e | 0.002
2025-11-24 05:47:30 [meters] Hex input RMS -> E | 0.001    A | 0.001    D | 0.001    G | 0.001    B | 0.001    e | 0.001
2025-11-24 05:47:30 [meters] Hex input RMS -> E | 0.001    A | 0.001    D | 0.001    G | 0.001    B | 0.001    e | 0.001
2025-11-24 05:47:30 [meters] Hex input RMS -> E | 0.002    A | 0.002    D | 0.002    G | 0.002    B | 0.002    e | 0.002
2025-11-24 05:47:30 [meters] Hex input RMS -> E | 0.002    A | 0.002    D | 0.002    G | 0.002    B | 0.002    e | 0.002
2025-11-24 05:47:30 [meters] Hex input RMS -> E | 0.002    A | 0.002    D | 0.002    G | 0.002    B | 0.002    e | 0.001
2025-11-24 05:47:30 [meters] Hex input RMS -> E | 0.001    A | 0.001    D | 0.001    G | 0.001    B | 0.001    e | 0.001
2025-11-24 05:47:30 [meters] Hex input RMS -> E | 0.002    A | 0.001    D | 0.002    G | 0.001    B | 0.002    e | 0.001
2025-11-24 05:47:30 [meters] Hex input RMS -> E | 0.002    A | 0.002    D | 0.002    G | 0.002    B | 0.002    e | 0.002
2025-11-24 05:47:30 [meters] Hex input RMS -> E | 0.002    A | 0.002    D | 0.002    G | 0.002    B | 0.002    e | 0.002
2025-11-24 05:47:30 [meters] Hex input RMS -> E | 0.001    A | 0.001    D | 0.002    G | 0.001    B | 0.001    e | 0.001
2025-11-24 05:47:30 [meters] Hex input RMS -> E | 0.001    A | 0.001    D | 0.001    G | 0.001    B | 0.001    e | 0.001
2025-11-24 05:47:30 [meters] Hex input RMS -> E | 0.002    A | 0.002    D | 0.002    G | 0.002    B | 0.002    e | 0.002
2025-11-24 05:47:31 [meters] Hex input RMS -> E | 0.002    A | 0.002    D | 0.002    G | 0.002    B | 0.002    e | 0.002
2025-11-24 05:47:31 [meters] Hex input RMS -> E | 0.002    A | 0.002    D | 0.002    G | 0.002    B | 0.002    e | 0.002
2025-11-24 05:47:31 [meters] Hex input RMS -> E | 0.001    A | 0.001    D | 0.001    G | 0.001    B | 0.001    e | 0.001
2025-11-24 05:47:31 [meters] Hex input RMS -> E | 0.001    A | 0.001    D | 0.001    G | 0.001    B | 0.001    e | 0.001
2025-11-24 05:47:31 [meters] Hex input RMS -> E | 0.002    A | 0.002    D | 0.002    G | 0.002    B | 0.002    e | 0.002
2025-11-24 05:47:31 [meters] Hex input RMS -> E | 0.002    A | 0.002    D | 0.002    G | 0.002    B | 0.002    e | 0.002
2025-11-24 05:47:31 [meters] Hex input RMS -> E | 0.002    A | 0.002    D | 0.002    G | 0.002    B | 0.002    e | 0.002
2025-11-24 05:47:31 [meters] Hex input RMS -> E | 0.001    A | 0.001    D | 0.001    G | 0.001    B | 0.001    e | 0.001
2025-11-24 05:47:31 [meters] Hex input RMS -> E | 0.001    A | 0.001    D | 0.001    G | 0.001    B | 0.001    e | 0.001
2025-11-24 05:47:31 [meters] Hex input RMS -> E | 0.002    A | 0.002    D | 0.002    G | 0.002    B | 0.002    e | 0.002
2025-11-24 05:47:31 [meters] Hex input RMS -> E | 0.002    A | 0.002    D | 0.002    G | 0.002    B | 0.002    e | 0.002
2025-11-24 05:47:31 [meters] Hex input RMS -> E | 0.002    A | 0.002    D | 0.002    G | 0.002    B | 0.002    e | 0.001
2025-11-24 05:47:32 [meters] Hex input RMS -> E | 0.001    A | 0.001    D | 0.001    G | 0.001    B | 0.001    e | 0.001
2025-11-24 05:47:32 [meters] Hex input RMS -> E | 0.002    A | 0.002    D | 0.002    G | 0.001    B | 0.001    e | 0.002
2025-11-24 05:47:32 [meters] Hex input RMS -> E | 0.002    A | 0.002    D | 0.002    G | 0.002    B | 0.002    e | 0.002
2025-11-24 05:47:32 [meters] Hex input RMS -> E | 0.002    A | 0.002    D | 0.002    G | 0.002    B | 0.002    e | 0.002
2025-11-24 05:47:32 [meters] Hex input RMS -> E | 0.001    A | 0.001    D | 0.001    G | 0.001    B | 0.001    e | 0.001
2025-11-24 05:47:32 [meters] Hex input RMS -> E | 0.001    A | 0.001    D | 0.001    G | 0.001    B | 0.001    e | 0.001
2025-11-24 05:47:32 [meters] Hex input RMS -> E | 0.002    A | 0.002    D | 0.002    G | 0.002    B | 0.002    e | 0.002
2025-11-24 05:47:32 [meters] Hex input RMS -> E | 0.002    A | 0.002    D | 0.002    G | 0.002    B | 0.002    e | 0.002
2025-11-24 05:47:32 [meters] Hex input RMS -> E | 0.002    A | 0.002    D | 0.002    G | 0.002    B | 0.002    e | 0.002
2025-11-24 05:47:32 [meters] Hex input RMS -> E | 0.001    A | 0.001    D | 0.001    G | 0.001    B | 0.001    e | 0.001
2025-11-24 05:47:32 [meters] Hex input RMS -> E | 0.001    A | 0.001    D | 0.001    G | 0.001    B | 0.001    e | 0.001
2025-11-24 05:47:32 [meters] Hex input RMS -> E | 0.002    A | 0.002    D | 0.002    G | 0.002    B | 0.002    e | 0.002
2025-11-24 05:47:32 [meters] Hex input RMS -> E | 0.002    A | 0.002    D | 0.002    G | 0.002    B | 0.002    e | 0.002
2025-11-24 05:47:33 [meters] Hex input RMS -> E | 0.002    A | 0.002    D | 0.002    G | 0.002    B | 0.002    e | 0.002
2025-11-24 05:47:33 [meters] Hex input RMS -> E | 0.001    A | 0.001    D | 0.001    G | 0.001    B | 0.001    e | 0.001
2025-11-24 05:47:33 [meters] Hex input RMS -> E | 0.001    A | 0.001    D | 0.001    G | 0.001    B | 0.001    e | 0.001
2025-11-24 05:47:33 [meters] Hex input RMS -> E | 0.002    A | 0.002    D | 0.002    G | 0.002    B | 0.002    e | 0.002
2025-11-24 05:47:33 [meters] Hex input RMS -> E | 0.002    A | 0.002    D | 0.002    G | 0.002    B | 0.002    e | 0.002
2025-11-24 05:47:33 [meters] Hex input RMS -> E | 0.002    A | 0.002    D | 0.002    G | 0.002    B | 0.002    e | 0.001
2025-11-24 05:47:33 [meters] Hex input RMS -> E | 0.001    A | 0.001    D | 0.001    G | 0.001    B | 0.001    e | 0.001
2025-11-24 05:47:33 [meters] Hex input RMS -> E | 0.002    A | 0.001    D | 0.001    G | 0.001    B | 0.001    e | 0.001
2025-11-24 05:47:33 [meters] Hex input RMS -> E | 0.002    A | 0.002    D | 0.002    G | 0.002    B | 0.002    e | 0.002
2025-11-24 05:47:33 [meters] Hex input RMS -> E | 0.002    A | 0.002    D | 0.002    G | 0.002    B | 0.002    e | 0.002
2025-11-24 05:47:33 [meters] Hex input RMS -> E | 0.001    A | 0.001    D | 0.002    G | 0.001    B | 0.001    e | 0.001
2025-11-24 05:47:33 [meters] Hex input RMS -> E | 0.001    A | 0.001    D | 0.001    G | 0.001    B | 0.001    e | 0.001
2025-11-24 05:47:34 [meters] Hex input RMS -> E | 0.002    A | 0.002    D | 0.002    G | 0.002    B | 0.002    e | 0.002
2025-11-24 05:47:34 [meters] Hex input RMS -> E | 0.002    A | 0.002    D | 0.002    G | 0.002    B | 0.002    e | 0.002
2025-11-24 05:47:34 [meters] Hex input RMS -> E | 0.002    A | 0.002    D | 0.002    G | 0.002    B | 0.002    e | 0.002
2025-11-24 05:47:34 [meters] Hex input RMS -> E | 0.001    A | 0.001    D | 0.001    G | 0.001    B | 0.001    e | 0.001
2025-11-24 05:47:34 [meters] Hex input RMS -> E | 0.001    A | 0.001    D | 0.001    G | 0.001    B | 0.001    e | 0.001
2025-11-24 05:47:34 [meters] Hex input RMS -> E | 0.002    A | 0.002    D | 0.002    G | 0.002    B | 0.002    e | 0.002
2025-11-24 05:47:34 [meters] Hex input RMS -> E | 0.002    A | 0.002    D | 0.002    G | 0.002    B | 0.002    e | 0.002
2025-11-24 05:47:34 [meters] Hex input RMS -> E | 0.002    A | 0.002    D | 0.002    G | 0.002    B | 0.002    e | 0.002
2025-11-24 05:47:34 [meters] Hex input RMS -> E | 0.001    A | 0.001    D | 0.001    G | 0.001    B | 0.001    e | 0.001
2025-11-24 05:47:34 [meters] Hex input RMS -> E | 0.001    A | 0.001    D | 0.001    G | 0.001    B | 0.001    e | 0.001
2025-11-24 05:47:34 [meters] Hex input RMS -> E | 0.002    A | 0.002    D | 0.002    G | 0.002    B | 0.002    e | 0.002
2025-11-24 05:47:34 [meters] Hex input RMS -> E | 0.002    A | 0.002    D | 0.002    G | 0.002    B | 0.002    e | 0.002
2025-11-24 05:47:34 [meters] Hex input RMS -> E | 0.002    A | 0.002    D | 0.002    G | 0.002    B | 0.002    e | 0.001
2025-11-24 05:47:35 [meters] Hex input RMS -> E | 0.001    A | 0.001    D | 0.001    G | 0.001    B | 0.001    e | 0.001
2025-11-24 05:47:35 [meters] Hex input RMS -> E | 0.001    A | 0.001    D | 0.001    G | 0.001    B | 0.001    e | 0.001
2025-11-24 05:47:35 [meters] Hex input RMS -> E | 0.002    A | 0.002    D | 0.002    G | 0.002    B | 0.002    e | 0.002
2025-11-24 05:47:35 [meters] Hex input RMS -> E | 0.002    A | 0.002    D | 0.002    G | 0.002    B | 0.002    e | 0.002
2025-11-24 05:47:35 [meters] Hex input RMS -> E | 0.001    A | 0.001    D | 0.002    G | 0.001    B | 0.001    e | 0.001
2025-11-24 05:47:35 [meters] Hex input RMS -> E | 0.001    A | 0.001    D | 0.001    G | 0.001    B | 0.001    e | 0.001
2025-11-24 05:47:35 [meters] Hex input RMS -> E | 0.002    A | 0.002    D | 0.002    G | 0.002    B | 0.002    e | 0.001
2025-11-24 05:47:35 [meters] Hex input RMS -> E | 0.002    A | 0.002    D | 0.002    G | 0.002    B | 0.002    e | 0.002
2025-11-24 05:47:35 [meters] Hex input RMS -> E | 0.002    A | 0.002    D | 0.002    G | 0.002    B | 0.002    e | 0.002
2025-11-24 05:47:35 [meters] Hex input RMS -> E | 0.001    A | 0.001    D | 0.001    G | 0.001    B | 0.001    e | 0.001
2025-11-24 05:47:35 [meters] Hex input RMS -> E | 0.001    A | 0.001    D | 0.001    G | 0.001    B | 0.001    e | 0.001
2025-11-24 05:47:35 [meters] Hex input RMS -> E | 0.002    A | 0.002    D | 0.002    G | 0.002    B | 0.002    e | 0.002
2025-11-24 05:47:36 [meters] Hex input RMS -> E | 0.002    A | 0.002    D | 0.002    G | 0.002    B | 0.002    e | 0.002
2025-11-24 05:47:36 [meters] Hex input RMS -> E | 0.002    A | 0.002    D | 0.002    G | 0.002    B | 0.002    e | 0.002
2025-11-24 05:47:36 [meters] Hex input RMS -> E | 0.001    A | 0.001    D | 0.001    G | 0.001    B | 0.001    e | 0.001
2025-11-24 05:47:36 [meters] Hex input RMS -> E | 0.001    A | 0.001    D | 0.001    G | 0.001    B | 0.001    e | 0.001
2025-11-24 05:47:36 [meters] Hex input RMS -> E | 0.002    A | 0.002    D | 0.002    G | 0.002    B | 0.002    e | 0.002
2025-11-24 05:47:36 [meters] Hex input RMS -> E | 0.002    A | 0.002    D | 0.002    G | 0.002    B | 0.002    e | 0.002
2025-11-24 05:47:36 [meters] Hex input RMS -> E | 0.002    A | 0.002    D | 0.002    G | 0.002    B | 0.002    e | 0.001
2025-11-24 05:47:36 [meters] Hex input RMS -> E | 0.001    A | 0.001    D | 0.001    G | 0.001    B | 0.001    e | 0.001
2025-11-24 05:47:36 [meters] Hex input RMS -> E | 0.001    A | 0.001    D | 0.001    G | 0.001    B | 0.001    e | 0.001
2025-11-24 05:47:36 [meters] Hex input RMS -> E | 0.002    A | 0.002    D | 0.002    G | 0.002    B | 0.002    e | 0.002
2025-11-24 05:47:36 [meters] Hex input RMS -> E | 0.002    A | 0.002    D | 0.002    G | 0.002    B | 0.002    e | 0.002
2025-11-24 05:47:36 [meters] Hex input RMS -> E | 0.001    A | 0.001    D | 0.001    G | 0.001    B | 0.001    e | 0.001
2025-11-24 05:47:36 [meters] Hex input RMS -> E | 0.001    A | 0.001    D | 0.001    G | 0.001    B | 0.001    e | 0.001
2025-11-24 05:47:37 [meters] Hex input RMS -> E | 0.002    A | 0.002    D | 0.002    G | 0.002    B | 0.002    e | 0.001
2025-11-24 05:47:37 [meters] Hex input RMS -> E | 0.002    A | 0.002    D | 0.002    G | 0.002    B | 0.002    e | 0.002
2025-11-24 05:47:37 [meters] Hex input RMS -> E | 0.002    A | 0.002    D | 0.002    G | 0.002    B | 0.002    e | 0.002
2025-11-24 05:47:37 [meters] Hex input RMS -> E | 0.001    A | 0.001    D | 0.001    G | 0.001    B | 0.001    e | 0.001
2025-11-24 05:47:37 [meters] Hex input RMS -> E | 0.001    A | 0.001    D | 0.001    G | 0.001    B | 0.001    e | 0.001
2025-11-24 05:47:37 [meters] Hex input RMS -> E | 0.002    A | 0.002    D | 0.002    G | 0.002    B | 0.002    e | 0.002
2025-11-24 05:47:37 [meters] Hex input RMS -> E | 0.002    A | 0.002    D | 0.002    G | 0.002    B | 0.002    e | 0.002
2025-11-24 05:47:37 [meters] Hex input RMS -> E | 0.002    A | 0.002    D | 0.002    G | 0.002    B | 0.002    e | 0.002
2025-11-24 05:47:37 [meters] Hex input RMS -> E | 0.001    A | 0.001    D | 0.001    G | 0.001    B | 0.001    e | 0.001
2025-11-24 05:47:37 [meters] Hex input RMS -> E | 0.001    A | 0.001    D | 0.001    G | 0.001    B | 0.001    e | 0.001
2025-11-24 05:47:37 [meters] Hex input RMS -> E | 0.002    A | 0.002    D | 0.002    G | 0.002    B | 0.002    e | 0.002
2025-11-24 05:47:37 [meters] Hex input RMS -> E | 0.002    A | 0.002    D | 0.002    G | 0.002    B | 0.002    e | 0.002
2025-11-24 05:47:38 [meters] Hex input RMS -> E | 0.002    A | 0.002    D | 0.002    G | 0.002    B | 0.002    e | 0.001
2025-11-24 05:47:38 [meters] Hex input RMS -> E | 0.001    A | 0.001    D | 0.001    G | 0.001    B | 0.001    e | 0.001
2025-11-24 05:47:38 [meters] Hex input RMS -> E | 0.001    A | 0.001    D | 0.001    G | 0.001    B | 0.001    e | 0.001
2025-11-24 05:47:38 [meters] Hex input RMS -> E | 0.002    A | 0.002    D | 0.002    G | 0.002    B | 0.002    e | 0.002
2025-11-24 05:47:38 [meters] Hex input RMS -> E | 0.002    A | 0.002    D | 0.002    G | 0.002    B | 0.002    e | 0.002
2025-11-24 05:47:38 [meters] Hex input RMS -> E | 0.002    A | 0.001    D | 0.002    G | 0.001    B | 0.001    e | 0.001
2025-11-24 05:47:38 [meters] Hex input RMS -> E | 0.001    A | 0.001    D | 0.001    G | 0.001    B | 0.001    e | 0.001
2025-11-24 05:47:38 [meters] Hex input RMS -> E | 0.002    A | 0.002    D | 0.002    G | 0.001    B | 0.002    e | 0.002
2025-11-24 05:47:38 [meters] Hex input RMS -> E | 0.002    A | 0.002    D | 0.002    G | 0.002    B | 0.002    e | 0.002
2025-11-24 05:47:38 [meters] Hex input RMS -> E | 0.002    A | 0.002    D | 0.002    G | 0.002    B | 0.002    e | 0.002
2025-11-24 05:47:38 [meters] Hex input RMS -> E | 0.001    A | 0.001    D | 0.001    G | 0.001    B | 0.001    e | 0.001
2025-11-24 05:47:38 [meters] Hex input RMS -> E | 0.001    A | 0.001    D | 0.001    G | 0.001    B | 0.001    e | 0.001
2025-11-24 05:47:38 [meters] Hex input RMS -> E | 0.002    A | 0.002    D | 0.002    G | 0.002    B | 0.002    e | 0.002
2025-11-24 05:47:39 [meters] Hex input RMS -> E | 0.002    A | 0.002    D | 0.002    G | 0.002    B | 0.002    e | 0.002
2025-11-24 05:47:39 [meters] Hex input RMS -> E | 0.002    A | 0.002    D | 0.002    G | 0.002    B | 0.002    e | 0.002
2025-11-24 05:47:39 [meters] Hex input RMS -> E | 0.001    A | 0.001    D | 0.001    G | 0.001    B | 0.001    e | 0.001
2025-11-24 05:47:39 [meters] Hex input RMS -> E | 0.001    A | 0.001    D | 0.001    G | 0.001    B | 0.001    e | 0.001
2025-11-24 05:47:39 [meters] Hex input RMS -> E | 0.002    A | 0.002    D | 0.002    G | 0.002    B | 0.002    e | 0.002
2025-11-24 05:47:39 [meters] Hex input RMS -> E | 0.002    A | 0.002    D | 0.002    G | 0.002    B | 0.002    e | 0.002
2025-11-24 05:47:39 [meters] Hex input RMS -> E | 0.002    A | 0.002    D | 0.002    G | 0.002    B | 0.002    e | 0.001
2025-11-24 05:47:39 [meters] Hex input RMS -> E | 0.001    A | 0.001    D | 0.001    G | 0.001    B | 0.001    e | 0.001
2025-11-24 05:47:39 [meters] Hex input RMS -> E | 0.001    A | 0.001    D | 0.001    G | 0.001    B | 0.001    e | 0.001
2025-11-24 05:47:39 [meters] Hex input RMS -> E | 0.002    A | 0.002    D | 0.002    G | 0.002    B | 0.002    e | 0.002
2025-11-24 05:47:39 [meters] Hex input RMS -> E | 0.002    A | 0.002    D | 0.002    G | 0.002    B | 0.002    e | 0.002
2025-11-24 05:47:39 [meters] Hex input RMS -> E | 0.002    A | 0.001    D | 0.002    G | 0.002    B | 0.001    e | 0.001
2025-11-24 05:47:40 [meters] Hex input RMS -> E | 0.001    A | 0.001    D | 0.001    G | 0.001    B | 0.001    e | 0.001
2025-11-24 05:47:40 [meters] Hex input RMS -> E | 0.002    A | 0.002    D | 0.002    G | 0.002    B | 0.002    e | 0.002
2025-11-24 05:47:40 [meters] Hex input RMS -> E | 0.002    A | 0.002    D | 0.002    G | 0.002    B | 0.002    e | 0.002
2025-11-24 05:47:40 [meters] Hex input RMS -> E | 0.002    A | 0.002    D | 0.002    G | 0.002    B | 0.002    e | 0.002
2025-11-24 05:47:40 [meters] Hex input RMS -> E | 0.001    A | 0.001    D | 0.001    G | 0.001    B | 0.001    e | 0.001
2025-11-24 05:47:40 [meters] Hex input RMS -> E | 0.001    A | 0.001    D | 0.001    G | 0.001    B | 0.001    e | 0.001
2025-11-24 05:47:40 [meters] Hex input RMS -> E | 0.002    A | 0.002    D | 0.002    G | 0.002    B | 0.002    e | 0.002
2025-11-24 05:47:40 [meters] Hex input RMS -> E | 0.002    A | 0.002    D | 0.002    G | 0.002    B | 0.002    e | 0.002
2025-11-24 05:47:40 [meters] Hex input RMS -> E | 0.002    A | 0.002    D | 0.002    G | 0.002    B | 0.002    e | 0.002
2025-11-24 05:47:40 [meters] Hex input RMS -> E | 0.001    A | 0.001    D | 0.001    G | 0.001    B | 0.001    e | 0.001
2025-11-24 05:47:40 [meters] Hex input RMS -> E | 0.001    A | 0.001    D | 0.001    G | 0.001    B | 0.001    e | 0.001
2025-11-24 05:47:40 [meters] Hex input RMS -> E | 0.002    A | 0.002    D | 0.002    G | 0.002    B | 0.002    e | 0.002
2025-11-24 05:47:40 [meters] Hex input RMS -> E | 0.002    A | 0.002    D | 0.002    G | 0.002    B | 0.002    e | 0.002
2025-11-24 05:47:41 [meters] Hex input RMS -> E | 0.002    A | 0.002    D | 0.002    G | 0.002    B | 0.002    e | 0.002
2025-11-24 05:47:41 [meters] Hex input RMS -> E | 0.001    A | 0.001    D | 0.001    G | 0.001    B | 0.001    e | 0.001
2025-11-24 05:47:41 [meters] Hex input RMS -> E | 0.001    A | 0.001    D | 0.002    G | 0.001    B | 0.001    e | 0.001
2025-11-24 05:47:41 [meters] Hex input RMS -> E | 0.002    A | 0.002    D | 0.002    G | 0.002    B | 0.002    e | 0.002
2025-11-24 05:47:41 [meters] Hex input RMS -> E | 0.002    A | 0.002    D | 0.002    G | 0.002    B | 0.002    e | 0.002
2025-11-24 05:47:41 [meters] Hex input RMS -> E | 0.002    A | 0.001    D | 0.002    G | 0.001    B | 0.001    e | 0.001
2025-11-24 05:47:41 [meters] Hex input RMS -> E | 0.001    A | 0.001    D | 0.001    G | 0.001    B | 0.001    e | 0.001
2025-11-24 05:47:41 [meters] Hex input RMS -> E | 0.002    A | 0.002    D | 0.002    G | 0.001    B | 0.002    e | 0.001
2025-11-24 05:47:41 [meters] Hex input RMS -> E | 0.002    A | 0.002    D | 0.002    G | 0.002    B | 0.002    e | 0.002
2025-11-24 05:47:41 [meters] Hex input RMS -> E | 0.002    A | 0.002    D | 0.002    G | 0.002    B | 0.002    e | 0.002
2025-11-24 05:47:41 [meters] Hex input RMS -> E | 0.001    A | 0.001    D | 0.001    G | 0.001    B | 0.001    e | 0.001
2025-11-24 05:47:41 [meters] Hex input RMS -> E | 0.001    A | 0.001    D | 0.001    G | 0.001    B | 0.001    e | 0.001
2025-11-24 05:47:42 [meters] Hex input RMS -> E | 0.002    A | 0.002    D | 0.002    G | 0.002    B | 0.002    e | 0.002
2025-11-24 05:47:42 [meters] Hex input RMS -> E | 0.002    A | 0.002    D | 0.002    G | 0.002    B | 0.002    e | 0.002
2025-11-24 05:47:42 [meters] Hex input RMS -> E | 0.002    A | 0.002    D | 0.002    G | 0.002    B | 0.002    e | 0.002
2025-11-24 05:47:42 [meters] Hex input RMS -> E | 0.001    A | 0.001    D | 0.001    G | 0.001    B | 0.001    e | 0.001
2025-11-24 05:47:42 [meters] Hex input RMS -> E | 0.001    A | 0.001    D | 0.001    G | 0.001    B | 0.001    e | 0.001
2025-11-24 05:47:42 [meters] Hex input RMS -> E | 0.002    A | 0.002    D | 0.002    G | 0.002    B | 0.002    e | 0.002
2025-11-24 05:47:42 [meters] Hex input RMS -> E | 0.002    A | 0.002    D | 0.002    G | 0.002    B | 0.002    e | 0.002
2025-11-24 05:47:42 [meters] Hex input RMS -> E | 0.002    A | 0.002    D | 0.002    G | 0.002    B | 0.002    e | 0.001
2025-11-24 05:47:42 [meters] Hex input RMS -> E | 0.001    A | 0.001    D | 0.001    G | 0.001    B | 0.001    e | 0.001
2025-11-24 05:47:42 [meters] Hex input RMS -> E | 0.001    A | 0.001    D | 0.001    G | 0.001    B | 0.001    e | 0.001
2025-11-24 05:47:42 [meters] Hex input RMS -> E | 0.002    A | 0.002    D | 0.002    G | 0.002    B | 0.002    e | 0.002
2025-11-24 05:47:42 [meters] Hex input RMS -> E | 0.002    A | 0.002    D | 0.002    G | 0.002    B | 0.002    e | 0.002
2025-11-24 05:47:42 [meters] Hex input RMS -> E | 0.002    A | 0.002    D | 0.001    G | 0.001    B | 0.002    e | 0.001
2025-11-24 05:47:43 [meters] Hex input RMS -> E | 0.001    A | 0.001    D | 0.001    G | 0.001    B | 0.001    e | 0.001
2025-11-24 05:47:43 [meters] Hex input RMS -> E | 0.002    A | 0.001    D | 0.002    G | 0.002    B | 0.002    e | 0.001
2025-11-24 05:47:43 [meters] Hex input RMS -> E | 0.002    A | 0.002    D | 0.002    G | 0.002    B | 0.002    e | 0.002
2025-11-24 05:47:43 [meters] Hex input RMS -> E | 0.002    A | 0.002    D | 0.002    G | 0.002    B | 0.002    e | 0.002
2025-11-24 05:47:43 [meters] Hex input RMS -> E | 0.001    A | 0.001    D | 0.001    G | 0.001    B | 0.001    e | 0.001
2025-11-24 05:47:43 [meters] Hex input RMS -> E | 0.001    A | 0.001    D | 0.001    G | 0.001    B | 0.001    e | 0.001
2025-11-24 05:47:43 [meters] Hex input RMS -> E | 0.002    A | 0.002    D | 0.002    G | 0.002    B | 0.002    e | 0.002
2025-11-24 05:47:43 [meters] Hex input RMS -> E | 0.002    A | 0.002    D | 0.002    G | 0.002    B | 0.002    e | 0.002
2025-11-24 05:47:43 [meters] Hex input RMS -> E | 0.002    A | 0.002    D | 0.002    G | 0.002    B | 0.002    e | 0.002
2025-11-24 05:47:43 [meters] Hex input RMS -> E | 0.001    A | 0.001    D | 0.001    G | 0.001    B | 0.001    e | 0.001
2025-11-24 05:47:43 [meters] Hex input RMS -> E | 0.001    A | 0.001    D | 0.001    G | 0.001    B | 0.001    e | 0.001
2025-11-24 05:47:43 [meters] Hex input RMS -> E | 0.002    A | 0.002    D | 0.002    G | 0.002    B | 0.002    e | 0.002
2025-11-24 05:47:44 [meters] Hex input RMS -> E | 0.002    A | 0.002    D | 0.002    G | 0.002    B | 0.002    e | 0.002
2025-11-24 05:47:44 [meters] Hex input RMS -> E | 0.002    A | 0.002    D | 0.002    G | 0.002    B | 0.002    e | 0.002
2025-11-24 05:47:44 [meters] Hex input RMS -> E | 0.001    A | 0.001    D | 0.001    G | 0.001    B | 0.001    e | 0.001
2025-11-24 05:47:44 [meters] Hex input RMS -> E | 0.001    A | 0.001    D | 0.001    G | 0.001    B | 0.001    e | 0.001
2025-11-24 05:47:44 [meters] Hex input RMS -> E | 0.002    A | 0.002    D | 0.002    G | 0.002    B | 0.002    e | 0.002
2025-11-24 05:47:44 [meters] Hex input RMS -> E | 0.002    A | 0.002    D | 0.002    G | 0.002    B | 0.002    e | 0.002
2025-11-24 05:47:44 [meters] Hex input RMS -> E | 0.002    A | 0.002    D | 0.002    G | 0.001    B | 0.001    e | 0.001
2025-11-24 05:47:44 [meters] Hex input RMS -> E | 0.001    A | 0.001    D | 0.001    G | 0.001    B | 0.001    e | 0.001
2025-11-24 05:47:44 [meters] Hex input RMS -> E | 0.002    A | 0.001    D | 0.002    G | 0.001    B | 0.001    e | 0.001
2025-11-24 05:47:44 [meters] Hex input RMS -> E | 0.002    A | 0.002    D | 0.002    G | 0.002    B | 0.002    e | 0.002
2025-11-24 05:47:44 [meters] Hex input RMS -> E | 0.002    A | 0.002    D | 0.002    G | 0.002    B | 0.002    e | 0.002
2025-11-24 05:47:44 [meters] Hex input RMS -> E | 0.001    A | 0.001    D | 0.001    G | 0.001    B | 0.001    e | 0.001
2025-11-24 05:47:44 [meters] Hex input RMS -> E | 0.001    A | 0.001    D | 0.001    G | 0.001    B | 0.001    e | 0.001
2025-11-24 05:47:45 [meters] Hex input RMS -> E | 0.002    A | 0.002    D | 0.002    G | 0.002    B | 0.002    e | 0.002
2025-11-24 05:47:45 [meters] Hex input RMS -> E | 0.002    A | 0.002    D | 0.002    G | 0.002    B | 0.002    e | 0.002
2025-11-24 05:47:45 [meters] Hex input RMS -> E | 0.002    A | 0.002    D | 0.002    G | 0.002    B | 0.002    e | 0.002
2025-11-24 05:47:45 [meters] Hex input RMS -> E | 0.001    A | 0.001    D | 0.001    G | 0.001    B | 0.001    e | 0.001
2025-11-24 05:47:45 [meters] Hex input RMS -> E | 0.001    A | 0.001    D | 0.001    G | 0.001    B | 0.001    e | 0.001
2025-11-24 05:47:45 [meters] Hex input RMS -> E | 0.002    A | 0.002    D | 0.002    G | 0.002    B | 0.002    e | 0.002
2025-11-24 05:47:45 [meters] Hex input RMS -> E | 0.002    A | 0.002    D | 0.002    G | 0.002    B | 0.002    e | 0.002
2025-11-24 05:47:45 [meters] Hex input RMS -> E | 0.002    A | 0.002    D | 0.002    G | 0.002    B | 0.002    e | 0.001
2025-11-24 05:47:45 [meters] Hex input RMS -> E | 0.001    A | 0.001    D | 0.001    G | 0.001    B | 0.001    e | 0.001
2025-11-24 05:47:45 [meters] Hex input RMS -> E | 0.001    A | 0.001    D | 0.001    G | 0.001    B | 0.001    e | 0.001
2025-11-24 05:47:45 [meters] Hex input RMS -> E | 0.002    A | 0.002    D | 0.002    G | 0.002    B | 0.002    e | 0.002
2025-11-24 05:47:45 [meters] Hex input RMS -> E | 0.002    A | 0.002    D | 0.002    G | 0.002    B | 0.002    e | 0.002
2025-11-24 05:47:46 [meters] Hex input RMS -> E | 0.002    A | 0.002    D | 0.002    G | 0.002    B | 0.002    e | 0.001
2025-11-24 05:47:46 [meters] Hex input RMS -> E | 0.001    A | 0.001    D | 0.001    G | 0.001    B | 0.001    e | 0.001
2025-11-24 05:47:46 [meters] Hex input RMS -> E | 0.001    A | 0.001    D | 0.002    G | 0.001    B | 0.002    e | 0.001
2025-11-24 05:47:46 [meters] Hex input RMS -> E | 0.002    A | 0.002    D | 0.002    G | 0.002    B | 0.002    e | 0.002
2025-11-24 05:47:46 [meters] Hex input RMS -> E | 0.002    A | 0.002    D | 0.002    G | 0.002    B | 0.002    e | 0.002
2025-11-24 05:47:46 [meters] Hex input RMS -> E | 0.001    A | 0.001    D | 0.002    G | 0.001    B | 0.001    e | 0.001
2025-11-24 05:47:46 [meters] Hex input RMS -> E | 0.001    A | 0.001    D | 0.001    G | 0.001    B | 0.001    e | 0.001
2025-11-24 05:47:46 [meters] Hex input RMS -> E | 0.002    A | 0.002    D | 0.002    G | 0.002    B | 0.002    e | 0.002
2025-11-24 05:47:46 [meters] Hex input RMS -> E | 0.002    A | 0.002    D | 0.002    G | 0.002    B | 0.002    e | 0.002
2025-11-24 05:47:46 [meters] Hex input RMS -> E | 0.002    A | 0.002    D | 0.002    G | 0.002    B | 0.002    e | 0.002
2025-11-24 05:47:46 [meters] Hex input RMS -> E | 0.001    A | 0.001    D | 0.001    G | 0.001    B | 0.001    e | 0.001
2025-11-24 05:47:46 [meters] Hex input RMS -> E | 0.001    A | 0.001    D | 0.001    G | 0.001    B | 0.001    e | 0.001
2025-11-24 05:47:46 [meters] Hex input RMS -> E | 0.002    A | 0.002    D | 0.002    G | 0.002    B | 0.002    e | 0.002
2025-11-24 05:47:47 [meters] Hex input RMS -> E | 0.002    A | 0.002    D | 0.002    G | 0.002    B | 0.002    e | 0.002
2025-11-24 05:47:47 [meters] Hex input RMS -> E | 0.002    A | 0.002    D | 0.002    G | 0.002    B | 0.002    e | 0.002
2025-11-24 05:47:47 [meters] Hex input RMS -> E | 0.001    A | 0.001    D | 0.001    G | 0.001    B | 0.001    e | 0.001
2025-11-24 05:47:47 [meters] Hex input RMS -> E | 0.001    A | 0.001    D | 0.001    G | 0.001    B | 0.001    e | 0.001
2025-11-24 05:47:47 [meters] Hex input RMS -> E | 0.002    A | 0.002    D | 0.002    G | 0.002    B | 0.002    e | 0.002
2025-11-24 05:47:47 [meters] Hex input RMS -> E | 0.002    A | 0.002    D | 0.002    G | 0.002    B | 0.002    e | 0.002
2025-11-24 05:47:47 [meters] Hex input RMS -> E | 0.002    A | 0.001    D | 0.002    G | 0.001    B | 0.002    e | 0.001
2025-11-24 05:47:47 [meters] Hex input RMS -> E | 0.001    A | 0.001    D | 0.001    G | 0.001    B | 0.001    e | 0.001
2025-11-24 05:47:47 [meters] Hex input RMS -> E | 0.002    A | 0.001    D | 0.001    G | 0.001    B | 0.002    e | 0.001
2025-11-24 05:47:47 [meters] Hex input RMS -> E | 0.002    A | 0.002    D | 0.002    G | 0.002    B | 0.002    e | 0.002
2025-11-24 05:47:47 [meters] Hex input RMS -> E | 0.002    A | 0.002    D | 0.002    G | 0.002    B | 0.002    e | 0.002
2025-11-24 05:47:47 [meters] Hex input RMS -> E | 0.001    A | 0.001    D | 0.002    G | 0.001    B | 0.001    e | 0.001
2025-11-24 05:47:48 [meters] Hex input RMS -> E | 0.001    A | 0.001    D | 0.001    G | 0.001    B | 0.001    e | 0.001
2025-11-24 05:47:48 [meters] Hex input RMS -> E | 0.002    A | 0.002    D | 0.002    G | 0.002    B | 0.002    e | 0.002
2025-11-24 05:47:48 [meters] Hex input RMS -> E | 0.002    A | 0.002    D | 0.002    G | 0.002    B | 0.002    e | 0.002
2025-11-24 05:47:48 [meters] Hex input RMS -> E | 0.002    A | 0.002    D | 0.002    G | 0.002    B | 0.002    e | 0.002
2025-11-24 05:47:48 [meters] Hex input RMS -> E | 0.001    A | 0.001    D | 0.001    G | 0.001    B | 0.001    e | 0.001
2025-11-24 05:47:48 [meters] Hex input RMS -> E | 0.001    A | 0.001    D | 0.001    G | 0.001    B | 0.001    e | 0.001
2025-11-24 05:47:48 [meters] Hex input RMS -> E | 0.002    A | 0.002    D | 0.002    G | 0.002    B | 0.002    e | 0.002
2025-11-24 05:47:48 [meters] Hex input RMS -> E | 0.002    A | 0.002    D | 0.002    G | 0.002    B | 0.002    e | 0.002
2025-11-24 05:47:48 [meters] Hex input RMS -> E | 0.002    A | 0.002    D | 0.002    G | 0.002    B | 0.002    e | 0.002
2025-11-24 05:47:48 [meters] Hex input RMS -> E | 0.001    A | 0.001    D | 0.001    G | 0.001    B | 0.001    e | 0.001
2025-11-24 05:47:48 [meters] Hex input RMS -> E | 0.001    A | 0.001    D | 0.001    G | 0.001    B | 0.001    e | 0.001
2025-11-24 05:47:48 [meters] Hex input RMS -> E | 0.002    A | 0.002    D | 0.002    G | 0.002    B | 0.002    e | 0.002
2025-11-24 05:47:48 [meters] Hex input RMS -> E | 0.002    A | 0.002    D | 0.002    G | 0.002    B | 0.002    e | 0.002
2025-11-24 05:47:49 [meters] Hex input RMS -> E | 0.002    A | 0.002    D | 0.002    G | 0.001    B | 0.002    e | 0.002
2025-11-24 05:47:49 [meters] Hex input RMS -> E | 0.001    A | 0.001    D | 0.001    G | 0.001    B | 0.001    e | 0.001
2025-11-24 05:47:49 [meters] Hex input RMS -> E | 0.001    A | 0.001    D | 0.001    G | 0.001    B | 0.001    e | 0.001
2025-11-24 05:47:49 [meters] Hex input RMS -> E | 0.002    A | 0.002    D | 0.002    G | 0.002    B | 0.002    e | 0.002
2025-11-24 05:47:49 [meters] Hex input RMS -> E | 0.002    A | 0.002    D | 0.002    G | 0.002    B | 0.002    e | 0.002
2025-11-24 05:47:49 [meters] Hex input RMS -> E | 0.001    A | 0.001    D | 0.001    G | 0.001    B | 0.001    e | 0.001
2025-11-24 05:47:49 [meters] Hex input RMS -> E | 0.001    A | 0.001    D | 0.001    G | 0.001    B | 0.001    e | 0.001
2025-11-24 05:47:49 [meters] Hex input RMS -> E | 0.002    A | 0.002    D | 0.002    G | 0.002    B | 0.002    e | 0.002
2025-11-24 05:47:49 [meters] Hex input RMS -> E | 0.002    A | 0.002    D | 0.002    G | 0.002    B | 0.002    e | 0.002
2025-11-24 05:47:49 [meters] Hex input RMS -> E | 0.002    A | 0.002    D | 0.002    G | 0.002    B | 0.002    e | 0.002
2025-11-24 05:47:49 [meters] Hex input RMS -> E | 0.001    A | 0.001    D | 0.001    G | 0.001    B | 0.001    e | 0.001
2025-11-24 05:47:49 [meters] Hex input RMS -> E | 0.001    A | 0.001    D | 0.001    G | 0.001    B | 0.001    e | 0.001
2025-11-24 05:47:50 [meters] Hex input RMS -> E | 0.002    A | 0.002    D | 0.002    G | 0.002    B | 0.002    e | 0.002
2025-11-24 05:47:50 [meters] Hex input RMS -> E | 0.002    A | 0.002    D | 0.002    G | 0.002    B | 0.002    e | 0.002
2025-11-24 05:47:50 [meters] Hex input RMS -> E | 0.002    A | 0.002    D | 0.002    G | 0.002    B | 0.002    e | 0.002
2025-11-24 05:47:50 [meters] Hex input RMS -> E | 0.001    A | 0.001    D | 0.001    G | 0.001    B | 0.001    e | 0.001
2025-11-24 05:47:50 [meters] Hex input RMS -> E | 0.001    A | 0.001    D | 0.001    G | 0.001    B | 0.001    e | 0.001
2025-11-24 05:47:50 [meters] Hex input RMS -> E | 0.002    A | 0.002    D | 0.002    G | 0.002    B | 0.002    e | 0.002
2025-11-24 05:47:50 [meters] Hex input RMS -> E | 0.002    A | 0.002    D | 0.002    G | 0.002    B | 0.002    e | 0.002
2025-11-24 05:47:50 [meters] Hex input RMS -> E | 0.002    A | 0.002    D | 0.002    G | 0.002    B | 0.002    e | 0.002
2025-11-24 05:47:50 [meters] Hex input RMS -> E | 0.001    A | 0.001    D | 0.001    G | 0.001    B | 0.001    e | 0.001
2025-11-24 05:47:50 [meters] Hex input RMS -> E | 0.001    A | 0.001    D | 0.001    G | 0.001    B | 0.001    e | 0.001
2025-11-24 05:47:50 [meters] Hex input RMS -> E | 0.002    A | 0.002    D | 0.002    G | 0.002    B | 0.002    e | 0.002
2025-11-24 05:47:50 [meters] Hex input RMS -> E | 0.002    A | 0.002    D | 0.002    G | 0.002    B | 0.002    e | 0.002
2025-11-24 05:47:50 [meters] Hex input RMS -> E | 0.001    A | 0.001    D | 0.001    G | 0.001    B | 0.001    e | 0.001
2025-11-24 05:47:51 [meters] Hex input RMS -> E | 0.001    A | 0.001    D | 0.001    G | 0.001    B | 0.001    e | 0.001
2025-11-24 05:47:51 [meters] Hex input RMS -> E | 0.002    A | 0.002    D | 0.002    G | 0.002    B | 0.002    e | 0.001
2025-11-24 05:47:51 [meters] Hex input RMS -> E | 0.002    A | 0.002    D | 0.002    G | 0.002    B | 0.002    e | 0.002
2025-11-24 05:47:51 [meters] Hex input RMS -> E | 0.002    A | 0.002    D | 0.002    G | 0.002    B | 0.002    e | 0.002
2025-11-24 05:47:51 [meters] Hex input RMS -> E | 0.001    A | 0.001    D | 0.001    G | 0.001    B | 0.001    e | 0.001
2025-11-24 05:47:51 [meters] Hex input RMS -> E | 0.001    A | 0.001    D | 0.001    G | 0.001    B | 0.001    e | 0.001
2025-11-24 05:47:51 [meters] Hex input RMS -> E | 0.002    A | 0.002    D | 0.002    G | 0.002    B | 0.002    e | 0.002
2025-11-24 05:47:51 [meters] Hex input RMS -> E | 0.002    A | 0.002    D | 0.002    G | 0.002    B | 0.002    e | 0.002
2025-11-24 05:47:51 [meters] Hex input RMS -> E | 0.002    A | 0.002    D | 0.002    G | 0.002    B | 0.002    e | 0.002
2025-11-24 05:47:51 [meters] Hex input RMS -> E | 0.001    A | 0.001    D | 0.001    G | 0.001    B | 0.001    e | 0.001
2025-11-24 05:47:51 [meters] Hex input RMS -> E | 0.001    A | 0.001    D | 0.001    G | 0.001    B | 0.001    e | 0.001
2025-11-24 05:47:51 [meters] Hex input RMS -> E | 0.002    A | 0.002    D | 0.002    G | 0.002    B | 0.002    e | 0.002
2025-11-24 05:47:52 [meters] Hex input RMS -> E | 0.002    A | 0.002    D | 0.002    G | 0.002    B | 0.002    e | 0.002
2025-11-24 05:47:52 [meters] Hex input RMS -> E | 0.002    A | 0.002    D | 0.002    G | 0.002    B | 0.002    e | 0.002
2025-11-24 05:47:52 [meters] Hex input RMS -> E | 0.001    A | 0.001    D | 0.001    G | 0.001    B | 0.001    e | 0.001
2025-11-24 05:47:52 [meters] Hex input RMS -> E | 0.001    A | 0.001    D | 0.002    G | 0.001    B | 0.001    e | 0.001
2025-11-24 05:47:52 [meters] Hex input RMS -> E | 0.002    A | 0.002    D | 0.002    G | 0.002    B | 0.002    e | 0.002
2025-11-24 05:47:52 [meters] Hex input RMS -> E | 0.002    A | 0.002    D | 0.002    G | 0.002    B | 0.002    e | 0.002
2025-11-24 05:47:52 [meters] Hex input RMS -> E | 0.002    A | 0.001    D | 0.002    G | 0.002    B | 0.002    e | 0.001
2025-11-24 05:47:52 [meters] Hex input RMS -> E | 0.001    A | 0.001    D | 0.001    G | 0.001    B | 0.001    e | 0.001
2025-11-24 05:47:52 [meters] Hex input RMS -> E | 0.002    A | 0.002    D | 0.002    G | 0.002    B | 0.002    e | 0.001
2025-11-24 05:47:52 [meters] Hex input RMS -> E | 0.002    A | 0.002    D | 0.002    G | 0.002    B | 0.002    e | 0.002
2025-11-24 05:47:52 [meters] Hex input RMS -> E | 0.002    A | 0.002    D | 0.002    G | 0.002    B | 0.002    e | 0.002
2025-11-24 05:47:52 [meters] Hex input RMS -> E | 0.001    A | 0.001    D | 0.001    G | 0.001    B | 0.001    e | 0.001
2025-11-24 05:47:52 [meters] Hex input RMS -> E | 0.001    A | 0.001    D | 0.001    G | 0.001    B | 0.001    e | 0.001
2025-11-24 05:47:53 [meters] Hex input RMS -> E | 0.002    A | 0.002    D | 0.002    G | 0.002    B | 0.002    e | 0.002
2025-11-24 05:47:53 [meters] Hex input RMS -> E | 0.002    A | 0.002    D | 0.002    G | 0.002    B | 0.002    e | 0.002
2025-11-24 05:47:53 [meters] Hex input RMS -> E | 0.002    A | 0.002    D | 0.002    G | 0.002    B | 0.002    e | 0.002
2025-11-24 05:47:53 [meters] Hex input RMS -> E | 0.001    A | 0.001    D | 0.001    G | 0.001    B | 0.001    e | 0.001
2025-11-24 05:47:53 [meters] Hex input RMS -> E | 0.001    A | 0.001    D | 0.001    G | 0.001    B | 0.001    e | 0.001
2025-11-24 05:47:53 [meters] Hex input RMS -> E | 0.002    A | 0.002    D | 0.002    G | 0.002    B | 0.002    e | 0.002
2025-11-24 05:47:53 [meters] Hex input RMS -> E | 0.002    A | 0.002    D | 0.002    G | 0.002    B | 0.002    e | 0.002
2025-11-24 05:47:53 [meters] Hex input RMS -> E | 0.002    A | 0.002    D | 0.002    G | 0.002    B | 0.002    e | 0.001
2025-11-24 05:47:53 [meters] Hex input RMS -> E | 0.001    A | 0.001    D | 0.001    G | 0.001    B | 0.001    e | 0.001
2025-11-24 05:47:53 [meters] Hex input RMS -> E | 0.001    A | 0.001    D | 0.001    G | 0.001    B | 0.001    e | 0.001
2025-11-24 05:47:53 [meters] Hex input RMS -> E | 0.002    A | 0.002    D | 0.002    G | 0.002    B | 0.002    e | 0.002
2025-11-24 05:47:53 [meters] Hex input RMS -> E | 0.002    A | 0.002    D | 0.002    G | 0.002    B | 0.002    e | 0.002
2025-11-24 05:47:54 [meters] Hex input RMS -> E | 0.002    A | 0.001    D | 0.002    G | 0.001    B | 0.002    e | 0.001
2025-11-24 05:47:54 [meters] Hex input RMS -> E | 0.001    A | 0.001    D | 0.001    G | 0.001    B | 0.001    e | 0.001
2025-11-24 05:47:54 [meters] Hex input RMS -> E | 0.002    A | 0.002    D | 0.002    G | 0.002    B | 0.001    e | 0.002
2025-11-24 05:47:54 [meters] Hex input RMS -> E | 0.002    A | 0.002    D | 0.002    G | 0.002    B | 0.002    e | 0.002
2025-11-24 05:47:54 [meters] Hex input RMS -> E | 0.002    A | 0.002    D | 0.002    G | 0.002    B | 0.002    e | 0.002
2025-11-24 05:47:54 [meters] Hex input RMS -> E | 0.001    A | 0.001    D | 0.001    G | 0.001    B | 0.001    e | 0.001
2025-11-24 05:47:54 [meters] Hex input RMS -> E | 0.001    A | 0.001    D | 0.001    G | 0.001    B | 0.001    e | 0.001
2025-11-24 05:47:54 [meters] Hex input RMS -> E | 0.002    A | 0.002    D | 0.002    G | 0.002    B | 0.002    e | 0.002
2025-11-24 05:47:54 [meters] Hex input RMS -> E | 0.002    A | 0.002    D | 0.002    G | 0.002    B | 0.002    e | 0.002
2025-11-24 05:47:54 [meters] Hex input RMS -> E | 0.002    A | 0.002    D | 0.002    G | 0.002    B | 0.002    e | 0.002
2025-11-24 05:47:54 [meters] Hex input RMS -> E | 0.001    A | 0.001    D | 0.001    G | 0.001    B | 0.001    e | 0.001
2025-11-24 05:47:54 [meters] Hex input RMS -> E | 0.001    A | 0.001    D | 0.001    G | 0.001    B | 0.001    e | 0.001
2025-11-24 05:47:54 [meters] Hex input RMS -> E | 0.002    A | 0.002    D | 0.002    G | 0.002    B | 0.002    e | 0.002
2025-11-24 05:47:55 [meters] Hex input RMS -> E | 0.002    A | 0.002    D | 0.002    G | 0.002    B | 0.002    e | 0.002
2025-11-24 05:47:55 [meters] Hex input RMS -> E | 0.002    A | 0.002    D | 0.002    G | 0.002    B | 0.002    e | 0.001
2025-11-24 05:47:55 [meters] Hex input RMS -> E | 0.001    A | 0.001    D | 0.001    G | 0.001    B | 0.001    e | 0.001
2025-11-24 05:47:55 [meters] Hex input RMS -> E | 0.001    A | 0.001    D | 0.002    G | 0.001    B | 0.001    e | 0.001
2025-11-24 05:47:55 [meters] Hex input RMS -> E | 0.002    A | 0.002    D | 0.002    G | 0.002    B | 0.002    e | 0.002
2025-11-24 05:47:55 [meters] Hex input RMS -> E | 0.002    A | 0.002    D | 0.002    G | 0.002    B | 0.002    e | 0.002
2025-11-24 05:47:55 [meters] Hex input RMS -> E | 0.002    A | 0.001    D | 0.001    G | 0.001    B | 0.002    e | 0.001
2025-11-24 05:47:55 [meters] Hex input RMS -> E | 0.001    A | 0.001    D | 0.001    G | 0.001    B | 0.001    e | 0.001
2025-11-24 05:47:55 [meters] Hex input RMS -> E | 0.002    A | 0.001    D | 0.002    G | 0.002    B | 0.002    e | 0.001
2025-11-24 05:47:55 [meters] Hex input RMS -> E | 0.002    A | 0.002    D | 0.002    G | 0.002    B | 0.002    e | 0.002
2025-11-24 05:47:55 [meters] Hex input RMS -> E | 0.002    A | 0.002    D | 0.002    G | 0.002    B | 0.002    e | 0.002
2025-11-24 05:47:55 [meters] Hex input RMS -> E | 0.001    A | 0.001    D | 0.001    G | 0.001    B | 0.001    e | 0.001
2025-11-24 05:47:56 [meters] Hex input RMS -> E | 0.001    A | 0.001    D | 0.001    G | 0.001    B | 0.001    e | 0.001
2025-11-24 05:47:56 [meters] Hex input RMS -> E | 0.002    A | 0.002    D | 0.002    G | 0.001    B | 0.002    e | 0.002
2025-11-24 05:47:56 [meters] Hex input RMS -> E | 0.002    A | 0.002    D | 0.002    G | 0.002    B | 0.002    e | 0.002
2025-11-24 05:47:56 [meters] Hex input RMS -> E | 0.002    A | 0.002    D | 0.002    G | 0.002    B | 0.002    e | 0.002
2025-11-24 05:47:56 [meters] Hex input RMS -> E | 0.001    A | 0.001    D | 0.001    G | 0.001    B | 0.001    e | 0.001
2025-11-24 05:47:56 [meters] Hex input RMS -> E | 0.001    A | 0.001    D | 0.001    G | 0.001    B | 0.001    e | 0.001
2025-11-24 05:47:56 [meters] Hex input RMS -> E | 0.002    A | 0.002    D | 0.002    G | 0.002    B | 0.002    e | 0.002
2025-11-24 05:47:56 [meters] Hex input RMS -> E | 0.002    A | 0.002    D | 0.002    G | 0.002    B | 0.002    e | 0.002
2025-11-24 05:47:56 [meters] Hex input RMS -> E | 0.002    A | 0.002    D | 0.002    G | 0.002    B | 0.002    e | 0.002
2025-11-24 05:47:56 [meters] Hex input RMS -> E | 0.001    A | 0.001    D | 0.001    G | 0.001    B | 0.001    e | 0.001
2025-11-24 05:47:56 [meters] Hex input RMS -> E | 0.001    A | 0.001    D | 0.001    G | 0.001    B | 0.001    e | 0.001
2025-11-24 05:47:56 [meters] Hex input RMS -> E | 0.002    A | 0.002    D | 0.002    G | 0.002    B | 0.002    e | 0.002
2025-11-24 05:47:56 [meters] Hex input RMS -> E | 0.002    A | 0.002    D | 0.002    G | 0.002    B | 0.002    e | 0.002
2025-11-24 05:47:57 [meters] Hex input RMS -> E | 0.002    A | 0.002    D | 0.002    G | 0.001    B | 0.002    e | 0.001
2025-11-24 05:47:57 [meters] Hex input RMS -> E | 0.001    A | 0.001    D | 0.001    G | 0.001    B | 0.001    e | 0.001
2025-11-24 05:47:57 [meters] Hex input RMS -> E | 0.002    A | 0.001    D | 0.002    G | 0.001    B | 0.001    e | 0.001
2025-11-24 05:47:57 [meters] Hex input RMS -> E | 0.002    A | 0.002    D | 0.002    G | 0.002    B | 0.002    e | 0.002
2025-11-24 05:47:57 [meters] Hex input RMS -> E | 0.002    A | 0.002    D | 0.002    G | 0.002    B | 0.002    e | 0.002
2025-11-24 05:47:57 [meters] Hex input RMS -> E | 0.001    A | 0.001    D | 0.002    G | 0.001    B | 0.001    e | 0.001
2025-11-24 05:47:57 [meters] Hex input RMS -> E | 0.001    A | 0.001    D | 0.001    G | 0.001    B | 0.001    e | 0.001
2025-11-24 05:47:57 [meters] Hex input RMS -> E | 0.002    A | 0.002    D | 0.002    G | 0.002    B | 0.002    e | 0.002
2025-11-24 05:47:57 [meters] Hex input RMS -> E | 0.002    A | 0.002    D | 0.002    G | 0.002    B | 0.002    e | 0.002
2025-11-24 05:47:57 [meters] Hex input RMS -> E | 0.002    A | 0.002    D | 0.002    G | 0.002    B | 0.002    e | 0.002
2025-11-24 05:47:57 [meters] Hex input RMS -> E | 0.001    A | 0.001    D | 0.001    G | 0.001    B | 0.001    e | 0.001
2025-11-24 05:47:57 [meters] Hex input RMS -> E | 0.001    A | 0.001    D | 0.001    G | 0.001    B | 0.001    e | 0.001
2025-11-24 05:47:58 [meters] Hex input RMS -> E | 0.002    A | 0.002    D | 0.002    G | 0.002    B | 0.002    e | 0.002
2025-11-24 05:47:58 [meters] Hex input RMS -> E | 0.002    A | 0.002    D | 0.002    G | 0.002    B | 0.002    e | 0.002
2025-11-24 05:47:58 [meters] Hex input RMS -> E | 0.002    A | 0.002    D | 0.002    G | 0.002    B | 0.002    e | 0.002
2025-11-24 05:47:58 [meters] Hex input RMS -> E | 0.001    A | 0.001    D | 0.001    G | 0.001    B | 0.001    e | 0.001
2025-11-24 05:47:58 [meters] Hex input RMS -> E | 0.001    A | 0.001    D | 0.001    G | 0.001    B | 0.001    e | 0.001
2025-11-24 05:47:58 [meters] Hex input RMS -> E | 0.002    A | 0.002    D | 0.002    G | 0.002    B | 0.002    e | 0.002
2025-11-24 05:47:58 [meters] Hex input RMS -> E | 0.002    A | 0.002    D | 0.002    G | 0.002    B | 0.002    e | 0.002
2025-11-24 05:47:58 [meters] Hex input RMS -> E | 0.002    A | 0.001    D | 0.002    G | 0.001    B | 0.001    e | 0.001
2025-11-24 05:47:58 [meters] Hex input RMS -> E | 0.001    A | 0.001    D | 0.001    G | 0.001    B | 0.001    e | 0.001
2025-11-24 05:47:58 [meters] Hex input RMS -> E | 0.001    A | 0.001    D | 0.001    G | 0.001    B | 0.002    e | 0.001
2025-11-24 05:47:58 [meters] Hex input RMS -> E | 0.002    A | 0.002    D | 0.002    G | 0.002    B | 0.002    e | 0.002
2025-11-24 05:47:58 [meters] Hex input RMS -> E | 0.002    A | 0.002    D | 0.002    G | 0.002    B | 0.002    e | 0.002
2025-11-24 05:47:58 [meters] Hex input RMS -> E | 0.001    A | 0.001    D | 0.001    G | 0.001    B | 0.001    e | 0.001
2025-11-24 05:47:59 [meters] Hex input RMS -> E | 0.001    A | 0.001    D | 0.001    G | 0.001    B | 0.001    e | 0.001
2025-11-24 05:47:59 [meters] Hex input RMS -> E | 0.002    A | 0.002    D | 0.002    G | 0.002    B | 0.002    e | 0.002
2025-11-24 05:47:59 [meters] Hex input RMS -> E | 0.002    A | 0.002    D | 0.002    G | 0.002    B | 0.002    e | 0.002
2025-11-24 05:47:59 [meters] Hex input RMS -> E | 0.002    A | 0.002    D | 0.002    G | 0.002    B | 0.002    e | 0.002
2025-11-24 05:47:59 [meters] Hex input RMS -> E | 0.001    A | 0.001    D | 0.001    G | 0.001    B | 0.001    e | 0.001
2025-11-24 05:47:59 [meters] Hex input RMS -> E | 0.001    A | 0.001    D | 0.001    G | 0.001    B | 0.001    e | 0.001
2025-11-24 05:47:59 [meters] Hex input RMS -> E | 0.002    A | 0.002    D | 0.002    G | 0.002    B | 0.002    e | 0.002
2025-11-24 05:47:59 [meters] Hex input RMS -> E | 0.002    A | 0.002    D | 0.002    G | 0.002    B | 0.002    e | 0.002
2025-11-24 05:47:59 [meters] Hex input RMS -> E | 0.002    A | 0.002    D | 0.002    G | 0.002    B | 0.002    e | 0.002
2025-11-24 05:47:59 [meters] Hex input RMS -> E | 0.001    A | 0.001    D | 0.001    G | 0.001    B | 0.001    e | 0.001
2025-11-24 05:47:59 [meters] Hex input RMS -> E | 0.001    A | 0.001    D | 0.001    G | 0.001    B | 0.001    e | 0.001
2025-11-24 05:47:59 [meters] Hex input RMS -> E | 0.002    A | 0.002    D | 0.002    G | 0.002    B | 0.002    e | 0.002
2025-11-24 05:48:00 [meters] Hex input RMS -> E | 0.002    A | 0.002    D | 0.002    G | 0.002    B | 0.002    e | 0.002
2025-11-24 05:48:00 [meters] Hex input RMS -> E | 0.002    A | 0.001    D | 0.002    G | 0.001    B | 0.001    e | 0.001
2025-11-24 05:48:00 [meters] Hex input RMS -> E | 0.001    A | 0.001    D | 0.001    G | 0.001    B | 0.001    e | 0.001
2025-11-24 05:48:00 [meters] Hex input RMS -> E | 0.002    A | 0.001    D | 0.002    G | 0.002    B | 0.001    e | 0.001
2025-11-24 05:48:00 [meters] Hex input RMS -> E | 0.002    A | 0.002    D | 0.002    G | 0.002    B | 0.002    e | 0.002
2025-11-24 05:48:00 [meters] Hex input RMS -> E | 0.002    A | 0.002    D | 0.002    G | 0.002    B | 0.002    e | 0.002
2025-11-24 05:48:00 [meters] Hex input RMS -> E | 0.001    A | 0.001    D | 0.001    G | 0.001    B | 0.001    e | 0.001
2025-11-24 05:48:00 [meters] Hex input RMS -> E | 0.001    A | 0.001    D | 0.001    G | 0.001    B | 0.001    e | 0.001
2025-11-24 05:48:00 [meters] Hex input RMS -> E | 0.002    A | 0.002    D | 0.002    G | 0.002    B | 0.002    e | 0.002
2025-11-24 05:48:00 [meters] Hex input RMS -> E | 0.002    A | 0.002    D | 0.002    G | 0.002    B | 0.002    e | 0.002
2025-11-24 05:48:00 [meters] Hex input RMS -> E | 0.002    A | 0.002    D | 0.002    G | 0.002    B | 0.002    e | 0.002
2025-11-24 05:48:00 [meters] Hex input RMS -> E | 0.001    A | 0.001    D | 0.001    G | 0.001    B | 0.001    e | 0.001
2025-11-24 05:48:00 [meters] Hex input RMS -> E | 0.001    A | 0.001    D | 0.001    G | 0.001    B | 0.001    e | 0.001
2025-11-24 05:48:01 [meters] Hex input RMS -> E | 0.002    A | 0.002    D | 0.002    G | 0.002    B | 0.002    e | 0.002
2025-11-24 05:48:01 [meters] Hex input RMS -> E | 0.002    A | 0.002    D | 0.002    G | 0.002    B | 0.002    e | 0.002
2025-11-24 05:48:01 [meters] Hex input RMS -> E | 0.002    A | 0.002    D | 0.002    G | 0.002    B | 0.002    e | 0.002
2025-11-24 05:48:01 [meters] Hex input RMS -> E | 0.001    A | 0.001    D | 0.001    G | 0.001    B | 0.001    e | 0.001
2025-11-24 05:48:01 [meters] Hex input RMS -> E | 0.001    A | 0.001    D | 0.001    G | 0.001    B | 0.001    e | 0.001
2025-11-24 05:48:01 [meters] Hex input RMS -> E | 0.002    A | 0.002    D | 0.002    G | 0.002    B | 0.002    e | 0.002
2025-11-24 05:48:01 [meters] Hex input RMS -> E | 0.002    A | 0.002    D | 0.002    G | 0.002    B | 0.002    e | 0.002
2025-11-24 05:48:01 [meters] Hex input RMS -> E | 0.002    A | 0.002    D | 0.002    G | 0.002    B | 0.002    e | 0.001
2025-11-24 05:48:01 [meters] Hex input RMS -> E | 0.001    A | 0.001    D | 0.001    G | 0.001    B | 0.001    e | 0.001
2025-11-24 05:48:01 [meters] Hex input RMS -> E | 0.001    A | 0.001    D | 0.001    G | 0.001    B | 0.001    e | 0.001
2025-11-24 05:48:01 [meters] Hex input RMS -> E | 0.002    A | 0.002    D | 0.002    G | 0.002    B | 0.002    e | 0.002
2025-11-24 05:48:01 [meters] Hex input RMS -> E | 0.002    A | 0.002    D | 0.002    G | 0.002    B | 0.002    e | 0.002
2025-11-24 05:48:02 [meters] Hex input RMS -> E | 0.001    A | 0.001    D | 0.002    G | 0.002    B | 0.001    e | 0.001
2025-11-24 05:48:02 [meters] Hex input RMS -> E | 0.001    A | 0.001    D | 0.001    G | 0.001    B | 0.001    e | 0.001
2025-11-24 05:48:02 [meters] Hex input RMS -> E | 0.002    A | 0.002    D | 0.002    G | 0.002    B | 0.002    e | 0.001
2025-11-24 05:48:02 [meters] Hex input RMS -> E | 0.002    A | 0.002    D | 0.002    G | 0.002    B | 0.002    e | 0.002
2025-11-24 05:48:02 [meters] Hex input RMS -> E | 0.002    A | 0.002    D | 0.002    G | 0.002    B | 0.002    e | 0.002
2025-11-24 05:48:02 [meters] Hex input RMS -> E | 0.001    A | 0.001    D | 0.001    G | 0.001    B | 0.001    e | 0.001
2025-11-24 05:48:02 [meters] Hex input RMS -> E | 0.001    A | 0.001    D | 0.001    G | 0.001    B | 0.001    e | 0.001
2025-11-24 05:48:02 [meters] Hex input RMS -> E | 0.002    A | 0.002    D | 0.002    G | 0.002    B | 0.002    e | 0.002
2025-11-24 05:48:02 [meters] Hex input RMS -> E | 0.002    A | 0.002    D | 0.002    G | 0.002    B | 0.002    e | 0.002
2025-11-24 05:48:02 [meters] Hex input RMS -> E | 0.002    A | 0.002    D | 0.002    G | 0.002    B | 0.002    e | 0.002
2025-11-24 05:48:02 [meters] Hex input RMS -> E | 0.001    A | 0.001    D | 0.001    G | 0.001    B | 0.001    e | 0.001
2025-11-24 05:48:02 [meters] Hex input RMS -> E | 0.001    A | 0.001    D | 0.001    G | 0.001    B | 0.001    e | 0.001
2025-11-24 05:48:02 [meters] Hex input RMS -> E | 0.002    A | 0.002    D | 0.002    G | 0.002    B | 0.002    e | 0.002
2025-11-24 05:48:03 [meters] Hex input RMS -> E | 0.002    A | 0.002    D | 0.002    G | 0.002    B | 0.002    e | 0.002
2025-11-24 05:48:03 [meters] Hex input RMS -> E | 0.002    A | 0.002    D | 0.002    G | 0.001    B | 0.001    e | 0.001
2025-11-24 05:48:03 [meters] Hex input RMS -> E | 0.001    A | 0.001    D | 0.001    G | 0.001    B | 0.001    e | 0.001
2025-11-24 05:48:03 [meters] Hex input RMS -> E | 0.002    A | 0.001    D | 0.001    G | 0.001    B | 0.001    e | 0.001
2025-11-24 05:48:03 [meters] Hex input RMS -> E | 0.002    A | 0.002    D | 0.002    G | 0.002    B | 0.002    e | 0.002
2025-11-24 05:48:03 [meters] Hex input RMS -> E | 0.002    A | 0.002    D | 0.002    G | 0.002    B | 0.002    e | 0.002
2025-11-24 05:48:03 [meters] Hex input RMS -> E | 0.001    A | 0.001    D | 0.002    G | 0.001    B | 0.001    e | 0.001
2025-11-24 05:48:03 [meters] Hex input RMS -> E | 0.001    A | 0.001    D | 0.001    G | 0.001    B | 0.001    e | 0.001
2025-11-24 05:48:03 [meters] Hex input RMS -> E | 0.002    A | 0.002    D | 0.002    G | 0.002    B | 0.002    e | 0.002
2025-11-24 05:48:03 [meters] Hex input RMS -> E | 0.002    A | 0.002    D | 0.002    G | 0.002    B | 0.002    e | 0.002
2025-11-24 05:48:03 [meters] Hex input RMS -> E | 0.002    A | 0.002    D | 0.002    G | 0.002    B | 0.002    e | 0.002
2025-11-24 05:48:03 [meters] Hex input RMS -> E | 0.001    A | 0.001    D | 0.001    G | 0.001    B | 0.001    e | 0.001
2025-11-24 05:48:04 [meters] Hex input RMS -> E | 0.001    A | 0.001    D | 0.001    G | 0.001    B | 0.001    e | 0.001
2025-11-24 05:48:04 [meters] Hex input RMS -> E | 0.002    A | 0.002    D | 0.002    G | 0.002    B | 0.002    e | 0.002
2025-11-24 05:48:04 [meters] Hex input RMS -> E | 0.002    A | 0.002    D | 0.002    G | 0.002    B | 0.002    e | 0.002
2025-11-24 05:48:04 [meters] Hex input RMS -> E | 0.002    A | 0.002    D | 0.002    G | 0.002    B | 0.002    e | 0.002
2025-11-24 05:48:04 [meters] Hex input RMS -> E | 0.001    A | 0.001    D | 0.001    G | 0.001    B | 0.001    e | 0.001
2025-11-24 05:48:04 [meters] Hex input RMS -> E | 0.001    A | 0.001    D | 0.001    G | 0.001    B | 0.001    e | 0.001
2025-11-24 05:48:04 [meters] Hex input RMS -> E | 0.002    A | 0.002    D | 0.002    G | 0.002    B | 0.002    e | 0.002
2025-11-24 05:48:04 [meters] Hex input RMS -> E | 0.002    A | 0.002    D | 0.002    G | 0.002    B | 0.002    e | 0.002
2025-11-24 05:48:04 [meters] Hex input RMS -> E | 0.002    A | 0.002    D | 0.002    G | 0.002    B | 0.002    e | 0.001
2025-11-24 05:48:04 [meters] Hex input RMS -> E | 0.001    A | 0.001    D | 0.001    G | 0.001    B | 0.001    e | 0.001
2025-11-24 05:48:04 [meters] Hex input RMS -> E | 0.001    A | 0.001    D | 0.001    G | 0.001    B | 0.001    e | 0.001
2025-11-24 05:48:04 [meters] Hex input RMS -> E | 0.002    A | 0.002    D | 0.002    G | 0.002    B | 0.002    e | 0.002
2025-11-24 05:48:04 [meters] Hex input RMS -> E | 0.002    A | 0.002    D | 0.002    G | 0.002    B | 0.002    e | 0.002
2025-11-24 05:48:05 [meters] Hex input RMS -> E | 0.001    A | 0.001    D | 0.002    G | 0.001    B | 0.002    e | 0.001
2025-11-24 05:48:05 [meters] Hex input RMS -> E | 0.001    A | 0.001    D | 0.001    G | 0.001    B | 0.001    e | 0.001
2025-11-24 05:48:05 [meters] Hex input RMS -> E | 0.002    A | 0.002    D | 0.002    G | 0.002    B | 0.002    e | 0.001
2025-11-24 05:48:05 [meters] Hex input RMS -> E | 0.002    A | 0.002    D | 0.002    G | 0.002    B | 0.002    e | 0.002
2025-11-24 05:48:05 [meters] Hex input RMS -> E | 0.002    A | 0.002    D | 0.002    G | 0.002    B | 0.002    e | 0.002
2025-11-24 05:48:05 [meters] Hex input RMS -> E | 0.001    A | 0.001    D | 0.001    G | 0.001    B | 0.001    e | 0.001
2025-11-24 05:48:05 [meters] Hex input RMS -> E | 0.001    A | 0.001    D | 0.001    G | 0.001    B | 0.001    e | 0.001
2025-11-24 05:48:05 [meters] Hex input RMS -> E | 0.002    A | 0.002    D | 0.002    G | 0.002    B | 0.002    e | 0.002
2025-11-24 05:48:05 [meters] Hex input RMS -> E | 0.002    A | 0.002    D | 0.002    G | 0.002    B | 0.002    e | 0.002
2025-11-24 05:48:05 [meters] Hex input RMS -> E | 0.002    A | 0.002    D | 0.002    G | 0.002    B | 0.002    e | 0.002
2025-11-24 05:48:05 [meters] Hex input RMS -> E | 0.001    A | 0.001    D | 0.001    G | 0.001    B | 0.001    e | 0.001
2025-11-24 05:48:05 [meters] Hex input RMS -> E | 0.001    A | 0.001    D | 0.001    G | 0.001    B | 0.001    e | 0.001
2025-11-24 05:48:06 [meters] Hex input RMS -> E | 0.002    A | 0.002    D | 0.002    G | 0.002    B | 0.002    e | 0.002
2025-11-24 05:48:06 [meters] Hex input RMS -> E | 0.002    A | 0.002    D | 0.002    G | 0.002    B | 0.002    e | 0.002
2025-11-24 05:48:06 [meters] Hex input RMS -> E | 0.002    A | 0.002    D | 0.002    G | 0.002    B | 0.002    e | 0.002
2025-11-24 05:48:06 [meters] Hex input RMS -> E | 0.001    A | 0.001    D | 0.001    G | 0.001    B | 0.001    e | 0.001
2025-11-24 05:48:06 [meters] Hex input RMS -> E | 0.001    A | 0.001    D | 0.001    G | 0.001    B | 0.001    e | 0.001
2025-11-24 05:48:06 [meters] Hex input RMS -> E | 0.002    A | 0.002    D | 0.002    G | 0.002    B | 0.002    e | 0.002
2025-11-24 05:48:06 [meters] Hex input RMS -> E | 0.002    A | 0.002    D | 0.002    G | 0.002    B | 0.002    e | 0.002
2025-11-24 05:48:06 [meters] Hex input RMS -> E | 0.001    A | 0.001    D | 0.002    G | 0.001    B | 0.001    e | 0.001
2025-11-24 05:48:06 [meters] Hex input RMS -> E | 0.001    A | 0.001    D | 0.001    G | 0.001    B | 0.001    e | 0.001
2025-11-24 05:48:06 [meters] Hex input RMS -> E | 0.002    A | 0.002    D | 0.002    G | 0.002    B | 0.002    e | 0.002
2025-11-24 05:48:06 [meters] Hex input RMS -> E | 0.002    A | 0.002    D | 0.002    G | 0.002    B | 0.002    e | 0.002
2025-11-24 05:48:06 [meters] Hex input RMS -> E | 0.002    A | 0.002    D | 0.002    G | 0.002    B | 0.002    e | 0.002
2025-11-24 05:48:06 [meters] Hex input RMS -> E | 0.001    A | 0.001    D | 0.001    G | 0.001    B | 0.001    e | 0.001
2025-11-24 05:48:07 [meters] Hex input RMS -> E | 0.001    A | 0.001    D | 0.001    G | 0.001    B | 0.001    e | 0.001
2025-11-24 05:48:07 [meters] Hex input RMS -> E | 0.002    A | 0.002    D | 0.002    G | 0.002    B | 0.002    e | 0.002
2025-11-24 05:48:07 [meters] Hex input RMS -> E | 0.002    A | 0.002    D | 0.002    G | 0.002    B | 0.002    e | 0.002
2025-11-24 05:48:07 [meters] Hex input RMS -> E | 0.002    A | 0.002    D | 0.002    G | 0.002    B | 0.002    e | 0.002
2025-11-24 05:48:07 [meters] Hex input RMS -> E | 0.001    A | 0.001    D | 0.001    G | 0.001    B | 0.001    e | 0.001
2025-11-24 05:48:07 [meters] Hex input RMS -> E | 0.001    A | 0.001    D | 0.001    G | 0.001    B | 0.001    e | 0.001
2025-11-24 05:48:07 [meters] Hex input RMS -> E | 0.002    A | 0.002    D | 0.002    G | 0.002    B | 0.002    e | 0.002
2025-11-24 05:48:07 [meters] Hex input RMS -> E | 0.002    A | 0.002    D | 0.002    G | 0.002    B | 0.002    e | 0.002
2025-11-24 05:48:07 [meters] Hex input RMS -> E | 0.002    A | 0.002    D | 0.002    G | 0.002    B | 0.002    e | 0.001
2025-11-24 05:48:07 [meters] Hex input RMS -> E | 0.001    A | 0.001    D | 0.001    G | 0.001    B | 0.001    e | 0.001
2025-11-24 05:48:07 [meters] Hex input RMS -> E | 0.001    A | 0.001    D | 0.001    G | 0.001    B | 0.001    e | 0.001
2025-11-24 05:48:07 [meters] Hex input RMS -> E | 0.002    A | 0.002    D | 0.002    G | 0.002    B | 0.002    e | 0.002
2025-11-24 05:48:08 [meters] Hex input RMS -> E | 0.002    A | 0.002    D | 0.002    G | 0.002    B | 0.002    e | 0.002
2025-11-24 05:48:08 [meters] Hex input RMS -> E | 0.002    A | 0.001    D | 0.002    G | 0.001    B | 0.002    e | 0.001
2025-11-24 05:48:08 [meters] Hex input RMS -> E | 0.001    A | 0.001    D | 0.001    G | 0.001    B | 0.001    e | 0.001
2025-11-24 05:48:08 [meters] Hex input RMS -> E | 0.002    A | 0.001    D | 0.002    G | 0.002    B | 0.002    e | 0.002
2025-11-24 05:48:08 [meters] Hex input RMS -> E | 0.002    A | 0.002    D | 0.002    G | 0.002    B | 0.002    e | 0.002
2025-11-24 05:48:08 [meters] Hex input RMS -> E | 0.002    A | 0.002    D | 0.002    G | 0.002    B | 0.002    e | 0.002
2025-11-24 05:48:08 [meters] Hex input RMS -> E | 0.001    A | 0.001    D | 0.001    G | 0.001    B | 0.001    e | 0.001
2025-11-24 05:48:08 [meters] Hex input RMS -> E | 0.001    A | 0.001    D | 0.001    G | 0.001    B | 0.001    e | 0.001
2025-11-24 05:48:08 [meters] Hex input RMS -> E | 0.002    A | 0.002    D | 0.002    G | 0.002    B | 0.002    e | 0.002
2025-11-24 05:48:08 [meters] Hex input RMS -> E | 0.002    A | 0.002    D | 0.002    G | 0.002    B | 0.002    e | 0.002
2025-11-24 05:48:08 [meters] Hex input RMS -> E | 0.002    A | 0.002    D | 0.002    G | 0.002    B | 0.002    e | 0.002
2025-11-24 05:48:08 [meters] Hex input RMS -> E | 0.001    A | 0.001    D | 0.001    G | 0.001    B | 0.001    e | 0.001
2025-11-24 05:48:08 [meters] Hex input RMS -> E | 0.001    A | 0.001    D | 0.001    G | 0.001    B | 0.001    e | 0.001
2025-11-24 05:48:09 [meters] Hex input RMS -> E | 0.002    A | 0.002    D | 0.002    G | 0.002    B | 0.002    e | 0.002
2025-11-24 05:48:09 [meters] Hex input RMS -> E | 0.002    A | 0.002    D | 0.002    G | 0.002    B | 0.002    e | 0.002
2025-11-24 05:48:09 [meters] Hex input RMS -> E | 0.002    A | 0.002    D | 0.002    G | 0.002    B | 0.002    e | 0.002
2025-11-24 05:48:09 [meters] Hex input RMS -> E | 0.001    A | 0.001    D | 0.001    G | 0.001    B | 0.001    e | 0.001
2025-11-24 05:48:09 [meters] Hex input RMS -> E | 0.001    A | 0.001    D | 0.001    G | 0.001    B | 0.001    e | 0.001
2025-11-24 05:48:09 [meters] Hex input RMS -> E | 0.002    A | 0.002    D | 0.002    G | 0.002    B | 0.002    e | 0.002
2025-11-24 05:48:09 [meters] Hex input RMS -> E | 0.002    A | 0.002    D | 0.002    G | 0.002    B | 0.002    e | 0.002
2025-11-24 05:48:09 [meters] Hex input RMS -> E | 0.002    A | 0.001    D | 0.002    G | 0.001    B | 0.002    e | 0.001
2025-11-24 05:48:09 [meters] Hex input RMS -> E | 0.001    A | 0.001    D | 0.001    G | 0.001    B | 0.001    e | 0.001
2025-11-24 05:48:09 [meters] Hex input RMS -> E | 0.002    A | 0.002    D | 0.002    G | 0.001    B | 0.001    e | 0.001
2025-11-24 05:48:09 [meters] Hex input RMS -> E | 0.002    A | 0.002    D | 0.002    G | 0.002    B | 0.002    e | 0.002
2025-11-24 05:48:09 [meters] Hex input RMS -> E | 0.002    A | 0.002    D | 0.002    G | 0.002    B | 0.002    e | 0.002
2025-11-24 05:48:10 [meters] Hex input RMS -> E | 0.001    A | 0.001    D | 0.001    G | 0.001    B | 0.001    e | 0.001
2025-11-24 05:48:10 [meters] Hex input RMS -> E | 0.001    A | 0.001    D | 0.001    G | 0.001    B | 0.001    e | 0.001
2025-11-24 05:48:10 [meters] Hex input RMS -> E | 0.002    A | 0.002    D | 0.002    G | 0.002    B | 0.002    e | 0.002
2025-11-24 05:48:10 [meters] Hex input RMS -> E | 0.002    A | 0.002    D | 0.002    G | 0.002    B | 0.002    e | 0.002
2025-11-24 05:48:10 [meters] Hex input RMS -> E | 0.002    A | 0.002    D | 0.002    G | 0.002    B | 0.002    e | 0.002
2025-11-24 05:48:10 [meters] Hex input RMS -> E | 0.001    A | 0.001    D | 0.001    G | 0.001    B | 0.001    e | 0.001
2025-11-24 05:48:10 [meters] Hex input RMS -> E | 0.001    A | 0.001    D | 0.001    G | 0.001    B | 0.001    e | 0.001
2025-11-24 05:48:10 [meters] Hex input RMS -> E | 0.002    A | 0.002    D | 0.002    G | 0.002    B | 0.002    e | 0.002
2025-11-24 05:48:10 [meters] Hex input RMS -> E | 0.002    A | 0.002    D | 0.002    G | 0.002    B | 0.002    e | 0.002
2025-11-24 05:48:10 [meters] Hex input RMS -> E | 0.002    A | 0.002    D | 0.002    G | 0.002    B | 0.002    e | 0.001
2025-11-24 05:48:10 [meters] Hex input RMS -> E | 0.001    A | 0.001    D | 0.001    G | 0.001    B | 0.001    e | 0.001
2025-11-24 05:48:10 [meters] Hex input RMS -> E | 0.001    A | 0.001    D | 0.001    G | 0.001    B | 0.001    e | 0.001
2025-11-24 05:48:10 [meters] Hex input RMS -> E | 0.002    A | 0.002    D | 0.002    G | 0.002    B | 0.002    e | 0.002
2025-11-24 05:48:11 [meters] Hex input RMS -> E | 0.002    A | 0.002    D | 0.002    G | 0.002    B | 0.002    e | 0.002
2025-11-24 05:48:11 [meters] Hex input RMS -> E | 0.002    A | 0.001    D | 0.002    G | 0.001    B | 0.002    e | 0.001
2025-11-24 05:48:11 [meters] Hex input RMS -> E | 0.001    A | 0.001    D | 0.001    G | 0.001    B | 0.001    e | 0.001
2025-11-24 05:48:11 [meters] Hex input RMS -> E | 0.002    A | 0.002    D | 0.002    G | 0.001    B | 0.001    e | 0.001
2025-11-24 05:48:11 [meters] Hex input RMS -> E | 0.002    A | 0.002    D | 0.002    G | 0.002    B | 0.002    e | 0.002
2025-11-24 05:48:11 [meters] Hex input RMS -> E | 0.002    A | 0.002    D | 0.002    G | 0.002    B | 0.002    e | 0.002
2025-11-24 05:48:11 [meters] Hex input RMS -> E | 0.001    A | 0.001    D | 0.001    G | 0.001    B | 0.001    e | 0.001
2025-11-24 05:48:11 [meters] Hex input RMS -> E | 0.001    A | 0.001    D | 0.001    G | 0.001    B | 0.001    e | 0.001
2025-11-24 05:48:11 [meters] Hex input RMS -> E | 0.002    A | 0.002    D | 0.002    G | 0.002    B | 0.002    e | 0.002
2025-11-24 05:48:11 [meters] Hex input RMS -> E | 0.002    A | 0.002    D | 0.002    G | 0.002    B | 0.002    e | 0.002
2025-11-24 05:48:11 [meters] Hex input RMS -> E | 0.002    A | 0.002    D | 0.002    G | 0.002    B | 0.002    e | 0.002
2025-11-24 05:48:11 [meters] Hex input RMS -> E | 0.001    A | 0.001    D | 0.001    G | 0.001    B | 0.001    e | 0.001
2025-11-24 05:48:12 [meters] Hex input RMS -> E | 0.001    A | 0.001    D | 0.001    G | 0.001    B | 0.001    e | 0.001
2025-11-24 05:48:12 [meters] Hex input RMS -> E | 0.002    A | 0.002    D | 0.002    G | 0.002    B | 0.002    e | 0.002
2025-11-24 05:48:12 [meters] Hex input RMS -> E | 0.002    A | 0.002    D | 0.002    G | 0.002    B | 0.002    e | 0.002
2025-11-24 05:48:12 [meters] Hex input RMS -> E | 0.002    A | 0.002    D | 0.002    G | 0.002    B | 0.002    e | 0.002
2025-11-24 05:48:12 [meters] Hex input RMS -> E | 0.001    A | 0.001    D | 0.001    G | 0.001    B | 0.001    e | 0.001
2025-11-24 05:48:12 [meters] Hex input RMS -> E | 0.001    A | 0.001    D | 0.001    G | 0.001    B | 0.001    e | 0.001
2025-11-24 05:48:12 [meters] Hex input RMS -> E | 0.002    A | 0.002    D | 0.002    G | 0.002    B | 0.002    e | 0.002
2025-11-24 05:48:12 [meters] Hex input RMS -> E | 0.002    A | 0.002    D | 0.002    G | 0.002    B | 0.002    e | 0.002
2025-11-24 05:48:12 [meters] Hex input RMS -> E | 0.002    A | 0.002    D | 0.002    G | 0.001    B | 0.001    e | 0.001
2025-11-24 05:48:12 [meters] Hex input RMS -> E | 0.001    A | 0.001    D | 0.001    G | 0.001    B | 0.001    e | 0.001
2025-11-24 05:48:12 [meters] Hex input RMS -> E | 0.002    A | 0.001    D | 0.002    G | 0.001    B | 0.001    e | 0.001
2025-11-24 05:48:12 [meters] Hex input RMS -> E | 0.002    A | 0.002    D | 0.002    G | 0.002    B | 0.002    e | 0.002
2025-11-24 05:48:12 [meters] Hex input RMS -> E | 0.002    A | 0.002    D | 0.002    G | 0.002    B | 0.002    e | 0.002
2025-11-24 05:48:13 [meters] Hex input RMS -> E | 0.001    A | 0.001    D | 0.001    G | 0.001    B | 0.001    e | 0.001
2025-11-24 05:48:13 [meters] Hex input RMS -> E | 0.001    A | 0.001    D | 0.001    G | 0.001    B | 0.001    e | 0.001
2025-11-24 05:48:13 [meters] Hex input RMS -> E | 0.002    A | 0.002    D | 0.002    G | 0.002    B | 0.002    e | 0.002
2025-11-24 05:48:13 [meters] Hex input RMS -> E | 0.002    A | 0.002    D | 0.002    G | 0.002    B | 0.002    e | 0.002
2025-11-24 05:48:13 [meters] Hex input RMS -> E | 0.002    A | 0.002    D | 0.002    G | 0.002    B | 0.002    e | 0.002
2025-11-24 05:48:13 [meters] Hex input RMS -> E | 0.001    A | 0.001    D | 0.001    G | 0.001    B | 0.001    e | 0.001
2025-11-24 05:48:13 [meters] Hex input RMS -> E | 0.001    A | 0.001    D | 0.001    G | 0.001    B | 0.001    e | 0.001
2025-11-24 05:48:13 [meters] Hex input RMS -> E | 0.002    A | 0.002    D | 0.002    G | 0.002    B | 0.002    e | 0.002
2025-11-24 05:48:13 [meters] Hex input RMS -> E | 0.002    A | 0.002    D | 0.002    G | 0.002    B | 0.002    e | 0.002
2025-11-24 05:48:13 [meters] Hex input RMS -> E | 0.002    A | 0.002    D | 0.002    G | 0.002    B | 0.002    e | 0.001
2025-11-24 05:48:13 [meters] Hex input RMS -> E | 0.001    A | 0.001    D | 0.001    G | 0.001    B | 0.001    e | 0.001
2025-11-24 05:48:13 [meters] Hex input RMS -> E | 0.001    A | 0.001    D | 0.001    G | 0.001    B | 0.001    e | 0.001
2025-11-24 05:48:14 [meters] Hex input RMS -> E | 0.002    A | 0.002    D | 0.002    G | 0.002    B | 0.002    e | 0.002
2025-11-24 05:48:14 [meters] Hex input RMS -> E | 0.002    A | 0.002    D | 0.002    G | 0.002    B | 0.002    e | 0.002
2025-11-24 05:48:14 [meters] Hex input RMS -> E | 0.002    A | 0.002    D | 0.002    G | 0.001    B | 0.002    e | 0.001
2025-11-24 05:48:14 [meters] Hex input RMS -> E | 0.001    A | 0.001    D | 0.001    G | 0.001    B | 0.001    e | 0.001
2025-11-24 05:48:14 [meters] Hex input RMS -> E | 0.001    A | 0.001    D | 0.001    G | 0.001    B | 0.001    e | 0.001
2025-11-24 05:48:14 [meters] Hex input RMS -> E | 0.002    A | 0.002    D | 0.002    G | 0.002    B | 0.002    e | 0.002
2025-11-24 05:48:14 [meters] Hex input RMS -> E | 0.002    A | 0.002    D | 0.002    G | 0.002    B | 0.002    e | 0.002
2025-11-24 05:48:14 [meters] Hex input RMS -> E | 0.001    A | 0.001    D | 0.001    G | 0.001    B | 0.001    e | 0.001
2025-11-24 05:48:14 [meters] Hex input RMS -> E | 0.001    A | 0.001    D | 0.001    G | 0.001    B | 0.001    e | 0.001
2025-11-24 05:48:14 [meters] Hex input RMS -> E | 0.002    A | 0.002    D | 0.002    G | 0.002    B | 0.002    e | 0.002
2025-11-24 05:48:14 [meters] Hex input RMS -> E | 0.002    A | 0.002    D | 0.002    G | 0.002    B | 0.002    e | 0.002
2025-11-24 05:48:14 [meters] Hex input RMS -> E | 0.002    A | 0.002    D | 0.002    G | 0.002    B | 0.002    e | 0.002
2025-11-24 05:48:14 [meters] Hex input RMS -> E | 0.001    A | 0.001    D | 0.001    G | 0.001    B | 0.001    e | 0.001
2025-11-24 05:48:15 [meters] Hex input RMS -> E | 0.001    A | 0.001    D | 0.001    G | 0.001    B | 0.001    e | 0.001
2025-11-24 05:48:15 [meters] Hex input RMS -> E | 0.002    A | 0.002    D | 0.002    G | 0.002    B | 0.002    e | 0.002
2025-11-24 05:48:15 [meters] Hex input RMS -> E | 0.002    A | 0.002    D | 0.002    G | 0.002    B | 0.002    e | 0.002
2025-11-24 05:48:15 [meters] Hex input RMS -> E | 0.002    A | 0.002    D | 0.002    G | 0.002    B | 0.002    e | 0.002
2025-11-24 05:48:15 [meters] Hex input RMS -> E | 0.001    A | 0.001    D | 0.001    G | 0.001    B | 0.001    e | 0.001
2025-11-24 05:48:15 [meters] Hex input RMS -> E | 0.001    A | 0.001    D | 0.001    G | 0.001    B | 0.001    e | 0.001
2025-11-24 05:48:15 [meters] Hex input RMS -> E | 0.002    A | 0.002    D | 0.002    G | 0.002    B | 0.002    e | 0.002
2025-11-24 05:48:15 [meters] Hex input RMS -> E | 0.002    A | 0.002    D | 0.002    G | 0.002    B | 0.002    e | 0.002
2025-11-24 05:48:15 [meters] Hex input RMS -> E | 0.002    A | 0.001    D | 0.002    G | 0.002    B | 0.002    e | 0.002
2025-11-24 05:48:15 [meters] Hex input RMS -> E | 0.001    A | 0.001    D | 0.001    G | 0.001    B | 0.001    e | 0.001
2025-11-24 05:48:15 [meters] Hex input RMS -> E | 0.001    A | 0.001    D | 0.001    G | 0.001    B | 0.001    e | 0.001
2025-11-24 05:48:15 [meters] Hex input RMS -> E | 0.002    A | 0.002    D | 0.002    G | 0.002    B | 0.002    e | 0.002
2025-11-24 05:48:16 [meters] Hex input RMS -> E | 0.002    A | 0.002    D | 0.002    G | 0.002    B | 0.002    e | 0.002
2025-11-24 05:48:16 [meters] Hex input RMS -> E | 0.001    A | 0.001    D | 0.002    G | 0.001    B | 0.001    e | 0.001
2025-11-24 05:48:16 [meters] Hex input RMS -> E | 0.001    A | 0.001    D | 0.001    G | 0.001    B | 0.001    e | 0.001
2025-11-24 05:48:16 [meters] Hex input RMS -> E | 0.002    A | 0.002    D | 0.002    G | 0.002    B | 0.002    e | 0.001
2025-11-24 05:48:16 [meters] Hex input RMS -> E | 0.002    A | 0.002    D | 0.002    G | 0.002    B | 0.002    e | 0.002
2025-11-24 05:48:16 [meters] Hex input RMS -> E | 0.002    A | 0.002    D | 0.002    G | 0.002    B | 0.002    e | 0.002
2025-11-24 05:48:16 [meters] Hex input RMS -> E | 0.001    A | 0.001    D | 0.001    G | 0.001    B | 0.001    e | 0.001
2025-11-24 05:48:16 [meters] Hex input RMS -> E | 0.001    A | 0.001    D | 0.001    G | 0.001    B | 0.001    e | 0.001
2025-11-24 05:48:16 [meters] Hex input RMS -> E | 0.002    A | 0.002    D | 0.002    G | 0.002    B | 0.002    e | 0.002
2025-11-24 05:48:16 [meters] Hex input RMS -> E | 0.002    A | 0.002    D | 0.002    G | 0.002    B | 0.002    e | 0.002
2025-11-24 05:48:16 [meters] Hex input RMS -> E | 0.002    A | 0.002    D | 0.002    G | 0.002    B | 0.002    e | 0.002
2025-11-24 05:48:16 [meters] Hex input RMS -> E | 0.001    A | 0.001    D | 0.001    G | 0.001    B | 0.001    e | 0.001
2025-11-24 05:48:16 [meters] Hex input RMS -> E | 0.001    A | 0.001    D | 0.001    G | 0.001    B | 0.001    e | 0.001
2025-11-24 05:48:17 [meters] Hex input RMS -> E | 0.002    A | 0.002    D | 0.002    G | 0.002    B | 0.002    e | 0.002
2025-11-24 05:48:17 [meters] Hex input RMS -> E | 0.002    A | 0.002    D | 0.002    G | 0.002    B | 0.002    e | 0.002
2025-11-24 05:48:17 [meters] Hex input RMS -> E | 0.002    A | 0.002    D | 0.002    G | 0.002    B | 0.002    e | 0.001
2025-11-24 05:48:17 [meters] Hex input RMS -> E | 0.001    A | 0.001    D | 0.001    G | 0.001    B | 0.001    e | 0.001
2025-11-24 05:48:17 [meters] Hex input RMS -> E | 0.001    A | 0.001    D | 0.002    G | 0.001    B | 0.001    e | 0.001
2025-11-24 05:48:17 [meters] Hex input RMS -> E | 0.002    A | 0.002    D | 0.002    G | 0.002    B | 0.002    e | 0.002
2025-11-24 05:48:17 [meters] Hex input RMS -> E | 0.002    A | 0.002    D | 0.002    G | 0.002    B | 0.002    e | 0.002
2025-11-24 05:48:17 [meters] Hex input RMS -> E | 0.002    A | 0.001    D | 0.002    G | 0.001    B | 0.001    e | 0.001
2025-11-24 05:48:17 [meters] Hex input RMS -> E | 0.001    A | 0.001    D | 0.001    G | 0.001    B | 0.001    e | 0.001
2025-11-24 05:48:17 [meters] Hex input RMS -> E | 0.002    A | 0.001    D | 0.002    G | 0.002    B | 0.002    e | 0.002
2025-11-24 05:48:17 [meters] Hex input RMS -> E | 0.002    A | 0.002    D | 0.002    G | 0.002    B | 0.002    e | 0.002
2025-11-24 05:48:17 [meters] Hex input RMS -> E | 0.002    A | 0.002    D | 0.002    G | 0.002    B | 0.002    e | 0.002
2025-11-24 05:48:18 [meters] Hex input RMS -> E | 0.001    A | 0.001    D | 0.001    G | 0.001    B | 0.001    e | 0.001
2025-11-24 05:48:18 [meters] Hex input RMS -> E | 0.001    A | 0.001    D | 0.001    G | 0.001    B | 0.001    e | 0.001
2025-11-24 05:48:18 [meters] Hex input RMS -> E | 0.002    A | 0.002    D | 0.002    G | 0.002    B | 0.002    e | 0.002
2025-11-24 05:48:18 [meters] Hex input RMS -> E | 0.002    A | 0.002    D | 0.002    G | 0.002    B | 0.002    e | 0.002
2025-11-24 05:48:18 [meters] Hex input RMS -> E | 0.002    A | 0.002    D | 0.002    G | 0.002    B | 0.002    e | 0.002
2025-11-24 05:48:18 [meters] Hex input RMS -> E | 0.001    A | 0.001    D | 0.001    G | 0.001    B | 0.001    e | 0.001
2025-11-24 05:48:18 [meters] Hex input RMS -> E | 0.001    A | 0.001    D | 0.001    G | 0.001    B | 0.001    e | 0.001
2025-11-24 05:48:18 [meters] Hex input RMS -> E | 0.002    A | 0.002    D | 0.002    G | 0.002    B | 0.002    e | 0.002
2025-11-24 05:48:18 [meters] Hex input RMS -> E | 0.002    A | 0.002    D | 0.002    G | 0.002    B | 0.002    e | 0.002
2025-11-24 05:48:18 [meters] Hex input RMS -> E | 0.002    A | 0.002    D | 0.002    G | 0.001    B | 0.002    e | 0.001
2025-11-24 05:48:18 [meters] Hex input RMS -> E | 0.001    A | 0.001    D | 0.001    G | 0.001    B | 0.001    e | 0.001
2025-11-24 05:48:18 [meters] Hex input RMS -> E | 0.001    A | 0.001    D | 0.001    G | 0.001    B | 0.002    e | 0.001
2025-11-24 05:48:18 [meters] Hex input RMS -> E | 0.002    A | 0.002    D | 0.002    G | 0.002    B | 0.002    e | 0.002
2025-11-24 05:48:19 [meters] Hex input RMS -> E | 0.002    A | 0.002    D | 0.002    G | 0.002    B | 0.002    e | 0.002
2025-11-24 05:48:19 [meters] Hex input RMS -> E | 0.001    A | 0.001    D | 0.001    G | 0.001    B | 0.001    e | 0.001
2025-11-24 05:48:19 [meters] Hex input RMS -> E | 0.001    A | 0.001    D | 0.001    G | 0.001    B | 0.001    e | 0.001
2025-11-24 05:48:19 [meters] Hex input RMS -> E | 0.002    A | 0.002    D | 0.002    G | 0.002    B | 0.002    e | 0.002
2025-11-24 05:48:19 [meters] Hex input RMS -> E | 0.002    A | 0.002    D | 0.002    G | 0.002    B | 0.002    e | 0.002
2025-11-24 05:48:19 [meters] Hex input RMS -> E | 0.002    A | 0.002    D | 0.002    G | 0.002    B | 0.002    e | 0.002
2025-11-24 05:48:19 [meters] Hex input RMS -> E | 0.001    A | 0.001    D | 0.001    G | 0.001    B | 0.001    e | 0.001
2025-11-24 05:48:19 [meters] Hex input RMS -> E | 0.001    A | 0.001    D | 0.001    G | 0.001    B | 0.001    e | 0.001
2025-11-24 05:48:19 [meters] Hex input RMS -> E | 0.002    A | 0.002    D | 0.002    G | 0.002    B | 0.002    e | 0.002
2025-11-24 05:48:19 [meters] Hex input RMS -> E | 0.002    A | 0.002    D | 0.002    G | 0.002    B | 0.002    e | 0.002
2025-11-24 05:48:19 [meters] Hex input RMS -> E | 0.002    A | 0.002    D | 0.002    G | 0.002    B | 0.002    e | 0.002
2025-11-24 05:48:19 [meters] Hex input RMS -> E | 0.001    A | 0.001    D | 0.001    G | 0.001    B | 0.001    e | 0.001
2025-11-24 05:48:20 [meters] Hex input RMS -> E | 0.001    A | 0.001    D | 0.001    G | 0.001    B | 0.001    e | 0.001
2025-11-24 05:48:20 [meters] Hex input RMS -> E | 0.002    A | 0.002    D | 0.002    G | 0.002    B | 0.002    e | 0.002
2025-11-24 05:48:20 [meters] Hex input RMS -> E | 0.002    A | 0.002    D | 0.002    G | 0.002    B | 0.002    e | 0.002
2025-11-24 05:48:20 [meters] Hex input RMS -> E | 0.002    A | 0.002    D | 0.002    G | 0.002    B | 0.002    e | 0.002
2025-11-24 05:48:20 [meters] Hex input RMS -> E | 0.001    A | 0.001    D | 0.001    G | 0.001    B | 0.001    e | 0.001
2025-11-24 05:48:20 [meters] Hex input RMS -> E | 0.001    A | 0.001    D | 0.001    G | 0.001    B | 0.001    e | 0.001
2025-11-24 05:48:20 [meters] Hex input RMS -> E | 0.002    A | 0.002    D | 0.002    G | 0.002    B | 0.002    e | 0.002
2025-11-24 05:48:20 [meters] Hex input RMS -> E | 0.002    A | 0.002    D | 0.002    G | 0.002    B | 0.002    e | 0.002
2025-11-24 05:48:20 [meters] Hex input RMS -> E | 0.002    A | 0.001    D | 0.002    G | 0.001    B | 0.002    e | 0.001
2025-11-24 05:48:20 [meters] Hex input RMS -> E | 0.001    A | 0.001    D | 0.001    G | 0.001    B | 0.001    e | 0.001
2025-11-24 05:48:20 [meters] Hex input RMS -> E | 0.002    A | 0.002    D | 0.002    G | 0.002    B | 0.002    e | 0.002
2025-11-24 05:48:20 [meters] Hex input RMS -> E | 0.002    A | 0.002    D | 0.002    G | 0.002    B | 0.002    e | 0.002
2025-11-24 05:48:20 [meters] Hex input RMS -> E | 0.002    A | 0.002    D | 0.002    G | 0.002    B | 0.002    e | 0.002
2025-11-24 05:48:21 [meters] Hex input RMS -> E | 0.001    A | 0.001    D | 0.001    G | 0.001    B | 0.001    e | 0.001
2025-11-24 05:48:21 [meters] Hex input RMS -> E | 0.001    A | 0.001    D | 0.001    G | 0.001    B | 0.001    e | 0.001
2025-11-24 05:48:21 [meters] Hex input RMS -> E | 0.002    A | 0.002    D | 0.002    G | 0.002    B | 0.002    e | 0.002
2025-11-24 05:48:21 [meters] Hex input RMS -> E | 0.002    A | 0.002    D | 0.002    G | 0.002    B | 0.002    e | 0.002
2025-11-24 05:48:21 [meters] Hex input RMS -> E | 0.002    A | 0.002    D | 0.002    G | 0.002    B | 0.002    e | 0.002
2025-11-24 05:48:21 [meters] Hex input RMS -> E | 0.001    A | 0.001    D | 0.001    G | 0.001    B | 0.001    e | 0.001
2025-11-24 05:48:21 [meters] Hex input RMS -> E | 0.001    A | 0.001    D | 0.001    G | 0.001    B | 0.001    e | 0.001
2025-11-24 05:48:21 [meters] Hex input RMS -> E | 0.002    A | 0.002    D | 0.002    G | 0.002    B | 0.002    e | 0.002
2025-11-24 05:48:21 [meters] Hex input RMS -> E | 0.002    A | 0.002    D | 0.002    G | 0.002    B | 0.002    e | 0.002
2025-11-24 05:48:21 [meters] Hex input RMS -> E | 0.002    A | 0.002    D | 0.002    G | 0.001    B | 0.002    e | 0.001
2025-11-24 05:48:21 [meters] Hex input RMS -> E | 0.001    A | 0.001    D | 0.001    G | 0.001    B | 0.001    e | 0.001
2025-11-24 05:48:21 [meters] Hex input RMS -> E | 0.001    A | 0.001    D | 0.002    G | 0.001    B | 0.001    e | 0.001
2025-11-24 05:48:22 [meters] Hex input RMS -> E | 0.002    A | 0.002    D | 0.002    G | 0.002    B | 0.002    e | 0.002
2025-11-24 05:48:22 [meters] Hex input RMS -> E | 0.002    A | 0.002    D | 0.002    G | 0.002    B | 0.002    e | 0.002
2025-11-24 05:48:22 [meters] Hex input RMS -> E | 0.002    A | 0.002    D | 0.002    G | 0.001    B | 0.002    e | 0.001
2025-11-24 05:48:22 [meters] Hex input RMS -> E | 0.001    A | 0.001    D | 0.001    G | 0.001    B | 0.001    e | 0.001
2025-11-24 05:48:22 [meters] Hex input RMS -> E | 0.002    A | 0.002    D | 0.002    G | 0.001    B | 0.002    e | 0.002
2025-11-24 05:48:22 [meters] Hex input RMS -> E | 0.002    A | 0.002    D | 0.002    G | 0.002    B | 0.002    e | 0.002
2025-11-24 05:48:22 [meters] Hex input RMS -> E | 0.002    A | 0.002    D | 0.002    G | 0.002    B | 0.002    e | 0.002
2025-11-24 05:48:22 [meters] Hex input RMS -> E | 0.001    A | 0.001    D | 0.001    G | 0.001    B | 0.001    e | 0.001
2025-11-24 05:48:22 [meters] Hex input RMS -> E | 0.001    A | 0.001    D | 0.001    G | 0.001    B | 0.001    e | 0.001
2025-11-24 05:48:22 [meters] Hex input RMS -> E | 0.002    A | 0.002    D | 0.002    G | 0.002    B | 0.002    e | 0.002
2025-11-24 05:48:22 [meters] Hex input RMS -> E | 0.002    A | 0.002    D | 0.002    G | 0.002    B | 0.002    e | 0.002
2025-11-24 05:48:22 [meters] Hex input RMS -> E | 0.002    A | 0.002    D | 0.002    G | 0.002    B | 0.002    e | 0.002
2025-11-24 05:48:22 [meters] Hex input RMS -> E | 0.001    A | 0.001    D | 0.001    G | 0.001    B | 0.001    e | 0.001
2025-11-24 05:48:23 [meters] Hex input RMS -> E | 0.001    A | 0.001    D | 0.001    G | 0.001    B | 0.001    e | 0.001
2025-11-24 05:48:23 [meters] Hex input RMS -> E | 0.002    A | 0.002    D | 0.002    G | 0.002    B | 0.002    e | 0.002
2025-11-24 05:48:23 [meters] Hex input RMS -> E | 0.002    A | 0.002    D | 0.002    G | 0.002    B | 0.002    e | 0.002
2025-11-24 05:48:23 [meters] Hex input RMS -> E | 0.002    A | 0.002    D | 0.002    G | 0.002    B | 0.002    e | 0.002
2025-11-24 05:48:23 [meters] Hex input RMS -> E | 0.001    A | 0.001    D | 0.001    G | 0.001    B | 0.001    e | 0.001
2025-11-24 05:48:23 [meters] Hex input RMS -> E | 0.001    A | 0.001    D | 0.001    G | 0.001    B | 0.001    e | 0.001
2025-11-24 05:48:23 [meters] Hex input RMS -> E | 0.002    A | 0.002    D | 0.002    G | 0.002    B | 0.002    e | 0.002
2025-11-24 05:48:23 [meters] Hex input RMS -> E | 0.002    A | 0.002    D | 0.002    G | 0.002    B | 0.002    e | 0.002
2025-11-24 05:48:23 [meters] Hex input RMS -> E | 0.002    A | 0.001    D | 0.002    G | 0.001    B | 0.001    e | 0.001
2025-11-24 05:48:23 [meters] Hex input RMS -> E | 0.001    A | 0.001    D | 0.001    G | 0.001    B | 0.001    e | 0.001
2025-11-24 05:48:23 [meters] Hex input RMS -> E | 0.001    A | 0.002    D | 0.002    G | 0.002    B | 0.002    e | 0.001
2025-11-24 05:48:23 [meters] Hex input RMS -> E | 0.002    A | 0.002    D | 0.002    G | 0.002    B | 0.002    e | 0.002
2025-11-24 05:48:24 [meters] Hex input RMS -> E | 0.002    A | 0.002    D | 0.002    G | 0.002    B | 0.002    e | 0.002
2025-11-24 05:48:24 [meters] Hex input RMS -> E | 0.001    A | 0.001    D | 0.001    G | 0.001    B | 0.001    e | 0.001
2025-11-24 05:48:24 [meters] Hex input RMS -> E | 0.001    A | 0.001    D | 0.001    G | 0.001    B | 0.001    e | 0.001
2025-11-24 05:48:24 [meters] Hex input RMS -> E | 0.002    A | 0.002    D | 0.002    G | 0.002    B | 0.002    e | 0.002
2025-11-24 05:48:24 [meters] Hex input RMS -> E | 0.002    A | 0.002    D | 0.002    G | 0.002    B | 0.002    e | 0.002
2025-11-24 05:48:24 [meters] Hex input RMS -> E | 0.002    A | 0.002    D | 0.002    G | 0.002    B | 0.002    e | 0.002
2025-11-24 05:48:24 [meters] Hex input RMS -> E | 0.001    A | 0.001    D | 0.001    G | 0.001    B | 0.001    e | 0.001
2025-11-24 05:48:24 [meters] Hex input RMS -> E | 0.001    A | 0.001    D | 0.001    G | 0.001    B | 0.001    e | 0.001
2025-11-24 05:48:24 [meters] Hex input RMS -> E | 0.002    A | 0.002    D | 0.002    G | 0.002    B | 0.002    e | 0.002
2025-11-24 05:48:24 [meters] Hex input RMS -> E | 0.002    A | 0.002    D | 0.002    G | 0.002    B | 0.002    e | 0.002
2025-11-24 05:48:24 [meters] Hex input RMS -> E | 0.002    A | 0.002    D | 0.002    G | 0.002    B | 0.002    e | 0.001
2025-11-24 05:48:24 [meters] Hex input RMS -> E | 0.001    A | 0.001    D | 0.001    G | 0.001    B | 0.001    e | 0.001
2025-11-24 05:48:24 [meters] Hex input RMS -> E | 0.001    A | 0.001    D | 0.001    G | 0.001    B | 0.001    e | 0.001
2025-11-24 05:48:25 [meters] Hex input RMS -> E | 0.002    A | 0.002    D | 0.002    G | 0.002    B | 0.002    e | 0.002
2025-11-24 05:48:25 [meters] Hex input RMS -> E | 0.002    A | 0.002    D | 0.002    G | 0.002    B | 0.002    e | 0.002
2025-11-24 05:48:25 [meters] Hex input RMS -> E | 0.002    A | 0.002    D | 0.001    G | 0.001    B | 0.001    e | 0.001
2025-11-24 05:48:25 [meters] Hex input RMS -> E | 0.001    A | 0.001    D | 0.001    G | 0.001    B | 0.001    e | 0.001
2025-11-24 05:48:25 [meters] Hex input RMS -> E | 0.001    A | 0.002    D | 0.002    G | 0.001    B | 0.002    e | 0.001
2025-11-24 05:48:25 [meters] Hex input RMS -> E | 0.002    A | 0.002    D | 0.002    G | 0.002    B | 0.002    e | 0.002
2025-11-24 05:48:25 [meters] Hex input RMS -> E | 0.002    A | 0.002    D | 0.002    G | 0.002    B | 0.002    e | 0.002
2025-11-24 05:48:25 [meters] Hex input RMS -> E | 0.001    A | 0.001    D | 0.001    G | 0.001    B | 0.001    e | 0.001
2025-11-24 05:48:25 [meters] Hex input RMS -> E | 0.001    A | 0.001    D | 0.001    G | 0.001    B | 0.001    e | 0.001
2025-11-24 05:48:25 [meters] Hex input RMS -> E | 0.002    A | 0.002    D | 0.002    G | 0.002    B | 0.002    e | 0.002
2025-11-24 05:48:25 [meters] Hex input RMS -> E | 0.002    A | 0.002    D | 0.002    G | 0.002    B | 0.002    e | 0.002
2025-11-24 05:48:25 [meters] Hex input RMS -> E | 0.002    A | 0.002    D | 0.002    G | 0.002    B | 0.002    e | 0.002
2025-11-24 05:48:26 [meters] Hex input RMS -> E | 0.001    A | 0.001    D | 0.001    G | 0.001    B | 0.001    e | 0.001
2025-11-24 05:48:26 [meters] Hex input RMS -> E | 0.001    A | 0.001    D | 0.001    G | 0.001    B | 0.001    e | 0.001
2025-11-24 05:48:26 [meters] Hex input RMS -> E | 0.002    A | 0.002    D | 0.002    G | 0.002    B | 0.002    e | 0.002
2025-11-24 05:48:26 [meters] Hex input RMS -> E | 0.002    A | 0.002    D | 0.002    G | 0.002    B | 0.002    e | 0.002
2025-11-24 05:48:26 [meters] Hex input RMS -> E | 0.002    A | 0.002    D | 0.002    G | 0.002    B | 0.002    e | 0.001
2025-11-24 05:48:26 [meters] Hex input RMS -> E | 0.001    A | 0.001    D | 0.001    G | 0.001    B | 0.001    e | 0.001
2025-11-24 05:48:26 [meters] Hex input RMS -> E | 0.001    A | 0.001    D | 0.001    G | 0.001    B | 0.001    e | 0.001
2025-11-24 05:48:26 [meters] Hex input RMS -> E | 0.002    A | 0.002    D | 0.002    G | 0.002    B | 0.002    e | 0.002
2025-11-24 05:48:26 [meters] Hex input RMS -> E | 0.002    A | 0.002    D | 0.002    G | 0.002    B | 0.002    e | 0.002
2025-11-24 05:48:26 [meters] Hex input RMS -> E | 0.002    A | 0.001    D | 0.002    G | 0.002    B | 0.002    e | 0.002
2025-11-24 05:48:26 [meters] Hex input RMS -> E | 0.001    A | 0.001    D | 0.001    G | 0.001    B | 0.001    e | 0.001
2025-11-24 05:48:26 [meters] Hex input RMS -> E | 0.001    A | 0.001    D | 0.002    G | 0.001    B | 0.002    e | 0.001
2025-11-24 05:48:26 [meters] Hex input RMS -> E | 0.002    A | 0.002    D | 0.002    G | 0.002    B | 0.002    e | 0.002
2025-11-24 05:48:27 [meters] Hex input RMS -> E | 0.002    A | 0.002    D | 0.002    G | 0.002    B | 0.002    e | 0.002
2025-11-24 05:48:27 [meters] Hex input RMS -> E | 0.001    A | 0.001    D | 0.002    G | 0.001    B | 0.001    e | 0.001
2025-11-24 05:48:27 [meters] Hex input RMS -> E | 0.001    A | 0.001    D | 0.001    G | 0.001    B | 0.001    e | 0.001
2025-11-24 05:48:27 [meters] Hex input RMS -> E | 0.002    A | 0.002    D | 0.002    G | 0.002    B | 0.002    e | 0.002
2025-11-24 05:48:27 [meters] Hex input RMS -> E | 0.002    A | 0.002    D | 0.002    G | 0.002    B | 0.002    e | 0.002
2025-11-24 05:48:27 [meters] Hex input RMS -> E | 0.002    A | 0.002    D | 0.002    G | 0.002    B | 0.002    e | 0.002
2025-11-24 05:48:27 [meters] Hex input RMS -> E | 0.001    A | 0.001    D | 0.001    G | 0.001    B | 0.001    e | 0.001
2025-11-24 05:48:27 [meters] Hex input RMS -> E | 0.001    A | 0.001    D | 0.001    G | 0.001    B | 0.001    e | 0.001
2025-11-24 05:48:27 [meters] Hex input RMS -> E | 0.002    A | 0.002    D | 0.002    G | 0.002    B | 0.002    e | 0.002
2025-11-24 05:48:27 [meters] Hex input RMS -> E | 0.002    A | 0.002    D | 0.002    G | 0.002    B | 0.002    e | 0.002
2025-11-24 05:48:27 [meters] Hex input RMS -> E | 0.002    A | 0.002    D | 0.002    G | 0.002    B | 0.002    e | 0.002
2025-11-24 05:48:27 [meters] Hex input RMS -> E | 0.001    A | 0.001    D | 0.001    G | 0.001    B | 0.001    e | 0.001
2025-11-24 05:48:28 [meters] Hex input RMS -> E | 0.001    A | 0.001    D | 0.001    G | 0.001    B | 0.001    e | 0.001
2025-11-24 05:48:28 [meters] Hex input RMS -> E | 0.002    A | 0.002    D | 0.002    G | 0.002    B | 0.002    e | 0.002
2025-11-24 05:48:28 [meters] Hex input RMS -> E | 0.002    A | 0.002    D | 0.002    G | 0.002    B | 0.002    e | 0.002
2025-11-24 05:48:28 [meters] Hex input RMS -> E | 0.002    A | 0.002    D | 0.002    G | 0.002    B | 0.001    e | 0.001
2025-11-24 05:48:28 [meters] Hex input RMS -> E | 0.001    A | 0.001    D | 0.001    G | 0.001    B | 0.001    e | 0.001
2025-11-24 05:48:28 [meters] Hex input RMS -> E | 0.001    A | 0.001    D | 0.002    G | 0.001    B | 0.002    e | 0.001
2025-11-24 05:48:28 [meters] Hex input RMS -> E | 0.002    A | 0.002    D | 0.002    G | 0.002    B | 0.002    e | 0.002
2025-11-24 05:48:28 [meters] Hex input RMS -> E | 0.002    A | 0.002    D | 0.002    G | 0.002    B | 0.002    e | 0.002
2025-11-24 05:48:28 [meters] Hex input RMS -> E | 0.001    A | 0.001    D | 0.001    G | 0.001    B | 0.001    e | 0.001
2025-11-24 05:48:28 [meters] Hex input RMS -> E | 0.001    A | 0.001    D | 0.001    G | 0.001    B | 0.001    e | 0.001
2025-11-24 05:48:28 [meters] Hex input RMS -> E | 0.002    A | 0.002    D | 0.002    G | 0.002    B | 0.002    e | 0.002
2025-11-24 05:48:28 [meters] Hex input RMS -> E | 0.002    A | 0.002    D | 0.002    G | 0.002    B | 0.002    e | 0.002
2025-11-24 05:48:28 [meters] Hex input RMS -> E | 0.002    A | 0.002    D | 0.002    G | 0.002    B | 0.002    e | 0.002
2025-11-24 05:48:29 [meters] Hex input RMS -> E | 0.001    A | 0.001    D | 0.001    G | 0.001    B | 0.001    e | 0.001
2025-11-24 05:48:29 [meters] Hex input RMS -> E | 0.001    A | 0.001    D | 0.001    G | 0.001    B | 0.001    e | 0.001
2025-11-24 05:48:29 [meters] Hex input RMS -> E | 0.002    A | 0.002    D | 0.002    G | 0.002    B | 0.002    e | 0.002
2025-11-24 05:48:29 [meters] Hex input RMS -> E | 0.002    A | 0.002    D | 0.002    G | 0.002    B | 0.002    e | 0.002
2025-11-24 05:48:29 [meters] Hex input RMS -> E | 0.002    A | 0.002    D | 0.002    G | 0.002    B | 0.002    e | 0.002
2025-11-24 05:48:29 [meters] Hex input RMS -> E | 0.001    A | 0.001    D | 0.001    G | 0.001    B | 0.001    e | 0.001
2025-11-24 05:48:29 [meters] Hex input RMS -> E | 0.001    A | 0.001    D | 0.001    G | 0.001    B | 0.001    e | 0.001
2025-11-24 05:48:29 [meters] Hex input RMS -> E | 0.002    A | 0.002    D | 0.002    G | 0.002    B | 0.002    e | 0.002
2025-11-24 05:48:29 [meters] Hex input RMS -> E | 0.002    A | 0.002    D | 0.002    G | 0.002    B | 0.002    e | 0.002
2025-11-24 05:48:29 [meters] Hex input RMS -> E | 0.002    A | 0.002    D | 0.002    G | 0.001    B | 0.002    e | 0.002
2025-11-24 05:48:29 [meters] Hex input RMS -> E | 0.001    A | 0.001    D | 0.001    G | 0.001    B | 0.001    e | 0.001
2025-11-24 05:48:29 [meters] Hex input RMS -> E | 0.002    A | 0.001    D | 0.001    G | 0.001    B | 0.001    e | 0.001
2025-11-24 05:48:30 [meters] Hex input RMS -> E | 0.002    A | 0.002    D | 0.002    G | 0.002    B | 0.002    e | 0.002
2025-11-24 05:48:30 [meters] Hex input RMS -> E | 0.002    A | 0.002    D | 0.002    G | 0.002    B | 0.002    e | 0.002
2025-11-24 05:48:30 [meters] Hex input RMS -> E | 0.001    A | 0.001    D | 0.002    G | 0.001    B | 0.001    e | 0.001
2025-11-24 05:48:30 [meters] Hex input RMS -> E | 0.001    A | 0.001    D | 0.001    G | 0.001    B | 0.001    e | 0.001
2025-11-24 05:48:30 [meters] Hex input RMS -> E | 0.002    A | 0.002    D | 0.002    G | 0.002    B | 0.002    e | 0.002
2025-11-24 05:48:30 [meters] Hex input RMS -> E | 0.002    A | 0.002    D | 0.002    G | 0.002    B | 0.002    e | 0.002
2025-11-24 05:48:30 [meters] Hex input RMS -> E | 0.002    A | 0.002    D | 0.002    G | 0.002    B | 0.002    e | 0.002
2025-11-24 05:48:30 [meters] Hex input RMS -> E | 0.001    A | 0.001    D | 0.001    G | 0.001    B | 0.001    e | 0.001
2025-11-24 05:48:30 [meters] Hex input RMS -> E | 0.001    A | 0.001    D | 0.001    G | 0.001    B | 0.001    e | 0.001
2025-11-24 05:48:30 [meters] Hex input RMS -> E | 0.002    A | 0.002    D | 0.002    G | 0.002    B | 0.002    e | 0.002
2025-11-24 05:48:30 [meters] Hex input RMS -> E | 0.002    A | 0.002    D | 0.002    G | 0.002    B | 0.002    e | 0.002
2025-11-24 05:48:30 [meters] Hex input RMS -> E | 0.002    A | 0.002    D | 0.002    G | 0.002    B | 0.002    e | 0.002
2025-11-24 05:48:30 [meters] Hex input RMS -> E | 0.001    A | 0.001    D | 0.001    G | 0.001    B | 0.001    e | 0.001
2025-11-24 05:48:31 [meters] Hex input RMS -> E | 0.001    A | 0.001    D | 0.001    G | 0.001    B | 0.001    e | 0.001
2025-11-24 05:48:31 [meters] Hex input RMS -> E | 0.002    A | 0.002    D | 0.002    G | 0.002    B | 0.002    e | 0.002
2025-11-24 05:48:31 [meters] Hex input RMS -> E | 0.002    A | 0.002    D | 0.002    G | 0.002    B | 0.002    e | 0.002
2025-11-24 05:48:31 [meters] Hex input RMS -> E | 0.002    A | 0.002    D | 0.002    G | 0.002    B | 0.002    e | 0.001
2025-11-24 05:48:31 [meters] Hex input RMS -> E | 0.001    A | 0.001    D | 0.001    G | 0.001    B | 0.001    e | 0.001
2025-11-24 05:48:31 [meters] Hex input RMS -> E | 0.001    A | 0.001    D | 0.001    G | 0.001    B | 0.001    e | 0.001
2025-11-24 05:48:31 [meters] Hex input RMS -> E | 0.002    A | 0.002    D | 0.002    G | 0.002    B | 0.002    e | 0.002
2025-11-24 05:48:31 [meters] Hex input RMS -> E | 0.002    A | 0.002    D | 0.002    G | 0.002    B | 0.002    e | 0.002
2025-11-24 05:48:31 [meters] Hex input RMS -> E | 0.001    A | 0.001    D | 0.002    G | 0.001    B | 0.001    e | 0.001
2025-11-24 05:48:31 [meters] Hex input RMS -> E | 0.001    A | 0.001    D | 0.001    G | 0.001    B | 0.001    e | 0.001
2025-11-24 05:48:31 [meters] Hex input RMS -> E | 0.002    A | 0.002    D | 0.002    G | 0.002    B | 0.002    e | 0.002
2025-11-24 05:48:31 [meters] Hex input RMS -> E | 0.002    A | 0.002    D | 0.002    G | 0.002    B | 0.002    e | 0.002
2025-11-24 05:48:32 [meters] Hex input RMS -> E | 0.002    A | 0.002    D | 0.002    G | 0.002    B | 0.002    e | 0.002
2025-11-24 05:48:32 [meters] Hex input RMS -> E | 0.001    A | 0.001    D | 0.001    G | 0.001    B | 0.001    e | 0.001
2025-11-24 05:48:32 [meters] Hex input RMS -> E | 0.001    A | 0.001    D | 0.001    G | 0.001    B | 0.001    e | 0.001
2025-11-24 05:48:32 [meters] Hex input RMS -> E | 0.002    A | 0.002    D | 0.002    G | 0.002    B | 0.002    e | 0.002
2025-11-24 05:48:32 [meters] Hex input RMS -> E | 0.002    A | 0.002    D | 0.002    G | 0.002    B | 0.002    e | 0.002
2025-11-24 05:48:32 [meters] Hex input RMS -> E | 0.002    A | 0.002    D | 0.002    G | 0.002    B | 0.002    e | 0.002
2025-11-24 05:48:32 [meters] Hex input RMS -> E | 0.001    A | 0.001    D | 0.001    G | 0.001    B | 0.001    e | 0.001
2025-11-24 05:48:32 [meters] Hex input RMS -> E | 0.001    A | 0.001    D | 0.001    G | 0.001    B | 0.001    e | 0.001
2025-11-24 05:48:32 [meters] Hex input RMS -> E | 0.002    A | 0.002    D | 0.002    G | 0.002    B | 0.002    e | 0.002
2025-11-24 05:48:32 [meters] Hex input RMS -> E | 0.002    A | 0.002    D | 0.002    G | 0.002    B | 0.002    e | 0.002
2025-11-24 05:48:32 [meters] Hex input RMS -> E | 0.002    A | 0.002    D | 0.002    G | 0.002    B | 0.002    e | 0.001
2025-11-24 05:48:32 [meters] Hex input RMS -> E | 0.001    A | 0.001    D | 0.001    G | 0.001    B | 0.001    e | 0.001
2025-11-24 05:48:32 [meters] Hex input RMS -> E | 0.001    A | 0.001    D | 0.001    G | 0.001    B | 0.001    e | 0.001
2025-11-24 05:48:33 [meters] Hex input RMS -> E | 0.002    A | 0.002    D | 0.002    G | 0.002    B | 0.002    e | 0.002
2025-11-24 05:48:33 [meters] Hex input RMS -> E | 0.002    A | 0.002    D | 0.002    G | 0.002    B | 0.002    e | 0.002
2025-11-24 05:48:33 [meters] Hex input RMS -> E | 0.002    A | 0.001    D | 0.001    G | 0.001    B | 0.001    e | 0.001
2025-11-24 05:48:33 [meters] Hex input RMS -> E | 0.001    A | 0.001    D | 0.001    G | 0.001    B | 0.001    e | 0.001
2025-11-24 05:48:33 [meters] Hex input RMS -> E | 0.002    A | 0.002    D | 0.002    G | 0.001    B | 0.002    e | 0.002
2025-11-24 05:48:33 [meters] Hex input RMS -> E | 0.002    A | 0.002    D | 0.002    G | 0.002    B | 0.002    e | 0.002
2025-11-24 05:48:33 [meters] Hex input RMS -> E | 0.002    A | 0.002    D | 0.002    G | 0.002    B | 0.002    e | 0.002
2025-11-24 05:48:33 [meters] Hex input RMS -> E | 0.001    A | 0.001    D | 0.001    G | 0.001    B | 0.001    e | 0.001
2025-11-24 05:48:33 [meters] Hex input RMS -> E | 0.001    A | 0.001    D | 0.001    G | 0.001    B | 0.001    e | 0.001
2025-11-24 05:48:33 [meters] Hex input RMS -> E | 0.002    A | 0.002    D | 0.002    G | 0.002    B | 0.002    e | 0.002
2025-11-24 05:48:33 [meters] Hex input RMS -> E | 0.002    A | 0.002    D | 0.002    G | 0.002    B | 0.002    e | 0.002
2025-11-24 05:48:33 [meters] Hex input RMS -> E | 0.002    A | 0.002    D | 0.002    G | 0.002    B | 0.002    e | 0.002
2025-11-24 05:48:34 [meters] Hex input RMS -> E | 0.001    A | 0.001    D | 0.001    G | 0.001    B | 0.001    e | 0.001
2025-11-24 05:48:34 [meters] Hex input RMS -> E | 0.001    A | 0.001    D | 0.001    G | 0.001    B | 0.001    e | 0.001
2025-11-24 05:48:34 [meters] Hex input RMS -> E | 0.002    A | 0.002    D | 0.002    G | 0.002    B | 0.002    e | 0.002
2025-11-24 05:48:34 [meters] Hex input RMS -> E | 0.002    A | 0.002    D | 0.002    G | 0.002    B | 0.002    e | 0.002
2025-11-24 05:48:34 [meters] Hex input RMS -> E | 0.002    A | 0.002    D | 0.002    G | 0.002    B | 0.002    e | 0.001
2025-11-24 05:48:34 [meters] Hex input RMS -> E | 0.001    A | 0.001    D | 0.001    G | 0.001    B | 0.001    e | 0.001
2025-11-24 05:48:34 [meters] Hex input RMS -> E | 0.001    A | 0.001    D | 0.001    G | 0.001    B | 0.001    e | 0.001
2025-11-24 05:48:34 [meters] Hex input RMS -> E | 0.002    A | 0.002    D | 0.002    G | 0.002    B | 0.002    e | 0.002
2025-11-24 05:48:34 [meters] Hex input RMS -> E | 0.002    A | 0.002    D | 0.002    G | 0.002    B | 0.002    e | 0.002
2025-11-24 05:48:34 [meters] Hex input RMS -> E | 0.002    A | 0.001    D | 0.001    G | 0.001    B | 0.001    e | 0.001
2025-11-24 05:48:34 [meters] Hex input RMS -> E | 0.001    A | 0.001    D | 0.001    G | 0.001    B | 0.001    e | 0.001
2025-11-24 05:48:34 [meters] Hex input RMS -> E | 0.002    A | 0.002    D | 0.002    G | 0.002    B | 0.002    e | 0.001
2025-11-24 05:48:34 [meters] Hex input RMS -> E | 0.002    A | 0.002    D | 0.002    G | 0.002    B | 0.002    e | 0.002
2025-11-24 05:48:35 [meters] Hex input RMS -> E | 0.002    A | 0.002    D | 0.002    G | 0.002    B | 0.002    e | 0.002
2025-11-24 05:48:35 [meters] Hex input RMS -> E | 0.001    A | 0.001    D | 0.001    G | 0.001    B | 0.001    e | 0.001
2025-11-24 05:48:35 [meters] Hex input RMS -> E | 0.001    A | 0.001    D | 0.001    G | 0.001    B | 0.001    e | 0.001
2025-11-24 05:48:35 [meters] Hex input RMS -> E | 0.002    A | 0.002    D | 0.002    G | 0.002    B | 0.002    e | 0.002
2025-11-24 05:48:35 [meters] Hex input RMS -> E | 0.002    A | 0.002    D | 0.002    G | 0.002    B | 0.002    e | 0.002
2025-11-24 05:48:35 [meters] Hex input RMS -> E | 0.002    A | 0.002    D | 0.002    G | 0.002    B | 0.002    e | 0.002
2025-11-24 05:48:35 [meters] Hex input RMS -> E | 0.001    A | 0.001    D | 0.001    G | 0.001    B | 0.001    e | 0.001
2025-11-24 05:48:35 [meters] Hex input RMS -> E | 0.001    A | 0.001    D | 0.001    G | 0.001    B | 0.001    e | 0.001
2025-11-24 05:48:35 [meters] Hex input RMS -> E | 0.002    A | 0.002    D | 0.002    G | 0.002    B | 0.002    e | 0.002
2025-11-24 05:48:35 [meters] Hex input RMS -> E | 0.002    A | 0.002    D | 0.002    G | 0.002    B | 0.002    e | 0.002
2025-11-24 05:48:35 [meters] Hex input RMS -> E | 0.002    A | 0.002    D | 0.002    G | 0.002    B | 0.002    e | 0.002
2025-11-24 05:48:35 [meters] Hex input RMS -> E | 0.001    A | 0.001    D | 0.001    G | 0.001    B | 0.001    e | 0.001
2025-11-24 05:48:36 [meters] Hex input RMS -> E | 0.001    A | 0.001    D | 0.001    G | 0.001    B | 0.001    e | 0.001
2025-11-24 05:48:36 [meters] Hex input RMS -> E | 0.002    A | 0.002    D | 0.002    G | 0.002    B | 0.002    e | 0.002
2025-11-24 05:48:36 [meters] Hex input RMS -> E | 0.002    A | 0.002    D | 0.002    G | 0.002    B | 0.002    e | 0.002
2025-11-24 05:48:36 [meters] Hex input RMS -> E | 0.002    A | 0.001    D | 0.002    G | 0.001    B | 0.002    e | 0.001
2025-11-24 05:48:36 [meters] Hex input RMS -> E | 0.001    A | 0.001    D | 0.001    G | 0.001    B | 0.001    e | 0.001
2025-11-24 05:48:36 [meters] Hex input RMS -> E | 0.002    A | 0.001    D | 0.002    G | 0.002    B | 0.001    e | 0.001
2025-11-24 05:48:36 [meters] Hex input RMS -> E | 0.002    A | 0.002    D | 0.002    G | 0.002    B | 0.002    e | 0.002
2025-11-24 05:48:36 [meters] Hex input RMS -> E | 0.002    A | 0.002    D | 0.002    G | 0.002    B | 0.002    e | 0.002
2025-11-24 05:48:36 [meters] Hex input RMS -> E | 0.001    A | 0.001    D | 0.001    G | 0.001    B | 0.001    e | 0.001
2025-11-24 05:48:36 [meters] Hex input RMS -> E | 0.001    A | 0.001    D | 0.001    G | 0.001    B | 0.001    e | 0.001
2025-11-24 05:48:36 [meters] Hex input RMS -> E | 0.002    A | 0.002    D | 0.002    G | 0.002    B | 0.002    e | 0.002
2025-11-24 05:48:36 [meters] Hex input RMS -> E | 0.002    A | 0.002    D | 0.002    G | 0.002    B | 0.002    e | 0.002
2025-11-24 05:48:36 [meters] Hex input RMS -> E | 0.002    A | 0.002    D | 0.002    G | 0.002    B | 0.002    e | 0.002
2025-11-24 05:48:37 [meters] Hex input RMS -> E | 0.001    A | 0.001    D | 0.001    G | 0.001    B | 0.001    e | 0.001
2025-11-24 05:48:37 [meters] Hex input RMS -> E | 0.001    A | 0.001    D | 0.001    G | 0.001    B | 0.001    e | 0.001
2025-11-24 05:48:37 [meters] Hex input RMS -> E | 0.002    A | 0.002    D | 0.002    G | 0.002    B | 0.002    e | 0.002
2025-11-24 05:48:37 [meters] Hex input RMS -> E | 0.002    A | 0.002    D | 0.002    G | 0.002    B | 0.002    e | 0.002
2025-11-24 05:48:37 [meters] Hex input RMS -> E | 0.002    A | 0.002    D | 0.002    G | 0.002    B | 0.002    e | 0.002
2025-11-24 05:48:37 [meters] Hex input RMS -> E | 0.001    A | 0.001    D | 0.001    G | 0.001    B | 0.001    e | 0.001
2025-11-24 05:48:37 [meters] Hex input RMS -> E | 0.001    A | 0.001    D | 0.001    G | 0.001    B | 0.001    e | 0.001
2025-11-24 05:48:37 [meters] Hex input RMS -> E | 0.002    A | 0.002    D | 0.002    G | 0.002    B | 0.002    e | 0.002
2025-11-24 05:48:37 [meters] Hex input RMS -> E | 0.002    A | 0.002    D | 0.002    G | 0.002    B | 0.002    e | 0.002
2025-11-24 05:48:37 [meters] Hex input RMS -> E | 0.002    A | 0.001    D | 0.002    G | 0.001    B | 0.002    e | 0.001
2025-11-24 05:48:37 [meters] Hex input RMS -> E | 0.001    A | 0.001    D | 0.001    G | 0.001    B | 0.001    e | 0.001
2025-11-24 05:48:37 [meters] Hex input RMS -> E | 0.002    A | 0.002    D | 0.002    G | 0.002    B | 0.002    e | 0.001
2025-11-24 05:48:38 [meters] Hex input RMS -> E | 0.002    A | 0.002    D | 0.002    G | 0.002    B | 0.002    e | 0.002
2025-11-24 05:48:38 [meters] Hex input RMS -> E | 0.002    A | 0.002    D | 0.002    G | 0.002    B | 0.002    e | 0.002
2025-11-24 05:48:38 [meters] Hex input RMS -> E | 0.001    A | 0.001    D | 0.001    G | 0.001    B | 0.001    e | 0.001
2025-11-24 05:48:38 [meters] Hex input RMS -> E | 0.001    A | 0.001    D | 0.001    G | 0.001    B | 0.001    e | 0.001
2025-11-24 05:48:38 [meters] Hex input RMS -> E | 0.002    A | 0.002    D | 0.002    G | 0.002    B | 0.002    e | 0.002
2025-11-24 05:48:38 [meters] Hex input RMS -> E | 0.002    A | 0.002    D | 0.002    G | 0.002    B | 0.002    e | 0.002
2025-11-24 05:48:38 [meters] Hex input RMS -> E | 0.002    A | 0.002    D | 0.002    G | 0.002    B | 0.002    e | 0.002
2025-11-24 05:48:38 [meters] Hex input RMS -> E | 0.001    A | 0.001    D | 0.001    G | 0.001    B | 0.001    e | 0.001
2025-11-24 05:48:38 [meters] Hex input RMS -> E | 0.001    A | 0.001    D | 0.001    G | 0.001    B | 0.001    e | 0.001
2025-11-24 05:48:38 [meters] Hex input RMS -> E | 0.002    A | 0.002    D | 0.002    G | 0.002    B | 0.002    e | 0.002
2025-11-24 05:48:38 [meters] Hex input RMS -> E | 0.002    A | 0.002    D | 0.002    G | 0.002    B | 0.002    e | 0.002
2025-11-24 05:48:38 [meters] Hex input RMS -> E | 0.002    A | 0.002    D | 0.002    G | 0.002    B | 0.002    e | 0.002
2025-11-24 05:48:38 [meters] Hex input RMS -> E | 0.001    A | 0.001    D | 0.001    G | 0.001    B | 0.001    e | 0.001
2025-11-24 05:48:39 [meters] Hex input RMS -> E | 0.001    A | 0.001    D | 0.001    G | 0.001    B | 0.001    e | 0.001
2025-11-24 05:48:39 [meters] Hex input RMS -> E | 0.002    A | 0.002    D | 0.002    G | 0.002    B | 0.002    e | 0.002
2025-11-24 05:48:39 [meters] Hex input RMS -> E | 0.002    A | 0.002    D | 0.002    G | 0.002    B | 0.002    e | 0.002
2025-11-24 05:48:39 [meters] Hex input RMS -> E | 0.002    A | 0.002    D | 0.002    G | 0.002    B | 0.002    e | 0.001
2025-11-24 05:48:39 [meters] Hex input RMS -> E | 0.001    A | 0.001    D | 0.001    G | 0.001    B | 0.001    e | 0.001
2025-11-24 05:48:39 [meters] Hex input RMS -> E | 0.002    A | 0.001    D | 0.002    G | 0.001    B | 0.001    e | 0.002
2025-11-24 05:48:39 [meters] Hex input RMS -> E | 0.002    A | 0.002    D | 0.002    G | 0.002    B | 0.002    e | 0.002
2025-11-24 05:48:39 [meters] Hex input RMS -> E | 0.002    A | 0.002    D | 0.002    G | 0.002    B | 0.002    e | 0.002
2025-11-24 05:48:39 [meters] Hex input RMS -> E | 0.001    A | 0.001    D | 0.001    G | 0.001    B | 0.001    e | 0.001
2025-11-24 05:48:39 [meters] Hex input RMS -> E | 0.001    A | 0.001    D | 0.001    G | 0.001    B | 0.001    e | 0.001
2025-11-24 05:48:39 [meters] Hex input RMS -> E | 0.002    A | 0.002    D | 0.002    G | 0.002    B | 0.002    e | 0.002
2025-11-24 05:48:39 [meters] Hex input RMS -> E | 0.002    A | 0.002    D | 0.002    G | 0.002    B | 0.002    e | 0.002
2025-11-24 05:48:40 [meters] Hex input RMS -> E | 0.002    A | 0.002    D | 0.002    G | 0.002    B | 0.002    e | 0.002
2025-11-24 05:48:40 [meters] Hex input RMS -> E | 0.001    A | 0.001    D | 0.001    G | 0.001    B | 0.001    e | 0.001
2025-11-24 05:48:40 [meters] Hex input RMS -> E | 0.001    A | 0.001    D | 0.001    G | 0.001    B | 0.001    e | 0.001
2025-11-24 05:48:40 [meters] Hex input RMS -> E | 0.002    A | 0.002    D | 0.002    G | 0.002    B | 0.002    e | 0.002
2025-11-24 05:48:40 [meters] Hex input RMS -> E | 0.002    A | 0.002    D | 0.002    G | 0.002    B | 0.002    e | 0.002
2025-11-24 05:48:40 [meters] Hex input RMS -> E | 0.002    A | 0.002    D | 0.002    G | 0.002    B | 0.002    e | 0.002
2025-11-24 05:48:40 [meters] Hex input RMS -> E | 0.001    A | 0.001    D | 0.001    G | 0.001    B | 0.001    e | 0.001
2025-11-24 05:48:40 [meters] Hex input RMS -> E | 0.001    A | 0.001    D | 0.001    G | 0.001    B | 0.001    e | 0.001
2025-11-24 05:48:40 [meters] Hex input RMS -> E | 0.002    A | 0.002    D | 0.002    G | 0.002    B | 0.002    e | 0.002
2025-11-24 05:48:40 [meters] Hex input RMS -> E | 0.002    A | 0.002    D | 0.002    G | 0.002    B | 0.002    e | 0.002
2025-11-24 05:48:40 [meters] Hex input RMS -> E | 0.002    A | 0.001    D | 0.002    G | 0.001    B | 0.001    e | 0.002
2025-11-24 05:48:40 [meters] Hex input RMS -> E | 0.001    A | 0.001    D | 0.001    G | 0.001    B | 0.001    e | 0.001
2025-11-24 05:48:40 [meters] Hex input RMS -> E | 0.001    A | 0.001    D | 0.002    G | 0.001    B | 0.002    e | 0.001
2025-11-24 05:48:41 [meters] Hex input RMS -> E | 0.002    A | 0.002    D | 0.002    G | 0.002    B | 0.002    e | 0.002
2025-11-24 05:48:41 [meters] Hex input RMS -> E | 0.002    A | 0.002    D | 0.002    G | 0.002    B | 0.002    e | 0.002
2025-11-24 05:48:41 [meters] Hex input RMS -> E | 0.001    A | 0.001    D | 0.002    G | 0.001    B | 0.001    e | 0.001
2025-11-24 05:48:41 [meters] Hex input RMS -> E | 0.001    A | 0.001    D | 0.001    G | 0.001    B | 0.001    e | 0.001
2025-11-24 05:48:41 [meters] Hex input RMS -> E | 0.002    A | 0.002    D | 0.002    G | 0.002    B | 0.002    e | 0.002
2025-11-24 05:48:41 [meters] Hex input RMS -> E | 0.002    A | 0.002    D | 0.002    G | 0.002    B | 0.002    e | 0.002
2025-11-24 05:48:41 [meters] Hex input RMS -> E | 0.002    A | 0.002    D | 0.002    G | 0.002    B | 0.002    e | 0.002
2025-11-24 05:48:41 [meters] Hex input RMS -> E | 0.001    A | 0.001    D | 0.001    G | 0.001    B | 0.001    e | 0.001
2025-11-24 05:48:41 [meters] Hex input RMS -> E | 0.001    A | 0.001    D | 0.001    G | 0.001    B | 0.001    e | 0.001
2025-11-24 05:48:41 [meters] Hex input RMS -> E | 0.002    A | 0.002    D | 0.002    G | 0.002    B | 0.002    e | 0.002
2025-11-24 05:48:41 [meters] Hex input RMS -> E | 0.002    A | 0.002    D | 0.002    G | 0.002    B | 0.002    e | 0.002
2025-11-24 05:48:41 [meters] Hex input RMS -> E | 0.002    A | 0.002    D | 0.002    G | 0.002    B | 0.002    e | 0.002
2025-11-24 05:48:42 [meters] Hex input RMS -> E | 0.001    A | 0.001    D | 0.001    G | 0.001    B | 0.001    e | 0.001
2025-11-24 05:48:42 [meters] Hex input RMS -> E | 0.001    A | 0.001    D | 0.001    G | 0.001    B | 0.001    e | 0.001
2025-11-24 05:48:42 [meters] Hex input RMS -> E | 0.002    A | 0.002    D | 0.002    G | 0.002    B | 0.002    e | 0.002
2025-11-24 05:48:42 [meters] Hex input RMS -> E | 0.002    A | 0.002    D | 0.002    G | 0.002    B | 0.002    e | 0.002
2025-11-24 05:48:42 [meters] Hex input RMS -> E | 0.002    A | 0.002    D | 0.002    G | 0.001    B | 0.001    e | 0.001
2025-11-24 05:48:42 [meters] Hex input RMS -> E | 0.001    A | 0.001    D | 0.001    G | 0.001    B | 0.001    e | 0.001
2025-11-24 05:48:42 [meters] Hex input RMS -> E | 0.001    A | 0.001    D | 0.002    G | 0.001    B | 0.002    e | 0.001
2025-11-24 05:48:42 [meters] Hex input RMS -> E | 0.002    A | 0.002    D | 0.002    G | 0.002    B | 0.002    e | 0.002
2025-11-24 05:48:42 [meters] Hex input RMS -> E | 0.002    A | 0.002    D | 0.002    G | 0.002    B | 0.002    e | 0.002
2025-11-24 05:48:42 [meters] Hex input RMS -> E | 0.001    A | 0.001    D | 0.002    G | 0.001    B | 0.001    e | 0.001
2025-11-24 05:48:42 [meters] Hex input RMS -> E | 0.001    A | 0.001    D | 0.001    G | 0.001    B | 0.001    e | 0.001
2025-11-24 05:48:42 [meters] Hex input RMS -> E | 0.002    A | 0.002    D | 0.002    G | 0.002    B | 0.002    e | 0.002
2025-11-24 05:48:42 [meters] Hex input RMS -> E | 0.002    A | 0.002    D | 0.002    G | 0.002    B | 0.002    e | 0.002
2025-11-24 05:48:43 [meters] Hex input RMS -> E | 0.002    A | 0.002    D | 0.002    G | 0.002    B | 0.002    e | 0.002
2025-11-24 05:48:43 [meters] Hex input RMS -> E | 0.001    A | 0.001    D | 0.001    G | 0.001    B | 0.001    e | 0.001
2025-11-24 05:48:43 [meters] Hex input RMS -> E | 0.001    A | 0.001    D | 0.001    G | 0.001    B | 0.001    e | 0.001
2025-11-24 05:48:43 [meters] Hex input RMS -> E | 0.002    A | 0.002    D | 0.002    G | 0.002    B | 0.002    e | 0.002
2025-11-24 05:48:43 [meters] Hex input RMS -> E | 0.002    A | 0.002    D | 0.002    G | 0.002    B | 0.002    e | 0.002
2025-11-24 05:48:43 [meters] Hex input RMS -> E | 0.002    A | 0.002    D | 0.002    G | 0.002    B | 0.002    e | 0.001
2025-11-24 05:48:43 [meters] Hex input RMS -> E | 0.001    A | 0.001    D | 0.001    G | 0.001    B | 0.001    e | 0.001
2025-11-24 05:48:43 [meters] Hex input RMS -> E | 0.001    A | 0.001    D | 0.001    G | 0.001    B | 0.001    e | 0.001
2025-11-24 05:48:43 [meters] Hex input RMS -> E | 0.002    A | 0.002    D | 0.002    G | 0.002    B | 0.002    e | 0.002
2025-11-24 05:48:43 [meters] Hex input RMS -> E | 0.002    A | 0.002    D | 0.002    G | 0.002    B | 0.002    e | 0.002
2025-11-24 05:48:43 [meters] Hex input RMS -> E | 0.002    A | 0.002    D | 0.002    G | 0.001    B | 0.002    e | 0.001
2025-11-24 05:48:43 [meters] Hex input RMS -> E | 0.001    A | 0.001    D | 0.001    G | 0.001    B | 0.001    e | 0.001
2025-11-24 05:48:44 [meters] Hex input RMS -> E | 0.001    A | 0.001    D | 0.002    G | 0.001    B | 0.001    e | 0.001
2025-11-24 05:48:44 [meters] Hex input RMS -> E | 0.002    A | 0.002    D | 0.002    G | 0.002    B | 0.002    e | 0.002
2025-11-24 05:48:44 [meters] Hex input RMS -> E | 0.002    A | 0.002    D | 0.002    G | 0.002    B | 0.002    e | 0.002
2025-11-24 05:48:44 [meters] Hex input RMS -> E | 0.001    A | 0.001    D | 0.001    G | 0.001    B | 0.001    e | 0.001
2025-11-24 05:48:44 [meters] Hex input RMS -> E | 0.001    A | 0.001    D | 0.001    G | 0.001    B | 0.001    e | 0.001
2025-11-24 05:48:44 [meters] Hex input RMS -> E | 0.002    A | 0.002    D | 0.002    G | 0.001    B | 0.002    e | 0.002
2025-11-24 05:48:44 [meters] Hex input RMS -> E | 0.002    A | 0.002    D | 0.002    G | 0.002    B | 0.002    e | 0.002
2025-11-24 05:48:44 [meters] Hex input RMS -> E | 0.002    A | 0.002    D | 0.002    G | 0.002    B | 0.002    e | 0.002
2025-11-24 05:48:44 [meters] Hex input RMS -> E | 0.001    A | 0.001    D | 0.001    G | 0.001    B | 0.001    e | 0.001
2025-11-24 05:48:44 [meters] Hex input RMS -> E | 0.001    A | 0.001    D | 0.001    G | 0.001    B | 0.001    e | 0.001
2025-11-24 05:48:44 [meters] Hex input RMS -> E | 0.002    A | 0.002    D | 0.002    G | 0.002    B | 0.002    e | 0.002
2025-11-24 05:48:44 [meters] Hex input RMS -> E | 0.002    A | 0.002    D | 0.002    G | 0.002    B | 0.002    e | 0.002
2025-11-24 05:48:44 [meters] Hex input RMS -> E | 0.002    A | 0.002    D | 0.002    G | 0.002    B | 0.002    e | 0.002
2025-11-24 05:48:45 [meters] Hex input RMS -> E | 0.001    A | 0.001    D | 0.001    G | 0.001    B | 0.001    e | 0.001
2025-11-24 05:48:45 [meters] Hex input RMS -> E | 0.001    A | 0.001    D | 0.001    G | 0.001    B | 0.001    e | 0.001
2025-11-24 05:48:45 [meters] Hex input RMS -> E | 0.002    A | 0.002    D | 0.002    G | 0.002    B | 0.002    e | 0.002
2025-11-24 05:48:45 [meters] Hex input RMS -> E | 0.002    A | 0.002    D | 0.002    G | 0.002    B | 0.002    e | 0.002
2025-11-24 05:48:45 [meters] Hex input RMS -> E | 0.002    A | 0.002    D | 0.002    G | 0.002    B | 0.002    e | 0.002
2025-11-24 05:48:45 [meters] Hex input RMS -> E | 0.001    A | 0.001    D | 0.001    G | 0.001    B | 0.001    e | 0.001
2025-11-24 05:48:45 [meters] Hex input RMS -> E | 0.001    A | 0.001    D | 0.001    G | 0.001    B | 0.001    e | 0.001
2025-11-24 05:48:45 [meters] Hex input RMS -> E | 0.002    A | 0.002    D | 0.002    G | 0.002    B | 0.002    e | 0.002
2025-11-24 05:48:45 [meters] Hex input RMS -> E | 0.002    A | 0.002    D | 0.002    G | 0.002    B | 0.002    e | 0.002
2025-11-24 05:48:45 [meters] Hex input RMS -> E | 0.001    A | 0.001    D | 0.002    G | 0.001    B | 0.001    e | 0.001
2025-11-24 05:48:45 [meters] Hex input RMS -> E | 0.001    A | 0.001    D | 0.001    G | 0.001    B | 0.001    e | 0.001
2025-11-24 05:48:45 [meters] Hex input RMS -> E | 0.002    A | 0.002    D | 0.002    G | 0.001    B | 0.002    e | 0.001
2025-11-24 05:48:46 [meters] Hex input RMS -> E | 0.002    A | 0.002    D | 0.002    G | 0.002    B | 0.002    e | 0.002
2025-11-24 05:48:46 [meters] Hex input RMS -> E | 0.002    A | 0.002    D | 0.002    G | 0.002    B | 0.002    e | 0.002
2025-11-24 05:48:46 [meters] Hex input RMS -> E | 0.001    A | 0.001    D | 0.001    G | 0.001    B | 0.001    e | 0.001
2025-11-24 05:48:46 [meters] Hex input RMS -> E | 0.001    A | 0.001    D | 0.001    G | 0.001    B | 0.001    e | 0.001
2025-11-24 05:48:46 [meters] Hex input RMS -> E | 0.002    A | 0.002    D | 0.002    G | 0.002    B | 0.002    e | 0.002
2025-11-24 05:48:46 [meters] Hex input RMS -> E | 0.002    A | 0.002    D | 0.002    G | 0.002    B | 0.002    e | 0.002
2025-11-24 05:48:46 [meters] Hex input RMS -> E | 0.002    A | 0.002    D | 0.002    G | 0.002    B | 0.002    e | 0.002
2025-11-24 05:48:46 [meters] Hex input RMS -> E | 0.001    A | 0.001    D | 0.001    G | 0.001    B | 0.001    e | 0.001
2025-11-24 05:48:46 [meters] Hex input RMS -> E | 0.001    A | 0.001    D | 0.001    G | 0.001    B | 0.001    e | 0.001
2025-11-24 05:48:46 [meters] Hex input RMS -> E | 0.002    A | 0.002    D | 0.002    G | 0.002    B | 0.002    e | 0.002
2025-11-24 05:48:46 [meters] Hex input RMS -> E | 0.002    A | 0.002    D | 0.002    G | 0.002    B | 0.002    e | 0.002
2025-11-24 05:48:46 [meters] Hex input RMS -> E | 0.002    A | 0.002    D | 0.002    G | 0.002    B | 0.002    e | 0.002
2025-11-24 05:48:46 [meters] Hex input RMS -> E | 0.001    A | 0.001    D | 0.001    G | 0.001    B | 0.001    e | 0.001
2025-11-24 05:48:47 [meters] Hex input RMS -> E | 0.001    A | 0.001    D | 0.001    G | 0.001    B | 0.001    e | 0.001
2025-11-24 05:48:47 [meters] Hex input RMS -> E | 0.002    A | 0.002    D | 0.002    G | 0.002    B | 0.002    e | 0.002
2025-11-24 05:48:47 [meters] Hex input RMS -> E | 0.002    A | 0.002    D | 0.002    G | 0.002    B | 0.002    e | 0.002
2025-11-24 05:48:47 [meters] Hex input RMS -> E | 0.002    A | 0.001    D | 0.002    G | 0.001    B | 0.001    e | 0.001
2025-11-24 05:48:47 [meters] Hex input RMS -> E | 0.001    A | 0.001    D | 0.001    G | 0.001    B | 0.001    e | 0.001
2025-11-24 05:48:47 [meters] Hex input RMS -> E | 0.002    A | 0.002    D | 0.002    G | 0.002    B | 0.002    e | 0.002
2025-11-24 05:48:47 [meters] Hex input RMS -> E | 0.002    A | 0.002    D | 0.002    G | 0.002    B | 0.002    e | 0.002
2025-11-24 05:48:47 [meters] Hex input RMS -> E | 0.002    A | 0.002    D | 0.002    G | 0.002    B | 0.002    e | 0.002
2025-11-24 05:48:47 [meters] Hex input RMS -> E | 0.001    A | 0.001    D | 0.001    G | 0.001    B | 0.001    e | 0.001
2025-11-24 05:48:47 [meters] Hex input RMS -> E | 0.001    A | 0.001    D | 0.001    G | 0.001    B | 0.001    e | 0.001
2025-11-24 05:48:47 [meters] Hex input RMS -> E | 0.002    A | 0.002    D | 0.002    G | 0.002    B | 0.002    e | 0.002
2025-11-24 05:48:47 [meters] Hex input RMS -> E | 0.002    A | 0.002    D | 0.002    G | 0.002    B | 0.002    e | 0.002
2025-11-24 05:48:48 [meters] Hex input RMS -> E | 0.002    A | 0.002    D | 0.002    G | 0.002    B | 0.002    e | 0.002
2025-11-24 05:48:48 [meters] Hex input RMS -> E | 0.001    A | 0.001    D | 0.001    G | 0.001    B | 0.001    e | 0.001
2025-11-24 05:48:48 [meters] Hex input RMS -> E | 0.001    A | 0.001    D | 0.001    G | 0.001    B | 0.001    e | 0.001
2025-11-24 05:48:48 [meters] Hex input RMS -> E | 0.002    A | 0.002    D | 0.002    G | 0.002    B | 0.002    e | 0.002
2025-11-24 05:48:48 [meters] Hex input RMS -> E | 0.002    A | 0.002    D | 0.002    G | 0.002    B | 0.002    e | 0.002
2025-11-24 05:48:48 [meters] Hex input RMS -> E | 0.002    A | 0.002    D | 0.002    G | 0.002    B | 0.002    e | 0.002
2025-11-24 05:48:48 [meters] Hex input RMS -> E | 0.001    A | 0.001    D | 0.001    G | 0.001    B | 0.001    e | 0.001
2025-11-24 05:48:48 [meters] Hex input RMS -> E | 0.001    A | 0.001    D | 0.001    G | 0.001    B | 0.001    e | 0.001
2025-11-24 05:48:48 [meters] Hex input RMS -> E | 0.002    A | 0.002    D | 0.002    G | 0.002    B | 0.002    e | 0.002
2025-11-24 05:48:48 [meters] Hex input RMS -> E | 0.002    A | 0.002    D | 0.002    G | 0.002    B | 0.002    e | 0.002
2025-11-24 05:48:48 [meters] Hex input RMS -> E | 0.002    A | 0.002    D | 0.002    G | 0.001    B | 0.001    e | 0.001
2025-11-24 05:48:48 [meters] Hex input RMS -> E | 0.001    A | 0.001    D | 0.001    G | 0.001    B | 0.001    e | 0.001
2025-11-24 05:48:48 [meters] Hex input RMS -> E | 0.002    A | 0.002    D | 0.002    G | 0.002    B | 0.002    e | 0.002
2025-11-24 05:48:49 [meters] Hex input RMS -> E | 0.002    A | 0.002    D | 0.002    G | 0.002    B | 0.002    e | 0.002
2025-11-24 05:48:49 [meters] Hex input RMS -> E | 0.002    A | 0.002    D | 0.002    G | 0.002    B | 0.002    e | 0.002
2025-11-24 05:48:49 [meters] Hex input RMS -> E | 0.001    A | 0.001    D | 0.001    G | 0.001    B | 0.001    e | 0.001
2025-11-24 05:48:49 [meters] Hex input RMS -> E | 0.001    A | 0.001    D | 0.001    G | 0.001    B | 0.001    e | 0.001
2025-11-24 05:48:49 [meters] Hex input RMS -> E | 0.002    A | 0.002    D | 0.002    G | 0.002    B | 0.002    e | 0.002
2025-11-24 05:48:49 [meters] Hex input RMS -> E | 0.002    A | 0.002    D | 0.002    G | 0.002    B | 0.002    e | 0.002
2025-11-24 05:48:49 [meters] Hex input RMS -> E | 0.002    A | 0.002    D | 0.002    G | 0.002    B | 0.002    e | 0.002
2025-11-24 05:48:49 [meters] Hex input RMS -> E | 0.001    A | 0.001    D | 0.001    G | 0.001    B | 0.001    e | 0.001
2025-11-24 05:48:49 [meters] Hex input RMS -> E | 0.001    A | 0.001    D | 0.001    G | 0.001    B | 0.001    e | 0.001
2025-11-24 05:48:49 [meters] Hex input RMS -> E | 0.002    A | 0.002    D | 0.002    G | 0.002    B | 0.002    e | 0.002
2025-11-24 05:48:49 [meters] Hex input RMS -> E | 0.002    A | 0.002    D | 0.002    G | 0.002    B | 0.002    e | 0.002
2025-11-24 05:48:49 [meters] Hex input RMS -> E | 0.002    A | 0.002    D | 0.002    G | 0.002    B | 0.002    e | 0.001
2025-11-24 05:48:50 [meters] Hex input RMS -> E | 0.001    A | 0.001    D | 0.001    G | 0.001    B | 0.001    e | 0.001
2025-11-24 05:48:50 [meters] Hex input RMS -> E | 0.001    A | 0.001    D | 0.001    G | 0.001    B | 0.001    e | 0.001
2025-11-24 05:48:50 [meters] Hex input RMS -> E | 0.002    A | 0.002    D | 0.002    G | 0.002    B | 0.002    e | 0.002
2025-11-24 05:48:50 [meters] Hex input RMS -> E | 0.002    A | 0.002    D | 0.002    G | 0.002    B | 0.002    e | 0.002
2025-11-24 05:48:50 [meters] Hex input RMS -> E | 0.002    A | 0.001    D | 0.002    G | 0.001    B | 0.001    e | 0.001
2025-11-24 05:48:50 [meters] Hex input RMS -> E | 0.001    A | 0.001    D | 0.001    G | 0.001    B | 0.001    e | 0.001
2025-11-24 05:48:50 [meters] Hex input RMS -> E | 0.002    A | 0.002    D | 0.002    G | 0.002    B | 0.002    e | 0.002
2025-11-24 05:48:50 [meters] Hex input RMS -> E | 0.002    A | 0.002    D | 0.002    G | 0.002    B | 0.002    e | 0.002
2025-11-24 05:48:50 [meters] Hex input RMS -> E | 0.002    A | 0.002    D | 0.002    G | 0.002    B | 0.002    e | 0.002
2025-11-24 05:48:50 [meters] Hex input RMS -> E | 0.001    A | 0.001    D | 0.001    G | 0.001    B | 0.001    e | 0.001
2025-11-24 05:48:50 [meters] Hex input RMS -> E | 0.001    A | 0.001    D | 0.001    G | 0.001    B | 0.001    e | 0.001
2025-11-24 05:48:50 [meters] Hex input RMS -> E | 0.002    A | 0.002    D | 0.002    G | 0.002    B | 0.002    e | 0.002
2025-11-24 05:48:50 [meters] Hex input RMS -> E | 0.002    A | 0.002    D | 0.002    G | 0.002    B | 0.002    e | 0.002
2025-11-24 05:48:51 [meters] Hex input RMS -> E | 0.002    A | 0.002    D | 0.002    G | 0.002    B | 0.002    e | 0.002
2025-11-24 05:48:51 [meters] Hex input RMS -> E | 0.001    A | 0.001    D | 0.001    G | 0.001    B | 0.001    e | 0.001
2025-11-24 05:48:51 [meters] Hex input RMS -> E | 0.001    A | 0.001    D | 0.001    G | 0.001    B | 0.001    e | 0.001
2025-11-24 05:48:51 [meters] Hex input RMS -> E | 0.002    A | 0.002    D | 0.002    G | 0.002    B | 0.002    e | 0.002
2025-11-24 05:48:51 [meters] Hex input RMS -> E | 0.002    A | 0.002    D | 0.002    G | 0.002    B | 0.002    e | 0.002
2025-11-24 05:48:51 [meters] Hex input RMS -> E | 0.002    A | 0.002    D | 0.002    G | 0.002    B | 0.002    e | 0.002
2025-11-24 05:48:51 [meters] Hex input RMS -> E | 0.001    A | 0.001    D | 0.001    G | 0.001    B | 0.001    e | 0.001
2025-11-24 05:48:51 [meters] Hex input RMS -> E | 0.001    A | 0.001    D | 0.001    G | 0.001    B | 0.001    e | 0.001
2025-11-24 05:48:51 [meters] Hex input RMS -> E | 0.002    A | 0.002    D | 0.002    G | 0.002    B | 0.002    e | 0.002
2025-11-24 05:48:51 [meters] Hex input RMS -> E | 0.002    A | 0.002    D | 0.002    G | 0.002    B | 0.002    e | 0.002
2025-11-24 05:48:51 [meters] Hex input RMS -> E | 0.002    A | 0.002    D | 0.002    G | 0.002    B | 0.001    e | 0.001
2025-11-24 05:48:51 [meters] Hex input RMS -> E | 0.001    A | 0.001    D | 0.001    G | 0.001    B | 0.001    e | 0.001
2025-11-24 05:48:52 [meters] Hex input RMS -> E | 0.002    A | 0.002    D | 0.001    G | 0.002    B | 0.001    e | 0.001
2025-11-24 05:48:52 [meters] Hex input RMS -> E | 0.002    A | 0.002    D | 0.002    G | 0.002    B | 0.002    e | 0.002
2025-11-24 05:48:52 [meters] Hex input RMS -> E | 0.002    A | 0.002    D | 0.002    G | 0.002    B | 0.002    e | 0.002
2025-11-24 05:48:52 [meters] Hex input RMS -> E | 0.001    A | 0.001    D | 0.001    G | 0.001    B | 0.001    e | 0.001
2025-11-24 05:48:52 [meters] Hex input RMS -> E | 0.001    A | 0.001    D | 0.001    G | 0.001    B | 0.001    e | 0.001
2025-11-24 05:48:52 [meters] Hex input RMS -> E | 0.002    A | 0.002    D | 0.002    G | 0.002    B | 0.002    e | 0.002
2025-11-24 05:48:52 [meters] Hex input RMS -> E | 0.002    A | 0.002    D | 0.002    G | 0.002    B | 0.002    e | 0.002
2025-11-24 05:48:52 [meters] Hex input RMS -> E | 0.002    A | 0.002    D | 0.002    G | 0.002    B | 0.002    e | 0.002
2025-11-24 05:48:52 [meters] Hex input RMS -> E | 0.001    A | 0.001    D | 0.001    G | 0.001    B | 0.001    e | 0.001
2025-11-24 05:48:52 [meters] Hex input RMS -> E | 0.001    A | 0.001    D | 0.001    G | 0.001    B | 0.001    e | 0.001
2025-11-24 05:48:52 [meters] Hex input RMS -> E | 0.002    A | 0.002    D | 0.002    G | 0.002    B | 0.002    e | 0.002
2025-11-24 05:48:52 [meters] Hex input RMS -> E | 0.002    A | 0.002    D | 0.002    G | 0.002    B | 0.002    e | 0.002
2025-11-24 05:48:52 [meters] Hex input RMS -> E | 0.002    A | 0.002    D | 0.002    G | 0.002    B | 0.002    e | 0.001
2025-11-24 05:48:53 [meters] Hex input RMS -> E | 0.001    A | 0.001    D | 0.001    G | 0.001    B | 0.001    e | 0.001
2025-11-24 05:48:53 [meters] Hex input RMS -> E | 0.001    A | 0.001    D | 0.001    G | 0.001    B | 0.001    e | 0.001
2025-11-24 05:48:53 [meters] Hex input RMS -> E | 0.002    A | 0.002    D | 0.002    G | 0.002    B | 0.002    e | 0.002
2025-11-24 05:48:53 [meters] Hex input RMS -> E | 0.002    A | 0.002    D | 0.002    G | 0.002    B | 0.002    e | 0.002
2025-11-24 05:48:53 [meters] Hex input RMS -> E | 0.002    A | 0.002    D | 0.002    G | 0.001    B | 0.001    e | 0.001
2025-11-24 05:48:53 [meters] Hex input RMS -> E | 0.001    A | 0.001    D | 0.001    G | 0.001    B | 0.001    e | 0.001
2025-11-24 05:48:53 [meters] Hex input RMS -> E | 0.002    A | 0.001    D | 0.002    G | 0.002    B | 0.002    e | 0.002
2025-11-24 05:48:53 [meters] Hex input RMS -> E | 0.002    A | 0.002    D | 0.002    G | 0.002    B | 0.002    e | 0.002
2025-11-24 05:48:53 [meters] Hex input RMS -> E | 0.002    A | 0.002    D | 0.002    G | 0.002    B | 0.002    e | 0.002
2025-11-24 05:48:53 [meters] Hex input RMS -> E | 0.001    A | 0.001    D | 0.001    G | 0.001    B | 0.001    e | 0.001
2025-11-24 05:48:53 [meters] Hex input RMS -> E | 0.001    A | 0.001    D | 0.001    G | 0.001    B | 0.001    e | 0.001
2025-11-24 05:48:53 [meters] Hex input RMS -> E | 0.002    A | 0.002    D | 0.002    G | 0.002    B | 0.002    e | 0.002
2025-11-24 05:48:54 [meters] Hex input RMS -> E | 0.002    A | 0.002    D | 0.002    G | 0.002    B | 0.002    e | 0.002
2025-11-24 05:48:54 [meters] Hex input RMS -> E | 0.002    A | 0.002    D | 0.002    G | 0.002    B | 0.002    e | 0.002
2025-11-24 05:48:54 [meters] Hex input RMS -> E | 0.001    A | 0.001    D | 0.001    G | 0.001    B | 0.001    e | 0.001
2025-11-24 05:48:54 [meters] Hex input RMS -> E | 0.001    A | 0.001    D | 0.001    G | 0.001    B | 0.001    e | 0.001
2025-11-24 05:48:54 [meters] Hex input RMS -> E | 0.002    A | 0.002    D | 0.002    G | 0.002    B | 0.002    e | 0.002
2025-11-24 05:48:54 [meters] Hex input RMS -> E | 0.002    A | 0.002    D | 0.002    G | 0.002    B | 0.002    e | 0.002
2025-11-24 05:48:54 [meters] Hex input RMS -> E | 0.002    A | 0.002    D | 0.002    G | 0.002    B | 0.002    e | 0.002
2025-11-24 05:48:54 [meters] Hex input RMS -> E | 0.001    A | 0.001    D | 0.001    G | 0.001    B | 0.001    e | 0.001
2025-11-24 05:48:54 [meters] Hex input RMS -> E | 0.001    A | 0.001    D | 0.001    G | 0.001    B | 0.001    e | 0.001
2025-11-24 05:48:54 [meters] Hex input RMS -> E | 0.002    A | 0.002    D | 0.002    G | 0.002    B | 0.002    e | 0.002
2025-11-24 05:48:54 [meters] Hex input RMS -> E | 0.002    A | 0.002    D | 0.002    G | 0.002    B | 0.002    e | 0.002
2025-11-24 05:48:54 [meters] Hex input RMS -> E | 0.002    A | 0.002    D | 0.002    G | 0.002    B | 0.002    e | 0.001
2025-11-24 05:48:54 [meters] Hex input RMS -> E | 0.001    A | 0.001    D | 0.001    G | 0.001    B | 0.001    e | 0.001
2025-11-24 05:48:55 [meters] Hex input RMS -> E | 0.002    A | 0.001    D | 0.001    G | 0.001    B | 0.001    e | 0.001
2025-11-24 05:48:55 [meters] Hex input RMS -> E | 0.002    A | 0.002    D | 0.002    G | 0.002    B | 0.002    e | 0.002
2025-11-24 05:48:55 [meters] Hex input RMS -> E | 0.002    A | 0.002    D | 0.002    G | 0.002    B | 0.002    e | 0.002
2025-11-24 05:48:55 [meters] Hex input RMS -> E | 0.001    A | 0.001    D | 0.001    G | 0.001    B | 0.001    e | 0.001
2025-11-24 05:48:55 [meters] Hex input RMS -> E | 0.001    A | 0.001    D | 0.001    G | 0.001    B | 0.001    e | 0.001
2025-11-24 05:48:55 [meters] Hex input RMS -> E | 0.002    A | 0.002    D | 0.002    G | 0.002    B | 0.002    e | 0.002
2025-11-24 05:48:55 [meters] Hex input RMS -> E | 0.002    A | 0.002    D | 0.002    G | 0.002    B | 0.002    e | 0.002
2025-11-24 05:48:55 [meters] Hex input RMS -> E | 0.002    A | 0.002    D | 0.002    G | 0.002    B | 0.002    e | 0.002
2025-11-24 05:48:55 [meters] Hex input RMS -> E | 0.001    A | 0.001    D | 0.001    G | 0.001    B | 0.001    e | 0.001
2025-11-24 05:48:55 [meters] Hex input RMS -> E | 0.001    A | 0.001    D | 0.001    G | 0.001    B | 0.001    e | 0.001
2025-11-24 05:48:55 [meters] Hex input RMS -> E | 0.002    A | 0.002    D | 0.002    G | 0.002    B | 0.002    e | 0.002
2025-11-24 05:48:55 [meters] Hex input RMS -> E | 0.002    A | 0.002    D | 0.002    G | 0.002    B | 0.002    e | 0.002
2025-11-24 05:48:56 [meters] Hex input RMS -> E | 0.002    A | 0.002    D | 0.002    G | 0.002    B | 0.002    e | 0.002
2025-11-24 05:48:56 [meters] Hex input RMS -> E | 0.001    A | 0.001    D | 0.001    G | 0.001    B | 0.001    e | 0.001
2025-11-24 05:48:56 [meters] Hex input RMS -> E | 0.001    A | 0.001    D | 0.001    G | 0.001    B | 0.001    e | 0.001
2025-11-24 05:48:56 [meters] Hex input RMS -> E | 0.002    A | 0.002    D | 0.002    G | 0.002    B | 0.002    e | 0.002
2025-11-24 05:48:56 [meters] Hex input RMS -> E | 0.002    A | 0.002    D | 0.002    G | 0.002    B | 0.002    e | 0.002
2025-11-24 05:48:56 [meters] Hex input RMS -> E | 0.002    A | 0.002    D | 0.002    G | 0.002    B | 0.002    e | 0.001
2025-11-24 05:48:56 [meters] Hex input RMS -> E | 0.001    A | 0.001    D | 0.001    G | 0.001    B | 0.001    e | 0.001
2025-11-24 05:48:56 [meters] Hex input RMS -> E | 0.001    A | 0.001    D | 0.001    G | 0.001    B | 0.001    e | 0.001
2025-11-24 05:48:56 [meters] Hex input RMS -> E | 0.002    A | 0.002    D | 0.002    G | 0.002    B | 0.002    e | 0.002
2025-11-24 05:48:56 [meters] Hex input RMS -> E | 0.002    A | 0.002    D | 0.002    G | 0.002    B | 0.002    e | 0.002
2025-11-24 05:48:56 [meters] Hex input RMS -> E | 0.001    A | 0.001    D | 0.002    G | 0.001    B | 0.001    e | 0.001
2025-11-24 05:48:56 [meters] Hex input RMS -> E | 0.001    A | 0.001    D | 0.001    G | 0.001    B | 0.001    e | 0.001
2025-11-24 05:48:56 [meters] Hex input RMS -> E | 0.002    A | 0.002    D | 0.002    G | 0.002    B | 0.002    e | 0.002
2025-11-24 05:48:57 [meters] Hex input RMS -> E | 0.002    A | 0.002    D | 0.002    G | 0.002    B | 0.002    e | 0.002
2025-11-24 05:48:57 [meters] Hex input RMS -> E | 0.002    A | 0.002    D | 0.002    G | 0.002    B | 0.002    e | 0.002
2025-11-24 05:48:57 [meters] Hex input RMS -> E | 0.001    A | 0.001    D | 0.001    G | 0.001    B | 0.001    e | 0.001
2025-11-24 05:48:57 [meters] Hex input RMS -> E | 0.001    A | 0.001    D | 0.001    G | 0.001    B | 0.001    e | 0.001
2025-11-24 05:48:57 [meters] Hex input RMS -> E | 0.002    A | 0.002    D | 0.002    G | 0.002    B | 0.002    e | 0.002
2025-11-24 05:48:57 [meters] Hex input RMS -> E | 0.002    A | 0.002    D | 0.002    G | 0.002    B | 0.002    e | 0.002
2025-11-24 05:48:57 [meters] Hex input RMS -> E | 0.002    A | 0.002    D | 0.002    G | 0.002    B | 0.002    e | 0.002
2025-11-24 05:48:57 [meters] Hex input RMS -> E | 0.001    A | 0.001    D | 0.001    G | 0.001    B | 0.001    e | 0.001
2025-11-24 05:48:57 [meters] Hex input RMS -> E | 0.001    A | 0.001    D | 0.001    G | 0.001    B | 0.001    e | 0.001
2025-11-24 05:48:57 [meters] Hex input RMS -> E | 0.002    A | 0.002    D | 0.002    G | 0.002    B | 0.002    e | 0.002
2025-11-24 05:48:57 [meters] Hex input RMS -> E | 0.002    A | 0.002    D | 0.002    G | 0.002    B | 0.002    e | 0.002
2025-11-24 05:48:57 [meters] Hex input RMS -> E | 0.002    A | 0.002    D | 0.002    G | 0.002    B | 0.002    e | 0.001
2025-11-24 05:48:58 [meters] Hex input RMS -> E | 0.001    A | 0.001    D | 0.001    G | 0.001    B | 0.001    e | 0.001
2025-11-24 05:48:58 [meters] Hex input RMS -> E | 0.002    A | 0.001    D | 0.001    G | 0.001    B | 0.002    e | 0.001
2025-11-24 05:48:58 [meters] Hex input RMS -> E | 0.002    A | 0.002    D | 0.002    G | 0.002    B | 0.002    e | 0.002
2025-11-24 05:48:58 [meters] Hex input RMS -> E | 0.002    A | 0.002    D | 0.002    G | 0.002    B | 0.002    e | 0.002
2025-11-24 05:48:58 [meters] Hex input RMS -> E | 0.001    A | 0.001    D | 0.001    G | 0.001    B | 0.001    e | 0.001
2025-11-24 05:48:58 [meters] Hex input RMS -> E | 0.001    A | 0.001    D | 0.001    G | 0.001    B | 0.001    e | 0.001
2025-11-24 05:48:58 [meters] Hex input RMS -> E | 0.002    A | 0.002    D | 0.002    G | 0.001    B | 0.002    e | 0.001
2025-11-24 05:48:58 [meters] Hex input RMS -> E | 0.002    A | 0.002    D | 0.002    G | 0.002    B | 0.002    e | 0.002
2025-11-24 05:48:58 [meters] Hex input RMS -> E | 0.002    A | 0.002    D | 0.002    G | 0.002    B | 0.002    e | 0.002
2025-11-24 05:48:58 [meters] Hex input RMS -> E | 0.001    A | 0.001    D | 0.001    G | 0.001    B | 0.001    e | 0.001
2025-11-24 05:48:58 [meters] Hex input RMS -> E | 0.001    A | 0.001    D | 0.001    G | 0.001    B | 0.001    e | 0.001
2025-11-24 05:48:58 [meters] Hex input RMS -> E | 0.002    A | 0.002    D | 0.002    G | 0.002    B | 0.002    e | 0.002
2025-11-24 05:48:58 [meters] Hex input RMS -> E | 0.002    A | 0.002    D | 0.002    G | 0.002    B | 0.002    e | 0.002
2025-11-24 05:48:59 [meters] Hex input RMS -> E | 0.002    A | 0.002    D | 0.002    G | 0.002    B | 0.002    e | 0.002
2025-11-24 05:48:59 [meters] Hex input RMS -> E | 0.001    A | 0.001    D | 0.001    G | 0.001    B | 0.001    e | 0.001
2025-11-24 05:48:59 [meters] Hex input RMS -> E | 0.001    A | 0.001    D | 0.001    G | 0.001    B | 0.001    e | 0.001
2025-11-24 05:48:59 [meters] Hex input RMS -> E | 0.002    A | 0.002    D | 0.002    G | 0.002    B | 0.002    e | 0.002
2025-11-24 05:48:59 [meters] Hex input RMS -> E | 0.002    A | 0.002    D | 0.002    G | 0.002    B | 0.002    e | 0.002
2025-11-24 05:48:59 [meters] Hex input RMS -> E | 0.002    A | 0.002    D | 0.002    G | 0.002    B | 0.002    e | 0.001
2025-11-24 05:48:59 [meters] Hex input RMS -> E | 0.001    A | 0.001    D | 0.001    G | 0.001    B | 0.001    e | 0.001
2025-11-24 05:48:59 [meters] Hex input RMS -> E | 0.001    A | 0.001    D | 0.001    G | 0.001    B | 0.001    e | 0.001
2025-11-24 05:48:59 [meters] Hex input RMS -> E | 0.002    A | 0.002    D | 0.002    G | 0.002    B | 0.002    e | 0.002
2025-11-24 05:48:59 [meters] Hex input RMS -> E | 0.002    A | 0.002    D | 0.002    G | 0.002    B | 0.002    e | 0.002
2025-11-24 05:48:59 [meters] Hex input RMS -> E | 0.001    A | 0.001    D | 0.002    G | 0.001    B | 0.002    e | 0.001
2025-11-24 05:48:59 [meters] Hex input RMS -> E | 0.001    A | 0.001    D | 0.001    G | 0.001    B | 0.001    e | 0.001
2025-11-24 05:49:00 [meters] Hex input RMS -> E | 0.002    A | 0.002    D | 0.002    G | 0.002    B | 0.002    e | 0.001
2025-11-24 05:49:00 [meters] Hex input RMS -> E | 0.002    A | 0.002    D | 0.002    G | 0.002    B | 0.002    e | 0.002
2025-11-24 05:49:00 [meters] Hex input RMS -> E | 0.002    A | 0.002    D | 0.002    G | 0.002    B | 0.002    e | 0.002
2025-11-24 05:49:00 [meters] Hex input RMS -> E | 0.001    A | 0.001    D | 0.001    G | 0.001    B | 0.001    e | 0.001
2025-11-24 05:49:00 [meters] Hex input RMS -> E | 0.001    A | 0.001    D | 0.001    G | 0.001    B | 0.001    e | 0.001
2025-11-24 05:49:00 [meters] Hex input RMS -> E | 0.002    A | 0.002    D | 0.002    G | 0.002    B | 0.002    e | 0.002
2025-11-24 05:49:00 [meters] Hex input RMS -> E | 0.002    A | 0.002    D | 0.002    G | 0.002    B | 0.002    e | 0.002
2025-11-24 05:49:00 [meters] Hex input RMS -> E | 0.002    A | 0.002    D | 0.002    G | 0.002    B | 0.002    e | 0.002
2025-11-24 05:49:00 [meters] Hex input RMS -> E | 0.001    A | 0.001    D | 0.001    G | 0.001    B | 0.001    e | 0.001
2025-11-24 05:49:00 [meters] Hex input RMS -> E | 0.001    A | 0.001    D | 0.001    G | 0.001    B | 0.001    e | 0.001
2025-11-24 05:49:00 [meters] Hex input RMS -> E | 0.002    A | 0.002    D | 0.002    G | 0.002    B | 0.002    e | 0.002
2025-11-24 05:49:00 [meters] Hex input RMS -> E | 0.002    A | 0.002    D | 0.002    G | 0.002    B | 0.002    e | 0.002
2025-11-24 05:49:00 [meters] Hex input RMS -> E | 0.002    A | 0.002    D | 0.002    G | 0.002    B | 0.002    e | 0.002
2025-11-24 05:49:01 [meters] Hex input RMS -> E | 0.001    A | 0.001    D | 0.001    G | 0.001    B | 0.001    e | 0.001
2025-11-24 05:49:01 [meters] Hex input RMS -> E | 0.001    A | 0.001    D | 0.001    G | 0.001    B | 0.001    e | 0.001
2025-11-24 05:49:01 [meters] Hex input RMS -> E | 0.002    A | 0.002    D | 0.002    G | 0.002    B | 0.002    e | 0.002
2025-11-24 05:49:01 [meters] Hex input RMS -> E | 0.002    A | 0.002    D | 0.002    G | 0.002    B | 0.002    e | 0.002
2025-11-24 05:49:01 [meters] Hex input RMS -> E | 0.002    A | 0.001    D | 0.002    G | 0.001    B | 0.001    e | 0.001
2025-11-24 05:49:01 [meters] Hex input RMS -> E | 0.001    A | 0.001    D | 0.001    G | 0.001    B | 0.001    e | 0.001
2025-11-24 05:49:01 [meters] Hex input RMS -> E | 0.002    A | 0.002    D | 0.002    G | 0.002    B | 0.001    e | 0.001
2025-11-24 05:49:01 [meters] Hex input RMS -> E | 0.002    A | 0.002    D | 0.002    G | 0.002    B | 0.002    e | 0.002
2025-11-24 05:49:01 [meters] Hex input RMS -> E | 0.002    A | 0.002    D | 0.002    G | 0.002    B | 0.002    e | 0.002
2025-11-24 05:49:01 [meters] Hex input RMS -> E | 0.001    A | 0.001    D | 0.001    G | 0.001    B | 0.001    e | 0.001
2025-11-24 05:49:01 [meters] Hex input RMS -> E | 0.001    A | 0.001    D | 0.001    G | 0.001    B | 0.001    e | 0.001
2025-11-24 05:49:01 [meters] Hex input RMS -> E | 0.002    A | 0.002    D | 0.002    G | 0.002    B | 0.002    e | 0.002
2025-11-24 05:49:02 [meters] Hex input RMS -> E | 0.002    A | 0.002    D | 0.002    G | 0.002    B | 0.002    e | 0.002
2025-11-24 05:49:02 [meters] Hex input RMS -> E | 0.002    A | 0.002    D | 0.002    G | 0.002    B | 0.002    e | 0.002
2025-11-24 05:49:02 [meters] Hex input RMS -> E | 0.001    A | 0.001    D | 0.001    G | 0.001    B | 0.001    e | 0.001
2025-11-24 05:49:02 [meters] Hex input RMS -> E | 0.001    A | 0.001    D | 0.001    G | 0.001    B | 0.001    e | 0.001
2025-11-24 05:49:02 [meters] Hex input RMS -> E | 0.002    A | 0.002    D | 0.002    G | 0.002    B | 0.002    e | 0.002
2025-11-24 05:49:02 [meters] Hex input RMS -> E | 0.002    A | 0.002    D | 0.002    G | 0.002    B | 0.002    e | 0.002
2025-11-24 05:49:02 [meters] Hex input RMS -> E | 0.002    A | 0.002    D | 0.002    G | 0.002    B | 0.002    e | 0.001
2025-11-24 05:49:02 [meters] Hex input RMS -> E | 0.001    A | 0.001    D | 0.001    G | 0.001    B | 0.001    e | 0.001
2025-11-24 05:49:02 [meters] Hex input RMS -> E | 0.001    A | 0.001    D | 0.001    G | 0.001    B | 0.002    e | 0.001
2025-11-24 05:49:02 [meters] Hex input RMS -> E | 0.002    A | 0.002    D | 0.002    G | 0.002    B | 0.002    e | 0.002
2025-11-24 05:49:02 [meters] Hex input RMS -> E | 0.002    A | 0.002    D | 0.002    G | 0.002    B | 0.002    e | 0.002
2025-11-24 05:49:02 [meters] Hex input RMS -> E | 0.002    A | 0.001    D | 0.002    G | 0.001    B | 0.001    e | 0.001
2025-11-24 05:49:02 [meters] Hex input RMS -> E | 0.001    A | 0.001    D | 0.001    G | 0.001    B | 0.001    e | 0.001
2025-11-24 05:49:03 [meters] Hex input RMS -> E | 0.001    A | 0.002    D | 0.002    G | 0.002    B | 0.002    e | 0.001
2025-11-24 05:49:03 [meters] Hex input RMS -> E | 0.002    A | 0.002    D | 0.002    G | 0.002    B | 0.002    e | 0.002
2025-11-24 05:49:03 [meters] Hex input RMS -> E | 0.002    A | 0.002    D | 0.002    G | 0.002    B | 0.002    e | 0.002
2025-11-24 05:49:03 [meters] Hex input RMS -> E | 0.001    A | 0.001    D | 0.001    G | 0.001    B | 0.001    e | 0.001
2025-11-24 05:49:03 [meters] Hex input RMS -> E | 0.001    A | 0.001    D | 0.001    G | 0.001    B | 0.001    e | 0.001
2025-11-24 05:49:03 [meters] Hex input RMS -> E | 0.002    A | 0.002    D | 0.002    G | 0.002    B | 0.002    e | 0.002
2025-11-24 05:49:03 [meters] Hex input RMS -> E | 0.002    A | 0.002    D | 0.002    G | 0.002    B | 0.002    e | 0.002
2025-11-24 05:49:03 [meters] Hex input RMS -> E | 0.002    A | 0.002    D | 0.002    G | 0.002    B | 0.002    e | 0.002
2025-11-24 05:49:03 [meters] Hex input RMS -> E | 0.001    A | 0.001    D | 0.001    G | 0.001    B | 0.001    e | 0.001
2025-11-24 05:49:03 [meters] Hex input RMS -> E | 0.001    A | 0.001    D | 0.001    G | 0.001    B | 0.001    e | 0.001
2025-11-24 05:49:03 [meters] Hex input RMS -> E | 0.002    A | 0.002    D | 0.002    G | 0.002    B | 0.002    e | 0.002
2025-11-24 05:49:03 [meters] Hex input RMS -> E | 0.002    A | 0.002    D | 0.002    G | 0.002    B | 0.002    e | 0.002
2025-11-24 05:49:04 [meters] Hex input RMS -> E | 0.002    A | 0.002    D | 0.002    G | 0.002    B | 0.002    e | 0.001
2025-11-24 05:49:04 [meters] Hex input RMS -> E | 0.001    A | 0.001    D | 0.001    G | 0.001    B | 0.001    e | 0.001
2025-11-24 05:49:04 [meters] Hex input RMS -> E | 0.001    A | 0.001    D | 0.001    G | 0.001    B | 0.001    e | 0.001
2025-11-24 05:49:04 [meters] Hex input RMS -> E | 0.002    A | 0.002    D | 0.002    G | 0.002    B | 0.002    e | 0.002
2025-11-24 05:49:04 [meters] Hex input RMS -> E | 0.002    A | 0.002    D | 0.002    G | 0.002    B | 0.002    e | 0.002
2025-11-24 05:49:04 [meters] Hex input RMS -> E | 0.002    A | 0.001    D | 0.002    G | 0.001    B | 0.001    e | 0.001
2025-11-24 05:49:04 [meters] Hex input RMS -> E | 0.001    A | 0.001    D | 0.001    G | 0.001    B | 0.001    e | 0.001
2025-11-24 05:49:04 [meters] Hex input RMS -> E | 0.002    A | 0.002    D | 0.001    G | 0.002    B | 0.002    e | 0.001
2025-11-24 05:49:04 [meters] Hex input RMS -> E | 0.002    A | 0.002    D | 0.002    G | 0.002    B | 0.002    e | 0.002
2025-11-24 05:49:04 [meters] Hex input RMS -> E | 0.002    A | 0.002    D | 0.002    G | 0.002    B | 0.002    e | 0.002
2025-11-24 05:49:04 [meters] Hex input RMS -> E | 0.001    A | 0.001    D | 0.001    G | 0.001    B | 0.001    e | 0.001
2025-11-24 05:49:04 [meters] Hex input RMS -> E | 0.001    A | 0.001    D | 0.001    G | 0.001    B | 0.001    e | 0.001
2025-11-24 05:49:04 [meters] Hex input RMS -> E | 0.002    A | 0.002    D | 0.002    G | 0.002    B | 0.002    e | 0.002
2025-11-24 05:49:05 [meters] Hex input RMS -> E | 0.002    A | 0.002    D | 0.002    G | 0.002    B | 0.002    e | 0.002
2025-11-24 05:49:05 [meters] Hex input RMS -> E | 0.002    A | 0.002    D | 0.002    G | 0.002    B | 0.002    e | 0.002
2025-11-24 05:49:05 [meters] Hex input RMS -> E | 0.001    A | 0.001    D | 0.001    G | 0.001    B | 0.001    e | 0.001
2025-11-24 05:49:05 [meters] Hex input RMS -> E | 0.001    A | 0.001    D | 0.001    G | 0.001    B | 0.001    e | 0.001
2025-11-24 05:49:05 [meters] Hex input RMS -> E | 0.002    A | 0.002    D | 0.002    G | 0.002    B | 0.002    e | 0.002
2025-11-24 05:49:05 [meters] Hex input RMS -> E | 0.002    A | 0.002    D | 0.002    G | 0.002    B | 0.002    e | 0.002
2025-11-24 05:49:05 [meters] Hex input RMS -> E | 0.002    A | 0.002    D | 0.002    G | 0.002    B | 0.002    e | 0.001
2025-11-24 05:49:05 [meters] Hex input RMS -> E | 0.001    A | 0.001    D | 0.001    G | 0.001    B | 0.001    e | 0.001
2025-11-24 05:49:05 [meters] Hex input RMS -> E | 0.001    A | 0.001    D | 0.001    G | 0.001    B | 0.001    e | 0.001
2025-11-24 05:49:05 [meters] Hex input RMS -> E | 0.002    A | 0.002    D | 0.002    G | 0.002    B | 0.002    e | 0.002
2025-11-24 05:49:05 [meters] Hex input RMS -> E | 0.002    A | 0.002    D | 0.002    G | 0.002    B | 0.002    e | 0.002
2025-11-24 05:49:05 [meters] Hex input RMS -> E | 0.002    A | 0.002    D | 0.002    G | 0.001    B | 0.002    e | 0.001
2025-11-24 05:49:06 [meters] Hex input RMS -> E | 0.001    A | 0.001    D | 0.001    G | 0.001    B | 0.001    e | 0.001
2025-11-24 05:49:06 [meters] Hex input RMS -> E | 0.001    A | 0.001    D | 0.001    G | 0.001    B | 0.001    e | 0.001
2025-11-24 05:49:06 [meters] Hex input RMS -> E | 0.002    A | 0.002    D | 0.002    G | 0.002    B | 0.002    e | 0.002
2025-11-24 05:49:06 [meters] Hex input RMS -> E | 0.002    A | 0.002    D | 0.002    G | 0.002    B | 0.002    e | 0.002
2025-11-24 05:49:06 [meters] Hex input RMS -> E | 0.001    A | 0.001    D | 0.001    G | 0.001    B | 0.001    e | 0.001
2025-11-24 05:49:06 [meters] Hex input RMS -> E | 0.001    A | 0.001    D | 0.001    G | 0.001    B | 0.001    e | 0.001
2025-11-24 05:49:06 [meters] Hex input RMS -> E | 0.002    A | 0.002    D | 0.002    G | 0.002    B | 0.002    e | 0.002
2025-11-24 05:49:06 [meters] Hex input RMS -> E | 0.002    A | 0.002    D | 0.002    G | 0.002    B | 0.002    e | 0.002
2025-11-24 05:49:06 [meters] Hex input RMS -> E | 0.002    A | 0.002    D | 0.002    G | 0.002    B | 0.002    e | 0.002
2025-11-24 05:49:06 [meters] Hex input RMS -> E | 0.001    A | 0.001    D | 0.001    G | 0.001    B | 0.001    e | 0.001
2025-11-24 05:49:06 [meters] Hex input RMS -> E | 0.001    A | 0.001    D | 0.001    G | 0.001    B | 0.001    e | 0.001
2025-11-24 05:49:06 [meters] Hex input RMS -> E | 0.002    A | 0.002    D | 0.002    G | 0.002    B | 0.002    e | 0.002
2025-11-24 05:49:06 [meters] Hex input RMS -> E | 0.002    A | 0.002    D | 0.002    G | 0.002    B | 0.002    e | 0.002
2025-11-24 05:49:07 [meters] Hex input RMS -> E | 0.002    A | 0.002    D | 0.002    G | 0.002    B | 0.002    e | 0.001
2025-11-24 05:49:07 [meters] Hex input RMS -> E | 0.001    A | 0.001    D | 0.001    G | 0.001    B | 0.001    e | 0.001
2025-11-24 05:49:07 [meters] Hex input RMS -> E | 0.001    A | 0.001    D | 0.001    G | 0.001    B | 0.001    e | 0.001
2025-11-24 05:49:07 [meters] Hex input RMS -> E | 0.002    A | 0.002    D | 0.002    G | 0.002    B | 0.002    e | 0.002
2025-11-24 05:49:07 [meters] Hex input RMS -> E | 0.002    A | 0.002    D | 0.002    G | 0.002    B | 0.002    e | 0.002
2025-11-24 05:49:07 [meters] Hex input RMS -> E | 0.002    A | 0.001    D | 0.002    G | 0.001    B | 0.002    e | 0.001
2025-11-24 05:49:07 [meters] Hex input RMS -> E | 0.001    A | 0.001    D | 0.001    G | 0.001    B | 0.001    e | 0.001
2025-11-24 05:49:07 [meters] Hex input RMS -> E | 0.001    A | 0.001    D | 0.001    G | 0.001    B | 0.001    e | 0.002
2025-11-24 05:49:07 [meters] Hex input RMS -> E | 0.002    A | 0.002    D | 0.002    G | 0.002    B | 0.002    e | 0.002
2025-11-24 05:49:07 [meters] Hex input RMS -> E | 0.002    A | 0.002    D | 0.002    G | 0.002    B | 0.002    e | 0.002
2025-11-24 05:49:07 [meters] Hex input RMS -> E | 0.001    A | 0.001    D | 0.002    G | 0.001    B | 0.001    e | 0.001
2025-11-24 05:49:07 [meters] Hex input RMS -> E | 0.001    A | 0.001    D | 0.001    G | 0.001    B | 0.001    e | 0.001
2025-11-24 05:49:08 [meters] Hex input RMS -> E | 0.002    A | 0.002    D | 0.002    G | 0.002    B | 0.002    e | 0.002
2025-11-24 05:49:08 [meters] Hex input RMS -> E | 0.002    A | 0.002    D | 0.002    G | 0.002    B | 0.002    e | 0.002
2025-11-24 05:49:08 [meters] Hex input RMS -> E | 0.002    A | 0.002    D | 0.002    G | 0.002    B | 0.002    e | 0.002
2025-11-24 05:49:08 [meters] Hex input RMS -> E | 0.001    A | 0.001    D | 0.001    G | 0.001    B | 0.001    e | 0.001
2025-11-24 05:49:08 [meters] Hex input RMS -> E | 0.001    A | 0.001    D | 0.001    G | 0.001    B | 0.001    e | 0.001
2025-11-24 05:49:08 [meters] Hex input RMS -> E | 0.002    A | 0.002    D | 0.002    G | 0.002    B | 0.002    e | 0.002
2025-11-24 05:49:08 [meters] Hex input RMS -> E | 0.002    A | 0.002    D | 0.002    G | 0.002    B | 0.002    e | 0.002
2025-11-24 05:49:08 [meters] Hex input RMS -> E | 0.002    A | 0.002    D | 0.002    G | 0.002    B | 0.002    e | 0.001
2025-11-24 05:49:08 [meters] Hex input RMS -> E | 0.001    A | 0.001    D | 0.001    G | 0.001    B | 0.001    e | 0.001
2025-11-24 05:49:08 [meters] Hex input RMS -> E | 0.001    A | 0.001    D | 0.001    G | 0.001    B | 0.001    e | 0.001
2025-11-24 05:49:08 [meters] Hex input RMS -> E | 0.002    A | 0.002    D | 0.002    G | 0.002    B | 0.002    e | 0.002
2025-11-24 05:49:08 [meters] Hex input RMS -> E | 0.002    A | 0.002    D | 0.002    G | 0.002    B | 0.002    e | 0.002
2025-11-24 05:49:08 [meters] Hex input RMS -> E | 0.002    A | 0.002    D | 0.002    G | 0.001    B | 0.002    e | 0.001
2025-11-24 05:49:09 [meters] Hex input RMS -> E | 0.001    A | 0.001    D | 0.001    G | 0.001    B | 0.001    e | 0.001
2025-11-24 05:49:09 [meters] Hex input RMS -> E | 0.001    A | 0.001    D | 0.001    G | 0.002    B | 0.001    e | 0.001
2025-11-24 05:49:09 [meters] Hex input RMS -> E | 0.002    A | 0.002    D | 0.002    G | 0.002    B | 0.002    e | 0.002
2025-11-24 05:49:09 [meters] Hex input RMS -> E | 0.002    A | 0.002    D | 0.002    G | 0.002    B | 0.002    e | 0.002
2025-11-24 05:49:09 [meters] Hex input RMS -> E | 0.001    A | 0.001    D | 0.001    G | 0.001    B | 0.001    e | 0.001
2025-11-24 05:49:09 [meters] Hex input RMS -> E | 0.001    A | 0.001    D | 0.001    G | 0.001    B | 0.001    e | 0.001
2025-11-24 05:49:09 [meters] Hex input RMS -> E | 0.002    A | 0.002    D | 0.002    G | 0.002    B | 0.002    e | 0.002
2025-11-24 05:49:09 [meters] Hex input RMS -> E | 0.002    A | 0.002    D | 0.002    G | 0.002    B | 0.002    e | 0.002
2025-11-24 05:49:09 [meters] Hex input RMS -> E | 0.002    A | 0.002    D | 0.002    G | 0.002    B | 0.002    e | 0.002
2025-11-24 05:49:09 [meters] Hex input RMS -> E | 0.001    A | 0.001    D | 0.001    G | 0.001    B | 0.001    e | 0.001
2025-11-24 05:49:09 [meters] Hex input RMS -> E | 0.001    A | 0.001    D | 0.001    G | 0.001    B | 0.001    e | 0.001
2025-11-24 05:49:09 [meters] Hex input RMS -> E | 0.002    A | 0.002    D | 0.002    G | 0.002    B | 0.002    e | 0.002
2025-11-24 05:49:10 [meters] Hex input RMS -> E | 0.002    A | 0.002    D | 0.002    G | 0.002    B | 0.002    e | 0.002
2025-11-24 05:49:10 [meters] Hex input RMS -> E | 0.002    A | 0.002    D | 0.002    G | 0.002    B | 0.002    e | 0.002
2025-11-24 05:49:10 [meters] Hex input RMS -> E | 0.001    A | 0.001    D | 0.001    G | 0.001    B | 0.001    e | 0.001
2025-11-24 05:49:10 [meters] Hex input RMS -> E | 0.001    A | 0.001    D | 0.001    G | 0.001    B | 0.001    e | 0.001
2025-11-24 05:49:10 [meters] Hex input RMS -> E | 0.002    A | 0.002    D | 0.002    G | 0.002    B | 0.002    e | 0.002
2025-11-24 05:49:10 [meters] Hex input RMS -> E | 0.002    A | 0.002    D | 0.002    G | 0.002    B | 0.002    e | 0.002
2025-11-24 05:49:10 [meters] Hex input RMS -> E | 0.002    A | 0.002    D | 0.002    G | 0.002    B | 0.002    e | 0.001
2025-11-24 05:49:10 [meters] Hex input RMS -> E | 0.001    A | 0.001    D | 0.001    G | 0.001    B | 0.001    e | 0.001
2025-11-24 05:49:10 [meters] Hex input RMS -> E | 0.001    A | 0.001    D | 0.001    G | 0.001    B | 0.001    e | 0.001
2025-11-24 05:49:10 [meters] Hex input RMS -> E | 0.002    A | 0.002    D | 0.002    G | 0.002    B | 0.002    e | 0.002
2025-11-24 05:49:10 [meters] Hex input RMS -> E | 0.002    A | 0.002    D | 0.002    G | 0.002    B | 0.002    e | 0.002
2025-11-24 05:49:10 [meters] Hex input RMS -> E | 0.001    A | 0.001    D | 0.001    G | 0.001    B | 0.001    e | 0.001
2025-11-24 05:49:10 [meters] Hex input RMS -> E | 0.001    A | 0.001    D | 0.001    G | 0.001    B | 0.001    e | 0.001
2025-11-24 05:49:11 [meters] Hex input RMS -> E | 0.002    A | 0.002    D | 0.002    G | 0.002    B | 0.002    e | 0.002
2025-11-24 05:49:11 [meters] Hex input RMS -> E | 0.002    A | 0.002    D | 0.002    G | 0.002    B | 0.002    e | 0.002
2025-11-24 05:49:11 [meters] Hex input RMS -> E | 0.002    A | 0.002    D | 0.002    G | 0.002    B | 0.002    e | 0.002
2025-11-24 05:49:11 [meters] Hex input RMS -> E | 0.001    A | 0.001    D | 0.001    G | 0.001    B | 0.001    e | 0.001
2025-11-24 05:49:11 [meters] Hex input RMS -> E | 0.001    A | 0.001    D | 0.001    G | 0.001    B | 0.001    e | 0.001
2025-11-24 05:49:11 [meters] Hex input RMS -> E | 0.002    A | 0.002    D | 0.002    G | 0.002    B | 0.002    e | 0.002
2025-11-24 05:49:11 [meters] Hex input RMS -> E | 0.002    A | 0.002    D | 0.002    G | 0.002    B | 0.002    e | 0.002
2025-11-24 05:49:11 [meters] Hex input RMS -> E | 0.002    A | 0.002    D | 0.002    G | 0.002    B | 0.002    e | 0.002
2025-11-24 05:49:11 [meters] Hex input RMS -> E | 0.001    A | 0.001    D | 0.001    G | 0.001    B | 0.001    e | 0.001
2025-11-24 05:49:11 [meters] Hex input RMS -> E | 0.001    A | 0.001    D | 0.001    G | 0.001    B | 0.001    e | 0.001
2025-11-24 05:49:11 [meters] Hex input RMS -> E | 0.002    A | 0.002    D | 0.002    G | 0.002    B | 0.002    e | 0.002
2025-11-24 05:49:11 [meters] Hex input RMS -> E | 0.002    A | 0.002    D | 0.002    G | 0.002    B | 0.002    e | 0.002
2025-11-24 05:49:12 [meters] Hex input RMS -> E | 0.002    A | 0.002    D | 0.002    G | 0.002    B | 0.001    e | 0.001
2025-11-24 05:49:12 [meters] Hex input RMS -> E | 0.001    A | 0.001    D | 0.001    G | 0.001    B | 0.001    e | 0.001
2025-11-24 05:49:12 [meters] Hex input RMS -> E | 0.001    A | 0.001    D | 0.001    G | 0.001    B | 0.001    e | 0.001
2025-11-24 05:49:12 [meters] Hex input RMS -> E | 0.002    A | 0.002    D | 0.002    G | 0.002    B | 0.002    e | 0.002
2025-11-24 05:49:12 [meters] Hex input RMS -> E | 0.002    A | 0.002    D | 0.002    G | 0.002    B | 0.002    e | 0.002
2025-11-24 05:49:12 [meters] Hex input RMS -> E | 0.001    A | 0.001    D | 0.002    G | 0.001    B | 0.001    e | 0.001
2025-11-24 05:49:12 [meters] Hex input RMS -> E | 0.001    A | 0.001    D | 0.001    G | 0.001    B | 0.001    e | 0.001
2025-11-24 05:49:12 [meters] Hex input RMS -> E | 0.002    A | 0.002    D | 0.002    G | 0.002    B | 0.002    e | 0.002
2025-11-24 05:49:12 [meters] Hex input RMS -> E | 0.002    A | 0.002    D | 0.002    G | 0.002    B | 0.002    e | 0.002
2025-11-24 05:49:12 [meters] Hex input RMS -> E | 0.002    A | 0.002    D | 0.002    G | 0.002    B | 0.002    e | 0.002
2025-11-24 05:49:12 [meters] Hex input RMS -> E | 0.001    A | 0.001    D | 0.001    G | 0.001    B | 0.001    e | 0.001
2025-11-24 05:49:12 [meters] Hex input RMS -> E | 0.001    A | 0.001    D | 0.001    G | 0.001    B | 0.001    e | 0.001
2025-11-24 05:49:12 [meters] Hex input RMS -> E | 0.002    A | 0.002    D | 0.002    G | 0.002    B | 0.002    e | 0.002
2025-11-24 05:49:13 [meters] Hex input RMS -> E | 0.002    A | 0.002    D | 0.002    G | 0.002    B | 0.002    e | 0.002
2025-11-24 05:49:13 [meters] Hex input RMS -> E | 0.002    A | 0.002    D | 0.002    G | 0.002    B | 0.002    e | 0.002
2025-11-24 05:49:13 [meters] Hex input RMS -> E | 0.001    A | 0.001    D | 0.001    G | 0.001    B | 0.001    e | 0.001
2025-11-24 05:49:13 [meters] Hex input RMS -> E | 0.001    A | 0.001    D | 0.001    G | 0.001    B | 0.001    e | 0.001
2025-11-24 05:49:13 [meters] Hex input RMS -> E | 0.002    A | 0.002    D | 0.002    G | 0.002    B | 0.002    e | 0.002
2025-11-24 05:49:13 [meters] Hex input RMS -> E | 0.002    A | 0.002    D | 0.002    G | 0.002    B | 0.002    e | 0.002
2025-11-24 05:49:13 [meters] Hex input RMS -> E | 0.002    A | 0.002    D | 0.002    G | 0.002    B | 0.002    e | 0.002
2025-11-24 05:49:13 [meters] Hex input RMS -> E | 0.001    A | 0.001    D | 0.001    G | 0.001    B | 0.001    e | 0.001
2025-11-24 05:49:13 [meters] Hex input RMS -> E | 0.001    A | 0.001    D | 0.001    G | 0.001    B | 0.001    e | 0.001
2025-11-24 05:49:13 [meters] Hex input RMS -> E | 0.002    A | 0.002    D | 0.002    G | 0.002    B | 0.002    e | 0.002
2025-11-24 05:49:13 [meters] Hex input RMS -> E | 0.002    A | 0.002    D | 0.002    G | 0.002    B | 0.002    e | 0.002
2025-11-24 05:49:13 [meters] Hex input RMS -> E | 0.002    A | 0.001    D | 0.001    G | 0.001    B | 0.001    e | 0.001
2025-11-24 05:49:14 [meters] Hex input RMS -> E | 0.001    A | 0.001    D | 0.001    G | 0.001    B | 0.001    e | 0.001
2025-11-24 05:49:14 [meters] Hex input RMS -> E | 0.002    A | 0.002    D | 0.002    G | 0.001    B | 0.002    e | 0.001
2025-11-24 05:49:14 [meters] Hex input RMS -> E | 0.002    A | 0.002    D | 0.002    G | 0.002    B | 0.002    e | 0.002
2025-11-24 05:49:14 [meters] Hex input RMS -> E | 0.002    A | 0.002    D | 0.002    G | 0.002    B | 0.002    e | 0.002
2025-11-24 05:49:14 [meters] Hex input RMS -> E | 0.001    A | 0.001    D | 0.001    G | 0.001    B | 0.001    e | 0.001
2025-11-24 05:49:14 [meters] Hex input RMS -> E | 0.001    A | 0.001    D | 0.001    G | 0.001    B | 0.001    e | 0.001
2025-11-24 05:49:14 [meters] Hex input RMS -> E | 0.002    A | 0.002    D | 0.002    G | 0.002    B | 0.002    e | 0.002
2025-11-24 05:49:14 [meters] Hex input RMS -> E | 0.002    A | 0.002    D | 0.002    G | 0.002    B | 0.002    e | 0.002
2025-11-24 05:49:14 [meters] Hex input RMS -> E | 0.002    A | 0.002    D | 0.002    G | 0.002    B | 0.002    e | 0.002
2025-11-24 05:49:14 [meters] Hex input RMS -> E | 0.001    A | 0.001    D | 0.001    G | 0.001    B | 0.001    e | 0.001
2025-11-24 05:49:14 [meters] Hex input RMS -> E | 0.001    A | 0.001    D | 0.001    G | 0.001    B | 0.001    e | 0.001
2025-11-24 05:49:14 [meters] Hex input RMS -> E | 0.002    A | 0.002    D | 0.002    G | 0.002    B | 0.002    e | 0.002
2025-11-24 05:49:14 [meters] Hex input RMS -> E | 0.002    A | 0.002    D | 0.002    G | 0.002    B | 0.002    e | 0.002
2025-11-24 05:49:15 [meters] Hex input RMS -> E | 0.002    A | 0.002    D | 0.002    G | 0.002    B | 0.002    e | 0.001
2025-11-24 05:49:15 [meters] Hex input RMS -> E | 0.001    A | 0.001    D | 0.001    G | 0.001    B | 0.001    e | 0.001
2025-11-24 05:49:15 [meters] Hex input RMS -> E | 0.001    A | 0.001    D | 0.001    G | 0.001    B | 0.002    e | 0.001
2025-11-24 05:49:15 [meters] Hex input RMS -> E | 0.002    A | 0.002    D | 0.002    G | 0.002    B | 0.002    e | 0.002
2025-11-24 05:49:15 [meters] Hex input RMS -> E | 0.002    A | 0.002    D | 0.002    G | 0.002    B | 0.002    e | 0.002
2025-11-24 05:49:15 [meters] Hex input RMS -> E | 0.002    A | 0.001    D | 0.001    G | 0.001    B | 0.001    e | 0.001
2025-11-24 05:49:15 [meters] Hex input RMS -> E | 0.001    A | 0.001    D | 0.001    G | 0.001    B | 0.001    e | 0.001
2025-11-24 05:49:15 [meters] Hex input RMS -> E | 0.002    A | 0.002    D | 0.002    G | 0.001    B | 0.002    e | 0.001
2025-11-24 05:49:15 [meters] Hex input RMS -> E | 0.002    A | 0.002    D | 0.002    G | 0.002    B | 0.002    e | 0.002
2025-11-24 05:49:15 [meters] Hex input RMS -> E | 0.002    A | 0.002    D | 0.002    G | 0.002    B | 0.002    e | 0.002
2025-11-24 05:49:15 [meters] Hex input RMS -> E | 0.001    A | 0.001    D | 0.001    G | 0.001    B | 0.001    e | 0.001
2025-11-24 05:49:15 [meters] Hex input RMS -> E | 0.001    A | 0.001    D | 0.001    G | 0.001    B | 0.001    e | 0.001
2025-11-24 05:49:16 [meters] Hex input RMS -> E | 0.002    A | 0.002    D | 0.002    G | 0.002    B | 0.002    e | 0.002
2025-11-24 05:49:16 [meters] Hex input RMS -> E | 0.002    A | 0.002    D | 0.002    G | 0.002    B | 0.002    e | 0.002
2025-11-24 05:49:16 [meters] Hex input RMS -> E | 0.002    A | 0.002    D | 0.002    G | 0.002    B | 0.002    e | 0.002
2025-11-24 05:49:16 [meters] Hex input RMS -> E | 0.001    A | 0.001    D | 0.001    G | 0.001    B | 0.001    e | 0.001
2025-11-24 05:49:16 [meters] Hex input RMS -> E | 0.001    A | 0.001    D | 0.001    G | 0.001    B | 0.001    e | 0.001
2025-11-24 05:49:16 [meters] Hex input RMS -> E | 0.002    A | 0.002    D | 0.002    G | 0.002    B | 0.002    e | 0.002
2025-11-24 05:49:16 [meters] Hex input RMS -> E | 0.002    A | 0.002    D | 0.002    G | 0.002    B | 0.002    e | 0.002
2025-11-24 05:49:16 [meters] Hex input RMS -> E | 0.002    A | 0.002    D | 0.002    G | 0.002    B | 0.002    e | 0.002
2025-11-24 05:49:16 [meters] Hex input RMS -> E | 0.001    A | 0.001    D | 0.001    G | 0.001    B | 0.001    e | 0.001
2025-11-24 05:49:16 [meters] Hex input RMS -> E | 0.001    A | 0.001    D | 0.001    G | 0.001    B | 0.001    e | 0.001
2025-11-24 05:49:16 [meters] Hex input RMS -> E | 0.002    A | 0.002    D | 0.002    G | 0.002    B | 0.002    e | 0.002
2025-11-24 05:49:16 [meters] Hex input RMS -> E | 0.002    A | 0.002    D | 0.002    G | 0.002    B | 0.002    e | 0.002
2025-11-24 05:49:16 [meters] Hex input RMS -> E | 0.001    A | 0.001    D | 0.002    G | 0.001    B | 0.001    e | 0.001
2025-11-24 05:49:17 [meters] Hex input RMS -> E | 0.001    A | 0.001    D | 0.001    G | 0.001    B | 0.001    e | 0.001
2025-11-24 05:49:17 [meters] Hex input RMS -> E | 0.002    A | 0.002    D | 0.001    G | 0.001    B | 0.002    e | 0.001
2025-11-24 05:49:17 [meters] Hex input RMS -> E | 0.002    A | 0.002    D | 0.002    G | 0.002    B | 0.002    e | 0.002
2025-11-24 05:49:17 [meters] Hex input RMS -> E | 0.002    A | 0.002    D | 0.002    G | 0.002    B | 0.002    e | 0.002
2025-11-24 05:49:17 [meters] Hex input RMS -> E | 0.001    A | 0.001    D | 0.001    G | 0.001    B | 0.001    e | 0.001
2025-11-24 05:49:17 [meters] Hex input RMS -> E | 0.001    A | 0.001    D | 0.001    G | 0.001    B | 0.001    e | 0.001
2025-11-24 05:49:17 [meters] Hex input RMS -> E | 0.002    A | 0.002    D | 0.002    G | 0.002    B | 0.002    e | 0.002
2025-11-24 05:49:17 [meters] Hex input RMS -> E | 0.002    A | 0.002    D | 0.002    G | 0.002    B | 0.002    e | 0.002
2025-11-24 05:49:17 [meters] Hex input RMS -> E | 0.002    A | 0.002    D | 0.002    G | 0.002    B | 0.002    e | 0.002
2025-11-24 05:49:17 [meters] Hex input RMS -> E | 0.001    A | 0.001    D | 0.001    G | 0.001    B | 0.001    e | 0.001
2025-11-24 05:49:17 [meters] Hex input RMS -> E | 0.001    A | 0.001    D | 0.001    G | 0.001    B | 0.001    e | 0.001
2025-11-24 05:49:17 [meters] Hex input RMS -> E | 0.002    A | 0.002    D | 0.002    G | 0.002    B | 0.002    e | 0.002
2025-11-24 05:49:18 [meters] Hex input RMS -> E | 0.002    A | 0.002    D | 0.002    G | 0.002    B | 0.002    e | 0.002
2025-11-24 05:49:18 [meters] Hex input RMS -> E | 0.002    A | 0.002    D | 0.002    G | 0.002    B | 0.002    e | 0.001
2025-11-24 05:49:18 [meters] Hex input RMS -> E | 0.001    A | 0.001    D | 0.001    G | 0.001    B | 0.001    e | 0.001
2025-11-24 05:49:18 [meters] Hex input RMS -> E | 0.001    A | 0.001    D | 0.001    G | 0.001    B | 0.001    e | 0.001
2025-11-24 05:49:18 [meters] Hex input RMS -> E | 0.002    A | 0.002    D | 0.002    G | 0.002    B | 0.002    e | 0.002
2025-11-24 05:49:18 [meters] Hex input RMS -> E | 0.002    A | 0.002    D | 0.002    G | 0.002    B | 0.002    e | 0.002
2025-11-24 05:49:18 [meters] Hex input RMS -> E | 0.002    A | 0.001    D | 0.002    G | 0.001    B | 0.002    e | 0.001
2025-11-24 05:49:18 [meters] Hex input RMS -> E | 0.001    A | 0.001    D | 0.001    G | 0.001    B | 0.001    e | 0.001
2025-11-24 05:49:18 [meters] Hex input RMS -> E | 0.002    A | 0.002    D | 0.002    G | 0.002    B | 0.002    e | 0.002
2025-11-24 05:49:18 [meters] Hex input RMS -> E | 0.002    A | 0.002    D | 0.002    G | 0.002    B | 0.002    e | 0.002
2025-11-24 05:49:18 [meters] Hex input RMS -> E | 0.002    A | 0.002    D | 0.002    G | 0.002    B | 0.002    e | 0.002
2025-11-24 05:49:18 [meters] Hex input RMS -> E | 0.001    A | 0.001    D | 0.001    G | 0.001    B | 0.001    e | 0.001
2025-11-24 05:49:18 [meters] Hex input RMS -> E | 0.001    A | 0.001    D | 0.001    G | 0.001    B | 0.001    e | 0.001
2025-11-24 05:49:19 [meters] Hex input RMS -> E | 0.002    A | 0.002    D | 0.002    G | 0.002    B | 0.002    e | 0.002
2025-11-24 05:49:19 [meters] Hex input RMS -> E | 0.002    A | 0.002    D | 0.002    G | 0.002    B | 0.002    e | 0.002
2025-11-24 05:49:19 [meters] Hex input RMS -> E | 0.002    A | 0.002    D | 0.002    G | 0.002    B | 0.002    e | 0.002
2025-11-24 05:49:19 [meters] Hex input RMS -> E | 0.001    A | 0.001    D | 0.001    G | 0.001    B | 0.001    e | 0.001
2025-11-24 05:49:19 [meters] Hex input RMS -> E | 0.001    A | 0.001    D | 0.001    G | 0.001    B | 0.001    e | 0.001
2025-11-24 05:49:19 [meters] Hex input RMS -> E | 0.002    A | 0.002    D | 0.002    G | 0.002    B | 0.002    e | 0.002
2025-11-24 05:49:19 [meters] Hex input RMS -> E | 0.002    A | 0.002    D | 0.002    G | 0.002    B | 0.002    e | 0.002
2025-11-24 05:49:19 [meters] Hex input RMS -> E | 0.002    A | 0.002    D | 0.002    G | 0.002    B | 0.002    e | 0.002
2025-11-24 05:49:19 [meters] Hex input RMS -> E | 0.001    A | 0.001    D | 0.001    G | 0.001    B | 0.001    e | 0.001
2025-11-24 05:49:19 [meters] Hex input RMS -> E | 0.001    A | 0.001    D | 0.001    G | 0.001    B | 0.002    e | 0.001
2025-11-24 05:49:19 [meters] Hex input RMS -> E | 0.002    A | 0.002    D | 0.002    G | 0.002    B | 0.002    e | 0.002
2025-11-24 05:49:19 [meters] Hex input RMS -> E | 0.002    A | 0.002    D | 0.002    G | 0.002    B | 0.002    e | 0.002
2025-11-24 05:49:20 [meters] Hex input RMS -> E | 0.002    A | 0.002    D | 0.002    G | 0.002    B | 0.002    e | 0.001
2025-11-24 05:49:20 [meters] Hex input RMS -> E | 0.001    A | 0.001    D | 0.001    G | 0.001    B | 0.001    e | 0.001
2025-11-24 05:49:20 [meters] Hex input RMS -> E | 0.002    A | 0.002    D | 0.002    G | 0.002    B | 0.002    e | 0.001
2025-11-24 05:49:20 [meters] Hex input RMS -> E | 0.002    A | 0.002    D | 0.002    G | 0.002    B | 0.002    e | 0.002
2025-11-24 05:49:20 [meters] Hex input RMS -> E | 0.002    A | 0.002    D | 0.002    G | 0.002    B | 0.002    e | 0.002
2025-11-24 05:49:20 [meters] Hex input RMS -> E | 0.001    A | 0.001    D | 0.002    G | 0.001    B | 0.001    e | 0.001
2025-11-24 05:49:20 [meters] Hex input RMS -> E | 0.001    A | 0.001    D | 0.001    G | 0.001    B | 0.001    e | 0.001
2025-11-24 05:49:20 [meters] Hex input RMS -> E | 0.002    A | 0.002    D | 0.002    G | 0.002    B | 0.002    e | 0.002
2025-11-24 05:49:20 [meters] Hex input RMS -> E | 0.002    A | 0.002    D | 0.002    G | 0.002    B | 0.002    e | 0.002
2025-11-24 05:49:20 [meters] Hex input RMS -> E | 0.002    A | 0.002    D | 0.002    G | 0.002    B | 0.002    e | 0.002
2025-11-24 05:49:20 [meters] Hex input RMS -> E | 0.001    A | 0.001    D | 0.001    G | 0.001    B | 0.001    e | 0.001
2025-11-24 05:49:20 [meters] Hex input RMS -> E | 0.001    A | 0.001    D | 0.001    G | 0.001    B | 0.001    e | 0.001
2025-11-24 05:49:20 [meters] Hex input RMS -> E | 0.002    A | 0.002    D | 0.002    G | 0.002    B | 0.002    e | 0.002
2025-11-24 05:49:21 [meters] Hex input RMS -> E | 0.002    A | 0.002    D | 0.002    G | 0.002    B | 0.003    e | 0.002
2025-11-24 05:49:21 [meters] Hex input RMS -> E | 0.002    A | 0.002    D | 0.002    G | 0.002    B | 0.002    e | 0.002
2025-11-24 05:49:21 [meters] Hex input RMS -> E | 0.001    A | 0.001    D | 0.001    G | 0.001    B | 0.001    e | 0.001
2025-11-24 05:49:21 [meters] Hex input RMS -> E | 0.001    A | 0.001    D | 0.001    G | 0.001    B | 0.001    e | 0.001
2025-11-24 05:49:21 [meters] Hex input RMS -> E | 0.002    A | 0.002    D | 0.002    G | 0.002    B | 0.002    e | 0.002
2025-11-24 05:49:21 [meters] Hex input RMS -> E | 0.002    A | 0.002    D | 0.002    G | 0.002    B | 0.002    e | 0.002
2025-11-24 05:49:21 [meters] Hex input RMS -> E | 0.002    A | 0.002    D | 0.002    G | 0.002    B | 0.004    e | 0.001
2025-11-24 05:49:21 [meters] Hex input RMS -> E | 0.001    A | 0.001    D | 0.001    G | 0.001    B | 0.004    e | 0.001
2025-11-24 05:49:21 [meters] Hex input RMS -> E | 0.002    A | 0.002    D | 0.002    G | 0.002    B | 0.004    e | 0.001
2025-11-24 05:49:21 [meters] Hex input RMS -> E | 0.002    A | 0.002    D | 0.002    G | 0.002    B | 0.003    e | 0.002
2025-11-24 05:49:21 [meters] Hex input RMS -> E | 0.002    A | 0.002    D | 0.002    G | 0.002    B | 0.003    e | 0.002
2025-11-24 05:49:21 [meters] Hex input RMS -> E | 0.001    A | 0.001    D | 0.002    G | 0.001    B | 0.003    e | 0.001
2025-11-24 05:49:22 [meters] Hex input RMS -> E | 0.001    A | 0.001    D | 0.001    G | 0.001    B | 0.003    e | 0.001
2025-11-24 05:49:22 [meters] Hex input RMS -> E | 0.002    A | 0.002    D | 0.002    G | 0.002    B | 0.003    e | 0.002
2025-11-24 05:49:22 [meters] Hex input RMS -> E | 0.002    A | 0.002    D | 0.002    G | 0.002    B | 0.003    e | 0.002
2025-11-24 05:49:22 [meters] Hex input RMS -> E | 0.002    A | 0.002    D | 0.002    G | 0.002    B | 0.002    e | 0.002
2025-11-24 05:49:22 [meters] Hex input RMS -> E | 0.001    A | 0.001    D | 0.001    G | 0.001    B | 0.002    e | 0.001
2025-11-24 05:49:22 [meters] Hex input RMS -> E | 0.001    A | 0.001    D | 0.001    G | 0.001    B | 0.002    e | 0.001
2025-11-24 05:49:22 [meters] Hex input RMS -> E | 0.002    A | 0.002    D | 0.002    G | 0.002    B | 0.002    e | 0.002
2025-11-24 05:49:22 [meters] Hex input RMS -> E | 0.002    A | 0.002    D | 0.002    G | 0.002    B | 0.002    e | 0.002
2025-11-24 05:49:22 [meters] Hex input RMS -> E | 0.002    A | 0.002    D | 0.002    G | 0.002    B | 0.002    e | 0.002
2025-11-24 05:49:22 [meters] Hex input RMS -> E | 0.001    A | 0.001    D | 0.001    G | 0.006    B | 0.001    e | 0.001
2025-11-24 05:49:22 [meters] Hex input RMS -> E | 0.001    A | 0.001    D | 0.002    G | 0.002    B | 0.003    e | 0.001
2025-11-24 05:49:22 [meters] Hex input RMS -> E | 0.002    A | 0.002    D | 0.002    G | 0.002    B | 0.002    e | 0.002
2025-11-24 05:49:22 [meters] Hex input RMS -> E | 0.002    A | 0.002    D | 0.002    G | 0.002    B | 0.002    e | 0.002
2025-11-24 05:49:23 [meters] Hex input RMS -> E | 0.002    A | 0.002    D | 0.002    G | 0.001    B | 0.002    e | 0.001
2025-11-24 05:49:23 [meters] Hex input RMS -> E | 0.001    A | 0.001    D | 0.001    G | 0.001    B | 0.001    e | 0.001
2025-11-24 05:49:23 [meters] Hex input RMS -> E | 0.002    A | 0.002    D | 0.002    G | 0.002    B | 0.002    e | 0.001
2025-11-24 05:49:23 [meters] Hex input RMS -> E | 0.002    A | 0.002    D | 0.002    G | 0.002    B | 0.002    e | 0.002
2025-11-24 05:49:23 [meters] Hex input RMS -> E | 0.002    A | 0.002    D | 0.002    G | 0.002    B | 0.002    e | 0.002
2025-11-24 05:49:23 [meters] Hex input RMS -> E | 0.001    A | 0.001    D | 0.002    G | 0.001    B | 0.001    e | 0.001
2025-11-24 05:49:23 [meters] Hex input RMS -> E | 0.001    A | 0.001    D | 0.001    G | 0.001    B | 0.001    e | 0.001
2025-11-24 05:49:23 [meters] Hex input RMS -> E | 0.002    A | 0.002    D | 0.002    G | 0.002    B | 0.002    e | 0.002
2025-11-24 05:49:23 [meters] Hex input RMS -> E | 0.002    A | 0.002    D | 0.002    G | 0.002    B | 0.002    e | 0.002
2025-11-24 05:49:23 [meters] Hex input RMS -> E | 0.002    A | 0.002    D | 0.002    G | 0.002    B | 0.002    e | 0.002
2025-11-24 05:49:23 [meters] Hex input RMS -> E | 0.001    A | 0.001    D | 0.001    G | 0.001    B | 0.001    e | 0.001
2025-11-24 05:49:23 [meters] Hex input RMS -> E | 0.001    A | 0.001    D | 0.001    G | 0.001    B | 0.001    e | 0.001
2025-11-24 05:49:24 [meters] Hex input RMS -> E | 0.002    A | 0.002    D | 0.002    G | 0.002    B | 0.002    e | 0.002
2025-11-24 05:49:24 [meters] Hex input RMS -> E | 0.002    A | 0.002    D | 0.002    G | 0.002    B | 0.002    e | 0.002
2025-11-24 05:49:24 [meters] Hex input RMS -> E | 0.002    A | 0.002    D | 0.002    G | 0.002    B | 0.002    e | 0.002
2025-11-24 05:49:24 [meters] Hex input RMS -> E | 0.001    A | 0.001    D | 0.001    G | 0.001    B | 0.001    e | 0.001
2025-11-24 05:49:24 [meters] Hex input RMS -> E | 0.001    A | 0.001    D | 0.001    G | 0.001    B | 0.001    e | 0.001
2025-11-24 05:49:24 [meters] Hex input RMS -> E | 0.002    A | 0.002    D | 0.002    G | 0.002    B | 0.002    e | 0.002
2025-11-24 05:49:24 [meters] Hex input RMS -> E | 0.002    A | 0.002    D | 0.002    G | 0.002    B | 0.002    e | 0.002
2025-11-24 05:49:24 [meters] Hex input RMS -> E | 0.002    A | 0.002    D | 0.002    G | 0.002    B | 0.002    e | 0.001
2025-11-24 05:49:24 [meters] Hex input RMS -> E | 0.001    A | 0.001    D | 0.001    G | 0.001    B | 0.001    e | 0.001
2025-11-24 05:49:24 [meters] Hex input RMS -> E | 0.001    A | 0.002    D | 0.001    G | 0.002    B | 0.002    e | 0.001
2025-11-24 05:49:24 [meters] Hex input RMS -> E | 0.002    A | 0.002    D | 0.002    G | 0.002    B | 0.002    e | 0.002
2025-11-24 05:49:24 [meters] Hex input RMS -> E | 0.002    A | 0.002    D | 0.002    G | 0.002    B | 0.002    e | 0.002
2025-11-24 05:49:24 [meters] Hex input RMS -> E | 0.001    A | 0.001    D | 0.001    G | 0.001    B | 0.002    e | 0.001
2025-11-24 05:49:25 [meters] Hex input RMS -> E | 0.001    A | 0.001    D | 0.001    G | 0.001    B | 0.001    e | 0.001
2025-11-24 05:49:25 [meters] Hex input RMS -> E | 0.002    A | 0.002    D | 0.002    G | 0.001    B | 0.002    e | 0.001
2025-11-24 05:49:25 [meters] Hex input RMS -> E | 0.002    A | 0.002    D | 0.002    G | 0.002    B | 0.002    e | 0.002
2025-11-24 05:49:25 [meters] Hex input RMS -> E | 0.002    A | 0.002    D | 0.002    G | 0.002    B | 0.002    e | 0.002
2025-11-24 05:49:25 [meters] Hex input RMS -> E | 0.001    A | 0.001    D | 0.001    G | 0.001    B | 0.001    e | 0.001
2025-11-24 05:49:25 [meters] Hex input RMS -> E | 0.001    A | 0.001    D | 0.001    G | 0.001    B | 0.001    e | 0.001
2025-11-24 05:49:25 [meters] Hex input RMS -> E | 0.002    A | 0.002    D | 0.002    G | 0.002    B | 0.002    e | 0.002
2025-11-24 05:49:25 [meters] Hex input RMS -> E | 0.002    A | 0.002    D | 0.002    G | 0.002    B | 0.002    e | 0.002
2025-11-24 05:49:25 [meters] Hex input RMS -> E | 0.002    A | 0.002    D | 0.002    G | 0.002    B | 0.002    e | 0.001
2025-11-24 05:49:25 [meters] Hex input RMS -> E | 0.001    A | 0.001    D | 0.001    G | 0.001    B | 0.001    e | 0.001
2025-11-24 05:49:25 [meters] Hex input RMS -> E | 0.001    A | 0.001    D | 0.001    G | 0.001    B | 0.001    e | 0.001
2025-11-24 05:49:25 [meters] Hex input RMS -> E | 0.002    A | 0.002    D | 0.002    G | 0.002    B | 0.002    e | 0.002
2025-11-24 05:49:26 [meters] Hex input RMS -> E | 0.002    A | 0.002    D | 0.002    G | 0.002    B | 0.002    e | 0.002
2025-11-24 05:49:26 [meters] Hex input RMS -> E | 0.002    A | 0.002    D | 0.002    G | 0.002    B | 0.002    e | 0.001
2025-11-24 05:49:26 [meters] Hex input RMS -> E | 0.001    A | 0.001    D | 0.001    G | 0.001    B | 0.001    e | 0.004
2025-11-24 05:49:26 [meters] Hex input RMS -> E | 0.002    A | 0.001    D | 0.001    G | 0.001    B | 0.001    e | 0.002
2025-11-24 05:49:26 [meters] Hex input RMS -> E | 0.002    A | 0.002    D | 0.002    G | 0.002    B | 0.002    e | 0.002
2025-11-24 05:49:26 [meters] Hex input RMS -> E | 0.002    A | 0.002    D | 0.002    G | 0.002    B | 0.002    e | 0.002
2025-11-24 05:49:26 [meters] Hex input RMS -> E | 0.001    A | 0.001    D | 0.001    G | 0.001    B | 0.001    e | 0.001
2025-11-24 05:49:26 [meters] Hex input RMS -> E | 0.001    A | 0.001    D | 0.001    G | 0.001    B | 0.001    e | 0.001
2025-11-24 05:49:26 [meters] Hex input RMS -> E | 0.002    A | 0.002    D | 0.002    G | 0.002    B | 0.002    e | 0.002
2025-11-24 05:49:26 [meters] Hex input RMS -> E | 0.002    A | 0.002    D | 0.002    G | 0.002    B | 0.002    e | 0.002
2025-11-24 05:49:26 [meters] Hex input RMS -> E | 0.002    A | 0.002    D | 0.002    G | 0.002    B | 0.002    e | 0.002
2025-11-24 05:49:26 [meters] Hex input RMS -> E | 0.001    A | 0.001    D | 0.001    G | 0.001    B | 0.001    e | 0.001
2025-11-24 05:49:26 [meters] Hex input RMS -> E | 0.001    A | 0.001    D | 0.001    G | 0.001    B | 0.001    e | 0.001
2025-11-24 05:49:27 [meters] Hex input RMS -> E | 0.002    A | 0.002    D | 0.002    G | 0.002    B | 0.002    e | 0.002
2025-11-24 05:49:27 [meters] Hex input RMS -> E | 0.002    A | 0.002    D | 0.002    G | 0.002    B | 0.002    e | 0.002
2025-11-24 05:49:27 [meters] Hex input RMS -> E | 0.002    A | 0.002    D | 0.002    G | 0.002    B | 0.002    e | 0.002
2025-11-24 05:49:27 [meters] Hex input RMS -> E | 0.001    A | 0.001    D | 0.001    G | 0.001    B | 0.001    e | 0.001
2025-11-24 05:49:27 [meters] Hex input RMS -> E | 0.001    A | 0.001    D | 0.001    G | 0.001    B | 0.001    e | 0.001
2025-11-24 05:49:27 [meters] Hex input RMS -> E | 0.002    A | 0.002    D | 0.002    G | 0.002    B | 0.002    e | 0.002
2025-11-24 05:49:27 [meters] Hex input RMS -> E | 0.002    A | 0.002    D | 0.002    G | 0.002    B | 0.002    e | 0.002
2025-11-24 05:49:27 [meters] Hex input RMS -> E | 0.002    A | 0.002    D | 0.002    G | 0.001    B | 0.002    e | 0.001
2025-11-24 05:49:27 [meters] Hex input RMS -> E | 0.001    A | 0.001    D | 0.001    G | 0.001    B | 0.001    e | 0.001
2025-11-24 05:49:27 [meters] Hex input RMS -> E | 0.001    A | 0.001    D | 0.001    G | 0.001    B | 0.001    e | 0.001
2025-11-24 05:49:27 [meters] Hex input RMS -> E | 0.002    A | 0.002    D | 0.002    G | 0.002    B | 0.002    e | 0.002
2025-11-24 05:49:27 [meters] Hex input RMS -> E | 0.002    A | 0.002    D | 0.002    G | 0.002    B | 0.002    e | 0.002
2025-11-24 05:49:28 [meters] Hex input RMS -> E | 0.001    A | 0.001    D | 0.002    G | 0.001    B | 0.002    e | 0.001
2025-11-24 05:49:28 [meters] Hex input RMS -> E | 0.001    A | 0.001    D | 0.001    G | 0.001    B | 0.001    e | 0.001
2025-11-24 05:49:28 [meters] Hex input RMS -> E | 0.002    A | 0.002    D | 0.002    G | 0.002    B | 0.002    e | 0.002
2025-11-24 05:49:28 [meters] Hex input RMS -> E | 0.002    A | 0.002    D | 0.002    G | 0.002    B | 0.002    e | 0.002
2025-11-24 05:49:28 [meters] Hex input RMS -> E | 0.002    A | 0.002    D | 0.002    G | 0.002    B | 0.002    e | 0.002
2025-11-24 05:49:28 [meters] Hex input RMS -> E | 0.001    A | 0.001    D | 0.001    G | 0.001    B | 0.001    e | 0.001
2025-11-24 05:49:28 [meters] Hex input RMS -> E | 0.001    A | 0.001    D | 0.001    G | 0.001    B | 0.001    e | 0.001
2025-11-24 05:49:28 [meters] Hex input RMS -> E | 0.002    A | 0.002    D | 0.002    G | 0.002    B | 0.002    e | 0.002
2025-11-24 05:49:28 [meters] Hex input RMS -> E | 0.002    A | 0.002    D | 0.002    G | 0.002    B | 0.002    e | 0.002
2025-11-24 05:49:28 [meters] Hex input RMS -> E | 0.002    A | 0.002    D | 0.002    G | 0.002    B | 0.002    e | 0.002
2025-11-24 05:49:28 [meters] Hex input RMS -> E | 0.001    A | 0.001    D | 0.001    G | 0.001    B | 0.001    e | 0.001
2025-11-24 05:49:28 [meters] Hex input RMS -> E | 0.001    A | 0.001    D | 0.001    G | 0.001    B | 0.001    e | 0.001
2025-11-24 05:49:28 [meters] Hex input RMS -> E | 0.002    A | 0.002    D | 0.002    G | 0.002    B | 0.002    e | 0.002
2025-11-24 05:49:29 [tracker] [s6] onset t=158.776 env=0.01229 baseline=0.00824 gate=0.00206 envFloor=0.00576 onset=1.441>=0.018
2025-11-24 05:49:29 [tracker] [s6] note-start t=158.776 fret=0 midi=64 vel=0.15 env=0.01229
2025-11-24 05:49:29 [meters] Hex input RMS -> E | 0.002    A | 0.002    D | 0.002    G | 0.002    B | 0.003    e | 0.010
2025-11-24 05:49:29 [tracker] [s6] release-quiet t=158.840 avgEnv=0.00072 floor=0.04142 quietFrames=8
2025-11-24 05:49:29 [tracker] [s6] note-ended t=158.840 fret=0 dur=0.064
2025-11-24 05:49:29 [meters] Hex input RMS -> E | 0.002    A | 0.002    D | 0.002    G | 0.002    B | 0.002    e | 0.002
2025-11-24 05:49:29 [meters] Hex input RMS -> E | 0.001    A | 0.001    D | 0.001    G | 0.001    B | 0.001    e | 0.001
2025-11-24 05:49:29 [meters] Hex input RMS -> E | 0.001    A | 0.001    D | 0.002    G | 0.001    B | 0.001    e | 0.001
2025-11-24 05:49:29 [meters] Hex input RMS -> E | 0.002    A | 0.002    D | 0.002    G | 0.002    B | 0.002    e | 0.002
2025-11-24 05:49:29 [meters] Hex input RMS -> E | 0.002    A | 0.002    D | 0.002    G | 0.002    B | 0.002    e | 0.002
2025-11-24 05:49:29 [meters] Hex input RMS -> E | 0.001    A | 0.001    D | 0.002    G | 0.001    B | 0.001    e | 0.001
2025-11-24 05:49:29 [meters] Hex input RMS -> E | 0.001    A | 0.001    D | 0.001    G | 0.001    B | 0.001    e | 0.001
2025-11-24 05:49:29 [meters] Hex input RMS -> E | 0.002    A | 0.002    D | 0.002    G | 0.001    B | 0.002    e | 0.002
2025-11-24 05:49:29 [meters] Hex input RMS -> E | 0.002    A | 0.002    D | 0.002    G | 0.002    B | 0.002    e | 0.002
2025-11-24 05:49:29 [meters] Hex input RMS -> E | 0.002    A | 0.002    D | 0.002    G | 0.002    B | 0.002    e | 0.002
2025-11-24 05:49:29 [meters] Hex input RMS -> E | 0.001    A | 0.001    D | 0.001    G | 0.001    B | 0.001    e | 0.001
2025-11-24 05:49:30 [meters] Hex input RMS -> E | 0.001    A | 0.001    D | 0.001    G | 0.001    B | 0.001    e | 0.001
2025-11-24 05:49:30 [meters] Hex input RMS -> E | 0.002    A | 0.002    D | 0.002    G | 0.002    B | 0.002    e | 0.002
2025-11-24 05:49:30 [meters] Hex input RMS -> E | 0.002    A | 0.002    D | 0.002    G | 0.002    B | 0.002    e | 0.002
2025-11-24 05:49:30 [meters] Hex input RMS -> E | 0.002    A | 0.002    D | 0.002    G | 0.002    B | 0.002    e | 0.002
2025-11-24 05:49:30 [meters] Hex input RMS -> E | 0.001    A | 0.001    D | 0.001    G | 0.001    B | 0.001    e | 0.001
2025-11-24 05:49:30 [meters] Hex input RMS -> E | 0.001    A | 0.001    D | 0.001    G | 0.001    B | 0.001    e | 0.001
2025-11-24 05:49:30 [meters] Hex input RMS -> E | 0.002    A | 0.002    D | 0.002    G | 0.002    B | 0.002    e | 0.002
2025-11-24 05:49:30 [meters] Hex input RMS -> E | 0.002    A | 0.002    D | 0.002    G | 0.002    B | 0.002    e | 0.002
2025-11-24 05:49:30 [meters] Hex input RMS -> E | 0.002    A | 0.002    D | 0.002    G | 0.002    B | 0.002    e | 0.002
2025-11-24 05:49:30 [meters] Hex input RMS -> E | 0.001    A | 0.001    D | 0.001    G | 0.001    B | 0.001    e | 0.001
2025-11-24 05:49:30 [meters] Hex input RMS -> E | 0.001    A | 0.001    D | 0.001    G | 0.001    B | 0.002    e | 0.001
2025-11-24 05:49:30 [meters] Hex input RMS -> E | 0.002    A | 0.002    D | 0.002    G | 0.002    B | 0.002    e | 0.002
2025-11-24 05:49:30 [meters] Hex input RMS -> E | 0.002    A | 0.002    D | 0.002    G | 0.002    B | 0.002    e | 0.002
2025-11-24 05:49:31 [meters] Hex input RMS -> E | 0.002    A | 0.001    D | 0.002    G | 0.001    B | 0.001    e | 0.001
2025-11-24 05:49:31 [meters] Hex input RMS -> E | 0.001    A | 0.001    D | 0.001    G | 0.001    B | 0.001    e | 0.001
2025-11-24 05:49:31 [meters] Hex input RMS -> E | 0.002    A | 0.002    D | 0.002    G | 0.002    B | 0.002    e | 0.001
2025-11-24 05:49:31 [meters] Hex input RMS -> E | 0.002    A | 0.002    D | 0.002    G | 0.002    B | 0.002    e | 0.002
2025-11-24 05:49:31 [meters] Hex input RMS -> E | 0.002    A | 0.002    D | 0.002    G | 0.002    B | 0.002    e | 0.002
2025-11-24 05:49:31 [meters] Hex input RMS -> E | 0.001    A | 0.001    D | 0.001    G | 0.001    B | 0.001    e | 0.001
2025-11-24 05:49:31 [meters] Hex input RMS -> E | 0.001    A | 0.001    D | 0.001    G | 0.001    B | 0.001    e | 0.001
2025-11-24 05:49:31 [meters] Hex input RMS -> E | 0.002    A | 0.002    D | 0.002    G | 0.002    B | 0.002    e | 0.002
2025-11-24 05:49:31 [meters] Hex input RMS -> E | 0.002    A | 0.002    D | 0.002    G | 0.002    B | 0.002    e | 0.002
2025-11-24 05:49:31 [meters] Hex input RMS -> E | 0.002    A | 0.002    D | 0.002    G | 0.002    B | 0.002    e | 0.002
2025-11-24 05:49:31 [meters] Hex input RMS -> E | 0.001    A | 0.001    D | 0.001    G | 0.001    B | 0.001    e | 0.001
2025-11-24 05:49:31 [meters] Hex input RMS -> E | 0.001    A | 0.001    D | 0.001    G | 0.001    B | 0.001    e | 0.001
2025-11-24 05:49:32 [meters] Hex input RMS -> E | 0.002    A | 0.002    D | 0.002    G | 0.002    B | 0.002    e | 0.002
2025-11-24 05:49:32 [meters] Hex input RMS -> E | 0.002    A | 0.002    D | 0.002    G | 0.002    B | 0.002    e | 0.002
2025-11-24 05:49:32 [meters] Hex input RMS -> E | 0.002    A | 0.002    D | 0.002    G | 0.001    B | 0.002    e | 0.001
2025-11-24 05:49:32 [meters] Hex input RMS -> E | 0.001    A | 0.001    D | 0.001    G | 0.001    B | 0.001    e | 0.001
2025-11-24 05:49:32 [meters] Hex input RMS -> E | 0.001    A | 0.001    D | 0.001    G | 0.001    B | 0.001    e | 0.001
2025-11-24 05:49:32 [meters] Hex input RMS -> E | 0.002    A | 0.002    D | 0.002    G | 0.002    B | 0.002    e | 0.002
2025-11-24 05:49:32 [meters] Hex input RMS -> E | 0.002    A | 0.002    D | 0.002    G | 0.002    B | 0.002    e | 0.002
2025-11-24 05:49:32 [meters] Hex input RMS -> E | 0.001    A | 0.001    D | 0.002    G | 0.001    B | 0.002    e | 0.001
2025-11-24 05:49:32 [meters] Hex input RMS -> E | 0.001    A | 0.001    D | 0.001    G | 0.001    B | 0.001    e | 0.001
2025-11-24 05:49:32 [meters] Hex input RMS -> E | 0.002    A | 0.002    D | 0.002    G | 0.001    B | 0.002    e | 0.001
2025-11-24 05:49:32 [meters] Hex input RMS -> E | 0.002    A | 0.002    D | 0.002    G | 0.002    B | 0.002    e | 0.002
2025-11-24 05:49:32 [meters] Hex input RMS -> E | 0.002    A | 0.002    D | 0.002    G | 0.002    B | 0.002    e | 0.002
2025-11-24 05:49:32 [meters] Hex input RMS -> E | 0.001    A | 0.001    D | 0.001    G | 0.001    B | 0.001    e | 0.001
2025-11-24 05:49:33 [meters] Hex input RMS -> E | 0.001    A | 0.001    D | 0.001    G | 0.001    B | 0.001    e | 0.001
2025-11-24 05:49:33 [meters] Hex input RMS -> E | 0.002    A | 0.002    D | 0.002    G | 0.002    B | 0.002    e | 0.002
2025-11-24 05:49:33 [meters] Hex input RMS -> E | 0.002    A | 0.002    D | 0.002    G | 0.002    B | 0.002    e | 0.002
2025-11-24 05:49:33 [meters] Hex input RMS -> E | 0.002    A | 0.002    D | 0.002    G | 0.002    B | 0.002    e | 0.002
2025-11-24 05:49:33 [meters] Hex input RMS -> E | 0.001    A | 0.001    D | 0.001    G | 0.001    B | 0.001    e | 0.001
2025-11-24 05:49:33 [meters] Hex input RMS -> E | 0.001    A | 0.001    D | 0.001    G | 0.001    B | 0.001    e | 0.001
2025-11-24 05:49:33 [meters] Hex input RMS -> E | 0.002    A | 0.002    D | 0.002    G | 0.002    B | 0.002    e | 0.002
2025-11-24 05:49:33 [meters] Hex input RMS -> E | 0.002    A | 0.002    D | 0.002    G | 0.002    B | 0.002    e | 0.002
2025-11-24 05:49:33 [meters] Hex input RMS -> E | 0.002    A | 0.002    D | 0.002    G | 0.002    B | 0.002    e | 0.001
2025-11-24 05:49:33 [meters] Hex input RMS -> E | 0.001    A | 0.001    D | 0.001    G | 0.001    B | 0.001    e | 0.001
2025-11-24 05:49:33 [meters] Hex input RMS -> E | 0.001    A | 0.001    D | 0.002    G | 0.001    B | 0.001    e | 0.001
2025-11-24 05:49:33 [meters] Hex input RMS -> E | 0.002    A | 0.002    D | 0.002    G | 0.002    B | 0.002    e | 0.002
2025-11-24 05:49:34 [meters] Hex input RMS -> E | 0.002    A | 0.002    D | 0.002    G | 0.002    B | 0.002    e | 0.002
2025-11-24 05:49:34 [meters] Hex input RMS -> E | 0.002    A | 0.002    D | 0.002    G | 0.001    B | 0.001    e | 0.001
2025-11-24 05:49:34 [meters] Hex input RMS -> E | 0.001    A | 0.001    D | 0.001    G | 0.001    B | 0.001    e | 0.001
2025-11-24 05:49:34 [meters] Hex input RMS -> E | 0.001    A | 0.002    D | 0.002    G | 0.002    B | 0.001    e | 0.002
2025-11-24 05:49:34 [meters] Hex input RMS -> E | 0.002    A | 0.002    D | 0.002    G | 0.002    B | 0.002    e | 0.002
2025-11-24 05:49:34 [meters] Hex input RMS -> E | 0.002    A | 0.002    D | 0.002    G | 0.002    B | 0.002    e | 0.002
2025-11-24 05:49:34 [meters] Hex input RMS -> E | 0.001    A | 0.001    D | 0.001    G | 0.001    B | 0.001    e | 0.001
2025-11-24 05:49:34 [meters] Hex input RMS -> E | 0.001    A | 0.001    D | 0.001    G | 0.001    B | 0.001    e | 0.001
2025-11-24 05:49:34 [meters] Hex input RMS -> E | 0.002    A | 0.002    D | 0.002    G | 0.002    B | 0.002    e | 0.002
2025-11-24 05:49:34 [meters] Hex input RMS -> E | 0.002    A | 0.002    D | 0.002    G | 0.002    B | 0.002    e | 0.002
2025-11-24 05:49:34 [meters] Hex input RMS -> E | 0.002    A | 0.002    D | 0.002    G | 0.002    B | 0.002    e | 0.002
2025-11-24 05:49:34 [meters] Hex input RMS -> E | 0.001    A | 0.001    D | 0.001    G | 0.001    B | 0.001    e | 0.001
2025-11-24 05:49:34 [meters] Hex input RMS -> E | 0.001    A | 0.001    D | 0.001    G | 0.001    B | 0.001    e | 0.001
2025-11-24 05:49:35 [meters] Hex input RMS -> E | 0.002    A | 0.002    D | 0.002    G | 0.002    B | 0.002    e | 0.002
2025-11-24 05:49:35 [meters] Hex input RMS -> E | 0.002    A | 0.002    D | 0.002    G | 0.002    B | 0.002    e | 0.002
2025-11-24 05:49:35 [meters] Hex input RMS -> E | 0.002    A | 0.002    D | 0.002    G | 0.002    B | 0.002    e | 0.001
2025-11-24 05:49:35 [meters] Hex input RMS -> E | 0.001    A | 0.001    D | 0.001    G | 0.001    B | 0.001    e | 0.001
2025-11-24 05:49:35 [meters] Hex input RMS -> E | 0.001    A | 0.001    D | 0.001    G | 0.001    B | 0.001    e | 0.001
2025-11-24 05:49:35 [meters] Hex input RMS -> E | 0.002    A | 0.002    D | 0.002    G | 0.002    B | 0.002    e | 0.002
2025-11-24 05:49:35 [meters] Hex input RMS -> E | 0.002    A | 0.002    D | 0.002    G | 0.002    B | 0.002    e | 0.002
2025-11-24 05:49:35 [meters] Hex input RMS -> E | 0.002    A | 0.001    D | 0.002    G | 0.002    B | 0.002    e | 0.001
2025-11-24 05:49:35 [meters] Hex input RMS -> E | 0.001    A | 0.001    D | 0.001    G | 0.001    B | 0.001    e | 0.001
2025-11-24 05:49:35 [meters] Hex input RMS -> E | 0.002    A | 0.001    D | 0.002    G | 0.001    B | 0.002    e | 0.001
2025-11-24 05:49:35 [meters] Hex input RMS -> E | 0.002    A | 0.002    D | 0.002    G | 0.002    B | 0.002    e | 0.002
2025-11-24 05:49:35 [meters] Hex input RMS -> E | 0.002    A | 0.002    D | 0.002    G | 0.002    B | 0.002    e | 0.002
2025-11-24 05:49:36 [meters] Hex input RMS -> E | 0.001    A | 0.001    D | 0.002    G | 0.001    B | 0.001    e | 0.001
2025-11-24 05:49:36 [meters] Hex input RMS -> E | 0.001    A | 0.001    D | 0.001    G | 0.001    B | 0.001    e | 0.001
2025-11-24 05:49:36 [meters] Hex input RMS -> E | 0.002    A | 0.002    D | 0.002    G | 0.002    B | 0.002    e | 0.002
2025-11-24 05:49:36 [meters] Hex input RMS -> E | 0.002    A | 0.002    D | 0.002    G | 0.002    B | 0.002    e | 0.002
2025-11-24 05:49:36 [meters] Hex input RMS -> E | 0.002    A | 0.002    D | 0.002    G | 0.002    B | 0.002    e | 0.002
2025-11-24 05:49:36 [meters] Hex input RMS -> E | 0.001    A | 0.001    D | 0.001    G | 0.001    B | 0.001    e | 0.001
2025-11-24 05:49:36 [meters] Hex input RMS -> E | 0.001    A | 0.001    D | 0.001    G | 0.001    B | 0.001    e | 0.001
2025-11-24 05:49:36 [meters] Hex input RMS -> E | 0.002    A | 0.002    D | 0.002    G | 0.002    B | 0.002    e | 0.002
2025-11-24 05:49:36 [meters] Hex input RMS -> E | 0.002    A | 0.002    D | 0.002    G | 0.002    B | 0.002    e | 0.002
2025-11-24 05:49:36 [meters] Hex input RMS -> E | 0.002    A | 0.002    D | 0.002    G | 0.002    B | 0.002    e | 0.001
2025-11-24 05:49:36 [meters] Hex input RMS -> E | 0.001    A | 0.001    D | 0.001    G | 0.001    B | 0.001    e | 0.001
2025-11-24 05:49:36 [meters] Hex input RMS -> E | 0.001    A | 0.001    D | 0.001    G | 0.001    B | 0.001    e | 0.001
2025-11-24 05:49:36 [meters] Hex input RMS -> E | 0.002    A | 0.002    D | 0.002    G | 0.002    B | 0.002    e | 0.002
2025-11-24 05:49:37 [meters] Hex input RMS -> E | 0.002    A | 0.002    D | 0.002    G | 0.002    B | 0.002    e | 0.002
2025-11-24 05:49:37 [meters] Hex input RMS -> E | 0.002    A | 0.001    D | 0.002    G | 0.001    B | 0.002    e | 0.001
2025-11-24 05:49:37 [meters] Hex input RMS -> E | 0.001    A | 0.001    D | 0.001    G | 0.001    B | 0.001    e | 0.001
2025-11-24 05:49:37 [meters] Hex input RMS -> E | 0.002    A | 0.002    D | 0.002    G | 0.002    B | 0.002    e | 0.002
2025-11-24 05:49:37 [meters] Hex input RMS -> E | 0.002    A | 0.002    D | 0.002    G | 0.002    B | 0.002    e | 0.002
2025-11-24 05:49:37 [meters] Hex input RMS -> E | 0.002    A | 0.002    D | 0.002    G | 0.002    B | 0.002    e | 0.002
2025-11-24 05:49:37 [meters] Hex input RMS -> E | 0.001    A | 0.001    D | 0.001    G | 0.001    B | 0.001    e | 0.001
2025-11-24 05:49:37 [meters] Hex input RMS -> E | 0.001    A | 0.001    D | 0.001    G | 0.001    B | 0.001    e | 0.001
2025-11-24 05:49:37 [meters] Hex input RMS -> E | 0.002    A | 0.002    D | 0.002    G | 0.002    B | 0.002    e | 0.002
2025-11-24 05:49:37 [meters] Hex input RMS -> E | 0.002    A | 0.002    D | 0.002    G | 0.002    B | 0.002    e | 0.002
2025-11-24 05:49:37 [meters] Hex input RMS -> E | 0.002    A | 0.002    D | 0.002    G | 0.002    B | 0.002    e | 0.002
2025-11-24 05:49:37 [meters] Hex input RMS -> E | 0.001    A | 0.001    D | 0.001    G | 0.001    B | 0.001    e | 0.001
2025-11-24 05:49:38 [meters] Hex input RMS -> E | 0.001    A | 0.001    D | 0.001    G | 0.001    B | 0.001    e | 0.001
2025-11-24 05:49:38 [meters] Hex input RMS -> E | 0.002    A | 0.002    D | 0.002    G | 0.002    B | 0.002    e | 0.002
2025-11-24 05:49:38 [meters] Hex input RMS -> E | 0.002    A | 0.002    D | 0.002    G | 0.002    B | 0.002    e | 0.002
2025-11-24 05:49:38 [meters] Hex input RMS -> E | 0.002    A | 0.002    D | 0.002    G | 0.002    B | 0.002    e | 0.002
2025-11-24 05:49:38 [meters] Hex input RMS -> E | 0.001    A | 0.001    D | 0.001    G | 0.001    B | 0.001    e | 0.001
2025-11-24 05:49:38 [meters] Hex input RMS -> E | 0.001    A | 0.001    D | 0.001    G | 0.001    B | 0.001    e | 0.001
2025-11-24 05:49:38 [meters] Hex input RMS -> E | 0.002    A | 0.002    D | 0.002    G | 0.002    B | 0.002    e | 0.002
2025-11-24 05:49:38 [meters] Hex input RMS -> E | 0.002    A | 0.002    D | 0.002    G | 0.002    B | 0.002    e | 0.002
2025-11-24 05:49:38 [meters] Hex input RMS -> E | 0.002    A | 0.001    D | 0.002    G | 0.001    B | 0.001    e | 0.001
2025-11-24 05:49:38 [meters] Hex input RMS -> E | 0.001    A | 0.001    D | 0.001    G | 0.001    B | 0.001    e | 0.001
2025-11-24 05:49:38 [meters] Hex input RMS -> E | 0.001    A | 0.001    D | 0.002    G | 0.001    B | 0.002    e | 0.002
2025-11-24 05:49:38 [meters] Hex input RMS -> E | 0.002    A | 0.002    D | 0.002    G | 0.002    B | 0.002    e | 0.002
2025-11-24 05:49:38 [meters] Hex input RMS -> E | 0.002    A | 0.002    D | 0.002    G | 0.002    B | 0.002    e | 0.002
2025-11-24 05:49:39 [meters] Hex input RMS -> E | 0.003    A | 0.001    D | 0.002    G | 0.001    B | 0.002    e | 0.002
2025-11-24 05:49:39 [meters] Hex input RMS -> E | 0.002    A | 0.001    D | 0.001    G | 0.001    B | 0.005    e | 0.001
2025-11-24 05:49:39 [tracker] [s5] onset t=168.934 env=0.01390 baseline=0.01238 gate=0.00260 envFloor=0.01053 onset=1.274>=0.016
2025-11-24 05:49:39 [meters] Hex input RMS -> E | 0.002    A | 0.002    D | 0.002    G | 0.001    B | 0.002    e | 0.001
2025-11-24 05:49:39 [meters] Hex input RMS -> E | 0.002    A | 0.002    D | 0.002    G | 0.002    B | 0.002    e | 0.002
2025-11-24 05:49:39 [meters] Hex input RMS -> E | 0.002    A | 0.002    D | 0.002    G | 0.002    B | 0.002    e | 0.002
2025-11-24 05:49:39 [meters] Hex input RMS -> E | 0.002    A | 0.001    D | 0.001    G | 0.001    B | 0.001    e | 0.001
2025-11-24 05:49:39 [meters] Hex input RMS -> E | 0.002    A | 0.001    D | 0.001    G | 0.001    B | 0.001    e | 0.001
2025-11-24 05:49:39 [meters] Hex input RMS -> E | 0.002    A | 0.002    D | 0.002    G | 0.002    B | 0.002    e | 0.002
2025-11-24 05:49:39 [meters] Hex input RMS -> E | 0.002    A | 0.002    D | 0.002    G | 0.002    B | 0.002    e | 0.002
2025-11-24 05:49:39 [meters] Hex input RMS -> E | 0.002    A | 0.002    D | 0.002    G | 0.002    B | 0.002    e | 0.002
2025-11-24 05:49:39 [meters] Hex input RMS -> E | 0.001    A | 0.001    D | 0.001    G | 0.001    B | 0.001    e | 0.001
2025-11-24 05:49:39 [meters] Hex input RMS -> E | 0.001    A | 0.001    D | 0.001    G | 0.001    B | 0.001    e | 0.001
2025-11-24 05:49:40 [meters] Hex input RMS -> E | 0.002    A | 0.002    D | 0.002    G | 0.002    B | 0.002    e | 0.002
2025-11-24 05:49:40 [meters] Hex input RMS -> E | 0.002    A | 0.002    D | 0.002    G | 0.002    B | 0.002    e | 0.002
2025-11-24 05:49:40 [meters] Hex input RMS -> E | 0.002    A | 0.002    D | 0.002    G | 0.002    B | 0.002    e | 0.002
2025-11-24 05:49:40 [meters] Hex input RMS -> E | 0.001    A | 0.001    D | 0.001    G | 0.001    B | 0.001    e | 0.001
2025-11-24 05:49:40 [meters] Hex input RMS -> E | 0.002    A | 0.001    D | 0.002    G | 0.001    B | 0.001    e | 0.001
2025-11-24 05:49:40 [meters] Hex input RMS -> E | 0.002    A | 0.002    D | 0.002    G | 0.002    B | 0.002    e | 0.002
2025-11-24 05:49:40 [meters] Hex input RMS -> E | 0.002    A | 0.002    D | 0.002    G | 0.002    B | 0.002    e | 0.002
2025-11-24 05:49:40 [meters] Hex input RMS -> E | 0.002    A | 0.001    D | 0.002    G | 0.001    B | 0.001    e | 0.001
2025-11-24 05:49:40 [meters] Hex input RMS -> E | 0.001    A | 0.001    D | 0.001    G | 0.001    B | 0.001    e | 0.001
2025-11-24 05:49:40 [meters] Hex input RMS -> E | 0.002    A | 0.002    D | 0.002    G | 0.002    B | 0.002    e | 0.002
2025-11-24 05:49:40 [meters] Hex input RMS -> E | 0.002    A | 0.002    D | 0.002    G | 0.002    B | 0.002    e | 0.002
2025-11-24 05:49:40 [meters] Hex input RMS -> E | 0.002    A | 0.002    D | 0.002    G | 0.002    B | 0.002    e | 0.002
2025-11-24 05:49:40 [meters] Hex input RMS -> E | 0.001    A | 0.001    D | 0.001    G | 0.001    B | 0.001    e | 0.001
2025-11-24 05:49:41 [meters] Hex input RMS -> E | 0.001    A | 0.001    D | 0.001    G | 0.001    B | 0.001    e | 0.001
2025-11-24 05:49:41 [meters] Hex input RMS -> E | 0.002    A | 0.002    D | 0.002    G | 0.002    B | 0.002    e | 0.002
2025-11-24 05:49:41 [meters] Hex input RMS -> E | 0.002    A | 0.002    D | 0.002    G | 0.002    B | 0.002    e | 0.002
2025-11-24 05:49:41 [meters] Hex input RMS -> E | 0.002    A | 0.002    D | 0.002    G | 0.002    B | 0.002    e | 0.002
2025-11-24 05:49:41 [meters] Hex input RMS -> E | 0.001    A | 0.001    D | 0.001    G | 0.001    B | 0.001    e | 0.001
2025-11-24 05:49:41 [meters] Hex input RMS -> E | 0.001    A | 0.001    D | 0.001    G | 0.001    B | 0.001    e | 0.001
2025-11-24 05:49:41 [meters] Hex input RMS -> E | 0.002    A | 0.002    D | 0.002    G | 0.002    B | 0.002    e | 0.002
2025-11-24 05:49:41 [meters] Hex input RMS -> E | 0.002    A | 0.002    D | 0.002    G | 0.002    B | 0.002    e | 0.002
2025-11-24 05:49:41 [meters] Hex input RMS -> E | 0.002    A | 0.002    D | 0.002    G | 0.001    B | 0.002    e | 0.001
2025-11-24 05:49:41 [meters] Hex input RMS -> E | 0.001    A | 0.001    D | 0.001    G | 0.001    B | 0.001    e | 0.001
2025-11-24 05:49:41 [meters] Hex input RMS -> E | 0.002    A | 0.001    D | 0.002    G | 0.002    B | 0.001    e | 0.001
2025-11-24 05:49:41 [meters] Hex input RMS -> E | 0.002    A | 0.002    D | 0.002    G | 0.002    B | 0.002    e | 0.002
2025-11-24 05:49:42 [meters] Hex input RMS -> E | 0.002    A | 0.002    D | 0.002    G | 0.002    B | 0.002    e | 0.002
2025-11-24 05:49:42 [meters] Hex input RMS -> E | 0.001    A | 0.001    D | 0.002    G | 0.001    B | 0.002    e | 0.001
2025-11-24 05:49:42 [meters] Hex input RMS -> E | 0.002    A | 0.001    D | 0.001    G | 0.001    B | 0.001    e | 0.005
2025-11-24 05:49:42 [tracker] [s6] onset t=171.986 env=0.00449 baseline=0.00475 gate=0.00119 envFloor=0.00404 onset=0.969>=0.018
2025-11-24 05:49:42 [meters] Hex input RMS -> E | 0.002    A | 0.002    D | 0.002    G | 0.008    B | 0.149    e | 0.002
2025-11-24 05:49:42 [tracker] [s5] onset t=172.016 env=0.12150 baseline=0.02224 gate=0.00467 envFloor=0.01557 onset=1.468>=0.016
2025-11-24 05:49:42 [tracker] [s4] onset t=172.072 env=0.00517 baseline=0.00315 gate=0.00054 envFloor=0.00221 onset=0.569>=0.014
2025-11-24 05:49:42 [tracker] [s4] note-start t=172.072 fret=0 midi=55 vel=0.06 env=0.00517
2025-11-24 05:49:42 [meters] Hex input RMS -> E | 0.002    A | 0.002    D | 0.002    G | 0.009    B | 0.156    e | 0.004
2025-11-24 05:49:42 [tracker] [s4] release-retrigger t=172.128 onset=0.596 gate=0.004 age=0.056
2025-11-24 05:49:42 [tracker] [s4] note-ended t=172.128 fret=0 dur=0.056
2025-11-24 05:49:42 [meters] Hex input RMS -> E | 0.003    A | 0.009    D | 0.019    G | 0.005    B | 0.127    e | 0.002
2025-11-24 05:49:42 [tracker] [s4] onset t=172.213 env=0.00696 baseline=0.00357 gate=0.00061 envFloor=0.00244 onset=1.488>=0.014
2025-11-24 05:49:42 [tracker] [s4] note-start t=172.213 fret=5 midi=60 vel=0.08 env=0.00696
2025-11-24 05:49:42 [tracker] [s1] onset t=172.224 env=0.00682 baseline=0.00627 gate=0.00034 envFloor=0.00533 onset=0.995>=0.006
2025-11-24 05:49:42 [tracker] [s1] harmonic-bias t=172.224 pitch=165.22Hz ratio=2.00 harmonic=2 midi=52->40
2025-11-24 05:49:42 [tracker] [s1] open-hold t=172.224 hold=0.360s
2025-11-24 05:49:42 [tracker] [s1] note-start t=172.224 fret=0 midi=40 vel=0.08 env=0.00682
2025-11-24 05:49:42 [tracker] [s3] onset t=172.232 env=0.02798 baseline=0.01585 gate=0.00206 envFloor=0.01347 onset=0.932>=0.012
2025-11-24 05:49:42 [tracker] [s3] note-start t=172.232 fret=0 midi=50 vel=0.34 env=0.02798
2025-11-24 05:49:42 [meters] Hex input RMS -> E | 0.005    A | 0.009    D | 0.037    G | 0.006    B | 0.102    e | 0.002
2025-11-24 05:49:42 [tracker] [s1] onset t=172.285 env=0.00733 baseline=0.00627 gate=0.00034 envFloor=0.00533 onset=1.098>=0.006
2025-11-24 05:49:42 [tracker] [s1] note-ended (new onset) t=172.285 fret=0 dur=0.061
2025-11-24 05:49:42 [tracker] [s1] harmonic-bias t=172.285 pitch=163.03Hz ratio=1.98 harmonic=2 midi=52->40
2025-11-24 05:49:42 [tracker] [s1] open-hold t=172.285 hold=0.360s
2025-11-24 05:49:42 [tracker] [s1] note-start t=172.285 fret=0 midi=40 vel=0.09 env=0.00733
2025-11-24 05:49:42 [tracker] [s3] onset t=172.296 env=0.01578 baseline=0.02233 gate=0.00290 envFloor=0.01347 onset=0.652>=0.012
2025-11-24 05:49:42 [tracker] [s3] note-ended (new onset) t=172.296 fret=0 dur=0.064
2025-11-24 05:49:42 [tracker] [s3] note-start t=172.296 fret=0 midi=50 vel=0.19 env=0.01578
2025-11-24 05:49:42 [tracker] [s4] onset t=172.296 env=0.00472 baseline=0.00537 gate=0.00091 envFloor=0.00246 onset=0.509>=0.014
2025-11-24 05:49:42 [tracker] [s4] note-ended (new onset) t=172.296 fret=5 dur=0.083
2025-11-24 05:49:42 [meters] Hex input RMS -> E | 0.006    A | 0.006    D | 0.031    G | 0.006    B | 0.112    e | 0.001
2025-11-24 05:49:42 [tracker] [s4] onset t=172.352 env=0.00354 baseline=0.00483 gate=0.00082 envFloor=0.00242 onset=0.703>=0.014
2025-11-24 05:49:42 [meters] Hex input RMS -> E | 0.005    A | 0.006    D | 0.013    G | 0.009    B | 0.090    e | 0.002
2025-11-24 05:49:42 [tracker] [s3] onset t=172.429 env=0.01955 baseline=0.01585 gate=0.00206 envFloor=0.01347 onset=0.960>=0.012
2025-11-24 05:49:42 [tracker] [s3] note-ended (new onset) t=172.429 fret=0 dur=0.134
2025-11-24 05:49:42 [tracker] [s3] note-start t=172.429 fret=0 midi=50 vel=0.23 env=0.01955
2025-11-24 05:49:42 [tracker] [s4] onset t=172.429 env=0.00524 baseline=0.00418 gate=0.00071 envFloor=0.00231 onset=0.521>=0.014
2025-11-24 05:49:42 [tracker] [s4] onset t=172.485 env=0.00421 baseline=0.00376 gate=0.00064 envFloor=0.00223 onset=0.639>=0.014
2025-11-24 05:49:42 [meters] Hex input RMS -> E | 0.006    A | 0.007    D | 0.020    G | 0.011    B | 0.082    e | 0.002
2025-11-24 05:49:42 [tracker] [s3] onset t=172.515 env=0.01938 baseline=0.01585 gate=0.00206 envFloor=0.01347 onset=1.053>=0.012
2025-11-24 05:49:42 [tracker] [s3] note-ended (new onset) t=172.515 fret=0 dur=0.085
2025-11-24 05:49:42 [tracker] [s3] note-start t=172.515 fret=0 midi=50 vel=0.23 env=0.01938
2025-11-24 05:49:42 [tracker] [s4] onset t=172.542 env=0.00495 baseline=0.00338 gate=0.00058 envFloor=0.00208 onset=0.658>=0.014
2025-11-24 05:49:42 [meters] Hex input RMS -> E | 0.005    A | 0.008    D | 0.022    G | 0.006    B | 0.095    e | 0.002
2025-11-24 05:49:42 [tracker] [s4] onset t=172.592 env=0.00313 baseline=0.00308 gate=0.00052 envFloor=0.00196 onset=0.596>=0.014
2025-11-24 05:49:42 [tracker] [s4] note-start t=172.592 fret=0 midi=55 vel=0.04 env=0.00313
2025-11-24 05:49:42 [tracker] [s4] release-retrigger t=172.648 onset=1.346 gate=0.003 age=0.056
2025-11-24 05:49:42 [tracker] [s4] note-ended t=172.648 fret=0 dur=0.056
2025-11-24 05:49:42 [meters] Hex input RMS -> E | 0.005    A | 0.007    D | 0.015    G | 0.004    B | 0.088    e | 0.001
2025-11-24 05:49:42 [tracker] [s4] onset t=172.728 env=0.00496 baseline=0.00262 gate=0.00044 envFloor=0.00183 onset=1.024>=0.014
2025-11-24 05:49:42 [meters] Hex input RMS -> E | 0.004    A | 0.006    D | 0.022    G | 0.005    B | 0.070    e | 0.002
2025-11-24 05:49:43 [tracker] [s3] onset t=172.745 env=0.01357 baseline=0.01585 gate=0.00206 envFloor=0.01347 onset=1.005>=0.012
2025-11-24 05:49:43 [tracker] [s3] note-ended (new onset) t=172.745 fret=0 dur=0.230
2025-11-24 05:49:43 [tracker] [s3] note-start t=172.745 fret=0 midi=50 vel=0.16 env=0.01357
2025-11-24 05:49:43 [tracker] [s4] onset t=172.790 env=0.00452 baseline=0.00259 gate=0.00044 envFloor=0.00181 onset=0.516>=0.014
2025-11-24 05:49:43 [tracker] [s1] onset t=172.803 env=0.00540 baseline=0.00627 gate=0.00034 envFloor=0.00533 onset=0.996>=0.006
2025-11-24 05:49:43 [tracker] [s1] note-ended (new onset) t=172.803 fret=0 dur=0.518
2025-11-24 05:49:43 [meters] Hex input RMS -> E | 0.005    A | 0.005    D | 0.017    G | 0.005    B | 0.072    e | 0.002
2025-11-24 05:49:43 [tracker] [s5] onset t=172.846 env=0.07040 baseline=0.03294 gate=0.00692 envFloor=0.02305 onset=0.938>=0.016
2025-11-24 05:49:43 [tracker] [s5] note-start t=172.846 fret=0 midi=59 vel=0.84 env=0.07040
2025-11-24 05:49:43 [tracker] [s3] release-retrigger t=172.854 onset=1.147 gate=0.015 age=0.109
2025-11-24 05:49:43 [tracker] [s3] note-ended t=172.854 fret=0 dur=0.109
2025-11-24 05:49:43 [meters] Hex input RMS -> E | 0.004    A | 0.006    D | 0.013    G | 0.005    B | 0.087    e | 0.002
2025-11-24 05:49:43 [tracker] [s4] onset t=172.921 env=0.00484 baseline=0.00254 gate=0.00043 envFloor=0.00178 onset=0.619>=0.014
2025-11-24 05:49:43 [tracker] [s5] onset t=172.947 env=0.06822 baseline=0.05237 gate=0.01100 envFloor=0.02241 onset=0.871>=0.016
2025-11-24 05:49:43 [tracker] [s5] note-ended (new onset) t=172.947 fret=0 dur=0.101
2025-11-24 05:49:43 [meters] Hex input RMS -> E | 0.004    A | 0.005    D | 0.021    G | 0.005    B | 0.082    e | 0.002
2025-11-24 05:49:43 [tracker] [s1] onset t=173.036 env=0.00547 baseline=0.00627 gate=0.00034 envFloor=0.00533 onset=0.916>=0.006
2025-11-24 05:49:43 [tracker] [s4] onset t=173.049 env=0.00245 baseline=0.00225 gate=0.00038 envFloor=0.00171 onset=1.051>=0.014
2025-11-24 05:49:43 [meters] Hex input RMS -> E | 0.003    A | 0.006    D | 0.019    G | 0.005    B | 0.054    e | 0.001
2025-11-24 05:49:43 [tracker] [s5] onset t=173.094 env=0.03955 baseline=0.04660 gate=0.00979 envFloor=0.02131 onset=1.156>=0.016
2025-11-24 05:49:43 [tracker] [s5] note-ended (new onset) t=173.094 fret=0 dur=0.147
2025-11-24 05:49:43 [tracker] [s5] note-start t=173.094 fret=0 midi=59 vel=0.47 env=0.03955
2025-11-24 05:49:43 [tracker] [s4] onset t=173.105 env=0.00201 baseline=0.00210 gate=0.00036 envFloor=0.00171 onset=0.661>=0.014
2025-11-24 05:49:43 [tracker] [s3] onset t=173.110 env=0.01841 baseline=0.01585 gate=0.00206 envFloor=0.01347 onset=0.824>=0.012
2025-11-24 05:49:43 [tracker] [s3] note-start t=173.110 fret=0 midi=50 vel=0.22 env=0.01841
2025-11-24 05:49:43 [meters] Hex input RMS -> E | 0.004    A | 0.006    D | 0.013    G | 0.006    B | 0.074    e | 0.002
2025-11-24 05:49:43 [tracker] [s4] onset t=173.164 env=0.00194 baseline=0.00201 gate=0.00034 envFloor=0.00171 onset=0.800>=0.014
2025-11-24 05:49:43 [meters] Hex input RMS -> E | 0.003    A | 0.005    D | 0.019    G | 0.004    B | 0.074    e | 0.002
2025-11-24 05:49:43 [tracker] [s5] onset t=173.220 env=0.04622 baseline=0.02812 gate=0.00591 envFloor=0.01965 onset=0.757>=0.016
2025-11-24 05:49:43 [tracker] [s5] note-ended (new onset) t=173.220 fret=0 dur=0.126
2025-11-24 05:49:43 [tracker] [s5] note-start t=173.220 fret=0 midi=59 vel=0.55 env=0.04622
2025-11-24 05:49:43 [tracker] [s3] release-retrigger t=173.222 onset=0.884 gate=0.015 age=0.112
2025-11-24 05:49:43 [tracker] [s3] note-ended t=173.222 fret=0 dur=0.112
2025-11-24 05:49:43 [tracker] [s4] onset t=173.236 env=0.00338 baseline=0.00201 gate=0.00034 envFloor=0.00171 onset=1.065>=0.014
2025-11-24 05:49:43 [meters] Hex input RMS -> E | 0.004    A | 0.005    D | 0.022    G | 0.003    B | 0.067    e | 0.002
2025-11-24 05:49:43 [tracker] [s3] onset t=173.303 env=0.01763 baseline=0.01585 gate=0.00206 envFloor=0.01347 onset=1.190>=0.012
2025-11-24 05:49:43 [tracker] [s3] note-start t=173.303 fret=1 midi=51 vel=0.21 env=0.01763
2025-11-24 05:49:43 [tracker] [s5] onset t=173.345 env=0.04835 baseline=0.03287 gate=0.00690 envFloor=0.01744 onset=1.104>=0.016
2025-11-24 05:49:43 [tracker] [s5] note-ended (new onset) t=173.345 fret=0 dur=0.126
2025-11-24 05:49:43 [tracker] [s5] note-start t=173.345 fret=0 midi=59 vel=0.58 env=0.04835
2025-11-24 05:49:43 [tracker] [s4] onset t=173.359 env=0.00290 baseline=0.00201 gate=0.00034 envFloor=0.00171 onset=0.987>=0.014
2025-11-24 05:49:43 [meters] Hex input RMS -> E | 0.003    A | 0.004    D | 0.014    G | 0.002    B | 0.039    e | 0.001
2025-11-24 05:49:43 [tracker] [s3] onset t=173.412 env=0.01749 baseline=0.01585 gate=0.00206 envFloor=0.01347 onset=0.564>=0.012
2025-11-24 05:49:43 [tracker] [s3] note-ended (new onset) t=173.412 fret=1 dur=0.109
2025-11-24 05:49:43 [tracker] [s3] note-start t=173.412 fret=0 midi=50 vel=0.21 env=0.01749
2025-11-24 05:49:43 [tracker] [s5] onset t=173.431 env=0.04040 baseline=0.03706 gate=0.00778 envFloor=0.01567 onset=0.996>=0.016
2025-11-24 05:49:43 [tracker] [s5] note-ended (new onset) t=173.431 fret=0 dur=0.085
2025-11-24 05:49:43 [tracker] [s5] note-start t=173.431 fret=0 midi=59 vel=0.48 env=0.04040
2025-11-24 05:49:43 [meters] Hex input RMS -> E | 0.004    A | 0.005    D | 0.012    G | 0.003    B | 0.045    e | 0.001
2025-11-24 05:49:43 [tracker] [s4] onset t=173.506 env=0.00196 baseline=0.00201 gate=0.00034 envFloor=0.00171 onset=0.786>=0.014
2025-11-24 05:49:43 [tracker] [s3] onset t=173.516 env=0.01500 baseline=0.01585 gate=0.00206 envFloor=0.01347 onset=0.766>=0.012
2025-11-24 05:49:43 [tracker] [s3] note-ended (new onset) t=173.516 fret=0 dur=0.104
2025-11-24 05:49:43 [tracker] [s3] note-start t=173.516 fret=0 midi=50 vel=0.18 env=0.01500
2025-11-24 05:49:43 [meters] Hex input RMS -> E | 0.003    A | 0.005    D | 0.020    G | 0.005    B | 0.048    e | 0.002
2025-11-24 05:49:43 [tracker] [s5] onset t=173.540 env=0.03502 baseline=0.02960 gate=0.00622 envFloor=0.01349 onset=1.023>=0.016
2025-11-24 05:49:43 [tracker] [s5] note-ended (new onset) t=173.540 fret=0 dur=0.109
2025-11-24 05:49:43 [tracker] [s5] note-start t=173.540 fret=0 midi=59 vel=0.42 env=0.03502
2025-11-24 05:49:43 [tracker] [s3] release-retrigger t=173.572 onset=1.025 gate=0.015 age=0.056
2025-11-24 05:49:43 [tracker] [s3] note-ended t=173.572 fret=0 dur=0.056
2025-11-24 05:49:43 [meters] Hex input RMS -> E | 0.004    A | 0.004    D | 0.016    G | 0.004    B | 0.038    e | 0.002
2025-11-24 05:49:43 [tracker] [s4] onset t=173.628 env=0.00229 baseline=0.00201 gate=0.00034 envFloor=0.00171 onset=1.029>=0.014
2025-11-24 05:49:43 [tracker] [s3] onset t=173.687 env=0.01631 baseline=0.01585 gate=0.00206 envFloor=0.01347 onset=1.100>=0.012
2025-11-24 05:49:43 [tracker] [s3] note-start t=173.687 fret=2 midi=52 vel=0.20 env=0.01631
2025-11-24 05:49:43 [tracker] [s4] onset t=173.695 env=0.00171 baseline=0.00201 gate=0.00034 envFloor=0.00171 onset=1.208>=0.014
2025-11-24 05:49:43 [meters] Hex input RMS -> E | 0.003    A | 0.004    D | 0.010    G | 0.002    B | 0.036    e | 0.002
2025-11-24 05:49:44 [meters] Hex input RMS -> E | 0.004    A | 0.005    D | 0.018    G | 0.002    B | 0.027    e | 0.001
2025-11-24 05:49:44 [meters] Hex input RMS -> E | 0.003    A | 0.005    D | 0.017    G | 0.002    B | 0.031    e | 0.001
2025-11-24 05:49:44 [tracker] [s5] onset t=173.871 env=0.02136 baseline=0.01693 gate=0.00356 envFloor=0.01053 onset=1.144>=0.016
2025-11-24 05:49:44 [tracker] [s5] note-ended (new onset) t=173.871 fret=0 dur=0.331
2025-11-24 05:49:44 [tracker] [s4] onset t=173.885 env=0.00189 baseline=0.00201 gate=0.00034 envFloor=0.00171 onset=1.022>=0.014
2025-11-24 05:49:44 [tracker] [s3] onset t=173.893 env=0.01534 baseline=0.01585 gate=0.00206 envFloor=0.01347 onset=1.004>=0.012
2025-11-24 05:49:44 [tracker] [s3] note-ended (new onset) t=173.893 fret=2 dur=0.206
2025-11-24 05:49:44 [tracker] [s3] note-start t=173.893 fret=0 midi=50 vel=0.18 env=0.01534
2025-11-24 05:49:44 [meters] Hex input RMS -> E | 0.004    A | 0.005    D | 0.009    G | 0.002    B | 0.025    e | 0.002
2025-11-24 05:49:44 [tracker] [s3] release-retrigger t=174.013 onset=0.964 gate=0.015 age=0.120
2025-11-24 05:49:44 [tracker] [s3] note-ended t=174.013 fret=0 dur=0.120
2025-11-24 05:49:44 [meters] Hex input RMS -> E | 0.003    A | 0.005    D | 0.016    G | 0.002    B | 0.031    e | 0.002
2025-11-24 05:49:44 [tracker] [s5] onset t=174.042 env=0.01911 baseline=0.01395 gate=0.00293 envFloor=0.01053 onset=0.921>=0.016
2025-11-24 05:49:44 [tracker] [s5] note-ended (new onset) t=174.042 fret=0 dur=0.171
2025-11-24 05:49:44 [tracker] [s5] note-start t=174.042 fret=0 midi=59 vel=0.23 env=0.01911
2025-11-24 05:49:44 [tracker] [s4] onset t=174.066 env=0.00205 baseline=0.00201 gate=0.00034 envFloor=0.00171 onset=1.045>=0.014
2025-11-24 05:49:44 [meters] Hex input RMS -> E | 0.004    A | 0.005    D | 0.017    G | 0.003    B | 0.025    e | 0.002
2025-11-24 05:49:44 [tracker] [s5] onset t=174.160 env=0.01836 baseline=0.01379 gate=0.00290 envFloor=0.01053 onset=0.978>=0.016
2025-11-24 05:49:44 [tracker] [s5] note-ended (new onset) t=174.160 fret=0 dur=0.117
2025-11-24 05:49:44 [tracker] [s5] note-start t=174.160 fret=0 midi=59 vel=0.22 env=0.01836
2025-11-24 05:49:44 [meters] Hex input RMS -> E | 0.003    A | 0.005    D | 0.008    G | 0.003    B | 0.022    e | 0.001
2025-11-24 05:49:44 [meters] Hex input RMS -> E | 0.003    A | 0.004    D | 0.014    G | 0.003    B | 0.024    e | 0.001
2025-11-24 05:49:44 [meters] Hex input RMS -> E | 0.003    A | 0.004    D | 0.017    G | 0.002    B | 0.031    e | 0.002
2025-11-24 05:49:44 [tracker] [s4] onset t=174.397 env=0.00172 baseline=0.00201 gate=0.00034 envFloor=0.00171 onset=0.589>=0.014
2025-11-24 05:49:44 [meters] Hex input RMS -> E | 0.003    A | 0.004    D | 0.010    G | 0.002    B | 0.027    e | 0.002
2025-11-24 05:49:44 [tracker] [s5] onset t=174.451 env=0.01818 baseline=0.01238 gate=0.00260 envFloor=0.01053 onset=1.176>=0.016
2025-11-24 05:49:44 [tracker] [s5] note-ended (new onset) t=174.451 fret=0 dur=0.291
2025-11-24 05:49:44 [tracker] [s5] note-start t=174.451 fret=0 midi=59 vel=0.22 env=0.01818
2025-11-24 05:49:44 [meters] Hex input RMS -> E | 0.003    A | 0.004    D | 0.013    G | 0.003    B | 0.020    e | 0.002
2025-11-24 05:49:44 [tracker] [s5] onset t=174.536 env=0.01610 baseline=0.01394 gate=0.00293 envFloor=0.01053 onset=1.021>=0.016
2025-11-24 05:49:44 [tracker] [s5] note-ended (new onset) t=174.536 fret=0 dur=0.085
2025-11-24 05:49:44 [tracker] [s5] note-start t=174.536 fret=0 midi=59 vel=0.19 env=0.01610
2025-11-24 05:49:44 [meters] Hex input RMS -> E | 0.003    A | 0.004    D | 0.015    G | 0.003    B | 0.022    e | 0.001
2025-11-24 05:49:44 [tracker] [s5] onset t=174.646 env=0.01740 baseline=0.01238 gate=0.00260 envFloor=0.01053 onset=0.930>=0.016
2025-11-24 05:49:44 [tracker] [s5] note-ended (new onset) t=174.646 fret=0 dur=0.109
2025-11-24 05:49:44 [tracker] [s5] note-start t=174.646 fret=0 midi=59 vel=0.21 env=0.01740
2025-11-24 05:49:44 [meters] Hex input RMS -> E | 0.003    A | 0.004    D | 0.011    G | 0.002    B | 0.028    e | 0.001
2025-11-24 05:49:44 [meters] Hex input RMS -> E | 0.003    A | 0.004    D | 0.013    G | 0.002    B | 0.021    e | 0.002
2025-11-24 05:49:45 [meters] Hex input RMS -> E | 0.003    A | 0.005    D | 0.014    G | 0.002    B | 0.019    e | 0.002
2025-11-24 05:49:45 [meters] Hex input RMS -> E | 0.003    A | 0.004    D | 0.012    G | 0.002    B | 0.022    e | 0.001
2025-11-24 05:49:45 [tracker] [s5] onset t=174.977 env=0.01873 baseline=0.01238 gate=0.00260 envFloor=0.01053 onset=1.487>=0.016
2025-11-24 05:49:45 [tracker] [s5] note-ended (new onset) t=174.977 fret=0 dur=0.331
2025-11-24 05:49:45 [tracker] [s5] note-start t=174.977 fret=0 midi=59 vel=0.22 env=0.01873
2025-11-24 05:49:45 [meters] Hex input RMS -> E | 0.003    A | 0.004    D | 0.012    G | 0.002    B | 0.024    e | 0.001
2025-11-24 05:49:45 [tracker] [s5] release-quiet t=175.041 avgEnv=0.01596 floor=0.01738 quietFrames=8
2025-11-24 05:49:45 [tracker] [s5] note-ended t=175.041 fret=0 dur=0.064
2025-11-24 05:49:45 [meters] Hex input RMS -> E | 0.003    A | 0.005    D | 0.012    G | 0.003    B | 0.016    e | 0.002
2025-11-24 05:49:45 [meters] Hex input RMS -> E | 0.003    A | 0.005    D | 0.013    G | 0.002    B | 0.021    e | 0.002
2025-11-24 05:49:45 [meters] Hex input RMS -> E | 0.003    A | 0.004    D | 0.011    G | 0.002    B | 0.022    e | 0.002
2025-11-24 05:49:45 [meters] Hex input RMS -> E | 0.003    A | 0.004    D | 0.010    G | 0.002    B | 0.016    e | 0.001
2025-11-24 05:49:45 [tracker] [s5] onset t=175.316 env=0.01802 baseline=0.01238 gate=0.00260 envFloor=0.01053 onset=0.770>=0.016
2025-11-24 05:49:45 [tracker] [s5] note-start t=175.316 fret=0 midi=59 vel=0.22 env=0.01802
2025-11-24 05:49:45 [meters] Hex input RMS -> E | 0.002    A | 0.004    D | 0.012    G | 0.002    B | 0.016    e | 0.001
2025-11-24 05:49:45 [tracker] [s5] release-quiet t=175.380 avgEnv=0.01449 floor=0.01738 quietFrames=8
2025-11-24 05:49:45 [tracker] [s5] note-ended t=175.380 fret=0 dur=0.064
2025-11-24 05:49:45 [tracker] [s5] onset t=175.417 env=0.01708 baseline=0.01341 gate=0.00282 envFloor=0.01053 onset=0.610>=0.016
2025-11-24 05:49:45 [tracker] [s5] note-start t=175.417 fret=0 midi=59 vel=0.20 env=0.01708
2025-11-24 05:49:45 [meters] Hex input RMS -> E | 0.002    A | 0.005    D | 0.010    G | 0.002    B | 0.020    e | 0.002
2025-11-24 05:49:45 [tracker] [s5] release-quiet t=175.482 avgEnv=0.01417 floor=0.01738 quietFrames=8
2025-11-24 05:49:45 [tracker] [s5] note-ended t=175.482 fret=0 dur=0.064
2025-11-24 05:49:45 [meters] Hex input RMS -> E | 0.002    A | 0.005    D | 0.008    G | 0.002    B | 0.019    e | 0.002
2025-11-24 05:49:45 [meters] Hex input RMS -> E | 0.002    A | 0.004    D | 0.012    G | 0.002    B | 0.013    e | 0.002
2025-11-24 05:49:45 [meters] Hex input RMS -> E | 0.002    A | 0.005    D | 0.010    G | 0.002    B | 0.018    e | 0.001
2025-11-24 05:49:46 [tracker] [s5] onset t=175.757 env=0.01097 baseline=0.01238 gate=0.00260 envFloor=0.01053 onset=0.938>=0.016
2025-11-24 05:49:46 [tracker] [s5] note-start t=175.757 fret=0 midi=59 vel=0.13 env=0.01097
2025-11-24 05:49:46 [meters] Hex input RMS -> E | 0.002    A | 0.004    D | 0.007    G | 0.002    B | 0.017    e | 0.001
2025-11-24 05:49:46 [tracker] [s5] release-quiet t=175.821 avgEnv=0.01158 floor=0.01738 quietFrames=8
2025-11-24 05:49:46 [tracker] [s5] note-ended t=175.821 fret=0 dur=0.064
2025-11-24 05:49:46 [meters] Hex input RMS -> E | 0.002    A | 0.005    D | 0.011    G | 0.002    B | 0.012    e | 0.002
2025-11-24 05:49:46 [tracker] [s5] onset t=175.885 env=0.01334 baseline=0.01238 gate=0.00260 envFloor=0.01053 onset=0.999>=0.016
2025-11-24 05:49:46 [tracker] [s5] note-start t=175.885 fret=0 midi=59 vel=0.16 env=0.01334
2025-11-24 05:49:46 [meters] Hex input RMS -> E | 0.002    A | 0.004    D | 0.009    G | 0.002    B | 0.011    e | 0.002
2025-11-24 05:49:46 [tracker] [s5] release-quiet t=175.949 avgEnv=0.01090 floor=0.01738 quietFrames=8
2025-11-24 05:49:46 [tracker] [s5] note-ended t=175.949 fret=0 dur=0.064
2025-11-24 05:49:46 [meters] Hex input RMS -> E | 0.002    A | 0.004    D | 0.006    G | 0.002    B | 0.014    e | 0.001
2025-11-24 05:49:46 [meters] Hex input RMS -> E | 0.002    A | 0.003    D | 0.009    G | 0.002    B | 0.012    e | 0.001
2025-11-24 05:49:46 [meters] Hex input RMS -> E | 0.002    A | 0.003    D | 0.004    G | 0.002    B | 0.004    e | 0.002
2025-11-24 05:49:46 [meters] Hex input RMS -> E | 0.002    A | 0.002    D | 0.002    G | 0.002    B | 0.003    e | 0.002
2025-11-24 05:49:46 [meters] Hex input RMS -> E | 0.002    A | 0.002    D | 0.002    G | 0.002    B | 0.003    e | 0.002
2025-11-24 05:49:46 [meters] Hex input RMS -> E | 0.002    A | 0.001    D | 0.002    G | 0.001    B | 0.001    e | 0.001
2025-11-24 05:49:46 [meters] Hex input RMS -> E | 0.001    A | 0.001    D | 0.001    G | 0.001    B | 0.001    e | 0.001
2025-11-24 05:49:46 [meters] Hex input RMS -> E | 0.002    A | 0.002    D | 0.002    G | 0.002    B | 0.002    e | 0.002
2025-11-24 05:49:46 [meters] Hex input RMS -> E | 0.002    A | 0.002    D | 0.002    G | 0.002    B | 0.002    e | 0.002
2025-11-24 05:49:46 [meters] Hex input RMS -> E | 0.002    A | 0.002    D | 0.002    G | 0.002    B | 0.002    e | 0.002
2025-11-24 05:49:47 [meters] Hex input RMS -> E | 0.001    A | 0.001    D | 0.001    G | 0.001    B | 0.001    e | 0.001
2025-11-24 05:49:47 [meters] Hex input RMS -> E | 0.001    A | 0.001    D | 0.001    G | 0.001    B | 0.001    e | 0.001
2025-11-24 05:49:47 [meters] Hex input RMS -> E | 0.002    A | 0.002    D | 0.002    G | 0.002    B | 0.002    e | 0.002
2025-11-24 05:49:47 [meters] Hex input RMS -> E | 0.002    A | 0.002    D | 0.002    G | 0.002    B | 0.002    e | 0.002
2025-11-24 05:49:47 [meters] Hex input RMS -> E | 0.002    A | 0.002    D | 0.002    G | 0.002    B | 0.002    e | 0.002
2025-11-24 05:49:47 [meters] Hex input RMS -> E | 0.001    A | 0.001    D | 0.001    G | 0.001    B | 0.001    e | 0.001
2025-11-24 05:49:47 [meters] Hex input RMS -> E | 0.001    A | 0.001    D | 0.001    G | 0.001    B | 0.001    e | 0.001
2025-11-24 05:49:47 [meters] Hex input RMS -> E | 0.002    A | 0.002    D | 0.002    G | 0.002    B | 0.002    e | 0.002
2025-11-24 05:49:47 [meters] Hex input RMS -> E | 0.002    A | 0.002    D | 0.002    G | 0.002    B | 0.002    e | 0.002
2025-11-24 05:49:47 [meters] Hex input RMS -> E | 0.002    A | 0.002    D | 0.002    G | 0.002    B | 0.001    e | 0.001
2025-11-24 05:49:47 [meters] Hex input RMS -> E | 0.001    A | 0.001    D | 0.001    G | 0.001    B | 0.001    e | 0.001
2025-11-24 05:49:47 [meters] Hex input RMS -> E | 0.001    A | 0.001    D | 0.001    G | 0.001    B | 0.001    e | 0.001
2025-11-24 05:49:48 [meters] Hex input RMS -> E | 0.002    A | 0.002    D | 0.002    G | 0.002    B | 0.002    e | 0.002
2025-11-24 05:49:48 [meters] Hex input RMS -> E | 0.002    A | 0.002    D | 0.002    G | 0.002    B | 0.002    e | 0.002
2025-11-24 05:49:48 [test-mode] stop session='live/test' position=0.00 duration=40.20
2025-11-24 05:49:48 [meters] Hex input RMS -> E | 0.002    A | 0.001    D | 0.002    G | 0.001    B | 0.001    e | 0.001
2025-11-24 05:49:48 [meters] Hex input RMS -> E | 0.001    A | 0.001    D | 0.001    G | 0.001    B | 0.001    e | 0.001
2025-11-24 05:49:48 [meters] Hex input RMS -> E | 0.002    A | 0.002    D | 0.002    G | 0.002    B | 0.002    e | 0.002
2025-11-24 05:49:48 [meters] Hex input RMS -> E | 0.002    A | 0.002    D | 0.002    G | 0.002    B | 0.002    e | 0.002
2025-11-24 05:49:48 [meters] Hex input RMS -> E | 0.002    A | 0.002    D | 0.002    G | 0.002    B | 0.002    e | 0.002
2025-11-24 05:49:48 [meters] Hex input RMS -> E | 0.001    A | 0.001    D | 0.001    G | 0.001    B | 0.001    e | 0.001
2025-11-24 05:49:48 [meters] Hex input RMS -> E | 0.001    A | 0.001    D | 0.001    G | 0.001    B | 0.001    e | 0.001
2025-11-24 05:49:48 [meters] Hex input RMS -> E | 0.002    A | 0.002    D | 0.002    G | 0.002    B | 0.002    e | 0.002
2025-11-24 05:49:48 [meters] Hex input RMS -> E | 0.002    A | 0.002    D | 0.002    G | 0.002    B | 0.002    e | 0.002
2025-11-24 05:49:48 [meters] Hex input RMS -> E | 0.002    A | 0.002    D | 0.002    G | 0.002    B | 0.002    e | 0.002
2025-11-24 05:49:48 [meters] Hex input RMS -> E | 0.001    A | 0.001    D | 0.001    G | 0.001    B | 0.001    e | 0.001
2025-11-24 05:49:49 [test-mode] play session='live/test' position=0.00 duration=40.20
2025-11-24 05:49:49 [meters] Hex input RMS -> E | 0.001    A | 0.001    D | 0.001    G | 0.001    B | 0.001    e | 0.001
2025-11-24 05:49:49 [meters] Hex input RMS -> E | 0.002    A | 0.002    D | 0.002    G | 0.002    B | 0.002    e | 0.002
2025-11-24 05:49:49 [meters] Hex input RMS -> E | 0.002    A | 0.002    D | 0.002    G | 0.002    B | 0.002    e | 0.002
2025-11-24 05:49:49 [meters] Hex input RMS -> E | 0.002    A | 0.002    D | 0.002    G | 0.002    B | 0.002    e | 0.002
2025-11-24 05:49:49 [meters] Hex input RMS -> E | 0.001    A | 0.001    D | 0.001    G | 0.001    B | 0.001    e | 0.001
2025-11-24 05:49:49 [meters] Hex input RMS -> E | 0.001    A | 0.001    D | 0.001    G | 0.001    B | 0.001    e | 0.001
2025-11-24 05:49:49 [meters] Hex input RMS -> E | 0.002    A | 0.002    D | 0.002    G | 0.002    B | 0.002    e | 0.002
2025-11-24 05:49:49 [meters] Hex input RMS -> E | 0.002    A | 0.002    D | 0.002    G | 0.002    B | 0.002    e | 0.002
2025-11-24 05:49:49 [meters] Hex input RMS -> E | 0.002    A | 0.001    D | 0.002    G | 0.001    B | 0.001    e | 0.001
2025-11-24 05:49:49 [meters] Hex input RMS -> E | 0.001    A | 0.001    D | 0.001    G | 0.001    B | 0.001    e | 0.001
2025-11-24 05:49:49 [meters] Hex input RMS -> E | 0.002    A | 0.001    D | 0.002    G | 0.002    B | 0.002    e | 0.002
2025-11-24 05:49:49 [meters] Hex input RMS -> E | 0.002    A | 0.002    D | 0.002    G | 0.002    B | 0.002    e | 0.002
2025-11-24 05:49:50 [meters] Hex input RMS -> E | 0.002    A | 0.002    D | 0.002    G | 0.002    B | 0.002    e | 0.002
2025-11-24 05:49:50 [meters] Hex input RMS -> E | 0.001    A | 0.001    D | 0.001    G | 0.001    B | 0.001    e | 0.001
2025-11-24 05:49:50 [meters] Hex input RMS -> E | 0.001    A | 0.001    D | 0.001    G | 0.001    B | 0.001    e | 0.001
2025-11-24 05:49:50 [meters] Hex input RMS -> E | 0.002    A | 0.002    D | 0.002    G | 0.002    B | 0.002    e | 0.002
2025-11-24 05:49:50 [meters] Hex input RMS -> E | 0.002    A | 0.002    D | 0.002    G | 0.002    B | 0.002    e | 0.002
2025-11-24 05:49:50 [meters] Hex input RMS -> E | 0.002    A | 0.002    D | 0.002    G | 0.002    B | 0.002    e | 0.002
2025-11-24 05:49:50 [meters] Hex input RMS -> E | 0.001    A | 0.001    D | 0.001    G | 0.001    B | 0.001    e | 0.001
2025-11-24 05:49:50 [meters] Hex input RMS -> E | 0.001    A | 0.001    D | 0.001    G | 0.001    B | 0.001    e | 0.001
2025-11-24 05:49:50 [meters] Hex input RMS -> E | 0.002    A | 0.002    D | 0.002    G | 0.002    B | 0.002    e | 0.002
2025-11-24 05:49:50 [meters] Hex input RMS -> E | 0.002    A | 0.002    D | 0.002    G | 0.002    B | 0.002    e | 0.002
2025-11-24 05:49:50 [meters] Hex input RMS -> E | 0.002    A | 0.002    D | 0.002    G | 0.002    B | 0.002    e | 0.002
2025-11-24 05:49:50 [meters] Hex input RMS -> E | 0.001    A | 0.001    D | 0.001    G | 0.001    B | 0.001    e | 0.001
2025-11-24 05:49:50 [meters] Hex input RMS -> E | 0.001    A | 0.001    D | 0.001    G | 0.001    B | 0.001    e | 0.001
2025-11-24 05:49:51 [meters] Hex input RMS -> E | 0.002    A | 0.002    D | 0.002    G | 0.002    B | 0.002    e | 0.002
2025-11-24 05:49:51 [meters] Hex input RMS -> E | 0.002    A | 0.002    D | 0.002    G | 0.002    B | 0.002    e | 0.002
2025-11-24 05:49:51 [meters] Hex input RMS -> E | 0.002    A | 0.001    D | 0.002    G | 0.002    B | 0.002    e | 0.001
2025-11-24 05:49:51 [meters] Hex input RMS -> E | 0.001    A | 0.001    D | 0.001    G | 0.001    B | 0.001    e | 0.001
2025-11-24 05:49:51 [meters] Hex input RMS -> E | 0.002    A | 0.002    D | 0.002    G | 0.002    B | 0.002    e | 0.001
2025-11-24 05:49:51 [meters] Hex input RMS -> E | 0.002    A | 0.002    D | 0.002    G | 0.002    B | 0.002    e | 0.002
2025-11-24 05:49:51 [meters] Hex input RMS -> E | 0.002    A | 0.002    D | 0.002    G | 0.002    B | 0.002    e | 0.002
2025-11-24 05:49:51 [meters] Hex input RMS -> E | 0.001    A | 0.001    D | 0.002    G | 0.001    B | 0.001    e | 0.001
2025-11-24 05:49:51 [meters] Hex input RMS -> E | 0.001    A | 0.001    D | 0.001    G | 0.001    B | 0.001    e | 0.001
2025-11-24 05:49:51 [meters] Hex input RMS -> E | 0.002    A | 0.002    D | 0.002    G | 0.002    B | 0.002    e | 0.002
2025-11-24 05:49:51 [meters] Hex input RMS -> E | 0.002    A | 0.002    D | 0.002    G | 0.002    B | 0.002    e | 0.002
2025-11-24 05:49:51 [meters] Hex input RMS -> E | 0.002    A | 0.002    D | 0.002    G | 0.002    B | 0.002    e | 0.002
2025-11-24 05:49:52 [meters] Hex input RMS -> E | 0.001    A | 0.001    D | 0.001    G | 0.001    B | 0.001    e | 0.001
2025-11-24 05:49:52 [meters] Hex input RMS -> E | 0.001    A | 0.001    D | 0.001    G | 0.001    B | 0.001    e | 0.001
2025-11-24 05:49:52 [meters] Hex input RMS -> E | 0.002    A | 0.002    D | 0.002    G | 0.002    B | 0.002    e | 0.002
2025-11-24 05:49:52 [meters] Hex input RMS -> E | 0.002    A | 0.002    D | 0.002    G | 0.002    B | 0.002    e | 0.002
2025-11-24 05:49:52 [meters] Hex input RMS -> E | 0.002    A | 0.002    D | 0.002    G | 0.002    B | 0.002    e | 0.002
2025-11-24 05:49:52 [meters] Hex input RMS -> E | 0.001    A | 0.001    D | 0.001    G | 0.001    B | 0.001    e | 0.001
2025-11-24 05:49:52 [meters] Hex input RMS -> E | 0.001    A | 0.001    D | 0.001    G | 0.001    B | 0.001    e | 0.001
2025-11-24 05:49:52 [meters] Hex input RMS -> E | 0.002    A | 0.002    D | 0.002    G | 0.002    B | 0.002    e | 0.002
2025-11-24 05:49:52 [meters] Hex input RMS -> E | 0.002    A | 0.002    D | 0.002    G | 0.002    B | 0.002    e | 0.002
2025-11-24 05:49:52 [meters] Hex input RMS -> E | 0.002    A | 0.001    D | 0.001    G | 0.002    B | 0.002    e | 0.001
2025-11-24 05:49:52 [meters] Hex input RMS -> E | 0.001    A | 0.001    D | 0.001    G | 0.001    B | 0.001    e | 0.001
2025-11-24 05:49:52 [meters] Hex input RMS -> E | 0.002    A | 0.001    D | 0.001    G | 0.001    B | 0.002    e | 0.001
2025-11-24 05:49:52 [meters] Hex input RMS -> E | 0.002    A | 0.002    D | 0.002    G | 0.002    B | 0.002    e | 0.002
2025-11-24 05:49:53 [meters] Hex input RMS -> E | 0.002    A | 0.002    D | 0.002    G | 0.002    B | 0.002    e | 0.002
2025-11-24 05:49:53 [meters] Hex input RMS -> E | 0.001    A | 0.001    D | 0.001    G | 0.001    B | 0.001    e | 0.001
2025-11-24 05:49:53 [meters] Hex input RMS -> E | 0.001    A | 0.001    D | 0.001    G | 0.001    B | 0.001    e | 0.001
2025-11-24 05:49:53 [meters] Hex input RMS -> E | 0.002    A | 0.002    D | 0.002    G | 0.002    B | 0.002    e | 0.002
2025-11-24 05:49:53 [meters] Hex input RMS -> E | 0.002    A | 0.002    D | 0.002    G | 0.002    B | 0.002    e | 0.002
2025-11-24 05:49:53 [meters] Hex input RMS -> E | 0.002    A | 0.002    D | 0.002    G | 0.002    B | 0.002    e | 0.002
2025-11-24 05:49:53 [meters] Hex input RMS -> E | 0.001    A | 0.001    D | 0.001    G | 0.001    B | 0.001    e | 0.001
2025-11-24 05:49:53 [meters] Hex input RMS -> E | 0.001    A | 0.001    D | 0.001    G | 0.001    B | 0.001    e | 0.001
2025-11-24 05:49:53 [meters] Hex input RMS -> E | 0.002    A | 0.002    D | 0.002    G | 0.002    B | 0.002    e | 0.002
2025-11-24 05:49:53 [meters] Hex input RMS -> E | 0.002    A | 0.002    D | 0.002    G | 0.002    B | 0.002    e | 0.002
2025-11-24 05:49:53 [meters] Hex input RMS -> E | 0.002    A | 0.002    D | 0.002    G | 0.002    B | 0.002    e | 0.002
2025-11-24 05:49:53 [meters] Hex input RMS -> E | 0.001    A | 0.001    D | 0.001    G | 0.001    B | 0.001    e | 0.001
2025-11-24 05:49:54 [meters] Hex input RMS -> E | 0.001    A | 0.001    D | 0.001    G | 0.001    B | 0.001    e | 0.001
2025-11-24 05:49:54 [meters] Hex input RMS -> E | 0.002    A | 0.002    D | 0.002    G | 0.002    B | 0.002    e | 0.002
2025-11-24 05:49:54 [meters] Hex input RMS -> E | 0.002    A | 0.002    D | 0.002    G | 0.002    B | 0.002    e | 0.002
2025-11-24 05:49:54 [meters] Hex input RMS -> E | 0.002    A | 0.002    D | 0.002    G | 0.002    B | 0.002    e | 0.001
2025-11-24 05:49:54 [meters] Hex input RMS -> E | 0.001    A | 0.001    D | 0.001    G | 0.001    B | 0.001    e | 0.001
2025-11-24 05:49:54 [meters] Hex input RMS -> E | 0.001    A | 0.001    D | 0.002    G | 0.001    B | 0.001    e | 0.001
2025-11-24 05:49:54 [meters] Hex input RMS -> E | 0.002    A | 0.002    D | 0.002    G | 0.002    B | 0.002    e | 0.002
2025-11-24 05:49:54 [meters] Hex input RMS -> E | 0.002    A | 0.002    D | 0.002    G | 0.002    B | 0.002    e | 0.002
2025-11-24 05:49:54 [meters] Hex input RMS -> E | 0.001    A | 0.001    D | 0.001    G | 0.001    B | 0.001    e | 0.001
2025-11-24 05:49:54 [meters] Hex input RMS -> E | 0.001    A | 0.001    D | 0.001    G | 0.001    B | 0.001    e | 0.001
2025-11-24 05:49:54 [meters] Hex input RMS -> E | 0.002    A | 0.002    D | 0.002    G | 0.002    B | 0.002    e | 0.002
2025-11-24 05:49:54 [meters] Hex input RMS -> E | 0.002    A | 0.002    D | 0.002    G | 0.002    B | 0.002    e | 0.002
2025-11-24 05:49:54 [meters] Hex input RMS -> E | 0.002    A | 0.002    D | 0.002    G | 0.002    B | 0.002    e | 0.002
2025-11-24 05:49:55 [meters] Hex input RMS -> E | 0.001    A | 0.001    D | 0.001    G | 0.001    B | 0.001    e | 0.001
2025-11-24 05:49:55 [meters] Hex input RMS -> E | 0.001    A | 0.001    D | 0.001    G | 0.001    B | 0.001    e | 0.001
2025-11-24 05:49:55 [meters] Hex input RMS -> E | 0.002    A | 0.002    D | 0.002    G | 0.002    B | 0.002    e | 0.002
2025-11-24 05:49:55 [meters] Hex input RMS -> E | 0.002    A | 0.002    D | 0.002    G | 0.002    B | 0.002    e | 0.002
2025-11-24 05:49:55 [meters] Hex input RMS -> E | 0.002    A | 0.002    D | 0.002    G | 0.002    B | 0.002    e | 0.002
2025-11-24 05:49:55 [meters] Hex input RMS -> E | 0.001    A | 0.001    D | 0.001    G | 0.001    B | 0.001    e | 0.001
2025-11-24 05:49:55 [meters] Hex input RMS -> E | 0.001    A | 0.001    D | 0.001    G | 0.001    B | 0.001    e | 0.001
2025-11-24 05:49:55 [meters] Hex input RMS -> E | 0.002    A | 0.002    D | 0.002    G | 0.002    B | 0.002    e | 0.002
2025-11-24 05:49:55 [meters] Hex input RMS -> E | 0.002    A | 0.002    D | 0.002    G | 0.002    B | 0.002    e | 0.002
2025-11-24 05:49:55 [meters] Hex input RMS -> E | 0.002    A | 0.002    D | 0.002    G | 0.002    B | 0.002    e | 0.002
2025-11-24 05:49:55 [meters] Hex input RMS -> E | 0.001    A | 0.001    D | 0.001    G | 0.001    B | 0.001    e | 0.001
2025-11-24 05:49:55 [meters] Hex input RMS -> E | 0.001    A | 0.001    D | 0.002    G | 0.001    B | 0.002    e | 0.001
2025-11-24 05:49:56 [meters] Hex input RMS -> E | 0.002    A | 0.002    D | 0.002    G | 0.002    B | 0.002    e | 0.002
2025-11-24 05:49:56 [meters] Hex input RMS -> E | 0.002    A | 0.002    D | 0.002    G | 0.002    B | 0.002    e | 0.002
2025-11-24 05:49:56 [meters] Hex input RMS -> E | 0.001    A | 0.002    D | 0.002    G | 0.001    B | 0.001    e | 0.001
2025-11-24 05:49:56 [meters] Hex input RMS -> E | 0.001    A | 0.001    D | 0.001    G | 0.001    B | 0.001    e | 0.001
2025-11-24 05:49:56 [meters] Hex input RMS -> E | 0.002    A | 0.002    D | 0.002    G | 0.002    B | 0.002    e | 0.002
2025-11-24 05:49:56 [meters] Hex input RMS -> E | 0.002    A | 0.002    D | 0.002    G | 0.002    B | 0.002    e | 0.002
2025-11-24 05:49:56 [meters] Hex input RMS -> E | 0.002    A | 0.002    D | 0.002    G | 0.002    B | 0.002    e | 0.002
2025-11-24 05:49:56 [meters] Hex input RMS -> E | 0.001    A | 0.001    D | 0.001    G | 0.001    B | 0.001    e | 0.001
2025-11-24 05:49:56 [meters] Hex input RMS -> E | 0.001    A | 0.001    D | 0.001    G | 0.001    B | 0.001    e | 0.001
2025-11-24 05:49:56 [meters] Hex input RMS -> E | 0.002    A | 0.002    D | 0.002    G | 0.002    B | 0.002    e | 0.002
2025-11-24 05:49:56 [meters] Hex input RMS -> E | 0.002    A | 0.002    D | 0.002    G | 0.002    B | 0.002    e | 0.002
2025-11-24 05:49:56 [meters] Hex input RMS -> E | 0.002    A | 0.002    D | 0.002    G | 0.002    B | 0.002    e | 0.001
2025-11-24 05:49:56 [meters] Hex input RMS -> E | 0.001    A | 0.001    D | 0.001    G | 0.001    B | 0.001    e | 0.001
2025-11-24 05:49:57 [test-mode] stop session='live/test' position=0.00 duration=40.20
2025-11-24 05:49:57 [meters] Hex input RMS -> E | 0.001    A | 0.001    D | 0.001    G | 0.001    B | 0.001    e | 0.001
2025-11-24 05:49:57 [meters] Hex input RMS -> E | 0.002    A | 0.002    D | 0.002    G | 0.002    B | 0.002    e | 0.002
2025-11-24 05:49:57 [meters] Hex input RMS -> E | 0.002    A | 0.002    D | 0.002    G | 0.002    B | 0.002    e | 0.002
2025-11-24 05:49:57 [meters] Hex input RMS -> E | 0.002    A | 0.002    D | 0.002    G | 0.002    B | 0.002    e | 0.001
2025-11-24 05:49:57 [meters] Hex input RMS -> E | 0.001    A | 0.001    D | 0.001    G | 0.001    B | 0.001    e | 0.001
2025-11-24 05:49:57 [meters] Hex input RMS -> E | 0.001    A | 0.001    D | 0.001    G | 0.002    B | 0.002    e | 0.002
2025-11-24 05:49:57 [meters] Hex input RMS -> E | 0.002    A | 0.002    D | 0.002    G | 0.002    B | 0.002    e | 0.002
2025-11-24 05:49:57 [meters] Hex input RMS -> E | 0.002    A | 0.002    D | 0.002    G | 0.002    B | 0.002    e | 0.002
2025-11-24 05:49:57 [meters] Hex input RMS -> E | 0.001    A | 0.001    D | 0.002    G | 0.001    B | 0.001    e | 0.001
2025-11-24 05:49:57 [meters] Hex input RMS -> E | 0.001    A | 0.001    D | 0.001    G | 0.001    B | 0.001    e | 0.001
2025-11-24 05:49:57 [meters] Hex input RMS -> E | 0.002    A | 0.002    D | 0.002    G | 0.002    B | 0.002    e | 0.002
2025-11-24 05:49:57 [meters] Hex input RMS -> E | 0.002    A | 0.002    D | 0.002    G | 0.002    B | 0.002    e | 0.002
2025-11-24 05:49:58 [meters] Hex input RMS -> E | 0.002    A | 0.002    D | 0.002    G | 0.002    B | 0.002    e | 0.002
2025-11-24 05:49:58 [meters] Hex input RMS -> E | 0.001    A | 0.001    D | 0.001    G | 0.001    B | 0.001    e | 0.001
2025-11-24 05:49:58 [meters] Hex input RMS -> E | 0.001    A | 0.001    D | 0.001    G | 0.001    B | 0.001    e | 0.001
2025-11-24 05:49:58 [meters] Hex input RMS -> E | 0.002    A | 0.002    D | 0.002    G | 0.002    B | 0.002    e | 0.002
2025-11-24 05:49:58 [meters] Hex input RMS -> E | 0.002    A | 0.002    D | 0.002    G | 0.002    B | 0.002    e | 0.002
2025-11-24 05:49:58 [meters] Hex input RMS -> E | 0.002    A | 0.002    D | 0.002    G | 0.002    B | 0.002    e | 0.002
2025-11-24 05:49:58 [meters] Hex input RMS -> E | 0.001    A | 0.001    D | 0.001    G | 0.001    B | 0.001    e | 0.001
2025-11-24 05:49:58 [meters] Hex input RMS -> E | 0.001    A | 0.001    D | 0.001    G | 0.001    B | 0.001    e | 0.001
2025-11-24 05:49:58 [meters] Hex input RMS -> E | 0.002    A | 0.002    D | 0.002    G | 0.002    B | 0.002    e | 0.002
2025-11-24 05:49:58 [meters] Hex input RMS -> E | 0.002    A | 0.002    D | 0.002    G | 0.002    B | 0.002    e | 0.002
2025-11-24 05:49:58 [meters] Hex input RMS -> E | 0.002    A | 0.002    D | 0.002    G | 0.002    B | 0.002    e | 0.002
2025-11-24 05:49:58 [meters] Hex input RMS -> E | 0.001    A | 0.001    D | 0.001    G | 0.001    B | 0.001    e | 0.001
2025-11-24 05:49:58 [meters] Hex input RMS -> E | 0.001    A | 0.001    D | 0.001    G | 0.001    B | 0.001    e | 0.001
2025-11-24 05:49:59 [meters] Hex input RMS -> E | 0.002    A | 0.002    D | 0.002    G | 0.002    B | 0.002    e | 0.002
2025-11-24 05:49:59 [meters] Hex input RMS -> E | 0.002    A | 0.002    D | 0.002    G | 0.002    B | 0.002    e | 0.002
2025-11-24 05:49:59 [meters] Hex input RMS -> E | 0.001    A | 0.001    D | 0.002    G | 0.001    B | 0.001    e | 0.001
2025-11-24 05:49:59 [meters] Hex input RMS -> E | 0.001    A | 0.001    D | 0.001    G | 0.001    B | 0.001    e | 0.001
2025-11-24 05:49:59 [meters] Hex input RMS -> E | 0.002    A | 0.002    D | 0.002    G | 0.002    B | 0.002    e | 0.002
2025-11-24 05:49:59 [meters] Hex input RMS -> E | 0.002    A | 0.002    D | 0.002    G | 0.002    B | 0.002    e | 0.002
2025-11-24 05:49:59 [meters] Hex input RMS -> E | 0.002    A | 0.002    D | 0.002    G | 0.002    B | 0.002    e | 0.002
2025-11-24 05:49:59 [meters] Hex input RMS -> E | 0.001    A | 0.001    D | 0.001    G | 0.001    B | 0.001    e | 0.001
2025-11-24 05:49:59 [meters] Hex input RMS -> E | 0.001    A | 0.001    D | 0.001    G | 0.001    B | 0.001    e | 0.001
2025-11-24 05:49:59 [meters] Hex input RMS -> E | 0.002    A | 0.002    D | 0.002    G | 0.002    B | 0.002    e | 0.002
2025-11-24 05:49:59 [meters] Hex input RMS -> E | 0.002    A | 0.002    D | 0.002    G | 0.002    B | 0.002    e | 0.002
2025-11-24 05:49:59 [meters] Hex input RMS -> E | 0.002    A | 0.002    D | 0.002    G | 0.002    B | 0.002    e | 0.002
2025-11-24 05:50:00 [meters] Hex input RMS -> E | 0.001    A | 0.001    D | 0.001    G | 0.001    B | 0.001    e | 0.001
2025-11-24 05:50:00 [meters] Hex input RMS -> E | 0.001    A | 0.001    D | 0.001    G | 0.001    B | 0.001    e | 0.001
2025-11-24 05:50:00 [meters] Hex input RMS -> E | 0.002    A | 0.002    D | 0.002    G | 0.002    B | 0.002    e | 0.002
2025-11-24 05:50:00 [meters] Hex input RMS -> E | 0.002    A | 0.002    D | 0.002    G | 0.002    B | 0.002    e | 0.002
2025-11-24 05:50:00 [meters] Hex input RMS -> E | 0.002    A | 0.002    D | 0.002    G | 0.002    B | 0.002    e | 0.002
2025-11-24 05:50:00 [meters] Hex input RMS -> E | 0.001    A | 0.001    D | 0.001    G | 0.001    B | 0.001    e | 0.001
2025-11-24 05:50:00 [meters] Hex input RMS -> E | 0.001    A | 0.001    D | 0.001    G | 0.001    B | 0.001    e | 0.001
2025-11-24 05:50:00 [meters] Hex input RMS -> E | 0.002    A | 0.002    D | 0.002    G | 0.002    B | 0.002    e | 0.002
2025-11-24 05:50:00 [meters] Hex input RMS -> E | 0.002    A | 0.002    D | 0.002    G | 0.002    B | 0.002    e | 0.002
2025-11-24 05:50:00 [meters] Hex input RMS -> E | 0.002    A | 0.001    D | 0.002    G | 0.001    B | 0.001    e | 0.001
2025-11-24 05:50:00 [meters] Hex input RMS -> E | 0.001    A | 0.001    D | 0.001    G | 0.001    B | 0.001    e | 0.001
2025-11-24 05:50:00 [meters] Hex input RMS -> E | 0.002    A | 0.002    D | 0.002    G | 0.001    B | 0.002    e | 0.002
2025-11-24 05:50:00 [meters] Hex input RMS -> E | 0.002    A | 0.002    D | 0.002    G | 0.002    B | 0.002    e | 0.002
2025-11-24 05:50:01 [meters] Hex input RMS -> E | 0.002    A | 0.002    D | 0.002    G | 0.002    B | 0.002    e | 0.002
2025-11-24 05:50:01 [meters] Hex input RMS -> E | 0.001    A | 0.001    D | 0.001    G | 0.001    B | 0.001    e | 0.001
2025-11-24 05:50:01 [meters] Hex input RMS -> E | 0.001    A | 0.001    D | 0.001    G | 0.001    B | 0.001    e | 0.001
2025-11-24 05:50:01 [meters] Hex input RMS -> E | 0.002    A | 0.002    D | 0.002    G | 0.002    B | 0.002    e | 0.002
2025-11-24 05:50:01 [meters] Hex input RMS -> E | 0.002    A | 0.002    D | 0.002    G | 0.002    B | 0.002    e | 0.002
2025-11-24 05:50:01 [meters] Hex input RMS -> E | 0.002    A | 0.002    D | 0.002    G | 0.002    B | 0.002    e | 0.002
2025-11-24 05:50:01 [meters] Hex input RMS -> E | 0.001    A | 0.001    D | 0.001    G | 0.001    B | 0.001    e | 0.001
2025-11-24 05:50:01 [meters] Hex input RMS -> E | 0.001    A | 0.001    D | 0.001    G | 0.001    B | 0.001    e | 0.001
2025-11-24 05:50:01 [meters] Hex input RMS -> E | 0.002    A | 0.002    D | 0.002    G | 0.002    B | 0.002    e | 0.002
2025-11-24 05:50:01 [meters] Hex input RMS -> E | 0.002    A | 0.002    D | 0.002    G | 0.002    B | 0.002    e | 0.002
2025-11-24 05:50:01 [meters] Hex input RMS -> E | 0.002    A | 0.002    D | 0.002    G | 0.002    B | 0.002    e | 0.001
2025-11-24 05:50:01 [meters] Hex input RMS -> E | 0.001    A | 0.001    D | 0.001    G | 0.001    B | 0.001    e | 0.001
2025-11-24 05:50:02 [meters] Hex input RMS -> E | 0.001    A | 0.001    D | 0.002    G | 0.001    B | 0.001    e | 0.002
2025-11-24 05:50:02 [meters] Hex input RMS -> E | 0.002    A | 0.002    D | 0.002    G | 0.002    B | 0.002    e | 0.002
2025-11-24 05:50:02 [meters] Hex input RMS -> E | 0.002    A | 0.002    D | 0.002    G | 0.002    B | 0.002    e | 0.002
2025-11-24 05:50:02 [meters] Hex input RMS -> E | 0.002    A | 0.001    D | 0.002    G | 0.001    B | 0.001    e | 0.001
2025-11-24 05:50:02 [meters] Hex input RMS -> E | 0.001    A | 0.001    D | 0.001    G | 0.001    B | 0.001    e | 0.001
2025-11-24 05:50:02 [meters] Hex input RMS -> E | 0.002    A | 0.002    D | 0.002    G | 0.002    B | 0.002    e | 0.002
2025-11-24 05:50:02 [meters] Hex input RMS -> E | 0.002    A | 0.002    D | 0.002    G | 0.002    B | 0.002    e | 0.002
2025-11-24 05:50:02 [meters] Hex input RMS -> E | 0.002    A | 0.002    D | 0.002    G | 0.002    B | 0.002    e | 0.002
2025-11-24 05:50:02 [meters] Hex input RMS -> E | 0.001    A | 0.001    D | 0.001    G | 0.001    B | 0.001    e | 0.001
2025-11-24 05:50:02 [meters] Hex input RMS -> E | 0.001    A | 0.001    D | 0.001    G | 0.001    B | 0.001    e | 0.001
2025-11-24 05:50:02 [meters] Hex input RMS -> E | 0.002    A | 0.002    D | 0.002    G | 0.002    B | 0.002    e | 0.002
2025-11-24 05:50:02 [meters] Hex input RMS -> E | 0.002    A | 0.002    D | 0.002    G | 0.002    B | 0.002    e | 0.002
2025-11-24 05:50:02 [meters] Hex input RMS -> E | 0.002    A | 0.002    D | 0.002    G | 0.002    B | 0.002    e | 0.002
2025-11-24 05:50:03 [meters] Hex input RMS -> E | 0.001    A | 0.001    D | 0.001    G | 0.001    B | 0.001    e | 0.001
2025-11-24 05:50:03 [meters] Hex input RMS -> E | 0.001    A | 0.001    D | 0.001    G | 0.001    B | 0.001    e | 0.001
2025-11-24 05:50:03 [meters] Hex input RMS -> E | 0.002    A | 0.002    D | 0.002    G | 0.002    B | 0.002    e | 0.002
2025-11-24 05:50:03 [meters] Hex input RMS -> E | 0.002    A | 0.002    D | 0.002    G | 0.002    B | 0.002    e | 0.002
2025-11-24 05:50:03 [meters] Hex input RMS -> E | 0.002    A | 0.002    D | 0.002    G | 0.002    B | 0.002    e | 0.002
2025-11-24 05:50:03 [meters] Hex input RMS -> E | 0.001    A | 0.001    D | 0.001    G | 0.001    B | 0.001    e | 0.001
2025-11-24 05:50:03 [meters] Hex input RMS -> E | 0.001    A | 0.001    D | 0.001    G | 0.001    B | 0.001    e | 0.001
2025-11-24 05:50:03 [meters] Hex input RMS -> E | 0.002    A | 0.002    D | 0.002    G | 0.002    B | 0.002    e | 0.002
2025-11-24 05:50:03 [meters] Hex input RMS -> E | 0.002    A | 0.002    D | 0.002    G | 0.002    B | 0.002    e | 0.002
2025-11-24 05:50:03 [meters] Hex input RMS -> E | 0.002    A | 0.001    D | 0.002    G | 0.001    B | 0.001    e | 0.001
2025-11-24 05:50:03 [meters] Hex input RMS -> E | 0.001    A | 0.001    D | 0.001    G | 0.001    B | 0.001    e | 0.001
2025-11-24 05:50:03 [meters] Hex input RMS -> E | 0.002    A | 0.002    D | 0.001    G | 0.002    B | 0.002    e | 0.001
2025-11-24 05:50:04 [meters] Hex input RMS -> E | 0.002    A | 0.002    D | 0.002    G | 0.002    B | 0.002    e | 0.002
2025-11-24 05:50:04 [meters] Hex input RMS -> E | 0.002    A | 0.002    D | 0.002    G | 0.002    B | 0.002    e | 0.002
2025-11-24 05:50:04 [meters] Hex input RMS -> E | 0.001    A | 0.001    D | 0.002    G | 0.001    B | 0.001    e | 0.001
2025-11-24 05:50:04 [meters] Hex input RMS -> E | 0.001    A | 0.001    D | 0.001    G | 0.001    B | 0.001    e | 0.001
2025-11-24 05:50:04 [meters] Hex input RMS -> E | 0.002    A | 0.002    D | 0.002    G | 0.002    B | 0.002    e | 0.002
2025-11-24 05:50:04 [meters] Hex input RMS -> E | 0.002    A | 0.002    D | 0.002    G | 0.002    B | 0.002    e | 0.002
2025-11-24 05:50:04 [meters] Hex input RMS -> E | 0.002    A | 0.002    D | 0.002    G | 0.002    B | 0.002    e | 0.002
2025-11-24 05:50:04 [meters] Hex input RMS -> E | 0.001    A | 0.001    D | 0.001    G | 0.001    B | 0.001    e | 0.001
2025-11-24 05:50:04 [meters] Hex input RMS -> E | 0.001    A | 0.001    D | 0.001    G | 0.001    B | 0.001    e | 0.001
2025-11-24 05:50:04 [meters] Hex input RMS -> E | 0.002    A | 0.002    D | 0.002    G | 0.002    B | 0.002    e | 0.002
2025-11-24 05:50:04 [meters] Hex input RMS -> E | 0.002    A | 0.002    D | 0.002    G | 0.002    B | 0.002    e | 0.002
2025-11-24 05:50:04 [meters] Hex input RMS -> E | 0.002    A | 0.002    D | 0.002    G | 0.002    B | 0.002    e | 0.002
2025-11-24 05:50:04 [meters] Hex input RMS -> E | 0.001    A | 0.001    D | 0.001    G | 0.001    B | 0.001    e | 0.001
2025-11-24 05:50:05 [meters] Hex input RMS -> E | 0.001    A | 0.001    D | 0.001    G | 0.001    B | 0.001    e | 0.001
2025-11-24 05:50:05 [meters] Hex input RMS -> E | 0.002    A | 0.002    D | 0.002    G | 0.002    B | 0.002    e | 0.002
2025-11-24 05:50:05 [meters] Hex input RMS -> E | 0.002    A | 0.002    D | 0.002    G | 0.002    B | 0.002    e | 0.002
2025-11-24 05:50:05 [meters] Hex input RMS -> E | 0.002    A | 0.001    D | 0.002    G | 0.001    B | 0.002    e | 0.001
2025-11-24 05:50:05 [meters] Hex input RMS -> E | 0.001    A | 0.001    D | 0.001    G | 0.001    B | 0.001    e | 0.001
2025-11-24 05:50:05 [meters] Hex input RMS -> E | 0.002    A | 0.001    D | 0.002    G | 0.002    B | 0.002    e | 0.002
2025-11-24 05:50:05 [meters] Hex input RMS -> E | 0.002    A | 0.002    D | 0.002    G | 0.002    B | 0.002    e | 0.002
2025-11-24 05:50:05 [meters] Hex input RMS -> E | 0.002    A | 0.002    D | 0.002    G | 0.002    B | 0.002    e | 0.002
2025-11-24 05:50:05 [meters] Hex input RMS -> E | 0.001    A | 0.001    D | 0.001    G | 0.001    B | 0.001    e | 0.001
2025-11-24 05:50:05 [meters] Hex input RMS -> E | 0.001    A | 0.001    D | 0.001    G | 0.001    B | 0.001    e | 0.001
2025-11-24 05:50:05 [meters] Hex input RMS -> E | 0.002    A | 0.002    D | 0.002    G | 0.002    B | 0.002    e | 0.002
2025-11-24 05:50:05 [meters] Hex input RMS -> E | 0.002    A | 0.002    D | 0.002    G | 0.002    B | 0.002    e | 0.002
2025-11-24 05:50:06 [meters] Hex input RMS -> E | 0.002    A | 0.002    D | 0.002    G | 0.002    B | 0.002    e | 0.002
2025-11-24 05:50:06 [meters] Hex input RMS -> E | 0.001    A | 0.001    D | 0.001    G | 0.001    B | 0.001    e | 0.001
2025-11-24 05:50:06 [meters] Hex input RMS -> E | 0.001    A | 0.001    D | 0.001    G | 0.001    B | 0.001    e | 0.001
2025-11-24 05:50:06 [meters] Hex input RMS -> E | 0.002    A | 0.002    D | 0.002    G | 0.002    B | 0.002    e | 0.002
2025-11-24 05:50:06 [meters] Hex input RMS -> E | 0.002    A | 0.002    D | 0.002    G | 0.002    B | 0.002    e | 0.002
2025-11-24 05:50:06 [meters] Hex input RMS -> E | 0.002    A | 0.002    D | 0.002    G | 0.002    B | 0.002    e | 0.002
2025-11-24 05:50:06 [meters] Hex input RMS -> E | 0.001    A | 0.001    D | 0.001    G | 0.001    B | 0.001    e | 0.001
2025-11-24 05:50:06 [meters] Hex input RMS -> E | 0.001    A | 0.001    D | 0.002    G | 0.001    B | 0.001    e | 0.001
2025-11-24 05:50:06 [meters] Hex input RMS -> E | 0.002    A | 0.002    D | 0.002    G | 0.002    B | 0.002    e | 0.002
2025-11-24 05:50:06 [meters] Hex input RMS -> E | 0.002    A | 0.002    D | 0.002    G | 0.002    B | 0.002    e | 0.002
2025-11-24 05:50:06 [meters] Hex input RMS -> E | 0.002    A | 0.002    D | 0.002    G | 0.001    B | 0.002    e | 0.001
2025-11-24 05:50:06 [meters] Hex input RMS -> E | 0.001    A | 0.001    D | 0.001    G | 0.001    B | 0.001    e | 0.001
2025-11-24 05:50:06 [meters] Hex input RMS -> E | 0.002    A | 0.001    D | 0.002    G | 0.001    B | 0.001    e | 0.002
2025-11-24 05:50:07 [meters] Hex input RMS -> E | 0.002    A | 0.002    D | 0.002    G | 0.002    B | 0.002    e | 0.002
2025-11-24 05:50:07 [meters] Hex input RMS -> E | 0.002    A | 0.002    D | 0.002    G | 0.002    B | 0.002    e | 0.002
2025-11-24 05:50:07 [meters] Hex input RMS -> E | 0.001    A | 0.001    D | 0.002    G | 0.001    B | 0.001    e | 0.001
2025-11-24 05:50:07 [meters] Hex input RMS -> E | 0.001    A | 0.001    D | 0.001    G | 0.001    B | 0.001    e | 0.001
2025-11-24 05:50:07 [meters] Hex input RMS -> E | 0.002    A | 0.002    D | 0.002    G | 0.002    B | 0.002    e | 0.002
2025-11-24 05:50:07 [meters] Hex input RMS -> E | 0.002    A | 0.002    D | 0.002    G | 0.002    B | 0.002    e | 0.002
2025-11-24 05:50:07 [meters] Hex input RMS -> E | 0.002    A | 0.002    D | 0.002    G | 0.002    B | 0.002    e | 0.002
2025-11-24 05:50:07 [meters] Hex input RMS -> E | 0.001    A | 0.001    D | 0.001    G | 0.001    B | 0.001    e | 0.001
2025-11-24 05:50:07 [meters] Hex input RMS -> E | 0.001    A | 0.001    D | 0.001    G | 0.001    B | 0.001    e | 0.001
2025-11-24 05:50:07 [meters] Hex input RMS -> E | 0.002    A | 0.002    D | 0.002    G | 0.002    B | 0.002    e | 0.002
2025-11-24 05:50:07 [meters] Hex input RMS -> E | 0.002    A | 0.002    D | 0.002    G | 0.002    B | 0.002    e | 0.002
2025-11-24 05:50:07 [meters] Hex input RMS -> E | 0.002    A | 0.002    D | 0.002    G | 0.002    B | 0.002    e | 0.001
2025-11-24 05:50:08 [meters] Hex input RMS -> E | 0.001    A | 0.001    D | 0.001    G | 0.001    B | 0.001    e | 0.001
2025-11-24 05:50:08 [meters] Hex input RMS -> E | 0.001    A | 0.001    D | 0.001    G | 0.001    B | 0.001    e | 0.001
2025-11-24 05:50:08 [meters] Hex input RMS -> E | 0.002    A | 0.002    D | 0.002    G | 0.002    B | 0.002    e | 0.002
2025-11-24 05:50:08 [meters] Hex input RMS -> E | 0.002    A | 0.002    D | 0.002    G | 0.002    B | 0.002    e | 0.002
2025-11-24 05:50:08 [meters] Hex input RMS -> E | 0.002    A | 0.002    D | 0.002    G | 0.002    B | 0.001    e | 0.001
2025-11-24 05:50:08 [meters] Hex input RMS -> E | 0.001    A | 0.001    D | 0.001    G | 0.001    B | 0.001    e | 0.001
2025-11-24 05:50:08 [meters] Hex input RMS -> E | 0.002    A | 0.001    D | 0.002    G | 0.001    B | 0.002    e | 0.001
2025-11-24 05:50:08 [meters] Hex input RMS -> E | 0.002    A | 0.002    D | 0.002    G | 0.002    B | 0.002    e | 0.002
2025-11-24 05:50:08 [meters] Hex input RMS -> E | 0.002    A | 0.002    D | 0.002    G | 0.002    B | 0.002    e | 0.002
2025-11-24 05:50:08 [meters] Hex input RMS -> E | 0.001    A | 0.001    D | 0.002    G | 0.001    B | 0.001    e | 0.001
2025-11-24 05:50:08 [meters] Hex input RMS -> E | 0.001    A | 0.001    D | 0.001    G | 0.001    B | 0.001    e | 0.001
2025-11-24 05:50:08 [meters] Hex input RMS -> E | 0.002    A | 0.002    D | 0.002    G | 0.002    B | 0.002    e | 0.002
2025-11-24 05:50:08 [meters] Hex input RMS -> E | 0.002    A | 0.002    D | 0.002    G | 0.002    B | 0.002    e | 0.002
2025-11-24 05:50:09 [meters] Hex input RMS -> E | 0.002    A | 0.002    D | 0.002    G | 0.002    B | 0.002    e | 0.002
2025-11-24 05:50:09 [meters] Hex input RMS -> E | 0.001    A | 0.001    D | 0.001    G | 0.001    B | 0.001    e | 0.001
2025-11-24 05:50:09 [meters] Hex input RMS -> E | 0.001    A | 0.001    D | 0.001    G | 0.001    B | 0.001    e | 0.001
2025-11-24 05:50:09 [meters] Hex input RMS -> E | 0.002    A | 0.002    D | 0.002    G | 0.002    B | 0.002    e | 0.002
2025-11-24 05:50:09 [meters] Hex input RMS -> E | 0.002    A | 0.002    D | 0.002    G | 0.002    B | 0.002    e | 0.002
2025-11-24 05:50:09 [meters] Hex input RMS -> E | 0.002    A | 0.002    D | 0.002    G | 0.002    B | 0.002    e | 0.002
2025-11-24 05:50:09 [meters] Hex input RMS -> E | 0.001    A | 0.001    D | 0.001    G | 0.001    B | 0.001    e | 0.001
2025-11-24 05:50:09 [meters] Hex input RMS -> E | 0.001    A | 0.001    D | 0.001    G | 0.001    B | 0.001    e | 0.001
2025-11-24 05:50:09 [meters] Hex input RMS -> E | 0.002    A | 0.002    D | 0.002    G | 0.002    B | 0.002    e | 0.002
2025-11-24 05:50:09 [meters] Hex input RMS -> E | 0.002    A | 0.002    D | 0.002    G | 0.002    B | 0.002    e | 0.002
2025-11-24 05:50:09 [meters] Hex input RMS -> E | 0.002    A | 0.002    D | 0.002    G | 0.001    B | 0.002    e | 0.001
2025-11-24 05:50:09 [meters] Hex input RMS -> E | 0.001    A | 0.001    D | 0.001    G | 0.001    B | 0.001    e | 0.001
2025-11-24 05:50:10 [meters] Hex input RMS -> E | 0.001    A | 0.002    D | 0.001    G | 0.001    B | 0.002    e | 0.001
2025-11-24 05:50:10 [meters] Hex input RMS -> E | 0.002    A | 0.002    D | 0.002    G | 0.002    B | 0.002    e | 0.002
2025-11-24 05:50:10 [meters] Hex input RMS -> E | 0.002    A | 0.002    D | 0.002    G | 0.002    B | 0.002    e | 0.002
2025-11-24 05:50:10 [meters] Hex input RMS -> E | 0.001    A | 0.001    D | 0.001    G | 0.001    B | 0.001    e | 0.001
2025-11-24 05:50:10 [meters] Hex input RMS -> E | 0.001    A | 0.001    D | 0.001    G | 0.001    B | 0.001    e | 0.001
2025-11-24 05:50:10 [meters] Hex input RMS -> E | 0.002    A | 0.002    D | 0.002    G | 0.002    B | 0.002    e | 0.002
2025-11-24 05:50:10 [meters] Hex input RMS -> E | 0.002    A | 0.002    D | 0.002    G | 0.002    B | 0.002    e | 0.002
2025-11-24 05:50:10 [meters] Hex input RMS -> E | 0.002    A | 0.002    D | 0.002    G | 0.002    B | 0.002    e | 0.002
2025-11-24 05:50:10 [meters] Hex input RMS -> E | 0.001    A | 0.001    D | 0.001    G | 0.001    B | 0.001    e | 0.001
2025-11-24 05:50:10 [meters] Hex input RMS -> E | 0.001    A | 0.001    D | 0.001    G | 0.001    B | 0.001    e | 0.001
2025-11-24 05:50:10 [meters] Hex input RMS -> E | 0.002    A | 0.002    D | 0.002    G | 0.002    B | 0.002    e | 0.002
2025-11-24 05:50:10 [meters] Hex input RMS -> E | 0.002    A | 0.002    D | 0.002    G | 0.002    B | 0.002    e | 0.002
2025-11-24 05:50:10 [meters] Hex input RMS -> E | 0.002    A | 0.002    D | 0.002    G | 0.002    B | 0.002    e | 0.002
2025-11-24 05:50:11 [meters] Hex input RMS -> E | 0.001    A | 0.001    D | 0.001    G | 0.001    B | 0.001    e | 0.001
2025-11-24 05:50:11 [meters] Hex input RMS -> E | 0.001    A | 0.001    D | 0.001    G | 0.001    B | 0.001    e | 0.001
2025-11-24 05:50:11 [meters] Hex input RMS -> E | 0.002    A | 0.002    D | 0.002    G | 0.002    B | 0.002    e | 0.002
2025-11-24 05:50:11 [meters] Hex input RMS -> E | 0.002    A | 0.002    D | 0.002    G | 0.002    B | 0.002    e | 0.002
2025-11-24 05:50:11 [meters] Hex input RMS -> E | 0.002    A | 0.002    D | 0.002    G | 0.002    B | 0.002    e | 0.001
2025-11-24 05:50:11 [meters] Hex input RMS -> E | 0.001    A | 0.001    D | 0.001    G | 0.001    B | 0.001    e | 0.001
2025-11-24 05:50:11 [meters] Hex input RMS -> E | 0.002    A | 0.001    D | 0.001    G | 0.001    B | 0.002    e | 0.001
2025-11-24 05:50:11 [meters] Hex input RMS -> E | 0.002    A | 0.002    D | 0.002    G | 0.002    B | 0.002    e | 0.002
2025-11-24 05:50:11 [meters] Hex input RMS -> E | 0.002    A | 0.002    D | 0.002    G | 0.002    B | 0.002    e | 0.002
2025-11-24 05:50:11 [meters] Hex input RMS -> E | 0.001    A | 0.001    D | 0.001    G | 0.001    B | 0.001    e | 0.001
2025-11-24 05:50:11 [meters] Hex input RMS -> E | 0.001    A | 0.001    D | 0.001    G | 0.001    B | 0.001    e | 0.001
2025-11-24 05:50:11 [meters] Hex input RMS -> E | 0.002    A | 0.002    D | 0.002    G | 0.002    B | 0.002    e | 0.002
2025-11-24 05:50:12 [meters] Hex input RMS -> E | 0.002    A | 0.002    D | 0.002    G | 0.002    B | 0.002    e | 0.002
2025-11-24 05:50:12 [meters] Hex input RMS -> E | 0.002    A | 0.002    D | 0.002    G | 0.002    B | 0.002    e | 0.002
2025-11-24 05:50:12 [meters] Hex input RMS -> E | 0.001    A | 0.001    D | 0.001    G | 0.001    B | 0.001    e | 0.001
2025-11-24 05:50:12 [meters] Hex input RMS -> E | 0.001    A | 0.001    D | 0.001    G | 0.001    B | 0.001    e | 0.001
2025-11-24 05:50:12 [meters] Hex input RMS -> E | 0.002    A | 0.002    D | 0.002    G | 0.002    B | 0.002    e | 0.002
2025-11-24 05:50:12 [meters] Hex input RMS -> E | 0.002    A | 0.002    D | 0.002    G | 0.002    B | 0.002    e | 0.002
2025-11-24 05:50:12 [meters] Hex input RMS -> E | 0.002    A | 0.002    D | 0.002    G | 0.002    B | 0.002    e | 0.002
2025-11-24 05:50:12 [meters] Hex input RMS -> E | 0.001    A | 0.001    D | 0.001    G | 0.001    B | 0.001    e | 0.001
2025-11-24 05:50:12 [meters] Hex input RMS -> E | 0.001    A | 0.001    D | 0.001    G | 0.001    B | 0.001    e | 0.001
2025-11-24 05:50:12 [meters] Hex input RMS -> E | 0.002    A | 0.002    D | 0.002    G | 0.002    B | 0.002    e | 0.002
2025-11-24 05:50:12 [meters] Hex input RMS -> E | 0.002    A | 0.002    D | 0.002    G | 0.002    B | 0.002    e | 0.002
2025-11-24 05:50:12 [meters] Hex input RMS -> E | 0.002    A | 0.002    D | 0.002    G | 0.002    B | 0.002    e | 0.002
2025-11-24 05:50:12 [meters] Hex input RMS -> E | 0.001    A | 0.001    D | 0.001    G | 0.001    B | 0.001    e | 0.001
2025-11-24 05:50:13 [meters] Hex input RMS -> E | 0.001    A | 0.001    D | 0.001    G | 0.001    B | 0.002    e | 0.001
2025-11-24 05:50:13 [meters] Hex input RMS -> E | 0.002    A | 0.002    D | 0.002    G | 0.002    B | 0.002    e | 0.002
2025-11-24 05:50:13 [meters] Hex input RMS -> E | 0.002    A | 0.002    D | 0.002    G | 0.002    B | 0.002    e | 0.002
2025-11-24 05:50:13 [meters] Hex input RMS -> E | 0.001    A | 0.001    D | 0.002    G | 0.001    B | 0.001    e | 0.001
2025-11-24 05:50:13 [meters] Hex input RMS -> E | 0.001    A | 0.001    D | 0.001    G | 0.001    B | 0.001    e | 0.001
2025-11-24 05:50:13 [meters] Hex input RMS -> E | 0.002    A | 0.002    D | 0.002    G | 0.002    B | 0.002    e | 0.002
2025-11-24 05:50:13 [meters] Hex input RMS -> E | 0.002    A | 0.002    D | 0.002    G | 0.002    B | 0.002    e | 0.002
2025-11-24 05:50:13 [meters] Hex input RMS -> E | 0.002    A | 0.002    D | 0.002    G | 0.002    B | 0.002    e | 0.002
2025-11-24 05:50:13 [meters] Hex input RMS -> E | 0.001    A | 0.001    D | 0.001    G | 0.001    B | 0.001    e | 0.001
2025-11-24 05:50:13 [meters] Hex input RMS -> E | 0.001    A | 0.001    D | 0.001    G | 0.001    B | 0.001    e | 0.001
2025-11-24 05:50:13 [meters] Hex input RMS -> E | 0.002    A | 0.002    D | 0.002    G | 0.002    B | 0.002    e | 0.002
2025-11-24 05:50:13 [meters] Hex input RMS -> E | 0.002    A | 0.002    D | 0.002    G | 0.002    B | 0.002    e | 0.002
2025-11-24 05:50:14 [meters] Hex input RMS -> E | 0.002    A | 0.002    D | 0.002    G | 0.002    B | 0.002    e | 0.002
2025-11-24 05:50:14 [meters] Hex input RMS -> E | 0.001    A | 0.001    D | 0.001    G | 0.001    B | 0.001    e | 0.001
2025-11-24 05:50:14 [meters] Hex input RMS -> E | 0.001    A | 0.001    D | 0.001    G | 0.001    B | 0.001    e | 0.001
2025-11-24 05:50:14 [meters] Hex input RMS -> E | 0.002    A | 0.002    D | 0.002    G | 0.002    B | 0.002    e | 0.002
2025-11-24 05:50:14 [meters] Hex input RMS -> E | 0.002    A | 0.002    D | 0.002    G | 0.002    B | 0.002    e | 0.002
2025-11-24 05:50:14 [meters] Hex input RMS -> E | 0.002    A | 0.002    D | 0.002    G | 0.002    B | 0.002    e | 0.002
2025-11-24 05:50:14 [meters] Hex input RMS -> E | 0.001    A | 0.001    D | 0.001    G | 0.001    B | 0.001    e | 0.001
2025-11-24 05:50:14 [meters] Hex input RMS -> E | 0.001    A | 0.001    D | 0.002    G | 0.001    B | 0.001    e | 0.001
2025-11-24 05:50:14 [meters] Hex input RMS -> E | 0.002    A | 0.002    D | 0.002    G | 0.002    B | 0.002    e | 0.002
2025-11-24 05:50:14 [meters] Hex input RMS -> E | 0.002    A | 0.002    D | 0.002    G | 0.002    B | 0.002    e | 0.002
2025-11-24 05:50:14 [meters] Hex input RMS -> E | 0.001    A | 0.001    D | 0.001    G | 0.001    B | 0.001    e | 0.001
2025-11-24 05:50:14 [meters] Hex input RMS -> E | 0.001    A | 0.001    D | 0.001    G | 0.001    B | 0.001    e | 0.001
2025-11-24 05:50:14 [meters] Hex input RMS -> E | 0.002    A | 0.002    D | 0.002    G | 0.001    B | 0.002    e | 0.002
2025-11-24 05:50:15 [meters] Hex input RMS -> E | 0.002    A | 0.002    D | 0.002    G | 0.002    B | 0.002    e | 0.002
2025-11-24 05:50:15 [meters] Hex input RMS -> E | 0.002    A | 0.002    D | 0.002    G | 0.002    B | 0.002    e | 0.002
2025-11-24 05:50:15 [meters] Hex input RMS -> E | 0.001    A | 0.001    D | 0.001    G | 0.001    B | 0.001    e | 0.001
2025-11-24 05:50:15 [meters] Hex input RMS -> E | 0.001    A | 0.001    D | 0.001    G | 0.001    B | 0.001    e | 0.001
2025-11-24 05:50:15 [meters] Hex input RMS -> E | 0.002    A | 0.002    D | 0.002    G | 0.002    B | 0.002    e | 0.002
2025-11-24 05:50:15 [meters] Hex input RMS -> E | 0.002    A | 0.002    D | 0.002    G | 0.002    B | 0.002    e | 0.002
2025-11-24 05:50:15 [meters] Hex input RMS -> E | 0.002    A | 0.002    D | 0.002    G | 0.002    B | 0.002    e | 0.002
2025-11-24 05:50:15 [meters] Hex input RMS -> E | 0.001    A | 0.001    D | 0.001    G | 0.001    B | 0.001    e | 0.001
2025-11-24 05:50:15 [meters] Hex input RMS -> E | 0.001    A | 0.001    D | 0.001    G | 0.001    B | 0.001    e | 0.001
2025-11-24 05:50:15 [meters] Hex input RMS -> E | 0.002    A | 0.002    D | 0.002    G | 0.002    B | 0.002    e | 0.002
2025-11-24 05:50:15 [meters] Hex input RMS -> E | 0.002    A | 0.002    D | 0.002    G | 0.002    B | 0.002    e | 0.002
2025-11-24 05:50:15 [meters] Hex input RMS -> E | 0.002    A | 0.002    D | 0.002    G | 0.002    B | 0.002    e | 0.001
2025-11-24 05:50:16 [meters] Hex input RMS -> E | 0.001    A | 0.001    D | 0.001    G | 0.001    B | 0.001    e | 0.001
2025-11-24 05:50:16 [meters] Hex input RMS -> E | 0.001    A | 0.001    D | 0.001    G | 0.001    B | 0.002    e | 0.001
2025-11-24 05:50:16 [meters] Hex input RMS -> E | 0.002    A | 0.002    D | 0.002    G | 0.002    B | 0.002    e | 0.002
2025-11-24 05:50:16 [meters] Hex input RMS -> E | 0.002    A | 0.002    D | 0.002    G | 0.002    B | 0.002    e | 0.002
2025-11-24 05:50:16 [meters] Hex input RMS -> E | 0.002    A | 0.001    D | 0.001    G | 0.001    B | 0.002    e | 0.001
2025-11-24 05:50:16 [meters] Hex input RMS -> E | 0.001    A | 0.001    D | 0.001    G | 0.001    B | 0.001    e | 0.001
2025-11-24 05:50:16 [meters] Hex input RMS -> E | 0.002    A | 0.002    D | 0.002    G | 0.002    B | 0.002    e | 0.002
2025-11-24 05:50:16 [meters] Hex input RMS -> E | 0.002    A | 0.002    D | 0.002    G | 0.002    B | 0.002    e | 0.002
2025-11-24 05:50:16 [meters] Hex input RMS -> E | 0.002    A | 0.002    D | 0.002    G | 0.002    B | 0.002    e | 0.002
2025-11-24 05:50:16 [meters] Hex input RMS -> E | 0.001    A | 0.001    D | 0.001    G | 0.001    B | 0.001    e | 0.001
2025-11-24 05:50:16 [meters] Hex input RMS -> E | 0.001    A | 0.001    D | 0.001    G | 0.001    B | 0.001    e | 0.001
2025-11-24 05:50:16 [meters] Hex input RMS -> E | 0.002    A | 0.002    D | 0.002    G | 0.002    B | 0.002    e | 0.002
2025-11-24 05:50:16 [meters] Hex input RMS -> E | 0.002    A | 0.002    D | 0.002    G | 0.002    B | 0.002    e | 0.002
2025-11-24 05:50:17 [meters] Hex input RMS -> E | 0.002    A | 0.002    D | 0.002    G | 0.002    B | 0.002    e | 0.002
2025-11-24 05:50:17 [meters] Hex input RMS -> E | 0.001    A | 0.001    D | 0.001    G | 0.001    B | 0.001    e | 0.001
2025-11-24 05:50:17 [meters] Hex input RMS -> E | 0.001    A | 0.001    D | 0.001    G | 0.001    B | 0.001    e | 0.001
2025-11-24 05:50:17 [meters] Hex input RMS -> E | 0.002    A | 0.002    D | 0.002    G | 0.002    B | 0.002    e | 0.002
2025-11-24 05:50:17 [meters] Hex input RMS -> E | 0.002    A | 0.002    D | 0.002    G | 0.002    B | 0.002    e | 0.002
2025-11-24 05:50:17 [meters] Hex input RMS -> E | 0.002    A | 0.002    D | 0.002    G | 0.002    B | 0.002    e | 0.001
2025-11-24 05:50:17 [meters] Hex input RMS -> E | 0.001    A | 0.001    D | 0.001    G | 0.001    B | 0.001    e | 0.001
2025-11-24 05:50:17 [meters] Hex input RMS -> E | 0.001    A | 0.001    D | 0.001    G | 0.001    B | 0.001    e | 0.001
2025-11-24 05:50:17 [meters] Hex input RMS -> E | 0.002    A | 0.002    D | 0.002    G | 0.002    B | 0.002    e | 0.002
2025-11-24 05:50:17 [meters] Hex input RMS -> E | 0.002    A | 0.002    D | 0.002    G | 0.002    B | 0.002    e | 0.002
2025-11-24 05:50:17 [meters] Hex input RMS -> E | 0.002    A | 0.001    D | 0.002    G | 0.001    B | 0.001    e | 0.001
2025-11-24 05:50:17 [meters] Hex input RMS -> E | 0.001    A | 0.001    D | 0.001    G | 0.001    B | 0.001    e | 0.001
2025-11-24 05:50:18 [meters] Hex input RMS -> E | 0.002    A | 0.002    D | 0.002    G | 0.002    B | 0.002    e | 0.001
2025-11-24 05:50:18 [meters] Hex input RMS -> E | 0.002    A | 0.002    D | 0.002    G | 0.002    B | 0.002    e | 0.002
2025-11-24 05:50:18 [meters] Hex input RMS -> E | 0.002    A | 0.002    D | 0.002    G | 0.002    B | 0.002    e | 0.002
2025-11-24 05:50:18 [meters] Hex input RMS -> E | 0.001    A | 0.001    D | 0.001    G | 0.001    B | 0.001    e | 0.001
2025-11-24 05:50:18 [meters] Hex input RMS -> E | 0.001    A | 0.001    D | 0.001    G | 0.001    B | 0.001    e | 0.001
2025-11-24 05:50:18 [meters] Hex input RMS -> E | 0.002    A | 0.002    D | 0.002    G | 0.002    B | 0.002    e | 0.002
2025-11-24 05:50:18 [meters] Hex input RMS -> E | 0.002    A | 0.002    D | 0.002    G | 0.002    B | 0.002    e | 0.002
2025-11-24 05:50:18 [meters] Hex input RMS -> E | 0.002    A | 0.002    D | 0.002    G | 0.002    B | 0.002    e | 0.002
2025-11-24 05:50:18 [meters] Hex input RMS -> E | 0.001    A | 0.001    D | 0.001    G | 0.001    B | 0.001    e | 0.001
2025-11-24 05:50:18 [meters] Hex input RMS -> E | 0.001    A | 0.001    D | 0.001    G | 0.001    B | 0.001    e | 0.001
2025-11-24 05:50:18 [meters] Hex input RMS -> E | 0.002    A | 0.002    D | 0.002    G | 0.002    B | 0.002    e | 0.002
2025-11-24 05:50:18 [meters] Hex input RMS -> E | 0.002    A | 0.002    D | 0.002    G | 0.002    B | 0.002    e | 0.002
2025-11-24 05:50:18 [meters] Hex input RMS -> E | 0.002    A | 0.002    D | 0.002    G | 0.002    B | 0.002    e | 0.002
2025-11-24 05:50:19 [meters] Hex input RMS -> E | 0.001    A | 0.001    D | 0.001    G | 0.001    B | 0.001    e | 0.001
2025-11-24 05:50:19 [meters] Hex input RMS -> E | 0.001    A | 0.001    D | 0.002    G | 0.001    B | 0.001    e | 0.001
2025-11-24 05:50:19 [meters] Hex input RMS -> E | 0.002    A | 0.002    D | 0.002    G | 0.002    B | 0.002    e | 0.002
2025-11-24 05:50:19 [meters] Hex input RMS -> E | 0.002    A | 0.002    D | 0.002    G | 0.002    B | 0.002    e | 0.002
2025-11-24 05:50:19 [meters] Hex input RMS -> E | 0.001    A | 0.001    D | 0.001    G | 0.002    B | 0.002    e | 0.001
2025-11-24 05:50:19 [meters] Hex input RMS -> E | 0.001    A | 0.001    D | 0.001    G | 0.001    B | 0.001    e | 0.001
2025-11-24 05:50:19 [meters] Hex input RMS -> E | 0.002    A | 0.002    D | 0.002    G | 0.002    B | 0.001    e | 0.001
2025-11-24 05:50:19 [meters] Hex input RMS -> E | 0.002    A | 0.002    D | 0.002    G | 0.002    B | 0.002    e | 0.002
2025-11-24 05:50:19 [meters] Hex input RMS -> E | 0.002    A | 0.002    D | 0.002    G | 0.002    B | 0.002    e | 0.002
2025-11-24 05:50:19 [meters] Hex input RMS -> E | 0.001    A | 0.001    D | 0.001    G | 0.001    B | 0.001    e | 0.001
2025-11-24 05:50:19 [meters] Hex input RMS -> E | 0.001    A | 0.001    D | 0.001    G | 0.001    B | 0.001    e | 0.001
2025-11-24 05:50:19 [meters] Hex input RMS -> E | 0.002    A | 0.002    D | 0.002    G | 0.002    B | 0.002    e | 0.002
2025-11-24 05:50:20 [meters] Hex input RMS -> E | 0.002    A | 0.002    D | 0.002    G | 0.002    B | 0.002    e | 0.002
2025-11-24 05:50:20 [meters] Hex input RMS -> E | 0.002    A | 0.002    D | 0.002    G | 0.002    B | 0.002    e | 0.002
2025-11-24 05:50:20 [meters] Hex input RMS -> E | 0.001    A | 0.001    D | 0.001    G | 0.001    B | 0.001    e | 0.001
2025-11-24 05:50:20 [meters] Hex input RMS -> E | 0.001    A | 0.001    D | 0.001    G | 0.001    B | 0.001    e | 0.001
2025-11-24 05:50:20 [meters] Hex input RMS -> E | 0.002    A | 0.002    D | 0.002    G | 0.002    B | 0.002    e | 0.002
2025-11-24 05:50:20 [meters] Hex input RMS -> E | 0.002    A | 0.002    D | 0.002    G | 0.002    B | 0.002    e | 0.002
2025-11-24 05:50:20 [meters] Hex input RMS -> E | 0.002    A | 0.002    D | 0.002    G | 0.002    B | 0.002    e | 0.002
2025-11-24 05:50:20 [meters] Hex input RMS -> E | 0.001    A | 0.001    D | 0.001    G | 0.001    B | 0.001    e | 0.001
2025-11-24 05:50:20 [meters] Hex input RMS -> E | 0.001    A | 0.001    D | 0.001    G | 0.001    B | 0.001    e | 0.001
2025-11-24 05:50:20 [meters] Hex input RMS -> E | 0.002    A | 0.002    D | 0.002    G | 0.002    B | 0.002    e | 0.002
2025-11-24 05:50:20 [meters] Hex input RMS -> E | 0.002    A | 0.002    D | 0.002    G | 0.002    B | 0.002    e | 0.002
2025-11-24 05:50:20 [meters] Hex input RMS -> E | 0.002    A | 0.001    D | 0.002    G | 0.002    B | 0.001    e | 0.001
2025-11-24 05:50:20 [meters] Hex input RMS -> E | 0.001    A | 0.001    D | 0.001    G | 0.001    B | 0.001    e | 0.001
2025-11-24 05:50:21 [meters] Hex input RMS -> E | 0.002    A | 0.002    D | 0.002    G | 0.002    B | 0.002    e | 0.002
2025-11-24 05:50:21 [meters] Hex input RMS -> E | 0.002    A | 0.002    D | 0.002    G | 0.002    B | 0.002    e | 0.002
2025-11-24 05:50:21 [meters] Hex input RMS -> E | 0.002    A | 0.002    D | 0.002    G | 0.002    B | 0.002    e | 0.002
2025-11-24 05:50:21 [meters] Hex input RMS -> E | 0.001    A | 0.001    D | 0.001    G | 0.001    B | 0.002    e | 0.001
2025-11-24 05:50:21 [meters] Hex input RMS -> E | 0.001    A | 0.001    D | 0.001    G | 0.001    B | 0.001    e | 0.001
2025-11-24 05:50:21 [meters] Hex input RMS -> E | 0.002    A | 0.002    D | 0.002    G | 0.002    B | 0.002    e | 0.002
2025-11-24 05:50:21 [meters] Hex input RMS -> E | 0.002    A | 0.002    D | 0.002    G | 0.002    B | 0.002    e | 0.002
2025-11-24 05:50:21 [meters] Hex input RMS -> E | 0.002    A | 0.002    D | 0.002    G | 0.002    B | 0.002    e | 0.002
2025-11-24 05:50:21 [meters] Hex input RMS -> E | 0.001    A | 0.001    D | 0.001    G | 0.001    B | 0.001    e | 0.001
2025-11-24 05:50:21 [meters] Hex input RMS -> E | 0.001    A | 0.001    D | 0.001    G | 0.001    B | 0.001    e | 0.001
2025-11-24 05:50:21 [meters] Hex input RMS -> E | 0.002    A | 0.002    D | 0.002    G | 0.002    B | 0.002    e | 0.002
2025-11-24 05:50:21 [meters] Hex input RMS -> E | 0.002    A | 0.002    D | 0.002    G | 0.002    B | 0.002    e | 0.002
2025-11-24 05:50:22 [meters] Hex input RMS -> E | 0.002    A | 0.002    D | 0.002    G | 0.002    B | 0.002    e | 0.002
2025-11-24 05:50:22 [meters] Hex input RMS -> E | 0.001    A | 0.001    D | 0.001    G | 0.001    B | 0.001    e | 0.001
2025-11-24 05:50:22 [meters] Hex input RMS -> E | 0.001    A | 0.001    D | 0.001    G | 0.001    B | 0.001    e | 0.001
2025-11-24 05:50:22 [meters] Hex input RMS -> E | 0.002    A | 0.002    D | 0.002    G | 0.002    B | 0.002    e | 0.002
2025-11-24 05:50:22 [meters] Hex input RMS -> E | 0.002    A | 0.002    D | 0.002    G | 0.002    B | 0.002    e | 0.002
2025-11-24 05:50:22 [meters] Hex input RMS -> E | 0.002    A | 0.001    D | 0.002    G | 0.002    B | 0.001    e | 0.002
2025-11-24 05:50:22 [meters] Hex input RMS -> E | 0.001    A | 0.001    D | 0.001    G | 0.001    B | 0.001    e | 0.001
2025-11-24 05:50:22 [meters] Hex input RMS -> E | 0.002    A | 0.002    D | 0.002    G | 0.001    B | 0.002    e | 0.001
2025-11-24 05:50:22 [meters] Hex input RMS -> E | 0.002    A | 0.002    D | 0.002    G | 0.002    B | 0.002    e | 0.002
2025-11-24 05:50:22 [meters] Hex input RMS -> E | 0.002    A | 0.002    D | 0.002    G | 0.002    B | 0.002    e | 0.002
2025-11-24 05:50:22 [meters] Hex input RMS -> E | 0.001    A | 0.001    D | 0.001    G | 0.001    B | 0.001    e | 0.001
2025-11-24 05:50:22 [meters] Hex input RMS -> E | 0.001    A | 0.001    D | 0.001    G | 0.001    B | 0.001    e | 0.001
2025-11-24 05:50:22 [meters] Hex input RMS -> E | 0.002    A | 0.002    D | 0.002    G | 0.002    B | 0.002    e | 0.002
2025-11-24 05:50:23 [meters] Hex input RMS -> E | 0.002    A | 0.002    D | 0.002    G | 0.002    B | 0.002    e | 0.002
2025-11-24 05:50:23 [meters] Hex input RMS -> E | 0.002    A | 0.002    D | 0.002    G | 0.002    B | 0.002    e | 0.002
2025-11-24 05:50:23 [meters] Hex input RMS -> E | 0.001    A | 0.001    D | 0.001    G | 0.001    B | 0.001    e | 0.001
2025-11-24 05:50:23 [meters] Hex input RMS -> E | 0.001    A | 0.001    D | 0.001    G | 0.001    B | 0.001    e | 0.001
2025-11-24 05:50:23 [meters] Hex input RMS -> E | 0.002    A | 0.002    D | 0.002    G | 0.002    B | 0.002    e | 0.002
2025-11-24 05:50:23 [meters] Hex input RMS -> E | 0.002    A | 0.002    D | 0.002    G | 0.002    B | 0.002    e | 0.002
2025-11-24 05:50:23 [meters] Hex input RMS -> E | 0.002    A | 0.002    D | 0.002    G | 0.002    B | 0.002    e | 0.002
2025-11-24 05:50:23 [meters] Hex input RMS -> E | 0.001    A | 0.001    D | 0.001    G | 0.001    B | 0.001    e | 0.001
2025-11-24 05:50:23 [meters] Hex input RMS -> E | 0.001    A | 0.001    D | 0.001    G | 0.001    B | 0.001    e | 0.001
2025-11-24 05:50:23 [meters] Hex input RMS -> E | 0.002    A | 0.002    D | 0.002    G | 0.002    B | 0.002    e | 0.002
2025-11-24 05:50:23 [meters] Hex input RMS -> E | 0.002    A | 0.002    D | 0.002    G | 0.002    B | 0.002    e | 0.002
2025-11-24 05:50:23 [meters] Hex input RMS -> E | 0.002    A | 0.001    D | 0.002    G | 0.001    B | 0.002    e | 0.001
2025-11-24 05:50:24 [meters] Hex input RMS -> E | 0.001    A | 0.001    D | 0.001    G | 0.001    B | 0.001    e | 0.001
2025-11-24 05:50:24 [meters] Hex input RMS -> E | 0.001    A | 0.001    D | 0.002    G | 0.001    B | 0.002    e | 0.001
2025-11-24 05:50:24 [meters] Hex input RMS -> E | 0.002    A | 0.002    D | 0.002    G | 0.002    B | 0.002    e | 0.002
2025-11-24 05:50:24 [meters] Hex input RMS -> E | 0.002    A | 0.002    D | 0.002    G | 0.002    B | 0.002    e | 0.002
2025-11-24 05:50:24 [meters] Hex input RMS -> E | 0.001    A | 0.001    D | 0.001    G | 0.001    B | 0.001    e | 0.001
2025-11-24 05:50:24 [meters] Hex input RMS -> E | 0.001    A | 0.001    D | 0.001    G | 0.001    B | 0.001    e | 0.001
2025-11-24 05:50:24 [meters] Hex input RMS -> E | 0.002    A | 0.002    D | 0.002    G | 0.002    B | 0.002    e | 0.002
2025-11-24 05:50:24 [meters] Hex input RMS -> E | 0.002    A | 0.002    D | 0.002    G | 0.002    B | 0.002    e | 0.002
2025-11-24 05:50:24 [meters] Hex input RMS -> E | 0.002    A | 0.002    D | 0.002    G | 0.002    B | 0.002    e | 0.002
2025-11-24 05:50:24 [meters] Hex input RMS -> E | 0.001    A | 0.001    D | 0.001    G | 0.001    B | 0.001    e | 0.001
2025-11-24 05:50:24 [meters] Hex input RMS -> E | 0.001    A | 0.001    D | 0.001    G | 0.001    B | 0.001    e | 0.001
2025-11-24 05:50:24 [meters] Hex input RMS -> E | 0.002    A | 0.002    D | 0.002    G | 0.002    B | 0.002    e | 0.002
2025-11-24 05:50:24 [meters] Hex input RMS -> E | 0.002    A | 0.002    D | 0.002    G | 0.002    B | 0.002    e | 0.002
2025-11-24 05:50:25 [meters] Hex input RMS -> E | 0.002    A | 0.002    D | 0.002    G | 0.002    B | 0.002    e | 0.002
2025-11-24 05:50:25 [meters] Hex input RMS -> E | 0.001    A | 0.001    D | 0.001    G | 0.001    B | 0.001    e | 0.001
2025-11-24 05:50:25 [meters] Hex input RMS -> E | 0.001    A | 0.001    D | 0.001    G | 0.001    B | 0.001    e | 0.001
2025-11-24 05:50:25 [meters] Hex input RMS -> E | 0.002    A | 0.002    D | 0.002    G | 0.002    B | 0.002    e | 0.002
2025-11-24 05:50:25 [meters] Hex input RMS -> E | 0.002    A | 0.002    D | 0.002    G | 0.002    B | 0.002    e | 0.002
2025-11-24 05:50:25 [meters] Hex input RMS -> E | 0.002    A | 0.002    D | 0.002    G | 0.002    B | 0.002    e | 0.001
2025-11-24 05:50:25 [meters] Hex input RMS -> E | 0.001    A | 0.001    D | 0.001    G | 0.001    B | 0.001    e | 0.001
2025-11-24 05:50:25 [meters] Hex input RMS -> E | 0.001    A | 0.001    D | 0.002    G | 0.001    B | 0.001    e | 0.001
2025-11-24 05:50:25 [meters] Hex input RMS -> E | 0.002    A | 0.002    D | 0.002    G | 0.002    B | 0.002    e | 0.002
2025-11-24 05:50:25 [meters] Hex input RMS -> E | 0.002    A | 0.002    D | 0.002    G | 0.002    B | 0.002    e | 0.002
2025-11-24 05:50:25 [meters] Hex input RMS -> E | 0.001    A | 0.001    D | 0.001    G | 0.001    B | 0.001    e | 0.001
2025-11-24 05:50:25 [meters] Hex input RMS -> E | 0.001    A | 0.001    D | 0.001    G | 0.001    B | 0.001    e | 0.001
2025-11-24 05:50:26 [meters] Hex input RMS -> E | 0.002    A | 0.002    D | 0.002    G | 0.002    B | 0.002    e | 0.002
2025-11-24 05:50:26 [meters] Hex input RMS -> E | 0.002    A | 0.002    D | 0.002    G | 0.002    B | 0.002    e | 0.002
2025-11-24 05:50:26 [meters] Hex input RMS -> E | 0.002    A | 0.002    D | 0.002    G | 0.002    B | 0.002    e | 0.002
2025-11-24 05:50:26 [meters] Hex input RMS -> E | 0.001    A | 0.001    D | 0.001    G | 0.001    B | 0.001    e | 0.001
2025-11-24 05:50:26 [meters] Hex input RMS -> E | 0.001    A | 0.001    D | 0.001    G | 0.001    B | 0.001    e | 0.001
2025-11-24 05:50:26 [meters] Hex input RMS -> E | 0.002    A | 0.002    D | 0.002    G | 0.002    B | 0.002    e | 0.002
2025-11-24 05:50:26 [meters] Hex input RMS -> E | 0.002    A | 0.002    D | 0.002    G | 0.002    B | 0.002    e | 0.002
2025-11-24 05:50:26 [meters] Hex input RMS -> E | 0.002    A | 0.002    D | 0.002    G | 0.002    B | 0.002    e | 0.002
2025-11-24 05:50:26 [meters] Hex input RMS -> E | 0.001    A | 0.001    D | 0.001    G | 0.001    B | 0.001    e | 0.001
2025-11-24 05:50:26 [meters] Hex input RMS -> E | 0.001    A | 0.001    D | 0.001    G | 0.001    B | 0.001    e | 0.001
2025-11-24 05:50:26 [meters] Hex input RMS -> E | 0.002    A | 0.002    D | 0.002    G | 0.002    B | 0.002    e | 0.002
2025-11-24 05:50:26 [meters] Hex input RMS -> E | 0.002    A | 0.002    D | 0.002    G | 0.002    B | 0.002    e | 0.002
2025-11-24 05:50:26 [meters] Hex input RMS -> E | 0.002    A | 0.002    D | 0.002    G | 0.001    B | 0.001    e | 0.001
2025-11-24 05:50:27 [meters] Hex input RMS -> E | 0.001    A | 0.001    D | 0.001    G | 0.001    B | 0.001    e | 0.001
2025-11-24 05:50:27 [meters] Hex input RMS -> E | 0.001    A | 0.001    D | 0.002    G | 0.001    B | 0.002    e | 0.002
2025-11-24 05:50:27 [meters] Hex input RMS -> E | 0.002    A | 0.002    D | 0.002    G | 0.002    B | 0.002    e | 0.002
2025-11-24 05:50:27 [meters] Hex input RMS -> E | 0.002    A | 0.002    D | 0.002    G | 0.002    B | 0.002    e | 0.002
2025-11-24 05:50:27 [meters] Hex input RMS -> E | 0.001    A | 0.001    D | 0.001    G | 0.001    B | 0.002    e | 0.001
2025-11-24 05:50:27 [meters] Hex input RMS -> E | 0.001    A | 0.001    D | 0.001    G | 0.001    B | 0.001    e | 0.001
2025-11-24 05:50:27 [meters] Hex input RMS -> E | 0.002    A | 0.002    D | 0.002    G | 0.002    B | 0.002    e | 0.002
2025-11-24 05:50:27 [meters] Hex input RMS -> E | 0.002    A | 0.002    D | 0.002    G | 0.002    B | 0.002    e | 0.002
2025-11-24 05:50:27 [meters] Hex input RMS -> E | 0.002    A | 0.002    D | 0.002    G | 0.002    B | 0.002    e | 0.002
2025-11-24 05:50:27 [meters] Hex input RMS -> E | 0.001    A | 0.001    D | 0.001    G | 0.001    B | 0.001    e | 0.001
2025-11-24 05:50:27 [meters] Hex input RMS -> E | 0.001    A | 0.001    D | 0.001    G | 0.001    B | 0.001    e | 0.001
2025-11-24 05:50:27 [meters] Hex input RMS -> E | 0.002    A | 0.002    D | 0.002    G | 0.002    B | 0.002    e | 0.002
2025-11-24 05:50:28 [meters] Hex input RMS -> E | 0.002    A | 0.002    D | 0.002    G | 0.002    B | 0.002    e | 0.002
2025-11-24 05:50:28 [meters] Hex input RMS -> E | 0.002    A | 0.002    D | 0.002    G | 0.002    B | 0.002    e | 0.002
2025-11-24 05:50:28 [meters] Hex input RMS -> E | 0.001    A | 0.001    D | 0.001    G | 0.001    B | 0.001    e | 0.001
2025-11-24 05:50:28 [meters] Hex input RMS -> E | 0.001    A | 0.001    D | 0.001    G | 0.001    B | 0.001    e | 0.001
2025-11-24 05:50:28 [meters] Hex input RMS -> E | 0.002    A | 0.002    D | 0.002    G | 0.002    B | 0.002    e | 0.002
2025-11-24 05:50:28 [meters] Hex input RMS -> E | 0.002    A | 0.002    D | 0.002    G | 0.002    B | 0.002    e | 0.002
2025-11-24 05:50:28 [meters] Hex input RMS -> E | 0.002    A | 0.002    D | 0.002    G | 0.002    B | 0.002    e | 0.001
2025-11-24 05:50:28 [meters] Hex input RMS -> E | 0.001    A | 0.001    D | 0.001    G | 0.001    B | 0.001    e | 0.001
2025-11-24 05:50:28 [meters] Hex input RMS -> E | 0.001    A | 0.002    D | 0.002    G | 0.001    B | 0.002    e | 0.001
2025-11-24 05:50:28 [meters] Hex input RMS -> E | 0.002    A | 0.002    D | 0.002    G | 0.002    B | 0.002    e | 0.002
2025-11-24 05:50:28 [meters] Hex input RMS -> E | 0.002    A | 0.002    D | 0.002    G | 0.002    B | 0.002    e | 0.002
2025-11-24 05:50:28 [meters] Hex input RMS -> E | 0.001    A | 0.001    D | 0.001    G | 0.001    B | 0.002    e | 0.001
2025-11-24 05:50:28 [meters] Hex input RMS -> E | 0.001    A | 0.001    D | 0.001    G | 0.001    B | 0.001    e | 0.001
2025-11-24 05:50:29 [meters] Hex input RMS -> E | 0.002    A | 0.002    D | 0.002    G | 0.002    B | 0.002    e | 0.002
2025-11-24 05:50:29 [meters] Hex input RMS -> E | 0.002    A | 0.002    D | 0.002    G | 0.002    B | 0.002    e | 0.002
2025-11-24 05:50:29 [meters] Hex input RMS -> E | 0.002    A | 0.002    D | 0.002    G | 0.002    B | 0.002    e | 0.002
2025-11-24 05:50:29 [meters] Hex input RMS -> E | 0.001    A | 0.001    D | 0.001    G | 0.001    B | 0.001    e | 0.001
2025-11-24 05:50:29 [meters] Hex input RMS -> E | 0.001    A | 0.001    D | 0.001    G | 0.001    B | 0.001    e | 0.001
2025-11-24 05:50:29 [meters] Hex input RMS -> E | 0.002    A | 0.002    D | 0.002    G | 0.002    B | 0.002    e | 0.002
2025-11-24 05:50:29 [meters] Hex input RMS -> E | 0.002    A | 0.002    D | 0.002    G | 0.002    B | 0.002    e | 0.002
2025-11-24 05:50:29 [meters] Hex input RMS -> E | 0.002    A | 0.002    D | 0.002    G | 0.002    B | 0.002    e | 0.002
2025-11-24 05:50:29 [meters] Hex input RMS -> E | 0.001    A | 0.001    D | 0.001    G | 0.001    B | 0.001    e | 0.001
2025-11-24 05:50:29 [meters] Hex input RMS -> E | 0.001    A | 0.001    D | 0.001    G | 0.001    B | 0.001    e | 0.001
2025-11-24 05:50:29 [meters] Hex input RMS -> E | 0.002    A | 0.002    D | 0.002    G | 0.002    B | 0.002    e | 0.002
2025-11-24 05:50:29 [meters] Hex input RMS -> E | 0.002    A | 0.002    D | 0.002    G | 0.002    B | 0.002    e | 0.002
2025-11-24 05:50:30 [meters] Hex input RMS -> E | 0.002    A | 0.002    D | 0.002    G | 0.002    B | 0.002    e | 0.002
2025-11-24 05:50:30 [meters] Hex input RMS -> E | 0.001    A | 0.001    D | 0.001    G | 0.001    B | 0.001    e | 0.001
2025-11-24 05:50:30 [meters] Hex input RMS -> E | 0.002    A | 0.001    D | 0.002    G | 0.001    B | 0.002    e | 0.001
2025-11-24 05:50:30 [meters] Hex input RMS -> E | 0.002    A | 0.002    D | 0.002    G | 0.002    B | 0.002    e | 0.002
2025-11-24 05:50:30 [meters] Hex input RMS -> E | 0.002    A | 0.002    D | 0.002    G | 0.002    B | 0.002    e | 0.002
2025-11-24 05:50:30 [meters] Hex input RMS -> E | 0.001    A | 0.001    D | 0.002    G | 0.001    B | 0.002    e | 0.001
2025-11-24 05:50:30 [meters] Hex input RMS -> E | 0.001    A | 0.001    D | 0.001    G | 0.001    B | 0.001    e | 0.001
2025-11-24 05:50:30 [meters] Hex input RMS -> E | 0.002    A | 0.002    D | 0.002    G | 0.001    B | 0.002    e | 0.002
2025-11-24 05:50:30 [meters] Hex input RMS -> E | 0.002    A | 0.002    D | 0.002    G | 0.002    B | 0.002    e | 0.002
2025-11-24 05:50:30 [meters] Hex input RMS -> E | 0.002    A | 0.002    D | 0.002    G | 0.002    B | 0.002    e | 0.002
2025-11-24 05:50:30 [meters] Hex input RMS -> E | 0.001    A | 0.001    D | 0.001    G | 0.001    B | 0.001    e | 0.001
2025-11-24 05:50:30 [meters] Hex input RMS -> E | 0.001    A | 0.001    D | 0.001    G | 0.001    B | 0.001    e | 0.001
2025-11-24 05:50:30 [meters] Hex input RMS -> E | 0.002    A | 0.002    D | 0.002    G | 0.002    B | 0.002    e | 0.002
2025-11-24 05:50:31 [meters] Hex input RMS -> E | 0.002    A | 0.002    D | 0.002    G | 0.002    B | 0.002    e | 0.002
2025-11-24 05:50:31 [meters] Hex input RMS -> E | 0.002    A | 0.002    D | 0.002    G | 0.002    B | 0.002    e | 0.002
2025-11-24 05:50:31 [meters] Hex input RMS -> E | 0.001    A | 0.001    D | 0.001    G | 0.001    B | 0.001    e | 0.001
2025-11-24 05:50:31 [meters] Hex input RMS -> E | 0.001    A | 0.001    D | 0.001    G | 0.001    B | 0.001    e | 0.001
2025-11-24 05:50:31 [meters] Hex input RMS -> E | 0.002    A | 0.002    D | 0.002    G | 0.002    B | 0.002    e | 0.002
2025-11-24 05:50:31 [meters] Hex input RMS -> E | 0.002    A | 0.002    D | 0.002    G | 0.002    B | 0.002    e | 0.002
2025-11-24 05:50:31 [meters] Hex input RMS -> E | 0.002    A | 0.002    D | 0.002    G | 0.002    B | 0.002    e | 0.001
2025-11-24 05:50:31 [meters] Hex input RMS -> E | 0.001    A | 0.001    D | 0.001    G | 0.001    B | 0.001    e | 0.001
2025-11-24 05:50:31 [meters] Hex input RMS -> E | 0.001    A | 0.001    D | 0.001    G | 0.001    B | 0.001    e | 0.001
2025-11-24 05:50:31 [meters] Hex input RMS -> E | 0.002    A | 0.002    D | 0.002    G | 0.002    B | 0.002    e | 0.002
2025-11-24 05:50:31 [meters] Hex input RMS -> E | 0.002    A | 0.002    D | 0.002    G | 0.002    B | 0.002    e | 0.002
2025-11-24 05:50:31 [meters] Hex input RMS -> E | 0.002    A | 0.001    D | 0.001    G | 0.001    B | 0.002    e | 0.001
2025-11-24 05:50:32 [meters] Hex input RMS -> E | 0.001    A | 0.001    D | 0.001    G | 0.001    B | 0.001    e | 0.001
2025-11-24 05:50:32 [meters] Hex input RMS -> E | 0.002    A | 0.002    D | 0.002    G | 0.002    B | 0.002    e | 0.002
2025-11-24 05:50:32 [meters] Hex input RMS -> E | 0.002    A | 0.002    D | 0.002    G | 0.002    B | 0.002    e | 0.002
2025-11-24 05:50:32 [meters] Hex input RMS -> E | 0.002    A | 0.002    D | 0.002    G | 0.002    B | 0.002    e | 0.002
2025-11-24 05:50:32 [meters] Hex input RMS -> E | 0.001    A | 0.001    D | 0.001    G | 0.001    B | 0.001    e | 0.001
2025-11-24 05:50:32 [meters] Hex input RMS -> E | 0.001    A | 0.001    D | 0.001    G | 0.001    B | 0.001    e | 0.001
2025-11-24 05:50:32 [meters] Hex input RMS -> E | 0.002    A | 0.002    D | 0.002    G | 0.002    B | 0.002    e | 0.002
2025-11-24 05:50:32 [meters] Hex input RMS -> E | 0.002    A | 0.002    D | 0.002    G | 0.002    B | 0.002    e | 0.002
2025-11-24 05:50:32 [meters] Hex input RMS -> E | 0.002    A | 0.002    D | 0.002    G | 0.002    B | 0.002    e | 0.002
2025-11-24 05:50:32 [meters] Hex input RMS -> E | 0.001    A | 0.001    D | 0.001    G | 0.001    B | 0.001    e | 0.001
2025-11-24 05:50:32 [meters] Hex input RMS -> E | 0.001    A | 0.001    D | 0.001    G | 0.001    B | 0.001    e | 0.001
2025-11-24 05:50:32 [meters] Hex input RMS -> E | 0.002    A | 0.002    D | 0.002    G | 0.002    B | 0.002    e | 0.002
2025-11-24 05:50:32 [meters] Hex input RMS -> E | 0.002    A | 0.002    D | 0.002    G | 0.002    B | 0.002    e | 0.002
2025-11-24 05:50:33 [meters] Hex input RMS -> E | 0.002    A | 0.002    D | 0.002    G | 0.002    B | 0.002    e | 0.001
2025-11-24 05:50:33 [meters] Hex input RMS -> E | 0.001    A | 0.001    D | 0.001    G | 0.001    B | 0.001    e | 0.001
2025-11-24 05:50:33 [meters] Hex input RMS -> E | 0.001    A | 0.001    D | 0.002    G | 0.001    B | 0.001    e | 0.001
2025-11-24 05:50:33 [meters] Hex input RMS -> E | 0.002    A | 0.002    D | 0.002    G | 0.002    B | 0.002    e | 0.002
2025-11-24 05:50:33 [meters] Hex input RMS -> E | 0.002    A | 0.002    D | 0.002    G | 0.002    B | 0.002    e | 0.002
2025-11-24 05:50:33 [meters] Hex input RMS -> E | 0.002    A | 0.001    D | 0.002    G | 0.002    B | 0.002    e | 0.001
2025-11-24 05:50:33 [meters] Hex input RMS -> E | 0.001    A | 0.001    D | 0.001    G | 0.001    B | 0.001    e | 0.001
2025-11-24 05:50:33 [meters] Hex input RMS -> E | 0.002    A | 0.002    D | 0.002    G | 0.002    B | 0.002    e | 0.002
2025-11-24 05:50:33 [meters] Hex input RMS -> E | 0.002    A | 0.002    D | 0.002    G | 0.002    B | 0.002    e | 0.002
2025-11-24 05:50:33 [meters] Hex input RMS -> E | 0.002    A | 0.002    D | 0.002    G | 0.002    B | 0.002    e | 0.002
2025-11-24 05:50:33 [meters] Hex input RMS -> E | 0.001    A | 0.001    D | 0.001    G | 0.001    B | 0.001    e | 0.001
2025-11-24 05:50:33 [meters] Hex input RMS -> E | 0.001    A | 0.001    D | 0.001    G | 0.001    B | 0.001    e | 0.001
2025-11-24 05:50:34 [meters] Hex input RMS -> E | 0.002    A | 0.002    D | 0.002    G | 0.002    B | 0.002    e | 0.002
2025-11-24 05:50:34 [meters] Hex input RMS -> E | 0.002    A | 0.002    D | 0.002    G | 0.002    B | 0.002    e | 0.002
2025-11-24 05:50:34 [meters] Hex input RMS -> E | 0.002    A | 0.002    D | 0.002    G | 0.002    B | 0.002    e | 0.002
2025-11-24 05:50:34 [meters] Hex input RMS -> E | 0.001    A | 0.001    D | 0.001    G | 0.001    B | 0.001    e | 0.001
2025-11-24 05:50:34 [meters] Hex input RMS -> E | 0.001    A | 0.001    D | 0.001    G | 0.001    B | 0.001    e | 0.001
2025-11-24 05:50:34 [meters] Hex input RMS -> E | 0.002    A | 0.002    D | 0.002    G | 0.002    B | 0.002    e | 0.002
2025-11-24 05:50:34 [meters] Hex input RMS -> E | 0.002    A | 0.002    D | 0.002    G | 0.002    B | 0.002    e | 0.002
2025-11-24 05:50:34 [meters] Hex input RMS -> E | 0.002    A | 0.002    D | 0.002    G | 0.002    B | 0.002    e | 0.002
2025-11-24 05:50:34 [meters] Hex input RMS -> E | 0.001    A | 0.001    D | 0.001    G | 0.001    B | 0.001    e | 0.001
2025-11-24 05:50:34 [meters] Hex input RMS -> E | 0.001    A | 0.001    D | 0.001    G | 0.001    B | 0.001    e | 0.001
2025-11-24 05:50:34 [meters] Hex input RMS -> E | 0.002    A | 0.002    D | 0.002    G | 0.002    B | 0.002    e | 0.002
2025-11-24 05:50:34 [meters] Hex input RMS -> E | 0.002    A | 0.002    D | 0.002    G | 0.002    B | 0.002    e | 0.002
2025-11-24 05:50:34 [meters] Hex input RMS -> E | 0.002    A | 0.002    D | 0.002    G | 0.001    B | 0.002    e | 0.001
2025-11-24 05:50:35 [meters] Hex input RMS -> E | 0.001    A | 0.001    D | 0.001    G | 0.001    B | 0.001    e | 0.001
2025-11-24 05:50:35 [meters] Hex input RMS -> E | 0.002    A | 0.001    D | 0.002    G | 0.001    B | 0.001    e | 0.001
2025-11-24 05:50:35 [meters] Hex input RMS -> E | 0.002    A | 0.002    D | 0.002    G | 0.002    B | 0.002    e | 0.002
2025-11-24 05:50:35 [meters] Hex input RMS -> E | 0.002    A | 0.002    D | 0.002    G | 0.002    B | 0.002    e | 0.002
2025-11-24 05:50:35 [meters] Hex input RMS -> E | 0.001    A | 0.001    D | 0.001    G | 0.001    B | 0.001    e | 0.001
2025-11-24 05:50:35 [meters] Hex input RMS -> E | 0.001    A | 0.001    D | 0.001    G | 0.001    B | 0.001    e | 0.001
2025-11-24 05:50:35 [meters] Hex input RMS -> E | 0.002    A | 0.002    D | 0.002    G | 0.002    B | 0.002    e | 0.002
2025-11-24 05:50:35 [meters] Hex input RMS -> E | 0.002    A | 0.002    D | 0.002    G | 0.002    B | 0.002    e | 0.002
2025-11-24 05:50:35 [meters] Hex input RMS -> E | 0.002    A | 0.002    D | 0.002    G | 0.002    B | 0.002    e | 0.002
2025-11-24 05:50:35 [meters] Hex input RMS -> E | 0.001    A | 0.001    D | 0.001    G | 0.001    B | 0.001    e | 0.001
2025-11-24 05:50:35 [meters] Hex input RMS -> E | 0.001    A | 0.001    D | 0.001    G | 0.001    B | 0.001    e | 0.001
2025-11-24 05:50:35 [meters] Hex input RMS -> E | 0.002    A | 0.002    D | 0.002    G | 0.002    B | 0.002    e | 0.002
2025-11-24 05:50:36 [meters] Hex input RMS -> E | 0.002    A | 0.002    D | 0.002    G | 0.002    B | 0.002    e | 0.002
2025-11-24 05:50:36 [meters] Hex input RMS -> E | 0.002    A | 0.002    D | 0.002    G | 0.002    B | 0.002    e | 0.001
2025-11-24 05:50:36 [meters] Hex input RMS -> E | 0.001    A | 0.001    D | 0.001    G | 0.001    B | 0.001    e | 0.001
2025-11-24 05:50:36 [meters] Hex input RMS -> E | 0.001    A | 0.001    D | 0.002    G | 0.001    B | 0.001    e | 0.001
2025-11-24 05:50:36 [meters] Hex input RMS -> E | 0.002    A | 0.002    D | 0.002    G | 0.002    B | 0.002    e | 0.002
2025-11-24 05:50:36 [meters] Hex input RMS -> E | 0.002    A | 0.002    D | 0.002    G | 0.002    B | 0.002    e | 0.002
2025-11-24 05:50:36 [meters] Hex input RMS -> E | 0.002    A | 0.001    D | 0.002    G | 0.001    B | 0.002    e | 0.002
2025-11-24 05:50:36 [meters] Hex input RMS -> E | 0.001    A | 0.001    D | 0.001    G | 0.001    B | 0.001    e | 0.001
2025-11-24 05:50:36 [meters] Hex input RMS -> E | 0.002    A | 0.002    D | 0.002    G | 0.002    B | 0.002    e | 0.001
2025-11-24 05:50:36 [meters] Hex input RMS -> E | 0.002    A | 0.002    D | 0.002    G | 0.002    B | 0.002    e | 0.002
2025-11-24 05:50:36 [meters] Hex input RMS -> E | 0.002    A | 0.002    D | 0.002    G | 0.002    B | 0.002    e | 0.002
2025-11-24 05:50:36 [meters] Hex input RMS -> E | 0.001    A | 0.001    D | 0.001    G | 0.001    B | 0.001    e | 0.001
2025-11-24 05:50:36 [meters] Hex input RMS -> E | 0.001    A | 0.001    D | 0.001    G | 0.001    B | 0.001    e | 0.001
2025-11-24 05:50:37 [meters] Hex input RMS -> E | 0.002    A | 0.002    D | 0.002    G | 0.002    B | 0.002    e | 0.002
2025-11-24 05:50:37 [meters] Hex input RMS -> E | 0.002    A | 0.002    D | 0.002    G | 0.002    B | 0.002    e | 0.002
2025-11-24 05:50:37 [meters] Hex input RMS -> E | 0.002    A | 0.002    D | 0.002    G | 0.002    B | 0.002    e | 0.002
2025-11-24 05:50:37 [meters] Hex input RMS -> E | 0.001    A | 0.001    D | 0.001    G | 0.001    B | 0.001    e | 0.001
2025-11-24 05:50:37 [meters] Hex input RMS -> E | 0.001    A | 0.001    D | 0.001    G | 0.001    B | 0.001    e | 0.001
2025-11-24 05:50:37 [meters] Hex input RMS -> E | 0.002    A | 0.002    D | 0.002    G | 0.002    B | 0.002    e | 0.002
2025-11-24 05:50:37 [meters] Hex input RMS -> E | 0.002    A | 0.002    D | 0.002    G | 0.002    B | 0.002    e | 0.002
2025-11-24 05:50:37 [meters] Hex input RMS -> E | 0.002    A | 0.002    D | 0.002    G | 0.002    B | 0.002    e | 0.002
2025-11-24 05:50:37 [meters] Hex input RMS -> E | 0.001    A | 0.001    D | 0.001    G | 0.001    B | 0.001    e | 0.001
2025-11-24 05:50:37 [meters] Hex input RMS -> E | 0.001    A | 0.001    D | 0.001    G | 0.001    B | 0.001    e | 0.001
2025-11-24 05:50:37 [meters] Hex input RMS -> E | 0.002    A | 0.002    D | 0.002    G | 0.002    B | 0.002    e | 0.002
2025-11-24 05:50:37 [meters] Hex input RMS -> E | 0.002    A | 0.002    D | 0.002    G | 0.002    B | 0.002    e | 0.002
2025-11-24 05:50:38 [meters] Hex input RMS -> E | 0.002    A | 0.002    D | 0.002    G | 0.002    B | 0.002    e | 0.001
2025-11-24 05:50:38 [meters] Hex input RMS -> E | 0.001    A | 0.001    D | 0.001    G | 0.001    B | 0.001    e | 0.001
2025-11-24 05:50:38 [meters] Hex input RMS -> E | 0.002    A | 0.001    D | 0.002    G | 0.001    B | 0.002    e | 0.001
2025-11-24 05:50:38 [meters] Hex input RMS -> E | 0.002    A | 0.002    D | 0.002    G | 0.002    B | 0.002    e | 0.002
2025-11-24 05:50:38 [meters] Hex input RMS -> E | 0.002    A | 0.002    D | 0.002    G | 0.002    B | 0.002    e | 0.002
2025-11-24 05:50:38 [meters] Hex input RMS -> E | 0.001    A | 0.001    D | 0.001    G | 0.001    B | 0.001    e | 0.001
2025-11-24 05:50:38 [meters] Hex input RMS -> E | 0.001    A | 0.001    D | 0.001    G | 0.001    B | 0.001    e | 0.001
2025-11-24 05:50:38 [meters] Hex input RMS -> E | 0.002    A | 0.002    D | 0.002    G | 0.002    B | 0.002    e | 0.002
2025-11-24 05:50:38 [meters] Hex input RMS -> E | 0.002    A | 0.002    D | 0.002    G | 0.002    B | 0.002    e | 0.002
2025-11-24 05:50:38 [meters] Hex input RMS -> E | 0.002    A | 0.002    D | 0.002    G | 0.002    B | 0.002    e | 0.002
2025-11-24 05:50:38 [meters] Hex input RMS -> E | 0.001    A | 0.001    D | 0.001    G | 0.001    B | 0.001    e | 0.001
2025-11-24 05:50:38 [meters] Hex input RMS -> E | 0.001    A | 0.001    D | 0.001    G | 0.001    B | 0.001    e | 0.001
2025-11-24 05:50:38 [meters] Hex input RMS -> E | 0.002    A | 0.002    D | 0.002    G | 0.002    B | 0.002    e | 0.002
2025-11-24 05:50:39 [meters] Hex input RMS -> E | 0.002    A | 0.002    D | 0.002    G | 0.002    B | 0.002    e | 0.002
2025-11-24 05:50:39 [meters] Hex input RMS -> E | 0.002    A | 0.002    D | 0.002    G | 0.002    B | 0.002    e | 0.002
2025-11-24 05:50:39 [meters] Hex input RMS -> E | 0.001    A | 0.001    D | 0.001    G | 0.001    B | 0.001    e | 0.001
2025-11-24 05:50:39 [meters] Hex input RMS -> E | 0.001    A | 0.001    D | 0.001    G | 0.001    B | 0.001    e | 0.001
2025-11-24 05:50:39 [meters] Hex input RMS -> E | 0.002    A | 0.002    D | 0.002    G | 0.002    B | 0.002    e | 0.002
2025-11-24 05:50:39 [meters] Hex input RMS -> E | 0.002    A | 0.002    D | 0.002    G | 0.002    B | 0.002    e | 0.002
2025-11-24 05:50:39 [meters] Hex input RMS -> E | 0.002    A | 0.002    D | 0.002    G | 0.002    B | 0.002    e | 0.001
2025-11-24 05:50:39 [meters] Hex input RMS -> E | 0.001    A | 0.001    D | 0.001    G | 0.001    B | 0.001    e | 0.001
2025-11-24 05:50:39 [meters] Hex input RMS -> E | 0.001    A | 0.001    D | 0.002    G | 0.001    B | 0.001    e | 0.001
2025-11-24 05:50:39 [meters] Hex input RMS -> E | 0.002    A | 0.002    D | 0.002    G | 0.002    B | 0.002    e | 0.002
2025-11-24 05:50:39 [meters] Hex input RMS -> E | 0.002    A | 0.002    D | 0.002    G | 0.002    B | 0.002    e | 0.002
2025-11-24 05:50:39 [meters] Hex input RMS -> E | 0.001    A | 0.001    D | 0.002    G | 0.001    B | 0.001    e | 0.001
2025-11-24 05:50:40 [meters] Hex input RMS -> E | 0.001    A | 0.001    D | 0.001    G | 0.001    B | 0.001    e | 0.001
2025-11-24 05:50:40 [meters] Hex input RMS -> E | 0.002    A | 0.002    D | 0.002    G | 0.002    B | 0.002    e | 0.002
2025-11-24 05:50:40 [meters] Hex input RMS -> E | 0.002    A | 0.002    D | 0.002    G | 0.002    B | 0.002    e | 0.002
2025-11-24 05:50:40 [meters] Hex input RMS -> E | 0.002    A | 0.002    D | 0.002    G | 0.002    B | 0.002    e | 0.002
2025-11-24 05:50:40 [meters] Hex input RMS -> E | 0.001    A | 0.001    D | 0.001    G | 0.001    B | 0.001    e | 0.001
2025-11-24 05:50:40 [meters] Hex input RMS -> E | 0.001    A | 0.001    D | 0.001    G | 0.001    B | 0.001    e | 0.001
2025-11-24 05:50:40 [meters] Hex input RMS -> E | 0.002    A | 0.002    D | 0.002    G | 0.002    B | 0.002    e | 0.002
2025-11-24 05:50:40 [meters] Hex input RMS -> E | 0.002    A | 0.002    D | 0.002    G | 0.002    B | 0.002    e | 0.002
2025-11-24 05:50:40 [meters] Hex input RMS -> E | 0.002    A | 0.002    D | 0.002    G | 0.002    B | 0.002    e | 0.002
2025-11-24 05:50:40 [meters] Hex input RMS -> E | 0.001    A | 0.001    D | 0.001    G | 0.001    B | 0.001    e | 0.001
2025-11-24 05:50:40 [meters] Hex input RMS -> E | 0.001    A | 0.001    D | 0.001    G | 0.001    B | 0.001    e | 0.001
2025-11-24 05:50:40 [meters] Hex input RMS -> E | 0.002    A | 0.002    D | 0.002    G | 0.002    B | 0.002    e | 0.002
2025-11-24 05:50:40 [meters] Hex input RMS -> E | 0.002    A | 0.002    D | 0.002    G | 0.002    B | 0.002    e | 0.002
2025-11-24 05:50:41 [meters] Hex input RMS -> E | 0.002    A | 0.002    D | 0.002    G | 0.002    B | 0.002    e | 0.001
2025-11-24 05:50:41 [meters] Hex input RMS -> E | 0.001    A | 0.001    D | 0.001    G | 0.001    B | 0.001    e | 0.001
2025-11-24 05:50:41 [meters] Hex input RMS -> E | 0.001    A | 0.001    D | 0.002    G | 0.002    B | 0.001    e | 0.001
2025-11-24 05:50:41 [meters] Hex input RMS -> E | 0.002    A | 0.002    D | 0.002    G | 0.002    B | 0.002    e | 0.002
2025-11-24 05:50:41 [meters] Hex input RMS -> E | 0.002    A | 0.002    D | 0.002    G | 0.002    B | 0.002    e | 0.002
2025-11-24 05:50:41 [meters] Hex input RMS -> E | 0.001    A | 0.001    D | 0.001    G | 0.001    B | 0.001    e | 0.001
2025-11-24 05:50:41 [meters] Hex input RMS -> E | 0.001    A | 0.001    D | 0.001    G | 0.001    B | 0.001    e | 0.001
2025-11-24 05:50:41 [meters] Hex input RMS -> E | 0.002    A | 0.002    D | 0.002    G | 0.002    B | 0.002    e | 0.002
2025-11-24 05:50:41 [meters] Hex input RMS -> E | 0.002    A | 0.002    D | 0.002    G | 0.002    B | 0.002    e | 0.002
2025-11-24 05:50:41 [meters] Hex input RMS -> E | 0.002    A | 0.002    D | 0.002    G | 0.002    B | 0.002    e | 0.002
2025-11-24 05:50:41 [meters] Hex input RMS -> E | 0.001    A | 0.001    D | 0.001    G | 0.001    B | 0.001    e | 0.001
2025-11-24 05:50:41 [meters] Hex input RMS -> E | 0.001    A | 0.001    D | 0.001    G | 0.001    B | 0.001    e | 0.001
2025-11-24 05:50:42 [meters] Hex input RMS -> E | 0.002    A | 0.002    D | 0.002    G | 0.002    B | 0.002    e | 0.002
2025-11-24 05:50:42 [meters] Hex input RMS -> E | 0.002    A | 0.002    D | 0.002    G | 0.002    B | 0.002    e | 0.002
2025-11-24 05:50:42 [meters] Hex input RMS -> E | 0.002    A | 0.002    D | 0.002    G | 0.002    B | 0.002    e | 0.002
2025-11-24 05:50:42 [meters] Hex input RMS -> E | 0.001    A | 0.001    D | 0.001    G | 0.001    B | 0.001    e | 0.001
2025-11-24 05:50:42 [meters] Hex input RMS -> E | 0.001    A | 0.001    D | 0.001    G | 0.001    B | 0.001    e | 0.001
2025-11-24 05:50:42 [meters] Hex input RMS -> E | 0.002    A | 0.002    D | 0.002    G | 0.002    B | 0.002    e | 0.002
2025-11-24 05:50:42 [meters] Hex input RMS -> E | 0.002    A | 0.002    D | 0.002    G | 0.002    B | 0.002    e | 0.002
2025-11-24 05:50:42 [meters] Hex input RMS -> E | 0.002    A | 0.002    D | 0.002    G | 0.002    B | 0.002    e | 0.002
2025-11-24 05:50:42 [meters] Hex input RMS -> E | 0.001    A | 0.001    D | 0.001    G | 0.001    B | 0.001    e | 0.001
2025-11-24 05:50:42 [meters] Hex input RMS -> E | 0.001    A | 0.001    D | 0.001    G | 0.001    B | 0.001    e | 0.001
2025-11-24 05:50:42 [meters] Hex input RMS -> E | 0.002    A | 0.002    D | 0.002    G | 0.002    B | 0.002    e | 0.002
2025-11-24 05:50:42 [meters] Hex input RMS -> E | 0.002    A | 0.002    D | 0.002    G | 0.002    B | 0.002    e | 0.002
2025-11-24 05:50:42 [meters] Hex input RMS -> E | 0.001    A | 0.001    D | 0.002    G | 0.002    B | 0.002    e | 0.001
2025-11-24 05:50:43 [meters] Hex input RMS -> E | 0.001    A | 0.001    D | 0.001    G | 0.001    B | 0.001    e | 0.001
2025-11-24 05:50:43 [meters] Hex input RMS -> E | 0.002    A | 0.002    D | 0.002    G | 0.002    B | 0.002    e | 0.002
2025-11-24 05:50:43 [meters] Hex input RMS -> E | 0.002    A | 0.002    D | 0.002    G | 0.002    B | 0.002    e | 0.002
2025-11-24 05:50:43 [meters] Hex input RMS -> E | 0.002    A | 0.002    D | 0.002    G | 0.002    B | 0.002    e | 0.002
2025-11-24 05:50:43 [meters] Hex input RMS -> E | 0.001    A | 0.001    D | 0.001    G | 0.001    B | 0.001    e | 0.001
2025-11-24 05:50:43 [meters] Hex input RMS -> E | 0.001    A | 0.001    D | 0.001    G | 0.001    B | 0.001    e | 0.001
2025-11-24 05:50:43 [meters] Hex input RMS -> E | 0.002    A | 0.002    D | 0.002    G | 0.002    B | 0.002    e | 0.002
2025-11-24 05:50:43 [meters] Hex input RMS -> E | 0.002    A | 0.002    D | 0.002    G | 0.002    B | 0.002    e | 0.002
2025-11-24 05:50:43 [meters] Hex input RMS -> E | 0.002    A | 0.002    D | 0.002    G | 0.002    B | 0.002    e | 0.002
2025-11-24 05:50:43 [meters] Hex input RMS -> E | 0.001    A | 0.001    D | 0.001    G | 0.001    B | 0.001    e | 0.001
2025-11-24 05:50:43 [meters] Hex input RMS -> E | 0.001    A | 0.001    D | 0.001    G | 0.001    B | 0.001    e | 0.001
2025-11-24 05:50:43 [meters] Hex input RMS -> E | 0.002    A | 0.002    D | 0.002    G | 0.002    B | 0.002    e | 0.002
2025-11-24 05:50:44 [meters] Hex input RMS -> E | 0.002    A | 0.002    D | 0.002    G | 0.002    B | 0.002    e | 0.002
2025-11-24 05:50:44 [meters] Hex input RMS -> E | 0.002    A | 0.002    D | 0.002    G | 0.002    B | 0.002    e | 0.002
2025-11-24 05:50:44 [meters] Hex input RMS -> E | 0.001    A | 0.001    D | 0.001    G | 0.001    B | 0.001    e | 0.001
2025-11-24 05:50:44 [meters] Hex input RMS -> E | 0.001    A | 0.001    D | 0.001    G | 0.001    B | 0.002    e | 0.001
2025-11-24 05:50:44 [meters] Hex input RMS -> E | 0.002    A | 0.002    D | 0.002    G | 0.002    B | 0.002    e | 0.002
2025-11-24 05:50:44 [meters] Hex input RMS -> E | 0.002    A | 0.002    D | 0.002    G | 0.002    B | 0.002    e | 0.002
2025-11-24 05:50:44 [meters] Hex input RMS -> E | 0.001    A | 0.001    D | 0.002    G | 0.002    B | 0.001    e | 0.001
2025-11-24 05:50:44 [meters] Hex input RMS -> E | 0.001    A | 0.001    D | 0.001    G | 0.001    B | 0.001    e | 0.001
2025-11-24 05:50:44 [meters] Hex input RMS -> E | 0.002    A | 0.002    D | 0.002    G | 0.002    B | 0.001    e | 0.002
2025-11-24 05:50:44 [meters] Hex input RMS -> E | 0.002    A | 0.002    D | 0.002    G | 0.002    B | 0.002    e | 0.002
2025-11-24 05:50:44 [meters] Hex input RMS -> E | 0.002    A | 0.002    D | 0.002    G | 0.002    B | 0.002    e | 0.002
2025-11-24 05:50:44 [meters] Hex input RMS -> E | 0.001    A | 0.001    D | 0.001    G | 0.001    B | 0.001    e | 0.001
2025-11-24 05:50:44 [meters] Hex input RMS -> E | 0.001    A | 0.001    D | 0.001    G | 0.001    B | 0.001    e | 0.001
2025-11-24 05:50:45 [meters] Hex input RMS -> E | 0.002    A | 0.002    D | 0.002    G | 0.002    B | 0.002    e | 0.002
2025-11-24 05:50:45 [meters] Hex input RMS -> E | 0.002    A | 0.002    D | 0.002    G | 0.002    B | 0.002    e | 0.002
2025-11-24 05:50:45 [meters] Hex input RMS -> E | 0.002    A | 0.002    D | 0.002    G | 0.002    B | 0.002    e | 0.002
2025-11-24 05:50:45 [meters] Hex input RMS -> E | 0.001    A | 0.001    D | 0.001    G | 0.001    B | 0.001    e | 0.001
2025-11-24 05:50:45 [meters] Hex input RMS -> E | 0.001    A | 0.001    D | 0.001    G | 0.001    B | 0.001    e | 0.001
2025-11-24 05:50:45 [meters] Hex input RMS -> E | 0.002    A | 0.002    D | 0.002    G | 0.002    B | 0.002    e | 0.002
2025-11-24 05:50:45 [meters] Hex input RMS -> E | 0.002    A | 0.002    D | 0.002    G | 0.002    B | 0.002    e | 0.002
2025-11-24 05:50:45 [meters] Hex input RMS -> E | 0.002    A | 0.002    D | 0.002    G | 0.002    B | 0.002    e | 0.001
2025-11-24 05:50:45 [meters] Hex input RMS -> E | 0.001    A | 0.001    D | 0.001    G | 0.001    B | 0.001    e | 0.001
2025-11-24 05:50:45 [meters] Hex input RMS -> E | 0.001    A | 0.001    D | 0.002    G | 0.001    B | 0.001    e | 0.001
2025-11-24 05:50:45 [meters] Hex input RMS -> E | 0.002    A | 0.002    D | 0.002    G | 0.002    B | 0.002    e | 0.002
2025-11-24 05:50:45 [meters] Hex input RMS -> E | 0.002    A | 0.002    D | 0.002    G | 0.002    B | 0.002    e | 0.002
2025-11-24 05:50:46 [meters] Hex input RMS -> E | 0.001    A | 0.001    D | 0.002    G | 0.001    B | 0.001    e | 0.001
2025-11-24 05:50:46 [meters] Hex input RMS -> E | 0.001    A | 0.001    D | 0.001    G | 0.001    B | 0.001    e | 0.001
2025-11-24 05:50:46 [meters] Hex input RMS -> E | 0.002    A | 0.002    D | 0.002    G | 0.002    B | 0.002    e | 0.002
2025-11-24 05:50:46 [meters] Hex input RMS -> E | 0.002    A | 0.002    D | 0.002    G | 0.002    B | 0.002    e | 0.002
2025-11-24 05:50:46 [meters] Hex input RMS -> E | 0.002    A | 0.002    D | 0.002    G | 0.002    B | 0.002    e | 0.002
2025-11-24 05:50:46 [meters] Hex input RMS -> E | 0.001    A | 0.001    D | 0.001    G | 0.001    B | 0.001    e | 0.001
2025-11-24 05:50:46 [meters] Hex input RMS -> E | 0.001    A | 0.001    D | 0.001    G | 0.001    B | 0.001    e | 0.001
2025-11-24 05:50:46 [meters] Hex input RMS -> E | 0.002    A | 0.002    D | 0.002    G | 0.002    B | 0.002    e | 0.002
2025-11-24 05:50:46 [meters] Hex input RMS -> E | 0.002    A | 0.002    D | 0.002    G | 0.002    B | 0.002    e | 0.002
2025-11-24 05:50:46 [meters] Hex input RMS -> E | 0.002    A | 0.002    D | 0.002    G | 0.002    B | 0.002    e | 0.002
2025-11-24 05:50:46 [meters] Hex input RMS -> E | 0.001    A | 0.001    D | 0.001    G | 0.001    B | 0.001    e | 0.001
2025-11-24 05:50:46 [meters] Hex input RMS -> E | 0.001    A | 0.001    D | 0.001    G | 0.001    B | 0.001    e | 0.001
2025-11-24 05:50:46 [meters] Hex input RMS -> E | 0.002    A | 0.002    D | 0.002    G | 0.002    B | 0.002    e | 0.002
2025-11-24 05:50:47 [meters] Hex input RMS -> E | 0.002    A | 0.002    D | 0.002    G | 0.002    B | 0.002    e | 0.002
2025-11-24 05:50:47 [meters] Hex input RMS -> E | 0.002    A | 0.002    D | 0.002    G | 0.002    B | 0.002    e | 0.002
2025-11-24 05:50:47 [meters] Hex input RMS -> E | 0.001    A | 0.001    D | 0.001    G | 0.001    B | 0.001    e | 0.001
2025-11-24 05:50:47 [meters] Hex input RMS -> E | 0.001    A | 0.001    D | 0.002    G | 0.001    B | 0.001    e | 0.001
2025-11-24 05:50:47 [meters] Hex input RMS -> E | 0.002    A | 0.002    D | 0.002    G | 0.002    B | 0.002    e | 0.002
2025-11-24 05:50:47 [meters] Hex input RMS -> E | 0.002    A | 0.002    D | 0.002    G | 0.002    B | 0.002    e | 0.002
2025-11-24 05:50:47 [meters] Hex input RMS -> E | 0.002    A | 0.002    D | 0.002    G | 0.002    B | 0.001    e | 0.001
2025-11-24 05:50:47 [meters] Hex input RMS -> E | 0.001    A | 0.001    D | 0.001    G | 0.001    B | 0.001    e | 0.001
2025-11-24 05:50:47 [meters] Hex input RMS -> E | 0.002    A | 0.002    D | 0.002    G | 0.001    B | 0.001    e | 0.001
2025-11-24 05:50:47 [meters] Hex input RMS -> E | 0.002    A | 0.002    D | 0.002    G | 0.002    B | 0.002    e | 0.002
2025-11-24 05:50:47 [meters] Hex input RMS -> E | 0.002    A | 0.002    D | 0.002    G | 0.002    B | 0.002    e | 0.002
2025-11-24 05:50:47 [meters] Hex input RMS -> E | 0.001    A | 0.001    D | 0.001    G | 0.001    B | 0.001    e | 0.001
2025-11-24 05:50:48 [meters] Hex input RMS -> E | 0.001    A | 0.001    D | 0.001    G | 0.001    B | 0.001    e | 0.001
2025-11-24 05:50:48 [meters] Hex input RMS -> E | 0.002    A | 0.002    D | 0.002    G | 0.002    B | 0.002    e | 0.002
2025-11-24 05:50:48 [meters] Hex input RMS -> E | 0.002    A | 0.002    D | 0.002    G | 0.002    B | 0.002    e | 0.002
2025-11-24 05:50:48 [meters] Hex input RMS -> E | 0.002    A | 0.002    D | 0.002    G | 0.002    B | 0.002    e | 0.002
2025-11-24 05:50:48 [meters] Hex input RMS -> E | 0.001    A | 0.001    D | 0.001    G | 0.001    B | 0.001    e | 0.001
2025-11-24 05:50:48 [meters] Hex input RMS -> E | 0.001    A | 0.001    D | 0.001    G | 0.001    B | 0.001    e | 0.001
2025-11-24 05:50:48 [meters] Hex input RMS -> E | 0.002    A | 0.002    D | 0.002    G | 0.002    B | 0.002    e | 0.002
2025-11-24 05:50:48 [meters] Hex input RMS -> E | 0.002    A | 0.002    D | 0.002    G | 0.002    B | 0.002    e | 0.002
2025-11-24 05:50:48 [meters] Hex input RMS -> E | 0.002    A | 0.002    D | 0.002    G | 0.002    B | 0.002    e | 0.002
2025-11-24 05:50:48 [meters] Hex input RMS -> E | 0.001    A | 0.001    D | 0.001    G | 0.001    B | 0.001    e | 0.001
2025-11-24 05:50:48 [meters] Hex input RMS -> E | 0.001    A | 0.001    D | 0.001    G | 0.001    B | 0.001    e | 0.001
2025-11-24 05:50:48 [meters] Hex input RMS -> E | 0.002    A | 0.002    D | 0.002    G | 0.002    B | 0.002    e | 0.002
2025-11-24 05:50:48 [meters] Hex input RMS -> E | 0.002    A | 0.002    D | 0.002    G | 0.002    B | 0.002    e | 0.002
2025-11-24 05:50:49 [meters] Hex input RMS -> E | 0.002    A | 0.001    D | 0.002    G | 0.001    B | 0.001    e | 0.001
2025-11-24 05:50:49 [meters] Hex input RMS -> E | 0.001    A | 0.001    D | 0.001    G | 0.001    B | 0.001    e | 0.001
2025-11-24 05:50:49 [meters] Hex input RMS -> E | 0.002    A | 0.002    D | 0.002    G | 0.001    B | 0.002    e | 0.002
2025-11-24 05:50:49 [meters] Hex input RMS -> E | 0.002    A | 0.002    D | 0.002    G | 0.002    B | 0.002    e | 0.002
2025-11-24 05:50:49 [meters] Hex input RMS -> E | 0.002    A | 0.002    D | 0.002    G | 0.002    B | 0.002    e | 0.002
2025-11-24 05:50:49 [meters] Hex input RMS -> E | 0.001    A | 0.001    D | 0.001    G | 0.001    B | 0.001    e | 0.001
2025-11-24 05:50:49 [meters] Hex input RMS -> E | 0.001    A | 0.001    D | 0.001    G | 0.001    B | 0.001    e | 0.001
2025-11-24 05:50:49 [meters] Hex input RMS -> E | 0.002    A | 0.002    D | 0.002    G | 0.002    B | 0.002    e | 0.002
2025-11-24 05:50:49 [meters] Hex input RMS -> E | 0.002    A | 0.002    D | 0.002    G | 0.002    B | 0.002    e | 0.002
2025-11-24 05:50:49 [meters] Hex input RMS -> E | 0.002    A | 0.002    D | 0.002    G | 0.002    B | 0.002    e | 0.002
2025-11-24 05:50:49 [meters] Hex input RMS -> E | 0.001    A | 0.001    D | 0.001    G | 0.001    B | 0.001    e | 0.001
2025-11-24 05:50:49 [meters] Hex input RMS -> E | 0.001    A | 0.001    D | 0.001    G | 0.001    B | 0.001    e | 0.001
2025-11-24 05:50:50 [meters] Hex input RMS -> E | 0.002    A | 0.002    D | 0.002    G | 0.002    B | 0.002    e | 0.002
2025-11-24 05:50:50 [meters] Hex input RMS -> E | 0.002    A | 0.002    D | 0.002    G | 0.002    B | 0.002    e | 0.002
2025-11-24 05:50:50 [meters] Hex input RMS -> E | 0.002    A | 0.002    D | 0.002    G | 0.002    B | 0.002    e | 0.001
2025-11-24 05:50:50 [meters] Hex input RMS -> E | 0.001    A | 0.001    D | 0.001    G | 0.001    B | 0.001    e | 0.001
2025-11-24 05:50:50 [meters] Hex input RMS -> E | 0.001    A | 0.001    D | 0.001    G | 0.001    B | 0.001    e | 0.001
2025-11-24 05:50:50 [meters] Hex input RMS -> E | 0.002    A | 0.002    D | 0.002    G | 0.002    B | 0.002    e | 0.002
2025-11-24 05:50:50 [meters] Hex input RMS -> E | 0.002    A | 0.002    D | 0.002    G | 0.002    B | 0.002    e | 0.002
2025-11-24 05:50:50 [meters] Hex input RMS -> E | 0.002    A | 0.002    D | 0.002    G | 0.002    B | 0.002    e | 0.001
2025-11-24 05:50:50 [meters] Hex input RMS -> E | 0.001    A | 0.001    D | 0.001    G | 0.001    B | 0.001    e | 0.001
2025-11-24 05:50:50 [meters] Hex input RMS -> E | 0.002    A | 0.001    D | 0.002    G | 0.001    B | 0.001    e | 0.001
2025-11-24 05:50:50 [meters] Hex input RMS -> E | 0.002    A | 0.002    D | 0.002    G | 0.002    B | 0.002    e | 0.002
2025-11-24 05:50:50 [meters] Hex input RMS -> E | 0.002    A | 0.002    D | 0.002    G | 0.002    B | 0.002    e | 0.002
2025-11-24 05:50:50 [meters] Hex input RMS -> E | 0.001    A | 0.001    D | 0.002    G | 0.001    B | 0.001    e | 0.001
2025-11-24 05:50:51 [meters] Hex input RMS -> E | 0.001    A | 0.001    D | 0.001    G | 0.001    B | 0.001    e | 0.001
2025-11-24 05:50:51 [meters] Hex input RMS -> E | 0.002    A | 0.002    D | 0.002    G | 0.002    B | 0.002    e | 0.002
2025-11-24 05:50:51 [meters] Hex input RMS -> E | 0.002    A | 0.002    D | 0.002    G | 0.002    B | 0.002    e | 0.002
2025-11-24 05:50:51 [meters] Hex input RMS -> E | 0.002    A | 0.002    D | 0.002    G | 0.002    B | 0.002    e | 0.002
2025-11-24 05:50:51 [meters] Hex input RMS -> E | 0.001    A | 0.001    D | 0.001    G | 0.001    B | 0.001    e | 0.001
2025-11-24 05:50:51 [meters] Hex input RMS -> E | 0.001    A | 0.001    D | 0.001    G | 0.001    B | 0.001    e | 0.001
2025-11-24 05:50:51 [meters] Hex input RMS -> E | 0.002    A | 0.002    D | 0.002    G | 0.002    B | 0.002    e | 0.002
2025-11-24 05:50:51 [meters] Hex input RMS -> E | 0.002    A | 0.002    D | 0.002    G | 0.002    B | 0.002    e | 0.002
2025-11-24 05:50:51 [meters] Hex input RMS -> E | 0.002    A | 0.002    D | 0.002    G | 0.002    B | 0.002    e | 0.002
2025-11-24 05:50:51 [meters] Hex input RMS -> E | 0.001    A | 0.001    D | 0.001    G | 0.001    B | 0.001    e | 0.001
2025-11-24 05:50:51 [meters] Hex input RMS -> E | 0.001    A | 0.001    D | 0.001    G | 0.001    B | 0.001    e | 0.001
2025-11-24 05:50:51 [meters] Hex input RMS -> E | 0.002    A | 0.002    D | 0.002    G | 0.002    B | 0.002    e | 0.002
2025-11-24 05:50:52 [meters] Hex input RMS -> E | 0.002    A | 0.002    D | 0.002    G | 0.002    B | 0.002    e | 0.002
2025-11-24 05:50:52 [meters] Hex input RMS -> E | 0.002    A | 0.002    D | 0.002    G | 0.001    B | 0.002    e | 0.001
2025-11-24 05:50:52 [meters] Hex input RMS -> E | 0.001    A | 0.001    D | 0.001    G | 0.001    B | 0.001    e | 0.001
2025-11-24 05:50:52 [meters] Hex input RMS -> E | 0.002    A | 0.002    D | 0.001    G | 0.002    B | 0.002    e | 0.001
2025-11-24 05:50:52 [meters] Hex input RMS -> E | 0.002    A | 0.002    D | 0.002    G | 0.002    B | 0.002    e | 0.002
2025-11-24 05:50:52 [meters] Hex input RMS -> E | 0.002    A | 0.002    D | 0.002    G | 0.002    B | 0.002    e | 0.002
2025-11-24 05:50:52 [meters] Hex input RMS -> E | 0.001    A | 0.001    D | 0.001    G | 0.001    B | 0.001    e | 0.001
2025-11-24 05:50:52 [meters] Hex input RMS -> E | 0.001    A | 0.001    D | 0.001    G | 0.001    B | 0.001    e | 0.001
2025-11-24 05:50:52 [meters] Hex input RMS -> E | 0.002    A | 0.002    D | 0.002    G | 0.002    B | 0.002    e | 0.002
2025-11-24 05:50:52 [meters] Hex input RMS -> E | 0.002    A | 0.002    D | 0.002    G | 0.002    B | 0.002    e | 0.002
2025-11-24 05:50:52 [meters] Hex input RMS -> E | 0.002    A | 0.002    D | 0.002    G | 0.002    B | 0.002    e | 0.002
2025-11-24 05:50:52 [meters] Hex input RMS -> E | 0.001    A | 0.001    D | 0.001    G | 0.001    B | 0.001    e | 0.001
2025-11-24 05:50:52 [meters] Hex input RMS -> E | 0.001    A | 0.001    D | 0.001    G | 0.001    B | 0.001    e | 0.001
2025-11-24 05:50:53 [meters] Hex input RMS -> E | 0.002    A | 0.002    D | 0.002    G | 0.002    B | 0.002    e | 0.002
2025-11-24 05:50:53 [meters] Hex input RMS -> E | 0.002    A | 0.002    D | 0.002    G | 0.002    B | 0.002    e | 0.002
2025-11-24 05:50:53 [meters] Hex input RMS -> E | 0.002    A | 0.002    D | 0.002    G | 0.002    B | 0.002    e | 0.002
2025-11-24 05:50:53 [meters] Hex input RMS -> E | 0.001    A | 0.001    D | 0.001    G | 0.001    B | 0.001    e | 0.001
2025-11-24 05:50:53 [meters] Hex input RMS -> E | 0.001    A | 0.001    D | 0.001    G | 0.001    B | 0.001    e | 0.001
2025-11-24 05:50:53 [meters] Hex input RMS -> E | 0.002    A | 0.002    D | 0.002    G | 0.002    B | 0.002    e | 0.002
2025-11-24 05:50:53 [meters] Hex input RMS -> E | 0.002    A | 0.002    D | 0.002    G | 0.002    B | 0.002    e | 0.002
2025-11-24 05:50:53 [meters] Hex input RMS -> E | 0.002    A | 0.002    D | 0.002    G | 0.001    B | 0.001    e | 0.001
2025-11-24 05:50:53 [meters] Hex input RMS -> E | 0.001    A | 0.001    D | 0.001    G | 0.001    B | 0.001    e | 0.001
2025-11-24 05:50:53 [meters] Hex input RMS -> E | 0.002    A | 0.001    D | 0.001    G | 0.002    B | 0.001    e | 0.001
2025-11-24 05:50:53 [meters] Hex input RMS -> E | 0.002    A | 0.002    D | 0.002    G | 0.002    B | 0.002    e | 0.002
2025-11-24 05:50:53 [meters] Hex input RMS -> E | 0.002    A | 0.002    D | 0.002    G | 0.002    B | 0.002    e | 0.002
2025-11-24 05:50:54 [meters] Hex input RMS -> E | 0.001    A | 0.001    D | 0.001    G | 0.001    B | 0.001    e | 0.001
2025-11-24 05:50:54 [meters] Hex input RMS -> E | 0.001    A | 0.001    D | 0.001    G | 0.001    B | 0.001    e | 0.001
2025-11-24 05:50:54 [meters] Hex input RMS -> E | 0.002    A | 0.002    D | 0.002    G | 0.002    B | 0.002    e | 0.002
2025-11-24 05:50:54 [meters] Hex input RMS -> E | 0.002    A | 0.002    D | 0.002    G | 0.002    B | 0.002    e | 0.002
2025-11-24 05:50:54 [meters] Hex input RMS -> E | 0.002    A | 0.002    D | 0.002    G | 0.002    B | 0.002    e | 0.002
2025-11-24 05:50:54 [meters] Hex input RMS -> E | 0.001    A | 0.001    D | 0.001    G | 0.001    B | 0.001    e | 0.001
2025-11-24 05:50:54 [meters] Hex input RMS -> E | 0.001    A | 0.001    D | 0.001    G | 0.001    B | 0.001    e | 0.001
2025-11-24 05:50:54 [meters] Hex input RMS -> E | 0.002    A | 0.002    D | 0.002    G | 0.002    B | 0.002    e | 0.002
2025-11-24 05:50:54 [meters] Hex input RMS -> E | 0.002    A | 0.002    D | 0.002    G | 0.002    B | 0.002    e | 0.002
2025-11-24 05:50:54 [meters] Hex input RMS -> E | 0.002    A | 0.002    D | 0.002    G | 0.002    B | 0.002    e | 0.002
2025-11-24 05:50:54 [meters] Hex input RMS -> E | 0.001    A | 0.001    D | 0.001    G | 0.001    B | 0.001    e | 0.001
2025-11-24 05:50:54 [meters] Hex input RMS -> E | 0.001    A | 0.001    D | 0.001    G | 0.001    B | 0.001    e | 0.001
2025-11-24 05:50:54 [meters] Hex input RMS -> E | 0.002    A | 0.002    D | 0.002    G | 0.002    B | 0.002    e | 0.002
2025-11-24 05:50:55 [meters] Hex input RMS -> E | 0.002    A | 0.002    D | 0.002    G | 0.002    B | 0.002    e | 0.002
2025-11-24 05:50:55 [meters] Hex input RMS -> E | 0.002    A | 0.002    D | 0.002    G | 0.002    B | 0.002    e | 0.001
2025-11-24 05:50:55 [meters] Hex input RMS -> E | 0.001    A | 0.001    D | 0.001    G | 0.001    B | 0.001    e | 0.001
2025-11-24 05:50:55 [meters] Hex input RMS -> E | 0.001    A | 0.001    D | 0.001    G | 0.001    B | 0.001    e | 0.002
2025-11-24 05:50:55 [meters] Hex input RMS -> E | 0.002    A | 0.002    D | 0.002    G | 0.002    B | 0.002    e | 0.002
2025-11-24 05:50:55 [meters] Hex input RMS -> E | 0.002    A | 0.002    D | 0.002    G | 0.002    B | 0.002    e | 0.002
2025-11-24 05:50:55 [meters] Hex input RMS -> E | 0.002    A | 0.001    D | 0.002    G | 0.001    B | 0.002    e | 0.001
2025-11-24 05:50:55 [meters] Hex input RMS -> E | 0.001    A | 0.001    D | 0.001    G | 0.001    B | 0.001    e | 0.001
2025-11-24 05:50:55 [meters] Hex input RMS -> E | 0.002    A | 0.002    D | 0.002    G | 0.002    B | 0.002    e | 0.002
2025-11-24 05:50:55 [meters] Hex input RMS -> E | 0.002    A | 0.002    D | 0.002    G | 0.002    B | 0.002    e | 0.002
2025-11-24 05:50:55 [meters] Hex input RMS -> E | 0.002    A | 0.002    D | 0.002    G | 0.002    B | 0.002    e | 0.002
2025-11-24 05:50:55 [meters] Hex input RMS -> E | 0.001    A | 0.001    D | 0.001    G | 0.001    B | 0.001    e | 0.001
2025-11-24 05:50:56 [meters] Hex input RMS -> E | 0.001    A | 0.001    D | 0.001    G | 0.001    B | 0.001    e | 0.001
2025-11-24 05:50:56 [meters] Hex input RMS -> E | 0.002    A | 0.002    D | 0.002    G | 0.002    B | 0.002    e | 0.002
2025-11-24 05:50:56 [meters] Hex input RMS -> E | 0.002    A | 0.002    D | 0.002    G | 0.002    B | 0.002    e | 0.002
2025-11-24 05:50:56 [meters] Hex input RMS -> E | 0.002    A | 0.002    D | 0.002    G | 0.002    B | 0.002    e | 0.002
2025-11-24 05:50:56 [meters] Hex input RMS -> E | 0.001    A | 0.001    D | 0.001    G | 0.001    B | 0.001    e | 0.001
2025-11-24 05:50:56 [meters] Hex input RMS -> E | 0.001    A | 0.001    D | 0.001    G | 0.001    B | 0.001    e | 0.001
2025-11-24 05:50:56 [meters] Hex input RMS -> E | 0.002    A | 0.002    D | 0.002    G | 0.002    B | 0.002    e | 0.002
2025-11-24 05:50:56 [meters] Hex input RMS -> E | 0.002    A | 0.002    D | 0.002    G | 0.002    B | 0.002    e | 0.002
2025-11-24 05:50:56 [meters] Hex input RMS -> E | 0.002    A | 0.002    D | 0.002    G | 0.001    B | 0.002    e | 0.002
2025-11-24 05:50:56 [meters] Hex input RMS -> E | 0.001    A | 0.001    D | 0.001    G | 0.001    B | 0.001    e | 0.001
2025-11-24 05:50:56 [meters] Hex input RMS -> E | 0.001    A | 0.001    D | 0.001    G | 0.001    B | 0.001    e | 0.001
2025-11-24 05:50:56 [meters] Hex input RMS -> E | 0.002    A | 0.002    D | 0.002    G | 0.002    B | 0.002    e | 0.002
2025-11-24 05:50:56 [meters] Hex input RMS -> E | 0.002    A | 0.002    D | 0.002    G | 0.002    B | 0.002    e | 0.002
2025-11-24 05:50:57 [meters] Hex input RMS -> E | 0.002    A | 0.001    D | 0.002    G | 0.001    B | 0.002    e | 0.001
2025-11-24 05:50:57 [meters] Hex input RMS -> E | 0.001    A | 0.001    D | 0.001    G | 0.001    B | 0.001    e | 0.001
2025-11-24 05:50:57 [meters] Hex input RMS -> E | 0.002    A | 0.002    D | 0.002    G | 0.002    B | 0.002    e | 0.002
2025-11-24 05:50:57 [meters] Hex input RMS -> E | 0.002    A | 0.002    D | 0.002    G | 0.002    B | 0.002    e | 0.002
2025-11-24 05:50:57 [meters] Hex input RMS -> E | 0.002    A | 0.002    D | 0.002    G | 0.002    B | 0.002    e | 0.002
2025-11-24 05:50:57 [meters] Hex input RMS -> E | 0.001    A | 0.001    D | 0.001    G | 0.001    B | 0.001    e | 0.001
2025-11-24 05:50:57 [meters] Hex input RMS -> E | 0.001    A | 0.001    D | 0.001    G | 0.001    B | 0.001    e | 0.001
2025-11-24 05:50:57 [meters] Hex input RMS -> E | 0.002    A | 0.002    D | 0.002    G | 0.002    B | 0.002    e | 0.002
2025-11-24 05:50:57 [meters] Hex input RMS -> E | 0.002    A | 0.002    D | 0.002    G | 0.002    B | 0.002    e | 0.002
2025-11-24 05:50:57 [meters] Hex input RMS -> E | 0.002    A | 0.002    D | 0.002    G | 0.002    B | 0.002    e | 0.002
2025-11-24 05:50:57 [meters] Hex input RMS -> E | 0.001    A | 0.001    D | 0.001    G | 0.001    B | 0.001    e | 0.001
2025-11-24 05:50:57 [meters] Hex input RMS -> E | 0.001    A | 0.001    D | 0.001    G | 0.001    B | 0.001    e | 0.001
2025-11-24 05:50:58 [meters] Hex input RMS -> E | 0.002    A | 0.002    D | 0.002    G | 0.002    B | 0.002    e | 0.002
2025-11-24 05:50:58 [meters] Hex input RMS -> E | 0.002    A | 0.002    D | 0.002    G | 0.002    B | 0.002    e | 0.002
2025-11-24 05:50:58 [meters] Hex input RMS -> E | 0.002    A | 0.002    D | 0.002    G | 0.002    B | 0.002    e | 0.001
2025-11-24 05:50:58 [meters] Hex input RMS -> E | 0.001    A | 0.001    D | 0.001    G | 0.001    B | 0.001    e | 0.001
2025-11-24 05:50:58 [meters] Hex input RMS -> E | 0.001    A | 0.001    D | 0.001    G | 0.001    B | 0.001    e | 0.001
2025-11-24 05:50:58 [meters] Hex input RMS -> E | 0.002    A | 0.002    D | 0.002    G | 0.002    B | 0.002    e | 0.002
2025-11-24 05:50:58 [meters] Hex input RMS -> E | 0.002    A | 0.002    D | 0.002    G | 0.002    B | 0.002    e | 0.002
2025-11-24 05:50:58 [meters] Hex input RMS -> E | 0.002    A | 0.001    D | 0.002    G | 0.001    B | 0.001    e | 0.001
2025-11-24 05:50:58 [meters] Hex input RMS -> E | 0.001    A | 0.001    D | 0.001    G | 0.001    B | 0.001    e | 0.001
2025-11-24 05:50:58 [meters] Hex input RMS -> E | 0.002    A | 0.002    D | 0.002    G | 0.002    B | 0.002    e | 0.001
2025-11-24 05:50:58 [meters] Hex input RMS -> E | 0.002    A | 0.002    D | 0.002    G | 0.002    B | 0.002    e | 0.002
2025-11-24 05:50:58 [meters] Hex input RMS -> E | 0.002    A | 0.002    D | 0.002    G | 0.002    B | 0.002    e | 0.002
2025-11-24 05:50:58 [meters] Hex input RMS -> E | 0.001    A | 0.001    D | 0.001    G | 0.001    B | 0.001    e | 0.001
2025-11-24 05:50:59 [meters] Hex input RMS -> E | 0.001    A | 0.001    D | 0.001    G | 0.001    B | 0.001    e | 0.001
2025-11-24 05:50:59 [meters] Hex input RMS -> E | 0.002    A | 0.002    D | 0.002    G | 0.002    B | 0.002    e | 0.002
2025-11-24 05:50:59 [meters] Hex input RMS -> E | 0.002    A | 0.002    D | 0.002    G | 0.002    B | 0.002    e | 0.002
2025-11-24 05:50:59 [meters] Hex input RMS -> E | 0.002    A | 0.002    D | 0.002    G | 0.002    B | 0.002    e | 0.002
2025-11-24 05:50:59 [meters] Hex input RMS -> E | 0.001    A | 0.001    D | 0.001    G | 0.001    B | 0.001    e | 0.001
2025-11-24 05:50:59 [meters] Hex input RMS -> E | 0.001    A | 0.001    D | 0.001    G | 0.001    B | 0.001    e | 0.001
2025-11-24 05:50:59 [meters] Hex input RMS -> E | 0.002    A | 0.002    D | 0.002    G | 0.002    B | 0.002    e | 0.002
2025-11-24 05:50:59 [meters] Hex input RMS -> E | 0.002    A | 0.002    D | 0.002    G | 0.002    B | 0.002    e | 0.002
2025-11-24 05:50:59 [meters] Hex input RMS -> E | 0.002    A | 0.002    D | 0.002    G | 0.002    B | 0.002    e | 0.002
2025-11-24 05:50:59 [meters] Hex input RMS -> E | 0.001    A | 0.001    D | 0.001    G | 0.001    B | 0.001    e | 0.001
2025-11-24 05:50:59 [meters] Hex input RMS -> E | 0.001    A | 0.001    D | 0.001    G | 0.002    B | 0.001    e | 0.001
2025-11-24 05:50:59 [meters] Hex input RMS -> E | 0.002    A | 0.002    D | 0.002    G | 0.002    B | 0.002    e | 0.002
2025-11-24 05:51:00 [meters] Hex input RMS -> E | 0.002    A | 0.002    D | 0.002    G | 0.002    B | 0.002    e | 0.002
2025-11-24 05:51:00 [meters] Hex input RMS -> E | 0.001    A | 0.002    D | 0.002    G | 0.001    B | 0.001    e | 0.001
2025-11-24 05:51:00 [meters] Hex input RMS -> E | 0.001    A | 0.001    D | 0.001    G | 0.001    B | 0.001    e | 0.001
2025-11-24 05:51:00 [meters] Hex input RMS -> E | 0.002    A | 0.002    D | 0.002    G | 0.002    B | 0.002    e | 0.001
2025-11-24 05:51:00 [meters] Hex input RMS -> E | 0.002    A | 0.002    D | 0.002    G | 0.002    B | 0.002    e | 0.002
2025-11-24 05:51:00 [meters] Hex input RMS -> E | 0.002    A | 0.002    D | 0.002    G | 0.002    B | 0.002    e | 0.002
2025-11-24 05:51:00 [meters] Hex input RMS -> E | 0.001    A | 0.001    D | 0.001    G | 0.001    B | 0.001    e | 0.001
2025-11-24 05:51:00 [meters] Hex input RMS -> E | 0.001    A | 0.001    D | 0.001    G | 0.001    B | 0.001    e | 0.001
2025-11-24 05:51:00 [meters] Hex input RMS -> E | 0.002    A | 0.002    D | 0.002    G | 0.002    B | 0.002    e | 0.002
2025-11-24 05:51:00 [meters] Hex input RMS -> E | 0.002    A | 0.002    D | 0.002    G | 0.002    B | 0.002    e | 0.002
2025-11-24 05:51:00 [meters] Hex input RMS -> E | 0.002    A | 0.002    D | 0.002    G | 0.002    B | 0.002    e | 0.002
2025-11-24 05:51:00 [meters] Hex input RMS -> E | 0.001    A | 0.001    D | 0.001    G | 0.001    B | 0.001    e | 0.001
2025-11-24 05:51:00 [meters] Hex input RMS -> E | 0.001    A | 0.001    D | 0.001    G | 0.001    B | 0.001    e | 0.001
2025-11-24 05:51:01 [meters] Hex input RMS -> E | 0.002    A | 0.002    D | 0.002    G | 0.002    B | 0.002    e | 0.002
2025-11-24 05:51:01 [meters] Hex input RMS -> E | 0.002    A | 0.002    D | 0.002    G | 0.002    B | 0.002    e | 0.002
2025-11-24 05:51:01 [meters] Hex input RMS -> E | 0.002    A | 0.002    D | 0.002    G | 0.002    B | 0.002    e | 0.001
2025-11-24 05:51:01 [meters] Hex input RMS -> E | 0.001    A | 0.001    D | 0.001    G | 0.001    B | 0.001    e | 0.001
2025-11-24 05:51:01 [meters] Hex input RMS -> E | 0.001    A | 0.001    D | 0.002    G | 0.001    B | 0.001    e | 0.001
2025-11-24 05:51:01 [meters] Hex input RMS -> E | 0.002    A | 0.002    D | 0.002    G | 0.002    B | 0.002    e | 0.002
2025-11-24 05:51:01 [meters] Hex input RMS -> E | 0.002    A | 0.002    D | 0.002    G | 0.002    B | 0.002    e | 0.002
2025-11-24 05:51:01 [meters] Hex input RMS -> E | 0.002    A | 0.002    D | 0.002    G | 0.002    B | 0.001    e | 0.001
2025-11-24 05:51:01 [meters] Hex input RMS -> E | 0.001    A | 0.001    D | 0.001    G | 0.001    B | 0.001    e | 0.001
2025-11-24 05:51:01 [meters] Hex input RMS -> E | 0.002    A | 0.002    D | 0.002    G | 0.002    B | 0.002    e | 0.002
2025-11-24 05:51:01 [meters] Hex input RMS -> E | 0.002    A | 0.002    D | 0.002    G | 0.002    B | 0.002    e | 0.002
2025-11-24 05:51:01 [meters] Hex input RMS -> E | 0.002    A | 0.002    D | 0.002    G | 0.002    B | 0.002    e | 0.002
2025-11-24 05:51:02 [meters] Hex input RMS -> E | 0.001    A | 0.001    D | 0.001    G | 0.001    B | 0.001    e | 0.001
2025-11-24 05:51:02 [meters] Hex input RMS -> E | 0.001    A | 0.001    D | 0.001    G | 0.001    B | 0.001    e | 0.001
2025-11-24 05:51:02 [meters] Hex input RMS -> E | 0.002    A | 0.002    D | 0.002    G | 0.002    B | 0.002    e | 0.002
2025-11-24 05:51:02 [meters] Hex input RMS -> E | 0.002    A | 0.002    D | 0.002    G | 0.002    B | 0.002    e | 0.002
2025-11-24 05:51:02 [meters] Hex input RMS -> E | 0.002    A | 0.002    D | 0.002    G | 0.002    B | 0.002    e | 0.002
2025-11-24 05:51:02 [meters] Hex input RMS -> E | 0.001    A | 0.001    D | 0.001    G | 0.001    B | 0.001    e | 0.001
2025-11-24 05:51:02 [meters] Hex input RMS -> E | 0.001    A | 0.001    D | 0.001    G | 0.001    B | 0.001    e | 0.001
2025-11-24 05:51:02 [meters] Hex input RMS -> E | 0.002    A | 0.002    D | 0.002    G | 0.002    B | 0.002    e | 0.002
2025-11-24 05:51:02 [meters] Hex input RMS -> E | 0.002    A | 0.002    D | 0.002    G | 0.002    B | 0.002    e | 0.002
2025-11-24 05:51:02 [meters] Hex input RMS -> E | 0.002    A | 0.002    D | 0.002    G | 0.002    B | 0.002    e | 0.002
2025-11-24 05:51:02 [meters] Hex input RMS -> E | 0.001    A | 0.001    D | 0.001    G | 0.001    B | 0.001    e | 0.001
2025-11-24 05:51:02 [meters] Hex input RMS -> E | 0.001    A | 0.001    D | 0.001    G | 0.001    B | 0.002    e | 0.001
2025-11-24 05:51:02 [meters] Hex input RMS -> E | 0.002    A | 0.002    D | 0.002    G | 0.002    B | 0.002    e | 0.002
2025-11-24 05:51:03 [meters] Hex input RMS -> E | 0.002    A | 0.002    D | 0.002    G | 0.002    B | 0.002    e | 0.002
2025-11-24 05:51:03 [meters] Hex input RMS -> E | 0.002    A | 0.001    D | 0.002    G | 0.001    B | 0.001    e | 0.001
2025-11-24 05:51:03 [meters] Hex input RMS -> E | 0.001    A | 0.001    D | 0.001    G | 0.001    B | 0.001    e | 0.001
2025-11-24 05:51:03 [meters] Hex input RMS -> E | 0.002    A | 0.002    D | 0.002    G | 0.002    B | 0.002    e | 0.001
2025-11-24 05:51:03 [meters] Hex input RMS -> E | 0.002    A | 0.002    D | 0.002    G | 0.002    B | 0.002    e | 0.002
2025-11-24 05:51:03 [meters] Hex input RMS -> E | 0.002    A | 0.002    D | 0.002    G | 0.002    B | 0.002    e | 0.002
2025-11-24 05:51:03 [meters] Hex input RMS -> E | 0.001    A | 0.001    D | 0.001    G | 0.001    B | 0.001    e | 0.001
2025-11-24 05:51:03 [meters] Hex input RMS -> E | 0.001    A | 0.001    D | 0.001    G | 0.001    B | 0.001    e | 0.001
2025-11-24 05:51:03 [meters] Hex input RMS -> E | 0.002    A | 0.002    D | 0.002    G | 0.002    B | 0.002    e | 0.002
2025-11-24 05:51:03 [meters] Hex input RMS -> E | 0.002    A | 0.002    D | 0.002    G | 0.002    B | 0.002    e | 0.002
2025-11-24 05:51:03 [meters] Hex input RMS -> E | 0.002    A | 0.002    D | 0.002    G | 0.002    B | 0.002    e | 0.002
2025-11-24 05:51:03 [meters] Hex input RMS -> E | 0.001    A | 0.001    D | 0.001    G | 0.001    B | 0.001    e | 0.001
2025-11-24 05:51:04 [meters] Hex input RMS -> E | 0.001    A | 0.001    D | 0.001    G | 0.001    B | 0.001    e | 0.001
2025-11-24 05:51:04 [meters] Hex input RMS -> E | 0.002    A | 0.002    D | 0.002    G | 0.002    B | 0.002    e | 0.002
2025-11-24 05:51:04 [meters] Hex input RMS -> E | 0.002    A | 0.002    D | 0.002    G | 0.002    B | 0.002    e | 0.002
2025-11-24 05:51:04 [meters] Hex input RMS -> E | 0.002    A | 0.002    D | 0.002    G | 0.002    B | 0.002    e | 0.002
2025-11-24 05:51:04 [meters] Hex input RMS -> E | 0.001    A | 0.001    D | 0.001    G | 0.001    B | 0.001    e | 0.001
2025-11-24 05:51:04 [meters] Hex input RMS -> E | 0.001    A | 0.001    D | 0.001    G | 0.001    B | 0.001    e | 0.001
2025-11-24 05:51:04 [meters] Hex input RMS -> E | 0.002    A | 0.002    D | 0.002    G | 0.002    B | 0.002    e | 0.002
2025-11-24 05:51:04 [meters] Hex input RMS -> E | 0.002    A | 0.002    D | 0.002    G | 0.002    B | 0.002    e | 0.002
2025-11-24 05:51:04 [meters] Hex input RMS -> E | 0.002    A | 0.001    D | 0.002    G | 0.001    B | 0.002    e | 0.001
2025-11-24 05:51:04 [meters] Hex input RMS -> E | 0.001    A | 0.001    D | 0.001    G | 0.001    B | 0.001    e | 0.001
2025-11-24 05:51:04 [meters] Hex input RMS -> E | 0.002    A | 0.002    D | 0.002    G | 0.001    B | 0.002    e | 0.001
2025-11-24 05:51:04 [meters] Hex input RMS -> E | 0.002    A | 0.002    D | 0.002    G | 0.002    B | 0.002    e | 0.002
2025-11-24 05:51:04 [meters] Hex input RMS -> E | 0.002    A | 0.002    D | 0.002    G | 0.002    B | 0.002    e | 0.002
2025-11-24 05:51:05 [meters] Hex input RMS -> E | 0.001    A | 0.001    D | 0.001    G | 0.001    B | 0.001    e | 0.001
2025-11-24 05:51:05 [meters] Hex input RMS -> E | 0.001    A | 0.001    D | 0.001    G | 0.001    B | 0.001    e | 0.001
2025-11-24 05:51:05 [meters] Hex input RMS -> E | 0.002    A | 0.002    D | 0.002    G | 0.002    B | 0.002    e | 0.002
2025-11-24 05:51:05 [meters] Hex input RMS -> E | 0.002    A | 0.002    D | 0.002    G | 0.002    B | 0.002    e | 0.002
2025-11-24 05:51:05 [meters] Hex input RMS -> E | 0.002    A | 0.002    D | 0.002    G | 0.002    B | 0.002    e | 0.002
2025-11-24 05:51:05 [meters] Hex input RMS -> E | 0.001    A | 0.001    D | 0.001    G | 0.001    B | 0.001    e | 0.001
2025-11-24 05:51:05 [meters] Hex input RMS -> E | 0.001    A | 0.001    D | 0.001    G | 0.001    B | 0.001    e | 0.001
2025-11-24 05:51:05 [meters] Hex input RMS -> E | 0.002    A | 0.002    D | 0.002    G | 0.002    B | 0.002    e | 0.002
2025-11-24 05:51:05 [meters] Hex input RMS -> E | 0.002    A | 0.002    D | 0.002    G | 0.002    B | 0.002    e | 0.002
2025-11-24 05:51:05 [meters] Hex input RMS -> E | 0.002    A | 0.002    D | 0.002    G | 0.002    B | 0.002    e | 0.002
2025-11-24 05:51:05 [meters] Hex input RMS -> E | 0.001    A | 0.001    D | 0.001    G | 0.001    B | 0.001    e | 0.001
2025-11-24 05:51:05 [meters] Hex input RMS -> E | 0.001    A | 0.001    D | 0.001    G | 0.001    B | 0.001    e | 0.001
2025-11-24 05:51:06 [meters] Hex input RMS -> E | 0.002    A | 0.002    D | 0.002    G | 0.002    B | 0.002    e | 0.002
2025-11-24 05:51:06 [meters] Hex input RMS -> E | 0.002    A | 0.002    D | 0.002    G | 0.002    B | 0.002    e | 0.002
2025-11-24 05:51:06 [meters] Hex input RMS -> E | 0.002    A | 0.002    D | 0.002    G | 0.002    B | 0.002    e | 0.001
2025-11-24 05:51:06 [meters] Hex input RMS -> E | 0.001    A | 0.001    D | 0.001    G | 0.001    B | 0.001    e | 0.001
2025-11-24 05:51:06 [meters] Hex input RMS -> E | 0.002    A | 0.002    D | 0.002    G | 0.002    B | 0.001    e | 0.001
2025-11-24 05:51:06 [meters] Hex input RMS -> E | 0.002    A | 0.002    D | 0.002    G | 0.002    B | 0.002    e | 0.002
2025-11-24 05:51:06 [meters] Hex input RMS -> E | 0.002    A | 0.002    D | 0.002    G | 0.002    B | 0.002    e | 0.002
2025-11-24 05:51:06 [meters] Hex input RMS -> E | 0.001    A | 0.001    D | 0.001    G | 0.001    B | 0.001    e | 0.001
2025-11-24 05:51:06 [meters] Hex input RMS -> E | 0.001    A | 0.001    D | 0.001    G | 0.001    B | 0.001    e | 0.001
2025-11-24 05:51:06 [meters] Hex input RMS -> E | 0.002    A | 0.002    D | 0.002    G | 0.002    B | 0.002    e | 0.002
2025-11-24 05:51:06 [meters] Hex input RMS -> E | 0.002    A | 0.002    D | 0.002    G | 0.002    B | 0.002    e | 0.002
2025-11-24 05:51:06 [meters] Hex input RMS -> E | 0.002    A | 0.002    D | 0.002    G | 0.002    B | 0.002    e | 0.002
2025-11-24 05:51:06 [meters] Hex input RMS -> E | 0.001    A | 0.001    D | 0.001    G | 0.001    B | 0.001    e | 0.001
2025-11-24 05:51:07 [meters] Hex input RMS -> E | 0.001    A | 0.001    D | 0.001    G | 0.001    B | 0.001    e | 0.001
2025-11-24 05:51:07 [meters] Hex input RMS -> E | 0.002    A | 0.002    D | 0.002    G | 0.002    B | 0.002    e | 0.002
2025-11-24 05:51:07 [meters] Hex input RMS -> E | 0.002    A | 0.002    D | 0.002    G | 0.002    B | 0.002    e | 0.002
2025-11-24 05:51:07 [meters] Hex input RMS -> E | 0.002    A | 0.002    D | 0.002    G | 0.002    B | 0.002    e | 0.002
2025-11-24 05:51:07 [meters] Hex input RMS -> E | 0.001    A | 0.001    D | 0.001    G | 0.001    B | 0.001    e | 0.001
2025-11-24 05:51:07 [meters] Hex input RMS -> E | 0.001    A | 0.001    D | 0.001    G | 0.001    B | 0.001    e | 0.001
2025-11-24 05:51:07 [meters] Hex input RMS -> E | 0.002    A | 0.002    D | 0.002    G | 0.002    B | 0.002    e | 0.002
2025-11-24 05:51:07 [meters] Hex input RMS -> E | 0.002    A | 0.002    D | 0.002    G | 0.002    B | 0.002    e | 0.002
2025-11-24 05:51:07 [meters] Hex input RMS -> E | 0.002    A | 0.002    D | 0.002    G | 0.002    B | 0.002    e | 0.001
2025-11-24 05:51:07 [meters] Hex input RMS -> E | 0.001    A | 0.001    D | 0.001    G | 0.001    B | 0.001    e | 0.001
2025-11-24 05:51:07 [meters] Hex input RMS -> E | 0.002    A | 0.002    D | 0.001    G | 0.002    B | 0.002    e | 0.001
2025-11-24 05:51:07 [meters] Hex input RMS -> E | 0.002    A | 0.002    D | 0.002    G | 0.002    B | 0.002    e | 0.002
2025-11-24 05:51:08 [meters] Hex input RMS -> E | 0.002    A | 0.002    D | 0.002    G | 0.002    B | 0.002    e | 0.002
2025-11-24 05:51:08 [meters] Hex input RMS -> E | 0.001    A | 0.001    D | 0.001    G | 0.001    B | 0.001    e | 0.001
2025-11-24 05:51:08 [meters] Hex input RMS -> E | 0.001    A | 0.001    D | 0.001    G | 0.001    B | 0.001    e | 0.001
2025-11-24 05:51:08 [meters] Hex input RMS -> E | 0.002    A | 0.002    D | 0.002    G | 0.002    B | 0.002    e | 0.002
2025-11-24 05:51:08 [meters] Hex input RMS -> E | 0.002    A | 0.002    D | 0.002    G | 0.002    B | 0.002    e | 0.002
2025-11-24 05:51:08 [meters] Hex input RMS -> E | 0.002    A | 0.002    D | 0.002    G | 0.002    B | 0.002    e | 0.002
2025-11-24 05:51:08 [meters] Hex input RMS -> E | 0.001    A | 0.001    D | 0.001    G | 0.001    B | 0.001    e | 0.001
2025-11-24 05:51:08 [meters] Hex input RMS -> E | 0.001    A | 0.001    D | 0.001    G | 0.001    B | 0.001    e | 0.001
2025-11-24 05:51:08 [meters] Hex input RMS -> E | 0.002    A | 0.002    D | 0.002    G | 0.002    B | 0.002    e | 0.002
2025-11-24 05:51:08 [meters] Hex input RMS -> E | 0.002    A | 0.002    D | 0.002    G | 0.002    B | 0.002    e | 0.002
2025-11-24 05:51:08 [meters] Hex input RMS -> E | 0.002    A | 0.002    D | 0.002    G | 0.002    B | 0.002    e | 0.002
2025-11-24 05:51:08 [meters] Hex input RMS -> E | 0.001    A | 0.001    D | 0.001    G | 0.001    B | 0.001    e | 0.001
2025-11-24 05:51:08 [meters] Hex input RMS -> E | 0.001    A | 0.001    D | 0.001    G | 0.001    B | 0.001    e | 0.001
2025-11-24 05:51:09 [meters] Hex input RMS -> E | 0.002    A | 0.002    D | 0.002    G | 0.002    B | 0.002    e | 0.002
2025-11-24 05:51:09 [meters] Hex input RMS -> E | 0.002    A | 0.002    D | 0.002    G | 0.002    B | 0.002    e | 0.002
2025-11-24 05:51:09 [meters] Hex input RMS -> E | 0.002    A | 0.002    D | 0.002    G | 0.002    B | 0.002    e | 0.001
2025-11-24 05:51:09 [meters] Hex input RMS -> E | 0.001    A | 0.001    D | 0.001    G | 0.001    B | 0.001    e | 0.001
2025-11-24 05:51:09 [meters] Hex input RMS -> E | 0.002    A | 0.001    D | 0.001    G | 0.001    B | 0.002    e | 0.002
2025-11-24 05:51:09 [meters] Hex input RMS -> E | 0.002    A | 0.002    D | 0.002    G | 0.002    B | 0.002    e | 0.002
2025-11-24 05:51:09 [meters] Hex input RMS -> E | 0.002    A | 0.002    D | 0.002    G | 0.002    B | 0.002    e | 0.002
2025-11-24 05:51:09 [meters] Hex input RMS -> E | 0.001    A | 0.001    D | 0.001    G | 0.001    B | 0.001    e | 0.001
2025-11-24 05:51:09 [meters] Hex input RMS -> E | 0.001    A | 0.001    D | 0.001    G | 0.001    B | 0.001    e | 0.001
2025-11-24 05:51:09 [meters] Hex input RMS -> E | 0.002    A | 0.002    D | 0.002    G | 0.002    B | 0.002    e | 0.002
2025-11-24 05:51:09 [meters] Hex input RMS -> E | 0.002    A | 0.002    D | 0.002    G | 0.002    B | 0.002    e | 0.002
2025-11-24 05:51:09 [meters] Hex input RMS -> E | 0.002    A | 0.002    D | 0.002    G | 0.002    B | 0.002    e | 0.002
2025-11-24 05:51:10 [meters] Hex input RMS -> E | 0.001    A | 0.001    D | 0.001    G | 0.001    B | 0.001    e | 0.001
2025-11-24 05:51:10 [meters] Hex input RMS -> E | 0.001    A | 0.001    D | 0.001    G | 0.001    B | 0.001    e | 0.001
2025-11-24 05:51:10 [meters] Hex input RMS -> E | 0.002    A | 0.002    D | 0.002    G | 0.002    B | 0.002    e | 0.002
2025-11-24 05:51:10 [meters] Hex input RMS -> E | 0.002    A | 0.002    D | 0.002    G | 0.002    B | 0.002    e | 0.002
2025-11-24 05:51:10 [meters] Hex input RMS -> E | 0.002    A | 0.002    D | 0.002    G | 0.002    B | 0.002    e | 0.002
2025-11-24 05:51:10 [meters] Hex input RMS -> E | 0.001    A | 0.001    D | 0.001    G | 0.001    B | 0.001    e | 0.001
2025-11-24 05:51:10 [meters] Hex input RMS -> E | 0.001    A | 0.001    D | 0.001    G | 0.001    B | 0.001    e | 0.001
2025-11-24 05:51:10 [meters] Hex input RMS -> E | 0.002    A | 0.002    D | 0.002    G | 0.002    B | 0.002    e | 0.002
2025-11-24 05:51:10 [meters] Hex input RMS -> E | 0.002    A | 0.002    D | 0.002    G | 0.002    B | 0.002    e | 0.002
2025-11-24 05:51:10 [meters] Hex input RMS -> E | 0.002    A | 0.001    D | 0.002    G | 0.002    B | 0.002    e | 0.001
2025-11-24 05:51:10 [meters] Hex input RMS -> E | 0.001    A | 0.001    D | 0.001    G | 0.001    B | 0.001    e | 0.001
2025-11-24 05:51:10 [meters] Hex input RMS -> E | 0.002    A | 0.001    D | 0.002    G | 0.001    B | 0.002    e | 0.001
2025-11-24 05:51:10 [meters] Hex input RMS -> E | 0.002    A | 0.002    D | 0.002    G | 0.002    B | 0.002    e | 0.002
2025-11-24 05:51:11 [meters] Hex input RMS -> E | 0.002    A | 0.002    D | 0.002    G | 0.002    B | 0.002    e | 0.002
2025-11-24 05:51:11 [meters] Hex input RMS -> E | 0.001    A | 0.001    D | 0.002    G | 0.001    B | 0.001    e | 0.001
2025-11-24 05:51:11 [meters] Hex input RMS -> E | 0.001    A | 0.001    D | 0.001    G | 0.001    B | 0.001    e | 0.001
2025-11-24 05:51:11 [meters] Hex input RMS -> E | 0.002    A | 0.002    D | 0.002    G | 0.002    B | 0.002    e | 0.002
2025-11-24 05:51:11 [meters] Hex input RMS -> E | 0.002    A | 0.002    D | 0.002    G | 0.002    B | 0.002    e | 0.002
2025-11-24 05:51:11 [meters] Hex input RMS -> E | 0.002    A | 0.002    D | 0.002    G | 0.002    B | 0.002    e | 0.002
2025-11-24 05:51:11 [meters] Hex input RMS -> E | 0.001    A | 0.001    D | 0.001    G | 0.001    B | 0.001    e | 0.001
2025-11-24 05:51:11 [meters] Hex input RMS -> E | 0.001    A | 0.001    D | 0.001    G | 0.001    B | 0.001    e | 0.001
2025-11-24 05:51:11 [meters] Hex input RMS -> E | 0.002    A | 0.002    D | 0.002    G | 0.002    B | 0.002    e | 0.002
2025-11-24 05:51:11 [meters] Hex input RMS -> E | 0.002    A | 0.002    D | 0.002    G | 0.002    B | 0.002    e | 0.002
2025-11-24 05:51:11 [meters] Hex input RMS -> E | 0.002    A | 0.002    D | 0.002    G | 0.002    B | 0.002    e | 0.002
2025-11-24 05:51:11 [meters] Hex input RMS -> E | 0.001    A | 0.001    D | 0.001    G | 0.001    B | 0.001    e | 0.001
2025-11-24 05:51:12 [meters] Hex input RMS -> E | 0.001    A | 0.001    D | 0.001    G | 0.001    B | 0.001    e | 0.001
2025-11-24 05:51:12 [meters] Hex input RMS -> E | 0.002    A | 0.002    D | 0.002    G | 0.002    B | 0.002    e | 0.002
2025-11-24 05:51:12 [meters] Hex input RMS -> E | 0.002    A | 0.002    D | 0.002    G | 0.002    B | 0.002    e | 0.002
2025-11-24 05:51:12 [meters] Hex input RMS -> E | 0.002    A | 0.002    D | 0.002    G | 0.002    B | 0.001    e | 0.002
2025-11-24 05:51:12 [meters] Hex input RMS -> E | 0.001    A | 0.001    D | 0.001    G | 0.001    B | 0.001    e | 0.001
2025-11-24 05:51:12 [meters] Hex input RMS -> E | 0.001    A | 0.001    D | 0.002    G | 0.001    B | 0.002    e | 0.001
2025-11-24 05:51:12 [meters] Hex input RMS -> E | 0.002    A | 0.002    D | 0.002    G | 0.002    B | 0.002    e | 0.002
2025-11-24 05:51:12 [meters] Hex input RMS -> E | 0.002    A | 0.002    D | 0.002    G | 0.002    B | 0.002    e | 0.002
2025-11-24 05:51:12 [meters] Hex input RMS -> E | 0.001    A | 0.001    D | 0.002    G | 0.001    B | 0.001    e | 0.001
2025-11-24 05:51:12 [meters] Hex input RMS -> E | 0.001    A | 0.001    D | 0.001    G | 0.001    B | 0.001    e | 0.001
2025-11-24 05:51:12 [meters] Hex input RMS -> E | 0.002    A | 0.002    D | 0.002    G | 0.002    B | 0.002    e | 0.002
2025-11-24 05:51:12 [meters] Hex input RMS -> E | 0.002    A | 0.002    D | 0.002    G | 0.002    B | 0.002    e | 0.002
2025-11-24 05:51:12 [meters] Hex input RMS -> E | 0.002    A | 0.002    D | 0.002    G | 0.002    B | 0.002    e | 0.002
2025-11-24 05:51:13 [meters] Hex input RMS -> E | 0.001    A | 0.001    D | 0.001    G | 0.001    B | 0.001    e | 0.001
2025-11-24 05:51:13 [meters] Hex input RMS -> E | 0.001    A | 0.001    D | 0.001    G | 0.001    B | 0.001    e | 0.001
2025-11-24 05:51:13 [meters] Hex input RMS -> E | 0.002    A | 0.002    D | 0.002    G | 0.002    B | 0.002    e | 0.002
2025-11-24 05:51:13 [meters] Hex input RMS -> E | 0.002    A | 0.002    D | 0.002    G | 0.002    B | 0.002    e | 0.002
2025-11-24 05:51:13 [meters] Hex input RMS -> E | 0.002    A | 0.002    D | 0.002    G | 0.002    B | 0.002    e | 0.002
2025-11-24 05:51:13 [meters] Hex input RMS -> E | 0.001    A | 0.001    D | 0.001    G | 0.001    B | 0.001    e | 0.001
2025-11-24 05:51:13 [meters] Hex input RMS -> E | 0.001    A | 0.001    D | 0.001    G | 0.001    B | 0.001    e | 0.001
2025-11-24 05:51:13 [meters] Hex input RMS -> E | 0.002    A | 0.002    D | 0.002    G | 0.002    B | 0.002    e | 0.002
2025-11-24 05:51:13 [meters] Hex input RMS -> E | 0.002    A | 0.002    D | 0.002    G | 0.002    B | 0.002    e | 0.002
2025-11-24 05:51:13 [meters] Hex input RMS -> E | 0.002    A | 0.002    D | 0.002    G | 0.002    B | 0.002    e | 0.002
2025-11-24 05:51:13 [meters] Hex input RMS -> E | 0.001    A | 0.001    D | 0.001    G | 0.001    B | 0.001    e | 0.001
2025-11-24 05:51:13 [meters] Hex input RMS -> E | 0.001    A | 0.001    D | 0.001    G | 0.001    B | 0.001    e | 0.001
2025-11-24 05:51:14 [meters] Hex input RMS -> E | 0.002    A | 0.002    D | 0.002    G | 0.002    B | 0.002    e | 0.002
2025-11-24 05:51:14 [meters] Hex input RMS -> E | 0.002    A | 0.002    D | 0.002    G | 0.002    B | 0.002    e | 0.002
2025-11-24 05:51:14 [meters] Hex input RMS -> E | 0.002    A | 0.001    D | 0.002    G | 0.001    B | 0.001    e | 0.001
2025-11-24 05:51:14 [meters] Hex input RMS -> E | 0.001    A | 0.001    D | 0.001    G | 0.001    B | 0.001    e | 0.001
2025-11-24 05:51:14 [meters] Hex input RMS -> E | 0.002    A | 0.002    D | 0.002    G | 0.002    B | 0.002    e | 0.001
2025-11-24 05:51:14 [meters] Hex input RMS -> E | 0.002    A | 0.002    D | 0.002    G | 0.002    B | 0.002    e | 0.002
2025-11-24 05:51:14 [meters] Hex input RMS -> E | 0.002    A | 0.002    D | 0.002    G | 0.002    B | 0.002    e | 0.002
2025-11-24 05:51:14 [meters] Hex input RMS -> E | 0.001    A | 0.001    D | 0.001    G | 0.001    B | 0.001    e | 0.001
2025-11-24 05:51:14 [meters] Hex input RMS -> E | 0.001    A | 0.001    D | 0.001    G | 0.001    B | 0.001    e | 0.001
2025-11-24 05:51:14 [meters] Hex input RMS -> E | 0.002    A | 0.002    D | 0.002    G | 0.002    B | 0.002    e | 0.002
2025-11-24 05:51:14 [meters] Hex input RMS -> E | 0.002    A | 0.002    D | 0.002    G | 0.002    B | 0.002    e | 0.002
2025-11-24 05:51:14 [meters] Hex input RMS -> E | 0.002    A | 0.002    D | 0.002    G | 0.002    B | 0.002    e | 0.002
2025-11-24 05:51:14 [meters] Hex input RMS -> E | 0.001    A | 0.001    D | 0.001    G | 0.001    B | 0.001    e | 0.001
2025-11-24 05:51:15 [meters] Hex input RMS -> E | 0.001    A | 0.001    D | 0.001    G | 0.001    B | 0.001    e | 0.001
2025-11-24 05:51:15 [meters] Hex input RMS -> E | 0.002    A | 0.002    D | 0.002    G | 0.002    B | 0.002    e | 0.002
2025-11-24 05:51:15 [meters] Hex input RMS -> E | 0.002    A | 0.002    D | 0.002    G | 0.002    B | 0.002    e | 0.002
2025-11-24 05:51:15 [meters] Hex input RMS -> E | 0.002    A | 0.002    D | 0.002    G | 0.002    B | 0.002    e | 0.001
2025-11-24 05:51:15 [meters] Hex input RMS -> E | 0.001    A | 0.001    D | 0.001    G | 0.001    B | 0.001    e | 0.001
2025-11-24 05:51:15 [meters] Hex input RMS -> E | 0.001    A | 0.002    D | 0.001    G | 0.001    B | 0.001    e | 0.001
2025-11-24 05:51:15 [meters] Hex input RMS -> E | 0.002    A | 0.002    D | 0.002    G | 0.002    B | 0.002    e | 0.002
2025-11-24 05:51:15 [meters] Hex input RMS -> E | 0.002    A | 0.002    D | 0.002    G | 0.002    B | 0.002    e | 0.002
2025-11-24 05:51:15 [meters] Hex input RMS -> E | 0.002    A | 0.001    D | 0.002    G | 0.001    B | 0.002    e | 0.001
2025-11-24 05:51:15 [meters] Hex input RMS -> E | 0.001    A | 0.001    D | 0.001    G | 0.001    B | 0.001    e | 0.001
2025-11-24 05:51:15 [meters] Hex input RMS -> E | 0.002    A | 0.002    D | 0.002    G | 0.002    B | 0.002    e | 0.002
2025-11-24 05:51:15 [meters] Hex input RMS -> E | 0.002    A | 0.002    D | 0.002    G | 0.002    B | 0.002    e | 0.002
2025-11-24 05:51:16 [meters] Hex input RMS -> E | 0.002    A | 0.002    D | 0.002    G | 0.002    B | 0.002    e | 0.002
2025-11-24 05:51:16 [meters] Hex input RMS -> E | 0.001    A | 0.001    D | 0.001    G | 0.001    B | 0.001    e | 0.001
2025-11-24 05:51:16 [meters] Hex input RMS -> E | 0.001    A | 0.001    D | 0.001    G | 0.001    B | 0.001    e | 0.001
2025-11-24 05:51:16 [meters] Hex input RMS -> E | 0.002    A | 0.002    D | 0.002    G | 0.002    B | 0.002    e | 0.002
2025-11-24 05:51:16 [meters] Hex input RMS -> E | 0.002    A | 0.002    D | 0.002    G | 0.002    B | 0.002    e | 0.002
2025-11-24 05:51:16 [meters] Hex input RMS -> E | 0.002    A | 0.002    D | 0.002    G | 0.002    B | 0.002    e | 0.002
2025-11-24 05:51:16 [meters] Hex input RMS -> E | 0.001    A | 0.001    D | 0.001    G | 0.001    B | 0.001    e | 0.001
2025-11-24 05:51:16 [meters] Hex input RMS -> E | 0.001    A | 0.001    D | 0.001    G | 0.001    B | 0.001    e | 0.001
2025-11-24 05:51:16 [meters] Hex input RMS -> E | 0.002    A | 0.002    D | 0.002    G | 0.002    B | 0.002    e | 0.002
2025-11-24 05:51:16 [meters] Hex input RMS -> E | 0.002    A | 0.002    D | 0.002    G | 0.002    B | 0.002    e | 0.002
2025-11-24 05:51:16 [meters] Hex input RMS -> E | 0.002    A | 0.002    D | 0.002    G | 0.002    B | 0.002    e | 0.001
2025-11-24 05:51:16 [meters] Hex input RMS -> E | 0.001    A | 0.001    D | 0.001    G | 0.001    B | 0.001    e | 0.001
2025-11-24 05:51:16 [meters] Hex input RMS -> E | 0.001    A | 0.001    D | 0.002    G | 0.001    B | 0.001    e | 0.001
2025-11-24 05:51:17 [meters] Hex input RMS -> E | 0.002    A | 0.002    D | 0.002    G | 0.002    B | 0.002    e | 0.002
2025-11-24 05:51:17 [meters] Hex input RMS -> E | 0.002    A | 0.002    D | 0.002    G | 0.002    B | 0.002    e | 0.002
2025-11-24 05:51:17 [meters] Hex input RMS -> E | 0.001    A | 0.001    D | 0.002    G | 0.001    B | 0.001    e | 0.001
2025-11-24 05:51:17 [meters] Hex input RMS -> E | 0.001    A | 0.001    D | 0.001    G | 0.001    B | 0.001    e | 0.001
2025-11-24 05:51:17 [meters] Hex input RMS -> E | 0.002    A | 0.002    D | 0.002    G | 0.001    B | 0.002    e | 0.002
2025-11-24 05:51:17 [meters] Hex input RMS -> E | 0.002    A | 0.002    D | 0.002    G | 0.002    B | 0.002    e | 0.002
2025-11-24 05:51:17 [meters] Hex input RMS -> E | 0.002    A | 0.002    D | 0.002    G | 0.002    B | 0.002    e | 0.002
2025-11-24 05:51:17 [meters] Hex input RMS -> E | 0.001    A | 0.001    D | 0.001    G | 0.001    B | 0.001    e | 0.001
2025-11-24 05:51:17 [meters] Hex input RMS -> E | 0.001    A | 0.001    D | 0.001    G | 0.001    B | 0.001    e | 0.001
2025-11-24 05:51:17 [meters] Hex input RMS -> E | 0.002    A | 0.002    D | 0.002    G | 0.002    B | 0.002    e | 0.002
2025-11-24 05:51:17 [meters] Hex input RMS -> E | 0.002    A | 0.002    D | 0.002    G | 0.002    B | 0.002    e | 0.002
2025-11-24 05:51:17 [meters] Hex input RMS -> E | 0.002    A | 0.002    D | 0.002    G | 0.002    B | 0.002    e | 0.002
2025-11-24 05:51:18 [meters] Hex input RMS -> E | 0.001    A | 0.001    D | 0.001    G | 0.001    B | 0.001    e | 0.001
2025-11-24 05:51:18 [meters] Hex input RMS -> E | 0.001    A | 0.001    D | 0.001    G | 0.001    B | 0.001    e | 0.001
2025-11-24 05:51:18 [meters] Hex input RMS -> E | 0.002    A | 0.002    D | 0.002    G | 0.002    B | 0.002    e | 0.002
2025-11-24 05:51:18 [meters] Hex input RMS -> E | 0.002    A | 0.002    D | 0.002    G | 0.002    B | 0.002    e | 0.002
2025-11-24 05:51:18 [meters] Hex input RMS -> E | 0.002    A | 0.002    D | 0.002    G | 0.002    B | 0.002    e | 0.001
2025-11-24 05:51:18 [meters] Hex input RMS -> E | 0.001    A | 0.001    D | 0.001    G | 0.001    B | 0.001    e | 0.001
2025-11-24 05:51:18 [meters] Hex input RMS -> E | 0.001    A | 0.001    D | 0.001    G | 0.001    B | 0.001    e | 0.001
2025-11-24 05:51:18 [meters] Hex input RMS -> E | 0.002    A | 0.002    D | 0.002    G | 0.002    B | 0.002    e | 0.002
2025-11-24 05:51:18 [meters] Hex input RMS -> E | 0.002    A | 0.002    D | 0.002    G | 0.002    B | 0.002    e | 0.002
2025-11-24 05:51:18 [meters] Hex input RMS -> E | 0.002    A | 0.001    D | 0.002    G | 0.001    B | 0.002    e | 0.001
2025-11-24 05:51:18 [meters] Hex input RMS -> E | 0.001    A | 0.001    D | 0.001    G | 0.001    B | 0.001    e | 0.001
2025-11-24 05:51:18 [meters] Hex input RMS -> E | 0.002    A | 0.002    D | 0.001    G | 0.001    B | 0.001    e | 0.001
2025-11-24 05:51:18 [meters] Hex input RMS -> E | 0.002    A | 0.002    D | 0.002    G | 0.002    B | 0.002    e | 0.002
2025-11-24 05:51:19 [meters] Hex input RMS -> E | 0.002    A | 0.002    D | 0.002    G | 0.002    B | 0.002    e | 0.002
2025-11-24 05:51:19 [meters] Hex input RMS -> E | 0.001    A | 0.001    D | 0.002    G | 0.001    B | 0.001    e | 0.001
2025-11-24 05:51:19 [meters] Hex input RMS -> E | 0.001    A | 0.001    D | 0.001    G | 0.001    B | 0.001    e | 0.001
2025-11-24 05:51:19 [meters] Hex input RMS -> E | 0.002    A | 0.002    D | 0.002    G | 0.002    B | 0.002    e | 0.002
2025-11-24 05:51:19 [meters] Hex input RMS -> E | 0.002    A | 0.002    D | 0.002    G | 0.002    B | 0.002    e | 0.002
2025-11-24 05:51:19 [meters] Hex input RMS -> E | 0.002    A | 0.002    D | 0.002    G | 0.002    B | 0.002    e | 0.002
2025-11-24 05:51:19 [meters] Hex input RMS -> E | 0.001    A | 0.001    D | 0.001    G | 0.001    B | 0.001    e | 0.001
2025-11-24 05:51:19 [meters] Hex input RMS -> E | 0.001    A | 0.001    D | 0.001    G | 0.001    B | 0.001    e | 0.001
2025-11-24 05:51:19 [meters] Hex input RMS -> E | 0.002    A | 0.002    D | 0.002    G | 0.002    B | 0.002    e | 0.002
2025-11-24 05:51:19 [meters] Hex input RMS -> E | 0.002    A | 0.002    D | 0.002    G | 0.002    B | 0.002    e | 0.002
2025-11-24 05:51:19 [meters] Hex input RMS -> E | 0.002    A | 0.002    D | 0.002    G | 0.002    B | 0.002    e | 0.001
2025-11-24 05:51:19 [meters] Hex input RMS -> E | 0.001    A | 0.001    D | 0.001    G | 0.001    B | 0.001    e | 0.001
2025-11-24 05:51:20 [meters] Hex input RMS -> E | 0.001    A | 0.001    D | 0.001    G | 0.001    B | 0.001    e | 0.001
2025-11-24 05:51:20 [meters] Hex input RMS -> E | 0.002    A | 0.002    D | 0.002    G | 0.002    B | 0.002    e | 0.002
2025-11-24 05:51:20 [meters] Hex input RMS -> E | 0.002    A | 0.002    D | 0.002    G | 0.002    B | 0.002    e | 0.002
2025-11-24 05:51:20 [meters] Hex input RMS -> E | 0.002    A | 0.002    D | 0.002    G | 0.002    B | 0.002    e | 0.001
2025-11-24 05:51:20 [meters] Hex input RMS -> E | 0.001    A | 0.001    D | 0.001    G | 0.001    B | 0.001    e | 0.001
2025-11-24 05:51:20 [meters] Hex input RMS -> E | 0.002    A | 0.002    D | 0.001    G | 0.002    B | 0.002    e | 0.002
2025-11-24 05:51:20 [meters] Hex input RMS -> E | 0.002    A | 0.002    D | 0.002    G | 0.002    B | 0.002    e | 0.002
2025-11-24 05:51:20 [meters] Hex input RMS -> E | 0.002    A | 0.002    D | 0.002    G | 0.002    B | 0.002    e | 0.002
2025-11-24 05:51:20 [meters] Hex input RMS -> E | 0.001    A | 0.001    D | 0.001    G | 0.001    B | 0.001    e | 0.001
2025-11-24 05:51:20 [meters] Hex input RMS -> E | 0.001    A | 0.001    D | 0.001    G | 0.001    B | 0.001    e | 0.001
2025-11-24 05:51:20 [meters] Hex input RMS -> E | 0.002    A | 0.002    D | 0.002    G | 0.002    B | 0.002    e | 0.002
2025-11-24 05:51:20 [meters] Hex input RMS -> E | 0.002    A | 0.002    D | 0.002    G | 0.002    B | 0.002    e | 0.002
2025-11-24 05:51:20 [meters] Hex input RMS -> E | 0.002    A | 0.002    D | 0.002    G | 0.002    B | 0.002    e | 0.002
2025-11-24 05:51:21 [meters] Hex input RMS -> E | 0.001    A | 0.001    D | 0.001    G | 0.001    B | 0.001    e | 0.001
2025-11-24 05:51:21 [meters] Hex input RMS -> E | 0.001    A | 0.001    D | 0.001    G | 0.001    B | 0.001    e | 0.001
2025-11-24 05:51:21 [meters] Hex input RMS -> E | 0.002    A | 0.002    D | 0.002    G | 0.002    B | 0.002    e | 0.002
2025-11-24 05:51:21 [meters] Hex input RMS -> E | 0.002    A | 0.002    D | 0.002    G | 0.002    B | 0.002    e | 0.002
2025-11-24 05:51:21 [meters] Hex input RMS -> E | 0.002    A | 0.002    D | 0.002    G | 0.002    B | 0.002    e | 0.001
2025-11-24 05:51:21 [meters] Hex input RMS -> E | 0.001    A | 0.001    D | 0.001    G | 0.001    B | 0.001    e | 0.001
2025-11-24 05:51:21 [meters] Hex input RMS -> E | 0.001    A | 0.001    D | 0.002    G | 0.001    B | 0.001    e | 0.001
2025-11-24 05:51:21 [meters] Hex input RMS -> E | 0.002    A | 0.002    D | 0.002    G | 0.002    B | 0.002    e | 0.002
2025-11-24 05:51:21 [meters] Hex input RMS -> E | 0.002    A | 0.002    D | 0.002    G | 0.002    B | 0.002    e | 0.002
2025-11-24 05:51:21 [meters] Hex input RMS -> E | 0.002    A | 0.001    D | 0.002    G | 0.001    B | 0.002    e | 0.001
2025-11-24 05:51:21 [meters] Hex input RMS -> E | 0.001    A | 0.001    D | 0.001    G | 0.001    B | 0.001    e | 0.001
2025-11-24 05:51:21 [meters] Hex input RMS -> E | 0.002    A | 0.002    D | 0.002    G | 0.001    B | 0.002    e | 0.001
2025-11-24 05:51:22 [meters] Hex input RMS -> E | 0.002    A | 0.002    D | 0.002    G | 0.002    B | 0.002    e | 0.002
2025-11-24 05:51:22 [meters] Hex input RMS -> E | 0.002    A | 0.002    D | 0.002    G | 0.002    B | 0.002    e | 0.002
2025-11-24 05:51:22 [meters] Hex input RMS -> E | 0.001    A | 0.001    D | 0.002    G | 0.001    B | 0.001    e | 0.001
2025-11-24 05:51:22 [meters] Hex input RMS -> E | 0.001    A | 0.001    D | 0.001    G | 0.001    B | 0.001    e | 0.001
2025-11-24 05:51:22 [meters] Hex input RMS -> E | 0.002    A | 0.002    D | 0.002    G | 0.002    B | 0.002    e | 0.002
2025-11-24 05:51:22 [meters] Hex input RMS -> E | 0.002    A | 0.002    D | 0.002    G | 0.002    B | 0.002    e | 0.002
2025-11-24 05:51:22 [meters] Hex input RMS -> E | 0.002    A | 0.002    D | 0.002    G | 0.002    B | 0.002    e | 0.002
2025-11-24 05:51:22 [meters] Hex input RMS -> E | 0.001    A | 0.001    D | 0.001    G | 0.001    B | 0.001    e | 0.001
2025-11-24 05:51:22 [meters] Hex input RMS -> E | 0.001    A | 0.001    D | 0.001    G | 0.001    B | 0.001    e | 0.001
2025-11-24 05:51:22 [meters] Hex input RMS -> E | 0.002    A | 0.002    D | 0.002    G | 0.002    B | 0.002    e | 0.002
2025-11-24 05:51:22 [meters] Hex input RMS -> E | 0.002    A | 0.002    D | 0.002    G | 0.002    B | 0.002    e | 0.002
2025-11-24 05:51:22 [meters] Hex input RMS -> E | 0.002    A | 0.002    D | 0.002    G | 0.002    B | 0.002    e | 0.002
2025-11-24 05:51:22 [meters] Hex input RMS -> E | 0.001    A | 0.001    D | 0.001    G | 0.001    B | 0.001    e | 0.001
2025-11-24 05:51:23 [meters] Hex input RMS -> E | 0.001    A | 0.001    D | 0.001    G | 0.001    B | 0.001    e | 0.001
2025-11-24 05:51:23 [meters] Hex input RMS -> E | 0.002    A | 0.002    D | 0.002    G | 0.002    B | 0.002    e | 0.002
2025-11-24 05:51:23 [meters] Hex input RMS -> E | 0.002    A | 0.002    D | 0.002    G | 0.002    B | 0.002    e | 0.002
2025-11-24 05:51:23 [meters] Hex input RMS -> E | 0.002    A | 0.001    D | 0.002    G | 0.002    B | 0.002    e | 0.001
2025-11-24 05:51:23 [meters] Hex input RMS -> E | 0.001    A | 0.001    D | 0.001    G | 0.001    B | 0.001    e | 0.001
2025-11-24 05:51:23 [meters] Hex input RMS -> E | 0.002    A | 0.001    D | 0.002    G | 0.002    B | 0.002    e | 0.001
2025-11-24 05:51:23 [meters] Hex input RMS -> E | 0.002    A | 0.002    D | 0.002    G | 0.002    B | 0.002    e | 0.002
2025-11-24 05:51:23 [meters] Hex input RMS -> E | 0.002    A | 0.002    D | 0.002    G | 0.002    B | 0.002    e | 0.002
2025-11-24 05:51:23 [meters] Hex input RMS -> E | 0.001    A | 0.001    D | 0.001    G | 0.001    B | 0.001    e | 0.001
2025-11-24 05:51:23 [meters] Hex input RMS -> E | 0.001    A | 0.001    D | 0.001    G | 0.001    B | 0.001    e | 0.001
2025-11-24 05:51:23 [meters] Hex input RMS -> E | 0.002    A | 0.002    D | 0.002    G | 0.002    B | 0.002    e | 0.002
2025-11-24 05:51:23 [meters] Hex input RMS -> E | 0.002    A | 0.002    D | 0.002    G | 0.002    B | 0.002    e | 0.002
2025-11-24 05:51:24 [meters] Hex input RMS -> E | 0.002    A | 0.002    D | 0.002    G | 0.002    B | 0.002    e | 0.002
2025-11-24 05:51:24 [meters] Hex input RMS -> E | 0.001    A | 0.001    D | 0.001    G | 0.001    B | 0.001    e | 0.001
2025-11-24 05:51:24 [meters] Hex input RMS -> E | 0.001    A | 0.001    D | 0.001    G | 0.001    B | 0.001    e | 0.001
2025-11-24 05:51:24 [meters] Hex input RMS -> E | 0.002    A | 0.002    D | 0.002    G | 0.002    B | 0.002    e | 0.002
2025-11-24 05:51:24 [meters] Hex input RMS -> E | 0.002    A | 0.002    D | 0.002    G | 0.002    B | 0.002    e | 0.002
2025-11-24 05:51:24 [meters] Hex input RMS -> E | 0.002    A | 0.002    D | 0.002    G | 0.002    B | 0.002    e | 0.002
2025-11-24 05:51:24 [meters] Hex input RMS -> E | 0.001    A | 0.001    D | 0.001    G | 0.001    B | 0.001    e | 0.001
2025-11-24 05:51:24 [meters] Hex input RMS -> E | 0.001    A | 0.001    D | 0.001    G | 0.001    B | 0.001    e | 0.001
2025-11-24 05:51:24 [meters] Hex input RMS -> E | 0.002    A | 0.002    D | 0.002    G | 0.002    B | 0.002    e | 0.002
2025-11-24 05:51:24 [meters] Hex input RMS -> E | 0.002    A | 0.002    D | 0.002    G | 0.002    B | 0.002    e | 0.002
2025-11-24 05:51:24 [meters] Hex input RMS -> E | 0.002    A | 0.002    D | 0.002    G | 0.002    B | 0.002    e | 0.001
2025-11-24 05:51:24 [meters] Hex input RMS -> E | 0.001    A | 0.001    D | 0.001    G | 0.001    B | 0.001    e | 0.001
2025-11-24 05:51:24 [meters] Hex input RMS -> E | 0.002    A | 0.002    D | 0.002    G | 0.002    B | 0.002    e | 0.001
2025-11-24 05:51:25 [meters] Hex input RMS -> E | 0.002    A | 0.002    D | 0.002    G | 0.002    B | 0.002    e | 0.002
2025-11-24 05:51:25 [meters] Hex input RMS -> E | 0.002    A | 0.002    D | 0.002    G | 0.002    B | 0.002    e | 0.002
2025-11-24 05:51:25 [meters] Hex input RMS -> E | 0.001    A | 0.001    D | 0.002    G | 0.001    B | 0.001    e | 0.001
2025-11-24 05:51:25 [meters] Hex input RMS -> E | 0.001    A | 0.001    D | 0.001    G | 0.001    B | 0.001    e | 0.001
2025-11-24 05:51:25 [meters] Hex input RMS -> E | 0.002    A | 0.002    D | 0.002    G | 0.002    B | 0.002    e | 0.002
2025-11-24 05:51:25 [meters] Hex input RMS -> E | 0.002    A | 0.002    D | 0.002    G | 0.002    B | 0.002    e | 0.002
2025-11-24 05:51:25 [meters] Hex input RMS -> E | 0.002    A | 0.002    D | 0.002    G | 0.002    B | 0.002    e | 0.002
2025-11-24 05:51:25 [meters] Hex input RMS -> E | 0.001    A | 0.001    D | 0.001    G | 0.001    B | 0.001    e | 0.001
2025-11-24 05:51:25 [meters] Hex input RMS -> E | 0.001    A | 0.001    D | 0.001    G | 0.001    B | 0.001    e | 0.001
2025-11-24 05:51:25 [meters] Hex input RMS -> E | 0.002    A | 0.002    D | 0.002    G | 0.002    B | 0.002    e | 0.002
2025-11-24 05:51:25 [meters] Hex input RMS -> E | 0.002    A | 0.002    D | 0.002    G | 0.002    B | 0.002    e | 0.002
2025-11-24 05:51:25 [meters] Hex input RMS -> E | 0.002    A | 0.002    D | 0.002    G | 0.002    B | 0.002    e | 0.002
2025-11-24 05:51:26 [meters] Hex input RMS -> E | 0.001    A | 0.001    D | 0.001    G | 0.001    B | 0.001    e | 0.001
2025-11-24 05:51:26 [meters] Hex input RMS -> E | 0.001    A | 0.001    D | 0.001    G | 0.001    B | 0.001    e | 0.001
2025-11-24 05:51:26 [meters] Hex input RMS -> E | 0.002    A | 0.002    D | 0.002    G | 0.002    B | 0.002    e | 0.002
2025-11-24 05:51:26 [meters] Hex input RMS -> E | 0.002    A | 0.002    D | 0.002    G | 0.002    B | 0.002    e | 0.002
2025-11-24 05:51:26 [meters] Hex input RMS -> E | 0.002    A | 0.002    D | 0.002    G | 0.002    B | 0.002    e | 0.001
2025-11-24 05:51:26 [meters] Hex input RMS -> E | 0.001    A | 0.001    D | 0.001    G | 0.001    B | 0.001    e | 0.001
2025-11-24 05:51:26 [meters] Hex input RMS -> E | 0.002    A | 0.001    D | 0.002    G | 0.002    B | 0.001    e | 0.001
2025-11-24 05:51:26 [meters] Hex input RMS -> E | 0.002    A | 0.002    D | 0.002    G | 0.002    B | 0.002    e | 0.002
2025-11-24 05:51:26 [meters] Hex input RMS -> E | 0.002    A | 0.002    D | 0.002    G | 0.002    B | 0.002    e | 0.002
2025-11-24 05:51:26 [meters] Hex input RMS -> E | 0.001    A | 0.001    D | 0.001    G | 0.001    B | 0.001    e | 0.001
2025-11-24 05:51:26 [meters] Hex input RMS -> E | 0.001    A | 0.001    D | 0.001    G | 0.001    B | 0.001    e | 0.001
2025-11-24 05:51:26 [meters] Hex input RMS -> E | 0.002    A | 0.002    D | 0.002    G | 0.001    B | 0.002    e | 0.002
2025-11-24 05:51:26 [meters] Hex input RMS -> E | 0.002    A | 0.002    D | 0.002    G | 0.002    B | 0.002    e | 0.002
2025-11-24 05:51:27 [meters] Hex input RMS -> E | 0.002    A | 0.002    D | 0.002    G | 0.002    B | 0.002    e | 0.002
2025-11-24 05:51:27 [meters] Hex input RMS -> E | 0.001    A | 0.001    D | 0.001    G | 0.001    B | 0.001    e | 0.001
2025-11-24 05:51:27 [meters] Hex input RMS -> E | 0.001    A | 0.001    D | 0.001    G | 0.001    B | 0.001    e | 0.001
2025-11-24 05:51:27 [meters] Hex input RMS -> E | 0.002    A | 0.002    D | 0.002    G | 0.002    B | 0.002    e | 0.002
2025-11-24 05:51:27 [meters] Hex input RMS -> E | 0.002    A | 0.002    D | 0.002    G | 0.002    B | 0.002    e | 0.002
2025-11-24 05:51:27 [meters] Hex input RMS -> E | 0.002    A | 0.002    D | 0.002    G | 0.002    B | 0.002    e | 0.002
2025-11-24 05:51:27 [meters] Hex input RMS -> E | 0.001    A | 0.001    D | 0.001    G | 0.001    B | 0.001    e | 0.001
2025-11-24 05:51:27 [meters] Hex input RMS -> E | 0.001    A | 0.001    D | 0.001    G | 0.001    B | 0.001    e | 0.001
2025-11-24 05:51:27 [meters] Hex input RMS -> E | 0.002    A | 0.002    D | 0.002    G | 0.002    B | 0.002    e | 0.002
2025-11-24 05:51:27 [meters] Hex input RMS -> E | 0.002    A | 0.002    D | 0.002    G | 0.002    B | 0.002    e | 0.002
2025-11-24 05:51:27 [meters] Hex input RMS -> E | 0.002    A | 0.002    D | 0.002    G | 0.002    B | 0.002    e | 0.001
2025-11-24 05:51:27 [meters] Hex input RMS -> E | 0.001    A | 0.001    D | 0.001    G | 0.001    B | 0.001    e | 0.001
2025-11-24 05:51:28 [meters] Hex input RMS -> E | 0.001    A | 0.001    D | 0.002    G | 0.001    B | 0.002    e | 0.001
2025-11-24 05:51:28 [meters] Hex input RMS -> E | 0.002    A | 0.002    D | 0.002    G | 0.002    B | 0.002    e | 0.002
2025-11-24 05:51:28 [meters] Hex input RMS -> E | 0.002    A | 0.002    D | 0.002    G | 0.002    B | 0.002    e | 0.002
2025-11-24 05:51:28 [meters] Hex input RMS -> E | 0.001    A | 0.001    D | 0.002    G | 0.001    B | 0.001    e | 0.001
2025-11-24 05:51:28 [meters] Hex input RMS -> E | 0.001    A | 0.001    D | 0.001    G | 0.001    B | 0.001    e | 0.001
2025-11-24 05:51:28 [meters] Hex input RMS -> E | 0.002    A | 0.002    D | 0.002    G | 0.002    B | 0.002    e | 0.002
2025-11-24 05:51:28 [meters] Hex input RMS -> E | 0.002    A | 0.002    D | 0.002    G | 0.002    B | 0.002    e | 0.002
2025-11-24 05:51:28 [meters] Hex input RMS -> E | 0.002    A | 0.002    D | 0.002    G | 0.002    B | 0.002    e | 0.002
2025-11-24 05:51:28 [meters] Hex input RMS -> E | 0.001    A | 0.001    D | 0.001    G | 0.001    B | 0.001    e | 0.001
2025-11-24 05:51:28 [meters] Hex input RMS -> E | 0.001    A | 0.001    D | 0.001    G | 0.001    B | 0.001    e | 0.001
2025-11-24 05:51:28 [meters] Hex input RMS -> E | 0.002    A | 0.002    D | 0.002    G | 0.002    B | 0.002    e | 0.002
2025-11-24 05:51:28 [meters] Hex input RMS -> E | 0.002    A | 0.002    D | 0.002    G | 0.002    B | 0.002    e | 0.002
2025-11-24 05:51:28 [meters] Hex input RMS -> E | 0.002    A | 0.002    D | 0.002    G | 0.002    B | 0.002    e | 0.002
2025-11-24 05:51:29 [meters] Hex input RMS -> E | 0.001    A | 0.001    D | 0.001    G | 0.001    B | 0.001    e | 0.001
2025-11-24 05:51:29 [meters] Hex input RMS -> E | 0.001    A | 0.001    D | 0.001    G | 0.001    B | 0.001    e | 0.001
2025-11-24 05:51:29 [meters] Hex input RMS -> E | 0.002    A | 0.002    D | 0.002    G | 0.002    B | 0.002    e | 0.002
2025-11-24 05:51:29 [meters] Hex input RMS -> E | 0.002    A | 0.002    D | 0.002    G | 0.002    B | 0.002    e | 0.002
2025-11-24 05:51:29 [meters] Hex input RMS -> E | 0.002    A | 0.002    D | 0.002    G | 0.002    B | 0.002    e | 0.002
2025-11-24 05:51:29 [meters] Hex input RMS -> E | 0.001    A | 0.001    D | 0.001    G | 0.001    B | 0.001    e | 0.001
2025-11-24 05:51:29 [meters] Hex input RMS -> E | 0.001    A | 0.001    D | 0.001    G | 0.001    B | 0.001    e | 0.001
2025-11-24 05:51:29 [meters] Hex input RMS -> E | 0.002    A | 0.002    D | 0.002    G | 0.002    B | 0.002    e | 0.002
2025-11-24 05:51:29 [meters] Hex input RMS -> E | 0.002    A | 0.002    D | 0.002    G | 0.002    B | 0.002    e | 0.002
2025-11-24 05:51:29 [meters] Hex input RMS -> E | 0.001    A | 0.001    D | 0.002    G | 0.002    B | 0.002    e | 0.001
2025-11-24 05:51:29 [meters] Hex input RMS -> E | 0.001    A | 0.001    D | 0.001    G | 0.001    B | 0.001    e | 0.001
2025-11-24 05:51:29 [meters] Hex input RMS -> E | 0.002    A | 0.002    D | 0.002    G | 0.002    B | 0.002    e | 0.002
2025-11-24 05:51:30 [meters] Hex input RMS -> E | 0.002    A | 0.002    D | 0.002    G | 0.002    B | 0.002    e | 0.002
2025-11-24 05:51:30 [meters] Hex input RMS -> E | 0.002    A | 0.002    D | 0.002    G | 0.002    B | 0.002    e | 0.002
2025-11-24 05:51:30 [meters] Hex input RMS -> E | 0.001    A | 0.001    D | 0.001    G | 0.001    B | 0.001    e | 0.001
2025-11-24 05:51:30 [meters] Hex input RMS -> E | 0.001    A | 0.001    D | 0.001    G | 0.001    B | 0.001    e | 0.001
2025-11-24 05:51:30 [meters] Hex input RMS -> E | 0.002    A | 0.002    D | 0.002    G | 0.002    B | 0.002    e | 0.002
2025-11-24 05:51:30 [meters] Hex input RMS -> E | 0.002    A | 0.002    D | 0.002    G | 0.002    B | 0.002    e | 0.002
2025-11-24 05:51:30 [meters] Hex input RMS -> E | 0.002    A | 0.002    D | 0.002    G | 0.002    B | 0.002    e | 0.002
2025-11-24 05:51:30 [meters] Hex input RMS -> E | 0.001    A | 0.001    D | 0.001    G | 0.001    B | 0.001    e | 0.001
2025-11-24 05:51:30 [meters] Hex input RMS -> E | 0.001    A | 0.001    D | 0.001    G | 0.001    B | 0.001    e | 0.001
2025-11-24 05:51:30 [meters] Hex input RMS -> E | 0.002    A | 0.002    D | 0.002    G | 0.002    B | 0.002    e | 0.002
2025-11-24 05:51:30 [tracker] [s4] onset t=280.568 env=0.00270 baseline=0.00201 gate=0.00034 envFloor=0.00171 onset=0.565>=0.014
2025-11-24 05:51:30 [meters] Hex input RMS -> E | 0.002    A | 0.002    D | 0.002    G | 0.004    B | 0.003    e | 0.002
2025-11-24 05:51:30 [tracker] [s4] onset t=280.632 env=0.00217 baseline=0.00201 gate=0.00034 envFloor=0.00171 onset=1.002>=0.014
2025-11-24 05:51:30 [tracker] [s4] note-start t=280.632 fret=0 midi=55 vel=0.03 env=0.00217
2025-11-24 05:51:30 [meters] Hex input RMS -> E | 0.002    A | 0.002    D | 0.002    G | 0.003    B | 0.002    e | 0.002
2025-11-24 05:51:30 [meters] Hex input RMS -> E | 0.001    A | 0.001    D | 0.001    G | 0.003    B | 0.001    e | 0.001
2025-11-24 05:51:31 [tracker] [s4] onset t=280.768 env=0.00214 baseline=0.00201 gate=0.00034 envFloor=0.00171 onset=1.056>=0.014
2025-11-24 05:51:31 [tracker] [s4] note-ended (new onset) t=280.768 fret=0 dur=0.135
2025-11-24 05:51:31 [tracker] [s4] note-start t=280.768 fret=1 midi=56 vel=0.03 env=0.00214
2025-11-24 05:51:31 [meters] Hex input RMS -> E | 0.001    A | 0.001    D | 0.002    G | 0.004    B | 0.002    e | 0.001
2025-11-24 05:51:31 [tracker] [s4] onset t=280.866 env=0.00213 baseline=0.00201 gate=0.00034 envFloor=0.00171 onset=1.241>=0.014
2025-11-24 05:51:31 [tracker] [s4] note-ended (new onset) t=280.866 fret=1 dur=0.098
2025-11-24 05:51:31 [tracker] [s4] note-start t=280.866 fret=0 midi=55 vel=0.03 env=0.00213
2025-11-24 05:51:31 [meters] Hex input RMS -> E | 0.002    A | 0.002    D | 0.002    G | 0.003    B | 0.002    e | 0.002
2025-11-24 05:51:31 [meters] Hex input RMS -> E | 0.002    A | 0.002    D | 0.002    G | 0.003    B | 0.002    e | 0.002
2025-11-24 05:51:31 [tracker] [s4] onset t=281.007 env=0.00241 baseline=0.00201 gate=0.00034 envFloor=0.00171 onset=0.671>=0.014
2025-11-24 05:51:31 [tracker] [s4] note-ended (new onset) t=281.007 fret=0 dur=0.141
2025-11-24 05:51:31 [tracker] [s4] note-start t=281.007 fret=0 midi=55 vel=0.03 env=0.00241
2025-11-24 05:51:31 [meters] Hex input RMS -> E | 0.001    A | 0.001    D | 0.001    G | 0.004    B | 0.002    e | 0.001
2025-11-24 05:51:31 [tracker] [s4] onset t=281.073 env=0.00231 baseline=0.00201 gate=0.00034 envFloor=0.00171 onset=0.990>=0.014
2025-11-24 05:51:31 [tracker] [s4] note-ended (new onset) t=281.073 fret=0 dur=0.066
2025-11-24 05:51:31 [tracker] [s4] note-start t=281.073 fret=0 midi=55 vel=0.03 env=0.00231
2025-11-24 05:51:31 [meters] Hex input RMS -> E | 0.001    A | 0.001    D | 0.001    G | 0.003    B | 0.001    e | 0.001
2025-11-24 05:51:31 [tracker] [s4] onset t=281.160 env=0.00208 baseline=0.00201 gate=0.00034 envFloor=0.00171 onset=0.997>=0.014
2025-11-24 05:51:31 [tracker] [s4] note-ended (new onset) t=281.160 fret=0 dur=0.088
2025-11-24 05:51:31 [tracker] [s4] note-start t=281.160 fret=0 midi=55 vel=0.02 env=0.00208
2025-11-24 05:51:31 [meters] Hex input RMS -> E | 0.002    A | 0.002    D | 0.002    G | 0.003    B | 0.002    e | 0.001
2025-11-24 05:51:31 [meters] Hex input RMS -> E | 0.002    A | 0.002    D | 0.002    G | 0.003    B | 0.002    e | 0.002
2025-11-24 05:51:31 [tracker] [s4] onset t=281.344 env=0.00195 baseline=0.00201 gate=0.00034 envFloor=0.00171 onset=0.896>=0.014
2025-11-24 05:51:31 [tracker] [s4] note-ended (new onset) t=281.344 fret=0 dur=0.183
2025-11-24 05:51:31 [tracker] [s4] note-start t=281.344 fret=0 midi=55 vel=0.02 env=0.00195
2025-11-24 05:51:31 [meters] Hex input RMS -> E | 0.002    A | 0.002    D | 0.002    G | 0.003    B | 0.002    e | 0.002
2025-11-24 05:51:31 [tracker] [s4] release-retrigger t=281.397 onset=0.839 gate=0.002 age=0.053
2025-11-24 05:51:31 [tracker] [s4] note-ended t=281.397 fret=0 dur=0.053
2025-11-24 05:51:31 [meters] Hex input RMS -> E | 0.001    A | 0.001    D | 0.001    G | 0.003    B | 0.001    e | 0.001
2025-11-24 05:51:31 [tracker] [s4] onset t=281.466 env=0.00198 baseline=0.00201 gate=0.00034 envFloor=0.00171 onset=0.982>=0.014
2025-11-24 05:51:31 [tracker] [s4] note-start t=281.466 fret=0 midi=55 vel=0.02 env=0.00198
2025-11-24 05:51:31 [tracker] [s4] release-quiet t=281.530 avgEnv=0.00146 floor=0.00171 quietFrames=8
2025-11-24 05:51:31 [tracker] [s4] note-ended t=281.530 fret=0 dur=0.064
2025-11-24 05:51:31 [meters] Hex input RMS -> E | 0.001    A | 0.001    D | 0.001    G | 0.002    B | 0.001    e | 0.001
2025-11-24 05:51:31 [meters] Hex input RMS -> E | 0.002    A | 0.002    D | 0.002    G | 0.002    B | 0.002    e | 0.002
2025-11-24 05:51:31 [meters] Hex input RMS -> E | 0.002    A | 0.002    D | 0.002    G | 0.003    B | 0.002    e | 0.002
2025-11-24 05:51:32 [tracker] [s4] onset t=281.766 env=0.00172 baseline=0.00201 gate=0.00034 envFloor=0.00171 onset=0.991>=0.014
2025-11-24 05:51:32 [meters] Hex input RMS -> E | 0.002    A | 0.002    D | 0.002    G | 0.002    B | 0.002    e | 0.002
2025-11-24 05:51:32 [meters] Hex input RMS -> E | 0.001    A | 0.001    D | 0.001    G | 0.002    B | 0.001    e | 0.001
2025-11-24 05:51:32 [meters] Hex input RMS -> E | 0.001    A | 0.001    D | 0.001    G | 0.002    B | 0.001    e | 0.001
2025-11-24 05:51:32 [meters] Hex input RMS -> E | 0.002    A | 0.002    D | 0.002    G | 0.002    B | 0.002    e | 0.002
2025-11-24 05:51:32 [meters] Hex input RMS -> E | 0.002    A | 0.002    D | 0.002    G | 0.002    B | 0.002    e | 0.002
2025-11-24 05:51:32 [meters] Hex input RMS -> E | 0.002    A | 0.002    D | 0.002    G | 0.002    B | 0.002    e | 0.001
2025-11-24 05:51:32 [meters] Hex input RMS -> E | 0.001    A | 0.001    D | 0.001    G | 0.002    B | 0.001    e | 0.001
2025-11-24 05:51:32 [meters] Hex input RMS -> E | 0.001    A | 0.001    D | 0.001    G | 0.002    B | 0.001    e | 0.001
2025-11-24 05:51:32 [meters] Hex input RMS -> E | 0.002    A | 0.002    D | 0.002    G | 0.002    B | 0.002    e | 0.002
2025-11-24 05:51:32 [meters] Hex input RMS -> E | 0.002    A | 0.002    D | 0.002    G | 0.002    B | 0.002    e | 0.002
2025-11-24 05:51:32 [meters] Hex input RMS -> E | 0.001    A | 0.001    D | 0.002    G | 0.002    B | 0.001    e | 0.001
2025-11-24 05:51:32 [meters] Hex input RMS -> E | 0.001    A | 0.001    D | 0.001    G | 0.002    B | 0.001    e | 0.001
2025-11-24 05:51:32 [meters] Hex input RMS -> E | 0.002    A | 0.002    D | 0.002    G | 0.002    B | 0.002    e | 0.002
2025-11-24 05:51:33 [meters] Hex input RMS -> E | 0.002    A | 0.002    D | 0.002    G | 0.002    B | 0.002    e | 0.002
2025-11-24 05:51:33 [meters] Hex input RMS -> E | 0.002    A | 0.002    D | 0.002    G | 0.002    B | 0.002    e | 0.002
2025-11-24 05:51:33 [meters] Hex input RMS -> E | 0.001    A | 0.001    D | 0.001    G | 0.001    B | 0.001    e | 0.001
2025-11-24 05:51:33 [meters] Hex input RMS -> E | 0.001    A | 0.001    D | 0.001    G | 0.001    B | 0.001    e | 0.001
2025-11-24 05:51:33 [meters] Hex input RMS -> E | 0.002    A | 0.002    D | 0.002    G | 0.002    B | 0.002    e | 0.002
2025-11-24 05:51:33 [meters] Hex input RMS -> E | 0.002    A | 0.002    D | 0.002    G | 0.002    B | 0.002    e | 0.002
2025-11-24 05:51:33 [meters] Hex input RMS -> E | 0.002    A | 0.002    D | 0.002    G | 0.002    B | 0.002    e | 0.002
2025-11-24 05:51:33 [meters] Hex input RMS -> E | 0.001    A | 0.001    D | 0.001    G | 0.001    B | 0.001    e | 0.001
2025-11-24 05:51:33 [meters] Hex input RMS -> E | 0.001    A | 0.001    D | 0.001    G | 0.001    B | 0.001    e | 0.001
2025-11-24 05:51:33 [meters] Hex input RMS -> E | 0.002    A | 0.002    D | 0.002    G | 0.002    B | 0.002    e | 0.002
2025-11-24 05:51:33 [meters] Hex input RMS -> E | 0.002    A | 0.002    D | 0.002    G | 0.002    B | 0.002    e | 0.002
2025-11-24 05:51:33 [meters] Hex input RMS -> E | 0.002    A | 0.002    D | 0.002    G | 0.002    B | 0.002    e | 0.002
2025-11-24 05:51:34 [meters] Hex input RMS -> E | 0.001    A | 0.001    D | 0.001    G | 0.001    B | 0.001    e | 0.001
2025-11-24 05:51:34 [meters] Hex input RMS -> E | 0.001    A | 0.001    D | 0.002    G | 0.001    B | 0.001    e | 0.001
2025-11-24 05:51:34 [meters] Hex input RMS -> E | 0.002    A | 0.002    D | 0.002    G | 0.002    B | 0.002    e | 0.002
2025-11-24 05:51:34 [meters] Hex input RMS -> E | 0.002    A | 0.002    D | 0.002    G | 0.002    B | 0.002    e | 0.002
2025-11-24 05:51:34 [meters] Hex input RMS -> E | 0.002    A | 0.001    D | 0.002    G | 0.002    B | 0.001    e | 0.001
2025-11-24 05:51:34 [meters] Hex input RMS -> E | 0.001    A | 0.001    D | 0.001    G | 0.001    B | 0.001    e | 0.001
2025-11-24 05:51:34 [meters] Hex input RMS -> E | 0.002    A | 0.002    D | 0.002    G | 0.002    B | 0.002    e | 0.002
2025-11-24 05:51:34 [meters] Hex input RMS -> E | 0.002    A | 0.002    D | 0.002    G | 0.002    B | 0.002    e | 0.002
2025-11-24 05:51:34 [meters] Hex input RMS -> E | 0.002    A | 0.002    D | 0.002    G | 0.002    B | 0.002    e | 0.002
2025-11-24 05:51:34 [meters] Hex input RMS -> E | 0.001    A | 0.001    D | 0.001    G | 0.001    B | 0.001    e | 0.001
2025-11-24 05:51:34 [meters] Hex input RMS -> E | 0.001    A | 0.001    D | 0.001    G | 0.001    B | 0.001    e | 0.001
2025-11-24 05:51:34 [meters] Hex input RMS -> E | 0.002    A | 0.002    D | 0.002    G | 0.002    B | 0.002    e | 0.002
2025-11-24 05:51:34 [meters] Hex input RMS -> E | 0.002    A | 0.002    D | 0.002    G | 0.002    B | 0.002    e | 0.002
2025-11-24 05:51:35 [meters] Hex input RMS -> E | 0.002    A | 0.002    D | 0.002    G | 0.002    B | 0.002    e | 0.002
2025-11-24 05:51:35 [meters] Hex input RMS -> E | 0.001    A | 0.001    D | 0.001    G | 0.001    B | 0.001    e | 0.001
2025-11-24 05:51:35 [meters] Hex input RMS -> E | 0.001    A | 0.001    D | 0.001    G | 0.001    B | 0.001    e | 0.001
2025-11-24 05:51:35 [meters] Hex input RMS -> E | 0.002    A | 0.002    D | 0.002    G | 0.002    B | 0.002    e | 0.002
2025-11-24 05:51:35 [meters] Hex input RMS -> E | 0.002    A | 0.002    D | 0.002    G | 0.002    B | 0.002    e | 0.002
2025-11-24 05:51:35 [meters] Hex input RMS -> E | 0.002    A | 0.002    D | 0.002    G | 0.002    B | 0.002    e | 0.002
2025-11-24 05:51:35 [meters] Hex input RMS -> E | 0.001    A | 0.001    D | 0.001    G | 0.001    B | 0.001    e | 0.001
2025-11-24 05:51:35 [meters] Hex input RMS -> E | 0.001    A | 0.001    D | 0.002    G | 0.001    B | 0.001    e | 0.001
2025-11-24 05:51:35 [meters] Hex input RMS -> E | 0.002    A | 0.002    D | 0.002    G | 0.002    B | 0.002    e | 0.002
2025-11-24 05:51:35 [meters] Hex input RMS -> E | 0.002    A | 0.002    D | 0.002    G | 0.002    B | 0.002    e | 0.002
2025-11-24 05:51:35 [meters] Hex input RMS -> E | 0.002    A | 0.001    D | 0.002    G | 0.001    B | 0.002    e | 0.001
2025-11-24 05:51:35 [meters] Hex input RMS -> E | 0.001    A | 0.001    D | 0.001    G | 0.001    B | 0.001    e | 0.001
2025-11-24 05:51:36 [meters] Hex input RMS -> E | 0.002    A | 0.002    D | 0.002    G | 0.002    B | 0.002    e | 0.001
2025-11-24 05:51:36 [meters] Hex input RMS -> E | 0.002    A | 0.002    D | 0.002    G | 0.002    B | 0.002    e | 0.002
2025-11-24 05:51:36 [meters] Hex input RMS -> E | 0.002    A | 0.002    D | 0.002    G | 0.002    B | 0.002    e | 0.002
2025-11-24 05:51:36 [meters] Hex input RMS -> E | 0.001    A | 0.001    D | 0.001    G | 0.001    B | 0.001    e | 0.001
2025-11-24 05:51:36 [meters] Hex input RMS -> E | 0.001    A | 0.001    D | 0.001    G | 0.001    B | 0.001    e | 0.001
2025-11-24 05:51:36 [meters] Hex input RMS -> E | 0.002    A | 0.002    D | 0.002    G | 0.002    B | 0.002    e | 0.002
2025-11-24 05:51:36 [meters] Hex input RMS -> E | 0.002    A | 0.002    D | 0.002    G | 0.002    B | 0.002    e | 0.002
2025-11-24 05:51:36 [meters] Hex input RMS -> E | 0.002    A | 0.002    D | 0.002    G | 0.002    B | 0.002    e | 0.002
2025-11-24 05:51:36 [meters] Hex input RMS -> E | 0.001    A | 0.001    D | 0.001    G | 0.001    B | 0.001    e | 0.001
2025-11-24 05:51:36 [meters] Hex input RMS -> E | 0.001    A | 0.001    D | 0.001    G | 0.001    B | 0.001    e | 0.001
2025-11-24 05:51:36 [meters] Hex input RMS -> E | 0.002    A | 0.002    D | 0.002    G | 0.002    B | 0.002    e | 0.002
2025-11-24 05:51:36 [meters] Hex input RMS -> E | 0.002    A | 0.002    D | 0.002    G | 0.002    B | 0.002    e | 0.002
2025-11-24 05:51:36 [meters] Hex input RMS -> E | 0.002    A | 0.002    D | 0.002    G | 0.002    B | 0.002    e | 0.001
2025-11-24 05:51:37 [meters] Hex input RMS -> E | 0.001    A | 0.001    D | 0.001    G | 0.001    B | 0.001    e | 0.001
2025-11-24 05:51:37 [meters] Hex input RMS -> E | 0.001    A | 0.001    D | 0.001    G | 0.001    B | 0.001    e | 0.001
2025-11-24 05:51:37 [meters] Hex input RMS -> E | 0.002    A | 0.002    D | 0.002    G | 0.002    B | 0.002    e | 0.002
2025-11-24 05:51:37 [meters] Hex input RMS -> E | 0.002    A | 0.002    D | 0.002    G | 0.002    B | 0.002    e | 0.002
2025-11-24 05:51:37 [meters] Hex input RMS -> E | 0.001    A | 0.001    D | 0.002    G | 0.001    B | 0.002    e | 0.001
2025-11-24 05:51:37 [meters] Hex input RMS -> E | 0.001    A | 0.001    D | 0.001    G | 0.001    B | 0.001    e | 0.001
2025-11-24 05:51:37 [meters] Hex input RMS -> E | 0.002    A | 0.002    D | 0.002    G | 0.002    B | 0.002    e | 0.001
2025-11-24 05:51:37 [meters] Hex input RMS -> E | 0.002    A | 0.002    D | 0.002    G | 0.002    B | 0.002    e | 0.002
2025-11-24 05:51:37 [meters] Hex input RMS -> E | 0.002    A | 0.002    D | 0.002    G | 0.002    B | 0.002    e | 0.002
2025-11-24 05:51:37 [meters] Hex input RMS -> E | 0.001    A | 0.001    D | 0.001    G | 0.001    B | 0.001    e | 0.001
2025-11-24 05:51:37 [meters] Hex input RMS -> E | 0.001    A | 0.001    D | 0.001    G | 0.001    B | 0.001    e | 0.001
2025-11-24 05:51:37 [meters] Hex input RMS -> E | 0.002    A | 0.002    D | 0.002    G | 0.002    B | 0.002    e | 0.002
2025-11-24 05:51:38 [meters] Hex input RMS -> E | 0.002    A | 0.002    D | 0.002    G | 0.002    B | 0.002    e | 0.002
2025-11-24 05:51:38 [meters] Hex input RMS -> E | 0.002    A | 0.002    D | 0.002    G | 0.002    B | 0.002    e | 0.002
2025-11-24 05:51:38 [meters] Hex input RMS -> E | 0.001    A | 0.001    D | 0.001    G | 0.001    B | 0.001    e | 0.001
2025-11-24 05:51:38 [meters] Hex input RMS -> E | 0.001    A | 0.001    D | 0.001    G | 0.001    B | 0.001    e | 0.001
2025-11-24 05:51:38 [meters] Hex input RMS -> E | 0.002    A | 0.002    D | 0.002    G | 0.002    B | 0.002    e | 0.002
2025-11-24 05:51:38 [meters] Hex input RMS -> E | 0.002    A | 0.002    D | 0.002    G | 0.002    B | 0.002    e | 0.002
2025-11-24 05:51:38 [meters] Hex input RMS -> E | 0.002    A | 0.002    D | 0.002    G | 0.002    B | 0.002    e | 0.002
2025-11-24 05:51:38 [meters] Hex input RMS -> E | 0.001    A | 0.001    D | 0.001    G | 0.001    B | 0.001    e | 0.001
2025-11-24 05:51:38 [meters] Hex input RMS -> E | 0.001    A | 0.001    D | 0.001    G | 0.001    B | 0.001    e | 0.001
2025-11-24 05:51:38 [meters] Hex input RMS -> E | 0.002    A | 0.002    D | 0.002    G | 0.002    B | 0.002    e | 0.002
2025-11-24 05:51:38 [meters] Hex input RMS -> E | 0.002    A | 0.002    D | 0.002    G | 0.002    B | 0.002    e | 0.002
2025-11-24 05:51:38 [meters] Hex input RMS -> E | 0.002    A | 0.002    D | 0.002    G | 0.002    B | 0.002    e | 0.001
2025-11-24 05:51:38 [meters] Hex input RMS -> E | 0.001    A | 0.001    D | 0.001    G | 0.001    B | 0.001    e | 0.001
2025-11-24 05:51:39 [meters] Hex input RMS -> E | 0.002    A | 0.002    D | 0.002    G | 0.002    B | 0.002    e | 0.002
2025-11-24 05:51:39 [meters] Hex input RMS -> E | 0.002    A | 0.002    D | 0.002    G | 0.002    B | 0.002    e | 0.002
2025-11-24 05:51:39 [meters] Hex input RMS -> E | 0.002    A | 0.002    D | 0.002    G | 0.002    B | 0.002    e | 0.002
2025-11-24 05:51:39 [meters] Hex input RMS -> E | 0.001    A | 0.001    D | 0.001    G | 0.001    B | 0.001    e | 0.001
2025-11-24 05:51:39 [meters] Hex input RMS -> E | 0.001    A | 0.001    D | 0.001    G | 0.001    B | 0.001    e | 0.001
2025-11-24 05:51:39 [meters] Hex input RMS -> E | 0.002    A | 0.002    D | 0.002    G | 0.002    B | 0.002    e | 0.002
2025-11-24 05:51:39 [meters] Hex input RMS -> E | 0.002    A | 0.002    D | 0.002    G | 0.002    B | 0.002    e | 0.002
2025-11-24 05:51:39 [meters] Hex input RMS -> E | 0.002    A | 0.002    D | 0.002    G | 0.002    B | 0.002    e | 0.002
2025-11-24 05:51:39 [meters] Hex input RMS -> E | 0.001    A | 0.001    D | 0.001    G | 0.001    B | 0.001    e | 0.001
2025-11-24 05:51:39 [meters] Hex input RMS -> E | 0.001    A | 0.001    D | 0.001    G | 0.001    B | 0.001    e | 0.001
2025-11-24 05:51:39 [meters] Hex input RMS -> E | 0.002    A | 0.002    D | 0.002    G | 0.002    B | 0.002    e | 0.002
2025-11-24 05:51:39 [meters] Hex input RMS -> E | 0.002    A | 0.002    D | 0.002    G | 0.002    B | 0.002    e | 0.002
2025-11-24 05:51:40 [meters] Hex input RMS -> E | 0.002    A | 0.002    D | 0.002    G | 0.002    B | 0.002    e | 0.002
2025-11-24 05:51:40 [meters] Hex input RMS -> E | 0.001    A | 0.001    D | 0.001    G | 0.001    B | 0.001    e | 0.001
2025-11-24 05:51:40 [meters] Hex input RMS -> E | 0.001    A | 0.001    D | 0.001    G | 0.001    B | 0.001    e | 0.001
2025-11-24 05:51:40 [meters] Hex input RMS -> E | 0.002    A | 0.002    D | 0.002    G | 0.002    B | 0.002    e | 0.002
2025-11-24 05:51:40 [meters] Hex input RMS -> E | 0.002    A | 0.002    D | 0.002    G | 0.002    B | 0.002    e | 0.002
2025-11-24 05:51:40 [meters] Hex input RMS -> E | 0.002    A | 0.002    D | 0.002    G | 0.001    B | 0.002    e | 0.001
2025-11-24 05:51:40 [meters] Hex input RMS -> E | 0.001    A | 0.001    D | 0.001    G | 0.001    B | 0.001    e | 0.001
2025-11-24 05:51:40 [meters] Hex input RMS -> E | 0.002    A | 0.001    D | 0.002    G | 0.002    B | 0.001    e | 0.001
2025-11-24 05:51:40 [meters] Hex input RMS -> E | 0.002    A | 0.002    D | 0.002    G | 0.002    B | 0.002    e | 0.002
2025-11-24 05:51:40 [meters] Hex input RMS -> E | 0.002    A | 0.002    D | 0.002    G | 0.002    B | 0.002    e | 0.002
2025-11-24 05:51:40 [meters] Hex input RMS -> E | 0.001    A | 0.001    D | 0.001    G | 0.001    B | 0.001    e | 0.001
2025-11-24 05:51:40 [meters] Hex input RMS -> E | 0.001    A | 0.001    D | 0.001    G | 0.001    B | 0.001    e | 0.001
2025-11-24 05:51:40 [meters] Hex input RMS -> E | 0.002    A | 0.002    D | 0.002    G | 0.002    B | 0.002    e | 0.002
2025-11-24 05:51:41 [meters] Hex input RMS -> E | 0.002    A | 0.002    D | 0.002    G | 0.002    B | 0.002    e | 0.002
2025-11-24 05:51:41 [meters] Hex input RMS -> E | 0.002    A | 0.002    D | 0.002    G | 0.002    B | 0.002    e | 0.002
2025-11-24 05:51:41 [meters] Hex input RMS -> E | 0.001    A | 0.001    D | 0.001    G | 0.001    B | 0.001    e | 0.001
2025-11-24 05:51:41 [meters] Hex input RMS -> E | 0.001    A | 0.001    D | 0.001    G | 0.001    B | 0.001    e | 0.001
2025-11-24 05:51:41 [meters] Hex input RMS -> E | 0.002    A | 0.002    D | 0.002    G | 0.002    B | 0.002    e | 0.002
2025-11-24 05:51:41 [meters] Hex input RMS -> E | 0.002    A | 0.002    D | 0.002    G | 0.002    B | 0.002    e | 0.002
2025-11-24 05:51:41 [meters] Hex input RMS -> E | 0.002    A | 0.002    D | 0.002    G | 0.002    B | 0.002    e | 0.002
2025-11-24 05:51:41 [meters] Hex input RMS -> E | 0.001    A | 0.001    D | 0.001    G | 0.001    B | 0.001    e | 0.001
2025-11-24 05:51:41 [meters] Hex input RMS -> E | 0.001    A | 0.001    D | 0.001    G | 0.001    B | 0.001    e | 0.001
2025-11-24 05:51:41 [meters] Hex input RMS -> E | 0.002    A | 0.002    D | 0.002    G | 0.002    B | 0.002    e | 0.002
2025-11-24 05:51:41 [meters] Hex input RMS -> E | 0.002    A | 0.002    D | 0.002    G | 0.002    B | 0.002    e | 0.002
2025-11-24 05:51:41 [meters] Hex input RMS -> E | 0.002    A | 0.002    D | 0.002    G | 0.001    B | 0.001    e | 0.001
2025-11-24 05:51:42 [meters] Hex input RMS -> E | 0.001    A | 0.001    D | 0.001    G | 0.001    B | 0.001    e | 0.001
2025-11-24 05:51:42 [meters] Hex input RMS -> E | 0.002    A | 0.002    D | 0.001    G | 0.002    B | 0.002    e | 0.001
2025-11-24 05:51:42 [meters] Hex input RMS -> E | 0.002    A | 0.002    D | 0.002    G | 0.002    B | 0.002    e | 0.002
2025-11-24 05:51:42 [meters] Hex input RMS -> E | 0.002    A | 0.002    D | 0.002    G | 0.002    B | 0.002    e | 0.002
2025-11-24 05:51:42 [meters] Hex input RMS -> E | 0.001    A | 0.001    D | 0.001    G | 0.001    B | 0.001    e | 0.001
2025-11-24 05:51:42 [meters] Hex input RMS -> E | 0.001    A | 0.001    D | 0.001    G | 0.001    B | 0.001    e | 0.001
2025-11-24 05:51:42 [meters] Hex input RMS -> E | 0.002    A | 0.002    D | 0.002    G | 0.002    B | 0.002    e | 0.002
2025-11-24 05:51:42 [meters] Hex input RMS -> E | 0.002    A | 0.002    D | 0.002    G | 0.002    B | 0.002    e | 0.002
2025-11-24 05:51:42 [meters] Hex input RMS -> E | 0.002    A | 0.002    D | 0.002    G | 0.002    B | 0.002    e | 0.002
2025-11-24 05:51:42 [meters] Hex input RMS -> E | 0.001    A | 0.001    D | 0.001    G | 0.001    B | 0.001    e | 0.001
2025-11-24 05:51:42 [meters] Hex input RMS -> E | 0.001    A | 0.001    D | 0.001    G | 0.001    B | 0.001    e | 0.001
2025-11-24 05:51:42 [meters] Hex input RMS -> E | 0.002    A | 0.002    D | 0.002    G | 0.002    B | 0.002    e | 0.002
2025-11-24 05:51:42 [meters] Hex input RMS -> E | 0.002    A | 0.002    D | 0.002    G | 0.002    B | 0.002    e | 0.002
2025-11-24 05:51:43 [meters] Hex input RMS -> E | 0.002    A | 0.002    D | 0.002    G | 0.002    B | 0.002    e | 0.002
2025-11-24 05:51:43 [meters] Hex input RMS -> E | 0.001    A | 0.001    D | 0.001    G | 0.001    B | 0.001    e | 0.001
2025-11-24 05:51:43 [meters] Hex input RMS -> E | 0.001    A | 0.001    D | 0.001    G | 0.001    B | 0.001    e | 0.001
2025-11-24 05:51:43 [meters] Hex input RMS -> E | 0.002    A | 0.002    D | 0.002    G | 0.002    B | 0.002    e | 0.002
2025-11-24 05:51:43 [meters] Hex input RMS -> E | 0.002    A | 0.002    D | 0.002    G | 0.002    B | 0.002    e | 0.002
2025-11-24 05:51:43 [meters] Hex input RMS -> E | 0.002    A | 0.002    D | 0.002    G | 0.001    B | 0.002    e | 0.001
2025-11-24 05:51:43 [meters] Hex input RMS -> E | 0.001    A | 0.001    D | 0.001    G | 0.001    B | 0.001    e | 0.001
2025-11-24 05:51:43 [meters] Hex input RMS -> E | 0.002    A | 0.001    D | 0.002    G | 0.001    B | 0.002    e | 0.001
2025-11-24 05:51:43 [meters] Hex input RMS -> E | 0.002    A | 0.002    D | 0.002    G | 0.002    B | 0.002    e | 0.002
2025-11-24 05:51:43 [meters] Hex input RMS -> E | 0.002    A | 0.002    D | 0.002    G | 0.002    B | 0.002    e | 0.002
2025-11-24 05:51:43 [meters] Hex input RMS -> E | 0.001    A | 0.001    D | 0.002    G | 0.001    B | 0.001    e | 0.001
2025-11-24 05:51:43 [meters] Hex input RMS -> E | 0.001    A | 0.001    D | 0.001    G | 0.001    B | 0.001    e | 0.001
2025-11-24 05:51:44 [meters] Hex input RMS -> E | 0.002    A | 0.002    D | 0.002    G | 0.002    B | 0.002    e | 0.002
2025-11-24 05:51:44 [meters] Hex input RMS -> E | 0.002    A | 0.002    D | 0.002    G | 0.002    B | 0.002    e | 0.002
2025-11-24 05:51:44 [meters] Hex input RMS -> E | 0.002    A | 0.002    D | 0.002    G | 0.002    B | 0.002    e | 0.002
2025-11-24 05:51:44 [meters] Hex input RMS -> E | 0.001    A | 0.001    D | 0.001    G | 0.001    B | 0.001    e | 0.001
2025-11-24 05:51:44 [meters] Hex input RMS -> E | 0.001    A | 0.001    D | 0.001    G | 0.001    B | 0.001    e | 0.001
2025-11-24 05:51:44 [meters] Hex input RMS -> E | 0.002    A | 0.002    D | 0.002    G | 0.002    B | 0.002    e | 0.002
2025-11-24 05:51:44 [meters] Hex input RMS -> E | 0.002    A | 0.002    D | 0.002    G | 0.002    B | 0.002    e | 0.002
2025-11-24 05:51:44 [meters] Hex input RMS -> E | 0.002    A | 0.002    D | 0.002    G | 0.002    B | 0.002    e | 0.002
2025-11-24 05:51:44 [meters] Hex input RMS -> E | 0.001    A | 0.001    D | 0.001    G | 0.001    B | 0.001    e | 0.001
2025-11-24 05:51:44 [meters] Hex input RMS -> E | 0.001    A | 0.001    D | 0.001    G | 0.001    B | 0.001    e | 0.001
2025-11-24 05:51:44 [meters] Hex input RMS -> E | 0.002    A | 0.002    D | 0.002    G | 0.002    B | 0.002    e | 0.002
2025-11-24 05:51:44 [meters] Hex input RMS -> E | 0.002    A | 0.002    D | 0.002    G | 0.002    B | 0.002    e | 0.002
2025-11-24 05:51:44 [meters] Hex input RMS -> E | 0.002    A | 0.002    D | 0.002    G | 0.002    B | 0.002    e | 0.001
2025-11-24 05:51:45 [meters] Hex input RMS -> E | 0.001    A | 0.001    D | 0.001    G | 0.001    B | 0.001    e | 0.001
2025-11-24 05:51:45 [meters] Hex input RMS -> E | 0.002    A | 0.001    D | 0.001    G | 0.002    B | 0.002    e | 0.002
2025-11-24 05:51:45 [meters] Hex input RMS -> E | 0.002    A | 0.002    D | 0.002    G | 0.002    B | 0.002    e | 0.002
2025-11-24 05:51:45 [meters] Hex input RMS -> E | 0.002    A | 0.002    D | 0.002    G | 0.002    B | 0.002    e | 0.002
2025-11-24 05:51:45 [meters] Hex input RMS -> E | 0.001    A | 0.001    D | 0.002    G | 0.001    B | 0.002    e | 0.001
2025-11-24 05:51:45 [meters] Hex input RMS -> E | 0.001    A | 0.001    D | 0.001    G | 0.001    B | 0.001    e | 0.001
2025-11-24 05:51:45 [meters] Hex input RMS -> E | 0.002    A | 0.002    D | 0.002    G | 0.002    B | 0.002    e | 0.002
2025-11-24 05:51:45 [meters] Hex input RMS -> E | 0.002    A | 0.002    D | 0.002    G | 0.002    B | 0.002    e | 0.002
2025-11-24 05:51:45 [meters] Hex input RMS -> E | 0.002    A | 0.002    D | 0.002    G | 0.002    B | 0.002    e | 0.002
2025-11-24 05:51:45 [meters] Hex input RMS -> E | 0.001    A | 0.001    D | 0.001    G | 0.001    B | 0.001    e | 0.001
2025-11-24 05:51:45 [meters] Hex input RMS -> E | 0.001    A | 0.001    D | 0.001    G | 0.001    B | 0.001    e | 0.001
2025-11-24 05:51:45 [meters] Hex input RMS -> E | 0.002    A | 0.002    D | 0.002    G | 0.002    B | 0.002    e | 0.002
2025-11-24 05:51:46 [meters] Hex input RMS -> E | 0.002    A | 0.002    D | 0.002    G | 0.002    B | 0.002    e | 0.002
2025-11-24 05:51:46 [meters] Hex input RMS -> E | 0.002    A | 0.002    D | 0.002    G | 0.002    B | 0.002    e | 0.002
2025-11-24 05:51:46 [meters] Hex input RMS -> E | 0.001    A | 0.001    D | 0.001    G | 0.001    B | 0.001    e | 0.001
2025-11-24 05:51:46 [meters] Hex input RMS -> E | 0.001    A | 0.001    D | 0.001    G | 0.001    B | 0.001    e | 0.001
2025-11-24 05:51:46 [meters] Hex input RMS -> E | 0.002    A | 0.002    D | 0.002    G | 0.002    B | 0.002    e | 0.002
2025-11-24 05:51:46 [meters] Hex input RMS -> E | 0.002    A | 0.002    D | 0.002    G | 0.002    B | 0.002    e | 0.002
2025-11-24 05:51:46 [meters] Hex input RMS -> E | 0.002    A | 0.002    D | 0.002    G | 0.001    B | 0.002    e | 0.001
2025-11-24 05:51:46 [meters] Hex input RMS -> E | 0.001    A | 0.001    D | 0.001    G | 0.001    B | 0.001    e | 0.001
2025-11-24 05:51:46 [meters] Hex input RMS -> E | 0.001    A | 0.001    D | 0.001    G | 0.002    B | 0.001    e | 0.001
2025-11-24 05:51:46 [meters] Hex input RMS -> E | 0.002    A | 0.002    D | 0.002    G | 0.002    B | 0.002    e | 0.002
2025-11-24 05:51:46 [meters] Hex input RMS -> E | 0.002    A | 0.002    D | 0.002    G | 0.002    B | 0.002    e | 0.002
2025-11-24 05:51:46 [meters] Hex input RMS -> E | 0.002    A | 0.001    D | 0.002    G | 0.001    B | 0.001    e | 0.001
2025-11-24 05:51:46 [meters] Hex input RMS -> E | 0.001    A | 0.001    D | 0.001    G | 0.001    B | 0.001    e | 0.001
2025-11-24 05:51:47 [meters] Hex input RMS -> E | 0.002    A | 0.002    D | 0.002    G | 0.002    B | 0.002    e | 0.002
2025-11-24 05:51:47 [meters] Hex input RMS -> E | 0.002    A | 0.002    D | 0.002    G | 0.002    B | 0.002    e | 0.002
2025-11-24 05:51:47 [meters] Hex input RMS -> E | 0.002    A | 0.002    D | 0.002    G | 0.002    B | 0.002    e | 0.002
2025-11-24 05:51:47 [meters] Hex input RMS -> E | 0.001    A | 0.001    D | 0.001    G | 0.001    B | 0.001    e | 0.001
2025-11-24 05:51:47 [meters] Hex input RMS -> E | 0.001    A | 0.001    D | 0.001    G | 0.001    B | 0.001    e | 0.001
2025-11-24 05:51:47 [meters] Hex input RMS -> E | 0.002    A | 0.002    D | 0.002    G | 0.002    B | 0.002    e | 0.002
2025-11-24 05:51:47 [meters] Hex input RMS -> E | 0.002    A | 0.002    D | 0.002    G | 0.002    B | 0.002    e | 0.002
2025-11-24 05:51:47 [meters] Hex input RMS -> E | 0.002    A | 0.002    D | 0.002    G | 0.002    B | 0.002    e | 0.002
2025-11-24 05:51:47 [meters] Hex input RMS -> E | 0.001    A | 0.001    D | 0.001    G | 0.001    B | 0.001    e | 0.001
2025-11-24 05:51:47 [meters] Hex input RMS -> E | 0.001    A | 0.001    D | 0.001    G | 0.001    B | 0.001    e | 0.001
2025-11-24 05:51:47 [meters] Hex input RMS -> E | 0.002    A | 0.002    D | 0.002    G | 0.002    B | 0.002    e | 0.002
2025-11-24 05:51:47 [meters] Hex input RMS -> E | 0.002    A | 0.002    D | 0.002    G | 0.002    B | 0.002    e | 0.002
2025-11-24 05:51:48 [meters] Hex input RMS -> E | 0.002    A | 0.002    D | 0.002    G | 0.001    B | 0.002    e | 0.001
2025-11-24 05:51:48 [meters] Hex input RMS -> E | 0.001    A | 0.001    D | 0.001    G | 0.001    B | 0.001    e | 0.001
2025-11-24 05:51:48 [meters] Hex input RMS -> E | 0.001    A | 0.001    D | 0.002    G | 0.001    B | 0.002    e | 0.001
2025-11-24 05:51:48 [meters] Hex input RMS -> E | 0.002    A | 0.002    D | 0.002    G | 0.002    B | 0.002    e | 0.002
2025-11-24 05:51:48 [meters] Hex input RMS -> E | 0.002    A | 0.002    D | 0.002    G | 0.002    B | 0.002    e | 0.002
2025-11-24 05:51:48 [meters] Hex input RMS -> E | 0.001    A | 0.001    D | 0.002    G | 0.001    B | 0.001    e | 0.001
2025-11-24 05:51:48 [meters] Hex input RMS -> E | 0.001    A | 0.001    D | 0.001    G | 0.001    B | 0.001    e | 0.001
2025-11-24 05:51:48 [meters] Hex input RMS -> E | 0.002    A | 0.002    D | 0.002    G | 0.002    B | 0.002    e | 0.002
2025-11-24 05:51:48 [meters] Hex input RMS -> E | 0.002    A | 0.002    D | 0.002    G | 0.002    B | 0.002    e | 0.002
2025-11-24 05:51:48 [meters] Hex input RMS -> E | 0.002    A | 0.002    D | 0.002    G | 0.002    B | 0.002    e | 0.002
2025-11-24 05:51:48 [meters] Hex input RMS -> E | 0.001    A | 0.001    D | 0.001    G | 0.001    B | 0.001    e | 0.001
2025-11-24 05:51:48 [meters] Hex input RMS -> E | 0.001    A | 0.001    D | 0.001    G | 0.001    B | 0.001    e | 0.001
2025-11-24 05:51:48 [meters] Hex input RMS -> E | 0.002    A | 0.002    D | 0.002    G | 0.002    B | 0.002    e | 0.002
2025-11-24 05:51:49 [meters] Hex input RMS -> E | 0.002    A | 0.002    D | 0.002    G | 0.002    B | 0.002    e | 0.002
2025-11-24 05:51:49 [meters] Hex input RMS -> E | 0.002    A | 0.002    D | 0.002    G | 0.002    B | 0.002    e | 0.002
2025-11-24 05:51:49 [meters] Hex input RMS -> E | 0.001    A | 0.001    D | 0.001    G | 0.001    B | 0.001    e | 0.001
2025-11-24 05:51:49 [meters] Hex input RMS -> E | 0.001    A | 0.001    D | 0.001    G | 0.001    B | 0.001    e | 0.001
2025-11-24 05:51:49 [meters] Hex input RMS -> E | 0.002    A | 0.002    D | 0.002    G | 0.002    B | 0.002    e | 0.002
2025-11-24 05:51:49 [meters] Hex input RMS -> E | 0.002    A | 0.002    D | 0.002    G | 0.002    B | 0.002    e | 0.002
2025-11-24 05:51:49 [meters] Hex input RMS -> E | 0.002    A | 0.002    D | 0.002    G | 0.002    B | 0.002    e | 0.001
2025-11-24 05:51:49 [meters] Hex input RMS -> E | 0.001    A | 0.001    D | 0.001    G | 0.001    B | 0.001    e | 0.001
2025-11-24 05:51:49 [meters] Hex input RMS -> E | 0.001    A | 0.001    D | 0.001    G | 0.002    B | 0.001    e | 0.001
2025-11-24 05:51:49 [meters] Hex input RMS -> E | 0.002    A | 0.002    D | 0.002    G | 0.002    B | 0.002    e | 0.002
2025-11-24 05:51:49 [meters] Hex input RMS -> E | 0.002    A | 0.002    D | 0.002    G | 0.002    B | 0.002    e | 0.002
2025-11-24 05:51:49 [meters] Hex input RMS -> E | 0.001    A | 0.001    D | 0.002    G | 0.001    B | 0.002    e | 0.001
2025-11-24 05:51:50 [meters] Hex input RMS -> E | 0.001    A | 0.001    D | 0.001    G | 0.001    B | 0.001    e | 0.001
2025-11-24 05:51:50 [meters] Hex input RMS -> E | 0.002    A | 0.002    D | 0.002    G | 0.002    B | 0.002    e | 0.002
2025-11-24 05:51:50 [meters] Hex input RMS -> E | 0.002    A | 0.002    D | 0.002    G | 0.002    B | 0.002    e | 0.002
2025-11-24 05:51:50 [meters] Hex input RMS -> E | 0.002    A | 0.002    D | 0.002    G | 0.002    B | 0.002    e | 0.002
2025-11-24 05:51:50 [meters] Hex input RMS -> E | 0.001    A | 0.001    D | 0.001    G | 0.001    B | 0.001    e | 0.001
2025-11-24 05:51:50 [meters] Hex input RMS -> E | 0.001    A | 0.001    D | 0.001    G | 0.001    B | 0.001    e | 0.001
2025-11-24 05:51:50 [meters] Hex input RMS -> E | 0.002    A | 0.002    D | 0.002    G | 0.002    B | 0.002    e | 0.002
2025-11-24 05:51:50 [meters] Hex input RMS -> E | 0.002    A | 0.002    D | 0.002    G | 0.002    B | 0.002    e | 0.002
2025-11-24 05:51:50 [meters] Hex input RMS -> E | 0.002    A | 0.002    D | 0.002    G | 0.002    B | 0.002    e | 0.002
2025-11-24 05:51:50 [meters] Hex input RMS -> E | 0.001    A | 0.001    D | 0.001    G | 0.001    B | 0.001    e | 0.001
2025-11-24 05:51:50 [meters] Hex input RMS -> E | 0.001    A | 0.001    D | 0.001    G | 0.001    B | 0.001    e | 0.001
2025-11-24 05:51:50 [meters] Hex input RMS -> E | 0.002    A | 0.002    D | 0.002    G | 0.002    B | 0.002    e | 0.002
2025-11-24 05:51:50 [meters] Hex input RMS -> E | 0.002    A | 0.002    D | 0.002    G | 0.002    B | 0.002    e | 0.002
2025-11-24 05:51:51 [meters] Hex input RMS -> E | 0.002    A | 0.002    D | 0.002    G | 0.002    B | 0.001    e | 0.001
2025-11-24 05:51:51 [meters] Hex input RMS -> E | 0.001    A | 0.001    D | 0.001    G | 0.001    B | 0.001    e | 0.001
2025-11-24 05:51:51 [meters] Hex input RMS -> E | 0.001    A | 0.001    D | 0.001    G | 0.001    B | 0.002    e | 0.001
2025-11-24 05:51:51 [meters] Hex input RMS -> E | 0.002    A | 0.002    D | 0.002    G | 0.002    B | 0.002    e | 0.002
2025-11-24 05:51:51 [meters] Hex input RMS -> E | 0.002    A | 0.002    D | 0.002    G | 0.002    B | 0.002    e | 0.002
2025-11-24 05:51:51 [meters] Hex input RMS -> E | 0.001    A | 0.001    D | 0.002    G | 0.001    B | 0.002    e | 0.001
2025-11-24 05:51:51 [meters] Hex input RMS -> E | 0.001    A | 0.001    D | 0.001    G | 0.001    B | 0.001    e | 0.001
2025-11-24 05:51:51 [meters] Hex input RMS -> E | 0.002    A | 0.002    D | 0.002    G | 0.002    B | 0.002    e | 0.002
2025-11-24 05:51:51 [meters] Hex input RMS -> E | 0.002    A | 0.002    D | 0.002    G | 0.002    B | 0.002    e | 0.002
2025-11-24 05:51:51 [meters] Hex input RMS -> E | 0.002    A | 0.002    D | 0.002    G | 0.002    B | 0.002    e | 0.002
2025-11-24 05:51:51 [meters] Hex input RMS -> E | 0.001    A | 0.001    D | 0.001    G | 0.001    B | 0.001    e | 0.001
2025-11-24 05:51:51 [meters] Hex input RMS -> E | 0.001    A | 0.001    D | 0.001    G | 0.001    B | 0.001    e | 0.001
2025-11-24 05:51:52 [meters] Hex input RMS -> E | 0.002    A | 0.002    D | 0.002    G | 0.002    B | 0.002    e | 0.002
2025-11-24 05:51:52 [meters] Hex input RMS -> E | 0.002    A | 0.002    D | 0.002    G | 0.002    B | 0.002    e | 0.002
2025-11-24 05:51:52 [meters] Hex input RMS -> E | 0.002    A | 0.002    D | 0.002    G | 0.002    B | 0.002    e | 0.002
2025-11-24 05:51:52 [meters] Hex input RMS -> E | 0.001    A | 0.001    D | 0.001    G | 0.001    B | 0.001    e | 0.001
2025-11-24 05:51:52 [meters] Hex input RMS -> E | 0.001    A | 0.001    D | 0.001    G | 0.001    B | 0.001    e | 0.001
2025-11-24 05:51:52 [meters] Hex input RMS -> E | 0.002    A | 0.002    D | 0.002    G | 0.002    B | 0.002    e | 0.002
2025-11-24 05:51:52 [meters] Hex input RMS -> E | 0.002    A | 0.002    D | 0.002    G | 0.002    B | 0.002    e | 0.002
2025-11-24 05:51:52 [meters] Hex input RMS -> E | 0.002    A | 0.002    D | 0.002    G | 0.002    B | 0.002    e | 0.002
2025-11-24 05:51:52 [meters] Hex input RMS -> E | 0.001    A | 0.001    D | 0.001    G | 0.001    B | 0.001    e | 0.001
2025-11-24 05:51:52 [meters] Hex input RMS -> E | 0.001    A | 0.001    D | 0.001    G | 0.001    B | 0.001    e | 0.001
2025-11-24 05:51:52 [meters] Hex input RMS -> E | 0.002    A | 0.002    D | 0.002    G | 0.002    B | 0.002    e | 0.002
2025-11-24 05:51:52 [meters] Hex input RMS -> E | 0.002    A | 0.002    D | 0.002    G | 0.002    B | 0.002    e | 0.002
2025-11-24 05:51:52 [meters] Hex input RMS -> E | 0.002    A | 0.001    D | 0.002    G | 0.001    B | 0.001    e | 0.001
2025-11-24 05:51:53 [meters] Hex input RMS -> E | 0.001    A | 0.001    D | 0.001    G | 0.001    B | 0.001    e | 0.001
2025-11-24 05:51:53 [meters] Hex input RMS -> E | 0.002    A | 0.001    D | 0.002    G | 0.002    B | 0.002    e | 0.002
2025-11-24 05:51:53 [meters] Hex input RMS -> E | 0.002    A | 0.002    D | 0.002    G | 0.002    B | 0.002    e | 0.002
2025-11-24 05:51:53 [meters] Hex input RMS -> E | 0.002    A | 0.002    D | 0.002    G | 0.002    B | 0.002    e | 0.002
2025-11-24 05:51:53 [meters] Hex input RMS -> E | 0.001    A | 0.001    D | 0.001    G | 0.001    B | 0.001    e | 0.001
2025-11-24 05:51:53 [meters] Hex input RMS -> E | 0.001    A | 0.001    D | 0.001    G | 0.001    B | 0.001    e | 0.001
2025-11-24 05:51:53 [meters] Hex input RMS -> E | 0.002    A | 0.002    D | 0.002    G | 0.002    B | 0.002    e | 0.002
2025-11-24 05:51:53 [meters] Hex input RMS -> E | 0.002    A | 0.002    D | 0.002    G | 0.002    B | 0.002    e | 0.002
2025-11-24 05:51:53 [meters] Hex input RMS -> E | 0.002    A | 0.002    D | 0.002    G | 0.002    B | 0.002    e | 0.002
2025-11-24 05:51:53 [meters] Hex input RMS -> E | 0.001    A | 0.001    D | 0.001    G | 0.001    B | 0.001    e | 0.001
2025-11-24 05:51:53 [meters] Hex input RMS -> E | 0.001    A | 0.001    D | 0.001    G | 0.001    B | 0.001    e | 0.001
2025-11-24 05:51:53 [meters] Hex input RMS -> E | 0.002    A | 0.002    D | 0.002    G | 0.002    B | 0.002    e | 0.002
2025-11-24 05:51:54 [meters] Hex input RMS -> E | 0.002    A | 0.002    D | 0.002    G | 0.002    B | 0.002    e | 0.002
2025-11-24 05:51:54 [meters] Hex input RMS -> E | 0.002    A | 0.002    D | 0.002    G | 0.002    B | 0.002    e | 0.001
2025-11-24 05:51:54 [meters] Hex input RMS -> E | 0.001    A | 0.001    D | 0.001    G | 0.001    B | 0.001    e | 0.001
2025-11-24 05:51:54 [meters] Hex input RMS -> E | 0.001    A | 0.001    D | 0.001    G | 0.001    B | 0.001    e | 0.001
2025-11-24 05:51:54 [meters] Hex input RMS -> E | 0.002    A | 0.002    D | 0.002    G | 0.002    B | 0.002    e | 0.002
2025-11-24 05:51:54 [meters] Hex input RMS -> E | 0.002    A | 0.002    D | 0.002    G | 0.002    B | 0.002    e | 0.002
2025-11-24 05:51:54 [meters] Hex input RMS -> E | 0.002    A | 0.002    D | 0.002    G | 0.002    B | 0.002    e | 0.001
2025-11-24 05:51:54 [meters] Hex input RMS -> E | 0.001    A | 0.001    D | 0.001    G | 0.001    B | 0.001    e | 0.001
2025-11-24 05:51:54 [meters] Hex input RMS -> E | 0.002    A | 0.002    D | 0.002    G | 0.001    B | 0.001    e | 0.002
2025-11-24 05:51:54 [meters] Hex input RMS -> E | 0.002    A | 0.002    D | 0.002    G | 0.002    B | 0.002    e | 0.002
2025-11-24 05:51:54 [meters] Hex input RMS -> E | 0.002    A | 0.002    D | 0.002    G | 0.002    B | 0.002    e | 0.002
2025-11-24 05:51:54 [meters] Hex input RMS -> E | 0.001    A | 0.001    D | 0.001    G | 0.001    B | 0.001    e | 0.001
2025-11-24 05:51:54 [meters] Hex input RMS -> E | 0.001    A | 0.001    D | 0.001    G | 0.001    B | 0.001    e | 0.001
2025-11-24 05:51:55 [meters] Hex input RMS -> E | 0.002    A | 0.002    D | 0.002    G | 0.002    B | 0.002    e | 0.002
2025-11-24 05:51:55 [meters] Hex input RMS -> E | 0.002    A | 0.002    D | 0.002    G | 0.002    B | 0.002    e | 0.002
2025-11-24 05:51:55 [meters] Hex input RMS -> E | 0.002    A | 0.002    D | 0.002    G | 0.002    B | 0.002    e | 0.002
2025-11-24 05:51:55 [meters] Hex input RMS -> E | 0.001    A | 0.001    D | 0.001    G | 0.001    B | 0.001    e | 0.001
2025-11-24 05:51:55 [meters] Hex input RMS -> E | 0.001    A | 0.001    D | 0.001    G | 0.001    B | 0.001    e | 0.001
2025-11-24 05:51:55 [meters] Hex input RMS -> E | 0.002    A | 0.002    D | 0.002    G | 0.002    B | 0.002    e | 0.002
2025-11-24 05:51:55 [meters] Hex input RMS -> E | 0.002    A | 0.002    D | 0.002    G | 0.002    B | 0.002    e | 0.002
2025-11-24 05:51:55 [meters] Hex input RMS -> E | 0.002    A | 0.002    D | 0.002    G | 0.002    B | 0.002    e | 0.002
2025-11-24 05:51:55 [meters] Hex input RMS -> E | 0.001    A | 0.001    D | 0.001    G | 0.001    B | 0.001    e | 0.001
2025-11-24 05:51:55 [meters] Hex input RMS -> E | 0.001    A | 0.001    D | 0.001    G | 0.001    B | 0.001    e | 0.001
2025-11-24 05:51:55 [meters] Hex input RMS -> E | 0.002    A | 0.002    D | 0.002    G | 0.002    B | 0.002    e | 0.002
2025-11-24 05:51:55 [meters] Hex input RMS -> E | 0.002    A | 0.002    D | 0.002    G | 0.002    B | 0.002    e | 0.002
2025-11-24 05:51:56 [meters] Hex input RMS -> E | 0.002    A | 0.001    D | 0.002    G | 0.001    B | 0.001    e | 0.001
2025-11-24 05:51:56 [meters] Hex input RMS -> E | 0.001    A | 0.001    D | 0.001    G | 0.001    B | 0.001    e | 0.001
2025-11-24 05:51:56 [meters] Hex input RMS -> E | 0.002    A | 0.002    D | 0.002    G | 0.001    B | 0.002    e | 0.002
2025-11-24 05:51:56 [meters] Hex input RMS -> E | 0.002    A | 0.002    D | 0.002    G | 0.002    B | 0.002    e | 0.002
2025-11-24 05:51:56 [meters] Hex input RMS -> E | 0.002    A | 0.002    D | 0.002    G | 0.002    B | 0.002    e | 0.002
2025-11-24 05:51:56 [meters] Hex input RMS -> E | 0.001    A | 0.001    D | 0.001    G | 0.001    B | 0.001    e | 0.001
2025-11-24 05:51:56 [meters] Hex input RMS -> E | 0.001    A | 0.001    D | 0.001    G | 0.001    B | 0.001    e | 0.001
2025-11-24 05:51:56 [meters] Hex input RMS -> E | 0.002    A | 0.002    D | 0.002    G | 0.002    B | 0.002    e | 0.002
2025-11-24 05:51:56 [meters] Hex input RMS -> E | 0.002    A | 0.002    D | 0.002    G | 0.002    B | 0.002    e | 0.002
2025-11-24 05:51:56 [meters] Hex input RMS -> E | 0.002    A | 0.002    D | 0.002    G | 0.002    B | 0.002    e | 0.002
2025-11-24 05:51:56 [meters] Hex input RMS -> E | 0.001    A | 0.001    D | 0.001    G | 0.001    B | 0.001    e | 0.001
2025-11-24 05:51:56 [meters] Hex input RMS -> E | 0.001    A | 0.001    D | 0.001    G | 0.001    B | 0.001    e | 0.001
2025-11-24 05:51:56 [meters] Hex input RMS -> E | 0.002    A | 0.002    D | 0.002    G | 0.002    B | 0.002    e | 0.002
2025-11-24 05:51:57 [meters] Hex input RMS -> E | 0.002    A | 0.002    D | 0.002    G | 0.002    B | 0.002    e | 0.002
2025-11-24 05:51:57 [meters] Hex input RMS -> E | 0.002    A | 0.002    D | 0.002    G | 0.002    B | 0.002    e | 0.002
2025-11-24 05:51:57 [meters] Hex input RMS -> E | 0.001    A | 0.001    D | 0.001    G | 0.001    B | 0.001    e | 0.001
2025-11-24 05:51:57 [meters] Hex input RMS -> E | 0.001    A | 0.001    D | 0.001    G | 0.001    B | 0.001    e | 0.001
2025-11-24 05:51:57 [meters] Hex input RMS -> E | 0.002    A | 0.002    D | 0.002    G | 0.002    B | 0.002    e | 0.002
2025-11-24 05:51:57 [meters] Hex input RMS -> E | 0.002    A | 0.002    D | 0.002    G | 0.002    B | 0.002    e | 0.002
2025-11-24 05:51:57 [meters] Hex input RMS -> E | 0.002    A | 0.001    D | 0.002    G | 0.001    B | 0.001    e | 0.001
2025-11-24 05:51:57 [meters] Hex input RMS -> E | 0.001    A | 0.001    D | 0.001    G | 0.001    B | 0.001    e | 0.001
2025-11-24 05:51:57 [meters] Hex input RMS -> E | 0.001    A | 0.001    D | 0.002    G | 0.002    B | 0.001    e | 0.002
2025-11-24 05:51:57 [meters] Hex input RMS -> E | 0.002    A | 0.002    D | 0.002    G | 0.002    B | 0.002    e | 0.002
2025-11-24 05:51:57 [meters] Hex input RMS -> E | 0.002    A | 0.002    D | 0.002    G | 0.002    B | 0.002    e | 0.002
2025-11-24 05:51:57 [meters] Hex input RMS -> E | 0.001    A | 0.001    D | 0.001    G | 0.001    B | 0.001    e | 0.001
2025-11-24 05:51:58 [meters] Hex input RMS -> E | 0.001    A | 0.001    D | 0.001    G | 0.001    B | 0.001    e | 0.001
2025-11-24 05:51:58 [meters] Hex input RMS -> E | 0.002    A | 0.002    D | 0.002    G | 0.002    B | 0.002    e | 0.002
2025-11-24 05:51:58 [meters] Hex input RMS -> E | 0.002    A | 0.002    D | 0.002    G | 0.002    B | 0.002    e | 0.002
2025-11-24 05:51:58 [meters] Hex input RMS -> E | 0.002    A | 0.002    D | 0.002    G | 0.002    B | 0.002    e | 0.002
2025-11-24 05:51:58 [meters] Hex input RMS -> E | 0.001    A | 0.001    D | 0.001    G | 0.001    B | 0.001    e | 0.001
2025-11-24 05:51:58 [meters] Hex input RMS -> E | 0.001    A | 0.001    D | 0.001    G | 0.001    B | 0.001    e | 0.001
2025-11-24 05:51:58 [meters] Hex input RMS -> E | 0.002    A | 0.002    D | 0.002    G | 0.002    B | 0.002    e | 0.002
2025-11-24 05:51:58 [meters] Hex input RMS -> E | 0.002    A | 0.002    D | 0.002    G | 0.002    B | 0.002    e | 0.002
2025-11-24 05:51:58 [meters] Hex input RMS -> E | 0.002    A | 0.002    D | 0.002    G | 0.002    B | 0.002    e | 0.002
2025-11-24 05:51:58 [meters] Hex input RMS -> E | 0.001    A | 0.001    D | 0.001    G | 0.001    B | 0.001    e | 0.001
2025-11-24 05:51:58 [meters] Hex input RMS -> E | 0.001    A | 0.001    D | 0.001    G | 0.001    B | 0.001    e | 0.001
2025-11-24 05:51:58 [meters] Hex input RMS -> E | 0.002    A | 0.002    D | 0.002    G | 0.002    B | 0.002    e | 0.002
2025-11-24 05:51:58 [meters] Hex input RMS -> E | 0.002    A | 0.002    D | 0.002    G | 0.002    B | 0.002    e | 0.002
2025-11-24 05:51:59 [meters] Hex input RMS -> E | 0.002    A | 0.001    D | 0.002    G | 0.001    B | 0.002    e | 0.001
2025-11-24 05:51:59 [meters] Hex input RMS -> E | 0.001    A | 0.001    D | 0.001    G | 0.001    B | 0.001    e | 0.001
2025-11-24 05:51:59 [meters] Hex input RMS -> E | 0.001    A | 0.002    D | 0.002    G | 0.001    B | 0.002    e | 0.001
2025-11-24 05:51:59 [meters] Hex input RMS -> E | 0.002    A | 0.002    D | 0.002    G | 0.002    B | 0.002    e | 0.002
2025-11-24 05:51:59 [meters] Hex input RMS -> E | 0.002    A | 0.002    D | 0.002    G | 0.002    B | 0.002    e | 0.002
2025-11-24 05:51:59 [meters] Hex input RMS -> E | 0.001    A | 0.001    D | 0.001    G | 0.001    B | 0.001    e | 0.001
2025-11-24 05:51:59 [meters] Hex input RMS -> E | 0.001    A | 0.001    D | 0.001    G | 0.001    B | 0.001    e | 0.001
2025-11-24 05:51:59 [meters] Hex input RMS -> E | 0.002    A | 0.002    D | 0.002    G | 0.002    B | 0.002    e | 0.002
2025-11-24 05:51:59 [meters] Hex input RMS -> E | 0.002    A | 0.002    D | 0.002    G | 0.002    B | 0.002    e | 0.002
2025-11-24 05:51:59 [meters] Hex input RMS -> E | 0.002    A | 0.002    D | 0.002    G | 0.002    B | 0.002    e | 0.002
2025-11-24 05:51:59 [meters] Hex input RMS -> E | 0.001    A | 0.001    D | 0.001    G | 0.001    B | 0.001    e | 0.001
2025-11-24 05:51:59 [meters] Hex input RMS -> E | 0.001    A | 0.001    D | 0.001    G | 0.001    B | 0.001    e | 0.001
2025-11-24 05:52:00 [meters] Hex input RMS -> E | 0.002    A | 0.002    D | 0.002    G | 0.002    B | 0.002    e | 0.002
2025-11-24 05:52:00 [meters] Hex input RMS -> E | 0.002    A | 0.002    D | 0.002    G | 0.002    B | 0.002    e | 0.002
2025-11-24 05:52:00 [meters] Hex input RMS -> E | 0.002    A | 0.002    D | 0.002    G | 0.002    B | 0.002    e | 0.002
2025-11-24 05:52:00 [meters] Hex input RMS -> E | 0.001    A | 0.001    D | 0.001    G | 0.001    B | 0.001    e | 0.001
2025-11-24 05:52:00 [meters] Hex input RMS -> E | 0.001    A | 0.001    D | 0.001    G | 0.001    B | 0.001    e | 0.001
2025-11-24 05:52:00 [meters] Hex input RMS -> E | 0.002    A | 0.002    D | 0.002    G | 0.002    B | 0.002    e | 0.002
2025-11-24 05:52:00 [meters] Hex input RMS -> E | 0.002    A | 0.002    D | 0.002    G | 0.002    B | 0.002    e | 0.002
2025-11-24 05:52:00 [meters] Hex input RMS -> E | 0.002    A | 0.001    D | 0.002    G | 0.001    B | 0.001    e | 0.001
2025-11-24 05:52:00 [meters] Hex input RMS -> E | 0.001    A | 0.001    D | 0.001    G | 0.001    B | 0.001    e | 0.001
2025-11-24 05:52:00 [meters] Hex input RMS -> E | 0.001    A | 0.002    D | 0.002    G | 0.002    B | 0.002    e | 0.001
2025-11-24 05:52:00 [meters] Hex input RMS -> E | 0.002    A | 0.002    D | 0.002    G | 0.002    B | 0.002    e | 0.002
2025-11-24 05:52:00 [meters] Hex input RMS -> E | 0.002    A | 0.002    D | 0.002    G | 0.002    B | 0.002    e | 0.002
2025-11-24 05:52:00 [meters] Hex input RMS -> E | 0.001    A | 0.001    D | 0.001    G | 0.001    B | 0.001    e | 0.001
2025-11-24 05:52:01 [meters] Hex input RMS -> E | 0.001    A | 0.001    D | 0.001    G | 0.001    B | 0.001    e | 0.001
2025-11-24 05:52:01 [meters] Hex input RMS -> E | 0.002    A | 0.002    D | 0.002    G | 0.002    B | 0.002    e | 0.002
2025-11-24 05:52:01 [meters] Hex input RMS -> E | 0.002    A | 0.002    D | 0.002    G | 0.002    B | 0.002    e | 0.002
2025-11-24 05:52:01 [meters] Hex input RMS -> E | 0.002    A | 0.002    D | 0.002    G | 0.002    B | 0.002    e | 0.002
2025-11-24 05:52:01 [meters] Hex input RMS -> E | 0.001    A | 0.001    D | 0.001    G | 0.001    B | 0.001    e | 0.001
2025-11-24 05:52:01 [meters] Hex input RMS -> E | 0.001    A | 0.001    D | 0.001    G | 0.001    B | 0.001    e | 0.001
2025-11-24 05:52:01 [meters] Hex input RMS -> E | 0.002    A | 0.002    D | 0.002    G | 0.002    B | 0.002    e | 0.002
2025-11-24 05:52:01 [meters] Hex input RMS -> E | 0.002    A | 0.002    D | 0.002    G | 0.002    B | 0.002    e | 0.002
2025-11-24 05:52:01 [meters] Hex input RMS -> E | 0.002    A | 0.002    D | 0.002    G | 0.002    B | 0.002    e | 0.002
2025-11-24 05:52:01 [meters] Hex input RMS -> E | 0.001    A | 0.001    D | 0.001    G | 0.001    B | 0.001    e | 0.001
2025-11-24 05:52:01 [meters] Hex input RMS -> E | 0.001    A | 0.001    D | 0.001    G | 0.001    B | 0.001    e | 0.001
2025-11-24 05:52:01 [meters] Hex input RMS -> E | 0.002    A | 0.002    D | 0.002    G | 0.002    B | 0.002    e | 0.002
2025-11-24 05:52:02 [meters] Hex input RMS -> E | 0.002    A | 0.002    D | 0.002    G | 0.002    B | 0.002    e | 0.002
2025-11-24 05:52:02 [meters] Hex input RMS -> E | 0.002    A | 0.002    D | 0.002    G | 0.001    B | 0.002    e | 0.001
2025-11-24 05:52:02 [meters] Hex input RMS -> E | 0.001    A | 0.001    D | 0.001    G | 0.001    B | 0.001    e | 0.001
2025-11-24 05:52:02 [meters] Hex input RMS -> E | 0.002    A | 0.001    D | 0.002    G | 0.001    B | 0.002    e | 0.002
2025-11-24 05:52:02 [meters] Hex input RMS -> E | 0.002    A | 0.002    D | 0.002    G | 0.002    B | 0.002    e | 0.002
2025-11-24 05:52:02 [meters] Hex input RMS -> E | 0.002    A | 0.002    D | 0.002    G | 0.002    B | 0.002    e | 0.002
2025-11-24 05:52:02 [meters] Hex input RMS -> E | 0.001    A | 0.001    D | 0.001    G | 0.001    B | 0.001    e | 0.001
2025-11-24 05:52:02 [meters] Hex input RMS -> E | 0.001    A | 0.001    D | 0.001    G | 0.001    B | 0.001    e | 0.001
2025-11-24 05:52:02 [meters] Hex input RMS -> E | 0.002    A | 0.002    D | 0.002    G | 0.002    B | 0.002    e | 0.002
2025-11-24 05:52:02 [meters] Hex input RMS -> E | 0.002    A | 0.002    D | 0.002    G | 0.002    B | 0.002    e | 0.002
2025-11-24 05:52:02 [meters] Hex input RMS -> E | 0.002    A | 0.002    D | 0.002    G | 0.002    B | 0.002    e | 0.002
2025-11-24 05:52:02 [meters] Hex input RMS -> E | 0.001    A | 0.001    D | 0.001    G | 0.001    B | 0.001    e | 0.001
2025-11-24 05:52:02 [meters] Hex input RMS -> E | 0.001    A | 0.001    D | 0.001    G | 0.001    B | 0.001    e | 0.001
2025-11-24 05:52:03 [meters] Hex input RMS -> E | 0.002    A | 0.002    D | 0.002    G | 0.002    B | 0.002    e | 0.002
2025-11-24 05:52:03 [meters] Hex input RMS -> E | 0.002    A | 0.002    D | 0.002    G | 0.002    B | 0.002    e | 0.002
2025-11-24 05:52:03 [meters] Hex input RMS -> E | 0.002    A | 0.002    D | 0.002    G | 0.002    B | 0.002    e | 0.002
2025-11-24 05:52:03 [meters] Hex input RMS -> E | 0.001    A | 0.001    D | 0.001    G | 0.001    B | 0.001    e | 0.001
2025-11-24 05:52:03 [meters] Hex input RMS -> E | 0.001    A | 0.001    D | 0.001    G | 0.001    B | 0.001    e | 0.001
2025-11-24 05:52:03 [meters] Hex input RMS -> E | 0.002    A | 0.002    D | 0.002    G | 0.002    B | 0.002    e | 0.002
2025-11-24 05:52:03 [meters] Hex input RMS -> E | 0.002    A | 0.002    D | 0.002    G | 0.002    B | 0.002    e | 0.002
2025-11-24 05:52:03 [meters] Hex input RMS -> E | 0.002    A | 0.002    D | 0.002    G | 0.002    B | 0.002    e | 0.001
2025-11-24 05:52:03 [meters] Hex input RMS -> E | 0.001    A | 0.001    D | 0.001    G | 0.001    B | 0.001    e | 0.001
2025-11-24 05:52:03 [meters] Hex input RMS -> E | 0.001    A | 0.001    D | 0.001    G | 0.001    B | 0.002    e | 0.001
2025-11-24 05:52:03 [meters] Hex input RMS -> E | 0.002    A | 0.002    D | 0.002    G | 0.002    B | 0.002    e | 0.002
2025-11-24 05:52:03 [meters] Hex input RMS -> E | 0.002    A | 0.002    D | 0.002    G | 0.002    B | 0.002    e | 0.002
2025-11-24 05:52:04 [meters] Hex input RMS -> E | 0.001    A | 0.001    D | 0.001    G | 0.001    B | 0.002    e | 0.001
2025-11-24 05:52:04 [meters] Hex input RMS -> E | 0.001    A | 0.001    D | 0.001    G | 0.001    B | 0.001    e | 0.001
2025-11-24 05:52:04 [meters] Hex input RMS -> E | 0.002    A | 0.002    D | 0.002    G | 0.002    B | 0.001    e | 0.002
2025-11-24 05:52:04 [meters] Hex input RMS -> E | 0.002    A | 0.002    D | 0.002    G | 0.002    B | 0.002    e | 0.002
2025-11-24 05:52:04 [meters] Hex input RMS -> E | 0.002    A | 0.002    D | 0.002    G | 0.002    B | 0.002    e | 0.002
2025-11-24 05:52:04 [meters] Hex input RMS -> E | 0.001    A | 0.001    D | 0.001    G | 0.001    B | 0.001    e | 0.001
2025-11-24 05:52:04 [meters] Hex input RMS -> E | 0.001    A | 0.001    D | 0.001    G | 0.001    B | 0.001    e | 0.001
2025-11-24 05:52:04 [meters] Hex input RMS -> E | 0.002    A | 0.002    D | 0.002    G | 0.002    B | 0.002    e | 0.002
2025-11-24 05:52:04 [meters] Hex input RMS -> E | 0.002    A | 0.002    D | 0.002    G | 0.002    B | 0.002    e | 0.002
2025-11-24 05:52:04 [meters] Hex input RMS -> E | 0.002    A | 0.002    D | 0.002    G | 0.002    B | 0.002    e | 0.002
2025-11-24 05:52:04 [meters] Hex input RMS -> E | 0.001    A | 0.001    D | 0.001    G | 0.001    B | 0.001    e | 0.001
2025-11-24 05:52:04 [meters] Hex input RMS -> E | 0.001    A | 0.001    D | 0.001    G | 0.001    B | 0.001    e | 0.001
2025-11-24 05:52:04 [meters] Hex input RMS -> E | 0.002    A | 0.002    D | 0.002    G | 0.002    B | 0.002    e | 0.002
2025-11-24 05:52:05 [meters] Hex input RMS -> E | 0.002    A | 0.002    D | 0.002    G | 0.002    B | 0.002    e | 0.002
2025-11-24 05:52:05 [meters] Hex input RMS -> E | 0.002    A | 0.002    D | 0.002    G | 0.002    B | 0.002    e | 0.001
2025-11-24 05:52:05 [meters] Hex input RMS -> E | 0.001    A | 0.001    D | 0.001    G | 0.001    B | 0.001    e | 0.001
2025-11-24 05:52:05 [meters] Hex input RMS -> E | 0.001    A | 0.002    D | 0.002    G | 0.002    B | 0.001    e | 0.001
2025-11-24 05:52:05 [meters] Hex input RMS -> E | 0.002    A | 0.002    D | 0.002    G | 0.002    B | 0.002    e | 0.002
2025-11-24 05:52:05 [meters] Hex input RMS -> E | 0.002    A | 0.002    D | 0.002    G | 0.002    B | 0.002    e | 0.002
2025-11-24 05:52:05 [meters] Hex input RMS -> E | 0.001    A | 0.001    D | 0.001    G | 0.001    B | 0.001    e | 0.001
2025-11-24 05:52:05 [meters] Hex input RMS -> E | 0.001    A | 0.001    D | 0.001    G | 0.001    B | 0.001    e | 0.001
2025-11-24 05:52:05 [meters] Hex input RMS -> E | 0.002    A | 0.002    D | 0.002    G | 0.002    B | 0.002    e | 0.002
2025-11-24 05:52:05 [meters] Hex input RMS -> E | 0.002    A | 0.002    D | 0.002    G | 0.002    B | 0.002    e | 0.002
2025-11-24 05:52:05 [meters] Hex input RMS -> E | 0.002    A | 0.002    D | 0.002    G | 0.002    B | 0.002    e | 0.002
2025-11-24 05:52:05 [meters] Hex input RMS -> E | 0.001    A | 0.001    D | 0.001    G | 0.001    B | 0.001    e | 0.001
2025-11-24 05:52:06 [meters] Hex input RMS -> E | 0.001    A | 0.001    D | 0.001    G | 0.001    B | 0.001    e | 0.001
2025-11-24 05:52:06 [meters] Hex input RMS -> E | 0.002    A | 0.002    D | 0.002    G | 0.002    B | 0.002    e | 0.002
2025-11-24 05:52:06 [meters] Hex input RMS -> E | 0.002    A | 0.002    D | 0.002    G | 0.002    B | 0.002    e | 0.002
2025-11-24 05:52:06 [meters] Hex input RMS -> E | 0.002    A | 0.002    D | 0.002    G | 0.002    B | 0.002    e | 0.002
2025-11-24 05:52:06 [meters] Hex input RMS -> E | 0.001    A | 0.001    D | 0.001    G | 0.001    B | 0.001    e | 0.001
2025-11-24 05:52:06 [meters] Hex input RMS -> E | 0.001    A | 0.001    D | 0.001    G | 0.001    B | 0.001    e | 0.001
2025-11-24 05:52:06 [meters] Hex input RMS -> E | 0.002    A | 0.002    D | 0.002    G | 0.002    B | 0.002    e | 0.002
2025-11-24 05:52:06 [meters] Hex input RMS -> E | 0.002    A | 0.002    D | 0.002    G | 0.002    B | 0.002    e | 0.002
2025-11-24 05:52:06 [meters] Hex input RMS -> E | 0.002    A | 0.001    D | 0.002    G | 0.001    B | 0.002    e | 0.002
2025-11-24 05:52:06 [meters] Hex input RMS -> E | 0.001    A | 0.001    D | 0.001    G | 0.001    B | 0.001    e | 0.001
2025-11-24 05:52:06 [meters] Hex input RMS -> E | 0.001    A | 0.001    D | 0.001    G | 0.002    B | 0.001    e | 0.001
2025-11-24 05:52:06 [meters] Hex input RMS -> E | 0.002    A | 0.002    D | 0.002    G | 0.002    B | 0.002    e | 0.002
2025-11-24 05:52:06 [meters] Hex input RMS -> E | 0.002    A | 0.002    D | 0.002    G | 0.002    B | 0.002    e | 0.002
2025-11-24 05:52:07 [meters] Hex input RMS -> E | 0.001    A | 0.001    D | 0.002    G | 0.001    B | 0.001    e | 0.001
2025-11-24 05:52:07 [meters] Hex input RMS -> E | 0.001    A | 0.001    D | 0.001    G | 0.001    B | 0.001    e | 0.001
2025-11-24 05:52:07 [meters] Hex input RMS -> E | 0.002    A | 0.002    D | 0.002    G | 0.002    B | 0.002    e | 0.002
2025-11-24 05:52:07 [meters] Hex input RMS -> E | 0.002    A | 0.002    D | 0.002    G | 0.002    B | 0.002    e | 0.002
2025-11-24 05:52:07 [meters] Hex input RMS -> E | 0.002    A | 0.002    D | 0.002    G | 0.002    B | 0.002    e | 0.002
2025-11-24 05:52:07 [meters] Hex input RMS -> E | 0.001    A | 0.001    D | 0.001    G | 0.001    B | 0.001    e | 0.001
2025-11-24 05:52:07 [meters] Hex input RMS -> E | 0.001    A | 0.001    D | 0.001    G | 0.001    B | 0.001    e | 0.001
2025-11-24 05:52:07 [meters] Hex input RMS -> E | 0.002    A | 0.002    D | 0.002    G | 0.002    B | 0.002    e | 0.002
2025-11-24 05:52:07 [meters] Hex input RMS -> E | 0.002    A | 0.002    D | 0.002    G | 0.002    B | 0.002    e | 0.002
2025-11-24 05:52:07 [meters] Hex input RMS -> E | 0.002    A | 0.002    D | 0.002    G | 0.002    B | 0.002    e | 0.002
2025-11-24 05:52:07 [meters] Hex input RMS -> E | 0.001    A | 0.001    D | 0.001    G | 0.001    B | 0.001    e | 0.001
2025-11-24 05:52:07 [meters] Hex input RMS -> E | 0.001    A | 0.001    D | 0.001    G | 0.001    B | 0.001    e | 0.001
2025-11-24 05:52:08 [meters] Hex input RMS -> E | 0.002    A | 0.002    D | 0.002    G | 0.002    B | 0.002    e | 0.002
2025-11-24 05:52:08 [meters] Hex input RMS -> E | 0.002    A | 0.002    D | 0.002    G | 0.002    B | 0.002    e | 0.002
2025-11-24 05:52:08 [meters] Hex input RMS -> E | 0.002    A | 0.002    D | 0.002    G | 0.002    B | 0.002    e | 0.001
2025-11-24 05:52:08 [meters] Hex input RMS -> E | 0.001    A | 0.001    D | 0.001    G | 0.001    B | 0.001    e | 0.001
2025-11-24 05:52:08 [meters] Hex input RMS -> E | 0.001    A | 0.001    D | 0.002    G | 0.002    B | 0.001    e | 0.001
2025-11-24 05:52:08 [meters] Hex input RMS -> E | 0.002    A | 0.002    D | 0.002    G | 0.002    B | 0.002    e | 0.002
2025-11-24 05:52:08 [meters] Hex input RMS -> E | 0.002    A | 0.002    D | 0.002    G | 0.002    B | 0.002    e | 0.002
2025-11-24 05:52:08 [meters] Hex input RMS -> E | 0.001    A | 0.001    D | 0.002    G | 0.002    B | 0.001    e | 0.001
2025-11-24 05:52:08 [meters] Hex input RMS -> E | 0.001    A | 0.001    D | 0.001    G | 0.001    B | 0.001    e | 0.001
2025-11-24 05:52:08 [meters] Hex input RMS -> E | 0.002    A | 0.002    D | 0.002    G | 0.002    B | 0.002    e | 0.002
2025-11-24 05:52:08 [meters] Hex input RMS -> E | 0.002    A | 0.002    D | 0.002    G | 0.002    B | 0.002    e | 0.002
2025-11-24 05:52:08 [meters] Hex input RMS -> E | 0.002    A | 0.002    D | 0.002    G | 0.002    B | 0.002    e | 0.002
2025-11-24 05:52:08 [meters] Hex input RMS -> E | 0.001    A | 0.001    D | 0.001    G | 0.001    B | 0.001    e | 0.001
2025-11-24 05:52:09 [meters] Hex input RMS -> E | 0.001    A | 0.001    D | 0.001    G | 0.001    B | 0.001    e | 0.001
2025-11-24 05:52:09 [meters] Hex input RMS -> E | 0.002    A | 0.002    D | 0.002    G | 0.002    B | 0.002    e | 0.002
2025-11-24 05:52:09 [meters] Hex input RMS -> E | 0.002    A | 0.002    D | 0.002    G | 0.002    B | 0.002    e | 0.002
2025-11-24 05:52:09 [meters] Hex input RMS -> E | 0.002    A | 0.002    D | 0.002    G | 0.002    B | 0.002    e | 0.002
2025-11-24 05:52:09 [meters] Hex input RMS -> E | 0.001    A | 0.001    D | 0.001    G | 0.001    B | 0.001    e | 0.001
2025-11-24 05:52:09 [meters] Hex input RMS -> E | 0.001    A | 0.001    D | 0.001    G | 0.001    B | 0.001    e | 0.001
2025-11-24 05:52:09 [meters] Hex input RMS -> E | 0.002    A | 0.002    D | 0.002    G | 0.002    B | 0.002    e | 0.002
2025-11-24 05:52:09 [meters] Hex input RMS -> E | 0.002    A | 0.002    D | 0.002    G | 0.002    B | 0.002    e | 0.002
2025-11-24 05:52:09 [meters] Hex input RMS -> E | 0.002    A | 0.002    D | 0.002    G | 0.001    B | 0.002    e | 0.002
2025-11-24 05:52:09 [meters] Hex input RMS -> E | 0.001    A | 0.001    D | 0.001    G | 0.001    B | 0.001    e | 0.001
2025-11-24 05:52:09 [meters] Hex input RMS -> E | 0.001    A | 0.001    D | 0.002    G | 0.002    B | 0.002    e | 0.001
2025-11-24 05:52:09 [meters] Hex input RMS -> E | 0.002    A | 0.002    D | 0.002    G | 0.002    B | 0.002    e | 0.002
2025-11-24 05:52:10 [meters] Hex input RMS -> E | 0.002    A | 0.002    D | 0.002    G | 0.002    B | 0.002    e | 0.002
2025-11-24 05:52:10 [meters] Hex input RMS -> E | 0.001    A | 0.001    D | 0.002    G | 0.001    B | 0.001    e | 0.001
2025-11-24 05:52:10 [meters] Hex input RMS -> E | 0.001    A | 0.001    D | 0.001    G | 0.001    B | 0.001    e | 0.001
2025-11-24 05:52:10 [meters] Hex input RMS -> E | 0.002    A | 0.002    D | 0.002    G | 0.002    B | 0.002    e | 0.001
2025-11-24 05:52:10 [meters] Hex input RMS -> E | 0.002    A | 0.002    D | 0.002    G | 0.002    B | 0.002    e | 0.002
2025-11-24 05:52:10 [meters] Hex input RMS -> E | 0.002    A | 0.002    D | 0.002    G | 0.002    B | 0.002    e | 0.002
2025-11-24 05:52:10 [meters] Hex input RMS -> E | 0.001    A | 0.001    D | 0.001    G | 0.001    B | 0.001    e | 0.001
2025-11-24 05:52:10 [meters] Hex input RMS -> E | 0.001    A | 0.001    D | 0.001    G | 0.001    B | 0.001    e | 0.001
2025-11-24 05:52:10 [meters] Hex input RMS -> E | 0.002    A | 0.002    D | 0.002    G | 0.002    B | 0.002    e | 0.002
2025-11-24 05:52:10 [meters] Hex input RMS -> E | 0.002    A | 0.002    D | 0.002    G | 0.002    B | 0.002    e | 0.002
2025-11-24 05:52:10 [meters] Hex input RMS -> E | 0.002    A | 0.002    D | 0.002    G | 0.002    B | 0.002    e | 0.002
2025-11-24 05:52:10 [meters] Hex input RMS -> E | 0.001    A | 0.001    D | 0.001    G | 0.001    B | 0.001    e | 0.001
2025-11-24 05:52:10 [meters] Hex input RMS -> E | 0.001    A | 0.001    D | 0.001    G | 0.001    B | 0.001    e | 0.001
2025-11-24 05:52:11 [meters] Hex input RMS -> E | 0.002    A | 0.002    D | 0.002    G | 0.002    B | 0.002    e | 0.002
2025-11-24 05:52:11 [meters] Hex input RMS -> E | 0.002    A | 0.002    D | 0.002    G | 0.002    B | 0.002    e | 0.002
2025-11-24 05:52:11 [meters] Hex input RMS -> E | 0.002    A | 0.002    D | 0.002    G | 0.002    B | 0.002    e | 0.001
2025-11-24 05:52:11 [meters] Hex input RMS -> E | 0.001    A | 0.001    D | 0.001    G | 0.001    B | 0.001    e | 0.001
2025-11-24 05:52:11 [meters] Hex input RMS -> E | 0.001    A | 0.001    D | 0.002    G | 0.001    B | 0.001    e | 0.001
2025-11-24 05:52:11 [meters] Hex input RMS -> E | 0.002    A | 0.002    D | 0.002    G | 0.002    B | 0.002    e | 0.002
2025-11-24 05:52:11 [meters] Hex input RMS -> E | 0.002    A | 0.002    D | 0.002    G | 0.002    B | 0.002    e | 0.002
2025-11-24 05:52:11 [meters] Hex input RMS -> E | 0.001    A | 0.001    D | 0.002    G | 0.001    B | 0.001    e | 0.001
2025-11-24 05:52:11 [meters] Hex input RMS -> E | 0.001    A | 0.001    D | 0.001    G | 0.001    B | 0.001    e | 0.001
2025-11-24 05:52:11 [meters] Hex input RMS -> E | 0.002    A | 0.002    D | 0.002    G | 0.001    B | 0.002    e | 0.002
2025-11-24 05:52:11 [meters] Hex input RMS -> E | 0.002    A | 0.002    D | 0.002    G | 0.002    B | 0.002    e | 0.002
2025-11-24 05:52:11 [meters] Hex input RMS -> E | 0.002    A | 0.002    D | 0.002    G | 0.002    B | 0.002    e | 0.002
2025-11-24 05:52:12 [meters] Hex input RMS -> E | 0.001    A | 0.001    D | 0.001    G | 0.001    B | 0.001    e | 0.001
2025-11-24 05:52:12 [meters] Hex input RMS -> E | 0.001    A | 0.001    D | 0.001    G | 0.001    B | 0.001    e | 0.001
2025-11-24 05:52:12 [meters] Hex input RMS -> E | 0.002    A | 0.002    D | 0.002    G | 0.002    B | 0.002    e | 0.002
2025-11-24 05:52:12 [meters] Hex input RMS -> E | 0.002    A | 0.002    D | 0.002    G | 0.002    B | 0.002    e | 0.002
2025-11-24 05:52:12 [meters] Hex input RMS -> E | 0.002    A | 0.002    D | 0.002    G | 0.002    B | 0.002    e | 0.002
2025-11-24 05:52:12 [meters] Hex input RMS -> E | 0.001    A | 0.001    D | 0.001    G | 0.001    B | 0.001    e | 0.001
2025-11-24 05:52:12 [meters] Hex input RMS -> E | 0.001    A | 0.001    D | 0.001    G | 0.001    B | 0.001    e | 0.001
2025-11-24 05:52:12 [meters] Hex input RMS -> E | 0.002    A | 0.002    D | 0.002    G | 0.002    B | 0.002    e | 0.002
2025-11-24 05:52:12 [meters] Hex input RMS -> E | 0.002    A | 0.002    D | 0.002    G | 0.002    B | 0.002    e | 0.002
2025-11-24 05:52:12 [meters] Hex input RMS -> E | 0.002    A | 0.002    D | 0.002    G | 0.002    B | 0.002    e | 0.002
2025-11-24 05:52:12 [meters] Hex input RMS -> E | 0.001    A | 0.001    D | 0.001    G | 0.001    B | 0.001    e | 0.001
2025-11-24 05:52:12 [meters] Hex input RMS -> E | 0.001    A | 0.001    D | 0.001    G | 0.001    B | 0.001    e | 0.001
2025-11-24 05:52:12 [meters] Hex input RMS -> E | 0.002    A | 0.002    D | 0.002    G | 0.002    B | 0.002    e | 0.002
2025-11-24 05:52:13 [meters] Hex input RMS -> E | 0.002    A | 0.002    D | 0.002    G | 0.002    B | 0.002    e | 0.002
2025-11-24 05:52:13 [meters] Hex input RMS -> E | 0.002    A | 0.001    D | 0.002    G | 0.001    B | 0.001    e | 0.001
2025-11-24 05:52:13 [meters] Hex input RMS -> E | 0.001    A | 0.001    D | 0.001    G | 0.001    B | 0.001    e | 0.001
2025-11-24 05:52:13 [meters] Hex input RMS -> E | 0.002    A | 0.002    D | 0.002    G | 0.002    B | 0.002    e | 0.002
2025-11-24 05:52:13 [meters] Hex input RMS -> E | 0.002    A | 0.002    D | 0.002    G | 0.002    B | 0.002    e | 0.002
2025-11-24 05:52:13 [meters] Hex input RMS -> E | 0.002    A | 0.002    D | 0.002    G | 0.002    B | 0.002    e | 0.002
2025-11-24 05:52:13 [meters] Hex input RMS -> E | 0.001    A | 0.001    D | 0.001    G | 0.001    B | 0.001    e | 0.001
2025-11-24 05:52:13 [meters] Hex input RMS -> E | 0.001    A | 0.001    D | 0.001    G | 0.001    B | 0.001    e | 0.001
2025-11-24 05:52:13 [meters] Hex input RMS -> E | 0.002    A | 0.002    D | 0.002    G | 0.002    B | 0.002    e | 0.002
2025-11-24 05:52:13 [meters] Hex input RMS -> E | 0.002    A | 0.002    D | 0.002    G | 0.002    B | 0.002    e | 0.002
2025-11-24 05:52:13 [meters] Hex input RMS -> E | 0.002    A | 0.002    D | 0.002    G | 0.002    B | 0.002    e | 0.002
2025-11-24 05:52:13 [meters] Hex input RMS -> E | 0.001    A | 0.001    D | 0.001    G | 0.001    B | 0.001    e | 0.001
2025-11-24 05:52:14 [meters] Hex input RMS -> E | 0.001    A | 0.001    D | 0.001    G | 0.001    B | 0.001    e | 0.001
2025-11-24 05:52:14 [meters] Hex input RMS -> E | 0.002    A | 0.002    D | 0.002    G | 0.002    B | 0.002    e | 0.002
2025-11-24 05:52:14 [meters] Hex input RMS -> E | 0.002    A | 0.002    D | 0.002    G | 0.002    B | 0.002    e | 0.002
2025-11-24 05:52:14 [meters] Hex input RMS -> E | 0.002    A | 0.002    D | 0.002    G | 0.002    B | 0.002    e | 0.001
2025-11-24 05:52:14 [meters] Hex input RMS -> E | 0.001    A | 0.001    D | 0.001    G | 0.001    B | 0.001    e | 0.001
2025-11-24 05:52:14 [meters] Hex input RMS -> E | 0.001    A | 0.001    D | 0.002    G | 0.001    B | 0.002    e | 0.001
2025-11-24 05:52:14 [meters] Hex input RMS -> E | 0.002    A | 0.002    D | 0.002    G | 0.002    B | 0.002    e | 0.002
2025-11-24 05:52:14 [meters] Hex input RMS -> E | 0.002    A | 0.002    D | 0.002    G | 0.002    B | 0.002    e | 0.002
2025-11-24 05:52:14 [meters] Hex input RMS -> E | 0.002    A | 0.001    D | 0.002    G | 0.002    B | 0.002    e | 0.001
2025-11-24 05:52:14 [meters] Hex input RMS -> E | 0.001    A | 0.001    D | 0.001    G | 0.001    B | 0.001    e | 0.001
2025-11-24 05:52:14 [meters] Hex input RMS -> E | 0.002    A | 0.002    D | 0.002    G | 0.002    B | 0.002    e | 0.002
2025-11-24 05:52:14 [meters] Hex input RMS -> E | 0.002    A | 0.002    D | 0.002    G | 0.002    B | 0.002    e | 0.002
2025-11-24 05:52:14 [meters] Hex input RMS -> E | 0.002    A | 0.002    D | 0.002    G | 0.002    B | 0.002    e | 0.002
2025-11-24 05:52:15 [meters] Hex input RMS -> E | 0.001    A | 0.001    D | 0.002    G | 0.001    B | 0.001    e | 0.001
2025-11-24 05:52:15 [meters] Hex input RMS -> E | 0.001    A | 0.001    D | 0.001    G | 0.001    B | 0.001    e | 0.001
2025-11-24 05:52:15 [meters] Hex input RMS -> E | 0.002    A | 0.002    D | 0.002    G | 0.002    B | 0.002    e | 0.002
2025-11-24 05:52:15 [meters] Hex input RMS -> E | 0.002    A | 0.002    D | 0.002    G | 0.002    B | 0.002    e | 0.002
2025-11-24 05:52:15 [meters] Hex input RMS -> E | 0.002    A | 0.002    D | 0.002    G | 0.002    B | 0.002    e | 0.002
2025-11-24 05:52:15 [meters] Hex input RMS -> E | 0.001    A | 0.001    D | 0.001    G | 0.001    B | 0.001    e | 0.001
2025-11-24 05:52:15 [meters] Hex input RMS -> E | 0.001    A | 0.001    D | 0.001    G | 0.001    B | 0.001    e | 0.001
2025-11-24 05:52:15 [meters] Hex input RMS -> E | 0.002    A | 0.002    D | 0.002    G | 0.002    B | 0.002    e | 0.002
2025-11-24 05:52:15 [meters] Hex input RMS -> E | 0.002    A | 0.002    D | 0.002    G | 0.002    B | 0.002    e | 0.002
2025-11-24 05:52:15 [meters] Hex input RMS -> E | 0.002    A | 0.002    D | 0.002    G | 0.002    B | 0.002    e | 0.001
2025-11-24 05:52:15 [meters] Hex input RMS -> E | 0.001    A | 0.001    D | 0.001    G | 0.001    B | 0.001    e | 0.001
2025-11-24 05:52:15 [meters] Hex input RMS -> E | 0.001    A | 0.001    D | 0.001    G | 0.001    B | 0.001    e | 0.001
2025-11-24 05:52:16 [meters] Hex input RMS -> E | 0.002    A | 0.002    D | 0.002    G | 0.002    B | 0.002    e | 0.002
2025-11-24 05:52:16 [meters] Hex input RMS -> E | 0.002    A | 0.002    D | 0.002    G | 0.002    B | 0.002    e | 0.002
2025-11-24 05:52:16 [meters] Hex input RMS -> E | 0.002    A | 0.002    D | 0.002    G | 0.001    B | 0.002    e | 0.001
2025-11-24 05:52:16 [meters] Hex input RMS -> E | 0.001    A | 0.001    D | 0.001    G | 0.001    B | 0.001    e | 0.001
2025-11-24 05:52:16 [meters] Hex input RMS -> E | 0.002    A | 0.002    D | 0.002    G | 0.001    B | 0.002    e | 0.002
2025-11-24 05:52:16 [meters] Hex input RMS -> E | 0.002    A | 0.002    D | 0.002    G | 0.002    B | 0.002    e | 0.002
2025-11-24 05:52:16 [meters] Hex input RMS -> E | 0.002    A | 0.002    D | 0.002    G | 0.002    B | 0.002    e | 0.002
2025-11-24 05:52:16 [meters] Hex input RMS -> E | 0.001    A | 0.001    D | 0.001    G | 0.001    B | 0.001    e | 0.001
2025-11-24 05:52:16 [meters] Hex input RMS -> E | 0.001    A | 0.001    D | 0.001    G | 0.001    B | 0.001    e | 0.001
2025-11-24 05:52:16 [meters] Hex input RMS -> E | 0.002    A | 0.002    D | 0.002    G | 0.002    B | 0.002    e | 0.002
2025-11-24 05:52:16 [meters] Hex input RMS -> E | 0.002    A | 0.002    D | 0.002    G | 0.002    B | 0.002    e | 0.002
2025-11-24 05:52:16 [meters] Hex input RMS -> E | 0.002    A | 0.002    D | 0.002    G | 0.002    B | 0.002    e | 0.002
2025-11-24 05:52:16 [meters] Hex input RMS -> E | 0.001    A | 0.001    D | 0.001    G | 0.001    B | 0.001    e | 0.001
2025-11-24 05:52:17 [meters] Hex input RMS -> E | 0.001    A | 0.001    D | 0.001    G | 0.001    B | 0.001    e | 0.001
2025-11-24 05:52:17 [meters] Hex input RMS -> E | 0.002    A | 0.002    D | 0.002    G | 0.002    B | 0.002    e | 0.002
2025-11-24 05:52:17 [meters] Hex input RMS -> E | 0.002    A | 0.002    D | 0.002    G | 0.002    B | 0.002    e | 0.002
2025-11-24 05:52:17 [meters] Hex input RMS -> E | 0.002    A | 0.002    D | 0.002    G | 0.002    B | 0.002    e | 0.002
2025-11-24 05:52:17 [meters] Hex input RMS -> E | 0.001    A | 0.001    D | 0.001    G | 0.001    B | 0.001    e | 0.001
2025-11-24 05:52:17 [meters] Hex input RMS -> E | 0.001    A | 0.001    D | 0.001    G | 0.001    B | 0.001    e | 0.001
2025-11-24 05:52:17 [meters] Hex input RMS -> E | 0.002    A | 0.002    D | 0.002    G | 0.002    B | 0.002    e | 0.002
2025-11-24 05:52:17 [meters] Hex input RMS -> E | 0.002    A | 0.002    D | 0.002    G | 0.002    B | 0.002    e | 0.002
2025-11-24 05:52:17 [meters] Hex input RMS -> E | 0.002    A | 0.002    D | 0.002    G | 0.002    B | 0.001    e | 0.001
2025-11-24 05:52:17 [meters] Hex input RMS -> E | 0.001    A | 0.001    D | 0.001    G | 0.001    B | 0.001    e | 0.001
2025-11-24 05:52:17 [meters] Hex input RMS -> E | 0.002    A | 0.001    D | 0.002    G | 0.001    B | 0.001    e | 0.002
2025-11-24 05:52:17 [meters] Hex input RMS -> E | 0.002    A | 0.002    D | 0.002    G | 0.002    B | 0.002    e | 0.002
2025-11-24 05:52:18 [meters] Hex input RMS -> E | 0.002    A | 0.002    D | 0.002    G | 0.002    B | 0.002    e | 0.002
2025-11-24 05:52:18 [meters] Hex input RMS -> E | 0.001    A | 0.001    D | 0.002    G | 0.001    B | 0.001    e | 0.001
2025-11-24 05:52:18 [meters] Hex input RMS -> E | 0.001    A | 0.001    D | 0.001    G | 0.001    B | 0.001    e | 0.001
2025-11-24 05:52:18 [meters] Hex input RMS -> E | 0.002    A | 0.002    D | 0.002    G | 0.002    B | 0.002    e | 0.002
2025-11-24 05:52:18 [meters] Hex input RMS -> E | 0.002    A | 0.002    D | 0.002    G | 0.002    B | 0.002    e | 0.002
2025-11-24 05:52:18 [meters] Hex input RMS -> E | 0.002    A | 0.002    D | 0.002    G | 0.002    B | 0.002    e | 0.002
2025-11-24 05:52:18 [meters] Hex input RMS -> E | 0.001    A | 0.001    D | 0.001    G | 0.001    B | 0.001    e | 0.001
2025-11-24 05:52:18 [meters] Hex input RMS -> E | 0.001    A | 0.001    D | 0.001    G | 0.001    B | 0.001    e | 0.001
2025-11-24 05:52:18 [meters] Hex input RMS -> E | 0.002    A | 0.002    D | 0.002    G | 0.002    B | 0.002    e | 0.002
2025-11-24 05:52:18 [meters] Hex input RMS -> E | 0.002    A | 0.002    D | 0.002    G | 0.002    B | 0.002    e | 0.002
2025-11-24 05:52:18 [meters] Hex input RMS -> E | 0.002    A | 0.002    D | 0.002    G | 0.002    B | 0.002    e | 0.002
2025-11-24 05:52:18 [meters] Hex input RMS -> E | 0.001    A | 0.001    D | 0.001    G | 0.001    B | 0.001    e | 0.001
2025-11-24 05:52:18 [meters] Hex input RMS -> E | 0.001    A | 0.001    D | 0.001    G | 0.001    B | 0.001    e | 0.001
2025-11-24 05:52:19 [meters] Hex input RMS -> E | 0.002    A | 0.002    D | 0.002    G | 0.002    B | 0.002    e | 0.002
2025-11-24 05:52:19 [meters] Hex input RMS -> E | 0.002    A | 0.002    D | 0.002    G | 0.002    B | 0.002    e | 0.002
2025-11-24 05:52:19 [meters] Hex input RMS -> E | 0.002    A | 0.002    D | 0.002    G | 0.001    B | 0.002    e | 0.001
2025-11-24 05:52:19 [meters] Hex input RMS -> E | 0.001    A | 0.001    D | 0.001    G | 0.001    B | 0.001    e | 0.001
2025-11-24 05:52:19 [meters] Hex input RMS -> E | 0.002    A | 0.001    D | 0.002    G | 0.002    B | 0.001    e | 0.002
2025-11-24 05:52:19 [meters] Hex input RMS -> E | 0.002    A | 0.002    D | 0.002    G | 0.002    B | 0.002    e | 0.002
2025-11-24 05:52:19 [meters] Hex input RMS -> E | 0.002    A | 0.002    D | 0.002    G | 0.002    B | 0.002    e | 0.002
2025-11-24 05:52:19 [meters] Hex input RMS -> E | 0.001    A | 0.001    D | 0.002    G | 0.001    B | 0.001    e | 0.001
2025-11-24 05:52:19 [meters] Hex input RMS -> E | 0.001    A | 0.001    D | 0.001    G | 0.001    B | 0.001    e | 0.001
2025-11-24 05:52:19 [meters] Hex input RMS -> E | 0.002    A | 0.002    D | 0.002    G | 0.002    B | 0.002    e | 0.002
2025-11-24 05:52:19 [meters] Hex input RMS -> E | 0.002    A | 0.002    D | 0.002    G | 0.002    B | 0.002    e | 0.002
2025-11-24 05:52:19 [meters] Hex input RMS -> E | 0.002    A | 0.002    D | 0.002    G | 0.002    B | 0.002    e | 0.002
2025-11-24 05:52:20 [meters] Hex input RMS -> E | 0.001    A | 0.001    D | 0.001    G | 0.001    B | 0.001    e | 0.001
2025-11-24 05:52:20 [meters] Hex input RMS -> E | 0.001    A | 0.001    D | 0.001    G | 0.001    B | 0.001    e | 0.001
2025-11-24 05:52:20 [meters] Hex input RMS -> E | 0.002    A | 0.002    D | 0.002    G | 0.002    B | 0.002    e | 0.002
2025-11-24 05:52:20 [meters] Hex input RMS -> E | 0.002    A | 0.002    D | 0.002    G | 0.002    B | 0.002    e | 0.002
2025-11-24 05:52:20 [meters] Hex input RMS -> E | 0.002    A | 0.002    D | 0.002    G | 0.002    B | 0.002    e | 0.001
2025-11-24 05:52:20 [meters] Hex input RMS -> E | 0.001    A | 0.001    D | 0.001    G | 0.001    B | 0.001    e | 0.001
2025-11-24 05:52:20 [meters] Hex input RMS -> E | 0.001    A | 0.001    D | 0.001    G | 0.001    B | 0.001    e | 0.001
2025-11-24 05:52:20 [meters] Hex input RMS -> E | 0.002    A | 0.002    D | 0.002    G | 0.002    B | 0.002    e | 0.002
2025-11-24 05:52:20 [meters] Hex input RMS -> E | 0.002    A | 0.002    D | 0.002    G | 0.002    B | 0.002    e | 0.002
2025-11-24 05:52:20 [meters] Hex input RMS -> E | 0.002    A | 0.002    D | 0.002    G | 0.001    B | 0.001    e | 0.002
2025-11-24 05:52:20 [meters] Hex input RMS -> E | 0.001    A | 0.001    D | 0.001    G | 0.001    B | 0.001    e | 0.001
2025-11-24 05:52:20 [meters] Hex input RMS -> E | 0.002    A | 0.001    D | 0.002    G | 0.001    B | 0.002    e | 0.001
2025-11-24 05:52:20 [meters] Hex input RMS -> E | 0.002    A | 0.002    D | 0.002    G | 0.002    B | 0.002    e | 0.002
2025-11-24 05:52:21 [meters] Hex input RMS -> E | 0.002    A | 0.002    D | 0.002    G | 0.002    B | 0.002    e | 0.002
2025-11-24 05:52:21 [meters] Hex input RMS -> E | 0.001    A | 0.001    D | 0.001    G | 0.001    B | 0.001    e | 0.001
2025-11-24 05:52:21 [meters] Hex input RMS -> E | 0.001    A | 0.001    D | 0.001    G | 0.001    B | 0.001    e | 0.001
2025-11-24 05:52:21 [meters] Hex input RMS -> E | 0.002    A | 0.002    D | 0.002    G | 0.002    B | 0.002    e | 0.002
2025-11-24 05:52:21 [meters] Hex input RMS -> E | 0.002    A | 0.002    D | 0.002    G | 0.002    B | 0.002    e | 0.002
2025-11-24 05:52:21 [meters] Hex input RMS -> E | 0.002    A | 0.002    D | 0.002    G | 0.002    B | 0.002    e | 0.002
2025-11-24 05:52:21 [meters] Hex input RMS -> E | 0.001    A | 0.001    D | 0.001    G | 0.001    B | 0.001    e | 0.001
2025-11-24 05:52:21 [meters] Hex input RMS -> E | 0.001    A | 0.001    D | 0.001    G | 0.001    B | 0.001    e | 0.001
2025-11-24 05:52:21 [meters] Hex input RMS -> E | 0.002    A | 0.002    D | 0.002    G | 0.002    B | 0.002    e | 0.002
2025-11-24 05:52:21 [meters] Hex input RMS -> E | 0.002    A | 0.002    D | 0.002    G | 0.002    B | 0.002    e | 0.002
2025-11-24 05:52:21 [meters] Hex input RMS -> E | 0.002    A | 0.002    D | 0.002    G | 0.002    B | 0.002    e | 0.002
2025-11-24 05:52:21 [meters] Hex input RMS -> E | 0.001    A | 0.001    D | 0.001    G | 0.001    B | 0.001    e | 0.001
2025-11-24 05:52:22 [meters] Hex input RMS -> E | 0.001    A | 0.001    D | 0.001    G | 0.001    B | 0.001    e | 0.001
2025-11-24 05:52:22 [meters] Hex input RMS -> E | 0.002    A | 0.002    D | 0.002    G | 0.002    B | 0.002    e | 0.002
2025-11-24 05:52:22 [meters] Hex input RMS -> E | 0.002    A | 0.002    D | 0.002    G | 0.002    B | 0.002    e | 0.002
2025-11-24 05:52:22 [meters] Hex input RMS -> E | 0.002    A | 0.002    D | 0.002    G | 0.001    B | 0.002    e | 0.001
2025-11-24 05:52:22 [meters] Hex input RMS -> E | 0.001    A | 0.001    D | 0.001    G | 0.001    B | 0.001    e | 0.001
2025-11-24 05:52:22 [meters] Hex input RMS -> E | 0.002    A | 0.002    D | 0.001    G | 0.001    B | 0.002    e | 0.001
2025-11-24 05:52:22 [meters] Hex input RMS -> E | 0.002    A | 0.002    D | 0.002    G | 0.002    B | 0.002    e | 0.002
2025-11-24 05:52:22 [meters] Hex input RMS -> E | 0.002    A | 0.002    D | 0.002    G | 0.002    B | 0.002    e | 0.002
2025-11-24 05:52:22 [meters] Hex input RMS -> E | 0.001    A | 0.001    D | 0.002    G | 0.001    B | 0.001    e | 0.001
2025-11-24 05:52:22 [meters] Hex input RMS -> E | 0.001    A | 0.001    D | 0.001    G | 0.001    B | 0.001    e | 0.001
2025-11-24 05:52:22 [meters] Hex input RMS -> E | 0.002    A | 0.002    D | 0.002    G | 0.002    B | 0.002    e | 0.002
2025-11-24 05:52:22 [meters] Hex input RMS -> E | 0.002    A | 0.002    D | 0.002    G | 0.002    B | 0.002    e | 0.002
2025-11-24 05:52:22 [meters] Hex input RMS -> E | 0.002    A | 0.002    D | 0.002    G | 0.002    B | 0.002    e | 0.002
2025-11-24 05:52:23 [meters] Hex input RMS -> E | 0.001    A | 0.001    D | 0.001    G | 0.001    B | 0.001    e | 0.001
2025-11-24 05:52:23 [meters] Hex input RMS -> E | 0.001    A | 0.001    D | 0.001    G | 0.001    B | 0.001    e | 0.001
2025-11-24 05:52:23 [meters] Hex input RMS -> E | 0.002    A | 0.002    D | 0.002    G | 0.002    B | 0.002    e | 0.002
2025-11-24 05:52:23 [meters] Hex input RMS -> E | 0.002    A | 0.002    D | 0.002    G | 0.002    B | 0.002    e | 0.002
2025-11-24 05:52:23 [meters] Hex input RMS -> E | 0.002    A | 0.002    D | 0.002    G | 0.002    B | 0.002    e | 0.002
2025-11-24 05:52:23 [meters] Hex input RMS -> E | 0.001    A | 0.001    D | 0.001    G | 0.001    B | 0.001    e | 0.001
2025-11-24 05:52:23 [meters] Hex input RMS -> E | 0.001    A | 0.001    D | 0.001    G | 0.001    B | 0.001    e | 0.001
2025-11-24 05:52:23 [meters] Hex input RMS -> E | 0.002    A | 0.002    D | 0.002    G | 0.002    B | 0.002    e | 0.002
2025-11-24 05:52:23 [meters] Hex input RMS -> E | 0.002    A | 0.002    D | 0.002    G | 0.002    B | 0.002    e | 0.002
2025-11-24 05:52:23 [meters] Hex input RMS -> E | 0.002    A | 0.002    D | 0.002    G | 0.002    B | 0.002    e | 0.002
2025-11-24 05:52:23 [meters] Hex input RMS -> E | 0.001    A | 0.001    D | 0.001    G | 0.001    B | 0.001    e | 0.001
2025-11-24 05:52:23 [meters] Hex input RMS -> E | 0.001    A | 0.001    D | 0.001    G | 0.001    B | 0.001    e | 0.001
2025-11-24 05:52:24 [meters] Hex input RMS -> E | 0.002    A | 0.002    D | 0.002    G | 0.002    B | 0.002    e | 0.002
2025-11-24 05:52:24 [meters] Hex input RMS -> E | 0.002    A | 0.002    D | 0.002    G | 0.002    B | 0.002    e | 0.002
2025-11-24 05:52:24 [meters] Hex input RMS -> E | 0.001    A | 0.001    D | 0.002    G | 0.001    B | 0.001    e | 0.001
2025-11-24 05:52:24 [meters] Hex input RMS -> E | 0.001    A | 0.001    D | 0.001    G | 0.001    B | 0.001    e | 0.001
2025-11-24 05:52:24 [meters] Hex input RMS -> E | 0.002    A | 0.002    D | 0.002    G | 0.002    B | 0.002    e | 0.002
2025-11-24 05:52:24 [meters] Hex input RMS -> E | 0.002    A | 0.002    D | 0.002    G | 0.002    B | 0.002    e | 0.002
2025-11-24 05:52:24 [meters] Hex input RMS -> E | 0.002    A | 0.002    D | 0.002    G | 0.002    B | 0.002    e | 0.002
2025-11-24 05:52:24 [meters] Hex input RMS -> E | 0.001    A | 0.001    D | 0.001    G | 0.001    B | 0.001    e | 0.001
2025-11-24 05:52:24 [meters] Hex input RMS -> E | 0.001    A | 0.001    D | 0.001    G | 0.001    B | 0.001    e | 0.001
2025-11-24 05:52:24 [meters] Hex input RMS -> E | 0.002    A | 0.002    D | 0.002    G | 0.002    B | 0.002    e | 0.002
2025-11-24 05:52:24 [meters] Hex input RMS -> E | 0.002    A | 0.002    D | 0.002    G | 0.002    B | 0.002    e | 0.002
2025-11-24 05:52:24 [meters] Hex input RMS -> E | 0.002    A | 0.002    D | 0.002    G | 0.002    B | 0.002    e | 0.002
2025-11-24 05:52:24 [meters] Hex input RMS -> E | 0.001    A | 0.001    D | 0.001    G | 0.001    B | 0.001    e | 0.001
2025-11-24 05:52:25 [meters] Hex input RMS -> E | 0.001    A | 0.001    D | 0.001    G | 0.001    B | 0.001    e | 0.001
2025-11-24 05:52:25 [meters] Hex input RMS -> E | 0.002    A | 0.002    D | 0.002    G | 0.002    B | 0.002    e | 0.002
2025-11-24 05:52:25 [meters] Hex input RMS -> E | 0.002    A | 0.002    D | 0.002    G | 0.002    B | 0.002    e | 0.002
2025-11-24 05:52:25 [meters] Hex input RMS -> E | 0.002    A | 0.002    D | 0.002    G | 0.002    B | 0.002    e | 0.001
2025-11-24 05:52:25 [meters] Hex input RMS -> E | 0.001    A | 0.001    D | 0.001    G | 0.001    B | 0.001    e | 0.001
2025-11-24 05:52:25 [meters] Hex input RMS -> E | 0.001    A | 0.001    D | 0.002    G | 0.001    B | 0.001    e | 0.002
2025-11-24 05:52:25 [meters] Hex input RMS -> E | 0.002    A | 0.002    D | 0.002    G | 0.002    B | 0.002    e | 0.002
2025-11-24 05:52:25 [meters] Hex input RMS -> E | 0.002    A | 0.002    D | 0.002    G | 0.002    B | 0.002    e | 0.002
2025-11-24 05:52:25 [meters] Hex input RMS -> E | 0.001    A | 0.001    D | 0.002    G | 0.001    B | 0.001    e | 0.001
2025-11-24 05:52:25 [meters] Hex input RMS -> E | 0.001    A | 0.001    D | 0.001    G | 0.001    B | 0.001    e | 0.001
2025-11-24 05:52:25 [meters] Hex input RMS -> E | 0.002    A | 0.002    D | 0.002    G | 0.002    B | 0.002    e | 0.002
2025-11-24 05:52:25 [meters] Hex input RMS -> E | 0.002    A | 0.002    D | 0.002    G | 0.002    B | 0.002    e | 0.002
2025-11-24 05:52:26 [meters] Hex input RMS -> E | 0.002    A | 0.002    D | 0.002    G | 0.002    B | 0.002    e | 0.002
2025-11-24 05:52:26 [meters] Hex input RMS -> E | 0.001    A | 0.001    D | 0.001    G | 0.001    B | 0.001    e | 0.001
2025-11-24 05:52:26 [meters] Hex input RMS -> E | 0.001    A | 0.001    D | 0.001    G | 0.001    B | 0.001    e | 0.001
2025-11-24 05:52:26 [meters] Hex input RMS -> E | 0.002    A | 0.002    D | 0.002    G | 0.002    B | 0.002    e | 0.002
2025-11-24 05:52:26 [meters] Hex input RMS -> E | 0.002    A | 0.002    D | 0.002    G | 0.002    B | 0.002    e | 0.002
2025-11-24 05:52:26 [meters] Hex input RMS -> E | 0.002    A | 0.002    D | 0.002    G | 0.002    B | 0.002    e | 0.002
2025-11-24 05:52:26 [meters] Hex input RMS -> E | 0.001    A | 0.001    D | 0.001    G | 0.001    B | 0.001    e | 0.001
2025-11-24 05:52:26 [meters] Hex input RMS -> E | 0.001    A | 0.001    D | 0.001    G | 0.001    B | 0.001    e | 0.001
2025-11-24 05:52:26 [meters] Hex input RMS -> E | 0.002    A | 0.002    D | 0.002    G | 0.002    B | 0.002    e | 0.002
2025-11-24 05:52:26 [meters] Hex input RMS -> E | 0.002    A | 0.002    D | 0.002    G | 0.002    B | 0.002    e | 0.002
2025-11-24 05:52:26 [meters] Hex input RMS -> E | 0.002    A | 0.001    D | 0.002    G | 0.001    B | 0.002    e | 0.001
2025-11-24 05:52:26 [meters] Hex input RMS -> E | 0.001    A | 0.001    D | 0.001    G | 0.001    B | 0.001    e | 0.001
2025-11-24 05:52:26 [meters] Hex input RMS -> E | 0.001    A | 0.001    D | 0.002    G | 0.001    B | 0.001    e | 0.001
2025-11-24 05:52:27 [meters] Hex input RMS -> E | 0.002    A | 0.002    D | 0.002    G | 0.002    B | 0.002    e | 0.002
2025-11-24 05:52:27 [meters] Hex input RMS -> E | 0.002    A | 0.002    D | 0.002    G | 0.002    B | 0.002    e | 0.002
2025-11-24 05:52:27 [meters] Hex input RMS -> E | 0.001    A | 0.001    D | 0.001    G | 0.001    B | 0.001    e | 0.001
2025-11-24 05:52:27 [meters] Hex input RMS -> E | 0.001    A | 0.001    D | 0.001    G | 0.001    B | 0.001    e | 0.001
2025-11-24 05:52:27 [meters] Hex input RMS -> E | 0.002    A | 0.002    D | 0.002    G | 0.002    B | 0.002    e | 0.002
2025-11-24 05:52:27 [meters] Hex input RMS -> E | 0.002    A | 0.002    D | 0.002    G | 0.002    B | 0.002    e | 0.002
2025-11-24 05:52:27 [meters] Hex input RMS -> E | 0.002    A | 0.002    D | 0.002    G | 0.002    B | 0.002    e | 0.002
2025-11-24 05:52:27 [meters] Hex input RMS -> E | 0.001    A | 0.001    D | 0.001    G | 0.001    B | 0.001    e | 0.001
2025-11-24 05:52:27 [meters] Hex input RMS -> E | 0.001    A | 0.001    D | 0.001    G | 0.001    B | 0.001    e | 0.001
2025-11-24 05:52:27 [meters] Hex input RMS -> E | 0.002    A | 0.002    D | 0.002    G | 0.002    B | 0.002    e | 0.002
2025-11-24 05:52:27 [meters] Hex input RMS -> E | 0.002    A | 0.002    D | 0.002    G | 0.002    B | 0.002    e | 0.002
2025-11-24 05:52:27 [meters] Hex input RMS -> E | 0.002    A | 0.002    D | 0.002    G | 0.002    B | 0.002    e | 0.002
2025-11-24 05:52:28 [meters] Hex input RMS -> E | 0.001    A | 0.001    D | 0.001    G | 0.001    B | 0.001    e | 0.001
2025-11-24 05:52:28 [meters] Hex input RMS -> E | 0.001    A | 0.001    D | 0.001    G | 0.001    B | 0.001    e | 0.001
2025-11-24 05:52:28 [meters] Hex input RMS -> E | 0.002    A | 0.002    D | 0.002    G | 0.002    B | 0.002    e | 0.002
2025-11-24 05:52:28 [meters] Hex input RMS -> E | 0.002    A | 0.002    D | 0.002    G | 0.002    B | 0.002    e | 0.002
2025-11-24 05:52:28 [meters] Hex input RMS -> E | 0.002    A | 0.002    D | 0.002    G | 0.001    B | 0.002    e | 0.002
2025-11-24 05:52:28 [meters] Hex input RMS -> E | 0.001    A | 0.001    D | 0.001    G | 0.001    B | 0.001    e | 0.001
2025-11-24 05:52:28 [meters] Hex input RMS -> E | 0.002    A | 0.001    D | 0.002    G | 0.001    B | 0.001    e | 0.001
2025-11-24 05:52:28 [meters] Hex input RMS -> E | 0.002    A | 0.002    D | 0.002    G | 0.002    B | 0.002    e | 0.002
2025-11-24 05:52:28 [meters] Hex input RMS -> E | 0.002    A | 0.002    D | 0.002    G | 0.002    B | 0.002    e | 0.002
2025-11-24 05:52:28 [meters] Hex input RMS -> E | 0.001    A | 0.001    D | 0.002    G | 0.001    B | 0.002    e | 0.001
2025-11-24 05:52:28 [meters] Hex input RMS -> E | 0.001    A | 0.001    D | 0.001    G | 0.001    B | 0.001    e | 0.001
2025-11-24 05:52:28 [meters] Hex input RMS -> E | 0.002    A | 0.002    D | 0.002    G | 0.002    B | 0.002    e | 0.002
2025-11-24 05:52:28 [meters] Hex input RMS -> E | 0.002    A | 0.002    D | 0.002    G | 0.002    B | 0.002    e | 0.002
2025-11-24 05:52:29 [meters] Hex input RMS -> E | 0.002    A | 0.002    D | 0.002    G | 0.002    B | 0.002    e | 0.002
2025-11-24 05:52:29 [meters] Hex input RMS -> E | 0.001    A | 0.001    D | 0.001    G | 0.001    B | 0.001    e | 0.001
2025-11-24 05:52:29 [meters] Hex input RMS -> E | 0.001    A | 0.001    D | 0.001    G | 0.001    B | 0.001    e | 0.001
2025-11-24 05:52:29 [meters] Hex input RMS -> E | 0.002    A | 0.002    D | 0.002    G | 0.002    B | 0.002    e | 0.002
2025-11-24 05:52:29 [meters] Hex input RMS -> E | 0.002    A | 0.002    D | 0.002    G | 0.002    B | 0.002    e | 0.002
2025-11-24 05:52:29 [meters] Hex input RMS -> E | 0.002    A | 0.002    D | 0.002    G | 0.002    B | 0.002    e | 0.002
2025-11-24 05:52:29 [meters] Hex input RMS -> E | 0.001    A | 0.001    D | 0.001    G | 0.001    B | 0.001    e | 0.001
2025-11-24 05:52:29 [meters] Hex input RMS -> E | 0.001    A | 0.001    D | 0.001    G | 0.001    B | 0.001    e | 0.001
2025-11-24 05:52:29 [meters] Hex input RMS -> E | 0.002    A | 0.002    D | 0.002    G | 0.002    B | 0.002    e | 0.002
2025-11-24 05:52:29 [meters] Hex input RMS -> E | 0.002    A | 0.002    D | 0.002    G | 0.002    B | 0.002    e | 0.002
2025-11-24 05:52:29 [meters] Hex input RMS -> E | 0.002    A | 0.002    D | 0.002    G | 0.002    B | 0.002    e | 0.001
2025-11-24 05:52:29 [meters] Hex input RMS -> E | 0.001    A | 0.001    D | 0.001    G | 0.001    B | 0.001    e | 0.001
2025-11-24 05:52:30 [meters] Hex input RMS -> E | 0.001    A | 0.001    D | 0.001    G | 0.001    B | 0.001    e | 0.001
2025-11-24 05:52:30 [meters] Hex input RMS -> E | 0.002    A | 0.002    D | 0.002    G | 0.002    B | 0.002    e | 0.002
2025-11-24 05:52:30 [meters] Hex input RMS -> E | 0.002    A | 0.002    D | 0.002    G | 0.002    B | 0.002    e | 0.002
2025-11-24 05:52:30 [meters] Hex input RMS -> E | 0.001    A | 0.001    D | 0.001    G | 0.001    B | 0.001    e | 0.001
2025-11-24 05:52:30 [meters] Hex input RMS -> E | 0.001    A | 0.001    D | 0.001    G | 0.001    B | 0.001    e | 0.001
2025-11-24 05:52:30 [meters] Hex input RMS -> E | 0.002    A | 0.002    D | 0.002    G | 0.002    B | 0.002    e | 0.002
2025-11-24 05:52:30 [meters] Hex input RMS -> E | 0.002    A | 0.002    D | 0.002    G | 0.002    B | 0.002    e | 0.002
2025-11-24 05:52:30 [meters] Hex input RMS -> E | 0.002    A | 0.002    D | 0.002    G | 0.002    B | 0.002    e | 0.002
2025-11-24 05:52:30 [meters] Hex input RMS -> E | 0.001    A | 0.001    D | 0.001    G | 0.001    B | 0.001    e | 0.001
2025-11-24 05:52:30 [meters] Hex input RMS -> E | 0.001    A | 0.001    D | 0.001    G | 0.001    B | 0.001    e | 0.001
2025-11-24 05:52:30 [meters] Hex input RMS -> E | 0.002    A | 0.002    D | 0.002    G | 0.002    B | 0.002    e | 0.002
2025-11-24 05:52:30 [meters] Hex input RMS -> E | 0.002    A | 0.002    D | 0.002    G | 0.002    B | 0.002    e | 0.002
2025-11-24 05:52:30 [meters] Hex input RMS -> E | 0.002    A | 0.002    D | 0.002    G | 0.002    B | 0.002    e | 0.002
2025-11-24 05:52:31 [meters] Hex input RMS -> E | 0.001    A | 0.001    D | 0.001    G | 0.001    B | 0.001    e | 0.001
2025-11-24 05:52:31 [meters] Hex input RMS -> E | 0.001    A | 0.001    D | 0.001    G | 0.001    B | 0.001    e | 0.001
2025-11-24 05:52:31 [meters] Hex input RMS -> E | 0.002    A | 0.002    D | 0.002    G | 0.002    B | 0.002    e | 0.002
2025-11-24 05:52:31 [meters] Hex input RMS -> E | 0.002    A | 0.002    D | 0.002    G | 0.002    B | 0.002    e | 0.002
2025-11-24 05:52:31 [meters] Hex input RMS -> E | 0.002    A | 0.002    D | 0.002    G | 0.001    B | 0.002    e | 0.002
2025-11-24 05:52:31 [meters] Hex input RMS -> E | 0.001    A | 0.001    D | 0.001    G | 0.001    B | 0.001    e | 0.001
2025-11-24 05:52:31 [meters] Hex input RMS -> E | 0.001    A | 0.001    D | 0.002    G | 0.001    B | 0.001    e | 0.001
2025-11-24 05:52:31 [meters] Hex input RMS -> E | 0.002    A | 0.002    D | 0.002    G | 0.002    B | 0.002    e | 0.002
2025-11-24 05:52:31 [meters] Hex input RMS -> E | 0.002    A | 0.002    D | 0.002    G | 0.002    B | 0.002    e | 0.002
2025-11-24 05:52:31 [meters] Hex input RMS -> E | 0.001    A | 0.001    D | 0.002    G | 0.001    B | 0.002    e | 0.001
2025-11-24 05:52:31 [meters] Hex input RMS -> E | 0.001    A | 0.001    D | 0.001    G | 0.001    B | 0.001    e | 0.001
2025-11-24 05:52:31 [meters] Hex input RMS -> E | 0.002    A | 0.002    D | 0.002    G | 0.001    B | 0.002    e | 0.002
2025-11-24 05:52:32 [meters] Hex input RMS -> E | 0.002    A | 0.002    D | 0.002    G | 0.002    B | 0.002    e | 0.002
2025-11-24 05:52:32 [meters] Hex input RMS -> E | 0.002    A | 0.002    D | 0.002    G | 0.002    B | 0.002    e | 0.002
2025-11-24 05:52:32 [meters] Hex input RMS -> E | 0.001    A | 0.001    D | 0.001    G | 0.001    B | 0.001    e | 0.001
2025-11-24 05:52:32 [meters] Hex input RMS -> E | 0.001    A | 0.001    D | 0.001    G | 0.001    B | 0.001    e | 0.001
2025-11-24 05:52:32 [meters] Hex input RMS -> E | 0.002    A | 0.002    D | 0.002    G | 0.002    B | 0.002    e | 0.002
2025-11-24 05:52:32 [meters] Hex input RMS -> E | 0.002    A | 0.002    D | 0.002    G | 0.002    B | 0.002    e | 0.002
2025-11-24 05:52:32 [meters] Hex input RMS -> E | 0.002    A | 0.002    D | 0.002    G | 0.002    B | 0.002    e | 0.002
2025-11-24 05:52:32 [meters] Hex input RMS -> E | 0.001    A | 0.001    D | 0.001    G | 0.001    B | 0.001    e | 0.001
2025-11-24 05:52:32 [meters] Hex input RMS -> E | 0.001    A | 0.001    D | 0.001    G | 0.001    B | 0.001    e | 0.001
2025-11-24 05:52:32 [meters] Hex input RMS -> E | 0.002    A | 0.002    D | 0.002    G | 0.002    B | 0.002    e | 0.002
2025-11-24 05:52:32 [meters] Hex input RMS -> E | 0.002    A | 0.002    D | 0.002    G | 0.002    B | 0.002    e | 0.002
2025-11-24 05:52:32 [meters] Hex input RMS -> E | 0.002    A | 0.002    D | 0.002    G | 0.002    B | 0.002    e | 0.002
2025-11-24 05:52:32 [meters] Hex input RMS -> E | 0.001    A | 0.001    D | 0.001    G | 0.001    B | 0.001    e | 0.001
2025-11-24 05:52:33 [meters] Hex input RMS -> E | 0.001    A | 0.001    D | 0.001    G | 0.001    B | 0.001    e | 0.001
2025-11-24 05:52:33 [meters] Hex input RMS -> E | 0.002    A | 0.002    D | 0.002    G | 0.002    B | 0.002    e | 0.002
2025-11-24 05:52:33 [meters] Hex input RMS -> E | 0.002    A | 0.002    D | 0.002    G | 0.002    B | 0.002    e | 0.002
2025-11-24 05:52:33 [meters] Hex input RMS -> E | 0.002    A | 0.001    D | 0.002    G | 0.001    B | 0.002    e | 0.001
2025-11-24 05:52:33 [meters] Hex input RMS -> E | 0.001    A | 0.001    D | 0.001    G | 0.001    B | 0.001    e | 0.001
2025-11-24 05:52:33 [meters] Hex input RMS -> E | 0.002    A | 0.002    D | 0.002    G | 0.002    B | 0.002    e | 0.002
2025-11-24 05:52:33 [meters] Hex input RMS -> E | 0.002    A | 0.002    D | 0.002    G | 0.002    B | 0.002    e | 0.002
2025-11-24 05:52:33 [meters] Hex input RMS -> E | 0.002    A | 0.002    D | 0.002    G | 0.002    B | 0.002    e | 0.002
2025-11-24 05:52:33 [meters] Hex input RMS -> E | 0.001    A | 0.001    D | 0.001    G | 0.001    B | 0.001    e | 0.001
2025-11-24 05:52:33 [meters] Hex input RMS -> E | 0.001    A | 0.001    D | 0.001    G | 0.001    B | 0.001    e | 0.001
2025-11-24 05:52:33 [meters] Hex input RMS -> E | 0.002    A | 0.002    D | 0.002    G | 0.002    B | 0.002    e | 0.002
2025-11-24 05:52:33 [meters] Hex input RMS -> E | 0.002    A | 0.002    D | 0.002    G | 0.002    B | 0.002    e | 0.002
2025-11-24 05:52:34 [meters] Hex input RMS -> E | 0.002    A | 0.002    D | 0.002    G | 0.002    B | 0.002    e | 0.002
2025-11-24 05:52:34 [meters] Hex input RMS -> E | 0.001    A | 0.001    D | 0.001    G | 0.001    B | 0.001    e | 0.001
2025-11-24 05:52:34 [meters] Hex input RMS -> E | 0.001    A | 0.001    D | 0.001    G | 0.001    B | 0.001    e | 0.001
2025-11-24 05:52:34 [meters] Hex input RMS -> E | 0.002    A | 0.002    D | 0.002    G | 0.002    B | 0.002    e | 0.002
2025-11-24 05:52:34 [meters] Hex input RMS -> E | 0.002    A | 0.002    D | 0.002    G | 0.002    B | 0.002    e | 0.002
2025-11-24 05:52:34 [meters] Hex input RMS -> E | 0.002    A | 0.002    D | 0.002    G | 0.001    B | 0.002    e | 0.002
2025-11-24 05:52:34 [meters] Hex input RMS -> E | 0.001    A | 0.001    D | 0.001    G | 0.001    B | 0.001    e | 0.001
2025-11-24 05:52:34 [meters] Hex input RMS -> E | 0.001    A | 0.001    D | 0.002    G | 0.001    B | 0.001    e | 0.001
2025-11-24 05:52:34 [meters] Hex input RMS -> E | 0.002    A | 0.002    D | 0.002    G | 0.002    B | 0.002    e | 0.002
2025-11-24 05:52:34 [meters] Hex input RMS -> E | 0.002    A | 0.002    D | 0.002    G | 0.002    B | 0.002    e | 0.002
2025-11-24 05:52:34 [meters] Hex input RMS -> E | 0.002    A | 0.001    D | 0.002    G | 0.001    B | 0.001    e | 0.001
2025-11-24 05:52:34 [meters] Hex input RMS -> E | 0.001    A | 0.001    D | 0.001    G | 0.001    B | 0.001    e | 0.001
2025-11-24 05:52:34 [meters] Hex input RMS -> E | 0.002    A | 0.002    D | 0.002    G | 0.002    B | 0.002    e | 0.002
2025-11-24 05:52:35 [meters] Hex input RMS -> E | 0.002    A | 0.002    D | 0.002    G | 0.002    B | 0.002    e | 0.002
2025-11-24 05:52:35 [meters] Hex input RMS -> E | 0.002    A | 0.002    D | 0.002    G | 0.002    B | 0.002    e | 0.002
2025-11-24 05:52:35 [meters] Hex input RMS -> E | 0.001    A | 0.001    D | 0.001    G | 0.001    B | 0.001    e | 0.001
2025-11-24 05:52:35 [meters] Hex input RMS -> E | 0.001    A | 0.001    D | 0.001    G | 0.001    B | 0.001    e | 0.001
2025-11-24 05:52:35 [meters] Hex input RMS -> E | 0.002    A | 0.002    D | 0.002    G | 0.001    B | 0.002    e | 0.002
2025-11-24 05:52:35 [meters] Hex input RMS -> E | 0.002    A | 0.002    D | 0.002    G | 0.002    B | 0.002    e | 0.002
2025-11-24 05:52:35 [meters] Hex input RMS -> E | 0.002    A | 0.002    D | 0.002    G | 0.002    B | 0.002    e | 0.002
2025-11-24 05:52:35 [meters] Hex input RMS -> E | 0.001    A | 0.001    D | 0.001    G | 0.001    B | 0.001    e | 0.001
2025-11-24 05:52:35 [meters] Hex input RMS -> E | 0.001    A | 0.001    D | 0.001    G | 0.001    B | 0.001    e | 0.001
2025-11-24 05:52:35 [meters] Hex input RMS -> E | 0.002    A | 0.002    D | 0.002    G | 0.002    B | 0.002    e | 0.002
2025-11-24 05:52:35 [meters] Hex input RMS -> E | 0.002    A | 0.002    D | 0.002    G | 0.002    B | 0.002    e | 0.002
2025-11-24 05:52:35 [meters] Hex input RMS -> E | 0.002    A | 0.002    D | 0.002    G | 0.002    B | 0.002    e | 0.002
2025-11-24 05:52:36 [meters] Hex input RMS -> E | 0.001    A | 0.001    D | 0.001    G | 0.001    B | 0.001    e | 0.001
2025-11-24 05:52:36 [meters] Hex input RMS -> E | 0.001    A | 0.001    D | 0.001    G | 0.001    B | 0.001    e | 0.001
2025-11-24 05:52:36 [meters] Hex input RMS -> E | 0.002    A | 0.002    D | 0.002    G | 0.002    B | 0.002    e | 0.002
2025-11-24 05:52:36 [meters] Hex input RMS -> E | 0.002    A | 0.002    D | 0.002    G | 0.002    B | 0.002    e | 0.002
2025-11-24 05:52:36 [meters] Hex input RMS -> E | 0.001    A | 0.001    D | 0.002    G | 0.002    B | 0.001    e | 0.001
2025-11-24 05:52:36 [meters] Hex input RMS -> E | 0.001    A | 0.001    D | 0.001    G | 0.001    B | 0.001    e | 0.001
2025-11-24 05:52:36 [meters] Hex input RMS -> E | 0.002    A | 0.002    D | 0.002    G | 0.002    B | 0.002    e | 0.002
2025-11-24 05:52:36 [meters] Hex input RMS -> E | 0.002    A | 0.002    D | 0.002    G | 0.002    B | 0.002    e | 0.002
2025-11-24 05:52:36 [meters] Hex input RMS -> E | 0.002    A | 0.002    D | 0.002    G | 0.002    B | 0.002    e | 0.002
2025-11-24 05:52:36 [meters] Hex input RMS -> E | 0.001    A | 0.001    D | 0.001    G | 0.001    B | 0.001    e | 0.001
2025-11-24 05:52:36 [meters] Hex input RMS -> E | 0.001    A | 0.001    D | 0.001    G | 0.001    B | 0.001    e | 0.001
2025-11-24 05:52:36 [meters] Hex input RMS -> E | 0.002    A | 0.002    D | 0.002    G | 0.002    B | 0.002    e | 0.002
2025-11-24 05:52:36 [meters] Hex input RMS -> E | 0.002    A | 0.002    D | 0.002    G | 0.002    B | 0.002    e | 0.002
2025-11-24 05:52:37 [meters] Hex input RMS -> E | 0.002    A | 0.002    D | 0.002    G | 0.002    B | 0.002    e | 0.002
2025-11-24 05:52:37 [meters] Hex input RMS -> E | 0.001    A | 0.001    D | 0.001    G | 0.001    B | 0.001    e | 0.001
2025-11-24 05:52:37 [meters] Hex input RMS -> E | 0.001    A | 0.001    D | 0.001    G | 0.001    B | 0.001    e | 0.001
2025-11-24 05:52:37 [meters] Hex input RMS -> E | 0.002    A | 0.002    D | 0.002    G | 0.002    B | 0.002    e | 0.002
2025-11-24 05:52:37 [meters] Hex input RMS -> E | 0.002    A | 0.002    D | 0.002    G | 0.002    B | 0.002    e | 0.002
2025-11-24 05:52:37 [meters] Hex input RMS -> E | 0.002    A | 0.002    D | 0.002    G | 0.002    B | 0.002    e | 0.002
2025-11-24 05:52:37 [meters] Hex input RMS -> E | 0.001    A | 0.001    D | 0.001    G | 0.001    B | 0.001    e | 0.001
2025-11-24 05:52:37 [meters] Hex input RMS -> E | 0.001    A | 0.001    D | 0.001    G | 0.001    B | 0.001    e | 0.001
2025-11-24 05:52:37 [meters] Hex input RMS -> E | 0.002    A | 0.002    D | 0.002    G | 0.002    B | 0.002    e | 0.002
2025-11-24 05:52:37 [meters] Hex input RMS -> E | 0.002    A | 0.002    D | 0.002    G | 0.002    B | 0.002    e | 0.002
2025-11-24 05:52:37 [meters] Hex input RMS -> E | 0.002    A | 0.001    D | 0.002    G | 0.001    B | 0.002    e | 0.001
2025-11-24 05:52:37 [meters] Hex input RMS -> E | 0.001    A | 0.001    D | 0.001    G | 0.001    B | 0.001    e | 0.001
2025-11-24 05:52:38 [meters] Hex input RMS -> E | 0.002    A | 0.001    D | 0.002    G | 0.002    B | 0.002    e | 0.002
2025-11-24 05:52:38 [meters] Hex input RMS -> E | 0.002    A | 0.002    D | 0.002    G | 0.002    B | 0.002    e | 0.002
2025-11-24 05:52:38 [meters] Hex input RMS -> E | 0.002    A | 0.002    D | 0.002    G | 0.002    B | 0.002    e | 0.002
2025-11-24 05:52:38 [meters] Hex input RMS -> E | 0.001    A | 0.001    D | 0.001    G | 0.001    B | 0.001    e | 0.001
2025-11-24 05:52:38 [meters] Hex input RMS -> E | 0.001    A | 0.001    D | 0.001    G | 0.001    B | 0.001    e | 0.001
2025-11-24 05:52:38 [meters] Hex input RMS -> E | 0.002    A | 0.002    D | 0.002    G | 0.002    B | 0.002    e | 0.002
2025-11-24 05:52:38 [meters] Hex input RMS -> E | 0.002    A | 0.002    D | 0.002    G | 0.002    B | 0.002    e | 0.002
2025-11-24 05:52:38 [meters] Hex input RMS -> E | 0.002    A | 0.002    D | 0.002    G | 0.002    B | 0.002    e | 0.002
2025-11-24 05:52:38 [meters] Hex input RMS -> E | 0.001    A | 0.001    D | 0.001    G | 0.001    B | 0.001    e | 0.001
2025-11-24 05:52:38 [meters] Hex input RMS -> E | 0.001    A | 0.001    D | 0.001    G | 0.001    B | 0.001    e | 0.001
2025-11-24 05:52:38 [meters] Hex input RMS -> E | 0.002    A | 0.002    D | 0.002    G | 0.002    B | 0.002    e | 0.002
2025-11-24 05:52:38 [meters] Hex input RMS -> E | 0.002    A | 0.002    D | 0.002    G | 0.002    B | 0.002    e | 0.002
2025-11-24 05:52:38 [meters] Hex input RMS -> E | 0.002    A | 0.002    D | 0.002    G | 0.002    B | 0.002    e | 0.002
2025-11-24 05:52:39 [meters] Hex input RMS -> E | 0.001    A | 0.001    D | 0.001    G | 0.001    B | 0.001    e | 0.001
2025-11-24 05:52:39 [meters] Hex input RMS -> E | 0.001    A | 0.001    D | 0.001    G | 0.001    B | 0.001    e | 0.001
2025-11-24 05:52:39 [meters] Hex input RMS -> E | 0.002    A | 0.002    D | 0.002    G | 0.002    B | 0.002    e | 0.002
2025-11-24 05:52:39 [meters] Hex input RMS -> E | 0.002    A | 0.002    D | 0.002    G | 0.002    B | 0.002    e | 0.002
2025-11-24 05:52:39 [meters] Hex input RMS -> E | 0.002    A | 0.002    D | 0.002    G | 0.001    B | 0.001    e | 0.001
2025-11-24 05:52:39 [meters] Hex input RMS -> E | 0.001    A | 0.001    D | 0.001    G | 0.001    B | 0.001    e | 0.001
2025-11-24 05:52:39 [meters] Hex input RMS -> E | 0.002    A | 0.002    D | 0.002    G | 0.002    B | 0.002    e | 0.002
2025-11-24 05:52:39 [meters] Hex input RMS -> E | 0.002    A | 0.002    D | 0.002    G | 0.002    B | 0.002    e | 0.002
2025-11-24 05:52:39 [meters] Hex input RMS -> E | 0.002    A | 0.002    D | 0.002    G | 0.002    B | 0.002    e | 0.002
2025-11-24 05:52:39 [meters] Hex input RMS -> E | 0.001    A | 0.001    D | 0.001    G | 0.001    B | 0.001    e | 0.001
2025-11-24 05:52:39 [meters] Hex input RMS -> E | 0.001    A | 0.001    D | 0.001    G | 0.001    B | 0.001    e | 0.001
2025-11-24 05:52:39 [meters] Hex input RMS -> E | 0.002    A | 0.002    D | 0.002    G | 0.002    B | 0.002    e | 0.002
2025-11-24 05:52:40 [meters] Hex input RMS -> E | 0.002    A | 0.002    D | 0.002    G | 0.002    B | 0.002    e | 0.002
2025-11-24 05:52:40 [meters] Hex input RMS -> E | 0.002    A | 0.002    D | 0.002    G | 0.002    B | 0.002    e | 0.002
2025-11-24 05:52:40 [meters] Hex input RMS -> E | 0.001    A | 0.001    D | 0.001    G | 0.001    B | 0.001    e | 0.001
2025-11-24 05:52:40 [meters] Hex input RMS -> E | 0.001    A | 0.001    D | 0.001    G | 0.001    B | 0.001    e | 0.001
2025-11-24 05:52:40 [meters] Hex input RMS -> E | 0.002    A | 0.002    D | 0.002    G | 0.002    B | 0.002    e | 0.002
2025-11-24 05:52:40 [meters] Hex input RMS -> E | 0.002    A | 0.002    D | 0.002    G | 0.002    B | 0.002    e | 0.002
2025-11-24 05:52:40 [meters] Hex input RMS -> E | 0.002    A | 0.002    D | 0.002    G | 0.002    B | 0.002    e | 0.002
2025-11-24 05:52:40 [meters] Hex input RMS -> E | 0.001    A | 0.001    D | 0.001    G | 0.001    B | 0.001    e | 0.001
2025-11-24 05:52:40 [meters] Hex input RMS -> E | 0.001    A | 0.001    D | 0.001    G | 0.001    B | 0.001    e | 0.001
2025-11-24 05:52:40 [meters] Hex input RMS -> E | 0.002    A | 0.002    D | 0.002    G | 0.002    B | 0.002    e | 0.002
2025-11-24 05:52:40 [meters] Hex input RMS -> E | 0.002    A | 0.002    D | 0.002    G | 0.002    B | 0.002    e | 0.002
2025-11-24 05:52:40 [meters] Hex input RMS -> E | 0.002    A | 0.001    D | 0.002    G | 0.001    B | 0.002    e | 0.001
2025-11-24 05:52:40 [meters] Hex input RMS -> E | 0.001    A | 0.001    D | 0.001    G | 0.001    B | 0.001    e | 0.001
2025-11-24 05:52:41 [meters] Hex input RMS -> E | 0.002    A | 0.002    D | 0.002    G | 0.001    B | 0.002    e | 0.001
2025-11-24 05:52:41 [meters] Hex input RMS -> E | 0.002    A | 0.002    D | 0.002    G | 0.002    B | 0.002    e | 0.002
2025-11-24 05:52:41 [meters] Hex input RMS -> E | 0.002    A | 0.002    D | 0.002    G | 0.002    B | 0.002    e | 0.002
2025-11-24 05:52:41 [meters] Hex input RMS -> E | 0.001    A | 0.001    D | 0.001    G | 0.001    B | 0.001    e | 0.001
2025-11-24 05:52:41 [meters] Hex input RMS -> E | 0.001    A | 0.001    D | 0.001    G | 0.001    B | 0.001    e | 0.001
2025-11-24 05:52:41 [meters] Hex input RMS -> E | 0.002    A | 0.002    D | 0.002    G | 0.002    B | 0.002    e | 0.002
2025-11-24 05:52:41 [meters] Hex input RMS -> E | 0.002    A | 0.002    D | 0.002    G | 0.002    B | 0.002    e | 0.002
2025-11-24 05:52:41 [meters] Hex input RMS -> E | 0.002    A | 0.002    D | 0.002    G | 0.002    B | 0.002    e | 0.002
2025-11-24 05:52:41 [meters] Hex input RMS -> E | 0.001    A | 0.001    D | 0.001    G | 0.001    B | 0.001    e | 0.001
2025-11-24 05:52:41 [meters] Hex input RMS -> E | 0.001    A | 0.001    D | 0.001    G | 0.001    B | 0.001    e | 0.001
2025-11-24 05:52:41 [meters] Hex input RMS -> E | 0.002    A | 0.002    D | 0.002    G | 0.002    B | 0.002    e | 0.002
2025-11-24 05:52:41 [meters] Hex input RMS -> E | 0.002    A | 0.002    D | 0.002    G | 0.002    B | 0.002    e | 0.002
2025-11-24 05:52:42 [meters] Hex input RMS -> E | 0.002    A | 0.002    D | 0.002    G | 0.002    B | 0.002    e | 0.001
2025-11-24 05:52:42 [meters] Hex input RMS -> E | 0.001    A | 0.001    D | 0.001    G | 0.001    B | 0.001    e | 0.001
2025-11-24 05:52:42 [meters] Hex input RMS -> E | 0.001    A | 0.001    D | 0.001    G | 0.001    B | 0.001    e | 0.001
2025-11-24 05:52:42 [meters] Hex input RMS -> E | 0.002    A | 0.002    D | 0.002    G | 0.002    B | 0.002    e | 0.002
2025-11-24 05:52:42 [meters] Hex input RMS -> E | 0.002    A | 0.002    D | 0.002    G | 0.002    B | 0.002    e | 0.002
2025-11-24 05:52:42 [meters] Hex input RMS -> E | 0.002    A | 0.001    D | 0.002    G | 0.002    B | 0.002    e | 0.001
2025-11-24 05:52:42 [meters] Hex input RMS -> E | 0.001    A | 0.001    D | 0.001    G | 0.001    B | 0.001    e | 0.001
2025-11-24 05:52:42 [meters] Hex input RMS -> E | 0.002    A | 0.002    D | 0.002    G | 0.001    B | 0.002    e | 0.002
2025-11-24 05:52:42 [meters] Hex input RMS -> E | 0.002    A | 0.002    D | 0.002    G | 0.002    B | 0.002    e | 0.002
2025-11-24 05:52:42 [meters] Hex input RMS -> E | 0.002    A | 0.002    D | 0.002    G | 0.002    B | 0.002    e | 0.002
2025-11-24 05:52:42 [meters] Hex input RMS -> E | 0.001    A | 0.001    D | 0.001    G | 0.001    B | 0.001    e | 0.001
2025-11-24 05:52:42 [meters] Hex input RMS -> E | 0.001    A | 0.001    D | 0.001    G | 0.001    B | 0.001    e | 0.001
2025-11-24 05:52:42 [meters] Hex input RMS -> E | 0.002    A | 0.002    D | 0.002    G | 0.002    B | 0.002    e | 0.002
2025-11-24 05:52:43 [meters] Hex input RMS -> E | 0.002    A | 0.002    D | 0.002    G | 0.002    B | 0.002    e | 0.002
2025-11-24 05:52:43 [meters] Hex input RMS -> E | 0.002    A | 0.002    D | 0.002    G | 0.002    B | 0.002    e | 0.002
2025-11-24 05:52:43 [meters] Hex input RMS -> E | 0.001    A | 0.001    D | 0.001    G | 0.001    B | 0.001    e | 0.001
2025-11-24 05:52:43 [meters] Hex input RMS -> E | 0.001    A | 0.001    D | 0.001    G | 0.001    B | 0.001    e | 0.001
2025-11-24 05:52:43 [meters] Hex input RMS -> E | 0.002    A | 0.002    D | 0.002    G | 0.002    B | 0.002    e | 0.002
2025-11-24 05:52:43 [meters] Hex input RMS -> E | 0.002    A | 0.002    D | 0.002    G | 0.002    B | 0.002    e | 0.002
2025-11-24 05:52:43 [meters] Hex input RMS -> E | 0.002    A | 0.002    D | 0.002    G | 0.002    B | 0.002    e | 0.002
2025-11-24 05:52:43 [meters] Hex input RMS -> E | 0.001    A | 0.001    D | 0.001    G | 0.001    B | 0.001    e | 0.001
2025-11-24 05:52:43 [meters] Hex input RMS -> E | 0.001    A | 0.001    D | 0.001    G | 0.001    B | 0.001    e | 0.001
2025-11-24 05:52:43 [meters] Hex input RMS -> E | 0.002    A | 0.002    D | 0.002    G | 0.002    B | 0.002    e | 0.002
2025-11-24 05:52:43 [meters] Hex input RMS -> E | 0.002    A | 0.002    D | 0.002    G | 0.002    B | 0.002    e | 0.002
2025-11-24 05:52:43 [meters] Hex input RMS -> E | 0.002    A | 0.002    D | 0.002    G | 0.002    B | 0.002    e | 0.001
2025-11-24 05:52:44 [meters] Hex input RMS -> E | 0.001    A | 0.001    D | 0.001    G | 0.001    B | 0.001    e | 0.001
2025-11-24 05:52:44 [meters] Hex input RMS -> E | 0.001    A | 0.001    D | 0.002    G | 0.001    B | 0.002    e | 0.001
2025-11-24 05:52:44 [meters] Hex input RMS -> E | 0.002    A | 0.002    D | 0.002    G | 0.002    B | 0.002    e | 0.002
2025-11-24 05:52:44 [meters] Hex input RMS -> E | 0.002    A | 0.002    D | 0.002    G | 0.002    B | 0.002    e | 0.002
2025-11-24 05:52:44 [meters] Hex input RMS -> E | 0.001    A | 0.001    D | 0.002    G | 0.001    B | 0.001    e | 0.001
2025-11-24 05:52:44 [meters] Hex input RMS -> E | 0.001    A | 0.001    D | 0.001    G | 0.001    B | 0.001    e | 0.001
2025-11-24 05:52:44 [meters] Hex input RMS -> E | 0.002    A | 0.002    D | 0.002    G | 0.002    B | 0.002    e | 0.002
2025-11-24 05:52:44 [meters] Hex input RMS -> E | 0.002    A | 0.002    D | 0.002    G | 0.002    B | 0.002    e | 0.002
2025-11-24 05:52:44 [meters] Hex input RMS -> E | 0.002    A | 0.002    D | 0.002    G | 0.002    B | 0.002    e | 0.002
2025-11-24 05:52:44 [meters] Hex input RMS -> E | 0.001    A | 0.001    D | 0.001    G | 0.001    B | 0.001    e | 0.001
2025-11-24 05:52:44 [meters] Hex input RMS -> E | 0.001    A | 0.001    D | 0.001    G | 0.001    B | 0.001    e | 0.001
2025-11-24 05:52:44 [meters] Hex input RMS -> E | 0.002    A | 0.002    D | 0.002    G | 0.002    B | 0.002    e | 0.002
2025-11-24 05:52:45 [meters] Hex input RMS -> E | 0.002    A | 0.002    D | 0.002    G | 0.002    B | 0.002    e | 0.002
2025-11-24 05:52:45 [meters] Hex input RMS -> E | 0.002    A | 0.002    D | 0.002    G | 0.002    B | 0.002    e | 0.002
2025-11-24 05:52:45 [meters] Hex input RMS -> E | 0.001    A | 0.001    D | 0.001    G | 0.001    B | 0.001    e | 0.001
2025-11-24 05:52:45 [meters] Hex input RMS -> E | 0.001    A | 0.001    D | 0.001    G | 0.001    B | 0.001    e | 0.001
2025-11-24 05:52:45 [meters] Hex input RMS -> E | 0.002    A | 0.002    D | 0.002    G | 0.002    B | 0.002    e | 0.002
2025-11-24 05:52:45 [meters] Hex input RMS -> E | 0.002    A | 0.002    D | 0.002    G | 0.002    B | 0.002    e | 0.002
2025-11-24 05:52:45 [meters] Hex input RMS -> E | 0.002    A | 0.002    D | 0.002    G | 0.002    B | 0.002    e | 0.002
2025-11-24 05:52:45 [meters] Hex input RMS -> E | 0.001    A | 0.001    D | 0.001    G | 0.001    B | 0.001    e | 0.001
2025-11-24 05:52:45 [meters] Hex input RMS -> E | 0.001    A | 0.001    D | 0.001    G | 0.001    B | 0.001    e | 0.001
2025-11-24 05:52:45 [meters] Hex input RMS -> E | 0.002    A | 0.002    D | 0.002    G | 0.002    B | 0.002    e | 0.002
2025-11-24 05:52:45 [meters] Hex input RMS -> E | 0.002    A | 0.002    D | 0.002    G | 0.002    B | 0.002    e | 0.002
2025-11-24 05:52:45 [meters] Hex input RMS -> E | 0.001    A | 0.001    D | 0.002    G | 0.001    B | 0.001    e | 0.001
2025-11-24 05:52:45 [meters] Hex input RMS -> E | 0.001    A | 0.001    D | 0.001    G | 0.001    B | 0.001    e | 0.001
2025-11-24 05:52:46 [meters] Hex input RMS -> E | 0.002    A | 0.002    D | 0.002    G | 0.002    B | 0.002    e | 0.002
2025-11-24 05:52:46 [meters] Hex input RMS -> E | 0.002    A | 0.002    D | 0.002    G | 0.002    B | 0.002    e | 0.002
2025-11-24 05:52:46 [meters] Hex input RMS -> E | 0.002    A | 0.002    D | 0.002    G | 0.002    B | 0.002    e | 0.002
2025-11-24 05:52:46 [meters] Hex input RMS -> E | 0.001    A | 0.001    D | 0.001    G | 0.001    B | 0.001    e | 0.001
2025-11-24 05:52:46 [meters] Hex input RMS -> E | 0.001    A | 0.001    D | 0.001    G | 0.001    B | 0.001    e | 0.001
2025-11-24 05:52:46 [meters] Hex input RMS -> E | 0.002    A | 0.002    D | 0.002    G | 0.002    B | 0.002    e | 0.002
2025-11-24 05:52:46 [meters] Hex input RMS -> E | 0.002    A | 0.002    D | 0.002    G | 0.002    B | 0.002    e | 0.002
2025-11-24 05:52:46 [meters] Hex input RMS -> E | 0.002    A | 0.002    D | 0.002    G | 0.002    B | 0.002    e | 0.002
2025-11-24 05:52:46 [meters] Hex input RMS -> E | 0.001    A | 0.001    D | 0.001    G | 0.001    B | 0.001    e | 0.001
2025-11-24 05:52:46 [meters] Hex input RMS -> E | 0.002    A | 0.001    D | 0.001    G | 0.001    B | 0.001    e | 0.001
2025-11-24 05:52:46 [meters] Hex input RMS -> E | 0.002    A | 0.002    D | 0.002    G | 0.002    B | 0.002    e | 0.002
2025-11-24 05:52:46 [meters] Hex input RMS -> E | 0.002    A | 0.002    D | 0.002    G | 0.002    B | 0.002    e | 0.002
2025-11-24 05:52:46 [tracker] [s4] onset t=356.338 env=0.03351 baseline=0.00512 gate=0.00087 envFloor=0.00359 onset=1.445>=0.014
2025-11-24 05:52:46 [tracker] [s1] onset t=356.356 env=0.00915 baseline=0.00627 gate=0.00034 envFloor=0.00533 onset=1.377>=0.006
2025-11-24 05:52:46 [meters] Hex input RMS -> E | 0.004    A | 0.002    D | 0.002    G | 0.002    B | 0.002    e | 0.001
2025-11-24 05:52:47 [meters] Hex input RMS -> E | 0.002    A | 0.002    D | 0.001    G | 0.002    B | 0.002    e | 0.001
2025-11-24 05:52:47 [meters] Hex input RMS -> E | 0.002    A | 0.002    D | 0.002    G | 0.002    B | 0.002    e | 0.001
2025-11-24 05:52:47 [meters] Hex input RMS -> E | 0.002    A | 0.002    D | 0.002    G | 0.002    B | 0.002    e | 0.002
2025-11-24 05:52:47 [meters] Hex input RMS -> E | 0.002    A | 0.002    D | 0.002    G | 0.002    B | 0.002    e | 0.002
2025-11-24 05:52:47 [meters] Hex input RMS -> E | 0.004    A | 0.001    D | 0.002    G | 0.002    B | 0.001    e | 0.001
2025-11-24 05:52:47 [tracker] [s4] onset t=356.871 env=0.00404 baseline=0.00214 gate=0.00036 envFloor=0.00171 onset=1.485>=0.014
2025-11-24 05:52:47 [tracker] [s1] onset t=356.874 env=0.11362 baseline=0.04260 gate=0.00234 envFloor=0.02982 onset=0.751>=0.006
2025-11-24 05:52:47 [meters] Hex input RMS -> E | 0.088    A | 0.003    D | 0.002    G | 0.012    B | 0.010    e | 0.002
2025-11-24 05:52:47 [meters] Hex input RMS -> E | 0.054    A | 0.002    D | 0.002    G | 0.002    B | 0.003    e | 0.002
2025-11-24 05:52:47 [tracker] [s1] onset t=356.993 env=0.05041 baseline=0.02990 gate=0.00164 envFloor=0.02093 onset=1.141>=0.006
2025-11-24 05:52:47 [tracker] [s1] note-start t=356.993 fret=9 midi=49 vel=0.60 env=0.05041
2025-11-24 05:52:47 [meters] Hex input RMS -> E | 0.046    A | 0.003    D | 0.002    G | 0.002    B | 0.002    e | 0.002
2025-11-24 05:52:47 [tracker] [s1] onset t=357.113 env=0.02485 baseline=0.03621 gate=0.00199 envFloor=0.01532 onset=1.337>=0.006
2025-11-24 05:52:47 [tracker] [s1] note-ended (new onset) t=357.113 fret=9 dur=0.119
2025-11-24 05:52:47 [meters] Hex input RMS -> E | 0.042    A | 0.002    D | 0.002    G | 0.002    B | 0.002    e | 0.002
2025-11-24 05:52:47 [meters] Hex input RMS -> E | 0.001    A | 0.001    D | 0.001    G | 0.001    B | 0.001    e | 0.001
2025-11-24 05:52:47 [meters] Hex input RMS -> E | 0.001    A | 0.001    D | 0.001    G | 0.001    B | 0.001    e | 0.001
2025-11-24 05:52:47 [meters] Hex input RMS -> E | 0.002    A | 0.002    D | 0.002    G | 0.002    B | 0.002    e | 0.002
2025-11-24 05:52:48 [tracker] [s4] onset t=357.437 env=0.00307 baseline=0.00201 gate=0.00034 envFloor=0.00171 onset=0.918>=0.014
2025-11-24 05:52:48 [meters] Hex input RMS -> E | 0.002    A | 0.002    D | 0.002    G | 0.004    B | 0.002    e | 0.002
2025-11-24 05:52:48 [meters] Hex input RMS -> E | 0.002    A | 0.002    D | 0.002    G | 0.004    B | 0.003    e | 0.002
2025-11-24 05:52:48 [meters] Hex input RMS -> E | 0.001    A | 0.001    D | 0.002    G | 0.003    B | 0.003    e | 0.001
2025-11-24 05:52:48 [meters] Hex input RMS -> E | 0.001    A | 0.001    D | 0.001    G | 0.002    B | 0.003    e | 0.001
2025-11-24 05:52:48 [meters] Hex input RMS -> E | 0.002    A | 0.002    D | 0.002    G | 0.002    B | 0.003    e | 0.002
2025-11-24 05:52:48 [meters] Hex input RMS -> E | 0.002    A | 0.002    D | 0.002    G | 0.002    B | 0.002    e | 0.002
2025-11-24 05:52:48 [meters] Hex input RMS -> E | 0.002    A | 0.002    D | 0.002    G | 0.002    B | 0.002    e | 0.001
2025-11-24 05:52:48 [meters] Hex input RMS -> E | 0.001    A | 0.001    D | 0.001    G | 0.001    B | 0.001    e | 0.001
2025-11-24 05:52:48 [meters] Hex input RMS -> E | 0.001    A | 0.002    D | 0.002    G | 0.002    B | 0.002    e | 0.001
2025-11-24 05:52:48 [meters] Hex input RMS -> E | 0.002    A | 0.002    D | 0.002    G | 0.002    B | 0.002    e | 0.002
2025-11-24 05:52:48 [meters] Hex input RMS -> E | 0.002    A | 0.002    D | 0.002    G | 0.002    B | 0.002    e | 0.002
2025-11-24 05:52:48 [meters] Hex input RMS -> E | 0.001    A | 0.001    D | 0.001    G | 0.001    B | 0.001    e | 0.001
2025-11-24 05:52:48 [meters] Hex input RMS -> E | 0.001    A | 0.001    D | 0.001    G | 0.001    B | 0.001    e | 0.001
2025-11-24 05:52:49 [meters] Hex input RMS -> E | 0.002    A | 0.002    D | 0.004    G | 0.002    B | 0.002    e | 0.001
2025-11-24 05:52:49 [meters] Hex input RMS -> E | 0.002    A | 0.002    D | 0.002    G | 0.002    B | 0.002    e | 0.002
2025-11-24 05:52:49 [meters] Hex input RMS -> E | 0.002    A | 0.002    D | 0.002    G | 0.002    B | 0.002    e | 0.002
2025-11-24 05:52:49 [meters] Hex input RMS -> E | 0.001    A | 0.001    D | 0.001    G | 0.001    B | 0.001    e | 0.001
2025-11-24 05:52:49 [meters] Hex input RMS -> E | 0.001    A | 0.001    D | 0.001    G | 0.001    B | 0.001    e | 0.001
2025-11-24 05:52:49 [meters] Hex input RMS -> E | 0.002    A | 0.002    D | 0.002    G | 0.002    B | 0.002    e | 0.002
2025-11-24 05:52:49 [meters] Hex input RMS -> E | 0.002    A | 0.002    D | 0.002    G | 0.002    B | 0.002    e | 0.002
2025-11-24 05:52:49 [meters] Hex input RMS -> E | 0.002    A | 0.002    D | 0.002    G | 0.002    B | 0.002    e | 0.002
2025-11-24 05:52:49 [meters] Hex input RMS -> E | 0.001    A | 0.001    D | 0.001    G | 0.001    B | 0.001    e | 0.001
2025-11-24 05:52:49 [meters] Hex input RMS -> E | 0.001    A | 0.001    D | 0.001    G | 0.001    B | 0.001    e | 0.001
2025-11-24 05:52:49 [meters] Hex input RMS -> E | 0.002    A | 0.002    D | 0.002    G | 0.002    B | 0.002    e | 0.002
2025-11-24 05:52:49 [meters] Hex input RMS -> E | 0.002    A | 0.002    D | 0.002    G | 0.002    B | 0.002    e | 0.002
2025-11-24 05:52:50 [meters] Hex input RMS -> E | 0.002    A | 0.002    D | 0.002    G | 0.002    B | 0.002    e | 0.001
2025-11-24 05:52:50 [meters] Hex input RMS -> E | 0.001    A | 0.001    D | 0.001    G | 0.001    B | 0.001    e | 0.001
2025-11-24 05:52:50 [meters] Hex input RMS -> E | 0.001    A | 0.001    D | 0.001    G | 0.001    B | 0.001    e | 0.001
2025-11-24 05:52:50 [meters] Hex input RMS -> E | 0.002    A | 0.002    D | 0.002    G | 0.002    B | 0.002    e | 0.002
2025-11-24 05:52:50 [meters] Hex input RMS -> E | 0.002    A | 0.002    D | 0.002    G | 0.002    B | 0.002    e | 0.002
2025-11-24 05:52:50 [meters] Hex input RMS -> E | 0.001    A | 0.002    D | 0.002    G | 0.001    B | 0.001    e | 0.001
2025-11-24 05:52:50 [meters] Hex input RMS -> E | 0.001    A | 0.001    D | 0.001    G | 0.001    B | 0.001    e | 0.001
2025-11-24 05:52:50 [meters] Hex input RMS -> E | 0.002    A | 0.002    D | 0.002    G | 0.002    B | 0.002    e | 0.002
2025-11-24 05:52:50 [meters] Hex input RMS -> E | 0.002    A | 0.002    D | 0.002    G | 0.002    B | 0.002    e | 0.002
2025-11-24 05:52:50 [meters] Hex input RMS -> E | 0.002    A | 0.002    D | 0.002    G | 0.002    B | 0.002    e | 0.002
2025-11-24 05:52:50 [meters] Hex input RMS -> E | 0.001    A | 0.001    D | 0.001    G | 0.001    B | 0.002    e | 0.001
2025-11-24 05:52:50 [meters] Hex input RMS -> E | 0.001    A | 0.001    D | 0.001    G | 0.001    B | 0.002    e | 0.001
2025-11-24 05:52:50 [meters] Hex input RMS -> E | 0.002    A | 0.002    D | 0.002    G | 0.002    B | 0.002    e | 0.002
2025-11-24 05:52:51 [meters] Hex input RMS -> E | 0.002    A | 0.002    D | 0.002    G | 0.002    B | 0.002    e | 0.002
2025-11-24 05:52:51 [meters] Hex input RMS -> E | 0.002    A | 0.002    D | 0.002    G | 0.002    B | 0.002    e | 0.002
2025-11-24 05:52:51 [meters] Hex input RMS -> E | 0.001    A | 0.001    D | 0.001    G | 0.001    B | 0.002    e | 0.001
2025-11-24 05:52:51 [meters] Hex input RMS -> E | 0.001    A | 0.001    D | 0.001    G | 0.002    B | 0.002    e | 0.001
2025-11-24 05:52:51 [meters] Hex input RMS -> E | 0.002    A | 0.002    D | 0.002    G | 0.002    B | 0.002    e | 0.002
2025-11-24 05:52:51 [meters] Hex input RMS -> E | 0.002    A | 0.002    D | 0.002    G | 0.002    B | 0.002    e | 0.002
2025-11-24 05:52:51 [meters] Hex input RMS -> E | 0.002    A | 0.002    D | 0.002    G | 0.002    B | 0.002    e | 0.001
2025-11-24 05:52:51 [meters] Hex input RMS -> E | 0.001    A | 0.001    D | 0.001    G | 0.001    B | 0.001    e | 0.001
2025-11-24 05:52:51 [meters] Hex input RMS -> E | 0.001    A | 0.001    D | 0.001    G | 0.001    B | 0.002    e | 0.001
2025-11-24 05:52:51 [meters] Hex input RMS -> E | 0.002    A | 0.002    D | 0.002    G | 0.002    B | 0.002    e | 0.002
2025-11-24 05:52:51 [meters] Hex input RMS -> E | 0.002    A | 0.002    D | 0.002    G | 0.002    B | 0.002    e | 0.002
2025-11-24 05:52:51 [meters] Hex input RMS -> E | 0.002    A | 0.002    D | 0.002    G | 0.002    B | 0.002    e | 0.002
2025-11-24 05:52:52 [meters] Hex input RMS -> E | 0.001    A | 0.001    D | 0.001    G | 0.001    B | 0.001    e | 0.001
2025-11-24 05:52:52 [meters] Hex input RMS -> E | 0.002    A | 0.002    D | 0.002    G | 0.002    B | 0.002    e | 0.002
2025-11-24 05:52:52 [meters] Hex input RMS -> E | 0.002    A | 0.002    D | 0.002    G | 0.002    B | 0.002    e | 0.002
2025-11-24 05:52:52 [meters] Hex input RMS -> E | 0.002    A | 0.002    D | 0.002    G | 0.002    B | 0.002    e | 0.002
2025-11-24 05:52:52 [tracker] [s4] onset t=361.693 env=0.00171 baseline=0.00201 gate=0.00034 envFloor=0.00171 onset=1.318>=0.014
2025-11-24 05:52:52 [meters] Hex input RMS -> E | 0.001    A | 0.002    D | 0.001    G | 0.002    B | 0.002    e | 0.001
2025-11-24 05:52:52 [meters] Hex input RMS -> E | 0.001    A | 0.002    D | 0.001    G | 0.001    B | 0.003    e | 0.001
2025-11-24 05:52:52 [meters] Hex input RMS -> E | 0.002    A | 0.002    D | 0.002    G | 0.002    B | 0.003    e | 0.002
2025-11-24 05:52:52 [meters] Hex input RMS -> E | 0.002    A | 0.002    D | 0.002    G | 0.002    B | 0.003    e | 0.002
2025-11-24 05:52:52 [meters] Hex input RMS -> E | 0.002    A | 0.002    D | 0.002    G | 0.002    B | 0.002    e | 0.002
2025-11-24 05:52:52 [meters] Hex input RMS -> E | 0.001    A | 0.001    D | 0.001    G | 0.002    B | 0.002    e | 0.001
2025-11-24 05:52:52 [meters] Hex input RMS -> E | 0.001    A | 0.002    D | 0.001    G | 0.001    B | 0.002    e | 0.001
2025-11-24 05:52:52 [meters] Hex input RMS -> E | 0.002    A | 0.002    D | 0.002    G | 0.002    B | 0.002    e | 0.002
2025-11-24 05:52:52 [meters] Hex input RMS -> E | 0.002    A | 0.002    D | 0.002    G | 0.002    B | 0.002    e | 0.002
2025-11-24 05:52:53 [meters] Hex input RMS -> E | 0.002    A | 0.002    D | 0.002    G | 0.002    B | 0.002    e | 0.001
2025-11-24 05:52:53 [meters] Hex input RMS -> E | 0.001    A | 0.001    D | 0.001    G | 0.002    B | 0.002    e | 0.001
2025-11-24 05:52:53 [meters] Hex input RMS -> E | 0.002    A | 0.002    D | 0.002    G | 0.002    B | 0.002    e | 0.001
2025-11-24 05:52:53 [meters] Hex input RMS -> E | 0.002    A | 0.002    D | 0.002    G | 0.002    B | 0.002    e | 0.002
2025-11-24 05:52:53 [meters] Hex input RMS -> E | 0.002    A | 0.002    D | 0.002    G | 0.002    B | 0.002    e | 0.002
2025-11-24 05:52:53 [meters] Hex input RMS -> E | 0.002    A | 0.002    D | 0.002    G | 0.002    B | 0.002    e | 0.001
2025-11-24 05:52:53 [meters] Hex input RMS -> E | 0.001    A | 0.001    D | 0.001    G | 0.001    B | 0.002    e | 0.001
2025-11-24 05:52:53 [meters] Hex input RMS -> E | 0.002    A | 0.002    D | 0.002    G | 0.002    B | 0.002    e | 0.001
2025-11-24 05:52:53 [meters] Hex input RMS -> E | 0.002    A | 0.002    D | 0.002    G | 0.002    B | 0.002    e | 0.002
2025-11-24 05:52:53 [meters] Hex input RMS -> E | 0.002    A | 0.002    D | 0.002    G | 0.002    B | 0.002    e | 0.002
2025-11-24 05:52:53 [meters] Hex input RMS -> E | 0.001    A | 0.001    D | 0.001    G | 0.001    B | 0.002    e | 0.001
2025-11-24 05:52:53 [meters] Hex input RMS -> E | 0.001    A | 0.001    D | 0.001    G | 0.001    B | 0.001    e | 0.001
2025-11-24 05:52:54 [meters] Hex input RMS -> E | 0.002    A | 0.002    D | 0.002    G | 0.002    B | 0.002    e | 0.002
2025-11-24 05:52:54 [meters] Hex input RMS -> E | 0.002    A | 0.002    D | 0.002    G | 0.002    B | 0.002    e | 0.002
2025-11-24 05:52:54 [meters] Hex input RMS -> E | 0.002    A | 0.002    D | 0.002    G | 0.002    B | 0.002    e | 0.002
2025-11-24 05:52:54 [meters] Hex input RMS -> E | 0.001    A | 0.001    D | 0.001    G | 0.001    B | 0.001    e | 0.001
2025-11-24 05:52:54 [meters] Hex input RMS -> E | 0.001    A | 0.001    D | 0.001    G | 0.001    B | 0.002    e | 0.001
2025-11-24 05:52:54 [meters] Hex input RMS -> E | 0.002    A | 0.002    D | 0.002    G | 0.002    B | 0.002    e | 0.002
2025-11-24 05:52:54 [meters] Hex input RMS -> E | 0.002    A | 0.002    D | 0.002    G | 0.002    B | 0.002    e | 0.002
