# SignalAssistant session log
# Started at 2025-12-14 07:51:54
2025-12-14 07:51:54 [session] mode=live session='' path='' duration=0.00 files=0
2025-12-14 07:51:54 [tracker-settings] TrackerConfig onsetThreshold=0.02000 minNoteDurSec=0.045 hopSec=0.010 slideDelta=120.0 bendDelta=35.0
2025-12-14 07:51:54 [tracker-settings] string1 midi=40 lowCut=37.08Hz highCut=445.00Hz baseline=0.000180 gateRatio=0.05500 envFloor=0.000450 sustainScale=0.580 retriggerScale=1.400 peakRelease=0.120 pitchTol=0.400 onsetScale=0.006
2025-12-14 07:51:54 [tracker-settings] string2 midi=45 lowCut=55.00Hz highCut=563.20Hz baseline=0.000220 gateRatio=0.10000 envFloor=0.000550 sustainScale=0.700 retriggerScale=1.250 peakRelease=0.130 pitchTol=0.400 onsetScale=0.009
2025-12-14 07:51:54 [tracker-settings] string3 midi=50 lowCut=85.16Hz highCut=693.05Hz baseline=0.000260 gateRatio=0.13000 envFloor=0.000650 sustainScale=0.820 retriggerScale=1.100 peakRelease=0.140 pitchTol=0.450 onsetScale=0.012
2025-12-14 07:51:54 [tracker-settings] string4 midi=55 lowCut=127.40Hz highCut=862.39Hz baseline=0.000320 gateRatio=0.17000 envFloor=0.000780 sustainScale=1.000 retriggerScale=1.000 peakRelease=0.160 pitchTol=0.440 onsetScale=0.014
2025-12-14 07:51:54 [tracker-settings] string5 midi=59 lowCut=160.51Hz highCut=1086.54Hz baseline=0.000370 gateRatio=0.21000 envFloor=0.000900 sustainScale=1.000 retriggerScale=1.000 peakRelease=0.180 pitchTol=0.500 onsetScale=0.016
2025-12-14 07:51:54 [tracker-settings] string6 midi=64 lowCut=214.26Hz highCut=1450.36Hz baseline=0.000420 gateRatio=0.25000 envFloor=0.001050 sustainScale=1.000 retriggerScale=1.000 peakRelease=0.200 pitchTol=0.550 onsetScale=0.018
2025-12-14 07:51:54 [tracker] [s1] calibration reset target=0.00180 gain=1.000
2025-12-14 07:51:54 [tracker] [s2] calibration reset target=0.00180 gain=1.000
2025-12-14 07:51:54 [tracker] [s3] calibration reset target=0.00180 gain=1.000
2025-12-14 07:51:54 [tracker] [s4] calibration reset target=0.00180 gain=1.000
2025-12-14 07:51:54 [tracker] [s5] calibration reset target=0.00180 gain=1.000
2025-12-14 07:51:54 [tracker] [s6] calibration reset target=0.00180 gain=1.000
2025-12-14 07:51:54 [calibration] Loading calibration profile multipliers into parameters
2025-12-14 07:51:54 [calibration] String 1: setting multiplier to 6.317
2025-12-14 07:51:54 [calibration] String 2: setting multiplier to 8.000
2025-12-14 07:51:54 [calibration] String 3: setting multiplier to 8.000
2025-12-14 07:51:54 [calibration] String 4: setting multiplier to 8.000
2025-12-14 07:51:54 [calibration] String 5: setting multiplier to 8.000
2025-12-14 07:51:54 [calibration] String 6: setting multiplier to 8.000
2025-12-14 07:51:54 [tracker] [s1] calibration avg=0.03970 target=0.00180 gain=1.000
2025-12-14 07:51:54 [tracker] [s2] calibration avg=0.01940 target=0.00180 gain=1.000
2025-12-14 07:51:54 [tracker] [s3] calibration avg=0.01411 target=0.00180 gain=1.000
2025-12-14 07:51:54 [tracker] [s4] calibration avg=0.03018 target=0.00180 gain=1.000
2025-12-14 07:51:54 [tracker] [s5] calibration avg=0.02970 target=0.00180 gain=1.000
2025-12-14 07:51:54 [tracker] [s6] calibration avg=0.02331 target=0.00180 gain=1.000
2025-12-14 07:51:55 [tracker] [s1] configure sr=48000.0 hop=128 fft=1024 low=37.1 high=445.0
2025-12-14 07:51:55 [tracker] [s2] configure sr=48000.0 hop=128 fft=1024 low=55.0 high=563.2
2025-12-14 07:51:55 [tracker] [s3] configure sr=48000.0 hop=128 fft=1024 low=85.2 high=693.0
2025-12-14 07:51:55 [tracker] [s3] params baseline=0.000260 gate=0.1300 envFloor=0.000650 sustain=0.820 retrigger=1.100 peakRelease=0.140 pitchTol=0.450 onsetScale=0.012 aubioScale=1.60 aubioThresh=0.032 onsetSilence=-75.0 pitchSilence=-80.0
2025-12-14 07:51:55 [tracker] [s4] configure sr=48000.0 hop=128 fft=1024 low=127.4 high=862.4
2025-12-14 07:51:55 [tracker] [s4] params baseline=0.000320 gate=0.1700 envFloor=0.000780 sustain=1.000 retrigger=1.000 peakRelease=0.160 pitchTol=0.440 onsetScale=0.014 aubioScale=1.80 aubioThresh=0.036 onsetSilence=-75.0 pitchSilence=-80.0
2025-12-14 07:51:55 [tracker] [s5] configure sr=48000.0 hop=128 fft=512 low=160.5 high=1086.5
2025-12-14 07:51:55 [tracker] [s5] params baseline=0.000370 gate=0.2100 envFloor=0.000900 sustain=1.000 retrigger=1.000 peakRelease=0.180 pitchTol=0.500 onsetScale=0.016 aubioScale=1.80 aubioThresh=0.036 onsetSilence=-75.0 pitchSilence=-80.0
2025-12-14 07:51:55 [tracker] [s6] configure sr=48000.0 hop=128 fft=512 low=214.3 high=1450.4
2025-12-14 07:51:55 [tracker] [s6] params baseline=0.000420 gate=0.2500 envFloor=0.001050 sustain=1.000 retrigger=1.000 peakRelease=0.200 pitchTol=0.550 onsetScale=0.018 aubioScale=1.80 aubioThresh=0.036 onsetSilence=-75.0 pitchSilence=-80.0
2025-12-14 07:51:55 [tracker] [s1] aubio-raw t=0.0093 onset=4.000000 env=0.000849 peak=0.002096 gain=1.000
2025-12-14 07:51:55 [tracker] [s1] onset-accepted t=0.0093 env=0.000849 gate=0.000022 envDelta=0.000827 envFloor=0.000597 onset=4.000000 thresh=0.006000 onsetDelta=3.994000 baseline=0.000398 floor=0.000180 adapt=0.000995 lastPeak=0.000000 baseParam=0.000180 gateRatio=0.0550 envParam=0.000450 onsetScale=0.300 retriggerScale=1.400 guard=0.060 guardRemain=0.000 activeAge=-1.000 retrigRemain=0.000 pitchHz=125.16 pitchCents=723.6
2025-12-14 07:51:55 [tracker] [s1] onset t=0.009 env=0.00085 gate=0.00002 envDelta=0.00083 envFloor=0.00060 onset=4.000 thresh=0.006 onsetDelta=3.99400 baseline=0.00040 adaptive=0.00100 lastPeak=0.00000 guard=0.060 activeAge=-1.000 pitch=125.16Hz pitchCents=723.6
2025-12-14 07:51:55 [tracker] [s2] onset t=0.009 env=0.00131 gate=0.00000 envDelta=0.00130 envFloor=0.00063 onset=4.000 thresh=0.009 onsetDelta=3.99100 baseline=0.00042 adaptive=0.00105 lastPeak=0.00000 guard=0.060 activeAge=-1.000 pitch=125.16Hz pitchCents=223.6
2025-12-14 07:51:55 [tracker] [s3] onset t=0.009 env=0.00136 gate=0.00005 envDelta=0.00130 envFloor=0.00065 onset=4.000 thresh=0.012 onsetDelta=3.98840 baseline=0.00042 adaptive=0.00105 lastPeak=0.00000 guard=0.060 activeAge=-1.000 pitch=125.16Hz pitchCents=-276.4
2025-12-14 07:51:55 [tracker] [s4] onset t=0.009 env=0.00149 gate=0.00007 envDelta=0.00142 envFloor=0.00078 onset=4.000 thresh=0.014 onsetDelta=3.98600 baseline=0.00043 adaptive=0.00107 lastPeak=0.00000 guard=0.060 activeAge=-1.000 pitch=125.16Hz pitchCents=-776.4
2025-12-14 07:51:55 [tracker] [s5] onset t=0.009 env=0.00168 gate=0.00009 envDelta=0.00159 envFloor=0.00090 onset=4.000 thresh=0.016 onsetDelta=3.98400 baseline=0.00044 adaptive=0.00110 lastPeak=0.00000 guard=0.060 activeAge=-1.000 pitch=376.47Hz pitchCents=730.0
2025-12-14 07:51:55 [tracker] [s6] onset t=0.009 env=0.00199 gate=0.00011 envDelta=0.00188 envFloor=0.00105 onset=4.000 thresh=0.018 onsetDelta=3.98200 baseline=0.00046 adaptive=0.00115 lastPeak=0.00000 guard=0.060 activeAge=-1.000 pitch=376.47Hz pitchCents=230.0
2025-12-14 07:51:55 [tracker] [s2] onset t=0.073 env=0.00181 gate=0.00001 envDelta=0.00181 envFloor=0.00095 onset=0.828 thresh=0.009 onsetDelta=0.81942 baseline=0.00063 adaptive=0.00158 lastPeak=0.00000 guard=0.060 activeAge=-1.000 pitch=-1.00Hz pitchCents=0.0
2025-12-14 07:51:55 [tracker] [s1] aubio-raw t=0.0840 onset=1.414372 env=0.000861 peak=0.002186 gain=1.000
2025-12-14 07:51:55 [tracker] [s1] onset-accepted t=0.0840 env=0.000861 gate=0.000021 envDelta=0.000840 envFloor=0.000582 onset=1.414372 thresh=0.006000 onsetDelta=1.408372 baseline=0.000388 floor=0.000180 adapt=0.000971 lastPeak=0.000000 baseParam=0.000180 gateRatio=0.0550 envParam=0.000450 onsetScale=0.300 retriggerScale=1.400 guard=0.060 guardRemain=0.000 activeAge=-1.000 retrigRemain=0.000 pitchHz=296.26 pitchCents=2215.2
2025-12-14 07:51:55 [tracker] [s1] onset t=0.084 env=0.00086 gate=0.00002 envDelta=0.00084 envFloor=0.00058 onset=1.414 thresh=0.006 onsetDelta=1.40837 baseline=0.00039 adaptive=0.00097 lastPeak=0.00000 guard=0.060 activeAge=-1.000 pitch=296.26Hz pitchCents=2215.2
2025-12-14 07:51:55 [tracker] [s4] onset t=0.089 env=0.00131 gate=0.00010 envDelta=0.00121 envFloor=0.00087 onset=0.995 thresh=0.014 onsetDelta=0.98146 baseline=0.00058 adaptive=0.00146 lastPeak=0.00000 guard=0.060 activeAge=-1.000 pitch=-1.00Hz pitchCents=0.0
2025-12-14 07:51:55 [tracker] [s1] aubio-raw t=0.2360 onset=0.945592 env=0.000990 peak=0.002215 gain=1.000
2025-12-14 07:51:55 [tracker] [s1] onset-accepted t=0.2360 env=0.000990 gate=0.000024 envDelta=0.000966 envFloor=0.000644 onset=0.945592 thresh=0.006000 onsetDelta=0.939592 baseline=0.000429 floor=0.000180 adapt=0.001073 lastPeak=0.000000 baseParam=0.000180 gateRatio=0.0550 envParam=0.000450 onsetScale=0.300 retriggerScale=1.400 guard=0.060 guardRemain=0.000 activeAge=-1.000 retrigRemain=0.000 pitchHz=-1.00 pitchCents=0.0
2025-12-14 07:51:55 [tracker] [s1] onset t=0.236 env=0.00099 gate=0.00002 envDelta=0.00097 envFloor=0.00064 onset=0.946 thresh=0.006 onsetDelta=0.93959 baseline=0.00043 adaptive=0.00107 lastPeak=0.00000 guard=0.060 activeAge=-1.000 pitch=-1.00Hz pitchCents=0.0
2025-12-14 07:51:55 [tracker] [s5] onset t=0.345 env=0.00169 gate=0.00016 envDelta=0.00154 envFloor=0.00111 onset=0.581 thresh=0.016 onsetDelta=0.56521 baseline=0.00074 adaptive=0.00185 lastPeak=0.00000 guard=0.060 activeAge=-1.000 pitch=-1.00Hz pitchCents=0.0
2025-12-14 07:51:55 [tracker] [s2] onset t=0.369 env=0.00120 gate=0.00001 envDelta=0.00120 envFloor=0.00106 onset=0.938 thresh=0.009 onsetDelta=0.92858 baseline=0.00071 adaptive=0.00177 lastPeak=0.00000 guard=0.060 activeAge=-1.000 pitch=-1.00Hz pitchCents=0.0
2025-12-14 07:51:55 [tracker] [s5] onset t=0.399 env=0.00176 gate=0.00015 envDelta=0.00160 envFloor=0.00109 onset=0.997 thresh=0.016 onsetDelta=0.98079 baseline=0.00073 adaptive=0.00182 lastPeak=0.00000 guard=0.060 activeAge=-1.000 pitch=-1.00Hz pitchCents=0.0
2025-12-14 07:51:55 [tracker] [s4] onset t=0.420 env=0.00138 gate=0.00012 envDelta=0.00126 envFloor=0.00103 onset=0.544 thresh=0.014 onsetDelta=0.52970 baseline=0.00069 adaptive=0.00172 lastPeak=0.00000 guard=0.060 activeAge=-1.000 pitch=-1.00Hz pitchCents=0.0
2025-12-14 07:51:55 [tracker] [s6] onset t=0.489 env=0.00183 gate=0.00020 envDelta=0.00163 envFloor=0.00120 onset=0.946 thresh=0.018 onsetDelta=0.92754 baseline=0.00080 adaptive=0.00201 lastPeak=0.00000 guard=0.060 activeAge=-1.000 pitch=-1.00Hz pitchCents=0.0
2025-12-14 07:51:55 [tracker] [s5] onset t=0.495 env=0.00173 gate=0.00015 envDelta=0.00159 envFloor=0.00105 onset=0.990 thresh=0.016 onsetDelta=0.97406 baseline=0.00070 adaptive=0.00174 lastPeak=0.00000 guard=0.060 activeAge=-1.000 pitch=-1.00Hz pitchCents=0.0
2025-12-14 07:51:55 [tracker] [s1] aubio-raw t=0.5133 onset=1.031923 env=0.000845 peak=0.001849 gain=1.000
2025-12-14 07:51:55 [tracker] [s1] onset-accepted t=0.5133 env=0.000845 gate=0.000022 envDelta=0.000823 envFloor=0.000608 onset=1.031923 thresh=0.006000 onsetDelta=1.025923 baseline=0.000405 floor=0.000180 adapt=0.001013 lastPeak=0.000000 baseParam=0.000180 gateRatio=0.0550 envParam=0.000450 onsetScale=0.300 retriggerScale=1.400 guard=0.060 guardRemain=0.000 activeAge=-1.000 retrigRemain=0.000 pitchHz=96.38 pitchCents=271.2
2025-12-14 07:51:55 [tracker] [s1] onset t=0.513 env=0.00085 gate=0.00002 envDelta=0.00082 envFloor=0.00061 onset=1.032 thresh=0.006 onsetDelta=1.02592 baseline=0.00041 adaptive=0.00101 lastPeak=0.00000 guard=0.060 activeAge=-1.000 pitch=96.38Hz pitchCents=271.2
2025-12-14 07:51:55 [tracker] [s6] onset t=0.721 env=0.00210 gate=0.00022 envDelta=0.00188 envFloor=0.00130 onset=1.025 thresh=0.018 onsetDelta=1.00660 baseline=0.00087 adaptive=0.00217 lastPeak=0.00000 guard=0.060 activeAge=-1.000 pitch=-1.00Hz pitchCents=0.0
2025-12-14 07:51:55 [tracker] [s5] onset t=0.769 env=0.00151 gate=0.00015 envDelta=0.00136 envFloor=0.00106 onset=1.079 thresh=0.016 onsetDelta=1.06271 baseline=0.00071 adaptive=0.00177 lastPeak=0.00000 guard=0.060 activeAge=-1.000 pitch=-1.00Hz pitchCents=0.0
2025-12-14 07:51:56 [tracker] [s1] aubio-raw t=0.8787 onset=1.210475 env=0.000606 peak=0.001672 gain=1.000
2025-12-14 07:51:56 [tracker] [s1] onset-below-env-floor t=0.8787 env=0.000606 gate=0.000024 envDelta=0.000582 envFloor=0.000648 onset=1.210475 thresh=0.006000 onsetDelta=1.204475 baseline=0.000432 floor=0.000180 adapt=0.001079 lastPeak=0.000000 baseParam=0.000180 gateRatio=0.0550 envParam=0.000450 onsetScale=0.300 retriggerScale=1.400 guard=0.060 guardRemain=0.000 activeAge=-1.000 retrigRemain=0.000 pitchHz=285.75 pitchCents=2152.7
2025-12-14 07:51:56 [tracker] [s5] onset t=0.903 env=0.00141 gate=0.00014 envDelta=0.00127 envFloor=0.00101 onset=1.139 thresh=0.016 onsetDelta=1.12273 baseline=0.00067 adaptive=0.00168 lastPeak=0.00000 guard=0.060 activeAge=-1.000 pitch=-1.00Hz pitchCents=0.0
2025-12-14 07:51:56 [tracker] [s2] onset t=0.961 env=0.00118 gate=0.00001 envDelta=0.00117 envFloor=0.00110 onset=1.316 thresh=0.009 onsetDelta=1.30650 baseline=0.00073 adaptive=0.00183 lastPeak=0.00000 guard=0.060 activeAge=-1.000 pitch=-1.00Hz pitchCents=0.0
2025-12-14 07:51:56 [tracker] [s6] onset t=0.991 env=0.00200 gate=0.00020 envDelta=0.00180 envFloor=0.00122 onset=1.060 thresh=0.018 onsetDelta=1.04230 baseline=0.00082 adaptive=0.00204 lastPeak=0.00000 guard=0.060 activeAge=-1.000 pitch=-1.00Hz pitchCents=0.0
2025-12-14 07:51:56 [tracker] [s2] onset t=1.023 env=0.00137 gate=0.00001 envDelta=0.00136 envFloor=0.00103 onset=1.012 thresh=0.009 onsetDelta=1.00251 baseline=0.00069 adaptive=0.00172 lastPeak=0.00000 guard=0.060 activeAge=-1.000 pitch=-1.00Hz pitchCents=0.0
2025-12-14 07:51:56 [tracker] [s1] aubio-raw t=1.0333 onset=0.958683 env=0.000747 peak=0.001819 gain=1.000
2025-12-14 07:51:56 [tracker] [s1] onset-accepted t=1.0333 env=0.000747 gate=0.000024 envDelta=0.000722 envFloor=0.000663 onset=0.958683 thresh=0.006000 onsetDelta=0.952683 baseline=0.000442 floor=0.000180 adapt=0.001105 lastPeak=0.000000 baseParam=0.000180 gateRatio=0.0550 envParam=0.000450 onsetScale=0.300 retriggerScale=1.400 guard=0.060 guardRemain=0.000 activeAge=-1.000 retrigRemain=0.000 pitchHz=99.99 pitchCents=334.9
2025-12-14 07:51:56 [tracker] [s1] onset t=1.033 env=0.00075 gate=0.00002 envDelta=0.00072 envFloor=0.00066 onset=0.959 thresh=0.006 onsetDelta=0.95268 baseline=0.00044 adaptive=0.00110 lastPeak=0.00000 guard=0.060 activeAge=-1.000 pitch=99.99Hz pitchCents=334.9
2025-12-14 07:51:56 [tracker] [s5] onset t=1.052 env=0.00174 gate=0.00015 envDelta=0.00159 envFloor=0.00110 onset=1.233 thresh=0.016 onsetDelta=1.21690 baseline=0.00073 adaptive=0.00183 lastPeak=0.00000 guard=0.060 activeAge=-1.000 pitch=-1.00Hz pitchCents=0.0
2025-12-14 07:51:56 [tracker] [s1] aubio-raw t=1.1640 onset=1.301594 env=0.000779 peak=0.002211 gain=1.000
2025-12-14 07:51:56 [tracker] [s1] onset-accepted t=1.1640 env=0.000779 gate=0.000025 envDelta=0.000754 envFloor=0.000680 onset=1.301594 thresh=0.006000 onsetDelta=1.295594 baseline=0.000453 floor=0.000180 adapt=0.001133 lastPeak=0.000000 baseParam=0.000180 gateRatio=0.0550 envParam=0.000450 onsetScale=0.300 retriggerScale=1.400 guard=0.060 guardRemain=0.000 activeAge=-1.000 retrigRemain=0.000 pitchHz=-1.00 pitchCents=0.0
2025-12-14 07:51:56 [tracker] [s1] onset t=1.164 env=0.00078 gate=0.00002 envDelta=0.00075 envFloor=0.00068 onset=1.302 thresh=0.006 onsetDelta=1.29559 baseline=0.00045 adaptive=0.00113 lastPeak=0.00000 guard=0.060 activeAge=-1.000 pitch=-1.00Hz pitchCents=0.0
2025-12-14 07:51:56 [tracker] [s3] onset t=1.295 env=0.00121 gate=0.00007 envDelta=0.00114 envFloor=0.00084 onset=0.892 thresh=0.012 onsetDelta=0.88028 baseline=0.00056 adaptive=0.00141 lastPeak=0.00000 guard=0.060 activeAge=-1.000 pitch=-1.00Hz pitchCents=0.0
2025-12-14 07:51:56 [tracker] [s1] aubio-raw t=1.4680 onset=0.744566 env=0.001232 peak=0.003096 gain=1.000
2025-12-14 07:51:56 [tracker] [s1] onset-accepted t=1.4680 env=0.001232 gate=0.000024 envDelta=0.001208 envFloor=0.000647 onset=0.744566 thresh=0.006000 onsetDelta=0.738566 baseline=0.000431 floor=0.000180 adapt=0.001078 lastPeak=0.000000 baseParam=0.000180 gateRatio=0.0550 envParam=0.000450 onsetScale=0.300 retriggerScale=1.400 guard=0.060 guardRemain=0.000 activeAge=-1.000 retrigRemain=0.000 pitchHz=-1.00 pitchCents=0.0
2025-12-14 07:51:56 [tracker] [s1] onset t=1.468 env=0.00123 gate=0.00002 envDelta=0.00121 envFloor=0.00065 onset=0.745 thresh=0.006 onsetDelta=0.73857 baseline=0.00043 adaptive=0.00108 lastPeak=0.00000 guard=0.060 activeAge=-1.000 pitch=-1.00Hz pitchCents=0.0
2025-12-14 07:51:56 [tracker] [s1] aubio-raw t=1.5187 onset=1.038905 env=0.000843 peak=0.002402 gain=1.000
2025-12-14 07:51:56 [tracker] [s1] onset-accepted t=1.5187 env=0.000843 gate=0.000023 envDelta=0.000820 envFloor=0.000627 onset=1.038905 thresh=0.006000 onsetDelta=1.032905 baseline=0.000418 floor=0.000180 adapt=0.001045 lastPeak=0.000000 baseParam=0.000180 gateRatio=0.0550 envParam=0.000450 onsetScale=0.300 retriggerScale=1.400 guard=0.060 guardRemain=0.000 activeAge=-1.000 retrigRemain=0.000 pitchHz=-1.00 pitchCents=0.0
2025-12-14 07:51:56 [tracker] [s1] onset t=1.519 env=0.00084 gate=0.00002 envDelta=0.00082 envFloor=0.00063 onset=1.039 thresh=0.006 onsetDelta=1.03290 baseline=0.00042 adaptive=0.00105 lastPeak=0.00000 guard=0.060 activeAge=-1.000 pitch=-1.00Hz pitchCents=0.0
2025-12-14 07:51:56 [tracker] [s4] onset t=1.548 env=0.00173 gate=0.00012 envDelta=0.00161 envFloor=0.00105 onset=1.134 thresh=0.014 onsetDelta=1.11976 baseline=0.00070 adaptive=0.00174 lastPeak=0.00000 guard=0.060 activeAge=-1.000 pitch=-1.00Hz pitchCents=0.0
2025-12-14 07:51:56 [tracker] [s1] aubio-raw t=1.5933 onset=0.981695 env=0.000951 peak=0.002212 gain=1.000
2025-12-14 07:51:56 [tracker] [s1] onset-accepted t=1.5933 env=0.000951 gate=0.000023 envDelta=0.000928 envFloor=0.000619 onset=0.981695 thresh=0.006000 onsetDelta=0.975695 baseline=0.000413 floor=0.000180 adapt=0.001032 lastPeak=0.000000 baseParam=0.000180 gateRatio=0.0550 envParam=0.000450 onsetScale=0.300 retriggerScale=1.400 guard=0.060 guardRemain=0.000 activeAge=-1.000 retrigRemain=0.000 pitchHz=222.25 pitchCents=1717.6
2025-12-14 07:51:56 [tracker] [s1] onset t=1.593 env=0.00095 gate=0.00002 envDelta=0.00093 envFloor=0.00062 onset=0.982 thresh=0.006 onsetDelta=0.97569 baseline=0.00041 adaptive=0.00103 lastPeak=0.00000 guard=0.060 activeAge=-1.000 pitch=222.25Hz pitchCents=1717.6
2025-12-14 07:51:56 [tracker] [s2] onset t=1.692 env=0.00176 gate=0.00001 envDelta=0.00175 envFloor=0.00095 onset=0.688 thresh=0.009 onsetDelta=0.67866 baseline=0.00064 adaptive=0.00159 lastPeak=0.00000 guard=0.060 activeAge=-1.000 pitch=-1.00Hz pitchCents=0.0
2025-12-14 07:51:57 [tracker] [s2] onset t=1.828 env=0.00192 gate=0.00001 envDelta=0.00192 envFloor=0.00097 onset=1.089 thresh=0.009 onsetDelta=1.08029 baseline=0.00065 adaptive=0.00162 lastPeak=0.00000 guard=0.060 activeAge=-1.000 pitch=-1.00Hz pitchCents=0.0
2025-12-14 07:51:57 [tracker] [s6] onset t=1.889 env=0.00203 gate=0.00022 envDelta=0.00181 envFloor=0.00132 onset=1.189 thresh=0.018 onsetDelta=1.17140 baseline=0.00088 adaptive=0.00220 lastPeak=0.00000 guard=0.060 activeAge=-1.000 pitch=-1.00Hz pitchCents=0.0
2025-12-14 07:51:57 [tracker] [s4] onset t=2.063 env=0.00121 gate=0.00011 envDelta=0.00110 envFloor=0.00097 onset=0.937 thresh=0.014 onsetDelta=0.92348 baseline=0.00065 adaptive=0.00162 lastPeak=0.00000 guard=0.060 activeAge=-1.000 pitch=-1.00Hz pitchCents=0.0
2025-12-14 07:51:57 [tracker] [s3] onset t=2.100 env=0.00169 gate=0.00008 envDelta=0.00161 envFloor=0.00094 onset=0.996 thresh=0.012 onsetDelta=0.98478 baseline=0.00062 adaptive=0.00156 lastPeak=0.00000 guard=0.060 activeAge=-1.000 pitch=-1.00Hz pitchCents=0.0
2025-12-14 07:51:57 [tracker] [s5] onset t=2.439 env=0.00175 gate=0.00014 envDelta=0.00161 envFloor=0.00103 onset=0.997 thresh=0.016 onsetDelta=0.98066 baseline=0.00069 adaptive=0.00172 lastPeak=0.00000 guard=0.060 activeAge=-1.000 pitch=-1.00Hz pitchCents=0.0
2025-12-14 07:51:57 [tracker] [s2] onset t=2.465 env=0.00139 gate=0.00001 envDelta=0.00138 envFloor=0.00100 onset=0.888 thresh=0.009 onsetDelta=0.87873 baseline=0.00067 adaptive=0.00167 lastPeak=0.00000 guard=0.060 activeAge=-1.000 pitch=-1.00Hz pitchCents=0.0
2025-12-14 07:51:57 [tracker] [s6] onset t=2.505 env=0.00227 gate=0.00020 envDelta=0.00206 envFloor=0.00123 onset=0.996 thresh=0.018 onsetDelta=0.97757 baseline=0.00082 adaptive=0.00204 lastPeak=0.00000 guard=0.060 activeAge=-1.000 pitch=-1.00Hz pitchCents=0.0
2025-12-14 07:51:57 [tracker] [s3] onset t=2.569 env=0.00123 gate=0.00008 envDelta=0.00115 envFloor=0.00093 onset=0.993 thresh=0.012 onsetDelta=0.98171 baseline=0.00062 adaptive=0.00155 lastPeak=0.00000 guard=0.060 activeAge=-1.000 pitch=-1.00Hz pitchCents=0.0
2025-12-14 07:51:57 [tracker] [s6] onset t=2.572 env=0.00213 gate=0.00021 envDelta=0.00192 envFloor=0.00125 onset=1.001 thresh=0.018 onsetDelta=0.98284 baseline=0.00083 adaptive=0.00208 lastPeak=0.00000 guard=0.060 activeAge=-1.000 pitch=-1.00Hz pitchCents=0.0
2025-12-14 07:51:57 [tracker] [s2] onset t=2.692 env=0.00166 gate=0.00001 envDelta=0.00165 envFloor=0.00094 onset=1.252 thresh=0.009 onsetDelta=1.24277 baseline=0.00062 adaptive=0.00156 lastPeak=0.00000 guard=0.060 activeAge=-1.000 pitch=-1.00Hz pitchCents=0.0
2025-12-14 07:51:57 [tracker] [s5] onset t=2.708 env=0.00156 gate=0.00015 envDelta=0.00141 envFloor=0.00107 onset=1.168 thresh=0.016 onsetDelta=1.15204 baseline=0.00072 adaptive=0.00179 lastPeak=0.00000 guard=0.060 activeAge=-1.000 pitch=-1.00Hz pitchCents=0.0
2025-12-14 07:51:57 [tracker] [s3] onset t=2.716 env=0.00172 gate=0.00008 envDelta=0.00163 envFloor=0.00094 onset=0.997 thresh=0.012 onsetDelta=0.98575 baseline=0.00063 adaptive=0.00157 lastPeak=0.00000 guard=0.060 activeAge=-1.000 pitch=-1.00Hz pitchCents=0.0
2025-12-14 07:51:57 [tracker] [s4] onset t=2.727 env=0.00130 gate=0.00011 envDelta=0.00120 envFloor=0.00095 onset=0.828 thresh=0.014 onsetDelta=0.81362 baseline=0.00063 adaptive=0.00158 lastPeak=0.00000 guard=0.060 activeAge=-1.000 pitch=-1.00Hz pitchCents=0.0
2025-12-14 07:51:57 [tracker] [s2] onset t=2.775 env=0.00159 gate=0.00001 envDelta=0.00159 envFloor=0.00097 onset=0.791 thresh=0.009 onsetDelta=0.78213 baseline=0.00065 adaptive=0.00162 lastPeak=0.00000 guard=0.060 activeAge=-1.000 pitch=533.52Hz pitchCents=2733.7
2025-12-14 07:51:57 [tracker] [s1] aubio-raw t=2.7827 onset=1.052749 env=0.001008 peak=0.002125 gain=1.000
2025-12-14 07:51:57 [tracker] [s1] onset-accepted t=2.7827 env=0.001008 gate=0.000022 envDelta=0.000986 envFloor=0.000601 onset=1.052749 thresh=0.006000 onsetDelta=1.046749 baseline=0.000401 floor=0.000180 adapt=0.001002 lastPeak=0.000000 baseParam=0.000180 gateRatio=0.0550 envParam=0.000450 onsetScale=0.300 retriggerScale=1.400 guard=0.060 guardRemain=0.000 activeAge=-1.000 retrigRemain=0.000 pitchHz=95.24 pitchCents=250.6
2025-12-14 07:51:57 [tracker] [s1] onset t=2.783 env=0.00101 gate=0.00002 envDelta=0.00099 envFloor=0.00060 onset=1.053 thresh=0.006 onsetDelta=1.04675 baseline=0.00040 adaptive=0.00100 lastPeak=0.00000 guard=0.060 activeAge=-1.000 pitch=95.24Hz pitchCents=250.6
2025-12-14 07:51:57 [tracker] [s3] onset t=2.783 env=0.00166 gate=0.00008 envDelta=0.00158 envFloor=0.00089 onset=0.991 thresh=0.012 onsetDelta=0.97979 baseline=0.00060 adaptive=0.00149 lastPeak=0.00000 guard=0.060 activeAge=-1.000 pitch=-1.00Hz pitchCents=0.0
2025-12-14 07:51:58 [tracker] [s3] onset t=2.945 env=0.00120 gate=0.00008 envDelta=0.00112 envFloor=0.00098 onset=0.802 thresh=0.012 onsetDelta=0.79035 baseline=0.00065 adaptive=0.00163 lastPeak=0.00000 guard=0.060 activeAge=-1.000 pitch=-1.00Hz pitchCents=0.0
2025-12-14 07:51:58 [tracker] [s4] onset t=2.945 env=0.00137 gate=0.00011 envDelta=0.00126 envFloor=0.00097 onset=0.990 thresh=0.014 onsetDelta=0.97568 baseline=0.00064 adaptive=0.00161 lastPeak=0.00000 guard=0.060 activeAge=-1.000 pitch=-1.00Hz pitchCents=0.0
2025-12-14 07:51:58 [tracker] [s2] onset t=3.100 env=0.00165 gate=0.00001 envDelta=0.00165 envFloor=0.00099 onset=0.992 thresh=0.009 onsetDelta=0.98290 baseline=0.00066 adaptive=0.00165 lastPeak=0.00000 guard=0.060 activeAge=-1.000 pitch=-1.00Hz pitchCents=0.0
2025-12-14 07:51:58 [tracker] [s1] aubio-raw t=3.1187 onset=0.997601 env=0.001129 peak=0.002695 gain=1.000
2025-12-14 07:51:58 [tracker] [s1] onset-accepted t=3.1187 env=0.001129 gate=0.000023 envDelta=0.001106 envFloor=0.000628 onset=0.997601 thresh=0.006000 onsetDelta=0.991601 baseline=0.000419 floor=0.000180 adapt=0.001047 lastPeak=0.000000 baseParam=0.000180 gateRatio=0.0550 envParam=0.000450 onsetScale=0.300 retriggerScale=1.400 guard=0.060 guardRemain=0.000 activeAge=-1.000 retrigRemain=0.000 pitchHz=444.49 pitchCents=2917.6
2025-12-14 07:51:58 [tracker] [s1] onset t=3.119 env=0.00113 gate=0.00002 envDelta=0.00111 envFloor=0.00063 onset=0.998 thresh=0.006 onsetDelta=0.99160 baseline=0.00042 adaptive=0.00105 lastPeak=0.00000 guard=0.060 activeAge=-1.000 pitch=444.49Hz pitchCents=2917.6
2025-12-14 07:51:58 [tracker] [s1] note-start t=3.119 fret=24 midi=64 vel=0.01 env=0.00113
2025-12-14 07:51:58 [tracker] [s3] onset t=3.183 env=0.00172 gate=0.00008 envDelta=0.00164 envFloor=0.00090 onset=0.988 thresh=0.012 onsetDelta=0.97622 baseline=0.00060 adaptive=0.00150 lastPeak=0.00000 guard=0.060 activeAge=-1.000 pitch=-1.00Hz pitchCents=0.0
2025-12-14 07:51:58 [tracker] [s2] onset t=3.204 env=0.00129 gate=0.00001 envDelta=0.00128 envFloor=0.00098 onset=1.040 thresh=0.009 onsetDelta=1.03101 baseline=0.00065 adaptive=0.00163 lastPeak=0.00000 guard=0.060 activeAge=-1.000 pitch=150.95Hz pitchCents=547.9
2025-12-14 07:51:58 [tracker] [s6] onset t=3.239 env=0.00199 gate=0.00019 envDelta=0.00180 envFloor=0.00116 onset=0.924 thresh=0.018 onsetDelta=0.90580 baseline=0.00078 adaptive=0.00194 lastPeak=0.00000 guard=0.060 activeAge=-1.000 pitch=-1.00Hz pitchCents=0.0
2025-12-14 07:51:58 [tracker] [s4] onset t=3.265 env=0.00199 gate=0.00011 envDelta=0.00188 envFloor=0.00100 onset=1.060 thresh=0.014 onsetDelta=1.04623 baseline=0.00067 adaptive=0.00167 lastPeak=0.00000 guard=0.060 activeAge=-1.000 pitch=-1.00Hz pitchCents=0.0
2025-12-14 07:51:58 [tracker] [s1] aubio-raw t=3.2787 onset=1.047470 env=0.001074 peak=0.002417 gain=1.000
2025-12-14 07:51:58 [tracker] [s1] onset-accepted t=3.2787 env=0.001074 gate=0.000041 envDelta=0.001033 envFloor=0.000615 onset=1.047470 thresh=0.006000 onsetDelta=1.041470 baseline=0.000752 floor=0.000180 adapt=0.001026 lastPeak=0.000836 baseParam=0.000180 gateRatio=0.0550 envParam=0.000450 onsetScale=0.300 retriggerScale=1.400 guard=0.060 guardRemain=0.000 activeAge=0.160 retrigRemain=0.060 pitchHz=-1.00 pitchCents=0.0
2025-12-14 07:51:58 [tracker] [s1] onset t=3.279 env=0.00107 gate=0.00004 envDelta=0.00103 envFloor=0.00062 onset=1.047 thresh=0.006 onsetDelta=1.04147 baseline=0.00075 adaptive=0.00103 lastPeak=0.00084 guard=0.060 activeAge=0.160 pitch=-1.00Hz pitchCents=0.0
2025-12-14 07:51:58 [tracker] [s1] note-ended (new onset) t=3.279 fret=24 dur=0.160
2025-12-14 07:51:58 [tracker] [s2] onset t=3.284 env=0.00184 gate=0.00001 envDelta=0.00183 envFloor=0.00099 onset=1.001 thresh=0.009 onsetDelta=0.99165 baseline=0.00066 adaptive=0.00166 lastPeak=0.00000 guard=0.060 activeAge=-1.000 pitch=-1.00Hz pitchCents=0.0
2025-12-14 07:51:58 [tracker] [s4] onset t=3.367 env=0.00176 gate=0.00012 envDelta=0.00165 envFloor=0.00102 onset=1.024 thresh=0.014 onsetDelta=1.01008 baseline=0.00068 adaptive=0.00169 lastPeak=0.00000 guard=0.060 activeAge=-1.000 pitch=-1.00Hz pitchCents=0.0
2025-12-14 07:51:58 [tracker] [s4] onset t=3.425 env=0.00157 gate=0.00012 envDelta=0.00146 envFloor=0.00103 onset=0.946 thresh=0.014 onsetDelta=0.93205 baseline=0.00068 adaptive=0.00171 lastPeak=0.00000 guard=0.060 activeAge=-1.000 pitch=-1.00Hz pitchCents=0.0
2025-12-14 07:51:58 [tracker] [s2] onset t=3.489 env=0.00141 gate=0.00001 envDelta=0.00140 envFloor=0.00111 onset=0.910 thresh=0.009 onsetDelta=0.90136 baseline=0.00074 adaptive=0.00185 lastPeak=0.00000 guard=0.060 activeAge=-1.000 pitch=571.38Hz pitchCents=2852.3
2025-12-14 07:51:58 [tracker] [s6] onset t=3.577 env=0.00156 gate=0.00019 envDelta=0.00137 envFloor=0.00116 onset=0.710 thresh=0.018 onsetDelta=0.69179 baseline=0.00077 adaptive=0.00193 lastPeak=0.00000 guard=0.060 activeAge=-1.000 pitch=-1.00Hz pitchCents=0.0
2025-12-14 07:51:58 [tracker] [s1] aubio-raw t=3.5907 onset=1.264074 env=0.000899 peak=0.002171 gain=1.000
2025-12-14 07:51:58 [tracker] [s1] onset-accepted t=3.5907 env=0.000899 gate=0.000024 envDelta=0.000876 envFloor=0.000642 onset=1.264074 thresh=0.006000 onsetDelta=1.258074 baseline=0.000428 floor=0.000180 adapt=0.001070 lastPeak=0.000465 baseParam=0.000180 gateRatio=0.0550 envParam=0.000450 onsetScale=0.300 retriggerScale=1.400 guard=0.060 guardRemain=0.000 activeAge=-1.000 retrigRemain=0.000 pitchHz=228.56 pitchCents=1766.1
2025-12-14 07:51:58 [tracker] [s1] onset t=3.591 env=0.00090 gate=0.00002 envDelta=0.00088 envFloor=0.00064 onset=1.264 thresh=0.006 onsetDelta=1.25807 baseline=0.00043 adaptive=0.00107 lastPeak=0.00046 guard=0.060 activeAge=-1.000 pitch=228.56Hz pitchCents=1766.1
2025-12-14 07:51:58 [tracker] [s1] note-start t=3.591 fret=23 midi=63 vel=0.01 env=0.00090
2025-12-14 07:51:58 [tracker] [s3] onset t=3.636 env=0.00120 gate=0.00008 envDelta=0.00113 envFloor=0.00088 onset=1.447 thresh=0.012 onsetDelta=1.43549 baseline=0.00059 adaptive=0.00147 lastPeak=0.00000 guard=0.060 activeAge=-1.000 pitch=-1.00Hz pitchCents=0.0
2025-12-14 07:51:58 [tracker] [s3] onset t=3.732 env=0.00118 gate=0.00008 envDelta=0.00110 envFloor=0.00096 onset=1.092 thresh=0.012 onsetDelta=1.08084 baseline=0.00064 adaptive=0.00160 lastPeak=0.00000 guard=0.060 activeAge=-1.000 pitch=-1.00Hz pitchCents=0.0
2025-12-14 07:51:59 [tracker] [s1] aubio-raw t=3.7880 onset=1.073439 env=0.000876 peak=0.002624 gain=1.000
2025-12-14 07:51:59 [tracker] [s1] onset-accepted t=3.7880 env=0.000876 gate=0.000031 envDelta=0.000845 envFloor=0.000667 onset=1.073439 thresh=0.006000 onsetDelta=1.067439 baseline=0.000558 floor=0.000180 adapt=0.001112 lastPeak=0.000621 baseParam=0.000180 gateRatio=0.0550 envParam=0.000450 onsetScale=0.300 retriggerScale=1.400 guard=0.060 guardRemain=0.000 activeAge=0.197 retrigRemain=0.023 pitchHz=-1.00 pitchCents=0.0
2025-12-14 07:51:59 [tracker] [s1] onset t=3.788 env=0.00088 gate=0.00003 envDelta=0.00084 envFloor=0.00067 onset=1.073 thresh=0.006 onsetDelta=1.06744 baseline=0.00056 adaptive=0.00111 lastPeak=0.00062 guard=0.060 activeAge=0.197 pitch=-1.00Hz pitchCents=0.0
2025-12-14 07:51:59 [tracker] [s1] note-ended (new onset) t=3.788 fret=23 dur=0.197
2025-12-14 07:51:59 [tracker] [s5] onset t=3.895 env=0.00166 gate=0.00015 envDelta=0.00151 envFloor=0.00106 onset=1.106 thresh=0.016 onsetDelta=1.09014 baseline=0.00071 adaptive=0.00177 lastPeak=0.00000 guard=0.060 activeAge=-1.000 pitch=-1.00Hz pitchCents=0.0
2025-12-14 07:51:59 [tracker] [s1] aubio-raw t=3.9267 onset=0.764606 env=0.000786 peak=0.002281 gain=1.000
2025-12-14 07:51:59 [tracker] [s1] onset-accepted t=3.9267 env=0.000786 gate=0.000024 envDelta=0.000762 envFloor=0.000619 onset=0.764606 thresh=0.006000 onsetDelta=0.758606 baseline=0.000430 floor=0.000180 adapt=0.001032 lastPeak=0.000478 baseParam=0.000180 gateRatio=0.0550 envParam=0.000450 onsetScale=0.300 retriggerScale=1.400 guard=0.060 guardRemain=0.000 activeAge=-1.000 retrigRemain=0.000 pitchHz=-1.00 pitchCents=0.0
2025-12-14 07:51:59 [tracker] [s1] onset t=3.927 env=0.00079 gate=0.00002 envDelta=0.00076 envFloor=0.00062 onset=0.765 thresh=0.006 onsetDelta=0.75861 baseline=0.00043 adaptive=0.00103 lastPeak=0.00048 guard=0.060 activeAge=-1.000 pitch=-1.00Hz pitchCents=0.0
2025-12-14 07:51:59 [tracker] [s4] onset t=3.935 env=0.00119 gate=0.00011 envDelta=0.00108 envFloor=0.00097 onset=1.017 thresh=0.014 onsetDelta=1.00300 baseline=0.00065 adaptive=0.00162 lastPeak=0.00000 guard=0.060 activeAge=-1.000 pitch=-1.00Hz pitchCents=0.0
2025-12-14 07:51:59 [tracker] [s3] onset t=4.065 env=0.00129 gate=0.00008 envDelta=0.00121 envFloor=0.00092 onset=1.011 thresh=0.012 onsetDelta=0.99935 baseline=0.00061 adaptive=0.00153 lastPeak=0.00000 guard=0.060 activeAge=-1.000 pitch=-1.00Hz pitchCents=0.0
2025-12-14 07:51:59 [tracker] [s4] onset t=4.207 env=0.00119 gate=0.00011 envDelta=0.00108 envFloor=0.00098 onset=0.993 thresh=0.014 onsetDelta=0.97920 baseline=0.00065 adaptive=0.00163 lastPeak=0.00000 guard=0.060 activeAge=-1.000 pitch=-1.00Hz pitchCents=0.0
2025-12-14 07:51:59 [tracker] [s2] onset t=4.265 env=0.00174 gate=0.00001 envDelta=0.00173 envFloor=0.00102 onset=0.985 thresh=0.009 onsetDelta=0.97592 baseline=0.00068 adaptive=0.00170 lastPeak=0.00000 guard=0.060 activeAge=-1.000 pitch=-1.00Hz pitchCents=0.0
2025-12-14 07:51:59 [tracker] [s2] onset t=4.351 env=0.00174 gate=0.00001 envDelta=0.00173 envFloor=0.00109 onset=0.995 thresh=0.009 onsetDelta=0.98584 baseline=0.00073 adaptive=0.00182 lastPeak=0.00000 guard=0.060 activeAge=-1.000 pitch=-1.00Hz pitchCents=0.0
2025-12-14 07:51:59 [tracker] [s1] aubio-raw t=4.3854 onset=1.280871 env=0.001008 peak=0.002584 gain=1.000
2025-12-14 07:51:59 [tracker] [s1] onset-accepted t=4.3854 env=0.001008 gate=0.000026 envDelta=0.000982 envFloor=0.000707 onset=1.280871 thresh=0.006000 onsetDelta=1.274871 baseline=0.000472 floor=0.000180 adapt=0.001179 lastPeak=0.000202 baseParam=0.000180 gateRatio=0.0550 envParam=0.000450 onsetScale=0.300 retriggerScale=1.400 guard=0.060 guardRemain=0.000 activeAge=-1.000 retrigRemain=0.000 pitchHz=-1.00 pitchCents=0.0
2025-12-14 07:51:59 [tracker] [s1] onset t=4.385 env=0.00101 gate=0.00003 envDelta=0.00098 envFloor=0.00071 onset=1.281 thresh=0.006 onsetDelta=1.27487 baseline=0.00047 adaptive=0.00118 lastPeak=0.00020 guard=0.060 activeAge=-1.000 pitch=-1.00Hz pitchCents=0.0
2025-12-14 07:51:59 [tracker] [s1] aubio-raw t=4.4680 onset=0.996011 env=0.001490 peak=0.003442 gain=1.000
2025-12-14 07:51:59 [tracker] [s1] onset-accepted t=4.4680 env=0.001490 gate=0.000024 envDelta=0.001466 envFloor=0.000659 onset=0.996011 thresh=0.006000 onsetDelta=0.990011 baseline=0.000439 floor=0.000180 adapt=0.001098 lastPeak=0.000173 baseParam=0.000180 gateRatio=0.0550 envParam=0.000450 onsetScale=0.300 retriggerScale=1.400 guard=0.060 guardRemain=0.000 activeAge=-1.000 retrigRemain=0.000 pitchHz=-1.00 pitchCents=0.0
2025-12-14 07:51:59 [tracker] [s1] onset t=4.468 env=0.00149 gate=0.00002 envDelta=0.00147 envFloor=0.00066 onset=0.996 thresh=0.006 onsetDelta=0.99001 baseline=0.00044 adaptive=0.00110 lastPeak=0.00017 guard=0.060 activeAge=-1.000 pitch=-1.00Hz pitchCents=0.0
2025-12-14 07:51:59 [tracker] [s3] onset t=4.468 env=0.00120 gate=0.00008 envDelta=0.00112 envFloor=0.00095 onset=0.939 thresh=0.012 onsetDelta=0.92748 baseline=0.00063 adaptive=0.00158 lastPeak=0.00000 guard=0.060 activeAge=-1.000 pitch=-1.00Hz pitchCents=0.0
2025-12-14 07:51:59 [tracker] [s6] onset t=4.495 env=0.00236 gate=0.00021 envDelta=0.00215 envFloor=0.00128 onset=1.006 thresh=0.018 onsetDelta=0.98809 baseline=0.00085 adaptive=0.00213 lastPeak=0.00000 guard=0.060 activeAge=-1.000 pitch=-1.00Hz pitchCents=0.0
2025-12-14 07:51:59 [tracker] [s5] onset t=4.505 env=0.00167 gate=0.00016 envDelta=0.00151 envFloor=0.00111 onset=1.102 thresh=0.016 onsetDelta=1.08572 baseline=0.00074 adaptive=0.00185 lastPeak=0.00000 guard=0.060 activeAge=-1.000 pitch=-1.00Hz pitchCents=0.0
2025-12-14 07:51:59 [tracker] [s4] onset t=4.559 env=0.00143 gate=0.00012 envDelta=0.00131 envFloor=0.00102 onset=0.739 thresh=0.014 onsetDelta=0.72520 baseline=0.00068 adaptive=0.00170 lastPeak=0.00000 guard=0.060 activeAge=-1.000 pitch=-1.00Hz pitchCents=0.0
2025-12-14 07:51:59 [tracker] [s6] onset t=4.588 env=0.00199 gate=0.00022 envDelta=0.00177 envFloor=0.00129 onset=1.081 thresh=0.018 onsetDelta=1.06334 baseline=0.00086 adaptive=0.00215 lastPeak=0.00000 guard=0.060 activeAge=-1.000 pitch=-1.00Hz pitchCents=0.0
2025-12-14 07:51:59 [tracker] [s1] aubio-raw t=4.5960 onset=1.295208 env=0.000917 peak=0.002131 gain=1.000
2025-12-14 07:51:59 [tracker] [s1] onset-accepted t=4.5960 env=0.000917 gate=0.000023 envDelta=0.000894 envFloor=0.000630 onset=1.295208 thresh=0.006000 onsetDelta=1.289208 baseline=0.000420 floor=0.000180 adapt=0.001049 lastPeak=0.000136 baseParam=0.000180 gateRatio=0.0550 envParam=0.000450 onsetScale=0.300 retriggerScale=1.400 guard=0.060 guardRemain=0.000 activeAge=-1.000 retrigRemain=0.000 pitchHz=-1.00 pitchCents=0.0
2025-12-14 07:51:59 [tracker] [s1] onset t=4.596 env=0.00092 gate=0.00002 envDelta=0.00089 envFloor=0.00063 onset=1.295 thresh=0.006 onsetDelta=1.28921 baseline=0.00042 adaptive=0.00105 lastPeak=0.00014 guard=0.060 activeAge=-1.000 pitch=-1.00Hz pitchCents=0.0
2025-12-14 07:51:59 [tracker] [s3] onset t=4.615 env=0.00177 gate=0.00008 envDelta=0.00168 envFloor=0.00096 onset=0.989 thresh=0.012 onsetDelta=0.97755 baseline=0.00064 adaptive=0.00161 lastPeak=0.00000 guard=0.060 activeAge=-1.000 pitch=-1.00Hz pitchCents=0.0
2025-12-14 07:51:59 [tracker] [s5] onset t=4.615 env=0.00176 gate=0.00015 envDelta=0.00161 envFloor=0.00108 onset=1.287 thresh=0.016 onsetDelta=1.27080 baseline=0.00072 adaptive=0.00180 lastPeak=0.00000 guard=0.060 activeAge=-1.000 pitch=-1.00Hz pitchCents=0.0
2025-12-14 07:51:59 [tracker] [s6] onset t=4.649 env=0.00196 gate=0.00021 envDelta=0.00175 envFloor=0.00124 onset=0.996 thresh=0.018 onsetDelta=0.97771 baseline=0.00083 adaptive=0.00207 lastPeak=0.00000 guard=0.060 activeAge=-1.000 pitch=-1.00Hz pitchCents=0.0
2025-12-14 07:51:59 [tracker] [s2] onset t=4.663 env=0.00166 gate=0.00001 envDelta=0.00166 envFloor=0.00096 onset=1.189 thresh=0.009 onsetDelta=1.18008 baseline=0.00064 adaptive=0.00160 lastPeak=0.00000 guard=0.060 activeAge=-1.000 pitch=319.98Hz pitchCents=1848.6
2025-12-14 07:51:59 [tracker] [s2] note-start t=4.663 fret=0 midi=45 vel=0.02 env=0.00166
2025-12-14 07:51:59 [tracker] [s4] onset t=4.732 env=0.00142 gate=0.00011 envDelta=0.00131 envFloor=0.00100 onset=0.860 thresh=0.014 onsetDelta=0.84623 baseline=0.00067 adaptive=0.00167 lastPeak=0.00000 guard=0.060 activeAge=-1.000 pitch=-1.00Hz pitchCents=0.0
2025-12-14 07:52:00 [tracker] [s6] onset t=4.801 env=0.00180 gate=0.00020 envDelta=0.00159 envFloor=0.00122 onset=1.163 thresh=0.018 onsetDelta=1.14509 baseline=0.00081 adaptive=0.00204 lastPeak=0.00000 guard=0.060 activeAge=-1.000 pitch=-1.00Hz pitchCents=0.0
2025-12-14 07:52:00 [tracker] [s2] onset t=4.844 env=0.00144 gate=0.00001 envDelta=0.00142 envFloor=0.00111 onset=0.991 thresh=0.009 onsetDelta=0.98234 baseline=0.00106 adaptive=0.00185 lastPeak=0.00118 guard=0.060 activeAge=0.181 pitch=-1.00Hz pitchCents=0.0
2025-12-14 07:52:00 [tracker] [s2] note-ended (new onset) t=4.844 fret=0 dur=0.181
2025-12-14 07:52:00 [tracker] [s1] aubio-raw t=4.9693 onset=1.461158 env=0.000538 peak=0.001527 gain=1.000
2025-12-14 07:52:00 [tracker] [s1] onset-below-env-floor t=4.9693 env=0.000538 gate=0.000023 envDelta=0.000515 envFloor=0.000634 onset=1.461158 thresh=0.006000 onsetDelta=1.455158 baseline=0.000423 floor=0.000180 adapt=0.001057 lastPeak=0.000067 baseParam=0.000180 gateRatio=0.0550 envParam=0.000450 onsetScale=0.300 retriggerScale=1.400 guard=0.060 guardRemain=0.000 activeAge=-1.000 retrigRemain=0.000 pitchHz=533.34 pitchCents=3233.1
2025-12-14 07:52:00 [tracker] [s3] onset t=5.001 env=0.00161 gate=0.00008 envDelta=0.00153 envFloor=0.00096 onset=0.925 thresh=0.012 onsetDelta=0.91349 baseline=0.00064 adaptive=0.00160 lastPeak=0.00000 guard=0.060 activeAge=-1.000 pitch=-1.00Hz pitchCents=0.0
2025-12-14 07:52:00 [tracker] [s1] aubio-raw t=5.0520 onset=1.369005 env=0.000736 peak=0.001599 gain=1.000
2025-12-14 07:52:00 [tracker] [s1] onset-accepted t=5.0520 env=0.000736 gate=0.000022 envDelta=0.000714 envFloor=0.000605 onset=1.369005 thresh=0.006000 onsetDelta=1.363005 baseline=0.000404 floor=0.000180 adapt=0.001009 lastPeak=0.000058 baseParam=0.000180 gateRatio=0.0550 envParam=0.000450 onsetScale=0.300 retriggerScale=1.400 guard=0.060 guardRemain=0.000 activeAge=-1.000 retrigRemain=0.000 pitchHz=94.12 pitchCents=230.1
2025-12-14 07:52:00 [tracker] [s1] onset t=5.052 env=0.00074 gate=0.00002 envDelta=0.00071 envFloor=0.00061 onset=1.369 thresh=0.006 onsetDelta=1.36301 baseline=0.00040 adaptive=0.00101 lastPeak=0.00006 guard=0.060 activeAge=-1.000 pitch=94.12Hz pitchCents=230.1
2025-12-14 07:52:00 [tracker] [s4] onset t=5.089 env=0.00133 gate=0.00011 envDelta=0.00122 envFloor=0.00097 onset=1.091 thresh=0.014 onsetDelta=1.07734 baseline=0.00064 adaptive=0.00161 lastPeak=0.00000 guard=0.060 activeAge=-1.000 pitch=-1.00Hz pitchCents=0.0
2025-12-14 07:52:00 [tracker] [s1] aubio-raw t=5.1106 onset=0.997802 env=0.000702 peak=0.001682 gain=1.000
2025-12-14 07:52:00 [tracker] [s1] onset-accepted t=5.1106 env=0.000702 gate=0.000022 envDelta=0.000681 envFloor=0.000589 onset=0.997802 thresh=0.006000 onsetDelta=0.991802 baseline=0.000393 floor=0.000180 adapt=0.000982 lastPeak=0.000052 baseParam=0.000180 gateRatio=0.0550 envParam=0.000450 onsetScale=0.300 retriggerScale=1.400 guard=0.060 guardRemain=0.000 activeAge=-1.000 retrigRemain=0.000 pitchHz=727.22 pitchCents=3769.9
2025-12-14 07:52:00 [tracker] [s1] onset t=5.111 env=0.00070 gate=0.00002 envDelta=0.00068 envFloor=0.00059 onset=0.998 thresh=0.006 onsetDelta=0.99180 baseline=0.00039 adaptive=0.00098 lastPeak=0.00005 guard=0.060 activeAge=-1.000 pitch=727.22Hz pitchCents=3769.9
2025-12-14 07:52:00 [tracker] [s4] onset t=5.199 env=0.00198 gate=0.00011 envDelta=0.00187 envFloor=0.00100 onset=0.572 thresh=0.014 onsetDelta=0.55769 baseline=0.00067 adaptive=0.00167 lastPeak=0.00000 guard=0.060 activeAge=-1.000 pitch=-1.00Hz pitchCents=0.0
2025-12-14 07:52:00 [tracker] [s1] aubio-raw t=5.2280 onset=0.995744 env=0.001068 peak=0.002187 gain=1.000
2025-12-14 07:52:00 [tracker] [s1] onset-accepted t=5.2280 env=0.001068 gate=0.000024 envDelta=0.001044 envFloor=0.000657 onset=0.995744 thresh=0.006000 onsetDelta=0.989744 baseline=0.000438 floor=0.000180 adapt=0.001095 lastPeak=0.000041 baseParam=0.000180 gateRatio=0.0550 envParam=0.000450 onsetScale=0.300 retriggerScale=1.400 guard=0.060 guardRemain=0.000 activeAge=-1.000 retrigRemain=0.000 pitchHz=-1.00 pitchCents=0.0
2025-12-14 07:52:00 [tracker] [s1] onset t=5.228 env=0.00107 gate=0.00002 envDelta=0.00104 envFloor=0.00066 onset=0.996 thresh=0.006 onsetDelta=0.98974 baseline=0.00044 adaptive=0.00110 lastPeak=0.00004 guard=0.060 activeAge=-1.000 pitch=-1.00Hz pitchCents=0.0
2025-12-14 07:52:00 [tracker] [s3] onset t=5.324 env=0.00161 gate=0.00008 envDelta=0.00152 envFloor=0.00094 onset=1.101 thresh=0.012 onsetDelta=1.08980 baseline=0.00063 adaptive=0.00157 lastPeak=0.00000 guard=0.060 activeAge=-1.000 pitch=-1.00Hz pitchCents=0.0
2025-12-14 07:52:00 [tracker] [s1] aubio-raw t=5.3559 onset=0.986901 env=0.000908 peak=0.002369 gain=1.000
2025-12-14 07:52:00 [tracker] [s1] onset-accepted t=5.3559 env=0.000908 gate=0.000024 envDelta=0.000884 envFloor=0.000647 onset=0.986901 thresh=0.006000 onsetDelta=0.980901 baseline=0.000431 floor=0.000180 adapt=0.001078 lastPeak=0.000033 baseParam=0.000180 gateRatio=0.0550 envParam=0.000450 onsetScale=0.300 retriggerScale=1.400 guard=0.060 guardRemain=0.000 activeAge=-1.000 retrigRemain=0.000 pitchHz=-1.00 pitchCents=0.0
2025-12-14 07:52:00 [tracker] [s1] onset t=5.356 env=0.00091 gate=0.00002 envDelta=0.00088 envFloor=0.00065 onset=0.987 thresh=0.006 onsetDelta=0.98090 baseline=0.00043 adaptive=0.00108 lastPeak=0.00003 guard=0.060 activeAge=-1.000 pitch=-1.00Hz pitchCents=0.0
2025-12-14 07:52:00 [tracker] [s4] onset t=5.444 env=0.00113 gate=0.00011 envDelta=0.00102 envFloor=0.00093 onset=1.083 thresh=0.014 onsetDelta=1.06934 baseline=0.00062 adaptive=0.00155 lastPeak=0.00000 guard=0.060 activeAge=-1.000 pitch=-1.00Hz pitchCents=0.0
2025-12-14 07:52:00 [tracker] [s4] onset t=5.497 env=0.00157 gate=0.00011 envDelta=0.00146 envFloor=0.00095 onset=0.879 thresh=0.014 onsetDelta=0.86500 baseline=0.00063 adaptive=0.00158 lastPeak=0.00000 guard=0.060 activeAge=-1.000 pitch=-1.00Hz pitchCents=0.0
2025-12-14 07:52:00 [tracker] [s4] onset t=5.556 env=0.00155 gate=0.00011 envDelta=0.00144 envFloor=0.00096 onset=1.251 thresh=0.014 onsetDelta=1.23706 baseline=0.00064 adaptive=0.00161 lastPeak=0.00000 guard=0.060 activeAge=-1.000 pitch=-1.00Hz pitchCents=0.0
2025-12-14 07:52:00 [tracker] [s5] onset t=5.601 env=0.00188 gate=0.00015 envDelta=0.00173 envFloor=0.00110 onset=1.113 thresh=0.016 onsetDelta=1.09695 baseline=0.00073 adaptive=0.00183 lastPeak=0.00000 guard=0.060 activeAge=-1.000 pitch=-1.00Hz pitchCents=0.0
2025-12-14 07:52:00 [tracker] [s6] onset t=5.673 env=0.00202 gate=0.00021 envDelta=0.00181 envFloor=0.00127 onset=0.753 thresh=0.018 onsetDelta=0.73452 baseline=0.00085 adaptive=0.00212 lastPeak=0.00000 guard=0.060 activeAge=-1.000 pitch=-1.00Hz pitchCents=0.0
2025-12-14 07:52:00 [tracker] [s3] onset t=5.708 env=0.00130 gate=0.00008 envDelta=0.00122 envFloor=0.00096 onset=0.892 thresh=0.012 onsetDelta=0.88018 baseline=0.00064 adaptive=0.00161 lastPeak=0.00000 guard=0.060 activeAge=-1.000 pitch=-1.00Hz pitchCents=0.0
2025-12-14 07:52:00 [tracker] [s1] aubio-raw t=5.7613 onset=1.294877 env=0.000952 peak=0.002163 gain=1.000
2025-12-14 07:52:00 [tracker] [s1] onset-accepted t=5.7613 env=0.000952 gate=0.000024 envDelta=0.000928 envFloor=0.000647 onset=1.294877 thresh=0.006000 onsetDelta=1.288877 baseline=0.000431 floor=0.000180 adapt=0.001078 lastPeak=0.000015 baseParam=0.000180 gateRatio=0.0550 envParam=0.000450 onsetScale=0.300 retriggerScale=1.400 guard=0.060 guardRemain=0.000 activeAge=-1.000 retrigRemain=0.000 pitchHz=-1.00 pitchCents=0.0
2025-12-14 07:52:00 [tracker] [s1] onset t=5.761 env=0.00095 gate=0.00002 envDelta=0.00093 envFloor=0.00065 onset=1.295 thresh=0.006 onsetDelta=1.28888 baseline=0.00043 adaptive=0.00108 lastPeak=0.00002 guard=0.060 activeAge=-1.000 pitch=-1.00Hz pitchCents=0.0
2025-12-14 07:52:00 [tracker] [s3] onset t=5.780 env=0.00135 gate=0.00008 envDelta=0.00127 envFloor=0.00091 onset=0.725 thresh=0.012 onsetDelta=0.71330 baseline=0.00061 adaptive=0.00152 lastPeak=0.00000 guard=0.060 activeAge=-1.000 pitch=-1.00Hz pitchCents=0.0
2025-12-14 07:52:01 [tracker] [s2] onset t=5.828 env=0.00151 gate=0.00001 envDelta=0.00151 envFloor=0.00096 onset=0.988 thresh=0.009 onsetDelta=0.97909 baseline=0.00064 adaptive=0.00160 lastPeak=0.00019 guard=0.060 activeAge=-1.000 pitch=94.12Hz pitchCents=-269.9
2025-12-14 07:52:01 [tracker] [s5] onset t=5.831 env=0.00145 gate=0.00014 envDelta=0.00130 envFloor=0.00102 onset=0.772 thresh=0.016 onsetDelta=0.75601 baseline=0.00068 adaptive=0.00171 lastPeak=0.00000 guard=0.060 activeAge=-1.000 pitch=-1.00Hz pitchCents=0.0
2025-12-14 07:52:01 [tracker] [s4] onset t=5.884 env=0.00108 gate=0.00011 envDelta=0.00097 envFloor=0.00098 onset=0.972 thresh=0.014 onsetDelta=0.95800 baseline=0.00065 adaptive=0.00163 lastPeak=0.00000 guard=0.060 activeAge=-1.000 pitch=-1.00Hz pitchCents=0.0
2025-12-14 07:52:01 [tracker] [s5] onset t=5.897 env=0.00170 gate=0.00014 envDelta=0.00155 envFloor=0.00102 onset=0.997 thresh=0.016 onsetDelta=0.98139 baseline=0.00068 adaptive=0.00170 lastPeak=0.00000 guard=0.060 activeAge=-1.000 pitch=-1.00Hz pitchCents=0.0
2025-12-14 07:52:01 [tracker] [s3] onset t=5.977 env=0.00117 gate=0.00008 envDelta=0.00109 envFloor=0.00096 onset=0.981 thresh=0.012 onsetDelta=0.96931 baseline=0.00064 adaptive=0.00161 lastPeak=0.00000 guard=0.060 activeAge=-1.000 pitch=-1.00Hz pitchCents=0.0
2025-12-14 07:52:01 [tracker] [s2] onset t=5.983 env=0.00163 gate=0.00001 envDelta=0.00163 envFloor=0.00098 onset=1.096 thresh=0.009 onsetDelta=1.08702 baseline=0.00066 adaptive=0.00164 lastPeak=0.00014 guard=0.060 activeAge=-1.000 pitch=-1.00Hz pitchCents=0.0
2025-12-14 07:52:01 [tracker] [s4] onset t=6.017 env=0.00135 gate=0.00011 envDelta=0.00124 envFloor=0.00098 onset=1.116 thresh=0.014 onsetDelta=1.10194 baseline=0.00065 adaptive=0.00163 lastPeak=0.00000 guard=0.060 activeAge=-1.000 pitch=-1.00Hz pitchCents=0.0
2025-12-14 07:52:01 [tracker] [s6] onset t=6.068 env=0.00226 gate=0.00022 envDelta=0.00204 envFloor=0.00132 onset=0.797 thresh=0.018 onsetDelta=0.77918 baseline=0.00088 adaptive=0.00220 lastPeak=0.00000 guard=0.060 activeAge=-1.000 pitch=-1.00Hz pitchCents=0.0
2025-12-14 07:52:01 [tracker] [s5] onset t=6.127 env=0.00178 gate=0.00016 envDelta=0.00162 envFloor=0.00116 onset=0.943 thresh=0.016 onsetDelta=0.92705 baseline=0.00077 adaptive=0.00194 lastPeak=0.00000 guard=0.060 activeAge=-1.000 pitch=-1.00Hz pitchCents=0.0
2025-12-14 07:52:01 [tracker] [s3] onset t=6.145 env=0.00121 gate=0.00008 envDelta=0.00113 envFloor=0.00093 onset=1.000 thresh=0.012 onsetDelta=0.98872 baseline=0.00062 adaptive=0.00156 lastPeak=0.00000 guard=0.060 activeAge=-1.000 pitch=-1.00Hz pitchCents=0.0
2025-12-14 07:52:01 [tracker] [s2] onset t=6.199 env=0.00156 gate=0.00001 envDelta=0.00155 envFloor=0.00103 onset=0.963 thresh=0.009 onsetDelta=0.95360 baseline=0.00069 adaptive=0.00172 lastPeak=0.00009 guard=0.060 activeAge=-1.000 pitch=-1.00Hz pitchCents=0.0
2025-12-14 07:52:01 [tracker] [s5] onset t=6.209 env=0.00133 gate=0.00015 envDelta=0.00119 envFloor=0.00106 onset=1.108 thresh=0.016 onsetDelta=1.09164 baseline=0.00071 adaptive=0.00176 lastPeak=0.00000 guard=0.060 activeAge=-1.000 pitch=-1.00Hz pitchCents=0.0
2025-12-14 07:52:01 [tracker] [s1] aubio-raw t=6.2279 onset=0.937586 env=0.000798 peak=0.001994 gain=1.000
2025-12-14 07:52:01 [tracker] [s1] onset-accepted t=6.2279 env=0.000798 gate=0.000023 envDelta=0.000775 envFloor=0.000632 onset=0.937586 thresh=0.006000 onsetDelta=0.931586 baseline=0.000421 floor=0.000180 adapt=0.001053 lastPeak=0.000006 baseParam=0.000180 gateRatio=0.0550 envParam=0.000450 onsetScale=0.300 retriggerScale=1.400 guard=0.060 guardRemain=0.000 activeAge=-1.000 retrigRemain=0.000 pitchHz=727.22 pitchCents=3769.9
2025-12-14 07:52:01 [tracker] [s1] onset t=6.228 env=0.00080 gate=0.00002 envDelta=0.00077 envFloor=0.00063 onset=0.938 thresh=0.006 onsetDelta=0.93159 baseline=0.00042 adaptive=0.00105 lastPeak=0.00001 guard=0.060 activeAge=-1.000 pitch=727.22Hz pitchCents=3769.9
2025-12-14 07:52:01 [tracker] [s3] onset t=6.263 env=0.00128 gate=0.00008 envDelta=0.00120 envFloor=0.00091 onset=1.344 thresh=0.012 onsetDelta=1.33246 baseline=0.00060 adaptive=0.00151 lastPeak=0.00000 guard=0.060 activeAge=-1.000 pitch=-1.00Hz pitchCents=0.0
2025-12-14 07:52:01 [tracker] [s5] onset t=6.271 env=0.00140 gate=0.00014 envDelta=0.00125 envFloor=0.00103 onset=0.994 thresh=0.016 onsetDelta=0.97754 baseline=0.00069 adaptive=0.00172 lastPeak=0.00000 guard=0.060 activeAge=-1.000 pitch=-1.00Hz pitchCents=0.0
2025-12-14 07:52:01 [tracker] [s4] onset t=6.303 env=0.00156 gate=0.00011 envDelta=0.00145 envFloor=0.00095 onset=1.293 thresh=0.014 onsetDelta=1.27946 baseline=0.00063 adaptive=0.00158 lastPeak=0.00000 guard=0.060 activeAge=-1.000 pitch=-1.00Hz pitchCents=0.0
2025-12-14 07:52:01 [tracker] [s1] aubio-raw t=6.3292 onset=0.932537 env=0.000810 peak=0.002305 gain=1.000
2025-12-14 07:52:01 [tracker] [s1] onset t=6.329 env=0.00081 gate=0.00002 envDelta=0.00079 envFloor=0.00066 onset=0.933 thresh=0.006 onsetDelta=0.92654 baseline=0.00044 adaptive=0.00110 lastPeak=0.00001 guard=0.060 activeAge=-1.000 pitch=100.00Hz pitchCents=335.0
2025-12-14 07:52:01 [tracker] [s4] onset t=6.377 env=0.00151 gate=0.00011 envDelta=0.00140 envFloor=0.00100 onset=0.932 thresh=0.014 onsetDelta=0.91797 baseline=0.00066 adaptive=0.00166 lastPeak=0.00000 guard=0.060 activeAge=-1.000 pitch=-1.00Hz pitchCents=0.0
2025-12-14 07:52:01 [tracker] [s3] onset t=6.380 env=0.00122 gate=0.00008 envDelta=0.00114 envFloor=0.00095 onset=0.996 thresh=0.012 onsetDelta=0.98467 baseline=0.00063 adaptive=0.00158 lastPeak=0.00000 guard=0.060 activeAge=-1.000 pitch=-1.00Hz pitchCents=0.0
2025-12-14 07:52:01 [tracker] [s3] onset t=6.444 env=0.00128 gate=0.00008 envDelta=0.00119 envFloor=0.00098 onset=0.873 thresh=0.012 onsetDelta=0.86159 baseline=0.00065 adaptive=0.00163 lastPeak=0.00000 guard=0.060 activeAge=-1.000 pitch=-1.00Hz pitchCents=0.0
2025-12-14 07:52:01 [tracker] [s6] onset t=6.444 env=0.00240 gate=0.00022 envDelta=0.00218 envFloor=0.00130 onset=0.991 thresh=0.018 onsetDelta=0.97308 baseline=0.00087 adaptive=0.00217 lastPeak=0.00000 guard=0.060 activeAge=-1.000 pitch=-1.00Hz pitchCents=0.0
2025-12-14 07:52:01 [tracker] [s1] aubio-raw t=6.4785 onset=0.915908 env=0.000742 peak=0.001970 gain=1.000
2025-12-14 07:52:01 [tracker] [s1] onset-accepted t=6.4785 env=0.000742 gate=0.000026 envDelta=0.000716 envFloor=0.000706 onset=0.915908 thresh=0.006000 onsetDelta=0.909908 baseline=0.000470 floor=0.000180 adapt=0.001176 lastPeak=0.000004 baseParam=0.000180 gateRatio=0.0550 envParam=0.000450 onsetScale=0.300 retriggerScale=1.400 guard=0.060 guardRemain=0.000 activeAge=-1.000 retrigRemain=0.000 pitchHz=-1.00 pitchCents=0.0
2025-12-14 07:52:01 [tracker] [s1] aubio-raw t=6.6332 onset=1.145264 env=0.001125 peak=0.002735 gain=1.000
2025-12-14 07:52:01 [tracker] [s1] onset-accepted t=6.6332 env=0.001125 gate=0.000024 envDelta=0.001101 envFloor=0.000656 onset=1.145264 thresh=0.006000 onsetDelta=1.139264 baseline=0.000437 floor=0.000180 adapt=0.001094 lastPeak=0.000003 baseParam=0.000180 gateRatio=0.0550 envParam=0.000450 onsetScale=0.300 retriggerScale=1.400 guard=0.060 guardRemain=0.000 activeAge=-1.000 retrigRemain=0.000 pitchHz=-1.00 pitchCents=0.0
2025-12-14 07:52:01 [tracker] [s1] onset t=6.633 env=0.00113 gate=0.00002 envDelta=0.00110 envFloor=0.00066 onset=1.145 thresh=0.006 onsetDelta=1.13926 baseline=0.00044 adaptive=0.00109 lastPeak=0.00000 guard=0.060 activeAge=-1.000 pitch=-1.00Hz pitchCents=0.0
2025-12-14 07:52:01 [tracker] [s2] onset t=6.732 env=0.00181 gate=0.00001 envDelta=0.00180 envFloor=0.00103 onset=0.545 thresh=0.009 onsetDelta=0.53567 baseline=0.00069 adaptive=0.00172 lastPeak=0.00003 guard=0.060 activeAge=-1.000 pitch=-1.00Hz pitchCents=0.0
2025-12-14 07:52:01 [tracker] [s6] onset t=6.745 env=0.00199 gate=0.00021 envDelta=0.00179 envFloor=0.00125 onset=0.998 thresh=0.018 onsetDelta=0.98040 baseline=0.00083 adaptive=0.00209 lastPeak=0.00000 guard=0.060 activeAge=-1.000 pitch=-1.00Hz pitchCents=0.0
2025-12-14 07:52:01 [tracker] [s5] onset t=6.759 env=0.00161 gate=0.00015 envDelta=0.00146 envFloor=0.00110 onset=1.015 thresh=0.016 onsetDelta=0.99856 baseline=0.00073 adaptive=0.00183 lastPeak=0.00000 guard=0.060 activeAge=-1.000 pitch=-1.00Hz pitchCents=0.0
2025-12-14 07:52:02 [tracker] [s3] onset t=6.815 env=0.00137 gate=0.00008 envDelta=0.00129 envFloor=0.00094 onset=1.008 thresh=0.012 onsetDelta=0.99605 baseline=0.00063 adaptive=0.00156 lastPeak=0.00000 guard=0.060 activeAge=-1.000 pitch=-1.00Hz pitchCents=0.0
2025-12-14 07:52:02 [tracker] [s2] onset t=6.860 env=0.00126 gate=0.00001 envDelta=0.00126 envFloor=0.00101 onset=1.045 thresh=0.009 onsetDelta=1.03563 baseline=0.00067 adaptive=0.00168 lastPeak=0.00003 guard=0.060 activeAge=-1.000 pitch=-1.00Hz pitchCents=0.0
2025-12-14 07:52:02 [tracker] [s1] aubio-raw t=6.8678 onset=1.223084 env=0.001027 peak=0.002212 gain=1.000
2025-12-14 07:52:02 [tracker] [s1] onset-accepted t=6.8678 env=0.001027 gate=0.000024 envDelta=0.001003 envFloor=0.000654 onset=1.223084 thresh=0.006000 onsetDelta=1.217084 baseline=0.000436 floor=0.000180 adapt=0.001090 lastPeak=0.000002 baseParam=0.000180 gateRatio=0.0550 envParam=0.000450 onsetScale=0.300 retriggerScale=1.400 guard=0.060 guardRemain=0.000 activeAge=-1.000 retrigRemain=0.000 pitchHz=-1.00 pitchCents=0.0
2025-12-14 07:52:02 [tracker] [s1] onset t=6.868 env=0.00103 gate=0.00002 envDelta=0.00100 envFloor=0.00065 onset=1.223 thresh=0.006 onsetDelta=1.21708 baseline=0.00044 adaptive=0.00109 lastPeak=0.00000 guard=0.060 activeAge=-1.000 pitch=-1.00Hz pitchCents=0.0
2025-12-14 07:52:02 [tracker] [s4] onset t=6.935 env=0.00140 gate=0.00011 envDelta=0.00129 envFloor=0.00098 onset=1.215 thresh=0.014 onsetDelta=1.20130 baseline=0.00065 adaptive=0.00163 lastPeak=0.00000 guard=0.060 activeAge=-1.000 pitch=-1.00Hz pitchCents=0.0
2025-12-14 07:52:02 [tracker] [s5] onset t=6.937 env=0.00196 gate=0.00015 envDelta=0.00181 envFloor=0.00108 onset=0.996 thresh=0.016 onsetDelta=0.97969 baseline=0.00072 adaptive=0.00179 lastPeak=0.00000 guard=0.060 activeAge=-1.000 pitch=-1.00Hz pitchCents=0.0
2025-12-14 07:52:02 [tracker] [s4] onset t=6.988 env=0.00146 gate=0.00011 envDelta=0.00135 envFloor=0.00095 onset=1.315 thresh=0.014 onsetDelta=1.30067 baseline=0.00064 adaptive=0.00159 lastPeak=0.00000 guard=0.060 activeAge=-1.000 pitch=-1.00Hz pitchCents=0.0
2025-12-14 07:52:02 [tracker] [s3] onset t=7.076 env=0.00118 gate=0.00008 envDelta=0.00110 envFloor=0.00092 onset=0.999 thresh=0.012 onsetDelta=0.98736 baseline=0.00061 adaptive=0.00153 lastPeak=0.00000 guard=0.060 activeAge=-1.000 pitch=-1.00Hz pitchCents=0.0
2025-12-14 07:52:02 [tracker] [s4] onset t=7.078 env=0.00162 gate=0.00011 envDelta=0.00151 envFloor=0.00097 onset=1.166 thresh=0.014 onsetDelta=1.15159 baseline=0.00065 adaptive=0.00162 lastPeak=0.00000 guard=0.060 activeAge=-1.000 pitch=-1.00Hz pitchCents=0.0
2025-12-14 07:52:02 [tracker] [s6] onset t=7.158 env=0.00216 gate=0.00022 envDelta=0.00194 envFloor=0.00131 onset=0.907 thresh=0.018 onsetDelta=0.88928 baseline=0.00087 adaptive=0.00218 lastPeak=0.00000 guard=0.060 activeAge=-1.000 pitch=-1.00Hz pitchCents=0.0
2025-12-14 07:52:02 [tracker] [s3] onset t=7.190 env=0.00125 gate=0.00008 envDelta=0.00117 envFloor=0.00090 onset=0.717 thresh=0.012 onsetDelta=0.70578 baseline=0.00060 adaptive=0.00150 lastPeak=0.00000 guard=0.060 activeAge=-1.000 pitch=-1.00Hz pitchCents=0.0
2025-12-14 07:52:02 [tracker] [s1] aubio-raw t=7.2091 onset=1.494295 env=0.001433 peak=0.002646 gain=1.000
2025-12-14 07:52:02 [tracker] [s1] onset-accepted t=7.2091 env=0.001433 gate=0.000024 envDelta=0.001408 envFloor=0.000665 onset=1.494295 thresh=0.006000 onsetDelta=1.488295 baseline=0.000443 floor=0.000180 adapt=0.001108 lastPeak=0.000001 baseParam=0.000180 gateRatio=0.0550 envParam=0.000450 onsetScale=0.300 retriggerScale=1.400 guard=0.060 guardRemain=0.000 activeAge=-1.000 retrigRemain=0.000 pitchHz=-1.00 pitchCents=0.0
2025-12-14 07:52:02 [tracker] [s1] onset t=7.209 env=0.00143 gate=0.00002 envDelta=0.00141 envFloor=0.00066 onset=1.494 thresh=0.006 onsetDelta=1.48829 baseline=0.00044 adaptive=0.00111 lastPeak=0.00000 guard=0.060 activeAge=-1.000 pitch=-1.00Hz pitchCents=0.0
2025-12-14 07:52:02 [tracker] [s5] onset t=7.246 env=0.00173 gate=0.00015 envDelta=0.00158 envFloor=0.00109 onset=1.294 thresh=0.016 onsetDelta=1.27810 baseline=0.00072 adaptive=0.00181 lastPeak=0.00000 guard=0.060 activeAge=-1.000 pitch=-1.00Hz pitchCents=0.0
2025-12-14 07:52:02 [tracker] [s5] onset t=7.433 env=0.00165 gate=0.00014 envDelta=0.00151 envFloor=0.00101 onset=0.898 thresh=0.016 onsetDelta=0.88212 baseline=0.00067 adaptive=0.00168 lastPeak=0.00000 guard=0.060 activeAge=-1.000 pitch=-1.00Hz pitchCents=0.0
2025-12-14 07:52:02 [tracker] [s1] aubio-raw t=7.4518 onset=0.771148 env=0.001334 peak=0.002653 gain=1.000
2025-12-14 07:52:02 [tracker] [s1] onset-accepted t=7.4518 env=0.001334 gate=0.000024 envDelta=0.001311 envFloor=0.000643 onset=0.771148 thresh=0.006000 onsetDelta=0.765148 baseline=0.000428 floor=0.000180 adapt=0.001071 lastPeak=0.000001 baseParam=0.000180 gateRatio=0.0550 envParam=0.000450 onsetScale=0.300 retriggerScale=1.400 guard=0.060 guardRemain=0.000 activeAge=-1.000 retrigRemain=0.000 pitchHz=-1.00 pitchCents=0.0
2025-12-14 07:52:02 [tracker] [s1] onset t=7.452 env=0.00133 gate=0.00002 envDelta=0.00131 envFloor=0.00064 onset=0.771 thresh=0.006 onsetDelta=0.76515 baseline=0.00043 adaptive=0.00107 lastPeak=0.00000 guard=0.060 activeAge=-1.000 pitch=-1.00Hz pitchCents=0.0
2025-12-14 07:52:02 [tracker] [s3] onset t=7.462 env=0.00142 gate=0.00008 envDelta=0.00135 envFloor=0.00088 onset=0.997 thresh=0.012 onsetDelta=0.98504 baseline=0.00059 adaptive=0.00147 lastPeak=0.00000 guard=0.060 activeAge=-1.000 pitch=-1.00Hz pitchCents=0.0
2025-12-14 07:52:02 [tracker] [s1] aubio-raw t=7.5025 onset=1.055797 env=0.000583 peak=0.001574 gain=1.000
2025-12-14 07:52:02 [tracker] [s1] onset-below-env-floor t=7.5025 env=0.000583 gate=0.000024 envDelta=0.000559 envFloor=0.000662 onset=1.055797 thresh=0.006000 onsetDelta=1.049797 baseline=0.000441 floor=0.000180 adapt=0.001103 lastPeak=0.000001 baseParam=0.000180 gateRatio=0.0550 envParam=0.000450 onsetScale=0.300 retriggerScale=1.400 guard=0.060 guardRemain=0.000 activeAge=-1.000 retrigRemain=0.000 pitchHz=94.11 pitchCents=229.9
2025-12-14 07:52:02 [tracker] [s4] onset t=7.545 env=0.00176 gate=0.00011 envDelta=0.00165 envFloor=0.00099 onset=0.783 thresh=0.014 onsetDelta=0.76873 baseline=0.00066 adaptive=0.00165 lastPeak=0.00000 guard=0.060 activeAge=-1.000 pitch=-1.00Hz pitchCents=0.0
2025-12-14 07:52:02 [tracker] [s3] onset t=7.574 env=0.00140 gate=0.00008 envDelta=0.00132 envFloor=0.00096 onset=1.437 thresh=0.012 onsetDelta=1.42497 baseline=0.00064 adaptive=0.00160 lastPeak=0.00000 guard=0.060 activeAge=-1.000 pitch=-1.00Hz pitchCents=0.0
2025-12-14 07:52:02 [tracker] [s1] aubio-raw t=7.5798 onset=1.036006 env=0.000979 peak=0.002403 gain=1.000
2025-12-14 07:52:02 [tracker] [s1] onset-accepted t=7.5798 env=0.000979 gate=0.000025 envDelta=0.000954 envFloor=0.000672 onset=1.036006 thresh=0.006000 onsetDelta=1.030006 baseline=0.000448 floor=0.000180 adapt=0.001120 lastPeak=0.000000 baseParam=0.000180 gateRatio=0.0550 envParam=0.000450 onsetScale=0.300 retriggerScale=1.400 guard=0.060 guardRemain=0.000 activeAge=-1.000 retrigRemain=0.000 pitchHz=-1.00 pitchCents=0.0
2025-12-14 07:52:02 [tracker] [s1] onset t=7.580 env=0.00098 gate=0.00002 envDelta=0.00095 envFloor=0.00067 onset=1.036 thresh=0.006 onsetDelta=1.03001 baseline=0.00045 adaptive=0.00112 lastPeak=0.00000 guard=0.060 activeAge=-1.000 pitch=-1.00Hz pitchCents=0.0
2025-12-14 07:52:02 [tracker] [s3] onset t=7.649 env=0.00194 gate=0.00008 envDelta=0.00186 envFloor=0.00095 onset=0.516 thresh=0.012 onsetDelta=0.50482 baseline=0.00063 adaptive=0.00159 lastPeak=0.00000 guard=0.060 activeAge=-1.000 pitch=-1.00Hz pitchCents=0.0
2025-12-14 07:52:02 [tracker] [s1] aubio-raw t=7.6598 onset=0.613757 env=0.001056 peak=0.002268 gain=1.000
2025-12-14 07:52:02 [tracker] [s1] onset-accepted t=7.6598 env=0.001056 gate=0.000024 envDelta=0.001032 envFloor=0.000653 onset=0.613757 thresh=0.006000 onsetDelta=0.607758 baseline=0.000435 floor=0.000180 adapt=0.001088 lastPeak=0.000000 baseParam=0.000180 gateRatio=0.0550 envParam=0.000450 onsetScale=0.300 retriggerScale=1.400 guard=0.060 guardRemain=0.000 activeAge=-1.000 retrigRemain=0.000 pitchHz=571.47 pitchCents=3352.6
2025-12-14 07:52:02 [tracker] [s1] onset t=7.660 env=0.00106 gate=0.00002 envDelta=0.00103 envFloor=0.00065 onset=0.614 thresh=0.006 onsetDelta=0.60776 baseline=0.00044 adaptive=0.00109 lastPeak=0.00000 guard=0.060 activeAge=-1.000 pitch=571.47Hz pitchCents=3352.6
2025-12-14 07:52:02 [tracker] [s2] onset t=7.777 env=0.00105 gate=0.00001 envDelta=0.00104 envFloor=0.00100 onset=0.995 thresh=0.009 onsetDelta=0.98628 baseline=0.00066 adaptive=0.00166 lastPeak=0.00000 guard=0.060 activeAge=-1.000 pitch=94.10Hz pitchCents=-270.3
2025-12-14 07:52:03 [tracker] [s5] onset t=7.956 env=0.00164 gate=0.00016 envDelta=0.00149 envFloor=0.00111 onset=1.080 thresh=0.016 onsetDelta=1.06428 baseline=0.00074 adaptive=0.00185 lastPeak=0.00000 guard=0.060 activeAge=-1.000 pitch=-1.00Hz pitchCents=0.0
2025-12-14 07:52:03 [tracker] [s1] aubio-raw t=8.0118 onset=0.999385 env=0.000515 peak=0.001543 gain=1.000
2025-12-14 07:52:03 [tracker] [s1] onset-below-env-floor t=8.0118 env=0.000515 gate=0.000024 envDelta=0.000491 envFloor=0.000642 onset=0.999385 thresh=0.006000 onsetDelta=0.993385 baseline=0.000428 floor=0.000180 adapt=0.001070 lastPeak=0.000000 baseParam=0.000180 gateRatio=0.0550 envParam=0.000450 onsetScale=0.300 retriggerScale=1.400 guard=0.060 guardRemain=0.000 activeAge=-1.000 retrigRemain=0.000 pitchHz=-1.00 pitchCents=0.0
2025-12-14 07:52:03 [tracker] [s6] onset t=8.041 env=0.00196 gate=0.00021 envDelta=0.00175 envFloor=0.00123 onset=0.991 thresh=0.018 onsetDelta=0.97297 baseline=0.00082 adaptive=0.00206 lastPeak=0.00000 guard=0.060 activeAge=-1.000 pitch=-1.00Hz pitchCents=0.0
2025-12-14 07:52:03 [tracker] [s5] onset t=8.057 env=0.00141 gate=0.00015 envDelta=0.00126 envFloor=0.00110 onset=1.005 thresh=0.016 onsetDelta=0.98860 baseline=0.00073 adaptive=0.00183 lastPeak=0.00000 guard=0.060 activeAge=-1.000 pitch=-1.00Hz pitchCents=0.0
2025-12-14 07:52:03 [tracker] [s3] onset t=8.100 env=0.00149 gate=0.00008 envDelta=0.00142 envFloor=0.00090 onset=0.991 thresh=0.012 onsetDelta=0.97936 baseline=0.00060 adaptive=0.00150 lastPeak=0.00000 guard=0.060 activeAge=-1.000 pitch=-1.00Hz pitchCents=0.0
2025-12-14 07:52:03 [tracker] [s5] onset t=8.132 env=0.00158 gate=0.00014 envDelta=0.00143 envFloor=0.00103 onset=1.216 thresh=0.016 onsetDelta=1.20038 baseline=0.00069 adaptive=0.00172 lastPeak=0.00000 guard=0.060 activeAge=-1.000 pitch=-1.00Hz pitchCents=0.0
2025-12-14 07:52:03 [tracker] [s4] onset t=8.137 env=0.00143 gate=0.00011 envDelta=0.00132 envFloor=0.00096 onset=0.960 thresh=0.014 onsetDelta=0.94609 baseline=0.00064 adaptive=0.00159 lastPeak=0.00000 guard=0.060 activeAge=-1.000 pitch=-1.00Hz pitchCents=0.0
2025-12-14 07:52:03 [tracker] [s2] onset t=8.156 env=0.00165 gate=0.00001 envDelta=0.00165 envFloor=0.00098 onset=1.000 thresh=0.009 onsetDelta=0.99123 baseline=0.00065 adaptive=0.00163 lastPeak=0.00000 guard=0.060 activeAge=-1.000 pitch=-1.00Hz pitchCents=0.0
2025-12-14 07:52:03 [tracker] [s1] aubio-raw t=8.2277 onset=0.929572 env=0.000672 peak=0.002040 gain=1.000
2025-12-14 07:52:03 [tracker] [s1] onset-accepted t=8.2277 env=0.000672 gate=0.000024 envDelta=0.000648 envFloor=0.000657 onset=0.929572 thresh=0.006000 onsetDelta=0.923572 baseline=0.000438 floor=0.000180 adapt=0.001096 lastPeak=0.000000 baseParam=0.000180 gateRatio=0.0550 envParam=0.000450 onsetScale=0.300 retriggerScale=1.400 guard=0.060 guardRemain=0.000 activeAge=-1.000 retrigRemain=0.000 pitchHz=-1.00 pitchCents=0.0
2025-12-14 07:52:03 [tracker] [s1] onset t=8.228 env=0.00067 gate=0.00002 envDelta=0.00065 envFloor=0.00066 onset=0.930 thresh=0.006 onsetDelta=0.92357 baseline=0.00044 adaptive=0.00110 lastPeak=0.00000 guard=0.060 activeAge=-1.000 pitch=-1.00Hz pitchCents=0.0
2025-12-14 07:52:03 [tracker] [s6] onset t=8.233 env=0.00188 gate=0.00021 envDelta=0.00167 envFloor=0.00125 onset=1.092 thresh=0.018 onsetDelta=1.07353 baseline=0.00084 adaptive=0.00209 lastPeak=0.00000 guard=0.060 activeAge=-1.000 pitch=-1.00Hz pitchCents=0.0
2025-12-14 07:52:03 [tracker] [s3] onset t=8.257 env=0.00120 gate=0.00008 envDelta=0.00112 envFloor=0.00094 onset=1.089 thresh=0.012 onsetDelta=1.07717 baseline=0.00063 adaptive=0.00157 lastPeak=0.00000 guard=0.060 activeAge=-1.000 pitch=-1.00Hz pitchCents=0.0
2025-12-14 07:52:03 [tracker] [s4] onset t=8.332 env=0.00162 gate=0.00011 envDelta=0.00150 envFloor=0.00101 onset=1.135 thresh=0.014 onsetDelta=1.12057 baseline=0.00067 adaptive=0.00168 lastPeak=0.00000 guard=0.060 activeAge=-1.000 pitch=-1.00Hz pitchCents=0.0
2025-12-14 07:52:03 [tracker] [s2] onset t=8.369 env=0.00185 gate=0.00001 envDelta=0.00184 envFloor=0.00106 onset=0.748 thresh=0.009 onsetDelta=0.73892 baseline=0.00071 adaptive=0.00177 lastPeak=0.00000 guard=0.060 activeAge=-1.000 pitch=-1.00Hz pitchCents=0.0
2025-12-14 07:52:03 [tracker] [s3] onset t=8.524 env=0.00206 gate=0.00009 envDelta=0.00197 envFloor=0.00098 onset=0.679 thresh=0.012 onsetDelta=0.66703 baseline=0.00066 adaptive=0.00164 lastPeak=0.00000 guard=0.060 activeAge=-1.000 pitch=-1.00Hz pitchCents=0.0
2025-12-14 07:52:03 [tracker] [s6] onset t=8.526 env=0.00180 gate=0.00020 envDelta=0.00160 envFloor=0.00118 onset=1.192 thresh=0.018 onsetDelta=1.17384 baseline=0.00079 adaptive=0.00197 lastPeak=0.00000 guard=0.060 activeAge=-1.000 pitch=-1.00Hz pitchCents=0.0
2025-12-14 07:52:03 [tracker] [s5] onset t=8.617 env=0.00170 gate=0.00014 envDelta=0.00156 envFloor=0.00102 onset=0.998 thresh=0.016 onsetDelta=0.98228 baseline=0.00068 adaptive=0.00170 lastPeak=0.00000 guard=0.060 activeAge=-1.000 pitch=-1.00Hz pitchCents=0.0
2025-12-14 07:52:03 [tracker] [s6] onset t=8.633 env=0.00191 gate=0.00020 envDelta=0.00171 envFloor=0.00121 onset=0.906 thresh=0.018 onsetDelta=0.88785 baseline=0.00081 adaptive=0.00202 lastPeak=0.00000 guard=0.060 activeAge=-1.000 pitch=-1.00Hz pitchCents=0.0
2025-12-14 07:52:04 [tracker] [s1] aubio-raw t=8.7904 onset=0.909358 env=0.000749 peak=0.001606 gain=1.000
2025-12-14 07:52:04 [tracker] [s1] onset-accepted t=8.7904 env=0.000749 gate=0.000024 envDelta=0.000726 envFloor=0.000641 onset=0.909358 thresh=0.006000 onsetDelta=0.903358 baseline=0.000427 floor=0.000180 adapt=0.001068 lastPeak=0.000000 baseParam=0.000180 gateRatio=0.0550 envParam=0.000450 onsetScale=0.300 retriggerScale=1.400 guard=0.060 guardRemain=0.000 activeAge=-1.000 retrigRemain=0.000 pitchHz=-1.00 pitchCents=0.0
2025-12-14 07:52:04 [tracker] [s1] onset t=8.790 env=0.00075 gate=0.00002 envDelta=0.00073 envFloor=0.00064 onset=0.909 thresh=0.006 onsetDelta=0.90336 baseline=0.00043 adaptive=0.00107 lastPeak=0.00000 guard=0.060 activeAge=-1.000 pitch=-1.00Hz pitchCents=0.0
2025-12-14 07:52:04 [tracker] [s6] onset t=8.825 env=0.00194 gate=0.00021 envDelta=0.00174 envFloor=0.00124 onset=0.791 thresh=0.018 onsetDelta=0.77342 baseline=0.00083 adaptive=0.00206 lastPeak=0.00000 guard=0.060 activeAge=-1.000 pitch=-1.00Hz pitchCents=0.0
2025-12-14 07:52:04 [tracker] [s4] onset t=8.889 env=0.00136 gate=0.00011 envDelta=0.00125 envFloor=0.00097 onset=0.976 thresh=0.014 onsetDelta=0.96189 baseline=0.00065 adaptive=0.00162 lastPeak=0.00000 guard=0.060 activeAge=-1.000 pitch=-1.00Hz pitchCents=0.0
2025-12-14 07:52:04 [tracker] [s5] onset t=8.934 env=0.00181 gate=0.00015 envDelta=0.00166 envFloor=0.00107 onset=1.143 thresh=0.016 onsetDelta=1.12715 baseline=0.00071 adaptive=0.00178 lastPeak=0.00000 guard=0.060 activeAge=-1.000 pitch=-1.00Hz pitchCents=0.0
2025-12-14 07:52:04 [tracker] [s6] onset t=9.030 env=0.00208 gate=0.00021 envDelta=0.00187 envFloor=0.00126 onset=1.097 thresh=0.018 onsetDelta=1.07913 baseline=0.00084 adaptive=0.00210 lastPeak=0.00000 guard=0.060 activeAge=-1.000 pitch=-1.00Hz pitchCents=0.0
2025-12-14 07:52:04 [tracker] [s2] onset t=9.057 env=0.00130 gate=0.00001 envDelta=0.00129 envFloor=0.00102 onset=0.999 thresh=0.009 onsetDelta=0.99036 baseline=0.00068 adaptive=0.00170 lastPeak=0.00000 guard=0.060 activeAge=-1.000 pitch=-1.00Hz pitchCents=0.0
2025-12-14 07:52:04 [tracker] [s1] aubio-raw t=9.1717 onset=0.993963 env=0.001120 peak=0.002638 gain=1.000
2025-12-14 07:52:04 [tracker] [s1] onset-accepted t=9.1717 env=0.001120 gate=0.000024 envDelta=0.001096 envFloor=0.000658 onset=0.993963 thresh=0.006000 onsetDelta=0.987963 baseline=0.000438 floor=0.000180 adapt=0.001096 lastPeak=0.000000 baseParam=0.000180 gateRatio=0.0550 envParam=0.000450 onsetScale=0.300 retriggerScale=1.400 guard=0.060 guardRemain=0.000 activeAge=-1.000 retrigRemain=0.000 pitchHz=-1.00 pitchCents=0.0
2025-12-14 07:52:04 [tracker] [s2] onset t=9.222 env=0.00244 gate=0.00001 envDelta=0.00244 envFloor=0.00110 onset=0.997 thresh=0.009 onsetDelta=0.98838 baseline=0.00073 adaptive=0.00183 lastPeak=0.00000 guard=0.060 activeAge=-1.000 pitch=500.10Hz pitchCents=2621.7
2025-12-14 07:52:04 [tracker] [s1] aubio-raw t=9.2623 onset=0.909223 env=0.000886 peak=0.002171 gain=1.000
2025-12-14 07:52:04 [tracker] [s1] onset-accepted t=9.2623 env=0.000886 gate=0.000024 envDelta=0.000863 envFloor=0.000642 onset=0.909223 thresh=0.006000 onsetDelta=0.903223 baseline=0.000428 floor=0.000180 adapt=0.001070 lastPeak=0.000000 baseParam=0.000180 gateRatio=0.0550 envParam=0.000450 onsetScale=0.300 retriggerScale=1.400 guard=0.060 guardRemain=0.000 activeAge=-1.000 retrigRemain=0.000 pitchHz=-1.00 pitchCents=0.0
2025-12-14 07:52:04 [tracker] [s1] onset t=9.262 env=0.00089 gate=0.00002 envDelta=0.00086 envFloor=0.00064 onset=0.909 thresh=0.006 onsetDelta=0.90322 baseline=0.00043 adaptive=0.00107 lastPeak=0.00000 guard=0.060 activeAge=-1.000 pitch=-1.00Hz pitchCents=0.0
2025-12-14 07:52:04 [tracker] [s3] onset t=9.316 env=0.00176 gate=0.00008 envDelta=0.00168 envFloor=0.00091 onset=0.917 thresh=0.012 onsetDelta=0.90569 baseline=0.00061 adaptive=0.00152 lastPeak=0.00000 guard=0.060 activeAge=-1.000 pitch=-1.00Hz pitchCents=0.0
2025-12-14 07:52:04 [tracker] [s5] onset t=9.422 env=0.00214 gate=0.00016 envDelta=0.00198 envFloor=0.00114 onset=0.824 thresh=0.016 onsetDelta=0.80847 baseline=0.00076 adaptive=0.00190 lastPeak=0.00000 guard=0.060 activeAge=-1.000 pitch=-1.00Hz pitchCents=0.0
2025-12-14 07:52:04 [tracker] [s6] onset t=9.430 env=0.00208 gate=0.00021 envDelta=0.00187 envFloor=0.00127 onset=1.002 thresh=0.018 onsetDelta=0.98383 baseline=0.00085 adaptive=0.00212 lastPeak=0.00000 guard=0.060 activeAge=-1.000 pitch=-1.00Hz pitchCents=0.0
2025-12-14 07:52:04 [tracker] [s3] onset t=9.462 env=0.00140 gate=0.00008 envDelta=0.00133 envFloor=0.00089 onset=1.290 thresh=0.012 onsetDelta=1.27815 baseline=0.00059 adaptive=0.00148 lastPeak=0.00000 guard=0.060 activeAge=-1.000 pitch=-1.00Hz pitchCents=0.0
2025-12-14 07:52:04 [tracker] [s1] aubio-raw t=9.4730 onset=0.892398 env=0.001396 peak=0.003169 gain=1.000
2025-12-14 07:52:04 [tracker] [s1] onset-accepted t=9.4730 env=0.001396 gate=0.000024 envDelta=0.001372 envFloor=0.000655 onset=0.892398 thresh=0.006000 onsetDelta=0.886398 baseline=0.000437 floor=0.000180 adapt=0.001092 lastPeak=0.000000 baseParam=0.000180 gateRatio=0.0550 envParam=0.000450 onsetScale=0.300 retriggerScale=1.400 guard=0.060 guardRemain=0.000 activeAge=-1.000 retrigRemain=0.000 pitchHz=-1.00 pitchCents=0.0
2025-12-14 07:52:04 [tracker] [s1] onset t=9.473 env=0.00140 gate=0.00002 envDelta=0.00137 envFloor=0.00066 onset=0.892 thresh=0.006 onsetDelta=0.88640 baseline=0.00044 adaptive=0.00109 lastPeak=0.00000 guard=0.060 activeAge=-1.000 pitch=-1.00Hz pitchCents=0.0
2025-12-14 07:52:04 [tracker] [s5] onset t=9.569 env=0.00150 gate=0.00015 envDelta=0.00135 envFloor=0.00109 onset=0.928 thresh=0.016 onsetDelta=0.91225 baseline=0.00072 adaptive=0.00181 lastPeak=0.00000 guard=0.060 activeAge=-1.000 pitch=-1.00Hz pitchCents=0.0
2025-12-14 07:52:04 [tracker] [s4] onset t=9.577 env=0.00113 gate=0.00011 envDelta=0.00102 envFloor=0.00097 onset=0.693 thresh=0.014 onsetDelta=0.67893 baseline=0.00065 adaptive=0.00162 lastPeak=0.00000 guard=0.060 activeAge=-1.000 pitch=-1.00Hz pitchCents=0.0
2025-12-14 07:52:04 [tracker] [s6] onset t=9.588 env=0.00191 gate=0.00020 envDelta=0.00170 envFloor=0.00122 onset=1.001 thresh=0.018 onsetDelta=0.98264 baseline=0.00082 adaptive=0.00204 lastPeak=0.00000 guard=0.060 activeAge=-1.000 pitch=-1.00Hz pitchCents=0.0
2025-12-14 07:52:04 [tracker] [s3] onset t=9.646 env=0.00119 gate=0.00008 envDelta=0.00111 envFloor=0.00088 onset=1.182 thresh=0.012 onsetDelta=1.17070 baseline=0.00059 adaptive=0.00147 lastPeak=0.00000 guard=0.060 activeAge=-1.000 pitch=-1.00Hz pitchCents=0.0
2025-12-14 07:52:04 [tracker] [s2] onset t=9.681 env=0.00182 gate=0.00001 envDelta=0.00182 envFloor=0.00098 onset=0.531 thresh=0.009 onsetDelta=0.52196 baseline=0.00065 adaptive=0.00163 lastPeak=0.00000 guard=0.060 activeAge=-1.000 pitch=135.59Hz pitchCents=362.1
2025-12-14 07:52:05 [tracker] [s6] onset t=9.884 env=0.00205 gate=0.00022 envDelta=0.00183 envFloor=0.00131 onset=1.475 thresh=0.018 onsetDelta=1.45708 baseline=0.00088 adaptive=0.00219 lastPeak=0.00000 guard=0.060 activeAge=-1.000 pitch=-1.00Hz pitchCents=0.0
2025-12-14 07:52:05 [tracker] [s4] onset t=9.942 env=0.00166 gate=0.00011 envDelta=0.00155 envFloor=0.00096 onset=0.699 thresh=0.014 onsetDelta=0.68542 baseline=0.00064 adaptive=0.00160 lastPeak=0.00000 guard=0.060 activeAge=-1.000 pitch=-1.00Hz pitchCents=0.0
2025-12-14 07:52:05 [tracker] [s6] onset t=9.964 env=0.00171 gate=0.00021 envDelta=0.00150 envFloor=0.00127 onset=0.879 thresh=0.018 onsetDelta=0.86095 baseline=0.00085 adaptive=0.00212 lastPeak=0.00000 guard=0.060 activeAge=-1.000 pitch=-1.00Hz pitchCents=0.0
2025-12-14 07:52:05 [tracker] [s5] onset t=10.108 env=0.00163 gate=0.00015 envDelta=0.00148 envFloor=0.00109 onset=0.872 thresh=0.016 onsetDelta=0.85632 baseline=0.00072 adaptive=0.00181 lastPeak=0.00000 guard=0.060 activeAge=-1.000 pitch=-1.00Hz pitchCents=0.0
2025-12-14 07:52:05 [tracker] [s2] onset t=10.129 env=0.00146 gate=0.00001 envDelta=0.00145 envFloor=0.00091 onset=0.751 thresh=0.009 onsetDelta=0.74200 baseline=0.00061 adaptive=0.00152 lastPeak=0.00000 guard=0.060 activeAge=-1.000 pitch=1333.41Hz pitchCents=4319.5
2025-12-14 07:52:05 [tracker] [s4] onset t=10.158 env=0.00158 gate=0.00011 envDelta=0.00147 envFloor=0.00098 onset=0.958 thresh=0.014 onsetDelta=0.94382 baseline=0.00065 adaptive=0.00163 lastPeak=0.00000 guard=0.060 activeAge=-1.000 pitch=-1.00Hz pitchCents=0.0
2025-12-14 07:52:05 [tracker] [s5] onset t=10.241 env=0.00155 gate=0.00016 envDelta=0.00139 envFloor=0.00113 onset=0.729 thresh=0.016 onsetDelta=0.71285 baseline=0.00075 adaptive=0.00188 lastPeak=0.00000 guard=0.060 activeAge=-1.000 pitch=-1.00Hz pitchCents=0.0
2025-12-14 07:52:05 [tracker] [s1] aubio-raw t=10.3956 onset=0.996960 env=0.000797 peak=0.002031 gain=1.000
2025-12-14 07:52:05 [tracker] [s1] onset-accepted t=10.3956 env=0.000797 gate=0.000023 envDelta=0.000773 envFloor=0.000640 onset=0.996960 thresh=0.006000 onsetDelta=0.990960 baseline=0.000427 floor=0.000180 adapt=0.001067 lastPeak=0.000000 baseParam=0.000180 gateRatio=0.0550 envParam=0.000450 onsetScale=0.300 retriggerScale=1.400 guard=0.060 guardRemain=0.000 activeAge=-1.000 retrigRemain=0.000 pitchHz=95.24 pitchCents=250.5
2025-12-14 07:52:05 [tracker] [s1] onset t=10.396 env=0.00080 gate=0.00002 envDelta=0.00077 envFloor=0.00064 onset=0.997 thresh=0.006 onsetDelta=0.99096 baseline=0.00043 adaptive=0.00107 lastPeak=0.00000 guard=0.060 activeAge=-1.000 pitch=95.24Hz pitchCents=250.5
2025-12-14 07:52:05 [tracker] [s1] note-start t=10.396 fret=3 midi=43 vel=0.01 env=0.00080
2025-12-14 07:52:05 [tracker] [s2] onset t=10.481 env=0.00203 gate=0.00001 envDelta=0.00202 envFloor=0.00111 onset=0.996 thresh=0.009 onsetDelta=0.98716 baseline=0.00074 adaptive=0.00186 lastPeak=0.00000 guard=0.060 activeAge=-1.000 pitch=-1.00Hz pitchCents=0.0
2025-12-14 07:52:05 [tracker] [s1] aubio-raw t=10.5129 onset=0.995405 env=0.001302 peak=0.003191 gain=1.000
2025-12-14 07:52:05 [tracker] [s1] onset-accepted t=10.5129 env=0.001302 gate=0.000032 envDelta=0.001270 envFloor=0.000674 onset=0.995405 thresh=0.006000 onsetDelta=0.989405 baseline=0.000575 floor=0.000180 adapt=0.001124 lastPeak=0.000639 baseParam=0.000180 gateRatio=0.0550 envParam=0.000450 onsetScale=0.300 retriggerScale=1.400 guard=0.060 guardRemain=0.000 activeAge=0.117 retrigRemain=0.103 pitchHz=-1.00 pitchCents=0.0
2025-12-14 07:52:05 [tracker] [s1] onset t=10.513 env=0.00130 gate=0.00003 envDelta=0.00127 envFloor=0.00067 onset=0.995 thresh=0.006 onsetDelta=0.98940 baseline=0.00058 adaptive=0.00112 lastPeak=0.00064 guard=0.060 activeAge=0.117 pitch=-1.00Hz pitchCents=0.0
2025-12-14 07:52:05 [tracker] [s1] note-ended (new onset) t=10.513 fret=3 dur=0.117
2025-12-14 07:52:05 [tracker] [s4] onset t=10.692 env=0.00158 gate=0.00011 envDelta=0.00147 envFloor=0.00100 onset=0.997 thresh=0.014 onsetDelta=0.98281 baseline=0.00066 adaptive=0.00166 lastPeak=0.00000 guard=0.060 activeAge=-1.000 pitch=-1.00Hz pitchCents=0.0
2025-12-14 07:52:06 [tracker] [s6] onset t=10.788 env=0.00198 gate=0.00019 envDelta=0.00178 envFloor=0.00117 onset=0.996 thresh=0.018 onsetDelta=0.97776 baseline=0.00078 adaptive=0.00195 lastPeak=0.00000 guard=0.060 activeAge=-1.000 pitch=-1.00Hz pitchCents=0.0
2025-12-14 07:52:06 [tracker] [s3] onset t=10.929 env=0.00186 gate=0.00008 envDelta=0.00178 envFloor=0.00093 onset=0.977 thresh=0.012 onsetDelta=0.96575 baseline=0.00062 adaptive=0.00156 lastPeak=0.00000 guard=0.060 activeAge=-1.000 pitch=-1.00Hz pitchCents=0.0
2025-12-14 07:52:06 [tracker] [s4] onset t=10.937 env=0.00173 gate=0.00012 envDelta=0.00161 envFloor=0.00102 onset=0.695 thresh=0.014 onsetDelta=0.68146 baseline=0.00068 adaptive=0.00170 lastPeak=0.00000 guard=0.060 activeAge=-1.000 pitch=-1.00Hz pitchCents=0.0
2025-12-14 07:52:06 [tracker] [s2] onset t=10.956 env=0.00172 gate=0.00001 envDelta=0.00172 envFloor=0.00093 onset=0.936 thresh=0.009 onsetDelta=0.92679 baseline=0.00062 adaptive=0.00155 lastPeak=0.00000 guard=0.060 activeAge=-1.000 pitch=-1.00Hz pitchCents=0.0
2025-12-14 07:52:06 [tracker] [s1] aubio-raw t=11.1875 onset=1.075161 env=0.001300 peak=0.002622 gain=1.000
2025-12-14 07:52:06 [tracker] [s1] onset-accepted t=11.1875 env=0.001300 gate=0.000023 envDelta=0.001277 envFloor=0.000623 onset=1.075161 thresh=0.006000 onsetDelta=1.069161 baseline=0.000415 floor=0.000180 adapt=0.001038 lastPeak=0.000180 baseParam=0.000180 gateRatio=0.0550 envParam=0.000450 onsetScale=0.300 retriggerScale=1.400 guard=0.060 guardRemain=0.000 activeAge=-1.000 retrigRemain=0.000 pitchHz=727.11 pitchCents=3769.6
2025-12-14 07:52:06 [tracker] [s1] onset t=11.188 env=0.00130 gate=0.00002 envDelta=0.00128 envFloor=0.00062 onset=1.075 thresh=0.006 onsetDelta=1.06916 baseline=0.00042 adaptive=0.00104 lastPeak=0.00018 guard=0.060 activeAge=-1.000 pitch=727.11Hz pitchCents=3769.6
2025-12-14 07:52:06 [tracker] [s3] onset t=11.228 env=0.00167 gate=0.00008 envDelta=0.00159 envFloor=0.00093 onset=1.035 thresh=0.012 onsetDelta=1.02374 baseline=0.00062 adaptive=0.00155 lastPeak=0.00000 guard=0.060 activeAge=-1.000 pitch=-1.00Hz pitchCents=0.0
2025-12-14 07:52:06 [tracker] [s6] onset t=11.361 env=0.00185 gate=0.00021 envDelta=0.00164 envFloor=0.00127 onset=1.007 thresh=0.018 onsetDelta=0.98851 baseline=0.00084 adaptive=0.00211 lastPeak=0.00000 guard=0.060 activeAge=-1.000 pitch=-1.00Hz pitchCents=0.0
2025-12-14 07:52:06 [tracker] [s3] onset t=11.380 env=0.00163 gate=0.00009 envDelta=0.00154 envFloor=0.00098 onset=0.938 thresh=0.012 onsetDelta=0.92637 baseline=0.00066 adaptive=0.00164 lastPeak=0.00000 guard=0.060 activeAge=-1.000 pitch=-1.00Hz pitchCents=0.0
2025-12-14 07:52:06 [tracker] [s5] onset t=11.425 env=0.00145 gate=0.00015 envDelta=0.00129 envFloor=0.00111 onset=0.993 thresh=0.016 onsetDelta=0.97686 baseline=0.00074 adaptive=0.00184 lastPeak=0.00000 guard=0.060 activeAge=-1.000 pitch=-1.00Hz pitchCents=0.0
2025-12-14 07:52:06 [tracker] [s1] aubio-raw t=11.5555 onset=1.112015 env=0.001001 peak=0.002178 gain=1.000
2025-12-14 07:52:06 [tracker] [s1] onset-accepted t=11.5555 env=0.001001 gate=0.000022 envDelta=0.000978 envFloor=0.000611 onset=1.112015 thresh=0.006000 onsetDelta=1.106015 baseline=0.000407 floor=0.000180 adapt=0.001019 lastPeak=0.000090 baseParam=0.000180 gateRatio=0.0550 envParam=0.000450 onsetScale=0.300 retriggerScale=1.400 guard=0.060 guardRemain=0.000 activeAge=-1.000 retrigRemain=0.000 pitchHz=400.01 pitchCents=2735.0
2025-12-14 07:52:06 [tracker] [s1] onset t=11.555 env=0.00100 gate=0.00002 envDelta=0.00098 envFloor=0.00061 onset=1.112 thresh=0.006 onsetDelta=1.10602 baseline=0.00041 adaptive=0.00102 lastPeak=0.00009 guard=0.060 activeAge=-1.000 pitch=400.01Hz pitchCents=2735.0
2025-12-14 07:52:06 [tracker] [s4] onset t=11.569 env=0.00153 gate=0.00011 envDelta=0.00143 envFloor=0.00095 onset=1.256 thresh=0.014 onsetDelta=1.24205 baseline=0.00063 adaptive=0.00158 lastPeak=0.00000 guard=0.060 activeAge=-1.000 pitch=-1.00Hz pitchCents=0.0
2025-12-14 07:52:06 [tracker] [s6] onset t=11.638 env=0.00176 gate=0.00020 envDelta=0.00156 envFloor=0.00119 onset=0.613 thresh=0.018 onsetDelta=0.59500 baseline=0.00079 adaptive=0.00198 lastPeak=0.00000 guard=0.060 activeAge=-1.000 pitch=-1.00Hz pitchCents=0.0
2025-12-14 07:52:06 [tracker] [s2] onset t=11.713 env=0.00183 gate=0.00001 envDelta=0.00182 envFloor=0.00098 onset=0.993 thresh=0.009 onsetDelta=0.98419 baseline=0.00066 adaptive=0.00164 lastPeak=0.00000 guard=0.060 activeAge=-1.000 pitch=-1.00Hz pitchCents=0.0
2025-12-14 07:52:06 [tracker] [s1] aubio-raw t=11.7155 onset=0.995691 env=0.001272 peak=0.003065 gain=1.000
2025-12-14 07:52:06 [tracker] [s1] onset-accepted t=11.7155 env=0.001272 gate=0.000023 envDelta=0.001249 envFloor=0.000632 onset=0.995691 thresh=0.006000 onsetDelta=0.989691 baseline=0.000421 floor=0.000180 adapt=0.001053 lastPeak=0.000067 baseParam=0.000180 gateRatio=0.0550 envParam=0.000450 onsetScale=0.300 retriggerScale=1.400 guard=0.060 guardRemain=0.000 activeAge=-1.000 retrigRemain=0.000 pitchHz=-1.00 pitchCents=0.0
2025-12-14 07:52:06 [tracker] [s1] onset t=11.715 env=0.00127 gate=0.00002 envDelta=0.00125 envFloor=0.00063 onset=0.996 thresh=0.006 onsetDelta=0.98969 baseline=0.00042 adaptive=0.00105 lastPeak=0.00007 guard=0.060 activeAge=-1.000 pitch=-1.00Hz pitchCents=0.0
2025-12-14 07:52:06 [tracker] [s4] onset t=11.726 env=0.00138 gate=0.00011 envDelta=0.00127 envFloor=0.00098 onset=0.735 thresh=0.014 onsetDelta=0.72104 baseline=0.00065 adaptive=0.00163 lastPeak=0.00000 guard=0.060 activeAge=-1.000 pitch=-1.00Hz pitchCents=0.0
2025-12-14 07:52:06 [tracker] [s3] onset t=11.731 env=0.00156 gate=0.00008 envDelta=0.00148 envFloor=0.00092 onset=1.044 thresh=0.012 onsetDelta=1.03245 baseline=0.00061 adaptive=0.00153 lastPeak=0.00000 guard=0.060 activeAge=-1.000 pitch=-1.00Hz pitchCents=0.0
2025-12-14 07:52:06 [tracker] [s6] onset t=11.750 env=0.00213 gate=0.00022 envDelta=0.00191 envFloor=0.00130 onset=0.873 thresh=0.018 onsetDelta=0.85469 baseline=0.00087 adaptive=0.00217 lastPeak=0.00000 guard=0.060 activeAge=-1.000 pitch=-1.00Hz pitchCents=0.0
2025-12-14 07:52:07 [tracker] [s4] onset t=11.998 env=0.00170 gate=0.00011 envDelta=0.00159 envFloor=0.00099 onset=1.027 thresh=0.014 onsetDelta=1.01286 baseline=0.00066 adaptive=0.00165 lastPeak=0.00000 guard=0.060 activeAge=-1.000 pitch=-1.00Hz pitchCents=0.0
2025-12-14 07:52:07 [tracker] [s3] onset t=12.038 env=0.00135 gate=0.00008 envDelta=0.00128 envFloor=0.00092 onset=1.337 thresh=0.012 onsetDelta=1.32572 baseline=0.00061 adaptive=0.00153 lastPeak=0.00000 guard=0.060 activeAge=-1.000 pitch=-1.00Hz pitchCents=0.0
2025-12-14 07:52:07 [tracker] [s4] onset t=12.078 env=0.00134 gate=0.00011 envDelta=0.00124 envFloor=0.00096 onset=1.236 thresh=0.014 onsetDelta=1.22162 baseline=0.00064 adaptive=0.00159 lastPeak=0.00000 guard=0.060 activeAge=-1.000 pitch=-1.00Hz pitchCents=0.0
2025-12-14 07:52:07 [tracker] [s2] onset t=12.121 env=0.00181 gate=0.00001 envDelta=0.00180 envFloor=0.00103 onset=1.179 thresh=0.009 onsetDelta=1.16964 baseline=0.00069 adaptive=0.00172 lastPeak=0.00000 guard=0.060 activeAge=-1.000 pitch=-1.00Hz pitchCents=0.0
2025-12-14 07:52:07 [tracker] [s5] onset t=12.219 env=0.00197 gate=0.00016 envDelta=0.00181 envFloor=0.00111 onset=0.835 thresh=0.016 onsetDelta=0.81939 baseline=0.00074 adaptive=0.00185 lastPeak=0.00000 guard=0.060 activeAge=-1.000 pitch=-1.00Hz pitchCents=0.0
2025-12-14 07:52:07 [tracker] [s4] onset t=12.265 env=0.00138 gate=0.00011 envDelta=0.00127 envFloor=0.00100 onset=0.520 thresh=0.014 onsetDelta=0.50588 baseline=0.00067 adaptive=0.00167 lastPeak=0.00000 guard=0.060 activeAge=-1.000 pitch=-1.00Hz pitchCents=0.0
2025-12-14 07:52:07 [tracker] [s6] onset t=12.267 env=0.00193 gate=0.00020 envDelta=0.00173 envFloor=0.00120 onset=0.995 thresh=0.018 onsetDelta=0.97734 baseline=0.00080 adaptive=0.00200 lastPeak=0.00000 guard=0.060 activeAge=-1.000 pitch=-1.00Hz pitchCents=0.0
2025-12-14 07:52:07 [tracker] [s3] onset t=12.334 env=0.00113 gate=0.00008 envDelta=0.00105 envFloor=0.00090 onset=0.996 thresh=0.012 onsetDelta=0.98397 baseline=0.00060 adaptive=0.00149 lastPeak=0.00000 guard=0.060 activeAge=-1.000 pitch=-1.00Hz pitchCents=0.0
2025-12-14 07:52:07 [tracker] [s3] onset t=12.385 env=0.00137 gate=0.00008 envDelta=0.00128 envFloor=0.00095 onset=1.110 thresh=0.012 onsetDelta=1.09848 baseline=0.00063 adaptive=0.00159 lastPeak=0.00000 guard=0.060 activeAge=-1.000 pitch=-1.00Hz pitchCents=0.0
2025-12-14 07:52:07 [tracker] [s1] aubio-raw t=12.3901 onset=0.997814 env=0.000892 peak=0.002052 gain=1.000
2025-12-14 07:52:07 [tracker] [s1] onset-accepted t=12.3901 env=0.000892 gate=0.000022 envDelta=0.000870 envFloor=0.000599 onset=0.997814 thresh=0.006000 onsetDelta=0.991814 baseline=0.000399 floor=0.000180 adapt=0.000999 lastPeak=0.000019 baseParam=0.000180 gateRatio=0.0550 envParam=0.000450 onsetScale=0.300 retriggerScale=1.400 guard=0.060 guardRemain=0.000 activeAge=-1.000 retrigRemain=0.000 pitchHz=-1.00 pitchCents=0.0
2025-12-14 07:52:07 [tracker] [s1] onset t=12.390 env=0.00089 gate=0.00002 envDelta=0.00087 envFloor=0.00060 onset=0.998 thresh=0.006 onsetDelta=0.99181 baseline=0.00040 adaptive=0.00100 lastPeak=0.00002 guard=0.060 activeAge=-1.000 pitch=-1.00Hz pitchCents=0.0
2025-12-14 07:52:07 [tracker] [s2] onset t=12.470 env=0.00159 gate=0.00001 envDelta=0.00159 envFloor=0.00103 onset=1.167 thresh=0.009 onsetDelta=1.15808 baseline=0.00069 adaptive=0.00172 lastPeak=0.00000 guard=0.060 activeAge=-1.000 pitch=-1.00Hz pitchCents=0.0
2025-12-14 07:52:07 [tracker] [s4] onset t=12.518 env=0.00130 gate=0.00011 envDelta=0.00118 envFloor=0.00101 onset=1.418 thresh=0.014 onsetDelta=1.40427 baseline=0.00067 adaptive=0.00168 lastPeak=0.00000 guard=0.060 activeAge=-1.000 pitch=-1.00Hz pitchCents=0.0
2025-12-14 07:52:07 [tracker] [s6] onset t=12.545 env=0.00218 gate=0.00022 envDelta=0.00196 envFloor=0.00131 onset=1.000 thresh=0.018 onsetDelta=0.98246 baseline=0.00087 adaptive=0.00218 lastPeak=0.00000 guard=0.060 activeAge=-1.000 pitch=-1.00Hz pitchCents=0.0
2025-12-14 07:52:07 [tracker] [s1] aubio-raw t=12.5528 onset=0.987325 env=0.000803 peak=0.002277 gain=1.000
2025-12-14 07:52:07 [tracker] [s1] onset-accepted t=12.5528 env=0.000803 gate=0.000023 envDelta=0.000781 envFloor=0.000615 onset=0.987325 thresh=0.006000 onsetDelta=0.981325 baseline=0.000410 floor=0.000180 adapt=0.001025 lastPeak=0.000014 baseParam=0.000180 gateRatio=0.0550 envParam=0.000450 onsetScale=0.300 retriggerScale=1.400 guard=0.060 guardRemain=0.000 activeAge=-1.000 retrigRemain=0.000 pitchHz=-1.00 pitchCents=0.0
2025-12-14 07:52:07 [tracker] [s1] onset t=12.553 env=0.00080 gate=0.00002 envDelta=0.00078 envFloor=0.00061 onset=0.987 thresh=0.006 onsetDelta=0.98133 baseline=0.00041 adaptive=0.00102 lastPeak=0.00001 guard=0.060 activeAge=-1.000 pitch=-1.00Hz pitchCents=0.0
2025-12-14 07:52:07 [tracker] [s4] onset t=12.585 env=0.00150 gate=0.00012 envDelta=0.00139 envFloor=0.00102 onset=0.681 thresh=0.014 onsetDelta=0.66672 baseline=0.00068 adaptive=0.00169 lastPeak=0.00000 guard=0.060 activeAge=-1.000 pitch=-1.00Hz pitchCents=0.0
2025-12-14 07:52:07 [tracker] [s1] aubio-raw t=12.6221 onset=1.038508 env=0.000798 peak=0.001962 gain=1.000
2025-12-14 07:52:07 [tracker] [s1] onset-accepted t=12.6221 env=0.000798 gate=0.000022 envDelta=0.000776 envFloor=0.000614 onset=1.038508 thresh=0.006000 onsetDelta=1.032508 baseline=0.000409 floor=0.000180 adapt=0.001023 lastPeak=0.000012 baseParam=0.000180 gateRatio=0.0550 envParam=0.000450 onsetScale=0.300 retriggerScale=1.400 guard=0.060 guardRemain=0.000 activeAge=-1.000 retrigRemain=0.000 pitchHz=319.97 pitchCents=2348.5
2025-12-14 07:52:07 [tracker] [s1] onset t=12.622 env=0.00080 gate=0.00002 envDelta=0.00078 envFloor=0.00061 onset=1.039 thresh=0.006 onsetDelta=1.03251 baseline=0.00041 adaptive=0.00102 lastPeak=0.00001 guard=0.060 activeAge=-1.000 pitch=319.97Hz pitchCents=2348.5
2025-12-14 07:52:07 [tracker] [s6] onset t=12.667 env=0.00167 gate=0.00020 envDelta=0.00146 envFloor=0.00122 onset=1.068 thresh=0.018 onsetDelta=1.04994 baseline=0.00081 adaptive=0.00203 lastPeak=0.00000 guard=0.060 activeAge=-1.000 pitch=-1.00Hz pitchCents=0.0
2025-12-14 07:52:07 [tracker] [s5] onset t=12.691 env=0.00157 gate=0.00015 envDelta=0.00142 envFloor=0.00105 onset=0.997 thresh=0.016 onsetDelta=0.98073 baseline=0.00070 adaptive=0.00174 lastPeak=0.00000 guard=0.060 activeAge=-1.000 pitch=-1.00Hz pitchCents=0.0
2025-12-14 07:52:07 [tracker] [s5] onset t=12.758 env=0.00123 gate=0.00015 envDelta=0.00108 envFloor=0.00105 onset=1.222 thresh=0.016 onsetDelta=1.20599 baseline=0.00070 adaptive=0.00175 lastPeak=0.00000 guard=0.060 activeAge=-1.000 pitch=-1.00Hz pitchCents=0.0
2025-12-14 07:52:08 [tracker] [s2] onset t=12.798 env=0.00238 gate=0.00001 envDelta=0.00238 envFloor=0.00112 onset=0.995 thresh=0.009 onsetDelta=0.98590 baseline=0.00075 adaptive=0.00187 lastPeak=0.00000 guard=0.060 activeAge=-1.000 pitch=-1.00Hz pitchCents=0.0
2025-12-14 07:52:08 [tracker] [s3] onset t=12.963 env=0.00155 gate=0.00008 envDelta=0.00147 envFloor=0.00095 onset=0.895 thresh=0.012 onsetDelta=0.88343 baseline=0.00064 adaptive=0.00159 lastPeak=0.00000 guard=0.060 activeAge=-1.000 pitch=-1.00Hz pitchCents=0.0
2025-12-14 07:52:08 [tracker] [s5] onset t=13.134 env=0.00151 gate=0.00014 envDelta=0.00136 envFloor=0.00101 onset=0.901 thresh=0.016 onsetDelta=0.88452 baseline=0.00067 adaptive=0.00168 lastPeak=0.00000 guard=0.060 activeAge=-1.000 pitch=-1.00Hz pitchCents=0.0
2025-12-14 07:52:08 [tracker] [s3] onset t=13.166 env=0.00104 gate=0.00008 envDelta=0.00096 envFloor=0.00094 onset=0.571 thresh=0.012 onsetDelta=0.55973 baseline=0.00062 adaptive=0.00156 lastPeak=0.00000 guard=0.060 activeAge=-1.000 pitch=-1.00Hz pitchCents=0.0
2025-12-14 07:52:08 [tracker] [s1] aubio-raw t=13.2007 onset=0.975137 env=0.000989 peak=0.002224 gain=1.000
2025-12-14 07:52:08 [tracker] [s1] onset-accepted t=13.2007 env=0.000989 gate=0.000025 envDelta=0.000964 envFloor=0.000695 onset=0.975137 thresh=0.006000 onsetDelta=0.969137 baseline=0.000463 floor=0.000180 adapt=0.001158 lastPeak=0.000004 baseParam=0.000180 gateRatio=0.0550 envParam=0.000450 onsetScale=0.300 retriggerScale=1.400 guard=0.060 guardRemain=0.000 activeAge=-1.000 retrigRemain=0.000 pitchHz=-1.00 pitchCents=0.0
2025-12-14 07:52:08 [tracker] [s1] onset t=13.201 env=0.00099 gate=0.00003 envDelta=0.00096 envFloor=0.00069 onset=0.975 thresh=0.006 onsetDelta=0.96914 baseline=0.00046 adaptive=0.00116 lastPeak=0.00000 guard=0.060 activeAge=-1.000 pitch=-1.00Hz pitchCents=0.0
2025-12-14 07:52:08 [tracker] [s5] onset t=13.241 env=0.00191 gate=0.00015 envDelta=0.00175 envFloor=0.00109 onset=0.883 thresh=0.016 onsetDelta=0.86706 baseline=0.00072 adaptive=0.00181 lastPeak=0.00000 guard=0.060 activeAge=-1.000 pitch=-1.00Hz pitchCents=0.0
2025-12-14 07:52:08 [tracker] [s2] onset t=13.313 env=0.00158 gate=0.00001 envDelta=0.00157 envFloor=0.00110 onset=0.996 thresh=0.009 onsetDelta=0.98748 baseline=0.00073 adaptive=0.00183 lastPeak=0.00000 guard=0.060 activeAge=-1.000 pitch=-1.00Hz pitchCents=0.0
2025-12-14 07:52:08 [tracker] [s6] onset t=13.313 env=0.00209 gate=0.00022 envDelta=0.00187 envFloor=0.00131 onset=0.999 thresh=0.018 onsetDelta=0.98091 baseline=0.00087 adaptive=0.00218 lastPeak=0.00000 guard=0.060 activeAge=-1.000 pitch=-1.00Hz pitchCents=0.0
2025-12-14 07:52:08 [tracker] [s5] onset t=13.355 env=0.00139 gate=0.00015 envDelta=0.00124 envFloor=0.00110 onset=1.236 thresh=0.016 onsetDelta=1.22012 baseline=0.00073 adaptive=0.00183 lastPeak=0.00000 guard=0.060 activeAge=-1.000 pitch=-1.00Hz pitchCents=0.0
2025-12-14 07:52:08 [tracker] [s3] onset t=13.358 env=0.00130 gate=0.00008 envDelta=0.00122 envFloor=0.00093 onset=0.994 thresh=0.012 onsetDelta=0.98245 baseline=0.00062 adaptive=0.00155 lastPeak=0.00000 guard=0.060 activeAge=-1.000 pitch=-1.00Hz pitchCents=0.0
2025-12-14 07:52:08 [tracker] [s1] aubio-raw t=13.3660 onset=1.205170 env=0.000933 peak=0.002777 gain=1.000
2025-12-14 07:52:08 [tracker] [s1] onset-accepted t=13.3660 env=0.000933 gate=0.000025 envDelta=0.000908 envFloor=0.000683 onset=1.205170 thresh=0.006000 onsetDelta=1.199170 baseline=0.000455 floor=0.000180 adapt=0.001138 lastPeak=0.000003 baseParam=0.000180 gateRatio=0.0550 envParam=0.000450 onsetScale=0.300 retriggerScale=1.400 guard=0.060 guardRemain=0.000 activeAge=-1.000 retrigRemain=0.000 pitchHz=-1.00 pitchCents=0.0
2025-12-14 07:52:08 [tracker] [s1] onset t=13.366 env=0.00093 gate=0.00003 envDelta=0.00091 envFloor=0.00068 onset=1.205 thresh=0.006 onsetDelta=1.19917 baseline=0.00046 adaptive=0.00114 lastPeak=0.00000 guard=0.060 activeAge=-1.000 pitch=-1.00Hz pitchCents=0.0
2025-12-14 07:52:08 [tracker] [s6] onset t=13.382 env=0.00195 gate=0.00021 envDelta=0.00175 envFloor=0.00124 onset=0.901 thresh=0.018 onsetDelta=0.88328 baseline=0.00082 adaptive=0.00206 lastPeak=0.00000 guard=0.060 activeAge=-1.000 pitch=-1.00Hz pitchCents=0.0
2025-12-14 07:52:08 [tracker] [s5] onset t=13.478 env=0.00168 gate=0.00014 envDelta=0.00154 envFloor=0.00100 onset=0.969 thresh=0.016 onsetDelta=0.95297 baseline=0.00066 adaptive=0.00166 lastPeak=0.00000 guard=0.060 activeAge=-1.000 pitch=-1.00Hz pitchCents=0.0
2025-12-14 07:52:08 [tracker] [s2] onset t=13.497 env=0.00214 gate=0.00001 envDelta=0.00213 envFloor=0.00108 onset=1.001 thresh=0.009 onsetDelta=0.99165 baseline=0.00072 adaptive=0.00180 lastPeak=0.00000 guard=0.060 activeAge=-1.000 pitch=195.13Hz pitchCents=992.3
2025-12-14 07:52:08 [tracker] [s3] onset t=13.667 env=0.00153 gate=0.00008 envDelta=0.00145 envFloor=0.00096 onset=1.212 thresh=0.012 onsetDelta=1.20046 baseline=0.00064 adaptive=0.00160 lastPeak=0.00000 guard=0.060 activeAge=-1.000 pitch=-1.00Hz pitchCents=0.0
2025-12-14 07:52:08 [tracker] [s5] onset t=13.686 env=0.00194 gate=0.00016 envDelta=0.00179 envFloor=0.00112 onset=1.315 thresh=0.016 onsetDelta=1.29931 baseline=0.00074 adaptive=0.00186 lastPeak=0.00000 guard=0.060 activeAge=-1.000 pitch=-1.00Hz pitchCents=0.0
2025-12-14 07:52:08 [tracker] [s6] onset t=13.734 env=0.00189 gate=0.00021 envDelta=0.00168 envFloor=0.00128 onset=0.996 thresh=0.018 onsetDelta=0.97850 baseline=0.00085 adaptive=0.00213 lastPeak=0.00000 guard=0.060 activeAge=-1.000 pitch=-1.00Hz pitchCents=0.0
2025-12-14 07:52:09 [tracker] [s4] onset t=13.833 env=0.00115 gate=0.00011 envDelta=0.00104 envFloor=0.00096 onset=0.576 thresh=0.014 onsetDelta=0.56235 baseline=0.00064 adaptive=0.00160 lastPeak=0.00000 guard=0.060 activeAge=-1.000 pitch=-1.00Hz pitchCents=0.0
2025-12-14 07:52:09 [tracker] [s2] onset t=13.870 env=0.00191 gate=0.00001 envDelta=0.00190 envFloor=0.00109 onset=1.002 thresh=0.009 onsetDelta=0.99278 baseline=0.00072 adaptive=0.00181 lastPeak=0.00000 guard=0.060 activeAge=-1.000 pitch=-1.00Hz pitchCents=0.0
2025-12-14 07:52:09 [tracker] [s1] aubio-raw t=13.8887 onset=0.999117 env=0.000961 peak=0.002434 gain=1.000
2025-12-14 07:52:09 [tracker] [s1] onset-accepted t=13.8887 env=0.000961 gate=0.000022 envDelta=0.000939 envFloor=0.000605 onset=0.999117 thresh=0.006000 onsetDelta=0.993117 baseline=0.000403 floor=0.000180 adapt=0.001009 lastPeak=0.000001 baseParam=0.000180 gateRatio=0.0550 envParam=0.000450 onsetScale=0.300 retriggerScale=1.400 guard=0.060 guardRemain=0.000 activeAge=-1.000 retrigRemain=0.000 pitchHz=-1.00 pitchCents=0.0
2025-12-14 07:52:09 [tracker] [s1] onset t=13.889 env=0.00096 gate=0.00002 envDelta=0.00094 envFloor=0.00061 onset=0.999 thresh=0.006 onsetDelta=0.99312 baseline=0.00040 adaptive=0.00101 lastPeak=0.00000 guard=0.060 activeAge=-1.000 pitch=-1.00Hz pitchCents=0.0
2025-12-14 07:52:09 [tracker] [s1] aubio-raw t=14.0380 onset=0.892236 env=0.001066 peak=0.002388 gain=1.000
2025-12-14 07:52:09 [tracker] [s1] onset-accepted t=14.0380 env=0.001066 gate=0.000026 envDelta=0.001041 envFloor=0.000698 onset=0.892236 thresh=0.006000 onsetDelta=0.886236 baseline=0.000465 floor=0.000180 adapt=0.001163 lastPeak=0.000001 baseParam=0.000180 gateRatio=0.0550 envParam=0.000450 onsetScale=0.300 retriggerScale=1.400 guard=0.060 guardRemain=0.000 activeAge=-1.000 retrigRemain=0.000 pitchHz=-1.00 pitchCents=0.0
2025-12-14 07:52:09 [tracker] [s1] onset t=14.038 env=0.00107 gate=0.00003 envDelta=0.00104 envFloor=0.00070 onset=0.892 thresh=0.006 onsetDelta=0.88624 baseline=0.00047 adaptive=0.00116 lastPeak=0.00000 guard=0.060 activeAge=-1.000 pitch=-1.00Hz pitchCents=0.0
2025-12-14 07:52:09 [tracker] [s3] onset t=14.051 env=0.00099 gate=0.00008 envDelta=0.00091 envFloor=0.00093 onset=0.588 thresh=0.012 onsetDelta=0.57638 baseline=0.00062 adaptive=0.00155 lastPeak=0.00000 guard=0.060 activeAge=-1.000 pitch=-1.00Hz pitchCents=0.0
2025-12-14 07:52:09 [tracker] [s4] onset t=14.131 env=0.00146 gate=0.00011 envDelta=0.00135 envFloor=0.00097 onset=1.099 thresh=0.014 onsetDelta=1.08469 baseline=0.00065 adaptive=0.00162 lastPeak=0.00000 guard=0.060 activeAge=-1.000 pitch=-1.00Hz pitchCents=0.0
2025-12-14 07:52:09 [tracker] [s3] onset t=14.139 env=0.00165 gate=0.00008 envDelta=0.00157 envFloor=0.00093 onset=0.734 thresh=0.012 onsetDelta=0.72242 baseline=0.00062 adaptive=0.00154 lastPeak=0.00000 guard=0.060 activeAge=-1.000 pitch=-1.00Hz pitchCents=0.0
2025-12-14 07:52:09 [tracker] [s6] onset t=14.145 env=0.00186 gate=0.00021 envDelta=0.00166 envFloor=0.00124 onset=1.022 thresh=0.018 onsetDelta=1.00395 baseline=0.00083 adaptive=0.00207 lastPeak=0.00000 guard=0.060 activeAge=-1.000 pitch=-1.00Hz pitchCents=0.0
2025-12-14 07:52:09 [tracker] [s1] aubio-raw t=14.1793 onset=0.998672 env=0.000902 peak=0.002861 gain=1.000
2025-12-14 07:52:09 [tracker] [s1] onset-accepted t=14.1793 env=0.000902 gate=0.000023 envDelta=0.000879 envFloor=0.000638 onset=0.998672 thresh=0.006000 onsetDelta=0.992672 baseline=0.000425 floor=0.000180 adapt=0.001064 lastPeak=0.000001 baseParam=0.000180 gateRatio=0.0550 envParam=0.000450 onsetScale=0.300 retriggerScale=1.400 guard=0.060 guardRemain=0.000 activeAge=-1.000 retrigRemain=0.000 pitchHz=-1.00 pitchCents=0.0
2025-12-14 07:52:09 [tracker] [s4] onset t=14.227 env=0.00119 gate=0.00011 envDelta=0.00108 envFloor=0.00095 onset=0.818 thresh=0.014 onsetDelta=0.80446 baseline=0.00063 adaptive=0.00158 lastPeak=0.00000 guard=0.060 activeAge=-1.000 pitch=-1.00Hz pitchCents=0.0
2025-12-14 07:52:09 [tracker] [s6] onset t=14.230 env=0.00193 gate=0.00019 envDelta=0.00174 envFloor=0.00115 onset=1.332 thresh=0.018 onsetDelta=1.31423 baseline=0.00077 adaptive=0.00192 lastPeak=0.00000 guard=0.060 activeAge=-1.000 pitch=-1.00Hz pitchCents=0.0
2025-12-14 07:52:09 [tracker] [s1] aubio-raw t=14.2353 onset=1.208235 env=0.000669 peak=0.001491 gain=1.000
2025-12-14 07:52:09 [tracker] [s1] onset-accepted t=14.2353 env=0.000669 gate=0.000022 envDelta=0.000647 envFloor=0.000594 onset=1.208235 thresh=0.006000 onsetDelta=1.202235 baseline=0.000396 floor=0.000180 adapt=0.000990 lastPeak=0.000001 baseParam=0.000180 gateRatio=0.0550 envParam=0.000450 onsetScale=0.300 retriggerScale=1.400 guard=0.060 guardRemain=0.000 activeAge=-1.000 retrigRemain=0.000 pitchHz=100.00 pitchCents=335.0
2025-12-14 07:52:09 [tracker] [s1] onset t=14.235 env=0.00067 gate=0.00002 envDelta=0.00065 envFloor=0.00059 onset=1.208 thresh=0.006 onsetDelta=1.20223 baseline=0.00040 adaptive=0.00099 lastPeak=0.00000 guard=0.060 activeAge=-1.000 pitch=100.00Hz pitchCents=335.0
2025-12-14 07:52:09 [tracker] [s3] onset t=14.337 env=0.00145 gate=0.00008 envDelta=0.00137 envFloor=0.00091 onset=1.056 thresh=0.012 onsetDelta=1.04471 baseline=0.00060 adaptive=0.00151 lastPeak=0.00000 guard=0.060 activeAge=-1.000 pitch=-1.00Hz pitchCents=0.0
2025-12-14 07:52:09 [tracker] [s1] aubio-raw t=14.4700 onset=0.963266 env=0.001441 peak=0.003219 gain=1.000
2025-12-14 07:52:09 [tracker] [s1] onset-accepted t=14.4700 env=0.001441 gate=0.000026 envDelta=0.001415 envFloor=0.000708 onset=0.963266 thresh=0.006000 onsetDelta=0.957266 baseline=0.000472 floor=0.000180 adapt=0.001180 lastPeak=0.000000 baseParam=0.000180 gateRatio=0.0550 envParam=0.000450 onsetScale=0.300 retriggerScale=1.400 guard=0.060 guardRemain=0.000 activeAge=-1.000 retrigRemain=0.000 pitchHz=-1.00 pitchCents=0.0
2025-12-14 07:52:09 [tracker] [s1] onset t=14.470 env=0.00144 gate=0.00003 envDelta=0.00142 envFloor=0.00071 onset=0.963 thresh=0.006 onsetDelta=0.95727 baseline=0.00047 adaptive=0.00118 lastPeak=0.00000 guard=0.060 activeAge=-1.000 pitch=-1.00Hz pitchCents=0.0
2025-12-14 07:52:09 [tracker] [s4] onset t=14.505 env=0.00159 gate=0.00011 envDelta=0.00148 envFloor=0.00097 onset=1.000 thresh=0.014 onsetDelta=0.98600 baseline=0.00065 adaptive=0.00162 lastPeak=0.00000 guard=0.060 activeAge=-1.000 pitch=-1.00Hz pitchCents=0.0
2025-12-14 07:52:09 [tracker] [s3] onset t=14.526 env=0.00149 gate=0.00008 envDelta=0.00141 envFloor=0.00096 onset=1.460 thresh=0.012 onsetDelta=1.44801 baseline=0.00064 adaptive=0.00159 lastPeak=0.00000 guard=0.060 activeAge=-1.000 pitch=-1.00Hz pitchCents=0.0
2025-12-14 07:52:09 [tracker] [s5] onset t=14.595 env=0.00206 gate=0.00015 envDelta=0.00191 envFloor=0.00107 onset=0.999 thresh=0.016 onsetDelta=0.98315 baseline=0.00072 adaptive=0.00179 lastPeak=0.00000 guard=0.060 activeAge=-1.000 pitch=-1.00Hz pitchCents=0.0
2025-12-14 07:52:09 [tracker] [s1] aubio-raw t=14.6113 onset=1.138785 env=0.001320 peak=0.002447 gain=1.000
2025-12-14 07:52:09 [tracker] [s1] onset-accepted t=14.6113 env=0.001320 gate=0.000025 envDelta=0.001295 envFloor=0.000694 onset=1.138785 thresh=0.006000 onsetDelta=1.132785 baseline=0.000463 floor=0.000180 adapt=0.001157 lastPeak=0.000000 baseParam=0.000180 gateRatio=0.0550 envParam=0.000450 onsetScale=0.300 retriggerScale=1.400 guard=0.060 guardRemain=0.000 activeAge=-1.000 retrigRemain=0.000 pitchHz=-1.00 pitchCents=0.0
2025-12-14 07:52:09 [tracker] [s1] onset t=14.611 env=0.00132 gate=0.00003 envDelta=0.00129 envFloor=0.00069 onset=1.139 thresh=0.006 onsetDelta=1.13279 baseline=0.00046 adaptive=0.00116 lastPeak=0.00000 guard=0.060 activeAge=-1.000 pitch=-1.00Hz pitchCents=0.0
2025-12-14 07:52:09 [tracker] [s5] onset t=14.705 env=0.00191 gate=0.00015 envDelta=0.00175 envFloor=0.00110 onset=1.130 thresh=0.016 onsetDelta=1.11373 baseline=0.00073 adaptive=0.00183 lastPeak=0.00000 guard=0.060 activeAge=-1.000 pitch=-1.00Hz pitchCents=0.0
2025-12-14 07:52:09 [tracker] [s6] onset t=14.721 env=0.00170 gate=0.00021 envDelta=0.00149 envFloor=0.00126 onset=0.929 thresh=0.018 onsetDelta=0.91085 baseline=0.00084 adaptive=0.00211 lastPeak=0.00000 guard=0.060 activeAge=-1.000 pitch=-1.00Hz pitchCents=0.0
2025-12-14 07:52:09 [tracker] [s1] aubio-raw t=14.7393 onset=0.998482 env=0.001381 peak=0.002903 gain=1.000
2025-12-14 07:52:09 [tracker] [s1] onset-accepted t=14.7393 env=0.001381 gate=0.000026 envDelta=0.001355 envFloor=0.000701 onset=0.998482 thresh=0.006000 onsetDelta=0.992482 baseline=0.000467 floor=0.000180 adapt=0.001168 lastPeak=0.000000 baseParam=0.000180 gateRatio=0.0550 envParam=0.000450 onsetScale=0.300 retriggerScale=1.400 guard=0.060 guardRemain=0.000 activeAge=-1.000 retrigRemain=0.000 pitchHz=421.07 pitchCents=2823.9
2025-12-14 07:52:09 [tracker] [s1] onset t=14.739 env=0.00138 gate=0.00003 envDelta=0.00136 envFloor=0.00070 onset=0.998 thresh=0.006 onsetDelta=0.99248 baseline=0.00047 adaptive=0.00117 lastPeak=0.00000 guard=0.060 activeAge=-1.000 pitch=421.07Hz pitchCents=2823.9
2025-12-14 07:52:10 [tracker] [s5] onset t=14.790 env=0.00168 gate=0.00015 envDelta=0.00152 envFloor=0.00110 onset=1.067 thresh=0.016 onsetDelta=1.05070 baseline=0.00073 adaptive=0.00184 lastPeak=0.00000 guard=0.060 activeAge=-1.000 pitch=-1.00Hz pitchCents=0.0
2025-12-14 07:52:10 [tracker] [s5] onset t=14.857 env=0.00151 gate=0.00015 envDelta=0.00136 envFloor=0.00108 onset=0.999 thresh=0.016 onsetDelta=0.98258 baseline=0.00072 adaptive=0.00179 lastPeak=0.00000 guard=0.060 activeAge=-1.000 pitch=-1.00Hz pitchCents=0.0
2025-12-14 07:52:10 [tracker] [s1] aubio-raw t=14.9259 onset=0.670956 env=0.000580 peak=0.001974 gain=1.000
2025-12-14 07:52:10 [tracker] [s1] onset-below-env-floor t=14.9259 env=0.000580 gate=0.000022 envDelta=0.000557 envFloor=0.000613 onset=0.670956 thresh=0.006000 onsetDelta=0.664956 baseline=0.000409 floor=0.000180 adapt=0.001021 lastPeak=0.000000 baseParam=0.000180 gateRatio=0.0550 envParam=0.000450 onsetScale=0.300 retriggerScale=1.400 guard=0.060 guardRemain=0.000 activeAge=-1.000 retrigRemain=0.000 pitchHz=-1.00 pitchCents=0.0
2025-12-14 07:52:10 [tracker] [s3] onset t=14.963 env=0.00112 gate=0.00008 envDelta=0.00104 envFloor=0.00093 onset=1.088 thresh=0.012 onsetDelta=1.07628 baseline=0.00062 adaptive=0.00156 lastPeak=0.00000 guard=0.060 activeAge=-1.000 pitch=-1.00Hz pitchCents=0.0
2025-12-14 07:52:10 [tracker] [s1] aubio-raw t=15.0619 onset=0.953576 env=0.001004 peak=0.002486 gain=1.000
2025-12-14 07:52:10 [tracker] [s1] onset-accepted t=15.0619 env=0.001004 gate=0.000024 envDelta=0.000980 envFloor=0.000661 onset=0.953576 thresh=0.006000 onsetDelta=0.947576 baseline=0.000440 floor=0.000180 adapt=0.001101 lastPeak=0.000000 baseParam=0.000180 gateRatio=0.0550 envParam=0.000450 onsetScale=0.300 retriggerScale=1.400 guard=0.060 guardRemain=0.000 activeAge=-1.000 retrigRemain=0.000 pitchHz=-1.00 pitchCents=0.0
2025-12-14 07:52:10 [tracker] [s1] onset t=15.062 env=0.00100 gate=0.00002 envDelta=0.00098 envFloor=0.00066 onset=0.954 thresh=0.006 onsetDelta=0.94758 baseline=0.00044 adaptive=0.00110 lastPeak=0.00000 guard=0.060 activeAge=-1.000 pitch=-1.00Hz pitchCents=0.0
2025-12-14 07:52:10 [tracker] [s5] onset t=15.139 env=0.00172 gate=0.00016 envDelta=0.00156 envFloor=0.00113 onset=0.997 thresh=0.016 onsetDelta=0.98066 baseline=0.00076 adaptive=0.00189 lastPeak=0.00000 guard=0.060 activeAge=-1.000 pitch=-1.00Hz pitchCents=0.0
2025-12-14 07:52:10 [tracker] [s6] onset t=15.219 env=0.00197 gate=0.00022 envDelta=0.00175 envFloor=0.00130 onset=1.218 thresh=0.018 onsetDelta=1.19966 baseline=0.00087 adaptive=0.00217 lastPeak=0.00000 guard=0.060 activeAge=-1.000 pitch=-1.00Hz pitchCents=0.0
2025-12-14 07:52:10 [tracker] [s5] onset t=15.265 env=0.00158 gate=0.00015 envDelta=0.00142 envFloor=0.00110 onset=0.757 thresh=0.016 onsetDelta=0.74132 baseline=0.00074 adaptive=0.00184 lastPeak=0.00000 guard=0.060 activeAge=-1.000 pitch=-1.00Hz pitchCents=0.0
2025-12-14 07:52:10 [tracker] [s3] onset t=15.297 env=0.00141 gate=0.00008 envDelta=0.00133 envFloor=0.00094 onset=0.996 thresh=0.012 onsetDelta=0.98405 baseline=0.00063 adaptive=0.00156 lastPeak=0.00000 guard=0.060 activeAge=-1.000 pitch=-1.00Hz pitchCents=0.0
2025-12-14 07:52:10 [tracker] [s6] onset t=15.353 env=0.00164 gate=0.00019 envDelta=0.00144 envFloor=0.00116 onset=0.970 thresh=0.018 onsetDelta=0.95191 baseline=0.00077 adaptive=0.00194 lastPeak=0.00000 guard=0.060 activeAge=-1.000 pitch=-1.00Hz pitchCents=0.0
2025-12-14 07:52:10 [tracker] [s4] onset t=15.377 env=0.00191 gate=0.00011 envDelta=0.00180 envFloor=0.00097 onset=0.963 thresh=0.014 onsetDelta=0.94888 baseline=0.00065 adaptive=0.00162 lastPeak=0.00000 guard=0.060 activeAge=-1.000 pitch=-1.00Hz pitchCents=0.0
2025-12-14 07:52:10 [tracker] [s3] onset t=15.489 env=0.00149 gate=0.00008 envDelta=0.00141 envFloor=0.00088 onset=0.981 thresh=0.012 onsetDelta=0.96920 baseline=0.00059 adaptive=0.00147 lastPeak=0.00000 guard=0.060 activeAge=-1.000 pitch=-1.00Hz pitchCents=0.0
2025-12-14 07:52:10 [tracker] [s6] onset t=15.715 env=0.00158 gate=0.00020 envDelta=0.00138 envFloor=0.00121 onset=0.961 thresh=0.018 onsetDelta=0.94326 baseline=0.00080 adaptive=0.00201 lastPeak=0.00000 guard=0.060 activeAge=-1.000 pitch=-1.00Hz pitchCents=0.0
2025-12-14 07:52:11 [tracker] [s4] onset t=15.822 env=0.00126 gate=0.00011 envDelta=0.00116 envFloor=0.00094 onset=1.107 thresh=0.014 onsetDelta=1.09308 baseline=0.00063 adaptive=0.00157 lastPeak=0.00000 guard=0.060 activeAge=-1.000 pitch=-1.00Hz pitchCents=0.0
2025-12-14 07:52:11 [tracker] [s2] onset t=15.859 env=0.00147 gate=0.00001 envDelta=0.00146 envFloor=0.00100 onset=1.443 thresh=0.009 onsetDelta=1.43381 baseline=0.00067 adaptive=0.00167 lastPeak=0.00000 guard=0.060 activeAge=-1.000 pitch=-1.00Hz pitchCents=0.0
2025-12-14 07:52:11 [tracker] [s5] onset t=15.865 env=0.00167 gate=0.00015 envDelta=0.00152 envFloor=0.00106 onset=1.214 thresh=0.016 onsetDelta=1.19783 baseline=0.00071 adaptive=0.00177 lastPeak=0.00000 guard=0.060 activeAge=-1.000 pitch=-1.00Hz pitchCents=0.0
2025-12-14 07:52:11 [tracker] [s5] onset t=15.950 env=0.00189 gate=0.00016 envDelta=0.00173 envFloor=0.00114 onset=0.915 thresh=0.016 onsetDelta=0.89948 baseline=0.00076 adaptive=0.00190 lastPeak=0.00000 guard=0.060 activeAge=-1.000 pitch=-1.00Hz pitchCents=0.0
2025-12-14 07:52:11 [tracker] [s1] aubio-raw t=15.9952 onset=0.997764 env=0.000814 peak=0.002135 gain=1.000
2025-12-14 07:52:11 [tracker] [s1] onset-accepted t=15.9952 env=0.000814 gate=0.000024 envDelta=0.000791 envFloor=0.000647 onset=0.997764 thresh=0.006000 onsetDelta=0.991764 baseline=0.000431 floor=0.000180 adapt=0.001078 lastPeak=0.000000 baseParam=0.000180 gateRatio=0.0550 envParam=0.000450 onsetScale=0.300 retriggerScale=1.400 guard=0.060 guardRemain=0.000 activeAge=-1.000 retrigRemain=0.000 pitchHz=-1.00 pitchCents=0.0
2025-12-14 07:52:11 [tracker] [s1] onset t=15.995 env=0.00081 gate=0.00002 envDelta=0.00079 envFloor=0.00065 onset=0.998 thresh=0.006 onsetDelta=0.99176 baseline=0.00043 adaptive=0.00108 lastPeak=0.00000 guard=0.060 activeAge=-1.000 pitch=-1.00Hz pitchCents=0.0
2025-12-14 07:52:11 [tracker] [s2] onset t=16.009 env=0.00156 gate=0.00001 envDelta=0.00155 envFloor=0.00109 onset=1.035 thresh=0.009 onsetDelta=1.02560 baseline=0.00072 adaptive=0.00181 lastPeak=0.00000 guard=0.060 activeAge=-1.000 pitch=-1.00Hz pitchCents=0.0
2025-12-14 07:52:11 [tracker] [s4] onset t=16.070 env=0.00139 gate=0.00012 envDelta=0.00128 envFloor=0.00102 onset=1.088 thresh=0.014 onsetDelta=1.07417 baseline=0.00068 adaptive=0.00170 lastPeak=0.00000 guard=0.060 activeAge=-1.000 pitch=-1.00Hz pitchCents=0.0
2025-12-14 07:52:11 [tracker] [s6] onset t=16.086 env=0.00192 gate=0.00020 envDelta=0.00172 envFloor=0.00119 onset=1.115 thresh=0.018 onsetDelta=1.09725 baseline=0.00079 adaptive=0.00198 lastPeak=0.00000 guard=0.060 activeAge=-1.000 pitch=-1.00Hz pitchCents=0.0
2025-12-14 07:52:11 [tracker] [s6] onset t=16.208 env=0.00193 gate=0.00020 envDelta=0.00173 envFloor=0.00121 onset=0.752 thresh=0.018 onsetDelta=0.73379 baseline=0.00080 adaptive=0.00201 lastPeak=0.00000 guard=0.060 activeAge=-1.000 pitch=-1.00Hz pitchCents=0.0
2025-12-14 07:52:11 [tracker] [s1] aubio-raw t=16.2672 onset=1.055071 env=0.000847 peak=0.001951 gain=1.000
2025-12-14 07:52:11 [tracker] [s1] onset-accepted t=16.2672 env=0.000847 gate=0.000022 envDelta=0.000825 envFloor=0.000612 onset=1.055071 thresh=0.006000 onsetDelta=1.049071 baseline=0.000408 floor=0.000180 adapt=0.001021 lastPeak=0.000000 baseParam=0.000180 gateRatio=0.0550 envParam=0.000450 onsetScale=0.300 retriggerScale=1.400 guard=0.060 guardRemain=0.000 activeAge=-1.000 retrigRemain=0.000 pitchHz=-1.00 pitchCents=0.0
2025-12-14 07:52:11 [tracker] [s1] onset t=16.267 env=0.00085 gate=0.00002 envDelta=0.00082 envFloor=0.00061 onset=1.055 thresh=0.006 onsetDelta=1.04907 baseline=0.00041 adaptive=0.00102 lastPeak=0.00000 guard=0.060 activeAge=-1.000 pitch=-1.00Hz pitchCents=0.0
2025-12-14 07:52:11 [tracker] [s4] onset t=16.302 env=0.00156 gate=0.00012 envDelta=0.00145 envFloor=0.00104 onset=1.209 thresh=0.014 onsetDelta=1.19540 baseline=0.00069 adaptive=0.00173 lastPeak=0.00000 guard=0.060 activeAge=-1.000 pitch=-1.00Hz pitchCents=0.0
2025-12-14 07:52:11 [tracker] [s2] onset t=16.371 env=0.00186 gate=0.00001 envDelta=0.00185 envFloor=0.00106 onset=0.511 thresh=0.009 onsetDelta=0.50221 baseline=0.00070 adaptive=0.00176 lastPeak=0.00000 guard=0.060 activeAge=-1.000 pitch=-1.00Hz pitchCents=0.0
2025-12-14 07:52:11 [tracker] [s5] onset t=16.395 env=0.00166 gate=0.00015 envDelta=0.00151 envFloor=0.00110 onset=0.908 thresh=0.016 onsetDelta=0.89227 baseline=0.00073 adaptive=0.00184 lastPeak=0.00000 guard=0.060 activeAge=-1.000 pitch=-1.00Hz pitchCents=0.0
2025-12-14 07:52:11 [tracker] [s1] aubio-raw t=16.4165 onset=1.093911 env=0.000810 peak=0.002070 gain=1.000
2025-12-14 07:52:11 [tracker] [s1] onset-accepted t=16.4165 env=0.000810 gate=0.000025 envDelta=0.000785 envFloor=0.000692 onset=1.093911 thresh=0.006000 onsetDelta=1.087911 baseline=0.000461 floor=0.000180 adapt=0.001153 lastPeak=0.000000 baseParam=0.000180 gateRatio=0.0550 envParam=0.000450 onsetScale=0.300 retriggerScale=1.400 guard=0.060 guardRemain=0.000 activeAge=-1.000 retrigRemain=0.000 pitchHz=-1.00 pitchCents=0.0
2025-12-14 07:52:11 [tracker] [s1] onset t=16.416 env=0.00081 gate=0.00003 envDelta=0.00078 envFloor=0.00069 onset=1.094 thresh=0.006 onsetDelta=1.08791 baseline=0.00046 adaptive=0.00115 lastPeak=0.00000 guard=0.060 activeAge=-1.000 pitch=-1.00Hz pitchCents=0.0
2025-12-14 07:52:11 [tracker] [s5] onset t=16.520 env=0.00153 gate=0.00015 envDelta=0.00138 envFloor=0.00105 onset=1.087 thresh=0.016 onsetDelta=1.07050 baseline=0.00070 adaptive=0.00175 lastPeak=0.00000 guard=0.060 activeAge=-1.000 pitch=-1.00Hz pitchCents=0.0
2025-12-14 07:52:11 [tracker] [s2] onset t=16.539 env=0.00108 gate=0.00001 envDelta=0.00107 envFloor=0.00100 onset=1.330 thresh=0.009 onsetDelta=1.32054 baseline=0.00067 adaptive=0.00167 lastPeak=0.00000 guard=0.060 activeAge=-1.000 pitch=235.34Hz pitchCents=1316.7
2025-12-14 07:52:11 [tracker] [s1] aubio-raw t=16.7045 onset=1.002161 env=0.001314 peak=0.002771 gain=1.000
2025-12-14 07:52:11 [tracker] [s1] onset-accepted t=16.7045 env=0.001314 gate=0.000025 envDelta=0.001289 envFloor=0.000676 onset=1.002161 thresh=0.006000 onsetDelta=0.996161 baseline=0.000450 floor=0.000180 adapt=0.001126 lastPeak=0.000000 baseParam=0.000180 gateRatio=0.0550 envParam=0.000450 onsetScale=0.300 retriggerScale=1.400 guard=0.060 guardRemain=0.000 activeAge=-1.000 retrigRemain=0.000 pitchHz=-1.00 pitchCents=0.0
2025-12-14 07:52:11 [tracker] [s3] onset t=16.712 env=0.00144 gate=0.00008 envDelta=0.00136 envFloor=0.00091 onset=1.147 thresh=0.012 onsetDelta=1.13575 baseline=0.00061 adaptive=0.00152 lastPeak=0.00000 guard=0.060 activeAge=-1.000 pitch=-1.00Hz pitchCents=0.0
2025-12-14 07:52:11 [tracker] [s2] onset t=16.768 env=0.00162 gate=0.00001 envDelta=0.00161 envFloor=0.00100 onset=0.998 thresh=0.009 onsetDelta=0.98891 baseline=0.00067 adaptive=0.00166 lastPeak=0.00000 guard=0.060 activeAge=-1.000 pitch=615.44Hz pitchCents=2980.9
2025-12-14 07:52:11 [tracker] [s6] onset t=16.774 env=0.00175 gate=0.00021 envDelta=0.00155 envFloor=0.00124 onset=0.997 thresh=0.018 onsetDelta=0.97926 baseline=0.00083 adaptive=0.00207 lastPeak=0.00000 guard=0.060 activeAge=-1.000 pitch=-1.00Hz pitchCents=0.0
2025-12-14 07:52:12 [tracker] [s1] aubio-raw t=16.8378 onset=1.028902 env=0.001561 peak=0.003000 gain=1.000
2025-12-14 07:52:12 [tracker] [s1] onset-accepted t=16.8378 env=0.001561 gate=0.000025 envDelta=0.001536 envFloor=0.000686 onset=1.028902 thresh=0.006000 onsetDelta=1.022902 baseline=0.000457 floor=0.000180 adapt=0.001143 lastPeak=0.000000 baseParam=0.000180 gateRatio=0.0550 envParam=0.000450 onsetScale=0.300 retriggerScale=1.400 guard=0.060 guardRemain=0.000 activeAge=-1.000 retrigRemain=0.000 pitchHz=-1.00 pitchCents=0.0
2025-12-14 07:52:12 [tracker] [s1] onset t=16.838 env=0.00156 gate=0.00003 envDelta=0.00154 envFloor=0.00069 onset=1.029 thresh=0.006 onsetDelta=1.02290 baseline=0.00046 adaptive=0.00114 lastPeak=0.00000 guard=0.060 activeAge=-1.000 pitch=-1.00Hz pitchCents=0.0
2025-12-14 07:52:12 [tracker] [s3] onset t=16.838 env=0.00112 gate=0.00008 envDelta=0.00104 envFloor=0.00092 onset=1.057 thresh=0.012 onsetDelta=1.04536 baseline=0.00061 adaptive=0.00153 lastPeak=0.00000 guard=0.060 activeAge=-1.000 pitch=-1.00Hz pitchCents=0.0
2025-12-14 07:52:12 [tracker] [s5] onset t=16.907 env=0.00167 gate=0.00014 envDelta=0.00153 envFloor=0.00100 onset=0.783 thresh=0.016 onsetDelta=0.76692 baseline=0.00067 adaptive=0.00167 lastPeak=0.00000 guard=0.060 activeAge=-1.000 pitch=-1.00Hz pitchCents=0.0
2025-12-14 07:52:12 [tracker] [s2] onset t=16.910 env=0.00132 gate=0.00001 envDelta=0.00131 envFloor=0.00103 onset=0.635 thresh=0.009 onsetDelta=0.62594 baseline=0.00069 adaptive=0.00171 lastPeak=0.00000 guard=0.060 activeAge=-1.000 pitch=-1.00Hz pitchCents=0.0
2025-12-14 07:52:12 [tracker] [s5] onset t=16.974 env=0.00202 gate=0.00015 envDelta=0.00187 envFloor=0.00106 onset=0.888 thresh=0.016 onsetDelta=0.87201 baseline=0.00071 adaptive=0.00177 lastPeak=0.00000 guard=0.060 activeAge=-1.000 pitch=-1.00Hz pitchCents=0.0
2025-12-14 07:52:12 [tracker] [s3] onset t=16.990 env=0.00106 gate=0.00008 envDelta=0.00098 envFloor=0.00092 onset=1.152 thresh=0.012 onsetDelta=1.14079 baseline=0.00061 adaptive=0.00153 lastPeak=0.00000 guard=0.060 activeAge=-1.000 pitch=-1.00Hz pitchCents=0.0
2025-12-14 07:52:12 [tracker] [s2] onset t=16.995 env=0.00135 gate=0.00001 envDelta=0.00134 envFloor=0.00100 onset=0.932 thresh=0.009 onsetDelta=0.92311 baseline=0.00067 adaptive=0.00167 lastPeak=0.00000 guard=0.060 activeAge=-1.000 pitch=-1.00Hz pitchCents=0.0
2025-12-14 07:52:12 [tracker] [s4] onset t=17.083 env=0.00131 gate=0.00012 envDelta=0.00119 envFloor=0.00104 onset=1.044 thresh=0.014 onsetDelta=1.02992 baseline=0.00069 adaptive=0.00173 lastPeak=0.00000 guard=0.060 activeAge=-1.000 pitch=-1.00Hz pitchCents=0.0
2025-12-14 07:52:12 [tracker] [s5] onset t=17.094 env=0.00157 gate=0.00016 envDelta=0.00142 envFloor=0.00111 onset=0.973 thresh=0.016 onsetDelta=0.95718 baseline=0.00074 adaptive=0.00186 lastPeak=0.00000 guard=0.060 activeAge=-1.000 pitch=-1.00Hz pitchCents=0.0
2025-12-14 07:52:12 [tracker] [s5] onset t=17.235 env=0.00180 gate=0.00015 envDelta=0.00165 envFloor=0.00108 onset=1.002 thresh=0.016 onsetDelta=0.98638 baseline=0.00072 adaptive=0.00180 lastPeak=0.00000 guard=0.060 activeAge=-1.000 pitch=-1.00Hz pitchCents=0.0
2025-12-14 07:52:12 [tracker] [s5] onset t=17.320 env=0.00205 gate=0.00015 envDelta=0.00190 envFloor=0.00107 onset=0.999 thresh=0.016 onsetDelta=0.98326 baseline=0.00071 adaptive=0.00178 lastPeak=0.00000 guard=0.060 activeAge=-1.000 pitch=-1.00Hz pitchCents=0.0
2025-12-14 07:52:12 [tracker] [s1] aubio-raw t=17.3577 onset=1.191900 env=0.000811 peak=0.002082 gain=1.000
2025-12-14 07:52:12 [tracker] [s1] onset-accepted t=17.3577 env=0.000811 gate=0.000024 envDelta=0.000787 envFloor=0.000647 onset=1.191900 thresh=0.006000 onsetDelta=1.185900 baseline=0.000431 floor=0.000180 adapt=0.001078 lastPeak=0.000000 baseParam=0.000180 gateRatio=0.0550 envParam=0.000450 onsetScale=0.300 retriggerScale=1.400 guard=0.060 guardRemain=0.000 activeAge=-1.000 retrigRemain=0.000 pitchHz=-1.00 pitchCents=0.0
2025-12-14 07:52:12 [tracker] [s2] onset t=17.392 env=0.00118 gate=0.00001 envDelta=0.00117 envFloor=0.00097 onset=0.997 thresh=0.009 onsetDelta=0.98803 baseline=0.00064 adaptive=0.00161 lastPeak=0.00000 guard=0.060 activeAge=-1.000 pitch=-1.00Hz pitchCents=0.0
2025-12-14 07:52:12 [tracker] [s2] onset t=17.475 env=0.00099 gate=0.00001 envDelta=0.00098 envFloor=0.00098 onset=1.012 thresh=0.009 onsetDelta=1.00294 baseline=0.00065 adaptive=0.00163 lastPeak=0.00000 guard=0.060 activeAge=-1.000 pitch=-1.00Hz pitchCents=0.0
2025-12-14 07:52:12 [tracker] [s4] onset t=17.494 env=0.00154 gate=0.00011 envDelta=0.00143 envFloor=0.00101 onset=1.010 thresh=0.014 onsetDelta=0.99576 baseline=0.00067 adaptive=0.00168 lastPeak=0.00000 guard=0.060 activeAge=-1.000 pitch=-1.00Hz pitchCents=0.0
2025-12-14 07:52:12 [tracker] [s5] onset t=17.608 env=0.00125 gate=0.00015 envDelta=0.00110 envFloor=0.00107 onset=0.853 thresh=0.016 onsetDelta=0.83695 baseline=0.00072 adaptive=0.00179 lastPeak=0.00000 guard=0.060 activeAge=-1.000 pitch=-1.00Hz pitchCents=0.0
2025-12-14 07:52:12 [tracker] [s4] onset t=17.627 env=0.00159 gate=0.00011 envDelta=0.00148 envFloor=0.00096 onset=0.935 thresh=0.014 onsetDelta=0.92150 baseline=0.00064 adaptive=0.00161 lastPeak=0.00000 guard=0.060 activeAge=-1.000 pitch=-1.00Hz pitchCents=0.0
2025-12-14 07:52:12 [tracker] [s6] onset t=17.662 env=0.00187 gate=0.00020 envDelta=0.00167 envFloor=0.00120 onset=0.994 thresh=0.018 onsetDelta=0.97559 baseline=0.00080 adaptive=0.00199 lastPeak=0.00000 guard=0.060 activeAge=-1.000 pitch=-1.00Hz pitchCents=0.0
2025-12-14 07:52:12 [tracker] [s3] onset t=17.720 env=0.00119 gate=0.00008 envDelta=0.00111 envFloor=0.00091 onset=0.996 thresh=0.012 onsetDelta=0.98481 baseline=0.00061 adaptive=0.00152 lastPeak=0.00000 guard=0.060 activeAge=-1.000 pitch=-1.00Hz pitchCents=0.0
2025-12-14 07:52:12 [tracker] [s2] onset t=17.768 env=0.00123 gate=0.00001 envDelta=0.00122 envFloor=0.00100 onset=0.994 thresh=0.009 onsetDelta=0.98454 baseline=0.00066 adaptive=0.00166 lastPeak=0.00000 guard=0.060 activeAge=-1.000 pitch=-1.00Hz pitchCents=0.0
2025-12-14 07:52:13 [tracker] [s4] onset t=17.827 env=0.00187 gate=0.00011 envDelta=0.00176 envFloor=0.00101 onset=0.968 thresh=0.014 onsetDelta=0.95433 baseline=0.00068 adaptive=0.00169 lastPeak=0.00000 guard=0.060 activeAge=-1.000 pitch=-1.00Hz pitchCents=0.0
2025-12-14 07:52:13 [tracker] [s4] onset t=17.966 env=0.00144 gate=0.00011 envDelta=0.00132 envFloor=0.00098 onset=0.995 thresh=0.014 onsetDelta=0.98104 baseline=0.00066 adaptive=0.00164 lastPeak=0.00000 guard=0.060 activeAge=-1.000 pitch=-1.00Hz pitchCents=0.0
2025-12-14 07:52:13 [tracker] [s2] onset t=18.006 env=0.00121 gate=0.00001 envDelta=0.00120 envFloor=0.00097 onset=1.001 thresh=0.009 onsetDelta=0.99210 baseline=0.00065 adaptive=0.00161 lastPeak=0.00000 guard=0.060 activeAge=-1.000 pitch=210.50Hz pitchCents=1123.6
2025-12-14 07:52:13 [tracker] [s1] aubio-raw t=18.0617 onset=0.715928 env=0.000772 peak=0.001837 gain=1.000
2025-12-14 07:52:13 [tracker] [s1] onset-accepted t=18.0617 env=0.000772 gate=0.000022 envDelta=0.000750 envFloor=0.000596 onset=0.715928 thresh=0.006000 onsetDelta=0.709928 baseline=0.000397 floor=0.000180 adapt=0.000993 lastPeak=0.000000 baseParam=0.000180 gateRatio=0.0550 envParam=0.000450 onsetScale=0.300 retriggerScale=1.400 guard=0.060 guardRemain=0.000 activeAge=-1.000 retrigRemain=0.000 pitchHz=-1.00 pitchCents=0.0
2025-12-14 07:52:13 [tracker] [s1] onset t=18.062 env=0.00077 gate=0.00002 envDelta=0.00075 envFloor=0.00060 onset=0.716 thresh=0.006 onsetDelta=0.70993 baseline=0.00040 adaptive=0.00099 lastPeak=0.00000 guard=0.060 activeAge=-1.000 pitch=-1.00Hz pitchCents=0.0
2025-12-14 07:52:13 [tracker] [s4] onset t=18.142 env=0.00170 gate=0.00011 envDelta=0.00159 envFloor=0.00097 onset=0.929 thresh=0.014 onsetDelta=0.91517 baseline=0.00065 adaptive=0.00161 lastPeak=0.00000 guard=0.060 activeAge=-1.000 pitch=-1.00Hz pitchCents=0.0
2025-12-14 07:52:13 [tracker] [s6] onset t=18.160 env=0.00221 gate=0.00021 envDelta=0.00200 envFloor=0.00124 onset=0.880 thresh=0.018 onsetDelta=0.86247 baseline=0.00083 adaptive=0.00207 lastPeak=0.00000 guard=0.060 activeAge=-1.000 pitch=-1.00Hz pitchCents=0.0
2025-12-14 07:52:13 [tracker] [s1] aubio-raw t=18.1817 onset=1.048701 env=0.001108 peak=0.003094 gain=1.000
2025-12-14 07:52:13 [tracker] [s1] onset t=18.182 env=0.00111 gate=0.00002 envDelta=0.00108 envFloor=0.00062 onset=1.049 thresh=0.006 onsetDelta=1.04270 baseline=0.00042 adaptive=0.00104 lastPeak=0.00000 guard=0.060 activeAge=-1.000 pitch=-1.00Hz pitchCents=0.0
2025-12-14 07:52:13 [tracker] [s1] aubio-raw t=18.3230 onset=1.320903 env=0.000843 peak=0.002140 gain=1.000
2025-12-14 07:52:13 [tracker] [s1] onset-accepted t=18.3230 env=0.000843 gate=0.000025 envDelta=0.000818 envFloor=0.000674 onset=1.320903 thresh=0.006000 onsetDelta=1.314903 baseline=0.000449 floor=0.000180 adapt=0.001123 lastPeak=0.000000 baseParam=0.000180 gateRatio=0.0550 envParam=0.000450 onsetScale=0.300 retriggerScale=1.400 guard=0.060 guardRemain=0.000 activeAge=-1.000 retrigRemain=0.000 pitchHz=-1.00 pitchCents=0.0
2025-12-14 07:52:13 [tracker] [s1] onset t=18.323 env=0.00084 gate=0.00002 envDelta=0.00082 envFloor=0.00067 onset=1.321 thresh=0.006 onsetDelta=1.31490 baseline=0.00045 adaptive=0.00112 lastPeak=0.00000 guard=0.060 activeAge=-1.000 pitch=-1.00Hz pitchCents=0.0
2025-12-14 07:52:13 [tracker] [s6] onset t=18.387 env=0.00188 gate=0.00020 envDelta=0.00168 envFloor=0.00119 onset=0.994 thresh=0.018 onsetDelta=0.97592 baseline=0.00080 adaptive=0.00199 lastPeak=0.00000 guard=0.060 activeAge=-1.000 pitch=-1.00Hz pitchCents=0.0
2025-12-14 07:52:13 [tracker] [s1] aubio-raw t=18.3897 onset=0.996982 env=0.000747 peak=0.001926 gain=1.000
2025-12-14 07:52:13 [tracker] [s1] onset-accepted t=18.3897 env=0.000747 gate=0.000021 envDelta=0.000726 envFloor=0.000576 onset=0.996982 thresh=0.006000 onsetDelta=0.990982 baseline=0.000384 floor=0.000180 adapt=0.000960 lastPeak=0.000000 baseParam=0.000180 gateRatio=0.0550 envParam=0.000450 onsetScale=0.300 retriggerScale=1.400 guard=0.060 guardRemain=0.000 activeAge=-1.000 retrigRemain=0.000 pitchHz=470.61 pitchCents=3016.4
2025-12-14 07:52:13 [tracker] [s1] onset t=18.390 env=0.00075 gate=0.00002 envDelta=0.00073 envFloor=0.00058 onset=0.997 thresh=0.006 onsetDelta=0.99098 baseline=0.00038 adaptive=0.00096 lastPeak=0.00000 guard=0.060 activeAge=-1.000 pitch=470.61Hz pitchCents=3016.4
2025-12-14 07:52:13 [tracker] [s2] onset t=18.464 env=0.00177 gate=0.00001 envDelta=0.00177 envFloor=0.00101 onset=1.056 thresh=0.009 onsetDelta=1.04704 baseline=0.00067 adaptive=0.00168 lastPeak=0.00000 guard=0.060 activeAge=-1.000 pitch=421.08Hz pitchCents=2323.9
2025-12-14 07:52:13 [tracker] [s5] onset t=18.470 env=0.00211 gate=0.00015 envDelta=0.00197 envFloor=0.00105 onset=0.910 thresh=0.016 onsetDelta=0.89364 baseline=0.00070 adaptive=0.00176 lastPeak=0.00000 guard=0.060 activeAge=-1.000 pitch=-1.00Hz pitchCents=0.0
2025-12-14 07:52:13 [tracker] [s1] aubio-raw t=18.5577 onset=0.994809 env=0.000800 peak=0.002289 gain=1.000
2025-12-14 07:52:13 [tracker] [s1] onset-accepted t=18.5577 env=0.000800 gate=0.000023 envDelta=0.000777 envFloor=0.000622 onset=0.994809 thresh=0.006000 onsetDelta=0.988809 baseline=0.000415 floor=0.000180 adapt=0.001037 lastPeak=0.000000 baseParam=0.000180 gateRatio=0.0550 envParam=0.000450 onsetScale=0.300 retriggerScale=1.400 guard=0.060 guardRemain=0.000 activeAge=-1.000 retrigRemain=0.000 pitchHz=97.56 pitchCents=292.2
2025-12-14 07:52:13 [tracker] [s1] onset t=18.558 env=0.00080 gate=0.00002 envDelta=0.00078 envFloor=0.00062 onset=0.995 thresh=0.006 onsetDelta=0.98881 baseline=0.00041 adaptive=0.00104 lastPeak=0.00000 guard=0.060 activeAge=-1.000 pitch=97.56Hz pitchCents=292.2
2025-12-14 07:52:13 [tracker] [s2] onset t=18.563 env=0.00198 gate=0.00001 envDelta=0.00197 envFloor=0.00108 onset=1.225 thresh=0.009 onsetDelta=1.21645 baseline=0.00072 adaptive=0.00180 lastPeak=0.00000 guard=0.060 activeAge=-1.000 pitch=-1.00Hz pitchCents=0.0
2025-12-14 07:52:13 [tracker] [s6] onset t=18.563 env=0.00230 gate=0.00021 envDelta=0.00208 envFloor=0.00129 onset=1.124 thresh=0.018 onsetDelta=1.10634 baseline=0.00086 adaptive=0.00215 lastPeak=0.00000 guard=0.060 activeAge=-1.000 pitch=-1.00Hz pitchCents=0.0
2025-12-14 07:52:13 [tracker] [s5] onset t=18.603 env=0.00237 gate=0.00016 envDelta=0.00221 envFloor=0.00115 onset=0.862 thresh=0.016 onsetDelta=0.84619 baseline=0.00077 adaptive=0.00192 lastPeak=0.00000 guard=0.060 activeAge=-1.000 pitch=-1.00Hz pitchCents=0.0
2025-12-14 07:52:13 [tracker] [s1] aubio-raw t=18.6083 onset=0.963542 env=0.000565 peak=0.001558 gain=1.000
2025-12-14 07:52:13 [tracker] [s1] onset-below-env-floor t=18.6083 env=0.000565 gate=0.000023 envDelta=0.000542 envFloor=0.000635 onset=0.963542 thresh=0.006000 onsetDelta=0.957542 baseline=0.000424 floor=0.000180 adapt=0.001059 lastPeak=0.000000 baseParam=0.000180 gateRatio=0.0550 envParam=0.000450 onsetScale=0.300 retriggerScale=1.400 guard=0.060 guardRemain=0.000 activeAge=-1.000 retrigRemain=0.000 pitchHz=-1.00 pitchCents=0.0
2025-12-14 07:52:13 [tracker] [s4] onset t=18.619 env=0.00177 gate=0.00012 envDelta=0.00165 envFloor=0.00103 onset=1.045 thresh=0.014 onsetDelta=1.03127 baseline=0.00068 adaptive=0.00171 lastPeak=0.00000 guard=0.060 activeAge=-1.000 pitch=-1.00Hz pitchCents=0.0
2025-12-14 07:52:13 [tracker] [s4] onset t=18.720 env=0.00171 gate=0.00012 envDelta=0.00159 envFloor=0.00105 onset=0.671 thresh=0.014 onsetDelta=0.65714 baseline=0.00070 adaptive=0.00175 lastPeak=0.00000 guard=0.060 activeAge=-1.000 pitch=-1.00Hz pitchCents=0.0
2025-12-14 07:52:13 [tracker] [s3] onset t=18.728 env=0.00134 gate=0.00009 envDelta=0.00126 envFloor=0.00100 onset=0.994 thresh=0.012 onsetDelta=0.98290 baseline=0.00067 adaptive=0.00167 lastPeak=0.00000 guard=0.060 activeAge=-1.000 pitch=-1.00Hz pitchCents=0.0
2025-12-14 07:52:13 [tracker] [s5] onset t=18.774 env=0.00160 gate=0.00016 envDelta=0.00144 envFloor=0.00111 onset=1.352 thresh=0.016 onsetDelta=1.33642 baseline=0.00074 adaptive=0.00185 lastPeak=0.00000 guard=0.060 activeAge=-1.000 pitch=-1.00Hz pitchCents=0.0
2025-12-14 07:52:14 [tracker] [s1] aubio-raw t=18.8110 onset=1.061265 env=0.001134 peak=0.002560 gain=1.000
2025-12-14 07:52:14 [tracker] [s1] onset-accepted t=18.8110 env=0.001134 gate=0.000023 envDelta=0.001111 envFloor=0.000628 onset=1.061265 thresh=0.006000 onsetDelta=1.055265 baseline=0.000419 floor=0.000180 adapt=0.001047 lastPeak=0.000000 baseParam=0.000180 gateRatio=0.0550 envParam=0.000450 onsetScale=0.300 retriggerScale=1.400 guard=0.060 guardRemain=0.000 activeAge=-1.000 retrigRemain=0.000 pitchHz=-1.00 pitchCents=0.0
2025-12-14 07:52:14 [tracker] [s1] onset t=18.811 env=0.00113 gate=0.00002 envDelta=0.00111 envFloor=0.00063 onset=1.061 thresh=0.006 onsetDelta=1.05527 baseline=0.00042 adaptive=0.00105 lastPeak=0.00000 guard=0.060 activeAge=-1.000 pitch=-1.00Hz pitchCents=0.0
2025-12-14 07:52:14 [tracker] [s5] onset t=18.923 env=0.00190 gate=0.00015 envDelta=0.00175 envFloor=0.00109 onset=0.958 thresh=0.016 onsetDelta=0.94150 baseline=0.00072 adaptive=0.00181 lastPeak=0.00000 guard=0.060 activeAge=-1.000 pitch=-1.00Hz pitchCents=0.0
2025-12-14 07:52:14 [tracker] [s3] onset t=18.976 env=0.00127 gate=0.00008 envDelta=0.00119 envFloor=0.00094 onset=0.935 thresh=0.012 onsetDelta=0.92327 baseline=0.00062 adaptive=0.00156 lastPeak=0.00000 guard=0.060 activeAge=-1.000 pitch=-1.00Hz pitchCents=0.0
2025-12-14 07:52:14 [tracker] [s1] aubio-raw t=18.9923 onset=1.019989 env=0.000819 peak=0.002077 gain=1.000
2025-12-14 07:52:14 [tracker] [s1] onset t=18.992 env=0.00082 gate=0.00002 envDelta=0.00080 envFloor=0.00062 onset=1.020 thresh=0.006 onsetDelta=1.01399 baseline=0.00041 adaptive=0.00103 lastPeak=0.00000 guard=0.060 activeAge=-1.000 pitch=-1.00Hz pitchCents=0.0
2025-12-14 07:52:14 [tracker] [s4] onset t=19.152 env=0.00135 gate=0.00011 envDelta=0.00125 envFloor=0.00094 onset=0.999 thresh=0.014 onsetDelta=0.98500 baseline=0.00063 adaptive=0.00157 lastPeak=0.00000 guard=0.060 activeAge=-1.000 pitch=-1.00Hz pitchCents=0.0
2025-12-14 07:52:14 [tracker] [s3] onset t=19.182 env=0.00138 gate=0.00008 envDelta=0.00129 envFloor=0.00096 onset=0.878 thresh=0.012 onsetDelta=0.86626 baseline=0.00064 adaptive=0.00160 lastPeak=0.00000 guard=0.060 activeAge=-1.000 pitch=-1.00Hz pitchCents=0.0
2025-12-14 07:52:14 [tracker] [s4] onset t=19.206 env=0.00124 gate=0.00011 envDelta=0.00114 envFloor=0.00094 onset=0.834 thresh=0.014 onsetDelta=0.82030 baseline=0.00062 adaptive=0.00156 lastPeak=0.00000 guard=0.060 activeAge=-1.000 pitch=-1.00Hz pitchCents=0.0
2025-12-14 07:52:14 [tracker] [s2] onset t=19.227 env=0.00189 gate=0.00001 envDelta=0.00188 envFloor=0.00105 onset=0.997 thresh=0.009 onsetDelta=0.98765 baseline=0.00070 adaptive=0.00174 lastPeak=0.00000 guard=0.060 activeAge=-1.000 pitch=615.27Hz pitchCents=2980.4
2025-12-14 07:52:14 [tracker] [s2] note-start t=19.227 fret=21 midi=66 vel=0.02 env=0.00189
2025-12-14 07:52:14 [tracker] [s3] onset t=19.243 env=0.00141 gate=0.00008 envDelta=0.00134 envFloor=0.00092 onset=1.058 thresh=0.012 onsetDelta=1.04650 baseline=0.00061 adaptive=0.00153 lastPeak=0.00000 guard=0.060 activeAge=-1.000 pitch=-1.00Hz pitchCents=0.0
2025-12-14 07:52:14 [tracker] [s5] onset t=19.360 env=0.00186 gate=0.00015 envDelta=0.00170 envFloor=0.00111 onset=0.966 thresh=0.016 onsetDelta=0.94978 baseline=0.00074 adaptive=0.00184 lastPeak=0.00000 guard=0.060 activeAge=-1.000 pitch=-1.00Hz pitchCents=0.0
2025-12-14 07:52:14 [tracker] [s5] onset t=19.558 env=0.00137 gate=0.00014 envDelta=0.00123 envFloor=0.00102 onset=0.941 thresh=0.016 onsetDelta=0.92492 baseline=0.00068 adaptive=0.00171 lastPeak=0.00000 guard=0.060 activeAge=-1.000 pitch=-1.00Hz pitchCents=0.0
2025-12-14 07:52:14 [tracker] [s1] aubio-raw t=19.5763 onset=0.896383 env=0.000815 peak=0.002076 gain=1.000
2025-12-14 07:52:14 [tracker] [s1] onset-accepted t=19.5763 env=0.000815 gate=0.000025 envDelta=0.000790 envFloor=0.000675 onset=0.896383 thresh=0.006000 onsetDelta=0.890383 baseline=0.000450 floor=0.000180 adapt=0.001124 lastPeak=0.000000 baseParam=0.000180 gateRatio=0.0550 envParam=0.000450 onsetScale=0.300 retriggerScale=1.400 guard=0.060 guardRemain=0.000 activeAge=-1.000 retrigRemain=0.000 pitchHz=347.78 pitchCents=2492.8
2025-12-14 07:52:14 [tracker] [s1] onset t=19.576 env=0.00082 gate=0.00002 envDelta=0.00079 envFloor=0.00067 onset=0.896 thresh=0.006 onsetDelta=0.89038 baseline=0.00045 adaptive=0.00112 lastPeak=0.00000 guard=0.060 activeAge=-1.000 pitch=347.78Hz pitchCents=2492.8
2025-12-14 07:52:14 [tracker] [s6] onset t=19.614 env=0.00199 gate=0.00020 envDelta=0.00179 envFloor=0.00118 onset=1.090 thresh=0.018 onsetDelta=1.07190 baseline=0.00079 adaptive=0.00197 lastPeak=0.00000 guard=0.060 activeAge=-1.000 pitch=-1.00Hz pitchCents=0.0
2025-12-14 07:52:14 [tracker] [s2] onset t=19.662 env=0.00201 gate=0.00001 envDelta=0.00200 envFloor=0.00095 onset=0.996 thresh=0.009 onsetDelta=0.98732 baseline=0.00075 adaptive=0.00159 lastPeak=0.00083 guard=0.060 activeAge=0.435 pitch=571.42Hz pitchCents=2852.5
2025-12-14 07:52:14 [tracker] [s2] note-ended (new onset) t=19.662 fret=21 dur=0.435
2025-12-14 07:52:14 [tracker] [s1] aubio-raw t=19.7229 onset=1.149821 env=0.000778 peak=0.001556 gain=1.000
2025-12-14 07:52:14 [tracker] [s1] onset-accepted t=19.7229 env=0.000778 gate=0.000023 envDelta=0.000755 envFloor=0.000614 onset=1.149821 thresh=0.006000 onsetDelta=1.143821 baseline=0.000409 floor=0.000180 adapt=0.001023 lastPeak=0.000000 baseParam=0.000180 gateRatio=0.0550 envParam=0.000450 onsetScale=0.300 retriggerScale=1.400 guard=0.060 guardRemain=0.000 activeAge=-1.000 retrigRemain=0.000 pitchHz=-1.00 pitchCents=0.0
2025-12-14 07:52:14 [tracker] [s1] onset t=19.723 env=0.00078 gate=0.00002 envDelta=0.00076 envFloor=0.00061 onset=1.150 thresh=0.006 onsetDelta=1.14382 baseline=0.00041 adaptive=0.00102 lastPeak=0.00000 guard=0.060 activeAge=-1.000 pitch=-1.00Hz pitchCents=0.0
2025-12-14 07:52:14 [tracker] [s3] onset t=19.739 env=0.00128 gate=0.00008 envDelta=0.00120 envFloor=0.00095 onset=1.254 thresh=0.012 onsetDelta=1.24201 baseline=0.00064 adaptive=0.00159 lastPeak=0.00000 guard=0.060 activeAge=-1.000 pitch=-1.00Hz pitchCents=0.0
2025-12-14 07:52:14 [tracker] [s5] onset t=19.776 env=0.00146 gate=0.00015 envDelta=0.00131 envFloor=0.00109 onset=0.793 thresh=0.016 onsetDelta=0.77745 baseline=0.00073 adaptive=0.00182 lastPeak=0.00000 guard=0.060 activeAge=-1.000 pitch=-1.00Hz pitchCents=0.0
2025-12-14 07:52:15 [tracker] [s6] onset t=19.816 env=0.00199 gate=0.00021 envDelta=0.00178 envFloor=0.00126 onset=1.229 thresh=0.018 onsetDelta=1.21141 baseline=0.00084 adaptive=0.00210 lastPeak=0.00000 guard=0.060 activeAge=-1.000 pitch=-1.00Hz pitchCents=0.0
2025-12-14 07:52:15 [tracker] [s3] onset t=19.819 env=0.00155 gate=0.00008 envDelta=0.00147 envFloor=0.00092 onset=0.761 thresh=0.012 onsetDelta=0.74947 baseline=0.00061 adaptive=0.00153 lastPeak=0.00000 guard=0.060 activeAge=-1.000 pitch=-1.00Hz pitchCents=0.0
2025-12-14 07:52:15 [tracker] [s2] onset t=19.862 env=0.00113 gate=0.00001 envDelta=0.00112 envFloor=0.00109 onset=1.048 thresh=0.009 onsetDelta=1.03906 baseline=0.00072 adaptive=0.00181 lastPeak=0.00057 guard=0.060 activeAge=-1.000 pitch=94.12Hz pitchCents=-270.0
2025-12-14 07:52:15 [tracker] [s3] onset t=19.880 env=0.00108 gate=0.00008 envDelta=0.00100 envFloor=0.00094 onset=1.102 thresh=0.012 onsetDelta=1.09017 baseline=0.00063 adaptive=0.00157 lastPeak=0.00000 guard=0.060 activeAge=-1.000 pitch=-1.00Hz pitchCents=0.0
2025-12-14 07:52:15 [tracker] [s6] onset t=19.904 env=0.00166 gate=0.00019 envDelta=0.00147 envFloor=0.00116 onset=0.943 thresh=0.018 onsetDelta=0.92487 baseline=0.00077 adaptive=0.00194 lastPeak=0.00000 guard=0.060 activeAge=-1.000 pitch=-1.00Hz pitchCents=0.0
2025-12-14 07:52:15 [tracker] [s5] onset t=19.926 env=0.00141 gate=0.00015 envDelta=0.00127 envFloor=0.00104 onset=1.060 thresh=0.016 onsetDelta=1.04359 baseline=0.00069 adaptive=0.00174 lastPeak=0.00000 guard=0.060 activeAge=-1.000 pitch=-1.00Hz pitchCents=0.0
2025-12-14 07:52:15 [tracker] [s4] onset t=19.952 env=0.00135 gate=0.00011 envDelta=0.00124 envFloor=0.00093 onset=0.994 thresh=0.014 onsetDelta=0.97951 baseline=0.00062 adaptive=0.00156 lastPeak=0.00000 guard=0.060 activeAge=-1.000 pitch=-1.00Hz pitchCents=0.0
2025-12-14 07:52:15 [tracker] [s1] aubio-raw t=20.0562 onset=0.996662 env=0.001090 peak=0.002260 gain=1.000
2025-12-14 07:52:15 [tracker] [s1] onset-accepted t=20.0562 env=0.001090 gate=0.000023 envDelta=0.001067 envFloor=0.000631 onset=0.996662 thresh=0.006000 onsetDelta=0.990662 baseline=0.000421 floor=0.000180 adapt=0.001052 lastPeak=0.000000 baseParam=0.000180 gateRatio=0.0550 envParam=0.000450 onsetScale=0.300 retriggerScale=1.400 guard=0.060 guardRemain=0.000 activeAge=-1.000 retrigRemain=0.000 pitchHz=-1.00 pitchCents=0.0
2025-12-14 07:52:15 [tracker] [s1] onset t=20.056 env=0.00109 gate=0.00002 envDelta=0.00107 envFloor=0.00063 onset=0.997 thresh=0.006 onsetDelta=0.99066 baseline=0.00042 adaptive=0.00105 lastPeak=0.00000 guard=0.060 activeAge=-1.000 pitch=-1.00Hz pitchCents=0.0
2025-12-14 07:52:15 [tracker] [s5] onset t=20.064 env=0.00158 gate=0.00015 envDelta=0.00144 envFloor=0.00106 onset=0.972 thresh=0.016 onsetDelta=0.95602 baseline=0.00071 adaptive=0.00177 lastPeak=0.00000 guard=0.060 activeAge=-1.000 pitch=-1.00Hz pitchCents=0.0
2025-12-14 07:52:15 [tracker] [s2] onset t=20.072 env=0.00162 gate=0.00001 envDelta=0.00161 envFloor=0.00095 onset=1.148 thresh=0.009 onsetDelta=1.13873 baseline=0.00063 adaptive=0.00158 lastPeak=0.00039 guard=0.060 activeAge=-1.000 pitch=-1.00Hz pitchCents=0.0
2025-12-14 07:52:15 [tracker] [s3] onset t=20.091 env=0.00111 gate=0.00008 envDelta=0.00103 envFloor=0.00095 onset=0.667 thresh=0.012 onsetDelta=0.65526 baseline=0.00063 adaptive=0.00158 lastPeak=0.00000 guard=0.060 activeAge=-1.000 pitch=-1.00Hz pitchCents=0.0
2025-12-14 07:52:15 [tracker] [s4] onset t=20.110 env=0.00171 gate=0.00012 envDelta=0.00159 envFloor=0.00103 onset=1.265 thresh=0.014 onsetDelta=1.25062 baseline=0.00069 adaptive=0.00172 lastPeak=0.00000 guard=0.060 activeAge=-1.000 pitch=-1.00Hz pitchCents=0.0
2025-12-14 07:52:15 [tracker] [s1] aubio-raw t=20.2215 onset=0.899091 env=0.000984 peak=0.002219 gain=1.000
2025-12-14 07:52:15 [tracker] [s1] onset-accepted t=20.2215 env=0.000984 gate=0.000023 envDelta=0.000961 envFloor=0.000630 onset=0.899091 thresh=0.006000 onsetDelta=0.893091 baseline=0.000420 floor=0.000180 adapt=0.001049 lastPeak=0.000000 baseParam=0.000180 gateRatio=0.0550 envParam=0.000450 onsetScale=0.300 retriggerScale=1.400 guard=0.060 guardRemain=0.000 activeAge=-1.000 retrigRemain=0.000 pitchHz=-1.00 pitchCents=0.0
2025-12-14 07:52:15 [tracker] [s1] onset t=20.222 env=0.00098 gate=0.00002 envDelta=0.00096 envFloor=0.00063 onset=0.899 thresh=0.006 onsetDelta=0.89309 baseline=0.00042 adaptive=0.00105 lastPeak=0.00000 guard=0.060 activeAge=-1.000 pitch=-1.00Hz pitchCents=0.0
2025-12-14 07:52:15 [tracker] [s4] onset t=20.230 env=0.00134 gate=0.00011 envDelta=0.00123 envFloor=0.00101 onset=1.253 thresh=0.014 onsetDelta=1.23938 baseline=0.00067 adaptive=0.00168 lastPeak=0.00000 guard=0.060 activeAge=-1.000 pitch=-1.00Hz pitchCents=0.0
2025-12-14 07:52:15 [tracker] [s6] onset t=20.283 env=0.00173 gate=0.00019 envDelta=0.00154 envFloor=0.00117 onset=0.998 thresh=0.018 onsetDelta=0.98045 baseline=0.00078 adaptive=0.00195 lastPeak=0.00000 guard=0.060 activeAge=-1.000 pitch=-1.00Hz pitchCents=0.0
2025-12-14 07:52:15 [tracker] [s5] onset t=20.299 env=0.00176 gate=0.00015 envDelta=0.00161 envFloor=0.00104 onset=1.130 thresh=0.016 onsetDelta=1.11372 baseline=0.00069 adaptive=0.00173 lastPeak=0.00000 guard=0.060 activeAge=-1.000 pitch=-1.00Hz pitchCents=0.0
2025-12-14 07:52:15 [tracker] [s4] onset t=20.328 env=0.00151 gate=0.00011 envDelta=0.00140 envFloor=0.00093 onset=0.967 thresh=0.014 onsetDelta=0.95310 baseline=0.00062 adaptive=0.00155 lastPeak=0.00000 guard=0.060 activeAge=-1.000 pitch=-1.00Hz pitchCents=0.0
2025-12-14 07:52:15 [tracker] [s1] aubio-raw t=20.3522 onset=0.919246 env=0.000755 peak=0.002124 gain=1.000
2025-12-14 07:52:15 [tracker] [s1] onset-accepted t=20.3522 env=0.000755 gate=0.000024 envDelta=0.000732 envFloor=0.000647 onset=0.919246 thresh=0.006000 onsetDelta=0.913247 baseline=0.000431 floor=0.000180 adapt=0.001078 lastPeak=0.000000 baseParam=0.000180 gateRatio=0.0550 envParam=0.000450 onsetScale=0.300 retriggerScale=1.400 guard=0.060 guardRemain=0.000 activeAge=-1.000 retrigRemain=0.000 pitchHz=94.11 pitchCents=230.0
2025-12-14 07:52:15 [tracker] [s1] onset t=20.352 env=0.00076 gate=0.00002 envDelta=0.00073 envFloor=0.00065 onset=0.919 thresh=0.006 onsetDelta=0.91325 baseline=0.00043 adaptive=0.00108 lastPeak=0.00000 guard=0.060 activeAge=-1.000 pitch=94.11Hz pitchCents=230.0
2025-12-14 07:52:15 [tracker] [s3] onset t=20.366 env=0.00117 gate=0.00008 envDelta=0.00110 envFloor=0.00087 onset=0.972 thresh=0.012 onsetDelta=0.96035 baseline=0.00058 adaptive=0.00145 lastPeak=0.00000 guard=0.060 activeAge=-1.000 pitch=-1.00Hz pitchCents=0.0
2025-12-14 07:52:15 [tracker] [s6] onset t=20.472 env=0.00196 gate=0.00021 envDelta=0.00175 envFloor=0.00128 onset=0.893 thresh=0.018 onsetDelta=0.87462 baseline=0.00085 adaptive=0.00213 lastPeak=0.00000 guard=0.060 activeAge=-1.000 pitch=-1.00Hz pitchCents=0.0
2025-12-14 07:52:15 [tracker] [s1] aubio-raw t=20.5069 onset=0.634864 env=0.001153 peak=0.002738 gain=1.000
2025-12-14 07:52:15 [tracker] [s1] onset-accepted t=20.5069 env=0.001153 gate=0.000023 envDelta=0.001130 envFloor=0.000619 onset=0.634864 thresh=0.006000 onsetDelta=0.628864 baseline=0.000413 floor=0.000180 adapt=0.001031 lastPeak=0.000000 baseParam=0.000180 gateRatio=0.0550 envParam=0.000450 onsetScale=0.300 retriggerScale=1.400 guard=0.060 guardRemain=0.000 activeAge=-1.000 retrigRemain=0.000 pitchHz=-1.00 pitchCents=0.0
2025-12-14 07:52:15 [tracker] [s1] onset t=20.507 env=0.00115 gate=0.00002 envDelta=0.00113 envFloor=0.00062 onset=0.635 thresh=0.006 onsetDelta=0.62886 baseline=0.00041 adaptive=0.00103 lastPeak=0.00000 guard=0.060 activeAge=-1.000 pitch=-1.00Hz pitchCents=0.0
2025-12-14 07:52:15 [tracker] [s2] onset t=20.550 env=0.00120 gate=0.00001 envDelta=0.00119 envFloor=0.00105 onset=1.393 thresh=0.009 onsetDelta=1.38372 baseline=0.00070 adaptive=0.00176 lastPeak=0.00016 guard=0.060 activeAge=-1.000 pitch=-1.00Hz pitchCents=0.0
2025-12-14 07:52:15 [tracker] [s5] onset t=20.579 env=0.00176 gate=0.00016 envDelta=0.00160 envFloor=0.00118 onset=1.185 thresh=0.016 onsetDelta=1.16894 baseline=0.00078 adaptive=0.00196 lastPeak=0.00000 guard=0.060 activeAge=-1.000 pitch=-1.00Hz pitchCents=0.0
2025-12-14 07:52:15 [tracker] [s1] aubio-raw t=20.6135 onset=1.401993 env=0.000625 peak=0.001519 gain=1.000
2025-12-14 07:52:15 [tracker] [s1] onset-accepted t=20.6135 env=0.000625 gate=0.000023 envDelta=0.000602 envFloor=0.000621 onset=1.401993 thresh=0.006000 onsetDelta=1.395993 baseline=0.000414 floor=0.000180 adapt=0.001035 lastPeak=0.000000 baseParam=0.000180 gateRatio=0.0550 envParam=0.000450 onsetScale=0.300 retriggerScale=1.400 guard=0.060 guardRemain=0.000 activeAge=-1.000 retrigRemain=0.000 pitchHz=-1.00 pitchCents=0.0
2025-12-14 07:52:15 [tracker] [s1] onset t=20.614 env=0.00062 gate=0.00002 envDelta=0.00060 envFloor=0.00062 onset=1.402 thresh=0.006 onsetDelta=1.39599 baseline=0.00041 adaptive=0.00104 lastPeak=0.00000 guard=0.060 activeAge=-1.000 pitch=-1.00Hz pitchCents=0.0
2025-12-14 07:52:15 [tracker] [s1] aubio-raw t=20.6828 onset=1.040499 env=0.000881 peak=0.002678 gain=1.000
2025-12-14 07:52:15 [tracker] [s1] onset-accepted t=20.6828 env=0.000881 gate=0.000024 envDelta=0.000857 envFloor=0.000655 onset=1.040499 thresh=0.006000 onsetDelta=1.034499 baseline=0.000437 floor=0.000180 adapt=0.001092 lastPeak=0.000000 baseParam=0.000180 gateRatio=0.0550 envParam=0.000450 onsetScale=0.300 retriggerScale=1.400 guard=0.060 guardRemain=0.000 activeAge=-1.000 retrigRemain=0.000 pitchHz=-1.00 pitchCents=0.0
2025-12-14 07:52:15 [tracker] [s1] onset t=20.683 env=0.00088 gate=0.00002 envDelta=0.00086 envFloor=0.00066 onset=1.040 thresh=0.006 onsetDelta=1.03450 baseline=0.00044 adaptive=0.00109 lastPeak=0.00000 guard=0.060 activeAge=-1.000 pitch=-1.00Hz pitchCents=0.0
2025-12-14 07:52:15 [tracker] [s4] onset t=20.750 env=0.00120 gate=0.00011 envDelta=0.00109 envFloor=0.00095 onset=0.766 thresh=0.014 onsetDelta=0.75183 baseline=0.00063 adaptive=0.00158 lastPeak=0.00000 guard=0.060 activeAge=-1.000 pitch=-1.00Hz pitchCents=0.0
2025-12-14 07:52:16 [tracker] [s1] aubio-raw t=20.8028 onset=1.000949 env=0.001117 peak=0.002193 gain=1.000
2025-12-14 07:52:16 [tracker] [s1] onset-accepted t=20.8028 env=0.001117 gate=0.000024 envDelta=0.001094 envFloor=0.000644 onset=1.000949 thresh=0.006000 onsetDelta=0.994949 baseline=0.000429 floor=0.000180 adapt=0.001073 lastPeak=0.000000 baseParam=0.000180 gateRatio=0.0550 envParam=0.000450 onsetScale=0.300 retriggerScale=1.400 guard=0.060 guardRemain=0.000 activeAge=-1.000 retrigRemain=0.000 pitchHz=-1.00 pitchCents=0.0
2025-12-14 07:52:16 [tracker] [s1] onset t=20.803 env=0.00112 gate=0.00002 envDelta=0.00109 envFloor=0.00064 onset=1.001 thresh=0.006 onsetDelta=0.99495 baseline=0.00043 adaptive=0.00107 lastPeak=0.00000 guard=0.060 activeAge=-1.000 pitch=-1.00Hz pitchCents=0.0
2025-12-14 07:52:16 [tracker] [s3] onset t=20.808 env=0.00117 gate=0.00008 envDelta=0.00109 envFloor=0.00092 onset=0.795 thresh=0.012 onsetDelta=0.78344 baseline=0.00061 adaptive=0.00153 lastPeak=0.00000 guard=0.060 activeAge=-1.000 pitch=-1.00Hz pitchCents=0.0
2025-12-14 07:52:16 [tracker] [s1] aubio-raw t=20.8562 onset=0.998476 env=0.000964 peak=0.002589 gain=1.000
2025-12-14 07:52:16 [tracker] [s1] onset-accepted t=20.8562 env=0.000964 gate=0.000024 envDelta=0.000941 envFloor=0.000642 onset=0.998476 thresh=0.006000 onsetDelta=0.992476 baseline=0.000428 floor=0.000180 adapt=0.001070 lastPeak=0.000000 baseParam=0.000180 gateRatio=0.0550 envParam=0.000450 onsetScale=0.300 retriggerScale=1.400 guard=0.060 guardRemain=0.000 activeAge=-1.000 retrigRemain=0.000 pitchHz=533.32 pitchCents=3233.0
2025-12-14 07:52:16 [tracker] [s1] onset t=20.856 env=0.00096 gate=0.00002 envDelta=0.00094 envFloor=0.00064 onset=0.998 thresh=0.006 onsetDelta=0.99248 baseline=0.00043 adaptive=0.00107 lastPeak=0.00000 guard=0.060 activeAge=-1.000 pitch=533.32Hz pitchCents=3233.0
2025-12-14 07:52:16 [tracker] [s5] onset t=20.859 env=0.00173 gate=0.00015 envDelta=0.00159 envFloor=0.00107 onset=0.953 thresh=0.016 onsetDelta=0.93733 baseline=0.00071 adaptive=0.00178 lastPeak=0.00000 guard=0.060 activeAge=-1.000 pitch=-1.00Hz pitchCents=0.0
2025-12-14 07:52:16 [tracker] [s6] onset t=20.877 env=0.00213 gate=0.00021 envDelta=0.00192 envFloor=0.00128 onset=0.993 thresh=0.018 onsetDelta=0.97532 baseline=0.00085 adaptive=0.00213 lastPeak=0.00000 guard=0.060 activeAge=-1.000 pitch=-1.00Hz pitchCents=0.0
2025-12-14 07:52:16 [tracker] [s3] onset t=20.941 env=0.00137 gate=0.00008 envDelta=0.00129 envFloor=0.00089 onset=1.074 thresh=0.012 onsetDelta=1.06226 baseline=0.00060 adaptive=0.00149 lastPeak=0.00000 guard=0.060 activeAge=-1.000 pitch=-1.00Hz pitchCents=0.0
2025-12-14 07:52:16 [tracker] [s5] onset t=20.995 env=0.00156 gate=0.00015 envDelta=0.00141 envFloor=0.00108 onset=1.140 thresh=0.016 onsetDelta=1.12409 baseline=0.00072 adaptive=0.00179 lastPeak=0.00000 guard=0.060 activeAge=-1.000 pitch=-1.00Hz pitchCents=0.0
2025-12-14 07:52:16 [tracker] [s5] onset t=21.200 env=0.00183 gate=0.00016 envDelta=0.00167 envFloor=0.00113 onset=0.934 thresh=0.016 onsetDelta=0.91809 baseline=0.00075 adaptive=0.00188 lastPeak=0.00000 guard=0.060 activeAge=-1.000 pitch=-1.00Hz pitchCents=0.0
2025-12-14 07:52:16 [tracker] [s4] onset t=21.280 env=0.00178 gate=0.00011 envDelta=0.00166 envFloor=0.00100 onset=0.936 thresh=0.014 onsetDelta=0.92225 baseline=0.00067 adaptive=0.00167 lastPeak=0.00000 guard=0.060 activeAge=-1.000 pitch=-1.00Hz pitchCents=0.0
2025-12-14 07:52:16 [tracker] [s6] onset t=21.371 env=0.00193 gate=0.00021 envDelta=0.00172 envFloor=0.00127 onset=1.022 thresh=0.018 onsetDelta=1.00410 baseline=0.00085 adaptive=0.00212 lastPeak=0.00000 guard=0.060 activeAge=-1.000 pitch=-1.00Hz pitchCents=0.0
2025-12-14 07:52:16 [tracker] [s2] onset t=21.403 env=0.00215 gate=0.00001 envDelta=0.00214 envFloor=0.00109 onset=0.991 thresh=0.009 onsetDelta=0.98248 baseline=0.00073 adaptive=0.00182 lastPeak=0.00003 guard=0.060 activeAge=-1.000 pitch=-1.00Hz pitchCents=0.0
2025-12-14 07:52:16 [tracker] [s5] onset t=21.443 env=0.00128 gate=0.00015 envDelta=0.00113 envFloor=0.00104 onset=0.986 thresh=0.016 onsetDelta=0.96989 baseline=0.00069 adaptive=0.00173 lastPeak=0.00000 guard=0.060 activeAge=-1.000 pitch=-1.00Hz pitchCents=0.0
2025-12-14 07:52:16 [tracker] [s1] aubio-raw t=21.4934 onset=0.997188 env=0.000672 peak=0.001683 gain=1.000
2025-12-14 07:52:16 [tracker] [s1] onset-accepted t=21.4934 env=0.000672 gate=0.000024 envDelta=0.000648 envFloor=0.000652 onset=0.997188 thresh=0.006000 onsetDelta=0.991188 baseline=0.000435 floor=0.000180 adapt=0.001087 lastPeak=0.000000 baseParam=0.000180 gateRatio=0.0550 envParam=0.000450 onsetScale=0.300 retriggerScale=1.400 guard=0.060 guardRemain=0.000 activeAge=-1.000 retrigRemain=0.000 pitchHz=615.36 pitchCents=3480.7
2025-12-14 07:52:16 [tracker] [s1] onset t=21.493 env=0.00067 gate=0.00002 envDelta=0.00065 envFloor=0.00065 onset=0.997 thresh=0.006 onsetDelta=0.99119 baseline=0.00043 adaptive=0.00109 lastPeak=0.00000 guard=0.060 activeAge=-1.000 pitch=615.36Hz pitchCents=3480.7
2025-12-14 07:52:16 [tracker] [s5] onset t=21.520 env=0.00145 gate=0.00015 envDelta=0.00130 envFloor=0.00105 onset=1.063 thresh=0.016 onsetDelta=1.04701 baseline=0.00070 adaptive=0.00176 lastPeak=0.00000 guard=0.060 activeAge=-1.000 pitch=-1.00Hz pitchCents=0.0
2025-12-14 07:52:16 [tracker] [s6] onset t=21.541 env=0.00217 gate=0.00020 envDelta=0.00197 envFloor=0.00119 onset=1.324 thresh=0.018 onsetDelta=1.30617 baseline=0.00079 adaptive=0.00199 lastPeak=0.00000 guard=0.060 activeAge=-1.000 pitch=-1.00Hz pitchCents=0.0
2025-12-14 07:52:16 [tracker] [s3] onset t=21.587 env=0.00145 gate=0.00008 envDelta=0.00138 envFloor=0.00089 onset=1.222 thresh=0.012 onsetDelta=1.21004 baseline=0.00059 adaptive=0.00148 lastPeak=0.00000 guard=0.060 activeAge=-1.000 pitch=-1.00Hz pitchCents=0.0
2025-12-14 07:52:16 [tracker] [s3] onset t=21.680 env=0.00142 gate=0.00008 envDelta=0.00134 envFloor=0.00094 onset=0.680 thresh=0.012 onsetDelta=0.66857 baseline=0.00063 adaptive=0.00156 lastPeak=0.00000 guard=0.060 activeAge=-1.000 pitch=-1.00Hz pitchCents=0.0
2025-12-14 07:52:16 [tracker] [s6] onset t=21.731 env=0.00178 gate=0.00021 envDelta=0.00157 envFloor=0.00127 onset=1.402 thresh=0.018 onsetDelta=1.38445 baseline=0.00084 adaptive=0.00211 lastPeak=0.00000 guard=0.060 activeAge=-1.000 pitch=-1.00Hz pitchCents=0.0
2025-12-14 07:52:17 [tracker] [s6] onset t=21.944 env=0.00191 gate=0.00021 envDelta=0.00170 envFloor=0.00124 onset=0.673 thresh=0.018 onsetDelta=0.65520 baseline=0.00083 adaptive=0.00206 lastPeak=0.00000 guard=0.060 activeAge=-1.000 pitch=-1.00Hz pitchCents=0.0
2025-12-14 07:52:17 [tracker] [s1] aubio-raw t=22.0454 onset=1.047356 env=0.001211 peak=0.002766 gain=1.000
2025-12-14 07:52:17 [tracker] [s1] onset-accepted t=22.0454 env=0.001211 gate=0.000025 envDelta=0.001186 envFloor=0.000678 onset=1.047356 thresh=0.006000 onsetDelta=1.041356 baseline=0.000452 floor=0.000180 adapt=0.001130 lastPeak=0.000238 baseParam=0.000180 gateRatio=0.0550 envParam=0.000450 onsetScale=0.300 retriggerScale=1.400 guard=0.060 guardRemain=0.000 activeAge=0.552 retrigRemain=0.000 pitchHz=-1.00 pitchCents=0.0
2025-12-14 07:52:17 [tracker] [s1] onset t=22.045 env=0.00121 gate=0.00002 envDelta=0.00119 envFloor=0.00068 onset=1.047 thresh=0.006 onsetDelta=1.04136 baseline=0.00045 adaptive=0.00113 lastPeak=0.00024 guard=0.060 activeAge=0.552 pitch=-1.00Hz pitchCents=0.0
2025-12-14 07:52:17 [tracker] [s1] note-ended (new onset) t=22.045 fret=24 dur=0.552
2025-12-14 07:52:17 [tracker] [s6] onset t=22.072 env=0.00179 gate=0.00022 envDelta=0.00158 envFloor=0.00129 onset=0.742 thresh=0.018 onsetDelta=0.72416 baseline=0.00086 adaptive=0.00215 lastPeak=0.00000 guard=0.060 activeAge=-1.000 pitch=-1.00Hz pitchCents=0.0
2025-12-14 07:52:17 [tracker] [s4] onset t=22.080 env=0.00127 gate=0.00012 envDelta=0.00116 envFloor=0.00103 onset=1.122 thresh=0.014 onsetDelta=1.10773 baseline=0.00069 adaptive=0.00172 lastPeak=0.00000 guard=0.060 activeAge=-1.000 pitch=-1.00Hz pitchCents=0.0
2025-12-14 07:52:17 [tracker] [s3] onset t=22.117 env=0.00182 gate=0.00009 envDelta=0.00173 envFloor=0.00100 onset=1.248 thresh=0.012 onsetDelta=1.23638 baseline=0.00067 adaptive=0.00167 lastPeak=0.00000 guard=0.060 activeAge=-1.000 pitch=-1.00Hz pitchCents=0.0
2025-12-14 07:52:17 [tracker] [s4] onset t=22.229 env=0.00126 gate=0.00011 envDelta=0.00115 envFloor=0.00093 onset=1.124 thresh=0.014 onsetDelta=1.10980 baseline=0.00062 adaptive=0.00155 lastPeak=0.00000 guard=0.060 activeAge=-1.000 pitch=-1.00Hz pitchCents=0.0
2025-12-14 07:52:17 [tracker] [s4] onset t=22.288 env=0.00135 gate=0.00011 envDelta=0.00124 envFloor=0.00095 onset=0.909 thresh=0.014 onsetDelta=0.89507 baseline=0.00063 adaptive=0.00158 lastPeak=0.00000 guard=0.060 activeAge=-1.000 pitch=-1.00Hz pitchCents=0.0
2025-12-14 07:52:17 [tracker] [s1] aubio-raw t=22.2961 onset=0.997243 env=0.000965 peak=0.002384 gain=1.000
2025-12-14 07:52:17 [tracker] [s1] onset t=22.296 env=0.00097 gate=0.00002 envDelta=0.00094 envFloor=0.00062 onset=0.997 thresh=0.006 onsetDelta=0.99124 baseline=0.00042 adaptive=0.00104 lastPeak=0.00015 guard=0.060 activeAge=-1.000 pitch=-1.00Hz pitchCents=0.0
2025-12-14 07:52:17 [tracker] [s6] onset t=22.448 env=0.00197 gate=0.00022 envDelta=0.00175 envFloor=0.00132 onset=0.767 thresh=0.018 onsetDelta=0.74874 baseline=0.00088 adaptive=0.00220 lastPeak=0.00000 guard=0.060 activeAge=-1.000 pitch=-1.00Hz pitchCents=0.0
2025-12-14 07:52:17 [tracker] [s5] onset t=22.493 env=0.00211 gate=0.00016 envDelta=0.00195 envFloor=0.00112 onset=1.118 thresh=0.016 onsetDelta=1.10175 baseline=0.00075 adaptive=0.00187 lastPeak=0.00000 guard=0.060 activeAge=-1.000 pitch=-1.00Hz pitchCents=0.0
2025-12-14 07:52:17 [tracker] [s1] aubio-raw t=22.5094 onset=0.999022 env=0.001022 peak=0.002098 gain=1.000
2025-12-14 07:52:17 [tracker] [s1] onset-accepted t=22.5094 env=0.001022 gate=0.000026 envDelta=0.000996 envFloor=0.000706 onset=0.999022 thresh=0.006000 onsetDelta=0.993022 baseline=0.000470 floor=0.000180 adapt=0.001176 lastPeak=0.000100 baseParam=0.000180 gateRatio=0.0550 envParam=0.000450 onsetScale=0.300 retriggerScale=1.400 guard=0.060 guardRemain=0.000 activeAge=-1.000 retrigRemain=0.000 pitchHz=-1.00 pitchCents=0.0
2025-12-14 07:52:17 [tracker] [s1] onset t=22.509 env=0.00102 gate=0.00003 envDelta=0.00100 envFloor=0.00071 onset=0.999 thresh=0.006 onsetDelta=0.99302 baseline=0.00047 adaptive=0.00118 lastPeak=0.00010 guard=0.060 activeAge=-1.000 pitch=-1.00Hz pitchCents=0.0
2025-12-14 07:52:17 [tracker] [s1] aubio-raw t=22.5707 onset=0.999224 env=0.000616 peak=0.001791 gain=1.000
2025-12-14 07:52:17 [tracker] [s1] onset-accepted t=22.5707 env=0.000616 gate=0.000022 envDelta=0.000594 envFloor=0.000593 onset=0.999224 thresh=0.006000 onsetDelta=0.993224 baseline=0.000395 floor=0.000180 adapt=0.000988 lastPeak=0.000089 baseParam=0.000180 gateRatio=0.0550 envParam=0.000450 onsetScale=0.300 retriggerScale=1.400 guard=0.060 guardRemain=0.000 activeAge=-1.000 retrigRemain=0.000 pitchHz=499.81 pitchCents=3120.6
2025-12-14 07:52:17 [tracker] [s1] onset t=22.571 env=0.00062 gate=0.00002 envDelta=0.00059 envFloor=0.00059 onset=0.999 thresh=0.006 onsetDelta=0.99322 baseline=0.00040 adaptive=0.00099 lastPeak=0.00009 guard=0.060 activeAge=-1.000 pitch=499.81Hz pitchCents=3120.6
2025-12-14 07:52:17 [tracker] [s1] aubio-raw t=22.6880 onset=1.066176 env=0.000717 peak=0.001551 gain=1.000
2025-12-14 07:52:17 [tracker] [s1] onset-accepted t=22.6880 env=0.000717 gate=0.000023 envDelta=0.000694 envFloor=0.000624 onset=1.066176 thresh=0.006000 onsetDelta=1.060176 baseline=0.000416 floor=0.000180 adapt=0.001041 lastPeak=0.000071 baseParam=0.000180 gateRatio=0.0550 envParam=0.000450 onsetScale=0.300 retriggerScale=1.400 guard=0.060 guardRemain=0.000 activeAge=-1.000 retrigRemain=0.000 pitchHz=-1.00 pitchCents=0.0
2025-12-14 07:52:17 [tracker] [s1] onset t=22.688 env=0.00072 gate=0.00002 envDelta=0.00069 envFloor=0.00062 onset=1.066 thresh=0.006 onsetDelta=1.06018 baseline=0.00042 adaptive=0.00104 lastPeak=0.00007 guard=0.060 activeAge=-1.000 pitch=-1.00Hz pitchCents=0.0
2025-12-14 07:52:18 [tracker] [s5] onset t=22.795 env=0.00174 gate=0.00015 envDelta=0.00159 envFloor=0.00110 onset=0.996 thresh=0.016 onsetDelta=0.97997 baseline=0.00073 adaptive=0.00184 lastPeak=0.00000 guard=0.060 activeAge=-1.000 pitch=-1.00Hz pitchCents=0.0
2025-12-14 07:52:18 [tracker] [s1] aubio-raw t=22.8827 onset=0.943079 env=0.000742 peak=0.001791 gain=1.000
2025-12-14 07:52:18 [tracker] [s1] onset-accepted t=22.8827 env=0.000742 gate=0.000022 envDelta=0.000719 envFloor=0.000610 onset=0.943079 thresh=0.006000 onsetDelta=0.937079 baseline=0.000406 floor=0.000180 adapt=0.001016 lastPeak=0.000049 baseParam=0.000180 gateRatio=0.0550 envParam=0.000450 onsetScale=0.300 retriggerScale=1.400 guard=0.060 guardRemain=0.000 activeAge=-1.000 retrigRemain=0.000 pitchHz=-1.00 pitchCents=0.0
2025-12-14 07:52:18 [tracker] [s1] onset t=22.883 env=0.00074 gate=0.00002 envDelta=0.00072 envFloor=0.00061 onset=0.943 thresh=0.006 onsetDelta=0.93708 baseline=0.00041 adaptive=0.00102 lastPeak=0.00005 guard=0.060 activeAge=-1.000 pitch=-1.00Hz pitchCents=0.0
2025-12-14 07:52:18 [tracker] [s2] onset t=22.960 env=0.00152 gate=0.00001 envDelta=0.00151 envFloor=0.00115 onset=0.899 thresh=0.009 onsetDelta=0.88969 baseline=0.00076 adaptive=0.00191 lastPeak=0.00000 guard=0.060 activeAge=-1.000 pitch=95.24Hz pitchCents=-249.5
2025-12-14 07:52:18 [tracker] [s5] onset t=22.971 env=0.00160 gate=0.00015 envDelta=0.00145 envFloor=0.00106 onset=0.998 thresh=0.016 onsetDelta=0.98197 baseline=0.00071 adaptive=0.00176 lastPeak=0.00000 guard=0.060 activeAge=-1.000 pitch=-1.00Hz pitchCents=0.0
2025-12-14 07:52:18 [tracker] [s1] aubio-raw t=22.9973 onset=0.661018 env=0.000797 peak=0.001828 gain=1.000
2025-12-14 07:52:18 [tracker] [s1] onset-accepted t=22.9973 env=0.000797 gate=0.000024 envDelta=0.000773 envFloor=0.000648 onset=0.661018 thresh=0.006000 onsetDelta=0.655018 baseline=0.000432 floor=0.000180 adapt=0.001079 lastPeak=0.000040 baseParam=0.000180 gateRatio=0.0550 envParam=0.000450 onsetScale=0.300 retriggerScale=1.400 guard=0.060 guardRemain=0.000 activeAge=-1.000 retrigRemain=0.000 pitchHz=470.66 pitchCents=3016.6
2025-12-14 07:52:18 [tracker] [s1] onset t=22.997 env=0.00080 gate=0.00002 envDelta=0.00077 envFloor=0.00065 onset=0.661 thresh=0.006 onsetDelta=0.65502 baseline=0.00043 adaptive=0.00108 lastPeak=0.00004 guard=0.060 activeAge=-1.000 pitch=470.66Hz pitchCents=3016.6
2025-12-14 07:52:18 [tracker] [s6] onset t=23.008 env=0.00204 gate=0.00020 envDelta=0.00184 envFloor=0.00120 onset=1.044 thresh=0.018 onsetDelta=1.02584 baseline=0.00080 adaptive=0.00200 lastPeak=0.00000 guard=0.060 activeAge=-1.000 pitch=-1.00Hz pitchCents=0.0
2025-12-14 07:52:18 [tracker] [s1] aubio-raw t=23.0667 onset=0.995179 env=0.001212 peak=0.002757 gain=1.000
2025-12-14 07:52:18 [tracker] [s1] onset-accepted t=23.0667 env=0.001212 gate=0.000025 envDelta=0.001187 envFloor=0.000690 onset=0.995179 thresh=0.006000 onsetDelta=0.989179 baseline=0.000460 floor=0.000180 adapt=0.001151 lastPeak=0.000035 baseParam=0.000180 gateRatio=0.0550 envParam=0.000450 onsetScale=0.300 retriggerScale=1.400 guard=0.060 guardRemain=0.000 activeAge=-1.000 retrigRemain=0.000 pitchHz=-1.00 pitchCents=0.0
2025-12-14 07:52:18 [tracker] [s1] onset t=23.067 env=0.00121 gate=0.00003 envDelta=0.00119 envFloor=0.00069 onset=0.995 thresh=0.006 onsetDelta=0.98918 baseline=0.00046 adaptive=0.00115 lastPeak=0.00003 guard=0.060 activeAge=-1.000 pitch=-1.00Hz pitchCents=0.0
2025-12-14 07:52:18 [tracker] [s3] onset t=23.099 env=0.00133 gate=0.00007 envDelta=0.00126 envFloor=0.00085 onset=1.059 thresh=0.012 onsetDelta=1.04721 baseline=0.00057 adaptive=0.00142 lastPeak=0.00000 guard=0.060 activeAge=-1.000 pitch=-1.00Hz pitchCents=0.0
2025-12-14 07:52:18 [tracker] [s1] aubio-raw t=23.2213 onset=1.169362 env=0.000993 peak=0.002399 gain=1.000
2025-12-14 07:52:18 [tracker] [s1] onset-accepted t=23.2213 env=0.000993 gate=0.000023 envDelta=0.000971 envFloor=0.000617 onset=1.169362 thresh=0.006000 onsetDelta=1.163362 baseline=0.000412 floor=0.000180 adapt=0.001029 lastPeak=0.000026 baseParam=0.000180 gateRatio=0.0550 envParam=0.000450 onsetScale=0.300 retriggerScale=1.400 guard=0.060 guardRemain=0.000 activeAge=-1.000 retrigRemain=0.000 pitchHz=-1.00 pitchCents=0.0
2025-12-14 07:52:18 [tracker] [s1] onset t=23.221 env=0.00099 gate=0.00002 envDelta=0.00097 envFloor=0.00062 onset=1.169 thresh=0.006 onsetDelta=1.16336 baseline=0.00041 adaptive=0.00103 lastPeak=0.00003 guard=0.060 activeAge=-1.000 pitch=-1.00Hz pitchCents=0.0
2025-12-14 07:52:18 [tracker] [s5] onset t=23.267 env=0.00172 gate=0.00015 envDelta=0.00157 envFloor=0.00108 onset=0.998 thresh=0.016 onsetDelta=0.98158 baseline=0.00072 adaptive=0.00181 lastPeak=0.00000 guard=0.060 activeAge=-1.000 pitch=-1.00Hz pitchCents=0.0
2025-12-14 07:52:18 [tracker] [s1] aubio-raw t=23.3253 onset=0.984983 env=0.000828 peak=0.002071 gain=1.000
2025-12-14 07:52:18 [tracker] [s1] onset-accepted t=23.3253 env=0.000828 gate=0.000023 envDelta=0.000806 envFloor=0.000618 onset=0.984983 thresh=0.006000 onsetDelta=0.978983 baseline=0.000412 floor=0.000180 adapt=0.001030 lastPeak=0.000021 baseParam=0.000180 gateRatio=0.0550 envParam=0.000450 onsetScale=0.300 retriggerScale=1.400 guard=0.060 guardRemain=0.000 activeAge=-1.000 retrigRemain=0.000 pitchHz=-1.00 pitchCents=0.0
2025-12-14 07:52:18 [tracker] [s1] onset t=23.325 env=0.00083 gate=0.00002 envDelta=0.00081 envFloor=0.00062 onset=0.985 thresh=0.006 onsetDelta=0.97898 baseline=0.00041 adaptive=0.00103 lastPeak=0.00002 guard=0.060 activeAge=-1.000 pitch=-1.00Hz pitchCents=0.0
2025-12-14 07:52:18 [tracker] [s2] onset t=23.355 env=0.00155 gate=0.00001 envDelta=0.00155 envFloor=0.00098 onset=1.000 thresh=0.009 onsetDelta=0.99052 baseline=0.00066 adaptive=0.00164 lastPeak=0.00000 guard=0.060 activeAge=-1.000 pitch=799.99Hz pitchCents=3435.0
2025-12-14 07:52:18 [tracker] [s2] note-start t=23.355 fret=24 midi=69 vel=0.02 env=0.00155
2025-12-14 07:52:18 [tracker] [s4] onset t=23.381 env=0.00128 gate=0.00011 envDelta=0.00117 envFloor=0.00095 onset=1.043 thresh=0.014 onsetDelta=1.02888 baseline=0.00063 adaptive=0.00158 lastPeak=0.00000 guard=0.060 activeAge=-1.000 pitch=-1.00Hz pitchCents=0.0
2025-12-14 07:52:18 [tracker] [s3] onset t=23.400 env=0.00122 gate=0.00008 envDelta=0.00114 envFloor=0.00088 onset=1.122 thresh=0.012 onsetDelta=1.11063 baseline=0.00059 adaptive=0.00147 lastPeak=0.00000 guard=0.060 activeAge=-1.000 pitch=-1.00Hz pitchCents=0.0
2025-12-14 07:52:18 [tracker] [s6] onset t=23.429 env=0.00190 gate=0.00019 envDelta=0.00171 envFloor=0.00114 onset=0.999 thresh=0.018 onsetDelta=0.98072 baseline=0.00076 adaptive=0.00191 lastPeak=0.00000 guard=0.060 activeAge=-1.000 pitch=-1.00Hz pitchCents=0.0
2025-12-14 07:52:18 [tracker] [s1] aubio-raw t=23.5253 onset=1.049788 env=0.000997 peak=0.003072 gain=1.000
2025-12-14 07:52:18 [tracker] [s1] onset-accepted t=23.5253 env=0.000997 gate=0.000024 envDelta=0.000973 envFloor=0.000646 onset=1.049788 thresh=0.006000 onsetDelta=1.043788 baseline=0.000431 floor=0.000180 adapt=0.001077 lastPeak=0.000015 baseParam=0.000180 gateRatio=0.0550 envParam=0.000450 onsetScale=0.300 retriggerScale=1.400 guard=0.060 guardRemain=0.000 activeAge=-1.000 retrigRemain=0.000 pitchHz=102.56 pitchCents=378.8
2025-12-14 07:52:18 [tracker] [s1] onset t=23.525 env=0.00100 gate=0.00002 envDelta=0.00097 envFloor=0.00065 onset=1.050 thresh=0.006 onsetDelta=1.04379 baseline=0.00043 adaptive=0.00108 lastPeak=0.00001 guard=0.060 activeAge=-1.000 pitch=102.56Hz pitchCents=378.8
2025-12-14 07:52:18 [tracker] [s5] onset t=23.536 env=0.00154 gate=0.00016 envDelta=0.00138 envFloor=0.00111 onset=0.925 thresh=0.016 onsetDelta=0.90930 baseline=0.00074 adaptive=0.00185 lastPeak=0.00000 guard=0.060 activeAge=-1.000 pitch=-1.00Hz pitchCents=0.0
2025-12-14 07:52:18 [tracker] [s1] aubio-raw t=23.6266 onset=0.995337 env=0.000639 peak=0.001631 gain=1.000
2025-12-14 07:52:18 [tracker] [s1] onset-accepted t=23.6266 env=0.000639 gate=0.000023 envDelta=0.000616 envFloor=0.000625 onset=0.995337 thresh=0.006000 onsetDelta=0.989337 baseline=0.000417 floor=0.000180 adapt=0.001041 lastPeak=0.000012 baseParam=0.000180 gateRatio=0.0550 envParam=0.000450 onsetScale=0.300 retriggerScale=1.400 guard=0.060 guardRemain=0.000 activeAge=-1.000 retrigRemain=0.000 pitchHz=421.01 pitchCents=2823.6
2025-12-14 07:52:18 [tracker] [s1] onset t=23.627 env=0.00064 gate=0.00002 envDelta=0.00062 envFloor=0.00062 onset=0.995 thresh=0.006 onsetDelta=0.98934 baseline=0.00042 adaptive=0.00104 lastPeak=0.00001 guard=0.060 activeAge=-1.000 pitch=421.01Hz pitchCents=2823.6
2025-12-14 07:52:18 [tracker] [s4] onset t=23.635 env=0.00186 gate=0.00012 envDelta=0.00174 envFloor=0.00102 onset=1.020 thresh=0.014 onsetDelta=1.00616 baseline=0.00068 adaptive=0.00170 lastPeak=0.00000 guard=0.060 activeAge=-1.000 pitch=-1.00Hz pitchCents=0.0
2025-12-14 07:52:18 [tracker] [s2] onset t=23.637 env=0.00134 gate=0.00001 envDelta=0.00134 envFloor=0.00101 onset=0.995 thresh=0.009 onsetDelta=0.98595 baseline=0.00082 adaptive=0.00168 lastPeak=0.00091 guard=0.060 activeAge=0.283 pitch=-1.00Hz pitchCents=0.0
2025-12-14 07:52:18 [tracker] [s2] note-ended (new onset) t=23.637 fret=24 dur=0.283
2025-12-14 07:52:18 [tracker] [s6] onset t=23.640 env=0.00189 gate=0.00022 envDelta=0.00168 envFloor=0.00130 onset=0.998 thresh=0.018 onsetDelta=0.98049 baseline=0.00087 adaptive=0.00217 lastPeak=0.00000 guard=0.060 activeAge=-1.000 pitch=-1.00Hz pitchCents=0.0
2025-12-14 07:52:18 [tracker] [s5] onset t=23.669 env=0.00187 gate=0.00015 envDelta=0.00172 envFloor=0.00107 onset=0.997 thresh=0.016 onsetDelta=0.98085 baseline=0.00072 adaptive=0.00179 lastPeak=0.00000 guard=0.060 activeAge=-1.000 pitch=-1.00Hz pitchCents=0.0
2025-12-14 07:52:18 [tracker] [s2] onset t=23.693 env=0.00168 gate=0.00001 envDelta=0.00167 envFloor=0.00100 onset=0.996 thresh=0.009 onsetDelta=0.98660 baseline=0.00074 adaptive=0.00166 lastPeak=0.00082 guard=0.060 activeAge=-1.000 pitch=307.66Hz pitchCents=1780.6
2025-12-14 07:52:18 [tracker] [s6] onset t=23.704 env=0.00154 gate=0.00020 envDelta=0.00133 envFloor=0.00122 onset=1.185 thresh=0.018 onsetDelta=1.16664 baseline=0.00081 adaptive=0.00203 lastPeak=0.00000 guard=0.060 activeAge=-1.000 pitch=-1.00Hz pitchCents=0.0
2025-12-14 07:52:18 [tracker] [s5] onset t=23.765 env=0.00137 gate=0.00014 envDelta=0.00122 envFloor=0.00102 onset=0.990 thresh=0.016 onsetDelta=0.97450 baseline=0.00068 adaptive=0.00169 lastPeak=0.00000 guard=0.060 activeAge=-1.000 pitch=-1.00Hz pitchCents=0.0
2025-12-14 07:52:19 [tracker] [s1] aubio-raw t=23.8719 onset=1.158442 env=0.000720 peak=0.001670 gain=1.000
2025-12-14 07:52:19 [tracker] [s1] onset-accepted t=23.8719 env=0.000720 gate=0.000022 envDelta=0.000698 envFloor=0.000592 onset=1.158442 thresh=0.006000 onsetDelta=1.152442 baseline=0.000395 floor=0.000180 adapt=0.000987 lastPeak=0.000008 baseParam=0.000180 gateRatio=0.0550 envParam=0.000450 onsetScale=0.300 retriggerScale=1.400 guard=0.060 guardRemain=0.000 activeAge=-1.000 retrigRemain=0.000 pitchHz=249.98 pitchCents=1921.2
2025-12-14 07:52:19 [tracker] [s1] onset t=23.872 env=0.00072 gate=0.00002 envDelta=0.00070 envFloor=0.00059 onset=1.158 thresh=0.006 onsetDelta=1.15244 baseline=0.00039 adaptive=0.00099 lastPeak=0.00001 guard=0.060 activeAge=-1.000 pitch=249.98Hz pitchCents=1921.2
2025-12-14 07:52:19 [tracker] [s4] onset t=23.893 env=0.00150 gate=0.00011 envDelta=0.00139 envFloor=0.00101 onset=0.996 thresh=0.014 onsetDelta=0.98228 baseline=0.00067 adaptive=0.00169 lastPeak=0.00000 guard=0.060 activeAge=-1.000 pitch=-1.00Hz pitchCents=0.0
2025-12-14 07:52:19 [tracker] [s5] onset t=23.952 env=0.00205 gate=0.00016 envDelta=0.00189 envFloor=0.00116 onset=1.037 thresh=0.016 onsetDelta=1.02059 baseline=0.00077 adaptive=0.00193 lastPeak=0.00000 guard=0.060 activeAge=-1.000 pitch=-1.00Hz pitchCents=0.0
2025-12-14 07:52:19 [tracker] [s6] onset t=24.016 env=0.00192 gate=0.00021 envDelta=0.00171 envFloor=0.00127 onset=1.230 thresh=0.018 onsetDelta=1.21231 baseline=0.00085 adaptive=0.00212 lastPeak=0.00000 guard=0.060 activeAge=-1.000 pitch=-1.00Hz pitchCents=0.0
2025-12-14 07:52:19 [tracker] [s1] aubio-raw t=24.0266 onset=0.931073 env=0.001147 peak=0.002643 gain=1.000
2025-12-14 07:52:19 [tracker] [s1] onset-accepted t=24.0266 env=0.001147 gate=0.000022 envDelta=0.001125 envFloor=0.000607 onset=0.931073 thresh=0.006000 onsetDelta=0.925073 baseline=0.000405 floor=0.000180 adapt=0.001012 lastPeak=0.000006 baseParam=0.000180 gateRatio=0.0550 envParam=0.000450 onsetScale=0.300 retriggerScale=1.400 guard=0.060 guardRemain=0.000 activeAge=-1.000 retrigRemain=0.000 pitchHz=-1.00 pitchCents=0.0
2025-12-14 07:52:19 [tracker] [s1] onset t=24.027 env=0.00115 gate=0.00002 envDelta=0.00113 envFloor=0.00061 onset=0.931 thresh=0.006 onsetDelta=0.92507 baseline=0.00040 adaptive=0.00101 lastPeak=0.00001 guard=0.060 activeAge=-1.000 pitch=-1.00Hz pitchCents=0.0
2025-12-14 07:52:19 [tracker] [s3] onset t=24.053 env=0.00112 gate=0.00008 envDelta=0.00104 envFloor=0.00094 onset=1.128 thresh=0.012 onsetDelta=1.11678 baseline=0.00063 adaptive=0.00157 lastPeak=0.00000 guard=0.060 activeAge=-1.000 pitch=-1.00Hz pitchCents=0.0
2025-12-14 07:52:19 [tracker] [s1] aubio-raw t=24.0959 onset=1.021079 env=0.000759 peak=0.002167 gain=1.000
2025-12-14 07:52:19 [tracker] [s1] onset-accepted t=24.0959 env=0.000759 gate=0.000022 envDelta=0.000737 envFloor=0.000604 onset=1.021079 thresh=0.006000 onsetDelta=1.015079 baseline=0.000403 floor=0.000180 adapt=0.001007 lastPeak=0.000005 baseParam=0.000180 gateRatio=0.0550 envParam=0.000450 onsetScale=0.300 retriggerScale=1.400 guard=0.060 guardRemain=0.000 activeAge=-1.000 retrigRemain=0.000 pitchHz=135.58 pitchCents=862.0
2025-12-14 07:52:19 [tracker] [s1] onset t=24.096 env=0.00076 gate=0.00002 envDelta=0.00074 envFloor=0.00060 onset=1.021 thresh=0.006 onsetDelta=1.01508 baseline=0.00040 adaptive=0.00101 lastPeak=0.00001 guard=0.060 activeAge=-1.000 pitch=135.58Hz pitchCents=862.0
2025-12-14 07:52:19 [tracker] [s4] onset t=24.147 env=0.00133 gate=0.00011 envDelta=0.00122 envFloor=0.00095 onset=0.997 thresh=0.014 onsetDelta=0.98341 baseline=0.00063 adaptive=0.00158 lastPeak=0.00000 guard=0.060 activeAge=-1.000 pitch=-1.00Hz pitchCents=0.0
2025-12-14 07:52:19 [tracker] [s5] onset t=24.195 env=0.00148 gate=0.00014 envDelta=0.00134 envFloor=0.00101 onset=1.495 thresh=0.016 onsetDelta=1.47922 baseline=0.00068 adaptive=0.00169 lastPeak=0.00000 guard=0.060 activeAge=-1.000 pitch=-1.00Hz pitchCents=0.0
2025-12-14 07:52:19 [tracker] [s2] onset t=24.200 env=0.00126 gate=0.00001 envDelta=0.00125 envFloor=0.00097 onset=0.997 thresh=0.009 onsetDelta=0.98783 baseline=0.00065 adaptive=0.00162 lastPeak=0.00032 guard=0.060 activeAge=-1.000 pitch=-1.00Hz pitchCents=0.0
2025-12-14 07:52:19 [tracker] [s5] onset t=24.264 env=0.00179 gate=0.00015 envDelta=0.00164 envFloor=0.00105 onset=1.058 thresh=0.016 onsetDelta=1.04226 baseline=0.00070 adaptive=0.00174 lastPeak=0.00000 guard=0.060 activeAge=-1.000 pitch=-1.00Hz pitchCents=0.0
2025-12-14 07:52:19 [tracker] [s1] aubio-raw t=24.3332 onset=1.397758 env=0.000671 peak=0.002137 gain=1.000
2025-12-14 07:52:19 [tracker] [s1] onset-accepted t=24.3332 env=0.000671 gate=0.000023 envDelta=0.000648 envFloor=0.000627 onset=1.397758 thresh=0.006000 onsetDelta=1.391758 baseline=0.000418 floor=0.000180 adapt=0.001045 lastPeak=0.000003 baseParam=0.000180 gateRatio=0.0550 envParam=0.000450 onsetScale=0.300 retriggerScale=1.400 guard=0.060 guardRemain=0.000 activeAge=-1.000 retrigRemain=0.000 pitchHz=-1.00 pitchCents=0.0
2025-12-14 07:52:19 [tracker] [s1] onset t=24.333 env=0.00067 gate=0.00002 envDelta=0.00065 envFloor=0.00063 onset=1.398 thresh=0.006 onsetDelta=1.39176 baseline=0.00042 adaptive=0.00104 lastPeak=0.00000 guard=0.060 activeAge=-1.000 pitch=-1.00Hz pitchCents=0.0
2025-12-14 07:52:19 [tracker] [s3] onset t=24.389 env=0.00142 gate=0.00008 envDelta=0.00134 envFloor=0.00093 onset=1.026 thresh=0.012 onsetDelta=1.01476 baseline=0.00062 adaptive=0.00154 lastPeak=0.00000 guard=0.060 activeAge=-1.000 pitch=-1.00Hz pitchCents=0.0
2025-12-14 07:52:19 [tracker] [s2] onset t=24.392 env=0.00220 gate=0.00001 envDelta=0.00220 envFloor=0.00105 onset=0.999 thresh=0.009 onsetDelta=0.98957 baseline=0.00070 adaptive=0.00175 lastPeak=0.00022 guard=0.060 activeAge=-1.000 pitch=-1.00Hz pitchCents=0.0
2025-12-14 07:52:19 [tracker] [s1] aubio-raw t=24.4852 onset=1.146450 env=0.001072 peak=0.002355 gain=1.000
2025-12-14 07:52:19 [tracker] [s1] onset-accepted t=24.4852 env=0.001072 gate=0.000024 envDelta=0.001048 envFloor=0.000656 onset=1.146450 thresh=0.006000 onsetDelta=1.140450 baseline=0.000438 floor=0.000180 adapt=0.001094 lastPeak=0.000002 baseParam=0.000180 gateRatio=0.0550 envParam=0.000450 onsetScale=0.300 retriggerScale=1.400 guard=0.060 guardRemain=0.000 activeAge=-1.000 retrigRemain=0.000 pitchHz=-1.00 pitchCents=0.0
2025-12-14 07:52:19 [tracker] [s1] onset t=24.485 env=0.00107 gate=0.00002 envDelta=0.00105 envFloor=0.00066 onset=1.146 thresh=0.006 onsetDelta=1.14045 baseline=0.00044 adaptive=0.00109 lastPeak=0.00000 guard=0.060 activeAge=-1.000 pitch=-1.00Hz pitchCents=0.0
2025-12-14 07:52:19 [tracker] [s5] onset t=24.499 env=0.00157 gate=0.00015 envDelta=0.00142 envFloor=0.00106 onset=1.000 thresh=0.016 onsetDelta=0.98354 baseline=0.00071 adaptive=0.00176 lastPeak=0.00000 guard=0.060 activeAge=-1.000 pitch=-1.00Hz pitchCents=0.0
2025-12-14 07:52:19 [tracker] [s6] onset t=24.499 env=0.00196 gate=0.00020 envDelta=0.00177 envFloor=0.00119 onset=1.136 thresh=0.018 onsetDelta=1.11794 baseline=0.00079 adaptive=0.00198 lastPeak=0.00000 guard=0.060 activeAge=-1.000 pitch=-1.00Hz pitchCents=0.0
2025-12-14 07:52:19 [tracker] [s1] aubio-raw t=24.5626 onset=1.140610 env=0.000501 peak=0.001491 gain=1.000
2025-12-14 07:52:19 [tracker] [s1] onset-below-env-floor t=24.5626 env=0.000501 gate=0.000023 envDelta=0.000478 envFloor=0.000628 onset=1.140610 thresh=0.006000 onsetDelta=1.134609 baseline=0.000419 floor=0.000180 adapt=0.001047 lastPeak=0.000002 baseParam=0.000180 gateRatio=0.0550 envParam=0.000450 onsetScale=0.300 retriggerScale=1.400 guard=0.060 guardRemain=0.000 activeAge=-1.000 retrigRemain=0.000 pitchHz=1000.22 pitchCents=4321.7
2025-12-14 07:52:19 [tracker] [s3] onset t=24.592 env=0.00133 gate=0.00008 envDelta=0.00125 envFloor=0.00092 onset=0.890 thresh=0.012 onsetDelta=0.87820 baseline=0.00061 adaptive=0.00154 lastPeak=0.00000 guard=0.060 activeAge=-1.000 pitch=-1.00Hz pitchCents=0.0
2025-12-14 07:52:19 [tracker] [s4] onset t=24.733 env=0.00166 gate=0.00012 envDelta=0.00154 envFloor=0.00105 onset=0.635 thresh=0.014 onsetDelta=0.62133 baseline=0.00070 adaptive=0.00176 lastPeak=0.00000 guard=0.060 activeAge=-1.000 pitch=-1.00Hz pitchCents=0.0
2025-12-14 07:52:19 [tracker] [s6] onset t=24.779 env=0.00216 gate=0.00021 envDelta=0.00195 envFloor=0.00127 onset=1.055 thresh=0.018 onsetDelta=1.03705 baseline=0.00085 adaptive=0.00212 lastPeak=0.00000 guard=0.060 activeAge=-1.000 pitch=-1.00Hz pitchCents=0.0
2025-12-14 07:52:20 [tracker] [s2] onset t=24.848 env=0.00110 gate=0.00001 envDelta=0.00109 envFloor=0.00095 onset=1.082 thresh=0.009 onsetDelta=1.07308 baseline=0.00063 adaptive=0.00158 lastPeak=0.00009 guard=0.060 activeAge=-1.000 pitch=727.15Hz pitchCents=3269.7
2025-12-14 07:52:20 [tracker] [s1] aubio-raw t=24.8559 onset=1.138472 env=0.000503 peak=0.001424 gain=1.000
2025-12-14 07:52:20 [tracker] [s1] onset-below-env-floor t=24.8559 env=0.000503 gate=0.000022 envDelta=0.000481 envFloor=0.000609 onset=1.138472 thresh=0.006000 onsetDelta=1.132472 baseline=0.000406 floor=0.000180 adapt=0.001015 lastPeak=0.000001 baseParam=0.000180 gateRatio=0.0550 envParam=0.000450 onsetScale=0.300 retriggerScale=1.400 guard=0.060 guardRemain=0.000 activeAge=-1.000 retrigRemain=0.000 pitchHz=-1.00 pitchCents=0.0
2025-12-14 07:52:20 [tracker] [s6] onset t=24.936 env=0.00196 gate=0.00019 envDelta=0.00177 envFloor=0.00115 onset=0.945 thresh=0.018 onsetDelta=0.92731 baseline=0.00077 adaptive=0.00192 lastPeak=0.00000 guard=0.060 activeAge=-1.000 pitch=-1.00Hz pitchCents=0.0
2025-12-14 07:52:20 [tracker] [s1] aubio-raw t=24.9412 onset=1.407991 env=0.000621 peak=0.001870 gain=1.000
2025-12-14 07:52:20 [tracker] [s1] onset t=24.941 env=0.00062 gate=0.00002 envDelta=0.00060 envFloor=0.00061 onset=1.408 thresh=0.006 onsetDelta=1.40199 baseline=0.00040 adaptive=0.00101 lastPeak=0.00000 guard=0.060 activeAge=-1.000 pitch=94.10Hz pitchCents=229.8
2025-12-14 07:52:20 [tracker] [s2] onset t=24.984 env=0.00195 gate=0.00001 envDelta=0.00195 envFloor=0.00100 onset=0.995 thresh=0.009 onsetDelta=0.98596 baseline=0.00067 adaptive=0.00167 lastPeak=0.00007 guard=0.060 activeAge=-1.000 pitch=380.96Hz pitchCents=2150.6
2025-12-14 07:52:20 [tracker] [s5] onset t=25.013 env=0.00168 gate=0.00015 envDelta=0.00153 envFloor=0.00106 onset=0.802 thresh=0.016 onsetDelta=0.78634 baseline=0.00071 adaptive=0.00177 lastPeak=0.00000 guard=0.060 activeAge=-1.000 pitch=-1.00Hz pitchCents=0.0
2025-12-14 07:52:20 [tracker] [s1] aubio-raw t=25.0159 onset=0.993218 env=0.000769 peak=0.002042 gain=1.000
2025-12-14 07:52:20 [tracker] [s1] onset-accepted t=25.0159 env=0.000769 gate=0.000024 envDelta=0.000745 envFloor=0.000647 onset=0.993218 thresh=0.006000 onsetDelta=0.987218 baseline=0.000431 floor=0.000180 adapt=0.001078 lastPeak=0.000001 baseParam=0.000180 gateRatio=0.0550 envParam=0.000450 onsetScale=0.300 retriggerScale=1.400 guard=0.060 guardRemain=0.000 activeAge=-1.000 retrigRemain=0.000 pitchHz=-1.00 pitchCents=0.0
2025-12-14 07:52:20 [tracker] [s1] onset t=25.016 env=0.00077 gate=0.00002 envDelta=0.00074 envFloor=0.00065 onset=0.993 thresh=0.006 onsetDelta=0.98722 baseline=0.00043 adaptive=0.00108 lastPeak=0.00000 guard=0.060 activeAge=-1.000 pitch=-1.00Hz pitchCents=0.0
2025-12-14 07:52:20 [tracker] [s2] onset t=25.115 env=0.00120 gate=0.00001 envDelta=0.00120 envFloor=0.00098 onset=0.999 thresh=0.009 onsetDelta=0.98994 baseline=0.00065 adaptive=0.00163 lastPeak=0.00006 guard=0.060 activeAge=-1.000 pitch=-1.00Hz pitchCents=0.0
2025-12-14 07:52:20 [tracker] [s5] onset t=25.141 env=0.00166 gate=0.00015 envDelta=0.00151 envFloor=0.00108 onset=1.382 thresh=0.016 onsetDelta=1.36647 baseline=0.00072 adaptive=0.00179 lastPeak=0.00000 guard=0.060 activeAge=-1.000 pitch=-1.00Hz pitchCents=0.0
2025-12-14 07:52:20 [tracker] [s3] onset t=25.229 env=0.00143 gate=0.00008 envDelta=0.00135 envFloor=0.00091 onset=1.104 thresh=0.012 onsetDelta=1.09211 baseline=0.00061 adaptive=0.00152 lastPeak=0.00000 guard=0.060 activeAge=-1.000 pitch=-1.00Hz pitchCents=0.0
2025-12-14 07:52:20 [tracker] [s1] aubio-raw t=25.3652 onset=0.910402 env=0.000643 peak=0.001630 gain=1.000
2025-12-14 07:52:20 [tracker] [s1] onset-accepted t=25.3652 env=0.000643 gate=0.000023 envDelta=0.000620 envFloor=0.000628 onset=0.910402 thresh=0.006000 onsetDelta=0.904402 baseline=0.000419 floor=0.000180 adapt=0.001047 lastPeak=0.000000 baseParam=0.000180 gateRatio=0.0550 envParam=0.000450 onsetScale=0.300 retriggerScale=1.400 guard=0.060 guardRemain=0.000 activeAge=-1.000 retrigRemain=0.000 pitchHz=-1.00 pitchCents=0.0
2025-12-14 07:52:20 [tracker] [s1] onset t=25.365 env=0.00064 gate=0.00002 envDelta=0.00062 envFloor=0.00063 onset=0.910 thresh=0.006 onsetDelta=0.90440 baseline=0.00042 adaptive=0.00105 lastPeak=0.00000 guard=0.060 activeAge=-1.000 pitch=-1.00Hz pitchCents=0.0
2025-12-14 07:52:20 [tracker] [s5] onset t=25.386 env=0.00211 gate=0.00016 envDelta=0.00196 envFloor=0.00113 onset=0.737 thresh=0.016 onsetDelta=0.72142 baseline=0.00075 adaptive=0.00188 lastPeak=0.00000 guard=0.060 activeAge=-1.000 pitch=-1.00Hz pitchCents=0.0
2025-12-14 07:52:20 [tracker] [s1] aubio-raw t=25.4398 onset=1.158464 env=0.001117 peak=0.002863 gain=1.000
2025-12-14 07:52:20 [tracker] [s1] onset-accepted t=25.4398 env=0.001117 gate=0.000024 envDelta=0.001093 envFloor=0.000664 onset=1.158464 thresh=0.006000 onsetDelta=1.152464 baseline=0.000443 floor=0.000180 adapt=0.001107 lastPeak=0.000000 baseParam=0.000180 gateRatio=0.0550 envParam=0.000450 onsetScale=0.300 retriggerScale=1.400 guard=0.060 guardRemain=0.000 activeAge=-1.000 retrigRemain=0.000 pitchHz=-1.00 pitchCents=0.0
2025-12-14 07:52:20 [tracker] [s1] onset t=25.440 env=0.00112 gate=0.00002 envDelta=0.00109 envFloor=0.00066 onset=1.158 thresh=0.006 onsetDelta=1.15246 baseline=0.00044 adaptive=0.00111 lastPeak=0.00000 guard=0.060 activeAge=-1.000 pitch=-1.00Hz pitchCents=0.0
2025-12-14 07:52:20 [tracker] [s6] onset t=25.488 env=0.00203 gate=0.00022 envDelta=0.00181 envFloor=0.00135 onset=0.575 thresh=0.018 onsetDelta=0.55665 baseline=0.00090 adaptive=0.00224 lastPeak=0.00000 guard=0.060 activeAge=-1.000 pitch=-1.00Hz pitchCents=0.0
2025-12-14 07:52:20 [tracker] [s1] aubio-raw t=25.4905 onset=0.996381 env=0.000793 peak=0.002111 gain=1.000
2025-12-14 07:52:20 [tracker] [s1] onset-accepted t=25.4905 env=0.000793 gate=0.000022 envDelta=0.000771 envFloor=0.000587 onset=0.996381 thresh=0.006000 onsetDelta=0.990381 baseline=0.000391 floor=0.000180 adapt=0.000978 lastPeak=0.000000 baseParam=0.000180 gateRatio=0.0550 envParam=0.000450 onsetScale=0.300 retriggerScale=1.400 guard=0.060 guardRemain=0.000 activeAge=-1.000 retrigRemain=0.000 pitchHz=-1.00 pitchCents=0.0
2025-12-14 07:52:20 [tracker] [s1] onset t=25.490 env=0.00079 gate=0.00002 envDelta=0.00077 envFloor=0.00059 onset=0.996 thresh=0.006 onsetDelta=0.99038 baseline=0.00039 adaptive=0.00098 lastPeak=0.00000 guard=0.060 activeAge=-1.000 pitch=-1.00Hz pitchCents=0.0
2025-12-14 07:52:20 [tracker] [s2] onset t=25.498 env=0.00169 gate=0.00001 envDelta=0.00168 envFloor=0.00099 onset=0.997 thresh=0.009 onsetDelta=0.98838 baseline=0.00066 adaptive=0.00164 lastPeak=0.00003 guard=0.060 activeAge=-1.000 pitch=-1.00Hz pitchCents=0.0
2025-12-14 07:52:20 [tracker] [s2] onset t=25.565 env=0.00135 gate=0.00001 envDelta=0.00135 envFloor=0.00098 onset=1.183 thresh=0.009 onsetDelta=1.17353 baseline=0.00065 adaptive=0.00163 lastPeak=0.00002 guard=0.060 activeAge=-1.000 pitch=-1.00Hz pitchCents=0.0
2025-12-14 07:52:20 [tracker] [s3] onset t=25.570 env=0.00096 gate=0.00008 envDelta=0.00088 envFloor=0.00093 onset=0.797 thresh=0.012 onsetDelta=0.78554 baseline=0.00062 adaptive=0.00155 lastPeak=0.00000 guard=0.060 activeAge=-1.000 pitch=-1.00Hz pitchCents=0.0
2025-12-14 07:52:20 [tracker] [s5] onset t=25.597 env=0.00156 gate=0.00015 envDelta=0.00142 envFloor=0.00106 onset=0.989 thresh=0.016 onsetDelta=0.97254 baseline=0.00071 adaptive=0.00176 lastPeak=0.00000 guard=0.060 activeAge=-1.000 pitch=-1.00Hz pitchCents=0.0
2025-12-14 07:52:20 [tracker] [s1] aubio-raw t=25.6371 onset=1.128216 env=0.000738 peak=0.002020 gain=1.000
2025-12-14 07:52:20 [tracker] [s1] onset-accepted t=25.6371 env=0.000738 gate=0.000023 envDelta=0.000715 envFloor=0.000616 onset=1.128216 thresh=0.006000 onsetDelta=1.122216 baseline=0.000411 floor=0.000180 adapt=0.001026 lastPeak=0.000000 baseParam=0.000180 gateRatio=0.0550 envParam=0.000450 onsetScale=0.300 retriggerScale=1.400 guard=0.060 guardRemain=0.000 activeAge=-1.000 retrigRemain=0.000 pitchHz=94.11 pitchCents=229.8
2025-12-14 07:52:20 [tracker] [s1] onset t=25.637 env=0.00074 gate=0.00002 envDelta=0.00071 envFloor=0.00062 onset=1.128 thresh=0.006 onsetDelta=1.12222 baseline=0.00041 adaptive=0.00103 lastPeak=0.00000 guard=0.060 activeAge=-1.000 pitch=94.11Hz pitchCents=229.8
2025-12-14 07:52:20 [tracker] [s3] onset t=25.698 env=0.00150 gate=0.00008 envDelta=0.00142 envFloor=0.00094 onset=0.992 thresh=0.012 onsetDelta=0.98062 baseline=0.00062 adaptive=0.00156 lastPeak=0.00000 guard=0.060 activeAge=-1.000 pitch=-1.00Hz pitchCents=0.0
2025-12-14 07:52:21 [tracker] [s4] onset t=25.794 env=0.00183 gate=0.00011 envDelta=0.00172 envFloor=0.00099 onset=0.995 thresh=0.014 onsetDelta=0.98106 baseline=0.00066 adaptive=0.00166 lastPeak=0.00000 guard=0.060 activeAge=-1.000 pitch=-1.00Hz pitchCents=0.0
2025-12-14 07:52:21 [tracker] [s2] onset t=25.816 env=0.00134 gate=0.00001 envDelta=0.00133 envFloor=0.00095 onset=0.889 thresh=0.009 onsetDelta=0.88014 baseline=0.00064 adaptive=0.00159 lastPeak=0.00002 guard=0.060 activeAge=-1.000 pitch=94.11Hz pitchCents=-270.0
2025-12-14 07:52:21 [tracker] [s3] onset t=25.853 env=0.00143 gate=0.00008 envDelta=0.00135 envFloor=0.00098 onset=1.108 thresh=0.012 onsetDelta=1.09666 baseline=0.00065 adaptive=0.00163 lastPeak=0.00000 guard=0.060 activeAge=-1.000 pitch=-1.00Hz pitchCents=0.0
2025-12-14 07:52:21 [tracker] [s6] onset t=25.914 env=0.00200 gate=0.00021 envDelta=0.00179 envFloor=0.00128 onset=1.335 thresh=0.018 onsetDelta=1.31713 baseline=0.00085 adaptive=0.00213 lastPeak=0.00000 guard=0.060 activeAge=-1.000 pitch=-1.00Hz pitchCents=0.0
2025-12-14 07:52:21 [tracker] [s3] onset t=26.133 env=0.00159 gate=0.00008 envDelta=0.00151 envFloor=0.00090 onset=0.796 thresh=0.012 onsetDelta=0.78452 baseline=0.00060 adaptive=0.00150 lastPeak=0.00000 guard=0.060 activeAge=-1.000 pitch=-1.00Hz pitchCents=0.0
2025-12-14 07:52:21 [tracker] [s5] onset t=26.202 env=0.00161 gate=0.00016 envDelta=0.00145 envFloor=0.00111 onset=0.994 thresh=0.016 onsetDelta=0.97810 baseline=0.00074 adaptive=0.00186 lastPeak=0.00000 guard=0.060 activeAge=-1.000 pitch=-1.00Hz pitchCents=0.0
2025-12-14 07:52:21 [tracker] [s1] aubio-raw t=26.2771 onset=1.194209 env=0.000808 peak=0.002402 gain=1.000
2025-12-14 07:52:21 [tracker] [s1] onset-accepted t=26.2771 env=0.000808 gate=0.000023 envDelta=0.000784 envFloor=0.000636 onset=1.194209 thresh=0.006000 onsetDelta=1.188209 baseline=0.000424 floor=0.000180 adapt=0.001060 lastPeak=0.000000 baseParam=0.000180 gateRatio=0.0550 envParam=0.000450 onsetScale=0.300 retriggerScale=1.400 guard=0.060 guardRemain=0.000 activeAge=-1.000 retrigRemain=0.000 pitchHz=-1.00 pitchCents=0.0
2025-12-14 07:52:21 [tracker] [s1] onset t=26.277 env=0.00081 gate=0.00002 envDelta=0.00078 envFloor=0.00064 onset=1.194 thresh=0.006 onsetDelta=1.18821 baseline=0.00042 adaptive=0.00106 lastPeak=0.00000 guard=0.060 activeAge=-1.000 pitch=-1.00Hz pitchCents=0.0
2025-12-14 07:52:21 [tracker] [s4] onset t=26.301 env=0.00144 gate=0.00012 envDelta=0.00132 envFloor=0.00102 onset=0.992 thresh=0.014 onsetDelta=0.97788 baseline=0.00068 adaptive=0.00170 lastPeak=0.00000 guard=0.060 activeAge=-1.000 pitch=-1.00Hz pitchCents=0.0
2025-12-14 07:52:21 [tracker] [s4] onset t=26.432 env=0.00137 gate=0.00011 envDelta=0.00126 envFloor=0.00093 onset=1.150 thresh=0.014 onsetDelta=1.13611 baseline=0.00062 adaptive=0.00155 lastPeak=0.00000 guard=0.060 activeAge=-1.000 pitch=-1.00Hz pitchCents=0.0
2025-12-14 07:52:21 [tracker] [s6] onset t=26.456 env=0.00172 gate=0.00019 envDelta=0.00153 envFloor=0.00116 onset=0.997 thresh=0.018 onsetDelta=0.97875 baseline=0.00077 adaptive=0.00194 lastPeak=0.00000 guard=0.060 activeAge=-1.000 pitch=-1.00Hz pitchCents=0.0
2025-12-14 07:52:21 [tracker] [s4] onset t=26.546 env=0.00122 gate=0.00011 envDelta=0.00111 envFloor=0.00097 onset=0.998 thresh=0.014 onsetDelta=0.98374 baseline=0.00065 adaptive=0.00162 lastPeak=0.00000 guard=0.060 activeAge=-1.000 pitch=-1.00Hz pitchCents=0.0
2025-12-14 07:52:21 [tracker] [s6] onset t=26.546 env=0.00204 gate=0.00021 envDelta=0.00183 envFloor=0.00125 onset=1.001 thresh=0.018 onsetDelta=0.98291 baseline=0.00083 adaptive=0.00209 lastPeak=0.00000 guard=0.060 activeAge=-1.000 pitch=-1.00Hz pitchCents=0.0
2025-12-14 07:52:21 [tracker] [s2] onset t=26.557 env=0.00099 gate=0.00001 envDelta=0.00099 envFloor=0.00095 onset=0.997 thresh=0.009 onsetDelta=0.98831 baseline=0.00063 adaptive=0.00158 lastPeak=0.00000 guard=0.060 activeAge=-1.000 pitch=99.99Hz pitchCents=-165.1
2025-12-14 07:52:21 [tracker] [s3] onset t=26.605 env=0.00130 gate=0.00008 envDelta=0.00122 envFloor=0.00095 onset=1.034 thresh=0.012 onsetDelta=1.02279 baseline=0.00063 adaptive=0.00158 lastPeak=0.00000 guard=0.060 activeAge=-1.000 pitch=-1.00Hz pitchCents=0.0
2025-12-14 07:52:21 [tracker] [s1] aubio-raw t=26.6557 onset=0.993394 env=0.000822 peak=0.002328 gain=1.000
2025-12-14 07:52:21 [tracker] [s1] onset-accepted t=26.6557 env=0.000822 gate=0.000023 envDelta=0.000799 envFloor=0.000616 onset=0.993394 thresh=0.006000 onsetDelta=0.987394 baseline=0.000411 floor=0.000180 adapt=0.001026 lastPeak=0.000000 baseParam=0.000180 gateRatio=0.0550 envParam=0.000450 onsetScale=0.300 retriggerScale=1.400 guard=0.060 guardRemain=0.000 activeAge=-1.000 retrigRemain=0.000 pitchHz=-1.00 pitchCents=0.0
2025-12-14 07:52:21 [tracker] [s1] onset t=26.656 env=0.00082 gate=0.00002 envDelta=0.00080 envFloor=0.00062 onset=0.993 thresh=0.006 onsetDelta=0.98739 baseline=0.00041 adaptive=0.00103 lastPeak=0.00000 guard=0.060 activeAge=-1.000 pitch=-1.00Hz pitchCents=0.0
2025-12-14 07:52:21 [tracker] [s5] onset t=26.706 env=0.00135 gate=0.00015 envDelta=0.00120 envFloor=0.00106 onset=1.003 thresh=0.016 onsetDelta=0.98711 baseline=0.00070 adaptive=0.00176 lastPeak=0.00000 guard=0.060 activeAge=-1.000 pitch=-1.00Hz pitchCents=0.0
2025-12-14 07:52:21 [tracker] [s4] onset t=26.776 env=0.00150 gate=0.00010 envDelta=0.00139 envFloor=0.00092 onset=0.980 thresh=0.014 onsetDelta=0.96598 baseline=0.00061 adaptive=0.00153 lastPeak=0.00000 guard=0.060 activeAge=-1.000 pitch=-1.00Hz pitchCents=0.0
2025-12-14 07:52:22 [tracker] [s3] onset t=26.810 env=0.00128 gate=0.00008 envDelta=0.00120 envFloor=0.00089 onset=0.626 thresh=0.012 onsetDelta=0.61468 baseline=0.00059 adaptive=0.00148 lastPeak=0.00000 guard=0.060 activeAge=-1.000 pitch=-1.00Hz pitchCents=0.0
2025-12-14 07:52:22 [tracker] [s4] onset t=26.837 env=0.00112 gate=0.00010 envDelta=0.00101 envFloor=0.00092 onset=0.586 thresh=0.014 onsetDelta=0.57212 baseline=0.00062 adaptive=0.00154 lastPeak=0.00000 guard=0.060 activeAge=-1.000 pitch=-1.00Hz pitchCents=0.0
2025-12-14 07:52:22 [tracker] [s3] onset t=26.893 env=0.00171 gate=0.00008 envDelta=0.00163 envFloor=0.00087 onset=0.674 thresh=0.012 onsetDelta=0.66285 baseline=0.00058 adaptive=0.00145 lastPeak=0.00000 guard=0.060 activeAge=-1.000 pitch=-1.00Hz pitchCents=0.0
2025-12-14 07:52:22 [tracker] [s4] onset t=26.920 env=0.00152 gate=0.00011 envDelta=0.00140 envFloor=0.00101 onset=0.943 thresh=0.014 onsetDelta=0.92852 baseline=0.00067 adaptive=0.00168 lastPeak=0.00000 guard=0.060 activeAge=-1.000 pitch=-1.00Hz pitchCents=0.0
2025-12-14 07:52:22 [tracker] [s1] aubio-raw t=26.9384 onset=1.399340 env=0.000776 peak=0.001972 gain=1.000
2025-12-14 07:52:22 [tracker] [s1] onset-accepted t=26.9384 env=0.000776 gate=0.000023 envDelta=0.000753 envFloor=0.000632 onset=1.399340 thresh=0.006000 onsetDelta=1.393340 baseline=0.000422 floor=0.000180 adapt=0.001054 lastPeak=0.000000 baseParam=0.000180 gateRatio=0.0550 envParam=0.000450 onsetScale=0.300 retriggerScale=1.400 guard=0.060 guardRemain=0.000 activeAge=-1.000 retrigRemain=0.000 pitchHz=-1.00 pitchCents=0.0
2025-12-14 07:52:22 [tracker] [s1] onset t=26.938 env=0.00078 gate=0.00002 envDelta=0.00075 envFloor=0.00063 onset=1.399 thresh=0.006 onsetDelta=1.39334 baseline=0.00042 adaptive=0.00105 lastPeak=0.00000 guard=0.060 activeAge=-1.000 pitch=-1.00Hz pitchCents=0.0
2025-12-14 07:52:22 [tracker] [s4] onset t=27.069 env=0.00121 gate=0.00011 envDelta=0.00110 envFloor=0.00099 onset=0.995 thresh=0.014 onsetDelta=0.98126 baseline=0.00066 adaptive=0.00165 lastPeak=0.00000 guard=0.060 activeAge=-1.000 pitch=-1.00Hz pitchCents=0.0
2025-12-14 07:52:22 [tracker] [s6] onset t=27.101 env=0.00168 gate=0.00021 envDelta=0.00147 envFloor=0.00125 onset=0.807 thresh=0.018 onsetDelta=0.78906 baseline=0.00084 adaptive=0.00209 lastPeak=0.00000 guard=0.060 activeAge=-1.000 pitch=-1.00Hz pitchCents=0.0
2025-12-14 07:52:22 [tracker] [s5] onset t=27.160 env=0.00130 gate=0.00015 envDelta=0.00115 envFloor=0.00104 onset=1.164 thresh=0.016 onsetDelta=1.14821 baseline=0.00069 adaptive=0.00174 lastPeak=0.00000 guard=0.060 activeAge=-1.000 pitch=-1.00Hz pitchCents=0.0
2025-12-14 07:52:22 [tracker] [s4] onset t=27.181 env=0.00136 gate=0.00011 envDelta=0.00125 envFloor=0.00094 onset=0.997 thresh=0.014 onsetDelta=0.98318 baseline=0.00062 adaptive=0.00156 lastPeak=0.00000 guard=0.060 activeAge=-1.000 pitch=-1.00Hz pitchCents=0.0
2025-12-14 07:52:22 [tracker] [s2] onset t=27.202 env=0.00153 gate=0.00001 envDelta=0.00152 envFloor=0.00100 onset=0.880 thresh=0.009 onsetDelta=0.87133 baseline=0.00067 adaptive=0.00166 lastPeak=0.00000 guard=0.060 activeAge=-1.000 pitch=889.02Hz pitchCents=3617.7
2025-12-14 07:52:22 [tracker] [s1] aubio-raw t=27.3117 onset=0.988009 env=0.000976 peak=0.002562 gain=1.000
2025-12-14 07:52:22 [tracker] [s1] onset-accepted t=27.3117 env=0.000976 gate=0.000024 envDelta=0.000952 envFloor=0.000652 onset=0.988009 thresh=0.006000 onsetDelta=0.982009 baseline=0.000435 floor=0.000180 adapt=0.001087 lastPeak=0.000000 baseParam=0.000180 gateRatio=0.0550 envParam=0.000450 onsetScale=0.300 retriggerScale=1.400 guard=0.060 guardRemain=0.000 activeAge=-1.000 retrigRemain=0.000 pitchHz=-1.00 pitchCents=0.0
2025-12-14 07:52:22 [tracker] [s1] onset t=27.312 env=0.00098 gate=0.00002 envDelta=0.00095 envFloor=0.00065 onset=0.988 thresh=0.006 onsetDelta=0.98201 baseline=0.00043 adaptive=0.00109 lastPeak=0.00000 guard=0.060 activeAge=-1.000 pitch=-1.00Hz pitchCents=0.0
2025-12-14 07:52:22 [tracker] [s3] onset t=27.373 env=0.00201 gate=0.00008 envDelta=0.00193 envFloor=0.00096 onset=0.854 thresh=0.012 onsetDelta=0.84237 baseline=0.00064 adaptive=0.00160 lastPeak=0.00000 guard=0.060 activeAge=-1.000 pitch=-1.00Hz pitchCents=0.0
2025-12-14 07:52:22 [tracker] [s4] onset t=27.408 env=0.00187 gate=0.00012 envDelta=0.00175 envFloor=0.00102 onset=1.263 thresh=0.014 onsetDelta=1.24865 baseline=0.00068 adaptive=0.00170 lastPeak=0.00000 guard=0.060 activeAge=-1.000 pitch=-1.00Hz pitchCents=0.0
2025-12-14 07:52:22 [tracker] [s5] onset t=27.408 env=0.00179 gate=0.00016 envDelta=0.00163 envFloor=0.00112 onset=1.121 thresh=0.016 onsetDelta=1.10509 baseline=0.00075 adaptive=0.00186 lastPeak=0.00000 guard=0.060 activeAge=-1.000 pitch=-1.00Hz pitchCents=0.0
2025-12-14 07:52:22 [tracker] [s1] aubio-raw t=27.4343 onset=0.994344 env=0.000972 peak=0.002703 gain=1.000
2025-12-14 07:52:22 [tracker] [s1] onset-accepted t=27.4343 env=0.000972 gate=0.000023 envDelta=0.000949 envFloor=0.000616 onset=0.994344 thresh=0.006000 onsetDelta=0.988344 baseline=0.000410 floor=0.000180 adapt=0.001026 lastPeak=0.000000 baseParam=0.000180 gateRatio=0.0550 envParam=0.000450 onsetScale=0.300 retriggerScale=1.400 guard=0.060 guardRemain=0.000 activeAge=-1.000 retrigRemain=0.000 pitchHz=-1.00 pitchCents=0.0
2025-12-14 07:52:22 [tracker] [s1] onset t=27.434 env=0.00097 gate=0.00002 envDelta=0.00095 envFloor=0.00062 onset=0.994 thresh=0.006 onsetDelta=0.98834 baseline=0.00041 adaptive=0.00103 lastPeak=0.00000 guard=0.060 activeAge=-1.000 pitch=-1.00Hz pitchCents=0.0
2025-12-14 07:52:22 [tracker] [s5] onset t=27.509 env=0.00187 gate=0.00015 envDelta=0.00172 envFloor=0.00105 onset=0.719 thresh=0.016 onsetDelta=0.70270 baseline=0.00070 adaptive=0.00175 lastPeak=0.00000 guard=0.060 activeAge=-1.000 pitch=-1.00Hz pitchCents=0.0
2025-12-14 07:52:22 [tracker] [s2] release-retrigger t=27.562 onset=0.998 gate=0.000 age=0.360
2025-12-14 07:52:22 [tracker] [s2] note-ended t=27.562 fret=24 dur=0.360
2025-12-14 07:52:22 [tracker] [s6] onset t=27.562 env=0.00170 gate=0.00020 envDelta=0.00150 envFloor=0.00119 onset=0.997 thresh=0.018 onsetDelta=0.97855 baseline=0.00080 adaptive=0.00199 lastPeak=0.00000 guard=0.060 activeAge=-1.000 pitch=-1.00Hz pitchCents=0.0
2025-12-14 07:52:22 [tracker] [s2] onset t=27.674 env=0.00175 gate=0.00001 envDelta=0.00175 envFloor=0.00099 onset=0.944 thresh=0.009 onsetDelta=0.93525 baseline=0.00066 adaptive=0.00164 lastPeak=0.00063 guard=0.060 activeAge=-1.000 pitch=-1.00Hz pitchCents=0.0
2025-12-14 07:52:22 [tracker] [s6] onset t=27.680 env=0.00213 gate=0.00021 envDelta=0.00192 envFloor=0.00127 onset=0.997 thresh=0.018 onsetDelta=0.97921 baseline=0.00085 adaptive=0.00212 lastPeak=0.00000 guard=0.060 activeAge=-1.000 pitch=-1.00Hz pitchCents=0.0
2025-12-14 07:52:22 [tracker] [s1] aubio-raw t=27.7303 onset=0.770565 env=0.001013 peak=0.002276 gain=1.000
2025-12-14 07:52:22 [tracker] [s1] onset-accepted t=27.7303 env=0.001013 gate=0.000025 envDelta=0.000987 envFloor=0.000694 onset=0.770565 thresh=0.006000 onsetDelta=0.764565 baseline=0.000463 floor=0.000180 adapt=0.001157 lastPeak=0.000000 baseParam=0.000180 gateRatio=0.0550 envParam=0.000450 onsetScale=0.300 retriggerScale=1.400 guard=0.060 guardRemain=0.000 activeAge=-1.000 retrigRemain=0.000 pitchHz=-1.00 pitchCents=0.0
2025-12-14 07:52:22 [tracker] [s1] onset t=27.730 env=0.00101 gate=0.00003 envDelta=0.00099 envFloor=0.00069 onset=0.771 thresh=0.006 onsetDelta=0.76456 baseline=0.00046 adaptive=0.00116 lastPeak=0.00000 guard=0.060 activeAge=-1.000 pitch=-1.00Hz pitchCents=0.0
2025-12-14 07:52:22 [tracker] [s3] onset t=27.741 env=0.00166 gate=0.00008 envDelta=0.00158 envFloor=0.00092 onset=0.998 thresh=0.012 onsetDelta=0.98680 baseline=0.00061 adaptive=0.00153 lastPeak=0.00000 guard=0.060 activeAge=-1.000 pitch=-1.00Hz pitchCents=0.0
2025-12-14 07:52:22 [tracker] [s6] onset t=27.749 env=0.00225 gate=0.00022 envDelta=0.00203 envFloor=0.00132 onset=0.997 thresh=0.018 onsetDelta=0.97915 baseline=0.00088 adaptive=0.00221 lastPeak=0.00000 guard=0.060 activeAge=-1.000 pitch=-1.00Hz pitchCents=0.0
2025-12-14 07:52:23 [tracker] [s1] aubio-raw t=27.8823 onset=1.089573 env=0.001110 peak=0.002394 gain=1.000
2025-12-14 07:52:23 [tracker] [s1] onset-accepted t=27.8823 env=0.001110 gate=0.000024 envDelta=0.001085 envFloor=0.000662 onset=1.089573 thresh=0.006000 onsetDelta=1.083573 baseline=0.000441 floor=0.000180 adapt=0.001103 lastPeak=0.000000 baseParam=0.000180 gateRatio=0.0550 envParam=0.000450 onsetScale=0.300 retriggerScale=1.400 guard=0.060 guardRemain=0.000 activeAge=-1.000 retrigRemain=0.000 pitchHz=101.26 pitchCents=356.7
2025-12-14 07:52:23 [tracker] [s1] onset t=27.882 env=0.00111 gate=0.00002 envDelta=0.00109 envFloor=0.00066 onset=1.090 thresh=0.006 onsetDelta=1.08357 baseline=0.00044 adaptive=0.00110 lastPeak=0.00000 guard=0.060 activeAge=-1.000 pitch=101.26Hz pitchCents=356.7
2025-12-14 07:52:23 [tracker] [s2] onset t=28.045 env=0.00131 gate=0.00001 envDelta=0.00130 envFloor=0.00099 onset=0.995 thresh=0.009 onsetDelta=0.98636 baseline=0.00066 adaptive=0.00164 lastPeak=0.00031 guard=0.060 activeAge=-1.000 pitch=-1.00Hz pitchCents=0.0
2025-12-14 07:52:23 [tracker] [s4] onset t=28.192 env=0.00136 gate=0.00012 envDelta=0.00125 envFloor=0.00103 onset=0.997 thresh=0.014 onsetDelta=0.98265 baseline=0.00069 adaptive=0.00172 lastPeak=0.00000 guard=0.060 activeAge=-1.000 pitch=-1.00Hz pitchCents=0.0
2025-12-14 07:52:23 [tracker] [s2] onset t=28.197 env=0.00155 gate=0.00001 envDelta=0.00154 envFloor=0.00103 onset=0.999 thresh=0.009 onsetDelta=0.98987 baseline=0.00069 adaptive=0.00172 lastPeak=0.00024 guard=0.060 activeAge=-1.000 pitch=-1.00Hz pitchCents=0.0
2025-12-14 07:52:23 [tracker] [s5] onset t=28.245 env=0.00144 gate=0.00015 envDelta=0.00129 envFloor=0.00109 onset=1.007 thresh=0.016 onsetDelta=0.99104 baseline=0.00073 adaptive=0.00182 lastPeak=0.00000 guard=0.060 activeAge=-1.000 pitch=-1.00Hz pitchCents=0.0
2025-12-14 07:52:23 [tracker] [s3] onset t=28.320 env=0.00116 gate=0.00008 envDelta=0.00108 envFloor=0.00091 onset=1.095 thresh=0.012 onsetDelta=1.08343 baseline=0.00061 adaptive=0.00152 lastPeak=0.00000 guard=0.060 activeAge=-1.000 pitch=-1.00Hz pitchCents=0.0
2025-12-14 07:52:23 [tracker] [s2] onset t=28.357 env=0.00164 gate=0.00001 envDelta=0.00163 envFloor=0.00098 onset=1.106 thresh=0.009 onsetDelta=1.09739 baseline=0.00065 adaptive=0.00163 lastPeak=0.00017 guard=0.060 activeAge=-1.000 pitch=999.93Hz pitchCents=3821.2
2025-12-14 07:52:23 [tracker] [s4] onset t=28.416 env=0.00143 gate=0.00011 envDelta=0.00132 envFloor=0.00097 onset=1.132 thresh=0.014 onsetDelta=1.11804 baseline=0.00065 adaptive=0.00162 lastPeak=0.00000 guard=0.060 activeAge=-1.000 pitch=-1.00Hz pitchCents=0.0
2025-12-14 07:52:23 [tracker] [s5] onset t=28.448 env=0.00162 gate=0.00014 envDelta=0.00147 envFloor=0.00102 onset=0.999 thresh=0.016 onsetDelta=0.98285 baseline=0.00068 adaptive=0.00170 lastPeak=0.00000 guard=0.060 activeAge=-1.000 pitch=-1.00Hz pitchCents=0.0
2025-12-14 07:52:23 [tracker] [s1] aubio-raw t=28.5009 onset=1.496725 env=0.001128 peak=0.002611 gain=1.000
2025-12-14 07:52:23 [tracker] [s1] onset-accepted t=28.5009 env=0.001128 gate=0.000025 envDelta=0.001103 envFloor=0.000688 onset=1.496725 thresh=0.006000 onsetDelta=1.490725 baseline=0.000459 floor=0.000180 adapt=0.001147 lastPeak=0.000000 baseParam=0.000180 gateRatio=0.0550 envParam=0.000450 onsetScale=0.300 retriggerScale=1.400 guard=0.060 guardRemain=0.000 activeAge=-1.000 retrigRemain=0.000 pitchHz=-1.00 pitchCents=0.0
2025-12-14 07:52:23 [tracker] [s1] onset t=28.501 env=0.00113 gate=0.00003 envDelta=0.00110 envFloor=0.00069 onset=1.497 thresh=0.006 onsetDelta=1.49072 baseline=0.00046 adaptive=0.00115 lastPeak=0.00000 guard=0.060 activeAge=-1.000 pitch=-1.00Hz pitchCents=0.0
2025-12-14 07:52:23 [tracker] [s5] onset t=28.616 env=0.00180 gate=0.00015 envDelta=0.00165 envFloor=0.00107 onset=0.971 thresh=0.016 onsetDelta=0.95471 baseline=0.00071 adaptive=0.00178 lastPeak=0.00000 guard=0.060 activeAge=-1.000 pitch=-1.00Hz pitchCents=0.0
2025-12-14 07:52:23 [tracker] [s2] onset t=28.658 env=0.00142 gate=0.00001 envDelta=0.00142 envFloor=0.00099 onset=1.204 thresh=0.009 onsetDelta=1.19544 baseline=0.00066 adaptive=0.00165 lastPeak=0.00010 guard=0.060 activeAge=-1.000 pitch=-1.00Hz pitchCents=0.0
2025-12-14 07:52:23 [tracker] [s6] onset t=28.672 env=0.00155 gate=0.00019 envDelta=0.00136 envFloor=0.00117 onset=0.998 thresh=0.018 onsetDelta=0.98033 baseline=0.00078 adaptive=0.00194 lastPeak=0.00000 guard=0.060 activeAge=-1.000 pitch=-1.00Hz pitchCents=0.0
2025-12-14 07:52:23 [tracker] [s4] onset t=28.773 env=0.00139 gate=0.00011 envDelta=0.00128 envFloor=0.00095 onset=0.607 thresh=0.014 onsetDelta=0.59269 baseline=0.00063 adaptive=0.00158 lastPeak=0.00000 guard=0.060 activeAge=-1.000 pitch=-1.00Hz pitchCents=0.0
2025-12-14 07:52:24 [tracker] [s5] onset t=28.850 env=0.00177 gate=0.00015 envDelta=0.00161 envFloor=0.00111 onset=0.662 thresh=0.016 onsetDelta=0.64589 baseline=0.00074 adaptive=0.00184 lastPeak=0.00000 guard=0.060 activeAge=-1.000 pitch=-1.00Hz pitchCents=0.0
2025-12-14 07:52:24 [tracker] [s2] onset t=28.909 env=0.00139 gate=0.00001 envDelta=0.00138 envFloor=0.00100 onset=0.995 thresh=0.009 onsetDelta=0.98561 baseline=0.00067 adaptive=0.00166 lastPeak=0.00006 guard=0.060 activeAge=-1.000 pitch=470.56Hz pitchCents=2516.3
2025-12-14 07:52:24 [tracker] [s3] onset t=28.984 env=0.00127 gate=0.00008 envDelta=0.00119 envFloor=0.00095 onset=1.298 thresh=0.012 onsetDelta=1.28673 baseline=0.00063 adaptive=0.00159 lastPeak=0.00000 guard=0.060 activeAge=-1.000 pitch=-1.00Hz pitchCents=0.0
2025-12-14 07:52:24 [tracker] [s5] onset t=29.018 env=0.00120 gate=0.00014 envDelta=0.00106 envFloor=0.00102 onset=0.665 thresh=0.016 onsetDelta=0.64872 baseline=0.00068 adaptive=0.00171 lastPeak=0.00000 guard=0.060 activeAge=-1.000 pitch=-1.00Hz pitchCents=0.0
2025-12-14 07:52:24 [tracker] [s6] onset t=29.042 env=0.00187 gate=0.00020 envDelta=0.00167 envFloor=0.00121 onset=0.798 thresh=0.018 onsetDelta=0.78007 baseline=0.00081 adaptive=0.00202 lastPeak=0.00000 guard=0.060 activeAge=-1.000 pitch=-1.00Hz pitchCents=0.0
2025-12-14 07:52:24 [tracker] [s6] onset t=29.112 env=0.00196 gate=0.00020 envDelta=0.00177 envFloor=0.00119 onset=0.827 thresh=0.018 onsetDelta=0.80935 baseline=0.00080 adaptive=0.00199 lastPeak=0.00000 guard=0.060 activeAge=-1.000 pitch=-1.00Hz pitchCents=0.0
2025-12-14 07:52:24 [tracker] [s4] onset t=29.154 env=0.00137 gate=0.00011 envDelta=0.00126 envFloor=0.00094 onset=1.044 thresh=0.014 onsetDelta=1.03025 baseline=0.00063 adaptive=0.00156 lastPeak=0.00000 guard=0.060 activeAge=-1.000 pitch=-1.00Hz pitchCents=0.0
2025-12-14 07:52:24 [tracker] [s5] onset t=29.168 env=0.00191 gate=0.00015 envDelta=0.00176 envFloor=0.00105 onset=1.000 thresh=0.016 onsetDelta=0.98394 baseline=0.00070 adaptive=0.00174 lastPeak=0.00000 guard=0.060 activeAge=-1.000 pitch=-1.00Hz pitchCents=0.0
2025-12-14 07:52:24 [tracker] [s3] onset t=29.189 env=0.00126 gate=0.00008 envDelta=0.00118 envFloor=0.00094 onset=0.996 thresh=0.012 onsetDelta=0.98483 baseline=0.00063 adaptive=0.00156 lastPeak=0.00000 guard=0.060 activeAge=-1.000 pitch=-1.00Hz pitchCents=0.0
2025-12-14 07:52:24 [tracker] [s6] onset t=29.192 env=0.00174 gate=0.00020 envDelta=0.00155 envFloor=0.00117 onset=1.059 thresh=0.018 onsetDelta=1.04130 baseline=0.00078 adaptive=0.00196 lastPeak=0.00000 guard=0.060 activeAge=-1.000 pitch=-1.00Hz pitchCents=0.0
2025-12-14 07:52:24 [tracker] [s1] aubio-raw t=29.2449 onset=0.997044 env=0.000517 peak=0.001259 gain=1.000
2025-12-14 07:52:24 [tracker] [s1] onset-below-env-floor t=29.2449 env=0.000517 gate=0.000024 envDelta=0.000492 envFloor=0.000663 onset=0.997044 thresh=0.006000 onsetDelta=0.991044 baseline=0.000442 floor=0.000180 adapt=0.001105 lastPeak=0.000000 baseParam=0.000180 gateRatio=0.0550 envParam=0.000450 onsetScale=0.300 retriggerScale=1.400 guard=0.060 guardRemain=0.000 activeAge=-1.000 retrigRemain=0.000 pitchHz=-1.00 pitchCents=0.0
2025-12-14 07:52:24 [tracker] [s1] aubio-raw t=29.3035 onset=1.255694 env=0.000726 peak=0.001853 gain=1.000
2025-12-14 07:52:24 [tracker] [s1] onset-accepted t=29.3035 env=0.000726 gate=0.000023 envDelta=0.000703 envFloor=0.000626 onset=1.255694 thresh=0.006000 onsetDelta=1.249694 baseline=0.000418 floor=0.000180 adapt=0.001044 lastPeak=0.000000 baseParam=0.000180 gateRatio=0.0550 envParam=0.000450 onsetScale=0.300 retriggerScale=1.400 guard=0.060 guardRemain=0.000 activeAge=-1.000 retrigRemain=0.000 pitchHz=-1.00 pitchCents=0.0
2025-12-14 07:52:24 [tracker] [s5] onset t=29.392 env=0.00119 gate=0.00015 envDelta=0.00104 envFloor=0.00106 onset=0.990 thresh=0.016 onsetDelta=0.97401 baseline=0.00071 adaptive=0.00177 lastPeak=0.00000 guard=0.060 activeAge=-1.000 pitch=-1.00Hz pitchCents=0.0
2025-12-14 07:52:24 [tracker] [s3] onset t=29.520 env=0.00135 gate=0.00008 envDelta=0.00127 envFloor=0.00093 onset=0.957 thresh=0.012 onsetDelta=0.94531 baseline=0.00062 adaptive=0.00155 lastPeak=0.00000 guard=0.060 activeAge=-1.000 pitch=-1.00Hz pitchCents=0.0
2025-12-14 07:52:24 [tracker] [s1] aubio-raw t=29.5275 onset=0.992718 env=0.000782 peak=0.001983 gain=1.000
2025-12-14 07:52:24 [tracker] [s1] onset-accepted t=29.5275 env=0.000782 gate=0.000022 envDelta=0.000760 envFloor=0.000603 onset=0.992718 thresh=0.006000 onsetDelta=0.986718 baseline=0.000402 floor=0.000180 adapt=0.001005 lastPeak=0.000000 baseParam=0.000180 gateRatio=0.0550 envParam=0.000450 onsetScale=0.300 retriggerScale=1.400 guard=0.060 guardRemain=0.000 activeAge=-1.000 retrigRemain=0.000 pitchHz=-1.00 pitchCents=0.0
2025-12-14 07:52:24 [tracker] [s1] onset t=29.528 env=0.00078 gate=0.00002 envDelta=0.00076 envFloor=0.00060 onset=0.993 thresh=0.006 onsetDelta=0.98672 baseline=0.00040 adaptive=0.00100 lastPeak=0.00000 guard=0.060 activeAge=-1.000 pitch=-1.00Hz pitchCents=0.0
2025-12-14 07:52:24 [tracker] [s4] onset t=29.568 env=0.00153 gate=0.00012 envDelta=0.00141 envFloor=0.00103 onset=0.999 thresh=0.014 onsetDelta=0.98476 baseline=0.00069 adaptive=0.00172 lastPeak=0.00000 guard=0.060 activeAge=-1.000 pitch=-1.00Hz pitchCents=0.0
2025-12-14 07:52:24 [tracker] [s2] onset t=29.586 env=0.00097 gate=0.00001 envDelta=0.00097 envFloor=0.00092 onset=1.063 thresh=0.009 onsetDelta=1.05417 baseline=0.00062 adaptive=0.00154 lastPeak=0.00002 guard=0.060 activeAge=-1.000 pitch=94.11Hz pitchCents=-270.1
2025-12-14 07:52:24 [tracker] [s3] onset t=29.613 env=0.00152 gate=0.00008 envDelta=0.00143 envFloor=0.00096 onset=0.996 thresh=0.012 onsetDelta=0.98441 baseline=0.00064 adaptive=0.00160 lastPeak=0.00000 guard=0.060 activeAge=-1.000 pitch=-1.00Hz pitchCents=0.0
2025-12-14 07:52:24 [tracker] [s2] onset t=29.669 env=0.00123 gate=0.00001 envDelta=0.00123 envFloor=0.00103 onset=1.002 thresh=0.009 onsetDelta=0.99333 baseline=0.00069 adaptive=0.00171 lastPeak=0.00001 guard=0.060 activeAge=-1.000 pitch=-1.00Hz pitchCents=0.0
2025-12-14 07:52:24 [tracker] [s1] aubio-raw t=29.6769 onset=0.997607 env=0.000744 peak=0.001964 gain=1.000
2025-12-14 07:52:24 [tracker] [s1] onset-accepted t=29.6769 env=0.000744 gate=0.000023 envDelta=0.000721 envFloor=0.000623 onset=0.997607 thresh=0.006000 onsetDelta=0.991607 baseline=0.000415 floor=0.000180 adapt=0.001038 lastPeak=0.000000 baseParam=0.000180 gateRatio=0.0550 envParam=0.000450 onsetScale=0.300 retriggerScale=1.400 guard=0.060 guardRemain=0.000 activeAge=-1.000 retrigRemain=0.000 pitchHz=-1.00 pitchCents=0.0
2025-12-14 07:52:24 [tracker] [s1] onset t=29.677 env=0.00074 gate=0.00002 envDelta=0.00072 envFloor=0.00062 onset=0.998 thresh=0.006 onsetDelta=0.99161 baseline=0.00042 adaptive=0.00104 lastPeak=0.00000 guard=0.060 activeAge=-1.000 pitch=-1.00Hz pitchCents=0.0
2025-12-14 07:52:24 [tracker] [s2] onset t=29.725 env=0.00147 gate=0.00001 envDelta=0.00146 envFloor=0.00100 onset=0.947 thresh=0.009 onsetDelta=0.93777 baseline=0.00067 adaptive=0.00166 lastPeak=0.00001 guard=0.060 activeAge=-1.000 pitch=-1.00Hz pitchCents=0.0
2025-12-14 07:52:24 [tracker] [s1] aubio-raw t=29.7595 onset=0.996671 env=0.000787 peak=0.001959 gain=1.000
2025-12-14 07:52:24 [tracker] [s1] onset-accepted t=29.7595 env=0.000787 gate=0.000022 envDelta=0.000765 envFloor=0.000597 onset=0.996671 thresh=0.006000 onsetDelta=0.990671 baseline=0.000398 floor=0.000180 adapt=0.000996 lastPeak=0.000000 baseParam=0.000180 gateRatio=0.0550 envParam=0.000450 onsetScale=0.300 retriggerScale=1.400 guard=0.060 guardRemain=0.000 activeAge=-1.000 retrigRemain=0.000 pitchHz=-1.00 pitchCents=0.0
2025-12-14 07:52:24 [tracker] [s1] onset t=29.760 env=0.00079 gate=0.00002 envDelta=0.00077 envFloor=0.00060 onset=0.997 thresh=0.006 onsetDelta=0.99067 baseline=0.00040 adaptive=0.00100 lastPeak=0.00000 guard=0.060 activeAge=-1.000 pitch=-1.00Hz pitchCents=0.0
2025-12-14 07:52:25 [tracker] [s5] onset t=29.824 env=0.00164 gate=0.00014 envDelta=0.00150 envFloor=0.00101 onset=0.995 thresh=0.016 onsetDelta=0.97923 baseline=0.00068 adaptive=0.00169 lastPeak=0.00000 guard=0.060 activeAge=-1.000 pitch=-1.00Hz pitchCents=0.0
2025-12-14 07:52:25 [tracker] [s6] onset t=29.951 env=0.00188 gate=0.00020 envDelta=0.00168 envFloor=0.00121 onset=0.880 thresh=0.018 onsetDelta=0.86172 baseline=0.00080 adaptive=0.00201 lastPeak=0.00000 guard=0.060 activeAge=-1.000 pitch=-1.00Hz pitchCents=0.0
2025-12-14 07:52:25 [tracker] [s1] aubio-raw t=29.9888 onset=1.001418 env=0.000641 peak=0.001808 gain=1.000
2025-12-14 07:52:25 [tracker] [s1] onset-below-env-floor t=29.9888 env=0.000641 gate=0.000024 envDelta=0.000617 envFloor=0.000659 onset=1.001418 thresh=0.006000 onsetDelta=0.995418 baseline=0.000439 floor=0.000180 adapt=0.001098 lastPeak=0.000000 baseParam=0.000180 gateRatio=0.0550 envParam=0.000450 onsetScale=0.300 retriggerScale=1.400 guard=0.060 guardRemain=0.000 activeAge=-1.000 retrigRemain=0.000 pitchHz=727.29 pitchCents=3770.0
2025-12-14 07:52:25 [tracker] [s2] onset t=29.999 env=0.00170 gate=0.00001 envDelta=0.00170 envFloor=0.00104 onset=0.993 thresh=0.009 onsetDelta=0.98383 baseline=0.00069 adaptive=0.00173 lastPeak=0.00001 guard=0.060 activeAge=-1.000 pitch=666.86Hz pitchCents=3119.9
2025-12-14 07:52:25 [tracker] [s1] aubio-raw t=30.2181 onset=1.174719 env=0.000895 peak=0.001901 gain=1.000
2025-12-14 07:52:25 [tracker] [s1] onset-accepted t=30.2181 env=0.000895 gate=0.000023 envDelta=0.000872 envFloor=0.000624 onset=1.174719 thresh=0.006000 onsetDelta=1.168719 baseline=0.000416 floor=0.000180 adapt=0.001040 lastPeak=0.000000 baseParam=0.000180 gateRatio=0.0550 envParam=0.000450 onsetScale=0.300 retriggerScale=1.400 guard=0.060 guardRemain=0.000 activeAge=-1.000 retrigRemain=0.000 pitchHz=210.54 pitchCents=1623.9
2025-12-14 07:52:25 [tracker] [s1] onset t=30.218 env=0.00089 gate=0.00002 envDelta=0.00087 envFloor=0.00062 onset=1.175 thresh=0.006 onsetDelta=1.16872 baseline=0.00042 adaptive=0.00104 lastPeak=0.00000 guard=0.060 activeAge=-1.000 pitch=210.54Hz pitchCents=1623.9
2025-12-14 07:52:25 [tracker] [s4] onset t=30.303 env=0.00126 gate=0.00010 envDelta=0.00116 envFloor=0.00092 onset=0.994 thresh=0.014 onsetDelta=0.97956 baseline=0.00061 adaptive=0.00153 lastPeak=0.00000 guard=0.060 activeAge=-1.000 pitch=-1.00Hz pitchCents=0.0
2025-12-14 07:52:25 [tracker] [s6] onset t=30.343 env=0.00183 gate=0.00020 envDelta=0.00163 envFloor=0.00122 onset=1.073 thresh=0.018 onsetDelta=1.05523 baseline=0.00082 adaptive=0.00204 lastPeak=0.00000 guard=0.060 activeAge=-1.000 pitch=-1.00Hz pitchCents=0.0
2025-12-14 07:52:25 [tracker] [s2] onset t=30.391 env=0.00187 gate=0.00001 envDelta=0.00187 envFloor=0.00104 onset=0.997 thresh=0.009 onsetDelta=0.98780 baseline=0.00069 adaptive=0.00173 lastPeak=0.00000 guard=0.060 activeAge=-1.000 pitch=444.44Hz pitchCents=2417.4
2025-12-14 07:52:25 [tracker] [s1] aubio-raw t=30.4368 onset=1.048331 env=0.000631 peak=0.001915 gain=1.000
2025-12-14 07:52:25 [tracker] [s1] onset-below-env-floor t=30.4368 env=0.000631 gate=0.000023 envDelta=0.000608 envFloor=0.000634 onset=1.048331 thresh=0.006000 onsetDelta=1.042331 baseline=0.000423 floor=0.000180 adapt=0.001057 lastPeak=0.000000 baseParam=0.000180 gateRatio=0.0550 envParam=0.000450 onsetScale=0.300 retriggerScale=1.400 guard=0.060 guardRemain=0.000 activeAge=-1.000 retrigRemain=0.000 pitchHz=-1.00 pitchCents=0.0
2025-12-14 07:52:25 [tracker] [s4] onset t=30.503 env=0.00151 gate=0.00011 envDelta=0.00140 envFloor=0.00096 onset=1.346 thresh=0.014 onsetDelta=1.33210 baseline=0.00064 adaptive=0.00159 lastPeak=0.00000 guard=0.060 activeAge=-1.000 pitch=-1.00Hz pitchCents=0.0
2025-12-14 07:52:25 [tracker] [s6] onset t=30.546 env=0.00164 gate=0.00020 envDelta=0.00143 envFloor=0.00123 onset=1.229 thresh=0.018 onsetDelta=1.21140 baseline=0.00082 adaptive=0.00205 lastPeak=0.00000 guard=0.060 activeAge=-1.000 pitch=-1.00Hz pitchCents=0.0
2025-12-14 07:52:25 [tracker] [s4] onset t=30.573 env=0.00151 gate=0.00011 envDelta=0.00140 envFloor=0.00094 onset=1.370 thresh=0.014 onsetDelta=1.35591 baseline=0.00063 adaptive=0.00157 lastPeak=0.00000 guard=0.060 activeAge=-1.000 pitch=-1.00Hz pitchCents=0.0
2025-12-14 07:52:25 [tracker] [s1] aubio-raw t=30.6075 onset=1.282623 env=0.001432 peak=0.002850 gain=1.000
2025-12-14 07:52:25 [tracker] [s1] onset-accepted t=30.6075 env=0.001432 gate=0.000025 envDelta=0.001407 envFloor=0.000678 onset=1.282623 thresh=0.006000 onsetDelta=1.276623 baseline=0.000452 floor=0.000180 adapt=0.001130 lastPeak=0.000000 baseParam=0.000180 gateRatio=0.0550 envParam=0.000450 onsetScale=0.300 retriggerScale=1.400 guard=0.060 guardRemain=0.000 activeAge=-1.000 retrigRemain=0.000 pitchHz=-1.00 pitchCents=0.0
2025-12-14 07:52:25 [tracker] [s1] onset t=30.607 env=0.00143 gate=0.00002 envDelta=0.00141 envFloor=0.00068 onset=1.283 thresh=0.006 onsetDelta=1.27662 baseline=0.00045 adaptive=0.00113 lastPeak=0.00000 guard=0.060 activeAge=-1.000 pitch=-1.00Hz pitchCents=0.0
2025-12-14 07:52:25 [tracker] [s6] onset t=30.695 env=0.00195 gate=0.00020 envDelta=0.00175 envFloor=0.00120 onset=0.918 thresh=0.018 onsetDelta=0.89982 baseline=0.00080 adaptive=0.00200 lastPeak=0.00000 guard=0.060 activeAge=-1.000 pitch=-1.00Hz pitchCents=0.0
2025-12-14 07:52:26 [tracker] [s4] onset t=30.789 env=0.00196 gate=0.00012 envDelta=0.00184 envFloor=0.00103 onset=1.185 thresh=0.014 onsetDelta=1.17124 baseline=0.00069 adaptive=0.00172 lastPeak=0.00000 guard=0.060 activeAge=-1.000 pitch=-1.00Hz pitchCents=0.0
2025-12-14 07:52:26 [tracker] [s3] onset t=30.802 env=0.00118 gate=0.00008 envDelta=0.00110 envFloor=0.00096 onset=0.901 thresh=0.012 onsetDelta=0.88966 baseline=0.00064 adaptive=0.00160 lastPeak=0.00000 guard=0.060 activeAge=-1.000 pitch=-1.00Hz pitchCents=0.0
2025-12-14 07:52:26 [tracker] [s6] onset t=30.813 env=0.00188 gate=0.00022 envDelta=0.00166 envFloor=0.00130 onset=1.167 thresh=0.018 onsetDelta=1.14917 baseline=0.00087 adaptive=0.00217 lastPeak=0.00000 guard=0.060 activeAge=-1.000 pitch=-1.00Hz pitchCents=0.0
2025-12-14 07:52:26 [tracker] [s2] onset t=30.845 env=0.00104 gate=0.00001 envDelta=0.00103 envFloor=0.00102 onset=1.032 thresh=0.009 onsetDelta=1.02307 baseline=0.00068 adaptive=0.00171 lastPeak=0.00000 guard=0.060 activeAge=-1.000 pitch=-1.00Hz pitchCents=0.0
2025-12-14 07:52:26 [tracker] [s6] onset t=30.903 env=0.00184 gate=0.00020 envDelta=0.00164 envFloor=0.00122 onset=0.996 thresh=0.018 onsetDelta=0.97803 baseline=0.00081 adaptive=0.00203 lastPeak=0.00000 guard=0.060 activeAge=-1.000 pitch=-1.00Hz pitchCents=0.0
2025-12-14 07:52:26 [tracker] [s1] aubio-raw t=30.9408 onset=1.228780 env=0.000514 peak=0.001472 gain=1.000
2025-12-14 07:52:26 [tracker] [s1] onset-below-env-floor t=30.9408 env=0.000514 gate=0.000023 envDelta=0.000491 envFloor=0.000626 onset=1.228780 thresh=0.006000 onsetDelta=1.222780 baseline=0.000417 floor=0.000180 adapt=0.001043 lastPeak=0.000000 baseParam=0.000180 gateRatio=0.0550 envParam=0.000450 onsetScale=0.300 retriggerScale=1.400 guard=0.060 guardRemain=0.000 activeAge=-1.000 retrigRemain=0.000 pitchHz=-1.00 pitchCents=0.0
2025-12-14 07:52:26 [tracker] [s6] onset t=30.957 env=0.00186 gate=0.00020 envDelta=0.00167 envFloor=0.00118 onset=0.968 thresh=0.018 onsetDelta=0.94986 baseline=0.00078 adaptive=0.00196 lastPeak=0.00000 guard=0.060 activeAge=-1.000 pitch=-1.00Hz pitchCents=0.0
2025-12-14 07:52:26 [tracker] [s5] onset t=30.983 env=0.00174 gate=0.00014 envDelta=0.00160 envFloor=0.00102 onset=0.921 thresh=0.016 onsetDelta=0.90517 baseline=0.00068 adaptive=0.00171 lastPeak=0.00000 guard=0.060 activeAge=-1.000 pitch=-1.00Hz pitchCents=0.0
2025-12-14 07:52:26 [tracker] [s2] onset t=30.991 env=0.00127 gate=0.00001 envDelta=0.00126 envFloor=0.00107 onset=1.164 thresh=0.009 onsetDelta=1.15530 baseline=0.00071 adaptive=0.00178 lastPeak=0.00000 guard=0.060 activeAge=-1.000 pitch=500.01Hz pitchCents=2621.3
2025-12-14 07:52:26 [tracker] [s1] aubio-raw t=31.0021 onset=0.997448 env=0.000717 peak=0.001854 gain=1.000
2025-12-14 07:52:26 [tracker] [s1] onset-accepted t=31.0021 env=0.000717 gate=0.000023 envDelta=0.000694 envFloor=0.000634 onset=0.997448 thresh=0.006000 onsetDelta=0.991448 baseline=0.000422 floor=0.000180 adapt=0.001056 lastPeak=0.000000 baseParam=0.000180 gateRatio=0.0550 envParam=0.000450 onsetScale=0.300 retriggerScale=1.400 guard=0.060 guardRemain=0.000 activeAge=-1.000 retrigRemain=0.000 pitchHz=94.11 pitchCents=229.8
2025-12-14 07:52:26 [tracker] [s1] onset t=31.002 env=0.00072 gate=0.00002 envDelta=0.00069 envFloor=0.00063 onset=0.997 thresh=0.006 onsetDelta=0.99145 baseline=0.00042 adaptive=0.00106 lastPeak=0.00000 guard=0.060 activeAge=-1.000 pitch=94.11Hz pitchCents=229.8
2025-12-14 07:52:26 [tracker] [s4] onset t=31.018 env=0.00124 gate=0.00010 envDelta=0.00113 envFloor=0.00092 onset=0.648 thresh=0.014 onsetDelta=0.63356 baseline=0.00061 adaptive=0.00153 lastPeak=0.00000 guard=0.060 activeAge=-1.000 pitch=-1.00Hz pitchCents=0.0
2025-12-14 07:52:26 [tracker] [s5] onset t=31.061 env=0.00164 gate=0.00015 envDelta=0.00149 envFloor=0.00108 onset=0.840 thresh=0.016 onsetDelta=0.82395 baseline=0.00072 adaptive=0.00179 lastPeak=0.00000 guard=0.060 activeAge=-1.000 pitch=-1.00Hz pitchCents=0.0
2025-12-14 07:52:26 [tracker] [s6] onset t=31.117 env=0.00197 gate=0.00021 envDelta=0.00176 envFloor=0.00126 onset=1.010 thresh=0.018 onsetDelta=0.99246 baseline=0.00084 adaptive=0.00210 lastPeak=0.00000 guard=0.060 activeAge=-1.000 pitch=-1.00Hz pitchCents=0.0
2025-12-14 07:52:26 [tracker] [s2] onset t=31.127 env=0.00134 gate=0.00001 envDelta=0.00133 envFloor=0.00107 onset=0.914 thresh=0.009 onsetDelta=0.90509 baseline=0.00071 adaptive=0.00178 lastPeak=0.00000 guard=0.060 activeAge=-1.000 pitch=-1.00Hz pitchCents=0.0
2025-12-14 07:52:26 [tracker] [s3] onset t=31.173 env=0.00179 gate=0.00009 envDelta=0.00170 envFloor=0.00101 onset=1.125 thresh=0.012 onsetDelta=1.11328 baseline=0.00067 adaptive=0.00168 lastPeak=0.00000 guard=0.060 activeAge=-1.000 pitch=-1.00Hz pitchCents=0.0
2025-12-14 07:52:26 [tracker] [s2] onset t=31.250 env=0.00238 gate=0.00001 envDelta=0.00237 envFloor=0.00115 onset=0.877 thresh=0.009 onsetDelta=0.86840 baseline=0.00077 adaptive=0.00192 lastPeak=0.00000 guard=0.060 activeAge=-1.000 pitch=-1.00Hz pitchCents=0.0
2025-12-14 07:52:26 [tracker] [s5] onset t=31.250 env=0.00168 gate=0.00016 envDelta=0.00152 envFloor=0.00116 onset=1.001 thresh=0.016 onsetDelta=0.98545 baseline=0.00077 adaptive=0.00193 lastPeak=0.00000 guard=0.060 activeAge=-1.000 pitch=-1.00Hz pitchCents=0.0
2025-12-14 07:52:26 [tracker] [s2] onset t=31.317 env=0.00140 gate=0.00001 envDelta=0.00140 envFloor=0.00103 onset=1.084 thresh=0.009 onsetDelta=1.07545 baseline=0.00068 adaptive=0.00171 lastPeak=0.00000 guard=0.060 activeAge=-1.000 pitch=307.67Hz pitchCents=1780.6
2025-12-14 07:52:26 [tracker] [s5] onset t=31.477 env=0.00210 gate=0.00015 envDelta=0.00194 envFloor=0.00109 onset=1.295 thresh=0.016 onsetDelta=1.27869 baseline=0.00073 adaptive=0.00182 lastPeak=0.00000 guard=0.060 activeAge=-1.000 pitch=-1.00Hz pitchCents=0.0
2025-12-14 07:52:26 [tracker] [s2] onset t=31.501 env=0.00125 gate=0.00001 envDelta=0.00125 envFloor=0.00098 onset=0.932 thresh=0.009 onsetDelta=0.92257 baseline=0.00065 adaptive=0.00163 lastPeak=0.00000 guard=0.060 activeAge=-1.000 pitch=-1.00Hz pitchCents=0.0
2025-12-14 07:52:26 [tracker] [s1] aubio-raw t=31.5087 onset=1.314905 env=0.000792 peak=0.002002 gain=1.000
2025-12-14 07:52:26 [tracker] [s1] onset-accepted t=31.5087 env=0.000792 gate=0.000023 envDelta=0.000769 envFloor=0.000624 onset=1.314905 thresh=0.006000 onsetDelta=1.308905 baseline=0.000416 floor=0.000180 adapt=0.001040 lastPeak=0.000000 baseParam=0.000180 gateRatio=0.0550 envParam=0.000450 onsetScale=0.300 retriggerScale=1.400 guard=0.060 guardRemain=0.000 activeAge=-1.000 retrigRemain=0.000 pitchHz=-1.00 pitchCents=0.0
2025-12-14 07:52:26 [tracker] [s1] onset t=31.509 env=0.00079 gate=0.00002 envDelta=0.00077 envFloor=0.00062 onset=1.315 thresh=0.006 onsetDelta=1.30890 baseline=0.00042 adaptive=0.00104 lastPeak=0.00000 guard=0.060 activeAge=-1.000 pitch=-1.00Hz pitchCents=0.0
2025-12-14 07:52:26 [tracker] [s3] onset t=31.557 env=0.00129 gate=0.00008 envDelta=0.00120 envFloor=0.00096 onset=0.987 thresh=0.012 onsetDelta=0.97554 baseline=0.00064 adaptive=0.00160 lastPeak=0.00000 guard=0.060 activeAge=-1.000 pitch=-1.00Hz pitchCents=0.0
2025-12-14 07:52:26 [tracker] [s5] onset t=31.653 env=0.00163 gate=0.00015 envDelta=0.00148 envFloor=0.00107 onset=1.167 thresh=0.016 onsetDelta=1.15070 baseline=0.00071 adaptive=0.00179 lastPeak=0.00000 guard=0.060 activeAge=-1.000 pitch=-1.00Hz pitchCents=0.0
2025-12-14 07:52:26 [tracker] [s2] onset t=31.674 env=0.00186 gate=0.00001 envDelta=0.00185 envFloor=0.00106 onset=0.998 thresh=0.009 onsetDelta=0.98927 baseline=0.00071 adaptive=0.00177 lastPeak=0.00000 guard=0.060 activeAge=-1.000 pitch=-1.00Hz pitchCents=0.0
2025-12-14 07:52:26 [tracker] [s5] onset t=31.719 env=0.00159 gate=0.00015 envDelta=0.00145 envFloor=0.00105 onset=0.722 thresh=0.016 onsetDelta=0.70644 baseline=0.00070 adaptive=0.00174 lastPeak=0.00000 guard=0.060 activeAge=-1.000 pitch=-1.00Hz pitchCents=0.0
2025-12-14 07:52:26 [tracker] [s6] onset t=31.754 env=0.00173 gate=0.00019 envDelta=0.00154 envFloor=0.00116 onset=0.946 thresh=0.018 onsetDelta=0.92828 baseline=0.00077 adaptive=0.00193 lastPeak=0.00000 guard=0.060 activeAge=-1.000 pitch=-1.00Hz pitchCents=0.0
2025-12-14 07:52:27 [tracker] [s4] onset t=31.807 env=0.00164 gate=0.00010 envDelta=0.00154 envFloor=0.00091 onset=1.334 thresh=0.014 onsetDelta=1.31989 baseline=0.00061 adaptive=0.00152 lastPeak=0.00000 guard=0.060 activeAge=-1.000 pitch=-1.00Hz pitchCents=0.0
2025-12-14 07:52:27 [tracker] [s1] aubio-raw t=31.8260 onset=1.137380 env=0.001193 peak=0.002629 gain=1.000
2025-12-14 07:52:27 [tracker] [s1] onset-accepted t=31.8260 env=0.001193 gate=0.000024 envDelta=0.001169 envFloor=0.000652 onset=1.137380 thresh=0.006000 onsetDelta=1.131380 baseline=0.000435 floor=0.000180 adapt=0.001087 lastPeak=0.000000 baseParam=0.000180 gateRatio=0.0550 envParam=0.000450 onsetScale=0.300 retriggerScale=1.400 guard=0.060 guardRemain=0.000 activeAge=-1.000 retrigRemain=0.000 pitchHz=-1.00 pitchCents=0.0
2025-12-14 07:52:27 [tracker] [s1] onset t=31.826 env=0.00119 gate=0.00002 envDelta=0.00117 envFloor=0.00065 onset=1.137 thresh=0.006 onsetDelta=1.13138 baseline=0.00043 adaptive=0.00109 lastPeak=0.00000 guard=0.060 activeAge=-1.000 pitch=-1.00Hz pitchCents=0.0
2025-12-14 07:52:27 [tracker] [s6] onset t=31.826 env=0.00191 gate=0.00020 envDelta=0.00171 envFloor=0.00122 onset=1.122 thresh=0.018 onsetDelta=1.10388 baseline=0.00081 adaptive=0.00203 lastPeak=0.00000 guard=0.060 activeAge=-1.000 pitch=-1.00Hz pitchCents=0.0
2025-12-14 07:52:27 [tracker] [s6] onset t=31.933 env=0.00235 gate=0.00022 envDelta=0.00214 envFloor=0.00129 onset=0.998 thresh=0.018 onsetDelta=0.97973 baseline=0.00086 adaptive=0.00216 lastPeak=0.00000 guard=0.060 activeAge=-1.000 pitch=-1.00Hz pitchCents=0.0
2025-12-14 07:52:27 [tracker] [s5] onset t=32.002 env=0.00143 gate=0.00016 envDelta=0.00128 envFloor=0.00111 onset=1.482 thresh=0.016 onsetDelta=1.46618 baseline=0.00074 adaptive=0.00185 lastPeak=0.00000 guard=0.060 activeAge=-1.000 pitch=-1.00Hz pitchCents=0.0
2025-12-14 07:52:27 [tracker] [s3] onset t=32.031 env=0.00134 gate=0.00009 envDelta=0.00126 envFloor=0.00098 onset=0.990 thresh=0.012 onsetDelta=0.97847 baseline=0.00065 adaptive=0.00164 lastPeak=0.00000 guard=0.060 activeAge=-1.000 pitch=-1.00Hz pitchCents=0.0
2025-12-14 07:52:27 [tracker] [s3] onset t=32.135 env=0.00116 gate=0.00007 envDelta=0.00109 envFloor=0.00085 onset=0.767 thresh=0.012 onsetDelta=0.75586 baseline=0.00057 adaptive=0.00142 lastPeak=0.00000 guard=0.060 activeAge=-1.000 pitch=-1.00Hz pitchCents=0.0
2025-12-14 07:52:27 [tracker] [s2] onset t=32.149 env=0.00228 gate=0.00001 envDelta=0.00227 envFloor=0.00107 onset=0.999 thresh=0.009 onsetDelta=0.99005 baseline=0.00071 adaptive=0.00178 lastPeak=0.00000 guard=0.060 activeAge=-1.000 pitch=533.30Hz pitchCents=2732.9
2025-12-14 07:52:27 [tracker] [s6] onset t=32.173 env=0.00170 gate=0.00019 envDelta=0.00151 envFloor=0.00116 onset=0.955 thresh=0.018 onsetDelta=0.93679 baseline=0.00077 adaptive=0.00193 lastPeak=0.00000 guard=0.060 activeAge=-1.000 pitch=-1.00Hz pitchCents=0.0
2025-12-14 07:52:27 [tracker] [s1] aubio-raw t=32.2127 onset=0.969146 env=0.000753 peak=0.001627 gain=1.000
2025-12-14 07:52:27 [tracker] [s1] onset-accepted t=32.2127 env=0.000753 gate=0.000022 envDelta=0.000730 envFloor=0.000602 onset=0.969146 thresh=0.006000 onsetDelta=0.963146 baseline=0.000401 floor=0.000180 adapt=0.001003 lastPeak=0.000000 baseParam=0.000180 gateRatio=0.0550 envParam=0.000450 onsetScale=0.300 retriggerScale=1.400 guard=0.060 guardRemain=0.000 activeAge=-1.000 retrigRemain=0.000 pitchHz=100.00 pitchCents=335.0
2025-12-14 07:52:27 [tracker] [s1] onset t=32.213 env=0.00075 gate=0.00002 envDelta=0.00073 envFloor=0.00060 onset=0.969 thresh=0.006 onsetDelta=0.96315 baseline=0.00040 adaptive=0.00100 lastPeak=0.00000 guard=0.060 activeAge=-1.000 pitch=100.00Hz pitchCents=335.0
2025-12-14 07:52:27 [tracker] [s4] onset t=32.250 env=0.00134 gate=0.00011 envDelta=0.00123 envFloor=0.00095 onset=0.975 thresh=0.014 onsetDelta=0.96076 baseline=0.00063 adaptive=0.00158 lastPeak=0.00000 guard=0.060 activeAge=-1.000 pitch=-1.00Hz pitchCents=0.0
2025-12-14 07:52:27 [tracker] [s2] onset t=32.271 env=0.00120 gate=0.00001 envDelta=0.00120 envFloor=0.00096 onset=1.056 thresh=0.009 onsetDelta=1.04735 baseline=0.00064 adaptive=0.00160 lastPeak=0.00000 guard=0.060 activeAge=-1.000 pitch=98.77Hz pitchCents=-186.5
2025-12-14 07:52:27 [tracker] [s4] onset t=32.306 env=0.00175 gate=0.00011 envDelta=0.00164 envFloor=0.00098 onset=0.993 thresh=0.014 onsetDelta=0.97893 baseline=0.00065 adaptive=0.00164 lastPeak=0.00000 guard=0.060 activeAge=-1.000 pitch=-1.00Hz pitchCents=0.0
2025-12-14 07:52:27 [tracker] [s6] onset t=32.322 env=0.00209 gate=0.00022 envDelta=0.00187 envFloor=0.00129 onset=1.168 thresh=0.018 onsetDelta=1.14956 baseline=0.00086 adaptive=0.00216 lastPeak=0.00000 guard=0.060 activeAge=-1.000 pitch=-1.00Hz pitchCents=0.0
2025-12-14 07:52:27 [tracker] [s2] onset t=32.370 env=0.00101 gate=0.00001 envDelta=0.00100 envFloor=0.00097 onset=1.040 thresh=0.009 onsetDelta=1.03081 baseline=0.00065 adaptive=0.00162 lastPeak=0.00000 guard=0.060 activeAge=-1.000 pitch=-1.00Hz pitchCents=0.0
2025-12-14 07:52:27 [tracker] [s5] onset t=32.378 env=0.00184 gate=0.00015 envDelta=0.00169 envFloor=0.00110 onset=1.275 thresh=0.016 onsetDelta=1.25867 baseline=0.00074 adaptive=0.00184 lastPeak=0.00000 guard=0.060 activeAge=-1.000 pitch=-1.00Hz pitchCents=0.0
2025-12-14 07:52:27 [tracker] [s5] onset t=32.442 env=0.00146 gate=0.00014 envDelta=0.00131 envFloor=0.00103 onset=0.894 thresh=0.016 onsetDelta=0.87760 baseline=0.00069 adaptive=0.00172 lastPeak=0.00000 guard=0.060 activeAge=-1.000 pitch=-1.00Hz pitchCents=0.0
2025-12-14 07:52:27 [tracker] [s3] onset t=32.541 env=0.00159 gate=0.00008 envDelta=0.00150 envFloor=0.00098 onset=0.850 thresh=0.012 onsetDelta=0.83807 baseline=0.00065 adaptive=0.00163 lastPeak=0.00000 guard=0.060 activeAge=-1.000 pitch=-1.00Hz pitchCents=0.0
2025-12-14 07:52:27 [tracker] [s5] onset t=32.546 env=0.00161 gate=0.00014 envDelta=0.00147 envFloor=0.00099 onset=0.994 thresh=0.016 onsetDelta=0.97833 baseline=0.00066 adaptive=0.00164 lastPeak=0.00000 guard=0.060 activeAge=-1.000 pitch=-1.00Hz pitchCents=0.0
2025-12-14 07:52:27 [tracker] [s2] onset t=32.631 env=0.00148 gate=0.00001 envDelta=0.00147 envFloor=0.00099 onset=1.330 thresh=0.009 onsetDelta=1.32082 baseline=0.00066 adaptive=0.00165 lastPeak=0.00000 guard=0.060 activeAge=-1.000 pitch=319.99Hz pitchCents=1848.6
2025-12-14 07:52:27 [tracker] [s6] onset t=32.645 env=0.00194 gate=0.00021 envDelta=0.00172 envFloor=0.00129 onset=0.907 thresh=0.018 onsetDelta=0.88928 baseline=0.00086 adaptive=0.00214 lastPeak=0.00000 guard=0.060 activeAge=-1.000 pitch=-1.00Hz pitchCents=0.0
2025-12-14 07:52:27 [tracker] [s1] aubio-raw t=32.6713 onset=1.022037 env=0.000797 peak=0.002183 gain=1.000
2025-12-14 07:52:27 [tracker] [s1] onset-accepted t=32.6713 env=0.000797 gate=0.000024 envDelta=0.000774 envFloor=0.000644 onset=1.022037 thresh=0.006000 onsetDelta=1.016037 baseline=0.000429 floor=0.000180 adapt=0.001073 lastPeak=0.000000 baseParam=0.000180 gateRatio=0.0550 envParam=0.000450 onsetScale=0.300 retriggerScale=1.400 guard=0.060 guardRemain=0.000 activeAge=-1.000 retrigRemain=0.000 pitchHz=-1.00 pitchCents=0.0
2025-12-14 07:52:27 [tracker] [s1] onset t=32.671 env=0.00080 gate=0.00002 envDelta=0.00077 envFloor=0.00064 onset=1.022 thresh=0.006 onsetDelta=1.01604 baseline=0.00043 adaptive=0.00107 lastPeak=0.00000 guard=0.060 activeAge=-1.000 pitch=-1.00Hz pitchCents=0.0
2025-12-14 07:52:27 [tracker] [s2] onset t=32.687 env=0.00126 gate=0.00001 envDelta=0.00126 envFloor=0.00100 onset=1.026 thresh=0.009 onsetDelta=1.01722 baseline=0.00067 adaptive=0.00167 lastPeak=0.00000 guard=0.060 activeAge=-1.000 pitch=-1.00Hz pitchCents=0.0
2025-12-14 07:52:27 [tracker] [s4] onset t=32.711 env=0.00151 gate=0.00011 envDelta=0.00140 envFloor=0.00100 onset=0.907 thresh=0.014 onsetDelta=0.89251 baseline=0.00066 adaptive=0.00166 lastPeak=0.00000 guard=0.060 activeAge=-1.000 pitch=-1.00Hz pitchCents=0.0
2025-12-14 07:52:27 [tracker] [s1] aubio-raw t=32.7806 onset=1.020059 env=0.000985 peak=0.002632 gain=1.000
2025-12-14 07:52:27 [tracker] [s1] onset-accepted t=32.7806 env=0.000985 gate=0.000022 envDelta=0.000963 envFloor=0.000609 onset=1.020059 thresh=0.006000 onsetDelta=1.014059 baseline=0.000406 floor=0.000180 adapt=0.001014 lastPeak=0.000000 baseParam=0.000180 gateRatio=0.0550 envParam=0.000450 onsetScale=0.300 retriggerScale=1.400 guard=0.060 guardRemain=0.000 activeAge=-1.000 retrigRemain=0.000 pitchHz=-1.00 pitchCents=0.0
2025-12-14 07:52:27 [tracker] [s1] onset t=32.781 env=0.00099 gate=0.00002 envDelta=0.00096 envFloor=0.00061 onset=1.020 thresh=0.006 onsetDelta=1.01406 baseline=0.00041 adaptive=0.00101 lastPeak=0.00000 guard=0.060 activeAge=-1.000 pitch=-1.00Hz pitchCents=0.0
2025-12-14 07:52:28 [tracker] [s3] onset t=32.805 env=0.00101 gate=0.00008 envDelta=0.00093 envFloor=0.00092 onset=0.987 thresh=0.012 onsetDelta=0.97561 baseline=0.00062 adaptive=0.00154 lastPeak=0.00000 guard=0.060 activeAge=-1.000 pitch=-1.00Hz pitchCents=0.0
2025-12-14 07:52:28 [tracker] [s1] aubio-raw t=32.8633 onset=1.100033 env=0.000937 peak=0.002391 gain=1.000
2025-12-14 07:52:28 [tracker] [s1] onset-accepted t=32.8633 env=0.000937 gate=0.000022 envDelta=0.000915 envFloor=0.000610 onset=1.100033 thresh=0.006000 onsetDelta=1.094033 baseline=0.000407 floor=0.000180 adapt=0.001017 lastPeak=0.000000 baseParam=0.000180 gateRatio=0.0550 envParam=0.000450 onsetScale=0.300 retriggerScale=1.400 guard=0.060 guardRemain=0.000 activeAge=-1.000 retrigRemain=0.000 pitchHz=-1.00 pitchCents=0.0
2025-12-14 07:52:28 [tracker] [s1] onset t=32.863 env=0.00094 gate=0.00002 envDelta=0.00092 envFloor=0.00061 onset=1.100 thresh=0.006 onsetDelta=1.09403 baseline=0.00041 adaptive=0.00102 lastPeak=0.00000 guard=0.060 activeAge=-1.000 pitch=-1.00Hz pitchCents=0.0
2025-12-14 07:52:28 [tracker] [s6] onset t=33.130 env=0.00224 gate=0.00022 envDelta=0.00202 envFloor=0.00129 onset=0.806 thresh=0.018 onsetDelta=0.78750 baseline=0.00086 adaptive=0.00216 lastPeak=0.00000 guard=0.060 activeAge=-1.000 pitch=-1.00Hz pitchCents=0.0
2025-12-14 07:52:28 [tracker] [s1] aubio-raw t=33.2446 onset=1.432711 env=0.000690 peak=0.001674 gain=1.000
2025-12-14 07:52:28 [tracker] [s1] onset-accepted t=33.2446 env=0.000690 gate=0.000021 envDelta=0.000669 envFloor=0.000579 onset=1.432711 thresh=0.006000 onsetDelta=1.426711 baseline=0.000386 floor=0.000180 adapt=0.000964 lastPeak=0.000000 baseParam=0.000180 gateRatio=0.0550 envParam=0.000450 onsetScale=0.300 retriggerScale=1.400 guard=0.060 guardRemain=0.000 activeAge=-1.000 retrigRemain=0.000 pitchHz=-1.00 pitchCents=0.0
2025-12-14 07:52:28 [tracker] [s1] onset t=33.245 env=0.00069 gate=0.00002 envDelta=0.00067 envFloor=0.00058 onset=1.433 thresh=0.006 onsetDelta=1.42671 baseline=0.00039 adaptive=0.00096 lastPeak=0.00000 guard=0.060 activeAge=-1.000 pitch=-1.00Hz pitchCents=0.0
2025-12-14 07:52:28 [tracker] [s4] onset t=33.247 env=0.00154 gate=0.00011 envDelta=0.00143 envFloor=0.00094 onset=0.970 thresh=0.014 onsetDelta=0.95566 baseline=0.00062 adaptive=0.00156 lastPeak=0.00000 guard=0.060 activeAge=-1.000 pitch=-1.00Hz pitchCents=0.0
2025-12-14 07:52:28 [tracker] [s5] onset t=33.301 env=0.00186 gate=0.00015 envDelta=0.00171 envFloor=0.00107 onset=0.966 thresh=0.016 onsetDelta=0.95044 baseline=0.00071 adaptive=0.00178 lastPeak=0.00000 guard=0.060 activeAge=-1.000 pitch=-1.00Hz pitchCents=0.0
2025-12-14 07:52:28 [tracker] [s4] onset t=33.306 env=0.00167 gate=0.00011 envDelta=0.00156 envFloor=0.00100 onset=0.973 thresh=0.014 onsetDelta=0.95864 baseline=0.00067 adaptive=0.00167 lastPeak=0.00000 guard=0.060 activeAge=-1.000 pitch=-1.00Hz pitchCents=0.0
2025-12-14 07:52:28 [tracker] [s2] onset t=33.394 env=0.00111 gate=0.00001 envDelta=0.00111 envFloor=0.00100 onset=0.948 thresh=0.009 onsetDelta=0.93937 baseline=0.00067 adaptive=0.00167 lastPeak=0.00000 guard=0.060 activeAge=-1.000 pitch=94.12Hz pitchCents=-270.0
2025-12-14 07:52:28 [tracker] [s1] aubio-raw t=33.4259 onset=1.123427 env=0.000942 peak=0.002918 gain=1.000
2025-12-14 07:52:28 [tracker] [s1] onset-accepted t=33.4259 env=0.000942 gate=0.000023 envDelta=0.000918 envFloor=0.000638 onset=1.123427 thresh=0.006000 onsetDelta=1.117427 baseline=0.000426 floor=0.000180 adapt=0.001064 lastPeak=0.000000 baseParam=0.000180 gateRatio=0.0550 envParam=0.000450 onsetScale=0.300 retriggerScale=1.400 guard=0.060 guardRemain=0.000 activeAge=-1.000 retrigRemain=0.000 pitchHz=-1.00 pitchCents=0.0
2025-12-14 07:52:28 [tracker] [s1] onset t=33.426 env=0.00094 gate=0.00002 envDelta=0.00092 envFloor=0.00064 onset=1.123 thresh=0.006 onsetDelta=1.11743 baseline=0.00043 adaptive=0.00106 lastPeak=0.00000 guard=0.060 activeAge=-1.000 pitch=-1.00Hz pitchCents=0.0
2025-12-14 07:52:28 [tracker] [s5] onset t=33.447 env=0.00164 gate=0.00016 envDelta=0.00149 envFloor=0.00111 onset=0.864 thresh=0.016 onsetDelta=0.84788 baseline=0.00074 adaptive=0.00185 lastPeak=0.00000 guard=0.060 activeAge=-1.000 pitch=-1.00Hz pitchCents=0.0
2025-12-14 07:52:28 [tracker] [s2] onset t=33.498 env=0.00230 gate=0.00001 envDelta=0.00229 envFloor=0.00110 onset=1.359 thresh=0.009 onsetDelta=1.35003 baseline=0.00073 adaptive=0.00183 lastPeak=0.00000 guard=0.060 activeAge=-1.000 pitch=-1.00Hz pitchCents=0.0
2025-12-14 07:52:28 [tracker] [s1] aubio-raw t=33.5086 onset=0.999185 env=0.000922 peak=0.002210 gain=1.000
2025-12-14 07:52:28 [tracker] [s1] onset-accepted t=33.5086 env=0.000922 gate=0.000023 envDelta=0.000899 envFloor=0.000619 onset=0.999185 thresh=0.006000 onsetDelta=0.993185 baseline=0.000413 floor=0.000180 adapt=0.001032 lastPeak=0.000000 baseParam=0.000180 gateRatio=0.0550 envParam=0.000450 onsetScale=0.300 retriggerScale=1.400 guard=0.060 guardRemain=0.000 activeAge=-1.000 retrigRemain=0.000 pitchHz=-1.00 pitchCents=0.0
2025-12-14 07:52:28 [tracker] [s1] onset t=33.509 env=0.00092 gate=0.00002 envDelta=0.00090 envFloor=0.00062 onset=0.999 thresh=0.006 onsetDelta=0.99318 baseline=0.00041 adaptive=0.00103 lastPeak=0.00000 guard=0.060 activeAge=-1.000 pitch=-1.00Hz pitchCents=0.0
2025-12-14 07:52:28 [tracker] [s5] onset t=33.514 env=0.00149 gate=0.00015 envDelta=0.00134 envFloor=0.00109 onset=0.905 thresh=0.016 onsetDelta=0.88921 baseline=0.00073 adaptive=0.00181 lastPeak=0.00000 guard=0.060 activeAge=-1.000 pitch=-1.00Hz pitchCents=0.0
2025-12-14 07:52:28 [tracker] [s6] onset t=33.735 env=0.00168 gate=0.00020 envDelta=0.00148 envFloor=0.00120 onset=0.613 thresh=0.018 onsetDelta=0.59489 baseline=0.00080 adaptive=0.00200 lastPeak=0.00000 guard=0.060 activeAge=-1.000 pitch=-1.00Hz pitchCents=0.0
2025-12-14 07:52:29 [tracker] [s2] onset t=33.818 env=0.00115 gate=0.00001 envDelta=0.00114 envFloor=0.00106 onset=1.012 thresh=0.009 onsetDelta=1.00350 baseline=0.00071 adaptive=0.00176 lastPeak=0.00000 guard=0.060 activeAge=-1.000 pitch=-1.00Hz pitchCents=0.0
2025-12-14 07:52:29 [tracker] [s6] onset t=33.933 env=0.00182 gate=0.00021 envDelta=0.00161 envFloor=0.00126 onset=0.857 thresh=0.018 onsetDelta=0.83929 baseline=0.00084 adaptive=0.00211 lastPeak=0.00000 guard=0.060 activeAge=-1.000 pitch=-1.00Hz pitchCents=0.0
2025-12-14 07:52:29 [tracker] [s2] onset t=33.943 env=0.00148 gate=0.00001 envDelta=0.00147 envFloor=0.00095 onset=1.306 thresh=0.009 onsetDelta=1.29707 baseline=0.00063 adaptive=0.00159 lastPeak=0.00000 guard=0.060 activeAge=-1.000 pitch=533.34Hz pitchCents=2733.1
2025-12-14 07:52:29 [tracker] [s2] note-start t=33.943 fret=24 midi=69 vel=0.02 env=0.00148
2025-12-14 07:52:29 [tracker] [s1] aubio-raw t=33.9912 onset=0.993635 env=0.001189 peak=0.002801 gain=1.000
2025-12-14 07:52:29 [tracker] [s1] onset-accepted t=33.9912 env=0.001189 gate=0.000023 envDelta=0.001166 envFloor=0.000637 onset=0.993635 thresh=0.006000 onsetDelta=0.987635 baseline=0.000425 floor=0.000180 adapt=0.001062 lastPeak=0.000000 baseParam=0.000180 gateRatio=0.0550 envParam=0.000450 onsetScale=0.300 retriggerScale=1.400 guard=0.060 guardRemain=0.000 activeAge=-1.000 retrigRemain=0.000 pitchHz=-1.00 pitchCents=0.0
2025-12-14 07:52:29 [tracker] [s1] onset t=33.991 env=0.00119 gate=0.00002 envDelta=0.00117 envFloor=0.00064 onset=0.994 thresh=0.006 onsetDelta=0.98763 baseline=0.00042 adaptive=0.00106 lastPeak=0.00000 guard=0.060 activeAge=-1.000 pitch=-1.00Hz pitchCents=0.0
2025-12-14 07:52:29 [tracker] [s6] onset t=34.053 env=0.00177 gate=0.00020 envDelta=0.00158 envFloor=0.00118 onset=0.577 thresh=0.018 onsetDelta=0.55889 baseline=0.00078 adaptive=0.00196 lastPeak=0.00000 guard=0.060 activeAge=-1.000 pitch=-1.00Hz pitchCents=0.0
2025-12-14 07:52:29 [tracker] [s5] onset t=34.165 env=0.00193 gate=0.00016 envDelta=0.00177 envFloor=0.00112 onset=0.997 thresh=0.016 onsetDelta=0.98146 baseline=0.00075 adaptive=0.00187 lastPeak=0.00000 guard=0.060 activeAge=-1.000 pitch=-1.00Hz pitchCents=0.0
2025-12-14 07:52:29 [tracker] [s1] aubio-raw t=34.2045 onset=0.994491 env=0.001068 peak=0.003041 gain=1.000
2025-12-14 07:52:29 [tracker] [s1] onset-accepted t=34.2045 env=0.001068 gate=0.000025 envDelta=0.001043 envFloor=0.000685 onset=0.994491 thresh=0.006000 onsetDelta=0.988491 baseline=0.000457 floor=0.000180 adapt=0.001142 lastPeak=0.000000 baseParam=0.000180 gateRatio=0.0550 envParam=0.000450 onsetScale=0.300 retriggerScale=1.400 guard=0.060 guardRemain=0.000 activeAge=-1.000 retrigRemain=0.000 pitchHz=-1.00 pitchCents=0.0
2025-12-14 07:52:29 [tracker] [s1] onset t=34.205 env=0.00107 gate=0.00003 envDelta=0.00104 envFloor=0.00069 onset=0.994 thresh=0.006 onsetDelta=0.98849 baseline=0.00046 adaptive=0.00114 lastPeak=0.00000 guard=0.060 activeAge=-1.000 pitch=-1.00Hz pitchCents=0.0
2025-12-14 07:52:29 [tracker] [s3] onset t=34.223 env=0.00161 gate=0.00008 envDelta=0.00153 envFloor=0.00091 onset=0.924 thresh=0.012 onsetDelta=0.91203 baseline=0.00061 adaptive=0.00152 lastPeak=0.00000 guard=0.060 activeAge=-1.000 pitch=-1.00Hz pitchCents=0.0
2025-12-14 07:52:29 [tracker] [s4] onset t=34.223 env=0.00181 gate=0.00011 envDelta=0.00170 envFloor=0.00101 onset=0.694 thresh=0.014 onsetDelta=0.67952 baseline=0.00067 adaptive=0.00168 lastPeak=0.00000 guard=0.060 activeAge=-1.000 pitch=-1.00Hz pitchCents=0.0
2025-12-14 07:52:29 [tracker] [s4] onset t=34.285 env=0.00132 gate=0.00012 envDelta=0.00120 envFloor=0.00106 onset=1.078 thresh=0.014 onsetDelta=1.06371 baseline=0.00071 adaptive=0.00177 lastPeak=0.00000 guard=0.060 activeAge=-1.000 pitch=-1.00Hz pitchCents=0.0
2025-12-14 07:52:29 [tracker] [s2] onset t=34.309 env=0.00128 gate=0.00001 envDelta=0.00127 envFloor=0.00097 onset=1.196 thresh=0.009 onsetDelta=1.18704 baseline=0.00067 adaptive=0.00162 lastPeak=0.00074 guard=0.060 activeAge=0.365 pitch=-1.00Hz pitchCents=0.0
2025-12-14 07:52:29 [tracker] [s2] note-ended (new onset) t=34.309 fret=24 dur=0.365
2025-12-14 07:52:29 [tracker] [s1] aubio-raw t=34.3139 onset=0.906416 env=0.001236 peak=0.002172 gain=1.000
2025-12-14 07:52:29 [tracker] [s1] onset-accepted t=34.3139 env=0.001236 gate=0.000024 envDelta=0.001212 envFloor=0.000656 onset=0.906416 thresh=0.006000 onsetDelta=0.900416 baseline=0.000437 floor=0.000180 adapt=0.001093 lastPeak=0.000000 baseParam=0.000180 gateRatio=0.0550 envParam=0.000450 onsetScale=0.300 retriggerScale=1.400 guard=0.060 guardRemain=0.000 activeAge=-1.000 retrigRemain=0.000 pitchHz=-1.00 pitchCents=0.0
2025-12-14 07:52:29 [tracker] [s1] onset t=34.314 env=0.00124 gate=0.00002 envDelta=0.00121 envFloor=0.00066 onset=0.906 thresh=0.006 onsetDelta=0.90042 baseline=0.00044 adaptive=0.00109 lastPeak=0.00000 guard=0.060 activeAge=-1.000 pitch=-1.00Hz pitchCents=0.0
2025-12-14 07:52:29 [tracker] [s6] onset t=34.386 env=0.00189 gate=0.00020 envDelta=0.00168 envFloor=0.00120 onset=0.996 thresh=0.018 onsetDelta=0.97840 baseline=0.00080 adaptive=0.00200 lastPeak=0.00000 guard=0.060 activeAge=-1.000 pitch=-1.00Hz pitchCents=0.0
2025-12-14 07:52:29 [tracker] [s3] onset t=34.413 env=0.00149 gate=0.00008 envDelta=0.00141 envFloor=0.00092 onset=0.989 thresh=0.012 onsetDelta=0.97784 baseline=0.00061 adaptive=0.00153 lastPeak=0.00000 guard=0.060 activeAge=-1.000 pitch=-1.00Hz pitchCents=0.0
2025-12-14 07:52:29 [tracker] [s5] onset t=34.463 env=0.00186 gate=0.00014 envDelta=0.00172 envFloor=0.00102 onset=0.781 thresh=0.016 onsetDelta=0.76536 baseline=0.00068 adaptive=0.00170 lastPeak=0.00000 guard=0.060 activeAge=-1.000 pitch=-1.00Hz pitchCents=0.0
2025-12-14 07:52:29 [tracker] [s2] onset t=34.503 env=0.00112 gate=0.00001 envDelta=0.00111 envFloor=0.00099 onset=0.998 thresh=0.009 onsetDelta=0.98907 baseline=0.00066 adaptive=0.00165 lastPeak=0.00052 guard=0.060 activeAge=-1.000 pitch=-1.00Hz pitchCents=0.0
2025-12-14 07:52:29 [tracker] [s2] onset t=34.565 env=0.00119 gate=0.00001 envDelta=0.00118 envFloor=0.00109 onset=1.049 thresh=0.009 onsetDelta=1.04028 baseline=0.00073 adaptive=0.00181 lastPeak=0.00046 guard=0.060 activeAge=-1.000 pitch=-1.00Hz pitchCents=0.0
2025-12-14 07:52:29 [tracker] [s5] onset t=34.594 env=0.00221 gate=0.00016 envDelta=0.00205 envFloor=0.00114 onset=1.217 thresh=0.016 onsetDelta=1.20078 baseline=0.00076 adaptive=0.00191 lastPeak=0.00000 guard=0.060 activeAge=-1.000 pitch=-1.00Hz pitchCents=0.0
2025-12-14 07:52:29 [tracker] [s3] onset t=34.724 env=0.00116 gate=0.00008 envDelta=0.00108 envFloor=0.00095 onset=1.205 thresh=0.012 onsetDelta=1.19294 baseline=0.00063 adaptive=0.00158 lastPeak=0.00000 guard=0.060 activeAge=-1.000 pitch=-1.00Hz pitchCents=0.0
2025-12-14 07:52:30 [tracker] [s6] onset t=34.855 env=0.00193 gate=0.00019 envDelta=0.00174 envFloor=0.00116 onset=1.168 thresh=0.018 onsetDelta=1.14951 baseline=0.00078 adaptive=0.00194 lastPeak=0.00000 guard=0.060 activeAge=-1.000 pitch=-1.00Hz pitchCents=0.0
2025-12-14 07:52:30 [tracker] [s3] onset t=34.860 env=0.00103 gate=0.00008 envDelta=0.00095 envFloor=0.00088 onset=0.748 thresh=0.012 onsetDelta=0.73661 baseline=0.00059 adaptive=0.00147 lastPeak=0.00000 guard=0.060 activeAge=-1.000 pitch=-1.00Hz pitchCents=0.0
2025-12-14 07:52:30 [tracker] [s1] aubio-raw t=34.9138 onset=1.283256 env=0.000604 peak=0.001399 gain=1.000
2025-12-14 07:52:30 [tracker] [s1] onset-accepted t=34.9138 env=0.000604 gate=0.000022 envDelta=0.000581 envFloor=0.000602 onset=1.283256 thresh=0.006000 onsetDelta=1.277256 baseline=0.000401 floor=0.000180 adapt=0.001003 lastPeak=0.000000 baseParam=0.000180 gateRatio=0.0550 envParam=0.000450 onsetScale=0.300 retriggerScale=1.400 guard=0.060 guardRemain=0.000 activeAge=-1.000 retrigRemain=0.000 pitchHz=-1.00 pitchCents=0.0
2025-12-14 07:52:30 [tracker] [s1] onset t=34.914 env=0.00060 gate=0.00002 envDelta=0.00058 envFloor=0.00060 onset=1.283 thresh=0.006 onsetDelta=1.27726 baseline=0.00040 adaptive=0.00100 lastPeak=0.00000 guard=0.060 activeAge=-1.000 pitch=-1.00Hz pitchCents=0.0
2025-12-14 07:52:30 [tracker] [s5] onset t=34.916 env=0.00173 gate=0.00015 envDelta=0.00158 envFloor=0.00108 onset=0.633 thresh=0.016 onsetDelta=0.61665 baseline=0.00072 adaptive=0.00179 lastPeak=0.00000 guard=0.060 activeAge=-1.000 pitch=-1.00Hz pitchCents=0.0
2025-12-14 07:52:30 [tracker] [s2] onset t=34.922 env=0.00178 gate=0.00001 envDelta=0.00178 envFloor=0.00107 onset=1.458 thresh=0.009 onsetDelta=1.44873 baseline=0.00071 adaptive=0.00179 lastPeak=0.00024 guard=0.060 activeAge=-1.000 pitch=-1.00Hz pitchCents=0.0
2025-12-14 07:52:30 [tracker] [s4] onset t=35.090 env=0.00162 gate=0.00011 envDelta=0.00150 envFloor=0.00099 onset=0.836 thresh=0.014 onsetDelta=0.82192 baseline=0.00066 adaptive=0.00164 lastPeak=0.00000 guard=0.060 activeAge=-1.000 pitch=-1.00Hz pitchCents=0.0
2025-12-14 07:52:30 [tracker] [s1] aubio-raw t=35.1778 onset=1.139122 env=0.000567 peak=0.001767 gain=1.000
2025-12-14 07:52:30 [tracker] [s1] onset-below-env-floor t=35.1778 env=0.000567 gate=0.000022 envDelta=0.000544 envFloor=0.000612 onset=1.139122 thresh=0.006000 onsetDelta=1.133122 baseline=0.000408 floor=0.000180 adapt=0.001020 lastPeak=0.000000 baseParam=0.000180 gateRatio=0.0550 envParam=0.000450 onsetScale=0.300 retriggerScale=1.400 guard=0.060 guardRemain=0.000 activeAge=-1.000 retrigRemain=0.000 pitchHz=-1.00 pitchCents=0.0
2025-12-14 07:52:30 [tracker] [s3] onset t=35.220 env=0.00150 gate=0.00008 envDelta=0.00142 envFloor=0.00092 onset=0.996 thresh=0.012 onsetDelta=0.98414 baseline=0.00061 adaptive=0.00153 lastPeak=0.00000 guard=0.060 activeAge=-1.000 pitch=-1.00Hz pitchCents=0.0
2025-12-14 07:52:30 [tracker] [s1] aubio-raw t=35.5164 onset=1.404536 env=0.001083 peak=0.002229 gain=1.000
2025-12-14 07:52:30 [tracker] [s1] onset-accepted t=35.5164 env=0.001083 gate=0.000023 envDelta=0.001060 envFloor=0.000630 onset=1.404536 thresh=0.006000 onsetDelta=1.398536 baseline=0.000420 floor=0.000180 adapt=0.001049 lastPeak=0.000000 baseParam=0.000180 gateRatio=0.0550 envParam=0.000450 onsetScale=0.300 retriggerScale=1.400 guard=0.060 guardRemain=0.000 activeAge=-1.000 retrigRemain=0.000 pitchHz=444.38 pitchCents=2917.2
2025-12-14 07:52:30 [tracker] [s1] onset t=35.516 env=0.00108 gate=0.00002 envDelta=0.00106 envFloor=0.00063 onset=1.405 thresh=0.006 onsetDelta=1.39854 baseline=0.00042 adaptive=0.00105 lastPeak=0.00000 guard=0.060 activeAge=-1.000 pitch=444.38Hz pitchCents=2917.2
2025-12-14 07:52:30 [tracker] [s5] onset t=35.522 env=0.00199 gate=0.00015 envDelta=0.00184 envFloor=0.00106 onset=0.908 thresh=0.016 onsetDelta=0.89193 baseline=0.00071 adaptive=0.00177 lastPeak=0.00000 guard=0.060 activeAge=-1.000 pitch=-1.00Hz pitchCents=0.0
2025-12-14 07:52:30 [tracker] [s2] onset t=35.586 env=0.00130 gate=0.00001 envDelta=0.00129 envFloor=0.00108 onset=1.071 thresh=0.009 onsetDelta=1.06185 baseline=0.00072 adaptive=0.00181 lastPeak=0.00007 guard=0.060 activeAge=-1.000 pitch=-1.00Hz pitchCents=0.0
2025-12-14 07:52:30 [tracker] [s1] aubio-raw t=35.6498 onset=1.043674 env=0.000952 peak=0.002465 gain=1.000
2025-12-14 07:52:30 [tracker] [s1] onset-accepted t=35.6498 env=0.000952 gate=0.000023 envDelta=0.000929 envFloor=0.000630 onset=1.043674 thresh=0.006000 onsetDelta=1.037674 baseline=0.000420 floor=0.000180 adapt=0.001050 lastPeak=0.000000 baseParam=0.000180 gateRatio=0.0550 envParam=0.000450 onsetScale=0.300 retriggerScale=1.400 guard=0.060 guardRemain=0.000 activeAge=-1.000 retrigRemain=0.000 pitchHz=-1.00 pitchCents=0.0
2025-12-14 07:52:30 [tracker] [s1] onset t=35.650 env=0.00095 gate=0.00002 envDelta=0.00093 envFloor=0.00063 onset=1.044 thresh=0.006 onsetDelta=1.03767 baseline=0.00042 adaptive=0.00105 lastPeak=0.00000 guard=0.060 activeAge=-1.000 pitch=-1.00Hz pitchCents=0.0
2025-12-14 07:52:30 [tracker] [s6] onset t=35.770 env=0.00182 gate=0.00022 envDelta=0.00160 envFloor=0.00130 onset=0.995 thresh=0.018 onsetDelta=0.97653 baseline=0.00087 adaptive=0.00217 lastPeak=0.00000 guard=0.060 activeAge=-1.000 pitch=-1.00Hz pitchCents=0.0
2025-12-14 07:52:31 [tracker] [s6] onset t=35.927 env=0.00154 gate=0.00020 envDelta=0.00134 envFloor=0.00120 onset=1.016 thresh=0.018 onsetDelta=0.99769 baseline=0.00080 adaptive=0.00201 lastPeak=0.00000 guard=0.060 activeAge=-1.000 pitch=-1.00Hz pitchCents=0.0
2025-12-14 07:52:31 [tracker] [s3] onset t=35.932 env=0.00121 gate=0.00007 envDelta=0.00114 envFloor=0.00085 onset=1.080 thresh=0.012 onsetDelta=1.06800 baseline=0.00057 adaptive=0.00142 lastPeak=0.00000 guard=0.060 activeAge=-1.000 pitch=-1.00Hz pitchCents=0.0
2025-12-14 07:52:31 [tracker] [s5] onset t=35.956 env=0.00167 gate=0.00015 envDelta=0.00153 envFloor=0.00105 onset=1.499 thresh=0.016 onsetDelta=1.48338 baseline=0.00070 adaptive=0.00175 lastPeak=0.00000 guard=0.060 activeAge=-1.000 pitch=-1.00Hz pitchCents=0.0
2025-12-14 07:52:31 [tracker] [s1] aubio-raw t=36.0071 onset=1.067108 env=0.000801 peak=0.002304 gain=1.000
2025-12-14 07:52:31 [tracker] [s1] onset-accepted t=36.0071 env=0.000801 gate=0.000024 envDelta=0.000777 envFloor=0.000657 onset=1.067108 thresh=0.006000 onsetDelta=1.061108 baseline=0.000438 floor=0.000180 adapt=0.001094 lastPeak=0.000000 baseParam=0.000180 gateRatio=0.0550 envParam=0.000450 onsetScale=0.300 retriggerScale=1.400 guard=0.060 guardRemain=0.000 activeAge=-1.000 retrigRemain=0.000 pitchHz=-1.00 pitchCents=0.0
2025-12-14 07:52:31 [tracker] [s3] onset t=36.058 env=0.00125 gate=0.00008 envDelta=0.00117 envFloor=0.00095 onset=1.299 thresh=0.012 onsetDelta=1.28778 baseline=0.00063 adaptive=0.00158 lastPeak=0.00000 guard=0.060 activeAge=-1.000 pitch=-1.00Hz pitchCents=0.0
2025-12-14 07:52:31 [tracker] [s3] onset t=36.434 env=0.00137 gate=0.00008 envDelta=0.00128 envFloor=0.00094 onset=1.143 thresh=0.012 onsetDelta=1.13117 baseline=0.00062 adaptive=0.00156 lastPeak=0.00000 guard=0.060 activeAge=-1.000 pitch=-1.00Hz pitchCents=0.0
2025-12-14 07:52:31 [tracker] [s4] onset t=36.463 env=0.00155 gate=0.00012 envDelta=0.00144 envFloor=0.00103 onset=1.078 thresh=0.014 onsetDelta=1.06429 baseline=0.00068 adaptive=0.00171 lastPeak=0.00000 guard=0.060 activeAge=-1.000 pitch=-1.00Hz pitchCents=0.0
2025-12-14 07:52:31 [tracker] [s2] onset t=36.503 env=0.00163 gate=0.00001 envDelta=0.00163 envFloor=0.00101 onset=0.553 thresh=0.009 onsetDelta=0.54412 baseline=0.00067 adaptive=0.00168 lastPeak=0.00001 guard=0.060 activeAge=-1.000 pitch=-1.00Hz pitchCents=0.0
2025-12-14 07:52:31 [tracker] [s4] onset t=36.527 env=0.00137 gate=0.00012 envDelta=0.00125 envFloor=0.00103 onset=0.995 thresh=0.014 onsetDelta=0.98112 baseline=0.00069 adaptive=0.00172 lastPeak=0.00000 guard=0.060 activeAge=-1.000 pitch=-1.00Hz pitchCents=0.0
2025-12-14 07:52:31 [tracker] [s1] aubio-raw t=36.5750 onset=1.442182 env=0.000628 peak=0.001793 gain=1.000
2025-12-14 07:52:31 [tracker] [s1] onset-accepted t=36.5750 env=0.000628 gate=0.000021 envDelta=0.000607 envFloor=0.000571 onset=1.442182 thresh=0.006000 onsetDelta=1.436182 baseline=0.000381 floor=0.000180 adapt=0.000951 lastPeak=0.000000 baseParam=0.000180 gateRatio=0.0550 envParam=0.000450 onsetScale=0.300 retriggerScale=1.400 guard=0.060 guardRemain=0.000 activeAge=-1.000 retrigRemain=0.000 pitchHz=470.55 pitchCents=3016.2
2025-12-14 07:52:31 [tracker] [s1] onset t=36.575 env=0.00063 gate=0.00002 envDelta=0.00061 envFloor=0.00057 onset=1.442 thresh=0.006 onsetDelta=1.43618 baseline=0.00038 adaptive=0.00095 lastPeak=0.00000 guard=0.060 activeAge=-1.000 pitch=470.55Hz pitchCents=3016.2
2025-12-14 07:52:31 [tracker] [s3] onset t=36.578 env=0.00120 gate=0.00008 envDelta=0.00112 envFloor=0.00092 onset=1.034 thresh=0.012 onsetDelta=1.02218 baseline=0.00062 adaptive=0.00154 lastPeak=0.00000 guard=0.060 activeAge=-1.000 pitch=-1.00Hz pitchCents=0.0
2025-12-14 07:52:31 [tracker] [s6] onset t=36.679 env=0.00209 gate=0.00020 envDelta=0.00189 envFloor=0.00120 onset=0.801 thresh=0.018 onsetDelta=0.78251 baseline=0.00080 adaptive=0.00200 lastPeak=0.00000 guard=0.060 activeAge=-1.000 pitch=-1.00Hz pitchCents=0.0
2025-12-14 07:52:31 [tracker] [s1] aubio-raw t=36.6870 onset=1.102430 env=0.001187 peak=0.002576 gain=1.000
2025-12-14 07:52:31 [tracker] [s1] onset-accepted t=36.6870 env=0.001187 gate=0.000021 envDelta=0.001166 envFloor=0.000585 onset=1.102430 thresh=0.006000 onsetDelta=1.096429 baseline=0.000390 floor=0.000180 adapt=0.000975 lastPeak=0.000000 baseParam=0.000180 gateRatio=0.0550 envParam=0.000450 onsetScale=0.300 retriggerScale=1.400 guard=0.060 guardRemain=0.000 activeAge=-1.000 retrigRemain=0.000 pitchHz=363.66 pitchCents=2570.1
2025-12-14 07:52:31 [tracker] [s1] onset t=36.687 env=0.00119 gate=0.00002 envDelta=0.00117 envFloor=0.00058 onset=1.102 thresh=0.006 onsetDelta=1.09643 baseline=0.00039 adaptive=0.00097 lastPeak=0.00000 guard=0.060 activeAge=-1.000 pitch=363.66Hz pitchCents=2570.1
2025-12-14 07:52:31 [tracker] [s3] onset t=36.692 env=0.00106 gate=0.00008 envDelta=0.00098 envFloor=0.00090 onset=0.688 thresh=0.012 onsetDelta=0.67671 baseline=0.00060 adaptive=0.00149 lastPeak=0.00000 guard=0.060 activeAge=-1.000 pitch=-1.00Hz pitchCents=0.0
2025-12-14 07:52:32 [tracker] [s5] onset t=36.786 env=0.00158 gate=0.00014 envDelta=0.00143 envFloor=0.00102 onset=0.834 thresh=0.016 onsetDelta=0.81804 baseline=0.00068 adaptive=0.00169 lastPeak=0.00000 guard=0.060 activeAge=-1.000 pitch=-1.00Hz pitchCents=0.0
2025-12-14 07:52:32 [tracker] [s2] onset t=36.788 env=0.00157 gate=0.00001 envDelta=0.00156 envFloor=0.00098 onset=0.832 thresh=0.009 onsetDelta=0.82319 baseline=0.00065 adaptive=0.00163 lastPeak=0.00001 guard=0.060 activeAge=-1.000 pitch=400.00Hz pitchCents=2235.0
2025-12-14 07:52:32 [tracker] [s3] onset t=36.898 env=0.00122 gate=0.00008 envDelta=0.00114 envFloor=0.00096 onset=0.758 thresh=0.012 onsetDelta=0.74626 baseline=0.00064 adaptive=0.00159 lastPeak=0.00000 guard=0.060 activeAge=-1.000 pitch=-1.00Hz pitchCents=0.0
2025-12-14 07:52:32 [tracker] [s2] onset t=36.911 env=0.00116 gate=0.00001 envDelta=0.00115 envFloor=0.00105 onset=0.805 thresh=0.009 onsetDelta=0.79585 baseline=0.00070 adaptive=0.00175 lastPeak=0.00001 guard=0.060 activeAge=-1.000 pitch=-1.00Hz pitchCents=0.0
2025-12-14 07:52:32 [tracker] [s4] onset t=36.922 env=0.00153 gate=0.00012 envDelta=0.00141 envFloor=0.00102 onset=0.522 thresh=0.014 onsetDelta=0.50779 baseline=0.00068 adaptive=0.00170 lastPeak=0.00000 guard=0.060 activeAge=-1.000 pitch=-1.00Hz pitchCents=0.0
2025-12-14 07:52:32 [tracker] [s6] onset t=36.948 env=0.00190 gate=0.00021 envDelta=0.00169 envFloor=0.00127 onset=0.911 thresh=0.018 onsetDelta=0.89331 baseline=0.00085 adaptive=0.00211 lastPeak=0.00000 guard=0.060 activeAge=-1.000 pitch=-1.00Hz pitchCents=0.0
2025-12-14 07:52:32 [tracker] [s3] onset t=36.954 env=0.00160 gate=0.00009 envDelta=0.00151 envFloor=0.00102 onset=0.851 thresh=0.012 onsetDelta=0.83973 baseline=0.00068 adaptive=0.00169 lastPeak=0.00000 guard=0.060 activeAge=-1.000 pitch=-1.00Hz pitchCents=0.0
2025-12-14 07:52:32 [tracker] [s1] aubio-raw t=37.0257 onset=0.823547 env=0.000748 peak=0.001870 gain=1.000
2025-12-14 07:52:32 [tracker] [s1] onset-accepted t=37.0257 env=0.000748 gate=0.000025 envDelta=0.000723 envFloor=0.000679 onset=0.823547 thresh=0.006000 onsetDelta=0.817547 baseline=0.000452 floor=0.000180 adapt=0.001131 lastPeak=0.000000 baseParam=0.000180 gateRatio=0.0550 envParam=0.000450 onsetScale=0.300 retriggerScale=1.400 guard=0.060 guardRemain=0.000 activeAge=-1.000 retrigRemain=0.000 pitchHz=-1.00 pitchCents=0.0
2025-12-14 07:52:32 [tracker] [s1] onset t=37.026 env=0.00075 gate=0.00002 envDelta=0.00072 envFloor=0.00068 onset=0.824 thresh=0.006 onsetDelta=0.81755 baseline=0.00045 adaptive=0.00113 lastPeak=0.00000 guard=0.060 activeAge=-1.000 pitch=-1.00Hz pitchCents=0.0
2025-12-14 07:52:32 [tracker] [s3] onset t=37.082 env=0.00148 gate=0.00008 envDelta=0.00140 envFloor=0.00091 onset=1.051 thresh=0.012 onsetDelta=1.03961 baseline=0.00061 adaptive=0.00152 lastPeak=0.00000 guard=0.060 activeAge=-1.000 pitch=-1.00Hz pitchCents=0.0
2025-12-14 07:52:32 [tracker] [s3] onset t=37.172 env=0.00144 gate=0.00008 envDelta=0.00136 envFloor=0.00088 onset=1.043 thresh=0.012 onsetDelta=1.03113 baseline=0.00058 adaptive=0.00146 lastPeak=0.00000 guard=0.060 activeAge=-1.000 pitch=-1.00Hz pitchCents=0.0
2025-12-14 07:52:32 [tracker] [s5] onset t=37.172 env=0.00171 gate=0.00015 envDelta=0.00156 envFloor=0.00106 onset=0.792 thresh=0.016 onsetDelta=0.77598 baseline=0.00070 adaptive=0.00176 lastPeak=0.00000 guard=0.060 activeAge=-1.000 pitch=-1.00Hz pitchCents=0.0
2025-12-14 07:52:32 [tracker] [s1] aubio-raw t=37.1750 onset=1.005693 env=0.000786 peak=0.001892 gain=1.000
2025-12-14 07:52:32 [tracker] [s1] onset-accepted t=37.1750 env=0.000786 gate=0.000023 envDelta=0.000763 envFloor=0.000626 onset=1.005693 thresh=0.006000 onsetDelta=0.999693 baseline=0.000418 floor=0.000180 adapt=0.001044 lastPeak=0.000000 baseParam=0.000180 gateRatio=0.0550 envParam=0.000450 onsetScale=0.300 retriggerScale=1.400 guard=0.060 guardRemain=0.000 activeAge=-1.000 retrigRemain=0.000 pitchHz=-1.00 pitchCents=0.0
2025-12-14 07:52:32 [tracker] [s1] onset t=37.175 env=0.00079 gate=0.00002 envDelta=0.00076 envFloor=0.00063 onset=1.006 thresh=0.006 onsetDelta=0.99969 baseline=0.00042 adaptive=0.00104 lastPeak=0.00000 guard=0.060 activeAge=-1.000 pitch=-1.00Hz pitchCents=0.0
2025-12-14 07:52:32 [tracker] [s4] onset t=37.239 env=0.00194 gate=0.00011 envDelta=0.00182 envFloor=0.00098 onset=0.995 thresh=0.014 onsetDelta=0.98127 baseline=0.00066 adaptive=0.00164 lastPeak=0.00000 guard=0.060 activeAge=-1.000 pitch=-1.00Hz pitchCents=0.0
2025-12-14 07:52:32 [tracker] [s1] aubio-raw t=37.2896 onset=1.040252 env=0.001183 peak=0.002996 gain=1.000
2025-12-14 07:52:32 [tracker] [s1] onset-accepted t=37.2896 env=0.001183 gate=0.000024 envDelta=0.001159 envFloor=0.000653 onset=1.040252 thresh=0.006000 onsetDelta=1.034252 baseline=0.000435 floor=0.000180 adapt=0.001088 lastPeak=0.000000 baseParam=0.000180 gateRatio=0.0550 envParam=0.000450 onsetScale=0.300 retriggerScale=1.400 guard=0.060 guardRemain=0.000 activeAge=-1.000 retrigRemain=0.000 pitchHz=-1.00 pitchCents=0.0
2025-12-14 07:52:32 [tracker] [s4] onset t=37.396 env=0.00163 gate=0.00011 envDelta=0.00152 envFloor=0.00101 onset=0.836 thresh=0.014 onsetDelta=0.82249 baseline=0.00068 adaptive=0.00169 lastPeak=0.00000 guard=0.060 activeAge=-1.000 pitch=-1.00Hz pitchCents=0.0
2025-12-14 07:52:32 [tracker] [s5] onset t=37.482 env=0.00156 gate=0.00015 envDelta=0.00141 envFloor=0.00104 onset=1.087 thresh=0.016 onsetDelta=1.07128 baseline=0.00069 adaptive=0.00173 lastPeak=0.00000 guard=0.060 activeAge=-1.000 pitch=-1.00Hz pitchCents=0.0
2025-12-14 07:52:32 [tracker] [s1] aubio-raw t=37.4923 onset=0.995947 env=0.000839 peak=0.001719 gain=1.000
2025-12-14 07:52:32 [tracker] [s1] onset t=37.492 env=0.00084 gate=0.00002 envDelta=0.00082 envFloor=0.00062 onset=0.996 thresh=0.006 onsetDelta=0.98995 baseline=0.00041 adaptive=0.00103 lastPeak=0.00000 guard=0.060 activeAge=-1.000 pitch=242.45Hz pitchCents=1868.2
2025-12-14 07:52:32 [tracker] [s3] onset t=37.543 env=0.00134 gate=0.00008 envDelta=0.00126 envFloor=0.00089 onset=0.998 thresh=0.012 onsetDelta=0.98648 baseline=0.00060 adaptive=0.00149 lastPeak=0.00000 guard=0.060 activeAge=-1.000 pitch=-1.00Hz pitchCents=0.0
2025-12-14 07:52:32 [tracker] [s6] onset t=37.596 env=0.00220 gate=0.00021 envDelta=0.00199 envFloor=0.00127 onset=0.906 thresh=0.018 onsetDelta=0.88811 baseline=0.00084 adaptive=0.00211 lastPeak=0.00000 guard=0.060 activeAge=-1.000 pitch=-1.00Hz pitchCents=0.0
2025-12-14 07:52:32 [tracker] [s1] aubio-raw t=37.6149 onset=1.439857 env=0.001214 peak=0.002774 gain=1.000
2025-12-14 07:52:32 [tracker] [s1] onset-accepted t=37.6149 env=0.001214 gate=0.000024 envDelta=0.001190 envFloor=0.000661 onset=1.439857 thresh=0.006000 onsetDelta=1.433857 baseline=0.000441 floor=0.000180 adapt=0.001102 lastPeak=0.000000 baseParam=0.000180 gateRatio=0.0550 envParam=0.000450 onsetScale=0.300 retriggerScale=1.400 guard=0.060 guardRemain=0.000 activeAge=-1.000 retrigRemain=0.000 pitchHz=-1.00 pitchCents=0.0
2025-12-14 07:52:32 [tracker] [s1] onset t=37.615 env=0.00121 gate=0.00002 envDelta=0.00119 envFloor=0.00066 onset=1.440 thresh=0.006 onsetDelta=1.43386 baseline=0.00044 adaptive=0.00110 lastPeak=0.00000 guard=0.060 activeAge=-1.000 pitch=-1.00Hz pitchCents=0.0
2025-12-14 07:52:32 [tracker] [s3] onset t=37.636 env=0.00139 gate=0.00008 envDelta=0.00132 envFloor=0.00089 onset=1.165 thresh=0.012 onsetDelta=1.15296 baseline=0.00059 adaptive=0.00148 lastPeak=0.00000 guard=0.060 activeAge=-1.000 pitch=-1.00Hz pitchCents=0.0
2025-12-14 07:52:32 [tracker] [s6] onset t=37.676 env=0.00216 gate=0.00022 envDelta=0.00194 envFloor=0.00132 onset=0.995 thresh=0.018 onsetDelta=0.97679 baseline=0.00088 adaptive=0.00219 lastPeak=0.00000 guard=0.060 activeAge=-1.000 pitch=-1.00Hz pitchCents=0.0
2025-12-14 07:52:32 [tracker] [s1] aubio-raw t=37.7189 onset=1.175130 env=0.001568 peak=0.003539 gain=1.000
2025-12-14 07:52:32 [tracker] [s1] onset t=37.719 env=0.00157 gate=0.00002 envDelta=0.00154 envFloor=0.00068 onset=1.175 thresh=0.006 onsetDelta=1.16913 baseline=0.00045 adaptive=0.00113 lastPeak=0.00000 guard=0.060 activeAge=-1.000 pitch=1000.10Hz pitchCents=4321.5
2025-12-14 07:52:33 [tracker] [s1] aubio-raw t=37.8389 onset=1.049132 env=0.000786 peak=0.002104 gain=1.000
2025-12-14 07:52:33 [tracker] [s1] onset-accepted t=37.8389 env=0.000786 gate=0.000025 envDelta=0.000761 envFloor=0.000695 onset=1.049132 thresh=0.006000 onsetDelta=1.043132 baseline=0.000464 floor=0.000180 adapt=0.001159 lastPeak=0.000000 baseParam=0.000180 gateRatio=0.0550 envParam=0.000450 onsetScale=0.300 retriggerScale=1.400 guard=0.060 guardRemain=0.000 activeAge=-1.000 retrigRemain=0.000 pitchHz=94.11 pitchCents=229.8
2025-12-14 07:52:33 [tracker] [s1] onset t=37.839 env=0.00079 gate=0.00003 envDelta=0.00076 envFloor=0.00070 onset=1.049 thresh=0.006 onsetDelta=1.04313 baseline=0.00046 adaptive=0.00116 lastPeak=0.00000 guard=0.060 activeAge=-1.000 pitch=94.11Hz pitchCents=229.8
2025-12-14 07:52:33 [tracker] [s5] onset t=37.868 env=0.00177 gate=0.00015 envDelta=0.00163 envFloor=0.00105 onset=0.562 thresh=0.016 onsetDelta=0.54580 baseline=0.00070 adaptive=0.00174 lastPeak=0.00000 guard=0.060 activeAge=-1.000 pitch=-1.00Hz pitchCents=0.0
2025-12-14 07:52:33 [tracker] [s3] onset t=37.879 env=0.00100 gate=0.00007 envDelta=0.00093 envFloor=0.00084 onset=1.460 thresh=0.012 onsetDelta=1.44877 baseline=0.00056 adaptive=0.00140 lastPeak=0.00000 guard=0.060 activeAge=-1.000 pitch=-1.00Hz pitchCents=0.0
2025-12-14 07:52:33 [tracker] [s1] aubio-raw t=37.9936 onset=0.996432 env=0.000842 peak=0.002071 gain=1.000
2025-12-14 07:52:33 [tracker] [s1] onset-accepted t=37.9936 env=0.000842 gate=0.000022 envDelta=0.000819 envFloor=0.000612 onset=0.996432 thresh=0.006000 onsetDelta=0.990432 baseline=0.000408 floor=0.000180 adapt=0.001020 lastPeak=0.000000 baseParam=0.000180 gateRatio=0.0550 envParam=0.000450 onsetScale=0.300 retriggerScale=1.400 guard=0.060 guardRemain=0.000 activeAge=-1.000 retrigRemain=0.000 pitchHz=-1.00 pitchCents=0.0
2025-12-14 07:52:33 [tracker] [s1] onset t=37.994 env=0.00084 gate=0.00002 envDelta=0.00082 envFloor=0.00061 onset=0.996 thresh=0.006 onsetDelta=0.99043 baseline=0.00041 adaptive=0.00102 lastPeak=0.00000 guard=0.060 activeAge=-1.000 pitch=-1.00Hz pitchCents=0.0
2025-12-14 07:52:33 [tracker] [s1] aubio-raw t=38.0816 onset=1.094892 env=0.001250 peak=0.003080 gain=1.000
2025-12-14 07:52:33 [tracker] [s1] onset-accepted t=38.0816 env=0.001250 gate=0.000023 envDelta=0.001227 envFloor=0.000635 onset=1.094892 thresh=0.006000 onsetDelta=1.088892 baseline=0.000423 floor=0.000180 adapt=0.001058 lastPeak=0.000000 baseParam=0.000180 gateRatio=0.0550 envParam=0.000450 onsetScale=0.300 retriggerScale=1.400 guard=0.060 guardRemain=0.000 activeAge=-1.000 retrigRemain=0.000 pitchHz=1599.58 pitchCents=5134.5
2025-12-14 07:52:33 [tracker] [s1] onset t=38.082 env=0.00125 gate=0.00002 envDelta=0.00123 envFloor=0.00063 onset=1.095 thresh=0.006 onsetDelta=1.08889 baseline=0.00042 adaptive=0.00106 lastPeak=0.00000 guard=0.060 activeAge=-1.000 pitch=1599.58Hz pitchCents=5134.5
2025-12-14 07:52:33 [tracker] [s3] onset t=38.127 env=0.00106 gate=0.00008 envDelta=0.00098 envFloor=0.00089 onset=0.949 thresh=0.012 onsetDelta=0.93778 baseline=0.00059 adaptive=0.00149 lastPeak=0.00000 guard=0.060 activeAge=-1.000 pitch=-1.00Hz pitchCents=0.0
2025-12-14 07:52:33 [tracker] [s6] onset t=38.135 env=0.00188 gate=0.00021 envDelta=0.00168 envFloor=0.00126 onset=1.114 thresh=0.018 onsetDelta=1.09604 baseline=0.00084 adaptive=0.00210 lastPeak=0.00000 guard=0.060 activeAge=-1.000 pitch=-1.00Hz pitchCents=0.0
2025-12-14 07:52:33 [tracker] [s5] onset t=38.207 env=0.00173 gate=0.00014 envDelta=0.00159 envFloor=0.00102 onset=0.670 thresh=0.016 onsetDelta=0.65404 baseline=0.00068 adaptive=0.00169 lastPeak=0.00000 guard=0.060 activeAge=-1.000 pitch=-1.00Hz pitchCents=0.0
2025-12-14 07:52:33 [tracker] [s1] aubio-raw t=38.2469 onset=0.993801 env=0.000608 peak=0.001496 gain=1.000
2025-12-14 07:52:33 [tracker] [s2] onset t=38.282 env=0.00149 gate=0.00001 envDelta=0.00148 envFloor=0.00101 onset=0.906 thresh=0.009 onsetDelta=0.89667 baseline=0.00067 adaptive=0.00168 lastPeak=0.00000 guard=0.060 activeAge=-1.000 pitch=-1.00Hz pitchCents=0.0
2025-12-14 07:52:33 [tracker] [s4] onset t=38.372 env=0.00154 gate=0.00012 envDelta=0.00142 envFloor=0.00103 onset=0.861 thresh=0.014 onsetDelta=0.84746 baseline=0.00069 adaptive=0.00172 lastPeak=0.00000 guard=0.060 activeAge=-1.000 pitch=-1.00Hz pitchCents=0.0
2025-12-14 07:52:33 [tracker] [s5] onset t=38.375 env=0.00173 gate=0.00015 envDelta=0.00158 envFloor=0.00108 onset=1.184 thresh=0.016 onsetDelta=1.16756 baseline=0.00072 adaptive=0.00180 lastPeak=0.00000 guard=0.060 activeAge=-1.000 pitch=-1.00Hz pitchCents=0.0
2025-12-14 07:52:33 [tracker] [s2] onset t=38.412 env=0.00176 gate=0.00001 envDelta=0.00175 envFloor=0.00099 onset=0.638 thresh=0.009 onsetDelta=0.62861 baseline=0.00066 adaptive=0.00164 lastPeak=0.00000 guard=0.060 activeAge=-1.000 pitch=-1.00Hz pitchCents=0.0
2025-12-14 07:52:33 [tracker] [s1] aubio-raw t=38.4176 onset=0.997440 env=0.000692 peak=0.001772 gain=1.000
2025-12-14 07:52:33 [tracker] [s1] onset-accepted t=38.4176 env=0.000692 gate=0.000024 envDelta=0.000668 envFloor=0.000659 onset=0.997440 thresh=0.006000 onsetDelta=0.991440 baseline=0.000439 floor=0.000180 adapt=0.001098 lastPeak=0.000000 baseParam=0.000180 gateRatio=0.0550 envParam=0.000450 onsetScale=0.300 retriggerScale=1.400 guard=0.060 guardRemain=0.000 activeAge=-1.000 retrigRemain=0.000 pitchHz=-1.00 pitchCents=0.0
2025-12-14 07:52:33 [tracker] [s1] onset t=38.418 env=0.00069 gate=0.00002 envDelta=0.00067 envFloor=0.00066 onset=0.997 thresh=0.006 onsetDelta=0.99144 baseline=0.00044 adaptive=0.00110 lastPeak=0.00000 guard=0.060 activeAge=-1.000 pitch=-1.00Hz pitchCents=0.0
2025-12-14 07:52:33 [tracker] [s3] onset t=38.420 env=0.00139 gate=0.00008 envDelta=0.00130 envFloor=0.00096 onset=1.070 thresh=0.012 onsetDelta=1.05882 baseline=0.00064 adaptive=0.00160 lastPeak=0.00000 guard=0.060 activeAge=-1.000 pitch=-1.00Hz pitchCents=0.0
2025-12-14 07:52:33 [tracker] [s6] onset t=38.452 env=0.00194 gate=0.00022 envDelta=0.00173 envFloor=0.00130 onset=0.565 thresh=0.018 onsetDelta=0.54720 baseline=0.00086 adaptive=0.00216 lastPeak=0.00000 guard=0.060 activeAge=-1.000 pitch=-1.00Hz pitchCents=0.0
2025-12-14 07:52:33 [tracker] [s1] aubio-raw t=38.5429 onset=0.638666 env=0.000676 peak=0.002054 gain=1.000
2025-12-14 07:52:33 [tracker] [s1] onset-accepted t=38.5429 env=0.000676 gate=0.000022 envDelta=0.000653 envFloor=0.000612 onset=0.638666 thresh=0.006000 onsetDelta=0.632666 baseline=0.000408 floor=0.000180 adapt=0.001020 lastPeak=0.000000 baseParam=0.000180 gateRatio=0.0550 envParam=0.000450 onsetScale=0.300 retriggerScale=1.400 guard=0.060 guardRemain=0.000 activeAge=-1.000 retrigRemain=0.000 pitchHz=-1.00 pitchCents=0.0
2025-12-14 07:52:33 [tracker] [s1] onset t=38.543 env=0.00068 gate=0.00002 envDelta=0.00065 envFloor=0.00061 onset=0.639 thresh=0.006 onsetDelta=0.63267 baseline=0.00041 adaptive=0.00102 lastPeak=0.00000 guard=0.060 activeAge=-1.000 pitch=-1.00Hz pitchCents=0.0
2025-12-14 07:52:33 [tracker] [s5] onset t=38.551 env=0.00144 gate=0.00015 envDelta=0.00129 envFloor=0.00108 onset=0.975 thresh=0.016 onsetDelta=0.95873 baseline=0.00072 adaptive=0.00179 lastPeak=0.00000 guard=0.060 activeAge=-1.000 pitch=-1.00Hz pitchCents=0.0
2025-12-14 07:52:33 [tracker] [s3] onset t=38.564 env=0.00129 gate=0.00008 envDelta=0.00121 envFloor=0.00090 onset=1.027 thresh=0.012 onsetDelta=1.01547 baseline=0.00060 adaptive=0.00149 lastPeak=0.00000 guard=0.060 activeAge=-1.000 pitch=-1.00Hz pitchCents=0.0
2025-12-14 07:52:33 [tracker] [s2] onset t=38.652 env=0.00171 gate=0.00001 envDelta=0.00171 envFloor=0.00098 onset=0.996 thresh=0.009 onsetDelta=0.98676 baseline=0.00066 adaptive=0.00164 lastPeak=0.00000 guard=0.060 activeAge=-1.000 pitch=-1.00Hz pitchCents=0.0
2025-12-14 07:52:33 [tracker] [s5] onset t=38.690 env=0.00191 gate=0.00015 envDelta=0.00176 envFloor=0.00106 onset=1.115 thresh=0.016 onsetDelta=1.09925 baseline=0.00071 adaptive=0.00177 lastPeak=0.00000 guard=0.060 activeAge=-1.000 pitch=-1.00Hz pitchCents=0.0
2025-12-14 07:52:33 [tracker] [s5] onset t=38.775 env=0.00161 gate=0.00015 envDelta=0.00145 envFloor=0.00110 onset=1.087 thresh=0.016 onsetDelta=1.07149 baseline=0.00074 adaptive=0.00184 lastPeak=0.00000 guard=0.060 activeAge=-1.000 pitch=-1.00Hz pitchCents=0.0
2025-12-14 07:52:34 [tracker] [s4] onset t=38.810 env=0.00176 gate=0.00011 envDelta=0.00165 envFloor=0.00101 onset=0.765 thresh=0.014 onsetDelta=0.75139 baseline=0.00067 adaptive=0.00168 lastPeak=0.00000 guard=0.060 activeAge=-1.000 pitch=-1.00Hz pitchCents=0.0
2025-12-14 07:52:34 [tracker] [s2] onset t=38.828 env=0.00159 gate=0.00001 envDelta=0.00158 envFloor=0.00097 onset=0.998 thresh=0.009 onsetDelta=0.98900 baseline=0.00064 adaptive=0.00161 lastPeak=0.00000 guard=0.060 activeAge=-1.000 pitch=-1.00Hz pitchCents=0.0
2025-12-14 07:52:34 [tracker] [s3] onset t=38.863 env=0.00171 gate=0.00008 envDelta=0.00163 envFloor=0.00093 onset=1.336 thresh=0.012 onsetDelta=1.32427 baseline=0.00062 adaptive=0.00154 lastPeak=0.00000 guard=0.060 activeAge=-1.000 pitch=-1.00Hz pitchCents=0.0
2025-12-14 07:52:34 [tracker] [s1] aubio-raw t=38.8682 onset=1.000166 env=0.000783 peak=0.001918 gain=1.000
2025-12-14 07:52:34 [tracker] [s1] onset-accepted t=38.8682 env=0.000783 gate=0.000023 envDelta=0.000760 envFloor=0.000638 onset=1.000166 thresh=0.006000 onsetDelta=0.994166 baseline=0.000425 floor=0.000180 adapt=0.001064 lastPeak=0.000000 baseParam=0.000180 gateRatio=0.0550 envParam=0.000450 onsetScale=0.300 retriggerScale=1.400 guard=0.060 guardRemain=0.000 activeAge=-1.000 retrigRemain=0.000 pitchHz=-1.00 pitchCents=0.0
2025-12-14 07:52:34 [tracker] [s1] onset t=38.868 env=0.00078 gate=0.00002 envDelta=0.00076 envFloor=0.00064 onset=1.000 thresh=0.006 onsetDelta=0.99417 baseline=0.00043 adaptive=0.00106 lastPeak=0.00000 guard=0.060 activeAge=-1.000 pitch=-1.00Hz pitchCents=0.0
2025-12-14 07:52:34 [tracker] [s4] onset t=38.890 env=0.00147 gate=0.00012 envDelta=0.00136 envFloor=0.00104 onset=1.000 thresh=0.014 onsetDelta=0.98554 baseline=0.00069 adaptive=0.00173 lastPeak=0.00000 guard=0.060 activeAge=-1.000 pitch=-1.00Hz pitchCents=0.0
2025-12-14 07:52:34 [tracker] [s5] onset t=38.943 env=0.00164 gate=0.00015 envDelta=0.00150 envFloor=0.00105 onset=1.103 thresh=0.016 onsetDelta=1.08666 baseline=0.00070 adaptive=0.00174 lastPeak=0.00000 guard=0.060 activeAge=-1.000 pitch=-1.00Hz pitchCents=0.0
2025-12-14 07:52:34 [tracker] [s6] onset t=38.951 env=0.00156 gate=0.00020 envDelta=0.00136 envFloor=0.00119 onset=0.974 thresh=0.018 onsetDelta=0.95602 baseline=0.00079 adaptive=0.00199 lastPeak=0.00000 guard=0.060 activeAge=-1.000 pitch=-1.00Hz pitchCents=0.0
2025-12-14 07:52:34 [tracker] [s4] onset t=39.058 env=0.00196 gate=0.00011 envDelta=0.00185 envFloor=0.00097 onset=1.008 thresh=0.014 onsetDelta=0.99350 baseline=0.00065 adaptive=0.00162 lastPeak=0.00000 guard=0.060 activeAge=-1.000 pitch=-1.00Hz pitchCents=0.0
2025-12-14 07:52:34 [tracker] [s1] aubio-raw t=39.1162 onset=0.786062 env=0.000798 peak=0.002379 gain=1.000
2025-12-14 07:52:34 [tracker] [s1] onset-accepted t=39.1162 env=0.000798 gate=0.000024 envDelta=0.000774 envFloor=0.000642 onset=0.786062 thresh=0.006000 onsetDelta=0.780062 baseline=0.000428 floor=0.000180 adapt=0.001070 lastPeak=0.000000 baseParam=0.000180 gateRatio=0.0550 envParam=0.000450 onsetScale=0.300 retriggerScale=1.400 guard=0.060 guardRemain=0.000 activeAge=-1.000 retrigRemain=0.000 pitchHz=-1.00 pitchCents=0.0
2025-12-14 07:52:34 [tracker] [s1] onset t=39.116 env=0.00080 gate=0.00002 envDelta=0.00077 envFloor=0.00064 onset=0.786 thresh=0.006 onsetDelta=0.78006 baseline=0.00043 adaptive=0.00107 lastPeak=0.00000 guard=0.060 activeAge=-1.000 pitch=-1.00Hz pitchCents=0.0
2025-12-14 07:52:34 [tracker] [s3] onset t=39.148 env=0.00104 gate=0.00008 envDelta=0.00096 envFloor=0.00092 onset=1.074 thresh=0.012 onsetDelta=1.06290 baseline=0.00062 adaptive=0.00154 lastPeak=0.00000 guard=0.060 activeAge=-1.000 pitch=-1.00Hz pitchCents=0.0
2025-12-14 07:52:34 [tracker] [s2] onset t=39.244 env=0.00142 gate=0.00001 envDelta=0.00141 envFloor=0.00105 onset=1.096 thresh=0.009 onsetDelta=1.08741 baseline=0.00070 adaptive=0.00175 lastPeak=0.00000 guard=0.060 activeAge=-1.000 pitch=-1.00Hz pitchCents=0.0
2025-12-14 07:52:34 [tracker] [s5] onset t=39.287 env=0.00163 gate=0.00015 envDelta=0.00147 envFloor=0.00108 onset=0.748 thresh=0.016 onsetDelta=0.73246 baseline=0.00072 adaptive=0.00181 lastPeak=0.00000 guard=0.060 activeAge=-1.000 pitch=-1.00Hz pitchCents=0.0
2025-12-14 07:52:34 [sessionwavs] wrote 6 wav files to /home/general/SignalAssistant/logs/sessionwavs/session-20251214-075154 (shutdown)
