# SignalAssistant session log
# Started at 2025-12-08 03:01:25
2025-12-08 03:01:25 [session] mode=live session='' path='' duration=0.00 files=0
2025-12-08 03:01:25 [tracker-settings] TrackerConfig onsetThreshold=0.02000 minNoteDurSec=0.045 hopSec=0.010 slideDelta=120.0 bendDelta=35.0
2025-12-08 03:01:25 [tracker-settings] string1 midi=40 lowCut=37.08Hz highCut=445.00Hz baseline=0.000180 gateRatio=0.05500 envFloor=0.000450 sustainScale=0.580 retriggerScale=1.400 peakRelease=0.120 pitchTol=0.400 onsetScale=0.300
2025-12-08 03:01:25 [tracker-settings] string2 midi=45 lowCut=55.00Hz highCut=563.20Hz baseline=0.000220 gateRatio=0.10000 envFloor=0.000550 sustainScale=0.700 retriggerScale=1.250 peakRelease=0.130 pitchTol=0.400 onsetScale=0.450
2025-12-08 03:01:25 [tracker-settings] string3 midi=50 lowCut=85.16Hz highCut=693.05Hz baseline=0.000260 gateRatio=0.13000 envFloor=0.000650 sustainScale=0.820 retriggerScale=1.100 peakRelease=0.140 pitchTol=0.450 onsetScale=0.580
2025-12-08 03:01:25 [tracker-settings] string4 midi=55 lowCut=127.40Hz highCut=862.39Hz baseline=0.000320 gateRatio=0.17000 envFloor=0.000780 sustainScale=1.000 retriggerScale=1.000 peakRelease=0.160 pitchTol=0.440 onsetScale=0.700
2025-12-08 03:01:25 [tracker-settings] string5 midi=59 lowCut=160.51Hz highCut=1086.54Hz baseline=0.000370 gateRatio=0.21000 envFloor=0.000900 sustainScale=1.000 retriggerScale=1.000 peakRelease=0.180 pitchTol=0.500 onsetScale=0.800
2025-12-08 03:01:25 [tracker-settings] string6 midi=64 lowCut=214.26Hz highCut=1450.36Hz baseline=0.000420 gateRatio=0.25000 envFloor=0.001050 sustainScale=1.000 retriggerScale=1.000 peakRelease=0.200 pitchTol=0.550 onsetScale=0.900
2025-12-08 03:01:25 [tracker] [s1] calibration reset
2025-12-08 03:01:25 [tracker] [s2] calibration reset
2025-12-08 03:01:25 [tracker] [s3] calibration reset
2025-12-08 03:01:25 [tracker] [s4] calibration reset
2025-12-08 03:01:25 [tracker] [s5] calibration reset
2025-12-08 03:01:25 [tracker] [s6] calibration reset
2025-12-08 03:01:25 [tracker] [s1] calibration avg=0.03165 peak=0.10910
2025-12-08 03:01:25 [tracker] [s2] calibration avg=0.01798 peak=0.04582
2025-12-08 03:01:25 [tracker] [s3] calibration avg=0.01325 peak=0.06025
2025-12-08 03:01:25 [tracker] [s4] calibration avg=0.03051 peak=0.11407
2025-12-08 03:01:25 [tracker] [s5] calibration avg=0.03291 peak=0.07733
2025-12-08 03:01:25 [tracker] [s6] calibration avg=0.04616 peak=0.12280
2025-12-08 03:01:26 [tracker] [s1] configure sr=48000.0 hop=128 fft=1024 low=37.1 high=445.0
2025-12-08 03:01:26 [tracker] [s1] params baseline=0.000180 gate=0.0550 envFloor=0.000450 sustain=0.580 retrigger=1.400 peakRelease=0.120 pitchTol=0.400 onsetScale=0.006 aubioScale=1.20 aubioThresh=0.024 onsetSilence=-85.0 pitchSilence=-90.0
2025-12-08 03:01:26 [tracker] [s2] configure sr=48000.0 hop=128 fft=1024 low=55.0 high=563.2
2025-12-08 03:01:26 [tracker] [s2] params baseline=0.000220 gate=0.1000 envFloor=0.000550 sustain=0.700 retrigger=1.250 peakRelease=0.130 pitchTol=0.400 onsetScale=0.009 aubioScale=1.35 aubioThresh=0.027 onsetSilence=-85.0 pitchSilence=-90.0
2025-12-08 03:01:26 [tracker] [s3] configure sr=48000.0 hop=128 fft=1024 low=85.2 high=693.0
2025-12-08 03:01:26 [tracker] [s3] params baseline=0.000260 gate=0.1300 envFloor=0.000650 sustain=0.820 retrigger=1.100 peakRelease=0.140 pitchTol=0.450 onsetScale=0.012 aubioScale=1.60 aubioThresh=0.032 onsetSilence=-75.0 pitchSilence=-80.0
2025-12-08 03:01:26 [tracker] [s4] configure sr=48000.0 hop=128 fft=1024 low=127.4 high=862.4
2025-12-08 03:01:26 [tracker] [s4] params baseline=0.000320 gate=0.1700 envFloor=0.000780 sustain=1.000 retrigger=1.000 peakRelease=0.160 pitchTol=0.440 onsetScale=0.014 aubioScale=1.80 aubioThresh=0.036 onsetSilence=-75.0 pitchSilence=-80.0
2025-12-08 03:01:26 [tracker] [s5] configure sr=48000.0 hop=128 fft=512 low=160.5 high=1086.5
2025-12-08 03:01:26 [tracker] [s5] params baseline=0.000370 gate=0.2100 envFloor=0.000900 sustain=1.000 retrigger=1.000 peakRelease=0.180 pitchTol=0.500 onsetScale=0.016 aubioScale=1.80 aubioThresh=0.036 onsetSilence=-75.0 pitchSilence=-80.0
2025-12-08 03:01:26 [tracker] [s6] configure sr=48000.0 hop=128 fft=512 low=214.3 high=1450.4
2025-12-08 03:01:26 [tracker] [s6] params baseline=0.000420 gate=0.2500 envFloor=0.001050 sustain=1.000 retrigger=1.000 peakRelease=0.200 pitchTol=0.550 onsetScale=0.018 aubioScale=1.80 aubioThresh=0.036 onsetSilence=-75.0 pitchSilence=-80.0
2025-12-08 03:01:26 [tracker] [s1] aubio-raw t=0.0067 onset=4.000000 env=0.000144 peak=0.000436 gain=1.000
2025-12-08 03:01:26 [tracker] [s1] onset-below-gate t=0.0067 env=0.000144 onset=4.000000 thresh=0.006000 baseline=0.029117 gate=0.001601 envFloor=0.024750 floor=0.029117 adapt=0.029117 lastPeak=0.000000 calib=0.029117 baseParam=0.000180 gateRatio=0.0550 envParam=0.000450
2025-12-08 03:01:26 [tracker] [s1] aubio-raw t=0.4840 onset=0.539192 env=0.000155 peak=0.000349 gain=1.000
2025-12-08 03:01:26 [tracker] [s1] onset-below-gate t=0.4840 env=0.000155 onset=0.539192 thresh=0.006000 baseline=0.029117 gate=0.001601 envFloor=0.024750 floor=0.029117 adapt=0.029117 lastPeak=0.000000 calib=0.029117 baseParam=0.000180 gateRatio=0.0550 envParam=0.000450
2025-12-08 03:01:27 [tracker] [s1] aubio-raw t=0.8600 onset=0.994386 env=0.000147 peak=0.000376 gain=1.000
2025-12-08 03:01:27 [tracker] [s1] onset-below-gate t=0.8600 env=0.000147 onset=0.994386 thresh=0.006000 baseline=0.029117 gate=0.001601 envFloor=0.024750 floor=0.029117 adapt=0.029117 lastPeak=0.000000 calib=0.029117 baseParam=0.000180 gateRatio=0.0550 envParam=0.000450
2025-12-08 03:01:27 [tracker] [s1] aubio-raw t=0.9320 onset=1.258373 env=0.000100 peak=0.000273 gain=1.000
2025-12-08 03:01:27 [tracker] [s1] onset-below-gate t=0.9320 env=0.000100 onset=1.258373 thresh=0.006000 baseline=0.029117 gate=0.001601 envFloor=0.024750 floor=0.029117 adapt=0.029117 lastPeak=0.000000 calib=0.029117 baseParam=0.000180 gateRatio=0.0550 envParam=0.000450
2025-12-08 03:01:27 [tracker] [s1] aubio-raw t=1.1427 onset=0.974239 env=0.000095 peak=0.000240 gain=1.000
2025-12-08 03:01:27 [tracker] [s1] onset-below-gate t=1.1427 env=0.000095 onset=0.974239 thresh=0.006000 baseline=0.029117 gate=0.001601 envFloor=0.024750 floor=0.029117 adapt=0.029117 lastPeak=0.000000 calib=0.029117 baseParam=0.000180 gateRatio=0.0550 envParam=0.000450
2025-12-08 03:01:27 [tracker] [s1] aubio-raw t=1.2173 onset=1.262776 env=0.000118 peak=0.000287 gain=1.000
2025-12-08 03:01:27 [tracker] [s1] onset-below-gate t=1.2173 env=0.000118 onset=1.262776 thresh=0.006000 baseline=0.029117 gate=0.001601 envFloor=0.024750 floor=0.029117 adapt=0.029117 lastPeak=0.000000 calib=0.029117 baseParam=0.000180 gateRatio=0.0550 envParam=0.000450
2025-12-08 03:01:28 [tracker] [s1] aubio-raw t=1.9853 onset=0.806799 env=0.000154 peak=0.000361 gain=1.000
2025-12-08 03:01:28 [tracker] [s1] onset-below-gate t=1.9853 env=0.000154 onset=0.806799 thresh=0.006000 baseline=0.029117 gate=0.001601 envFloor=0.024750 floor=0.029117 adapt=0.029117 lastPeak=0.000000 calib=0.029117 baseParam=0.000180 gateRatio=0.0550 envParam=0.000450
2025-12-08 03:01:28 [tracker] [s1] aubio-raw t=2.3427 onset=1.078912 env=0.000108 peak=0.000304 gain=1.000
2025-12-08 03:01:28 [tracker] [s1] onset-below-gate t=2.3427 env=0.000108 onset=1.078912 thresh=0.006000 baseline=0.029117 gate=0.001601 envFloor=0.024750 floor=0.029117 adapt=0.029117 lastPeak=0.000000 calib=0.029117 baseParam=0.000180 gateRatio=0.0550 envParam=0.000450
2025-12-08 03:01:28 [tracker] [s1] aubio-raw t=2.4360 onset=0.960756 env=0.000131 peak=0.000310 gain=1.000
2025-12-08 03:01:28 [tracker] [s1] onset-below-gate t=2.4360 env=0.000131 onset=0.960756 thresh=0.006000 baseline=0.029117 gate=0.001601 envFloor=0.024750 floor=0.029117 adapt=0.029117 lastPeak=0.000000 calib=0.029117 baseParam=0.000180 gateRatio=0.0550 envParam=0.000450
2025-12-08 03:01:28 [tracker] [s1] aubio-raw t=2.6280 onset=0.798516 env=0.000135 peak=0.000306 gain=1.000
2025-12-08 03:01:28 [tracker] [s1] onset-below-gate t=2.6280 env=0.000135 onset=0.798516 thresh=0.006000 baseline=0.029117 gate=0.001601 envFloor=0.024750 floor=0.029117 adapt=0.029117 lastPeak=0.000000 calib=0.029117 baseParam=0.000180 gateRatio=0.0550 envParam=0.000450
2025-12-08 03:01:28 [tracker] [s1] aubio-raw t=2.7560 onset=1.085218 env=0.000126 peak=0.000355 gain=1.000
2025-12-08 03:01:28 [tracker] [s1] onset-below-gate t=2.7560 env=0.000126 onset=1.085218 thresh=0.006000 baseline=0.029117 gate=0.001601 envFloor=0.024750 floor=0.029117 adapt=0.029117 lastPeak=0.000000 calib=0.029117 baseParam=0.000180 gateRatio=0.0550 envParam=0.000450
2025-12-08 03:01:29 [tracker] [s1] aubio-raw t=2.8574 onset=1.101905 env=0.000110 peak=0.000310 gain=1.000
2025-12-08 03:01:29 [tracker] [s1] onset-below-gate t=2.8574 env=0.000110 onset=1.101905 thresh=0.006000 baseline=0.029117 gate=0.001601 envFloor=0.024750 floor=0.029117 adapt=0.029117 lastPeak=0.000000 calib=0.029117 baseParam=0.000180 gateRatio=0.0550 envParam=0.000450
2025-12-08 03:01:29 [tracker] [s1] aubio-raw t=3.0040 onset=0.990011 env=0.000061 peak=0.000174 gain=1.000
2025-12-08 03:01:29 [tracker] [s1] onset-below-gate t=3.0040 env=0.000061 onset=0.990011 thresh=0.006000 baseline=0.029117 gate=0.001601 envFloor=0.024750 floor=0.029117 adapt=0.029117 lastPeak=0.000000 calib=0.029117 baseParam=0.000180 gateRatio=0.0550 envParam=0.000450
2025-12-08 03:01:29 [tracker] [s1] aubio-raw t=3.1480 onset=0.827541 env=0.000119 peak=0.000315 gain=1.000
2025-12-08 03:01:29 [tracker] [s1] onset-below-gate t=3.1480 env=0.000119 onset=0.827541 thresh=0.006000 baseline=0.029117 gate=0.001601 envFloor=0.024750 floor=0.029117 adapt=0.029117 lastPeak=0.000000 calib=0.029117 baseParam=0.000180 gateRatio=0.0550 envParam=0.000450
2025-12-08 03:01:29 [tracker] [s1] aubio-raw t=3.2494 onset=1.355110 env=0.000121 peak=0.000285 gain=1.000
2025-12-08 03:01:29 [tracker] [s1] onset-below-gate t=3.2494 env=0.000121 onset=1.355110 thresh=0.006000 baseline=0.029117 gate=0.001601 envFloor=0.024750 floor=0.029117 adapt=0.029117 lastPeak=0.000000 calib=0.029117 baseParam=0.000180 gateRatio=0.0550 envParam=0.000450
2025-12-08 03:01:29 [tracker] [s1] aubio-raw t=3.3240 onset=1.136935 env=0.000121 peak=0.000318 gain=1.000
2025-12-08 03:01:29 [tracker] [s1] onset-below-gate t=3.3240 env=0.000121 onset=1.136935 thresh=0.006000 baseline=0.029117 gate=0.001601 envFloor=0.024750 floor=0.029117 adapt=0.029117 lastPeak=0.000000 calib=0.029117 baseParam=0.000180 gateRatio=0.0550 envParam=0.000450
2025-12-08 03:01:29 [tracker] [s1] aubio-raw t=3.5187 onset=0.668257 env=0.000126 peak=0.000295 gain=1.000
2025-12-08 03:01:29 [tracker] [s1] onset-below-gate t=3.5187 env=0.000126 onset=0.668257 thresh=0.006000 baseline=0.029117 gate=0.001601 envFloor=0.024750 floor=0.029117 adapt=0.029117 lastPeak=0.000000 calib=0.029117 baseParam=0.000180 gateRatio=0.0550 envParam=0.000450
2025-12-08 03:01:29 [tracker] [s1] aubio-raw t=3.7614 onset=1.361354 env=0.000098 peak=0.000222 gain=1.000
2025-12-08 03:01:29 [tracker] [s1] onset-below-gate t=3.7614 env=0.000098 onset=1.361354 thresh=0.006000 baseline=0.029117 gate=0.001601 envFloor=0.024750 floor=0.029117 adapt=0.029117 lastPeak=0.000000 calib=0.029117 baseParam=0.000180 gateRatio=0.0550 envParam=0.000450
2025-12-08 03:01:30 [tracker] [s1] aubio-raw t=3.9320 onset=1.049565 env=0.000105 peak=0.000271 gain=1.000
2025-12-08 03:01:30 [tracker] [s1] onset-below-gate t=3.9320 env=0.000105 onset=1.049565 thresh=0.006000 baseline=0.029117 gate=0.001601 envFloor=0.024750 floor=0.029117 adapt=0.029117 lastPeak=0.000000 calib=0.029117 baseParam=0.000180 gateRatio=0.0550 envParam=0.000450
2025-12-08 03:01:30 [tracker] [s1] aubio-raw t=4.2120 onset=1.050961 env=0.000089 peak=0.000227 gain=1.000
2025-12-08 03:01:30 [tracker] [s1] onset-below-gate t=4.2120 env=0.000089 onset=1.050961 thresh=0.006000 baseline=0.029117 gate=0.001601 envFloor=0.024750 floor=0.029117 adapt=0.029117 lastPeak=0.000000 calib=0.029117 baseParam=0.000180 gateRatio=0.0550 envParam=0.000450
2025-12-08 03:01:30 [tracker] [s1] aubio-raw t=4.7213 onset=1.263849 env=0.000113 peak=0.000298 gain=1.000
2025-12-08 03:01:30 [tracker] [s1] onset-below-gate t=4.7213 env=0.000113 onset=1.263849 thresh=0.006000 baseline=0.029117 gate=0.001601 envFloor=0.024750 floor=0.029117 adapt=0.029117 lastPeak=0.000000 calib=0.029117 baseParam=0.000180 gateRatio=0.0550 envParam=0.000450
2025-12-08 03:01:31 [tracker] [s1] aubio-raw t=5.0706 onset=1.163516 env=0.000111 peak=0.000292 gain=1.000
2025-12-08 03:01:31 [tracker] [s1] onset-below-gate t=5.0706 env=0.000111 onset=1.163516 thresh=0.006000 baseline=0.029117 gate=0.001601 envFloor=0.024750 floor=0.029117 adapt=0.029117 lastPeak=0.000000 calib=0.029117 baseParam=0.000180 gateRatio=0.0550 envParam=0.000450
2025-12-08 03:01:31 [tracker] [s1] aubio-raw t=5.2280 onset=1.212066 env=0.000093 peak=0.000286 gain=1.000
2025-12-08 03:01:31 [tracker] [s1] onset-below-gate t=5.2280 env=0.000093 onset=1.212066 thresh=0.006000 baseline=0.029117 gate=0.001601 envFloor=0.024750 floor=0.029117 adapt=0.029117 lastPeak=0.000000 calib=0.029117 baseParam=0.000180 gateRatio=0.0550 envParam=0.000450
2025-12-08 03:01:32 [tracker] [s1] aubio-raw t=6.0199 onset=1.200981 env=0.000093 peak=0.000224 gain=1.000
2025-12-08 03:01:32 [tracker] [s1] onset-below-gate t=6.0199 env=0.000093 onset=1.200981 thresh=0.006000 baseline=0.029117 gate=0.001601 envFloor=0.024750 floor=0.029117 adapt=0.029117 lastPeak=0.000000 calib=0.029117 baseParam=0.000180 gateRatio=0.0550 envParam=0.000450
2025-12-08 03:01:32 [tracker] [s1] aubio-raw t=6.3852 onset=1.124031 env=0.000081 peak=0.000178 gain=1.000
2025-12-08 03:01:32 [tracker] [s1] onset-below-gate t=6.3852 env=0.000081 onset=1.124031 thresh=0.006000 baseline=0.029117 gate=0.001601 envFloor=0.024750 floor=0.029117 adapt=0.029117 lastPeak=0.000000 calib=0.029117 baseParam=0.000180 gateRatio=0.0550 envParam=0.000450
2025-12-08 03:01:32 [tracker] [s1] aubio-raw t=6.4359 onset=1.082547 env=0.000112 peak=0.000300 gain=1.000
2025-12-08 03:01:32 [tracker] [s1] onset-below-gate t=6.4359 env=0.000112 onset=1.082547 thresh=0.006000 baseline=0.029117 gate=0.001601 envFloor=0.024750 floor=0.029117 adapt=0.029117 lastPeak=0.000000 calib=0.029117 baseParam=0.000180 gateRatio=0.0550 envParam=0.000450
2025-12-08 03:01:32 [tracker] [s1] aubio-raw t=6.5825 onset=1.218801 env=0.000141 peak=0.000296 gain=1.000
2025-12-08 03:01:32 [tracker] [s1] onset-below-gate t=6.5825 env=0.000141 onset=1.218801 thresh=0.006000 baseline=0.029117 gate=0.001601 envFloor=0.024750 floor=0.029117 adapt=0.029117 lastPeak=0.000000 calib=0.029117 baseParam=0.000180 gateRatio=0.0550 envParam=0.000450
2025-12-08 03:01:32 [tracker] [s1] aubio-raw t=6.7345 onset=1.163212 env=0.000083 peak=0.000257 gain=1.000
2025-12-08 03:01:32 [tracker] [s1] onset-below-gate t=6.7345 env=0.000083 onset=1.163212 thresh=0.006000 baseline=0.029117 gate=0.001601 envFloor=0.024750 floor=0.029117 adapt=0.029117 lastPeak=0.000000 calib=0.029117 baseParam=0.000180 gateRatio=0.0550 envParam=0.000450
2025-12-08 03:01:33 [tracker] [s1] aubio-raw t=6.8092 onset=0.760085 env=0.000098 peak=0.000261 gain=1.000
2025-12-08 03:01:33 [tracker] [s1] onset-below-gate t=6.8092 env=0.000098 onset=0.760085 thresh=0.006000 baseline=0.029117 gate=0.001601 envFloor=0.024750 floor=0.029117 adapt=0.029117 lastPeak=0.000000 calib=0.029117 baseParam=0.000180 gateRatio=0.0550 envParam=0.000450
2025-12-08 03:01:33 [tracker] [s1] aubio-raw t=6.9052 onset=0.825176 env=0.000151 peak=0.000424 gain=1.000
2025-12-08 03:01:33 [tracker] [s1] onset-below-gate t=6.9052 env=0.000151 onset=0.825176 thresh=0.006000 baseline=0.029117 gate=0.001601 envFloor=0.024750 floor=0.029117 adapt=0.029117 lastPeak=0.000000 calib=0.029117 baseParam=0.000180 gateRatio=0.0550 envParam=0.000450
2025-12-08 03:01:33 [tracker] [s1] aubio-raw t=7.0545 onset=1.262801 env=0.000173 peak=0.000510 gain=1.000
2025-12-08 03:01:33 [tracker] [s1] onset-below-gate t=7.0545 env=0.000173 onset=1.262801 thresh=0.006000 baseline=0.029117 gate=0.001601 envFloor=0.024750 floor=0.029117 adapt=0.029117 lastPeak=0.000000 calib=0.029117 baseParam=0.000180 gateRatio=0.0550 envParam=0.000450
2025-12-08 03:01:33 [tracker] [s1] aubio-raw t=7.1692 onset=0.866690 env=0.000440 peak=0.000961 gain=1.000
2025-12-08 03:01:33 [tracker] [s1] onset-below-gate t=7.1692 env=0.000440 onset=0.866690 thresh=0.006000 baseline=0.029117 gate=0.001601 envFloor=0.024750 floor=0.029117 adapt=0.029117 lastPeak=0.000000 calib=0.029117 baseParam=0.000180 gateRatio=0.0550 envParam=0.000450
2025-12-08 03:01:33 [tracker] [s1] aubio-raw t=7.3051 onset=0.844842 env=0.000537 peak=0.000915 gain=1.000
2025-12-08 03:01:33 [tracker] [s1] onset-below-gate t=7.3051 env=0.000537 onset=0.844842 thresh=0.006000 baseline=0.029117 gate=0.001601 envFloor=0.024750 floor=0.029117 adapt=0.029117 lastPeak=0.000000 calib=0.029117 baseParam=0.000180 gateRatio=0.0550 envParam=0.000450
2025-12-08 03:01:33 [tracker] [s1] aubio-raw t=7.5158 onset=0.997156 env=0.003969 peak=0.006285 gain=1.000
2025-12-08 03:01:33 [tracker] [s1] onset-below-env-floor t=7.5158 env=0.003969 onset=0.997156 thresh=0.006000 baseline=0.029117 gate=0.001601 envFloor=0.024750 floor=0.029117 adapt=0.029117 lastPeak=0.000000 calib=0.029117 baseParam=0.000180 gateRatio=0.0550 envParam=0.000450
2025-12-08 03:01:33 [tracker] [s1] aubio-raw t=7.5771 onset=0.510813 env=0.000532 peak=0.000736 gain=1.000
2025-12-08 03:01:33 [tracker] [s1] onset-below-gate t=7.5771 env=0.000532 onset=0.510813 thresh=0.006000 baseline=0.029117 gate=0.001601 envFloor=0.024750 floor=0.029117 adapt=0.029117 lastPeak=0.000000 calib=0.029117 baseParam=0.000180 gateRatio=0.0550 envParam=0.000450
2025-12-08 03:01:33 [tracker] [s1] aubio-raw t=7.6305 onset=0.850981 env=0.010988 peak=0.020847 gain=1.000
2025-12-08 03:01:33 [tracker] [s1] onset-below-env-floor t=7.6305 env=0.010988 onset=0.850981 thresh=0.006000 baseline=0.029117 gate=0.001601 envFloor=0.024750 floor=0.029117 adapt=0.029117 lastPeak=0.000000 calib=0.029117 baseParam=0.000180 gateRatio=0.0550 envParam=0.000450
2025-12-08 03:01:33 [tracker] [s1] aubio-raw t=7.6811 onset=1.430747 env=0.036925 peak=0.072285 gain=1.000
2025-12-08 03:01:33 [tracker] [s1] onset-accepted t=7.6811 env=0.036925 onset=1.430747 thresh=0.006000 baseline=0.029117 gate=0.001601 envFloor=0.024750 floor=0.029117 adapt=0.029117 lastPeak=0.000000 calib=0.029117 baseParam=0.000180 gateRatio=0.0550 envParam=0.000450
2025-12-08 03:01:33 [tracker] [s1] onset t=7.681 env=0.03692 baseline=0.02912 gate=0.00160 envFloor=0.02475 onset=1.431>=0.006
2025-12-08 03:01:33 [tracker] [s1] aubio-raw t=7.7451 onset=0.816170 env=0.012136 peak=0.038412 gain=1.000
2025-12-08 03:01:33 [tracker] [s1] onset-below-env-floor t=7.7451 env=0.012136 onset=0.816170 thresh=0.006000 baseline=0.029117 gate=0.001601 envFloor=0.024750 floor=0.029117 adapt=0.029117 lastPeak=0.000000 calib=0.029117 baseParam=0.000180 gateRatio=0.0550 envParam=0.000450
2025-12-08 03:01:34 [tracker] [s1] aubio-raw t=7.8064 onset=0.893381 env=0.002542 peak=0.009049 gain=1.000
2025-12-08 03:01:34 [tracker] [s1] onset-below-env-floor t=7.8064 env=0.002542 onset=0.893381 thresh=0.006000 baseline=0.029117 gate=0.001601 envFloor=0.024750 floor=0.029117 adapt=0.029117 lastPeak=0.000000 calib=0.029117 baseParam=0.000180 gateRatio=0.0550 envParam=0.000450
2025-12-08 03:01:34 [tracker] [s1] aubio-raw t=7.8624 onset=1.417310 env=0.024384 peak=0.046023 gain=1.000
2025-12-08 03:01:34 [tracker] [s1] onset-below-env-floor t=7.8624 env=0.024384 onset=1.417310 thresh=0.006000 baseline=0.029117 gate=0.001601 envFloor=0.024750 floor=0.029117 adapt=0.029117 lastPeak=0.000000 calib=0.029117 baseParam=0.000180 gateRatio=0.0550 envParam=0.000450
2025-12-08 03:01:34 [tracker] [s1] aubio-raw t=7.9264 onset=0.790274 env=0.026682 peak=0.048966 gain=1.000
2025-12-08 03:01:34 [tracker] [s1] onset-accepted t=7.9264 env=0.026682 onset=0.790274 thresh=0.006000 baseline=0.029117 gate=0.001601 envFloor=0.024750 floor=0.029117 adapt=0.029117 lastPeak=0.000000 calib=0.029117 baseParam=0.000180 gateRatio=0.0550 envParam=0.000450
2025-12-08 03:01:34 [tracker] [s1] onset t=7.926 env=0.02668 baseline=0.02912 gate=0.00160 envFloor=0.02475 onset=0.790>=0.006
2025-12-08 03:01:34 [tracker] [s1] aubio-raw t=8.4597 onset=0.782559 env=0.000322 peak=0.000727 gain=1.000
2025-12-08 03:01:34 [tracker] [s1] onset-below-gate t=8.4597 env=0.000322 onset=0.782559 thresh=0.006000 baseline=0.029117 gate=0.001601 envFloor=0.024750 floor=0.029117 adapt=0.029117 lastPeak=0.000000 calib=0.029117 baseParam=0.000180 gateRatio=0.0550 envParam=0.000450
2025-12-08 03:01:34 [tracker] [s1] aubio-raw t=8.5371 onset=0.996962 env=0.000655 peak=0.001376 gain=1.000
2025-12-08 03:01:34 [tracker] [s1] onset-below-gate t=8.5371 env=0.000655 onset=0.996962 thresh=0.006000 baseline=0.029117 gate=0.001601 envFloor=0.024750 floor=0.029117 adapt=0.029117 lastPeak=0.000000 calib=0.029117 baseParam=0.000180 gateRatio=0.0550 envParam=0.000450
2025-12-08 03:01:34 [tracker] [s1] aubio-raw t=8.6037 onset=0.773680 env=0.000891 peak=0.001894 gain=1.000
2025-12-08 03:01:34 [tracker] [s1] onset-below-gate t=8.6037 env=0.000891 onset=0.773680 thresh=0.006000 baseline=0.029117 gate=0.001601 envFloor=0.024750 floor=0.029117 adapt=0.029117 lastPeak=0.000000 calib=0.029117 baseParam=0.000180 gateRatio=0.0550 envParam=0.000450
2025-12-08 03:01:34 [tracker] [s1] aubio-raw t=8.6784 onset=0.758739 env=0.000409 peak=0.000765 gain=1.000
2025-12-08 03:01:34 [tracker] [s1] onset-below-gate t=8.6784 env=0.000409 onset=0.758739 thresh=0.006000 baseline=0.029117 gate=0.001601 envFloor=0.024750 floor=0.029117 adapt=0.029117 lastPeak=0.000000 calib=0.029117 baseParam=0.000180 gateRatio=0.0550 envParam=0.000450
2025-12-08 03:01:35 [tracker] [s1] aubio-raw t=8.8650 onset=0.969331 env=0.000609 peak=0.000936 gain=1.000
2025-12-08 03:01:35 [tracker] [s1] onset-below-gate t=8.8650 env=0.000609 onset=0.969331 thresh=0.006000 baseline=0.029117 gate=0.001601 envFloor=0.024750 floor=0.029117 adapt=0.029117 lastPeak=0.000000 calib=0.029117 baseParam=0.000180 gateRatio=0.0550 envParam=0.000450
2025-12-08 03:01:35 [tracker] [s1] aubio-raw t=8.9397 onset=0.995011 env=0.000830 peak=0.001396 gain=1.000
2025-12-08 03:01:35 [tracker] [s1] onset-below-gate t=8.9397 env=0.000830 onset=0.995011 thresh=0.006000 baseline=0.029117 gate=0.001601 envFloor=0.024750 floor=0.029117 adapt=0.029117 lastPeak=0.000000 calib=0.029117 baseParam=0.000180 gateRatio=0.0550 envParam=0.000450
2025-12-08 03:01:35 [tracker] [s1] aubio-raw t=9.0623 onset=1.052943 env=0.000277 peak=0.000528 gain=1.000
2025-12-08 03:01:35 [tracker] [s1] onset-below-gate t=9.0623 env=0.000277 onset=1.052943 thresh=0.006000 baseline=0.029117 gate=0.001601 envFloor=0.024750 floor=0.029117 adapt=0.029117 lastPeak=0.000000 calib=0.029117 baseParam=0.000180 gateRatio=0.0550 envParam=0.000450
2025-12-08 03:01:35 [tracker] [s1] aubio-raw t=9.4890 onset=1.070935 env=0.000566 peak=0.001025 gain=1.000
2025-12-08 03:01:35 [tracker] [s1] onset-below-gate t=9.4890 env=0.000566 onset=1.070935 thresh=0.006000 baseline=0.029117 gate=0.001601 envFloor=0.024750 floor=0.029117 adapt=0.029117 lastPeak=0.000000 calib=0.029117 baseParam=0.000180 gateRatio=0.0550 envParam=0.000450
2025-12-08 03:01:35 [tracker] [s1] aubio-raw t=9.6756 onset=0.934377 env=0.000126 peak=0.000269 gain=1.000
2025-12-08 03:01:35 [tracker] [s1] onset-below-gate t=9.6756 env=0.000126 onset=0.934377 thresh=0.006000 baseline=0.029117 gate=0.001601 envFloor=0.024750 floor=0.029117 adapt=0.029117 lastPeak=0.000000 calib=0.029117 baseParam=0.000180 gateRatio=0.0550 envParam=0.000450
2025-12-08 03:01:35 [tracker] [s1] aubio-raw t=9.7530 onset=1.299741 env=0.000158 peak=0.000355 gain=1.000
2025-12-08 03:01:35 [tracker] [s1] onset-below-gate t=9.7530 env=0.000158 onset=1.299741 thresh=0.006000 baseline=0.029117 gate=0.001601 envFloor=0.024750 floor=0.029117 adapt=0.029117 lastPeak=0.000000 calib=0.029117 baseParam=0.000180 gateRatio=0.0550 envParam=0.000450
2025-12-08 03:01:36 [tracker] [s1] aubio-raw t=9.8250 onset=1.326874 env=0.000114 peak=0.000268 gain=1.000
2025-12-08 03:01:36 [tracker] [s1] onset-below-gate t=9.8250 env=0.000114 onset=1.326874 thresh=0.006000 baseline=0.029117 gate=0.001601 envFloor=0.024750 floor=0.029117 adapt=0.029117 lastPeak=0.000000 calib=0.029117 baseParam=0.000180 gateRatio=0.0550 envParam=0.000450
2025-12-08 03:01:36 [tracker] [s1] aubio-raw t=9.9929 onset=0.711839 env=0.000117 peak=0.000249 gain=1.000
2025-12-08 03:01:36 [tracker] [s1] onset-below-gate t=9.9929 env=0.000117 onset=0.711839 thresh=0.006000 baseline=0.029117 gate=0.001601 envFloor=0.024750 floor=0.029117 adapt=0.029117 lastPeak=0.000000 calib=0.029117 baseParam=0.000180 gateRatio=0.0550 envParam=0.000450
2025-12-08 03:01:36 [tracker] [s3] onset t=10.038 env=0.01320 baseline=0.01285 gate=0.00167 envFloor=0.01093 onset=0.913>=0.012
2025-12-08 03:01:36 [tracker] [s3] onset t=10.302 env=0.01422 baseline=0.01285 gate=0.00167 envFloor=0.01093 onset=0.997>=0.012
2025-12-08 03:01:36 [tracker] [s3] note-start t=10.302 fret=0 midi=50 vel=0.17 env=0.01422
2025-12-08 03:01:36 [tracker] [s3] release-quiet t=10.366 avgEnv=0.00798 floor=0.00896 quietFrames=8
2025-12-08 03:01:36 [tracker] [s3] note-ended t=10.366 fret=0 dur=0.064
2025-12-08 03:01:36 [tracker] [s3] onset t=10.377 env=0.01149 baseline=0.01285 gate=0.00167 envFloor=0.01093 onset=0.546>=0.012
2025-12-08 03:01:36 [tracker] [s3] note-start t=10.377 fret=1 midi=51 vel=0.14 env=0.01149
2025-12-08 03:01:36 [tracker] [s1] aubio-raw t=10.4409 onset=1.136071 env=0.000135 peak=0.000323 gain=1.000
2025-12-08 03:01:36 [tracker] [s1] onset-below-gate t=10.4409 env=0.000135 onset=1.136071 thresh=0.006000 baseline=0.029117 gate=0.001601 envFloor=0.024750 floor=0.029117 adapt=0.029117 lastPeak=0.000000 calib=0.029117 baseParam=0.000180 gateRatio=0.0550 envParam=0.000450
2025-12-08 03:01:36 [tracker] [s3] release-quiet t=10.441 avgEnv=0.00736 floor=0.00896 quietFrames=8
2025-12-08 03:01:36 [tracker] [s3] note-ended t=10.441 fret=1 dur=0.064
2025-12-08 03:01:37 [tracker] [s1] aubio-raw t=10.7902 onset=1.034496 env=0.000355 peak=0.000661 gain=1.000
2025-12-08 03:01:37 [tracker] [s1] onset-below-gate t=10.7902 env=0.000355 onset=1.034496 thresh=0.006000 baseline=0.029117 gate=0.001601 envFloor=0.024750 floor=0.029117 adapt=0.029117 lastPeak=0.000000 calib=0.029117 baseParam=0.000180 gateRatio=0.0550 envParam=0.000450
2025-12-08 03:01:37 [tracker] [s1] aubio-raw t=10.8995 onset=0.994647 env=0.000160 peak=0.000371 gain=1.000
2025-12-08 03:01:37 [tracker] [s1] onset-below-gate t=10.8995 env=0.000160 onset=0.994647 thresh=0.006000 baseline=0.029117 gate=0.001601 envFloor=0.024750 floor=0.029117 adapt=0.029117 lastPeak=0.000000 calib=0.029117 baseParam=0.000180 gateRatio=0.0550 envParam=0.000450
2025-12-08 03:01:37 [tracker] [s1] aubio-raw t=11.4062 onset=0.997254 env=0.000130 peak=0.000329 gain=1.000
2025-12-08 03:01:37 [tracker] [s1] onset-below-gate t=11.4062 env=0.000130 onset=0.997254 thresh=0.006000 baseline=0.029117 gate=0.001601 envFloor=0.024750 floor=0.029117 adapt=0.029117 lastPeak=0.000000 calib=0.029117 baseParam=0.000180 gateRatio=0.0550 envParam=0.000450
2025-12-08 03:01:37 [tracker] [s1] aubio-raw t=11.7608 onset=1.178004 env=0.000206 peak=0.000449 gain=1.000
2025-12-08 03:01:37 [tracker] [s1] onset-below-gate t=11.7608 env=0.000206 onset=1.178004 thresh=0.006000 baseline=0.029117 gate=0.001601 envFloor=0.024750 floor=0.029117 adapt=0.029117 lastPeak=0.000000 calib=0.029117 baseParam=0.000180 gateRatio=0.0550 envParam=0.000450
2025-12-08 03:01:38 [tracker] [s1] aubio-raw t=12.0435 onset=1.153740 env=0.000322 peak=0.000690 gain=1.000
2025-12-08 03:01:38 [tracker] [s1] onset-below-gate t=12.0435 env=0.000322 onset=1.153740 thresh=0.006000 baseline=0.029117 gate=0.001601 envFloor=0.024750 floor=0.029117 adapt=0.029117 lastPeak=0.000000 calib=0.029117 baseParam=0.000180 gateRatio=0.0550 envParam=0.000450
2025-12-08 03:01:38 [tracker] [s1] aubio-raw t=12.2035 onset=1.428994 env=0.000607 peak=0.001290 gain=1.000
2025-12-08 03:01:38 [tracker] [s1] onset-below-gate t=12.2035 env=0.000607 onset=1.428994 thresh=0.006000 baseline=0.029117 gate=0.001601 envFloor=0.024750 floor=0.029117 adapt=0.029117 lastPeak=0.000000 calib=0.029117 baseParam=0.000180 gateRatio=0.0550 envParam=0.000450
2025-12-08 03:01:38 [tracker] [s1] aubio-raw t=12.4888 onset=1.079750 env=0.000755 peak=0.001262 gain=1.000
2025-12-08 03:01:38 [tracker] [s1] onset-below-gate t=12.4888 env=0.000755 onset=1.079750 thresh=0.006000 baseline=0.029117 gate=0.001601 envFloor=0.024750 floor=0.029117 adapt=0.029117 lastPeak=0.000000 calib=0.029117 baseParam=0.000180 gateRatio=0.0550 envParam=0.000450
2025-12-08 03:01:39 [tracker] [s1] aubio-raw t=12.7954 onset=1.001066 env=0.001000 peak=0.001659 gain=1.000
2025-12-08 03:01:39 [tracker] [s1] onset-below-gate t=12.7954 env=0.001000 onset=1.001066 thresh=0.006000 baseline=0.029117 gate=0.001601 envFloor=0.024750 floor=0.029117 adapt=0.029117 lastPeak=0.000000 calib=0.029117 baseParam=0.000180 gateRatio=0.0550 envParam=0.000450
2025-12-08 03:01:39 [tracker] [s1] aubio-raw t=13.5260 onset=0.669498 env=0.002933 peak=0.004844 gain=1.000
2025-12-08 03:01:39 [tracker] [s1] onset-below-env-floor t=13.5260 env=0.002933 onset=0.669498 thresh=0.006000 baseline=0.029117 gate=0.001601 envFloor=0.024750 floor=0.029117 adapt=0.029117 lastPeak=0.000000 calib=0.029117 baseParam=0.000180 gateRatio=0.0550 envParam=0.000450
2025-12-08 03:01:40 [tracker] [s1] aubio-raw t=13.8593 onset=0.997713 env=0.000232 peak=0.000572 gain=1.000
2025-12-08 03:01:40 [tracker] [s1] onset-below-gate t=13.8593 env=0.000232 onset=0.997713 thresh=0.006000 baseline=0.029117 gate=0.001601 envFloor=0.024750 floor=0.029117 adapt=0.029117 lastPeak=0.000000 calib=0.029117 baseParam=0.000180 gateRatio=0.0550 envParam=0.000450
2025-12-08 03:01:40 [tracker] [s1] aubio-raw t=13.9953 onset=0.999287 env=0.000131 peak=0.000318 gain=1.000
2025-12-08 03:01:40 [tracker] [s1] onset-below-gate t=13.9953 env=0.000131 onset=0.999287 thresh=0.006000 baseline=0.029117 gate=0.001601 envFloor=0.024750 floor=0.029117 adapt=0.029117 lastPeak=0.000000 calib=0.029117 baseParam=0.000180 gateRatio=0.0550 envParam=0.000450
2025-12-08 03:01:40 [tracker] [s1] aubio-raw t=14.2860 onset=0.791136 env=0.001507 peak=0.001964 gain=1.000
2025-12-08 03:01:40 [tracker] [s1] onset-below-gate t=14.2860 env=0.001507 onset=0.791136 thresh=0.006000 baseline=0.029117 gate=0.001601 envFloor=0.024750 floor=0.029117 adapt=0.029117 lastPeak=0.000000 calib=0.029117 baseParam=0.000180 gateRatio=0.0550 envParam=0.000450
2025-12-08 03:01:40 [tracker] [s1] aubio-raw t=14.3580 onset=1.482670 env=0.000147 peak=0.000330 gain=1.000
2025-12-08 03:01:40 [tracker] [s1] onset-below-gate t=14.3580 env=0.000147 onset=1.482670 thresh=0.006000 baseline=0.029117 gate=0.001601 envFloor=0.024750 floor=0.029117 adapt=0.029117 lastPeak=0.000000 calib=0.029117 baseParam=0.000180 gateRatio=0.0550 envParam=0.000450
2025-12-08 03:01:40 [tracker] [s3] onset t=14.403 env=0.02375 baseline=0.01285 gate=0.00167 envFloor=0.01093 onset=1.191>=0.012
2025-12-08 03:01:40 [tracker] [s3] note-start t=14.403 fret=0 midi=50 vel=0.28 env=0.02375
2025-12-08 03:01:40 [tracker] [s3] release-retrigger t=14.585 onset=1.082 gate=0.012 age=0.181
2025-12-08 03:01:40 [tracker] [s3] note-ended t=14.585 fret=0 dur=0.181
2025-12-08 03:01:40 [tracker] [s1] aubio-raw t=14.6166 onset=1.048252 env=0.000086 peak=0.000238 gain=1.000
2025-12-08 03:01:40 [tracker] [s1] onset-below-gate t=14.6166 env=0.000086 onset=1.048252 thresh=0.006000 baseline=0.029117 gate=0.001601 envFloor=0.024750 floor=0.029117 adapt=0.029117 lastPeak=0.000000 calib=0.029117 baseParam=0.000180 gateRatio=0.0550 envParam=0.000450
2025-12-08 03:01:40 [tracker] [s3] onset t=14.662 env=0.01533 baseline=0.01314 gate=0.00171 envFloor=0.01093 onset=0.952>=0.012
2025-12-08 03:01:40 [tracker] [s3] note-start t=14.662 fret=0 midi=50 vel=0.18 env=0.01533
2025-12-08 03:01:40 [tracker] [s3] release-quiet t=14.747 avgEnv=0.00840 floor=0.00896 quietFrames=8
2025-12-08 03:01:40 [tracker] [s3] note-ended t=14.747 fret=0 dur=0.085
2025-12-08 03:01:41 [tracker] [s1] aubio-raw t=15.1152 onset=0.916754 env=0.000119 peak=0.000292 gain=1.000
2025-12-08 03:01:41 [tracker] [s1] onset-below-gate t=15.1152 env=0.000119 onset=0.916754 thresh=0.006000 baseline=0.029117 gate=0.001601 envFloor=0.024750 floor=0.029117 adapt=0.029117 lastPeak=0.000000 calib=0.029117 baseParam=0.000180 gateRatio=0.0550 envParam=0.000450
2025-12-08 03:01:41 [tracker] [s1] aubio-raw t=15.3392 onset=0.996757 env=0.000149 peak=0.000372 gain=1.000
2025-12-08 03:01:41 [tracker] [s1] onset-below-gate t=15.3392 env=0.000149 onset=0.996757 thresh=0.006000 baseline=0.029117 gate=0.001601 envFloor=0.024750 floor=0.029117 adapt=0.029117 lastPeak=0.000000 calib=0.029117 baseParam=0.000180 gateRatio=0.0550 envParam=0.000450
2025-12-08 03:01:41 [tracker] [s1] aubio-raw t=15.5125 onset=0.999200 env=0.000109 peak=0.000277 gain=1.000
2025-12-08 03:01:41 [tracker] [s1] onset-below-gate t=15.5125 env=0.000109 onset=0.999200 thresh=0.006000 baseline=0.029117 gate=0.001601 envFloor=0.024750 floor=0.029117 adapt=0.029117 lastPeak=0.000000 calib=0.029117 baseParam=0.000180 gateRatio=0.0550 envParam=0.000450
2025-12-08 03:01:42 [tracker] [s1] aubio-raw t=16.1765 onset=0.933245 env=0.000979 peak=0.001816 gain=1.000
2025-12-08 03:01:42 [tracker] [s1] onset-below-gate t=16.1765 env=0.000979 onset=0.933245 thresh=0.006000 baseline=0.029117 gate=0.001601 envFloor=0.024750 floor=0.029117 adapt=0.029117 lastPeak=0.000000 calib=0.029117 baseParam=0.000180 gateRatio=0.0550 envParam=0.000450
2025-12-08 03:01:42 [tracker] [s1] aubio-raw t=16.2938 onset=1.035577 env=0.003027 peak=0.003787 gain=1.000
2025-12-08 03:01:42 [tracker] [s1] onset-below-env-floor t=16.2938 env=0.003027 onset=1.035577 thresh=0.006000 baseline=0.029117 gate=0.001601 envFloor=0.024750 floor=0.029117 adapt=0.029117 lastPeak=0.000000 calib=0.029117 baseParam=0.000180 gateRatio=0.0550 envParam=0.000450
2025-12-08 03:01:42 [tracker] [s1] aubio-raw t=16.7471 onset=1.217461 env=0.000380 peak=0.000855 gain=1.000
2025-12-08 03:01:42 [tracker] [s1] onset-below-gate t=16.7471 env=0.000380 onset=1.217461 thresh=0.006000 baseline=0.029117 gate=0.001601 envFloor=0.024750 floor=0.029117 adapt=0.029117 lastPeak=0.000000 calib=0.029117 baseParam=0.000180 gateRatio=0.0550 envParam=0.000450
2025-12-08 03:01:43 [tracker] [s1] aubio-raw t=16.8991 onset=0.996894 env=0.000792 peak=0.001255 gain=1.000
2025-12-08 03:01:43 [tracker] [s1] onset-below-gate t=16.8991 env=0.000792 onset=0.996894 thresh=0.006000 baseline=0.029117 gate=0.001601 envFloor=0.024750 floor=0.029117 adapt=0.029117 lastPeak=0.000000 calib=0.029117 baseParam=0.000180 gateRatio=0.0550 envParam=0.000450
2025-12-08 03:01:43 [tracker] [s1] aubio-raw t=17.0058 onset=0.504734 env=0.000391 peak=0.000741 gain=1.000
2025-12-08 03:01:43 [tracker] [s1] onset-below-gate t=17.0058 env=0.000391 onset=0.504734 thresh=0.006000 baseline=0.029117 gate=0.001601 envFloor=0.024750 floor=0.029117 adapt=0.029117 lastPeak=0.000000 calib=0.029117 baseParam=0.000180 gateRatio=0.0550 envParam=0.000450
2025-12-08 03:01:43 [tracker] [s1] aubio-raw t=17.1151 onset=1.363488 env=0.000401 peak=0.000806 gain=1.000
2025-12-08 03:01:43 [tracker] [s1] onset-below-gate t=17.1151 env=0.000401 onset=1.363488 thresh=0.006000 baseline=0.029117 gate=0.001601 envFloor=0.024750 floor=0.029117 adapt=0.029117 lastPeak=0.000000 calib=0.029117 baseParam=0.000180 gateRatio=0.0550 envParam=0.000450
2025-12-08 03:01:43 [tracker] [s1] aubio-raw t=17.6111 onset=1.224366 env=0.000554 peak=0.000767 gain=1.000
2025-12-08 03:01:43 [tracker] [s1] onset-below-gate t=17.6111 env=0.000554 onset=1.224366 thresh=0.006000 baseline=0.029117 gate=0.001601 envFloor=0.024750 floor=0.029117 adapt=0.029117 lastPeak=0.000000 calib=0.029117 baseParam=0.000180 gateRatio=0.0550 envParam=0.000450
2025-12-08 03:01:43 [tracker] [s1] aubio-raw t=17.7471 onset=1.137371 env=0.000375 peak=0.000674 gain=1.000
2025-12-08 03:01:43 [tracker] [s1] onset-below-gate t=17.7471 env=0.000375 onset=1.137371 thresh=0.006000 baseline=0.029117 gate=0.001601 envFloor=0.024750 floor=0.029117 adapt=0.029117 lastPeak=0.000000 calib=0.029117 baseParam=0.000180 gateRatio=0.0550 envParam=0.000450
2025-12-08 03:01:44 [tracker] [s1] aubio-raw t=18.3843 onset=1.095506 env=0.000460 peak=0.000769 gain=1.000
2025-12-08 03:01:44 [tracker] [s1] onset-below-gate t=18.3843 env=0.000460 onset=1.095506 thresh=0.006000 baseline=0.029117 gate=0.001601 envFloor=0.024750 floor=0.029117 adapt=0.029117 lastPeak=0.000000 calib=0.029117 baseParam=0.000180 gateRatio=0.0550 envParam=0.000450
2025-12-08 03:01:44 [tracker] [s1] aubio-raw t=18.6377 onset=0.995884 env=0.000296 peak=0.000611 gain=1.000
2025-12-08 03:01:44 [tracker] [s1] onset-below-gate t=18.6377 env=0.000296 onset=0.995884 thresh=0.006000 baseline=0.029117 gate=0.001601 envFloor=0.024750 floor=0.029117 adapt=0.029117 lastPeak=0.000000 calib=0.029117 baseParam=0.000180 gateRatio=0.0550 envParam=0.000450
2025-12-08 03:01:45 [tracker] [s1] aubio-raw t=18.8830 onset=0.998305 env=0.000382 peak=0.000697 gain=1.000
2025-12-08 03:01:45 [tracker] [s1] onset-below-gate t=18.8830 env=0.000382 onset=0.998305 thresh=0.006000 baseline=0.029117 gate=0.001601 envFloor=0.024750 floor=0.029117 adapt=0.029117 lastPeak=0.000000 calib=0.029117 baseParam=0.000180 gateRatio=0.0550 envParam=0.000450
2025-12-08 03:01:45 [tracker] [s1] aubio-raw t=18.9550 onset=1.109318 env=0.000313 peak=0.000515 gain=1.000
2025-12-08 03:01:45 [tracker] [s1] onset-below-gate t=18.9550 env=0.000313 onset=1.109318 thresh=0.006000 baseline=0.029117 gate=0.001601 envFloor=0.024750 floor=0.029117 adapt=0.029117 lastPeak=0.000000 calib=0.029117 baseParam=0.000180 gateRatio=0.0550 envParam=0.000450
2025-12-08 03:01:45 [tracker] [s1] aubio-raw t=19.0350 onset=0.511937 env=0.000368 peak=0.000756 gain=1.000
2025-12-08 03:01:45 [tracker] [s1] onset-below-gate t=19.0350 env=0.000368 onset=0.511937 thresh=0.006000 baseline=0.029117 gate=0.001601 envFloor=0.024750 floor=0.029117 adapt=0.029117 lastPeak=0.000000 calib=0.029117 baseParam=0.000180 gateRatio=0.0550 envParam=0.000450
2025-12-08 03:01:45 [tracker] [s1] aubio-raw t=19.4349 onset=1.137245 env=0.000186 peak=0.000536 gain=1.000
2025-12-08 03:01:45 [tracker] [s1] onset-below-gate t=19.4349 env=0.000186 onset=1.137245 thresh=0.006000 baseline=0.029117 gate=0.001601 envFloor=0.024750 floor=0.029117 adapt=0.029117 lastPeak=0.000000 calib=0.029117 baseParam=0.000180 gateRatio=0.0550 envParam=0.000450
2025-12-08 03:01:45 [tracker] [s1] aubio-raw t=19.6109 onset=1.062058 env=0.001932 peak=0.002375 gain=1.000
2025-12-08 03:01:45 [tracker] [s1] onset-below-env-floor t=19.6109 env=0.001932 onset=1.062058 thresh=0.006000 baseline=0.029117 gate=0.001601 envFloor=0.024750 floor=0.029117 adapt=0.029117 lastPeak=0.000000 calib=0.029117 baseParam=0.000180 gateRatio=0.0550 envParam=0.000450
2025-12-08 03:01:46 [tracker] [s1] aubio-raw t=19.8002 onset=1.072374 env=0.000110 peak=0.000340 gain=1.000
2025-12-08 03:01:46 [tracker] [s1] onset-below-gate t=19.8002 env=0.000110 onset=1.072374 thresh=0.006000 baseline=0.029117 gate=0.001601 envFloor=0.024750 floor=0.029117 adapt=0.029117 lastPeak=0.000000 calib=0.029117 baseParam=0.000180 gateRatio=0.0550 envParam=0.000450
2025-12-08 03:01:46 [tracker] [s1] aubio-raw t=19.8776 onset=1.002666 env=0.000105 peak=0.000292 gain=1.000
2025-12-08 03:01:46 [tracker] [s1] onset-below-gate t=19.8776 env=0.000105 onset=1.002666 thresh=0.006000 baseline=0.029117 gate=0.001601 envFloor=0.024750 floor=0.029117 adapt=0.029117 lastPeak=0.000000 calib=0.029117 baseParam=0.000180 gateRatio=0.0550 envParam=0.000450
2025-12-08 03:01:46 [tracker] [s1] aubio-raw t=20.0882 onset=1.162492 env=0.002660 peak=0.003984 gain=1.000
2025-12-08 03:01:46 [tracker] [s1] onset-below-env-floor t=20.0882 env=0.002660 onset=1.162492 thresh=0.006000 baseline=0.029117 gate=0.001601 envFloor=0.024750 floor=0.029117 adapt=0.029117 lastPeak=0.000000 calib=0.029117 baseParam=0.000180 gateRatio=0.0550 envParam=0.000450
2025-12-08 03:01:46 [tracker] [s3] onset t=20.142 env=0.01280 baseline=0.01285 gate=0.00167 envFloor=0.01093 onset=1.036>=0.012
2025-12-08 03:01:46 [tracker] [s3] note-start t=20.142 fret=0 midi=50 vel=0.15 env=0.01280
2025-12-08 03:01:46 [tracker] [s1] aubio-raw t=20.2989 onset=0.996404 env=0.000195 peak=0.000415 gain=1.000
2025-12-08 03:01:46 [tracker] [s1] onset-below-gate t=20.2989 env=0.000195 onset=0.996404 thresh=0.006000 baseline=0.029117 gate=0.001601 envFloor=0.024750 floor=0.029117 adapt=0.029117 lastPeak=0.000000 calib=0.029117 baseParam=0.000180 gateRatio=0.0550 envParam=0.000450
2025-12-08 03:01:46 [tracker] [s3] onset t=20.403 env=0.01681 baseline=0.01285 gate=0.00167 envFloor=0.01093 onset=0.982>=0.012
2025-12-08 03:01:46 [tracker] [s3] note-ended (new onset) t=20.403 fret=0 dur=0.261
2025-12-08 03:01:46 [tracker] [s3] note-start t=20.403 fret=0 midi=50 vel=0.20 env=0.01681
2025-12-08 03:01:46 [tracker] [s3] release-quiet t=20.480 avgEnv=0.00886 floor=0.00896 quietFrames=8
2025-12-08 03:01:46 [tracker] [s3] note-ended t=20.480 fret=0 dur=0.077
2025-12-08 03:01:46 [tracker] [s3] onset t=20.600 env=0.01220 baseline=0.01285 gate=0.00167 envFloor=0.01093 onset=0.997>=0.012
2025-12-08 03:01:46 [tracker] [s3] note-start t=20.600 fret=1 midi=51 vel=0.15 env=0.01220
2025-12-08 03:01:46 [tracker] [s3] release-quiet t=20.664 avgEnv=0.00767 floor=0.00896 quietFrames=8
2025-12-08 03:01:46 [tracker] [s3] note-ended t=20.664 fret=1 dur=0.064
2025-12-08 03:01:47 [tracker] [s1] aubio-raw t=21.1495 onset=1.003506 env=0.000127 peak=0.000319 gain=1.000
2025-12-08 03:01:47 [tracker] [s1] onset-below-gate t=21.1495 env=0.000127 onset=1.003506 thresh=0.006000 baseline=0.029117 gate=0.001601 envFloor=0.024750 floor=0.029117 adapt=0.029117 lastPeak=0.000000 calib=0.029117 baseParam=0.000180 gateRatio=0.0550 envParam=0.000450
2025-12-08 03:01:47 [tracker] [s1] aubio-raw t=21.2215 onset=0.873185 env=0.000624 peak=0.000915 gain=1.000
2025-12-08 03:01:47 [tracker] [s1] onset-below-gate t=21.2215 env=0.000624 onset=0.873185 thresh=0.006000 baseline=0.029117 gate=0.001601 envFloor=0.024750 floor=0.029117 adapt=0.029117 lastPeak=0.000000 calib=0.029117 baseParam=0.000180 gateRatio=0.0550 envParam=0.000450
2025-12-08 03:01:47 [tracker] [s1] aubio-raw t=21.2775 onset=0.586741 env=0.000120 peak=0.000354 gain=1.000
2025-12-08 03:01:47 [tracker] [s1] onset-below-gate t=21.2775 env=0.000120 onset=0.586741 thresh=0.006000 baseline=0.029117 gate=0.001601 envFloor=0.024750 floor=0.029117 adapt=0.029117 lastPeak=0.000000 calib=0.029117 baseParam=0.000180 gateRatio=0.0550 envParam=0.000450
2025-12-08 03:01:47 [tracker] [s1] aubio-raw t=21.4508 onset=1.069900 env=0.000193 peak=0.000485 gain=1.000
2025-12-08 03:01:47 [tracker] [s1] onset-below-gate t=21.4508 env=0.000193 onset=1.069900 thresh=0.006000 baseline=0.029117 gate=0.001601 envFloor=0.024750 floor=0.029117 adapt=0.029117 lastPeak=0.000000 calib=0.029117 baseParam=0.000180 gateRatio=0.0550 envParam=0.000450
2025-12-08 03:01:48 [tracker] [s1] aubio-raw t=21.7788 onset=1.038002 env=0.000246 peak=0.000433 gain=1.000
2025-12-08 03:01:48 [tracker] [s1] onset-below-gate t=21.7788 env=0.000246 onset=1.038002 thresh=0.006000 baseline=0.029117 gate=0.001601 envFloor=0.024750 floor=0.029117 adapt=0.029117 lastPeak=0.000000 calib=0.029117 baseParam=0.000180 gateRatio=0.0550 envParam=0.000450
2025-12-08 03:01:48 [tracker] [s1] aubio-raw t=21.8988 onset=0.673575 env=0.000149 peak=0.000353 gain=1.000
2025-12-08 03:01:48 [tracker] [s1] onset-below-gate t=21.8988 env=0.000149 onset=0.673575 thresh=0.006000 baseline=0.029117 gate=0.001601 envFloor=0.024750 floor=0.029117 adapt=0.029117 lastPeak=0.000000 calib=0.029117 baseParam=0.000180 gateRatio=0.0550 envParam=0.000450
2025-12-08 03:01:48 [tracker] [s4] onset t=21.907 env=0.03007 baseline=0.03112 gate=0.00529 envFloor=0.02646 onset=0.994>=0.014
2025-12-08 03:01:48 [tracker] [s4] note-start t=21.907 fret=0 midi=55 vel=0.36 env=0.03007
2025-12-08 03:01:48 [tracker] [s4] release-quiet t=21.971 avgEnv=0.01995 floor=0.02646 quietFrames=8
2025-12-08 03:01:48 [tracker] [s4] note-ended t=21.971 fret=0 dur=0.064
2025-12-08 03:01:48 [tracker] [s1] aubio-raw t=21.9947 onset=1.254667 env=0.000229 peak=0.000522 gain=1.000
2025-12-08 03:01:48 [tracker] [s1] onset-below-gate t=21.9947 env=0.000229 onset=1.254667 thresh=0.006000 baseline=0.029117 gate=0.001601 envFloor=0.024750 floor=0.029117 adapt=0.029117 lastPeak=0.000000 calib=0.029117 baseParam=0.000180 gateRatio=0.0550 envParam=0.000450
2025-12-08 03:01:48 [tracker] [s1] aubio-raw t=22.0614 onset=0.998675 env=0.000223 peak=0.000537 gain=1.000
2025-12-08 03:01:48 [tracker] [s1] onset-below-gate t=22.0614 env=0.000223 onset=0.998675 thresh=0.006000 baseline=0.029117 gate=0.001601 envFloor=0.024750 floor=0.029117 adapt=0.029117 lastPeak=0.000000 calib=0.029117 baseParam=0.000180 gateRatio=0.0550 envParam=0.000450
2025-12-08 03:01:48 [tracker] [s1] aubio-raw t=22.2934 onset=1.042267 env=0.000185 peak=0.000436 gain=1.000
2025-12-08 03:01:48 [tracker] [s1] onset-below-gate t=22.2934 env=0.000185 onset=1.042267 thresh=0.006000 baseline=0.029117 gate=0.001601 envFloor=0.024750 floor=0.029117 adapt=0.029117 lastPeak=0.000000 calib=0.029117 baseParam=0.000180 gateRatio=0.0550 envParam=0.000450
2025-12-08 03:01:48 [tracker] [s1] aubio-raw t=22.5414 onset=0.901101 env=0.000124 peak=0.000343 gain=1.000
2025-12-08 03:01:48 [tracker] [s1] onset-below-gate t=22.5414 env=0.000124 onset=0.901101 thresh=0.006000 baseline=0.029117 gate=0.001601 envFloor=0.024750 floor=0.029117 adapt=0.029117 lastPeak=0.000000 calib=0.029117 baseParam=0.000180 gateRatio=0.0550 envParam=0.000450
2025-12-08 03:01:48 [tracker] [s1] aubio-raw t=22.7414 onset=0.870155 env=0.000095 peak=0.000294 gain=1.000
2025-12-08 03:01:48 [tracker] [s1] onset-below-gate t=22.7414 env=0.000095 onset=0.870155 thresh=0.006000 baseline=0.029117 gate=0.001601 envFloor=0.024750 floor=0.029117 adapt=0.029117 lastPeak=0.000000 calib=0.029117 baseParam=0.000180 gateRatio=0.0550 envParam=0.000450
2025-12-08 03:01:49 [tracker] [s1] aubio-raw t=22.9867 onset=1.053774 env=0.000157 peak=0.000420 gain=1.000
2025-12-08 03:01:49 [tracker] [s1] onset-below-gate t=22.9867 env=0.000157 onset=1.053774 thresh=0.006000 baseline=0.029117 gate=0.001601 envFloor=0.024750 floor=0.029117 adapt=0.029117 lastPeak=0.000000 calib=0.029117 baseParam=0.000180 gateRatio=0.0550 envParam=0.000450
2025-12-08 03:01:50 [tracker] [s1] aubio-raw t=24.1759 onset=0.997383 env=0.001030 peak=0.001700 gain=1.000
2025-12-08 03:01:50 [tracker] [s1] onset-below-gate t=24.1759 env=0.001030 onset=0.997383 thresh=0.006000 baseline=0.029117 gate=0.001601 envFloor=0.024750 floor=0.029117 adapt=0.029117 lastPeak=0.000000 calib=0.029117 baseParam=0.000180 gateRatio=0.0550 envParam=0.000450
2025-12-08 03:01:50 [tracker] [s1] aubio-raw t=24.3092 onset=1.238476 env=0.001712 peak=0.002543 gain=1.000
2025-12-08 03:01:50 [tracker] [s1] aubio-raw t=24.3839 onset=0.997783 env=0.002000 peak=0.002759 gain=1.000
2025-12-08 03:01:50 [tracker] [s1] onset-below-env-floor t=24.3839 env=0.002000 onset=0.997783 thresh=0.006000 baseline=0.029117 gate=0.001601 envFloor=0.024750 floor=0.029117 adapt=0.029117 lastPeak=0.000000 calib=0.029117 baseParam=0.000180 gateRatio=0.0550 envParam=0.000450
2025-12-08 03:01:50 [tracker] [s1] aubio-raw t=24.4959 onset=0.998509 env=0.001863 peak=0.002630 gain=1.000
2025-12-08 03:01:50 [tracker] [s1] onset-below-env-floor t=24.4959 env=0.001863 onset=0.998509 thresh=0.006000 baseline=0.029117 gate=0.001601 envFloor=0.024750 floor=0.029117 adapt=0.029117 lastPeak=0.000000 calib=0.029117 baseParam=0.000180 gateRatio=0.0550 envParam=0.000450
2025-12-08 03:01:50 [tracker] [s1] aubio-raw t=24.6132 onset=0.617543 env=0.001809 peak=0.002579 gain=1.000
2025-12-08 03:01:50 [tracker] [s1] onset-below-env-floor t=24.6132 env=0.001809 onset=0.617543 thresh=0.006000 baseline=0.029117 gate=0.001601 envFloor=0.024750 floor=0.029117 adapt=0.029117 lastPeak=0.000000 calib=0.029117 baseParam=0.000180 gateRatio=0.0550 envParam=0.000450
2025-12-08 03:01:51 [tracker] [s1] aubio-raw t=24.8479 onset=0.909083 env=0.000843 peak=0.001503 gain=1.000
2025-12-08 03:01:51 [tracker] [s1] onset-below-gate t=24.8479 env=0.000843 onset=0.909083 thresh=0.006000 baseline=0.029117 gate=0.001601 envFloor=0.024750 floor=0.029117 adapt=0.029117 lastPeak=0.000000 calib=0.029117 baseParam=0.000180 gateRatio=0.0550 envParam=0.000450
2025-12-08 03:01:51 [tracker] [s1] aubio-raw t=24.9332 onset=1.359618 env=0.000470 peak=0.000844 gain=1.000
2025-12-08 03:01:51 [tracker] [s1] onset-below-gate t=24.9332 env=0.000470 onset=1.359618 thresh=0.006000 baseline=0.029117 gate=0.001601 envFloor=0.024750 floor=0.029117 adapt=0.029117 lastPeak=0.000000 calib=0.029117 baseParam=0.000180 gateRatio=0.0550 envParam=0.000450
2025-12-08 03:01:51 [tracker] [s1] aubio-raw t=25.0372 onset=0.995143 env=0.000341 peak=0.000642 gain=1.000
2025-12-08 03:01:51 [tracker] [s1] onset-below-gate t=25.0372 env=0.000341 onset=0.995143 thresh=0.006000 baseline=0.029117 gate=0.001601 envFloor=0.024750 floor=0.029117 adapt=0.029117 lastPeak=0.000000 calib=0.029117 baseParam=0.000180 gateRatio=0.0550 envParam=0.000450
2025-12-08 03:01:51 [tracker] [s1] aubio-raw t=25.1678 onset=0.897181 env=0.000579 peak=0.000899 gain=1.000
2025-12-08 03:01:51 [tracker] [s1] onset-below-gate t=25.1678 env=0.000579 onset=0.897181 thresh=0.006000 baseline=0.029117 gate=0.001601 envFloor=0.024750 floor=0.029117 adapt=0.029117 lastPeak=0.000000 calib=0.029117 baseParam=0.000180 gateRatio=0.0550 envParam=0.000450
2025-12-08 03:01:51 [tracker] [s1] aubio-raw t=25.6718 onset=0.952608 env=0.000832 peak=0.001453 gain=1.000
2025-12-08 03:01:51 [tracker] [s1] onset-below-gate t=25.6718 env=0.000832 onset=0.952608 thresh=0.006000 baseline=0.029117 gate=0.001601 envFloor=0.024750 floor=0.029117 adapt=0.029117 lastPeak=0.000000 calib=0.029117 baseParam=0.000180 gateRatio=0.0550 envParam=0.000450
2025-12-08 03:01:52 [tracker] [s1] aubio-raw t=26.0611 onset=1.169510 env=0.000896 peak=0.001371 gain=1.000
2025-12-08 03:01:52 [tracker] [s1] onset-below-gate t=26.0611 env=0.000896 onset=1.169510 thresh=0.006000 baseline=0.029117 gate=0.001601 envFloor=0.024750 floor=0.029117 adapt=0.029117 lastPeak=0.000000 calib=0.029117 baseParam=0.000180 gateRatio=0.0550 envParam=0.000450
2025-12-08 03:01:52 [tracker] [s1] aubio-raw t=26.3864 onset=0.958910 env=0.001031 peak=0.001504 gain=1.000
2025-12-08 03:01:52 [tracker] [s1] onset-below-gate t=26.3864 env=0.001031 onset=0.958910 thresh=0.006000 baseline=0.029117 gate=0.001601 envFloor=0.024750 floor=0.029117 adapt=0.029117 lastPeak=0.000000 calib=0.029117 baseParam=0.000180 gateRatio=0.0550 envParam=0.000450
2025-12-08 03:01:52 [tracker] [s1] aubio-raw t=26.4744 onset=1.046307 env=0.000818 peak=0.001368 gain=1.000
2025-12-08 03:01:52 [tracker] [s1] onset-below-gate t=26.4744 env=0.000818 onset=1.046307 thresh=0.006000 baseline=0.029117 gate=0.001601 envFloor=0.024750 floor=0.029117 adapt=0.029117 lastPeak=0.000000 calib=0.029117 baseParam=0.000180 gateRatio=0.0550 envParam=0.000450
2025-12-08 03:01:52 [tracker] [s1] aubio-raw t=26.7571 onset=1.201095 env=0.000409 peak=0.000783 gain=1.000
2025-12-08 03:01:52 [tracker] [s1] onset-below-gate t=26.7571 env=0.000409 onset=1.201095 thresh=0.006000 baseline=0.029117 gate=0.001601 envFloor=0.024750 floor=0.029117 adapt=0.029117 lastPeak=0.000000 calib=0.029117 baseParam=0.000180 gateRatio=0.0550 envParam=0.000450
2025-12-08 03:01:53 [tracker] [s1] aubio-raw t=26.9251 onset=1.429416 env=0.000618 peak=0.000978 gain=1.000
2025-12-08 03:01:53 [tracker] [s1] onset-below-gate t=26.9251 env=0.000618 onset=1.429416 thresh=0.006000 baseline=0.029117 gate=0.001601 envFloor=0.024750 floor=0.029117 adapt=0.029117 lastPeak=0.000000 calib=0.029117 baseParam=0.000180 gateRatio=0.0550 envParam=0.000450
2025-12-08 03:01:53 [tracker] [s1] aubio-raw t=27.2264 onset=0.996925 env=0.000465 peak=0.000741 gain=1.000
2025-12-08 03:01:53 [tracker] [s1] onset-below-gate t=27.2264 env=0.000465 onset=0.996925 thresh=0.006000 baseline=0.029117 gate=0.001601 envFloor=0.024750 floor=0.029117 adapt=0.029117 lastPeak=0.000000 calib=0.029117 baseParam=0.000180 gateRatio=0.0550 envParam=0.000450
2025-12-08 03:01:53 [tracker] [s1] aubio-raw t=27.5383 onset=1.184572 env=0.000663 peak=0.000966 gain=1.000
2025-12-08 03:01:53 [tracker] [s1] onset-below-gate t=27.5383 env=0.000663 onset=1.184572 thresh=0.006000 baseline=0.029117 gate=0.001601 envFloor=0.024750 floor=0.029117 adapt=0.029117 lastPeak=0.000000 calib=0.029117 baseParam=0.000180 gateRatio=0.0550 envParam=0.000450
2025-12-08 03:01:54 [tracker] [s1] aubio-raw t=27.9650 onset=1.039883 env=0.000421 peak=0.000826 gain=1.000
2025-12-08 03:01:54 [tracker] [s1] onset-below-gate t=27.9650 env=0.000421 onset=1.039883 thresh=0.006000 baseline=0.029117 gate=0.001601 envFloor=0.024750 floor=0.029117 adapt=0.029117 lastPeak=0.000000 calib=0.029117 baseParam=0.000180 gateRatio=0.0550 envParam=0.000450
2025-12-08 03:01:54 [tracker] [s1] aubio-raw t=28.2236 onset=1.002579 env=0.000462 peak=0.000769 gain=1.000
2025-12-08 03:01:54 [tracker] [s1] onset-below-gate t=28.2236 env=0.000462 onset=1.002579 thresh=0.006000 baseline=0.029117 gate=0.001601 envFloor=0.024750 floor=0.029117 adapt=0.029117 lastPeak=0.000000 calib=0.029117 baseParam=0.000180 gateRatio=0.0550 envParam=0.000450
2025-12-08 03:01:55 [tracker] [s1] aubio-raw t=29.0556 onset=1.048547 env=0.000760 peak=0.001271 gain=1.000
2025-12-08 03:01:55 [tracker] [s1] onset-below-gate t=29.0556 env=0.000760 onset=1.048547 thresh=0.006000 baseline=0.029117 gate=0.001601 envFloor=0.024750 floor=0.029117 adapt=0.029117 lastPeak=0.000000 calib=0.029117 baseParam=0.000180 gateRatio=0.0550 envParam=0.000450
2025-12-08 03:01:55 [tracker] [s1] aubio-raw t=29.3222 onset=0.986635 env=0.000844 peak=0.001495 gain=1.000
2025-12-08 03:01:55 [tracker] [s1] onset-below-gate t=29.3222 env=0.000844 onset=0.986635 thresh=0.006000 baseline=0.029117 gate=0.001601 envFloor=0.024750 floor=0.029117 adapt=0.029117 lastPeak=0.000000 calib=0.029117 baseParam=0.000180 gateRatio=0.0550 envParam=0.000450
2025-12-08 03:01:55 [tracker] [s1] aubio-raw t=29.5515 onset=0.995773 env=0.000601 peak=0.001066 gain=1.000
2025-12-08 03:01:55 [tracker] [s1] onset-below-gate t=29.5515 env=0.000601 onset=0.995773 thresh=0.006000 baseline=0.029117 gate=0.001601 envFloor=0.024750 floor=0.029117 adapt=0.029117 lastPeak=0.000000 calib=0.029117 baseParam=0.000180 gateRatio=0.0550 envParam=0.000450
2025-12-08 03:01:55 [tracker] [s1] aubio-raw t=29.6689 onset=1.235017 env=0.000276 peak=0.000648 gain=1.000
2025-12-08 03:01:55 [tracker] [s1] onset-below-gate t=29.6689 env=0.000276 onset=1.235017 thresh=0.006000 baseline=0.029117 gate=0.001601 envFloor=0.024750 floor=0.029117 adapt=0.029117 lastPeak=0.000000 calib=0.029117 baseParam=0.000180 gateRatio=0.0550 envParam=0.000450
2025-12-08 03:01:55 [tracker] [s4] onset t=29.704 env=0.03566 baseline=0.03112 gate=0.00529 envFloor=0.02646 onset=0.658>=0.014
2025-12-08 03:01:56 [tracker] [s1] aubio-raw t=29.7995 onset=1.100315 env=0.001024 peak=0.001651 gain=1.000
2025-12-08 03:01:56 [tracker] [s1] onset-below-gate t=29.7995 env=0.001024 onset=1.100315 thresh=0.006000 baseline=0.029117 gate=0.001601 envFloor=0.024750 floor=0.029117 adapt=0.029117 lastPeak=0.000000 calib=0.029117 baseParam=0.000180 gateRatio=0.0550 envParam=0.000450
2025-12-08 03:01:56 [tracker] [s4] onset t=29.877 env=0.02896 baseline=0.03112 gate=0.00529 envFloor=0.02646 onset=0.720>=0.014
2025-12-08 03:01:56 [tracker] [s4] note-start t=29.877 fret=0 midi=55 vel=0.35 env=0.02896
2025-12-08 03:01:56 [tracker] [s1] aubio-raw t=29.9222 onset=0.976615 env=0.000405 peak=0.000687 gain=1.000
2025-12-08 03:01:56 [tracker] [s1] onset-below-gate t=29.9222 env=0.000405 onset=0.976615 thresh=0.006000 baseline=0.029117 gate=0.001601 envFloor=0.024750 floor=0.029117 adapt=0.029117 lastPeak=0.000000 calib=0.029117 baseParam=0.000180 gateRatio=0.0550 envParam=0.000450
2025-12-08 03:01:56 [tracker] [s4] onset t=29.970 env=0.03547 baseline=0.03112 gate=0.00529 envFloor=0.02646 onset=1.003>=0.014
2025-12-08 03:01:56 [tracker] [s4] note-ended (new onset) t=29.970 fret=0 dur=0.093
2025-12-08 03:01:56 [tracker] [s4] note-start t=29.970 fret=0 midi=55 vel=0.43 env=0.03547
2025-12-08 03:01:56 [tracker] [s1] aubio-raw t=30.0022 onset=0.999178 env=0.000644 peak=0.000999 gain=1.000
2025-12-08 03:01:56 [tracker] [s1] onset-below-gate t=30.0022 env=0.000644 onset=0.999178 thresh=0.006000 baseline=0.029117 gate=0.001601 envFloor=0.024750 floor=0.029117 adapt=0.029117 lastPeak=0.000000 calib=0.029117 baseParam=0.000180 gateRatio=0.0550 envParam=0.000450
2025-12-08 03:01:56 [tracker] [s4] release-quiet t=30.042 avgEnv=0.02514 floor=0.02646 quietFrames=8
2025-12-08 03:01:56 [tracker] [s4] note-ended t=30.042 fret=0 dur=0.072
2025-12-08 03:01:56 [tracker] [s1] aubio-raw t=30.1168 onset=0.843126 env=0.000435 peak=0.000834 gain=1.000
2025-12-08 03:01:56 [tracker] [s1] onset-below-gate t=30.1168 env=0.000435 onset=0.843126 thresh=0.006000 baseline=0.029117 gate=0.001601 envFloor=0.024750 floor=0.029117 adapt=0.029117 lastPeak=0.000000 calib=0.029117 baseParam=0.000180 gateRatio=0.0550 envParam=0.000450
2025-12-08 03:01:56 [tracker] [s1] aubio-raw t=30.2581 onset=1.263717 env=0.000607 peak=0.001062 gain=1.000
2025-12-08 03:01:56 [tracker] [s1] onset-below-gate t=30.2581 env=0.000607 onset=1.263717 thresh=0.006000 baseline=0.029117 gate=0.001601 envFloor=0.024750 floor=0.029117 adapt=0.029117 lastPeak=0.000000 calib=0.029117 baseParam=0.000180 gateRatio=0.0550 envParam=0.000450
2025-12-08 03:01:56 [tracker] [s1] aubio-raw t=30.3915 onset=0.953762 env=0.000759 peak=0.001107 gain=1.000
2025-12-08 03:01:56 [tracker] [s1] onset-below-gate t=30.3915 env=0.000759 onset=0.953762 thresh=0.006000 baseline=0.029117 gate=0.001601 envFloor=0.024750 floor=0.029117 adapt=0.029117 lastPeak=0.000000 calib=0.029117 baseParam=0.000180 gateRatio=0.0550 envParam=0.000450
2025-12-08 03:01:56 [tracker] [s1] aubio-raw t=30.5141 onset=0.995881 env=0.000685 peak=0.001102 gain=1.000
2025-12-08 03:01:56 [tracker] [s1] onset-below-gate t=30.5141 env=0.000685 onset=0.995881 thresh=0.006000 baseline=0.029117 gate=0.001601 envFloor=0.024750 floor=0.029117 adapt=0.029117 lastPeak=0.000000 calib=0.029117 baseParam=0.000180 gateRatio=0.0550 envParam=0.000450
2025-12-08 03:01:56 [tracker] [s1] aubio-raw t=30.6528 onset=0.997570 env=0.000182 peak=0.000384 gain=1.000
2025-12-08 03:01:56 [tracker] [s1] onset-below-gate t=30.6528 env=0.000182 onset=0.997570 thresh=0.006000 baseline=0.029117 gate=0.001601 envFloor=0.024750 floor=0.029117 adapt=0.029117 lastPeak=0.000000 calib=0.029117 baseParam=0.000180 gateRatio=0.0550 envParam=0.000450
2025-12-08 03:01:57 [tracker] [s3] onset t=30.839 env=0.02055 baseline=0.01285 gate=0.00167 envFloor=0.01093 onset=1.452>=0.012
2025-12-08 03:01:57 [tracker] [s1] aubio-raw t=30.8528 onset=1.296498 env=0.001679 peak=0.003524 gain=1.000
2025-12-08 03:01:57 [tracker] [s1] onset-below-env-floor t=30.8528 env=0.001679 onset=1.296498 thresh=0.006000 baseline=0.029117 gate=0.001601 envFloor=0.024750 floor=0.029117 adapt=0.029117 lastPeak=0.000000 calib=0.029117 baseParam=0.000180 gateRatio=0.0550 envParam=0.000450
2025-12-08 03:01:57 [tracker] [s1] aubio-raw t=30.9221 onset=0.994815 env=0.000282 peak=0.000571 gain=1.000
2025-12-08 03:01:57 [tracker] [s1] onset-below-gate t=30.9221 env=0.000282 onset=0.994815 thresh=0.006000 baseline=0.029117 gate=0.001601 envFloor=0.024750 floor=0.029117 adapt=0.029117 lastPeak=0.000000 calib=0.029117 baseParam=0.000180 gateRatio=0.0550 envParam=0.000450
2025-12-08 03:01:57 [tracker] [s3] onset t=30.970 env=0.02977 baseline=0.01285 gate=0.00167 envFloor=0.01093 onset=1.032>=0.012
2025-12-08 03:01:57 [tracker] [s3] note-start t=30.970 fret=0 midi=50 vel=0.36 env=0.02977
2025-12-08 03:01:57 [tracker] [s3] onset t=31.079 env=0.02408 baseline=0.02181 gate=0.00284 envFloor=0.01093 onset=1.111>=0.012
2025-12-08 03:01:57 [tracker] [s3] note-ended (new onset) t=31.079 fret=0 dur=0.109
2025-12-08 03:01:57 [tracker] [s3] note-start t=31.079 fret=0 midi=50 vel=0.29 env=0.02408
2025-12-08 03:01:57 [tracker] [s3] release-retrigger t=31.191 onset=0.994 gate=0.012 age=0.112
2025-12-08 03:01:57 [tracker] [s3] note-ended t=31.191 fret=0 dur=0.112
2025-12-08 03:01:57 [tracker] [s1] aubio-raw t=31.2181 onset=0.996836 env=0.000372 peak=0.000583 gain=1.000
2025-12-08 03:01:57 [tracker] [s1] onset-below-gate t=31.2181 env=0.000372 onset=0.996836 thresh=0.006000 baseline=0.029117 gate=0.001601 envFloor=0.024750 floor=0.029117 adapt=0.029117 lastPeak=0.000000 calib=0.029117 baseParam=0.000180 gateRatio=0.0550 envParam=0.000450
2025-12-08 03:01:57 [tracker] [s1] aubio-raw t=31.3674 onset=1.495116 env=0.000900 peak=0.001430 gain=1.000
2025-12-08 03:01:57 [tracker] [s1] onset-below-gate t=31.3674 env=0.000900 onset=1.495116 thresh=0.006000 baseline=0.029117 gate=0.001601 envFloor=0.024750 floor=0.029117 adapt=0.029117 lastPeak=0.000000 calib=0.029117 baseParam=0.000180 gateRatio=0.0550 envParam=0.000450
2025-12-08 03:01:57 [tracker] [s3] onset t=31.407 env=0.01392 baseline=0.01285 gate=0.00167 envFloor=0.01093 onset=1.169>=0.012
2025-12-08 03:01:57 [tracker] [s3] note-start t=31.407 fret=0 midi=50 vel=0.17 env=0.01392
2025-12-08 03:01:57 [tracker] [s3] release-quiet t=31.471 avgEnv=0.00547 floor=0.00896 quietFrames=8
2025-12-08 03:01:57 [tracker] [s3] note-ended t=31.471 fret=0 dur=0.064
2025-12-08 03:01:57 [tracker] [s1] aubio-raw t=31.6714 onset=0.623550 env=0.001718 peak=0.002629 gain=1.000
2025-12-08 03:01:57 [tracker] [s1] onset-below-env-floor t=31.6714 env=0.001718 onset=0.623550 thresh=0.006000 baseline=0.029117 gate=0.001601 envFloor=0.024750 floor=0.029117 adapt=0.029117 lastPeak=0.000000 calib=0.029117 baseParam=0.000180 gateRatio=0.0550 envParam=0.000450
2025-12-08 03:01:57 [tracker] [s2] onset t=31.679 env=0.02901 baseline=0.01690 gate=0.00169 envFloor=0.01436 onset=1.141>=0.009
2025-12-08 03:01:58 [tracker] [s1] aubio-raw t=31.8847 onset=1.283909 env=0.000286 peak=0.000628 gain=1.000
2025-12-08 03:01:58 [tracker] [s1] onset-below-gate t=31.8847 env=0.000286 onset=1.283909 thresh=0.006000 baseline=0.029117 gate=0.001601 envFloor=0.024750 floor=0.029117 adapt=0.029117 lastPeak=0.000000 calib=0.029117 baseParam=0.000180 gateRatio=0.0550 envParam=0.000450
2025-12-08 03:01:58 [tracker] [s1] aubio-raw t=32.1833 onset=1.065774 env=0.001556 peak=0.002524 gain=1.000
2025-12-08 03:01:58 [tracker] [s1] onset-below-gate t=32.1833 env=0.001556 onset=1.065774 thresh=0.006000 baseline=0.029117 gate=0.001601 envFloor=0.024750 floor=0.029117 adapt=0.029117 lastPeak=0.000000 calib=0.029117 baseParam=0.000180 gateRatio=0.0550 envParam=0.000450
2025-12-08 03:01:58 [tracker] [s1] aubio-raw t=32.3433 onset=1.289732 env=0.000510 peak=0.000978 gain=1.000
2025-12-08 03:01:58 [tracker] [s1] onset-below-gate t=32.3433 env=0.000510 onset=1.289732 thresh=0.006000 baseline=0.029117 gate=0.001601 envFloor=0.024750 floor=0.029117 adapt=0.029117 lastPeak=0.000000 calib=0.029117 baseParam=0.000180 gateRatio=0.0550 envParam=0.000450
2025-12-08 03:01:59 [tracker] [s1] aubio-raw t=32.7753 onset=1.360175 env=0.008263 peak=0.012579 gain=1.000
2025-12-08 03:01:59 [tracker] [s1] onset-below-env-floor t=32.7753 env=0.008263 onset=1.360175 thresh=0.006000 baseline=0.029117 gate=0.001601 envFloor=0.024750 floor=0.029117 adapt=0.029117 lastPeak=0.000000 calib=0.029117 baseParam=0.000180 gateRatio=0.0550 envParam=0.000450
2025-12-08 03:01:59 [tracker] [s1] aubio-raw t=32.8313 onset=0.794302 env=0.028510 peak=0.082089 gain=1.000
2025-12-08 03:01:59 [tracker] [s1] onset-accepted t=32.8313 env=0.028510 onset=0.794302 thresh=0.006000 baseline=0.029117 gate=0.001601 envFloor=0.024750 floor=0.029117 adapt=0.029117 lastPeak=0.000000 calib=0.029117 baseParam=0.000180 gateRatio=0.0550 envParam=0.000450
2025-12-08 03:01:59 [tracker] [s1] onset t=32.831 env=0.02851 baseline=0.02912 gate=0.00160 envFloor=0.02475 onset=0.794>=0.006
2025-12-08 03:01:59 [tracker] [s1] aubio-raw t=32.9033 onset=0.685007 env=0.048372 peak=0.087518 gain=1.000
2025-12-08 03:01:59 [tracker] [s1] onset-accepted t=32.9033 env=0.048372 onset=0.685007 thresh=0.006000 baseline=0.029117 gate=0.001601 envFloor=0.024750 floor=0.029117 adapt=0.029117 lastPeak=0.000000 calib=0.029117 baseParam=0.000180 gateRatio=0.0550 envParam=0.000450
2025-12-08 03:01:59 [tracker] [s1] onset t=32.903 env=0.04837 baseline=0.02912 gate=0.00160 envFloor=0.02475 onset=0.685>=0.006
2025-12-08 03:01:59 [tracker] [s1] aubio-raw t=32.9646 onset=0.557472 env=0.020579 peak=0.059043 gain=1.000
2025-12-08 03:01:59 [tracker] [s1] onset-below-env-floor t=32.9646 env=0.020579 onset=0.557472 thresh=0.006000 baseline=0.029117 gate=0.001601 envFloor=0.024750 floor=0.029117 adapt=0.029117 lastPeak=0.000000 calib=0.029117 baseParam=0.000180 gateRatio=0.0550 envParam=0.000450
2025-12-08 03:01:59 [tracker] [s1] aubio-raw t=33.0259 onset=0.864101 env=0.004592 peak=0.016997 gain=1.000
2025-12-08 03:01:59 [tracker] [s1] onset-below-env-floor t=33.0259 env=0.004592 onset=0.864101 thresh=0.006000 baseline=0.029117 gate=0.001601 envFloor=0.024750 floor=0.029117 adapt=0.029117 lastPeak=0.000000 calib=0.029117 baseParam=0.000180 gateRatio=0.0550 envParam=0.000450
2025-12-08 03:01:59 [tracker] [s1] aubio-raw t=33.0846 onset=0.834286 env=0.039946 peak=0.064593 gain=1.000
2025-12-08 03:01:59 [tracker] [s1] onset-accepted t=33.0846 env=0.039946 onset=0.834286 thresh=0.006000 baseline=0.029117 gate=0.001601 envFloor=0.024750 floor=0.029117 adapt=0.029117 lastPeak=0.000000 calib=0.029117 baseParam=0.000180 gateRatio=0.0550 envParam=0.000450
2025-12-08 03:01:59 [tracker] [s1] onset t=33.085 env=0.03995 baseline=0.02912 gate=0.00160 envFloor=0.02475 onset=0.834>=0.006
2025-12-08 03:01:59 [tracker] [s1] aubio-raw t=33.1433 onset=1.220967 env=0.038043 peak=0.059272 gain=1.000
2025-12-08 03:01:59 [tracker] [s1] onset-accepted t=33.1433 env=0.038043 onset=1.220967 thresh=0.006000 baseline=0.029117 gate=0.001601 envFloor=0.024750 floor=0.029117 adapt=0.029117 lastPeak=0.000000 calib=0.029117 baseParam=0.000180 gateRatio=0.0550 envParam=0.000450
2025-12-08 03:01:59 [tracker] [s1] onset t=33.143 env=0.03804 baseline=0.02912 gate=0.00160 envFloor=0.02475 onset=1.221>=0.006
2025-12-08 03:01:59 [tracker] [s1] aubio-raw t=33.2419 onset=0.874642 env=0.035532 peak=0.055367 gain=1.000
2025-12-08 03:01:59 [tracker] [s1] onset-accepted t=33.2419 env=0.035532 onset=0.874642 thresh=0.006000 baseline=0.029117 gate=0.001601 envFloor=0.024750 floor=0.029117 adapt=0.029117 lastPeak=0.000000 calib=0.029117 baseParam=0.000180 gateRatio=0.0550 envParam=0.000450
2025-12-08 03:01:59 [tracker] [s1] onset t=33.242 env=0.03553 baseline=0.02912 gate=0.00160 envFloor=0.02475 onset=0.875>=0.006
2025-12-08 03:01:59 [tracker] [s1] aubio-raw t=33.2926 onset=0.663386 env=0.007554 peak=0.022790 gain=1.000
2025-12-08 03:01:59 [tracker] [s1] onset-below-env-floor t=33.2926 env=0.007554 onset=0.663386 thresh=0.006000 baseline=0.029117 gate=0.001601 envFloor=0.024750 floor=0.029117 adapt=0.029117 lastPeak=0.000000 calib=0.029117 baseParam=0.000180 gateRatio=0.0550 envParam=0.000450
2025-12-08 03:01:59 [tracker] [s1] aubio-raw t=33.3513 onset=1.002849 env=0.032408 peak=0.050189 gain=1.000
2025-12-08 03:01:59 [tracker] [s1] onset-accepted t=33.3513 env=0.032408 onset=1.002849 thresh=0.006000 baseline=0.029117 gate=0.001601 envFloor=0.024750 floor=0.029117 adapt=0.029117 lastPeak=0.000000 calib=0.029117 baseParam=0.000180 gateRatio=0.0550 envParam=0.000450
2025-12-08 03:01:59 [tracker] [s1] onset t=33.351 env=0.03241 baseline=0.02912 gate=0.00160 envFloor=0.02475 onset=1.003>=0.006
2025-12-08 03:01:59 [tracker] [s1] aubio-raw t=33.4099 onset=1.494585 env=0.030247 peak=0.047091 gain=1.000
2025-12-08 03:01:59 [tracker] [s1] onset-accepted t=33.4099 env=0.030247 onset=1.494585 thresh=0.006000 baseline=0.029117 gate=0.001601 envFloor=0.024750 floor=0.029117 adapt=0.029117 lastPeak=0.000000 calib=0.029117 baseParam=0.000180 gateRatio=0.0550 envParam=0.000450
2025-12-08 03:01:59 [tracker] [s1] onset t=33.410 env=0.03025 baseline=0.02912 gate=0.00160 envFloor=0.02475 onset=1.495>=0.006
2025-12-08 03:01:59 [tracker] [s1] aubio-raw t=33.4979 onset=0.705694 env=0.021982 peak=0.045222 gain=1.000
2025-12-08 03:01:59 [tracker] [s1] onset-below-env-floor t=33.4979 env=0.021982 onset=0.705694 thresh=0.006000 baseline=0.029117 gate=0.001601 envFloor=0.024750 floor=0.029117 adapt=0.029117 lastPeak=0.000000 calib=0.029117 baseParam=0.000180 gateRatio=0.0550 envParam=0.000450
2025-12-08 03:01:59 [tracker] [s1] aubio-raw t=33.5699 onset=0.743079 env=0.028151 peak=0.043160 gain=1.000
2025-12-08 03:01:59 [tracker] [s1] onset-accepted t=33.5699 env=0.028151 onset=0.743079 thresh=0.006000 baseline=0.029117 gate=0.001601 envFloor=0.024750 floor=0.029117 adapt=0.029117 lastPeak=0.000000 calib=0.029117 baseParam=0.000180 gateRatio=0.0550 envParam=0.000450
2025-12-08 03:01:59 [tracker] [s1] onset t=33.570 env=0.02815 baseline=0.02912 gate=0.00160 envFloor=0.02475 onset=0.743>=0.006
2025-12-08 03:01:59 [tracker] [s1] aubio-raw t=33.6312 onset=0.832008 env=0.022344 peak=0.041239 gain=1.000
2025-12-08 03:01:59 [tracker] [s1] onset-below-env-floor t=33.6312 env=0.022344 onset=0.832008 thresh=0.006000 baseline=0.029117 gate=0.001601 envFloor=0.024750 floor=0.029117 adapt=0.029117 lastPeak=0.000000 calib=0.029117 baseParam=0.000180 gateRatio=0.0550 envParam=0.000450
2025-12-08 03:01:59 [tracker] [s1] aubio-raw t=33.6926 onset=0.723601 env=0.012435 peak=0.028512 gain=1.000
2025-12-08 03:01:59 [tracker] [s1] onset-below-env-floor t=33.6926 env=0.012435 onset=0.723601 thresh=0.006000 baseline=0.029117 gate=0.001601 envFloor=0.024750 floor=0.029117 adapt=0.029117 lastPeak=0.000000 calib=0.029117 baseParam=0.000180 gateRatio=0.0550 envParam=0.000450
2025-12-08 03:01:59 [tracker] [s1] aubio-raw t=33.7512 onset=0.903192 env=0.026145 peak=0.036284 gain=1.000
2025-12-08 03:01:59 [tracker] [s1] onset-accepted t=33.7512 env=0.026145 onset=0.903192 thresh=0.006000 baseline=0.029117 gate=0.001601 envFloor=0.024750 floor=0.029117 adapt=0.029117 lastPeak=0.000000 calib=0.029117 baseParam=0.000180 gateRatio=0.0550 envParam=0.000450
2025-12-08 03:01:59 [tracker] [s1] onset t=33.751 env=0.02614 baseline=0.02912 gate=0.00160 envFloor=0.02475 onset=0.903>=0.006
2025-12-08 03:02:00 [tracker] [s1] aubio-raw t=33.8019 onset=0.786095 env=0.011448 peak=0.025461 gain=1.000
2025-12-08 03:02:00 [tracker] [s1] onset-below-env-floor t=33.8019 env=0.011448 onset=0.786095 thresh=0.006000 baseline=0.029117 gate=0.001601 envFloor=0.024750 floor=0.029117 adapt=0.029117 lastPeak=0.000000 calib=0.029117 baseParam=0.000180 gateRatio=0.0550 envParam=0.000450
2025-12-08 03:02:00 [tracker] [s1] aubio-raw t=33.8739 onset=1.006009 env=0.020039 peak=0.031527 gain=1.000
2025-12-08 03:02:00 [tracker] [s1] onset-below-env-floor t=33.8739 env=0.020039 onset=1.006009 thresh=0.006000 baseline=0.029117 gate=0.001601 envFloor=0.024750 floor=0.029117 adapt=0.029117 lastPeak=0.000000 calib=0.029117 baseParam=0.000180 gateRatio=0.0550 envParam=0.000450
2025-12-08 03:02:00 [tracker] [s1] aubio-raw t=34.0659 onset=0.669262 env=0.000170 peak=0.000400 gain=1.000
2025-12-08 03:02:00 [tracker] [s1] onset-below-gate t=34.0659 env=0.000170 onset=0.669262 thresh=0.006000 baseline=0.029117 gate=0.001601 envFloor=0.024750 floor=0.029117 adapt=0.029117 lastPeak=0.000000 calib=0.029117 baseParam=0.000180 gateRatio=0.0550 envParam=0.000450
2025-12-08 03:02:00 [tracker] [s1] aubio-raw t=34.1992 onset=1.456060 env=0.000118 peak=0.000390 gain=1.000
2025-12-08 03:02:00 [tracker] [s1] onset-below-gate t=34.1992 env=0.000118 onset=1.456060 thresh=0.006000 baseline=0.029117 gate=0.001601 envFloor=0.024750 floor=0.029117 adapt=0.029117 lastPeak=0.000000 calib=0.029117 baseParam=0.000180 gateRatio=0.0550 envParam=0.000450
2025-12-08 03:02:00 [tracker] [s1] aubio-raw t=34.3592 onset=1.465949 env=0.000139 peak=0.000359 gain=1.000
2025-12-08 03:02:00 [tracker] [s1] onset-below-gate t=34.3592 env=0.000139 onset=1.465949 thresh=0.006000 baseline=0.029117 gate=0.001601 envFloor=0.024750 floor=0.029117 adapt=0.029117 lastPeak=0.000000 calib=0.029117 baseParam=0.000180 gateRatio=0.0550 envParam=0.000450
2025-12-08 03:02:00 [tracker] [s1] aubio-raw t=34.4285 onset=1.472941 env=0.000093 peak=0.000238 gain=1.000
2025-12-08 03:02:00 [tracker] [s1] onset-below-gate t=34.4285 env=0.000093 onset=1.472941 thresh=0.006000 baseline=0.029117 gate=0.001601 envFloor=0.024750 floor=0.029117 adapt=0.029117 lastPeak=0.000000 calib=0.029117 baseParam=0.000180 gateRatio=0.0550 envParam=0.000450
2025-12-08 03:02:00 [tracker] [s1] aubio-raw t=34.5592 onset=0.998294 env=0.000175 peak=0.000451 gain=1.000
2025-12-08 03:02:00 [tracker] [s1] onset-below-gate t=34.5592 env=0.000175 onset=0.998294 thresh=0.006000 baseline=0.029117 gate=0.001601 envFloor=0.024750 floor=0.029117 adapt=0.029117 lastPeak=0.000000 calib=0.029117 baseParam=0.000180 gateRatio=0.0550 envParam=0.000450
2025-12-08 03:02:01 [tracker] [s1] aubio-raw t=34.8205 onset=0.846895 env=0.000151 peak=0.000397 gain=1.000
2025-12-08 03:02:01 [tracker] [s1] onset-below-gate t=34.8205 env=0.000151 onset=0.846895 thresh=0.006000 baseline=0.029117 gate=0.001601 envFloor=0.024750 floor=0.029117 adapt=0.029117 lastPeak=0.000000 calib=0.029117 baseParam=0.000180 gateRatio=0.0550 envParam=0.000450
2025-12-08 03:02:02 [tracker] [s1] aubio-raw t=35.8097 onset=0.654091 env=0.000196 peak=0.000495 gain=1.000
2025-12-08 03:02:02 [tracker] [s1] aubio-raw t=36.2284 onset=1.015658 env=0.000159 peak=0.000390 gain=1.000
2025-12-08 03:02:02 [tracker] [s1] onset-below-gate t=36.2284 env=0.000159 onset=1.015658 thresh=0.006000 baseline=0.029117 gate=0.001601 envFloor=0.024750 floor=0.029117 adapt=0.029117 lastPeak=0.000000 calib=0.029117 baseParam=0.000180 gateRatio=0.0550 envParam=0.000450
2025-12-08 03:02:02 [tracker] [s1] aubio-raw t=36.2844 onset=1.058928 env=0.000334 peak=0.000606 gain=1.000
2025-12-08 03:02:02 [tracker] [s1] onset-below-gate t=36.2844 env=0.000334 onset=1.058928 thresh=0.006000 baseline=0.029117 gate=0.001601 envFloor=0.024750 floor=0.029117 adapt=0.029117 lastPeak=0.000000 calib=0.029117 baseParam=0.000180 gateRatio=0.0550 envParam=0.000450
2025-12-08 03:02:03 [tracker] [s1] aubio-raw t=36.9617 onset=0.972465 env=0.000179 peak=0.000479 gain=1.000
2025-12-08 03:02:03 [tracker] [s1] onset-below-gate t=36.9617 env=0.000179 onset=0.972465 thresh=0.006000 baseline=0.029117 gate=0.001601 envFloor=0.024750 floor=0.029117 adapt=0.029117 lastPeak=0.000000 calib=0.029117 baseParam=0.000180 gateRatio=0.0550 envParam=0.000450
2025-12-08 03:02:03 [tracker] [s1] aubio-raw t=37.1910 onset=0.764615 env=0.000123 peak=0.000370 gain=1.000
2025-12-08 03:02:03 [tracker] [s1] onset-below-gate t=37.1910 env=0.000123 onset=0.764615 thresh=0.006000 baseline=0.029117 gate=0.001601 envFloor=0.024750 floor=0.029117 adapt=0.029117 lastPeak=0.000000 calib=0.029117 baseParam=0.000180 gateRatio=0.0550 envParam=0.000450
2025-12-08 03:02:03 [tracker] [s1] aubio-raw t=37.2656 onset=0.641754 env=0.000101 peak=0.000281 gain=1.000
2025-12-08 03:02:03 [tracker] [s1] onset-below-gate t=37.2656 env=0.000101 onset=0.641754 thresh=0.006000 baseline=0.029117 gate=0.001601 envFloor=0.024750 floor=0.029117 adapt=0.029117 lastPeak=0.000000 calib=0.029117 baseParam=0.000180 gateRatio=0.0550 envParam=0.000450
2025-12-08 03:02:03 [tracker] [s1] aubio-raw t=37.6149 onset=0.998555 env=0.000224 peak=0.000532 gain=1.000
2025-12-08 03:02:03 [tracker] [s1] onset-below-gate t=37.6149 env=0.000224 onset=0.998555 thresh=0.006000 baseline=0.029117 gate=0.001601 envFloor=0.024750 floor=0.029117 adapt=0.029117 lastPeak=0.000000 calib=0.029117 baseParam=0.000180 gateRatio=0.0550 envParam=0.000450
2025-12-08 03:02:04 [tracker] [s1] aubio-raw t=37.9749 onset=1.159110 env=0.000157 peak=0.000383 gain=1.000
2025-12-08 03:02:04 [tracker] [s1] onset-below-gate t=37.9749 env=0.000157 onset=1.159110 thresh=0.006000 baseline=0.029117 gate=0.001601 envFloor=0.024750 floor=0.029117 adapt=0.029117 lastPeak=0.000000 calib=0.029117 baseParam=0.000180 gateRatio=0.0550 envParam=0.000450
2025-12-08 03:02:04 [tracker] [s1] aubio-raw t=38.7269 onset=0.920559 env=0.000156 peak=0.000382 gain=1.000
2025-12-08 03:02:04 [tracker] [s1] onset-below-gate t=38.7269 env=0.000156 onset=0.920559 thresh=0.006000 baseline=0.029117 gate=0.001601 envFloor=0.024750 floor=0.029117 adapt=0.029117 lastPeak=0.000000 calib=0.029117 baseParam=0.000180 gateRatio=0.0550 envParam=0.000450
2025-12-08 03:02:05 [tracker] [s1] aubio-raw t=38.7935 onset=0.997083 env=0.000250 peak=0.000428 gain=1.000
2025-12-08 03:02:05 [tracker] [s1] onset-below-gate t=38.7935 env=0.000250 onset=0.997083 thresh=0.006000 baseline=0.029117 gate=0.001601 envFloor=0.024750 floor=0.029117 adapt=0.029117 lastPeak=0.000000 calib=0.029117 baseParam=0.000180 gateRatio=0.0550 envParam=0.000450
2025-12-08 03:02:05 [tracker] [s1] aubio-raw t=39.0788 onset=0.985084 env=0.000208 peak=0.000409 gain=1.000
2025-12-08 03:02:05 [tracker] [s1] onset-below-gate t=39.0788 env=0.000208 onset=0.985084 thresh=0.006000 baseline=0.029117 gate=0.001601 envFloor=0.024750 floor=0.029117 adapt=0.029117 lastPeak=0.000000 calib=0.029117 baseParam=0.000180 gateRatio=0.0550 envParam=0.000450
2025-12-08 03:02:05 [tracker] [s1] aubio-raw t=39.5401 onset=0.995300 env=0.000105 peak=0.000261 gain=1.000
2025-12-08 03:02:05 [tracker] [s1] onset-below-gate t=39.5401 env=0.000105 onset=0.995300 thresh=0.006000 baseline=0.029117 gate=0.001601 envFloor=0.024750 floor=0.029117 adapt=0.029117 lastPeak=0.000000 calib=0.029117 baseParam=0.000180 gateRatio=0.0550 envParam=0.000450
2025-12-08 03:02:06 [tracker] [s1] aubio-raw t=39.9454 onset=0.996064 env=0.000129 peak=0.000350 gain=1.000
2025-12-08 03:02:06 [tracker] [s1] onset-below-gate t=39.9454 env=0.000129 onset=0.996064 thresh=0.006000 baseline=0.029117 gate=0.001601 envFloor=0.024750 floor=0.029117 adapt=0.029117 lastPeak=0.000000 calib=0.029117 baseParam=0.000180 gateRatio=0.0550 envParam=0.000450
2025-12-08 03:02:06 [tracker] [s1] aubio-raw t=40.4281 onset=1.062660 env=0.000138 peak=0.000341 gain=1.000
2025-12-08 03:02:06 [tracker] [s1] onset-below-gate t=40.4281 env=0.000138 onset=1.062660 thresh=0.006000 baseline=0.029117 gate=0.001601 envFloor=0.024750 floor=0.029117 adapt=0.029117 lastPeak=0.000000 calib=0.029117 baseParam=0.000180 gateRatio=0.0550 envParam=0.000450
2025-12-08 03:02:06 [tracker] [s1] aubio-raw t=40.6174 onset=0.853569 env=0.000099 peak=0.000260 gain=1.000
2025-12-08 03:02:06 [tracker] [s1] onset-below-gate t=40.6174 env=0.000099 onset=0.853569 thresh=0.006000 baseline=0.029117 gate=0.001601 envFloor=0.024750 floor=0.029117 adapt=0.029117 lastPeak=0.000000 calib=0.029117 baseParam=0.000180 gateRatio=0.0550 envParam=0.000450
2025-12-08 03:02:07 [tracker] [s1] aubio-raw t=41.2174 onset=0.987843 env=0.000148 peak=0.000372 gain=1.000
2025-12-08 03:02:07 [tracker] [s1] onset-below-gate t=41.2174 env=0.000148 onset=0.987843 thresh=0.006000 baseline=0.029117 gate=0.001601 envFloor=0.024750 floor=0.029117 adapt=0.029117 lastPeak=0.000000 calib=0.029117 baseParam=0.000180 gateRatio=0.0550 envParam=0.000450
2025-12-08 03:02:07 [tracker] [s1] aubio-raw t=41.3587 onset=0.982852 env=0.000177 peak=0.000478 gain=1.000
2025-12-08 03:02:07 [tracker] [s1] onset-below-gate t=41.3587 env=0.000177 onset=0.982852 thresh=0.006000 baseline=0.029117 gate=0.001601 envFloor=0.024750 floor=0.029117 adapt=0.029117 lastPeak=0.000000 calib=0.029117 baseParam=0.000180 gateRatio=0.0550 envParam=0.000450
2025-12-08 03:02:07 [tracker] [s1] aubio-raw t=41.4760 onset=1.030338 env=0.000151 peak=0.000304 gain=1.000
2025-12-08 03:02:07 [tracker] [s1] onset-below-gate t=41.4760 env=0.000151 onset=1.030338 thresh=0.006000 baseline=0.029117 gate=0.001601 envFloor=0.024750 floor=0.029117 adapt=0.029117 lastPeak=0.000000 calib=0.029117 baseParam=0.000180 gateRatio=0.0550 envParam=0.000450
2025-12-08 03:02:08 [tracker] [s1] aubio-raw t=42.1746 onset=0.995608 env=0.000161 peak=0.000413 gain=1.000
2025-12-08 03:02:08 [tracker] [s1] onset-below-gate t=42.1746 env=0.000161 onset=0.995608 thresh=0.006000 baseline=0.029117 gate=0.001601 envFloor=0.024750 floor=0.029117 adapt=0.029117 lastPeak=0.000000 calib=0.029117 baseParam=0.000180 gateRatio=0.0550 envParam=0.000450
2025-12-08 03:02:08 [tracker] [s1] aubio-raw t=42.5986 onset=1.144274 env=0.000177 peak=0.000388 gain=1.000
2025-12-08 03:02:08 [tracker] [s1] onset-below-gate t=42.5986 env=0.000177 onset=1.144274 thresh=0.006000 baseline=0.029117 gate=0.001601 envFloor=0.024750 floor=0.029117 adapt=0.029117 lastPeak=0.000000 calib=0.029117 baseParam=0.000180 gateRatio=0.0550 envParam=0.000450
2025-12-08 03:02:09 [tracker] [s1] aubio-raw t=42.8732 onset=0.997107 env=0.000125 peak=0.000288 gain=1.000
2025-12-08 03:02:09 [tracker] [s1] onset-below-gate t=42.8732 env=0.000125 onset=0.997107 thresh=0.006000 baseline=0.029117 gate=0.001601 envFloor=0.024750 floor=0.029117 adapt=0.029117 lastPeak=0.000000 calib=0.029117 baseParam=0.000180 gateRatio=0.0550 envParam=0.000450
2025-12-08 03:02:09 [tracker] [s1] aubio-raw t=42.9932 onset=0.998615 env=0.000098 peak=0.000261 gain=1.000
2025-12-08 03:02:09 [tracker] [s1] onset-below-gate t=42.9932 env=0.000098 onset=0.998615 thresh=0.006000 baseline=0.029117 gate=0.001601 envFloor=0.024750 floor=0.029117 adapt=0.029117 lastPeak=0.000000 calib=0.029117 baseParam=0.000180 gateRatio=0.0550 envParam=0.000450
2025-12-08 03:02:09 [tracker] [s1] aubio-raw t=43.0812 onset=0.999054 env=0.000113 peak=0.000262 gain=1.000
2025-12-08 03:02:09 [tracker] [s1] onset-below-gate t=43.0812 env=0.000113 onset=0.999054 thresh=0.006000 baseline=0.029117 gate=0.001601 envFloor=0.024750 floor=0.029117 adapt=0.029117 lastPeak=0.000000 calib=0.029117 baseParam=0.000180 gateRatio=0.0550 envParam=0.000450
2025-12-08 03:02:09 [tracker] [s1] aubio-raw t=43.2012 onset=0.879583 env=0.000146 peak=0.000361 gain=1.000
2025-12-08 03:02:09 [tracker] [s1] onset-below-gate t=43.2012 env=0.000146 onset=0.879583 thresh=0.006000 baseline=0.029117 gate=0.001601 envFloor=0.024750 floor=0.029117 adapt=0.029117 lastPeak=0.000000 calib=0.029117 baseParam=0.000180 gateRatio=0.0550 envParam=0.000450
2025-12-08 03:02:09 [tracker] [s1] aubio-raw t=43.2679 onset=0.631235 env=0.000125 peak=0.000305 gain=1.000
2025-12-08 03:02:09 [tracker] [s1] onset-below-gate t=43.2679 env=0.000125 onset=0.631235 thresh=0.006000 baseline=0.029117 gate=0.001601 envFloor=0.024750 floor=0.029117 adapt=0.029117 lastPeak=0.000000 calib=0.029117 baseParam=0.000180 gateRatio=0.0550 envParam=0.000450
2025-12-08 03:02:09 [tracker] [s1] aubio-raw t=43.3532 onset=0.994012 env=0.000154 peak=0.000371 gain=1.000
2025-12-08 03:02:09 [tracker] [s1] onset-below-gate t=43.3532 env=0.000154 onset=0.994012 thresh=0.006000 baseline=0.029117 gate=0.001601 envFloor=0.024750 floor=0.029117 adapt=0.029117 lastPeak=0.000000 calib=0.029117 baseParam=0.000180 gateRatio=0.0550 envParam=0.000450
2025-12-08 03:02:09 [tracker] [s1] aubio-raw t=43.6865 onset=0.979793 env=0.000112 peak=0.000333 gain=1.000
2025-12-08 03:02:09 [tracker] [s1] onset-below-gate t=43.6865 env=0.000112 onset=0.979793 thresh=0.006000 baseline=0.029117 gate=0.001601 envFloor=0.024750 floor=0.029117 adapt=0.029117 lastPeak=0.000000 calib=0.029117 baseParam=0.000180 gateRatio=0.0550 envParam=0.000450
2025-12-08 03:02:09 [tracker] [s1] aubio-raw t=43.7612 onset=0.868348 env=0.000096 peak=0.000247 gain=1.000
2025-12-08 03:02:09 [tracker] [s1] onset-below-gate t=43.7612 env=0.000096 onset=0.868348 thresh=0.006000 baseline=0.029117 gate=0.001601 envFloor=0.024750 floor=0.029117 adapt=0.029117 lastPeak=0.000000 calib=0.029117 baseParam=0.000180 gateRatio=0.0550 envParam=0.000450
2025-12-08 03:02:10 [tracker] [s1] aubio-raw t=44.3531 onset=0.961201 env=0.000117 peak=0.000360 gain=1.000
2025-12-08 03:02:10 [tracker] [s1] onset-below-gate t=44.3531 env=0.000117 onset=0.961201 thresh=0.006000 baseline=0.029117 gate=0.001601 envFloor=0.024750 floor=0.029117 adapt=0.029117 lastPeak=0.000000 calib=0.029117 baseParam=0.000180 gateRatio=0.0550 envParam=0.000450
2025-12-08 03:02:10 [tracker] [s1] aubio-raw t=44.4331 onset=1.210057 env=0.000169 peak=0.000338 gain=1.000
2025-12-08 03:02:10 [tracker] [s1] onset-below-gate t=44.4331 env=0.000169 onset=1.210057 thresh=0.006000 baseline=0.029117 gate=0.001601 envFloor=0.024750 floor=0.029117 adapt=0.029117 lastPeak=0.000000 calib=0.029117 baseParam=0.000180 gateRatio=0.0550 envParam=0.000450
2025-12-08 03:02:11 [tracker] [s1] aubio-raw t=45.2517 onset=1.061528 env=0.000117 peak=0.000275 gain=1.000
2025-12-08 03:02:11 [tracker] [s1] onset-below-gate t=45.2517 env=0.000117 onset=1.061528 thresh=0.006000 baseline=0.029117 gate=0.001601 envFloor=0.024750 floor=0.029117 adapt=0.029117 lastPeak=0.000000 calib=0.029117 baseParam=0.000180 gateRatio=0.0550 envParam=0.000450
2025-12-08 03:02:11 [tracker] [s1] aubio-raw t=45.5504 onset=1.240589 env=0.000154 peak=0.000316 gain=1.000
2025-12-08 03:02:11 [tracker] [s1] onset-below-gate t=45.5504 env=0.000154 onset=1.240589 thresh=0.006000 baseline=0.029117 gate=0.001601 envFloor=0.024750 floor=0.029117 adapt=0.029117 lastPeak=0.000000 calib=0.029117 baseParam=0.000180 gateRatio=0.0550 envParam=0.000450
2025-12-08 03:02:11 [tracker] [s1] aubio-raw t=45.7237 onset=1.404928 env=0.000079 peak=0.000189 gain=1.000
2025-12-08 03:02:11 [tracker] [s1] onset-below-gate t=45.7237 env=0.000079 onset=1.404928 thresh=0.006000 baseline=0.029117 gate=0.001601 envFloor=0.024750 floor=0.029117 adapt=0.029117 lastPeak=0.000000 calib=0.029117 baseParam=0.000180 gateRatio=0.0550 envParam=0.000450
2025-12-08 03:02:12 [tracker] [s1] aubio-raw t=45.8090 onset=0.651555 env=0.000098 peak=0.000253 gain=1.000
2025-12-08 03:02:12 [tracker] [s1] onset-below-gate t=45.8090 env=0.000098 onset=0.651555 thresh=0.006000 baseline=0.029117 gate=0.001601 envFloor=0.024750 floor=0.029117 adapt=0.029117 lastPeak=0.000000 calib=0.029117 baseParam=0.000180 gateRatio=0.0550 envParam=0.000450
2025-12-08 03:02:12 [tracker] [s1] aubio-raw t=46.1077 onset=0.996430 env=0.000136 peak=0.000317 gain=1.000
2025-12-08 03:02:12 [tracker] [s1] onset-below-gate t=46.1077 env=0.000136 onset=0.996430 thresh=0.006000 baseline=0.029117 gate=0.001601 envFloor=0.024750 floor=0.029117 adapt=0.029117 lastPeak=0.000000 calib=0.029117 baseParam=0.000180 gateRatio=0.0550 envParam=0.000450
2025-12-08 03:02:12 [tracker] [s1] aubio-raw t=46.5130 onset=0.998075 env=0.000104 peak=0.000232 gain=1.000
2025-12-08 03:02:12 [tracker] [s1] onset-below-gate t=46.5130 env=0.000104 onset=0.998075 thresh=0.006000 baseline=0.029117 gate=0.001601 envFloor=0.024750 floor=0.029117 adapt=0.029117 lastPeak=0.000000 calib=0.029117 baseParam=0.000180 gateRatio=0.0550 envParam=0.000450
2025-12-08 03:02:13 [tracker] [s1] aubio-raw t=46.8063 onset=1.114043 env=0.000124 peak=0.000316 gain=1.000
2025-12-08 03:02:13 [tracker] [s1] onset-below-gate t=46.8063 env=0.000124 onset=1.114043 thresh=0.006000 baseline=0.029117 gate=0.001601 envFloor=0.024750 floor=0.029117 adapt=0.029117 lastPeak=0.000000 calib=0.029117 baseParam=0.000180 gateRatio=0.0550 envParam=0.000450
2025-12-08 03:02:13 [tracker] [s1] aubio-raw t=46.8676 onset=0.996626 env=0.000116 peak=0.000342 gain=1.000
2025-12-08 03:02:13 [tracker] [s1] onset-below-gate t=46.8676 env=0.000116 onset=0.996626 thresh=0.006000 baseline=0.029117 gate=0.001601 envFloor=0.024750 floor=0.029117 adapt=0.029117 lastPeak=0.000000 calib=0.029117 baseParam=0.000180 gateRatio=0.0550 envParam=0.000450
2025-12-08 03:02:13 [tracker] [s1] aubio-raw t=47.0463 onset=1.211427 env=0.000098 peak=0.000273 gain=1.000
2025-12-08 03:02:13 [tracker] [s1] onset-below-gate t=47.0463 env=0.000098 onset=1.211427 thresh=0.006000 baseline=0.029117 gate=0.001601 envFloor=0.024750 floor=0.029117 adapt=0.029117 lastPeak=0.000000 calib=0.029117 baseParam=0.000180 gateRatio=0.0550 envParam=0.000450
2025-12-08 03:02:13 [tracker] [s1] aubio-raw t=47.1663 onset=1.147141 env=0.000119 peak=0.000246 gain=1.000
2025-12-08 03:02:13 [tracker] [s1] onset-below-gate t=47.1663 env=0.000119 onset=1.147141 thresh=0.006000 baseline=0.029117 gate=0.001601 envFloor=0.024750 floor=0.029117 adapt=0.029117 lastPeak=0.000000 calib=0.029117 baseParam=0.000180 gateRatio=0.0550 envParam=0.000450
2025-12-08 03:02:13 [tracker] [s1] aubio-raw t=47.2809 onset=1.414694 env=0.000132 peak=0.000348 gain=1.000
2025-12-08 03:02:13 [tracker] [s1] onset-below-gate t=47.2809 env=0.000132 onset=1.414694 thresh=0.006000 baseline=0.029117 gate=0.001601 envFloor=0.024750 floor=0.029117 adapt=0.029117 lastPeak=0.000000 calib=0.029117 baseParam=0.000180 gateRatio=0.0550 envParam=0.000450
2025-12-08 03:02:14 [tracker] [s1] aubio-raw t=47.8062 onset=1.268057 env=0.000119 peak=0.000304 gain=1.000
2025-12-08 03:02:14 [tracker] [s1] onset-below-gate t=47.8062 env=0.000119 onset=1.268057 thresh=0.006000 baseline=0.029117 gate=0.001601 envFloor=0.024750 floor=0.029117 adapt=0.029117 lastPeak=0.000000 calib=0.029117 baseParam=0.000180 gateRatio=0.0550 envParam=0.000450
2025-12-08 03:02:14 [tracker] [s1] aubio-raw t=47.9395 onset=1.153398 env=0.000114 peak=0.000255 gain=1.000
2025-12-08 03:02:14 [tracker] [s1] onset-below-gate t=47.9395 env=0.000114 onset=1.153398 thresh=0.006000 baseline=0.029117 gate=0.001601 envFloor=0.024750 floor=0.029117 adapt=0.029117 lastPeak=0.000000 calib=0.029117 baseParam=0.000180 gateRatio=0.0550 envParam=0.000450
2025-12-08 03:02:14 [tracker] [s1] aubio-raw t=48.0462 onset=0.994214 env=0.000085 peak=0.000216 gain=1.000
2025-12-08 03:02:14 [tracker] [s1] onset-below-gate t=48.0462 env=0.000085 onset=0.994214 thresh=0.006000 baseline=0.029117 gate=0.001601 envFloor=0.024750 floor=0.029117 adapt=0.029117 lastPeak=0.000000 calib=0.029117 baseParam=0.000180 gateRatio=0.0550 envParam=0.000450
2025-12-08 03:02:14 [tracker] [s1] aubio-raw t=48.5928 onset=0.957546 env=0.000092 peak=0.000286 gain=1.000
2025-12-08 03:02:14 [tracker] [s1] onset-below-gate t=48.5928 env=0.000092 onset=0.957546 thresh=0.006000 baseline=0.029117 gate=0.001601 envFloor=0.024750 floor=0.029117 adapt=0.029117 lastPeak=0.000000 calib=0.029117 baseParam=0.000180 gateRatio=0.0550 envParam=0.000450
2025-12-08 03:02:14 [tracker] [s1] aubio-raw t=48.7448 onset=0.837893 env=0.000092 peak=0.000255 gain=1.000
2025-12-08 03:02:14 [tracker] [s1] onset-below-gate t=48.7448 env=0.000092 onset=0.837893 thresh=0.006000 baseline=0.029117 gate=0.001601 envFloor=0.024750 floor=0.029117 adapt=0.029117 lastPeak=0.000000 calib=0.029117 baseParam=0.000180 gateRatio=0.0550 envParam=0.000450
2025-12-08 03:02:15 [tracker] [s1] aubio-raw t=48.8141 onset=0.990792 env=0.000086 peak=0.000194 gain=1.000
2025-12-08 03:02:15 [tracker] [s1] onset-below-gate t=48.8141 env=0.000086 onset=0.990792 thresh=0.006000 baseline=0.029117 gate=0.001601 envFloor=0.024750 floor=0.029117 adapt=0.029117 lastPeak=0.000000 calib=0.029117 baseParam=0.000180 gateRatio=0.0550 envParam=0.000450
2025-12-08 03:02:15 [tracker] [s1] aubio-raw t=49.0888 onset=0.998749 env=0.000108 peak=0.000277 gain=1.000
2025-12-08 03:02:15 [tracker] [s1] onset-below-gate t=49.0888 env=0.000108 onset=0.998749 thresh=0.006000 baseline=0.029117 gate=0.001601 envFloor=0.024750 floor=0.029117 adapt=0.029117 lastPeak=0.000000 calib=0.029117 baseParam=0.000180 gateRatio=0.0550 envParam=0.000450
2025-12-08 03:02:15 [tracker] [s1] aubio-raw t=49.6061 onset=0.965984 env=0.000101 peak=0.000272 gain=1.000
2025-12-08 03:02:15 [tracker] [s1] onset-below-gate t=49.6061 env=0.000101 onset=0.965984 thresh=0.006000 baseline=0.029117 gate=0.001601 envFloor=0.024750 floor=0.029117 adapt=0.029117 lastPeak=0.000000 calib=0.029117 baseParam=0.000180 gateRatio=0.0550 envParam=0.000450
2025-12-08 03:02:15 [tracker] [s1] aubio-raw t=49.7314 onset=0.866627 env=0.000134 peak=0.000289 gain=1.000
2025-12-08 03:02:15 [tracker] [s1] onset-below-gate t=49.7314 env=0.000134 onset=0.866627 thresh=0.006000 baseline=0.029117 gate=0.001601 envFloor=0.024750 floor=0.029117 adapt=0.029117 lastPeak=0.000000 calib=0.029117 baseParam=0.000180 gateRatio=0.0550 envParam=0.000450
2025-12-08 03:02:16 [tracker] [s1] aubio-raw t=50.1234 onset=1.183176 env=0.000121 peak=0.000345 gain=1.000
2025-12-08 03:02:16 [tracker] [s1] onset-below-gate t=50.1234 env=0.000121 onset=1.183176 thresh=0.006000 baseline=0.029117 gate=0.001601 envFloor=0.024750 floor=0.029117 adapt=0.029117 lastPeak=0.000000 calib=0.029117 baseParam=0.000180 gateRatio=0.0550 envParam=0.000450
2025-12-08 03:02:16 [tracker] [s1] aubio-raw t=50.3794 onset=0.904754 env=0.000091 peak=0.000283 gain=1.000
2025-12-08 03:02:16 [tracker] [s1] onset-below-gate t=50.3794 env=0.000091 onset=0.904754 thresh=0.006000 baseline=0.029117 gate=0.001601 envFloor=0.024750 floor=0.029117 adapt=0.029117 lastPeak=0.000000 calib=0.029117 baseParam=0.000180 gateRatio=0.0550 envParam=0.000450
2025-12-08 03:02:16 [tracker] [s1] aubio-raw t=50.4860 onset=1.297280 env=0.000142 peak=0.000380 gain=1.000
2025-12-08 03:02:16 [tracker] [s1] onset-below-gate t=50.4860 env=0.000142 onset=1.297280 thresh=0.006000 baseline=0.029117 gate=0.001601 envFloor=0.024750 floor=0.029117 adapt=0.029117 lastPeak=0.000000 calib=0.029117 baseParam=0.000180 gateRatio=0.0550 envParam=0.000450
2025-12-08 03:02:16 [tracker] [s1] aubio-raw t=50.6167 onset=1.125142 env=0.000101 peak=0.000225 gain=1.000
2025-12-08 03:02:16 [tracker] [s1] onset-below-gate t=50.6167 env=0.000101 onset=1.125142 thresh=0.006000 baseline=0.029117 gate=0.001601 envFloor=0.024750 floor=0.029117 adapt=0.029117 lastPeak=0.000000 calib=0.029117 baseParam=0.000180 gateRatio=0.0550 envParam=0.000450
2025-12-08 03:02:17 [tracker] [s1] aubio-raw t=50.7873 onset=1.007331 env=0.000092 peak=0.000285 gain=1.000
2025-12-08 03:02:17 [tracker] [s1] onset-below-gate t=50.7873 env=0.000092 onset=1.007331 thresh=0.006000 baseline=0.029117 gate=0.001601 envFloor=0.024750 floor=0.029117 adapt=0.029117 lastPeak=0.000000 calib=0.029117 baseParam=0.000180 gateRatio=0.0550 envParam=0.000450
2025-12-08 03:02:17 [tracker] [s1] aubio-raw t=50.9873 onset=0.982463 env=0.000114 peak=0.000273 gain=1.000
2025-12-08 03:02:17 [tracker] [s1] onset-below-gate t=50.9873 env=0.000114 onset=0.982463 thresh=0.006000 baseline=0.029117 gate=0.001601 envFloor=0.024750 floor=0.029117 adapt=0.029117 lastPeak=0.000000 calib=0.029117 baseParam=0.000180 gateRatio=0.0550 envParam=0.000450
2025-12-08 03:02:17 [tracker] [s1] aubio-raw t=51.3366 onset=1.061820 env=0.000182 peak=0.000442 gain=1.000
2025-12-08 03:02:17 [tracker] [s1] onset-below-gate t=51.3366 env=0.000182 onset=1.061820 thresh=0.006000 baseline=0.029117 gate=0.001601 envFloor=0.024750 floor=0.029117 adapt=0.029117 lastPeak=0.000000 calib=0.029117 baseParam=0.000180 gateRatio=0.0550 envParam=0.000450
2025-12-08 03:02:17 [tracker] [s1] aubio-raw t=51.4806 onset=0.994890 env=0.000135 peak=0.000393 gain=1.000
2025-12-08 03:02:17 [tracker] [s1] onset-below-gate t=51.4806 env=0.000135 onset=0.994890 thresh=0.006000 baseline=0.029117 gate=0.001601 envFloor=0.024750 floor=0.029117 adapt=0.029117 lastPeak=0.000000 calib=0.029117 baseParam=0.000180 gateRatio=0.0550 envParam=0.000450
2025-12-08 03:02:17 [tracker] [s1] aubio-raw t=51.5393 onset=0.521596 env=0.000155 peak=0.000451 gain=1.000
2025-12-08 03:02:17 [tracker] [s1] onset-below-gate t=51.5393 env=0.000155 onset=0.521596 thresh=0.006000 baseline=0.029117 gate=0.001601 envFloor=0.024750 floor=0.029117 adapt=0.029117 lastPeak=0.000000 calib=0.029117 baseParam=0.000180 gateRatio=0.0550 envParam=0.000450
2025-12-08 03:02:18 [tracker] [s1] aubio-raw t=52.2272 onset=0.546964 env=0.000113 peak=0.000340 gain=1.000
2025-12-08 03:02:18 [tracker] [s1] onset-below-gate t=52.2272 env=0.000113 onset=0.546964 thresh=0.006000 baseline=0.029117 gate=0.001601 envFloor=0.024750 floor=0.029117 adapt=0.029117 lastPeak=0.000000 calib=0.029117 baseParam=0.000180 gateRatio=0.0550 envParam=0.000450
2025-12-08 03:02:18 [tracker] [s1] aubio-raw t=52.5819 onset=0.998942 env=0.000111 peak=0.000241 gain=1.000
2025-12-08 03:02:18 [tracker] [s1] onset-below-gate t=52.5819 env=0.000111 onset=0.998942 thresh=0.006000 baseline=0.029117 gate=0.001601 envFloor=0.024750 floor=0.029117 adapt=0.029117 lastPeak=0.000000 calib=0.029117 baseParam=0.000180 gateRatio=0.0550 envParam=0.000450
2025-12-08 03:02:19 [tracker] [s1] aubio-raw t=52.7738 onset=0.997392 env=0.000135 peak=0.000348 gain=1.000
2025-12-08 03:02:19 [tracker] [s1] onset-below-gate t=52.7738 env=0.000135 onset=0.997392 thresh=0.006000 baseline=0.029117 gate=0.001601 envFloor=0.024750 floor=0.029117 adapt=0.029117 lastPeak=0.000000 calib=0.029117 baseParam=0.000180 gateRatio=0.0550 envParam=0.000450
2025-12-08 03:02:19 [tracker] [s1] aubio-raw t=52.9552 onset=1.210977 env=0.000153 peak=0.000361 gain=1.000
2025-12-08 03:02:19 [tracker] [s1] onset-below-gate t=52.9552 env=0.000153 onset=1.210977 thresh=0.006000 baseline=0.029117 gate=0.001601 envFloor=0.024750 floor=0.029117 adapt=0.029117 lastPeak=0.000000 calib=0.029117 baseParam=0.000180 gateRatio=0.0550 envParam=0.000450
2025-12-08 03:02:20 [tracker] [s1] aubio-raw t=53.8964 onset=1.402758 env=0.000107 peak=0.000304 gain=1.000
2025-12-08 03:02:20 [tracker] [s1] onset-below-gate t=53.8964 env=0.000107 onset=1.402758 thresh=0.006000 baseline=0.029117 gate=0.001601 envFloor=0.024750 floor=0.029117 adapt=0.029117 lastPeak=0.000000 calib=0.029117 baseParam=0.000180 gateRatio=0.0550 envParam=0.000450
2025-12-08 03:02:20 [tracker] [s1] aubio-raw t=54.1391 onset=0.788683 env=0.000103 peak=0.000236 gain=1.000
2025-12-08 03:02:20 [tracker] [s1] onset-below-gate t=54.1391 env=0.000103 onset=0.788683 thresh=0.006000 baseline=0.029117 gate=0.001601 envFloor=0.024750 floor=0.029117 adapt=0.029117 lastPeak=0.000000 calib=0.029117 baseParam=0.000180 gateRatio=0.0550 envParam=0.000450
2025-12-08 03:02:20 [tracker] [s1] aubio-raw t=54.3444 onset=1.045913 env=0.000119 peak=0.000341 gain=1.000
2025-12-08 03:02:20 [tracker] [s1] onset-below-gate t=54.3444 env=0.000119 onset=1.045913 thresh=0.006000 baseline=0.029117 gate=0.001601 envFloor=0.024750 floor=0.029117 adapt=0.029117 lastPeak=0.000000 calib=0.029117 baseParam=0.000180 gateRatio=0.0550 envParam=0.000450
2025-12-08 03:02:20 [tracker] [s1] aubio-raw t=54.4831 onset=0.999804 env=0.000094 peak=0.000258 gain=1.000
2025-12-08 03:02:20 [tracker] [s1] onset-below-gate t=54.4831 env=0.000094 onset=0.999804 thresh=0.006000 baseline=0.029117 gate=0.001601 envFloor=0.024750 floor=0.029117 adapt=0.029117 lastPeak=0.000000 calib=0.029117 baseParam=0.000180 gateRatio=0.0550 envParam=0.000450
2025-12-08 03:02:20 [tracker] [s1] aubio-raw t=54.5471 onset=1.004807 env=0.000130 peak=0.000326 gain=1.000
2025-12-08 03:02:20 [tracker] [s1] onset-below-gate t=54.5471 env=0.000130 onset=1.004807 thresh=0.006000 baseline=0.029117 gate=0.001601 envFloor=0.024750 floor=0.029117 adapt=0.029117 lastPeak=0.000000 calib=0.029117 baseParam=0.000180 gateRatio=0.0550 envParam=0.000450
2025-12-08 03:02:20 [tracker] [s1] aubio-raw t=54.6057 onset=1.129256 env=0.000089 peak=0.000232 gain=1.000
2025-12-08 03:02:20 [tracker] [s1] onset-below-gate t=54.6057 env=0.000089 onset=1.129256 thresh=0.006000 baseline=0.029117 gate=0.001601 envFloor=0.024750 floor=0.029117 adapt=0.029117 lastPeak=0.000000 calib=0.029117 baseParam=0.000180 gateRatio=0.0550 envParam=0.000450
2025-12-08 03:02:20 [tracker] [s1] aubio-raw t=54.6617 onset=0.996060 env=0.000105 peak=0.000307 gain=1.000
2025-12-08 03:02:20 [tracker] [s1] onset-below-gate t=54.6617 env=0.000105 onset=0.996060 thresh=0.006000 baseline=0.029117 gate=0.001601 envFloor=0.024750 floor=0.029117 adapt=0.029117 lastPeak=0.000000 calib=0.029117 baseParam=0.000180 gateRatio=0.0550 envParam=0.000450
2025-12-08 03:02:20 [tracker] [s1] aubio-raw t=54.7150 onset=0.995997 env=0.000172 peak=0.000433 gain=1.000
2025-12-08 03:02:20 [tracker] [s1] onset-below-gate t=54.7150 env=0.000172 onset=0.995997 thresh=0.006000 baseline=0.029117 gate=0.001601 envFloor=0.024750 floor=0.029117 adapt=0.029117 lastPeak=0.000000 calib=0.029117 baseParam=0.000180 gateRatio=0.0550 envParam=0.000450
2025-12-08 03:02:21 [tracker] [s1] aubio-raw t=55.1337 onset=1.095591 env=0.000126 peak=0.000362 gain=1.000
2025-12-08 03:02:21 [tracker] [s1] onset-below-gate t=55.1337 env=0.000126 onset=1.095591 thresh=0.006000 baseline=0.029117 gate=0.001601 envFloor=0.024750 floor=0.029117 adapt=0.029117 lastPeak=0.000000 calib=0.029117 baseParam=0.000180 gateRatio=0.0550 envParam=0.000450
2025-12-08 03:02:21 [tracker] [s1] aubio-raw t=55.3683 onset=1.093038 env=0.000145 peak=0.000340 gain=1.000
2025-12-08 03:02:21 [tracker] [s1] onset-below-gate t=55.3683 env=0.000145 onset=1.093038 thresh=0.006000 baseline=0.029117 gate=0.001601 envFloor=0.024750 floor=0.029117 adapt=0.029117 lastPeak=0.000000 calib=0.029117 baseParam=0.000180 gateRatio=0.0550 envParam=0.000450
2025-12-08 03:02:22 [tracker] [s1] aubio-raw t=55.8883 onset=0.998813 env=0.000094 peak=0.000240 gain=1.000
2025-12-08 03:02:22 [tracker] [s1] onset-below-gate t=55.8883 env=0.000094 onset=0.998813 thresh=0.006000 baseline=0.029117 gate=0.001601 envFloor=0.024750 floor=0.029117 adapt=0.029117 lastPeak=0.000000 calib=0.029117 baseParam=0.000180 gateRatio=0.0550 envParam=0.000450
2025-12-08 03:02:22 [tracker] [s1] aubio-raw t=56.1496 onset=0.800756 env=0.000105 peak=0.000264 gain=1.000
2025-12-08 03:02:22 [tracker] [s1] onset-below-gate t=56.1496 env=0.000105 onset=0.800756 thresh=0.006000 baseline=0.029117 gate=0.001601 envFloor=0.024750 floor=0.029117 adapt=0.029117 lastPeak=0.000000 calib=0.029117 baseParam=0.000180 gateRatio=0.0550 envParam=0.000450
2025-12-08 03:02:22 [tracker] [s1] aubio-raw t=56.6082 onset=1.326663 env=0.000133 peak=0.000366 gain=1.000
2025-12-08 03:02:22 [tracker] [s1] onset-below-gate t=56.6082 env=0.000133 onset=1.326663 thresh=0.006000 baseline=0.029117 gate=0.001601 envFloor=0.024750 floor=0.029117 adapt=0.029117 lastPeak=0.000000 calib=0.029117 baseParam=0.000180 gateRatio=0.0550 envParam=0.000450
2025-12-08 03:02:22 [tracker] [s1] aubio-raw t=56.6802 onset=1.454012 env=0.000106 peak=0.000310 gain=1.000
2025-12-08 03:02:22 [tracker] [s1] onset-below-gate t=56.6802 env=0.000106 onset=1.454012 thresh=0.006000 baseline=0.029117 gate=0.001601 envFloor=0.024750 floor=0.029117 adapt=0.029117 lastPeak=0.000000 calib=0.029117 baseParam=0.000180 gateRatio=0.0550 envParam=0.000450
2025-12-08 03:02:23 [tracker] [s1] aubio-raw t=56.9469 onset=1.062247 env=0.000153 peak=0.000377 gain=1.000
2025-12-08 03:02:23 [tracker] [s1] onset-below-gate t=56.9469 env=0.000153 onset=1.062247 thresh=0.006000 baseline=0.029117 gate=0.001601 envFloor=0.024750 floor=0.029117 adapt=0.029117 lastPeak=0.000000 calib=0.029117 baseParam=0.000180 gateRatio=0.0550 envParam=0.000450
2025-12-08 03:02:23 [tracker] [s1] aubio-raw t=57.1175 onset=0.795215 env=0.000113 peak=0.000371 gain=1.000
2025-12-08 03:02:23 [tracker] [s1] onset-below-gate t=57.1175 env=0.000113 onset=0.795215 thresh=0.006000 baseline=0.029117 gate=0.001601 envFloor=0.024750 floor=0.029117 adapt=0.029117 lastPeak=0.000000 calib=0.029117 baseParam=0.000180 gateRatio=0.0550 envParam=0.000450
2025-12-08 03:02:23 [tracker] [s1] aubio-raw t=57.2189 onset=0.732670 env=0.000138 peak=0.000328 gain=1.000
2025-12-08 03:02:23 [tracker] [s1] onset-below-gate t=57.2189 env=0.000138 onset=0.732670 thresh=0.006000 baseline=0.029117 gate=0.001601 envFloor=0.024750 floor=0.029117 adapt=0.029117 lastPeak=0.000000 calib=0.029117 baseParam=0.000180 gateRatio=0.0550 envParam=0.000450
2025-12-08 03:02:23 [tracker] [s1] aubio-raw t=57.3149 onset=0.839234 env=0.000124 peak=0.000318 gain=1.000
2025-12-08 03:02:23 [tracker] [s1] onset-below-gate t=57.3149 env=0.000124 onset=0.839234 thresh=0.006000 baseline=0.029117 gate=0.001601 envFloor=0.024750 floor=0.029117 adapt=0.029117 lastPeak=0.000000 calib=0.029117 baseParam=0.000180 gateRatio=0.0550 envParam=0.000450
2025-12-08 03:02:23 [tracker] [s1] aubio-raw t=57.7095 onset=1.293086 env=0.000116 peak=0.000323 gain=1.000
2025-12-08 03:02:23 [tracker] [s1] onset-below-gate t=57.7095 env=0.000116 onset=1.293086 thresh=0.006000 baseline=0.029117 gate=0.001601 envFloor=0.024750 floor=0.029117 adapt=0.029117 lastPeak=0.000000 calib=0.029117 baseParam=0.000180 gateRatio=0.0550 envParam=0.000450
2025-12-08 03:02:24 [tracker] [s1] aubio-raw t=58.0588 onset=1.042098 env=0.000094 peak=0.000248 gain=1.000
2025-12-08 03:02:24 [tracker] [s1] aubio-raw t=58.1788 onset=1.162348 env=0.000131 peak=0.000330 gain=1.000
2025-12-08 03:02:24 [tracker] [s1] onset-below-gate t=58.1788 env=0.000131 onset=1.162348 thresh=0.006000 baseline=0.029117 gate=0.001601 envFloor=0.024750 floor=0.029117 adapt=0.029117 lastPeak=0.000000 calib=0.029117 baseParam=0.000180 gateRatio=0.0550 envParam=0.000450
2025-12-08 03:02:24 [tracker] [s1] aubio-raw t=58.3414 onset=0.600573 env=0.000140 peak=0.000330 gain=1.000
2025-12-08 03:02:24 [tracker] [s1] onset-below-gate t=58.3414 env=0.000140 onset=0.600573 thresh=0.006000 baseline=0.029117 gate=0.001601 envFloor=0.024750 floor=0.029117 adapt=0.029117 lastPeak=0.000000 calib=0.029117 baseParam=0.000180 gateRatio=0.0550 envParam=0.000450
2025-12-08 03:02:24 [tracker] [s1] aubio-raw t=58.5868 onset=1.014907 env=0.000142 peak=0.000438 gain=1.000
2025-12-08 03:02:24 [tracker] [s1] onset-below-gate t=58.5868 env=0.000142 onset=1.014907 thresh=0.006000 baseline=0.029117 gate=0.001601 envFloor=0.024750 floor=0.029117 adapt=0.029117 lastPeak=0.000000 calib=0.029117 baseParam=0.000180 gateRatio=0.0550 envParam=0.000450
2025-12-08 03:02:24 [tracker] [s1] aubio-raw t=58.7627 onset=0.997894 env=0.000123 peak=0.000355 gain=1.000
2025-12-08 03:02:24 [tracker] [s1] onset-below-gate t=58.7627 env=0.000123 onset=0.997894 thresh=0.006000 baseline=0.029117 gate=0.001601 envFloor=0.024750 floor=0.029117 adapt=0.029117 lastPeak=0.000000 calib=0.029117 baseParam=0.000180 gateRatio=0.0550 envParam=0.000450
2025-12-08 03:02:25 [tracker] [s1] aubio-raw t=58.8881 onset=1.107945 env=0.000109 peak=0.000252 gain=1.000
2025-12-08 03:02:25 [tracker] [s1] onset-below-gate t=58.8881 env=0.000109 onset=1.107945 thresh=0.006000 baseline=0.029117 gate=0.001601 envFloor=0.024750 floor=0.029117 adapt=0.029117 lastPeak=0.000000 calib=0.029117 baseParam=0.000180 gateRatio=0.0550 envParam=0.000450
2025-12-08 03:02:25 [tracker] [s1] aubio-raw t=59.0294 onset=1.167507 env=0.000119 peak=0.000321 gain=1.000
2025-12-08 03:02:25 [tracker] [s1] onset-below-gate t=59.0294 env=0.000119 onset=1.167507 thresh=0.006000 baseline=0.029117 gate=0.001601 envFloor=0.024750 floor=0.029117 adapt=0.029117 lastPeak=0.000000 calib=0.029117 baseParam=0.000180 gateRatio=0.0550 envParam=0.000450
2025-12-08 03:02:25 [tracker] [s1] aubio-raw t=59.1414 onset=0.903080 env=0.000139 peak=0.000341 gain=1.000
2025-12-08 03:02:25 [tracker] [s1] onset-below-gate t=59.1414 env=0.000139 onset=0.903080 thresh=0.006000 baseline=0.029117 gate=0.001601 envFloor=0.024750 floor=0.029117 adapt=0.029117 lastPeak=0.000000 calib=0.029117 baseParam=0.000180 gateRatio=0.0550 envParam=0.000450
2025-12-08 03:02:25 [tracker] [s1] aubio-raw t=59.2054 onset=1.003648 env=0.000101 peak=0.000296 gain=1.000
2025-12-08 03:02:25 [tracker] [s1] onset-below-gate t=59.2054 env=0.000101 onset=1.003648 thresh=0.006000 baseline=0.029117 gate=0.001601 envFloor=0.024750 floor=0.029117 adapt=0.029117 lastPeak=0.000000 calib=0.029117 baseParam=0.000180 gateRatio=0.0550 envParam=0.000450
2025-12-08 03:02:25 [tracker] [s1] aubio-raw t=59.4534 onset=1.060760 env=0.000115 peak=0.000327 gain=1.000
2025-12-08 03:02:25 [tracker] [s1] onset-below-gate t=59.4534 env=0.000115 onset=1.060760 thresh=0.006000 baseline=0.029117 gate=0.001601 envFloor=0.024750 floor=0.029117 adapt=0.029117 lastPeak=0.000000 calib=0.029117 baseParam=0.000180 gateRatio=0.0550 envParam=0.000450
2025-12-08 03:02:25 [tracker] [s1] aubio-raw t=59.6640 onset=0.993676 env=0.000109 peak=0.000302 gain=1.000
2025-12-08 03:02:25 [tracker] [s1] onset-below-gate t=59.6640 env=0.000109 onset=0.993676 thresh=0.006000 baseline=0.029117 gate=0.001601 envFloor=0.024750 floor=0.029117 adapt=0.029117 lastPeak=0.000000 calib=0.029117 baseParam=0.000180 gateRatio=0.0550 envParam=0.000450
2025-12-08 03:02:25 [tracker] [s1] aubio-raw t=59.7360 onset=1.283666 env=0.000158 peak=0.000354 gain=1.000
2025-12-08 03:02:25 [tracker] [s1] onset-below-gate t=59.7360 env=0.000158 onset=1.283666 thresh=0.006000 baseline=0.029117 gate=0.001601 envFloor=0.024750 floor=0.029117 adapt=0.029117 lastPeak=0.000000 calib=0.029117 baseParam=0.000180 gateRatio=0.0550 envParam=0.000450
2025-12-08 03:02:26 [tracker] [s1] aubio-raw t=60.1040 onset=1.068632 env=0.000117 peak=0.000276 gain=1.000
2025-12-08 03:02:26 [tracker] [s1] onset-below-gate t=60.1040 env=0.000117 onset=1.068632 thresh=0.006000 baseline=0.029117 gate=0.001601 envFloor=0.024750 floor=0.029117 adapt=0.029117 lastPeak=0.000000 calib=0.029117 baseParam=0.000180 gateRatio=0.0550 envParam=0.000450
2025-12-08 03:02:26 [tracker] [s1] aubio-raw t=60.3146 onset=0.937463 env=0.000122 peak=0.000310 gain=1.000
2025-12-08 03:02:26 [tracker] [s1] onset-below-gate t=60.3146 env=0.000122 onset=0.937463 thresh=0.006000 baseline=0.029117 gate=0.001601 envFloor=0.024750 floor=0.029117 adapt=0.029117 lastPeak=0.000000 calib=0.029117 baseParam=0.000180 gateRatio=0.0550 envParam=0.000450
2025-12-08 03:02:26 [tracker] [s1] aubio-raw t=60.5706 onset=1.081901 env=0.000144 peak=0.000308 gain=1.000
2025-12-08 03:02:26 [tracker] [s1] onset-below-gate t=60.5706 env=0.000144 onset=1.081901 thresh=0.006000 baseline=0.029117 gate=0.001601 envFloor=0.024750 floor=0.029117 adapt=0.029117 lastPeak=0.000000 calib=0.029117 baseParam=0.000180 gateRatio=0.0550 envParam=0.000450
2025-12-08 03:02:27 [tracker] [s1] aubio-raw t=61.1386 onset=1.253413 env=0.000074 peak=0.000197 gain=1.000
2025-12-08 03:02:27 [tracker] [s1] onset-below-gate t=61.1386 env=0.000074 onset=1.253413 thresh=0.006000 baseline=0.029117 gate=0.001601 envFloor=0.024750 floor=0.029117 adapt=0.029117 lastPeak=0.000000 calib=0.029117 baseParam=0.000180 gateRatio=0.0550 envParam=0.000450
2025-12-08 03:02:27 [tracker] [s1] aubio-raw t=61.2079 onset=1.493206 env=0.000102 peak=0.000303 gain=1.000
2025-12-08 03:02:27 [tracker] [s1] onset-below-gate t=61.2079 env=0.000102 onset=1.493206 thresh=0.006000 baseline=0.029117 gate=0.001601 envFloor=0.024750 floor=0.029117 adapt=0.029117 lastPeak=0.000000 calib=0.029117 baseParam=0.000180 gateRatio=0.0550 envParam=0.000450
2025-12-08 03:02:27 [tracker] [s1] aubio-raw t=61.2932 onset=0.743625 env=0.000157 peak=0.000402 gain=1.000
2025-12-08 03:02:27 [tracker] [s1] onset-below-gate t=61.2932 env=0.000157 onset=0.743625 thresh=0.006000 baseline=0.029117 gate=0.001601 envFloor=0.024750 floor=0.029117 adapt=0.029117 lastPeak=0.000000 calib=0.029117 baseParam=0.000180 gateRatio=0.0550 envParam=0.000450
2025-12-08 03:02:27 [tracker] [s1] aubio-raw t=61.5919 onset=0.657155 env=0.000099 peak=0.000291 gain=1.000
2025-12-08 03:02:27 [tracker] [s1] onset-below-gate t=61.5919 env=0.000099 onset=0.657155 thresh=0.006000 baseline=0.029117 gate=0.001601 envFloor=0.024750 floor=0.029117 adapt=0.029117 lastPeak=0.000000 calib=0.029117 baseParam=0.000180 gateRatio=0.0550 envParam=0.000450
2025-12-08 03:02:27 [tracker] [s1] aubio-raw t=61.6612 onset=1.003893 env=0.000146 peak=0.000345 gain=1.000
2025-12-08 03:02:27 [tracker] [s1] onset-below-gate t=61.6612 env=0.000146 onset=1.003893 thresh=0.006000 baseline=0.029117 gate=0.001601 envFloor=0.024750 floor=0.029117 adapt=0.029117 lastPeak=0.000000 calib=0.029117 baseParam=0.000180 gateRatio=0.0550 envParam=0.000450
2025-12-08 03:02:27 [tracker] [s1] aubio-raw t=61.7492 onset=0.788473 env=0.000127 peak=0.000277 gain=1.000
2025-12-08 03:02:27 [tracker] [s1] onset-below-gate t=61.7492 env=0.000127 onset=0.788473 thresh=0.006000 baseline=0.029117 gate=0.001601 envFloor=0.024750 floor=0.029117 adapt=0.029117 lastPeak=0.000000 calib=0.029117 baseParam=0.000180 gateRatio=0.0550 envParam=0.000450
2025-12-08 03:02:28 [tracker] [s1] aubio-raw t=61.8239 onset=1.072858 env=0.000120 peak=0.000340 gain=1.000
2025-12-08 03:02:28 [tracker] [s1] onset-below-gate t=61.8239 env=0.000120 onset=1.072858 thresh=0.006000 baseline=0.029117 gate=0.001601 envFloor=0.024750 floor=0.029117 adapt=0.029117 lastPeak=0.000000 calib=0.029117 baseParam=0.000180 gateRatio=0.0550 envParam=0.000450
2025-12-08 03:02:28 [tracker] [s1] aubio-raw t=61.9172 onset=1.063214 env=0.000086 peak=0.000259 gain=1.000
2025-12-08 03:02:28 [tracker] [s1] onset-below-gate t=61.9172 env=0.000086 onset=1.063214 thresh=0.006000 baseline=0.029117 gate=0.001601 envFloor=0.024750 floor=0.029117 adapt=0.029117 lastPeak=0.000000 calib=0.029117 baseParam=0.000180 gateRatio=0.0550 envParam=0.000450
2025-12-08 03:02:28 [tracker] [s1] aubio-raw t=61.9918 onset=0.997013 env=0.000108 peak=0.000286 gain=1.000
2025-12-08 03:02:28 [tracker] [s1] onset-below-gate t=61.9918 env=0.000108 onset=0.997013 thresh=0.006000 baseline=0.029117 gate=0.001601 envFloor=0.024750 floor=0.029117 adapt=0.029117 lastPeak=0.000000 calib=0.029117 baseParam=0.000180 gateRatio=0.0550 envParam=0.000450
2025-12-08 03:02:29 [tracker] [s1] aubio-raw t=62.9491 onset=0.990455 env=0.000124 peak=0.000271 gain=1.000
2025-12-08 03:02:29 [tracker] [s1] onset-below-gate t=62.9491 env=0.000124 onset=0.990455 thresh=0.006000 baseline=0.029117 gate=0.001601 envFloor=0.024750 floor=0.029117 adapt=0.029117 lastPeak=0.000000 calib=0.029117 baseParam=0.000180 gateRatio=0.0550 envParam=0.000450
2025-12-08 03:02:29 [tracker] [s1] aubio-raw t=63.0718 onset=1.219539 env=0.000116 peak=0.000287 gain=1.000
2025-12-08 03:02:29 [tracker] [s1] onset-below-gate t=63.0718 env=0.000116 onset=1.219539 thresh=0.006000 baseline=0.029117 gate=0.001601 envFloor=0.024750 floor=0.029117 adapt=0.029117 lastPeak=0.000000 calib=0.029117 baseParam=0.000180 gateRatio=0.0550 envParam=0.000450
2025-12-08 03:02:29 [tracker] [s1] aubio-raw t=63.1944 onset=0.601140 env=0.000141 peak=0.000290 gain=1.000
2025-12-08 03:02:29 [tracker] [s1] onset-below-gate t=63.1944 env=0.000141 onset=0.601140 thresh=0.006000 baseline=0.029117 gate=0.001601 envFloor=0.024750 floor=0.029117 adapt=0.029117 lastPeak=0.000000 calib=0.029117 baseParam=0.000180 gateRatio=0.0550 envParam=0.000450
2025-12-08 03:02:29 [tracker] [s1] aubio-raw t=63.5891 onset=0.998188 env=0.000117 peak=0.000282 gain=1.000
2025-12-08 03:02:29 [tracker] [s1] onset-below-gate t=63.5891 env=0.000117 onset=0.998188 thresh=0.006000 baseline=0.029117 gate=0.001601 envFloor=0.024750 floor=0.029117 adapt=0.029117 lastPeak=0.000000 calib=0.029117 baseParam=0.000180 gateRatio=0.0550 envParam=0.000450
2025-12-08 03:02:29 [tracker] [s1] aubio-raw t=63.6744 onset=0.868662 env=0.000121 peak=0.000320 gain=1.000
2025-12-08 03:02:29 [tracker] [s1] onset-below-gate t=63.6744 env=0.000121 onset=0.868662 thresh=0.006000 baseline=0.029117 gate=0.001601 envFloor=0.024750 floor=0.029117 adapt=0.029117 lastPeak=0.000000 calib=0.029117 baseParam=0.000180 gateRatio=0.0550 envParam=0.000450
2025-12-08 03:02:29 [tracker] [s1] aubio-raw t=63.7517 onset=0.963079 env=0.000081 peak=0.000231 gain=1.000
2025-12-08 03:02:29 [tracker] [s1] onset-below-gate t=63.7517 env=0.000081 onset=0.963079 thresh=0.006000 baseline=0.029117 gate=0.001601 envFloor=0.024750 floor=0.029117 adapt=0.029117 lastPeak=0.000000 calib=0.029117 baseParam=0.000180 gateRatio=0.0550 envParam=0.000450
2025-12-08 03:02:30 [tracker] [s1] aubio-raw t=63.8157 onset=0.997976 env=0.000092 peak=0.000290 gain=1.000
2025-12-08 03:02:30 [tracker] [s1] onset-below-gate t=63.8157 env=0.000092 onset=0.997976 thresh=0.006000 baseline=0.029117 gate=0.001601 envFloor=0.024750 floor=0.029117 adapt=0.029117 lastPeak=0.000000 calib=0.029117 baseParam=0.000180 gateRatio=0.0550 envParam=0.000450
2025-12-08 03:02:30 [tracker] [s1] aubio-raw t=63.8984 onset=1.090238 env=0.000149 peak=0.000319 gain=1.000
2025-12-08 03:02:30 [tracker] [s1] onset-below-gate t=63.8984 env=0.000149 onset=1.090238 thresh=0.006000 baseline=0.029117 gate=0.001601 envFloor=0.024750 floor=0.029117 adapt=0.029117 lastPeak=0.000000 calib=0.029117 baseParam=0.000180 gateRatio=0.0550 envParam=0.000450
2025-12-08 03:02:30 [tracker] [s1] aubio-raw t=64.2534 onset=0.858404 env=0.000135 peak=0.000315 gain=1.000
2025-12-08 03:02:30 [tracker] [s1] onset-below-gate t=64.2534 env=0.000135 onset=0.858404 thresh=0.006000 baseline=0.029117 gate=0.001601 envFloor=0.024750 floor=0.029117 adapt=0.029117 lastPeak=0.000000 calib=0.029117 baseParam=0.000180 gateRatio=0.0550 envParam=0.000450
2025-12-08 03:02:30 [tracker] [s1] aubio-raw t=64.4056 onset=0.814254 env=0.000115 peak=0.000306 gain=1.000
2025-12-08 03:02:30 [tracker] [s1] onset-below-gate t=64.4056 env=0.000115 onset=0.814254 thresh=0.006000 baseline=0.029117 gate=0.001601 envFloor=0.024750 floor=0.029117 adapt=0.029117 lastPeak=0.000000 calib=0.029117 baseParam=0.000180 gateRatio=0.0550 envParam=0.000450
2025-12-08 03:02:31 [tracker] [s1] aubio-raw t=64.7821 onset=1.044099 env=0.000144 peak=0.000361 gain=1.000
2025-12-08 03:02:31 [tracker] [s1] onset-below-gate t=64.7821 env=0.000144 onset=1.044099 thresh=0.006000 baseline=0.029117 gate=0.001601 envFloor=0.024750 floor=0.029117 adapt=0.029117 lastPeak=0.000000 calib=0.029117 baseParam=0.000180 gateRatio=0.0550 envParam=0.000450
2025-12-08 03:02:31 [tracker] [s1] aubio-raw t=64.8942 onset=0.997878 env=0.000108 peak=0.000319 gain=1.000
2025-12-08 03:02:31 [tracker] [s1] onset-below-gate t=64.8942 env=0.000108 onset=0.997878 thresh=0.006000 baseline=0.029117 gate=0.001601 envFloor=0.024750 floor=0.029117 adapt=0.029117 lastPeak=0.000000 calib=0.029117 baseParam=0.000180 gateRatio=0.0550 envParam=0.000450
2025-12-08 03:02:31 [tracker] [s1] aubio-raw t=65.4497 onset=0.997760 env=0.000123 peak=0.000347 gain=1.000
2025-12-08 03:02:31 [tracker] [s1] onset-below-gate t=65.4497 env=0.000123 onset=0.997760 thresh=0.006000 baseline=0.029117 gate=0.001601 envFloor=0.024750 floor=0.029117 adapt=0.029117 lastPeak=0.000000 calib=0.029117 baseParam=0.000180 gateRatio=0.0550 envParam=0.000450
2025-12-08 03:02:32 [tracker] [s1] aubio-raw t=65.7861 onset=0.820727 env=0.000140 peak=0.000294 gain=1.000
2025-12-08 03:02:32 [tracker] [s1] onset-below-gate t=65.7861 env=0.000140 onset=0.820727 thresh=0.006000 baseline=0.029117 gate=0.001601 envFloor=0.024750 floor=0.029117 adapt=0.029117 lastPeak=0.000000 calib=0.029117 baseParam=0.000180 gateRatio=0.0550 envParam=0.000450
2025-12-08 03:02:32 [tracker] [s1] aubio-raw t=65.9677 onset=0.988448 env=0.000115 peak=0.000285 gain=1.000
2025-12-08 03:02:32 [tracker] [s1] onset-below-gate t=65.9677 env=0.000115 onset=0.988448 thresh=0.006000 baseline=0.029117 gate=0.001601 envFloor=0.024750 floor=0.029117 adapt=0.029117 lastPeak=0.000000 calib=0.029117 baseParam=0.000180 gateRatio=0.0550 envParam=0.000450
2025-12-08 03:02:32 [tracker] [s1] aubio-raw t=66.1680 onset=0.568517 env=0.000082 peak=0.000226 gain=1.000
2025-12-08 03:02:32 [tracker] [s1] onset-below-gate t=66.1680 env=0.000082 onset=0.568517 thresh=0.006000 baseline=0.029117 gate=0.001601 envFloor=0.024750 floor=0.029117 adapt=0.029117 lastPeak=0.000000 calib=0.029117 baseParam=0.000180 gateRatio=0.0550 envParam=0.000450
2025-12-08 03:02:32 [tracker] [s1] aubio-raw t=66.4724 onset=0.994648 env=0.000101 peak=0.000229 gain=1.000
2025-12-08 03:02:32 [tracker] [s1] onset-below-gate t=66.4724 env=0.000101 onset=0.994648 thresh=0.006000 baseline=0.029117 gate=0.001601 envFloor=0.024750 floor=0.029117 adapt=0.029117 lastPeak=0.000000 calib=0.029117 baseParam=0.000180 gateRatio=0.0550 envParam=0.000450
2025-12-08 03:02:33 [tracker] [s1] aubio-raw t=66.9023 onset=1.095176 env=0.000087 peak=0.000205 gain=1.000
2025-12-08 03:02:33 [tracker] [s1] onset-below-gate t=66.9023 env=0.000087 onset=1.095176 thresh=0.006000 baseline=0.029117 gate=0.001601 envFloor=0.024750 floor=0.029117 adapt=0.029117 lastPeak=0.000000 calib=0.029117 baseParam=0.000180 gateRatio=0.0550 envParam=0.000450
2025-12-08 03:02:33 [tracker] [s1] aubio-raw t=67.1079 onset=0.997280 env=0.000149 peak=0.000345 gain=1.000
2025-12-08 03:02:33 [tracker] [s1] onset-below-gate t=67.1079 env=0.000149 onset=0.997280 thresh=0.006000 baseline=0.029117 gate=0.001601 envFloor=0.024750 floor=0.029117 adapt=0.029117 lastPeak=0.000000 calib=0.029117 baseParam=0.000180 gateRatio=0.0550 envParam=0.000450
2025-12-08 03:02:33 [tracker] [s1] aubio-raw t=67.2548 onset=1.180289 env=0.000113 peak=0.000255 gain=1.000
2025-12-08 03:02:33 [tracker] [s1] onset-below-gate t=67.2548 env=0.000113 onset=1.180289 thresh=0.006000 baseline=0.029117 gate=0.001601 envFloor=0.024750 floor=0.029117 adapt=0.029117 lastPeak=0.000000 calib=0.029117 baseParam=0.000180 gateRatio=0.0550 envParam=0.000450
2025-12-08 03:02:34 [tracker] [s1] aubio-raw t=67.7888 onset=1.173239 env=0.000155 peak=0.000438 gain=1.000
2025-12-08 03:02:34 [tracker] [s1] onset-below-gate t=67.7888 env=0.000155 onset=1.173239 thresh=0.006000 baseline=0.029117 gate=0.001601 envFloor=0.024750 floor=0.029117 adapt=0.029117 lastPeak=0.000000 calib=0.029117 baseParam=0.000180 gateRatio=0.0550 envParam=0.000450
2025-12-08 03:02:34 [tracker] [s1] aubio-raw t=67.9811 onset=1.312075 env=0.000149 peak=0.000351 gain=1.000
2025-12-08 03:02:34 [tracker] [s1] onset-below-gate t=67.9811 env=0.000149 onset=1.312075 thresh=0.006000 baseline=0.029117 gate=0.001601 envFloor=0.024750 floor=0.029117 adapt=0.029117 lastPeak=0.000000 calib=0.029117 baseParam=0.000180 gateRatio=0.0550 envParam=0.000450
2025-12-08 03:02:34 [tracker] [s1] aubio-raw t=68.1119 onset=0.870871 env=0.000109 peak=0.000273 gain=1.000
2025-12-08 03:02:34 [tracker] [s1] onset-below-gate t=68.1119 env=0.000109 onset=0.870871 thresh=0.006000 baseline=0.029117 gate=0.001601 envFloor=0.024750 floor=0.029117 adapt=0.029117 lastPeak=0.000000 calib=0.029117 baseParam=0.000180 gateRatio=0.0550 envParam=0.000450
2025-12-08 03:02:34 [tracker] [s1] aubio-raw t=68.1974 onset=0.998570 env=0.000128 peak=0.000322 gain=1.000
2025-12-08 03:02:34 [tracker] [s1] onset-below-gate t=68.1974 env=0.000128 onset=0.998570 thresh=0.006000 baseline=0.029117 gate=0.001601 envFloor=0.024750 floor=0.029117 adapt=0.029117 lastPeak=0.000000 calib=0.029117 baseParam=0.000180 gateRatio=0.0550 envParam=0.000450
2025-12-08 03:02:34 [tracker] [s1] aubio-raw t=68.2588 onset=0.972106 env=0.000122 peak=0.000282 gain=1.000
2025-12-08 03:02:34 [tracker] [s1] onset-below-gate t=68.2588 env=0.000122 onset=0.972106 thresh=0.006000 baseline=0.029117 gate=0.001601 envFloor=0.024750 floor=0.029117 adapt=0.029117 lastPeak=0.000000 calib=0.029117 baseParam=0.000180 gateRatio=0.0550 envParam=0.000450
2025-12-08 03:02:34 [tracker] [s1] aubio-raw t=68.3336 onset=0.982634 env=0.000095 peak=0.000253 gain=1.000
2025-12-08 03:02:34 [tracker] [s1] onset-below-gate t=68.3336 env=0.000095 onset=0.982634 thresh=0.006000 baseline=0.029117 gate=0.001601 envFloor=0.024750 floor=0.029117 adapt=0.029117 lastPeak=0.000000 calib=0.029117 baseParam=0.000180 gateRatio=0.0550 envParam=0.000450
2025-12-08 03:02:34 [tracker] [s1] aubio-raw t=68.4591 onset=0.913704 env=0.000106 peak=0.000261 gain=1.000
2025-12-08 03:02:34 [tracker] [s1] onset-below-gate t=68.4591 env=0.000106 onset=0.913704 thresh=0.006000 baseline=0.029117 gate=0.001601 envFloor=0.024750 floor=0.029117 adapt=0.029117 lastPeak=0.000000 calib=0.029117 baseParam=0.000180 gateRatio=0.0550 envParam=0.000450
2025-12-08 03:02:34 [tracker] [s1] aubio-raw t=68.6059 onset=0.882555 env=0.000155 peak=0.000365 gain=1.000
2025-12-08 03:02:34 [tracker] [s1] onset-below-gate t=68.6059 env=0.000155 onset=0.882555 thresh=0.006000 baseline=0.029117 gate=0.001601 envFloor=0.024750 floor=0.029117 adapt=0.029117 lastPeak=0.000000 calib=0.029117 baseParam=0.000180 gateRatio=0.0550 envParam=0.000450
2025-12-08 03:02:35 [tracker] [s1] aubio-raw t=68.7849 onset=1.207151 env=0.000170 peak=0.000396 gain=1.000
2025-12-08 03:02:35 [tracker] [s1] onset-below-gate t=68.7849 env=0.000170 onset=1.207151 thresh=0.006000 baseline=0.029117 gate=0.001601 envFloor=0.024750 floor=0.029117 adapt=0.029117 lastPeak=0.000000 calib=0.029117 baseParam=0.000180 gateRatio=0.0550 envParam=0.000450
2025-12-08 03:02:35 [tracker] [s1] aubio-raw t=68.9744 onset=0.767911 env=0.000111 peak=0.000242 gain=1.000
2025-12-08 03:02:35 [tracker] [s1] onset-below-gate t=68.9744 env=0.000111 onset=0.767911 thresh=0.006000 baseline=0.029117 gate=0.001601 envFloor=0.024750 floor=0.029117 adapt=0.029117 lastPeak=0.000000 calib=0.029117 baseParam=0.000180 gateRatio=0.0550 envParam=0.000450
2025-12-08 03:02:35 [tracker] [s1] aubio-raw t=69.0279 onset=0.993424 env=0.000089 peak=0.000261 gain=1.000
2025-12-08 03:02:35 [tracker] [s1] onset-below-gate t=69.0279 env=0.000089 onset=0.993424 thresh=0.006000 baseline=0.029117 gate=0.001601 envFloor=0.024750 floor=0.029117 adapt=0.029117 lastPeak=0.000000 calib=0.029117 baseParam=0.000180 gateRatio=0.0550 envParam=0.000450
2025-12-08 03:02:35 [tracker] [s1] aubio-raw t=69.4871 onset=0.996118 env=0.000131 peak=0.000343 gain=1.000
2025-12-08 03:02:35 [tracker] [s1] onset-below-gate t=69.4871 env=0.000131 onset=0.996118 thresh=0.006000 baseline=0.029117 gate=0.001601 envFloor=0.024750 floor=0.029117 adapt=0.029117 lastPeak=0.000000 calib=0.029117 baseParam=0.000180 gateRatio=0.0550 envParam=0.000450
2025-12-08 03:02:36 [tracker] [s1] aubio-raw t=69.8556 onset=1.274216 env=0.000149 peak=0.000308 gain=1.000
2025-12-08 03:02:36 [tracker] [s1] onset-below-gate t=69.8556 env=0.000149 onset=1.274216 thresh=0.006000 baseline=0.029117 gate=0.001601 envFloor=0.024750 floor=0.029117 adapt=0.029117 lastPeak=0.000000 calib=0.029117 baseParam=0.000180 gateRatio=0.0550 envParam=0.000450
2025-12-08 03:02:36 [tracker] [s1] aubio-raw t=70.0372 onset=1.202974 env=0.000194 peak=0.000382 gain=1.000
2025-12-08 03:02:36 [tracker] [s1] onset-below-gate t=70.0372 env=0.000194 onset=1.202974 thresh=0.006000 baseline=0.029117 gate=0.001601 envFloor=0.024750 floor=0.029117 adapt=0.029117 lastPeak=0.000000 calib=0.029117 baseParam=0.000180 gateRatio=0.0550 envParam=0.000450
2025-12-08 03:02:36 [tracker] [s1] aubio-raw t=70.4378 onset=1.000570 env=0.000113 peak=0.000298 gain=1.000
2025-12-08 03:02:36 [tracker] [s1] onset-below-gate t=70.4378 env=0.000113 onset=1.000570 thresh=0.006000 baseline=0.029117 gate=0.001601 envFloor=0.024750 floor=0.029117 adapt=0.029117 lastPeak=0.000000 calib=0.029117 baseParam=0.000180 gateRatio=0.0550 envParam=0.000450
2025-12-08 03:02:36 [tracker] [s1] aubio-raw t=70.4912 onset=0.681242 env=0.000116 peak=0.000309 gain=1.000
2025-12-08 03:02:36 [tracker] [s1] onset-below-gate t=70.4912 env=0.000116 onset=0.681242 thresh=0.006000 baseline=0.029117 gate=0.001601 envFloor=0.024750 floor=0.029117 adapt=0.029117 lastPeak=0.000000 calib=0.029117 baseParam=0.000180 gateRatio=0.0550 envParam=0.000450
2025-12-08 03:02:36 [tracker] [s1] aubio-raw t=70.5713 onset=0.998381 env=0.000074 peak=0.000216 gain=1.000
2025-12-08 03:02:36 [tracker] [s1] onset-below-gate t=70.5713 env=0.000074 onset=0.998381 thresh=0.006000 baseline=0.029117 gate=0.001601 envFloor=0.024750 floor=0.029117 adapt=0.029117 lastPeak=0.000000 calib=0.029117 baseParam=0.000180 gateRatio=0.0550 envParam=0.000450
2025-12-08 03:02:37 [tracker] [s1] aubio-raw t=71.3483 onset=0.836275 env=0.000116 peak=0.000271 gain=1.000
2025-12-08 03:02:37 [tracker] [s1] onset-below-gate t=71.3483 env=0.000116 onset=0.836275 thresh=0.006000 baseline=0.029117 gate=0.001601 envFloor=0.024750 floor=0.029117 adapt=0.029117 lastPeak=0.000000 calib=0.029117 baseParam=0.000180 gateRatio=0.0550 envParam=0.000450
2025-12-08 03:02:37 [tracker] [s1] aubio-raw t=71.6074 onset=0.574900 env=0.000160 peak=0.000426 gain=1.000
2025-12-08 03:02:37 [tracker] [s1] onset-below-gate t=71.6074 env=0.000160 onset=0.574900 thresh=0.006000 baseline=0.029117 gate=0.001601 envFloor=0.024750 floor=0.029117 adapt=0.029117 lastPeak=0.000000 calib=0.029117 baseParam=0.000180 gateRatio=0.0550 envParam=0.000450
2025-12-08 03:02:38 [tracker] [s1] aubio-raw t=71.8236 onset=0.955831 env=0.000113 peak=0.000297 gain=1.000
2025-12-08 03:02:38 [tracker] [s1] onset-below-gate t=71.8236 env=0.000113 onset=0.955831 thresh=0.006000 baseline=0.029117 gate=0.001601 envFloor=0.024750 floor=0.029117 adapt=0.029117 lastPeak=0.000000 calib=0.029117 baseParam=0.000180 gateRatio=0.0550 envParam=0.000450
2025-12-08 03:02:38 [tracker] [s1] aubio-raw t=71.9465 onset=1.382940 env=0.000134 peak=0.000312 gain=1.000
2025-12-08 03:02:38 [tracker] [s1] onset-below-gate t=71.9465 env=0.000134 onset=1.382940 thresh=0.006000 baseline=0.029117 gate=0.001601 envFloor=0.024750 floor=0.029117 adapt=0.029117 lastPeak=0.000000 calib=0.029117 baseParam=0.000180 gateRatio=0.0550 envParam=0.000450
2025-12-08 03:02:38 [tracker] [s1] aubio-raw t=72.0106 onset=0.982302 env=0.000113 peak=0.000299 gain=1.000
2025-12-08 03:02:38 [tracker] [s1] onset-below-gate t=72.0106 env=0.000113 onset=0.982302 thresh=0.006000 baseline=0.029117 gate=0.001601 envFloor=0.024750 floor=0.029117 adapt=0.029117 lastPeak=0.000000 calib=0.029117 baseParam=0.000180 gateRatio=0.0550 envParam=0.000450
2025-12-08 03:02:38 [tracker] [s1] aubio-raw t=72.0827 onset=0.575927 env=0.000147 peak=0.000305 gain=1.000
2025-12-08 03:02:38 [tracker] [s1] onset-below-gate t=72.0827 env=0.000147 onset=0.575927 thresh=0.006000 baseline=0.029117 gate=0.001601 envFloor=0.024750 floor=0.029117 adapt=0.029117 lastPeak=0.000000 calib=0.029117 baseParam=0.000180 gateRatio=0.0550 envParam=0.000450
2025-12-08 03:02:38 [tracker] [s1] aubio-raw t=72.2002 onset=1.427703 env=0.000147 peak=0.000370 gain=1.000
2025-12-08 03:02:38 [tracker] [s1] onset-below-gate t=72.2002 env=0.000147 onset=1.427703 thresh=0.006000 baseline=0.029117 gate=0.001601 envFloor=0.024750 floor=0.029117 adapt=0.029117 lastPeak=0.000000 calib=0.029117 baseParam=0.000180 gateRatio=0.0550 envParam=0.000450
2025-12-08 03:02:38 [tracker] [s1] aubio-raw t=72.5393 onset=0.647676 env=0.000135 peak=0.000312 gain=1.000
2025-12-08 03:02:38 [tracker] [s1] onset-below-gate t=72.5393 env=0.000135 onset=0.647676 thresh=0.006000 baseline=0.029117 gate=0.001601 envFloor=0.024750 floor=0.029117 adapt=0.029117 lastPeak=0.000000 calib=0.029117 baseParam=0.000180 gateRatio=0.0550 envParam=0.000450
2025-12-08 03:02:39 [tracker] [s1] aubio-raw t=72.8384 onset=1.076012 env=0.000119 peak=0.000324 gain=1.000
2025-12-08 03:02:39 [tracker] [s1] onset-below-gate t=72.8384 env=0.000119 onset=1.076012 thresh=0.006000 baseline=0.029117 gate=0.001601 envFloor=0.024750 floor=0.029117 adapt=0.029117 lastPeak=0.000000 calib=0.029117 baseParam=0.000180 gateRatio=0.0550 envParam=0.000450
2025-12-08 03:02:39 [tracker] [s1] aubio-raw t=73.0466 onset=0.693668 env=0.000127 peak=0.000353 gain=1.000
2025-12-08 03:02:39 [tracker] [s1] onset-below-gate t=73.0466 env=0.000127 onset=0.693668 thresh=0.006000 baseline=0.029117 gate=0.001601 envFloor=0.024750 floor=0.029117 adapt=0.029117 lastPeak=0.000000 calib=0.029117 baseParam=0.000180 gateRatio=0.0550 envParam=0.000450
2025-12-08 03:02:39 [tracker] [s1] aubio-raw t=73.1908 onset=1.007657 env=0.000101 peak=0.000310 gain=1.000
2025-12-08 03:02:39 [tracker] [s1] onset-below-gate t=73.1908 env=0.000101 onset=1.007657 thresh=0.006000 baseline=0.029117 gate=0.001601 envFloor=0.024750 floor=0.029117 adapt=0.029117 lastPeak=0.000000 calib=0.029117 baseParam=0.000180 gateRatio=0.0550 envParam=0.000450
2025-12-08 03:02:39 [tracker] [s1] aubio-raw t=73.2816 onset=0.995102 env=0.000083 peak=0.000226 gain=1.000
2025-12-08 03:02:39 [tracker] [s1] onset-below-gate t=73.2816 env=0.000083 onset=0.995102 thresh=0.006000 baseline=0.029117 gate=0.001601 envFloor=0.024750 floor=0.029117 adapt=0.029117 lastPeak=0.000000 calib=0.029117 baseParam=0.000180 gateRatio=0.0550 envParam=0.000450
2025-12-08 03:02:39 [tracker] [s1] aubio-raw t=73.7810 onset=1.003835 env=0.000116 peak=0.000302 gain=1.000
2025-12-08 03:02:39 [tracker] [s1] onset-below-gate t=73.7810 env=0.000116 onset=1.003835 thresh=0.006000 baseline=0.029117 gate=0.001601 envFloor=0.024750 floor=0.029117 adapt=0.029117 lastPeak=0.000000 calib=0.029117 baseParam=0.000180 gateRatio=0.0550 envParam=0.000450
2025-12-08 03:02:40 [tracker] [s1] aubio-raw t=73.9786 onset=1.310291 env=0.000123 peak=0.000341 gain=1.000
2025-12-08 03:02:40 [tracker] [s1] onset-below-gate t=73.9786 env=0.000123 onset=1.310291 thresh=0.006000 baseline=0.029117 gate=0.001601 envFloor=0.024750 floor=0.029117 adapt=0.029117 lastPeak=0.000000 calib=0.029117 baseParam=0.000180 gateRatio=0.0550 envParam=0.000450
2025-12-08 03:02:40 [tracker] [s1] aubio-raw t=74.2376 onset=1.311146 env=0.000179 peak=0.000415 gain=1.000
2025-12-08 03:02:40 [tracker] [s1] onset-below-gate t=74.2376 env=0.000179 onset=1.311146 thresh=0.006000 baseline=0.029117 gate=0.001601 envFloor=0.024750 floor=0.029117 adapt=0.029117 lastPeak=0.000000 calib=0.029117 baseParam=0.000180 gateRatio=0.0550 envParam=0.000450
2025-12-08 03:02:40 [tracker] [s1] aubio-raw t=74.3738 onset=0.994017 env=0.000112 peak=0.000280 gain=1.000
2025-12-08 03:02:40 [tracker] [s1] onset-below-gate t=74.3738 env=0.000112 onset=0.994017 thresh=0.006000 baseline=0.029117 gate=0.001601 envFloor=0.024750 floor=0.029117 adapt=0.029117 lastPeak=0.000000 calib=0.029117 baseParam=0.000180 gateRatio=0.0550 envParam=0.000450
2025-12-08 03:02:40 [tracker] [s1] aubio-raw t=74.6969 onset=0.680548 env=0.000138 peak=0.000341 gain=1.000
2025-12-08 03:02:40 [tracker] [s1] onset-below-gate t=74.6969 env=0.000138 onset=0.680548 thresh=0.006000 baseline=0.029117 gate=0.001601 envFloor=0.024750 floor=0.029117 adapt=0.029117 lastPeak=0.000000 calib=0.029117 baseParam=0.000180 gateRatio=0.0550 envParam=0.000450
2025-12-08 03:02:41 [tracker] [s1] aubio-raw t=74.8117 onset=0.998507 env=0.000105 peak=0.000253 gain=1.000
2025-12-08 03:02:41 [tracker] [s1] onset-below-gate t=74.8117 env=0.000105 onset=0.998507 thresh=0.006000 baseline=0.029117 gate=0.001601 envFloor=0.024750 floor=0.029117 adapt=0.029117 lastPeak=0.000000 calib=0.029117 baseParam=0.000180 gateRatio=0.0550 envParam=0.000450
2025-12-08 03:02:41 [tracker] [s1] aubio-raw t=74.9372 onset=0.998800 env=0.000142 peak=0.000338 gain=1.000
2025-12-08 03:02:41 [tracker] [s1] onset-below-gate t=74.9372 env=0.000142 onset=0.998800 thresh=0.006000 baseline=0.029117 gate=0.001601 envFloor=0.024750 floor=0.029117 adapt=0.029117 lastPeak=0.000000 calib=0.029117 baseParam=0.000180 gateRatio=0.0550 envParam=0.000450
2025-12-08 03:02:41 [tracker] [s1] aubio-raw t=75.1562 onset=1.306346 env=0.000101 peak=0.000287 gain=1.000
2025-12-08 03:02:41 [tracker] [s1] onset-below-gate t=75.1562 env=0.000101 onset=1.306346 thresh=0.006000 baseline=0.029117 gate=0.001601 envFloor=0.024750 floor=0.029117 adapt=0.029117 lastPeak=0.000000 calib=0.029117 baseParam=0.000180 gateRatio=0.0550 envParam=0.000450
2025-12-08 03:02:41 [tracker] [s1] aubio-raw t=75.5914 onset=0.949984 env=0.000111 peak=0.000267 gain=1.000
2025-12-08 03:02:41 [tracker] [s1] onset-below-gate t=75.5914 env=0.000111 onset=0.949984 thresh=0.006000 baseline=0.029117 gate=0.001601 envFloor=0.024750 floor=0.029117 adapt=0.029117 lastPeak=0.000000 calib=0.029117 baseParam=0.000180 gateRatio=0.0550 envParam=0.000450
2025-12-08 03:02:42 [tracker] [s1] aubio-raw t=75.8131 onset=1.184998 env=0.000111 peak=0.000294 gain=1.000
2025-12-08 03:02:42 [tracker] [s1] onset-below-gate t=75.8131 env=0.000111 onset=1.184998 thresh=0.006000 baseline=0.029117 gate=0.001601 envFloor=0.024750 floor=0.029117 adapt=0.029117 lastPeak=0.000000 calib=0.029117 baseParam=0.000180 gateRatio=0.0550 envParam=0.000450
2025-12-08 03:02:42 [tracker] [s1] aubio-raw t=76.0774 onset=0.786037 env=0.000127 peak=0.000340 gain=1.000
2025-12-08 03:02:42 [tracker] [s1] onset-below-gate t=76.0774 env=0.000127 onset=0.786037 thresh=0.006000 baseline=0.029117 gate=0.001601 envFloor=0.024750 floor=0.029117 adapt=0.029117 lastPeak=0.000000 calib=0.029117 baseParam=0.000180 gateRatio=0.0550 envParam=0.000450
2025-12-08 03:02:42 [tracker] [s1] aubio-raw t=76.5020 onset=1.000610 env=0.000106 peak=0.000264 gain=1.000
2025-12-08 03:02:42 [tracker] [s1] onset-below-gate t=76.5020 env=0.000106 onset=1.000610 thresh=0.006000 baseline=0.029117 gate=0.001601 envFloor=0.024750 floor=0.029117 adapt=0.029117 lastPeak=0.000000 calib=0.029117 baseParam=0.000180 gateRatio=0.0550 envParam=0.000450
2025-12-08 03:02:42 [tracker] [s1] aubio-raw t=76.7076 onset=1.087648 env=0.000121 peak=0.000284 gain=1.000
2025-12-08 03:02:42 [tracker] [s1] onset-below-gate t=76.7076 env=0.000121 onset=1.087648 thresh=0.006000 baseline=0.029117 gate=0.001601 envFloor=0.024750 floor=0.029117 adapt=0.029117 lastPeak=0.000000 calib=0.029117 baseParam=0.000180 gateRatio=0.0550 envParam=0.000450
2025-12-08 03:02:42 [tracker] [s1] aubio-raw t=76.7744 onset=1.003515 env=0.000140 peak=0.000268 gain=1.000
2025-12-08 03:02:42 [tracker] [s1] onset-below-gate t=76.7744 env=0.000140 onset=1.003515 thresh=0.006000 baseline=0.029117 gate=0.001601 envFloor=0.024750 floor=0.029117 adapt=0.029117 lastPeak=0.000000 calib=0.029117 baseParam=0.000180 gateRatio=0.0550 envParam=0.000450
2025-12-08 03:02:43 [tracker] [s1] aubio-raw t=77.0788 onset=0.774900 env=0.000112 peak=0.000289 gain=1.000
2025-12-08 03:02:43 [tracker] [s1] onset-below-gate t=77.0788 env=0.000112 onset=0.774900 thresh=0.006000 baseline=0.029117 gate=0.001601 envFloor=0.024750 floor=0.029117 adapt=0.029117 lastPeak=0.000000 calib=0.029117 baseParam=0.000180 gateRatio=0.0550 envParam=0.000450
2025-12-08 03:02:43 [tracker] [s1] aubio-raw t=77.1455 onset=1.018215 env=0.000133 peak=0.000332 gain=1.000
2025-12-08 03:02:43 [tracker] [s1] onset-below-gate t=77.1455 env=0.000133 onset=1.018215 thresh=0.006000 baseline=0.029117 gate=0.001601 envFloor=0.024750 floor=0.029117 adapt=0.029117 lastPeak=0.000000 calib=0.029117 baseParam=0.000180 gateRatio=0.0550 envParam=0.000450
2025-12-08 03:02:43 [tracker] [s1] aubio-raw t=77.3725 onset=1.326178 env=0.000096 peak=0.000251 gain=1.000
2025-12-08 03:02:43 [tracker] [s1] onset-below-gate t=77.3725 env=0.000096 onset=1.326178 thresh=0.006000 baseline=0.029117 gate=0.001601 envFloor=0.024750 floor=0.029117 adapt=0.029117 lastPeak=0.000000 calib=0.029117 baseParam=0.000180 gateRatio=0.0550 envParam=0.000450
2025-12-08 03:02:43 [tracker] [s1] aubio-raw t=77.4393 onset=0.996732 env=0.000098 peak=0.000241 gain=1.000
2025-12-08 03:02:43 [tracker] [s1] onset-below-gate t=77.4393 env=0.000098 onset=0.996732 thresh=0.006000 baseline=0.029117 gate=0.001601 envFloor=0.024750 floor=0.029117 adapt=0.029117 lastPeak=0.000000 calib=0.029117 baseParam=0.000180 gateRatio=0.0550 envParam=0.000450
2025-12-08 03:02:43 [tracker] [s1] aubio-raw t=77.5007 onset=0.514603 env=0.000118 peak=0.000305 gain=1.000
2025-12-08 03:02:43 [tracker] [s1] onset-below-gate t=77.5007 env=0.000118 onset=0.514603 thresh=0.006000 baseline=0.029117 gate=0.001601 envFloor=0.024750 floor=0.029117 adapt=0.029117 lastPeak=0.000000 calib=0.029117 baseParam=0.000180 gateRatio=0.0550 envParam=0.000450
2025-12-08 03:02:43 [tracker] [s1] aubio-raw t=77.6502 onset=0.890199 env=0.000094 peak=0.000274 gain=1.000
2025-12-08 03:02:43 [tracker] [s1] onset-below-gate t=77.6502 env=0.000094 onset=0.890199 thresh=0.006000 baseline=0.029117 gate=0.001601 envFloor=0.024750 floor=0.029117 adapt=0.029117 lastPeak=0.000000 calib=0.029117 baseParam=0.000180 gateRatio=0.0550 envParam=0.000450
2025-12-08 03:02:44 [tracker] [s1] aubio-raw t=77.8051 onset=1.181721 env=0.000104 peak=0.000241 gain=1.000
2025-12-08 03:02:44 [tracker] [s1] onset-below-gate t=77.8051 env=0.000104 onset=1.181721 thresh=0.006000 baseline=0.029117 gate=0.001601 envFloor=0.024750 floor=0.029117 adapt=0.029117 lastPeak=0.000000 calib=0.029117 baseParam=0.000180 gateRatio=0.0550 envParam=0.000450
2025-12-08 03:02:44 [tracker] [s1] aubio-raw t=77.8825 onset=0.600341 env=0.000096 peak=0.000261 gain=1.000
2025-12-08 03:02:44 [tracker] [s1] onset-below-gate t=77.8825 env=0.000096 onset=0.600341 thresh=0.006000 baseline=0.029117 gate=0.001601 envFloor=0.024750 floor=0.029117 adapt=0.029117 lastPeak=0.000000 calib=0.029117 baseParam=0.000180 gateRatio=0.0550 envParam=0.000450
2025-12-08 03:02:44 [tracker] [s1] aubio-raw t=78.3952 onset=0.997533 env=0.000124 peak=0.000285 gain=1.000
2025-12-08 03:02:44 [tracker] [s1] onset-below-gate t=78.3952 env=0.000124 onset=0.997533 thresh=0.006000 baseline=0.029117 gate=0.001601 envFloor=0.024750 floor=0.029117 adapt=0.029117 lastPeak=0.000000 calib=0.029117 baseParam=0.000180 gateRatio=0.0550 envParam=0.000450
2025-12-08 03:02:44 [tracker] [s1] aubio-raw t=78.6729 onset=1.162948 env=0.000091 peak=0.000285 gain=1.000
2025-12-08 03:02:44 [tracker] [s1] onset-below-gate t=78.6729 env=0.000091 onset=1.162948 thresh=0.006000 baseline=0.029117 gate=0.001601 envFloor=0.024750 floor=0.029117 adapt=0.029117 lastPeak=0.000000 calib=0.029117 baseParam=0.000180 gateRatio=0.0550 envParam=0.000450
2025-12-08 03:02:45 [tracker] [s1] aubio-raw t=78.8385 onset=0.550664 env=0.000129 peak=0.000305 gain=1.000
2025-12-08 03:02:45 [tracker] [s1] onset-below-gate t=78.8385 env=0.000129 onset=0.550664 thresh=0.006000 baseline=0.029117 gate=0.001601 envFloor=0.024750 floor=0.029117 adapt=0.029117 lastPeak=0.000000 calib=0.029117 baseParam=0.000180 gateRatio=0.0550 envParam=0.000450
2025-12-08 03:02:45 [tracker] [s1] aubio-raw t=79.1322 onset=1.124030 env=0.000139 peak=0.000309 gain=1.000
2025-12-08 03:02:45 [tracker] [s1] onset-below-gate t=79.1322 env=0.000139 onset=1.124030 thresh=0.006000 baseline=0.029117 gate=0.001601 envFloor=0.024750 floor=0.029117 adapt=0.029117 lastPeak=0.000000 calib=0.029117 baseParam=0.000180 gateRatio=0.0550 envParam=0.000450
2025-12-08 03:02:45 [tracker] [s1] aubio-raw t=79.3191 onset=0.914683 env=0.000137 peak=0.000307 gain=1.000
2025-12-08 03:02:45 [tracker] [s1] onset-below-gate t=79.3191 env=0.000137 onset=0.914683 thresh=0.006000 baseline=0.029117 gate=0.001601 envFloor=0.024750 floor=0.029117 adapt=0.029117 lastPeak=0.000000 calib=0.029117 baseParam=0.000180 gateRatio=0.0550 envParam=0.000450
2025-12-08 03:02:45 [tracker] [s1] aubio-raw t=79.4019 onset=0.841442 env=0.000137 peak=0.000314 gain=1.000
2025-12-08 03:02:45 [tracker] [s1] onset-below-gate t=79.4019 env=0.000137 onset=0.841442 thresh=0.006000 baseline=0.029117 gate=0.001601 envFloor=0.024750 floor=0.029117 adapt=0.029117 lastPeak=0.000000 calib=0.029117 baseParam=0.000180 gateRatio=0.0550 envParam=0.000450
2025-12-08 03:02:45 [tracker] [s1] aubio-raw t=79.6957 onset=1.202523 env=0.000090 peak=0.000257 gain=1.000
2025-12-08 03:02:45 [tracker] [s1] onset-below-gate t=79.6957 env=0.000090 onset=1.202523 thresh=0.006000 baseline=0.029117 gate=0.001601 envFloor=0.024750 floor=0.029117 adapt=0.029117 lastPeak=0.000000 calib=0.029117 baseParam=0.000180 gateRatio=0.0550 envParam=0.000450
2025-12-08 03:02:45 [tracker] [s1] aubio-raw t=79.7811 onset=0.595360 env=0.000111 peak=0.000372 gain=1.000
2025-12-08 03:02:45 [tracker] [s1] onset-below-gate t=79.7811 env=0.000111 onset=0.595360 thresh=0.006000 baseline=0.029117 gate=0.001601 envFloor=0.024750 floor=0.029117 adapt=0.029117 lastPeak=0.000000 calib=0.029117 baseParam=0.000180 gateRatio=0.0550 envParam=0.000450
2025-12-08 03:02:46 [tracker] [s1] aubio-raw t=79.8612 onset=1.139536 env=0.000105 peak=0.000289 gain=1.000
2025-12-08 03:02:46 [tracker] [s1] onset-below-gate t=79.8612 env=0.000105 onset=1.139536 thresh=0.006000 baseline=0.029117 gate=0.001601 envFloor=0.024750 floor=0.029117 adapt=0.029117 lastPeak=0.000000 calib=0.029117 baseParam=0.000180 gateRatio=0.0550 envParam=0.000450
2025-12-08 03:02:46 [tracker] [s1] aubio-raw t=80.0428 onset=1.239572 env=0.000117 peak=0.000325 gain=1.000
2025-12-08 03:02:46 [tracker] [s1] onset-below-gate t=80.0428 env=0.000117 onset=1.239572 thresh=0.006000 baseline=0.029117 gate=0.001601 envFloor=0.024750 floor=0.029117 adapt=0.029117 lastPeak=0.000000 calib=0.029117 baseParam=0.000180 gateRatio=0.0550 envParam=0.000450
2025-12-08 03:02:46 [tracker] [s1] aubio-raw t=80.0962 onset=0.866996 env=0.000074 peak=0.000248 gain=1.000
2025-12-08 03:02:46 [tracker] [s1] onset-below-gate t=80.0962 env=0.000074 onset=0.866996 thresh=0.006000 baseline=0.029117 gate=0.001601 envFloor=0.024750 floor=0.029117 adapt=0.029117 lastPeak=0.000000 calib=0.029117 baseParam=0.000180 gateRatio=0.0550 envParam=0.000450
2025-12-08 03:02:46 [tracker] [s1] aubio-raw t=80.2057 onset=1.297072 env=0.000181 peak=0.000503 gain=1.000
2025-12-08 03:02:46 [tracker] [s1] onset-below-gate t=80.2057 env=0.000181 onset=1.297072 thresh=0.006000 baseline=0.029117 gate=0.001601 envFloor=0.024750 floor=0.029117 adapt=0.029117 lastPeak=0.000000 calib=0.029117 baseParam=0.000180 gateRatio=0.0550 envParam=0.000450
2025-12-08 03:02:46 [tracker] [s1] aubio-raw t=80.4781 onset=0.954916 env=0.000129 peak=0.000286 gain=1.000
2025-12-08 03:02:46 [tracker] [s1] onset-below-gate t=80.4781 env=0.000129 onset=0.954916 thresh=0.006000 baseline=0.029117 gate=0.001601 envFloor=0.024750 floor=0.029117 adapt=0.029117 lastPeak=0.000000 calib=0.029117 baseParam=0.000180 gateRatio=0.0550 envParam=0.000450
2025-12-08 03:02:46 [tracker] [s1] aubio-raw t=80.5929 onset=1.124584 env=0.000116 peak=0.000324 gain=1.000
2025-12-08 03:02:46 [tracker] [s1] onset-below-gate t=80.5929 env=0.000116 onset=1.124584 thresh=0.006000 baseline=0.029117 gate=0.001601 envFloor=0.024750 floor=0.029117 adapt=0.029117 lastPeak=0.000000 calib=0.029117 baseParam=0.000180 gateRatio=0.0550 envParam=0.000450
2025-12-08 03:02:46 [tracker] [s1] aubio-raw t=80.7104 onset=1.000778 env=0.000114 peak=0.000378 gain=1.000
2025-12-08 03:02:46 [tracker] [s1] onset-below-gate t=80.7104 env=0.000114 onset=1.000778 thresh=0.006000 baseline=0.029117 gate=0.001601 envFloor=0.024750 floor=0.029117 adapt=0.029117 lastPeak=0.000000 calib=0.029117 baseParam=0.000180 gateRatio=0.0550 envParam=0.000450
2025-12-08 03:02:47 [tracker] [s1] aubio-raw t=81.0735 onset=1.265790 env=0.000149 peak=0.000479 gain=1.000
2025-12-08 03:02:47 [tracker] [s1] onset-below-gate t=81.0735 env=0.000149 onset=1.265790 thresh=0.006000 baseline=0.029117 gate=0.001601 envFloor=0.024750 floor=0.029117 adapt=0.029117 lastPeak=0.000000 calib=0.029117 baseParam=0.000180 gateRatio=0.0550 envParam=0.000450
2025-12-08 03:02:47 [tracker] [s1] aubio-raw t=81.2204 onset=0.954130 env=0.000113 peak=0.000287 gain=1.000
2025-12-08 03:02:47 [tracker] [s1] onset-below-gate t=81.2204 env=0.000113 onset=0.954130 thresh=0.006000 baseline=0.029117 gate=0.001601 envFloor=0.024750 floor=0.029117 adapt=0.029117 lastPeak=0.000000 calib=0.029117 baseParam=0.000180 gateRatio=0.0550 envParam=0.000450
2025-12-08 03:02:47 [tracker] [s1] aubio-raw t=81.6637 onset=1.073608 env=0.000161 peak=0.000333 gain=1.000
2025-12-08 03:02:47 [tracker] [s1] onset-below-gate t=81.6637 env=0.000161 onset=1.073608 thresh=0.006000 baseline=0.029117 gate=0.001601 envFloor=0.024750 floor=0.029117 adapt=0.029117 lastPeak=0.000000 calib=0.029117 baseParam=0.000180 gateRatio=0.0550 envParam=0.000450
2025-12-08 03:02:48 [tracker] [s1] aubio-raw t=82.1256 onset=1.058701 env=0.000127 peak=0.000297 gain=1.000
2025-12-08 03:02:48 [tracker] [s1] onset-below-gate t=82.1256 env=0.000127 onset=1.058701 thresh=0.006000 baseline=0.029117 gate=0.001601 envFloor=0.024750 floor=0.029117 adapt=0.029117 lastPeak=0.000000 calib=0.029117 baseParam=0.000180 gateRatio=0.0550 envParam=0.000450
2025-12-08 03:02:48 [tracker] [s1] aubio-raw t=82.3312 onset=0.597184 env=0.000104 peak=0.000262 gain=1.000
2025-12-08 03:02:48 [tracker] [s1] onset-below-gate t=82.3312 env=0.000104 onset=0.597184 thresh=0.006000 baseline=0.029117 gate=0.001601 envFloor=0.024750 floor=0.029117 adapt=0.029117 lastPeak=0.000000 calib=0.029117 baseParam=0.000180 gateRatio=0.0550 envParam=0.000450
2025-12-08 03:02:48 [tracker] [s1] aubio-raw t=82.4888 onset=0.986901 env=0.000118 peak=0.000273 gain=1.000
2025-12-08 03:02:48 [tracker] [s1] onset-below-gate t=82.4888 env=0.000118 onset=0.986901 thresh=0.006000 baseline=0.029117 gate=0.001601 envFloor=0.024750 floor=0.029117 adapt=0.029117 lastPeak=0.000000 calib=0.029117 baseParam=0.000180 gateRatio=0.0550 envParam=0.000450
2025-12-08 03:02:49 [tracker] [s1] aubio-raw t=82.8546 onset=0.666950 env=0.000105 peak=0.000287 gain=1.000
2025-12-08 03:02:49 [tracker] [s1] onset-below-gate t=82.8546 env=0.000105 onset=0.666950 thresh=0.006000 baseline=0.029117 gate=0.001601 envFloor=0.024750 floor=0.029117 adapt=0.029117 lastPeak=0.000000 calib=0.029117 baseParam=0.000180 gateRatio=0.0550 envParam=0.000450
2025-12-08 03:02:49 [tracker] [s1] aubio-raw t=82.9641 onset=1.150666 env=0.000106 peak=0.000254 gain=1.000
2025-12-08 03:02:49 [tracker] [s1] onset-below-gate t=82.9641 env=0.000106 onset=1.150666 thresh=0.006000 baseline=0.029117 gate=0.001601 envFloor=0.024750 floor=0.029117 adapt=0.029117 lastPeak=0.000000 calib=0.029117 baseParam=0.000180 gateRatio=0.0550 envParam=0.000450
2025-12-08 03:02:49 [tracker] [s1] aubio-raw t=83.0255 onset=0.788996 env=0.000119 peak=0.000381 gain=1.000
2025-12-08 03:02:49 [tracker] [s1] onset-below-gate t=83.0255 env=0.000119 onset=0.788996 thresh=0.006000 baseline=0.029117 gate=0.001601 envFloor=0.024750 floor=0.029117 adapt=0.029117 lastPeak=0.000000 calib=0.029117 baseParam=0.000180 gateRatio=0.0550 envParam=0.000450
2025-12-08 03:02:49 [tracker] [s1] aubio-raw t=83.1377 onset=0.995670 env=0.000094 peak=0.000265 gain=1.000
2025-12-08 03:02:49 [tracker] [s1] onset-below-gate t=83.1377 env=0.000094 onset=0.995670 thresh=0.006000 baseline=0.029117 gate=0.001601 envFloor=0.024750 floor=0.029117 adapt=0.029117 lastPeak=0.000000 calib=0.029117 baseParam=0.000180 gateRatio=0.0550 envParam=0.000450
2025-12-08 03:02:49 [tracker] [s1] aubio-raw t=83.4421 onset=0.941646 env=0.000094 peak=0.000230 gain=1.000
2025-12-08 03:02:49 [tracker] [s1] onset-below-gate t=83.4421 env=0.000094 onset=0.941646 thresh=0.006000 baseline=0.029117 gate=0.001601 envFloor=0.024750 floor=0.029117 adapt=0.029117 lastPeak=0.000000 calib=0.029117 baseParam=0.000180 gateRatio=0.0550 envParam=0.000450
2025-12-08 03:02:49 [tracker] [s1] aubio-raw t=83.7919 onset=0.787903 env=0.000081 peak=0.000206 gain=1.000
2025-12-08 03:02:49 [tracker] [s1] onset-below-gate t=83.7919 env=0.000081 onset=0.787903 thresh=0.006000 baseline=0.029117 gate=0.001601 envFloor=0.024750 floor=0.029117 adapt=0.029117 lastPeak=0.000000 calib=0.029117 baseParam=0.000180 gateRatio=0.0550 envParam=0.000450
2025-12-08 03:02:50 [tracker] [s1] aubio-raw t=84.2512 onset=1.235738 env=0.000181 peak=0.000481 gain=1.000
2025-12-08 03:02:50 [tracker] [s1] onset-below-gate t=84.2512 env=0.000181 onset=1.235738 thresh=0.006000 baseline=0.029117 gate=0.001601 envFloor=0.024750 floor=0.029117 adapt=0.029117 lastPeak=0.000000 calib=0.029117 baseParam=0.000180 gateRatio=0.0550 envParam=0.000450
2025-12-08 03:02:50 [tracker] [s1] aubio-raw t=84.5903 onset=1.186305 env=0.000085 peak=0.000201 gain=1.000
2025-12-08 03:02:50 [tracker] [s1] onset-below-gate t=84.5903 env=0.000085 onset=1.186305 thresh=0.006000 baseline=0.029117 gate=0.001601 envFloor=0.024750 floor=0.029117 adapt=0.029117 lastPeak=0.000000 calib=0.029117 baseParam=0.000180 gateRatio=0.0550 envParam=0.000450
2025-12-08 03:02:51 [tracker] [s1] aubio-raw t=85.0763 onset=1.493243 env=0.000146 peak=0.000313 gain=1.000
2025-12-08 03:02:51 [tracker] [s1] onset-below-gate t=85.0763 env=0.000146 onset=1.493243 thresh=0.006000 baseline=0.029117 gate=0.001601 envFloor=0.024750 floor=0.029117 adapt=0.029117 lastPeak=0.000000 calib=0.029117 baseParam=0.000180 gateRatio=0.0550 envParam=0.000450
2025-12-08 03:02:51 [tracker] [s1] aubio-raw t=85.1724 onset=0.761151 env=0.000126 peak=0.000272 gain=1.000
2025-12-08 03:02:51 [tracker] [s1] onset-below-gate t=85.1724 env=0.000126 onset=0.761151 thresh=0.006000 baseline=0.029117 gate=0.001601 envFloor=0.024750 floor=0.029117 adapt=0.029117 lastPeak=0.000000 calib=0.029117 baseParam=0.000180 gateRatio=0.0550 envParam=0.000450
2025-12-08 03:02:51 [tracker] [s1] aubio-raw t=85.2632 onset=0.855233 env=0.000154 peak=0.000401 gain=1.000
2025-12-08 03:02:51 [tracker] [s1] onset-below-gate t=85.2632 env=0.000154 onset=0.855233 thresh=0.006000 baseline=0.029117 gate=0.001601 envFloor=0.024750 floor=0.029117 adapt=0.029117 lastPeak=0.000000 calib=0.029117 baseParam=0.000180 gateRatio=0.0550 envParam=0.000450
2025-12-08 03:02:51 [tracker] [s1] aubio-raw t=85.3166 onset=0.948435 env=0.000142 peak=0.000387 gain=1.000
2025-12-08 03:02:51 [tracker] [s1] onset-below-gate t=85.3166 env=0.000142 onset=0.948435 thresh=0.006000 baseline=0.029117 gate=0.001601 envFloor=0.024750 floor=0.029117 adapt=0.029117 lastPeak=0.000000 calib=0.029117 baseParam=0.000180 gateRatio=0.0550 envParam=0.000450
2025-12-08 03:02:51 [tracker] [s1] aubio-raw t=85.4394 onset=0.604850 env=0.000129 peak=0.000376 gain=1.000
2025-12-08 03:02:51 [tracker] [s1] onset-below-gate t=85.4394 env=0.000129 onset=0.604850 thresh=0.006000 baseline=0.029117 gate=0.001601 envFloor=0.024750 floor=0.029117 adapt=0.029117 lastPeak=0.000000 calib=0.029117 baseParam=0.000180 gateRatio=0.0550 envParam=0.000450
2025-12-08 03:02:51 [tracker] [s1] aubio-raw t=85.6584 onset=1.005281 env=0.000137 peak=0.000307 gain=1.000
2025-12-08 03:02:51 [tracker] [s1] onset-below-gate t=85.6584 env=0.000137 onset=1.005281 thresh=0.006000 baseline=0.029117 gate=0.001601 envFloor=0.024750 floor=0.029117 adapt=0.029117 lastPeak=0.000000 calib=0.029117 baseParam=0.000180 gateRatio=0.0550 envParam=0.000450
2025-12-08 03:02:51 [tracker] [s1] aubio-raw t=85.7839 onset=0.723055 env=0.000131 peak=0.000335 gain=1.000
2025-12-08 03:02:51 [tracker] [s1] onset-below-gate t=85.7839 env=0.000131 onset=0.723055 thresh=0.006000 baseline=0.029117 gate=0.001601 envFloor=0.024750 floor=0.029117 adapt=0.029117 lastPeak=0.000000 calib=0.029117 baseParam=0.000180 gateRatio=0.0550 envParam=0.000450
2025-12-08 03:02:52 [tracker] [s1] aubio-raw t=85.9334 onset=0.991870 env=0.000099 peak=0.000279 gain=1.000
2025-12-08 03:02:52 [tracker] [s1] onset-below-gate t=85.9334 env=0.000099 onset=0.991870 thresh=0.006000 baseline=0.029117 gate=0.001601 envFloor=0.024750 floor=0.029117 adapt=0.029117 lastPeak=0.000000 calib=0.029117 baseParam=0.000180 gateRatio=0.0550 envParam=0.000450
2025-12-08 03:02:52 [tracker] [s1] aubio-raw t=86.2085 onset=1.347874 env=0.000127 peak=0.000317 gain=1.000
2025-12-08 03:02:52 [tracker] [s1] onset-below-gate t=86.2085 env=0.000127 onset=1.347874 thresh=0.006000 baseline=0.029117 gate=0.001601 envFloor=0.024750 floor=0.029117 adapt=0.029117 lastPeak=0.000000 calib=0.029117 baseParam=0.000180 gateRatio=0.0550 envParam=0.000450
2025-12-08 03:02:52 [tracker] [s1] aubio-raw t=86.2779 onset=1.118704 env=0.000104 peak=0.000280 gain=1.000
2025-12-08 03:02:52 [tracker] [s1] onset-below-gate t=86.2779 env=0.000104 onset=1.118704 thresh=0.006000 baseline=0.029117 gate=0.001601 envFloor=0.024750 floor=0.029117 adapt=0.029117 lastPeak=0.000000 calib=0.029117 baseParam=0.000180 gateRatio=0.0550 envParam=0.000450
2025-12-08 03:02:52 [tracker] [s1] aubio-raw t=86.7746 onset=1.149767 env=0.000167 peak=0.000387 gain=1.000
2025-12-08 03:02:52 [tracker] [s1] onset-below-gate t=86.7746 env=0.000167 onset=1.149767 thresh=0.006000 baseline=0.029117 gate=0.001601 envFloor=0.024750 floor=0.029117 adapt=0.029117 lastPeak=0.000000 calib=0.029117 baseParam=0.000180 gateRatio=0.0550 envParam=0.000450
2025-12-08 03:02:53 [tracker] [s1] aubio-raw t=86.9615 onset=1.239974 env=0.000132 peak=0.000360 gain=1.000
2025-12-08 03:02:53 [tracker] [s1] onset-below-gate t=86.9615 env=0.000132 onset=1.239974 thresh=0.006000 baseline=0.029117 gate=0.001601 envFloor=0.024750 floor=0.029117 adapt=0.029117 lastPeak=0.000000 calib=0.029117 baseParam=0.000180 gateRatio=0.0550 envParam=0.000450
2025-12-08 03:02:53 [tracker] [s1] aubio-raw t=87.0122 onset=1.183263 env=0.000098 peak=0.000280 gain=1.000
2025-12-08 03:02:53 [tracker] [s1] onset-below-gate t=87.0122 env=0.000098 onset=1.183263 thresh=0.006000 baseline=0.029117 gate=0.001601 envFloor=0.024750 floor=0.029117 adapt=0.029117 lastPeak=0.000000 calib=0.029117 baseParam=0.000180 gateRatio=0.0550 envParam=0.000450
2025-12-08 03:02:53 [tracker] [s1] aubio-raw t=87.1164 onset=0.870846 env=0.000091 peak=0.000239 gain=1.000
2025-12-08 03:02:53 [tracker] [s1] onset-below-gate t=87.1164 env=0.000091 onset=0.870846 thresh=0.006000 baseline=0.029117 gate=0.001601 envFloor=0.024750 floor=0.029117 adapt=0.029117 lastPeak=0.000000 calib=0.029117 baseParam=0.000180 gateRatio=0.0550 envParam=0.000450
2025-12-08 03:02:53 [tracker] [s1] aubio-raw t=87.2045 onset=0.857696 env=0.000110 peak=0.000307 gain=1.000
2025-12-08 03:02:53 [tracker] [s1] onset-below-gate t=87.2045 env=0.000110 onset=0.857696 thresh=0.006000 baseline=0.029117 gate=0.001601 envFloor=0.024750 floor=0.029117 adapt=0.029117 lastPeak=0.000000 calib=0.029117 baseParam=0.000180 gateRatio=0.0550 envParam=0.000450
2025-12-08 03:02:53 [tracker] [s1] aubio-raw t=87.3941 onset=0.647591 env=0.000109 peak=0.000312 gain=1.000
2025-12-08 03:02:53 [tracker] [s1] onset-below-gate t=87.3941 env=0.000109 onset=0.647591 thresh=0.006000 baseline=0.029117 gate=0.001601 envFloor=0.024750 floor=0.029117 adapt=0.029117 lastPeak=0.000000 calib=0.029117 baseParam=0.000180 gateRatio=0.0550 envParam=0.000450
2025-12-08 03:02:53 [tracker] [s1] aubio-raw t=87.6264 onset=0.844407 env=0.000118 peak=0.000318 gain=1.000
2025-12-08 03:02:53 [tracker] [s1] onset-below-gate t=87.6264 env=0.000118 onset=0.844407 thresh=0.006000 baseline=0.029117 gate=0.001601 envFloor=0.024750 floor=0.029117 adapt=0.029117 lastPeak=0.000000 calib=0.029117 baseParam=0.000180 gateRatio=0.0550 envParam=0.000450
2025-12-08 03:02:54 [tracker] [s1] aubio-raw t=88.0083 onset=0.717038 env=0.000100 peak=0.000241 gain=1.000
2025-12-08 03:02:54 [tracker] [s1] onset-below-gate t=88.0083 env=0.000100 onset=0.717038 thresh=0.006000 baseline=0.029117 gate=0.001601 envFloor=0.024750 floor=0.029117 adapt=0.029117 lastPeak=0.000000 calib=0.029117 baseParam=0.000180 gateRatio=0.0550 envParam=0.000450
2025-12-08 03:02:54 [tracker] [s1] aubio-raw t=88.2272 onset=1.285372 env=0.000104 peak=0.000355 gain=1.000
2025-12-08 03:02:54 [tracker] [s1] onset-below-gate t=88.2272 env=0.000104 onset=1.285372 thresh=0.006000 baseline=0.029117 gate=0.001601 envFloor=0.024750 floor=0.029117 adapt=0.029117 lastPeak=0.000000 calib=0.029117 baseParam=0.000180 gateRatio=0.0550 envParam=0.000450
2025-12-08 03:02:54 [tracker] [s1] aubio-raw t=88.3501 onset=1.124030 env=0.000167 peak=0.000412 gain=1.000
2025-12-08 03:02:54 [tracker] [s1] onset-below-gate t=88.3501 env=0.000167 onset=1.124030 thresh=0.006000 baseline=0.029117 gate=0.001601 envFloor=0.024750 floor=0.029117 adapt=0.029117 lastPeak=0.000000 calib=0.029117 baseParam=0.000180 gateRatio=0.0550 envParam=0.000450
2025-12-08 03:02:55 [tracker] [s1] aubio-raw t=88.8788 onset=1.444214 env=0.000107 peak=0.000311 gain=1.000
2025-12-08 03:02:55 [tracker] [s1] onset-below-gate t=88.8788 env=0.000107 onset=1.444214 thresh=0.006000 baseline=0.029117 gate=0.001601 envFloor=0.024750 floor=0.029117 adapt=0.029117 lastPeak=0.000000 calib=0.029117 baseParam=0.000180 gateRatio=0.0550 envParam=0.000450
2025-12-08 03:02:55 [tracker] [s1] aubio-raw t=89.1325 onset=0.998095 env=0.000110 peak=0.000239 gain=1.000
2025-12-08 03:02:55 [tracker] [s1] onset-below-gate t=89.1325 env=0.000110 onset=0.998095 thresh=0.006000 baseline=0.029117 gate=0.001601 envFloor=0.024750 floor=0.029117 adapt=0.029117 lastPeak=0.000000 calib=0.029117 baseParam=0.000180 gateRatio=0.0550 envParam=0.000450
2025-12-08 03:02:55 [tracker] [s1] aubio-raw t=89.2473 onset=1.270709 env=0.000150 peak=0.000385 gain=1.000
2025-12-08 03:02:55 [tracker] [s1] onset-below-gate t=89.2473 env=0.000150 onset=1.270709 thresh=0.006000 baseline=0.029117 gate=0.001601 envFloor=0.024750 floor=0.029117 adapt=0.029117 lastPeak=0.000000 calib=0.029117 baseParam=0.000180 gateRatio=0.0550 envParam=0.000450
2025-12-08 03:02:55 [tracker] [s1] aubio-raw t=89.5864 onset=0.995109 env=0.000078 peak=0.000221 gain=1.000
2025-12-08 03:02:55 [tracker] [s1] onset-below-gate t=89.5864 env=0.000078 onset=0.995109 thresh=0.006000 baseline=0.029117 gate=0.001601 envFloor=0.024750 floor=0.029117 adapt=0.029117 lastPeak=0.000000 calib=0.029117 baseParam=0.000180 gateRatio=0.0550 envParam=0.000450
2025-12-08 03:02:56 [tracker] [s1] aubio-raw t=90.2193 onset=1.166683 env=0.000103 peak=0.000334 gain=1.000
2025-12-08 03:02:56 [tracker] [s1] onset-below-gate t=90.2193 env=0.000103 onset=1.166683 thresh=0.006000 baseline=0.029117 gate=0.001601 envFloor=0.024750 floor=0.029117 adapt=0.029117 lastPeak=0.000000 calib=0.029117 baseParam=0.000180 gateRatio=0.0550 envParam=0.000450
2025-12-08 03:02:56 [tracker] [s1] aubio-raw t=90.3207 onset=0.923433 env=0.000114 peak=0.000249 gain=1.000
2025-12-08 03:02:56 [tracker] [s1] onset-below-gate t=90.3207 env=0.000114 onset=0.923433 thresh=0.006000 baseline=0.029117 gate=0.001601 envFloor=0.024750 floor=0.029117 adapt=0.029117 lastPeak=0.000000 calib=0.029117 baseParam=0.000180 gateRatio=0.0550 envParam=0.000450
2025-12-08 03:02:56 [tracker] [s1] aubio-raw t=90.4249 onset=1.436016 env=0.000093 peak=0.000319 gain=1.000
2025-12-08 03:02:56 [tracker] [s1] onset-below-gate t=90.4249 env=0.000093 onset=1.436016 thresh=0.006000 baseline=0.029117 gate=0.001601 envFloor=0.024750 floor=0.029117 adapt=0.029117 lastPeak=0.000000 calib=0.029117 baseParam=0.000180 gateRatio=0.0550 envParam=0.000450
2025-12-08 03:02:56 [tracker] [s1] aubio-raw t=90.6438 onset=0.962049 env=0.000120 peak=0.000273 gain=1.000
2025-12-08 03:02:56 [tracker] [s1] onset-below-gate t=90.6438 env=0.000120 onset=0.962049 thresh=0.006000 baseline=0.029117 gate=0.001601 envFloor=0.024750 floor=0.029117 adapt=0.029117 lastPeak=0.000000 calib=0.029117 baseParam=0.000180 gateRatio=0.0550 envParam=0.000450
2025-12-08 03:02:57 [tracker] [s1] aubio-raw t=91.0337 onset=0.777698 env=0.000172 peak=0.000355 gain=1.000
2025-12-08 03:02:57 [tracker] [s1] onset-below-gate t=91.0337 env=0.000172 onset=0.777698 thresh=0.006000 baseline=0.029117 gate=0.001601 envFloor=0.024750 floor=0.029117 adapt=0.029117 lastPeak=0.000000 calib=0.029117 baseParam=0.000180 gateRatio=0.0550 envParam=0.000450
2025-12-08 03:02:57 [tracker] [s1] aubio-raw t=91.8081 onset=0.991921 env=0.000137 peak=0.000346 gain=1.000
2025-12-08 03:02:57 [tracker] [s1] onset-below-gate t=91.8081 env=0.000137 onset=0.991921 thresh=0.006000 baseline=0.029117 gate=0.001601 envFloor=0.024750 floor=0.029117 adapt=0.029117 lastPeak=0.000000 calib=0.029117 baseParam=0.000180 gateRatio=0.0550 envParam=0.000450
2025-12-08 03:02:58 [tracker] [s1] aubio-raw t=92.0110 onset=0.996492 env=0.000115 peak=0.000275 gain=1.000
2025-12-08 03:02:58 [tracker] [s1] onset-below-gate t=92.0110 env=0.000115 onset=0.996492 thresh=0.006000 baseline=0.029117 gate=0.001601 envFloor=0.024750 floor=0.029117 adapt=0.029117 lastPeak=0.000000 calib=0.029117 baseParam=0.000180 gateRatio=0.0550 envParam=0.000450
2025-12-08 03:02:58 [tracker] [s1] aubio-raw t=92.2060 onset=0.952866 env=0.000157 peak=0.000368 gain=1.000
2025-12-08 03:02:58 [tracker] [s1] onset-below-gate t=92.2060 env=0.000157 onset=0.952866 thresh=0.006000 baseline=0.029117 gate=0.001601 envFloor=0.024750 floor=0.029117 adapt=0.029117 lastPeak=0.000000 calib=0.029117 baseParam=0.000180 gateRatio=0.0550 envParam=0.000450
2025-12-08 03:02:58 [tracker] [s1] aubio-raw t=92.5638 onset=0.933077 env=0.000071 peak=0.000191 gain=1.000
2025-12-08 03:02:58 [tracker] [s1] onset-below-gate t=92.5638 env=0.000071 onset=0.933077 thresh=0.006000 baseline=0.029117 gate=0.001601 envFloor=0.024750 floor=0.029117 adapt=0.029117 lastPeak=0.000000 calib=0.029117 baseParam=0.000180 gateRatio=0.0550 envParam=0.000450
2025-12-08 03:02:58 [tracker] [s1] aubio-raw t=92.7053 onset=1.111511 env=0.000101 peak=0.000230 gain=1.000
2025-12-08 03:02:58 [tracker] [s1] onset-below-gate t=92.7053 env=0.000101 onset=1.111511 thresh=0.006000 baseline=0.029117 gate=0.001601 envFloor=0.024750 floor=0.029117 adapt=0.029117 lastPeak=0.000000 calib=0.029117 baseParam=0.000180 gateRatio=0.0550 envParam=0.000450
2025-12-08 03:02:59 [tracker] [s1] aubio-raw t=93.2420 onset=0.555547 env=0.000141 peak=0.000319 gain=1.000
2025-12-08 03:02:59 [tracker] [s1] onset-below-gate t=93.2420 env=0.000141 onset=0.555547 thresh=0.006000 baseline=0.029117 gate=0.001601 envFloor=0.024750 floor=0.029117 adapt=0.029117 lastPeak=0.000000 calib=0.029117 baseParam=0.000180 gateRatio=0.0550 envParam=0.000450
2025-12-08 03:02:59 [tracker] [s1] aubio-raw t=93.4610 onset=0.902316 env=0.000110 peak=0.000317 gain=1.000
2025-12-08 03:02:59 [tracker] [s1] onset-below-gate t=93.4610 env=0.000110 onset=0.902316 thresh=0.006000 baseline=0.029117 gate=0.001601 envFloor=0.024750 floor=0.029117 adapt=0.029117 lastPeak=0.000000 calib=0.029117 baseParam=0.000180 gateRatio=0.0550 envParam=0.000450
2025-12-08 03:02:59 [tracker] [s1] aubio-raw t=93.7120 onset=1.159138 env=0.000131 peak=0.000345 gain=1.000
2025-12-08 03:02:59 [tracker] [s1] onset-below-gate t=93.7120 env=0.000131 onset=1.159138 thresh=0.006000 baseline=0.029117 gate=0.001601 envFloor=0.024750 floor=0.029117 adapt=0.029117 lastPeak=0.000000 calib=0.029117 baseParam=0.000180 gateRatio=0.0550 envParam=0.000450
2025-12-08 03:03:00 [tracker] [s1] aubio-raw t=94.0084 onset=1.034273 env=0.000169 peak=0.000420 gain=1.000
2025-12-08 03:03:00 [tracker] [s1] onset-below-gate t=94.0084 env=0.000169 onset=1.034273 thresh=0.006000 baseline=0.029117 gate=0.001601 envFloor=0.024750 floor=0.029117 adapt=0.029117 lastPeak=0.000000 calib=0.029117 baseParam=0.000180 gateRatio=0.0550 envParam=0.000450
2025-12-08 03:03:00 [tracker] [s1] aubio-raw t=94.1339 onset=0.856087 env=0.000139 peak=0.000268 gain=1.000
2025-12-08 03:03:00 [tracker] [s1] onset-below-gate t=94.1339 env=0.000139 onset=0.856087 thresh=0.006000 baseline=0.029117 gate=0.001601 envFloor=0.024750 floor=0.029117 adapt=0.029117 lastPeak=0.000000 calib=0.029117 baseParam=0.000180 gateRatio=0.0550 envParam=0.000450
2025-12-08 03:03:00 [tracker] [s1] aubio-raw t=94.4437 onset=0.996388 env=0.000122 peak=0.000277 gain=1.000
2025-12-08 03:03:00 [tracker] [s1] onset-below-gate t=94.4437 env=0.000122 onset=0.996388 thresh=0.006000 baseline=0.029117 gate=0.001601 envFloor=0.024750 floor=0.029117 adapt=0.029117 lastPeak=0.000000 calib=0.029117 baseParam=0.000180 gateRatio=0.0550 envParam=0.000450
2025-12-08 03:03:01 [tracker] [s1] aubio-raw t=94.9590 onset=0.897872 env=0.000141 peak=0.000326 gain=1.000
2025-12-08 03:03:01 [tracker] [s1] onset-below-gate t=94.9590 env=0.000141 onset=0.897872 thresh=0.006000 baseline=0.029117 gate=0.001601 envFloor=0.024750 floor=0.029117 adapt=0.029117 lastPeak=0.000000 calib=0.029117 baseParam=0.000180 gateRatio=0.0550 envParam=0.000450
2025-12-08 03:03:01 [tracker] [s1] aubio-raw t=95.0285 onset=0.872435 env=0.000113 peak=0.000291 gain=1.000
2025-12-08 03:03:01 [tracker] [s1] onset-below-gate t=95.0285 env=0.000113 onset=0.872435 thresh=0.006000 baseline=0.029117 gate=0.001601 envFloor=0.024750 floor=0.029117 adapt=0.029117 lastPeak=0.000000 calib=0.029117 baseParam=0.000180 gateRatio=0.0550 envParam=0.000450
2025-12-08 03:03:01 [tracker] [s1] aubio-raw t=95.3142 onset=0.526817 env=0.000086 peak=0.000198 gain=1.000
2025-12-08 03:03:01 [tracker] [s1] onset-below-gate t=95.3142 env=0.000086 onset=0.526817 thresh=0.006000 baseline=0.029117 gate=0.001601 envFloor=0.024750 floor=0.029117 adapt=0.029117 lastPeak=0.000000 calib=0.029117 baseParam=0.000180 gateRatio=0.0550 envParam=0.000450
2025-12-08 03:03:02 [tracker] [s1] aubio-raw t=96.2621 onset=0.847812 env=0.000118 peak=0.000355 gain=1.000
2025-12-08 03:03:02 [tracker] [s1] onset-below-gate t=96.2621 env=0.000118 onset=0.847812 thresh=0.006000 baseline=0.029117 gate=0.001601 envFloor=0.024750 floor=0.029117 adapt=0.029117 lastPeak=0.000000 calib=0.029117 baseParam=0.000180 gateRatio=0.0550 envParam=0.000450
2025-12-08 03:03:02 [tracker] [s1] aubio-raw t=96.7107 onset=0.999227 env=0.000118 peak=0.000282 gain=1.000
2025-12-08 03:03:02 [tracker] [s1] onset-below-gate t=96.7107 env=0.000118 onset=0.999227 thresh=0.006000 baseline=0.029117 gate=0.001601 envFloor=0.024750 floor=0.029117 adapt=0.029117 lastPeak=0.000000 calib=0.029117 baseParam=0.000180 gateRatio=0.0550 envParam=0.000450
2025-12-08 03:03:02 [tracker] [s1] aubio-raw t=96.7695 onset=1.115264 env=0.000163 peak=0.000412 gain=1.000
2025-12-08 03:03:02 [tracker] [s1] onset-below-gate t=96.7695 env=0.000163 onset=1.115264 thresh=0.006000 baseline=0.029117 gate=0.001601 envFloor=0.024750 floor=0.029117 adapt=0.029117 lastPeak=0.000000 calib=0.029117 baseParam=0.000180 gateRatio=0.0550 envParam=0.000450
2025-12-08 03:03:03 [tracker] [s1] aubio-raw t=96.9831 onset=1.164260 env=0.000089 peak=0.000227 gain=1.000
2025-12-08 03:03:03 [tracker] [s1] onset-below-gate t=96.9831 env=0.000089 onset=1.164260 thresh=0.006000 baseline=0.029117 gate=0.001601 envFloor=0.024750 floor=0.029117 adapt=0.029117 lastPeak=0.000000 calib=0.029117 baseParam=0.000180 gateRatio=0.0550 envParam=0.000450
2025-12-08 03:03:03 [tracker] [s1] aubio-raw t=97.3650 onset=0.999667 env=0.000124 peak=0.000365 gain=1.000
2025-12-08 03:03:03 [tracker] [s1] onset-below-gate t=97.3650 env=0.000124 onset=0.999667 thresh=0.006000 baseline=0.029117 gate=0.001601 envFloor=0.024750 floor=0.029117 adapt=0.029117 lastPeak=0.000000 calib=0.029117 baseParam=0.000180 gateRatio=0.0550 envParam=0.000450
2025-12-08 03:03:03 [tracker] [s1] aubio-raw t=97.5225 onset=0.997292 env=0.000104 peak=0.000274 gain=1.000
2025-12-08 03:03:03 [tracker] [s1] onset-below-gate t=97.5225 env=0.000104 onset=0.997292 thresh=0.006000 baseline=0.029117 gate=0.001601 envFloor=0.024750 floor=0.029117 adapt=0.029117 lastPeak=0.000000 calib=0.029117 baseParam=0.000180 gateRatio=0.0550 envParam=0.000450
2025-12-08 03:03:03 [tracker] [s1] aubio-raw t=97.7869 onset=0.996821 env=0.000133 peak=0.000421 gain=1.000
2025-12-08 03:03:03 [tracker] [s1] onset-below-gate t=97.7869 env=0.000133 onset=0.996821 thresh=0.006000 baseline=0.029117 gate=0.001601 envFloor=0.024750 floor=0.029117 adapt=0.029117 lastPeak=0.000000 calib=0.029117 baseParam=0.000180 gateRatio=0.0550 envParam=0.000450
2025-12-08 03:03:04 [tracker] [s1] aubio-raw t=98.0112 onset=1.153608 env=0.000108 peak=0.000278 gain=1.000
2025-12-08 03:03:04 [tracker] [s1] onset-below-gate t=98.0112 env=0.000108 onset=1.153608 thresh=0.006000 baseline=0.029117 gate=0.001601 envFloor=0.024750 floor=0.029117 adapt=0.029117 lastPeak=0.000000 calib=0.029117 baseParam=0.000180 gateRatio=0.0550 envParam=0.000450
2025-12-08 03:03:04 [tracker] [s1] aubio-raw t=98.0619 onset=1.374962 env=0.000134 peak=0.000388 gain=1.000
2025-12-08 03:03:04 [tracker] [s1] onset-below-gate t=98.0619 env=0.000134 onset=1.374962 thresh=0.006000 baseline=0.029117 gate=0.001601 envFloor=0.024750 floor=0.029117 adapt=0.029117 lastPeak=0.000000 calib=0.029117 baseParam=0.000180 gateRatio=0.0550 envParam=0.000450
2025-12-08 03:03:04 [tracker] [s1] aubio-raw t=98.4304 onset=0.891997 env=0.000129 peak=0.000295 gain=1.000
2025-12-08 03:03:04 [tracker] [s1] onset-below-gate t=98.4304 env=0.000129 onset=0.891997 thresh=0.006000 baseline=0.029117 gate=0.001601 envFloor=0.024750 floor=0.029117 adapt=0.029117 lastPeak=0.000000 calib=0.029117 baseParam=0.000180 gateRatio=0.0550 envParam=0.000450
2025-12-08 03:03:04 [tracker] [s1] aubio-raw t=98.5746 onset=1.111447 env=0.000163 peak=0.000397 gain=1.000
2025-12-08 03:03:04 [tracker] [s1] onset-below-gate t=98.5746 env=0.000163 onset=1.111447 thresh=0.006000 baseline=0.029117 gate=0.001601 envFloor=0.024750 floor=0.029117 adapt=0.029117 lastPeak=0.000000 calib=0.029117 baseParam=0.000180 gateRatio=0.0550 envParam=0.000450
2025-12-08 03:03:04 [tracker] [s1] aubio-raw t=98.6387 onset=0.994376 env=0.000133 peak=0.000322 gain=1.000
2025-12-08 03:03:04 [tracker] [s1] onset-below-gate t=98.6387 env=0.000133 onset=0.994376 thresh=0.006000 baseline=0.029117 gate=0.001601 envFloor=0.024750 floor=0.029117 adapt=0.029117 lastPeak=0.000000 calib=0.029117 baseParam=0.000180 gateRatio=0.0550 envParam=0.000450
2025-12-08 03:03:04 [tracker] [s1] aubio-raw t=98.7108 onset=1.379515 env=0.000128 peak=0.000298 gain=1.000
2025-12-08 03:03:04 [tracker] [s1] onset-below-gate t=98.7108 env=0.000128 onset=1.379515 thresh=0.006000 baseline=0.029117 gate=0.001601 envFloor=0.024750 floor=0.029117 adapt=0.029117 lastPeak=0.000000 calib=0.029117 baseParam=0.000180 gateRatio=0.0550 envParam=0.000450
2025-12-08 03:03:04 [tracker] [s1] aubio-raw t=98.8096 onset=1.010970 env=0.000105 peak=0.000263 gain=1.000
2025-12-08 03:03:04 [tracker] [s1] onset-below-gate t=98.8096 env=0.000105 onset=1.010970 thresh=0.006000 baseline=0.029117 gate=0.001601 envFloor=0.024750 floor=0.029117 adapt=0.029117 lastPeak=0.000000 calib=0.029117 baseParam=0.000180 gateRatio=0.0550 envParam=0.000450
2025-12-08 03:03:05 [tracker] [s1] aubio-raw t=99.6748 onset=1.172365 env=0.000116 peak=0.000302 gain=1.000
2025-12-08 03:03:05 [tracker] [s1] onset-below-gate t=99.6748 env=0.000116 onset=1.172365 thresh=0.006000 baseline=0.029117 gate=0.001601 envFloor=0.024750 floor=0.029117 adapt=0.029117 lastPeak=0.000000 calib=0.029117 baseParam=0.000180 gateRatio=0.0550 envParam=0.000450
2025-12-08 03:03:06 [tracker] [s1] aubio-raw t=100.0619 onset=1.160599 env=0.000105 peak=0.000283 gain=1.000
2025-12-08 03:03:06 [tracker] [s1] onset-below-gate t=100.0619 env=0.000105 onset=1.160599 thresh=0.006000 baseline=0.029117 gate=0.001601 envFloor=0.024750 floor=0.029117 adapt=0.029117 lastPeak=0.000000 calib=0.029117 baseParam=0.000180 gateRatio=0.0550 envParam=0.000450
2025-12-08 03:03:07 [tracker] [s1] aubio-raw t=101.0633 onset=1.457924 env=0.000139 peak=0.000384 gain=1.000
2025-12-08 03:03:07 [tracker] [s1] onset-below-gate t=101.0633 env=0.000139 onset=1.457924 thresh=0.006000 baseline=0.029117 gate=0.001601 envFloor=0.024750 floor=0.029117 adapt=0.029117 lastPeak=0.000000 calib=0.029117 baseParam=0.000180 gateRatio=0.0550 envParam=0.000450
2025-12-08 03:03:07 [tracker] [s1] aubio-raw t=101.1461 onset=0.889824 env=0.000108 peak=0.000292 gain=1.000
2025-12-08 03:03:07 [tracker] [s1] onset-below-gate t=101.1461 env=0.000108 onset=0.889824 thresh=0.006000 baseline=0.029117 gate=0.001601 envFloor=0.024750 floor=0.029117 adapt=0.029117 lastPeak=0.000000 calib=0.029117 baseParam=0.000180 gateRatio=0.0550 envParam=0.000450
2025-12-08 03:03:07 [tracker] [s1] aubio-raw t=101.3597 onset=1.045179 env=0.000099 peak=0.000238 gain=1.000
2025-12-08 03:03:07 [tracker] [s1] onset-below-gate t=101.3597 env=0.000099 onset=1.045179 thresh=0.006000 baseline=0.029117 gate=0.001601 envFloor=0.024750 floor=0.029117 adapt=0.029117 lastPeak=0.000000 calib=0.029117 baseParam=0.000180 gateRatio=0.0550 envParam=0.000450
2025-12-08 03:03:08 [tracker] [s1] aubio-raw t=101.8350 onset=0.945236 env=0.000119 peak=0.000344 gain=1.000
2025-12-08 03:03:08 [tracker] [s1] onset-below-gate t=101.8350 env=0.000119 onset=0.945236 thresh=0.006000 baseline=0.029117 gate=0.001601 envFloor=0.024750 floor=0.029117 adapt=0.029117 lastPeak=0.000000 calib=0.029117 baseParam=0.000180 gateRatio=0.0550 envParam=0.000450
2025-12-08 03:03:08 [tracker] [s1] aubio-raw t=102.0700 onset=1.123366 env=0.000141 peak=0.000370 gain=1.000
2025-12-08 03:03:08 [tracker] [s1] onset-below-gate t=102.0700 env=0.000141 onset=1.123366 thresh=0.006000 baseline=0.029117 gate=0.001601 envFloor=0.024750 floor=0.029117 adapt=0.029117 lastPeak=0.000000 calib=0.029117 baseParam=0.000180 gateRatio=0.0550 envParam=0.000450
2025-12-08 03:03:08 [tracker] [s1] aubio-raw t=102.1715 onset=1.004560 env=0.000115 peak=0.000283 gain=1.000
2025-12-08 03:03:08 [tracker] [s1] onset-below-gate t=102.1715 env=0.000115 onset=1.004560 thresh=0.006000 baseline=0.029117 gate=0.001601 envFloor=0.024750 floor=0.029117 adapt=0.029117 lastPeak=0.000000 calib=0.029117 baseParam=0.000180 gateRatio=0.0550 envParam=0.000450
2025-12-08 03:03:09 [tracker] [s1] aubio-raw t=102.8310 onset=0.745779 env=0.000128 peak=0.000340 gain=1.000
2025-12-08 03:03:09 [tracker] [s1] onset-below-gate t=102.8310 env=0.000128 onset=0.745779 thresh=0.006000 baseline=0.029117 gate=0.001601 envFloor=0.024750 floor=0.029117 adapt=0.029117 lastPeak=0.000000 calib=0.029117 baseParam=0.000180 gateRatio=0.0550 envParam=0.000450
2025-12-08 03:03:09 [tracker] [s1] aubio-raw t=103.0313 onset=0.998699 env=0.000110 peak=0.000340 gain=1.000
2025-12-08 03:03:09 [tracker] [s1] onset-below-gate t=103.0313 env=0.000110 onset=0.998699 thresh=0.006000 baseline=0.029117 gate=0.001601 envFloor=0.024750 floor=0.029117 adapt=0.029117 lastPeak=0.000000 calib=0.029117 baseParam=0.000180 gateRatio=0.0550 envParam=0.000450
2025-12-08 03:03:09 [tracker] [s1] aubio-raw t=103.1114 onset=0.997196 env=0.000131 peak=0.000291 gain=1.000
2025-12-08 03:03:09 [tracker] [s1] onset-below-gate t=103.1114 env=0.000131 onset=0.997196 thresh=0.006000 baseline=0.029117 gate=0.001601 envFloor=0.024750 floor=0.029117 adapt=0.029117 lastPeak=0.000000 calib=0.029117 baseParam=0.000180 gateRatio=0.0550 envParam=0.000450
2025-12-08 03:03:09 [tracker] [s1] aubio-raw t=103.4265 onset=1.104130 env=0.000139 peak=0.000379 gain=1.000
2025-12-08 03:03:09 [tracker] [s1] onset-below-gate t=103.4265 env=0.000139 onset=1.104130 thresh=0.006000 baseline=0.029117 gate=0.001601 envFloor=0.024750 floor=0.029117 adapt=0.029117 lastPeak=0.000000 calib=0.029117 baseParam=0.000180 gateRatio=0.0550 envParam=0.000450
2025-12-08 03:03:09 [tracker] [s1] aubio-raw t=103.5974 onset=1.271967 env=0.000136 peak=0.000399 gain=1.000
2025-12-08 03:03:09 [tracker] [s1] onset-below-gate t=103.5974 env=0.000136 onset=1.271967 thresh=0.006000 baseline=0.029117 gate=0.001601 envFloor=0.024750 floor=0.029117 adapt=0.029117 lastPeak=0.000000 calib=0.029117 baseParam=0.000180 gateRatio=0.0550 envParam=0.000450
2025-12-08 03:03:09 [tracker] [s1] aubio-raw t=103.6722 onset=0.986446 env=0.000134 peak=0.000340 gain=1.000
2025-12-08 03:03:09 [tracker] [s1] onset-below-gate t=103.6722 env=0.000134 onset=0.986446 thresh=0.006000 baseline=0.029117 gate=0.001601 envFloor=0.024750 floor=0.029117 adapt=0.029117 lastPeak=0.000000 calib=0.029117 baseParam=0.000180 gateRatio=0.0550 envParam=0.000450
2025-12-08 03:03:10 [tracker] [s1] aubio-raw t=103.8778 onset=0.999216 env=0.000102 peak=0.000246 gain=1.000
2025-12-08 03:03:10 [tracker] [s1] onset-below-gate t=103.8778 env=0.000102 onset=0.999216 thresh=0.006000 baseline=0.029117 gate=0.001601 envFloor=0.024750 floor=0.029117 adapt=0.029117 lastPeak=0.000000 calib=0.029117 baseParam=0.000180 gateRatio=0.0550 envParam=0.000450
2025-12-08 03:03:10 [tracker] [s1] aubio-raw t=103.9552 onset=1.025052 env=0.000136 peak=0.000325 gain=1.000
2025-12-08 03:03:10 [tracker] [s1] onset-below-gate t=103.9552 env=0.000136 onset=1.025052 thresh=0.006000 baseline=0.029117 gate=0.001601 envFloor=0.024750 floor=0.029117 adapt=0.029117 lastPeak=0.000000 calib=0.029117 baseParam=0.000180 gateRatio=0.0550 envParam=0.000450
2025-12-08 03:03:10 [tracker] [s1] aubio-raw t=104.0300 onset=0.640686 env=0.000124 peak=0.000304 gain=1.000
2025-12-08 03:03:10 [tracker] [s1] onset-below-gate t=104.0300 env=0.000124 onset=0.640686 thresh=0.006000 baseline=0.029117 gate=0.001601 envFloor=0.024750 floor=0.029117 adapt=0.029117 lastPeak=0.000000 calib=0.029117 baseParam=0.000180 gateRatio=0.0550 envParam=0.000450
2025-12-08 03:03:10 [tracker] [s1] aubio-raw t=104.1475 onset=0.894642 env=0.000119 peak=0.000262 gain=1.000
2025-12-08 03:03:10 [tracker] [s1] onset-below-gate t=104.1475 env=0.000119 onset=0.894642 thresh=0.006000 baseline=0.029117 gate=0.001601 envFloor=0.024750 floor=0.029117 adapt=0.029117 lastPeak=0.000000 calib=0.029117 baseParam=0.000180 gateRatio=0.0550 envParam=0.000450
2025-12-08 03:03:10 [tracker] [s1] aubio-raw t=104.2169 onset=0.811059 env=0.000091 peak=0.000209 gain=1.000
2025-12-08 03:03:10 [tracker] [s1] onset-below-gate t=104.2169 env=0.000091 onset=0.811059 thresh=0.006000 baseline=0.029117 gate=0.001601 envFloor=0.024750 floor=0.029117 adapt=0.029117 lastPeak=0.000000 calib=0.029117 baseParam=0.000180 gateRatio=0.0550 envParam=0.000450
2025-12-08 03:03:10 [tracker] [s1] aubio-raw t=104.7510 onset=1.478013 env=0.000138 peak=0.000340 gain=1.000
2025-12-08 03:03:10 [tracker] [s1] onset-below-gate t=104.7510 env=0.000138 onset=1.478013 thresh=0.006000 baseline=0.029117 gate=0.001601 envFloor=0.024750 floor=0.029117 adapt=0.029117 lastPeak=0.000000 calib=0.029117 baseParam=0.000180 gateRatio=0.0550 envParam=0.000450
2025-12-08 03:03:11 [tracker] [s1] aubio-raw t=104.8898 onset=1.001809 env=0.000129 peak=0.000342 gain=1.000
2025-12-08 03:03:11 [tracker] [s1] onset-below-gate t=104.8898 env=0.000129 onset=1.001809 thresh=0.006000 baseline=0.029117 gate=0.001601 envFloor=0.024750 floor=0.029117 adapt=0.029117 lastPeak=0.000000 calib=0.029117 baseParam=0.000180 gateRatio=0.0550 envParam=0.000450
2025-12-08 03:03:11 [tracker] [s1] aubio-raw t=105.5360 onset=0.783555 env=0.000088 peak=0.000205 gain=1.000
2025-12-08 03:03:11 [tracker] [s1] onset-below-gate t=105.5360 env=0.000088 onset=0.783555 thresh=0.006000 baseline=0.029117 gate=0.001601 envFloor=0.024750 floor=0.029117 adapt=0.029117 lastPeak=0.000000 calib=0.029117 baseParam=0.000180 gateRatio=0.0550 envParam=0.000450
2025-12-08 03:03:11 [tracker] [s1] aubio-raw t=105.5948 onset=1.159531 env=0.000133 peak=0.000343 gain=1.000
2025-12-08 03:03:11 [tracker] [s1] onset-below-gate t=105.5948 env=0.000133 onset=1.159531 thresh=0.006000 baseline=0.029117 gate=0.001601 envFloor=0.024750 floor=0.029117 adapt=0.029117 lastPeak=0.000000 calib=0.029117 baseParam=0.000180 gateRatio=0.0550 envParam=0.000450
2025-12-08 03:03:11 [tracker] [s1] aubio-raw t=105.6695 onset=1.316645 env=0.000147 peak=0.000307 gain=1.000
2025-12-08 03:03:11 [tracker] [s1] onset-below-gate t=105.6695 env=0.000147 onset=1.316645 thresh=0.006000 baseline=0.029117 gate=0.001601 envFloor=0.024750 floor=0.029117 adapt=0.029117 lastPeak=0.000000 calib=0.029117 baseParam=0.000180 gateRatio=0.0550 envParam=0.000450
2025-12-08 03:03:11 [tracker] [s1] aubio-raw t=105.8004 onset=0.997777 env=0.000084 peak=0.000250 gain=1.000
2025-12-08 03:03:11 [tracker] [s1] onset-below-gate t=105.8004 env=0.000084 onset=0.997777 thresh=0.006000 baseline=0.029117 gate=0.001601 envFloor=0.024750 floor=0.029117 adapt=0.029117 lastPeak=0.000000 calib=0.029117 baseParam=0.000180 gateRatio=0.0550 envParam=0.000450
2025-12-08 03:03:12 [tracker] [s1] aubio-raw t=105.9499 onset=0.869435 env=0.000112 peak=0.000234 gain=1.000
2025-12-08 03:03:12 [tracker] [s1] onset-below-gate t=105.9499 env=0.000112 onset=0.869435 thresh=0.006000 baseline=0.029117 gate=0.001601 envFloor=0.024750 floor=0.029117 adapt=0.029117 lastPeak=0.000000 calib=0.029117 baseParam=0.000180 gateRatio=0.0550 envParam=0.000450
2025-12-08 03:03:12 [tracker] [s1] aubio-raw t=106.1235 onset=0.804642 env=0.000111 peak=0.000334 gain=1.000
2025-12-08 03:03:12 [tracker] [s1] onset-below-gate t=106.1235 env=0.000111 onset=0.804642 thresh=0.006000 baseline=0.029117 gate=0.001601 envFloor=0.024750 floor=0.029117 adapt=0.029117 lastPeak=0.000000 calib=0.029117 baseParam=0.000180 gateRatio=0.0550 envParam=0.000450
2025-12-08 03:03:12 [tracker] [s1] aubio-raw t=106.1769 onset=1.073697 env=0.000094 peak=0.000247 gain=1.000
2025-12-08 03:03:12 [tracker] [s1] onset-below-gate t=106.1769 env=0.000094 onset=1.073697 thresh=0.006000 baseline=0.029117 gate=0.001601 envFloor=0.024750 floor=0.029117 adapt=0.029117 lastPeak=0.000000 calib=0.029117 baseParam=0.000180 gateRatio=0.0550 envParam=0.000450
2025-12-08 03:03:12 [tracker] [s1] aubio-raw t=106.4359 onset=0.867733 env=0.000137 peak=0.000361 gain=1.000
2025-12-08 03:03:12 [tracker] [s1] onset-below-gate t=106.4359 env=0.000137 onset=0.867733 thresh=0.006000 baseline=0.029117 gate=0.001601 envFloor=0.024750 floor=0.029117 adapt=0.029117 lastPeak=0.000000 calib=0.029117 baseParam=0.000180 gateRatio=0.0550 envParam=0.000450
2025-12-08 03:03:12 [tracker] [s1] aubio-raw t=106.5214 onset=0.996205 env=0.000113 peak=0.000342 gain=1.000
2025-12-08 03:03:12 [tracker] [s1] onset-below-gate t=106.5214 env=0.000113 onset=0.996205 thresh=0.006000 baseline=0.029117 gate=0.001601 envFloor=0.024750 floor=0.029117 adapt=0.029117 lastPeak=0.000000 calib=0.029117 baseParam=0.000180 gateRatio=0.0550 envParam=0.000450
2025-12-08 03:03:12 [tracker] [s1] aubio-raw t=106.8124 onset=0.739922 env=0.000150 peak=0.000405 gain=1.000
2025-12-08 03:03:12 [tracker] [s1] onset-below-gate t=106.8124 env=0.000150 onset=0.739922 thresh=0.006000 baseline=0.029117 gate=0.001601 envFloor=0.024750 floor=0.029117 adapt=0.029117 lastPeak=0.000000 calib=0.029117 baseParam=0.000180 gateRatio=0.0550 envParam=0.000450
2025-12-08 03:03:13 [tracker] [s1] aubio-raw t=107.1168 onset=0.657140 env=0.000200 peak=0.000515 gain=1.000
2025-12-08 03:03:13 [tracker] [s1] onset-below-gate t=107.1168 env=0.000200 onset=0.657140 thresh=0.006000 baseline=0.029117 gate=0.001601 envFloor=0.024750 floor=0.029117 adapt=0.029117 lastPeak=0.000000 calib=0.029117 baseParam=0.000180 gateRatio=0.0550 envParam=0.000450
2025-12-08 03:03:13 [tracker] [s1] aubio-raw t=107.2664 onset=0.999541 env=0.000142 peak=0.000360 gain=1.000
2025-12-08 03:03:13 [tracker] [s1] onset-below-gate t=107.2664 env=0.000142 onset=0.999541 thresh=0.006000 baseline=0.029117 gate=0.001601 envFloor=0.024750 floor=0.029117 adapt=0.029117 lastPeak=0.000000 calib=0.029117 baseParam=0.000180 gateRatio=0.0550 envParam=0.000450
2025-12-08 03:03:13 [tracker] [s1] aubio-raw t=107.5281 onset=0.678164 env=0.000108 peak=0.000309 gain=1.000
2025-12-08 03:03:13 [tracker] [s1] onset-below-gate t=107.5281 env=0.000108 onset=0.678164 thresh=0.006000 baseline=0.029117 gate=0.001601 envFloor=0.024750 floor=0.029117 adapt=0.029117 lastPeak=0.000000 calib=0.029117 baseParam=0.000180 gateRatio=0.0550 envParam=0.000450
2025-12-08 03:03:13 [tracker] [s1] aubio-raw t=107.7096 onset=1.002763 env=0.000105 peak=0.000299 gain=1.000
2025-12-08 03:03:13 [tracker] [s1] onset-below-gate t=107.7096 env=0.000105 onset=1.002763 thresh=0.006000 baseline=0.029117 gate=0.001601 envFloor=0.024750 floor=0.029117 adapt=0.029117 lastPeak=0.000000 calib=0.029117 baseParam=0.000180 gateRatio=0.0550 envParam=0.000450
2025-12-08 03:03:14 [tracker] [s1] aubio-raw t=108.0514 onset=1.409113 env=0.000106 peak=0.000301 gain=1.000
2025-12-08 03:03:14 [tracker] [s1] onset-below-gate t=108.0514 env=0.000106 onset=1.409113 thresh=0.006000 baseline=0.029117 gate=0.001601 envFloor=0.024750 floor=0.029117 adapt=0.029117 lastPeak=0.000000 calib=0.029117 baseParam=0.000180 gateRatio=0.0550 envParam=0.000450
2025-12-08 03:03:14 [tracker] [s1] aubio-raw t=108.3532 onset=1.393626 env=0.000111 peak=0.000240 gain=1.000
2025-12-08 03:03:14 [tracker] [s1] onset-below-gate t=108.3532 env=0.000111 onset=1.393626 thresh=0.006000 baseline=0.029117 gate=0.001601 envFloor=0.024750 floor=0.029117 adapt=0.029117 lastPeak=0.000000 calib=0.029117 baseParam=0.000180 gateRatio=0.0550 envParam=0.000450
2025-12-08 03:03:14 [tracker] [s1] aubio-raw t=108.4920 onset=0.990135 env=0.000210 peak=0.000412 gain=1.000
2025-12-08 03:03:14 [tracker] [s1] onset-below-gate t=108.4920 env=0.000210 onset=0.990135 thresh=0.006000 baseline=0.029117 gate=0.001601 envFloor=0.024750 floor=0.029117 adapt=0.029117 lastPeak=0.000000 calib=0.029117 baseParam=0.000180 gateRatio=0.0550 envParam=0.000450
2025-12-08 03:03:14 [tracker] [s1] aubio-raw t=108.5882 onset=0.996719 env=0.000123 peak=0.000290 gain=1.000
2025-12-08 03:03:14 [tracker] [s1] onset-below-gate t=108.5882 env=0.000123 onset=0.996719 thresh=0.006000 baseline=0.029117 gate=0.001601 envFloor=0.024750 floor=0.029117 adapt=0.029117 lastPeak=0.000000 calib=0.029117 baseParam=0.000180 gateRatio=0.0550 envParam=0.000450
2025-12-08 03:03:14 [tracker] [s1] aubio-raw t=108.7350 onset=0.998833 env=0.000138 peak=0.000376 gain=1.000
2025-12-08 03:03:14 [tracker] [s1] onset-below-gate t=108.7350 env=0.000138 onset=0.998833 thresh=0.006000 baseline=0.029117 gate=0.001601 envFloor=0.024750 floor=0.029117 adapt=0.029117 lastPeak=0.000000 calib=0.029117 baseParam=0.000180 gateRatio=0.0550 envParam=0.000450
2025-12-08 03:03:14 [tracker] [s1] aubio-raw t=108.8071 onset=0.668802 env=0.000164 peak=0.000379 gain=1.000
2025-12-08 03:03:14 [tracker] [s1] onset-below-gate t=108.8071 env=0.000164 onset=0.668802 thresh=0.006000 baseline=0.029117 gate=0.001601 envFloor=0.024750 floor=0.029117 adapt=0.029117 lastPeak=0.000000 calib=0.029117 baseParam=0.000180 gateRatio=0.0550 envParam=0.000450
2025-12-08 03:03:15 [tracker] [s1] aubio-raw t=108.9113 onset=0.706898 env=0.000130 peak=0.000366 gain=1.000
2025-12-08 03:03:15 [tracker] [s1] onset-below-gate t=108.9113 env=0.000130 onset=0.706898 thresh=0.006000 baseline=0.029117 gate=0.001601 envFloor=0.024750 floor=0.029117 adapt=0.029117 lastPeak=0.000000 calib=0.029117 baseParam=0.000180 gateRatio=0.0550 envParam=0.000450
2025-12-08 03:03:15 [tracker] [s1] aubio-raw t=109.0768 onset=1.117892 env=0.000113 peak=0.000312 gain=1.000
2025-12-08 03:03:15 [tracker] [s1] onset-below-gate t=109.0768 env=0.000113 onset=1.117892 thresh=0.006000 baseline=0.029117 gate=0.001601 envFloor=0.024750 floor=0.029117 adapt=0.029117 lastPeak=0.000000 calib=0.029117 baseParam=0.000180 gateRatio=0.0550 envParam=0.000450
2025-12-08 03:03:15 [tracker] [s1] aubio-raw t=109.3011 onset=1.418393 env=0.000147 peak=0.000346 gain=1.000
2025-12-08 03:03:15 [tracker] [s1] onset-below-gate t=109.3011 env=0.000147 onset=1.418393 thresh=0.006000 baseline=0.029117 gate=0.001601 envFloor=0.024750 floor=0.029117 adapt=0.029117 lastPeak=0.000000 calib=0.029117 baseParam=0.000180 gateRatio=0.0550 envParam=0.000450
2025-12-08 03:03:15 [tracker] [s1] aubio-raw t=109.5388 onset=0.869925 env=0.000121 peak=0.000284 gain=1.000
2025-12-08 03:03:15 [tracker] [s1] onset-below-gate t=109.5388 env=0.000121 onset=0.869925 thresh=0.006000 baseline=0.029117 gate=0.001601 envFloor=0.024750 floor=0.029117 adapt=0.029117 lastPeak=0.000000 calib=0.029117 baseParam=0.000180 gateRatio=0.0550 envParam=0.000450
2025-12-08 03:03:16 [tracker] [s1] aubio-raw t=110.1476 onset=0.735476 env=0.000104 peak=0.000276 gain=1.000
2025-12-08 03:03:16 [tracker] [s1] onset-below-gate t=110.1476 env=0.000104 onset=0.735476 thresh=0.006000 baseline=0.029117 gate=0.001601 envFloor=0.024750 floor=0.029117 adapt=0.029117 lastPeak=0.000000 calib=0.029117 baseParam=0.000180 gateRatio=0.0550 envParam=0.000450
2025-12-08 03:03:16 [tracker] [s1] aubio-raw t=110.3719 onset=0.993769 env=0.000149 peak=0.000388 gain=1.000
2025-12-08 03:03:16 [tracker] [s1] onset-below-gate t=110.3719 env=0.000149 onset=0.993769 thresh=0.006000 baseline=0.029117 gate=0.001601 envFloor=0.024750 floor=0.029117 adapt=0.029117 lastPeak=0.000000 calib=0.029117 baseParam=0.000180 gateRatio=0.0550 envParam=0.000450
2025-12-08 03:03:16 [tracker] [s1] aubio-raw t=110.5108 onset=0.673229 env=0.000137 peak=0.000333 gain=1.000
2025-12-08 03:03:16 [tracker] [s1] onset-below-gate t=110.5108 env=0.000137 onset=0.673229 thresh=0.006000 baseline=0.029117 gate=0.001601 envFloor=0.024750 floor=0.029117 adapt=0.029117 lastPeak=0.000000 calib=0.029117 baseParam=0.000180 gateRatio=0.0550 envParam=0.000450
2025-12-08 03:03:16 [tracker] [s1] aubio-raw t=110.6123 onset=1.002457 env=0.000088 peak=0.000191 gain=1.000
2025-12-08 03:03:16 [tracker] [s1] onset-below-gate t=110.6123 env=0.000088 onset=1.002457 thresh=0.006000 baseline=0.029117 gate=0.001601 envFloor=0.024750 floor=0.029117 adapt=0.029117 lastPeak=0.000000 calib=0.029117 baseParam=0.000180 gateRatio=0.0550 envParam=0.000450
2025-12-08 03:03:16 [tracker] [s1] aubio-raw t=110.7938 onset=1.021074 env=0.000129 peak=0.000308 gain=1.000
2025-12-08 03:03:16 [tracker] [s1] onset-below-gate t=110.7938 env=0.000129 onset=1.021074 thresh=0.006000 baseline=0.029117 gate=0.001601 envFloor=0.024750 floor=0.029117 adapt=0.029117 lastPeak=0.000000 calib=0.029117 baseParam=0.000180 gateRatio=0.0550 envParam=0.000450
2025-12-08 03:03:17 [tracker] [s1] aubio-raw t=110.9060 onset=0.980091 env=0.000092 peak=0.000230 gain=1.000
2025-12-08 03:03:17 [tracker] [s1] onset-below-gate t=110.9060 env=0.000092 onset=0.980091 thresh=0.006000 baseline=0.029117 gate=0.001601 envFloor=0.024750 floor=0.029117 adapt=0.029117 lastPeak=0.000000 calib=0.029117 baseParam=0.000180 gateRatio=0.0550 envParam=0.000450
2025-12-08 03:03:17 [tracker] [s1] aubio-raw t=111.0075 onset=1.345573 env=0.000138 peak=0.000307 gain=1.000
2025-12-08 03:03:17 [tracker] [s1] onset-below-gate t=111.0075 env=0.000138 onset=1.345573 thresh=0.006000 baseline=0.029117 gate=0.001601 envFloor=0.024750 floor=0.029117 adapt=0.029117 lastPeak=0.000000 calib=0.029117 baseParam=0.000180 gateRatio=0.0550 envParam=0.000450
2025-12-08 03:03:17 [tracker] [s1] aubio-raw t=111.0742 onset=1.031959 env=0.000113 peak=0.000255 gain=1.000
2025-12-08 03:03:17 [tracker] [s1] onset-below-gate t=111.0742 env=0.000113 onset=1.031959 thresh=0.006000 baseline=0.029117 gate=0.001601 envFloor=0.024750 floor=0.029117 adapt=0.029117 lastPeak=0.000000 calib=0.029117 baseParam=0.000180 gateRatio=0.0550 envParam=0.000450
2025-12-08 03:03:17 [tracker] [s1] aubio-raw t=111.4481 onset=0.996253 env=0.000098 peak=0.000323 gain=1.000
2025-12-08 03:03:17 [tracker] [s1] onset-below-gate t=111.4481 env=0.000098 onset=0.996253 thresh=0.006000 baseline=0.029117 gate=0.001601 envFloor=0.024750 floor=0.029117 adapt=0.029117 lastPeak=0.000000 calib=0.029117 baseParam=0.000180 gateRatio=0.0550 envParam=0.000450
2025-12-08 03:03:18 [tracker] [s1] aubio-raw t=111.9127 onset=0.999619 env=0.000111 peak=0.000257 gain=1.000
2025-12-08 03:03:18 [tracker] [s1] onset-below-gate t=111.9127 env=0.000111 onset=0.999619 thresh=0.006000 baseline=0.029117 gate=0.001601 envFloor=0.024750 floor=0.029117 adapt=0.029117 lastPeak=0.000000 calib=0.029117 baseParam=0.000180 gateRatio=0.0550 envParam=0.000450
2025-12-08 03:03:18 [tracker] [s1] aubio-raw t=112.2091 onset=0.997270 env=0.000123 peak=0.000358 gain=1.000
2025-12-08 03:03:18 [tracker] [s1] onset-below-gate t=112.2091 env=0.000123 onset=0.997270 thresh=0.006000 baseline=0.029117 gate=0.001601 envFloor=0.024750 floor=0.029117 adapt=0.029117 lastPeak=0.000000 calib=0.029117 baseParam=0.000180 gateRatio=0.0550 envParam=0.000450
2025-12-08 03:03:18 [tracker] [s1] aubio-raw t=112.6016 onset=0.998757 env=0.000147 peak=0.000312 gain=1.000
2025-12-08 03:03:18 [tracker] [s1] onset-below-gate t=112.6016 env=0.000147 onset=0.998757 thresh=0.006000 baseline=0.029117 gate=0.001601 envFloor=0.024750 floor=0.029117 adapt=0.029117 lastPeak=0.000000 calib=0.029117 baseParam=0.000180 gateRatio=0.0550 envParam=0.000450
2025-12-08 03:03:18 [tracker] [s1] aubio-raw t=112.7618 onset=1.019020 env=0.000136 peak=0.000380 gain=1.000
2025-12-08 03:03:18 [tracker] [s1] onset-below-gate t=112.7618 env=0.000136 onset=1.019020 thresh=0.006000 baseline=0.029117 gate=0.001601 envFloor=0.024750 floor=0.029117 adapt=0.029117 lastPeak=0.000000 calib=0.029117 baseParam=0.000180 gateRatio=0.0550 envParam=0.000450
2025-12-08 03:03:19 [tracker] [s1] aubio-raw t=112.8580 onset=1.089589 env=0.000149 peak=0.000415 gain=1.000
2025-12-08 03:03:19 [tracker] [s1] onset-below-gate t=112.8580 env=0.000149 onset=1.089589 thresh=0.006000 baseline=0.029117 gate=0.001601 envFloor=0.024750 floor=0.029117 adapt=0.029117 lastPeak=0.000000 calib=0.029117 baseParam=0.000180 gateRatio=0.0550 envParam=0.000450
2025-12-08 03:03:19 [tracker] [s1] aubio-raw t=113.0636 onset=1.126224 env=0.000113 peak=0.000320 gain=1.000
2025-12-08 03:03:19 [tracker] [s1] onset-below-gate t=113.0636 env=0.000113 onset=1.126224 thresh=0.006000 baseline=0.029117 gate=0.001601 envFloor=0.024750 floor=0.029117 adapt=0.029117 lastPeak=0.000000 calib=0.029117 baseParam=0.000180 gateRatio=0.0550 envParam=0.000450
2025-12-08 03:03:19 [tracker] [s1] aubio-raw t=113.2104 onset=0.995067 env=0.000103 peak=0.000275 gain=1.000
2025-12-08 03:03:19 [tracker] [s1] onset-below-gate t=113.2104 env=0.000103 onset=0.995067 thresh=0.006000 baseline=0.029117 gate=0.001601 envFloor=0.024750 floor=0.029117 adapt=0.029117 lastPeak=0.000000 calib=0.029117 baseParam=0.000180 gateRatio=0.0550 envParam=0.000450
2025-12-08 03:03:19 [tracker] [s1] aubio-raw t=113.2986 onset=1.430250 env=0.000098 peak=0.000240 gain=1.000
2025-12-08 03:03:19 [tracker] [s1] onset-below-gate t=113.2986 env=0.000098 onset=1.430250 thresh=0.006000 baseline=0.029117 gate=0.001601 envFloor=0.024750 floor=0.029117 adapt=0.029117 lastPeak=0.000000 calib=0.029117 baseParam=0.000180 gateRatio=0.0550 envParam=0.000450
2025-12-08 03:03:19 [tracker] [s1] aubio-raw t=113.6270 onset=0.824940 env=0.000107 peak=0.000251 gain=1.000
2025-12-08 03:03:19 [tracker] [s1] onset-below-gate t=113.6270 env=0.000107 onset=0.824940 thresh=0.006000 baseline=0.029117 gate=0.001601 envFloor=0.024750 floor=0.029117 adapt=0.029117 lastPeak=0.000000 calib=0.029117 baseParam=0.000180 gateRatio=0.0550 envParam=0.000450
2025-12-08 03:03:20 [tracker] [s1] aubio-raw t=113.8967 onset=0.992344 env=0.000108 peak=0.000234 gain=1.000
2025-12-08 03:03:20 [tracker] [s1] onset-below-gate t=113.8967 env=0.000108 onset=0.992344 thresh=0.006000 baseline=0.029117 gate=0.001601 envFloor=0.024750 floor=0.029117 adapt=0.029117 lastPeak=0.000000 calib=0.029117 baseParam=0.000180 gateRatio=0.0550 envParam=0.000450
2025-12-08 03:03:20 [tracker] [s1] aubio-raw t=114.0996 onset=0.994632 env=0.000100 peak=0.000220 gain=1.000
2025-12-08 03:03:20 [tracker] [s1] onset-below-gate t=114.0996 env=0.000100 onset=0.994632 thresh=0.006000 baseline=0.029117 gate=0.001601 envFloor=0.024750 floor=0.029117 adapt=0.029117 lastPeak=0.000000 calib=0.029117 baseParam=0.000180 gateRatio=0.0550 envParam=0.000450
2025-12-08 03:03:20 [tracker] [s1] aubio-raw t=114.1691 onset=1.250123 env=0.000142 peak=0.000366 gain=1.000
2025-12-08 03:03:20 [tracker] [s1] onset-below-gate t=114.1691 env=0.000142 onset=1.250123 thresh=0.006000 baseline=0.029117 gate=0.001601 envFloor=0.024750 floor=0.029117 adapt=0.029117 lastPeak=0.000000 calib=0.029117 baseParam=0.000180 gateRatio=0.0550 envParam=0.000450
2025-12-08 03:03:20 [tracker] [s1] aubio-raw t=114.5669 onset=0.977730 env=0.000119 peak=0.000273 gain=1.000
2025-12-08 03:03:20 [tracker] [s1] onset-below-gate t=114.5669 env=0.000119 onset=0.977730 thresh=0.006000 baseline=0.029117 gate=0.001601 envFloor=0.024750 floor=0.029117 adapt=0.029117 lastPeak=0.000000 calib=0.029117 baseParam=0.000180 gateRatio=0.0550 envParam=0.000450
2025-12-08 03:03:20 [tracker] [s1] aubio-raw t=114.7378 onset=1.039046 env=0.000118 peak=0.000355 gain=1.000
2025-12-08 03:03:20 [tracker] [s1] onset-below-gate t=114.7378 env=0.000118 onset=1.039046 thresh=0.006000 baseline=0.029117 gate=0.001601 envFloor=0.024750 floor=0.029117 adapt=0.029117 lastPeak=0.000000 calib=0.029117 baseParam=0.000180 gateRatio=0.0550 envParam=0.000450
2025-12-08 03:03:21 [tracker] [s1] aubio-raw t=114.9755 onset=0.996447 env=0.000142 peak=0.000411 gain=1.000
2025-12-08 03:03:21 [tracker] [s1] onset-below-gate t=114.9755 env=0.000142 onset=0.996447 thresh=0.006000 baseline=0.029117 gate=0.001601 envFloor=0.024750 floor=0.029117 adapt=0.029117 lastPeak=0.000000 calib=0.029117 baseParam=0.000180 gateRatio=0.0550 envParam=0.000450
2025-12-08 03:03:21 [tracker] [s1] aubio-raw t=115.2025 onset=0.983841 env=0.000101 peak=0.000265 gain=1.000
2025-12-08 03:03:21 [tracker] [s1] onset-below-gate t=115.2025 env=0.000101 onset=0.983841 thresh=0.006000 baseline=0.029117 gate=0.001601 envFloor=0.024750 floor=0.029117 adapt=0.029117 lastPeak=0.000000 calib=0.029117 baseParam=0.000180 gateRatio=0.0550 envParam=0.000450
2025-12-08 03:03:21 [tracker] [s1] aubio-raw t=115.2959 onset=0.646330 env=0.000108 peak=0.000325 gain=1.000
2025-12-08 03:03:21 [tracker] [s1] onset-below-gate t=115.2959 env=0.000108 onset=0.646330 thresh=0.006000 baseline=0.029117 gate=0.001601 envFloor=0.024750 floor=0.029117 adapt=0.029117 lastPeak=0.000000 calib=0.029117 baseParam=0.000180 gateRatio=0.0550 envParam=0.000450
2025-12-08 03:03:21 [tracker] [s1] aubio-raw t=115.4321 onset=1.019538 env=0.000109 peak=0.000328 gain=1.000
2025-12-08 03:03:21 [tracker] [s1] onset-below-gate t=115.4321 env=0.000109 onset=1.019538 thresh=0.006000 baseline=0.029117 gate=0.001601 envFloor=0.024750 floor=0.029117 adapt=0.029117 lastPeak=0.000000 calib=0.029117 baseParam=0.000180 gateRatio=0.0550 envParam=0.000450
2025-12-08 03:03:21 [tracker] [s1] aubio-raw t=115.5229 onset=1.364115 env=0.000150 peak=0.000337 gain=1.000
2025-12-08 03:03:21 [tracker] [s1] onset-below-gate t=115.5229 env=0.000150 onset=1.364115 thresh=0.006000 baseline=0.029117 gate=0.001601 envFloor=0.024750 floor=0.029117 adapt=0.029117 lastPeak=0.000000 calib=0.029117 baseParam=0.000180 gateRatio=0.0550 envParam=0.000450
2025-12-08 03:03:21 [tracker] [s1] aubio-raw t=115.6084 onset=1.207897 env=0.000132 peak=0.000303 gain=1.000
2025-12-08 03:03:21 [tracker] [s1] onset-below-gate t=115.6084 env=0.000132 onset=1.207897 thresh=0.006000 baseline=0.029117 gate=0.001601 envFloor=0.024750 floor=0.029117 adapt=0.029117 lastPeak=0.000000 calib=0.029117 baseParam=0.000180 gateRatio=0.0550 envParam=0.000450
2025-12-08 03:03:21 [tracker] [s1] aubio-raw t=115.7125 onset=1.376302 env=0.000121 peak=0.000353 gain=1.000
2025-12-08 03:03:21 [tracker] [s1] onset-below-gate t=115.7125 env=0.000121 onset=1.376302 thresh=0.006000 baseline=0.029117 gate=0.001601 envFloor=0.024750 floor=0.029117 adapt=0.029117 lastPeak=0.000000 calib=0.029117 baseParam=0.000180 gateRatio=0.0550 envParam=0.000450
2025-12-08 03:03:22 [tracker] [s1] aubio-raw t=115.8700 onset=1.067593 env=0.000153 peak=0.000348 gain=1.000
2025-12-08 03:03:22 [tracker] [s1] onset-below-gate t=115.8700 env=0.000153 onset=1.067593 thresh=0.006000 baseline=0.029117 gate=0.001601 envFloor=0.024750 floor=0.029117 adapt=0.029117 lastPeak=0.000000 calib=0.029117 baseParam=0.000180 gateRatio=0.0550 envParam=0.000450
2025-12-08 03:03:22 [tracker] [s1] aubio-raw t=115.9395 onset=1.367213 env=0.000085 peak=0.000234 gain=1.000
2025-12-08 03:03:22 [tracker] [s1] onset-below-gate t=115.9395 env=0.000085 onset=1.367213 thresh=0.006000 baseline=0.029117 gate=0.001601 envFloor=0.024750 floor=0.029117 adapt=0.029117 lastPeak=0.000000 calib=0.029117 baseParam=0.000180 gateRatio=0.0550 envParam=0.000450
2025-12-08 03:03:22 [tracker] [s1] aubio-raw t=116.6311 onset=0.782679 env=0.000132 peak=0.000379 gain=1.000
2025-12-08 03:03:22 [tracker] [s1] onset-below-gate t=116.6311 env=0.000132 onset=0.782679 thresh=0.006000 baseline=0.029117 gate=0.001601 envFloor=0.024750 floor=0.029117 adapt=0.029117 lastPeak=0.000000 calib=0.029117 baseParam=0.000180 gateRatio=0.0550 envParam=0.000450
2025-12-08 03:03:22 [tracker] [s1] aubio-raw t=116.7940 onset=0.988005 env=0.000085 peak=0.000208 gain=1.000
2025-12-08 03:03:22 [tracker] [s1] onset-below-gate t=116.7940 env=0.000085 onset=0.988005 thresh=0.006000 baseline=0.029117 gate=0.001601 envFloor=0.024750 floor=0.029117 adapt=0.029117 lastPeak=0.000000 calib=0.029117 baseParam=0.000180 gateRatio=0.0550 envParam=0.000450
2025-12-08 03:03:23 [tracker] [s1] aubio-raw t=117.3254 onset=1.004423 env=0.000105 peak=0.000260 gain=1.000
2025-12-08 03:03:23 [tracker] [s1] onset-below-gate t=117.3254 env=0.000105 onset=1.004423 thresh=0.006000 baseline=0.029117 gate=0.001601 envFloor=0.024750 floor=0.029117 adapt=0.029117 lastPeak=0.000000 calib=0.029117 baseParam=0.000180 gateRatio=0.0550 envParam=0.000450
2025-12-08 03:03:23 [tracker] [s1] aubio-raw t=117.7286 onset=0.762203 env=0.000081 peak=0.000221 gain=1.000
2025-12-08 03:03:23 [tracker] [s1] onset-below-gate t=117.7286 env=0.000081 onset=0.762203 thresh=0.006000 baseline=0.029117 gate=0.001601 envFloor=0.024750 floor=0.029117 adapt=0.029117 lastPeak=0.000000 calib=0.029117 baseParam=0.000180 gateRatio=0.0550 envParam=0.000450
2025-12-08 03:03:24 [tracker] [s1] aubio-raw t=118.3507 onset=0.994319 env=0.000117 peak=0.000435 gain=1.000
2025-12-08 03:03:24 [tracker] [s1] onset-below-gate t=118.3507 env=0.000117 onset=0.994319 thresh=0.006000 baseline=0.029117 gate=0.001601 envFloor=0.024750 floor=0.029117 adapt=0.029117 lastPeak=0.000000 calib=0.029117 baseParam=0.000180 gateRatio=0.0550 envParam=0.000450
2025-12-08 03:03:24 [tracker] [s1] aubio-raw t=118.4949 onset=0.607479 env=0.000097 peak=0.000255 gain=1.000
2025-12-08 03:03:24 [tracker] [s1] onset-below-gate t=118.4949 env=0.000097 onset=0.607479 thresh=0.006000 baseline=0.029117 gate=0.001601 envFloor=0.024750 floor=0.029117 adapt=0.029117 lastPeak=0.000000 calib=0.029117 baseParam=0.000180 gateRatio=0.0550 envParam=0.000450
2025-12-08 03:03:24 [tracker] [s1] aubio-raw t=118.6739 onset=1.340070 env=0.000125 peak=0.000286 gain=1.000
2025-12-08 03:03:24 [tracker] [s1] onset-below-gate t=118.6739 env=0.000125 onset=1.340070 thresh=0.006000 baseline=0.029117 gate=0.001601 envFloor=0.024750 floor=0.029117 adapt=0.029117 lastPeak=0.000000 calib=0.029117 baseParam=0.000180 gateRatio=0.0550 envParam=0.000450
2025-12-08 03:03:25 [tracker] [s1] aubio-raw t=118.9062 onset=1.034689 env=0.000134 peak=0.000378 gain=1.000
2025-12-08 03:03:25 [tracker] [s1] onset-below-gate t=118.9062 env=0.000134 onset=1.034689 thresh=0.006000 baseline=0.029117 gate=0.001601 envFloor=0.024750 floor=0.029117 adapt=0.029117 lastPeak=0.000000 calib=0.029117 baseParam=0.000180 gateRatio=0.0550 envParam=0.000450
2025-12-08 03:03:25 [tracker] [s1] aubio-raw t=119.2026 onset=0.995158 env=0.000167 peak=0.000400 gain=1.000
2025-12-08 03:03:25 [tracker] [s1] onset-below-gate t=119.2026 env=0.000167 onset=0.995158 thresh=0.006000 baseline=0.029117 gate=0.001601 envFloor=0.024750 floor=0.029117 adapt=0.029117 lastPeak=0.000000 calib=0.029117 baseParam=0.000180 gateRatio=0.0550 envParam=0.000450
2025-12-08 03:03:25 [tracker] [s1] aubio-raw t=119.3788 onset=0.505459 env=0.000131 peak=0.000319 gain=1.000
2025-12-08 03:03:25 [tracker] [s1] onset-below-gate t=119.3788 env=0.000131 onset=0.505459 thresh=0.006000 baseline=0.029117 gate=0.001601 envFloor=0.024750 floor=0.029117 adapt=0.029117 lastPeak=0.000000 calib=0.029117 baseParam=0.000180 gateRatio=0.0550 envParam=0.000450
2025-12-08 03:03:25 [tracker] [s1] aubio-raw t=119.6245 onset=0.882522 env=0.000152 peak=0.000343 gain=1.000
2025-12-08 03:03:25 [tracker] [s1] onset-below-gate t=119.6245 env=0.000152 onset=0.882522 thresh=0.006000 baseline=0.029117 gate=0.001601 envFloor=0.024750 floor=0.029117 adapt=0.029117 lastPeak=0.000000 calib=0.029117 baseParam=0.000180 gateRatio=0.0550 envParam=0.000450
2025-12-08 03:03:26 [tracker] [s1] aubio-raw t=120.0571 onset=0.990024 env=0.000117 peak=0.000337 gain=1.000
2025-12-08 03:03:26 [tracker] [s1] onset-below-gate t=120.0571 env=0.000117 onset=0.990024 thresh=0.006000 baseline=0.029117 gate=0.001601 envFloor=0.024750 floor=0.029117 adapt=0.029117 lastPeak=0.000000 calib=0.029117 baseParam=0.000180 gateRatio=0.0550 envParam=0.000450
2025-12-08 03:03:26 [tracker] [s1] aubio-raw t=120.3775 onset=1.008616 env=0.000125 peak=0.000330 gain=1.000
2025-12-08 03:03:26 [tracker] [s1] onset-below-gate t=120.3775 env=0.000125 onset=1.008616 thresh=0.006000 baseline=0.029117 gate=0.001601 envFloor=0.024750 floor=0.029117 adapt=0.029117 lastPeak=0.000000 calib=0.029117 baseParam=0.000180 gateRatio=0.0550 envParam=0.000450
2025-12-08 03:03:26 [tracker] [s1] aubio-raw t=120.4736 onset=0.887114 env=0.000093 peak=0.000265 gain=1.000
2025-12-08 03:03:26 [tracker] [s1] onset-below-gate t=120.4736 env=0.000093 onset=0.887114 thresh=0.006000 baseline=0.029117 gate=0.001601 envFloor=0.024750 floor=0.029117 adapt=0.029117 lastPeak=0.000000 calib=0.029117 baseParam=0.000180 gateRatio=0.0550 envParam=0.000450
2025-12-08 03:03:26 [tracker] [s1] aubio-raw t=120.7593 onset=0.995018 env=0.000110 peak=0.000296 gain=1.000
2025-12-08 03:03:26 [tracker] [s1] onset-below-gate t=120.7593 env=0.000110 onset=0.995018 thresh=0.006000 baseline=0.029117 gate=0.001601 envFloor=0.024750 floor=0.029117 adapt=0.029117 lastPeak=0.000000 calib=0.029117 baseParam=0.000180 gateRatio=0.0550 envParam=0.000450
2025-12-08 03:03:26 [tracker] [s1] aubio-raw t=120.8101 onset=0.986339 env=0.000167 peak=0.000410 gain=1.000
2025-12-08 03:03:26 [tracker] [s1] onset-below-gate t=120.8101 env=0.000167 onset=0.986339 thresh=0.006000 baseline=0.029117 gate=0.001601 envFloor=0.024750 floor=0.029117 adapt=0.029117 lastPeak=0.000000 calib=0.029117 baseParam=0.000180 gateRatio=0.0550 envParam=0.000450
2025-12-08 03:03:27 [tracker] [s1] aubio-raw t=121.1305 onset=0.805368 env=0.000106 peak=0.000273 gain=1.000
2025-12-08 03:03:27 [tracker] [s1] onset-below-gate t=121.1305 env=0.000106 onset=0.805368 thresh=0.006000 baseline=0.029117 gate=0.001601 envFloor=0.024750 floor=0.029117 adapt=0.029117 lastPeak=0.000000 calib=0.029117 baseParam=0.000180 gateRatio=0.0550 envParam=0.000450
2025-12-08 03:03:27 [tracker] [s1] aubio-raw t=121.2427 onset=1.101869 env=0.000120 peak=0.000261 gain=1.000
2025-12-08 03:03:27 [tracker] [s1] onset-below-gate t=121.2427 env=0.000120 onset=1.101869 thresh=0.006000 baseline=0.029117 gate=0.001601 envFloor=0.024750 floor=0.029117 adapt=0.029117 lastPeak=0.000000 calib=0.029117 baseParam=0.000180 gateRatio=0.0550 envParam=0.000450
2025-12-08 03:03:27 [tracker] [s1] aubio-raw t=121.3869 onset=1.105938 env=0.000114 peak=0.000307 gain=1.000
2025-12-08 03:03:27 [tracker] [s1] onset-below-gate t=121.3869 env=0.000114 onset=1.105938 thresh=0.006000 baseline=0.029117 gate=0.001601 envFloor=0.024750 floor=0.029117 adapt=0.029117 lastPeak=0.000000 calib=0.029117 baseParam=0.000180 gateRatio=0.0550 envParam=0.000450
2025-12-08 03:03:27 [tracker] [s1] aubio-raw t=121.4830 onset=1.268300 env=0.000090 peak=0.000246 gain=1.000
2025-12-08 03:03:27 [tracker] [s1] onset-below-gate t=121.4830 env=0.000090 onset=1.268300 thresh=0.006000 baseline=0.029117 gate=0.001601 envFloor=0.024750 floor=0.029117 adapt=0.029117 lastPeak=0.000000 calib=0.029117 baseParam=0.000180 gateRatio=0.0550 envParam=0.000450
2025-12-08 03:03:27 [tracker] [s1] aubio-raw t=121.5364 onset=1.031393 env=0.000137 peak=0.000326 gain=1.000
2025-12-08 03:03:27 [tracker] [s1] onset-below-gate t=121.5364 env=0.000137 onset=1.031393 thresh=0.006000 baseline=0.029117 gate=0.001601 envFloor=0.024750 floor=0.029117 adapt=0.029117 lastPeak=0.000000 calib=0.029117 baseParam=0.000180 gateRatio=0.0550 envParam=0.000450
2025-12-08 03:03:27 [tracker] [s1] aubio-raw t=121.6325 onset=0.997644 env=0.000090 peak=0.000241 gain=1.000
2025-12-08 03:03:27 [tracker] [s1] onset-below-gate t=121.6325 env=0.000090 onset=0.997644 thresh=0.006000 baseline=0.029117 gate=0.001601 envFloor=0.024750 floor=0.029117 adapt=0.029117 lastPeak=0.000000 calib=0.029117 baseParam=0.000180 gateRatio=0.0550 envParam=0.000450
2025-12-08 03:03:28 [tracker] [s1] aubio-raw t=122.2600 onset=0.999646 env=0.000096 peak=0.000295 gain=1.000
2025-12-08 03:03:28 [tracker] [s1] onset-below-gate t=122.2600 env=0.000096 onset=0.999646 thresh=0.006000 baseline=0.029117 gate=0.001601 envFloor=0.024750 floor=0.029117 adapt=0.029117 lastPeak=0.000000 calib=0.029117 baseParam=0.000180 gateRatio=0.0550 envParam=0.000450
2025-12-08 03:03:28 [tracker] [s1] aubio-raw t=122.7167 onset=1.001484 env=0.000083 peak=0.000221 gain=1.000
2025-12-08 03:03:28 [tracker] [s1] onset-below-gate t=122.7167 env=0.000083 onset=1.001484 thresh=0.006000 baseline=0.029117 gate=0.001601 envFloor=0.024750 floor=0.029117 adapt=0.029117 lastPeak=0.000000 calib=0.029117 baseParam=0.000180 gateRatio=0.0550 envParam=0.000450
2025-12-08 03:03:28 [tracker] [s1] aubio-raw t=122.8208 onset=0.826012 env=0.000242 peak=0.000463 gain=1.000
2025-12-08 03:03:28 [tracker] [s1] onset-below-gate t=122.8208 env=0.000242 onset=0.826012 thresh=0.006000 baseline=0.029117 gate=0.001601 envFloor=0.024750 floor=0.029117 adapt=0.029117 lastPeak=0.000000 calib=0.029117 baseParam=0.000180 gateRatio=0.0550 envParam=0.000450
2025-12-08 03:03:29 [tracker] [s1] aubio-raw t=123.2694 onset=1.497968 env=0.000128 peak=0.000295 gain=1.000
2025-12-08 03:03:29 [tracker] [s1] onset-below-gate t=123.2694 env=0.000128 onset=1.497968 thresh=0.006000 baseline=0.029117 gate=0.001601 envFloor=0.024750 floor=0.029117 adapt=0.029117 lastPeak=0.000000 calib=0.029117 baseParam=0.000180 gateRatio=0.0550 envParam=0.000450
2025-12-08 03:03:29 [tracker] [s1] aubio-raw t=123.3709 onset=1.160062 env=0.000125 peak=0.000434 gain=1.000
2025-12-08 03:03:29 [tracker] [s1] onset-below-gate t=123.3709 env=0.000125 onset=1.160062 thresh=0.006000 baseline=0.029117 gate=0.001601 envFloor=0.024750 floor=0.029117 adapt=0.029117 lastPeak=0.000000 calib=0.029117 baseParam=0.000180 gateRatio=0.0550 envParam=0.000450
2025-12-08 03:03:29 [tracker] [s1] aubio-raw t=123.5311 onset=0.751063 env=0.000121 peak=0.000290 gain=1.000
2025-12-08 03:03:29 [tracker] [s1] onset-below-gate t=123.5311 env=0.000121 onset=0.751063 thresh=0.006000 baseline=0.029117 gate=0.001601 envFloor=0.024750 floor=0.029117 adapt=0.029117 lastPeak=0.000000 calib=0.029117 baseParam=0.000180 gateRatio=0.0550 envParam=0.000450
2025-12-08 03:03:29 [tracker] [s1] aubio-raw t=123.7527 onset=1.163824 env=0.000133 peak=0.000349 gain=1.000
2025-12-08 03:03:29 [tracker] [s1] onset-below-gate t=123.7527 env=0.000133 onset=1.163824 thresh=0.006000 baseline=0.029117 gate=0.001601 envFloor=0.024750 floor=0.029117 adapt=0.029117 lastPeak=0.000000 calib=0.029117 baseParam=0.000180 gateRatio=0.0550 envParam=0.000450
2025-12-08 03:03:30 [tracker] [s1] aubio-raw t=123.9370 onset=0.826527 env=0.000101 peak=0.000274 gain=1.000
2025-12-08 03:03:30 [tracker] [s1] onset-below-gate t=123.9370 env=0.000101 onset=0.826527 thresh=0.006000 baseline=0.029117 gate=0.001601 envFloor=0.024750 floor=0.029117 adapt=0.029117 lastPeak=0.000000 calib=0.029117 baseParam=0.000180 gateRatio=0.0550 envParam=0.000450
2025-12-08 03:03:30 [tracker] [s1] aubio-raw t=124.1239 onset=0.930761 env=0.000121 peak=0.000335 gain=1.000
2025-12-08 03:03:30 [tracker] [s1] onset-below-gate t=124.1239 env=0.000121 onset=0.930761 thresh=0.006000 baseline=0.029117 gate=0.001601 envFloor=0.024750 floor=0.029117 adapt=0.029117 lastPeak=0.000000 calib=0.029117 baseParam=0.000180 gateRatio=0.0550 envParam=0.000450
2025-12-08 03:03:30 [tracker] [s1] aubio-raw t=124.6580 onset=0.949361 env=0.000230 peak=0.000465 gain=1.000
2025-12-08 03:03:30 [tracker] [s1] onset-below-gate t=124.6580 env=0.000230 onset=0.949361 thresh=0.006000 baseline=0.029117 gate=0.001601 envFloor=0.024750 floor=0.029117 adapt=0.029117 lastPeak=0.000000 calib=0.029117 baseParam=0.000180 gateRatio=0.0550 envParam=0.000450
2025-12-08 03:03:30 [tracker] [s1] aubio-raw t=124.8075 onset=1.179791 env=0.000163 peak=0.000356 gain=1.000
2025-12-08 03:03:30 [tracker] [s1] onset-below-gate t=124.8075 env=0.000163 onset=1.179791 thresh=0.006000 baseline=0.029117 gate=0.001601 envFloor=0.024750 floor=0.029117 adapt=0.029117 lastPeak=0.000000 calib=0.029117 baseParam=0.000180 gateRatio=0.0550 envParam=0.000450
2025-12-08 03:03:31 [tracker] [s1] aubio-raw t=124.8930 onset=0.847341 env=0.000143 peak=0.000408 gain=1.000
2025-12-08 03:03:31 [tracker] [s1] onset-below-gate t=124.8930 env=0.000143 onset=0.847341 thresh=0.006000 baseline=0.029117 gate=0.001601 envFloor=0.024750 floor=0.029117 adapt=0.029117 lastPeak=0.000000 calib=0.029117 baseParam=0.000180 gateRatio=0.0550 envParam=0.000450
2025-12-08 03:03:31 [tracker] [s1] aubio-raw t=125.0612 onset=1.139583 env=0.000130 peak=0.000305 gain=1.000
2025-12-08 03:03:31 [tracker] [s1] onset-below-gate t=125.0612 env=0.000130 onset=1.139583 thresh=0.006000 baseline=0.029117 gate=0.001601 envFloor=0.024750 floor=0.029117 adapt=0.029117 lastPeak=0.000000 calib=0.029117 baseParam=0.000180 gateRatio=0.0550 envParam=0.000450
2025-12-08 03:03:31 [tracker] [s1] aubio-raw t=125.1226 onset=0.994712 env=0.000153 peak=0.000396 gain=1.000
2025-12-08 03:03:31 [tracker] [s1] onset-below-gate t=125.1226 env=0.000153 onset=0.994712 thresh=0.006000 baseline=0.029117 gate=0.001601 envFloor=0.024750 floor=0.029117 adapt=0.029117 lastPeak=0.000000 calib=0.029117 baseParam=0.000180 gateRatio=0.0550 envParam=0.000450
2025-12-08 03:03:31 [tracker] [s1] aubio-raw t=125.3095 onset=0.993648 env=0.000149 peak=0.000411 gain=1.000
2025-12-08 03:03:31 [tracker] [s1] onset-below-gate t=125.3095 env=0.000149 onset=0.993648 thresh=0.006000 baseline=0.029117 gate=0.001601 envFloor=0.024750 floor=0.029117 adapt=0.029117 lastPeak=0.000000 calib=0.029117 baseParam=0.000180 gateRatio=0.0550 envParam=0.000450
2025-12-08 03:03:31 [tracker] [s1] aubio-raw t=125.6273 onset=1.371681 env=0.000098 peak=0.000278 gain=1.000
2025-12-08 03:03:31 [tracker] [s1] onset-below-gate t=125.6273 env=0.000098 onset=1.371681 thresh=0.006000 baseline=0.029117 gate=0.001601 envFloor=0.024750 floor=0.029117 adapt=0.029117 lastPeak=0.000000 calib=0.029117 baseParam=0.000180 gateRatio=0.0550 envParam=0.000450
2025-12-08 03:03:31 [tracker] [s1] aubio-raw t=125.8329 onset=1.118602 env=0.000125 peak=0.000326 gain=1.000
2025-12-08 03:03:31 [tracker] [s1] onset-below-gate t=125.8329 env=0.000125 onset=1.118602 thresh=0.006000 baseline=0.029117 gate=0.001601 envFloor=0.024750 floor=0.029117 adapt=0.029117 lastPeak=0.000000 calib=0.029117 baseParam=0.000180 gateRatio=0.0550 envParam=0.000450
2025-12-08 03:03:32 [tracker] [s1] aubio-raw t=125.9344 onset=1.102458 env=0.000130 peak=0.000273 gain=1.000
2025-12-08 03:03:32 [tracker] [s1] onset-below-gate t=125.9344 env=0.000130 onset=1.102458 thresh=0.006000 baseline=0.029117 gate=0.001601 envFloor=0.024750 floor=0.029117 adapt=0.029117 lastPeak=0.000000 calib=0.029117 baseParam=0.000180 gateRatio=0.0550 envParam=0.000450
2025-12-08 03:03:32 [tracker] [s1] aubio-raw t=126.0572 onset=0.823115 env=0.000162 peak=0.000330 gain=1.000
2025-12-08 03:03:32 [tracker] [s1] onset-below-gate t=126.0572 env=0.000162 onset=0.823115 thresh=0.006000 baseline=0.029117 gate=0.001601 envFloor=0.024750 floor=0.029117 adapt=0.029117 lastPeak=0.000000 calib=0.029117 baseParam=0.000180 gateRatio=0.0550 envParam=0.000450
2025-12-08 03:03:32 [tracker] [s1] aubio-raw t=126.4497 onset=1.362673 env=0.000095 peak=0.000311 gain=1.000
2025-12-08 03:03:32 [tracker] [s1] onset-below-gate t=126.4497 env=0.000095 onset=1.362673 thresh=0.006000 baseline=0.029117 gate=0.001601 envFloor=0.024750 floor=0.029117 adapt=0.029117 lastPeak=0.000000 calib=0.029117 baseParam=0.000180 gateRatio=0.0550 envParam=0.000450
2025-12-08 03:03:33 [tracker] [s1] aubio-raw t=126.8903 onset=1.024925 env=0.000130 peak=0.000302 gain=1.000
2025-12-08 03:03:33 [tracker] [s1] onset-below-gate t=126.8903 env=0.000130 onset=1.024925 thresh=0.006000 baseline=0.029117 gate=0.001601 envFloor=0.024750 floor=0.029117 adapt=0.029117 lastPeak=0.000000 calib=0.029117 baseParam=0.000180 gateRatio=0.0550 envParam=0.000450
2025-12-08 03:03:33 [tracker] [s1] aubio-raw t=127.1867 onset=0.800950 env=0.000111 peak=0.000312 gain=1.000
2025-12-08 03:03:33 [tracker] [s1] onset-below-gate t=127.1867 env=0.000111 onset=0.800950 thresh=0.006000 baseline=0.029117 gate=0.001601 envFloor=0.024750 floor=0.029117 adapt=0.029117 lastPeak=0.000000 calib=0.029117 baseParam=0.000180 gateRatio=0.0550 envParam=0.000450
2025-12-08 03:03:33 [tracker] [s1] aubio-raw t=127.5899 onset=0.988525 env=0.000076 peak=0.000198 gain=1.000
2025-12-08 03:03:33 [tracker] [s1] onset-below-gate t=127.5899 env=0.000076 onset=0.988525 thresh=0.006000 baseline=0.029117 gate=0.001601 envFloor=0.024750 floor=0.029117 adapt=0.029117 lastPeak=0.000000 calib=0.029117 baseParam=0.000180 gateRatio=0.0550 envParam=0.000450
2025-12-08 03:03:33 [tracker] [s1] aubio-raw t=127.6727 onset=1.081919 env=0.000152 peak=0.000317 gain=1.000
2025-12-08 03:03:33 [tracker] [s1] onset-below-gate t=127.6727 env=0.000152 onset=1.081919 thresh=0.006000 baseline=0.029117 gate=0.001601 envFloor=0.024750 floor=0.029117 adapt=0.029117 lastPeak=0.000000 calib=0.029117 baseParam=0.000180 gateRatio=0.0550 envParam=0.000450
2025-12-08 03:03:33 [tracker] [s1] aubio-raw t=127.7555 onset=0.997778 env=0.000091 peak=0.000256 gain=1.000
2025-12-08 03:03:33 [tracker] [s1] onset-below-gate t=127.7555 env=0.000091 onset=0.997778 thresh=0.006000 baseline=0.029117 gate=0.001601 envFloor=0.024750 floor=0.029117 adapt=0.029117 lastPeak=0.000000 calib=0.029117 baseParam=0.000180 gateRatio=0.0550 envParam=0.000450
2025-12-08 03:03:34 [tracker] [s1] aubio-raw t=127.8677 onset=1.223963 env=0.000156 peak=0.000381 gain=1.000
2025-12-08 03:03:34 [tracker] [s1] onset-below-gate t=127.8677 env=0.000156 onset=1.223963 thresh=0.006000 baseline=0.029117 gate=0.001601 envFloor=0.024750 floor=0.029117 adapt=0.029117 lastPeak=0.000000 calib=0.029117 baseParam=0.000180 gateRatio=0.0550 envParam=0.000450
2025-12-08 03:03:34 [tracker] [s1] aubio-raw t=128.2869 onset=0.846447 env=0.000135 peak=0.000326 gain=1.000
2025-12-08 03:03:34 [tracker] [s1] onset-below-gate t=128.2869 env=0.000135 onset=0.846447 thresh=0.006000 baseline=0.029117 gate=0.001601 envFloor=0.024750 floor=0.029117 adapt=0.029117 lastPeak=0.000000 calib=0.029117 baseParam=0.000180 gateRatio=0.0550 envParam=0.000450
2025-12-08 03:03:34 [tracker] [s1] aubio-raw t=128.3510 onset=0.997593 env=0.000121 peak=0.000300 gain=1.000
2025-12-08 03:03:34 [tracker] [s1] onset-below-gate t=128.3510 env=0.000121 onset=0.997593 thresh=0.006000 baseline=0.029117 gate=0.001601 envFloor=0.024750 floor=0.029117 adapt=0.029117 lastPeak=0.000000 calib=0.029117 baseParam=0.000180 gateRatio=0.0550 envParam=0.000450
2025-12-08 03:03:34 [tracker] [s1] aubio-raw t=128.5512 onset=0.999815 env=0.000114 peak=0.000320 gain=1.000
2025-12-08 03:03:34 [tracker] [s1] onset-below-gate t=128.5512 env=0.000114 onset=0.999815 thresh=0.006000 baseline=0.029117 gate=0.001601 envFloor=0.024750 floor=0.029117 adapt=0.029117 lastPeak=0.000000 calib=0.029117 baseParam=0.000180 gateRatio=0.0550 envParam=0.000450
2025-12-08 03:03:34 [tracker] [s1] aubio-raw t=128.8103 onset=1.217178 env=0.000143 peak=0.000367 gain=1.000
2025-12-08 03:03:34 [tracker] [s1] onset-below-gate t=128.8103 env=0.000143 onset=1.217178 thresh=0.006000 baseline=0.029117 gate=0.001601 envFloor=0.024750 floor=0.029117 adapt=0.029117 lastPeak=0.000000 calib=0.029117 baseParam=0.000180 gateRatio=0.0550 envParam=0.000450
2025-12-08 03:03:35 [tracker] [s1] aubio-raw t=129.0346 onset=1.086053 env=0.000091 peak=0.000266 gain=1.000
2025-12-08 03:03:35 [tracker] [s1] onset-below-gate t=129.0346 env=0.000091 onset=1.086053 thresh=0.006000 baseline=0.029117 gate=0.001601 envFloor=0.024750 floor=0.029117 adapt=0.029117 lastPeak=0.000000 calib=0.029117 baseParam=0.000180 gateRatio=0.0550 envParam=0.000450
2025-12-08 03:03:35 [tracker] [s1] aubio-raw t=129.5392 onset=1.478579 env=0.000143 peak=0.000377 gain=1.000
2025-12-08 03:03:35 [tracker] [s1] onset-below-gate t=129.5392 env=0.000143 onset=1.478579 thresh=0.006000 baseline=0.029117 gate=0.001601 envFloor=0.024750 floor=0.029117 adapt=0.029117 lastPeak=0.000000 calib=0.029117 baseParam=0.000180 gateRatio=0.0550 envParam=0.000450
2025-12-08 03:03:35 [tracker] [s1] aubio-raw t=129.5980 onset=1.290953 env=0.000080 peak=0.000209 gain=1.000
2025-12-08 03:03:35 [tracker] [s1] onset-below-gate t=129.5980 env=0.000080 onset=1.290953 thresh=0.006000 baseline=0.029117 gate=0.001601 envFloor=0.024750 floor=0.029117 adapt=0.029117 lastPeak=0.000000 calib=0.029117 baseParam=0.000180 gateRatio=0.0550 envParam=0.000450
2025-12-08 03:03:35 [tracker] [s1] aubio-raw t=129.7635 onset=0.992528 env=0.000105 peak=0.000301 gain=1.000
2025-12-08 03:03:35 [tracker] [s1] onset-below-gate t=129.7635 env=0.000105 onset=0.992528 thresh=0.006000 baseline=0.029117 gate=0.001601 envFloor=0.024750 floor=0.029117 adapt=0.029117 lastPeak=0.000000 calib=0.029117 baseParam=0.000180 gateRatio=0.0550 envParam=0.000450
2025-12-08 03:03:36 [tracker] [s1] aubio-raw t=130.2095 onset=1.026077 env=0.000161 peak=0.000322 gain=1.000
2025-12-08 03:03:36 [tracker] [s1] onset-below-gate t=130.2095 env=0.000161 onset=1.026077 thresh=0.006000 baseline=0.029117 gate=0.001601 envFloor=0.024750 floor=0.029117 adapt=0.029117 lastPeak=0.000000 calib=0.029117 baseParam=0.000180 gateRatio=0.0550 envParam=0.000450
2025-12-08 03:03:36 [tracker] [s1] aubio-raw t=130.8076 onset=0.680122 env=0.000133 peak=0.000362 gain=1.000
2025-12-08 03:03:36 [tracker] [s1] onset-below-gate t=130.8076 env=0.000133 onset=0.680122 thresh=0.006000 baseline=0.029117 gate=0.001601 envFloor=0.024750 floor=0.029117 adapt=0.029117 lastPeak=0.000000 calib=0.029117 baseParam=0.000180 gateRatio=0.0550 envParam=0.000450
2025-12-08 03:03:37 [tracker] [s1] aubio-raw t=131.0773 onset=0.865497 env=0.000084 peak=0.000214 gain=1.000
2025-12-08 03:03:37 [tracker] [s1] onset-below-gate t=131.0773 env=0.000084 onset=0.865497 thresh=0.006000 baseline=0.029117 gate=0.001601 envFloor=0.024750 floor=0.029117 adapt=0.029117 lastPeak=0.000000 calib=0.029117 baseParam=0.000180 gateRatio=0.0550 envParam=0.000450
2025-12-08 03:03:37 [tracker] [s1] aubio-raw t=131.5313 onset=1.208422 env=0.000145 peak=0.000352 gain=1.000
2025-12-08 03:03:37 [tracker] [s1] onset-below-gate t=131.5313 env=0.000145 onset=1.208422 thresh=0.006000 baseline=0.029117 gate=0.001601 envFloor=0.024750 floor=0.029117 adapt=0.029117 lastPeak=0.000000 calib=0.029117 baseParam=0.000180 gateRatio=0.0550 envParam=0.000450
2025-12-08 03:03:38 [tracker] [s1] aubio-raw t=131.9372 onset=1.146159 env=0.000160 peak=0.000372 gain=1.000
2025-12-08 03:03:38 [tracker] [s1] onset-below-gate t=131.9372 env=0.000160 onset=1.146159 thresh=0.006000 baseline=0.029117 gate=0.001601 envFloor=0.024750 floor=0.029117 adapt=0.029117 lastPeak=0.000000 calib=0.029117 baseParam=0.000180 gateRatio=0.0550 envParam=0.000450
2025-12-08 03:03:38 [tracker] [s1] aubio-raw t=132.3644 onset=1.355059 env=0.000166 peak=0.000375 gain=1.000
2025-12-08 03:03:38 [tracker] [s1] onset-below-gate t=132.3644 env=0.000166 onset=1.355059 thresh=0.006000 baseline=0.029117 gate=0.001601 envFloor=0.024750 floor=0.029117 adapt=0.029117 lastPeak=0.000000 calib=0.029117 baseParam=0.000180 gateRatio=0.0550 envParam=0.000450
2025-12-08 03:03:39 [tracker] [s1] aubio-raw t=133.2242 onset=0.975305 env=0.000114 peak=0.000331 gain=1.000
2025-12-08 03:03:39 [tracker] [s1] onset-below-gate t=133.2242 env=0.000114 onset=0.975305 thresh=0.006000 baseline=0.029117 gate=0.001601 envFloor=0.024750 floor=0.029117 adapt=0.029117 lastPeak=0.000000 calib=0.029117 baseParam=0.000180 gateRatio=0.0550 envParam=0.000450
2025-12-08 03:03:39 [tracker] [s1] aubio-raw t=133.5073 onset=0.667370 env=0.000139 peak=0.000351 gain=1.000
2025-12-08 03:03:39 [tracker] [s1] onset-below-gate t=133.5073 env=0.000139 onset=0.667370 thresh=0.006000 baseline=0.029117 gate=0.001601 envFloor=0.024750 floor=0.029117 adapt=0.029117 lastPeak=0.000000 calib=0.029117 baseParam=0.000180 gateRatio=0.0550 envParam=0.000450
2025-12-08 03:03:40 [tracker] [s1] aubio-raw t=133.8918 onset=0.997389 env=0.000114 peak=0.000290 gain=1.000
2025-12-08 03:03:40 [tracker] [s1] onset-below-gate t=133.8918 env=0.000114 onset=0.997389 thresh=0.006000 baseline=0.029117 gate=0.001601 envFloor=0.024750 floor=0.029117 adapt=0.029117 lastPeak=0.000000 calib=0.029117 baseParam=0.000180 gateRatio=0.0550 envParam=0.000450
2025-12-08 03:03:40 [tracker] [s1] aubio-raw t=134.0494 onset=0.955050 env=0.000107 peak=0.000281 gain=1.000
2025-12-08 03:03:40 [tracker] [s1] onset-below-gate t=134.0494 env=0.000107 onset=0.955050 thresh=0.006000 baseline=0.029117 gate=0.001601 envFloor=0.024750 floor=0.029117 adapt=0.029117 lastPeak=0.000000 calib=0.029117 baseParam=0.000180 gateRatio=0.0550 envParam=0.000450
2025-12-08 03:03:40 [tracker] [s1] aubio-raw t=134.4125 onset=1.098436 env=0.000092 peak=0.000219 gain=1.000
2025-12-08 03:03:40 [tracker] [s1] onset-below-gate t=134.4125 env=0.000092 onset=1.098436 thresh=0.006000 baseline=0.029117 gate=0.001601 envFloor=0.024750 floor=0.029117 adapt=0.029117 lastPeak=0.000000 calib=0.029117 baseParam=0.000180 gateRatio=0.0550 envParam=0.000450
2025-12-08 03:03:41 [tracker] [s1] aubio-raw t=134.9332 onset=1.028686 env=0.000170 peak=0.000437 gain=1.000
2025-12-08 03:03:41 [tracker] [s1] onset-below-gate t=134.9332 env=0.000170 onset=1.028686 thresh=0.006000 baseline=0.029117 gate=0.001601 envFloor=0.024750 floor=0.029117 adapt=0.029117 lastPeak=0.000000 calib=0.029117 baseParam=0.000180 gateRatio=0.0550 envParam=0.000450
2025-12-08 03:03:41 [tracker] [s1] aubio-raw t=135.4005 onset=0.993773 env=0.000110 peak=0.000248 gain=1.000
2025-12-08 03:03:41 [tracker] [s1] onset-below-gate t=135.4005 env=0.000110 onset=0.993773 thresh=0.006000 baseline=0.029117 gate=0.001601 envFloor=0.024750 floor=0.029117 adapt=0.029117 lastPeak=0.000000 calib=0.029117 baseParam=0.000180 gateRatio=0.0550 envParam=0.000450
2025-12-08 03:03:42 [tracker] [s1] aubio-raw t=136.1856 onset=1.115347 env=0.000128 peak=0.000320 gain=1.000
2025-12-08 03:03:42 [tracker] [s1] onset-below-gate t=136.1856 env=0.000128 onset=1.115347 thresh=0.006000 baseline=0.029117 gate=0.001601 envFloor=0.024750 floor=0.029117 adapt=0.029117 lastPeak=0.000000 calib=0.029117 baseParam=0.000180 gateRatio=0.0550 envParam=0.000450
2025-12-08 03:03:42 [tracker] [s1] aubio-raw t=136.4446 onset=0.995407 env=0.000146 peak=0.000502 gain=1.000
2025-12-08 03:03:42 [tracker] [s1] onset-below-gate t=136.4446 env=0.000146 onset=0.995407 thresh=0.006000 baseline=0.029117 gate=0.001601 envFloor=0.024750 floor=0.029117 adapt=0.029117 lastPeak=0.000000 calib=0.029117 baseParam=0.000180 gateRatio=0.0550 envParam=0.000450
2025-12-08 03:03:42 [tracker] [s1] aubio-raw t=136.7383 onset=1.239414 env=0.000152 peak=0.000324 gain=1.000
2025-12-08 03:03:42 [tracker] [s1] onset-below-gate t=136.7383 env=0.000152 onset=1.239414 thresh=0.006000 baseline=0.029117 gate=0.001601 envFloor=0.024750 floor=0.029117 adapt=0.029117 lastPeak=0.000000 calib=0.029117 baseParam=0.000180 gateRatio=0.0550 envParam=0.000450
2025-12-08 03:03:43 [tracker] [s1] aubio-raw t=136.9199 onset=0.954037 env=0.000088 peak=0.000241 gain=1.000
2025-12-08 03:03:43 [tracker] [s1] onset-below-gate t=136.9199 env=0.000088 onset=0.954037 thresh=0.006000 baseline=0.029117 gate=0.001601 envFloor=0.024750 floor=0.029117 adapt=0.029117 lastPeak=0.000000 calib=0.029117 baseParam=0.000180 gateRatio=0.0550 envParam=0.000450
2025-12-08 03:03:44 [tracker] [s1] aubio-raw t=138.2123 onset=0.919690 env=0.000130 peak=0.000309 gain=1.000
2025-12-08 03:03:44 [tracker] [s1] onset-below-gate t=138.2123 env=0.000130 onset=0.919690 thresh=0.006000 baseline=0.029117 gate=0.001601 envFloor=0.024750 floor=0.029117 adapt=0.029117 lastPeak=0.000000 calib=0.029117 baseParam=0.000180 gateRatio=0.0550 envParam=0.000450
2025-12-08 03:03:44 [tracker] [s1] aubio-raw t=138.3993 onset=1.317233 env=0.000091 peak=0.000233 gain=1.000
2025-12-08 03:03:44 [tracker] [s1] onset-below-gate t=138.3993 env=0.000091 onset=1.317233 thresh=0.006000 baseline=0.029117 gate=0.001601 envFloor=0.024750 floor=0.029117 adapt=0.029117 lastPeak=0.000000 calib=0.029117 baseParam=0.000180 gateRatio=0.0550 envParam=0.000450
2025-12-08 03:03:44 [tracker] [s1] aubio-raw t=138.7918 onset=0.645584 env=0.000098 peak=0.000240 gain=1.000
2025-12-08 03:03:44 [tracker] [s1] onset-below-gate t=138.7918 env=0.000098 onset=0.645584 thresh=0.006000 baseline=0.029117 gate=0.001601 envFloor=0.024750 floor=0.029117 adapt=0.029117 lastPeak=0.000000 calib=0.029117 baseParam=0.000180 gateRatio=0.0550 envParam=0.000450
2025-12-08 03:03:44 [tracker] [s1] aubio-raw t=138.8586 onset=1.225582 env=0.000094 peak=0.000270 gain=1.000
2025-12-08 03:03:44 [tracker] [s1] onset-below-gate t=138.8586 env=0.000094 onset=1.225582 thresh=0.006000 baseline=0.029117 gate=0.001601 envFloor=0.024750 floor=0.029117 adapt=0.029117 lastPeak=0.000000 calib=0.029117 baseParam=0.000180 gateRatio=0.0550 envParam=0.000450
2025-12-08 03:03:45 [tracker] [s1] aubio-raw t=139.0909 onset=0.998417 env=0.000102 peak=0.000236 gain=1.000
2025-12-08 03:03:45 [tracker] [s1] onset-below-gate t=139.0909 env=0.000102 onset=0.998417 thresh=0.006000 baseline=0.029117 gate=0.001601 envFloor=0.024750 floor=0.029117 adapt=0.029117 lastPeak=0.000000 calib=0.029117 baseParam=0.000180 gateRatio=0.0550 envParam=0.000450
2025-12-08 03:03:45 [tracker] [s1] aubio-raw t=139.8118 onset=0.982545 env=0.000110 peak=0.000241 gain=1.000
2025-12-08 03:03:45 [tracker] [s1] onset-below-gate t=139.8118 env=0.000110 onset=0.982545 thresh=0.006000 baseline=0.029117 gate=0.001601 envFloor=0.024750 floor=0.029117 adapt=0.029117 lastPeak=0.000000 calib=0.029117 baseParam=0.000180 gateRatio=0.0550 envParam=0.000450
2025-12-08 03:03:46 [tracker] [s1] aubio-raw t=139.8813 onset=1.000130 env=0.000142 peak=0.000386 gain=1.000
2025-12-08 03:03:46 [tracker] [s1] onset-below-gate t=139.8813 env=0.000142 onset=1.000130 thresh=0.006000 baseline=0.029117 gate=0.001601 envFloor=0.024750 floor=0.029117 adapt=0.029117 lastPeak=0.000000 calib=0.029117 baseParam=0.000180 gateRatio=0.0550 envParam=0.000450
2025-12-08 03:03:46 [tracker] [s1] aubio-raw t=140.0281 onset=1.483624 env=0.000087 peak=0.000249 gain=1.000
2025-12-08 03:03:46 [tracker] [s1] onset-below-gate t=140.0281 env=0.000087 onset=1.483624 thresh=0.006000 baseline=0.029117 gate=0.001601 envFloor=0.024750 floor=0.029117 adapt=0.029117 lastPeak=0.000000 calib=0.029117 baseParam=0.000180 gateRatio=0.0550 envParam=0.000450
2025-12-08 03:03:46 [tracker] [s1] aubio-raw t=140.0949 onset=1.384412 env=0.000121 peak=0.000307 gain=1.000
2025-12-08 03:03:46 [tracker] [s1] onset-below-gate t=140.0949 env=0.000121 onset=1.384412 thresh=0.006000 baseline=0.029117 gate=0.001601 envFloor=0.024750 floor=0.029117 adapt=0.029117 lastPeak=0.000000 calib=0.029117 baseParam=0.000180 gateRatio=0.0550 envParam=0.000450
2025-12-08 03:03:46 [tracker] [s1] aubio-raw t=140.1750 onset=0.995806 env=0.000154 peak=0.000328 gain=1.000
2025-12-08 03:03:46 [tracker] [s1] onset-below-gate t=140.1750 env=0.000154 onset=0.995806 thresh=0.006000 baseline=0.029117 gate=0.001601 envFloor=0.024750 floor=0.029117 adapt=0.029117 lastPeak=0.000000 calib=0.029117 baseParam=0.000180 gateRatio=0.0550 envParam=0.000450
2025-12-08 03:03:46 [tracker] [s1] aubio-raw t=140.3432 onset=1.046840 env=0.000140 peak=0.000274 gain=1.000
2025-12-08 03:03:46 [tracker] [s1] onset-below-gate t=140.3432 env=0.000140 onset=1.046840 thresh=0.006000 baseline=0.029117 gate=0.001601 envFloor=0.024750 floor=0.029117 adapt=0.029117 lastPeak=0.000000 calib=0.029117 baseParam=0.000180 gateRatio=0.0550 envParam=0.000450
2025-12-08 03:03:46 [tracker] [s1] aubio-raw t=140.4180 onset=1.302742 env=0.000175 peak=0.000456 gain=1.000
2025-12-08 03:03:46 [tracker] [s1] onset-below-gate t=140.4180 env=0.000175 onset=1.302742 thresh=0.006000 baseline=0.029117 gate=0.001601 envFloor=0.024750 floor=0.029117 adapt=0.029117 lastPeak=0.000000 calib=0.029117 baseParam=0.000180 gateRatio=0.0550 envParam=0.000450
2025-12-08 03:03:46 [tracker] [s1] aubio-raw t=140.7197 onset=0.879752 env=0.000121 peak=0.000391 gain=1.000
2025-12-08 03:03:46 [tracker] [s1] onset-below-gate t=140.7197 env=0.000121 onset=0.879752 thresh=0.006000 baseline=0.029117 gate=0.001601 envFloor=0.024750 floor=0.029117 adapt=0.029117 lastPeak=0.000000 calib=0.029117 baseParam=0.000180 gateRatio=0.0550 envParam=0.000450
2025-12-08 03:03:47 [tracker] [s1] aubio-raw t=141.0161 onset=1.022871 env=0.000148 peak=0.000337 gain=1.000
2025-12-08 03:03:47 [tracker] [s1] onset-below-gate t=141.0161 env=0.000148 onset=1.022871 thresh=0.006000 baseline=0.029117 gate=0.001601 envFloor=0.024750 floor=0.029117 adapt=0.029117 lastPeak=0.000000 calib=0.029117 baseParam=0.000180 gateRatio=0.0550 envParam=0.000450
2025-12-08 03:03:47 [tracker] [s1] aubio-raw t=141.2324 onset=1.350982 env=0.000090 peak=0.000286 gain=1.000
2025-12-08 03:03:47 [tracker] [s1] onset-below-gate t=141.2324 env=0.000090 onset=1.350982 thresh=0.006000 baseline=0.029117 gate=0.001601 envFloor=0.024750 floor=0.029117 adapt=0.029117 lastPeak=0.000000 calib=0.029117 baseParam=0.000180 gateRatio=0.0550 envParam=0.000450
2025-12-08 03:03:47 [tracker] [s1] aubio-raw t=141.5235 onset=0.926371 env=0.000127 peak=0.000314 gain=1.000
2025-12-08 03:03:47 [tracker] [s1] onset-below-gate t=141.5235 env=0.000127 onset=0.926371 thresh=0.006000 baseline=0.029117 gate=0.001601 envFloor=0.024750 floor=0.029117 adapt=0.029117 lastPeak=0.000000 calib=0.029117 baseParam=0.000180 gateRatio=0.0550 envParam=0.000450
2025-12-08 03:03:47 [tracker] [s1] aubio-raw t=141.5822 onset=0.997071 env=0.000120 peak=0.000298 gain=1.000
2025-12-08 03:03:47 [tracker] [s1] onset-below-gate t=141.5822 env=0.000120 onset=0.997071 thresh=0.006000 baseline=0.029117 gate=0.001601 envFloor=0.024750 floor=0.029117 adapt=0.029117 lastPeak=0.000000 calib=0.029117 baseParam=0.000180 gateRatio=0.0550 envParam=0.000450
2025-12-08 03:03:47 [tracker] [s1] aubio-raw t=141.7451 onset=1.143918 env=0.000132 peak=0.000293 gain=1.000
2025-12-08 03:03:47 [tracker] [s1] onset-below-gate t=141.7451 env=0.000132 onset=1.143918 thresh=0.006000 baseline=0.029117 gate=0.001601 envFloor=0.024750 floor=0.029117 adapt=0.029117 lastPeak=0.000000 calib=0.029117 baseParam=0.000180 gateRatio=0.0550 envParam=0.000450
2025-12-08 03:03:47 [tracker] [s1] aubio-raw t=141.8172 onset=1.119318 env=0.000164 peak=0.000362 gain=1.000
2025-12-08 03:03:47 [tracker] [s1] onset-below-gate t=141.8172 env=0.000164 onset=1.119318 thresh=0.006000 baseline=0.029117 gate=0.001601 envFloor=0.024750 floor=0.029117 adapt=0.029117 lastPeak=0.000000 calib=0.029117 baseParam=0.000180 gateRatio=0.0550 envParam=0.000450
2025-12-08 03:03:48 [tracker] [s1] aubio-raw t=142.4074 onset=0.998782 env=0.000084 peak=0.000224 gain=1.000
2025-12-08 03:03:48 [tracker] [s1] onset-below-gate t=142.4074 env=0.000084 onset=0.998782 thresh=0.006000 baseline=0.029117 gate=0.001601 envFloor=0.024750 floor=0.029117 adapt=0.029117 lastPeak=0.000000 calib=0.029117 baseParam=0.000180 gateRatio=0.0550 envParam=0.000450
2025-12-08 03:03:48 [tracker] [s1] aubio-raw t=142.5729 onset=1.061529 env=0.000136 peak=0.000406 gain=1.000
2025-12-08 03:03:48 [tracker] [s1] onset-below-gate t=142.5729 env=0.000136 onset=1.061529 thresh=0.006000 baseline=0.029117 gate=0.001601 envFloor=0.024750 floor=0.029117 adapt=0.029117 lastPeak=0.000000 calib=0.029117 baseParam=0.000180 gateRatio=0.0550 envParam=0.000450
2025-12-08 03:03:48 [tracker] [s1] aubio-raw t=142.8747 onset=1.140468 env=0.000130 peak=0.000317 gain=1.000
2025-12-08 03:03:48 [tracker] [s1] onset-below-gate t=142.8747 env=0.000130 onset=1.140468 thresh=0.006000 baseline=0.029117 gate=0.001601 envFloor=0.024750 floor=0.029117 adapt=0.029117 lastPeak=0.000000 calib=0.029117 baseParam=0.000180 gateRatio=0.0550 envParam=0.000450
2025-12-08 03:03:49 [tracker] [s1] aubio-raw t=143.0536 onset=0.995541 env=0.000130 peak=0.000387 gain=1.000
2025-12-08 03:03:49 [tracker] [s1] onset-below-gate t=143.0536 env=0.000130 onset=0.995541 thresh=0.006000 baseline=0.029117 gate=0.001601 envFloor=0.024750 floor=0.029117 adapt=0.029117 lastPeak=0.000000 calib=0.029117 baseParam=0.000180 gateRatio=0.0550 envParam=0.000450
2025-12-08 03:03:49 [tracker] [s1] aubio-raw t=143.1096 onset=1.069389 env=0.000129 peak=0.000333 gain=1.000
2025-12-08 03:03:49 [tracker] [s1] onset-below-gate t=143.1096 env=0.000129 onset=1.069389 thresh=0.006000 baseline=0.029117 gate=0.001601 envFloor=0.024750 floor=0.029117 adapt=0.029117 lastPeak=0.000000 calib=0.029117 baseParam=0.000180 gateRatio=0.0550 envParam=0.000450
2025-12-08 03:03:49 [tracker] [s1] aubio-raw t=143.3233 onset=1.026239 env=0.000133 peak=0.000304 gain=1.000
2025-12-08 03:03:49 [tracker] [s1] onset-below-gate t=143.3233 env=0.000133 onset=1.026239 thresh=0.006000 baseline=0.029117 gate=0.001601 envFloor=0.024750 floor=0.029117 adapt=0.029117 lastPeak=0.000000 calib=0.029117 baseParam=0.000180 gateRatio=0.0550 envParam=0.000450
2025-12-08 03:03:49 [tracker] [s1] aubio-raw t=143.8253 onset=0.997365 env=0.000110 peak=0.000242 gain=1.000
2025-12-08 03:03:49 [tracker] [s1] onset-below-gate t=143.8253 env=0.000110 onset=0.997365 thresh=0.006000 baseline=0.029117 gate=0.001601 envFloor=0.024750 floor=0.029117 adapt=0.029117 lastPeak=0.000000 calib=0.029117 baseParam=0.000180 gateRatio=0.0550 envParam=0.000450
2025-12-08 03:03:50 [tracker] [s1] aubio-raw t=144.0683 onset=0.997716 env=0.000133 peak=0.000317 gain=1.000
2025-12-08 03:03:50 [tracker] [s1] onset-below-gate t=144.0683 env=0.000133 onset=0.997716 thresh=0.006000 baseline=0.029117 gate=0.001601 envFloor=0.024750 floor=0.029117 adapt=0.029117 lastPeak=0.000000 calib=0.029117 baseParam=0.000180 gateRatio=0.0550 envParam=0.000450
2025-12-08 03:03:50 [tracker] [s1] aubio-raw t=144.2205 onset=1.257523 env=0.000137 peak=0.000308 gain=1.000
2025-12-08 03:03:50 [tracker] [s1] onset-below-gate t=144.2205 env=0.000137 onset=1.257523 thresh=0.006000 baseline=0.029117 gate=0.001601 envFloor=0.024750 floor=0.029117 adapt=0.029117 lastPeak=0.000000 calib=0.029117 baseParam=0.000180 gateRatio=0.0550 envParam=0.000450
2025-12-08 03:03:50 [tracker] [s1] aubio-raw t=144.2926 onset=0.949411 env=0.000106 peak=0.000285 gain=1.000
2025-12-08 03:03:50 [tracker] [s1] onset-below-gate t=144.2926 env=0.000106 onset=0.949411 thresh=0.006000 baseline=0.029117 gate=0.001601 envFloor=0.024750 floor=0.029117 adapt=0.029117 lastPeak=0.000000 calib=0.029117 baseParam=0.000180 gateRatio=0.0550 envParam=0.000450
2025-12-08 03:03:50 [tracker] [s1] aubio-raw t=144.3834 onset=1.052652 env=0.000162 peak=0.000376 gain=1.000
2025-12-08 03:03:50 [tracker] [s1] onset-below-gate t=144.3834 env=0.000162 onset=1.052652 thresh=0.006000 baseline=0.029117 gate=0.001601 envFloor=0.024750 floor=0.029117 adapt=0.029117 lastPeak=0.000000 calib=0.029117 baseParam=0.000180 gateRatio=0.0550 envParam=0.000450
2025-12-08 03:03:50 [tracker] [s1] aubio-raw t=144.6504 onset=0.998335 env=0.000111 peak=0.000257 gain=1.000
2025-12-08 03:03:50 [tracker] [s1] onset-below-gate t=144.6504 env=0.000111 onset=0.998335 thresh=0.006000 baseline=0.029117 gate=0.001601 envFloor=0.024750 floor=0.029117 adapt=0.029117 lastPeak=0.000000 calib=0.029117 baseParam=0.000180 gateRatio=0.0550 envParam=0.000450
2025-12-08 03:03:50 [tracker] [s1] aubio-raw t=144.7812 onset=1.149233 env=0.000110 peak=0.000278 gain=1.000
2025-12-08 03:03:50 [tracker] [s1] onset-below-gate t=144.7812 env=0.000110 onset=1.149233 thresh=0.006000 baseline=0.029117 gate=0.001601 envFloor=0.024750 floor=0.029117 adapt=0.029117 lastPeak=0.000000 calib=0.029117 baseParam=0.000180 gateRatio=0.0550 envParam=0.000450
2025-12-08 03:03:51 [tracker] [s1] aubio-raw t=145.6758 onset=1.119553 env=0.000116 peak=0.000343 gain=1.000
2025-12-08 03:03:51 [tracker] [s1] onset-below-gate t=145.6758 env=0.000116 onset=1.119553 thresh=0.006000 baseline=0.029117 gate=0.001601 envFloor=0.024750 floor=0.029117 adapt=0.029117 lastPeak=0.000000 calib=0.029117 baseParam=0.000180 gateRatio=0.0550 envParam=0.000450
2025-12-08 03:03:52 [tracker] [s1] aubio-raw t=146.6878 onset=1.023815 env=0.000112 peak=0.000284 gain=1.000
2025-12-08 03:03:52 [tracker] [s1] onset-below-gate t=146.6878 env=0.000112 onset=1.023815 thresh=0.006000 baseline=0.029117 gate=0.001601 envFloor=0.024750 floor=0.029117 adapt=0.029117 lastPeak=0.000000 calib=0.029117 baseParam=0.000180 gateRatio=0.0550 envParam=0.000450
2025-12-08 03:03:53 [tracker] [s1] aubio-raw t=146.9522 onset=0.994951 env=0.000128 peak=0.000290 gain=1.000
2025-12-08 03:03:53 [tracker] [s1] onset-below-gate t=146.9522 env=0.000128 onset=0.994951 thresh=0.006000 baseline=0.029117 gate=0.001601 envFloor=0.024750 floor=0.029117 adapt=0.029117 lastPeak=0.000000 calib=0.029117 baseParam=0.000180 gateRatio=0.0550 envParam=0.000450
2025-12-08 03:03:53 [tracker] [s1] aubio-raw t=147.4115 onset=1.019782 env=0.000183 peak=0.000435 gain=1.000
2025-12-08 03:03:53 [tracker] [s1] onset-below-gate t=147.4115 env=0.000183 onset=1.019782 thresh=0.006000 baseline=0.029117 gate=0.001601 envFloor=0.024750 floor=0.029117 adapt=0.029117 lastPeak=0.000000 calib=0.029117 baseParam=0.000180 gateRatio=0.0550 envParam=0.000450
2025-12-08 03:03:53 [tracker] [s1] aubio-raw t=147.4889 onset=1.189688 env=0.000114 peak=0.000253 gain=1.000
2025-12-08 03:03:53 [tracker] [s1] onset-below-gate t=147.4889 env=0.000114 onset=1.189688 thresh=0.006000 baseline=0.029117 gate=0.001601 envFloor=0.024750 floor=0.029117 adapt=0.029117 lastPeak=0.000000 calib=0.029117 baseParam=0.000180 gateRatio=0.0550 envParam=0.000450
2025-12-08 03:03:53 [tracker] [s1] aubio-raw t=147.7025 onset=1.072826 env=0.000079 peak=0.000197 gain=1.000
2025-12-08 03:03:53 [tracker] [s1] onset-below-gate t=147.7025 env=0.000079 onset=1.072826 thresh=0.006000 baseline=0.029117 gate=0.001601 envFloor=0.024750 floor=0.029117 adapt=0.029117 lastPeak=0.000000 calib=0.029117 baseParam=0.000180 gateRatio=0.0550 envParam=0.000450
2025-12-08 03:03:54 [tracker] [s1] aubio-raw t=148.2126 onset=1.010985 env=0.000125 peak=0.000270 gain=1.000
2025-12-08 03:03:54 [tracker] [s1] onset-below-gate t=148.2126 env=0.000125 onset=1.010985 thresh=0.006000 baseline=0.029117 gate=0.001601 envFloor=0.024750 floor=0.029117 adapt=0.029117 lastPeak=0.000000 calib=0.029117 baseParam=0.000180 gateRatio=0.0550 envParam=0.000450
2025-12-08 03:03:54 [tracker] [s1] aubio-raw t=148.6425 onset=1.354732 env=0.000106 peak=0.000322 gain=1.000
2025-12-08 03:03:54 [tracker] [s1] onset-below-gate t=148.6425 env=0.000106 onset=1.354732 thresh=0.006000 baseline=0.029117 gate=0.001601 envFloor=0.024750 floor=0.029117 adapt=0.029117 lastPeak=0.000000 calib=0.029117 baseParam=0.000180 gateRatio=0.0550 envParam=0.000450
2025-12-08 03:03:55 [tracker] [s1] aubio-raw t=149.1659 onset=1.098836 env=0.000139 peak=0.000268 gain=1.000
2025-12-08 03:03:55 [tracker] [s1] onset-below-gate t=149.1659 env=0.000139 onset=1.098836 thresh=0.006000 baseline=0.029117 gate=0.001601 envFloor=0.024750 floor=0.029117 adapt=0.029117 lastPeak=0.000000 calib=0.029117 baseParam=0.000180 gateRatio=0.0550 envParam=0.000450
2025-12-08 03:03:55 [tracker] [s1] aubio-raw t=149.2914 onset=0.991101 env=0.000146 peak=0.000436 gain=1.000
2025-12-08 03:03:55 [tracker] [s1] onset-below-gate t=149.2914 env=0.000146 onset=0.991101 thresh=0.006000 baseline=0.029117 gate=0.001601 envFloor=0.024750 floor=0.029117 adapt=0.029117 lastPeak=0.000000 calib=0.029117 baseParam=0.000180 gateRatio=0.0550 envParam=0.000450
2025-12-08 03:03:55 [tracker] [s1] aubio-raw t=149.6839 onset=0.997151 env=0.000138 peak=0.000330 gain=1.000
2025-12-08 03:03:55 [tracker] [s1] onset-below-gate t=149.6839 env=0.000138 onset=0.997151 thresh=0.006000 baseline=0.029117 gate=0.001601 envFloor=0.024750 floor=0.029117 adapt=0.029117 lastPeak=0.000000 calib=0.029117 baseParam=0.000180 gateRatio=0.0550 envParam=0.000450
2025-12-08 03:03:55 [tracker] [s1] aubio-raw t=149.8174 onset=1.287174 env=0.000089 peak=0.000231 gain=1.000
2025-12-08 03:03:55 [tracker] [s1] onset-below-gate t=149.8174 env=0.000089 onset=1.287174 thresh=0.006000 baseline=0.029117 gate=0.001601 envFloor=0.024750 floor=0.029117 adapt=0.029117 lastPeak=0.000000 calib=0.029117 baseParam=0.000180 gateRatio=0.0550 envParam=0.000450
2025-12-08 03:03:56 [tracker] [s1] aubio-raw t=149.9830 onset=0.990499 env=0.000098 peak=0.000260 gain=1.000
2025-12-08 03:03:56 [tracker] [s1] onset-below-gate t=149.9830 env=0.000098 onset=0.990499 thresh=0.006000 baseline=0.029117 gate=0.001601 envFloor=0.024750 floor=0.029117 adapt=0.029117 lastPeak=0.000000 calib=0.029117 baseParam=0.000180 gateRatio=0.0550 envParam=0.000450
2025-12-08 03:03:56 [tracker] [s1] aubio-raw t=150.2420 onset=1.032833 env=0.000183 peak=0.000415 gain=1.000
2025-12-08 03:03:56 [tracker] [s1] onset-below-gate t=150.2420 env=0.000183 onset=1.032833 thresh=0.006000 baseline=0.029117 gate=0.001601 envFloor=0.024750 floor=0.029117 adapt=0.029117 lastPeak=0.000000 calib=0.029117 baseParam=0.000180 gateRatio=0.0550 envParam=0.000450
2025-12-08 03:03:56 [tracker] [s1] aubio-raw t=150.2954 onset=1.136583 env=0.000116 peak=0.000277 gain=1.000
2025-12-08 03:03:56 [tracker] [s1] onset-below-gate t=150.2954 env=0.000116 onset=1.136583 thresh=0.006000 baseline=0.029117 gate=0.001601 envFloor=0.024750 floor=0.029117 adapt=0.029117 lastPeak=0.000000 calib=0.029117 baseParam=0.000180 gateRatio=0.0550 envParam=0.000450
2025-12-08 03:03:56 [tracker] [s1] aubio-raw t=150.8562 onset=1.440291 env=0.000113 peak=0.000275 gain=1.000
2025-12-08 03:03:56 [tracker] [s1] onset-below-gate t=150.8562 env=0.000113 onset=1.440291 thresh=0.006000 baseline=0.029117 gate=0.001601 envFloor=0.024750 floor=0.029117 adapt=0.029117 lastPeak=0.000000 calib=0.029117 baseParam=0.000180 gateRatio=0.0550 envParam=0.000450
2025-12-08 03:03:57 [tracker] [s1] aubio-raw t=151.0004 onset=0.932638 env=0.000098 peak=0.000285 gain=1.000
2025-12-08 03:03:57 [tracker] [s1] onset-below-gate t=151.0004 env=0.000098 onset=0.932638 thresh=0.006000 baseline=0.029117 gate=0.001601 envFloor=0.024750 floor=0.029117 adapt=0.029117 lastPeak=0.000000 calib=0.029117 baseParam=0.000180 gateRatio=0.0550 envParam=0.000450
2025-12-08 03:03:57 [tracker] [s1] aubio-raw t=151.1339 onset=1.140891 env=0.000172 peak=0.000401 gain=1.000
2025-12-08 03:03:57 [tracker] [s1] onset-below-gate t=151.1339 env=0.000172 onset=1.140891 thresh=0.006000 baseline=0.029117 gate=0.001601 envFloor=0.024750 floor=0.029117 adapt=0.029117 lastPeak=0.000000 calib=0.029117 baseParam=0.000180 gateRatio=0.0550 envParam=0.000450
2025-12-08 03:03:57 [tracker] [s1] aubio-raw t=151.3154 onset=1.058531 env=0.000111 peak=0.000316 gain=1.000
2025-12-08 03:03:57 [tracker] [s1] onset-below-gate t=151.3154 env=0.000111 onset=1.058531 thresh=0.006000 baseline=0.029117 gate=0.001601 envFloor=0.024750 floor=0.029117 adapt=0.029117 lastPeak=0.000000 calib=0.029117 baseParam=0.000180 gateRatio=0.0550 envParam=0.000450
2025-12-08 03:03:57 [tracker] [s1] aubio-raw t=151.3875 onset=1.328514 env=0.000107 peak=0.000268 gain=1.000
2025-12-08 03:03:57 [tracker] [s1] onset-below-gate t=151.3875 env=0.000107 onset=1.328514 thresh=0.006000 baseline=0.029117 gate=0.001601 envFloor=0.024750 floor=0.029117 adapt=0.029117 lastPeak=0.000000 calib=0.029117 baseParam=0.000180 gateRatio=0.0550 envParam=0.000450
2025-12-08 03:03:57 [tracker] [s1] aubio-raw t=151.4970 onset=1.195606 env=0.000126 peak=0.000302 gain=1.000
2025-12-08 03:03:57 [tracker] [s1] onset-below-gate t=151.4970 env=0.000126 onset=1.195606 thresh=0.006000 baseline=0.029117 gate=0.001601 envFloor=0.024750 floor=0.029117 adapt=0.029117 lastPeak=0.000000 calib=0.029117 baseParam=0.000180 gateRatio=0.0550 envParam=0.000450
2025-12-08 03:03:57 [tracker] [s1] aubio-raw t=151.6305 onset=0.687767 env=0.000113 peak=0.000286 gain=1.000
2025-12-08 03:03:57 [tracker] [s1] onset-below-gate t=151.6305 env=0.000113 onset=0.687767 thresh=0.006000 baseline=0.029117 gate=0.001601 envFloor=0.024750 floor=0.029117 adapt=0.029117 lastPeak=0.000000 calib=0.029117 baseParam=0.000180 gateRatio=0.0550 envParam=0.000450
2025-12-08 03:03:57 [tracker] [s1] aubio-raw t=151.7667 onset=1.002424 env=0.000097 peak=0.000232 gain=1.000
2025-12-08 03:03:57 [tracker] [s1] onset-below-gate t=151.7667 env=0.000097 onset=1.002424 thresh=0.006000 baseline=0.029117 gate=0.001601 envFloor=0.024750 floor=0.029117 adapt=0.029117 lastPeak=0.000000 calib=0.029117 baseParam=0.000180 gateRatio=0.0550 envParam=0.000450
2025-12-08 03:03:57 [tracker] [s1] aubio-raw t=151.8495 onset=1.106096 env=0.000093 peak=0.000230 gain=1.000
2025-12-08 03:03:57 [tracker] [s1] onset-below-gate t=151.8495 env=0.000093 onset=1.106096 thresh=0.006000 baseline=0.029117 gate=0.001601 envFloor=0.024750 floor=0.029117 adapt=0.029117 lastPeak=0.000000 calib=0.029117 baseParam=0.000180 gateRatio=0.0550 envParam=0.000450
2025-12-08 03:03:58 [tracker] [s1] aubio-raw t=151.9884 onset=0.833314 env=0.000098 peak=0.000317 gain=1.000
2025-12-08 03:03:58 [tracker] [s1] onset-below-gate t=151.9884 env=0.000098 onset=0.833314 thresh=0.006000 baseline=0.029117 gate=0.001601 envFloor=0.024750 floor=0.029117 adapt=0.029117 lastPeak=0.000000 calib=0.029117 baseParam=0.000180 gateRatio=0.0550 envParam=0.000450
2025-12-08 03:03:58 [tracker] [s1] aubio-raw t=152.1539 onset=0.789548 env=0.000129 peak=0.000335 gain=1.000
2025-12-08 03:03:58 [tracker] [s1] onset-below-gate t=152.1539 env=0.000129 onset=0.789548 thresh=0.006000 baseline=0.029117 gate=0.001601 envFloor=0.024750 floor=0.029117 adapt=0.029117 lastPeak=0.000000 calib=0.029117 baseParam=0.000180 gateRatio=0.0550 envParam=0.000450
2025-12-08 03:03:58 [tracker] [s1] aubio-raw t=152.2340 onset=0.998363 env=0.000121 peak=0.000284 gain=1.000
2025-12-08 03:03:58 [tracker] [s1] onset-below-gate t=152.2340 env=0.000121 onset=0.998363 thresh=0.006000 baseline=0.029117 gate=0.001601 envFloor=0.024750 floor=0.029117 adapt=0.029117 lastPeak=0.000000 calib=0.029117 baseParam=0.000180 gateRatio=0.0550 envParam=0.000450
2025-12-08 03:03:58 [tracker] [s1] aubio-raw t=152.3515 onset=1.329090 env=0.000144 peak=0.000323 gain=1.000
2025-12-08 03:03:58 [tracker] [s1] onset-below-gate t=152.3515 env=0.000144 onset=1.329090 thresh=0.006000 baseline=0.029117 gate=0.001601 envFloor=0.024750 floor=0.029117 adapt=0.029117 lastPeak=0.000000 calib=0.029117 baseParam=0.000180 gateRatio=0.0550 envParam=0.000450
2025-12-08 03:03:58 [tracker] [s1] aubio-raw t=152.4156 onset=1.235643 env=0.000107 peak=0.000278 gain=1.000
2025-12-08 03:03:58 [tracker] [s1] onset-below-gate t=152.4156 env=0.000107 onset=1.235643 thresh=0.006000 baseline=0.029117 gate=0.001601 envFloor=0.024750 floor=0.029117 adapt=0.029117 lastPeak=0.000000 calib=0.029117 baseParam=0.000180 gateRatio=0.0550 envParam=0.000450
2025-12-08 03:03:58 [tracker] [s1] aubio-raw t=152.4797 onset=1.265390 env=0.000118 peak=0.000271 gain=1.000
2025-12-08 03:03:58 [tracker] [s1] onset-below-gate t=152.4797 env=0.000118 onset=1.265390 thresh=0.006000 baseline=0.029117 gate=0.001601 envFloor=0.024750 floor=0.029117 adapt=0.029117 lastPeak=0.000000 calib=0.029117 baseParam=0.000180 gateRatio=0.0550 envParam=0.000450
2025-12-08 03:03:58 [tracker] [s1] aubio-raw t=152.5331 onset=0.974912 env=0.000088 peak=0.000216 gain=1.000
2025-12-08 03:03:58 [tracker] [s1] onset-below-gate t=152.5331 env=0.000088 onset=0.974912 thresh=0.006000 baseline=0.029117 gate=0.001601 envFloor=0.024750 floor=0.029117 adapt=0.029117 lastPeak=0.000000 calib=0.029117 baseParam=0.000180 gateRatio=0.0550 envParam=0.000450
2025-12-08 03:03:59 [tracker] [s1] aubio-raw t=152.9870 onset=1.037917 env=0.000140 peak=0.000322 gain=1.000
2025-12-08 03:03:59 [tracker] [s1] onset-below-gate t=152.9870 env=0.000140 onset=1.037917 thresh=0.006000 baseline=0.029117 gate=0.001601 envFloor=0.024750 floor=0.029117 adapt=0.029117 lastPeak=0.000000 calib=0.029117 baseParam=0.000180 gateRatio=0.0550 envParam=0.000450
2025-12-08 03:04:00 [tracker] [s1] aubio-raw t=153.9831 onset=0.996634 env=0.000126 peak=0.000387 gain=1.000
2025-12-08 03:04:00 [tracker] [s1] onset-below-gate t=153.9831 env=0.000126 onset=0.996634 thresh=0.006000 baseline=0.029117 gate=0.001601 envFloor=0.024750 floor=0.029117 adapt=0.029117 lastPeak=0.000000 calib=0.029117 baseParam=0.000180 gateRatio=0.0550 envParam=0.000450
2025-12-08 03:04:00 [tracker] [s1] aubio-raw t=154.3756 onset=0.998044 env=0.000179 peak=0.000519 gain=1.000
2025-12-08 03:04:00 [tracker] [s1] onset-below-gate t=154.3756 env=0.000179 onset=0.998044 thresh=0.006000 baseline=0.029117 gate=0.001601 envFloor=0.024750 floor=0.029117 adapt=0.029117 lastPeak=0.000000 calib=0.029117 baseParam=0.000180 gateRatio=0.0550 envParam=0.000450
2025-12-08 03:04:00 [tracker] [s1] aubio-raw t=154.5785 onset=0.991706 env=0.000119 peak=0.000278 gain=1.000
2025-12-08 03:04:00 [tracker] [s1] onset-below-gate t=154.5785 env=0.000119 onset=0.991706 thresh=0.006000 baseline=0.029117 gate=0.001601 envFloor=0.024750 floor=0.029117 adapt=0.029117 lastPeak=0.000000 calib=0.029117 baseParam=0.000180 gateRatio=0.0550 envParam=0.000450
2025-12-08 03:04:00 [tracker] [s1] aubio-raw t=154.7174 onset=1.199550 env=0.000131 peak=0.000366 gain=1.000
2025-12-08 03:04:00 [tracker] [s1] onset-below-gate t=154.7174 env=0.000131 onset=1.199550 thresh=0.006000 baseline=0.029117 gate=0.001601 envFloor=0.024750 floor=0.029117 adapt=0.029117 lastPeak=0.000000 calib=0.029117 baseParam=0.000180 gateRatio=0.0550 envParam=0.000450
2025-12-08 03:04:00 [tracker] [s1] aubio-raw t=154.8162 onset=0.979372 env=0.000177 peak=0.000424 gain=1.000
2025-12-08 03:04:00 [tracker] [s1] onset-below-gate t=154.8162 env=0.000177 onset=0.979372 thresh=0.006000 baseline=0.029117 gate=0.001601 envFloor=0.024750 floor=0.029117 adapt=0.029117 lastPeak=0.000000 calib=0.029117 baseParam=0.000180 gateRatio=0.0550 envParam=0.000450
2025-12-08 03:04:01 [tracker] [s1] aubio-raw t=154.9951 onset=0.963723 env=0.000124 peak=0.000308 gain=1.000
2025-12-08 03:04:01 [tracker] [s1] onset-below-gate t=154.9951 env=0.000124 onset=0.963723 thresh=0.006000 baseline=0.029117 gate=0.001601 envFloor=0.024750 floor=0.029117 adapt=0.029117 lastPeak=0.000000 calib=0.029117 baseParam=0.000180 gateRatio=0.0550 envParam=0.000450
2025-12-08 03:04:01 [tracker] [s1] aubio-raw t=155.1126 onset=1.150829 env=0.000141 peak=0.000369 gain=1.000
2025-12-08 03:04:01 [tracker] [s1] onset-below-gate t=155.1126 env=0.000141 onset=1.150829 thresh=0.006000 baseline=0.029117 gate=0.001601 envFloor=0.024750 floor=0.029117 adapt=0.029117 lastPeak=0.000000 calib=0.029117 baseParam=0.000180 gateRatio=0.0550 envParam=0.000450
2025-12-08 03:04:01 [tracker] [s1] aubio-raw t=155.2942 onset=1.092223 env=0.000128 peak=0.000262 gain=1.000
2025-12-08 03:04:01 [tracker] [s1] onset-below-gate t=155.2942 env=0.000128 onset=1.092223 thresh=0.006000 baseline=0.029117 gate=0.001601 envFloor=0.024750 floor=0.029117 adapt=0.029117 lastPeak=0.000000 calib=0.029117 baseParam=0.000180 gateRatio=0.0550 envParam=0.000450
2025-12-08 03:04:02 [tracker] [s1] aubio-raw t=156.4771 onset=1.060435 env=0.000135 peak=0.000314 gain=1.000
2025-12-08 03:04:02 [tracker] [s1] onset-below-gate t=156.4771 env=0.000135 onset=1.060435 thresh=0.006000 baseline=0.029117 gate=0.001601 envFloor=0.024750 floor=0.029117 adapt=0.029117 lastPeak=0.000000 calib=0.029117 baseParam=0.000180 gateRatio=0.0550 envParam=0.000450
2025-12-08 03:04:02 [tracker] [s1] aubio-raw t=156.7308 onset=0.672653 env=0.000097 peak=0.000254 gain=1.000
2025-12-08 03:04:02 [tracker] [s1] onset-below-gate t=156.7308 env=0.000097 onset=0.672653 thresh=0.006000 baseline=0.029117 gate=0.001601 envFloor=0.024750 floor=0.029117 adapt=0.029117 lastPeak=0.000000 calib=0.029117 baseParam=0.000180 gateRatio=0.0550 envParam=0.000450
2025-12-08 03:04:03 [tracker] [s1] aubio-raw t=156.9070 onset=0.902759 env=0.000134 peak=0.000361 gain=1.000
2025-12-08 03:04:03 [tracker] [s1] onset-below-gate t=156.9070 env=0.000134 onset=0.902759 thresh=0.006000 baseline=0.029117 gate=0.001601 envFloor=0.024750 floor=0.029117 adapt=0.029117 lastPeak=0.000000 calib=0.029117 baseParam=0.000180 gateRatio=0.0550 envParam=0.000450
2025-12-08 03:04:03 [tracker] [s1] aubio-raw t=156.9604 onset=0.806393 env=0.000134 peak=0.000380 gain=1.000
2025-12-08 03:04:03 [tracker] [s1] onset-below-gate t=156.9604 env=0.000134 onset=0.806393 thresh=0.006000 baseline=0.029117 gate=0.001601 envFloor=0.024750 floor=0.029117 adapt=0.029117 lastPeak=0.000000 calib=0.029117 baseParam=0.000180 gateRatio=0.0550 envParam=0.000450
2025-12-08 03:04:03 [tracker] [s1] aubio-raw t=157.0726 onset=0.586721 env=0.000093 peak=0.000231 gain=1.000
2025-12-08 03:04:03 [tracker] [s1] onset-below-gate t=157.0726 env=0.000093 onset=0.586721 thresh=0.006000 baseline=0.029117 gate=0.001601 envFloor=0.024750 floor=0.029117 adapt=0.029117 lastPeak=0.000000 calib=0.029117 baseParam=0.000180 gateRatio=0.0550 envParam=0.000450
2025-12-08 03:04:03 [tracker] [s1] aubio-raw t=157.1981 onset=0.907806 env=0.000136 peak=0.000277 gain=1.000
2025-12-08 03:04:03 [tracker] [s1] onset-below-gate t=157.1981 env=0.000136 onset=0.907806 thresh=0.006000 baseline=0.029117 gate=0.001601 envFloor=0.024750 floor=0.029117 adapt=0.029117 lastPeak=0.000000 calib=0.029117 baseParam=0.000180 gateRatio=0.0550 envParam=0.000450
2025-12-08 03:04:03 [tracker] [s1] aubio-raw t=157.2729 onset=1.348573 env=0.000146 peak=0.000336 gain=1.000
2025-12-08 03:04:03 [tracker] [s1] onset-below-gate t=157.2729 env=0.000146 onset=1.348573 thresh=0.006000 baseline=0.029117 gate=0.001601 envFloor=0.024750 floor=0.029117 adapt=0.029117 lastPeak=0.000000 calib=0.029117 baseParam=0.000180 gateRatio=0.0550 envParam=0.000450
2025-12-08 03:04:03 [tracker] [s1] aubio-raw t=157.4144 onset=0.722444 env=0.000094 peak=0.000300 gain=1.000
2025-12-08 03:04:03 [tracker] [s1] onset-below-gate t=157.4144 env=0.000094 onset=0.722444 thresh=0.006000 baseline=0.029117 gate=0.001601 envFloor=0.024750 floor=0.029117 adapt=0.029117 lastPeak=0.000000 calib=0.029117 baseParam=0.000180 gateRatio=0.0550 envParam=0.000450
2025-12-08 03:04:04 [tracker] [s1] aubio-raw t=158.0472 onset=0.586113 env=0.000101 peak=0.000279 gain=1.000
2025-12-08 03:04:04 [tracker] [s1] onset-below-gate t=158.0472 env=0.000101 onset=0.586113 thresh=0.006000 baseline=0.029117 gate=0.001601 envFloor=0.024750 floor=0.029117 adapt=0.029117 lastPeak=0.000000 calib=0.029117 baseParam=0.000180 gateRatio=0.0550 envParam=0.000450
2025-12-08 03:04:04 [tracker] [s1] aubio-raw t=158.4051 onset=0.997916 env=0.000126 peak=0.000307 gain=1.000
2025-12-08 03:04:04 [tracker] [s1] onset-below-gate t=158.4051 env=0.000126 onset=0.997916 thresh=0.006000 baseline=0.029117 gate=0.001601 envFloor=0.024750 floor=0.029117 adapt=0.029117 lastPeak=0.000000 calib=0.029117 baseParam=0.000180 gateRatio=0.0550 envParam=0.000450
2025-12-08 03:04:05 [tracker] [s1] aubio-raw t=158.9364 onset=0.622626 env=0.000103 peak=0.000291 gain=1.000
2025-12-08 03:04:05 [tracker] [s1] onset-below-gate t=158.9364 env=0.000103 onset=0.622626 thresh=0.006000 baseline=0.029117 gate=0.001601 envFloor=0.024750 floor=0.029117 adapt=0.029117 lastPeak=0.000000 calib=0.029117 baseParam=0.000180 gateRatio=0.0550 envParam=0.000450
2025-12-08 03:04:05 [tracker] [s1] aubio-raw t=159.0806 onset=0.968574 env=0.000118 peak=0.000396 gain=1.000
2025-12-08 03:04:05 [tracker] [s1] onset-below-gate t=159.0806 env=0.000118 onset=0.968574 thresh=0.006000 baseline=0.029117 gate=0.001601 envFloor=0.024750 floor=0.029117 adapt=0.029117 lastPeak=0.000000 calib=0.029117 baseParam=0.000180 gateRatio=0.0550 envParam=0.000450
2025-12-08 03:04:05 [tracker] [s1] aubio-raw t=159.5479 onset=1.098562 env=0.000146 peak=0.000363 gain=1.000
2025-12-08 03:04:05 [tracker] [s1] onset-below-gate t=159.5479 env=0.000146 onset=1.098562 thresh=0.006000 baseline=0.029117 gate=0.001601 envFloor=0.024750 floor=0.029117 adapt=0.029117 lastPeak=0.000000 calib=0.029117 baseParam=0.000180 gateRatio=0.0550 envParam=0.000450
2025-12-08 03:04:05 [tracker] [s1] aubio-raw t=159.6094 onset=0.997731 env=0.000159 peak=0.000358 gain=1.000
2025-12-08 03:04:05 [tracker] [s1] onset-below-gate t=159.6094 env=0.000159 onset=0.997731 thresh=0.006000 baseline=0.029117 gate=0.001601 envFloor=0.024750 floor=0.029117 adapt=0.029117 lastPeak=0.000000 calib=0.029117 baseParam=0.000180 gateRatio=0.0550 envParam=0.000450
2025-12-08 03:04:05 [tracker] [s1] aubio-raw t=159.6895 onset=1.159161 env=0.000120 peak=0.000314 gain=1.000
2025-12-08 03:04:05 [tracker] [s1] onset-below-gate t=159.6895 env=0.000120 onset=1.159161 thresh=0.006000 baseline=0.029117 gate=0.001601 envFloor=0.024750 floor=0.029117 adapt=0.029117 lastPeak=0.000000 calib=0.029117 baseParam=0.000180 gateRatio=0.0550 envParam=0.000450
2025-12-08 03:04:06 [tracker] [s1] aubio-raw t=160.1354 onset=0.997647 env=0.000122 peak=0.000279 gain=1.000
2025-12-08 03:04:06 [tracker] [s1] onset-below-gate t=160.1354 env=0.000122 onset=0.997647 thresh=0.006000 baseline=0.029117 gate=0.001601 envFloor=0.024750 floor=0.029117 adapt=0.029117 lastPeak=0.000000 calib=0.029117 baseParam=0.000180 gateRatio=0.0550 envParam=0.000450
2025-12-08 03:04:06 [tracker] [s1] aubio-raw t=160.3223 onset=0.996453 env=0.000121 peak=0.000315 gain=1.000
2025-12-08 03:04:06 [tracker] [s1] onset-below-gate t=160.3223 env=0.000121 onset=0.996453 thresh=0.006000 baseline=0.029117 gate=0.001601 envFloor=0.024750 floor=0.029117 adapt=0.029117 lastPeak=0.000000 calib=0.029117 baseParam=0.000180 gateRatio=0.0550 envParam=0.000450
2025-12-08 03:04:06 [tracker] [s1] aubio-raw t=160.4425 onset=1.323055 env=0.000099 peak=0.000227 gain=1.000
2025-12-08 03:04:06 [tracker] [s1] onset-below-gate t=160.4425 env=0.000099 onset=1.323055 thresh=0.006000 baseline=0.029117 gate=0.001601 envFloor=0.024750 floor=0.029117 adapt=0.029117 lastPeak=0.000000 calib=0.029117 baseParam=0.000180 gateRatio=0.0550 envParam=0.000450
2025-12-08 03:04:06 [tracker] [s1] aubio-raw t=160.5894 onset=0.858773 env=0.000096 peak=0.000231 gain=1.000
2025-12-08 03:04:06 [tracker] [s1] onset-below-gate t=160.5894 env=0.000096 onset=0.858773 thresh=0.006000 baseline=0.029117 gate=0.001601 envFloor=0.024750 floor=0.029117 adapt=0.029117 lastPeak=0.000000 calib=0.029117 baseParam=0.000180 gateRatio=0.0550 envParam=0.000450
2025-12-08 03:04:06 [tracker] [s1] aubio-raw t=160.7015 onset=1.224672 env=0.000142 peak=0.000405 gain=1.000
2025-12-08 03:04:06 [tracker] [s1] onset-below-gate t=160.7015 env=0.000142 onset=1.224672 thresh=0.006000 baseline=0.029117 gate=0.001601 envFloor=0.024750 floor=0.029117 adapt=0.029117 lastPeak=0.000000 calib=0.029117 baseParam=0.000180 gateRatio=0.0550 envParam=0.000450
2025-12-08 03:04:07 [tracker] [s1] aubio-raw t=161.0086 onset=1.215509 env=0.000100 peak=0.000252 gain=1.000
2025-12-08 03:04:07 [tracker] [s1] onset-below-gate t=161.0086 env=0.000100 onset=1.215509 thresh=0.006000 baseline=0.029117 gate=0.001601 envFloor=0.024750 floor=0.029117 adapt=0.029117 lastPeak=0.000000 calib=0.029117 baseParam=0.000180 gateRatio=0.0550 envParam=0.000450
2025-12-08 03:04:07 [tracker] [s1] aubio-raw t=161.3531 onset=1.122656 env=0.000093 peak=0.000268 gain=1.000
2025-12-08 03:04:07 [tracker] [s1] onset-below-gate t=161.3531 env=0.000093 onset=1.122656 thresh=0.006000 baseline=0.029117 gate=0.001601 envFloor=0.024750 floor=0.029117 adapt=0.029117 lastPeak=0.000000 calib=0.029117 baseParam=0.000180 gateRatio=0.0550 envParam=0.000450
2025-12-08 03:04:07 [tracker] [s1] aubio-raw t=161.7296 onset=1.109835 env=0.000108 peak=0.000248 gain=1.000
2025-12-08 03:04:07 [tracker] [s1] onset-below-gate t=161.7296 env=0.000108 onset=1.109835 thresh=0.006000 baseline=0.029117 gate=0.001601 envFloor=0.024750 floor=0.029117 adapt=0.029117 lastPeak=0.000000 calib=0.029117 baseParam=0.000180 gateRatio=0.0550 envParam=0.000450
2025-12-08 03:04:07 [tracker] [s1] aubio-raw t=161.8711 onset=0.929256 env=0.000129 peak=0.000345 gain=1.000
2025-12-08 03:04:07 [tracker] [s1] onset-below-gate t=161.8711 env=0.000129 onset=0.929256 thresh=0.006000 baseline=0.029117 gate=0.001601 envFloor=0.024750 floor=0.029117 adapt=0.029117 lastPeak=0.000000 calib=0.029117 baseParam=0.000180 gateRatio=0.0550 envParam=0.000450
2025-12-08 03:04:08 [tracker] [s1] aubio-raw t=161.9886 onset=1.327477 env=0.000082 peak=0.000224 gain=1.000
2025-12-08 03:04:08 [tracker] [s1] onset-below-gate t=161.9886 env=0.000082 onset=1.327477 thresh=0.006000 baseline=0.029117 gate=0.001601 envFloor=0.024750 floor=0.029117 adapt=0.029117 lastPeak=0.000000 calib=0.029117 baseParam=0.000180 gateRatio=0.0550 envParam=0.000450
2025-12-08 03:04:08 [tracker] [s1] aubio-raw t=162.4105 onset=1.355903 env=0.000123 peak=0.000345 gain=1.000
2025-12-08 03:04:08 [tracker] [s1] onset-below-gate t=162.4105 env=0.000123 onset=1.355903 thresh=0.006000 baseline=0.029117 gate=0.001601 envFloor=0.024750 floor=0.029117 adapt=0.029117 lastPeak=0.000000 calib=0.029117 baseParam=0.000180 gateRatio=0.0550 envParam=0.000450
2025-12-08 03:04:09 [tracker] [s1] aubio-raw t=163.1208 onset=1.066216 env=0.000099 peak=0.000268 gain=1.000
2025-12-08 03:04:09 [tracker] [s1] onset-below-gate t=163.1208 env=0.000099 onset=1.066216 thresh=0.006000 baseline=0.029117 gate=0.001601 envFloor=0.024750 floor=0.029117 adapt=0.029117 lastPeak=0.000000 calib=0.029117 baseParam=0.000180 gateRatio=0.0550 envParam=0.000450
2025-12-08 03:04:09 [tracker] [s1] aubio-raw t=163.2677 onset=1.466511 env=0.000146 peak=0.000405 gain=1.000
2025-12-08 03:04:09 [tracker] [s1] onset-below-gate t=163.2677 env=0.000146 onset=1.466511 thresh=0.006000 baseline=0.029117 gate=0.001601 envFloor=0.024750 floor=0.029117 adapt=0.029117 lastPeak=0.000000 calib=0.029117 baseParam=0.000180 gateRatio=0.0550 envParam=0.000450
2025-12-08 03:04:09 [tracker] [s1] aubio-raw t=163.4199 onset=0.885510 env=0.000129 peak=0.000388 gain=1.000
2025-12-08 03:04:09 [tracker] [s1] onset-below-gate t=163.4199 env=0.000129 onset=0.885510 thresh=0.006000 baseline=0.029117 gate=0.001601 envFloor=0.024750 floor=0.029117 adapt=0.029117 lastPeak=0.000000 calib=0.029117 baseParam=0.000180 gateRatio=0.0550 envParam=0.000450
2025-12-08 03:04:09 [tracker] [s1] aubio-raw t=163.5667 onset=0.996269 env=0.000119 peak=0.000294 gain=1.000
2025-12-08 03:04:09 [tracker] [s1] onset-below-gate t=163.5667 env=0.000119 onset=0.996269 thresh=0.006000 baseline=0.029117 gate=0.001601 envFloor=0.024750 floor=0.029117 adapt=0.029117 lastPeak=0.000000 calib=0.029117 baseParam=0.000180 gateRatio=0.0550 envParam=0.000450
2025-12-08 03:04:09 [tracker] [s1] aubio-raw t=163.8685 onset=0.774836 env=0.000095 peak=0.000216 gain=1.000
2025-12-08 03:04:09 [tracker] [s1] onset-below-gate t=163.8685 env=0.000095 onset=0.774836 thresh=0.006000 baseline=0.029117 gate=0.001601 envFloor=0.024750 floor=0.029117 adapt=0.029117 lastPeak=0.000000 calib=0.029117 baseParam=0.000180 gateRatio=0.0550 envParam=0.000450
2025-12-08 03:04:10 [tracker] [s1] aubio-raw t=164.0367 onset=0.747877 env=0.000189 peak=0.000370 gain=1.000
2025-12-08 03:04:10 [tracker] [s1] onset-below-gate t=164.0367 env=0.000189 onset=0.747877 thresh=0.006000 baseline=0.029117 gate=0.001601 envFloor=0.024750 floor=0.029117 adapt=0.029117 lastPeak=0.000000 calib=0.029117 baseParam=0.000180 gateRatio=0.0550 envParam=0.000450
2025-12-08 03:04:10 [tracker] [s1] aubio-raw t=164.1782 onset=1.040397 env=0.000106 peak=0.000359 gain=1.000
2025-12-08 03:04:10 [tracker] [s1] onset-below-gate t=164.1782 env=0.000106 onset=1.040397 thresh=0.006000 baseline=0.029117 gate=0.001601 envFloor=0.024750 floor=0.029117 adapt=0.029117 lastPeak=0.000000 calib=0.029117 baseParam=0.000180 gateRatio=0.0550 envParam=0.000450
2025-12-08 03:04:11 [tracker] [s1] aubio-raw t=165.0514 onset=0.844056 env=0.000134 peak=0.000309 gain=1.000
2025-12-08 03:04:11 [tracker] [s1] onset-below-gate t=165.0514 env=0.000134 onset=0.844056 thresh=0.006000 baseline=0.029117 gate=0.001601 envFloor=0.024750 floor=0.029117 adapt=0.029117 lastPeak=0.000000 calib=0.029117 baseParam=0.000180 gateRatio=0.0550 envParam=0.000450
2025-12-08 03:04:11 [tracker] [s1] aubio-raw t=165.4439 onset=1.493726 env=0.000122 peak=0.000284 gain=1.000
2025-12-08 03:04:11 [tracker] [s1] onset-below-gate t=165.4439 env=0.000122 onset=1.493726 thresh=0.006000 baseline=0.029117 gate=0.001601 envFloor=0.024750 floor=0.029117 adapt=0.029117 lastPeak=0.000000 calib=0.029117 baseParam=0.000180 gateRatio=0.0550 envParam=0.000450
2025-12-08 03:04:11 [tracker] [s1] aubio-raw t=165.7430 onset=1.017650 env=0.000107 peak=0.000286 gain=1.000
2025-12-08 03:04:11 [tracker] [s1] onset-below-gate t=165.7430 env=0.000107 onset=1.017650 thresh=0.006000 baseline=0.029117 gate=0.001601 envFloor=0.024750 floor=0.029117 adapt=0.029117 lastPeak=0.000000 calib=0.029117 baseParam=0.000180 gateRatio=0.0550 envParam=0.000450
2025-12-08 03:04:11 [tracker] [s1] aubio-raw t=165.8578 onset=0.995038 env=0.000165 peak=0.000414 gain=1.000
2025-12-08 03:04:11 [tracker] [s1] onset-below-gate t=165.8578 env=0.000165 onset=0.995038 thresh=0.006000 baseline=0.029117 gate=0.001601 envFloor=0.024750 floor=0.029117 adapt=0.029117 lastPeak=0.000000 calib=0.029117 baseParam=0.000180 gateRatio=0.0550 envParam=0.000450
2025-12-08 03:04:12 [tracker] [s1] aubio-raw t=166.0741 onset=0.713016 env=0.000166 peak=0.000448 gain=1.000
2025-12-08 03:04:12 [tracker] [s1] onset-below-gate t=166.0741 env=0.000166 onset=0.713016 thresh=0.006000 baseline=0.029117 gate=0.001601 envFloor=0.024750 floor=0.029117 adapt=0.029117 lastPeak=0.000000 calib=0.029117 baseParam=0.000180 gateRatio=0.0550 envParam=0.000450
2025-12-08 03:04:12 [tracker] [s1] aubio-raw t=166.2477 onset=1.203590 env=0.000118 peak=0.000284 gain=1.000
2025-12-08 03:04:12 [tracker] [s1] onset-below-gate t=166.2477 env=0.000118 onset=1.203590 thresh=0.006000 baseline=0.029117 gate=0.001601 envFloor=0.024750 floor=0.029117 adapt=0.029117 lastPeak=0.000000 calib=0.029117 baseParam=0.000180 gateRatio=0.0550 envParam=0.000450
2025-12-08 03:04:12 [tracker] [s1] aubio-raw t=166.3358 onset=0.749755 env=0.000106 peak=0.000293 gain=1.000
2025-12-08 03:04:12 [tracker] [s1] onset-below-gate t=166.3358 env=0.000106 onset=0.749755 thresh=0.006000 baseline=0.029117 gate=0.001601 envFloor=0.024750 floor=0.029117 adapt=0.029117 lastPeak=0.000000 calib=0.029117 baseParam=0.000180 gateRatio=0.0550 envParam=0.000450
2025-12-08 03:04:12 [tracker] [s1] aubio-raw t=166.3866 onset=0.997834 env=0.000095 peak=0.000282 gain=1.000
2025-12-08 03:04:12 [tracker] [s1] onset-below-gate t=166.3866 env=0.000095 onset=0.997834 thresh=0.006000 baseline=0.029117 gate=0.001601 envFloor=0.024750 floor=0.029117 adapt=0.029117 lastPeak=0.000000 calib=0.029117 baseParam=0.000180 gateRatio=0.0550 envParam=0.000450
2025-12-08 03:04:12 [tracker] [s1] aubio-raw t=166.5121 onset=0.943802 env=0.000080 peak=0.000208 gain=1.000
2025-12-08 03:04:12 [tracker] [s1] onset-below-gate t=166.5121 env=0.000080 onset=0.943802 thresh=0.006000 baseline=0.029117 gate=0.001601 envFloor=0.024750 floor=0.029117 adapt=0.029117 lastPeak=0.000000 calib=0.029117 baseParam=0.000180 gateRatio=0.0550 envParam=0.000450
2025-12-08 03:04:13 [tracker] [s1] aubio-raw t=167.0862 onset=0.824352 env=0.000091 peak=0.000235 gain=1.000
2025-12-08 03:04:13 [tracker] [s1] onset-below-gate t=167.0862 env=0.000091 onset=0.824352 thresh=0.006000 baseline=0.029117 gate=0.001601 envFloor=0.024750 floor=0.029117 adapt=0.029117 lastPeak=0.000000 calib=0.029117 baseParam=0.000180 gateRatio=0.0550 envParam=0.000450
2025-12-08 03:04:13 [tracker] [s1] aubio-raw t=167.1556 onset=1.259512 env=0.000119 peak=0.000266 gain=1.000
2025-12-08 03:04:13 [tracker] [s1] onset-below-gate t=167.1556 env=0.000119 onset=1.259512 thresh=0.006000 baseline=0.029117 gate=0.001601 envFloor=0.024750 floor=0.029117 adapt=0.029117 lastPeak=0.000000 calib=0.029117 baseParam=0.000180 gateRatio=0.0550 envParam=0.000450
2025-12-08 03:04:13 [tracker] [s1] aubio-raw t=167.4440 onset=0.999941 env=0.000112 peak=0.000304 gain=1.000
2025-12-08 03:04:13 [tracker] [s1] onset-below-gate t=167.4440 env=0.000112 onset=0.999941 thresh=0.006000 baseline=0.029117 gate=0.001601 envFloor=0.024750 floor=0.029117 adapt=0.029117 lastPeak=0.000000 calib=0.029117 baseParam=0.000180 gateRatio=0.0550 envParam=0.000450
2025-12-08 03:04:13 [tracker] [s1] aubio-raw t=167.6042 onset=0.868264 env=0.000172 peak=0.000379 gain=1.000
2025-12-08 03:04:13 [tracker] [s1] onset-below-gate t=167.6042 env=0.000172 onset=0.868264 thresh=0.006000 baseline=0.029117 gate=0.001601 envFloor=0.024750 floor=0.029117 adapt=0.029117 lastPeak=0.000000 calib=0.029117 baseParam=0.000180 gateRatio=0.0550 envParam=0.000450
2025-12-08 03:04:13 [tracker] [s1] aubio-raw t=167.8419 onset=0.953261 env=0.000125 peak=0.000344 gain=1.000
2025-12-08 03:04:13 [tracker] [s1] onset-below-gate t=167.8419 env=0.000125 onset=0.953261 thresh=0.006000 baseline=0.029117 gate=0.001601 envFloor=0.024750 floor=0.029117 adapt=0.029117 lastPeak=0.000000 calib=0.029117 baseParam=0.000180 gateRatio=0.0550 envParam=0.000450
2025-12-08 03:04:14 [tracker] [s1] aubio-raw t=168.1997 onset=1.064152 env=0.000130 peak=0.000295 gain=1.000
2025-12-08 03:04:14 [tracker] [s1] onset-below-gate t=168.1997 env=0.000130 onset=1.064152 thresh=0.006000 baseline=0.029117 gate=0.001601 envFloor=0.024750 floor=0.029117 adapt=0.029117 lastPeak=0.000000 calib=0.029117 baseParam=0.000180 gateRatio=0.0550 envParam=0.000450
2025-12-08 03:04:15 [tracker] [s1] aubio-raw t=169.0061 onset=1.106969 env=0.000122 peak=0.000296 gain=1.000
2025-12-08 03:04:15 [tracker] [s1] onset-below-gate t=169.0061 env=0.000122 onset=1.106969 thresh=0.006000 baseline=0.029117 gate=0.001601 envFloor=0.024750 floor=0.029117 adapt=0.029117 lastPeak=0.000000 calib=0.029117 baseParam=0.000180 gateRatio=0.0550 envParam=0.000450
2025-12-08 03:04:15 [tracker] [s1] aubio-raw t=169.2037 onset=0.996397 env=0.000112 peak=0.000273 gain=1.000
2025-12-08 03:04:15 [tracker] [s1] onset-below-gate t=169.2037 env=0.000112 onset=0.996397 thresh=0.006000 baseline=0.029117 gate=0.001601 envFloor=0.024750 floor=0.029117 adapt=0.029117 lastPeak=0.000000 calib=0.029117 baseParam=0.000180 gateRatio=0.0550 envParam=0.000450
2025-12-08 03:04:15 [tracker] [s1] aubio-raw t=169.2731 onset=1.047180 env=0.000113 peak=0.000271 gain=1.000
2025-12-08 03:04:15 [tracker] [s1] onset-below-gate t=169.2731 env=0.000113 onset=1.047180 thresh=0.006000 baseline=0.029117 gate=0.001601 envFloor=0.024750 floor=0.029117 adapt=0.029117 lastPeak=0.000000 calib=0.029117 baseParam=0.000180 gateRatio=0.0550 envParam=0.000450
2025-12-08 03:04:15 [tracker] [s1] aubio-raw t=169.4547 onset=1.429674 env=0.000086 peak=0.000247 gain=1.000
2025-12-08 03:04:15 [tracker] [s1] onset-below-gate t=169.4547 env=0.000086 onset=1.429674 thresh=0.006000 baseline=0.029117 gate=0.001601 envFloor=0.024750 floor=0.029117 adapt=0.029117 lastPeak=0.000000 calib=0.029117 baseParam=0.000180 gateRatio=0.0550 envParam=0.000450
2025-12-08 03:04:15 [tracker] [s1] aubio-raw t=169.5909 onset=0.849187 env=0.000109 peak=0.000316 gain=1.000
2025-12-08 03:04:15 [tracker] [s1] onset-below-gate t=169.5909 env=0.000109 onset=0.849187 thresh=0.006000 baseline=0.029117 gate=0.001601 envFloor=0.024750 floor=0.029117 adapt=0.029117 lastPeak=0.000000 calib=0.029117 baseParam=0.000180 gateRatio=0.0550 envParam=0.000450
2025-12-08 03:04:17 [tracker] [s1] aubio-raw t=171.2038 onset=1.019869 env=0.000088 peak=0.000264 gain=1.000
2025-12-08 03:04:17 [tracker] [s1] onset-below-gate t=171.2038 env=0.000088 onset=1.019869 thresh=0.006000 baseline=0.029117 gate=0.001601 envFloor=0.024750 floor=0.029117 adapt=0.029117 lastPeak=0.000000 calib=0.029117 baseParam=0.000180 gateRatio=0.0550 envParam=0.000450
2025-12-08 03:04:17 [tracker] [s1] aubio-raw t=171.4094 onset=1.140358 env=0.000154 peak=0.000355 gain=1.000
2025-12-08 03:04:17 [tracker] [s1] onset-below-gate t=171.4094 env=0.000154 onset=1.140358 thresh=0.006000 baseline=0.029117 gate=0.001601 envFloor=0.024750 floor=0.029117 adapt=0.029117 lastPeak=0.000000 calib=0.029117 baseParam=0.000180 gateRatio=0.0550 envParam=0.000450
2025-12-08 03:04:17 [tracker] [s1] aubio-raw t=171.8687 onset=0.564829 env=0.000116 peak=0.000321 gain=1.000
2025-12-08 03:04:17 [tracker] [s1] onset-below-gate t=171.8687 env=0.000116 onset=0.564829 thresh=0.006000 baseline=0.029117 gate=0.001601 envFloor=0.024750 floor=0.029117 adapt=0.029117 lastPeak=0.000000 calib=0.029117 baseParam=0.000180 gateRatio=0.0550 envParam=0.000450
2025-12-08 03:04:18 [tracker] [s1] aubio-raw t=171.9274 onset=1.312513 env=0.000099 peak=0.000244 gain=1.000
2025-12-08 03:04:18 [tracker] [s1] onset-below-gate t=171.9274 env=0.000099 onset=1.312513 thresh=0.006000 baseline=0.029117 gate=0.001601 envFloor=0.024750 floor=0.029117 adapt=0.029117 lastPeak=0.000000 calib=0.029117 baseParam=0.000180 gateRatio=0.0550 envParam=0.000450
2025-12-08 03:04:18 [tracker] [s1] aubio-raw t=172.0182 onset=0.939674 env=0.000155 peak=0.000368 gain=1.000
2025-12-08 03:04:18 [tracker] [s1] onset-below-gate t=172.0182 env=0.000155 onset=0.939674 thresh=0.006000 baseline=0.029117 gate=0.001601 envFloor=0.024750 floor=0.029117 adapt=0.029117 lastPeak=0.000000 calib=0.029117 baseParam=0.000180 gateRatio=0.0550 envParam=0.000450
2025-12-08 03:04:18 [tracker] [s1] aubio-raw t=172.0876 onset=1.148463 env=0.000157 peak=0.000420 gain=1.000
2025-12-08 03:04:18 [tracker] [s1] onset-below-gate t=172.0876 env=0.000157 onset=1.148463 thresh=0.006000 baseline=0.029117 gate=0.001601 envFloor=0.024750 floor=0.029117 adapt=0.029117 lastPeak=0.000000 calib=0.029117 baseParam=0.000180 gateRatio=0.0550 envParam=0.000450
2025-12-08 03:04:18 [tracker] [s1] aubio-raw t=172.3119 onset=0.997446 env=0.000156 peak=0.000388 gain=1.000
2025-12-08 03:04:18 [tracker] [s1] onset-below-gate t=172.3119 env=0.000156 onset=0.997446 thresh=0.006000 baseline=0.029117 gate=0.001601 envFloor=0.024750 floor=0.029117 adapt=0.029117 lastPeak=0.000000 calib=0.029117 baseParam=0.000180 gateRatio=0.0550 envParam=0.000450
2025-12-08 03:04:18 [tracker] [s1] aubio-raw t=172.9207 onset=1.052918 env=0.000110 peak=0.000284 gain=1.000
2025-12-08 03:04:18 [tracker] [s1] onset-below-gate t=172.9207 env=0.000110 onset=1.052918 thresh=0.006000 baseline=0.029117 gate=0.001601 envFloor=0.024750 floor=0.029117 adapt=0.029117 lastPeak=0.000000 calib=0.029117 baseParam=0.000180 gateRatio=0.0550 envParam=0.000450
2025-12-08 03:04:19 [tracker] [s1] aubio-raw t=173.3854 onset=0.887803 env=0.000095 peak=0.000241 gain=1.000
2025-12-08 03:04:19 [tracker] [s1] onset-below-gate t=173.3854 env=0.000095 onset=0.887803 thresh=0.006000 baseline=0.029117 gate=0.001601 envFloor=0.024750 floor=0.029117 adapt=0.029117 lastPeak=0.000000 calib=0.029117 baseParam=0.000180 gateRatio=0.0550 envParam=0.000450
2025-12-08 03:04:19 [tracker] [s1] aubio-raw t=173.4548 onset=0.998224 env=0.000110 peak=0.000289 gain=1.000
2025-12-08 03:04:19 [tracker] [s1] onset-below-gate t=173.4548 env=0.000110 onset=0.998224 thresh=0.006000 baseline=0.029117 gate=0.001601 envFloor=0.024750 floor=0.029117 adapt=0.029117 lastPeak=0.000000 calib=0.029117 baseParam=0.000180 gateRatio=0.0550 envParam=0.000450
2025-12-08 03:04:19 [tracker] [s1] aubio-raw t=173.7699 onset=1.309079 env=0.000175 peak=0.000410 gain=1.000
2025-12-08 03:04:19 [tracker] [s1] onset-below-gate t=173.7699 env=0.000175 onset=1.309079 thresh=0.006000 baseline=0.029117 gate=0.001601 envFloor=0.024750 floor=0.029117 adapt=0.029117 lastPeak=0.000000 calib=0.029117 baseParam=0.000180 gateRatio=0.0550 envParam=0.000450
2025-12-08 03:04:19 [tracker] [s1] aubio-raw t=173.8634 onset=1.019492 env=0.000118 peak=0.000266 gain=1.000
2025-12-08 03:04:19 [tracker] [s1] onset-below-gate t=173.8634 env=0.000118 onset=1.019492 thresh=0.006000 baseline=0.029117 gate=0.001601 envFloor=0.024750 floor=0.029117 adapt=0.029117 lastPeak=0.000000 calib=0.029117 baseParam=0.000180 gateRatio=0.0550 envParam=0.000450
2025-12-08 03:04:20 [tracker] [s1] aubio-raw t=174.1250 onset=1.035814 env=0.000084 peak=0.000246 gain=1.000
2025-12-08 03:04:20 [tracker] [s1] onset-below-gate t=174.1250 env=0.000084 onset=1.035814 thresh=0.006000 baseline=0.029117 gate=0.001601 envFloor=0.024750 floor=0.029117 adapt=0.029117 lastPeak=0.000000 calib=0.029117 baseParam=0.000180 gateRatio=0.0550 envParam=0.000450
2025-12-08 03:04:20 [tracker] [s1] aubio-raw t=174.1918 onset=1.080983 env=0.000102 peak=0.000279 gain=1.000
2025-12-08 03:04:20 [tracker] [s1] onset-below-gate t=174.1918 env=0.000102 onset=1.080983 thresh=0.006000 baseline=0.029117 gate=0.001601 envFloor=0.024750 floor=0.029117 adapt=0.029117 lastPeak=0.000000 calib=0.029117 baseParam=0.000180 gateRatio=0.0550 envParam=0.000450
2025-12-08 03:04:20 [tracker] [s1] aubio-raw t=174.7873 onset=0.990243 env=0.000113 peak=0.000289 gain=1.000
2025-12-08 03:04:20 [tracker] [s1] onset-below-gate t=174.7873 env=0.000113 onset=0.990243 thresh=0.006000 baseline=0.029117 gate=0.001601 envFloor=0.024750 floor=0.029117 adapt=0.029117 lastPeak=0.000000 calib=0.029117 baseParam=0.000180 gateRatio=0.0550 envParam=0.000450
2025-12-08 03:04:20 [tracker] [s1] aubio-raw t=174.9101 onset=0.949111 env=0.000124 peak=0.000316 gain=1.000
2025-12-08 03:04:20 [tracker] [s1] onset-below-gate t=174.9101 env=0.000124 onset=0.949111 thresh=0.006000 baseline=0.029117 gate=0.001601 envFloor=0.024750 floor=0.029117 adapt=0.029117 lastPeak=0.000000 calib=0.029117 baseParam=0.000180 gateRatio=0.0550 envParam=0.000450
2025-12-08 03:04:21 [tracker] [s1] aubio-raw t=174.9849 onset=0.995858 env=0.000135 peak=0.000420 gain=1.000
2025-12-08 03:04:21 [tracker] [s1] onset-below-gate t=174.9849 env=0.000135 onset=0.995858 thresh=0.006000 baseline=0.029117 gate=0.001601 envFloor=0.024750 floor=0.029117 adapt=0.029117 lastPeak=0.000000 calib=0.029117 baseParam=0.000180 gateRatio=0.0550 envParam=0.000450
2025-12-08 03:04:21 [tracker] [s1] aubio-raw t=175.2946 onset=0.982189 env=0.000126 peak=0.000362 gain=1.000
2025-12-08 03:04:21 [tracker] [s1] onset-below-gate t=175.2946 env=0.000126 onset=0.982189 thresh=0.006000 baseline=0.029117 gate=0.001601 envFloor=0.024750 floor=0.029117 adapt=0.029117 lastPeak=0.000000 calib=0.029117 baseParam=0.000180 gateRatio=0.0550 envParam=0.000450
2025-12-08 03:04:21 [tracker] [s1] aubio-raw t=175.3480 onset=0.714366 env=0.000119 peak=0.000323 gain=1.000
2025-12-08 03:04:21 [tracker] [s1] onset-below-gate t=175.3480 env=0.000119 onset=0.714366 thresh=0.006000 baseline=0.029117 gate=0.001601 envFloor=0.024750 floor=0.029117 adapt=0.029117 lastPeak=0.000000 calib=0.029117 baseParam=0.000180 gateRatio=0.0550 envParam=0.000450
2025-12-08 03:04:21 [tracker] [s1] aubio-raw t=175.4175 onset=1.026617 env=0.000108 peak=0.000252 gain=1.000
2025-12-08 03:04:21 [tracker] [s1] onset-below-gate t=175.4175 env=0.000108 onset=1.026617 thresh=0.006000 baseline=0.029117 gate=0.001601 envFloor=0.024750 floor=0.029117 adapt=0.029117 lastPeak=0.000000 calib=0.029117 baseParam=0.000180 gateRatio=0.0550 envParam=0.000450
2025-12-08 03:04:21 [tracker] [s1] aubio-raw t=175.6925 onset=1.097198 env=0.000099 peak=0.000247 gain=1.000
2025-12-08 03:04:21 [tracker] [s1] onset-below-gate t=175.6925 env=0.000099 onset=1.097198 thresh=0.006000 baseline=0.029117 gate=0.001601 envFloor=0.024750 floor=0.029117 adapt=0.029117 lastPeak=0.000000 calib=0.029117 baseParam=0.000180 gateRatio=0.0550 envParam=0.000450
2025-12-08 03:04:21 [tracker] [s1] aubio-raw t=175.8367 onset=1.373235 env=0.000088 peak=0.000224 gain=1.000
2025-12-08 03:04:21 [tracker] [s1] onset-below-gate t=175.8367 env=0.000088 onset=1.373235 thresh=0.006000 baseline=0.029117 gate=0.001601 envFloor=0.024750 floor=0.029117 adapt=0.029117 lastPeak=0.000000 calib=0.029117 baseParam=0.000180 gateRatio=0.0550 envParam=0.000450
2025-12-08 03:04:22 [tracker] [s1] aubio-raw t=176.0049 onset=1.106061 env=0.000117 peak=0.000297 gain=1.000
2025-12-08 03:04:22 [tracker] [s1] onset-below-gate t=176.0049 env=0.000117 onset=1.106061 thresh=0.006000 baseline=0.029117 gate=0.001601 envFloor=0.024750 floor=0.029117 adapt=0.029117 lastPeak=0.000000 calib=0.029117 baseParam=0.000180 gateRatio=0.0550 envParam=0.000450
2025-12-08 03:04:22 [tracker] [s1] aubio-raw t=176.1945 onset=0.996454 env=0.000105 peak=0.000293 gain=1.000
2025-12-08 03:04:22 [tracker] [s1] onset-below-gate t=176.1945 env=0.000105 onset=0.996454 thresh=0.006000 baseline=0.029117 gate=0.001601 envFloor=0.024750 floor=0.029117 adapt=0.029117 lastPeak=0.000000 calib=0.029117 baseParam=0.000180 gateRatio=0.0550 envParam=0.000450
2025-12-08 03:04:22 [tracker] [s1] aubio-raw t=176.2613 onset=0.998155 env=0.000125 peak=0.000382 gain=1.000
2025-12-08 03:04:22 [tracker] [s1] onset-below-gate t=176.2613 env=0.000125 onset=0.998155 thresh=0.006000 baseline=0.029117 gate=0.001601 envFloor=0.024750 floor=0.029117 adapt=0.029117 lastPeak=0.000000 calib=0.029117 baseParam=0.000180 gateRatio=0.0550 envParam=0.000450
2025-12-08 03:04:22 [tracker] [s1] aubio-raw t=176.3975 onset=1.182330 env=0.000117 peak=0.000286 gain=1.000
2025-12-08 03:04:22 [tracker] [s1] onset-below-gate t=176.3975 env=0.000117 onset=1.182330 thresh=0.006000 baseline=0.029117 gate=0.001601 envFloor=0.024750 floor=0.029117 adapt=0.029117 lastPeak=0.000000 calib=0.029117 baseParam=0.000180 gateRatio=0.0550 envParam=0.000450
2025-12-08 03:04:23 [tracker] [s1] aubio-raw t=176.9475 onset=1.268384 env=0.000132 peak=0.000299 gain=1.000
2025-12-08 03:04:23 [tracker] [s1] onset-below-gate t=176.9475 env=0.000132 onset=1.268384 thresh=0.006000 baseline=0.029117 gate=0.001601 envFloor=0.024750 floor=0.029117 adapt=0.029117 lastPeak=0.000000 calib=0.029117 baseParam=0.000180 gateRatio=0.0550 envParam=0.000450
2025-12-08 03:04:23 [tracker] [s1] aubio-raw t=177.0303 onset=1.033701 env=0.000100 peak=0.000266 gain=1.000
2025-12-08 03:04:23 [tracker] [s1] onset-below-gate t=177.0303 env=0.000100 onset=1.033701 thresh=0.006000 baseline=0.029117 gate=0.001601 envFloor=0.024750 floor=0.029117 adapt=0.029117 lastPeak=0.000000 calib=0.029117 baseParam=0.000180 gateRatio=0.0550 envParam=0.000450
2025-12-08 03:04:23 [tracker] [s1] aubio-raw t=177.5564 onset=0.998499 env=0.000093 peak=0.000229 gain=1.000
2025-12-08 03:04:23 [tracker] [s1] onset-below-gate t=177.5564 env=0.000093 onset=0.998499 thresh=0.006000 baseline=0.029117 gate=0.001601 envFloor=0.024750 floor=0.029117 adapt=0.029117 lastPeak=0.000000 calib=0.029117 baseParam=0.000180 gateRatio=0.0550 envParam=0.000450
2025-12-08 03:04:24 [tracker] [s1] aubio-raw t=177.9542 onset=1.073688 env=0.000121 peak=0.000305 gain=1.000
2025-12-08 03:04:24 [tracker] [s1] onset-below-gate t=177.9542 env=0.000121 onset=1.073688 thresh=0.006000 baseline=0.029117 gate=0.001601 envFloor=0.024750 floor=0.029117 adapt=0.029117 lastPeak=0.000000 calib=0.029117 baseParam=0.000180 gateRatio=0.0550 envParam=0.000450
2025-12-08 03:04:24 [tracker] [s1] aubio-raw t=178.0717 onset=0.892767 env=0.000166 peak=0.000383 gain=1.000
2025-12-08 03:04:24 [tracker] [s1] onset-below-gate t=178.0717 env=0.000166 onset=0.892767 thresh=0.006000 baseline=0.029117 gate=0.001601 envFloor=0.024750 floor=0.029117 adapt=0.029117 lastPeak=0.000000 calib=0.029117 baseParam=0.000180 gateRatio=0.0550 envParam=0.000450
2025-12-08 03:04:24 [tracker] [s1] aubio-raw t=178.2480 onset=1.109761 env=0.000100 peak=0.000233 gain=1.000
2025-12-08 03:04:24 [tracker] [s1] onset-below-gate t=178.2480 env=0.000100 onset=1.109761 thresh=0.006000 baseline=0.029117 gate=0.001601 envFloor=0.024750 floor=0.029117 adapt=0.029117 lastPeak=0.000000 calib=0.029117 baseParam=0.000180 gateRatio=0.0550 envParam=0.000450
2025-12-08 03:04:24 [tracker] [s1] aubio-raw t=178.3147 onset=0.994784 env=0.000105 peak=0.000267 gain=1.000
2025-12-08 03:04:24 [tracker] [s1] onset-below-gate t=178.3147 env=0.000105 onset=0.994784 thresh=0.006000 baseline=0.029117 gate=0.001601 envFloor=0.024750 floor=0.029117 adapt=0.029117 lastPeak=0.000000 calib=0.029117 baseParam=0.000180 gateRatio=0.0550 envParam=0.000450
2025-12-08 03:04:24 [tracker] [s1] aubio-raw t=178.8141 onset=1.269552 env=0.000109 peak=0.000263 gain=1.000
2025-12-08 03:04:24 [tracker] [s1] onset-below-gate t=178.8141 env=0.000109 onset=1.269552 thresh=0.006000 baseline=0.029117 gate=0.001601 envFloor=0.024750 floor=0.029117 adapt=0.029117 lastPeak=0.000000 calib=0.029117 baseParam=0.000180 gateRatio=0.0550 envParam=0.000450
2025-12-08 03:04:25 [tracker] [s1] aubio-raw t=179.1505 onset=0.997300 env=0.000137 peak=0.000405 gain=1.000
2025-12-08 03:04:25 [tracker] [s1] onset-below-gate t=179.1505 env=0.000137 onset=0.997300 thresh=0.006000 baseline=0.029117 gate=0.001601 envFloor=0.024750 floor=0.029117 adapt=0.029117 lastPeak=0.000000 calib=0.029117 baseParam=0.000180 gateRatio=0.0550 envParam=0.000450
2025-12-08 03:04:25 [tracker] [s1] aubio-raw t=179.5537 onset=0.996599 env=0.000155 peak=0.000421 gain=1.000
2025-12-08 03:04:25 [tracker] [s1] onset-below-gate t=179.5537 env=0.000155 onset=0.996599 thresh=0.006000 baseline=0.029117 gate=0.001601 envFloor=0.024750 floor=0.029117 adapt=0.029117 lastPeak=0.000000 calib=0.029117 baseParam=0.000180 gateRatio=0.0550 envParam=0.000450
2025-12-08 03:04:25 [tracker] [s1] aubio-raw t=179.6419 onset=0.693906 env=0.000100 peak=0.000312 gain=1.000
2025-12-08 03:04:25 [tracker] [s1] onset-below-gate t=179.6419 env=0.000100 onset=0.693906 thresh=0.006000 baseline=0.029117 gate=0.001601 envFloor=0.024750 floor=0.029117 adapt=0.029117 lastPeak=0.000000 calib=0.029117 baseParam=0.000180 gateRatio=0.0550 envParam=0.000450
2025-12-08 03:04:25 [tracker] [s1] aubio-raw t=179.7727 onset=0.929022 env=0.000120 peak=0.000293 gain=1.000
2025-12-08 03:04:25 [tracker] [s1] onset-below-gate t=179.7727 env=0.000120 onset=0.929022 thresh=0.006000 baseline=0.029117 gate=0.001601 envFloor=0.024750 floor=0.029117 adapt=0.029117 lastPeak=0.000000 calib=0.029117 baseParam=0.000180 gateRatio=0.0550 envParam=0.000450
2025-12-08 03:04:25 [tracker] [s1] aubio-raw t=179.9276 onset=1.133966 env=0.000104 peak=0.000329 gain=1.000
2025-12-08 03:04:25 [tracker] [s1] onset-below-gate t=179.9276 env=0.000104 onset=1.133966 thresh=0.006000 baseline=0.029117 gate=0.001601 envFloor=0.024750 floor=0.029117 adapt=0.029117 lastPeak=0.000000 calib=0.029117 baseParam=0.000180 gateRatio=0.0550 envParam=0.000450
2025-12-08 03:04:26 [tracker] [s1] aubio-raw t=180.1465 onset=1.003229 env=0.000139 peak=0.000363 gain=1.000
2025-12-08 03:04:26 [tracker] [s1] onset-below-gate t=180.1465 env=0.000139 onset=1.003229 thresh=0.006000 baseline=0.029117 gate=0.001601 envFloor=0.024750 floor=0.029117 adapt=0.029117 lastPeak=0.000000 calib=0.029117 baseParam=0.000180 gateRatio=0.0550 envParam=0.000450
2025-12-08 03:04:26 [tracker] [s1] aubio-raw t=180.4590 onset=1.361160 env=0.000121 peak=0.000291 gain=1.000
2025-12-08 03:04:26 [tracker] [s1] onset-below-gate t=180.4590 env=0.000121 onset=1.361160 thresh=0.006000 baseline=0.029117 gate=0.001601 envFloor=0.024750 floor=0.029117 adapt=0.029117 lastPeak=0.000000 calib=0.029117 baseParam=0.000180 gateRatio=0.0550 envParam=0.000450
2025-12-08 03:04:26 [tracker] [s1] aubio-raw t=180.6699 onset=1.063995 env=0.000123 peak=0.000287 gain=1.000
2025-12-08 03:04:26 [tracker] [s1] onset-below-gate t=180.6699 env=0.000123 onset=1.063995 thresh=0.006000 baseline=0.029117 gate=0.001601 envFloor=0.024750 floor=0.029117 adapt=0.029117 lastPeak=0.000000 calib=0.029117 baseParam=0.000180 gateRatio=0.0550 envParam=0.000450
2025-12-08 03:04:27 [tracker] [s1] aubio-raw t=180.9877 onset=1.105852 env=0.000107 peak=0.000226 gain=1.000
2025-12-08 03:04:27 [tracker] [s1] onset-below-gate t=180.9877 env=0.000107 onset=1.105852 thresh=0.006000 baseline=0.029117 gate=0.001601 envFloor=0.024750 floor=0.029117 adapt=0.029117 lastPeak=0.000000 calib=0.029117 baseParam=0.000180 gateRatio=0.0550 envParam=0.000450
2025-12-08 03:04:27 [tracker] [s1] aubio-raw t=181.4363 onset=1.190971 env=0.000130 peak=0.000313 gain=1.000
2025-12-08 03:04:27 [tracker] [s1] onset-below-gate t=181.4363 env=0.000130 onset=1.190971 thresh=0.006000 baseline=0.029117 gate=0.001601 envFloor=0.024750 floor=0.029117 adapt=0.029117 lastPeak=0.000000 calib=0.029117 baseParam=0.000180 gateRatio=0.0550 envParam=0.000450
2025-12-08 03:04:27 [tracker] [s1] aubio-raw t=181.7594 onset=1.439242 env=0.000113 peak=0.000295 gain=1.000
2025-12-08 03:04:27 [tracker] [s1] onset-below-gate t=181.7594 env=0.000113 onset=1.439242 thresh=0.006000 baseline=0.029117 gate=0.001601 envFloor=0.024750 floor=0.029117 adapt=0.029117 lastPeak=0.000000 calib=0.029117 baseParam=0.000180 gateRatio=0.0550 envParam=0.000450
2025-12-08 03:04:27 [tracker] [s1] aubio-raw t=181.9303 onset=0.996730 env=0.000113 peak=0.000308 gain=1.000
2025-12-08 03:04:27 [tracker] [s1] onset-below-gate t=181.9303 env=0.000113 onset=0.996730 thresh=0.006000 baseline=0.029117 gate=0.001601 envFloor=0.024750 floor=0.029117 adapt=0.029117 lastPeak=0.000000 calib=0.029117 baseParam=0.000180 gateRatio=0.0550 envParam=0.000450
2025-12-08 03:04:28 [tracker] [s1] aubio-raw t=182.0051 onset=0.871200 env=0.000082 peak=0.000227 gain=1.000
2025-12-08 03:04:28 [tracker] [s1] onset-below-gate t=182.0051 env=0.000082 onset=0.871200 thresh=0.006000 baseline=0.029117 gate=0.001601 envFloor=0.024750 floor=0.029117 adapt=0.029117 lastPeak=0.000000 calib=0.029117 baseParam=0.000180 gateRatio=0.0550 envParam=0.000450
2025-12-08 03:04:28 [tracker] [s1] aubio-raw t=182.1039 onset=1.159592 env=0.000096 peak=0.000222 gain=1.000
2025-12-08 03:04:28 [tracker] [s1] onset-below-gate t=182.1039 env=0.000096 onset=1.159592 thresh=0.006000 baseline=0.029117 gate=0.001601 envFloor=0.024750 floor=0.029117 adapt=0.029117 lastPeak=0.000000 calib=0.029117 baseParam=0.000180 gateRatio=0.0550 envParam=0.000450
2025-12-08 03:04:28 [tracker] [s1] aubio-raw t=182.2427 onset=1.149312 env=0.000132 peak=0.000300 gain=1.000
2025-12-08 03:04:28 [tracker] [s1] onset-below-gate t=182.2427 env=0.000132 onset=1.149312 thresh=0.006000 baseline=0.029117 gate=0.001601 envFloor=0.024750 floor=0.029117 adapt=0.029117 lastPeak=0.000000 calib=0.029117 baseParam=0.000180 gateRatio=0.0550 envParam=0.000450
2025-12-08 03:04:28 [tracker] [s1] aubio-raw t=182.3068 onset=0.834875 env=0.000099 peak=0.000237 gain=1.000
2025-12-08 03:04:28 [tracker] [s1] onset-below-gate t=182.3068 env=0.000099 onset=0.834875 thresh=0.006000 baseline=0.029117 gate=0.001601 envFloor=0.024750 floor=0.029117 adapt=0.029117 lastPeak=0.000000 calib=0.029117 baseParam=0.000180 gateRatio=0.0550 envParam=0.000450
2025-12-08 03:04:28 [tracker] [s1] aubio-raw t=182.5231 onset=0.996263 env=0.000087 peak=0.000215 gain=1.000
2025-12-08 03:04:28 [tracker] [s1] onset-below-gate t=182.5231 env=0.000087 onset=0.996263 thresh=0.006000 baseline=0.029117 gate=0.001601 envFloor=0.024750 floor=0.029117 adapt=0.029117 lastPeak=0.000000 calib=0.029117 baseParam=0.000180 gateRatio=0.0550 envParam=0.000450
2025-12-08 03:04:28 [tracker] [s1] aubio-raw t=182.5899 onset=1.251499 env=0.000206 peak=0.000450 gain=1.000
2025-12-08 03:04:28 [tracker] [s1] onset-below-gate t=182.5899 env=0.000206 onset=1.251499 thresh=0.006000 baseline=0.029117 gate=0.001601 envFloor=0.024750 floor=0.029117 adapt=0.029117 lastPeak=0.000000 calib=0.029117 baseParam=0.000180 gateRatio=0.0550 envParam=0.000450
2025-12-08 03:04:28 [tracker] [s1] aubio-raw t=182.8462 onset=0.957806 env=0.000140 peak=0.000360 gain=1.000
2025-12-08 03:04:28 [tracker] [s1] onset-below-gate t=182.8462 env=0.000140 onset=0.957806 thresh=0.006000 baseline=0.029117 gate=0.001601 envFloor=0.024750 floor=0.029117 adapt=0.029117 lastPeak=0.000000 calib=0.029117 baseParam=0.000180 gateRatio=0.0550 envParam=0.000450
2025-12-08 03:04:28 [tracker] [s1] aubio-raw t=182.9076 onset=0.993820 env=0.000155 peak=0.000462 gain=1.000
2025-12-08 03:04:28 [tracker] [s1] onset-below-gate t=182.9076 env=0.000155 onset=0.993820 thresh=0.006000 baseline=0.029117 gate=0.001601 envFloor=0.024750 floor=0.029117 adapt=0.029117 lastPeak=0.000000 calib=0.029117 baseParam=0.000180 gateRatio=0.0550 envParam=0.000450
2025-12-08 03:04:29 [tracker] [s1] aubio-raw t=183.2681 onset=1.116118 env=0.000116 peak=0.000347 gain=1.000
2025-12-08 03:04:29 [tracker] [s1] onset-below-gate t=183.2681 env=0.000116 onset=1.116118 thresh=0.006000 baseline=0.029117 gate=0.001601 envFloor=0.024750 floor=0.029117 adapt=0.029117 lastPeak=0.000000 calib=0.029117 baseParam=0.000180 gateRatio=0.0550 envParam=0.000450
2025-12-08 03:04:29 [tracker] [s1] aubio-raw t=183.6046 onset=0.995849 env=0.000074 peak=0.000214 gain=1.000
2025-12-08 03:04:29 [tracker] [s1] onset-below-gate t=183.6046 env=0.000074 onset=0.995849 thresh=0.006000 baseline=0.029117 gate=0.001601 envFloor=0.024750 floor=0.029117 adapt=0.029117 lastPeak=0.000000 calib=0.029117 baseParam=0.000180 gateRatio=0.0550 envParam=0.000450
2025-12-08 03:04:29 [tracker] [s1] aubio-raw t=183.6980 onset=0.851480 env=0.000103 peak=0.000301 gain=1.000
2025-12-08 03:04:29 [tracker] [s1] onset-below-gate t=183.6980 env=0.000103 onset=0.851480 thresh=0.006000 baseline=0.029117 gate=0.001601 envFloor=0.024750 floor=0.029117 adapt=0.029117 lastPeak=0.000000 calib=0.029117 baseParam=0.000180 gateRatio=0.0550 envParam=0.000450
2025-12-08 03:04:29 [tracker] [s1] aubio-raw t=183.8289 onset=0.997135 env=0.000126 peak=0.000306 gain=1.000
2025-12-08 03:04:29 [tracker] [s1] onset-below-gate t=183.8289 env=0.000126 onset=0.997135 thresh=0.006000 baseline=0.029117 gate=0.001601 envFloor=0.024750 floor=0.029117 adapt=0.029117 lastPeak=0.000000 calib=0.029117 baseParam=0.000180 gateRatio=0.0550 envParam=0.000450
2025-12-08 03:04:30 [tracker] [s1] aubio-raw t=183.9437 onset=1.026202 env=0.000078 peak=0.000193 gain=1.000
2025-12-08 03:04:30 [tracker] [s1] onset-below-gate t=183.9437 env=0.000078 onset=1.026202 thresh=0.006000 baseline=0.029117 gate=0.001601 envFloor=0.024750 floor=0.029117 adapt=0.029117 lastPeak=0.000000 calib=0.029117 baseParam=0.000180 gateRatio=0.0550 envParam=0.000450
2025-12-08 03:04:30 [tracker] [s1] aubio-raw t=184.5312 onset=0.981306 env=0.000112 peak=0.000317 gain=1.000
2025-12-08 03:04:30 [tracker] [s1] onset-below-gate t=184.5312 env=0.000112 onset=0.981306 thresh=0.006000 baseline=0.029117 gate=0.001601 envFloor=0.024750 floor=0.029117 adapt=0.029117 lastPeak=0.000000 calib=0.029117 baseParam=0.000180 gateRatio=0.0550 envParam=0.000450
2025-12-08 03:04:31 [tracker] [s1] aubio-raw t=185.2788 onset=0.994232 env=0.000108 peak=0.000299 gain=1.000
2025-12-08 03:04:31 [tracker] [s1] onset-below-gate t=185.2788 env=0.000108 onset=0.994232 thresh=0.006000 baseline=0.029117 gate=0.001601 envFloor=0.024750 floor=0.029117 adapt=0.029117 lastPeak=0.000000 calib=0.029117 baseParam=0.000180 gateRatio=0.0550 envParam=0.000450
2025-12-08 03:04:32 [tracker] [s1] aubio-raw t=185.9464 onset=0.992327 env=0.000110 peak=0.000307 gain=1.000
2025-12-08 03:04:32 [tracker] [s1] onset-below-gate t=185.9464 env=0.000110 onset=0.992327 thresh=0.006000 baseline=0.029117 gate=0.001601 envFloor=0.024750 floor=0.029117 adapt=0.029117 lastPeak=0.000000 calib=0.029117 baseParam=0.000180 gateRatio=0.0550 envParam=0.000450
2025-12-08 03:04:32 [tracker] [s1] aubio-raw t=186.3283 onset=0.994296 env=0.000115 peak=0.000303 gain=1.000
2025-12-08 03:04:32 [tracker] [s1] onset-below-gate t=186.3283 env=0.000115 onset=0.994296 thresh=0.006000 baseline=0.029117 gate=0.001601 envFloor=0.024750 floor=0.029117 adapt=0.029117 lastPeak=0.000000 calib=0.029117 baseParam=0.000180 gateRatio=0.0550 envParam=0.000450
2025-12-08 03:04:32 [tracker] [s1] aubio-raw t=186.9024 onset=0.641186 env=0.000081 peak=0.000200 gain=1.000
2025-12-08 03:04:32 [tracker] [s1] onset-below-gate t=186.9024 env=0.000081 onset=0.641186 thresh=0.006000 baseline=0.029117 gate=0.001601 envFloor=0.024750 floor=0.029117 adapt=0.029117 lastPeak=0.000000 calib=0.029117 baseParam=0.000180 gateRatio=0.0550 envParam=0.000450
2025-12-08 03:04:33 [tracker] [s1] aubio-raw t=186.9958 onset=1.014041 env=0.000199 peak=0.000422 gain=1.000
2025-12-08 03:04:33 [tracker] [s1] onset-below-gate t=186.9958 env=0.000199 onset=1.014041 thresh=0.006000 baseline=0.029117 gate=0.001601 envFloor=0.024750 floor=0.029117 adapt=0.029117 lastPeak=0.000000 calib=0.029117 baseParam=0.000180 gateRatio=0.0550 envParam=0.000450
2025-12-08 03:04:33 [tracker] [s1] aubio-raw t=187.3002 onset=1.217392 env=0.000143 peak=0.000324 gain=1.000
2025-12-08 03:04:33 [tracker] [s1] onset-below-gate t=187.3002 env=0.000143 onset=1.217392 thresh=0.006000 baseline=0.029117 gate=0.001601 envFloor=0.024750 floor=0.029117 adapt=0.029117 lastPeak=0.000000 calib=0.029117 baseParam=0.000180 gateRatio=0.0550 envParam=0.000450
2025-12-08 03:04:33 [tracker] [s1] aubio-raw t=187.3884 onset=1.446903 env=0.000132 peak=0.000339 gain=1.000
2025-12-08 03:04:33 [tracker] [s1] onset-below-gate t=187.3884 env=0.000132 onset=1.446903 thresh=0.006000 baseline=0.029117 gate=0.001601 envFloor=0.024750 floor=0.029117 adapt=0.029117 lastPeak=0.000000 calib=0.029117 baseParam=0.000180 gateRatio=0.0550 envParam=0.000450
2025-12-08 03:04:33 [tracker] [s1] aubio-raw t=187.5192 onset=1.117651 env=0.000153 peak=0.000349 gain=1.000
2025-12-08 03:04:33 [tracker] [s1] onset-below-gate t=187.5192 env=0.000153 onset=1.117651 thresh=0.006000 baseline=0.029117 gate=0.001601 envFloor=0.024750 floor=0.029117 adapt=0.029117 lastPeak=0.000000 calib=0.029117 baseParam=0.000180 gateRatio=0.0550 envParam=0.000450
2025-12-08 03:04:33 [tracker] [s1] aubio-raw t=187.8156 onset=0.991705 env=0.000187 peak=0.000414 gain=1.000
2025-12-08 03:04:33 [tracker] [s1] onset-below-gate t=187.8156 env=0.000187 onset=0.991705 thresh=0.006000 baseline=0.029117 gate=0.001601 envFloor=0.024750 floor=0.029117 adapt=0.029117 lastPeak=0.000000 calib=0.029117 baseParam=0.000180 gateRatio=0.0550 envParam=0.000450
2025-12-08 03:04:34 [tracker] [s1] aubio-raw t=188.4138 onset=1.282900 env=0.000139 peak=0.000368 gain=1.000
2025-12-08 03:04:34 [tracker] [s1] onset-below-gate t=188.4138 env=0.000139 onset=1.282900 thresh=0.006000 baseline=0.029117 gate=0.001601 envFloor=0.024750 floor=0.029117 adapt=0.029117 lastPeak=0.000000 calib=0.029117 baseParam=0.000180 gateRatio=0.0550 envParam=0.000450
2025-12-08 03:04:34 [tracker] [s1] aubio-raw t=188.4778 onset=0.999770 env=0.000104 peak=0.000218 gain=1.000
2025-12-08 03:04:34 [tracker] [s1] onset-below-gate t=188.4778 env=0.000104 onset=0.999770 thresh=0.006000 baseline=0.029117 gate=0.001601 envFloor=0.024750 floor=0.029117 adapt=0.029117 lastPeak=0.000000 calib=0.029117 baseParam=0.000180 gateRatio=0.0550 envParam=0.000450
2025-12-08 03:04:34 [tracker] [s1] aubio-raw t=188.7395 onset=0.998737 env=0.000093 peak=0.000252 gain=1.000
2025-12-08 03:04:34 [tracker] [s1] onset-below-gate t=188.7395 env=0.000093 onset=0.998737 thresh=0.006000 baseline=0.029117 gate=0.001601 envFloor=0.024750 floor=0.029117 adapt=0.029117 lastPeak=0.000000 calib=0.029117 baseParam=0.000180 gateRatio=0.0550 envParam=0.000450
2025-12-08 03:04:34 [tracker] [s1] aubio-raw t=188.8704 onset=0.822232 env=0.000100 peak=0.000267 gain=1.000
2025-12-08 03:04:34 [tracker] [s1] onset-below-gate t=188.8704 env=0.000100 onset=0.822232 thresh=0.006000 baseline=0.029117 gate=0.001601 envFloor=0.024750 floor=0.029117 adapt=0.029117 lastPeak=0.000000 calib=0.029117 baseParam=0.000180 gateRatio=0.0550 envParam=0.000450
2025-12-08 03:04:35 [tracker] [s1] aubio-raw t=188.9718 onset=0.993770 env=0.000175 peak=0.000431 gain=1.000
2025-12-08 03:04:35 [tracker] [s1] onset-below-gate t=188.9718 env=0.000175 onset=0.993770 thresh=0.006000 baseline=0.029117 gate=0.001601 envFloor=0.024750 floor=0.029117 adapt=0.029117 lastPeak=0.000000 calib=0.029117 baseParam=0.000180 gateRatio=0.0550 envParam=0.000450
2025-12-08 03:04:35 [tracker] [s1] aubio-raw t=189.4338 onset=0.529617 env=0.000132 peak=0.000398 gain=1.000
2025-12-08 03:04:35 [tracker] [s1] onset-below-gate t=189.4338 env=0.000132 onset=0.529617 thresh=0.006000 baseline=0.029117 gate=0.001601 envFloor=0.024750 floor=0.029117 adapt=0.029117 lastPeak=0.000000 calib=0.029117 baseParam=0.000180 gateRatio=0.0550 envParam=0.000450
2025-12-08 03:04:35 [tracker] [s1] aubio-raw t=189.7516 onset=0.997709 env=0.000094 peak=0.000240 gain=1.000
2025-12-08 03:04:35 [tracker] [s1] onset-below-gate t=189.7516 env=0.000094 onset=0.997709 thresh=0.006000 baseline=0.029117 gate=0.001601 envFloor=0.024750 floor=0.029117 adapt=0.029117 lastPeak=0.000000 calib=0.029117 baseParam=0.000180 gateRatio=0.0550 envParam=0.000450
2025-12-08 03:04:35 [tracker] [s1] aubio-raw t=189.8797 onset=1.110713 env=0.000090 peak=0.000235 gain=1.000
2025-12-08 03:04:35 [tracker] [s1] onset-below-gate t=189.8797 env=0.000090 onset=1.110713 thresh=0.006000 baseline=0.029117 gate=0.001601 envFloor=0.024750 floor=0.029117 adapt=0.029117 lastPeak=0.000000 calib=0.029117 baseParam=0.000180 gateRatio=0.0550 envParam=0.000450
2025-12-08 03:04:36 [tracker] [s1] aubio-raw t=190.4005 onset=0.804342 env=0.000145 peak=0.000375 gain=1.000
2025-12-08 03:04:36 [tracker] [s1] onset-below-gate t=190.4005 env=0.000145 onset=0.804342 thresh=0.006000 baseline=0.029117 gate=0.001601 envFloor=0.024750 floor=0.029117 adapt=0.029117 lastPeak=0.000000 calib=0.029117 baseParam=0.000180 gateRatio=0.0550 envParam=0.000450
2025-12-08 03:04:36 [tracker] [s1] aubio-raw t=190.7075 onset=0.644727 env=0.000090 peak=0.000229 gain=1.000
2025-12-08 03:04:36 [tracker] [s1] onset-below-gate t=190.7075 env=0.000090 onset=0.644727 thresh=0.006000 baseline=0.029117 gate=0.001601 envFloor=0.024750 floor=0.029117 adapt=0.029117 lastPeak=0.000000 calib=0.029117 baseParam=0.000180 gateRatio=0.0550 envParam=0.000450
2025-12-08 03:04:36 [tracker] [s1] aubio-raw t=190.8464 onset=0.996236 env=0.000123 peak=0.000315 gain=1.000
2025-12-08 03:04:36 [tracker] [s1] onset-below-gate t=190.8464 env=0.000123 onset=0.996236 thresh=0.006000 baseline=0.029117 gate=0.001601 envFloor=0.024750 floor=0.029117 adapt=0.029117 lastPeak=0.000000 calib=0.029117 baseParam=0.000180 gateRatio=0.0550 envParam=0.000450
2025-12-08 03:04:36 [tracker] [s1] aubio-raw t=190.9425 onset=0.977403 env=0.000102 peak=0.000250 gain=1.000
2025-12-08 03:04:36 [tracker] [s1] onset-below-gate t=190.9425 env=0.000102 onset=0.977403 thresh=0.006000 baseline=0.029117 gate=0.001601 envFloor=0.024750 floor=0.029117 adapt=0.029117 lastPeak=0.000000 calib=0.029117 baseParam=0.000180 gateRatio=0.0550 envParam=0.000450
2025-12-08 03:04:37 [tracker] [s1] aubio-raw t=191.3244 onset=0.997914 env=0.000139 peak=0.000432 gain=1.000
2025-12-08 03:04:37 [tracker] [s1] onset-below-gate t=191.3244 env=0.000139 onset=0.997914 thresh=0.006000 baseline=0.029117 gate=0.001601 envFloor=0.024750 floor=0.029117 adapt=0.029117 lastPeak=0.000000 calib=0.029117 baseParam=0.000180 gateRatio=0.0550 envParam=0.000450
2025-12-08 03:04:37 [tracker] [s1] aubio-raw t=191.6635 onset=0.995629 env=0.000096 peak=0.000313 gain=1.000
2025-12-08 03:04:37 [tracker] [s1] onset-below-gate t=191.6635 env=0.000096 onset=0.995629 thresh=0.006000 baseline=0.029117 gate=0.001601 envFloor=0.024750 floor=0.029117 adapt=0.029117 lastPeak=0.000000 calib=0.029117 baseParam=0.000180 gateRatio=0.0550 envParam=0.000450
2025-12-08 03:04:37 [tracker] [s1] aubio-raw t=191.8077 onset=0.838067 env=0.000129 peak=0.000282 gain=1.000
2025-12-08 03:04:37 [tracker] [s1] onset-below-gate t=191.8077 env=0.000129 onset=0.838067 thresh=0.006000 baseline=0.029117 gate=0.001601 envFloor=0.024750 floor=0.029117 adapt=0.029117 lastPeak=0.000000 calib=0.029117 baseParam=0.000180 gateRatio=0.0550 envParam=0.000450
2025-12-08 03:04:38 [tracker] [s1] aubio-raw t=192.3791 onset=1.258502 env=0.000125 peak=0.000356 gain=1.000
2025-12-08 03:04:38 [tracker] [s1] onset-below-gate t=192.3791 env=0.000125 onset=1.258502 thresh=0.006000 baseline=0.029117 gate=0.001601 envFloor=0.024750 floor=0.029117 adapt=0.029117 lastPeak=0.000000 calib=0.029117 baseParam=0.000180 gateRatio=0.0550 envParam=0.000450
2025-12-08 03:04:38 [tracker] [s1] aubio-raw t=192.4432 onset=1.419240 env=0.000135 peak=0.000304 gain=1.000
2025-12-08 03:04:38 [tracker] [s1] onset-below-gate t=192.4432 env=0.000135 onset=1.419240 thresh=0.006000 baseline=0.029117 gate=0.001601 envFloor=0.024750 floor=0.029117 adapt=0.029117 lastPeak=0.000000 calib=0.029117 baseParam=0.000180 gateRatio=0.0550 envParam=0.000450
2025-12-08 03:04:38 [tracker] [s1] aubio-raw t=192.5420 onset=1.264315 env=0.000159 peak=0.000377 gain=1.000
2025-12-08 03:04:39 [tracker] [s1] aubio-raw t=192.9719 onset=0.961978 env=0.000134 peak=0.000387 gain=1.000
2025-12-08 03:04:39 [tracker] [s1] onset-below-gate t=192.9719 env=0.000134 onset=0.961978 thresh=0.006000 baseline=0.029117 gate=0.001601 envFloor=0.024750 floor=0.029117 adapt=0.029117 lastPeak=0.000000 calib=0.029117 baseParam=0.000180 gateRatio=0.0550 envParam=0.000450
2025-12-08 03:04:39 [tracker] [s1] aubio-raw t=193.0253 onset=1.160446 env=0.000088 peak=0.000210 gain=1.000
2025-12-08 03:04:39 [tracker] [s1] onset-below-gate t=193.0253 env=0.000088 onset=1.160446 thresh=0.006000 baseline=0.029117 gate=0.001601 envFloor=0.024750 floor=0.029117 adapt=0.029117 lastPeak=0.000000 calib=0.029117 baseParam=0.000180 gateRatio=0.0550 envParam=0.000450
2025-12-08 03:04:39 [tracker] [s1] aubio-raw t=193.3244 onset=0.998695 env=0.000095 peak=0.000280 gain=1.000
2025-12-08 03:04:39 [tracker] [s1] onset-below-gate t=193.3244 env=0.000095 onset=0.998695 thresh=0.006000 baseline=0.029117 gate=0.001601 envFloor=0.024750 floor=0.029117 adapt=0.029117 lastPeak=0.000000 calib=0.029117 baseParam=0.000180 gateRatio=0.0550 envParam=0.000450
2025-12-08 03:04:39 [tracker] [s1] aubio-raw t=193.5033 onset=0.849326 env=0.000150 peak=0.000343 gain=1.000
2025-12-08 03:04:39 [tracker] [s1] onset-below-gate t=193.5033 env=0.000150 onset=0.849326 thresh=0.006000 baseline=0.029117 gate=0.001601 envFloor=0.024750 floor=0.029117 adapt=0.029117 lastPeak=0.000000 calib=0.029117 baseParam=0.000180 gateRatio=0.0550 envParam=0.000450
2025-12-08 03:04:39 [tracker] [s1] aubio-raw t=193.5567 onset=1.090614 env=0.000153 peak=0.000339 gain=1.000
2025-12-08 03:04:39 [tracker] [s1] onset-below-gate t=193.5567 env=0.000153 onset=1.090614 thresh=0.006000 baseline=0.029117 gate=0.001601 envFloor=0.024750 floor=0.029117 adapt=0.029117 lastPeak=0.000000 calib=0.029117 baseParam=0.000180 gateRatio=0.0550 envParam=0.000450
2025-12-08 03:04:39 [tracker] [s1] aubio-raw t=193.6128 onset=1.343660 env=0.000136 peak=0.000300 gain=1.000
2025-12-08 03:04:39 [tracker] [s1] onset-below-gate t=193.6128 env=0.000136 onset=1.343660 thresh=0.006000 baseline=0.029117 gate=0.001601 envFloor=0.024750 floor=0.029117 adapt=0.029117 lastPeak=0.000000 calib=0.029117 baseParam=0.000180 gateRatio=0.0550 envParam=0.000450
2025-12-08 03:04:39 [tracker] [s1] aubio-raw t=193.7677 onset=0.888575 env=0.000096 peak=0.000264 gain=1.000
2025-12-08 03:04:39 [tracker] [s1] onset-below-gate t=193.7677 env=0.000096 onset=0.888575 thresh=0.006000 baseline=0.029117 gate=0.001601 envFloor=0.024750 floor=0.029117 adapt=0.029117 lastPeak=0.000000 calib=0.029117 baseParam=0.000180 gateRatio=0.0550 envParam=0.000450
2025-12-08 03:04:40 [tracker] [s1] aubio-raw t=194.3284 onset=0.639690 env=0.000108 peak=0.000347 gain=1.000
2025-12-08 03:04:40 [tracker] [s1] onset-below-gate t=194.3284 env=0.000108 onset=0.639690 thresh=0.006000 baseline=0.029117 gate=0.001601 envFloor=0.024750 floor=0.029117 adapt=0.029117 lastPeak=0.000000 calib=0.029117 baseParam=0.000180 gateRatio=0.0550 envParam=0.000450
2025-12-08 03:04:40 [tracker] [s1] aubio-raw t=194.4272 onset=0.995981 env=0.000112 peak=0.000277 gain=1.000
2025-12-08 03:04:40 [tracker] [s1] onset-below-gate t=194.4272 env=0.000112 onset=0.995981 thresh=0.006000 baseline=0.029117 gate=0.001601 envFloor=0.024750 floor=0.029117 adapt=0.029117 lastPeak=0.000000 calib=0.029117 baseParam=0.000180 gateRatio=0.0550 envParam=0.000450
2025-12-08 03:04:40 [tracker] [s1] aubio-raw t=194.4780 onset=0.998567 env=0.000104 peak=0.000291 gain=1.000
2025-12-08 03:04:40 [tracker] [s1] onset-below-gate t=194.4780 env=0.000104 onset=0.998567 thresh=0.006000 baseline=0.029117 gate=0.001601 envFloor=0.024750 floor=0.029117 adapt=0.029117 lastPeak=0.000000 calib=0.029117 baseParam=0.000180 gateRatio=0.0550 envParam=0.000450
2025-12-08 03:04:40 [tracker] [s1] aubio-raw t=194.9159 onset=0.997905 env=0.000157 peak=0.000384 gain=1.000
2025-12-08 03:04:40 [tracker] [s1] onset-below-gate t=194.9159 env=0.000157 onset=0.997905 thresh=0.006000 baseline=0.029117 gate=0.001601 envFloor=0.024750 floor=0.029117 adapt=0.029117 lastPeak=0.000000 calib=0.029117 baseParam=0.000180 gateRatio=0.0550 envParam=0.000450
2025-12-08 03:04:41 [tracker] [s1] aubio-raw t=195.0361 onset=0.864389 env=0.000086 peak=0.000211 gain=1.000
2025-12-08 03:04:41 [tracker] [s1] onset-below-gate t=195.0361 env=0.000086 onset=0.864389 thresh=0.006000 baseline=0.029117 gate=0.001601 envFloor=0.024750 floor=0.029117 adapt=0.029117 lastPeak=0.000000 calib=0.029117 baseParam=0.000180 gateRatio=0.0550 envParam=0.000450
2025-12-08 03:04:41 [tracker] [s1] aubio-raw t=195.1322 onset=0.986612 env=0.000105 peak=0.000256 gain=1.000
2025-12-08 03:04:41 [tracker] [s1] onset-below-gate t=195.1322 env=0.000105 onset=0.986612 thresh=0.006000 baseline=0.029117 gate=0.001601 envFloor=0.024750 floor=0.029117 adapt=0.029117 lastPeak=0.000000 calib=0.029117 baseParam=0.000180 gateRatio=0.0550 envParam=0.000450
2025-12-08 03:04:41 [tracker] [s1] aubio-raw t=195.4259 onset=0.998978 env=0.000111 peak=0.000273 gain=1.000
2025-12-08 03:04:41 [tracker] [s1] onset-below-gate t=195.4259 env=0.000111 onset=0.998978 thresh=0.006000 baseline=0.029117 gate=0.001601 envFloor=0.024750 floor=0.029117 adapt=0.029117 lastPeak=0.000000 calib=0.029117 baseParam=0.000180 gateRatio=0.0550 envParam=0.000450
2025-12-08 03:04:41 [tracker] [s1] aubio-raw t=195.4900 onset=1.392642 env=0.000121 peak=0.000288 gain=1.000
2025-12-08 03:04:41 [tracker] [s1] onset-below-gate t=195.4900 env=0.000121 onset=1.392642 thresh=0.006000 baseline=0.029117 gate=0.001601 envFloor=0.024750 floor=0.029117 adapt=0.029117 lastPeak=0.000000 calib=0.029117 baseParam=0.000180 gateRatio=0.0550 envParam=0.000450
2025-12-08 03:04:41 [tracker] [s1] aubio-raw t=195.6983 onset=0.998858 env=0.000099 peak=0.000295 gain=1.000
2025-12-08 03:04:41 [tracker] [s1] onset-below-gate t=195.6983 env=0.000099 onset=0.998858 thresh=0.006000 baseline=0.029117 gate=0.001601 envFloor=0.024750 floor=0.029117 adapt=0.029117 lastPeak=0.000000 calib=0.029117 baseParam=0.000180 gateRatio=0.0550 envParam=0.000450
2025-12-08 03:04:41 [tracker] [s1] aubio-raw t=195.8078 onset=1.011323 env=0.000148 peak=0.000405 gain=1.000
2025-12-08 03:04:41 [tracker] [s1] onset-below-gate t=195.8078 env=0.000148 onset=1.011323 thresh=0.006000 baseline=0.029117 gate=0.001601 envFloor=0.024750 floor=0.029117 adapt=0.029117 lastPeak=0.000000 calib=0.029117 baseParam=0.000180 gateRatio=0.0550 envParam=0.000450
2025-12-08 03:04:42 [tracker] [s1] aubio-raw t=196.1870 onset=0.998067 env=0.000145 peak=0.000301 gain=1.000
2025-12-08 03:04:42 [tracker] [s1] onset-below-gate t=196.1870 env=0.000145 onset=0.998067 thresh=0.006000 baseline=0.029117 gate=0.001601 envFloor=0.024750 floor=0.029117 adapt=0.029117 lastPeak=0.000000 calib=0.029117 baseParam=0.000180 gateRatio=0.0550 envParam=0.000450
2025-12-08 03:04:42 [tracker] [s1] aubio-raw t=196.5635 onset=1.019857 env=0.000117 peak=0.000305 gain=1.000
2025-12-08 03:04:42 [tracker] [s1] onset-below-gate t=196.5635 env=0.000117 onset=1.019857 thresh=0.006000 baseline=0.029117 gate=0.001601 envFloor=0.024750 floor=0.029117 adapt=0.029117 lastPeak=0.000000 calib=0.029117 baseParam=0.000180 gateRatio=0.0550 envParam=0.000450
2025-12-08 03:04:42 [tracker] [s1] aubio-raw t=196.6196 onset=1.040647 env=0.000103 peak=0.000247 gain=1.000
2025-12-08 03:04:42 [tracker] [s1] onset-below-gate t=196.6196 env=0.000103 onset=1.040647 thresh=0.006000 baseline=0.029117 gate=0.001601 envFloor=0.024750 floor=0.029117 adapt=0.029117 lastPeak=0.000000 calib=0.029117 baseParam=0.000180 gateRatio=0.0550 envParam=0.000450
2025-12-08 03:04:42 [tracker] [s1] aubio-raw t=196.7050 onset=0.999491 env=0.000166 peak=0.000445 gain=1.000
2025-12-08 03:04:42 [tracker] [s1] onset-below-gate t=196.7050 env=0.000166 onset=0.999491 thresh=0.006000 baseline=0.029117 gate=0.001601 envFloor=0.024750 floor=0.029117 adapt=0.029117 lastPeak=0.000000 calib=0.029117 baseParam=0.000180 gateRatio=0.0550 envParam=0.000450
2025-12-08 03:04:43 [tracker] [s1] aubio-raw t=197.0762 onset=1.019007 env=0.000078 peak=0.000194 gain=1.000
2025-12-08 03:04:43 [tracker] [s1] onset-below-gate t=197.0762 env=0.000078 onset=1.019007 thresh=0.006000 baseline=0.029117 gate=0.001601 envFloor=0.024750 floor=0.029117 adapt=0.029117 lastPeak=0.000000 calib=0.029117 baseParam=0.000180 gateRatio=0.0550 envParam=0.000450
2025-12-08 03:04:43 [tracker] [s1] aubio-raw t=197.3485 onset=1.355235 env=0.000159 peak=0.000419 gain=1.000
2025-12-08 03:04:43 [tracker] [s1] onset-below-gate t=197.3485 env=0.000159 onset=1.355235 thresh=0.006000 baseline=0.029117 gate=0.001601 envFloor=0.024750 floor=0.029117 adapt=0.029117 lastPeak=0.000000 calib=0.029117 baseParam=0.000180 gateRatio=0.0550 envParam=0.000450
2025-12-08 03:04:43 [tracker] [s1] aubio-raw t=197.6022 onset=0.778299 env=0.000092 peak=0.000217 gain=1.000
2025-12-08 03:04:43 [tracker] [s1] onset-below-gate t=197.6022 env=0.000092 onset=0.778299 thresh=0.006000 baseline=0.029117 gate=0.001601 envFloor=0.024750 floor=0.029117 adapt=0.029117 lastPeak=0.000000 calib=0.029117 baseParam=0.000180 gateRatio=0.0550 envParam=0.000450
2025-12-08 03:04:43 [tracker] [s1] aubio-raw t=197.6983 onset=1.001241 env=0.000112 peak=0.000293 gain=1.000
2025-12-08 03:04:43 [tracker] [s1] onset-below-gate t=197.6983 env=0.000112 onset=1.001241 thresh=0.006000 baseline=0.029117 gate=0.001601 envFloor=0.024750 floor=0.029117 adapt=0.029117 lastPeak=0.000000 calib=0.029117 baseParam=0.000180 gateRatio=0.0550 envParam=0.000450
2025-12-08 03:04:43 [tracker] [s1] aubio-raw t=197.8639 onset=1.088143 env=0.000102 peak=0.000222 gain=1.000
2025-12-08 03:04:43 [tracker] [s1] onset-below-gate t=197.8639 env=0.000102 onset=1.088143 thresh=0.006000 baseline=0.029117 gate=0.001601 envFloor=0.024750 floor=0.029117 adapt=0.029117 lastPeak=0.000000 calib=0.029117 baseParam=0.000180 gateRatio=0.0550 envParam=0.000450
2025-12-08 03:04:44 [tracker] [s1] aubio-raw t=198.1042 onset=0.995968 env=0.000102 peak=0.000261 gain=1.000
2025-12-08 03:04:44 [tracker] [s1] onset-below-gate t=198.1042 env=0.000102 onset=0.995968 thresh=0.006000 baseline=0.029117 gate=0.001601 envFloor=0.024750 floor=0.029117 adapt=0.029117 lastPeak=0.000000 calib=0.029117 baseParam=0.000180 gateRatio=0.0550 envParam=0.000450
2025-12-08 03:04:44 [tracker] [s1] aubio-raw t=198.2698 onset=1.000772 env=0.000114 peak=0.000277 gain=1.000
2025-12-08 03:04:44 [tracker] [s1] onset-below-gate t=198.2698 env=0.000114 onset=1.000772 thresh=0.006000 baseline=0.029117 gate=0.001601 envFloor=0.024750 floor=0.029117 adapt=0.029117 lastPeak=0.000000 calib=0.029117 baseParam=0.000180 gateRatio=0.0550 envParam=0.000450
2025-12-08 03:04:44 [tracker] [s1] aubio-raw t=198.6730 onset=0.996188 env=0.000090 peak=0.000231 gain=1.000
2025-12-08 03:04:44 [tracker] [s1] onset-below-gate t=198.6730 env=0.000090 onset=0.996188 thresh=0.006000 baseline=0.029117 gate=0.001601 envFloor=0.024750 floor=0.029117 adapt=0.029117 lastPeak=0.000000 calib=0.029117 baseParam=0.000180 gateRatio=0.0550 envParam=0.000450
2025-12-08 03:04:44 [tracker] [s1] aubio-raw t=198.7771 onset=0.978098 env=0.000173 peak=0.000357 gain=1.000
2025-12-08 03:04:44 [tracker] [s1] onset-below-gate t=198.7771 env=0.000173 onset=0.978098 thresh=0.006000 baseline=0.029117 gate=0.001601 envFloor=0.024750 floor=0.029117 adapt=0.029117 lastPeak=0.000000 calib=0.029117 baseParam=0.000180 gateRatio=0.0550 envParam=0.000450
2025-12-08 03:04:44 [tracker] [s1] aubio-raw t=198.9107 onset=0.999315 env=0.000110 peak=0.000283 gain=1.000
2025-12-08 03:04:44 [tracker] [s1] onset-below-gate t=198.9107 env=0.000110 onset=0.999315 thresh=0.006000 baseline=0.029117 gate=0.001601 envFloor=0.024750 floor=0.029117 adapt=0.029117 lastPeak=0.000000 calib=0.029117 baseParam=0.000180 gateRatio=0.0550 envParam=0.000450
2025-12-08 03:04:45 [tracker] [s1] aubio-raw t=199.2204 onset=0.935775 env=0.000143 peak=0.000432 gain=1.000
2025-12-08 03:04:45 [tracker] [s1] onset-below-gate t=199.2204 env=0.000143 onset=0.935775 thresh=0.006000 baseline=0.029117 gate=0.001601 envFloor=0.024750 floor=0.029117 adapt=0.029117 lastPeak=0.000000 calib=0.029117 baseParam=0.000180 gateRatio=0.0550 envParam=0.000450
2025-12-08 03:04:45 [tracker] [s1] aubio-raw t=199.6824 onset=1.064625 env=0.000099 peak=0.000282 gain=1.000
2025-12-08 03:04:45 [tracker] [s1] onset-below-gate t=199.6824 env=0.000099 onset=1.064625 thresh=0.006000 baseline=0.029117 gate=0.001601 envFloor=0.024750 floor=0.029117 adapt=0.029117 lastPeak=0.000000 calib=0.029117 baseParam=0.000180 gateRatio=0.0550 envParam=0.000450
2025-12-08 03:04:45 [tracker] [s1] aubio-raw t=199.9200 onset=0.996712 env=0.000121 peak=0.000373 gain=1.000
2025-12-08 03:04:45 [tracker] [s1] onset-below-gate t=199.9200 env=0.000121 onset=0.996712 thresh=0.006000 baseline=0.029117 gate=0.001601 envFloor=0.024750 floor=0.029117 adapt=0.029117 lastPeak=0.000000 calib=0.029117 baseParam=0.000180 gateRatio=0.0550 envParam=0.000450
2025-12-08 03:04:46 [tracker] [s1] aubio-raw t=200.0242 onset=0.746290 env=0.000108 peak=0.000273 gain=1.000
2025-12-08 03:04:46 [tracker] [s1] onset-below-gate t=200.0242 env=0.000108 onset=0.746290 thresh=0.006000 baseline=0.029117 gate=0.001601 envFloor=0.024750 floor=0.029117 adapt=0.029117 lastPeak=0.000000 calib=0.029117 baseParam=0.000180 gateRatio=0.0550 envParam=0.000450
2025-12-08 03:04:46 [tracker] [s1] aubio-raw t=200.4995 onset=0.810826 env=0.000093 peak=0.000234 gain=1.000
2025-12-08 03:04:46 [tracker] [s1] onset-below-gate t=200.4995 env=0.000093 onset=0.810826 thresh=0.006000 baseline=0.029117 gate=0.001601 envFloor=0.024750 floor=0.029117 adapt=0.029117 lastPeak=0.000000 calib=0.029117 baseParam=0.000180 gateRatio=0.0550 envParam=0.000450
2025-12-08 03:04:46 [tracker] [s1] aubio-raw t=200.6410 onset=0.871770 env=0.000125 peak=0.000330 gain=1.000
2025-12-08 03:04:46 [tracker] [s1] onset-below-gate t=200.6410 env=0.000125 onset=0.871770 thresh=0.006000 baseline=0.029117 gate=0.001601 envFloor=0.024750 floor=0.029117 adapt=0.029117 lastPeak=0.000000 calib=0.029117 baseParam=0.000180 gateRatio=0.0550 envParam=0.000450
2025-12-08 03:04:47 [tracker] [s1] aubio-raw t=200.9641 onset=1.049764 env=0.000109 peak=0.000254 gain=1.000
2025-12-08 03:04:47 [tracker] [s1] onset-below-gate t=200.9641 env=0.000109 onset=1.049764 thresh=0.006000 baseline=0.029117 gate=0.001601 envFloor=0.024750 floor=0.029117 adapt=0.029117 lastPeak=0.000000 calib=0.029117 baseParam=0.000180 gateRatio=0.0550 envParam=0.000450
2025-12-08 03:04:47 [tracker] [s1] aubio-raw t=201.1377 onset=1.005080 env=0.000111 peak=0.000270 gain=1.000
2025-12-08 03:04:47 [tracker] [s1] onset-below-gate t=201.1377 env=0.000111 onset=1.005080 thresh=0.006000 baseline=0.029117 gate=0.001601 envFloor=0.024750 floor=0.029117 adapt=0.029117 lastPeak=0.000000 calib=0.029117 baseParam=0.000180 gateRatio=0.0550 envParam=0.000450
2025-12-08 03:04:47 [tracker] [s1] aubio-raw t=201.1938 onset=0.934038 env=0.000104 peak=0.000281 gain=1.000
2025-12-08 03:04:47 [tracker] [s1] onset-below-gate t=201.1938 env=0.000104 onset=0.934038 thresh=0.006000 baseline=0.029117 gate=0.001601 envFloor=0.024750 floor=0.029117 adapt=0.029117 lastPeak=0.000000 calib=0.029117 baseParam=0.000180 gateRatio=0.0550 envParam=0.000450
2025-12-08 03:04:47 [tracker] [s1] aubio-raw t=201.3593 onset=0.760977 env=0.000120 peak=0.000345 gain=1.000
2025-12-08 03:04:47 [tracker] [s1] onset-below-gate t=201.3593 env=0.000120 onset=0.760977 thresh=0.006000 baseline=0.029117 gate=0.001601 envFloor=0.024750 floor=0.029117 adapt=0.029117 lastPeak=0.000000 calib=0.029117 baseParam=0.000180 gateRatio=0.0550 envParam=0.000450
2025-12-08 03:04:47 [tracker] [s1] aubio-raw t=201.4741 onset=0.756442 env=0.000102 peak=0.000291 gain=1.000
2025-12-08 03:04:47 [tracker] [s1] onset-below-gate t=201.4741 env=0.000102 onset=0.756442 thresh=0.006000 baseline=0.029117 gate=0.001601 envFloor=0.024750 floor=0.029117 adapt=0.029117 lastPeak=0.000000 calib=0.029117 baseParam=0.000180 gateRatio=0.0550 envParam=0.000450
2025-12-08 03:04:47 [tracker] [s1] aubio-raw t=201.8533 onset=0.847574 env=0.000093 peak=0.000243 gain=1.000
2025-12-08 03:04:47 [tracker] [s1] onset-below-gate t=201.8533 env=0.000093 onset=0.847574 thresh=0.006000 baseline=0.029117 gate=0.001601 envFloor=0.024750 floor=0.029117 adapt=0.029117 lastPeak=0.000000 calib=0.029117 baseParam=0.000180 gateRatio=0.0550 envParam=0.000450
2025-12-08 03:04:47 [tracker] [s1] aubio-raw t=201.9041 onset=0.991009 env=0.000134 peak=0.000321 gain=1.000
2025-12-08 03:04:47 [tracker] [s1] onset-below-gate t=201.9041 env=0.000134 onset=0.991009 thresh=0.006000 baseline=0.029117 gate=0.001601 envFloor=0.024750 floor=0.029117 adapt=0.029117 lastPeak=0.000000 calib=0.029117 baseParam=0.000180 gateRatio=0.0550 envParam=0.000450
2025-12-08 03:04:48 [tracker] [s1] aubio-raw t=201.9895 onset=1.072604 env=0.000091 peak=0.000221 gain=1.000
2025-12-08 03:04:48 [tracker] [s1] onset-below-gate t=201.9895 env=0.000091 onset=1.072604 thresh=0.006000 baseline=0.029117 gate=0.001601 envFloor=0.024750 floor=0.029117 adapt=0.029117 lastPeak=0.000000 calib=0.029117 baseParam=0.000180 gateRatio=0.0550 envParam=0.000450
2025-12-08 03:04:48 [tracker] [s1] aubio-raw t=202.0669 onset=0.985995 env=0.000107 peak=0.000258 gain=1.000
2025-12-08 03:04:48 [tracker] [s1] onset-below-gate t=202.0669 env=0.000107 onset=0.985995 thresh=0.006000 baseline=0.029117 gate=0.001601 envFloor=0.024750 floor=0.029117 adapt=0.029117 lastPeak=0.000000 calib=0.029117 baseParam=0.000180 gateRatio=0.0550 envParam=0.000450
2025-12-08 03:04:48 [tracker] [s1] aubio-raw t=202.3714 onset=0.816134 env=0.000152 peak=0.000352 gain=1.000
2025-12-08 03:04:48 [tracker] [s1] onset-below-gate t=202.3714 env=0.000152 onset=0.816134 thresh=0.006000 baseline=0.029117 gate=0.001601 envFloor=0.024750 floor=0.029117 adapt=0.029117 lastPeak=0.000000 calib=0.029117 baseParam=0.000180 gateRatio=0.0550 envParam=0.000450
2025-12-08 03:04:48 [tracker] [s1] aubio-raw t=202.5876 onset=0.944113 env=0.000191 peak=0.000483 gain=1.000
2025-12-08 03:04:48 [tracker] [s1] onset-below-gate t=202.5876 env=0.000191 onset=0.944113 thresh=0.006000 baseline=0.029117 gate=0.001601 envFloor=0.024750 floor=0.029117 adapt=0.029117 lastPeak=0.000000 calib=0.029117 baseParam=0.000180 gateRatio=0.0550 envParam=0.000450
2025-12-08 03:04:48 [tracker] [s1] aubio-raw t=202.7051 onset=1.310485 env=0.000171 peak=0.000426 gain=1.000
2025-12-08 03:04:48 [tracker] [s1] onset-below-gate t=202.7051 env=0.000171 onset=1.310485 thresh=0.006000 baseline=0.029117 gate=0.001601 envFloor=0.024750 floor=0.029117 adapt=0.029117 lastPeak=0.000000 calib=0.029117 baseParam=0.000180 gateRatio=0.0550 envParam=0.000450
2025-12-08 03:04:49 [tracker] [s1] aubio-raw t=203.1591 onset=1.279629 env=0.000079 peak=0.000202 gain=1.000
2025-12-08 03:04:49 [tracker] [s1] onset-below-gate t=203.1591 env=0.000079 onset=1.279629 thresh=0.006000 baseline=0.029117 gate=0.001601 envFloor=0.024750 floor=0.029117 adapt=0.029117 lastPeak=0.000000 calib=0.029117 baseParam=0.000180 gateRatio=0.0550 envParam=0.000450
2025-12-08 03:04:49 [tracker] [s1] aubio-raw t=203.2205 onset=0.997900 env=0.000152 peak=0.000425 gain=1.000
2025-12-08 03:04:49 [tracker] [s1] onset-below-gate t=203.2205 env=0.000152 onset=0.997900 thresh=0.006000 baseline=0.029117 gate=0.001601 envFloor=0.024750 floor=0.029117 adapt=0.029117 lastPeak=0.000000 calib=0.029117 baseParam=0.000180 gateRatio=0.0550 envParam=0.000450
2025-12-08 03:04:49 [tracker] [s1] aubio-raw t=203.5570 onset=1.187075 env=0.000099 peak=0.000249 gain=1.000
2025-12-08 03:04:49 [tracker] [s1] onset-below-gate t=203.5570 env=0.000099 onset=1.187075 thresh=0.006000 baseline=0.029117 gate=0.001601 envFloor=0.024750 floor=0.029117 adapt=0.029117 lastPeak=0.000000 calib=0.029117 baseParam=0.000180 gateRatio=0.0550 envParam=0.000450
2025-12-08 03:04:49 [tracker] [s1] aubio-raw t=203.8053 onset=0.996287 env=0.000125 peak=0.000279 gain=1.000
2025-12-08 03:04:49 [tracker] [s1] onset-below-gate t=203.8053 env=0.000125 onset=0.996287 thresh=0.006000 baseline=0.029117 gate=0.001601 envFloor=0.024750 floor=0.029117 adapt=0.029117 lastPeak=0.000000 calib=0.029117 baseParam=0.000180 gateRatio=0.0550 envParam=0.000450
2025-12-08 03:04:50 [tracker] [s1] aubio-raw t=204.5610 onset=0.995180 env=0.000109 peak=0.000355 gain=1.000
2025-12-08 03:04:50 [tracker] [s1] onset-below-gate t=204.5610 env=0.000109 onset=0.995180 thresh=0.006000 baseline=0.029117 gate=0.001601 envFloor=0.024750 floor=0.029117 adapt=0.029117 lastPeak=0.000000 calib=0.029117 baseParam=0.000180 gateRatio=0.0550 envParam=0.000450
2025-12-08 03:04:50 [tracker] [s1] aubio-raw t=204.6731 onset=1.118866 env=0.000122 peak=0.000224 gain=1.000
2025-12-08 03:04:50 [tracker] [s1] onset-below-gate t=204.6731 env=0.000122 onset=1.118866 thresh=0.006000 baseline=0.029117 gate=0.001601 envFloor=0.024750 floor=0.029117 adapt=0.029117 lastPeak=0.000000 calib=0.029117 baseParam=0.000180 gateRatio=0.0550 envParam=0.000450
2025-12-08 03:04:50 [tracker] [s1] aubio-raw t=204.7880 onset=0.997041 env=0.000104 peak=0.000266 gain=1.000
2025-12-08 03:04:50 [tracker] [s1] onset-below-gate t=204.7880 env=0.000104 onset=0.997041 thresh=0.006000 baseline=0.029117 gate=0.001601 envFloor=0.024750 floor=0.029117 adapt=0.029117 lastPeak=0.000000 calib=0.029117 baseParam=0.000180 gateRatio=0.0550 envParam=0.000450
2025-12-08 03:04:50 [tracker] [s1] aubio-raw t=204.9241 onset=0.548638 env=0.000127 peak=0.000321 gain=1.000
2025-12-08 03:04:50 [tracker] [s1] onset-below-gate t=204.9241 env=0.000127 onset=0.548638 thresh=0.006000 baseline=0.029117 gate=0.001601 envFloor=0.024750 floor=0.029117 adapt=0.029117 lastPeak=0.000000 calib=0.029117 baseParam=0.000180 gateRatio=0.0550 envParam=0.000450
2025-12-08 03:04:51 [tracker] [s1] aubio-raw t=205.4288 onset=0.560510 env=0.000091 peak=0.000233 gain=1.000
2025-12-08 03:04:51 [tracker] [s1] onset-below-gate t=205.4288 env=0.000091 onset=0.560510 thresh=0.006000 baseline=0.029117 gate=0.001601 envFloor=0.024750 floor=0.029117 adapt=0.029117 lastPeak=0.000000 calib=0.029117 baseParam=0.000180 gateRatio=0.0550 envParam=0.000450
2025-12-08 03:04:52 [tracker] [s1] aubio-raw t=206.0777 onset=0.989355 env=0.000103 peak=0.000295 gain=1.000
2025-12-08 03:04:52 [tracker] [s1] onset-below-gate t=206.0777 env=0.000103 onset=0.989355 thresh=0.006000 baseline=0.029117 gate=0.001601 envFloor=0.024750 floor=0.029117 adapt=0.029117 lastPeak=0.000000 calib=0.029117 baseParam=0.000180 gateRatio=0.0550 envParam=0.000450
2025-12-08 03:04:52 [tracker] [s1] aubio-raw t=206.4836 onset=1.002640 env=0.000121 peak=0.000343 gain=1.000
2025-12-08 03:04:52 [tracker] [s1] onset-below-gate t=206.4836 env=0.000121 onset=1.002640 thresh=0.006000 baseline=0.029117 gate=0.001601 envFloor=0.024750 floor=0.029117 adapt=0.029117 lastPeak=0.000000 calib=0.029117 baseParam=0.000180 gateRatio=0.0550 envParam=0.000450
2025-12-08 03:04:52 [tracker] [s1] aubio-raw t=206.6038 onset=0.994053 env=0.000098 peak=0.000246 gain=1.000
2025-12-08 03:04:52 [tracker] [s1] onset-below-gate t=206.6038 env=0.000098 onset=0.994053 thresh=0.006000 baseline=0.029117 gate=0.001601 envFloor=0.024750 floor=0.029117 adapt=0.029117 lastPeak=0.000000 calib=0.029117 baseParam=0.000180 gateRatio=0.0550 envParam=0.000450
2025-12-08 03:04:53 [tracker] [s1] aubio-raw t=207.7733 onset=1.137795 env=0.000099 peak=0.000281 gain=1.000
2025-12-08 03:04:53 [tracker] [s1] onset-below-gate t=207.7733 env=0.000099 onset=1.137795 thresh=0.006000 baseline=0.029117 gate=0.001601 envFloor=0.024750 floor=0.029117 adapt=0.029117 lastPeak=0.000000 calib=0.029117 baseParam=0.000180 gateRatio=0.0550 envParam=0.000450
2025-12-08 03:04:53 [tracker] [s1] aubio-raw t=207.9709 onset=1.232688 env=0.000123 peak=0.000323 gain=1.000
2025-12-08 03:04:53 [tracker] [s1] onset-below-gate t=207.9709 env=0.000123 onset=1.232688 thresh=0.006000 baseline=0.029117 gate=0.001601 envFloor=0.024750 floor=0.029117 adapt=0.029117 lastPeak=0.000000 calib=0.029117 baseParam=0.000180 gateRatio=0.0550 envParam=0.000450
2025-12-08 03:04:54 [tracker] [s1] aubio-raw t=208.0751 onset=0.993483 env=0.000106 peak=0.000248 gain=1.000
2025-12-08 03:04:54 [tracker] [s1] onset-below-gate t=208.0751 env=0.000106 onset=0.993483 thresh=0.006000 baseline=0.029117 gate=0.001601 envFloor=0.024750 floor=0.029117 adapt=0.029117 lastPeak=0.000000 calib=0.029117 baseParam=0.000180 gateRatio=0.0550 envParam=0.000450
2025-12-08 03:04:54 [tracker] [s1] aubio-raw t=208.5931 onset=0.998164 env=0.000115 peak=0.000337 gain=1.000
2025-12-08 03:04:54 [tracker] [s1] onset-below-gate t=208.5931 env=0.000115 onset=0.998164 thresh=0.006000 baseline=0.029117 gate=0.001601 envFloor=0.024750 floor=0.029117 adapt=0.029117 lastPeak=0.000000 calib=0.029117 baseParam=0.000180 gateRatio=0.0550 envParam=0.000450
2025-12-08 03:04:55 [tracker] [s1] aubio-raw t=209.3622 onset=0.996861 env=0.000119 peak=0.000342 gain=1.000
2025-12-08 03:04:55 [tracker] [s1] onset-below-gate t=209.3622 env=0.000119 onset=0.996861 thresh=0.006000 baseline=0.029117 gate=0.001601 envFloor=0.024750 floor=0.029117 adapt=0.029117 lastPeak=0.000000 calib=0.029117 baseParam=0.000180 gateRatio=0.0550 envParam=0.000450
2025-12-08 03:04:55 [tracker] [s1] aubio-raw t=209.4476 onset=1.177588 env=0.000151 peak=0.000389 gain=1.000
2025-12-08 03:04:55 [tracker] [s1] onset-below-gate t=209.4476 env=0.000151 onset=1.177588 thresh=0.006000 baseline=0.029117 gate=0.001601 envFloor=0.024750 floor=0.029117 adapt=0.029117 lastPeak=0.000000 calib=0.029117 baseParam=0.000180 gateRatio=0.0550 envParam=0.000450
2025-12-08 03:04:55 [tracker] [s1] aubio-raw t=209.6425 onset=1.362406 env=0.000130 peak=0.000318 gain=1.000
2025-12-08 03:04:55 [tracker] [s1] onset-below-gate t=209.6425 env=0.000130 onset=1.362406 thresh=0.006000 baseline=0.029117 gate=0.001601 envFloor=0.024750 floor=0.029117 adapt=0.029117 lastPeak=0.000000 calib=0.029117 baseParam=0.000180 gateRatio=0.0550 envParam=0.000450
2025-12-08 03:04:55 [tracker] [s1] aubio-raw t=209.7333 onset=0.976481 env=0.000116 peak=0.000344 gain=1.000
2025-12-08 03:04:55 [tracker] [s1] onset-below-gate t=209.7333 env=0.000116 onset=0.976481 thresh=0.006000 baseline=0.029117 gate=0.001601 envFloor=0.024750 floor=0.029117 adapt=0.029117 lastPeak=0.000000 calib=0.029117 baseParam=0.000180 gateRatio=0.0550 envParam=0.000450
2025-12-08 03:04:56 [tracker] [s1] aubio-raw t=210.1446 onset=0.994654 env=0.000106 peak=0.000259 gain=1.000
2025-12-08 03:04:56 [tracker] [s1] onset-below-gate t=210.1446 env=0.000106 onset=0.994654 thresh=0.006000 baseline=0.029117 gate=0.001601 envFloor=0.024750 floor=0.029117 adapt=0.029117 lastPeak=0.000000 calib=0.029117 baseParam=0.000180 gateRatio=0.0550 envParam=0.000450
2025-12-08 03:04:56 [tracker] [s1] aubio-raw t=210.2460 onset=1.076888 env=0.000112 peak=0.000258 gain=1.000
2025-12-08 03:04:56 [tracker] [s1] onset-below-gate t=210.2460 env=0.000112 onset=1.076888 thresh=0.006000 baseline=0.029117 gate=0.001601 envFloor=0.024750 floor=0.029117 adapt=0.029117 lastPeak=0.000000 calib=0.029117 baseParam=0.000180 gateRatio=0.0550 envParam=0.000450
2025-12-08 03:04:56 [tracker] [s1] aubio-raw t=210.5344 onset=0.649594 env=0.000161 peak=0.000424 gain=1.000
2025-12-08 03:04:56 [tracker] [s1] onset-below-gate t=210.5344 env=0.000161 onset=0.649594 thresh=0.006000 baseline=0.029117 gate=0.001601 envFloor=0.024750 floor=0.029117 adapt=0.029117 lastPeak=0.000000 calib=0.029117 baseParam=0.000180 gateRatio=0.0550 envParam=0.000450
2025-12-08 03:04:56 [tracker] [s1] aubio-raw t=210.6065 onset=1.021724 env=0.000113 peak=0.000298 gain=1.000
2025-12-08 03:04:56 [tracker] [s1] onset-below-gate t=210.6065 env=0.000113 onset=1.021724 thresh=0.006000 baseline=0.029117 gate=0.001601 envFloor=0.024750 floor=0.029117 adapt=0.029117 lastPeak=0.000000 calib=0.029117 baseParam=0.000180 gateRatio=0.0550 envParam=0.000450
2025-12-08 03:04:57 [sessionwavs] wrote 6 wav files to /home/general/SignalAssistant/logs/sessionwavs/session-20251208-030125 (shutdown)
