# SignalAssistant session log
# Started at 2025-12-20 08:00:38
2025-12-20 08:00:38 [session] mode=live session='' path='' duration=0.00 files=0
2025-12-20 08:00:38 [tracker-settings] TrackerConfig onsetThreshold=0.02000 minNoteDurSec=0.045 hopSec=0.010 slideDelta=120.0 bendDelta=35.0
2025-12-20 08:00:38 [tracker-settings] string1 midi=40 lowCut=6386.53Hz highCut=52740.41Hz baseline=0.000180 gateRatio=0.05500 envFloor=0.000450 sustainScale=0.580 retriggerScale=1.400 pitchTol=0.400 onsetScale=0.007
2025-12-20 08:00:38 [tracker-settings] string2 midi=45 lowCut=11275.00Hz highCut=94600.00Hz baseline=0.000220 gateRatio=0.10000 envFloor=0.000550 sustainScale=0.700 retriggerScale=1.250 pitchTol=0.400 onsetScale=0.012
2025-12-20 08:00:38 [tracker-settings] string3 midi=50 lowCut=20189.45Hz highCut=170325.56Hz baseline=0.000260 gateRatio=0.13000 envFloor=0.000650 sustainScale=0.820 retriggerScale=1.100 pitchTol=0.450 onsetScale=0.019
2025-12-20 08:00:38 [tracker-settings] string4 midi=55 lowCut=36749.57Hz highCut=301836.47Hz baseline=0.000320 gateRatio=0.17000 envFloor=0.000780 sustainScale=1.000 retriggerScale=1.000 pitchTol=0.440 onsetScale=0.025
2025-12-20 08:00:38 [tracker-settings] string5 midi=59 lowCut=58648.64Hz highCut=479066.81Hz baseline=0.000370 gateRatio=0.21000 envFloor=0.000900 sustainScale=1.000 retriggerScale=1.000 pitchTol=0.500 onsetScale=0.029
2025-12-20 08:00:38 [tracker-settings] string6 midi=64 lowCut=104656.75Hz highCut=857031.69Hz baseline=0.000420 gateRatio=0.25000 envFloor=0.001050 sustainScale=1.000 retriggerScale=1.000 pitchTol=0.550 onsetScale=0.032
2025-12-20 08:00:38 [tracker] [s1] calibration reset target=0.00180 gain=1.000
2025-12-20 08:00:38 [tracker] [s2] calibration reset target=0.00180 gain=1.000
2025-12-20 08:00:38 [tracker] [s3] calibration reset target=0.00180 gain=1.000
2025-12-20 08:00:38 [tracker] [s4] calibration reset target=0.00180 gain=1.000
2025-12-20 08:00:38 [tracker] [s5] calibration reset target=0.00180 gain=1.000
2025-12-20 08:00:38 [tracker] [s6] calibration reset target=0.00180 gain=1.000
2025-12-20 08:00:38 [calibration] Loading calibration profile multipliers into parameters
2025-12-20 08:00:38 [calibration] String 1: setting multiplier to 6.340
2025-12-20 08:00:38 [calibration] String 2: setting multiplier to 8.000
2025-12-20 08:00:38 [calibration] String 3: setting multiplier to 8.000
2025-12-20 08:00:38 [calibration] String 4: setting multiplier to 8.000
2025-12-20 08:00:38 [calibration] String 5: setting multiplier to 8.000
2025-12-20 08:00:38 [calibration] String 6: setting multiplier to 8.000
2025-12-20 08:00:38 [tracker] [s1] calibration avg=0.03937 target=0.00180 gain=1.000
2025-12-20 08:00:38 [tracker] [s2] calibration avg=0.01560 target=0.00180 gain=1.000
2025-12-20 08:00:38 [tracker] [s3] calibration avg=0.00661 target=0.00180 gain=1.000
2025-12-20 08:00:38 [tracker] [s5] calibration avg=0.00699 target=0.00180 gain=1.000
2025-12-20 08:00:38 [tracker] [s6] calibration avg=0.02247 target=0.00180 gain=1.000
2025-12-20 08:00:39 [tracker] [s1] configure sr=48000.0 hop=128 fft=1024 low=75.0 high=160.0
2025-12-20 08:00:39 [tracker] [s1] params baseline=0.000180 gate=0.0550 envFloor=0.000450 sustain=0.580 retrigger=1.400 pitchTol=0.400 onsetScale=0.006 aubioScale=1.20 aubioThresh=0.024 onsetSilence=-85.0 pitchSilence=-90.0
2025-12-20 08:00:39 [tracker] [s2] configure sr=48000.0 hop=128 fft=1024 low=100.0 high=215.0
2025-12-20 08:00:39 [tracker] [s2] params baseline=0.000220 gate=0.0100 envFloor=0.000100 sustain=1.500 retrigger=1.250 pitchTol=0.400 onsetScale=0.009 aubioScale=1.35 aubioThresh=0.027 onsetSilence=-85.0 pitchSilence=-90.0
2025-12-20 08:00:39 [tracker] [s3] configure sr=48000.0 hop=128 fft=1024 low=135.0 high=290.0
2025-12-20 08:00:39 [tracker] [s4] configure sr=48000.0 hop=128 fft=1024 low=185.0 high=385.0
2025-12-20 08:00:39 [tracker] [s4] params baseline=0.000320 gate=0.1700 envFloor=0.000780 sustain=1.000 retrigger=1.000 pitchTol=0.440 onsetScale=0.014 aubioScale=1.80 aubioThresh=0.036 onsetSilence=-75.0 pitchSilence=-80.0
2025-12-20 08:00:39 [tracker] [s5] configure sr=48000.0 hop=128 fft=512 low=235.0 high=485.0
2025-12-20 08:00:39 [tracker] [s5] params baseline=0.000370 gate=0.2100 envFloor=0.000900 sustain=1.000 retrigger=1.000 pitchTol=0.500 onsetScale=0.016 aubioScale=1.80 aubioThresh=0.036 onsetSilence=-75.0 pitchSilence=-80.0
2025-12-20 08:00:39 [tracker] [s6] configure sr=48000.0 hop=128 fft=512 low=315.0 high=650.0
2025-12-20 08:00:39 [tracker] [s6] params baseline=0.000420 gate=0.2500 envFloor=0.001050 sustain=1.000 retrigger=1.000 pitchTol=0.550 onsetScale=0.018 aubioScale=1.80 aubioThresh=0.036 onsetSilence=-75.0 pitchSilence=-80.0
2025-12-20 08:00:39 [tracker] [s1] aubio-raw t=0.0040 onset=4.000000 env=0.000256 peak=0.000788 gain=1.000
2025-12-20 08:00:39 [tracker] [s1] onset-below-env-floor t=0.0040 env=0.000256 gate=0.000022 envDelta=0.000235 envFloor=0.000587 onset=4.000000 thresh=0.006000 onsetDelta=3.994000 baseline=0.000391 floor=0.000180 adapt=0.000978 lastPeak=0.000000 baseParam=0.000180 gateRatio=0.0550 envParam=0.000450 onsetScale=0.300 retriggerScale=1.400 guard=0.060 guardRemain=0.000 activeAge=-1.000 retrigRemain=0.000 pitchHz=125.16 pitchCents=723.6
2025-12-20 08:00:39 [tracker] [s3] onset t=0.004 env=0.00074 gate=0.00005 envDelta=0.00069 envFloor=0.00065 onset=4.000 thresh=0.012 onsetDelta=3.98840 baseline=0.00040 adaptive=0.00099 lastPeak=0.00000 guard=0.060 activeAge=-1.000 pitch=125.16Hz pitchCents=-276.4
2025-12-20 08:00:39 [tracker] [s2] onset t=0.252 env=0.00057 gate=0.00000 envDelta=0.00057 envFloor=0.00045 onset=0.969 thresh=0.009 onsetDelta=0.96041 baseline=0.00030 adaptive=0.00075 lastPeak=0.00000 guard=0.060 activeAge=-1.000 pitch=190.45Hz pitchCents=950.3
2025-12-20 08:00:40 [tracker] [s2] onset t=0.425 env=0.00047 gate=0.00000 envDelta=0.00047 envFloor=0.00044 onset=1.432 thresh=0.009 onsetDelta=1.42281 baseline=0.00029 adaptive=0.00073 lastPeak=0.00000 guard=0.060 activeAge=-1.000 pitch=-1.00Hz pitchCents=0.0
2025-12-20 08:00:40 [tracker] [s1] aubio-raw t=0.6200 onset=1.008576 env=0.000326 peak=0.000683 gain=1.000
2025-12-20 08:00:40 [tracker] [s1] onset-below-env-floor t=0.6200 env=0.000326 gate=0.000010 envDelta=0.000316 envFloor=0.000450 onset=1.008576 thresh=0.006000 onsetDelta=1.002576 baseline=0.000180 floor=0.000180 adapt=0.000443 lastPeak=0.000000 baseParam=0.000180 gateRatio=0.0550 envParam=0.000450 onsetScale=0.300 retriggerScale=1.400 guard=0.060 guardRemain=0.000 activeAge=-1.000 retrigRemain=0.000 pitchHz=123.09 pitchCents=694.6
2025-12-20 08:00:40 [tracker] [s2] onset t=0.636 env=0.00051 gate=0.00000 envDelta=0.00051 envFloor=0.00042 onset=1.345 thresh=0.009 onsetDelta=1.33568 baseline=0.00028 adaptive=0.00071 lastPeak=0.00000 guard=0.060 activeAge=-1.000 pitch=94.12Hz pitchCents=-270.0
2025-12-20 08:00:40 [tracker] [s4] onset t=0.644 env=0.00085 gate=0.00006 envDelta=0.00079 envFloor=0.00078 onset=0.679 thresh=0.014 onsetDelta=0.66495 baseline=0.00035 adaptive=0.00087 lastPeak=0.00000 guard=0.060 activeAge=-1.000 pitch=-1.00Hz pitchCents=0.0
2025-12-20 08:00:40 [tracker] [s4] onset t=0.732 env=0.00079 gate=0.00006 envDelta=0.00074 envFloor=0.00078 onset=0.915 thresh=0.014 onsetDelta=0.90088 baseline=0.00033 adaptive=0.00083 lastPeak=0.00000 guard=0.060 activeAge=-1.000 pitch=-1.00Hz pitchCents=0.0
2025-12-20 08:00:40 [tracker] [s1] aubio-raw t=0.7400 onset=0.999847 env=0.000387 peak=0.000852 gain=1.000
2025-12-20 08:00:40 [tracker] [s1] onset-below-env-floor t=0.7400 env=0.000387 gate=0.000011 envDelta=0.000376 envFloor=0.000450 onset=0.999847 thresh=0.006000 onsetDelta=0.993847 baseline=0.000198 floor=0.000180 adapt=0.000495 lastPeak=0.000000 baseParam=0.000180 gateRatio=0.0550 envParam=0.000450 onsetScale=0.300 retriggerScale=1.400 guard=0.060 guardRemain=0.000 activeAge=-1.000 retrigRemain=0.000 pitchHz=-1.00 pitchCents=0.0
2025-12-20 08:00:40 [tracker] [s1] aubio-raw t=0.9240 onset=1.043428 env=0.000312 peak=0.000750 gain=1.000
2025-12-20 08:00:40 [tracker] [s1] onset-below-env-floor t=0.9240 env=0.000312 gate=0.000010 envDelta=0.000302 envFloor=0.000450 onset=1.043428 thresh=0.006000 onsetDelta=1.037428 baseline=0.000180 floor=0.000180 adapt=0.000433 lastPeak=0.000000 baseParam=0.000180 gateRatio=0.0550 envParam=0.000450 onsetScale=0.300 retriggerScale=1.400 guard=0.060 guardRemain=0.000 activeAge=-1.000 retrigRemain=0.000 pitchHz=173.92 pitchCents=1293.1
2025-12-20 08:00:40 [tracker] [s2] onset t=0.956 env=0.00056 gate=0.00000 envDelta=0.00056 envFloor=0.00044 onset=0.985 thresh=0.009 onsetDelta=0.97578 baseline=0.00029 adaptive=0.00073 lastPeak=0.00000 guard=0.060 activeAge=-1.000 pitch=101.26Hz pitchCents=-143.3
2025-12-20 08:00:40 [tracker] [s2] onset t=1.031 env=0.00056 gate=0.00000 envDelta=0.00055 envFloor=0.00043 onset=0.778 thresh=0.009 onsetDelta=0.76950 baseline=0.00044 adaptive=0.00072 lastPeak=0.00049 guard=0.060 activeAge=0.075 pitch=163.26Hz pitchCents=683.6
2025-12-20 08:00:40 [tracker] [s1] aubio-raw t=1.1107 onset=0.757038 env=0.000336 peak=0.000870 gain=1.000
2025-12-20 08:00:40 [tracker] [s1] onset-below-env-floor t=1.1107 env=0.000336 gate=0.000010 envDelta=0.000326 envFloor=0.000450 onset=0.757038 thresh=0.006000 onsetDelta=0.751038 baseline=0.000187 floor=0.000180 adapt=0.000468 lastPeak=0.000000 baseParam=0.000180 gateRatio=0.0550 envParam=0.000450 onsetScale=0.300 retriggerScale=1.400 guard=0.060 guardRemain=0.000 activeAge=-1.000 retrigRemain=0.000 pitchHz=-1.00 pitchCents=0.0
2025-12-20 08:00:40 [tracker] [s5] onset t=1.145 env=0.00090 gate=0.00008 envDelta=0.00082 envFloor=0.00090 onset=0.750 thresh=0.016 onsetDelta=0.73391 baseline=0.00038 adaptive=0.00095 lastPeak=0.00000 guard=0.060 activeAge=-1.000 pitch=-1.00Hz pitchCents=0.0
2025-12-20 08:00:40 [tracker] [s1] aubio-raw t=1.2093 onset=0.996951 env=0.000481 peak=0.000934 gain=1.000
2025-12-20 08:00:40 [tracker] [s1] onset-accepted t=1.2093 env=0.000481 gate=0.000010 envDelta=0.000471 envFloor=0.000450 onset=0.996951 thresh=0.006000 onsetDelta=0.990951 baseline=0.000180 floor=0.000180 adapt=0.000446 lastPeak=0.000000 baseParam=0.000180 gateRatio=0.0550 envParam=0.000450 onsetScale=0.300 retriggerScale=1.400 guard=0.060 guardRemain=0.000 activeAge=-1.000 retrigRemain=0.000 pitchHz=96.39 pitchCents=271.3
2025-12-20 08:00:40 [tracker] [s1] onset t=1.209 env=0.00048 gate=0.00001 envDelta=0.00047 envFloor=0.00045 onset=0.997 thresh=0.006 onsetDelta=0.99095 baseline=0.00018 adaptive=0.00045 lastPeak=0.00000 guard=0.060 activeAge=-1.000 pitch=96.39Hz pitchCents=271.3
2025-12-20 08:00:40 [tracker] [s1] aubio-raw t=1.2680 onset=1.193516 env=0.000368 peak=0.000735 gain=1.000
2025-12-20 08:00:40 [tracker] [s1] onset-below-env-floor t=1.2680 env=0.000368 gate=0.000011 envDelta=0.000358 envFloor=0.000450 onset=1.193516 thresh=0.006000 onsetDelta=1.187516 baseline=0.000192 floor=0.000180 adapt=0.000481 lastPeak=0.000000 baseParam=0.000180 gateRatio=0.0550 envParam=0.000450 onsetScale=0.300 retriggerScale=1.400 guard=0.060 guardRemain=0.000 activeAge=-1.000 retrigRemain=0.000 pitchHz=-1.00 pitchCents=0.0
2025-12-20 08:00:41 [tracker] [s2] onset t=1.457 env=0.00052 gate=0.00000 envDelta=0.00052 envFloor=0.00043 onset=1.337 thresh=0.009 onsetDelta=1.32846 baseline=0.00029 adaptive=0.00072 lastPeak=0.00022 guard=0.060 activeAge=-1.000 pitch=163.25Hz pitchCents=683.5
2025-12-20 08:00:41 [tracker] [s3] onset t=1.468 env=0.00088 gate=0.00004 envDelta=0.00084 envFloor=0.00065 onset=0.953 thresh=0.012 onsetDelta=0.94184 baseline=0.00031 adaptive=0.00078 lastPeak=0.00000 guard=0.060 activeAge=-1.000 pitch=-1.00Hz pitchCents=0.0
2025-12-20 08:00:41 [tracker] [s3] onset t=1.585 env=0.00090 gate=0.00004 envDelta=0.00086 envFloor=0.00065 onset=0.742 thresh=0.012 onsetDelta=0.73005 baseline=0.00032 adaptive=0.00081 lastPeak=0.00000 guard=0.060 activeAge=-1.000 pitch=-1.00Hz pitchCents=0.0
2025-12-20 08:00:41 [tracker] [s5] onset t=1.769 env=0.00092 gate=0.00008 envDelta=0.00084 envFloor=0.00090 onset=0.997 thresh=0.016 onsetDelta=0.98056 baseline=0.00037 adaptive=0.00090 lastPeak=0.00000 guard=0.060 activeAge=-1.000 pitch=-1.00Hz pitchCents=0.0
2025-12-20 08:00:41 [tracker] [s2] onset t=1.783 env=0.00068 gate=0.00000 envDelta=0.00068 envFloor=0.00044 onset=1.057 thresh=0.009 onsetDelta=1.04822 baseline=0.00029 adaptive=0.00073 lastPeak=0.00012 guard=0.060 activeAge=-1.000 pitch=96.39Hz pitchCents=-228.7
2025-12-20 08:00:41 [tracker] [s2] note-start t=1.783 fret=0 midi=45 vel=0.01 env=0.00068
2025-12-20 08:00:41 [tracker] [s1] aubio-raw t=1.9160 onset=1.325389 env=0.000480 peak=0.001031 gain=1.000
2025-12-20 08:00:41 [tracker] [s1] onset-accepted t=1.9160 env=0.000480 gate=0.000011 envDelta=0.000470 envFloor=0.000450 onset=1.325389 thresh=0.006000 onsetDelta=1.319389 baseline=0.000194 floor=0.000180 adapt=0.000485 lastPeak=0.000000 baseParam=0.000180 gateRatio=0.0550 envParam=0.000450 onsetScale=0.300 retriggerScale=1.400 guard=0.060 guardRemain=0.000 activeAge=-1.000 retrigRemain=0.000 pitchHz=-1.00 pitchCents=0.0
2025-12-20 08:00:41 [tracker] [s1] onset t=1.916 env=0.00048 gate=0.00001 envDelta=0.00047 envFloor=0.00045 onset=1.325 thresh=0.006 onsetDelta=1.31939 baseline=0.00019 adaptive=0.00049 lastPeak=0.00000 guard=0.060 activeAge=-1.000 pitch=-1.00Hz pitchCents=0.0
2025-12-20 08:00:41 [tracker] [s1] aubio-raw t=2.0760 onset=0.993850 env=0.000375 peak=0.000729 gain=1.000
2025-12-20 08:00:41 [tracker] [s1] onset-below-env-floor t=2.0760 env=0.000375 gate=0.000011 envDelta=0.000363 envFloor=0.000450 onset=0.993850 thresh=0.006000 onsetDelta=0.987850 baseline=0.000202 floor=0.000180 adapt=0.000505 lastPeak=0.000000 baseParam=0.000180 gateRatio=0.0550 envParam=0.000450 onsetScale=0.300 retriggerScale=1.400 guard=0.060 guardRemain=0.000 activeAge=-1.000 retrigRemain=0.000 pitchHz=119.41 pitchCents=642.1
2025-12-20 08:00:41 [tracker] [s2] onset t=2.297 env=0.00082 gate=0.00000 envDelta=0.00082 envFloor=0.00044 onset=1.108 thresh=0.009 onsetDelta=1.09936 baseline=0.00029 adaptive=0.00073 lastPeak=0.00026 guard=0.060 activeAge=0.515 pitch=-1.00Hz pitchCents=0.0
2025-12-20 08:00:41 [tracker] [s2] note-ended (new onset) t=2.297 fret=0 dur=0.515
2025-12-20 08:00:41 [tracker] [s3] onset t=2.305 env=0.00066 gate=0.00004 envDelta=0.00062 envFloor=0.00065 onset=0.998 thresh=0.012 onsetDelta=0.98628 baseline=0.00031 adaptive=0.00077 lastPeak=0.00000 guard=0.060 activeAge=-1.000 pitch=-1.00Hz pitchCents=0.0
2025-12-20 08:00:42 [tracker] [s1] aubio-raw t=2.4440 onset=1.162340 env=0.000508 peak=0.001070 gain=1.000
2025-12-20 08:00:42 [tracker] [s1] onset-accepted t=2.4440 env=0.000508 gate=0.000010 envDelta=0.000498 envFloor=0.000450 onset=1.162340 thresh=0.006000 onsetDelta=1.156340 baseline=0.000188 floor=0.000180 adapt=0.000469 lastPeak=0.000000 baseParam=0.000180 gateRatio=0.0550 envParam=0.000450 onsetScale=0.300 retriggerScale=1.400 guard=0.060 guardRemain=0.000 activeAge=-1.000 retrigRemain=0.000 pitchHz=470.51 pitchCents=3016.1
2025-12-20 08:00:42 [tracker] [s1] onset t=2.444 env=0.00051 gate=0.00001 envDelta=0.00050 envFloor=0.00045 onset=1.162 thresh=0.006 onsetDelta=1.15634 baseline=0.00019 adaptive=0.00047 lastPeak=0.00000 guard=0.060 activeAge=-1.000 pitch=470.51Hz pitchCents=3016.1
2025-12-20 08:00:42 [tracker] [s1] note-start t=2.444 fret=2 midi=42 vel=0.01 env=0.00051
2025-12-20 08:00:42 [tracker] [s1] aubio-raw t=2.6440 onset=0.997925 env=0.000466 peak=0.000991 gain=1.000
2025-12-20 08:00:42 [tracker] [s1] onset-accepted t=2.6440 env=0.000466 gate=0.000017 envDelta=0.000448 envFloor=0.000450 onset=0.997925 thresh=0.006000 onsetDelta=0.991925 baseline=0.000314 floor=0.000180 adapt=0.000527 lastPeak=0.000349 baseParam=0.000180 gateRatio=0.0550 envParam=0.000450 onsetScale=0.300 retriggerScale=1.400 guard=0.060 guardRemain=0.000 activeAge=0.200 retrigRemain=0.020 pitchHz=135.59 pitchCents=862.1
2025-12-20 08:00:42 [tracker] [s1] onset t=2.644 env=0.00047 gate=0.00002 envDelta=0.00045 envFloor=0.00045 onset=0.998 thresh=0.006 onsetDelta=0.99192 baseline=0.00031 adaptive=0.00053 lastPeak=0.00035 guard=0.060 activeAge=0.200 pitch=135.59Hz pitchCents=862.1
2025-12-20 08:00:42 [tracker] [s1] note-ended (new onset) t=2.644 fret=2 dur=0.200
2025-12-20 08:00:42 [tracker] [s1] aubio-raw t=2.9054 onset=0.960567 env=0.000727 peak=0.001088 gain=1.000
2025-12-20 08:00:42 [tracker] [s1] onset-accepted t=2.9054 env=0.000727 gate=0.000012 envDelta=0.000715 envFloor=0.000450 onset=0.960567 thresh=0.006000 onsetDelta=0.954567 baseline=0.000214 floor=0.000180 adapt=0.000536 lastPeak=0.000213 baseParam=0.000180 gateRatio=0.0550 envParam=0.000450 onsetScale=0.300 retriggerScale=1.400 guard=0.060 guardRemain=0.000 activeAge=-1.000 retrigRemain=0.000 pitchHz=142.86 pitchCents=952.5
2025-12-20 08:00:42 [tracker] [s1] onset t=2.905 env=0.00073 gate=0.00001 envDelta=0.00071 envFloor=0.00045 onset=0.961 thresh=0.006 onsetDelta=0.95457 baseline=0.00021 adaptive=0.00054 lastPeak=0.00021 guard=0.060 activeAge=-1.000 pitch=142.86Hz pitchCents=952.5
2025-12-20 08:00:42 [tracker] [s3] onset t=2.913 env=0.00074 gate=0.00004 envDelta=0.00070 envFloor=0.00065 onset=0.998 thresh=0.012 onsetDelta=0.98641 baseline=0.00031 adaptive=0.00077 lastPeak=0.00000 guard=0.060 activeAge=-1.000 pitch=-1.00Hz pitchCents=0.0
2025-12-20 08:00:42 [tracker] [s1] aubio-raw t=3.0627 onset=0.904418 env=0.000418 peak=0.000952 gain=1.000
2025-12-20 08:00:42 [tracker] [s1] onset-below-env-floor t=3.0627 env=0.000418 gate=0.000010 envDelta=0.000407 envFloor=0.000450 onset=0.904418 thresh=0.006000 onsetDelta=0.898418 baseline=0.000190 floor=0.000180 adapt=0.000474 lastPeak=0.000159 baseParam=0.000180 gateRatio=0.0550 envParam=0.000450 onsetScale=0.300 retriggerScale=1.400 guard=0.060 guardRemain=0.000 activeAge=-1.000 retrigRemain=0.000 pitchHz=-1.00 pitchCents=0.0
2025-12-20 08:00:42 [tracker] [s2] onset t=3.297 env=0.00047 gate=0.00000 envDelta=0.00047 envFloor=0.00045 onset=0.937 thresh=0.009 onsetDelta=0.92849 baseline=0.00030 adaptive=0.00076 lastPeak=0.00004 guard=0.060 activeAge=-1.000 pitch=170.20Hz pitchCents=755.7
2025-12-20 08:00:43 [tracker] [s5] onset t=3.457 env=0.00111 gate=0.00009 envDelta=0.00102 envFloor=0.00090 onset=0.997 thresh=0.016 onsetDelta=0.98113 baseline=0.00042 adaptive=0.00106 lastPeak=0.00000 guard=0.060 activeAge=-1.000 pitch=-1.00Hz pitchCents=0.0
2025-12-20 08:00:43 [tracker] [s2] onset t=3.479 env=0.00047 gate=0.00000 envDelta=0.00046 envFloor=0.00044 onset=0.992 thresh=0.009 onsetDelta=0.98271 baseline=0.00029 adaptive=0.00073 lastPeak=0.00003 guard=0.060 activeAge=-1.000 pitch=123.07Hz pitchCents=194.4
2025-12-20 08:00:43 [tracker] [s4] onset t=3.577 env=0.00082 gate=0.00006 envDelta=0.00076 envFloor=0.00078 onset=1.000 thresh=0.014 onsetDelta=0.98582 baseline=0.00033 adaptive=0.00083 lastPeak=0.00000 guard=0.060 activeAge=-1.000 pitch=-1.00Hz pitchCents=0.0
2025-12-20 08:00:43 [tracker] [s1] aubio-raw t=3.6574 onset=1.186431 env=0.000489 peak=0.000948 gain=1.000
2025-12-20 08:00:43 [tracker] [s1] onset-accepted t=3.6574 env=0.000489 gate=0.000010 envDelta=0.000479 envFloor=0.000450 onset=1.186431 thresh=0.006000 onsetDelta=1.180431 baseline=0.000187 floor=0.000180 adapt=0.000467 lastPeak=0.000052 baseParam=0.000180 gateRatio=0.0550 envParam=0.000450 onsetScale=0.300 retriggerScale=1.400 guard=0.060 guardRemain=0.000 activeAge=-1.000 retrigRemain=0.000 pitchHz=140.34 pitchCents=921.7
2025-12-20 08:00:43 [tracker] [s1] onset t=3.657 env=0.00049 gate=0.00001 envDelta=0.00048 envFloor=0.00045 onset=1.186 thresh=0.006 onsetDelta=1.18043 baseline=0.00019 adaptive=0.00047 lastPeak=0.00005 guard=0.060 activeAge=-1.000 pitch=140.34Hz pitchCents=921.7
2025-12-20 08:00:43 [tracker] [s1] aubio-raw t=3.7640 onset=0.996573 env=0.000312 peak=0.000732 gain=1.000
2025-12-20 08:00:43 [tracker] [s1] onset-below-env-floor t=3.7640 env=0.000312 gate=0.000010 envDelta=0.000302 envFloor=0.000450 onset=0.996573 thresh=0.006000 onsetDelta=0.990573 baseline=0.000180 floor=0.000180 adapt=0.000448 lastPeak=0.000042 baseParam=0.000180 gateRatio=0.0550 envParam=0.000450 onsetScale=0.300 retriggerScale=1.400 guard=0.060 guardRemain=0.000 activeAge=-1.000 retrigRemain=0.000 pitchHz=-1.00 pitchCents=0.0
2025-12-20 08:00:43 [tracker] [s1] aubio-raw t=3.8334 onset=1.020918 env=0.000369 peak=0.000911 gain=1.000
2025-12-20 08:00:43 [tracker] [s1] onset-below-env-floor t=3.8334 env=0.000369 gate=0.000010 envDelta=0.000359 envFloor=0.000450 onset=1.020918 thresh=0.006000 onsetDelta=1.014918 baseline=0.000183 floor=0.000180 adapt=0.000457 lastPeak=0.000037 baseParam=0.000180 gateRatio=0.0550 envParam=0.000450 onsetScale=0.300 retriggerScale=1.400 guard=0.060 guardRemain=0.000 activeAge=-1.000 retrigRemain=0.000 pitchHz=-1.00 pitchCents=0.0
2025-12-20 08:00:43 [tracker] [s2] onset t=3.871 env=0.00054 gate=0.00000 envDelta=0.00054 envFloor=0.00042 onset=0.950 thresh=0.009 onsetDelta=0.94083 baseline=0.00028 adaptive=0.00070 lastPeak=0.00001 guard=0.060 activeAge=-1.000 pitch=137.93Hz pitchCents=391.7
2025-12-20 08:00:43 [tracker] [s3] onset t=3.937 env=0.00083 gate=0.00004 envDelta=0.00079 envFloor=0.00065 onset=1.125 thresh=0.012 onsetDelta=1.11320 baseline=0.00029 adaptive=0.00073 lastPeak=0.00000 guard=0.060 activeAge=-1.000 pitch=-1.00Hz pitchCents=0.0
2025-12-20 08:00:43 [tracker] [s1] aubio-raw t=4.0600 onset=0.853989 env=0.000311 peak=0.000907 gain=1.000
2025-12-20 08:00:43 [tracker] [s1] onset-below-env-floor t=4.0600 env=0.000311 gate=0.000010 envDelta=0.000301 envFloor=0.000450 onset=0.853989 thresh=0.006000 onsetDelta=0.847989 baseline=0.000181 floor=0.000180 adapt=0.000452 lastPeak=0.000024 baseParam=0.000180 gateRatio=0.0550 envParam=0.000450 onsetScale=0.300 retriggerScale=1.400 guard=0.060 guardRemain=0.000 activeAge=-1.000 retrigRemain=0.000 pitchHz=150.95 pitchCents=1047.8
2025-12-20 08:00:43 [tracker] [s2] onset t=4.185 env=0.00050 gate=0.00000 envDelta=0.00050 envFloor=0.00046 onset=1.080 thresh=0.009 onsetDelta=1.07119 baseline=0.00031 adaptive=0.00077 lastPeak=0.00001 guard=0.060 activeAge=-1.000 pitch=-1.00Hz pitchCents=0.0
2025-12-20 08:00:44 [tracker] [s5] onset t=4.407 env=0.00091 gate=0.00008 envDelta=0.00083 envFloor=0.00090 onset=0.997 thresh=0.016 onsetDelta=0.98080 baseline=0.00038 adaptive=0.00096 lastPeak=0.00000 guard=0.060 activeAge=-1.000 pitch=-1.00Hz pitchCents=0.0
2025-12-20 08:00:44 [tracker] [s2] onset t=4.447 env=0.00067 gate=0.00000 envDelta=0.00067 envFloor=0.00045 onset=0.995 thresh=0.009 onsetDelta=0.98552 baseline=0.00030 adaptive=0.00075 lastPeak=0.00000 guard=0.060 activeAge=-1.000 pitch=266.65Hz pitchCents=1532.9
2025-12-20 08:00:44 [tracker] [s2] note-start t=4.447 fret=15 midi=60 vel=0.01 env=0.00067
2025-12-20 08:00:44 [tracker] [s1] aubio-raw t=4.4787 onset=0.997706 env=0.000257 peak=0.000624 gain=1.000
2025-12-20 08:00:44 [tracker] [s1] onset-below-env-floor t=4.4787 env=0.000257 gate=0.000011 envDelta=0.000246 envFloor=0.000450 onset=0.997706 thresh=0.006000 onsetDelta=0.991706 baseline=0.000201 floor=0.000180 adapt=0.000503 lastPeak=0.000011 baseParam=0.000180 gateRatio=0.0550 envParam=0.000450 onsetScale=0.300 retriggerScale=1.400 guard=0.060 guardRemain=0.000 activeAge=-1.000 retrigRemain=0.000 pitchHz=94.11 pitchCents=230.0
2025-12-20 08:00:44 [tracker] [s2] onset t=4.647 env=0.00050 gate=0.00000 envDelta=0.00049 envFloor=0.00043 onset=0.844 thresh=0.009 onsetDelta=0.83487 baseline=0.00041 adaptive=0.00072 lastPeak=0.00046 guard=0.060 activeAge=0.200 pitch=105.26Hz pitchCents=-76.2
2025-12-20 08:00:44 [tracker] [s2] note-ended (new onset) t=4.647 fret=15 dur=0.200
2025-12-20 08:00:44 [tracker] [s3] onset t=4.652 env=0.00065 gate=0.00004 envDelta=0.00061 envFloor=0.00065 onset=0.997 thresh=0.012 onsetDelta=0.98584 baseline=0.00031 adaptive=0.00078 lastPeak=0.00000 guard=0.060 activeAge=-1.000 pitch=-1.00Hz pitchCents=0.0
2025-12-20 08:00:44 [tracker] [s1] aubio-raw t=4.6627 onset=1.021795 env=0.000286 peak=0.000664 gain=1.000
2025-12-20 08:00:44 [tracker] [s1] onset-below-env-floor t=4.6627 env=0.000286 gate=0.000010 envDelta=0.000276 envFloor=0.000450 onset=1.021795 thresh=0.006000 onsetDelta=1.015795 baseline=0.000180 floor=0.000180 adapt=0.000451 lastPeak=0.000008 baseParam=0.000180 gateRatio=0.0550 envParam=0.000450 onsetScale=0.300 retriggerScale=1.400 guard=0.060 guardRemain=0.000 activeAge=-1.000 retrigRemain=0.000 pitchHz=320.02 pitchCents=2348.8
2025-12-20 08:00:44 [tracker] [s1] aubio-raw t=4.9586 onset=0.711247 env=0.000458 peak=0.000930 gain=1.000
2025-12-20 08:00:44 [tracker] [s1] onset-accepted t=4.9586 env=0.000458 gate=0.000010 envDelta=0.000447 envFloor=0.000450 onset=0.711247 thresh=0.006000 onsetDelta=0.705247 baseline=0.000187 floor=0.000180 adapt=0.000467 lastPeak=0.000004 baseParam=0.000180 gateRatio=0.0550 envParam=0.000450 onsetScale=0.300 retriggerScale=1.400 guard=0.060 guardRemain=0.000 activeAge=-1.000 retrigRemain=0.000 pitchHz=-1.00 pitchCents=0.0
2025-12-20 08:00:44 [tracker] [s1] onset t=4.959 env=0.00046 gate=0.00001 envDelta=0.00045 envFloor=0.00045 onset=0.711 thresh=0.006 onsetDelta=0.70525 baseline=0.00019 adaptive=0.00047 lastPeak=0.00000 guard=0.060 activeAge=-1.000 pitch=-1.00Hz pitchCents=0.0
2025-12-20 08:00:44 [tracker] [s1] aubio-raw t=5.0520 onset=0.870836 env=0.000411 peak=0.000834 gain=1.000
2025-12-20 08:00:44 [tracker] [s1] onset-below-env-floor t=5.0520 env=0.000411 gate=0.000010 envDelta=0.000401 envFloor=0.000450 onset=0.870836 thresh=0.006000 onsetDelta=0.864837 baseline=0.000187 floor=0.000180 adapt=0.000468 lastPeak=0.000004 baseParam=0.000180 gateRatio=0.0550 envParam=0.000450 onsetScale=0.300 retriggerScale=1.400 guard=0.060 guardRemain=0.000 activeAge=-1.000 retrigRemain=0.000 pitchHz=-1.00 pitchCents=0.0
2025-12-20 08:00:44 [tracker] [s5] onset t=5.188 env=0.00111 gate=0.00008 envDelta=0.00103 envFloor=0.00090 onset=0.964 thresh=0.016 onsetDelta=0.94829 baseline=0.00040 adaptive=0.00099 lastPeak=0.00000 guard=0.060 activeAge=-1.000 pitch=-1.00Hz pitchCents=0.0
2025-12-20 08:00:44 [tracker] [s1] aubio-raw t=5.2280 onset=0.673200 env=0.000358 peak=0.000984 gain=1.000
2025-12-20 08:00:44 [tracker] [s1] onset-below-env-floor t=5.2280 env=0.000358 gate=0.000010 envDelta=0.000348 envFloor=0.000450 onset=0.673200 thresh=0.006000 onsetDelta=0.667200 baseline=0.000188 floor=0.000180 adapt=0.000471 lastPeak=0.000003 baseParam=0.000180 gateRatio=0.0550 envParam=0.000450 onsetScale=0.300 retriggerScale=1.400 guard=0.060 guardRemain=0.000 activeAge=-1.000 retrigRemain=0.000 pitchHz=145.45 pitchCents=983.7
2025-12-20 08:00:44 [tracker] [s4] onset t=5.311 env=0.00082 gate=0.00006 envDelta=0.00077 envFloor=0.00078 onset=0.968 thresh=0.014 onsetDelta=0.95440 baseline=0.00035 adaptive=0.00086 lastPeak=0.00000 guard=0.060 activeAge=-1.000 pitch=-1.00Hz pitchCents=0.0
2025-12-20 08:00:45 [tracker] [s2] onset t=5.503 env=0.00043 gate=0.00000 envDelta=0.00043 envFloor=0.00040 onset=0.998 thresh=0.009 onsetDelta=0.98879 baseline=0.00027 adaptive=0.00067 lastPeak=0.00009 guard=0.060 activeAge=-1.000 pitch=124.99Hz pitchCents=221.2
2025-12-20 08:00:45 [tracker] [s1] aubio-raw t=5.5079 onset=0.915489 env=0.000337 peak=0.000774 gain=1.000
2025-12-20 08:00:45 [tracker] [s1] onset-below-env-floor t=5.5079 env=0.000337 gate=0.000011 envDelta=0.000326 envFloor=0.000450 onset=0.915489 thresh=0.006000 onsetDelta=0.909489 baseline=0.000193 floor=0.000180 adapt=0.000482 lastPeak=0.000002 baseParam=0.000180 gateRatio=0.0550 envParam=0.000450 onsetScale=0.300 retriggerScale=1.400 guard=0.060 guardRemain=0.000 activeAge=-1.000 retrigRemain=0.000 pitchHz=-1.00 pitchCents=0.0
2025-12-20 08:00:45 [tracker] [s3] onset t=5.759 env=0.00073 gate=0.00004 envDelta=0.00069 envFloor=0.00065 onset=0.652 thresh=0.012 onsetDelta=0.64021 baseline=0.00031 adaptive=0.00077 lastPeak=0.00000 guard=0.060 activeAge=-1.000 pitch=-1.00Hz pitchCents=0.0
2025-12-20 08:00:45 [tracker] [s2] onset t=5.879 env=0.00050 gate=0.00000 envDelta=0.00050 envFloor=0.00043 onset=1.279 thresh=0.009 onsetDelta=1.27049 baseline=0.00029 adaptive=0.00072 lastPeak=0.00005 guard=0.060 activeAge=-1.000 pitch=119.40Hz pitchCents=141.9
2025-12-20 08:00:45 [tracker] [s1] aubio-raw t=6.0119 onset=1.151740 env=0.000285 peak=0.000757 gain=1.000
2025-12-20 08:00:45 [tracker] [s1] onset-below-env-floor t=6.0119 env=0.000285 gate=0.000010 envDelta=0.000275 envFloor=0.000450 onset=1.151740 thresh=0.006000 onsetDelta=1.145740 baseline=0.000183 floor=0.000180 adapt=0.000458 lastPeak=0.000001 baseParam=0.000180 gateRatio=0.0550 envParam=0.000450 onsetScale=0.300 retriggerScale=1.400 guard=0.060 guardRemain=0.000 activeAge=-1.000 retrigRemain=0.000 pitchHz=125.00 pitchCents=721.3
2025-12-20 08:00:45 [tracker] [s2] onset t=6.020 env=0.00053 gate=0.00000 envDelta=0.00053 envFloor=0.00042 onset=0.925 thresh=0.009 onsetDelta=0.91621 baseline=0.00028 adaptive=0.00070 lastPeak=0.00003 guard=0.060 activeAge=-1.000 pitch=181.82Hz pitchCents=870.0
2025-12-20 08:00:45 [tracker] [s1] aubio-raw t=6.0839 onset=1.179257 env=0.000284 peak=0.000719 gain=1.000
2025-12-20 08:00:45 [tracker] [s1] onset-below-env-floor t=6.0839 env=0.000284 gate=0.000010 envDelta=0.000274 envFloor=0.000450 onset=1.179257 thresh=0.006000 onsetDelta=1.173257 baseline=0.000180 floor=0.000180 adapt=0.000450 lastPeak=0.000001 baseParam=0.000180 gateRatio=0.0550 envParam=0.000450 onsetScale=0.300 retriggerScale=1.400 guard=0.060 guardRemain=0.000 activeAge=-1.000 retrigRemain=0.000 pitchHz=-1.00 pitchCents=0.0
2025-12-20 08:00:45 [tracker] [s3] onset t=6.156 env=0.00067 gate=0.00004 envDelta=0.00063 envFloor=0.00065 onset=1.374 thresh=0.012 onsetDelta=1.36280 baseline=0.00029 adaptive=0.00072 lastPeak=0.00000 guard=0.060 activeAge=-1.000 pitch=-1.00Hz pitchCents=0.0
2025-12-20 08:00:45 [tracker] [s5] onset t=6.199 env=0.00103 gate=0.00008 envDelta=0.00095 envFloor=0.00090 onset=1.008 thresh=0.016 onsetDelta=0.99229 baseline=0.00039 adaptive=0.00099 lastPeak=0.00000 guard=0.060 activeAge=-1.000 pitch=-1.00Hz pitchCents=0.0
2025-12-20 08:00:45 [tracker] [s1] aubio-raw t=6.3532 onset=1.313631 env=0.000309 peak=0.000800 gain=1.000
2025-12-20 08:00:45 [tracker] [s1] onset-below-env-floor t=6.3532 env=0.000309 gate=0.000010 envDelta=0.000299 envFloor=0.000450 onset=1.313631 thresh=0.006000 onsetDelta=1.307631 baseline=0.000180 floor=0.000180 adapt=0.000422 lastPeak=0.000000 baseParam=0.000180 gateRatio=0.0550 envParam=0.000450 onsetScale=0.300 retriggerScale=1.400 guard=0.060 guardRemain=0.000 activeAge=-1.000 retrigRemain=0.000 pitchHz=-1.00 pitchCents=0.0
2025-12-20 08:00:45 [tracker] [s2] onset t=6.369 env=0.00059 gate=0.00000 envDelta=0.00059 envFloor=0.00039 onset=0.823 thresh=0.009 onsetDelta=0.81384 baseline=0.00026 adaptive=0.00064 lastPeak=0.00002 guard=0.060 activeAge=-1.000 pitch=156.86Hz pitchCents=614.4
2025-12-20 08:00:46 [tracker] [s3] onset t=6.527 env=0.00100 gate=0.00004 envDelta=0.00095 envFloor=0.00065 onset=1.005 thresh=0.012 onsetDelta=0.99340 baseline=0.00033 adaptive=0.00082 lastPeak=0.00000 guard=0.060 activeAge=-1.000 pitch=-1.00Hz pitchCents=0.0
2025-12-20 08:00:46 [tracker] [s1] aubio-raw t=6.5772 onset=1.134583 env=0.000494 peak=0.000999 gain=1.000
2025-12-20 08:00:46 [tracker] [s1] onset-accepted t=6.5772 env=0.000494 gate=0.000010 envDelta=0.000484 envFloor=0.000450 onset=1.134583 thresh=0.006000 onsetDelta=1.128583 baseline=0.000187 floor=0.000180 adapt=0.000467 lastPeak=0.000000 baseParam=0.000180 gateRatio=0.0550 envParam=0.000450 onsetScale=0.300 retriggerScale=1.400 guard=0.060 guardRemain=0.000 activeAge=-1.000 retrigRemain=0.000 pitchHz=-1.00 pitchCents=0.0
2025-12-20 08:00:46 [tracker] [s1] onset t=6.577 env=0.00049 gate=0.00001 envDelta=0.00048 envFloor=0.00045 onset=1.135 thresh=0.006 onsetDelta=1.12858 baseline=0.00019 adaptive=0.00047 lastPeak=0.00000 guard=0.060 activeAge=-1.000 pitch=-1.00Hz pitchCents=0.0
2025-12-20 08:00:46 [tracker] [s1] aubio-raw t=6.8705 onset=1.012493 env=0.000363 peak=0.000836 gain=1.000
2025-12-20 08:00:46 [tracker] [s1] onset-below-env-floor t=6.8705 env=0.000363 gate=0.000011 envDelta=0.000352 envFloor=0.000450 onset=1.012493 thresh=0.006000 onsetDelta=1.006493 baseline=0.000207 floor=0.000180 adapt=0.000517 lastPeak=0.000000 baseParam=0.000180 gateRatio=0.0550 envParam=0.000450 onsetScale=0.300 retriggerScale=1.400 guard=0.060 guardRemain=0.000 activeAge=-1.000 retrigRemain=0.000 pitchHz=-1.00 pitchCents=0.0
2025-12-20 08:00:46 [tracker] [s1] aubio-raw t=7.0092 onset=0.921006 env=0.000400 peak=0.000966 gain=1.000
2025-12-20 08:00:46 [tracker] [s1] onset-below-env-floor t=7.0092 env=0.000400 gate=0.000011 envDelta=0.000389 envFloor=0.000450 onset=0.921006 thresh=0.006000 onsetDelta=0.915006 baseline=0.000194 floor=0.000180 adapt=0.000486 lastPeak=0.000000 baseParam=0.000180 gateRatio=0.0550 envParam=0.000450 onsetScale=0.300 retriggerScale=1.400 guard=0.060 guardRemain=0.000 activeAge=-1.000 retrigRemain=0.000 pitchHz=103.87 pitchCents=400.8
2025-12-20 08:00:46 [tracker] [s5] onset t=7.070 env=0.00097 gate=0.00008 envDelta=0.00089 envFloor=0.00090 onset=1.402 thresh=0.016 onsetDelta=1.38596 baseline=0.00037 adaptive=0.00090 lastPeak=0.00000 guard=0.060 activeAge=-1.000 pitch=-1.00Hz pitchCents=0.0
2025-12-20 08:00:46 [tracker] [s1] aubio-raw t=7.0785 onset=0.891009 env=0.000220 peak=0.000456 gain=1.000
2025-12-20 08:00:46 [tracker] [s1] onset-below-env-floor t=7.0785 env=0.000220 gate=0.000010 envDelta=0.000210 envFloor=0.000450 onset=0.891009 thresh=0.006000 onsetDelta=0.885009 baseline=0.000180 floor=0.000180 adapt=0.000442 lastPeak=0.000000 baseParam=0.000180 gateRatio=0.0550 envParam=0.000450 onsetScale=0.300 retriggerScale=1.400 guard=0.060 guardRemain=0.000 activeAge=-1.000 retrigRemain=0.000 pitchHz=307.68 pitchCents=2280.7
2025-12-20 08:00:46 [tracker] [s2] onset t=7.262 env=0.00053 gate=0.00000 envDelta=0.00052 envFloor=0.00044 onset=0.650 thresh=0.009 onsetDelta=0.64139 baseline=0.00029 adaptive=0.00073 lastPeak=0.00000 guard=0.060 activeAge=-1.000 pitch=205.12Hz pitchCents=1078.8
2025-12-20 08:00:46 [tracker] [s2] onset t=7.350 env=0.00067 gate=0.00000 envDelta=0.00066 envFloor=0.00038 onset=0.995 thresh=0.009 onsetDelta=0.98592 baseline=0.00040 adaptive=0.00064 lastPeak=0.00045 guard=0.060 activeAge=0.088 pitch=103.89Hz pitchCents=-98.9
2025-12-20 08:00:46 [tracker] [s2] note-ended (new onset) t=7.350 fret=1 dur=0.088
2025-12-20 08:00:46 [tracker] [s2] note-start t=7.350 fret=6 midi=51 vel=0.01 env=0.00067
2025-12-20 08:00:47 [tracker] [s2] release-retrigger t=7.409 onset=1.162 gate=0.000 age=0.059
2025-12-20 08:00:47 [tracker] [s2] note-ended t=7.409 fret=6 dur=0.059
2025-12-20 08:00:47 [tracker] [s4] onset t=7.473 env=0.00083 gate=0.00006 envDelta=0.00078 envFloor=0.00078 onset=1.269 thresh=0.014 onsetDelta=1.25481 baseline=0.00033 adaptive=0.00082 lastPeak=0.00000 guard=0.060 activeAge=-1.000 pitch=-1.00Hz pitchCents=0.0
2025-12-20 08:00:47 [tracker] [s2] onset t=7.588 env=0.00069 gate=0.00000 envDelta=0.00068 envFloor=0.00044 onset=1.107 thresh=0.009 onsetDelta=1.09796 baseline=0.00038 adaptive=0.00074 lastPeak=0.00043 guard=0.060 activeAge=-1.000 pitch=150.94Hz pitchCents=547.7
2025-12-20 08:00:47 [tracker] [s3] onset t=7.769 env=0.00084 gate=0.00004 envDelta=0.00079 envFloor=0.00065 onset=0.964 thresh=0.012 onsetDelta=0.95215 baseline=0.00032 adaptive=0.00081 lastPeak=0.00000 guard=0.060 activeAge=-1.000 pitch=-1.00Hz pitchCents=0.0
2025-12-20 08:00:47 [tracker] [s2] onset t=7.793 env=0.00075 gate=0.00000 envDelta=0.00074 envFloor=0.00046 onset=1.088 thresh=0.009 onsetDelta=1.07926 baseline=0.00030 adaptive=0.00076 lastPeak=0.00029 guard=0.060 activeAge=-1.000 pitch=-1.00Hz pitchCents=0.0
2025-12-20 08:00:47 [tracker] [s4] onset t=7.886 env=0.00085 gate=0.00006 envDelta=0.00079 envFloor=0.00078 onset=1.186 thresh=0.014 onsetDelta=1.17167 baseline=0.00033 adaptive=0.00082 lastPeak=0.00000 guard=0.060 activeAge=-1.000 pitch=-1.00Hz pitchCents=0.0
2025-12-20 08:00:47 [tracker] [s5] onset t=7.990 env=0.00108 gate=0.00008 envDelta=0.00100 envFloor=0.00090 onset=1.286 thresh=0.016 onsetDelta=1.26966 baseline=0.00039 adaptive=0.00097 lastPeak=0.00000 guard=0.060 activeAge=-1.000 pitch=-1.00Hz pitchCents=0.0
2025-12-20 08:00:47 [tracker] [s1] aubio-raw t=7.9958 onset=0.998841 env=0.000334 peak=0.000855 gain=1.000
2025-12-20 08:00:47 [tracker] [s1] onset-below-env-floor t=7.9958 env=0.000334 gate=0.000010 envDelta=0.000324 envFloor=0.000450 onset=0.998841 thresh=0.006000 onsetDelta=0.992841 baseline=0.000188 floor=0.000180 adapt=0.000469 lastPeak=0.000000 baseParam=0.000180 gateRatio=0.0550 envParam=0.000450 onsetScale=0.300 retriggerScale=1.400 guard=0.060 guardRemain=0.000 activeAge=-1.000 retrigRemain=0.000 pitchHz=-1.00 pitchCents=0.0
2025-12-20 08:00:47 [tracker] [s2] onset t=8.102 env=0.00064 gate=0.00000 envDelta=0.00064 envFloor=0.00042 onset=1.416 thresh=0.009 onsetDelta=1.40650 baseline=0.00028 adaptive=0.00070 lastPeak=0.00016 guard=0.060 activeAge=-1.000 pitch=-1.00Hz pitchCents=0.0
2025-12-20 08:00:47 [tracker] [s5] onset t=8.102 env=0.00095 gate=0.00008 envDelta=0.00087 envFloor=0.00090 onset=1.062 thresh=0.016 onsetDelta=1.04633 baseline=0.00038 adaptive=0.00094 lastPeak=0.00000 guard=0.060 activeAge=-1.000 pitch=-1.00Hz pitchCents=0.0
2025-12-20 08:00:47 [tracker] [s1] aubio-raw t=8.1157 onset=1.268289 env=0.000746 peak=0.001408 gain=1.000
2025-12-20 08:00:47 [tracker] [s1] onset-accepted t=8.1157 env=0.000746 gate=0.000012 envDelta=0.000734 envFloor=0.000450 onset=1.268289 thresh=0.006000 onsetDelta=1.262289 baseline=0.000217 floor=0.000180 adapt=0.000541 lastPeak=0.000000 baseParam=0.000180 gateRatio=0.0550 envParam=0.000450 onsetScale=0.300 retriggerScale=1.400 guard=0.060 guardRemain=0.000 activeAge=-1.000 retrigRemain=0.000 pitchHz=103.89 pitchCents=401.1
2025-12-20 08:00:47 [tracker] [s1] onset t=8.116 env=0.00075 gate=0.00001 envDelta=0.00073 envFloor=0.00045 onset=1.268 thresh=0.006 onsetDelta=1.26229 baseline=0.00022 adaptive=0.00054 lastPeak=0.00000 guard=0.060 activeAge=-1.000 pitch=103.89Hz pitchCents=401.1
2025-12-20 08:00:47 [tracker] [s3] onset t=8.116 env=0.00087 gate=0.00004 envDelta=0.00084 envFloor=0.00065 onset=0.810 thresh=0.012 onsetDelta=0.79795 baseline=0.00030 adaptive=0.00076 lastPeak=0.00000 guard=0.060 activeAge=-1.000 pitch=-1.00Hz pitchCents=0.0
2025-12-20 08:00:47 [tracker] [s3] onset t=8.350 env=0.00080 gate=0.00004 envDelta=0.00077 envFloor=0.00065 onset=1.045 thresh=0.012 onsetDelta=1.03303 baseline=0.00029 adaptive=0.00073 lastPeak=0.00000 guard=0.060 activeAge=-1.000 pitch=-1.00Hz pitchCents=0.0
2025-12-20 08:00:48 [tracker] [s1] aubio-raw t=8.4304 onset=1.056261 env=0.000472 peak=0.001084 gain=1.000
2025-12-20 08:00:48 [tracker] [s1] onset-accepted t=8.4304 env=0.000472 gate=0.000011 envDelta=0.000461 envFloor=0.000450 onset=1.056261 thresh=0.006000 onsetDelta=1.050261 baseline=0.000198 floor=0.000180 adapt=0.000495 lastPeak=0.000000 baseParam=0.000180 gateRatio=0.0550 envParam=0.000450 onsetScale=0.300 retriggerScale=1.400 guard=0.060 guardRemain=0.000 activeAge=-1.000 retrigRemain=0.000 pitchHz=-1.00 pitchCents=0.0
2025-12-20 08:00:48 [tracker] [s1] onset t=8.430 env=0.00047 gate=0.00001 envDelta=0.00046 envFloor=0.00045 onset=1.056 thresh=0.006 onsetDelta=1.05026 baseline=0.00020 adaptive=0.00050 lastPeak=0.00000 guard=0.060 activeAge=-1.000 pitch=-1.00Hz pitchCents=0.0
2025-12-20 08:00:48 [tracker] [s3] onset t=8.516 env=0.00086 gate=0.00004 envDelta=0.00082 envFloor=0.00065 onset=1.409 thresh=0.012 onsetDelta=1.39786 baseline=0.00030 adaptive=0.00074 lastPeak=0.00000 guard=0.060 activeAge=-1.000 pitch=-1.00Hz pitchCents=0.0
2025-12-20 08:00:48 [tracker] [s1] aubio-raw t=8.6117 onset=0.995591 env=0.000229 peak=0.000567 gain=1.000
2025-12-20 08:00:48 [tracker] [s1] onset-below-env-floor t=8.6117 env=0.000229 gate=0.000010 envDelta=0.000219 envFloor=0.000450 onset=0.995591 thresh=0.006000 onsetDelta=0.989591 baseline=0.000183 floor=0.000180 adapt=0.000458 lastPeak=0.000000 baseParam=0.000180 gateRatio=0.0550 envParam=0.000450 onsetScale=0.300 retriggerScale=1.400 guard=0.060 guardRemain=0.000 activeAge=-1.000 retrigRemain=0.000 pitchHz=142.86 pitchCents=952.5
2025-12-20 08:00:48 [tracker] [s1] aubio-raw t=8.7664 onset=0.985859 env=0.000318 peak=0.000900 gain=1.000
2025-12-20 08:00:48 [tracker] [s1] onset-below-env-floor t=8.7664 env=0.000318 gate=0.000011 envDelta=0.000307 envFloor=0.000450 onset=0.985859 thresh=0.006000 onsetDelta=0.979859 baseline=0.000193 floor=0.000180 adapt=0.000483 lastPeak=0.000000 baseParam=0.000180 gateRatio=0.0550 envParam=0.000450 onsetScale=0.300 retriggerScale=1.400 guard=0.060 guardRemain=0.000 activeAge=-1.000 retrigRemain=0.000 pitchHz=-1.00 pitchCents=0.0
2025-12-20 08:00:48 [tracker] [s2] onset t=8.796 env=0.00065 gate=0.00000 envDelta=0.00065 envFloor=0.00043 onset=1.047 thresh=0.009 onsetDelta=1.03829 baseline=0.00029 adaptive=0.00072 lastPeak=0.00004 guard=0.060 activeAge=-1.000 pitch=-1.00Hz pitchCents=0.0
2025-12-20 08:00:48 [tracker] [s3] onset t=8.854 env=0.00078 gate=0.00004 envDelta=0.00074 envFloor=0.00065 onset=1.130 thresh=0.012 onsetDelta=1.11817 baseline=0.00031 adaptive=0.00079 lastPeak=0.00000 guard=0.060 activeAge=-1.000 pitch=-1.00Hz pitchCents=0.0
2025-12-20 08:00:48 [tracker] [s1] aubio-raw t=8.8890 onset=0.994900 env=0.000261 peak=0.000637 gain=1.000
2025-12-20 08:00:48 [tracker] [s1] onset-below-env-floor t=8.8890 env=0.000261 gate=0.000010 envDelta=0.000251 envFloor=0.000450 onset=0.994900 thresh=0.006000 onsetDelta=0.988900 baseline=0.000188 floor=0.000180 adapt=0.000471 lastPeak=0.000000 baseParam=0.000180 gateRatio=0.0550 envParam=0.000450 onsetScale=0.300 retriggerScale=1.400 guard=0.060 guardRemain=0.000 activeAge=-1.000 retrigRemain=0.000 pitchHz=94.11 pitchCents=229.9
2025-12-20 08:00:48 [tracker] [s2] onset t=8.894 env=0.00076 gate=0.00000 envDelta=0.00076 envFloor=0.00043 onset=0.690 thresh=0.009 onsetDelta=0.68134 baseline=0.00029 adaptive=0.00072 lastPeak=0.00004 guard=0.060 activeAge=-1.000 pitch=117.64Hz pitchCents=116.2
2025-12-20 08:00:48 [tracker] [s4] onset t=8.940 env=0.00088 gate=0.00006 envDelta=0.00083 envFloor=0.00078 onset=0.992 thresh=0.014 onsetDelta=0.97813 baseline=0.00033 adaptive=0.00083 lastPeak=0.00000 guard=0.060 activeAge=-1.000 pitch=-1.00Hz pitchCents=0.0
2025-12-20 08:00:48 [tracker] [s3] onset t=9.006 env=0.00074 gate=0.00004 envDelta=0.00070 envFloor=0.00065 onset=0.992 thresh=0.012 onsetDelta=0.98007 baseline=0.00028 adaptive=0.00070 lastPeak=0.00000 guard=0.060 activeAge=-1.000 pitch=-1.00Hz pitchCents=0.0
2025-12-20 08:00:48 [tracker] [s5] onset t=9.097 env=0.00090 gate=0.00008 envDelta=0.00082 envFloor=0.00090 onset=0.922 thresh=0.016 onsetDelta=0.90646 baseline=0.00037 adaptive=0.00091 lastPeak=0.00000 guard=0.060 activeAge=-1.000 pitch=-1.00Hz pitchCents=0.0
2025-12-20 08:00:48 [tracker] [s1] aubio-raw t=9.1130 onset=1.266865 env=0.000267 peak=0.000633 gain=1.000
2025-12-20 08:00:48 [tracker] [s1] onset-below-env-floor t=9.1130 env=0.000267 gate=0.000010 envDelta=0.000257 envFloor=0.000450 onset=1.266865 thresh=0.006000 onsetDelta=1.260865 baseline=0.000187 floor=0.000180 adapt=0.000468 lastPeak=0.000000 baseParam=0.000180 gateRatio=0.0550 envParam=0.000450 onsetScale=0.300 retriggerScale=1.400 guard=0.060 guardRemain=0.000 activeAge=-1.000 retrigRemain=0.000 pitchHz=333.34 pitchCents=2419.4
2025-12-20 08:00:48 [tracker] [s5] onset t=9.177 env=0.00091 gate=0.00008 envDelta=0.00082 envFloor=0.00090 onset=0.996 thresh=0.016 onsetDelta=0.97970 baseline=0.00040 adaptive=0.00099 lastPeak=0.00000 guard=0.060 activeAge=-1.000 pitch=-1.00Hz pitchCents=0.0
2025-12-20 08:00:48 [tracker] [s3] onset t=9.236 env=0.00071 gate=0.00004 envDelta=0.00067 envFloor=0.00065 onset=0.845 thresh=0.012 onsetDelta=0.83338 baseline=0.00031 adaptive=0.00078 lastPeak=0.00000 guard=0.060 activeAge=-1.000 pitch=-1.00Hz pitchCents=0.0
2025-12-20 08:00:48 [tracker] [s1] aubio-raw t=9.2517 onset=0.998749 env=0.000301 peak=0.000770 gain=1.000
2025-12-20 08:00:48 [tracker] [s1] onset-below-env-floor t=9.2517 env=0.000301 gate=0.000010 envDelta=0.000291 envFloor=0.000450 onset=0.998749 thresh=0.006000 onsetDelta=0.992749 baseline=0.000180 floor=0.000180 adapt=0.000409 lastPeak=0.000000 baseParam=0.000180 gateRatio=0.0550 envParam=0.000450 onsetScale=0.300 retriggerScale=1.400 guard=0.060 guardRemain=0.000 activeAge=-1.000 retrigRemain=0.000 pitchHz=106.66 pitchCents=446.7
2025-12-20 08:00:48 [tracker] [s2] onset t=9.294 env=0.00061 gate=0.00000 envDelta=0.00061 envFloor=0.00046 onset=0.786 thresh=0.009 onsetDelta=0.77748 baseline=0.00030 adaptive=0.00076 lastPeak=0.00002 guard=0.060 activeAge=-1.000 pitch=-1.00Hz pitchCents=0.0
2025-12-20 08:00:49 [tracker] [s2] onset t=9.476 env=0.00086 gate=0.00000 envDelta=0.00086 envFloor=0.00041 onset=1.034 thresh=0.009 onsetDelta=1.02538 baseline=0.00027 adaptive=0.00069 lastPeak=0.00001 guard=0.060 activeAge=-1.000 pitch=117.65Hz pitchCents=116.3
2025-12-20 08:00:49 [tracker] [s1] aubio-raw t=9.4810 onset=1.085051 env=0.000232 peak=0.000665 gain=1.000
2025-12-20 08:00:49 [tracker] [s1] onset-below-env-floor t=9.4810 env=0.000232 gate=0.000011 envDelta=0.000221 envFloor=0.000450 onset=1.085051 thresh=0.006000 onsetDelta=1.079051 baseline=0.000196 floor=0.000180 adapt=0.000491 lastPeak=0.000000 baseParam=0.000180 gateRatio=0.0550 envParam=0.000450 onsetScale=0.300 retriggerScale=1.400 guard=0.060 guardRemain=0.000 activeAge=-1.000 retrigRemain=0.000 pitchHz=-1.00 pitchCents=0.0
2025-12-20 08:00:49 [tracker] [s3] onset t=9.577 env=0.00086 gate=0.00004 envDelta=0.00083 envFloor=0.00065 onset=0.998 thresh=0.012 onsetDelta=0.98621 baseline=0.00029 adaptive=0.00072 lastPeak=0.00000 guard=0.060 activeAge=-1.000 pitch=-1.00Hz pitchCents=0.0
2025-12-20 08:00:49 [tracker] [s2] onset t=9.694 env=0.00071 gate=0.00000 envDelta=0.00071 envFloor=0.00041 onset=0.996 thresh=0.009 onsetDelta=0.98745 baseline=0.00028 adaptive=0.00069 lastPeak=0.00001 guard=0.060 activeAge=-1.000 pitch=126.98Hz pitchCents=248.5
2025-12-20 08:00:49 [tracker] [s3] onset t=9.729 env=0.00068 gate=0.00004 envDelta=0.00064 envFloor=0.00065 onset=0.917 thresh=0.012 onsetDelta=0.90505 baseline=0.00031 adaptive=0.00078 lastPeak=0.00000 guard=0.060 activeAge=-1.000 pitch=-1.00Hz pitchCents=0.0
2025-12-20 08:00:49 [tracker] [s2] onset t=9.942 env=0.00085 gate=0.00000 envDelta=0.00085 envFloor=0.00047 onset=0.852 thresh=0.009 onsetDelta=0.84345 baseline=0.00040 adaptive=0.00078 lastPeak=0.00045 guard=0.060 activeAge=0.248 pitch=-1.00Hz pitchCents=0.0
2025-12-20 08:00:49 [tracker] [s2] note-ended (new onset) t=9.942 fret=0 dur=0.248
2025-12-20 08:00:49 [tracker] [s1] aubio-raw t=10.0729 onset=1.061208 env=0.000333 peak=0.000718 gain=1.000
2025-12-20 08:00:49 [tracker] [s1] onset-below-env-floor t=10.0729 env=0.000333 gate=0.000010 envDelta=0.000323 envFloor=0.000450 onset=1.061208 thresh=0.006000 onsetDelta=1.055208 baseline=0.000180 floor=0.000180 adapt=0.000436 lastPeak=0.000000 baseParam=0.000180 gateRatio=0.0550 envParam=0.000450 onsetScale=0.300 retriggerScale=1.400 guard=0.060 guardRemain=0.000 activeAge=-1.000 retrigRemain=0.000 pitchHz=137.92 pitchCents=891.6
2025-12-20 08:00:49 [tracker] [s1] aubio-raw t=10.1369 onset=0.821322 env=0.000463 peak=0.000972 gain=1.000
2025-12-20 08:00:49 [tracker] [s1] onset-accepted t=10.1369 env=0.000463 gate=0.000010 envDelta=0.000453 envFloor=0.000450 onset=0.821322 thresh=0.006000 onsetDelta=0.815322 baseline=0.000180 floor=0.000180 adapt=0.000399 lastPeak=0.000000 baseParam=0.000180 gateRatio=0.0550 envParam=0.000450 onsetScale=0.300 retriggerScale=1.400 guard=0.060 guardRemain=0.000 activeAge=-1.000 retrigRemain=0.000 pitchHz=-1.00 pitchCents=0.0
2025-12-20 08:00:49 [tracker] [s1] aubio-raw t=10.2089 onset=1.082414 env=0.000642 peak=0.001364 gain=1.000
2025-12-20 08:00:49 [tracker] [s1] onset-accepted t=10.2089 env=0.000642 gate=0.000011 envDelta=0.000631 envFloor=0.000450 onset=1.082414 thresh=0.006000 onsetDelta=1.076414 baseline=0.000198 floor=0.000180 adapt=0.000495 lastPeak=0.000000 baseParam=0.000180 gateRatio=0.0550 envParam=0.000450 onsetScale=0.300 retriggerScale=1.400 guard=0.060 guardRemain=0.000 activeAge=-1.000 retrigRemain=0.000 pitchHz=142.85 pitchCents=952.4
2025-12-20 08:00:49 [tracker] [s1] onset t=10.209 env=0.00064 gate=0.00001 envDelta=0.00063 envFloor=0.00045 onset=1.082 thresh=0.006 onsetDelta=1.07641 baseline=0.00020 adaptive=0.00049 lastPeak=0.00000 guard=0.060 activeAge=-1.000 pitch=142.85Hz pitchCents=952.4
2025-12-20 08:00:49 [tracker] [s5] onset t=10.324 env=0.00111 gate=0.00008 envDelta=0.00103 envFloor=0.00090 onset=0.999 thresh=0.016 onsetDelta=0.98294 baseline=0.00039 adaptive=0.00099 lastPeak=0.00000 guard=0.060 activeAge=-1.000 pitch=-1.00Hz pitchCents=0.0
2025-12-20 08:00:50 [tracker] [s2] onset t=10.433 env=0.00072 gate=0.00000 envDelta=0.00071 envFloor=0.00044 onset=1.200 thresh=0.009 onsetDelta=1.19111 baseline=0.00029 adaptive=0.00073 lastPeak=0.00018 guard=0.060 activeAge=-1.000 pitch=117.65Hz pitchCents=116.4
2025-12-20 08:00:50 [tracker] [s3] onset t=10.542 env=0.00068 gate=0.00004 envDelta=0.00064 envFloor=0.00065 onset=0.991 thresh=0.012 onsetDelta=0.97917 baseline=0.00030 adaptive=0.00075 lastPeak=0.00000 guard=0.060 activeAge=-1.000 pitch=-1.00Hz pitchCents=0.0
2025-12-20 08:00:50 [tracker] [s5] onset t=10.788 env=0.00098 gate=0.00009 envDelta=0.00090 envFloor=0.00090 onset=0.995 thresh=0.016 onsetDelta=0.97909 baseline=0.00041 adaptive=0.00102 lastPeak=0.00000 guard=0.060 activeAge=-1.000 pitch=-1.00Hz pitchCents=0.0
2025-12-20 08:00:50 [tracker] [s2] onset t=10.873 env=0.00070 gate=0.00000 envDelta=0.00070 envFloor=0.00041 onset=0.995 thresh=0.009 onsetDelta=0.98624 baseline=0.00027 adaptive=0.00069 lastPeak=0.00008 guard=0.060 activeAge=-1.000 pitch=275.84Hz pitchCents=1591.6
2025-12-20 08:00:50 [tracker] [s2] note-start t=10.873 fret=3 midi=48 vel=0.01 env=0.00070
2025-12-20 08:00:50 [tracker] [s3] onset t=10.985 env=0.00079 gate=0.00004 envDelta=0.00075 envFloor=0.00065 onset=0.748 thresh=0.012 onsetDelta=0.73643 baseline=0.00031 adaptive=0.00078 lastPeak=0.00000 guard=0.060 activeAge=-1.000 pitch=-1.00Hz pitchCents=0.0
2025-12-20 08:00:50 [tracker] [s2] onset t=11.334 env=0.00077 gate=0.00000 envDelta=0.00077 envFloor=0.00044 onset=0.995 thresh=0.009 onsetDelta=0.98553 baseline=0.00029 adaptive=0.00073 lastPeak=0.00029 guard=0.060 activeAge=0.461 pitch=181.82Hz pitchCents=870.0
2025-12-20 08:00:50 [tracker] [s2] note-ended (new onset) t=11.334 fret=3 dur=0.461
2025-12-20 08:00:50 [tracker] [s3] onset t=11.337 env=0.00071 gate=0.00004 envDelta=0.00068 envFloor=0.00065 onset=0.864 thresh=0.012 onsetDelta=0.85283 baseline=0.00029 adaptive=0.00071 lastPeak=0.00000 guard=0.060 activeAge=-1.000 pitch=-1.00Hz pitchCents=0.0
2025-12-20 08:00:50 [tracker] [s1] aubio-raw t=11.3528 onset=0.985508 env=0.000496 peak=0.001089 gain=1.000
2025-12-20 08:00:50 [tracker] [s1] onset-accepted t=11.3528 env=0.000496 gate=0.000011 envDelta=0.000486 envFloor=0.000450 onset=0.985508 thresh=0.006000 onsetDelta=0.979508 baseline=0.000194 floor=0.000180 adapt=0.000486 lastPeak=0.000000 baseParam=0.000180 gateRatio=0.0550 envParam=0.000450 onsetScale=0.300 retriggerScale=1.400 guard=0.060 guardRemain=0.000 activeAge=-1.000 retrigRemain=0.000 pitchHz=95.24 pitchCents=250.5
2025-12-20 08:00:50 [tracker] [s1] onset t=11.353 env=0.00050 gate=0.00001 envDelta=0.00049 envFloor=0.00045 onset=0.986 thresh=0.006 onsetDelta=0.97951 baseline=0.00019 adaptive=0.00049 lastPeak=0.00000 guard=0.060 activeAge=-1.000 pitch=95.24Hz pitchCents=250.5
2025-12-20 08:00:51 [tracker] [s1] aubio-raw t=11.5635 onset=1.491884 env=0.000470 peak=0.001119 gain=1.000
2025-12-20 08:00:51 [tracker] [s1] onset-accepted t=11.5635 env=0.000470 gate=0.000011 envDelta=0.000460 envFloor=0.000450 onset=1.491884 thresh=0.006000 onsetDelta=1.485884 baseline=0.000197 floor=0.000180 adapt=0.000491 lastPeak=0.000000 baseParam=0.000180 gateRatio=0.0550 envParam=0.000450 onsetScale=0.300 retriggerScale=1.400 guard=0.060 guardRemain=0.000 activeAge=-1.000 retrigRemain=0.000 pitchHz=-1.00 pitchCents=0.0
2025-12-20 08:00:51 [tracker] [s1] onset t=11.563 env=0.00047 gate=0.00001 envDelta=0.00046 envFloor=0.00045 onset=1.492 thresh=0.006 onsetDelta=1.48588 baseline=0.00020 adaptive=0.00049 lastPeak=0.00000 guard=0.060 activeAge=-1.000 pitch=-1.00Hz pitchCents=0.0
2025-12-20 08:00:51 [tracker] [s2] onset t=11.574 env=0.00078 gate=0.00000 envDelta=0.00078 envFloor=0.00044 onset=1.006 thresh=0.009 onsetDelta=0.99663 baseline=0.00029 adaptive=0.00074 lastPeak=0.00019 guard=0.060 activeAge=-1.000 pitch=100.00Hz pitchCents=-165.0
2025-12-20 08:00:51 [tracker] [s3] onset t=11.598 env=0.00093 gate=0.00004 envDelta=0.00089 envFloor=0.00065 onset=0.965 thresh=0.012 onsetDelta=0.95313 baseline=0.00031 adaptive=0.00078 lastPeak=0.00000 guard=0.060 activeAge=-1.000 pitch=-1.00Hz pitchCents=0.0
2025-12-20 08:00:51 [tracker] [s3] onset t=11.697 env=0.00071 gate=0.00004 envDelta=0.00067 envFloor=0.00065 onset=0.841 thresh=0.012 onsetDelta=0.82933 baseline=0.00033 adaptive=0.00082 lastPeak=0.00000 guard=0.060 activeAge=-1.000 pitch=-1.00Hz pitchCents=0.0
2025-12-20 08:00:51 [tracker] [s4] onset t=11.838 env=0.00101 gate=0.00006 envDelta=0.00095 envFloor=0.00078 onset=0.995 thresh=0.014 onsetDelta=0.98074 baseline=0.00036 adaptive=0.00090 lastPeak=0.00000 guard=0.060 activeAge=-1.000 pitch=-1.00Hz pitchCents=0.0
2025-12-20 08:00:51 [tracker] [s1] aubio-raw t=12.0061 onset=1.064138 env=0.000596 peak=0.001304 gain=1.000
2025-12-20 08:00:51 [tracker] [s1] onset-accepted t=12.0061 env=0.000596 gate=0.000011 envDelta=0.000585 envFloor=0.000450 onset=1.064138 thresh=0.006000 onsetDelta=1.058138 baseline=0.000208 floor=0.000180 adapt=0.000521 lastPeak=0.000000 baseParam=0.000180 gateRatio=0.0550 envParam=0.000450 onsetScale=0.300 retriggerScale=1.400 guard=0.060 guardRemain=0.000 activeAge=-1.000 retrigRemain=0.000 pitchHz=94.11 pitchCents=229.9
2025-12-20 08:00:51 [tracker] [s1] onset t=12.006 env=0.00060 gate=0.00001 envDelta=0.00058 envFloor=0.00045 onset=1.064 thresh=0.006 onsetDelta=1.05814 baseline=0.00021 adaptive=0.00052 lastPeak=0.00000 guard=0.060 activeAge=-1.000 pitch=94.11Hz pitchCents=229.9
2025-12-20 08:00:51 [tracker] [s5] onset t=12.009 env=0.00110 gate=0.00008 envDelta=0.00102 envFloor=0.00090 onset=0.784 thresh=0.016 onsetDelta=0.76825 baseline=0.00039 adaptive=0.00097 lastPeak=0.00000 guard=0.060 activeAge=-1.000 pitch=-1.00Hz pitchCents=0.0
2025-12-20 08:00:51 [tracker] [s2] onset t=12.025 env=0.00066 gate=0.00000 envDelta=0.00066 envFloor=0.00038 onset=0.673 thresh=0.009 onsetDelta=0.66448 baseline=0.00025 adaptive=0.00064 lastPeak=0.00008 guard=0.060 activeAge=-1.000 pitch=170.19Hz pitchCents=755.6
2025-12-20 08:00:51 [tracker] [s1] aubio-raw t=12.1155 onset=1.115817 env=0.000352 peak=0.000857 gain=1.000
2025-12-20 08:00:51 [tracker] [s1] onset-below-env-floor t=12.1155 env=0.000352 gate=0.000011 envDelta=0.000341 envFloor=0.000450 onset=1.115817 thresh=0.006000 onsetDelta=1.109817 baseline=0.000194 floor=0.000180 adapt=0.000485 lastPeak=0.000000 baseParam=0.000180 gateRatio=0.0550 envParam=0.000450 onsetScale=0.300 retriggerScale=1.400 guard=0.060 guardRemain=0.000 activeAge=-1.000 retrigRemain=0.000 pitchHz=242.42 pitchCents=1868.0
2025-12-20 08:00:51 [tracker] [s2] onset t=12.129 env=0.00085 gate=0.00000 envDelta=0.00085 envFloor=0.00042 onset=0.821 thresh=0.009 onsetDelta=0.81174 baseline=0.00028 adaptive=0.00069 lastPeak=0.00007 guard=0.060 activeAge=-1.000 pitch=320.01Hz pitchCents=1848.7
2025-12-20 08:00:51 [tracker] [s4] onset t=12.246 env=0.00081 gate=0.00006 envDelta=0.00075 envFloor=0.00078 onset=1.020 thresh=0.014 onsetDelta=1.00643 baseline=0.00034 adaptive=0.00085 lastPeak=0.00000 guard=0.060 activeAge=-1.000 pitch=-1.00Hz pitchCents=0.0
2025-12-20 08:00:51 [tracker] [s2] onset t=12.257 env=0.00105 gate=0.00000 envDelta=0.00104 envFloor=0.00049 onset=0.839 thresh=0.009 onsetDelta=0.83008 baseline=0.00033 adaptive=0.00082 lastPeak=0.00005 guard=0.060 activeAge=-1.000 pitch=-1.00Hz pitchCents=0.0
2025-12-20 08:00:52 [tracker] [s1] aubio-raw t=12.6301 onset=1.405152 env=0.000273 peak=0.000799 gain=1.000
2025-12-20 08:00:52 [tracker] [s1] onset-below-env-floor t=12.6301 env=0.000273 gate=0.000010 envDelta=0.000263 envFloor=0.000450 onset=1.405152 thresh=0.006000 onsetDelta=1.399152 baseline=0.000182 floor=0.000180 adapt=0.000455 lastPeak=0.000000 baseParam=0.000180 gateRatio=0.0550 envParam=0.000450 onsetScale=0.300 retriggerScale=1.400 guard=0.060 guardRemain=0.000 activeAge=-1.000 retrigRemain=0.000 pitchHz=-1.00 pitchCents=0.0
2025-12-20 08:00:52 [tracker] [s4] onset t=12.675 env=0.00086 gate=0.00006 envDelta=0.00080 envFloor=0.00078 onset=1.022 thresh=0.014 onsetDelta=1.00819 baseline=0.00035 adaptive=0.00086 lastPeak=0.00000 guard=0.060 activeAge=-1.000 pitch=-1.00Hz pitchCents=0.0
2025-12-20 08:00:52 [tracker] [s2] onset t=12.721 env=0.00056 gate=0.00000 envDelta=0.00056 envFloor=0.00042 onset=0.999 thresh=0.009 onsetDelta=0.99004 baseline=0.00028 adaptive=0.00070 lastPeak=0.00002 guard=0.060 activeAge=-1.000 pitch=170.20Hz pitchCents=755.7
2025-12-20 08:00:52 [tracker] [s2] note-start t=12.721 fret=10 midi=55 vel=0.01 env=0.00056
2025-12-20 08:00:52 [tracker] [s6] onset t=12.902 env=0.00108 gate=0.00010 envDelta=0.00097 envFloor=0.00105 onset=0.755 thresh=0.018 onsetDelta=0.73697 baseline=0.00042 adaptive=0.00094 lastPeak=0.00000 guard=0.060 activeAge=-1.000 pitch=324.95Hz pitchCents=-24.7
2025-12-20 08:00:52 [tracker] [s2] onset t=12.913 env=0.00069 gate=0.00000 envDelta=0.00069 envFloor=0.00042 onset=0.998 thresh=0.009 onsetDelta=0.98854 baseline=0.00035 adaptive=0.00070 lastPeak=0.00039 guard=0.060 activeAge=0.192 pitch=-1.00Hz pitchCents=0.0
2025-12-20 08:00:52 [tracker] [s1] aubio-raw t=12.9447 onset=0.994513 env=0.000665 peak=0.001436 gain=1.000
2025-12-20 08:00:52 [tracker] [s1] onset-accepted t=12.9447 env=0.000665 gate=0.000011 envDelta=0.000655 envFloor=0.000450 onset=0.994513 thresh=0.006000 onsetDelta=0.988513 baseline=0.000194 floor=0.000180 adapt=0.000484 lastPeak=0.000000 baseParam=0.000180 gateRatio=0.0550 envParam=0.000450 onsetScale=0.300 retriggerScale=1.400 guard=0.060 guardRemain=0.000 activeAge=-1.000 retrigRemain=0.000 pitchHz=-1.00 pitchCents=0.0
2025-12-20 08:00:52 [tracker] [s1] onset t=12.945 env=0.00067 gate=0.00001 envDelta=0.00065 envFloor=0.00045 onset=0.995 thresh=0.006 onsetDelta=0.98851 baseline=0.00019 adaptive=0.00048 lastPeak=0.00000 guard=0.060 activeAge=-1.000 pitch=-1.00Hz pitchCents=0.0
2025-12-20 08:00:52 [tracker] [s2] onset t=13.182 env=0.00054 gate=0.00000 envDelta=0.00054 envFloor=0.00041 onset=1.164 thresh=0.009 onsetDelta=1.15515 baseline=0.00027 adaptive=0.00068 lastPeak=0.00024 guard=0.060 activeAge=-1.000 pitch=148.13Hz pitchCents=515.2
2025-12-20 08:00:52 [tracker] [s2] note-start t=13.182 fret=0 midi=45 vel=0.01 env=0.00054
2025-12-20 08:00:52 [tracker] [s1] aubio-raw t=13.2194 onset=1.062047 env=0.000581 peak=0.001438 gain=1.000
2025-12-20 08:00:52 [tracker] [s1] onset-accepted t=13.2194 env=0.000581 gate=0.000011 envDelta=0.000570 envFloor=0.000450 onset=1.062047 thresh=0.006000 onsetDelta=1.056047 baseline=0.000196 floor=0.000180 adapt=0.000489 lastPeak=0.000000 baseParam=0.000180 gateRatio=0.0550 envParam=0.000450 onsetScale=0.300 retriggerScale=1.400 guard=0.060 guardRemain=0.000 activeAge=-1.000 retrigRemain=0.000 pitchHz=-1.00 pitchCents=0.0
2025-12-20 08:00:52 [tracker] [s1] onset t=13.219 env=0.00058 gate=0.00001 envDelta=0.00057 envFloor=0.00045 onset=1.062 thresh=0.006 onsetDelta=1.05605 baseline=0.00020 adaptive=0.00049 lastPeak=0.00000 guard=0.060 activeAge=-1.000 pitch=-1.00Hz pitchCents=0.0
2025-12-20 08:00:52 [tracker] [s1] aubio-raw t=13.3394 onset=0.992687 env=0.000225 peak=0.000452 gain=1.000
2025-12-20 08:00:52 [tracker] [s1] onset-below-env-floor t=13.3394 env=0.000225 gate=0.000010 envDelta=0.000214 envFloor=0.000450 onset=0.992687 thresh=0.006000 onsetDelta=0.986687 baseline=0.000185 floor=0.000180 adapt=0.000462 lastPeak=0.000000 baseParam=0.000180 gateRatio=0.0550 envParam=0.000450 onsetScale=0.300 retriggerScale=1.400 guard=0.060 guardRemain=0.000 activeAge=-1.000 retrigRemain=0.000 pitchHz=-1.00 pitchCents=0.0
2025-12-20 08:00:52 [tracker] [s5] onset t=13.385 env=0.00100 gate=0.00008 envDelta=0.00092 envFloor=0.00090 onset=1.220 thresh=0.016 onsetDelta=1.20411 baseline=0.00038 adaptive=0.00096 lastPeak=0.00000 guard=0.060 activeAge=-1.000 pitch=-1.00Hz pitchCents=0.0
2025-12-20 08:00:53 [tracker] [s2] onset t=13.763 env=0.00080 gate=0.00000 envDelta=0.00080 envFloor=0.00043 onset=1.180 thresh=0.009 onsetDelta=1.17051 baseline=0.00029 adaptive=0.00071 lastPeak=0.00018 guard=0.060 activeAge=0.581 pitch=-1.00Hz pitchCents=0.0
2025-12-20 08:00:53 [tracker] [s2] note-ended (new onset) t=13.763 fret=0 dur=0.581
2025-12-20 08:00:53 [tracker] [s1] aubio-raw t=13.7660 onset=0.795730 env=0.000253 peak=0.000541 gain=1.000
2025-12-20 08:00:53 [tracker] [s1] onset-below-env-floor t=13.7660 env=0.000253 gate=0.000010 envDelta=0.000243 envFloor=0.000450 onset=0.795730 thresh=0.006000 onsetDelta=0.789730 baseline=0.000185 floor=0.000180 adapt=0.000463 lastPeak=0.000000 baseParam=0.000180 gateRatio=0.0550 envParam=0.000450 onsetScale=0.300 retriggerScale=1.400 guard=0.060 guardRemain=0.000 activeAge=-1.000 retrigRemain=0.000 pitchHz=-1.00 pitchCents=0.0
2025-12-20 08:00:53 [tracker] [s4] onset t=13.782 env=0.00117 gate=0.00006 envDelta=0.00111 envFloor=0.00078 onset=0.956 thresh=0.014 onsetDelta=0.94171 baseline=0.00036 adaptive=0.00091 lastPeak=0.00000 guard=0.060 activeAge=-1.000 pitch=-1.00Hz pitchCents=0.0
2025-12-20 08:00:53 [tracker] [s3] onset t=13.990 env=0.00071 gate=0.00004 envDelta=0.00067 envFloor=0.00065 onset=1.382 thresh=0.012 onsetDelta=1.37013 baseline=0.00032 adaptive=0.00079 lastPeak=0.00000 guard=0.060 activeAge=-1.000 pitch=-1.00Hz pitchCents=0.0
2025-12-20 08:00:53 [tracker] [s1] aubio-raw t=14.0860 onset=1.012214 env=0.000557 peak=0.001136 gain=1.000
2025-12-20 08:00:53 [tracker] [s1] onset-accepted t=14.0860 env=0.000557 gate=0.000011 envDelta=0.000546 envFloor=0.000450 onset=1.012214 thresh=0.006000 onsetDelta=1.006214 baseline=0.000204 floor=0.000180 adapt=0.000509 lastPeak=0.000000 baseParam=0.000180 gateRatio=0.0550 envParam=0.000450 onsetScale=0.300 retriggerScale=1.400 guard=0.060 guardRemain=0.000 activeAge=-1.000 retrigRemain=0.000 pitchHz=-1.00 pitchCents=0.0
2025-12-20 08:00:53 [tracker] [s1] onset t=14.086 env=0.00056 gate=0.00001 envDelta=0.00055 envFloor=0.00045 onset=1.012 thresh=0.006 onsetDelta=1.00621 baseline=0.00020 adaptive=0.00051 lastPeak=0.00000 guard=0.060 activeAge=-1.000 pitch=-1.00Hz pitchCents=0.0
2025-12-20 08:00:53 [tracker] [s4] onset t=14.163 env=0.00082 gate=0.00006 envDelta=0.00077 envFloor=0.00078 onset=1.030 thresh=0.014 onsetDelta=1.01587 baseline=0.00034 adaptive=0.00085 lastPeak=0.00000 guard=0.060 activeAge=-1.000 pitch=-1.00Hz pitchCents=0.0
2025-12-20 08:00:53 [tracker] [s3] onset t=14.182 env=0.00065 gate=0.00004 envDelta=0.00061 envFloor=0.00065 onset=0.992 thresh=0.012 onsetDelta=0.98032 baseline=0.00032 adaptive=0.00080 lastPeak=0.00000 guard=0.060 activeAge=-1.000 pitch=-1.00Hz pitchCents=0.0
2025-12-20 08:00:54 [tracker] [s3] onset t=14.411 env=0.00083 gate=0.00004 envDelta=0.00079 envFloor=0.00065 onset=0.986 thresh=0.012 onsetDelta=0.97424 baseline=0.00030 adaptive=0.00074 lastPeak=0.00000 guard=0.060 activeAge=-1.000 pitch=-1.00Hz pitchCents=0.0
2025-12-20 08:00:54 [tracker] [s1] aubio-raw t=14.6726 onset=1.487896 env=0.000297 peak=0.000658 gain=1.000
2025-12-20 08:00:54 [tracker] [s1] onset-below-env-floor t=14.6726 env=0.000297 gate=0.000011 envDelta=0.000285 envFloor=0.000450 onset=1.487896 thresh=0.006000 onsetDelta=1.481896 baseline=0.000204 floor=0.000180 adapt=0.000511 lastPeak=0.000000 baseParam=0.000180 gateRatio=0.0550 envParam=0.000450 onsetScale=0.300 retriggerScale=1.400 guard=0.060 guardRemain=0.000 activeAge=-1.000 retrigRemain=0.000 pitchHz=126.99 pitchCents=748.6
2025-12-20 08:00:54 [tracker] [s3] onset t=14.739 env=0.00091 gate=0.00004 envDelta=0.00086 envFloor=0.00065 onset=0.996 thresh=0.012 onsetDelta=0.98428 baseline=0.00034 adaptive=0.00084 lastPeak=0.00000 guard=0.060 activeAge=-1.000 pitch=-1.00Hz pitchCents=0.0
2025-12-20 08:00:54 [tracker] [s1] aubio-raw t=14.9473 onset=1.092704 env=0.000254 peak=0.000767 gain=1.000
2025-12-20 08:00:54 [tracker] [s1] onset-below-env-floor t=14.9473 env=0.000254 gate=0.000012 envDelta=0.000242 envFloor=0.000450 onset=1.092704 thresh=0.006000 onsetDelta=1.086704 baseline=0.000215 floor=0.000180 adapt=0.000537 lastPeak=0.000000 baseParam=0.000180 gateRatio=0.0550 envParam=0.000450 onsetScale=0.300 retriggerScale=1.400 guard=0.060 guardRemain=0.000 activeAge=-1.000 retrigRemain=0.000 pitchHz=-1.00 pitchCents=0.0
2025-12-20 08:00:54 [tracker] [s2] onset t=15.011 env=0.00063 gate=0.00000 envDelta=0.00063 envFloor=0.00044 onset=0.861 thresh=0.009 onsetDelta=0.85195 baseline=0.00029 adaptive=0.00073 lastPeak=0.00002 guard=0.060 activeAge=-1.000 pitch=235.30Hz pitchCents=1316.4
2025-12-20 08:00:54 [tracker] [s1] aubio-raw t=15.0726 onset=1.438205 env=0.000232 peak=0.000563 gain=1.000
2025-12-20 08:00:54 [tracker] [s1] onset-below-env-floor t=15.0726 env=0.000232 gate=0.000012 envDelta=0.000221 envFloor=0.000450 onset=1.438205 thresh=0.006000 onsetDelta=1.432205 baseline=0.000209 floor=0.000180 adapt=0.000523 lastPeak=0.000000 baseParam=0.000180 gateRatio=0.0550 envParam=0.000450 onsetScale=0.300 retriggerScale=1.400 guard=0.060 guardRemain=0.000 activeAge=-1.000 retrigRemain=0.000 pitchHz=-1.00 pitchCents=0.0
2025-12-20 08:00:54 [tracker] [s1] aubio-raw t=15.2299 onset=0.892990 env=0.000215 peak=0.000537 gain=1.000
2025-12-20 08:00:54 [tracker] [s1] onset-below-env-floor t=15.2299 env=0.000215 gate=0.000011 envDelta=0.000204 envFloor=0.000450 onset=0.892990 thresh=0.006000 onsetDelta=0.886990 baseline=0.000193 floor=0.000180 adapt=0.000483 lastPeak=0.000000 baseParam=0.000180 gateRatio=0.0550 envParam=0.000450 onsetScale=0.300 retriggerScale=1.400 guard=0.060 guardRemain=0.000 activeAge=-1.000 retrigRemain=0.000 pitchHz=-1.00 pitchCents=0.0
2025-12-20 08:00:54 [tracker] [s4] onset t=15.249 env=0.00098 gate=0.00006 envDelta=0.00092 envFloor=0.00078 onset=0.999 thresh=0.014 onsetDelta=0.98489 baseline=0.00037 adaptive=0.00092 lastPeak=0.00000 guard=0.060 activeAge=-1.000 pitch=-1.00Hz pitchCents=0.0
2025-12-20 08:00:54 [tracker] [s5] onset t=15.331 env=0.00093 gate=0.00008 envDelta=0.00085 envFloor=0.00090 onset=1.002 thresh=0.016 onsetDelta=0.98601 baseline=0.00038 adaptive=0.00095 lastPeak=0.00000 guard=0.060 activeAge=-1.000 pitch=-1.00Hz pitchCents=0.0
2025-12-20 08:00:54 [tracker] [s2] onset t=15.347 env=0.00065 gate=0.00000 envDelta=0.00064 envFloor=0.00040 onset=1.001 thresh=0.009 onsetDelta=0.99240 baseline=0.00027 adaptive=0.00067 lastPeak=0.00001 guard=0.060 activeAge=-1.000 pitch=-1.00Hz pitchCents=0.0
2025-12-20 08:00:55 [tracker] [s2] onset t=15.505 env=0.00071 gate=0.00000 envDelta=0.00070 envFloor=0.00044 onset=0.852 thresh=0.009 onsetDelta=0.84261 baseline=0.00029 adaptive=0.00073 lastPeak=0.00001 guard=0.060 activeAge=-1.000 pitch=95.24Hz pitchCents=-249.5
2025-12-20 08:00:55 [tracker] [s1] aubio-raw t=15.5845 onset=0.994878 env=0.000439 peak=0.000875 gain=1.000
2025-12-20 08:00:55 [tracker] [s1] onset-below-env-floor t=15.5845 env=0.000439 gate=0.000010 envDelta=0.000429 envFloor=0.000450 onset=0.994878 thresh=0.006000 onsetDelta=0.988878 baseline=0.000180 floor=0.000180 adapt=0.000436 lastPeak=0.000000 baseParam=0.000180 gateRatio=0.0550 envParam=0.000450 onsetScale=0.300 retriggerScale=1.400 guard=0.060 guardRemain=0.000 activeAge=-1.000 retrigRemain=0.000 pitchHz=242.40 pitchCents=1867.8
2025-12-20 08:00:55 [tracker] [s2] onset t=15.777 env=0.00060 gate=0.00000 envDelta=0.00059 envFloor=0.00046 onset=0.999 thresh=0.009 onsetDelta=0.98957 baseline=0.00031 adaptive=0.00077 lastPeak=0.00000 guard=0.060 activeAge=-1.000 pitch=-1.00Hz pitchCents=0.0
2025-12-20 08:00:55 [tracker] [s5] onset t=15.801 env=0.00100 gate=0.00009 envDelta=0.00091 envFloor=0.00090 onset=0.864 thresh=0.016 onsetDelta=0.84756 baseline=0.00041 adaptive=0.00103 lastPeak=0.00000 guard=0.060 activeAge=-1.000 pitch=-1.00Hz pitchCents=0.0
2025-12-20 08:00:55 [tracker] [s1] aubio-raw t=15.8085 onset=1.146662 env=0.000256 peak=0.000778 gain=1.000
2025-12-20 08:00:55 [tracker] [s1] onset-below-env-floor t=15.8085 env=0.000256 gate=0.000010 envDelta=0.000246 envFloor=0.000450 onset=1.146662 thresh=0.006000 onsetDelta=1.140662 baseline=0.000180 floor=0.000180 adapt=0.000450 lastPeak=0.000000 baseParam=0.000180 gateRatio=0.0550 envParam=0.000450 onsetScale=0.300 retriggerScale=1.400 guard=0.060 guardRemain=0.000 activeAge=-1.000 retrigRemain=0.000 pitchHz=98.76 pitchCents=313.4
2025-12-20 08:00:55 [tracker] [s1] aubio-raw t=15.9019 onset=0.993801 env=0.000281 peak=0.000817 gain=1.000
2025-12-20 08:00:55 [tracker] [s1] onset-below-env-floor t=15.9019 env=0.000281 gate=0.000011 envDelta=0.000271 envFloor=0.000450 onset=0.993801 thresh=0.006000 onsetDelta=0.987801 baseline=0.000191 floor=0.000180 adapt=0.000478 lastPeak=0.000000 baseParam=0.000180 gateRatio=0.0550 envParam=0.000450 onsetScale=0.300 retriggerScale=1.400 guard=0.060 guardRemain=0.000 activeAge=-1.000 retrigRemain=0.000 pitchHz=148.14 pitchCents=1015.4
2025-12-20 08:00:55 [tracker] [s5] onset t=15.958 env=0.00092 gate=0.00008 envDelta=0.00084 envFloor=0.00090 onset=0.995 thresh=0.016 onsetDelta=0.97894 baseline=0.00037 adaptive=0.00093 lastPeak=0.00000 guard=0.060 activeAge=-1.000 pitch=-1.00Hz pitchCents=0.0
2025-12-20 08:00:55 [tracker] [s3] onset t=15.995 env=0.00073 gate=0.00004 envDelta=0.00069 envFloor=0.00065 onset=1.258 thresh=0.012 onsetDelta=1.24662 baseline=0.00030 adaptive=0.00076 lastPeak=0.00000 guard=0.060 activeAge=-1.000 pitch=-1.00Hz pitchCents=0.0
2025-12-20 08:00:55 [tracker] [s2] onset t=16.070 env=0.00046 gate=0.00000 envDelta=0.00046 envFloor=0.00046 onset=1.094 thresh=0.009 onsetDelta=1.08475 baseline=0.00030 adaptive=0.00076 lastPeak=0.00000 guard=0.060 activeAge=-1.000 pitch=-1.00Hz pitchCents=0.0
2025-12-20 08:00:56 [tracker] [s2] onset t=16.411 env=0.00068 gate=0.00000 envDelta=0.00068 envFloor=0.00047 onset=0.908 thresh=0.009 onsetDelta=0.89895 baseline=0.00031 adaptive=0.00078 lastPeak=0.00000 guard=0.060 activeAge=-1.000 pitch=-1.00Hz pitchCents=0.0
2025-12-20 08:00:56 [tracker] [s4] onset t=16.419 env=0.00082 gate=0.00006 envDelta=0.00077 envFloor=0.00078 onset=0.995 thresh=0.014 onsetDelta=0.98134 baseline=0.00034 adaptive=0.00085 lastPeak=0.00000 guard=0.060 activeAge=-1.000 pitch=-1.00Hz pitchCents=0.0
2025-12-20 08:00:56 [tracker] [s1] aubio-raw t=16.4565 onset=0.991195 env=0.000690 peak=0.001237 gain=1.000
2025-12-20 08:00:56 [tracker] [s1] onset-accepted t=16.4565 env=0.000690 gate=0.000010 envDelta=0.000680 envFloor=0.000450 onset=0.991195 thresh=0.006000 onsetDelta=0.985195 baseline=0.000190 floor=0.000180 adapt=0.000474 lastPeak=0.000000 baseParam=0.000180 gateRatio=0.0550 envParam=0.000450 onsetScale=0.300 retriggerScale=1.400 guard=0.060 guardRemain=0.000 activeAge=-1.000 retrigRemain=0.000 pitchHz=-1.00 pitchCents=0.0
2025-12-20 08:00:56 [tracker] [s1] onset t=16.456 env=0.00069 gate=0.00001 envDelta=0.00068 envFloor=0.00045 onset=0.991 thresh=0.006 onsetDelta=0.98519 baseline=0.00019 adaptive=0.00047 lastPeak=0.00000 guard=0.060 activeAge=-1.000 pitch=-1.00Hz pitchCents=0.0
2025-12-20 08:00:56 [tracker] [s2] onset t=16.659 env=0.00053 gate=0.00000 envDelta=0.00052 envFloor=0.00042 onset=1.281 thresh=0.009 onsetDelta=1.27196 baseline=0.00028 adaptive=0.00070 lastPeak=0.00000 guard=0.060 activeAge=-1.000 pitch=94.11Hz pitchCents=-270.0
2025-12-20 08:00:56 [tracker] [s3] onset t=16.680 env=0.00071 gate=0.00004 envDelta=0.00067 envFloor=0.00065 onset=0.794 thresh=0.012 onsetDelta=0.78264 baseline=0.00030 adaptive=0.00076 lastPeak=0.00000 guard=0.060 activeAge=-1.000 pitch=-1.00Hz pitchCents=0.0
2025-12-20 08:00:56 [tracker] [s3] onset t=16.739 env=0.00107 gate=0.00004 envDelta=0.00103 envFloor=0.00065 onset=0.723 thresh=0.012 onsetDelta=0.71154 baseline=0.00031 adaptive=0.00077 lastPeak=0.00000 guard=0.060 activeAge=-1.000 pitch=-1.00Hz pitchCents=0.0
2025-12-20 08:00:56 [tracker] [s6] onset t=16.795 env=0.00112 gate=0.00010 envDelta=0.00102 envFloor=0.00105 onset=1.348 thresh=0.018 onsetDelta=1.33007 baseline=0.00042 adaptive=0.00103 lastPeak=0.00000 guard=0.060 activeAge=-1.000 pitch=246.02Hz pitchCents=-506.5
2025-12-20 08:00:56 [tracker] [s5] onset t=16.806 env=0.00100 gate=0.00009 envDelta=0.00091 envFloor=0.00090 onset=1.142 thresh=0.016 onsetDelta=1.12608 baseline=0.00042 adaptive=0.00105 lastPeak=0.00000 guard=0.060 activeAge=-1.000 pitch=-1.00Hz pitchCents=0.0
2025-12-20 08:00:56 [tracker] [s1] aubio-raw t=16.8964 onset=0.937628 env=0.000289 peak=0.000644 gain=1.000
2025-12-20 08:00:56 [tracker] [s1] onset-below-env-floor t=16.8964 env=0.000289 gate=0.000011 envDelta=0.000277 envFloor=0.000450 onset=0.937628 thresh=0.006000 onsetDelta=0.931628 baseline=0.000204 floor=0.000180 adapt=0.000509 lastPeak=0.000000 baseParam=0.000180 gateRatio=0.0550 envParam=0.000450 onsetScale=0.300 retriggerScale=1.400 guard=0.060 guardRemain=0.000 activeAge=-1.000 retrigRemain=0.000 pitchHz=296.31 pitchCents=2215.5
2025-12-20 08:00:56 [tracker] [s4] onset t=16.920 env=0.00113 gate=0.00006 envDelta=0.00107 envFloor=0.00078 onset=0.987 thresh=0.014 onsetDelta=0.97258 baseline=0.00036 adaptive=0.00091 lastPeak=0.00000 guard=0.060 activeAge=-1.000 pitch=-1.00Hz pitchCents=0.0
2025-12-20 08:00:56 [tracker] [s4] onset t=17.128 env=0.00083 gate=0.00006 envDelta=0.00077 envFloor=0.00078 onset=0.574 thresh=0.014 onsetDelta=0.55959 baseline=0.00033 adaptive=0.00083 lastPeak=0.00000 guard=0.060 activeAge=-1.000 pitch=-1.00Hz pitchCents=0.0
2025-12-20 08:00:56 [tracker] [s1] aubio-raw t=17.1391 onset=0.889570 env=0.000511 peak=0.000984 gain=1.000
2025-12-20 08:00:56 [tracker] [s1] onset-accepted t=17.1391 env=0.000511 gate=0.000010 envDelta=0.000501 envFloor=0.000450 onset=0.889570 thresh=0.006000 onsetDelta=0.883570 baseline=0.000180 floor=0.000180 adapt=0.000439 lastPeak=0.000000 baseParam=0.000180 gateRatio=0.0550 envParam=0.000450 onsetScale=0.300 retriggerScale=1.400 guard=0.060 guardRemain=0.000 activeAge=-1.000 retrigRemain=0.000 pitchHz=-1.00 pitchCents=0.0
2025-12-20 08:00:56 [tracker] [s1] onset t=17.139 env=0.00051 gate=0.00001 envDelta=0.00050 envFloor=0.00045 onset=0.890 thresh=0.006 onsetDelta=0.88357 baseline=0.00018 adaptive=0.00044 lastPeak=0.00000 guard=0.060 activeAge=-1.000 pitch=-1.00Hz pitchCents=0.0
2025-12-20 08:00:56 [tracker] [s3] onset t=17.216 env=0.00086 gate=0.00004 envDelta=0.00081 envFloor=0.00065 onset=1.088 thresh=0.012 onsetDelta=1.07649 baseline=0.00032 adaptive=0.00080 lastPeak=0.00000 guard=0.060 activeAge=-1.000 pitch=-1.00Hz pitchCents=0.0
2025-12-20 08:00:56 [tracker] [s2] onset t=17.278 env=0.00079 gate=0.00000 envDelta=0.00079 envFloor=0.00045 onset=0.997 thresh=0.009 onsetDelta=0.98821 baseline=0.00030 adaptive=0.00074 lastPeak=0.00000 guard=0.060 activeAge=-1.000 pitch=-1.00Hz pitchCents=0.0
2025-12-20 08:00:57 [tracker] [s2] onset t=17.499 env=0.00053 gate=0.00000 envDelta=0.00052 envFloor=0.00044 onset=0.997 thresh=0.009 onsetDelta=0.98805 baseline=0.00029 adaptive=0.00074 lastPeak=0.00000 guard=0.060 activeAge=-1.000 pitch=95.24Hz pitchCents=-249.5
2025-12-20 08:00:57 [tracker] [s1] aubio-raw t=17.5257 onset=1.074484 env=0.000288 peak=0.000790 gain=1.000
2025-12-20 08:00:57 [tracker] [s1] onset-below-env-floor t=17.5257 env=0.000288 gate=0.000010 envDelta=0.000278 envFloor=0.000450 onset=1.074484 thresh=0.006000 onsetDelta=1.068483 baseline=0.000180 floor=0.000180 adapt=0.000432 lastPeak=0.000000 baseParam=0.000180 gateRatio=0.0550 envParam=0.000450 onsetScale=0.300 retriggerScale=1.400 guard=0.060 guardRemain=0.000 activeAge=-1.000 retrigRemain=0.000 pitchHz=-1.00 pitchCents=0.0
2025-12-20 08:00:57 [tracker] [s2] onset t=17.598 env=0.00045 gate=0.00000 envDelta=0.00045 envFloor=0.00040 onset=1.217 thresh=0.009 onsetDelta=1.20827 baseline=0.00027 adaptive=0.00067 lastPeak=0.00000 guard=0.060 activeAge=-1.000 pitch=121.21Hz pitchCents=168.0
2025-12-20 08:00:57 [tracker] [s1] aubio-raw t=17.6751 onset=0.992600 env=0.000625 peak=0.001270 gain=1.000
2025-12-20 08:00:57 [tracker] [s1] onset-accepted t=17.6751 env=0.000625 gate=0.000011 envDelta=0.000614 envFloor=0.000450 onset=0.992600 thresh=0.006000 onsetDelta=0.986600 baseline=0.000196 floor=0.000180 adapt=0.000491 lastPeak=0.000000 baseParam=0.000180 gateRatio=0.0550 envParam=0.000450 onsetScale=0.300 retriggerScale=1.400 guard=0.060 guardRemain=0.000 activeAge=-1.000 retrigRemain=0.000 pitchHz=109.59 pitchCents=493.5
2025-12-20 08:00:57 [tracker] [s1] onset t=17.675 env=0.00062 gate=0.00001 envDelta=0.00061 envFloor=0.00045 onset=0.993 thresh=0.006 onsetDelta=0.98660 baseline=0.00020 adaptive=0.00049 lastPeak=0.00000 guard=0.060 activeAge=-1.000 pitch=109.59Hz pitchCents=493.5
2025-12-20 08:00:57 [tracker] [s1] aubio-raw t=17.9204 onset=1.192738 env=0.000499 peak=0.001060 gain=1.000
2025-12-20 08:00:57 [tracker] [s1] onset-accepted t=17.9204 env=0.000499 gate=0.000011 envDelta=0.000488 envFloor=0.000450 onset=1.192738 thresh=0.006000 onsetDelta=1.186738 baseline=0.000195 floor=0.000180 adapt=0.000487 lastPeak=0.000000 baseParam=0.000180 gateRatio=0.0550 envParam=0.000450 onsetScale=0.300 retriggerScale=1.400 guard=0.060 guardRemain=0.000 activeAge=-1.000 retrigRemain=0.000 pitchHz=137.93 pitchCents=891.7
2025-12-20 08:00:57 [tracker] [s1] onset t=17.920 env=0.00050 gate=0.00001 envDelta=0.00049 envFloor=0.00045 onset=1.193 thresh=0.006 onsetDelta=1.18674 baseline=0.00019 adaptive=0.00049 lastPeak=0.00000 guard=0.060 activeAge=-1.000 pitch=137.93Hz pitchCents=891.7
2025-12-20 08:00:57 [tracker] [s1] aubio-raw t=18.0404 onset=0.995750 env=0.000516 peak=0.000962 gain=1.000
2025-12-20 08:00:57 [tracker] [s1] onset-accepted t=18.0404 env=0.000516 gate=0.000012 envDelta=0.000505 envFloor=0.000450 onset=0.995750 thresh=0.006000 onsetDelta=0.989750 baseline=0.000211 floor=0.000180 adapt=0.000527 lastPeak=0.000000 baseParam=0.000180 gateRatio=0.0550 envParam=0.000450 onsetScale=0.300 retriggerScale=1.400 guard=0.060 guardRemain=0.000 activeAge=-1.000 retrigRemain=0.000 pitchHz=-1.00 pitchCents=0.0
2025-12-20 08:00:57 [tracker] [s1] onset t=18.040 env=0.00052 gate=0.00001 envDelta=0.00050 envFloor=0.00045 onset=0.996 thresh=0.006 onsetDelta=0.98975 baseline=0.00021 adaptive=0.00053 lastPeak=0.00000 guard=0.060 activeAge=-1.000 pitch=-1.00Hz pitchCents=0.0
2025-12-20 08:00:57 [tracker] [s3] onset t=18.110 env=0.00065 gate=0.00004 envDelta=0.00062 envFloor=0.00065 onset=1.373 thresh=0.012 onsetDelta=1.36109 baseline=0.00030 adaptive=0.00075 lastPeak=0.00000 guard=0.060 activeAge=-1.000 pitch=-1.00Hz pitchCents=0.0
2025-12-20 08:00:57 [tracker] [s1] aubio-raw t=18.1977 onset=1.045824 env=0.000269 peak=0.000659 gain=1.000
2025-12-20 08:00:57 [tracker] [s1] onset-below-env-floor t=18.1977 env=0.000269 gate=0.000012 envDelta=0.000257 envFloor=0.000450 onset=1.045824 thresh=0.006000 onsetDelta=1.039824 baseline=0.000210 floor=0.000180 adapt=0.000525 lastPeak=0.000000 baseParam=0.000180 gateRatio=0.0550 envParam=0.000450 onsetScale=0.300 retriggerScale=1.400 guard=0.060 guardRemain=0.000 activeAge=-1.000 retrigRemain=0.000 pitchHz=100.00 pitchCents=335.1
2025-12-20 08:00:57 [tracker] [s1] aubio-raw t=18.3470 onset=1.070097 env=0.000250 peak=0.000699 gain=1.000
2025-12-20 08:00:57 [tracker] [s1] onset-below-env-floor t=18.3470 env=0.000250 gate=0.000011 envDelta=0.000239 envFloor=0.000450 onset=1.070097 thresh=0.006000 onsetDelta=1.064097 baseline=0.000200 floor=0.000180 adapt=0.000500 lastPeak=0.000000 baseParam=0.000180 gateRatio=0.0550 envParam=0.000450 onsetScale=0.300 retriggerScale=1.400 guard=0.060 guardRemain=0.000 activeAge=-1.000 retrigRemain=0.000 pitchHz=150.94 pitchCents=1047.8
2025-12-20 08:00:57 [tracker] [s2] onset t=18.392 env=0.00045 gate=0.00000 envDelta=0.00044 envFloor=0.00044 onset=0.994 thresh=0.009 onsetDelta=0.98484 baseline=0.00030 adaptive=0.00074 lastPeak=0.00010 guard=0.060 activeAge=0.795 pitch=-1.00Hz pitchCents=0.0
2025-12-20 08:00:57 [tracker] [s2] note-ended (new onset) t=18.392 fret=2 dur=0.795
2025-12-20 08:00:58 [tracker] [s2] onset t=18.512 env=0.00098 gate=0.00000 envDelta=0.00098 envFloor=0.00048 onset=0.582 thresh=0.009 onsetDelta=0.57332 baseline=0.00032 adaptive=0.00079 lastPeak=0.00008 guard=0.060 activeAge=-1.000 pitch=444.40Hz pitchCents=2417.2
2025-12-20 08:00:58 [tracker] [s1] aubio-raw t=18.5390 onset=0.997820 env=0.000654 peak=0.001057 gain=1.000
2025-12-20 08:00:58 [tracker] [s1] onset-accepted t=18.5390 env=0.000654 gate=0.000012 envDelta=0.000643 envFloor=0.000450 onset=0.997820 thresh=0.006000 onsetDelta=0.991820 baseline=0.000215 floor=0.000180 adapt=0.000538 lastPeak=0.000000 baseParam=0.000180 gateRatio=0.0550 envParam=0.000450 onsetScale=0.300 retriggerScale=1.400 guard=0.060 guardRemain=0.000 activeAge=-1.000 retrigRemain=0.000 pitchHz=-1.00 pitchCents=0.0
2025-12-20 08:00:58 [tracker] [s1] onset t=18.539 env=0.00065 gate=0.00001 envDelta=0.00064 envFloor=0.00045 onset=0.998 thresh=0.006 onsetDelta=0.99182 baseline=0.00022 adaptive=0.00054 lastPeak=0.00000 guard=0.060 activeAge=-1.000 pitch=-1.00Hz pitchCents=0.0
2025-12-20 08:00:58 [tracker] [s1] aubio-raw t=18.6137 onset=0.999999 env=0.000456 peak=0.001339 gain=1.000
2025-12-20 08:00:58 [tracker] [s1] onset-accepted t=18.6137 env=0.000456 gate=0.000011 envDelta=0.000445 envFloor=0.000450 onset=0.999999 thresh=0.006000 onsetDelta=0.993999 baseline=0.000196 floor=0.000180 adapt=0.000489 lastPeak=0.000000 baseParam=0.000180 gateRatio=0.0550 envParam=0.000450 onsetScale=0.300 retriggerScale=1.400 guard=0.060 guardRemain=0.000 activeAge=-1.000 retrigRemain=0.000 pitchHz=137.92 pitchCents=891.6
2025-12-20 08:00:58 [tracker] [s1] onset t=18.614 env=0.00046 gate=0.00001 envDelta=0.00045 envFloor=0.00045 onset=1.000 thresh=0.006 onsetDelta=0.99400 baseline=0.00020 adaptive=0.00049 lastPeak=0.00000 guard=0.060 activeAge=-1.000 pitch=137.92Hz pitchCents=891.6
2025-12-20 08:00:58 [tracker] [s1] note-start t=18.614 fret=9 midi=49 vel=0.01 env=0.00046
2025-12-20 08:00:58 [tracker] [s5] onset t=18.651 env=0.00109 gate=0.00008 envDelta=0.00100 envFloor=0.00090 onset=0.987 thresh=0.016 onsetDelta=0.97130 baseline=0.00039 adaptive=0.00098 lastPeak=0.00000 guard=0.060 activeAge=-1.000 pitch=-1.00Hz pitchCents=0.0
2025-12-20 08:00:58 [tracker] [s1] aubio-raw t=18.6883 onset=1.222048 env=0.000503 peak=0.000971 gain=1.000
2025-12-20 08:00:58 [tracker] [s1] onset-accepted t=18.6883 env=0.000503 gate=0.000020 envDelta=0.000483 envFloor=0.000450 onset=1.222048 thresh=0.006000 onsetDelta=1.216048 baseline=0.000357 floor=0.000180 adapt=0.000473 lastPeak=0.000396 baseParam=0.000180 gateRatio=0.0550 envParam=0.000450 onsetScale=0.300 retriggerScale=1.400 guard=0.060 guardRemain=0.000 activeAge=0.075 retrigRemain=0.145 pitchHz=148.15 pitchCents=1015.4
2025-12-20 08:00:58 [tracker] [s1] onset t=18.688 env=0.00050 gate=0.00002 envDelta=0.00048 envFloor=0.00045 onset=1.222 thresh=0.006 onsetDelta=1.21605 baseline=0.00036 adaptive=0.00047 lastPeak=0.00040 guard=0.060 activeAge=0.075 pitch=148.15Hz pitchCents=1015.4
2025-12-20 08:00:58 [tracker] [s1] note-ended (new onset) t=18.688 fret=9 dur=0.075
2025-12-20 08:00:58 [tracker] [s1] aubio-raw t=18.8350 onset=0.998686 env=0.000492 peak=0.001010 gain=1.000
2025-12-20 08:00:58 [tracker] [s1] onset-accepted t=18.8350 env=0.000492 gate=0.000015 envDelta=0.000477 envFloor=0.000450 onset=0.998686 thresh=0.006000 onsetDelta=0.992686 baseline=0.000271 floor=0.000180 adapt=0.000484 lastPeak=0.000301 baseParam=0.000180 gateRatio=0.0550 envParam=0.000450 onsetScale=0.300 retriggerScale=1.400 guard=0.060 guardRemain=0.000 activeAge=-1.000 retrigRemain=0.000 pitchHz=275.87 pitchCents=2091.8
2025-12-20 08:00:58 [tracker] [s1] onset t=18.835 env=0.00049 gate=0.00001 envDelta=0.00048 envFloor=0.00045 onset=0.999 thresh=0.006 onsetDelta=0.99269 baseline=0.00027 adaptive=0.00048 lastPeak=0.00030 guard=0.060 activeAge=-1.000 pitch=275.87Hz pitchCents=2091.8
2025-12-20 08:00:58 [tracker] [s2] onset t=18.878 env=0.00057 gate=0.00000 envDelta=0.00057 envFloor=0.00042 onset=1.462 thresh=0.009 onsetDelta=1.45326 baseline=0.00028 adaptive=0.00070 lastPeak=0.00004 guard=0.060 activeAge=-1.000 pitch=163.28Hz pitchCents=683.8
2025-12-20 08:00:58 [tracker] [s4] onset t=18.934 env=0.00103 gate=0.00006 envDelta=0.00097 envFloor=0.00078 onset=0.920 thresh=0.014 onsetDelta=0.90642 baseline=0.00032 adaptive=0.00081 lastPeak=0.00000 guard=0.060 activeAge=-1.000 pitch=-1.00Hz pitchCents=0.0
2025-12-20 08:00:58 [tracker] [s2] onset t=19.011 env=0.00045 gate=0.00000 envDelta=0.00044 envFloor=0.00043 onset=0.995 thresh=0.009 onsetDelta=0.98614 baseline=0.00029 adaptive=0.00071 lastPeak=0.00003 guard=0.060 activeAge=-1.000 pitch=119.40Hz pitchCents=142.0
2025-12-20 08:00:58 [tracker] [s5] onset t=19.035 env=0.00097 gate=0.00008 envDelta=0.00089 envFloor=0.00090 onset=0.722 thresh=0.016 onsetDelta=0.70584 baseline=0.00039 adaptive=0.00098 lastPeak=0.00000 guard=0.060 activeAge=-1.000 pitch=-1.00Hz pitchCents=0.0
2025-12-20 08:00:58 [tracker] [s1] aubio-raw t=19.1789 onset=1.209338 env=0.000494 peak=0.001248 gain=1.000
2025-12-20 08:00:58 [tracker] [s1] onset-accepted t=19.1789 env=0.000494 gate=0.000011 envDelta=0.000483 envFloor=0.000450 onset=1.209338 thresh=0.006000 onsetDelta=1.203338 baseline=0.000199 floor=0.000180 adapt=0.000497 lastPeak=0.000158 baseParam=0.000180 gateRatio=0.0550 envParam=0.000450 onsetScale=0.300 retriggerScale=1.400 guard=0.060 guardRemain=0.000 activeAge=-1.000 retrigRemain=0.000 pitchHz=-1.00 pitchCents=0.0
2025-12-20 08:00:58 [tracker] [s1] onset t=19.179 env=0.00049 gate=0.00001 envDelta=0.00048 envFloor=0.00045 onset=1.209 thresh=0.006 onsetDelta=1.20334 baseline=0.00020 adaptive=0.00050 lastPeak=0.00016 guard=0.060 activeAge=-1.000 pitch=-1.00Hz pitchCents=0.0
2025-12-20 08:00:58 [tracker] [s1] aubio-raw t=19.3203 onset=0.998585 env=0.000422 peak=0.001001 gain=1.000
2025-12-20 08:00:58 [tracker] [s1] onset-below-env-floor t=19.3203 env=0.000422 gate=0.000011 envDelta=0.000411 envFloor=0.000450 onset=0.998585 thresh=0.006000 onsetDelta=0.992585 baseline=0.000199 floor=0.000180 adapt=0.000497 lastPeak=0.000121 baseParam=0.000180 gateRatio=0.0550 envParam=0.000450 onsetScale=0.300 retriggerScale=1.400 guard=0.060 guardRemain=0.000 activeAge=-1.000 retrigRemain=0.000 pitchHz=94.10 pitchCents=229.7
2025-12-20 08:00:59 [tracker] [s4] onset t=19.438 env=0.00092 gate=0.00006 envDelta=0.00087 envFloor=0.00078 onset=0.912 thresh=0.014 onsetDelta=0.89790 baseline=0.00033 adaptive=0.00081 lastPeak=0.00000 guard=0.060 activeAge=-1.000 pitch=-1.00Hz pitchCents=0.0
2025-12-20 08:00:59 [tracker] [s1] aubio-raw t=19.4909 onset=0.996083 env=0.000330 peak=0.000891 gain=1.000
2025-12-20 08:00:59 [tracker] [s1] onset-below-env-floor t=19.4909 env=0.000330 gate=0.000010 envDelta=0.000320 envFloor=0.000450 onset=0.996083 thresh=0.006000 onsetDelta=0.990083 baseline=0.000184 floor=0.000180 adapt=0.000461 lastPeak=0.000088 baseParam=0.000180 gateRatio=0.0550 envParam=0.000450 onsetScale=0.300 retriggerScale=1.400 guard=0.060 guardRemain=0.000 activeAge=-1.000 retrigRemain=0.000 pitchHz=-1.00 pitchCents=0.0
2025-12-20 08:00:59 [tracker] [s6] onset t=19.574 env=0.00114 gate=0.00010 envDelta=0.00104 envFloor=0.00105 onset=0.994 thresh=0.018 onsetDelta=0.97624 baseline=0.00042 adaptive=0.00093 lastPeak=0.00000 guard=0.060 activeAge=-1.000 pitch=204.94Hz pitchCents=-822.7
2025-12-20 08:00:59 [tracker] [s4] onset t=19.702 env=0.00081 gate=0.00005 envDelta=0.00075 envFloor=0.00078 onset=0.996 thresh=0.014 onsetDelta=0.98184 baseline=0.00032 adaptive=0.00080 lastPeak=0.00000 guard=0.060 activeAge=-1.000 pitch=-1.00Hz pitchCents=0.0
2025-12-20 08:00:59 [tracker] [s1] aubio-raw t=19.7869 onset=0.911898 env=0.000321 peak=0.000851 gain=1.000
2025-12-20 08:00:59 [tracker] [s1] onset-below-env-floor t=19.7869 env=0.000321 gate=0.000010 envDelta=0.000311 envFloor=0.000450 onset=0.911898 thresh=0.006000 onsetDelta=0.905899 baseline=0.000181 floor=0.000180 adapt=0.000453 lastPeak=0.000050 baseParam=0.000180 gateRatio=0.0550 envParam=0.000450 onsetScale=0.300 retriggerScale=1.400 guard=0.060 guardRemain=0.000 activeAge=-1.000 retrigRemain=0.000 pitchHz=94.11 pitchCents=230.0
2025-12-20 08:00:59 [tracker] [s2] onset t=19.814 env=0.00068 gate=0.00000 envDelta=0.00068 envFloor=0.00047 onset=0.997 thresh=0.009 onsetDelta=0.98801 baseline=0.00032 adaptive=0.00079 lastPeak=0.00001 guard=0.060 activeAge=-1.000 pitch=94.11Hz pitchCents=-270.1
2025-12-20 08:00:59 [tracker] [s5] onset t=20.072 env=0.00094 gate=0.00008 envDelta=0.00086 envFloor=0.00090 onset=1.002 thresh=0.016 onsetDelta=0.98615 baseline=0.00038 adaptive=0.00095 lastPeak=0.00000 guard=0.060 activeAge=-1.000 pitch=-1.00Hz pitchCents=0.0
2025-12-20 08:00:59 [tracker] [s6] onset t=20.131 env=0.00112 gate=0.00010 envDelta=0.00102 envFloor=0.00105 onset=0.998 thresh=0.018 onsetDelta=0.97968 baseline=0.00042 adaptive=0.00100 lastPeak=0.00000 guard=0.060 activeAge=-1.000 pitch=317.51Hz pitchCents=-64.8
2025-12-20 08:00:59 [tracker] [s2] onset t=20.134 env=0.00057 gate=0.00000 envDelta=0.00057 envFloor=0.00041 onset=0.941 thresh=0.009 onsetDelta=0.93184 baseline=0.00028 adaptive=0.00069 lastPeak=0.00000 guard=0.060 activeAge=-1.000 pitch=-1.00Hz pitchCents=0.0
2025-12-20 08:00:59 [tracker] [s1] aubio-raw t=20.1815 onset=0.999306 env=0.000315 peak=0.000729 gain=1.000
2025-12-20 08:00:59 [tracker] [s1] onset-below-env-floor t=20.1815 env=0.000315 gate=0.000011 envDelta=0.000304 envFloor=0.000450 onset=0.999306 thresh=0.006000 onsetDelta=0.993306 baseline=0.000191 floor=0.000180 adapt=0.000478 lastPeak=0.000024 baseParam=0.000180 gateRatio=0.0550 envParam=0.000450 onsetScale=0.300 retriggerScale=1.400 guard=0.060 guardRemain=0.000 activeAge=-1.000 retrigRemain=0.000 pitchHz=-1.00 pitchCents=0.0
2025-12-20 08:00:59 [tracker] [s1] aubio-raw t=20.2642 onset=1.137132 env=0.000551 peak=0.001437 gain=1.000
2025-12-20 08:00:59 [tracker] [s1] onset-accepted t=20.2642 env=0.000551 gate=0.000011 envDelta=0.000540 envFloor=0.000450 onset=1.137132 thresh=0.006000 onsetDelta=1.131132 baseline=0.000206 floor=0.000180 adapt=0.000514 lastPeak=0.000020 baseParam=0.000180 gateRatio=0.0550 envParam=0.000450 onsetScale=0.300 retriggerScale=1.400 guard=0.060 guardRemain=0.000 activeAge=-1.000 retrigRemain=0.000 pitchHz=-1.00 pitchCents=0.0
2025-12-20 08:00:59 [tracker] [s1] onset t=20.264 env=0.00055 gate=0.00001 envDelta=0.00054 envFloor=0.00045 onset=1.137 thresh=0.006 onsetDelta=1.13113 baseline=0.00021 adaptive=0.00051 lastPeak=0.00002 guard=0.060 activeAge=-1.000 pitch=-1.00Hz pitchCents=0.0
2025-12-20 08:00:59 [tracker] [s5] onset t=20.363 env=0.00098 gate=0.00008 envDelta=0.00090 envFloor=0.00090 onset=0.999 thresh=0.016 onsetDelta=0.98322 baseline=0.00037 adaptive=0.00093 lastPeak=0.00000 guard=0.060 activeAge=-1.000 pitch=-1.00Hz pitchCents=0.0
2025-12-20 08:00:59 [tracker] [s2] onset t=20.382 env=0.00067 gate=0.00000 envDelta=0.00067 envFloor=0.00044 onset=1.077 thresh=0.009 onsetDelta=1.06790 baseline=0.00029 adaptive=0.00074 lastPeak=0.00000 guard=0.060 activeAge=-1.000 pitch=210.52Hz pitchCents=1123.7
2025-12-20 08:01:00 [tracker] [s2] onset t=20.630 env=0.00077 gate=0.00000 envDelta=0.00077 envFloor=0.00046 onset=1.285 thresh=0.009 onsetDelta=1.27607 baseline=0.00030 adaptive=0.00076 lastPeak=0.00000 guard=0.060 activeAge=-1.000 pitch=242.42Hz pitchCents=1368.0
2025-12-20 08:01:00 [tracker] [s1] aubio-raw t=20.7015 onset=1.162906 env=0.000313 peak=0.000766 gain=1.000
2025-12-20 08:01:00 [tracker] [s1] onset-below-env-floor t=20.7015 env=0.000313 gate=0.000010 envDelta=0.000303 envFloor=0.000450 onset=1.162906 thresh=0.006000 onsetDelta=1.156906 baseline=0.000180 floor=0.000180 adapt=0.000414 lastPeak=0.000009 baseParam=0.000180 gateRatio=0.0550 envParam=0.000450 onsetScale=0.300 retriggerScale=1.400 guard=0.060 guardRemain=0.000 activeAge=-1.000 retrigRemain=0.000 pitchHz=115.94 pitchCents=591.1
2025-12-20 08:01:00 [tracker] [s2] onset t=20.702 env=0.00066 gate=0.00000 envDelta=0.00065 envFloor=0.00048 onset=1.345 thresh=0.009 onsetDelta=1.33643 baseline=0.00032 adaptive=0.00080 lastPeak=0.00000 guard=0.060 activeAge=-1.000 pitch=-1.00Hz pitchCents=0.0
2025-12-20 08:01:00 [tracker] [s5] onset t=20.792 env=0.00091 gate=0.00008 envDelta=0.00083 envFloor=0.00090 onset=1.165 thresh=0.016 onsetDelta=1.14891 baseline=0.00038 adaptive=0.00095 lastPeak=0.00000 guard=0.060 activeAge=-1.000 pitch=-1.00Hz pitchCents=0.0
2025-12-20 08:01:00 [tracker] [s5] onset t=20.955 env=0.00095 gate=0.00008 envDelta=0.00087 envFloor=0.00090 onset=1.021 thresh=0.016 onsetDelta=1.00488 baseline=0.00038 adaptive=0.00094 lastPeak=0.00000 guard=0.060 activeAge=-1.000 pitch=-1.00Hz pitchCents=0.0
2025-12-20 08:01:00 [tracker] [s2] onset t=21.195 env=0.00058 gate=0.00000 envDelta=0.00058 envFloor=0.00040 onset=0.707 thresh=0.009 onsetDelta=0.69806 baseline=0.00027 adaptive=0.00067 lastPeak=0.00000 guard=0.060 activeAge=-1.000 pitch=100.00Hz pitchCents=-165.0
2025-12-20 08:01:00 [tracker] [s5] onset t=21.344 env=0.00099 gate=0.00008 envDelta=0.00090 envFloor=0.00090 onset=0.995 thresh=0.016 onsetDelta=0.97864 baseline=0.00039 adaptive=0.00097 lastPeak=0.00000 guard=0.060 activeAge=-1.000 pitch=-1.00Hz pitchCents=0.0
2025-12-20 08:01:00 [tracker] [s3] onset t=21.384 env=0.00072 gate=0.00004 envDelta=0.00068 envFloor=0.00065 onset=1.056 thresh=0.012 onsetDelta=1.04414 baseline=0.00030 adaptive=0.00076 lastPeak=0.00000 guard=0.060 activeAge=-1.000 pitch=-1.00Hz pitchCents=0.0
2025-12-20 08:01:00 [tracker] [s1] aubio-raw t=21.3948 onset=0.984784 env=0.000355 peak=0.000831 gain=1.000
2025-12-20 08:01:00 [tracker] [s1] onset-below-env-floor t=21.3948 env=0.000355 gate=0.000010 envDelta=0.000345 envFloor=0.000450 onset=0.984784 thresh=0.006000 onsetDelta=0.978784 baseline=0.000184 floor=0.000180 adapt=0.000461 lastPeak=0.000002 baseParam=0.000180 gateRatio=0.0550 envParam=0.000450 onsetScale=0.300 retriggerScale=1.400 guard=0.060 guardRemain=0.000 activeAge=-1.000 retrigRemain=0.000 pitchHz=-1.00 pitchCents=0.0
2025-12-20 08:01:01 [tracker] [s2] onset t=21.435 env=0.00064 gate=0.00000 envDelta=0.00064 envFloor=0.00042 onset=1.125 thresh=0.009 onsetDelta=1.11628 baseline=0.00028 adaptive=0.00070 lastPeak=0.00000 guard=0.060 activeAge=-1.000 pitch=235.27Hz pitchCents=1316.2
2025-12-20 08:01:01 [tracker] [s5] onset t=21.627 env=0.00094 gate=0.00008 envDelta=0.00086 envFloor=0.00090 onset=0.884 thresh=0.016 onsetDelta=0.86777 baseline=0.00037 adaptive=0.00090 lastPeak=0.00000 guard=0.060 activeAge=-1.000 pitch=-1.00Hz pitchCents=0.0
2025-12-20 08:01:01 [tracker] [s5] onset t=21.693 env=0.00090 gate=0.00008 envDelta=0.00082 envFloor=0.00090 onset=1.001 thresh=0.016 onsetDelta=0.98522 baseline=0.00038 adaptive=0.00094 lastPeak=0.00000 guard=0.060 activeAge=-1.000 pitch=-1.00Hz pitchCents=0.0
2025-12-20 08:01:01 [tracker] [s3] onset t=21.715 env=0.00068 gate=0.00004 envDelta=0.00064 envFloor=0.00065 onset=0.995 thresh=0.012 onsetDelta=0.98326 baseline=0.00030 adaptive=0.00075 lastPeak=0.00000 guard=0.060 activeAge=-1.000 pitch=-1.00Hz pitchCents=0.0
2025-12-20 08:01:01 [tracker] [s1] aubio-raw t=21.8348 onset=0.995639 env=0.000443 peak=0.001084 gain=1.000
2025-12-20 08:01:01 [tracker] [s1] onset-below-env-floor t=21.8348 env=0.000443 gate=0.000011 envDelta=0.000432 envFloor=0.000450 onset=0.995639 thresh=0.006000 onsetDelta=0.989639 baseline=0.000207 floor=0.000180 adapt=0.000517 lastPeak=0.000001 baseParam=0.000180 gateRatio=0.0550 envParam=0.000450 onsetScale=0.300 retriggerScale=1.400 guard=0.060 guardRemain=0.000 activeAge=-1.000 retrigRemain=0.000 pitchHz=94.12 pitchCents=230.1
2025-12-20 08:01:01 [tracker] [s3] onset t=21.877 env=0.00075 gate=0.00004 envDelta=0.00071 envFloor=0.00065 onset=0.997 thresh=0.012 onsetDelta=0.98568 baseline=0.00031 adaptive=0.00078 lastPeak=0.00000 guard=0.060 activeAge=-1.000 pitch=-1.00Hz pitchCents=0.0
2025-12-20 08:01:01 [tracker] [s1] aubio-raw t=21.9761 onset=1.182726 env=0.000321 peak=0.000785 gain=1.000
2025-12-20 08:01:01 [tracker] [s1] onset-below-env-floor t=21.9761 env=0.000321 gate=0.000012 envDelta=0.000310 envFloor=0.000450 onset=1.182726 thresh=0.006000 onsetDelta=1.176726 baseline=0.000211 floor=0.000180 adapt=0.000527 lastPeak=0.000001 baseParam=0.000180 gateRatio=0.0550 envParam=0.000450 onsetScale=0.300 retriggerScale=1.400 guard=0.060 guardRemain=0.000 activeAge=-1.000 retrigRemain=0.000 pitchHz=121.20 pitchCents=667.9
2025-12-20 08:01:01 [tracker] [s1] aubio-raw t=22.1014 onset=0.976145 env=0.000242 peak=0.000678 gain=1.000
2025-12-20 08:01:01 [tracker] [s1] onset-below-env-floor t=22.1014 env=0.000242 gate=0.000011 envDelta=0.000231 envFloor=0.000450 onset=0.976145 thresh=0.006000 onsetDelta=0.970145 baseline=0.000198 floor=0.000180 adapt=0.000494 lastPeak=0.000001 baseParam=0.000180 gateRatio=0.0550 envParam=0.000450 onsetScale=0.300 retriggerScale=1.400 guard=0.060 guardRemain=0.000 activeAge=-1.000 retrigRemain=0.000 pitchHz=94.11 pitchCents=229.9
2025-12-20 08:01:01 [tracker] [s1] aubio-raw t=22.1894 onset=1.176107 env=0.000638 peak=0.001355 gain=1.000
2025-12-20 08:01:01 [tracker] [s1] onset-accepted t=22.1894 env=0.000638 gate=0.000010 envDelta=0.000628 envFloor=0.000450 onset=1.176107 thresh=0.006000 onsetDelta=1.170107 baseline=0.000187 floor=0.000180 adapt=0.000468 lastPeak=0.000001 baseParam=0.000180 gateRatio=0.0550 envParam=0.000450 onsetScale=0.300 retriggerScale=1.400 guard=0.060 guardRemain=0.000 activeAge=-1.000 retrigRemain=0.000 pitchHz=119.40 pitchCents=642.0
2025-12-20 08:01:01 [tracker] [s1] onset t=22.189 env=0.00064 gate=0.00001 envDelta=0.00063 envFloor=0.00045 onset=1.176 thresh=0.006 onsetDelta=1.17011 baseline=0.00019 adaptive=0.00047 lastPeak=0.00000 guard=0.060 activeAge=-1.000 pitch=119.40Hz pitchCents=642.0
2025-12-20 08:01:01 [tracker] [s2] onset t=22.227 env=0.00063 gate=0.00000 envDelta=0.00063 envFloor=0.00040 onset=0.795 thresh=0.009 onsetDelta=0.78644 baseline=0.00027 adaptive=0.00067 lastPeak=0.00000 guard=0.060 activeAge=-1.000 pitch=100.00Hz pitchCents=-165.1
2025-12-20 08:01:01 [tracker] [s1] aubio-raw t=22.2454 onset=1.171997 env=0.000324 peak=0.000874 gain=1.000
2025-12-20 08:01:01 [tracker] [s1] onset-below-env-floor t=22.2454 env=0.000324 gate=0.000010 envDelta=0.000314 envFloor=0.000450 onset=1.171997 thresh=0.006000 onsetDelta=1.165997 baseline=0.000180 floor=0.000180 adapt=0.000444 lastPeak=0.000000 baseParam=0.000180 gateRatio=0.0550 envParam=0.000450 onsetScale=0.300 retriggerScale=1.400 guard=0.060 guardRemain=0.000 activeAge=-1.000 retrigRemain=0.000 pitchHz=124.99 pitchCents=721.2
2025-12-20 08:01:01 [tracker] [s1] aubio-raw t=22.3041 onset=1.060281 env=0.000802 peak=0.001310 gain=1.000
2025-12-20 08:01:01 [tracker] [s1] onset-accepted t=22.3041 env=0.000802 gate=0.000012 envDelta=0.000790 envFloor=0.000450 onset=1.060281 thresh=0.006000 onsetDelta=1.054281 baseline=0.000222 floor=0.000180 adapt=0.000556 lastPeak=0.000000 baseParam=0.000180 gateRatio=0.0550 envParam=0.000450 onsetScale=0.300 retriggerScale=1.400 guard=0.060 guardRemain=0.000 activeAge=-1.000 retrigRemain=0.000 pitchHz=-1.00 pitchCents=0.0
2025-12-20 08:01:01 [tracker] [s1] onset t=22.304 env=0.00080 gate=0.00001 envDelta=0.00079 envFloor=0.00045 onset=1.060 thresh=0.006 onsetDelta=1.05428 baseline=0.00022 adaptive=0.00056 lastPeak=0.00000 guard=0.060 activeAge=-1.000 pitch=-1.00Hz pitchCents=0.0
2025-12-20 08:01:02 [tracker] [s1] aubio-raw t=22.4800 onset=0.979832 env=0.000459 peak=0.001045 gain=1.000
2025-12-20 08:01:02 [tracker] [s1] onset-accepted t=22.4800 env=0.000459 gate=0.000011 envDelta=0.000448 envFloor=0.000450 onset=0.979832 thresh=0.006000 onsetDelta=0.973832 baseline=0.000198 floor=0.000180 adapt=0.000495 lastPeak=0.000000 baseParam=0.000180 gateRatio=0.0550 envParam=0.000450 onsetScale=0.300 retriggerScale=1.400 guard=0.060 guardRemain=0.000 activeAge=-1.000 retrigRemain=0.000 pitchHz=-1.00 pitchCents=0.0
2025-12-20 08:01:02 [tracker] [s1] onset t=22.480 env=0.00046 gate=0.00001 envDelta=0.00045 envFloor=0.00045 onset=0.980 thresh=0.006 onsetDelta=0.97383 baseline=0.00020 adaptive=0.00049 lastPeak=0.00000 guard=0.060 activeAge=-1.000 pitch=-1.00Hz pitchCents=0.0
2025-12-20 08:01:02 [tracker] [s2] onset t=22.541 env=0.00049 gate=0.00000 envDelta=0.00049 envFloor=0.00042 onset=1.214 thresh=0.009 onsetDelta=1.20524 baseline=0.00028 adaptive=0.00071 lastPeak=0.00000 guard=0.060 activeAge=-1.000 pitch=347.79Hz pitchCents=1992.9
2025-12-20 08:01:02 [tracker] [s5] onset t=22.589 env=0.00101 gate=0.00008 envDelta=0.00093 envFloor=0.00090 onset=1.116 thresh=0.016 onsetDelta=1.10041 baseline=0.00040 adaptive=0.00099 lastPeak=0.00000 guard=0.060 activeAge=-1.000 pitch=-1.00Hz pitchCents=0.0
2025-12-20 08:01:02 [tracker] [s1] aubio-raw t=22.5920 onset=0.859765 env=0.000251 peak=0.000679 gain=1.000
2025-12-20 08:01:02 [tracker] [s1] onset-below-env-floor t=22.5920 env=0.000251 gate=0.000012 envDelta=0.000239 envFloor=0.000450 onset=0.859765 thresh=0.006000 onsetDelta=0.853765 baseline=0.000214 floor=0.000180 adapt=0.000534 lastPeak=0.000000 baseParam=0.000180 gateRatio=0.0550 envParam=0.000450 onsetScale=0.300 retriggerScale=1.400 guard=0.060 guardRemain=0.000 activeAge=-1.000 retrigRemain=0.000 pitchHz=-1.00 pitchCents=0.0
2025-12-20 08:01:02 [tracker] [s2] onset t=22.680 env=0.00069 gate=0.00000 envDelta=0.00069 envFloor=0.00044 onset=0.995 thresh=0.009 onsetDelta=0.98575 baseline=0.00029 adaptive=0.00073 lastPeak=0.00000 guard=0.060 activeAge=-1.000 pitch=307.74Hz pitchCents=1781.0
2025-12-20 08:01:02 [tracker] [s6] onset t=22.683 env=0.00130 gate=0.00010 envDelta=0.00119 envFloor=0.00105 onset=1.003 thresh=0.018 onsetDelta=0.98546 baseline=0.00042 adaptive=0.00096 lastPeak=0.00000 guard=0.060 activeAge=-1.000 pitch=639.94Hz pitchCents=1148.5
2025-12-20 08:01:02 [tracker] [s6] note-start t=22.683 fret=0 midi=64 vel=0.02 env=0.00130
2025-12-20 08:01:02 [tracker] [s1] aubio-raw t=22.7280 onset=0.984638 env=0.000444 peak=0.000888 gain=1.000
2025-12-20 08:01:02 [tracker] [s1] onset-below-env-floor t=22.7280 env=0.000444 gate=0.000010 envDelta=0.000434 envFloor=0.000450 onset=0.984638 thresh=0.006000 onsetDelta=0.978638 baseline=0.000180 floor=0.000180 adapt=0.000440 lastPeak=0.000000 baseParam=0.000180 gateRatio=0.0550 envParam=0.000450 onsetScale=0.300 retriggerScale=1.400 guard=0.060 guardRemain=0.000 activeAge=-1.000 retrigRemain=0.000 pitchHz=170.20 pitchCents=1255.7
2025-12-20 08:01:02 [tracker] [s6] release-quiet t=22.747 avgEnv=0.00095 floor=0.00105 quietFrames=8
2025-12-20 08:01:02 [tracker] [s6] note-ended t=22.747 fret=0 dur=0.064
2025-12-20 08:01:02 [tracker] [s1] aubio-raw t=22.8507 onset=0.746906 env=0.000640 peak=0.001383 gain=1.000
2025-12-20 08:01:02 [tracker] [s1] onset-accepted t=22.8507 env=0.000640 gate=0.000011 envDelta=0.000630 envFloor=0.000450 onset=0.746906 thresh=0.006000 onsetDelta=0.740906 baseline=0.000194 floor=0.000180 adapt=0.000485 lastPeak=0.000000 baseParam=0.000180 gateRatio=0.0550 envParam=0.000450 onsetScale=0.300 retriggerScale=1.400 guard=0.060 guardRemain=0.000 activeAge=-1.000 retrigRemain=0.000 pitchHz=-1.00 pitchCents=0.0
2025-12-20 08:01:02 [tracker] [s1] onset t=22.851 env=0.00064 gate=0.00001 envDelta=0.00063 envFloor=0.00045 onset=0.747 thresh=0.006 onsetDelta=0.74091 baseline=0.00019 adaptive=0.00049 lastPeak=0.00000 guard=0.060 activeAge=-1.000 pitch=-1.00Hz pitchCents=0.0
2025-12-20 08:01:02 [tracker] [s4] onset t=23.013 env=0.00109 gate=0.00006 envDelta=0.00103 envFloor=0.00078 onset=0.986 thresh=0.014 onsetDelta=0.97181 baseline=0.00037 adaptive=0.00094 lastPeak=0.00000 guard=0.060 activeAge=-1.000 pitch=-1.00Hz pitchCents=0.0
2025-12-20 08:01:02 [tracker] [s5] onset t=23.192 env=0.00099 gate=0.00008 envDelta=0.00091 envFloor=0.00090 onset=1.326 thresh=0.016 onsetDelta=1.31001 baseline=0.00039 adaptive=0.00096 lastPeak=0.00000 guard=0.060 activeAge=-1.000 pitch=-1.00Hz pitchCents=0.0
2025-12-20 08:01:02 [tracker] [s1] aubio-raw t=23.2053 onset=1.000913 env=0.000304 peak=0.000904 gain=1.000
2025-12-20 08:01:02 [tracker] [s1] onset-below-env-floor t=23.2053 env=0.000304 gate=0.000010 envDelta=0.000294 envFloor=0.000450 onset=1.000913 thresh=0.006000 onsetDelta=0.994913 baseline=0.000180 floor=0.000180 adapt=0.000448 lastPeak=0.000000 baseParam=0.000180 gateRatio=0.0550 envParam=0.000450 onsetScale=0.300 retriggerScale=1.400 guard=0.060 guardRemain=0.000 activeAge=-1.000 retrigRemain=0.000 pitchHz=153.84 pitchCents=1080.7
2025-12-20 08:01:02 [tracker] [s4] onset t=23.373 env=0.00081 gate=0.00006 envDelta=0.00075 envFloor=0.00078 onset=1.228 thresh=0.014 onsetDelta=1.21352 baseline=0.00035 adaptive=0.00088 lastPeak=0.00000 guard=0.060 activeAge=-1.000 pitch=-1.00Hz pitchCents=0.0
2025-12-20 08:01:03 [tracker] [s5] onset t=23.485 env=0.00104 gate=0.00008 envDelta=0.00096 envFloor=0.00090 onset=1.228 thresh=0.016 onsetDelta=1.21194 baseline=0.00037 adaptive=0.00092 lastPeak=0.00000 guard=0.060 activeAge=-1.000 pitch=-1.00Hz pitchCents=0.0
2025-12-20 08:01:03 [tracker] [s5] onset t=23.624 env=0.00093 gate=0.00008 envDelta=0.00085 envFloor=0.00090 onset=0.788 thresh=0.016 onsetDelta=0.77184 baseline=0.00040 adaptive=0.00099 lastPeak=0.00000 guard=0.060 activeAge=-1.000 pitch=-1.00Hz pitchCents=0.0
2025-12-20 08:01:03 [tracker] [s6] onset t=23.656 env=0.00109 gate=0.00010 envDelta=0.00099 envFloor=0.00105 onset=0.937 thresh=0.018 onsetDelta=0.91872 baseline=0.00042 adaptive=0.00094 lastPeak=0.00021 guard=0.060 activeAge=-1.000 pitch=480.54Hz pitchCents=652.6
2025-12-20 08:01:03 [tracker] [s2] onset t=23.677 env=0.00074 gate=0.00000 envDelta=0.00074 envFloor=0.00042 onset=1.072 thresh=0.009 onsetDelta=1.06343 baseline=0.00028 adaptive=0.00071 lastPeak=0.00000 guard=0.060 activeAge=-1.000 pitch=96.38Hz pitchCents=-228.8
2025-12-20 08:01:03 [tracker] [s6] release-quiet t=23.720 avgEnv=0.00088 floor=0.00105 quietFrames=8
2025-12-20 08:01:03 [tracker] [s6] note-ended t=23.720 fret=5 dur=0.064
2025-12-20 08:01:03 [tracker] [s5] onset t=23.723 env=0.00094 gate=0.00008 envDelta=0.00086 envFloor=0.00090 onset=0.996 thresh=0.016 onsetDelta=0.97967 baseline=0.00037 adaptive=0.00094 lastPeak=0.00000 guard=0.060 activeAge=-1.000 pitch=-1.00Hz pitchCents=0.0
2025-12-20 08:01:03 [tracker] [s5] onset t=23.869 env=0.00091 gate=0.00008 envDelta=0.00083 envFloor=0.00090 onset=1.100 thresh=0.016 onsetDelta=1.08429 baseline=0.00038 adaptive=0.00094 lastPeak=0.00000 guard=0.060 activeAge=-1.000 pitch=-1.00Hz pitchCents=0.0
2025-12-20 08:01:03 [tracker] [s2] onset t=23.952 env=0.00077 gate=0.00000 envDelta=0.00077 envFloor=0.00047 onset=1.005 thresh=0.009 onsetDelta=0.99567 baseline=0.00040 adaptive=0.00079 lastPeak=0.00044 guard=0.060 activeAge=0.275 pitch=-1.00Hz pitchCents=0.0
2025-12-20 08:01:03 [tracker] [s2] note-ended (new onset) t=23.952 fret=0 dur=0.275
2025-12-20 08:01:03 [tracker] [s1] aubio-raw t=23.9679 onset=0.802173 env=0.000287 peak=0.000733 gain=1.000
2025-12-20 08:01:03 [tracker] [s1] onset-below-env-floor t=23.9679 env=0.000287 gate=0.000011 envDelta=0.000276 envFloor=0.000450 onset=0.802173 thresh=0.006000 onsetDelta=0.796173 baseline=0.000195 floor=0.000180 adapt=0.000488 lastPeak=0.000000 baseParam=0.000180 gateRatio=0.0550 envParam=0.000450 onsetScale=0.300 retriggerScale=1.400 guard=0.060 guardRemain=0.000 activeAge=-1.000 retrigRemain=0.000 pitchHz=-1.00 pitchCents=0.0
2025-12-20 08:01:03 [tracker] [s4] onset t=24.069 env=0.00087 gate=0.00006 envDelta=0.00082 envFloor=0.00078 onset=1.278 thresh=0.014 onsetDelta=1.26426 baseline=0.00033 adaptive=0.00083 lastPeak=0.00000 guard=0.060 activeAge=-1.000 pitch=-1.00Hz pitchCents=0.0
2025-12-20 08:01:03 [tracker] [s2] onset t=24.099 env=0.00056 gate=0.00000 envDelta=0.00055 envFloor=0.00046 onset=1.154 thresh=0.009 onsetDelta=1.14548 baseline=0.00031 adaptive=0.00077 lastPeak=0.00034 guard=0.060 activeAge=-1.000 pitch=228.56Hz pitchCents=1266.1
2025-12-20 08:01:03 [tracker] [s3] onset t=24.115 env=0.00069 gate=0.00004 envDelta=0.00065 envFloor=0.00065 onset=0.913 thresh=0.012 onsetDelta=0.90093 baseline=0.00032 adaptive=0.00080 lastPeak=0.00000 guard=0.060 activeAge=-1.000 pitch=-1.00Hz pitchCents=0.0
2025-12-20 08:01:03 [tracker] [s1] aubio-raw t=24.1759 onset=0.752512 env=0.000298 peak=0.000830 gain=1.000
2025-12-20 08:01:03 [tracker] [s1] onset-below-env-floor t=24.1759 env=0.000298 gate=0.000010 envDelta=0.000288 envFloor=0.000450 onset=0.752512 thresh=0.006000 onsetDelta=0.746512 baseline=0.000180 floor=0.000180 adapt=0.000447 lastPeak=0.000000 baseParam=0.000180 gateRatio=0.0550 envParam=0.000450 onsetScale=0.300 retriggerScale=1.400 guard=0.060 guardRemain=0.000 activeAge=-1.000 retrigRemain=0.000 pitchHz=97.56 pitchCents=292.2
2025-12-20 08:01:03 [tracker] [s1] aubio-raw t=24.2506 onset=0.997955 env=0.000385 peak=0.000750 gain=1.000
2025-12-20 08:01:03 [tracker] [s1] onset-below-env-floor t=24.2506 env=0.000385 gate=0.000011 envDelta=0.000374 envFloor=0.000450 onset=0.997955 thresh=0.006000 onsetDelta=0.991955 baseline=0.000199 floor=0.000180 adapt=0.000497 lastPeak=0.000000 baseParam=0.000180 gateRatio=0.0550 envParam=0.000450 onsetScale=0.300 retriggerScale=1.400 guard=0.060 guardRemain=0.000 activeAge=-1.000 retrigRemain=0.000 pitchHz=111.11 pitchCents=517.3
2025-12-20 08:01:03 [tracker] [s4] onset t=24.299 env=0.00083 gate=0.00006 envDelta=0.00077 envFloor=0.00078 onset=0.520 thresh=0.014 onsetDelta=0.50586 baseline=0.00033 adaptive=0.00083 lastPeak=0.00000 guard=0.060 activeAge=-1.000 pitch=-1.00Hz pitchCents=0.0
2025-12-20 08:01:03 [tracker] [s2] onset t=24.381 env=0.00054 gate=0.00000 envDelta=0.00054 envFloor=0.00038 onset=0.727 thresh=0.009 onsetDelta=0.71787 baseline=0.00026 adaptive=0.00064 lastPeak=0.00020 guard=0.060 activeAge=-1.000 pitch=103.89Hz pitchCents=-98.9
2025-12-20 08:01:04 [tracker] [s2] onset t=24.528 env=0.00060 gate=0.00000 envDelta=0.00059 envFloor=0.00044 onset=0.996 thresh=0.009 onsetDelta=0.98660 baseline=0.00029 adaptive=0.00074 lastPeak=0.00015 guard=0.060 activeAge=-1.000 pitch=181.82Hz pitchCents=870.0
2025-12-20 08:01:04 [tracker] [s1] aubio-raw t=24.6026 onset=0.920556 env=0.000462 peak=0.001091 gain=1.000
2025-12-20 08:01:04 [tracker] [s1] onset-accepted t=24.6026 env=0.000462 gate=0.000010 envDelta=0.000452 envFloor=0.000450 onset=0.920556 thresh=0.006000 onsetDelta=0.914556 baseline=0.000180 floor=0.000180 adapt=0.000439 lastPeak=0.000000 baseParam=0.000180 gateRatio=0.0550 envParam=0.000450 onsetScale=0.300 retriggerScale=1.400 guard=0.060 guardRemain=0.000 activeAge=-1.000 retrigRemain=0.000 pitchHz=186.01 pitchCents=1409.4
2025-12-20 08:01:04 [tracker] [s1] onset t=24.603 env=0.00046 gate=0.00001 envDelta=0.00045 envFloor=0.00045 onset=0.921 thresh=0.006 onsetDelta=0.91456 baseline=0.00018 adaptive=0.00044 lastPeak=0.00000 guard=0.060 activeAge=-1.000 pitch=186.01Hz pitchCents=1409.4
2025-12-20 08:01:04 [tracker] [s1] aubio-raw t=24.6745 onset=0.983940 env=0.000320 peak=0.000934 gain=1.000
2025-12-20 08:01:04 [tracker] [s1] onset-below-env-floor t=24.6745 env=0.000320 gate=0.000010 envDelta=0.000310 envFloor=0.000450 onset=0.983940 thresh=0.006000 onsetDelta=0.977940 baseline=0.000183 floor=0.000180 adapt=0.000459 lastPeak=0.000000 baseParam=0.000180 gateRatio=0.0550 envParam=0.000450 onsetScale=0.300 retriggerScale=1.400 guard=0.060 guardRemain=0.000 activeAge=-1.000 retrigRemain=0.000 pitchHz=114.28 pitchCents=566.1
2025-12-20 08:01:04 [tracker] [s4] onset t=24.795 env=0.00098 gate=0.00006 envDelta=0.00092 envFloor=0.00078 onset=0.612 thresh=0.014 onsetDelta=0.59775 baseline=0.00036 adaptive=0.00089 lastPeak=0.00000 guard=0.060 activeAge=-1.000 pitch=-1.00Hz pitchCents=0.0
2025-12-20 08:01:04 [tracker] [s1] aubio-raw t=24.8079 onset=0.803711 env=0.000334 peak=0.000822 gain=1.000
2025-12-20 08:01:04 [tracker] [s1] onset-below-env-floor t=24.8079 env=0.000334 gate=0.000010 envDelta=0.000323 envFloor=0.000450 onset=0.803711 thresh=0.006000 onsetDelta=0.797711 baseline=0.000189 floor=0.000180 adapt=0.000471 lastPeak=0.000000 baseParam=0.000180 gateRatio=0.0550 envParam=0.000450 onsetScale=0.300 retriggerScale=1.400 guard=0.060 guardRemain=0.000 activeAge=-1.000 retrigRemain=0.000 pitchHz=-1.00 pitchCents=0.0
2025-12-20 08:01:04 [tracker] [s2] onset t=25.005 env=0.00071 gate=0.00000 envDelta=0.00071 envFloor=0.00042 onset=0.992 thresh=0.009 onsetDelta=0.98268 baseline=0.00028 adaptive=0.00070 lastPeak=0.00006 guard=0.060 activeAge=-1.000 pitch=121.20Hz pitchCents=167.9
2025-12-20 08:01:04 [tracker] [s1] aubio-raw t=25.1252 onset=0.574658 env=0.000321 peak=0.000822 gain=1.000
2025-12-20 08:01:04 [tracker] [s1] onset-below-env-floor t=25.1252 env=0.000321 gate=0.000013 envDelta=0.000309 envFloor=0.000450 onset=0.574658 thresh=0.006000 onsetDelta=0.568658 baseline=0.000228 floor=0.000180 adapt=0.000569 lastPeak=0.000000 baseParam=0.000180 gateRatio=0.0550 envParam=0.000450 onsetScale=0.300 retriggerScale=1.400 guard=0.060 guardRemain=0.000 activeAge=-1.000 retrigRemain=0.000 pitchHz=94.11 pitchCents=229.8
2025-12-20 08:01:04 [tracker] [s4] onset t=25.171 env=0.00083 gate=0.00006 envDelta=0.00077 envFloor=0.00078 onset=0.987 thresh=0.014 onsetDelta=0.97285 baseline=0.00036 adaptive=0.00089 lastPeak=0.00000 guard=0.060 activeAge=-1.000 pitch=-1.00Hz pitchCents=0.0
2025-12-20 08:01:04 [tracker] [s1] aubio-raw t=25.3625 onset=0.995419 env=0.000425 peak=0.001028 gain=1.000
2025-12-20 08:01:04 [tracker] [s1] onset-below-env-floor t=25.3625 env=0.000425 gate=0.000010 envDelta=0.000415 envFloor=0.000450 onset=0.995419 thresh=0.006000 onsetDelta=0.989419 baseline=0.000190 floor=0.000180 adapt=0.000476 lastPeak=0.000000 baseParam=0.000180 gateRatio=0.0550 envParam=0.000450 onsetScale=0.300 retriggerScale=1.400 guard=0.060 guardRemain=0.000 activeAge=-1.000 retrigRemain=0.000 pitchHz=242.43 pitchCents=1868.1
2025-12-20 08:01:04 [tracker] [s6] onset t=25.362 env=0.00109 gate=0.00010 envDelta=0.00099 envFloor=0.00105 onset=0.994 thresh=0.018 onsetDelta=0.97569 baseline=0.00042 adaptive=0.00092 lastPeak=0.00004 guard=0.060 activeAge=-1.000 pitch=552.87Hz pitchCents=895.3
2025-12-20 08:01:05 [tracker] [s5] onset t=25.632 env=0.00105 gate=0.00008 envDelta=0.00097 envFloor=0.00090 onset=1.070 thresh=0.016 onsetDelta=1.05445 baseline=0.00039 adaptive=0.00098 lastPeak=0.00000 guard=0.060 activeAge=-1.000 pitch=-1.00Hz pitchCents=0.0
2025-12-20 08:01:05 [tracker] [s1] aubio-raw t=25.6371 onset=0.926127 env=0.000408 peak=0.001025 gain=1.000
2025-12-20 08:01:05 [tracker] [s1] onset-below-env-floor t=25.6371 env=0.000408 gate=0.000010 envDelta=0.000397 envFloor=0.000450 onset=0.926127 thresh=0.006000 onsetDelta=0.920127 baseline=0.000186 floor=0.000180 adapt=0.000465 lastPeak=0.000000 baseParam=0.000180 gateRatio=0.0550 envParam=0.000450 onsetScale=0.300 retriggerScale=1.400 guard=0.060 guardRemain=0.000 activeAge=-1.000 retrigRemain=0.000 pitchHz=123.07 pitchCents=694.4
2025-12-20 08:01:05 [tracker] [s3] onset t=25.816 env=0.00069 gate=0.00004 envDelta=0.00065 envFloor=0.00065 onset=1.063 thresh=0.012 onsetDelta=1.05167 baseline=0.00031 adaptive=0.00078 lastPeak=0.00000 guard=0.060 activeAge=-1.000 pitch=-1.00Hz pitchCents=0.0
2025-12-20 08:01:05 [tracker] [s2] onset t=25.888 env=0.00052 gate=0.00000 envDelta=0.00052 envFloor=0.00043 onset=0.999 thresh=0.009 onsetDelta=0.99046 baseline=0.00029 adaptive=0.00071 lastPeak=0.00001 guard=0.060 activeAge=-1.000 pitch=100.00Hz pitchCents=-165.0
2025-12-20 08:01:05 [tracker] [s1] aubio-raw t=25.9678 onset=0.956088 env=0.000441 peak=0.001158 gain=1.000
2025-12-20 08:01:05 [tracker] [s1] onset-below-env-floor t=25.9678 env=0.000441 gate=0.000011 envDelta=0.000431 envFloor=0.000450 onset=0.956088 thresh=0.006000 onsetDelta=0.950088 baseline=0.000194 floor=0.000180 adapt=0.000485 lastPeak=0.000000 baseParam=0.000180 gateRatio=0.0550 envParam=0.000450 onsetScale=0.300 retriggerScale=1.400 guard=0.060 guardRemain=0.000 activeAge=-1.000 retrigRemain=0.000 pitchHz=-1.00 pitchCents=0.0
2025-12-20 08:01:05 [tracker] [s3] onset t=26.088 env=0.00083 gate=0.00004 envDelta=0.00079 envFloor=0.00065 onset=1.039 thresh=0.012 onsetDelta=1.02754 baseline=0.00032 adaptive=0.00079 lastPeak=0.00000 guard=0.060 activeAge=-1.000 pitch=-1.00Hz pitchCents=0.0
2025-12-20 08:01:05 [tracker] [s4] onset t=26.213 env=0.00085 gate=0.00006 envDelta=0.00079 envFloor=0.00078 onset=0.995 thresh=0.014 onsetDelta=0.98093 baseline=0.00035 adaptive=0.00087 lastPeak=0.00000 guard=0.060 activeAge=-1.000 pitch=-1.00Hz pitchCents=0.0
2025-12-20 08:01:05 [tracker] [s1] aubio-raw t=26.2318 onset=1.161972 env=0.000305 peak=0.000729 gain=1.000
2025-12-20 08:01:05 [tracker] [s1] onset-below-env-floor t=26.2318 env=0.000305 gate=0.000011 envDelta=0.000293 envFloor=0.000450 onset=1.161972 thresh=0.006000 onsetDelta=1.155972 baseline=0.000208 floor=0.000180 adapt=0.000520 lastPeak=0.000000 baseParam=0.000180 gateRatio=0.0550 envParam=0.000450 onsetScale=0.300 retriggerScale=1.400 guard=0.060 guardRemain=0.000 activeAge=-1.000 retrigRemain=0.000 pitchHz=94.10 pitchCents=229.8
2025-12-20 08:01:05 [tracker] [s4] onset t=26.296 env=0.00092 gate=0.00006 envDelta=0.00086 envFloor=0.00078 onset=1.000 thresh=0.014 onsetDelta=0.98634 baseline=0.00034 adaptive=0.00085 lastPeak=0.00000 guard=0.060 activeAge=-1.000 pitch=-1.00Hz pitchCents=0.0
2025-12-20 08:01:05 [tracker] [s6] onset t=26.330 env=0.00115 gate=0.00010 envDelta=0.00104 envFloor=0.00105 onset=0.999 thresh=0.018 onsetDelta=0.98081 baseline=0.00042 adaptive=0.00098 lastPeak=0.00001 guard=0.060 activeAge=-1.000 pitch=521.64Hz pitchCents=794.7
2025-12-20 08:01:06 [tracker] [s1] aubio-raw t=26.4158 onset=0.830106 env=0.000363 peak=0.001008 gain=1.000
2025-12-20 08:01:06 [tracker] [s1] onset-below-env-floor t=26.4158 env=0.000363 gate=0.000011 envDelta=0.000352 envFloor=0.000450 onset=0.830106 thresh=0.006000 onsetDelta=0.824106 baseline=0.000200 floor=0.000180 adapt=0.000501 lastPeak=0.000000 baseParam=0.000180 gateRatio=0.0550 envParam=0.000450 onsetScale=0.300 retriggerScale=1.400 guard=0.060 guardRemain=0.000 activeAge=-1.000 retrigRemain=0.000 pitchHz=242.41 pitchCents=1867.9
2025-12-20 08:01:06 [tracker] [s1] aubio-raw t=26.4691 onset=1.251955 env=0.000538 peak=0.001080 gain=1.000
2025-12-20 08:01:06 [tracker] [s1] onset-accepted t=26.4691 env=0.000538 gate=0.000011 envDelta=0.000527 envFloor=0.000450 onset=1.251955 thresh=0.006000 onsetDelta=1.245955 baseline=0.000202 floor=0.000180 adapt=0.000504 lastPeak=0.000000 baseParam=0.000180 gateRatio=0.0550 envParam=0.000450 onsetScale=0.300 retriggerScale=1.400 guard=0.060 guardRemain=0.000 activeAge=-1.000 retrigRemain=0.000 pitchHz=-1.00 pitchCents=0.0
2025-12-20 08:01:06 [tracker] [s1] onset t=26.469 env=0.00054 gate=0.00001 envDelta=0.00053 envFloor=0.00045 onset=1.252 thresh=0.006 onsetDelta=1.24595 baseline=0.00020 adaptive=0.00050 lastPeak=0.00000 guard=0.060 activeAge=-1.000 pitch=-1.00Hz pitchCents=0.0
2025-12-20 08:01:06 [tracker] [s2] onset t=26.546 env=0.00067 gate=0.00000 envDelta=0.00067 envFloor=0.00043 onset=0.761 thresh=0.009 onsetDelta=0.75219 baseline=0.00029 adaptive=0.00072 lastPeak=0.00000 guard=0.060 activeAge=-1.000 pitch=156.85Hz pitchCents=614.2
2025-12-20 08:01:06 [tracker] [s1] aubio-raw t=26.5917 onset=0.997718 env=0.000287 peak=0.000671 gain=1.000
2025-12-20 08:01:06 [tracker] [s1] onset-below-env-floor t=26.5917 env=0.000287 gate=0.000011 envDelta=0.000276 envFloor=0.000450 onset=0.997718 thresh=0.006000 onsetDelta=0.991718 baseline=0.000195 floor=0.000180 adapt=0.000487 lastPeak=0.000000 baseParam=0.000180 gateRatio=0.0550 envParam=0.000450 onsetScale=0.300 retriggerScale=1.400 guard=0.060 guardRemain=0.000 activeAge=-1.000 retrigRemain=0.000 pitchHz=-1.00 pitchCents=0.0
2025-12-20 08:01:06 [tracker] [s5] onset t=26.906 env=0.00110 gate=0.00008 envDelta=0.00102 envFloor=0.00090 onset=1.430 thresh=0.016 onsetDelta=1.41419 baseline=0.00038 adaptive=0.00095 lastPeak=0.00000 guard=0.060 activeAge=-1.000 pitch=-1.00Hz pitchCents=0.0
2025-12-20 08:01:06 [tracker] [s2] onset t=27.010 env=0.00054 gate=0.00000 envDelta=0.00054 envFloor=0.00044 onset=0.941 thresh=0.009 onsetDelta=0.93169 baseline=0.00029 adaptive=0.00074 lastPeak=0.00000 guard=0.060 activeAge=-1.000 pitch=111.12Hz pitchCents=17.5
2025-12-20 08:01:06 [tracker] [s2] onset t=27.082 env=0.00058 gate=0.00000 envDelta=0.00058 envFloor=0.00042 onset=1.055 thresh=0.009 onsetDelta=1.04625 baseline=0.00028 adaptive=0.00069 lastPeak=0.00000 guard=0.060 activeAge=-1.000 pitch=-1.00Hz pitchCents=0.0
2025-12-20 08:01:06 [tracker] [s3] onset t=27.104 env=0.00115 gate=0.00004 envDelta=0.00111 envFloor=0.00065 onset=1.095 thresh=0.012 onsetDelta=1.08354 baseline=0.00032 adaptive=0.00081 lastPeak=0.00000 guard=0.060 activeAge=-1.000 pitch=-1.00Hz pitchCents=0.0
2025-12-20 08:01:06 [tracker] [s3] onset t=27.192 env=0.00088 gate=0.00004 envDelta=0.00083 envFloor=0.00065 onset=0.974 thresh=0.012 onsetDelta=0.96273 baseline=0.00033 adaptive=0.00082 lastPeak=0.00000 guard=0.060 activeAge=-1.000 pitch=-1.00Hz pitchCents=0.0
2025-12-20 08:01:06 [tracker] [s3] onset t=27.245 env=0.00068 gate=0.00004 envDelta=0.00064 envFloor=0.00065 onset=0.998 thresh=0.012 onsetDelta=0.98648 baseline=0.00031 adaptive=0.00079 lastPeak=0.00000 guard=0.060 activeAge=-1.000 pitch=-1.00Hz pitchCents=0.0
2025-12-20 08:01:06 [tracker] [s1] aubio-raw t=27.2637 onset=0.997121 env=0.000302 peak=0.000700 gain=1.000
2025-12-20 08:01:06 [tracker] [s1] onset-below-env-floor t=27.2637 env=0.000302 gate=0.000010 envDelta=0.000292 envFloor=0.000450 onset=0.997121 thresh=0.006000 onsetDelta=0.991121 baseline=0.000180 floor=0.000180 adapt=0.000440 lastPeak=0.000000 baseParam=0.000180 gateRatio=0.0550 envParam=0.000450 onsetScale=0.300 retriggerScale=1.400 guard=0.060 guardRemain=0.000 activeAge=-1.000 retrigRemain=0.000 pitchHz=156.86 pitchCents=1114.4
2025-12-20 08:01:06 [tracker] [s1] aubio-raw t=27.3650 onset=0.995453 env=0.000561 peak=0.001217 gain=1.000
2025-12-20 08:01:06 [tracker] [s1] onset-accepted t=27.3650 env=0.000561 gate=0.000011 envDelta=0.000550 envFloor=0.000450 onset=0.995453 thresh=0.006000 onsetDelta=0.989453 baseline=0.000195 floor=0.000180 adapt=0.000488 lastPeak=0.000000 baseParam=0.000180 gateRatio=0.0550 envParam=0.000450 onsetScale=0.300 retriggerScale=1.400 guard=0.060 guardRemain=0.000 activeAge=-1.000 retrigRemain=0.000 pitchHz=-1.00 pitchCents=0.0
2025-12-20 08:01:06 [tracker] [s1] onset t=27.365 env=0.00056 gate=0.00001 envDelta=0.00055 envFloor=0.00045 onset=0.995 thresh=0.006 onsetDelta=0.98945 baseline=0.00020 adaptive=0.00049 lastPeak=0.00000 guard=0.060 activeAge=-1.000 pitch=-1.00Hz pitchCents=0.0
2025-12-20 08:01:07 [tracker] [s5] onset t=27.501 env=0.00095 gate=0.00008 envDelta=0.00086 envFloor=0.00090 onset=1.020 thresh=0.016 onsetDelta=1.00390 baseline=0.00040 adaptive=0.00100 lastPeak=0.00000 guard=0.060 activeAge=-1.000 pitch=-1.00Hz pitchCents=0.0
2025-12-20 08:01:07 [tracker] [s1] aubio-raw t=27.6663 onset=0.583908 env=0.000224 peak=0.000523 gain=1.000
2025-12-20 08:01:07 [tracker] [s1] onset-below-env-floor t=27.6663 env=0.000224 gate=0.000010 envDelta=0.000214 envFloor=0.000450 onset=0.583908 thresh=0.006000 onsetDelta=0.577908 baseline=0.000180 floor=0.000180 adapt=0.000450 lastPeak=0.000000 baseParam=0.000180 gateRatio=0.0550 envParam=0.000450 onsetScale=0.300 retriggerScale=1.400 guard=0.060 guardRemain=0.000 activeAge=-1.000 retrigRemain=0.000 pitchHz=205.15 pitchCents=1579.0
2025-12-20 08:01:07 [tracker] [s4] onset t=27.794 env=0.00093 gate=0.00006 envDelta=0.00087 envFloor=0.00078 onset=0.999 thresh=0.014 onsetDelta=0.98501 baseline=0.00035 adaptive=0.00087 lastPeak=0.00000 guard=0.060 activeAge=-1.000 pitch=-1.00Hz pitchCents=0.0
2025-12-20 08:01:07 [tracker] [s2] onset t=27.962 env=0.00079 gate=0.00000 envDelta=0.00078 envFloor=0.00044 onset=0.987 thresh=0.009 onsetDelta=0.97794 baseline=0.00030 adaptive=0.00074 lastPeak=0.00000 guard=0.060 activeAge=-1.000 pitch=124.99Hz pitchCents=221.2
2025-12-20 08:01:07 [tracker] [s2] onset t=28.117 env=0.00042 gate=0.00000 envDelta=0.00042 envFloor=0.00040 onset=0.986 thresh=0.009 onsetDelta=0.97693 baseline=0.00027 adaptive=0.00067 lastPeak=0.00000 guard=0.060 activeAge=-1.000 pitch=124.99Hz pitchCents=221.2
2025-12-20 08:01:07 [tracker] [s1] aubio-raw t=28.1223 onset=0.991001 env=0.000713 peak=0.001222 gain=1.000
2025-12-20 08:01:07 [tracker] [s1] onset-accepted t=28.1223 env=0.000713 gate=0.000012 envDelta=0.000701 envFloor=0.000450 onset=0.991001 thresh=0.006000 onsetDelta=0.985001 baseline=0.000222 floor=0.000180 adapt=0.000555 lastPeak=0.000000 baseParam=0.000180 gateRatio=0.0550 envParam=0.000450 onsetScale=0.300 retriggerScale=1.400 guard=0.060 guardRemain=0.000 activeAge=-1.000 retrigRemain=0.000 pitchHz=-1.00 pitchCents=0.0
2025-12-20 08:01:07 [tracker] [s1] onset t=28.122 env=0.00071 gate=0.00001 envDelta=0.00070 envFloor=0.00045 onset=0.991 thresh=0.006 onsetDelta=0.98500 baseline=0.00022 adaptive=0.00055 lastPeak=0.00000 guard=0.060 activeAge=-1.000 pitch=-1.00Hz pitchCents=0.0
2025-12-20 08:01:07 [tracker] [s3] onset t=28.152 env=0.00069 gate=0.00004 envDelta=0.00065 envFloor=0.00065 onset=1.060 thresh=0.012 onsetDelta=1.04800 baseline=0.00029 adaptive=0.00073 lastPeak=0.00000 guard=0.060 activeAge=-1.000 pitch=-1.00Hz pitchCents=0.0
2025-12-20 08:01:07 [tracker] [s2] onset t=28.245 env=0.00057 gate=0.00000 envDelta=0.00057 envFloor=0.00043 onset=0.995 thresh=0.009 onsetDelta=0.98645 baseline=0.00029 adaptive=0.00072 lastPeak=0.00000 guard=0.060 activeAge=-1.000 pitch=186.05Hz pitchCents=909.8
2025-12-20 08:01:07 [tracker] [s1] aubio-raw t=28.2663 onset=1.008227 env=0.000458 peak=0.000979 gain=1.000
2025-12-20 08:01:07 [tracker] [s1] onset-accepted t=28.2663 env=0.000458 gate=0.000011 envDelta=0.000447 envFloor=0.000450 onset=1.008227 thresh=0.006000 onsetDelta=1.002227 baseline=0.000201 floor=0.000180 adapt=0.000502 lastPeak=0.000000 baseParam=0.000180 gateRatio=0.0550 envParam=0.000450 onsetScale=0.300 retriggerScale=1.400 guard=0.060 guardRemain=0.000 activeAge=-1.000 retrigRemain=0.000 pitchHz=103.89 pitchCents=401.1
2025-12-20 08:01:07 [tracker] [s1] onset t=28.266 env=0.00046 gate=0.00001 envDelta=0.00045 envFloor=0.00045 onset=1.008 thresh=0.006 onsetDelta=1.00223 baseline=0.00020 adaptive=0.00050 lastPeak=0.00000 guard=0.060 activeAge=-1.000 pitch=103.89Hz pitchCents=401.1
2025-12-20 08:01:07 [tracker] [s3] onset t=28.272 env=0.00087 gate=0.00004 envDelta=0.00083 envFloor=0.00065 onset=0.994 thresh=0.012 onsetDelta=0.98283 baseline=0.00032 adaptive=0.00080 lastPeak=0.00000 guard=0.060 activeAge=-1.000 pitch=-1.00Hz pitchCents=0.0
2025-12-20 08:01:07 [tracker] [s5] onset t=28.320 env=0.00099 gate=0.00008 envDelta=0.00091 envFloor=0.00090 onset=0.601 thresh=0.016 onsetDelta=0.58472 baseline=0.00039 adaptive=0.00098 lastPeak=0.00000 guard=0.060 activeAge=-1.000 pitch=-1.00Hz pitchCents=0.0
2025-12-20 08:01:07 [tracker] [s1] aubio-raw t=28.3596 onset=1.336869 env=0.000223 peak=0.000571 gain=1.000
2025-12-20 08:01:07 [tracker] [s1] onset-below-env-floor t=28.3596 env=0.000223 gate=0.000010 envDelta=0.000213 envFloor=0.000450 onset=1.336869 thresh=0.006000 onsetDelta=1.330869 baseline=0.000190 floor=0.000180 adapt=0.000475 lastPeak=0.000000 baseParam=0.000180 gateRatio=0.0550 envParam=0.000450 onsetScale=0.300 retriggerScale=1.400 guard=0.060 guardRemain=0.000 activeAge=-1.000 retrigRemain=0.000 pitchHz=94.12 pitchCents=230.0
2025-12-20 08:01:08 [tracker] [s2] onset t=28.400 env=0.00046 gate=0.00000 envDelta=0.00046 envFloor=0.00042 onset=0.844 thresh=0.009 onsetDelta=0.83515 baseline=0.00028 adaptive=0.00070 lastPeak=0.00000 guard=0.060 activeAge=-1.000 pitch=-1.00Hz pitchCents=0.0
2025-12-20 08:01:08 [tracker] [s2] onset t=28.472 env=0.00085 gate=0.00000 envDelta=0.00084 envFloor=0.00042 onset=1.285 thresh=0.009 onsetDelta=1.27613 baseline=0.00028 adaptive=0.00070 lastPeak=0.00000 guard=0.060 activeAge=-1.000 pitch=148.13Hz pitchCents=515.3
2025-12-20 08:01:08 [tracker] [s6] onset t=28.525 env=0.00121 gate=0.00010 envDelta=0.00111 envFloor=0.00105 onset=1.186 thresh=0.018 onsetDelta=1.16847 baseline=0.00042 adaptive=0.00097 lastPeak=0.00000 guard=0.060 activeAge=-1.000 pitch=408.50Hz pitchCents=371.4
2025-12-20 08:01:08 [tracker] [s4] onset t=28.557 env=0.00089 gate=0.00006 envDelta=0.00083 envFloor=0.00078 onset=1.272 thresh=0.014 onsetDelta=1.25835 baseline=0.00036 adaptive=0.00089 lastPeak=0.00000 guard=0.060 activeAge=-1.000 pitch=-1.00Hz pitchCents=0.0
2025-12-20 08:01:08 [tracker] [s1] aubio-raw t=28.5649 onset=1.254943 env=0.000345 peak=0.000768 gain=1.000
2025-12-20 08:01:08 [tracker] [s1] onset-below-env-floor t=28.5649 env=0.000345 gate=0.000010 envDelta=0.000335 envFloor=0.000450 onset=1.254943 thresh=0.006000 onsetDelta=1.248943 baseline=0.000187 floor=0.000180 adapt=0.000467 lastPeak=0.000000 baseParam=0.000180 gateRatio=0.0550 envParam=0.000450 onsetScale=0.300 retriggerScale=1.400 guard=0.060 guardRemain=0.000 activeAge=-1.000 retrigRemain=0.000 pitchHz=-1.00 pitchCents=0.0
2025-12-20 08:01:08 [tracker] [s2] onset t=28.626 env=0.00058 gate=0.00000 envDelta=0.00057 envFloor=0.00039 onset=0.997 thresh=0.009 onsetDelta=0.98824 baseline=0.00026 adaptive=0.00065 lastPeak=0.00000 guard=0.060 activeAge=-1.000 pitch=156.86Hz pitchCents=614.3
2025-12-20 08:01:08 [tracker] [s1] aubio-raw t=28.6503 onset=0.865802 env=0.000373 peak=0.000956 gain=1.000
2025-12-20 08:01:08 [tracker] [s1] onset-below-env-floor t=28.6503 env=0.000373 gate=0.000012 envDelta=0.000361 envFloor=0.000450 onset=0.865802 thresh=0.006000 onsetDelta=0.859802 baseline=0.000220 floor=0.000180 adapt=0.000549 lastPeak=0.000000 baseParam=0.000180 gateRatio=0.0550 envParam=0.000450 onsetScale=0.300 retriggerScale=1.400 guard=0.060 guardRemain=0.000 activeAge=-1.000 retrigRemain=0.000 pitchHz=-1.00 pitchCents=0.0
2025-12-20 08:01:08 [tracker] [s4] onset t=28.816 env=0.00100 gate=0.00006 envDelta=0.00094 envFloor=0.00078 onset=1.004 thresh=0.014 onsetDelta=0.98984 baseline=0.00035 adaptive=0.00086 lastPeak=0.00000 guard=0.060 activeAge=-1.000 pitch=-1.00Hz pitchCents=0.0
2025-12-20 08:01:08 [tracker] [s1] aubio-raw t=28.8902 onset=0.996946 env=0.000299 peak=0.000775 gain=1.000
2025-12-20 08:01:08 [tracker] [s1] onset-below-env-floor t=28.8902 env=0.000299 gate=0.000011 envDelta=0.000288 envFloor=0.000450 onset=0.996946 thresh=0.006000 onsetDelta=0.990946 baseline=0.000198 floor=0.000180 adapt=0.000496 lastPeak=0.000000 baseParam=0.000180 gateRatio=0.0550 envParam=0.000450 onsetScale=0.300 retriggerScale=1.400 guard=0.060 guardRemain=0.000 activeAge=-1.000 retrigRemain=0.000 pitchHz=190.47 pitchCents=1450.5
2025-12-20 08:01:08 [tracker] 