# SignalAssistant session log
# Started at 2025-12-15 22:45:44
2025-12-15 22:45:44 [session] mode=live session='' path='' duration=0.00 files=0
2025-12-15 22:45:44 [tracker-settings] TrackerConfig onsetThreshold=0.02000 minNoteDurSec=0.045 hopSec=0.010 slideDelta=120.0 bendDelta=35.0
2025-12-15 22:45:44 [tracker-settings] string1 midi=40 lowCut=37.08Hz highCut=445.00Hz baseline=0.000180 gateRatio=0.05500 envFloor=0.000450 sustainScale=0.580 retriggerScale=1.400 peakRelease=0.120 pitchTol=0.400 onsetScale=0.006
2025-12-15 22:45:44 [tracker-settings] string2 midi=45 lowCut=55.00Hz highCut=563.20Hz baseline=0.000220 gateRatio=0.10000 envFloor=0.000550 sustainScale=0.700 retriggerScale=1.250 peakRelease=0.130 pitchTol=0.400 onsetScale=0.009
2025-12-15 22:45:44 [tracker-settings] string3 midi=50 lowCut=85.16Hz highCut=693.05Hz baseline=0.000260 gateRatio=0.13000 envFloor=0.000650 sustainScale=0.820 retriggerScale=1.100 peakRelease=0.140 pitchTol=0.450 onsetScale=0.012
2025-12-15 22:45:44 [tracker-settings] string4 midi=55 lowCut=127.40Hz highCut=862.39Hz baseline=0.000320 gateRatio=0.17000 envFloor=0.000780 sustainScale=1.000 retriggerScale=1.000 peakRelease=0.160 pitchTol=0.440 onsetScale=0.014
2025-12-15 22:45:44 [tracker-settings] string5 midi=59 lowCut=160.51Hz highCut=1086.54Hz baseline=0.000370 gateRatio=0.21000 envFloor=0.000900 sustainScale=1.000 retriggerScale=1.000 peakRelease=0.180 pitchTol=0.500 onsetScale=0.016
2025-12-15 22:45:44 [tracker-settings] string6 midi=64 lowCut=214.26Hz highCut=1450.36Hz baseline=0.000420 gateRatio=0.25000 envFloor=0.001050 sustainScale=1.000 retriggerScale=1.000 peakRelease=0.200 pitchTol=0.550 onsetScale=0.018
2025-12-15 22:45:44 [tracker] [s1] calibration reset target=0.00180 gain=1.000
2025-12-15 22:45:44 [tracker] [s2] calibration reset target=0.00180 gain=1.000
2025-12-15 22:45:44 [tracker] [s3] calibration reset target=0.00180 gain=1.000
2025-12-15 22:45:44 [tracker] [s4] calibration reset target=0.00180 gain=1.000
2025-12-15 22:45:44 [tracker] [s5] calibration reset target=0.00180 gain=1.000
2025-12-15 22:45:44 [tracker] [s6] calibration reset target=0.00180 gain=1.000
2025-12-15 22:45:44 [calibration] Loading calibration profile multipliers into parameters
2025-12-15 22:45:44 [calibration] String 1: setting multiplier to 6.317
2025-12-15 22:45:44 [calibration] String 2: setting multiplier to 8.000
2025-12-15 22:45:44 [calibration] String 3: setting multiplier to 8.000
2025-12-15 22:45:44 [calibration] String 4: setting multiplier to 8.000
2025-12-15 22:45:44 [calibration] String 5: setting multiplier to 8.000
2025-12-15 22:45:44 [calibration] String 6: setting multiplier to 8.000
2025-12-15 22:45:44 [tracker] [s1] calibration avg=0.03970 target=0.00180 gain=1.000
2025-12-15 22:45:44 [tracker] [s2] calibration avg=0.01940 target=0.00180 gain=1.000
2025-12-15 22:45:44 [tracker] [s3] calibration avg=0.01411 target=0.00180 gain=1.000
2025-12-15 22:45:44 [tracker] [s4] calibration avg=0.03018 target=0.00180 gain=1.000
2025-12-15 22:45:44 [tracker] [s5] calibration avg=0.02970 target=0.00180 gain=1.000
2025-12-15 22:45:44 [tracker] [s6] calibration avg=0.02331 target=0.00180 gain=1.000
2025-12-15 22:45:44 [tracker] [s1] configure sr=48000.0 hop=128 fft=1024 low=37.1 high=445.0
2025-12-15 22:45:44 [tracker] [s1] params baseline=0.000180 gate=0.0550 envFloor=0.000450 sustain=0.580 retrigger=1.400 peakRelease=0.120 pitchTol=0.400 onsetScale=0.006 aubioScale=1.20 aubioThresh=0.024 onsetSilence=-85.0 pitchSilence=-90.0
2025-12-15 22:45:44 [tracker] [s2] configure sr=48000.0 hop=128 fft=1024 low=55.0 high=563.2
2025-12-15 22:45:44 [tracker] [s2] params baseline=0.000220 gate=0.0100 envFloor=0.000100 sustain=1.500 retrigger=1.250 peakRelease=0.130 pitchTol=0.400 onsetScale=0.009 aubioScale=1.35 aubioThresh=0.027 onsetSilence=-85.0 pitchSilence=-90.0
2025-12-15 22:45:44 [tracker] [s3] configure sr=48000.0 hop=128 fft=1024 low=85.2 high=693.0
2025-12-15 22:45:44 [tracker] [s3] params baseline=0.000260 gate=0.1300 envFloor=0.000650 sustain=0.820 retrigger=1.100 peakRelease=0.140 pitchTol=0.450 onsetScale=0.012 aubioScale=1.60 aubioThresh=0.032 onsetSilence=-75.0 pitchSilence=-80.0
2025-12-15 22:45:44 [tracker] [s4] configure sr=48000.0 hop=128 fft=1024 low=127.4 high=862.4
2025-12-15 22:45:44 [tracker] [s4] params baseline=0.000320 gate=0.1700 envFloor=0.000780 sustain=1.000 retrigger=1.000 peakRelease=0.160 pitchTol=0.440 onsetScale=0.014 aubioScale=1.80 aubioThresh=0.036 onsetSilence=-75.0 pitchSilence=-80.0
2025-12-15 22:45:44 [tracker] [s5] configure sr=48000.0 hop=128 fft=512 low=160.5 high=1086.5
2025-12-15 22:45:44 [tracker] [s5] params baseline=0.000370 gate=0.2100 envFloor=0.000900 sustain=1.000 retrigger=1.000 peakRelease=0.180 pitchTol=0.500 onsetScale=0.016 aubioScale=1.80 aubioThresh=0.036 onsetSilence=-75.0 pitchSilence=-80.0
2025-12-15 22:45:44 [tracker] [s6] configure sr=48000.0 hop=128 fft=512 low=214.3 high=1450.4
2025-12-15 22:45:44 [tracker] [s6] params baseline=0.000420 gate=0.2500 envFloor=0.001050 sustain=1.000 retrigger=1.000 peakRelease=0.200 pitchTol=0.550 onsetScale=0.018 aubioScale=1.80 aubioThresh=0.036 onsetSilence=-75.0 pitchSilence=-80.0
2025-12-15 22:45:44 [tracker] [s1] aubio-raw t=0.0040 onset=4.000000 env=0.000556 peak=0.001444 gain=1.000
2025-12-15 22:45:44 [tracker] [s1] onset-below-env-floor t=0.0040 env=0.000556 gate=0.000022 envDelta=0.000534 envFloor=0.000592 onset=4.000000 thresh=0.006000 onsetDelta=3.994000 baseline=0.000395 floor=0.000180 adapt=0.000987 lastPeak=0.000000 baseParam=0.000180 gateRatio=0.0550 envParam=0.000450 onsetScale=0.300 retriggerScale=1.400 guard=0.060 guardRemain=0.000 activeAge=-1.000 retrigRemain=0.000 pitchHz=125.16 pitchCents=723.6
2025-12-15 22:45:44 [tracker] [s2] onset t=0.004 env=0.00115 gate=0.00000 envDelta=0.00114 envFloor=0.00061 onset=4.000 thresh=0.009 onsetDelta=3.99100 baseline=0.00041 adaptive=0.00102 lastPeak=0.00000 guard=0.060 activeAge=-1.000 pitch=125.16Hz pitchCents=223.6
2025-12-15 22:45:44 [tracker] [s3] onset t=0.004 env=0.00132 gate=0.00005 envDelta=0.00127 envFloor=0.00065 onset=4.000 thresh=0.012 onsetDelta=3.98840 baseline=0.00042 adaptive=0.00105 lastPeak=0.00000 guard=0.060 activeAge=-1.000 pitch=125.16Hz pitchCents=-276.4
2025-12-15 22:45:44 [tracker] [s4] onset t=0.004 env=0.00144 gate=0.00007 envDelta=0.00137 envFloor=0.00078 onset=4.000 thresh=0.014 onsetDelta=3.98600 baseline=0.00043 adaptive=0.00107 lastPeak=0.00000 guard=0.060 activeAge=-1.000 pitch=125.16Hz pitchCents=-776.4
2025-12-15 22:45:44 [tracker] [s5] onset t=0.004 env=0.00149 gate=0.00009 envDelta=0.00140 envFloor=0.00090 onset=4.000 thresh=0.016 onsetDelta=3.98400 baseline=0.00043 adaptive=0.00107 lastPeak=0.00000 guard=0.060 activeAge=-1.000 pitch=376.47Hz pitchCents=730.0
2025-12-15 22:45:44 [tracker] [s6] onset t=0.004 env=0.00193 gate=0.00011 envDelta=0.00182 envFloor=0.00105 onset=4.000 thresh=0.018 onsetDelta=3.98200 baseline=0.00046 adaptive=0.00114 lastPeak=0.00000 guard=0.060 activeAge=-1.000 pitch=376.47Hz pitchCents=230.0
2025-12-15 22:45:44 [tracker] [s5] onset t=0.081 env=0.00159 gate=0.00014 envDelta=0.00144 envFloor=0.00102 onset=0.647 thresh=0.016 onsetDelta=0.63098 baseline=0.00068 adaptive=0.00170 lastPeak=0.00000 guard=0.060 activeAge=-1.000 pitch=-1.00Hz pitchCents=0.0
2025-12-15 22:45:44 [tracker] [s2] onset t=0.135 env=0.00239 gate=0.00001 envDelta=0.00239 envFloor=0.00104 onset=0.996 thresh=0.009 onsetDelta=0.98713 baseline=0.00070 adaptive=0.00174 lastPeak=0.00000 guard=0.060 activeAge=-1.000 pitch=-1.00Hz pitchCents=0.0
2025-12-15 22:45:44 [tracker] [s6] onset t=0.204 env=0.00226 gate=0.00022 envDelta=0.00204 envFloor=0.00133 onset=1.349 thresh=0.018 onsetDelta=1.33106 baseline=0.00089 adaptive=0.00222 lastPeak=0.00000 guard=0.060 activeAge=-1.000 pitch=-1.00Hz pitchCents=0.0
2025-12-15 22:45:44 [tracker] [s5] onset t=0.223 env=0.00203 gate=0.00016 envDelta=0.00186 envFloor=0.00118 onset=0.996 thresh=0.016 onsetDelta=0.97964 baseline=0.00078 adaptive=0.00196 lastPeak=0.00000 guard=0.060 activeAge=-1.000 pitch=-1.00Hz pitchCents=0.0
2025-12-15 22:45:44 [tracker] [s2] onset t=0.225 env=0.00204 gate=0.00001 envDelta=0.00203 envFloor=0.00102 onset=1.132 thresh=0.009 onsetDelta=1.12273 baseline=0.00068 adaptive=0.00170 lastPeak=0.00000 guard=0.060 activeAge=-1.000 pitch=-1.00Hz pitchCents=0.0
2025-12-15 22:45:44 [tracker] [s3] onset t=0.228 env=0.00140 gate=0.00008 envDelta=0.00132 envFloor=0.00092 onset=1.032 thresh=0.012 onsetDelta=1.02039 baseline=0.00061 adaptive=0.00153 lastPeak=0.00000 guard=0.060 activeAge=-1.000 pitch=-1.00Hz pitchCents=0.0
2025-12-15 22:45:44 [tracker] [s3] onset t=0.308 env=0.00175 gate=0.00008 envDelta=0.00167 envFloor=0.00096 onset=0.571 thresh=0.012 onsetDelta=0.55917 baseline=0.00064 adaptive=0.00160 lastPeak=0.00000 guard=0.060 activeAge=-1.000 pitch=-1.00Hz pitchCents=0.0
2025-12-15 22:45:44 [tracker] [s1] aubio-raw t=0.3907 onset=0.860194 env=0.000585 peak=0.001648 gain=1.000
2025-12-15 22:45:44 [tracker] [s1] onset-accepted t=0.3907 env=0.000585 gate=0.000021 envDelta=0.000564 envFloor=0.000576 onset=0.860194 thresh=0.006000 onsetDelta=0.854194 baseline=0.000384 floor=0.000180 adapt=0.000960 lastPeak=0.000000 baseParam=0.000180 gateRatio=0.0550 envParam=0.000450 onsetScale=0.300 retriggerScale=1.400 guard=0.060 guardRemain=0.000 activeAge=-1.000 retrigRemain=0.000 pitchHz=-1.00 pitchCents=0.0
2025-12-15 22:45:44 [tracker] [s1] onset t=0.391 env=0.00058 gate=0.00002 envDelta=0.00056 envFloor=0.00058 onset=0.860 thresh=0.006 onsetDelta=0.85419 baseline=0.00038 adaptive=0.00096 lastPeak=0.00000 guard=0.060 activeAge=-1.000 pitch=-1.00Hz pitchCents=0.0
2025-12-15 22:45:45 [tracker] [s2] onset t=0.484 env=0.00145 gate=0.00001 envDelta=0.00145 envFloor=0.00097 onset=0.872 thresh=0.009 onsetDelta=0.86255 baseline=0.00065 adaptive=0.00161 lastPeak=0.00000 guard=0.060 activeAge=-1.000 pitch=333.32Hz pitchCents=1919.3
2025-12-15 22:45:45 [tracker] [s6] onset t=0.513 env=0.00185 gate=0.00021 envDelta=0.00164 envFloor=0.00127 onset=1.303 thresh=0.018 onsetDelta=1.28488 baseline=0.00085 adaptive=0.00212 lastPeak=0.00000 guard=0.060 activeAge=-1.000 pitch=-1.00Hz pitchCents=0.0
2025-12-15 22:45:45 [tracker] [s1] aubio-raw t=0.5693 onset=0.996544 env=0.000778 peak=0.002150 gain=1.000
2025-12-15 22:45:45 [tracker] [s1] onset-accepted t=0.5693 env=0.000778 gate=0.000021 envDelta=0.000756 envFloor=0.000583 onset=0.996544 thresh=0.006000 onsetDelta=0.990544 baseline=0.000388 floor=0.000180 adapt=0.000971 lastPeak=0.000000 baseParam=0.000180 gateRatio=0.0550 envParam=0.000450 onsetScale=0.300 retriggerScale=1.400 guard=0.060 guardRemain=0.000 activeAge=-1.000 retrigRemain=0.000 pitchHz=615.36 pitchCents=3480.7
2025-12-15 22:45:45 [tracker] [s1] onset t=0.569 env=0.00078 gate=0.00002 envDelta=0.00076 envFloor=0.00058 onset=0.997 thresh=0.006 onsetDelta=0.99054 baseline=0.00039 adaptive=0.00097 lastPeak=0.00000 guard=0.060 activeAge=-1.000 pitch=615.36Hz pitchCents=3480.7
2025-12-15 22:45:45 [tracker] [s2] onset t=0.583 env=0.00131 gate=0.00001 envDelta=0.00130 envFloor=0.00109 onset=1.049 thresh=0.009 onsetDelta=1.04035 baseline=0.00072 adaptive=0.00181 lastPeak=0.00000 guard=0.060 activeAge=-1.000 pitch=-1.00Hz pitchCents=0.0
2025-12-15 22:45:45 [tracker] [s5] onset t=0.636 env=0.00195 gate=0.00016 envDelta=0.00179 envFloor=0.00111 onset=1.233 thresh=0.016 onsetDelta=1.21707 baseline=0.00074 adaptive=0.00185 lastPeak=0.00000 guard=0.060 activeAge=-1.000 pitch=-1.00Hz pitchCents=0.0
2025-12-15 22:45:45 [tracker] [s3] onset t=0.732 env=0.00118 gate=0.00008 envDelta=0.00110 envFloor=0.00092 onset=0.995 thresh=0.012 onsetDelta=0.98341 baseline=0.00061 adaptive=0.00153 lastPeak=0.00000 guard=0.060 activeAge=-1.000 pitch=-1.00Hz pitchCents=0.0
2025-12-15 22:45:45 [tracker] [s6] onset t=0.889 env=0.00217 gate=0.00021 envDelta=0.00196 envFloor=0.00125 onset=1.004 thresh=0.018 onsetDelta=0.98553 baseline=0.00083 adaptive=0.00208 lastPeak=0.00000 guard=0.060 activeAge=-1.000 pitch=-1.00Hz pitchCents=0.0
2025-12-15 22:45:45 [tracker] [s1] aubio-raw t=0.9320 onset=0.999692 env=0.001109 peak=0.002510 gain=1.000
2025-12-15 22:45:45 [tracker] [s1] onset-accepted t=0.9320 env=0.001109 gate=0.000023 envDelta=0.001085 envFloor=0.000636 onset=0.999692 thresh=0.006000 onsetDelta=0.993692 baseline=0.000424 floor=0.000180 adapt=0.001060 lastPeak=0.000000 baseParam=0.000180 gateRatio=0.0550 envParam=0.000450 onsetScale=0.300 retriggerScale=1.400 guard=0.060 guardRemain=0.000 activeAge=-1.000 retrigRemain=0.000 pitchHz=-1.00 pitchCents=0.0
2025-12-15 22:45:45 [tracker] [s1] onset t=0.932 env=0.00111 gate=0.00002 envDelta=0.00109 envFloor=0.00064 onset=1.000 thresh=0.006 onsetDelta=0.99369 baseline=0.00042 adaptive=0.00106 lastPeak=0.00000 guard=0.060 activeAge=-1.000 pitch=-1.00Hz pitchCents=0.0
2025-12-15 22:45:45 [tracker] [s2] onset t=0.945 env=0.00160 gate=0.00001 envDelta=0.00159 envFloor=0.00098 onset=0.733 thresh=0.009 onsetDelta=0.72369 baseline=0.00065 adaptive=0.00164 lastPeak=0.00000 guard=0.060 activeAge=-1.000 pitch=-1.00Hz pitchCents=0.0
2025-12-15 22:45:45 [tracker] [s6] onset t=1.052 env=0.00201 gate=0.00020 envDelta=0.00181 envFloor=0.00123 onset=0.837 thresh=0.018 onsetDelta=0.81918 baseline=0.00082 adaptive=0.00204 lastPeak=0.00000 guard=0.060 activeAge=-1.000 pitch=-1.00Hz pitchCents=0.0
2025-12-15 22:45:45 [tracker] [s3] onset t=1.092 env=0.00155 gate=0.00008 envDelta=0.00147 envFloor=0.00089 onset=1.380 thresh=0.012 onsetDelta=1.36874 baseline=0.00060 adaptive=0.00149 lastPeak=0.00000 guard=0.060 activeAge=-1.000 pitch=-1.00Hz pitchCents=0.0
2025-12-15 22:45:45 [tracker] [s3] onset t=1.396 env=0.00144 gate=0.00009 envDelta=0.00135 envFloor=0.00098 onset=1.368 thresh=0.012 onsetDelta=1.35688 baseline=0.00066 adaptive=0.00164 lastPeak=0.00000 guard=0.060 activeAge=-1.000 pitch=-1.00Hz pitchCents=0.0
2025-12-15 22:45:46 [tracker] [s2] onset t=1.465 env=0.00132 gate=0.00001 envDelta=0.00132 envFloor=0.00102 onset=1.242 thresh=0.009 onsetDelta=1.23341 baseline=0.00068 adaptive=0.00170 lastPeak=0.00000 guard=0.060 activeAge=-1.000 pitch=-1.00Hz pitchCents=0.0
2025-12-15 22:45:46 [tracker] [s1] aubio-raw t=1.5160 onset=0.954409 env=0.000678 peak=0.001879 gain=1.000
2025-12-15 22:45:46 [tracker] [s1] onset-accepted t=1.5160 env=0.000678 gate=0.000022 envDelta=0.000656 envFloor=0.000605 onset=0.954409 thresh=0.006000 onsetDelta=0.948409 baseline=0.000403 floor=0.000180 adapt=0.001008 lastPeak=0.000000 baseParam=0.000180 gateRatio=0.0550 envParam=0.000450 onsetScale=0.300 retriggerScale=1.400 guard=0.060 guardRemain=0.000 activeAge=-1.000 retrigRemain=0.000 pitchHz=-1.00 pitchCents=0.0
2025-12-15 22:45:46 [tracker] [s1] onset t=1.516 env=0.00068 gate=0.00002 envDelta=0.00066 envFloor=0.00060 onset=0.954 thresh=0.006 onsetDelta=0.94841 baseline=0.00040 adaptive=0.00101 lastPeak=0.00000 guard=0.060 activeAge=-1.000 pitch=-1.00Hz pitchCents=0.0
2025-12-15 22:45:46 [tracker] [s3] onset t=1.537 env=0.00128 gate=0.00008 envDelta=0.00120 envFloor=0.00087 onset=0.808 thresh=0.012 onsetDelta=0.79688 baseline=0.00058 adaptive=0.00145 lastPeak=0.00000 guard=0.060 activeAge=-1.000 pitch=-1.00Hz pitchCents=0.0
2025-12-15 22:45:46 [tracker] [s1] aubio-raw t=1.6600 onset=1.290110 env=0.001266 peak=0.003019 gain=1.000
2025-12-15 22:45:46 [tracker] [s1] onset-accepted t=1.6600 env=0.001266 gate=0.000024 envDelta=0.001242 envFloor=0.000654 onset=1.290110 thresh=0.006000 onsetDelta=1.284110 baseline=0.000436 floor=0.000180 adapt=0.001090 lastPeak=0.000000 baseParam=0.000180 gateRatio=0.0550 envParam=0.000450 onsetScale=0.300 retriggerScale=1.400 guard=0.060 guardRemain=0.000 activeAge=-1.000 retrigRemain=0.000 pitchHz=-1.00 pitchCents=0.0
2025-12-15 22:45:46 [tracker] [s1] onset t=1.660 env=0.00127 gate=0.00002 envDelta=0.00124 envFloor=0.00065 onset=1.290 thresh=0.006 onsetDelta=1.28411 baseline=0.00044 adaptive=0.00109 lastPeak=0.00000 guard=0.060 activeAge=-1.000 pitch=-1.00Hz pitchCents=0.0
2025-12-15 22:45:46 [tracker] [s4] onset t=1.780 env=0.00148 gate=0.00012 envDelta=0.00136 envFloor=0.00103 onset=0.981 thresh=0.014 onsetDelta=0.96747 baseline=0.00069 adaptive=0.00171 lastPeak=0.00000 guard=0.060 activeAge=-1.000 pitch=-1.00Hz pitchCents=0.0
2025-12-15 22:45:46 [tracker] [s4] onset t=1.860 env=0.00143 gate=0.00011 envDelta=0.00132 envFloor=0.00097 onset=0.997 thresh=0.014 onsetDelta=0.98312 baseline=0.00065 adaptive=0.00162 lastPeak=0.00000 guard=0.060 activeAge=-1.000 pitch=-1.00Hz pitchCents=0.0
2025-12-15 22:45:46 [tracker] [s2] onset t=1.911 env=0.00152 gate=0.00001 envDelta=0.00152 envFloor=0.00099 onset=0.894 thresh=0.009 onsetDelta=0.88492 baseline=0.00066 adaptive=0.00166 lastPeak=0.00000 guard=0.060 activeAge=-1.000 pitch=249.98Hz pitchCents=1421.1
2025-12-15 22:45:46 [tracker] [s4] onset t=2.116 env=0.00133 gate=0.00011 envDelta=0.00121 envFloor=0.00098 onset=1.056 thresh=0.014 onsetDelta=1.04233 baseline=0.00065 adaptive=0.00163 lastPeak=0.00000 guard=0.060 activeAge=-1.000 pitch=-1.00Hz pitchCents=0.0
2025-12-15 22:45:46 [tracker] [s2] onset t=2.153 env=0.00174 gate=0.00001 envDelta=0.00174 envFloor=0.00099 onset=1.087 thresh=0.009 onsetDelta=1.07835 baseline=0.00066 adaptive=0.00165 lastPeak=0.00000 guard=0.060 activeAge=-1.000 pitch=-1.00Hz pitchCents=0.0
2025-12-15 22:45:46 [tracker] [s6] onset t=2.191 env=0.00175 gate=0.00020 envDelta=0.00155 envFloor=0.00122 onset=0.996 thresh=0.018 onsetDelta=0.97834 baseline=0.00081 adaptive=0.00203 lastPeak=0.00000 guard=0.060 activeAge=-1.000 pitch=-1.00Hz pitchCents=0.0
2025-12-15 22:45:46 [tracker] [s2] onset t=2.241 env=0.00123 gate=0.00001 envDelta=0.00123 envFloor=0.00097 onset=1.010 thresh=0.009 onsetDelta=1.00141 baseline=0.00065 adaptive=0.00162 lastPeak=0.00000 guard=0.060 activeAge=-1.000 pitch=108.11Hz pitchCents=-30.1
2025-12-15 22:45:46 [tracker] [s1] aubio-raw t=2.2600 onset=0.995587 env=0.000844 peak=0.002209 gain=1.000
2025-12-15 22:45:46 [tracker] [s1] onset-accepted t=2.2600 env=0.000844 gate=0.000021 envDelta=0.000823 envFloor=0.000583 onset=0.995587 thresh=0.006000 onsetDelta=0.989587 baseline=0.000388 floor=0.000180 adapt=0.000971 lastPeak=0.000000 baseParam=0.000180 gateRatio=0.0550 envParam=0.000450 onsetScale=0.300 retriggerScale=1.400 guard=0.060 guardRemain=0.000 activeAge=-1.000 retrigRemain=0.000 pitchHz=363.64 pitchCents=2570.0
2025-12-15 22:45:46 [tracker] [s1] onset t=2.260 env=0.00084 gate=0.00002 envDelta=0.00082 envFloor=0.00058 onset=0.996 thresh=0.006 onsetDelta=0.98959 baseline=0.00039 adaptive=0.00097 lastPeak=0.00000 guard=0.060 activeAge=-1.000 pitch=363.64Hz pitchCents=2570.0
2025-12-15 22:45:46 [tracker] [s4] onset t=2.297 env=0.00137 gate=0.00011 envDelta=0.00126 envFloor=0.00095 onset=0.994 thresh=0.014 onsetDelta=0.98036 baseline=0.00064 adaptive=0.00159 lastPeak=0.00000 guard=0.060 activeAge=-1.000 pitch=-1.00Hz pitchCents=0.0
2025-12-15 22:45:46 [tracker] [s5] onset t=2.375 env=0.00156 gate=0.00014 envDelta=0.00142 envFloor=0.00100 onset=1.067 thresh=0.016 onsetDelta=1.05129 baseline=0.00067 adaptive=0.00167 lastPeak=0.00000 guard=0.060 activeAge=-1.000 pitch=-1.00Hz pitchCents=0.0
2025-12-15 22:45:46 [tracker] [s1] aubio-raw t=2.3960 onset=0.997573 env=0.000733 peak=0.002085 gain=1.000
2025-12-15 22:45:46 [tracker] [s1] onset-accepted t=2.3960 env=0.000733 gate=0.000020 envDelta=0.000712 envFloor=0.000555 onset=0.997573 thresh=0.006000 onsetDelta=0.991573 baseline=0.000370 floor=0.000180 adapt=0.000925 lastPeak=0.000000 baseParam=0.000180 gateRatio=0.0550 envParam=0.000450 onsetScale=0.300 retriggerScale=1.400 guard=0.060 guardRemain=0.000 activeAge=-1.000 retrigRemain=0.000 pitchHz=-1.00 pitchCents=0.0
2025-12-15 22:45:46 [tracker] [s1] onset t=2.396 env=0.00073 gate=0.00002 envDelta=0.00071 envFloor=0.00056 onset=0.998 thresh=0.006 onsetDelta=0.99157 baseline=0.00037 adaptive=0.00093 lastPeak=0.00000 guard=0.060 activeAge=-1.000 pitch=-1.00Hz pitchCents=0.0
2025-12-15 22:45:47 [tracker] [s5] onset t=2.476 env=0.00213 gate=0.00016 envDelta=0.00196 envFloor=0.00116 onset=1.006 thresh=0.016 onsetDelta=0.99016 baseline=0.00078 adaptive=0.00194 lastPeak=0.00000 guard=0.060 activeAge=-1.000 pitch=-1.00Hz pitchCents=0.0
2025-12-15 22:45:47 [tracker] [s3] onset t=2.492 env=0.00164 gate=0.00008 envDelta=0.00155 envFloor=0.00097 onset=0.845 thresh=0.012 onsetDelta=0.83306 baseline=0.00064 adaptive=0.00161 lastPeak=0.00000 guard=0.060 activeAge=-1.000 pitch=-1.00Hz pitchCents=0.0
2025-12-15 22:45:47 [tracker] [s5] onset t=2.548 env=0.00177 gate=0.00016 envDelta=0.00162 envFloor=0.00113 onset=1.001 thresh=0.016 onsetDelta=0.98454 baseline=0.00075 adaptive=0.00188 lastPeak=0.00000 guard=0.060 activeAge=-1.000 pitch=-1.00Hz pitchCents=0.0
2025-12-15 22:45:47 [tracker] [s2] onset t=2.617 env=0.00167 gate=0.00001 envDelta=0.00167 envFloor=0.00093 onset=1.295 thresh=0.009 onsetDelta=1.28639 baseline=0.00062 adaptive=0.00156 lastPeak=0.00000 guard=0.060 activeAge=-1.000 pitch=257.98Hz pitchCents=1475.7
2025-12-15 22:45:47 [tracker] [s1] aubio-raw t=2.6414 onset=0.919899 env=0.000748 peak=0.001584 gain=1.000
2025-12-15 22:45:47 [tracker] [s1] onset-accepted t=2.6414 env=0.000748 gate=0.000021 envDelta=0.000727 envFloor=0.000573 onset=0.919899 thresh=0.006000 onsetDelta=0.913899 baseline=0.000382 floor=0.000180 adapt=0.000956 lastPeak=0.000000 baseParam=0.000180 gateRatio=0.0550 envParam=0.000450 onsetScale=0.300 retriggerScale=1.400 guard=0.060 guardRemain=0.000 activeAge=-1.000 retrigRemain=0.000 pitchHz=-1.00 pitchCents=0.0
2025-12-15 22:45:47 [tracker] [s1] onset t=2.641 env=0.00075 gate=0.00002 envDelta=0.00073 envFloor=0.00057 onset=0.920 thresh=0.006 onsetDelta=0.91390 baseline=0.00038 adaptive=0.00096 lastPeak=0.00000 guard=0.060 activeAge=-1.000 pitch=-1.00Hz pitchCents=0.0
2025-12-15 22:45:47 [tracker] [s3] onset t=2.713 env=0.00131 gate=0.00008 envDelta=0.00123 envFloor=0.00092 onset=0.811 thresh=0.012 onsetDelta=0.79925 baseline=0.00061 adaptive=0.00153 lastPeak=0.00000 guard=0.060 activeAge=-1.000 pitch=-1.00Hz pitchCents=0.0
2025-12-15 22:45:47 [tracker] [s1] aubio-raw t=2.7774 onset=0.614072 env=0.001482 peak=0.003345 gain=1.000
2025-12-15 22:45:47 [tracker] [s1] onset-accepted t=2.7774 env=0.001482 gate=0.000023 envDelta=0.001459 envFloor=0.000636 onset=0.614072 thresh=0.006000 onsetDelta=0.608072 baseline=0.000424 floor=0.000180 adapt=0.001060 lastPeak=0.000000 baseParam=0.000180 gateRatio=0.0550 envParam=0.000450 onsetScale=0.300 retriggerScale=1.400 guard=0.060 guardRemain=0.000 activeAge=-1.000 retrigRemain=0.000 pitchHz=-1.00 pitchCents=0.0
2025-12-15 22:45:47 [tracker] [s1] onset t=2.777 env=0.00148 gate=0.00002 envDelta=0.00146 envFloor=0.00064 onset=0.614 thresh=0.006 onsetDelta=0.60807 baseline=0.00042 adaptive=0.00106 lastPeak=0.00000 guard=0.060 activeAge=-1.000 pitch=-1.00Hz pitchCents=0.0
2025-12-15 22:45:47 [tracker] [s5] onset t=2.847 env=0.00212 gate=0.00016 envDelta=0.00196 envFloor=0.00114 onset=1.001 thresh=0.016 onsetDelta=0.98508 baseline=0.00076 adaptive=0.00191 lastPeak=0.00000 guard=0.060 activeAge=-1.000 pitch=-1.00Hz pitchCents=0.0
2025-12-15 22:45:47 [tracker] [s3] onset t=2.887 env=0.00123 gate=0.00008 envDelta=0.00115 envFloor=0.00095 onset=0.652 thresh=0.012 onsetDelta=0.64077 baseline=0.00063 adaptive=0.00158 lastPeak=0.00000 guard=0.060 activeAge=-1.000 pitch=-1.00Hz pitchCents=0.0
2025-12-15 22:45:47 [tracker] [s1] aubio-raw t=2.9240 onset=1.334676 env=0.000610 peak=0.001318 gain=1.000
2025-12-15 22:45:47 [tracker] [s1] onset-below-env-floor t=2.9240 env=0.000610 gate=0.000022 envDelta=0.000588 envFloor=0.000613 onset=1.334676 thresh=0.006000 onsetDelta=1.328676 baseline=0.000409 floor=0.000180 adapt=0.001022 lastPeak=0.000000 baseParam=0.000180 gateRatio=0.0550 envParam=0.000450 onsetScale=0.300 retriggerScale=1.400 guard=0.060 guardRemain=0.000 activeAge=-1.000 retrigRemain=0.000 pitchHz=-1.00 pitchCents=0.0
2025-12-15 22:45:47 [tracker] [s5] onset t=2.932 env=0.00151 gate=0.00015 envDelta=0.00136 envFloor=0.00109 onset=1.114 thresh=0.016 onsetDelta=1.09792 baseline=0.00073 adaptive=0.00181 lastPeak=0.00000 guard=0.060 activeAge=-1.000 pitch=-1.00Hz pitchCents=0.0
2025-12-15 22:45:47 [tracker] [s1] aubio-raw t=3.0654 onset=0.996847 env=0.000480 peak=0.001135 gain=1.000
2025-12-15 22:45:47 [tracker] [s1] onset-below-env-floor t=3.0654 env=0.000480 gate=0.000021 envDelta=0.000460 envFloor=0.000561 onset=0.996847 thresh=0.006000 onsetDelta=0.990847 baseline=0.000374 floor=0.000180 adapt=0.000935 lastPeak=0.000000 baseParam=0.000180 gateRatio=0.0550 envParam=0.000450 onsetScale=0.300 retriggerScale=1.400 guard=0.060 guardRemain=0.000 activeAge=-1.000 retrigRemain=0.000 pitchHz=499.91 pitchCents=3121.0
2025-12-15 22:45:47 [tracker] [s6] onset t=3.081 env=0.00164 gate=0.00019 envDelta=0.00145 envFloor=0.00115 onset=0.980 thresh=0.018 onsetDelta=0.96157 baseline=0.00077 adaptive=0.00192 lastPeak=0.00000 guard=0.060 activeAge=-1.000 pitch=-1.00Hz pitchCents=0.0
2025-12-15 22:45:47 [tracker] [s5] onset t=3.108 env=0.00144 gate=0.00015 envDelta=0.00129 envFloor=0.00106 onset=1.003 thresh=0.016 onsetDelta=0.98663 baseline=0.00070 adaptive=0.00176 lastPeak=0.00000 guard=0.060 activeAge=-1.000 pitch=-1.00Hz pitchCents=0.0
2025-12-15 22:45:47 [tracker] [s3] onset t=3.113 env=0.00116 gate=0.00008 envDelta=0.00108 envFloor=0.00091 onset=0.998 thresh=0.012 onsetDelta=0.98686 baseline=0.00061 adaptive=0.00152 lastPeak=0.00000 guard=0.060 activeAge=-1.000 pitch=-1.00Hz pitchCents=0.0
2025-12-15 22:45:47 [tracker] [s4] onset t=3.257 env=0.00150 gate=0.00011 envDelta=0.00138 envFloor=0.00100 onset=0.644 thresh=0.014 onsetDelta=0.63038 baseline=0.00067 adaptive=0.00167 lastPeak=0.00000 guard=0.060 activeAge=-1.000 pitch=-1.00Hz pitchCents=0.0
2025-12-15 22:45:47 [tracker] [s5] onset t=3.372 env=0.00129 gate=0.00014 envDelta=0.00115 envFloor=0.00101 onset=0.967 thresh=0.016 onsetDelta=0.95069 baseline=0.00068 adaptive=0.00169 lastPeak=0.00000 guard=0.060 activeAge=-1.000 pitch=-1.00Hz pitchCents=0.0
2025-12-15 22:45:48 [tracker] [s4] onset t=3.505 env=0.00127 gate=0.00012 envDelta=0.00115 envFloor=0.00103 onset=0.995 thresh=0.014 onsetDelta=0.98090 baseline=0.00069 adaptive=0.00171 lastPeak=0.00000 guard=0.060 activeAge=-1.000 pitch=-1.00Hz pitchCents=0.0
2025-12-15 22:45:48 [tracker] [s5] onset t=3.569 env=0.00192 gate=0.00015 envDelta=0.00177 envFloor=0.00108 onset=1.069 thresh=0.016 onsetDelta=1.05289 baseline=0.00072 adaptive=0.00180 lastPeak=0.00000 guard=0.060 activeAge=-1.000 pitch=-1.00Hz pitchCents=0.0
2025-12-15 22:45:48 [tracker] [s1] aubio-raw t=3.6974 onset=0.993746 env=0.000491 peak=0.001361 gain=1.000
2025-12-15 22:45:48 [tracker] [s1] onset-below-env-floor t=3.6974 env=0.000491 gate=0.000023 envDelta=0.000468 envFloor=0.000621 onset=0.993746 thresh=0.006000 onsetDelta=0.987746 baseline=0.000414 floor=0.000180 adapt=0.001035 lastPeak=0.000000 baseParam=0.000180 gateRatio=0.0550 envParam=0.000450 onsetScale=0.300 retriggerScale=1.400 guard=0.060 guardRemain=0.000 activeAge=-1.000 retrigRemain=0.000 pitchHz=-1.00 pitchCents=0.0
2025-12-15 22:45:48 [tracker] [s6] onset t=3.697 env=0.00171 gate=0.00021 envDelta=0.00150 envFloor=0.00126 onset=1.192 thresh=0.018 onsetDelta=1.17385 baseline=0.00084 adaptive=0.00210 lastPeak=0.00000 guard=0.060 activeAge=-1.000 pitch=-1.00Hz pitchCents=0.0
2025-12-15 22:45:48 [tracker] [s2] onset t=3.756 env=0.00100 gate=0.00001 envDelta=0.00099 envFloor=0.00095 onset=1.016 thresh=0.009 onsetDelta=1.00653 baseline=0.00063 adaptive=0.00159 lastPeak=0.00000 guard=0.060 activeAge=-1.000 pitch=94.11Hz pitchCents=-270.1
2025-12-15 22:45:48 [tracker] [s6] onset t=3.759 env=0.00181 gate=0.00020 envDelta=0.00161 envFloor=0.00118 onset=1.004 thresh=0.018 onsetDelta=0.98571 baseline=0.00079 adaptive=0.00197 lastPeak=0.00000 guard=0.060 activeAge=-1.000 pitch=-1.00Hz pitchCents=0.0
2025-12-15 22:45:48 [tracker] [s3] onset t=3.761 env=0.00115 gate=0.00008 envDelta=0.00107 envFloor=0.00091 onset=0.918 thresh=0.012 onsetDelta=0.90650 baseline=0.00061 adaptive=0.00152 lastPeak=0.00000 guard=0.060 activeAge=-1.000 pitch=-1.00Hz pitchCents=0.0
2025-12-15 22:45:48 [tracker] [s5] onset t=3.801 env=0.00182 gate=0.00014 envDelta=0.00167 envFloor=0.00102 onset=0.705 thresh=0.016 onsetDelta=0.68921 baseline=0.00068 adaptive=0.00171 lastPeak=0.00000 guard=0.060 activeAge=-1.000 pitch=-1.00Hz pitchCents=0.0
2025-12-15 22:45:48 [tracker] [s6] onset t=3.841 env=0.00188 gate=0.00020 envDelta=0.00169 envFloor=0.00119 onset=0.965 thresh=0.018 onsetDelta=0.94671 baseline=0.00079 adaptive=0.00198 lastPeak=0.00000 guard=0.060 activeAge=-1.000 pitch=-1.00Hz pitchCents=0.0
2025-12-15 22:45:48 [tracker] [s4] onset t=3.876 env=0.00143 gate=0.00011 envDelta=0.00132 envFloor=0.00100 onset=0.990 thresh=0.014 onsetDelta=0.97605 baseline=0.00067 adaptive=0.00166 lastPeak=0.00000 guard=0.060 activeAge=-1.000 pitch=-1.00Hz pitchCents=0.0
2025-12-15 22:45:48 [tracker] [s1] aubio-raw t=3.9427 onset=0.978817 env=0.000956 peak=0.002498 gain=1.000
2025-12-15 22:45:48 [tracker] [s1] onset-accepted t=3.9427 env=0.000956 gate=0.000023 envDelta=0.000934 envFloor=0.000615 onset=0.978817 thresh=0.006000 onsetDelta=0.972817 baseline=0.000410 floor=0.000180 adapt=0.001025 lastPeak=0.000000 baseParam=0.000180 gateRatio=0.0550 envParam=0.000450 onsetScale=0.300 retriggerScale=1.400 guard=0.060 guardRemain=0.000 activeAge=-1.000 retrigRemain=0.000 pitchHz=-1.00 pitchCents=0.0
2025-12-15 22:45:48 [tracker] [s1] onset t=3.943 env=0.00096 gate=0.00002 envDelta=0.00093 envFloor=0.00061 onset=0.979 thresh=0.006 onsetDelta=0.97282 baseline=0.00041 adaptive=0.00102 lastPeak=0.00000 guard=0.060 activeAge=-1.000 pitch=-1.00Hz pitchCents=0.0
2025-12-15 22:45:48 [tracker] [s4] onset t=3.951 env=0.00174 gate=0.00011 envDelta=0.00162 envFloor=0.00100 onset=1.072 thresh=0.014 onsetDelta=1.05787 baseline=0.00067 adaptive=0.00166 lastPeak=0.00000 guard=0.060 activeAge=-1.000 pitch=-1.00Hz pitchCents=0.0
2025-12-15 22:45:48 [tracker] [s2] onset t=3.959 env=0.00157 gate=0.00001 envDelta=0.00157 envFloor=0.00097 onset=1.001 thresh=0.009 onsetDelta=0.99210 baseline=0.00065 adaptive=0.00162 lastPeak=0.00000 guard=0.060 activeAge=-1.000 pitch=-1.00Hz pitchCents=0.0
2025-12-15 22:45:48 [tracker] [s1] aubio-raw t=4.0494 onset=1.119587 env=0.000951 peak=0.002508 gain=1.000
2025-12-15 22:45:48 [tracker] [s1] onset-accepted t=4.0494 env=0.000951 gate=0.000022 envDelta=0.000930 envFloor=0.000589 onset=1.119587 thresh=0.006000 onsetDelta=1.113587 baseline=0.000393 floor=0.000180 adapt=0.000981 lastPeak=0.000000 baseParam=0.000180 gateRatio=0.0550 envParam=0.000450 onsetScale=0.300 retriggerScale=1.400 guard=0.060 guardRemain=0.000 activeAge=-1.000 retrigRemain=0.000 pitchHz=-1.00 pitchCents=0.0
2025-12-15 22:45:48 [tracker] [s1] onset t=4.049 env=0.00095 gate=0.00002 envDelta=0.00093 envFloor=0.00059 onset=1.120 thresh=0.006 onsetDelta=1.11359 baseline=0.00039 adaptive=0.00098 lastPeak=0.00000 guard=0.060 activeAge=-1.000 pitch=-1.00Hz pitchCents=0.0
2025-12-15 22:45:48 [tracker] [s6] onset t=4.079 env=0.00172 gate=0.00021 envDelta=0.00150 envFloor=0.00127 onset=1.017 thresh=0.018 onsetDelta=0.99924 baseline=0.00084 adaptive=0.00211 lastPeak=0.00000 guard=0.060 activeAge=-1.000 pitch=-1.00Hz pitchCents=0.0
2025-12-15 22:45:48 [tracker] [s4] onset t=4.148 env=0.00131 gate=0.00011 envDelta=0.00120 envFloor=0.00098 onset=0.790 thresh=0.014 onsetDelta=0.77576 baseline=0.00065 adaptive=0.00163 lastPeak=0.00000 guard=0.060 activeAge=-1.000 pitch=-1.00Hz pitchCents=0.0
2025-12-15 22:45:48 [tracker] [s6] onset t=4.175 env=0.00207 gate=0.00020 envDelta=0.00187 envFloor=0.00118 onset=1.003 thresh=0.018 onsetDelta=0.98475 baseline=0.00079 adaptive=0.00197 lastPeak=0.00000 guard=0.060 activeAge=-1.000 pitch=-1.00Hz pitchCents=0.0
2025-12-15 22:45:48 [tracker] [s6] onset t=4.247 env=0.00216 gate=0.00020 envDelta=0.00195 envFloor=0.00123 onset=1.004 thresh=0.018 onsetDelta=0.98617 baseline=0.00082 adaptive=0.00205 lastPeak=0.00000 guard=0.060 activeAge=-1.000 pitch=-1.00Hz pitchCents=0.0
2025-12-15 22:45:48 [tracker] [s5] onset t=4.263 env=0.00150 gate=0.00015 envDelta=0.00136 envFloor=0.00105 onset=1.247 thresh=0.016 onsetDelta=1.23143 baseline=0.00070 adaptive=0.00176 lastPeak=0.00000 guard=0.060 activeAge=-1.000 pitch=-1.00Hz pitchCents=0.0
2025-12-15 22:45:48 [tracker] [s1] aubio-raw t=4.2734 onset=1.064175 env=0.000769 peak=0.002215 gain=1.000
2025-12-15 22:45:48 [tracker] [s1] onset-accepted t=4.2734 env=0.000769 gate=0.000022 envDelta=0.000747 envFloor=0.000602 onset=1.064175 thresh=0.006000 onsetDelta=1.058175 baseline=0.000401 floor=0.000180 adapt=0.001003 lastPeak=0.000000 baseParam=0.000180 gateRatio=0.0550 envParam=0.000450 onsetScale=0.300 retriggerScale=1.400 guard=0.060 guardRemain=0.000 activeAge=-1.000 retrigRemain=0.000 pitchHz=-1.00 pitchCents=0.0
2025-12-15 22:45:48 [tracker] [s1] onset t=4.273 env=0.00077 gate=0.00002 envDelta=0.00075 envFloor=0.00060 onset=1.064 thresh=0.006 onsetDelta=1.05817 baseline=0.00040 adaptive=0.00100 lastPeak=0.00000 guard=0.060 activeAge=-1.000 pitch=-1.00Hz pitchCents=0.0
2025-12-15 22:45:48 [tracker] [s2] onset t=4.292 env=0.00146 gate=0.00001 envDelta=0.00146 envFloor=0.00098 onset=0.998 thresh=0.009 onsetDelta=0.98852 baseline=0.00065 adaptive=0.00163 lastPeak=0.00000 guard=0.060 activeAge=-1.000 pitch=-1.00Hz pitchCents=0.0
2025-12-15 22:45:48 [tracker] [s2] onset t=4.383 env=0.00130 gate=0.00001 envDelta=0.00129 envFloor=0.00100 onset=0.994 thresh=0.009 onsetDelta=0.98520 baseline=0.00067 adaptive=0.00167 lastPeak=0.00000 guard=0.060 activeAge=-1.000 pitch=-1.00Hz pitchCents=0.0
2025-12-15 22:45:49 [tracker] [s6] onset t=4.476 env=0.00205 gate=0.00021 envDelta=0.00184 envFloor=0.00123 onset=0.865 thresh=0.018 onsetDelta=0.84701 baseline=0.00082 adaptive=0.00205 lastPeak=0.00000 guard=0.060 activeAge=-1.000 pitch=-1.00Hz pitchCents=0.0
2025-12-15 22:45:49 [tracker] [s3] onset t=4.489 env=0.00128 gate=0.00008 envDelta=0.00120 envFloor=0.00093 onset=0.994 thresh=0.012 onsetDelta=0.98194 baseline=0.00062 adaptive=0.00155 lastPeak=0.00000 guard=0.060 activeAge=-1.000 pitch=-1.00Hz pitchCents=0.0
2025-12-15 22:45:49 [tracker] [s4] onset t=4.521 env=0.00108 gate=0.00011 envDelta=0.00097 envFloor=0.00096 onset=0.800 thresh=0.014 onsetDelta=0.78557 baseline=0.00064 adaptive=0.00160 lastPeak=0.00000 guard=0.060 activeAge=-1.000 pitch=-1.00Hz pitchCents=0.0
2025-12-15 22:45:49 [tracker] [s1] aubio-raw t=4.5987 onset=0.997882 env=0.000758 peak=0.001824 gain=1.000
2025-12-15 22:45:49 [tracker] [s1] onset-accepted t=4.5987 env=0.000758 gate=0.000023 envDelta=0.000736 envFloor=0.000614 onset=0.997882 thresh=0.006000 onsetDelta=0.991882 baseline=0.000409 floor=0.000180 adapt=0.001023 lastPeak=0.000000 baseParam=0.000180 gateRatio=0.0550 envParam=0.000450 onsetScale=0.300 retriggerScale=1.400 guard=0.060 guardRemain=0.000 activeAge=-1.000 retrigRemain=0.000 pitchHz=-1.00 pitchCents=0.0
2025-12-15 22:45:49 [tracker] [s1] onset t=4.599 env=0.00076 gate=0.00002 envDelta=0.00074 envFloor=0.00061 onset=0.998 thresh=0.006 onsetDelta=0.99188 baseline=0.00041 adaptive=0.00102 lastPeak=0.00000 guard=0.060 activeAge=-1.000 pitch=-1.00Hz pitchCents=0.0
2025-12-15 22:45:49 [tracker] [s5] onset t=4.735 env=0.00170 gate=0.00015 envDelta=0.00154 envFloor=0.00109 onset=1.013 thresh=0.016 onsetDelta=0.99672 baseline=0.00073 adaptive=0.00182 lastPeak=0.00000 guard=0.060 activeAge=-1.000 pitch=-1.00Hz pitchCents=0.0
2025-12-15 22:45:49 [tracker] [s4] onset t=4.759 env=0.00203 gate=0.00012 envDelta=0.00191 envFloor=0.00105 onset=0.733 thresh=0.014 onsetDelta=0.71889 baseline=0.00070 adaptive=0.00175 lastPeak=0.00000 guard=0.060 activeAge=-1.000 pitch=-1.00Hz pitchCents=0.0
2025-12-15 22:45:49 [tracker] [s1] aubio-raw t=4.7933 onset=0.996670 env=0.000909 peak=0.002579 gain=1.000
2025-12-15 22:45:49 [tracker] [s1] onset-accepted t=4.7933 env=0.000909 gate=0.000021 envDelta=0.000888 envFloor=0.000564 onset=0.996670 thresh=0.006000 onsetDelta=0.990670 baseline=0.000376 floor=0.000180 adapt=0.000940 lastPeak=0.000000 baseParam=0.000180 gateRatio=0.0550 envParam=0.000450 onsetScale=0.300 retriggerScale=1.400 guard=0.060 guardRemain=0.000 activeAge=-1.000 retrigRemain=0.000 pitchHz=-1.00 pitchCents=0.0
2025-12-15 22:45:49 [tracker] [s1] onset t=4.793 env=0.00091 gate=0.00002 envDelta=0.00089 envFloor=0.00056 onset=0.997 thresh=0.006 onsetDelta=0.99067 baseline=0.00038 adaptive=0.00094 lastPeak=0.00000 guard=0.060 activeAge=-1.000 pitch=-1.00Hz pitchCents=0.0
2025-12-15 22:45:49 [tracker] [s5] onset t=4.836 env=0.00158 gate=0.00015 envDelta=0.00143 envFloor=0.00110 onset=0.996 thresh=0.016 onsetDelta=0.98048 baseline=0.00073 adaptive=0.00183 lastPeak=0.00000 guard=0.060 activeAge=-1.000 pitch=-1.00Hz pitchCents=0.0
2025-12-15 22:45:49 [tracker] [s4] onset t=4.905 env=0.00153 gate=0.00011 envDelta=0.00142 envFloor=0.00095 onset=0.999 thresh=0.014 onsetDelta=0.98500 baseline=0.00064 adaptive=0.00159 lastPeak=0.00000 guard=0.060 activeAge=-1.000 pitch=-1.00Hz pitchCents=0.0
2025-12-15 22:45:49 [tracker] [s4] onset t=4.975 env=0.00141 gate=0.00011 envDelta=0.00130 envFloor=0.00093 onset=0.996 thresh=0.014 onsetDelta=0.98214 baseline=0.00062 adaptive=0.00156 lastPeak=0.00000 guard=0.060 activeAge=-1.000 pitch=-1.00Hz pitchCents=0.0
2025-12-15 22:45:49 [tracker] [s5] onset t=5.023 env=0.00175 gate=0.00015 envDelta=0.00160 envFloor=0.00109 onset=0.952 thresh=0.016 onsetDelta=0.93618 baseline=0.00072 adaptive=0.00181 lastPeak=0.00000 guard=0.060 activeAge=-1.000 pitch=-1.00Hz pitchCents=0.0
2025-12-15 22:45:49 [tracker] [s2] onset t=5.103 env=0.00184 gate=0.00001 envDelta=0.00183 envFloor=0.00095 onset=1.031 thresh=0.009 onsetDelta=1.02234 baseline=0.00063 adaptive=0.00159 lastPeak=0.00000 guard=0.060 activeAge=-1.000 pitch=-1.00Hz pitchCents=0.0
2025-12-15 22:45:49 [tracker] [s1] aubio-raw t=5.1373 onset=1.014822 env=0.000832 peak=0.002163 gain=1.000
2025-12-15 22:45:49 [tracker] [s1] onset-accepted t=5.1373 env=0.000832 gate=0.000024 envDelta=0.000808 envFloor=0.000649 onset=1.014822 thresh=0.006000 onsetDelta=1.008822 baseline=0.000433 floor=0.000180 adapt=0.001082 lastPeak=0.000000 baseParam=0.000180 gateRatio=0.0550 envParam=0.000450 onsetScale=0.300 retriggerScale=1.400 guard=0.060 guardRemain=0.000 activeAge=-1.000 retrigRemain=0.000 pitchHz=-1.00 pitchCents=0.0
2025-12-15 22:45:49 [tracker] [s1] onset t=5.137 env=0.00083 gate=0.00002 envDelta=0.00081 envFloor=0.00065 onset=1.015 thresh=0.006 onsetDelta=1.00882 baseline=0.00043 adaptive=0.00108 lastPeak=0.00000 guard=0.060 activeAge=-1.000 pitch=-1.00Hz pitchCents=0.0
2025-12-15 22:45:49 [tracker] [s3] onset t=5.153 env=0.00130 gate=0.00008 envDelta=0.00122 envFloor=0.00095 onset=1.082 thresh=0.012 onsetDelta=1.07023 baseline=0.00063 adaptive=0.00159 lastPeak=0.00000 guard=0.060 activeAge=-1.000 pitch=-1.00Hz pitchCents=0.0
2025-12-15 22:45:49 [tracker] [s1] aubio-raw t=5.3186 onset=1.162304 env=0.000552 peak=0.001409 gain=1.000
2025-12-15 22:45:49 [tracker] [s1] onset-below-env-floor t=5.3186 env=0.000552 gate=0.000023 envDelta=0.000530 envFloor=0.000620 onset=1.162304 thresh=0.006000 onsetDelta=1.156304 baseline=0.000414 floor=0.000180 adapt=0.001034 lastPeak=0.000000 baseParam=0.000180 gateRatio=0.0550 envParam=0.000450 onsetScale=0.300 retriggerScale=1.400 guard=0.060 guardRemain=0.000 activeAge=-1.000 retrigRemain=0.000 pitchHz=-1.00 pitchCents=0.0
2025-12-15 22:45:49 [tracker] [s5] onset t=5.321 env=0.00143 gate=0.00014 envDelta=0.00129 envFloor=0.00100 onset=0.752 thresh=0.016 onsetDelta=0.73642 baseline=0.00067 adaptive=0.00167 lastPeak=0.00000 guard=0.060 activeAge=-1.000 pitch=-1.00Hz pitchCents=0.0
2025-12-15 22:45:49 [tracker] [s4] onset t=5.327 env=0.00164 gate=0.00011 envDelta=0.00153 envFloor=0.00095 onset=0.910 thresh=0.014 onsetDelta=0.89595 baseline=0.00063 adaptive=0.00158 lastPeak=0.00000 guard=0.060 activeAge=-1.000 pitch=-1.00Hz pitchCents=0.0
2025-12-15 22:45:49 [tracker] [s3] onset t=5.340 env=0.00158 gate=0.00008 envDelta=0.00150 envFloor=0.00090 onset=0.998 thresh=0.012 onsetDelta=0.98591 baseline=0.00060 adaptive=0.00150 lastPeak=0.00000 guard=0.060 activeAge=-1.000 pitch=-1.00Hz pitchCents=0.0
2025-12-15 22:45:49 [tracker] [s6] onset t=5.356 env=0.00202 gate=0.00019 envDelta=0.00182 envFloor=0.00117 onset=0.985 thresh=0.018 onsetDelta=0.96717 baseline=0.00078 adaptive=0.00195 lastPeak=0.00000 guard=0.060 activeAge=-1.000 pitch=-1.00Hz pitchCents=0.0
2025-12-15 22:45:49 [tracker] [s6] onset t=5.423 env=0.00209 gate=0.00020 envDelta=0.00189 envFloor=0.00121 onset=1.077 thresh=0.018 onsetDelta=1.05943 baseline=0.00080 adaptive=0.00201 lastPeak=0.00000 guard=0.060 activeAge=-1.000 pitch=-1.00Hz pitchCents=0.0
2025-12-15 22:45:50 [tracker] [s4] onset t=5.431 env=0.00158 gate=0.00012 envDelta=0.00146 envFloor=0.00102 onset=0.865 thresh=0.014 onsetDelta=0.85111 baseline=0.00068 adaptive=0.00170 lastPeak=0.00000 guard=0.060 activeAge=-1.000 pitch=-1.00Hz pitchCents=0.0
2025-12-15 22:45:50 [tracker] [s3] onset t=5.441 env=0.00113 gate=0.00008 envDelta=0.00105 envFloor=0.00088 onset=0.812 thresh=0.012 onsetDelta=0.80011 baseline=0.00059 adaptive=0.00147 lastPeak=0.00000 guard=0.060 activeAge=-1.000 pitch=-1.00Hz pitchCents=0.0
2025-12-15 22:45:50 [tracker] [s5] onset t=5.529 env=0.00183 gate=0.00016 envDelta=0.00167 envFloor=0.00113 onset=0.895 thresh=0.016 onsetDelta=0.87877 baseline=0.00075 adaptive=0.00188 lastPeak=0.00000 guard=0.060 activeAge=-1.000 pitch=-1.00Hz pitchCents=0.0
2025-12-15 22:45:50 [tracker] [s4] onset t=5.625 env=0.00137 gate=0.00011 envDelta=0.00126 envFloor=0.00095 onset=0.967 thresh=0.014 onsetDelta=0.95296 baseline=0.00064 adaptive=0.00159 lastPeak=0.00000 guard=0.060 activeAge=-1.000 pitch=-1.00Hz pitchCents=0.0
2025-12-15 22:45:50 [tracker] [s5] onset t=5.647 env=0.00168 gate=0.00014 envDelta=0.00154 envFloor=0.00103 onset=0.994 thresh=0.016 onsetDelta=0.97769 baseline=0.00069 adaptive=0.00171 lastPeak=0.00000 guard=0.060 activeAge=-1.000 pitch=-1.00Hz pitchCents=0.0
2025-12-15 22:45:50 [tracker] [s4] onset t=5.748 env=0.00126 gate=0.00011 envDelta=0.00115 envFloor=0.00096 onset=0.996 thresh=0.014 onsetDelta=0.98238 baseline=0.00064 adaptive=0.00160 lastPeak=0.00000 guard=0.060 activeAge=-1.000 pitch=-1.00Hz pitchCents=0.0
2025-12-15 22:45:50 [tracker] [s2] onset t=5.788 env=0.00153 gate=0.00001 envDelta=0.00152 envFloor=0.00096 onset=0.928 thresh=0.009 onsetDelta=0.91949 baseline=0.00064 adaptive=0.00161 lastPeak=0.00000 guard=0.060 activeAge=-1.000 pitch=-1.00Hz pitchCents=0.0
2025-12-15 22:45:50 [tracker] [s1] aubio-raw t=5.8412 onset=0.993457 env=0.000720 peak=0.002086 gain=1.000
2025-12-15 22:45:50 [tracker] [s1] onset-accepted t=5.8412 env=0.000720 gate=0.000021 envDelta=0.000699 envFloor=0.000579 onset=0.993457 thresh=0.006000 onsetDelta=0.987457 baseline=0.000386 floor=0.000180 adapt=0.000965 lastPeak=0.000000 baseParam=0.000180 gateRatio=0.0550 envParam=0.000450 onsetScale=0.300 retriggerScale=1.400 guard=0.060 guardRemain=0.000 activeAge=-1.000 retrigRemain=0.000 pitchHz=-1.00 pitchCents=0.0
2025-12-15 22:45:50 [tracker] [s1] onset t=5.841 env=0.00072 gate=0.00002 envDelta=0.00070 envFloor=0.00058 onset=0.993 thresh=0.006 onsetDelta=0.98746 baseline=0.00039 adaptive=0.00096 lastPeak=0.00000 guard=0.060 activeAge=-1.000 pitch=-1.00Hz pitchCents=0.0
2025-12-15 22:45:50 [tracker] [s2] onset t=5.889 env=0.00132 gate=0.00001 envDelta=0.00131 envFloor=0.00097 onset=0.691 thresh=0.009 onsetDelta=0.68221 baseline=0.00064 adaptive=0.00161 lastPeak=0.00000 guard=0.060 activeAge=-1.000 pitch=-1.00Hz pitchCents=0.0
2025-12-15 22:45:50 [tracker] [s6] onset t=5.892 env=0.00202 gate=0.00022 envDelta=0.00180 envFloor=0.00131 onset=1.219 thresh=0.018 onsetDelta=1.20122 baseline=0.00087 adaptive=0.00218 lastPeak=0.00000 guard=0.060 activeAge=-1.000 pitch=-1.00Hz pitchCents=0.0
2025-12-15 22:45:50 [tracker] [s6] onset t=5.953 env=0.00172 gate=0.00021 envDelta=0.00150 envFloor=0.00127 onset=1.317 thresh=0.018 onsetDelta=1.29888 baseline=0.00085 adaptive=0.00211 lastPeak=0.00000 guard=0.060 activeAge=-1.000 pitch=-1.00Hz pitchCents=0.0
2025-12-15 22:45:50 [tracker] [s6] onset t=6.015 env=0.00155 gate=0.00020 envDelta=0.00136 envFloor=0.00119 onset=0.731 thresh=0.018 onsetDelta=0.71278 baseline=0.00079 adaptive=0.00198 lastPeak=0.00000 guard=0.060 activeAge=-1.000 pitch=-1.00Hz pitchCents=0.0
2025-12-15 22:45:50 [tracker] [s3] onset t=6.039 env=0.00153 gate=0.00008 envDelta=0.00145 envFloor=0.00091 onset=0.995 thresh=0.012 onsetDelta=0.98379 baseline=0.00061 adaptive=0.00152 lastPeak=0.00000 guard=0.060 activeAge=-1.000 pitch=-1.00Hz pitchCents=0.0
2025-12-15 22:45:50 [tracker] [s4] onset t=6.151 env=0.00142 gate=0.00011 envDelta=0.00131 envFloor=0.00098 onset=0.929 thresh=0.014 onsetDelta=0.91538 baseline=0.00065 adaptive=0.00164 lastPeak=0.00000 guard=0.060 activeAge=-1.000 pitch=-1.00Hz pitchCents=0.0
2025-12-15 22:45:50 [tracker] [s3] onset t=6.180 env=0.00100 gate=0.00008 envDelta=0.00092 envFloor=0.00088 onset=1.085 thresh=0.012 onsetDelta=1.07325 baseline=0.00059 adaptive=0.00147 lastPeak=0.00000 guard=0.060 activeAge=-1.000 pitch=-1.00Hz pitchCents=0.0
2025-12-15 22:45:50 [tracker] [s2] onset t=6.252 env=0.00136 gate=0.00001 envDelta=0.00136 envFloor=0.00105 onset=1.483 thresh=0.009 onsetDelta=1.47422 baseline=0.00070 adaptive=0.00176 lastPeak=0.00000 guard=0.060 activeAge=-1.000 pitch=-1.00Hz pitchCents=0.0
2025-12-15 22:45:50 [tracker] [s1] aubio-raw t=6.3692 onset=0.999470 env=0.001035 peak=0.002509 gain=1.000
2025-12-15 22:45:50 [tracker] [s1] onset-accepted t=6.3692 env=0.001035 gate=0.000021 envDelta=0.001014 envFloor=0.000582 onset=0.999470 thresh=0.006000 onsetDelta=0.993470 baseline=0.000388 floor=0.000180 adapt=0.000970 lastPeak=0.000000 baseParam=0.000180 gateRatio=0.0550 envParam=0.000450 onsetScale=0.300 retriggerScale=1.400 guard=0.060 guardRemain=0.000 activeAge=-1.000 retrigRemain=0.000 pitchHz=-1.00 pitchCents=0.0
2025-12-15 22:45:50 [tracker] [s1] onset t=6.369 env=0.00104 gate=0.00002 envDelta=0.00101 envFloor=0.00058 onset=0.999 thresh=0.006 onsetDelta=0.99347 baseline=0.00039 adaptive=0.00097 lastPeak=0.00000 guard=0.060 activeAge=-1.000 pitch=-1.00Hz pitchCents=0.0
2025-12-15 22:45:50 [tracker] [s3] onset t=6.393 env=0.00134 gate=0.00008 envDelta=0.00127 envFloor=0.00089 onset=0.582 thresh=0.012 onsetDelta=0.56990 baseline=0.00059 adaptive=0.00149 lastPeak=0.00000 guard=0.060 activeAge=-1.000 pitch=-1.00Hz pitchCents=0.0
2025-12-15 22:45:51 [tracker] [s1] aubio-raw t=6.4439 onset=1.202499 env=0.001339 peak=0.002759 gain=1.000
2025-12-15 22:45:51 [tracker] [s1] onset-accepted t=6.4439 env=0.001339 gate=0.000024 envDelta=0.001316 envFloor=0.000649 onset=1.202499 thresh=0.006000 onsetDelta=1.196499 baseline=0.000433 floor=0.000180 adapt=0.001082 lastPeak=0.000000 baseParam=0.000180 gateRatio=0.0550 envParam=0.000450 onsetScale=0.300 retriggerScale=1.400 guard=0.060 guardRemain=0.000 activeAge=-1.000 retrigRemain=0.000 pitchHz=-1.00 pitchCents=0.0
2025-12-15 22:45:51 [tracker] [s1] onset t=6.444 env=0.00134 gate=0.00002 envDelta=0.00132 envFloor=0.00065 onset=1.202 thresh=0.006 onsetDelta=1.19650 baseline=0.00043 adaptive=0.00108 lastPeak=0.00000 guard=0.060 activeAge=-1.000 pitch=-1.00Hz pitchCents=0.0
2025-12-15 22:45:51 [tracker] [s4] onset t=6.471 env=0.00146 gate=0.00011 envDelta=0.00135 envFloor=0.00094 onset=1.432 thresh=0.014 onsetDelta=1.41811 baseline=0.00063 adaptive=0.00156 lastPeak=0.00000 guard=0.060 activeAge=-1.000 pitch=-1.00Hz pitchCents=0.0
2025-12-15 22:45:51 [tracker] [s6] onset t=6.745 env=0.00173 gate=0.00021 envDelta=0.00152 envFloor=0.00125 onset=1.162 thresh=0.018 onsetDelta=1.14407 baseline=0.00084 adaptive=0.00209 lastPeak=0.00000 guard=0.060 activeAge=-1.000 pitch=-1.00Hz pitchCents=0.0
2025-12-15 22:45:51 [tracker] [s4] onset t=6.753 env=0.00130 gate=0.00011 envDelta=0.00118 envFloor=0.00099 onset=1.023 thresh=0.014 onsetDelta=1.00930 baseline=0.00066 adaptive=0.00165 lastPeak=0.00000 guard=0.060 activeAge=-1.000 pitch=-1.00Hz pitchCents=0.0
2025-12-15 22:45:51 [tracker] [s5] onset t=6.764 env=0.00161 gate=0.00015 envDelta=0.00146 envFloor=0.00107 onset=0.997 thresh=0.016 onsetDelta=0.98052 baseline=0.00071 adaptive=0.00178 lastPeak=0.00000 guard=0.060 activeAge=-1.000 pitch=-1.00Hz pitchCents=0.0
2025-12-15 22:45:51 [tracker] [s1] aubio-raw t=6.8945 onset=1.431234 env=0.000671 peak=0.001871 gain=1.000
2025-12-15 22:45:51 [tracker] [s1] onset-accepted t=6.8945 env=0.000671 gate=0.000022 envDelta=0.000649 envFloor=0.000612 onset=1.431234 thresh=0.006000 onsetDelta=1.425234 baseline=0.000408 floor=0.000180 adapt=0.001020 lastPeak=0.000000 baseParam=0.000180 gateRatio=0.0550 envParam=0.000450 onsetScale=0.300 retriggerScale=1.400 guard=0.060 guardRemain=0.000 activeAge=-1.000 retrigRemain=0.000 pitchHz=-1.00 pitchCents=0.0
2025-12-15 22:45:51 [tracker] [s1] onset t=6.895 env=0.00067 gate=0.00002 envDelta=0.00065 envFloor=0.00061 onset=1.431 thresh=0.006 onsetDelta=1.42523 baseline=0.00041 adaptive=0.00102 lastPeak=0.00000 guard=0.060 activeAge=-1.000 pitch=-1.00Hz pitchCents=0.0
2025-12-15 22:45:51 [tracker] [s1] aubio-raw t=7.0572 onset=0.994175 env=0.000634 peak=0.001659 gain=1.000
2025-12-15 22:45:51 [tracker] [s1] onset-below-env-floor t=7.0572 env=0.000634 gate=0.000024 envDelta=0.000611 envFloor=0.000649 onset=0.994175 thresh=0.006000 onsetDelta=0.988175 baseline=0.000433 floor=0.000180 adapt=0.001081 lastPeak=0.000000 baseParam=0.000180 gateRatio=0.0550 envParam=0.000450 onsetScale=0.300 retriggerScale=1.400 guard=0.060 guardRemain=0.000 activeAge=-1.000 retrigRemain=0.000 pitchHz=-1.00 pitchCents=0.0
2025-12-15 22:45:51 [tracker] [s5] onset t=7.134 env=0.00169 gate=0.00015 envDelta=0.00154 envFloor=0.00106 onset=0.755 thresh=0.016 onsetDelta=0.73913 baseline=0.00071 adaptive=0.00176 lastPeak=0.00000 guard=0.060 activeAge=-1.000 pitch=-1.00Hz pitchCents=0.0
2025-12-15 22:45:51 [tracker] [s4] onset t=7.174 env=0.00158 gate=0.00011 envDelta=0.00147 envFloor=0.00101 onset=1.342 thresh=0.014 onsetDelta=1.32805 baseline=0.00067 adaptive=0.00168 lastPeak=0.00000 guard=0.060 activeAge=-1.000 pitch=-1.00Hz pitchCents=0.0
2025-12-15 22:45:51 [tracker] [s5] onset t=7.185 env=0.00155 gate=0.00014 envDelta=0.00141 envFloor=0.00103 onset=1.140 thresh=0.016 onsetDelta=1.12427 baseline=0.00068 adaptive=0.00171 lastPeak=0.00000 guard=0.060 activeAge=-1.000 pitch=-1.00Hz pitchCents=0.0
2025-12-15 22:45:51 [tracker] [s4] onset t=7.268 env=0.00186 gate=0.00011 envDelta=0.00175 envFloor=0.00097 onset=1.044 thresh=0.014 onsetDelta=1.03047 baseline=0.00065 adaptive=0.00161 lastPeak=0.00000 guard=0.060 activeAge=-1.000 pitch=-1.00Hz pitchCents=0.0
2025-12-15 22:45:51 [tracker] [s1] aubio-raw t=7.2891 onset=1.351251 env=0.001106 peak=0.002293 gain=1.000
2025-12-15 22:45:51 [tracker] [s1] onset-accepted t=7.2891 env=0.001106 gate=0.000020 envDelta=0.001085 envFloor=0.000557 onset=1.351251 thresh=0.006000 onsetDelta=1.345251 baseline=0.000372 floor=0.000180 adapt=0.000929 lastPeak=0.000000 baseParam=0.000180 gateRatio=0.0550 envParam=0.000450 onsetScale=0.300 retriggerScale=1.400 guard=0.060 guardRemain=0.000 activeAge=-1.000 retrigRemain=0.000 pitchHz=-1.00 pitchCents=0.0
2025-12-15 22:45:51 [tracker] [s1] onset t=7.289 env=0.00111 gate=0.00002 envDelta=0.00109 envFloor=0.00056 onset=1.351 thresh=0.006 onsetDelta=1.34525 baseline=0.00037 adaptive=0.00093 lastPeak=0.00000 guard=0.060 activeAge=-1.000 pitch=-1.00Hz pitchCents=0.0
2025-12-15 22:45:51 [tracker] [s6] onset t=7.329 env=0.00208 gate=0.00021 envDelta=0.00187 envFloor=0.00127 onset=1.335 thresh=0.018 onsetDelta=1.31651 baseline=0.00085 adaptive=0.00212 lastPeak=0.00000 guard=0.060 activeAge=-1.000 pitch=-1.00Hz pitchCents=0.0
2025-12-15 22:45:52 [tracker] [s5] onset t=7.436 env=0.00169 gate=0.00015 envDelta=0.00154 envFloor=0.00109 onset=1.029 thresh=0.016 onsetDelta=1.01269 baseline=0.00073 adaptive=0.00182 lastPeak=0.00000 guard=0.060 activeAge=-1.000 pitch=-1.00Hz pitchCents=0.0
2025-12-15 22:45:52 [tracker] [s6] onset t=7.454 env=0.00195 gate=0.00021 envDelta=0.00174 envFloor=0.00125 onset=0.998 thresh=0.018 onsetDelta=0.98043 baseline=0.00083 adaptive=0.00208 lastPeak=0.00000 guard=0.060 activeAge=-1.000 pitch=-1.00Hz pitchCents=0.0
2025-12-15 22:45:52 [tracker] [s2] onset t=7.505 env=0.00122 gate=0.00001 envDelta=0.00122 envFloor=0.00097 onset=1.075 thresh=0.009 onsetDelta=1.06554 baseline=0.00064 adaptive=0.00161 lastPeak=0.00000 guard=0.060 activeAge=-1.000 pitch=97.56Hz pitchCents=-207.8
2025-12-15 22:45:52 [tracker] [s6] onset t=7.545 env=0.00167 gate=0.00020 envDelta=0.00147 envFloor=0.00119 onset=1.260 thresh=0.018 onsetDelta=1.24172 baseline=0.00079 adaptive=0.00198 lastPeak=0.00000 guard=0.060 activeAge=-1.000 pitch=-1.00Hz pitchCents=0.0
2025-12-15 22:45:52 [tracker] [s2] onset t=7.556 env=0.00122 gate=0.00001 envDelta=0.00122 envFloor=0.00101 onset=0.903 thresh=0.009 onsetDelta=0.89396 baseline=0.00067 adaptive=0.00168 lastPeak=0.00000 guard=0.060 activeAge=-1.000 pitch=216.20Hz pitchCents=1169.9
2025-12-15 22:45:52 [tracker] [s5] onset t=7.612 env=0.00190 gate=0.00015 envDelta=0.00175 envFloor=0.00105 onset=1.200 thresh=0.016 onsetDelta=1.18435 baseline=0.00070 adaptive=0.00176 lastPeak=0.00000 guard=0.060 activeAge=-1.000 pitch=-1.00Hz pitchCents=0.0
2025-12-15 22:45:52 [tracker] [s1] aubio-raw t=7.6411 onset=0.997016 env=0.000613 peak=0.001573 gain=1.000
2025-12-15 22:45:52 [tracker] [s1] onset-accepted t=7.6411 env=0.000613 gate=0.000021 envDelta=0.000592 envFloor=0.000581 onset=0.997016 thresh=0.006000 onsetDelta=0.991016 baseline=0.000387 floor=0.000180 adapt=0.000968 lastPeak=0.000000 baseParam=0.000180 gateRatio=0.0550 envParam=0.000450 onsetScale=0.300 retriggerScale=1.400 guard=0.060 guardRemain=0.000 activeAge=-1.000 retrigRemain=0.000 pitchHz=-1.00 pitchCents=0.0
2025-12-15 22:45:52 [tracker] [s1] onset t=7.641 env=0.00061 gate=0.00002 envDelta=0.00059 envFloor=0.00058 onset=0.997 thresh=0.006 onsetDelta=0.99102 baseline=0.00039 adaptive=0.00097 lastPeak=0.00000 guard=0.060 activeAge=-1.000 pitch=-1.00Hz pitchCents=0.0
2025-12-15 22:45:52 [tracker] [s5] onset t=7.748 env=0.00181 gate=0.00016 envDelta=0.00166 envFloor=0.00112 onset=0.903 thresh=0.016 onsetDelta=0.88741 baseline=0.00075 adaptive=0.00187 lastPeak=0.00000 guard=0.060 activeAge=-1.000 pitch=-1.00Hz pitchCents=0.0
2025-12-15 22:45:52 [tracker] [s5] onset t=7.798 env=0.00198 gate=0.00016 envDelta=0.00182 envFloor=0.00118 onset=0.861 thresh=0.016 onsetDelta=0.84513 baseline=0.00078 adaptive=0.00196 lastPeak=0.00000 guard=0.060 activeAge=-1.000 pitch=-1.00Hz pitchCents=0.0
2025-12-15 22:45:52 [tracker] [s3] onset t=7.870 env=0.00147 gate=0.00008 envDelta=0.00138 envFloor=0.00095 onset=0.996 thresh=0.012 onsetDelta=0.98404 baseline=0.00063 adaptive=0.00158 lastPeak=0.00000 guard=0.060 activeAge=-1.000 pitch=-1.00Hz pitchCents=0.0
2025-12-15 22:45:52 [tracker] [s2] onset t=7.881 env=0.00105 gate=0.00001 envDelta=0.00104 envFloor=0.00095 onset=0.779 thresh=0.009 onsetDelta=0.77038 baseline=0.00063 adaptive=0.00158 lastPeak=0.00000 guard=0.060 activeAge=-1.000 pitch=-1.00Hz pitchCents=0.0
2025-12-15 22:45:52 [tracker] [s6] onset t=7.929 env=0.00179 gate=0.00020 envDelta=0.00159 envFloor=0.00118 onset=1.216 thresh=0.018 onsetDelta=1.19757 baseline=0.00079 adaptive=0.00197 lastPeak=0.00000 guard=0.060 activeAge=-1.000 pitch=-1.00Hz pitchCents=0.0
2025-12-15 22:45:52 [tracker] [s4] onset t=8.065 env=0.00149 gate=0.00011 envDelta=0.00138 envFloor=0.00094 onset=0.860 thresh=0.014 onsetDelta=0.84615 baseline=0.00063 adaptive=0.00156 lastPeak=0.00000 guard=0.060 activeAge=-1.000 pitch=-1.00Hz pitchCents=0.0
2025-12-15 22:45:52 [tracker] [s1] aubio-raw t=8.1024 onset=0.758924 env=0.001415 peak=0.003115 gain=1.000
2025-12-15 22:45:52 [tracker] [s1] onset-accepted t=8.1024 env=0.001415 gate=0.000023 envDelta=0.001392 envFloor=0.000620 onset=0.758924 thresh=0.006000 onsetDelta=0.752924 baseline=0.000413 floor=0.000180 adapt=0.001033 lastPeak=0.000000 baseParam=0.000180 gateRatio=0.0550 envParam=0.000450 onsetScale=0.300 retriggerScale=1.400 guard=0.060 guardRemain=0.000 activeAge=-1.000 retrigRemain=0.000 pitchHz=195.11 pitchCents=1492.2
2025-12-15 22:45:52 [tracker] [s1] onset t=8.102 env=0.00142 gate=0.00002 envDelta=0.00139 envFloor=0.00062 onset=0.759 thresh=0.006 onsetDelta=0.75292 baseline=0.00041 adaptive=0.00103 lastPeak=0.00000 guard=0.060 activeAge=-1.000 pitch=195.11Hz pitchCents=1492.2
2025-12-15 22:45:52 [tracker] [s1] aubio-raw t=8.1771 onset=0.997910 env=0.001050 peak=0.002801 gain=1.000
2025-12-15 22:45:52 [tracker] [s1] onset-accepted t=8.1771 env=0.001050 gate=0.000022 envDelta=0.001028 envFloor=0.000601 onset=0.997910 thresh=0.006000 onsetDelta=0.991910 baseline=0.000401 floor=0.000180 adapt=0.001002 lastPeak=0.000000 baseParam=0.000180 gateRatio=0.0550 envParam=0.000450 onsetScale=0.300 retriggerScale=1.400 guard=0.060 guardRemain=0.000 activeAge=-1.000 retrigRemain=0.000 pitchHz=-1.00 pitchCents=0.0
2025-12-15 22:45:52 [tracker] [s1] onset t=8.177 env=0.00105 gate=0.00002 envDelta=0.00103 envFloor=0.00060 onset=0.998 thresh=0.006 onsetDelta=0.99191 baseline=0.00040 adaptive=0.00100 lastPeak=0.00000 guard=0.060 activeAge=-1.000 pitch=-1.00Hz pitchCents=0.0
2025-12-15 22:45:52 [tracker] [s6] onset t=8.180 env=0.00214 gate=0.00022 envDelta=0.00193 envFloor=0.00130 onset=0.996 thresh=0.018 onsetDelta=0.97836 baseline=0.00087 adaptive=0.00216 lastPeak=0.00000 guard=0.060 activeAge=-1.000 pitch=-1.00Hz pitchCents=0.0
2025-12-15 22:45:52 [tracker] [s2] onset t=8.196 env=0.00154 gate=0.00001 envDelta=0.00153 envFloor=0.00097 onset=1.440 thresh=0.009 onsetDelta=1.43115 baseline=0.00065 adaptive=0.00162 lastPeak=0.00000 guard=0.060 activeAge=-1.000 pitch=363.64Hz pitchCents=2070.0
2025-12-15 22:45:52 [tracker] [s6] onset t=8.246 env=0.00196 gate=0.00021 envDelta=0.00175 envFloor=0.00126 onset=1.038 thresh=0.018 onsetDelta=1.01994 baseline=0.00084 adaptive=0.00210 lastPeak=0.00000 guard=0.060 activeAge=-1.000 pitch=-1.00Hz pitchCents=0.0
2025-12-15 22:45:52 [tracker] [s2] onset t=8.265 env=0.00119 gate=0.00001 envDelta=0.00118 envFloor=0.00105 onset=1.076 thresh=0.009 onsetDelta=1.06690 baseline=0.00070 adaptive=0.00174 lastPeak=0.00000 guard=0.060 activeAge=-1.000 pitch=275.82Hz pitchCents=1591.4
2025-12-15 22:45:52 [tracker] [s3] onset t=8.292 env=0.00126 gate=0.00007 envDelta=0.00119 envFloor=0.00086 onset=1.315 thresh=0.012 onsetDelta=1.30298 baseline=0.00058 adaptive=0.00144 lastPeak=0.00000 guard=0.060 activeAge=-1.000 pitch=-1.00Hz pitchCents=0.0
2025-12-15 22:45:52 [tracker] [s4] onset t=8.332 env=0.00122 gate=0.00010 envDelta=0.00112 envFloor=0.00093 onset=1.051 thresh=0.014 onsetDelta=1.03725 baseline=0.00062 adaptive=0.00154 lastPeak=0.00000 guard=0.060 activeAge=-1.000 pitch=-1.00Hz pitchCents=0.0
2025-12-15 22:45:52 [tracker] [s2] onset t=8.345 env=0.00176 gate=0.00001 envDelta=0.00175 envFloor=0.00095 onset=0.997 thresh=0.009 onsetDelta=0.98756 baseline=0.00063 adaptive=0.00159 lastPeak=0.00000 guard=0.060 activeAge=-1.000 pitch=347.87Hz pitchCents=1993.2
2025-12-15 22:45:53 [tracker] [s2] onset t=8.500 env=0.00122 gate=0.00001 envDelta=0.00122 envFloor=0.00095 onset=0.993 thresh=0.009 onsetDelta=0.98408 baseline=0.00063 adaptive=0.00158 lastPeak=0.00000 guard=0.060 activeAge=-1.000 pitch=-1.00Hz pitchCents=0.0
2025-12-15 22:45:53 [tracker] [s5] onset t=8.558 env=0.00178 gate=0.00016 envDelta=0.00162 envFloor=0.00114 onset=1.001 thresh=0.016 onsetDelta=0.98502 baseline=0.00076 adaptive=0.00190 lastPeak=0.00000 guard=0.060 activeAge=-1.000 pitch=-1.00Hz pitchCents=0.0
2025-12-15 22:45:53 [tracker] [s3] onset t=8.572 env=0.00130 gate=0.00008 envDelta=0.00122 envFloor=0.00095 onset=1.003 thresh=0.012 onsetDelta=0.99165 baseline=0.00063 adaptive=0.00158 lastPeak=0.00000 guard=0.060 activeAge=-1.000 pitch=-1.00Hz pitchCents=0.0
2025-12-15 22:45:53 [tracker] [s2] onset t=8.582 env=0.00157 gate=0.00001 envDelta=0.00157 envFloor=0.00102 onset=0.780 thresh=0.009 onsetDelta=0.77103 baseline=0.00068 adaptive=0.00170 lastPeak=0.00000 guard=0.060 activeAge=-1.000 pitch=-1.00Hz pitchCents=0.0
2025-12-15 22:45:53 [tracker] [s4] onset t=8.582 env=0.00163 gate=0.00011 envDelta=0.00152 envFloor=0.00099 onset=0.995 thresh=0.014 onsetDelta=0.98063 baseline=0.00066 adaptive=0.00166 lastPeak=0.00000 guard=0.060 activeAge=-1.000 pitch=-1.00Hz pitchCents=0.0
2025-12-15 22:45:53 [tracker] [s1] aubio-raw t=8.6597 onset=1.094786 env=0.000623 peak=0.001751 gain=1.000
2025-12-15 22:45:53 [tracker] [s1] onset-accepted t=8.6597 env=0.000623 gate=0.000021 envDelta=0.000602 envFloor=0.000577 onset=1.094786 thresh=0.006000 onsetDelta=1.088786 baseline=0.000385 floor=0.000180 adapt=0.000962 lastPeak=0.000000 baseParam=0.000180 gateRatio=0.0550 envParam=0.000450 onsetScale=0.300 retriggerScale=1.400 guard=0.060 guardRemain=0.000 activeAge=-1.000 retrigRemain=0.000 pitchHz=95.23 pitchCents=250.4
2025-12-15 22:45:53 [tracker] [s1] onset t=8.660 env=0.00062 gate=0.00002 envDelta=0.00060 envFloor=0.00058 onset=1.095 thresh=0.006 onsetDelta=1.08879 baseline=0.00038 adaptive=0.00096 lastPeak=0.00000 guard=0.060 activeAge=-1.000 pitch=95.23Hz pitchCents=250.4
2025-12-15 22:45:53 [tracker] [s3] onset t=8.668 env=0.00155 gate=0.00008 envDelta=0.00147 envFloor=0.00091 onset=1.029 thresh=0.012 onsetDelta=1.01771 baseline=0.00061 adaptive=0.00152 lastPeak=0.00000 guard=0.060 activeAge=-1.000 pitch=-1.00Hz pitchCents=0.0
2025-12-15 22:45:53 [tracker] [s2] onset t=8.793 env=0.00139 gate=0.00001 envDelta=0.00139 envFloor=0.00091 onset=1.237 thresh=0.009 onsetDelta=1.22818 baseline=0.00061 adaptive=0.00152 lastPeak=0.00000 guard=0.060 activeAge=-1.000 pitch=615.19Hz pitchCents=2980.2
2025-12-15 22:45:53 [tracker] [s2] note-start t=8.793 fret=24 midi=69 vel=0.02 env=0.00139
2025-12-15 22:45:53 [tracker] [s1] aubio-raw t=8.8277 onset=0.992144 env=0.001111 peak=0.002697 gain=1.000
2025-12-15 22:45:53 [tracker] [s1] onset-accepted t=8.8277 env=0.001111 gate=0.000022 envDelta=0.001089 envFloor=0.000595 onset=0.992144 thresh=0.006000 onsetDelta=0.986144 baseline=0.000397 floor=0.000180 adapt=0.000991 lastPeak=0.000000 baseParam=0.000180 gateRatio=0.0550 envParam=0.000450 onsetScale=0.300 retriggerScale=1.400 guard=0.060 guardRemain=0.000 activeAge=-1.000 retrigRemain=0.000 pitchHz=-1.00 pitchCents=0.0
2025-12-15 22:45:53 [tracker] [s1] onset t=8.828 env=0.00111 gate=0.00002 envDelta=0.00109 envFloor=0.00059 onset=0.992 thresh=0.006 onsetDelta=0.98614 baseline=0.00040 adaptive=0.00099 lastPeak=0.00000 guard=0.060 activeAge=-1.000 pitch=-1.00Hz pitchCents=0.0
2025-12-15 22:45:53 [tracker] [s1] aubio-raw t=8.9450 onset=0.979699 env=0.001090 peak=0.003025 gain=1.000
2025-12-15 22:45:53 [tracker] [s1] onset-accepted t=8.9450 env=0.001090 gate=0.000022 envDelta=0.001068 envFloor=0.000602 onset=0.979699 thresh=0.006000 onsetDelta=0.973699 baseline=0.000401 floor=0.000180 adapt=0.001003 lastPeak=0.000000 baseParam=0.000180 gateRatio=0.0550 envParam=0.000450 onsetScale=0.300 retriggerScale=1.400 guard=0.060 guardRemain=0.000 activeAge=-1.000 retrigRemain=0.000 pitchHz=94.11 pitchCents=230.0
2025-12-15 22:45:53 [tracker] [s1] onset t=8.945 env=0.00109 gate=0.00002 envDelta=0.00107 envFloor=0.00060 onset=0.980 thresh=0.006 onsetDelta=0.97370 baseline=0.00040 adaptive=0.00100 lastPeak=0.00000 guard=0.060 activeAge=-1.000 pitch=94.11Hz pitchCents=230.0
2025-12-15 22:45:53 [tracker] [s3] onset t=8.969 env=0.00153 gate=0.00008 envDelta=0.00146 envFloor=0.00091 onset=1.137 thresh=0.012 onsetDelta=1.12541 baseline=0.00060 adaptive=0.00151 lastPeak=0.00000 guard=0.060 activeAge=-1.000 pitch=-1.00Hz pitchCents=0.0
2025-12-15 22:45:53 [tracker] [s3] onset t=9.070 env=0.00125 gate=0.00008 envDelta=0.00117 envFloor=0.00089 onset=0.982 thresh=0.012 onsetDelta=0.97002 baseline=0.00059 adaptive=0.00149 lastPeak=0.00000 guard=0.060 activeAge=-1.000 pitch=-1.00Hz pitchCents=0.0
2025-12-15 22:45:53 [tracker] [s2] onset t=9.257 env=0.00132 gate=0.00001 envDelta=0.00132 envFloor=0.00096 onset=1.278 thresh=0.009 onsetDelta=1.26916 baseline=0.00064 adaptive=0.00161 lastPeak=0.00058 guard=0.060 activeAge=0.464 pitch=-1.00Hz pitchCents=0.0
2025-12-15 22:45:53 [tracker] [s2] note-ended (new onset) t=9.257 fret=24 dur=0.464
2025-12-15 22:45:53 [tracker] [s4] onset t=9.292 env=0.00176 gate=0.00012 envDelta=0.00165 envFloor=0.00102 onset=1.144 thresh=0.014 onsetDelta=1.12974 baseline=0.00068 adaptive=0.00171 lastPeak=0.00000 guard=0.060 activeAge=-1.000 pitch=-1.00Hz pitchCents=0.0
2025-12-15 22:45:53 [tracker] [s1] aubio-raw t=9.2970 onset=0.997870 env=0.000772 peak=0.002001 gain=1.000
2025-12-15 22:45:53 [tracker] [s1] onset-accepted t=9.2970 env=0.000772 gate=0.000022 envDelta=0.000750 envFloor=0.000610 onset=0.997870 thresh=0.006000 onsetDelta=0.991870 baseline=0.000406 floor=0.000180 adapt=0.001016 lastPeak=0.000000 baseParam=0.000180 gateRatio=0.0550 envParam=0.000450 onsetScale=0.300 retriggerScale=1.400 guard=0.060 guardRemain=0.000 activeAge=-1.000 retrigRemain=0.000 pitchHz=-1.00 pitchCents=0.0
2025-12-15 22:45:53 [tracker] [s1] onset t=9.297 env=0.00077 gate=0.00002 envDelta=0.00075 envFloor=0.00061 onset=0.998 thresh=0.006 onsetDelta=0.99187 baseline=0.00041 adaptive=0.00102 lastPeak=0.00000 guard=0.060 activeAge=-1.000 pitch=-1.00Hz pitchCents=0.0
2025-12-15 22:45:53 [tracker] [s3] onset t=9.398 env=0.00113 gate=0.00008 envDelta=0.00105 envFloor=0.00093 onset=0.993 thresh=0.012 onsetDelta=0.98162 baseline=0.00062 adaptive=0.00155 lastPeak=0.00000 guard=0.060 activeAge=-1.000 pitch=-1.00Hz pitchCents=0.0
2025-12-15 22:45:54 [tracker] [s3] onset t=9.500 env=0.00162 gate=0.00008 envDelta=0.00154 envFloor=0.00090 onset=0.843 thresh=0.012 onsetDelta=0.83123 baseline=0.00060 adaptive=0.00149 lastPeak=0.00000 guard=0.060 activeAge=-1.000 pitch=-1.00Hz pitchCents=0.0
2025-12-15 22:45:54 [tracker] [s2] onset t=9.513 env=0.00110 gate=0.00001 envDelta=0.00109 envFloor=0.00095 onset=0.998 thresh=0.009 onsetDelta=0.98887 baseline=0.00063 adaptive=0.00158 lastPeak=0.00036 guard=0.060 activeAge=-1.000 pitch=727.61Hz pitchCents=3270.8
2025-12-15 22:45:54 [tracker] [s4] onset t=9.556 env=0.00145 gate=0.00011 envDelta=0.00135 envFloor=0.00095 onset=0.637 thresh=0.014 onsetDelta=0.62339 baseline=0.00063 adaptive=0.00158 lastPeak=0.00000 guard=0.060 activeAge=-1.000 pitch=-1.00Hz pitchCents=0.0
2025-12-15 22:45:54 [tracker] [s3] onset t=9.612 env=0.00139 gate=0.00008 envDelta=0.00131 envFloor=0.00092 onset=0.996 thresh=0.012 onsetDelta=0.98449 baseline=0.00061 adaptive=0.00153 lastPeak=0.00000 guard=0.060 activeAge=-1.000 pitch=-1.00Hz pitchCents=0.0
2025-12-15 22:45:54 [tracker] [s1] aubio-raw t=9.6730 onset=1.015170 env=0.000540 peak=0.001635 gain=1.000
2025-12-15 22:45:54 [tracker] [s1] onset-below-env-floor t=9.6730 env=0.000540 gate=0.000021 envDelta=0.000519 envFloor=0.000566 onset=1.015170 thresh=0.006000 onsetDelta=1.009170 baseline=0.000377 floor=0.000180 adapt=0.000943 lastPeak=0.000000 baseParam=0.000180 gateRatio=0.0550 envParam=0.000450 onsetScale=0.300 retriggerScale=1.400 guard=0.060 guardRemain=0.000 activeAge=-1.000 retrigRemain=0.000 pitchHz=-1.00 pitchCents=0.0
2025-12-15 22:45:54 [tracker] [s5] onset t=9.790 env=0.00174 gate=0.00015 envDelta=0.00158 envFloor=0.00109 onset=0.994 thresh=0.016 onsetDelta=0.97830 baseline=0.00073 adaptive=0.00182 lastPeak=0.00000 guard=0.060 activeAge=-1.000 pitch=-1.00Hz pitchCents=0.0
2025-12-15 22:45:54 [tracker] [s4] onset t=9.825 env=0.00160 gate=0.00011 envDelta=0.00149 envFloor=0.00100 onset=1.172 thresh=0.014 onsetDelta=1.15806 baseline=0.00067 adaptive=0.00166 lastPeak=0.00000 guard=0.060 activeAge=-1.000 pitch=-1.00Hz pitchCents=0.0
2025-12-15 22:45:54 [tracker] [s1] aubio-raw t=9.8543 onset=1.157857 env=0.000693 peak=0.001668 gain=1.000
2025-12-15 22:45:54 [tracker] [s1] onset-accepted t=9.8543 env=0.000693 gate=0.000022 envDelta=0.000671 envFloor=0.000599 onset=1.157857 thresh=0.006000 onsetDelta=1.151857 baseline=0.000399 floor=0.000180 adapt=0.000998 lastPeak=0.000000 baseParam=0.000180 gateRatio=0.0550 envParam=0.000450 onsetScale=0.300 retriggerScale=1.400 guard=0.060 guardRemain=0.000 activeAge=-1.000 retrigRemain=0.000 pitchHz=444.46 pitchCents=2917.5
2025-12-15 22:45:54 [tracker] [s1] onset t=9.854 env=0.00069 gate=0.00002 envDelta=0.00067 envFloor=0.00060 onset=1.158 thresh=0.006 onsetDelta=1.15186 baseline=0.00040 adaptive=0.00100 lastPeak=0.00000 guard=0.060 activeAge=-1.000 pitch=444.46Hz pitchCents=2917.5
2025-12-15 22:45:54 [tracker] [s1] note-start t=9.854 fret=24 midi=64 vel=0.01 env=0.00069
2025-12-15 22:45:54 [tracker] [s6] onset t=9.934 env=0.00208 gate=0.00020 envDelta=0.00188 envFloor=0.00119 onset=1.002 thresh=0.018 onsetDelta=0.98437 baseline=0.00079 adaptive=0.00199 lastPeak=0.00000 guard=0.060 activeAge=-1.000 pitch=-1.00Hz pitchCents=0.0
2025-12-15 22:45:54 [tracker] [s5] onset t=10.014 env=0.00160 gate=0.00015 envDelta=0.00145 envFloor=0.00106 onset=1.000 thresh=0.016 onsetDelta=0.98362 baseline=0.00071 adaptive=0.00177 lastPeak=0.00000 guard=0.060 activeAge=-1.000 pitch=-1.00Hz pitchCents=0.0
2025-12-15 22:45:54 [tracker] [s4] onset t=10.068 env=0.00183 gate=0.00011 envDelta=0.00172 envFloor=0.00101 onset=0.995 thresh=0.014 onsetDelta=0.98099 baseline=0.00067 adaptive=0.00168 lastPeak=0.00000 guard=0.060 activeAge=-1.000 pitch=-1.00Hz pitchCents=0.0
2025-12-15 22:45:54 [tracker] [s3] onset t=10.129 env=0.00162 gate=0.00008 envDelta=0.00153 envFloor=0.00097 onset=1.057 thresh=0.012 onsetDelta=1.04492 baseline=0.00065 adaptive=0.00161 lastPeak=0.00000 guard=0.060 activeAge=-1.000 pitch=-1.00Hz pitchCents=0.0
2025-12-15 22:45:54 [tracker] [s3] onset t=10.217 env=0.00124 gate=0.00008 envDelta=0.00116 envFloor=0.00089 onset=1.160 thresh=0.012 onsetDelta=1.14844 baseline=0.00060 adaptive=0.00149 lastPeak=0.00000 guard=0.060 activeAge=-1.000 pitch=-1.00Hz pitchCents=0.0
2025-12-15 22:45:54 [tracker] [s4] onset t=10.260 env=0.00157 gate=0.00010 envDelta=0.00146 envFloor=0.00092 onset=0.994 thresh=0.014 onsetDelta=0.98027 baseline=0.00061 adaptive=0.00153 lastPeak=0.00000 guard=0.060 activeAge=-1.000 pitch=-1.00Hz pitchCents=0.0
2025-12-15 22:45:54 [tracker] [s5] onset t=10.321 env=0.00159 gate=0.00014 envDelta=0.00144 envFloor=0.00102 onset=1.010 thresh=0.016 onsetDelta=0.99438 baseline=0.00068 adaptive=0.00171 lastPeak=0.00000 guard=0.060 activeAge=-1.000 pitch=-1.00Hz pitchCents=0.0
2025-12-15 22:45:54 [tracker] [s6] onset t=10.372 env=0.00231 gate=0.00021 envDelta=0.00210 envFloor=0.00126 onset=1.026 thresh=0.018 onsetDelta=1.00832 baseline=0.00084 adaptive=0.00210 lastPeak=0.00000 guard=0.060 activeAge=-1.000 pitch=-1.00Hz pitchCents=0.0
2025-12-15 22:45:55 [tracker] [s2] onset t=10.486 env=0.00195 gate=0.00001 envDelta=0.00194 envFloor=0.00101 onset=1.037 thresh=0.009 onsetDelta=1.02808 baseline=0.00068 adaptive=0.00169 lastPeak=0.00006 guard=0.060 activeAge=-1.000 pitch=-1.00Hz pitchCents=0.0
2025-12-15 22:45:55 [tracker] [s3] onset t=10.494 env=0.00141 gate=0.00008 envDelta=0.00132 envFloor=0.00096 onset=0.997 thresh=0.012 onsetDelta=0.98554 baseline=0.00064 adaptive=0.00160 lastPeak=0.00000 guard=0.060 activeAge=-1.000 pitch=-1.00Hz pitchCents=0.0
2025-12-15 22:45:55 [tracker] [s4] onset t=10.500 env=0.00157 gate=0.00011 envDelta=0.00146 envFloor=0.00100 onset=0.650 thresh=0.014 onsetDelta=0.63605 baseline=0.00066 adaptive=0.00166 lastPeak=0.00000 guard=0.060 activeAge=-1.000 pitch=-1.00Hz pitchCents=0.0
2025-12-15 22:45:55 [tracker] [s5] onset t=10.505 env=0.00182 gate=0.00016 envDelta=0.00166 envFloor=0.00115 onset=0.787 thresh=0.016 onsetDelta=0.77149 baseline=0.00077 adaptive=0.00192 lastPeak=0.00000 guard=0.060 activeAge=-1.000 pitch=-1.00Hz pitchCents=0.0
2025-12-15 22:45:55 [tracker] [s1] aubio-raw t=10.5609 onset=0.995357 env=0.001245 peak=0.002658 gain=1.000
2025-12-15 22:45:55 [tracker] [s1] onset-accepted t=10.5609 env=0.001245 gate=0.000025 envDelta=0.001221 envFloor=0.000671 onset=0.995357 thresh=0.006000 onsetDelta=0.989357 baseline=0.000447 floor=0.000180 adapt=0.001118 lastPeak=0.000184 baseParam=0.000180 gateRatio=0.0550 envParam=0.000450 onsetScale=0.300 retriggerScale=1.400 guard=0.060 guardRemain=0.000 activeAge=0.707 retrigRemain=0.000 pitchHz=-1.00 pitchCents=0.0
2025-12-15 22:45:55 [tracker] [s1] onset t=10.561 env=0.00125 gate=0.00002 envDelta=0.00122 envFloor=0.00067 onset=0.995 thresh=0.006 onsetDelta=0.98936 baseline=0.00045 adaptive=0.00112 lastPeak=0.00018 guard=0.060 activeAge=0.707 pitch=-1.00Hz pitchCents=0.0
2025-12-15 22:45:55 [tracker] [s1] note-ended (new onset) t=10.561 fret=24 dur=0.707
2025-12-15 22:45:55 [tracker] [s6] onset t=10.622 env=0.00154 gate=0.00020 envDelta=0.00134 envFloor=0.00118 onset=1.061 thresh=0.018 onsetDelta=1.04337 baseline=0.00078 adaptive=0.00196 lastPeak=0.00000 guard=0.060 activeAge=-1.000 pitch=-1.00Hz pitchCents=0.0
2025-12-15 22:45:55 [tracker] [s2] onset t=10.633 env=0.00095 gate=0.00001 envDelta=0.00094 envFloor=0.00094 onset=0.997 thresh=0.009 onsetDelta=0.98806 baseline=0.00063 adaptive=0.00157 lastPeak=0.00004 guard=0.060 activeAge=-1.000 pitch=-1.00Hz pitchCents=0.0
2025-12-15 22:45:55 [tracker] [s1] aubio-raw t=10.6436 onset=1.109182 env=0.000944 peak=0.002034 gain=1.000
2025-12-15 22:45:55 [tracker] [s1] onset-accepted t=10.6436 env=0.000944 gate=0.000023 envDelta=0.000921 envFloor=0.000621 onset=1.109182 thresh=0.006000 onsetDelta=1.103182 baseline=0.000414 floor=0.000180 adapt=0.001035 lastPeak=0.000157 baseParam=0.000180 gateRatio=0.0550 envParam=0.000450 onsetScale=0.300 retriggerScale=1.400 guard=0.060 guardRemain=0.000 activeAge=-1.000 retrigRemain=0.000 pitchHz=-1.00 pitchCents=0.0
2025-12-15 22:45:55 [tracker] [s1] onset t=10.644 env=0.00094 gate=0.00002 envDelta=0.00092 envFloor=0.00062 onset=1.109 thresh=0.006 onsetDelta=1.10318 baseline=0.00041 adaptive=0.00103 lastPeak=0.00016 guard=0.060 activeAge=-1.000 pitch=-1.00Hz pitchCents=0.0
2025-12-15 22:45:55 [tracker] [s5] onset t=10.694 env=0.00145 gate=0.00015 envDelta=0.00131 envFloor=0.00105 onset=1.047 thresh=0.016 onsetDelta=1.03102 baseline=0.00070 adaptive=0.00175 lastPeak=0.00000 guard=0.060 activeAge=-1.000 pitch=-1.00Hz pitchCents=0.0
2025-12-15 22:45:55 [tracker] [s3] onset t=10.708 env=0.00125 gate=0.00008 envDelta=0.00117 envFloor=0.00090 onset=1.168 thresh=0.012 onsetDelta=1.15647 baseline=0.00060 adaptive=0.00150 lastPeak=0.00000 guard=0.060 activeAge=-1.000 pitch=-1.00Hz pitchCents=0.0
2025-12-15 22:45:55 [tracker] [s6] onset t=10.734 env=0.00202 gate=0.00020 envDelta=0.00182 envFloor=0.00121 onset=1.148 thresh=0.018 onsetDelta=1.13019 baseline=0.00080 adaptive=0.00201 lastPeak=0.00000 guard=0.060 activeAge=-1.000 pitch=-1.00Hz pitchCents=0.0
2025-12-15 22:45:55 [tracker] [s4] onset t=10.785 env=0.00151 gate=0.00011 envDelta=0.00139 envFloor=0.00101 onset=1.002 thresh=0.014 onsetDelta=0.98779 baseline=0.00067 adaptive=0.00168 lastPeak=0.00000 guard=0.060 activeAge=-1.000 pitch=-1.00Hz pitchCents=0.0
2025-12-15 22:45:55 [tracker] [s6] onset t=10.793 env=0.00185 gate=0.00021 envDelta=0.00164 envFloor=0.00123 onset=0.991 thresh=0.018 onsetDelta=0.97339 baseline=0.00082 adaptive=0.00206 lastPeak=0.00000 guard=0.060 activeAge=-1.000 pitch=-1.00Hz pitchCents=0.0
2025-12-15 22:45:55 [tracker] [s3] onset t=10.801 env=0.00115 gate=0.00008 envDelta=0.00106 envFloor=0.00095 onset=0.876 thresh=0.012 onsetDelta=0.86411 baseline=0.00063 adaptive=0.00158 lastPeak=0.00000 guard=0.060 activeAge=-1.000 pitch=-1.00Hz pitchCents=0.0
2025-12-15 22:45:55 [tracker] [s1] aubio-raw t=10.8169 onset=1.069257 env=0.001308 peak=0.003012 gain=1.000
2025-12-15 22:45:55 [tracker] [s1] onset-accepted t=10.8169 env=0.001308 gate=0.000025 envDelta=0.001283 envFloor=0.000671 onset=1.069257 thresh=0.006000 onsetDelta=1.063257 baseline=0.000447 floor=0.000180 adapt=0.001118 lastPeak=0.000113 baseParam=0.000180 gateRatio=0.0550 envParam=0.000450 onsetScale=0.300 retriggerScale=1.400 guard=0.060 guardRemain=0.000 activeAge=-1.000 retrigRemain=0.000 pitchHz=533.42 pitchCents=3233.3
2025-12-15 22:45:55 [tracker] [s1] onset t=10.817 env=0.00131 gate=0.00002 envDelta=0.00128 envFloor=0.00067 onset=1.069 thresh=0.006 onsetDelta=1.06326 baseline=0.00045 adaptive=0.00112 lastPeak=0.00011 guard=0.060 activeAge=-1.000 pitch=533.42Hz pitchCents=3233.3
2025-12-15 22:45:55 [tracker] [s5] onset t=10.846 env=0.00183 gate=0.00015 envDelta=0.00168 envFloor=0.00109 onset=0.998 thresh=0.016 onsetDelta=0.98166 baseline=0.00073 adaptive=0.00182 lastPeak=0.00000 guard=0.060 activeAge=-1.000 pitch=-1.00Hz pitchCents=0.0
2025-12-15 22:45:55 [tracker] [s6] onset t=10.865 env=0.00170 gate=0.00021 envDelta=0.00148 envFloor=0.00128 onset=1.000 thresh=0.018 onsetDelta=0.98216 baseline=0.00085 adaptive=0.00213 lastPeak=0.00000 guard=0.060 activeAge=-1.000 pitch=-1.00Hz pitchCents=0.0
2025-12-15 22:45:55 [tracker] [s2] onset t=10.905 env=0.00127 gate=0.00001 envDelta=0.00126 envFloor=0.00099 onset=1.056 thresh=0.009 onsetDelta=1.04713 baseline=0.00066 adaptive=0.00165 lastPeak=0.00003 guard=0.060 activeAge=-1.000 pitch=-1.00Hz pitchCents=0.0
2025-12-15 22:45:55 [tracker] [s4] onset t=10.905 env=0.00143 gate=0.00011 envDelta=0.00131 envFloor=0.00101 onset=0.996 thresh=0.014 onsetDelta=0.98215 baseline=0.00067 adaptive=0.00168 lastPeak=0.00000 guard=0.060 activeAge=-1.000 pitch=-1.00Hz pitchCents=0.0
2025-12-15 22:45:55 [tracker] [s1] aubio-raw t=10.9689 onset=0.994330 env=0.000696 peak=0.001829 gain=1.000
2025-12-15 22:45:55 [tracker] [s1] onset-accepted t=10.9689 env=0.000696 gate=0.000022 envDelta=0.000674 envFloor=0.000599 onset=0.994330 thresh=0.006000 onsetDelta=0.988330 baseline=0.000400 floor=0.000180 adapt=0.000999 lastPeak=0.000085 baseParam=0.000180 gateRatio=0.0550 envParam=0.000450 onsetScale=0.300 retriggerScale=1.400 guard=0.060 guardRemain=0.000 activeAge=-1.000 retrigRemain=0.000 pitchHz=126.99 pitchCents=748.6
2025-12-15 22:45:55 [tracker] [s1] onset t=10.969 env=0.00070 gate=0.00002 envDelta=0.00067 envFloor=0.00060 onset=0.994 thresh=0.006 onsetDelta=0.98833 baseline=0.00040 adaptive=0.00100 lastPeak=0.00009 guard=0.060 activeAge=-1.000 pitch=126.99Hz pitchCents=748.6
2025-12-15 22:45:55 [tracker] [s3] onset t=10.988 env=0.00180 gate=0.00008 envDelta=0.00171 envFloor=0.00095 onset=0.993 thresh=0.012 onsetDelta=0.98101 baseline=0.00063 adaptive=0.00158 lastPeak=0.00000 guard=0.060 activeAge=-1.000 pitch=-1.00Hz pitchCents=0.0
2025-12-15 22:45:55 [tracker] [s5] onset t=11.052 env=0.00155 gate=0.00014 envDelta=0.00141 envFloor=0.00100 onset=0.834 thresh=0.016 onsetDelta=0.81831 baseline=0.00067 adaptive=0.00167 lastPeak=0.00000 guard=0.060 activeAge=-1.000 pitch=-1.00Hz pitchCents=0.0
2025-12-15 22:45:55 [tracker] [s3] onset t=11.158 env=0.00153 gate=0.00008 envDelta=0.00146 envFloor=0.00090 onset=0.644 thresh=0.012 onsetDelta=0.63278 baseline=0.00060 adaptive=0.00151 lastPeak=0.00000 guard=0.060 activeAge=-1.000 pitch=-1.00Hz pitchCents=0.0
2025-12-15 22:45:55 [tracker] [s1] aubio-raw t=11.1635 onset=0.903037 env=0.001132 peak=0.003230 gain=1.000
2025-12-15 22:45:55 [tracker] [s1] onset-accepted t=11.1635 env=0.001132 gate=0.000023 envDelta=0.001109 envFloor=0.000627 onset=0.903037 thresh=0.006000 onsetDelta=0.897037 baseline=0.000418 floor=0.000180 adapt=0.001045 lastPeak=0.000059 baseParam=0.000180 gateRatio=0.0550 envParam=0.000450 onsetScale=0.300 retriggerScale=1.400 guard=0.060 guardRemain=0.000 activeAge=-1.000 retrigRemain=0.000 pitchHz=-1.00 pitchCents=0.0
2025-12-15 22:45:55 [tracker] [s1] onset t=11.164 env=0.00113 gate=0.00002 envDelta=0.00111 envFloor=0.00063 onset=0.903 thresh=0.006 onsetDelta=0.89704 baseline=0.00042 adaptive=0.00105 lastPeak=0.00006 guard=0.060 activeAge=-1.000 pitch=-1.00Hz pitchCents=0.0
2025-12-15 22:45:55 [tracker] [s3] onset t=11.244 env=0.00170 gate=0.00008 envDelta=0.00161 envFloor=0.00096 onset=0.942 thresh=0.012 onsetDelta=0.92995 baseline=0.00064 adaptive=0.00160 lastPeak=0.00000 guard=0.060 activeAge=-1.000 pitch=-1.00Hz pitchCents=0.0
2025-12-15 22:45:55 [tracker] [s1] aubio-raw t=11.2835 onset=1.154689 env=0.000472 peak=0.001159 gain=1.000
2025-12-15 22:45:55 [tracker] [s1] onset-below-env-floor t=11.2835 env=0.000472 gate=0.000022 envDelta=0.000449 envFloor=0.000610 onset=1.154689 thresh=0.006000 onsetDelta=1.148689 baseline=0.000407 floor=0.000180 adapt=0.001016 lastPeak=0.000047 baseParam=0.000180 gateRatio=0.0550 envParam=0.000450 onsetScale=0.300 retriggerScale=1.400 guard=0.060 guardRemain=0.000 activeAge=-1.000 retrigRemain=0.000 pitchHz=-1.00 pitchCents=0.0
2025-12-15 22:45:55 [tracker] [s5] onset t=11.292 env=0.00193 gate=0.00015 envDelta=0.00178 envFloor=0.00107 onset=0.903 thresh=0.016 onsetDelta=0.88673 baseline=0.00072 adaptive=0.00179 lastPeak=0.00000 guard=0.060 activeAge=-1.000 pitch=-1.00Hz pitchCents=0.0
2025-12-15 22:45:55 [tracker] [s2] onset t=11.313 env=0.00166 gate=0.00001 envDelta=0.00165 envFloor=0.00096 onset=1.002 thresh=0.009 onsetDelta=0.99268 baseline=0.00064 adaptive=0.00160 lastPeak=0.00001 guard=0.060 activeAge=-1.000 pitch=800.15Hz pitchCents=3435.3
2025-12-15 22:45:55 [tracker] [s3] onset t=11.417 env=0.00107 gate=0.00008 envDelta=0.00100 envFloor=0.00087 onset=1.315 thresh=0.012 onsetDelta=1.30294 baseline=0.00058 adaptive=0.00145 lastPeak=0.00000 guard=0.060 activeAge=-1.000 pitch=-1.00Hz pitchCents=0.0
2025-12-15 22:45:56 [tracker] [s6] onset t=11.473 env=0.00183 gate=0.00020 envDelta=0.00163 envFloor=0.00119 onset=1.103 thresh=0.018 onsetDelta=1.08453 baseline=0.00079 adaptive=0.00198 lastPeak=0.00000 guard=0.060 activeAge=-1.000 pitch=-1.00Hz pitchCents=0.0
2025-12-15 22:45:56 [tracker] [s5] onset t=11.603 env=0.00149 gate=0.00016 envDelta=0.00133 envFloor=0.00112 onset=1.190 thresh=0.016 onsetDelta=1.17391 baseline=0.00074 adaptive=0.00186 lastPeak=0.00000 guard=0.060 activeAge=-1.000 pitch=-1.00Hz pitchCents=0.0
2025-12-15 22:45:56 [tracker] [s3] onset t=11.625 env=0.00149 gate=0.00008 envDelta=0.00141 envFloor=0.00093 onset=1.042 thresh=0.012 onsetDelta=1.03034 baseline=0.00062 adaptive=0.00155 lastPeak=0.00000 guard=0.060 activeAge=-1.000 pitch=-1.00Hz pitchCents=0.0
2025-12-15 22:45:56 [tracker] [s4] onset t=11.670 env=0.00158 gate=0.00011 envDelta=0.00147 envFloor=0.00099 onset=0.994 thresh=0.014 onsetDelta=0.98025 baseline=0.00066 adaptive=0.00165 lastPeak=0.00000 guard=0.060 activeAge=-1.000 pitch=-1.00Hz pitchCents=0.0
2025-12-15 22:45:56 [tracker] [s6] onset t=11.715 env=0.00160 gate=0.00020 envDelta=0.00140 envFloor=0.00120 onset=0.998 thresh=0.018 onsetDelta=0.98024 baseline=0.00080 adaptive=0.00201 lastPeak=0.00000 guard=0.060 activeAge=-1.000 pitch=-1.00Hz pitchCents=0.0
2025-12-15 22:45:56 [tracker] [s3] onset t=11.763 env=0.00112 gate=0.00008 envDelta=0.00104 envFloor=0.00087 onset=0.645 thresh=0.012 onsetDelta=0.63307 baseline=0.00058 adaptive=0.00145 lastPeak=0.00000 guard=0.060 activeAge=-1.000 pitch=-1.00Hz pitchCents=0.0
2025-12-15 22:45:56 [tracker] [s5] onset t=11.771 env=0.00164 gate=0.00014 envDelta=0.00150 envFloor=0.00102 onset=1.028 thresh=0.016 onsetDelta=1.01239 baseline=0.00068 adaptive=0.00170 lastPeak=0.00000 guard=0.060 activeAge=-1.000 pitch=-1.00Hz pitchCents=0.0
2025-12-15 22:45:56 [tracker] [s2] onset t=11.795 env=0.00166 gate=0.00001 envDelta=0.00165 envFloor=0.00106 onset=1.108 thresh=0.009 onsetDelta=1.09910 baseline=0.00071 adaptive=0.00177 lastPeak=0.00000 guard=0.060 activeAge=-1.000 pitch=-1.00Hz pitchCents=0.0
2025-12-15 22:45:56 [tracker] [s1] aubio-raw t=11.9768 onset=0.992513 env=0.001128 peak=0.002820 gain=1.000
2025-12-15 22:45:56 [tracker] [s1] onset-accepted t=11.9768 env=0.001128 gate=0.000023 envDelta=0.001105 envFloor=0.000634 onset=0.992513 thresh=0.006000 onsetDelta=0.986513 baseline=0.000423 floor=0.000180 adapt=0.001057 lastPeak=0.000013 baseParam=0.000180 gateRatio=0.0550 envParam=0.000450 onsetScale=0.300 retriggerScale=1.400 guard=0.060 guardRemain=0.000 activeAge=-1.000 retrigRemain=0.000 pitchHz=-1.00 pitchCents=0.0
2025-12-15 22:45:56 [tracker] [s1] onset t=11.977 env=0.00113 gate=0.00002 envDelta=0.00111 envFloor=0.00063 onset=0.993 thresh=0.006 onsetDelta=0.98651 baseline=0.00042 adaptive=0.00106 lastPeak=0.00001 guard=0.060 activeAge=-1.000 pitch=-1.00Hz pitchCents=0.0
2025-12-15 22:45:56 [tracker] [s5] onset t=12.059 env=0.00178 gate=0.00016 envDelta=0.00162 envFloor=0.00112 onset=0.995 thresh=0.016 onsetDelta=0.97939 baseline=0.00075 adaptive=0.00187 lastPeak=0.00000 guard=0.060 activeAge=-1.000 pitch=-1.00Hz pitchCents=0.0
2025-12-15 22:45:56 [tracker] [s4] onset t=12.062 env=0.00109 gate=0.00011 envDelta=0.00098 envFloor=0.00098 onset=1.201 thresh=0.014 onsetDelta=1.18693 baseline=0.00065 adaptive=0.00163 lastPeak=0.00000 guard=0.060 activeAge=-1.000 pitch=-1.00Hz pitchCents=0.0
2025-12-15 22:45:56 [tracker] [s3] onset t=12.094 env=0.00132 gate=0.00008 envDelta=0.00124 envFloor=0.00088 onset=0.916 thresh=0.012 onsetDelta=0.90482 baseline=0.00059 adaptive=0.00147 lastPeak=0.00000 guard=0.060 activeAge=-1.000 pitch=-1.00Hz pitchCents=0.0
2025-12-15 22:45:56 [tracker] [s1] aubio-raw t=12.0995 onset=1.346542 env=0.000742 peak=0.001831 gain=1.000
2025-12-15 22:45:56 [tracker] [s1] onset-accepted t=12.0995 env=0.000742 gate=0.000021 envDelta=0.000721 envFloor=0.000563 onset=1.346542 thresh=0.006000 onsetDelta=1.340542 baseline=0.000375 floor=0.000180 adapt=0.000939 lastPeak=0.000010 baseParam=0.000180 gateRatio=0.0550 envParam=0.000450 onsetScale=0.300 retriggerScale=1.400 guard=0.060 guardRemain=0.000 activeAge=-1.000 retrigRemain=0.000 pitchHz=-1.00 pitchCents=0.0
2025-12-15 22:45:56 [tracker] [s1] onset t=12.099 env=0.00074 gate=0.00002 envDelta=0.00072 envFloor=0.00056 onset=1.347 thresh=0.006 onsetDelta=1.34054 baseline=0.00038 adaptive=0.00094 lastPeak=0.00001 guard=0.060 activeAge=-1.000 pitch=-1.00Hz pitchCents=0.0
2025-12-15 22:45:56 [tracker] [s5] onset t=12.121 env=0.00160 gate=0.00015 envDelta=0.00145 envFloor=0.00107 onset=0.616 thresh=0.016 onsetDelta=0.60009 baseline=0.00071 adaptive=0.00178 lastPeak=0.00000 guard=0.060 activeAge=-1.000 pitch=-1.00Hz pitchCents=0.0
2025-12-15 22:45:56 [tracker] [s3] onset t=12.243 env=0.00127 gate=0.00008 envDelta=0.00119 envFloor=0.00090 onset=0.988 thresh=0.012 onsetDelta=0.97662 baseline=0.00060 adaptive=0.00150 lastPeak=0.00000 guard=0.060 activeAge=-1.000 pitch=-1.00Hz pitchCents=0.0
2025-12-15 22:45:56 [tracker] [s1] aubio-raw t=12.2621 onset=0.693750 env=0.000782 peak=0.002293 gain=1.000
2025-12-15 22:45:56 [tracker] [s1] onset-accepted t=12.2621 env=0.000782 gate=0.000022 envDelta=0.000760 envFloor=0.000596 onset=0.693750 thresh=0.006000 onsetDelta=0.687750 baseline=0.000397 floor=0.000180 adapt=0.000993 lastPeak=0.000007 baseParam=0.000180 gateRatio=0.0550 envParam=0.000450 onsetScale=0.300 retriggerScale=1.400 guard=0.060 guardRemain=0.000 activeAge=-1.000 retrigRemain=0.000 pitchHz=307.69 pitchCents=2280.8
2025-12-15 22:45:56 [tracker] [s1] onset t=12.262 env=0.00078 gate=0.00002 envDelta=0.00076 envFloor=0.00060 onset=0.694 thresh=0.006 onsetDelta=0.68775 baseline=0.00040 adaptive=0.00099 lastPeak=0.00001 guard=0.060 activeAge=-1.000 pitch=307.69Hz pitchCents=2280.8
2025-12-15 22:45:56 [tracker] [s3] onset t=12.331 env=0.00164 gate=0.00008 envDelta=0.00156 envFloor=0.00095 onset=1.217 thresh=0.012 onsetDelta=1.20513 baseline=0.00063 adaptive=0.00158 lastPeak=0.00000 guard=0.060 activeAge=-1.000 pitch=-1.00Hz pitchCents=0.0
2025-12-15 22:45:56 [tracker] [s5] onset t=12.339 env=0.00170 gate=0.00016 envDelta=0.00154 envFloor=0.00113 onset=0.994 thresh=0.016 onsetDelta=0.97782 baseline=0.00076 adaptive=0.00189 lastPeak=0.00000 guard=0.060 activeAge=-1.000 pitch=-1.00Hz pitchCents=0.0
2025-12-15 22:45:56 [tracker] [s1] aubio-raw t=12.3741 onset=1.307241 env=0.000666 peak=0.001793 gain=1.000
2025-12-15 22:45:56 [tracker] [s1] onset-accepted t=12.3741 env=0.000666 gate=0.000021 envDelta=0.000644 envFloor=0.000584 onset=1.307241 thresh=0.006000 onsetDelta=1.301241 baseline=0.000389 floor=0.000180 adapt=0.000973 lastPeak=0.000006 baseParam=0.000180 gateRatio=0.0550 envParam=0.000450 onsetScale=0.300 retriggerScale=1.400 guard=0.060 guardRemain=0.000 activeAge=-1.000 retrigRemain=0.000 pitchHz=-1.00 pitchCents=0.0
2025-12-15 22:45:56 [tracker] [s1] onset t=12.374 env=0.00067 gate=0.00002 envDelta=0.00064 envFloor=0.00058 onset=1.307 thresh=0.006 onsetDelta=1.30124 baseline=0.00039 adaptive=0.00097 lastPeak=0.00001 guard=0.060 activeAge=-1.000 pitch=-1.00Hz pitchCents=0.0
2025-12-15 22:45:57 [tracker] [s1] aubio-raw t=12.4434 onset=1.103714 env=0.000598 peak=0.001795 gain=1.000
2025-12-15 22:45:57 [tracker] [s1] onset-accepted t=12.4434 env=0.000598 gate=0.000022 envDelta=0.000577 envFloor=0.000589 onset=1.103714 thresh=0.006000 onsetDelta=1.097714 baseline=0.000393 floor=0.000180 adapt=0.000982 lastPeak=0.000005 baseParam=0.000180 gateRatio=0.0550 envParam=0.000450 onsetScale=0.300 retriggerScale=1.400 guard=0.060 guardRemain=0.000 activeAge=-1.000 retrigRemain=0.000 pitchHz=-1.00 pitchCents=0.0
2025-12-15 22:45:57 [tracker] [s1] onset t=12.443 env=0.00060 gate=0.00002 envDelta=0.00058 envFloor=0.00059 onset=1.104 thresh=0.006 onsetDelta=1.09771 baseline=0.00039 adaptive=0.00098 lastPeak=0.00001 guard=0.060 activeAge=-1.000 pitch=-1.00Hz pitchCents=0.0
2025-12-15 22:45:57 [tracker] [s5] onset t=12.686 env=0.00185 gate=0.00015 envDelta=0.00170 envFloor=0.00109 onset=1.044 thresh=0.016 onsetDelta=1.02794 baseline=0.00072 adaptive=0.00181 lastPeak=0.00000 guard=0.060 activeAge=-1.000 pitch=-1.00Hz pitchCents=0.0
2025-12-15 22:45:57 [tracker] [s6] onset t=12.689 env=0.00193 gate=0.00021 envDelta=0.00172 envFloor=0.00127 onset=0.997 thresh=0.018 onsetDelta=0.97897 baseline=0.00085 adaptive=0.00212 lastPeak=0.00000 guard=0.060 activeAge=-1.000 pitch=-1.00Hz pitchCents=0.0
2025-12-15 22:45:57 [tracker] [s1] aubio-raw t=12.7047 onset=0.765522 env=0.000792 peak=0.002238 gain=1.000
2025-12-15 22:45:57 [tracker] [s1] onset t=12.705 env=0.00079 gate=0.00002 envDelta=0.00077 envFloor=0.00066 onset=0.766 thresh=0.006 onsetDelta=0.75952 baseline=0.00044 adaptive=0.00110 lastPeak=0.00000 guard=0.060 activeAge=-1.000 pitch=-1.00Hz pitchCents=0.0
2025-12-15 22:45:57 [tracker] [s4] onset t=12.787 env=0.00152 gate=0.00012 envDelta=0.00140 envFloor=0.00102 onset=0.941 thresh=0.014 onsetDelta=0.92670 baseline=0.00068 adaptive=0.00170 lastPeak=0.00000 guard=0.060 activeAge=-1.000 pitch=-1.00Hz pitchCents=0.0
2025-12-15 22:45:57 [tracker] [s2] onset t=12.811 env=0.00217 gate=0.00001 envDelta=0.00217 envFloor=0.00098 onset=1.003 thresh=0.009 onsetDelta=0.99391 baseline=0.00065 adaptive=0.00163 lastPeak=0.00000 guard=0.060 activeAge=-1.000 pitch=888.82Hz pitchCents=3617.3
2025-12-15 22:45:57 [tracker] [s2] note-start t=12.811 fret=24 midi=69 vel=0.03 env=0.00217
2025-12-15 22:45:57 [tracker] [s1] aubio-raw t=12.8354 onset=0.966796 env=0.000756 peak=0.002032 gain=1.000
2025-12-15 22:45:57 [tracker] [s1] onset-accepted t=12.8354 env=0.000756 gate=0.000022 envDelta=0.000734 envFloor=0.000610 onset=0.966796 thresh=0.006000 onsetDelta=0.960796 baseline=0.000407 floor=0.000180 adapt=0.001017 lastPeak=0.000003 baseParam=0.000180 gateRatio=0.0550 envParam=0.000450 onsetScale=0.300 retriggerScale=1.400 guard=0.060 guardRemain=0.000 activeAge=-1.000 retrigRemain=0.000 pitchHz=102.56 pitchCents=378.7
2025-12-15 22:45:57 [tracker] [s1] onset t=12.835 env=0.00076 gate=0.00002 envDelta=0.00073 envFloor=0.00061 onset=0.967 thresh=0.006 onsetDelta=0.96080 baseline=0.00041 adaptive=0.00102 lastPeak=0.00000 guard=0.060 activeAge=-1.000 pitch=102.56Hz pitchCents=378.7
2025-12-15 22:45:57 [tracker] [s4] onset t=12.854 env=0.00128 gate=0.00011 envDelta=0.00117 envFloor=0.00097 onset=0.996 thresh=0.014 onsetDelta=0.98175 baseline=0.00065 adaptive=0.00162 lastPeak=0.00000 guard=0.060 activeAge=-1.000 pitch=-1.00Hz pitchCents=0.0
2025-12-15 22:45:57 [tracker] [s2] onset t=12.881 env=0.00146 gate=0.00002 envDelta=0.00144 envFloor=0.00120 onset=1.043 thresh=0.009 onsetDelta=1.03424 baseline=0.00172 adaptive=0.00160 lastPeak=0.00191 guard=0.060 activeAge=0.069 pitch=1000.21Hz pitchCents=3821.7
2025-12-15 22:45:57 [tracker] [s2] note-ended (new onset) t=12.881 fret=24 dur=0.069
2025-12-15 22:45:57 [tracker] [s6] onset t=12.891 env=0.00165 gate=0.00019 envDelta=0.00146 envFloor=0.00117 onset=0.937 thresh=0.018 onsetDelta=0.91875 baseline=0.00078 adaptive=0.00195 lastPeak=0.00000 guard=0.060 activeAge=-1.000 pitch=-1.00Hz pitchCents=0.0
2025-12-15 22:45:57 [tracker] [s2] onset t=12.971 env=0.00164 gate=0.00001 envDelta=0.00163 envFloor=0.00102 onset=1.033 thresh=0.009 onsetDelta=1.02356 baseline=0.00145 adaptive=0.00170 lastPeak=0.00161 guard=0.060 activeAge=-1.000 pitch=444.43Hz pitchCents=2417.4
2025-12-15 22:45:57 [tracker] [s5] onset t=13.142 env=0.00172 gate=0.00016 envDelta=0.00156 envFloor=0.00114 onset=0.622 thresh=0.016 onsetDelta=0.60604 baseline=0.00076 adaptive=0.00189 lastPeak=0.00000 guard=0.060 activeAge=-1.000 pitch=-1.00Hz pitchCents=0.0
2025-12-15 22:45:57 [tracker] [s3] onset t=13.211 env=0.00136 gate=0.00008 envDelta=0.00128 envFloor=0.00096 onset=0.994 thresh=0.012 onsetDelta=0.98190 baseline=0.00064 adaptive=0.00159 lastPeak=0.00000 guard=0.060 activeAge=-1.000 pitch=-1.00Hz pitchCents=0.0
2025-12-15 22:45:57 [tracker] [s5] onset t=13.246 env=0.00149 gate=0.00015 envDelta=0.00134 envFloor=0.00107 onset=1.402 thresh=0.016 onsetDelta=1.38575 baseline=0.00071 adaptive=0.00178 lastPeak=0.00000 guard=0.060 activeAge=-1.000 pitch=-1.00Hz pitchCents=0.0
2025-12-15 22:45:57 [tracker] [s6] onset t=13.259 env=0.00190 gate=0.00019 envDelta=0.00171 envFloor=0.00117 onset=0.885 thresh=0.018 onsetDelta=0.86700 baseline=0.00078 adaptive=0.00194 lastPeak=0.00000 guard=0.060 activeAge=-1.000 pitch=-1.00Hz pitchCents=0.0
2025-12-15 22:45:57 [tracker] [s3] onset t=13.289 env=0.00142 gate=0.00008 envDelta=0.00134 envFloor=0.00089 onset=0.999 thresh=0.012 onsetDelta=0.98767 baseline=0.00059 adaptive=0.00148 lastPeak=0.00000 guard=0.060 activeAge=-1.000 pitch=-1.00Hz pitchCents=0.0
2025-12-15 22:45:57 [tracker] [s1] aubio-raw t=13.3554 onset=0.869152 env=0.000696 peak=0.001766 gain=1.000
2025-12-15 22:45:57 [tracker] [s1] onset-accepted t=13.3554 env=0.000696 gate=0.000022 envDelta=0.000674 envFloor=0.000595 onset=0.869152 thresh=0.006000 onsetDelta=0.863152 baseline=0.000397 floor=0.000180 adapt=0.000992 lastPeak=0.000001 baseParam=0.000180 gateRatio=0.0550 envParam=0.000450 onsetScale=0.300 retriggerScale=1.400 guard=0.060 guardRemain=0.000 activeAge=-1.000 retrigRemain=0.000 pitchHz=186.05 pitchCents=1409.8
2025-12-15 22:45:57 [tracker] [s1] onset t=13.355 env=0.00070 gate=0.00002 envDelta=0.00067 envFloor=0.00060 onset=0.869 thresh=0.006 onsetDelta=0.86315 baseline=0.00040 adaptive=0.00099 lastPeak=0.00000 guard=0.060 activeAge=-1.000 pitch=186.05Hz pitchCents=1409.8
2025-12-15 22:45:57 [tracker] [s6] onset t=13.419 env=0.00209 gate=0.00021 envDelta=0.00188 envFloor=0.00124 onset=1.064 thresh=0.018 onsetDelta=1.04611 baseline=0.00083 adaptive=0.00207 lastPeak=0.00000 guard=0.060 activeAge=-1.000 pitch=-1.00Hz pitchCents=0.0
2025-12-15 22:45:58 [tracker] [s5] onset t=13.441 env=0.00175 gate=0.00015 envDelta=0.00160 envFloor=0.00109 onset=0.940 thresh=0.016 onsetDelta=0.92434 baseline=0.00073 adaptive=0.00182 lastPeak=0.00000 guard=0.060 activeAge=-1.000 pitch=-1.00Hz pitchCents=0.0
2025-12-15 22:45:58 [tracker] [s1] aubio-raw t=13.4460 onset=0.668047 env=0.001177 peak=0.002985 gain=1.000
2025-12-15 22:45:58 [tracker] [s1] onset-accepted t=13.4460 env=0.001177 gate=0.000023 envDelta=0.001154 envFloor=0.000620 onset=0.668047 thresh=0.006000 onsetDelta=0.662047 baseline=0.000413 floor=0.000180 adapt=0.001033 lastPeak=0.000001 baseParam=0.000180 gateRatio=0.0550 envParam=0.000450 onsetScale=0.300 retriggerScale=1.400 guard=0.060 guardRemain=0.000 activeAge=-1.000 retrigRemain=0.000 pitchHz=-1.00 pitchCents=0.0
2025-12-15 22:45:58 [tracker] [s1] onset t=13.446 env=0.00118 gate=0.00002 envDelta=0.00115 envFloor=0.00062 onset=0.668 thresh=0.006 onsetDelta=0.66205 baseline=0.00041 adaptive=0.00103 lastPeak=0.00000 guard=0.060 activeAge=-1.000 pitch=-1.00Hz pitchCents=0.0
2025-12-15 22:45:58 [tracker] [s2] onset t=13.467 env=0.00150 gate=0.00001 envDelta=0.00150 envFloor=0.00096 onset=1.196 thresh=0.009 onsetDelta=1.18687 baseline=0.00064 adaptive=0.00161 lastPeak=0.00063 guard=0.060 activeAge=-1.000 pitch=-1.00Hz pitchCents=0.0
2025-12-15 22:45:58 [tracker] [s1] aubio-raw t=13.5047 onset=1.003506 env=0.001316 peak=0.002718 gain=1.000
2025-12-15 22:45:58 [tracker] [s1] onset-accepted t=13.5047 env=0.001316 gate=0.000024 envDelta=0.001292 envFloor=0.000650 onset=1.003506 thresh=0.006000 onsetDelta=0.997506 baseline=0.000433 floor=0.000180 adapt=0.001083 lastPeak=0.000001 baseParam=0.000180 gateRatio=0.0550 envParam=0.000450 onsetScale=0.300 retriggerScale=1.400 guard=0.060 guardRemain=0.000 activeAge=-1.000 retrigRemain=0.000 pitchHz=-1.00 pitchCents=0.0
2025-12-15 22:45:58 [tracker] [s1] onset t=13.505 env=0.00132 gate=0.00002 envDelta=0.00129 envFloor=0.00065 onset=1.004 thresh=0.006 onsetDelta=0.99751 baseline=0.00043 adaptive=0.00108 lastPeak=0.00000 guard=0.060 activeAge=-1.000 pitch=-1.00Hz pitchCents=0.0
2025-12-15 22:45:58 [tracker] [s2] onset t=13.553 env=0.00155 gate=0.00001 envDelta=0.00154 envFloor=0.00096 onset=1.401 thresh=0.009 onsetDelta=1.39165 baseline=0.00064 adaptive=0.00161 lastPeak=0.00054 guard=0.060 activeAge=-1.000 pitch=571.31Hz pitchCents=2852.1
2025-12-15 22:45:58 [tracker] [s6] onset t=13.667 env=0.00201 gate=0.00019 envDelta=0.00182 envFloor=0.00114 onset=0.899 thresh=0.018 onsetDelta=0.88065 baseline=0.00076 adaptive=0.00191 lastPeak=0.00000 guard=0.060 activeAge=-1.000 pitch=-1.00Hz pitchCents=0.0
2025-12-15 22:45:58 [tracker] [s6] onset t=13.737 env=0.00223 gate=0.00021 envDelta=0.00202 envFloor=0.00124 onset=0.697 thresh=0.018 onsetDelta=0.67863 baseline=0.00083 adaptive=0.00207 lastPeak=0.00000 guard=0.060 activeAge=-1.000 pitch=-1.00Hz pitchCents=0.0
2025-12-15 22:45:58 [tracker] [s3] onset t=13.803 env=0.00135 gate=0.00008 envDelta=0.00127 envFloor=0.00096 onset=1.007 thresh=0.012 onsetDelta=0.99582 baseline=0.00064 adaptive=0.00160 lastPeak=0.00000 guard=0.060 activeAge=-1.000 pitch=-1.00Hz pitchCents=0.0
2025-12-15 22:45:58 [tracker] [s6] onset t=13.827 env=0.00197 gate=0.00022 envDelta=0.00175 envFloor=0.00132 onset=1.152 thresh=0.018 onsetDelta=1.13354 baseline=0.00088 adaptive=0.00220 lastPeak=0.00000 guard=0.060 activeAge=-1.000 pitch=-1.00Hz pitchCents=0.0
2025-12-15 22:45:58 [tracker] [s3] onset t=13.883 env=0.00134 gate=0.00008 envDelta=0.00125 envFloor=0.00095 onset=1.092 thresh=0.012 onsetDelta=1.08003 baseline=0.00063 adaptive=0.00158 lastPeak=0.00000 guard=0.060 activeAge=-1.000 pitch=-1.00Hz pitchCents=0.0
2025-12-15 22:45:58 [tracker] [s6] onset t=13.886 env=0.00227 gate=0.00022 envDelta=0.00205 envFloor=0.00131 onset=1.166 thresh=0.018 onsetDelta=1.14784 baseline=0.00088 adaptive=0.00219 lastPeak=0.00000 guard=0.060 activeAge=-1.000 pitch=-1.00Hz pitchCents=0.0
2025-12-15 22:45:58 [tracker] [s5] onset t=13.897 env=0.00181 gate=0.00015 envDelta=0.00165 envFloor=0.00110 onset=1.424 thresh=0.016 onsetDelta=1.40796 baseline=0.00073 adaptive=0.00183 lastPeak=0.00000 guard=0.060 activeAge=-1.000 pitch=-1.00Hz pitchCents=0.0
2025-12-15 22:45:58 [tracker] [s3] onset t=13.993 env=0.00175 gate=0.00008 envDelta=0.00166 envFloor=0.00094 onset=1.017 thresh=0.012 onsetDelta=1.00550 baseline=0.00063 adaptive=0.00157 lastPeak=0.00000 guard=0.060 activeAge=-1.000 pitch=-1.00Hz pitchCents=0.0
2025-12-15 22:45:58 [tracker] [s1] aubio-raw t=14.0567 onset=1.107499 env=0.000865 peak=0.002368 gain=1.000
2025-12-15 22:45:58 [tracker] [s1] onset-accepted t=14.0567 env=0.000865 gate=0.000022 envDelta=0.000843 envFloor=0.000597 onset=1.107499 thresh=0.006000 onsetDelta=1.101499 baseline=0.000398 floor=0.000180 adapt=0.000994 lastPeak=0.000000 baseParam=0.000180 gateRatio=0.0550 envParam=0.000450 onsetScale=0.300 retriggerScale=1.400 guard=0.060 guardRemain=0.000 activeAge=-1.000 retrigRemain=0.000 pitchHz=296.32 pitchCents=2215.6
2025-12-15 22:45:58 [tracker] [s1] onset t=14.057 env=0.00087 gate=0.00002 envDelta=0.00084 envFloor=0.00060 onset=1.107 thresh=0.006 onsetDelta=1.10150 baseline=0.00040 adaptive=0.00099 lastPeak=0.00000 guard=0.060 activeAge=-1.000 pitch=296.32Hz pitchCents=2215.6
2025-12-15 22:45:58 [tracker] [s4] onset t=14.089 env=0.00107 gate=0.00011 envDelta=0.00096 envFloor=0.00095 onset=1.202 thresh=0.014 onsetDelta=1.18824 baseline=0.00063 adaptive=0.00159 lastPeak=0.00000 guard=0.060 activeAge=-1.000 pitch=-1.00Hz pitchCents=0.0
2025-12-15 22:45:58 [tracker] [s3] onset t=14.131 env=0.00102 gate=0.00008 envDelta=0.00094 envFloor=0.00091 onset=0.826 thresh=0.012 onsetDelta=0.81394 baseline=0.00061 adaptive=0.00152 lastPeak=0.00000 guard=0.060 activeAge=-1.000 pitch=-1.00Hz pitchCents=0.0
2025-12-15 22:45:58 [tracker] [s2] onset t=14.241 env=0.00143 gate=0.00001 envDelta=0.00142 envFloor=0.00104 onset=1.060 thresh=0.009 onsetDelta=1.05087 baseline=0.00069 adaptive=0.00173 lastPeak=0.00015 guard=0.060 activeAge=-1.000 pitch=-1.00Hz pitchCents=0.0
2025-12-15 22:45:58 [tracker] [s5] onset t=14.254 env=0.00176 gate=0.00016 envDelta=0.00159 envFloor=0.00117 onset=0.995 thresh=0.016 onsetDelta=0.97924 baseline=0.00078 adaptive=0.00194 lastPeak=0.00000 guard=0.060 activeAge=-1.000 pitch=-1.00Hz pitchCents=0.0
2025-12-15 22:45:58 [tracker] [s5] onset t=14.318 env=0.00154 gate=0.00016 envDelta=0.00139 envFloor=0.00111 onset=0.825 thresh=0.016 onsetDelta=0.80853 baseline=0.00074 adaptive=0.00185 lastPeak=0.00000 guard=0.060 activeAge=-1.000 pitch=-1.00Hz pitchCents=0.0
2025-12-15 22:45:58 [tracker] [s6] onset t=14.337 env=0.00183 gate=0.00021 envDelta=0.00162 envFloor=0.00125 onset=1.173 thresh=0.018 onsetDelta=1.15548 baseline=0.00083 adaptive=0.00208 lastPeak=0.00000 guard=0.060 activeAge=-1.000 pitch=-1.00Hz pitchCents=0.0
2025-12-15 22:45:58 [tracker] [s6] onset t=14.387 env=0.00174 gate=0.00020 envDelta=0.00154 envFloor=0.00122 onset=0.997 thresh=0.018 onsetDelta=0.97949 baseline=0.00082 adaptive=0.00204 lastPeak=0.00000 guard=0.060 activeAge=-1.000 pitch=-1.00Hz pitchCents=0.0
2025-12-15 22:45:59 [tracker] [s4] onset t=14.454 env=0.00137 gate=0.00011 envDelta=0.00126 envFloor=0.00096 onset=1.242 thresh=0.014 onsetDelta=1.22792 baseline=0.00064 adaptive=0.00160 lastPeak=0.00000 guard=0.060 activeAge=-1.000 pitch=-1.00Hz pitchCents=0.0
2025-12-15 22:45:59 [tracker] [s1] aubio-raw t=14.5073 onset=0.992186 env=0.000624 peak=0.001880 gain=1.000
2025-12-15 22:45:59 [tracker] [s1] onset-accepted t=14.5073 env=0.000624 gate=0.000021 envDelta=0.000603 envFloor=0.000567 onset=0.992186 thresh=0.006000 onsetDelta=0.986186 baseline=0.000378 floor=0.000180 adapt=0.000945 lastPeak=0.000000 baseParam=0.000180 gateRatio=0.0550 envParam=0.000450 onsetScale=0.300 retriggerScale=1.400 guard=0.060 guardRemain=0.000 activeAge=-1.000 retrigRemain=0.000 pitchHz=380.94 pitchCents=2650.5
2025-12-15 22:45:59 [tracker] [s1] onset t=14.507 env=0.00062 gate=0.00002 envDelta=0.00060 envFloor=0.00057 onset=0.992 thresh=0.006 onsetDelta=0.98619 baseline=0.00038 adaptive=0.00095 lastPeak=0.00000 guard=0.060 activeAge=-1.000 pitch=380.94Hz pitchCents=2650.5
2025-12-15 22:45:59 [tracker] [s6] onset t=14.513 env=0.00189 gate=0.00020 envDelta=0.00170 envFloor=0.00118 onset=1.180 thresh=0.018 onsetDelta=1.16211 baseline=0.00079 adaptive=0.00197 lastPeak=0.00000 guard=0.060 activeAge=-1.000 pitch=-1.00Hz pitchCents=0.0
2025-12-15 22:45:59 [tracker] [s2] onset t=14.702 env=0.00122 gate=0.00001 envDelta=0.00122 envFloor=0.00094 onset=1.019 thresh=0.009 onsetDelta=1.01024 baseline=0.00063 adaptive=0.00157 lastPeak=0.00006 guard=0.060 activeAge=-1.000 pitch=727.30Hz pitchCents=3270.1
2025-12-15 22:45:59 [tracker] [s5] onset t=14.825 env=0.00174 gate=0.00014 envDelta=0.00160 envFloor=0.00100 onset=1.224 thresh=0.016 onsetDelta=1.20819 baseline=0.00067 adaptive=0.00167 lastPeak=0.00000 guard=0.060 activeAge=-1.000 pitch=-1.00Hz pitchCents=0.0
2025-12-15 22:45:59 [tracker] [s4] onset t=14.835 env=0.00189 gate=0.00011 envDelta=0.00178 envFloor=0.00097 onset=1.105 thresh=0.014 onsetDelta=1.09054 baseline=0.00064 adaptive=0.00161 lastPeak=0.00000 guard=0.060 activeAge=-1.000 pitch=-1.00Hz pitchCents=0.0
2025-12-15 22:45:59 [tracker] [s3] onset t=14.843 env=0.00118 gate=0.00008 envDelta=0.00111 envFloor=0.00087 onset=0.997 thresh=0.012 onsetDelta=0.98504 baseline=0.00058 adaptive=0.00146 lastPeak=0.00000 guard=0.060 activeAge=-1.000 pitch=-1.00Hz pitchCents=0.0
2025-12-15 22:45:59 [tracker] [s6] onset t=14.849 env=0.00196 gate=0.00019 envDelta=0.00177 envFloor=0.00117 onset=0.953 thresh=0.018 onsetDelta=0.93508 baseline=0.00078 adaptive=0.00194 lastPeak=0.00000 guard=0.060 activeAge=-1.000 pitch=-1.00Hz pitchCents=0.0
2025-12-15 22:45:59 [tracker] [s1] aubio-raw t=14.8673 onset=1.129843 env=0.000882 peak=0.001774 gain=1.000
2025-12-15 22:45:59 [tracker] [s1] onset-accepted t=14.8673 env=0.000882 gate=0.000020 envDelta=0.000862 envFloor=0.000545 onset=1.129843 thresh=0.006000 onsetDelta=1.123843 baseline=0.000363 floor=0.000180 adapt=0.000908 lastPeak=0.000000 baseParam=0.000180 gateRatio=0.0550 envParam=0.000450 onsetScale=0.300 retriggerScale=1.400 guard=0.060 guardRemain=0.000 activeAge=-1.000 retrigRemain=0.000 pitchHz=96.39 pitchCents=271.3
2025-12-15 22:45:59 [tracker] [s1] onset t=14.867 env=0.00088 gate=0.00002 envDelta=0.00086 envFloor=0.00055 onset=1.130 thresh=0.006 onsetDelta=1.12384 baseline=0.00036 adaptive=0.00091 lastPeak=0.00000 guard=0.060 activeAge=-1.000 pitch=96.39Hz pitchCents=271.3
2025-12-15 22:45:59 [tracker] [s5] onset t=14.905 env=0.00154 gate=0.00015 envDelta=0.00138 envFloor=0.00108 onset=1.390 thresh=0.016 onsetDelta=1.37398 baseline=0.00072 adaptive=0.00179 lastPeak=0.00000 guard=0.060 activeAge=-1.000 pitch=-1.00Hz pitchCents=0.0
2025-12-15 22:45:59 [tracker] [s1] aubio-raw t=15.0486 onset=0.992438 env=0.000515 peak=0.001479 gain=1.000
2025-12-15 22:45:59 [tracker] [s1] onset-below-env-floor t=15.0486 env=0.000515 gate=0.000023 envDelta=0.000492 envFloor=0.000628 onset=0.992438 thresh=0.006000 onsetDelta=0.986438 baseline=0.000419 floor=0.000180 adapt=0.001047 lastPeak=0.000000 baseParam=0.000180 gateRatio=0.0550 envParam=0.000450 onsetScale=0.300 retriggerScale=1.400 guard=0.060 guardRemain=0.000 activeAge=-1.000 retrigRemain=0.000 pitchHz=-1.00 pitchCents=0.0
2025-12-15 22:45:59 [tracker] [s6] onset t=15.073 env=0.00217 gate=0.00022 envDelta=0.00196 envFloor=0.00130 onset=0.693 thresh=0.018 onsetDelta=0.67475 baseline=0.00087 adaptive=0.00216 lastPeak=0.00000 guard=0.060 activeAge=-1.000 pitch=-1.00Hz pitchCents=0.0
2025-12-15 22:45:59 [tracker] [s3] onset t=15.094 env=0.00114 gate=0.00008 envDelta=0.00106 envFloor=0.00090 onset=0.998 thresh=0.012 onsetDelta=0.98596 baseline=0.00060 adaptive=0.00150 lastPeak=0.00000 guard=0.060 activeAge=-1.000 pitch=-1.00Hz pitchCents=0.0
2025-12-15 22:45:59 [tracker] [s5] onset t=15.118 env=0.00179 gate=0.00015 envDelta=0.00164 envFloor=0.00107 onset=0.997 thresh=0.016 onsetDelta=0.98095 baseline=0.00072 adaptive=0.00179 lastPeak=0.00000 guard=0.060 activeAge=-1.000 pitch=-1.00Hz pitchCents=0.0
2025-12-15 22:45:59 [tracker] [s2] onset t=15.137 env=0.00145 gate=0.00001 envDelta=0.00144 envFloor=0.00097 onset=0.902 thresh=0.009 onsetDelta=0.89309 baseline=0.00065 adaptive=0.00162 lastPeak=0.00003 guard=0.060 activeAge=-1.000 pitch=296.34Hz pitchCents=1715.7
2025-12-15 22:45:59 [tracker] [s5] onset t=15.193 env=0.00156 gate=0.00014 envDelta=0.00142 envFloor=0.00100 onset=1.286 thresh=0.016 onsetDelta=1.27021 baseline=0.00067 adaptive=0.00167 lastPeak=0.00000 guard=0.060 activeAge=-1.000 pitch=-1.00Hz pitchCents=0.0
2025-12-15 22:45:59 [tracker] [s1] aubio-raw t=15.2059 onset=1.243391 env=0.000607 peak=0.001623 gain=1.000
2025-12-15 22:45:59 [tracker] [s1] onset t=15.206 env=0.00061 gate=0.00002 envDelta=0.00059 envFloor=0.00059 onset=1.243 thresh=0.006 onsetDelta=1.23739 baseline=0.00040 adaptive=0.00099 lastPeak=0.00000 guard=0.060 activeAge=-1.000 pitch=333.36Hz pitchCents=2419.5
2025-12-15 22:45:59 [tracker] [s2] onset t=15.291 env=0.00104 gate=0.00001 envDelta=0.00103 envFloor=0.00094 onset=1.369 thresh=0.009 onsetDelta=1.35962 baseline=0.00063 adaptive=0.00156 lastPeak=0.00002 guard=0.060 activeAge=-1.000 pitch=-1.00Hz pitchCents=0.0
2025-12-15 22:45:59 [tracker] [s3] onset t=15.310 env=0.00173 gate=0.00008 envDelta=0.00165 envFloor=0.00094 onset=0.999 thresh=0.012 onsetDelta=0.98701 baseline=0.00063 adaptive=0.00157 lastPeak=0.00000 guard=0.060 activeAge=-1.000 pitch=-1.00Hz pitchCents=0.0
2025-12-15 22:45:59 [tracker] [s1] aubio-raw t=15.3499 onset=0.897447 env=0.000601 peak=0.001823 gain=1.000
2025-12-15 22:45:59 [tracker] [s1] onset-below-env-floor t=15.3499 env=0.000601 gate=0.000023 envDelta=0.000578 envFloor=0.000631 onset=0.897447 thresh=0.006000 onsetDelta=0.891447 baseline=0.000421 floor=0.000180 adapt=0.001052 lastPeak=0.000000 baseParam=0.000180 gateRatio=0.0550 envParam=0.000450 onsetScale=0.300 retriggerScale=1.400 guard=0.060 guardRemain=0.000 activeAge=-1.000 retrigRemain=0.000 pitchHz=-1.00 pitchCents=0.0
2025-12-15 22:45:59 [tracker] [s6] onset t=15.379 env=0.00202 gate=0.00021 envDelta=0.00181 envFloor=0.00127 onset=0.694 thresh=0.018 onsetDelta=0.67593 baseline=0.00085 adaptive=0.00212 lastPeak=0.00000 guard=0.060 activeAge=-1.000 pitch=-1.00Hz pitchCents=0.0
2025-12-15 22:45:59 [tracker] [s2] onset t=15.395 env=0.00146 gate=0.00001 envDelta=0.00145 envFloor=0.00098 onset=0.622 thresh=0.009 onsetDelta=0.61271 baseline=0.00065 adaptive=0.00163 lastPeak=0.00002 guard=0.060 activeAge=-1.000 pitch=615.32Hz pitchCents=2980.6
2025-12-15 22:45:59 [tracker] [s3] onset t=15.403 env=0.00117 gate=0.00008 envDelta=0.00109 envFloor=0.00098 onset=0.998 thresh=0.012 onsetDelta=0.98641 baseline=0.00065 adaptive=0.00163 lastPeak=0.00000 guard=0.060 activeAge=-1.000 pitch=-1.00Hz pitchCents=0.0
2025-12-15 22:46:00 [tracker] [s5] onset t=15.507 env=0.00162 gate=0.00014 envDelta=0.00148 envFloor=0.00102 onset=0.907 thresh=0.016 onsetDelta=0.89101 baseline=0.00068 adaptive=0.00170 lastPeak=0.00000 guard=0.060 activeAge=-1.000 pitch=-1.00Hz pitchCents=0.0
2025-12-15 22:46:00 [tracker] [s1] aubio-raw t=15.5765 onset=1.017436 env=0.000654 peak=0.001550 gain=1.000
2025-12-15 22:46:00 [tracker] [s1] onset-accepted t=15.5765 env=0.000654 gate=0.000022 envDelta=0.000632 envFloor=0.000597 onset=1.017436 thresh=0.006000 onsetDelta=1.011436 baseline=0.000398 floor=0.000180 adapt=0.000995 lastPeak=0.000000 baseParam=0.000180 gateRatio=0.0550 envParam=0.000450 onsetScale=0.300 retriggerScale=1.400 guard=0.060 guardRemain=0.000 activeAge=-1.000 retrigRemain=0.000 pitchHz=181.83 pitchCents=1370.1
2025-12-15 22:46:00 [tracker] [s1] onset t=15.577 env=0.00065 gate=0.00002 envDelta=0.00063 envFloor=0.00060 onset=1.017 thresh=0.006 onsetDelta=1.01144 baseline=0.00040 adaptive=0.00099 lastPeak=0.00000 guard=0.060 activeAge=-1.000 pitch=181.83Hz pitchCents=1370.1
2025-12-15 22:46:00 [tracker] [s6] onset t=15.635 env=0.00207 gate=0.00020 envDelta=0.00186 envFloor=0.00122 onset=1.144 thresh=0.018 onsetDelta=1.12590 baseline=0.00081 adaptive=0.00203 lastPeak=0.00000 guard=0.060 activeAge=-1.000 pitch=-1.00Hz pitchCents=0.0
2025-12-15 22:46:00 [tracker] [s5] onset t=15.665 env=0.00166 gate=0.00015 envDelta=0.00152 envFloor=0.00104 onset=0.768 thresh=0.016 onsetDelta=0.75183 baseline=0.00069 adaptive=0.00174 lastPeak=0.00000 guard=0.060 activeAge=-1.000 pitch=-1.00Hz pitchCents=0.0
2025-12-15 22:46:00 [tracker] [s3] onset t=15.742 env=0.00144 gate=0.00008 envDelta=0.00136 envFloor=0.00093 onset=0.864 thresh=0.012 onsetDelta=0.85201 baseline=0.00062 adaptive=0.00155 lastPeak=0.00000 guard=0.060 activeAge=-1.000 pitch=-1.00Hz pitchCents=0.0
2025-12-15 22:46:00 [tracker] [s6] onset t=15.833 env=0.00179 gate=0.00021 envDelta=0.00158 envFloor=0.00124 onset=1.007 thresh=0.018 onsetDelta=0.98931 baseline=0.00083 adaptive=0.00207 lastPeak=0.00000 guard=0.060 activeAge=-1.000 pitch=-1.00Hz pitchCents=0.0
2025-12-15 22:46:00 [tracker] [s5] onset t=15.894 env=0.00156 gate=0.00015 envDelta=0.00142 envFloor=0.00104 onset=0.648 thresh=0.016 onsetDelta=0.63185 baseline=0.00069 adaptive=0.00173 lastPeak=0.00000 guard=0.060 activeAge=-1.000 pitch=-1.00Hz pitchCents=0.0
2025-12-15 22:46:00 [tracker] [s6] onset t=15.897 env=0.00177 gate=0.00020 envDelta=0.00157 envFloor=0.00118 onset=1.069 thresh=0.018 onsetDelta=1.05059 baseline=0.00079 adaptive=0.00197 lastPeak=0.00000 guard=0.060 activeAge=-1.000 pitch=-1.00Hz pitchCents=0.0
2025-12-15 22:46:00 [tracker] [s3] onset t=15.995 env=0.00180 gate=0.00008 envDelta=0.00172 envFloor=0.00090 onset=0.998 thresh=0.012 onsetDelta=0.98626 baseline=0.00060 adaptive=0.00150 lastPeak=0.00000 guard=0.060 activeAge=-1.000 pitch=-1.00Hz pitchCents=0.0
2025-12-15 22:46:00 [tracker] [s1] aubio-raw t=16.0112 onset=1.128863 env=0.000951 peak=0.002251 gain=1.000
2025-12-15 22:46:00 [tracker] [s1] onset-accepted t=16.0112 env=0.000951 gate=0.000021 envDelta=0.000931 envFloor=0.000569 onset=1.128863 thresh=0.006000 onsetDelta=1.122863 baseline=0.000379 floor=0.000180 adapt=0.000948 lastPeak=0.000000 baseParam=0.000180 gateRatio=0.0550 envParam=0.000450 onsetScale=0.300 retriggerScale=1.400 guard=0.060 guardRemain=0.000 activeAge=-1.000 retrigRemain=0.000 pitchHz=-1.00 pitchCents=0.0
2025-12-15 22:46:00 [tracker] [s1] onset t=16.011 env=0.00095 gate=0.00002 envDelta=0.00093 envFloor=0.00057 onset=1.129 thresh=0.006 onsetDelta=1.12286 baseline=0.00038 adaptive=0.00095 lastPeak=0.00000 guard=0.060 activeAge=-1.000 pitch=-1.00Hz pitchCents=0.0
2025-12-15 22:46:00 [tracker] [s2] onset t=16.075 env=0.00126 gate=0.00001 envDelta=0.00125 envFloor=0.00100 onset=0.906 thresh=0.009 onsetDelta=0.89668 baseline=0.00066 adaptive=0.00166 lastPeak=0.00000 guard=0.060 activeAge=-1.000 pitch=-1.00Hz pitchCents=0.0
2025-12-15 22:46:00 [tracker] [s4] onset t=16.145 env=0.00170 gate=0.00011 envDelta=0.00159 envFloor=0.00101 onset=0.999 thresh=0.014 onsetDelta=0.98505 baseline=0.00067 adaptive=0.00168 lastPeak=0.00000 guard=0.060 activeAge=-1.000 pitch=-1.00Hz pitchCents=0.0
2025-12-15 22:46:00 [tracker] [s6] onset t=16.262 env=0.00153 gate=0.00020 envDelta=0.00133 envFloor=0.00119 onset=1.366 thresh=0.018 onsetDelta=1.34836 baseline=0.00080 adaptive=0.00199 lastPeak=0.00000 guard=0.060 activeAge=-1.000 pitch=-1.00Hz pitchCents=0.0
2025-12-15 22:46:00 [tracker] [s5] onset t=16.291 env=0.00168 gate=0.00015 envDelta=0.00153 envFloor=0.00107 onset=1.156 thresh=0.016 onsetDelta=1.14006 baseline=0.00072 adaptive=0.00179 lastPeak=0.00000 guard=0.060 activeAge=-1.000 pitch=-1.00Hz pitchCents=0.0
2025-12-15 22:46:00 [tracker] [s3] onset t=16.358 env=0.00119 gate=0.00008 envDelta=0.00111 envFloor=0.00088 onset=1.009 thresh=0.012 onsetDelta=0.99705 baseline=0.00059 adaptive=0.00146 lastPeak=0.00000 guard=0.060 activeAge=-1.000 pitch=-1.00Hz pitchCents=0.0
2025-12-15 22:46:00 [tracker] [s5] onset t=16.368 env=0.00201 gate=0.00015 envDelta=0.00187 envFloor=0.00104 onset=1.077 thresh=0.016 onsetDelta=1.06071 baseline=0.00069 adaptive=0.00173 lastPeak=0.00000 guard=0.060 activeAge=-1.000 pitch=-1.00Hz pitchCents=0.0
2025-12-15 22:46:01 [tracker] [s4] onset t=16.566 env=0.00138 gate=0.00012 envDelta=0.00126 envFloor=0.00104 onset=1.020 thresh=0.014 onsetDelta=1.00644 baseline=0.00069 adaptive=0.00174 lastPeak=0.00000 guard=0.060 activeAge=-1.000 pitch=-1.00Hz pitchCents=0.0
2025-12-15 22:46:01 [tracker] [s2] onset t=16.624 env=0.00092 gate=0.00001 envDelta=0.00091 envFloor=0.00091 onset=1.235 thresh=0.009 onsetDelta=1.22635 baseline=0.00061 adaptive=0.00152 lastPeak=0.00000 guard=0.060 activeAge=-1.000 pitch=799.97Hz pitchCents=3434.9
2025-12-15 22:46:01 [tracker] [s6] onset t=16.635 env=0.00186 gate=0.00020 envDelta=0.00166 envFloor=0.00120 onset=1.180 thresh=0.018 onsetDelta=1.16213 baseline=0.00080 adaptive=0.00200 lastPeak=0.00000 guard=0.060 activeAge=-1.000 pitch=-1.00Hz pitchCents=0.0
2025-12-15 22:46:01 [tracker] [s3] onset t=16.675 env=0.00131 gate=0.00008 envDelta=0.00124 envFloor=0.00089 onset=0.930 thresh=0.012 onsetDelta=0.91851 baseline=0.00059 adaptive=0.00149 lastPeak=0.00000 guard=0.060 activeAge=-1.000 pitch=-1.00Hz pitchCents=0.0
2025-12-15 22:46:01 [tracker] [s5] onset t=16.870 env=0.00176 gate=0.00015 envDelta=0.00161 envFloor=0.00110 onset=1.115 thresh=0.016 onsetDelta=1.09882 baseline=0.00073 adaptive=0.00184 lastPeak=0.00000 guard=0.060 activeAge=-1.000 pitch=-1.00Hz pitchCents=0.0
2025-12-15 22:46:01 [tracker] [s5] onset t=16.939 env=0.00150 gate=0.00015 envDelta=0.00134 envFloor=0.00110 onset=0.999 thresh=0.016 onsetDelta=0.98307 baseline=0.00074 adaptive=0.00184 lastPeak=0.00000 guard=0.060 activeAge=-1.000 pitch=-1.00Hz pitchCents=0.0
2025-12-15 22:46:01 [tracker] [s3] onset t=16.987 env=0.00151 gate=0.00008 envDelta=0.00143 envFloor=0.00093 onset=1.003 thresh=0.012 onsetDelta=0.99166 baseline=0.00062 adaptive=0.00155 lastPeak=0.00000 guard=0.060 activeAge=-1.000 pitch=-1.00Hz pitchCents=0.0
2025-12-15 22:46:01 [tracker] [s4] onset t=16.992 env=0.00144 gate=0.00011 envDelta=0.00133 envFloor=0.00100 onset=1.031 thresh=0.014 onsetDelta=1.01718 baseline=0.00066 adaptive=0.00166 lastPeak=0.00000 guard=0.060 activeAge=-1.000 pitch=-1.00Hz pitchCents=0.0
2025-12-15 22:46:01 [tracker] [s1] aubio-raw t=17.0378 onset=0.993415 env=0.001227 peak=0.002856 gain=1.000
2025-12-15 22:46:01 [tracker] [s1] onset-accepted t=17.0378 env=0.001227 gate=0.000023 envDelta=0.001205 envFloor=0.000619 onset=0.993415 thresh=0.006000 onsetDelta=0.987415 baseline=0.000413 floor=0.000180 adapt=0.001031 lastPeak=0.000000 baseParam=0.000180 gateRatio=0.0550 envParam=0.000450 onsetScale=0.300 retriggerScale=1.400 guard=0.060 guardRemain=0.000 activeAge=-1.000 retrigRemain=0.000 pitchHz=-1.00 pitchCents=0.0
2025-12-15 22:46:01 [tracker] [s1] onset t=17.038 env=0.00123 gate=0.00002 envDelta=0.00120 envFloor=0.00062 onset=0.993 thresh=0.006 onsetDelta=0.98742 baseline=0.00041 adaptive=0.00103 lastPeak=0.00000 guard=0.060 activeAge=-1.000 pitch=-1.00Hz pitchCents=0.0
2025-12-15 22:46:01 [tracker] [s6] onset t=17.160 env=0.00189 gate=0.00020 envDelta=0.00169 envFloor=0.00118 onset=0.928 thresh=0.018 onsetDelta=0.91016 baseline=0.00079 adaptive=0.00197 lastPeak=0.00000 guard=0.060 activeAge=-1.000 pitch=-1.00Hz pitchCents=0.0
2025-12-15 22:46:01 [tracker] [s4] onset t=17.187 env=0.00147 gate=0.00011 envDelta=0.00135 envFloor=0.00099 onset=0.587 thresh=0.014 onsetDelta=0.57269 baseline=0.00066 adaptive=0.00165 lastPeak=0.00000 guard=0.060 activeAge=-1.000 pitch=-1.00Hz pitchCents=0.0
2025-12-15 22:46:02 [tracker] [s6] onset t=17.502 env=0.00157 gate=0.00019 envDelta=0.00138 envFloor=0.00116 onset=1.435 thresh=0.018 onsetDelta=1.41740 baseline=0.00077 adaptive=0.00193 lastPeak=0.00000 guard=0.060 activeAge=-1.000 pitch=-1.00Hz pitchCents=0.0
2025-12-15 22:46:02 [tracker] [s6] onset t=17.590 env=0.00248 gate=0.00021 envDelta=0.00226 envFloor=0.00129 onset=0.538 thresh=0.018 onsetDelta=0.52033 baseline=0.00086 adaptive=0.00214 lastPeak=0.00000 guard=0.060 activeAge=-1.000 pitch=-1.00Hz pitchCents=0.0
2025-12-15 22:46:02 [tracker] [s1] aubio-raw t=17.6377 onset=1.241008 env=0.000568 peak=0.001480 gain=1.000
2025-12-15 22:46:02 [tracker] [s1] onset-below-env-floor t=17.6377 env=0.000568 gate=0.000021 envDelta=0.000547 envFloor=0.000575 onset=1.241008 thresh=0.006000 onsetDelta=1.235008 baseline=0.000383 floor=0.000180 adapt=0.000958 lastPeak=0.000000 baseParam=0.000180 gateRatio=0.0550 envParam=0.000450 onsetScale=0.300 retriggerScale=1.400 guard=0.060 guardRemain=0.000 activeAge=-1.000 retrigRemain=0.000 pitchHz=-1.00 pitchCents=0.0
2025-12-15 22:46:02 [tracker] [s2] onset t=17.640 env=0.00147 gate=0.00001 envDelta=0.00146 envFloor=0.00102 onset=0.995 thresh=0.009 onsetDelta=0.98559 baseline=0.00068 adaptive=0.00169 lastPeak=0.00000 guard=0.060 activeAge=-1.000 pitch=-1.00Hz pitchCents=0.0
2025-12-15 22:46:02 [tracker] [s2] onset t=17.728 env=0.00116 gate=0.00001 envDelta=0.00115 envFloor=0.00102 onset=0.904 thresh=0.009 onsetDelta=0.89480 baseline=0.00068 adaptive=0.00171 lastPeak=0.00000 guard=0.060 activeAge=-1.000 pitch=571.42Hz pitchCents=2852.5
2025-12-15 22:46:02 [tracker] [s3] onset t=17.803 env=0.00190 gate=0.00008 envDelta=0.00182 envFloor=0.00096 onset=0.996 thresh=0.012 onsetDelta=0.98391 baseline=0.00064 adaptive=0.00160 lastPeak=0.00000 guard=0.060 activeAge=-1.000 pitch=-1.00Hz pitchCents=0.0
2025-12-15 22:46:02 [tracker] [s5] onset t=17.856 env=0.00163 gate=0.00014 envDelta=0.00149 envFloor=0.00100 onset=0.999 thresh=0.016 onsetDelta=0.98314 baseline=0.00067 adaptive=0.00167 lastPeak=0.00000 guard=0.060 activeAge=-1.000 pitch=-1.00Hz pitchCents=0.0
2025-12-15 22:46:02 [tracker] [s2] onset t=17.886 env=0.00166 gate=0.00001 envDelta=0.00165 envFloor=0.00099 onset=0.620 thresh=0.009 onsetDelta=0.61082 baseline=0.00066 adaptive=0.00165 lastPeak=0.00000 guard=0.060 activeAge=-1.000 pitch=-1.00Hz pitchCents=0.0
2025-12-15 22:46:02 [tracker] [s3] onset t=17.920 env=0.00122 gate=0.00008 envDelta=0.00114 envFloor=0.00090 onset=0.646 thresh=0.012 onsetDelta=0.63461 baseline=0.00060 adaptive=0.00150 lastPeak=0.00000 guard=0.060 activeAge=-1.000 pitch=-1.00Hz pitchCents=0.0
2025-12-15 22:46:02 [tracker] [s1] aubio-raw t=17.9577 onset=1.427086 env=0.000656 peak=0.001723 gain=1.000
2025-12-15 22:46:02 [tracker] [s1] onset-accepted t=17.9577 env=0.000656 gate=0.000023 envDelta=0.000633 envFloor=0.000619 onset=1.427086 thresh=0.006000 onsetDelta=1.421086 baseline=0.000413 floor=0.000180 adapt=0.001032 lastPeak=0.000000 baseParam=0.000180 gateRatio=0.0550 envParam=0.000450 onsetScale=0.300 retriggerScale=1.400 guard=0.060 guardRemain=0.000 activeAge=-1.000 retrigRemain=0.000 pitchHz=-1.00 pitchCents=0.0
2025-12-15 22:46:02 [tracker] [s1] onset t=17.958 env=0.00066 gate=0.00002 envDelta=0.00063 envFloor=0.00062 onset=1.427 thresh=0.006 onsetDelta=1.42109 baseline=0.00041 adaptive=0.00103 lastPeak=0.00000 guard=0.060 activeAge=-1.000 pitch=-1.00Hz pitchCents=0.0
2025-12-15 22:46:02 [tracker] [s2] onset t=18.118 env=0.00196 gate=0.00001 envDelta=0.00195 envFloor=0.00100 onset=1.025 thresh=0.009 onsetDelta=1.01630 baseline=0.00067 adaptive=0.00167 lastPeak=0.00000 guard=0.060 activeAge=-1.000 pitch=-1.00Hz pitchCents=0.0
2025-12-15 22:46:02 [tracker] [s3] onset t=18.222 env=0.00176 gate=0.00008 envDelta=0.00168 envFloor=0.00091 onset=1.467 thresh=0.012 onsetDelta=1.45548 baseline=0.00060 adaptive=0.00151 lastPeak=0.00000 guard=0.060 activeAge=-1.000 pitch=-1.00Hz pitchCents=0.0
2025-12-15 22:46:02 [tracker] [s1] aubio-raw t=18.2377 onset=1.161014 env=0.000840 peak=0.002016 gain=1.000
2025-12-15 22:46:02 [tracker] [s1] onset-accepted t=18.2377 env=0.000840 gate=0.000024 envDelta=0.000817 envFloor=0.000642 onset=1.161014 thresh=0.006000 onsetDelta=1.155014 baseline=0.000428 floor=0.000180 adapt=0.001071 lastPeak=0.000000 baseParam=0.000180 gateRatio=0.0550 envParam=0.000450 onsetScale=0.300 retriggerScale=1.400 guard=0.060 guardRemain=0.000 activeAge=-1.000 retrigRemain=0.000 pitchHz=97.56 pitchCents=292.3
2025-12-15 22:46:02 [tracker] [s1] onset t=18.238 env=0.00084 gate=0.00002 envDelta=0.00082 envFloor=0.00064 onset=1.161 thresh=0.006 onsetDelta=1.15501 baseline=0.00043 adaptive=0.00107 lastPeak=0.00000 guard=0.060 activeAge=-1.000 pitch=97.56Hz pitchCents=292.3
2025-12-15 22:46:02 [tracker] [s2] onset t=18.323 env=0.00102 gate=0.00001 envDelta=0.00101 envFloor=0.00092 onset=0.602 thresh=0.009 onsetDelta=0.59291 baseline=0.00061 adaptive=0.00153 lastPeak=0.00000 guard=0.060 activeAge=-1.000 pitch=615.29Hz pitchCents=2980.5
2025-12-15 22:46:02 [tracker] [s2] note-start t=18.323 fret=24 midi=69 vel=0.01 env=0.00102
2025-12-15 22:46:02 [tracker] [s1] aubio-raw t=18.3737 onset=0.923596 env=0.000753 peak=0.002259 gain=1.000
2025-12-15 22:46:02 [tracker] [s1] onset-accepted t=18.3737 env=0.000753 gate=0.000021 envDelta=0.000731 envFloor=0.000582 onset=0.923596 thresh=0.006000 onsetDelta=0.917596 baseline=0.000388 floor=0.000180 adapt=0.000970 lastPeak=0.000000 baseParam=0.000180 gateRatio=0.0550 envParam=0.000450 onsetScale=0.300 retriggerScale=1.400 guard=0.060 guardRemain=0.000 activeAge=-1.000 retrigRemain=0.000 pitchHz=97.56 pitchCents=292.2
2025-12-15 22:46:02 [tracker] [s1] onset t=18.374 env=0.00075 gate=0.00002 envDelta=0.00073 envFloor=0.00058 onset=0.924 thresh=0.006 onsetDelta=0.91760 baseline=0.00039 adaptive=0.00097 lastPeak=0.00000 guard=0.060 activeAge=-1.000 pitch=97.56Hz pitchCents=292.2
2025-12-15 22:46:02 [tracker] [s2] onset t=18.390 env=0.00103 gate=0.00001 envDelta=0.00102 envFloor=0.00098 onset=0.898 thresh=0.009 onsetDelta=0.88920 baseline=0.00081 adaptive=0.00163 lastPeak=0.00090 guard=0.060 activeAge=0.067 pitch=-1.00Hz pitchCents=0.0
2025-12-15 22:46:02 [tracker] [s2] note-ended (new onset) t=18.390 fret=24 dur=0.067
2025-12-15 22:46:03 [tracker] [s6] onset t=18.435 env=0.00196 gate=0.00021 envDelta=0.00175 envFloor=0.00127 onset=1.309 thresh=0.018 onsetDelta=1.29096 baseline=0.00085 adaptive=0.00212 lastPeak=0.00000 guard=0.060 activeAge=-1.000 pitch=-1.00Hz pitchCents=0.0
2025-12-15 22:46:03 [tracker] [s3] onset t=18.446 env=0.00129 gate=0.00008 envDelta=0.00120 envFloor=0.00095 onset=0.932 thresh=0.012 onsetDelta=0.92044 baseline=0.00063 adaptive=0.00158 lastPeak=0.00000 guard=0.060 activeAge=-1.000 pitch=-1.00Hz pitchCents=0.0
2025-12-15 22:46:03 [tracker] [s2] onset t=18.470 env=0.00178 gate=0.00001 envDelta=0.00177 envFloor=0.00099 onset=0.997 thresh=0.009 onsetDelta=0.98809 baseline=0.00069 adaptive=0.00164 lastPeak=0.00077 guard=0.060 activeAge=-1.000 pitch=-1.00Hz pitchCents=0.0
2025-12-15 22:46:03 [tracker] [s3] onset t=18.544 env=0.00135 gate=0.00008 envDelta=0.00127 envFloor=0.00092 onset=0.796 thresh=0.012 onsetDelta=0.78396 baseline=0.00061 adaptive=0.00153 lastPeak=0.00000 guard=0.060 activeAge=-1.000 pitch=-1.00Hz pitchCents=0.0
2025-12-15 22:46:03 [tracker] [s6] onset t=18.630 env=0.00191 gate=0.00020 envDelta=0.00172 envFloor=0.00118 onset=0.970 thresh=0.018 onsetDelta=0.95202 baseline=0.00079 adaptive=0.00197 lastPeak=0.00000 guard=0.060 activeAge=-1.000 pitch=-1.00Hz pitchCents=0.0
2025-12-15 22:46:03 [tracker] [s1] aubio-raw t=18.6750 onset=1.040557 env=0.000691 peak=0.001639 gain=1.000
2025-12-15 22:46:03 [tracker] [s1] onset-accepted t=18.6750 env=0.000691 gate=0.000021 envDelta=0.000669 envFloor=0.000585 onset=1.040557 thresh=0.006000 onsetDelta=1.034557 baseline=0.000390 floor=0.000180 adapt=0.000976 lastPeak=0.000000 baseParam=0.000180 gateRatio=0.0550 envParam=0.000450 onsetScale=0.300 retriggerScale=1.400 guard=0.060 guardRemain=0.000 activeAge=-1.000 retrigRemain=0.000 pitchHz=-1.00 pitchCents=0.0
2025-12-15 22:46:03 [tracker] [s1] onset t=18.675 env=0.00069 gate=0.00002 envDelta=0.00067 envFloor=0.00059 onset=1.041 thresh=0.006 onsetDelta=1.03456 baseline=0.00039 adaptive=0.00098 lastPeak=0.00000 guard=0.060 activeAge=-1.000 pitch=-1.00Hz pitchCents=0.0
2025-12-15 22:46:03 [tracker] [s2] onset t=18.723 env=0.00098 gate=0.00001 envDelta=0.00097 envFloor=0.00096 onset=0.984 thresh=0.009 onsetDelta=0.97475 baseline=0.00064 adaptive=0.00161 lastPeak=0.00048 guard=0.060 activeAge=-1.000 pitch=533.31Hz pitchCents=2733.0
2025-12-15 22:46:03 [tracker] [s6] onset t=18.736 env=0.00204 gate=0.00021 envDelta=0.00183 envFloor=0.00125 onset=1.007 thresh=0.018 onsetDelta=0.98873 baseline=0.00084 adaptive=0.00209 lastPeak=0.00000 guard=0.060 activeAge=-1.000 pitch=-1.00Hz pitchCents=0.0
2025-12-15 22:46:03 [tracker] [s6] onset t=18.840 env=0.00192 gate=0.00021 envDelta=0.00171 envFloor=0.00127 onset=0.906 thresh=0.018 onsetDelta=0.88759 baseline=0.00085 adaptive=0.00212 lastPeak=0.00000 guard=0.060 activeAge=-1.000 pitch=-1.00Hz pitchCents=0.0
2025-12-15 22:46:03 [tracker] [s5] onset t=18.891 env=0.00179 gate=0.00015 envDelta=0.00164 envFloor=0.00108 onset=0.889 thresh=0.016 onsetDelta=0.87281 baseline=0.00072 adaptive=0.00180 lastPeak=0.00000 guard=0.060 activeAge=-1.000 pitch=-1.00Hz pitchCents=0.0
2025-12-15 22:46:03 [tracker] [s4] onset t=18.918 env=0.00143 gate=0.00011 envDelta=0.00132 envFloor=0.00096 onset=0.997 thresh=0.014 onsetDelta=0.98284 baseline=0.00064 adaptive=0.00160 lastPeak=0.00000 guard=0.060 activeAge=-1.000 pitch=-1.00Hz pitchCents=0.0
2025-12-15 22:46:03 [tracker] [s3] onset t=18.966 env=0.00118 gate=0.00008 envDelta=0.00111 envFloor=0.00089 onset=0.971 thresh=0.012 onsetDelta=0.95961 baseline=0.00059 adaptive=0.00148 lastPeak=0.00000 guard=0.060 activeAge=-1.000 pitch=-1.00Hz pitchCents=0.0
2025-12-15 22:46:03 [tracker] [s6] onset t=18.982 env=0.00198 gate=0.00019 envDelta=0.00180 envFloor=0.00112 onset=0.987 thresh=0.018 onsetDelta=0.96893 baseline=0.00075 adaptive=0.00187 lastPeak=0.00000 guard=0.060 activeAge=-1.000 pitch=-1.00Hz pitchCents=0.0
2025-12-15 22:46:03 [tracker] [s1] aubio-raw t=18.9950 onset=0.902463 env=0.001160 peak=0.002209 gain=1.000
2025-12-15 22:46:03 [tracker] [s1] onset-accepted t=18.9950 env=0.001160 gate=0.000023 envDelta=0.001137 envFloor=0.000618 onset=0.902463 thresh=0.006000 onsetDelta=0.896463 baseline=0.000412 floor=0.000180 adapt=0.001030 lastPeak=0.000000 baseParam=0.000180 gateRatio=0.0550 envParam=0.000450 onsetScale=0.300 retriggerScale=1.400 guard=0.060 guardRemain=0.000 activeAge=-1.000 retrigRemain=0.000 pitchHz=-1.00 pitchCents=0.0
2025-12-15 22:46:03 [tracker] [s1] onset t=18.995 env=0.00116 gate=0.00002 envDelta=0.00114 envFloor=0.00062 onset=0.902 thresh=0.006 onsetDelta=0.89646 baseline=0.00041 adaptive=0.00103 lastPeak=0.00000 guard=0.060 activeAge=-1.000 pitch=-1.00Hz pitchCents=0.0
2025-12-15 22:46:03 [tracker] [s5] onset t=19.091 env=0.00154 gate=0.00015 envDelta=0.00139 envFloor=0.00106 onset=0.588 thresh=0.016 onsetDelta=0.57248 baseline=0.00070 adaptive=0.00176 lastPeak=0.00000 guard=0.060 activeAge=-1.000 pitch=-1.00Hz pitchCents=0.0
2025-12-15 22:46:03 [tracker] [s1] aubio-raw t=19.1789 onset=0.945109 env=0.001085 peak=0.002365 gain=1.000
2025-12-15 22:46:03 [tracker] [s1] onset-accepted t=19.1789 env=0.001085 gate=0.000023 envDelta=0.001063 envFloor=0.000618 onset=0.945109 thresh=0.006000 onsetDelta=0.939109 baseline=0.000412 floor=0.000180 adapt=0.001030 lastPeak=0.000000 baseParam=0.000180 gateRatio=0.0550 envParam=0.000450 onsetScale=0.300 retriggerScale=1.400 guard=0.060 guardRemain=0.000 activeAge=-1.000 retrigRemain=0.000 pitchHz=-1.00 pitchCents=0.0
2025-12-15 22:46:03 [tracker] [s1] onset t=19.179 env=0.00109 gate=0.00002 envDelta=0.00106 envFloor=0.00062 onset=0.945 thresh=0.006 onsetDelta=0.93911 baseline=0.00041 adaptive=0.00103 lastPeak=0.00000 guard=0.060 activeAge=-1.000 pitch=-1.00Hz pitchCents=0.0
2025-12-15 22:46:03 [tracker] [s3] onset t=19.192 env=0.00151 gate=0.00008 envDelta=0.00143 envFloor=0.00095 onset=1.046 thresh=0.012 onsetDelta=1.03431 baseline=0.00063 adaptive=0.00158 lastPeak=0.00000 guard=0.060 activeAge=-1.000 pitch=-1.00Hz pitchCents=0.0
2025-12-15 22:46:03 [tracker] [s1] aubio-raw t=19.2589 onset=0.907009 env=0.000874 peak=0.002219 gain=1.000
2025-12-15 22:46:03 [tracker] [s1] onset-accepted t=19.2589 env=0.000874 gate=0.000023 envDelta=0.000851 envFloor=0.000627 onset=0.907009 thresh=0.006000 onsetDelta=0.901009 baseline=0.000418 floor=0.000180 adapt=0.001046 lastPeak=0.000000 baseParam=0.000180 gateRatio=0.0550 envParam=0.000450 onsetScale=0.300 retriggerScale=1.400 guard=0.060 guardRemain=0.000 activeAge=-1.000 retrigRemain=0.000 pitchHz=-1.00 pitchCents=0.0
2025-12-15 22:46:03 [tracker] [s1] onset t=19.259 env=0.00087 gate=0.00002 envDelta=0.00085 envFloor=0.00063 onset=0.907 thresh=0.006 onsetDelta=0.90101 baseline=0.00042 adaptive=0.00105 lastPeak=0.00000 guard=0.060 activeAge=-1.000 pitch=-1.00Hz pitchCents=0.0
2025-12-15 22:46:03 [tracker] [s5] onset t=19.264 env=0.00170 gate=0.00015 envDelta=0.00155 envFloor=0.00106 onset=0.788 thresh=0.016 onsetDelta=0.77196 baseline=0.00070 adaptive=0.00176 lastPeak=0.00000 guard=0.060 activeAge=-1.000 pitch=-1.00Hz pitchCents=0.0
2025-12-15 22:46:03 [tracker] [s2] onset t=19.267 env=0.00128 gate=0.00001 envDelta=0.00128 envFloor=0.00110 onset=0.653 thresh=0.009 onsetDelta=0.64432 baseline=0.00073 adaptive=0.00183 lastPeak=0.00017 guard=0.060 activeAge=-1.000 pitch=-1.00Hz pitchCents=0.0
2025-12-15 22:46:03 [tracker] [s6] onset t=19.352 env=0.00183 gate=0.00020 envDelta=0.00163 envFloor=0.00121 onset=0.994 thresh=0.018 onsetDelta=0.97553 baseline=0.00081 adaptive=0.00202 lastPeak=0.00000 guard=0.060 activeAge=-1.000 pitch=-1.00Hz pitchCents=0.0
2025-12-15 22:46:03 [tracker] [s2] onset t=19.358 env=0.00148 gate=0.00001 envDelta=0.00147 envFloor=0.00093 onset=0.569 thresh=0.009 onsetDelta=0.56001 baseline=0.00062 adaptive=0.00155 lastPeak=0.00015 guard=0.060 activeAge=-1.000 pitch=347.84Hz pitchCents=1993.1
2025-12-15 22:46:04 [tracker] [s6] onset t=19.432 env=0.00182 gate=0.00020 envDelta=0.00162 envFloor=0.00121 onset=1.324 thresh=0.018 onsetDelta=1.30634 baseline=0.00080 adaptive=0.00201 lastPeak=0.00000 guard=0.060 activeAge=-1.000 pitch=-1.00Hz pitchCents=0.0
2025-12-15 22:46:04 [tracker] [s1] aubio-raw t=19.4456 onset=0.998846 env=0.001350 peak=0.002822 gain=1.000
2025-12-15 22:46:04 [tracker] [s1] onset-accepted t=19.4456 env=0.001350 gate=0.000023 envDelta=0.001326 envFloor=0.000636 onset=0.998846 thresh=0.006000 onsetDelta=0.992846 baseline=0.000424 floor=0.000180 adapt=0.001060 lastPeak=0.000000 baseParam=0.000180 gateRatio=0.0550 envParam=0.000450 onsetScale=0.300 retriggerScale=1.400 guard=0.060 guardRemain=0.000 activeAge=-1.000 retrigRemain=0.000 pitchHz=-1.00 pitchCents=0.0
2025-12-15 22:46:04 [tracker] [s1] onset t=19.446 env=0.00135 gate=0.00002 envDelta=0.00133 envFloor=0.00064 onset=0.999 thresh=0.006 onsetDelta=0.99285 baseline=0.00042 adaptive=0.00106 lastPeak=0.00000 guard=0.060 activeAge=-1.000 pitch=-1.00Hz pitchCents=0.0
2025-12-15 22:46:04 [tracker] [s2] onset t=19.526 env=0.00163 gate=0.00001 envDelta=0.00163 envFloor=0.00100 onset=0.997 thresh=0.009 onsetDelta=0.98808 baseline=0.00066 adaptive=0.00166 lastPeak=0.00011 guard=0.060 activeAge=-1.000 pitch=-1.00Hz pitchCents=0.0
2025-12-15 22:46:04 [tracker] [s3] onset t=19.534 env=0.00153 gate=0.00008 envDelta=0.00144 envFloor=0.00097 onset=1.000 thresh=0.012 onsetDelta=0.98820 baseline=0.00064 adaptive=0.00161 lastPeak=0.00000 guard=0.060 activeAge=-1.000 pitch=-1.00Hz pitchCents=0.0
2025-12-15 22:46:04 [tracker] [s3] onset t=19.590 env=0.00124 gate=0.00008 envDelta=0.00116 envFloor=0.00092 onset=1.322 thresh=0.012 onsetDelta=1.31041 baseline=0.00062 adaptive=0.00154 lastPeak=0.00000 guard=0.060 activeAge=-1.000 pitch=-1.00Hz pitchCents=0.0
2025-12-15 22:46:04 [tracker] [s1] aubio-raw t=19.7469 onset=0.902434 env=0.000877 peak=0.002356 gain=1.000
2025-12-15 22:46:04 [tracker] [s1] onset-accepted t=19.7469 env=0.000877 gate=0.000021 envDelta=0.000856 envFloor=0.000585 onset=0.902434 thresh=0.006000 onsetDelta=0.896434 baseline=0.000390 floor=0.000180 adapt=0.000975 lastPeak=0.000000 baseParam=0.000180 gateRatio=0.0550 envParam=0.000450 onsetScale=0.300 retriggerScale=1.400 guard=0.060 guardRemain=0.000 activeAge=-1.000 retrigRemain=0.000 pitchHz=363.61 pitchCents=2569.9
2025-12-15 22:46:04 [tracker] [s1] onset t=19.747 env=0.00088 gate=0.00002 envDelta=0.00086 envFloor=0.00058 onset=0.902 thresh=0.006 onsetDelta=0.89643 baseline=0.00039 adaptive=0.00097 lastPeak=0.00000 guard=0.060 activeAge=-1.000 pitch=363.61Hz pitchCents=2569.9
2025-12-15 22:46:04 [tracker] [s6] onset t=19.790 env=0.00189 gate=0.00020 envDelta=0.00169 envFloor=0.00118 onset=0.941 thresh=0.018 onsetDelta=0.92284 baseline=0.00078 adaptive=0.00196 lastPeak=0.00000 guard=0.060 activeAge=-1.000 pitch=-1.00Hz pitchCents=0.0
2025-12-15 22:46:04 [tracker] [s1] aubio-raw t=19.8802 onset=0.704283 env=0.001276 peak=0.002800 gain=1.000
2025-12-15 22:46:04 [tracker] [s1] onset-accepted t=19.8802 env=0.001276 gate=0.000022 envDelta=0.001254 envFloor=0.000592 onset=0.704283 thresh=0.006000 onsetDelta=0.698283 baseline=0.000394 floor=0.000180 adapt=0.000986 lastPeak=0.000000 baseParam=0.000180 gateRatio=0.0550 envParam=0.000450 onsetScale=0.300 retriggerScale=1.400 guard=0.060 guardRemain=0.000 activeAge=-1.000 retrigRemain=0.000 pitchHz=1143.05 pitchCents=4552.8
2025-12-15 22:46:04 [tracker] [s1] onset t=19.880 env=0.00128 gate=0.00002 envDelta=0.00125 envFloor=0.00059 onset=0.704 thresh=0.006 onsetDelta=0.69828 baseline=0.00039 adaptive=0.00099 lastPeak=0.00000 guard=0.060 activeAge=-1.000 pitch=1143.05Hz pitchCents=4552.8
2025-12-15 22:46:04 [tracker] [s5] onset t=19.880 env=0.00171 gate=0.00016 envDelta=0.00155 envFloor=0.00113 onset=0.996 thresh=0.016 onsetDelta=0.97993 baseline=0.00075 adaptive=0.00189 lastPeak=0.00000 guard=0.060 activeAge=-1.000 pitch=-1.00Hz pitchCents=0.0
2025-12-15 22:46:04 [tracker] [s2] onset t=19.936 env=0.00202 gate=0.00001 envDelta=0.00201 envFloor=0.00106 onset=1.273 thresh=0.009 onsetDelta=1.26446 baseline=0.00071 adaptive=0.00176 lastPeak=0.00005 guard=0.060 activeAge=-1.000 pitch=-1.00Hz pitchCents=0.0
2025-12-15 22:46:04 [tracker] [s6] onset t=20.056 env=0.00183 gate=0.00021 envDelta=0.00163 envFloor=0.00124 onset=1.010 thresh=0.018 onsetDelta=0.99184 baseline=0.00083 adaptive=0.00207 lastPeak=0.00000 guard=0.060 activeAge=-1.000 pitch=-1.00Hz pitchCents=0.0
2025-12-15 22:46:04 [tracker] [s3] onset t=20.083 env=0.00128 gate=0.00008 envDelta=0.00120 envFloor=0.00094 onset=0.973 thresh=0.012 onsetDelta=0.96106 baseline=0.00063 adaptive=0.00157 lastPeak=0.00000 guard=0.060 activeAge=-1.000 pitch=-1.00Hz pitchCents=0.0
2025-12-15 22:46:04 [tracker] [s2] onset t=20.086 env=0.00169 gate=0.00001 envDelta=0.00168 envFloor=0.00093 onset=0.996 thresh=0.009 onsetDelta=0.98728 baseline=0.00062 adaptive=0.00155 lastPeak=0.00004 guard=0.060 activeAge=-1.000 pitch=-1.00Hz pitchCents=0.0
2025-12-15 22:46:04 [tracker] [s5] onset t=20.179 env=0.00163 gate=0.00014 envDelta=0.00148 envFloor=0.00103 onset=1.339 thresh=0.016 onsetDelta=1.32275 baseline=0.00069 adaptive=0.00172 lastPeak=0.00000 guard=0.060 activeAge=-1.000 pitch=-1.00Hz pitchCents=0.0
2025-12-15 22:46:04 [tracker] [s4] onset t=20.264 env=0.00147 gate=0.00011 envDelta=0.00135 envFloor=0.00099 onset=1.001 thresh=0.014 onsetDelta=0.98731 baseline=0.00066 adaptive=0.00165 lastPeak=0.00000 guard=0.060 activeAge=-1.000 pitch=-1.00Hz pitchCents=0.0
2025-12-15 22:46:04 [tracker] [s2] onset t=20.328 env=0.00154 gate=0.00001 envDelta=0.00153 envFloor=0.00100 onset=1.055 thresh=0.009 onsetDelta=1.04559 baseline=0.00066 adaptive=0.00166 lastPeak=0.00002 guard=0.060 activeAge=-1.000 pitch=1142.77Hz pitchCents=4052.3
2025-12-15 22:46:04 [tracker] [s2] note-start t=20.328 fret=24 midi=69 vel=0.02 env=0.00154
2025-12-15 22:46:04 [tracker] [s1] aubio-raw t=20.3442 onset=0.894173 env=0.000975 peak=0.002900 gain=1.000
2025-12-15 22:46:04 [tracker] [s1] onset-accepted t=20.3442 env=0.000975 gate=0.000023 envDelta=0.000952 envFloor=0.000638 onset=0.894173 thresh=0.006000 onsetDelta=0.888173 baseline=0.000425 floor=0.000180 adapt=0.001063 lastPeak=0.000000 baseParam=0.000180 gateRatio=0.0550 envParam=0.000450 onsetScale=0.300 retriggerScale=1.400 guard=0.060 guardRemain=0.000 activeAge=-1.000 retrigRemain=0.000 pitchHz=-1.00 pitchCents=0.0
2025-12-15 22:46:04 [tracker] [s1] onset t=20.344 env=0.00098 gate=0.00002 envDelta=0.00095 envFloor=0.00064 onset=0.894 thresh=0.006 onsetDelta=0.88817 baseline=0.00043 adaptive=0.00106 lastPeak=0.00000 guard=0.060 activeAge=-1.000 pitch=-1.00Hz pitchCents=0.0
2025-12-15 22:46:04 [tracker] [s6] onset t=20.352 env=0.00188 gate=0.00022 envDelta=0.00166 envFloor=0.00130 onset=0.997 thresh=0.018 onsetDelta=0.97880 baseline=0.00087 adaptive=0.00217 lastPeak=0.00000 guard=0.060 activeAge=-1.000 pitch=-1.00Hz pitchCents=0.0
2025-12-15 22:46:04 [tracker] [s1] aubio-raw t=20.4082 onset=0.693549 env=0.000939 peak=0.002116 gain=1.000
2025-12-15 22:46:04 [tracker] [s1] onset-accepted t=20.4082 env=0.000939 gate=0.000023 envDelta=0.000916 envFloor=0.000625 onset=0.693549 thresh=0.006000 onsetDelta=0.687549 baseline=0.000417 floor=0.000180 adapt=0.001042 lastPeak=0.000000 baseParam=0.000180 gateRatio=0.0550 envParam=0.000450 onsetScale=0.300 retriggerScale=1.400 guard=0.060 guardRemain=0.000 activeAge=-1.000 retrigRemain=0.000 pitchHz=-1.00 pitchCents=0.0
2025-12-15 22:46:04 [tracker] [s1] onset t=20.408 env=0.00094 gate=0.00002 envDelta=0.00092 envFloor=0.00062 onset=0.694 thresh=0.006 onsetDelta=0.68755 baseline=0.00042 adaptive=0.00104 lastPeak=0.00000 guard=0.060 activeAge=-1.000 pitch=-1.00Hz pitchCents=0.0
2025-12-15 22:46:05 [tracker] [s5] onset t=20.451 env=0.00174 gate=0.00015 envDelta=0.00159 envFloor=0.00107 onset=1.177 thresh=0.016 onsetDelta=1.16110 baseline=0.00072 adaptive=0.00179 lastPeak=0.00000 guard=0.060 activeAge=-1.000 pitch=-1.00Hz pitchCents=0.0
2025-12-15 22:46:05 [tracker] [s5] onset t=20.507 env=0.00133 gate=0.00015 envDelta=0.00118 envFloor=0.00110 onset=0.973 thresh=0.016 onsetDelta=0.95670 baseline=0.00073 adaptive=0.00183 lastPeak=0.00000 guard=0.060 activeAge=-1.000 pitch=-1.00Hz pitchCents=0.0
2025-12-15 22:46:05 [tracker] [s3] onset t=20.627 env=0.00151 gate=0.00008 envDelta=0.00143 envFloor=0.00096 onset=1.000 thresh=0.012 onsetDelta=0.98797 baseline=0.00064 adaptive=0.00160 lastPeak=0.00000 guard=0.060 activeAge=-1.000 pitch=-1.00Hz pitchCents=0.0
2025-12-15 22:46:05 [tracker] [s6] onset t=20.648 env=0.00213 gate=0.00022 envDelta=0.00192 envFloor=0.00129 onset=1.066 thresh=0.018 onsetDelta=1.04840 baseline=0.00086 adaptive=0.00216 lastPeak=0.00000 guard=0.060 activeAge=-1.000 pitch=-1.00Hz pitchCents=0.0
2025-12-15 22:46:05 [tracker] [s3] onset t=20.829 env=0.00151 gate=0.00008 envDelta=0.00143 envFloor=0.00088 onset=0.999 thresh=0.012 onsetDelta=0.98785 baseline=0.00059 adaptive=0.00147 lastPeak=0.00000 guard=0.060 activeAge=-1.000 pitch=-1.00Hz pitchCents=0.0
2025-12-15 22:46:05 [tracker] [s2] release-retrigger t=20.864 onset=0.999 gate=0.000 age=0.536
2025-12-15 22:46:05 [tracker] [s2] note-ended t=20.864 fret=24 dur=0.536
2025-12-15 22:46:05 [tracker] [s5] onset t=20.888 env=0.00163 gate=0.00014 envDelta=0.00148 envFloor=0.00102 onset=1.112 thresh=0.016 onsetDelta=1.09571 baseline=0.00068 adaptive=0.00170 lastPeak=0.00000 guard=0.060 activeAge=-1.000 pitch=-1.00Hz pitchCents=0.0
2025-12-15 22:46:05 [tracker] [s2] onset t=20.939 env=0.00175 gate=0.00001 envDelta=0.00174 envFloor=0.00098 onset=1.180 thresh=0.009 onsetDelta=1.17149 baseline=0.00065 adaptive=0.00163 lastPeak=0.00049 guard=0.060 activeAge=-1.000 pitch=-1.00Hz pitchCents=0.0
2025-12-15 22:46:05 [tracker] [s5] onset t=21.000 env=0.00156 gate=0.00015 envDelta=0.00142 envFloor=0.00106 onset=0.994 thresh=0.016 onsetDelta=0.97785 baseline=0.00071 adaptive=0.00177 lastPeak=0.00000 guard=0.060 activeAge=-1.000 pitch=-1.00Hz pitchCents=0.0
2025-12-15 22:46:05 [tracker] [s5] onset t=21.123 env=0.00185 gate=0.00016 envDelta=0.00169 envFloor=0.00112 onset=1.018 thresh=0.016 onsetDelta=1.00245 baseline=0.00074 adaptive=0.00186 lastPeak=0.00000 guard=0.060 activeAge=-1.000 pitch=-1.00Hz pitchCents=0.0
2025-12-15 22:46:05 [tracker] [s2] onset t=21.232 env=0.00117 gate=0.00001 envDelta=0.00116 envFloor=0.00096 onset=1.294 thresh=0.009 onsetDelta=1.28545 baseline=0.00064 adaptive=0.00160 lastPeak=0.00028 guard=0.060 activeAge=-1.000 pitch=242.42Hz pitchCents=1368.0
2025-12-15 22:46:05 [tracker] [s4] onset t=21.235 env=0.00157 gate=0.00011 envDelta=0.00146 envFloor=0.00096 onset=0.627 thresh=0.014 onsetDelta=0.61261 baseline=0.00064 adaptive=0.00161 lastPeak=0.00000 guard=0.060 activeAge=-1.000 pitch=-1.00Hz pitchCents=0.0
2025-12-15 22:46:05 [tracker] [s3] onset t=21.344 env=0.00127 gate=0.00008 envDelta=0.00119 envFloor=0.00094 onset=0.999 thresh=0.012 onsetDelta=0.98763 baseline=0.00063 adaptive=0.00157 lastPeak=0.00000 guard=0.060 activeAge=-1.000 pitch=-1.00Hz pitchCents=0.0
2025-12-15 22:46:05 [tracker] [s2] onset t=21.376 env=0.00123 gate=0.00001 envDelta=0.00123 envFloor=0.00096 onset=0.875 thresh=0.009 onsetDelta=0.86613 baseline=0.00064 adaptive=0.00160 lastPeak=0.00021 guard=0.060 activeAge=-1.000 pitch=-1.00Hz pitchCents=0.0
2025-12-15 22:46:06 [tracker] [s1] aubio-raw t=21.4588 onset=1.078482 env=0.000645 peak=0.001730 gain=1.000
2025-12-15 22:46:06 [tracker] [s1] onset-accepted t=21.4588 env=0.000645 gate=0.000022 envDelta=0.000622 envFloor=0.000613 onset=1.078482 thresh=0.006000 onsetDelta=1.072482 baseline=0.000409 floor=0.000180 adapt=0.001022 lastPeak=0.000000 baseParam=0.000180 gateRatio=0.0550 envParam=0.000450 onsetScale=0.300 retriggerScale=1.400 guard=0.060 guardRemain=0.000 activeAge=-1.000 retrigRemain=0.000 pitchHz=-1.00 pitchCents=0.0
2025-12-15 22:46:06 [tracker] [s1] onset t=21.459 env=0.00064 gate=0.00002 envDelta=0.00062 envFloor=0.00061 onset=1.078 thresh=0.006 onsetDelta=1.07248 baseline=0.00041 adaptive=0.00102 lastPeak=0.00000 guard=0.060 activeAge=-1.000 pitch=-1.00Hz pitchCents=0.0
2025-12-15 22:46:06 [tracker] [s6] onset t=21.603 env=0.00184 gate=0.00019 envDelta=0.00164 envFloor=0.00116 onset=0.841 thresh=0.018 onsetDelta=0.82306 baseline=0.00077 adaptive=0.00193 lastPeak=0.00000 guard=0.060 activeAge=-1.000 pitch=-1.00Hz pitchCents=0.0
2025-12-15 22:46:06 [tracker] [s5] onset t=21.613 env=0.00135 gate=0.00014 envDelta=0.00121 envFloor=0.00102 onset=0.880 thresh=0.016 onsetDelta=0.86396 baseline=0.00068 adaptive=0.00171 lastPeak=0.00000 guard=0.060 activeAge=-1.000 pitch=-1.00Hz pitchCents=0.0
2025-12-15 22:46:06 [tracker] [s4] onset t=21.677 env=0.00138 gate=0.00011 envDelta=0.00127 envFloor=0.00096 onset=1.188 thresh=0.014 onsetDelta=1.17397 baseline=0.00064 adaptive=0.00160 lastPeak=0.00000 guard=0.060 activeAge=-1.000 pitch=-1.00Hz pitchCents=0.0
2025-12-15 22:46:06 [tracker] [s1] aubio-raw t=21.7308 onset=0.980563 env=0.000696 peak=0.002021 gain=1.000
2025-12-15 22:46:06 [tracker] [s1] onset-accepted t=21.7308 env=0.000696 gate=0.000024 envDelta=0.000671 envFloor=0.000662 onset=0.980563 thresh=0.006000 onsetDelta=0.974563 baseline=0.000441 floor=0.000180 adapt=0.001104 lastPeak=0.000000 baseParam=0.000180 gateRatio=0.0550 envParam=0.000450 onsetScale=0.300 retriggerScale=1.400 guard=0.060 guardRemain=0.000 activeAge=-1.000 retrigRemain=0.000 pitchHz=347.84 pitchCents=2493.1
2025-12-15 22:46:06 [tracker] [s1] onset t=21.731 env=0.00070 gate=0.00002 envDelta=0.00067 envFloor=0.00066 onset=0.981 thresh=0.006 onsetDelta=0.97456 baseline=0.00044 adaptive=0.00110 lastPeak=0.00000 guard=0.060 activeAge=-1.000 pitch=347.84Hz pitchCents=2493.1
2025-12-15 22:46:06 [tracker] [s4] onset t=21.776 env=0.00149 gate=0.00011 envDelta=0.00138 envFloor=0.00100 onset=1.116 thresh=0.014 onsetDelta=1.10209 baseline=0.00066 adaptive=0.00166 lastPeak=0.00000 guard=0.060 activeAge=-1.000 pitch=-1.00Hz pitchCents=0.0
2025-12-15 22:46:06 [tracker] [s3] onset t=21.917 env=0.00113 gate=0.00008 envDelta=0.00105 envFloor=0.00091 onset=1.175 thresh=0.012 onsetDelta=1.16318 baseline=0.00060 adaptive=0.00151 lastPeak=0.00000 guard=0.060 activeAge=-1.000 pitch=-1.00Hz pitchCents=0.0
2025-12-15 22:46:06 [tracker] [s2] onset t=21.995 env=0.00195 gate=0.00001 envDelta=0.00195 envFloor=0.00103 onset=1.068 thresh=0.009 onsetDelta=1.05907 baseline=0.00069 adaptive=0.00172 lastPeak=0.00007 guard=0.060 activeAge=-1.000 pitch=-1.00Hz pitchCents=0.0
2025-12-15 22:46:06 [tracker] [s4] onset t=22.027 env=0.00168 gate=0.00011 envDelta=0.00157 envFloor=0.00093 onset=0.994 thresh=0.014 onsetDelta=0.98032 baseline=0.00062 adaptive=0.00156 lastPeak=0.00000 guard=0.060 activeAge=-1.000 pitch=-1.00Hz pitchCents=0.0
2025-12-15 22:46:06 [tracker] [s5] onset t=22.083 env=0.00141 gate=0.00015 envDelta=0.00126 envFloor=0.00107 onset=1.365 thresh=0.016 onsetDelta=1.34907 baseline=0.00071 adaptive=0.00178 lastPeak=0.00000 guard=0.060 activeAge=-1.000 pitch=-1.00Hz pitchCents=0.0
2025-12-15 22:46:06 [tracker] [s3] onset t=22.112 env=0.00132 gate=0.00008 envDelta=0.00124 envFloor=0.00090 onset=0.993 thresh=0.012 onsetDelta=0.98170 baseline=0.00060 adaptive=0.00150 lastPeak=0.00000 guard=0.060 activeAge=-1.000 pitch=-1.00Hz pitchCents=0.0
2025-12-15 22:46:06 [tracker] [s6] onset t=22.149 env=0.00221 gate=0.00021 envDelta=0.00200 envFloor=0.00128 onset=0.989 thresh=0.018 onsetDelta=0.97100 baseline=0.00085 adaptive=0.00214 lastPeak=0.00000 guard=0.060 activeAge=-1.000 pitch=-1.00Hz pitchCents=0.0
2025-12-15 22:46:06 [tracker] [s2] onset t=22.240 env=0.00119 gate=0.00001 envDelta=0.00118 envFloor=0.00100 onset=0.996 thresh=0.009 onsetDelta=0.98666 baseline=0.00067 adaptive=0.00167 lastPeak=0.00004 guard=0.060 activeAge=-1.000 pitch=-1.00Hz pitchCents=0.0
2025-12-15 22:46:06 [tracker] [s3] onset t=22.288 env=0.00144 gate=0.00008 envDelta=0.00136 envFloor=0.00093 onset=0.865 thresh=0.012 onsetDelta=0.85305 baseline=0.00062 adaptive=0.00155 lastPeak=0.00000 guard=0.060 activeAge=-1.000 pitch=-1.00Hz pitchCents=0.0
2025-12-15 22:46:06 [tracker] [s6] onset t=22.293 env=0.00189 gate=0.00021 envDelta=0.00168 envFloor=0.00126 onset=0.899 thresh=0.018 onsetDelta=0.88099 baseline=0.00084 adaptive=0.00210 lastPeak=0.00000 guard=0.060 activeAge=-1.000 pitch=-1.00Hz pitchCents=0.0
2025-12-15 22:46:06 [tracker] [s1] aubio-raw t=22.3760 onset=0.997608 env=0.000701 peak=0.001533 gain=1.000
2025-12-15 22:46:06 [tracker] [s1] onset-accepted t=22.3760 env=0.000701 gate=0.000020 envDelta=0.000680 envFloor=0.000557 onset=0.997608 thresh=0.006000 onsetDelta=0.991608 baseline=0.000372 floor=0.000180 adapt=0.000929 lastPeak=0.000000 baseParam=0.000180 gateRatio=0.0550 envParam=0.000450 onsetScale=0.300 retriggerScale=1.400 guard=0.060 guardRemain=0.000 activeAge=-1.000 retrigRemain=0.000 pitchHz=98.77 pitchCents=313.6
2025-12-15 22:46:06 [tracker] [s1] onset t=22.376 env=0.00070 gate=0.00002 envDelta=0.00068 envFloor=0.00056 onset=0.998 thresh=0.006 onsetDelta=0.99161 baseline=0.00037 adaptive=0.00093 lastPeak=0.00000 guard=0.060 activeAge=-1.000 pitch=98.77Hz pitchCents=313.6
2025-12-15 22:46:07 [tracker] [s6] onset t=22.432 env=0.00169 gate=0.00020 envDelta=0.00149 envFloor=0.00117 onset=0.996 thresh=0.018 onsetDelta=0.97840 baseline=0.00078 adaptive=0.00196 lastPeak=0.00000 guard=0.060 activeAge=-1.000 pitch=-1.00Hz pitchCents=0.0
2025-12-15 22:46:07 [tracker] [s1] aubio-raw t=22.4454 onset=0.853970 env=0.001131 peak=0.002296 gain=1.000
2025-12-15 22:46:07 [tracker] [s1] onset-accepted t=22.4454 env=0.001131 gate=0.000021 envDelta=0.001110 envFloor=0.000577 onset=0.853970 thresh=0.006000 onsetDelta=0.847970 baseline=0.000385 floor=0.000180 adapt=0.000962 lastPeak=0.000000 baseParam=0.000180 gateRatio=0.0550 envParam=0.000450 onsetScale=0.300 retriggerScale=1.400 guard=0.060 guardRemain=0.000 activeAge=-1.000 retrigRemain=0.000 pitchHz=499.89 pitchCents=3120.9
2025-12-15 22:46:07 [tracker] [s1] onset t=22.445 env=0.00113 gate=0.00002 envDelta=0.00111 envFloor=0.00058 onset=0.854 thresh=0.006 onsetDelta=0.84797 baseline=0.00038 adaptive=0.00096 lastPeak=0.00000 guard=0.060 activeAge=-1.000 pitch=499.89Hz pitchCents=3120.9
2025-12-15 22:46:07 [tracker] [s3] onset t=22.608 env=0.00163 gate=0.00008 envDelta=0.00155 envFloor=0.00095 onset=0.996 thresh=0.012 onsetDelta=0.98391 baseline=0.00063 adaptive=0.00158 lastPeak=0.00000 guard=0.060 activeAge=-1.000 pitch=-1.00Hz pitchCents=0.0
2025-12-15 22:46:07 [tracker] [s2] onset t=22.616 env=0.00137 gate=0.00001 envDelta=0.00137 envFloor=0.00090 onset=0.931 thresh=0.009 onsetDelta=0.92167 baseline=0.00060 adaptive=0.00151 lastPeak=0.00002 guard=0.060 activeAge=-1.000 pitch=-1.00Hz pitchCents=0.0
2025-12-15 22:46:07 [tracker] [s6] onset t=22.616 env=0.00180 gate=0.00021 envDelta=0.00159 envFloor=0.00127 onset=0.993 thresh=0.018 onsetDelta=0.97519 baseline=0.00084 adaptive=0.00211 lastPeak=0.00000 guard=0.060 activeAge=-1.000 pitch=-1.00Hz pitchCents=0.0
2025-12-15 22:46:07 [tracker] [s5] onset t=22.640 env=0.00163 gate=0.00015 envDelta=0.00147 envFloor=0.00110 onset=0.995 thresh=0.016 onsetDelta=0.97913 baseline=0.00074 adaptive=0.00184 lastPeak=0.00000 guard=0.060 activeAge=-1.000 pitch=-1.00Hz pitchCents=0.0
2025-12-15 22:46:07 [tracker] [s4] onset t=22.656 env=0.00140 gate=0.00011 envDelta=0.00128 envFloor=0.00101 onset=1.383 thresh=0.014 onsetDelta=1.36934 baseline=0.00067 adaptive=0.00168 lastPeak=0.00000 guard=0.060 activeAge=-1.000 pitch=-1.00Hz pitchCents=0.0
2025-12-15 22:46:07 [tracker] [s2] onset t=22.707 env=0.00123 gate=0.00001 envDelta=0.00123 envFloor=0.00095 onset=0.994 thresh=0.009 onsetDelta=0.98504 baseline=0.00064 adaptive=0.00159 lastPeak=0.00002 guard=0.060 activeAge=-1.000 pitch=-1.00Hz pitchCents=0.0
2025-12-15 22:46:07 [tracker] [s1] aubio-raw t=22.8640 onset=0.996444 env=0.000672 peak=0.001811 gain=1.000
2025-12-15 22:46:07 [tracker] [s1] onset-accepted t=22.8640 env=0.000672 gate=0.000022 envDelta=0.000649 envFloor=0.000614 onset=0.996444 thresh=0.006000 onsetDelta=0.990444 baseline=0.000409 floor=0.000180 adapt=0.001023 lastPeak=0.000000 baseParam=0.000180 gateRatio=0.0550 envParam=0.000450 onsetScale=0.300 retriggerScale=1.400 guard=0.060 guardRemain=0.000 activeAge=-1.000 retrigRemain=0.000 pitchHz=-1.00 pitchCents=0.0
2025-12-15 22:46:07 [tracker] [s1] onset t=22.864 env=0.00067 gate=0.00002 envDelta=0.00065 envFloor=0.00061 onset=0.996 thresh=0.006 onsetDelta=0.99044 baseline=0.00041 adaptive=0.00102 lastPeak=0.00000 guard=0.060 activeAge=-1.000 pitch=-1.00Hz pitchCents=0.0
2025-12-15 22:46:07 [tracker] [s3] onset t=22.936 env=0.00132 gate=0.00008 envDelta=0.00124 envFloor=0.00092 onset=0.999 thresh=0.012 onsetDelta=0.98729 baseline=0.00061 adaptive=0.00153 lastPeak=0.00000 guard=0.060 activeAge=-1.000 pitch=-1.00Hz pitchCents=0.0
2025-12-15 22:46:07 [tracker] [s6] onset t=23.011 env=0.00203 gate=0.00022 envDelta=0.00181 envFloor=0.00131 onset=1.328 thresh=0.018 onsetDelta=1.31043 baseline=0.00087 adaptive=0.00218 lastPeak=0.00000 guard=0.060 activeAge=-1.000 pitch=-1.00Hz pitchCents=0.0
2025-12-15 22:46:07 [tracker] [s3] onset t=23.083 env=0.00099 gate=0.00009 envDelta=0.00090 envFloor=0.00099 onset=0.993 thresh=0.012 onsetDelta=0.98161 baseline=0.00066 adaptive=0.00164 lastPeak=0.00000 guard=0.060 activeAge=-1.000 pitch=-1.00Hz pitchCents=0.0
2025-12-15 22:46:07 [tracker] [s4] onset t=23.141 env=0.00170 gate=0.00011 envDelta=0.00158 envFloor=0.00100 onset=1.157 thresh=0.014 onsetDelta=1.14258 baseline=0.00067 adaptive=0.00167 lastPeak=0.00000 guard=0.060 activeAge=-1.000 pitch=-1.00Hz pitchCents=0.0
2025-12-15 22:46:07 [tracker] [s5] onset t=23.155 env=0.00172 gate=0.00014 envDelta=0.00158 envFloor=0.00102 onset=0.970 thresh=0.016 onsetDelta=0.95360 baseline=0.00068 adaptive=0.00170 lastPeak=0.00000 guard=0.060 activeAge=-1.000 pitch=-1.00Hz pitchCents=0.0
2025-12-15 22:46:07 [tracker] [s3] onset t=23.184 env=0.00116 gate=0.00008 envDelta=0.00108 envFloor=0.00092 onset=1.139 thresh=0.012 onsetDelta=1.12760 baseline=0.00061 adaptive=0.00153 lastPeak=0.00000 guard=0.060 activeAge=-1.000 pitch=-1.00Hz pitchCents=0.0
2025-12-15 22:46:07 [tracker] [s6] onset t=23.331 env=0.00210 gate=0.00021 envDelta=0.00189 envFloor=0.00127 onset=1.013 thresh=0.018 onsetDelta=0.99529 baseline=0.00085 adaptive=0.00211 lastPeak=0.00000 guard=0.060 activeAge=-1.000 pitch=-1.00Hz pitchCents=0.0
2025-12-15 22:46:07 [tracker] [s1] aubio-raw t=23.3466 onset=0.994921 env=0.000997 peak=0.002967 gain=1.000
2025-12-15 22:46:07 [tracker] [s1] onset-accepted t=23.3466 env=0.000997 gate=0.000024 envDelta=0.000974 envFloor=0.000642 onset=0.994921 thresh=0.006000 onsetDelta=0.988921 baseline=0.000428 floor=0.000180 adapt=0.001070 lastPeak=0.000000 baseParam=0.000180 gateRatio=0.0550 envParam=0.000450 onsetScale=0.300 retriggerScale=1.400 guard=0.060 guardRemain=0.000 activeAge=-1.000 retrigRemain=0.000 pitchHz=-1.00 pitchCents=0.0
2025-12-15 22:46:07 [tracker] [s1] onset t=23.347 env=0.00100 gate=0.00002 envDelta=0.00097 envFloor=0.00064 onset=0.995 thresh=0.006 onsetDelta=0.98892 baseline=0.00043 adaptive=0.00107 lastPeak=0.00000 guard=0.060 activeAge=-1.000 pitch=-1.00Hz pitchCents=0.0
2025-12-15 22:46:07 [tracker] [s1] aubio-raw t=23.4160 onset=0.994565 env=0.000782 peak=0.001985 gain=1.000
2025-12-15 22:46:07 [tracker] [s1] onset-accepted t=23.4160 env=0.000782 gate=0.000023 envDelta=0.000759 envFloor=0.000623 onset=0.994565 thresh=0.006000 onsetDelta=0.988565 baseline=0.000415 floor=0.000180 adapt=0.001038 lastPeak=0.000000 baseParam=0.000180 gateRatio=0.0550 envParam=0.000450 onsetScale=0.300 retriggerScale=1.400 guard=0.060 guardRemain=0.000 activeAge=-1.000 retrigRemain=0.000 pitchHz=-1.00 pitchCents=0.0
2025-12-15 22:46:07 [tracker] [s1] onset t=23.416 env=0.00078 gate=0.00002 envDelta=0.00076 envFloor=0.00062 onset=0.995 thresh=0.006 onsetDelta=0.98856 baseline=0.00042 adaptive=0.00104 lastPeak=0.00000 guard=0.060 activeAge=-1.000 pitch=-1.00Hz pitchCents=0.0
2025-12-15 22:46:08 [tracker] [s1] aubio-raw t=23.4933 onset=0.785830 env=0.001145 peak=0.002315 gain=1.000
2025-12-15 22:46:08 [tracker] [s1] onset-accepted t=23.4933 env=0.001145 gate=0.000022 envDelta=0.001124 envFloor=0.000588 onset=0.785830 thresh=0.006000 onsetDelta=0.779830 baseline=0.000392 floor=0.000180 adapt=0.000981 lastPeak=0.000000 baseParam=0.000180 gateRatio=0.0550 envParam=0.000450 onsetScale=0.300 retriggerScale=1.400 guard=0.060 guardRemain=0.000 activeAge=-1.000 retrigRemain=0.000 pitchHz=-1.00 pitchCents=0.0
2025-12-15 22:46:08 [tracker] [s1] onset t=23.493 env=0.00115 gate=0.00002 envDelta=0.00112 envFloor=0.00059 onset=0.786 thresh=0.006 onsetDelta=0.77983 baseline=0.00039 adaptive=0.00098 lastPeak=0.00000 guard=0.060 activeAge=-1.000 pitch=-1.00Hz pitchCents=0.0
2025-12-15 22:46:08 [tracker] [s2] onset t=23.536 env=0.00213 gate=0.00001 envDelta=0.00213 envFloor=0.00105 onset=1.073 thresh=0.009 onsetDelta=1.06355 baseline=0.00070 adaptive=0.00175 lastPeak=0.00000 guard=0.060 activeAge=-1.000 pitch=320.00Hz pitchCents=1848.7
2025-12-15 22:46:08 [tracker] [s1] aubio-raw t=23.5626 onset=0.995885 env=0.000959 peak=0.002750 gain=1.000
2025-12-15 22:46:08 [tracker] [s1] onset-accepted t=23.5626 env=0.000959 gate=0.000022 envDelta=0.000937 envFloor=0.000591 onset=0.995885 thresh=0.006000 onsetDelta=0.989886 baseline=0.000394 floor=0.000180 adapt=0.000985 lastPeak=0.000000 baseParam=0.000180 gateRatio=0.0550 envParam=0.000450 onsetScale=0.300 retriggerScale=1.400 guard=0.060 guardRemain=0.000 activeAge=-1.000 retrigRemain=0.000 pitchHz=-1.00 pitchCents=0.0
2025-12-15 22:46:08 [tracker] [s1] onset t=23.563 env=0.00096 gate=0.00002 envDelta=0.00094 envFloor=0.00059 onset=0.996 thresh=0.006 onsetDelta=0.98989 baseline=0.00039 adaptive=0.00099 lastPeak=0.00000 guard=0.060 activeAge=-1.000 pitch=-1.00Hz pitchCents=0.0
2025-12-15 22:46:08 [tracker] [s3] onset t=23.600 env=0.00125 gate=0.00008 envDelta=0.00117 envFloor=0.00093 onset=1.015 thresh=0.012 onsetDelta=1.00366 baseline=0.00062 adaptive=0.00155 lastPeak=0.00000 guard=0.060 activeAge=-1.000 pitch=-1.00Hz pitchCents=0.0
2025-12-15 22:46:08 [tracker] [s1] aubio-raw t=23.6613 onset=1.070026 env=0.000972 peak=0.002513 gain=1.000
2025-12-15 22:46:08 [tracker] [s1] onset-accepted t=23.6613 env=0.000972 gate=0.000023 envDelta=0.000949 envFloor=0.000620 onset=1.070026 thresh=0.006000 onsetDelta=1.064026 baseline=0.000413 floor=0.000180 adapt=0.001033 lastPeak=0.000000 baseParam=0.000180 gateRatio=0.0550 envParam=0.000450 onsetScale=0.300 retriggerScale=1.400 guard=0.060 guardRemain=0.000 activeAge=-1.000 retrigRemain=0.000 pitchHz=-1.00 pitchCents=0.0
2025-12-15 22:46:08 [tracker] [s1] onset t=23.661 env=0.00097 gate=0.00002 envDelta=0.00095 envFloor=0.00062 onset=1.070 thresh=0.006 onsetDelta=1.06403 baseline=0.00041 adaptive=0.00103 lastPeak=0.00000 guard=0.060 activeAge=-1.000 pitch=-1.00Hz pitchCents=0.0
2025-12-15 22:46:08 [tracker] [s1] aubio-raw t=23.9439 onset=1.142929 env=0.000875 peak=0.001866 gain=1.000
2025-12-15 22:46:08 [tracker] [s1] onset-accepted t=23.9439 env=0.000875 gate=0.000023 envDelta=0.000852 envFloor=0.000623 onset=1.142929 thresh=0.006000 onsetDelta=1.136929 baseline=0.000415 floor=0.000180 adapt=0.001038 lastPeak=0.000000 baseParam=0.000180 gateRatio=0.0550 envParam=0.000450 onsetScale=0.300 retriggerScale=1.400 guard=0.060 guardRemain=0.000 activeAge=-1.000 retrigRemain=0.000 pitchHz=307.70 pitchCents=2280.8
2025-12-15 22:46:08 [tracker] [s1] onset t=23.944 env=0.00088 gate=0.00002 envDelta=0.00085 envFloor=0.00062 onset=1.143 thresh=0.006 onsetDelta=1.13693 baseline=0.00042 adaptive=0.00104 lastPeak=0.00000 guard=0.060 activeAge=-1.000 pitch=307.70Hz pitchCents=2280.8
2025-12-15 22:46:08 [tracker] [s1] aubio-raw t=24.0853 onset=0.995756 env=0.000729 peak=0.002148 gain=1.000
2025-12-15 22:46:08 [tracker] [s1] onset-accepted t=24.0853 env=0.000729 gate=0.000022 envDelta=0.000707 envFloor=0.000592 onset=0.995756 thresh=0.006000 onsetDelta=0.989756 baseline=0.000395 floor=0.000180 adapt=0.000987 lastPeak=0.000000 baseParam=0.000180 gateRatio=0.0550 envParam=0.000450 onsetScale=0.300 retriggerScale=1.400 guard=0.060 guardRemain=0.000 activeAge=-1.000 retrigRemain=0.000 pitchHz=-1.00 pitchCents=0.0
2025-12-15 22:46:08 [tracker] [s1] onset t=24.085 env=0.00073 gate=0.00002 envDelta=0.00071 envFloor=0.00059 onset=0.996 thresh=0.006 onsetDelta=0.98976 baseline=0.00039 adaptive=0.00099 lastPeak=0.00000 guard=0.060 activeAge=-1.000 pitch=-1.00Hz pitchCents=0.0
2025-12-15 22:46:08 [tracker] [s1] aubio-raw t=24.2746 onset=0.996996 env=0.000897 peak=0.002574 gain=1.000
2025-12-15 22:46:08 [tracker] [s1] onset-accepted t=24.2746 env=0.000897 gate=0.000021 envDelta=0.000876 envFloor=0.000572 onset=0.996996 thresh=0.006000 onsetDelta=0.990996 baseline=0.000382 floor=0.000180 adapt=0.000954 lastPeak=0.000000 baseParam=0.000180 gateRatio=0.0550 envParam=0.000450 onsetScale=0.300 retriggerScale=1.400 guard=0.060 guardRemain=0.000 activeAge=-1.000 retrigRemain=0.000 pitchHz=999.65 pitchCents=4320.7
2025-12-15 22:46:08 [tracker] [s1] onset t=24.275 env=0.00090 gate=0.00002 envDelta=0.00088 envFloor=0.00057 onset=0.997 thresh=0.006 onsetDelta=0.99100 baseline=0.00038 adaptive=0.00095 lastPeak=0.00000 guard=0.060 activeAge=-1.000 pitch=999.65Hz pitchCents=4320.7
2025-12-15 22:46:08 [tracker] [s1] note-start t=24.275 fret=24 midi=64 vel=0.01 env=0.00090
2025-12-15 22:46:08 [tracker] [s3] onset t=24.293 env=0.00143 gate=0.00008 envDelta=0.00136 envFloor=0.00089 onset=0.945 thresh=0.012 onsetDelta=0.93339 baseline=0.00059 adaptive=0.00149 lastPeak=0.00000 guard=0.060 activeAge=-1.000 pitch=-1.00Hz pitchCents=0.0
2025-12-15 22:46:08 [tracker] [s6] onset t=24.304 env=0.00188 gate=0.00019 envDelta=0.00169 envFloor=0.00114 onset=1.290 thresh=0.018 onsetDelta=1.27238 baseline=0.00076 adaptive=0.00190 lastPeak=0.00000 guard=0.060 activeAge=-1.000 pitch=-1.00Hz pitchCents=0.0
2025-12-15 22:46:08 [tracker] [s1] aubio-raw t=24.3732 onset=1.081129 env=0.000792 peak=0.002069 gain=1.000
2025-12-15 22:46:08 [tracker] [s1] onset-accepted t=24.3732 env=0.000792 gate=0.000037 envDelta=0.000755 envFloor=0.000582 onset=1.081129 thresh=0.006000 onsetDelta=1.075129 baseline=0.000671 floor=0.000180 adapt=0.000970 lastPeak=0.000745 baseParam=0.000180 gateRatio=0.0550 envParam=0.000450 onsetScale=0.300 retriggerScale=1.400 guard=0.060 guardRemain=0.000 activeAge=0.099 retrigRemain=0.121 pitchHz=-1.00 pitchCents=0.0
2025-12-15 22:46:08 [tracker] [s1] onset t=24.373 env=0.00079 gate=0.00004 envDelta=0.00075 envFloor=0.00058 onset=1.081 thresh=0.006 onsetDelta=1.07513 baseline=0.00067 adaptive=0.00097 lastPeak=0.00075 guard=0.060 activeAge=0.099 pitch=-1.00Hz pitchCents=0.0
2025-12-15 22:46:08 [tracker] [s1] note-ended (new onset) t=24.373 fret=24 dur=0.099
2025-12-15 22:46:08 [tracker] [s3] onset t=24.416 env=0.00126 gate=0.00008 envDelta=0.00118 envFloor=0.00093 onset=0.944 thresh=0.012 onsetDelta=0.93265 baseline=0.00062 adaptive=0.00155 lastPeak=0.00000 guard=0.060 activeAge=-1.000 pitch=-1.00Hz pitchCents=0.0
2025-12-15 22:46:09 [tracker] [s6] onset t=24.579 env=0.00200 gate=0.00020 envDelta=0.00180 envFloor=0.00122 onset=1.107 thresh=0.018 onsetDelta=1.08861 baseline=0.00081 adaptive=0.00203 lastPeak=0.00000 guard=0.060 activeAge=-1.000 pitch=-1.00Hz pitchCents=0.0
2025-12-15 22:46:09 [tracker] [s6] onset t=24.648 env=0.00169 gate=0.00019 envDelta=0.00150 envFloor=0.00115 onset=1.033 thresh=0.018 onsetDelta=1.01483 baseline=0.00076 adaptive=0.00191 lastPeak=0.00000 guard=0.060 activeAge=-1.000 pitch=-1.00Hz pitchCents=0.0
2025-12-15 22:46:09 [tracker] [s2] onset t=24.667 env=0.00139 gate=0.00001 envDelta=0.00138 envFloor=0.00102 onset=1.465 thresh=0.009 onsetDelta=1.45587 baseline=0.00068 adaptive=0.00169 lastPeak=0.00000 guard=0.060 activeAge=-1.000 pitch=94.11Hz pitchCents=-270.1
2025-12-15 22:46:09 [tracker] [s1] aubio-raw t=24.7119 onset=1.214331 env=0.001300 peak=0.002961 gain=1.000
2025-12-15 22:46:09 [tracker] [s1] onset-accepted t=24.7119 env=0.001300 gate=0.000023 envDelta=0.001277 envFloor=0.000631 onset=1.214331 thresh=0.006000 onsetDelta=1.208331 baseline=0.000420 floor=0.000180 adapt=0.001051 lastPeak=0.000394 baseParam=0.000180 gateRatio=0.0550 envParam=0.000450 onsetScale=0.300 retriggerScale=1.400 guard=0.060 guardRemain=0.000 activeAge=-1.000 retrigRemain=0.000 pitchHz=-1.00 pitchCents=0.0
2025-12-15 22:46:09 [tracker] [s1] onset t=24.712 env=0.00130 gate=0.00002 envDelta=0.00128 envFloor=0.00063 onset=1.214 thresh=0.006 onsetDelta=1.20833 baseline=0.00042 adaptive=0.00105 lastPeak=0.00039 guard=0.060 activeAge=-1.000 pitch=-1.00Hz pitchCents=0.0
2025-12-15 22:46:09 [tracker] [s6] onset t=24.723 env=0.00185 gate=0.00020 envDelta=0.00165 envFloor=0.00117 onset=1.002 thresh=0.018 onsetDelta=0.98422 baseline=0.00078 adaptive=0.00196 lastPeak=0.00000 guard=0.060 activeAge=-1.000 pitch=-1.00Hz pitchCents=0.0
2025-12-15 22:46:09 [tracker] [s6] onset t=24.808 env=0.00226 gate=0.00021 envDelta=0.00205 envFloor=0.00128 onset=0.989 thresh=0.018 onsetDelta=0.97108 baseline=0.00085 adaptive=0.00213 lastPeak=0.00000 guard=0.060 activeAge=-1.000 pitch=-1.00Hz pitchCents=0.0
2025-12-15 22:46:09 [tracker] [s5] onset t=24.885 env=0.00190 gate=0.00016 envDelta=0.00175 envFloor=0.00112 onset=0.985 thresh=0.016 onsetDelta=0.96939 baseline=0.00075 adaptive=0.00187 lastPeak=0.00000 guard=0.060 activeAge=-1.000 pitch=-1.00Hz pitchCents=0.0
2025-12-15 22:46:09 [tracker] [s4] onset t=24.888 env=0.00194 gate=0.00012 envDelta=0.00182 envFloor=0.00109 onset=1.244 thresh=0.014 onsetDelta=1.22997 baseline=0.00073 adaptive=0.00182 lastPeak=0.00000 guard=0.060 activeAge=-1.000 pitch=-1.00Hz pitchCents=0.0
2025-12-15 22:46:09 [tracker] [s3] onset t=24.896 env=0.00128 gate=0.00008 envDelta=0.00119 envFloor=0.00098 onset=0.989 thresh=0.012 onsetDelta=0.97709 baseline=0.00065 adaptive=0.00163 lastPeak=0.00000 guard=0.060 activeAge=-1.000 pitch=-1.00Hz pitchCents=0.0
2025-12-15 22:46:09 [tracker] [s4] onset t=24.941 env=0.00136 gate=0.00012 envDelta=0.00124 envFloor=0.00103 onset=1.080 thresh=0.014 onsetDelta=1.06573 baseline=0.00069 adaptive=0.00172 lastPeak=0.00000 guard=0.060 activeAge=-1.000 pitch=-1.00Hz pitchCents=0.0
2025-12-15 22:46:09 [tracker] [s6] onset t=25.005 env=0.00169 gate=0.00020 envDelta=0.00149 envFloor=0.00121 onset=0.992 thresh=0.018 onsetDelta=0.97444 baseline=0.00080 adaptive=0.00201 lastPeak=0.00000 guard=0.060 activeAge=-1.000 pitch=-1.00Hz pitchCents=0.0
2025-12-15 22:46:09 [tracker] [s1] aubio-raw t=25.0105 onset=1.147529 env=0.000766 peak=0.002112 gain=1.000
2025-12-15 22:46:09 [tracker] [s1] onset-accepted t=25.0105 env=0.000766 gate=0.000020 envDelta=0.000747 envFloor=0.000534 onset=1.147529 thresh=0.006000 onsetDelta=1.141529 baseline=0.000356 floor=0.000180 adapt=0.000890 lastPeak=0.000225 baseParam=0.000180 gateRatio=0.0550 envParam=0.000450 onsetScale=0.300 retriggerScale=1.400 guard=0.060 guardRemain=0.000 activeAge=-1.000 retrigRemain=0.000 pitchHz=-1.00 pitchCents=0.0
2025-12-15 22:46:09 [tracker] [s1] onset t=25.011 env=0.00077 gate=0.00002 envDelta=0.00075 envFloor=0.00053 onset=1.148 thresh=0.006 onsetDelta=1.14153 baseline=0.00036 adaptive=0.00089 lastPeak=0.00022 guard=0.060 activeAge=-1.000 pitch=-1.00Hz pitchCents=0.0
2025-12-15 22:46:09 [tracker] [s1] aubio-raw t=25.0665 onset=1.024305 env=0.000710 peak=0.001747 gain=1.000
2025-12-15 22:46:09 [tracker] [s1] onset-accepted t=25.0665 env=0.000710 gate=0.000019 envDelta=0.000691 envFloor=0.000525 onset=1.024305 thresh=0.006000 onsetDelta=1.018305 baseline=0.000350 floor=0.000180 adapt=0.000874 lastPeak=0.000202 baseParam=0.000180 gateRatio=0.0550 envParam=0.000450 onsetScale=0.300 retriggerScale=1.400 guard=0.060 guardRemain=0.000 activeAge=-1.000 retrigRemain=0.000 pitchHz=347.79 pitchCents=2492.9
2025-12-15 22:46:09 [tracker] [s1] onset t=25.067 env=0.00071 gate=0.00002 envDelta=0.00069 envFloor=0.00052 onset=1.024 thresh=0.006 onsetDelta=1.01831 baseline=0.00035 adaptive=0.00087 lastPeak=0.00020 guard=0.060 activeAge=-1.000 pitch=347.79Hz pitchCents=2492.9
2025-12-15 22:46:09 [tracker] [s6] onset t=25.181 env=0.00194 gate=0.00020 envDelta=0.00173 envFloor=0.00122 onset=0.998 thresh=0.018 onsetDelta=0.98026 baseline=0.00082 adaptive=0.00204 lastPeak=0.00000 guard=0.060 activeAge=-1.000 pitch=-1.00Hz pitchCents=0.0
2025-12-15 22:46:09 [tracker] [s4] onset t=25.205 env=0.00136 gate=0.00011 envDelta=0.00125 envFloor=0.00099 onset=1.232 thresh=0.014 onsetDelta=1.21760 baseline=0.00066 adaptive=0.00165 lastPeak=0.00000 guard=0.060 activeAge=-1.000 pitch=-1.00Hz pitchCents=0.0
2025-12-15 22:46:09 [tracker] [s3] onset t=25.245 env=0.00127 gate=0.00008 envDelta=0.00118 envFloor=0.00097 onset=0.916 thresh=0.012 onsetDelta=0.90437 baseline=0.00065 adaptive=0.00162 lastPeak=0.00000 guard=0.060 activeAge=-1.000 pitch=-1.00Hz pitchCents=0.0
2025-12-15 22:46:09 [tracker] [s2] onset t=25.304 env=0.00148 gate=0.00001 envDelta=0.00148 envFloor=0.00098 onset=1.164 thresh=0.009 onsetDelta=1.15505 baseline=0.00065 adaptive=0.00163 lastPeak=0.00000 guard=0.060 activeAge=-1.000 pitch=-1.00Hz pitchCents=0.0
2025-12-15 22:46:09 [tracker] [s6] onset t=25.362 env=0.00195 gate=0.00020 envDelta=0.00175 envFloor=0.00122 onset=1.179 thresh=0.018 onsetDelta=1.16120 baseline=0.00081 adaptive=0.00204 lastPeak=0.00000 guard=0.060 activeAge=-1.000 pitch=-1.00Hz pitchCents=0.0
2025-12-15 22:46:10 [tracker] [s2] onset t=25.522 env=0.00103 gate=0.00001 envDelta=0.00103 envFloor=0.00097 onset=1.063 thresh=0.009 onsetDelta=1.05431 baseline=0.00065 adaptive=0.00162 lastPeak=0.00000 guard=0.060 activeAge=-1.000 pitch=-1.00Hz pitchCents=0.0
2025-12-15 22:46:10 [tracker] [s4] onset t=25.528 env=0.00167 gate=0.00011 envDelta=0.00156 envFloor=0.00099 onset=0.996 thresh=0.014 onsetDelta=0.98197 baseline=0.00066 adaptive=0.00164 lastPeak=0.00000 guard=0.060 activeAge=-1.000 pitch=-1.00Hz pitchCents=0.0
2025-12-15 22:46:10 [tracker] [s5] onset t=25.544 env=0.00164 gate=0.00015 envDelta=0.00149 envFloor=0.00108 onset=0.713 thresh=0.016 onsetDelta=0.69730 baseline=0.00072 adaptive=0.00180 lastPeak=0.00000 guard=0.060 activeAge=-1.000 pitch=-1.00Hz pitchCents=0.0
2025-12-15 22:46:10 [tracker] [s1] aubio-raw t=25.6931 onset=1.020450 env=0.000997 peak=0.002449 gain=1.000
2025-12-15 22:46:10 [tracker] [s1] onset-accepted t=25.6931 env=0.000997 gate=0.000022 envDelta=0.000975 envFloor=0.000613 onset=1.020450 thresh=0.006000 onsetDelta=1.014450 baseline=0.000408 floor=0.000180 adapt=0.001021 lastPeak=0.000062 baseParam=0.000180 gateRatio=0.0550 envParam=0.000450 onsetScale=0.300 retriggerScale=1.400 guard=0.060 guardRemain=0.000 activeAge=-1.000 retrigRemain=0.000 pitchHz=200.01 pitchCents=1535.1
2025-12-15 22:46:10 [tracker] [s1] onset t=25.693 env=0.00100 gate=0.00002 envDelta=0.00097 envFloor=0.00061 onset=1.020 thresh=0.006 onsetDelta=1.01445 baseline=0.00041 adaptive=0.00102 lastPeak=0.00006 guard=0.060 activeAge=-1.000 pitch=200.01Hz pitchCents=1535.1
2025-12-15 22:46:10 [tracker] [s2] onset t=25.754 env=0.00181 gate=0.00001 envDelta=0.00180 envFloor=0.00100 onset=1.134 thresh=0.009 onsetDelta=1.12477 baseline=0.00067 adaptive=0.00167 lastPeak=0.00000 guard=0.060 activeAge=-1.000 pitch=-1.00Hz pitchCents=0.0
2025-12-15 22:46:10 [tracker] [s1] aubio-raw t=25.8025 onset=0.922273 env=0.001003 peak=0.002323 gain=1.000
2025-12-15 22:46:10 [tracker] [s1] onset-accepted t=25.8025 env=0.001003 gate=0.000022 envDelta=0.000981 envFloor=0.000592 onset=0.922273 thresh=0.006000 onsetDelta=0.916273 baseline=0.000395 floor=0.000180 adapt=0.000987 lastPeak=0.000051 baseParam=0.000180 gateRatio=0.0550 envParam=0.000450 onsetScale=0.300 retriggerScale=1.400 guard=0.060 guardRemain=0.000 activeAge=-1.000 retrigRemain=0.000 pitchHz=-1.00 pitchCents=0.0
2025-12-15 22:46:10 [tracker] [s1] onset t=25.802 env=0.00100 gate=0.00002 envDelta=0.00098 envFloor=0.00059 onset=0.922 thresh=0.006 onsetDelta=0.91627 baseline=0.00039 adaptive=0.00099 lastPeak=0.00005 guard=0.060 activeAge=-1.000 pitch=-1.00Hz pitchCents=0.0
2025-12-15 22:46:10 [tracker] [s5] onset t=25.802 env=0.00162 gate=0.00015 envDelta=0.00148 envFloor=0.00105 onset=1.022 thresh=0.016 onsetDelta=1.00566 baseline=0.00070 adaptive=0.00174 lastPeak=0.00000 guard=0.060 activeAge=-1.000 pitch=-1.00Hz pitchCents=0.0
2025-12-15 22:46:10 [tracker] [s4] onset t=25.808 env=0.00180 gate=0.00011 envDelta=0.00170 envFloor=0.00095 onset=1.006 thresh=0.014 onsetDelta=0.99193 baseline=0.00064 adaptive=0.00159 lastPeak=0.00000 guard=0.060 activeAge=-1.000 pitch=-1.00Hz pitchCents=0.0
2025-12-15 22:46:10 [tracker] [s1] aubio-raw t=25.8878 onset=1.107306 env=0.001316 peak=0.002505 gain=1.000
2025-12-15 22:46:10 [tracker] [s1] onset-accepted t=25.8878 env=0.001316 gate=0.000022 envDelta=0.001294 envFloor=0.000596 onset=1.107306 thresh=0.006000 onsetDelta=1.101306 baseline=0.000397 floor=0.000180 adapt=0.000993 lastPeak=0.000043 baseParam=0.000180 gateRatio=0.0550 envParam=0.000450 onsetScale=0.300 retriggerScale=1.400 guard=0.060 guardRemain=0.000 activeAge=-1.000 retrigRemain=0.000 pitchHz=285.75 pitchCents=2152.7
2025-12-15 22:46:10 [tracker] [s1] onset t=25.888 env=0.00132 gate=0.00002 envDelta=0.00129 envFloor=0.00060 onset=1.107 thresh=0.006 onsetDelta=1.10131 baseline=0.00040 adaptive=0.00099 lastPeak=0.00004 guard=0.060 activeAge=-1.000 pitch=285.75Hz pitchCents=2152.7
2025-12-15 22:46:10 [tracker] [s5] onset t=25.957 env=0.00167 gate=0.00015 envDelta=0.00152 envFloor=0.00108 onset=1.193 thresh=0.016 onsetDelta=1.17671 baseline=0.00072 adaptive=0.00180 lastPeak=0.00000 guard=0.060 activeAge=-1.000 pitch=-1.00Hz pitchCents=0.0
2025-12-15 22:46:10 [tracker] [s3] onset t=25.968 env=0.00175 gate=0.00008 envDelta=0.00167 envFloor=0.00092 onset=0.996 thresh=0.012 onsetDelta=0.98393 baseline=0.00062 adaptive=0.00154 lastPeak=0.00000 guard=0.060 activeAge=-1.000 pitch=-1.00Hz pitchCents=0.0
2025-12-15 22:46:10 [tracker] [s1] aubio-raw t=26.0558 onset=1.014104 env=0.000806 peak=0.002100 gain=1.000
2025-12-15 22:46:10 [tracker] [s1] onset-accepted t=26.0558 env=0.000806 gate=0.000023 envDelta=0.000783 envFloor=0.000620 onset=1.014104 thresh=0.006000 onsetDelta=1.008104 baseline=0.000413 floor=0.000180 adapt=0.001033 lastPeak=0.000032 baseParam=0.000180 gateRatio=0.0550 envParam=0.000450 onsetScale=0.300 retriggerScale=1.400 guard=0.060 guardRemain=0.000 activeAge=-1.000 retrigRemain=0.000 pitchHz=-1.00 pitchCents=0.0
2025-12-15 22:46:10 [tracker] [s1] onset t=26.056 env=0.00081 gate=0.00002 envDelta=0.00078 envFloor=0.00062 onset=1.014 thresh=0.006 onsetDelta=1.00810 baseline=0.00041 adaptive=0.00103 lastPeak=0.00003 guard=0.060 activeAge=-1.000 pitch=-1.00Hz pitchCents=0.0
2025-12-15 22:46:10 [tracker] [s5] onset t=26.186 env=0.00154 gate=0.00014 envDelta=0.00140 envFloor=0.00100 onset=1.132 thresh=0.016 onsetDelta=1.11637 baseline=0.00067 adaptive=0.00166 lastPeak=0.00000 guard=0.060 activeAge=-1.000 pitch=-1.00Hz pitchCents=0.0
2025-12-15 22:46:10 [tracker] [s1] aubio-raw t=26.2024 onset=0.611123 env=0.001141 peak=0.002474 gain=1.000
2025-12-15 22:46:10 [tracker] [s1] onset-accepted t=26.2024 env=0.001141 gate=0.000024 envDelta=0.001117 envFloor=0.000641 onset=0.611123 thresh=0.006000 onsetDelta=0.605123 baseline=0.000428 floor=0.000180 adapt=0.001069 lastPeak=0.000024 baseParam=0.000180 gateRatio=0.0550 envParam=0.000450 onsetScale=0.300 retriggerScale=1.400 guard=0.060 guardRemain=0.000 activeAge=-1.000 retrigRemain=0.000 pitchHz=242.40 pitchCents=1867.9
2025-12-15 22:46:10 [tracker] [s1] onset t=26.202 env=0.00114 gate=0.00002 envDelta=0.00112 envFloor=0.00064 onset=0.611 thresh=0.006 onsetDelta=0.60512 baseline=0.00043 adaptive=0.00107 lastPeak=0.00002 guard=0.060 activeAge=-1.000 pitch=242.40Hz pitchCents=1867.9
2025-12-15 22:46:10 [tracker] [s2] onset t=26.245 env=0.00239 gate=0.00001 envDelta=0.00239 envFloor=0.00102 onset=0.873 thresh=0.009 onsetDelta=0.86367 baseline=0.00068 adaptive=0.00170 lastPeak=0.00000 guard=0.060 activeAge=-1.000 pitch=-1.00Hz pitchCents=0.0
2025-12-15 22:46:10 [tracker] [s3] onset t=26.274 env=0.00111 gate=0.00008 envDelta=0.00103 envFloor=0.00093 onset=0.998 thresh=0.012 onsetDelta=0.98649 baseline=0.00062 adaptive=0.00155 lastPeak=0.00000 guard=0.060 activeAge=-1.000 pitch=-1.00Hz pitchCents=0.0
2025-12-15 22:46:10 [tracker] [s4] onset t=26.312 env=0.00148 gate=0.00011 envDelta=0.00137 envFloor=0.00097 onset=1.400 thresh=0.014 onsetDelta=1.38601 baseline=0.00065 adaptive=0.00162 lastPeak=0.00000 guard=0.060 activeAge=-1.000 pitch=-1.00Hz pitchCents=0.0
2025-12-15 22:46:11 [tracker] [s5] onset t=26.437 env=0.00165 gate=0.00016 envDelta=0.00149 envFloor=0.00113 onset=1.000 thresh=0.016 onsetDelta=0.98405 baseline=0.00075 adaptive=0.00188 lastPeak=0.00000 guard=0.060 activeAge=-1.000 pitch=-1.00Hz pitchCents=0.0
2025-12-15 22:46:11 [tracker] [s3] onset t=26.472 env=0.00119 gate=0.00008 envDelta=0.00111 envFloor=0.00093 onset=0.516 thresh=0.012 onsetDelta=0.50457 baseline=0.00062 adaptive=0.00156 lastPeak=0.00000 guard=0.060 activeAge=-1.000 pitch=-1.00Hz pitchCents=0.0
2025-12-15 22:46:11 [tracker] [s6] onset t=26.514 env=0.00170 gate=0.00020 envDelta=0.00150 envFloor=0.00122 onset=0.806 thresh=0.018 onsetDelta=0.78834 baseline=0.00081 adaptive=0.00203 lastPeak=0.00000 guard=0.060 activeAge=-1.000 pitch=-1.00Hz pitchCents=0.0
2025-12-15 22:46:11 [tracker] [s1] aubio-raw t=26.6211 onset=0.998279 env=0.000810 peak=0.001931 gain=1.000
2025-12-15 22:46:11 [tracker] [s1] onset-accepted t=26.6211 env=0.000810 gate=0.000021 envDelta=0.000789 envFloor=0.000585 onset=0.998279 thresh=0.006000 onsetDelta=0.992279 baseline=0.000390 floor=0.000180 adapt=0.000975 lastPeak=0.000011 baseParam=0.000180 gateRatio=0.0550 envParam=0.000450 onsetScale=0.300 retriggerScale=1.400 guard=0.060 guardRemain=0.000 activeAge=-1.000 retrigRemain=0.000 pitchHz=-1.00 pitchCents=0.0
2025-12-15 22:46:11 [tracker] [s1] onset t=26.621 env=0.00081 gate=0.00002 envDelta=0.00079 envFloor=0.00059 onset=0.998 thresh=0.006 onsetDelta=0.99228 baseline=0.00039 adaptive=0.00098 lastPeak=0.00001 guard=0.060 activeAge=-1.000 pitch=-1.00Hz pitchCents=0.0
2025-12-15 22:46:11 [tracker] [s5] onset t=26.656 env=0.00154 gate=0.00015 envDelta=0.00139 envFloor=0.00104 onset=0.997 thresh=0.016 onsetDelta=0.98097 baseline=0.00070 adaptive=0.00174 lastPeak=0.00000 guard=0.060 activeAge=-1.000 pitch=-1.00Hz pitchCents=0.0
2025-12-15 22:46:11 [tracker] [s4] onset t=26.685 env=0.00125 gate=0.00011 envDelta=0.00114 envFloor=0.00096 onset=0.987 thresh=0.014 onsetDelta=0.97264 baseline=0.00064 adaptive=0.00159 lastPeak=0.00000 guard=0.060 activeAge=-1.000 pitch=-1.00Hz pitchCents=0.0
2025-12-15 22:46:11 [tracker] [s2] onset t=26.736 env=0.00121 gate=0.00001 envDelta=0.00120 envFloor=0.00099 onset=0.995 thresh=0.009 onsetDelta=0.98598 baseline=0.00066 adaptive=0.00166 lastPeak=0.00000 guard=0.060 activeAge=-1.000 pitch=-1.00Hz pitchCents=0.0
2025-12-15 22:46:11 [tracker] [s1] aubio-raw t=27.0850 onset=0.597151 env=0.000779 peak=0.002213 gain=1.000
2025-12-15 22:46:11 [tracker] [s1] onset-accepted t=27.0850 env=0.000779 gate=0.000021 envDelta=0.000758 envFloor=0.000582 onset=0.597151 thresh=0.006000 onsetDelta=0.591151 baseline=0.000388 floor=0.000180 adapt=0.000969 lastPeak=0.000005 baseParam=0.000180 gateRatio=0.0550 envParam=0.000450 onsetScale=0.300 retriggerScale=1.400 guard=0.060 guardRemain=0.000 activeAge=-1.000 retrigRemain=0.000 pitchHz=-1.00 pitchCents=0.0
2025-12-15 22:46:11 [tracker] [s1] onset t=27.085 env=0.00078 gate=0.00002 envDelta=0.00076 envFloor=0.00058 onset=0.597 thresh=0.006 onsetDelta=0.59115 baseline=0.00039 adaptive=0.00097 lastPeak=0.00000 guard=0.060 activeAge=-1.000 pitch=-1.00Hz pitchCents=0.0
2025-12-15 22:46:11 [tracker] [s2] onset t=27.104 env=0.00171 gate=0.00001 envDelta=0.00170 envFloor=0.00097 onset=0.996 thresh=0.009 onsetDelta=0.98675 baseline=0.00064 adaptive=0.00161 lastPeak=0.00000 guard=0.060 activeAge=-1.000 pitch=-1.00Hz pitchCents=0.0
2025-12-15 22:46:11 [tracker] [s5] onset t=27.104 env=0.00161 gate=0.00015 envDelta=0.00146 envFloor=0.00108 onset=1.279 thresh=0.016 onsetDelta=1.26255 baseline=0.00072 adaptive=0.00180 lastPeak=0.00000 guard=0.060 activeAge=-1.000 pitch=-1.00Hz pitchCents=0.0
2025-12-15 22:46:11 [tracker] [s1] aubio-raw t=27.2050 onset=0.993392 env=0.000926 peak=0.002236 gain=1.000
2025-12-15 22:46:11 [tracker] [s1] onset-accepted t=27.2050 env=0.000926 gate=0.000024 envDelta=0.000902 envFloor=0.000645 onset=0.993392 thresh=0.006000 onsetDelta=0.987392 baseline=0.000430 floor=0.000180 adapt=0.001076 lastPeak=0.000004 baseParam=0.000180 gateRatio=0.0550 envParam=0.000450 onsetScale=0.300 retriggerScale=1.400 guard=0.060 guardRemain=0.000 activeAge=-1.000 retrigRemain=0.000 pitchHz=-1.00 pitchCents=0.0
2025-12-15 22:46:11 [tracker] [s1] onset t=27.205 env=0.00093 gate=0.00002 envDelta=0.00090 envFloor=0.00065 onset=0.993 thresh=0.006 onsetDelta=0.98739 baseline=0.00043 adaptive=0.00108 lastPeak=0.00000 guard=0.060 activeAge=-1.000 pitch=-1.00Hz pitchCents=0.0
2025-12-15 22:46:11 [tracker] [s1] aubio-raw t=27.3144 onset=0.999337 env=0.000735 peak=0.001789 gain=1.000
2025-12-15 22:46:11 [tracker] [s1] onset-accepted t=27.3144 env=0.000735 gate=0.000024 envDelta=0.000712 envFloor=0.000646 onset=0.999337 thresh=0.006000 onsetDelta=0.993337 baseline=0.000431 floor=0.000180 adapt=0.001077 lastPeak=0.000003 baseParam=0.000180 gateRatio=0.0550 envParam=0.000450 onsetScale=0.300 retriggerScale=1.400 guard=0.060 guardRemain=0.000 activeAge=-1.000 retrigRemain=0.000 pitchHz=-1.00 pitchCents=0.0
2025-12-15 22:46:11 [tracker] [s1] onset t=27.314 env=0.00074 gate=0.00002 envDelta=0.00071 envFloor=0.00065 onset=0.999 thresh=0.006 onsetDelta=0.99334 baseline=0.00043 adaptive=0.00108 lastPeak=0.00000 guard=0.060 activeAge=-1.000 pitch=-1.00Hz pitchCents=0.0
2025-12-15 22:46:11 [tracker] [s5] onset t=27.354 env=0.00166 gate=0.00014 envDelta=0.00152 envFloor=0.00100 onset=0.895 thresh=0.016 onsetDelta=0.87881 baseline=0.00067 adaptive=0.00166 lastPeak=0.00000 guard=0.060 activeAge=-1.000 pitch=-1.00Hz pitchCents=0.0
2025-12-15 22:46:11 [tracker] [s2] onset t=27.370 env=0.00223 gate=0.00001 envDelta=0.00222 envFloor=0.00102 onset=1.058 thresh=0.009 onsetDelta=1.04912 baseline=0.00068 adaptive=0.00170 lastPeak=0.00000 guard=0.060 activeAge=-1.000 pitch=-1.00Hz pitchCents=0.0
2025-12-15 22:46:11 [tracker] [s3] onset t=27.413 env=0.00137 gate=0.00008 envDelta=0.00130 envFloor=0.00090 onset=0.995 thresh=0.012 onsetDelta=0.98311 baseline=0.00060 adaptive=0.00150 lastPeak=0.00000 guard=0.060 activeAge=-1.000 pitch=-1.00Hz pitchCents=0.0
2025-12-15 22:46:11 [tracker] [s1] aubio-raw t=27.4157 onset=0.879622 env=0.000874 peak=0.002050 gain=1.000
2025-12-15 22:46:11 [tracker] [s1] onset-accepted t=27.4157 env=0.000874 gate=0.000023 envDelta=0.000852 envFloor=0.000616 onset=0.879622 thresh=0.006000 onsetDelta=0.873622 baseline=0.000410 floor=0.000180 adapt=0.001026 lastPeak=0.000002 baseParam=0.000180 gateRatio=0.0550 envParam=0.000450 onsetScale=0.300 retriggerScale=1.400 guard=0.060 guardRemain=0.000 activeAge=-1.000 retrigRemain=0.000 pitchHz=-1.00 pitchCents=0.0
2025-12-15 22:46:11 [tracker] [s1] onset t=27.416 env=0.00087 gate=0.00002 envDelta=0.00085 envFloor=0.00062 onset=0.880 thresh=0.006 onsetDelta=0.87362 baseline=0.00041 adaptive=0.00103 lastPeak=0.00000 guard=0.060 activeAge=-1.000 pitch=-1.00Hz pitchCents=0.0
2025-12-15 22:46:12 [tracker] [s6] onset t=27.544 env=0.00178 gate=0.00021 envDelta=0.00156 envFloor=0.00129 onset=1.284 thresh=0.018 onsetDelta=1.26593 baseline=0.00086 adaptive=0.00214 lastPeak=0.00000 guard=0.060 activeAge=-1.000 pitch=-1.00Hz pitchCents=0.0
2025-12-15 22:46:12 [tracker] [s5] onset t=27.554 env=0.00166 gate=0.00015 envDelta=0.00150 envFloor=0.00109 onset=0.995 thresh=0.016 onsetDelta=0.97941 baseline=0.00073 adaptive=0.00182 lastPeak=0.00000 guard=0.060 activeAge=-1.000 pitch=-1.00Hz pitchCents=0.0
2025-12-15 22:46:12 [tracker] [s6] onset t=27.600 env=0.00166 gate=0.00021 envDelta=0.00145 envFloor=0.00124 onset=0.996 thresh=0.018 onsetDelta=0.97794 baseline=0.00083 adaptive=0.00207 lastPeak=0.00000 guard=0.060 activeAge=-1.000 pitch=-1.00Hz pitchCents=0.0
2025-12-15 22:46:12 [tracker] [s2] onset t=27.744 env=0.00147 gate=0.00001 envDelta=0.00147 envFloor=0.00095 onset=0.683 thresh=0.009 onsetDelta=0.67367 baseline=0.00063 adaptive=0.00159 lastPeak=0.00000 guard=0.060 activeAge=-1.000 pitch=-1.00Hz pitchCents=0.0
2025-12-15 22:46:12 [tracker] [s1] aubio-raw t=27.8290 onset=1.271672 env=0.000647 peak=0.001624 gain=1.000
2025-12-15 22:46:12 [tracker] [s1] onset-accepted t=27.8290 env=0.000647 gate=0.000023 envDelta=0.000624 envFloor=0.000628 onset=1.271672 thresh=0.006000 onsetDelta=1.265672 baseline=0.000419 floor=0.000180 adapt=0.001047 lastPeak=0.000001 baseParam=0.000180 gateRatio=0.0550 envParam=0.000450 onsetScale=0.300 retriggerScale=1.400 guard=0.060 guardRemain=0.000 activeAge=-1.000 retrigRemain=0.000 pitchHz=-1.00 pitchCents=0.0
2025-12-15 22:46:12 [tracker] [s1] onset t=27.829 env=0.00065 gate=0.00002 envDelta=0.00062 envFloor=0.00063 onset=1.272 thresh=0.006 onsetDelta=1.26567 baseline=0.00042 adaptive=0.00105 lastPeak=0.00000 guard=0.060 activeAge=-1.000 pitch=-1.00Hz pitchCents=0.0
2025-12-15 22:46:12 [tracker] [s3] onset t=27.885 env=0.00163 gate=0.00008 envDelta=0.00155 envFloor=0.00096 onset=1.160 thresh=0.012 onsetDelta=1.14886 baseline=0.00064 adaptive=0.00159 lastPeak=0.00000 guard=0.060 activeAge=-1.000 pitch=-1.00Hz pitchCents=0.0
2025-12-15 22:46:12 [tracker] [s5] onset t=27.888 env=0.00163 gate=0.00016 envDelta=0.00147 envFloor=0.00114 onset=0.996 thresh=0.016 onsetDelta=0.98021 baseline=0.00076 adaptive=0.00190 lastPeak=0.00000 guard=0.060 activeAge=-1.000 pitch=-1.00Hz pitchCents=0.0
2025-12-15 22:46:12 [tracker] [s3] onset t=27.997 env=0.00116 gate=0.00008 envDelta=0.00108 envFloor=0.00092 onset=1.008 thresh=0.012 onsetDelta=0.99592 baseline=0.00061 adaptive=0.00154 lastPeak=0.00000 guard=0.060 activeAge=-1.000 pitch=-1.00Hz pitchCents=0.0
2025-12-15 22:46:12 [tracker] [s6] onset t=28.010 env=0.00143 gate=0.00020 envDelta=0.00123 envFloor=0.00121 onset=0.995 thresh=0.018 onsetDelta=0.97730 baseline=0.00081 adaptive=0.00201 lastPeak=0.00000 guard=0.060 activeAge=-1.000 pitch=-1.00Hz pitchCents=0.0
2025-12-15 22:46:12 [tracker] [s5] onset t=28.037 env=0.00133 gate=0.00014 envDelta=0.00119 envFloor=0.00103 onset=1.097 thresh=0.016 onsetDelta=1.08113 baseline=0.00069 adaptive=0.00172 lastPeak=0.00000 guard=0.060 activeAge=-1.000 pitch=-1.00Hz pitchCents=0.0
2025-12-15 22:46:12 [tracker] [s4] onset t=28.125 env=0.00155 gate=0.00011 envDelta=0.00144 envFloor=0.00096 onset=0.647 thresh=0.014 onsetDelta=0.63313 baseline=0.00064 adaptive=0.00160 lastPeak=0.00000 guard=0.060 activeAge=-1.000 pitch=-1.00Hz pitchCents=0.0
2025-12-15 22:46:12 [tracker] [s5] onset t=28.170 env=0.00203 gate=0.00015 envDelta=0.00188 envFloor=0.00107 onset=0.672 thresh=0.016 onsetDelta=0.65612 baseline=0.00071 adaptive=0.00178 lastPeak=0.00000 guard=0.060 activeAge=-1.000 pitch=-1.00Hz pitchCents=0.0
2025-12-15 22:46:12 [tracker] [s6] onset t=28.242 env=0.00208 gate=0.00021 envDelta=0.00187 envFloor=0.00125 onset=0.993 thresh=0.018 onsetDelta=0.97543 baseline=0.00083 adaptive=0.00208 lastPeak=0.00000 guard=0.060 activeAge=-1.000 pitch=-1.00Hz pitchCents=0.0
2025-12-15 22:46:12 [tracker] [s5] onset t=28.341 env=0.00173 gate=0.00016 envDelta=0.00157 envFloor=0.00111 onset=1.206 thresh=0.016 onsetDelta=1.19014 baseline=0.00074 adaptive=0.00186 lastPeak=0.00000 guard=0.060 activeAge=-1.000 pitch=-1.00Hz pitchCents=0.0
2025-12-15 22:46:12 [tracker] [s1] aubio-raw t=28.3543 onset=1.118686 env=0.001303 peak=0.002453 gain=1.000
2025-12-15 22:46:12 [tracker] [s1] onset-accepted t=28.3543 env=0.001303 gate=0.000023 envDelta=0.001280 envFloor=0.000631 onset=1.118686 thresh=0.006000 onsetDelta=1.112686 baseline=0.000421 floor=0.000180 adapt=0.001052 lastPeak=0.000000 baseParam=0.000180 gateRatio=0.0550 envParam=0.000450 onsetScale=0.300 retriggerScale=1.400 guard=0.060 guardRemain=0.000 activeAge=-1.000 retrigRemain=0.000 pitchHz=-1.00 pitchCents=0.0
2025-12-15 22:46:12 [tracker] [s1] onset t=28.354 env=0.00130 gate=0.00002 envDelta=0.00128 envFloor=0.00063 onset=1.119 thresh=0.006 onsetDelta=1.11269 baseline=0.00042 adaptive=0.00105 lastPeak=0.00000 guard=0.060 activeAge=-1.000 pitch=-1.00Hz pitchCents=0.0
2025-12-15 22:46:13 [tracker] [s4] onset t=28.445 env=0.00168 gate=0.00011 envDelta=0.00157 envFloor=0.00093 onset=0.755 thresh=0.014 onsetDelta=0.74131 baseline=0.00062 adaptive=0.00155 lastPeak=0.00000 guard=0.060 activeAge=-1.000 pitch=-1.00Hz pitchCents=0.0
2025-12-15 22:46:13 [tracker] [s1] aubio-raw t=28.5676 onset=1.021018 env=0.001138 peak=0.002769 gain=1.000
2025-12-15 22:46:13 [tracker] [s1] onset-accepted t=28.5676 env=0.001138 gate=0.000021 envDelta=0.001116 envFloor=0.000584 onset=1.021018 thresh=0.006000 onsetDelta=1.015018 baseline=0.000389 floor=0.000180 adapt=0.000973 lastPeak=0.000000 baseParam=0.000180 gateRatio=0.0550 envParam=0.000450 onsetScale=0.300 retriggerScale=1.400 guard=0.060 guardRemain=0.000 activeAge=-1.000 retrigRemain=0.000 pitchHz=319.99 pitchCents=2348.6
2025-12-15 22:46:13 [tracker] [s1] onset t=28.568 env=0.00114 gate=0.00002 envDelta=0.00112 envFloor=0.00058 onset=1.021 thresh=0.006 onsetDelta=1.01502 baseline=0.00039 adaptive=0.00097 lastPeak=0.00000 guard=0.060 activeAge=-1.000 pitch=319.99Hz pitchCents=2348.6
2025-12-15 22:46:13 [tracker] [s6] onset t=28.568 env=0.00221 gate=0.00020 envDelta=0.00201 envFloor=0.00121 onset=1.190 thresh=0.018 onsetDelta=1.17211 baseline=0.00080 adaptive=0.00201 lastPeak=0.00000 guard=0.060 activeAge=-1.000 pitch=-1.00Hz pitchCents=0.0
2025-12-15 22:46:13 [tracker] [s1] aubio-raw t=28.6556 onset=1.053420 env=0.000873 peak=0.002369 gain=1.000
2025-12-15 22:46:13 [tracker] [s1] onset-accepted t=28.6556 env=0.000873 gate=0.000023 envDelta=0.000850 envFloor=0.000620 onset=1.053420 thresh=0.006000 onsetDelta=1.047420 baseline=0.000414 floor=0.000180 adapt=0.001034 lastPeak=0.000000 baseParam=0.000180 gateRatio=0.0550 envParam=0.000450 onsetScale=0.300 retriggerScale=1.400 guard=0.060 guardRemain=0.000 activeAge=-1.000 retrigRemain=0.000 pitchHz=-1.00 pitchCents=0.0
2025-12-15 22:46:13 [tracker] [s1] onset t=28.656 env=0.00087 gate=0.00002 envDelta=0.00085 envFloor=0.00062 onset=1.053 thresh=0.006 onsetDelta=1.04742 baseline=0.00041 adaptive=0.00103 lastPeak=0.00000 guard=0.060 activeAge=-1.000 pitch=-1.00Hz pitchCents=0.0
2025-12-15 22:46:13 [tracker] [s4] onset t=28.688 env=0.00142 gate=0.00012 envDelta=0.00130 envFloor=0.00106 onset=1.019 thresh=0.014 onsetDelta=1.00495 baseline=0.00070 adaptive=0.00176 lastPeak=0.00000 guard=0.060 activeAge=-1.000 pitch=-1.00Hz pitchCents=0.0
2025-12-15 22:46:13 [tracker] [s1] aubio-raw t=28.7063 onset=1.158092 env=0.000772 peak=0.002087 gain=1.000
2025-12-15 22:46:13 [tracker] [s1] onset-accepted t=28.7063 env=0.000772 gate=0.000024 envDelta=0.000748 envFloor=0.000658 onset=1.158092 thresh=0.006000 onsetDelta=1.152092 baseline=0.000439 floor=0.000180 adapt=0.001097 lastPeak=0.000000 baseParam=0.000180 gateRatio=0.0550 envParam=0.000450 onsetScale=0.300 retriggerScale=1.400 guard=0.060 guardRemain=0.000 activeAge=-1.000 retrigRemain=0.000 pitchHz=-1.00 pitchCents=0.0
2025-12-15 22:46:13 [tracker] [s1] onset t=28.706 env=0.00077 gate=0.00002 envDelta=0.00075 envFloor=0.00066 onset=1.158 thresh=0.006 onsetDelta=1.15209 baseline=0.00044 adaptive=0.00110 lastPeak=0.00000 guard=0.060 activeAge=-1.000 pitch=-1.00Hz pitchCents=0.0
2025-12-15 22:46:13 [tracker] [s4] onset t=28.760 env=0.00128 gate=0.00012 envDelta=0.00116 envFloor=0.00102 onset=0.990 thresh=0.014 onsetDelta=0.97592 baseline=0.00068 adaptive=0.00170 lastPeak=0.00000 guard=0.060 activeAge=-1.000 pitch=-1.00Hz pitchCents=0.0
2025-12-15 22:46:13 [tracker] [s6] onset t=28.770 env=0.00197 gate=0.00021 envDelta=0.00176 envFloor=0.00126 onset=0.999 thresh=0.018 onsetDelta=0.98070 baseline=0.00084 adaptive=0.00210 lastPeak=0.00000 guard=0.060 activeAge=-1.000 pitch=-1.00Hz pitchCents=0.0
2025-12-15 22:46:13 [tracker] [s1] aubio-raw t=28.7836 onset=1.114395 env=0.000635 peak=0.001820 gain=1.000
2025-12-15 22:46:13 [tracker] [s1] onset-accepted t=28.7836 env=0.000635 gate=0.000022 envDelta=0.000614 envFloor=0.000594 onset=1.114395 thresh=0.006000 onsetDelta=1.108395 baseline=0.000396 floor=0.000180 adapt=0.000990 lastPeak=0.000000 baseParam=0.000180 gateRatio=0.0550 envParam=0.000450 onsetScale=0.300 retriggerScale=1.400 guard=0.060 guardRemain=0.000 activeAge=-1.000 retrigRemain=0.000 pitchHz=105.27 pitchCents=423.9
2025-12-15 22:46:13 [tracker] [s1] onset t=28.784 env=0.00064 gate=0.00002 envDelta=0.00061 envFloor=0.00059 onset=1.114 thresh=0.006 onsetDelta=1.10839 baseline=0.00040 adaptive=0.00099 lastPeak=0.00000 guard=0.060 activeAge=-1.000 pitch=105.27Hz pitchCents=423.9
2025-12-15 22:46:13 [tracker] [s1] aubio-raw t=28.8716 onset=1.480808 env=0.000744 peak=0.001800 gain=1.000
2025-12-15 22:46:13 [tracker] [s1] onset-accepted t=28.8716 env=0.000744 gate=0.000023 envDelta=0.000721 envFloor=0.000625 onset=1.480808 thresh=0.006000 onsetDelta=1.474808 baseline=0.000417 floor=0.000180 adapt=0.001042 lastPeak=0.000000 baseParam=0.000180 gateRatio=0.0550 envParam=0.000450 onsetScale=0.300 retriggerScale=1.400 guard=0.060 guardRemain=0.000 activeAge=-1.000 retrigRemain=0.000 pitchHz=115.94 pitchCents=591.1
2025-12-15 22:46:13 [tracker] [s1] onset t=28.872 env=0.00074 gate=0.00002 envDelta=0.00072 envFloor=0.00063 onset=1.481 thresh=0.006 onsetDelta=1.47481 baseline=0.00042 adaptive=0.00104 lastPeak=0.00000 guard=0.060 activeAge=-1.000 pitch=115.94Hz pitchCents=591.1
2025-12-15 22:46:13 [tracker] [s1] aubio-raw t=28.9276 onset=0.792406 env=0.000910 peak=0.002134 gain=1.000
2025-12-15 22:46:13 [tracker] [s1] onset-accepted t=28.9276 env=0.000910 gate=0.000021 envDelta=0.000889 envFloor=0.000559 onset=0.792406 thresh=0.006000 onsetDelta=0.786406 baseline=0.000373 floor=0.000180 adapt=0.000932 lastPeak=0.000000 baseParam=0.000180 gateRatio=0.0550 envParam=0.000450 onsetScale=0.300 retriggerScale=1.400 guard=0.060 guardRemain=0.000 activeAge=-1.000 retrigRemain=0.000 pitchHz=399.99 pitchCents=2734.9
2025-12-15 22:46:13 [tracker] [s1] onset t=28.928 env=0.00091 gate=0.00002 envDelta=0.00089 envFloor=0.00056 onset=0.792 thresh=0.006 onsetDelta=0.78641 baseline=0.00037 adaptive=0.00093 lastPeak=0.00000 guard=0.060 activeAge=-1.000 pitch=399.99Hz pitchCents=2734.9
2025-12-15 22:46:13 [tracker] [s6] onset t=28.978 env=0.00196 gate=0.00021 envDelta=0.00175 envFloor=0.00125 onset=0.994 thresh=0.018 onsetDelta=0.97551 baseline=0.00084 adaptive=0.00209 lastPeak=0.00000 guard=0.060 activeAge=-1.000 pitch=-1.00Hz pitchCents=0.0
2025-12-15 22:46:13 [tracker] [s1] aubio-raw t=28.9996 onset=0.997904 env=0.001353 peak=0.003423 gain=1.000
2025-12-15 22:46:13 [tracker] [s1] onset-accepted t=28.9996 env=0.001353 gate=0.000025 envDelta=0.001328 envFloor=0.000674 onset=0.997904 thresh=0.006000 onsetDelta=0.991904 baseline=0.000449 floor=0.000180 adapt=0.001123 lastPeak=0.000000 baseParam=0.000180 gateRatio=0.0550 envParam=0.000450 onsetScale=0.300 retriggerScale=1.400 guard=0.060 guardRemain=0.000 activeAge=-1.000 retrigRemain=0.000 pitchHz=-1.00 pitchCents=0.0
2025-12-15 22:46:13 [tracker] [s1] onset t=29.000 env=0.00135 gate=0.00002 envDelta=0.00133 envFloor=0.00067 onset=0.998 thresh=0.006 onsetDelta=0.99190 baseline=0.00045 adaptive=0.00112 lastPeak=0.00000 guard=0.060 activeAge=-1.000 pitch=-1.00Hz pitchCents=0.0
2025-12-15 22:46:13 [tracker] [s5] onset t=29.058 env=0.00160 gate=0.00016 envDelta=0.00144 envFloor=0.00114 onset=0.553 thresh=0.016 onsetDelta=0.53669 baseline=0.00076 adaptive=0.00189 lastPeak=0.00000 guard=0.060 activeAge=-1.000 pitch=-1.00Hz pitchCents=0.0
2025-12-15 22:46:13 [tracker] [s4] onset t=29.098 env=0.00125 gate=0.00012 envDelta=0.00113 envFloor=0.00103 onset=0.857 thresh=0.014 onsetDelta=0.84256 baseline=0.00068 adaptive=0.00171 lastPeak=0.00000 guard=0.060 activeAge=-1.000 pitch=-1.00Hz pitchCents=0.0
2025-12-15 22:46:13 [tracker] [s5] onset t=29.136 env=0.00200 gate=0.00016 envDelta=0.00184 envFloor=0.00111 onset=1.480 thresh=0.016 onsetDelta=1.46373 baseline=0.00074 adaptive=0.00185 lastPeak=0.00000 guard=0.060 activeAge=-1.000 pitch=-1.00Hz pitchCents=0.0
2025-12-15 22:46:13 [tracker] [s3] onset t=29.184 env=0.00114 gate=0.00008 envDelta=0.00106 envFloor=0.00093 onset=0.999 thresh=0.012 onsetDelta=0.98760 baseline=0.00062 adaptive=0.00155 lastPeak=0.00000 guard=0.060 activeAge=-1.000 pitch=-1.00Hz pitchCents=0.0
2025-12-15 22:46:13 [tracker] [s1] aubio-raw t=29.1889 onset=1.104160 env=0.000573 peak=0.001269 gain=1.000
2025-12-15 22:46:13 [tracker] [s1] onset-below-env-floor t=29.1889 env=0.000573 gate=0.000022 envDelta=0.000551 envFloor=0.000595 onset=1.104160 thresh=0.006000 onsetDelta=1.098160 baseline=0.000397 floor=0.000180 adapt=0.000992 lastPeak=0.000000 baseParam=0.000180 gateRatio=0.0550 envParam=0.000450 onsetScale=0.300 retriggerScale=1.400 guard=0.060 guardRemain=0.000 activeAge=-1.000 retrigRemain=0.000 pitchHz=470.48 pitchCents=3016.0
2025-12-15 22:46:13 [tracker] [s6] onset t=29.237 env=0.00174 gate=0.00019 envDelta=0.00155 envFloor=0.00114 onset=1.069 thresh=0.018 onsetDelta=1.05136 baseline=0.00076 adaptive=0.00190 lastPeak=0.00000 guard=0.060 activeAge=-1.000 pitch=-1.00Hz pitchCents=0.0
2025-12-15 22:46:13 [tracker] [s4] onset t=29.266 env=0.00177 gate=0.00011 envDelta=0.00166 envFloor=0.00094 onset=1.276 thresh=0.014 onsetDelta=1.26164 baseline=0.00062 adaptive=0.00156 lastPeak=0.00000 guard=0.060 activeAge=-1.000 pitch=-1.00Hz pitchCents=0.0
2025-12-15 22:46:13 [tracker] [s2] onset t=29.272 env=0.00123 gate=0.00001 envDelta=0.00122 envFloor=0.00092 onset=1.084 thresh=0.009 onsetDelta=1.07550 baseline=0.00061 adaptive=0.00153 lastPeak=0.00000 guard=0.060 activeAge=-1.000 pitch=-1.00Hz pitchCents=0.0
2025-12-15 22:46:13 [tracker] [s3] onset t=29.349 env=0.00115 gate=0.00008 envDelta=0.00106 envFloor=0.00095 onset=1.040 thresh=0.012 onsetDelta=1.02815 baseline=0.00064 adaptive=0.00159 lastPeak=0.00000 guard=0.060 activeAge=-1.000 pitch=-1.00Hz pitchCents=0.0
2025-12-15 22:46:14 [tracker] [s5] onset t=29.525 env=0.00135 gate=0.00015 envDelta=0.00121 envFloor=0.00106 onset=0.998 thresh=0.016 onsetDelta=0.98215 baseline=0.00071 adaptive=0.00177 lastPeak=0.00000 guard=0.060 activeAge=-1.000 pitch=-1.00Hz pitchCents=0.0
2025-12-15 22:46:14 [tracker] [s2] onset t=29.570 env=0.00170 gate=0.00001 envDelta=0.00169 envFloor=0.00093 onset=1.027 thresh=0.009 onsetDelta=1.01842 baseline=0.00062 adaptive=0.00155 lastPeak=0.00000 guard=0.060 activeAge=-1.000 pitch=-1.00Hz pitchCents=0.0
2025-12-15 22:46:14 [tracker] [s5] onset t=29.602 env=0.00178 gate=0.00014 envDelta=0.00164 envFloor=0.00100 onset=1.000 thresh=0.016 onsetDelta=0.98442 baseline=0.00067 adaptive=0.00167 lastPeak=0.00000 guard=0.060 activeAge=-1.000 pitch=-1.00Hz pitchCents=0.0
2025-12-15 22:46:14 [tracker] [s4] onset t=29.616 env=0.00108 gate=0.00011 envDelta=0.00098 envFloor=0.00093 onset=1.197 thresh=0.014 onsetDelta=1.18260 baseline=0.00062 adaptive=0.00156 lastPeak=0.00000 guard=0.060 activeAge=-1.000 pitch=-1.00Hz pitchCents=0.0
2025-12-15 22:46:14 [tracker] [s2] onset t=29.637 env=0.00181 gate=0.00001 envDelta=0.00180 envFloor=0.00097 onset=0.975 thresh=0.009 onsetDelta=0.96602 baseline=0.00065 adaptive=0.00161 lastPeak=0.00000 guard=0.060 activeAge=-1.000 pitch=-1.00Hz pitchCents=0.0
2025-12-15 22:46:14 [tracker] [s6] onset t=29.677 env=0.00217 gate=0.00020 envDelta=0.00197 envFloor=0.00119 onset=1.001 thresh=0.018 onsetDelta=0.98255 baseline=0.00079 adaptive=0.00198 lastPeak=0.00000 guard=0.060 activeAge=-1.000 pitch=-1.00Hz pitchCents=0.0
2025-12-15 22:46:14 [tracker] [s5] onset t=29.688 env=0.00171 gate=0.00015 envDelta=0.00157 envFloor=0.00106 onset=1.090 thresh=0.016 onsetDelta=1.07434 baseline=0.00071 adaptive=0.00176 lastPeak=0.00000 guard=0.060 activeAge=-1.000 pitch=-1.00Hz pitchCents=0.0
2025-12-15 22:46:14 [tracker] [s1] aubio-raw t=29.6929 onset=0.947816 env=0.000802 peak=0.002759 gain=1.000
2025-12-15 22:46:14 [tracker] [s1] onset-accepted t=29.6929 env=0.000802 gate=0.000023 envDelta=0.000780 envFloor=0.000624 onset=0.947816 thresh=0.006000 onsetDelta=0.941816 baseline=0.000416 floor=0.000180 adapt=0.001040 lastPeak=0.000000 baseParam=0.000180 gateRatio=0.0550 envParam=0.000450 onsetScale=0.300 retriggerScale=1.400 guard=0.060 guardRemain=0.000 activeAge=-1.000 retrigRemain=0.000 pitchHz=-1.00 pitchCents=0.0
2025-12-15 22:46:14 [tracker] [s1] onset t=29.693 env=0.00080 gate=0.00002 envDelta=0.00078 envFloor=0.00062 onset=0.948 thresh=0.006 onsetDelta=0.94182 baseline=0.00042 adaptive=0.00104 lastPeak=0.00000 guard=0.060 activeAge=-1.000 pitch=-1.00Hz pitchCents=0.0
2025-12-15 22:46:14 [tracker] [s2] onset t=29.725 env=0.00145 gate=0.00001 envDelta=0.00144 envFloor=0.00104 onset=0.633 thresh=0.009 onsetDelta=0.62432 baseline=0.00069 adaptive=0.00174 lastPeak=0.00000 guard=0.060 activeAge=-1.000 pitch=-1.00Hz pitchCents=0.0
2025-12-15 22:46:14 [tracker] [s5] onset t=29.741 env=0.00226 gate=0.00016 envDelta=0.00210 envFloor=0.00113 onset=0.999 thresh=0.016 onsetDelta=0.98301 baseline=0.00075 adaptive=0.00188 lastPeak=0.00000 guard=0.060 activeAge=-1.000 pitch=-1.00Hz pitchCents=0.0
2025-12-15 22:46:14 [tracker] [s4] onset t=29.786 env=0.00137 gate=0.00011 envDelta=0.00126 envFloor=0.00097 onset=1.046 thresh=0.014 onsetDelta=1.03199 baseline=0.00065 adaptive=0.00162 lastPeak=0.00000 guard=0.060 activeAge=-1.000 pitch=-1.00Hz pitchCents=0.0
2025-12-15 22:46:14 [tracker] [s1] aubio-raw t=29.8288 onset=0.692145 env=0.001414 peak=0.003440 gain=1.000
2025-12-15 22:46:14 [tracker] [s1] onset-accepted t=29.8288 env=0.001414 gate=0.000024 envDelta=0.001390 envFloor=0.000660 onset=0.692145 thresh=0.006000 onsetDelta=0.686145 baseline=0.000440 floor=0.000180 adapt=0.001101 lastPeak=0.000000 baseParam=0.000180 gateRatio=0.0550 envParam=0.000450 onsetScale=0.300 retriggerScale=1.400 guard=0.060 guardRemain=0.000 activeAge=-1.000 retrigRemain=0.000 pitchHz=-1.00 pitchCents=0.0
2025-12-15 22:46:14 [tracker] [s1] onset t=29.829 env=0.00141 gate=0.00002 envDelta=0.00139 envFloor=0.00066 onset=0.692 thresh=0.006 onsetDelta=0.68615 baseline=0.00044 adaptive=0.00110 lastPeak=0.00000 guard=0.060 activeAge=-1.000 pitch=-1.00Hz pitchCents=0.0
2025-12-15 22:46:14 [tracker] [s2] onset t=29.829 env=0.00201 gate=0.00001 envDelta=0.00200 envFloor=0.00103 onset=1.296 thresh=0.009 onsetDelta=1.28744 baseline=0.00069 adaptive=0.00172 lastPeak=0.00000 guard=0.060 activeAge=-1.000 pitch=-1.00Hz pitchCents=0.0
2025-12-15 22:46:14 [tracker] [s6] onset t=29.856 env=0.00197 gate=0.00022 envDelta=0.00175 envFloor=0.00130 onset=1.006 thresh=0.018 onsetDelta=0.98755 baseline=0.00087 adaptive=0.00217 lastPeak=0.00000 guard=0.060 activeAge=-1.000 pitch=-1.00Hz pitchCents=0.0
2025-12-15 22:46:14 [tracker] [s3] onset t=29.893 env=0.00127 gate=0.00008 envDelta=0.00118 envFloor=0.00095 onset=0.725 thresh=0.012 onsetDelta=0.71349 baseline=0.00063 adaptive=0.00158 lastPeak=0.00000 guard=0.060 activeAge=-1.000 pitch=-1.00Hz pitchCents=0.0
2025-12-15 22:46:14 [tracker] [s6] onset t=29.912 env=0.00174 gate=0.00021 envDelta=0.00154 envFloor=0.00124 onset=1.005 thresh=0.018 onsetDelta=0.98675 baseline=0.00083 adaptive=0.00206 lastPeak=0.00000 guard=0.060 activeAge=-1.000 pitch=-1.00Hz pitchCents=0.0
2025-12-15 22:46:14 [tracker] [s6] onset t=29.999 env=0.00186 gate=0.00020 envDelta=0.00166 envFloor=0.00119 onset=0.994 thresh=0.018 onsetDelta=0.97625 baseline=0.00079 adaptive=0.00198 lastPeak=0.00000 guard=0.060 activeAge=-1.000 pitch=-1.00Hz pitchCents=0.0
2025-12-15 22:46:14 [tracker] [s3] onset t=30.018 env=0.00148 gate=0.00008 envDelta=0.00140 envFloor=0.00089 onset=1.336 thresh=0.012 onsetDelta=1.32471 baseline=0.00060 adaptive=0.00149 lastPeak=0.00000 guard=0.060 activeAge=-1.000 pitch=-1.00Hz pitchCents=0.0
2025-12-15 22:46:14 [tracker] [s4] onset t=30.047 env=0.00139 gate=0.00011 envDelta=0.00128 envFloor=0.00094 onset=1.002 thresh=0.014 onsetDelta=0.98840 baseline=0.00062 adaptive=0.00156 lastPeak=0.00000 guard=0.060 activeAge=-1.000 pitch=-1.00Hz pitchCents=0.0
2025-12-15 22:46:14 [tracker] [s2] onset t=30.077 env=0.00128 gate=0.00001 envDelta=0.00128 envFloor=0.00102 onset=1.079 thresh=0.009 onsetDelta=1.06967 baseline=0.00068 adaptive=0.00170 lastPeak=0.00000 guard=0.060 activeAge=-1.000 pitch=-1.00Hz pitchCents=0.0
2025-12-15 22:46:14 [tracker] [s4] onset t=30.175 env=0.00185 gate=0.00012 envDelta=0.00173 envFloor=0.00103 onset=1.278 thresh=0.014 onsetDelta=1.26446 baseline=0.00069 adaptive=0.00172 lastPeak=0.00000 guard=0.060 activeAge=-1.000 pitch=-1.00Hz pitchCents=0.0
2025-12-15 22:46:14 [tracker] [s2] onset t=30.215 env=0.00111 gate=0.00001 envDelta=0.00111 envFloor=0.00089 onset=1.233 thresh=0.009 onsetDelta=1.22384 baseline=0.00059 adaptive=0.00148 lastPeak=0.00000 guard=0.060 activeAge=-1.000 pitch=-1.00Hz pitchCents=0.0
2025-12-15 22:46:14 [tracker] [s3] onset t=30.253 env=0.00110 gate=0.00009 envDelta=0.00102 envFloor=0.00101 onset=1.335 thresh=0.012 onsetDelta=1.32336 baseline=0.00067 adaptive=0.00168 lastPeak=0.00000 guard=0.060 activeAge=-1.000 pitch=-1.00Hz pitchCents=0.0
2025-12-15 22:46:14 [tracker] [s4] onset t=30.325 env=0.00151 gate=0.00011 envDelta=0.00141 envFloor=0.00096 onset=1.006 thresh=0.014 onsetDelta=0.99212 baseline=0.00064 adaptive=0.00160 lastPeak=0.00000 guard=0.060 activeAge=-1.000 pitch=-1.00Hz pitchCents=0.0
2025-12-15 22:46:14 [tracker] [s1] aubio-raw t=30.3595 onset=1.023036 env=0.000858 peak=0.002232 gain=1.000
2025-12-15 22:46:14 [tracker] [s1] onset-accepted t=30.3595 env=0.000858 gate=0.000021 envDelta=0.000837 envFloor=0.000567 onset=1.023036 thresh=0.006000 onsetDelta=1.017036 baseline=0.000378 floor=0.000180 adapt=0.000945 lastPeak=0.000000 baseParam=0.000180 gateRatio=0.0550 envParam=0.000450 onsetScale=0.300 retriggerScale=1.400 guard=0.060 guardRemain=0.000 activeAge=-1.000 retrigRemain=0.000 pitchHz=-1.00 pitchCents=0.0
2025-12-15 22:46:14 [tracker] [s1] onset t=30.359 env=0.00086 gate=0.00002 envDelta=0.00084 envFloor=0.00057 onset=1.023 thresh=0.006 onsetDelta=1.01704 baseline=0.00038 adaptive=0.00094 lastPeak=0.00000 guard=0.060 activeAge=-1.000 pitch=-1.00Hz pitchCents=0.0
2025-12-15 22:46:14 [tracker] [s6] onset t=30.410 env=0.00165 gate=0.00019 envDelta=0.00146 envFloor=0.00113 onset=0.585 thresh=0.018 onsetDelta=0.56719 baseline=0.00076 adaptive=0.00189 lastPeak=0.00000 guard=0.060 activeAge=-1.000 pitch=-1.00Hz pitchCents=0.0
2025-12-15 22:46:15 [tracker] [s1] aubio-raw t=30.5061 onset=0.865539 env=0.000541 peak=0.001677 gain=1.000
2025-12-15 22:46:15 [tracker] [s1] onset-below-env-floor t=30.5061 env=0.000541 gate=0.000023 envDelta=0.000518 envFloor=0.000617 onset=0.865539 thresh=0.006000 onsetDelta=0.859539 baseline=0.000411 floor=0.000180 adapt=0.001028 lastPeak=0.000000 baseParam=0.000180 gateRatio=0.0550 envParam=0.000450 onsetScale=0.300 retriggerScale=1.400 guard=0.060 guardRemain=0.000 activeAge=-1.000 retrigRemain=0.000 pitchHz=-1.00 pitchCents=0.0
2025-12-15 22:46:15 [tracker] [s2] onset t=30.629 env=0.00178 gate=0.00001 envDelta=0.00177 envFloor=0.00103 onset=0.590 thresh=0.009 onsetDelta=0.58055 baseline=0.00069 adaptive=0.00171 lastPeak=0.00000 guard=0.060 activeAge=-1.000 pitch=400.04Hz pitchCents=2235.1
2025-12-15 22:46:15 [tracker] [s5] onset t=30.727 env=0.00153 gate=0.00014 envDelta=0.00138 envFloor=0.00103 onset=1.400 thresh=0.016 onsetDelta=1.38449 baseline=0.00069 adaptive=0.00171 lastPeak=0.00000 guard=0.060 activeAge=-1.000 pitch=-1.00Hz pitchCents=0.0
2025-12-15 22:46:15 [tracker] [s1] aubio-raw t=30.7621 onset=1.068122 env=0.001022 peak=0.002365 gain=1.000
2025-12-15 22:46:15 [tracker] [s1] onset-accepted t=30.7621 env=0.001022 gate=0.000023 envDelta=0.000999 envFloor=0.000629 onset=1.068122 thresh=0.006000 onsetDelta=1.062122 baseline=0.000419 floor=0.000180 adapt=0.001048 lastPeak=0.000000 baseParam=0.000180 gateRatio=0.0550 envParam=0.000450 onsetScale=0.300 retriggerScale=1.400 guard=0.060 guardRemain=0.000 activeAge=-1.000 retrigRemain=0.000 pitchHz=-1.00 pitchCents=0.0
2025-12-15 22:46:15 [tracker] [s1] onset t=30.762 env=0.00102 gate=0.00002 envDelta=0.00100 envFloor=0.00063 onset=1.068 thresh=0.006 onsetDelta=1.06212 baseline=0.00042 adaptive=0.00105 lastPeak=0.00000 guard=0.060 activeAge=-1.000 pitch=-1.00Hz pitchCents=0.0
2025-12-15 22:46:15 [tracker] [s5] onset t=30.829 env=0.00189 gate=0.00015 envDelta=0.00175 envFloor=0.00107 onset=0.947 thresh=0.016 onsetDelta=0.93098 baseline=0.00071 adaptive=0.00178 lastPeak=0.00000 guard=0.060 activeAge=-1.000 pitch=-1.00Hz pitchCents=0.0
2025-12-15 22:46:15 [tracker] [s2] onset t=30.839 env=0.00146 gate=0.00001 envDelta=0.00145 envFloor=0.00098 onset=1.063 thresh=0.009 onsetDelta=1.05385 baseline=0.00065 adaptive=0.00163 lastPeak=0.00000 guard=0.060 activeAge=-1.000 pitch=-1.00Hz pitchCents=0.0
2025-12-15 22:46:15 [tracker] [s5] onset t=30.943 env=0.00190 gate=0.00016 envDelta=0.00174 envFloor=0.00112 onset=0.998 thresh=0.016 onsetDelta=0.98217 baseline=0.00075 adaptive=0.00187 lastPeak=0.00000 guard=0.060 activeAge=-1.000 pitch=-1.00Hz pitchCents=0.0
2025-12-15 22:46:15 [tracker] [s6] onset t=31.181 env=0.00154 gate=0.00020 envDelta=0.00134 envFloor=0.00119 onset=1.232 thresh=0.018 onsetDelta=1.21390 baseline=0.00079 adaptive=0.00198 lastPeak=0.00000 guard=0.060 activeAge=-1.000 pitch=-1.00Hz pitchCents=0.0
2025-12-15 22:46:15 [tracker] [s4] onset t=31.266 env=0.00167 gate=0.00011 envDelta=0.00156 envFloor=0.00098 onset=1.062 thresh=0.014 onsetDelta=1.04848 baseline=0.00065 adaptive=0.00163 lastPeak=0.00000 guard=0.060 activeAge=-1.000 pitch=-1.00Hz pitchCents=0.0
2025-12-15 22:46:15 [tracker] [s6] onset t=31.269 env=0.00235 gate=0.00021 envDelta=0.00214 envFloor=0.00128 onset=0.638 thresh=0.018 onsetDelta=0.61986 baseline=0.00085 adaptive=0.00213 lastPeak=0.00000 guard=0.060 activeAge=-1.000 pitch=-1.00Hz pitchCents=0.0
2025-12-15 22:46:15 [tracker] [s1] aubio-raw t=31.2954 onset=1.155734 env=0.000879 peak=0.002473 gain=1.000
2025-12-15 22:46:15 [tracker] [s1] onset-accepted t=31.2954 env=0.000879 gate=0.000021 envDelta=0.000858 envFloor=0.000574 onset=1.155734 thresh=0.006000 onsetDelta=1.149734 baseline=0.000383 floor=0.000180 adapt=0.000957 lastPeak=0.000000 baseParam=0.000180 gateRatio=0.0550 envParam=0.000450 onsetScale=0.300 retriggerScale=1.400 guard=0.060 guardRemain=0.000 activeAge=-1.000 retrigRemain=0.000 pitchHz=-1.00 pitchCents=0.0
2025-12-15 22:46:15 [tracker] [s1] onset t=31.295 env=0.00088 gate=0.00002 envDelta=0.00086 envFloor=0.00057 onset=1.156 thresh=0.006 onsetDelta=1.14973 baseline=0.00038 adaptive=0.00096 lastPeak=0.00000 guard=0.060 activeAge=-1.000 pitch=-1.00Hz pitchCents=0.0
2025-12-15 22:46:15 [tracker] [s2] onset t=31.343 env=0.00140 gate=0.00001 envDelta=0.00139 envFloor=0.00109 onset=1.067 thresh=0.009 onsetDelta=1.05832 baseline=0.00073 adaptive=0.00182 lastPeak=0.00000 guard=0.060 activeAge=-1.000 pitch=-1.00Hz pitchCents=0.0
2025-12-15 22:46:16 [tracker] [s6] onset t=31.437 env=0.00194 gate=0.00020 envDelta=0.00174 envFloor=0.00120 onset=1.397 thresh=0.018 onsetDelta=1.37892 baseline=0.00080 adaptive=0.00199 lastPeak=0.00000 guard=0.060 activeAge=-1.000 pitch=-1.00Hz pitchCents=0.0
2025-12-15 22:46:16 [tracker] [s1] aubio-raw t=31.5114 onset=1.077513 env=0.000584 peak=0.001886 gain=1.000
2025-12-15 22:46:16 [tracker] [s1] onset-below-env-floor t=31.5114 env=0.000584 gate=0.000024 envDelta=0.000561 envFloor=0.000646 onset=1.077513 thresh=0.006000 onsetDelta=1.071513 baseline=0.000431 floor=0.000180 adapt=0.001077 lastPeak=0.000000 baseParam=0.000180 gateRatio=0.0550 envParam=0.000450 onsetScale=0.300 retriggerScale=1.400 guard=0.060 guardRemain=0.000 activeAge=-1.000 retrigRemain=0.000 pitchHz=102.57 pitchCents=378.9
2025-12-15 22:46:16 [tracker] [s2] onset t=31.530 env=0.00230 gate=0.00001 envDelta=0.00229 envFloor=0.00096 onset=1.219 thresh=0.009 onsetDelta=1.21030 baseline=0.00064 adaptive=0.00161 lastPeak=0.00000 guard=0.060 activeAge=-1.000 pitch=421.05Hz pitchCents=2323.8
2025-12-15 22:46:16 [tracker] [s5] onset t=31.546 env=0.00162 gate=0.00015 envDelta=0.00147 envFloor=0.00107 onset=1.311 thresh=0.016 onsetDelta=1.29519 baseline=0.00072 adaptive=0.00179 lastPeak=0.00000 guard=0.060 activeAge=-1.000 pitch=-1.00Hz pitchCents=0.0
2025-12-15 22:46:16 [tracker] [s3] onset t=31.618 env=0.00165 gate=0.00008 envDelta=0.00157 envFloor=0.00092 onset=0.993 thresh=0.012 onsetDelta=0.98181 baseline=0.00062 adaptive=0.00154 lastPeak=0.00000 guard=0.060 activeAge=-1.000 pitch=-1.00Hz pitchCents=0.0
2025-12-15 22:46:16 [tracker] [s1] aubio-raw t=31.6314 onset=1.341755 env=0.000600 peak=0.001757 gain=1.000
2025-12-15 22:46:16 [tracker] [s1] onset-below-env-floor t=31.6314 env=0.000600 gate=0.000023 envDelta=0.000577 envFloor=0.000620 onset=1.341755 thresh=0.006000 onsetDelta=1.335755 baseline=0.000413 floor=0.000180 adapt=0.001033 lastPeak=0.000000 baseParam=0.000180 gateRatio=0.0550 envParam=0.000450 onsetScale=0.300 retriggerScale=1.400 guard=0.060 guardRemain=0.000 activeAge=-1.000 retrigRemain=0.000 pitchHz=-1.00 pitchCents=0.0
2025-12-15 22:46:16 [tracker] [s6] onset t=31.698 env=0.00228 gate=0.00022 envDelta=0.00206 envFloor=0.00133 onset=0.999 thresh=0.018 onsetDelta=0.98058 baseline=0.00088 adaptive=0.00221 lastPeak=0.00000 guard=0.060 activeAge=-1.000 pitch=-1.00Hz pitchCents=0.0
2025-12-15 22:46:16 [tracker] [s2] onset t=31.719 env=0.00144 gate=0.00001 envDelta=0.00143 envFloor=0.00096 onset=0.999 thresh=0.009 onsetDelta=0.98956 baseline=0.00064 adaptive=0.00161 lastPeak=0.00000 guard=0.060 activeAge=-1.000 pitch=-1.00Hz pitchCents=0.0
2025-12-15 22:46:16 [tracker] [s4] onset t=31.767 env=0.00145 gate=0.00011 envDelta=0.00134 envFloor=0.00100 onset=0.939 thresh=0.014 onsetDelta=0.92465 baseline=0.00066 adaptive=0.00166 lastPeak=0.00000 guard=0.060 activeAge=-1.000 pitch=-1.00Hz pitchCents=0.0
2025-12-15 22:46:16 [tracker] [s1] aubio-raw t=31.8474 onset=0.824394 env=0.000867 peak=0.001854 gain=1.000
2025-12-15 22:46:16 [tracker] [s1] onset-accepted t=31.8474 env=0.000867 gate=0.000022 envDelta=0.000844 envFloor=0.000611 onset=0.824394 thresh=0.006000 onsetDelta=0.818394 baseline=0.000407 floor=0.000180 adapt=0.001019 lastPeak=0.000000 baseParam=0.000180 gateRatio=0.0550 envParam=0.000450 onsetScale=0.300 retriggerScale=1.400 guard=0.060 guardRemain=0.000 activeAge=-1.000 retrigRemain=0.000 pitchHz=-1.00 pitchCents=0.0
2025-12-15 22:46:16 [tracker] [s1] onset t=31.847 env=0.00087 gate=0.00002 envDelta=0.00084 envFloor=0.00061 onset=0.824 thresh=0.006 onsetDelta=0.81839 baseline=0.00041 adaptive=0.00102 lastPeak=0.00000 guard=0.060 activeAge=-1.000 pitch=-1.00Hz pitchCents=0.0
2025-12-15 22:46:16 [tracker] [s6] onset t=31.901 env=0.00188 gate=0.00019 envDelta=0.00169 envFloor=0.00115 onset=0.561 thresh=0.018 onsetDelta=0.54253 baseline=0.00077 adaptive=0.00192 lastPeak=0.00000 guard=0.060 activeAge=-1.000 pitch=-1.00Hz pitchCents=0.0
2025-12-15 22:46:16 [tracker] [s5] onset t=32.007 env=0.00194 gate=0.00015 envDelta=0.00179 envFloor=0.00107 onset=0.996 thresh=0.016 onsetDelta=0.98028 baseline=0.00071 adaptive=0.00179 lastPeak=0.00000 guard=0.060 activeAge=-1.000 pitch=-1.00Hz pitchCents=0.0
2025-12-15 22:46:16 [tracker] [s2] onset t=32.101 env=0.00141 gate=0.00001 envDelta=0.00140 envFloor=0.00097 onset=0.997 thresh=0.009 onsetDelta=0.98846 baseline=0.00065 adaptive=0.00162 lastPeak=0.00000 guard=0.060 activeAge=-1.000 pitch=-1.00Hz pitchCents=0.0
2025-12-15 22:46:16 [tracker] [s6] onset t=32.253 env=0.00158 gate=0.00019 envDelta=0.00138 envFloor=0.00117 onset=1.005 thresh=0.018 onsetDelta=0.98722 baseline=0.00078 adaptive=0.00195 lastPeak=0.00000 guard=0.060 activeAge=-1.000 pitch=-1.00Hz pitchCents=0.0
2025-12-15 22:46:16 [tracker] [s1] aubio-raw t=32.2660 onset=1.206312 env=0.000882 peak=0.002722 gain=1.000
2025-12-15 22:46:16 [tracker] [s1] onset-accepted t=32.2660 env=0.000882 gate=0.000022 envDelta=0.000859 envFloor=0.000606 onset=1.206312 thresh=0.006000 onsetDelta=1.200312 baseline=0.000404 floor=0.000180 adapt=0.001010 lastPeak=0.000000 baseParam=0.000180 gateRatio=0.0550 envParam=0.000450 onsetScale=0.300 retriggerScale=1.400 guard=0.060 guardRemain=0.000 activeAge=-1.000 retrigRemain=0.000 pitchHz=95.25 pitchCents=250.7
2025-12-15 22:46:16 [tracker] [s1] onset t=32.266 env=0.00088 gate=0.00002 envDelta=0.00086 envFloor=0.00061 onset=1.206 thresh=0.006 onsetDelta=1.20031 baseline=0.00040 adaptive=0.00101 lastPeak=0.00000 guard=0.060 activeAge=-1.000 pitch=95.25Hz pitchCents=250.7
2025-12-15 22:46:16 [tracker] [s5] onset t=32.349 env=0.00174 gate=0.00014 envDelta=0.00160 envFloor=0.00103 onset=0.965 thresh=0.016 onsetDelta=0.94910 baseline=0.00069 adaptive=0.00172 lastPeak=0.00000 guard=0.060 activeAge=-1.000 pitch=-1.00Hz pitchCents=0.0
2025-12-15 22:46:16 [tracker] [s1] aubio-raw t=32.3567 onset=1.125596 env=0.000739 peak=0.001565 gain=1.000
2025-12-15 22:46:16 [tracker] [s1] onset-accepted t=32.3567 env=0.000739 gate=0.000023 envDelta=0.000716 envFloor=0.000637 onset=1.125596 thresh=0.006000 onsetDelta=1.119596 baseline=0.000424 floor=0.000180 adapt=0.001061 lastPeak=0.000000 baseParam=0.000180 gateRatio=0.0550 envParam=0.000450 onsetScale=0.300 retriggerScale=1.400 guard=0.060 guardRemain=0.000 activeAge=-1.000 retrigRemain=0.000 pitchHz=140.34 pitchCents=921.8
2025-12-15 22:46:16 [tracker] [s1] onset t=32.357 env=0.00074 gate=0.00002 envDelta=0.00072 envFloor=0.00064 onset=1.126 thresh=0.006 onsetDelta=1.11960 baseline=0.00042 adaptive=0.00106 lastPeak=0.00000 guard=0.060 activeAge=-1.000 pitch=140.34Hz pitchCents=921.8
2025-12-15 22:46:16 [tracker] [s1] note-start t=32.357 fret=24 midi=64 vel=0.01 env=0.00074
2025-12-15 22:46:17 [tracker] [s3] onset t=32.458 env=0.00159 gate=0.00008 envDelta=0.00150 envFloor=0.00093 onset=0.998 thresh=0.012 onsetDelta=0.98614 baseline=0.00062 adaptive=0.00156 lastPeak=0.00000 guard=0.060 activeAge=-1.000 pitch=-1.00Hz pitchCents=0.0
2025-12-15 22:46:17 [tracker] [s6] onset t=32.514 env=0.00184 gate=0.00021 envDelta=0.00163 envFloor=0.00127 onset=1.203 thresh=0.018 onsetDelta=1.18450 baseline=0.00085 adaptive=0.00212 lastPeak=0.00000 guard=0.060 activeAge=-1.000 pitch=-1.00Hz pitchCents=0.0
2025-12-15 22:46:17 [tracker] [s3] onset t=32.519 env=0.00174 gate=0.00009 envDelta=0.00166 envFloor=0.00100 onset=1.178 thresh=0.012 onsetDelta=1.16590 baseline=0.00067 adaptive=0.00167 lastPeak=0.00000 guard=0.060 activeAge=-1.000 pitch=-1.00Hz pitchCents=0.0
2025-12-15 22:46:17 [tracker] [s2] onset t=32.565 env=0.00117 gate=0.00001 envDelta=0.00117 envFloor=0.00099 onset=1.440 thresh=0.009 onsetDelta=1.43051 baseline=0.00066 adaptive=0.00164 lastPeak=0.00000 guard=0.060 activeAge=-1.000 pitch=94.12Hz pitchCents=-270.0
2025-12-15 22:46:17 [tracker] [s6] onset t=32.586 env=0.00176 gate=0.00020 envDelta=0.00156 envFloor=0.00123 onset=0.998 thresh=0.018 onsetDelta=0.97997 baseline=0.00082 adaptive=0.00204 lastPeak=0.00000 guard=0.060 activeAge=-1.000 pitch=-1.00Hz pitchCents=0.0
2025-12-15 22:46:17 [tracker] [s2] onset t=32.647 env=0.00221 gate=0.00001 envDelta=0.00220 envFloor=0.00094 onset=0.690 thresh=0.009 onsetDelta=0.68118 baseline=0.00063 adaptive=0.00157 lastPeak=0.00000 guard=0.060 activeAge=-1.000 pitch=1600.59Hz pitchCents=4635.6
2025-12-15 22:46:17 [tracker] [s6] onset t=32.658 env=0.00193 gate=0.00020 envDelta=0.00173 envFloor=0.00119 onset=0.987 thresh=0.018 onsetDelta=0.96935 baseline=0.00079 adaptive=0.00198 lastPeak=0.00000 guard=0.060 activeAge=-1.000 pitch=-1.00Hz pitchCents=0.0
2025-12-15 22:46:17 [tracker] [s1] aubio-raw t=32.7673 onset=0.557308 env=0.000603 peak=0.001455 gain=1.000
2025-12-15 22:46:17 [tracker] [s1] onset-below-env-floor t=32.7673 env=0.000603 gate=0.000023 envDelta=0.000580 envFloor=0.000626 onset=0.557308 thresh=0.006000 onsetDelta=0.551308 baseline=0.000417 floor=0.000180 adapt=0.001043 lastPeak=0.000342 baseParam=0.000180 gateRatio=0.0550 envParam=0.000450 onsetScale=0.300 retriggerScale=1.400 guard=0.060 guardRemain=0.000 activeAge=0.411 retrigRemain=0.000 pitchHz=-1.00 pitchCents=0.0
2025-12-15 22:46:17 [tracker] [s1] release-retrigger t=32.767 onset=0.557 gate=0.000 age=0.411
2025-12-15 22:46:17 [tracker] [s1] note-ended t=32.767 fret=24 dur=0.411
2025-12-15 22:46:17 [tracker] [s5] onset t=32.789 env=0.00166 gate=0.00015 envDelta=0.00150 envFloor=0.00109 onset=1.345 thresh=0.016 onsetDelta=1.32888 baseline=0.00073 adaptive=0.00182 lastPeak=0.00000 guard=0.060 activeAge=-1.000 pitch=-1.00Hz pitchCents=0.0
2025-12-15 22:46:17 [tracker] [s2] onset t=32.797 env=0.00124 gate=0.00001 envDelta=0.00123 envFloor=0.00104 onset=1.113 thresh=0.009 onsetDelta=1.10386 baseline=0.00069 adaptive=0.00173 lastPeak=0.00000 guard=0.060 activeAge=-1.000 pitch=-1.00Hz pitchCents=0.0
2025-12-15 22:46:17 [tracker] [s6] onset t=32.802 env=0.00200 gate=0.00022 envDelta=0.00178 envFloor=0.00132 onset=1.155 thresh=0.018 onsetDelta=1.13693 baseline=0.00088 adaptive=0.00220 lastPeak=0.00000 guard=0.060 activeAge=-1.000 pitch=-1.00Hz pitchCents=0.0
2025-12-15 22:46:17 [tracker] [s3] onset t=32.895 env=0.00151 gate=0.00008 envDelta=0.00143 envFloor=0.00093 onset=0.731 thresh=0.012 onsetDelta=0.71920 baseline=0.00062 adaptive=0.00154 lastPeak=0.00000 guard=0.060 activeAge=-1.000 pitch=-1.00Hz pitchCents=0.0
2025-12-15 22:46:17 [tracker] [s1] aubio-raw t=32.9673 onset=1.280915 env=0.000506 peak=0.001448 gain=1.000
2025-12-15 22:46:17 [tracker] [s1] onset-below-env-floor t=32.9673 env=0.000506 gate=0.000021 envDelta=0.000484 envFloor=0.000575 onset=1.280915 thresh=0.006000 onsetDelta=1.274915 baseline=0.000384 floor=0.000180 adapt=0.000959 lastPeak=0.000235 baseParam=0.000180 gateRatio=0.0550 envParam=0.000450 onsetScale=0.300 retriggerScale=1.400 guard=0.060 guardRemain=0.000 activeAge=-1.000 retrigRemain=0.000 pitchHz=-1.00 pitchCents=0.0
2025-12-15 22:46:17 [tracker] [s3] onset t=32.986 env=0.00161 gate=0.00008 envDelta=0.00153 envFloor=0.00091 onset=1.306 thresh=0.012 onsetDelta=1.29401 baseline=0.00061 adaptive=0.00152 lastPeak=0.00000 guard=0.060 activeAge=-1.000 pitch=-1.00Hz pitchCents=0.0
2025-12-15 22:46:17 [tracker] [s4] onset t=33.093 env=0.00131 gate=0.00011 envDelta=0.00120 envFloor=0.00097 onset=0.789 thresh=0.014 onsetDelta=0.77509 baseline=0.00065 adaptive=0.00162 lastPeak=0.00000 guard=0.060 activeAge=-1.000 pitch=-1.00Hz pitchCents=0.0
2025-12-15 22:46:17 [tracker] [s5] onset t=33.111 env=0.00173 gate=0.00015 envDelta=0.00158 envFloor=0.00107 onset=1.475 thresh=0.016 onsetDelta=1.45931 baseline=0.00071 adaptive=0.00178 lastPeak=0.00000 guard=0.060 activeAge=-1.000 pitch=-1.00Hz pitchCents=0.0
2025-12-15 22:46:17 [tracker] [s3] onset t=33.146 env=0.00137 gate=0.00008 envDelta=0.00129 envFloor=0.00088 onset=0.716 thresh=0.012 onsetDelta=0.70481 baseline=0.00059 adaptive=0.00147 lastPeak=0.00000 guard=0.060 activeAge=-1.000 pitch=-1.00Hz pitchCents=0.0
2025-12-15 22:46:17 [tracker] [s4] onset t=33.175 env=0.00140 gate=0.00011 envDelta=0.00129 envFloor=0.00101 onset=1.025 thresh=0.014 onsetDelta=1.01120 baseline=0.00068 adaptive=0.00169 lastPeak=0.00000 guard=0.060 activeAge=-1.000 pitch=-1.00Hz pitchCents=0.0
2025-12-15 22:46:17 [tracker] [s6] onset t=33.205 env=0.00210 gate=0.00021 envDelta=0.00189 envFloor=0.00129 onset=1.165 thresh=0.018 onsetDelta=1.14707 baseline=0.00086 adaptive=0.00215 lastPeak=0.00000 guard=0.060 activeAge=-1.000 pitch=-1.00Hz pitchCents=0.0
2025-12-15 22:46:17 [tracker] [s3] onset t=33.319 env=0.00196 gate=0.00008 envDelta=0.00188 envFloor=0.00096 onset=1.363 thresh=0.012 onsetDelta=1.35165 baseline=0.00064 adaptive=0.00160 lastPeak=0.00000 guard=0.060 activeAge=-1.000 pitch=-1.00Hz pitchCents=0.0
2025-12-15 22:46:17 [tracker] [s1] aubio-raw t=33.3353 onset=0.998089 env=0.000844 peak=0.002008 gain=1.000
2025-12-15 22:46:17 [tracker] [s1] onset-accepted t=33.3353 env=0.000844 gate=0.000023 envDelta=0.000821 envFloor=0.000626 onset=0.998089 thresh=0.006000 onsetDelta=0.992089 baseline=0.000417 floor=0.000180 adapt=0.001043 lastPeak=0.000117 baseParam=0.000180 gateRatio=0.0550 envParam=0.000450 onsetScale=0.300 retriggerScale=1.400 guard=0.060 guardRemain=0.000 activeAge=-1.000 retrigRemain=0.000 pitchHz=266.66 pitchCents=2033.0
2025-12-15 22:46:17 [tracker] [s1] onset t=33.335 env=0.00084 gate=0.00002 envDelta=0.00082 envFloor=0.00063 onset=0.998 thresh=0.006 onsetDelta=0.99209 baseline=0.00042 adaptive=0.00104 lastPeak=0.00012 guard=0.060 activeAge=-1.000 pitch=266.66Hz pitchCents=2033.0
2025-12-15 22:46:18 [tracker] [s2] onset t=33.450 env=0.00106 gate=0.00001 envDelta=0.00105 envFloor=0.00102 onset=0.817 thresh=0.009 onsetDelta=0.80797 baseline=0.00068 adaptive=0.00170 lastPeak=0.00000 guard=0.060 activeAge=-1.000 pitch=499.99Hz pitchCents=2621.3
2025-12-15 22:46:18 [tracker] [s5] onset t=33.450 env=0.00172 gate=0.00014 envDelta=0.00158 envFloor=0.00103 onset=1.150 thresh=0.016 onsetDelta=1.13415 baseline=0.00069 adaptive=0.00172 lastPeak=0.00000 guard=0.060 activeAge=-1.000 pitch=-1.00Hz pitchCents=0.0
2025-12-15 22:46:18 [tracker] [s1] aubio-raw t=33.5006 onset=1.010484 env=0.000640 peak=0.001719 gain=1.000
2025-12-15 22:46:18 [tracker] [s1] onset-accepted t=33.5006 env=0.000640 gate=0.000023 envDelta=0.000616 envFloor=0.000639 onset=1.010484 thresh=0.006000 onsetDelta=1.004484 baseline=0.000426 floor=0.000180 adapt=0.001065 lastPeak=0.000086 baseParam=0.000180 gateRatio=0.0550 envParam=0.000450 onsetScale=0.300 retriggerScale=1.400 guard=0.060 guardRemain=0.000 activeAge=-1.000 retrigRemain=0.000 pitchHz=-1.00 pitchCents=0.0
2025-12-15 22:46:18 [tracker] [s1] onset t=33.501 env=0.00064 gate=0.00002 envDelta=0.00062 envFloor=0.00064 onset=1.010 thresh=0.006 onsetDelta=1.00448 baseline=0.00043 adaptive=0.00106 lastPeak=0.00009 guard=0.060 activeAge=-1.000 pitch=-1.00Hz pitchCents=0.0
2025-12-15 22:46:18 [tracker] [s5] onset t=33.546 env=0.00157 gate=0.00015 envDelta=0.00142 envFloor=0.00107 onset=1.058 thresh=0.016 onsetDelta=1.04232 baseline=0.00071 adaptive=0.00178 lastPeak=0.00000 guard=0.060 activeAge=-1.000 pitch=-1.00Hz pitchCents=0.0
2025-12-15 22:46:18 [tracker] [s3] onset t=33.597 env=0.00152 gate=0.00008 envDelta=0.00144 envFloor=0.00098 onset=1.105 thresh=0.012 onsetDelta=1.09389 baseline=0.00065 adaptive=0.00163 lastPeak=0.00000 guard=0.060 activeAge=-1.000 pitch=-1.00Hz pitchCents=0.0
2025-12-15 22:46:18 [tracker] [s6] onset t=33.599 env=0.00204 gate=0.00022 envDelta=0.00182 envFloor=0.00132 onset=1.414 thresh=0.018 onsetDelta=1.39595 baseline=0.00088 adaptive=0.00219 lastPeak=0.00000 guard=0.060 activeAge=-1.000 pitch=-1.00Hz pitchCents=0.0
2025-12-15 22:46:18 [tracker] [s1] aubio-raw t=33.6206 onset=0.846840 env=0.000816 peak=0.002008 gain=1.000
2025-12-15 22:46:18 [tracker] [s1] onset-accepted t=33.6206 env=0.000816 gate=0.000023 envDelta=0.000794 envFloor=0.000620 onset=0.846840 thresh=0.006000 onsetDelta=0.840840 baseline=0.000413 floor=0.000180 adapt=0.001033 lastPeak=0.000069 baseParam=0.000180 gateRatio=0.0550 envParam=0.000450 onsetScale=0.300 retriggerScale=1.400 guard=0.060 guardRemain=0.000 activeAge=-1.000 retrigRemain=0.000 pitchHz=-1.00 pitchCents=0.0
2025-12-15 22:46:18 [tracker] [s1] onset t=33.621 env=0.00082 gate=0.00002 envDelta=0.00079 envFloor=0.00062 onset=0.847 thresh=0.006 onsetDelta=0.84084 baseline=0.00041 adaptive=0.00103 lastPeak=0.00007 guard=0.060 activeAge=-1.000 pitch=-1.00Hz pitchCents=0.0
2025-12-15 22:46:18 [tracker] [s5] onset t=33.658 env=0.00165 gate=0.00016 envDelta=0.00150 envFloor=0.00111 onset=0.999 thresh=0.016 onsetDelta=0.98339 baseline=0.00074 adaptive=0.00185 lastPeak=0.00000 guard=0.060 activeAge=-1.000 pitch=-1.00Hz pitchCents=0.0
2025-12-15 22:46:18 [tracker] [s3] onset t=33.674 env=0.00149 gate=0.00008 envDelta=0.00140 envFloor=0.00096 onset=1.032 thresh=0.012 onsetDelta=1.02047 baseline=0.00064 adaptive=0.00161 lastPeak=0.00000 guard=0.060 activeAge=-1.000 pitch=-1.00Hz pitchCents=0.0
2025-12-15 22:46:18 [tracker] [s1] aubio-raw t=33.7219 onset=1.111955 env=0.000687 peak=0.001752 gain=1.000
2025-12-15 22:46:18 [tracker] [s1] onset-accepted t=33.7219 env=0.000687 gate=0.000023 envDelta=0.000664 envFloor=0.000621 onset=1.111955 thresh=0.006000 onsetDelta=1.105955 baseline=0.000414 floor=0.000180 adapt=0.001034 lastPeak=0.000057 baseParam=0.000180 gateRatio=0.0550 envParam=0.000450 onsetScale=0.300 retriggerScale=1.400 guard=0.060 guardRemain=0.000 activeAge=-1.000 retrigRemain=0.000 pitchHz=666.83 pitchCents=3619.8
2025-12-15 22:46:18 [tracker] [s1] onset t=33.722 env=0.00069 gate=0.00002 envDelta=0.00066 envFloor=0.00062 onset=1.112 thresh=0.006 onsetDelta=1.10596 baseline=0.00041 adaptive=0.00103 lastPeak=0.00006 guard=0.060 activeAge=-1.000 pitch=666.83Hz pitchCents=3619.8
2025-12-15 22:46:18 [tracker] [s2] onset t=33.725 env=0.00103 gate=0.00001 envDelta=0.00102 envFloor=0.00099 onset=0.946 thresh=0.009 onsetDelta=0.93702 baseline=0.00066 adaptive=0.00164 lastPeak=0.00000 guard=0.060 activeAge=-1.000 pitch=94.11Hz pitchCents=-270.1
2025-12-15 22:46:18 [tracker] [s5] onset t=33.919 env=0.00196 gate=0.00015 envDelta=0.00181 envFloor=0.00110 onset=0.802 thresh=0.016 onsetDelta=0.78555 baseline=0.00073 adaptive=0.00183 lastPeak=0.00000 guard=0.060 activeAge=-1.000 pitch=-1.00Hz pitchCents=0.0
2025-12-15 22:46:18 [tracker] [s3] onset t=33.975 env=0.00142 gate=0.00008 envDelta=0.00134 envFloor=0.00093 onset=0.755 thresh=0.012 onsetDelta=0.74314 baseline=0.00062 adaptive=0.00154 lastPeak=0.00000 guard=0.060 activeAge=-1.000 pitch=-1.00Hz pitchCents=0.0
2025-12-15 22:46:18 [tracker] [s2] onset t=34.021 env=0.00213 gate=0.00001 envDelta=0.00212 envFloor=0.00110 onset=0.999 thresh=0.009 onsetDelta=0.99027 baseline=0.00074 adaptive=0.00184 lastPeak=0.00000 guard=0.060 activeAge=-1.000 pitch=-1.00Hz pitchCents=0.0
2025-12-15 22:46:18 [tracker] [s4] onset t=34.037 env=0.00162 gate=0.00011 envDelta=0.00151 envFloor=0.00100 onset=0.989 thresh=0.014 onsetDelta=0.97498 baseline=0.00066 adaptive=0.00166 lastPeak=0.00000 guard=0.060 activeAge=-1.000 pitch=-1.00Hz pitchCents=0.0
2025-12-15 22:46:18 [tracker] [s4] onset t=34.117 env=0.00136 gate=0.00011 envDelta=0.00125 envFloor=0.00100 onset=0.717 thresh=0.014 onsetDelta=0.70260 baseline=0.00067 adaptive=0.00167 lastPeak=0.00000 guard=0.060 activeAge=-1.000 pitch=-1.00Hz pitchCents=0.0
2025-12-15 22:46:18 [tracker] [s1] aubio-raw t=34.1432 onset=1.048729 env=0.001095 peak=0.002477 gain=1.000
2025-12-15 22:46:18 [tracker] [s1] onset-accepted t=34.1432 env=0.001095 gate=0.000022 envDelta=0.001073 envFloor=0.000604 onset=1.048729 thresh=0.006000 onsetDelta=1.042729 baseline=0.000403 floor=0.000180 adapt=0.001007 lastPeak=0.000026 baseParam=0.000180 gateRatio=0.0550 envParam=0.000450 onsetScale=0.300 retriggerScale=1.400 guard=0.060 guardRemain=0.000 activeAge=-1.000 retrigRemain=0.000 pitchHz=-1.00 pitchCents=0.0
2025-12-15 22:46:18 [tracker] [s1] onset t=34.143 env=0.00109 gate=0.00002 envDelta=0.00107 envFloor=0.00060 onset=1.049 thresh=0.006 onsetDelta=1.04273 baseline=0.00040 adaptive=0.00101 lastPeak=0.00003 guard=0.060 activeAge=-1.000 pitch=-1.00Hz pitchCents=0.0
2025-12-15 22:46:18 [tracker] [s2] onset t=34.295 env=0.00215 gate=0.00001 envDelta=0.00214 envFloor=0.00101 onset=0.739 thresh=0.009 onsetDelta=0.73029 baseline=0.00067 adaptive=0.00168 lastPeak=0.00000 guard=0.060 activeAge=-1.000 pitch=-1.00Hz pitchCents=0.0
2025-12-15 22:46:18 [tracker] [s6] onset t=34.349 env=0.00217 gate=0.00021 envDelta=0.00195 envFloor=0.00128 onset=0.992 thresh=0.018 onsetDelta=0.97448 baseline=0.00085 adaptive=0.00213 lastPeak=0.00000 guard=0.060 activeAge=-1.000 pitch=-1.00Hz pitchCents=0.0
2025-12-15 22:46:19 [tracker] [s2] onset t=34.466 env=0.00186 gate=0.00001 envDelta=0.00186 envFloor=0.00098 onset=1.052 thresh=0.009 onsetDelta=1.04275 baseline=0.00066 adaptive=0.00164 lastPeak=0.00000 guard=0.060 activeAge=-1.000 pitch=95.24Hz pitchCents=-249.4
2025-12-15 22:46:19 [tracker] [s3] onset t=34.533 env=0.00120 gate=0.00008 envDelta=0.00112 envFloor=0.00088 onset=0.907 thresh=0.012 onsetDelta=0.89548 baseline=0.00058 adaptive=0.00146 lastPeak=0.00000 guard=0.060 activeAge=-1.000 pitch=-1.00Hz pitchCents=0.0
2025-12-15 22:46:19 [tracker] [s3] onset t=34.597 env=0.00123 gate=0.00008 envDelta=0.00115 envFloor=0.00093 onset=0.901 thresh=0.012 onsetDelta=0.88926 baseline=0.00062 adaptive=0.00154 lastPeak=0.00000 guard=0.060 activeAge=-1.000 pitch=-1.00Hz pitchCents=0.0
2025-12-15 22:46:19 [tracker] [s4] onset t=34.618 env=0.00118 gate=0.00011 envDelta=0.00107 envFloor=0.00098 onset=0.997 thresh=0.014 onsetDelta=0.98327 baseline=0.00065 adaptive=0.00163 lastPeak=0.00000 guard=0.060 activeAge=-1.000 pitch=-1.00Hz pitchCents=0.0
2025-12-15 22:46:19 [tracker] [s6] onset t=34.687 env=0.00227 gate=0.00021 envDelta=0.00206 envFloor=0.00129 onset=1.190 thresh=0.018 onsetDelta=1.17212 baseline=0.00086 adaptive=0.00214 lastPeak=0.00000 guard=0.060 activeAge=-1.000 pitch=-1.00Hz pitchCents=0.0
2025-12-15 22:46:19 [tracker] [s4] onset t=34.743 env=0.00181 gate=0.00011 envDelta=0.00170 envFloor=0.00101 onset=1.273 thresh=0.014 onsetDelta=1.25902 baseline=0.00067 adaptive=0.00168 lastPeak=0.00000 guard=0.060 activeAge=-1.000 pitch=-1.00Hz pitchCents=0.0
2025-12-15 22:46:19 [tracker] [s5] onset t=34.804 env=0.00137 gate=0.00016 envDelta=0.00121 envFloor=0.00116 onset=1.186 thresh=0.016 onsetDelta=1.17006 baseline=0.00077 adaptive=0.00193 lastPeak=0.00000 guard=0.060 activeAge=-1.000 pitch=-1.00Hz pitchCents=0.0
2025-12-15 22:46:19 [tracker] [s2] onset t=34.887 env=0.00176 gate=0.00001 envDelta=0.00175 envFloor=0.00099 onset=0.548 thresh=0.009 onsetDelta=0.53922 baseline=0.00066 adaptive=0.00165 lastPeak=0.00000 guard=0.060 activeAge=-1.000 pitch=235.30Hz pitchCents=1316.4
2025-12-15 22:46:19 [tracker] [s6] onset t=34.983 env=0.00234 gate=0.00020 envDelta=0.00214 envFloor=0.00121 onset=1.104 thresh=0.018 onsetDelta=1.08649 baseline=0.00081 adaptive=0.00202 lastPeak=0.00000 guard=0.060 activeAge=-1.000 pitch=-1.00Hz pitchCents=0.0
2025-12-15 22:46:19 [tracker] [s1] aubio-raw t=35.1618 onset=1.077146 env=0.000703 peak=0.001819 gain=1.000
2025-12-15 22:46:19 [tracker] [s1] onset-accepted t=35.1618 env=0.000703 gate=0.000021 envDelta=0.000683 envFloor=0.000565 onset=1.077146 thresh=0.006000 onsetDelta=1.071146 baseline=0.000377 floor=0.000180 adapt=0.000942 lastPeak=0.000004 baseParam=0.000180 gateRatio=0.0550 envParam=0.000450 onsetScale=0.300 retriggerScale=1.400 guard=0.060 guardRemain=0.000 activeAge=-1.000 retrigRemain=0.000 pitchHz=-1.00 pitchCents=0.0
2025-12-15 22:46:19 [tracker] [s1] onset t=35.162 env=0.00070 gate=0.00002 envDelta=0.00068 envFloor=0.00056 onset=1.077 thresh=0.006 onsetDelta=1.07115 baseline=0.00038 adaptive=0.00094 lastPeak=0.00000 guard=0.060 activeAge=-1.000 pitch=-1.00Hz pitchCents=0.0
2025-12-15 22:46:19 [tracker] [s1] aubio-raw t=35.2285 onset=0.999571 env=0.000877 peak=0.002218 gain=1.000
2025-12-15 22:46:19 [tracker] [s1] onset-accepted t=35.2285 env=0.000877 gate=0.000023 envDelta=0.000854 envFloor=0.000616 onset=0.999571 thresh=0.006000 onsetDelta=0.993571 baseline=0.000411 floor=0.000180 adapt=0.001026 lastPeak=0.000003 baseParam=0.000180 gateRatio=0.0550 envParam=0.000450 onsetScale=0.300 retriggerScale=1.400 guard=0.060 guardRemain=0.000 activeAge=-1.000 retrigRemain=0.000 pitchHz=94.11 pitchCents=229.9
2025-12-15 22:46:19 [tracker] [s1] onset t=35.228 env=0.00088 gate=0.00002 envDelta=0.00085 envFloor=0.00062 onset=1.000 thresh=0.006 onsetDelta=0.99357 baseline=0.00041 adaptive=0.00103 lastPeak=0.00000 guard=0.060 activeAge=-1.000 pitch=94.11Hz pitchCents=229.9
2025-12-15 22:46:19 [tracker] [s4] onset t=35.287 env=0.00112 gate=0.00011 envDelta=0.00101 envFloor=0.00095 onset=1.120 thresh=0.014 onsetDelta=1.10611 baseline=0.00064 adaptive=0.00159 lastPeak=0.00000 guard=0.060 activeAge=-1.000 pitch=-1.00Hz pitchCents=0.0
2025-12-15 22:46:20 [tracker] [s3] onset t=35.444 env=0.00128 gate=0.00008 envDelta=0.00119 envFloor=0.00094 onset=0.995 thresh=0.012 onsetDelta=0.98344 baseline=0.00063 adaptive=0.00157 lastPeak=0.00000 guard=0.060 activeAge=-1.000 pitch=-1.00Hz pitchCents=0.0
2025-12-15 22:46:20 [tracker] [s4] onset t=35.444 env=0.00166 gate=0.00011 envDelta=0.00155 envFloor=0.00101 onset=0.986 thresh=0.014 onsetDelta=0.97243 baseline=0.00068 adaptive=0.00169 lastPeak=0.00000 guard=0.060 activeAge=-1.000 pitch=-1.00Hz pitchCents=0.0
2025-12-15 22:46:20 [tracker] [s3] onset t=35.575 env=0.00168 gate=0.00008 envDelta=0.00160 envFloor=0.00096 onset=0.996 thresh=0.012 onsetDelta=0.98433 baseline=0.00064 adaptive=0.00161 lastPeak=0.00000 guard=0.060 activeAge=-1.000 pitch=-1.00Hz pitchCents=0.0
2025-12-15 22:46:20 [tracker] [s5] onset t=35.639 env=0.00147 gate=0.00015 envDelta=0.00133 envFloor=0.00104 onset=1.219 thresh=0.016 onsetDelta=1.20253 baseline=0.00069 adaptive=0.00174 lastPeak=0.00000 guard=0.060 activeAge=-1.000 pitch=-1.00Hz pitchCents=0.0
2025-12-15 22:46:20 [tracker] [s2] onset t=35.671 env=0.00134 gate=0.00001 envDelta=0.00134 envFloor=0.00095 onset=0.999 thresh=0.009 onsetDelta=0.98987 baseline=0.00063 adaptive=0.00158 lastPeak=0.00000 guard=0.060 activeAge=-1.000 pitch=249.99Hz pitchCents=1421.2
2025-12-15 22:46:20 [tracker] [s2] note-start t=35.671 fret=0 midi=45 vel=0.02 env=0.00134
2025-12-15 22:46:20 [tracker] [s3] onset t=35.738 env=0.00164 gate=0.00008 envDelta=0.00156 envFloor=0.00091 onset=0.954 thresh=0.012 onsetDelta=0.94270 baseline=0.00060 adaptive=0.00151 lastPeak=0.00000 guard=0.060 activeAge=-1.000 pitch=-1.00Hz pitchCents=0.0
2025-12-15 22:46:20 [tracker] [s2] onset t=35.778 env=0.00150 gate=0.00001 envDelta=0.00149 envFloor=0.00100 onset=0.950 thresh=0.009 onsetDelta=0.94067 baseline=0.00099 adaptive=0.00166 lastPeak=0.00110 guard=0.060 activeAge=0.107 pitch=-1.00Hz pitchCents=0.0
2025-12-15 22:46:20 [tracker] [s2] note-ended (new onset) t=35.778 fret=0 dur=0.107
2025-12-15 22:46:20 [tracker] [s4] onset t=35.879 env=0.00193 gate=0.00012 envDelta=0.00181 envFloor=0.00105 onset=1.061 thresh=0.014 onsetDelta=1.04653 baseline=0.00070 adaptive=0.00175 lastPeak=0.00000 guard=0.060 activeAge=-1.000 pitch=-1.00Hz pitchCents=0.0
2025-12-15 22:46:20 [tracker] [s3] onset t=35.890 env=0.00120 gate=0.00008 envDelta=0.00112 envFloor=0.00094 onset=0.921 thresh=0.012 onsetDelta=0.90988 baseline=0.00063 adaptive=0.00156 lastPeak=0.00000 guard=0.060 activeAge=-1.000 pitch=-1.00Hz pitchCents=0.0
2025-12-15 22:46:20 [tracker] [s6] onset t=35.890 env=0.00202 gate=0.00021 envDelta=0.00181 envFloor=0.00125 onset=1.077 thresh=0.018 onsetDelta=1.05882 baseline=0.00083 adaptive=0.00209 lastPeak=0.00000 guard=0.060 activeAge=-1.000 pitch=-1.00Hz pitchCents=0.0
2025-12-15 22:46:20 [tracker] [s6] onset t=35.988 env=0.00164 gate=0.00020 envDelta=0.00144 envFloor=0.00120 onset=0.666 thresh=0.018 onsetDelta=0.64764 baseline=0.00080 adaptive=0.00199 lastPeak=0.00000 guard=0.060 activeAge=-1.000 pitch=-1.00Hz pitchCents=0.0
2025-12-15 22:46:20 [tracker] [s2] onset t=35.991 env=0.00123 gate=0.00001 envDelta=0.00122 envFloor=0.00098 onset=1.047 thresh=0.009 onsetDelta=1.03759 baseline=0.00066 adaptive=0.00163 lastPeak=0.00074 guard=0.060 activeAge=-1.000 pitch=571.34Hz pitchCents=2852.2
2025-12-15 22:46:20 [tracker] [s4] onset t=35.991 env=0.00137 gate=0.00011 envDelta=0.00126 envFloor=0.00094 onset=1.254 thresh=0.014 onsetDelta=1.23981 baseline=0.00063 adaptive=0.00157 lastPeak=0.00000 guard=0.060 activeAge=-1.000 pitch=-1.00Hz pitchCents=0.0
2025-12-15 22:46:20 [tracker] [s6] onset t=36.055 env=0.00168 gate=0.00019 envDelta=0.00149 envFloor=0.00114 onset=1.452 thresh=0.018 onsetDelta=1.43373 baseline=0.00076 adaptive=0.00190 lastPeak=0.00000 guard=0.060 activeAge=-1.000 pitch=-1.00Hz pitchCents=0.0
2025-12-15 22:46:20 [tracker] [s5] onset t=36.188 env=0.00169 gate=0.00015 envDelta=0.00154 envFloor=0.00104 onset=1.398 thresh=0.016 onsetDelta=1.38220 baseline=0.00069 adaptive=0.00173 lastPeak=0.00000 guard=0.060 activeAge=-1.000 pitch=-1.00Hz pitchCents=0.0
2025-12-15 22:46:20 [tracker] [s3] onset t=36.194 env=0.00165 gate=0.00008 envDelta=0.00157 envFloor=0.00093 onset=0.923 thresh=0.012 onsetDelta=0.91156 baseline=0.00062 adaptive=0.00154 lastPeak=0.00000 guard=0.060 activeAge=-1.000 pitch=-1.00Hz pitchCents=0.0
2025-12-15 22:46:20 [tracker] [s1] aubio-raw t=36.3004 onset=1.152522 env=0.000830 peak=0.001802 gain=1.000
2025-12-15 22:46:20 [tracker] [s1] onset-accepted t=36.3004 env=0.000830 gate=0.000021 envDelta=0.000808 envFloor=0.000584 onset=1.152522 thresh=0.006000 onsetDelta=1.146522 baseline=0.000390 floor=0.000180 adapt=0.000974 lastPeak=0.000000 baseParam=0.000180 gateRatio=0.0550 envParam=0.000450 onsetScale=0.300 retriggerScale=1.400 guard=0.060 guardRemain=0.000 activeAge=-1.000 retrigRemain=0.000 pitchHz=-1.00 pitchCents=0.0
2025-12-15 22:46:20 [tracker] [s1] onset t=36.300 env=0.00083 gate=0.00002 envDelta=0.00081 envFloor=0.00058 onset=1.153 thresh=0.006 onsetDelta=1.14652 baseline=0.00039 adaptive=0.00097 lastPeak=0.00000 guard=0.060 activeAge=-1.000 pitch=-1.00Hz pitchCents=0.0
2025-12-15 22:46:20 [tracker] [s2] onset t=36.423 env=0.00143 gate=0.00001 envDelta=0.00142 envFloor=0.00099 onset=1.264 thresh=0.009 onsetDelta=1.25488 baseline=0.00066 adaptive=0.00165 lastPeak=0.00033 guard=0.060 activeAge=-1.000 pitch=-1.00Hz pitchCents=0.0
2025-12-15 22:46:21 [tracker] [s1] aubio-raw t=36.4710 onset=1.417141 env=0.000853 peak=0.001821 gain=1.000
2025-12-15 22:46:21 [tracker] [s1] onset-accepted t=36.4710 env=0.000853 gate=0.000023 envDelta=0.000830 envFloor=0.000625 onset=1.417141 thresh=0.006000 onsetDelta=1.411141 baseline=0.000417 floor=0.000180 adapt=0.001042 lastPeak=0.000000 baseParam=0.000180 gateRatio=0.0550 envParam=0.000450 onsetScale=0.300 retriggerScale=1.400 guard=0.060 guardRemain=0.000 activeAge=-1.000 retrigRemain=0.000 pitchHz=186.05 pitchCents=1409.8
2025-12-15 22:46:21 [tracker] [s1] onset t=36.471 env=0.00085 gate=0.00002 envDelta=0.00083 envFloor=0.00063 onset=1.417 thresh=0.006 onsetDelta=1.41114 baseline=0.00042 adaptive=0.00104 lastPeak=0.00000 guard=0.060 activeAge=-1.000 pitch=186.05Hz pitchCents=1409.8
2025-12-15 22:46:21 [tracker] [s5] onset t=36.487 env=0.00157 gate=0.00015 envDelta=0.00143 envFloor=0.00104 onset=1.093 thresh=0.016 onsetDelta=1.07689 baseline=0.00069 adaptive=0.00173 lastPeak=0.00000 guard=0.060 activeAge=-1.000 pitch=-1.00Hz pitchCents=0.0
2025-12-15 22:46:21 [tracker] [s1] aubio-raw t=36.5430 onset=0.570615 env=0.000748 peak=0.002215 gain=1.000
2025-12-15 22:46:21 [tracker] [s1] onset-accepted t=36.5430 env=0.000748 gate=0.000022 envDelta=0.000726 envFloor=0.000610 onset=0.570615 thresh=0.006000 onsetDelta=0.564615 baseline=0.000407 floor=0.000180 adapt=0.001017 lastPeak=0.000000 baseParam=0.000180 gateRatio=0.0550 envParam=0.000450 onsetScale=0.300 retriggerScale=1.400 guard=0.060 guardRemain=0.000 activeAge=-1.000 retrigRemain=0.000 pitchHz=-1.00 pitchCents=0.0
2025-12-15 22:46:21 [tracker] [s1] onset t=36.543 env=0.00075 gate=0.00002 envDelta=0.00073 envFloor=0.00061 onset=0.571 thresh=0.006 onsetDelta=0.56462 baseline=0.00041 adaptive=0.00102 lastPeak=0.00000 guard=0.060 activeAge=-1.000 pitch=-1.00Hz pitchCents=0.0
2025-12-15 22:46:21 [tracker] [s6] onset t=36.690 env=0.00192 gate=0.00021 envDelta=0.00171 envFloor=0.00126 onset=0.999 thresh=0.018 onsetDelta=0.98105 baseline=0.00084 adaptive=0.00210 lastPeak=0.00000 guard=0.060 activeAge=-1.000 pitch=-1.00Hz pitchCents=0.0
2025-12-15 22:46:21 [tracker] [s2] onset t=36.759 env=0.00134 gate=0.00001 envDelta=0.00133 envFloor=0.00089 onset=1.075 thresh=0.009 onsetDelta=1.06582 baseline=0.00059 adaptive=0.00149 lastPeak=0.00017 guard=0.060 activeAge=-1.000 pitch=-1.00Hz pitchCents=0.0
2025-12-15 22:46:21 [tracker] [s6] onset t=36.764 env=0.00162 gate=0.00020 envDelta=0.00142 envFloor=0.00118 onset=1.197 thresh=0.018 onsetDelta=1.17887 baseline=0.00079 adaptive=0.00197 lastPeak=0.00000 guard=0.060 activeAge=-1.000 pitch=-1.00Hz pitchCents=0.0
2025-12-15 22:46:21 [tracker] [s6] onset t=36.879 env=0.00197 gate=0.00021 envDelta=0.00176 envFloor=0.00123 onset=0.980 thresh=0.018 onsetDelta=0.96245 baseline=0.00082 adaptive=0.00205 lastPeak=0.00000 guard=0.060 activeAge=-1.000 pitch=-1.00Hz pitchCents=0.0
2025-12-15 22:46:21 [tracker] [s2] onset t=36.895 env=0.00151 gate=0.00001 envDelta=0.00151 envFloor=0.00099 onset=1.184 thresh=0.009 onsetDelta=1.17472 baseline=0.00066 adaptive=0.00165 lastPeak=0.00013 guard=0.060 activeAge=-1.000 pitch=-1.00Hz pitchCents=0.0
2025-12-15 22:46:21 [tracker] [s3] onset t=36.911 env=0.00156 gate=0.00008 envDelta=0.00148 envFloor=0.00089 onset=0.680 thresh=0.012 onsetDelta=0.66844 baseline=0.00060 adaptive=0.00149 lastPeak=0.00000 guard=0.060 activeAge=-1.000 pitch=-1.00Hz pitchCents=0.0
2025-12-15 22:46:21 [tracker] [s4] onset t=36.938 env=0.00159 gate=0.00011 envDelta=0.00148 envFloor=0.00099 onset=0.896 thresh=0.014 onsetDelta=0.88231 baseline=0.00066 adaptive=0.00165 lastPeak=0.00000 guard=0.060 activeAge=-1.000 pitch=-1.00Hz pitchCents=0.0
2025-12-15 22:46:21 [tracker] [s2] onset t=36.954 env=0.00196 gate=0.00001 envDelta=0.00195 envFloor=0.00102 onset=0.993 thresh=0.009 onsetDelta=0.98394 baseline=0.00068 adaptive=0.00170 lastPeak=0.00012 guard=0.060 activeAge=-1.000 pitch=-1.00Hz pitchCents=0.0
2025-12-15 22:46:21 [tracker] [s1] aubio-raw t=36.9643 onset=0.982169 env=0.000951 peak=0.002599 gain=1.000
2025-12-15 22:46:21 [tracker] [s1] onset-accepted t=36.9643 env=0.000951 gate=0.000024 envDelta=0.000927 envFloor=0.000668 onset=0.982169 thresh=0.006000 onsetDelta=0.976169 baseline=0.000445 floor=0.000180 adapt=0.001114 lastPeak=0.000000 baseParam=0.000180 gateRatio=0.0550 envParam=0.000450 onsetScale=0.300 retriggerScale=1.400 guard=0.060 guardRemain=0.000 activeAge=-1.000 retrigRemain=0.000 pitchHz=-1.00 pitchCents=0.0
2025-12-15 22:46:21 [tracker] [s1] onset t=36.964 env=0.00095 gate=0.00002 envDelta=0.00093 envFloor=0.00067 onset=0.982 thresh=0.006 onsetDelta=0.97617 baseline=0.00045 adaptive=0.00111 lastPeak=0.00000 guard=0.060 activeAge=-1.000 pitch=-1.00Hz pitchCents=0.0
2025-12-15 22:46:21 [tracker] [s5] onset t=36.988 env=0.00151 gate=0.00016 envDelta=0.00136 envFloor=0.00111 onset=1.002 thresh=0.016 onsetDelta=0.98648 baseline=0.00074 adaptive=0.00185 lastPeak=0.00000 guard=0.060 activeAge=-1.000 pitch=-1.00Hz pitchCents=0.0
2025-12-15 22:46:21 [tracker] [s3] onset t=37.039 env=0.00190 gate=0.00008 envDelta=0.00181 envFloor=0.00096 onset=0.995 thresh=0.012 onsetDelta=0.98371 baseline=0.00064 adaptive=0.00161 lastPeak=0.00000 guard=0.060 activeAge=-1.000 pitch=-1.00Hz pitchCents=0.0
2025-12-15 22:46:21 [tracker] [s1] aubio-raw t=37.1083 onset=1.021243 env=0.000609 peak=0.001995 gain=1.000
2025-12-15 22:46:21 [tracker] [s1] onset-accepted t=37.1083 env=0.000609 gate=0.000022 envDelta=0.000587 envFloor=0.000597 onset=1.021243 thresh=0.006000 onsetDelta=1.015243 baseline=0.000398 floor=0.000180 adapt=0.000995 lastPeak=0.000000 baseParam=0.000180 gateRatio=0.0550 envParam=0.000450 onsetScale=0.300 retriggerScale=1.400 guard=0.060 guardRemain=0.000 activeAge=-1.000 retrigRemain=0.000 pitchHz=1599.52 pitchCents=5134.5
2025-12-15 22:46:21 [tracker] [s1] onset t=37.108 env=0.00061 gate=0.00002 envDelta=0.00059 envFloor=0.00060 onset=1.021 thresh=0.006 onsetDelta=1.01524 baseline=0.00040 adaptive=0.00100 lastPeak=0.00000 guard=0.060 activeAge=-1.000 pitch=1599.52Hz pitchCents=5134.5
2025-12-15 22:46:21 [tracker] [s1] aubio-raw t=37.2470 onset=1.021720 env=0.001279 peak=0.002798 gain=1.000
2025-12-15 22:46:21 [tracker] [s1] onset-accepted t=37.2470 env=0.001279 gate=0.000022 envDelta=0.001257 envFloor=0.000606 onset=1.021720 thresh=0.006000 onsetDelta=1.015720 baseline=0.000404 floor=0.000180 adapt=0.001010 lastPeak=0.000000 baseParam=0.000180 gateRatio=0.0550 envParam=0.000450 onsetScale=0.300 retriggerScale=1.400 guard=0.060 guardRemain=0.000 activeAge=-1.000 retrigRemain=0.000 pitchHz=242.46 pitchCents=1868.3
2025-12-15 22:46:21 [tracker] [s1] onset t=37.247 env=0.00128 gate=0.00002 envDelta=0.00126 envFloor=0.00061 onset=1.022 thresh=0.006 onsetDelta=1.01572 baseline=0.00040 adaptive=0.00101 lastPeak=0.00000 guard=0.060 activeAge=-1.000 pitch=242.46Hz pitchCents=1868.3
2025-12-15 22:46:21 [tracker] [s3] onset t=37.319 env=0.00156 gate=0.00008 envDelta=0.00148 envFloor=0.00098 onset=0.998 thresh=0.012 onsetDelta=0.98663 baseline=0.00065 adaptive=0.00163 lastPeak=0.00000 guard=0.060 activeAge=-1.000 pitch=-1.00Hz pitchCents=0.0
2025-12-15 22:46:22 [tracker] [s6] onset t=37.530 env=0.00172 gate=0.00020 envDelta=0.00151 envFloor=0.00121 onset=0.975 thresh=0.018 onsetDelta=0.95650 baseline=0.00081 adaptive=0.00202 lastPeak=0.00000 guard=0.060 activeAge=-1.000 pitch=-1.00Hz pitchCents=0.0
2025-12-15 22:46:22 [tracker] [s2] onset t=37.698 env=0.00136 gate=0.00001 envDelta=0.00135 envFloor=0.00093 onset=0.878 thresh=0.009 onsetDelta=0.86885 baseline=0.00062 adaptive=0.00155 lastPeak=0.00003 guard=0.060 activeAge=-1.000 pitch=-1.00Hz pitchCents=0.0
2025-12-15 22:46:22 [tracker] [s6] onset t=37.738 env=0.00211 gate=0.00021 envDelta=0.00190 envFloor=0.00124 onset=0.694 thresh=0.018 onsetDelta=0.67650 baseline=0.00083 adaptive=0.00207 lastPeak=0.00000 guard=0.060 activeAge=-1.000 pitch=-1.00Hz pitchCents=0.0
2025-12-15 22:46:22 [tracker] [s2] onset t=37.863 env=0.00156 gate=0.00001 envDelta=0.00155 envFloor=0.00094 onset=1.141 thresh=0.009 onsetDelta=1.13196 baseline=0.00062 adaptive=0.00156 lastPeak=0.00002 guard=0.060 activeAge=-1.000 pitch=500.07Hz pitchCents=2621.6
2025-12-15 22:46:22 [tracker] [s5] onset t=37.956 env=0.00174 gate=0.00014 envDelta=0.00160 envFloor=0.00102 onset=1.000 thresh=0.016 onsetDelta=0.98439 baseline=0.00068 adaptive=0.00170 lastPeak=0.00000 guard=0.060 activeAge=-1.000 pitch=-1.00Hz pitchCents=0.0
2025-12-15 22:46:22 [tracker] [s5] onset t=38.071 env=0.00214 gate=0.00015 envDelta=0.00199 envFloor=0.00107 onset=0.995 thresh=0.016 onsetDelta=0.97948 baseline=0.00072 adaptive=0.00179 lastPeak=0.00000 guard=0.060 activeAge=-1.000 pitch=-1.00Hz pitchCents=0.0
2025-12-15 22:46:22 [tracker] [s6] onset t=38.116 env=0.00212 gate=0.00021 envDelta=0.00191 envFloor=0.00125 onset=0.602 thresh=0.018 onsetDelta=0.58419 baseline=0.00083 adaptive=0.00208 lastPeak=0.00000 guard=0.060 activeAge=-1.000 pitch=-1.00Hz pitchCents=0.0
2025-12-15 22:46:22 [tracker] [s5] onset t=38.130 env=0.00144 gate=0.00016 envDelta=0.00128 envFloor=0.00112 onset=0.979 thresh=0.016 onsetDelta=0.96343 baseline=0.00075 adaptive=0.00187 lastPeak=0.00000 guard=0.060 activeAge=-1.000 pitch=-1.00Hz pitchCents=0.0
2025-12-15 22:46:22 [tracker] [s2] onset t=38.146 env=0.00216 gate=0.00001 envDelta=0.00215 envFloor=0.00102 onset=0.996 thresh=0.009 onsetDelta=0.98699 baseline=0.00068 adaptive=0.00170 lastPeak=0.00001 guard=0.060 activeAge=-1.000 pitch=-1.00Hz pitchCents=0.0
2025-12-15 22:46:22 [tracker] [s3] onset t=38.180 env=0.00132 gate=0.00008 envDelta=0.00123 envFloor=0.00095 onset=0.840 thresh=0.012 onsetDelta=0.82873 baseline=0.00064 adaptive=0.00159 lastPeak=0.00000 guard=0.060 activeAge=-1.000 pitch=-1.00Hz pitchCents=0.0
2025-12-15 22:46:22 [tracker] [s4] onset t=38.204 env=0.00146 gate=0.00011 envDelta=0.00134 envFloor=0.00100 onset=1.294 thresh=0.014 onsetDelta=1.28009 baseline=0.00066 adaptive=0.00166 lastPeak=0.00000 guard=0.060 activeAge=-1.000 pitch=-1.00Hz pitchCents=0.0
2025-12-15 22:46:22 [tracker] [s1] aubio-raw t=38.3909 onset=1.122639 env=0.000958 peak=0.001985 gain=1.000
2025-12-15 22:46:22 [tracker] [s1] onset-accepted t=38.3909 env=0.000958 gate=0.000023 envDelta=0.000935 envFloor=0.000629 onset=1.122639 thresh=0.006000 onsetDelta=1.116639 baseline=0.000419 floor=0.000180 adapt=0.001048 lastPeak=0.000000 baseParam=0.000180 gateRatio=0.0550 envParam=0.000450 onsetScale=0.300 retriggerScale=1.400 guard=0.060 guardRemain=0.000 activeAge=-1.000 retrigRemain=0.000 pitchHz=615.19 pitchCents=3480.2
2025-12-15 22:46:22 [tracker] [s1] onset t=38.391 env=0.00096 gate=0.00002 envDelta=0.00093 envFloor=0.00063 onset=1.123 thresh=0.006 onsetDelta=1.11664 baseline=0.00042 adaptive=0.00105 lastPeak=0.00000 guard=0.060 activeAge=-1.000 pitch=615.19Hz pitchCents=3480.2
2025-12-15 22:46:22 [tracker] [s2] onset t=38.402 env=0.00141 gate=0.00001 envDelta=0.00141 envFloor=0.00094 onset=0.991 thresh=0.009 onsetDelta=0.98223 baseline=0.00063 adaptive=0.00157 lastPeak=0.00001 guard=0.060 activeAge=-1.000 pitch=1143.06Hz pitchCents=4052.8
2025-12-15 22:46:22 [tracker] [s4] onset t=38.407 env=0.00160 gate=0.00011 envDelta=0.00149 envFloor=0.00101 onset=0.616 thresh=0.014 onsetDelta=0.60246 baseline=0.00067 adaptive=0.00168 lastPeak=0.00000 guard=0.060 activeAge=-1.000 pitch=-1.00Hz pitchCents=0.0
2025-12-15 22:46:23 [tracker] [s6] onset t=38.458 env=0.00195 gate=0.00020 envDelta=0.00175 envFloor=0.00122 onset=0.959 thresh=0.018 onsetDelta=0.94138 baseline=0.00081 adaptive=0.00203 lastPeak=0.00000 guard=0.060 activeAge=-1.000 pitch=-1.00Hz pitchCents=0.0
2025-12-15 22:46:23 [tracker] [s2] onset t=38.527 env=0.00143 gate=0.00001 envDelta=0.00142 envFloor=0.00098 onset=0.897 thresh=0.009 onsetDelta=0.88797 baseline=0.00065 adaptive=0.00163 lastPeak=0.00001 guard=0.060 activeAge=-1.000 pitch=-1.00Hz pitchCents=0.0
2025-12-15 22:46:23 [tracker] [s6] onset t=38.538 env=0.00222 gate=0.00021 envDelta=0.00200 envFloor=0.00127 onset=0.527 thresh=0.018 onsetDelta=0.50860 baseline=0.00085 adaptive=0.00211 lastPeak=0.00000 guard=0.060 activeAge=-1.000 pitch=-1.00Hz pitchCents=0.0
2025-12-15 22:46:23 [tracker] [s5] onset t=38.554 env=0.00199 gate=0.00016 envDelta=0.00183 envFloor=0.00112 onset=1.075 thresh=0.016 onsetDelta=1.05925 baseline=0.00075 adaptive=0.00187 lastPeak=0.00000 guard=0.060 activeAge=-1.000 pitch=-1.00Hz pitchCents=0.0
2025-12-15 22:46:23 [tracker] [s3] onset t=38.559 env=0.00167 gate=0.00008 envDelta=0.00158 envFloor=0.00098 onset=0.995 thresh=0.012 onsetDelta=0.98314 baseline=0.00065 adaptive=0.00163 lastPeak=0.00000 guard=0.060 activeAge=-1.000 pitch=-1.00Hz pitchCents=0.0
2025-12-15 22:46:23 [tracker] [s1] aubio-raw t=38.7349 onset=0.585717 env=0.000850 peak=0.002116 gain=1.000
2025-12-15 22:46:23 [tracker] [s1] onset-accepted t=38.7349 env=0.000850 gate=0.000019 envDelta=0.000831 envFloor=0.000528 onset=0.585717 thresh=0.006000 onsetDelta=0.579717 baseline=0.000352 floor=0.000180 adapt=0.000879 lastPeak=0.000000 baseParam=0.000180 gateRatio=0.0550 envParam=0.000450 onsetScale=0.300 retriggerScale=1.400 guard=0.060 guardRemain=0.000 activeAge=-1.000 retrigRemain=0.000 pitchHz=222.23 pitchCents=1717.4
2025-12-15 22:46:23 [tracker] [s1] onset t=38.735 env=0.00085 gate=0.00002 envDelta=0.00083 envFloor=0.00053 onset=0.586 thresh=0.006 onsetDelta=0.57972 baseline=0.00035 adaptive=0.00088 lastPeak=0.00000 guard=0.060 activeAge=-1.000 pitch=222.23Hz pitchCents=1717.4
2025-12-15 22:46:23 [tracker] [s3] onset t=38.762 env=0.00181 gate=0.00008 envDelta=0.00172 envFloor=0.00097 onset=1.106 thresh=0.012 onsetDelta=1.09436 baseline=0.00065 adaptive=0.00161 lastPeak=0.00000 guard=0.060 activeAge=-1.000 pitch=-1.00Hz pitchCents=0.0
2025-12-15 22:46:23 [tracker] [s1] aubio-raw t=38.8175 onset=1.072840 env=0.000570 peak=0.001517 gain=1.000
2025-12-15 22:46:23 [tracker] [s1] onset-accepted t=38.8175 env=0.000570 gate=0.000021 envDelta=0.000549 envFloor=0.000564 onset=1.072840 thresh=0.006000 onsetDelta=1.066840 baseline=0.000376 floor=0.000180 adapt=0.000940 lastPeak=0.000000 baseParam=0.000180 gateRatio=0.0550 envParam=0.000450 onsetScale=0.300 retriggerScale=1.400 guard=0.060 guardRemain=0.000 activeAge=-1.000 retrigRemain=0.000 pitchHz=-1.00 pitchCents=0.0
2025-12-15 22:46:23 [tracker] [s1] onset t=38.818 env=0.00057 gate=0.00002 envDelta=0.00055 envFloor=0.00056 onset=1.073 thresh=0.006 onsetDelta=1.06684 baseline=0.00038 adaptive=0.00094 lastPeak=0.00000 guard=0.060 activeAge=-1.000 pitch=-1.00Hz pitchCents=0.0
2025-12-15 22:46:23 [tracker] [s5] onset t=38.831 env=0.00143 gate=0.00015 envDelta=0.00128 envFloor=0.00108 onset=0.966 thresh=0.016 onsetDelta=0.94951 baseline=0.00072 adaptive=0.00180 lastPeak=0.00000 guard=0.060 activeAge=-1.000 pitch=-1.00Hz pitchCents=0.0
2025-12-15 22:46:23 [tracker] [s3] onset t=38.874 env=0.00138 gate=0.00008 envDelta=0.00129 envFloor=0.00097 onset=0.878 thresh=0.012 onsetDelta=0.86680 baseline=0.00064 adaptive=0.00161 lastPeak=0.00000 guard=0.060 activeAge=-1.000 pitch=-1.00Hz pitchCents=0.0
2025-12-15 22:46:23 [tracker] [s2] onset t=39.044 env=0.00119 gate=0.00001 envDelta=0.00118 envFloor=0.00097 onset=0.997 thresh=0.009 onsetDelta=0.98766 baseline=0.00065 adaptive=0.00162 lastPeak=0.00000 guard=0.060 activeAge=-1.000 pitch=102.56Hz pitchCents=-121.2
2025-12-15 22:46:23 [tracker] [s6] onset t=39.063 env=0.00170 gate=0.00020 envDelta=0.00150 envFloor=0.00119 onset=0.658 thresh=0.018 onsetDelta=0.63982 baseline=0.00080 adaptive=0.00199 lastPeak=0.00000 guard=0.060 activeAge=-1.000 pitch=-1.00Hz pitchCents=0.0
2025-12-15 22:46:23 [tracker] [s1] aubio-raw t=39.1615 onset=0.929465 env=0.001042 peak=0.002278 gain=1.000
2025-12-15 22:46:23 [tracker] [s1] onset-accepted t=39.1615 env=0.001042 gate=0.000022 envDelta=0.001020 envFloor=0.000606 onset=0.929465 thresh=0.006000 onsetDelta=0.923465 baseline=0.000404 floor=0.000180 adapt=0.001011 lastPeak=0.000000 baseParam=0.000180 gateRatio=0.0550 envParam=0.000450 onsetScale=0.300 retriggerScale=1.400 guard=0.060 guardRemain=0.000 activeAge=-1.000 retrigRemain=0.000 pitchHz=420.98 pitchCents=2823.5
2025-12-15 22:46:23 [tracker] [s1] onset t=39.162 env=0.00104 gate=0.00002 envDelta=0.00102 envFloor=0.00061 onset=0.929 thresh=0.006 onsetDelta=0.92347 baseline=0.00040 adaptive=0.00101 lastPeak=0.00000 guard=0.060 activeAge=-1.000 pitch=420.98Hz pitchCents=2823.5
2025-12-15 22:46:23 [tracker] [s4] onset t=39.247 env=0.00168 gate=0.00011 envDelta=0.00156 envFloor=0.00099 onset=0.886 thresh=0.014 onsetDelta=0.87189 baseline=0.00066 adaptive=0.00165 lastPeak=0.00000 guard=0.060 activeAge=-1.000 pitch=-1.00Hz pitchCents=0.0
2025-12-15 22:46:23 [tracker] [s3] onset t=39.257 env=0.00159 gate=0.00009 envDelta=0.00150 envFloor=0.00099 onset=1.083 thresh=0.012 onsetDelta=1.07102 baseline=0.00066 adaptive=0.00165 lastPeak=0.00000 guard=0.060 activeAge=-1.000 pitch=-1.00Hz pitchCents=0.0
2025-12-15 22:46:23 [tracker] [s5] onset t=39.311 env=0.00166 gate=0.00016 envDelta=0.00150 envFloor=0.00112 onset=1.098 thresh=0.016 onsetDelta=1.08236 baseline=0.00075 adaptive=0.00187 lastPeak=0.00000 guard=0.060 activeAge=-1.000 pitch=-1.00Hz pitchCents=0.0
2025-12-15 22:46:23 [tracker] [s6] onset t=39.313 env=0.00199 gate=0.00021 envDelta=0.00178 envFloor=0.00128 onset=1.150 thresh=0.018 onsetDelta=1.13220 baseline=0.00085 adaptive=0.00213 lastPeak=0.00000 guard=0.060 activeAge=-1.000 pitch=-1.00Hz pitchCents=0.0
2025-12-15 22:46:23 [tracker] [s2] onset t=39.372 env=0.00178 gate=0.00001 envDelta=0.00177 envFloor=0.00098 onset=0.694 thresh=0.009 onsetDelta=0.68497 baseline=0.00065 adaptive=0.00163 lastPeak=0.00000 guard=0.060 activeAge=-1.000 pitch=-1.00Hz pitchCents=0.0
2025-12-15 22:46:23 [tracker] [s6] onset t=39.423 env=0.00180 gate=0.00020 envDelta=0.00160 envFloor=0.00121 onset=0.959 thresh=0.018 onsetDelta=0.94071 baseline=0.00080 adaptive=0.00201 lastPeak=0.00000 guard=0.060 activeAge=-1.000 pitch=-1.00Hz pitchCents=0.0
2025-12-15 22:46:24 [tracker] [s3] onset t=39.460 env=0.00200 gate=0.00008 envDelta=0.00191 envFloor=0.00094 onset=1.172 thresh=0.012 onsetDelta=1.16051 baseline=0.00063 adaptive=0.00157 lastPeak=0.00000 guard=0.060 activeAge=-1.000 pitch=-1.00Hz pitchCents=0.0
2025-12-15 22:46:24 [tracker] [s2] onset t=39.521 env=0.00140 gate=0.00001 envDelta=0.00139 envFloor=0.00094 onset=0.995 thresh=0.009 onsetDelta=0.98554 baseline=0.00063 adaptive=0.00157 lastPeak=0.00000 guard=0.060 activeAge=-1.000 pitch=307.67Hz pitchCents=1780.6
2025-12-15 22:46:24 [tracker] [s2] note-start t=39.521 fret=18 midi=63 vel=0.02 env=0.00140
2025-12-15 22:46:24 [tracker] [s1] aubio-raw t=39.5668 onset=0.826853 env=0.000687 peak=0.001959 gain=1.000
2025-12-15 22:46:24 [tracker] [s1] onset-accepted t=39.5668 env=0.000687 gate=0.000023 envDelta=0.000664 envFloor=0.000622 onset=0.826853 thresh=0.006000 onsetDelta=0.820853 baseline=0.000414 floor=0.000180 adapt=0.001036 lastPeak=0.000000 baseParam=0.000180 gateRatio=0.0550 envParam=0.000450 onsetScale=0.300 retriggerScale=1.400 guard=0.060 guardRemain=0.000 activeAge=-1.000 retrigRemain=0.000 pitchHz=-1.00 pitchCents=0.0
2025-12-15 22:46:24 [tracker] [s1] onset t=39.567 env=0.00069 gate=0.00002 envDelta=0.00066 envFloor=0.00062 onset=0.827 thresh=0.006 onsetDelta=0.82085 baseline=0.00041 adaptive=0.00104 lastPeak=0.00000 guard=0.060 activeAge=-1.000 pitch=-1.00Hz pitchCents=0.0
2025-12-15 22:46:24 [tracker] [s4] onset t=39.569 env=0.00170 gate=0.00011 envDelta=0.00159 envFloor=0.00099 onset=0.996 thresh=0.014 onsetDelta=0.98207 baseline=0.00066 adaptive=0.00165 lastPeak=0.00000 guard=0.060 activeAge=-1.000 pitch=-1.00Hz pitchCents=0.0
2025-12-15 22:46:24 [tracker] [s5] onset t=39.580 env=0.00137 gate=0.00015 envDelta=0.00122 envFloor=0.00108 onset=1.002 thresh=0.016 onsetDelta=0.98578 baseline=0.00072 adaptive=0.00180 lastPeak=0.00000 guard=0.060 activeAge=-1.000 pitch=-1.00Hz pitchCents=0.0
2025-12-15 22:46:24 [tracker] [s2] onset t=39.652 env=0.00160 gate=0.00001 envDelta=0.00159 envFloor=0.00099 onset=1.005 thresh=0.009 onsetDelta=0.99574 baseline=0.00099 adaptive=0.00165 lastPeak=0.00110 guard=0.060 activeAge=0.131 pitch=-1.00Hz pitchCents=0.0
2025-12-15 22:46:24 [tracker] [s2] note-ended (new onset) t=39.652 fret=18 dur=0.131
2025-12-15 22:46:24 [tracker] [s5] onset t=39.735 env=0.00193 gate=0.00016 envDelta=0.00177 envFloor=0.00111 onset=0.998 thresh=0.016 onsetDelta=0.98220 baseline=0.00074 adaptive=0.00186 lastPeak=0.00000 guard=0.060 activeAge=-1.000 pitch=-1.00Hz pitchCents=0.0
2025-12-15 22:46:24 [tracker] [s6] onset t=39.735 env=0.00177 gate=0.00021 envDelta=0.00156 envFloor=0.00128 onset=1.143 thresh=0.018 onsetDelta=1.12482 baseline=0.00085 adaptive=0.00213 lastPeak=0.00000 guard=0.060 activeAge=-1.000 pitch=-1.00Hz pitchCents=0.0
2025-12-15 22:46:24 [tracker] [s3] onset t=39.756 env=0.00098 gate=0.00008 envDelta=0.00090 envFloor=0.00092 onset=1.015 thresh=0.012 onsetDelta=1.00290 baseline=0.00061 adaptive=0.00153 lastPeak=0.00000 guard=0.060 activeAge=-1.000 pitch=-1.00Hz pitchCents=0.0
2025-12-15 22:46:24 [tracker] [s2] onset t=39.769 env=0.00157 gate=0.00001 envDelta=0.00156 envFloor=0.00094 onset=0.573 thresh=0.009 onsetDelta=0.56400 baseline=0.00079 adaptive=0.00157 lastPeak=0.00088 guard=0.060 activeAge=-1.000 pitch=-1.00Hz pitchCents=0.0
2025-12-15 22:46:24 [tracker] [s5] onset t=39.785 env=0.00145 gate=0.00015 envDelta=0.00130 envFloor=0.00110 onset=0.996 thresh=0.016 onsetDelta=0.98025 baseline=0.00073 adaptive=0.00183 lastPeak=0.00000 guard=0.060 activeAge=-1.000 pitch=-1.00Hz pitchCents=0.0
2025-12-15 22:46:24 [tracker] [s1] aubio-raw t=39.9828 onset=0.632755 env=0.000850 peak=0.002052 gain=1.000
2025-12-15 22:46:24 [tracker] [s1] onset-accepted t=39.9828 env=0.000850 gate=0.000022 envDelta=0.000829 envFloor=0.000588 onset=0.632755 thresh=0.006000 onsetDelta=0.626755 baseline=0.000392 floor=0.000180 adapt=0.000980 lastPeak=0.000000 baseParam=0.000180 gateRatio=0.0550 envParam=0.000450 onsetScale=0.300 retriggerScale=1.400 guard=0.060 guardRemain=0.000 activeAge=-1.000 retrigRemain=0.000 pitchHz=-1.00 pitchCents=0.0
2025-12-15 22:46:24 [tracker] [s1] onset t=39.983 env=0.00085 gate=0.00002 envDelta=0.00083 envFloor=0.00059 onset=0.633 thresh=0.006 onsetDelta=0.62676 baseline=0.00039 adaptive=0.00098 lastPeak=0.00000 guard=0.060 activeAge=-1.000 pitch=-1.00Hz pitchCents=0.0
2025-12-15 22:46:24 [tracker] [s5] onset t=39.999 env=0.00171 gate=0.00016 envDelta=0.00155 envFloor=0.00111 onset=0.898 thresh=0.016 onsetDelta=0.88203 baseline=0.00074 adaptive=0.00185 lastPeak=0.00000 guard=0.060 activeAge=-1.000 pitch=-1.00Hz pitchCents=0.0
2025-12-15 22:46:24 [tracker] [s4] onset t=40.001 env=0.00158 gate=0.00012 envDelta=0.00146 envFloor=0.00104 onset=1.027 thresh=0.014 onsetDelta=1.01257 baseline=0.00070 adaptive=0.00174 lastPeak=0.00000 guard=0.060 activeAge=-1.000 pitch=-1.00Hz pitchCents=0.0
2025-12-15 22:46:24 [tracker] [s2] onset t=40.047 env=0.00136 gate=0.00001 envDelta=0.00135 envFloor=0.00092 onset=1.302 thresh=0.009 onsetDelta=1.29347 baseline=0.00061 adaptive=0.00154 lastPeak=0.00052 guard=0.060 activeAge=-1.000 pitch=258.05Hz pitchCents=1476.2
2025-12-15 22:46:24 [tracker] [s1] aubio-raw t=40.0734 onset=1.213672 env=0.000882 peak=0.002001 gain=1.000
2025-12-15 22:46:24 [tracker] [s1] onset-accepted t=40.0734 env=0.000882 gate=0.000023 envDelta=0.000859 envFloor=0.000619 onset=1.213672 thresh=0.006000 onsetDelta=1.207672 baseline=0.000412 floor=0.000180 adapt=0.001031 lastPeak=0.000000 baseParam=0.000180 gateRatio=0.0550 envParam=0.000450 onsetScale=0.300 retriggerScale=1.400 guard=0.060 guardRemain=0.000 activeAge=-1.000 retrigRemain=0.000 pitchHz=-1.00 pitchCents=0.0
2025-12-15 22:46:24 [tracker] [s1] onset t=40.073 env=0.00088 gate=0.00002 envDelta=0.00086 envFloor=0.00062 onset=1.214 thresh=0.006 onsetDelta=1.20767 baseline=0.00041 adaptive=0.00103 lastPeak=0.00000 guard=0.060 activeAge=-1.000 pitch=-1.00Hz pitchCents=0.0
2025-12-15 22:46:24 [tracker] [s6] onset t=40.076 env=0.00212 gate=0.00021 envDelta=0.00191 envFloor=0.00127 onset=1.378 thresh=0.018 onsetDelta=1.36008 baseline=0.00085 adaptive=0.00212 lastPeak=0.00000 guard=0.060 activeAge=-1.000 pitch=-1.00Hz pitchCents=0.0
2025-12-15 22:46:24 [tracker] [s2] onset t=40.132 env=0.00110 gate=0.00001 envDelta=0.00110 envFloor=0.00104 onset=1.286 thresh=0.009 onsetDelta=1.27747 baseline=0.00069 adaptive=0.00173 lastPeak=0.00044 guard=0.060 activeAge=-1.000 pitch=-1.00Hz pitchCents=0.0
2025-12-15 22:46:24 [tracker] [s2] onset t=40.265 env=0.00130 gate=0.00001 envDelta=0.00129 envFloor=0.00094 onset=0.995 thresh=0.009 onsetDelta=0.98641 baseline=0.00063 adaptive=0.00157 lastPeak=0.00035 guard=0.060 activeAge=-1.000 pitch=-1.00Hz pitchCents=0.0
2025-12-15 22:46:24 [tracker] [s1] aubio-raw t=40.2788 onset=0.996472 env=0.000987 peak=0.002452 gain=1.000
2025-12-15 22:46:24 [tracker] [s1] onset-accepted t=40.2788 env=0.000987 gate=0.000022 envDelta=0.000964 envFloor=0.000611 onset=0.996472 thresh=0.006000 onsetDelta=0.990472 baseline=0.000407 floor=0.000180 adapt=0.001018 lastPeak=0.000000 baseParam=0.000180 gateRatio=0.0550 envParam=0.000450 onsetScale=0.300 retriggerScale=1.400 guard=0.060 guardRemain=0.000 activeAge=-1.000 retrigRemain=0.000 pitchHz=-1.00 pitchCents=0.0
2025-12-15 22:46:24 [tracker] [s1] onset t=40.279 env=0.00099 gate=0.00002 envDelta=0.00096 envFloor=0.00061 onset=0.996 thresh=0.006 onsetDelta=0.99047 baseline=0.00041 adaptive=0.00102 lastPeak=0.00000 guard=0.060 activeAge=-1.000 pitch=-1.00Hz pitchCents=0.0
2025-12-15 22:46:24 [tracker] [s4] onset t=40.300 env=0.00146 gate=0.00011 envDelta=0.00135 envFloor=0.00098 onset=1.353 thresh=0.014 onsetDelta=1.33911 baseline=0.00066 adaptive=0.00164 lastPeak=0.00000 guard=0.060 activeAge=-1.000 pitch=-1.00Hz pitchCents=0.0
2025-12-15 22:46:24 [tracker] [s1] aubio-raw t=40.3481 onset=0.993752 env=0.000695 peak=0.001684 gain=1.000
2025-12-15 22:46:24 [tracker] [s1] onset-accepted t=40.3481 env=0.000695 gate=0.000025 envDelta=0.000670 envFloor=0.000680 onset=0.993752 thresh=0.006000 onsetDelta=0.987752 baseline=0.000453 floor=0.000180 adapt=0.001133 lastPeak=0.000000 baseParam=0.000180 gateRatio=0.0550 envParam=0.000450 onsetScale=0.300 retriggerScale=1.400 guard=0.060 guardRemain=0.000 activeAge=-1.000 retrigRemain=0.000 pitchHz=296.29 pitchCents=2215.4
2025-12-15 22:46:24 [tracker] [s1] onset t=40.348 env=0.00069 gate=0.00002 envDelta=0.00067 envFloor=0.00068 onset=0.994 thresh=0.006 onsetDelta=0.98775 baseline=0.00045 adaptive=0.00113 lastPeak=0.00000 guard=0.060 activeAge=-1.000 pitch=296.29Hz pitchCents=2215.4
2025-12-15 22:46:24 [tracker] [s3] onset t=40.351 env=0.00109 gate=0.00009 envDelta=0.00100 envFloor=0.00100 onset=0.840 thresh=0.012 onsetDelta=0.82829 baseline=0.00067 adaptive=0.00166 lastPeak=0.00000 guard=0.060 activeAge=-1.000 pitch=-1.00Hz pitchCents=0.0
2025-12-15 22:46:24 [tracker] [s2] onset t=40.383 env=0.00114 gate=0.00001 envDelta=0.00114 envFloor=0.00097 onset=0.993 thresh=0.009 onsetDelta=0.98450 baseline=0.00065 adaptive=0.00162 lastPeak=0.00028 guard=0.060 activeAge=-1.000 pitch=235.28Hz pitchCents=1316.3
2025-12-15 22:46:24 [tracker] [s2] note-start t=40.383 fret=13 midi=58 vel=0.01 env=0.00114
2025-12-15 22:46:25 [tracker] [s2] release-retrigger t=40.436 onset=0.995 gate=0.000 age=0.053
2025-12-15 22:46:25 [tracker] [s2] note-ended t=40.436 fret=13 dur=0.053
2025-12-15 22:46:25 [tracker] [s6] onset t=40.572 env=0.00181 gate=0.00020 envDelta=0.00161 envFloor=0.00118 onset=1.028 thresh=0.018 onsetDelta=1.00973 baseline=0.00078 adaptive=0.00196 lastPeak=0.00000 guard=0.060 activeAge=-1.000 pitch=-1.00Hz pitchCents=0.0
2025-12-15 22:46:25 [tracker] [s1] aubio-raw t=40.6547 onset=0.971607 env=0.001168 peak=0.002336 gain=1.000
2025-12-15 22:46:25 [tracker] [s1] onset-accepted t=40.6547 env=0.001168 gate=0.000023 envDelta=0.001145 envFloor=0.000627 onset=0.971607 thresh=0.006000 onsetDelta=0.965607 baseline=0.000418 floor=0.000180 adapt=0.001044 lastPeak=0.000000 baseParam=0.000180 gateRatio=0.0550 envParam=0.000450 onsetScale=0.300 retriggerScale=1.400 guard=0.060 guardRemain=0.000 activeAge=-1.000 retrigRemain=0.000 pitchHz=-1.00 pitchCents=0.0
2025-12-15 22:46:25 [tracker] [s6] onset t=40.697 env=0.00196 gate=0.00020 envDelta=0.00176 envFloor=0.00119 onset=1.213 thresh=0.018 onsetDelta=1.19491 baseline=0.00080 adaptive=0.00199 lastPeak=0.00000 guard=0.060 activeAge=-1.000 pitch=-1.00Hz pitchCents=0.0
2025-12-15 22:46:25 [tracker] [s5] onset t=40.748 env=0.00156 gate=0.00015 envDelta=0.00141 envFloor=0.00108 onset=1.112 thresh=0.016 onsetDelta=1.09565 baseline=0.00072 adaptive=0.00180 lastPeak=0.00000 guard=0.060 activeAge=-1.000 pitch=-1.00Hz pitchCents=0.0
2025-12-15 22:46:25 [tracker] [s1] aubio-raw t=40.8014 onset=1.244651 env=0.000585 peak=0.001836 gain=1.000
2025-12-15 22:46:25 [tracker] [s1] onset-accepted t=40.8014 env=0.000585 gate=0.000021 envDelta=0.000563 envFloor=0.000584 onset=1.244651 thresh=0.006000 onsetDelta=1.238651 baseline=0.000389 floor=0.000180 adapt=0.000973 lastPeak=0.000000 baseParam=0.000180 gateRatio=0.0550 envParam=0.000450 onsetScale=0.300 retriggerScale=1.400 guard=0.060 guardRemain=0.000 activeAge=-1.000 retrigRemain=0.000 pitchHz=-1.00 pitchCents=0.0
2025-12-15 22:46:25 [tracker] [s1] onset t=40.801 env=0.00058 gate=0.00002 envDelta=0.00056 envFloor=0.00058 onset=1.245 thresh=0.006 onsetDelta=1.23865 baseline=0.00039 adaptive=0.00097 lastPeak=0.00000 guard=0.060 activeAge=-1.000 pitch=-1.00Hz pitchCents=0.0
2025-12-15 22:46:25 [tracker] [s6] onset t=40.836 env=0.00183 gate=0.00022 envDelta=0.00161 envFloor=0.00132 onset=0.670 thresh=0.018 onsetDelta=0.65219 baseline=0.00088 adaptive=0.00220 lastPeak=0.00000 guard=0.060 activeAge=-1.000 pitch=-1.00Hz pitchCents=0.0
2025-12-15 22:46:25 [tracker] [s3] onset t=40.873 env=0.00118 gate=0.00008 envDelta=0.00110 envFloor=0.00092 onset=0.920 thresh=0.012 onsetDelta=0.90800 baseline=0.00061 adaptive=0.00153 lastPeak=0.00000 guard=0.060 activeAge=-1.000 pitch=-1.00Hz pitchCents=0.0
2025-12-15 22:46:25 [tracker] [s1] aubio-raw t=40.8920 onset=1.026033 env=0.000787 peak=0.002222 gain=1.000
2025-12-15 22:46:25 [tracker] [s1] onset-accepted t=40.8920 env=0.000787 gate=0.000024 envDelta=0.000763 envFloor=0.000645 onset=1.026033 thresh=0.006000 onsetDelta=1.020033 baseline=0.000430 floor=0.000180 adapt=0.001074 lastPeak=0.000000 baseParam=0.000180 gateRatio=0.0550 envParam=0.000450 onsetScale=0.300 retriggerScale=1.400 guard=0.060 guardRemain=0.000 activeAge=-1.000 retrigRemain=0.000 pitchHz=-1.00 pitchCents=0.0
2025-12-15 22:46:25 [tracker] [s1] onset t=40.892 env=0.00079 gate=0.00002 envDelta=0.00076 envFloor=0.00064 onset=1.026 thresh=0.006 onsetDelta=1.02003 baseline=0.00043 adaptive=0.00107 lastPeak=0.00000 guard=0.060 activeAge=-1.000 pitch=-1.00Hz pitchCents=0.0
2025-12-15 22:46:25 [tracker] [s5] onset t=40.959 env=0.00154 gate=0.00015 envDelta=0.00139 envFloor=0.00104 onset=0.810 thresh=0.016 onsetDelta=0.79396 baseline=0.00070 adaptive=0.00174 lastPeak=0.00000 guard=0.060 activeAge=-1.000 pitch=-1.00Hz pitchCents=0.0
2025-12-15 22:46:25 [tracker] [s1] aubio-raw t=41.0707 onset=0.741388 env=0.000721 peak=0.001819 gain=1.000
2025-12-15 22:46:25 [tracker] [s1] onset-accepted t=41.0707 env=0.000721 gate=0.000023 envDelta=0.000698 envFloor=0.000625 onset=0.741388 thresh=0.006000 onsetDelta=0.735388 baseline=0.000417 floor=0.000180 adapt=0.001042 lastPeak=0.000000 baseParam=0.000180 gateRatio=0.0550 envParam=0.000450 onsetScale=0.300 retriggerScale=1.400 guard=0.060 guardRemain=0.000 activeAge=-1.000 retrigRemain=0.000 pitchHz=-1.00 pitchCents=0.0
2025-12-15 22:46:25 [tracker] [s1] onset t=41.071 env=0.00072 gate=0.00002 envDelta=0.00070 envFloor=0.00063 onset=0.741 thresh=0.006 onsetDelta=0.73539 baseline=0.00042 adaptive=0.00104 lastPeak=0.00000 guard=0.060 activeAge=-1.000 pitch=-1.00Hz pitchCents=0.0
2025-12-15 22:46:25 [tracker] [s6] onset t=41.092 env=0.00200 gate=0.00020 envDelta=0.00180 envFloor=0.00121 onset=1.047 thresh=0.018 onsetDelta=1.02872 baseline=0.00080 adaptive=0.00201 lastPeak=0.00000 guard=0.060 activeAge=-1.000 pitch=-1.00Hz pitchCents=0.0
2025-12-15 22:46:25 [tracker] [s5] onset t=41.121 env=0.00180 gate=0.00015 envDelta=0.00165 envFloor=0.00105 onset=1.371 thresh=0.016 onsetDelta=1.35536 baseline=0.00070 adaptive=0.00176 lastPeak=0.00000 guard=0.060 activeAge=-1.000 pitch=-1.00Hz pitchCents=0.0
2025-12-15 22:46:25 [tracker] [s4] onset t=41.153 env=0.00170 gate=0.00012 envDelta=0.00158 envFloor=0.00104 onset=0.931 thresh=0.014 onsetDelta=0.91749 baseline=0.00070 adaptive=0.00174 lastPeak=0.00000 guard=0.060 activeAge=-1.000 pitch=-1.00Hz pitchCents=0.0
2025-12-15 22:46:25 [tracker] [s5] onset t=41.175 env=0.00177 gate=0.00015 envDelta=0.00161 envFloor=0.00110 onset=1.111 thresh=0.016 onsetDelta=1.09539 baseline=0.00073 adaptive=0.00184 lastPeak=0.00000 guard=0.060 activeAge=-1.000 pitch=-1.00Hz pitchCents=0.0
2025-12-15 22:46:25 [tracker] [s1] aubio-raw t=41.2067 onset=1.115603 env=0.001053 peak=0.002379 gain=1.000
2025-12-15 22:46:25 [tracker] [s1] onset-accepted t=41.2067 env=0.001053 gate=0.000023 envDelta=0.001030 envFloor=0.000616 onset=1.115603 thresh=0.006000 onsetDelta=1.109603 baseline=0.000411 floor=0.000180 adapt=0.001027 lastPeak=0.000000 baseParam=0.000180 gateRatio=0.0550 envParam=0.000450 onsetScale=0.300 retriggerScale=1.400 guard=0.060 guardRemain=0.000 activeAge=-1.000 retrigRemain=0.000 pitchHz=-1.00 pitchCents=0.0
2025-12-15 22:46:25 [tracker] [s1] onset t=41.207 env=0.00105 gate=0.00002 envDelta=0.00103 envFloor=0.00062 onset=1.116 thresh=0.006 onsetDelta=1.10960 baseline=0.00041 adaptive=0.00103 lastPeak=0.00000 guard=0.060 activeAge=-1.000 pitch=-1.00Hz pitchCents=0.0
2025-12-15 22:46:25 [tracker] [s3] onset t=41.257 env=0.00135 gate=0.00008 envDelta=0.00127 envFloor=0.00094 onset=1.048 thresh=0.012 onsetDelta=1.03597 baseline=0.00063 adaptive=0.00157 lastPeak=0.00000 guard=0.060 activeAge=-1.000 pitch=-1.00Hz pitchCents=0.0
2025-12-15 22:46:25 [tracker] [s2] onset t=41.268 env=0.00158 gate=0.00001 envDelta=0.00158 envFloor=0.00096 onset=1.077 thresh=0.009 onsetDelta=1.06799 baseline=0.00064 adaptive=0.00160 lastPeak=0.00022 guard=0.060 activeAge=-1.000 pitch=533.41Hz pitchCents=2733.3
2025-12-15 22:46:25 [tracker] [s6] onset t=41.332 env=0.00176 gate=0.00020 envDelta=0.00156 envFloor=0.00120 onset=0.945 thresh=0.018 onsetDelta=0.92672 baseline=0.00080 adaptive=0.00201 lastPeak=0.00000 guard=0.060 activeAge=-1.000 pitch=-1.00Hz pitchCents=0.0
2025-12-15 22:46:26 [tracker] [s6] onset t=41.481 env=0.00221 gate=0.00020 envDelta=0.00201 envFloor=0.00123 onset=0.901 thresh=0.018 onsetDelta=0.88317 baseline=0.00082 adaptive=0.00204 lastPeak=0.00000 guard=0.060 activeAge=-1.000 pitch=-1.00Hz pitchCents=0.0
2025-12-15 22:46:26 [tracker] [s5] onset t=41.489 env=0.00144 gate=0.00015 envDelta=0.00128 envFloor=0.00110 onset=1.209 thresh=0.016 onsetDelta=1.19256 baseline=0.00074 adaptive=0.00184 lastPeak=0.00000 guard=0.060 activeAge=-1.000 pitch=-1.00Hz pitchCents=0.0
2025-12-15 22:46:26 [tracker] [s1] aubio-raw t=41.5293 onset=0.997965 env=0.001026 peak=0.003020 gain=1.000
2025-12-15 22:46:26 [tracker] [s1] onset-accepted t=41.5293 env=0.001026 gate=0.000022 envDelta=0.001004 envFloor=0.000602 onset=0.997965 thresh=0.006000 onsetDelta=0.991965 baseline=0.000401 floor=0.000180 adapt=0.001003 lastPeak=0.000000 baseParam=0.000180 gateRatio=0.0550 envParam=0.000450 onsetScale=0.300 retriggerScale=1.400 guard=0.060 guardRemain=0.000 activeAge=-1.000 retrigRemain=0.000 pitchHz=-1.00 pitchCents=0.0
2025-12-15 22:46:26 [tracker] [s1] onset t=41.529 env=0.00103 gate=0.00002 envDelta=0.00100 envFloor=0.00060 onset=0.998 thresh=0.006 onsetDelta=0.99196 baseline=0.00040 adaptive=0.00100 lastPeak=0.00000 guard=0.060 activeAge=-1.000 pitch=-1.00Hz pitchCents=0.0
2025-12-15 22:46:26 [tracker] [s4] onset t=41.628 env=0.00189 gate=0.00011 envDelta=0.00178 envFloor=0.00101 onset=1.056 thresh=0.014 onsetDelta=1.04236 baseline=0.00067 adaptive=0.00168 lastPeak=0.00000 guard=0.060 activeAge=-1.000 pitch=-1.00Hz pitchCents=0.0
2025-12-15 22:46:26 [tracker] [s4] onset t=41.793 env=0.00170 gate=0.00011 envDelta=0.00159 envFloor=0.00095 onset=1.045 thresh=0.014 onsetDelta=1.03138 baseline=0.00064 adaptive=0.00159 lastPeak=0.00000 guard=0.060 activeAge=-1.000 pitch=-1.00Hz pitchCents=0.0
2025-12-15 22:46:26 [tracker] [s6] onset t=41.921 env=0.00192 gate=0.00021 envDelta=0.00171 envFloor=0.00128 onset=0.997 thresh=0.018 onsetDelta=0.97864 baseline=0.00085 adaptive=0.00213 lastPeak=0.00000 guard=0.060 activeAge=-1.000 pitch=-1.00Hz pitchCents=0.0
2025-12-15 22:46:26 [tracker] [s2] onset t=42.057 env=0.00154 gate=0.00001 envDelta=0.00154 envFloor=0.00098 onset=1.332 thresh=0.009 onsetDelta=1.32289 baseline=0.00065 adaptive=0.00163 lastPeak=0.00005 guard=0.060 activeAge=-1.000 pitch=-1.00Hz pitchCents=0.0
2025-12-15 22:46:26 [tracker] [s1] aubio-raw t=42.0973 onset=1.179646 env=0.000921 peak=0.002224 gain=1.000
2025-12-15 22:46:26 [tracker] [s1] onset-accepted t=42.0973 env=0.000921 gate=0.000022 envDelta=0.000899 envFloor=0.000604 onset=1.179646 thresh=0.006000 onsetDelta=1.173646 baseline=0.000403 floor=0.000180 adapt=0.001006 lastPeak=0.000000 baseParam=0.000180 gateRatio=0.0550 envParam=0.000450 onsetScale=0.300 retriggerScale=1.400 guard=0.060 guardRemain=0.000 activeAge=-1.000 retrigRemain=0.000 pitchHz=500.03 pitchCents=3121.4
2025-12-15 22:46:26 [tracker] [s1] onset t=42.097 env=0.00092 gate=0.00002 envDelta=0.00090 envFloor=0.00060 onset=1.180 thresh=0.006 onsetDelta=1.17365 baseline=0.00040 adaptive=0.00101 lastPeak=0.00000 guard=0.060 activeAge=-1.000 pitch=500.03Hz pitchCents=3121.4
2025-12-15 22:46:26 [tracker] [s2] onset t=42.260 env=0.00147 gate=0.00001 envDelta=0.00146 envFloor=0.00101 onset=0.891 thresh=0.009 onsetDelta=0.88158 baseline=0.00067 adaptive=0.00168 lastPeak=0.00003 guard=0.060 activeAge=-1.000 pitch=-1.00Hz pitchCents=0.0
2025-12-15 22:46:26 [tracker] [s1] aubio-raw t=42.3079 onset=0.956349 env=0.000630 peak=0.001601 gain=1.000
2025-12-15 22:46:26 [tracker] [s1] onset-accepted t=42.3079 env=0.000630 gate=0.000022 envDelta=0.000608 envFloor=0.000600 onset=0.956349 thresh=0.006000 onsetDelta=0.950349 baseline=0.000400 floor=0.000180 adapt=0.000999 lastPeak=0.000000 baseParam=0.000180 gateRatio=0.0550 envParam=0.000450 onsetScale=0.300 retriggerScale=1.400 guard=0.060 guardRemain=0.000 activeAge=-1.000 retrigRemain=0.000 pitchHz=-1.00 pitchCents=0.0
2025-12-15 22:46:26 [tracker] [s1] onset t=42.308 env=0.00063 gate=0.00002 envDelta=0.00061 envFloor=0.00060 onset=0.956 thresh=0.006 onsetDelta=0.95035 baseline=0.00040 adaptive=0.00100 lastPeak=0.00000 guard=0.060 activeAge=-1.000 pitch=-1.00Hz pitchCents=0.0
2025-12-15 22:46:26 [tracker] [s5] onset t=42.308 env=0.00211 gate=0.00016 envDelta=0.00194 envFloor=0.00115 onset=1.263 thresh=0.016 onsetDelta=1.24749 baseline=0.00077 adaptive=0.00192 lastPeak=0.00000 guard=0.060 activeAge=-1.000 pitch=-1.00Hz pitchCents=0.0
2025-12-15 22:46:26 [tracker] [s6] onset t=42.308 env=0.00188 gate=0.00021 envDelta=0.00167 envFloor=0.00127 onset=1.001 thresh=0.018 onsetDelta=0.98330 baseline=0.00085 adaptive=0.00212 lastPeak=0.00000 guard=0.060 activeAge=-1.000 pitch=-1.00Hz pitchCents=0.0
2025-12-15 22:46:26 [tracker] [s4] onset t=42.324 env=0.00155 gate=0.00011 envDelta=0.00144 envFloor=0.00101 onset=0.992 thresh=0.014 onsetDelta=0.97798 baseline=0.00067 adaptive=0.00168 lastPeak=0.00000 guard=0.060 activeAge=-1.000 pitch=-1.00Hz pitchCents=0.0
2025-12-15 22:46:26 [tracker] [s1] aubio-raw t=42.3746 onset=1.045296 env=0.000669 peak=0.001772 gain=1.000
2025-12-15 22:46:26 [tracker] [s1] onset-accepted t=42.3746 env=0.000669 gate=0.000023 envDelta=0.000646 envFloor=0.000634 onset=1.045296 thresh=0.006000 onsetDelta=1.039296 baseline=0.000422 floor=0.000180 adapt=0.001056 lastPeak=0.000000 baseParam=0.000180 gateRatio=0.0550 envParam=0.000450 onsetScale=0.300 retriggerScale=1.400 guard=0.060 guardRemain=0.000 activeAge=-1.000 retrigRemain=0.000 pitchHz=-1.00 pitchCents=0.0
2025-12-15 22:46:26 [tracker] [s1] onset t=42.375 env=0.00067 gate=0.00002 envDelta=0.00065 envFloor=0.00063 onset=1.045 thresh=0.006 onsetDelta=1.03930 baseline=0.00042 adaptive=0.00106 lastPeak=0.00000 guard=0.060 activeAge=-1.000 pitch=-1.00Hz pitchCents=0.0
2025-12-15 22:46:26 [tracker] [s2] onset t=42.375 env=0.00146 gate=0.00001 envDelta=0.00145 envFloor=0.00101 onset=0.987 thresh=0.009 onsetDelta=0.97837 baseline=0.00067 adaptive=0.00168 lastPeak=0.00003 guard=0.060 activeAge=-1.000 pitch=-1.00Hz pitchCents=0.0
2025-12-15 22:46:26 [tracker] [s3] onset t=42.380 env=0.00140 gate=0.00008 envDelta=0.00132 envFloor=0.00092 onset=0.883 thresh=0.012 onsetDelta=0.87169 baseline=0.00062 adaptive=0.00154 lastPeak=0.00000 guard=0.060 activeAge=-1.000 pitch=-1.00Hz pitchCents=0.0
2025-12-15 22:46:27 [tracker] [s2] onset t=42.471 env=0.00184 gate=0.00001 envDelta=0.00183 envFloor=0.00098 onset=1.072 thresh=0.009 onsetDelta=1.06349 baseline=0.00066 adaptive=0.00164 lastPeak=0.00002 guard=0.060 activeAge=-1.000 pitch=571.39Hz pitchCents=2852.4
2025-12-15 22:46:27 [tracker] [s6] onset t=42.497 env=0.00177 gate=0.00019 envDelta=0.00157 envFloor=0.00117 onset=1.276 thresh=0.018 onsetDelta=1.25759 baseline=0.00078 adaptive=0.00194 lastPeak=0.00000 guard=0.060 activeAge=-1.000 pitch=-1.00Hz pitchCents=0.0
2025-12-15 22:46:27 [tracker] [s3] onset t=42.577 env=0.00174 gate=0.00008 envDelta=0.00166 envFloor=0.00093 onset=0.994 thresh=0.012 onsetDelta=0.98217 baseline=0.00062 adaptive=0.00155 lastPeak=0.00000 guard=0.060 activeAge=-1.000 pitch=-1.00Hz pitchCents=0.0
2025-12-15 22:46:27 [tracker] [s6] onset t=42.607 env=0.00196 gate=0.00021 envDelta=0.00176 envFloor=0.00125 onset=0.924 thresh=0.018 onsetDelta=0.90555 baseline=0.00083 adaptive=0.00208 lastPeak=0.00000 guard=0.060 activeAge=-1.000 pitch=-1.00Hz pitchCents=0.0
2025-12-15 22:46:27 [tracker] [s4] onset t=42.623 env=0.00188 gate=0.00011 envDelta=0.00177 envFloor=0.00098 onset=1.060 thresh=0.014 onsetDelta=1.04574 baseline=0.00065 adaptive=0.00163 lastPeak=0.00000 guard=0.060 activeAge=-1.000 pitch=-1.00Hz pitchCents=0.0
2025-12-15 22:46:27 [tracker] [s3] onset t=42.663 env=0.00140 gate=0.00008 envDelta=0.00132 envFloor=0.00098 onset=0.957 thresh=0.012 onsetDelta=0.94508 baseline=0.00065 adaptive=0.00163 lastPeak=0.00000 guard=0.060 activeAge=-1.000 pitch=-1.00Hz pitchCents=0.0
2025-12-15 22:46:27 [tracker] [s1] aubio-raw t=42.6839 onset=1.000520 env=0.000704 peak=0.001882 gain=1.000
2025-12-15 22:46:27 [tracker] [s1] onset-accepted t=42.6839 env=0.000704 gate=0.000023 envDelta=0.000682 envFloor=0.000615 onset=1.000520 thresh=0.006000 onsetDelta=0.994520 baseline=0.000410 floor=0.000180 adapt=0.001024 lastPeak=0.000000 baseParam=0.000180 gateRatio=0.0550 envParam=0.000450 onsetScale=0.300 retriggerScale=1.400 guard=0.060 guardRemain=0.000 activeAge=-1.000 retrigRemain=0.000 pitchHz=-1.00 pitchCents=0.0
2025-12-15 22:46:27 [tracker] [s2] onset t=42.684 env=0.00157 gate=0.00001 envDelta=0.00156 envFloor=0.00095 onset=1.003 thresh=0.009 onsetDelta=0.99391 baseline=0.00064 adaptive=0.00159 lastPeak=0.00002 guard=0.060 activeAge=-1.000 pitch=-1.00Hz pitchCents=0.0
2025-12-15 22:46:27 [tracker] [s1] aubio-raw t=42.7746 onset=0.997337 env=0.000821 peak=0.002049 gain=1.000
2025-12-15 22:46:27 [tracker] [s1] onset-accepted t=42.7746 env=0.000821 gate=0.000022 envDelta=0.000799 envFloor=0.000607 onset=0.997337 thresh=0.006000 onsetDelta=0.991337 baseline=0.000405 floor=0.000180 adapt=0.001011 lastPeak=0.000000 baseParam=0.000180 gateRatio=0.0550 envParam=0.000450 onsetScale=0.300 retriggerScale=1.400 guard=0.060 guardRemain=0.000 activeAge=-1.000 retrigRemain=0.000 pitchHz=102.56 pitchCents=378.8
2025-12-15 22:46:27 [tracker] [s1] onset t=42.775 env=0.00082 gate=0.00002 envDelta=0.00080 envFloor=0.00061 onset=0.997 thresh=0.006 onsetDelta=0.99134 baseline=0.00040 adaptive=0.00101 lastPeak=0.00000 guard=0.060 activeAge=-1.000 pitch=102.56Hz pitchCents=378.8
2025-12-15 22:46:27 [tracker] [s1] aubio-raw t=42.8359 onset=0.998812 env=0.000975 peak=0.002054 gain=1.000
2025-12-15 22:46:27 [tracker] [s1] onset-accepted t=42.8359 env=0.000975 gate=0.000021 envDelta=0.000954 envFloor=0.000566 onset=0.998812 thresh=0.006000 onsetDelta=0.992812 baseline=0.000377 floor=0.000180 adapt=0.000943 lastPeak=0.000000 baseParam=0.000180 gateRatio=0.0550 envParam=0.000450 onsetScale=0.300 retriggerScale=1.400 guard=0.060 guardRemain=0.000 activeAge=-1.000 retrigRemain=0.000 pitchHz=347.80 pitchCents=2492.9
2025-12-15 22:46:27 [tracker] [s1] onset t=42.836 env=0.00098 gate=0.00002 envDelta=0.00095 envFloor=0.00057 onset=0.999 thresh=0.006 onsetDelta=0.99281 baseline=0.00038 adaptive=0.00094 lastPeak=0.00000 guard=0.060 activeAge=-1.000 pitch=347.80Hz pitchCents=2492.9
2025-12-15 22:46:27 [tracker] [s1] note-start t=42.836 fret=3 midi=43 vel=0.01 env=0.00098
2025-12-15 22:46:27 [tracker] [s6] onset t=42.897 env=0.00158 gate=0.00019 envDelta=0.00139 envFloor=0.00115 onset=1.288 thresh=0.018 onsetDelta=1.26962 baseline=0.00077 adaptive=0.00191 lastPeak=0.00000 guard=0.060 activeAge=-1.000 pitch=-1.00Hz pitchCents=0.0
2025-12-15 22:46:27 [tracker] [s1] aubio-raw t=42.9132 onset=0.958837 env=0.001085 peak=0.002149 gain=1.000
2025-12-15 22:46:27 [tracker] [s1] onset-accepted t=42.9132 env=0.001085 gate=0.000042 envDelta=0.001043 envFloor=0.000638 onset=0.958837 thresh=0.006000 onsetDelta=0.952837 baseline=0.000759 floor=0.000180 adapt=0.001064 lastPeak=0.000843 baseParam=0.000180 gateRatio=0.0550 envParam=0.000450 onsetScale=0.300 retriggerScale=1.400 guard=0.060 guardRemain=0.000 activeAge=0.077 retrigRemain=0.143 pitchHz=-1.00 pitchCents=0.0
2025-12-15 22:46:27 [tracker] [s1] onset t=42.913 env=0.00108 gate=0.00004 envDelta=0.00104 envFloor=0.00064 onset=0.959 thresh=0.006 onsetDelta=0.95284 baseline=0.00076 adaptive=0.00106 lastPeak=0.00084 guard=0.060 activeAge=0.077 pitch=-1.00Hz pitchCents=0.0
2025-12-15 22:46:27 [tracker] [s1] note-ended (new onset) t=42.913 fret=3 dur=0.077
2025-12-15 22:46:27 [tracker] [s4] onset t=42.916 env=0.00150 gate=0.00011 envDelta=0.00140 envFloor=0.00094 onset=0.979 thresh=0.014 onsetDelta=0.96480 baseline=0.00062 adaptive=0.00156 lastPeak=0.00000 guard=0.060 activeAge=-1.000 pitch=-1.00Hz pitchCents=0.0
2025-12-15 22:46:27 [tracker] [s2] onset t=42.961 env=0.00190 gate=0.00001 envDelta=0.00189 envFloor=0.00098 onset=1.218 thresh=0.009 onsetDelta=1.20934 baseline=0.00065 adaptive=0.00163 lastPeak=0.00001 guard=0.060 activeAge=-1.000 pitch=615.39Hz pitchCents=2980.8
2025-12-15 22:46:27 [tracker] [s6] onset t=43.020 env=0.00200 gate=0.00021 envDelta=0.00179 envFloor=0.00124 onset=0.995 thresh=0.018 onsetDelta=0.97711 baseline=0.00083 adaptive=0.00207 lastPeak=0.00000 guard=0.060 activeAge=-1.000 pitch=-1.00Hz pitchCents=0.0
2025-12-15 22:46:27 [tracker] [s1] aubio-raw t=43.0706 onset=0.996363 env=0.001078 peak=0.002185 gain=1.000
2025-12-15 22:46:27 [tracker] [s1] onset-accepted t=43.0706 env=0.001078 gate=0.000031 envDelta=0.001047 envFloor=0.000596 onset=0.996363 thresh=0.006000 onsetDelta=0.990363 baseline=0.000565 floor=0.000180 adapt=0.000994 lastPeak=0.000627 baseParam=0.000180 gateRatio=0.0550 envParam=0.000450 onsetScale=0.300 retriggerScale=1.400 guard=0.060 guardRemain=0.000 activeAge=-1.000 retrigRemain=0.000 pitchHz=800.04 pitchCents=3935.1
2025-12-15 22:46:27 [tracker] [s1] onset t=43.071 env=0.00108 gate=0.00003 envDelta=0.00105 envFloor=0.00060 onset=0.996 thresh=0.006 onsetDelta=0.99036 baseline=0.00056 adaptive=0.00099 lastPeak=0.00063 guard=0.060 activeAge=-1.000 pitch=800.04Hz pitchCents=3935.1
2025-12-15 22:46:27 [tracker] [s5] onset t=43.071 env=0.00176 gate=0.00015 envDelta=0.00161 envFloor=0.00110 onset=1.378 thresh=0.016 onsetDelta=1.36213 baseline=0.00073 adaptive=0.00184 lastPeak=0.00000 guard=0.060 activeAge=-1.000 pitch=-1.00Hz pitchCents=0.0
2025-12-15 22:46:27 [tracker] [s2] onset t=43.103 env=0.00155 gate=0.00001 envDelta=0.00154 envFloor=0.00094 onset=0.997 thresh=0.009 onsetDelta=0.98818 baseline=0.00131 adaptive=0.00156 lastPeak=0.00146 guard=0.060 activeAge=0.141 pitch=-1.00Hz pitchCents=0.0
2025-12-15 22:46:27 [tracker] [s2] note-ended (new onset) t=43.103 fret=24 dur=0.141
2025-12-15 22:46:27 [tracker] [s4] onset t=43.185 env=0.00183 gate=0.00012 envDelta=0.00171 envFloor=0.00102 onset=0.999 thresh=0.014 onsetDelta=0.98484 baseline=0.00068 adaptive=0.00171 lastPeak=0.00000 guard=0.060 activeAge=-1.000 pitch=-1.00Hz pitchCents=0.0
2025-12-15 22:46:27 [tracker] [s6] onset t=43.188 env=0.00191 gate=0.00021 envDelta=0.00171 envFloor=0.00124 onset=0.919 thresh=0.018 onsetDelta=0.90073 baseline=0.00082 adaptive=0.00206 lastPeak=0.00000 guard=0.060 activeAge=-1.000 pitch=-1.00Hz pitchCents=0.0
2025-12-15 22:46:27 [tracker] [s5] onset t=43.204 env=0.00150 gate=0.00015 envDelta=0.00135 envFloor=0.00107 onset=1.138 thresh=0.016 onsetDelta=1.12216 baseline=0.00071 adaptive=0.00178 lastPeak=0.00000 guard=0.060 activeAge=-1.000 pitch=-1.00Hz pitchCents=0.0
2025-12-15 22:46:27 [tracker] [s4] onset t=43.244 env=0.00172 gate=0.00011 envDelta=0.00161 envFloor=0.00097 onset=0.998 thresh=0.014 onsetDelta=0.98384 baseline=0.00065 adaptive=0.00162 lastPeak=0.00000 guard=0.060 activeAge=-1.000 pitch=-1.00Hz pitchCents=0.0
2025-12-15 22:46:27 [tracker] [s5] onset t=43.359 env=0.00157 gate=0.00014 envDelta=0.00143 envFloor=0.00103 onset=1.421 thresh=0.016 onsetDelta=1.40477 baseline=0.00069 adaptive=0.00172 lastPeak=0.00000 guard=0.060 activeAge=-1.000 pitch=-1.00Hz pitchCents=0.0
2025-12-15 22:46:28 [tracker] [s2] onset t=43.441 env=0.00128 gate=0.00001 envDelta=0.00127 envFloor=0.00094 onset=1.084 thresh=0.009 onsetDelta=1.07456 baseline=0.00069 adaptive=0.00156 lastPeak=0.00077 guard=0.060 activeAge=-1.000 pitch=-1.00Hz pitchCents=0.0
2025-12-15 22:46:28 [tracker] [s1] aubio-raw t=43.5265 onset=1.244968 env=0.000693 peak=0.001762 gain=1.000
2025-12-15 22:46:28 [tracker] [s1] onset-accepted t=43.5265 env=0.000693 gate=0.000022 envDelta=0.000671 envFloor=0.000592 onset=1.244968 thresh=0.006000 onsetDelta=1.238968 baseline=0.000394 floor=0.000180 adapt=0.000986 lastPeak=0.000266 baseParam=0.000180 gateRatio=0.0550 envParam=0.000450 onsetScale=0.300 retriggerScale=1.400 guard=0.060 guardRemain=0.000 activeAge=-1.000 retrigRemain=0.000 pitchHz=125.00 pitchCents=721.3
2025-12-15 22:46:28 [tracker] [s6] onset t=43.588 env=0.00183 gate=0.00021 envDelta=0.00162 envFloor=0.00124 onset=0.754 thresh=0.018 onsetDelta=0.73565 baseline=0.00083 adaptive=0.00207 lastPeak=0.00000 guard=0.060 activeAge=-1.000 pitch=-1.00Hz pitchCents=0.0
2025-12-15 22:46:28 [tracker] [s4] onset t=43.692 env=0.00115 gate=0.00011 envDelta=0.00104 envFloor=0.00094 onset=0.997 thresh=0.014 onsetDelta=0.98253 baseline=0.00063 adaptive=0.00157 lastPeak=0.00000 guard=0.060 activeAge=-1.000 pitch=-1.00Hz pitchCents=0.0
2025-12-15 22:46:28 [tracker] [s2] onset t=43.740 env=0.00122 gate=0.00001 envDelta=0.00121 envFloor=0.00090 onset=0.998 thresh=0.009 onsetDelta=0.98868 baseline=0.00060 adaptive=0.00151 lastPeak=0.00044 guard=0.060 activeAge=-1.000 pitch=571.51Hz pitchCents=2852.7
2025-12-15 22:46:28 [tracker] [s4] onset t=43.830 env=0.00173 gate=0.00012 envDelta=0.00161 envFloor=0.00107 onset=1.021 thresh=0.014 onsetDelta=1.00698 baseline=0.00071 adaptive=0.00178 lastPeak=0.00000 guard=0.060 activeAge=-1.000 pitch=-1.00Hz pitchCents=0.0
2025-12-15 22:46:28 [tracker] [s3] onset t=43.838 env=0.00132 gate=0.00008 envDelta=0.00124 envFloor=0.00095 onset=0.991 thresh=0.012 onsetDelta=0.97965 baseline=0.00063 adaptive=0.00158 lastPeak=0.00000 guard=0.060 activeAge=-1.000 pitch=-1.00Hz pitchCents=0.0
2025-12-15 22:46:28 [tracker] [s6] onset t=43.868 env=0.00190 gate=0.00022 envDelta=0.00168 envFloor=0.00131 onset=0.890 thresh=0.018 onsetDelta=0.87243 baseline=0.00087 adaptive=0.00218 lastPeak=0.00000 guard=0.060 activeAge=-1.000 pitch=-1.00Hz pitchCents=0.0
2025-12-15 22:46:28 [tracker] [s4] onset t=43.892 env=0.00171 gate=0.00012 envDelta=0.00159 envFloor=0.00105 onset=0.885 thresh=0.014 onsetDelta=0.87074 baseline=0.00070 adaptive=0.00175 lastPeak=0.00000 guard=0.060 activeAge=-1.000 pitch=-1.00Hz pitchCents=0.0
2025-12-15 22:46:28 [tracker] [s2] onset t=43.908 env=0.00133 gate=0.00001 envDelta=0.00133 envFloor=0.00091 onset=0.660 thresh=0.009 onsetDelta=0.65147 baseline=0.00061 adaptive=0.00151 lastPeak=0.00032 guard=0.060 activeAge=-1.000 pitch=-1.00Hz pitchCents=0.0
2025-12-15 22:46:28 [tracker] [s5] onset t=43.945 env=0.00150 gate=0.00016 envDelta=0.00134 envFloor=0.00111 onset=0.847 thresh=0.016 onsetDelta=0.83059 baseline=0.00074 adaptive=0.00185 lastPeak=0.00000 guard=0.060 activeAge=-1.000 pitch=-1.00Hz pitchCents=0.0
2025-12-15 22:46:28 [tracker] [s2] onset t=43.988 env=0.00202 gate=0.00001 envDelta=0.00202 envFloor=0.00100 onset=0.995 thresh=0.009 onsetDelta=0.98620 baseline=0.00067 adaptive=0.00167 lastPeak=0.00028 guard=0.060 activeAge=-1.000 pitch=-1.00Hz pitchCents=0.0
2025-12-15 22:46:28 [tracker] [s5] onset t=44.041 env=0.00173 gate=0.00014 envDelta=0.00158 envFloor=0.00103 onset=1.277 thresh=0.016 onsetDelta=1.26065 baseline=0.00068 adaptive=0.00171 lastPeak=0.00000 guard=0.060 activeAge=-1.000 pitch=-1.00Hz pitchCents=0.0
2025-12-15 22:46:28 [tracker] [s4] onset t=44.049 env=0.00110 gate=0.00010 envDelta=0.00099 envFloor=0.00092 onset=1.029 thresh=0.014 onsetDelta=1.01468 baseline=0.00062 adaptive=0.00154 lastPeak=0.00000 guard=0.060 activeAge=-1.000 pitch=-1.00Hz pitchCents=0.0
2025-12-15 22:46:28 [tracker] [s1] aubio-raw t=44.1958 onset=0.786004 env=0.000821 peak=0.001941 gain=1.000
2025-12-15 22:46:28 [tracker] [s1] onset-accepted t=44.1958 env=0.000821 gate=0.000023 envDelta=0.000798 envFloor=0.000620 onset=0.786004 thresh=0.006000 onsetDelta=0.780004 baseline=0.000413 floor=0.000180 adapt=0.001033 lastPeak=0.000076 baseParam=0.000180 gateRatio=0.0550 envParam=0.000450 onsetScale=0.300 retriggerScale=1.400 guard=0.060 guardRemain=0.000 activeAge=-1.000 retrigRemain=0.000 pitchHz=-1.00 pitchCents=0.0
2025-12-15 22:46:28 [tracker] [s1] onset t=44.196 env=0.00082 gate=0.00002 envDelta=0.00080 envFloor=0.00062 onset=0.786 thresh=0.006 onsetDelta=0.78000 baseline=0.00041 adaptive=0.00103 lastPeak=0.00008 guard=0.060 activeAge=-1.000 pitch=-1.00Hz pitchCents=0.0
2025-12-15 22:46:28 [tracker] [s6] onset t=44.404 env=0.00181 gate=0.00020 envDelta=0.00161 envFloor=0.00121 onset=0.998 thresh=0.018 onsetDelta=0.98049 baseline=0.00081 adaptive=0.00202 lastPeak=0.00000 guard=0.060 activeAge=-1.000 pitch=-1.00Hz pitchCents=0.0
2025-12-15 22:46:29 [tracker] [s6] onset t=44.502 env=0.00180 gate=0.00019 envDelta=0.00161 envFloor=0.00117 onset=1.246 thresh=0.018 onsetDelta=1.22773 baseline=0.00078 adaptive=0.00194 lastPeak=0.00000 guard=0.060 activeAge=-1.000 pitch=-1.00Hz pitchCents=0.0
2025-12-15 22:46:29 [tracker] [s5] onset t=44.534 env=0.00218 gate=0.00016 envDelta=0.00203 envFloor=0.00111 onset=0.637 thresh=0.016 onsetDelta=0.62058 baseline=0.00074 adaptive=0.00185 lastPeak=0.00000 guard=0.060 activeAge=-1.000 pitch=-1.00Hz pitchCents=0.0
2025-12-15 22:46:29 [tracker] [s3] onset t=44.574 env=0.00150 gate=0.00008 envDelta=0.00142 envFloor=0.00094 onset=0.778 thresh=0.012 onsetDelta=0.76682 baseline=0.00063 adaptive=0.00157 lastPeak=0.00000 guard=0.060 activeAge=-1.000 pitch=-1.00Hz pitchCents=0.0
2025-12-15 22:46:29 [tracker] [s2] onset t=44.590 env=0.00108 gate=0.00001 envDelta=0.00107 envFloor=0.00097 onset=0.933 thresh=0.009 onsetDelta=0.92412 baseline=0.00065 adaptive=0.00162 lastPeak=0.00009 guard=0.060 activeAge=-1.000 pitch=-1.00Hz pitchCents=0.0
2025-12-15 22:46:29 [tracker] [s5] onset t=44.630 env=0.00169 gate=0.00016 envDelta=0.00153 envFloor=0.00113 onset=0.993 thresh=0.016 onsetDelta=0.97744 baseline=0.00075 adaptive=0.00189 lastPeak=0.00000 guard=0.060 activeAge=-1.000 pitch=-1.00Hz pitchCents=0.0
2025-12-15 22:46:29 [tracker] [s5] onset t=44.777 env=0.00147 gate=0.00014 envDelta=0.00133 envFloor=0.00102 onset=0.701 thresh=0.016 onsetDelta=0.68545 baseline=0.00068 adaptive=0.00171 lastPeak=0.00000 guard=0.060 activeAge=-1.000 pitch=-1.00Hz pitchCents=0.0
2025-12-15 22:46:29 [tracker] [s1] aubio-raw t=44.8011 onset=0.992550 env=0.000617 peak=0.001894 gain=1.000
2025-12-15 22:46:29 [tracker] [s1] onset-accepted t=44.8011 env=0.000617 gate=0.000020 envDelta=0.000597 envFloor=0.000548 onset=0.992550 thresh=0.006000 onsetDelta=0.986550 baseline=0.000365 floor=0.000180 adapt=0.000914 lastPeak=0.000024 baseParam=0.000180 gateRatio=0.0550 envParam=0.000450 onsetScale=0.300 retriggerScale=1.400 guard=0.060 guardRemain=0.000 activeAge=-1.000 retrigRemain=0.000 pitchHz=117.65 pitchCents=616.4
2025-12-15 22:46:29 [tracker] [s6] onset t=44.900 env=0.00174 gate=0.00020 envDelta=0.00154 envFloor=0.00121 onset=0.898 thresh=0.018 onsetDelta=0.88018 baseline=0.00081 adaptive=0.00202 lastPeak=0.00000 guard=0.060 activeAge=-1.000 pitch=-1.00Hz pitchCents=0.0
2025-12-15 22:46:29 [tracker] [s2] onset t=44.961 env=0.00229 gate=0.00001 envDelta=0.00228 envFloor=0.00113 onset=0.997 thresh=0.009 onsetDelta=0.98818 baseline=0.00075 adaptive=0.00188 lastPeak=0.00004 guard=0.060 activeAge=-1.000 pitch=-1.00Hz pitchCents=0.0
2025-12-15 22:46:29 [tracker] [s5] onset t=45.030 env=0.00195 gate=0.00016 envDelta=0.00179 envFloor=0.00112 onset=0.643 thresh=0.016 onsetDelta=0.62716 baseline=0.00075 adaptive=0.00187 lastPeak=0.00000 guard=0.060 activeAge=-1.000 pitch=-1.00Hz pitchCents=0.0
2025-12-15 22:46:29 [tracker] [s5] onset t=45.086 env=0.00162 gate=0.00015 envDelta=0.00147 envFloor=0.00106 onset=0.643 thresh=0.016 onsetDelta=0.62732 baseline=0.00071 adaptive=0.00176 lastPeak=0.00000 guard=0.060 activeAge=-1.000 pitch=-1.00Hz pitchCents=0.0
2025-12-15 22:46:29 [tracker] [s1] aubio-raw t=45.1397 onset=0.993105 env=0.000876 peak=0.002457 gain=1.000
2025-12-15 22:46:29 [tracker] [s1] onset-accepted t=45.1397 env=0.000876 gate=0.000022 envDelta=0.000854 envFloor=0.000605 onset=0.993105 thresh=0.006000 onsetDelta=0.987105 baseline=0.000403 floor=0.000180 adapt=0.001009 lastPeak=0.000013 baseParam=0.000180 gateRatio=0.0550 envParam=0.000450 onsetScale=0.300 retriggerScale=1.400 guard=0.060 guardRemain=0.000 activeAge=-1.000 retrigRemain=0.000 pitchHz=1333.22 pitchCents=4819.2
2025-12-15 22:46:29 [tracker] [s1] onset t=45.140 env=0.00088 gate=0.00002 envDelta=0.00085 envFloor=0.00061 onset=0.993 thresh=0.006 onsetDelta=0.98710 baseline=0.00040 adaptive=0.00101 lastPeak=0.00001 guard=0.060 activeAge=-1.000 pitch=1333.22Hz pitchCents=4819.2
2025-12-15 22:46:29 [tracker] [s2] onset t=45.153 env=0.00139 gate=0.00001 envDelta=0.00138 envFloor=0.00097 onset=1.098 thresh=0.009 onsetDelta=1.08900 baseline=0.00065 adaptive=0.00162 lastPeak=0.00003 guard=0.060 activeAge=-1.000 pitch=307.63Hz pitchCents=1780.4
2025-12-15 22:46:29 [tracker] [s6] onset t=45.204 env=0.00150 gate=0.00019 envDelta=0.00131 envFloor=0.00117 onset=1.001 thresh=0.018 onsetDelta=0.98280 baseline=0.00078 adaptive=0.00194 lastPeak=0.00000 guard=0.060 activeAge=-1.000 pitch=-1.00Hz pitchCents=0.0
2025-12-15 22:46:29 [tracker] [s5] onset t=45.228 env=0.00161 gate=0.00014 envDelta=0.00146 envFloor=0.00103 onset=1.042 thresh=0.016 onsetDelta=1.02634 baseline=0.00069 adaptive=0.00172 lastPeak=0.00000 guard=0.060 activeAge=-1.000 pitch=-1.00Hz pitchCents=0.0
2025-12-15 22:46:29 [tracker] [s2] onset t=45.302 env=0.00174 gate=0.00001 envDelta=0.00174 envFloor=0.00106 onset=0.829 thresh=0.009 onsetDelta=0.81987 baseline=0.00070 adaptive=0.00176 lastPeak=0.00002 guard=0.060 activeAge=-1.000 pitch=-1.00Hz pitchCents=0.0
2025-12-15 22:46:29 [tracker] [s3] onset t=45.318 env=0.00106 gate=0.00008 envDelta=0.00097 envFloor=0.00097 onset=0.993 thresh=0.012 onsetDelta=0.98179 baseline=0.00064 adaptive=0.00161 lastPeak=0.00000 guard=0.060 activeAge=-1.000 pitch=-1.00Hz pitchCents=0.0
2025-12-15 22:46:29 [tracker] [s1] aubio-raw t=45.3824 onset=0.917748 env=0.000581 peak=0.001597 gain=1.000
2025-12-15 22:46:29 [tracker] [s1] onset-accepted t=45.3824 env=0.000581 gate=0.000021 envDelta=0.000560 envFloor=0.000569 onset=0.917748 thresh=0.006000 onsetDelta=0.911748 baseline=0.000379 floor=0.000180 adapt=0.000948 lastPeak=0.000008 baseParam=0.000180 gateRatio=0.0550 envParam=0.000450 onsetScale=0.300 retriggerScale=1.400 guard=0.060 guardRemain=0.000 activeAge=-1.000 retrigRemain=0.000 pitchHz=-1.00 pitchCents=0.0
2025-12-15 22:46:29 [tracker] [s1] onset t=45.382 env=0.00058 gate=0.00002 envDelta=0.00056 envFloor=0.00057 onset=0.918 thresh=0.006 onsetDelta=0.91175 baseline=0.00038 adaptive=0.00095 lastPeak=0.00001 guard=0.060 activeAge=-1.000 pitch=-1.00Hz pitchCents=0.0
2025-12-15 22:46:29 [tracker] [s5] onset t=45.390 env=0.00174 gate=0.00015 envDelta=0.00159 envFloor=0.00109 onset=0.722 thresh=0.016 onsetDelta=0.70582 baseline=0.00073 adaptive=0.00182 lastPeak=0.00000 guard=0.060 activeAge=-1.000 pitch=-1.00Hz pitchCents=0.0
2025-12-15 22:46:29 [tracker] [s6] onset t=45.401 env=0.00192 gate=0.00022 envDelta=0.00169 envFloor=0.00135 onset=1.001 thresh=0.018 onsetDelta=0.98298 baseline=0.00090 adaptive=0.00225 lastPeak=0.00000 guard=0.060 activeAge=-1.000 pitch=-1.00Hz pitchCents=0.0
2025-12-15 22:46:30 [tracker] [s3] onset t=45.462 env=0.00149 gate=0.00008 envDelta=0.00141 envFloor=0.00092 onset=0.902 thresh=0.012 onsetDelta=0.88997 baseline=0.00061 adaptive=0.00153 lastPeak=0.00000 guard=0.060 activeAge=-1.000 pitch=-1.00Hz pitchCents=0.0
2025-12-15 22:46:30 [tracker] [s4] onset t=45.484 env=0.00159 gate=0.00011 envDelta=0.00147 envFloor=0.00100 onset=0.993 thresh=0.014 onsetDelta=0.97933 baseline=0.00067 adaptive=0.00167 lastPeak=0.00000 guard=0.060 activeAge=-1.000 pitch=-1.00Hz pitchCents=0.0
2025-12-15 22:46:30 [tracker] [s5] onset t=45.505 env=0.00140 gate=0.00015 envDelta=0.00125 envFloor=0.00104 onset=1.226 thresh=0.016 onsetDelta=1.21033 baseline=0.00069 adaptive=0.00173 lastPeak=0.00000 guard=0.060 activeAge=-1.000 pitch=-1.00Hz pitchCents=0.0
2025-12-15 22:46:30 [tracker] [s6] onset t=45.505 env=0.00180 gate=0.00020 envDelta=0.00160 envFloor=0.00119 onset=0.893 thresh=0.018 onsetDelta=0.87491 baseline=0.00079 adaptive=0.00198 lastPeak=0.00000 guard=0.060 activeAge=-1.000 pitch=-1.00Hz pitchCents=0.0
2025-12-15 22:46:30 [tracker] [s6] onset t=45.622 env=0.00196 gate=0.00020 envDelta=0.00176 envFloor=0.00120 onset=0.692 thresh=0.018 onsetDelta=0.67408 baseline=0.00080 adaptive=0.00199 lastPeak=0.00000 guard=0.060 activeAge=-1.000 pitch=-1.00Hz pitchCents=0.0
2025-12-15 22:46:30 [tracker] [s1] aubio-raw t=45.6677 onset=1.052794 env=0.001205 peak=0.002541 gain=1.000
2025-12-15 22:46:30 [tracker] [s1] onset-accepted t=45.6677 env=0.001205 gate=0.000021 envDelta=0.001184 envFloor=0.000580 onset=1.052794 thresh=0.006000 onsetDelta=1.046794 baseline=0.000386 floor=0.000180 adapt=0.000966 lastPeak=0.000005 baseParam=0.000180 gateRatio=0.0550 envParam=0.000450 onsetScale=0.300 retriggerScale=1.400 guard=0.060 guardRemain=0.000 activeAge=-1.000 retrigRemain=0.000 pitchHz=-1.00 pitchCents=0.0
2025-12-15 22:46:30 [tracker] [s5] onset t=45.686 env=0.00184 gate=0.00015 envDelta=0.00169 envFloor=0.00111 onset=1.073 thresh=0.016 onsetDelta=1.05700 baseline=0.00074 adaptive=0.00184 lastPeak=0.00000 guard=0.060 activeAge=-1.000 pitch=-1.00Hz pitchCents=0.0
2025-12-15 22:46:30 [tracker] [s4] onset t=45.793 env=0.00141 gate=0.00012 envDelta=0.00129 envFloor=0.00103 onset=1.339 thresh=0.014 onsetDelta=1.32528 baseline=0.00069 adaptive=0.00172 lastPeak=0.00000 guard=0.060 activeAge=-1.000 pitch=-1.00Hz pitchCents=0.0
2025-12-15 22:46:30 [tracker] [s5] onset t=45.796 env=0.00155 gate=0.00016 envDelta=0.00139 envFloor=0.00114 onset=1.070 thresh=0.016 onsetDelta=1.05383 baseline=0.00076 adaptive=0.00189 lastPeak=0.00000 guard=0.060 activeAge=-1.000 pitch=-1.00Hz pitchCents=0.0
2025-12-15 22:46:30 [tracker] [s5] onset t=45.854 env=0.00152 gate=0.00015 envDelta=0.00137 envFloor=0.00107 onset=0.974 thresh=0.016 onsetDelta=0.95832 baseline=0.00071 adaptive=0.00178 lastPeak=0.00000 guard=0.060 activeAge=-1.000 pitch=-1.00Hz pitchCents=0.0
2025-12-15 22:46:30 [tracker] [s6] onset t=45.862 env=0.00187 gate=0.00020 envDelta=0.00167 envFloor=0.00120 onset=1.374 thresh=0.018 onsetDelta=1.35638 baseline=0.00080 adaptive=0.00200 lastPeak=0.00000 guard=0.060 activeAge=-1.000 pitch=-1.00Hz pitchCents=0.0
2025-12-15 22:46:30 [tracker] [s1] aubio-raw t=45.8757 onset=1.312508 env=0.000464 peak=0.001499 gain=1.000
2025-12-15 22:46:30 [tracker] [s1] onset-below-env-floor t=45.8757 env=0.000464 gate=0.000022 envDelta=0.000443 envFloor=0.000595 onset=1.312508 thresh=0.006000 onsetDelta=1.306508 baseline=0.000396 floor=0.000180 adapt=0.000991 lastPeak=0.000003 baseParam=0.000180 gateRatio=0.0550 envParam=0.000450 onsetScale=0.300 retriggerScale=1.400 guard=0.060 guardRemain=0.000 activeAge=-1.000 retrigRemain=0.000 pitchHz=103.90 pitchCents=401.1
2025-12-15 22:46:30 [tracker] [s3] onset t=45.972 env=0.00142 gate=0.00008 envDelta=0.00134 envFloor=0.00094 onset=1.002 thresh=0.012 onsetDelta=0.99026 baseline=0.00062 adaptive=0.00156 lastPeak=0.00000 guard=0.060 activeAge=-1.000 pitch=-1.00Hz pitchCents=0.0
2025-12-15 22:46:30 [tracker] [s2] onset t=45.990 env=0.00102 gate=0.00001 envDelta=0.00101 envFloor=0.00098 onset=1.079 thresh=0.009 onsetDelta=1.06995 baseline=0.00065 adaptive=0.00164 lastPeak=0.00001 guard=0.060 activeAge=-1.000 pitch=-1.00Hz pitchCents=0.0
2025-12-15 22:46:30 [tracker] [s3] onset t=46.065 env=0.00135 gate=0.00008 envDelta=0.00127 envFloor=0.00094 onset=1.133 thresh=0.012 onsetDelta=1.12124 baseline=0.00063 adaptive=0.00157 lastPeak=0.00000 guard=0.060 activeAge=-1.000 pitch=-1.00Hz pitchCents=0.0
2025-12-15 22:46:30 [tracker] [s4] onset t=46.121 env=0.00199 gate=0.00012 envDelta=0.00187 envFloor=0.00103 onset=0.557 thresh=0.014 onsetDelta=0.54265 baseline=0.00069 adaptive=0.00172 lastPeak=0.00000 guard=0.060 activeAge=-1.000 pitch=-1.00Hz pitchCents=0.0
2025-12-15 22:46:30 [tracker] [s6] onset t=46.153 env=0.00192 gate=0.00021 envDelta=0.00171 envFloor=0.00128 onset=1.039 thresh=0.018 onsetDelta=1.02081 baseline=0.00086 adaptive=0.00214 lastPeak=0.00000 guard=0.060 activeAge=-1.000 pitch=-1.00Hz pitchCents=0.0
2025-12-15 22:46:30 [tracker] [s1] aubio-raw t=46.1637 onset=0.992171 env=0.001084 peak=0.002516 gain=1.000
2025-12-15 22:46:30 [tracker] [s1] onset-accepted t=46.1637 env=0.001084 gate=0.000022 envDelta=0.001062 envFloor=0.000606 onset=0.992171 thresh=0.006000 onsetDelta=0.986171 baseline=0.000404 floor=0.000180 adapt=0.001009 lastPeak=0.000002 baseParam=0.000180 gateRatio=0.0550 envParam=0.000450 onsetScale=0.300 retriggerScale=1.400 guard=0.060 guardRemain=0.000 activeAge=-1.000 retrigRemain=0.000 pitchHz=-1.00 pitchCents=0.0
2025-12-15 22:46:30 [tracker] [s1] onset t=46.164 env=0.00108 gate=0.00002 envDelta=0.00106 envFloor=0.00061 onset=0.992 thresh=0.006 onsetDelta=0.98617 baseline=0.00040 adaptive=0.00101 lastPeak=0.00000 guard=0.060 activeAge=-1.000 pitch=-1.00Hz pitchCents=0.0
2025-12-15 22:46:30 [tracker] [s5] onset t=46.222 env=0.00205 gate=0.00015 envDelta=0.00189 envFloor=0.00110 onset=0.735 thresh=0.016 onsetDelta=0.71934 baseline=0.00074 adaptive=0.00184 lastPeak=0.00000 guard=0.060 activeAge=-1.000 pitch=-1.00Hz pitchCents=0.0
2025-12-15 22:46:30 [tracker] [s3] onset t=46.241 env=0.00109 gate=0.00008 envDelta=0.00102 envFloor=0.00088 onset=0.998 thresh=0.012 onsetDelta=0.98689 baseline=0.00059 adaptive=0.00147 lastPeak=0.00000 guard=0.060 activeAge=-1.000 pitch=-1.00Hz pitchCents=0.0
2025-12-15 22:46:30 [tracker] [s2] onset t=46.254 env=0.00165 gate=0.00001 envDelta=0.00165 envFloor=0.00089 onset=1.452 thresh=0.009 onsetDelta=1.44284 baseline=0.00059 adaptive=0.00149 lastPeak=0.00000 guard=0.060 activeAge=-1.000 pitch=444.49Hz pitchCents=2417.6
2025-12-15 22:46:30 [tracker] [s5] onset t=46.281 env=0.00129 gate=0.00015 envDelta=0.00115 envFloor=0.00105 onset=1.031 thresh=0.016 onsetDelta=1.01529 baseline=0.00070 adaptive=0.00175 lastPeak=0.00000 guard=0.060 activeAge=-1.000 pitch=-1.00Hz pitchCents=0.0
2025-12-15 22:46:30 [tracker] [s5] onset t=46.385 env=0.00158 gate=0.00015 envDelta=0.00143 envFloor=0.00105 onset=0.990 thresh=0.016 onsetDelta=0.97437 baseline=0.00070 adaptive=0.00176 lastPeak=0.00000 guard=0.060 activeAge=-1.000 pitch=-1.00Hz pitchCents=0.0
2025-12-15 22:46:30 [tracker] [s4] onset t=46.393 env=0.00162 gate=0.00011 envDelta=0.00152 envFloor=0.00097 onset=1.094 thresh=0.014 onsetDelta=1.07985 baseline=0.00064 adaptive=0.00161 lastPeak=0.00000 guard=0.060 activeAge=-1.000 pitch=-1.00Hz pitchCents=0.0
2025-12-15 22:46:30 [tracker] [s2] onset t=46.404 env=0.00152 gate=0.00001 envDelta=0.00152 envFloor=0.00099 onset=0.779 thresh=0.009 onsetDelta=0.77012 baseline=0.00066 adaptive=0.00164 lastPeak=0.00000 guard=0.060 activeAge=-1.000 pitch=307.69Hz pitchCents=1780.8
2025-12-15 22:46:31 [tracker] [s5] onset t=46.462 env=0.00181 gate=0.00016 envDelta=0.00165 envFloor=0.00111 onset=1.371 thresh=0.016 onsetDelta=1.35482 baseline=0.00074 adaptive=0.00185 lastPeak=0.00000 guard=0.060 activeAge=-1.000 pitch=-1.00Hz pitchCents=0.0
2025-12-15 22:46:31 [tracker] [s1] aubio-raw t=46.4783 onset=0.998519 env=0.000907 peak=0.002309 gain=1.000
2025-12-15 22:46:31 [tracker] [s1] onset-accepted t=46.4783 env=0.000907 gate=0.000022 envDelta=0.000885 envFloor=0.000595 onset=0.998519 thresh=0.006000 onsetDelta=0.992519 baseline=0.000396 floor=0.000180 adapt=0.000991 lastPeak=0.000001 baseParam=0.000180 gateRatio=0.0550 envParam=0.000450 onsetScale=0.300 retriggerScale=1.400 guard=0.060 guardRemain=0.000 activeAge=-1.000 retrigRemain=0.000 pitchHz=105.26 pitchCents=423.8
2025-12-15 22:46:31 [tracker] [s1] onset t=46.478 env=0.00091 gate=0.00002 envDelta=0.00089 envFloor=0.00059 onset=0.999 thresh=0.006 onsetDelta=0.99252 baseline=0.00040 adaptive=0.00099 lastPeak=0.00000 guard=0.060 activeAge=-1.000 pitch=105.26Hz pitchCents=423.8
2025-12-15 22:46:31 [tracker] [s5] onset t=46.521 env=0.00162 gate=0.00016 envDelta=0.00146 envFloor=0.00113 onset=1.000 thresh=0.016 onsetDelta=0.98438 baseline=0.00075 adaptive=0.00188 lastPeak=0.00000 guard=0.060 activeAge=-1.000 pitch=-1.00Hz pitchCents=0.0
2025-12-15 22:46:31 [tracker] [s1] aubio-raw t=46.5530 onset=0.998476 env=0.001306 peak=0.002631 gain=1.000
2025-12-15 22:46:31 [tracker] [s1] onset-accepted t=46.5530 env=0.001306 gate=0.000023 envDelta=0.001283 envFloor=0.000633 onset=0.998476 thresh=0.006000 onsetDelta=0.992476 baseline=0.000422 floor=0.000180 adapt=0.001054 lastPeak=0.000001 baseParam=0.000180 gateRatio=0.0550 envParam=0.000450 onsetScale=0.300 retriggerScale=1.400 guard=0.060 guardRemain=0.000 activeAge=-1.000 retrigRemain=0.000 pitchHz=615.37 pitchCents=3480.7
2025-12-15 22:46:31 [tracker] [s1] onset t=46.553 env=0.00131 gate=0.00002 envDelta=0.00128 envFloor=0.00063 onset=0.998 thresh=0.006 onsetDelta=0.99248 baseline=0.00042 adaptive=0.00105 lastPeak=0.00000 guard=0.060 activeAge=-1.000 pitch=615.37Hz pitchCents=3480.7
2025-12-15 22:46:31 [tracker] [s4] onset t=46.670 env=0.00148 gate=0.00011 envDelta=0.00137 envFloor=0.00095 onset=0.991 thresh=0.014 onsetDelta=0.97672 baseline=0.00063 adaptive=0.00159 lastPeak=0.00000 guard=0.060 activeAge=-1.000 pitch=-1.00Hz pitchCents=0.0
2025-12-15 22:46:31 [tracker] [s6] onset t=46.686 env=0.00198 gate=0.00019 envDelta=0.00178 envFloor=0.00117 onset=1.352 thresh=0.018 onsetDelta=1.33359 baseline=0.00078 adaptive=0.00195 lastPeak=0.00000 guard=0.060 activeAge=-1.000 pitch=-1.00Hz pitchCents=0.0
2025-12-15 22:46:31 [tracker] [s1] aubio-raw t=46.7023 onset=0.894994 env=0.000895 peak=0.002364 gain=1.000
2025-12-15 22:46:31 [tracker] [s1] onset-accepted t=46.7023 env=0.000895 gate=0.000021 envDelta=0.000874 envFloor=0.000572 onset=0.894994 thresh=0.006000 onsetDelta=0.888994 baseline=0.000381 floor=0.000180 adapt=0.000953 lastPeak=0.000001 baseParam=0.000180 gateRatio=0.0550 envParam=0.000450 onsetScale=0.300 retriggerScale=1.400 guard=0.060 guardRemain=0.000 activeAge=-1.000 retrigRemain=0.000 pitchHz=235.31 pitchCents=1816.4
2025-12-15 22:46:31 [tracker] [s1] onset t=46.702 env=0.00090 gate=0.00002 envDelta=0.00087 envFloor=0.00057 onset=0.895 thresh=0.006 onsetDelta=0.88899 baseline=0.00038 adaptive=0.00095 lastPeak=0.00000 guard=0.060 activeAge=-1.000 pitch=235.31Hz pitchCents=1816.4
2025-12-15 22:46:31 [tracker] [s4] onset t=46.857 env=0.00188 gate=0.00012 envDelta=0.00176 envFloor=0.00107 onset=0.996 thresh=0.014 onsetDelta=0.98174 baseline=0.00072 adaptive=0.00179 lastPeak=0.00000 guard=0.060 activeAge=-1.000 pitch=-1.00Hz pitchCents=0.0
2025-12-15 22:46:31 [tracker] [s4] onset t=46.958 env=0.00133 gate=0.00012 envDelta=0.00122 envFloor=0.00102 onset=0.763 thresh=0.014 onsetDelta=0.74896 baseline=0.00068 adaptive=0.00169 lastPeak=0.00000 guard=0.060 activeAge=-1.000 pitch=-1.00Hz pitchCents=0.0
2025-12-15 22:46:31 [tracker] [s6] onset t=46.996 env=0.00177 gate=0.00020 envDelta=0.00157 envFloor=0.00121 onset=1.321 thresh=0.018 onsetDelta=1.30250 baseline=0.00081 adaptive=0.00201 lastPeak=0.00000 guard=0.060 activeAge=-1.000 pitch=-1.00Hz pitchCents=0.0
2025-12-15 22:46:31 [tracker] [s2] onset t=47.052 env=0.00177 gate=0.00001 envDelta=0.00176 envFloor=0.00099 onset=1.347 thresh=0.009 onsetDelta=1.33776 baseline=0.00066 adaptive=0.00164 lastPeak=0.00000 guard=0.060 activeAge=-1.000 pitch=800.02Hz pitchCents=3435.0
2025-12-15 22:46:31 [tracker] [s3] onset t=47.161 env=0.00204 gate=0.00009 envDelta=0.00195 envFloor=0.00101 onset=1.020 thresh=0.012 onsetDelta=1.00857 baseline=0.00067 adaptive=0.00168 lastPeak=0.00000 guard=0.060 activeAge=-1.000 pitch=-1.00Hz pitchCents=0.0
2025-12-15 22:46:31 [tracker] [s5] onset t=47.281 env=0.00186 gate=0.00015 envDelta=0.00170 envFloor=0.00110 onset=0.894 thresh=0.016 onsetDelta=0.87755 baseline=0.00073 adaptive=0.00183 lastPeak=0.00000 guard=0.060 activeAge=-1.000 pitch=-1.00Hz pitchCents=0.0
2025-12-15 22:46:31 [tracker] [s6] onset t=47.305 env=0.00197 gate=0.00021 envDelta=0.00175 envFloor=0.00128 onset=1.135 thresh=0.018 onsetDelta=1.11714 baseline=0.00085 adaptive=0.00213 lastPeak=0.00000 guard=0.060 activeAge=-1.000 pitch=-1.00Hz pitchCents=0.0
2025-12-15 22:46:31 [tracker] [s6] onset t=47.358 env=0.00207 gate=0.00021 envDelta=0.00186 envFloor=0.00124 onset=1.126 thresh=0.018 onsetDelta=1.10796 baseline=0.00083 adaptive=0.00206 lastPeak=0.00000 guard=0.060 activeAge=-1.000 pitch=-1.00Hz pitchCents=0.0
2025-12-15 22:46:31 [tracker] [s4] onset t=47.398 env=0.00135 gate=0.00011 envDelta=0.00124 envFloor=0.00098 onset=1.106 thresh=0.014 onsetDelta=1.09198 baseline=0.00065 adaptive=0.00163 lastPeak=0.00000 guard=0.060 activeAge=-1.000 pitch=-1.00Hz pitchCents=0.0
2025-12-15 22:46:31 [tracker] [s1] aubio-raw t=47.4196 onset=1.047992 env=0.000951 peak=0.002386 gain=1.000
2025-12-15 22:46:31 [tracker] [s1] onset-accepted t=47.4196 env=0.000951 gate=0.000022 envDelta=0.000929 envFloor=0.000599 onset=1.047992 thresh=0.006000 onsetDelta=1.041992 baseline=0.000399 floor=0.000180 adapt=0.000999 lastPeak=0.000000 baseParam=0.000180 gateRatio=0.0550 envParam=0.000450 onsetScale=0.300 retriggerScale=1.400 guard=0.060 guardRemain=0.000 activeAge=-1.000 retrigRemain=0.000 pitchHz=111.10 pitchCents=517.3
2025-12-15 22:46:31 [tracker] [s1] onset t=47.420 env=0.00095 gate=0.00002 envDelta=0.00093 envFloor=0.00060 onset=1.048 thresh=0.006 onsetDelta=1.04199 baseline=0.00040 adaptive=0.00100 lastPeak=0.00000 guard=0.060 activeAge=-1.000 pitch=111.10Hz pitchCents=517.3
2025-12-15 22:46:32 [tracker] [s1] aubio-raw t=47.4862 onset=0.709931 env=0.001143 peak=0.002554 gain=1.000
2025-12-15 22:46:32 [tracker] [s1] onset-accepted t=47.4862 env=0.001143 gate=0.000022 envDelta=0.001121 envFloor=0.000593 onset=0.709931 thresh=0.006000 onsetDelta=0.703931 baseline=0.000396 floor=0.000180 adapt=0.000989 lastPeak=0.000000 baseParam=0.000180 gateRatio=0.0550 envParam=0.000450 onsetScale=0.300 retriggerScale=1.400 guard=0.060 guardRemain=0.000 activeAge=-1.000 retrigRemain=0.000 pitchHz=727.01 pitchCents=3769.4
2025-12-15 22:46:32 [tracker] [s1] onset t=47.486 env=0.00114 gate=0.00002 envDelta=0.00112 envFloor=0.00059 onset=0.710 thresh=0.006 onsetDelta=0.70393 baseline=0.00040 adaptive=0.00099 lastPeak=0.00000 guard=0.060 activeAge=-1.000 pitch=727.01Hz pitchCents=3769.4
2025-12-15 22:46:32 [tracker] [s2] onset t=47.564 env=0.00164 gate=0.00001 envDelta=0.00163 envFloor=0.00095 onset=0.826 thresh=0.009 onsetDelta=0.81741 baseline=0.00063 adaptive=0.00159 lastPeak=0.00000 guard=0.060 activeAge=-1.000 pitch=-1.00Hz pitchCents=0.0
2025-12-15 22:46:32 [tracker] [s1] aubio-raw t=47.6756 onset=0.651282 env=0.000700 peak=0.002187 gain=1.000
2025-12-15 22:46:32 [tracker] [s1] onset-accepted t=47.6756 env=0.000700 gate=0.000022 envDelta=0.000678 envFloor=0.000600 onset=0.651282 thresh=0.006000 onsetDelta=0.645282 baseline=0.000400 floor=0.000180 adapt=0.000999 lastPeak=0.000000 baseParam=0.000180 gateRatio=0.0550 envParam=0.000450 onsetScale=0.300 retriggerScale=1.400 guard=0.060 guardRemain=0.000 activeAge=-1.000 retrigRemain=0.000 pitchHz=320.00 pitchCents=2348.7
2025-12-15 22:46:32 [tracker] [s1] onset t=47.676 env=0.00070 gate=0.00002 envDelta=0.00068 envFloor=0.00060 onset=0.651 thresh=0.006 onsetDelta=0.64528 baseline=0.00040 adaptive=0.00100 lastPeak=0.00000 guard=0.060 activeAge=-1.000 pitch=320.00Hz pitchCents=2348.7
2025-12-15 22:46:32 [tracker] [s4] onset t=47.732 env=0.00151 gate=0.00011 envDelta=0.00140 envFloor=0.00101 onset=0.999 thresh=0.014 onsetDelta=0.98485 baseline=0.00067 adaptive=0.00168 lastPeak=0.00000 guard=0.060 activeAge=-1.000 pitch=-1.00Hz pitchCents=0.0
2025-12-15 22:46:32 [tracker] [s5] onset t=47.772 env=0.00185 gate=0.00015 envDelta=0.00170 envFloor=0.00106 onset=1.128 thresh=0.016 onsetDelta=1.11247 baseline=0.00071 adaptive=0.00177 lastPeak=0.00000 guard=0.060 activeAge=-1.000 pitch=-1.00Hz pitchCents=0.0
2025-12-15 22:46:32 [tracker] [s3] onset t=47.830 env=0.00113 gate=0.00008 envDelta=0.00105 envFloor=0.00092 onset=1.000 thresh=0.012 onsetDelta=0.98882 baseline=0.00061 adaptive=0.00154 lastPeak=0.00000 guard=0.060 activeAge=-1.000 pitch=-1.00Hz pitchCents=0.0
2025-12-15 22:46:32 [tracker] [s3] onset t=47.884 env=0.00112 gate=0.00008 envDelta=0.00104 envFloor=0.00087 onset=0.996 thresh=0.012 onsetDelta=0.98472 baseline=0.00058 adaptive=0.00145 lastPeak=0.00000 guard=0.060 activeAge=-1.000 pitch=-1.00Hz pitchCents=0.0
2025-12-15 22:46:32 [tracker] [s1] aubio-raw t=48.0862 onset=0.997566 env=0.000986 peak=0.002241 gain=1.000
2025-12-15 22:46:32 [tracker] [s1] onset-accepted t=48.0862 env=0.000986 gate=0.000023 envDelta=0.000963 envFloor=0.000626 onset=0.997566 thresh=0.006000 onsetDelta=0.991566 baseline=0.000417 floor=0.000180 adapt=0.001043 lastPeak=0.000000 baseParam=0.000180 gateRatio=0.0550 envParam=0.000450 onsetScale=0.300 retriggerScale=1.400 guard=0.060 guardRemain=0.000 activeAge=-1.000 retrigRemain=0.000 pitchHz=-1.00 pitchCents=0.0
2025-12-15 22:46:32 [tracker] [s1] onset t=48.086 env=0.00099 gate=0.00002 envDelta=0.00096 envFloor=0.00063 onset=0.998 thresh=0.006 onsetDelta=0.99157 baseline=0.00042 adaptive=0.00104 lastPeak=0.00000 guard=0.060 activeAge=-1.000 pitch=-1.00Hz pitchCents=0.0
2025-12-15 22:46:32 [tracker] [s5] onset t=48.116 env=0.00166 gate=0.00015 envDelta=0.00150 envFloor=0.00108 onset=1.109 thresh=0.016 onsetDelta=1.09311 baseline=0.00072 adaptive=0.00179 lastPeak=0.00000 guard=0.060 activeAge=-1.000 pitch=-1.00Hz pitchCents=0.0
2025-12-15 22:46:32 [tracker] [s4] onset t=48.118 env=0.00158 gate=0.00011 envDelta=0.00147 envFloor=0.00099 onset=0.999 thresh=0.014 onsetDelta=0.98462 baseline=0.00066 adaptive=0.00165 lastPeak=0.00000 guard=0.060 activeAge=-1.000 pitch=-1.00Hz pitchCents=0.0
2025-12-15 22:46:32 [tracker] [s6] onset t=48.204 env=0.00176 gate=0.00020 envDelta=0.00156 envFloor=0.00119 onset=0.876 thresh=0.018 onsetDelta=0.85811 baseline=0.00079 adaptive=0.00199 lastPeak=0.00000 guard=0.060 activeAge=-1.000 pitch=-1.00Hz pitchCents=0.0
2025-12-15 22:46:32 [tracker] [s2] onset t=48.246 env=0.00104 gate=0.00001 envDelta=0.00103 envFloor=0.00099 onset=0.962 thresh=0.009 onsetDelta=0.95251 baseline=0.00066 adaptive=0.00165 lastPeak=0.00000 guard=0.060 activeAge=-1.000 pitch=296.28Hz pitchCents=1715.4
2025-12-15 22:46:32 [tracker] [s4] onset t=48.297 env=0.00154 gate=0.00011 envDelta=0.00143 envFloor=0.00101 onset=0.926 thresh=0.014 onsetDelta=0.91155 baseline=0.00068 adaptive=0.00169 lastPeak=0.00000 guard=0.060 activeAge=-1.000 pitch=-1.00Hz pitchCents=0.0
2025-12-15 22:46:32 [tracker] [s4] onset t=48.390 env=0.00150 gate=0.00012 envDelta=0.00138 envFloor=0.00102 onset=0.995 thresh=0.014 onsetDelta=0.98086 baseline=0.00068 adaptive=0.00170 lastPeak=0.00000 guard=0.060 activeAge=-1.000 pitch=-1.00Hz pitchCents=0.0
2025-12-15 22:46:33 [tracker] [s5] onset t=48.435 env=0.00186 gate=0.00016 envDelta=0.00170 envFloor=0.00111 onset=1.494 thresh=0.016 onsetDelta=1.47759 baseline=0.00074 adaptive=0.00185 lastPeak=0.00000 guard=0.060 activeAge=-1.000 pitch=-1.00Hz pitchCents=0.0
2025-12-15 22:46:33 [tracker] [s5] onset t=48.494 env=0.00168 gate=0.00015 envDelta=0.00153 envFloor=0.00108 onset=0.992 thresh=0.016 onsetDelta=0.97609 baseline=0.00072 adaptive=0.00181 lastPeak=0.00000 guard=0.060 activeAge=-1.000 pitch=-1.00Hz pitchCents=0.0
2025-12-15 22:46:33 [tracker] [s6] onset t=48.537 env=0.00146 gate=0.00020 envDelta=0.00126 envFloor=0.00119 onset=0.996 thresh=0.018 onsetDelta=0.97772 baseline=0.00079 adaptive=0.00198 lastPeak=0.00000 guard=0.060 activeAge=-1.000 pitch=-1.00Hz pitchCents=0.0
2025-12-15 22:46:33 [tracker] [s1] aubio-raw t=48.5822 onset=0.657225 env=0.001031 peak=0.002499 gain=1.000
2025-12-15 22:46:33 [tracker] [s1] onset-accepted t=48.5822 env=0.001031 gate=0.000021 envDelta=0.001009 envFloor=0.000579 onset=0.657225 thresh=0.006000 onsetDelta=0.651225 baseline=0.000386 floor=0.000180 adapt=0.000966 lastPeak=0.000000 baseParam=0.000180 gateRatio=0.0550 envParam=0.000450 onsetScale=0.300 retriggerScale=1.400 guard=0.060 guardRemain=0.000 activeAge=-1.000 retrigRemain=0.000 pitchHz=-1.00 pitchCents=0.0
2025-12-15 22:46:33 [tracker] [s1] onset t=48.582 env=0.00103 gate=0.00002 envDelta=0.00101 envFloor=0.00058 onset=0.657 thresh=0.006 onsetDelta=0.65122 baseline=0.00039 adaptive=0.00097 lastPeak=0.00000 guard=0.060 activeAge=-1.000 pitch=-1.00Hz pitchCents=0.0
2025-12-15 22:46:33 [tracker] [s3] onset t=48.590 env=0.00103 gate=0.00008 envDelta=0.00095 envFloor=0.00092 onset=0.997 thresh=0.012 onsetDelta=0.98583 baseline=0.00062 adaptive=0.00154 lastPeak=0.00000 guard=0.060 activeAge=-1.000 pitch=-1.00Hz pitchCents=0.0
2025-12-15 22:46:33 [tracker] [s1] aubio-raw t=48.7128 onset=0.715672 env=0.000834 peak=0.002267 gain=1.000
2025-12-15 22:46:33 [tracker] [s1] onset-accepted t=48.7128 env=0.000834 gate=0.000023 envDelta=0.000811 envFloor=0.000626 onset=0.715672 thresh=0.006000 onsetDelta=0.709672 baseline=0.000418 floor=0.000180 adapt=0.001044 lastPeak=0.000000 baseParam=0.000180 gateRatio=0.0550 envParam=0.000450 onsetScale=0.300 retriggerScale=1.400 guard=0.060 guardRemain=0.000 activeAge=-1.000 retrigRemain=0.000 pitchHz=-1.00 pitchCents=0.0
2025-12-15 22:46:33 [tracker] [s1] onset t=48.713 env=0.00083 gate=0.00002 envDelta=0.00081 envFloor=0.00063 onset=0.716 thresh=0.006 onsetDelta=0.70967 baseline=0.00042 adaptive=0.00104 lastPeak=0.00000 guard=0.060 activeAge=-1.000 pitch=-1.00Hz pitchCents=0.0
2025-12-15 22:46:33 [tracker] [s2] onset t=48.777 env=0.00123 gate=0.00001 envDelta=0.00122 envFloor=0.00102 onset=0.986 thresh=0.009 onsetDelta=0.97708 baseline=0.00068 adaptive=0.00170 lastPeak=0.00000 guard=0.060 activeAge=-1.000 pitch=-1.00Hz pitchCents=0.0
2025-12-15 22:46:33 [tracker] [s1] aubio-raw t=48.8088 onset=0.997229 env=0.000857 peak=0.002573 gain=1.000
2025-12-15 22:46:33 [tracker] [s1] onset-accepted t=48.8088 env=0.000857 gate=0.000023 envDelta=0.000835 envFloor=0.000616 onset=0.997229 thresh=0.006000 onsetDelta=0.991229 baseline=0.000411 floor=0.000180 adapt=0.001027 lastPeak=0.000000 baseParam=0.000180 gateRatio=0.0550 envParam=0.000450 onsetScale=0.300 retriggerScale=1.400 guard=0.060 guardRemain=0.000 activeAge=-1.000 retrigRemain=0.000 pitchHz=-1.00 pitchCents=0.0
2025-12-15 22:46:33 [tracker] [s1] onset t=48.809 env=0.00086 gate=0.00002 envDelta=0.00083 envFloor=0.00062 onset=0.997 thresh=0.006 onsetDelta=0.99123 baseline=0.00041 adaptive=0.00103 lastPeak=0.00000 guard=0.060 activeAge=-1.000 pitch=-1.00Hz pitchCents=0.0
2025-12-15 22:46:33 [tracker] [s5] onset t=48.905 env=0.00161 gate=0.00015 envDelta=0.00146 envFloor=0.00107 onset=1.117 thresh=0.016 onsetDelta=1.10129 baseline=0.00071 adaptive=0.00178 lastPeak=0.00000 guard=0.060 activeAge=-1.000 pitch=-1.00Hz pitchCents=0.0
2025-12-15 22:46:33 [tracker] [s1] aubio-raw t=48.9395 onset=0.996975 env=0.000610 peak=0.001756 gain=1.000
2025-12-15 22:46:33 [tracker] [s1] onset-accepted t=48.9395 env=0.000610 gate=0.000021 envDelta=0.000589 envFloor=0.000574 onset=0.996975 thresh=0.006000 onsetDelta=0.990975 baseline=0.000382 floor=0.000180 adapt=0.000956 lastPeak=0.000000 baseParam=0.000180 gateRatio=0.0550 envParam=0.000450 onsetScale=0.300 retriggerScale=1.400 guard=0.060 guardRemain=0.000 activeAge=-1.000 retrigRemain=0.000 pitchHz=216.21 pitchCents=1670.0
2025-12-15 22:46:33 [tracker] [s1] onset t=48.939 env=0.00061 gate=0.00002 envDelta=0.00059 envFloor=0.00057 onset=0.997 thresh=0.006 onsetDelta=0.99098 baseline=0.00038 adaptive=0.00096 lastPeak=0.00000 guard=0.060 activeAge=-1.000 pitch=216.21Hz pitchCents=1670.0
2025-12-15 22:46:33 [tracker] [s2] onset t=48.958 env=0.00186 gate=0.00001 envDelta=0.00185 envFloor=0.00100 onset=1.354 thresh=0.009 onsetDelta=1.34515 baseline=0.00066 adaptive=0.00166 lastPeak=0.00000 guard=0.060 activeAge=-1.000 pitch=571.36Hz pitchCents=2852.3
2025-12-15 22:46:33 [tracker] [s2] note-start t=48.958 fret=24 midi=69 vel=0.02 env=0.00186
2025-12-15 22:46:33 [tracker] [s4] onset t=48.979 env=0.00143 gate=0.00011 envDelta=0.00131 envFloor=0.00100 onset=0.998 thresh=0.014 onsetDelta=0.98423 baseline=0.00067 adaptive=0.00166 lastPeak=0.00000 guard=0.060 activeAge=-1.000 pitch=-1.00Hz pitchCents=0.0
2025-12-15 22:46:33 [tracker] [s1] aubio-raw t=49.0195 onset=0.945131 env=0.000698 peak=0.001597 gain=1.000
2025-12-15 22:46:33 [tracker] [s1] onset-accepted t=49.0195 env=0.000698 gate=0.000022 envDelta=0.000676 envFloor=0.000601 onset=0.945131 thresh=0.006000 onsetDelta=0.939131 baseline=0.000401 floor=0.000180 adapt=0.001002 lastPeak=0.000000 baseParam=0.000180 gateRatio=0.0550 envParam=0.000450 onsetScale=0.300 retriggerScale=1.400 guard=0.060 guardRemain=0.000 activeAge=-1.000 retrigRemain=0.000 pitchHz=-1.00 pitchCents=0.0
2025-12-15 22:46:33 [tracker] [s1] onset t=49.019 env=0.00070 gate=0.00002 envDelta=0.00068 envFloor=0.00060 onset=0.945 thresh=0.006 onsetDelta=0.93913 baseline=0.00040 adaptive=0.00100 lastPeak=0.00000 guard=0.060 activeAge=-1.000 pitch=-1.00Hz pitchCents=0.0
2025-12-15 22:46:33 [tracker] [s1] aubio-raw t=49.0808 onset=0.997334 env=0.000956 peak=0.002515 gain=1.000
2025-12-15 22:46:33 [tracker] [s1] onset-accepted t=49.0808 env=0.000956 gate=0.000023 envDelta=0.000933 envFloor=0.000624 onset=0.997334 thresh=0.006000 onsetDelta=0.991334 baseline=0.000416 floor=0.000180 adapt=0.001040 lastPeak=0.000000 baseParam=0.000180 gateRatio=0.0550 envParam=0.000450 onsetScale=0.300 retriggerScale=1.400 guard=0.060 guardRemain=0.000 activeAge=-1.000 retrigRemain=0.000 pitchHz=-1.00 pitchCents=0.0
2025-12-15 22:46:33 [tracker] [s1] onset t=49.081 env=0.00096 gate=0.00002 envDelta=0.00093 envFloor=0.00062 onset=0.997 thresh=0.006 onsetDelta=0.99133 baseline=0.00042 adaptive=0.00104 lastPeak=0.00000 guard=0.060 activeAge=-1.000 pitch=-1.00Hz pitchCents=0.0
2025-12-15 22:46:33 [tracker] [s6] onset t=49.097 env=0.00185 gate=0.00021 envDelta=0.00164 envFloor=0.00128 onset=0.909 thresh=0.018 onsetDelta=0.89086 baseline=0.00085 adaptive=0.00214 lastPeak=0.00000 guard=0.060 activeAge=-1.000 pitch=-1.00Hz pitchCents=0.0
2025-12-15 22:46:33 [tracker] [s6] onset t=49.201 env=0.00187 gate=0.00022 envDelta=0.00165 envFloor=0.00129 onset=0.999 thresh=0.018 onsetDelta=0.98093 baseline=0.00086 adaptive=0.00215 lastPeak=0.00000 guard=0.060 activeAge=-1.000 pitch=-1.00Hz pitchCents=0.0
2025-12-15 22:46:33 [tracker] [s5] onset t=49.278 env=0.00150 gate=0.00015 envDelta=0.00136 envFloor=0.00106 onset=1.294 thresh=0.016 onsetDelta=1.27821 baseline=0.00070 adaptive=0.00176 lastPeak=0.00000 guard=0.060 activeAge=-1.000 pitch=-1.00Hz pitchCents=0.0
2025-12-15 22:46:33 [tracker] [s6] onset t=49.385 env=0.00195 gate=0.00020 envDelta=0.00175 envFloor=0.00118 onset=1.043 thresh=0.018 onsetDelta=1.02463 baseline=0.00079 adaptive=0.00196 lastPeak=0.00000 guard=0.060 activeAge=-1.000 pitch=-1.00Hz pitchCents=0.0
2025-12-15 22:46:33 [tracker] [s5] onset t=49.406 env=0.00196 gate=0.00015 envDelta=0.00182 envFloor=0.00105 onset=1.164 thresh=0.016 onsetDelta=1.14824 baseline=0.00070 adaptive=0.00175 lastPeak=0.00000 guard=0.060 activeAge=-1.000 pitch=-1.00Hz pitchCents=0.0
2025-12-15 22:46:34 [tracker] [s3] onset t=49.457 env=0.00157 gate=0.00008 envDelta=0.00149 envFloor=0.00093 onset=1.001 thresh=0.012 onsetDelta=0.98981 baseline=0.00062 adaptive=0.00155 lastPeak=0.00000 guard=0.060 activeAge=-1.000 pitch=-1.00Hz pitchCents=0.0
2025-12-15 22:46:34 [tracker] [s4] onset t=49.497 env=0.00138 gate=0.00011 envDelta=0.00127 envFloor=0.00097 onset=1.315 thresh=0.014 onsetDelta=1.30106 baseline=0.00065 adaptive=0.00162 lastPeak=0.00000 guard=0.060 activeAge=-1.000 pitch=-1.00Hz pitchCents=0.0
2025-12-15 22:46:34 [tracker] [s3] onset t=49.526 env=0.00129 gate=0.00008 envDelta=0.00122 envFloor=0.00089 onset=1.101 thresh=0.012 onsetDelta=1.08982 baseline=0.00059 adaptive=0.00148 lastPeak=0.00000 guard=0.060 activeAge=-1.000 pitch=-1.00Hz pitchCents=0.0
2025-12-15 22:46:34 [tracker] [s6] onset t=49.547 env=0.00198 gate=0.00021 envDelta=0.00177 envFloor=0.00128 onset=1.016 thresh=0.018 onsetDelta=0.99816 baseline=0.00085 adaptive=0.00213 lastPeak=0.00000 guard=0.060 activeAge=-1.000 pitch=-1.00Hz pitchCents=0.0
2025-12-15 22:46:34 [tracker] [s5] onset t=49.590 env=0.00179 gate=0.00016 envDelta=0.00162 envFloor=0.00116 onset=1.117 thresh=0.016 onsetDelta=1.10148 baseline=0.00077 adaptive=0.00193 lastPeak=0.00000 guard=0.060 activeAge=-1.000 pitch=-1.00Hz pitchCents=0.0
2025-12-15 22:46:34 [tracker] [s5] onset t=49.678 env=0.00154 gate=0.00014 envDelta=0.00140 envFloor=0.00101 onset=0.997 thresh=0.016 onsetDelta=0.98137 baseline=0.00067 adaptive=0.00169 lastPeak=0.00000 guard=0.060 activeAge=-1.000 pitch=-1.00Hz pitchCents=0.0
2025-12-15 22:46:34 [tracker] [s1] aubio-raw t=49.7421 onset=0.925422 env=0.000541 peak=0.001498 gain=1.000
2025-12-15 22:46:34 [tracker] [s1] onset-below-env-floor t=49.7421 env=0.000541 gate=0.000021 envDelta=0.000520 envFloor=0.000564 onset=0.925422 thresh=0.006000 onsetDelta=0.919422 baseline=0.000376 floor=0.000180 adapt=0.000940 lastPeak=0.000000 baseParam=0.000180 gateRatio=0.0550 envParam=0.000450 onsetScale=0.300 retriggerScale=1.400 guard=0.060 guardRemain=0.000 activeAge=-1.000 retrigRemain=0.000 pitchHz=296.28 pitchCents=2215.4
2025-12-15 22:46:34 [tracker] [s4] onset t=49.758 env=0.00157 gate=0.00011 envDelta=0.00146 envFloor=0.00099 onset=0.993 thresh=0.014 onsetDelta=0.97933 baseline=0.00066 adaptive=0.00165 lastPeak=0.00000 guard=0.060 activeAge=-1.000 pitch=-1.00Hz pitchCents=0.0
2025-12-15 22:46:34 [tracker] [s2] onset t=49.793 env=0.00185 gate=0.00001 envDelta=0.00184 envFloor=0.00104 onset=0.579 thresh=0.009 onsetDelta=0.56981 baseline=0.00069 adaptive=0.00173 lastPeak=0.00039 guard=0.060 activeAge=0.835 pitch=258.06Hz pitchCents=1476.2
2025-12-15 22:46:34 [tracker] [s2] note-ended (new onset) t=49.793 fret=24 dur=0.835
2025-12-15 22:46:34 [tracker] [s5] onset t=49.878 env=0.00178 gate=0.00016 envDelta=0.00162 envFloor=0.00113 onset=1.123 thresh=0.016 onsetDelta=1.10654 baseline=0.00075 adaptive=0.00189 lastPeak=0.00000 guard=0.060 activeAge=-1.000 pitch=-1.00Hz pitchCents=0.0
2025-12-15 22:46:34 [tracker] [s6] onset t=50.003 env=0.00184 gate=0.00021 envDelta=0.00163 envFloor=0.00127 onset=0.998 thresh=0.018 onsetDelta=0.98015 baseline=0.00084 adaptive=0.00211 lastPeak=0.00000 guard=0.060 activeAge=-1.000 pitch=-1.00Hz pitchCents=0.0
2025-12-15 22:46:34 [tracker] [s1] aubio-raw t=50.0354 onset=0.912095 env=0.000779 peak=0.002058 gain=1.000
2025-12-15 22:46:34 [tracker] [s1] onset-accepted t=50.0354 env=0.000779 gate=0.000023 envDelta=0.000756 envFloor=0.000622 onset=0.912095 thresh=0.006000 onsetDelta=0.906095 baseline=0.000415 floor=0.000180 adapt=0.001037 lastPeak=0.000000 baseParam=0.000180 gateRatio=0.0550 envParam=0.000450 onsetScale=0.300 retriggerScale=1.400 guard=0.060 guardRemain=0.000 activeAge=-1.000 retrigRemain=0.000 pitchHz=94.12 pitchCents=230.0
2025-12-15 22:46:34 [tracker] [s5] onset t=50.038 env=0.00149 gate=0.00015 envDelta=0.00134 envFloor=0.00108 onset=1.280 thresh=0.016 onsetDelta=1.26369 baseline=0.00072 adaptive=0.00181 lastPeak=0.00000 guard=0.060 activeAge=-1.000 pitch=-1.00Hz pitchCents=0.0
2025-12-15 22:46:34 [tracker] [s6] onset t=50.134 env=0.00164 gate=0.00019 envDelta=0.00145 envFloor=0.00113 onset=1.004 thresh=0.018 onsetDelta=0.98586 baseline=0.00075 adaptive=0.00188 lastPeak=0.00000 guard=0.060 activeAge=-1.000 pitch=-1.00Hz pitchCents=0.0
2025-12-15 22:46:34 [tracker] [s1] aubio-raw t=50.1767 onset=1.375505 env=0.001210 peak=0.002504 gain=1.000
2025-12-15 22:46:34 [tracker] [s1] onset-accepted t=50.1767 env=0.001210 gate=0.000023 envDelta=0.001187 envFloor=0.000630 onset=1.375505 thresh=0.006000 onsetDelta=1.369505 baseline=0.000420 floor=0.000180 adapt=0.001051 lastPeak=0.000000 baseParam=0.000180 gateRatio=0.0550 envParam=0.000450 onsetScale=0.300 retriggerScale=1.400 guard=0.060 guardRemain=0.000 activeAge=-1.000 retrigRemain=0.000 pitchHz=-1.00 pitchCents=0.0
2025-12-15 22:46:34 [tracker] [s1] onset t=50.177 env=0.00121 gate=0.00002 envDelta=0.00119 envFloor=0.00063 onset=1.376 thresh=0.006 onsetDelta=1.36951 baseline=0.00042 adaptive=0.00105 lastPeak=0.00000 guard=0.060 activeAge=-1.000 pitch=-1.00Hz pitchCents=0.0
2025-12-15 22:46:34 [tracker] [s3] onset t=50.227 env=0.00138 gate=0.00008 envDelta=0.00130 envFloor=0.00094 onset=0.965 thresh=0.012 onsetDelta=0.95293 baseline=0.00062 adaptive=0.00156 lastPeak=0.00000 guard=0.060 activeAge=-1.000 pitch=-1.00Hz pitchCents=0.0
2025-12-15 22:46:34 [tracker] [s6] onset t=50.299 env=0.00217 gate=0.00021 envDelta=0.00196 envFloor=0.00126 onset=1.002 thresh=0.018 onsetDelta=0.98412 baseline=0.00084 adaptive=0.00210 lastPeak=0.00000 guard=0.060 activeAge=-1.000 pitch=-1.00Hz pitchCents=0.0
2025-12-15 22:46:34 [tracker] [s5] onset t=50.326 env=0.00205 gate=0.00016 envDelta=0.00190 envFloor=0.00113 onset=1.322 thresh=0.016 onsetDelta=1.30634 baseline=0.00075 adaptive=0.00188 lastPeak=0.00000 guard=0.060 activeAge=-1.000 pitch=-1.00Hz pitchCents=0.0
2025-12-15 22:46:34 [tracker] [s4] onset t=50.331 env=0.00138 gate=0.00011 envDelta=0.00127 envFloor=0.00101 onset=1.068 thresh=0.014 onsetDelta=1.05406 baseline=0.00067 adaptive=0.00169 lastPeak=0.00000 guard=0.060 activeAge=-1.000 pitch=-1.00Hz pitchCents=0.0
2025-12-15 22:46:34 [tracker] [s1] aubio-raw t=50.4194 onset=1.091529 env=0.000709 peak=0.001697 gain=1.000
2025-12-15 22:46:34 [tracker] [s1] onset-accepted t=50.4194 env=0.000709 gate=0.000022 envDelta=0.000686 envFloor=0.000613 onset=1.091529 thresh=0.006000 onsetDelta=1.085528 baseline=0.000409 floor=0.000180 adapt=0.001022 lastPeak=0.000000 baseParam=0.000180 gateRatio=0.0550 envParam=0.000450 onsetScale=0.300 retriggerScale=1.400 guard=0.060 guardRemain=0.000 activeAge=-1.000 retrigRemain=0.000 pitchHz=96.38 pitchCents=271.2
2025-12-15 22:46:34 [tracker] [s1] onset t=50.419 env=0.00071 gate=0.00002 envDelta=0.00069 envFloor=0.00061 onset=1.092 thresh=0.006 onsetDelta=1.08553 baseline=0.00041 adaptive=0.00102 lastPeak=0.00000 guard=0.060 activeAge=-1.000 pitch=96.38Hz pitchCents=271.2
2025-12-15 22:46:34 [tracker] [s5] onset t=50.419 env=0.00157 gate=0.00015 envDelta=0.00142 envFloor=0.00107 onset=0.954 thresh=0.016 onsetDelta=0.93757 baseline=0.00071 adaptive=0.00178 lastPeak=0.00000 guard=0.060 activeAge=-1.000 pitch=-1.00Hz pitchCents=0.0
2025-12-15 22:46:35 [tracker] [s4] onset t=50.494 env=0.00119 gate=0.00011 envDelta=0.00109 envFloor=0.00093 onset=0.995 thresh=0.014 onsetDelta=0.98062 baseline=0.00062 adaptive=0.00155 lastPeak=0.00000 guard=0.060 activeAge=-1.000 pitch=-1.00Hz pitchCents=0.0
2025-12-15 22:46:35 [tracker] [s5] onset t=50.654 env=0.00205 gate=0.00016 envDelta=0.00189 envFloor=0.00113 onset=1.036 thresh=0.016 onsetDelta=1.01962 baseline=0.00076 adaptive=0.00189 lastPeak=0.00000 guard=0.060 activeAge=-1.000 pitch=-1.00Hz pitchCents=0.0
2025-12-15 22:46:35 [tracker] [s3] onset t=50.699 env=0.00114 gate=0.00008 envDelta=0.00106 envFloor=0.00093 onset=1.095 thresh=0.012 onsetDelta=1.08355 baseline=0.00062 adaptive=0.00154 lastPeak=0.00000 guard=0.060 activeAge=-1.000 pitch=-1.00Hz pitchCents=0.0
2025-12-15 22:46:35 [tracker] [s1] aubio-raw t=50.9526 onset=1.000092 env=0.001197 peak=0.003062 gain=1.000
2025-12-15 22:46:35 [tracker] [s1] onset-accepted t=50.9526 env=0.001197 gate=0.000023 envDelta=0.001174 envFloor=0.000636 onset=1.000092 thresh=0.006000 onsetDelta=0.994092 baseline=0.000424 floor=0.000180 adapt=0.001061 lastPeak=0.000000 baseParam=0.000180 gateRatio=0.0550 envParam=0.000450 onsetScale=0.300 retriggerScale=1.400 guard=0.060 guardRemain=0.000 activeAge=-1.000 retrigRemain=0.000 pitchHz=-1.00 pitchCents=0.0
2025-12-15 22:46:35 [tracker] [s1] onset t=50.953 env=0.00120 gate=0.00002 envDelta=0.00117 envFloor=0.00064 onset=1.000 thresh=0.006 onsetDelta=0.99409 baseline=0.00042 adaptive=0.00106 lastPeak=0.00000 guard=0.060 activeAge=-1.000 pitch=-1.00Hz pitchCents=0.0
2025-12-15 22:46:35 [tracker] [s1] aubio-raw t=51.0326 onset=1.074543 env=0.000714 peak=0.001927 gain=1.000
2025-12-15 22:46:35 [tracker] [s1] onset-accepted t=51.0326 env=0.000714 gate=0.000026 envDelta=0.000688 envFloor=0.000706 onset=1.074543 thresh=0.006000 onsetDelta=1.068542 baseline=0.000470 floor=0.000180 adapt=0.001176 lastPeak=0.000000 baseParam=0.000180 gateRatio=0.0550 envParam=0.000450 onsetScale=0.300 retriggerScale=1.400 guard=0.060 guardRemain=0.000 activeAge=-1.000 retrigRemain=0.000 pitchHz=-1.00 pitchCents=0.0
2025-12-15 22:46:35 [tracker] [s1] onset t=51.033 env=0.00071 gate=0.00003 envDelta=0.00069 envFloor=0.00071 onset=1.075 thresh=0.006 onsetDelta=1.06854 baseline=0.00047 adaptive=0.00118 lastPeak=0.00000 guard=0.060 activeAge=-1.000 pitch=-1.00Hz pitchCents=0.0
2025-12-15 22:46:35 [tracker] [s4] onset t=51.041 env=0.00146 gate=0.00011 envDelta=0.00135 envFloor=0.00100 onset=0.745 thresh=0.014 onsetDelta=0.73068 baseline=0.00066 adaptive=0.00166 lastPeak=0.00000 guard=0.060 activeAge=-1.000 pitch=-1.00Hz pitchCents=0.0
2025-12-15 22:46:35 [tracker] [s5] onset t=51.081 env=0.00181 gate=0.00016 envDelta=0.00166 envFloor=0.00112 onset=1.247 thresh=0.016 onsetDelta=1.23131 baseline=0.00074 adaptive=0.00186 lastPeak=0.00000 guard=0.060 activeAge=-1.000 pitch=-1.00Hz pitchCents=0.0
2025-12-15 22:46:35 [tracker] [s3] onset t=51.174 env=0.00095 gate=0.00008 envDelta=0.00087 envFloor=0.00094 onset=1.001 thresh=0.012 onsetDelta=0.98928 baseline=0.00063 adaptive=0.00157 lastPeak=0.00000 guard=0.060 activeAge=-1.000 pitch=-1.00Hz pitchCents=0.0
2025-12-15 22:46:35 [tracker] [s1] aubio-raw t=51.3500 onset=0.998260 env=0.000833 peak=0.001997 gain=1.000
2025-12-15 22:46:35 [tracker] [s1] onset-accepted t=51.3500 env=0.000833 gate=0.000022 envDelta=0.000812 envFloor=0.000592 onset=0.998260 thresh=0.006000 onsetDelta=0.992260 baseline=0.000395 floor=0.000180 adapt=0.000986 lastPeak=0.000000 baseParam=0.000180 gateRatio=0.0550 envParam=0.000450 onsetScale=0.300 retriggerScale=1.400 guard=0.060 guardRemain=0.000 activeAge=-1.000 retrigRemain=0.000 pitchHz=199.99 pitchCents=1534.9
2025-12-15 22:46:35 [tracker] [s1] onset t=51.350 env=0.00083 gate=0.00002 envDelta=0.00081 envFloor=0.00059 onset=0.998 thresh=0.006 onsetDelta=0.99226 baseline=0.00039 adaptive=0.00099 lastPeak=0.00000 guard=0.060 activeAge=-1.000 pitch=199.99Hz pitchCents=1534.9
2025-12-15 22:46:35 [tracker] [s5] onset t=51.382 env=0.00156 gate=0.00015 envDelta=0.00141 envFloor=0.00110 onset=1.034 thresh=0.016 onsetDelta=1.01812 baseline=0.00073 adaptive=0.00183 lastPeak=0.00000 guard=0.060 activeAge=-1.000 pitch=-1.00Hz pitchCents=0.0
2025-12-15 22:46:35 [tracker] [s6] onset t=51.395 env=0.00226 gate=0.00022 envDelta=0.00204 envFloor=0.00129 onset=0.812 thresh=0.018 onsetDelta=0.79350 baseline=0.00086 adaptive=0.00215 lastPeak=0.00000 guard=0.060 activeAge=-1.000 pitch=-1.00Hz pitchCents=0.0
2025-12-15 22:46:36 [tracker] [s5] onset t=51.486 env=0.00170 gate=0.00016 envDelta=0.00155 envFloor=0.00113 onset=1.003 thresh=0.016 onsetDelta=0.98653 baseline=0.00075 adaptive=0.00188 lastPeak=0.00000 guard=0.060 activeAge=-1.000 pitch=-1.00Hz pitchCents=0.0
2025-12-15 22:46:36 [tracker] [s6] onset t=51.491 env=0.00206 gate=0.00021 envDelta=0.00185 envFloor=0.00127 onset=1.121 thresh=0.018 onsetDelta=1.10317 baseline=0.00085 adaptive=0.00212 lastPeak=0.00000 guard=0.060 activeAge=-1.000 pitch=-1.00Hz pitchCents=0.0
2025-12-15 22:46:36 [tracker] [s1] aubio-raw t=51.5419 onset=0.998367 env=0.000598 peak=0.001842 gain=1.000
2025-12-15 22:46:36 [tracker] [s1] onset-below-env-floor t=51.5419 env=0.000598 gate=0.000022 envDelta=0.000576 envFloor=0.000599 onset=0.998367 thresh=0.006000 onsetDelta=0.992367 baseline=0.000400 floor=0.000180 adapt=0.000999 lastPeak=0.000000 baseParam=0.000180 gateRatio=0.0550 envParam=0.000450 onsetScale=0.300 retriggerScale=1.400 guard=0.060 guardRemain=0.000 activeAge=-1.000 retrigRemain=0.000 pitchHz=296.27 pitchCents=2215.3
2025-12-15 22:46:36 [tracker] [s1] aubio-raw t=51.6459 onset=0.744160 env=0.000937 peak=0.002052 gain=1.000
2025-12-15 22:46:36 [tracker] [s1] onset-accepted t=51.6459 env=0.000937 gate=0.000022 envDelta=0.000915 envFloor=0.000599 onset=0.744160 thresh=0.006000 onsetDelta=0.738160 baseline=0.000400 floor=0.000180 adapt=0.000999 lastPeak=0.000000 baseParam=0.000180 gateRatio=0.0550 envParam=0.000450 onsetScale=0.300 retriggerScale=1.400 guard=0.060 guardRemain=0.000 activeAge=-1.000 retrigRemain=0.000 pitchHz=-1.00 pitchCents=0.0
2025-12-15 22:46:36 [tracker] [s1] onset t=51.646 env=0.00094 gate=0.00002 envDelta=0.00092 envFloor=0.00060 onset=0.744 thresh=0.006 onsetDelta=0.73816 baseline=0.00040 adaptive=0.00100 lastPeak=0.00000 guard=0.060 activeAge=-1.000 pitch=-1.00Hz pitchCents=0.0
2025-12-15 22:46:36 [tracker] [s5] onset t=51.670 env=0.00179 gate=0.00014 envDelta=0.00164 envFloor=0.00103 onset=1.000 thresh=0.016 onsetDelta=0.98403 baseline=0.00069 adaptive=0.00172 lastPeak=0.00000 guard=0.060 activeAge=-1.000 pitch=-1.00Hz pitchCents=0.0
2025-12-15 22:46:36 [tracker] [s4] onset t=51.710 env=0.00144 gate=0.00011 envDelta=0.00133 envFloor=0.00098 onset=1.008 thresh=0.014 onsetDelta=0.99400 baseline=0.00065 adaptive=0.00163 lastPeak=0.00000 guard=0.060 activeAge=-1.000 pitch=-1.00Hz pitchCents=0.0
2025-12-15 22:46:36 [tracker] [s6] onset t=51.763 env=0.00204 gate=0.00021 envDelta=0.00183 envFloor=0.00124 onset=1.102 thresh=0.018 onsetDelta=1.08404 baseline=0.00082 adaptive=0.00206 lastPeak=0.00000 guard=0.060 activeAge=-1.000 pitch=-1.00Hz pitchCents=0.0
2025-12-15 22:46:36 [tracker] [s1] aubio-raw t=51.7686 onset=0.893875 env=0.000735 peak=0.001874 gain=1.000
2025-12-15 22:46:36 [tracker] [s1] onset-accepted t=51.7686 env=0.000735 gate=0.000022 envDelta=0.000713 envFloor=0.000610 onset=0.893875 thresh=0.006000 onsetDelta=0.887875 baseline=0.000406 floor=0.000180 adapt=0.001016 lastPeak=0.000000 baseParam=0.000180 gateRatio=0.0550 envParam=0.000450 onsetScale=0.300 retriggerScale=1.400 guard=0.060 guardRemain=0.000 activeAge=-1.000 retrigRemain=0.000 pitchHz=-1.00 pitchCents=0.0
2025-12-15 22:46:36 [tracker] [s4] onset t=51.782 env=0.00141 gate=0.00011 envDelta=0.00130 envFloor=0.00096 onset=0.984 thresh=0.014 onsetDelta=0.96983 baseline=0.00064 adaptive=0.00160 lastPeak=0.00000 guard=0.060 activeAge=-1.000 pitch=-1.00Hz pitchCents=0.0
2025-12-15 22:46:36 [tracker] [s3] onset t=51.878 env=0.00126 gate=0.00008 envDelta=0.00118 envFloor=0.00095 onset=0.674 thresh=0.012 onsetDelta=0.66211 baseline=0.00064 adaptive=0.00159 lastPeak=0.00000 guard=0.060 activeAge=-1.000 pitch=-1.00Hz pitchCents=0.0
2025-12-15 22:46:36 [tracker] [s3] onset t=51.934 env=0.00180 gate=0.00008 envDelta=0.00172 envFloor=0.00096 onset=1.122 thresh=0.012 onsetDelta=1.11013 baseline=0.00064 adaptive=0.00160 lastPeak=0.00000 guard=0.060 activeAge=-1.000 pitch=-1.00Hz pitchCents=0.0
2025-12-15 22:46:36 [tracker] [s2] onset t=51.937 env=0.00130 gate=0.00001 envDelta=0.00129 envFloor=0.00099 onset=0.836 thresh=0.009 onsetDelta=0.82678 baseline=0.00066 adaptive=0.00164 lastPeak=0.00001 guard=0.060 activeAge=-1.000 pitch=888.68Hz pitchCents=3617.0
2025-12-15 22:46:36 [tracker] [s5] onset t=51.990 env=0.00147 gate=0.00015 envDelta=0.00132 envFloor=0.00104 onset=0.967 thresh=0.016 onsetDelta=0.95071 baseline=0.00069 adaptive=0.00173 lastPeak=0.00000 guard=0.060 activeAge=-1.000 pitch=-1.00Hz pitchCents=0.0
2025-12-15 22:46:36 [tracker] [s1] aubio-raw t=52.0406 onset=0.990244 env=0.000755 peak=0.002068 gain=1.000
2025-12-15 22:46:36 [tracker] [s1] onset-accepted t=52.0406 env=0.000755 gate=0.000021 envDelta=0.000734 envFloor=0.000575 onset=0.990244 thresh=0.006000 onsetDelta=0.984244 baseline=0.000383 floor=0.000180 adapt=0.000958 lastPeak=0.000000 baseParam=0.000180 gateRatio=0.0550 envParam=0.000450 onsetScale=0.300 retriggerScale=1.400 guard=0.060 guardRemain=0.000 activeAge=-1.000 retrigRemain=0.000 pitchHz=228.55 pitchCents=1766.0
2025-12-15 22:46:36 [tracker] [s1] onset t=52.041 env=0.00075 gate=0.00002 envDelta=0.00073 envFloor=0.00057 onset=0.990 thresh=0.006 onsetDelta=0.98424 baseline=0.00038 adaptive=0.00096 lastPeak=0.00000 guard=0.060 activeAge=-1.000 pitch=228.55Hz pitchCents=1766.0
2025-12-15 22:46:36 [tracker] [s4] onset t=52.041 env=0.00139 gate=0.00011 envDelta=0.00128 envFloor=0.00095 onset=1.177 thresh=0.014 onsetDelta=1.16250 baseline=0.00063 adaptive=0.00158 lastPeak=0.00000 guard=0.060 activeAge=-1.000 pitch=-1.00Hz pitchCents=0.0
2025-12-15 22:46:36 [tracker] [s6] onset t=52.046 env=0.00172 gate=0.00020 envDelta=0.00152 envFloor=0.00119 onset=1.066 thresh=0.018 onsetDelta=1.04755 baseline=0.00079 adaptive=0.00198 lastPeak=0.00000 guard=0.060 activeAge=-1.000 pitch=-1.00Hz pitchCents=0.0
2025-12-15 22:46:36 [tracker] [s4] onset t=52.121 env=0.00133 gate=0.00011 envDelta=0.00122 envFloor=0.00095 onset=0.998 thresh=0.014 onsetDelta=0.98439 baseline=0.00063 adaptive=0.00159 lastPeak=0.00000 guard=0.060 activeAge=-1.000 pitch=-1.00Hz pitchCents=0.0
2025-12-15 22:46:36 [tracker] [s5] onset t=52.121 env=0.00175 gate=0.00015 envDelta=0.00161 envFloor=0.00105 onset=1.172 thresh=0.016 onsetDelta=1.15568 baseline=0.00070 adaptive=0.00175 lastPeak=0.00000 guard=0.060 activeAge=-1.000 pitch=-1.00Hz pitchCents=0.0
2025-12-15 22:46:36 [tracker] [s6] onset t=52.123 env=0.00193 gate=0.00022 envDelta=0.00172 envFloor=0.00129 onset=0.992 thresh=0.018 onsetDelta=0.97374 baseline=0.00086 adaptive=0.00215 lastPeak=0.00000 guard=0.060 activeAge=-1.000 pitch=-1.00Hz pitchCents=0.0
2025-12-15 22:46:36 [tracker] [s2] onset t=52.222 env=0.00132 gate=0.00001 envDelta=0.00131 envFloor=0.00097 onset=1.084 thresh=0.009 onsetDelta=1.07523 baseline=0.00065 adaptive=0.00162 lastPeak=0.00000 guard=0.060 activeAge=-1.000 pitch=-1.00Hz pitchCents=0.0
2025-12-15 22:46:36 [tracker] [s5] onset t=52.222 env=0.00192 gate=0.00016 envDelta=0.00176 envFloor=0.00117 onset=0.965 thresh=0.016 onsetDelta=0.94948 baseline=0.00078 adaptive=0.00196 lastPeak=0.00000 guard=0.060 activeAge=-1.000 pitch=-1.00Hz pitchCents=0.0
2025-12-15 22:46:36 [tracker] [s2] onset t=52.331 env=0.00140 gate=0.00001 envDelta=0.00139 envFloor=0.00092 onset=1.185 thresh=0.009 onsetDelta=1.17602 baseline=0.00061 adaptive=0.00153 lastPeak=0.00000 guard=0.060 activeAge=-1.000 pitch=615.51Hz pitchCents=2981.1
2025-12-15 22:46:36 [tracker] [s2] onset t=52.387 env=0.00193 gate=0.00001 envDelta=0.00193 envFloor=0.00099 onset=0.947 thresh=0.009 onsetDelta=0.93806 baseline=0.00066 adaptive=0.00165 lastPeak=0.00000 guard=0.060 activeAge=-1.000 pitch=500.02Hz pitchCents=2621.4
2025-12-15 22:46:37 [tracker] [s2] onset t=52.545 env=0.00139 gate=0.00001 envDelta=0.00138 envFloor=0.00102 onset=0.954 thresh=0.009 onsetDelta=0.94457 baseline=0.00068 adaptive=0.00170 lastPeak=0.00000 guard=0.060 activeAge=-1.000 pitch=-1.00Hz pitchCents=0.0
2025-12-15 22:46:37 [tracker] [s2] onset t=52.646 env=0.00238 gate=0.00001 envDelta=0.00237 envFloor=0.00111 onset=0.986 thresh=0.009 onsetDelta=0.97699 baseline=0.00074 adaptive=0.00184 lastPeak=0.00000 guard=0.060 activeAge=-1.000 pitch=421.04Hz pitchCents=2323.7
2025-12-15 22:46:37 [tracker] [s4] onset t=52.691 env=0.00128 gate=0.00011 envDelta=0.00116 envFloor=0.00099 onset=1.166 thresh=0.014 onsetDelta=1.15197 baseline=0.00066 adaptive=0.00164 lastPeak=0.00000 guard=0.060 activeAge=-1.000 pitch=-1.00Hz pitchCents=0.0
2025-12-15 22:46:37 [tracker] [s3] onset t=52.713 env=0.00107 gate=0.00008 envDelta=0.00099 envFloor=0.00094 onset=0.904 thresh=0.012 onsetDelta=0.89211 baseline=0.00062 adaptive=0.00156 lastPeak=0.00000 guard=0.060 activeAge=-1.000 pitch=-1.00Hz pitchCents=0.0
2025-12-15 22:46:37 [tracker] [s1] aubio-raw t=52.7205 onset=0.995980 env=0.000965 peak=0.002089 gain=1.000
2025-12-15 22:46:37 [tracker] [s1] onset-accepted t=52.7205 env=0.000965 gate=0.000022 envDelta=0.000944 envFloor=0.000595 onset=0.995980 thresh=0.006000 onsetDelta=0.989980 baseline=0.000397 floor=0.000180 adapt=0.000991 lastPeak=0.000000 baseParam=0.000180 gateRatio=0.0550 envParam=0.000450 onsetScale=0.300 retriggerScale=1.400 guard=0.060 guardRemain=0.000 activeAge=-1.000 retrigRemain=0.000 pitchHz=-1.00 pitchCents=0.0
2025-12-15 22:46:37 [tracker] [s1] onset t=52.721 env=0.00097 gate=0.00002 envDelta=0.00094 envFloor=0.00059 onset=0.996 thresh=0.006 onsetDelta=0.98998 baseline=0.00040 adaptive=0.00099 lastPeak=0.00000 guard=0.060 activeAge=-1.000 pitch=-1.00Hz pitchCents=0.0
2025-12-15 22:46:37 [tracker] [s5] onset t=52.726 env=0.00165 gate=0.00015 envDelta=0.00150 envFloor=0.00104 onset=0.746 thresh=0.016 onsetDelta=0.73002 baseline=0.00069 adaptive=0.00173 lastPeak=0.00000 guard=0.060 activeAge=-1.000 pitch=-1.00Hz pitchCents=0.0
2025-12-15 22:46:37 [tracker] [s2] onset t=52.827 env=0.00136 gate=0.00001 envDelta=0.00135 envFloor=0.00094 onset=0.889 thresh=0.009 onsetDelta=0.87980 baseline=0.00063 adaptive=0.00157 lastPeak=0.00000 guard=0.060 activeAge=-1.000 pitch=228.55Hz pitchCents=1266.0
2025-12-15 22:46:37 [tracker] [s3] onset t=52.857 env=0.00156 gate=0.00008 envDelta=0.00148 envFloor=0.00089 onset=1.190 thresh=0.012 onsetDelta=1.17856 baseline=0.00059 adaptive=0.00148 lastPeak=0.00000 guard=0.060 activeAge=-1.000 pitch=-1.00Hz pitchCents=0.0
2025-12-15 22:46:37 [tracker] [s2] onset t=52.883 env=0.00125 gate=0.00001 envDelta=0.00124 envFloor=0.00099 onset=1.082 thresh=0.009 onsetDelta=1.07263 baseline=0.00066 adaptive=0.00166 lastPeak=0.00000 guard=0.060 activeAge=-1.000 pitch=-1.00Hz pitchCents=0.0
2025-12-15 22:46:37 [tracker] [s5] onset t=53.008 env=0.00166 gate=0.00015 envDelta=0.00151 envFloor=0.00110 onset=1.001 thresh=0.016 onsetDelta=0.98498 baseline=0.00073 adaptive=0.00184 lastPeak=0.00000 guard=0.060 activeAge=-1.000 pitch=-1.00Hz pitchCents=0.0
2025-12-15 22:46:37 [tracker] [s1] aubio-raw t=53.0378 onset=1.178347 env=0.001017 peak=0.002254 gain=1.000
2025-12-15 22:46:37 [tracker] [s1] onset-accepted t=53.0378 env=0.001017 gate=0.000022 envDelta=0.000995 envFloor=0.000612 onset=1.178347 thresh=0.006000 onsetDelta=1.172347 baseline=0.000408 floor=0.000180 adapt=0.001019 lastPeak=0.000000 baseParam=0.000180 gateRatio=0.0550 envParam=0.000450 onsetScale=0.300 retriggerScale=1.400 guard=0.060 guardRemain=0.000 activeAge=-1.000 retrigRemain=0.000 pitchHz=-1.00 pitchCents=0.0
2025-12-15 22:46:37 [tracker] [s1] onset t=53.038 env=0.00102 gate=0.00002 envDelta=0.00100 envFloor=0.00061 onset=1.178 thresh=0.006 onsetDelta=1.17235 baseline=0.00041 adaptive=0.00102 lastPeak=0.00000 guard=0.060 activeAge=-1.000 pitch=-1.00Hz pitchCents=0.0
2025-12-15 22:46:37 [tracker] [s6] onset t=53.046 env=0.00253 gate=0.00022 envDelta=0.00232 envFloor=0.00130 onset=0.761 thresh=0.018 onsetDelta=0.74321 baseline=0.00087 adaptive=0.00217 lastPeak=0.00000 guard=0.060 activeAge=-1.000 pitch=-1.00Hz pitchCents=0.0
2025-12-15 22:46:37 [tracker] [s3] onset t=53.134 env=0.00113 gate=0.00008 envDelta=0.00105 envFloor=0.00090 onset=1.032 thresh=0.012 onsetDelta=1.02019 baseline=0.00060 adaptive=0.00149 lastPeak=0.00000 guard=0.060 activeAge=-1.000 pitch=-1.00Hz pitchCents=0.0
2025-12-15 22:46:37 [tracker] [s4] onset t=53.222 env=0.00165 gate=0.00012 envDelta=0.00153 envFloor=0.00102 onset=0.637 thresh=0.014 onsetDelta=0.62261 baseline=0.00068 adaptive=0.00170 lastPeak=0.00000 guard=0.060 activeAge=-1.000 pitch=-1.00Hz pitchCents=0.0
2025-12-15 22:46:37 [tracker] [s5] onset t=53.235 env=0.00162 gate=0.00015 envDelta=0.00148 envFloor=0.00106 onset=0.853 thresh=0.016 onsetDelta=0.83735 baseline=0.00070 adaptive=0.00176 lastPeak=0.00000 guard=0.060 activeAge=-1.000 pitch=-1.00Hz pitchCents=0.0
2025-12-15 22:46:37 [tracker] [s3] onset t=53.256 env=0.00146 gate=0.00008 envDelta=0.00138 envFloor=0.00096 onset=1.312 thresh=0.012 onsetDelta=1.30049 baseline=0.00064 adaptive=0.00160 lastPeak=0.00000 guard=0.060 activeAge=-1.000 pitch=-1.00Hz pitchCents=0.0
2025-12-15 22:46:37 [tracker] [s2] onset t=53.272 env=0.00101 gate=0.00001 envDelta=0.00101 envFloor=0.00095 onset=1.244 thresh=0.009 onsetDelta=1.23528 baseline=0.00063 adaptive=0.00159 lastPeak=0.00000 guard=0.060 activeAge=-1.000 pitch=-1.00Hz pitchCents=0.0
2025-12-15 22:46:37 [tracker] [s4] onset t=53.275 env=0.00142 gate=0.00011 envDelta=0.00131 envFloor=0.00101 onset=0.990 thresh=0.014 onsetDelta=0.97605 baseline=0.00067 adaptive=0.00168 lastPeak=0.00000 guard=0.060 activeAge=-1.000 pitch=-1.00Hz pitchCents=0.0
2025-12-15 22:46:37 [tracker] [s5] onset t=53.304 env=0.00174 gate=0.00016 envDelta=0.00158 envFloor=0.00113 onset=0.993 thresh=0.016 onsetDelta=0.97718 baseline=0.00075 adaptive=0.00188 lastPeak=0.00000 guard=0.060 activeAge=-1.000 pitch=-1.00Hz pitchCents=0.0
2025-12-15 22:46:37 [tracker] [s1] aubio-raw t=53.3605 onset=0.610169 env=0.001022 peak=0.002412 gain=1.000
2025-12-15 22:46:37 [tracker] [s1] onset-accepted t=53.3605 env=0.001022 gate=0.000024 envDelta=0.000998 envFloor=0.000654 onset=0.610169 thresh=0.006000 onsetDelta=0.604169 baseline=0.000436 floor=0.000180 adapt=0.001090 lastPeak=0.000000 baseParam=0.000180 gateRatio=0.0550 envParam=0.000450 onsetScale=0.300 retriggerScale=1.400 guard=0.060 guardRemain=0.000 activeAge=-1.000 retrigRemain=0.000 pitchHz=-1.00 pitchCents=0.0
2025-12-15 22:46:37 [tracker] [s1] onset t=53.360 env=0.00102 gate=0.00002 envDelta=0.00100 envFloor=0.00065 onset=0.610 thresh=0.006 onsetDelta=0.60417 baseline=0.00044 adaptive=0.00109 lastPeak=0.00000 guard=0.060 activeAge=-1.000 pitch=-1.00Hz pitchCents=0.0
2025-12-15 22:46:37 [tracker] [s3] onset t=53.368 env=0.00146 gate=0.00009 envDelta=0.00137 envFloor=0.00102 onset=0.922 thresh=0.012 onsetDelta=0.91002 baseline=0.00068 adaptive=0.00171 lastPeak=0.00000 guard=0.060 activeAge=-1.000 pitch=-1.00Hz pitchCents=0.0
2025-12-15 22:46:38 [tracker] [s6] onset t=53.499 env=0.00165 gate=0.00020 envDelta=0.00145 envFloor=0.00117 onset=0.994 thresh=0.018 onsetDelta=0.97589 baseline=0.00078 adaptive=0.00195 lastPeak=0.00000 guard=0.060 activeAge=-1.000 pitch=-1.00Hz pitchCents=0.0
2025-12-15 22:46:38 [tracker] [s3] onset t=53.510 env=0.00151 gate=0.00008 envDelta=0.00142 envFloor=0.00095 onset=1.179 thresh=0.012 onsetDelta=1.16700 baseline=0.00063 adaptive=0.00158 lastPeak=0.00000 guard=0.060 activeAge=-1.000 pitch=-1.00Hz pitchCents=0.0
2025-12-15 22:46:38 [tracker] [s5] onset t=53.526 env=0.00172 gate=0.00015 envDelta=0.00157 envFloor=0.00109 onset=0.982 thresh=0.016 onsetDelta=0.96608 baseline=0.00072 adaptive=0.00181 lastPeak=0.00000 guard=0.060 activeAge=-1.000 pitch=-1.00Hz pitchCents=0.0
2025-12-15 22:46:38 [tracker] [s1] aubio-raw t=53.6591 onset=1.206017 env=0.000989 peak=0.002437 gain=1.000
2025-12-15 22:46:38 [tracker] [s1] onset-accepted t=53.6591 env=0.000989 gate=0.000022 envDelta=0.000967 envFloor=0.000610 onset=1.206017 thresh=0.006000 onsetDelta=1.200016 baseline=0.000407 floor=0.000180 adapt=0.001017 lastPeak=0.000000 baseParam=0.000180 gateRatio=0.0550 envParam=0.000450 onsetScale=0.300 retriggerScale=1.400 guard=0.060 guardRemain=0.000 activeAge=-1.000 retrigRemain=0.000 pitchHz=-1.00 pitchCents=0.0
2025-12-15 22:46:38 [tracker] [s1] onset t=53.659 env=0.00099 gate=0.00002 envDelta=0.00097 envFloor=0.00061 onset=1.206 thresh=0.006 onsetDelta=1.20002 baseline=0.00041 adaptive=0.00102 lastPeak=0.00000 guard=0.060 activeAge=-1.000 pitch=-1.00Hz pitchCents=0.0
2025-12-15 22:46:38 [tracker] [s2] onset t=53.659 env=0.00177 gate=0.00001 envDelta=0.00176 envFloor=0.00101 onset=1.218 thresh=0.009 onsetDelta=1.20906 baseline=0.00067 adaptive=0.00169 lastPeak=0.00000 guard=0.060 activeAge=-1.000 pitch=-1.00Hz pitchCents=0.0
2025-12-15 22:46:38 [tracker] [s6] onset t=53.734 env=0.00216 gate=0.00022 envDelta=0.00194 envFloor=0.00130 onset=0.953 thresh=0.018 onsetDelta=0.93508 baseline=0.00086 adaptive=0.00216 lastPeak=0.00000 guard=0.060 activeAge=-1.000 pitch=-1.00Hz pitchCents=0.0
2025-12-15 22:46:38 [tracker] [s3] onset t=53.742 env=0.00163 gate=0.00008 envDelta=0.00155 envFloor=0.00091 onset=1.101 thresh=0.012 onsetDelta=1.08908 baseline=0.00061 adaptive=0.00152 lastPeak=0.00000 guard=0.060 activeAge=-1.000 pitch=-1.00Hz pitchCents=0.0
2025-12-15 22:46:38 [tracker] [s5] onset t=53.928 env=0.00144 gate=0.00014 envDelta=0.00130 envFloor=0.00102 onset=1.160 thresh=0.016 onsetDelta=1.14382 baseline=0.00068 adaptive=0.00169 lastPeak=0.00000 guard=0.060 activeAge=-1.000 pitch=-1.00Hz pitchCents=0.0
2025-12-15 22:46:38 [tracker] [s3] onset t=53.939 env=0.00150 gate=0.00008 envDelta=0.00142 envFloor=0.00091 onset=0.996 thresh=0.012 onsetDelta=0.98417 baseline=0.00061 adaptive=0.00151 lastPeak=0.00000 guard=0.060 activeAge=-1.000 pitch=-1.00Hz pitchCents=0.0
2025-12-15 22:46:38 [tracker] [s2] onset t=53.982 env=0.00108 gate=0.00001 envDelta=0.00107 envFloor=0.00101 onset=0.998 thresh=0.009 onsetDelta=0.98918 baseline=0.00067 adaptive=0.00169 lastPeak=0.00000 guard=0.060 activeAge=-1.000 pitch=94.11Hz pitchCents=-270.2
2025-12-15 22:46:38 [tracker] [s6] onset t=54.118 env=0.00205 gate=0.00022 envDelta=0.00184 envFloor=0.00129 onset=1.309 thresh=0.018 onsetDelta=1.29149 baseline=0.00086 adaptive=0.00215 lastPeak=0.00000 guard=0.060 activeAge=-1.000 pitch=-1.00Hz pitchCents=0.0
2025-12-15 22:46:38 [tracker] [s1] aubio-raw t=54.1897 onset=1.023785 env=0.000894 peak=0.002281 gain=1.000
2025-12-15 22:46:38 [tracker] [s1] onset-accepted t=54.1897 env=0.000894 gate=0.000022 envDelta=0.000872 envFloor=0.000598 onset=1.023785 thresh=0.006000 onsetDelta=1.017785 baseline=0.000399 floor=0.000180 adapt=0.000997 lastPeak=0.000000 baseParam=0.000180 gateRatio=0.0550 envParam=0.000450 onsetScale=0.300 retriggerScale=1.400 guard=0.060 guardRemain=0.000 activeAge=-1.000 retrigRemain=0.000 pitchHz=533.37 pitchCents=3233.2
2025-12-15 22:46:38 [tracker] [s1] onset t=54.190 env=0.00089 gate=0.00002 envDelta=0.00087 envFloor=0.00060 onset=1.024 thresh=0.006 onsetDelta=1.01779 baseline=0.00040 adaptive=0.00100 lastPeak=0.00000 guard=0.060 activeAge=-1.000 pitch=533.37Hz pitchCents=3233.2
2025-12-15 22:46:38 [tracker] [s2] onset t=54.238 env=0.00095 gate=0.00001 envDelta=0.00095 envFloor=0.00093 onset=1.196 thresh=0.009 onsetDelta=1.18685 baseline=0.00062 adaptive=0.00155 lastPeak=0.00000 guard=0.060 activeAge=-1.000 pitch=499.85Hz pitchCents=2620.8
2025-12-15 22:46:38 [tracker] [s1] aubio-raw t=54.3951 onset=1.100813 env=0.001037 peak=0.002710 gain=1.000
2025-12-15 22:46:38 [tracker] [s1] onset-accepted t=54.3951 env=0.001037 gate=0.000022 envDelta=0.001016 envFloor=0.000588 onset=1.100813 thresh=0.006000 onsetDelta=1.094813 baseline=0.000392 floor=0.000180 adapt=0.000979 lastPeak=0.000000 baseParam=0.000180 gateRatio=0.0550 envParam=0.000450 onsetScale=0.300 retriggerScale=1.400 guard=0.060 guardRemain=0.000 activeAge=-1.000 retrigRemain=0.000 pitchHz=-1.00 pitchCents=0.0
2025-12-15 22:46:38 [tracker] [s6] onset t=54.406 env=0.00206 gate=0.00021 envDelta=0.00185 envFloor=0.00124 onset=1.068 thresh=0.018 onsetDelta=1.04999 baseline=0.00083 adaptive=0.00206 lastPeak=0.00000 guard=0.060 activeAge=-1.000 pitch=-1.00Hz pitchCents=0.0
2025-12-15 22:46:38 [tracker] [s2] onset t=54.419 env=0.00162 gate=0.00001 envDelta=0.00161 envFloor=0.00095 onset=1.015 thresh=0.009 onsetDelta=1.00618 baseline=0.00064 adaptive=0.00159 lastPeak=0.00000 guard=0.060 activeAge=-1.000 pitch=-1.00Hz pitchCents=0.0
2025-12-15 22:46:39 [tracker] [s6] onset t=54.528 env=0.00212 gate=0.00021 envDelta=0.00191 envFloor=0.00125 onset=1.113 thresh=0.018 onsetDelta=1.09483 baseline=0.00084 adaptive=0.00209 lastPeak=0.00000 guard=0.060 activeAge=-1.000 pitch=-1.00Hz pitchCents=0.0
2025-12-15 22:46:39 [tracker] [s1] aubio-raw t=54.6537 onset=1.158048 env=0.001101 peak=0.002495 gain=1.000
2025-12-15 22:46:39 [tracker] [s1] onset-accepted t=54.6537 env=0.001101 gate=0.000022 envDelta=0.001078 envFloor=0.000613 onset=1.158048 thresh=0.006000 onsetDelta=1.152048 baseline=0.000409 floor=0.000180 adapt=0.001022 lastPeak=0.000000 baseParam=0.000180 gateRatio=0.0550 envParam=0.000450 onsetScale=0.300 retriggerScale=1.400 guard=0.060 guardRemain=0.000 activeAge=-1.000 retrigRemain=0.000 pitchHz=-1.00 pitchCents=0.0
2025-12-15 22:46:39 [tracker] [s1] onset t=54.654 env=0.00110 gate=0.00002 envDelta=0.00108 envFloor=0.00061 onset=1.158 thresh=0.006 onsetDelta=1.15205 baseline=0.00041 adaptive=0.00102 lastPeak=0.00000 guard=0.060 activeAge=-1.000 pitch=-1.00Hz pitchCents=0.0
2025-12-15 22:46:39 [tracker] [s2] onset t=54.750 env=0.00130 gate=0.00001 envDelta=0.00129 envFloor=0.00098 onset=0.996 thresh=0.009 onsetDelta=0.98686 baseline=0.00065 adaptive=0.00163 lastPeak=0.00000 guard=0.060 activeAge=-1.000 pitch=94.11Hz pitchCents=-270.1
2025-12-15 22:46:39 [tracker] [s4] onset t=54.795 env=0.00170 gate=0.00011 envDelta=0.00158 envFloor=0.00100 onset=1.027 thresh=0.014 onsetDelta=1.01325 baseline=0.00066 adaptive=0.00166 lastPeak=0.00000 guard=0.060 activeAge=-1.000 pitch=-1.00Hz pitchCents=0.0
2025-12-15 22:46:39 [tracker] [s5] onset t=54.976 env=0.00145 gate=0.00015 envDelta=0.00130 envFloor=0.00106 onset=0.997 thresh=0.016 onsetDelta=0.98076 baseline=0.00070 adaptive=0.00176 lastPeak=0.00000 guard=0.060 activeAge=-1.000 pitch=-1.00Hz pitchCents=0.0
2025-12-15 22:46:39 [tracker] [s1] aubio-raw t=54.9924 onset=0.985202 env=0.000827 peak=0.002503 gain=1.000
2025-12-15 22:46:39 [tracker] [s1] onset-accepted t=54.9924 env=0.000827 gate=0.000023 envDelta=0.000804 envFloor=0.000619 onset=0.985202 thresh=0.006000 onsetDelta=0.979202 baseline=0.000413 floor=0.000180 adapt=0.001032 lastPeak=0.000000 baseParam=0.000180 gateRatio=0.0550 envParam=0.000450 onsetScale=0.300 retriggerScale=1.400 guard=0.060 guardRemain=0.000 activeAge=-1.000 retrigRemain=0.000 pitchHz=-1.00 pitchCents=0.0
2025-12-15 22:46:39 [tracker] [s1] onset t=54.992 env=0.00083 gate=0.00002 envDelta=0.00080 envFloor=0.00062 onset=0.985 thresh=0.006 onsetDelta=0.97920 baseline=0.00041 adaptive=0.00103 lastPeak=0.00000 guard=0.060 activeAge=-1.000 pitch=-1.00Hz pitchCents=0.0
2025-12-15 22:46:39 [tracker] [s6] onset t=55.035 env=0.00166 gate=0.00019 envDelta=0.00146 envFloor=0.00117 onset=0.998 thresh=0.018 onsetDelta=0.97973 baseline=0.00078 adaptive=0.00195 lastPeak=0.00000 guard=0.060 activeAge=-1.000 pitch=-1.00Hz pitchCents=0.0
2025-12-15 22:46:39 [tracker] [s1] aubio-raw t=55.1443 onset=0.984217 env=0.000973 peak=0.002319 gain=1.000
2025-12-15 22:46:39 [tracker] [s1] onset-accepted t=55.1443 env=0.000973 gate=0.000023 envDelta=0.000951 envFloor=0.000614 onset=0.984217 thresh=0.006000 onsetDelta=0.978217 baseline=0.000409 floor=0.000180 adapt=0.001024 lastPeak=0.000000 baseParam=0.000180 gateRatio=0.0550 envParam=0.000450 onsetScale=0.300 retriggerScale=1.400 guard=0.060 guardRemain=0.000 activeAge=-1.000 retrigRemain=0.000 pitchHz=-1.00 pitchCents=0.0
2025-12-15 22:46:39 [tracker] [s1] onset t=55.144 env=0.00097 gate=0.00002 envDelta=0.00095 envFloor=0.00061 onset=0.984 thresh=0.006 onsetDelta=0.97822 baseline=0.00041 adaptive=0.00102 lastPeak=0.00000 guard=0.060 activeAge=-1.000 pitch=-1.00Hz pitchCents=0.0
2025-12-15 22:46:39 [tracker] [s5] onset t=55.144 env=0.00199 gate=0.00015 envDelta=0.00184 envFloor=0.00108 onset=0.798 thresh=0.016 onsetDelta=0.78195 baseline=0.00072 adaptive=0.00179 lastPeak=0.00000 guard=0.060 activeAge=-1.000 pitch=-1.00Hz pitchCents=0.0
2025-12-15 22:46:39 [tracker] [s1] aubio-raw t=55.2617 onset=1.105516 env=0.000989 peak=0.002569 gain=1.000
2025-12-15 22:46:39 [tracker] [s1] onset-accepted t=55.2617 env=0.000989 gate=0.000024 envDelta=0.000965 envFloor=0.000649 onset=1.105516 thresh=0.006000 onsetDelta=1.099516 baseline=0.000432 floor=0.000180 adapt=0.001081 lastPeak=0.000000 baseParam=0.000180 gateRatio=0.0550 envParam=0.000450 onsetScale=0.300 retriggerScale=1.400 guard=0.060 guardRemain=0.000 activeAge=-1.000 retrigRemain=0.000 pitchHz=-1.00 pitchCents=0.0
2025-12-15 22:46:39 [tracker] [s1] onset t=55.262 env=0.00099 gate=0.00002 envDelta=0.00097 envFloor=0.00065 onset=1.106 thresh=0.006 onsetDelta=1.09952 baseline=0.00043 adaptive=0.00108 lastPeak=0.00000 guard=0.060 activeAge=-1.000 pitch=-1.00Hz pitchCents=0.0
2025-12-15 22:46:39 [tracker] [s4] onset t=55.288 env=0.00147 gate=0.00011 envDelta=0.00135 envFloor=0.00101 onset=0.990 thresh=0.014 onsetDelta=0.97592 baseline=0.00068 adaptive=0.00169 lastPeak=0.00000 guard=0.060 activeAge=-1.000 pitch=-1.00Hz pitchCents=0.0
2025-12-15 22:46:39 [tracker] [s2] onset t=55.294 env=0.00184 gate=0.00001 envDelta=0.00183 envFloor=0.00103 onset=0.693 thresh=0.009 onsetDelta=0.68376 baseline=0.00069 adaptive=0.00172 lastPeak=0.00000 guard=0.060 activeAge=-1.000 pitch=-1.00Hz pitchCents=0.0
2025-12-15 22:46:39 [tracker] [s6] onset t=55.299 env=0.00234 gate=0.00022 envDelta=0.00212 envFloor=0.00132 onset=1.461 thresh=0.018 onsetDelta=1.44317 baseline=0.00088 adaptive=0.00220 lastPeak=0.00000 guard=0.060 activeAge=-1.000 pitch=-1.00Hz pitchCents=0.0
2025-12-15 22:46:40 [tracker] [s4] onset t=55.486 env=0.00150 gate=0.00010 envDelta=0.00140 envFloor=0.00093 onset=1.050 thresh=0.014 onsetDelta=1.03605 baseline=0.00062 adaptive=0.00154 lastPeak=0.00000 guard=0.060 activeAge=-1.000 pitch=-1.00Hz pitchCents=0.0
2025-12-15 22:46:40 [tracker] [s6] onset t=55.520 env=0.00185 gate=0.00021 envDelta=0.00164 envFloor=0.00125 onset=1.079 thresh=0.018 onsetDelta=1.06056 baseline=0.00083 adaptive=0.00208 lastPeak=0.00000 guard=0.060 activeAge=-1.000 pitch=-1.00Hz pitchCents=0.0
2025-12-15 22:46:40 [tracker] [s1] aubio-raw t=55.5816 onset=0.933881 env=0.000908 peak=0.002768 gain=1.000
2025-12-15 22:46:40 [tracker] [s1] onset-accepted t=55.5816 env=0.000908 gate=0.000022 envDelta=0.000886 envFloor=0.000606 onset=0.933881 thresh=0.006000 onsetDelta=0.927881 baseline=0.000404 floor=0.000180 adapt=0.001010 lastPeak=0.000000 baseParam=0.000180 gateRatio=0.0550 envParam=0.000450 onsetScale=0.300 retriggerScale=1.400 guard=0.060 guardRemain=0.000 activeAge=-1.000 retrigRemain=0.000 pitchHz=-1.00 pitchCents=0.0
2025-12-15 22:46:40 [tracker] [s1] onset t=55.582 env=0.00091 gate=0.00002 envDelta=0.00089 envFloor=0.00061 onset=0.934 thresh=0.006 onsetDelta=0.92788 baseline=0.00040 adaptive=0.00101 lastPeak=0.00000 guard=0.060 activeAge=-1.000 pitch=-1.00Hz pitchCents=0.0
2025-12-15 22:46:40 [tracker] [s1] aubio-raw t=55.6376 onset=1.059777 env=0.001114 peak=0.002436 gain=1.000
2025-12-15 22:46:40 [tracker] [s1] onset-accepted t=55.6376 env=0.001114 gate=0.000022 envDelta=0.001092 envFloor=0.000608 onset=1.059777 thresh=0.006000 onsetDelta=1.053777 baseline=0.000405 floor=0.000180 adapt=0.001013 lastPeak=0.000000 baseParam=0.000180 gateRatio=0.0550 envParam=0.000450 onsetScale=0.300 retriggerScale=1.400 guard=0.060 guardRemain=0.000 activeAge=-1.000 retrigRemain=0.000 pitchHz=-1.00 pitchCents=0.0
2025-12-15 22:46:40 [tracker] [s2] onset t=55.651 env=0.00108 gate=0.00001 envDelta=0.00107 envFloor=0.00097 onset=1.011 thresh=0.009 onsetDelta=1.00226 baseline=0.00065 adaptive=0.00162 lastPeak=0.00000 guard=0.060 activeAge=-1.000 pitch=444.44Hz pitchCents=2417.4
2025-12-15 22:46:40 [tracker] [s5] onset t=55.680 env=0.00164 gate=0.00016 envDelta=0.00148 envFloor=0.00112 onset=0.999 thresh=0.016 onsetDelta=0.98256 baseline=0.00075 adaptive=0.00187 lastPeak=0.00000 guard=0.060 activeAge=-1.000 pitch=-1.00Hz pitchCents=0.0
2025-12-15 22:46:40 [tracker] [s5] onset t=55.776 env=0.00158 gate=0.00014 envDelta=0.00143 envFloor=0.00103 onset=0.998 thresh=0.016 onsetDelta=0.98227 baseline=0.00068 adaptive=0.00171 lastPeak=0.00000 guard=0.060 activeAge=-1.000 pitch=-1.00Hz pitchCents=0.0
2025-12-15 22:46:40 [tracker] [s3] onset t=55.835 env=0.00138 gate=0.00008 envDelta=0.00130 envFloor=0.00093 onset=0.791 thresh=0.012 onsetDelta=0.77987 baseline=0.00062 adaptive=0.00155 lastPeak=0.00000 guard=0.060 activeAge=-1.000 pitch=-1.00Hz pitchCents=0.0
2025-12-15 22:46:40 [tracker] [s4] onset t=55.843 env=0.00176 gate=0.00011 envDelta=0.00165 envFloor=0.00098 onset=1.104 thresh=0.014 onsetDelta=1.09035 baseline=0.00065 adaptive=0.00164 lastPeak=0.00000 guard=0.060 activeAge=-1.000 pitch=-1.00Hz pitchCents=0.0
2025-12-15 22:46:40 [tracker] [s1] aubio-raw t=55.9576 onset=0.887326 env=0.000893 peak=0.002022 gain=1.000
2025-12-15 22:46:40 [tracker] [s1] onset-accepted t=55.9576 env=0.000893 gate=0.000024 envDelta=0.000869 envFloor=0.000649 onset=0.887326 thresh=0.006000 onsetDelta=0.881326 baseline=0.000433 floor=0.000180 adapt=0.001082 lastPeak=0.000000 baseParam=0.000180 gateRatio=0.0550 envParam=0.000450 onsetScale=0.300 retriggerScale=1.400 guard=0.060 guardRemain=0.000 activeAge=-1.000 retrigRemain=0.000 pitchHz=-1.00 pitchCents=0.0
2025-12-15 22:46:40 [tracker] [s6] onset t=56.043 env=0.00222 gate=0.00021 envDelta=0.00201 envFloor=0.00127 onset=1.141 thresh=0.018 onsetDelta=1.12319 baseline=0.00085 adaptive=0.00212 lastPeak=0.00000 guard=0.060 activeAge=-1.000 pitch=-1.00Hz pitchCents=0.0
2025-12-15 22:46:40 [tracker] [s1] aubio-raw t=56.0696 onset=1.256843 env=0.000792 peak=0.001763 gain=1.000
2025-12-15 22:46:40 [tracker] [s1] onset-accepted t=56.0696 env=0.000792 gate=0.000022 envDelta=0.000770 envFloor=0.000592 onset=1.256843 thresh=0.006000 onsetDelta=1.250843 baseline=0.000395 floor=0.000180 adapt=0.000987 lastPeak=0.000000 baseParam=0.000180 gateRatio=0.0550 envParam=0.000450 onsetScale=0.300 retriggerScale=1.400 guard=0.060 guardRemain=0.000 activeAge=-1.000 retrigRemain=0.000 pitchHz=-1.00 pitchCents=0.0
2025-12-15 22:46:40 [tracker] [s1] onset t=56.070 env=0.00079 gate=0.00002 envDelta=0.00077 envFloor=0.00059 onset=1.257 thresh=0.006 onsetDelta=1.25084 baseline=0.00039 adaptive=0.00099 lastPeak=0.00000 guard=0.060 activeAge=-1.000 pitch=-1.00Hz pitchCents=0.0
2025-12-15 22:46:40 [tracker] [s6] onset t=56.160 env=0.00215 gate=0.00020 envDelta=0.00195 envFloor=0.00119 onset=1.011 thresh=0.018 onsetDelta=0.99251 baseline=0.00079 adaptive=0.00198 lastPeak=0.00000 guard=0.060 activeAge=-1.000 pitch=-1.00Hz pitchCents=0.0
2025-12-15 22:46:40 [tracker] [s3] onset t=56.227 env=0.00172 gate=0.00008 envDelta=0.00164 envFloor=0.00093 onset=0.657 thresh=0.012 onsetDelta=0.64553 baseline=0.00062 adaptive=0.00155 lastPeak=0.00000 guard=0.060 activeAge=-1.000 pitch=-1.00Hz pitchCents=0.0
2025-12-15 22:46:40 [tracker] [s2] onset t=56.352 env=0.00200 gate=0.00001 envDelta=0.00199 envFloor=0.00101 onset=0.930 thresh=0.009 onsetDelta=0.92133 baseline=0.00067 adaptive=0.00168 lastPeak=0.00000 guard=0.060 activeAge=-1.000 pitch=-1.00Hz pitchCents=0.0
2025-12-15 22:46:40 [tracker] [s1] aubio-raw t=56.4243 onset=0.993980 env=0.000676 peak=0.001679 gain=1.000
2025-12-15 22:46:40 [tracker] [s1] onset-accepted t=56.4243 env=0.000676 gate=0.000024 envDelta=0.000652 envFloor=0.000667 onset=0.993980 thresh=0.006000 onsetDelta=0.987980 baseline=0.000445 floor=0.000180 adapt=0.001112 lastPeak=0.000000 baseParam=0.000180 gateRatio=0.0550 envParam=0.000450 onsetScale=0.300 retriggerScale=1.400 guard=0.060 guardRemain=0.000 activeAge=-1.000 retrigRemain=0.000 pitchHz=-1.00 pitchCents=0.0
2025-12-15 22:46:40 [tracker] [s1] onset t=56.424 env=0.00068 gate=0.00002 envDelta=0.00065 envFloor=0.00067 onset=0.994 thresh=0.006 onsetDelta=0.98798 baseline=0.00044 adaptive=0.00111 lastPeak=0.00000 guard=0.060 activeAge=-1.000 pitch=-1.00Hz pitchCents=0.0
2025-12-15 22:46:41 [tracker] [s6] onset t=56.480 env=0.00168 gate=0.00020 envDelta=0.00148 envFloor=0.00120 onset=1.242 thresh=0.018 onsetDelta=1.22402 baseline=0.00080 adaptive=0.00201 lastPeak=0.00000 guard=0.060 activeAge=-1.000 pitch=-1.00Hz pitchCents=0.0
2025-12-15 22:46:41 [tracker] [s2] onset t=56.534 env=0.00123 gate=0.00001 envDelta=0.00122 envFloor=0.00100 onset=0.998 thresh=0.009 onsetDelta=0.98880 baseline=0.00067 adaptive=0.00167 lastPeak=0.00000 guard=0.060 activeAge=-1.000 pitch=222.21Hz pitchCents=1217.3
2025-12-15 22:46:41 [tracker] [s6] onset t=56.542 env=0.00176 gate=0.00019 envDelta=0.00157 envFloor=0.00114 onset=0.882 thresh=0.018 onsetDelta=0.86428 baseline=0.00076 adaptive=0.00190 lastPeak=0.00000 guard=0.060 activeAge=-1.000 pitch=-1.00Hz pitchCents=0.0
2025-12-15 22:46:41 [tracker] [s3] onset t=56.563 env=0.00140 gate=0.00008 envDelta=0.00132 envFloor=0.00092 onset=0.853 thresh=0.012 onsetDelta=0.84095 baseline=0.00061 adaptive=0.00153 lastPeak=0.00000 guard=0.060 activeAge=-1.000 pitch=-1.00Hz pitchCents=0.0
2025-12-15 22:46:41 [tracker] [s4] onset t=56.595 env=0.00177 gate=0.00011 envDelta=0.00166 envFloor=0.00094 onset=0.997 thresh=0.014 onsetDelta=0.98261 baseline=0.00063 adaptive=0.00157 lastPeak=0.00000 guard=0.060 activeAge=-1.000 pitch=-1.00Hz pitchCents=0.0
2025-12-15 22:46:41 [tracker] [s5] onset t=56.603 env=0.00175 gate=0.00014 envDelta=0.00160 envFloor=0.00103 onset=0.565 thresh=0.016 onsetDelta=0.54940 baseline=0.00069 adaptive=0.00172 lastPeak=0.00000 guard=0.060 activeAge=-1.000 pitch=-1.00Hz pitchCents=0.0
2025-12-15 22:46:41 [tracker] [s6] onset t=56.694 env=0.00229 gate=0.00021 envDelta=0.00208 envFloor=0.00126 onset=1.106 thresh=0.018 onsetDelta=1.08763 baseline=0.00084 adaptive=0.00210 lastPeak=0.00000 guard=0.060 activeAge=-1.000 pitch=-1.00Hz pitchCents=0.0
2025-12-15 22:46:41 [tracker] [s5] onset t=56.766 env=0.00176 gate=0.00016 envDelta=0.00160 envFloor=0.00115 onset=0.995 thresh=0.016 onsetDelta=0.97926 baseline=0.00077 adaptive=0.00192 lastPeak=0.00000 guard=0.060 activeAge=-1.000 pitch=-1.00Hz pitchCents=0.0
2025-12-15 22:46:41 [tracker] [s3] onset t=56.835 env=0.00178 gate=0.00008 envDelta=0.00170 envFloor=0.00096 onset=1.439 thresh=0.012 onsetDelta=1.42756 baseline=0.00064 adaptive=0.00159 lastPeak=0.00000 guard=0.060 activeAge=-1.000 pitch=-1.00Hz pitchCents=0.0
2025-12-15 22:46:41 [tracker] [s2] onset t=56.851 env=0.00156 gate=0.00001 envDelta=0.00155 envFloor=0.00092 onset=0.997 thresh=0.009 onsetDelta=0.98848 baseline=0.00061 adaptive=0.00154 lastPeak=0.00000 guard=0.060 activeAge=-1.000 pitch=-1.00Hz pitchCents=0.0
2025-12-15 22:46:41 [tracker] [s6] onset t=56.923 env=0.00178 gate=0.00020 envDelta=0.00158 envFloor=0.00118 onset=0.992 thresh=0.018 onsetDelta=0.97439 baseline=0.00079 adaptive=0.00197 lastPeak=0.00000 guard=0.060 activeAge=-1.000 pitch=-1.00Hz pitchCents=0.0
2025-12-15 22:46:41 [tracker] [s1] aubio-raw t=56.9602 onset=1.001566 env=0.000737 peak=0.001920 gain=1.000
2025-12-15 22:46:41 [tracker] [s1] onset-accepted t=56.9602 env=0.000737 gate=0.000020 envDelta=0.000717 envFloor=0.000546 onset=1.001566 thresh=0.006000 onsetDelta=0.995566 baseline=0.000364 floor=0.000180 adapt=0.000910 lastPeak=0.000000 baseParam=0.000180 gateRatio=0.0550 envParam=0.000450 onsetScale=0.300 retriggerScale=1.400 guard=0.060 guardRemain=0.000 activeAge=-1.000 retrigRemain=0.000 pitchHz=99.99 pitchCents=334.9
2025-12-15 22:46:41 [tracker] [s1] onset t=56.960 env=0.00074 gate=0.00002 envDelta=0.00072 envFloor=0.00055 onset=1.002 thresh=0.006 onsetDelta=0.99557 baseline=0.00036 adaptive=0.00091 lastPeak=0.00000 guard=0.060 activeAge=-1.000 pitch=99.99Hz pitchCents=334.9
2025-12-15 22:46:41 [tracker] [s6] onset t=57.056 env=0.00200 gate=0.00021 envDelta=0.00179 envFloor=0.00124 onset=1.000 thresh=0.018 onsetDelta=0.98160 baseline=0.00083 adaptive=0.00207 lastPeak=0.00000 guard=0.060 activeAge=-1.000 pitch=-1.00Hz pitchCents=0.0
2025-12-15 22:46:41 [tracker] [s5] onset t=57.112 env=0.00173 gate=0.00015 envDelta=0.00158 envFloor=0.00110 onset=1.098 thresh=0.016 onsetDelta=1.08236 baseline=0.00074 adaptive=0.00184 lastPeak=0.00000 guard=0.060 activeAge=-1.000 pitch=-1.00Hz pitchCents=0.0
2025-12-15 22:46:41 [tracker] [s6] onset t=57.147 env=0.00216 gate=0.00021 envDelta=0.00195 envFloor=0.00127 onset=1.263 thresh=0.018 onsetDelta=1.24531 baseline=0.00084 adaptive=0.00211 lastPeak=0.00000 guard=0.060 activeAge=-1.000 pitch=-1.00Hz pitchCents=0.0
2025-12-15 22:46:41 [tracker] [s5] onset t=57.163 env=0.00160 gate=0.00016 envDelta=0.00145 envFloor=0.00112 onset=0.993 thresh=0.016 onsetDelta=0.97677 baseline=0.00075 adaptive=0.00187 lastPeak=0.00000 guard=0.060 activeAge=-1.000 pitch=-1.00Hz pitchCents=0.0
2025-12-15 22:46:41 [tracker] [s1] aubio-raw t=57.3042 onset=0.999315 env=0.000971 peak=0.002183 gain=1.000
2025-12-15 22:46:41 [tracker] [s1] onset-accepted t=57.3042 env=0.000971 gate=0.000022 envDelta=0.000949 envFloor=0.000593 onset=0.999315 thresh=0.006000 onsetDelta=0.993315 baseline=0.000395 floor=0.000180 adapt=0.000988 lastPeak=0.000000 baseParam=0.000180 gateRatio=0.0550 envParam=0.000450 onsetScale=0.300 retriggerScale=1.400 guard=0.060 guardRemain=0.000 activeAge=-1.000 retrigRemain=0.000 pitchHz=-1.00 pitchCents=0.0
2025-12-15 22:46:41 [tracker] [s1] onset t=57.304 env=0.00097 gate=0.00002 envDelta=0.00095 envFloor=0.00059 onset=0.999 thresh=0.006 onsetDelta=0.99331 baseline=0.00040 adaptive=0.00099 lastPeak=0.00000 guard=0.060 activeAge=-1.000 pitch=-1.00Hz pitchCents=0.0
2025-12-15 22:46:41 [tracker] [s4] onset t=57.320 env=0.00142 gate=0.00010 envDelta=0.00132 envFloor=0.00089 onset=0.502 thresh=0.014 onsetDelta=0.48753 baseline=0.00059 adaptive=0.00148 lastPeak=0.00000 guard=0.060 activeAge=-1.000 pitch=-1.00Hz pitchCents=0.0
2025-12-15 22:46:41 [tracker] [s6] onset t=57.331 env=0.00177 gate=0.00019 envDelta=0.00157 envFloor=0.00117 onset=0.875 thresh=0.018 onsetDelta=0.85706 baseline=0.00078 adaptive=0.00194 lastPeak=0.00000 guard=0.060 activeAge=-1.000 pitch=-1.00Hz pitchCents=0.0
2025-12-15 22:46:42 [tracker] [s2] onset t=57.470 env=0.00191 gate=0.00001 envDelta=0.00190 envFloor=0.00100 onset=0.998 thresh=0.009 onsetDelta=0.98947 baseline=0.00067 adaptive=0.00167 lastPeak=0.00000 guard=0.060 activeAge=-1.000 pitch=-1.00Hz pitchCents=0.0
2025-12-15 22:46:42 [tracker] [s4] onset t=57.475 env=0.00166 gate=0.00012 envDelta=0.00154 envFloor=0.00103 onset=1.408 thresh=0.014 onsetDelta=1.39400 baseline=0.00069 adaptive=0.00171 lastPeak=0.00000 guard=0.060 activeAge=-1.000 pitch=-1.00Hz pitchCents=0.0
2025-12-15 22:46:42 [tracker] [s5] onset t=57.486 env=0.00180 gate=0.00015 envDelta=0.00164 envFloor=0.00109 onset=1.038 thresh=0.016 onsetDelta=1.02192 baseline=0.00073 adaptive=0.00182 lastPeak=0.00000 guard=0.060 activeAge=-1.000 pitch=-1.00Hz pitchCents=0.0
2025-12-15 22:46:42 [tracker] [s1] aubio-raw t=57.5228 onset=1.165886 env=0.000793 peak=0.002036 gain=1.000
2025-12-15 22:46:42 [tracker] [s1] onset-accepted t=57.5228 env=0.000793 gate=0.000023 envDelta=0.000770 envFloor=0.000625 onset=1.165886 thresh=0.006000 onsetDelta=1.159886 baseline=0.000417 floor=0.000180 adapt=0.001042 lastPeak=0.000000 baseParam=0.000180 gateRatio=0.0550 envParam=0.000450 onsetScale=0.300 retriggerScale=1.400 guard=0.060 guardRemain=0.000 activeAge=-1.000 retrigRemain=0.000 pitchHz=-1.00 pitchCents=0.0
2025-12-15 22:46:42 [tracker] [s1] onset t=57.523 env=0.00079 gate=0.00002 envDelta=0.00077 envFloor=0.00062 onset=1.166 thresh=0.006 onsetDelta=1.15989 baseline=0.00042 adaptive=0.00104 lastPeak=0.00000 guard=0.060 activeAge=-1.000 pitch=-1.00Hz pitchCents=0.0
2025-12-15 22:46:42 [tracker] [s6] onset t=57.536 env=0.00202 gate=0.00022 envDelta=0.00181 envFloor=0.00129 onset=0.994 thresh=0.018 onsetDelta=0.97593 baseline=0.00086 adaptive=0.00216 lastPeak=0.00000 guard=0.060 activeAge=-1.000 pitch=-1.00Hz pitchCents=0.0
2025-12-15 22:46:42 [tracker] [s2] onset t=57.552 env=0.00163 gate=0.00001 envDelta=0.00162 envFloor=0.00107 onset=0.994 thresh=0.009 onsetDelta=0.98466 baseline=0.00071 adaptive=0.00178 lastPeak=0.00000 guard=0.060 activeAge=-1.000 pitch=-1.00Hz pitchCents=0.0
2025-12-15 22:46:42 [tracker] [s5] onset t=57.568 env=0.00186 gate=0.00015 envDelta=0.00170 envFloor=0.00110 onset=1.251 thresh=0.016 onsetDelta=1.23478 baseline=0.00074 adaptive=0.00184 lastPeak=0.00000 guard=0.060 activeAge=-1.000 pitch=-1.00Hz pitchCents=0.0
2025-12-15 22:46:42 [tracker] [s5] onset t=57.624 env=0.00154 gate=0.00015 envDelta=0.00139 envFloor=0.00109 onset=0.817 thresh=0.016 onsetDelta=0.80054 baseline=0.00072 adaptive=0.00181 lastPeak=0.00000 guard=0.060 activeAge=-1.000 pitch=-1.00Hz pitchCents=0.0
2025-12-15 22:46:42 [tracker] [s3] onset t=57.712 env=0.00164 gate=0.00008 envDelta=0.00156 envFloor=0.00094 onset=0.814 thresh=0.012 onsetDelta=0.80243 baseline=0.00063 adaptive=0.00157 lastPeak=0.00000 guard=0.060 activeAge=-1.000 pitch=-1.00Hz pitchCents=0.0
2025-12-15 22:46:42 [tracker] [s5] onset t=57.765 env=0.00160 gate=0.00014 envDelta=0.00146 envFloor=0.00101 onset=1.432 thresh=0.016 onsetDelta=1.41581 baseline=0.00067 adaptive=0.00168 lastPeak=0.00000 guard=0.060 activeAge=-1.000 pitch=-1.00Hz pitchCents=0.0
2025-12-15 22:46:42 [tracker] [s3] onset t=57.856 env=0.00116 gate=0.00008 envDelta=0.00108 envFloor=0.00094 onset=0.996 thresh=0.012 onsetDelta=0.98433 baseline=0.00063 adaptive=0.00157 lastPeak=0.00000 guard=0.060 activeAge=-1.000 pitch=-1.00Hz pitchCents=0.0
2025-12-15 22:46:42 [tracker] [s2] onset t=57.909 env=0.00132 gate=0.00001 envDelta=0.00131 envFloor=0.00107 onset=1.120 thresh=0.009 onsetDelta=1.11129 baseline=0.00071 adaptive=0.00178 lastPeak=0.00000 guard=0.060 activeAge=-1.000 pitch=-1.00Hz pitchCents=0.0
2025-12-15 22:46:42 [tracker] [s3] onset t=58.008 env=0.00143 gate=0.00008 envDelta=0.00135 envFloor=0.00094 onset=0.916 thresh=0.012 onsetDelta=0.90418 baseline=0.00063 adaptive=0.00157 lastPeak=0.00000 guard=0.060 activeAge=-1.000 pitch=-1.00Hz pitchCents=0.0
2025-12-15 22:46:42 [tracker] [s1] aubio-raw t=58.0855 onset=1.032482 env=0.000888 peak=0.001796 gain=1.000
2025-12-15 22:46:42 [tracker] [s1] onset-accepted t=58.0855 env=0.000888 gate=0.000021 envDelta=0.000867 envFloor=0.000581 onset=1.032482 thresh=0.006000 onsetDelta=1.026482 baseline=0.000388 floor=0.000180 adapt=0.000969 lastPeak=0.000000 baseParam=0.000180 gateRatio=0.0550 envParam=0.000450 onsetScale=0.300 retriggerScale=1.400 guard=0.060 guardRemain=0.000 activeAge=-1.000 retrigRemain=0.000 pitchHz=571.52 pitchCents=3352.8
2025-12-15 22:46:42 [tracker] [s2] onset t=58.107 env=0.00101 gate=0.00001 envDelta=0.00101 envFloor=0.00092 onset=1.243 thresh=0.009 onsetDelta=1.23407 baseline=0.00061 adaptive=0.00153 lastPeak=0.00000 guard=0.060 activeAge=-1.000 pitch=106.67Hz pitchCents=-53.3
2025-12-15 22:46:42 [tracker] [s3] onset t=58.123 env=0.00138 gate=0.00008 envDelta=0.00131 envFloor=0.00089 onset=0.997 thresh=0.012 onsetDelta=0.98530 baseline=0.00059 adaptive=0.00149 lastPeak=0.00000 guard=0.060 activeAge=-1.000 pitch=-1.00Hz pitchCents=0.0
2025-12-15 22:46:42 [tracker] [s2] onset t=58.184 env=0.00169 gate=0.00001 envDelta=0.00168 envFloor=0.00103 onset=0.998 thresh=0.009 onsetDelta=0.98854 baseline=0.00069 adaptive=0.00171 lastPeak=0.00000 guard=0.060 activeAge=-1.000 pitch=-1.00Hz pitchCents=0.0
2025-12-15 22:46:42 [tracker] [s3] onset t=58.216 env=0.00109 gate=0.00009 envDelta=0.00100 envFloor=0.00101 onset=1.364 thresh=0.012 onsetDelta=1.35264 baseline=0.00068 adaptive=0.00169 lastPeak=0.00000 guard=0.060 activeAge=-1.000 pitch=-1.00Hz pitchCents=0.0
2025-12-15 22:46:42 [tracker] [s6] onset t=58.221 env=0.00249 gate=0.00022 envDelta=0.00227 envFloor=0.00132 onset=1.010 thresh=0.018 onsetDelta=0.99154 baseline=0.00088 adaptive=0.00221 lastPeak=0.00000 guard=0.060 activeAge=-1.000 pitch=-1.00Hz pitchCents=0.0
2025-12-15 22:46:42 [tracker] [s4] onset t=58.248 env=0.00124 gate=0.00011 envDelta=0.00113 envFloor=0.00097 onset=0.983 thresh=0.014 onsetDelta=0.96870 baseline=0.00065 adaptive=0.00162 lastPeak=0.00000 guard=0.060 activeAge=-1.000 pitch=-1.00Hz pitchCents=0.0
2025-12-15 22:46:42 [tracker] [s4] onset t=58.325 env=0.00160 gate=0.00011 envDelta=0.00148 envFloor=0.00100 onset=1.466 thresh=0.014 onsetDelta=1.45182 baseline=0.00067 adaptive=0.00166 lastPeak=0.00000 guard=0.060 activeAge=-1.000 pitch=-1.00Hz pitchCents=0.0
2025-12-15 22:46:42 [tracker] [s1] aubio-raw t=58.3708 onset=1.038331 env=0.001034 peak=0.002482 gain=1.000
2025-12-15 22:46:42 [tracker] [s1] onset-accepted t=58.3708 env=0.001034 gate=0.000023 envDelta=0.001012 envFloor=0.000615 onset=1.038331 thresh=0.006000 onsetDelta=1.032331 baseline=0.000410 floor=0.000180 adapt=0.001026 lastPeak=0.000000 baseParam=0.000180 gateRatio=0.0550 envParam=0.000450 onsetScale=0.300 retriggerScale=1.400 guard=0.060 guardRemain=0.000 activeAge=-1.000 retrigRemain=0.000 pitchHz=-1.00 pitchCents=0.0
2025-12-15 22:46:42 [tracker] [s1] onset t=58.371 env=0.00103 gate=0.00002 envDelta=0.00101 envFloor=0.00062 onset=1.038 thresh=0.006 onsetDelta=1.03233 baseline=0.00041 adaptive=0.00103 lastPeak=0.00000 guard=0.060 activeAge=-1.000 pitch=-1.00Hz pitchCents=0.0
2025-12-15 22:46:42 [tracker] [s5] onset t=58.400 env=0.00178 gate=0.00015 envDelta=0.00163 envFloor=0.00107 onset=1.374 thresh=0.016 onsetDelta=1.35782 baseline=0.00071 adaptive=0.00178 lastPeak=0.00000 guard=0.060 activeAge=-1.000 pitch=-1.00Hz pitchCents=0.0
2025-12-15 22:46:42 [tracker] [s3] onset t=58.411 env=0.00145 gate=0.00008 envDelta=0.00137 envFloor=0.00093 onset=1.072 thresh=0.012 onsetDelta=1.06074 baseline=0.00062 adaptive=0.00154 lastPeak=0.00000 guard=0.060 activeAge=-1.000 pitch=-1.00Hz pitchCents=0.0
2025-12-15 22:46:42 [tracker] [s2] onset t=58.424 env=0.00116 gate=0.00001 envDelta=0.00115 envFloor=0.00099 onset=1.187 thresh=0.009 onsetDelta=1.17835 baseline=0.00066 adaptive=0.00165 lastPeak=0.00000 guard=0.060 activeAge=-1.000 pitch=94.10Hz pitchCents=-270.2
2025-12-15 22:46:43 [tracker] [s6] onset t=58.456 env=0.00153 gate=0.00019 envDelta=0.00134 envFloor=0.00117 onset=0.533 thresh=0.018 onsetDelta=0.51479 baseline=0.00078 adaptive=0.00195 lastPeak=0.00000 guard=0.060 activeAge=-1.000 pitch=-1.00Hz pitchCents=0.0
2025-12-15 22:46:43 [tracker] [s1] aubio-raw t=58.4588 onset=0.999395 env=0.000818 peak=0.002095 gain=1.000
2025-12-15 22:46:43 [tracker] [s1] onset-accepted t=58.4588 env=0.000818 gate=0.000022 envDelta=0.000796 envFloor=0.000605 onset=0.999395 thresh=0.006000 onsetDelta=0.993395 baseline=0.000403 floor=0.000180 adapt=0.001008 lastPeak=0.000000 baseParam=0.000180 gateRatio=0.0550 envParam=0.000450 onsetScale=0.300 retriggerScale=1.400 guard=0.060 guardRemain=0.000 activeAge=-1.000 retrigRemain=0.000 pitchHz=333.39 pitchCents=2419.6
2025-12-15 22:46:43 [tracker] [s1] onset t=58.459 env=0.00082 gate=0.00002 envDelta=0.00080 envFloor=0.00061 onset=0.999 thresh=0.006 onsetDelta=0.99340 baseline=0.00040 adaptive=0.00101 lastPeak=0.00000 guard=0.060 activeAge=-1.000 pitch=333.39Hz pitchCents=2419.6
2025-12-15 22:46:43 [tracker] [s6] onset t=58.517 env=0.00178 gate=0.00019 envDelta=0.00159 envFloor=0.00116 onset=1.052 thresh=0.018 onsetDelta=1.03448 baseline=0.00077 adaptive=0.00194 lastPeak=0.00000 guard=0.060 activeAge=-1.000 pitch=-1.00Hz pitchCents=0.0
2025-12-15 22:46:43 [tracker] [s3] onset t=58.648 env=0.00122 gate=0.00008 envDelta=0.00114 envFloor=0.00092 onset=0.950 thresh=0.012 onsetDelta=0.93882 baseline=0.00061 adaptive=0.00153 lastPeak=0.00000 guard=0.060 activeAge=-1.000 pitch=-1.00Hz pitchCents=0.0
2025-12-15 22:46:43 [tracker] [s3] onset t=58.715 env=0.00145 gate=0.00008 envDelta=0.00136 envFloor=0.00095 onset=0.998 thresh=0.012 onsetDelta=0.98595 baseline=0.00063 adaptive=0.00158 lastPeak=0.00000 guard=0.060 activeAge=-1.000 pitch=-1.00Hz pitchCents=0.0
2025-12-15 22:46:43 [tracker] [s2] onset t=58.744 env=0.00100 gate=0.00001 envDelta=0.00099 envFloor=0.00092 onset=0.985 thresh=0.009 onsetDelta=0.97613 baseline=0.00061 adaptive=0.00153 lastPeak=0.00000 guard=0.060 activeAge=-1.000 pitch=94.11Hz pitchCents=-270.1
2025-12-15 22:46:43 [tracker] [s3] onset t=58.781 env=0.00116 gate=0.00008 envDelta=0.00108 envFloor=0.00092 onset=1.310 thresh=0.012 onsetDelta=1.29855 baseline=0.00061 adaptive=0.00153 lastPeak=0.00000 guard=0.060 activeAge=-1.000 pitch=-1.00Hz pitchCents=0.0
2025-12-15 22:46:43 [tracker] [s3] onset t=58.920 env=0.00124 gate=0.00008 envDelta=0.00117 envFloor=0.00089 onset=0.996 thresh=0.012 onsetDelta=0.98412 baseline=0.00059 adaptive=0.00149 lastPeak=0.00000 guard=0.060 activeAge=-1.000 pitch=-1.00Hz pitchCents=0.0
2025-12-15 22:46:43 [tracker] [s6] onset t=58.928 env=0.00218 gate=0.00021 envDelta=0.00197 envFloor=0.00125 onset=1.015 thresh=0.018 onsetDelta=0.99672 baseline=0.00083 adaptive=0.00209 lastPeak=0.00000 guard=0.060 activeAge=-1.000 pitch=-1.00Hz pitchCents=0.0
2025-12-15 22:46:43 [tracker] [s3] onset t=58.976 env=0.00145 gate=0.00008 envDelta=0.00137 envFloor=0.00090 onset=1.047 thresh=0.012 onsetDelta=1.03520 baseline=0.00060 adaptive=0.00151 lastPeak=0.00000 guard=0.060 activeAge=-1.000 pitch=-1.00Hz pitchCents=0.0
2025-12-15 22:46:43 [tracker] [s6] onset t=59.107 env=0.00179 gate=0.00021 envDelta=0.00158 envFloor=0.00129 onset=0.997 thresh=0.018 onsetDelta=0.97874 baseline=0.00086 adaptive=0.00214 lastPeak=0.00000 guard=0.060 activeAge=-1.000 pitch=-1.00Hz pitchCents=0.0
2025-12-15 22:46:43 [tracker] [s2] onset t=59.267 env=0.00137 gate=0.00001 envDelta=0.00137 envFloor=0.00092 onset=1.017 thresh=0.009 onsetDelta=1.00756 baseline=0.00062 adaptive=0.00154 lastPeak=0.00037 guard=0.060 activeAge=0.523 pitch=-1.00Hz pitchCents=0.0
2025-12-15 22:46:43 [tracker] [s2] note-ended (new onset) t=59.267 fret=0 dur=0.523
2025-12-15 22:46:43 [tracker] [s3] onset t=59.363 env=0.00148 gate=0.00008 envDelta=0.00140 envFloor=0.00093 onset=0.996 thresh=0.012 onsetDelta=0.98463 baseline=0.00062 adaptive=0.00156 lastPeak=0.00000 guard=0.060 activeAge=-1.000 pitch=-1.00Hz pitchCents=0.0
2025-12-15 22:46:43 [tracker] [s5] onset t=59.371 env=0.00160 gate=0.00015 envDelta=0.00145 envFloor=0.00107 onset=1.188 thresh=0.016 onsetDelta=1.17213 baseline=0.00072 adaptive=0.00179 lastPeak=0.00000 guard=0.060 activeAge=-1.000 pitch=-1.00Hz pitchCents=0.0
2025-12-15 22:46:43 [tracker] [s6] onset t=59.416 env=0.00189 gate=0.00021 envDelta=0.00168 envFloor=0.00129 onset=1.177 thresh=0.018 onsetDelta=1.15903 baseline=0.00086 adaptive=0.00215 lastPeak=0.00000 guard=0.060 activeAge=-1.000 pitch=-1.00Hz pitchCents=0.0
2025-12-15 22:46:43 [tracker] [s4] onset t=59.421 env=0.00151 gate=0.00012 envDelta=0.00140 envFloor=0.00102 onset=0.991 thresh=0.014 onsetDelta=0.97734 baseline=0.00068 adaptive=0.00170 lastPeak=0.00000 guard=0.060 activeAge=-1.000 pitch=-1.00Hz pitchCents=0.0
2025-12-15 22:46:44 [tracker] [s4] onset t=59.603 env=0.00128 gate=0.00011 envDelta=0.00118 envFloor=0.00096 onset=0.801 thresh=0.014 onsetDelta=0.78682 baseline=0.00064 adaptive=0.00160 lastPeak=0.00000 guard=0.060 activeAge=-1.000 pitch=-1.00Hz pitchCents=0.0
2025-12-15 22:46:44 [tracker] [s3] onset t=59.619 env=0.00146 gate=0.00008 envDelta=0.00139 envFloor=0.00088 onset=1.123 thresh=0.012 onsetDelta=1.11187 baseline=0.00058 adaptive=0.00146 lastPeak=0.00000 guard=0.060 activeAge=-1.000 pitch=-1.00Hz pitchCents=0.0
2025-12-15 22:46:44 [tracker] [s4] onset t=59.696 env=0.00161 gate=0.00011 envDelta=0.00150 envFloor=0.00096 onset=0.989 thresh=0.014 onsetDelta=0.97549 baseline=0.00064 adaptive=0.00160 lastPeak=0.00000 guard=0.060 activeAge=-1.000 pitch=-1.00Hz pitchCents=0.0
2025-12-15 22:46:44 [tracker] [s6] onset t=59.699 env=0.00208 gate=0.00020 envDelta=0.00188 envFloor=0.00118 onset=1.128 thresh=0.018 onsetDelta=1.11014 baseline=0.00079 adaptive=0.00197 lastPeak=0.00000 guard=0.060 activeAge=-1.000 pitch=-1.00Hz pitchCents=0.0
2025-12-15 22:46:44 [tracker] [s2] onset t=59.776 env=0.00103 gate=0.00001 envDelta=0.00103 envFloor=0.00096 onset=1.249 thresh=0.009 onsetDelta=1.24022 baseline=0.00064 adaptive=0.00160 lastPeak=0.00014 guard=0.060 activeAge=-1.000 pitch=258.08Hz pitchCents=1476.4
2025-12-15 22:46:44 [tracker] [s5] onset t=59.795 env=0.00153 gate=0.00016 envDelta=0.00138 envFloor=0.00113 onset=0.872 thresh=0.016 onsetDelta=0.85644 baseline=0.00076 adaptive=0.00189 lastPeak=0.00000 guard=0.060 activeAge=-1.000 pitch=-1.00Hz pitchCents=0.0
2025-12-15 22:46:44 [tracker] [s3] onset t=59.797 env=0.00167 gate=0.00008 envDelta=0.00159 envFloor=0.00098 onset=0.850 thresh=0.012 onsetDelta=0.83819 baseline=0.00065 adaptive=0.00163 lastPeak=0.00000 guard=0.060 activeAge=-1.000 pitch=-1.00Hz pitchCents=0.0
2025-12-15 22:46:44 [tracker] [s6] onset t=59.856 env=0.00169 gate=0.00022 envDelta=0.00147 envFloor=0.00129 onset=0.997 thresh=0.018 onsetDelta=0.97884 baseline=0.00086 adaptive=0.00215 lastPeak=0.00000 guard=0.060 activeAge=-1.000 pitch=-1.00Hz pitchCents=0.0
2025-12-15 22:46:44 [tracker] [s5] onset t=59.936 env=0.00156 gate=0.00014 envDelta=0.00141 envFloor=0.00103 onset=0.812 thresh=0.016 onsetDelta=0.79578 baseline=0.00068 adaptive=0.00171 lastPeak=0.00000 guard=0.060 activeAge=-1.000 pitch=-1.00Hz pitchCents=0.0
2025-12-15 22:46:44 [tracker] [s2] onset t=60.133 env=0.00137 gate=0.00001 envDelta=0.00136 envFloor=0.00098 onset=1.254 thresh=0.009 onsetDelta=1.24468 baseline=0.00065 adaptive=0.00163 lastPeak=0.00007 guard=0.060 activeAge=-1.000 pitch=-1.00Hz pitchCents=0.0
2025-12-15 22:46:44 [tracker] [s6] onset t=60.171 env=0.00205 gate=0.00022 envDelta=0.00183 envFloor=0.00130 onset=0.998 thresh=0.018 onsetDelta=0.98018 baseline=0.00086 adaptive=0.00216 lastPeak=0.00000 guard=0.060 activeAge=-1.000 pitch=-1.00Hz pitchCents=0.0
2025-12-15 22:46:44 [tracker] [s5] onset t=60.179 env=0.00170 gate=0.00016 envDelta=0.00154 envFloor=0.00116 onset=0.995 thresh=0.016 onsetDelta=0.97946 baseline=0.00077 adaptive=0.00193 lastPeak=0.00000 guard=0.060 activeAge=-1.000 pitch=-1.00Hz pitchCents=0.0
2025-12-15 22:46:44 [tracker] [s4] onset t=60.237 env=0.00166 gate=0.00011 envDelta=0.00155 envFloor=0.00098 onset=0.996 thresh=0.014 onsetDelta=0.98170 baseline=0.00065 adaptive=0.00164 lastPeak=0.00000 guard=0.060 activeAge=-1.000 pitch=-1.00Hz pitchCents=0.0
2025-12-15 22:46:44 [tracker] [s2] onset t=60.243 env=0.00150 gate=0.00001 envDelta=0.00149 envFloor=0.00100 onset=1.016 thresh=0.009 onsetDelta=1.00750 baseline=0.00067 adaptive=0.00166 lastPeak=0.00006 guard=0.060 activeAge=-1.000 pitch=-1.00Hz pitchCents=0.0
2025-12-15 22:46:44 [tracker] [s5] onset t=60.291 env=0.00148 gate=0.00015 envDelta=0.00133 envFloor=0.00106 onset=0.995 thresh=0.016 onsetDelta=0.97901 baseline=0.00071 adaptive=0.00176 lastPeak=0.00000 guard=0.060 activeAge=-1.000 pitch=-1.00Hz pitchCents=0.0
2025-12-15 22:46:44 [tracker] [s1] aubio-raw t=60.2960 onset=0.997687 env=0.000618 peak=0.001694 gain=1.000
2025-12-15 22:46:44 [tracker] [s1] onset-below-env-floor t=60.2960 env=0.000618 gate=0.000023 envDelta=0.000595 envFloor=0.000637 onset=0.997687 thresh=0.006000 onsetDelta=0.991687 baseline=0.000425 floor=0.000180 adapt=0.001061 lastPeak=0.000000 baseParam=0.000180 gateRatio=0.0550 envParam=0.000450 onsetScale=0.300 retriggerScale=1.400 guard=0.060 guardRemain=0.000 activeAge=-1.000 retrigRemain=0.000 pitchHz=444.42 pitchCents=2917.3
2025-12-15 22:46:44 [tracker] [s3] onset t=60.357 env=0.00118 gate=0.00008 envDelta=0.00110 envFloor=0.00088 onset=0.997 thresh=0.012 onsetDelta=0.98581 baseline=0.00059 adaptive=0.00146 lastPeak=0.00000 guard=0.060 activeAge=-1.000 pitch=-1.00Hz pitchCents=0.0
2025-12-15 22:46:45 [tracker] [s4] onset t=60.453 env=0.00170 gate=0.00011 envDelta=0.00159 envFloor=0.00098 onset=0.946 thresh=0.014 onsetDelta=0.93189 baseline=0.00066 adaptive=0.00164 lastPeak=0.00000 guard=0.060 activeAge=-1.000 pitch=-1.00Hz pitchCents=0.0
2025-12-15 22:46:45 [tracker] [s6] onset t=60.459 env=0.00206 gate=0.00021 envDelta=0.00185 envFloor=0.00126 onset=0.994 thresh=0.018 onsetDelta=0.97649 baseline=0.00084 adaptive=0.00210 lastPeak=0.00000 guard=0.060 activeAge=-1.000 pitch=-1.00Hz pitchCents=0.0
2025-12-15 22:46:45 [tracker] [s6] onset t=60.517 env=0.00208 gate=0.00021 envDelta=0.00186 envFloor=0.00128 onset=1.030 thresh=0.018 onsetDelta=1.01245 baseline=0.00086 adaptive=0.00214 lastPeak=0.00000 guard=0.060 activeAge=-1.000 pitch=-1.00Hz pitchCents=0.0
2025-12-15 22:46:45 [tracker] [s6] onset t=60.643 env=0.00150 gate=0.00021 envDelta=0.00129 envFloor=0.00125 onset=1.267 thresh=0.018 onsetDelta=1.24877 baseline=0.00083 adaptive=0.00209 lastPeak=0.00000 guard=0.060 activeAge=-1.000 pitch=-1.00Hz pitchCents=0.0
2025-12-15 22:46:45 [tracker] [s4] onset t=60.733 env=0.00155 gate=0.00011 envDelta=0.00144 envFloor=0.00101 onset=0.994 thresh=0.014 onsetDelta=0.97985 baseline=0.00067 adaptive=0.00169 lastPeak=0.00000 guard=0.060 activeAge=-1.000 pitch=-1.00Hz pitchCents=0.0
2025-12-15 22:46:45 [tracker] [s1] aubio-raw t=60.7839 onset=0.982715 env=0.000696 peak=0.001887 gain=1.000
2025-12-15 22:46:45 [tracker] [s1] onset-accepted t=60.7839 env=0.000696 gate=0.000022 envDelta=0.000673 envFloor=0.000608 onset=0.982715 thresh=0.006000 onsetDelta=0.976715 baseline=0.000405 floor=0.000180 adapt=0.001013 lastPeak=0.000000 baseParam=0.000180 gateRatio=0.0550 envParam=0.000450 onsetScale=0.300 retriggerScale=1.400 guard=0.060 guardRemain=0.000 activeAge=-1.000 retrigRemain=0.000 pitchHz=94.12 pitchCents=230.1
2025-12-15 22:46:45 [tracker] [s1] onset t=60.784 env=0.00070 gate=0.00002 envDelta=0.00067 envFloor=0.00061 onset=0.983 thresh=0.006 onsetDelta=0.97672 baseline=0.00041 adaptive=0.00101 lastPeak=0.00000 guard=0.060 activeAge=-1.000 pitch=94.12Hz pitchCents=230.1
2025-12-15 22:46:45 [tracker] [s3] onset t=60.877 env=0.00137 gate=0.00008 envDelta=0.00129 envFloor=0.00093 onset=1.200 thresh=0.012 onsetDelta=1.18798 baseline=0.00062 adaptive=0.00154 lastPeak=0.00000 guard=0.060 activeAge=-1.000 pitch=-1.00Hz pitchCents=0.0
2025-12-15 22:46:45 [tracker] [s5] onset t=60.883 env=0.00201 gate=0.00016 envDelta=0.00185 envFloor=0.00112 onset=0.997 thresh=0.016 onsetDelta=0.98090 baseline=0.00075 adaptive=0.00187 lastPeak=0.00000 guard=0.060 activeAge=-1.000 pitch=-1.00Hz pitchCents=0.0
2025-12-15 22:46:45 [tracker] [s1] aubio-raw t=60.9173 onset=0.618688 env=0.000923 peak=0.002077 gain=1.000
2025-12-15 22:46:45 [tracker] [s1] onset-accepted t=60.9173 env=0.000923 gate=0.000021 envDelta=0.000902 envFloor=0.000585 onset=0.618688 thresh=0.006000 onsetDelta=0.612688 baseline=0.000390 floor=0.000180 adapt=0.000974 lastPeak=0.000000 baseParam=0.000180 gateRatio=0.0550 envParam=0.000450 onsetScale=0.300 retriggerScale=1.400 guard=0.060 guardRemain=0.000 activeAge=-1.000 retrigRemain=0.000 pitchHz=228.56 pitchCents=1766.1
2025-12-15 22:46:45 [tracker] [s1] onset t=60.917 env=0.00092 gate=0.00002 envDelta=0.00090 envFloor=0.00058 onset=0.619 thresh=0.006 onsetDelta=0.61269 baseline=0.00039 adaptive=0.00097 lastPeak=0.00000 guard=0.060 activeAge=-1.000 pitch=228.56Hz pitchCents=1766.1
2025-12-15 22:46:45 [tracker] [s4] onset t=61.029 env=0.00129 gate=0.00011 envDelta=0.00118 envFloor=0.00097 onset=0.770 thresh=0.014 onsetDelta=0.75585 baseline=0.00065 adaptive=0.00162 lastPeak=0.00000 guard=0.060 activeAge=-1.000 pitch=-1.00Hz pitchCents=0.0
2025-12-15 22:46:45 [tracker] [s3] onset t=61.053 env=0.00131 gate=0.00008 envDelta=0.00123 envFloor=0.00093 onset=0.998 thresh=0.012 onsetDelta=0.98658 baseline=0.00062 adaptive=0.00155 lastPeak=0.00000 guard=0.060 activeAge=-1.000 pitch=-1.00Hz pitchCents=0.0
2025-12-15 22:46:45 [tracker] [s4] onset t=61.088 env=0.00110 gate=0.00011 envDelta=0.00099 envFloor=0.00095 onset=0.931 thresh=0.014 onsetDelta=0.91682 baseline=0.00063 adaptive=0.00158 lastPeak=0.00000 guard=0.060 activeAge=-1.000 pitch=-1.00Hz pitchCents=0.0
2025-12-15 22:46:45 [tracker] [s3] onset t=61.184 env=0.00125 gate=0.00008 envDelta=0.00118 envFloor=0.00090 onset=0.899 thresh=0.012 onsetDelta=0.88746 baseline=0.00060 adaptive=0.00149 lastPeak=0.00000 guard=0.060 activeAge=-1.000 pitch=-1.00Hz pitchCents=0.0
2025-12-15 22:46:45 [tracker] [s2] onset t=61.213 env=0.00125 gate=0.00001 envDelta=0.00124 envFloor=0.00099 onset=0.998 thresh=0.009 onsetDelta=0.98871 baseline=0.00066 adaptive=0.00164 lastPeak=0.00001 guard=0.060 activeAge=-1.000 pitch=444.49Hz pitchCents=2417.6
2025-12-15 22:46:45 [tracker] [s4] onset t=61.253 env=0.00200 gate=0.00012 envDelta=0.00188 envFloor=0.00105 onset=1.276 thresh=0.014 onsetDelta=1.26227 baseline=0.00070 adaptive=0.00175 lastPeak=0.00000 guard=0.060 activeAge=-1.000 pitch=-1.00Hz pitchCents=0.0
2025-12-15 22:46:45 [tracker] [s1] aubio-raw t=61.2559 onset=0.992830 env=0.001000 peak=0.002207 gain=1.000
2025-12-15 22:46:45 [tracker] [s1] onset-accepted t=61.2559 env=0.001000 gate=0.000022 envDelta=0.000978 envFloor=0.000612 onset=0.992830 thresh=0.006000 onsetDelta=0.986830 baseline=0.000408 floor=0.000180 adapt=0.001020 lastPeak=0.000000 baseParam=0.000180 gateRatio=0.0550 envParam=0.000450 onsetScale=0.300 retriggerScale=1.400 guard=0.060 guardRemain=0.000 activeAge=-1.000 retrigRemain=0.000 pitchHz=-1.00 pitchCents=0.0
2025-12-15 22:46:45 [tracker] [s5] onset t=61.269 env=0.00157 gate=0.00016 envDelta=0.00141 envFloor=0.00112 onset=1.025 thresh=0.016 onsetDelta=1.00937 baseline=0.00075 adaptive=0.00186 lastPeak=0.00000 guard=0.060 activeAge=-1.000 pitch=-1.00Hz pitchCents=0.0
2025-12-15 22:46:45 [tracker] [s1] aubio-raw t=61.3786 onset=0.964494 env=0.000817 peak=0.002029 gain=1.000
2025-12-15 22:46:45 [tracker] [s1] onset-accepted t=61.3786 env=0.000817 gate=0.000023 envDelta=0.000794 envFloor=0.000631 onset=0.964494 thresh=0.006000 onsetDelta=0.958494 baseline=0.000421 floor=0.000180 adapt=0.001052 lastPeak=0.000000 baseParam=0.000180 gateRatio=0.0550 envParam=0.000450 onsetScale=0.300 retriggerScale=1.400 guard=0.060 guardRemain=0.000 activeAge=-1.000 retrigRemain=0.000 pitchHz=-1.00 pitchCents=0.0
2025-12-15 22:46:46 [tracker] [s4] onset t=61.632 env=0.00127 gate=0.00011 envDelta=0.00115 envFloor=0.00099 onset=0.995 thresh=0.014 onsetDelta=0.98116 baseline=0.00066 adaptive=0.00166 lastPeak=0.00000 guard=0.060 activeAge=-1.000 pitch=-1.00Hz pitchCents=0.0
2025-12-15 22:46:46 [tracker] [s2] onset t=61.720 env=0.00102 gate=0.00001 envDelta=0.00101 envFloor=0.00093 onset=0.996 thresh=0.009 onsetDelta=0.98722 baseline=0.00062 adaptive=0.00156 lastPeak=0.00000 guard=0.060 activeAge=-1.000 pitch=-1.00Hz pitchCents=0.0
2025-12-15 22:46:46 [tracker] [s1] aubio-raw t=61.7385 onset=0.842618 env=0.000538 peak=0.001411 gain=1.000
2025-12-15 22:46:46 [tracker] [s1] onset-below-env-floor t=61.7385 env=0.000538 gate=0.000021 envDelta=0.000517 envFloor=0.000579 onset=0.842618 thresh=0.006000 onsetDelta=0.836618 baseline=0.000386 floor=0.000180 adapt=0.000966 lastPeak=0.000000 baseParam=0.000180 gateRatio=0.0550 envParam=0.000450 onsetScale=0.300 retriggerScale=1.400 guard=0.060 guardRemain=0.000 activeAge=-1.000 retrigRemain=0.000 pitchHz=-1.00 pitchCents=0.0
2025-12-15 22:46:46 [tracker] [s4] onset t=61.771 env=0.00138 gate=0.00011 envDelta=0.00126 envFloor=0.00099 onset=0.916 thresh=0.014 onsetDelta=0.90211 baseline=0.00066 adaptive=0.00165 lastPeak=0.00000 guard=0.060 activeAge=-1.000 pitch=-1.00Hz pitchCents=0.0
2025-12-15 22:46:46 [tracker] [s3] onset t=61.789 env=0.00150 gate=0.00008 envDelta=0.00142 envFloor=0.00093 onset=0.619 thresh=0.012 onsetDelta=0.60778 baseline=0.00062 adaptive=0.00155 lastPeak=0.00000 guard=0.060 activeAge=-1.000 pitch=-1.00Hz pitchCents=0.0
2025-12-15 22:46:46 [tracker] [s2] onset t=61.819 env=0.00164 gate=0.00001 envDelta=0.00163 envFloor=0.00090 onset=1.030 thresh=0.009 onsetDelta=1.02079 baseline=0.00060 adaptive=0.00150 lastPeak=0.00000 guard=0.060 activeAge=-1.000 pitch=571.33Hz pitchCents=2852.2
2025-12-15 22:46:46 [tracker] [s2] note-start t=61.819 fret=24 midi=69 vel=0.02 env=0.00164
2025-12-15 22:46:46 [tracker] [s5] onset t=61.821 env=0.00165 gate=0.00015 envDelta=0.00150 envFloor=0.00106 onset=1.000 thresh=0.016 onsetDelta=0.98435 baseline=0.00070 adaptive=0.00176 lastPeak=0.00000 guard=0.060 activeAge=-1.000 pitch=-1.00Hz pitchCents=0.0
2025-12-15 22:46:46 [tracker] [s3] onset t=61.872 env=0.00154 gate=0.00008 envDelta=0.00146 envFloor=0.00093 onset=0.998 thresh=0.012 onsetDelta=0.98657 baseline=0.00062 adaptive=0.00156 lastPeak=0.00000 guard=0.060 activeAge=-1.000 pitch=-1.00Hz pitchCents=0.0
2025-12-15 22:46:46 [tracker] [s6] onset t=61.907 env=0.00185 gate=0.00019 envDelta=0.00166 envFloor=0.00114 onset=0.998 thresh=0.018 onsetDelta=0.98005 baseline=0.00076 adaptive=0.00191 lastPeak=0.00000 guard=0.060 activeAge=-1.000 pitch=-1.00Hz pitchCents=0.0
2025-12-15 22:46:46 [tracker] [s5] onset t=61.944 env=0.00149 gate=0.00014 envDelta=0.00134 envFloor=0.00103 onset=1.074 thresh=0.016 onsetDelta=1.05838 baseline=0.00069 adaptive=0.00172 lastPeak=0.00000 guard=0.060 activeAge=-1.000 pitch=-1.00Hz pitchCents=0.0
2025-12-15 22:46:46 [tracker] [s2] release-retrigger t=61.997 onset=0.999 gate=0.000 age=0.179
2025-12-15 22:46:46 [tracker] [s2] note-ended t=61.997 fret=24 dur=0.179
2025-12-15 22:46:46 [tracker] [s4] onset t=62.003 env=0.00128 gate=0.00011 envDelta=0.00117 envFloor=0.00094 onset=1.317 thresh=0.014 onsetDelta=1.30307 baseline=0.00063 adaptive=0.00157 lastPeak=0.00000 guard=0.060 activeAge=-1.000 pitch=-1.00Hz pitchCents=0.0
2025-12-15 22:46:46 [tracker] [s6] onset t=62.032 env=0.00208 gate=0.00022 envDelta=0.00186 envFloor=0.00130 onset=0.999 thresh=0.018 onsetDelta=0.98062 baseline=0.00086 adaptive=0.00216 lastPeak=0.00000 guard=0.060 activeAge=-1.000 pitch=-1.00Hz pitchCents=0.0
2025-12-15 22:46:46 [tracker] [s4] onset t=62.056 env=0.00152 gate=0.00012 envDelta=0.00141 envFloor=0.00102 onset=1.021 thresh=0.014 onsetDelta=1.00712 baseline=0.00068 adaptive=0.00170 lastPeak=0.00000 guard=0.060 activeAge=-1.000 pitch=-1.00Hz pitchCents=0.0
2025-12-15 22:46:46 [tracker] [s1] aubio-raw t=62.1598 onset=0.998294 env=0.000959 peak=0.001979 gain=1.000
2025-12-15 22:46:46 [tracker] [s1] onset-accepted t=62.1598 env=0.000959 gate=0.000022 envDelta=0.000937 envFloor=0.000603 onset=0.998294 thresh=0.006000 onsetDelta=0.992294 baseline=0.000402 floor=0.000180 adapt=0.001005 lastPeak=0.000000 baseParam=0.000180 gateRatio=0.0550 envParam=0.000450 onsetScale=0.300 retriggerScale=1.400 guard=0.060 guardRemain=0.000 activeAge=-1.000 retrigRemain=0.000 pitchHz=-1.00 pitchCents=0.0
2025-12-15 22:46:46 [tracker] [s1] onset t=62.160 env=0.00096 gate=0.00002 envDelta=0.00094 envFloor=0.00060 onset=0.998 thresh=0.006 onsetDelta=0.99229 baseline=0.00040 adaptive=0.00100 lastPeak=0.00000 guard=0.060 activeAge=-1.000 pitch=-1.00Hz pitchCents=0.0
2025-12-15 22:46:46 [tracker] [s6] onset t=62.173 env=0.00201 gate=0.00021 envDelta=0.00181 envFloor=0.00124 onset=0.773 thresh=0.018 onsetDelta=0.75521 baseline=0.00083 adaptive=0.00207 lastPeak=0.00000 guard=0.060 activeAge=-1.000 pitch=-1.00Hz pitchCents=0.0
2025-12-15 22:46:46 [tracker] [s5] onset t=62.296 env=0.00140 gate=0.00015 envDelta=0.00125 envFloor=0.00104 onset=1.075 thresh=0.016 onsetDelta=1.05907 baseline=0.00069 adaptive=0.00173 lastPeak=0.00000 guard=0.060 activeAge=-1.000 pitch=-1.00Hz pitchCents=0.0
2025-12-15 22:46:46 [tracker] [s1] aubio-raw t=62.2985 onset=0.998470 env=0.000836 peak=0.001903 gain=1.000
2025-12-15 22:46:46 [tracker] [s1] onset-accepted t=62.2985 env=0.000836 gate=0.000023 envDelta=0.000813 envFloor=0.000619 onset=0.998470 thresh=0.006000 onsetDelta=0.992470 baseline=0.000413 floor=0.000180 adapt=0.001032 lastPeak=0.000000 baseParam=0.000180 gateRatio=0.0550 envParam=0.000450 onsetScale=0.300 retriggerScale=1.400 guard=0.060 guardRemain=0.000 activeAge=-1.000 retrigRemain=0.000 pitchHz=95.24 pitchCents=250.5
2025-12-15 22:46:46 [tracker] [s1] onset t=62.298 env=0.00084 gate=0.00002 envDelta=0.00081 envFloor=0.00062 onset=0.998 thresh=0.006 onsetDelta=0.99247 baseline=0.00041 adaptive=0.00103 lastPeak=0.00000 guard=0.060 activeAge=-1.000 pitch=95.24Hz pitchCents=250.5
2025-12-15 22:46:46 [tracker] [s1] note-start t=62.298 fret=3 midi=43 vel=0.01 env=0.00084
2025-12-15 22:46:46 [tracker] [s4] onset t=62.394 env=0.00134 gate=0.00011 envDelta=0.00123 envFloor=0.00101 onset=0.930 thresh=0.014 onsetDelta=0.91569 baseline=0.00067 adaptive=0.00168 lastPeak=0.00000 guard=0.060 activeAge=-1.000 pitch=-1.00Hz pitchCents=0.0
2025-12-15 22:46:47 [tracker] [s5] onset t=62.514 env=0.00171 gate=0.00015 envDelta=0.00156 envFloor=0.00108 onset=0.918 thresh=0.016 onsetDelta=0.90217 baseline=0.00072 adaptive=0.00180 lastPeak=0.00000 guard=0.060 activeAge=-1.000 pitch=-1.00Hz pitchCents=0.0
2025-12-15 22:46:47 [tracker] [s1] aubio-raw t=62.5918 onset=0.964090 env=0.000584 peak=0.001730 gain=1.000
2025-12-15 22:46:47 [tracker] [s1] onset-accepted t=62.5918 env=0.000584 gate=0.000024 envDelta=0.000560 envFloor=0.000577 onset=0.964090 thresh=0.006000 onsetDelta=0.958090 baseline=0.000433 floor=0.000180 adapt=0.000962 lastPeak=0.000482 baseParam=0.000180 gateRatio=0.0550 envParam=0.000450 onsetScale=0.300 retriggerScale=1.400 guard=0.060 guardRemain=0.000 activeAge=0.293 retrigRemain=0.000 pitchHz=-1.00 pitchCents=0.0
2025-12-15 22:46:47 [tracker] [s1] onset t=62.592 env=0.00058 gate=0.00002 envDelta=0.00056 envFloor=0.00058 onset=0.964 thresh=0.006 onsetDelta=0.95809 baseline=0.00043 adaptive=0.00096 lastPeak=0.00048 guard=0.060 activeAge=0.293 pitch=-1.00Hz pitchCents=0.0
2025-12-15 22:46:47 [tracker] [s1] note-ended (new onset) t=62.592 fret=3 dur=0.293
2025-12-15 22:46:47 [tracker] [s3] onset t=62.645 env=0.00144 gate=0.00008 envDelta=0.00136 envFloor=0.00091 onset=0.839 thresh=0.012 onsetDelta=0.82715 baseline=0.00061 adaptive=0.00152 lastPeak=0.00000 guard=0.060 activeAge=-1.000 pitch=-1.00Hz pitchCents=0.0
2025-12-15 22:46:47 [tracker] [s4] onset t=62.672 env=0.00102 gate=0.00011 envDelta=0.00091 envFloor=0.00095 onset=0.805 thresh=0.014 onsetDelta=0.79096 baseline=0.00063 adaptive=0.00158 lastPeak=0.00000 guard=0.060 activeAge=-1.000 pitch=-1.00Hz pitchCents=0.0
2025-12-15 22:46:47 [tracker] [s3] onset t=62.768 env=0.00177 gate=0.00008 envDelta=0.00168 envFloor=0.00093 onset=1.122 thresh=0.012 onsetDelta=1.11079 baseline=0.00062 adaptive=0.00156 lastPeak=0.00000 guard=0.060 activeAge=-1.000 pitch=-1.00Hz pitchCents=0.0
2025-12-15 22:46:47 [tracker] [s6] onset t=62.837 env=0.00207 gate=0.00022 envDelta=0.00186 envFloor=0.00129 onset=0.993 thresh=0.018 onsetDelta=0.97531 baseline=0.00086 adaptive=0.00216 lastPeak=0.00000 guard=0.060 activeAge=-1.000 pitch=-1.00Hz pitchCents=0.0
2025-12-15 22:46:47 [tracker] [s4] onset t=62.848 env=0.00129 gate=0.00012 envDelta=0.00117 envFloor=0.00104 onset=0.997 thresh=0.014 onsetDelta=0.98309 baseline=0.00069 adaptive=0.00173 lastPeak=0.00000 guard=0.060 activeAge=-1.000 pitch=-1.00Hz pitchCents=0.0
2025-12-15 22:46:47 [tracker] [s3] onset t=63.034 env=0.00132 gate=0.00008 envDelta=0.00124 envFloor=0.00095 onset=0.780 thresh=0.012 onsetDelta=0.76857 baseline=0.00063 adaptive=0.00158 lastPeak=0.00000 guard=0.060 activeAge=-1.000 pitch=-1.00Hz pitchCents=0.0
2025-12-15 22:46:47 [tracker] [s1] aubio-raw t=63.0584 onset=1.003483 env=0.000819 peak=0.001800 gain=1.000
2025-12-15 22:46:47 [tracker] [s1] onset-accepted t=63.0584 env=0.000819 gate=0.000021 envDelta=0.000798 envFloor=0.000564 onset=1.003483 thresh=0.006000 onsetDelta=0.997483 baseline=0.000376 floor=0.000180 adapt=0.000940 lastPeak=0.000200 baseParam=0.000180 gateRatio=0.0550 envParam=0.000450 onsetScale=0.300 retriggerScale=1.400 guard=0.060 guardRemain=0.000 activeAge=-1.000 retrigRemain=0.000 pitchHz=500.07 pitchCents=3121.5
2025-12-15 22:46:47 [tracker] [s1] onset t=63.058 env=0.00082 gate=0.00002 envDelta=0.00080 envFloor=0.00056 onset=1.003 thresh=0.006 onsetDelta=0.99748 baseline=0.00038 adaptive=0.00094 lastPeak=0.00020 guard=0.060 activeAge=-1.000 pitch=500.07Hz pitchCents=3121.5
2025-12-15 22:46:47 [tracker] [s6] onset t=63.088 env=0.00214 gate=0.00021 envDelta=0.00194 envFloor=0.00123 onset=0.819 thresh=0.018 onsetDelta=0.80083 baseline=0.00082 adaptive=0.00206 lastPeak=0.00000 guard=0.060 activeAge=-1.000 pitch=-1.00Hz pitchCents=0.0
2025-12-15 22:46:47 [tracker] [s1] aubio-raw t=63.1251 onset=1.060931 env=0.000891 peak=0.002275 gain=1.000
2025-12-15 22:46:47 [tracker] [s1] onset-accepted t=63.1251 env=0.000891 gate=0.000022 envDelta=0.000869 envFloor=0.000601 onset=1.060931 thresh=0.006000 onsetDelta=1.054931 baseline=0.000401 floor=0.000180 adapt=0.001002 lastPeak=0.000177 baseParam=0.000180 gateRatio=0.0550 envParam=0.000450 onsetScale=0.300 retriggerScale=1.400 guard=0.060 guardRemain=0.000 activeAge=-1.000 retrigRemain=0.000 pitchHz=-1.00 pitchCents=0.0
2025-12-15 22:46:47 [tracker] [s1] onset t=63.125 env=0.00089 gate=0.00002 envDelta=0.00087 envFloor=0.00060 onset=1.061 thresh=0.006 onsetDelta=1.05493 baseline=0.00040 adaptive=0.00100 lastPeak=0.00018 guard=0.060 activeAge=-1.000 pitch=-1.00Hz pitchCents=0.0
2025-12-15 22:46:47 [tracker] [s2] onset t=63.138 env=0.00160 gate=0.00001 envDelta=0.00159 envFloor=0.00097 onset=0.936 thresh=0.009 onsetDelta=0.92684 baseline=0.00065 adaptive=0.00162 lastPeak=0.00014 guard=0.060 activeAge=-1.000 pitch=363.65Hz pitchCents=2070.1
2025-12-15 22:46:47 [tracker] [s2] onset t=63.317 env=0.00142 gate=0.00001 envDelta=0.00141 envFloor=0.00105 onset=0.755 thresh=0.009 onsetDelta=0.74620 baseline=0.00070 adaptive=0.00175 lastPeak=0.00010 guard=0.060 activeAge=-1.000 pitch=-1.00Hz pitchCents=0.0
2025-12-15 22:46:47 [tracker] [s4] onset t=63.370 env=0.00133 gate=0.00011 envDelta=0.00121 envFloor=0.00099 onset=0.996 thresh=0.014 onsetDelta=0.98193 baseline=0.00066 adaptive=0.00165 lastPeak=0.00000 guard=0.060 activeAge=-1.000 pitch=-1.00Hz pitchCents=0.0
2025-12-15 22:46:47 [tracker] [s5] onset t=63.421 env=0.00145 gate=0.00015 envDelta=0.00130 envFloor=0.00106 onset=1.357 thresh=0.016 onsetDelta=1.34080 baseline=0.00071 adaptive=0.00177 lastPeak=0.00000 guard=0.060 activeAge=-1.000 pitch=-1.00Hz pitchCents=0.0
2025-12-15 22:46:48 [tracker] [s4] onset t=63.429 env=0.00126 gate=0.00010 envDelta=0.00116 envFloor=0.00091 onset=1.087 thresh=0.014 onsetDelta=1.07262 baseline=0.00060 adaptive=0.00151 lastPeak=0.00000 guard=0.060 activeAge=-1.000 pitch=-1.00Hz pitchCents=0.0
2025-12-15 22:46:48 [tracker] [s3] onset t=63.477 env=0.00134 gate=0.00008 envDelta=0.00126 envFloor=0.00089 onset=0.992 thresh=0.012 onsetDelta=0.98071 baseline=0.00059 adaptive=0.00148 lastPeak=0.00000 guard=0.060 activeAge=-1.000 pitch=-1.00Hz pitchCents=0.0
2025-12-15 22:46:48 [tracker] [s1] aubio-raw t=63.4931 onset=0.994282 env=0.000792 peak=0.001934 gain=1.000
2025-12-15 22:46:48 [tracker] [s1] onset-accepted t=63.4931 env=0.000792 gate=0.000021 envDelta=0.000771 envFloor=0.000571 onset=0.994282 thresh=0.006000 onsetDelta=0.988282 baseline=0.000381 floor=0.000180 adapt=0.000952 lastPeak=0.000088 baseParam=0.000180 gateRatio=0.0550 envParam=0.000450 onsetScale=0.300 retriggerScale=1.400 guard=0.060 guardRemain=0.000 activeAge=-1.000 retrigRemain=0.000 pitchHz=105.26 pitchCents=423.8
2025-12-15 22:46:48 [tracker] [s1] onset t=63.493 env=0.00079 gate=0.00002 envDelta=0.00077 envFloor=0.00057 onset=0.994 thresh=0.006 onsetDelta=0.98828 baseline=0.00038 adaptive=0.00095 lastPeak=0.00009 guard=0.060 activeAge=-1.000 pitch=105.26Hz pitchCents=423.8
2025-12-15 22:46:48 [tracker] [s1] note-start t=63.493 fret=4 midi=44 vel=0.01 env=0.00079
2025-12-15 22:46:48 [tracker] [s6] onset t=63.506 env=0.00178 gate=0.00021 envDelta=0.00157 envFloor=0.00125 onset=0.737 thresh=0.018 onsetDelta=0.71860 baseline=0.00083 adaptive=0.00208 lastPeak=0.00000 guard=0.060 activeAge=-1.000 pitch=-1.00Hz pitchCents=0.0
2025-12-15 22:46:48 [tracker] [s3] onset t=63.541 env=0.00135 gate=0.00008 envDelta=0.00127 envFloor=0.00095 onset=1.100 thresh=0.012 onsetDelta=1.08822 baseline=0.00063 adaptive=0.00158 lastPeak=0.00000 guard=0.060 activeAge=-1.000 pitch=-1.00Hz pitchCents=0.0
2025-12-15 22:46:48 [tracker] [s3] onset t=63.594 env=0.00146 gate=0.00008 envDelta=0.00138 envFloor=0.00096 onset=0.997 thresh=0.012 onsetDelta=0.98579 baseline=0.00064 adaptive=0.00160 lastPeak=0.00000 guard=0.060 activeAge=-1.000 pitch=-1.00Hz pitchCents=0.0
2025-12-15 22:46:48 [tracker] [s1] aubio-raw t=63.6904 onset=0.633130 env=0.000643 peak=0.001943 gain=1.000
2025-12-15 22:46:48 [tracker] [s1] onset-accepted t=63.6904 env=0.000643 gate=0.000027 envDelta=0.000616 envFloor=0.000579 onset=0.633130 thresh=0.006000 onsetDelta=0.627130 baseline=0.000492 floor=0.000180 adapt=0.000965 lastPeak=0.000547 baseParam=0.000180 gateRatio=0.0550 envParam=0.000450 onsetScale=0.300 retriggerScale=1.400 guard=0.060 guardRemain=0.000 activeAge=0.197 retrigRemain=0.023 pitchHz=-1.00 pitchCents=0.0
2025-12-15 22:46:48 [tracker] [s1] onset t=63.690 env=0.00064 gate=0.00003 envDelta=0.00062 envFloor=0.00058 onset=0.633 thresh=0.006 onsetDelta=0.62713 baseline=0.00049 adaptive=0.00097 lastPeak=0.00055 guard=0.060 activeAge=0.197 pitch=-1.00Hz pitchCents=0.0
2025-12-15 22:46:48 [tracker] [s1] note-ended (new onset) t=63.690 fret=4 dur=0.197
2025-12-15 22:46:48 [tracker] [s6] onset t=63.722 env=0.00170 gate=0.00019 envDelta=0.00151 envFloor=0.00117 onset=0.746 thresh=0.018 onsetDelta=0.72764 baseline=0.00078 adaptive=0.00194 lastPeak=0.00000 guard=0.060 activeAge=-1.000 pitch=-1.00Hz pitchCents=0.0
2025-12-15 22:46:48 [tracker] [s3] onset t=63.738 env=0.00099 gate=0.00007 envDelta=0.00091 envFloor=0.00086 onset=0.996 thresh=0.012 onsetDelta=0.98463 baseline=0.00058 adaptive=0.00144 lastPeak=0.00000 guard=0.060 activeAge=-1.000 pitch=-1.00Hz pitchCents=0.0
2025-12-15 22:46:48 [tracker] [s5] onset t=63.776 env=0.00159 gate=0.00014 envDelta=0.00146 envFloor=0.00099 onset=1.122 thresh=0.016 onsetDelta=1.10626 baseline=0.00066 adaptive=0.00164 lastPeak=0.00000 guard=0.060 activeAge=-1.000 pitch=-1.00Hz pitchCents=0.0
2025-12-15 22:46:48 [tracker] [s2] onset t=63.832 env=0.00102 gate=0.00001 envDelta=0.00102 envFloor=0.00094 onset=0.996 thresh=0.009 onsetDelta=0.98722 baseline=0.00063 adaptive=0.00157 lastPeak=0.00004 guard=0.060 activeAge=-1.000 pitch=100.00Hz pitchCents=-165.1
2025-12-15 22:46:48 [tracker] [s4] onset t=63.842 env=0.00208 gate=0.00011 envDelta=0.00197 envFloor=0.00098 onset=1.033 thresh=0.014 onsetDelta=1.01927 baseline=0.00066 adaptive=0.00164 lastPeak=0.00000 guard=0.060 activeAge=-1.000 pitch=-1.00Hz pitchCents=0.0
2025-12-15 22:46:48 [tracker] [s2] onset t=63.933 env=0.00121 gate=0.00001 envDelta=0.00120 envFloor=0.00097 onset=0.995 thresh=0.009 onsetDelta=0.98578 baseline=0.00065 adaptive=0.00162 lastPeak=0.00003 guard=0.060 activeAge=-1.000 pitch=-1.00Hz pitchCents=0.0
2025-12-15 22:46:48 [tracker] [s6] onset t=63.992 env=0.00193 gate=0.00022 envDelta=0.00171 envFloor=0.00129 onset=0.995 thresh=0.018 onsetDelta=0.97661 baseline=0.00086 adaptive=0.00215 lastPeak=0.00000 guard=0.060 activeAge=-1.000 pitch=-1.00Hz pitchCents=0.0
2025-12-15 22:46:48 [tracker] [s2] onset t=64.005 env=0.00119 gate=0.00001 envDelta=0.00118 envFloor=0.00095 onset=1.173 thresh=0.009 onsetDelta=1.16424 baseline=0.00063 adaptive=0.00158 lastPeak=0.00003 guard=0.060 activeAge=-1.000 pitch=-1.00Hz pitchCents=0.0
2025-12-15 22:46:48 [tracker] [s1] aubio-raw t=64.0531 onset=1.352121 env=0.000927 peak=0.002463 gain=1.000
2025-12-15 22:46:48 [tracker] [s1] onset-accepted t=64.0531 env=0.000927 gate=0.000022 envDelta=0.000904 envFloor=0.000609 onset=1.352121 thresh=0.006000 onsetDelta=1.346121 baseline=0.000406 floor=0.000180 adapt=0.001014 lastPeak=0.000276 baseParam=0.000180 gateRatio=0.0550 envParam=0.000450 onsetScale=0.300 retriggerScale=1.400 guard=0.060 guardRemain=0.000 activeAge=-1.000 retrigRemain=0.000 pitchHz=-1.00 pitchCents=0.0
2025-12-15 22:46:48 [tracker] [s1] onset t=64.053 env=0.00093 gate=0.00002 envDelta=0.00090 envFloor=0.00061 onset=1.352 thresh=0.006 onsetDelta=1.34612 baseline=0.00041 adaptive=0.00101 lastPeak=0.00028 guard=0.060 activeAge=-1.000 pitch=-1.00Hz pitchCents=0.0
2025-12-15 22:46:48 [tracker] [s5] onset t=64.125 env=0.00140 gate=0.00015 envDelta=0.00125 envFloor=0.00104 onset=1.004 thresh=0.016 onsetDelta=0.98751 baseline=0.00069 adaptive=0.00173 lastPeak=0.00000 guard=0.060 activeAge=-1.000 pitch=-1.00Hz pitchCents=0.0
2025-12-15 22:46:48 [tracker] [s2] onset t=64.136 env=0.00158 gate=0.00001 envDelta=0.00157 envFloor=0.00095 onset=0.906 thresh=0.009 onsetDelta=0.89690 baseline=0.00063 adaptive=0.00159 lastPeak=0.00002 guard=0.060 activeAge=-1.000 pitch=400.01Hz pitchCents=2235.0
2025-12-15 22:46:48 [tracker] [s2] onset t=64.189 env=0.00130 gate=0.00001 envDelta=0.00130 envFloor=0.00098 onset=1.024 thresh=0.009 onsetDelta=1.01531 baseline=0.00065 adaptive=0.00163 lastPeak=0.00002 guard=0.060 activeAge=-1.000 pitch=1333.61Hz pitchCents=4319.7
2025-12-15 22:46:48 [tracker] [s3] onset t=64.309 env=0.00204 gate=0.00009 envDelta=0.00195 envFloor=0.00100 onset=0.952 thresh=0.012 onsetDelta=0.94008 baseline=0.00067 adaptive=0.00167 lastPeak=0.00000 guard=0.060 activeAge=-1.000 pitch=-1.00Hz pitchCents=0.0
2025-12-15 22:46:48 [tracker] [s2] onset t=64.320 env=0.00163 gate=0.00001 envDelta=0.00162 envFloor=0.00092 onset=0.996 thresh=0.009 onsetDelta=0.98699 baseline=0.00061 adaptive=0.00153 lastPeak=0.00001 guard=0.060 activeAge=-1.000 pitch=-1.00Hz pitchCents=0.0
2025-12-15 22:46:48 [tracker] [s6] onset t=64.323 env=0.00215 gate=0.00021 envDelta=0.00193 envFloor=0.00128 onset=1.055 thresh=0.018 onsetDelta=1.03732 baseline=0.00085 adaptive=0.00213 lastPeak=0.00000 guard=0.060 activeAge=-1.000 pitch=-1.00Hz pitchCents=0.0
2025-12-15 22:46:48 [tracker] [s1] aubio-raw t=64.3255 onset=1.119928 env=0.000777 peak=0.002282 gain=1.000
2025-12-15 22:46:48 [tracker] [s1] onset-accepted t=64.3255 env=0.000777 gate=0.000023 envDelta=0.000753 envFloor=0.000639 onset=1.119928 thresh=0.006000 onsetDelta=1.113928 baseline=0.000426 floor=0.000180 adapt=0.001065 lastPeak=0.000166 baseParam=0.000180 gateRatio=0.0550 envParam=0.000450 onsetScale=0.300 retriggerScale=1.400 guard=0.060 guardRemain=0.000 activeAge=-1.000 retrigRemain=0.000 pitchHz=-1.00 pitchCents=0.0
2025-12-15 22:46:48 [tracker] [s1] onset t=64.325 env=0.00078 gate=0.00002 envDelta=0.00075 envFloor=0.00064 onset=1.120 thresh=0.006 onsetDelta=1.11393 baseline=0.00043 adaptive=0.00106 lastPeak=0.00017 guard=0.060 activeAge=-1.000 pitch=-1.00Hz pitchCents=0.0
2025-12-15 22:46:48 [tracker] [s2] onset t=64.411 env=0.00241 gate=0.00001 envDelta=0.00240 envFloor=0.00099 onset=1.437 thresh=0.009 onsetDelta=1.42814 baseline=0.00066 adaptive=0.00165 lastPeak=0.00001 guard=0.060 activeAge=-1.000 pitch=-1.00Hz pitchCents=0.0
2025-12-15 22:46:49 [tracker] [s1] aubio-raw t=64.4777 onset=0.865761 env=0.000752 peak=0.002140 gain=1.000
2025-12-15 22:46:49 [tracker] [s1] onset-accepted t=64.4777 env=0.000752 gate=0.000022 envDelta=0.000730 envFloor=0.000609 onset=0.865761 thresh=0.006000 onsetDelta=0.859761 baseline=0.000406 floor=0.000180 adapt=0.001015 lastPeak=0.000125 baseParam=0.000180 gateRatio=0.0550 envParam=0.000450 onsetScale=0.300 retriggerScale=1.400 guard=0.060 guardRemain=0.000 activeAge=-1.000 retrigRemain=0.000 pitchHz=-1.00 pitchCents=0.0
2025-12-15 22:46:49 [tracker] [s1] onset t=64.478 env=0.00075 gate=0.00002 envDelta=0.00073 envFloor=0.00061 onset=0.866 thresh=0.006 onsetDelta=0.85976 baseline=0.00041 adaptive=0.00102 lastPeak=0.00012 guard=0.060 activeAge=-1.000 pitch=-1.00Hz pitchCents=0.0
2025-12-15 22:46:49 [tracker] [s3] onset t=64.486 env=0.00137 gate=0.00008 envDelta=0.00129 envFloor=0.00095 onset=0.899 thresh=0.012 onsetDelta=0.88703 baseline=0.00063 adaptive=0.00158 lastPeak=0.00000 guard=0.060 activeAge=-1.000 pitch=-1.00Hz pitchCents=0.0
2025-12-15 22:46:49 [tracker] [s3] onset t=64.552 env=0.00117 gate=0.00008 envDelta=0.00108 envFloor=0.00095 onset=0.999 thresh=0.012 onsetDelta=0.98734 baseline=0.00063 adaptive=0.00158 lastPeak=0.00000 guard=0.060 activeAge=-1.000 pitch=-1.00Hz pitchCents=0.0
2025-12-15 22:46:49 [tracker] [s6] onset t=64.574 env=0.00182 gate=0.00020 envDelta=0.00162 envFloor=0.00121 onset=1.492 thresh=0.018 onsetDelta=1.47447 baseline=0.00081 adaptive=0.00201 lastPeak=0.00000 guard=0.060 activeAge=-1.000 pitch=-1.00Hz pitchCents=0.0
2025-12-15 22:46:49 [tracker] [s5] onset t=64.713 env=0.00161 gate=0.00016 envDelta=0.00146 envFloor=0.00111 onset=0.539 thresh=0.016 onsetDelta=0.52298 baseline=0.00074 adaptive=0.00185 lastPeak=0.00000 guard=0.060 activeAge=-1.000 pitch=-1.00Hz pitchCents=0.0
2025-12-15 22:46:49 [tracker] [s4] onset t=64.726 env=0.00178 gate=0.00011 envDelta=0.00167 envFloor=0.00100 onset=1.093 thresh=0.014 onsetDelta=1.07927 baseline=0.00067 adaptive=0.00167 lastPeak=0.00000 guard=0.060 activeAge=-1.000 pitch=-1.00Hz pitchCents=0.0
2025-12-15 22:46:49 [tracker] [s6] onset t=64.806 env=0.00208 gate=0.00021 envDelta=0.00187 envFloor=0.00125 onset=0.720 thresh=0.018 onsetDelta=0.70209 baseline=0.00083 adaptive=0.00208 lastPeak=0.00000 guard=0.060 activeAge=-1.000 pitch=-1.00Hz pitchCents=0.0
2025-12-15 22:46:49 [tracker] [s5] onset t=64.817 env=0.00202 gate=0.00016 envDelta=0.00186 envFloor=0.00113 onset=0.995 thresh=0.016 onsetDelta=0.97857 baseline=0.00075 adaptive=0.00188 lastPeak=0.00000 guard=0.060 activeAge=-1.000 pitch=-1.00Hz pitchCents=0.0
2025-12-15 22:46:49 [tracker] [s1] aubio-raw t=64.8435 onset=1.054957 env=0.000928 peak=0.002015 gain=1.000
2025-12-15 22:46:49 [tracker] [s1] onset-accepted t=64.8435 env=0.000928 gate=0.000023 envDelta=0.000905 envFloor=0.000635 onset=1.054957 thresh=0.006000 onsetDelta=1.048957 baseline=0.000423 floor=0.000180 adapt=0.001058 lastPeak=0.000063 baseParam=0.000180 gateRatio=0.0550 envParam=0.000450 onsetScale=0.300 retriggerScale=1.400 guard=0.060 guardRemain=0.000 activeAge=-1.000 retrigRemain=0.000 pitchHz=-1.00 pitchCents=0.0
2025-12-15 22:46:49 [tracker] [s1] onset t=64.844 env=0.00093 gate=0.00002 envDelta=0.00090 envFloor=0.00063 onset=1.055 thresh=0.006 onsetDelta=1.04896 baseline=0.00042 adaptive=0.00106 lastPeak=0.00006 guard=0.060 activeAge=-1.000 pitch=-1.00Hz pitchCents=0.0
2025-12-15 22:46:49 [tracker] [s3] onset t=64.889 env=0.00135 gate=0.00008 envDelta=0.00127 envFloor=0.00094 onset=0.997 thresh=0.012 onsetDelta=0.98562 baseline=0.00063 adaptive=0.00156 lastPeak=0.00000 guard=0.060 activeAge=-1.000 pitch=-1.00Hz pitchCents=0.0
2025-12-15 22:46:49 [tracker] [s5] onset t=64.977 env=0.00197 gate=0.00015 envDelta=0.00182 envFloor=0.00105 onset=0.975 thresh=0.016 onsetDelta=0.95887 baseline=0.00070 adaptive=0.00175 lastPeak=0.00000 guard=0.060 activeAge=-1.000 pitch=-1.00Hz pitchCents=0.0
2025-12-15 22:46:49 [tracker] [s4] onset t=65.038 env=0.00170 gate=0.00011 envDelta=0.00158 envFloor=0.00101 onset=1.468 thresh=0.014 onsetDelta=1.45372 baseline=0.00067 adaptive=0.00168 lastPeak=0.00000 guard=0.060 activeAge=-1.000 pitch=-1.00Hz pitchCents=0.0
2025-12-15 22:46:49 [tracker] [s5] onset t=65.065 env=0.00204 gate=0.00016 envDelta=0.00188 envFloor=0.00116 onset=0.998 thresh=0.016 onsetDelta=0.98180 baseline=0.00077 adaptive=0.00193 lastPeak=0.00000 guard=0.060 activeAge=-1.000 pitch=-1.00Hz pitchCents=0.0
2025-12-15 22:46:49 [tracker] [s6] onset t=65.175 env=0.00175 gate=0.00021 envDelta=0.00154 envFloor=0.00125 onset=0.997 thresh=0.018 onsetDelta=0.97895 baseline=0.00083 adaptive=0.00208 lastPeak=0.00000 guard=0.060 activeAge=-1.000 pitch=-1.00Hz pitchCents=0.0
2025-12-15 22:46:49 [tracker] [s3] onset t=65.188 env=0.00151 gate=0.00009 envDelta=0.00142 envFloor=0.00098 onset=1.003 thresh=0.012 onsetDelta=0.99157 baseline=0.00066 adaptive=0.00164 lastPeak=0.00000 guard=0.060 activeAge=-1.000 pitch=-1.00Hz pitchCents=0.0
2025-12-15 22:46:49 [tracker] [s6] onset t=65.263 env=0.00159 gate=0.00020 envDelta=0.00139 envFloor=0.00119 onset=1.182 thresh=0.018 onsetDelta=1.16373 baseline=0.00079 adaptive=0.00199 lastPeak=0.00000 guard=0.060 activeAge=-1.000 pitch=-1.00Hz pitchCents=0.0
2025-12-15 22:46:49 [tracker] [s1] aubio-raw t=65.3856 onset=0.970011 env=0.000917 peak=0.001926 gain=1.000
2025-12-15 22:46:49 [tracker] [s1] onset-accepted t=65.3856 env=0.000917 gate=0.000021 envDelta=0.000896 envFloor=0.000582 onset=0.970011 thresh=0.006000 onsetDelta=0.964011 baseline=0.000388 floor=0.000180 adapt=0.000970 lastPeak=0.000023 baseParam=0.000180 gateRatio=0.0550 envParam=0.000450 onsetScale=0.300 retriggerScale=1.400 guard=0.060 guardRemain=0.000 activeAge=-1.000 retrigRemain=0.000 pitchHz=-1.00 pitchCents=0.0
2025-12-15 22:46:49 [tracker] [s1] onset t=65.386 env=0.00092 gate=0.00002 envDelta=0.00090 envFloor=0.00058 onset=0.970 thresh=0.006 onsetDelta=0.96401 baseline=0.00039 adaptive=0.00097 lastPeak=0.00002 guard=0.060 activeAge=-1.000 pitch=-1.00Hz pitchCents=0.0
2025-12-15 22:46:50 [tracker] [s4] onset t=65.434 env=0.00156 gate=0.00012 envDelta=0.00144 envFloor=0.00104 onset=1.211 thresh=0.014 onsetDelta=1.19679 baseline=0.00069 adaptive=0.00173 lastPeak=0.00000 guard=0.060 activeAge=-1.000 pitch=-1.00Hz pitchCents=0.0
2025-12-15 22:46:50 [tracker] [s5] onset t=65.645 env=0.00182 gate=0.00015 envDelta=0.00167 envFloor=0.00105 onset=1.322 thresh=0.016 onsetDelta=1.30551 baseline=0.00070 adaptive=0.00176 lastPeak=0.00000 guard=0.060 activeAge=-1.000 pitch=-1.00Hz pitchCents=0.0
2025-12-15 22:46:50 [tracker] [s4] onset t=65.661 env=0.00163 gate=0.00011 envDelta=0.00152 envFloor=0.00095 onset=1.327 thresh=0.014 onsetDelta=1.31283 baseline=0.00064 adaptive=0.00159 lastPeak=0.00000 guard=0.060 activeAge=-1.000 pitch=-1.00Hz pitchCents=0.0
2025-12-15 22:46:50 [tracker] [s1] aubio-raw t=65.7140 onset=1.379912 env=0.000884 peak=0.002659 gain=1.000
2025-12-15 22:46:50 [tracker] [s1] onset-accepted t=65.7140 env=0.000884 gate=0.000022 envDelta=0.000862 envFloor=0.000595 onset=1.379912 thresh=0.006000 onsetDelta=1.373912 baseline=0.000397 floor=0.000180 adapt=0.000991 lastPeak=0.000012 baseParam=0.000180 gateRatio=0.0550 envParam=0.000450 onsetScale=0.300 retriggerScale=1.400 guard=0.060 guardRemain=0.000 activeAge=-1.000 retrigRemain=0.000 pitchHz=296.30 pitchCents=2215.5
2025-12-15 22:46:50 [tracker] [s1] onset t=65.714 env=0.00088 gate=0.00002 envDelta=0.00086 envFloor=0.00059 onset=1.380 thresh=0.006 onsetDelta=1.37391 baseline=0.00040 adaptive=0.00099 lastPeak=0.00001 guard=0.060 activeAge=-1.000 pitch=296.30Hz pitchCents=2215.5
2025-12-15 22:46:50 [tracker] [s1] note-start t=65.714 fret=22 midi=62 vel=0.01 env=0.00088
2025-12-15 22:46:50 [tracker] [s3] onset t=65.797 env=0.00124 gate=0.00008 envDelta=0.00116 envFloor=0.00096 onset=1.173 thresh=0.012 onsetDelta=1.16175 baseline=0.00064 adaptive=0.00160 lastPeak=0.00000 guard=0.060 activeAge=-1.000 pitch=-1.00Hz pitchCents=0.0
2025-12-15 22:46:50 [tracker] [s1] aubio-raw t=65.9517 onset=0.821532 env=0.000601 peak=0.001882 gain=1.000
2025-12-15 22:46:50 [tracker] [s1] onset-accepted t=65.9517 env=0.000601 gate=0.000028 envDelta=0.000573 envFloor=0.000598 onset=0.821532 thresh=0.006000 onsetDelta=0.815532 baseline=0.000509 floor=0.000180 adapt=0.000997 lastPeak=0.000566 baseParam=0.000180 gateRatio=0.0550 envParam=0.000450 onsetScale=0.300 retriggerScale=1.400 guard=0.060 guardRemain=0.000 activeAge=0.238 retrigRemain=0.000 pitchHz=-1.00 pitchCents=0.0
2025-12-15 22:46:50 [tracker] [s1] onset t=65.952 env=0.00060 gate=0.00003 envDelta=0.00057 envFloor=0.00060 onset=0.822 thresh=0.006 onsetDelta=0.81553 baseline=0.00051 adaptive=0.00100 lastPeak=0.00057 guard=0.060 activeAge=0.238 pitch=-1.00Hz pitchCents=0.0
2025-12-15 22:46:50 [tracker] [s1] note-ended (new onset) t=65.952 fret=22 dur=0.238
2025-12-15 22:46:50 [tracker] [s2] onset t=65.957 env=0.00123 gate=0.00001 envDelta=0.00123 envFloor=0.00097 onset=1.108 thresh=0.009 onsetDelta=1.09872 baseline=0.00065 adaptive=0.00162 lastPeak=0.00000 guard=0.060 activeAge=-1.000 pitch=-1.00Hz pitchCents=0.0
2025-12-15 22:46:50 [tracker] [s5] onset t=66.040 env=0.00145 gate=0.00014 envDelta=0.00130 envFloor=0.00103 onset=1.155 thresh=0.016 onsetDelta=1.13944 baseline=0.00068 adaptive=0.00171 lastPeak=0.00000 guard=0.060 activeAge=-1.000 pitch=-1.00Hz pitchCents=0.0
2025-12-15 22:46:50 [tracker] [s1] aubio-raw t=66.1146 onset=0.900626 env=0.001034 peak=0.002137 gain=1.000
2025-12-15 22:46:50 [tracker] [s1] onset-accepted t=66.1146 env=0.001034 gate=0.000025 envDelta=0.001009 envFloor=0.000694 onset=0.900626 thresh=0.006000 onsetDelta=0.894626 baseline=0.000463 floor=0.000180 adapt=0.001157 lastPeak=0.000417 baseParam=0.000180 gateRatio=0.0550 envParam=0.000450 onsetScale=0.300 retriggerScale=1.400 guard=0.060 guardRemain=0.000 activeAge=-1.000 retrigRemain=0.000 pitchHz=-1.00 pitchCents=0.0
2025-12-15 22:46:50 [tracker] [s1] onset t=66.115 env=0.00103 gate=0.00003 envDelta=0.00101 envFloor=0.00069 onset=0.901 thresh=0.006 onsetDelta=0.89463 baseline=0.00046 adaptive=0.00116 lastPeak=0.00042 guard=0.060 activeAge=-1.000 pitch=-1.00Hz pitchCents=0.0
2025-12-15 22:46:50 [tracker] [s5] onset t=66.152 env=0.00185 gate=0.00015 envDelta=0.00170 envFloor=0.00106 onset=0.996 thresh=0.016 onsetDelta=0.97972 baseline=0.00071 adaptive=0.00177 lastPeak=0.00000 guard=0.060 activeAge=-1.000 pitch=-1.00Hz pitchCents=0.0
2025-12-15 22:46:50 [tracker] [s4] onset t=66.163 env=0.00143 gate=0.00011 envDelta=0.00132 envFloor=0.00098 onset=1.204 thresh=0.014 onsetDelta=1.19022 baseline=0.00065 adaptive=0.00164 lastPeak=0.00000 guard=0.060 activeAge=-1.000 pitch=-1.00Hz pitchCents=0.0
2025-12-15 22:46:50 [tracker] [s1] aubio-raw t=66.2748 onset=0.996026 env=0.000696 peak=0.001528 gain=1.000
2025-12-15 22:46:50 [tracker] [s1] onset-accepted t=66.2748 env=0.000696 gate=0.000024 envDelta=0.000672 envFloor=0.000663 onset=0.996026 thresh=0.006000 onsetDelta=0.990026 baseline=0.000442 floor=0.000180 adapt=0.001104 lastPeak=0.000308 baseParam=0.000180 gateRatio=0.0550 envParam=0.000450 onsetScale=0.300 retriggerScale=1.400 guard=0.060 guardRemain=0.000 activeAge=-1.000 retrigRemain=0.000 pitchHz=-1.00 pitchCents=0.0
2025-12-15 22:46:50 [tracker] [s1] onset t=66.275 env=0.00070 gate=0.00002 envDelta=0.00067 envFloor=0.00066 onset=0.996 thresh=0.006 onsetDelta=0.99003 baseline=0.00044 adaptive=0.00110 lastPeak=0.00031 guard=0.060 activeAge=-1.000 pitch=-1.00Hz pitchCents=0.0
2025-12-15 22:46:50 [tracker] [s5] onset t=66.288 env=0.00148 gate=0.00016 envDelta=0.00132 envFloor=0.00114 onset=0.999 thresh=0.016 onsetDelta=0.98283 baseline=0.00076 adaptive=0.00190 lastPeak=0.00000 guard=0.060 activeAge=-1.000 pitch=-1.00Hz pitchCents=0.0
2025-12-15 22:46:50 [tracker] [s2] onset t=66.374 env=0.00145 gate=0.00001 envDelta=0.00144 envFloor=0.00099 onset=0.998 thresh=0.009 onsetDelta=0.98871 baseline=0.00066 adaptive=0.00164 lastPeak=0.00000 guard=0.060 activeAge=-1.000 pitch=-1.00Hz pitchCents=0.0
2025-12-15 22:46:51 [tracker] [s2] onset t=66.454 env=0.00140 gate=0.00001 envDelta=0.00140 envFloor=0.00092 onset=1.375 thresh=0.009 onsetDelta=1.36553 baseline=0.00062 adaptive=0.00154 lastPeak=0.00000 guard=0.060 activeAge=-1.000 pitch=499.84Hz pitchCents=2620.8
2025-12-15 22:46:51 [tracker] [s3] onset t=66.480 env=0.00119 gate=0.00008 envDelta=0.00110 envFloor=0.00094 onset=1.169 thresh=0.012 onsetDelta=1.15719 baseline=0.00063 adaptive=0.00157 lastPeak=0.00000 guard=0.060 activeAge=-1.000 pitch=-1.00Hz pitchCents=0.0
2025-12-15 22:46:51 [tracker] [s1] aubio-raw t=66.5231 onset=1.462565 env=0.001104 peak=0.002259 gain=1.000
2025-12-15 22:46:51 [tracker] [s1] onset-accepted t=66.5231 env=0.001104 gate=0.000022 envDelta=0.001083 envFloor=0.000591 onset=1.462565 thresh=0.006000 onsetDelta=1.456565 baseline=0.000394 floor=0.000180 adapt=0.000984 lastPeak=0.000194 baseParam=0.000180 gateRatio=0.0550 envParam=0.000450 onsetScale=0.300 retriggerScale=1.400 guard=0.060 guardRemain=0.000 activeAge=-1.000 retrigRemain=0.000 pitchHz=-1.00 pitchCents=0.0
2025-12-15 22:46:51 [tracker] [s1] onset t=66.523 env=0.00110 gate=0.00002 envDelta=0.00108 envFloor=0.00059 onset=1.463 thresh=0.006 onsetDelta=1.45656 baseline=0.00039 adaptive=0.00098 lastPeak=0.00019 guard=0.060 activeAge=-1.000 pitch=-1.00Hz pitchCents=0.0
2025-12-15 22:46:51 [tracker] [s2] onset t=66.555 env=0.00143 gate=0.00001 envDelta=0.00142 envFloor=0.00107 onset=1.293 thresh=0.009 onsetDelta=1.28354 baseline=0.00071 adaptive=0.00178 lastPeak=0.00000 guard=0.060 activeAge=-1.000 pitch=-1.00Hz pitchCents=0.0
2025-12-15 22:46:51 [tracker] [s6] onset t=66.606 env=0.00189 gate=0.00022 envDelta=0.00167 envFloor=0.00134 onset=1.055 thresh=0.018 onsetDelta=1.03680 baseline=0.00089 adaptive=0.00224 lastPeak=0.00000 guard=0.060 activeAge=-1.000 pitch=-1.00Hz pitchCents=0.0
2025-12-15 22:46:51 [tracker] [s3] onset t=66.630 env=0.00152 gate=0.00008 envDelta=0.00144 envFloor=0.00094 onset=0.718 thresh=0.012 onsetDelta=0.70625 baseline=0.00063 adaptive=0.00157 lastPeak=0.00000 guard=0.060 activeAge=-1.000 pitch=-1.00Hz pitchCents=0.0
2025-12-15 22:46:51 [tracker] [s4] onset t=66.633 env=0.00137 gate=0.00012 envDelta=0.00126 envFloor=0.00102 onset=1.201 thresh=0.014 onsetDelta=1.18741 baseline=0.00068 adaptive=0.00169 lastPeak=0.00000 guard=0.060 activeAge=-1.000 pitch=-1.00Hz pitchCents=0.0
2025-12-15 22:46:51 [tracker] [s1] aubio-raw t=66.6379 onset=1.360184 env=0.000861 peak=0.002178 gain=1.000
2025-12-15 22:46:51 [tracker] [s1] onset-accepted t=66.6379 env=0.000861 gate=0.000024 envDelta=0.000837 envFloor=0.000663 onset=1.360184 thresh=0.006000 onsetDelta=1.354184 baseline=0.000442 floor=0.000180 adapt=0.001104 lastPeak=0.000156 baseParam=0.000180 gateRatio=0.0550 envParam=0.000450 onsetScale=0.300 retriggerScale=1.400 guard=0.060 guardRemain=0.000 activeAge=-1.000 retrigRemain=0.000 pitchHz=-1.00 pitchCents=0.0
2025-12-15 22:46:51 [tracker] [s1] onset t=66.638 env=0.00086 gate=0.00002 envDelta=0.00084 envFloor=0.00066 onset=1.360 thresh=0.006 onsetDelta=1.35418 baseline=0.00044 adaptive=0.00110 lastPeak=0.00016 guard=0.060 activeAge=-1.000 pitch=-1.00Hz pitchCents=0.0
2025-12-15 22:46:51 [tracker] [s3] onset t=66.710 env=0.00148 gate=0.00008 envDelta=0.00140 envFloor=0.00093 onset=1.154 thresh=0.012 onsetDelta=1.14197 baseline=0.00062 adaptive=0.00155 lastPeak=0.00000 guard=0.060 activeAge=-1.000 pitch=-1.00Hz pitchCents=0.0
2025-12-15 22:46:51 [tracker] [s4] onset t=66.753 env=0.00139 gate=0.00011 envDelta=0.00128 envFloor=0.00094 onset=1.222 thresh=0.014 onsetDelta=1.20802 baseline=0.00063 adaptive=0.00157 lastPeak=0.00000 guard=0.060 activeAge=-1.000 pitch=-1.00Hz pitchCents=0.0
2025-12-15 22:46:51 [tracker] [s5] onset t=66.892 env=0.00206 gate=0.00015 envDelta=0.00191 envFloor=0.00109 onset=1.003 thresh=0.016 onsetDelta=0.98654 baseline=0.00073 adaptive=0.00182 lastPeak=0.00000 guard=0.060 activeAge=-1.000 pitch=-1.00Hz pitchCents=0.0
2025-12-15 22:46:51 [tracker] [s6] onset t=66.929 env=0.00221 gate=0.00021 envDelta=0.00200 envFloor=0.00129 onset=0.857 thresh=0.018 onsetDelta=0.83920 baseline=0.00086 adaptive=0.00214 lastPeak=0.00000 guard=0.060 activeAge=-1.000 pitch=-1.00Hz pitchCents=0.0
2025-12-15 22:46:51 [tracker] [s1] aubio-raw t=66.9557 onset=0.996941 env=0.001030 peak=0.002273 gain=1.000
2025-12-15 22:46:51 [tracker] [s1] onset-accepted t=66.9557 env=0.001030 gate=0.000022 envDelta=0.001008 envFloor=0.000606 onset=0.996941 thresh=0.006000 onsetDelta=0.990941 baseline=0.000404 floor=0.000180 adapt=0.001010 lastPeak=0.000086 baseParam=0.000180 gateRatio=0.0550 envParam=0.000450 onsetScale=0.300 retriggerScale=1.400 guard=0.060 guardRemain=0.000 activeAge=-1.000 retrigRemain=0.000 pitchHz=-1.00 pitchCents=0.0
2025-12-15 22:46:51 [tracker] [s1] onset t=66.956 env=0.00103 gate=0.00002 envDelta=0.00101 envFloor=0.00061 onset=0.997 thresh=0.006 onsetDelta=0.99094 baseline=0.00040 adaptive=0.00101 lastPeak=0.00009 guard=0.060 activeAge=-1.000 pitch=-1.00Hz pitchCents=0.0
2025-12-15 22:46:51 [tracker] [s2] onset t=66.998 env=0.00171 gate=0.00001 envDelta=0.00171 envFloor=0.00101 onset=1.107 thresh=0.009 onsetDelta=1.09756 baseline=0.00068 adaptive=0.00169 lastPeak=0.00000 guard=0.060 activeAge=-1.000 pitch=-1.00Hz pitchCents=0.0
2025-12-15 22:46:51 [tracker] [s6] onset t=67.036 env=0.00191 gate=0.00022 envDelta=0.00169 envFloor=0.00130 onset=0.982 thresh=0.018 onsetDelta=0.96429 baseline=0.00086 adaptive=0.00216 lastPeak=0.00000 guard=0.060 activeAge=-1.000 pitch=-1.00Hz pitchCents=0.0
2025-12-15 22:46:51 [tracker] [s6] onset t=67.145 env=0.00172 gate=0.00020 envDelta=0.00152 envFloor=0.00121 onset=0.982 thresh=0.018 onsetDelta=0.96426 baseline=0.00080 adaptive=0.00201 lastPeak=0.00000 guard=0.060 activeAge=-1.000 pitch=-1.00Hz pitchCents=0.0
2025-12-15 22:46:51 [tracker] [s4] onset t=67.167 env=0.00125 gate=0.00011 envDelta=0.00114 envFloor=0.00097 onset=0.993 thresh=0.014 onsetDelta=0.97942 baseline=0.00065 adaptive=0.00161 lastPeak=0.00000 guard=0.060 activeAge=-1.000 pitch=-1.00Hz pitchCents=0.0
2025-12-15 22:46:51 [tracker] [s5] onset t=67.340 env=0.00190 gate=0.00015 envDelta=0.00175 envFloor=0.00109 onset=0.851 thresh=0.016 onsetDelta=0.83510 baseline=0.00073 adaptive=0.00182 lastPeak=0.00000 guard=0.060 activeAge=-1.000 pitch=-1.00Hz pitchCents=0.0
2025-12-15 22:46:51 [tracker] [s1] aubio-raw t=67.3616 onset=0.955778 env=0.000823 peak=0.002348 gain=1.000
2025-12-15 22:46:51 [tracker] [s1] onset-accepted t=67.3616 env=0.000823 gate=0.000023 envDelta=0.000800 envFloor=0.000620 onset=0.955778 thresh=0.006000 onsetDelta=0.949778 baseline=0.000414 floor=0.000180 adapt=0.001034 lastPeak=0.000040 baseParam=0.000180 gateRatio=0.0550 envParam=0.000450 onsetScale=0.300 retriggerScale=1.400 guard=0.060 guardRemain=0.000 activeAge=-1.000 retrigRemain=0.000 pitchHz=-1.00 pitchCents=0.0
2025-12-15 22:46:51 [tracker] [s1] onset t=67.362 env=0.00082 gate=0.00002 envDelta=0.00080 envFloor=0.00062 onset=0.956 thresh=0.006 onsetDelta=0.94978 baseline=0.00041 adaptive=0.00103 lastPeak=0.00004 guard=0.060 activeAge=-1.000 pitch=-1.00Hz pitchCents=0.0
2025-12-15 22:46:51 [tracker] [s5] onset t=67.402 env=0.00205 gate=0.00016 envDelta=0.00189 envFloor=0.00112 onset=0.995 thresh=0.016 onsetDelta=0.97947 baseline=0.00075 adaptive=0.00187 lastPeak=0.00000 guard=0.060 activeAge=-1.000 pitch=-1.00Hz pitchCents=0.0
2025-12-15 22:46:52 [tracker] [s1] aubio-raw t=67.4337 onset=0.767377 env=0.000906 peak=0.002459 gain=1.000
2025-12-15 22:46:52 [tracker] [s1] onset-accepted t=67.4337 env=0.000906 gate=0.000022 envDelta=0.000884 envFloor=0.000601 onset=0.767377 thresh=0.006000 onsetDelta=0.761377 baseline=0.000401 floor=0.000180 adapt=0.001001 lastPeak=0.000035 baseParam=0.000180 gateRatio=0.0550 envParam=0.000450 onsetScale=0.300 retriggerScale=1.400 guard=0.060 guardRemain=0.000 activeAge=-1.000 retrigRemain=0.000 pitchHz=-1.00 pitchCents=0.0
2025-12-15 22:46:52 [tracker] [s1] onset t=67.434 env=0.00091 gate=0.00002 envDelta=0.00088 envFloor=0.00060 onset=0.767 thresh=0.006 onsetDelta=0.76138 baseline=0.00040 adaptive=0.00100 lastPeak=0.00004 guard=0.060 activeAge=-1.000 pitch=-1.00Hz pitchCents=0.0
2025-12-15 22:46:52 [tracker] [s2] onset t=67.508 env=0.00150 gate=0.00001 envDelta=0.00150 envFloor=0.00097 onset=0.996 thresh=0.009 onsetDelta=0.98750 baseline=0.00064 adaptive=0.00161 lastPeak=0.00000 guard=0.060 activeAge=-1.000 pitch=-1.00Hz pitchCents=0.0
2025-12-15 22:46:52 [tracker] [s5] onset t=67.586 env=0.00141 gate=0.00014 envDelta=0.00127 envFloor=0.00097 onset=0.824 thresh=0.016 onsetDelta=0.80771 baseline=0.00065 adaptive=0.00162 lastPeak=0.00000 guard=0.060 activeAge=-1.000 pitch=-1.00Hz pitchCents=0.0
2025-12-15 22:46:52 [tracker] [s3] onset t=67.613 env=0.00138 gate=0.00008 envDelta=0.00130 envFloor=0.00092 onset=1.000 thresh=0.012 onsetDelta=0.98807 baseline=0.00062 adaptive=0.00154 lastPeak=0.00000 guard=0.060 activeAge=-1.000 pitch=-1.00Hz pitchCents=0.0
2025-12-15 22:46:52 [tracker] [s1] aubio-raw t=67.7648 onset=1.009859 env=0.000800 peak=0.002138 gain=1.000
2025-12-15 22:46:52 [tracker] [s1] onset-accepted t=67.7648 env=0.000800 gate=0.000020 envDelta=0.000779 envFloor=0.000549 onset=1.009859 thresh=0.006000 onsetDelta=1.003859 baseline=0.000366 floor=0.000180 adapt=0.000915 lastPeak=0.000019 baseParam=0.000180 gateRatio=0.0550 envParam=0.000450 onsetScale=0.300 retriggerScale=1.400 guard=0.060 guardRemain=0.000 activeAge=-1.000 retrigRemain=0.000 pitchHz=-1.00 pitchCents=0.0
2025-12-15 22:46:52 [tracker] [s1] onset t=67.765 env=0.00080 gate=0.00002 envDelta=0.00078 envFloor=0.00055 onset=1.010 thresh=0.006 onsetDelta=1.00386 baseline=0.00037 adaptive=0.00092 lastPeak=0.00002 guard=0.060 activeAge=-1.000 pitch=-1.00Hz pitchCents=0.0
2025-12-15 22:46:52 [tracker] [s3] onset t=67.773 env=0.00134 gate=0.00008 envDelta=0.00126 envFloor=0.00093 onset=0.975 thresh=0.012 onsetDelta=0.96333 baseline=0.00062 adaptive=0.00155 lastPeak=0.00000 guard=0.060 activeAge=-1.000 pitch=-1.00Hz pitchCents=0.0
2025-12-15 22:46:52 [tracker] [s1] aubio-raw t=67.8289 onset=1.045146 env=0.001168 peak=0.003133 gain=1.000
2025-12-15 22:46:52 [tracker] [s1] onset-accepted t=67.8289 env=0.001168 gate=0.000021 envDelta=0.001147 envFloor=0.000581 onset=1.045146 thresh=0.006000 onsetDelta=1.039146 baseline=0.000388 floor=0.000180 adapt=0.000969 lastPeak=0.000017 baseParam=0.000180 gateRatio=0.0550 envParam=0.000450 onsetScale=0.300 retriggerScale=1.400 guard=0.060 guardRemain=0.000 activeAge=-1.000 retrigRemain=0.000 pitchHz=-1.00 pitchCents=0.0
2025-12-15 22:46:52 [tracker] [s1] onset t=67.829 env=0.00117 gate=0.00002 envDelta=0.00115 envFloor=0.00058 onset=1.045 thresh=0.006 onsetDelta=1.03915 baseline=0.00039 adaptive=0.00097 lastPeak=0.00002 guard=0.060 activeAge=-1.000 pitch=-1.00Hz pitchCents=0.0
2025-12-15 22:46:52 [tracker] [s4] onset t=67.909 env=0.00132 gate=0.00010 envDelta=0.00122 envFloor=0.00092 onset=0.932 thresh=0.014 onsetDelta=0.91824 baseline=0.00061 adaptive=0.00153 lastPeak=0.00000 guard=0.060 activeAge=-1.000 pitch=-1.00Hz pitchCents=0.0
2025-12-15 22:46:52 [tracker] [s6] onset t=67.909 env=0.00164 gate=0.00020 envDelta=0.00145 envFloor=0.00118 onset=1.126 thresh=0.018 onsetDelta=1.10768 baseline=0.00079 adaptive=0.00196 lastPeak=0.00000 guard=0.060 activeAge=-1.000 pitch=-1.00Hz pitchCents=0.0
2025-12-15 22:46:52 [tracker] [s1] aubio-raw t=67.9544 onset=0.962388 env=0.001173 peak=0.002241 gain=1.000
2025-12-15 22:46:52 [tracker] [s1] onset-accepted t=67.9544 env=0.001173 gate=0.000022 envDelta=0.001151 envFloor=0.000597 onset=0.962388 thresh=0.006000 onsetDelta=0.956388 baseline=0.000398 floor=0.000180 adapt=0.000994 lastPeak=0.000013 baseParam=0.000180 gateRatio=0.0550 envParam=0.000450 onsetScale=0.300 retriggerScale=1.400 guard=0.060 guardRemain=0.000 activeAge=-1.000 retrigRemain=0.000 pitchHz=399.97 pitchCents=2734.9
2025-12-15 22:46:52 [tracker] [s1] onset t=67.954 env=0.00117 gate=0.00002 envDelta=0.00115 envFloor=0.00060 onset=0.962 thresh=0.006 onsetDelta=0.95639 baseline=0.00040 adaptive=0.00099 lastPeak=0.00001 guard=0.060 activeAge=-1.000 pitch=399.97Hz pitchCents=2734.9
2025-12-15 22:46:52 [tracker] [s2] onset t=67.973 env=0.00131 gate=0.00001 envDelta=0.00130 envFloor=0.00097 onset=1.308 thresh=0.009 onsetDelta=1.29873 baseline=0.00065 adaptive=0.00162 lastPeak=0.00000 guard=0.060 activeAge=-1.000 pitch=-1.00Hz pitchCents=0.0
2025-12-15 22:46:52 [tracker] [s5] onset t=68.008 env=0.00140 gate=0.00015 envDelta=0.00125 envFloor=0.00107 onset=0.715 thresh=0.016 onsetDelta=0.69926 baseline=0.00071 adaptive=0.00178 lastPeak=0.00000 guard=0.060 activeAge=-1.000 pitch=-1.00Hz pitchCents=0.0
2025-12-15 22:46:52 [tracker] [s4] onset t=68.018 env=0.00136 gate=0.00011 envDelta=0.00126 envFloor=0.00094 onset=1.178 thresh=0.014 onsetDelta=1.16407 baseline=0.00063 adaptive=0.00157 lastPeak=0.00000 guard=0.060 activeAge=-1.000 pitch=-1.00Hz pitchCents=0.0
2025-12-15 22:46:52 [tracker] [s1] aubio-raw t=68.0906 onset=1.107677 env=0.000857 peak=0.002422 gain=1.000
2025-12-15 22:46:52 [tracker] [s1] onset-accepted t=68.0906 env=0.000857 gate=0.000023 envDelta=0.000834 envFloor=0.000621 onset=1.107677 thresh=0.006000 onsetDelta=1.101677 baseline=0.000414 floor=0.000180 adapt=0.001035 lastPeak=0.000010 baseParam=0.000180 gateRatio=0.0550 envParam=0.000450 onsetScale=0.300 retriggerScale=1.400 guard=0.060 guardRemain=0.000 activeAge=-1.000 retrigRemain=0.000 pitchHz=-1.00 pitchCents=0.0
2025-12-15 22:46:52 [tracker] [s1] onset t=68.091 env=0.00086 gate=0.00002 envDelta=0.00083 envFloor=0.00062 onset=1.108 thresh=0.006 onsetDelta=1.10168 baseline=0.00041 adaptive=0.00103 lastPeak=0.00001 guard=0.060 activeAge=-1.000 pitch=-1.00Hz pitchCents=0.0
2025-12-15 22:46:52 [tracker] [s6] onset t=68.112 env=0.00227 gate=0.00022 envDelta=0.00205 envFloor=0.00133 onset=1.084 thresh=0.018 onsetDelta=1.06632 baseline=0.00089 adaptive=0.00222 lastPeak=0.00000 guard=0.060 activeAge=-1.000 pitch=-1.00Hz pitchCents=0.0
2025-12-15 22:46:52 [tracker] [s5] onset t=68.155 env=0.00153 gate=0.00016 envDelta=0.00138 envFloor=0.00112 onset=1.009 thresh=0.016 onsetDelta=0.99285 baseline=0.00075 adaptive=0.00187 lastPeak=0.00000 guard=0.060 activeAge=-1.000 pitch=-1.00Hz pitchCents=0.0
2025-12-15 22:46:52 [tracker] [s1] aubio-raw t=68.1974 onset=0.997138 env=0.001023 peak=0.002103 gain=1.000
2025-12-15 22:46:52 [tracker] [s1] onset-accepted t=68.1974 env=0.001023 gate=0.000023 envDelta=0.001000 envFloor=0.000625 onset=0.997138 thresh=0.006000 onsetDelta=0.991138 baseline=0.000416 floor=0.000180 adapt=0.001041 lastPeak=0.000008 baseParam=0.000180 gateRatio=0.0550 envParam=0.000450 onsetScale=0.300 retriggerScale=1.400 guard=0.060 guardRemain=0.000 activeAge=-1.000 retrigRemain=0.000 pitchHz=-1.00 pitchCents=0.0
2025-12-15 22:46:52 [tracker] [s1] onset t=68.197 env=0.00102 gate=0.00002 envDelta=0.00100 envFloor=0.00062 onset=0.997 thresh=0.006 onsetDelta=0.99114 baseline=0.00042 adaptive=0.00104 lastPeak=0.00001 guard=0.060 activeAge=-1.000 pitch=-1.00Hz pitchCents=0.0
2025-12-15 22:46:52 [tracker] [s6] onset t=68.203 env=0.00195 gate=0.00021 envDelta=0.00174 envFloor=0.00128 onset=0.997 thresh=0.018 onsetDelta=0.97910 baseline=0.00086 adaptive=0.00214 lastPeak=0.00000 guard=0.060 activeAge=-1.000 pitch=-1.00Hz pitchCents=0.0
2025-12-15 22:46:52 [tracker] [s2] onset t=68.286 env=0.00134 gate=0.00001 envDelta=0.00133 envFloor=0.00093 onset=0.961 thresh=0.009 onsetDelta=0.95244 baseline=0.00062 adaptive=0.00154 lastPeak=0.00000 guard=0.060 activeAge=-1.000 pitch=163.26Hz pitchCents=683.6
2025-12-15 22:46:52 [tracker] [s6] onset t=68.291 env=0.00189 gate=0.00020 envDelta=0.00170 envFloor=0.00118 onset=0.864 thresh=0.018 onsetDelta=0.84590 baseline=0.00078 adaptive=0.00196 lastPeak=0.00000 guard=0.060 activeAge=-1.000 pitch=-1.00Hz pitchCents=0.0
2025-12-15 22:46:52 [tracker] [s1] aubio-raw t=68.3282 onset=1.014060 env=0.000745 peak=0.001787 gain=1.000
2025-12-15 22:46:52 [tracker] [s1] onset-accepted t=68.3282 env=0.000745 gate=0.000022 envDelta=0.000723 envFloor=0.000606 onset=1.014060 thresh=0.006000 onsetDelta=1.008060 baseline=0.000404 floor=0.000180 adapt=0.001009 lastPeak=0.000007 baseParam=0.000180 gateRatio=0.0550 envParam=0.000450 onsetScale=0.300 retriggerScale=1.400 guard=0.060 guardRemain=0.000 activeAge=-1.000 retrigRemain=0.000 pitchHz=249.96 pitchCents=1921.0
2025-12-15 22:46:52 [tracker] [s1] onset t=68.328 env=0.00075 gate=0.00002 envDelta=0.00072 envFloor=0.00061 onset=1.014 thresh=0.006 onsetDelta=1.00806 baseline=0.00040 adaptive=0.00101 lastPeak=0.00001 guard=0.060 activeAge=-1.000 pitch=249.96Hz pitchCents=1921.0
2025-12-15 22:46:52 [tracker] [s1] note-start t=68.328 fret=19 midi=59 vel=0.01 env=0.00075
2025-12-15 22:46:52 [tracker] [s3] onset t=68.350 env=0.00138 gate=0.00007 envDelta=0.00131 envFloor=0.00085 onset=0.997 thresh=0.012 onsetDelta=0.98492 baseline=0.00057 adaptive=0.00142 lastPeak=0.00000 guard=0.060 activeAge=-1.000 pitch=-1.00Hz pitchCents=0.0
2025-12-15 22:46:53 [tracker] [s1] aubio-raw t=68.4484 onset=0.997418 env=0.000724 peak=0.002126 gain=1.000
2025-12-15 22:46:53 [tracker] [s1] onset-accepted t=68.4484 env=0.000724 gate=0.000029 envDelta=0.000695 envFloor=0.000585 onset=0.997418 thresh=0.006000 onsetDelta=0.991418 baseline=0.000535 floor=0.000180 adapt=0.000975 lastPeak=0.000595 baseParam=0.000180 gateRatio=0.0550 envParam=0.000450 onsetScale=0.300 retriggerScale=1.400 guard=0.060 guardRemain=0.000 activeAge=0.120 retrigRemain=0.100 pitchHz=159.99 pitchCents=1148.6
2025-12-15 22:46:53 [tracker] [s1] onset t=68.448 env=0.00072 gate=0.00003 envDelta=0.00069 envFloor=0.00059 onset=0.997 thresh=0.006 onsetDelta=0.99142 baseline=0.00054 adaptive=0.00098 lastPeak=0.00059 guard=0.060 activeAge=0.120 pitch=159.99Hz pitchCents=1148.6
2025-12-15 22:46:53 [tracker] [s1] note-ended (new onset) t=68.448 fret=19 dur=0.120
2025-12-15 22:46:53 [tracker] [s2] onset t=68.480 env=0.00180 gate=0.00001 envDelta=0.00179 envFloor=0.00104 onset=1.198 thresh=0.009 onsetDelta=1.18886 baseline=0.00070 adaptive=0.00174 lastPeak=0.00000 guard=0.060 activeAge=-1.000 pitch=-1.00Hz pitchCents=0.0
2025-12-15 22:46:53 [tracker] [s1] aubio-raw t=68.5472 onset=0.968105 env=0.000745 peak=0.002484 gain=1.000
2025-12-15 22:46:53 [tracker] [s1] onset-accepted t=68.5472 env=0.000745 gate=0.000024 envDelta=0.000720 envFloor=0.000621 onset=0.968105 thresh=0.006000 onsetDelta=0.962105 baseline=0.000445 floor=0.000180 adapt=0.001035 lastPeak=0.000494 baseParam=0.000180 gateRatio=0.0550 envParam=0.000450 onsetScale=0.300 retriggerScale=1.400 guard=0.060 guardRemain=0.000 activeAge=-1.000 retrigRemain=0.000 pitchHz=363.63 pitchCents=2569.9
2025-12-15 22:46:53 [tracker] [s1] onset t=68.547 env=0.00074 gate=0.00002 envDelta=0.00072 envFloor=0.00062 onset=0.968 thresh=0.006 onsetDelta=0.96210 baseline=0.00044 adaptive=0.00104 lastPeak=0.00049 guard=0.060 activeAge=-1.000 pitch=363.63Hz pitchCents=2569.9
2025-12-15 22:46:53 [tracker] [s6] onset t=68.553 env=0.00189 gate=0.00021 envDelta=0.00168 envFloor=0.00127 onset=0.937 thresh=0.018 onsetDelta=0.91947 baseline=0.00085 adaptive=0.00212 lastPeak=0.00000 guard=0.060 activeAge=-1.000 pitch=-1.00Hz pitchCents=0.0
2025-12-15 22:46:53 [tracker] [s3] onset t=68.590 env=0.00134 gate=0.00008 envDelta=0.00126 envFloor=0.00093 onset=0.648 thresh=0.012 onsetDelta=0.63618 baseline=0.00062 adaptive=0.00156 lastPeak=0.00000 guard=0.060 activeAge=-1.000 pitch=-1.00Hz pitchCents=0.0
2025-12-15 22:46:53 [tracker] [s5] onset t=68.609 env=0.00156 gate=0.00015 envDelta=0.00140 envFloor=0.00108 onset=1.375 thresh=0.016 onsetDelta=1.35910 baseline=0.00072 adaptive=0.00180 lastPeak=0.00000 guard=0.060 activeAge=-1.000 pitch=-1.00Hz pitchCents=0.0
2025-12-15 22:46:53 [tracker] [s6] onset t=68.659 env=0.00168 gate=0.00020 envDelta=0.00149 envFloor=0.00119 onset=1.006 thresh=0.018 onsetDelta=0.98824 baseline=0.00079 adaptive=0.00199 lastPeak=0.00000 guard=0.060 activeAge=-1.000 pitch=-1.00Hz pitchCents=0.0
2025-12-15 22:46:53 [tracker] [s6] onset t=68.737 env=0.00179 gate=0.00019 envDelta=0.00160 envFloor=0.00116 onset=1.224 thresh=0.018 onsetDelta=1.20645 baseline=0.00077 adaptive=0.00193 lastPeak=0.00000 guard=0.060 activeAge=-1.000 pitch=-1.00Hz pitchCents=0.0
2025-12-15 22:46:53 [tracker] [s6] onset t=68.857 env=0.00208 gate=0.00021 envDelta=0.00187 envFloor=0.00127 onset=0.998 thresh=0.018 onsetDelta=0.98008 baseline=0.00085 adaptive=0.00212 lastPeak=0.00000 guard=0.060 activeAge=-1.000 pitch=-1.00Hz pitchCents=0.0
2025-12-15 22:46:53 [tracker] [s3] onset t=69.033 env=0.00109 gate=0.00008 envDelta=0.00101 envFloor=0.00092 onset=0.554 thresh=0.012 onsetDelta=0.54285 baseline=0.00061 adaptive=0.00154 lastPeak=0.00000 guard=0.060 activeAge=-1.000 pitch=-1.00Hz pitchCents=0.0
2025-12-15 22:46:53 [tracker] [s3] onset t=69.105 env=0.00113 gate=0.00008 envDelta=0.00105 envFloor=0.00089 onset=0.992 thresh=0.012 onsetDelta=0.98071 baseline=0.00059 adaptive=0.00148 lastPeak=0.00000 guard=0.060 activeAge=-1.000 pitch=-1.00Hz pitchCents=0.0
2025-12-15 22:46:53 [tracker] [s1] aubio-raw t=69.1881 onset=0.999535 env=0.000485 peak=0.001276 gain=1.000
2025-12-15 22:46:53 [tracker] [s1] onset-below-env-floor t=69.1881 env=0.000485 gate=0.000023 envDelta=0.000462 envFloor=0.000622 onset=0.999535 thresh=0.006000 onsetDelta=0.993535 baseline=0.000415 floor=0.000180 adapt=0.001036 lastPeak=0.000148 baseParam=0.000180 gateRatio=0.0550 envParam=0.000450 onsetScale=0.300 retriggerScale=1.400 guard=0.060 guardRemain=0.000 activeAge=-1.000 retrigRemain=0.000 pitchHz=97.56 pitchCents=292.3
2025-12-15 22:46:53 [tracker] [s4] onset t=69.351 env=0.00125 gate=0.00011 envDelta=0.00114 envFloor=0.00098 onset=0.993 thresh=0.014 onsetDelta=0.97879 baseline=0.00065 adaptive=0.00163 lastPeak=0.00000 guard=0.060 activeAge=-1.000 pitch=-1.00Hz pitchCents=0.0
2025-12-15 22:46:53 [tracker] [s6] onset t=69.364 env=0.00183 gate=0.00021 envDelta=0.00162 envFloor=0.00127 onset=0.994 thresh=0.018 onsetDelta=0.97649 baseline=0.00085 adaptive=0.00212 lastPeak=0.00000 guard=0.060 activeAge=-1.000 pitch=-1.00Hz pitchCents=0.0
2025-12-15 22:46:53 [tracker] [s1] aubio-raw t=69.4257 onset=0.931612 env=0.001101 peak=0.002325 gain=1.000
2025-12-15 22:46:53 [tracker] [s1] onset-accepted t=69.4257 env=0.001101 gate=0.000021 envDelta=0.001079 envFloor=0.000586 onset=0.931612 thresh=0.006000 onsetDelta=0.925612 baseline=0.000391 floor=0.000180 adapt=0.000977 lastPeak=0.000095 baseParam=0.000180 gateRatio=0.0550 envParam=0.000450 onsetScale=0.300 retriggerScale=1.400 guard=0.060 guardRemain=0.000 activeAge=-1.000 retrigRemain=0.000 pitchHz=533.29 pitchCents=3232.9
2025-12-15 22:46:53 [tracker] [s1] onset t=69.426 env=0.00110 gate=0.00002 envDelta=0.00108 envFloor=0.00059 onset=0.932 thresh=0.006 onsetDelta=0.92561 baseline=0.00039 adaptive=0.00098 lastPeak=0.00009 guard=0.060 activeAge=-1.000 pitch=533.29Hz pitchCents=3232.9
2025-12-15 22:46:54 [tracker] [s5] onset t=69.434 env=0.00147 gate=0.00014 envDelta=0.00133 envFloor=0.00102 onset=1.187 thresh=0.016 onsetDelta=1.17076 baseline=0.00068 adaptive=0.00170 lastPeak=0.00000 guard=0.060 activeAge=-1.000 pitch=-1.00Hz pitchCents=0.0
2025-12-15 22:46:54 [tracker] [s2] onset t=69.551 env=0.00203 gate=0.00001 envDelta=0.00202 envFloor=0.00100 onset=0.841 thresh=0.009 onsetDelta=0.83160 baseline=0.00066 adaptive=0.00166 lastPeak=0.00000 guard=0.060 activeAge=-1.000 pitch=-1.00Hz pitchCents=0.0
2025-12-15 22:46:54 [tracker] [s2] onset t=69.605 env=0.00107 gate=0.00001 envDelta=0.00106 envFloor=0.00095 onset=1.011 thresh=0.009 onsetDelta=1.00207 baseline=0.00063 adaptive=0.00159 lastPeak=0.00000 guard=0.060 activeAge=-1.000 pitch=-1.00Hz pitchCents=0.0
2025-12-15 22:46:54 [tracker] [s1] aubio-raw t=69.6420 onset=0.940979 env=0.000917 peak=0.002212 gain=1.000
2025-12-15 22:46:54 [tracker] [s1] onset-accepted t=69.6420 env=0.000917 gate=0.000024 envDelta=0.000893 envFloor=0.000653 onset=0.940979 thresh=0.006000 onsetDelta=0.934979 baseline=0.000435 floor=0.000180 adapt=0.001088 lastPeak=0.000063 baseParam=0.000180 gateRatio=0.0550 envParam=0.000450 onsetScale=0.300 retriggerScale=1.400 guard=0.060 guardRemain=0.000 activeAge=-1.000 retrigRemain=0.000 pitchHz=-1.00 pitchCents=0.0
2025-12-15 22:46:54 [tracker] [s1] onset t=69.642 env=0.00092 gate=0.00002 envDelta=0.00089 envFloor=0.00065 onset=0.941 thresh=0.006 onsetDelta=0.93498 baseline=0.00044 adaptive=0.00109 lastPeak=0.00006 guard=0.060 activeAge=-1.000 pitch=-1.00Hz pitchCents=0.0
2025-12-15 22:46:54 [tracker] [s3] onset t=69.687 env=0.00138 gate=0.00008 envDelta=0.00131 envFloor=0.00092 onset=1.012 thresh=0.012 onsetDelta=1.00024 baseline=0.00061 adaptive=0.00153 lastPeak=0.00000 guard=0.060 activeAge=-1.000 pitch=-1.00Hz pitchCents=0.0
2025-12-15 22:46:54 [tracker] [s5] onset t=69.695 env=0.00171 gate=0.00015 envDelta=0.00156 envFloor=0.00111 onset=0.889 thresh=0.016 onsetDelta=0.87316 baseline=0.00074 adaptive=0.00184 lastPeak=0.00000 guard=0.060 activeAge=-1.000 pitch=-1.00Hz pitchCents=0.0
2025-12-15 22:46:54 [tracker] [s1] aubio-raw t=69.7916 onset=1.212219 env=0.000945 peak=0.002095 gain=1.000
2025-12-15 22:46:54 [tracker] [s1] onset-accepted t=69.7916 env=0.000945 gate=0.000022 envDelta=0.000923 envFloor=0.000593 onset=1.212219 thresh=0.006000 onsetDelta=1.206219 baseline=0.000395 floor=0.000180 adapt=0.000989 lastPeak=0.000048 baseParam=0.000180 gateRatio=0.0550 envParam=0.000450 onsetScale=0.300 retriggerScale=1.400 guard=0.060 guardRemain=0.000 activeAge=-1.000 retrigRemain=0.000 pitchHz=-1.00 pitchCents=0.0
2025-12-15 22:46:54 [tracker] [s1] onset t=69.792 env=0.00095 gate=0.00002 envDelta=0.00092 envFloor=0.00059 onset=1.212 thresh=0.006 onsetDelta=1.20622 baseline=0.00040 adaptive=0.00099 lastPeak=0.00005 guard=0.060 activeAge=-1.000 pitch=-1.00Hz pitchCents=0.0
2025-12-15 22:46:54 [tracker] [s6] onset t=69.794 env=0.00194 gate=0.00020 envDelta=0.00173 envFloor=0.00121 onset=0.998 thresh=0.018 onsetDelta=0.98021 baseline=0.00080 adaptive=0.00201 lastPeak=0.00000 guard=0.060 activeAge=-1.000 pitch=-1.00Hz pitchCents=0.0
2025-12-15 22:46:54 [tracker] [s5] onset t=69.997 env=0.00173 gate=0.00016 envDelta=0.00157 envFloor=0.00115 onset=1.131 thresh=0.016 onsetDelta=1.11525 baseline=0.00076 adaptive=0.00191 lastPeak=0.00000 guard=0.060 activeAge=-1.000 pitch=-1.00Hz pitchCents=0.0
2025-12-15 22:46:54 [tracker] [s2] onset t=70.021 env=0.00152 gate=0.00001 envDelta=0.00151 envFloor=0.00096 onset=0.911 thresh=0.009 onsetDelta=0.90162 baseline=0.00064 adaptive=0.00160 lastPeak=0.00000 guard=0.060 activeAge=-1.000 pitch=-1.00Hz pitchCents=0.0
2025-12-15 22:46:54 [tracker] [s3] onset t=70.091 env=0.00128 gate=0.00008 envDelta=0.00119 envFloor=0.00097 onset=1.042 thresh=0.012 onsetDelta=1.03046 baseline=0.00065 adaptive=0.00161 lastPeak=0.00000 guard=0.060 activeAge=-1.000 pitch=-1.00Hz pitchCents=0.0
2025-12-15 22:46:54 [tracker] [s4] onset t=70.117 env=0.00147 gate=0.00012 envDelta=0.00135 envFloor=0.00107 onset=1.229 thresh=0.014 onsetDelta=1.21479 baseline=0.00071 adaptive=0.00178 lastPeak=0.00000 guard=0.060 activeAge=-1.000 pitch=-1.00Hz pitchCents=0.0
2025-12-15 22:46:54 [tracker] [s6] onset t=70.131 env=0.00173 gate=0.00020 envDelta=0.00153 envFloor=0.00119 onset=0.835 thresh=0.018 onsetDelta=0.81701 baseline=0.00079 adaptive=0.00198 lastPeak=0.00000 guard=0.060 activeAge=-1.000 pitch=-1.00Hz pitchCents=0.0
2025-12-15 22:46:54 [tracker] [s2] onset t=70.179 env=0.00121 gate=0.00001 envDelta=0.00120 envFloor=0.00093 onset=1.106 thresh=0.009 onsetDelta=1.09680 baseline=0.00062 adaptive=0.00155 lastPeak=0.00000 guard=0.060 activeAge=-1.000 pitch=249.99Hz pitchCents=1421.2
2025-12-15 22:46:54 [tracker] [s5] onset t=70.216 env=0.00145 gate=0.00015 envDelta=0.00130 envFloor=0.00106 onset=1.395 thresh=0.016 onsetDelta=1.37868 baseline=0.00071 adaptive=0.00177 lastPeak=0.00000 guard=0.060 activeAge=-1.000 pitch=-1.00Hz pitchCents=0.0
2025-12-15 22:46:54 [tracker] [s3] onset t=70.291 env=0.00143 gate=0.00008 envDelta=0.00135 envFloor=0.00093 onset=1.000 thresh=0.012 onsetDelta=0.98839 baseline=0.00062 adaptive=0.00155 lastPeak=0.00000 guard=0.060 activeAge=-1.000 pitch=-1.00Hz pitchCents=0.0
2025-12-15 22:46:54 [tracker] [s1] aubio-raw t=70.3043 onset=0.997003 env=0.001109 peak=0.002527 gain=1.000
2025-12-15 22:46:54 [tracker] [s1] onset-accepted t=70.3043 env=0.001109 gate=0.000025 envDelta=0.001084 envFloor=0.000682 onset=0.997003 thresh=0.006000 onsetDelta=0.991003 baseline=0.000455 floor=0.000180 adapt=0.001137 lastPeak=0.000018 baseParam=0.000180 gateRatio=0.0550 envParam=0.000450 onsetScale=0.300 retriggerScale=1.400 guard=0.060 guardRemain=0.000 activeAge=-1.000 retrigRemain=0.000 pitchHz=-1.00 pitchCents=0.0
2025-12-15 22:46:54 [tracker] [s1] onset t=70.304 env=0.00111 gate=0.00003 envDelta=0.00108 envFloor=0.00068 onset=0.997 thresh=0.006 onsetDelta=0.99100 baseline=0.00045 adaptive=0.00114 lastPeak=0.00002 guard=0.060 activeAge=-1.000 pitch=-1.00Hz pitchCents=0.0
2025-12-15 22:46:54 [tracker] [s2] onset t=70.342 env=0.00185 gate=0.00001 envDelta=0.00184 envFloor=0.00105 onset=0.868 thresh=0.009 onsetDelta=0.85871 baseline=0.00070 adaptive=0.00176 lastPeak=0.00000 guard=0.060 activeAge=-1.000 pitch=-1.00Hz pitchCents=0.0
2025-12-15 22:46:54 [tracker] [s5] onset t=70.398 env=0.00203 gate=0.00016 envDelta=0.00187 envFloor=0.00114 onset=0.939 thresh=0.016 onsetDelta=0.92312 baseline=0.00076 adaptive=0.00189 lastPeak=0.00000 guard=0.060 activeAge=-1.000 pitch=-1.00Hz pitchCents=0.0
2025-12-15 22:46:54 [tracker] [s1] aubio-raw t=70.4004 onset=0.997930 env=0.000693 peak=0.001792 gain=1.000
2025-12-15 22:46:54 [tracker] [s1] onset-accepted t=70.4004 env=0.000693 gate=0.000022 envDelta=0.000671 envFloor=0.000600 onset=0.997930 thresh=0.006000 onsetDelta=0.991930 baseline=0.000400 floor=0.000180 adapt=0.000999 lastPeak=0.000015 baseParam=0.000180 gateRatio=0.0550 envParam=0.000450 onsetScale=0.300 retriggerScale=1.400 guard=0.060 guardRemain=0.000 activeAge=-1.000 retrigRemain=0.000 pitchHz=1599.28 pitchCents=5134.2
2025-12-15 22:46:54 [tracker] [s1] onset t=70.400 env=0.00069 gate=0.00002 envDelta=0.00067 envFloor=0.00060 onset=0.998 thresh=0.006 onsetDelta=0.99193 baseline=0.00040 adaptive=0.00100 lastPeak=0.00002 guard=0.060 activeAge=-1.000 pitch=1599.28Hz pitchCents=5134.2
2025-12-15 22:46:55 [tracker] [s2] onset t=70.464 env=0.00125 gate=0.00001 envDelta=0.00124 envFloor=0.00100 onset=0.816 thresh=0.009 onsetDelta=0.80670 baseline=0.00067 adaptive=0.00167 lastPeak=0.00000 guard=0.060 activeAge=-1.000 pitch=-1.00Hz pitchCents=0.0
2025-12-15 22:46:55 [tracker] [s5] onset t=70.534 env=0.00153 gate=0.00015 envDelta=0.00139 envFloor=0.00106 onset=0.997 thresh=0.016 onsetDelta=0.98144 baseline=0.00071 adaptive=0.00177 lastPeak=0.00000 guard=0.060 activeAge=-1.000 pitch=-1.00Hz pitchCents=0.0
2025-12-15 22:46:55 [tracker] [s2] onset t=70.563 env=0.00160 gate=0.00001 envDelta=0.00159 envFloor=0.00098 onset=0.717 thresh=0.009 onsetDelta=0.70805 baseline=0.00065 adaptive=0.00163 lastPeak=0.00000 guard=0.060 activeAge=-1.000 pitch=666.76Hz pitchCents=3119.6
2025-12-15 22:46:55 [tracker] [s1] aubio-raw t=70.6167 onset=1.068208 env=0.000687 peak=0.001682 gain=1.000
2025-12-15 22:46:55 [tracker] [s1] onset-accepted t=70.6167 env=0.000687 gate=0.000020 envDelta=0.000667 envFloor=0.000553 onset=1.068208 thresh=0.006000 onsetDelta=1.062208 baseline=0.000369 floor=0.000180 adapt=0.000922 lastPeak=0.000010 baseParam=0.000180 gateRatio=0.0550 envParam=0.000450 onsetScale=0.300 retriggerScale=1.400 guard=0.060 guardRemain=0.000 activeAge=-1.000 retrigRemain=0.000 pitchHz=242.47 pitchCents=1868.3
2025-12-15 22:46:55 [tracker] [s1] onset t=70.617 env=0.00069 gate=0.00002 envDelta=0.00067 envFloor=0.00055 onset=1.068 thresh=0.006 onsetDelta=1.06221 baseline=0.00037 adaptive=0.00092 lastPeak=0.00001 guard=0.060 activeAge=-1.000 pitch=242.47Hz pitchCents=1868.3
2025-12-15 22:46:55 [tracker] [s3] onset t=70.694 env=0.00133 gate=0.00008 envDelta=0.00125 envFloor=0.00093 onset=0.990 thresh=0.012 onsetDelta=0.97802 baseline=0.00062 adaptive=0.00156 lastPeak=0.00000 guard=0.060 activeAge=-1.000 pitch=-1.00Hz pitchCents=0.0
2025-12-15 22:46:55 [tracker] [s1] aubio-raw t=70.7689 onset=1.064152 env=0.000833 peak=0.002249 gain=1.000
2025-12-15 22:46:55 [tracker] [s1] onset-accepted t=70.7689 env=0.000833 gate=0.000022 envDelta=0.000811 envFloor=0.000609 onset=1.064152 thresh=0.006000 onsetDelta=1.058152 baseline=0.000406 floor=0.000180 adapt=0.001015 lastPeak=0.000008 baseParam=0.000180 gateRatio=0.0550 envParam=0.000450 onsetScale=0.300 retriggerScale=1.400 guard=0.060 guardRemain=0.000 activeAge=-1.000 retrigRemain=0.000 pitchHz=-1.00 pitchCents=0.0
2025-12-15 22:46:55 [tracker] [s1] onset t=70.769 env=0.00083 gate=0.00002 envDelta=0.00081 envFloor=0.00061 onset=1.064 thresh=0.006 onsetDelta=1.05815 baseline=0.00041 adaptive=0.00101 lastPeak=0.00001 guard=0.060 activeAge=-1.000 pitch=-1.00Hz pitchCents=0.0
2025-12-15 22:46:55 [tracker] [s4] onset t=70.844 env=0.00147 gate=0.00011 envDelta=0.00136 envFloor=0.00097 onset=0.967 thresh=0.014 onsetDelta=0.95278 baseline=0.00065 adaptive=0.00162 lastPeak=0.00000 guard=0.060 activeAge=-1.000 pitch=-1.00Hz pitchCents=0.0
2025-12-15 22:46:55 [tracker] [s2] onset t=71.004 env=0.00108 gate=0.00001 envDelta=0.00108 envFloor=0.00101 onset=0.994 thresh=0.009 onsetDelta=0.98469 baseline=0.00067 adaptive=0.00169 lastPeak=0.00000 guard=0.060 activeAge=-1.000 pitch=-1.00Hz pitchCents=0.0
2025-12-15 22:46:55 [tracker] [s4] onset t=71.095 env=0.00133 gate=0.00011 envDelta=0.00122 envFloor=0.00100 onset=1.052 thresh=0.014 onsetDelta=1.03813 baseline=0.00066 adaptive=0.00166 lastPeak=0.00000 guard=0.060 activeAge=-1.000 pitch=-1.00Hz pitchCents=0.0
2025-12-15 22:46:55 [tracker] [s1] aubio-raw t=71.1267 onset=0.655135 env=0.000869 peak=0.002208 gain=1.000
2025-12-15 22:46:55 [tracker] [s1] onset-accepted t=71.1267 env=0.000869 gate=0.000021 envDelta=0.000848 envFloor=0.000585 onset=0.655135 thresh=0.006000 onsetDelta=0.649135 baseline=0.000390 floor=0.000180 adapt=0.000975 lastPeak=0.000004 baseParam=0.000180 gateRatio=0.0550 envParam=0.000450 onsetScale=0.300 retriggerScale=1.400 guard=0.060 guardRemain=0.000 activeAge=-1.000 retrigRemain=0.000 pitchHz=-1.00 pitchCents=0.0
2025-12-15 22:46:55 [tracker] [s1] onset t=71.127 env=0.00087 gate=0.00002 envDelta=0.00085 envFloor=0.00059 onset=0.655 thresh=0.006 onsetDelta=0.64914 baseline=0.00039 adaptive=0.00098 lastPeak=0.00000 guard=0.060 activeAge=-1.000 pitch=-1.00Hz pitchCents=0.0
2025-12-15 22:46:55 [tracker] [s3] onset t=71.167 env=0.00132 gate=0.00008 envDelta=0.00124 envFloor=0.00092 onset=1.108 thresh=0.012 onsetDelta=1.09646 baseline=0.00061 adaptive=0.00153 lastPeak=0.00000 guard=0.060 activeAge=-1.000 pitch=-1.00Hz pitchCents=0.0
2025-12-15 22:46:55 [tracker] [s1] aubio-raw t=71.1908 onset=0.532675 env=0.000529 peak=0.001241 gain=1.000
2025-12-15 22:46:55 [tracker] [s1] onset-below-env-floor t=71.1908 env=0.000529 gate=0.000021 envDelta=0.000509 envFloor=0.000560 onset=0.532675 thresh=0.006000 onsetDelta=0.526675 baseline=0.000373 floor=0.000180 adapt=0.000933 lastPeak=0.000003 baseParam=0.000180 gateRatio=0.0550 envParam=0.000450 onsetScale=0.300 retriggerScale=1.400 guard=0.060 guardRemain=0.000 activeAge=-1.000 retrigRemain=0.000 pitchHz=-1.00 pitchCents=0.0
2025-12-15 22:46:55 [tracker] [s5] onset t=71.191 env=0.00171 gate=0.00016 envDelta=0.00155 envFloor=0.00113 onset=1.001 thresh=0.016 onsetDelta=0.98484 baseline=0.00075 adaptive=0.00188 lastPeak=0.00000 guard=0.060 activeAge=-1.000 pitch=-1.00Hz pitchCents=0.0
2025-12-15 22:46:55 [tracker] [s2] onset t=71.268 env=0.00212 gate=0.00001 envDelta=0.00212 envFloor=0.00102 onset=1.219 thresh=0.009 onsetDelta=1.21033 baseline=0.00068 adaptive=0.00170 lastPeak=0.00000 guard=0.060 activeAge=-1.000 pitch=-1.00Hz pitchCents=0.0
2025-12-15 22:46:55 [tracker] [s3] onset t=71.300 env=0.00153 gate=0.00008 envDelta=0.00145 envFloor=0.00094 onset=0.600 thresh=0.012 onsetDelta=0.58807 baseline=0.00063 adaptive=0.00157 lastPeak=0.00000 guard=0.060 activeAge=-1.000 pitch=-1.00Hz pitchCents=0.0
2025-12-15 22:46:55 [tracker] [s5] onset t=71.327 env=0.00184 gate=0.00015 envDelta=0.00169 envFloor=0.00106 onset=0.651 thresh=0.016 onsetDelta=0.63488 baseline=0.00071 adaptive=0.00177 lastPeak=0.00000 guard=0.060 activeAge=-1.000 pitch=-1.00Hz pitchCents=0.0
2025-12-15 22:46:55 [tracker] [s5] onset t=71.428 env=0.00155 gate=0.00014 envDelta=0.00140 envFloor=0.00103 onset=1.052 thresh=0.016 onsetDelta=1.03577 baseline=0.00069 adaptive=0.00172 lastPeak=0.00000 guard=0.060 activeAge=-1.000 pitch=-1.00Hz pitchCents=0.0
2025-12-15 22:46:56 [tracker] [s1] aubio-raw t=71.4498 onset=0.751020 env=0.000578 peak=0.001389 gain=1.000
2025-12-15 22:46:56 [tracker] [s1] onset-below-env-floor t=71.4498 env=0.000578 gate=0.000023 envDelta=0.000556 envFloor=0.000615 onset=0.751020 thresh=0.006000 onsetDelta=0.745020 baseline=0.000410 floor=0.000180 adapt=0.001026 lastPeak=0.000002 baseParam=0.000180 gateRatio=0.0550 envParam=0.000450 onsetScale=0.300 retriggerScale=1.400 guard=0.060 guardRemain=0.000 activeAge=-1.000 retrigRemain=0.000 pitchHz=800.00 pitchCents=3935.0
2025-12-15 22:46:56 [tracker] [s1] aubio-raw t=71.5326 onset=1.154981 env=0.001026 peak=0.001941 gain=1.000
2025-12-15 22:46:56 [tracker] [s1] onset-accepted t=71.5326 env=0.001026 gate=0.000022 envDelta=0.001004 envFloor=0.000599 onset=1.154981 thresh=0.006000 onsetDelta=1.148981 baseline=0.000399 floor=0.000180 adapt=0.000998 lastPeak=0.000002 baseParam=0.000180 gateRatio=0.0550 envParam=0.000450 onsetScale=0.300 retriggerScale=1.400 guard=0.060 guardRemain=0.000 activeAge=-1.000 retrigRemain=0.000 pitchHz=-1.00 pitchCents=0.0
2025-12-15 22:46:56 [tracker] [s1] onset t=71.533 env=0.00103 gate=0.00002 envDelta=0.00100 envFloor=0.00060 onset=1.155 thresh=0.006 onsetDelta=1.14898 baseline=0.00040 adaptive=0.00100 lastPeak=0.00000 guard=0.060 activeAge=-1.000 pitch=-1.00Hz pitchCents=0.0
2025-12-15 22:46:56 [sessionwavs] wrote 6 wav files to /home/general/SignalAssistant/logs/sessionwavs/session-20251215-224544 (shutdown)
# Session closed at 2025-12-15 22:46:56
