# SignalAssistant session log
# Started at 2025-12-26 02:15:01
2025-12-26 02:15:01 [session] mode=recorded session='20251226-013301 012' path='/home/general/SignalAssistant/sessions/live/20251226-013301 012' duration=8.39 files=6
2025-12-26 02:15:01 [tracker-settings] TrackerConfig onsetThreshold=0.02000 minNoteDurSec=0.045 hopSec=0.010 slideDelta=120.0 bendDelta=35.0
2025-12-26 02:15:01 [tracker-settings] string1 midi=40 lowCut=77.50Hz highCut=135.00Hz baseline=0.001000 gateRatio=0.05500 envFloor=0.001500 sustainScale=0.580 retriggerScale=1.400 pitchTol=0.250 onsetScale=0.360
2025-12-26 02:15:01 [tracker-settings] string2 midi=45 lowCut=102.50Hz highCut=215.00Hz baseline=0.001200 gateRatio=0.10000 envFloor=0.001800 sustainScale=0.700 retriggerScale=1.250 pitchTol=0.400 onsetScale=0.610
2025-12-26 02:15:01 [tracker-settings] string4 midi=55 lowCut=187.50Hz highCut=385.00Hz baseline=0.001600 gateRatio=0.17000 envFloor=0.002400 sustainScale=1.000 retriggerScale=1.000 pitchTol=0.440 onsetScale=1.260
2025-12-26 02:15:01 [tracker-settings] string5 midi=59 lowCut=237.50Hz highCut=485.00Hz baseline=0.001800 gateRatio=0.21000 envFloor=0.002700 sustainScale=1.000 retriggerScale=1.000 pitchTol=0.500 onsetScale=1.440
2025-12-26 02:15:01 [tracker-settings] string6 midi=64 lowCut=317.50Hz highCut=650.00Hz baseline=0.002000 gateRatio=0.25000 envFloor=0.003000 sustainScale=1.000 retriggerScale=1.000 pitchTol=0.550 onsetScale=1.620
2025-12-26 02:15:01 [calibration] Loaded avgRms/peakRms from legacy calibration file
2025-12-26 02:15:01 [calibration] Calibration profile derived from tuning state
2025-12-26 02:15:08 [test-mode] play session='20251226-013301 012' position=0.00 duration=8.39
2025-12-26 02:15:08 [detection] LOW E RAW PITCH: detected=125.16Hz filtered=1 peak=0.00011
2025-12-26 02:15:08 [detection] LOW E RAW PITCH: detected=187.87Hz filtered=1 peak=0.00013
2025-12-26 02:15:08 [detection] LOW E RAW PITCH: detected=376.47Hz filtered=1 peak=0.00020
2025-12-26 02:15:08 [detection] LOW E RAW PITCH: detected=96000.00Hz filtered=1 peak=0.00026
2025-12-26 02:15:08 [detection] LOW E RAW PITCH: detected=96000.00Hz filtered=1 peak=0.00036
2025-12-26 02:15:08 [detection] LOW E RAW PITCH: detected=96000.00Hz filtered=1 peak=0.00016
2025-12-26 02:15:08 [detection] LOW E RAW PITCH: detected=145.69Hz filtered=1 peak=0.00022
2025-12-26 02:15:08 [detection] LOW E RAW PITCH: detected=117.86Hz filtered=1 peak=0.00014
2025-12-26 02:15:08 [detection] LOW E RAW PITCH: detected=105.28Hz filtered=1 peak=0.00017
2025-12-26 02:15:08 [detection] LOW E RAW PITCH: detected=106.74Hz filtered=1 peak=0.00019
2025-12-26 02:15:08 [detection] LOW E RAW PITCH: detected=103.66Hz filtered=1 peak=0.00016
2025-12-26 02:15:08 [detection] LOW E RAW PITCH: detected=100.46Hz filtered=1 peak=0.00028
2025-12-26 02:15:08 [detection] LOW E RAW PITCH: detected=98.05Hz filtered=1 peak=0.00042
2025-12-26 02:15:08 [detection] LOW E RAW PITCH: detected=108.23Hz filtered=1 peak=0.00036
2025-12-26 02:15:08 [detection] LOW E RAW PITCH: detected=106.97Hz filtered=1 peak=0.00021
2025-12-26 02:15:08 [detection] LOW E RAW PITCH: detected=104.05Hz filtered=1 peak=0.00020
2025-12-26 02:15:08 [detection] LOW E RAW PITCH: detected=107.97Hz filtered=1 peak=0.00016
2025-12-26 02:15:08 [detection] LOW E RAW PITCH: detected=114.99Hz filtered=1 peak=0.00015
2025-12-26 02:15:08 [detection] LOW E RAW PITCH: detected=123.16Hz filtered=1 peak=0.00031
2025-12-26 02:15:08 [detection] LOW E RAW PITCH: detected=224.97Hz filtered=1 peak=0.00010
2025-12-26 02:15:08 [detection] LOW E RAW PITCH: detected=296.36Hz filtered=1 peak=0.00026
2025-12-26 02:15:08 [detection] LOW E RAW PITCH: detected=145.77Hz filtered=1 peak=0.00027
2025-12-26 02:15:08 [detection] LOW E RAW PITCH: detected=102.55Hz filtered=1 peak=0.00015
2025-12-26 02:15:08 [detection] LOW E RAW PITCH: detected=106.88Hz filtered=1 peak=0.00015
2025-12-26 02:15:08 [detection] LOW E RAW PITCH: detected=93.93Hz filtered=1 peak=0.00024
2025-12-26 02:15:08 [detection] LOW E RAW PITCH: detected=98.80Hz filtered=1 peak=0.00017
2025-12-26 02:15:08 [detection] LOW E RAW PITCH: detected=96.94Hz filtered=1 peak=0.00009
2025-12-26 02:15:08 [detection] LOW E RAW PITCH: detected=95.60Hz filtered=1 peak=0.00023
2025-12-26 02:15:08 [detection] LOW E RAW PITCH: detected=153.90Hz filtered=1 peak=0.00023
2025-12-26 02:15:08 [detection] LOW E RAW PITCH: detected=186.11Hz filtered=1 peak=0.00023
2025-12-26 02:15:08 [detection] LOW E RAW PITCH: detected=273.75Hz filtered=1 peak=0.00033
2025-12-26 02:15:08 [detection] LOW E RAW PITCH: detected=196.13Hz filtered=1 peak=0.00036
2025-12-26 02:15:08 [detection] LOW E RAW PITCH: detected=212.47Hz filtered=1 peak=0.00020
2025-12-26 02:15:08 [detection] LOW E RAW PITCH: detected=95999.98Hz filtered=1 peak=0.00027
2025-12-26 02:15:08 [detection] LOW E RAW PITCH: detected=96000.00Hz filtered=1 peak=0.00017
2025-12-26 02:15:08 [detection] LOW E RAW PITCH: detected=93.93Hz filtered=1 peak=0.00017
2025-12-26 02:15:08 [detection] LOW E RAW PITCH: detected=93.93Hz filtered=1 peak=0.00019
2025-12-26 02:15:08 [detection] LOW E RAW PITCH: detected=93.93Hz filtered=1 peak=0.00016
2025-12-26 02:15:08 [detection] LOW E RAW PITCH: detected=93.93Hz filtered=1 peak=0.00016
2025-12-26 02:15:08 [detection] LOW E RAW PITCH: detected=96.53Hz filtered=1 peak=0.00022
2025-12-26 02:15:08 [detection] LOW E RAW PITCH: detected=96.22Hz filtered=1 peak=0.00022
2025-12-26 02:15:08 [detection] LOW E RAW PITCH: detected=141.91Hz filtered=1 peak=0.00028
2025-12-26 02:15:08 [detection] LOW E RAW PITCH: detected=280.47Hz filtered=1 peak=0.00032
2025-12-26 02:15:08 [detection] LOW E RAW PITCH: detected=274.62Hz filtered=1 peak=0.00030
2025-12-26 02:15:08 [detection] LOW E RAW PITCH: detected=282.71Hz filtered=1 peak=0.00019
2025-12-26 02:15:08 [detection] LOW E RAW PITCH: detected=96000.00Hz filtered=1 peak=0.00019
2025-12-26 02:15:08 [detection] LOW E RAW PITCH: detected=96000.00Hz filtered=1 peak=0.00063
2025-12-26 02:15:08 [detection] LOW E RAW PITCH: detected=96000.00Hz filtered=1 peak=0.00062
2025-12-26 02:15:08 [detection] LOW E RAW PITCH: detected=96000.00Hz filtered=1 peak=0.00016
2025-12-26 02:15:08 [detection] LOW E RAW PITCH: detected=95999.98Hz filtered=1 peak=0.00035
2025-12-26 02:15:08 [detection] LOW E RAW PITCH: detected=95999.98Hz filtered=1 peak=0.00040
2025-12-26 02:15:08 [detection] LOW E RAW PITCH: detected=93.93Hz filtered=1 peak=0.00019
2025-12-26 02:15:08 [detection] LOW E RAW PITCH: detected=93.93Hz filtered=1 peak=0.00020
2025-12-26 02:15:08 [detection] LOW E RAW PITCH: detected=96000.00Hz filtered=1 peak=0.00035
2025-12-26 02:15:08 [detection] LOW E RAW PITCH: detected=94.67Hz filtered=1 peak=0.00011
2025-12-26 02:15:08 [detection] LOW E RAW PITCH: detected=96000.00Hz filtered=1 peak=0.00044
2025-12-26 02:15:08 [detection] LOW E RAW PITCH: detected=96000.00Hz filtered=1 peak=0.00022
2025-12-26 02:15:08 [detection] LOW E RAW PITCH: detected=96000.00Hz filtered=1 peak=0.00021
2025-12-26 02:15:08 [detection] LOW E RAW PITCH: detected=95999.98Hz filtered=1 peak=0.00039
2025-12-26 02:15:08 [detection] LOW E RAW PITCH: detected=96000.00Hz filtered=1 peak=0.00040
2025-12-26 02:15:08 [detection] LOW E RAW PITCH: detected=96000.00Hz filtered=1 peak=0.00025
2025-12-26 02:15:08 [detection] LOW E RAW PITCH: detected=96000.00Hz filtered=1 peak=0.00032
2025-12-26 02:15:08 [detection] LOW E RAW PITCH: detected=96000.00Hz filtered=1 peak=0.00028
2025-12-26 02:15:08 [detection] LOW E RAW PITCH: detected=96000.00Hz filtered=1 peak=0.00039
2025-12-26 02:15:08 [detection] LOW E RAW PITCH: detected=96000.00Hz filtered=1 peak=0.00044
2025-12-26 02:15:08 [detection] LOW E RAW PITCH: detected=96000.00Hz filtered=1 peak=0.00032
2025-12-26 02:15:08 [detection] LOW E RAW PITCH: detected=96000.00Hz filtered=1 peak=0.00021
2025-12-26 02:15:08 [detection] LOW E RAW PITCH: detected=96000.00Hz filtered=1 peak=0.00030
2025-12-26 02:15:08 [detection] LOW E RAW PITCH: detected=96000.00Hz filtered=1 peak=0.00052
2025-12-26 02:15:08 [detection] LOW E RAW PITCH: detected=96000.00Hz filtered=1 peak=0.00044
2025-12-26 02:15:08 [detection] LOW E RAW PITCH: detected=96000.00Hz filtered=1 peak=0.00033
2025-12-26 02:15:08 [detection] LOW E RAW PITCH: detected=96000.00Hz filtered=1 peak=0.00062
2025-12-26 02:15:08 [detection] LOW E RAW PITCH: detected=96000.00Hz filtered=1 peak=0.00053
2025-12-26 02:15:08 [detection] LOW E RAW PITCH: detected=93.93Hz filtered=1 peak=0.00036
2025-12-26 02:15:08 [detection] LOW E RAW PITCH: detected=96000.00Hz filtered=1 peak=0.00033
2025-12-26 02:15:08 [detection] LOW E RAW PITCH: detected=93.93Hz filtered=1 peak=0.00021
2025-12-26 02:15:08 [detection] LOW E RAW PITCH: detected=93.93Hz filtered=1 peak=0.00023
2025-12-26 02:15:08 [detection] LOW E RAW PITCH: detected=93.93Hz filtered=1 peak=0.00020
2025-12-26 02:15:08 [detection] LOW E RAW PITCH: detected=93.93Hz filtered=1 peak=0.00017
2025-12-26 02:15:08 [detection] LOW E RAW PITCH: detected=105.89Hz filtered=1 peak=0.00026
2025-12-26 02:15:08 [detection] LOW E RAW PITCH: detected=96000.00Hz filtered=1 peak=0.00014
2025-12-26 02:15:08 [detection] LOW E RAW PITCH: detected=96000.00Hz filtered=1 peak=0.00018
2025-12-26 02:15:08 [detection] LOW E RAW PITCH: detected=96000.00Hz filtered=1 peak=0.00024
2025-12-26 02:15:08 [detection] LOW E RAW PITCH: detected=141.97Hz filtered=1 peak=0.00046
2025-12-26 02:15:08 [detection] LOW E RAW PITCH: detected=141.46Hz filtered=1 peak=0.00049
2025-12-26 02:15:08 [detection] LOW E RAW PITCH: detected=96000.00Hz filtered=1 peak=0.00023
2025-12-26 02:15:08 [detection] LOW E RAW PITCH: detected=136.60Hz filtered=1 peak=0.00033
2025-12-26 02:15:08 [detection] LOW E RAW PITCH: detected=139.86Hz filtered=1 peak=0.00042
2025-12-26 02:15:08 [detection] LOW E RAW PITCH: detected=93.93Hz filtered=1 peak=0.00019
2025-12-26 02:15:08 [detection] LOW E RAW PITCH: detected=93.93Hz filtered=1 peak=0.00017
2025-12-26 02:15:08 [detection] LOW E RAW PITCH: detected=95999.98Hz filtered=1 peak=0.00024
2025-12-26 02:15:08 [detection] LOW E RAW PITCH: detected=93.93Hz filtered=1 peak=0.00010
2025-12-26 02:15:08 [detection] LOW E RAW PITCH: detected=93.93Hz filtered=1 peak=0.00014
2025-12-26 02:15:08 [detection] LOW E RAW PITCH: detected=192.10Hz filtered=1 peak=0.00043
2025-12-26 02:15:08 [detection] LOW E RAW PITCH: detected=201.84Hz filtered=1 peak=0.00040
2025-12-26 02:15:08 [detection] LOW E RAW PITCH: detected=96000.00Hz filtered=1 peak=0.00040
2025-12-26 02:15:08 [detection] LOW E RAW PITCH: detected=96000.00Hz filtered=1 peak=0.00040
2025-12-26 02:15:08 [detection] LOW E RAW PITCH: detected=93.93Hz filtered=1 peak=0.00019
2025-12-26 02:15:08 [detection] LOW E RAW PITCH: detected=93.93Hz filtered=1 peak=0.00030
2025-12-26 02:15:08 [detection] LOW E RAW PITCH: detected=93.93Hz filtered=1 peak=0.00027
2025-12-26 02:15:08 [detection] LOW E RAW PITCH: detected=96000.00Hz filtered=1 peak=0.00031
2025-12-26 02:15:08 [detection] LOW E RAW PITCH: detected=96000.00Hz filtered=1 peak=0.00030
2025-12-26 02:15:08 [detection] LOW E RAW PITCH: detected=96000.00Hz filtered=1 peak=0.00067
2025-12-26 02:15:08 [detection] LOW E RAW PITCH: detected=96000.00Hz filtered=1 peak=0.00021
2025-12-26 02:15:08 [detection] LOW E RAW PITCH: detected=96000.00Hz filtered=1 peak=0.00028
2025-12-26 02:15:08 [detection] LOW E RAW PITCH: detected=96000.00Hz filtered=1 peak=0.00041
2025-12-26 02:15:08 [detection] LOW E RAW PITCH: detected=96000.00Hz filtered=1 peak=0.00040
2025-12-26 02:15:08 [detection] LOW E RAW PITCH: detected=96000.00Hz filtered=1 peak=0.00023
2025-12-26 02:15:08 [detection] LOW E RAW PITCH: detected=96000.00Hz filtered=1 peak=0.00032
2025-12-26 02:15:08 [detection] LOW E RAW PITCH: detected=96000.00Hz filtered=1 peak=0.00021
2025-12-26 02:15:08 [detection] LOW E RAW PITCH: detected=96000.00Hz filtered=1 peak=0.00025
2025-12-26 02:15:08 [detection] LOW E RAW PITCH: detected=96000.00Hz filtered=1 peak=0.00044
2025-12-26 02:15:08 [detection] LOW E RAW PITCH: detected=96000.00Hz filtered=1 peak=0.00041
2025-12-26 02:15:08 [detection] LOW E RAW PITCH: detected=96000.00Hz filtered=1 peak=0.00027
2025-12-26 02:15:08 [detection] LOW E RAW PITCH: detected=96000.00Hz filtered=1 peak=0.00012
2025-12-26 02:15:08 [detection] LOW E RAW PITCH: detected=96000.00Hz filtered=1 peak=0.00021
2025-12-26 02:15:08 [detection] LOW E RAW PITCH: detected=121.08Hz filtered=1 peak=0.00020
2025-12-26 02:15:08 [detection] LOW E RAW PITCH: detected=136.99Hz filtered=1 peak=0.00035
2025-12-26 02:15:08 [detection] LOW E RAW PITCH: detected=153.85Hz filtered=1 peak=0.00041
2025-12-26 02:15:08 [detection] LOW E RAW PITCH: detected=224.45Hz filtered=1 peak=0.00030
2025-12-26 02:15:08 [detection] LOW E RAW PITCH: detected=93.93Hz filtered=1 peak=0.00027
2025-12-26 02:15:08 [detection] LOW E RAW PITCH: detected=96000.00Hz filtered=1 peak=0.00042
2025-12-26 02:15:08 [detection] LOW E RAW PITCH: detected=96000.00Hz filtered=1 peak=0.00059
2025-12-26 02:15:08 [detection] LOW E RAW PITCH: detected=96000.00Hz filtered=1 peak=0.00031
2025-12-26 02:15:08 [detection] LOW E RAW PITCH: detected=95999.98Hz filtered=1 peak=0.00054
2025-12-26 02:15:08 [detection] LOW E RAW PITCH: detected=96000.00Hz filtered=1 peak=0.00055
2025-12-26 02:15:08 [detection] LOW E RAW PITCH: detected=93.93Hz filtered=1 peak=0.00019
2025-12-26 02:15:08 [detection] LOW E RAW PITCH: detected=96000.00Hz filtered=1 peak=0.00041
2025-12-26 02:15:08 [detection] LOW E RAW PITCH: detected=95999.98Hz filtered=1 peak=0.00050
2025-12-26 02:15:08 [detection] LOW E RAW PITCH: detected=96000.00Hz filtered=1 peak=0.00040
2025-12-26 02:15:08 [detection] LOW E RAW PITCH: detected=96000.00Hz filtered=1 peak=0.00030
2025-12-26 02:15:08 [detection] LOW E RAW PITCH: detected=96000.00Hz filtered=1 peak=0.00007
2025-12-26 02:15:08 [detection] LOW E RAW PITCH: detected=109.68Hz filtered=1 peak=0.00055
2025-12-26 02:15:08 [detection] LOW E RAW PITCH: detected=95999.98Hz filtered=1 peak=0.00057
2025-12-26 02:15:08 [detection] LOW E RAW PITCH: detected=95999.98Hz filtered=1 peak=0.00028
2025-12-26 02:15:08 [detection] LOW E RAW PITCH: detected=96000.00Hz filtered=1 peak=0.00026
2025-12-26 02:15:08 [detection] LOW E RAW PITCH: detected=96000.00Hz filtered=1 peak=0.00021
2025-12-26 02:15:08 [detection] LOW E RAW PITCH: detected=93.93Hz filtered=1 peak=0.00023
2025-12-26 02:15:08 [detection] LOW E RAW PITCH: detected=96000.00Hz filtered=1 peak=0.00036
2025-12-26 02:15:08 [detection] LOW E RAW PITCH: detected=96000.00Hz filtered=1 peak=0.00045
2025-12-26 02:15:08 [detection] LOW E RAW PITCH: detected=96000.00Hz filtered=1 peak=0.00019
2025-12-26 02:15:08 [detection] LOW E RAW PITCH: detected=96000.00Hz filtered=1 peak=0.00040
2025-12-26 02:15:08 [detection] LOW E RAW PITCH: detected=96000.00Hz filtered=1 peak=0.00054
2025-12-26 02:15:08 [detection] LOW E RAW PITCH: detected=95999.98Hz filtered=1 peak=0.00028
2025-12-26 02:15:08 [detection] LOW E RAW PITCH: detected=93.93Hz filtered=1 peak=0.00030
2025-12-26 02:15:08 [detection] LOW E RAW PITCH: detected=96000.00Hz filtered=1 peak=0.00029
2025-12-26 02:15:08 [detection] LOW E RAW PITCH: detected=93.93Hz filtered=1 peak=0.00025
2025-12-26 02:15:08 [detection] LOW E RAW PITCH: detected=128.78Hz filtered=1 peak=0.00009
2025-12-26 02:15:08 [detection] LOW E RAW PITCH: detected=143.11Hz filtered=1 peak=0.00034
2025-12-26 02:15:08 [detection] LOW E RAW PITCH: detected=159.61Hz filtered=1 peak=0.00032
2025-12-26 02:15:08 [detection] LOW E RAW PITCH: detected=93.93Hz filtered=1 peak=0.00033
2025-12-26 02:15:08 [detection] LOW E RAW PITCH: detected=93.93Hz filtered=1 peak=0.00010
2025-12-26 02:15:08 [detection] LOW E RAW PITCH: detected=93.93Hz filtered=1 peak=0.00031
2025-12-26 02:15:08 [detection] LOW E RAW PITCH: detected=96000.00Hz filtered=1 peak=0.00030
2025-12-26 02:15:08 [detection] LOW E RAW PITCH: detected=150.99Hz filtered=1 peak=0.00019
2025-12-26 02:15:08 [detection] LOW E RAW PITCH: detected=150.17Hz filtered=1 peak=0.00033
2025-12-26 02:15:08 [detection] LOW E RAW PITCH: detected=166.61Hz filtered=1 peak=0.00018
2025-12-26 02:15:08 [detection] LOW E RAW PITCH: detected=96000.00Hz filtered=1 peak=0.00020
2025-12-26 02:15:08 [detection] LOW E RAW PITCH: detected=95.74Hz filtered=1 peak=0.00027
2025-12-26 02:15:08 [detection] LOW E RAW PITCH: detected=94.62Hz filtered=1 peak=0.00017
2025-12-26 02:15:08 [detection] LOW E RAW PITCH: detected=96000.00Hz filtered=1 peak=0.00064
2025-12-26 02:15:08 [detection] LOW E RAW PITCH: detected=96000.00Hz filtered=1 peak=0.00075
2025-12-26 02:15:08 [detection] LOW E RAW PITCH: detected=96000.00Hz filtered=1 peak=0.00028
2025-12-26 02:15:08 [detection] LOW E RAW PITCH: detected=96000.00Hz filtered=1 peak=0.00062
2025-12-26 02:15:08 [detection] LOW E RAW PITCH: detected=96000.00Hz filtered=1 peak=0.00062
2025-12-26 02:15:08 [detection] LOW E RAW PITCH: detected=93.93Hz filtered=1 peak=0.00042
2025-12-26 02:15:08 [detection] LOW E RAW PITCH: detected=93.93Hz filtered=1 peak=0.00018
2025-12-26 02:15:08 [detection] LOW E RAW PITCH: detected=93.93Hz filtered=1 peak=0.00009
2025-12-26 02:15:08 [detection] LOW E RAW PITCH: detected=94.45Hz filtered=1 peak=0.00011
2025-12-26 02:15:08 [detection] LOW E RAW PITCH: detected=98.78Hz filtered=1 peak=0.00012
2025-12-26 02:15:08 [detection] LOW E RAW PITCH: detected=124.31Hz filtered=1 peak=0.00042
2025-12-26 02:15:08 [detection] LOW E RAW PITCH: detected=168.24Hz filtered=1 peak=0.00034
2025-12-26 02:15:08 [detection] LOW E RAW PITCH: detected=96000.00Hz filtered=1 peak=0.00023
2025-12-26 02:15:08 [detection] LOW E RAW PITCH: detected=96000.00Hz filtered=1 peak=0.00048
2025-12-26 02:15:08 [detection] LOW E RAW PITCH: detected=96000.00Hz filtered=1 peak=0.00050
2025-12-26 02:15:08 [detection] LOW E RAW PITCH: detected=96000.00Hz filtered=1 peak=0.00039
2025-12-26 02:15:08 [detection] LOW E RAW PITCH: detected=96000.00Hz filtered=1 peak=0.00045
2025-12-26 02:15:08 [detection] LOW E RAW PITCH: detected=96000.00Hz filtered=1 peak=0.00028
2025-12-26 02:15:08 [detection] LOW E RAW PITCH: detected=93.93Hz filtered=1 peak=0.00037
2025-12-26 02:15:08 [detection] LOW E RAW PITCH: detected=93.93Hz filtered=1 peak=0.00036
2025-12-26 02:15:08 [detection] LOW E RAW PITCH: detected=93.93Hz filtered=1 peak=0.00032
2025-12-26 02:15:08 [detection] LOW E RAW PITCH: detected=93.93Hz filtered=1 peak=0.00060
2025-12-26 02:15:08 [detection] LOW E RAW PITCH: detected=96000.00Hz filtered=1 peak=0.00041
2025-12-26 02:15:08 [detection] LOW E RAW PITCH: detected=96000.00Hz filtered=1 peak=0.00041
2025-12-26 02:15:08 [detection] LOW E RAW PITCH: detected=96000.00Hz filtered=1 peak=0.00019
2025-12-26 02:15:08 [detection] LOW E RAW PITCH: detected=96000.00Hz filtered=1 peak=0.00045
2025-12-26 02:15:08 [detection] LOW E RAW PITCH: detected=96000.00Hz filtered=1 peak=0.00044
2025-12-26 02:15:08 [detection] LOW E RAW PITCH: detected=96000.00Hz filtered=1 peak=0.00042
2025-12-26 02:15:08 [detection] LOW E RAW PITCH: detected=96000.00Hz filtered=1 peak=0.00114
2025-12-26 02:15:08 [detection] LOW E RAW PITCH: detected=95999.98Hz filtered=1 peak=0.00477
2025-12-26 02:15:08 [detection] LOW E RAW PITCH: detected=96000.00Hz filtered=1 peak=0.00662
2025-12-26 02:15:08 [detection] LOW E RAW PITCH: detected=96000.00Hz filtered=1 peak=0.00981
2025-12-26 02:15:08 [detection] LOW E RAW PITCH: detected=96000.00Hz filtered=1 peak=0.03694
2025-12-26 02:15:08 [detection] LOW E RAW PITCH: detected=95999.98Hz filtered=1 peak=0.04402
2025-12-26 02:15:08 [detection] LOW E REJECT: pitch=-1.00 midi=-1 (no pitch or midi)
2025-12-26 02:15:08 [detection] LOW E RAW PITCH: detected=95999.98Hz filtered=1 peak=0.01436
2025-12-26 02:15:08 [detection] LOW E RAW PITCH: detected=96000.00Hz filtered=1 peak=0.01243
2025-12-26 02:15:08 [detection] LOW E RAW PITCH: detected=96000.00Hz filtered=1 peak=0.02327
2025-12-26 02:15:08 [detection] LOW E RAW PITCH: detected=93.93Hz filtered=1 peak=0.02063
2025-12-26 02:15:08 [detection] LOW E RAW PITCH: detected=95999.98Hz filtered=1 peak=0.16227
2025-12-26 02:15:08 [detection] LOW E RAW PITCH: detected=95999.98Hz filtered=1 peak=0.18317
2025-12-26 02:15:08 [detection] LOW E RAW PITCH: detected=95999.98Hz filtered=1 peak=0.17431
2025-12-26 02:15:08 [detection] LOW E RAW PITCH: detected=96000.00Hz filtered=1 peak=0.06320
2025-12-26 02:15:08 [detection] LOW E RAW PITCH: detected=96000.00Hz filtered=1 peak=0.05583
2025-12-26 02:15:08 [detection] LOW E RAW PITCH: detected=112.05Hz filtered=1 peak=0.18303
2025-12-26 02:15:08 [detection] LOW E RAW PITCH: detected=142.08Hz filtered=1 peak=0.17144
2025-12-26 02:15:08 [detection] LOW E RAW PITCH: detected=139.89Hz filtered=1 peak=0.07208
2025-12-26 02:15:08 [detection] LOW E RAW PITCH: detected=154.50Hz filtered=1 peak=0.03222
2025-12-26 02:15:08 [detection] LOW E RAW PITCH: detected=154.39Hz filtered=1 peak=0.12487
2025-12-26 02:15:08 [detection] LOW E RAW PITCH: detected=172.18Hz filtered=1 peak=0.18481
2025-12-26 02:15:08 [detection] LOW E RAW PITCH: detected=174.24Hz filtered=1 peak=0.07694
2025-12-26 02:15:08 [detection] LOW E RAW PITCH: detected=93.93Hz filtered=1 peak=0.07257
2025-12-26 02:15:08 [detection] LOW E RAW PITCH: detected=93.93Hz filtered=1 peak=0.02903
2025-12-26 02:15:08 [detection] LOW E RAW PITCH: detected=93.93Hz filtered=1 peak=0.17988
2025-12-26 02:15:08 [detection] LOW E RAW PITCH: detected=140.75Hz filtered=1 peak=0.17954
2025-12-26 02:15:08 [detection] LOW E RAW PITCH: detected=199.31Hz filtered=1 peak=0.07265
2025-12-26 02:15:08 [detection] LOW E RAW PITCH: detected=93.93Hz filtered=1 peak=0.04198
2025-12-26 02:15:08 [detection] LOW E RAW PITCH: detected=93.93Hz filtered=1 peak=0.11038
2025-12-26 02:15:08 [detection] LOW E RAW PITCH: detected=117.09Hz filtered=1 peak=0.17199
2025-12-26 02:15:08 [detection] LOW E REJECT: pitch unstable (117.09Hz midi=49)
2025-12-26 02:15:08 [detection] LOW E RAW PITCH: detected=163.80Hz filtered=1 peak=0.06884
2025-12-26 02:15:08 [detection] LOW E RAW PITCH: detected=93.93Hz filtered=1 peak=0.06833
2025-12-26 02:15:08 [detection] LOW E RAW PITCH: detected=93.93Hz filtered=1 peak=0.01509
2025-12-26 02:15:08 [detection] LOW E RAW PITCH: detected=93.93Hz filtered=1 peak=0.15660
2025-12-26 02:15:08 [detection] LOW E RAW PITCH: detected=135.07Hz filtered=1 peak=0.16390
2025-12-26 02:15:08 [detection] LOW E RAW PITCH: detected=193.87Hz filtered=1 peak=0.06508
2025-12-26 02:15:08 [detection] LOW E RAW PITCH: detected=93.93Hz filtered=1 peak=0.04770
2025-12-26 02:15:08 [detection] LOW E RAW PITCH: detected=93.93Hz filtered=1 peak=0.09953
2025-12-26 02:15:08 [detection] LOW E RAW PITCH: detected=112.82Hz filtered=1 peak=0.15782
2025-12-26 02:15:08 [detection] LOW E RAW PITCH: detected=157.41Hz filtered=1 peak=0.09246
2025-12-26 02:15:08 [detection] LOW E RAW PITCH: detected=93.93Hz filtered=1 peak=0.06110
2025-12-26 02:15:08 [detection] LOW E RAW PITCH: detected=93.93Hz filtered=1 peak=0.02333
2025-12-26 02:15:08 [detection] LOW E RAW PITCH: detected=93.93Hz filtered=1 peak=0.11710
2025-12-26 02:15:08 [detection] LOW E RAW PITCH: detected=129.49Hz filtered=1 peak=0.15130
2025-12-26 02:15:08 [detection] LOW E RAW PITCH: detected=188.05Hz filtered=1 peak=0.05761
2025-12-26 02:15:08 [detection] LOW E RAW PITCH: detected=93.93Hz filtered=1 peak=0.05004
2025-12-26 02:15:08 [detection] LOW E RAW PITCH: detected=93.93Hz filtered=1 peak=0.08357
2025-12-26 02:15:08 [detection] LOW E RAW PITCH: detected=93.93Hz filtered=1 peak=0.14560
2025-12-26 02:15:08 [detection] LOW E RAW PITCH: detected=150.29Hz filtered=1 peak=0.11172
2025-12-26 02:15:08 [detection] LOW E RAW PITCH: detected=93.93Hz filtered=1 peak=0.05454
2025-12-26 02:15:08 [detection] LOW E RAW PITCH: detected=93.93Hz filtered=1 peak=0.03179
2025-12-26 02:15:08 [detection] LOW E RAW PITCH: detected=93.93Hz filtered=1 peak=0.08686
2025-12-26 02:15:08 [detection] LOW E RAW PITCH: detected=124.29Hz filtered=1 peak=0.14039
2025-12-26 02:15:08 [detection] LOW E RAW PITCH: detected=180.84Hz filtered=1 peak=0.05169
2025-12-26 02:15:08 [detection] LOW E RAW PITCH: detected=93.93Hz filtered=1 peak=0.04987
2025-12-26 02:15:08 [detection] LOW E RAW PITCH: detected=93.93Hz filtered=1 peak=0.04675
2025-12-26 02:15:08 [detection] LOW E RAW PITCH: detected=93.93Hz filtered=1 peak=0.13587
2025-12-26 02:15:08 [detection] LOW E ONSET: fret=2 pitch=93.93Hz midi=42 stable=1 env=0.0912 onset=0.963
2025-12-26 02:15:08 [detection] LOW E ACCEPTED: detectedHz=93.93 expectedHz=92.50 midi=42(should be 42) fret=2
2025-12-26 02:15:08 [detection]      S1F2 ON (onset=0.963 env=0.0912)
2025-12-26 02:15:08 [detection] LOW E RAW PITCH: detected=143.09Hz filtered=1 peak=0.12498
2025-12-26 02:15:08 [detection] LOW E RAW PITCH: detected=93.93Hz filtered=1 peak=0.04920
2025-12-26 02:15:08 [detection] LOW E RAW PITCH: detected=93.93Hz filtered=1 peak=0.03792
2025-12-26 02:15:08 [detection] LOW E RAW PITCH: detected=93.93Hz filtered=1 peak=0.07974
2025-12-26 02:15:08 [detection] LOW E RAW PITCH: detected=119.64Hz filtered=1 peak=0.13116
2025-12-26 02:15:08 [detection] LOW E RAW PITCH: detected=172.41Hz filtered=1 peak=0.04670
2025-12-26 02:15:08 [detection] LOW E RAW PITCH: detected=93.93Hz filtered=1 peak=0.04661
2025-12-26 02:15:08 [detection] LOW E RAW PITCH: detected=93.93Hz filtered=1 peak=0.02266
2025-12-26 02:15:08 [detection] LOW E RAW PITCH: detected=93.93Hz filtered=1 peak=0.12710
2025-12-26 02:15:08 [detection] LOW E RAW PITCH: detected=136.28Hz filtered=1 peak=0.12676
2025-12-26 02:15:08 [detection] LOW E RAW PITCH: detected=93.93Hz filtered=1 peak=0.04519
2025-12-26 02:15:08 [detection] LOW E RAW PITCH: detected=93.93Hz filtered=1 peak=0.04060
2025-12-26 02:15:08 [detection] LOW E RAW PITCH: detected=93.93Hz filtered=1 peak=0.07303
2025-12-26 02:15:08 [detection] LOW E RAW PITCH: detected=115.75Hz filtered=1 peak=0.12406
2025-12-26 02:15:08 [detection] LOW E RAW PITCH: detected=163.50Hz filtered=1 peak=0.04783
2025-12-26 02:15:08 [detection] LOW E RAW PITCH: detected=93.93Hz filtered=1 peak=0.04357
2025-12-26 02:15:08 [detection] LOW E RAW PITCH: detected=93.93Hz filtered=1 peak=0.02828
2025-12-26 02:15:08 [detection] LOW E RAW PITCH: detected=93.93Hz filtered=1 peak=0.11411
2025-12-26 02:15:08 [detection] LOW E RAW PITCH: detected=130.39Hz filtered=1 peak=0.12036
2025-12-26 02:15:08 [detection] LOW E RAW PITCH: detected=93.93Hz filtered=1 peak=0.04205
2025-12-26 02:15:08 [detection] LOW E RAW PITCH: detected=93.93Hz filtered=1 peak=0.04020
2025-12-26 02:15:08 [detection] LOW E RAW PITCH: detected=93.93Hz filtered=1 peak=0.06897
2025-12-26 02:15:08 [detection] LOW E RAW PITCH: detected=112.13Hz filtered=1 peak=0.11691
2025-12-26 02:15:08 [detection] LOW E RAW PITCH: detected=153.97Hz filtered=1 peak=0.06891
2025-12-26 02:15:08 [detection] LOW E RAW PITCH: detected=93.93Hz filtered=1 peak=0.04129
2025-12-26 02:15:08 [detection] LOW E RAW PITCH: detected=93.93Hz filtered=1 peak=0.03464
2025-12-26 02:15:08 [detection] LOW E RAW PITCH: detected=93.93Hz filtered=1 peak=0.08489
2025-12-26 02:15:08 [detection] LOW E RAW PITCH: detected=125.57Hz filtered=1 peak=0.11457
2025-12-26 02:15:08 [detection] LOW E RAW PITCH: detected=93.93Hz filtered=1 peak=0.04070
2025-12-26 02:15:08 [detection] LOW E RAW PITCH: detected=93.93Hz filtered=1 peak=0.04090
2025-12-26 02:15:08 [detection] LOW E RAW PITCH: detected=93.93Hz filtered=1 peak=0.05680
2025-12-26 02:15:08 [detection] LOW E RAW PITCH: detected=108.78Hz filtered=1 peak=0.11264
2025-12-26 02:15:08 [detection] LOW E RAW PITCH: detected=145.42Hz filtered=1 peak=0.08922
2025-12-26 02:15:08 [detection] LOW E RAW PITCH: detected=93.93Hz filtered=1 peak=0.04089
2025-12-26 02:15:08 [detection] LOW E RAW PITCH: detected=93.93Hz filtered=1 peak=0.03919
2025-12-26 02:15:08 [detection] LOW E RAW PITCH: detected=93.93Hz filtered=1 peak=0.06297
2025-12-26 02:15:08 [detection] LOW E RAW PITCH: detected=121.27Hz filtered=1 peak=0.11000
2025-12-26 02:15:08 [detection] LOW E RAW PITCH: detected=93.93Hz filtered=1 peak=0.03827
2025-12-26 02:15:08 [detection] LOW E RAW PITCH: detected=93.93Hz filtered=1 peak=0.04026
2025-12-26 02:15:08 [detection] LOW E RAW PITCH: detected=93.93Hz filtered=1 peak=0.02697
2025-12-26 02:15:08 [detection] LOW E RAW PITCH: detected=93.93Hz filtered=1 peak=0.10768
2025-12-26 02:15:09 [detection] LOW E RAW PITCH: detected=137.79Hz filtered=1 peak=0.10195
2025-12-26 02:15:09 [detection] LOW E RAW PITCH: detected=93.93Hz filtered=1 peak=0.04051
2025-12-26 02:15:09 [detection] LOW E RAW PITCH: detected=93.93Hz filtered=1 peak=0.04049
2025-12-26 02:15:09 [detection] LOW E RAW PITCH: detected=93.93Hz filtered=1 peak=0.06004
2025-12-26 02:15:09 [detection] LOW E RAW PITCH: detected=117.54Hz filtered=1 peak=0.10625
2025-12-26 02:15:09 [detection] LOW E RAW PITCH: detected=93.93Hz filtered=1 peak=0.03705
2025-12-26 02:15:09 [detection] LOW E RAW PITCH: detected=93.93Hz filtered=1 peak=0.04131
2025-12-26 02:15:09 [detection] LOW E RAW PITCH: detected=93.93Hz filtered=1 peak=0.02782
2025-12-26 02:15:09 [detection] LOW E RAW PITCH: detected=93.93Hz filtered=1 peak=0.10436
2025-12-26 02:15:09 [detection] LOW E RAW PITCH: detected=131.88Hz filtered=1 peak=0.10480
2025-12-26 02:15:09 [detection] LOW E RAW PITCH: detected=93.93Hz filtered=1 peak=0.04042
2025-12-26 02:15:09 [detection] LOW E RAW PITCH: detected=93.93Hz filtered=1 peak=0.04125
2025-12-26 02:15:09 [detection] LOW E RAW PITCH: detected=93.93Hz filtered=1 peak=0.05888
2025-12-26 02:15:09 [detection] LOW E RAW PITCH: detected=113.89Hz filtered=1 peak=0.10299
2025-12-26 02:15:09 [detection] LOW E RAW PITCH: detected=93.93Hz filtered=1 peak=0.04926
2025-12-26 02:15:09 [detection] LOW E RAW PITCH: detected=93.93Hz filtered=1 peak=0.04079
2025-12-26 02:15:09 [detection] LOW E RAW PITCH: detected=93.93Hz filtered=1 peak=0.03225
2025-12-26 02:15:09 [detection] LOW E RAW PITCH: detected=93.93Hz filtered=1 peak=0.08812
2025-12-26 02:15:09 [detection] LOW E RAW PITCH: detected=126.88Hz filtered=1 peak=0.10172
2025-12-26 02:15:09 [detection] LOW E RAW PITCH: detected=93.93Hz filtered=1 peak=0.03954
2025-12-26 02:15:09 [detection] LOW E RAW PITCH: detected=93.93Hz filtered=1 peak=0.04160
2025-12-26 02:15:09 [detection] LOW E RAW PITCH: detected=93.93Hz filtered=1 peak=0.05603
2025-12-26 02:15:09 [detection] LOW E RAW PITCH: detected=110.55Hz filtered=1 peak=0.10086
2025-12-26 02:15:09 [detection] LOW E RAW PITCH: detected=148.27Hz filtered=1 peak=0.07144
2025-12-26 02:15:09 [detection] LOW E RAW PITCH: detected=93.93Hz filtered=1 peak=0.04213
2025-12-26 02:15:09 [detection] LOW E RAW PITCH: detected=93.93Hz filtered=1 peak=0.03895
2025-12-26 02:15:09 [detection] LOW E RAW PITCH: detected=93.93Hz filtered=1 peak=0.05593
2025-12-26 02:15:09 [detection] LOW E RAW PITCH: detected=122.56Hz filtered=1 peak=0.09945
2025-12-26 02:15:09 [detection] LOW E RAW PITCH: detected=93.93Hz filtered=1 peak=0.03795
2025-12-26 02:15:09 [detection] LOW E RAW PITCH: detected=93.93Hz filtered=1 peak=0.04193
2025-12-26 02:15:09 [detection] LOW E RAW PITCH: detected=93.93Hz filtered=1 peak=0.03908
2025-12-26 02:15:09 [detection] LOW E RAW PITCH: detected=93.93Hz filtered=1 peak=0.09811
2025-12-26 02:15:09 [detection] LOW E RAW PITCH: detected=140.06Hz filtered=1 peak=0.08888
2025-12-26 02:15:09 [detection] LOW E RAW PITCH: detected=93.93Hz filtered=1 peak=0.04200
2025-12-26 02:15:09 [detection] LOW E RAW PITCH: detected=93.93Hz filtered=1 peak=0.04166
2025-12-26 02:15:09 [detection] LOW E RAW PITCH: detected=93.93Hz filtered=1 peak=0.05521
2025-12-26 02:15:09 [detection] LOW E RAW PITCH: detected=118.74Hz filtered=1 peak=0.09727
2025-12-26 02:15:09 [detection] LOW E RAW PITCH: detected=93.93Hz filtered=1 peak=0.03716
2025-12-26 02:15:09 [detection] LOW E RAW PITCH: detected=93.93Hz filtered=1 peak=0.04257
2025-12-26 02:15:09 [detection] LOW E RAW PITCH: detected=93.93Hz filtered=1 peak=0.02945
2025-12-26 02:15:09 [detection] LOW E RAW PITCH: detected=93.93Hz filtered=1 peak=0.09725
2025-12-26 02:15:09 [detection] LOW E RAW PITCH: detected=133.97Hz filtered=1 peak=0.09713
2025-12-26 02:15:09 [detection] LOW E RAW PITCH: detected=93.93Hz filtered=1 peak=0.04204
2025-12-26 02:15:09 [detection] LOW E RAW PITCH: detected=93.93Hz filtered=1 peak=0.04246
2025-12-26 02:15:09 [detection] LOW E RAW PITCH: detected=93.93Hz filtered=1 peak=0.05425
2025-12-26 02:15:09 [detection] LOW E RAW PITCH: detected=115.05Hz filtered=1 peak=0.09623
2025-12-26 02:15:09 [detection] LOW E RAW PITCH: detected=93.93Hz filtered=1 peak=0.04102
2025-12-26 02:15:09 [detection] LOW E RAW PITCH: detected=93.93Hz filtered=1 peak=0.04208
2025-12-26 02:15:09 [detection] LOW E RAW PITCH: detected=93.93Hz filtered=1 peak=0.02948
2025-12-26 02:15:09 [detection] LOW E RAW PITCH: detected=93.93Hz filtered=1 peak=0.08812
2025-12-26 02:15:09 [detection] LOW E RAW PITCH: detected=128.51Hz filtered=1 peak=0.09541
2025-12-26 02:15:09 [detection] LOW E RAW PITCH: detected=93.93Hz filtered=1 peak=0.04009
2025-12-26 02:15:09 [detection] LOW E RAW PITCH: detected=93.93Hz filtered=1 peak=0.04222
2025-12-26 02:15:09 [detection] LOW E RAW PITCH: detected=93.93Hz filtered=1 peak=0.05277
2025-12-26 02:15:09 [detection] LOW E RAW PITCH: detected=111.62Hz filtered=1 peak=0.09512
2025-12-26 02:15:09 [detection] LOW E RAW PITCH: detected=151.14Hz filtered=1 peak=0.06152
2025-12-26 02:15:09 [detection] LOW E RAW PITCH: detected=93.93Hz filtered=1 peak=0.04292
2025-12-26 02:15:09 [detection] LOW E RAW PITCH: detected=93.93Hz filtered=1 peak=0.03475
2025-12-26 02:15:09 [detection] LOW E RAW PITCH: detected=93.93Hz filtered=1 peak=0.06364
2025-12-26 02:15:09 [detection] LOW E RAW PITCH: detected=124.08Hz filtered=1 peak=0.09468
2025-12-26 02:15:09 [detection] LOW E RAW PITCH: detected=93.93Hz filtered=1 peak=0.03807
2025-12-26 02:15:09 [detection] LOW E RAW PITCH: detected=93.93Hz filtered=1 peak=0.04214
2025-12-26 02:15:09 [detection] LOW E RAW PITCH: detected=93.93Hz filtered=1 peak=0.04625
2025-12-26 02:15:09 [detection] LOW E RAW PITCH: detected=93.93Hz filtered=1 peak=0.09361
2025-12-26 02:15:09 [detection] LOW E RAW PITCH: detected=142.75Hz filtered=1 peak=0.07965
2025-12-26 02:15:09 [detection] LOW E RAW PITCH: detected=93.93Hz filtered=1 peak=0.04182
2025-12-26 02:15:09 [detection] LOW E RAW PITCH: detected=93.93Hz filtered=1 peak=0.03927
2025-12-26 02:15:09 [detection] LOW E RAW PITCH: detected=93.93Hz filtered=1 peak=0.05307
2025-12-26 02:15:09 [detection] LOW E RAW PITCH: detected=119.98Hz filtered=1 peak=0.09265
2025-12-26 02:15:09 [detection] LOW E RAW PITCH: detected=93.93Hz filtered=1 peak=0.03696
2025-12-26 02:15:09 [detection] LOW E RAW PITCH: detected=93.93Hz filtered=1 peak=0.04252
2025-12-26 02:15:09 [detection] LOW E RAW PITCH: detected=93.93Hz filtered=1 peak=0.02959
2025-12-26 02:15:09 [detection] LOW E RAW PITCH: detected=93.93Hz filtered=1 peak=0.09265
2025-12-26 02:15:09 [detection] LOW E RAW PITCH: detected=136.32Hz filtered=1 peak=0.09095
2025-12-26 02:15:09 [detection] LOW E RAW PITCH: detected=93.93Hz filtered=1 peak=0.04270
2025-12-26 02:15:09 [detection] LOW E RAW PITCH: detected=93.93Hz filtered=1 peak=0.04256
2025-12-26 02:15:09 [detection] LOW E RAW PITCH: detected=93.93Hz filtered=1 peak=0.05148
2025-12-26 02:15:09 [detection] LOW E RAW PITCH: detected=116.12Hz filtered=1 peak=0.09177
2025-12-26 02:15:09 [detection] LOW E RAW PITCH: detected=93.93Hz filtered=1 peak=0.03490
2025-12-26 02:15:09 [detection] LOW E RAW PITCH: detected=93.93Hz filtered=1 peak=0.04215
2025-12-26 02:15:09 [detection] LOW E RAW PITCH: detected=93.93Hz filtered=1 peak=0.02870
2025-12-26 02:15:09 [detection] LOW E RAW PITCH: detected=93.93Hz filtered=1 peak=0.08829
2025-12-26 02:15:09 [detection] LOW E RAW PITCH: detected=130.56Hz filtered=1 peak=0.09090
2025-12-26 02:15:09 [detection] LOW E RAW PITCH: detected=93.93Hz filtered=1 peak=0.04123
2025-12-26 02:15:09 [detection] LOW E RAW PITCH: detected=93.93Hz filtered=1 peak=0.04199
2025-12-26 02:15:09 [detection] LOW E RAW PITCH: detected=93.93Hz filtered=1 peak=0.05022
2025-12-26 02:15:09 [detection] LOW E RAW PITCH: detected=112.54Hz filtered=1 peak=0.09019
2025-12-26 02:15:09 [detection] LOW E RAW PITCH: detected=154.16Hz filtered=1 peak=0.05352
2025-12-26 02:15:09 [detection] LOW E RAW PITCH: detected=93.93Hz filtered=1 peak=0.04214
2025-12-26 02:15:09 [detection] LOW E RAW PITCH: detected=93.93Hz filtered=1 peak=0.02904
2025-12-26 02:15:09 [detection] LOW E RAW PITCH: detected=93.93Hz filtered=1 peak=0.07039
2025-12-26 02:15:09 [detection] LOW E RAW PITCH: detected=125.75Hz filtered=1 peak=0.09040
2025-12-26 02:15:09 [detection] LOW E RAW PITCH: detected=93.93Hz filtered=1 peak=0.03943
2025-12-26 02:15:09 [detection] LOW E RAW PITCH: detected=93.93Hz filtered=1 peak=0.04245
2025-12-26 02:15:09 [detection] LOW E RAW PITCH: detected=93.93Hz filtered=1 peak=0.04812
2025-12-26 02:15:09 [detection] LOW E RAW PITCH: detected=93.93Hz filtered=1 peak=0.08956
2025-12-26 02:15:09 [detection] LOW E RAW PITCH: detected=145.40Hz filtered=1 peak=0.07281
2025-12-26 02:15:09 [detection] LOW E RAW PITCH: detected=93.93Hz filtered=1 peak=0.04169
2025-12-26 02:15:09 [detection] LOW E RAW PITCH: detected=93.93Hz filtered=1 peak=0.03525
2025-12-26 02:15:09 [detection] LOW E RAW PITCH: detected=93.93Hz filtered=1 peak=0.04947
2025-12-26 02:15:09 [detection] LOW E RAW PITCH: detected=121.09Hz filtered=1 peak=0.08853
2025-12-26 02:15:09 [detection] LOW E RAW PITCH: detected=93.93Hz filtered=1 peak=0.03651
2025-12-26 02:15:09 [detection] LOW E RAW PITCH: detected=93.93Hz filtered=1 peak=0.04170
2025-12-26 02:15:09 [detection] LOW E RAW PITCH: detected=93.93Hz filtered=1 peak=0.02932
2025-12-26 02:15:09 [detection] LOW E RAW PITCH: detected=93.93Hz filtered=1 peak=0.08852
2025-12-26 02:15:09 [detection] LOW E RAW PITCH: detected=138.37Hz filtered=1 peak=0.08550
2025-12-26 02:15:09 [detection] LOW E RAW PITCH: detected=93.93Hz filtered=1 peak=0.04205
2025-12-26 02:15:09 [detection] LOW E RAW PITCH: detected=93.93Hz filtered=1 peak=0.04030
2025-12-26 02:15:09 [detection] LOW E RAW PITCH: detected=93.93Hz filtered=1 peak=0.04881
2025-12-26 02:15:09 [detection] LOW E RAW PITCH: detected=117.09Hz filtered=1 peak=0.08831
2025-12-26 02:15:09 [detection] LOW E RAW PITCH: detected=93.93Hz filtered=1 peak=0.03452
2025-12-26 02:15:09 [detection] LOW E RAW PITCH: detected=93.93Hz filtered=1 peak=0.04161
2025-12-26 02:15:09 [detection] LOW E RAW PITCH: detected=93.93Hz filtered=1 peak=0.02744
2025-12-26 02:15:09 [detection] LOW E RAW PITCH: detected=93.93Hz filtered=1 peak=0.08674
2025-12-26 02:15:09 [detection] LOW E RAW PITCH: detected=132.16Hz filtered=1 peak=0.08786
2025-12-26 02:15:09 [detection] LOW E RAW PITCH: detected=93.93Hz filtered=1 peak=0.04096
2025-12-26 02:15:09 [detection] LOW E RAW PITCH: detected=93.93Hz filtered=1 peak=0.04100
2025-12-26 02:15:09 [detection] LOW E RAW PITCH: detected=93.93Hz filtered=1 peak=0.04819
2025-12-26 02:15:09 [detection] LOW E RAW PITCH: detected=113.19Hz filtered=1 peak=0.08692
2025-12-26 02:15:09 [detection] LOW E RAW PITCH: detected=93.93Hz filtered=1 peak=0.04782
2025-12-26 02:15:09 [detection] LOW E RAW PITCH: detected=93.93Hz filtered=1 peak=0.04102
2025-12-26 02:15:09 [detection] LOW E RAW PITCH: detected=93.93Hz filtered=1 peak=0.02780
2025-12-26 02:15:09 [detection] LOW E RAW PITCH: detected=93.93Hz filtered=1 peak=0.07218
2025-12-26 02:15:09 [detection] LOW E RAW PITCH: detected=126.85Hz filtered=1 peak=0.08648
2025-12-26 02:15:09 [detection] LOW E RAW PITCH: detected=93.93Hz filtered=1 peak=0.03965
2025-12-26 02:15:09 [detection] LOW E RAW PITCH: detected=93.93Hz filtered=1 peak=0.04155
2025-12-26 02:15:09 [detection] LOW E RAW PITCH: detected=93.93Hz filtered=1 peak=0.04713
2025-12-26 02:15:09 [detection] LOW E RAW PITCH: detected=109.26Hz filtered=1 peak=0.08632
2025-12-26 02:15:09 [detection] LOW E RAW PITCH: detected=147.32Hz filtered=1 peak=0.06712
2025-12-26 02:15:09 [detection] LOW E RAW PITCH: detected=93.93Hz filtered=1 peak=0.04130
2025-12-26 02:15:09 [detection] LOW E RAW PITCH: detected=93.93Hz filtered=1 peak=0.03116
2025-12-26 02:15:09 [detection] LOW E RAW PITCH: detected=93.93Hz filtered=1 peak=0.04740
2025-12-26 02:15:09 [detection] LOW E RAW PITCH: detected=122.05Hz filtered=1 peak=0.08566
2025-12-26 02:15:09 [detection] LOW E RAW PITCH: detected=93.93Hz filtered=1 peak=0.03600
2025-12-26 02:15:09 [detection] LOW E RAW PITCH: detected=93.93Hz filtered=1 peak=0.04079
2025-12-26 02:15:09 [detection] LOW E RAW PITCH: detected=93.93Hz filtered=1 peak=0.03503
2025-12-26 02:15:09 [detection] LOW E RAW PITCH: detected=93.93Hz filtered=1 peak=0.08473
2025-12-26 02:15:09 [detection] LOW E RAW PITCH: detected=139.85Hz filtered=1 peak=0.07983
2025-12-26 02:15:09 [detection] LOW E RAW PITCH: detected=93.93Hz filtered=1 peak=0.04098
2025-12-26 02:15:09 [detection] LOW E RAW PITCH: detected=93.93Hz filtered=1 peak=0.03645
2025-12-26 02:15:09 [detection] LOW E RAW PITCH: detected=93.93Hz filtered=1 peak=0.04541
2025-12-26 02:15:09 [detection] LOW E RAW PITCH: detected=117.90Hz filtered=1 peak=0.08461
2025-12-26 02:15:09 [detection] LOW E RAW PITCH: detected=93.93Hz filtered=1 peak=0.03395
2025-12-26 02:15:09 [detection] LOW E RAW PITCH: detected=93.93Hz filtered=1 peak=0.04093
2025-12-26 02:15:09 [detection] LOW E RAW PITCH: detected=93.93Hz filtered=1 peak=0.02606
2025-12-26 02:15:09 [detection] LOW E RAW PITCH: detected=93.93Hz filtered=1 peak=0.08411
2025-12-26 02:15:09 [detection] LOW E RAW PITCH: detected=133.85Hz filtered=1 peak=0.08423
2025-12-26 02:15:09 [detection] LOW E RAW PITCH: detected=93.93Hz filtered=1 peak=0.04021
2025-12-26 02:15:09 [detection] LOW E RAW PITCH: detected=93.93Hz filtered=1 peak=0.03961
2025-12-26 02:15:09 [detection] LOW E RAW PITCH: detected=93.93Hz filtered=1 peak=0.04530
2025-12-26 02:15:09 [detection] LOW E RAW PITCH: detected=113.94Hz filtered=1 peak=0.08345
2025-12-26 02:15:09 [detection] LOW E RAW PITCH: detected=93.93Hz filtered=1 peak=0.04152
2025-12-26 02:15:09 [detection] LOW E RAW PITCH: detected=93.93Hz filtered=1 peak=0.04012
2025-12-26 02:15:09 [detection] LOW E RAW PITCH: detected=93.93Hz filtered=1 peak=0.02591
2025-12-26 02:15:09 [detection] LOW E RAW PITCH: detected=93.93Hz filtered=1 peak=0.07443
2025-12-26 02:15:09 [detection] LOW E RAW PITCH: detected=128.40Hz filtered=1 peak=0.08314
2025-12-26 02:15:09 [detection] LOW E RAW PITCH: detected=93.93Hz filtered=1 peak=0.04035
2025-12-26 02:15:09 [detection] LOW E RAW PITCH: detected=93.93Hz filtered=1 peak=0.04065
2025-12-26 02:15:09 [detection] LOW E RAW PITCH: detected=93.93Hz filtered=1 peak=0.04387
2025-12-26 02:15:09 [detection] LOW E RAW PITCH: detected=110.19Hz filtered=1 peak=0.08292
2025-12-26 02:15:09 [detection] LOW E RAW PITCH: detected=150.02Hz filtered=1 peak=0.05929
2025-12-26 02:15:09 [detection] LOW E RAW PITCH: detected=93.93Hz filtered=1 peak=0.04007
2025-12-26 02:15:09 [detection] LOW E RAW PITCH: detected=93.93Hz filtered=1 peak=0.02748
2025-12-26 02:15:09 [detection] LOW E RAW PITCH: detected=93.93Hz filtered=1 peak=0.05134
2025-12-26 02:15:09 [detection] LOW E RAW PITCH: detected=123.38Hz filtered=1 peak=0.08189
2025-12-26 02:15:09 [detection] LOW E RAW PITCH: detected=93.93Hz filtered=1 peak=0.03650
2025-12-26 02:15:09 [detection] LOW E RAW PITCH: detected=93.93Hz filtered=1 peak=0.03946
2025-12-26 02:15:09 [detection] LOW E RAW PITCH: detected=93.93Hz filtered=1 peak=0.03892
2025-12-26 02:15:09 [detection] LOW E RAW PITCH: detected=93.93Hz filtered=1 peak=0.08116
2025-12-26 02:15:09 [detection] LOW E RAW PITCH: detected=142.09Hz filtered=1 peak=0.07279
2025-12-26 02:15:09 [detection] LOW E RAW PITCH: detected=93.93Hz filtered=1 peak=0.03920
2025-12-26 02:15:09 [detection] LOW E RAW PITCH: detected=93.93Hz filtered=1 peak=0.03169
2025-12-26 02:15:09 [detection] LOW E RAW PITCH: detected=93.93Hz filtered=1 peak=0.04321
2025-12-26 02:15:09 [detection] LOW E RAW PITCH: detected=119.16Hz filtered=1 peak=0.08083
2025-12-26 02:15:09 [detection] LOW E RAW PITCH: detected=93.93Hz filtered=1 peak=0.03332
2025-12-26 02:15:09 [detection] LOW E RAW PITCH: detected=93.93Hz filtered=1 peak=0.03947
2025-12-26 02:15:09 [detection] LOW E RAW PITCH: detected=93.93Hz filtered=1 peak=0.02494
2025-12-26 02:15:09 [detection] LOW E RAW PITCH: detected=93.93Hz filtered=1 peak=0.08053
2025-12-26 02:15:09 [detection] LOW E RAW PITCH: detected=135.78Hz filtered=1 peak=0.08025
2025-12-26 02:15:09 [detection] LOW E RAW PITCH: detected=93.93Hz filtered=1 peak=0.03921
2025-12-26 02:15:09 [detection] LOW E RAW PITCH: detected=93.93Hz filtered=1 peak=0.03656
2025-12-26 02:15:09 [detection] LOW E RAW PITCH: detected=93.93Hz filtered=1 peak=0.04240
2025-12-26 02:15:09 [detection] LOW E RAW PITCH: detected=114.96Hz filtered=1 peak=0.07973
2025-12-26 02:15:09 [detection] LOW E RAW PITCH: detected=93.93Hz filtered=1 peak=0.03524
2025-12-26 02:15:09 [detection] LOW E RAW PITCH: detected=93.93Hz filtered=1 peak=0.03873
2025-12-26 02:15:09 [detection] LOW E RAW PITCH: detected=93.93Hz filtered=1 peak=0.02477
2025-12-26 02:15:09 [detection] LOW E RAW PITCH: detected=93.93Hz filtered=1 peak=0.07425
2025-12-26 02:15:09 [detection] LOW E RAW PITCH: detected=129.86Hz filtered=1 peak=0.07890
2025-12-26 02:15:09 [detection] LOW E RAW PITCH: detected=93.93Hz filtered=1 peak=0.03868
2025-12-26 02:15:09 [detection] LOW E RAW PITCH: detected=93.93Hz filtered=1 peak=0.03861
2025-12-26 02:15:09 [detection] LOW E RAW PITCH: detected=93.93Hz filtered=1 peak=0.04114
2025-12-26 02:15:09 [detection] LOW E RAW PITCH: detected=111.17Hz filtered=1 peak=0.07890
2025-12-26 02:15:09 [detection] LOW E RAW PITCH: detected=93.93Hz filtered=1 peak=0.05191
2025-12-26 02:15:09 [detection] LOW E RAW PITCH: detected=93.93Hz filtered=1 peak=0.03896
2025-12-26 02:15:09 [detection] LOW E RAW PITCH: detected=93.93Hz filtered=1 peak=0.02580
2025-12-26 02:15:09 [detection] LOW E RAW PITCH: detected=93.93Hz filtered=1 peak=0.05593
2025-12-26 02:15:09 [detection] LOW E RAW PITCH: detected=124.69Hz filtered=1 peak=0.07827
2025-12-26 02:15:09 [detection] LOW E RAW PITCH: detected=93.93Hz filtered=1 peak=0.03675
2025-12-26 02:15:09 [detection] LOW E RAW PITCH: detected=93.93Hz filtered=1 peak=0.03809
2025-12-26 02:15:09 [detection] LOW E RAW PITCH: detected=93.93Hz filtered=1 peak=0.03986
2025-12-26 02:15:09 [detection] LOW E RAW PITCH: detected=93.93Hz filtered=1 peak=0.07767
2025-12-26 02:15:09 [detection] LOW E RAW PITCH: detected=144.01Hz filtered=1 peak=0.06661
2025-12-26 02:15:09 [detection] LOW E RAW PITCH: detected=93.93Hz filtered=1 peak=0.03799
2025-12-26 02:15:09 [detection] LOW E RAW PITCH: detected=93.93Hz filtered=1 peak=0.02833
2025-12-26 02:15:09 [detection] LOW E RAW PITCH: detected=93.93Hz filtered=1 peak=0.04009
2025-12-26 02:15:09 [detection] LOW E RAW PITCH: detected=120.09Hz filtered=1 peak=0.07716
2025-12-26 02:15:09 [detection] LOW E RAW PITCH: detected=93.93Hz filtered=1 peak=0.03412
2025-12-26 02:15:09 [detection] LOW E RAW PITCH: detected=93.93Hz filtered=1 peak=0.03856
2025-12-26 02:15:09 [detection] LOW E RAW PITCH: detected=93.93Hz filtered=1 peak=0.02448
2025-12-26 02:15:09 [detection] LOW E RAW PITCH: detected=93.93Hz filtered=1 peak=0.07707
2025-12-26 02:15:09 [detection] LOW E RAW PITCH: detected=137.36Hz filtered=1 peak=0.07574
2025-12-26 02:15:09 [detection] LOW E RAW PITCH: detected=93.93Hz filtered=1 peak=0.03826
2025-12-26 02:15:09 [detection] LOW E RAW PITCH: detected=93.93Hz filtered=1 peak=0.03327
2025-12-26 02:15:09 [detection] LOW E RAW PITCH: detected=93.93Hz filtered=1 peak=0.03983
2025-12-26 02:15:09 [detection] LOW E RAW PITCH: detected=115.77Hz filtered=1 peak=0.07606
2025-12-26 02:15:09 [detection] LOW E RAW PITCH: detected=93.93Hz filtered=1 peak=0.03124
2025-12-26 02:15:09 [detection] LOW E RAW PITCH: detected=93.93Hz filtered=1 peak=0.03739
2025-12-26 02:15:09 [detection] LOW E RAW PITCH: detected=93.93Hz filtered=1 peak=0.02380
2025-12-26 02:15:09 [detection] LOW E RAW PITCH: detected=93.93Hz filtered=1 peak=0.07379
2025-12-26 02:15:09 [detection] LOW E RAW PITCH: detected=131.21Hz filtered=1 peak=0.07569
2025-12-26 02:15:09 [detection] LOW E RAW PITCH: detected=93.93Hz filtered=1 peak=0.03759
2025-12-26 02:15:09 [detection] LOW E RAW PITCH: detected=93.93Hz filtered=1 peak=0.03635
2025-12-26 02:15:09 [detection] LOW E RAW PITCH: detected=93.93Hz filtered=1 peak=0.03835
2025-12-26 02:15:09 [detection] LOW E RAW PITCH: detected=112.01Hz filtered=1 peak=0.07516
2025-12-26 02:15:09 [detection] LOW E RAW PITCH: detected=93.93Hz filtered=1 peak=0.04573
2025-12-26 02:15:09 [detection] LOW E RAW PITCH: detected=93.93Hz filtered=1 peak=0.03780
2025-12-26 02:15:09 [detection] LOW E RAW PITCH: detected=93.93Hz filtered=1 peak=0.02515
2025-12-26 02:15:09 [detection] LOW E RAW PITCH: detected=93.93Hz filtered=1 peak=0.06022
2025-12-26 02:15:09 [detection] LOW E RAW PITCH: detected=126.03Hz filtered=1 peak=0.07509
2025-12-26 02:15:09 [detection] LOW E RAW PITCH: detected=93.93Hz filtered=1 peak=0.03728
2025-12-26 02:15:09 [detection] LOW E RAW PITCH: detected=93.93Hz filtered=1 peak=0.03736
2025-12-26 02:15:09 [detection] LOW E RAW PITCH: detected=93.93Hz filtered=1 peak=0.03777
2025-12-26 02:15:09 [detection] LOW E RAW PITCH: detected=93.93Hz filtered=1 peak=0.07437
2025-12-26 02:15:09 [detection] LOW E RAW PITCH: detected=93.93Hz filtered=1 peak=0.06000
2025-12-26 02:15:09 [detection] LOW E RAW PITCH: detected=93.93Hz filtered=1 peak=0.03670
2025-12-26 02:15:09 [detection] LOW E RAW PITCH: detected=93.93Hz filtered=1 peak=0.02605
2025-12-26 02:15:09 [detection] LOW E RAW PITCH: detected=93.93Hz filtered=1 peak=0.03729
2025-12-26 02:15:09 [detection] LOW E RAW PITCH: detected=121.16Hz filtered=1 peak=0.07326
2025-12-26 02:15:09 [detection] LOW E RAW PITCH: detected=93.93Hz filtered=1 peak=0.03451
2025-12-26 02:15:09 [detection] LOW E RAW PITCH: detected=93.93Hz filtered=1 peak=0.03651
2025-12-26 02:15:09 [detection] LOW E RAW PITCH: detected=93.93Hz filtered=1 peak=0.02884
2025-12-26 02:15:09 [detection] LOW E RAW PITCH: detected=93.93Hz filtered=1 peak=0.07300
2025-12-26 02:15:09 [detection] LOW E RAW PITCH: detected=139.17Hz filtered=1 peak=0.06995
2025-12-26 02:15:09 [detection] LOW E RAW PITCH: detected=93.93Hz filtered=1 peak=0.03712
2025-12-26 02:15:09 [detection] LOW E RAW PITCH: detected=93.93Hz filtered=1 peak=0.03047
2025-12-26 02:15:09 [detection] LOW E RAW PITCH: detected=93.93Hz filtered=1 peak=0.03706
2025-12-26 02:15:09 [detection] LOW E RAW PITCH: detected=116.87Hz filtered=1 peak=0.07257
2025-12-26 02:15:09 [detection] LOW E RAW PITCH: detected=93.93Hz filtered=1 peak=0.03029
2025-12-26 02:15:09 [detection] LOW E RAW PITCH: detected=93.93Hz filtered=1 peak=0.03634
2025-12-26 02:15:09 [detection] LOW E RAW PITCH: detected=93.93Hz filtered=1 peak=0.02403
2025-12-26 02:15:09 [detection] LOW E RAW PITCH: detected=93.93Hz filtered=1 peak=0.07152
2025-12-26 02:15:09 [detection] LOW E RAW PITCH: detected=132.46Hz filtered=1 peak=0.07210
2025-12-26 02:15:09 [detection] LOW E RAW PITCH: detected=93.93Hz filtered=1 peak=0.03626
2025-12-26 02:15:09 [detection] LOW E RAW PITCH: detected=93.93Hz filtered=1 peak=0.03360
2025-12-26 02:15:09 [detection] LOW E RAW PITCH: detected=93.93Hz filtered=1 peak=0.03678
2025-12-26 02:15:09 [detection] LOW E RAW PITCH: detected=112.62Hz filtered=1 peak=0.07184
2025-12-26 02:15:09 [detection] LOW E RAW PITCH: detected=93.93Hz filtered=1 peak=0.04209
2025-12-26 02:15:09 [detection] LOW E RAW PITCH: detected=93.93Hz filtered=1 peak=0.03665
2025-12-26 02:15:09 [detection] LOW E RAW PITCH: detected=93.93Hz filtered=1 peak=0.02485
2025-12-26 02:15:09 [detection] LOW E RAW PITCH: detected=93.93Hz filtered=1 peak=0.06090
2025-12-26 02:15:09 [detection] LOW E RAW PITCH: detected=126.92Hz filtered=1 peak=0.07155
2025-12-26 02:15:09 [detection] LOW E RAW PITCH: detected=93.93Hz filtered=1 peak=0.03637
2025-12-26 02:15:09 [detection] LOW E RAW PITCH: detected=93.93Hz filtered=1 peak=0.03626
2025-12-26 02:15:09 [detection] LOW E RAW PITCH: detected=93.93Hz filtered=1 peak=0.03540
2025-12-26 02:15:09 [detection] LOW E RAW PITCH: detected=93.93Hz filtered=1 peak=0.07093
2025-12-26 02:15:09 [detection] LOW E RAW PITCH: detected=93.93Hz filtered=1 peak=0.05562
2025-12-26 02:15:09 [detection] LOW E RAW PITCH: detected=93.93Hz filtered=1 peak=0.03614
2025-12-26 02:15:09 [detection] LOW E RAW PITCH: detected=93.93Hz filtered=1 peak=0.02541
2025-12-26 02:15:09 [detection] LOW E RAW PITCH: detected=93.93Hz filtered=1 peak=0.03663
2025-12-26 02:15:09 [detection] LOW E RAW PITCH: detected=121.63Hz filtered=1 peak=0.07016
2025-12-26 02:15:09 [detection] LOW E RAW PITCH: detected=93.93Hz filtered=1 peak=0.03488
2025-12-26 02:15:09 [detection] LOW E RAW PITCH: detected=93.93Hz filtered=1 peak=0.03589
2025-12-26 02:15:09 [detection] LOW E RAW PITCH: detected=93.93Hz filtered=1 peak=0.02947
2025-12-26 02:15:09 [detection] LOW E RAW PITCH: detected=93.93Hz filtered=1 peak=0.06982
2025-12-26 02:15:09 [detection] LOW E RAW PITCH: detected=139.84Hz filtered=1 peak=0.06595
2025-12-26 02:15:09 [detection] LOW E RAW PITCH: detected=93.93Hz filtered=1 peak=0.03588
2025-12-26 02:15:09 [detection] LOW E RAW PITCH: detected=93.93Hz filtered=1 peak=0.02794
2025-12-26 02:15:09 [detection] LOW E RAW PITCH: detected=93.93Hz filtered=1 peak=0.03490
2025-12-26 02:15:09 [detection] LOW E RAW PITCH: detected=117.10Hz filtered=1 peak=0.06982
2025-12-26 02:15:09 [detection] LOW E RAW PITCH: detected=93.93Hz filtered=1 peak=0.03122
2025-12-26 02:15:09 [detection] LOW E RAW PITCH: detected=93.93Hz filtered=1 peak=0.03563
2025-12-26 02:15:09 [detection] LOW E RAW PITCH: detected=93.93Hz filtered=1 peak=0.02380
2025-12-26 02:15:09 [detection] LOW E RAW PITCH: detected=93.93Hz filtered=1 peak=0.06886
2025-12-26 02:15:09 [detection] LOW E RAW PITCH: detected=132.92Hz filtered=1 peak=0.06906
2025-12-26 02:15:09 [detection] LOW E RAW PITCH: detected=93.93Hz filtered=1 peak=0.03534
2025-12-26 02:15:09 [detection] LOW E RAW PITCH: detected=93.93Hz filtered=1 peak=0.03171
2025-12-26 02:15:09 [detection] LOW E RAW PITCH: detected=93.93Hz filtered=1 peak=0.03455
2025-12-26 02:15:09 [detection] LOW E RAW PITCH: detected=93.93Hz filtered=1 peak=0.06829
2025-12-26 02:15:09 [detection] LOW E RAW PITCH: detected=93.93Hz filtered=1 peak=0.04048
2025-12-26 02:15:09 [detection] LOW E RAW PITCH: detected=93.93Hz filtered=1 peak=0.03553
2025-12-26 02:15:09 [detection] LOW E RAW PITCH: detected=93.93Hz filtered=1 peak=0.02475
2025-12-26 02:15:09 [detection] LOW E RAW PITCH: detected=93.93Hz filtered=1 peak=0.05956
2025-12-26 02:15:09 [detection] LOW E RAW PITCH: detected=127.08Hz filtered=1 peak=0.06813
2025-12-26 02:15:09 [detection] LOW E RAW PITCH: detected=93.93Hz filtered=1 peak=0.03572
2025-12-26 02:15:09 [detection] LOW E RAW PITCH: detected=93.93Hz filtered=1 peak=0.03512
2025-12-26 02:15:09 [detection] LOW E RAW PITCH: detected=93.93Hz filtered=1 peak=0.03404
2025-12-26 02:15:09 [detection] LOW E RAW PITCH: detected=93.93Hz filtered=1 peak=0.06798
2025-12-26 02:15:09 [detection] LOW E RAW PITCH: detected=93.93Hz filtered=1 peak=0.05374
2025-12-26 02:15:09 [detection] LOW E RAW PITCH: detected=93.93Hz filtered=1 peak=0.03507
2025-12-26 02:15:09 [detection] LOW E RAW PITCH: detected=93.93Hz filtered=1 peak=0.02515
2025-12-26 02:15:09 [detection] LOW E RAW PITCH: detected=93.93Hz filtered=1 peak=0.03801
2025-12-26 02:15:09 [detection] LOW E RAW PITCH: detected=121.79Hz filtered=1 peak=0.06704
2025-12-26 02:15:09 [detection] LOW E RAW PITCH: detected=93.93Hz filtered=1 peak=0.03447
2025-12-26 02:15:09 [detection] LOW E RAW PITCH: detected=93.93Hz filtered=1 peak=0.03482
2025-12-26 02:15:09 [detection] LOW E RAW PITCH: detected=93.93Hz filtered=1 peak=0.02931
2025-12-26 02:15:09 [detection] LOW E RAW PITCH: detected=93.93Hz filtered=1 peak=0.06621
2025-12-26 02:15:09 [detection] LOW E RAW PITCH: detected=93.93Hz filtered=1 peak=0.06215
2025-12-26 02:15:09 [detection] LOW E RAW PITCH: detected=93.93Hz filtered=1 peak=0.03471
2025-12-26 02:15:09 [detection] LOW E RAW PITCH: detected=93.93Hz filtered=1 peak=0.02653
2025-12-26 02:15:09 [detection] LOW E RAW PITCH: detected=93.93Hz filtered=1 peak=0.03287
2025-12-26 02:15:09 [detection] LOW E RAW PITCH: detected=117.27Hz filtered=1 peak=0.06633
2025-12-26 02:15:09 [detection] LOW E RAW PITCH: detected=93.93Hz filtered=1 peak=0.03150
2025-12-26 02:15:09 [detection] LOW E RAW PITCH: detected=93.93Hz filtered=1 peak=0.03472
2025-12-26 02:15:09 [detection] LOW E RAW PITCH: detected=93.93Hz filtered=1 peak=0.02407
2025-12-26 02:15:09 [detection] LOW E RAW PITCH: detected=93.93Hz filtered=1 peak=0.06572
2025-12-26 02:15:09 [detection] LOW E RAW PITCH: detected=133.01Hz filtered=1 peak=0.06579
2025-12-26 02:15:09 [detection] LOW E RAW PITCH: detected=93.93Hz filtered=1 peak=0.03440
2025-12-26 02:15:09 [detection] LOW E RAW PITCH: detected=93.93Hz filtered=1 peak=0.03000
2025-12-26 02:15:09 [detection] LOW E RAW PITCH: detected=93.93Hz filtered=1 peak=0.03332
2025-12-26 02:15:09 [detection] LOW E RAW PITCH: detected=93.93Hz filtered=1 peak=0.06471
2025-12-26 02:15:09 [detection] LOW E RAW PITCH: detected=93.93Hz filtered=1 peak=0.04000
2025-12-26 02:15:09 [detection] LOW E RAW PITCH: detected=93.93Hz filtered=1 peak=0.03417
2025-12-26 02:15:09 [detection] LOW E RAW PITCH: detected=93.93Hz filtered=1 peak=0.02498
2025-12-26 02:15:09 [detection] LOW E RAW PITCH: detected=93.93Hz filtered=1 peak=0.05774
2025-12-26 02:15:09 [detection] LOW E RAW PITCH: detected=127.15Hz filtered=1 peak=0.06462
2025-12-26 02:15:09 [detection] LOW E RAW PITCH: detected=93.93Hz filtered=1 peak=0.03435
2025-12-26 02:15:09 [detection] LOW E RAW PITCH: detected=93.93Hz filtered=1 peak=0.03322
2025-12-26 02:15:09 [detection] LOW E RAW PITCH: detected=93.93Hz filtered=1 peak=0.03236
2025-12-26 02:15:09 [detection] LOW E RAW PITCH: detected=93.93Hz filtered=1 peak=0.06451
2025-12-26 02:15:09 [detection] LOW E RAW PITCH: detected=93.93Hz filtered=1 peak=0.05151
2025-12-26 02:15:09 [detection] LOW E RAW PITCH: detected=93.93Hz filtered=1 peak=0.03402
2025-12-26 02:15:09 [detection] LOW E RAW PITCH: detected=93.93Hz filtered=1 peak=0.02570
2025-12-26 02:15:09 [detection] LOW E RAW PITCH: detected=93.93Hz filtered=1 peak=0.03880
2025-12-26 02:15:09 [detection] LOW E RAW PITCH: detected=121.72Hz filtered=1 peak=0.06375
2025-12-26 02:15:09 [detection] LOW E RAW PITCH: detected=93.93Hz filtered=1 peak=0.03329
2025-12-26 02:15:09 [detection] LOW E RAW PITCH: detected=93.93Hz filtered=1 peak=0.03336
2025-12-26 02:15:09 [detection] LOW E RAW PITCH: detected=93.93Hz filtered=1 peak=0.02938
2025-12-26 02:15:09 [detection] LOW E RAW PITCH: detected=93.93Hz filtered=1 peak=0.06299
2025-12-26 02:15:09 [detection] LOW E RAW PITCH: detected=93.93Hz filtered=1 peak=0.05929
2025-12-26 02:15:09 [detection] LOW E RAW PITCH: detected=93.93Hz filtered=1 peak=0.03338
2025-12-26 02:15:09 [detection] LOW E RAW PITCH: detected=93.93Hz filtered=1 peak=0.02553
2025-12-26 02:15:09 [detection] LOW E RAW PITCH: detected=93.93Hz filtered=1 peak=0.03147
2025-12-26 02:15:09 [detection] LOW E RAW PITCH: detected=117.15Hz filtered=1 peak=0.06273
2025-12-26 02:15:09 [detection] LOW E RAW PITCH: detected=93.93Hz filtered=1 peak=0.03158
2025-12-26 02:15:09 [detection] LOW E RAW PITCH: detected=93.93Hz filtered=1 peak=0.03393
2025-12-26 02:15:09 [detection] LOW E RAW PITCH: detected=93.93Hz filtered=1 peak=0.02343
2025-12-26 02:15:09 [detection] LOW E RAW PITCH: detected=93.93Hz filtered=1 peak=0.06267
2025-12-26 02:15:09 [detection] LOW E RAW PITCH: detected=133.13Hz filtered=1 peak=0.06270
2025-12-26 02:15:09 [detection] LOW E RAW PITCH: detected=93.93Hz filtered=1 peak=0.03357
2025-12-26 02:15:09 [detection] LOW E RAW PITCH: detected=93.93Hz filtered=1 peak=0.02830
2025-12-26 02:15:09 [detection] LOW E RAW PITCH: detected=93.93Hz filtered=1 peak=0.03158
2025-12-26 02:15:09 [detection] LOW E RAW PITCH: detected=93.93Hz filtered=1 peak=0.06180
2025-12-26 02:15:09 [detection] LOW E RAW PITCH: detected=93.93Hz filtered=1 peak=0.03898
2025-12-26 02:15:09 [detection] LOW E RAW PITCH: detected=93.93Hz filtered=1 peak=0.03263
2025-12-26 02:15:09 [detection] LOW E RAW PITCH: detected=93.93Hz filtered=1 peak=0.02535
2025-12-26 02:15:09 [detection] LOW E RAW PITCH: detected=93.93Hz filtered=1 peak=0.05522
2025-12-26 02:15:09 [detection] LOW E RAW PITCH: detected=126.74Hz filtered=1 peak=0.06084
2025-12-26 02:15:09 [detection] LOW E RAW PITCH: detected=93.93Hz filtered=1 peak=0.03266
2025-12-26 02:15:09 [detection] LOW E RAW PITCH: detected=93.93Hz filtered=1 peak=0.03098
2025-12-26 02:15:09 [detection] LOW E RAW PITCH: detected=93.93Hz filtered=1 peak=0.03072
2025-12-26 02:15:09 [detection] LOW E RAW PITCH: detected=93.93Hz filtered=1 peak=0.06081
2025-12-26 02:15:09 [detection] LOW E RAW PITCH: detected=93.93Hz filtered=1 peak=0.04951
2025-12-26 02:15:09 [detection] LOW E RAW PITCH: detected=93.93Hz filtered=1 peak=0.03300
2025-12-26 02:15:09 [detection] LOW E RAW PITCH: detected=93.93Hz filtered=1 peak=0.02598
2025-12-26 02:15:09 [detection] LOW E RAW PITCH: detected=93.93Hz filtered=1 peak=0.03905
2025-12-26 02:15:09 [detection] LOW E RAW PITCH: detected=121.71Hz filtered=1 peak=0.06102
2025-12-26 02:15:09 [detection] LOW E RAW PITCH: detected=93.93Hz filtered=1 peak=0.03262
2025-12-26 02:15:09 [detection] LOW E RAW PITCH: detected=93.93Hz filtered=1 peak=0.03261
2025-12-26 02:15:10 [detection] LOW E RAW PITCH: detected=93.93Hz filtered=1 peak=0.02928
2025-12-26 02:15:10 [detection] LOW E RAW PITCH: detected=93.93Hz filtered=1 peak=0.05997
2025-12-26 02:15:10 [detection] LOW E RAW PITCH: detected=93.93Hz filtered=1 peak=0.05690
2025-12-26 02:15:10 [detection] LOW E RAW PITCH: detected=93.93Hz filtered=1 peak=0.03212
2025-12-26 02:15:10 [detection] LOW E RAW PITCH: detected=93.93Hz filtered=1 peak=0.02528
2025-12-26 02:15:10 [detection] LOW E RAW PITCH: detected=93.93Hz filtered=1 peak=0.03032
2025-12-26 02:15:10 [detection] LOW E RAW PITCH: detected=93.93Hz filtered=1 peak=0.05964
2025-12-26 02:15:10 [detection] LOW E RAW PITCH: detected=93.93Hz filtered=1 peak=0.03093
2025-12-26 02:15:10 [detection] LOW E RAW PITCH: detected=93.93Hz filtered=1 peak=0.03235
2025-12-26 02:15:10 [detection] LOW E RAW PITCH: detected=93.93Hz filtered=1 peak=0.02283
2025-12-26 02:15:10 [detection] LOW E RAW PITCH: detected=93.93Hz filtered=1 peak=0.05952
2025-12-26 02:15:10 [detection] LOW E RAW PITCH: detected=93.93Hz filtered=1 peak=0.05953
2025-12-26 02:15:10 [detection] LOW E RAW PITCH: detected=93.93Hz filtered=1 peak=0.03219
2025-12-26 02:15:10 [detection] LOW E RAW PITCH: detected=93.93Hz filtered=1 peak=0.02662
2025-12-26 02:15:10 [detection] LOW E RAW PITCH: detected=93.93Hz filtered=1 peak=0.03010
2025-12-26 02:15:10 [detection] LOW E RAW PITCH: detected=93.93Hz filtered=1 peak=0.05947
2025-12-26 02:15:10 [detection] LOW E RAW PITCH: detected=93.93Hz filtered=1 peak=0.03777
2025-12-26 02:15:10 [detection] LOW E RAW PITCH: detected=93.93Hz filtered=1 peak=0.03185
2025-12-26 02:15:10 [detection] LOW E RAW PITCH: detected=93.93Hz filtered=1 peak=0.02564
2025-12-26 02:15:10 [detection] LOW E RAW PITCH: detected=93.93Hz filtered=1 peak=0.05374
2025-12-26 02:15:10 [detection] LOW E RAW PITCH: detected=126.75Hz filtered=1 peak=0.05841
2025-12-26 02:15:10 [detection] LOW E RAW PITCH: detected=93.93Hz filtered=1 peak=0.03215
2025-12-26 02:15:10 [detection] LOW E RAW PITCH: detected=93.93Hz filtered=1 peak=0.02958
2025-12-26 02:15:10 [detection] LOW E RAW PITCH: detected=93.93Hz filtered=1 peak=0.03004
2025-12-26 02:15:10 [detection] LOW E RAW PITCH: detected=93.93Hz filtered=1 peak=0.05876
2025-12-26 02:15:10 [detection] LOW E RAW PITCH: detected=93.93Hz filtered=1 peak=0.04835
2025-12-26 02:15:10 [detection] LOW E RAW PITCH: detected=93.93Hz filtered=1 peak=0.03237
2025-12-26 02:15:10 [detection] LOW E RAW PITCH: detected=93.93Hz filtered=1 peak=0.02607
2025-12-26 02:15:10 [detection] LOW E RAW PITCH: detected=93.93Hz filtered=1 peak=0.04126
2025-12-26 02:15:10 [detection] LOW E RAW PITCH: detected=122.05Hz filtered=1 peak=0.05964
2025-12-26 02:15:10 [detection] LOW E RAW PITCH: detected=93.93Hz filtered=1 peak=0.03241
2025-12-26 02:15:10 [detection] LOW E RAW PITCH: detected=93.93Hz filtered=1 peak=0.03219
2025-12-26 02:15:10 [detection] LOW E RAW PITCH: detected=93.93Hz filtered=1 peak=0.02992
2025-12-26 02:15:10 [detection] LOW E RAW PITCH: detected=93.93Hz filtered=1 peak=0.06033
2025-12-26 02:15:10 [detection] LOW E RAW PITCH: detected=93.93Hz filtered=1 peak=0.05740
2025-12-26 02:15:10 [detection] LOW E RAW PITCH: detected=93.93Hz filtered=1 peak=0.03270
2025-12-26 02:15:10 [detection] LOW E RAW PITCH: detected=93.93Hz filtered=1 peak=0.02681
2025-12-26 02:15:10 [detection] LOW E RAW PITCH: detected=93.93Hz filtered=1 peak=0.03050
2025-12-26 02:15:10 [detection] LOW E RAW PITCH: detected=93.93Hz filtered=1 peak=0.05951
2025-12-26 02:15:10 [detection] LOW E RAW PITCH: detected=93.93Hz filtered=1 peak=0.03212
2025-12-26 02:15:10 [detection] LOW E RAW PITCH: detected=93.93Hz filtered=1 peak=0.03281
2025-12-26 02:15:10 [detection] LOW E RAW PITCH: detected=93.93Hz filtered=1 peak=0.02198
2025-12-26 02:15:10 [detection] LOW E RAW PITCH: detected=93.93Hz filtered=1 peak=0.05959
2025-12-26 02:15:10 [detection] LOW E RAW PITCH: detected=93.93Hz filtered=1 peak=0.05960
2025-12-26 02:15:10 [detection] LOW E RAW PITCH: detected=93.93Hz filtered=1 peak=0.03286
2025-12-26 02:15:10 [detection] LOW E RAW PITCH: detected=93.93Hz filtered=1 peak=0.02713
2025-12-26 02:15:10 [detection] LOW E RAW PITCH: detected=93.93Hz filtered=1 peak=0.03032
2025-12-26 02:15:10 [detection] LOW E RAW PITCH: detected=93.93Hz filtered=1 peak=0.06000
2025-12-26 02:15:10 [detection] LOW E RAW PITCH: detected=93.93Hz filtered=1 peak=0.03756
2025-12-26 02:15:10 [detection] LOW E RAW PITCH: detected=93.93Hz filtered=1 peak=0.03311
2025-12-26 02:15:10 [detection] LOW E RAW PITCH: detected=93.93Hz filtered=1 peak=0.02703
2025-12-26 02:15:10 [detection] LOW E RAW PITCH: detected=93.93Hz filtered=1 peak=0.05564
2025-12-26 02:15:10 [detection] LOW E RAW PITCH: detected=93.93Hz filtered=1 peak=0.05946
2025-12-26 02:15:10 [detection] LOW E RAW PITCH: detected=93.93Hz filtered=1 peak=0.03230
2025-12-26 02:15:10 [detection] LOW E RAW PITCH: detected=93.93Hz filtered=1 peak=0.02885
2025-12-26 02:15:10 [detection] LOW E RAW PITCH: detected=93.93Hz filtered=1 peak=0.03050
2025-12-26 02:15:10 [detection] LOW E RAW PITCH: detected=93.93Hz filtered=1 peak=0.05951
2025-12-26 02:15:10 [detection] LOW E RAW PITCH: detected=93.93Hz filtered=1 peak=0.04828
2025-12-26 02:15:10 [detection] LOW E RAW PITCH: detected=93.93Hz filtered=1 peak=0.03295
2025-12-26 02:15:10 [detection] LOW E RAW PITCH: detected=93.93Hz filtered=1 peak=0.02757
2025-12-26 02:15:10 [detection] LOW E RAW PITCH: detected=93.93Hz filtered=1 peak=0.04437
2025-12-26 02:15:10 [detection] LOW E RAW PITCH: detected=93.93Hz filtered=1 peak=0.05983
2025-12-26 02:15:10 [detection] LOW E RAW PITCH: detected=93.93Hz filtered=1 peak=0.03349
2025-12-26 02:15:10 [detection] LOW E RAW PITCH: detected=93.93Hz filtered=1 peak=0.03280
2025-12-26 02:15:10 [detection] LOW E RAW PITCH: detected=93.93Hz filtered=1 peak=0.02968
2025-12-26 02:15:10 [detection] LOW E RAW PITCH: detected=93.93Hz filtered=1 peak=0.05972
2025-12-26 02:15:10 [detection] LOW E RAW PITCH: detected=93.93Hz filtered=1 peak=0.05640
2025-12-26 02:15:10 [detection] LOW E RAW PITCH: detected=93.93Hz filtered=1 peak=0.03271
2025-12-26 02:15:10 [detection] LOW E RAW PITCH: detected=93.93Hz filtered=1 peak=0.02758
2025-12-26 02:15:10 [detection] LOW E RAW PITCH: detected=93.93Hz filtered=1 peak=0.03001
2025-12-26 02:15:10 [detection] LOW E RAW PITCH: detected=93.93Hz filtered=1 peak=0.05940
2025-12-26 02:15:10 [detection] LOW E RAW PITCH: detected=93.93Hz filtered=1 peak=0.03257
2025-12-26 02:15:10 [detection] LOW E RAW PITCH: detected=93.93Hz filtered=1 peak=0.03273
2025-12-26 02:15:10 [detection] LOW E RAW PITCH: detected=93.93Hz filtered=1 peak=0.02247
2025-12-26 02:15:10 [detection] LOW E RAW PITCH: detected=93.93Hz filtered=1 peak=0.05917
2025-12-26 02:15:10 [detection] LOW E RAW PITCH: detected=93.93Hz filtered=1 peak=0.05914
2025-12-26 02:15:10 [detection] LOW E RAW PITCH: detected=93.93Hz filtered=1 peak=0.03321
2025-12-26 02:15:10 [detection] LOW E RAW PITCH: detected=93.93Hz filtered=1 peak=0.02773
2025-12-26 02:15:10 [detection] LOW E RAW PITCH: detected=93.93Hz filtered=1 peak=0.02881
2025-12-26 02:15:10 [detection] LOW E RAW PITCH: detected=93.93Hz filtered=1 peak=0.05895
2025-12-26 02:15:10 [detection] LOW E RAW PITCH: detected=93.93Hz filtered=1 peak=0.03491
2025-12-26 02:15:10 [detection] LOW E RAW PITCH: detected=93.93Hz filtered=1 peak=0.03299
2025-12-26 02:15:10 [detection] LOW E RAW PITCH: detected=93.93Hz filtered=1 peak=0.02717
2025-12-26 02:15:10 [detection] LOW E RAW PITCH: detected=93.93Hz filtered=1 peak=0.05647
2025-12-26 02:15:10 [detection] LOW E RAW PITCH: detected=93.93Hz filtered=1 peak=0.05905
2025-12-26 02:15:10 [detection] LOW E RAW PITCH: detected=93.93Hz filtered=1 peak=0.03259
2025-12-26 02:15:10 [detection] LOW E RAW PITCH: detected=93.93Hz filtered=1 peak=0.03160
2025-12-26 02:15:10 [detection] LOW E RAW PITCH: detected=93.93Hz filtered=1 peak=0.01146
2025-12-26 02:15:10 [detection] LOW E RAW PITCH: detected=93.93Hz filtered=1 peak=0.03953
2025-12-26 02:15:10 [detection] LOW E RAW PITCH: detected=93.93Hz filtered=1 peak=0.02972
2025-12-26 02:15:10 [detection] LOW E RAW PITCH: detected=93.93Hz filtered=1 peak=0.02563
2025-12-26 02:15:10 [detection] LOW E RAW PITCH: detected=93.93Hz filtered=1 peak=0.01548
2025-12-26 02:15:10 [detection] LOW E RAW PITCH: detected=93.93Hz filtered=1 peak=0.03302
2025-12-26 02:15:10 [detection] LOW E RAW PITCH: detected=93.93Hz filtered=1 peak=0.03421
2025-12-26 02:15:10 [detection] LOW E RAW PITCH: detected=93.93Hz filtered=1 peak=0.02424
2025-12-26 02:15:10 [detection] LOW E RAW PITCH: detected=93.93Hz filtered=1 peak=0.02300
2025-12-26 02:15:10 [detection] LOW E RAW PITCH: detected=93.93Hz filtered=1 peak=0.01916
2025-12-26 02:15:10 [detection] LOW E RAW PITCH: detected=93.93Hz filtered=1 peak=0.02939
2025-12-26 02:15:10 [detection] LOW E RAW PITCH: detected=93.93Hz filtered=1 peak=0.02001
2025-12-26 02:15:10 [detection] LOW E RAW PITCH: detected=93.93Hz filtered=1 peak=0.02098
2025-12-26 02:15:10 [detection] LOW E RAW PITCH: detected=93.93Hz filtered=1 peak=0.01135
2025-12-26 02:15:10 [detection] LOW E RAW PITCH: detected=93.93Hz filtered=1 peak=0.02435
2025-12-26 02:15:10 [detection] LOW E RAW PITCH: detected=93.93Hz filtered=1 peak=0.02130
2025-12-26 02:15:10 [detection] LOW E RAW PITCH: detected=93.93Hz filtered=1 peak=0.01753
2025-12-26 02:15:10 [detection] LOW E RAW PITCH: detected=93.93Hz filtered=1 peak=0.01299
2025-12-26 02:15:10 [detection] LOW E RAW PITCH: detected=93.93Hz filtered=1 peak=0.01694
2025-12-26 02:15:10 [detection] LOW E RAW PITCH: detected=93.93Hz filtered=1 peak=0.01746
2025-12-26 02:15:10 [detection] LOW E RAW PITCH: detected=93.93Hz filtered=1 peak=0.00868
2025-12-26 02:15:10 [detection] LOW E RAW PITCH: detected=93.93Hz filtered=1 peak=0.00952
2025-12-26 02:15:10 [detection] LOW E RAW PITCH: detected=93.93Hz filtered=1 peak=0.00637
2025-12-26 02:15:10 [detection] LOW E RAW PITCH: detected=93.93Hz filtered=1 peak=0.00540
2025-12-26 02:15:10 [detection] LOW E RAW PITCH: detected=93.93Hz filtered=1 peak=0.00310
2025-12-26 02:15:10 [detection] LOW E RAW PITCH: detected=93.93Hz filtered=1 peak=0.00304
2025-12-26 02:15:10 [detection] LOW E RAW PITCH: detected=98.58Hz filtered=1 peak=0.00276
2025-12-26 02:15:10 [detection] LOW E RAW PITCH: detected=101.23Hz filtered=1 peak=0.00280
2025-12-26 02:15:10 [detection] LOW E RAW PITCH: detected=105.23Hz filtered=1 peak=0.00168
2025-12-26 02:15:10 [detection] LOW E RAW PITCH: detected=101.48Hz filtered=1 peak=0.00160
2025-12-26 02:15:10 [detection] LOW E RAW PITCH: detected=100.17Hz filtered=1 peak=0.00183
2025-12-26 02:15:10 [detection] LOW E RAW PITCH: detected=100.05Hz filtered=1 peak=0.00175
2025-12-26 02:15:10 [detection] LOW E RAW PITCH: detected=103.56Hz filtered=1 peak=0.00165
2025-12-26 02:15:10 [detection] LOW E RAW PITCH: detected=101.04Hz filtered=1 peak=0.00157
2025-12-26 02:15:10 [detection] LOW E RAW PITCH: detected=99.96Hz filtered=1 peak=0.00085
2025-12-26 02:15:10 [detection] LOW E RAW PITCH: detected=95.71Hz filtered=1 peak=0.00064
2025-12-26 02:15:10 [detection]      S1F2 OFF (sharp-drop: 0.0063 -> 0.0009)
2025-12-26 02:15:10 [detection] LOW E RAW PITCH: detected=94.31Hz filtered=1 peak=0.00041
2025-12-26 02:15:10 [detection] LOW E RAW PITCH: detected=98.22Hz filtered=1 peak=0.00047
2025-12-26 02:15:10 [detection] LOW E RAW PITCH: detected=100.29Hz filtered=1 peak=0.00054
2025-12-26 02:15:10 [detection] LOW E RAW PITCH: detected=103.18Hz filtered=1 peak=0.00069
2025-12-26 02:15:10 [detection] LOW E RAW PITCH: detected=112.25Hz filtered=1 peak=0.00069
2025-12-26 02:15:10 [detection] LOW E RAW PITCH: detected=105.96Hz filtered=1 peak=0.00062
2025-12-26 02:15:10 [detection] LOW E RAW PITCH: detected=104.82Hz filtered=1 peak=0.00069
2025-12-26 02:15:10 [detection] LOW E RAW PITCH: detected=93.93Hz filtered=1 peak=0.00033
2025-12-26 02:15:10 [detection] LOW E RAW PITCH: detected=94.30Hz filtered=1 peak=0.00045
2025-12-26 02:15:10 [detection] LOW E RAW PITCH: detected=98.03Hz filtered=1 peak=0.00080
2025-12-26 02:15:10 [detection] LOW E RAW PITCH: detected=98.07Hz filtered=1 peak=0.00079
2025-12-26 02:15:10 [detection] LOW E RAW PITCH: detected=99.41Hz filtered=1 peak=0.00048
2025-12-26 02:15:10 [detection] LOW E RAW PITCH: detected=100.32Hz filtered=1 peak=0.00029
2025-12-26 02:15:10 [detection] LOW E RAW PITCH: detected=96.82Hz filtered=1 peak=0.00008
2025-12-26 02:15:10 [detection] LOW E RAW PITCH: detected=101.25Hz filtered=1 peak=0.00035
2025-12-26 02:15:10 [detection] LOW E RAW PITCH: detected=100.89Hz filtered=1 peak=0.00049
2025-12-26 02:15:10 [detection] LOW E RAW PITCH: detected=100.66Hz filtered=1 peak=0.00031
2025-12-26 02:15:10 [detection] LOW E RAW PITCH: detected=109.73Hz filtered=1 peak=0.00036
2025-12-26 02:15:10 [detection] LOW E RAW PITCH: detected=103.46Hz filtered=1 peak=0.00047
2025-12-26 02:15:10 [detection] LOW E RAW PITCH: detected=96000.00Hz filtered=1 peak=0.00052
2025-12-26 02:15:10 [detection] LOW E RAW PITCH: detected=95999.98Hz filtered=1 peak=0.00027
2025-12-26 02:15:10 [detection] LOW E RAW PITCH: detected=96000.00Hz filtered=1 peak=0.00043
2025-12-26 02:15:10 [detection] LOW E RAW PITCH: detected=96000.00Hz filtered=1 peak=0.00043
2025-12-26 02:15:10 [detection] LOW E RAW PITCH: detected=95999.98Hz filtered=1 peak=0.00053
2025-12-26 02:15:10 [detection] LOW E RAW PITCH: detected=96000.00Hz filtered=1 peak=0.00051
2025-12-26 02:15:10 [detection] LOW E RAW PITCH: detected=93.93Hz filtered=1 peak=0.00033
2025-12-26 02:15:10 [detection] LOW E RAW PITCH: detected=93.93Hz filtered=1 peak=0.00040
2025-12-26 02:15:10 [detection] LOW E RAW PITCH: detected=93.93Hz filtered=1 peak=0.00023
2025-12-26 02:15:10 [detection] LOW E RAW PITCH: detected=93.93Hz filtered=1 peak=0.00027
2025-12-26 02:15:10 [detection] LOW E RAW PITCH: detected=108.57Hz filtered=1 peak=0.00029
2025-12-26 02:15:10 [detection] LOW E RAW PITCH: detected=96000.00Hz filtered=1 peak=0.00049
2025-12-26 02:15:10 [detection] LOW E RAW PITCH: detected=96000.00Hz filtered=1 peak=0.00040
2025-12-26 02:15:10 [detection] LOW E RAW PITCH: detected=96000.00Hz filtered=1 peak=0.00033
2025-12-26 02:15:10 [detection] LOW E RAW PITCH: detected=96000.00Hz filtered=1 peak=0.00045
2025-12-26 02:15:10 [detection] LOW E RAW PITCH: detected=96000.00Hz filtered=1 peak=0.00049
2025-12-26 02:15:10 [detection] LOW E RAW PITCH: detected=95999.98Hz filtered=1 peak=0.00026
2025-12-26 02:15:10 [detection] LOW E RAW PITCH: detected=96000.00Hz filtered=1 peak=0.00044
2025-12-26 02:15:10 [detection] LOW E RAW PITCH: detected=95999.98Hz filtered=1 peak=0.00040
2025-12-26 02:15:10 [detection] LOW E RAW PITCH: detected=93.93Hz filtered=1 peak=0.00011
2025-12-26 02:15:10 [detection] LOW E RAW PITCH: detected=96000.00Hz filtered=1 peak=0.00044
2025-12-26 02:15:10 [detection] LOW E RAW PITCH: detected=95999.98Hz filtered=1 peak=0.00045
2025-12-26 02:15:10 [detection] LOW E RAW PITCH: detected=96000.00Hz filtered=1 peak=0.00031
2025-12-26 02:15:10 [detection] LOW E RAW PITCH: detected=95999.98Hz filtered=1 peak=0.00031
2025-12-26 02:15:10 [detection] LOW E RAW PITCH: detected=96000.00Hz filtered=1 peak=0.00054
2025-12-26 02:15:10 [detection] LOW E RAW PITCH: detected=96000.00Hz filtered=1 peak=0.00048
2025-12-26 02:15:10 [detection] LOW E RAW PITCH: detected=96000.00Hz filtered=1 peak=0.00014
2025-12-26 02:15:10 [detection] LOW E RAW PITCH: detected=96000.00Hz filtered=1 peak=0.00035
2025-12-26 02:15:10 [detection] LOW E RAW PITCH: detected=184.92Hz filtered=1 peak=0.00032
2025-12-26 02:15:10 [detection] LOW E RAW PITCH: detected=93.93Hz filtered=1 peak=0.00045
2025-12-26 02:15:10 [detection] LOW E RAW PITCH: detected=93.93Hz filtered=1 peak=0.00044
2025-12-26 02:15:10 [detection] LOW E RAW PITCH: detected=93.93Hz filtered=1 peak=0.00025
2025-12-26 02:15:10 [detection] LOW E RAW PITCH: detected=93.93Hz filtered=1 peak=0.00015
2025-12-26 02:15:10 [detection] LOW E RAW PITCH: detected=102.20Hz filtered=1 peak=0.00026
2025-12-26 02:15:10 [detection] LOW E RAW PITCH: detected=112.97Hz filtered=1 peak=0.00051
2025-12-26 02:15:10 [detection] LOW E RAW PITCH: detected=120.35Hz filtered=1 peak=0.00026
2025-12-26 02:15:10 [detection] LOW E RAW PITCH: detected=122.73Hz filtered=1 peak=0.00047
2025-12-26 02:15:10 [detection] LOW E RAW PITCH: detected=138.47Hz filtered=1 peak=0.00048
2025-12-26 02:15:10 [detection] LOW E RAW PITCH: detected=93.93Hz filtered=1 peak=0.00033
2025-12-26 02:15:10 [detection] LOW E RAW PITCH: detected=93.93Hz filtered=1 peak=0.00040
2025-12-26 02:15:10 [detection] LOW E RAW PITCH: detected=96000.00Hz filtered=1 peak=0.00042
2025-12-26 02:15:10 [detection] LOW E RAW PITCH: detected=93.93Hz filtered=1 peak=0.00037
2025-12-26 02:15:10 [detection] LOW E RAW PITCH: detected=96000.00Hz filtered=1 peak=0.00031
2025-12-26 02:15:10 [detection] LOW E RAW PITCH: detected=96000.00Hz filtered=1 peak=0.00042
2025-12-26 02:15:10 [detection] LOW E RAW PITCH: detected=93.93Hz filtered=1 peak=0.00007
2025-12-26 02:15:10 [detection] LOW E RAW PITCH: detected=96000.00Hz filtered=1 peak=0.00043
2025-12-26 02:15:10 [detection] LOW E RAW PITCH: detected=96000.00Hz filtered=1 peak=0.00039
2025-12-26 02:15:10 [detection] LOW E RAW PITCH: detected=93.93Hz filtered=1 peak=0.00014
2025-12-26 02:15:10 [detection] LOW E RAW PITCH: detected=93.93Hz filtered=1 peak=0.00025
2025-12-26 02:15:10 [detection] LOW E RAW PITCH: detected=95999.98Hz filtered=1 peak=0.00030
2025-12-26 02:15:10 [detection] LOW E RAW PITCH: detected=96000.00Hz filtered=1 peak=0.00024
2025-12-26 02:15:10 [detection] LOW E RAW PITCH: detected=96000.00Hz filtered=1 peak=0.00050
2025-12-26 02:15:10 [detection] LOW E RAW PITCH: detected=96000.00Hz filtered=1 peak=0.00049
2025-12-26 02:15:10 [detection] LOW E RAW PITCH: detected=96000.00Hz filtered=1 peak=0.00029
2025-12-26 02:15:10 [detection] LOW E RAW PITCH: detected=96000.00Hz filtered=1 peak=0.00056
2025-12-26 02:15:10 [detection] LOW E RAW PITCH: detected=96000.00Hz filtered=1 peak=0.00047
2025-12-26 02:15:10 [detection] LOW E RAW PITCH: detected=93.93Hz filtered=1 peak=0.00010
2025-12-26 02:15:10 [detection] LOW E RAW PITCH: detected=93.93Hz filtered=1 peak=0.00036
2025-12-26 02:15:10 [detection] LOW E RAW PITCH: detected=93.93Hz filtered=1 peak=0.00035
2025-12-26 02:15:10 [detection] LOW E RAW PITCH: detected=93.93Hz filtered=1 peak=0.00022
2025-12-26 02:15:10 [detection] LOW E RAW PITCH: detected=96000.00Hz filtered=1 peak=0.00040
2025-12-26 02:15:10 [detection] LOW E RAW PITCH: detected=96000.00Hz filtered=1 peak=0.00044
2025-12-26 02:15:10 [detection] LOW E RAW PITCH: detected=95999.98Hz filtered=1 peak=0.00041
2025-12-26 02:15:10 [detection] LOW E RAW PITCH: detected=95999.98Hz filtered=1 peak=0.00030
2025-12-26 02:15:10 [detection] LOW E RAW PITCH: detected=96000.00Hz filtered=1 peak=0.00043
2025-12-26 02:15:10 [detection] LOW E RAW PITCH: detected=93.93Hz filtered=1 peak=0.00020
2025-12-26 02:15:10 [detection] LOW E RAW PITCH: detected=117.30Hz filtered=1 peak=0.00021
2025-12-26 02:15:10 [detection] LOW E RAW PITCH: detected=96000.00Hz filtered=1 peak=0.00039
2025-12-26 02:15:10 [detection] LOW E RAW PITCH: detected=198.96Hz filtered=1 peak=0.00029
2025-12-26 02:15:10 [detection] LOW E RAW PITCH: detected=289.16Hz filtered=1 peak=0.00022
2025-12-26 02:15:10 [detection] LOW E RAW PITCH: detected=96000.00Hz filtered=1 peak=0.00030
2025-12-26 02:15:10 [detection] LOW E RAW PITCH: detected=96000.00Hz filtered=1 peak=0.00022
2025-12-26 02:15:10 [detection] LOW E RAW PITCH: detected=100.09Hz filtered=1 peak=0.00032
2025-12-26 02:15:10 [detection] LOW E RAW PITCH: detected=96000.00Hz filtered=1 peak=0.00052
2025-12-26 02:15:10 [detection] LOW E RAW PITCH: detected=96000.00Hz filtered=1 peak=0.00037
2025-12-26 02:15:10 [detection] LOW E RAW PITCH: detected=96000.00Hz filtered=1 peak=0.00032
2025-12-26 02:15:10 [detection] LOW E RAW PITCH: detected=96000.00Hz filtered=1 peak=0.00042
2025-12-26 02:15:10 [detection] LOW E RAW PITCH: detected=93.93Hz filtered=1 peak=0.00016
2025-12-26 02:15:10 [detection] LOW E RAW PITCH: detected=93.93Hz filtered=1 peak=0.00013
2025-12-26 02:15:10 [detection] LOW E RAW PITCH: detected=93.93Hz filtered=1 peak=0.00031
2025-12-26 02:15:10 [detection] LOW E RAW PITCH: detected=93.93Hz filtered=1 peak=0.00025
2025-12-26 02:15:10 [detection] LOW E RAW PITCH: detected=96000.00Hz filtered=1 peak=0.00012
2025-12-26 02:15:10 [detection] LOW E RAW PITCH: detected=96000.00Hz filtered=1 peak=0.00043
2025-12-26 02:15:10 [detection] LOW E RAW PITCH: detected=96000.00Hz filtered=1 peak=0.00027
2025-12-26 02:15:10 [detection] LOW E RAW PITCH: detected=96000.00Hz filtered=1 peak=0.00021
2025-12-26 02:15:10 [detection] LOW E RAW PITCH: detected=95999.98Hz filtered=1 peak=0.00025
2025-12-26 02:15:10 [detection] LOW E RAW PITCH: detected=94.48Hz filtered=1 peak=0.00019
2025-12-26 02:15:10 [detection] LOW E RAW PITCH: detected=106.62Hz filtered=1 peak=0.00040
2025-12-26 02:15:10 [detection] LOW E RAW PITCH: detected=114.40Hz filtered=1 peak=0.00060
2025-12-26 02:15:10 [detection] LOW E RAW PITCH: detected=96000.00Hz filtered=1 peak=0.00049
2025-12-26 02:15:10 [detection] LOW E RAW PITCH: detected=96000.00Hz filtered=1 peak=0.00039
2025-12-26 02:15:10 [detection] LOW E RAW PITCH: detected=96000.00Hz filtered=1 peak=0.00053
2025-12-26 02:15:10 [detection] LOW E RAW PITCH: detected=93.93Hz filtered=1 peak=0.00048
2025-12-26 02:15:10 [detection] LOW E RAW PITCH: detected=93.93Hz filtered=1 peak=0.00037
2025-12-26 02:15:10 [detection] LOW E RAW PITCH: detected=93.93Hz filtered=1 peak=0.00036
2025-12-26 02:15:10 [detection] LOW E RAW PITCH: detected=93.93Hz filtered=1 peak=0.00035
2025-12-26 02:15:10 [detection] LOW E RAW PITCH: detected=96.76Hz filtered=1 peak=0.00041
2025-12-26 02:15:10 [detection] LOW E RAW PITCH: detected=118.78Hz filtered=1 peak=0.00033
2025-12-26 02:15:10 [detection] LOW E RAW PITCH: detected=96000.00Hz filtered=1 peak=0.00063
2025-12-26 02:15:10 [detection] LOW E RAW PITCH: detected=96000.00Hz filtered=1 peak=0.00036
2025-12-26 02:15:10 [detection] LOW E RAW PITCH: detected=96000.00Hz filtered=1 peak=0.00034
2025-12-26 02:15:10 [detection] LOW E RAW PITCH: detected=96000.00Hz filtered=1 peak=0.00033
2025-12-26 02:15:10 [detection] LOW E RAW PITCH: detected=93.93Hz filtered=1 peak=0.00010
2025-12-26 02:15:10 [detection] LOW E RAW PITCH: detected=98.00Hz filtered=1 peak=0.00028
2025-12-26 02:15:10 [detection] LOW E RAW PITCH: detected=112.45Hz filtered=1 peak=0.00052
2025-12-26 02:15:10 [detection] LOW E RAW PITCH: detected=95999.98Hz filtered=1 peak=0.00065
2025-12-26 02:15:10 [detection] LOW E RAW PITCH: detected=96000.00Hz filtered=1 peak=0.00065
2025-12-26 02:15:10 [detection] LOW E RAW PITCH: detected=96000.00Hz filtered=1 peak=0.00044
2025-12-26 02:15:10 [detection] LOW E RAW PITCH: detected=96000.00Hz filtered=1 peak=0.00040
2025-12-26 02:15:10 [detection] LOW E RAW PITCH: detected=93.93Hz filtered=1 peak=0.00033
2025-12-26 02:15:10 [detection] LOW E RAW PITCH: detected=102.88Hz filtered=1 peak=0.00077
2025-12-26 02:15:10 [detection] LOW E RAW PITCH: detected=96000.00Hz filtered=1 peak=0.00189
2025-12-26 02:15:10 [detection] LOW E RAW PITCH: detected=96000.00Hz filtered=1 peak=0.00187
2025-12-26 02:15:10 [detection] LOW E RAW PITCH: detected=96000.00Hz filtered=1 peak=0.00253
2025-12-26 02:15:10 [detection] LOW E RAW PITCH: detected=96000.00Hz filtered=1 peak=0.00256
2025-12-26 02:15:10 [detection] LOW E RAW PITCH: detected=96000.00Hz filtered=1 peak=0.00276
2025-12-26 02:15:10 [detection] LOW E RAW PITCH: detected=96000.00Hz filtered=1 peak=0.00391
2025-12-26 02:15:10 [detection] LOW E RAW PITCH: detected=96000.00Hz filtered=1 peak=0.00376
2025-12-26 02:15:10 [detection] LOW E RAW PITCH: detected=96000.00Hz filtered=1 peak=0.01071
2025-12-26 02:15:10 [detection] LOW E RAW PITCH: detected=95999.98Hz filtered=1 peak=0.03099
2025-12-26 02:15:10 [detection] LOW E RAW PITCH: detected=96000.00Hz filtered=1 peak=0.07852
2025-12-26 02:15:10 [detection] LOW E RAW PITCH: detected=95999.98Hz filtered=1 peak=0.11077
2025-12-26 02:15:10 [detection] LOW E RAW PITCH: detected=96000.00Hz filtered=1 peak=0.06271
2025-12-26 02:15:10 [detection] LOW E RAW PITCH: detected=95999.98Hz filtered=1 peak=0.04340
2025-12-26 02:15:10 [detection] LOW E REJECT: pitch=-1.00 midi=-1 (no pitch or midi)
2025-12-26 02:15:10 [detection] LOW E RAW PITCH: detected=93.93Hz filtered=1 peak=0.11197
2025-12-26 02:15:10 [detection] LOW E RAW PITCH: detected=95.67Hz filtered=1 peak=0.32048
2025-12-26 02:15:10 [detection] LOW E RAW PITCH: detected=96000.00Hz filtered=1 peak=0.26992
2025-12-26 02:15:10 [detection] LOW E RAW PITCH: detected=96000.00Hz filtered=1 peak=0.13802
2025-12-26 02:15:10 [detection] LOW E RAW PITCH: detected=96000.00Hz filtered=1 peak=0.17271
2025-12-26 02:15:10 [detection] LOW E RAW PITCH: detected=126.30Hz filtered=1 peak=0.33497
2025-12-26 02:15:10 [detection]      S5F3 ON (onset=1.059 env=0.0173)
2025-12-26 02:15:10 [detection] LOW E RAW PITCH: detected=150.39Hz filtered=1 peak=0.24504
2025-12-26 02:15:10 [detection] LOW E RAW PITCH: detected=150.67Hz filtered=1 peak=0.12199
2025-12-26 02:15:10 [detection] LOW E RAW PITCH: detected=93.93Hz filtered=1 peak=0.04634
2025-12-26 02:15:10 [detection] LOW E RAW PITCH: detected=93.93Hz filtered=1 peak=0.32208
2025-12-26 02:15:10 [detection] LOW E RAW PITCH: detected=93.93Hz filtered=1 peak=0.32078
2025-12-26 02:15:10 [detection] LOW E RAW PITCH: detected=93.93Hz filtered=1 peak=0.12224
2025-12-26 02:15:10 [detection] LOW E RAW PITCH: detected=93.93Hz filtered=1 peak=0.06659
2025-12-26 02:15:10 [detection] LOW E RAW PITCH: detected=93.93Hz filtered=1 peak=0.22770
2025-12-26 02:15:10 [detection] LOW E RAW PITCH: detected=93.93Hz filtered=1 peak=0.31715
2025-12-26 02:15:10 [detection] LOW E RAW PITCH: detected=93.93Hz filtered=1 peak=0.11959
2025-12-26 02:15:10 [detection] LOW E RAW PITCH: detected=93.93Hz filtered=1 peak=0.09287
2025-12-26 02:15:10 [detection] LOW E RAW PITCH: detected=93.93Hz filtered=1 peak=0.21633
2025-12-26 02:15:10 [detection] LOW E RAW PITCH: detected=93.93Hz filtered=1 peak=0.31231
2025-12-26 02:15:10 [detection] LOW E RAW PITCH: detected=93.93Hz filtered=1 peak=0.11764
2025-12-26 02:15:10 [detection] LOW E RAW PITCH: detected=93.93Hz filtered=1 peak=0.11215
2025-12-26 02:15:10 [detection] LOW E RAW PITCH: detected=93.93Hz filtered=1 peak=0.20680
2025-12-26 02:15:10 [detection] LOW E RAW PITCH: detected=93.93Hz filtered=1 peak=0.30677
2025-12-26 02:15:10 [detection] LOW E RAW PITCH: detected=93.93Hz filtered=1 peak=0.22034
2025-12-26 02:15:10 [detection] LOW E RAW PITCH: detected=93.93Hz filtered=1 peak=0.11610
2025-12-26 02:15:10 [detection] LOW E RAW PITCH: detected=93.93Hz filtered=1 peak=0.05591
2025-12-26 02:15:10 [detection] LOW E RAW PITCH: detected=93.93Hz filtered=1 peak=0.30036
2025-12-26 02:15:10 [detection] LOW E ONSET: fret=2 pitch=93.93Hz midi=42 stable=1 env=0.1900 onset=1.222
2025-12-26 02:15:10 [detection] LOW E ACCEPTED: detectedHz=93.93 expectedHz=92.50 midi=42(should be 42) fret=2
2025-12-26 02:15:10 [detection]      S1F2 ON (onset=1.222 env=0.1900)
2025-12-26 02:15:10 [detection] LOW E RAW PITCH: detected=93.93Hz filtered=1 peak=0.29805
2025-12-26 02:15:10 [detection] LOW E RAW PITCH: detected=93.93Hz filtered=1 peak=0.11414
2025-12-26 02:15:10 [detection] LOW E RAW PITCH: detected=93.93Hz filtered=1 peak=0.06200
2025-12-26 02:15:10 [detection] LOW E RAW PITCH: detected=93.93Hz filtered=1 peak=0.22558
2025-12-26 02:15:10 [detection] LOW E RAW PITCH: detected=93.93Hz filtered=1 peak=0.29483
2025-12-26 02:15:10 [detection] LOW E RAW PITCH: detected=93.93Hz filtered=1 peak=0.11201
2025-12-26 02:15:10 [detection] LOW E RAW PITCH: detected=93.93Hz filtered=1 peak=0.08603
2025-12-26 02:15:10 [detection] LOW E RAW PITCH: detected=93.93Hz filtered=1 peak=0.19790
2025-12-26 02:15:10 [detection] LOW E RAW PITCH: detected=93.93Hz filtered=1 peak=0.28902
2025-12-26 02:15:10 [detection] LOW E RAW PITCH: detected=93.93Hz filtered=1 peak=0.10952
2025-12-26 02:15:10 [detection] LOW E RAW PITCH: detected=93.93Hz filtered=1 peak=0.10376
2025-12-26 02:15:10 [detection] LOW E RAW PITCH: detected=93.93Hz filtered=1 peak=0.19341
2025-12-26 02:15:10 [detection] LOW E RAW PITCH: detected=93.93Hz filtered=1 peak=0.28377
2025-12-26 02:15:10 [detection] LOW E RAW PITCH: detected=93.93Hz filtered=1 peak=0.19710
2025-12-26 02:15:10 [detection] LOW E RAW PITCH: detected=93.93Hz filtered=1 peak=0.10835
2025-12-26 02:15:10 [detection] LOW E RAW PITCH: detected=93.93Hz filtered=1 peak=0.06616
2025-12-26 02:15:10 [detection] LOW E RAW PITCH: detected=93.93Hz filtered=1 peak=0.27883
2025-12-26 02:15:10 [detection] LOW E RAW PITCH: detected=93.93Hz filtered=1 peak=0.27461
2025-12-26 02:15:10 [detection] LOW E RAW PITCH: detected=93.93Hz filtered=1 peak=0.10643
2025-12-26 02:15:10 [detection] LOW E RAW PITCH: detected=93.93Hz filtered=1 peak=0.05836
2025-12-26 02:15:10 [detection] LOW E RAW PITCH: detected=93.93Hz filtered=1 peak=0.22025
2025-12-26 02:15:10 [detection] LOW E RAW PITCH: detected=93.93Hz filtered=1 peak=0.27295
2025-12-26 02:15:10 [detection] LOW E RAW PITCH: detected=93.93Hz filtered=1 peak=0.10372
2025-12-26 02:15:10 [detection] LOW E RAW PITCH: detected=93.93Hz filtered=1 peak=0.07786
2025-12-26 02:15:10 [detection] LOW E RAW PITCH: detected=93.93Hz filtered=1 peak=0.18176
2025-12-26 02:15:10 [detection] LOW E RAW PITCH: detected=93.93Hz filtered=1 peak=0.26732
2025-12-26 02:15:10 [detection] LOW E RAW PITCH: detected=93.93Hz filtered=1 peak=0.10247
2025-12-26 02:15:10 [detection] LOW E RAW PITCH: detected=93.93Hz filtered=1 peak=0.09681
2025-12-26 02:15:10 [detection] LOW E RAW PITCH: detected=93.93Hz filtered=1 peak=0.17611
2025-12-26 02:15:10 [detection] LOW E RAW PITCH: detected=93.93Hz filtered=1 peak=0.26307
2025-12-26 02:15:10 [detection] LOW E RAW PITCH: detected=93.93Hz filtered=1 peak=0.17552
2025-12-26 02:15:10 [detection] LOW E RAW PITCH: detected=93.93Hz filtered=1 peak=0.10093
2025-12-26 02:15:10 [detection] LOW E RAW PITCH: detected=93.93Hz filtered=1 peak=0.07763
2025-12-26 02:15:10 [detection] LOW E RAW PITCH: detected=93.93Hz filtered=1 peak=0.25882
2025-12-26 02:15:10 [detection] LOW E RAW PITCH: detected=93.93Hz filtered=1 peak=0.25277
2025-12-26 02:15:10 [detection] LOW E RAW PITCH: detected=93.93Hz filtered=1 peak=0.09942
2025-12-26 02:15:10 [detection] LOW E RAW PITCH: detected=93.93Hz filtered=1 peak=0.05298
2025-12-26 02:15:10 [detection] LOW E RAW PITCH: detected=93.93Hz filtered=1 peak=0.21380
2025-12-26 02:15:10 [detection] LOW E RAW PITCH: detected=93.93Hz filtered=1 peak=0.25337
2025-12-26 02:15:10 [detection] LOW E RAW PITCH: detected=93.93Hz filtered=1 peak=0.09851
2025-12-26 02:15:10 [detection] LOW E RAW PITCH: detected=93.93Hz filtered=1 peak=0.07346
2025-12-26 02:15:10 [detection] LOW E RAW PITCH: detected=93.93Hz filtered=1 peak=0.16202
2025-12-26 02:15:10 [detection] LOW E RAW PITCH: detected=93.93Hz filtered=1 peak=0.24878
2025-12-26 02:15:10 [detection] LOW E RAW PITCH: detected=93.93Hz filtered=1 peak=0.09728
2025-12-26 02:15:10 [detection] LOW E RAW PITCH: detected=93.93Hz filtered=1 peak=0.08957
2025-12-26 02:15:10 [detection] LOW E RAW PITCH: detected=93.93Hz filtered=1 peak=0.15829
2025-12-26 02:15:10 [detection] LOW E RAW PITCH: detected=93.93Hz filtered=1 peak=0.24468
2025-12-26 02:15:10 [detection] LOW E RAW PITCH: detected=93.93Hz filtered=1 peak=0.15661
2025-12-26 02:15:10 [detection] LOW E RAW PITCH: detected=93.93Hz filtered=1 peak=0.09519
2025-12-26 02:15:10 [detection] LOW E RAW PITCH: detected=93.93Hz filtered=1 peak=0.08833
2025-12-26 02:15:10 [detection] LOW E RAW PITCH: detected=93.93Hz filtered=1 peak=0.23979
2025-12-26 02:15:10 [detection] LOW E RAW PITCH: detected=93.93Hz filtered=1 peak=0.23166
2025-12-26 02:15:10 [detection] LOW E RAW PITCH: detected=93.93Hz filtered=1 peak=0.09424
2025-12-26 02:15:10 [detection] LOW E RAW PITCH: detected=93.93Hz filtered=1 peak=0.04999
2025-12-26 02:15:10 [detection] LOW E RAW PITCH: detected=93.93Hz filtered=1 peak=0.20697
2025-12-26 02:15:10 [detection] LOW E RAW PITCH: detected=93.93Hz filtered=1 peak=0.23641
2025-12-26 02:15:10 [detection] LOW E RAW PITCH: detected=93.93Hz filtered=1 peak=0.09273
2025-12-26 02:15:10 [detection] LOW E RAW PITCH: detected=93.93Hz filtered=1 peak=0.06865
2025-12-26 02:15:10 [detection] LOW E RAW PITCH: detected=93.93Hz filtered=1 peak=0.14843
2025-12-26 02:15:10 [detection] LOW E RAW PITCH: detected=93.93Hz filtered=1 peak=0.23224
2025-12-26 02:15:10 [detection] LOW E RAW PITCH: detected=93.93Hz filtered=1 peak=0.09066
2025-12-26 02:15:10 [detection] LOW E RAW PITCH: detected=93.93Hz filtered=1 peak=0.08368
2025-12-26 02:15:10 [detection] LOW E RAW PITCH: detected=93.93Hz filtered=1 peak=0.14483
2025-12-26 02:15:10 [detection] LOW E RAW PITCH: detected=93.93Hz filtered=1 peak=0.22772
2025-12-26 02:15:10 [detection] LOW E RAW PITCH: detected=93.93Hz filtered=1 peak=0.14074
2025-12-26 02:15:10 [detection] LOW E RAW PITCH: detected=93.93Hz filtered=1 peak=0.08951
2025-12-26 02:15:10 [detection] LOW E RAW PITCH: detected=93.93Hz filtered=1 peak=0.09451
2025-12-26 02:15:10 [detection] LOW E RAW PITCH: detected=93.93Hz filtered=1 peak=0.22450
2025-12-26 02:15:10 [detection] LOW E RAW PITCH: detected=93.93Hz filtered=1 peak=0.21485
2025-12-26 02:15:10 [detection] LOW E RAW PITCH: detected=93.93Hz filtered=1 peak=0.08905
2025-12-26 02:15:11 [detection] LOW E RAW PITCH: detected=93.93Hz filtered=1 peak=0.04631
2025-12-26 02:15:11 [detection] LOW E RAW PITCH: detected=93.93Hz filtered=1 peak=0.19760
2025-12-26 02:15:11 [detection] LOW E RAW PITCH: detected=93.93Hz filtered=1 peak=0.22120
2025-12-26 02:15:11 [detection] LOW E RAW PITCH: detected=93.93Hz filtered=1 peak=0.08757
2025-12-26 02:15:11 [detection] LOW E RAW PITCH: detected=93.93Hz filtered=1 peak=0.06561
2025-12-26 02:15:11 [detection] LOW E RAW PITCH: detected=93.93Hz filtered=1 peak=0.13532
2025-12-26 02:15:11 [detection] LOW E RAW PITCH: detected=93.93Hz filtered=1 peak=0.21770
2025-12-26 02:15:11 [detection] LOW E RAW PITCH: detected=93.93Hz filtered=1 peak=0.08657
2025-12-26 02:15:11 [detection] LOW E RAW PITCH: detected=93.93Hz filtered=1 peak=0.07969
2025-12-26 02:15:11 [detection] LOW E RAW PITCH: detected=93.93Hz filtered=1 peak=0.13283
2025-12-26 02:15:11 [detection] LOW E RAW PITCH: detected=93.93Hz filtered=1 peak=0.21501
2025-12-26 02:15:11 [detection] LOW E RAW PITCH: detected=93.93Hz filtered=1 peak=0.13215
2025-12-26 02:15:11 [detection] LOW E RAW PITCH: detected=93.93Hz filtered=1 peak=0.08607
2025-12-26 02:15:11 [detection] LOW E RAW PITCH: detected=93.93Hz filtered=1 peak=0.09357
2025-12-26 02:15:11 [detection] LOW E RAW PITCH: detected=93.93Hz filtered=1 peak=0.21258
2025-12-26 02:15:11 [detection] LOW E RAW PITCH: detected=93.93Hz filtered=1 peak=0.20320
2025-12-26 02:15:11 [detection] LOW E RAW PITCH: detected=93.93Hz filtered=1 peak=0.08521
2025-12-26 02:15:11 [detection] LOW E RAW PITCH: detected=93.93Hz filtered=1 peak=0.04500
2025-12-26 02:15:11 [detection] LOW E RAW PITCH: detected=93.93Hz filtered=1 peak=0.18620
2025-12-26 02:15:11 [detection] LOW E RAW PITCH: detected=93.93Hz filtered=1 peak=0.20936
2025-12-26 02:15:11 [detection] LOW E RAW PITCH: detected=93.93Hz filtered=1 peak=0.08369
2025-12-26 02:15:11 [detection] LOW E RAW PITCH: detected=93.93Hz filtered=1 peak=0.06332
2025-12-26 02:15:11 [detection] LOW E RAW PITCH: detected=93.93Hz filtered=1 peak=0.12402
2025-12-26 02:15:11 [detection] LOW E RAW PITCH: detected=93.93Hz filtered=1 peak=0.20624
2025-12-26 02:15:11 [detection] LOW E RAW PITCH: detected=93.93Hz filtered=1 peak=0.08362
2025-12-26 02:15:11 [detection] LOW E RAW PITCH: detected=93.93Hz filtered=1 peak=0.07739
2025-12-26 02:15:11 [detection] LOW E RAW PITCH: detected=93.93Hz filtered=1 peak=0.12152
2025-12-26 02:15:11 [detection] LOW E RAW PITCH: detected=93.93Hz filtered=1 peak=0.20349
2025-12-26 02:15:11 [detection] LOW E RAW PITCH: detected=93.93Hz filtered=1 peak=0.12756
2025-12-26 02:15:11 [detection] LOW E RAW PITCH: detected=93.93Hz filtered=1 peak=0.08206
2025-12-26 02:15:11 [detection] LOW E RAW PITCH: detected=93.93Hz filtered=1 peak=0.08867
2025-12-26 02:15:11 [detection] LOW E RAW PITCH: detected=93.93Hz filtered=1 peak=0.19963
2025-12-26 02:15:11 [detection] LOW E RAW PITCH: detected=93.93Hz filtered=1 peak=0.19203
2025-12-26 02:15:11 [detection] LOW E RAW PITCH: detected=93.93Hz filtered=1 peak=0.08058
2025-12-26 02:15:11 [detection] LOW E RAW PITCH: detected=93.93Hz filtered=1 peak=0.04335
2025-12-26 02:15:11 [detection] LOW E RAW PITCH: detected=93.93Hz filtered=1 peak=0.17357
2025-12-26 02:15:11 [detection] LOW E RAW PITCH: detected=93.93Hz filtered=1 peak=0.19686
2025-12-26 02:15:11 [detection] LOW E RAW PITCH: detected=93.93Hz filtered=1 peak=0.08022
2025-12-26 02:15:11 [detection] LOW E RAW PITCH: detected=93.93Hz filtered=1 peak=0.06241
2025-12-26 02:15:11 [detection] LOW E RAW PITCH: detected=93.93Hz filtered=1 peak=0.11510
2025-12-26 02:15:11 [detection] LOW E RAW PITCH: detected=93.93Hz filtered=1 peak=0.19448
2025-12-26 02:15:11 [detection] LOW E RAW PITCH: detected=93.93Hz filtered=1 peak=0.07929
2025-12-26 02:15:11 [detection] LOW E RAW PITCH: detected=93.93Hz filtered=1 peak=0.07520
2025-12-26 02:15:11 [detection] LOW E RAW PITCH: detected=93.93Hz filtered=1 peak=0.11295
2025-12-26 02:15:11 [detection] LOW E RAW PITCH: detected=93.93Hz filtered=1 peak=0.19130
2025-12-26 02:15:11 [detection] LOW E RAW PITCH: detected=93.93Hz filtered=1 peak=0.12541
2025-12-26 02:15:11 [detection] LOW E RAW PITCH: detected=93.93Hz filtered=1 peak=0.07773
2025-12-26 02:15:11 [detection] LOW E RAW PITCH: detected=93.93Hz filtered=1 peak=0.08115
2025-12-26 02:15:11 [detection] LOW E RAW PITCH: detected=93.93Hz filtered=1 peak=0.18832
2025-12-26 02:15:11 [detection] LOW E RAW PITCH: detected=93.93Hz filtered=1 peak=0.18395
2025-12-26 02:15:11 [detection] LOW E RAW PITCH: detected=93.93Hz filtered=1 peak=0.07748
2025-12-26 02:15:11 [detection] LOW E RAW PITCH: detected=93.93Hz filtered=1 peak=0.04373
2025-12-26 02:15:11 [detection] LOW E RAW PITCH: detected=93.93Hz filtered=1 peak=0.15786
2025-12-26 02:15:11 [detection] LOW E RAW PITCH: detected=93.93Hz filtered=1 peak=0.18652
2025-12-26 02:15:11 [detection] LOW E RAW PITCH: detected=93.93Hz filtered=1 peak=0.07678
2025-12-26 02:15:11 [detection] LOW E RAW PITCH: detected=93.93Hz filtered=1 peak=0.06180
2025-12-26 02:15:11 [detection] LOW E RAW PITCH: detected=93.93Hz filtered=1 peak=0.10569
2025-12-26 02:15:11 [detection] LOW E RAW PITCH: detected=93.93Hz filtered=1 peak=0.18355
2025-12-26 02:15:11 [detection] LOW E RAW PITCH: detected=93.93Hz filtered=1 peak=0.07518
2025-12-26 02:15:11 [detection] LOW E RAW PITCH: detected=93.93Hz filtered=1 peak=0.07286
2025-12-26 02:15:11 [detection] LOW E RAW PITCH: detected=93.93Hz filtered=1 peak=0.10350
2025-12-26 02:15:11 [detection] LOW E RAW PITCH: detected=93.93Hz filtered=1 peak=0.18095
2025-12-26 02:15:11 [detection] LOW E RAW PITCH: detected=93.93Hz filtered=1 peak=0.12643
2025-12-26 02:15:11 [detection] LOW E RAW PITCH: detected=93.93Hz filtered=1 peak=0.07451
2025-12-26 02:15:11 [detection] LOW E RAW PITCH: detected=93.93Hz filtered=1 peak=0.07084
2025-12-26 02:15:11 [detection] LOW E RAW PITCH: detected=93.93Hz filtered=1 peak=0.17878
2025-12-26 02:15:11 [detection] LOW E RAW PITCH: detected=93.93Hz filtered=1 peak=0.17677
2025-12-26 02:15:11 [detection] LOW E RAW PITCH: detected=93.93Hz filtered=1 peak=0.07412
2025-12-26 02:15:11 [detection] LOW E RAW PITCH: detected=93.93Hz filtered=1 peak=0.04483
2025-12-26 02:15:11 [detection] LOW E RAW PITCH: detected=93.93Hz filtered=1 peak=0.13908
2025-12-26 02:15:11 [detection] LOW E RAW PITCH: detected=93.93Hz filtered=1 peak=0.17650
2025-12-26 02:15:11 [detection] LOW E RAW PITCH: detected=93.93Hz filtered=1 peak=0.07296
2025-12-26 02:15:11 [detection] LOW E RAW PITCH: detected=93.93Hz filtered=1 peak=0.06151
2025-12-26 02:15:11 [detection] LOW E RAW PITCH: detected=93.93Hz filtered=1 peak=0.09905
2025-12-26 02:15:11 [detection] LOW E RAW PITCH: detected=93.93Hz filtered=1 peak=0.17353
2025-12-26 02:15:11 [detection] LOW E RAW PITCH: detected=93.93Hz filtered=1 peak=0.07262
2025-12-26 02:15:11 [detection] LOW E RAW PITCH: detected=93.93Hz filtered=1 peak=0.07192
2025-12-26 02:15:11 [detection] LOW E RAW PITCH: detected=93.93Hz filtered=1 peak=0.09739
2025-12-26 02:15:11 [detection] LOW E RAW PITCH: detected=93.93Hz filtered=1 peak=0.17144
2025-12-26 02:15:11 [detection] LOW E RAW PITCH: detected=93.93Hz filtered=1 peak=0.13012
2025-12-26 02:15:11 [detection] LOW E RAW PITCH: detected=93.93Hz filtered=1 peak=0.07209
2025-12-26 02:15:11 [detection] LOW E RAW PITCH: detected=93.93Hz filtered=1 peak=0.05892
2025-12-26 02:15:11 [detection] LOW E RAW PITCH: detected=93.93Hz filtered=1 peak=0.16902
2025-12-26 02:15:11 [detection] LOW E RAW PITCH: detected=93.93Hz filtered=1 peak=0.16885
2025-12-26 02:15:11 [detection] LOW E RAW PITCH: detected=93.93Hz filtered=1 peak=0.07083
2025-12-26 02:15:11 [detection] LOW E RAW PITCH: detected=93.93Hz filtered=1 peak=0.04594
2025-12-26 02:15:11 [detection] LOW E RAW PITCH: detected=93.93Hz filtered=1 peak=0.11900
2025-12-26 02:15:11 [detection] LOW E RAW PITCH: detected=93.93Hz filtered=1 peak=0.16658
2025-12-26 02:15:11 [detection] LOW E RAW PITCH: detected=93.93Hz filtered=1 peak=0.07054
2025-12-26 02:15:11 [detection] LOW E RAW PITCH: detected=93.93Hz filtered=1 peak=0.06223
2025-12-26 02:15:11 [detection] LOW E RAW PITCH: detected=93.93Hz filtered=1 peak=0.09278
2025-12-26 02:15:11 [detection] LOW E RAW PITCH: detected=93.93Hz filtered=1 peak=0.16479
2025-12-26 02:15:11 [detection] LOW E RAW PITCH: detected=93.93Hz filtered=1 peak=0.07053
2025-12-26 02:15:11 [detection] LOW E RAW PITCH: detected=93.93Hz filtered=1 peak=0.07043
2025-12-26 02:15:11 [detection] LOW E RAW PITCH: detected=93.93Hz filtered=1 peak=0.09114
2025-12-26 02:15:11 [detection] LOW E RAW PITCH: detected=93.93Hz filtered=1 peak=0.16275
2025-12-26 02:15:11 [detection] LOW E RAW PITCH: detected=93.93Hz filtered=1 peak=0.13363
2025-12-26 02:15:11 [detection] LOW E RAW PITCH: detected=93.93Hz filtered=1 peak=0.06945
2025-12-26 02:15:11 [detection] LOW E RAW PITCH: detected=93.93Hz filtered=1 peak=0.04749
2025-12-26 02:15:11 [detection] LOW E RAW PITCH: detected=93.93Hz filtered=1 peak=0.15911
2025-12-26 02:15:11 [detection] LOW E RAW PITCH: detected=93.93Hz filtered=1 peak=0.16002
2025-12-26 02:15:11 [detection] LOW E RAW PITCH: detected=93.93Hz filtered=1 peak=0.06846
2025-12-26 02:15:11 [detection] LOW E RAW PITCH: detected=93.93Hz filtered=1 peak=0.04719
2025-12-26 02:15:11 [detection] LOW E RAW PITCH: detected=93.93Hz filtered=1 peak=0.09609
2025-12-26 02:15:11 [detection] LOW E RAW PITCH: detected=93.93Hz filtered=1 peak=0.15822
2025-12-26 02:15:11 [detection] LOW E RAW PITCH: detected=93.93Hz filtered=1 peak=0.06836
2025-12-26 02:15:11 [detection] LOW E RAW PITCH: detected=93.93Hz filtered=1 peak=0.06317
2025-12-26 02:15:11 [detection] LOW E RAW PITCH: detected=93.93Hz filtered=1 peak=0.08648
2025-12-26 02:15:11 [detection] LOW E RAW PITCH: detected=93.93Hz filtered=1 peak=0.15685
2025-12-26 02:15:11 [detection] LOW E RAW PITCH: detected=93.93Hz filtered=1 peak=0.07856
2025-12-26 02:15:11 [detection] LOW E RAW PITCH: detected=93.93Hz filtered=1 peak=0.06772
2025-12-26 02:15:11 [detection] LOW E RAW PITCH: detected=93.93Hz filtered=1 peak=0.08482
2025-12-26 02:15:11 [detection] LOW E RAW PITCH: detected=93.93Hz filtered=1 peak=0.15414
2025-12-26 02:15:11 [detection] LOW E RAW PITCH: detected=93.93Hz filtered=1 peak=0.13570
2025-12-26 02:15:11 [detection] LOW E RAW PITCH: detected=93.93Hz filtered=1 peak=0.06695
2025-12-26 02:15:11 [detection] LOW E RAW PITCH: detected=93.93Hz filtered=1 peak=0.03700
2025-12-26 02:15:11 [detection] LOW E RAW PITCH: detected=93.93Hz filtered=1 peak=0.14762
2025-12-26 02:15:11 [detection] LOW E RAW PITCH: detected=93.93Hz filtered=1 peak=0.15230
2025-12-26 02:15:11 [detection] LOW E RAW PITCH: detected=93.93Hz filtered=1 peak=0.06723
2025-12-26 02:15:11 [detection] LOW E RAW PITCH: detected=93.93Hz filtered=1 peak=0.04972
2025-12-26 02:15:11 [detection] LOW E RAW PITCH: detected=93.93Hz filtered=1 peak=0.08274
2025-12-26 02:15:11 [detection] LOW E RAW PITCH: detected=93.93Hz filtered=1 peak=0.15068
2025-12-26 02:15:11 [detection] LOW E RAW PITCH: detected=93.93Hz filtered=1 peak=0.06635
2025-12-26 02:15:11 [detection] LOW E RAW PITCH: detected=93.93Hz filtered=1 peak=0.06329
2025-12-26 02:15:11 [detection] LOW E RAW PITCH: detected=93.93Hz filtered=1 peak=0.08224
2025-12-26 02:15:11 [detection] LOW E RAW PITCH: detected=93.93Hz filtered=1 peak=0.14830
2025-12-26 02:15:11 [detection] LOW E RAW PITCH: detected=93.93Hz filtered=1 peak=0.08703
2025-12-26 02:15:11 [detection] LOW E RAW PITCH: detected=93.93Hz filtered=1 peak=0.06562
2025-12-26 02:15:11 [detection] LOW E RAW PITCH: detected=93.93Hz filtered=1 peak=0.07687
2025-12-26 02:15:11 [detection] LOW E RAW PITCH: detected=93.93Hz filtered=1 peak=0.14624
2025-12-26 02:15:11 [detection] LOW E RAW PITCH: detected=93.93Hz filtered=1 peak=0.13675
2025-12-26 02:15:11 [detection] LOW E RAW PITCH: detected=93.93Hz filtered=1 peak=0.06560
2025-12-26 02:15:11 [detection] LOW E RAW PITCH: detected=93.93Hz filtered=1 peak=0.03967
2025-12-26 02:15:11 [detection] LOW E RAW PITCH: detected=93.93Hz filtered=1 peak=0.13369
2025-12-26 02:15:11 [detection] LOW E RAW PITCH: detected=93.93Hz filtered=1 peak=0.14530
2025-12-26 02:15:11 [detection] LOW E RAW PITCH: detected=93.93Hz filtered=1 peak=0.06492
2025-12-26 02:15:11 [detection] LOW E RAW PITCH: detected=93.93Hz filtered=1 peak=0.05120
2025-12-26 02:15:11 [detection] LOW E RAW PITCH: detected=93.93Hz filtered=1 peak=0.07940
2025-12-26 02:15:11 [detection] LOW E RAW PITCH: detected=93.93Hz filtered=1 peak=0.14302
2025-12-26 02:15:11 [detection] LOW E RAW PITCH: detected=93.93Hz filtered=1 peak=0.06390
2025-12-26 02:15:11 [detection] LOW E RAW PITCH: detected=93.93Hz filtered=1 peak=0.06256
2025-12-26 02:15:11 [detection] LOW E RAW PITCH: detected=93.93Hz filtered=1 peak=0.07791
2025-12-26 02:15:11 [detection] LOW E RAW PITCH: detected=93.93Hz filtered=1 peak=0.14113
2025-12-26 02:15:11 [detection] LOW E RAW PITCH: detected=93.93Hz filtered=1 peak=0.09525
2025-12-26 02:15:11 [detection] LOW E RAW PITCH: detected=93.93Hz filtered=1 peak=0.06395
2025-12-26 02:15:11 [detection] LOW E RAW PITCH: detected=93.93Hz filtered=1 peak=0.06632
2025-12-26 02:15:11 [detection] LOW E RAW PITCH: detected=93.93Hz filtered=1 peak=0.13968
2025-12-26 02:15:11 [detection] LOW E RAW PITCH: detected=93.93Hz filtered=1 peak=0.13621
2025-12-26 02:15:11 [detection] LOW E RAW PITCH: detected=93.93Hz filtered=1 peak=0.06330
2025-12-26 02:15:11 [detection] LOW E RAW PITCH: detected=93.93Hz filtered=1 peak=0.04187
2025-12-26 02:15:11 [detection] LOW E RAW PITCH: detected=93.93Hz filtered=1 peak=0.11538
2025-12-26 02:15:11 [detection] LOW E RAW PITCH: detected=93.93Hz filtered=1 peak=0.13760
2025-12-26 02:15:11 [detection] LOW E RAW PITCH: detected=93.93Hz filtered=1 peak=0.06226
2025-12-26 02:15:11 [detection] LOW E RAW PITCH: detected=93.93Hz filtered=1 peak=0.05248
2025-12-26 02:15:11 [detection] LOW E RAW PITCH: detected=93.93Hz filtered=1 peak=0.07511
2025-12-26 02:15:11 [detection] LOW E RAW PITCH: detected=93.93Hz filtered=1 peak=0.13583
2025-12-26 02:15:11 [detection] LOW E RAW PITCH: detected=93.93Hz filtered=1 peak=0.06233
2025-12-26 02:15:11 [detection] LOW E RAW PITCH: detected=93.93Hz filtered=1 peak=0.06228
2025-12-26 02:15:11 [detection] LOW E RAW PITCH: detected=93.93Hz filtered=1 peak=0.07390
2025-12-26 02:15:11 [detection] LOW E RAW PITCH: detected=93.93Hz filtered=1 peak=0.13430
2025-12-26 02:15:11 [detection] LOW E RAW PITCH: detected=93.93Hz filtered=1 peak=0.10274
2025-12-26 02:15:11 [detection] LOW E RAW PITCH: detected=93.93Hz filtered=1 peak=0.06195
2025-12-26 02:15:11 [detection] LOW E RAW PITCH: detected=93.93Hz filtered=1 peak=0.05440
2025-12-26 02:15:11 [detection] LOW E RAW PITCH: detected=93.93Hz filtered=1 peak=0.13273
2025-12-26 02:15:11 [detection] LOW E RAW PITCH: detected=93.93Hz filtered=1 peak=0.13251
2025-12-26 02:15:11 [detection] LOW E RAW PITCH: detected=93.93Hz filtered=1 peak=0.06142
2025-12-26 02:15:11 [detection] LOW E RAW PITCH: detected=93.93Hz filtered=1 peak=0.04371
2025-12-26 02:15:11 [detection] LOW E RAW PITCH: detected=93.93Hz filtered=1 peak=0.09463
2025-12-26 02:15:11 [detection] LOW E RAW PITCH: detected=93.93Hz filtered=1 peak=0.13082
2025-12-26 02:15:11 [detection] LOW E RAW PITCH: detected=93.93Hz filtered=1 peak=0.06078
2025-12-26 02:15:11 [detection] LOW E RAW PITCH: detected=93.93Hz filtered=1 peak=0.05419
2025-12-26 02:15:11 [detection] LOW E RAW PITCH: detected=93.93Hz filtered=1 peak=0.07188
2025-12-26 02:15:11 [detection] LOW E RAW PITCH: detected=93.93Hz filtered=1 peak=0.12949
2025-12-26 02:15:11 [detection] LOW E RAW PITCH: detected=93.93Hz filtered=1 peak=0.06357
2025-12-26 02:15:11 [detection] LOW E RAW PITCH: detected=93.93Hz filtered=1 peak=0.06049
2025-12-26 02:15:11 [detection] LOW E RAW PITCH: detected=93.93Hz filtered=1 peak=0.07086
2025-12-26 02:15:11 [detection] LOW E RAW PITCH: detected=93.93Hz filtered=1 peak=0.12855
2025-12-26 02:15:11 [detection] LOW E RAW PITCH: detected=93.93Hz filtered=1 peak=0.10923
2025-12-26 02:15:11 [detection] LOW E RAW PITCH: detected=93.93Hz filtered=1 peak=0.05969
2025-12-26 02:15:11 [detection] LOW E RAW PITCH: detected=93.93Hz filtered=1 peak=0.04152
2025-12-26 02:15:11 [detection] LOW E RAW PITCH: detected=93.93Hz filtered=1 peak=0.12499
2025-12-26 02:15:11 [detection] LOW E RAW PITCH: detected=93.93Hz filtered=1 peak=0.12637
2025-12-26 02:15:11 [detection] LOW E RAW PITCH: detected=93.93Hz filtered=1 peak=0.05933
2025-12-26 02:15:11 [detection] LOW E RAW PITCH: detected=93.93Hz filtered=1 peak=0.04533
2025-12-26 02:15:11 [detection] LOW E RAW PITCH: detected=93.93Hz filtered=1 peak=0.07054
2025-12-26 02:15:11 [detection] LOW E RAW PITCH: detected=93.93Hz filtered=1 peak=0.12508
2025-12-26 02:15:11 [detection] LOW E RAW PITCH: detected=93.93Hz filtered=1 peak=0.05918
2025-12-26 02:15:11 [detection] LOW E RAW PITCH: detected=93.93Hz filtered=1 peak=0.05585
2025-12-26 02:15:11 [detection] LOW E RAW PITCH: detected=93.93Hz filtered=1 peak=0.06877
2025-12-26 02:15:11 [detection] LOW E RAW PITCH: detected=93.93Hz filtered=1 peak=0.12389
2025-12-26 02:15:11 [detection] LOW E RAW PITCH: detected=93.93Hz filtered=1 peak=0.07468
2025-12-26 02:15:11 [detection] LOW E RAW PITCH: detected=93.93Hz filtered=1 peak=0.05822
2025-12-26 02:15:11 [detection] LOW E RAW PITCH: detected=93.93Hz filtered=1 peak=0.06739
2025-12-26 02:15:11 [detection] LOW E RAW PITCH: detected=93.93Hz filtered=1 peak=0.12215
2025-12-26 02:15:11 [detection] LOW E RAW PITCH: detected=93.93Hz filtered=1 peak=0.11312
2025-12-26 02:15:11 [detection] LOW E RAW PITCH: detected=93.93Hz filtered=1 peak=0.05782
2025-12-26 02:15:11 [detection] LOW E RAW PITCH: detected=93.93Hz filtered=1 peak=0.03988
2025-12-26 02:15:11 [detection] LOW E RAW PITCH: detected=93.93Hz filtered=1 peak=0.11358
2025-12-26 02:15:11 [detection] LOW E RAW PITCH: detected=93.93Hz filtered=1 peak=0.12081
2025-12-26 02:15:11 [detection] LOW E RAW PITCH: detected=93.93Hz filtered=1 peak=0.05795
2025-12-26 02:15:11 [detection] LOW E RAW PITCH: detected=93.93Hz filtered=1 peak=0.04796
2025-12-26 02:15:11 [detection] LOW E RAW PITCH: detected=93.93Hz filtered=1 peak=0.06689
2025-12-26 02:15:11 [detection] LOW E RAW PITCH: detected=93.93Hz filtered=1 peak=0.11923
2025-12-26 02:15:11 [detection] LOW E RAW PITCH: detected=93.93Hz filtered=1 peak=0.05657
2025-12-26 02:15:11 [detection] LOW E RAW PITCH: detected=93.93Hz filtered=1 peak=0.05584
2025-12-26 02:15:11 [detection] LOW E RAW PITCH: detected=93.93Hz filtered=1 peak=0.06687
2025-12-26 02:15:11 [detection] LOW E RAW PITCH: detected=93.93Hz filtered=1 peak=0.11758
2025-12-26 02:15:11 [detection] LOW E RAW PITCH: detected=93.93Hz filtered=1 peak=0.08378
2025-12-26 02:15:11 [detection] LOW E RAW PITCH: detected=93.93Hz filtered=1 peak=0.05609
2025-12-26 02:15:11 [detection] LOW E RAW PITCH: detected=93.93Hz filtered=1 peak=0.05855
2025-12-26 02:15:11 [detection] LOW E RAW PITCH: detected=93.93Hz filtered=1 peak=0.11628
2025-12-26 02:15:11 [detection] LOW E RAW PITCH: detected=93.93Hz filtered=1 peak=0.11413
2025-12-26 02:15:11 [detection] LOW E RAW PITCH: detected=93.93Hz filtered=1 peak=0.05599
2025-12-26 02:15:11 [detection] LOW E RAW PITCH: detected=93.93Hz filtered=1 peak=0.04261
2025-12-26 02:15:11 [detection] LOW E RAW PITCH: detected=93.93Hz filtered=1 peak=0.09649
2025-12-26 02:15:11 [detection] LOW E RAW PITCH: detected=93.93Hz filtered=1 peak=0.11505
2025-12-26 02:15:11 [detection] LOW E RAW PITCH: detected=93.93Hz filtered=1 peak=0.05513
2025-12-26 02:15:11 [detection] LOW E RAW PITCH: detected=93.93Hz filtered=1 peak=0.04962
2025-12-26 02:15:11 [detection] LOW E RAW PITCH: detected=93.93Hz filtered=1 peak=0.06527
2025-12-26 02:15:11 [detection] LOW E RAW PITCH: detected=93.93Hz filtered=1 peak=0.11363
2025-12-26 02:15:11 [detection] LOW E RAW PITCH: detected=93.93Hz filtered=1 peak=0.05380
2025-12-26 02:15:11 [detection] LOW E RAW PITCH: detected=93.93Hz filtered=1 peak=0.05382
2025-12-26 02:15:11 [detection] LOW E RAW PITCH: detected=93.93Hz filtered=1 peak=0.06424
2025-12-26 02:15:11 [detection] LOW E RAW PITCH: detected=93.93Hz filtered=1 peak=0.11218
2025-12-26 02:15:11 [detection] LOW E RAW PITCH: detected=93.93Hz filtered=1 peak=0.09113
2025-12-26 02:15:11 [detection] LOW E RAW PITCH: detected=93.93Hz filtered=1 peak=0.05403
2025-12-26 02:15:11 [detection] LOW E RAW PITCH: detected=93.93Hz filtered=1 peak=0.04693
2025-12-26 02:15:11 [detection] LOW E RAW PITCH: detected=93.93Hz filtered=1 peak=0.11157
2025-12-26 02:15:11 [detection] LOW E RAW PITCH: detected=93.93Hz filtered=1 peak=0.11161
2025-12-26 02:15:11 [detection] LOW E RAW PITCH: detected=93.93Hz filtered=1 peak=0.05371
2025-12-26 02:15:11 [detection] LOW E RAW PITCH: detected=93.93Hz filtered=1 peak=0.04484
2025-12-26 02:15:11 [detection] LOW E RAW PITCH: detected=93.93Hz filtered=1 peak=0.07509
2025-12-26 02:15:11 [detection] LOW E RAW PITCH: detected=93.93Hz filtered=1 peak=0.11005
2025-12-26 02:15:11 [detection] LOW E RAW PITCH: detected=93.93Hz filtered=1 peak=0.05247
2025-12-26 02:15:11 [detection] LOW E RAW PITCH: detected=93.93Hz filtered=1 peak=0.04997
2025-12-26 02:15:11 [detection] LOW E RAW PITCH: detected=93.93Hz filtered=1 peak=0.06260
2025-12-26 02:15:11 [detection] LOW E RAW PITCH: detected=93.93Hz filtered=1 peak=0.10844
2025-12-26 02:15:11 [detection] LOW E RAW PITCH: detected=93.93Hz filtered=1 peak=0.06218
2025-12-26 02:15:11 [detection] LOW E RAW PITCH: detected=93.93Hz filtered=1 peak=0.05234
2025-12-26 02:15:11 [detection] LOW E RAW PITCH: detected=93.93Hz filtered=1 peak=0.06189
2025-12-26 02:15:11 [detection] LOW E RAW PITCH: detected=93.93Hz filtered=1 peak=0.10756
2025-12-26 02:15:11 [detection] LOW E RAW PITCH: detected=93.93Hz filtered=1 peak=0.09732
2025-12-26 02:15:11 [detection] LOW E RAW PITCH: detected=93.93Hz filtered=1 peak=0.05207
2025-12-26 02:15:11 [detection] LOW E RAW PITCH: detected=93.93Hz filtered=1 peak=0.03863
2025-12-26 02:15:11 [detection] LOW E RAW PITCH: detected=93.93Hz filtered=1 peak=0.10281
2025-12-26 02:15:11 [detection] LOW E RAW PITCH: detected=93.93Hz filtered=1 peak=0.10642
2025-12-26 02:15:11 [detection] LOW E RAW PITCH: detected=93.93Hz filtered=1 peak=0.05150
2025-12-26 02:15:11 [detection] LOW E RAW PITCH: detected=93.93Hz filtered=1 peak=0.04608
2025-12-26 02:15:11 [detection] LOW E RAW PITCH: detected=93.93Hz filtered=1 peak=0.06115
2025-12-26 02:15:11 [detection] LOW E RAW PITCH: detected=93.93Hz filtered=1 peak=0.10473
2025-12-26 02:15:11 [detection] LOW E RAW PITCH: detected=93.93Hz filtered=1 peak=0.05099
2025-12-26 02:15:11 [detection] LOW E RAW PITCH: detected=93.93Hz filtered=1 peak=0.05052
2025-12-26 02:15:11 [detection] LOW E RAW PITCH: detected=93.93Hz filtered=1 peak=0.06025
2025-12-26 02:15:11 [detection] LOW E RAW PITCH: detected=93.93Hz filtered=1 peak=0.10424
2025-12-26 02:15:11 [detection] LOW E RAW PITCH: detected=93.93Hz filtered=1 peak=0.07269
2025-12-26 02:15:11 [detection] LOW E RAW PITCH: detected=93.93Hz filtered=1 peak=0.05101
2025-12-26 02:15:11 [detection] LOW E RAW PITCH: detected=93.93Hz filtered=1 peak=0.05732
2025-12-26 02:15:11 [detection] LOW E RAW PITCH: detected=93.93Hz filtered=1 peak=0.10314
2025-12-26 02:15:11 [detection] LOW E RAW PITCH: detected=93.93Hz filtered=1 peak=0.10070
2025-12-26 02:15:11 [detection] LOW E RAW PITCH: detected=93.93Hz filtered=1 peak=0.04964
2025-12-26 02:15:11 [detection] LOW E RAW PITCH: detected=93.93Hz filtered=1 peak=0.04161
2025-12-26 02:15:11 [detection] LOW E RAW PITCH: detected=93.93Hz filtered=1 peak=0.08777
2025-12-26 02:15:11 [detection] LOW E RAW PITCH: detected=93.93Hz filtered=1 peak=0.10159
2025-12-26 02:15:11 [detection] LOW E RAW PITCH: detected=93.93Hz filtered=1 peak=0.04959
2025-12-26 02:15:11 [detection] LOW E RAW PITCH: detected=93.93Hz filtered=1 peak=0.04764
2025-12-26 02:15:11 [detection] LOW E RAW PITCH: detected=93.93Hz filtered=1 peak=0.05896
2025-12-26 02:15:11 [detection] LOW E RAW PITCH: detected=93.93Hz filtered=1 peak=0.10068
2025-12-26 02:15:11 [detection] LOW E RAW PITCH: detected=93.93Hz filtered=1 peak=0.04881
2025-12-26 02:15:11 [detection] LOW E RAW PITCH: detected=93.93Hz filtered=1 peak=0.04905
2025-12-26 02:15:11 [detection] LOW E RAW PITCH: detected=93.93Hz filtered=1 peak=0.05881
2025-12-26 02:15:11 [detection] LOW E RAW PITCH: detected=93.93Hz filtered=1 peak=0.10010
2025-12-26 02:15:11 [detection] LOW E RAW PITCH: detected=93.93Hz filtered=1 peak=0.08181
2025-12-26 02:15:11 [detection] LOW E RAW PITCH: detected=93.93Hz filtered=1 peak=0.04900
2025-12-26 02:15:11 [detection] LOW E RAW PITCH: detected=93.93Hz filtered=1 peak=0.04641
2025-12-26 02:15:11 [detection] LOW E RAW PITCH: detected=93.93Hz filtered=1 peak=0.09861
2025-12-26 02:15:11 [detection] LOW E RAW PITCH: detected=93.93Hz filtered=1 peak=0.09866
2025-12-26 02:15:11 [detection] LOW E RAW PITCH: detected=93.93Hz filtered=1 peak=0.04848
2025-12-26 02:15:11 [detection] LOW E RAW PITCH: detected=93.93Hz filtered=1 peak=0.04415
2025-12-26 02:15:11 [detection] LOW E RAW PITCH: detected=93.93Hz filtered=1 peak=0.06776
2025-12-26 02:15:11 [detection] LOW E RAW PITCH: detected=93.93Hz filtered=1 peak=0.09750
2025-12-26 02:15:11 [detection] LOW E RAW PITCH: detected=93.93Hz filtered=1 peak=0.04863
2025-12-26 02:15:11 [detection] LOW E RAW PITCH: detected=93.93Hz filtered=1 peak=0.04821
2025-12-26 02:15:11 [detection] LOW E RAW PITCH: detected=93.93Hz filtered=1 peak=0.05706
2025-12-26 02:15:11 [detection] LOW E RAW PITCH: detected=93.93Hz filtered=1 peak=0.09715
2025-12-26 02:15:11 [detection] LOW E RAW PITCH: detected=93.93Hz filtered=1 peak=0.05836
2025-12-26 02:15:11 [detection] LOW E RAW PITCH: detected=93.93Hz filtered=1 peak=0.04776
2025-12-26 02:15:11 [detection] LOW E RAW PITCH: detected=93.93Hz filtered=1 peak=0.05746
2025-12-26 02:15:11 [detection] LOW E RAW PITCH: detected=93.93Hz filtered=1 peak=0.09587
2025-12-26 02:15:11 [detection] LOW E RAW PITCH: detected=93.93Hz filtered=1 peak=0.08761
2025-12-26 02:15:11 [detection] LOW E RAW PITCH: detected=93.93Hz filtered=1 peak=0.04696
2025-12-26 02:15:11 [detection] LOW E RAW PITCH: detected=93.93Hz filtered=1 peak=0.03787
2025-12-26 02:15:11 [detection] LOW E RAW PITCH: detected=93.93Hz filtered=1 peak=0.09099
2025-12-26 02:15:11 [detection] LOW E RAW PITCH: detected=93.93Hz filtered=1 peak=0.09487
2025-12-26 02:15:11 [detection] LOW E RAW PITCH: detected=93.93Hz filtered=1 peak=0.04704
2025-12-26 02:15:11 [detection] LOW E RAW PITCH: detected=93.93Hz filtered=1 peak=0.04554
2025-12-26 02:15:11 [detection] LOW E RAW PITCH: detected=93.93Hz filtered=1 peak=0.05620
2025-12-26 02:15:11 [detection] LOW E RAW PITCH: detected=93.93Hz filtered=1 peak=0.09403
2025-12-26 02:15:11 [detection] LOW E RAW PITCH: detected=93.93Hz filtered=1 peak=0.04655
2025-12-26 02:15:11 [detection] LOW E RAW PITCH: detected=93.93Hz filtered=1 peak=0.04675
2025-12-26 02:15:11 [detection] LOW E RAW PITCH: detected=93.93Hz filtered=1 peak=0.05593
2025-12-26 02:15:11 [detection] LOW E RAW PITCH: detected=93.93Hz filtered=1 peak=0.09298
2025-12-26 02:15:11 [detection] LOW E RAW PITCH: detected=93.93Hz filtered=1 peak=0.06669
2025-12-26 02:15:11 [detection] LOW E RAW PITCH: detected=93.93Hz filtered=1 peak=0.04625
2025-12-26 02:15:11 [detection] LOW E RAW PITCH: detected=93.93Hz filtered=1 peak=0.05348
2025-12-26 02:15:11 [detection] LOW E RAW PITCH: detected=93.93Hz filtered=1 peak=0.09199
2025-12-26 02:15:11 [detection] LOW E RAW PITCH: detected=93.93Hz filtered=1 peak=0.09011
2025-12-26 02:15:11 [detection] LOW E RAW PITCH: detected=93.93Hz filtered=1 peak=0.04678
2025-12-26 02:15:11 [detection] LOW E RAW PITCH: detected=93.93Hz filtered=1 peak=0.04220
2025-12-26 02:15:11 [detection] LOW E RAW PITCH: detected=93.93Hz filtered=1 peak=0.07785
2025-12-26 02:15:11 [detection] LOW E RAW PITCH: detected=93.93Hz filtered=1 peak=0.09162
2025-12-26 02:15:11 [detection] LOW E RAW PITCH: detected=93.93Hz filtered=1 peak=0.04632
2025-12-26 02:15:11 [detection] LOW E RAW PITCH: detected=93.93Hz filtered=1 peak=0.04623
2025-12-26 02:15:11 [detection] LOW E RAW PITCH: detected=93.93Hz filtered=1 peak=0.05463
2025-12-26 02:15:11 [detection] LOW E RAW PITCH: detected=93.93Hz filtered=1 peak=0.09027
2025-12-26 02:15:11 [detection] LOW E RAW PITCH: detected=93.93Hz filtered=1 peak=0.04771
2025-12-26 02:15:11 [detection] LOW E RAW PITCH: detected=93.93Hz filtered=1 peak=0.04602
2025-12-26 02:15:11 [detection] LOW E RAW PITCH: detected=93.93Hz filtered=1 peak=0.05436
2025-12-26 02:15:11 [detection] LOW E RAW PITCH: detected=93.93Hz filtered=1 peak=0.08957
2025-12-26 02:15:11 [detection] LOW E RAW PITCH: detected=93.93Hz filtered=1 peak=0.07368
2025-12-26 02:15:11 [detection] LOW E RAW PITCH: detected=93.93Hz filtered=1 peak=0.04602
2025-12-26 02:15:11 [detection] LOW E RAW PITCH: detected=93.93Hz filtered=1 peak=0.04398
2025-12-26 02:15:11 [detection] LOW E RAW PITCH: detected=93.93Hz filtered=1 peak=0.08875
2025-12-26 02:15:11 [detection] LOW E RAW PITCH: detected=93.93Hz filtered=1 peak=0.08883
2025-12-26 02:15:11 [detection] LOW E RAW PITCH: detected=93.93Hz filtered=1 peak=0.04620
2025-12-26 02:15:11 [detection] LOW E RAW PITCH: detected=93.93Hz filtered=1 peak=0.04461
2025-12-26 02:15:11 [detection] LOW E RAW PITCH: detected=93.93Hz filtered=1 peak=0.05978
2025-12-26 02:15:11 [detection] LOW E RAW PITCH: detected=93.93Hz filtered=1 peak=0.08832
2025-12-26 02:15:11 [detection] LOW E RAW PITCH: detected=93.93Hz filtered=1 peak=0.04549
2025-12-26 02:15:11 [detection] LOW E RAW PITCH: detected=93.93Hz filtered=1 peak=0.04591
2025-12-26 02:15:11 [detection] LOW E RAW PITCH: detected=93.93Hz filtered=1 peak=0.05361
2025-12-26 02:15:11 [detection] LOW E RAW PITCH: detected=93.93Hz filtered=1 peak=0.08777
2025-12-26 02:15:11 [detection] LOW E RAW PITCH: detected=93.93Hz filtered=1 peak=0.05535
2025-12-26 02:15:11 [detection] LOW E RAW PITCH: detected=93.93Hz filtered=1 peak=0.04631
2025-12-26 02:15:11 [detection] LOW E RAW PITCH: detected=93.93Hz filtered=1 peak=0.05299
2025-12-26 02:15:11 [detection] LOW E RAW PITCH: detected=93.93Hz filtered=1 peak=0.08843
2025-12-26 02:15:11 [detection] LOW E RAW PITCH: detected=93.93Hz filtered=1 peak=0.08066
2025-12-26 02:15:11 [detection] LOW E RAW PITCH: detected=93.93Hz filtered=1 peak=0.04656
2025-12-26 02:15:11 [detection] LOW E RAW PITCH: detected=93.93Hz filtered=1 peak=0.03869
2025-12-26 02:15:11 [detection] LOW E RAW PITCH: detected=93.93Hz filtered=1 peak=0.08308
2025-12-26 02:15:11 [detection] LOW E RAW PITCH: detected=93.93Hz filtered=1 peak=0.08684
2025-12-26 02:15:11 [detection] LOW E RAW PITCH: detected=93.93Hz filtered=1 peak=0.04611
2025-12-26 02:15:11 [detection] LOW E RAW PITCH: detected=93.93Hz filtered=1 peak=0.04590
2025-12-26 02:15:11 [detection] LOW E RAW PITCH: detected=93.93Hz filtered=1 peak=0.05277
2025-12-26 02:15:11 [detection] LOW E RAW PITCH: detected=93.93Hz filtered=1 peak=0.08620
2025-12-26 02:15:11 [detection] LOW E RAW PITCH: detected=93.93Hz filtered=1 peak=0.04441
2025-12-26 02:15:11 [detection] LOW E RAW PITCH: detected=93.93Hz filtered=1 peak=0.04648
2025-12-26 02:15:11 [detection] LOW E RAW PITCH: detected=93.93Hz filtered=1 peak=0.05174
2025-12-26 02:15:11 [detection] LOW E RAW PITCH: detected=93.93Hz filtered=1 peak=0.08582
2025-12-26 02:15:11 [detection] LOW E RAW PITCH: detected=93.93Hz filtered=1 peak=0.06290
2025-12-26 02:15:11 [detection] LOW E RAW PITCH: detected=93.93Hz filtered=1 peak=0.04689
2025-12-26 02:15:11 [detection] LOW E RAW PITCH: detected=93.93Hz filtered=1 peak=0.05069
2025-12-26 02:15:11 [detection] LOW E RAW PITCH: detected=93.93Hz filtered=1 peak=0.08523
2025-12-26 02:15:11 [detection] LOW E RAW PITCH: detected=93.93Hz filtered=1 peak=0.08323
2025-12-26 02:15:11 [detection] LOW E RAW PITCH: detected=93.93Hz filtered=1 peak=0.04635
2025-12-26 02:15:11 [detection] LOW E RAW PITCH: detected=93.93Hz filtered=1 peak=0.04246
2025-12-26 02:15:11 [detection] LOW E RAW PITCH: detected=93.93Hz filtered=1 peak=0.07184
2025-12-26 02:15:11 [detection] LOW E RAW PITCH: detected=93.93Hz filtered=1 peak=0.08443
2025-12-26 02:15:11 [detection] LOW E RAW PITCH: detected=93.93Hz filtered=1 peak=0.04613
2025-12-26 02:15:11 [detection] LOW E RAW PITCH: detected=93.93Hz filtered=1 peak=0.04623
2025-12-26 02:15:11 [detection] LOW E RAW PITCH: detected=93.93Hz filtered=1 peak=0.05106
2025-12-26 02:15:11 [detection] LOW E RAW PITCH: detected=93.93Hz filtered=1 peak=0.08402
2025-12-26 02:15:11 [detection] LOW E RAW PITCH: detected=93.93Hz filtered=1 peak=0.04841
2025-12-26 02:15:11 [detection] LOW E RAW PITCH: detected=93.93Hz filtered=1 peak=0.04697
2025-12-26 02:15:11 [detection] LOW E RAW PITCH: detected=93.93Hz filtered=1 peak=0.05116
2025-12-26 02:15:11 [detection] LOW E RAW PITCH: detected=93.93Hz filtered=1 peak=0.08402
2025-12-26 02:15:11 [detection] LOW E RAW PITCH: detected=93.93Hz filtered=1 peak=0.06990
2025-12-26 02:15:11 [detection] LOW E RAW PITCH: detected=93.93Hz filtered=1 peak=0.04678
2025-12-26 02:15:11 [detection] LOW E RAW PITCH: detected=93.93Hz filtered=1 peak=0.04462
2025-12-26 02:15:11 [detection] LOW E RAW PITCH: detected=93.93Hz filtered=1 peak=0.08309
2025-12-26 02:15:11 [detection] LOW E RAW PITCH: detected=93.93Hz filtered=1 peak=0.08312
2025-12-26 02:15:11 [detection] LOW E RAW PITCH: detected=93.93Hz filtered=1 peak=0.04709
2025-12-26 02:15:11 [detection] LOW E RAW PITCH: detected=93.93Hz filtered=1 peak=0.04572
2025-12-26 02:15:12 [detection] LOW E RAW PITCH: detected=93.93Hz filtered=1 peak=0.05643
2025-12-26 02:15:12 [detection] LOW E RAW PITCH: detected=93.93Hz filtered=1 peak=0.08243
2025-12-26 02:15:12 [detection] LOW E RAW PITCH: detected=93.93Hz filtered=1 peak=0.04574
2025-12-26 02:15:12 [detection] LOW E RAW PITCH: detected=93.93Hz filtered=1 peak=0.04709
2025-12-26 02:15:12 [detection] LOW E RAW PITCH: detected=93.93Hz filtered=1 peak=0.05028
2025-12-26 02:15:12 [detection] LOW E RAW PITCH: detected=93.93Hz filtered=1 peak=0.08180
2025-12-26 02:15:12 [detection] LOW E RAW PITCH: detected=93.93Hz filtered=1 peak=0.05567
2025-12-26 02:15:12 [detection] LOW E RAW PITCH: detected=93.93Hz filtered=1 peak=0.04686
2025-12-26 02:15:12 [detection] LOW E RAW PITCH: detected=93.93Hz filtered=1 peak=0.04992
2025-12-26 02:15:12 [detection] LOW E RAW PITCH: detected=93.93Hz filtered=1 peak=0.08081
2025-12-26 02:15:12 [detection] LOW E RAW PITCH: detected=93.93Hz filtered=1 peak=0.07384
2025-12-26 02:15:12 [detection] LOW E RAW PITCH: detected=93.93Hz filtered=1 peak=0.04655
2025-12-26 02:15:12 [detection] LOW E RAW PITCH: detected=93.93Hz filtered=1 peak=0.03816
2025-12-26 02:15:12 [detection] LOW E RAW PITCH: detected=93.93Hz filtered=1 peak=0.07692
2025-12-26 02:15:12 [detection] LOW E RAW PITCH: detected=93.93Hz filtered=1 peak=0.07976
2025-12-26 02:15:12 [detection] LOW E RAW PITCH: detected=93.93Hz filtered=1 peak=0.04680
2025-12-26 02:15:12 [detection] LOW E RAW PITCH: detected=93.93Hz filtered=1 peak=0.04669
2025-12-26 02:15:12 [detection] LOW E RAW PITCH: detected=93.93Hz filtered=1 peak=0.04828
2025-12-26 02:15:12 [detection] LOW E RAW PITCH: detected=93.93Hz filtered=1 peak=0.07889
2025-12-26 02:15:12 [detection] LOW E RAW PITCH: detected=93.93Hz filtered=1 peak=0.04246
2025-12-26 02:15:12 [detection] LOW E RAW PITCH: detected=93.93Hz filtered=1 peak=0.04634
2025-12-26 02:15:12 [detection] LOW E RAW PITCH: detected=93.93Hz filtered=1 peak=0.04819
2025-12-26 02:15:12 [detection] LOW E RAW PITCH: detected=93.93Hz filtered=1 peak=0.07761
2025-12-26 02:15:12 [detection] LOW E RAW PITCH: detected=93.93Hz filtered=1 peak=0.05991
2025-12-26 02:15:12 [detection] LOW E RAW PITCH: detected=93.93Hz filtered=1 peak=0.04540
2025-12-26 02:15:12 [detection] LOW E RAW PITCH: detected=93.93Hz filtered=1 peak=0.04651
2025-12-26 02:15:12 [detection] LOW E RAW PITCH: detected=93.93Hz filtered=1 peak=0.07569
2025-12-26 02:15:12 [detection] LOW E RAW PITCH: detected=93.93Hz filtered=1 peak=0.07401
2025-12-26 02:15:12 [detection] LOW E RAW PITCH: detected=93.93Hz filtered=1 peak=0.04530
2025-12-26 02:15:12 [detection] LOW E RAW PITCH: detected=93.93Hz filtered=1 peak=0.04190
2025-12-26 02:15:12 [detection] LOW E RAW PITCH: detected=93.93Hz filtered=1 peak=0.06320
2025-12-26 02:15:12 [detection] LOW E RAW PITCH: detected=93.93Hz filtered=1 peak=0.07469
2025-12-26 02:15:12 [detection] LOW E RAW PITCH: detected=93.93Hz filtered=1 peak=0.02309
2025-12-26 02:15:12 [detection] LOW E RAW PITCH: detected=93.93Hz filtered=1 peak=0.02045
2025-12-26 02:15:12 [detection] LOW E RAW PITCH: detected=93.93Hz filtered=1 peak=0.01851
2025-12-26 02:15:12 [detection] LOW E RAW PITCH: detected=93.93Hz filtered=1 peak=0.03834
2025-12-26 02:15:12 [detection] LOW E RAW PITCH: detected=93.93Hz filtered=1 peak=0.02222
2025-12-26 02:15:12 [detection] LOW E RAW PITCH: detected=93.93Hz filtered=1 peak=0.02222
2025-12-26 02:15:12 [detection] LOW E RAW PITCH: detected=93.93Hz filtered=1 peak=0.01845
2025-12-26 02:15:12 [detection] LOW E RAW PITCH: detected=95.19Hz filtered=1 peak=0.02400
2025-12-26 02:15:12 [detection] LOW E RAW PITCH: detected=97.37Hz filtered=1 peak=0.00658
2025-12-26 02:15:12 [detection] LOW E RAW PITCH: detected=97.59Hz filtered=1 peak=0.00803
2025-12-26 02:15:12 [detection] LOW E RAW PITCH: detected=97.73Hz filtered=1 peak=0.01691
2025-12-26 02:15:12 [detection] LOW E RAW PITCH: detected=98.60Hz filtered=1 peak=0.01821
2025-12-26 02:15:12 [detection] LOW E RAW PITCH: detected=100.48Hz filtered=1 peak=0.00690
2025-12-26 02:15:12 [detection] LOW E RAW PITCH: detected=100.26Hz filtered=1 peak=0.00992
2025-12-26 02:15:12 [detection] LOW E RAW PITCH: detected=98.44Hz filtered=1 peak=0.01165
2025-12-26 02:15:12 [detection] LOW E RAW PITCH: detected=99.27Hz filtered=1 peak=0.01105
2025-12-26 02:15:12 [detection] LOW E RAW PITCH: detected=99.19Hz filtered=1 peak=0.00595
2025-12-26 02:15:12 [detection] LOW E RAW PITCH: detected=99.16Hz filtered=1 peak=0.00671
2025-12-26 02:15:12 [detection] LOW E RAW PITCH: detected=101.96Hz filtered=1 peak=0.01045
2025-12-26 02:15:12 [detection] LOW E RAW PITCH: detected=100.81Hz filtered=1 peak=0.00813
2025-12-26 02:15:12 [detection] LOW E RAW PITCH: detected=100.87Hz filtered=1 peak=0.00508
2025-12-26 02:15:12 [detection] LOW E RAW PITCH: detected=100.65Hz filtered=1 peak=0.00509
2025-12-26 02:15:12 [detection] LOW E RAW PITCH: detected=98.42Hz filtered=1 peak=0.00586
2025-12-26 02:15:12 [detection] LOW E RAW PITCH: detected=98.89Hz filtered=1 peak=0.00307
2025-12-26 02:15:12 [detection] LOW E RAW PITCH: detected=99.06Hz filtered=1 peak=0.00375
2025-12-26 02:15:12 [detection] LOW E RAW PITCH: detected=99.00Hz filtered=1 peak=0.00320
2025-12-26 02:15:12 [detection] LOW E RAW PITCH: detected=101.31Hz filtered=1 peak=0.00300
2025-12-26 02:15:12 [detection] LOW E RAW PITCH: detected=101.05Hz filtered=1 peak=0.00218
2025-12-26 02:15:12 [detection] LOW E RAW PITCH: detected=101.82Hz filtered=1 peak=0.00225
2025-12-26 02:15:12 [detection] LOW E RAW PITCH: detected=102.51Hz filtered=1 peak=0.00293
2025-12-26 02:15:12 [detection] LOW E RAW PITCH: detected=102.66Hz filtered=1 peak=0.00293
2025-12-26 02:15:12 [detection] LOW E RAW PITCH: detected=100.64Hz filtered=1 peak=0.00224
2025-12-26 02:15:12 [detection] LOW E RAW PITCH: detected=100.14Hz filtered=1 peak=0.00222
2025-12-26 02:15:12 [detection] LOW E RAW PITCH: detected=96.38Hz filtered=1 peak=0.00183
2025-12-26 02:15:12 [detection] LOW E RAW PITCH: detected=98.24Hz filtered=1 peak=0.00170
2025-12-26 02:15:12 [detection] LOW E RAW PITCH: detected=99.01Hz filtered=1 peak=0.00126
2025-12-26 02:15:12 [detection] LOW E RAW PITCH: detected=100.42Hz filtered=1 peak=0.00111
2025-12-26 02:15:12 [detection] LOW E RAW PITCH: detected=103.35Hz filtered=1 peak=0.00174
2025-12-26 02:15:12 [detection] LOW E RAW PITCH: detected=103.32Hz filtered=1 peak=0.00093
2025-12-26 02:15:12 [detection]      S1F2 OFF (sharp-drop: 0.0145 -> 0.0008)
2025-12-26 02:15:12 [detection] LOW E RAW PITCH: detected=105.46Hz filtered=1 peak=0.00168
2025-12-26 02:15:12 [detection] LOW E RAW PITCH: detected=101.60Hz filtered=1 peak=0.00110
2025-12-26 02:15:12 [detection] LOW E RAW PITCH: detected=101.72Hz filtered=1 peak=0.00111
2025-12-26 02:15:12 [detection] LOW E RAW PITCH: detected=95.74Hz filtered=1 peak=0.00057
2025-12-26 02:15:12 [detection] LOW E RAW PITCH: detected=94.88Hz filtered=1 peak=0.00076
2025-12-26 02:15:12 [detection] LOW E RAW PITCH: detected=96.54Hz filtered=1 peak=0.00070
2025-12-26 02:15:12 [detection] LOW E RAW PITCH: detected=98.54Hz filtered=1 peak=0.00052
2025-12-26 02:15:12 [detection] LOW E RAW PITCH: detected=101.40Hz filtered=1 peak=0.00079
2025-12-26 02:15:12 [detection] LOW E RAW PITCH: detected=104.45Hz filtered=1 peak=0.00056
2025-12-26 02:15:12 [detection] LOW E RAW PITCH: detected=107.45Hz filtered=1 peak=0.00094
2025-12-26 02:15:12 [detection] LOW E RAW PITCH: detected=106.36Hz filtered=1 peak=0.00078
2025-12-26 02:15:12 [detection] LOW E RAW PITCH: detected=106.27Hz filtered=1 peak=0.00070
2025-12-26 02:15:12 [detection] LOW E RAW PITCH: detected=105.61Hz filtered=1 peak=0.00077
2025-12-26 02:15:12 [detection] LOW E RAW PITCH: detected=105.98Hz filtered=1 peak=0.00034
2025-12-26 02:15:12 [detection] LOW E RAW PITCH: detected=107.13Hz filtered=1 peak=0.00047
2025-12-26 02:15:12 [detection] LOW E RAW PITCH: detected=107.46Hz filtered=1 peak=0.00050
2025-12-26 02:15:12 [detection] LOW E RAW PITCH: detected=106.85Hz filtered=1 peak=0.00073
2025-12-26 02:15:12 [detection] LOW E RAW PITCH: detected=141.27Hz filtered=1 peak=0.00056
2025-12-26 02:15:12 [detection] LOW E RAW PITCH: detected=427.83Hz filtered=1 peak=0.00083
2025-12-26 02:15:12 [detection] LOW E RAW PITCH: detected=420.02Hz filtered=1 peak=0.00071
2025-12-26 02:15:12 [detection] LOW E RAW PITCH: detected=418.14Hz filtered=1 peak=0.00072
2025-12-26 02:15:12 [detection] LOW E RAW PITCH: detected=425.49Hz filtered=1 peak=0.00057
2025-12-26 02:15:12 [detection] LOW E RAW PITCH: detected=441.93Hz filtered=1 peak=0.00047
2025-12-26 02:15:12 [detection] LOW E RAW PITCH: detected=105.61Hz filtered=1 peak=0.00062
2025-12-26 02:15:12 [detection] LOW E RAW PITCH: detected=105.66Hz filtered=1 peak=0.00057
2025-12-26 02:15:12 [detection] LOW E RAW PITCH: detected=437.70Hz filtered=1 peak=0.00075
2025-12-26 02:15:12 [detection] LOW E RAW PITCH: detected=434.52Hz filtered=1 peak=0.00054
2025-12-26 02:15:12 [detection] LOW E RAW PITCH: detected=426.41Hz filtered=1 peak=0.00052
2025-12-26 02:15:12 [detection] LOW E RAW PITCH: detected=427.96Hz filtered=1 peak=0.00047
2025-12-26 02:15:12 [detection]      S5F3 OFF (sustained-quiet: avgEnv=0.0007 < floor=0.0018)
2025-12-26 02:15:12 [detection] LOW E RAW PITCH: detected=434.65Hz filtered=1 peak=0.00047
2025-12-26 02:15:12 [detection] LOW E RAW PITCH: detected=422.94Hz filtered=1 peak=0.00043
2025-12-26 02:15:12 [detection] LOW E RAW PITCH: detected=418.72Hz filtered=1 peak=0.00050
2025-12-26 02:15:12 [detection] LOW E RAW PITCH: detected=392.52Hz filtered=1 peak=0.00070
2025-12-26 02:15:12 [detection] LOW E RAW PITCH: detected=373.36Hz filtered=1 peak=0.00068
2025-12-26 02:15:12 [detection] LOW E RAW PITCH: detected=378.06Hz filtered=1 peak=0.00091
2025-12-26 02:15:12 [detection] LOW E RAW PITCH: detected=338.87Hz filtered=1 peak=0.00072
2025-12-26 02:15:12 [detection] LOW E RAW PITCH: detected=313.40Hz filtered=1 peak=0.00036
2025-12-26 02:15:12 [detection] LOW E RAW PITCH: detected=156.13Hz filtered=1 peak=0.00039
2025-12-26 02:15:12 [detection] LOW E RAW PITCH: detected=98.62Hz filtered=1 peak=0.00055
2025-12-26 02:15:12 [detection] LOW E RAW PITCH: detected=106.89Hz filtered=1 peak=0.00065
2025-12-26 02:15:12 [detection] LOW E RAW PITCH: detected=109.94Hz filtered=1 peak=0.00061
2025-12-26 02:15:12 [detection] LOW E RAW PITCH: detected=105.32Hz filtered=1 peak=0.00022
2025-12-26 02:15:12 [detection] LOW E RAW PITCH: detected=167.35Hz filtered=1 peak=0.00032
2025-12-26 02:15:12 [detection] LOW E RAW PITCH: detected=178.04Hz filtered=1 peak=0.00048
2025-12-26 02:15:12 [detection] LOW E RAW PITCH: detected=195.08Hz filtered=1 peak=0.00067
2025-12-26 02:15:12 [detection] LOW E RAW PITCH: detected=102.35Hz filtered=1 peak=0.00041
2025-12-26 02:15:12 [detection] LOW E RAW PITCH: detected=96000.00Hz filtered=1 peak=0.00092
2025-12-26 02:15:12 [detection] LOW E RAW PITCH: detected=95999.98Hz filtered=1 peak=0.00063
2025-12-26 02:15:12 [detection] LOW E RAW PITCH: detected=96000.00Hz filtered=1 peak=0.00032
2025-12-26 02:15:12 [detection] LOW E RAW PITCH: detected=95999.98Hz filtered=1 peak=0.00033
2025-12-26 02:15:12 [detection] LOW E RAW PITCH: detected=93.93Hz filtered=1 peak=0.00018
2025-12-26 02:15:12 [detection] LOW E RAW PITCH: detected=94.29Hz filtered=1 peak=0.00015
2025-12-26 02:15:12 [detection] LOW E RAW PITCH: detected=96000.00Hz filtered=1 peak=0.00026
2025-12-26 02:15:12 [detection] LOW E RAW PITCH: detected=96000.00Hz filtered=1 peak=0.00037
2025-12-26 02:15:12 [detection] LOW E RAW PITCH: detected=96000.00Hz filtered=1 peak=0.00046
2025-12-26 02:15:12 [detection] LOW E RAW PITCH: detected=96000.00Hz filtered=1 peak=0.00056
2025-12-26 02:15:12 [detection] LOW E RAW PITCH: detected=96000.00Hz filtered=1 peak=0.00065
2025-12-26 02:15:12 [detection] LOW E RAW PITCH: detected=93.93Hz filtered=1 peak=0.00020
2025-12-26 02:15:12 [detection] LOW E RAW PITCH: detected=93.93Hz filtered=1 peak=0.00026
2025-12-26 02:15:12 [detection] LOW E RAW PITCH: detected=93.93Hz filtered=1 peak=0.00013
2025-12-26 02:15:12 [detection] LOW E RAW PITCH: detected=98.59Hz filtered=1 peak=0.00034
2025-12-26 02:15:12 [detection] LOW E RAW PITCH: detected=104.05Hz filtered=1 peak=0.00044
2025-12-26 02:15:12 [detection] LOW E RAW PITCH: detected=96000.00Hz filtered=1 peak=0.00058
2025-12-26 02:15:12 [detection] LOW E RAW PITCH: detected=96000.00Hz filtered=1 peak=0.00038
2025-12-26 02:15:12 [detection] LOW E RAW PITCH: detected=96000.00Hz filtered=1 peak=0.00053
2025-12-26 02:15:12 [detection] LOW E RAW PITCH: detected=96000.00Hz filtered=1 peak=0.00051
2025-12-26 02:15:12 [detection] LOW E RAW PITCH: detected=93.93Hz filtered=1 peak=0.00022
2025-12-26 02:15:12 [detection] LOW E RAW PITCH: detected=93.93Hz filtered=1 peak=0.00025
2025-12-26 02:15:12 [detection] LOW E RAW PITCH: detected=93.93Hz filtered=1 peak=0.00029
2025-12-26 02:15:12 [detection] LOW E RAW PITCH: detected=96000.00Hz filtered=1 peak=0.00040
2025-12-26 02:15:12 [detection] LOW E RAW PITCH: detected=96000.00Hz filtered=1 peak=0.00030
2025-12-26 02:15:12 [detection] LOW E RAW PITCH: detected=96000.00Hz filtered=1 peak=0.00034
2025-12-26 02:15:12 [detection] LOW E RAW PITCH: detected=96000.00Hz filtered=1 peak=0.00042
2025-12-26 02:15:12 [detection] LOW E RAW PITCH: detected=95999.98Hz filtered=1 peak=0.00012
2025-12-26 02:15:12 [detection] LOW E RAW PITCH: detected=96000.00Hz filtered=1 peak=0.00019
2025-12-26 02:15:12 [detection] LOW E RAW PITCH: detected=95999.98Hz filtered=1 peak=0.00015
2025-12-26 02:15:12 [detection] LOW E RAW PITCH: detected=96000.00Hz filtered=1 peak=0.00044
2025-12-26 02:15:12 [detection] LOW E RAW PITCH: detected=96000.00Hz filtered=1 peak=0.00044
2025-12-26 02:15:12 [detection] LOW E RAW PITCH: detected=96000.00Hz filtered=1 peak=0.00051
2025-12-26 02:15:12 [detection] LOW E RAW PITCH: detected=96000.00Hz filtered=1 peak=0.00012
2025-12-26 02:15:12 [detection] LOW E RAW PITCH: detected=96000.00Hz filtered=1 peak=0.00016
2025-12-26 02:15:12 [detection] LOW E RAW PITCH: detected=96000.00Hz filtered=1 peak=0.00051
2025-12-26 02:15:12 [detection] LOW E RAW PITCH: detected=96000.00Hz filtered=1 peak=0.00041
2025-12-26 02:15:12 [detection] LOW E RAW PITCH: detected=96000.00Hz filtered=1 peak=0.00050
2025-12-26 02:15:12 [detection] LOW E RAW PITCH: detected=178.38Hz filtered=1 peak=0.00077
2025-12-26 02:15:12 [detection] LOW E RAW PITCH: detected=96000.00Hz filtered=1 peak=0.00036
2025-12-26 02:15:12 [detection] LOW E RAW PITCH: detected=93.93Hz filtered=1 peak=0.00050
2025-12-26 02:15:12 [detection] LOW E RAW PITCH: detected=93.93Hz filtered=1 peak=0.00023
2025-12-26 02:15:12 [detection] LOW E RAW PITCH: detected=93.93Hz filtered=1 peak=0.00014
2025-12-26 02:15:12 [detection] LOW E RAW PITCH: detected=97.85Hz filtered=1 peak=0.00031
2025-12-26 02:15:12 [detection] LOW E RAW PITCH: detected=110.67Hz filtered=1 peak=0.00048
2025-12-26 02:15:12 [detection] LOW E RAW PITCH: detected=114.84Hz filtered=1 peak=0.00035
2025-12-26 02:15:12 [detection] LOW E RAW PITCH: detected=131.61Hz filtered=1 peak=0.00019
2025-12-26 02:15:12 [detection] LOW E RAW PITCH: detected=124.22Hz filtered=1 peak=0.00033
2025-12-26 02:15:12 [detection] LOW E RAW PITCH: detected=100.01Hz filtered=1 peak=0.00048
2025-12-26 02:15:12 [detection] LOW E RAW PITCH: detected=93.93Hz filtered=1 peak=0.00041
2025-12-26 02:15:12 [detection] LOW E RAW PITCH: detected=93.93Hz filtered=1 peak=0.00033
2025-12-26 02:15:12 [detection] LOW E RAW PITCH: detected=96000.00Hz filtered=1 peak=0.00056
2025-12-26 02:15:12 [detection] LOW E RAW PITCH: detected=96000.00Hz filtered=1 peak=0.00055
2025-12-26 02:15:12 [detection] LOW E RAW PITCH: detected=96000.00Hz filtered=1 peak=0.00034
2025-12-26 02:15:12 [detection] LOW E RAW PITCH: detected=203.38Hz filtered=1 peak=0.00079
2025-12-26 02:15:12 [detection] LOW E RAW PITCH: detected=195.44Hz filtered=1 peak=0.00064
2025-12-26 02:15:12 [detection] LOW E RAW PITCH: detected=102.11Hz filtered=1 peak=0.00049
2025-12-26 02:15:12 [detection] LOW E RAW PITCH: detected=212.44Hz filtered=1 peak=0.00086
2025-12-26 02:15:12 [detection] LOW E RAW PITCH: detected=208.92Hz filtered=1 peak=0.00068
2025-12-26 02:15:12 [detection] LOW E RAW PITCH: detected=216.15Hz filtered=1 peak=0.00078
2025-12-26 02:15:12 [detection] LOW E RAW PITCH: detected=209.43Hz filtered=1 peak=0.00092
2025-12-26 02:15:12 [detection] LOW E RAW PITCH: detected=216.46Hz filtered=1 peak=0.00071
2025-12-26 02:15:12 [detection] LOW E RAW PITCH: detected=110.30Hz filtered=1 peak=0.00093
2025-12-26 02:15:12 [detection] LOW E RAW PITCH: detected=219.77Hz filtered=1 peak=0.00060
2025-12-26 02:15:12 [detection] LOW E RAW PITCH: detected=228.36Hz filtered=1 peak=0.00129
2025-12-26 02:15:12 [detection] LOW E RAW PITCH: detected=221.50Hz filtered=1 peak=0.00087
2025-12-26 02:15:12 [detection] LOW E RAW PITCH: detected=221.65Hz filtered=1 peak=0.00160
2025-12-26 02:15:12 [detection] LOW E RAW PITCH: detected=218.23Hz filtered=1 peak=0.00121
2025-12-26 02:15:12 [detection] LOW E RAW PITCH: detected=247.02Hz filtered=1 peak=0.00091
2025-12-26 02:15:12 [detection] LOW E RAW PITCH: detected=112.07Hz filtered=1 peak=0.00132
2025-12-26 02:15:12 [detection] LOW E RAW PITCH: detected=100.38Hz filtered=1 peak=0.00062
2025-12-26 02:15:12 [detection] LOW E RAW PITCH: detected=108.33Hz filtered=1 peak=0.00039
2025-12-26 02:15:12 [detection] LOW E RAW PITCH: detected=107.65Hz filtered=1 peak=0.00045
2025-12-26 02:15:12 [detection] LOW E RAW PITCH: detected=110.85Hz filtered=1 peak=0.00125
2025-12-26 02:15:12 [detection] LOW E RAW PITCH: detected=116.49Hz filtered=1 peak=0.00088
2025-12-26 02:15:12 [detection] LOW E RAW PITCH: detected=121.09Hz filtered=1 peak=0.00095
2025-12-26 02:15:12 [detection] LOW E RAW PITCH: detected=129.71Hz filtered=1 peak=0.00095
2025-12-26 02:15:12 [detection] LOW E RAW PITCH: detected=104.97Hz filtered=1 peak=0.00059
2025-12-26 02:15:12 [detection] LOW E RAW PITCH: detected=106.51Hz filtered=1 peak=0.00051
2025-12-26 02:15:12 [detection] LOW E RAW PITCH: detected=106.65Hz filtered=1 peak=0.00053
2025-12-26 02:15:12 [detection] LOW E RAW PITCH: detected=108.24Hz filtered=1 peak=0.00061
2025-12-26 02:15:12 [detection] LOW E RAW PITCH: detected=109.49Hz filtered=1 peak=0.00054
2025-12-26 02:15:12 [detection] LOW E RAW PITCH: detected=192.46Hz filtered=1 peak=0.00056
2025-12-26 02:15:12 [detection] LOW E RAW PITCH: detected=215.01Hz filtered=1 peak=0.00053
2025-12-26 02:15:12 [detection] LOW E RAW PITCH: detected=105.73Hz filtered=1 peak=0.00048
2025-12-26 02:15:12 [detection] LOW E RAW PITCH: detected=109.28Hz filtered=1 peak=0.00042
2025-12-26 02:15:12 [detection] LOW E RAW PITCH: detected=95999.98Hz filtered=1 peak=0.00042
2025-12-26 02:15:12 [detection] LOW E RAW PITCH: detected=96000.00Hz filtered=1 peak=0.00060
2025-12-26 02:15:12 [detection] LOW E RAW PITCH: detected=96000.00Hz filtered=1 peak=0.00073
2025-12-26 02:15:12 [detection] LOW E RAW PITCH: detected=96000.00Hz filtered=1 peak=0.00062
2025-12-26 02:15:12 [detection] LOW E RAW PITCH: detected=96000.00Hz filtered=1 peak=0.00129
2025-12-26 02:15:12 [detection] LOW E RAW PITCH: detected=96000.00Hz filtered=1 peak=0.00139
2025-12-26 02:15:12 [detection] LOW E RAW PITCH: detected=95999.98Hz filtered=1 peak=0.00134
2025-12-26 02:15:12 [detection] LOW E RAW PITCH: detected=96000.00Hz filtered=1 peak=0.00133
2025-12-26 02:15:12 [detection] LOW E RAW PITCH: detected=96000.00Hz filtered=1 peak=0.00327
2025-12-26 02:15:12 [detection] LOW E RAW PITCH: detected=96000.00Hz filtered=1 peak=0.00331
2025-12-26 02:15:12 [detection] LOW E RAW PITCH: detected=96000.00Hz filtered=1 peak=0.00396
2025-12-26 02:15:12 [detection] LOW E RAW PITCH: detected=95999.98Hz filtered=1 peak=0.03067
2025-12-26 02:15:12 [detection] LOW E RAW PITCH: detected=96000.00Hz filtered=1 peak=0.06498
2025-12-26 02:15:12 [detection] LOW E RAW PITCH: detected=95999.98Hz filtered=1 peak=0.07916
2025-12-26 02:15:12 [detection] LOW E RAW PITCH: detected=96000.00Hz filtered=1 peak=0.04261
2025-12-26 02:15:12 [detection] LOW E RAW PITCH: detected=96000.00Hz filtered=1 peak=0.04794
2025-12-26 02:15:12 [detection] LOW E REJECT: pitch=-1.00 midi=-1 (no pitch or midi)
2025-12-26 02:15:12 [detection] LOW E RAW PITCH: detected=95999.98Hz filtered=1 peak=0.06036
2025-12-26 02:15:12 [detection] LOW E RAW PITCH: detected=93.93Hz filtered=1 peak=0.25264
2025-12-26 02:15:12 [detection] LOW E RAW PITCH: detected=93.93Hz filtered=1 peak=0.14940
2025-12-26 02:15:12 [detection] LOW E RAW PITCH: detected=93.93Hz filtered=1 peak=0.10289
2025-12-26 02:15:12 [detection] LOW E RAW PITCH: detected=93.93Hz filtered=1 peak=0.14913
2025-12-26 02:15:12 [detection] LOW E RAW PITCH: detected=93.93Hz filtered=1 peak=0.25177
2025-12-26 02:15:12 [detection] LOW E RAW PITCH: detected=93.93Hz filtered=1 peak=0.09120
2025-12-26 02:15:12 [detection] LOW E RAW PITCH: detected=93.93Hz filtered=1 peak=0.08352
2025-12-26 02:15:12 [detection] LOW E RAW PITCH: detected=93.93Hz filtered=1 peak=0.17400
2025-12-26 02:15:12 [detection] LOW E RAW PITCH: detected=93.93Hz filtered=1 peak=0.24864
2025-12-26 02:15:12 [detection] LOW E RAW PITCH: detected=93.93Hz filtered=1 peak=0.09574
2025-12-26 02:15:12 [detection] LOW E RAW PITCH: detected=93.93Hz filtered=1 peak=0.08951
2025-12-26 02:15:12 [detection] LOW E RAW PITCH: detected=93.93Hz filtered=1 peak=0.16145
2025-12-26 02:15:12 [detection] LOW E RAW PITCH: detected=93.93Hz filtered=1 peak=0.24142
2025-12-26 02:15:12 [detection] LOW E RAW PITCH: detected=93.93Hz filtered=1 peak=0.10236
2025-12-26 02:15:12 [detection] LOW E RAW PITCH: detected=93.93Hz filtered=1 peak=0.08593
2025-12-26 02:15:12 [detection] LOW E RAW PITCH: detected=93.93Hz filtered=1 peak=0.15716
2025-12-26 02:15:12 [detection] LOW E RAW PITCH: detected=93.93Hz filtered=1 peak=0.23610
2025-12-26 02:15:12 [detection] LOW E RAW PITCH: detected=93.93Hz filtered=1 peak=0.10804
2025-12-26 02:15:12 [detection] LOW E RAW PITCH: detected=93.93Hz filtered=1 peak=0.08499
2025-12-26 02:15:12 [detection] LOW E RAW PITCH: detected=93.93Hz filtered=1 peak=0.15375
2025-12-26 02:15:12 [detection] LOW E RAW PITCH: detected=93.93Hz filtered=1 peak=0.23076
2025-12-26 02:15:12 [detection] LOW E RAW PITCH: detected=93.93Hz filtered=1 peak=0.11328
2025-12-26 02:15:12 [detection] LOW E RAW PITCH: detected=93.93Hz filtered=1 peak=0.08317
2025-12-26 02:15:12 [detection] LOW E RAW PITCH: detected=93.93Hz filtered=1 peak=0.14946
2025-12-26 02:15:12 [detection] LOW E RAW PITCH: detected=93.93Hz filtered=1 peak=0.22529
2025-12-26 02:15:12 [detection] LOW E ONSET: fret=2 pitch=93.93Hz midi=42 stable=1 env=0.1640 onset=1.214
2025-12-26 02:15:12 [detection] LOW E ACCEPTED: detectedHz=93.93 expectedHz=92.50 midi=42(should be 42) fret=2
2025-12-26 02:15:12 [detection]      S1F2 ON (onset=1.214 env=0.1640)
2025-12-26 02:15:12 [detection] LOW E RAW PITCH: detected=93.93Hz filtered=1 peak=0.11900
2025-12-26 02:15:12 [detection] LOW E RAW PITCH: detected=93.93Hz filtered=1 peak=0.08145
2025-12-26 02:15:12 [detection] LOW E RAW PITCH: detected=93.93Hz filtered=1 peak=0.14619
2025-12-26 02:15:12 [detection] LOW E RAW PITCH: detected=93.93Hz filtered=1 peak=0.22049
2025-12-26 02:15:12 [detection] LOW E RAW PITCH: detected=93.93Hz filtered=1 peak=0.12482
2025-12-26 02:15:12 [detection] LOW E RAW PITCH: detected=93.93Hz filtered=1 peak=0.07912
2025-12-26 02:15:12 [detection] LOW E RAW PITCH: detected=93.93Hz filtered=1 peak=0.14336
2025-12-26 02:15:12 [detection] LOW E RAW PITCH: detected=93.93Hz filtered=1 peak=0.21529
2025-12-26 02:15:12 [detection] LOW E RAW PITCH: detected=93.93Hz filtered=1 peak=0.13011
2025-12-26 02:15:12 [detection] LOW E RAW PITCH: detected=93.93Hz filtered=1 peak=0.07779
2025-12-26 02:15:12 [detection] LOW E RAW PITCH: detected=93.93Hz filtered=1 peak=0.13947
2025-12-26 02:15:12 [detection] LOW E RAW PITCH: detected=93.93Hz filtered=1 peak=0.21031
2025-12-26 02:15:12 [detection] LOW E RAW PITCH: detected=93.93Hz filtered=1 peak=0.13566
2025-12-26 02:15:12 [detection] LOW E RAW PITCH: detected=93.93Hz filtered=1 peak=0.07647
2025-12-26 02:15:12 [detection] LOW E RAW PITCH: detected=93.93Hz filtered=1 peak=0.13710
2025-12-26 02:15:12 [detection] LOW E RAW PITCH: detected=93.93Hz filtered=1 peak=0.20632
2025-12-26 02:15:12 [detection] LOW E RAW PITCH: detected=93.93Hz filtered=1 peak=0.14174
2025-12-26 02:15:12 [detection] LOW E RAW PITCH: detected=93.93Hz filtered=1 peak=0.07526
2025-12-26 02:15:12 [detection] LOW E RAW PITCH: detected=93.93Hz filtered=1 peak=0.13352
2025-12-26 02:15:12 [detection] LOW E RAW PITCH: detected=93.93Hz filtered=1 peak=0.20130
2025-12-26 02:15:12 [detection] LOW E RAW PITCH: detected=93.93Hz filtered=1 peak=0.14637
2025-12-26 02:15:12 [detection] LOW E RAW PITCH: detected=93.93Hz filtered=1 peak=0.07380
2025-12-26 02:15:12 [detection] LOW E RAW PITCH: detected=93.93Hz filtered=1 peak=0.12887
2025-12-26 02:15:12 [detection] LOW E RAW PITCH: detected=93.93Hz filtered=1 peak=0.19711
2025-12-26 02:15:12 [detection] LOW E RAW PITCH: detected=93.93Hz filtered=1 peak=0.15134
2025-12-26 02:15:12 [detection] LOW E RAW PITCH: detected=93.93Hz filtered=1 peak=0.07190
2025-12-26 02:15:12 [detection] LOW E RAW PITCH: detected=93.93Hz filtered=1 peak=0.12290
2025-12-26 02:15:12 [detection] LOW E RAW PITCH: detected=93.93Hz filtered=1 peak=0.19225
2025-12-26 02:15:12 [detection] LOW E RAW PITCH: detected=93.93Hz filtered=1 peak=0.15517
2025-12-26 02:15:12 [detection] LOW E RAW PITCH: detected=93.93Hz filtered=1 peak=0.06951
2025-12-26 02:15:12 [detection] LOW E RAW PITCH: detected=93.93Hz filtered=1 peak=0.11573
2025-12-26 02:15:12 [detection] LOW E RAW PITCH: detected=93.93Hz filtered=1 peak=0.18806
2025-12-26 02:15:12 [detection] LOW E RAW PITCH: detected=93.93Hz filtered=1 peak=0.15859
2025-12-26 02:15:12 [detection] LOW E RAW PITCH: detected=93.93Hz filtered=1 peak=0.06890
2025-12-26 02:15:12 [detection] LOW E RAW PITCH: detected=93.93Hz filtered=1 peak=0.10702
2025-12-26 02:15:12 [detection] LOW E RAW PITCH: detected=93.93Hz filtered=1 peak=0.18424
2025-12-26 02:15:12 [detection] LOW E RAW PITCH: detected=93.93Hz filtered=1 peak=0.16177
2025-12-26 02:15:12 [detection] LOW E RAW PITCH: detected=93.93Hz filtered=1 peak=0.06793
2025-12-26 02:15:12 [detection] LOW E RAW PITCH: detected=93.93Hz filtered=1 peak=0.09862
2025-12-26 02:15:12 [detection] LOW E RAW PITCH: detected=93.93Hz filtered=1 peak=0.18044
2025-12-26 02:15:12 [detection] LOW E RAW PITCH: detected=93.93Hz filtered=1 peak=0.16430
2025-12-26 02:15:12 [detection] LOW E RAW PITCH: detected=93.93Hz filtered=1 peak=0.06689
2025-12-26 02:15:12 [detection] LOW E RAW PITCH: detected=93.93Hz filtered=1 peak=0.08873
2025-12-26 02:15:12 [detection] LOW E RAW PITCH: detected=93.93Hz filtered=1 peak=0.17600
2025-12-26 02:15:12 [detection] LOW E RAW PITCH: detected=93.93Hz filtered=1 peak=0.16511
2025-12-26 02:15:12 [detection] LOW E RAW PITCH: detected=93.93Hz filtered=1 peak=0.06605
2025-12-26 02:15:12 [detection] LOW E RAW PITCH: detected=93.93Hz filtered=1 peak=0.07945
2025-12-26 02:15:12 [detection] LOW E RAW PITCH: detected=93.93Hz filtered=1 peak=0.17273
2025-12-26 02:15:12 [detection] LOW E RAW PITCH: detected=93.93Hz filtered=1 peak=0.16634
2025-12-26 02:15:12 [detection] LOW E RAW PITCH: detected=93.93Hz filtered=1 peak=0.06487
2025-12-26 02:15:12 [detection] LOW E RAW PITCH: detected=93.93Hz filtered=1 peak=0.07019
2025-12-26 02:15:12 [detection] LOW E RAW PITCH: detected=93.93Hz filtered=1 peak=0.16822
2025-12-26 02:15:12 [detection] LOW E RAW PITCH: detected=93.93Hz filtered=1 peak=0.16524
2025-12-26 02:15:12 [detection] LOW E RAW PITCH: detected=93.93Hz filtered=1 peak=0.06366
2025-12-26 02:15:12 [detection] LOW E RAW PITCH: detected=93.93Hz filtered=1 peak=0.06049
2025-12-26 02:15:12 [detection] LOW E RAW PITCH: detected=93.93Hz filtered=1 peak=0.16506
2025-12-26 02:15:12 [detection] LOW E RAW PITCH: detected=93.93Hz filtered=1 peak=0.16409
2025-12-26 02:15:12 [detection] LOW E RAW PITCH: detected=93.93Hz filtered=1 peak=0.06314
2025-12-26 02:15:12 [detection] LOW E RAW PITCH: detected=93.93Hz filtered=1 peak=0.05264
2025-12-26 02:15:12 [detection] LOW E RAW PITCH: detected=93.93Hz filtered=1 peak=0.16242
2025-12-26 02:15:12 [detection] LOW E RAW PITCH: detected=93.93Hz filtered=1 peak=0.16236
2025-12-26 02:15:12 [detection] LOW E RAW PITCH: detected=93.93Hz filtered=1 peak=0.06144
2025-12-26 02:15:12 [detection] LOW E RAW PITCH: detected=93.93Hz filtered=1 peak=0.04473
2025-12-26 02:15:12 [detection] LOW E RAW PITCH: detected=93.93Hz filtered=1 peak=0.15858
2025-12-26 02:15:12 [detection] LOW E RAW PITCH: detected=93.93Hz filtered=1 peak=0.15893
2025-12-26 02:15:12 [detection] LOW E RAW PITCH: detected=93.93Hz filtered=1 peak=0.06112
2025-12-26 02:15:12 [detection] LOW E RAW PITCH: detected=93.93Hz filtered=1 peak=0.04403
2025-12-26 02:15:12 [detection] LOW E RAW PITCH: detected=93.93Hz filtered=1 peak=0.15438
2025-12-26 02:15:12 [detection] LOW E RAW PITCH: detected=93.93Hz filtered=1 peak=0.15600
2025-12-26 02:15:12 [detection] LOW E RAW PITCH: detected=93.93Hz filtered=1 peak=0.06053
2025-12-26 02:15:12 [detection] LOW E RAW PITCH: detected=93.93Hz filtered=1 peak=0.04607
2025-12-26 02:15:12 [detection] LOW E RAW PITCH: detected=93.93Hz filtered=1 peak=0.14878
2025-12-26 02:15:12 [detection] LOW E RAW PITCH: detected=93.93Hz filtered=1 peak=0.15264
2025-12-26 02:15:12 [detection] LOW E RAW PITCH: detected=93.93Hz filtered=1 peak=0.05920
2025-12-26 02:15:12 [detection] LOW E RAW PITCH: detected=93.93Hz filtered=1 peak=0.04649
2025-12-26 02:15:12 [detection] LOW E RAW PITCH: detected=93.93Hz filtered=1 peak=0.14180
2025-12-26 02:15:12 [detection] LOW E RAW PITCH: detected=93.93Hz filtered=1 peak=0.14898
2025-12-26 02:15:12 [detection]      S2F0 ON (onset=0.926 env=0.0081)
2025-12-26 02:15:12 [detection] LOW E RAW PITCH: detected=93.93Hz filtered=1 peak=0.05909
2025-12-26 02:15:12 [detection] LOW E RAW PITCH: detected=93.93Hz filtered=1 peak=0.04779
2025-12-26 02:15:12 [detection] LOW E RAW PITCH: detected=93.93Hz filtered=1 peak=0.13482
2025-12-26 02:15:12 [detection] LOW E RAW PITCH: detected=93.93Hz filtered=1 peak=0.14648
2025-12-26 02:15:12 [detection] LOW E RAW PITCH: detected=93.93Hz filtered=1 peak=0.05822
2025-12-26 02:15:12 [detection] LOW E RAW PITCH: detected=93.93Hz filtered=1 peak=0.04902
2025-12-26 02:15:12 [detection] LOW E RAW PITCH: detected=93.93Hz filtered=1 peak=0.12627
2025-12-26 02:15:12 [detection] LOW E RAW PITCH: detected=93.93Hz filtered=1 peak=0.14375
2025-12-26 02:15:12 [detection] LOW E RAW PITCH: detected=93.93Hz filtered=1 peak=0.05764
2025-12-26 02:15:12 [detection] LOW E RAW PITCH: detected=93.93Hz filtered=1 peak=0.04984
2025-12-26 02:15:12 [detection] LOW E RAW PITCH: detected=93.93Hz filtered=1 peak=0.11663
2025-12-26 02:15:12 [detection] LOW E RAW PITCH: detected=93.93Hz filtered=1 peak=0.14061
2025-12-26 02:15:12 [detection] LOW E RAW PITCH: detected=93.93Hz filtered=1 peak=0.05716
2025-12-26 02:15:12 [detection] LOW E RAW PITCH: detected=93.93Hz filtered=1 peak=0.05092
2025-12-26 02:15:12 [detection] LOW E RAW PITCH: detected=93.93Hz filtered=1 peak=0.10705
2025-12-26 02:15:12 [detection] LOW E RAW PITCH: detected=93.93Hz filtered=1 peak=0.13864
2025-12-26 02:15:12 [detection] LOW E RAW PITCH: detected=93.93Hz filtered=1 peak=0.05650
2025-12-26 02:15:12 [detection] LOW E RAW PITCH: detected=93.93Hz filtered=1 peak=0.05167
2025-12-26 02:15:12 [detection] LOW E RAW PITCH: detected=93.93Hz filtered=1 peak=0.09510
2025-12-26 02:15:12 [detection] LOW E RAW PITCH: detected=93.93Hz filtered=1 peak=0.13574
2025-12-26 02:15:12 [detection] LOW E RAW PITCH: detected=93.93Hz filtered=1 peak=0.05526
2025-12-26 02:15:12 [detection] LOW E RAW PITCH: detected=93.93Hz filtered=1 peak=0.05187
2025-12-26 02:15:12 [detection] LOW E RAW PITCH: detected=93.93Hz filtered=1 peak=0.08562
2025-12-26 02:15:12 [detection] LOW E RAW PITCH: detected=93.93Hz filtered=1 peak=0.13325
2025-12-26 02:15:12 [detection] LOW E RAW PITCH: detected=93.93Hz filtered=1 peak=0.05521
2025-12-26 02:15:12 [detection] LOW E RAW PITCH: detected=93.93Hz filtered=1 peak=0.05276
2025-12-26 02:15:12 [detection] LOW E RAW PITCH: detected=93.93Hz filtered=1 peak=0.08396
2025-12-26 02:15:12 [detection] LOW E RAW PITCH: detected=93.93Hz filtered=1 peak=0.13092
2025-12-26 02:15:12 [detection] LOW E RAW PITCH: detected=93.93Hz filtered=1 peak=0.05436
2025-12-26 02:15:12 [detection] LOW E RAW PITCH: detected=93.93Hz filtered=1 peak=0.05296
2025-12-26 02:15:12 [detection] LOW E RAW PITCH: detected=93.93Hz filtered=1 peak=0.08259
2025-12-26 02:15:12 [detection] LOW E RAW PITCH: detected=93.93Hz filtered=1 peak=0.12809
2025-12-26 02:15:12 [detection] LOW E RAW PITCH: detected=93.93Hz filtered=1 peak=0.05383
2025-12-26 02:15:12 [detection] LOW E RAW PITCH: detected=93.93Hz filtered=1 peak=0.05304
2025-12-26 02:15:12 [detection] LOW E RAW PITCH: detected=93.93Hz filtered=1 peak=0.08070
2025-12-26 02:15:12 [detection] LOW E RAW PITCH: detected=93.93Hz filtered=1 peak=0.12584
2025-12-26 02:15:12 [detection] LOW E RAW PITCH: detected=93.93Hz filtered=1 peak=0.05340
2025-12-26 02:15:12 [detection] LOW E RAW PITCH: detected=93.93Hz filtered=1 peak=0.05312
2025-12-26 02:15:12 [detection] LOW E RAW PITCH: detected=93.93Hz filtered=1 peak=0.07924
2025-12-26 02:15:12 [detection] LOW E RAW PITCH: detected=93.93Hz filtered=1 peak=0.12375
2025-12-26 02:15:12 [detection] LOW E RAW PITCH: detected=93.93Hz filtered=1 peak=0.05245
2025-12-26 02:15:12 [detection] LOW E RAW PITCH: detected=93.93Hz filtered=1 peak=0.05243
2025-12-26 02:15:12 [detection] LOW E RAW PITCH: detected=93.93Hz filtered=1 peak=0.07882
2025-12-26 02:15:12 [detection] LOW E RAW PITCH: detected=93.93Hz filtered=1 peak=0.12079
2025-12-26 02:15:12 [detection] LOW E RAW PITCH: detected=93.93Hz filtered=1 peak=0.05133
2025-12-26 02:15:12 [detection] LOW E RAW PITCH: detected=93.93Hz filtered=1 peak=0.05144
2025-12-26 02:15:12 [detection] LOW E RAW PITCH: detected=93.93Hz filtered=1 peak=0.07706
2025-12-26 02:15:12 [detection] LOW E RAW PITCH: detected=93.93Hz filtered=1 peak=0.11899
2025-12-26 02:15:12 [detection] LOW E RAW PITCH: detected=93.93Hz filtered=1 peak=0.05095
2025-12-26 02:15:12 [detection] LOW E RAW PITCH: detected=93.93Hz filtered=1 peak=0.05145
2025-12-26 02:15:13 [detection] LOW E RAW PITCH: detected=93.93Hz filtered=1 peak=0.07573
2025-12-26 02:15:13 [detection] LOW E RAW PITCH: detected=93.93Hz filtered=1 peak=0.11698
2025-12-26 02:15:13 [detection] LOW E RAW PITCH: detected=93.93Hz filtered=1 peak=0.05704
2025-12-26 02:15:13 [detection] LOW E RAW PITCH: detected=93.93Hz filtered=1 peak=0.05044
2025-12-26 02:15:13 [detection] LOW E RAW PITCH: detected=93.93Hz filtered=1 peak=0.07424
2025-12-26 02:15:13 [detection] LOW E RAW PITCH: detected=93.93Hz filtered=1 peak=0.11425
2025-12-26 02:15:13 [detection] LOW E RAW PITCH: detected=93.93Hz filtered=1 peak=0.06200
2025-12-26 02:15:13 [detection] LOW E RAW PITCH: detected=93.93Hz filtered=1 peak=0.05010
2025-12-26 02:15:13 [detection] LOW E RAW PITCH: detected=93.93Hz filtered=1 peak=0.07227
2025-12-26 02:15:13 [detection] LOW E RAW PITCH: detected=93.93Hz filtered=1 peak=0.11276
2025-12-26 02:15:13 [detection] LOW E RAW PITCH: detected=93.93Hz filtered=1 peak=0.06728
2025-12-26 02:15:13 [detection] LOW E RAW PITCH: detected=93.93Hz filtered=1 peak=0.04964
2025-12-26 02:15:13 [detection] LOW E RAW PITCH: detected=93.93Hz filtered=1 peak=0.07125
2025-12-26 02:15:13 [detection] LOW E RAW PITCH: detected=93.93Hz filtered=1 peak=0.11031
2025-12-26 02:15:13 [detection] LOW E RAW PITCH: detected=93.93Hz filtered=1 peak=0.07234
2025-12-26 02:15:13 [detection] LOW E RAW PITCH: detected=93.93Hz filtered=1 peak=0.04849
2025-12-26 02:15:13 [detection] LOW E RAW PITCH: detected=93.93Hz filtered=1 peak=0.07020
2025-12-26 02:15:13 [detection] LOW E RAW PITCH: detected=93.93Hz filtered=1 peak=0.10847
2025-12-26 02:15:13 [detection] LOW E RAW PITCH: detected=93.93Hz filtered=1 peak=0.07648
2025-12-26 02:15:13 [detection] LOW E RAW PITCH: detected=93.93Hz filtered=1 peak=0.04814
2025-12-26 02:15:13 [detection] LOW E RAW PITCH: detected=93.93Hz filtered=1 peak=0.06902
2025-12-26 02:15:13 [detection] LOW E RAW PITCH: detected=93.93Hz filtered=1 peak=0.10702
2025-12-26 02:15:13 [detection] LOW E RAW PITCH: detected=93.93Hz filtered=1 peak=0.08118
2025-12-26 02:15:13 [detection] LOW E RAW PITCH: detected=93.93Hz filtered=1 peak=0.04746
2025-12-26 02:15:13 [detection] LOW E RAW PITCH: detected=93.93Hz filtered=1 peak=0.06836
2025-12-26 02:15:13 [detection] LOW E RAW PITCH: detected=93.93Hz filtered=1 peak=0.10490
2025-12-26 02:15:13 [detection] LOW E RAW PITCH: detected=93.93Hz filtered=1 peak=0.08462
2025-12-26 02:15:13 [detection] LOW E RAW PITCH: detected=93.93Hz filtered=1 peak=0.04661
2025-12-26 02:15:13 [detection] LOW E RAW PITCH: detected=93.93Hz filtered=1 peak=0.06683
2025-12-26 02:15:13 [detection] LOW E RAW PITCH: detected=93.93Hz filtered=1 peak=0.10277
2025-12-26 02:15:13 [detection] LOW E RAW PITCH: detected=93.93Hz filtered=1 peak=0.08723
2025-12-26 02:15:13 [detection] LOW E RAW PITCH: detected=93.93Hz filtered=1 peak=0.04634
2025-12-26 02:15:13 [detection] LOW E RAW PITCH: detected=93.93Hz filtered=1 peak=0.06611
2025-12-26 02:15:13 [detection] LOW E RAW PITCH: detected=93.93Hz filtered=1 peak=0.10151
2025-12-26 02:15:13 [detection] LOW E RAW PITCH: detected=93.93Hz filtered=1 peak=0.09031
2025-12-26 02:15:13 [detection] LOW E RAW PITCH: detected=93.93Hz filtered=1 peak=0.04590
2025-12-26 02:15:13 [detection] LOW E RAW PITCH: detected=93.93Hz filtered=1 peak=0.06556
2025-12-26 02:15:13 [detection] LOW E RAW PITCH: detected=93.93Hz filtered=1 peak=0.09895
2025-12-26 02:15:13 [detection] LOW E RAW PITCH: detected=93.93Hz filtered=1 peak=0.09131
2025-12-26 02:15:13 [detection] LOW E RAW PITCH: detected=93.93Hz filtered=1 peak=0.04467
2025-12-26 02:15:13 [detection] LOW E RAW PITCH: detected=93.93Hz filtered=1 peak=0.06338
2025-12-26 02:15:13 [detection] LOW E RAW PITCH: detected=93.93Hz filtered=1 peak=0.09731
2025-12-26 02:15:13 [detection] LOW E RAW PITCH: detected=93.93Hz filtered=1 peak=0.09262
2025-12-26 02:15:13 [detection] LOW E RAW PITCH: detected=93.93Hz filtered=1 peak=0.04500
2025-12-26 02:15:13 [detection] LOW E RAW PITCH: detected=93.93Hz filtered=1 peak=0.06016
2025-12-26 02:15:13 [detection] LOW E RAW PITCH: detected=93.93Hz filtered=1 peak=0.09593
2025-12-26 02:15:13 [detection] LOW E RAW PITCH: detected=93.93Hz filtered=1 peak=0.09360
2025-12-26 02:15:13 [detection] LOW E RAW PITCH: detected=93.93Hz filtered=1 peak=0.04409
2025-12-26 02:15:13 [detection] LOW E RAW PITCH: detected=93.93Hz filtered=1 peak=0.05663
2025-12-26 02:15:13 [detection] LOW E RAW PITCH: detected=93.93Hz filtered=1 peak=0.09350
2025-12-26 02:15:13 [detection] LOW E RAW PITCH: detected=93.93Hz filtered=1 peak=0.09274
2025-12-26 02:15:13 [detection] LOW E RAW PITCH: detected=93.93Hz filtered=1 peak=0.04312
2025-12-26 02:15:13 [detection] LOW E RAW PITCH: detected=93.93Hz filtered=1 peak=0.05176
2025-12-26 02:15:13 [detection] LOW E RAW PITCH: detected=93.93Hz filtered=1 peak=0.09215
2025-12-26 02:15:13 [detection] LOW E RAW PITCH: detected=93.93Hz filtered=1 peak=0.09210
2025-12-26 02:15:13 [detection] LOW E RAW PITCH: detected=93.93Hz filtered=1 peak=0.04317
2025-12-26 02:15:13 [detection] LOW E RAW PITCH: detected=93.93Hz filtered=1 peak=0.04676
2025-12-26 02:15:13 [detection] LOW E RAW PITCH: detected=93.93Hz filtered=1 peak=0.09052
2025-12-26 02:15:13 [detection] LOW E RAW PITCH: detected=93.93Hz filtered=1 peak=0.09090
2025-12-26 02:15:13 [detection] LOW E RAW PITCH: detected=93.93Hz filtered=1 peak=0.04226
2025-12-26 02:15:13 [detection] LOW E RAW PITCH: detected=93.93Hz filtered=1 peak=0.04143
2025-12-26 02:15:13 [detection] LOW E RAW PITCH: detected=93.93Hz filtered=1 peak=0.08718
2025-12-26 02:15:13 [detection] LOW E RAW PITCH: detected=93.93Hz filtered=1 peak=0.08880
2025-12-26 02:15:13 [detection] LOW E RAW PITCH: detected=93.93Hz filtered=1 peak=0.04189
2025-12-26 02:15:13 [detection] LOW E RAW PITCH: detected=93.93Hz filtered=1 peak=0.04163
2025-12-26 02:15:13 [detection] LOW E RAW PITCH: detected=93.93Hz filtered=1 peak=0.08407
2025-12-26 02:15:13 [detection] LOW E RAW PITCH: detected=93.93Hz filtered=1 peak=0.08784
2025-12-26 02:15:13 [detection] LOW E RAW PITCH: detected=93.93Hz filtered=1 peak=0.04252
2025-12-26 02:15:13 [detection] LOW E RAW PITCH: detected=93.93Hz filtered=1 peak=0.04243
2025-12-26 02:15:13 [detection] LOW E RAW PITCH: detected=93.93Hz filtered=1 peak=0.07994
2025-12-26 02:15:13 [detection] LOW E RAW PITCH: detected=93.93Hz filtered=1 peak=0.08667
2025-12-26 02:15:13 [detection] LOW E RAW PITCH: detected=93.93Hz filtered=1 peak=0.04184
2025-12-26 02:15:13 [detection] LOW E RAW PITCH: detected=93.93Hz filtered=1 peak=0.04186
2025-12-26 02:15:13 [detection] LOW E RAW PITCH: detected=93.93Hz filtered=1 peak=0.07423
2025-12-26 02:15:13 [detection] LOW E RAW PITCH: detected=93.93Hz filtered=1 peak=0.08485
2025-12-26 02:15:13 [detection] LOW E RAW PITCH: detected=93.93Hz filtered=1 peak=0.04174
2025-12-26 02:15:13 [detection] LOW E RAW PITCH: detected=93.93Hz filtered=1 peak=0.04193
2025-12-26 02:15:13 [detection] LOW E RAW PITCH: detected=93.93Hz filtered=1 peak=0.06872
2025-12-26 02:15:13 [detection] LOW E RAW PITCH: detected=93.93Hz filtered=1 peak=0.08376
2025-12-26 02:15:13 [detection] LOW E RAW PITCH: detected=93.93Hz filtered=1 peak=0.04163
2025-12-26 02:15:13 [detection] LOW E RAW PITCH: detected=93.93Hz filtered=1 peak=0.04218
2025-12-26 02:15:13 [detection] LOW E RAW PITCH: detected=93.93Hz filtered=1 peak=0.06153
2025-12-26 02:15:13 [detection] LOW E RAW PITCH: detected=93.93Hz filtered=1 peak=0.08224
2025-12-26 02:15:13 [detection] LOW E RAW PITCH: detected=93.93Hz filtered=1 peak=0.04044
2025-12-26 02:15:13 [detection] LOW E RAW PITCH: detected=93.93Hz filtered=1 peak=0.04149
2025-12-26 02:15:13 [detection] LOW E RAW PITCH: detected=93.93Hz filtered=1 peak=0.05626
2025-12-26 02:15:13 [detection] LOW E RAW PITCH: detected=93.93Hz filtered=1 peak=0.08013
2025-12-26 02:15:13 [detection] LOW E RAW PITCH: detected=93.93Hz filtered=1 peak=0.04041
2025-12-26 02:15:13 [detection] LOW E RAW PITCH: detected=93.93Hz filtered=1 peak=0.04168
2025-12-26 02:15:13 [detection] LOW E RAW PITCH: detected=93.93Hz filtered=1 peak=0.05528
2025-12-26 02:15:13 [detection] LOW E RAW PITCH: detected=93.93Hz filtered=1 peak=0.07926
2025-12-26 02:15:13 [detection] LOW E RAW PITCH: detected=93.93Hz filtered=1 peak=0.03981
2025-12-26 02:15:13 [detection] LOW E RAW PITCH: detected=93.93Hz filtered=1 peak=0.04181
2025-12-26 02:15:13 [detection] LOW E RAW PITCH: detected=93.93Hz filtered=1 peak=0.05514
2025-12-26 02:15:13 [detection] LOW E RAW PITCH: detected=93.93Hz filtered=1 peak=0.07787
2025-12-26 02:15:13 [detection] LOW E RAW PITCH: detected=93.93Hz filtered=1 peak=0.04107
2025-12-26 02:15:13 [detection] LOW E RAW PITCH: detected=93.93Hz filtered=1 peak=0.04129
2025-12-26 02:15:13 [detection] LOW E RAW PITCH: detected=93.93Hz filtered=1 peak=0.05484
2025-12-26 02:15:13 [detection] LOW E RAW PITCH: detected=93.93Hz filtered=1 peak=0.07626
2025-12-26 02:15:13 [detection] LOW E RAW PITCH: detected=93.93Hz filtered=1 peak=0.04424
2025-12-26 02:15:13 [detection] LOW E RAW PITCH: detected=93.93Hz filtered=1 peak=0.04160
2025-12-26 02:15:13 [detection] LOW E RAW PITCH: detected=93.93Hz filtered=1 peak=0.05406
2025-12-26 02:15:13 [detection] LOW E RAW PITCH: detected=93.93Hz filtered=1 peak=0.07540
2025-12-26 02:15:13 [detection] LOW E RAW PITCH: detected=93.93Hz filtered=1 peak=0.04772
2025-12-26 02:15:13 [detection] LOW E RAW PITCH: detected=93.93Hz filtered=1 peak=0.04145
2025-12-26 02:15:13 [detection] LOW E RAW PITCH: detected=93.93Hz filtered=1 peak=0.05446
2025-12-26 02:15:13 [detection] LOW E RAW PITCH: detected=93.93Hz filtered=1 peak=0.07397
2025-12-26 02:15:13 [detection] LOW E RAW PITCH: detected=93.93Hz filtered=1 peak=0.05060
2025-12-26 02:15:13 [detection] LOW E RAW PITCH: detected=93.93Hz filtered=1 peak=0.04118
2025-12-26 02:15:13 [detection] LOW E RAW PITCH: detected=93.93Hz filtered=1 peak=0.05410
2025-12-26 02:15:13 [detection] LOW E RAW PITCH: detected=93.93Hz filtered=1 peak=0.07301
2025-12-26 02:15:13 [detection] LOW E RAW PITCH: detected=93.93Hz filtered=1 peak=0.05284
2025-12-26 02:15:13 [detection] LOW E RAW PITCH: detected=93.93Hz filtered=1 peak=0.04181
2025-12-26 02:15:13 [detection] LOW E RAW PITCH: detected=93.93Hz filtered=1 peak=0.05354
2025-12-26 02:15:13 [detection] LOW E RAW PITCH: detected=93.93Hz filtered=1 peak=0.07238
2025-12-26 02:15:13 [detection] LOW E RAW PITCH: detected=93.93Hz filtered=1 peak=0.05556
2025-12-26 02:15:13 [detection] LOW E RAW PITCH: detected=93.93Hz filtered=1 peak=0.04181
2025-12-26 02:15:13 [detection] LOW E RAW PITCH: detected=93.93Hz filtered=1 peak=0.05352
2025-12-26 02:15:13 [detection] LOW E RAW PITCH: detected=93.93Hz filtered=1 peak=0.07118
2025-12-26 02:15:13 [detection] LOW E RAW PITCH: detected=93.93Hz filtered=1 peak=0.05655
2025-12-26 02:15:13 [detection] LOW E RAW PITCH: detected=93.93Hz filtered=1 peak=0.04156
2025-12-26 02:15:13 [detection] LOW E RAW PITCH: detected=93.93Hz filtered=1 peak=0.05254
2025-12-26 02:15:13 [detection] LOW E RAW PITCH: detected=93.93Hz filtered=1 peak=0.07022
2025-12-26 02:15:13 [detection] LOW E RAW PITCH: detected=93.93Hz filtered=1 peak=0.05802
2025-12-26 02:15:13 [detection] LOW E RAW PITCH: detected=93.93Hz filtered=1 peak=0.04165
2025-12-26 02:15:13 [detection] LOW E RAW PITCH: detected=93.93Hz filtered=1 peak=0.05312
2025-12-26 02:15:13 [detection] LOW E RAW PITCH: detected=93.93Hz filtered=1 peak=0.06977
2025-12-26 02:15:13 [detection] LOW E RAW PITCH: detected=93.93Hz filtered=1 peak=0.05980
2025-12-26 02:15:13 [detection] LOW E RAW PITCH: detected=93.93Hz filtered=1 peak=0.04163
2025-12-26 02:15:13 [detection] LOW E RAW PITCH: detected=93.93Hz filtered=1 peak=0.05329
2025-12-26 02:15:13 [detection] LOW E RAW PITCH: detected=93.93Hz filtered=1 peak=0.06851
2025-12-26 02:15:13 [detection] LOW E RAW PITCH: detected=93.93Hz filtered=1 peak=0.06021
2025-12-26 02:15:13 [detection] LOW E RAW PITCH: detected=93.93Hz filtered=1 peak=0.04162
2025-12-26 02:15:13 [detection] LOW E RAW PITCH: detected=93.93Hz filtered=1 peak=0.05246
2025-12-26 02:15:13 [detection] LOW E RAW PITCH: detected=93.93Hz filtered=1 peak=0.06786
2025-12-26 02:15:13 [detection] LOW E RAW PITCH: detected=93.93Hz filtered=1 peak=0.06121
2025-12-26 02:15:13 [detection] LOW E RAW PITCH: detected=93.93Hz filtered=1 peak=0.04222
2025-12-26 02:15:13 [detection] LOW E RAW PITCH: detected=93.93Hz filtered=1 peak=0.05286
2025-12-26 02:15:13 [detection] LOW E RAW PITCH: detected=93.93Hz filtered=1 peak=0.06720
2025-12-26 02:15:13 [detection] LOW E RAW PITCH: detected=93.93Hz filtered=1 peak=0.06228
2025-12-26 02:15:13 [detection] LOW E RAW PITCH: detected=93.93Hz filtered=1 peak=0.04188
2025-12-26 02:15:13 [detection] LOW E RAW PITCH: detected=93.93Hz filtered=1 peak=0.05310
2025-12-26 02:15:13 [detection] LOW E RAW PITCH: detected=93.93Hz filtered=1 peak=0.06633
2025-12-26 02:15:13 [detection] LOW E RAW PITCH: detected=93.93Hz filtered=1 peak=0.06267
2025-12-26 02:15:13 [detection] LOW E RAW PITCH: detected=93.93Hz filtered=1 peak=0.04252
2025-12-26 02:15:13 [detection] LOW E RAW PITCH: detected=93.93Hz filtered=1 peak=0.05302
2025-12-26 02:15:13 [detection] LOW E RAW PITCH: detected=93.93Hz filtered=1 peak=0.06660
2025-12-26 02:15:13 [detection] LOW E RAW PITCH: detected=93.93Hz filtered=1 peak=0.06409
2025-12-26 02:15:13 [detection] LOW E RAW PITCH: detected=93.93Hz filtered=1 peak=0.04317
2025-12-26 02:15:13 [detection] LOW E RAW PITCH: detected=93.93Hz filtered=1 peak=0.05276
2025-12-26 02:15:13 [detection] LOW E RAW PITCH: detected=93.93Hz filtered=1 peak=0.06573
2025-12-26 02:15:13 [detection] LOW E RAW PITCH: detected=93.93Hz filtered=1 peak=0.06441
2025-12-26 02:15:13 [detection] LOW E RAW PITCH: detected=93.93Hz filtered=1 peak=0.04317
2025-12-26 02:15:13 [detection] LOW E RAW PITCH: detected=93.93Hz filtered=1 peak=0.05125
2025-12-26 02:15:13 [detection] LOW E RAW PITCH: detected=93.93Hz filtered=1 peak=0.06527
2025-12-26 02:15:13 [detection] LOW E RAW PITCH: detected=93.93Hz filtered=1 peak=0.06483
2025-12-26 02:15:13 [detection] LOW E RAW PITCH: detected=93.93Hz filtered=1 peak=0.04384
2025-12-26 02:15:13 [detection] LOW E RAW PITCH: detected=93.93Hz filtered=1 peak=0.04818
2025-12-26 02:15:13 [detection] LOW E RAW PITCH: detected=93.93Hz filtered=1 peak=0.06511
2025-12-26 02:15:13 [detection] LOW E RAW PITCH: detected=93.93Hz filtered=1 peak=0.06509
2025-12-26 02:15:13 [detection] LOW E RAW PITCH: detected=93.93Hz filtered=1 peak=0.04443
2025-12-26 02:15:13 [detection] LOW E RAW PITCH: detected=93.93Hz filtered=1 peak=0.04558
2025-12-26 02:15:13 [detection] LOW E RAW PITCH: detected=93.93Hz filtered=1 peak=0.06481
2025-12-26 02:15:13 [detection] LOW E RAW PITCH: detected=93.93Hz filtered=1 peak=0.06507
2025-12-26 02:15:13 [detection] LOW E RAW PITCH: detected=93.93Hz filtered=1 peak=0.04462
2025-12-26 02:15:13 [detection] LOW E RAW PITCH: detected=93.93Hz filtered=1 peak=0.04410
2025-12-26 02:15:13 [detection] LOW E RAW PITCH: detected=93.93Hz filtered=1 peak=0.06403
2025-12-26 02:15:13 [detection] LOW E RAW PITCH: detected=93.93Hz filtered=1 peak=0.06530
2025-12-26 02:15:13 [detection] LOW E RAW PITCH: detected=93.93Hz filtered=1 peak=0.04575
2025-12-26 02:15:13 [detection] LOW E RAW PITCH: detected=93.93Hz filtered=1 peak=0.04567
2025-12-26 02:15:13 [detection] LOW E RAW PITCH: detected=93.93Hz filtered=1 peak=0.06170
2025-12-26 02:15:13 [detection] LOW E RAW PITCH: detected=93.93Hz filtered=1 peak=0.06486
2025-12-26 02:15:13 [detection] LOW E RAW PITCH: detected=93.93Hz filtered=1 peak=0.04542
2025-12-26 02:15:13 [detection] LOW E RAW PITCH: detected=93.93Hz filtered=1 peak=0.04551
2025-12-26 02:15:13 [detection] LOW E RAW PITCH: detected=93.93Hz filtered=1 peak=0.05740
2025-12-26 02:15:13 [detection] LOW E RAW PITCH: detected=93.93Hz filtered=1 peak=0.06334
2025-12-26 02:15:13 [detection] LOW E RAW PITCH: detected=93.93Hz filtered=1 peak=0.04450
2025-12-26 02:15:13 [detection] LOW E RAW PITCH: detected=93.93Hz filtered=1 peak=0.04507
2025-12-26 02:15:13 [detection] LOW E RAW PITCH: detected=93.93Hz filtered=1 peak=0.05434
2025-12-26 02:15:13 [detection] LOW E RAW PITCH: detected=93.93Hz filtered=1 peak=0.06243
2025-12-26 02:15:13 [detection] LOW E RAW PITCH: detected=93.93Hz filtered=1 peak=0.04741
2025-12-26 02:15:13 [detection] LOW E RAW PITCH: detected=93.93Hz filtered=1 peak=0.04534
2025-12-26 02:15:13 [detection] LOW E RAW PITCH: detected=93.93Hz filtered=1 peak=0.05441
2025-12-26 02:15:13 [detection] LOW E RAW PITCH: detected=93.93Hz filtered=1 peak=0.06151
2025-12-26 02:15:13 [detection] LOW E RAW PITCH: detected=93.93Hz filtered=1 peak=0.05216
2025-12-26 02:15:13 [detection] LOW E RAW PITCH: detected=93.93Hz filtered=1 peak=0.04518
2025-12-26 02:15:13 [detection] LOW E RAW PITCH: detected=93.93Hz filtered=1 peak=0.05447
2025-12-26 02:15:13 [detection] LOW E RAW PITCH: detected=93.93Hz filtered=1 peak=0.06064
2025-12-26 02:15:13 [detection] LOW E RAW PITCH: detected=93.93Hz filtered=1 peak=0.05581
2025-12-26 02:15:13 [detection] LOW E RAW PITCH: detected=93.93Hz filtered=1 peak=0.04473
2025-12-26 02:15:13 [detection] LOW E RAW PITCH: detected=93.93Hz filtered=1 peak=0.05402
2025-12-26 02:15:13 [detection] LOW E RAW PITCH: detected=93.93Hz filtered=1 peak=0.06061
2025-12-26 02:15:13 [detection] LOW E RAW PITCH: detected=93.93Hz filtered=1 peak=0.05844
2025-12-26 02:15:13 [detection] LOW E RAW PITCH: detected=93.93Hz filtered=1 peak=0.04471
2025-12-26 02:15:13 [detection] LOW E RAW PITCH: detected=93.93Hz filtered=1 peak=0.05361
2025-12-26 02:15:13 [detection] LOW E RAW PITCH: detected=93.93Hz filtered=1 peak=0.06100
2025-12-26 02:15:13 [detection] LOW E RAW PITCH: detected=93.93Hz filtered=1 peak=0.06036
2025-12-26 02:15:13 [detection] LOW E RAW PITCH: detected=93.93Hz filtered=1 peak=0.04449
2025-12-26 02:15:13 [detection] LOW E RAW PITCH: detected=93.93Hz filtered=1 peak=0.05358
2025-12-26 02:15:13 [detection] LOW E RAW PITCH: detected=93.93Hz filtered=1 peak=0.06099
2025-12-26 02:15:13 [detection] LOW E RAW PITCH: detected=93.93Hz filtered=1 peak=0.06098
2025-12-26 02:15:13 [detection] LOW E RAW PITCH: detected=93.93Hz filtered=1 peak=0.04445
2025-12-26 02:15:13 [detection] LOW E RAW PITCH: detected=93.93Hz filtered=1 peak=0.05295
2025-12-26 02:15:13 [detection] LOW E RAW PITCH: detected=93.93Hz filtered=1 peak=0.06067
2025-12-26 02:15:13 [detection] LOW E RAW PITCH: detected=93.93Hz filtered=1 peak=0.06110
2025-12-26 02:15:13 [detection] LOW E RAW PITCH: detected=93.93Hz filtered=1 peak=0.04468
2025-12-26 02:15:13 [detection] LOW E RAW PITCH: detected=93.93Hz filtered=1 peak=0.05307
2025-12-26 02:15:13 [detection] LOW E RAW PITCH: detected=93.93Hz filtered=1 peak=0.06009
2025-12-26 02:15:13 [detection] LOW E RAW PITCH: detected=93.93Hz filtered=1 peak=0.06168
2025-12-26 02:15:13 [detection] LOW E RAW PITCH: detected=93.93Hz filtered=1 peak=0.04436
2025-12-26 02:15:13 [detection] LOW E RAW PITCH: detected=93.93Hz filtered=1 peak=0.05266
2025-12-26 02:15:13 [detection] LOW E RAW PITCH: detected=93.93Hz filtered=1 peak=0.05822
2025-12-26 02:15:13 [detection] LOW E RAW PITCH: detected=93.93Hz filtered=1 peak=0.06166
2025-12-26 02:15:13 [detection] LOW E RAW PITCH: detected=93.93Hz filtered=1 peak=0.04429
2025-12-26 02:15:13 [detection] LOW E RAW PITCH: detected=93.93Hz filtered=1 peak=0.05213
2025-12-26 02:15:13 [detection] LOW E RAW PITCH: detected=93.93Hz filtered=1 peak=0.05592
2025-12-26 02:15:13 [detection] LOW E RAW PITCH: detected=93.93Hz filtered=1 peak=0.06164
2025-12-26 02:15:13 [detection] LOW E RAW PITCH: detected=93.93Hz filtered=1 peak=0.04450
2025-12-26 02:15:13 [detection] LOW E RAW PITCH: detected=93.93Hz filtered=1 peak=0.05242
2025-12-26 02:15:13 [detection] LOW E RAW PITCH: detected=93.93Hz filtered=1 peak=0.05413
2025-12-26 02:15:13 [detection] LOW E RAW PITCH: detected=93.93Hz filtered=1 peak=0.06245
2025-12-26 02:15:13 [detection] LOW E RAW PITCH: detected=93.93Hz filtered=1 peak=0.04395
2025-12-26 02:15:13 [detection] LOW E RAW PITCH: detected=93.93Hz filtered=1 peak=0.05204
2025-12-26 02:15:13 [detection] LOW E RAW PITCH: detected=93.93Hz filtered=1 peak=0.05126
2025-12-26 02:15:13 [detection] LOW E RAW PITCH: detected=93.93Hz filtered=1 peak=0.06198
2025-12-26 02:15:13 [detection] LOW E RAW PITCH: detected=93.93Hz filtered=1 peak=0.04395
2025-12-26 02:15:13 [detection] LOW E RAW PITCH: detected=93.93Hz filtered=1 peak=0.05133
2025-12-26 02:15:13 [detection] LOW E RAW PITCH: detected=93.93Hz filtered=1 peak=0.05032
2025-12-26 02:15:13 [detection] LOW E RAW PITCH: detected=93.93Hz filtered=1 peak=0.06213
2025-12-26 02:15:13 [detection] LOW E RAW PITCH: detected=93.93Hz filtered=1 peak=0.04350
2025-12-26 02:15:13 [detection] LOW E RAW PITCH: detected=93.93Hz filtered=1 peak=0.05138
2025-12-26 02:15:13 [detection] LOW E RAW PITCH: detected=93.93Hz filtered=1 peak=0.04893
2025-12-26 02:15:13 [detection] LOW E RAW PITCH: detected=93.93Hz filtered=1 peak=0.06263
2025-12-26 02:15:13 [detection] LOW E RAW PITCH: detected=93.93Hz filtered=1 peak=0.04337
2025-12-26 02:15:13 [detection] LOW E RAW PITCH: detected=93.93Hz filtered=1 peak=0.05141
2025-12-26 02:15:13 [detection] LOW E RAW PITCH: detected=93.93Hz filtered=1 peak=0.04774
2025-12-26 02:15:13 [detection] LOW E RAW PITCH: detected=93.93Hz filtered=1 peak=0.06276
2025-12-26 02:15:13 [detection] LOW E RAW PITCH: detected=93.93Hz filtered=1 peak=0.04360
2025-12-26 02:15:13 [detection] LOW E RAW PITCH: detected=93.93Hz filtered=1 peak=0.05097
2025-12-26 02:15:13 [detection] LOW E RAW PITCH: detected=93.93Hz filtered=1 peak=0.04953
2025-12-26 02:15:13 [detection] LOW E RAW PITCH: detected=93.93Hz filtered=1 peak=0.06310
2025-12-26 02:15:13 [detection] LOW E RAW PITCH: detected=93.93Hz filtered=1 peak=0.04335
2025-12-26 02:15:13 [detection] LOW E RAW PITCH: detected=93.93Hz filtered=1 peak=0.05112
2025-12-26 02:15:13 [detection] LOW E RAW PITCH: detected=93.93Hz filtered=1 peak=0.05094
2025-12-26 02:15:13 [detection] LOW E RAW PITCH: detected=93.93Hz filtered=1 peak=0.06291
2025-12-26 02:15:13 [detection] LOW E RAW PITCH: detected=93.93Hz filtered=1 peak=0.04295
2025-12-26 02:15:13 [detection] LOW E RAW PITCH: detected=93.93Hz filtered=1 peak=0.05053
2025-12-26 02:15:13 [detection] LOW E RAW PITCH: detected=93.93Hz filtered=1 peak=0.05073
2025-12-26 02:15:13 [detection] LOW E RAW PITCH: detected=93.93Hz filtered=1 peak=0.06311
2025-12-26 02:15:13 [detection] LOW E RAW PITCH: detected=93.93Hz filtered=1 peak=0.04303
2025-12-26 02:15:13 [detection] LOW E RAW PITCH: detected=93.93Hz filtered=1 peak=0.04927
2025-12-26 02:15:13 [detection] LOW E RAW PITCH: detected=93.93Hz filtered=1 peak=0.05053
2025-12-26 02:15:13 [detection] LOW E RAW PITCH: detected=93.93Hz filtered=1 peak=0.06352
2025-12-26 02:15:13 [detection] LOW E RAW PITCH: detected=93.93Hz filtered=1 peak=0.04297
2025-12-26 02:15:13 [detection] LOW E RAW PITCH: detected=93.93Hz filtered=1 peak=0.04738
2025-12-26 02:15:13 [detection] LOW E RAW PITCH: detected=93.93Hz filtered=1 peak=0.05064
2025-12-26 02:15:13 [detection] LOW E RAW PITCH: detected=93.93Hz filtered=1 peak=0.06332
2025-12-26 02:15:13 [detection] LOW E RAW PITCH: detected=93.93Hz filtered=1 peak=0.04225
2025-12-26 02:15:13 [detection] LOW E RAW PITCH: detected=93.93Hz filtered=1 peak=0.04454
2025-12-26 02:15:13 [detection] LOW E RAW PITCH: detected=93.93Hz filtered=1 peak=0.05024
2025-12-26 02:15:13 [detection] LOW E RAW PITCH: detected=93.93Hz filtered=1 peak=0.06322
2025-12-26 02:15:13 [detection] LOW E RAW PITCH: detected=93.93Hz filtered=1 peak=0.04260
2025-12-26 02:15:13 [detection] LOW E RAW PITCH: detected=93.93Hz filtered=1 peak=0.04174
2025-12-26 02:15:13 [detection] LOW E RAW PITCH: detected=93.93Hz filtered=1 peak=0.05013
2025-12-26 02:15:13 [detection] LOW E RAW PITCH: detected=93.93Hz filtered=1 peak=0.06373
2025-12-26 02:15:13 [detection] LOW E RAW PITCH: detected=93.93Hz filtered=1 peak=0.04445
2025-12-26 02:15:13 [detection] LOW E RAW PITCH: detected=93.93Hz filtered=1 peak=0.04185
2025-12-26 02:15:13 [detection] LOW E RAW PITCH: detected=93.93Hz filtered=1 peak=0.05001
2025-12-26 02:15:13 [detection] LOW E RAW PITCH: detected=93.93Hz filtered=1 peak=0.06280
2025-12-26 02:15:13 [detection] LOW E RAW PITCH: detected=93.93Hz filtered=1 peak=0.04877
2025-12-26 02:15:13 [detection] LOW E RAW PITCH: detected=93.93Hz filtered=1 peak=0.04168
2025-12-26 02:15:13 [detection] LOW E RAW PITCH: detected=93.93Hz filtered=1 peak=0.04943
2025-12-26 02:15:13 [detection] LOW E RAW PITCH: detected=93.93Hz filtered=1 peak=0.06314
2025-12-26 02:15:13 [detection] LOW E RAW PITCH: detected=93.93Hz filtered=1 peak=0.05363
2025-12-26 02:15:13 [detection] LOW E RAW PITCH: detected=93.93Hz filtered=1 peak=0.04166
2025-12-26 02:15:13 [detection] LOW E RAW PITCH: detected=93.93Hz filtered=1 peak=0.04977
2025-12-26 02:15:13 [detection] LOW E RAW PITCH: detected=93.93Hz filtered=1 peak=0.06357
2025-12-26 02:15:13 [detection] LOW E RAW PITCH: detected=93.93Hz filtered=1 peak=0.05783
2025-12-26 02:15:13 [detection] LOW E RAW PITCH: detected=93.93Hz filtered=1 peak=0.04163
2025-12-26 02:15:13 [detection] LOW E RAW PITCH: detected=93.93Hz filtered=1 peak=0.04934
2025-12-26 02:15:13 [detection] LOW E RAW PITCH: detected=93.93Hz filtered=1 peak=0.06309
2025-12-26 02:15:13 [detection] LOW E RAW PITCH: detected=93.93Hz filtered=1 peak=0.06009
2025-12-26 02:15:13 [detection] LOW E RAW PITCH: detected=93.93Hz filtered=1 peak=0.04116
2025-12-26 02:15:13 [detection] LOW E RAW PITCH: detected=93.93Hz filtered=1 peak=0.04906
2025-12-26 02:15:13 [detection] LOW E RAW PITCH: detected=93.93Hz filtered=1 peak=0.06320
2025-12-26 02:15:13 [detection] LOW E RAW PITCH: detected=93.93Hz filtered=1 peak=0.06216
2025-12-26 02:15:13 [detection] LOW E RAW PITCH: detected=93.93Hz filtered=1 peak=0.04116
2025-12-26 02:15:13 [detection] LOW E RAW PITCH: detected=93.93Hz filtered=1 peak=0.04913
2025-12-26 02:15:13 [detection] LOW E RAW PITCH: detected=93.93Hz filtered=1 peak=0.06335
2025-12-26 02:15:13 [detection] LOW E RAW PITCH: detected=93.93Hz filtered=1 peak=0.06324
2025-12-26 02:15:13 [detection] LOW E RAW PITCH: detected=93.93Hz filtered=1 peak=0.04071
2025-12-26 02:15:13 [detection] LOW E RAW PITCH: detected=93.93Hz filtered=1 peak=0.04918
2025-12-26 02:15:13 [detection] LOW E RAW PITCH: detected=93.93Hz filtered=1 peak=0.06298
2025-12-26 02:15:13 [detection] LOW E RAW PITCH: detected=93.93Hz filtered=1 peak=0.06322
2025-12-26 02:15:13 [detection] LOW E RAW PITCH: detected=93.93Hz filtered=1 peak=0.04057
2025-12-26 02:15:13 [detection] LOW E RAW PITCH: detected=93.93Hz filtered=1 peak=0.04887
2025-12-26 02:15:13 [detection] LOW E RAW PITCH: detected=93.93Hz filtered=1 peak=0.06215
2025-12-26 02:15:13 [detection] LOW E RAW PITCH: detected=93.93Hz filtered=1 peak=0.06353
2025-12-26 02:15:13 [detection] LOW E RAW PITCH: detected=93.93Hz filtered=1 peak=0.04040
2025-12-26 02:15:13 [detection] LOW E RAW PITCH: detected=93.93Hz filtered=1 peak=0.04889
2025-12-26 02:15:13 [detection] LOW E RAW PITCH: detected=93.93Hz filtered=1 peak=0.05969
2025-12-26 02:15:13 [detection] LOW E RAW PITCH: detected=93.93Hz filtered=1 peak=0.06311
2025-12-26 02:15:13 [detection] LOW E RAW PITCH: detected=93.93Hz filtered=1 peak=0.03967
2025-12-26 02:15:13 [detection] LOW E RAW PITCH: detected=93.93Hz filtered=1 peak=0.04860
2025-12-26 02:15:13 [detection] LOW E RAW PITCH: detected=93.93Hz filtered=1 peak=0.05669
2025-12-26 02:15:13 [detection] LOW E RAW PITCH: detected=93.93Hz filtered=1 peak=0.06272
2025-12-26 02:15:13 [detection] LOW E RAW PITCH: detected=93.93Hz filtered=1 peak=0.03987
2025-12-26 02:15:13 [detection] LOW E RAW PITCH: detected=93.93Hz filtered=1 peak=0.04817
2025-12-26 02:15:13 [detection] LOW E RAW PITCH: detected=93.93Hz filtered=1 peak=0.05347
2025-12-26 02:15:13 [detection] LOW E RAW PITCH: detected=93.93Hz filtered=1 peak=0.06307
2025-12-26 02:15:13 [detection] LOW E RAW PITCH: detected=93.93Hz filtered=1 peak=0.03966
2025-12-26 02:15:13 [detection] LOW E RAW PITCH: detected=93.93Hz filtered=1 peak=0.04870
2025-12-26 02:15:13 [detection] LOW E RAW PITCH: detected=93.93Hz filtered=1 peak=0.04966
2025-12-26 02:15:13 [detection] LOW E RAW PITCH: detected=93.93Hz filtered=1 peak=0.06309
2025-12-26 02:15:13 [detection] LOW E RAW PITCH: detected=93.93Hz filtered=1 peak=0.03906
2025-12-26 02:15:13 [detection] LOW E RAW PITCH: detected=93.93Hz filtered=1 peak=0.04792
2025-12-26 02:15:13 [detection] LOW E RAW PITCH: detected=93.93Hz filtered=1 peak=0.04503
2025-12-26 02:15:13 [detection] LOW E RAW PITCH: detected=93.93Hz filtered=1 peak=0.06254
2025-12-26 02:15:13 [detection] LOW E RAW PITCH: detected=93.93Hz filtered=1 peak=0.03907
2025-12-26 02:15:13 [detection] LOW E RAW PITCH: detected=93.93Hz filtered=1 peak=0.04797
2025-12-26 02:15:13 [detection] LOW E RAW PITCH: detected=93.93Hz filtered=1 peak=0.04146
2025-12-26 02:15:13 [detection] LOW E RAW PITCH: detected=93.93Hz filtered=1 peak=0.06311
2025-12-26 02:15:13 [detection] LOW E RAW PITCH: detected=93.93Hz filtered=1 peak=0.03871
2025-12-26 02:15:13 [detection] LOW E RAW PITCH: detected=93.93Hz filtered=1 peak=0.04833
2025-12-26 02:15:13 [detection] LOW E RAW PITCH: detected=93.93Hz filtered=1 peak=0.03688
2025-12-26 02:15:13 [detection] LOW E RAW PITCH: detected=93.93Hz filtered=1 peak=0.06294
2025-12-26 02:15:13 [detection] LOW E RAW PITCH: detected=93.93Hz filtered=1 peak=0.03848
2025-12-26 02:15:13 [detection] LOW E RAW PITCH: detected=93.93Hz filtered=1 peak=0.04777
2025-12-26 02:15:13 [detection] LOW E RAW PITCH: detected=93.93Hz filtered=1 peak=0.03962
2025-12-26 02:15:13 [detection] LOW E RAW PITCH: detected=93.93Hz filtered=1 peak=0.06284
2025-12-26 02:15:13 [detection] LOW E RAW PITCH: detected=93.93Hz filtered=1 peak=0.03827
2025-12-26 02:15:13 [detection] LOW E RAW PITCH: detected=93.93Hz filtered=1 peak=0.04785
2025-12-26 02:15:13 [detection] LOW E RAW PITCH: detected=93.93Hz filtered=1 peak=0.04342
2025-12-26 02:15:13 [detection] LOW E RAW PITCH: detected=93.93Hz filtered=1 peak=0.06310
2025-12-26 02:15:13 [detection] LOW E RAW PITCH: detected=93.93Hz filtered=1 peak=0.03788
2025-12-26 02:15:13 [detection] LOW E RAW PITCH: detected=93.93Hz filtered=1 peak=0.04764
2025-12-26 02:15:13 [detection] LOW E RAW PITCH: detected=93.93Hz filtered=1 peak=0.04584
2025-12-26 02:15:13 [detection] LOW E RAW PITCH: detected=93.93Hz filtered=1 peak=0.06261
2025-12-26 02:15:13 [detection] LOW E RAW PITCH: detected=93.93Hz filtered=1 peak=0.03741
2025-12-26 02:15:13 [detection] LOW E RAW PITCH: detected=93.93Hz filtered=1 peak=0.04726
2025-12-26 02:15:13 [detection] LOW E RAW PITCH: detected=93.93Hz filtered=1 peak=0.04691
2025-12-26 02:15:13 [detection] LOW E RAW PITCH: detected=93.93Hz filtered=1 peak=0.06265
2025-12-26 02:15:13 [detection] LOW E RAW PITCH: detected=93.93Hz filtered=1 peak=0.03743
2025-12-26 02:15:13 [detection] LOW E RAW PITCH: detected=93.93Hz filtered=1 peak=0.04712
2025-12-26 02:15:13 [detection] LOW E RAW PITCH: detected=93.93Hz filtered=1 peak=0.04718
2025-12-26 02:15:13 [detection] LOW E RAW PITCH: detected=93.93Hz filtered=1 peak=0.06268
2025-12-26 02:15:13 [detection] LOW E RAW PITCH: detected=93.93Hz filtered=1 peak=0.03715
2025-12-26 02:15:13 [detection] LOW E RAW PITCH: detected=93.93Hz filtered=1 peak=0.04696
2025-12-26 02:15:13 [detection] LOW E RAW PITCH: detected=93.93Hz filtered=1 peak=0.04782
2025-12-26 02:15:13 [detection] LOW E RAW PITCH: detected=93.93Hz filtered=1 peak=0.06272
2025-12-26 02:15:13 [detection] LOW E RAW PITCH: detected=93.93Hz filtered=1 peak=0.03890
2025-12-26 02:15:13 [detection] LOW E RAW PITCH: detected=93.93Hz filtered=1 peak=0.04400
2025-12-26 02:15:13 [detection] LOW E RAW PITCH: detected=93.93Hz filtered=1 peak=0.04654
2025-12-26 02:15:13 [detection] LOW E RAW PITCH: detected=93.93Hz filtered=1 peak=0.06229
2025-12-26 02:15:13 [detection] LOW E RAW PITCH: detected=93.93Hz filtered=1 peak=0.04373
2025-12-26 02:15:13 [detection] LOW E RAW PITCH: detected=93.93Hz filtered=1 peak=0.04243
2025-12-26 02:15:13 [detection] LOW E RAW PITCH: detected=93.93Hz filtered=1 peak=0.04716
2025-12-26 02:15:13 [detection] LOW E RAW PITCH: detected=93.93Hz filtered=1 peak=0.06250
2025-12-26 02:15:13 [detection] LOW E RAW PITCH: detected=93.93Hz filtered=1 peak=0.04872
2025-12-26 02:15:13 [detection] LOW E RAW PITCH: detected=93.93Hz filtered=1 peak=0.03924
2025-12-26 02:15:13 [detection] LOW E RAW PITCH: detected=93.93Hz filtered=1 peak=0.04675
2025-12-26 02:15:13 [detection] LOW E RAW PITCH: detected=93.93Hz filtered=1 peak=0.06225
2025-12-26 02:15:13 [detection] LOW E RAW PITCH: detected=93.93Hz filtered=1 peak=0.05272
2025-12-26 02:15:13 [detection] LOW E RAW PITCH: detected=93.93Hz filtered=1 peak=0.03634
2025-12-26 02:15:13 [detection] LOW E RAW PITCH: detected=93.93Hz filtered=1 peak=0.04687
2025-12-26 02:15:13 [detection] LOW E RAW PITCH: detected=93.93Hz filtered=1 peak=0.06291
2025-12-26 02:15:13 [detection] LOW E RAW PITCH: detected=93.93Hz filtered=1 peak=0.05687
2025-12-26 02:15:13 [detection] LOW E RAW PITCH: detected=93.93Hz filtered=1 peak=0.03614
2025-12-26 02:15:14 [detection] LOW E RAW PITCH: detected=93.93Hz filtered=1 peak=0.04654
2025-12-26 02:15:14 [detection] LOW E RAW PITCH: detected=93.93Hz filtered=1 peak=0.06255
2025-12-26 02:15:14 [detection] LOW E RAW PITCH: detected=93.93Hz filtered=1 peak=0.05950
2025-12-26 02:15:14 [detection] LOW E RAW PITCH: detected=93.93Hz filtered=1 peak=0.03532
2025-12-26 02:15:14 [detection] LOW E RAW PITCH: detected=93.93Hz filtered=1 peak=0.04653
2025-12-26 02:15:14 [detection] LOW E RAW PITCH: detected=93.93Hz filtered=1 peak=0.06211
2025-12-26 02:15:14 [detection] LOW E RAW PITCH: detected=93.93Hz filtered=1 peak=0.06091
2025-12-26 02:15:14 [detection] LOW E RAW PITCH: detected=93.93Hz filtered=1 peak=0.03525
2025-12-26 02:15:14 [detection] LOW E RAW PITCH: detected=93.93Hz filtered=1 peak=0.04636
2025-12-26 02:15:14 [detection] LOW E RAW PITCH: detected=93.93Hz filtered=1 peak=0.06275
2025-12-26 02:15:14 [detection] LOW E RAW PITCH: detected=93.93Hz filtered=1 peak=0.06260
2025-12-26 02:15:14 [detection] LOW E RAW PITCH: detected=93.93Hz filtered=1 peak=0.03518
2025-12-26 02:15:14 [detection] LOW E RAW PITCH: detected=93.93Hz filtered=1 peak=0.04638
2025-12-26 02:15:14 [detection] LOW E RAW PITCH: detected=93.93Hz filtered=1 peak=0.06253
2025-12-26 02:15:14 [detection] LOW E RAW PITCH: detected=93.93Hz filtered=1 peak=0.06271
2025-12-26 02:15:14 [detection] LOW E RAW PITCH: detected=93.93Hz filtered=1 peak=0.03428
2025-12-26 02:15:14 [detection] LOW E RAW PITCH: detected=93.93Hz filtered=1 peak=0.04624
2025-12-26 02:15:14 [detection] LOW E RAW PITCH: detected=93.93Hz filtered=1 peak=0.06118
2025-12-26 02:15:14 [detection] LOW E RAW PITCH: detected=93.93Hz filtered=1 peak=0.06237
2025-12-26 02:15:14 [detection] LOW E RAW PITCH: detected=93.93Hz filtered=1 peak=0.03453
2025-12-26 02:15:14 [detection] LOW E RAW PITCH: detected=93.93Hz filtered=1 peak=0.04577
2025-12-26 02:15:14 [detection] LOW E RAW PITCH: detected=93.93Hz filtered=1 peak=0.05972
2025-12-26 02:15:14 [detection] LOW E RAW PITCH: detected=93.93Hz filtered=1 peak=0.06279
2025-12-26 02:15:14 [detection] LOW E RAW PITCH: detected=93.93Hz filtered=1 peak=0.03435
2025-12-26 02:15:14 [detection] LOW E RAW PITCH: detected=93.93Hz filtered=1 peak=0.04571
2025-12-26 02:15:14 [detection] LOW E RAW PITCH: detected=93.93Hz filtered=1 peak=0.05636
2025-12-26 02:15:14 [detection] LOW E RAW PITCH: detected=93.93Hz filtered=1 peak=0.06229
2025-12-26 02:15:14 [detection] LOW E RAW PITCH: detected=93.93Hz filtered=1 peak=0.03347
2025-12-26 02:15:14 [detection] LOW E RAW PITCH: detected=93.93Hz filtered=1 peak=0.04561
2025-12-26 02:15:14 [detection] LOW E RAW PITCH: detected=93.93Hz filtered=1 peak=0.05298
2025-12-26 02:15:14 [detection] LOW E RAW PITCH: detected=93.93Hz filtered=1 peak=0.06255
2025-12-26 02:15:14 [detection] LOW E RAW PITCH: detected=93.93Hz filtered=1 peak=0.03362
2025-12-26 02:15:14 [detection] LOW E RAW PITCH: detected=93.93Hz filtered=1 peak=0.04554
2025-12-26 02:15:14 [detection] LOW E RAW PITCH: detected=93.93Hz filtered=1 peak=0.04929
2025-12-26 02:15:14 [detection] LOW E RAW PITCH: detected=93.93Hz filtered=1 peak=0.06285
2025-12-26 02:15:14 [detection] LOW E RAW PITCH: detected=93.93Hz filtered=1 peak=0.03315
2025-12-26 02:15:14 [detection] LOW E RAW PITCH: detected=93.93Hz filtered=1 peak=0.04532
2025-12-26 02:15:14 [detection] LOW E RAW PITCH: detected=93.93Hz filtered=1 peak=0.04408
2025-12-26 02:15:14 [detection] LOW E RAW PITCH: detected=93.93Hz filtered=1 peak=0.06225
2025-12-26 02:15:14 [detection] LOW E RAW PITCH: detected=93.93Hz filtered=1 peak=0.03264
2025-12-26 02:15:14 [detection] LOW E RAW PITCH: detected=93.93Hz filtered=1 peak=0.04486
2025-12-26 02:15:14 [detection] LOW E RAW PITCH: detected=93.93Hz filtered=1 peak=0.03944
2025-12-26 02:15:14 [detection] LOW E RAW PITCH: detected=93.93Hz filtered=1 peak=0.06260
2025-12-26 02:15:14 [detection] LOW E RAW PITCH: detected=93.93Hz filtered=1 peak=0.03279
2025-12-26 02:15:14 [detection] LOW E RAW PITCH: detected=93.93Hz filtered=1 peak=0.04507
2025-12-26 02:15:14 [detection] LOW E RAW PITCH: detected=93.93Hz filtered=1 peak=0.03422
2025-12-26 02:15:14 [detection] LOW E RAW PITCH: detected=93.93Hz filtered=1 peak=0.06266
2025-12-26 02:15:14 [detection] LOW E RAW PITCH: detected=93.93Hz filtered=1 peak=0.03223
2025-12-26 02:15:14 [detection] LOW E RAW PITCH: detected=93.93Hz filtered=1 peak=0.04458
2025-12-26 02:15:14 [detection] LOW E RAW PITCH: detected=93.93Hz filtered=1 peak=0.02929
2025-12-26 02:15:14 [detection] LOW E RAW PITCH: detected=93.93Hz filtered=1 peak=0.06225
2025-12-26 02:15:14 [detection] LOW E RAW PITCH: detected=93.93Hz filtered=1 peak=0.03192
2025-12-26 02:15:14 [detection] LOW E RAW PITCH: detected=93.93Hz filtered=1 peak=0.04431
2025-12-26 02:15:14 [detection] LOW E RAW PITCH: detected=93.93Hz filtered=1 peak=0.03382
2025-12-26 02:15:14 [detection] LOW E RAW PITCH: detected=93.93Hz filtered=1 peak=0.06232
2025-12-26 02:15:14 [detection] LOW E RAW PITCH: detected=93.93Hz filtered=1 peak=0.03181
2025-12-26 02:15:14 [detection] LOW E RAW PITCH: detected=93.93Hz filtered=1 peak=0.04447
2025-12-26 02:15:14 [detection] LOW E RAW PITCH: detected=93.93Hz filtered=1 peak=0.03775
2025-12-26 02:15:14 [detection] LOW E RAW PITCH: detected=93.93Hz filtered=1 peak=0.06229
2025-12-26 02:15:14 [detection] LOW E RAW PITCH: detected=93.93Hz filtered=1 peak=0.03081
2025-12-26 02:15:14 [detection] LOW E RAW PITCH: detected=93.93Hz filtered=1 peak=0.04414
2025-12-26 02:15:14 [detection] LOW E RAW PITCH: detected=93.93Hz filtered=1 peak=0.04063
2025-12-26 02:15:14 [detection] LOW E RAW PITCH: detected=93.93Hz filtered=1 peak=0.06194
2025-12-26 02:15:14 [detection] LOW E RAW PITCH: detected=93.93Hz filtered=1 peak=0.03146
2025-12-26 02:15:14 [detection] LOW E RAW PITCH: detected=93.93Hz filtered=1 peak=0.04376
2025-12-26 02:15:14 [detection] LOW E RAW PITCH: detected=93.93Hz filtered=1 peak=0.04227
2025-12-26 02:15:14 [detection] LOW E RAW PITCH: detected=93.93Hz filtered=1 peak=0.06204
2025-12-26 02:15:14 [detection] LOW E RAW PITCH: detected=93.93Hz filtered=1 peak=0.03675
2025-12-26 02:15:14 [detection] LOW E RAW PITCH: detected=93.93Hz filtered=1 peak=0.04408
2025-12-26 02:15:14 [detection] LOW E RAW PITCH: detected=93.93Hz filtered=1 peak=0.04381
2025-12-26 02:15:14 [detection] LOW E RAW PITCH: detected=93.93Hz filtered=1 peak=0.06244
2025-12-26 02:15:14 [detection] LOW E RAW PITCH: detected=93.93Hz filtered=1 peak=0.04228
2025-12-26 02:15:14 [detection] LOW E RAW PITCH: detected=93.93Hz filtered=1 peak=0.04348
2025-12-26 02:15:14 [detection] LOW E RAW PITCH: detected=93.93Hz filtered=1 peak=0.04355
2025-12-26 02:15:14 [detection] LOW E RAW PITCH: detected=93.93Hz filtered=1 peak=0.06183
2025-12-26 02:15:14 [detection] LOW E RAW PITCH: detected=93.93Hz filtered=1 peak=0.04652
2025-12-26 02:15:14 [detection] LOW E RAW PITCH: detected=93.93Hz filtered=1 peak=0.04257
2025-12-26 02:15:14 [detection] LOW E RAW PITCH: detected=93.93Hz filtered=1 peak=0.04339
2025-12-26 02:15:14 [detection] LOW E RAW PITCH: detected=93.93Hz filtered=1 peak=0.06206
2025-12-26 02:15:14 [detection] LOW E RAW PITCH: detected=93.93Hz filtered=1 peak=0.05104
2025-12-26 02:15:14 [detection] LOW E RAW PITCH: detected=93.93Hz filtered=1 peak=0.04094
2025-12-26 02:15:14 [detection] LOW E RAW PITCH: detected=93.93Hz filtered=1 peak=0.04320
2025-12-26 02:15:14 [detection] LOW E RAW PITCH: detected=93.93Hz filtered=1 peak=0.06187
2025-12-26 02:15:14 [detection] LOW E RAW PITCH: detected=93.93Hz filtered=1 peak=0.05460
2025-12-26 02:15:14 [detection] LOW E RAW PITCH: detected=93.93Hz filtered=1 peak=0.03893
2025-12-26 02:15:14 [detection] LOW E RAW PITCH: detected=93.93Hz filtered=1 peak=0.04323
2025-12-26 02:15:14 [detection] LOW E RAW PITCH: detected=93.93Hz filtered=1 peak=0.06161
2025-12-26 02:15:14 [detection] LOW E RAW PITCH: detected=93.93Hz filtered=1 peak=0.05719
2025-12-26 02:15:14 [detection] LOW E RAW PITCH: detected=93.93Hz filtered=1 peak=0.03598
2025-12-26 02:15:14 [detection] LOW E RAW PITCH: detected=93.93Hz filtered=1 peak=0.04251
2025-12-26 02:15:14 [detection] LOW E RAW PITCH: detected=93.93Hz filtered=1 peak=0.06160
2025-12-26 02:15:14 [detection] LOW E RAW PITCH: detected=93.93Hz filtered=1 peak=0.05962
2025-12-26 02:15:14 [detection] LOW E RAW PITCH: detected=93.93Hz filtered=1 peak=0.03349
2025-12-26 02:15:14 [detection] LOW E RAW PITCH: detected=93.93Hz filtered=1 peak=0.04274
2025-12-26 02:15:14 [detection] LOW E RAW PITCH: detected=93.93Hz filtered=1 peak=0.06146
2025-12-26 02:15:14 [detection] LOW E RAW PITCH: detected=93.93Hz filtered=1 peak=0.06085
2025-12-26 02:15:14 [detection] LOW E RAW PITCH: detected=93.93Hz filtered=1 peak=0.03050
2025-12-26 02:15:14 [detection] LOW E RAW PITCH: detected=93.93Hz filtered=1 peak=0.04215
2025-12-26 02:15:14 [detection] LOW E RAW PITCH: detected=93.93Hz filtered=1 peak=0.06126
2025-12-26 02:15:14 [detection] LOW E RAW PITCH: detected=93.93Hz filtered=1 peak=0.06125
2025-12-26 02:15:14 [detection] LOW E RAW PITCH: detected=93.93Hz filtered=1 peak=0.02817
2025-12-26 02:15:14 [detection] LOW E RAW PITCH: detected=93.93Hz filtered=1 peak=0.04218
2025-12-26 02:15:14 [detection] LOW E RAW PITCH: detected=93.93Hz filtered=1 peak=0.06098
2025-12-26 02:15:14 [detection] LOW E RAW PITCH: detected=93.93Hz filtered=1 peak=0.06141
2025-12-26 02:15:14 [detection] LOW E RAW PITCH: detected=93.93Hz filtered=1 peak=0.02795
2025-12-26 02:15:14 [detection] LOW E RAW PITCH: detected=93.93Hz filtered=1 peak=0.04198
2025-12-26 02:15:14 [detection] LOW E RAW PITCH: detected=93.93Hz filtered=1 peak=0.05927
2025-12-26 02:15:14 [detection] LOW E RAW PITCH: detected=93.93Hz filtered=1 peak=0.06098
2025-12-26 02:15:14 [detection] LOW E RAW PITCH: detected=93.93Hz filtered=1 peak=0.02755
2025-12-26 02:15:14 [detection] LOW E RAW PITCH: detected=93.93Hz filtered=1 peak=0.04170
2025-12-26 02:15:14 [detection] LOW E RAW PITCH: detected=93.93Hz filtered=1 peak=0.05695
2025-12-26 02:15:14 [detection] LOW E RAW PITCH: detected=93.93Hz filtered=1 peak=0.06071
2025-12-26 02:15:14 [detection] LOW E RAW PITCH: detected=93.93Hz filtered=1 peak=0.02765
2025-12-26 02:15:14 [detection] LOW E RAW PITCH: detected=93.93Hz filtered=1 peak=0.04134
2025-12-26 02:15:14 [detection] LOW E RAW PITCH: detected=93.93Hz filtered=1 peak=0.05388
2025-12-26 02:15:14 [detection] LOW E RAW PITCH: detected=93.93Hz filtered=1 peak=0.06070
2025-12-26 02:15:14 [detection] LOW E RAW PITCH: detected=93.93Hz filtered=1 peak=0.02689
2025-12-26 02:15:14 [detection] LOW E RAW PITCH: detected=93.93Hz filtered=1 peak=0.04125
2025-12-26 02:15:14 [detection] LOW E RAW PITCH: detected=93.93Hz filtered=1 peak=0.04875
2025-12-26 02:15:14 [detection] LOW E RAW PITCH: detected=93.93Hz filtered=1 peak=0.05972
2025-12-26 02:15:14 [detection] LOW E RAW PITCH: detected=93.93Hz filtered=1 peak=0.02598
2025-12-26 02:15:14 [detection] LOW E RAW PITCH: detected=93.93Hz filtered=1 peak=0.04014
2025-12-26 02:15:14 [detection] LOW E RAW PITCH: detected=93.93Hz filtered=1 peak=0.04543
2025-12-26 02:15:14 [detection] LOW E RAW PITCH: detected=93.93Hz filtered=1 peak=0.06029
2025-12-26 02:15:14 [detection] LOW E RAW PITCH: detected=93.93Hz filtered=1 peak=0.02628
2025-12-26 02:15:14 [detection] LOW E RAW PITCH: detected=93.93Hz filtered=1 peak=0.04103
2025-12-26 02:15:14 [detection] LOW E RAW PITCH: detected=93.93Hz filtered=1 peak=0.04049
2025-12-26 02:15:14 [detection] LOW E RAW PITCH: detected=93.93Hz filtered=1 peak=0.06015
2025-12-26 02:15:14 [detection] LOW E RAW PITCH: detected=93.93Hz filtered=1 peak=0.02603
2025-12-26 02:15:14 [detection] LOW E RAW PITCH: detected=93.93Hz filtered=1 peak=0.04046
2025-12-26 02:15:14 [detection] LOW E RAW PITCH: detected=93.93Hz filtered=1 peak=0.03493
2025-12-26 02:15:14 [detection] LOW E RAW PITCH: detected=93.93Hz filtered=1 peak=0.05989
2025-12-26 02:15:14 [detection] LOW E RAW PITCH: detected=93.93Hz filtered=1 peak=0.02576
2025-12-26 02:15:14 [detection] LOW E RAW PITCH: detected=93.93Hz filtered=1 peak=0.04027
2025-12-26 02:15:14 [detection] LOW E RAW PITCH: detected=93.93Hz filtered=1 peak=0.02960
2025-12-26 02:15:14 [detection] LOW E RAW PITCH: detected=93.93Hz filtered=1 peak=0.05989
2025-12-26 02:15:14 [detection] LOW E RAW PITCH: detected=93.93Hz filtered=1 peak=0.02570
2025-12-26 02:15:14 [detection] LOW E RAW PITCH: detected=93.93Hz filtered=1 peak=0.04014
2025-12-26 02:15:14 [detection] LOW E RAW PITCH: detected=93.93Hz filtered=1 peak=0.02397
2025-12-26 02:15:14 [detection] LOW E RAW PITCH: detected=93.93Hz filtered=1 peak=0.05956
2025-12-26 02:15:14 [detection] LOW E RAW PITCH: detected=93.93Hz filtered=1 peak=0.02511
2025-12-26 02:15:14 [detection] LOW E RAW PITCH: detected=93.93Hz filtered=1 peak=0.04013
2025-12-26 02:15:14 [detection] LOW E RAW PITCH: detected=93.93Hz filtered=1 peak=0.02727
2025-12-26 02:15:14 [detection] LOW E RAW PITCH: detected=93.93Hz filtered=1 peak=0.05927
2025-12-26 02:15:14 [detection] LOW E RAW PITCH: detected=93.93Hz filtered=1 peak=0.02496
2025-12-26 02:15:14 [detection] LOW E RAW PITCH: detected=93.93Hz filtered=1 peak=0.03951
2025-12-26 02:15:14 [detection] LOW E RAW PITCH: detected=93.93Hz filtered=1 peak=0.03033
2025-12-26 02:15:14 [detection] LOW E RAW PITCH: detected=93.93Hz filtered=1 peak=0.05930
2025-12-26 02:15:14 [detection] LOW E RAW PITCH: detected=93.93Hz filtered=1 peak=0.02933
2025-12-26 02:15:14 [detection] LOW E RAW PITCH: detected=93.93Hz filtered=1 peak=0.03927
2025-12-26 02:15:14 [detection] LOW E RAW PITCH: detected=93.93Hz filtered=1 peak=0.03302
2025-12-26 02:15:14 [detection] LOW E RAW PITCH: detected=93.93Hz filtered=1 peak=0.05923
2025-12-26 02:15:14 [detection] LOW E RAW PITCH: detected=93.93Hz filtered=1 peak=0.03487
2025-12-26 02:15:14 [detection] LOW E RAW PITCH: detected=93.93Hz filtered=1 peak=0.03900
2025-12-26 02:15:14 [detection] LOW E RAW PITCH: detected=93.93Hz filtered=1 peak=0.03549
2025-12-26 02:15:14 [detection] LOW E RAW PITCH: detected=93.93Hz filtered=1 peak=0.05882
2025-12-26 02:15:14 [detection] LOW E RAW PITCH: detected=93.93Hz filtered=1 peak=0.03922
2025-12-26 02:15:14 [detection] LOW E RAW PITCH: detected=93.93Hz filtered=1 peak=0.03870
2025-12-26 02:15:14 [detection] LOW E RAW PITCH: detected=93.93Hz filtered=1 peak=0.03700
2025-12-26 02:15:14 [detection] LOW E RAW PITCH: detected=93.93Hz filtered=1 peak=0.05904
2025-12-26 02:15:14 [detection] LOW E RAW PITCH: detected=93.93Hz filtered=1 peak=0.04402
2025-12-26 02:15:14 [detection] LOW E RAW PITCH: detected=93.93Hz filtered=1 peak=0.03887
2025-12-26 02:15:14 [detection] LOW E RAW PITCH: detected=93.93Hz filtered=1 peak=0.03841
2025-12-26 02:15:14 [detection] LOW E RAW PITCH: detected=93.93Hz filtered=1 peak=0.05898
2025-12-26 02:15:14 [detection] LOW E RAW PITCH: detected=93.93Hz filtered=1 peak=0.04796
2025-12-26 02:15:14 [detection] LOW E RAW PITCH: detected=93.93Hz filtered=1 peak=0.03799
2025-12-26 02:15:14 [detection] LOW E RAW PITCH: detected=93.93Hz filtered=1 peak=0.03798
2025-12-26 02:15:14 [detection] LOW E RAW PITCH: detected=93.93Hz filtered=1 peak=0.05797
2025-12-26 02:15:14 [detection] LOW E RAW PITCH: detected=93.93Hz filtered=1 peak=0.05041
2025-12-26 02:15:14 [detection] LOW E RAW PITCH: detected=93.93Hz filtered=1 peak=0.03756
2025-12-26 02:15:14 [detection] LOW E RAW PITCH: detected=93.93Hz filtered=1 peak=0.03787
2025-12-26 02:15:14 [detection] LOW E RAW PITCH: detected=93.93Hz filtered=1 peak=0.05844
2025-12-26 02:15:14 [detection] LOW E RAW PITCH: detected=93.93Hz filtered=1 peak=0.05402
2025-12-26 02:15:14 [detection] LOW E RAW PITCH: detected=93.93Hz filtered=1 peak=0.03669
2025-12-26 02:15:14 [detection] LOW E RAW PITCH: detected=93.93Hz filtered=1 peak=0.03802
2025-12-26 02:15:14 [detection] LOW E RAW PITCH: detected=93.93Hz filtered=1 peak=0.05838
2025-12-26 02:15:14 [detection] LOW E RAW PITCH: detected=93.93Hz filtered=1 peak=0.05621
2025-12-26 02:15:14 [detection] LOW E RAW PITCH: detected=93.93Hz filtered=1 peak=0.03509
2025-12-26 02:15:14 [detection] LOW E RAW PITCH: detected=93.93Hz filtered=1 peak=0.03770
2025-12-26 02:15:14 [detection] LOW E RAW PITCH: detected=93.93Hz filtered=1 peak=0.05790
2025-12-26 02:15:14 [detection] LOW E RAW PITCH: detected=93.93Hz filtered=1 peak=0.05720
2025-12-26 02:15:14 [detection] LOW E RAW PITCH: detected=93.93Hz filtered=1 peak=0.03335
2025-12-26 02:15:14 [detection] LOW E RAW PITCH: detected=93.93Hz filtered=1 peak=0.03786
2025-12-26 02:15:14 [detection] LOW E RAW PITCH: detected=93.93Hz filtered=1 peak=0.05794
2025-12-26 02:15:14 [detection] LOW E RAW PITCH: detected=93.93Hz filtered=1 peak=0.05790
2025-12-26 02:15:14 [detection] LOW E RAW PITCH: detected=93.93Hz filtered=1 peak=0.03099
2025-12-26 02:15:14 [detection] LOW E RAW PITCH: detected=93.93Hz filtered=1 peak=0.03763
2025-12-26 02:15:14 [detection] LOW E RAW PITCH: detected=93.93Hz filtered=1 peak=0.05712
2025-12-26 02:15:14 [detection] LOW E RAW PITCH: detected=93.93Hz filtered=1 peak=0.05743
2025-12-26 02:15:14 [detection] LOW E RAW PITCH: detected=93.93Hz filtered=1 peak=0.02788
2025-12-26 02:15:14 [detection] LOW E RAW PITCH: detected=93.93Hz filtered=1 peak=0.03662
2025-12-26 02:15:14 [detection] LOW E RAW PITCH: detected=93.93Hz filtered=1 peak=0.05566
2025-12-26 02:15:14 [detection] LOW E RAW PITCH: detected=93.93Hz filtered=1 peak=0.05714
2025-12-26 02:15:14 [detection] LOW E RAW PITCH: detected=93.93Hz filtered=1 peak=0.02614
2025-12-26 02:15:14 [detection] LOW E RAW PITCH: detected=93.93Hz filtered=1 peak=0.03710
2025-12-26 02:15:14 [detection] LOW E RAW PITCH: detected=93.93Hz filtered=1 peak=0.05398
2025-12-26 02:15:14 [detection] LOW E RAW PITCH: detected=93.93Hz filtered=1 peak=0.05736
2025-12-26 02:15:14 [detection] LOW E RAW PITCH: detected=93.93Hz filtered=1 peak=0.02370
2025-12-26 02:15:14 [detection] LOW E RAW PITCH: detected=93.93Hz filtered=1 peak=0.03678
2025-12-26 02:15:14 [detection] LOW E RAW PITCH: detected=93.93Hz filtered=1 peak=0.05033
2025-12-26 02:15:14 [detection] LOW E RAW PITCH: detected=93.93Hz filtered=1 peak=0.05655
2025-12-26 02:15:14 [detection] LOW E RAW PITCH: detected=93.93Hz filtered=1 peak=0.02132
2025-12-26 02:15:14 [detection] LOW E RAW PITCH: detected=93.93Hz filtered=1 peak=0.03615
2025-12-26 02:15:14 [detection] LOW E RAW PITCH: detected=93.93Hz filtered=1 peak=0.04669
2025-12-26 02:15:14 [detection] LOW E RAW PITCH: detected=93.93Hz filtered=1 peak=0.05639
2025-12-26 02:15:14 [detection] LOW E RAW PITCH: detected=93.93Hz filtered=1 peak=0.02091
2025-12-26 02:15:14 [detection] LOW E RAW PITCH: detected=93.93Hz filtered=1 peak=0.03634
2025-12-26 02:15:14 [detection] LOW E RAW PITCH: detected=93.93Hz filtered=1 peak=0.04249
2025-12-26 02:15:14 [detection] LOW E RAW PITCH: detected=93.93Hz filtered=1 peak=0.05626
2025-12-26 02:15:14 [detection] LOW E RAW PITCH: detected=93.93Hz filtered=1 peak=0.02010
2025-12-26 02:15:14 [detection] LOW E RAW PITCH: detected=93.93Hz filtered=1 peak=0.03597
2025-12-26 02:15:14 [detection] LOW E RAW PITCH: detected=93.93Hz filtered=1 peak=0.03692
2025-12-26 02:15:14 [detection] LOW E RAW PITCH: detected=93.93Hz filtered=1 peak=0.05585
2025-12-26 02:15:14 [detection] LOW E RAW PITCH: detected=93.93Hz filtered=1 peak=0.02010
2025-12-26 02:15:14 [detection] LOW E RAW PITCH: detected=93.93Hz filtered=1 peak=0.03563
2025-12-26 02:15:14 [detection] LOW E RAW PITCH: detected=93.93Hz filtered=1 peak=0.03218
2025-12-26 02:15:14 [detection] LOW E RAW PITCH: detected=93.93Hz filtered=1 peak=0.05581
2025-12-26 02:15:14 [detection] LOW E RAW PITCH: detected=93.93Hz filtered=1 peak=0.01986
2025-12-26 02:15:14 [detection] LOW E RAW PITCH: detected=93.93Hz filtered=1 peak=0.03537
2025-12-26 02:15:14 [detection] LOW E RAW PITCH: detected=93.93Hz filtered=1 peak=0.02568
2025-12-26 02:15:14 [detection] LOW E RAW PITCH: detected=93.93Hz filtered=1 peak=0.05538
2025-12-26 02:15:14 [detection] LOW E RAW PITCH: detected=93.93Hz filtered=1 peak=0.01916
2025-12-26 02:15:14 [detection] LOW E RAW PITCH: detected=93.93Hz filtered=1 peak=0.03490
2025-12-26 02:15:14 [detection] LOW E RAW PITCH: detected=93.93Hz filtered=1 peak=0.01992
2025-12-26 02:15:14 [detection] LOW E RAW PITCH: detected=93.93Hz filtered=1 peak=0.05484
2025-12-26 02:15:14 [detection] LOW E RAW PITCH: detected=93.93Hz filtered=1 peak=0.02109
2025-12-26 02:15:14 [detection] LOW E RAW PITCH: detected=93.93Hz filtered=1 peak=0.03501
2025-12-26 02:15:14 [detection] LOW E RAW PITCH: detected=93.93Hz filtered=1 peak=0.02216
2025-12-26 02:15:14 [detection] LOW E RAW PITCH: detected=93.93Hz filtered=1 peak=0.05508
2025-12-26 02:15:14 [detection] LOW E RAW PITCH: detected=93.93Hz filtered=1 peak=0.02594
2025-12-26 02:15:14 [detection] LOW E RAW PITCH: detected=93.93Hz filtered=1 peak=0.03509
2025-12-26 02:15:14 [detection] LOW E RAW PITCH: detected=93.93Hz filtered=1 peak=0.02489
2025-12-26 02:15:14 [detection] LOW E RAW PITCH: detected=93.93Hz filtered=1 peak=0.05471
2025-12-26 02:15:14 [detection] LOW E RAW PITCH: detected=93.93Hz filtered=1 peak=0.03028
2025-12-26 02:15:14 [detection] LOW E RAW PITCH: detected=93.93Hz filtered=1 peak=0.03460
2025-12-26 02:15:14 [detection] LOW E RAW PITCH: detected=93.93Hz filtered=1 peak=0.02714
2025-12-26 02:15:14 [detection] LOW E RAW PITCH: detected=93.93Hz filtered=1 peak=0.05423
2025-12-26 02:15:14 [detection] LOW E RAW PITCH: detected=93.93Hz filtered=1 peak=0.03367
2025-12-26 02:15:14 [detection] LOW E RAW PITCH: detected=93.93Hz filtered=1 peak=0.03414
2025-12-26 02:15:14 [detection] LOW E RAW PITCH: detected=93.93Hz filtered=1 peak=0.02884
2025-12-26 02:15:14 [detection] LOW E RAW PITCH: detected=93.93Hz filtered=1 peak=0.05406
2025-12-26 02:15:14 [detection] LOW E RAW PITCH: detected=93.93Hz filtered=1 peak=0.03809
2025-12-26 02:15:14 [detection] LOW E RAW PITCH: detected=93.93Hz filtered=1 peak=0.03422
2025-12-26 02:15:14 [detection] LOW E RAW PITCH: detected=93.93Hz filtered=1 peak=0.03112
2025-12-26 02:15:14 [detection] LOW E RAW PITCH: detected=93.93Hz filtered=1 peak=0.05358
2025-12-26 02:15:14 [detection] LOW E RAW PITCH: detected=93.93Hz filtered=1 peak=0.04138
2025-12-26 02:15:14 [detection] LOW E RAW PITCH: detected=93.93Hz filtered=1 peak=0.03342
2025-12-26 02:15:14 [detection] LOW E RAW PITCH: detected=93.93Hz filtered=1 peak=0.03187
2025-12-26 02:15:14 [detection] LOW E RAW PITCH: detected=93.93Hz filtered=1 peak=0.05338
2025-12-26 02:15:14 [detection] LOW E RAW PITCH: detected=93.93Hz filtered=1 peak=0.04446
2025-12-26 02:15:14 [detection] LOW E RAW PITCH: detected=93.93Hz filtered=1 peak=0.03393
2025-12-26 02:15:14 [detection] LOW E RAW PITCH: detected=93.93Hz filtered=1 peak=0.03328
2025-12-26 02:15:14 [detection] LOW E RAW PITCH: detected=93.93Hz filtered=1 peak=0.05327
2025-12-26 02:15:14 [detection] LOW E RAW PITCH: detected=93.93Hz filtered=1 peak=0.04726
2025-12-26 02:15:14 [detection] LOW E RAW PITCH: detected=93.93Hz filtered=1 peak=0.03338
2025-12-26 02:15:14 [detection] LOW E RAW PITCH: detected=93.93Hz filtered=1 peak=0.03332
2025-12-26 02:15:14 [detection] LOW E RAW PITCH: detected=93.93Hz filtered=1 peak=0.05286
2025-12-26 02:15:14 [detection] LOW E RAW PITCH: detected=93.93Hz filtered=1 peak=0.04945
2025-12-26 02:15:14 [detection] LOW E RAW PITCH: detected=93.93Hz filtered=1 peak=0.03322
2025-12-26 02:15:14 [detection] LOW E RAW PITCH: detected=93.93Hz filtered=1 peak=0.03333
2025-12-26 02:15:14 [detection] LOW E RAW PITCH: detected=93.93Hz filtered=1 peak=0.05232
2025-12-26 02:15:14 [detection] LOW E RAW PITCH: detected=93.93Hz filtered=1 peak=0.05070
2025-12-26 02:15:14 [detection] LOW E RAW PITCH: detected=93.93Hz filtered=1 peak=0.03236
2025-12-26 02:15:14 [detection] LOW E RAW PITCH: detected=93.93Hz filtered=1 peak=0.03306
2025-12-26 02:15:14 [detection] LOW E RAW PITCH: detected=93.93Hz filtered=1 peak=0.05244
2025-12-26 02:15:14 [detection] LOW E RAW PITCH: detected=93.93Hz filtered=1 peak=0.05201
2025-12-26 02:15:14 [detection] LOW E RAW PITCH: detected=93.93Hz filtered=1 peak=0.03103
2025-12-26 02:15:14 [detection] LOW E RAW PITCH: detected=93.93Hz filtered=1 peak=0.03281
2025-12-26 02:15:14 [detection] LOW E RAW PITCH: detected=93.93Hz filtered=1 peak=0.05145
2025-12-26 02:15:14 [detection] LOW E RAW PITCH: detected=93.93Hz filtered=1 peak=0.05145
2025-12-26 02:15:14 [detection] LOW E RAW PITCH: detected=93.93Hz filtered=1 peak=0.02950
2025-12-26 02:15:14 [detection] LOW E RAW PITCH: detected=93.93Hz filtered=1 peak=0.03254
2025-12-26 02:15:14 [detection] LOW E RAW PITCH: detected=93.93Hz filtered=1 peak=0.05122
2025-12-26 02:15:14 [detection] LOW E RAW PITCH: detected=93.93Hz filtered=1 peak=0.05169
2025-12-26 02:15:14 [detection] LOW E RAW PITCH: detected=93.93Hz filtered=1 peak=0.02788
2025-12-26 02:15:14 [detection] LOW E RAW PITCH: detected=93.93Hz filtered=1 peak=0.03275
2025-12-26 02:15:14 [detection] LOW E RAW PITCH: detected=93.93Hz filtered=1 peak=0.04944
2025-12-26 02:15:14 [detection] LOW E RAW PITCH: detected=93.93Hz filtered=1 peak=0.05125
2025-12-26 02:15:14 [detection] LOW E RAW PITCH: detected=93.93Hz filtered=1 peak=0.02554
2025-12-26 02:15:14 [detection] LOW E RAW PITCH: detected=93.93Hz filtered=1 peak=0.03221
2025-12-26 02:15:14 [detection] LOW E RAW PITCH: detected=93.93Hz filtered=1 peak=0.04656
2025-12-26 02:15:14 [detection] LOW E RAW PITCH: detected=93.93Hz filtered=1 peak=0.05047
2025-12-26 02:15:14 [detection] LOW E RAW PITCH: detected=93.93Hz filtered=1 peak=0.02360
2025-12-26 02:15:14 [detection] LOW E RAW PITCH: detected=93.93Hz filtered=1 peak=0.03193
2025-12-26 02:15:14 [detection] LOW E RAW PITCH: detected=93.93Hz filtered=1 peak=0.04378
2025-12-26 02:15:14 [detection] LOW E RAW PITCH: detected=93.93Hz filtered=1 peak=0.05069
2025-12-26 02:15:14 [detection] LOW E RAW PITCH: detected=93.93Hz filtered=1 peak=0.02188
2025-12-26 02:15:14 [detection] LOW E RAW PITCH: detected=93.93Hz filtered=1 peak=0.03205
2025-12-26 02:15:14 [detection] LOW E RAW PITCH: detected=93.93Hz filtered=1 peak=0.03964
2025-12-26 02:15:14 [detection] LOW E RAW PITCH: detected=93.93Hz filtered=1 peak=0.05006
2025-12-26 02:15:14 [detection] LOW E RAW PITCH: detected=93.93Hz filtered=1 peak=0.01956
2025-12-26 02:15:14 [detection] LOW E RAW PITCH: detected=93.93Hz filtered=1 peak=0.03158
2025-12-26 02:15:14 [detection] LOW E RAW PITCH: detected=93.93Hz filtered=1 peak=0.03475
2025-12-26 02:15:14 [detection] LOW E RAW PITCH: detected=93.93Hz filtered=1 peak=0.04956
2025-12-26 02:15:14 [detection] LOW E RAW PITCH: detected=93.93Hz filtered=1 peak=0.01792
2025-12-26 02:15:14 [detection] LOW E RAW PITCH: detected=93.93Hz filtered=1 peak=0.03144
2025-12-26 02:15:14 [detection] LOW E RAW PITCH: detected=93.93Hz filtered=1 peak=0.02958
2025-12-26 02:15:14 [detection] LOW E RAW PITCH: detected=93.93Hz filtered=1 peak=0.04955
2025-12-26 02:15:14 [detection] LOW E RAW PITCH: detected=93.93Hz filtered=1 peak=0.01652
2025-12-26 02:15:14 [detection] LOW E RAW PITCH: detected=93.93Hz filtered=1 peak=0.03133
2025-12-26 02:15:14 [detection] LOW E RAW PITCH: detected=93.93Hz filtered=1 peak=0.02369
2025-12-26 02:15:14 [detection] LOW E RAW PITCH: detected=93.93Hz filtered=1 peak=0.04915
2025-12-26 02:15:14 [detection] LOW E RAW PITCH: detected=93.93Hz filtered=1 peak=0.01949
2025-12-26 02:15:14 [detection] LOW E RAW PITCH: detected=93.93Hz filtered=1 peak=0.03110
2025-12-26 02:15:14 [detection] LOW E RAW PITCH: detected=93.93Hz filtered=1 peak=0.01772
2025-12-26 02:15:14 [detection] LOW E RAW PITCH: detected=93.93Hz filtered=1 peak=0.04871
2025-12-26 02:15:14 [detection] LOW E RAW PITCH: detected=93.93Hz filtered=1 peak=0.02287
2025-12-26 02:15:14 [detection] LOW E RAW PITCH: detected=93.93Hz filtered=1 peak=0.03095
2025-12-26 02:15:14 [detection] LOW E RAW PITCH: detected=93.93Hz filtered=1 peak=0.01855
2025-12-26 02:15:14 [detection] LOW E RAW PITCH: detected=93.93Hz filtered=1 peak=0.04864
2025-12-26 02:15:14 [detection] LOW E RAW PITCH: detected=93.93Hz filtered=1 peak=0.02640
2025-12-26 02:15:14 [detection] LOW E RAW PITCH: detected=93.93Hz filtered=1 peak=0.03065
2025-12-26 02:15:14 [detection] LOW E RAW PITCH: detected=93.93Hz filtered=1 peak=0.02059
2025-12-26 02:15:14 [detection] LOW E RAW PITCH: detected=93.93Hz filtered=1 peak=0.04781
2025-12-26 02:15:14 [detection] LOW E RAW PITCH: detected=93.93Hz filtered=1 peak=0.02960
2025-12-26 02:15:14 [detection] LOW E RAW PITCH: detected=93.93Hz filtered=1 peak=0.02993
2025-12-26 02:15:14 [detection] LOW E RAW PITCH: detected=93.93Hz filtered=1 peak=0.02186
2025-12-26 02:15:14 [detection] LOW E RAW PITCH: detected=93.93Hz filtered=1 peak=0.04723
2025-12-26 02:15:14 [detection] LOW E RAW PITCH: detected=93.93Hz filtered=1 peak=0.03233
2025-12-26 02:15:14 [detection] LOW E RAW PITCH: detected=93.93Hz filtered=1 peak=0.03031
2025-12-26 02:15:14 [detection] LOW E RAW PITCH: detected=93.93Hz filtered=1 peak=0.02393
2025-12-26 02:15:14 [detection] LOW E RAW PITCH: detected=93.93Hz filtered=1 peak=0.04735
2025-12-26 02:15:14 [detection] LOW E RAW PITCH: detected=93.93Hz filtered=1 peak=0.03581
2025-12-26 02:15:14 [detection] LOW E RAW PITCH: detected=93.93Hz filtered=1 peak=0.03013
2025-12-26 02:15:14 [detection] LOW E RAW PITCH: detected=93.93Hz filtered=1 peak=0.02571
2025-12-26 02:15:14 [detection] LOW E RAW PITCH: detected=93.93Hz filtered=1 peak=0.04665
2025-12-26 02:15:14 [detection] LOW E RAW PITCH: detected=93.93Hz filtered=1 peak=0.03788
2025-12-26 02:15:14 [detection] LOW E RAW PITCH: detected=93.93Hz filtered=1 peak=0.02956
2025-12-26 02:15:14 [detection] LOW E RAW PITCH: detected=93.93Hz filtered=1 peak=0.02674
2025-12-26 02:15:14 [detection] LOW E RAW PITCH: detected=93.93Hz filtered=1 peak=0.04602
2025-12-26 02:15:14 [detection] LOW E RAW PITCH: detected=93.93Hz filtered=1 peak=0.03987
2025-12-26 02:15:14 [detection] LOW E RAW PITCH: detected=93.93Hz filtered=1 peak=0.02965
2025-12-26 02:15:14 [detection] LOW E RAW PITCH: detected=93.93Hz filtered=1 peak=0.02805
2025-12-26 02:15:14 [detection] LOW E RAW PITCH: detected=93.93Hz filtered=1 peak=0.04625
2025-12-26 02:15:14 [detection] LOW E RAW PITCH: detected=93.93Hz filtered=1 peak=0.04224
2025-12-26 02:15:14 [detection] LOW E RAW PITCH: detected=93.93Hz filtered=1 peak=0.02966
2025-12-26 02:15:14 [detection] LOW E RAW PITCH: detected=93.93Hz filtered=1 peak=0.02895
2025-12-26 02:15:14 [detection] LOW E RAW PITCH: detected=93.93Hz filtered=1 peak=0.04518
2025-12-26 02:15:14 [detection] LOW E RAW PITCH: detected=93.93Hz filtered=1 peak=0.04299
2025-12-26 02:15:14 [detection] LOW E RAW PITCH: detected=93.93Hz filtered=1 peak=0.02915
2025-12-26 02:15:14 [detection] LOW E RAW PITCH: detected=93.93Hz filtered=1 peak=0.02902
2025-12-26 02:15:14 [detection] LOW E RAW PITCH: detected=93.93Hz filtered=1 peak=0.04503
2025-12-26 02:15:14 [detection] LOW E RAW PITCH: detected=93.93Hz filtered=1 peak=0.04405
2025-12-26 02:15:14 [detection] LOW E RAW PITCH: detected=93.93Hz filtered=1 peak=0.02896
2025-12-26 02:15:14 [detection] LOW E RAW PITCH: detected=93.93Hz filtered=1 peak=0.02899
2025-12-26 02:15:14 [detection] LOW E RAW PITCH: detected=93.93Hz filtered=1 peak=0.04475
2025-12-26 02:15:14 [detection] LOW E RAW PITCH: detected=93.93Hz filtered=1 peak=0.04451
2025-12-26 02:15:14 [detection] LOW E RAW PITCH: detected=93.93Hz filtered=1 peak=0.02838
2025-12-26 02:15:14 [detection] LOW E RAW PITCH: detected=93.93Hz filtered=1 peak=0.02878
2025-12-26 02:15:14 [detection] LOW E RAW PITCH: detected=93.93Hz filtered=1 peak=0.04432
2025-12-26 02:15:14 [detection] LOW E RAW PITCH: detected=93.93Hz filtered=1 peak=0.04435
2025-12-26 02:15:14 [detection] LOW E RAW PITCH: detected=93.93Hz filtered=1 peak=0.02769
2025-12-26 02:15:14 [detection] LOW E RAW PITCH: detected=93.93Hz filtered=1 peak=0.02875
2025-12-26 02:15:14 [detection] LOW E RAW PITCH: detected=93.93Hz filtered=1 peak=0.04327
2025-12-26 02:15:14 [detection] LOW E RAW PITCH: detected=93.93Hz filtered=1 peak=0.04382
2025-12-26 02:15:14 [detection] LOW E RAW PITCH: detected=93.93Hz filtered=1 peak=0.02639
2025-12-26 02:15:14 [detection] LOW E RAW PITCH: detected=93.93Hz filtered=1 peak=0.02852
2025-12-26 02:15:14 [detection] LOW E RAW PITCH: detected=93.93Hz filtered=1 peak=0.04143
2025-12-26 02:15:14 [detection] LOW E RAW PITCH: detected=93.93Hz filtered=1 peak=0.04330
2025-12-26 02:15:14 [detection] LOW E RAW PITCH: detected=93.93Hz filtered=1 peak=0.02483
2025-12-26 02:15:14 [detection] LOW E RAW PITCH: detected=93.93Hz filtered=1 peak=0.02854
2025-12-26 02:15:14 [detection] LOW E RAW PITCH: detected=93.93Hz filtered=1 peak=0.03935
2025-12-26 02:15:15 [detection] LOW E RAW PITCH: detected=93.93Hz filtered=1 peak=0.04294
2025-12-26 02:15:15 [detection] LOW E RAW PITCH: detected=93.93Hz filtered=1 peak=0.02292
2025-12-26 02:15:15 [detection] LOW E RAW PITCH: detected=93.93Hz filtered=1 peak=0.02812
2025-12-26 02:15:15 [detection] LOW E RAW PITCH: detected=93.93Hz filtered=1 peak=0.03643
2025-12-26 02:15:15 [detection] LOW E RAW PITCH: detected=93.93Hz filtered=1 peak=0.04280
2025-12-26 02:15:15 [detection] LOW E RAW PITCH: detected=93.93Hz filtered=1 peak=0.02118
2025-12-26 02:15:15 [detection] LOW E RAW PITCH: detected=93.93Hz filtered=1 peak=0.02804
2025-12-26 02:15:15 [detection] LOW E RAW PITCH: detected=93.93Hz filtered=1 peak=0.03260
2025-12-26 02:15:15 [detection] LOW E RAW PITCH: detected=93.93Hz filtered=1 peak=0.04229
2025-12-26 02:15:15 [detection] LOW E RAW PITCH: detected=93.93Hz filtered=1 peak=0.01914
2025-12-26 02:15:15 [detection] LOW E RAW PITCH: detected=93.93Hz filtered=1 peak=0.02763
2025-12-26 02:15:15 [detection] LOW E RAW PITCH: detected=93.93Hz filtered=1 peak=0.02792
2025-12-26 02:15:15 [detection] LOW E RAW PITCH: detected=93.93Hz filtered=1 peak=0.04158
2025-12-26 02:15:15 [detection] LOW E RAW PITCH: detected=93.93Hz filtered=1 peak=0.01702
2025-12-26 02:15:15 [detection] LOW E RAW PITCH: detected=93.93Hz filtered=1 peak=0.02738
2025-12-26 02:15:15 [detection] LOW E RAW PITCH: detected=93.93Hz filtered=1 peak=0.02323
2025-12-26 02:15:15 [detection] LOW E RAW PITCH: detected=93.93Hz filtered=1 peak=0.04120
2025-12-26 02:15:15 [detection] LOW E RAW PITCH: detected=93.93Hz filtered=1 peak=0.01892
2025-12-26 02:15:15 [detection] LOW E RAW PITCH: detected=93.93Hz filtered=1 peak=0.02717
2025-12-26 02:15:15 [detection] LOW E RAW PITCH: detected=93.93Hz filtered=1 peak=0.02038
2025-12-26 02:15:15 [detection] LOW E RAW PITCH: detected=93.93Hz filtered=1 peak=0.04077
2025-12-26 02:15:15 [detection] LOW E RAW PITCH: detected=93.93Hz filtered=1 peak=0.02213
2025-12-26 02:15:15 [detection] LOW E RAW PITCH: detected=93.93Hz filtered=1 peak=0.02678
2025-12-26 02:15:15 [detection] LOW E RAW PITCH: detected=93.93Hz filtered=1 peak=0.02046
2025-12-26 02:15:15 [detection] LOW E RAW PITCH: detected=93.93Hz filtered=1 peak=0.04019
2025-12-26 02:15:15 [detection] LOW E RAW PITCH: detected=93.93Hz filtered=1 peak=0.02492
2025-12-26 02:15:15 [detection] LOW E RAW PITCH: detected=93.93Hz filtered=1 peak=0.02684
2025-12-26 02:15:15 [detection] LOW E RAW PITCH: detected=93.93Hz filtered=1 peak=0.02060
2025-12-26 02:15:15 [detection] LOW E RAW PITCH: detected=93.93Hz filtered=1 peak=0.04024
2025-12-26 02:15:15 [detection] LOW E RAW PITCH: detected=93.93Hz filtered=1 peak=0.02736
2025-12-26 02:15:15 [detection] LOW E RAW PITCH: detected=93.93Hz filtered=1 peak=0.02656
2025-12-26 02:15:15 [detection] LOW E RAW PITCH: detected=93.93Hz filtered=1 peak=0.02110
2025-12-26 02:15:15 [detection] LOW E RAW PITCH: detected=93.93Hz filtered=1 peak=0.03960
2025-12-26 02:15:15 [detection] LOW E RAW PITCH: detected=93.93Hz filtered=1 peak=0.02972
2025-12-26 02:15:15 [detection] LOW E RAW PITCH: detected=93.93Hz filtered=1 peak=0.02619
2025-12-26 02:15:15 [detection] LOW E RAW PITCH: detected=93.93Hz filtered=1 peak=0.02073
2025-12-26 02:15:15 [detection] LOW E RAW PITCH: detected=93.93Hz filtered=1 peak=0.03867
2025-12-26 02:15:15 [detection] LOW E RAW PITCH: detected=93.93Hz filtered=1 peak=0.03138
2025-12-26 02:15:15 [detection] LOW E RAW PITCH: detected=93.93Hz filtered=1 peak=0.02628
2025-12-26 02:15:15 [detection] LOW E RAW PITCH: detected=93.93Hz filtered=1 peak=0.02077
2025-12-26 02:15:15 [detection] LOW E RAW PITCH: detected=93.93Hz filtered=1 peak=0.03879
2025-12-26 02:15:15 [detection] LOW E RAW PITCH: detected=93.93Hz filtered=1 peak=0.03345
2025-12-26 02:15:15 [detection] LOW E RAW PITCH: detected=93.93Hz filtered=1 peak=0.02640
2025-12-26 02:15:15 [detection] LOW E RAW PITCH: detected=93.93Hz filtered=1 peak=0.02165
2025-12-26 02:15:15 [detection] LOW E RAW PITCH: detected=93.93Hz filtered=1 peak=0.03823
2025-12-26 02:15:15 [detection] LOW E RAW PITCH: detected=93.93Hz filtered=1 peak=0.03465
2025-12-26 02:15:15 [detection] LOW E RAW PITCH: detected=93.93Hz filtered=1 peak=0.02606
2025-12-26 02:15:15 [detection] LOW E RAW PITCH: detected=93.93Hz filtered=1 peak=0.02283
2025-12-26 02:15:15 [detection] LOW E RAW PITCH: detected=93.93Hz filtered=1 peak=0.03785
2025-12-26 02:15:15 [detection] LOW E RAW PITCH: detected=93.93Hz filtered=1 peak=0.03557
2025-12-26 02:15:15 [detection] LOW E RAW PITCH: detected=93.93Hz filtered=1 peak=0.02572
2025-12-26 02:15:15 [detection] LOW E RAW PITCH: detected=93.93Hz filtered=1 peak=0.02370
2025-12-26 02:15:15 [detection] LOW E RAW PITCH: detected=93.93Hz filtered=1 peak=0.03750
2025-12-26 02:15:15 [detection] LOW E RAW PITCH: detected=93.93Hz filtered=1 peak=0.03623
2025-12-26 02:15:15 [detection] LOW E RAW PITCH: detected=93.93Hz filtered=1 peak=0.02543
2025-12-26 02:15:15 [detection] LOW E RAW PITCH: detected=93.93Hz filtered=1 peak=0.02450
2025-12-26 02:15:15 [detection] LOW E RAW PITCH: detected=93.93Hz filtered=1 peak=0.03707
2025-12-26 02:15:15 [detection] LOW E RAW PITCH: detected=93.93Hz filtered=1 peak=0.03672
2025-12-26 02:15:15 [detection] LOW E RAW PITCH: detected=93.93Hz filtered=1 peak=0.02522
2025-12-26 02:15:15 [detection] LOW E RAW PITCH: detected=93.93Hz filtered=1 peak=0.02480
2025-12-26 02:15:15 [detection] LOW E RAW PITCH: detected=93.93Hz filtered=1 peak=0.03666
2025-12-26 02:15:15 [detection] LOW E RAW PITCH: detected=93.93Hz filtered=1 peak=0.03662
2025-12-26 02:15:15 [detection] LOW E RAW PITCH: detected=93.93Hz filtered=1 peak=0.02555
2025-12-26 02:15:15 [detection] LOW E RAW PITCH: detected=93.93Hz filtered=1 peak=0.02550
2025-12-26 02:15:15 [detection] LOW E RAW PITCH: detected=93.93Hz filtered=1 peak=0.03611
2025-12-26 02:15:15 [detection] LOW E RAW PITCH: detected=93.93Hz filtered=1 peak=0.03622
2025-12-26 02:15:15 [detection] LOW E RAW PITCH: detected=93.93Hz filtered=1 peak=0.02497
2025-12-26 02:15:15 [detection] LOW E RAW PITCH: detected=93.93Hz filtered=1 peak=0.02511
2025-12-26 02:15:15 [detection] LOW E RAW PITCH: detected=93.93Hz filtered=1 peak=0.03540
2025-12-26 02:15:15 [detection] LOW E RAW PITCH: detected=93.93Hz filtered=1 peak=0.03597
2025-12-26 02:15:15 [detection] LOW E RAW PITCH: detected=93.93Hz filtered=1 peak=0.02419
2025-12-26 02:15:15 [detection] LOW E RAW PITCH: detected=93.93Hz filtered=1 peak=0.02475
2025-12-26 02:15:15 [detection] LOW E RAW PITCH: detected=93.93Hz filtered=1 peak=0.03392
2025-12-26 02:15:15 [detection] LOW E RAW PITCH: detected=93.93Hz filtered=1 peak=0.03553
2025-12-26 02:15:15 [detection] LOW E RAW PITCH: detected=93.93Hz filtered=1 peak=0.02325
2025-12-26 02:15:15 [detection] LOW E RAW PITCH: detected=93.93Hz filtered=1 peak=0.02472
2025-12-26 02:15:15 [detection] LOW E RAW PITCH: detected=93.93Hz filtered=1 peak=0.03219
2025-12-26 02:15:15 [detection] LOW E RAW PITCH: detected=93.93Hz filtered=1 peak=0.03536
2025-12-26 02:15:15 [detection] LOW E RAW PITCH: detected=93.93Hz filtered=1 peak=0.02167
2025-12-26 02:15:15 [detection] LOW E RAW PITCH: detected=93.93Hz filtered=1 peak=0.02429
2025-12-26 02:15:15 [detection] LOW E RAW PITCH: detected=93.93Hz filtered=1 peak=0.02919
2025-12-26 02:15:15 [detection] LOW E RAW PITCH: detected=93.93Hz filtered=1 peak=0.03443
2025-12-26 02:15:15 [detection] LOW E RAW PITCH: detected=93.93Hz filtered=1 peak=0.02012
2025-12-26 02:15:15 [detection] LOW E RAW PITCH: detected=93.93Hz filtered=1 peak=0.02438
2025-12-26 02:15:15 [detection] LOW E RAW PITCH: detected=93.93Hz filtered=1 peak=0.02705
2025-12-26 02:15:15 [detection] LOW E RAW PITCH: detected=93.93Hz filtered=1 peak=0.03478
2025-12-26 02:15:15 [detection] LOW E RAW PITCH: detected=93.93Hz filtered=1 peak=0.01875
2025-12-26 02:15:15 [detection] LOW E RAW PITCH: detected=93.93Hz filtered=1 peak=0.02424
2025-12-26 02:15:15 [detection] LOW E RAW PITCH: detected=93.93Hz filtered=1 peak=0.02295
2025-12-26 02:15:15 [detection] LOW E RAW PITCH: detected=93.93Hz filtered=1 peak=0.03377
2025-12-26 02:15:15 [detection] LOW E RAW PITCH: detected=93.93Hz filtered=1 peak=0.01691
2025-12-26 02:15:15 [detection] LOW E RAW PITCH: detected=93.93Hz filtered=1 peak=0.02365
2025-12-26 02:15:15 [detection] LOW E RAW PITCH: detected=93.93Hz filtered=1 peak=0.02227
2025-12-26 02:15:15 [detection] LOW E RAW PITCH: detected=93.93Hz filtered=1 peak=0.03353
2025-12-26 02:15:15 [detection] LOW E RAW PITCH: detected=93.93Hz filtered=1 peak=0.01911
2025-12-26 02:15:15 [detection] LOW E RAW PITCH: detected=93.93Hz filtered=1 peak=0.02369
2025-12-26 02:15:15 [detection] LOW E RAW PITCH: detected=93.93Hz filtered=1 peak=0.02225
2025-12-26 02:15:15 [detection] LOW E RAW PITCH: detected=93.93Hz filtered=1 peak=0.03349
2025-12-26 02:15:15 [detection] LOW E RAW PITCH: detected=93.93Hz filtered=1 peak=0.02173
2025-12-26 02:15:15 [detection] LOW E RAW PITCH: detected=93.93Hz filtered=1 peak=0.02389
2025-12-26 02:15:15 [detection] LOW E RAW PITCH: detected=93.93Hz filtered=1 peak=0.02255
2025-12-26 02:15:15 [detection] LOW E RAW PITCH: detected=93.93Hz filtered=1 peak=0.03310
2025-12-26 02:15:15 [detection] LOW E RAW PITCH: detected=93.93Hz filtered=1 peak=0.02388
2025-12-26 02:15:15 [detection] LOW E RAW PITCH: detected=93.93Hz filtered=1 peak=0.02339
2025-12-26 02:15:15 [detection] LOW E RAW PITCH: detected=93.93Hz filtered=1 peak=0.02224
2025-12-26 02:15:15 [detection] LOW E RAW PITCH: detected=93.93Hz filtered=1 peak=0.03240
2025-12-26 02:15:15 [detection] LOW E RAW PITCH: detected=93.93Hz filtered=1 peak=0.02524
2025-12-26 02:15:15 [detection] LOW E RAW PITCH: detected=93.93Hz filtered=1 peak=0.02319
2025-12-26 02:15:15 [detection] LOW E RAW PITCH: detected=93.93Hz filtered=1 peak=0.02247
2025-12-26 02:15:15 [detection] LOW E RAW PITCH: detected=93.93Hz filtered=1 peak=0.03262
2025-12-26 02:15:15 [detection] LOW E RAW PITCH: detected=93.93Hz filtered=1 peak=0.02744
2025-12-26 02:15:15 [detection] LOW E RAW PITCH: detected=93.93Hz filtered=1 peak=0.02338
2025-12-26 02:15:15 [detection] LOW E RAW PITCH: detected=93.93Hz filtered=1 peak=0.02277
2025-12-26 02:15:15 [detection] LOW E RAW PITCH: detected=93.93Hz filtered=1 peak=0.03189
2025-12-26 02:15:15 [detection] LOW E RAW PITCH: detected=93.93Hz filtered=1 peak=0.02825
2025-12-26 02:15:15 [detection] LOW E RAW PITCH: detected=93.93Hz filtered=1 peak=0.02263
2025-12-26 02:15:15 [detection] LOW E RAW PITCH: detected=93.93Hz filtered=1 peak=0.02241
2025-12-26 02:15:15 [detection] LOW E RAW PITCH: detected=93.93Hz filtered=1 peak=0.03136
2025-12-26 02:15:15 [detection] LOW E RAW PITCH: detected=93.93Hz filtered=1 peak=0.02911
2025-12-26 02:15:15 [detection] LOW E RAW PITCH: detected=93.93Hz filtered=1 peak=0.02294
2025-12-26 02:15:15 [detection] LOW E RAW PITCH: detected=93.93Hz filtered=1 peak=0.02258
2025-12-26 02:15:15 [detection] LOW E RAW PITCH: detected=93.93Hz filtered=1 peak=0.03153
2025-12-26 02:15:15 [detection] LOW E RAW PITCH: detected=93.93Hz filtered=1 peak=0.03029
2025-12-26 02:15:15 [detection] LOW E RAW PITCH: detected=93.93Hz filtered=1 peak=0.02269
2025-12-26 02:15:15 [detection] LOW E RAW PITCH: detected=93.93Hz filtered=1 peak=0.02276
2025-12-26 02:15:15 [detection]      S2F0 OFF (sustained-quiet: avgEnv=0.0016 < floor=0.0018)
2025-12-26 02:15:15 [detection] LOW E RAW PITCH: detected=93.93Hz filtered=1 peak=0.03064
2025-12-26 02:15:15 [detection] LOW E RAW PITCH: detected=93.93Hz filtered=1 peak=0.03012
2025-12-26 02:15:15 [detection] LOW E RAW PITCH: detected=93.93Hz filtered=1 peak=0.02222
2025-12-26 02:15:15 [detection] LOW E RAW PITCH: detected=93.93Hz filtered=1 peak=0.02253
2025-12-26 02:15:15 [detection] LOW E RAW PITCH: detected=93.93Hz filtered=1 peak=0.03073
2025-12-26 02:15:15 [detection] LOW E RAW PITCH: detected=93.93Hz filtered=1 peak=0.03058
2025-12-26 02:15:15 [detection] LOW E RAW PITCH: detected=93.93Hz filtered=1 peak=0.02248
2025-12-26 02:15:15 [detection] LOW E RAW PITCH: detected=93.93Hz filtered=1 peak=0.02273
2025-12-26 02:15:15 [detection] LOW E RAW PITCH: detected=93.93Hz filtered=1 peak=0.03042
2025-12-26 02:15:15 [detection] LOW E RAW PITCH: detected=93.93Hz filtered=1 peak=0.03043
2025-12-26 02:15:15 [detection] LOW E RAW PITCH: detected=93.93Hz filtered=1 peak=0.02202
2025-12-26 02:15:15 [detection] LOW E RAW PITCH: detected=93.93Hz filtered=1 peak=0.02271
2025-12-26 02:15:15 [detection] LOW E RAW PITCH: detected=93.93Hz filtered=1 peak=0.02925
2025-12-26 02:15:15 [detection] LOW E RAW PITCH: detected=93.93Hz filtered=1 peak=0.02949
2025-12-26 02:15:15 [detection] LOW E RAW PITCH: detected=93.93Hz filtered=1 peak=0.02175
2025-12-26 02:15:15 [detection] LOW E RAW PITCH: detected=93.93Hz filtered=1 peak=0.02253
2025-12-26 02:15:15 [detection] LOW E RAW PITCH: detected=93.93Hz filtered=1 peak=0.02887
2025-12-26 02:15:15 [detection] LOW E RAW PITCH: detected=93.93Hz filtered=1 peak=0.02955
2025-12-26 02:15:15 [detection] LOW E RAW PITCH: detected=93.93Hz filtered=1 peak=0.02177
2025-12-26 02:15:15 [detection] LOW E RAW PITCH: detected=93.93Hz filtered=1 peak=0.02287
2025-12-26 02:15:15 [detection] LOW E RAW PITCH: detected=93.93Hz filtered=1 peak=0.02800
2025-12-26 02:15:15 [detection] LOW E RAW PITCH: detected=93.93Hz filtered=1 peak=0.02952
2025-12-26 02:15:15 [detection] LOW E RAW PITCH: detected=93.93Hz filtered=1 peak=0.02123
2025-12-26 02:15:15 [detection] LOW E RAW PITCH: detected=93.93Hz filtered=1 peak=0.02204
2025-12-26 02:15:15 [detection] LOW E RAW PITCH: detected=93.93Hz filtered=1 peak=0.02643
2025-12-26 02:15:15 [detection] LOW E RAW PITCH: detected=93.93Hz filtered=1 peak=0.02892
2025-12-26 02:15:15 [detection] LOW E RAW PITCH: detected=93.93Hz filtered=1 peak=0.02072
2025-12-26 02:15:15 [detection] LOW E RAW PITCH: detected=93.93Hz filtered=1 peak=0.02125
2025-12-26 02:15:15 [detection] LOW E RAW PITCH: detected=93.93Hz filtered=1 peak=0.02471
2025-12-26 02:15:15 [detection] LOW E RAW PITCH: detected=93.93Hz filtered=1 peak=0.02874
2025-12-26 02:15:15 [detection] LOW E RAW PITCH: detected=93.93Hz filtered=1 peak=0.01981
2025-12-26 02:15:15 [detection] LOW E RAW PITCH: detected=93.93Hz filtered=1 peak=0.02111
2025-12-26 02:15:15 [detection] LOW E RAW PITCH: detected=93.93Hz filtered=1 peak=0.02301
2025-12-26 02:15:15 [detection] LOW E RAW PITCH: detected=93.93Hz filtered=1 peak=0.02841
2025-12-26 02:15:15 [detection] LOW E RAW PITCH: detected=93.93Hz filtered=1 peak=0.01806
2025-12-26 02:15:15 [detection] LOW E RAW PITCH: detected=93.93Hz filtered=1 peak=0.02050
2025-12-26 02:15:15 [detection] LOW E RAW PITCH: detected=93.93Hz filtered=1 peak=0.02258
2025-12-26 02:15:15 [detection] LOW E RAW PITCH: detected=93.93Hz filtered=1 peak=0.02759
2025-12-26 02:15:15 [detection] LOW E RAW PITCH: detected=93.93Hz filtered=1 peak=0.01640
2025-12-26 02:15:15 [detection] LOW E RAW PITCH: detected=93.93Hz filtered=1 peak=0.02059
2025-12-26 02:15:15 [detection] LOW E RAW PITCH: detected=93.93Hz filtered=1 peak=0.02266
2025-12-26 02:15:15 [detection] LOW E RAW PITCH: detected=93.93Hz filtered=1 peak=0.02777
2025-12-26 02:15:15 [detection] LOW E RAW PITCH: detected=93.93Hz filtered=1 peak=0.01789
2025-12-26 02:15:15 [detection] LOW E RAW PITCH: detected=93.93Hz filtered=1 peak=0.02063
2025-12-26 02:15:15 [detection] LOW E RAW PITCH: detected=93.93Hz filtered=1 peak=0.02288
2025-12-26 02:15:15 [detection] LOW E RAW PITCH: detected=93.93Hz filtered=1 peak=0.02712
2025-12-26 02:15:15 [detection] LOW E RAW PITCH: detected=93.93Hz filtered=1 peak=0.01919
2025-12-26 02:15:15 [detection] LOW E RAW PITCH: detected=93.93Hz filtered=1 peak=0.01991
2025-12-26 02:15:15 [detection] LOW E RAW PITCH: detected=93.93Hz filtered=1 peak=0.02248
2025-12-26 02:15:15 [detection] LOW E RAW PITCH: detected=93.93Hz filtered=1 peak=0.02672
2025-12-26 02:15:15 [detection] LOW E RAW PITCH: detected=93.93Hz filtered=1 peak=0.02047
2025-12-26 02:15:15 [detection] LOW E RAW PITCH: detected=93.93Hz filtered=1 peak=0.02031
2025-12-26 02:15:15 [detection] LOW E RAW PITCH: detected=93.93Hz filtered=1 peak=0.02270
2025-12-26 02:15:15 [detection] LOW E RAW PITCH: detected=93.93Hz filtered=1 peak=0.02722
2025-12-26 02:15:15 [detection] LOW E RAW PITCH: detected=93.93Hz filtered=1 peak=0.02240
2025-12-26 02:15:15 [detection] LOW E RAW PITCH: detected=93.93Hz filtered=1 peak=0.02015
2025-12-26 02:15:15 [detection] LOW E RAW PITCH: detected=93.93Hz filtered=1 peak=0.02293
2025-12-26 02:15:15 [detection] LOW E RAW PITCH: detected=93.93Hz filtered=1 peak=0.02642
2025-12-26 02:15:15 [detection] LOW E RAW PITCH: detected=93.93Hz filtered=1 peak=0.02326
2025-12-26 02:15:15 [detection] LOW E RAW PITCH: detected=93.93Hz filtered=1 peak=0.01976
2025-12-26 02:15:15 [detection] LOW E RAW PITCH: detected=93.93Hz filtered=1 peak=0.02262
2025-12-26 02:15:15 [detection] LOW E RAW PITCH: detected=93.93Hz filtered=1 peak=0.02623
2025-12-26 02:15:15 [detection] LOW E RAW PITCH: detected=93.93Hz filtered=1 peak=0.02403
2025-12-26 02:15:15 [detection] LOW E RAW PITCH: detected=93.93Hz filtered=1 peak=0.01982
2025-12-26 02:15:15 [detection] LOW E RAW PITCH: detected=93.93Hz filtered=1 peak=0.02246
2025-12-26 02:15:15 [detection] LOW E RAW PITCH: detected=93.93Hz filtered=1 peak=0.02606
2025-12-26 02:15:15 [detection] LOW E RAW PITCH: detected=93.93Hz filtered=1 peak=0.02475
2025-12-26 02:15:15 [detection] LOW E RAW PITCH: detected=93.93Hz filtered=1 peak=0.01963
2025-12-26 02:15:15 [detection] LOW E RAW PITCH: detected=93.93Hz filtered=1 peak=0.02283
2025-12-26 02:15:15 [detection] LOW E RAW PITCH: detected=93.93Hz filtered=1 peak=0.02526
2025-12-26 02:15:15 [detection] LOW E RAW PITCH: detected=93.93Hz filtered=1 peak=0.02468
2025-12-26 02:15:15 [detection] LOW E RAW PITCH: detected=93.93Hz filtered=1 peak=0.01883
2025-12-26 02:15:15 [detection] LOW E RAW PITCH: detected=93.93Hz filtered=1 peak=0.02211
2025-12-26 02:15:15 [detection] LOW E RAW PITCH: detected=93.93Hz filtered=1 peak=0.02487
2025-12-26 02:15:15 [detection] LOW E RAW PITCH: detected=93.93Hz filtered=1 peak=0.02473
2025-12-26 02:15:15 [detection] LOW E RAW PITCH: detected=93.93Hz filtered=1 peak=0.01925
2025-12-26 02:15:15 [detection] LOW E RAW PITCH: detected=93.93Hz filtered=1 peak=0.02237
2025-12-26 02:15:15 [detection] LOW E RAW PITCH: detected=93.93Hz filtered=1 peak=0.02513
2025-12-26 02:15:15 [detection] LOW E RAW PITCH: detected=93.93Hz filtered=1 peak=0.02513
2025-12-26 02:15:15 [detection] LOW E RAW PITCH: detected=93.93Hz filtered=1 peak=0.01861
2025-12-26 02:15:15 [detection] LOW E RAW PITCH: detected=93.93Hz filtered=1 peak=0.02273
2025-12-26 02:15:15 [detection] LOW E RAW PITCH: detected=93.93Hz filtered=1 peak=0.02442
2025-12-26 02:15:15 [detection] LOW E RAW PITCH: detected=93.93Hz filtered=1 peak=0.02456
2025-12-26 02:15:15 [detection] LOW E RAW PITCH: detected=93.93Hz filtered=1 peak=0.01866
2025-12-26 02:15:15 [detection] LOW E RAW PITCH: detected=93.93Hz filtered=1 peak=0.02213
2025-12-26 02:15:15 [detection] LOW E RAW PITCH: detected=93.93Hz filtered=1 peak=0.02406
2025-12-26 02:15:15 [detection] LOW E RAW PITCH: detected=93.93Hz filtered=1 peak=0.02450
2025-12-26 02:15:15 [detection] LOW E RAW PITCH: detected=93.93Hz filtered=1 peak=0.01878
2025-12-26 02:15:15 [detection] LOW E RAW PITCH: detected=93.93Hz filtered=1 peak=0.02248
2025-12-26 02:15:15 [detection] LOW E RAW PITCH: detected=93.93Hz filtered=1 peak=0.02315
2025-12-26 02:15:15 [detection] LOW E RAW PITCH: detected=93.93Hz filtered=1 peak=0.02432
2025-12-26 02:15:15 [detection] LOW E RAW PITCH: detected=93.93Hz filtered=1 peak=0.01842
2025-12-26 02:15:15 [detection] LOW E RAW PITCH: detected=93.93Hz filtered=1 peak=0.02230
2025-12-26 02:15:15 [detection] LOW E RAW PITCH: detected=93.93Hz filtered=1 peak=0.02202
2025-12-26 02:15:15 [detection] LOW E RAW PITCH: detected=93.93Hz filtered=1 peak=0.02365
2025-12-26 02:15:15 [detection] LOW E RAW PITCH: detected=93.93Hz filtered=1 peak=0.01811
2025-12-26 02:15:15 [detection] LOW E RAW PITCH: detected=93.93Hz filtered=1 peak=0.02179
2025-12-26 02:15:15 [detection] LOW E RAW PITCH: detected=93.93Hz filtered=1 peak=0.02179
2025-12-26 02:15:15 [detection] LOW E RAW PITCH: detected=93.93Hz filtered=1 peak=0.02348
2025-12-26 02:15:15 [detection] LOW E RAW PITCH: detected=93.93Hz filtered=1 peak=0.01829
2025-12-26 02:15:15 [detection] LOW E RAW PITCH: detected=93.93Hz filtered=1 peak=0.02177
2025-12-26 02:15:15 [detection] LOW E RAW PITCH: detected=93.93Hz filtered=1 peak=0.02213
2025-12-26 02:15:15 [detection] LOW E RAW PITCH: detected=93.93Hz filtered=1 peak=0.02344
2025-12-26 02:15:15 [detection] LOW E RAW PITCH: detected=93.93Hz filtered=1 peak=0.01752
2025-12-26 02:15:15 [detection] LOW E RAW PITCH: detected=93.93Hz filtered=1 peak=0.02082
2025-12-26 02:15:15 [detection] LOW E RAW PITCH: detected=93.93Hz filtered=1 peak=0.02209
2025-12-26 02:15:15 [detection] LOW E RAW PITCH: detected=93.93Hz filtered=1 peak=0.02257
2025-12-26 02:15:15 [detection] LOW E RAW PITCH: detected=93.93Hz filtered=1 peak=0.01665
2025-12-26 02:15:15 [detection] LOW E RAW PITCH: detected=93.93Hz filtered=1 peak=0.01955
2025-12-26 02:15:15 [detection] LOW E RAW PITCH: detected=93.93Hz filtered=1 peak=0.02202
2025-12-26 02:15:15 [detection] LOW E RAW PITCH: detected=93.93Hz filtered=1 peak=0.02313
2025-12-26 02:15:15 [detection] LOW E RAW PITCH: detected=93.93Hz filtered=1 peak=0.01627
2025-12-26 02:15:15 [detection] LOW E RAW PITCH: detected=93.93Hz filtered=1 peak=0.01828
2025-12-26 02:15:15 [detection] LOW E RAW PITCH: detected=93.93Hz filtered=1 peak=0.02233
2025-12-26 02:15:15 [detection] LOW E RAW PITCH: detected=93.93Hz filtered=1 peak=0.02269
2025-12-26 02:15:15 [detection] LOW E RAW PITCH: detected=93.93Hz filtered=1 peak=0.01754
2025-12-26 02:15:15 [detection] LOW E RAW PITCH: detected=93.93Hz filtered=1 peak=0.01711
2025-12-26 02:15:15 [detection] LOW E RAW PITCH: detected=93.93Hz filtered=1 peak=0.02177
2025-12-26 02:15:15 [detection] LOW E RAW PITCH: detected=93.93Hz filtered=1 peak=0.02202
2025-12-26 02:15:15 [detection] LOW E RAW PITCH: detected=93.93Hz filtered=1 peak=0.01800
2025-12-26 02:15:15 [detection] LOW E RAW PITCH: detected=93.93Hz filtered=1 peak=0.01688
2025-12-26 02:15:15 [detection] LOW E RAW PITCH: detected=93.93Hz filtered=1 peak=0.02158
2025-12-26 02:15:15 [detection] LOW E RAW PITCH: detected=93.93Hz filtered=1 peak=0.02205
2025-12-26 02:15:15 [detection] LOW E RAW PITCH: detected=93.93Hz filtered=1 peak=0.01887
2025-12-26 02:15:15 [detection] LOW E RAW PITCH: detected=93.93Hz filtered=1 peak=0.01700
2025-12-26 02:15:15 [detection] LOW E RAW PITCH: detected=93.93Hz filtered=1 peak=0.02176
2025-12-26 02:15:15 [detection] LOW E RAW PITCH: detected=93.93Hz filtered=1 peak=0.02188
2025-12-26 02:15:15 [detection] LOW E RAW PITCH: detected=93.93Hz filtered=1 peak=0.01979
2025-12-26 02:15:15 [detection] LOW E RAW PITCH: detected=93.93Hz filtered=1 peak=0.01656
2025-12-26 02:15:15 [detection] LOW E RAW PITCH: detected=93.93Hz filtered=1 peak=0.02124
2025-12-26 02:15:15 [detection] LOW E RAW PITCH: detected=93.93Hz filtered=1 peak=0.02109
2025-12-26 02:15:15 [detection] LOW E RAW PITCH: detected=93.93Hz filtered=1 peak=0.01989
2025-12-26 02:15:15 [detection] LOW E RAW PITCH: detected=93.93Hz filtered=1 peak=0.01649
2025-12-26 02:15:15 [detection] LOW E RAW PITCH: detected=93.93Hz filtered=1 peak=0.02108
2025-12-26 02:15:15 [detection] LOW E RAW PITCH: detected=93.93Hz filtered=1 peak=0.02108
2025-12-26 02:15:15 [detection] LOW E RAW PITCH: detected=93.93Hz filtered=1 peak=0.02044
2025-12-26 02:15:15 [detection] LOW E RAW PITCH: detected=93.93Hz filtered=1 peak=0.01637
2025-12-26 02:15:15 [detection] LOW E RAW PITCH: detected=93.93Hz filtered=1 peak=0.02146
2025-12-26 02:15:15 [detection] LOW E RAW PITCH: detected=93.93Hz filtered=1 peak=0.02079
2025-12-26 02:15:15 [detection] LOW E RAW PITCH: detected=93.93Hz filtered=1 peak=0.02057
2025-12-26 02:15:15 [detection] LOW E RAW PITCH: detected=93.93Hz filtered=1 peak=0.01572
2025-12-26 02:15:15 [detection] LOW E RAW PITCH: detected=93.93Hz filtered=1 peak=0.02124
2025-12-26 02:15:15 [detection] LOW E RAW PITCH: detected=93.93Hz filtered=1 peak=0.02098
2025-12-26 02:15:15 [detection] LOW E RAW PITCH: detected=93.93Hz filtered=1 peak=0.02094
2025-12-26 02:15:15 [detection] LOW E RAW PITCH: detected=93.93Hz filtered=1 peak=0.01597
2025-12-26 02:15:15 [detection] LOW E RAW PITCH: detected=93.93Hz filtered=1 peak=0.02092
2025-12-26 02:15:15 [detection] LOW E RAW PITCH: detected=93.93Hz filtered=1 peak=0.02043
2025-12-26 02:15:15 [detection] LOW E RAW PITCH: detected=93.93Hz filtered=1 peak=0.02047
2025-12-26 02:15:15 [detection] LOW E RAW PITCH: detected=93.93Hz filtered=1 peak=0.01528
2025-12-26 02:15:15 [detection] LOW E RAW PITCH: detected=93.93Hz filtered=1 peak=0.02101
2025-12-26 02:15:15 [detection] LOW E RAW PITCH: detected=93.93Hz filtered=1 peak=0.01962
2025-12-26 02:15:15 [detection] LOW E RAW PITCH: detected=93.93Hz filtered=1 peak=0.01992
2025-12-26 02:15:15 [detection] LOW E RAW PITCH: detected=93.93Hz filtered=1 peak=0.01514
2025-12-26 02:15:15 [detection] LOW E RAW PITCH: detected=93.93Hz filtered=1 peak=0.02082
2025-12-26 02:15:15 [detection] LOW E RAW PITCH: detected=93.93Hz filtered=1 peak=0.01946
2025-12-26 02:15:15 [detection] LOW E RAW PITCH: detected=93.93Hz filtered=1 peak=0.01998
2025-12-26 02:15:15 [detection] LOW E RAW PITCH: detected=93.93Hz filtered=1 peak=0.01553
2025-12-26 02:15:15 [detection] LOW E RAW PITCH: detected=93.93Hz filtered=1 peak=0.02055
2025-12-26 02:15:15 [detection] LOW E RAW PITCH: detected=93.93Hz filtered=1 peak=0.01874
2025-12-26 02:15:15 [detection] LOW E RAW PITCH: detected=93.93Hz filtered=1 peak=0.01997
2025-12-26 02:15:15 [detection] LOW E RAW PITCH: detected=93.93Hz filtered=1 peak=0.01512
2025-12-26 02:15:15 [detection] LOW E RAW PITCH: detected=93.93Hz filtered=1 peak=0.02035
2025-12-26 02:15:15 [detection] LOW E RAW PITCH: detected=93.93Hz filtered=1 peak=0.01756
2025-12-26 02:15:15 [detection] LOW E RAW PITCH: detected=93.93Hz filtered=1 peak=0.01932
2025-12-26 02:15:15 [detection] LOW E RAW PITCH: detected=93.93Hz filtered=1 peak=0.01454
2025-12-26 02:15:15 [detection] LOW E RAW PITCH: detected=93.93Hz filtered=1 peak=0.02064
2025-12-26 02:15:15 [detection] LOW E RAW PITCH: detected=93.93Hz filtered=1 peak=0.01930
2025-12-26 02:15:15 [detection] LOW E RAW PITCH: detected=93.93Hz filtered=1 peak=0.01945
2025-12-26 02:15:15 [detection] LOW E RAW PITCH: detected=93.93Hz filtered=1 peak=0.01464
2025-12-26 02:15:15 [detection] LOW E RAW PITCH: detected=93.93Hz filtered=1 peak=0.02041
2025-12-26 02:15:15 [detection] LOW E RAW PITCH: detected=93.93Hz filtered=1 peak=0.02001
2025-12-26 02:15:15 [detection] LOW E RAW PITCH: detected=93.93Hz filtered=1 peak=0.01935
2025-12-26 02:15:15 [detection] LOW E RAW PITCH: detected=93.93Hz filtered=1 peak=0.01434
2025-12-26 02:15:15 [detection] LOW E RAW PITCH: detected=93.93Hz filtered=1 peak=0.02000
2025-12-26 02:15:15 [detection] LOW E RAW PITCH: detected=93.93Hz filtered=1 peak=0.01998
2025-12-26 02:15:15 [detection] LOW E RAW PITCH: detected=93.93Hz filtered=1 peak=0.01872
2025-12-26 02:15:15 [detection] LOW E RAW PITCH: detected=93.93Hz filtered=1 peak=0.01440
2025-12-26 02:15:15 [detection] LOW E RAW PITCH: detected=93.93Hz filtered=1 peak=0.01962
2025-12-26 02:15:15 [detection] LOW E RAW PITCH: detected=93.93Hz filtered=1 peak=0.01983
2025-12-26 02:15:15 [detection] LOW E RAW PITCH: detected=93.93Hz filtered=1 peak=0.01882
2025-12-26 02:15:15 [detection] LOW E RAW PITCH: detected=93.93Hz filtered=1 peak=0.01508
2025-12-26 02:15:15 [detection] LOW E RAW PITCH: detected=93.93Hz filtered=1 peak=0.01905
2025-12-26 02:15:15 [detection] LOW E RAW PITCH: detected=93.93Hz filtered=1 peak=0.01988
2025-12-26 02:15:15 [detection] LOW E RAW PITCH: detected=93.93Hz filtered=1 peak=0.01873
2025-12-26 02:15:15 [detection] LOW E RAW PITCH: detected=93.93Hz filtered=1 peak=0.01597
2025-12-26 02:15:15 [detection] LOW E RAW PITCH: detected=93.93Hz filtered=1 peak=0.01775
2025-12-26 02:15:15 [detection] LOW E RAW PITCH: detected=93.93Hz filtered=1 peak=0.01974
2025-12-26 02:15:15 [detection] LOW E RAW PITCH: detected=93.93Hz filtered=1 peak=0.01850
2025-12-26 02:15:15 [detection] LOW E RAW PITCH: detected=93.93Hz filtered=1 peak=0.01633
2025-12-26 02:15:15 [detection] LOW E RAW PITCH: detected=93.93Hz filtered=1 peak=0.01662
2025-12-26 02:15:15 [detection] LOW E RAW PITCH: detected=93.93Hz filtered=1 peak=0.01983
2025-12-26 02:15:15 [detection] LOW E RAW PITCH: detected=93.93Hz filtered=1 peak=0.01859
2025-12-26 02:15:15 [detection] LOW E RAW PITCH: detected=93.93Hz filtered=1 peak=0.01722
2025-12-26 02:15:15 [detection] LOW E RAW PITCH: detected=93.93Hz filtered=1 peak=0.01486
2025-12-26 02:15:15 [detection] LOW E RAW PITCH: detected=93.93Hz filtered=1 peak=0.01951
2025-12-26 02:15:15 [detection] LOW E RAW PITCH: detected=93.93Hz filtered=1 peak=0.01815
2025-12-26 02:15:15 [detection] LOW E RAW PITCH: detected=93.93Hz filtered=1 peak=0.01744
2025-12-26 02:15:15 [detection] LOW E RAW PITCH: detected=93.93Hz filtered=1 peak=0.01293
2025-12-26 02:15:15 [detection] LOW E RAW PITCH: detected=93.93Hz filtered=1 peak=0.01915
2025-12-26 02:15:15 [detection] LOW E RAW PITCH: detected=93.93Hz filtered=1 peak=0.01803
2025-12-26 02:15:15 [detection] LOW E RAW PITCH: detected=93.93Hz filtered=1 peak=0.01781
2025-12-26 02:15:15 [detection] LOW E RAW PITCH: detected=93.93Hz filtered=1 peak=0.01283
2025-12-26 02:15:15 [detection] LOW E RAW PITCH: detected=93.93Hz filtered=1 peak=0.01925
2025-12-26 02:15:15 [detection] LOW E RAW PITCH: detected=93.93Hz filtered=1 peak=0.01816
2025-12-26 02:15:15 [detection] LOW E RAW PITCH: detected=93.93Hz filtered=1 peak=0.01806
2025-12-26 02:15:15 [detection] LOW E RAW PITCH: detected=93.93Hz filtered=1 peak=0.01274
2025-12-26 02:15:15 [detection] LOW E RAW PITCH: detected=93.93Hz filtered=1 peak=0.01916
2025-12-26 02:15:15 [detection] LOW E RAW PITCH: detected=93.93Hz filtered=1 peak=0.01759
2025-12-26 02:15:15 [detection] LOW E RAW PITCH: detected=93.93Hz filtered=1 peak=0.01759
2025-12-26 02:15:15 [detection] LOW E RAW PITCH: detected=93.93Hz filtered=1 peak=0.01235
2025-12-26 02:15:15 [detection] LOW E RAW PITCH: detected=93.93Hz filtered=1 peak=0.01873
2025-12-26 02:15:15 [detection] LOW E RAW PITCH: detected=93.93Hz filtered=1 peak=0.01752
2025-12-26 02:15:15 [detection] LOW E RAW PITCH: detected=93.93Hz filtered=1 peak=0.01764
2025-12-26 02:15:15 [detection] LOW E RAW PITCH: detected=93.93Hz filtered=1 peak=0.01230
2025-12-26 02:15:15 [detection] LOW E RAW PITCH: detected=93.93Hz filtered=1 peak=0.01857
2025-12-26 02:15:15 [detection] LOW E RAW PITCH: detected=93.93Hz filtered=1 peak=0.01716
2025-12-26 02:15:15 [detection] LOW E RAW PITCH: detected=93.93Hz filtered=1 peak=0.01760
2025-12-26 02:15:15 [detection] LOW E RAW PITCH: detected=93.93Hz filtered=1 peak=0.01194
2025-12-26 02:15:15 [detection] LOW E RAW PITCH: detected=93.93Hz filtered=1 peak=0.01891
2025-12-26 02:15:15 [detection] LOW E RAW PITCH: detected=93.93Hz filtered=1 peak=0.01652
2025-12-26 02:15:15 [detection] LOW E RAW PITCH: detected=93.93Hz filtered=1 peak=0.01742
2025-12-26 02:15:15 [detection] LOW E RAW PITCH: detected=93.93Hz filtered=1 peak=0.01176
2025-12-26 02:15:15 [detection] LOW E RAW PITCH: detected=93.93Hz filtered=1 peak=0.01843
2025-12-26 02:15:15 [detection] LOW E RAW PITCH: detected=93.93Hz filtered=1 peak=0.01577
2025-12-26 02:15:15 [detection] LOW E RAW PITCH: detected=93.93Hz filtered=1 peak=0.01735
2025-12-26 02:15:15 [detection] LOW E RAW PITCH: detected=93.93Hz filtered=1 peak=0.01205
2025-12-26 02:15:15 [detection] LOW E RAW PITCH: detected=93.93Hz filtered=1 peak=0.01812
2025-12-26 02:15:15 [detection] LOW E RAW PITCH: detected=93.93Hz filtered=1 peak=0.01525
2025-12-26 02:15:15 [detection] LOW E RAW PITCH: detected=93.93Hz filtered=1 peak=0.01739
2025-12-26 02:15:15 [detection] LOW E RAW PITCH: detected=93.93Hz filtered=1 peak=0.01170
2025-12-26 02:15:15 [detection] LOW E RAW PITCH: detected=93.93Hz filtered=1 peak=0.01847
2025-12-26 02:15:15 [detection] LOW E RAW PITCH: detected=93.93Hz filtered=1 peak=0.01418
2025-12-26 02:15:15 [detection] LOW E RAW PITCH: detected=93.93Hz filtered=1 peak=0.01710
2025-12-26 02:15:15 [detection] LOW E RAW PITCH: detected=93.93Hz filtered=1 peak=0.01141
2025-12-26 02:15:15 [detection] LOW E RAW PITCH: detected=93.93Hz filtered=1 peak=0.01796
2025-12-26 02:15:15 [detection] LOW E RAW PITCH: detected=93.93Hz filtered=1 peak=0.01412
2025-12-26 02:15:15 [detection] LOW E RAW PITCH: detected=93.93Hz filtered=1 peak=0.01703
2025-12-26 02:15:15 [detection] LOW E RAW PITCH: detected=93.93Hz filtered=1 peak=0.01130
2025-12-26 02:15:16 [detection] LOW E RAW PITCH: detected=93.93Hz filtered=1 peak=0.01818
2025-12-26 02:15:16 [detection] LOW E RAW PITCH: detected=93.93Hz filtered=1 peak=0.01565
2025-12-26 02:15:16 [detection] LOW E RAW PITCH: detected=93.93Hz filtered=1 peak=0.01752
2025-12-26 02:15:16 [detection] LOW E RAW PITCH: detected=93.93Hz filtered=1 peak=0.01196
2025-12-26 02:15:16 [detection] LOW E RAW PITCH: detected=93.93Hz filtered=1 peak=0.01780
2025-12-26 02:15:16 [detection] LOW E RAW PITCH: detected=93.93Hz filtered=1 peak=0.01664
2025-12-26 02:15:16 [detection] LOW E RAW PITCH: detected=93.93Hz filtered=1 peak=0.01639
2025-12-26 02:15:16 [detection] LOW E RAW PITCH: detected=93.93Hz filtered=1 peak=0.01256
2025-12-26 02:15:16 [detection] LOW E RAW PITCH: detected=93.93Hz filtered=1 peak=0.01715
2025-12-26 02:15:16 [detection] LOW E RAW PITCH: detected=93.93Hz filtered=1 peak=0.01674
2025-12-26 02:15:16 [detection] LOW E RAW PITCH: detected=93.93Hz filtered=1 peak=0.01637
2025-12-26 02:15:16 [detection] LOW E RAW PITCH: detected=93.93Hz filtered=1 peak=0.01344
2025-12-26 02:15:16 [detection] LOW E RAW PITCH: detected=93.93Hz filtered=1 peak=0.01744
2025-12-26 02:15:16 [detection] LOW E RAW PITCH: detected=93.93Hz filtered=1 peak=0.01740
2025-12-26 02:15:16 [detection] LOW E RAW PITCH: detected=93.93Hz filtered=1 peak=0.01641
2025-12-26 02:15:16 [detection] LOW E RAW PITCH: detected=93.93Hz filtered=1 peak=0.01467
2025-12-26 02:15:16 [detection] LOW E RAW PITCH: detected=93.93Hz filtered=1 peak=0.01745
2025-12-26 02:15:16 [detection] LOW E RAW PITCH: detected=93.93Hz filtered=1 peak=0.01754
2025-12-26 02:15:16 [detection] LOW E RAW PITCH: detected=93.93Hz filtered=1 peak=0.01632
2025-12-26 02:15:16 [detection] LOW E RAW PITCH: detected=93.93Hz filtered=1 peak=0.01519
2025-12-26 02:15:16 [detection] LOW E RAW PITCH: detected=93.93Hz filtered=1 peak=0.01674
2025-12-26 02:15:16 [detection] LOW E RAW PITCH: detected=93.93Hz filtered=1 peak=0.01722
2025-12-26 02:15:16 [detection] LOW E RAW PITCH: detected=93.93Hz filtered=1 peak=0.01604
2025-12-26 02:15:16 [detection] LOW E RAW PITCH: detected=93.93Hz filtered=1 peak=0.01511
2025-12-26 02:15:16 [detection] LOW E RAW PITCH: detected=93.93Hz filtered=1 peak=0.01600
2025-12-26 02:15:16 [detection] LOW E RAW PITCH: detected=93.93Hz filtered=1 peak=0.01740
2025-12-26 02:15:16 [detection] LOW E RAW PITCH: detected=93.93Hz filtered=1 peak=0.01624
2025-12-26 02:15:16 [detection] LOW E RAW PITCH: detected=93.93Hz filtered=1 peak=0.01585
2025-12-26 02:15:16 [detection] LOW E RAW PITCH: detected=93.93Hz filtered=1 peak=0.01432
2025-12-26 02:15:16 [detection] LOW E RAW PITCH: detected=93.93Hz filtered=1 peak=0.01676
2025-12-26 02:15:16 [detection] LOW E RAW PITCH: detected=93.93Hz filtered=1 peak=0.01564
2025-12-26 02:15:16 [detection] LOW E RAW PITCH: detected=93.93Hz filtered=1 peak=0.01554
2025-12-26 02:15:16 [detection] LOW E RAW PITCH: detected=93.93Hz filtered=1 peak=0.01304
2025-12-26 02:15:16 [detection] LOW E RAW PITCH: detected=93.93Hz filtered=1 peak=0.01648
2025-12-26 02:15:16 [detection] LOW E RAW PITCH: detected=93.93Hz filtered=1 peak=0.01592
2025-12-26 02:15:16 [detection] LOW E RAW PITCH: detected=93.93Hz filtered=1 peak=0.01589
2025-12-26 02:15:16 [detection] LOW E RAW PITCH: detected=93.93Hz filtered=1 peak=0.01168
2025-12-26 02:15:16 [detection] LOW E RAW PITCH: detected=93.93Hz filtered=1 peak=0.01639
2025-12-26 02:15:16 [detection] LOW E RAW PITCH: detected=93.93Hz filtered=1 peak=0.01591
2025-12-26 02:15:16 [detection] LOW E RAW PITCH: detected=93.93Hz filtered=1 peak=0.01602
2025-12-26 02:15:16 [detection] LOW E RAW PITCH: detected=93.93Hz filtered=1 peak=0.01038
2025-12-26 02:15:16 [detection] LOW E RAW PITCH: detected=93.93Hz filtered=1 peak=0.01664
2025-12-26 02:15:16 [detection] LOW E RAW PITCH: detected=93.93Hz filtered=1 peak=0.01565
2025-12-26 02:15:16 [detection] LOW E RAW PITCH: detected=93.93Hz filtered=1 peak=0.01582
2025-12-26 02:15:16 [detection] LOW E RAW PITCH: detected=93.93Hz filtered=1 peak=0.00924
2025-12-26 02:15:16 [detection] LOW E RAW PITCH: detected=93.93Hz filtered=1 peak=0.01586
2025-12-26 02:15:16 [detection] LOW E RAW PITCH: detected=93.93Hz filtered=1 peak=0.01532
2025-12-26 02:15:16 [detection] LOW E RAW PITCH: detected=93.93Hz filtered=1 peak=0.01572
2025-12-26 02:15:16 [detection] LOW E RAW PITCH: detected=93.93Hz filtered=1 peak=0.00888
2025-12-26 02:15:16 [detection] LOW E RAW PITCH: detected=93.93Hz filtered=1 peak=0.01617
2025-12-26 02:15:16 [detection] LOW E RAW PITCH: detected=93.93Hz filtered=1 peak=0.01465
2025-12-26 02:15:16 [detection] LOW E RAW PITCH: detected=93.93Hz filtered=1 peak=0.01559
2025-12-26 02:15:16 [detection] LOW E RAW PITCH: detected=93.93Hz filtered=1 peak=0.00878
2025-12-26 02:15:16 [detection] LOW E RAW PITCH: detected=93.93Hz filtered=1 peak=0.01561
2025-12-26 02:15:16 [detection] LOW E RAW PITCH: detected=93.93Hz filtered=1 peak=0.01352
2025-12-26 02:15:16 [detection] LOW E RAW PITCH: detected=93.93Hz filtered=1 peak=0.01498
2025-12-26 02:15:16 [detection] LOW E RAW PITCH: detected=93.93Hz filtered=1 peak=0.00866
2025-12-26 02:15:16 [detection] LOW E RAW PITCH: detected=93.93Hz filtered=1 peak=0.01577
2025-12-26 02:15:16 [detection] LOW E RAW PITCH: detected=93.93Hz filtered=1 peak=0.01320
2025-12-26 02:15:16 [detection] LOW E RAW PITCH: detected=93.93Hz filtered=1 peak=0.01550
2025-12-26 02:15:16 [detection] LOW E RAW PITCH: detected=93.93Hz filtered=1 peak=0.00850
2025-12-26 02:15:16 [detection] LOW E RAW PITCH: detected=93.93Hz filtered=1 peak=0.01561
2025-12-26 02:15:16 [detection] LOW E RAW PITCH: detected=93.93Hz filtered=1 peak=0.01216
2025-12-26 02:15:16 [detection] LOW E RAW PITCH: detected=93.93Hz filtered=1 peak=0.01491
2025-12-26 02:15:16 [detection] LOW E RAW PITCH: detected=93.93Hz filtered=1 peak=0.00824
2025-12-26 02:15:16 [detection] LOW E RAW PITCH: detected=93.93Hz filtered=1 peak=0.01506
2025-12-26 02:15:16 [detection] LOW E RAW PITCH: detected=93.93Hz filtered=1 peak=0.01090
2025-12-26 02:15:16 [detection] LOW E RAW PITCH: detected=93.93Hz filtered=1 peak=0.01483
2025-12-26 02:15:16 [detection] LOW E RAW PITCH: detected=93.93Hz filtered=1 peak=0.00820
2025-12-26 02:15:16 [detection] LOW E RAW PITCH: detected=93.93Hz filtered=1 peak=0.01503
2025-12-26 02:15:16 [detection] LOW E RAW PITCH: detected=93.93Hz filtered=1 peak=0.01005
2025-12-26 02:15:16 [detection] LOW E RAW PITCH: detected=93.93Hz filtered=1 peak=0.01492
2025-12-26 02:15:16 [detection] LOW E RAW PITCH: detected=93.93Hz filtered=1 peak=0.00851
2025-12-26 02:15:16 [detection] LOW E RAW PITCH: detected=93.93Hz filtered=1 peak=0.01488
2025-12-26 02:15:16 [detection] LOW E RAW PITCH: detected=93.93Hz filtered=1 peak=0.01129
2025-12-26 02:15:16 [detection] LOW E RAW PITCH: detected=93.93Hz filtered=1 peak=0.01438
2025-12-26 02:15:16 [detection] LOW E RAW PITCH: detected=93.93Hz filtered=1 peak=0.00999
2025-12-26 02:15:16 [detection] LOW E RAW PITCH: detected=93.93Hz filtered=1 peak=0.01496
2025-12-26 02:15:16 [detection] LOW E RAW PITCH: detected=93.93Hz filtered=1 peak=0.01244
2025-12-26 02:15:16 [detection] LOW E RAW PITCH: detected=93.93Hz filtered=1 peak=0.01471
2025-12-26 02:15:16 [detection] LOW E RAW PITCH: detected=93.93Hz filtered=1 peak=0.01095
2025-12-26 02:15:16 [detection] LOW E RAW PITCH: detected=93.93Hz filtered=1 peak=0.01474
2025-12-26 02:15:16 [detection] LOW E RAW PITCH: detected=93.93Hz filtered=1 peak=0.01336
2025-12-26 02:15:16 [detection] LOW E RAW PITCH: detected=93.93Hz filtered=1 peak=0.01477
2025-12-26 02:15:16 [detection] LOW E RAW PITCH: detected=93.93Hz filtered=1 peak=0.01237
2025-12-26 02:15:16 [detection] LOW E RAW PITCH: detected=93.93Hz filtered=1 peak=0.01452
2025-12-26 02:15:16 [detection] LOW E RAW PITCH: detected=93.93Hz filtered=1 peak=0.01371
2025-12-26 02:15:16 [detection] LOW E RAW PITCH: detected=93.93Hz filtered=1 peak=0.01435
2025-12-26 02:15:16 [detection] LOW E RAW PITCH: detected=93.93Hz filtered=1 peak=0.01290
2025-12-26 02:15:16 [detection] LOW E RAW PITCH: detected=93.93Hz filtered=1 peak=0.01434
2025-12-26 02:15:16 [detection] LOW E RAW PITCH: detected=93.93Hz filtered=1 peak=0.01408
2025-12-26 02:15:16 [detection] LOW E RAW PITCH: detected=93.93Hz filtered=1 peak=0.01419
2025-12-26 02:15:16 [detection] LOW E RAW PITCH: detected=93.93Hz filtered=1 peak=0.01326
2025-12-26 02:15:16 [detection] LOW E RAW PITCH: detected=93.93Hz filtered=1 peak=0.01436
2025-12-26 02:15:16 [detection] LOW E RAW PITCH: detected=93.93Hz filtered=1 peak=0.01436
2025-12-26 02:15:16 [detection] LOW E RAW PITCH: detected=93.93Hz filtered=1 peak=0.01434
2025-12-26 02:15:16 [detection] LOW E RAW PITCH: detected=93.93Hz filtered=1 peak=0.01400
2025-12-26 02:15:16 [detection] LOW E RAW PITCH: detected=93.93Hz filtered=1 peak=0.01397
2025-12-26 02:15:16 [detection] LOW E RAW PITCH: detected=93.93Hz filtered=1 peak=0.01406
2025-12-26 02:15:16 [detection] LOW E RAW PITCH: detected=93.93Hz filtered=1 peak=0.01396
2025-12-26 02:15:16 [detection] LOW E RAW PITCH: detected=93.93Hz filtered=1 peak=0.01383
2025-12-26 02:15:16 [detection] LOW E RAW PITCH: detected=93.93Hz filtered=1 peak=0.01294
2025-12-26 02:15:16 [detection] LOW E RAW PITCH: detected=93.93Hz filtered=1 peak=0.01339
2025-12-26 02:15:16 [detection] LOW E RAW PITCH: detected=93.93Hz filtered=1 peak=0.01372
2025-12-26 02:15:16 [detection] LOW E RAW PITCH: detected=93.93Hz filtered=1 peak=0.01371
2025-12-26 02:15:16 [detection] LOW E RAW PITCH: detected=93.93Hz filtered=1 peak=0.01263
2025-12-26 02:15:16 [detection] LOW E RAW PITCH: detected=93.93Hz filtered=1 peak=0.01384
2025-12-26 02:15:16 [detection] LOW E RAW PITCH: detected=93.93Hz filtered=1 peak=0.01394
2025-12-26 02:15:16 [detection] LOW E RAW PITCH: detected=93.93Hz filtered=1 peak=0.01397
2025-12-26 02:15:16 [detection] LOW E RAW PITCH: detected=93.93Hz filtered=1 peak=0.01160
2025-12-26 02:15:16 [detection] LOW E RAW PITCH: detected=93.93Hz filtered=1 peak=0.01355
2025-12-26 02:15:16 [detection] LOW E RAW PITCH: detected=93.93Hz filtered=1 peak=0.01325
2025-12-26 02:15:16 [detection] LOW E RAW PITCH: detected=93.93Hz filtered=1 peak=0.01351
2025-12-26 02:15:16 [detection] LOW E RAW PITCH: detected=93.93Hz filtered=1 peak=0.01045
2025-12-26 02:15:16 [detection] LOW E RAW PITCH: detected=93.93Hz filtered=1 peak=0.01339
2025-12-26 02:15:16 [detection] LOW E RAW PITCH: detected=93.93Hz filtered=1 peak=0.01360
2025-12-26 02:15:16 [detection] LOW E RAW PITCH: detected=93.93Hz filtered=1 peak=0.01411
2025-12-26 02:15:16 [detection] LOW E RAW PITCH: detected=93.93Hz filtered=1 peak=0.00909
2025-12-26 02:15:16 [detection] LOW E RAW PITCH: detected=93.93Hz filtered=1 peak=0.01332
2025-12-26 02:15:16 [detection] LOW E RAW PITCH: detected=93.93Hz filtered=1 peak=0.01249
2025-12-26 02:15:16 [detection] LOW E RAW PITCH: detected=93.93Hz filtered=1 peak=0.01360
2025-12-26 02:15:16 [detection] LOW E RAW PITCH: detected=93.93Hz filtered=1 peak=0.00724
2025-12-26 02:15:16 [detection] LOW E RAW PITCH: detected=93.93Hz filtered=1 peak=0.01269
2025-12-26 02:15:16 [detection] LOW E RAW PITCH: detected=93.93Hz filtered=1 peak=0.01173
2025-12-26 02:15:16 [detection] LOW E RAW PITCH: detected=93.93Hz filtered=1 peak=0.01324
2025-12-26 02:15:16 [detection] LOW E RAW PITCH: detected=93.93Hz filtered=1 peak=0.00638
2025-12-26 02:15:16 [detection] LOW E RAW PITCH: detected=93.93Hz filtered=1 peak=0.01275
2025-12-26 02:15:16 [detection] LOW E RAW PITCH: detected=93.93Hz filtered=1 peak=0.01121
2025-12-26 02:15:16 [detection] LOW E RAW PITCH: detected=93.93Hz filtered=1 peak=0.01342
2025-12-26 02:15:16 [detection] LOW E RAW PITCH: detected=93.93Hz filtered=1 peak=0.00553
2025-12-26 02:15:16 [detection] LOW E RAW PITCH: detected=93.93Hz filtered=1 peak=0.01284
2025-12-26 02:15:16 [detection] LOW E RAW PITCH: detected=93.93Hz filtered=1 peak=0.00949
2025-12-26 02:15:16 [detection] LOW E RAW PITCH: detected=93.93Hz filtered=1 peak=0.01266
2025-12-26 02:15:16 [detection] LOW E RAW PITCH: detected=93.93Hz filtered=1 peak=0.00512
2025-12-26 02:15:16 [detection] LOW E RAW PITCH: detected=93.93Hz filtered=1 peak=0.01195
2025-12-26 02:15:16 [detection] LOW E RAW PITCH: detected=93.93Hz filtered=1 peak=0.00784
2025-12-26 02:15:16 [detection] LOW E RAW PITCH: detected=93.93Hz filtered=1 peak=0.01166
2025-12-26 02:15:16 [detection] LOW E RAW PITCH: detected=93.93Hz filtered=1 peak=0.00521
2025-12-26 02:15:16 [detection] LOW E RAW PITCH: detected=93.93Hz filtered=1 peak=0.01192
2025-12-26 02:15:16 [detection] LOW E RAW PITCH: detected=93.93Hz filtered=1 peak=0.00737
2025-12-26 02:15:16 [detection] LOW E RAW PITCH: detected=93.93Hz filtered=1 peak=0.01160
2025-12-26 02:15:16 [detection] LOW E RAW PITCH: detected=93.93Hz filtered=1 peak=0.00529
2025-12-26 02:15:16 [detection] LOW E RAW PITCH: detected=93.93Hz filtered=1 peak=0.01115
2025-12-26 02:15:16 [detection] LOW E RAW PITCH: detected=93.93Hz filtered=1 peak=0.00612
2025-12-26 02:15:16 [detection] LOW E RAW PITCH: detected=93.93Hz filtered=1 peak=0.01036
2025-12-26 02:15:16 [detection] LOW E RAW PITCH: detected=93.93Hz filtered=1 peak=0.00574
2025-12-26 02:15:16 [detection] LOW E RAW PITCH: detected=93.93Hz filtered=1 peak=0.00911
2025-12-26 02:15:16 [detection] LOW E RAW PITCH: detected=93.93Hz filtered=1 peak=0.00565
2025-12-26 02:15:16 [detection] LOW E RAW PITCH: detected=93.93Hz filtered=1 peak=0.00756
2025-12-26 02:15:16 [detection] LOW E RAW PITCH: detected=93.93Hz filtered=1 peak=0.00572
2025-12-26 02:15:16 [detection] LOW E RAW PITCH: detected=93.93Hz filtered=1 peak=0.00724
2025-12-26 02:15:16 [detection] LOW E RAW PITCH: detected=93.93Hz filtered=1 peak=0.00582
2025-12-26 02:15:16 [detection] LOW E RAW PITCH: detected=93.93Hz filtered=1 peak=0.00651
2025-12-26 02:15:16 [detection] LOW E RAW PITCH: detected=93.93Hz filtered=1 peak=0.00568
2025-12-26 02:15:16 [detection] LOW E RAW PITCH: detected=93.93Hz filtered=1 peak=0.00545
2025-12-26 02:15:16 [detection] LOW E RAW PITCH: detected=93.93Hz filtered=1 peak=0.00503
2025-12-26 02:15:16 [detection] LOW E RAW PITCH: detected=93.93Hz filtered=1 peak=0.00459
2025-12-26 02:15:16 [detection] LOW E RAW PITCH: detected=93.93Hz filtered=1 peak=0.00429
2025-12-26 02:15:16 [detection] LOW E RAW PITCH: detected=93.93Hz filtered=1 peak=0.00368
2025-12-26 02:15:16 [detection] LOW E RAW PITCH: detected=93.93Hz filtered=1 peak=0.00368
2025-12-26 02:15:16 [detection] LOW E RAW PITCH: detected=93.93Hz filtered=1 peak=0.00352
2025-12-26 02:15:16 [detection] LOW E RAW PITCH: detected=93.93Hz filtered=1 peak=0.00352
2025-12-26 02:15:16 [detection] LOW E RAW PITCH: detected=93.93Hz filtered=1 peak=0.00310
2025-12-26 02:15:16 [detection] LOW E RAW PITCH: detected=93.93Hz filtered=1 peak=0.00312
2025-12-26 02:15:16 [detection] LOW E RAW PITCH: detected=93.93Hz filtered=1 peak=0.00294
2025-12-26 02:15:16 [detection] LOW E RAW PITCH: detected=93.93Hz filtered=1 peak=0.00296
2025-12-26 02:15:16 [detection] LOW E RAW PITCH: detected=93.93Hz filtered=1 peak=0.00251
2025-12-26 02:15:16 [detection] LOW E RAW PITCH: detected=93.93Hz filtered=1 peak=0.00263
2025-12-26 02:15:16 [detection] LOW E RAW PITCH: detected=93.93Hz filtered=1 peak=0.00209
2025-12-26 02:15:16 [detection] LOW E RAW PITCH: detected=93.93Hz filtered=1 peak=0.00227
2025-12-26 02:15:16 [detection] LOW E RAW PITCH: detected=93.93Hz filtered=1 peak=0.00144
2025-12-26 02:15:16 [detection] LOW E RAW PITCH: detected=93.93Hz filtered=1 peak=0.00165
2025-12-26 02:15:16 [detection] LOW E RAW PITCH: detected=93.93Hz filtered=1 peak=0.00151
2025-12-26 02:15:16 [detection] LOW E RAW PITCH: detected=93.93Hz filtered=1 peak=0.00157
2025-12-26 02:15:16 [detection] LOW E RAW PITCH: detected=93.93Hz filtered=1 peak=0.00148
2025-12-26 02:15:16 [detection] LOW E RAW PITCH: detected=93.93Hz filtered=1 peak=0.00177
2025-12-26 02:15:16 [detection] LOW E RAW PITCH: detected=93.93Hz filtered=1 peak=0.00106
2025-12-26 02:15:16 [detection] LOW E RAW PITCH: detected=93.93Hz filtered=1 peak=0.00165
2025-12-26 02:15:16 [detection] LOW E RAW PITCH: detected=93.93Hz filtered=1 peak=0.00128
2025-12-26 02:15:16 [detection] LOW E RAW PITCH: detected=93.93Hz filtered=1 peak=0.00147
2025-12-26 02:15:16 [detection] LOW E RAW PITCH: detected=93.93Hz filtered=1 peak=0.00127
2025-12-26 02:15:16 [detection] LOW E RAW PITCH: detected=93.93Hz filtered=1 peak=0.00091
2025-12-26 02:15:16 [detection] LOW E RAW PITCH: detected=93.93Hz filtered=1 peak=0.00071
2025-12-26 02:15:16 [detection] LOW E RAW PITCH: detected=93.93Hz filtered=1 peak=0.00080
2025-12-26 02:15:16 [detection] LOW E RAW PITCH: detected=93.93Hz filtered=1 peak=0.00076
2025-12-26 02:15:16 [detection] LOW E RAW PITCH: detected=93.93Hz filtered=1 peak=0.00068
2025-12-26 02:15:16 [detection] LOW E RAW PITCH: detected=93.93Hz filtered=1 peak=0.00073
2025-12-26 02:15:16 [detection] LOW E RAW PITCH: detected=93.93Hz filtered=1 peak=0.00104
2025-12-26 02:15:16 [detection]      S1F2 OFF (sustained-quiet: avgEnv=0.0006 < floor=0.0010)
2025-12-26 02:15:16 [detection] LOW E RAW PITCH: detected=93.93Hz filtered=1 peak=0.00096
2025-12-26 02:15:16 [detection] LOW E RAW PITCH: detected=93.93Hz filtered=1 peak=0.00098
2025-12-26 02:15:16 [detection] LOW E RAW PITCH: detected=93.93Hz filtered=1 peak=0.00110
2025-12-26 02:15:16 [detection] LOW E RAW PITCH: detected=93.93Hz filtered=1 peak=0.00084
2025-12-26 02:15:16 [detection] LOW E RAW PITCH: detected=93.93Hz filtered=1 peak=0.00103
2025-12-26 02:15:16 [detection] LOW E RAW PITCH: detected=93.93Hz filtered=1 peak=0.00069
2025-12-26 02:15:16 [detection] LOW E RAW PITCH: detected=93.93Hz filtered=1 peak=0.00069
2025-12-26 02:15:16 [detection] LOW E RAW PITCH: detected=96.38Hz filtered=1 peak=0.00028
2025-12-26 02:15:16 [detection] LOW E RAW PITCH: detected=98.39Hz filtered=1 peak=0.00021
2025-12-26 02:15:16 [detection] LOW E RAW PITCH: detected=105.24Hz filtered=1 peak=0.00041
2025-12-26 02:15:16 [detection] LOW E RAW PITCH: detected=104.58Hz filtered=1 peak=0.00040
2025-12-26 02:15:16 [detection] LOW E RAW PITCH: detected=102.37Hz filtered=1 peak=0.00038
2025-12-26 02:15:16 [detection] LOW E RAW PITCH: detected=100.21Hz filtered=1 peak=0.00052
2025-12-26 02:15:16 [detection] LOW E RAW PITCH: detected=93.93Hz filtered=1 peak=0.00050
2025-12-26 02:15:16 [detection] LOW E RAW PITCH: detected=93.93Hz filtered=1 peak=0.00057
2025-12-26 02:15:16 [detection] LOW E RAW PITCH: detected=93.93Hz filtered=1 peak=0.00052
2025-12-26 02:15:16 [detection] LOW E RAW PITCH: detected=93.93Hz filtered=1 peak=0.00063
2025-12-26 02:15:16 [detection] LOW E RAW PITCH: detected=93.93Hz filtered=1 peak=0.00048
2025-12-26 02:15:16 [detection] LOW E RAW PITCH: detected=93.93Hz filtered=1 peak=0.00040
2025-12-26 02:15:16 [detection] LOW E RAW PITCH: detected=93.93Hz filtered=1 peak=0.00040
2025-12-26 02:15:16 [detection] LOW E RAW PITCH: detected=93.93Hz filtered=1 peak=0.00017
2025-12-26 02:15:16 [detection] LOW E RAW PITCH: detected=93.93Hz filtered=1 peak=0.00018
2025-12-26 02:15:16 [detection] LOW E RAW PITCH: detected=97.73Hz filtered=1 peak=0.00013
2025-12-26 02:15:16 [detection] LOW E RAW PITCH: detected=96.66Hz filtered=1 peak=0.00014
2025-12-26 02:15:16 [detection] LOW E RAW PITCH: detected=130.32Hz filtered=1 peak=0.00036
2025-12-26 02:15:16 [detection] LOW E RAW PITCH: detected=93.93Hz filtered=1 peak=0.00014
2025-12-26 02:15:16 [detection] LOW E RAW PITCH: detected=101.21Hz filtered=1 peak=0.00058
2025-12-26 02:15:16 [detection] LOW E RAW PITCH: detected=188.26Hz filtered=1 peak=0.00062
2025-12-26 02:15:16 [detection] LOW E RAW PITCH: detected=98.01Hz filtered=1 peak=0.00033
2025-12-26 02:15:16 [detection] LOW E RAW PITCH: detected=95999.98Hz filtered=1 peak=0.00041
2025-12-26 02:15:16 [detection] LOW E RAW PITCH: detected=93.93Hz filtered=1 peak=0.00036
2025-12-26 02:15:16 [detection] LOW E RAW PITCH: detected=95.47Hz filtered=1 peak=0.00034
2025-12-26 02:15:16 [detection] LOW E RAW PITCH: detected=95.30Hz filtered=1 peak=0.00020
2025-12-26 02:15:16 [detection] LOW E RAW PITCH: detected=100.94Hz filtered=1 peak=0.00023
2025-12-26 02:15:16 [detection] LOW E RAW PITCH: detected=108.61Hz filtered=1 peak=0.00024
2025-12-26 02:15:16 [detection] LOW E RAW PITCH: detected=113.75Hz filtered=1 peak=0.00013
2025-12-26 02:15:16 [detection] LOW E RAW PITCH: detected=124.66Hz filtered=1 peak=0.00042
2025-12-26 02:15:16 [detection] LOW E RAW PITCH: detected=149.24Hz filtered=1 peak=0.00043
2025-12-26 02:15:16 [detection] LOW E RAW PITCH: detected=93.93Hz filtered=1 peak=0.00046
2025-12-26 02:15:16 [detection] LOW E RAW PITCH: detected=96000.00Hz filtered=1 peak=0.00044
2025-12-26 02:15:16 [detection] LOW E RAW PITCH: detected=93.93Hz filtered=1 peak=0.00023
2025-12-26 02:15:16 [detection] LOW E RAW PITCH: detected=93.93Hz filtered=1 peak=0.00025
2025-12-26 02:15:16 [detection] LOW E RAW PITCH: detected=93.93Hz filtered=1 peak=0.00039
2025-12-26 02:15:16 [detection] LOW E RAW PITCH: detected=93.93Hz filtered=1 peak=0.00022
2025-12-26 02:15:16 [detection] LOW E RAW PITCH: detected=93.93Hz filtered=1 peak=0.00019
2025-12-26 02:15:16 [detection] LOW E RAW PITCH: detected=96000.00Hz filtered=1 peak=0.00017
2025-12-26 02:15:16 [detection] LOW E RAW PITCH: detected=93.93Hz filtered=1 peak=0.00029
2025-12-26 02:15:16 [detection] LOW E RAW PITCH: detected=96000.00Hz filtered=1 peak=0.00029
2025-12-26 02:15:16 [detection] LOW E RAW PITCH: detected=96000.00Hz filtered=1 peak=0.00018
2025-12-26 02:15:16 [detection] LOW E RAW PITCH: detected=123.93Hz filtered=1 peak=0.00024
2025-12-26 02:15:16 [detection] LOW E RAW PITCH: detected=96000.00Hz filtered=1 peak=0.00020
2025-12-26 02:15:16 [detection] LOW E RAW PITCH: detected=96000.00Hz filtered=1 peak=0.00036
2025-12-26 02:15:16 [detection] LOW E RAW PITCH: detected=96000.00Hz filtered=1 peak=0.00043
2025-12-26 02:15:16 [detection] LOW E RAW PITCH: detected=96000.00Hz filtered=1 peak=0.00025
2025-12-26 02:15:16 [detection] LOW E RAW PITCH: detected=93.93Hz filtered=1 peak=0.00019
2025-12-26 02:15:16 [detection] LOW E RAW PITCH: detected=93.93Hz filtered=1 peak=0.00021
2025-12-26 02:15:16 [detection] LOW E RAW PITCH: detected=93.93Hz filtered=1 peak=0.00017
2025-12-26 02:15:16 [detection] LOW E RAW PITCH: detected=93.93Hz filtered=1 peak=0.00020
2025-12-26 02:15:16 [detection] LOW E RAW PITCH: detected=93.93Hz filtered=1 peak=0.00022
2025-12-26 02:15:16 [detection] LOW E RAW PITCH: detected=93.93Hz filtered=1 peak=0.00015
2025-12-26 02:15:16 [detection] LOW E RAW PITCH: detected=96000.00Hz filtered=1 peak=0.00031
2025-12-26 02:15:16 [detection] LOW E RAW PITCH: detected=93.93Hz filtered=1 peak=0.00018
2025-12-26 02:15:16 [detection] LOW E RAW PITCH: detected=93.93Hz filtered=1 peak=0.00021
2025-12-26 02:15:16 [detection] LOW E RAW PITCH: detected=93.93Hz filtered=1 peak=0.00025
2025-12-26 02:15:16 [detection] LOW E RAW PITCH: detected=102.40Hz filtered=1 peak=0.00039
2025-12-26 02:15:16 [detection] LOW E RAW PITCH: detected=117.76Hz filtered=1 peak=0.00035
2025-12-26 02:15:16 [detection] LOW E RAW PITCH: detected=123.65Hz filtered=1 peak=0.00013
2025-12-26 02:15:16 [detection] LOW E RAW PITCH: detected=127.37Hz filtered=1 peak=0.00015
2025-12-26 02:15:16 [detection] LOW E RAW PITCH: detected=121.45Hz filtered=1 peak=0.00021
2025-12-26 02:15:16 [detection] LOW E RAW PITCH: detected=126.10Hz filtered=1 peak=0.00015
2025-12-26 02:15:16 [detection] LOW E RAW PITCH: detected=125.93Hz filtered=1 peak=0.00023
2025-12-26 02:15:16 [detection] LOW E RAW PITCH: detected=129.30Hz filtered=1 peak=0.00030
2025-12-26 02:15:16 [detection] LOW E RAW PITCH: detected=140.86Hz filtered=1 peak=0.00042
2025-12-26 02:15:16 [detection] LOW E RAW PITCH: detected=152.82Hz filtered=1 peak=0.00021
2025-12-26 02:15:16 [detection] LOW E RAW PITCH: detected=159.73Hz filtered=1 peak=0.00023
2025-12-26 02:15:16 [detection] LOW E RAW PITCH: detected=160.97Hz filtered=1 peak=0.00017
2025-12-26 02:15:16 [detection] LOW E RAW PITCH: detected=143.32Hz filtered=1 peak=0.00030
2025-12-26 02:15:16 [detection] LOW E RAW PITCH: detected=133.25Hz filtered=1 peak=0.00029
2025-12-26 02:15:16 [detection] LOW E RAW PITCH: detected=93.93Hz filtered=1 peak=0.00028
2025-12-26 02:15:16 [detection] LOW E RAW PITCH: detected=93.93Hz filtered=1 peak=0.00026
2025-12-26 02:15:16 [detection] LOW E RAW PITCH: detected=93.93Hz filtered=1 peak=0.00018
2025-12-26 02:15:16 [detection] LOW E RAW PITCH: detected=93.93Hz filtered=1 peak=0.00020
2025-12-26 02:15:16 [detection] LOW E RAW PITCH: detected=93.93Hz filtered=1 peak=0.00019
2025-12-26 02:15:16 [detection] LOW E RAW PITCH: detected=93.93Hz filtered=1 peak=0.00019
2025-12-26 02:15:16 [detection] LOW E RAW PITCH: detected=96000.00Hz filtered=1 peak=0.00025
2025-12-26 02:15:16 [detection] LOW E RAW PITCH: detected=95999.98Hz filtered=1 peak=0.00014
2025-12-26 02:15:16 [detection] LOW E RAW PITCH: detected=349.40Hz filtered=1 peak=0.00014
2025-12-26 02:15:16 [detection] LOW E RAW PITCH: detected=101.31Hz filtered=1 peak=0.00024
2025-12-26 02:15:16 [detection] LOW E RAW PITCH: detected=149.83Hz filtered=1 peak=0.00017
2025-12-26 02:15:16 [detection] LOW E RAW PITCH: detected=138.61Hz filtered=1 peak=0.00029
2025-12-26 02:15:16 [detection] LOW E RAW PITCH: detected=150.58Hz filtered=1 peak=0.00021
2025-12-26 02:15:16 [detection] LOW E RAW PITCH: detected=147.34Hz filtered=1 peak=0.00026
2025-12-26 02:15:16 [detection] LOW E RAW PITCH: detected=96000.00Hz filtered=1 peak=0.00029
2025-12-26 02:15:16 [detection] LOW E RAW PITCH: detected=93.93Hz filtered=1 peak=0.00028
2025-12-26 02:15:16 [detection] LOW E RAW PITCH: detected=93.93Hz filtered=1 peak=0.00028
2025-12-26 02:15:16 [detection] LOW E RAW PITCH: detected=95999.98Hz filtered=1 peak=0.00032
2025-12-26 02:15:16 [detection] LOW E RAW PITCH: detected=93.93Hz filtered=1 peak=0.00032
2025-12-26 02:15:16 [detection] LOW E RAW PITCH: detected=93.93Hz filtered=1 peak=0.00016
2025-12-26 02:15:16 [detection] LOW E RAW PITCH: detected=93.93Hz filtered=1 peak=0.00016
2025-12-26 02:15:16 [detection] LOW E RAW PITCH: detected=108.86Hz filtered=1 peak=0.00022
2025-12-26 02:15:16 [detection] LOW E RAW PITCH: detected=124.21Hz filtered=1 peak=0.00031
2025-12-26 02:15:16 [detection] LOW E RAW PITCH: detected=132.29Hz filtered=1 peak=0.00023
2025-12-26 02:15:23 [sessionwavs] wrote 6 wav files to /home/general/SignalAssistant/logs/sessionwavs/session-20251226-021501 (shutdown)
# Session closed at 2025-12-26 02:15:23
