# SignalAssistant session log
# Started at 2025-12-14 07:53:53
2025-12-14 07:53:53 [session] mode=live session='' path='' duration=0.00 files=0
2025-12-14 07:53:53 [tracker-settings] TrackerConfig onsetThreshold=0.02000 minNoteDurSec=0.045 hopSec=0.010 slideDelta=120.0 bendDelta=35.0
2025-12-14 07:53:53 [tracker-settings] string1 midi=40 lowCut=37.08Hz highCut=445.00Hz baseline=0.000180 gateRatio=0.05500 envFloor=0.000450 sustainScale=0.580 retriggerScale=1.400 peakRelease=0.120 pitchTol=0.400 onsetScale=0.006
2025-12-14 07:53:53 [tracker-settings] string2 midi=45 lowCut=55.00Hz highCut=563.20Hz baseline=0.000220 gateRatio=0.10000 envFloor=0.000550 sustainScale=0.700 retriggerScale=1.250 peakRelease=0.130 pitchTol=0.400 onsetScale=0.009
2025-12-14 07:53:53 [tracker-settings] string3 midi=50 lowCut=85.16Hz highCut=693.05Hz baseline=0.000260 gateRatio=0.13000 envFloor=0.000650 sustainScale=0.820 retriggerScale=1.100 peakRelease=0.140 pitchTol=0.450 onsetScale=0.012
2025-12-14 07:53:53 [tracker-settings] string4 midi=55 lowCut=127.40Hz highCut=862.39Hz baseline=0.000320 gateRatio=0.17000 envFloor=0.000780 sustainScale=1.000 retriggerScale=1.000 peakRelease=0.160 pitchTol=0.440 onsetScale=0.014
2025-12-14 07:53:53 [tracker-settings] string5 midi=59 lowCut=160.51Hz highCut=1086.54Hz baseline=0.000370 gateRatio=0.21000 envFloor=0.000900 sustainScale=1.000 retriggerScale=1.000 peakRelease=0.180 pitchTol=0.500 onsetScale=0.016
2025-12-14 07:53:53 [tracker-settings] string6 midi=64 lowCut=214.26Hz highCut=1450.36Hz baseline=0.000420 gateRatio=0.25000 envFloor=0.001050 sustainScale=1.000 retriggerScale=1.000 peakRelease=0.200 pitchTol=0.550 onsetScale=0.018
2025-12-14 07:53:53 [tracker] [s1] calibration reset target=0.00180 gain=1.000
2025-12-14 07:53:53 [tracker] [s2] calibration reset target=0.00180 gain=1.000
2025-12-14 07:53:53 [tracker] [s3] calibration reset target=0.00180 gain=1.000
2025-12-14 07:53:53 [tracker] [s4] calibration reset target=0.00180 gain=1.000
2025-12-14 07:53:53 [tracker] [s5] calibration reset target=0.00180 gain=1.000
2025-12-14 07:53:53 [tracker] [s6] calibration reset target=0.00180 gain=1.000
2025-12-14 07:53:53 [calibration] Loading calibration profile multipliers into parameters
2025-12-14 07:53:53 [calibration] String 1: setting multiplier to 6.317
2025-12-14 07:53:53 [calibration] String 2: setting multiplier to 8.000
2025-12-14 07:53:53 [calibration] String 3: setting multiplier to 8.000
2025-12-14 07:53:53 [calibration] String 4: setting multiplier to 8.000
2025-12-14 07:53:53 [calibration] String 5: setting multiplier to 8.000
2025-12-14 07:53:53 [calibration] String 6: setting multiplier to 8.000
2025-12-14 07:53:53 [tracker] [s1] calibration avg=0.03970 target=0.00180 gain=1.000
2025-12-14 07:53:53 [tracker] [s2] calibration avg=0.01940 target=0.00180 gain=1.000
2025-12-14 07:53:53 [tracker] [s3] calibration avg=0.01411 target=0.00180 gain=1.000
2025-12-14 07:53:53 [tracker] [s4] calibration avg=0.03018 target=0.00180 gain=1.000
2025-12-14 07:53:53 [tracker] [s5] calibration avg=0.02970 target=0.00180 gain=1.000
2025-12-14 07:53:53 [tracker] [s6] calibration avg=0.02331 target=0.00180 gain=1.000
2025-12-14 07:53:54 [tracker] [s1] configure sr=48000.0 hop=128 fft=1024 low=37.1 high=445.0
2025-12-14 07:53:54 [tracker] [s1] params baseline=0.000180 gate=0.0550 envFloor=0.000450 sustain=0.580 retrigger=1.400 peakRelease=0.120 pitchTol=0.400 onsetScale=0.006 aubioScale=1.20 aubioThresh=0.024 onsetSilence=-85.0 pitchSilence=-90.0
2025-12-14 07:53:54 [tracker] [s2] configure sr=48000.0 hop=128 fft=1024 low=55.0 high=563.2
2025-12-14 07:53:54 [tracker] [s2] params baseline=0.000220 gate=0.0100 envFloor=0.000100 sustain=1.500 retrigger=1.250 peakRelease=0.130 pitchTol=0.400 onsetScale=0.009 aubioScale=1.35 aubioThresh=0.027 onsetSilence=-85.0 pitchSilence=-90.0
2025-12-14 07:53:54 [tracker] [s3] configure sr=48000.0 hop=128 fft=1024 low=85.2 high=693.0
2025-12-14 07:53:54 [tracker] [s3] params baseline=0.000260 gate=0.1300 envFloor=0.000650 sustain=0.820 retrigger=1.100 peakRelease=0.140 pitchTol=0.450 onsetScale=0.012 aubioScale=1.60 aubioThresh=0.032 onsetSilence=-75.0 pitchSilence=-80.0
2025-12-14 07:53:54 [tracker] [s4] configure sr=48000.0 hop=128 fft=1024 low=127.4 high=862.4
2025-12-14 07:53:54 [tracker] [s4] params baseline=0.000320 gate=0.1700 envFloor=0.000780 sustain=1.000 retrigger=1.000 peakRelease=0.160 pitchTol=0.440 onsetScale=0.014 aubioScale=1.80 aubioThresh=0.036 onsetSilence=-75.0 pitchSilence=-80.0
2025-12-14 07:53:54 [tracker] [s5] configure sr=48000.0 hop=128 fft=512 low=160.5 high=1086.5
2025-12-14 07:53:54 [tracker] [s5] params baseline=0.000370 gate=0.2100 envFloor=0.000900 sustain=1.000 retrigger=1.000 peakRelease=0.180 pitchTol=0.500 onsetScale=0.016 aubioScale=1.80 aubioThresh=0.036 onsetSilence=-75.0 pitchSilence=-80.0
2025-12-14 07:53:54 [tracker] [s6] configure sr=48000.0 hop=128 fft=512 low=214.3 high=1450.4
2025-12-14 07:53:54 [tracker] [s6] params baseline=0.000420 gate=0.2500 envFloor=0.001050 sustain=1.000 retrigger=1.000 peakRelease=0.200 pitchTol=0.550 onsetScale=0.018 aubioScale=1.80 aubioThresh=0.036 onsetSilence=-75.0 pitchSilence=-80.0
2025-12-14 07:53:54 [tracker] [s1] aubio-raw t=0.0040 onset=4.000000 env=0.000679 peak=0.001771 gain=1.000
2025-12-14 07:53:54 [tracker] [s1] onset-accepted t=0.0040 env=0.000679 gate=0.000022 envDelta=0.000657 envFloor=0.000594 onset=4.000000 thresh=0.006000 onsetDelta=3.994000 baseline=0.000396 floor=0.000180 adapt=0.000990 lastPeak=0.000000 baseParam=0.000180 gateRatio=0.0550 envParam=0.000450 onsetScale=0.300 retriggerScale=1.400 guard=0.060 guardRemain=0.000 activeAge=-1.000 retrigRemain=0.000 pitchHz=125.16 pitchCents=723.6
2025-12-14 07:53:54 [tracker] [s1] onset t=0.004 env=0.00068 gate=0.00002 envDelta=0.00066 envFloor=0.00059 onset=4.000 thresh=0.006 onsetDelta=3.99400 baseline=0.00040 adaptive=0.00099 lastPeak=0.00000 guard=0.060 activeAge=-1.000 pitch=125.16Hz pitchCents=723.6
2025-12-14 07:53:54 [tracker] [s2] onset t=0.004 env=0.00170 gate=0.00000 envDelta=0.00169 envFloor=0.00066 onset=4.000 thresh=0.009 onsetDelta=3.99100 baseline=0.00044 adaptive=0.00110 lastPeak=0.00000 guard=0.060 activeAge=-1.000 pitch=125.16Hz pitchCents=223.6
2025-12-14 07:53:54 [tracker] [s3] onset t=0.004 env=0.00144 gate=0.00006 envDelta=0.00138 envFloor=0.00065 onset=4.000 thresh=0.012 onsetDelta=3.98840 baseline=0.00043 adaptive=0.00107 lastPeak=0.00000 guard=0.060 activeAge=-1.000 pitch=125.16Hz pitchCents=-276.4
2025-12-14 07:53:54 [tracker] [s4] onset t=0.004 env=0.00195 gate=0.00008 envDelta=0.00188 envFloor=0.00078 onset=4.000 thresh=0.014 onsetDelta=3.98600 baseline=0.00046 adaptive=0.00114 lastPeak=0.00000 guard=0.060 activeAge=-1.000 pitch=125.16Hz pitchCents=-776.4
2025-12-14 07:53:54 [tracker] [s5] onset t=0.004 env=0.00194 gate=0.00010 envDelta=0.00184 envFloor=0.00090 onset=4.000 thresh=0.016 onsetDelta=3.98400 baseline=0.00046 adaptive=0.00114 lastPeak=0.00000 guard=0.060 activeAge=-1.000 pitch=376.47Hz pitchCents=730.0
2025-12-14 07:53:54 [tracker] [s6] onset t=0.004 env=0.00206 gate=0.00012 envDelta=0.00195 envFloor=0.00105 onset=4.000 thresh=0.018 onsetDelta=3.98200 baseline=0.00046 adaptive=0.00116 lastPeak=0.00000 guard=0.060 activeAge=-1.000 pitch=376.47Hz pitchCents=230.0
2025-12-14 07:53:54 [tracker] [s6] onset t=0.159 env=0.00147 gate=0.00019 envDelta=0.00128 envFloor=0.00117 onset=1.148 thresh=0.018 onsetDelta=1.12952 baseline=0.00078 adaptive=0.00195 lastPeak=0.00000 guard=0.060 activeAge=-1.000 pitch=-1.00Hz pitchCents=0.0
2025-12-14 07:53:54 [tracker] [s2] onset t=0.164 env=0.00122 gate=0.00001 envDelta=0.00121 envFloor=0.00095 onset=0.985 thresh=0.009 onsetDelta=0.97622 baseline=0.00063 adaptive=0.00158 lastPeak=0.00000 guard=0.060 activeAge=-1.000 pitch=94.12Hz pitchCents=-270.0
2025-12-14 07:53:54 [tracker] [s1] aubio-raw t=0.1987 onset=0.995240 env=0.000979 peak=0.002007 gain=1.000
2025-12-14 07:53:54 [tracker] [s1] onset-accepted t=0.1987 env=0.000979 gate=0.000023 envDelta=0.000957 envFloor=0.000617 onset=0.995240 thresh=0.006000 onsetDelta=0.989240 baseline=0.000411 floor=0.000180 adapt=0.001028 lastPeak=0.000000 baseParam=0.000180 gateRatio=0.0550 envParam=0.000450 onsetScale=0.300 retriggerScale=1.400 guard=0.060 guardRemain=0.000 activeAge=-1.000 retrigRemain=0.000 pitchHz=-1.00 pitchCents=0.0
2025-12-14 07:53:54 [tracker] [s1] onset t=0.199 env=0.00098 gate=0.00002 envDelta=0.00096 envFloor=0.00062 onset=0.995 thresh=0.006 onsetDelta=0.98924 baseline=0.00041 adaptive=0.00103 lastPeak=0.00000 guard=0.060 activeAge=-1.000 pitch=-1.00Hz pitchCents=0.0
2025-12-14 07:53:54 [tracker] [s6] onset t=0.289 env=0.00218 gate=0.00021 envDelta=0.00197 envFloor=0.00129 onset=0.622 thresh=0.018 onsetDelta=0.60354 baseline=0.00086 adaptive=0.00214 lastPeak=0.00000 guard=0.060 activeAge=-1.000 pitch=-1.00Hz pitchCents=0.0
2025-12-14 07:53:54 [tracker] [s1] aubio-raw t=0.3400 onset=0.994108 env=0.001078 peak=0.002623 gain=1.000
2025-12-14 07:53:54 [tracker] [s1] onset-accepted t=0.3400 env=0.001078 gate=0.000024 envDelta=0.001054 envFloor=0.000649 onset=0.994108 thresh=0.006000 onsetDelta=0.988108 baseline=0.000433 floor=0.000180 adapt=0.001082 lastPeak=0.000000 baseParam=0.000180 gateRatio=0.0550 envParam=0.000450 onsetScale=0.300 retriggerScale=1.400 guard=0.060 guardRemain=0.000 activeAge=-1.000 retrigRemain=0.000 pitchHz=-1.00 pitchCents=0.0
2025-12-14 07:53:54 [tracker] [s1] aubio-raw t=0.4093 onset=1.046797 env=0.001036 peak=0.002133 gain=1.000
2025-12-14 07:53:54 [tracker] [s1] onset-accepted t=0.4093 env=0.001036 gate=0.000023 envDelta=0.001013 envFloor=0.000621 onset=1.046797 thresh=0.006000 onsetDelta=1.040797 baseline=0.000414 floor=0.000180 adapt=0.001035 lastPeak=0.000000 baseParam=0.000180 gateRatio=0.0550 envParam=0.000450 onsetScale=0.300 retriggerScale=1.400 guard=0.060 guardRemain=0.000 activeAge=-1.000 retrigRemain=0.000 pitchHz=-1.00 pitchCents=0.0
2025-12-14 07:53:54 [tracker] [s1] onset t=0.409 env=0.00104 gate=0.00002 envDelta=0.00101 envFloor=0.00062 onset=1.047 thresh=0.006 onsetDelta=1.04080 baseline=0.00041 adaptive=0.00103 lastPeak=0.00000 guard=0.060 activeAge=-1.000 pitch=-1.00Hz pitchCents=0.0
2025-12-14 07:53:54 [tracker] [s6] onset t=0.423 env=0.00200 gate=0.00022 envDelta=0.00178 envFloor=0.00129 onset=1.001 thresh=0.018 onsetDelta=0.98331 baseline=0.00086 adaptive=0.00216 lastPeak=0.00000 guard=0.060 activeAge=-1.000 pitch=-1.00Hz pitchCents=0.0
2025-12-14 07:53:54 [tracker] [s3] onset t=0.436 env=0.00121 gate=0.00008 envDelta=0.00113 envFloor=0.00091 onset=0.995 thresh=0.012 onsetDelta=0.98336 baseline=0.00061 adaptive=0.00151 lastPeak=0.00000 guard=0.060 activeAge=-1.000 pitch=-1.00Hz pitchCents=0.0
2025-12-14 07:53:54 [tracker] [s4] onset t=0.524 env=0.00142 gate=0.00011 envDelta=0.00131 envFloor=0.00095 onset=0.890 thresh=0.014 onsetDelta=0.87609 baseline=0.00063 adaptive=0.00158 lastPeak=0.00000 guard=0.060 activeAge=-1.000 pitch=-1.00Hz pitchCents=0.0
2025-12-14 07:53:54 [tracker] [s1] aubio-raw t=0.5800 onset=1.078096 env=0.000681 peak=0.001751 gain=1.000
2025-12-14 07:53:54 [tracker] [s1] onset-accepted t=0.5800 env=0.000681 gate=0.000023 envDelta=0.000658 envFloor=0.000628 onset=1.078096 thresh=0.006000 onsetDelta=1.072096 baseline=0.000418 floor=0.000180 adapt=0.001046 lastPeak=0.000000 baseParam=0.000180 gateRatio=0.0550 envParam=0.000450 onsetScale=0.300 retriggerScale=1.400 guard=0.060 guardRemain=0.000 activeAge=-1.000 retrigRemain=0.000 pitchHz=101.27 pitchCents=356.9
2025-12-14 07:53:54 [tracker] [s1] onset t=0.580 env=0.00068 gate=0.00002 envDelta=0.00066 envFloor=0.00063 onset=1.078 thresh=0.006 onsetDelta=1.07210 baseline=0.00042 adaptive=0.00105 lastPeak=0.00000 guard=0.060 activeAge=-1.000 pitch=101.27Hz pitchCents=356.9
2025-12-14 07:53:54 [tracker] [s2] onset t=0.580 env=0.00114 gate=0.00001 envDelta=0.00113 envFloor=0.00096 onset=0.990 thresh=0.009 onsetDelta=0.98056 baseline=0.00064 adaptive=0.00160 lastPeak=0.00000 guard=0.060 activeAge=-1.000 pitch=571.18Hz pitchCents=2851.7
2025-12-14 07:53:54 [tracker] [s3] onset t=0.617 env=0.00150 gate=0.00008 envDelta=0.00142 envFloor=0.00093 onset=0.993 thresh=0.012 onsetDelta=0.98155 baseline=0.00062 adaptive=0.00154 lastPeak=0.00000 guard=0.060 activeAge=-1.000 pitch=-1.00Hz pitchCents=0.0
2025-12-14 07:53:54 [tracker] [s4] onset t=0.665 env=0.00172 gate=0.00011 envDelta=0.00161 envFloor=0.00095 onset=1.031 thresh=0.014 onsetDelta=1.01695 baseline=0.00063 adaptive=0.00158 lastPeak=0.00000 guard=0.060 activeAge=-1.000 pitch=-1.00Hz pitchCents=0.0
2025-12-14 07:53:54 [tracker] [s3] onset t=0.708 env=0.00144 gate=0.00008 envDelta=0.00136 envFloor=0.00092 onset=0.996 thresh=0.012 onsetDelta=0.98402 baseline=0.00061 adaptive=0.00153 lastPeak=0.00000 guard=0.060 activeAge=-1.000 pitch=-1.00Hz pitchCents=0.0
2025-12-14 07:53:54 [tracker] [s5] onset t=0.732 env=0.00185 gate=0.00016 envDelta=0.00169 envFloor=0.00111 onset=0.994 thresh=0.016 onsetDelta=0.97790 baseline=0.00074 adaptive=0.00186 lastPeak=0.00000 guard=0.060 activeAge=-1.000 pitch=-1.00Hz pitchCents=0.0
2025-12-14 07:53:54 [tracker] [s1] aubio-raw t=0.8307 onset=1.000288 env=0.000552 peak=0.001474 gain=1.000
2025-12-14 07:53:54 [tracker] [s1] onset-below-env-floor t=0.8307 env=0.000552 gate=0.000025 envDelta=0.000526 envFloor=0.000688 onset=1.000288 thresh=0.006000 onsetDelta=0.994288 baseline=0.000459 floor=0.000180 adapt=0.001147 lastPeak=0.000000 baseParam=0.000180 gateRatio=0.0550 envParam=0.000450 onsetScale=0.300 retriggerScale=1.400 guard=0.060 guardRemain=0.000 activeAge=-1.000 retrigRemain=0.000 pitchHz=94.12 pitchCents=230.0
2025-12-14 07:53:55 [tracker] [s1] aubio-raw t=0.9267 onset=0.958420 env=0.001028 peak=0.002153 gain=1.000
2025-12-14 07:53:55 [tracker] [s1] onset-accepted t=0.9267 env=0.001028 gate=0.000025 envDelta=0.001003 envFloor=0.000680 onset=0.958420 thresh=0.006000 onsetDelta=0.952420 baseline=0.000454 floor=0.000180 adapt=0.001134 lastPeak=0.000000 baseParam=0.000180 gateRatio=0.0550 envParam=0.000450 onsetScale=0.300 retriggerScale=1.400 guard=0.060 guardRemain=0.000 activeAge=-1.000 retrigRemain=0.000 pitchHz=-1.00 pitchCents=0.0
2025-12-14 07:53:55 [tracker] [s1] onset t=0.927 env=0.00103 gate=0.00002 envDelta=0.00100 envFloor=0.00068 onset=0.958 thresh=0.006 onsetDelta=0.95242 baseline=0.00045 adaptive=0.00113 lastPeak=0.00000 guard=0.060 activeAge=-1.000 pitch=-1.00Hz pitchCents=0.0
2025-12-14 07:53:55 [tracker] [s6] onset t=0.932 env=0.00186 gate=0.00020 envDelta=0.00167 envFloor=0.00118 onset=1.022 thresh=0.018 onsetDelta=1.00417 baseline=0.00079 adaptive=0.00196 lastPeak=0.00000 guard=0.060 activeAge=-1.000 pitch=-1.00Hz pitchCents=0.0
2025-12-14 07:53:55 [tracker] [s6] onset t=0.991 env=0.00175 gate=0.00020 envDelta=0.00155 envFloor=0.00121 onset=1.419 thresh=0.018 onsetDelta=1.40141 baseline=0.00080 adaptive=0.00201 lastPeak=0.00000 guard=0.060 activeAge=-1.000 pitch=-1.00Hz pitchCents=0.0
2025-12-14 07:53:55 [tracker] [s1] aubio-raw t=1.0627 onset=1.129660 env=0.000862 peak=0.002488 gain=1.000
2025-12-14 07:53:55 [tracker] [s1] onset-accepted t=1.0627 env=0.000862 gate=0.000025 envDelta=0.000838 envFloor=0.000679 onset=1.129660 thresh=0.006000 onsetDelta=1.123660 baseline=0.000452 floor=0.000180 adapt=0.001131 lastPeak=0.000000 baseParam=0.000180 gateRatio=0.0550 envParam=0.000450 onsetScale=0.300 retriggerScale=1.400 guard=0.060 guardRemain=0.000 activeAge=-1.000 retrigRemain=0.000 pitchHz=-1.00 pitchCents=0.0
2025-12-14 07:53:55 [tracker] [s1] onset t=1.063 env=0.00086 gate=0.00002 envDelta=0.00084 envFloor=0.00068 onset=1.130 thresh=0.006 onsetDelta=1.12366 baseline=0.00045 adaptive=0.00113 lastPeak=0.00000 guard=0.060 activeAge=-1.000 pitch=-1.00Hz pitchCents=0.0
2025-12-14 07:53:55 [tracker] [s2] onset t=1.111 env=0.00188 gate=0.00001 envDelta=0.00187 envFloor=0.00104 onset=0.999 thresh=0.009 onsetDelta=0.98962 baseline=0.00069 adaptive=0.00173 lastPeak=0.00000 guard=0.060 activeAge=-1.000 pitch=-1.00Hz pitchCents=0.0
2025-12-14 07:53:55 [tracker] [s3] onset t=1.137 env=0.00176 gate=0.00008 envDelta=0.00168 envFloor=0.00096 onset=1.195 thresh=0.012 onsetDelta=1.18315 baseline=0.00064 adaptive=0.00160 lastPeak=0.00000 guard=0.060 activeAge=-1.000 pitch=-1.00Hz pitchCents=0.0
2025-12-14 07:53:55 [tracker] [s5] onset t=1.217 env=0.00153 gate=0.00015 envDelta=0.00137 envFloor=0.00111 onset=1.198 thresh=0.016 onsetDelta=1.18234 baseline=0.00074 adaptive=0.00184 lastPeak=0.00000 guard=0.060 activeAge=-1.000 pitch=-1.00Hz pitchCents=0.0
2025-12-14 07:53:55 [tracker] [s3] onset t=1.249 env=0.00137 gate=0.00008 envDelta=0.00129 envFloor=0.00093 onset=0.803 thresh=0.012 onsetDelta=0.79185 baseline=0.00062 adaptive=0.00154 lastPeak=0.00000 guard=0.060 activeAge=-1.000 pitch=-1.00Hz pitchCents=0.0
2025-12-14 07:53:55 [tracker] [s5] onset t=1.316 env=0.00164 gate=0.00014 envDelta=0.00150 envFloor=0.00101 onset=0.810 thresh=0.016 onsetDelta=0.79445 baseline=0.00067 adaptive=0.00168 lastPeak=0.00000 guard=0.060 activeAge=-1.000 pitch=-1.00Hz pitchCents=0.0
2025-12-14 07:53:55 [tracker] [s4] onset t=1.343 env=0.00116 gate=0.00010 envDelta=0.00106 envFloor=0.00091 onset=1.376 thresh=0.014 onsetDelta=1.36219 baseline=0.00061 adaptive=0.00152 lastPeak=0.00000 guard=0.060 activeAge=-1.000 pitch=-1.00Hz pitchCents=0.0
2025-12-14 07:53:55 [tracker] [s4] onset t=1.553 env=0.00150 gate=0.00011 envDelta=0.00139 envFloor=0.00098 onset=0.927 thresh=0.014 onsetDelta=0.91324 baseline=0.00065 adaptive=0.00163 lastPeak=0.00000 guard=0.060 activeAge=-1.000 pitch=-1.00Hz pitchCents=0.0
2025-12-14 07:53:55 [tracker] [s2] onset t=1.607 env=0.00170 gate=0.00001 envDelta=0.00169 envFloor=0.00106 onset=1.147 thresh=0.009 onsetDelta=1.13818 baseline=0.00070 adaptive=0.00176 lastPeak=0.00000 guard=0.060 activeAge=-1.000 pitch=-1.00Hz pitchCents=0.0
2025-12-14 07:53:55 [tracker] [s4] onset t=1.684 env=0.00117 gate=0.00011 envDelta=0.00106 envFloor=0.00097 onset=0.903 thresh=0.014 onsetDelta=0.88874 baseline=0.00065 adaptive=0.00161 lastPeak=0.00000 guard=0.060 activeAge=-1.000 pitch=-1.00Hz pitchCents=0.0
2025-12-14 07:53:55 [tracker] [s6] onset t=1.700 env=0.00178 gate=0.00020 envDelta=0.00158 envFloor=0.00118 onset=0.998 thresh=0.018 onsetDelta=0.97951 baseline=0.00079 adaptive=0.00197 lastPeak=0.00000 guard=0.060 activeAge=-1.000 pitch=-1.00Hz pitchCents=0.0
2025-12-14 07:53:55 [tracker] [s5] onset t=1.711 env=0.00149 gate=0.00015 envDelta=0.00134 envFloor=0.00108 onset=1.089 thresh=0.016 onsetDelta=1.07316 baseline=0.00072 adaptive=0.00181 lastPeak=0.00000 guard=0.060 activeAge=-1.000 pitch=-1.00Hz pitchCents=0.0
2025-12-14 07:53:55 [tracker] [s4] onset t=1.737 env=0.00150 gate=0.00010 envDelta=0.00140 envFloor=0.00091 onset=1.236 thresh=0.014 onsetDelta=1.22181 baseline=0.00061 adaptive=0.00152 lastPeak=0.00000 guard=0.060 activeAge=-1.000 pitch=-1.00Hz pitchCents=0.0
2025-12-14 07:53:55 [tracker] [s4] onset t=1.809 env=0.00134 gate=0.00011 envDelta=0.00123 envFloor=0.00096 onset=0.826 thresh=0.014 onsetDelta=0.81175 baseline=0.00064 adaptive=0.00160 lastPeak=0.00000 guard=0.060 activeAge=-1.000 pitch=-1.00Hz pitchCents=0.0
2025-12-14 07:53:55 [tracker] [s1] aubio-raw t=1.8547 onset=0.995151 env=0.000678 peak=0.001798 gain=1.000
2025-12-14 07:53:55 [tracker] [s1] onset-accepted t=1.8547 env=0.000678 gate=0.000023 envDelta=0.000655 envFloor=0.000620 onset=0.995151 thresh=0.006000 onsetDelta=0.989151 baseline=0.000413 floor=0.000180 adapt=0.001033 lastPeak=0.000000 baseParam=0.000180 gateRatio=0.0550 envParam=0.000450 onsetScale=0.300 retriggerScale=1.400 guard=0.060 guardRemain=0.000 activeAge=-1.000 retrigRemain=0.000 pitchHz=-1.00 pitchCents=0.0
2025-12-14 07:53:55 [tracker] [s1] onset t=1.855 env=0.00068 gate=0.00002 envDelta=0.00066 envFloor=0.00062 onset=0.995 thresh=0.006 onsetDelta=0.98915 baseline=0.00041 adaptive=0.00103 lastPeak=0.00000 guard=0.060 activeAge=-1.000 pitch=-1.00Hz pitchCents=0.0
2025-12-14 07:53:55 [tracker] [s2] onset t=1.897 env=0.00189 gate=0.00001 envDelta=0.00189 envFloor=0.00104 onset=1.030 thresh=0.009 onsetDelta=1.02125 baseline=0.00069 adaptive=0.00173 lastPeak=0.00000 guard=0.060 activeAge=-1.000 pitch=-1.00Hz pitchCents=0.0
2025-12-14 07:53:56 [tracker] [s4] onset t=1.937 env=0.00123 gate=0.00011 envDelta=0.00112 envFloor=0.00100 onset=0.865 thresh=0.014 onsetDelta=0.85137 baseline=0.00067 adaptive=0.00167 lastPeak=0.00000 guard=0.060 activeAge=-1.000 pitch=-1.00Hz pitchCents=0.0
2025-12-14 07:53:56 [tracker] [s2] onset t=2.007 env=0.00136 gate=0.00001 envDelta=0.00136 envFloor=0.00107 onset=1.078 thresh=0.009 onsetDelta=1.06945 baseline=0.00072 adaptive=0.00179 lastPeak=0.00000 guard=0.060 activeAge=-1.000 pitch=399.96Hz pitchCents=2234.8
2025-12-14 07:53:56 [tracker] [s3] onset t=2.047 env=0.00112 gate=0.00008 envDelta=0.00105 envFloor=0.00091 onset=0.595 thresh=0.012 onsetDelta=0.58377 baseline=0.00060 adaptive=0.00151 lastPeak=0.00000 guard=0.060 activeAge=-1.000 pitch=-1.00Hz pitchCents=0.0
2025-12-14 07:53:56 [tracker] [s6] onset t=2.132 env=0.00182 gate=0.00020 envDelta=0.00162 envFloor=0.00118 onset=1.009 thresh=0.018 onsetDelta=0.99063 baseline=0.00078 adaptive=0.00196 lastPeak=0.00000 guard=0.060 activeAge=-1.000 pitch=-1.00Hz pitchCents=0.0
2025-12-14 07:53:56 [tracker] [s4] onset t=2.172 env=0.00154 gate=0.00010 envDelta=0.00144 envFloor=0.00092 onset=0.995 thresh=0.014 onsetDelta=0.98096 baseline=0.00061 adaptive=0.00154 lastPeak=0.00000 guard=0.060 activeAge=-1.000 pitch=-1.00Hz pitchCents=0.0
2025-12-14 07:53:56 [tracker] [s3] onset t=2.177 env=0.00151 gate=0.00008 envDelta=0.00143 envFloor=0.00093 onset=0.912 thresh=0.012 onsetDelta=0.90059 baseline=0.00062 adaptive=0.00156 lastPeak=0.00000 guard=0.060 activeAge=-1.000 pitch=-1.00Hz pitchCents=0.0
2025-12-14 07:53:56 [tracker] [s4] onset t=2.273 env=0.00165 gate=0.00011 envDelta=0.00154 envFloor=0.00101 onset=1.000 thresh=0.014 onsetDelta=0.98571 baseline=0.00067 adaptive=0.00168 lastPeak=0.00000 guard=0.060 activeAge=-1.000 pitch=-1.00Hz pitchCents=0.0
2025-12-14 07:53:56 [tracker] [s3] onset t=2.279 env=0.00136 gate=0.00008 envDelta=0.00128 envFloor=0.00094 onset=1.328 thresh=0.012 onsetDelta=1.31658 baseline=0.00063 adaptive=0.00157 lastPeak=0.00000 guard=0.060 activeAge=-1.000 pitch=-1.00Hz pitchCents=0.0
2025-12-14 07:53:56 [tracker] [s1] aubio-raw t=2.3614 onset=0.998573 env=0.000915 peak=0.002426 gain=1.000
2025-12-14 07:53:56 [tracker] [s1] onset-accepted t=2.3614 env=0.000915 gate=0.000022 envDelta=0.000892 envFloor=0.000609 onset=0.998573 thresh=0.006000 onsetDelta=0.992573 baseline=0.000406 floor=0.000180 adapt=0.001014 lastPeak=0.000000 baseParam=0.000180 gateRatio=0.0550 envParam=0.000450 onsetScale=0.300 retriggerScale=1.400 guard=0.060 guardRemain=0.000 activeAge=-1.000 retrigRemain=0.000 pitchHz=-1.00 pitchCents=0.0
2025-12-14 07:53:56 [tracker] [s1] onset t=2.361 env=0.00091 gate=0.00002 envDelta=0.00089 envFloor=0.00061 onset=0.999 thresh=0.006 onsetDelta=0.99257 baseline=0.00041 adaptive=0.00101 lastPeak=0.00000 guard=0.060 activeAge=-1.000 pitch=-1.00Hz pitchCents=0.0
2025-12-14 07:53:56 [tracker] [s5] onset t=2.407 env=0.00184 gate=0.00015 envDelta=0.00169 envFloor=0.00107 onset=0.535 thresh=0.016 onsetDelta=0.51936 baseline=0.00071 adaptive=0.00178 lastPeak=0.00000 guard=0.060 activeAge=-1.000 pitch=-1.00Hz pitchCents=0.0
2025-12-14 07:53:56 [tracker] [s6] onset t=2.439 env=0.00165 gate=0.00020 envDelta=0.00145 envFloor=0.00122 onset=0.977 thresh=0.018 onsetDelta=0.95906 baseline=0.00081 adaptive=0.00203 lastPeak=0.00000 guard=0.060 activeAge=-1.000 pitch=-1.00Hz pitchCents=0.0
2025-12-14 07:53:56 [tracker] [s2] onset t=2.441 env=0.00173 gate=0.00001 envDelta=0.00173 envFloor=0.00100 onset=0.953 thresh=0.009 onsetDelta=0.94351 baseline=0.00067 adaptive=0.00166 lastPeak=0.00000 guard=0.060 activeAge=-1.000 pitch=363.53Hz pitchCents=2069.5
2025-12-14 07:53:56 [tracker] [s2] onset t=2.535 env=0.00147 gate=0.00001 envDelta=0.00146 envFloor=0.00096 onset=0.995 thresh=0.009 onsetDelta=0.98622 baseline=0.00064 adaptive=0.00161 lastPeak=0.00000 guard=0.060 activeAge=-1.000 pitch=-1.00Hz pitchCents=0.0
2025-12-14 07:53:56 [tracker] [s3] onset t=2.623 env=0.00131 gate=0.00008 envDelta=0.00123 envFloor=0.00092 onset=1.134 thresh=0.012 onsetDelta=1.12208 baseline=0.00062 adaptive=0.00154 lastPeak=0.00000 guard=0.060 activeAge=-1.000 pitch=-1.00Hz pitchCents=0.0
2025-12-14 07:53:56 [tracker] [s1] aubio-raw t=2.6494 onset=0.996733 env=0.000898 peak=0.002707 gain=1.000
2025-12-14 07:53:56 [tracker] [s1] onset-accepted t=2.6494 env=0.000898 gate=0.000024 envDelta=0.000873 envFloor=0.000666 onset=0.996733 thresh=0.006000 onsetDelta=0.990733 baseline=0.000444 floor=0.000180 adapt=0.001110 lastPeak=0.000000 baseParam=0.000180 gateRatio=0.0550 envParam=0.000450 onsetScale=0.300 retriggerScale=1.400 guard=0.060 guardRemain=0.000 activeAge=-1.000 retrigRemain=0.000 pitchHz=-1.00 pitchCents=0.0
2025-12-14 07:53:56 [tracker] [s1] onset t=2.649 env=0.00090 gate=0.00002 envDelta=0.00087 envFloor=0.00067 onset=0.997 thresh=0.006 onsetDelta=0.99073 baseline=0.00044 adaptive=0.00111 lastPeak=0.00000 guard=0.060 activeAge=-1.000 pitch=-1.00Hz pitchCents=0.0
2025-12-14 07:53:56 [tracker] [s5] onset t=2.689 env=0.00166 gate=0.00016 envDelta=0.00150 envFloor=0.00113 onset=0.996 thresh=0.016 onsetDelta=0.98028 baseline=0.00075 adaptive=0.00188 lastPeak=0.00000 guard=0.060 activeAge=-1.000 pitch=-1.00Hz pitchCents=0.0
2025-12-14 07:53:56 [tracker] [s4] onset t=2.740 env=0.00139 gate=0.00012 envDelta=0.00128 envFloor=0.00102 onset=1.012 thresh=0.014 onsetDelta=0.99802 baseline=0.00068 adaptive=0.00170 lastPeak=0.00000 guard=0.060 activeAge=-1.000 pitch=-1.00Hz pitchCents=0.0
2025-12-14 07:53:56 [tracker] [s6] onset t=2.767 env=0.00179 gate=0.00020 envDelta=0.00159 envFloor=0.00120 onset=1.045 thresh=0.018 onsetDelta=1.02663 baseline=0.00080 adaptive=0.00200 lastPeak=0.00000 guard=0.060 activeAge=-1.000 pitch=-1.00Hz pitchCents=0.0
2025-12-14 07:53:56 [tracker] [s4] onset t=2.860 env=0.00127 gate=0.00011 envDelta=0.00116 envFloor=0.00094 onset=1.159 thresh=0.014 onsetDelta=1.14485 baseline=0.00062 adaptive=0.00156 lastPeak=0.00000 guard=0.060 activeAge=-1.000 pitch=-1.00Hz pitchCents=0.0
2025-12-14 07:53:57 [tracker] [s1] aubio-raw t=2.9160 onset=1.325615 env=0.000973 peak=0.002305 gain=1.000
2025-12-14 07:53:57 [tracker] [s1] onset-accepted t=2.9160 env=0.000973 gate=0.000021 envDelta=0.000951 envFloor=0.000585 onset=1.325615 thresh=0.006000 onsetDelta=1.319615 baseline=0.000390 floor=0.000180 adapt=0.000974 lastPeak=0.000000 baseParam=0.000180 gateRatio=0.0550 envParam=0.000450 onsetScale=0.300 retriggerScale=1.400 guard=0.060 guardRemain=0.000 activeAge=-1.000 retrigRemain=0.000 pitchHz=-1.00 pitchCents=0.0
2025-12-14 07:53:57 [tracker] [s1] onset t=2.916 env=0.00097 gate=0.00002 envDelta=0.00095 envFloor=0.00058 onset=1.326 thresh=0.006 onsetDelta=1.31961 baseline=0.00039 adaptive=0.00097 lastPeak=0.00000 guard=0.060 activeAge=-1.000 pitch=-1.00Hz pitchCents=0.0
2025-12-14 07:53:57 [tracker] [s3] onset t=2.967 env=0.00138 gate=0.00008 envDelta=0.00130 envFloor=0.00096 onset=0.995 thresh=0.012 onsetDelta=0.98375 baseline=0.00064 adaptive=0.00160 lastPeak=0.00000 guard=0.060 activeAge=-1.000 pitch=-1.00Hz pitchCents=0.0
2025-12-14 07:53:57 [tracker] [s3] onset t=3.028 env=0.00138 gate=0.00008 envDelta=0.00130 envFloor=0.00097 onset=1.013 thresh=0.012 onsetDelta=1.00159 baseline=0.00065 adaptive=0.00162 lastPeak=0.00000 guard=0.060 activeAge=-1.000 pitch=-1.00Hz pitchCents=0.0
2025-12-14 07:53:57 [tracker] [s3] onset t=3.103 env=0.00115 gate=0.00008 envDelta=0.00107 envFloor=0.00097 onset=1.288 thresh=0.012 onsetDelta=1.27690 baseline=0.00064 adaptive=0.00161 lastPeak=0.00000 guard=0.060 activeAge=-1.000 pitch=-1.00Hz pitchCents=0.0
2025-12-14 07:53:57 [tracker] [s5] onset t=3.108 env=0.00156 gate=0.00015 envDelta=0.00141 envFloor=0.00108 onset=0.997 thresh=0.016 onsetDelta=0.98103 baseline=0.00072 adaptive=0.00180 lastPeak=0.00000 guard=0.060 activeAge=-1.000 pitch=-1.00Hz pitchCents=0.0
2025-12-14 07:53:57 [tracker] [s1] aubio-raw t=3.1667 onset=0.989099 env=0.000778 peak=0.002217 gain=1.000
2025-12-14 07:53:57 [tracker] [s1] onset-accepted t=3.1667 env=0.000778 gate=0.000023 envDelta=0.000755 envFloor=0.000628 onset=0.989099 thresh=0.006000 onsetDelta=0.983099 baseline=0.000419 floor=0.000180 adapt=0.001047 lastPeak=0.000000 baseParam=0.000180 gateRatio=0.0550 envParam=0.000450 onsetScale=0.300 retriggerScale=1.400 guard=0.060 guardRemain=0.000 activeAge=-1.000 retrigRemain=0.000 pitchHz=94.12 pitchCents=230.0
2025-12-14 07:53:57 [tracker] [s1] onset t=3.167 env=0.00078 gate=0.00002 envDelta=0.00076 envFloor=0.00063 onset=0.989 thresh=0.006 onsetDelta=0.98310 baseline=0.00042 adaptive=0.00105 lastPeak=0.00000 guard=0.060 activeAge=-1.000 pitch=94.12Hz pitchCents=230.0
2025-12-14 07:53:57 [tracker] [s6] onset t=3.217 env=0.00176 gate=0.00020 envDelta=0.00157 envFloor=0.00117 onset=1.150 thresh=0.018 onsetDelta=1.13192 baseline=0.00078 adaptive=0.00195 lastPeak=0.00000 guard=0.060 activeAge=-1.000 pitch=-1.00Hz pitchCents=0.0
2025-12-14 07:53:57 [tracker] [s6] onset t=3.393 env=0.00205 gate=0.00022 envDelta=0.00183 envFloor=0.00132 onset=0.986 thresh=0.018 onsetDelta=0.96815 baseline=0.00088 adaptive=0.00220 lastPeak=0.00000 guard=0.060 activeAge=-1.000 pitch=-1.00Hz pitchCents=0.0
2025-12-14 07:53:57 [tracker] [s1] aubio-raw t=3.4307 onset=0.700189 env=0.000688 peak=0.002093 gain=1.000
2025-12-14 07:53:57 [tracker] [s1] onset-accepted t=3.4307 env=0.000688 gate=0.000024 envDelta=0.000664 envFloor=0.000653 onset=0.700189 thresh=0.006000 onsetDelta=0.694189 baseline=0.000435 floor=0.000180 adapt=0.001088 lastPeak=0.000000 baseParam=0.000180 gateRatio=0.0550 envParam=0.000450 onsetScale=0.300 retriggerScale=1.400 guard=0.060 guardRemain=0.000 activeAge=-1.000 retrigRemain=0.000 pitchHz=-1.00 pitchCents=0.0
2025-12-14 07:53:57 [tracker] [s1] onset t=3.431 env=0.00069 gate=0.00002 envDelta=0.00066 envFloor=0.00065 onset=0.700 thresh=0.006 onsetDelta=0.69419 baseline=0.00044 adaptive=0.00109 lastPeak=0.00000 guard=0.060 activeAge=-1.000 pitch=-1.00Hz pitchCents=0.0
2025-12-14 07:53:57 [tracker] [s5] onset t=3.497 env=0.00142 gate=0.00016 envDelta=0.00126 envFloor=0.00111 onset=0.901 thresh=0.016 onsetDelta=0.88488 baseline=0.00074 adaptive=0.00185 lastPeak=0.00000 guard=0.060 activeAge=-1.000 pitch=-1.00Hz pitchCents=0.0
2025-12-14 07:53:57 [tracker] [s1] aubio-raw t=3.5480 onset=0.998826 env=0.001304 peak=0.002486 gain=1.000
2025-12-14 07:53:57 [tracker] [s1] onset-accepted t=3.5480 env=0.001304 gate=0.000024 envDelta=0.001279 envFloor=0.000661 onset=0.998826 thresh=0.006000 onsetDelta=0.992826 baseline=0.000440 floor=0.000180 adapt=0.001101 lastPeak=0.000000 baseParam=0.000180 gateRatio=0.0550 envParam=0.000450 onsetScale=0.300 retriggerScale=1.400 guard=0.060 guardRemain=0.000 activeAge=-1.000 retrigRemain=0.000 pitchHz=-1.00 pitchCents=0.0
2025-12-14 07:53:57 [tracker] [s1] onset t=3.548 env=0.00130 gate=0.00002 envDelta=0.00128 envFloor=0.00066 onset=0.999 thresh=0.006 onsetDelta=0.99283 baseline=0.00044 adaptive=0.00110 lastPeak=0.00000 guard=0.060 activeAge=-1.000 pitch=-1.00Hz pitchCents=0.0
2025-12-14 07:53:57 [tracker] [s2] onset t=3.705 env=0.00168 gate=0.00001 envDelta=0.00168 envFloor=0.00099 onset=0.957 thresh=0.009 onsetDelta=0.94846 baseline=0.00066 adaptive=0.00166 lastPeak=0.00000 guard=0.060 activeAge=-1.000 pitch=-1.00Hz pitchCents=0.0
2025-12-14 07:53:57 [tracker] [s4] onset t=3.716 env=0.00171 gate=0.00011 envDelta=0.00160 envFloor=0.00100 onset=1.152 thresh=0.014 onsetDelta=1.13785 baseline=0.00066 adaptive=0.00166 lastPeak=0.00000 guard=0.060 activeAge=-1.000 pitch=-1.00Hz pitchCents=0.0
2025-12-14 07:53:57 [tracker] [s6] onset t=3.740 env=0.00211 gate=0.00021 envDelta=0.00190 envFloor=0.00125 onset=1.003 thresh=0.018 onsetDelta=0.98509 baseline=0.00083 adaptive=0.00208 lastPeak=0.00000 guard=0.060 activeAge=-1.000 pitch=-1.00Hz pitchCents=0.0
2025-12-14 07:53:57 [tracker] [s4] onset t=3.783 env=0.00148 gate=0.00012 envDelta=0.00136 envFloor=0.00104 onset=1.363 thresh=0.014 onsetDelta=1.34925 baseline=0.00069 adaptive=0.00173 lastPeak=0.00000 guard=0.060 activeAge=-1.000 pitch=-1.00Hz pitchCents=0.0
2025-12-14 07:53:57 [tracker] [s5] onset t=3.844 env=0.00160 gate=0.00015 envDelta=0.00144 envFloor=0.00111 onset=1.202 thresh=0.016 onsetDelta=1.18564 baseline=0.00074 adaptive=0.00184 lastPeak=0.00000 guard=0.060 activeAge=-1.000 pitch=-1.00Hz pitchCents=0.0
2025-12-14 07:53:57 [tracker] [s1] aubio-raw t=3.9027 onset=1.180803 env=0.000593 peak=0.001858 gain=1.000
2025-12-14 07:53:57 [tracker] [s1] onset-below-env-floor t=3.9027 env=0.000593 gate=0.000023 envDelta=0.000571 envFloor=0.000615 onset=1.180803 thresh=0.006000 onsetDelta=1.174803 baseline=0.000410 floor=0.000180 adapt=0.001025 lastPeak=0.000000 baseParam=0.000180 gateRatio=0.0550 envParam=0.000450 onsetScale=0.300 retriggerScale=1.400 guard=0.060 guardRemain=0.000 activeAge=-1.000 retrigRemain=0.000 pitchHz=-1.00 pitchCents=0.0
2025-12-14 07:53:58 [tracker] [s2] onset t=3.945 env=0.00106 gate=0.00001 envDelta=0.00105 envFloor=0.00103 onset=1.273 thresh=0.009 onsetDelta=1.26368 baseline=0.00069 adaptive=0.00172 lastPeak=0.00000 guard=0.060 activeAge=-1.000 pitch=727.06Hz pitchCents=3269.5
2025-12-14 07:53:58 [tracker] [s2] note-start t=3.945 fret=20 midi=65 vel=0.01 env=0.00106
2025-12-14 07:53:58 [tracker] [s3] onset t=4.015 env=0.00159 gate=0.00008 envDelta=0.00152 envFloor=0.00090 onset=1.004 thresh=0.012 onsetDelta=0.99222 baseline=0.00060 adaptive=0.00149 lastPeak=0.00000 guard=0.060 activeAge=-1.000 pitch=-1.00Hz pitchCents=0.0
2025-12-14 07:53:58 [tracker] [s6] onset t=4.049 env=0.00161 gate=0.00020 envDelta=0.00141 envFloor=0.00120 onset=0.777 thresh=0.018 onsetDelta=0.75856 baseline=0.00080 adaptive=0.00200 lastPeak=0.00000 guard=0.060 activeAge=-1.000 pitch=-1.00Hz pitchCents=0.0
2025-12-14 07:53:58 [tracker] [s2] release-retrigger t=4.060 onset=0.995 gate=0.000 age=0.115
2025-12-14 07:53:58 [tracker] [s3] onset t=4.089 env=0.00186 gate=0.00009 envDelta=0.00177 envFloor=0.00099 onset=1.012 thresh=0.012 onsetDelta=1.00031 baseline=0.00066 adaptive=0.00166 lastPeak=0.00000 guard=0.060 activeAge=-1.000 pitch=-1.00Hz pitchCents=0.0
2025-12-14 07:53:58 [tracker] [s6] onset t=4.143 env=0.00217 gate=0.00021 envDelta=0.00196 envFloor=0.00127 onset=0.995 thresh=0.018 onsetDelta=0.97743 baseline=0.00085 adaptive=0.00212 lastPeak=0.00000 guard=0.060 activeAge=-1.000 pitch=-1.00Hz pitchCents=0.0
2025-12-14 07:53:58 [tracker] [s5] onset t=4.239 env=0.00217 gate=0.00016 envDelta=0.00201 envFloor=0.00112 onset=1.307 thresh=0.016 onsetDelta=1.29081 baseline=0.00075 adaptive=0.00187 lastPeak=0.00000 guard=0.060 activeAge=-1.000 pitch=-1.00Hz pitchCents=0.0
2025-12-14 07:53:58 [tracker] [s3] onset t=4.353 env=0.00110 gate=0.00007 envDelta=0.00103 envFloor=0.00086 onset=1.248 thresh=0.012 onsetDelta=1.23615 baseline=0.00058 adaptive=0.00144 lastPeak=0.00000 guard=0.060 activeAge=-1.000 pitch=-1.00Hz pitchCents=0.0
2025-12-14 07:53:58 [tracker] [s4] onset t=4.367 env=0.00133 gate=0.00011 envDelta=0.00122 envFloor=0.00095 onset=0.947 thresh=0.014 onsetDelta=0.93291 baseline=0.00063 adaptive=0.00158 lastPeak=0.00000 guard=0.060 activeAge=-1.000 pitch=-1.00Hz pitchCents=0.0
2025-12-14 07:53:58 [tracker] [s2] onset t=4.433 env=0.00155 gate=0.00001 envDelta=0.00154 envFloor=0.00106 onset=1.113 thresh=0.009 onsetDelta=1.10443 baseline=0.00071 adaptive=0.00177 lastPeak=0.00042 guard=0.060 activeAge=-1.000 pitch=-1.00Hz pitchCents=0.0
2025-12-14 07:53:58 [tracker] [s1] aubio-raw t=4.4893 onset=0.928766 env=0.000738 peak=0.001897 gain=1.000
2025-12-14 07:53:58 [tracker] [s1] onset-accepted t=4.4893 env=0.000738 gate=0.000025 envDelta=0.000713 envFloor=0.000679 onset=0.928766 thresh=0.006000 onsetDelta=0.922766 baseline=0.000453 floor=0.000180 adapt=0.001131 lastPeak=0.000000 baseParam=0.000180 gateRatio=0.0550 envParam=0.000450 onsetScale=0.300 retriggerScale=1.400 guard=0.060 guardRemain=0.000 activeAge=-1.000 retrigRemain=0.000 pitchHz=-1.00 pitchCents=0.0
2025-12-14 07:53:58 [tracker] [s1] onset t=4.489 env=0.00074 gate=0.00002 envDelta=0.00071 envFloor=0.00068 onset=0.929 thresh=0.006 onsetDelta=0.92277 baseline=0.00045 adaptive=0.00113 lastPeak=0.00000 guard=0.060 activeAge=-1.000 pitch=-1.00Hz pitchCents=0.0
2025-12-14 07:53:58 [tracker] [s2] onset t=4.519 env=0.00117 gate=0.00001 envDelta=0.00116 envFloor=0.00105 onset=1.018 thresh=0.009 onsetDelta=1.00910 baseline=0.00070 adaptive=0.00175 lastPeak=0.00036 guard=0.060 activeAge=-1.000 pitch=-1.00Hz pitchCents=0.0
2025-12-14 07:53:58 [tracker] [s5] onset t=4.556 env=0.00176 gate=0.00016 envDelta=0.00160 envFloor=0.00111 onset=1.059 thresh=0.016 onsetDelta=1.04283 baseline=0.00074 adaptive=0.00186 lastPeak=0.00000 guard=0.060 activeAge=-1.000 pitch=-1.00Hz pitchCents=0.0
2025-12-14 07:53:58 [tracker] [s4] onset t=4.572 env=0.00150 gate=0.00012 envDelta=0.00138 envFloor=0.00103 onset=1.102 thresh=0.014 onsetDelta=1.08847 baseline=0.00069 adaptive=0.00171 lastPeak=0.00000 guard=0.060 activeAge=-1.000 pitch=-1.00Hz pitchCents=0.0
2025-12-14 07:53:58 [tracker] [s2] onset t=4.588 env=0.00147 gate=0.00001 envDelta=0.00146 envFloor=0.00106 onset=1.037 thresh=0.009 onsetDelta=1.02804 baseline=0.00071 adaptive=0.00177 lastPeak=0.00032 guard=0.060 activeAge=-1.000 pitch=-1.00Hz pitchCents=0.0
2025-12-14 07:53:58 [tracker] [s3] onset t=4.607 env=0.00152 gate=0.00008 envDelta=0.00144 envFloor=0.00092 onset=0.995 thresh=0.012 onsetDelta=0.98321 baseline=0.00062 adaptive=0.00154 lastPeak=0.00000 guard=0.060 activeAge=-1.000 pitch=-1.00Hz pitchCents=0.0
2025-12-14 07:53:58 [tracker] [s5] onset t=4.732 env=0.00158 gate=0.00014 envDelta=0.00144 envFloor=0.00102 onset=0.998 thresh=0.016 onsetDelta=0.98191 baseline=0.00068 adaptive=0.00171 lastPeak=0.00000 guard=0.060 activeAge=-1.000 pitch=-1.00Hz pitchCents=0.0
2025-12-14 07:53:59 [tracker] [s2] onset t=4.964 env=0.00137 gate=0.00001 envDelta=0.00136 envFloor=0.00101 onset=0.931 thresh=0.009 onsetDelta=0.92242 baseline=0.00067 adaptive=0.00168 lastPeak=0.00016 guard=0.060 activeAge=-1.000 pitch=-1.00Hz pitchCents=0.0
2025-12-14 07:53:59 [tracker] [s1] aubio-raw t=5.0200 onset=0.606222 env=0.000815 peak=0.002406 gain=1.000
2025-12-14 07:53:59 [tracker] [s1] onset t=5.020 env=0.00081 gate=0.00002 envDelta=0.00079 envFloor=0.00062 onset=0.606 thresh=0.006 onsetDelta=0.60022 baseline=0.00041 adaptive=0.00103 lastPeak=0.00000 guard=0.060 activeAge=-1.000 pitch=-1.00Hz pitchCents=0.0
2025-12-14 07:53:59 [tracker] [s5] onset t=5.076 env=0.00164 gate=0.00015 envDelta=0.00149 envFloor=0.00105 onset=1.168 thresh=0.016 onsetDelta=1.15206 baseline=0.00070 adaptive=0.00176 lastPeak=0.00000 guard=0.060 activeAge=-1.000 pitch=-1.00Hz pitchCents=0.0
2025-12-14 07:53:59 [tracker] [s1] aubio-raw t=5.1533 onset=0.989818 env=0.000679 peak=0.002035 gain=1.000
2025-12-14 07:53:59 [tracker] [s1] onset-accepted t=5.1533 env=0.000679 gate=0.000021 envDelta=0.000658 envFloor=0.000582 onset=0.989818 thresh=0.006000 onsetDelta=0.983818 baseline=0.000388 floor=0.000180 adapt=0.000970 lastPeak=0.000000 baseParam=0.000180 gateRatio=0.0550 envParam=0.000450 onsetScale=0.300 retriggerScale=1.400 guard=0.060 guardRemain=0.000 activeAge=-1.000 retrigRemain=0.000 pitchHz=-1.00 pitchCents=0.0
2025-12-14 07:53:59 [tracker] [s1] onset t=5.153 env=0.00068 gate=0.00002 envDelta=0.00066 envFloor=0.00058 onset=0.990 thresh=0.006 onsetDelta=0.98382 baseline=0.00039 adaptive=0.00097 lastPeak=0.00000 guard=0.060 activeAge=-1.000 pitch=-1.00Hz pitchCents=0.0
2025-12-14 07:53:59 [tracker] [s5] onset t=5.276 env=0.00157 gate=0.00016 envDelta=0.00141 envFloor=0.00112 onset=1.001 thresh=0.016 onsetDelta=0.98518 baseline=0.00075 adaptive=0.00187 lastPeak=0.00000 guard=0.060 activeAge=-1.000 pitch=-1.00Hz pitchCents=0.0
2025-12-14 07:53:59 [tracker] [s2] onset t=5.364 env=0.00189 gate=0.00001 envDelta=0.00188 envFloor=0.00099 onset=0.852 thresh=0.009 onsetDelta=0.84282 baseline=0.00066 adaptive=0.00165 lastPeak=0.00007 guard=0.060 activeAge=-1.000 pitch=-1.00Hz pitchCents=0.0
2025-12-14 07:53:59 [tracker] [s2] onset t=5.492 env=0.00136 gate=0.00001 envDelta=0.00136 envFloor=0.00098 onset=1.019 thresh=0.009 onsetDelta=1.01005 baseline=0.00065 adaptive=0.00163 lastPeak=0.00006 guard=0.060 activeAge=-1.000 pitch=-1.00Hz pitchCents=0.0
2025-12-14 07:53:59 [tracker] [s1] aubio-raw t=5.5213 onset=0.999877 env=0.000426 peak=0.001129 gain=1.000
2025-12-14 07:53:59 [tracker] [s1] onset-below-env-floor t=5.5213 env=0.000426 gate=0.000020 envDelta=0.000406 envFloor=0.000553 onset=0.999877 thresh=0.006000 onsetDelta=0.993877 baseline=0.000369 floor=0.000180 adapt=0.000922 lastPeak=0.000000 baseParam=0.000180 gateRatio=0.0550 envParam=0.000450 onsetScale=0.300 retriggerScale=1.400 guard=0.060 guardRemain=0.000 activeAge=-1.000 retrigRemain=0.000 pitchHz=190.48 pitchCents=1450.6
2025-12-14 07:53:59 [tracker] [s4] onset t=5.569 env=0.00159 gate=0.00011 envDelta=0.00149 envFloor=0.00096 onset=0.994 thresh=0.014 onsetDelta=0.98024 baseline=0.00064 adaptive=0.00161 lastPeak=0.00000 guard=0.060 activeAge=-1.000 pitch=-1.00Hz pitchCents=0.0
2025-12-14 07:53:59 [tracker] [s1] aubio-raw t=5.5986 onset=1.434959 env=0.000687 peak=0.001754 gain=1.000
2025-12-14 07:53:59 [tracker] [s1] onset-accepted t=5.5986 env=0.000687 gate=0.000021 envDelta=0.000666 envFloor=0.000568 onset=1.434959 thresh=0.006000 onsetDelta=1.428959 baseline=0.000379 floor=0.000180 adapt=0.000947 lastPeak=0.000000 baseParam=0.000180 gateRatio=0.0550 envParam=0.000450 onsetScale=0.300 retriggerScale=1.400 guard=0.060 guardRemain=0.000 activeAge=-1.000 retrigRemain=0.000 pitchHz=-1.00 pitchCents=0.0
2025-12-14 07:53:59 [tracker] [s1] onset t=5.599 env=0.00069 gate=0.00002 envDelta=0.00067 envFloor=0.00057 onset=1.435 thresh=0.006 onsetDelta=1.42896 baseline=0.00038 adaptive=0.00095 lastPeak=0.00000 guard=0.060 activeAge=-1.000 pitch=-1.00Hz pitchCents=0.0
2025-12-14 07:53:59 [tracker] [s3] onset t=5.599 env=0.00168 gate=0.00008 envDelta=0.00160 envFloor=0.00093 onset=1.249 thresh=0.012 onsetDelta=1.23718 baseline=0.00062 adaptive=0.00156 lastPeak=0.00000 guard=0.060 activeAge=-1.000 pitch=-1.00Hz pitchCents=0.0
2025-12-14 07:53:59 [tracker] [s1] aubio-raw t=5.6893 onset=1.211590 env=0.000971 peak=0.001826 gain=1.000
2025-12-14 07:53:59 [tracker] [s1] onset-accepted t=5.6893 env=0.000971 gate=0.000023 envDelta=0.000948 envFloor=0.000619 onset=1.211590 thresh=0.006000 onsetDelta=1.205590 baseline=0.000413 floor=0.000180 adapt=0.001032 lastPeak=0.000000 baseParam=0.000180 gateRatio=0.0550 envParam=0.000450 onsetScale=0.300 retriggerScale=1.400 guard=0.060 guardRemain=0.000 activeAge=-1.000 retrigRemain=0.000 pitchHz=-1.00 pitchCents=0.0
2025-12-14 07:53:59 [tracker] [s1] onset t=5.689 env=0.00097 gate=0.00002 envDelta=0.00095 envFloor=0.00062 onset=1.212 thresh=0.006 onsetDelta=1.20559 baseline=0.00041 adaptive=0.00103 lastPeak=0.00000 guard=0.060 activeAge=-1.000 pitch=-1.00Hz pitchCents=0.0
2025-12-14 07:53:59 [tracker] [s2] onset t=5.761 env=0.00152 gate=0.00001 envDelta=0.00151 envFloor=0.00106 onset=0.815 thresh=0.009 onsetDelta=0.80607 baseline=0.00071 adaptive=0.00177 lastPeak=0.00003 guard=0.060 activeAge=-1.000 pitch=727.31Hz pitchCents=3270.1
2025-12-14 07:53:59 [tracker] [s1] aubio-raw t=5.8626 onset=0.997387 env=0.001082 peak=0.002085 gain=1.000
2025-12-14 07:53:59 [tracker] [s1] onset-accepted t=5.8626 env=0.001082 gate=0.000023 envDelta=0.001060 envFloor=0.000618 onset=0.997387 thresh=0.006000 onsetDelta=0.991387 baseline=0.000412 floor=0.000180 adapt=0.001031 lastPeak=0.000000 baseParam=0.000180 gateRatio=0.0550 envParam=0.000450 onsetScale=0.300 retriggerScale=1.400 guard=0.060 guardRemain=0.000 activeAge=-1.000 retrigRemain=0.000 pitchHz=296.26 pitchCents=2215.2
2025-12-14 07:53:59 [tracker] [s1] onset t=5.863 env=0.00108 gate=0.00002 envDelta=0.00106 envFloor=0.00062 onset=0.997 thresh=0.006 onsetDelta=0.99139 baseline=0.00041 adaptive=0.00103 lastPeak=0.00000 guard=0.060 activeAge=-1.000 pitch=296.26Hz pitchCents=2215.2
2025-12-14 07:53:59 [tracker] [s2] onset t=5.873 env=0.00126 gate=0.00001 envDelta=0.00125 envFloor=0.00103 onset=0.834 thresh=0.009 onsetDelta=0.82460 baseline=0.00069 adaptive=0.00172 lastPeak=0.00003 guard=0.060 activeAge=-1.000 pitch=363.62Hz pitchCents=2069.9
2025-12-14 07:53:59 [tracker] [s5] onset t=5.889 env=0.00153 gate=0.00014 envDelta=0.00138 envFloor=0.00102 onset=0.669 thresh=0.016 onsetDelta=0.65296 baseline=0.00068 adaptive=0.00170 lastPeak=0.00000 guard=0.060 activeAge=-1.000 pitch=-1.00Hz pitchCents=0.0
2025-12-14 07:54:00 [tracker] [s3] onset t=5.932 env=0.00164 gate=0.00007 envDelta=0.00157 envFloor=0.00085 onset=0.997 thresh=0.012 onsetDelta=0.98558 baseline=0.00057 adaptive=0.00142 lastPeak=0.00000 guard=0.060 activeAge=-1.000 pitch=-1.00Hz pitchCents=0.0
2025-12-14 07:54:00 [tracker] [s6] onset t=5.999 env=0.00206 gate=0.00020 envDelta=0.00186 envFloor=0.00122 onset=1.090 thresh=0.018 onsetDelta=1.07225 baseline=0.00081 adaptive=0.00204 lastPeak=0.00000 guard=0.060 activeAge=-1.000 pitch=-1.00Hz pitchCents=0.0
2025-12-14 07:54:00 [tracker] [s2] onset t=6.031 env=0.00202 gate=0.00001 envDelta=0.00201 envFloor=0.00108 onset=1.240 thresh=0.009 onsetDelta=1.23136 baseline=0.00072 adaptive=0.00181 lastPeak=0.00002 guard=0.060 activeAge=-1.000 pitch=-1.00Hz pitchCents=0.0
2025-12-14 07:54:00 [tracker] [s5] onset t=6.044 env=0.00171 gate=0.00015 envDelta=0.00155 envFloor=0.00110 onset=0.964 thresh=0.016 onsetDelta=0.94778 baseline=0.00073 adaptive=0.00183 lastPeak=0.00000 guard=0.060 activeAge=-1.000 pitch=-1.00Hz pitchCents=0.0
2025-12-14 07:54:00 [tracker] [s6] onset t=6.092 env=0.00212 gate=0.00022 envDelta=0.00190 envFloor=0.00134 onset=1.317 thresh=0.018 onsetDelta=1.29854 baseline=0.00089 adaptive=0.00223 lastPeak=0.00000 guard=0.060 activeAge=-1.000 pitch=-1.00Hz pitchCents=0.0
2025-12-14 07:54:00 [tracker] [s5] onset t=6.151 env=0.00195 gate=0.00016 envDelta=0.00180 envFloor=0.00114 onset=1.124 thresh=0.016 onsetDelta=1.10801 baseline=0.00076 adaptive=0.00189 lastPeak=0.00000 guard=0.060 activeAge=-1.000 pitch=-1.00Hz pitchCents=0.0
2025-12-14 07:54:00 [tracker] [s5] onset t=6.241 env=0.00119 gate=0.00015 envDelta=0.00104 envFloor=0.00105 onset=0.998 thresh=0.016 onsetDelta=0.98189 baseline=0.00070 adaptive=0.00175 lastPeak=0.00000 guard=0.060 activeAge=-1.000 pitch=-1.00Hz pitchCents=0.0
2025-12-14 07:54:00 [tracker] [s6] onset t=6.375 env=0.00175 gate=0.00021 envDelta=0.00154 envFloor=0.00126 onset=1.053 thresh=0.018 onsetDelta=1.03480 baseline=0.00084 adaptive=0.00211 lastPeak=0.00000 guard=0.060 activeAge=-1.000 pitch=-1.00Hz pitchCents=0.0
2025-12-14 07:54:00 [tracker] [s2] onset t=6.385 env=0.00099 gate=0.00001 envDelta=0.00099 envFloor=0.00095 onset=1.098 thresh=0.009 onsetDelta=1.08931 baseline=0.00063 adaptive=0.00158 lastPeak=0.00001 guard=0.060 activeAge=-1.000 pitch=94.11Hz pitchCents=-270.0
2025-12-14 07:54:00 [tracker] [s1] aubio-raw t=6.4092 onset=0.998476 env=0.000903 peak=0.001957 gain=1.000
2025-12-14 07:54:00 [tracker] [s1] onset-accepted t=6.4092 env=0.000903 gate=0.000024 envDelta=0.000879 envFloor=0.000658 onset=0.998476 thresh=0.006000 onsetDelta=0.992476 baseline=0.000439 floor=0.000180 adapt=0.001097 lastPeak=0.000000 baseParam=0.000180 gateRatio=0.0550 envParam=0.000450 onsetScale=0.300 retriggerScale=1.400 guard=0.060 guardRemain=0.000 activeAge=-1.000 retrigRemain=0.000 pitchHz=-1.00 pitchCents=0.0
2025-12-14 07:54:00 [tracker] [s1] onset t=6.409 env=0.00090 gate=0.00002 envDelta=0.00088 envFloor=0.00066 onset=0.998 thresh=0.006 onsetDelta=0.99248 baseline=0.00044 adaptive=0.00110 lastPeak=0.00000 guard=0.060 activeAge=-1.000 pitch=-1.00Hz pitchCents=0.0
2025-12-14 07:54:00 [tracker] [s1] aubio-raw t=6.4705 onset=1.067791 env=0.000965 peak=0.002002 gain=1.000
2025-12-14 07:54:00 [tracker] [s1] onset-accepted t=6.4705 env=0.000965 gate=0.000025 envDelta=0.000940 envFloor=0.000686 onset=1.067791 thresh=0.006000 onsetDelta=1.061791 baseline=0.000457 floor=0.000180 adapt=0.001143 lastPeak=0.000000 baseParam=0.000180 gateRatio=0.0550 envParam=0.000450 onsetScale=0.300 retriggerScale=1.400 guard=0.060 guardRemain=0.000 activeAge=-1.000 retrigRemain=0.000 pitchHz=400.01 pitchCents=2735.1
2025-12-14 07:54:00 [tracker] [s1] onset t=6.471 env=0.00096 gate=0.00003 envDelta=0.00094 envFloor=0.00069 onset=1.068 thresh=0.006 onsetDelta=1.06179 baseline=0.00046 adaptive=0.00114 lastPeak=0.00000 guard=0.060 activeAge=-1.000 pitch=400.01Hz pitchCents=2735.1
2025-12-14 07:54:00 [tracker] [s4] onset t=6.497 env=0.00165 gate=0.00011 envDelta=0.00154 envFloor=0.00101 onset=0.754 thresh=0.014 onsetDelta=0.74022 baseline=0.00067 adaptive=0.00169 lastPeak=0.00000 guard=0.060 activeAge=-1.000 pitch=-1.00Hz pitchCents=0.0
2025-12-14 07:54:00 [tracker] [s6] onset t=6.559 env=0.00180 gate=0.00021 envDelta=0.00159 envFloor=0.00125 onset=1.002 thresh=0.018 onsetDelta=0.98389 baseline=0.00083 adaptive=0.00208 lastPeak=0.00000 guard=0.060 activeAge=-1.000 pitch=-1.00Hz pitchCents=0.0
2025-12-14 07:54:00 [tracker] [s5] onset t=6.777 env=0.00177 gate=0.00015 envDelta=0.00162 envFloor=0.00107 onset=0.628 thresh=0.016 onsetDelta=0.61210 baseline=0.00071 adaptive=0.00178 lastPeak=0.00000 guard=0.060 activeAge=-1.000 pitch=-1.00Hz pitchCents=0.0
2025-12-14 07:54:00 [tracker] [s3] onset t=6.836 env=0.00152 gate=0.00008 envDelta=0.00143 envFloor=0.00095 onset=0.995 thresh=0.012 onsetDelta=0.98331 baseline=0.00063 adaptive=0.00158 lastPeak=0.00000 guard=0.060 activeAge=-1.000 pitch=-1.00Hz pitchCents=0.0
2025-12-14 07:54:00 [tracker] [s5] onset t=6.905 env=0.00149 gate=0.00015 envDelta=0.00134 envFloor=0.00109 onset=1.137 thresh=0.016 onsetDelta=1.12051 baseline=0.00073 adaptive=0.00182 lastPeak=0.00000 guard=0.060 activeAge=-1.000 pitch=-1.00Hz pitchCents=0.0
2025-12-14 07:54:01 [tracker] [s1] aubio-raw t=6.9452 onset=0.998064 env=0.000555 peak=0.001639 gain=1.000
2025-12-14 07:54:01 [tracker] [s1] onset-below-env-floor t=6.9452 env=0.000555 gate=0.000023 envDelta=0.000532 envFloor=0.000631 onset=0.998064 thresh=0.006000 onsetDelta=0.992064 baseline=0.000420 floor=0.000180 adapt=0.001051 lastPeak=0.000000 baseParam=0.000180 gateRatio=0.0550 envParam=0.000450 onsetScale=0.300 retriggerScale=1.400 guard=0.060 guardRemain=0.000 activeAge=-1.000 retrigRemain=0.000 pitchHz=-1.00 pitchCents=0.0
2025-12-14 07:54:01 [tracker] [s1] aubio-raw t=7.0038 onset=0.971844 env=0.000919 peak=0.002567 gain=1.000
2025-12-14 07:54:01 [tracker] [s1] onset-accepted t=7.0038 env=0.000919 gate=0.000023 envDelta=0.000896 envFloor=0.000639 onset=0.971844 thresh=0.006000 onsetDelta=0.965844 baseline=0.000426 floor=0.000180 adapt=0.001065 lastPeak=0.000000 baseParam=0.000180 gateRatio=0.0550 envParam=0.000450 onsetScale=0.300 retriggerScale=1.400 guard=0.060 guardRemain=0.000 activeAge=-1.000 retrigRemain=0.000 pitchHz=115.93 pitchCents=590.9
2025-12-14 07:54:01 [tracker] [s1] onset t=7.004 env=0.00092 gate=0.00002 envDelta=0.00090 envFloor=0.00064 onset=0.972 thresh=0.006 onsetDelta=0.96584 baseline=0.00043 adaptive=0.00106 lastPeak=0.00000 guard=0.060 activeAge=-1.000 pitch=115.93Hz pitchCents=590.9
2025-12-14 07:54:01 [tracker] [s6] onset t=7.145 env=0.00244 gate=0.00021 envDelta=0.00222 envFloor=0.00128 onset=0.998 thresh=0.018 onsetDelta=0.97976 baseline=0.00086 adaptive=0.00214 lastPeak=0.00000 guard=0.060 activeAge=-1.000 pitch=-1.00Hz pitchCents=0.0
2025-12-14 07:54:01 [tracker] [s5] onset t=7.270 env=0.00165 gate=0.00016 envDelta=0.00150 envFloor=0.00112 onset=0.994 thresh=0.016 onsetDelta=0.97833 baseline=0.00074 adaptive=0.00186 lastPeak=0.00000 guard=0.060 activeAge=-1.000 pitch=-1.00Hz pitchCents=0.0
2025-12-14 07:54:01 [tracker] [s4] onset t=7.409 env=0.00121 gate=0.00011 envDelta=0.00110 envFloor=0.00093 onset=1.152 thresh=0.014 onsetDelta=1.13772 baseline=0.00062 adaptive=0.00155 lastPeak=0.00000 guard=0.060 activeAge=-1.000 pitch=-1.00Hz pitchCents=0.0
2025-12-14 07:54:01 [tracker] [s5] onset t=7.457 env=0.00196 gate=0.00015 envDelta=0.00182 envFloor=0.00104 onset=1.174 thresh=0.016 onsetDelta=1.15837 baseline=0.00069 adaptive=0.00173 lastPeak=0.00000 guard=0.060 activeAge=-1.000 pitch=-1.00Hz pitchCents=0.0
2025-12-14 07:54:01 [tracker] [s5] onset t=7.638 env=0.00163 gate=0.00016 envDelta=0.00147 envFloor=0.00114 onset=1.246 thresh=0.016 onsetDelta=1.22971 baseline=0.00076 adaptive=0.00190 lastPeak=0.00000 guard=0.060 activeAge=-1.000 pitch=-1.00Hz pitchCents=0.0
2025-12-14 07:54:01 [tracker] [s4] onset t=7.646 env=0.00153 gate=0.00012 envDelta=0.00141 envFloor=0.00103 onset=1.114 thresh=0.014 onsetDelta=1.09986 baseline=0.00068 adaptive=0.00171 lastPeak=0.00000 guard=0.060 activeAge=-1.000 pitch=-1.00Hz pitchCents=0.0
2025-12-14 07:54:01 [tracker] [s3] onset t=7.742 env=0.00120 gate=0.00008 envDelta=0.00112 envFloor=0.00089 onset=0.910 thresh=0.012 onsetDelta=0.89820 baseline=0.00060 adaptive=0.00149 lastPeak=0.00000 guard=0.060 activeAge=-1.000 pitch=-1.00Hz pitchCents=0.0
2025-12-14 07:54:01 [tracker] [s4] onset t=7.793 env=0.00160 gate=0.00011 envDelta=0.00149 envFloor=0.00096 onset=0.888 thresh=0.014 onsetDelta=0.87407 baseline=0.00064 adaptive=0.00159 lastPeak=0.00000 guard=0.060 activeAge=-1.000 pitch=-1.00Hz pitchCents=0.0
2025-12-14 07:54:01 [tracker] [s1] aubio-raw t=7.8118 onset=0.997003 env=0.000562 peak=0.001498 gain=1.000
2025-12-14 07:54:01 [tracker] [s1] onset-below-env-floor t=7.8118 env=0.000562 gate=0.000021 envDelta=0.000541 envFloor=0.000566 onset=0.997003 thresh=0.006000 onsetDelta=0.991003 baseline=0.000378 floor=0.000180 adapt=0.000944 lastPeak=0.000000 baseParam=0.000180 gateRatio=0.0550 envParam=0.000450 onsetScale=0.300 retriggerScale=1.400 guard=0.060 guardRemain=0.000 activeAge=-1.000 retrigRemain=0.000 pitchHz=421.22 pitchCents=2824.5
2025-12-14 07:54:02 [tracker] [s1] aubio-raw t=7.9878 onset=0.777516 env=0.000633 peak=0.001456 gain=1.000
2025-12-14 07:54:02 [tracker] [s1] onset-below-env-floor t=7.9878 env=0.000633 gate=0.000025 envDelta=0.000609 envFloor=0.000679 onset=0.777516 thresh=0.006000 onsetDelta=0.771516 baseline=0.000453 floor=0.000180 adapt=0.001132 lastPeak=0.000000 baseParam=0.000180 gateRatio=0.0550 envParam=0.000450 onsetScale=0.300 retriggerScale=1.400 guard=0.060 guardRemain=0.000 activeAge=-1.000 retrigRemain=0.000 pitchHz=-1.00 pitchCents=0.0
2025-12-14 07:54:02 [tracker] [s4] onset t=8.188 env=0.00143 gate=0.00011 envDelta=0.00132 envFloor=0.00095 onset=0.888 thresh=0.014 onsetDelta=0.87420 baseline=0.00063 adaptive=0.00158 lastPeak=0.00000 guard=0.060 activeAge=-1.000 pitch=-1.00Hz pitchCents=0.0
2025-12-14 07:54:02 [tracker] [s2] onset t=8.273 env=0.00175 gate=0.00001 envDelta=0.00174 envFloor=0.00103 onset=0.999 thresh=0.009 onsetDelta=0.98970 baseline=0.00069 adaptive=0.00172 lastPeak=0.00000 guard=0.060 activeAge=-1.000 pitch=-1.00Hz pitchCents=0.0
2025-12-14 07:54:02 [tracker] [s2] onset t=8.334 env=0.00118 gate=0.00001 envDelta=0.00117 envFloor=0.00109 onset=1.108 thresh=0.009 onsetDelta=1.09862 baseline=0.00072 adaptive=0.00181 lastPeak=0.00000 guard=0.060 activeAge=-1.000 pitch=-1.00Hz pitchCents=0.0
2025-12-14 07:54:02 [tracker] [s6] onset t=8.436 env=0.00171 gate=0.00022 envDelta=0.00149 envFloor=0.00130 onset=1.163 thresh=0.018 onsetDelta=1.14475 baseline=0.00087 adaptive=0.00216 lastPeak=0.00000 guard=0.060 activeAge=-1.000 pitch=-1.00Hz pitchCents=0.0
2025-12-14 07:54:02 [tracker] [s2] onset t=8.460 env=0.00110 gate=0.00001 envDelta=0.00109 envFloor=0.00106 onset=0.930 thresh=0.009 onsetDelta=0.92087 baseline=0.00071 adaptive=0.00176 lastPeak=0.00000 guard=0.060 activeAge=-1.000 pitch=500.13Hz pitchCents=2621.8
2025-12-14 07:54:02 [tracker] [s2] note-start t=8.460 fret=0 midi=45 vel=0.01 env=0.00110
2025-12-14 07:54:02 [tracker] [s4] onset t=8.558 env=0.00111 gate=0.00011 envDelta=0.00100 envFloor=0.00095 onset=0.994 thresh=0.014 onsetDelta=0.97953 baseline=0.00064 adaptive=0.00159 lastPeak=0.00000 guard=0.060 activeAge=-1.000 pitch=-1.00Hz pitchCents=0.0
2025-12-14 07:54:02 [tracker] [s2] onset t=8.572 env=0.00181 gate=0.00001 envDelta=0.00180 envFloor=0.00104 onset=0.596 thresh=0.009 onsetDelta=0.58665 baseline=0.00080 adaptive=0.00174 lastPeak=0.00089 guard=0.060 activeAge=0.112 pitch=-1.00Hz pitchCents=0.0
2025-12-14 07:54:02 [tracker] [s2] note-ended (new onset) t=8.572 fret=0 dur=0.112
2025-12-14 07:54:02 [tracker] [s3] onset t=8.673 env=0.00189 gate=0.00009 envDelta=0.00181 envFloor=0.00100 onset=0.996 thresh=0.012 onsetDelta=0.98484 baseline=0.00067 adaptive=0.00167 lastPeak=0.00000 guard=0.060 activeAge=-1.000 pitch=-1.00Hz pitchCents=0.0
2025-12-14 07:54:02 [tracker] [s2] onset t=8.742 env=0.00115 gate=0.00001 envDelta=0.00114 envFloor=0.00099 onset=1.283 thresh=0.009 onsetDelta=1.27398 baseline=0.00066 adaptive=0.00166 lastPeak=0.00064 guard=0.060 activeAge=-1.000 pitch=-1.00Hz pitchCents=0.0
2025-12-14 07:54:02 [tracker] [s6] onset t=8.878 env=0.00210 gate=0.00020 envDelta=0.00190 envFloor=0.00123 onset=1.102 thresh=0.018 onsetDelta=1.08404 baseline=0.00082 adaptive=0.00204 lastPeak=0.00000 guard=0.060 activeAge=-1.000 pitch=-1.00Hz pitchCents=0.0
2025-12-14 07:54:02 [tracker] [s4] onset t=8.892 env=0.00130 gate=0.00011 envDelta=0.00119 envFloor=0.00094 onset=0.994 thresh=0.014 onsetDelta=0.98008 baseline=0.00062 adaptive=0.00156 lastPeak=0.00000 guard=0.060 activeAge=-1.000 pitch=-1.00Hz pitchCents=0.0
2025-12-14 07:54:03 [tracker] [s2] onset t=8.982 env=0.00140 gate=0.00001 envDelta=0.00139 envFloor=0.00105 onset=1.437 thresh=0.009 onsetDelta=1.42756 baseline=0.00070 adaptive=0.00175 lastPeak=0.00041 guard=0.060 activeAge=-1.000 pitch=-1.00Hz pitchCents=0.0
2025-12-14 07:54:03 [tracker] [s1] aubio-raw t=8.9930 onset=1.101677 env=0.000713 peak=0.001638 gain=1.000
2025-12-14 07:54:03 [tracker] [s1] onset-accepted t=8.9930 env=0.000713 gate=0.000024 envDelta=0.000689 envFloor=0.000652 onset=1.101677 thresh=0.006000 onsetDelta=1.095677 baseline=0.000435 floor=0.000180 adapt=0.001087 lastPeak=0.000000 baseParam=0.000180 gateRatio=0.0550 envParam=0.000450 onsetScale=0.300 retriggerScale=1.400 guard=0.060 guardRemain=0.000 activeAge=-1.000 retrigRemain=0.000 pitchHz=97.56 pitchCents=292.2
2025-12-14 07:54:03 [tracker] [s1] onset t=8.993 env=0.00071 gate=0.00002 envDelta=0.00069 envFloor=0.00065 onset=1.102 thresh=0.006 onsetDelta=1.09568 baseline=0.00043 adaptive=0.00109 lastPeak=0.00000 guard=0.060 activeAge=-1.000 pitch=97.56Hz pitchCents=292.2
2025-12-14 07:54:03 [tracker] [s5] onset t=9.084 env=0.00174 gate=0.00016 envDelta=0.00158 envFloor=0.00111 onset=0.977 thresh=0.016 onsetDelta=0.96132 baseline=0.00074 adaptive=0.00186 lastPeak=0.00000 guard=0.060 activeAge=-1.000 pitch=-1.00Hz pitchCents=0.0
2025-12-14 07:54:03 [tracker] [s1] aubio-raw t=9.1503 onset=0.964574 env=0.000719 peak=0.002238 gain=1.000
2025-12-14 07:54:03 [tracker] [s1] onset-accepted t=9.1503 env=0.000719 gate=0.000021 envDelta=0.000698 envFloor=0.000564 onset=0.964574 thresh=0.006000 onsetDelta=0.958574 baseline=0.000376 floor=0.000180 adapt=0.000940 lastPeak=0.000000 baseParam=0.000180 gateRatio=0.0550 envParam=0.000450 onsetScale=0.300 retriggerScale=1.400 guard=0.060 guardRemain=0.000 activeAge=-1.000 retrigRemain=0.000 pitchHz=95.24 pitchCents=250.5
2025-12-14 07:54:03 [tracker] [s1] onset t=9.150 env=0.00072 gate=0.00002 envDelta=0.00070 envFloor=0.00056 onset=0.965 thresh=0.006 onsetDelta=0.95857 baseline=0.00038 adaptive=0.00094 lastPeak=0.00000 guard=0.060 activeAge=-1.000 pitch=95.24Hz pitchCents=250.5
2025-12-14 07:54:03 [tracker] [s6] onset t=9.270 env=0.00166 gate=0.00020 envDelta=0.00146 envFloor=0.00122 onset=1.026 thresh=0.018 onsetDelta=1.00768 baseline=0.00081 adaptive=0.00204 lastPeak=0.00000 guard=0.060 activeAge=-1.000 pitch=-1.00Hz pitchCents=0.0
2025-12-14 07:54:03 [tracker] [s2] onset t=9.406 env=0.00191 gate=0.00001 envDelta=0.00191 envFloor=0.00104 onset=1.008 thresh=0.009 onsetDelta=0.99922 baseline=0.00069 adaptive=0.00173 lastPeak=0.00018 guard=0.060 activeAge=-1.000 pitch=-1.00Hz pitchCents=0.0
2025-12-14 07:54:03 [tracker] [s4] onset t=9.460 env=0.00197 gate=0.00012 envDelta=0.00185 envFloor=0.00102 onset=1.351 thresh=0.014 onsetDelta=1.33672 baseline=0.00068 adaptive=0.00170 lastPeak=0.00000 guard=0.060 activeAge=-1.000 pitch=-1.00Hz pitchCents=0.0
2025-12-14 07:54:03 [tracker] [s1] aubio-raw t=9.4756 onset=1.208456 env=0.001228 peak=0.002767 gain=1.000
2025-12-14 07:54:03 [tracker] [s1] onset-accepted t=9.4756 env=0.001228 gate=0.000025 envDelta=0.001203 envFloor=0.000677 onset=1.208456 thresh=0.006000 onsetDelta=1.202456 baseline=0.000451 floor=0.000180 adapt=0.001128 lastPeak=0.000000 baseParam=0.000180 gateRatio=0.0550 envParam=0.000450 onsetScale=0.300 retriggerScale=1.400 guard=0.060 guardRemain=0.000 activeAge=-1.000 retrigRemain=0.000 pitchHz=-1.00 pitchCents=0.0
2025-12-14 07:54:03 [tracker] [s1] onset t=9.476 env=0.00123 gate=0.00002 envDelta=0.00120 envFloor=0.00068 onset=1.208 thresh=0.006 onsetDelta=1.20246 baseline=0.00045 adaptive=0.00113 lastPeak=0.00000 guard=0.060 activeAge=-1.000 pitch=-1.00Hz pitchCents=0.0
2025-12-14 07:54:03 [tracker] [s6] onset t=9.481 env=0.00207 gate=0.00021 envDelta=0.00186 envFloor=0.00129 onset=0.962 thresh=0.018 onsetDelta=0.94365 baseline=0.00086 adaptive=0.00214 lastPeak=0.00000 guard=0.060 activeAge=-1.000 pitch=-1.00Hz pitchCents=0.0
2025-12-14 07:54:03 [tracker] [s3] onset t=9.564 env=0.00154 gate=0.00008 envDelta=0.00146 envFloor=0.00093 onset=0.894 thresh=0.012 onsetDelta=0.88215 baseline=0.00062 adaptive=0.00155 lastPeak=0.00000 guard=0.060 activeAge=-1.000 pitch=-1.00Hz pitchCents=0.0
2025-12-14 07:54:03 [tracker] [s6] onset t=9.614 env=0.00189 gate=0.00021 envDelta=0.00168 envFloor=0.00125 onset=0.797 thresh=0.018 onsetDelta=0.77886 baseline=0.00084 adaptive=0.00209 lastPeak=0.00000 guard=0.060 activeAge=-1.000 pitch=-1.00Hz pitchCents=0.0
2025-12-14 07:54:03 [tracker] [s3] onset t=9.665 env=0.00120 gate=0.00008 envDelta=0.00112 envFloor=0.00088 onset=0.981 thresh=0.012 onsetDelta=0.96911 baseline=0.00059 adaptive=0.00147 lastPeak=0.00000 guard=0.060 activeAge=-1.000 pitch=-1.00Hz pitchCents=0.0
2025-12-14 07:54:03 [tracker] [s6] onset t=9.692 env=0.00156 gate=0.00020 envDelta=0.00137 envFloor=0.00117 onset=1.004 thresh=0.018 onsetDelta=0.98584 baseline=0.00078 adaptive=0.00195 lastPeak=0.00000 guard=0.060 activeAge=-1.000 pitch=-1.00Hz pitchCents=0.0
2025-12-14 07:54:03 [tracker] [s1] aubio-raw t=9.7743 onset=0.999101 env=0.000712 peak=0.001720 gain=1.000
2025-12-14 07:54:03 [tracker] [s1] onset-accepted t=9.7743 env=0.000712 gate=0.000023 envDelta=0.000689 envFloor=0.000623 onset=0.999101 thresh=0.006000 onsetDelta=0.993101 baseline=0.000415 floor=0.000180 adapt=0.001039 lastPeak=0.000000 baseParam=0.000180 gateRatio=0.0550 envParam=0.000450 onsetScale=0.300 retriggerScale=1.400 guard=0.060 guardRemain=0.000 activeAge=-1.000 retrigRemain=0.000 pitchHz=94.11 pitchCents=230.0
2025-12-14 07:54:03 [tracker] [s1] onset t=9.774 env=0.00071 gate=0.00002 envDelta=0.00069 envFloor=0.00062 onset=0.999 thresh=0.006 onsetDelta=0.99310 baseline=0.00042 adaptive=0.00104 lastPeak=0.00000 guard=0.060 activeAge=-1.000 pitch=94.11Hz pitchCents=230.0
2025-12-14 07:54:04 [tracker] [s5] onset t=9.964 env=0.00162 gate=0.00015 envDelta=0.00146 envFloor=0.00110 onset=0.997 thresh=0.016 onsetDelta=0.98117 baseline=0.00073 adaptive=0.00183 lastPeak=0.00000 guard=0.060 activeAge=-1.000 pitch=-1.00Hz pitchCents=0.0
2025-12-14 07:54:04 [tracker] [s6] onset t=9.998 env=0.00211 gate=0.00021 envDelta=0.00190 envFloor=0.00127 onset=1.022 thresh=0.018 onsetDelta=1.00411 baseline=0.00085 adaptive=0.00211 lastPeak=0.00000 guard=0.060 activeAge=-1.000 pitch=-1.00Hz pitchCents=0.0
2025-12-14 07:54:04 [tracker] [s3] onset t=10.014 env=0.00128 gate=0.00008 envDelta=0.00120 envFloor=0.00092 onset=0.999 thresh=0.012 onsetDelta=0.98735 baseline=0.00061 adaptive=0.00154 lastPeak=0.00000 guard=0.060 activeAge=-1.000 pitch=-1.00Hz pitchCents=0.0
2025-12-14 07:54:04 [tracker] [s4] onset t=10.025 env=0.00154 gate=0.00011 envDelta=0.00143 envFloor=0.00099 onset=0.967 thresh=0.014 onsetDelta=0.95316 baseline=0.00066 adaptive=0.00165 lastPeak=0.00000 guard=0.060 activeAge=-1.000 pitch=-1.00Hz pitchCents=0.0
2025-12-14 07:54:04 [tracker] [s6] onset t=10.081 env=0.00191 gate=0.00019 envDelta=0.00172 envFloor=0.00116 onset=0.616 thresh=0.018 onsetDelta=0.59831 baseline=0.00077 adaptive=0.00193 lastPeak=0.00000 guard=0.060 activeAge=-1.000 pitch=-1.00Hz pitchCents=0.0
2025-12-14 07:54:04 [tracker] [s2] onset t=10.084 env=0.00146 gate=0.00001 envDelta=0.00145 envFloor=0.00097 onset=0.876 thresh=0.009 onsetDelta=0.86697 baseline=0.00065 adaptive=0.00162 lastPeak=0.00005 guard=0.060 activeAge=-1.000 pitch=571.52Hz pitchCents=2852.8
2025-12-14 07:54:04 [tracker] [s2] note-start t=10.084 fret=24 midi=69 vel=0.02 env=0.00146
2025-12-14 07:54:04 [tracker] [s1] aubio-raw t=10.0889 onset=0.994777 env=0.001149 peak=0.002662 gain=1.000
2025-12-14 07:54:04 [tracker] [s1] onset-accepted t=10.0889 env=0.001149 gate=0.000023 envDelta=0.001126 envFloor=0.000638 onset=0.994777 thresh=0.006000 onsetDelta=0.988777 baseline=0.000425 floor=0.000180 adapt=0.001063 lastPeak=0.000000 baseParam=0.000180 gateRatio=0.0550 envParam=0.000450 onsetScale=0.300 retriggerScale=1.400 guard=0.060 guardRemain=0.000 activeAge=-1.000 retrigRemain=0.000 pitchHz=210.51 pitchCents=1623.7
2025-12-14 07:54:04 [tracker] [s1] onset t=10.089 env=0.00115 gate=0.00002 envDelta=0.00113 envFloor=0.00064 onset=0.995 thresh=0.006 onsetDelta=0.98878 baseline=0.00043 adaptive=0.00106 lastPeak=0.00000 guard=0.060 activeAge=-1.000 pitch=210.51Hz pitchCents=1623.7
2025-12-14 07:54:04 [tracker] [s5] onset t=10.102 env=0.00170 gate=0.00014 envDelta=0.00156 envFloor=0.00098 onset=1.076 thresh=0.016 onsetDelta=1.06049 baseline=0.00065 adaptive=0.00164 lastPeak=0.00000 guard=0.060 activeAge=-1.000 pitch=-1.00Hz pitchCents=0.0
2025-12-14 07:54:04 [tracker] [s3] onset t=10.126 env=0.00100 gate=0.00008 envDelta=0.00092 envFloor=0.00088 onset=0.930 thresh=0.012 onsetDelta=0.91851 baseline=0.00059 adaptive=0.00147 lastPeak=0.00000 guard=0.060 activeAge=-1.000 pitch=-1.00Hz pitchCents=0.0
2025-12-14 07:54:04 [tracker] [s1] aubio-raw t=10.2569 onset=0.996803 env=0.001167 peak=0.002089 gain=1.000
2025-12-14 07:54:04 [tracker] [s1] onset-accepted t=10.2569 env=0.001167 gate=0.000024 envDelta=0.001143 envFloor=0.000654 onset=0.996803 thresh=0.006000 onsetDelta=0.990803 baseline=0.000436 floor=0.000180 adapt=0.001090 lastPeak=0.000000 baseParam=0.000180 gateRatio=0.0550 envParam=0.000450 onsetScale=0.300 retriggerScale=1.400 guard=0.060 guardRemain=0.000 activeAge=-1.000 retrigRemain=0.000 pitchHz=-1.00 pitchCents=0.0
2025-12-14 07:54:04 [tracker] [s1] onset t=10.257 env=0.00117 gate=0.00002 envDelta=0.00114 envFloor=0.00065 onset=0.997 thresh=0.006 onsetDelta=0.99080 baseline=0.00044 adaptive=0.00109 lastPeak=0.00000 guard=0.060 activeAge=-1.000 pitch=-1.00Hz pitchCents=0.0
2025-12-14 07:54:04 [tracker] [s6] onset t=10.289 env=0.00191 gate=0.00022 envDelta=0.00169 envFloor=0.00131 onset=1.312 thresh=0.018 onsetDelta=1.29425 baseline=0.00087 adaptive=0.00218 lastPeak=0.00000 guard=0.060 activeAge=-1.000 pitch=-1.00Hz pitchCents=0.0
2025-12-14 07:54:04 [tracker] [s2] onset t=10.364 env=0.00180 gate=0.00001 envDelta=0.00179 envFloor=0.00105 onset=1.117 thresh=0.009 onsetDelta=1.10809 baseline=0.00077 adaptive=0.00174 lastPeak=0.00086 guard=0.060 activeAge=0.280 pitch=-1.00Hz pitchCents=0.0
2025-12-14 07:54:04 [tracker] [s2] note-ended (new onset) t=10.364 fret=24 dur=0.280
2025-12-14 07:54:04 [tracker] [s5] onset t=10.374 env=0.00154 gate=0.00015 envDelta=0.00139 envFloor=0.00109 onset=1.004 thresh=0.016 onsetDelta=0.98778 baseline=0.00073 adaptive=0.00181 lastPeak=0.00000 guard=0.060 activeAge=-1.000 pitch=-1.00Hz pitchCents=0.0
2025-12-14 07:54:04 [tracker] [s1] aubio-raw t=10.5076 onset=1.146987 env=0.000779 peak=0.002332 gain=1.000
2025-12-14 07:54:04 [tracker] [s1] onset-accepted t=10.5076 env=0.000779 gate=0.000023 envDelta=0.000756 envFloor=0.000617 onset=1.146987 thresh=0.006000 onsetDelta=1.140987 baseline=0.000411 floor=0.000180 adapt=0.001028 lastPeak=0.000000 baseParam=0.000180 gateRatio=0.0550 envParam=0.000450 onsetScale=0.300 retriggerScale=1.400 guard=0.060 guardRemain=0.000 activeAge=-1.000 retrigRemain=0.000 pitchHz=-1.00 pitchCents=0.0
2025-12-14 07:54:04 [tracker] [s1] onset t=10.508 env=0.00078 gate=0.00002 envDelta=0.00076 envFloor=0.00062 onset=1.147 thresh=0.006 onsetDelta=1.14099 baseline=0.00041 adaptive=0.00103 lastPeak=0.00000 guard=0.060 activeAge=-1.000 pitch=-1.00Hz pitchCents=0.0
2025-12-14 07:54:04 [tracker] [s1] aubio-raw t=10.5742 onset=1.454120 env=0.000763 peak=0.002108 gain=1.000
2025-12-14 07:54:04 [tracker] [s1] onset-accepted t=10.5742 env=0.000763 gate=0.000022 envDelta=0.000741 envFloor=0.000602 onset=1.454120 thresh=0.006000 onsetDelta=1.448120 baseline=0.000401 floor=0.000180 adapt=0.001003 lastPeak=0.000000 baseParam=0.000180 gateRatio=0.0550 envParam=0.000450 onsetScale=0.300 retriggerScale=1.400 guard=0.060 guardRemain=0.000 activeAge=-1.000 retrigRemain=0.000 pitchHz=-1.00 pitchCents=0.0
2025-12-14 07:54:04 [tracker] [s3] onset t=10.574 env=0.00136 gate=0.00008 envDelta=0.00127 envFloor=0.00097 onset=0.639 thresh=0.012 onsetDelta=0.62767 baseline=0.00064 adaptive=0.00161 lastPeak=0.00000 guard=0.060 activeAge=-1.000 pitch=-1.00Hz pitchCents=0.0
2025-12-14 07:54:04 [tracker] [s2] onset t=10.601 env=0.00146 gate=0.00001 envDelta=0.00146 envFloor=0.00098 onset=0.996 thresh=0.009 onsetDelta=0.98696 baseline=0.00065 adaptive=0.00163 lastPeak=0.00055 guard=0.060 activeAge=-1.000 pitch=-1.00Hz pitchCents=0.0
2025-12-14 07:54:04 [tracker] [s6] onset t=10.684 env=0.00199 gate=0.00022 envDelta=0.00176 envFloor=0.00134 onset=1.464 thresh=0.018 onsetDelta=1.44586 baseline=0.00089 adaptive=0.00223 lastPeak=0.00000 guard=0.060 activeAge=-1.000 pitch=-1.00Hz pitchCents=0.0
2025-12-14 07:54:04 [tracker] [s1] aubio-raw t=10.7076 onset=0.956352 env=0.000658 peak=0.001870 gain=1.000
2025-12-14 07:54:04 [tracker] [s1] onset-accepted t=10.7076 env=0.000658 gate=0.000024 envDelta=0.000634 envFloor=0.000650 onset=0.956352 thresh=0.006000 onsetDelta=0.950352 baseline=0.000433 floor=0.000180 adapt=0.001084 lastPeak=0.000000 baseParam=0.000180 gateRatio=0.0550 envParam=0.000450 onsetScale=0.300 retriggerScale=1.400 guard=0.060 guardRemain=0.000 activeAge=-1.000 retrigRemain=0.000 pitchHz=94.11 pitchCents=230.0
2025-12-14 07:54:04 [tracker] [s1] onset t=10.708 env=0.00066 gate=0.00002 envDelta=0.00063 envFloor=0.00065 onset=0.956 thresh=0.006 onsetDelta=0.95035 baseline=0.00043 adaptive=0.00108 lastPeak=0.00000 guard=0.060 activeAge=-1.000 pitch=94.11Hz pitchCents=230.0
2025-12-14 07:54:04 [tracker] [s3] onset t=10.718 env=0.00122 gate=0.00008 envDelta=0.00114 envFloor=0.00094 onset=1.093 thresh=0.012 onsetDelta=1.08124 baseline=0.00063 adaptive=0.00157 lastPeak=0.00000 guard=0.060 activeAge=-1.000 pitch=-1.00Hz pitchCents=0.0
2025-12-14 07:54:04 [tracker] [s2] onset t=10.729 env=0.00144 gate=0.00001 envDelta=0.00144 envFloor=0.00102 onset=0.998 thresh=0.009 onsetDelta=0.98911 baseline=0.00068 adaptive=0.00170 lastPeak=0.00043 guard=0.060 activeAge=-1.000 pitch=666.70Hz pitchCents=3119.4
2025-12-14 07:54:04 [tracker] [s4] onset t=10.745 env=0.00208 gate=0.00011 envDelta=0.00196 envFloor=0.00101 onset=1.018 thresh=0.014 onsetDelta=1.00382 baseline=0.00068 adaptive=0.00169 lastPeak=0.00000 guard=0.060 activeAge=-1.000 pitch=-1.00Hz pitchCents=0.0
2025-12-14 07:54:04 [tracker] [s6] onset t=10.849 env=0.00203 gate=0.00020 envDelta=0.00183 envFloor=0.00120 onset=1.473 thresh=0.018 onsetDelta=1.45513 baseline=0.00080 adaptive=0.00200 lastPeak=0.00000 guard=0.060 activeAge=-1.000 pitch=-1.00Hz pitchCents=0.0
2025-12-14 07:54:04 [tracker] [s1] aubio-raw t=10.8516 onset=1.097148 env=0.000841 peak=0.002109 gain=1.000
2025-12-14 07:54:04 [tracker] [s1] onset-accepted t=10.8516 env=0.000841 gate=0.000021 envDelta=0.000820 envFloor=0.000583 onset=1.097148 thresh=0.006000 onsetDelta=1.091148 baseline=0.000389 floor=0.000180 adapt=0.000972 lastPeak=0.000000 baseParam=0.000180 gateRatio=0.0550 envParam=0.000450 onsetScale=0.300 retriggerScale=1.400 guard=0.060 guardRemain=0.000 activeAge=-1.000 retrigRemain=0.000 pitchHz=-1.00 pitchCents=0.0
2025-12-14 07:54:04 [tracker] [s1] onset t=10.852 env=0.00084 gate=0.00002 envDelta=0.00082 envFloor=0.00058 onset=1.097 thresh=0.006 onsetDelta=1.09115 baseline=0.00039 adaptive=0.00097 lastPeak=0.00000 guard=0.060 activeAge=-1.000 pitch=-1.00Hz pitchCents=0.0
2025-12-14 07:54:05 [tracker] [s6] onset t=10.942 env=0.00174 gate=0.00020 envDelta=0.00153 envFloor=0.00123 onset=0.993 thresh=0.018 onsetDelta=0.97546 baseline=0.00082 adaptive=0.00205 lastPeak=0.00000 guard=0.060 activeAge=-1.000 pitch=-1.00Hz pitchCents=0.0
2025-12-14 07:54:05 [tracker] [s6] onset t=11.004 env=0.00229 gate=0.00021 envDelta=0.00207 envFloor=0.00128 onset=0.820 thresh=0.018 onsetDelta=0.80244 baseline=0.00085 adaptive=0.00213 lastPeak=0.00000 guard=0.060 activeAge=-1.000 pitch=-1.00Hz pitchCents=0.0
2025-12-14 07:54:05 [tracker] [s2] onset t=11.025 env=0.00120 gate=0.00001 envDelta=0.00120 envFloor=0.00101 onset=1.179 thresh=0.009 onsetDelta=1.17040 baseline=0.00067 adaptive=0.00168 lastPeak=0.00025 guard=0.060 activeAge=-1.000 pitch=-1.00Hz pitchCents=0.0
2025-12-14 07:54:05 [tracker] [s4] onset t=11.102 env=0.00135 gate=0.00011 envDelta=0.00124 envFloor=0.00099 onset=0.992 thresh=0.014 onsetDelta=0.97811 baseline=0.00066 adaptive=0.00164 lastPeak=0.00000 guard=0.060 activeAge=-1.000 pitch=-1.00Hz pitchCents=0.0
2025-12-14 07:54:05 [tracker] [s6] onset t=11.185 env=0.00207 gate=0.00020 envDelta=0.00186 envFloor=0.00121 onset=0.940 thresh=0.018 onsetDelta=0.92185 baseline=0.00081 adaptive=0.00202 lastPeak=0.00000 guard=0.060 activeAge=-1.000 pitch=-1.00Hz pitchCents=0.0
2025-12-14 07:54:05 [tracker] [s4] onset t=11.254 env=0.00147 gate=0.00010 envDelta=0.00136 envFloor=0.00091 onset=1.046 thresh=0.014 onsetDelta=1.03223 baseline=0.00061 adaptive=0.00151 lastPeak=0.00000 guard=0.060 activeAge=-1.000 pitch=-1.00Hz pitchCents=0.0
2025-12-14 07:54:05 [tracker] [s1] aubio-raw t=11.4115 onset=1.203531 env=0.000960 peak=0.002015 gain=1.000
2025-12-14 07:54:05 [tracker] [s1] onset-accepted t=11.4115 env=0.000960 gate=0.000026 envDelta=0.000934 envFloor=0.000703 onset=1.203531 thresh=0.006000 onsetDelta=1.197531 baseline=0.000469 floor=0.000180 adapt=0.001172 lastPeak=0.000000 baseParam=0.000180 gateRatio=0.0550 envParam=0.000450 onsetScale=0.300 retriggerScale=1.400 guard=0.060 guardRemain=0.000 activeAge=-1.000 retrigRemain=0.000 pitchHz=-1.00 pitchCents=0.0
2025-12-14 07:54:05 [tracker] [s1] onset t=11.412 env=0.00096 gate=0.00003 envDelta=0.00093 envFloor=0.00070 onset=1.204 thresh=0.006 onsetDelta=1.19753 baseline=0.00047 adaptive=0.00117 lastPeak=0.00000 guard=0.060 activeAge=-1.000 pitch=-1.00Hz pitchCents=0.0
2025-12-14 07:54:05 [tracker] [s4] onset t=11.492 env=0.00143 gate=0.00011 envDelta=0.00133 envFloor=0.00096 onset=1.037 thresh=0.014 onsetDelta=1.02263 baseline=0.00064 adaptive=0.00159 lastPeak=0.00000 guard=0.060 activeAge=-1.000 pitch=-1.00Hz pitchCents=0.0
2025-12-14 07:54:05 [tracker] [s5] onset t=11.513 env=0.00154 gate=0.00016 envDelta=0.00139 envFloor=0.00113 onset=0.999 thresh=0.016 onsetDelta=0.98341 baseline=0.00075 adaptive=0.00188 lastPeak=0.00000 guard=0.060 activeAge=-1.000 pitch=-1.00Hz pitchCents=0.0
2025-12-14 07:54:05 [tracker] [s2] onset t=11.537 env=0.00208 gate=0.00001 envDelta=0.00207 envFloor=0.00106 onset=1.014 thresh=0.009 onsetDelta=1.00483 baseline=0.00071 adaptive=0.00177 lastPeak=0.00009 guard=0.060 activeAge=-1.000 pitch=-1.00Hz pitchCents=0.0
2025-12-14 07:54:05 [tracker] [s2] onset t=11.630 env=0.00186 gate=0.00001 envDelta=0.00185 envFloor=0.00098 onset=0.994 thresh=0.009 onsetDelta=0.98510 baseline=0.00065 adaptive=0.00164 lastPeak=0.00008 guard=0.060 activeAge=-1.000 pitch=307.69Hz pitchCents=1780.8
2025-12-14 07:54:05 [tracker] [s2] note-start t=11.630 fret=24 midi=69 vel=0.02 env=0.00186
2025-12-14 07:54:05 [tracker] [s5] onset t=11.753 env=0.00168 gate=0.00016 envDelta=0.00152 envFloor=0.00114 onset=1.059 thresh=0.016 onsetDelta=1.04347 baseline=0.00076 adaptive=0.00190 lastPeak=0.00000 guard=0.060 activeAge=-1.000 pitch=-1.00Hz pitchCents=0.0
2025-12-14 07:54:05 [tracker] [s6] onset t=11.809 env=0.00227 gate=0.00022 envDelta=0.00205 envFloor=0.00131 onset=1.381 thresh=0.018 onsetDelta=1.36338 baseline=0.00087 adaptive=0.00218 lastPeak=0.00000 guard=0.060 activeAge=-1.000 pitch=-1.00Hz pitchCents=0.0
2025-12-14 07:54:06 [tracker] [s1] aubio-raw t=11.9155 onset=0.998800 env=0.000880 peak=0.002214 gain=1.000
2025-12-14 07:54:06 [tracker] [s1] onset-accepted t=11.9155 env=0.000880 gate=0.000025 envDelta=0.000855 envFloor=0.000670 onset=0.998800 thresh=0.006000 onsetDelta=0.992800 baseline=0.000447 floor=0.000180 adapt=0.001117 lastPeak=0.000000 baseParam=0.000180 gateRatio=0.0550 envParam=0.000450 onsetScale=0.300 retriggerScale=1.400 guard=0.060 guardRemain=0.000 activeAge=-1.000 retrigRemain=0.000 pitchHz=-1.00 pitchCents=0.0
2025-12-14 07:54:06 [tracker] [s1] onset t=11.915 env=0.00088 gate=0.00002 envDelta=0.00086 envFloor=0.00067 onset=0.999 thresh=0.006 onsetDelta=0.99280 baseline=0.00045 adaptive=0.00112 lastPeak=0.00000 guard=0.060 activeAge=-1.000 pitch=-1.00Hz pitchCents=0.0
2025-12-14 07:54:06 [tracker] [s2] onset t=12.113 env=0.00229 gate=0.00001 envDelta=0.00228 envFloor=0.00108 onset=0.998 thresh=0.009 onsetDelta=0.98917 baseline=0.00072 adaptive=0.00179 lastPeak=0.00075 guard=0.060 activeAge=0.483 pitch=-1.00Hz pitchCents=0.0
2025-12-14 07:54:06 [tracker] [s2] note-ended (new onset) t=12.113 fret=24 dur=0.483
2025-12-14 07:54:06 [tracker] [s3] onset t=12.142 env=0.00144 gate=0.00008 envDelta=0.00136 envFloor=0.00095 onset=1.005 thresh=0.012 onsetDelta=0.99321 baseline=0.00064 adaptive=0.00159 lastPeak=0.00000 guard=0.060 activeAge=-1.000 pitch=-1.00Hz pitchCents=0.0
2025-12-14 07:54:06 [tracker] [s5] onset t=12.201 env=0.00147 gate=0.00016 envDelta=0.00131 envFloor=0.00114 onset=1.006 thresh=0.016 onsetDelta=0.98984 baseline=0.00076 adaptive=0.00190 lastPeak=0.00000 guard=0.060 activeAge=-1.000 pitch=-1.00Hz pitchCents=0.0
2025-12-14 07:54:06 [tracker] [s1] aubio-raw t=12.2381 onset=0.903315 env=0.001283 peak=0.003176 gain=1.000
2025-12-14 07:54:06 [tracker] [s1] onset-accepted t=12.2381 env=0.001283 gate=0.000025 envDelta=0.001258 envFloor=0.000668 onset=0.903315 thresh=0.006000 onsetDelta=0.897315 baseline=0.000446 floor=0.000180 adapt=0.001114 lastPeak=0.000000 baseParam=0.000180 gateRatio=0.0550 envParam=0.000450 onsetScale=0.300 retriggerScale=1.400 guard=0.060 guardRemain=0.000 activeAge=-1.000 retrigRemain=0.000 pitchHz=615.40 pitchCents=3480.8
2025-12-14 07:54:06 [tracker] [s1] onset t=12.238 env=0.00128 gate=0.00002 envDelta=0.00126 envFloor=0.00067 onset=0.903 thresh=0.006 onsetDelta=0.89732 baseline=0.00045 adaptive=0.00111 lastPeak=0.00000 guard=0.060 activeAge=-1.000 pitch=615.40Hz pitchCents=3480.8
2025-12-14 07:54:06 [tracker] [s3] onset t=12.403 env=0.00124 gate=0.00008 envDelta=0.00116 envFloor=0.00089 onset=1.064 thresh=0.012 onsetDelta=1.05267 baseline=0.00059 adaptive=0.00148 lastPeak=0.00000 guard=0.060 activeAge=-1.000 pitch=-1.00Hz pitchCents=0.0
2025-12-14 07:54:06 [tracker] [s3] onset t=12.523 env=0.00150 gate=0.00008 envDelta=0.00142 envFloor=0.00098 onset=0.996 thresh=0.012 onsetDelta=0.98483 baseline=0.00065 adaptive=0.00163 lastPeak=0.00000 guard=0.060 activeAge=-1.000 pitch=-1.00Hz pitchCents=0.0
2025-12-14 07:54:06 [tracker] [s6] onset t=12.577 env=0.00210 gate=0.00022 envDelta=0.00188 envFloor=0.00133 onset=0.808 thresh=0.018 onsetDelta=0.78975 baseline=0.00089 adaptive=0.00222 lastPeak=0.00000 guard=0.060 activeAge=-1.000 pitch=-1.00Hz pitchCents=0.0
2025-12-14 07:54:06 [tracker] [s4] onset t=12.691 env=0.00143 gate=0.00011 envDelta=0.00132 envFloor=0.00094 onset=0.833 thresh=0.014 onsetDelta=0.81870 baseline=0.00063 adaptive=0.00157 lastPeak=0.00000 guard=0.060 activeAge=-1.000 pitch=-1.00Hz pitchCents=0.0
2025-12-14 07:54:06 [tracker] [s1] aubio-raw t=12.7181 onset=0.906922 env=0.001050 peak=0.003006 gain=1.000
2025-12-14 07:54:06 [tracker] [s1] onset-accepted t=12.7181 env=0.001050 gate=0.000022 envDelta=0.001028 envFloor=0.000599 onset=0.906922 thresh=0.006000 onsetDelta=0.900922 baseline=0.000400 floor=0.000180 adapt=0.000999 lastPeak=0.000000 baseParam=0.000180 gateRatio=0.0550 envParam=0.000450 onsetScale=0.300 retriggerScale=1.400 guard=0.060 guardRemain=0.000 activeAge=-1.000 retrigRemain=0.000 pitchHz=131.13 pitchCents=804.2
2025-12-14 07:54:06 [tracker] [s1] onset t=12.718 env=0.00105 gate=0.00002 envDelta=0.00103 envFloor=0.00060 onset=0.907 thresh=0.006 onsetDelta=0.90092 baseline=0.00040 adaptive=0.00100 lastPeak=0.00000 guard=0.060 activeAge=-1.000 pitch=131.13Hz pitchCents=804.2
2025-12-14 07:54:06 [tracker] [s4] onset t=12.779 env=0.00120 gate=0.00011 envDelta=0.00109 envFloor=0.00094 onset=0.913 thresh=0.014 onsetDelta=0.89889 baseline=0.00063 adaptive=0.00157 lastPeak=0.00000 guard=0.060 activeAge=-1.000 pitch=-1.00Hz pitchCents=0.0
2025-12-14 07:54:06 [tracker] [s3] onset t=12.798 env=0.00096 gate=0.00008 envDelta=0.00088 envFloor=0.00088 onset=0.545 thresh=0.012 onsetDelta=0.53353 baseline=0.00059 adaptive=0.00147 lastPeak=0.00000 guard=0.060 activeAge=-1.000 pitch=-1.00Hz pitchCents=0.0
2025-12-14 07:54:07 [tracker] [s1] aubio-raw t=12.9421 onset=0.816941 env=0.000755 peak=0.001833 gain=1.000
2025-12-14 07:54:07 [tracker] [s1] onset-accepted t=12.9421 env=0.000755 gate=0.000024 envDelta=0.000732 envFloor=0.000644 onset=0.816941 thresh=0.006000 onsetDelta=0.810941 baseline=0.000430 floor=0.000180 adapt=0.001074 lastPeak=0.000000 baseParam=0.000180 gateRatio=0.0550 envParam=0.000450 onsetScale=0.300 retriggerScale=1.400 guard=0.060 guardRemain=0.000 activeAge=-1.000 retrigRemain=0.000 pitchHz=-1.00 pitchCents=0.0
2025-12-14 07:54:07 [tracker] [s1] onset t=12.942 env=0.00076 gate=0.00002 envDelta=0.00073 envFloor=0.00064 onset=0.817 thresh=0.006 onsetDelta=0.81094 baseline=0.00043 adaptive=0.00107 lastPeak=0.00000 guard=0.060 activeAge=-1.000 pitch=-1.00Hz pitchCents=0.0
2025-12-14 07:54:07 [tracker] [s3] onset t=12.969 env=0.00140 gate=0.00008 envDelta=0.00132 envFloor=0.00097 onset=1.458 thresh=0.012 onsetDelta=1.44615 baseline=0.00064 adaptive=0.00161 lastPeak=0.00000 guard=0.060 activeAge=-1.000 pitch=-1.00Hz pitchCents=0.0
2025-12-14 07:54:07 [tracker] [s2] onset t=13.017 env=0.00172 gate=0.00001 envDelta=0.00171 envFloor=0.00104 onset=0.971 thresh=0.009 onsetDelta=0.96172 baseline=0.00070 adaptive=0.00174 lastPeak=0.00014 guard=0.060 activeAge=-1.000 pitch=-1.00Hz pitchCents=0.0
2025-12-14 07:54:07 [tracker] [s3] onset t=13.025 env=0.00130 gate=0.00008 envDelta=0.00121 envFloor=0.00098 onset=0.652 thresh=0.012 onsetDelta=0.64074 baseline=0.00065 adaptive=0.00163 lastPeak=0.00000 guard=0.060 activeAge=-1.000 pitch=-1.00Hz pitchCents=0.0
2025-12-14 07:54:07 [tracker] [s1] aubio-raw t=13.0487 onset=0.932632 env=0.000922 peak=0.002287 gain=1.000
2025-12-14 07:54:07 [tracker] [s1] onset-accepted t=13.0487 env=0.000922 gate=0.000024 envDelta=0.000898 envFloor=0.000653 onset=0.932632 thresh=0.006000 onsetDelta=0.926632 baseline=0.000435 floor=0.000180 adapt=0.001088 lastPeak=0.000000 baseParam=0.000180 gateRatio=0.0550 envParam=0.000450 onsetScale=0.300 retriggerScale=1.400 guard=0.060 guardRemain=0.000 activeAge=-1.000 retrigRemain=0.000 pitchHz=106.67 pitchCents=446.8
2025-12-14 07:54:07 [tracker] [s1] onset t=13.049 env=0.00092 gate=0.00002 envDelta=0.00090 envFloor=0.00065 onset=0.933 thresh=0.006 onsetDelta=0.92663 baseline=0.00044 adaptive=0.00109 lastPeak=0.00000 guard=0.060 activeAge=-1.000 pitch=106.67Hz pitchCents=446.8
2025-12-14 07:54:07 [tracker] [s5] onset t=13.078 env=0.00161 gate=0.00015 envDelta=0.00146 envFloor=0.00106 onset=0.990 thresh=0.016 onsetDelta=0.97435 baseline=0.00071 adaptive=0.00177 lastPeak=0.00000 guard=0.060 activeAge=-1.000 pitch=-1.00Hz pitchCents=0.0
2025-12-14 07:54:07 [tracker] [s2] onset t=13.145 env=0.00169 gate=0.00001 envDelta=0.00168 envFloor=0.00104 onset=1.063 thresh=0.009 onsetDelta=1.05371 baseline=0.00069 adaptive=0.00174 lastPeak=0.00011 guard=0.060 activeAge=-1.000 pitch=-1.00Hz pitchCents=0.0
2025-12-14 07:54:07 [tracker] [s5] onset t=13.147 env=0.00158 gate=0.00014 envDelta=0.00144 envFloor=0.00102 onset=1.326 thresh=0.016 onsetDelta=1.30992 baseline=0.00068 adaptive=0.00170 lastPeak=0.00000 guard=0.060 activeAge=-1.000 pitch=-1.00Hz pitchCents=0.0
2025-12-14 07:54:07 [tracker] [s3] onset t=13.225 env=0.00150 gate=0.00008 envDelta=0.00142 envFloor=0.00094 onset=0.998 thresh=0.012 onsetDelta=0.98598 baseline=0.00063 adaptive=0.00157 lastPeak=0.00000 guard=0.060 activeAge=-1.000 pitch=-1.00Hz pitchCents=0.0
2025-12-14 07:54:07 [tracker] [s2] onset t=13.241 env=0.00156 gate=0.00001 envDelta=0.00155 envFloor=0.00100 onset=0.570 thresh=0.009 onsetDelta=0.56142 baseline=0.00066 adaptive=0.00166 lastPeak=0.00009 guard=0.060 activeAge=-1.000 pitch=-1.00Hz pitchCents=0.0
2025-12-14 07:54:07 [tracker] [s6] onset t=13.246 env=0.00192 gate=0.00021 envDelta=0.00170 envFloor=0.00127 onset=1.148 thresh=0.018 onsetDelta=1.13019 baseline=0.00085 adaptive=0.00211 lastPeak=0.00000 guard=0.060 activeAge=-1.000 pitch=-1.00Hz pitchCents=0.0
2025-12-14 07:54:07 [tracker] [s1] aubio-raw t=13.2754 onset=0.892520 env=0.000646 peak=0.001306 gain=1.000
2025-12-14 07:54:07 [tracker] [s1] onset-accepted t=13.2754 env=0.000646 gate=0.000022 envDelta=0.000624 envFloor=0.000605 onset=0.892520 thresh=0.006000 onsetDelta=0.886521 baseline=0.000403 floor=0.000180 adapt=0.001008 lastPeak=0.000000 baseParam=0.000180 gateRatio=0.0550 envParam=0.000450 onsetScale=0.300 retriggerScale=1.400 guard=0.060 guardRemain=0.000 activeAge=-1.000 retrigRemain=0.000 pitchHz=-1.00 pitchCents=0.0
2025-12-14 07:54:07 [tracker] [s1] onset t=13.275 env=0.00065 gate=0.00002 envDelta=0.00062 envFloor=0.00060 onset=0.893 thresh=0.006 onsetDelta=0.88652 baseline=0.00040 adaptive=0.00101 lastPeak=0.00000 guard=0.060 activeAge=-1.000 pitch=-1.00Hz pitchCents=0.0
2025-12-14 07:54:07 [tracker] [s2] onset t=13.297 env=0.00125 gate=0.00001 envDelta=0.00125 envFloor=0.00104 onset=1.186 thresh=0.009 onsetDelta=1.17738 baseline=0.00069 adaptive=0.00173 lastPeak=0.00008 guard=0.060 activeAge=-1.000 pitch=571.43Hz pitchCents=2852.5
2025-12-14 07:54:07 [tracker] [s1] aubio-raw t=13.3874 onset=1.164699 env=0.000944 peak=0.002111 gain=1.000
2025-12-14 07:54:07 [tracker] [s1] onset-accepted t=13.3874 env=0.000944 gate=0.000024 envDelta=0.000919 envFloor=0.000658 onset=1.164699 thresh=0.006000 onsetDelta=1.158699 baseline=0.000439 floor=0.000180 adapt=0.001097 lastPeak=0.000000 baseParam=0.000180 gateRatio=0.0550 envParam=0.000450 onsetScale=0.300 retriggerScale=1.400 guard=0.060 guardRemain=0.000 activeAge=-1.000 retrigRemain=0.000 pitchHz=333.34 pitchCents=2419.4
2025-12-14 07:54:07 [tracker] [s1] aubio-raw t=13.5074 onset=0.999353 env=0.000658 peak=0.001343 gain=1.000
2025-12-14 07:54:07 [tracker] [s1] onset-accepted t=13.5074 env=0.000658 gate=0.000022 envDelta=0.000636 envFloor=0.000600 onset=0.999353 thresh=0.006000 onsetDelta=0.993353 baseline=0.000400 floor=0.000180 adapt=0.000999 lastPeak=0.000000 baseParam=0.000180 gateRatio=0.0550 envParam=0.000450 onsetScale=0.300 retriggerScale=1.400 guard=0.060 guardRemain=0.000 activeAge=-1.000 retrigRemain=0.000 pitchHz=307.69 pitchCents=2280.8
2025-12-14 07:54:07 [tracker] [s1] onset t=13.507 env=0.00066 gate=0.00002 envDelta=0.00064 envFloor=0.00060 onset=0.999 thresh=0.006 onsetDelta=0.99335 baseline=0.00040 adaptive=0.00100 lastPeak=0.00000 guard=0.060 activeAge=-1.000 pitch=307.69Hz pitchCents=2280.8
2025-12-14 07:54:07 [tracker] [s5] onset t=13.539 env=0.00166 gate=0.00015 envDelta=0.00152 envFloor=0.00104 onset=0.999 thresh=0.016 onsetDelta=0.98307 baseline=0.00069 adaptive=0.00174 lastPeak=0.00000 guard=0.060 activeAge=-1.000 pitch=-1.00Hz pitchCents=0.0
2025-12-14 07:54:07 [tracker] [s3] onset t=13.609 env=0.00141 gate=0.00008 envDelta=0.00133 envFloor=0.00090 onset=1.153 thresh=0.012 onsetDelta=1.14096 baseline=0.00060 adaptive=0.00151 lastPeak=0.00000 guard=0.060 activeAge=-1.000 pitch=-1.00Hz pitchCents=0.0
2025-12-14 07:54:07 [tracker] [s6] onset t=13.686 env=0.00186 gate=0.00022 envDelta=0.00164 envFloor=0.00132 onset=1.140 thresh=0.018 onsetDelta=1.12183 baseline=0.00088 adaptive=0.00220 lastPeak=0.00000 guard=0.060 activeAge=-1.000 pitch=-1.00Hz pitchCents=0.0
2025-12-14 07:54:07 [tracker] [s2] onset t=13.753 env=0.00235 gate=0.00001 envDelta=0.00234 envFloor=0.00116 onset=1.273 thresh=0.009 onsetDelta=1.26438 baseline=0.00078 adaptive=0.00194 lastPeak=0.00003 guard=0.060 activeAge=-1.000 pitch=-1.00Hz pitchCents=0.0
2025-12-14 07:54:07 [tracker] [s5] onset t=13.830 env=0.00144 gate=0.00015 envDelta=0.00129 envFloor=0.00108 onset=0.995 thresh=0.016 onsetDelta=0.97851 baseline=0.00072 adaptive=0.00180 lastPeak=0.00000 guard=0.060 activeAge=-1.000 pitch=-1.00Hz pitchCents=0.0
2025-12-14 07:54:08 [tracker] [s5] onset t=14.019 env=0.00175 gate=0.00016 envDelta=0.00159 envFloor=0.00111 onset=1.100 thresh=0.016 onsetDelta=1.08390 baseline=0.00074 adaptive=0.00186 lastPeak=0.00000 guard=0.060 activeAge=-1.000 pitch=-1.00Hz pitchCents=0.0
2025-12-14 07:54:08 [tracker] [s6] onset t=14.022 env=0.00188 gate=0.00021 envDelta=0.00167 envFloor=0.00127 onset=1.459 thresh=0.018 onsetDelta=1.44126 baseline=0.00085 adaptive=0.00212 lastPeak=0.00000 guard=0.060 activeAge=-1.000 pitch=-1.00Hz pitchCents=0.0
2025-12-14 07:54:08 [tracker] [s6] onset t=14.075 env=0.00217 gate=0.00022 envDelta=0.00196 envFloor=0.00130 onset=1.007 thresh=0.018 onsetDelta=0.98945 baseline=0.00087 adaptive=0.00217 lastPeak=0.00000 guard=0.060 activeAge=-1.000 pitch=-1.00Hz pitchCents=0.0
2025-12-14 07:54:08 [tracker] [s2] onset t=14.137 env=0.00171 gate=0.00001 envDelta=0.00170 envFloor=0.00100 onset=0.996 thresh=0.009 onsetDelta=0.98714 baseline=0.00066 adaptive=0.00166 lastPeak=0.00002 guard=0.060 activeAge=-1.000 pitch=-1.00Hz pitchCents=0.0
2025-12-14 07:54:08 [tracker] [s4] onset t=14.187 env=0.00148 gate=0.00011 envDelta=0.00136 envFloor=0.00098 onset=1.281 thresh=0.014 onsetDelta=1.26701 baseline=0.00065 adaptive=0.00164 lastPeak=0.00000 guard=0.060 activeAge=-1.000 pitch=-1.00Hz pitchCents=0.0
2025-12-14 07:54:08 [tracker] [s1] aubio-raw t=14.1926 onset=1.366238 env=0.001126 peak=0.003020 gain=1.000
2025-12-14 07:54:08 [tracker] [s1] onset-accepted t=14.1926 env=0.001126 gate=0.000024 envDelta=0.001102 envFloor=0.000648 onset=1.366238 thresh=0.006000 onsetDelta=1.360238 baseline=0.000432 floor=0.000180 adapt=0.001080 lastPeak=0.000000 baseParam=0.000180 gateRatio=0.0550 envParam=0.000450 onsetScale=0.300 retriggerScale=1.400 guard=0.060 guardRemain=0.000 activeAge=-1.000 retrigRemain=0.000 pitchHz=-1.00 pitchCents=0.0
2025-12-14 07:54:08 [tracker] [s1] onset t=14.193 env=0.00113 gate=0.00002 envDelta=0.00110 envFloor=0.00065 onset=1.366 thresh=0.006 onsetDelta=1.36024 baseline=0.00043 adaptive=0.00108 lastPeak=0.00000 guard=0.060 activeAge=-1.000 pitch=-1.00Hz pitchCents=0.0
2025-12-14 07:54:08 [tracker] [s5] onset t=14.230 env=0.00135 gate=0.00014 envDelta=0.00121 envFloor=0.00103 onset=1.377 thresh=0.016 onsetDelta=1.36115 baseline=0.00069 adaptive=0.00171 lastPeak=0.00000 guard=0.060 activeAge=-1.000 pitch=-1.00Hz pitchCents=0.0
2025-12-14 07:54:08 [tracker] [s3] onset t=14.243 env=0.00187 gate=0.00008 envDelta=0.00179 envFloor=0.00095 onset=0.996 thresh=0.012 onsetDelta=0.98403 baseline=0.00063 adaptive=0.00159 lastPeak=0.00000 guard=0.060 activeAge=-1.000 pitch=-1.00Hz pitchCents=0.0
2025-12-14 07:54:08 [tracker] [s1] aubio-raw t=14.3180 onset=0.771547 env=0.001002 peak=0.002656 gain=1.000
2025-12-14 07:54:08 [tracker] [s1] onset-accepted t=14.3180 env=0.001002 gate=0.000022 envDelta=0.000980 envFloor=0.000613 onset=0.771547 thresh=0.006000 onsetDelta=0.765547 baseline=0.000409 floor=0.000180 adapt=0.001022 lastPeak=0.000000 baseParam=0.000180 gateRatio=0.0550 envParam=0.000450 onsetScale=0.300 retriggerScale=1.400 guard=0.060 guardRemain=0.000 activeAge=-1.000 retrigRemain=0.000 pitchHz=615.44 pitchCents=3480.9
2025-12-14 07:54:08 [tracker] [s1] onset t=14.318 env=0.00100 gate=0.00002 envDelta=0.00098 envFloor=0.00061 onset=0.772 thresh=0.006 onsetDelta=0.76555 baseline=0.00041 adaptive=0.00102 lastPeak=0.00000 guard=0.060 activeAge=-1.000 pitch=615.44Hz pitchCents=3480.9
2025-12-14 07:54:08 [tracker] [s1] note-start t=14.318 fret=2 midi=42 vel=0.01 env=0.00100
2025-12-14 07:54:08 [tracker] [s1] aubio-raw t=14.4300 onset=0.882644 env=0.001181 peak=0.002444 gain=1.000
2025-12-14 07:54:08 [tracker] [s1] onset-accepted t=14.4300 env=0.001181 gate=0.000040 envDelta=0.001140 envFloor=0.000671 onset=0.882644 thresh=0.006000 onsetDelta=0.876644 baseline=0.000731 floor=0.000180 adapt=0.001118 lastPeak=0.000812 baseParam=0.000180 gateRatio=0.0550 envParam=0.000450 onsetScale=0.300 retriggerScale=1.400 guard=0.060 guardRemain=0.000 activeAge=0.112 retrigRemain=0.108 pitchHz=-1.00 pitchCents=0.0
2025-12-14 07:54:08 [tracker] [s1] onset t=14.430 env=0.00118 gate=0.00004 envDelta=0.00114 envFloor=0.00067 onset=0.883 thresh=0.006 onsetDelta=0.87664 baseline=0.00073 adaptive=0.00112 lastPeak=0.00081 guard=0.060 activeAge=0.112 pitch=-1.00Hz pitchCents=0.0
2025-12-14 07:54:08 [tracker] [s1] note-ended (new onset) t=14.430 fret=2 dur=0.112
2025-12-14 07:54:08 [tracker] [s1] aubio-raw t=14.5153 onset=0.943586 env=0.001097 peak=0.002653 gain=1.000
2025-12-14 07:54:08 [tracker] [s1] onset-accepted t=14.5153 env=0.001097 gate=0.000034 envDelta=0.001063 envFloor=0.000684 onset=0.943586 thresh=0.006000 onsetDelta=0.937586 baseline=0.000622 floor=0.000180 adapt=0.001140 lastPeak=0.000692 baseParam=0.000180 gateRatio=0.0550 envParam=0.000450 onsetScale=0.300 retriggerScale=1.400 guard=0.060 guardRemain=0.000 activeAge=-1.000 retrigRemain=0.000 pitchHz=-1.00 pitchCents=0.0
2025-12-14 07:54:08 [tracker] [s1] onset t=14.515 env=0.00110 gate=0.00003 envDelta=0.00106 envFloor=0.00068 onset=0.944 thresh=0.006 onsetDelta=0.93759 baseline=0.00062 adaptive=0.00114 lastPeak=0.00069 guard=0.060 activeAge=-1.000 pitch=-1.00Hz pitchCents=0.0
2025-12-14 07:54:08 [tracker] [s4] onset t=14.571 env=0.00121 gate=0.00012 envDelta=0.00110 envFloor=0.00102 onset=0.902 thresh=0.014 onsetDelta=0.88774 baseline=0.00068 adaptive=0.00170 lastPeak=0.00000 guard=0.060 activeAge=-1.000 pitch=-1.00Hz pitchCents=0.0
2025-12-14 07:54:08 [tracker] [s2] onset t=14.670 env=0.00196 gate=0.00001 envDelta=0.00196 envFloor=0.00101 onset=1.000 thresh=0.009 onsetDelta=0.99105 baseline=0.00068 adaptive=0.00169 lastPeak=0.00001 guard=0.060 activeAge=-1.000 pitch=-1.00Hz pitchCents=0.0
2025-12-14 07:54:08 [tracker] [s3] onset t=14.787 env=0.00136 gate=0.00008 envDelta=0.00128 envFloor=0.00094 onset=0.615 thresh=0.012 onsetDelta=0.60369 baseline=0.00063 adaptive=0.00157 lastPeak=0.00000 guard=0.060 activeAge=-1.000 pitch=-1.00Hz pitchCents=0.0
2025-12-14 07:54:08 [tracker] [s5] onset t=14.790 env=0.00195 gate=0.00015 envDelta=0.00180 envFloor=0.00108 onset=1.003 thresh=0.016 onsetDelta=0.98737 baseline=0.00072 adaptive=0.00180 lastPeak=0.00000 guard=0.060 activeAge=-1.000 pitch=-1.00Hz pitchCents=0.0
2025-12-14 07:54:08 [tracker] [s6] onset t=14.822 env=0.00232 gate=0.00022 envDelta=0.00210 envFloor=0.00133 onset=0.950 thresh=0.018 onsetDelta=0.93230 baseline=0.00089 adaptive=0.00221 lastPeak=0.00000 guard=0.060 activeAge=-1.000 pitch=-1.00Hz pitchCents=0.0
2025-12-14 07:54:08 [tracker] [s3] onset t=14.881 env=0.00154 gate=0.00008 envDelta=0.00146 envFloor=0.00093 onset=0.924 thresh=0.012 onsetDelta=0.91261 baseline=0.00062 adaptive=0.00155 lastPeak=0.00000 guard=0.060 activeAge=-1.000 pitch=-1.00Hz pitchCents=0.0
2025-12-14 07:54:09 [tracker] [s1] aubio-raw t=14.9899 onset=0.686747 env=0.000663 peak=0.001854 gain=1.000
2025-12-14 07:54:09 [tracker] [s1] onset-accepted t=14.9899 env=0.000663 gate=0.000023 envDelta=0.000640 envFloor=0.000627 onset=0.686747 thresh=0.006000 onsetDelta=0.680747 baseline=0.000418 floor=0.000180 adapt=0.001045 lastPeak=0.000283 baseParam=0.000180 gateRatio=0.0550 envParam=0.000450 onsetScale=0.300 retriggerScale=1.400 guard=0.060 guardRemain=0.000 activeAge=-1.000 retrigRemain=0.000 pitchHz=-1.00 pitchCents=0.0
2025-12-14 07:54:09 [tracker] [s1] onset t=14.990 env=0.00066 gate=0.00002 envDelta=0.00064 envFloor=0.00063 onset=0.687 thresh=0.006 onsetDelta=0.68075 baseline=0.00042 adaptive=0.00104 lastPeak=0.00028 guard=0.060 activeAge=-1.000 pitch=-1.00Hz pitchCents=0.0
2025-12-14 07:54:09 [tracker] [s2] onset t=15.009 env=0.00154 gate=0.00001 envDelta=0.00154 envFloor=0.00101 onset=0.997 thresh=0.009 onsetDelta=0.98817 baseline=0.00067 adaptive=0.00168 lastPeak=0.00000 guard=0.060 activeAge=-1.000 pitch=470.64Hz pitchCents=2516.5
2025-12-14 07:54:09 [tracker] [s3] onset t=15.089 env=0.00117 gate=0.00008 envDelta=0.00109 envFloor=0.00091 onset=0.951 thresh=0.012 onsetDelta=0.93950 baseline=0.00060 adaptive=0.00151 lastPeak=0.00000 guard=0.060 activeAge=-1.000 pitch=-1.00Hz pitchCents=0.0
2025-12-14 07:54:09 [tracker] [s3] onset t=15.401 env=0.00131 gate=0.00008 envDelta=0.00123 envFloor=0.00092 onset=0.963 thresh=0.012 onsetDelta=0.95147 baseline=0.00061 adaptive=0.00153 lastPeak=0.00000 guard=0.060 activeAge=-1.000 pitch=-1.00Hz pitchCents=0.0
2025-12-14 07:54:09 [tracker] [s4] onset t=15.481 env=0.00138 gate=0.00011 envDelta=0.00127 envFloor=0.00097 onset=0.834 thresh=0.014 onsetDelta=0.82007 baseline=0.00064 adaptive=0.00161 lastPeak=0.00000 guard=0.060 activeAge=-1.000 pitch=-1.00Hz pitchCents=0.0
2025-12-14 07:54:09 [tracker] [s5] onset t=15.491 env=0.00182 gate=0.00014 envDelta=0.00168 envFloor=0.00103 onset=0.993 thresh=0.016 onsetDelta=0.97682 baseline=0.00069 adaptive=0.00172 lastPeak=0.00000 guard=0.060 activeAge=-1.000 pitch=-1.00Hz pitchCents=0.0
2025-12-14 07:54:09 [tracker] [s1] aubio-raw t=15.5632 onset=1.180994 env=0.001060 peak=0.002751 gain=1.000
2025-12-14 07:54:09 [tracker] [s1] onset-accepted t=15.5632 env=0.001060 gate=0.000023 envDelta=0.001037 envFloor=0.000624 onset=1.180994 thresh=0.006000 onsetDelta=1.174994 baseline=0.000416 floor=0.000180 adapt=0.001041 lastPeak=0.000096 baseParam=0.000180 gateRatio=0.0550 envParam=0.000450 onsetScale=0.300 retriggerScale=1.400 guard=0.060 guardRemain=0.000 activeAge=-1.000 retrigRemain=0.000 pitchHz=-1.00 pitchCents=0.0
2025-12-14 07:54:09 [tracker] [s1] onset t=15.563 env=0.00106 gate=0.00002 envDelta=0.00104 envFloor=0.00062 onset=1.181 thresh=0.006 onsetDelta=1.17499 baseline=0.00042 adaptive=0.00104 lastPeak=0.00010 guard=0.060 activeAge=-1.000 pitch=-1.00Hz pitchCents=0.0
2025-12-14 07:54:09 [tracker] [s4] onset t=15.571 env=0.00152 gate=0.00012 envDelta=0.00140 envFloor=0.00104 onset=0.668 thresh=0.014 onsetDelta=0.65417 baseline=0.00069 adaptive=0.00173 lastPeak=0.00000 guard=0.060 activeAge=-1.000 pitch=-1.00Hz pitchCents=0.0
2025-12-14 07:54:09 [tracker] [s2] onset t=15.601 env=0.00173 gate=0.00001 envDelta=0.00172 envFloor=0.00103 onset=1.017 thresh=0.009 onsetDelta=1.00786 baseline=0.00068 adaptive=0.00171 lastPeak=0.00000 guard=0.060 activeAge=-1.000 pitch=-1.00Hz pitchCents=0.0
2025-12-14 07:54:09 [tracker] [s6] onset t=15.609 env=0.00183 gate=0.00021 envDelta=0.00162 envFloor=0.00128 onset=1.386 thresh=0.018 onsetDelta=1.36759 baseline=0.00086 adaptive=0.00214 lastPeak=0.00000 guard=0.060 activeAge=-1.000 pitch=-1.00Hz pitchCents=0.0
2025-12-14 07:54:09 [tracker] [s5] onset t=15.686 env=0.00153 gate=0.00016 envDelta=0.00137 envFloor=0.00111 onset=1.008 thresh=0.016 onsetDelta=0.99179 baseline=0.00074 adaptive=0.00185 lastPeak=0.00000 guard=0.060 activeAge=-1.000 pitch=-1.00Hz pitchCents=0.0
2025-12-14 07:54:09 [tracker] [s6] onset t=15.689 env=0.00180 gate=0.00021 envDelta=0.00159 envFloor=0.00123 onset=1.133 thresh=0.018 onsetDelta=1.11472 baseline=0.00082 adaptive=0.00205 lastPeak=0.00000 guard=0.060 activeAge=-1.000 pitch=-1.00Hz pitchCents=0.0
2025-12-14 07:54:09 [tracker] [s6] onset t=15.779 env=0.00187 gate=0.00020 envDelta=0.00167 envFloor=0.00118 onset=1.072 thresh=0.018 onsetDelta=1.05350 baseline=0.00078 adaptive=0.00196 lastPeak=0.00000 guard=0.060 activeAge=-1.000 pitch=-1.00Hz pitchCents=0.0
2025-12-14 07:54:09 [tracker] [s3] onset t=15.899 env=0.00118 gate=0.00008 envDelta=0.00110 envFloor=0.00090 onset=0.979 thresh=0.012 onsetDelta=0.96787 baseline=0.00060 adaptive=0.00150 lastPeak=0.00000 guard=0.060 activeAge=-1.000 pitch=-1.00Hz pitchCents=0.0
2025-12-14 07:54:10 [tracker] [s4] onset t=15.915 env=0.00175 gate=0.00011 envDelta=0.00163 envFloor=0.00101 onset=0.950 thresh=0.014 onsetDelta=0.93628 baseline=0.00067 adaptive=0.00168 lastPeak=0.00000 guard=0.060 activeAge=-1.000 pitch=-1.00Hz pitchCents=0.0
2025-12-14 07:54:10 [tracker] [s2] onset t=15.923 env=0.00123 gate=0.00001 envDelta=0.00123 envFloor=0.00104 onset=1.331 thresh=0.009 onsetDelta=1.32156 baseline=0.00069 adaptive=0.00173 lastPeak=0.00000 guard=0.060 activeAge=-1.000 pitch=-1.00Hz pitchCents=0.0
2025-12-14 07:54:10 [tracker] [s5] onset t=15.950 env=0.00174 gate=0.00016 envDelta=0.00158 envFloor=0.00113 onset=0.793 thresh=0.016 onsetDelta=0.77733 baseline=0.00075 adaptive=0.00188 lastPeak=0.00000 guard=0.060 activeAge=-1.000 pitch=-1.00Hz pitchCents=0.0
2025-12-14 07:54:10 [tracker] [s1] aubio-raw t=15.9605 onset=1.045182 env=0.000909 peak=0.001991 gain=1.000
2025-12-14 07:54:10 [tracker] [s1] onset-accepted t=15.9605 env=0.000909 gate=0.000025 envDelta=0.000884 envFloor=0.000674 onset=1.045182 thresh=0.006000 onsetDelta=1.039182 baseline=0.000450 floor=0.000180 adapt=0.001124 lastPeak=0.000046 baseParam=0.000180 gateRatio=0.0550 envParam=0.000450 onsetScale=0.300 retriggerScale=1.400 guard=0.060 guardRemain=0.000 activeAge=-1.000 retrigRemain=0.000 pitchHz=-1.00 pitchCents=0.0
2025-12-14 07:54:10 [tracker] [s1] onset t=15.961 env=0.00091 gate=0.00002 envDelta=0.00088 envFloor=0.00067 onset=1.045 thresh=0.006 onsetDelta=1.03918 baseline=0.00045 adaptive=0.00112 lastPeak=0.00005 guard=0.060 activeAge=-1.000 pitch=-1.00Hz pitchCents=0.0
2025-12-14 07:54:10 [tracker] [s6] onset t=16.017 env=0.00212 gate=0.00022 envDelta=0.00190 envFloor=0.00130 onset=1.001 thresh=0.018 onsetDelta=0.98343 baseline=0.00087 adaptive=0.00217 lastPeak=0.00000 guard=0.060 activeAge=-1.000 pitch=-1.00Hz pitchCents=0.0
2025-12-14 07:54:10 [tracker] [s2] onset t=16.027 env=0.00240 gate=0.00001 envDelta=0.00239 envFloor=0.00108 onset=0.998 thresh=0.009 onsetDelta=0.98884 baseline=0.00072 adaptive=0.00180 lastPeak=0.00000 guard=0.060 activeAge=-1.000 pitch=-1.00Hz pitchCents=0.0
2025-12-14 07:54:10 [tracker] [s2] onset t=16.187 env=0.00140 gate=0.00001 envDelta=0.00139 envFloor=0.00105 onset=1.013 thresh=0.009 onsetDelta=1.00376 baseline=0.00070 adaptive=0.00175 lastPeak=0.00000 guard=0.060 activeAge=-1.000 pitch=470.50Hz pitchCents=2516.0
2025-12-14 07:54:10 [tracker] [s6] onset t=16.278 env=0.00198 gate=0.00021 envDelta=0.00178 envFloor=0.00125 onset=1.276 thresh=0.018 onsetDelta=1.25839 baseline=0.00083 adaptive=0.00208 lastPeak=0.00000 guard=0.060 activeAge=-1.000 pitch=-1.00Hz pitchCents=0.0
2025-12-14 07:54:10 [tracker] [s2] onset t=16.291 env=0.00149 gate=0.00001 envDelta=0.00148 envFloor=0.00103 onset=0.847 thresh=0.009 onsetDelta=0.83758 baseline=0.00069 adaptive=0.00172 lastPeak=0.00000 guard=0.060 activeAge=-1.000 pitch=-1.00Hz pitchCents=0.0
2025-12-14 07:54:10 [tracker] [s1] aubio-raw t=16.3178 onset=1.118437 env=0.001102 peak=0.002217 gain=1.000
2025-12-14 07:54:10 [tracker] [s1] onset-accepted t=16.3178 env=0.001102 gate=0.000023 envDelta=0.001079 envFloor=0.000637 onset=1.118437 thresh=0.006000 onsetDelta=1.112437 baseline=0.000425 floor=0.000180 adapt=0.001061 lastPeak=0.000023 baseParam=0.000180 gateRatio=0.0550 envParam=0.000450 onsetScale=0.300 retriggerScale=1.400 guard=0.060 guardRemain=0.000 activeAge=-1.000 retrigRemain=0.000 pitchHz=-1.00 pitchCents=0.0
2025-12-14 07:54:10 [tracker] [s1] onset t=16.318 env=0.00110 gate=0.00002 envDelta=0.00108 envFloor=0.00064 onset=1.118 thresh=0.006 onsetDelta=1.11244 baseline=0.00042 adaptive=0.00106 lastPeak=0.00002 guard=0.060 activeAge=-1.000 pitch=-1.00Hz pitchCents=0.0
2025-12-14 07:54:10 [tracker] [s1] aubio-raw t=16.4218 onset=1.048581 env=0.001021 peak=0.002171 gain=1.000
2025-12-14 07:54:10 [tracker] [s1] onset-accepted t=16.4218 env=0.001021 gate=0.000023 envDelta=0.000998 envFloor=0.000632 onset=1.048581 thresh=0.006000 onsetDelta=1.042581 baseline=0.000421 floor=0.000180 adapt=0.001053 lastPeak=0.000019 baseParam=0.000180 gateRatio=0.0550 envParam=0.000450 onsetScale=0.300 retriggerScale=1.400 guard=0.060 guardRemain=0.000 activeAge=-1.000 retrigRemain=0.000 pitchHz=-1.00 pitchCents=0.0
2025-12-14 07:54:10 [tracker] [s1] onset t=16.422 env=0.00102 gate=0.00002 envDelta=0.00100 envFloor=0.00063 onset=1.049 thresh=0.006 onsetDelta=1.04258 baseline=0.00042 adaptive=0.00105 lastPeak=0.00002 guard=0.060 activeAge=-1.000 pitch=-1.00Hz pitchCents=0.0
2025-12-14 07:54:10 [tracker] [s4] onset t=16.440 env=0.00137 gate=0.00011 envDelta=0.00126 envFloor=0.00098 onset=1.024 thresh=0.014 onsetDelta=1.00992 baseline=0.00065 adaptive=0.00163 lastPeak=0.00000 guard=0.060 activeAge=-1.000 pitch=-1.00Hz pitchCents=0.0
2025-12-14 07:54:10 [tracker] [s3] onset t=16.446 env=0.00102 gate=0.00008 envDelta=0.00094 envFloor=0.00094 onset=1.001 thresh=0.012 onsetDelta=0.98909 baseline=0.00062 adaptive=0.00156 lastPeak=0.00000 guard=0.060 activeAge=-1.000 pitch=-1.00Hz pitchCents=0.0
2025-12-14 07:54:10 [tracker] [s4] onset t=16.542 env=0.00124 gate=0.00011 envDelta=0.00113 envFloor=0.00093 onset=0.839 thresh=0.014 onsetDelta=0.82537 baseline=0.00062 adaptive=0.00155 lastPeak=0.00000 guard=0.060 activeAge=-1.000 pitch=-1.00Hz pitchCents=0.0
2025-12-14 07:54:10 [tracker] [s1] aubio-raw t=16.5578 onset=1.202685 env=0.000908 peak=0.002390 gain=1.000
2025-12-14 07:54:10 [tracker] [s1] onset-accepted t=16.5578 env=0.000908 gate=0.000024 envDelta=0.000885 envFloor=0.000646 onset=1.202685 thresh=0.006000 onsetDelta=1.196685 baseline=0.000430 floor=0.000180 adapt=0.001076 lastPeak=0.000015 baseParam=0.000180 gateRatio=0.0550 envParam=0.000450 onsetScale=0.300 retriggerScale=1.400 guard=0.060 guardRemain=0.000 activeAge=-1.000 retrigRemain=0.000 pitchHz=400.08 pitchCents=2735.3
2025-12-14 07:54:10 [tracker] [s1] onset t=16.558 env=0.00091 gate=0.00002 envDelta=0.00088 envFloor=0.00065 onset=1.203 thresh=0.006 onsetDelta=1.19668 baseline=0.00043 adaptive=0.00108 lastPeak=0.00001 guard=0.060 activeAge=-1.000 pitch=400.08Hz pitchCents=2735.3
2025-12-14 07:54:10 [tracker] [s1] note-start t=16.558 fret=24 midi=64 vel=0.01 env=0.00091
2025-12-14 07:54:10 [tracker] [s2] onset t=16.656 env=0.00138 gate=0.00001 envDelta=0.00137 envFloor=0.00099 onset=1.106 thresh=0.009 onsetDelta=1.09660 baseline=0.00066 adaptive=0.00165 lastPeak=0.00000 guard=0.060 activeAge=-1.000 pitch=94.11Hz pitchCents=-270.1
2025-12-14 07:54:10 [tracker] [s1] aubio-raw t=16.7258 onset=1.006062 env=0.000958 peak=0.002759 gain=1.000
2025-12-14 07:54:10 [tracker] [s1] onset-accepted t=16.7258 env=0.000958 gate=0.000033 envDelta=0.000926 envFloor=0.000658 onset=1.006062 thresh=0.006000 onsetDelta=1.000062 baseline=0.000596 floor=0.000180 adapt=0.001096 lastPeak=0.000662 baseParam=0.000180 gateRatio=0.0550 envParam=0.000450 onsetScale=0.300 retriggerScale=1.400 guard=0.060 guardRemain=0.000 activeAge=0.168 retrigRemain=0.052 pitchHz=-1.00 pitchCents=0.0
2025-12-14 07:54:10 [tracker] [s1] onset t=16.726 env=0.00096 gate=0.00003 envDelta=0.00093 envFloor=0.00066 onset=1.006 thresh=0.006 onsetDelta=1.00006 baseline=0.00060 adaptive=0.00110 lastPeak=0.00066 guard=0.060 activeAge=0.168 pitch=-1.00Hz pitchCents=0.0
2025-12-14 07:54:10 [tracker] [s1] note-ended (new onset) t=16.726 fret=24 dur=0.168
2025-12-14 07:54:11 [tracker] [s6] onset t=16.912 env=0.00161 gate=0.00020 envDelta=0.00141 envFloor=0.00118 onset=0.997 thresh=0.018 onsetDelta=0.97887 baseline=0.00078 adaptive=0.00196 lastPeak=0.00000 guard=0.060 activeAge=-1.000 pitch=-1.00Hz pitchCents=0.0
2025-12-14 07:54:11 [tracker] [s2] onset t=16.942 env=0.00103 gate=0.00001 envDelta=0.00102 envFloor=0.00102 onset=1.338 thresh=0.009 onsetDelta=1.32941 baseline=0.00068 adaptive=0.00170 lastPeak=0.00000 guard=0.060 activeAge=-1.000 pitch=421.05Hz pitchCents=2323.8
2025-12-14 07:54:11 [tracker] [s6] onset t=16.995 env=0.00173 gate=0.00020 envDelta=0.00153 envFloor=0.00120 onset=0.997 thresh=0.018 onsetDelta=0.97858 baseline=0.00080 adaptive=0.00200 lastPeak=0.00000 guard=0.060 activeAge=-1.000 pitch=-1.00Hz pitchCents=0.0
2025-12-14 07:54:11 [tracker] [s2] onset t=17.064 env=0.00138 gate=0.00001 envDelta=0.00137 envFloor=0.00109 onset=1.082 thresh=0.009 onsetDelta=1.07313 baseline=0.00073 adaptive=0.00181 lastPeak=0.00000 guard=0.060 activeAge=-1.000 pitch=-1.00Hz pitchCents=0.0
2025-12-14 07:54:11 [tracker] [s1] aubio-raw t=17.0778 onset=0.543966 env=0.000954 peak=0.002294 gain=1.000
2025-12-14 07:54:11 [tracker] [s1] onset-accepted t=17.0778 env=0.000954 gate=0.000025 envDelta=0.000929 envFloor=0.000672 onset=0.543966 thresh=0.006000 onsetDelta=0.537966 baseline=0.000448 floor=0.000180 adapt=0.001121 lastPeak=0.000342 baseParam=0.000180 gateRatio=0.0550 envParam=0.000450 onsetScale=0.300 retriggerScale=1.400 guard=0.060 guardRemain=0.000 activeAge=-1.000 retrigRemain=0.000 pitchHz=-1.00 pitchCents=0.0
2025-12-14 07:54:11 [tracker] [s1] onset t=17.078 env=0.00095 gate=0.00002 envDelta=0.00093 envFloor=0.00067 onset=0.544 thresh=0.006 onsetDelta=0.53797 baseline=0.00045 adaptive=0.00112 lastPeak=0.00034 guard=0.060 activeAge=-1.000 pitch=-1.00Hz pitchCents=0.0
2025-12-14 07:54:11 [tracker] [s5] onset t=17.187 env=0.00171 gate=0.00015 envDelta=0.00156 envFloor=0.00109 onset=0.999 thresh=0.016 onsetDelta=0.98324 baseline=0.00073 adaptive=0.00182 lastPeak=0.00000 guard=0.060 activeAge=-1.000 pitch=-1.00Hz pitchCents=0.0
2025-12-14 07:54:11 [tracker] [s2] onset t=17.198 env=0.00165 gate=0.00001 envDelta=0.00164 envFloor=0.00103 onset=1.130 thresh=0.009 onsetDelta=1.12147 baseline=0.00069 adaptive=0.00172 lastPeak=0.00000 guard=0.060 activeAge=-1.000 pitch=-1.00Hz pitchCents=0.0
2025-12-14 07:54:11 [tracker] [s3] onset t=17.206 env=0.00124 gate=0.00008 envDelta=0.00116 envFloor=0.00088 onset=1.158 thresh=0.012 onsetDelta=1.14680 baseline=0.00059 adaptive=0.00147 lastPeak=0.00000 guard=0.060 activeAge=-1.000 pitch=-1.00Hz pitchCents=0.0
2025-12-14 07:54:11 [tracker] [s1] aubio-raw t=17.2884 onset=1.390541 env=0.000571 peak=0.001499 gain=1.000
2025-12-14 07:54:11 [tracker] [s1] onset-below-env-floor t=17.2884 env=0.000571 gate=0.000023 envDelta=0.000548 envFloor=0.000628 onset=1.390541 thresh=0.006000 onsetDelta=1.384541 baseline=0.000419 floor=0.000180 adapt=0.001047 lastPeak=0.000230 baseParam=0.000180 gateRatio=0.0550 envParam=0.000450 onsetScale=0.300 retriggerScale=1.400 guard=0.060 guardRemain=0.000 activeAge=-1.000 retrigRemain=0.000 pitchHz=-1.00 pitchCents=0.0
2025-12-14 07:54:11 [tracker] [s3] onset t=17.310 env=0.00164 gate=0.00008 envDelta=0.00157 envFloor=0.00089 onset=0.766 thresh=0.012 onsetDelta=0.75416 baseline=0.00060 adaptive=0.00149 lastPeak=0.00000 guard=0.060 activeAge=-1.000 pitch=-1.00Hz pitchCents=0.0
2025-12-14 07:54:11 [tracker] [s1] aubio-raw t=17.3737 onset=0.827210 env=0.000908 peak=0.002202 gain=1.000
2025-12-14 07:54:11 [tracker] [s1] onset-accepted t=17.3737 env=0.000908 gate=0.000023 envDelta=0.000886 envFloor=0.000617 onset=0.827210 thresh=0.006000 onsetDelta=0.821210 baseline=0.000411 floor=0.000180 adapt=0.001028 lastPeak=0.000196 baseParam=0.000180 gateRatio=0.0550 envParam=0.000450 onsetScale=0.300 retriggerScale=1.400 guard=0.060 guardRemain=0.000 activeAge=-1.000 retrigRemain=0.000 pitchHz=-1.00 pitchCents=0.0
2025-12-14 07:54:11 [tracker] [s1] onset t=17.374 env=0.00091 gate=0.00002 envDelta=0.00089 envFloor=0.00062 onset=0.827 thresh=0.006 onsetDelta=0.82121 baseline=0.00041 adaptive=0.00103 lastPeak=0.00020 guard=0.060 activeAge=-1.000 pitch=-1.00Hz pitchCents=0.0
2025-12-14 07:54:11 [tracker] [s6] onset t=17.374 env=0.00178 gate=0.00020 envDelta=0.00159 envFloor=0.00118 onset=0.781 thresh=0.018 onsetDelta=0.76340 baseline=0.00079 adaptive=0.00197 lastPeak=0.00000 guard=0.060 activeAge=-1.000 pitch=-1.00Hz pitchCents=0.0
2025-12-14 07:54:11 [tracker] [s1] aubio-raw t=17.4271 onset=0.581979 env=0.000927 peak=0.002361 gain=1.000
2025-12-14 07:54:11 [tracker] [s1] onset-accepted t=17.4271 env=0.000927 gate=0.000021 envDelta=0.000906 envFloor=0.000584 onset=0.581979 thresh=0.006000 onsetDelta=0.575979 baseline=0.000389 floor=0.000180 adapt=0.000973 lastPeak=0.000177 baseParam=0.000180 gateRatio=0.0550 envParam=0.000450 onsetScale=0.300 retriggerScale=1.400 guard=0.060 guardRemain=0.000 activeAge=-1.000 retrigRemain=0.000 pitchHz=-1.00 pitchCents=0.0
2025-12-14 07:54:11 [tracker] [s1] onset t=17.427 env=0.00093 gate=0.00002 envDelta=0.00091 envFloor=0.00058 onset=0.582 thresh=0.006 onsetDelta=0.57598 baseline=0.00039 adaptive=0.00097 lastPeak=0.00018 guard=0.060 activeAge=-1.000 pitch=-1.00Hz pitchCents=0.0
2025-12-14 07:54:11 [tracker] [s1] aubio-raw t=17.4937 onset=0.997562 env=0.001500 peak=0.002798 gain=1.000
2025-12-14 07:54:11 [tracker] [s1] onset-accepted t=17.4937 env=0.001500 gate=0.000024 envDelta=0.001475 envFloor=0.000659 onset=0.997562 thresh=0.006000 onsetDelta=0.991562 baseline=0.000439 floor=0.000180 adapt=0.001099 lastPeak=0.000156 baseParam=0.000180 gateRatio=0.0550 envParam=0.000450 onsetScale=0.300 retriggerScale=1.400 guard=0.060 guardRemain=0.000 activeAge=-1.000 retrigRemain=0.000 pitchHz=-1.00 pitchCents=0.0
2025-12-14 07:54:11 [tracker] [s1] onset t=17.494 env=0.00150 gate=0.00002 envDelta=0.00148 envFloor=0.00066 onset=0.998 thresh=0.006 onsetDelta=0.99156 baseline=0.00044 adaptive=0.00110 lastPeak=0.00016 guard=0.060 activeAge=-1.000 pitch=-1.00Hz pitchCents=0.0
2025-12-14 07:54:11 [tracker] [s1] aubio-raw t=17.6164 onset=0.964552 env=0.001092 peak=0.002527 gain=1.000
2025-12-14 07:54:11 [tracker] [s1] onset-accepted t=17.6164 env=0.001092 gate=0.000024 envDelta=0.001069 envFloor=0.000641 onset=0.964552 thresh=0.006000 onsetDelta=0.958552 baseline=0.000427 floor=0.000180 adapt=0.001069 lastPeak=0.000124 baseParam=0.000180 gateRatio=0.0550 envParam=0.000450 onsetScale=0.300 retriggerScale=1.400 guard=0.060 guardRemain=0.000 activeAge=-1.000 retrigRemain=0.000 pitchHz=-1.00 pitchCents=0.0
2025-12-14 07:54:11 [tracker] [s1] onset t=17.616 env=0.00109 gate=0.00002 envDelta=0.00107 envFloor=0.00064 onset=0.965 thresh=0.006 onsetDelta=0.95855 baseline=0.00043 adaptive=0.00107 lastPeak=0.00012 guard=0.060 activeAge=-1.000 pitch=-1.00Hz pitchCents=0.0
2025-12-14 07:54:11 [tracker] [s2] onset t=17.638 env=0.00124 gate=0.00001 envDelta=0.00123 envFloor=0.00108 onset=1.407 thresh=0.009 onsetDelta=1.39791 baseline=0.00072 adaptive=0.00180 lastPeak=0.00000 guard=0.060 activeAge=-1.000 pitch=-1.00Hz pitchCents=0.0
2025-12-14 07:54:11 [tracker] [s3] onset t=17.710 env=0.00163 gate=0.00008 envDelta=0.00155 envFloor=0.00092 onset=0.862 thresh=0.012 onsetDelta=0.85064 baseline=0.00061 adaptive=0.00154 lastPeak=0.00000 guard=0.060 activeAge=-1.000 pitch=-1.00Hz pitchCents=0.0
2025-12-14 07:54:11 [tracker] [s4] onset t=17.715 env=0.00143 gate=0.00011 envDelta=0.00131 envFloor=0.00099 onset=0.913 thresh=0.014 onsetDelta=0.89942 baseline=0.00066 adaptive=0.00164 lastPeak=0.00000 guard=0.060 activeAge=-1.000 pitch=-1.00Hz pitchCents=0.0
2025-12-14 07:54:11 [tracker] [s4] onset t=17.774 env=0.00134 gate=0.00011 envDelta=0.00123 envFloor=0.00097 onset=1.038 thresh=0.014 onsetDelta=1.02386 baseline=0.00065 adaptive=0.00162 lastPeak=0.00000 guard=0.060 activeAge=-1.000 pitch=-1.00Hz pitchCents=0.0
2025-12-14 07:54:11 [tracker] [s6] onset t=17.840 env=0.00238 gate=0.00022 envDelta=0.00216 envFloor=0.00130 onset=1.002 thresh=0.018 onsetDelta=0.98402 baseline=0.00087 adaptive=0.00217 lastPeak=0.00000 guard=0.060 activeAge=-1.000 pitch=-1.00Hz pitchCents=0.0
2025-12-14 07:54:11 [tracker] [s5] onset t=17.872 env=0.00183 gate=0.00015 envDelta=0.00168 envFloor=0.00111 onset=0.630 thresh=0.016 onsetDelta=0.61405 baseline=0.00074 adaptive=0.00184 lastPeak=0.00000 guard=0.060 activeAge=-1.000 pitch=-1.00Hz pitchCents=0.0
2025-12-14 07:54:11 [tracker] [s1] aubio-raw t=17.8857 onset=0.997357 env=0.001292 peak=0.003219 gain=1.000
2025-12-14 07:54:11 [tracker] [s1] onset t=17.886 env=0.00129 gate=0.00002 envDelta=0.00127 envFloor=0.00067 onset=0.997 thresh=0.006 onsetDelta=0.99136 baseline=0.00045 adaptive=0.00112 lastPeak=0.00007 guard=0.060 activeAge=-1.000 pitch=-1.00Hz pitchCents=0.0
2025-12-14 07:54:12 [tracker] [s5] onset t=17.928 env=0.00157 gate=0.00016 envDelta=0.00141 envFloor=0.00111 onset=0.771 thresh=0.016 onsetDelta=0.75475 baseline=0.00074 adaptive=0.00186 lastPeak=0.00000 guard=0.060 activeAge=-1.000 pitch=-1.00Hz pitchCents=0.0
2025-12-14 07:54:12 [tracker] [s5] onset t=18.104 env=0.00153 gate=0.00015 envDelta=0.00138 envFloor=0.00107 onset=1.117 thresh=0.016 onsetDelta=1.10144 baseline=0.00071 adaptive=0.00178 lastPeak=0.00000 guard=0.060 activeAge=-1.000 pitch=-1.00Hz pitchCents=0.0
2025-12-14 07:54:12 [tracker] [s6] onset t=18.155 env=0.00183 gate=0.00019 envDelta=0.00164 envFloor=0.00115 onset=1.091 thresh=0.018 onsetDelta=1.07279 baseline=0.00077 adaptive=0.00192 lastPeak=0.00000 guard=0.060 activeAge=-1.000 pitch=-1.00Hz pitchCents=0.0
2025-12-14 07:54:12 [tracker] [s3] onset t=18.222 env=0.00139 gate=0.00009 envDelta=0.00130 envFloor=0.00098 onset=1.409 thresh=0.012 onsetDelta=1.39702 baseline=0.00065 adaptive=0.00164 lastPeak=0.00000 guard=0.060 activeAge=-1.000 pitch=-1.00Hz pitchCents=0.0
2025-12-14 07:54:12 [tracker] [s5] onset t=18.320 env=0.00176 gate=0.00016 envDelta=0.00161 envFloor=0.00112 onset=1.132 thresh=0.016 onsetDelta=1.11568 baseline=0.00075 adaptive=0.00187 lastPeak=0.00000 guard=0.060 activeAge=-1.000 pitch=-1.00Hz pitchCents=0.0
2025-12-14 07:54:12 [tracker] [s5] onset t=18.427 env=0.00152 gate=0.00015 envDelta=0.00137 envFloor=0.00105 onset=0.996 thresh=0.016 onsetDelta=0.98026 baseline=0.00070 adaptive=0.00175 lastPeak=0.00000 guard=0.060 activeAge=-1.000 pitch=-1.00Hz pitchCents=0.0
2025-12-14 07:54:12 [tracker] [s2] onset t=18.483 env=0.00155 gate=0.00001 envDelta=0.00154 envFloor=0.00100 onset=1.184 thresh=0.009 onsetDelta=1.17487 baseline=0.00066 adaptive=0.00166 lastPeak=0.00000 guard=0.060 activeAge=-1.000 pitch=363.70Hz pitchCents=2070.3
2025-12-14 07:54:12 [tracker] [s2] onset t=18.563 env=0.00128 gate=0.00001 envDelta=0.00128 envFloor=0.00103 onset=0.846 thresh=0.009 onsetDelta=0.83683 baseline=0.00068 adaptive=0.00171 lastPeak=0.00000 guard=0.060 activeAge=-1.000 pitch=-1.00Hz pitchCents=0.0
2025-12-14 07:54:12 [tracker] [s4] onset t=18.643 env=0.00169 gate=0.00011 envDelta=0.00158 envFloor=0.00097 onset=1.104 thresh=0.014 onsetDelta=1.09048 baseline=0.00065 adaptive=0.00161 lastPeak=0.00000 guard=0.060 activeAge=-1.000 pitch=-1.00Hz pitchCents=0.0
2025-12-14 07:54:12 [tracker] [s1] aubio-raw t=18.7736 onset=1.423794 env=0.000726 peak=0.001918 gain=1.000
2025-12-14 07:54:12 [tracker] [s1] onset-accepted t=18.7736 env=0.000726 gate=0.000024 envDelta=0.000702 envFloor=0.000651 onset=1.423794 thresh=0.006000 onsetDelta=1.417794 baseline=0.000434 floor=0.000180 adapt=0.001085 lastPeak=0.000014 baseParam=0.000180 gateRatio=0.0550 envParam=0.000450 onsetScale=0.300 retriggerScale=1.400 guard=0.060 guardRemain=0.000 activeAge=-1.000 retrigRemain=0.000 pitchHz=319.98 pitchCents=2348.6
2025-12-14 07:54:12 [tracker] [s1] onset t=18.774 env=0.00073 gate=0.00002 envDelta=0.00070 envFloor=0.00065 onset=1.424 thresh=0.006 onsetDelta=1.41779 baseline=0.00043 adaptive=0.00108 lastPeak=0.00001 guard=0.060 activeAge=-1.000 pitch=319.98Hz pitchCents=2348.6
2025-12-14 07:54:12 [tracker] [s4] onset t=18.811 env=0.00148 gate=0.00011 envDelta=0.00137 envFloor=0.00093 onset=0.904 thresh=0.014 onsetDelta=0.89025 baseline=0.00062 adaptive=0.00155 lastPeak=0.00000 guard=0.060 activeAge=-1.000 pitch=-1.00Hz pitchCents=0.0
2025-12-14 07:54:12 [tracker] [s6] onset t=18.896 env=0.00189 gate=0.00019 envDelta=0.00170 envFloor=0.00117 onset=0.916 thresh=0.018 onsetDelta=0.89769 baseline=0.00078 adaptive=0.00195 lastPeak=0.00000 guard=0.060 activeAge=-1.000 pitch=-1.00Hz pitchCents=0.0
2025-12-14 07:54:13 [tracker] [s5] onset t=18.958 env=0.00142 gate=0.00015 envDelta=0.00128 envFloor=0.00107 onset=0.796 thresh=0.016 onsetDelta=0.78003 baseline=0.00071 adaptive=0.00178 lastPeak=0.00000 guard=0.060 activeAge=-1.000 pitch=-1.00Hz pitchCents=0.0
2025-12-14 07:54:13 [tracker] [s3] onset t=18.974 env=0.00118 gate=0.00008 envDelta=0.00110 envFloor=0.00093 onset=0.998 thresh=0.012 onsetDelta=0.98631 baseline=0.00062 adaptive=0.00154 lastPeak=0.00000 guard=0.060 activeAge=-1.000 pitch=-1.00Hz pitchCents=0.0
2025-12-14 07:54:13 [tracker] [s1] aubio-raw t=18.9950 onset=0.997505 env=0.000941 peak=0.002573 gain=1.000
2025-12-14 07:54:13 [tracker] [s1] onset-accepted t=18.9950 env=0.000941 gate=0.000024 envDelta=0.000918 envFloor=0.000647 onset=0.997505 thresh=0.006000 onsetDelta=0.991505 baseline=0.000431 floor=0.000180 adapt=0.001079 lastPeak=0.000009 baseParam=0.000180 gateRatio=0.0550 envParam=0.000450 onsetScale=0.300 retriggerScale=1.400 guard=0.060 guardRemain=0.000 activeAge=-1.000 retrigRemain=0.000 pitchHz=-1.00 pitchCents=0.0
2025-12-14 07:54:13 [tracker] [s1] onset t=18.995 env=0.00094 gate=0.00002 envDelta=0.00092 envFloor=0.00065 onset=0.998 thresh=0.006 onsetDelta=0.99151 baseline=0.00043 adaptive=0.00108 lastPeak=0.00001 guard=0.060 activeAge=-1.000 pitch=-1.00Hz pitchCents=0.0
2025-12-14 07:54:13 [tracker] [s2] onset t=19.006 env=0.00126 gate=0.00001 envDelta=0.00125 envFloor=0.00101 onset=1.001 thresh=0.009 onsetDelta=0.99154 baseline=0.00067 adaptive=0.00169 lastPeak=0.00000 guard=0.060 activeAge=-1.000 pitch=-1.00Hz pitchCents=0.0
2025-12-14 07:54:13 [tracker] [s2] onset t=19.158 env=0.00130 gate=0.00001 envDelta=0.00130 envFloor=0.00099 onset=0.870 thresh=0.009 onsetDelta=0.86055 baseline=0.00066 adaptive=0.00165 lastPeak=0.00000 guard=0.060 activeAge=-1.000 pitch=571.40Hz pitchCents=2852.4
2025-12-14 07:54:13 [tracker] [s5] onset t=19.163 env=0.00125 gate=0.00015 envDelta=0.00110 envFloor=0.00106 onset=0.554 thresh=0.016 onsetDelta=0.53763 baseline=0.00071 adaptive=0.00176 lastPeak=0.00000 guard=0.060 activeAge=-1.000 pitch=-1.00Hz pitchCents=0.0
2025-12-14 07:54:13 [tracker] [s6] onset t=19.291 env=0.00219 gate=0.00020 envDelta=0.00199 envFloor=0.00120 onset=0.865 thresh=0.018 onsetDelta=0.84702 baseline=0.00080 adaptive=0.00200 lastPeak=0.00000 guard=0.060 activeAge=-1.000 pitch=-1.00Hz pitchCents=0.0
2025-12-14 07:54:13 [tracker] [s2] onset t=19.299 env=0.00164 gate=0.00001 envDelta=0.00163 envFloor=0.00093 onset=1.100 thresh=0.009 onsetDelta=1.09069 baseline=0.00062 adaptive=0.00155 lastPeak=0.00000 guard=0.060 activeAge=-1.000 pitch=-1.00Hz pitchCents=0.0
2025-12-14 07:54:13 [tracker] [s6] onset t=19.451 env=0.00207 gate=0.00022 envDelta=0.00185 envFloor=0.00131 onset=0.996 thresh=0.018 onsetDelta=0.97822 baseline=0.00087 adaptive=0.00218 lastPeak=0.00000 guard=0.060 activeAge=-1.000 pitch=-1.00Hz pitchCents=0.0
2025-12-14 07:54:13 [tracker] [s3] onset t=19.544 env=0.00142 gate=0.00008 envDelta=0.00134 envFloor=0.00094 onset=1.024 thresh=0.012 onsetDelta=1.01206 baseline=0.00063 adaptive=0.00157 lastPeak=0.00000 guard=0.060 activeAge=-1.000 pitch=-1.00Hz pitchCents=0.0
2025-12-14 07:54:13 [tracker] [s5] onset t=19.595 env=0.00175 gate=0.00015 envDelta=0.00159 envFloor=0.00108 onset=0.821 thresh=0.016 onsetDelta=0.80474 baseline=0.00072 adaptive=0.00180 lastPeak=0.00000 guard=0.060 activeAge=-1.000 pitch=-1.00Hz pitchCents=0.0
2025-12-14 07:54:13 [tracker] [s2] onset t=19.611 env=0.00199 gate=0.00001 envDelta=0.00198 envFloor=0.00103 onset=0.999 thresh=0.009 onsetDelta=0.98988 baseline=0.00068 adaptive=0.00171 lastPeak=0.00000 guard=0.060 activeAge=-1.000 pitch=190.42Hz pitchCents=950.0
2025-12-14 07:54:13 [tracker] [s2] onset t=19.670 env=0.00105 gate=0.00001 envDelta=0.00104 envFloor=0.00094 onset=0.996 thresh=0.009 onsetDelta=0.98705 baseline=0.00063 adaptive=0.00157 lastPeak=0.00000 guard=0.060 activeAge=-1.000 pitch=-1.00Hz pitchCents=0.0
2025-12-14 07:54:13 [tracker] [s4] onset t=19.755 env=0.00147 gate=0.00011 envDelta=0.00136 envFloor=0.00099 onset=0.890 thresh=0.014 onsetDelta=0.87598 baseline=0.00066 adaptive=0.00165 lastPeak=0.00000 guard=0.060 activeAge=-1.000 pitch=-1.00Hz pitchCents=0.0
2025-12-14 07:54:13 [tracker] [s2] onset t=19.787 env=0.00127 gate=0.00001 envDelta=0.00126 envFloor=0.00096 onset=0.888 thresh=0.009 onsetDelta=0.87875 baseline=0.00064 adaptive=0.00160 lastPeak=0.00000 guard=0.060 activeAge=-1.000 pitch=666.66Hz pitchCents=3119.3
2025-12-14 07:54:13 [tracker] [s6] onset t=19.851 env=0.00206 gate=0.00022 envDelta=0.00184 envFloor=0.00129 onset=0.968 thresh=0.018 onsetDelta=0.95025 baseline=0.00086 adaptive=0.00215 lastPeak=0.00000 guard=0.060 activeAge=-1.000 pitch=-1.00Hz pitchCents=0.0
2025-12-14 07:54:14 [tracker] [s3] onset t=19.910 env=0.00176 gate=0.00008 envDelta=0.00168 envFloor=0.00095 onset=1.035 thresh=0.012 onsetDelta=1.02322 baseline=0.00063 adaptive=0.00158 lastPeak=0.00000 guard=0.060 activeAge=-1.000 pitch=-1.00Hz pitchCents=0.0
2025-12-14 07:54:14 [tracker] [s1] aubio-raw t=19.9362 onset=0.537228 env=0.000806 peak=0.001806 gain=1.000
2025-12-14 07:54:14 [tracker] [s1] onset-accepted t=19.9362 env=0.000806 gate=0.000022 envDelta=0.000784 envFloor=0.000610 onset=0.537228 thresh=0.006000 onsetDelta=0.531228 baseline=0.000407 floor=0.000180 adapt=0.001017 lastPeak=0.000002 baseParam=0.000180 gateRatio=0.0550 envParam=0.000450 onsetScale=0.300 retriggerScale=1.400 guard=0.060 guardRemain=0.000 activeAge=-1.000 retrigRemain=0.000 pitchHz=-1.00 pitchCents=0.0
2025-12-14 07:54:14 [tracker] [s1] onset t=19.936 env=0.00081 gate=0.00002 envDelta=0.00078 envFloor=0.00061 onset=0.537 thresh=0.006 onsetDelta=0.53123 baseline=0.00041 adaptive=0.00102 lastPeak=0.00000 guard=0.060 activeAge=-1.000 pitch=-1.00Hz pitchCents=0.0
2025-12-14 07:54:14 [tracker] [s2] onset t=20.040 env=0.00208 gate=0.00001 envDelta=0.00207 envFloor=0.00099 onset=1.224 thresh=0.009 onsetDelta=1.21491 baseline=0.00066 adaptive=0.00166 lastPeak=0.00000 guard=0.060 activeAge=-1.000 pitch=-1.00Hz pitchCents=0.0
2025-12-14 07:54:14 [tracker] [s6] onset t=20.208 env=0.00191 gate=0.00022 envDelta=0.00169 envFloor=0.00130 onset=1.001 thresh=0.018 onsetDelta=0.98294 baseline=0.00087 adaptive=0.00217 lastPeak=0.00000 guard=0.060 activeAge=-1.000 pitch=-1.00Hz pitchCents=0.0
2025-12-14 07:54:14 [tracker] [s1] aubio-raw t=20.2162 onset=1.337239 env=0.000836 peak=0.001997 gain=1.000
2025-12-14 07:54:14 [tracker] [s1] onset-accepted t=20.2162 env=0.000836 gate=0.000025 envDelta=0.000812 envFloor=0.000671 onset=1.337239 thresh=0.006000 onsetDelta=1.331239 baseline=0.000448 floor=0.000180 adapt=0.001119 lastPeak=0.000001 baseParam=0.000180 gateRatio=0.0550 envParam=0.000450 onsetScale=0.300 retriggerScale=1.400 guard=0.060 guardRemain=0.000 activeAge=-1.000 retrigRemain=0.000 pitchHz=-1.00 pitchCents=0.0
2025-12-14 07:54:14 [tracker] [s1] onset t=20.216 env=0.00084 gate=0.00002 envDelta=0.00081 envFloor=0.00067 onset=1.337 thresh=0.006 onsetDelta=1.33124 baseline=0.00045 adaptive=0.00112 lastPeak=0.00000 guard=0.060 activeAge=-1.000 pitch=-1.00Hz pitchCents=0.0
2025-12-14 07:54:14 [tracker] [s4] onset t=20.230 env=0.00126 gate=0.00011 envDelta=0.00115 envFloor=0.00097 onset=0.930 thresh=0.014 onsetDelta=0.91642 baseline=0.00064 adaptive=0.00161 lastPeak=0.00000 guard=0.060 activeAge=-1.000 pitch=-1.00Hz pitchCents=0.0
2025-12-14 07:54:14 [tracker] [s2] onset t=20.262 env=0.00130 gate=0.00001 envDelta=0.00129 envFloor=0.00105 onset=0.621 thresh=0.009 onsetDelta=0.61218 baseline=0.00070 adaptive=0.00175 lastPeak=0.00000 guard=0.060 activeAge=-1.000 pitch=-1.00Hz pitchCents=0.0
2025-12-14 07:54:14 [tracker] [s3] onset t=20.283 env=0.00145 gate=0.00008 envDelta=0.00137 envFloor=0.00092 onset=0.996 thresh=0.012 onsetDelta=0.98396 baseline=0.00061 adaptive=0.00153 lastPeak=0.00000 guard=0.060 activeAge=-1.000 pitch=-1.00Hz pitchCents=0.0
2025-12-14 07:54:14 [tracker] [s3] onset t=20.438 env=0.00122 gate=0.00008 envDelta=0.00114 envFloor=0.00090 onset=0.995 thresh=0.012 onsetDelta=0.98303 baseline=0.00060 adaptive=0.00150 lastPeak=0.00000 guard=0.060 activeAge=-1.000 pitch=-1.00Hz pitchCents=0.0
2025-12-14 07:54:14 [tracker] [s6] onset t=20.544 env=0.00205 gate=0.00021 envDelta=0.00184 envFloor=0.00127 onset=0.797 thresh=0.018 onsetDelta=0.77935 baseline=0.00085 adaptive=0.00212 lastPeak=0.00000 guard=0.060 activeAge=-1.000 pitch=-1.00Hz pitchCents=0.0
2025-12-14 07:54:14 [tracker] [s4] onset t=20.619 env=0.00116 gate=0.00011 envDelta=0.00104 envFloor=0.00101 onset=1.079 thresh=0.014 onsetDelta=1.06509 baseline=0.00067 adaptive=0.00168 lastPeak=0.00000 guard=0.060 activeAge=-1.000 pitch=-1.00Hz pitchCents=0.0
2025-12-14 07:54:14 [tracker] [s2] onset t=20.704 env=0.00106 gate=0.00001 envDelta=0.00106 envFloor=0.00100 onset=0.872 thresh=0.009 onsetDelta=0.86329 baseline=0.00067 adaptive=0.00167 lastPeak=0.00000 guard=0.060 activeAge=-1.000 pitch=249.98Hz pitchCents=1421.2
2025-12-14 07:54:14 [tracker] [s3] onset t=20.747 env=0.00133 gate=0.00008 envDelta=0.00125 envFloor=0.00089 onset=0.835 thresh=0.012 onsetDelta=0.82301 baseline=0.00059 adaptive=0.00148 lastPeak=0.00000 guard=0.060 activeAge=-1.000 pitch=-1.00Hz pitchCents=0.0
2025-12-14 07:54:14 [tracker] [s6] onset t=20.821 env=0.00203 gate=0.00020 envDelta=0.00183 envFloor=0.00120 onset=0.558 thresh=0.018 onsetDelta=0.53994 baseline=0.00080 adaptive=0.00200 lastPeak=0.00000 guard=0.060 activeAge=-1.000 pitch=-1.00Hz pitchCents=0.0
2025-12-14 07:54:14 [tracker] [s5] onset t=20.883 env=0.00158 gate=0.00015 envDelta=0.00143 envFloor=0.00109 onset=0.999 thresh=0.016 onsetDelta=0.98286 baseline=0.00073 adaptive=0.00182 lastPeak=0.00000 guard=0.060 activeAge=-1.000 pitch=-1.00Hz pitchCents=0.0
2025-12-14 07:54:15 [tracker] [s2] onset t=20.936 env=0.00151 gate=0.00001 envDelta=0.00150 envFloor=0.00102 onset=0.956 thresh=0.009 onsetDelta=0.94702 baseline=0.00068 adaptive=0.00170 lastPeak=0.00000 guard=0.060 activeAge=-1.000 pitch=-1.00Hz pitchCents=0.0
2025-12-14 07:54:15 [tracker] [s1] aubio-raw t=20.9388 onset=0.755480 env=0.000842 peak=0.002144 gain=1.000
2025-12-14 07:54:15 [tracker] [s1] onset-accepted t=20.9388 env=0.000842 gate=0.000024 envDelta=0.000818 envFloor=0.000666 onset=0.755480 thresh=0.006000 onsetDelta=0.749480 baseline=0.000444 floor=0.000180 adapt=0.001110 lastPeak=0.000000 baseParam=0.000180 gateRatio=0.0550 envParam=0.000450 onsetScale=0.300 retriggerScale=1.400 guard=0.060 guardRemain=0.000 activeAge=-1.000 retrigRemain=0.000 pitchHz=-1.00 pitchCents=0.0
2025-12-14 07:54:15 [tracker] [s1] onset t=20.939 env=0.00084 gate=0.00002 envDelta=0.00082 envFloor=0.00067 onset=0.755 thresh=0.006 onsetDelta=0.74948 baseline=0.00044 adaptive=0.00111 lastPeak=0.00000 guard=0.060 activeAge=-1.000 pitch=-1.00Hz pitchCents=0.0
2025-12-14 07:54:15 [tracker] [s6] onset t=20.952 env=0.00199 gate=0.00022 envDelta=0.00177 envFloor=0.00134 onset=1.227 thresh=0.018 onsetDelta=1.20926 baseline=0.00089 adaptive=0.00223 lastPeak=0.00000 guard=0.060 activeAge=-1.000 pitch=-1.00Hz pitchCents=0.0
2025-12-14 07:54:15 [tracker] [s4] onset t=20.997 env=0.00161 gate=0.00011 envDelta=0.00150 envFloor=0.00101 onset=0.932 thresh=0.014 onsetDelta=0.91844 baseline=0.00067 adaptive=0.00168 lastPeak=0.00000 guard=0.060 activeAge=-1.000 pitch=-1.00Hz pitchCents=0.0
2025-12-14 07:54:15 [tracker] [s1] aubio-raw t=21.0695 onset=0.639946 env=0.000813 peak=0.002406 gain=1.000
2025-12-14 07:54:15 [tracker] [s1] onset-accepted t=21.0695 env=0.000813 gate=0.000023 envDelta=0.000790 envFloor=0.000628 onset=0.639946 thresh=0.006000 onsetDelta=0.633946 baseline=0.000418 floor=0.000180 adapt=0.001046 lastPeak=0.000000 baseParam=0.000180 gateRatio=0.0550 envParam=0.000450 onsetScale=0.300 retriggerScale=1.400 guard=0.060 guardRemain=0.000 activeAge=-1.000 retrigRemain=0.000 pitchHz=94.11 pitchCents=229.9
2025-12-14 07:54:15 [tracker] [s2] onset t=21.075 env=0.00145 gate=0.00001 envDelta=0.00145 envFloor=0.00090 onset=0.852 thresh=0.009 onsetDelta=0.84311 baseline=0.00060 adaptive=0.00150 lastPeak=0.00000 guard=0.060 activeAge=-1.000 pitch=571.51Hz pitchCents=2852.7
2025-12-14 07:54:15 [tracker] [s3] onset t=21.157 env=0.00162 gate=0.00008 envDelta=0.00154 envFloor=0.00091 onset=0.664 thresh=0.012 onsetDelta=0.65264 baseline=0.00061 adaptive=0.00152 lastPeak=0.00000 guard=0.060 activeAge=-1.000 pitch=-1.00Hz pitchCents=0.0
2025-12-14 07:54:15 [tracker] [s1] aubio-raw t=21.2561 onset=0.996053 env=0.001483 peak=0.003322 gain=1.000
2025-12-14 07:54:15 [tracker] [s1] onset-accepted t=21.2561 env=0.001483 gate=0.000024 envDelta=0.001459 envFloor=0.000655 onset=0.996053 thresh=0.006000 onsetDelta=0.990053 baseline=0.000437 floor=0.000180 adapt=0.001091 lastPeak=0.000000 baseParam=0.000180 gateRatio=0.0550 envParam=0.000450 onsetScale=0.300 retriggerScale=1.400 guard=0.060 guardRemain=0.000 activeAge=-1.000 retrigRemain=0.000 pitchHz=-1.00 pitchCents=0.0
2025-12-14 07:54:15 [tracker] [s2] onset t=21.301 env=0.00176 gate=0.00001 envDelta=0.00176 envFloor=0.00103 onset=0.914 thresh=0.009 onsetDelta=0.90540 baseline=0.00069 adaptive=0.00172 lastPeak=0.00000 guard=0.060 activeAge=-1.000 pitch=-1.00Hz pitchCents=0.0
2025-12-14 07:54:15 [tracker] [s4] onset t=21.328 env=0.00147 gate=0.00011 envDelta=0.00136 envFloor=0.00099 onset=0.996 thresh=0.014 onsetDelta=0.98196 baseline=0.00066 adaptive=0.00165 lastPeak=0.00000 guard=0.060 activeAge=-1.000 pitch=-1.00Hz pitchCents=0.0
2025-12-14 07:54:15 [tracker] [s3] onset t=21.483 env=0.00144 gate=0.00008 envDelta=0.00136 envFloor=0.00091 onset=1.156 thresh=0.012 onsetDelta=1.14465 baseline=0.00060 adaptive=0.00151 lastPeak=0.00000 guard=0.060 activeAge=-1.000 pitch=-1.00Hz pitchCents=0.0
2025-12-14 07:54:15 [tracker] [s5] onset t=21.555 env=0.00168 gate=0.00015 envDelta=0.00153 envFloor=0.00108 onset=0.905 thresh=0.016 onsetDelta=0.88899 baseline=0.00072 adaptive=0.00180 lastPeak=0.00000 guard=0.060 activeAge=-1.000 pitch=-1.00Hz pitchCents=0.0
2025-12-14 07:54:15 [tracker] [s2] onset t=21.621 env=0.00160 gate=0.00001 envDelta=0.00159 envFloor=0.00106 onset=1.352 thresh=0.009 onsetDelta=1.34346 baseline=0.00071 adaptive=0.00176 lastPeak=0.00000 guard=0.060 activeAge=-1.000 pitch=-1.00Hz pitchCents=0.0
2025-12-14 07:54:15 [tracker] [s6] onset t=21.645 env=0.00214 gate=0.00022 envDelta=0.00192 envFloor=0.00129 onset=1.048 thresh=0.018 onsetDelta=1.03027 baseline=0.00086 adaptive=0.00215 lastPeak=0.00000 guard=0.060 activeAge=-1.000 pitch=-1.00Hz pitchCents=0.0
2025-12-14 07:54:15 [tracker] [s1] aubio-raw t=21.7601 onset=0.974652 env=0.001273 peak=0.002638 gain=1.000
2025-12-14 07:54:15 [tracker] [s1] onset-accepted t=21.7601 env=0.001273 gate=0.000024 envDelta=0.001249 envFloor=0.000656 onset=0.974652 thresh=0.006000 onsetDelta=0.968652 baseline=0.000437 floor=0.000180 adapt=0.001093 lastPeak=0.000000 baseParam=0.000180 gateRatio=0.0550 envParam=0.000450 onsetScale=0.300 retriggerScale=1.400 guard=0.060 guardRemain=0.000 activeAge=-1.000 retrigRemain=0.000 pitchHz=-1.00 pitchCents=0.0
2025-12-14 07:54:15 [tracker] [s1] onset t=21.760 env=0.00127 gate=0.00002 envDelta=0.00125 envFloor=0.00066 onset=0.975 thresh=0.006 onsetDelta=0.96865 baseline=0.00044 adaptive=0.00109 lastPeak=0.00000 guard=0.060 activeAge=-1.000 pitch=-1.00Hz pitchCents=0.0
2025-12-14 07:54:15 [tracker] [s2] onset t=21.808 env=0.00197 gate=0.00001 envDelta=0.00196 envFloor=0.00113 onset=0.996 thresh=0.009 onsetDelta=0.98746 baseline=0.00075 adaptive=0.00188 lastPeak=0.00000 guard=0.060 activeAge=-1.000 pitch=-1.00Hz pitchCents=0.0
2025-12-14 07:54:15 [tracker] [s3] onset t=21.875 env=0.00144 gate=0.00008 envDelta=0.00137 envFloor=0.00087 onset=0.989 thresh=0.012 onsetDelta=0.97773 baseline=0.00058 adaptive=0.00146 lastPeak=0.00000 guard=0.060 activeAge=-1.000 pitch=-1.00Hz pitchCents=0.0
2025-12-14 07:54:15 [tracker] [s1] aubio-raw t=21.8801 onset=0.987712 env=0.000720 peak=0.001713 gain=1.000
2025-12-14 07:54:15 [tracker] [s1] onset-accepted t=21.8801 env=0.000720 gate=0.000021 envDelta=0.000699 envFloor=0.000581 onset=0.987712 thresh=0.006000 onsetDelta=0.981712 baseline=0.000388 floor=0.000180 adapt=0.000969 lastPeak=0.000000 baseParam=0.000180 gateRatio=0.0550 envParam=0.000450 onsetScale=0.300 retriggerScale=1.400 guard=0.060 guardRemain=0.000 activeAge=-1.000 retrigRemain=0.000 pitchHz=444.41 pitchCents=2917.3
2025-12-14 07:54:15 [tracker] [s1] onset t=21.880 env=0.00072 gate=0.00002 envDelta=0.00070 envFloor=0.00058 onset=0.988 thresh=0.006 onsetDelta=0.98171 baseline=0.00039 adaptive=0.00097 lastPeak=0.00000 guard=0.060 activeAge=-1.000 pitch=444.41Hz pitchCents=2917.3
2025-12-14 07:54:16 [tracker] [s3] onset t=22.016 env=0.00220 gate=0.00009 envDelta=0.00211 envFloor=0.00099 onset=0.999 thresh=0.012 onsetDelta=0.98708 baseline=0.00066 adaptive=0.00165 lastPeak=0.00000 guard=0.060 activeAge=-1.000 pitch=-1.00Hz pitchCents=0.0
2025-12-14 07:54:16 [tracker] [s4] onset t=22.040 env=0.00167 gate=0.00011 envDelta=0.00156 envFloor=0.00099 onset=1.251 thresh=0.014 onsetDelta=1.23718 baseline=0.00066 adaptive=0.00165 lastPeak=0.00000 guard=0.060 activeAge=-1.000 pitch=-1.00Hz pitchCents=0.0
2025-12-14 07:54:16 [tracker] [s2] onset t=22.053 env=0.00131 gate=0.00001 envDelta=0.00130 envFloor=0.00098 onset=0.920 thresh=0.009 onsetDelta=0.91062 baseline=0.00065 adaptive=0.00163 lastPeak=0.00000 guard=0.060 activeAge=-1.000 pitch=-1.00Hz pitchCents=0.0
2025-12-14 07:54:16 [tracker] [s1] aubio-raw t=22.0774 onset=1.091166 env=0.001021 peak=0.002400 gain=1.000
2025-12-14 07:54:16 [tracker] [s1] onset-accepted t=22.0774 env=0.001021 gate=0.000024 envDelta=0.000997 envFloor=0.000654 onset=1.091166 thresh=0.006000 onsetDelta=1.085166 baseline=0.000436 floor=0.000180 adapt=0.001090 lastPeak=0.000000 baseParam=0.000180 gateRatio=0.0550 envParam=0.000450 onsetScale=0.300 retriggerScale=1.400 guard=0.060 guardRemain=0.000 activeAge=-1.000 retrigRemain=0.000 pitchHz=-1.00 pitchCents=0.0
2025-12-14 07:54:16 [tracker] [s1] onset t=22.077 env=0.00102 gate=0.00002 envDelta=0.00100 envFloor=0.00065 onset=1.091 thresh=0.006 onsetDelta=1.08517 baseline=0.00044 adaptive=0.00109 lastPeak=0.00000 guard=0.060 activeAge=-1.000 pitch=-1.00Hz pitchCents=0.0
2025-12-14 07:54:16 [tracker] [s3] onset t=22.139 env=0.00168 gate=0.00008 envDelta=0.00160 envFloor=0.00096 onset=1.197 thresh=0.012 onsetDelta=1.18543 baseline=0.00064 adaptive=0.00160 lastPeak=0.00000 guard=0.060 activeAge=-1.000 pitch=-1.00Hz pitchCents=0.0
2025-12-14 07:54:16 [tracker] [s2] onset t=22.237 env=0.00128 gate=0.00001 envDelta=0.00127 envFloor=0.00093 onset=1.018 thresh=0.009 onsetDelta=1.00856 baseline=0.00062 adaptive=0.00155 lastPeak=0.00000 guard=0.060 activeAge=-1.000 pitch=666.81Hz pitchCents=3119.7
2025-12-14 07:54:16 [tracker] [s2] onset t=22.339 env=0.00145 gate=0.00001 envDelta=0.00144 envFloor=0.00099 onset=0.801 thresh=0.009 onsetDelta=0.79245 baseline=0.00066 adaptive=0.00165 lastPeak=0.00000 guard=0.060 activeAge=-1.000 pitch=320.04Hz pitchCents=1848.9
2025-12-14 07:54:16 [tracker] [s3] onset t=22.435 env=0.00135 gate=0.00008 envDelta=0.00127 envFloor=0.00094 onset=0.806 thresh=0.012 onsetDelta=0.79482 baseline=0.00063 adaptive=0.00156 lastPeak=0.00000 guard=0.060 activeAge=-1.000 pitch=-1.00Hz pitchCents=0.0
2025-12-14 07:54:16 [tracker] [s5] onset t=22.469 env=0.00177 gate=0.00016 envDelta=0.00161 envFloor=0.00114 onset=1.290 thresh=0.016 onsetDelta=1.27408 baseline=0.00076 adaptive=0.00191 lastPeak=0.00000 guard=0.060 activeAge=-1.000 pitch=-1.00Hz pitchCents=0.0
2025-12-14 07:54:16 [tracker] [s2] onset t=22.485 env=0.00117 gate=0.00001 envDelta=0.00116 envFloor=0.00100 onset=1.002 thresh=0.009 onsetDelta=0.99259 baseline=0.00099 adaptive=0.00167 lastPeak=0.00110 guard=0.060 activeAge=0.147 pitch=-1.00Hz pitchCents=0.0
2025-12-14 07:54:16 [tracker] [s2] note-ended (new onset) t=22.485 fret=13 dur=0.147
2025-12-14 07:54:16 [tracker] [s6] onset t=22.493 env=0.00212 gate=0.00022 envDelta=0.00190 envFloor=0.00133 onset=0.928 thresh=0.018 onsetDelta=0.90974 baseline=0.00089 adaptive=0.00222 lastPeak=0.00000 guard=0.060 activeAge=-1.000 pitch=-1.00Hz pitchCents=0.0
2025-12-14 07:54:16 [tracker] [s3] onset t=22.595 env=0.00182 gate=0.00008 envDelta=0.00174 envFloor=0.00095 onset=0.994 thresh=0.012 onsetDelta=0.98274 baseline=0.00063 adaptive=0.00159 lastPeak=0.00000 guard=0.060 activeAge=-1.000 pitch=-1.00Hz pitchCents=0.0
2025-12-14 07:54:16 [tracker] [s5] onset t=22.635 env=0.00160 gate=0.00015 envDelta=0.00146 envFloor=0.00104 onset=0.995 thresh=0.016 onsetDelta=0.97939 baseline=0.00069 adaptive=0.00173 lastPeak=0.00000 guard=0.060 activeAge=-1.000 pitch=-1.00Hz pitchCents=0.0
2025-12-14 07:54:16 [tracker] [s1] aubio-raw t=22.6427 onset=0.997196 env=0.000679 peak=0.001763 gain=1.000
2025-12-14 07:54:16 [tracker] [s1] onset-accepted t=22.6427 env=0.000679 gate=0.000023 envDelta=0.000655 envFloor=0.000638 onset=0.997196 thresh=0.006000 onsetDelta=0.991196 baseline=0.000425 floor=0.000180 adapt=0.001063 lastPeak=0.000000 baseParam=0.000180 gateRatio=0.0550 envParam=0.000450 onsetScale=0.300 retriggerScale=1.400 guard=0.060 guardRemain=0.000 activeAge=-1.000 retrigRemain=0.000 pitchHz=97.56 pitchCents=292.2
2025-12-14 07:54:16 [tracker] [s1] onset t=22.643 env=0.00068 gate=0.00002 envDelta=0.00066 envFloor=0.00064 onset=0.997 thresh=0.006 onsetDelta=0.99120 baseline=0.00043 adaptive=0.00106 lastPeak=0.00000 guard=0.060 activeAge=-1.000 pitch=97.56Hz pitchCents=292.2
2025-12-14 07:54:16 [tracker] [s1] note-start t=22.643 fret=4 midi=44 vel=0.01 env=0.00068
2025-12-14 07:54:16 [tracker] [s3] onset t=22.803 env=0.00120 gate=0.00008 envDelta=0.00112 envFloor=0.00096 onset=1.006 thresh=0.012 onsetDelta=0.99487 baseline=0.00064 adaptive=0.00160 lastPeak=0.00000 guard=0.060 activeAge=-1.000 pitch=-1.00Hz pitchCents=0.0
2025-12-14 07:54:17 [tracker] [s1] aubio-raw t=22.9200 onset=0.997331 env=0.000856 peak=0.002043 gain=1.000
2025-12-14 07:54:17 [tracker] [s1] onset-accepted t=22.9200 env=0.000856 gate=0.000023 envDelta=0.000833 envFloor=0.000633 onset=0.997331 thresh=0.006000 onsetDelta=0.991331 baseline=0.000422 floor=0.000180 adapt=0.001055 lastPeak=0.000403 baseParam=0.000180 gateRatio=0.0550 envParam=0.000450 onsetScale=0.300 retriggerScale=1.400 guard=0.060 guardRemain=0.000 activeAge=0.277 retrigRemain=0.000 pitchHz=296.29 pitchCents=2215.4
2025-12-14 07:54:17 [tracker] [s1] onset t=22.920 env=0.00086 gate=0.00002 envDelta=0.00083 envFloor=0.00063 onset=0.997 thresh=0.006 onsetDelta=0.99133 baseline=0.00042 adaptive=0.00106 lastPeak=0.00040 guard=0.060 activeAge=0.277 pitch=296.29Hz pitchCents=2215.4
2025-12-14 07:54:17 [tracker] [s1] note-ended (new onset) t=22.920 fret=4 dur=0.277
2025-12-14 07:54:17 [tracker] [s2] onset t=22.949 env=0.00167 gate=0.00001 envDelta=0.00166 envFloor=0.00099 onset=1.023 thresh=0.009 onsetDelta=1.01404 baseline=0.00066 adaptive=0.00165 lastPeak=0.00046 guard=0.060 activeAge=-1.000 pitch=-1.00Hz pitchCents=0.0
2025-12-14 07:54:17 [tracker] [s5] onset t=22.968 env=0.00141 gate=0.00015 envDelta=0.00126 envFloor=0.00107 onset=0.902 thresh=0.016 onsetDelta=0.88560 baseline=0.00072 adaptive=0.00179 lastPeak=0.00000 guard=0.060 activeAge=-1.000 pitch=-1.00Hz pitchCents=0.0
2025-12-14 07:54:17 [tracker] [s2] onset t=23.032 env=0.00168 gate=0.00001 envDelta=0.00167 envFloor=0.00098 onset=0.842 thresh=0.009 onsetDelta=0.83348 baseline=0.00066 adaptive=0.00164 lastPeak=0.00039 guard=0.060 activeAge=-1.000 pitch=-1.00Hz pitchCents=0.0
2025-12-14 07:54:17 [tracker] [s2] onset t=23.240 env=0.00141 gate=0.00001 envDelta=0.00140 envFloor=0.00103 onset=0.995 thresh=0.009 onsetDelta=0.98571 baseline=0.00069 adaptive=0.00172 lastPeak=0.00027 guard=0.060 activeAge=-1.000 pitch=-1.00Hz pitchCents=0.0
2025-12-14 07:54:17 [tracker] [s4] onset t=23.275 env=0.00151 gate=0.00012 envDelta=0.00139 envFloor=0.00102 onset=1.313 thresh=0.014 onsetDelta=1.29890 baseline=0.00068 adaptive=0.00171 lastPeak=0.00000 guard=0.060 activeAge=-1.000 pitch=-1.00Hz pitchCents=0.0
2025-12-14 07:54:17 [tracker] [s5] onset t=23.365 env=0.00162 gate=0.00015 envDelta=0.00147 envFloor=0.00108 onset=0.997 thresh=0.016 onsetDelta=0.98129 baseline=0.00072 adaptive=0.00181 lastPeak=0.00000 guard=0.060 activeAge=-1.000 pitch=-1.00Hz pitchCents=0.0
2025-12-14 07:54:17 [tracker] [s4] onset t=23.405 env=0.00188 gate=0.00011 envDelta=0.00176 envFloor=0.00101 onset=1.017 thresh=0.014 onsetDelta=1.00330 baseline=0.00067 adaptive=0.00168 lastPeak=0.00000 guard=0.060 activeAge=-1.000 pitch=-1.00Hz pitchCents=0.0
2025-12-14 07:54:17 [tracker] [s5] onset t=23.459 env=0.00148 gate=0.00014 envDelta=0.00134 envFloor=0.00102 onset=1.265 thresh=0.016 onsetDelta=1.24889 baseline=0.00068 adaptive=0.00170 lastPeak=0.00000 guard=0.060 activeAge=-1.000 pitch=-1.00Hz pitchCents=0.0
2025-12-14 07:54:17 [tracker] [s3] onset t=23.469 env=0.00179 gate=0.00008 envDelta=0.00171 envFloor=0.00098 onset=1.116 thresh=0.012 onsetDelta=1.10468 baseline=0.00065 adaptive=0.00163 lastPeak=0.00000 guard=0.060 activeAge=-1.000 pitch=-1.00Hz pitchCents=0.0
2025-12-14 07:54:17 [tracker] [s2] onset t=23.488 env=0.00119 gate=0.00001 envDelta=0.00118 envFloor=0.00098 onset=1.043 thresh=0.009 onsetDelta=1.03429 baseline=0.00065 adaptive=0.00163 lastPeak=0.00017 guard=0.060 activeAge=-1.000 pitch=235.28Hz pitchCents=1316.3
2025-12-14 07:54:17 [tracker] [s2] note-start t=23.488 fret=13 midi=58 vel=0.01 env=0.00119
2025-12-14 07:54:17 [tracker] [s6] onset t=23.493 env=0.00222 gate=0.00020 envDelta=0.00202 envFloor=0.00122 onset=1.212 thresh=0.018 onsetDelta=1.19388 baseline=0.00081 adaptive=0.00203 lastPeak=0.00000 guard=0.060 activeAge=-1.000 pitch=-1.00Hz pitchCents=0.0
2025-12-14 07:54:17 [tracker] [s5] onset t=23.640 env=0.00183 gate=0.00017 envDelta=0.00166 envFloor=0.00119 onset=0.807 thresh=0.016 onsetDelta=0.79135 baseline=0.00079 adaptive=0.00198 lastPeak=0.00000 guard=0.060 activeAge=-1.000 pitch=-1.00Hz pitchCents=0.0
2025-12-14 07:54:17 [tracker] [s6] onset t=23.661 env=0.00218 gate=0.00021 envDelta=0.00197 envFloor=0.00128 onset=1.029 thresh=0.018 onsetDelta=1.01140 baseline=0.00085 adaptive=0.00213 lastPeak=0.00000 guard=0.060 activeAge=-1.000 pitch=-1.00Hz pitchCents=0.0
2025-12-14 07:54:17 [tracker] [s4] onset t=23.776 env=0.00107 gate=0.00011 envDelta=0.00097 envFloor=0.00095 onset=0.609 thresh=0.014 onsetDelta=0.59461 baseline=0.00063 adaptive=0.00159 lastPeak=0.00000 guard=0.060 activeAge=-1.000 pitch=-1.00Hz pitchCents=0.0
2025-12-14 07:54:17 [tracker] [s6] onset t=23.789 env=0.00207 gate=0.00020 envDelta=0.00187 envFloor=0.00120 onset=1.065 thresh=0.018 onsetDelta=1.04734 baseline=0.00080 adaptive=0.00200 lastPeak=0.00000 guard=0.060 activeAge=-1.000 pitch=-1.00Hz pitchCents=0.0
2025-12-14 07:54:17 [tracker] [s4] onset t=23.896 env=0.00175 gate=0.00011 envDelta=0.00164 envFloor=0.00096 onset=1.103 thresh=0.014 onsetDelta=1.08864 baseline=0.00064 adaptive=0.00159 lastPeak=0.00000 guard=0.060 activeAge=-1.000 pitch=-1.00Hz pitchCents=0.0
2025-12-14 07:54:17 [tracker] [s6] onset t=23.899 env=0.00198 gate=0.00021 envDelta=0.00177 envFloor=0.00126 onset=0.883 thresh=0.018 onsetDelta=0.86497 baseline=0.00084 adaptive=0.00210 lastPeak=0.00000 guard=0.060 activeAge=-1.000 pitch=-1.00Hz pitchCents=0.0
2025-12-14 07:54:18 [tracker] [s1] aubio-raw t=24.0213 onset=1.067394 env=0.000982 peak=0.002321 gain=1.000
2025-12-14 07:54:18 [tracker] [s1] onset-accepted t=24.0213 env=0.000982 gate=0.000025 envDelta=0.000957 envFloor=0.000691 onset=1.067394 thresh=0.006000 onsetDelta=1.061394 baseline=0.000460 floor=0.000180 adapt=0.001151 lastPeak=0.000051 baseParam=0.000180 gateRatio=0.0550 envParam=0.000450 onsetScale=0.300 retriggerScale=1.400 guard=0.060 guardRemain=0.000 activeAge=-1.000 retrigRemain=0.000 pitchHz=-1.00 pitchCents=0.0
2025-12-14 07:54:18 [tracker] [s1] onset t=24.021 env=0.00098 gate=0.00003 envDelta=0.00096 envFloor=0.00069 onset=1.067 thresh=0.006 onsetDelta=1.06139 baseline=0.00046 adaptive=0.00115 lastPeak=0.00005 guard=0.060 activeAge=-1.000 pitch=-1.00Hz pitchCents=0.0
2025-12-14 07:54:18 [tracker] [s6] onset t=24.051 env=0.00214 gate=0.00022 envDelta=0.00192 envFloor=0.00129 onset=1.376 thresh=0.018 onsetDelta=1.35847 baseline=0.00086 adaptive=0.00216 lastPeak=0.00000 guard=0.060 activeAge=-1.000 pitch=-1.00Hz pitchCents=0.0
2025-12-14 07:54:18 [tracker] [s2] onset t=24.125 env=0.00158 gate=0.00001 envDelta=0.00158 envFloor=0.00107 onset=1.046 thresh=0.009 onsetDelta=1.03676 baseline=0.00071 adaptive=0.00178 lastPeak=0.00036 guard=0.060 activeAge=0.637 pitch=-1.00Hz pitchCents=0.0
2025-12-14 07:54:18 [tracker] [s2] note-ended (new onset) t=24.125 fret=13 dur=0.637
2025-12-14 07:54:18 [tracker] [s1] aubio-raw t=24.1626 onset=1.110890 env=0.000758 peak=0.001586 gain=1.000
2025-12-14 07:54:18 [tracker] [s1] onset-accepted t=24.1626 env=0.000758 gate=0.000024 envDelta=0.000733 envFloor=0.000660 onset=1.110890 thresh=0.006000 onsetDelta=1.104890 baseline=0.000440 floor=0.000180 adapt=0.001099 lastPeak=0.000039 baseParam=0.000180 gateRatio=0.0550 envParam=0.000450 onsetScale=0.300 retriggerScale=1.400 guard=0.060 guardRemain=0.000 activeAge=-1.000 retrigRemain=0.000 pitchHz=-1.00 pitchCents=0.0
2025-12-14 07:54:18 [tracker] [s1] onset t=24.163 env=0.00076 gate=0.00002 envDelta=0.00073 envFloor=0.00066 onset=1.111 thresh=0.006 onsetDelta=1.10489 baseline=0.00044 adaptive=0.00110 lastPeak=0.00004 guard=0.060 activeAge=-1.000 pitch=-1.00Hz pitchCents=0.0
2025-12-14 07:54:18 [tracker] [s5] onset t=24.205 env=0.00141 gate=0.00014 envDelta=0.00126 envFloor=0.00102 onset=0.996 thresh=0.016 onsetDelta=0.98010 baseline=0.00068 adaptive=0.00170 lastPeak=0.00000 guard=0.060 activeAge=-1.000 pitch=-1.00Hz pitchCents=0.0
2025-12-14 07:54:18 [tracker] [s2] onset t=24.221 env=0.00130 gate=0.00001 envDelta=0.00130 envFloor=0.00103 onset=0.972 thresh=0.009 onsetDelta=0.96256 baseline=0.00069 adaptive=0.00172 lastPeak=0.00030 guard=0.060 activeAge=-1.000 pitch=-1.00Hz pitchCents=0.0
2025-12-14 07:54:18 [tracker] [s1] aubio-raw t=24.2879 onset=0.998003 env=0.000832 peak=0.002270 gain=1.000
2025-12-14 07:54:18 [tracker] [s1] onset-accepted t=24.2879 env=0.000832 gate=0.000026 envDelta=0.000806 envFloor=0.000708 onset=0.998003 thresh=0.006000 onsetDelta=0.992003 baseline=0.000472 floor=0.000180 adapt=0.001180 lastPeak=0.000031 baseParam=0.000180 gateRatio=0.0550 envParam=0.000450 onsetScale=0.300 retriggerScale=1.400 guard=0.060 guardRemain=0.000 activeAge=-1.000 retrigRemain=0.000 pitchHz=-1.00 pitchCents=0.0
2025-12-14 07:54:18 [tracker] [s1] onset t=24.288 env=0.00083 gate=0.00003 envDelta=0.00081 envFloor=0.00071 onset=0.998 thresh=0.006 onsetDelta=0.99200 baseline=0.00047 adaptive=0.00118 lastPeak=0.00003 guard=0.060 activeAge=-1.000 pitch=-1.00Hz pitchCents=0.0
2025-12-14 07:54:18 [tracker] [s6] onset t=24.304 env=0.00181 gate=0.00020 envDelta=0.00161 envFloor=0.00119 onset=1.068 thresh=0.018 onsetDelta=1.05007 baseline=0.00079 adaptive=0.00198 lastPeak=0.00000 guard=0.060 activeAge=-1.000 pitch=-1.00Hz pitchCents=0.0
2025-12-14 07:54:18 [tracker] [s3] onset t=24.376 env=0.00134 gate=0.00008 envDelta=0.00126 envFloor=0.00093 onset=0.901 thresh=0.012 onsetDelta=0.88929 baseline=0.00062 adaptive=0.00154 lastPeak=0.00000 guard=0.060 activeAge=-1.000 pitch=-1.00Hz pitchCents=0.0
2025-12-14 07:54:18 [tracker] [s5] onset t=24.379 env=0.00180 gate=0.00016 envDelta=0.00164 envFloor=0.00113 onset=0.955 thresh=0.016 onsetDelta=0.93895 baseline=0.00076 adaptive=0.00189 lastPeak=0.00000 guard=0.060 activeAge=-1.000 pitch=-1.00Hz pitchCents=0.0
2025-12-14 07:54:18 [tracker] [s2] onset t=24.493 env=0.00149 gate=0.00001 envDelta=0.00149 envFloor=0.00106 onset=1.273 thresh=0.009 onsetDelta=1.26370 baseline=0.00071 adaptive=0.00176 lastPeak=0.00018 guard=0.060 activeAge=-1.000 pitch=-1.00Hz pitchCents=0.0
2025-12-14 07:54:18 [tracker] [s3] onset t=24.501 env=0.00105 gate=0.00008 envDelta=0.00097 envFloor=0.00091 onset=1.179 thresh=0.012 onsetDelta=1.16742 baseline=0.00060 adaptive=0.00151 lastPeak=0.00000 guard=0.060 activeAge=-1.000 pitch=-1.00Hz pitchCents=0.0
2025-12-14 07:54:18 [tracker] [s2] onset t=24.744 env=0.00156 gate=0.00001 envDelta=0.00155 envFloor=0.00104 onset=1.173 thresh=0.009 onsetDelta=1.16408 baseline=0.00069 adaptive=0.00173 lastPeak=0.00011 guard=0.060 activeAge=-1.000 pitch=-1.00Hz pitchCents=0.0
2025-12-14 07:54:18 [tracker] [s4] onset t=24.760 env=0.00151 gate=0.00012 envDelta=0.00139 envFloor=0.00104 onset=0.988 thresh=0.014 onsetDelta=0.97401 baseline=0.00069 adaptive=0.00173 lastPeak=0.00000 guard=0.060 activeAge=-1.000 pitch=-1.00Hz pitchCents=0.0
2025-12-14 07:54:18 [tracker] [s1] aubio-raw t=24.8532 onset=0.996178 env=0.000838 peak=0.002225 gain=1.000
2025-12-14 07:54:18 [tracker] [s1] onset-accepted t=24.8532 env=0.000838 gate=0.000024 envDelta=0.000814 envFloor=0.000646 onset=0.996178 thresh=0.006000 onsetDelta=0.990178 baseline=0.000430 floor=0.000180 adapt=0.001076 lastPeak=0.000011 baseParam=0.000180 gateRatio=0.0550 envParam=0.000450 onsetScale=0.300 retriggerScale=1.400 guard=0.060 guardRemain=0.000 activeAge=-1.000 retrigRemain=0.000 pitchHz=-1.00 pitchCents=0.0
2025-12-14 07:54:18 [tracker] [s1] onset t=24.853 env=0.00084 gate=0.00002 envDelta=0.00081 envFloor=0.00065 onset=0.996 thresh=0.006 onsetDelta=0.99018 baseline=0.00043 adaptive=0.00108 lastPeak=0.00001 guard=0.060 activeAge=-1.000 pitch=-1.00Hz pitchCents=0.0
2025-12-14 07:54:18 [tracker] [s5] onset t=24.888 env=0.00183 gate=0.00015 envDelta=0.00168 envFloor=0.00105 onset=0.996 thresh=0.016 onsetDelta=0.97980 baseline=0.00070 adaptive=0.00176 lastPeak=0.00000 guard=0.060 activeAge=-1.000 pitch=-1.00Hz pitchCents=0.0
2025-12-14 07:54:18 [tracker] [s6] onset t=24.896 env=0.00207 gate=0.00020 envDelta=0.00187 envFloor=0.00123 onset=0.636 thresh=0.018 onsetDelta=0.61755 baseline=0.00082 adaptive=0.00205 lastPeak=0.00000 guard=0.060 activeAge=-1.000 pitch=-1.00Hz pitchCents=0.0
2025-12-14 07:54:19 [tracker] [s5] onset t=24.995 env=0.00138 gate=0.00015 envDelta=0.00123 envFloor=0.00107 onset=0.865 thresh=0.016 onsetDelta=0.84851 baseline=0.00072 adaptive=0.00179 lastPeak=0.00000 guard=0.060 activeAge=-1.000 pitch=-1.00Hz pitchCents=0.0
2025-12-14 07:54:19 [tracker] [s2] onset t=25.224 env=0.00124 gate=0.00001 envDelta=0.00123 envFloor=0.00101 onset=0.745 thresh=0.009 onsetDelta=0.73639 baseline=0.00067 adaptive=0.00168 lastPeak=0.00005 guard=0.060 activeAge=-1.000 pitch=-1.00Hz pitchCents=0.0
2025-12-14 07:54:19 [tracker] [s3] onset t=25.243 env=0.00154 gate=0.00008 envDelta=0.00146 envFloor=0.00091 onset=1.355 thresh=0.012 onsetDelta=1.34357 baseline=0.00061 adaptive=0.00152 lastPeak=0.00000 guard=0.060 activeAge=-1.000 pitch=-1.00Hz pitchCents=0.0
2025-12-14 07:54:19 [tracker] [s5] onset t=25.291 env=0.00237 gate=0.00016 envDelta=0.00222 envFloor=0.00112 onset=1.088 thresh=0.016 onsetDelta=1.07226 baseline=0.00075 adaptive=0.00187 lastPeak=0.00000 guard=0.060 activeAge=-1.000 pitch=-1.00Hz pitchCents=0.0
2025-12-14 07:54:19 [tracker] [s4] onset t=25.354 env=0.00186 gate=0.00011 envDelta=0.00174 envFloor=0.00099 onset=0.651 thresh=0.014 onsetDelta=0.63697 baseline=0.00066 adaptive=0.00165 lastPeak=0.00000 guard=0.060 activeAge=-1.000 pitch=-1.00Hz pitchCents=0.0
2025-12-14 07:54:19 [tracker] [s3] onset t=25.434 env=0.00119 gate=0.00008 envDelta=0.00111 envFloor=0.00098 onset=0.994 thresh=0.012 onsetDelta=0.98261 baseline=0.00065 adaptive=0.00163 lastPeak=0.00000 guard=0.060 activeAge=-1.000 pitch=-1.00Hz pitchCents=0.0
2025-12-14 07:54:19 [tracker] [s2] onset t=25.445 env=0.00156 gate=0.00001 envDelta=0.00155 envFloor=0.00099 onset=0.996 thresh=0.009 onsetDelta=0.98673 baseline=0.00066 adaptive=0.00165 lastPeak=0.00003 guard=0.060 activeAge=-1.000 pitch=-1.00Hz pitchCents=0.0
2025-12-14 07:54:19 [tracker] [s1] aubio-raw t=25.5118 onset=0.580181 env=0.000833 peak=0.001934 gain=1.000
2025-12-14 07:54:19 [tracker] [s1] onset-accepted t=25.5118 env=0.000833 gate=0.000023 envDelta=0.000809 envFloor=0.000632 onset=0.580181 thresh=0.006000 onsetDelta=0.574181 baseline=0.000421 floor=0.000180 adapt=0.001053 lastPeak=0.000003 baseParam=0.000180 gateRatio=0.0550 envParam=0.000450 onsetScale=0.300 retriggerScale=1.400 guard=0.060 guardRemain=0.000 activeAge=-1.000 retrigRemain=0.000 pitchHz=-1.00 pitchCents=0.0
2025-12-14 07:54:19 [tracker] [s1] onset t=25.512 env=0.00083 gate=0.00002 envDelta=0.00081 envFloor=0.00063 onset=0.580 thresh=0.006 onsetDelta=0.57418 baseline=0.00042 adaptive=0.00105 lastPeak=0.00000 guard=0.060 activeAge=-1.000 pitch=-1.00Hz pitchCents=0.0
2025-12-14 07:54:19 [tracker] [s5] onset t=25.536 env=0.00160 gate=0.00015 envDelta=0.00144 envFloor=0.00109 onset=1.049 thresh=0.016 onsetDelta=1.03324 baseline=0.00073 adaptive=0.00182 lastPeak=0.00000 guard=0.060 activeAge=-1.000 pitch=-1.00Hz pitchCents=0.0
2025-12-14 07:54:19 [tracker] [s1] aubio-raw t=25.5678 onset=1.219382 env=0.001009 peak=0.002761 gain=1.000
2025-12-14 07:54:19 [tracker] [s1] onset-accepted t=25.5678 env=0.001009 gate=0.000026 envDelta=0.000984 envFloor=0.000698 onset=1.219382 thresh=0.006000 onsetDelta=1.213382 baseline=0.000466 floor=0.000180 adapt=0.001164 lastPeak=0.000003 baseParam=0.000180 gateRatio=0.0550 envParam=0.000450 onsetScale=0.300 retriggerScale=1.400 guard=0.060 guardRemain=0.000 activeAge=-1.000 retrigRemain=0.000 pitchHz=-1.00 pitchCents=0.0
2025-12-14 07:54:19 [tracker] [s1] onset t=25.568 env=0.00101 gate=0.00003 envDelta=0.00098 envFloor=0.00070 onset=1.219 thresh=0.006 onsetDelta=1.21338 baseline=0.00047 adaptive=0.00116 lastPeak=0.00000 guard=0.060 activeAge=-1.000 pitch=-1.00Hz pitchCents=0.0
2025-12-14 07:54:19 [tracker] [s6] onset t=25.666 env=0.00188 gate=0.00020 envDelta=0.00167 envFloor=0.00121 onset=1.000 thresh=0.018 onsetDelta=0.98213 baseline=0.00081 adaptive=0.00202 lastPeak=0.00000 guard=0.060 activeAge=-1.000 pitch=-1.00Hz pitchCents=0.0
2025-12-14 07:54:19 [tracker] [s4] onset t=25.784 env=0.00157 gate=0.00011 envDelta=0.00146 envFloor=0.00098 onset=1.002 thresh=0.014 onsetDelta=0.98828 baseline=0.00065 adaptive=0.00164 lastPeak=0.00000 guard=0.060 activeAge=-1.000 pitch=-1.00Hz pitchCents=0.0
2025-12-14 07:54:19 [tracker] [s6] onset t=25.842 env=0.00199 gate=0.00021 envDelta=0.00178 envFloor=0.00125 onset=0.928 thresh=0.018 onsetDelta=0.90950 baseline=0.00083 adaptive=0.00208 lastPeak=0.00000 guard=0.060 activeAge=-1.000 pitch=-1.00Hz pitchCents=0.0
2025-12-14 07:54:19 [tracker] [s3] onset t=25.845 env=0.00125 gate=0.00009 envDelta=0.00116 envFloor=0.00103 onset=0.541 thresh=0.012 onsetDelta=0.52949 baseline=0.00069 adaptive=0.00172 lastPeak=0.00000 guard=0.060 activeAge=-1.000 pitch=-1.00Hz pitchCents=0.0
2025-12-14 07:54:20 [tracker] [s6] onset t=25.949 env=0.00192 gate=0.00021 envDelta=0.00171 envFloor=0.00127 onset=0.849 thresh=0.018 onsetDelta=0.83100 baseline=0.00085 adaptive=0.00212 lastPeak=0.00000 guard=0.060 activeAge=-1.000 pitch=-1.00Hz pitchCents=0.0
2025-12-14 07:54:20 [tracker] [s3] onset t=25.957 env=0.00106 gate=0.00008 envDelta=0.00098 envFloor=0.00092 onset=1.028 thresh=0.012 onsetDelta=1.01668 baseline=0.00062 adaptive=0.00154 lastPeak=0.00000 guard=0.060 activeAge=-1.000 pitch=-1.00Hz pitchCents=0.0
2025-12-14 07:54:20 [tracker] [s5] onset t=25.968 env=0.00180 gate=0.00016 envDelta=0.00164 envFloor=0.00114 onset=0.994 thresh=0.016 onsetDelta=0.97834 baseline=0.00076 adaptive=0.00191 lastPeak=0.00000 guard=0.060 activeAge=-1.000 pitch=-1.00Hz pitchCents=0.0
2025-12-14 07:54:20 [tracker] [s4] onset t=25.994 env=0.00173 gate=0.00011 envDelta=0.00162 envFloor=0.00100 onset=0.861 thresh=0.014 onsetDelta=0.84704 baseline=0.00067 adaptive=0.00167 lastPeak=0.00000 guard=0.060 activeAge=-1.000 pitch=-1.00Hz pitchCents=0.0
2025-12-14 07:54:20 [tracker] [s1] aubio-raw t=26.0025 onset=1.017504 env=0.000717 peak=0.001707 gain=1.000
2025-12-14 07:54:20 [tracker] [s1] onset-accepted t=26.0025 env=0.000717 gate=0.000023 envDelta=0.000694 envFloor=0.000637 onset=1.017504 thresh=0.006000 onsetDelta=1.011504 baseline=0.000425 floor=0.000180 adapt=0.001061 lastPeak=0.000001 baseParam=0.000180 gateRatio=0.0550 envParam=0.000450 onsetScale=0.300 retriggerScale=1.400 guard=0.060 guardRemain=0.000 activeAge=-1.000 retrigRemain=0.000 pitchHz=-1.00 pitchCents=0.0
2025-12-14 07:54:20 [tracker] [s1] onset t=26.002 env=0.00072 gate=0.00002 envDelta=0.00069 envFloor=0.00064 onset=1.018 thresh=0.006 onsetDelta=1.01150 baseline=0.00042 adaptive=0.00106 lastPeak=0.00000 guard=0.060 activeAge=-1.000 pitch=-1.00Hz pitchCents=0.0
2025-12-14 07:54:20 [tracker] [s6] onset t=26.152 env=0.00188 gate=0.00020 envDelta=0.00168 envFloor=0.00121 onset=1.085 thresh=0.018 onsetDelta=1.06725 baseline=0.00081 adaptive=0.00202 lastPeak=0.00000 guard=0.060 activeAge=-1.000 pitch=-1.00Hz pitchCents=0.0
2025-12-14 07:54:20 [tracker] [s4] onset t=26.170 env=0.00136 gate=0.00012 envDelta=0.00125 envFloor=0.00102 onset=1.259 thresh=0.014 onsetDelta=1.24519 baseline=0.00068 adaptive=0.00170 lastPeak=0.00000 guard=0.060 activeAge=-1.000 pitch=-1.00Hz pitchCents=0.0
2025-12-14 07:54:20 [tracker] [s2] onset t=26.269 env=0.00111 gate=0.00001 envDelta=0.00110 envFloor=0.00097 onset=0.998 thresh=0.009 onsetDelta=0.98857 baseline=0.00065 adaptive=0.00162 lastPeak=0.00001 guard=0.060 activeAge=-1.000 pitch=-1.00Hz pitchCents=0.0
2025-12-14 07:54:20 [tracker] [s5] onset t=26.280 env=0.00197 gate=0.00015 envDelta=0.00181 envFloor=0.00111 onset=1.448 thresh=0.016 onsetDelta=1.43211 baseline=0.00074 adaptive=0.00184 lastPeak=0.00000 guard=0.060 activeAge=-1.000 pitch=-1.00Hz pitchCents=0.0
2025-12-14 07:54:20 [tracker] [s3] onset t=26.298 env=0.00154 gate=0.00008 envDelta=0.00146 envFloor=0.00097 onset=0.965 thresh=0.012 onsetDelta=0.95319 baseline=0.00064 adaptive=0.00161 lastPeak=0.00000 guard=0.060 activeAge=-1.000 pitch=-1.00Hz pitchCents=0.0
2025-12-14 07:54:20 [tracker] [s1] aubio-raw t=26.3278 onset=0.994690 env=0.000660 peak=0.001913 gain=1.000
2025-12-14 07:54:20 [tracker] [s1] onset-accepted t=26.3278 env=0.000660 gate=0.000024 envDelta=0.000637 envFloor=0.000648 onset=0.994690 thresh=0.006000 onsetDelta=0.988690 baseline=0.000432 floor=0.000180 adapt=0.001080 lastPeak=0.000001 baseParam=0.000180 gateRatio=0.0550 envParam=0.000450 onsetScale=0.300 retriggerScale=1.400 guard=0.060 guardRemain=0.000 activeAge=-1.000 retrigRemain=0.000 pitchHz=-1.00 pitchCents=0.0
2025-12-14 07:54:20 [tracker] [s1] onset t=26.328 env=0.00066 gate=0.00002 envDelta=0.00064 envFloor=0.00065 onset=0.995 thresh=0.006 onsetDelta=0.98869 baseline=0.00043 adaptive=0.00108 lastPeak=0.00000 guard=0.060 activeAge=-1.000 pitch=-1.00Hz pitchCents=0.0
2025-12-14 07:54:20 [tracker] [s1] aubio-raw t=26.4318 onset=1.425860 env=0.000671 peak=0.001961 gain=1.000
2025-12-14 07:54:20 [tracker] [s1] onset-accepted t=26.4318 env=0.000671 gate=0.000022 envDelta=0.000649 envFloor=0.000603 onset=1.425860 thresh=0.006000 onsetDelta=1.419860 baseline=0.000402 floor=0.000180 adapt=0.001005 lastPeak=0.000001 baseParam=0.000180 gateRatio=0.0550 envParam=0.000450 onsetScale=0.300 retriggerScale=1.400 guard=0.060 guardRemain=0.000 activeAge=-1.000 retrigRemain=0.000 pitchHz=96.38 pitchCents=271.2
2025-12-14 07:54:20 [tracker] [s1] onset t=26.432 env=0.00067 gate=0.00002 envDelta=0.00065 envFloor=0.00060 onset=1.426 thresh=0.006 onsetDelta=1.41986 baseline=0.00040 adaptive=0.00101 lastPeak=0.00000 guard=0.060 activeAge=-1.000 pitch=96.38Hz pitchCents=271.2
2025-12-14 07:54:20 [tracker] [s4] onset t=26.432 env=0.00155 gate=0.00011 envDelta=0.00143 envFloor=0.00099 onset=0.939 thresh=0.014 onsetDelta=0.92485 baseline=0.00066 adaptive=0.00164 lastPeak=0.00000 guard=0.060 activeAge=-1.000 pitch=-1.00Hz pitchCents=0.0
2025-12-14 07:54:20 [tracker] [s5] onset t=26.448 env=0.00148 gate=0.00014 envDelta=0.00133 envFloor=0.00102 onset=1.103 thresh=0.016 onsetDelta=1.08678 baseline=0.00068 adaptive=0.00170 lastPeak=0.00000 guard=0.060 activeAge=-1.000 pitch=-1.00Hz pitchCents=0.0
2025-12-14 07:54:20 [tracker] [s6] onset t=26.453 env=0.00178 gate=0.00020 envDelta=0.00158 envFloor=0.00120 onset=1.362 thresh=0.018 onsetDelta=1.34376 baseline=0.00080 adaptive=0.00199 lastPeak=0.00000 guard=0.060 activeAge=-1.000 pitch=-1.00Hz pitchCents=0.0
2025-12-14 07:54:20 [tracker] [s6] onset t=26.509 env=0.00172 gate=0.00019 envDelta=0.00153 envFloor=0.00116 onset=1.145 thresh=0.018 onsetDelta=1.12740 baseline=0.00077 adaptive=0.00193 lastPeak=0.00000 guard=0.060 activeAge=-1.000 pitch=-1.00Hz pitchCents=0.0
2025-12-14 07:54:20 [tracker] [s4] onset t=26.512 env=0.00124 gate=0.00011 envDelta=0.00113 envFloor=0.00096 onset=0.942 thresh=0.014 onsetDelta=0.92760 baseline=0.00064 adaptive=0.00160 lastPeak=0.00000 guard=0.060 activeAge=-1.000 pitch=-1.00Hz pitchCents=0.0
2025-12-14 07:54:20 [tracker] [s1] aubio-raw t=26.6744 onset=0.978051 env=0.000982 peak=0.002318 gain=1.000
2025-12-14 07:54:20 [tracker] [s1] onset-accepted t=26.6744 env=0.000982 gate=0.000023 envDelta=0.000959 envFloor=0.000637 onset=0.978051 thresh=0.006000 onsetDelta=0.972051 baseline=0.000424 floor=0.000180 adapt=0.001061 lastPeak=0.000000 baseParam=0.000180 gateRatio=0.0550 envParam=0.000450 onsetScale=0.300 retriggerScale=1.400 guard=0.060 guardRemain=0.000 activeAge=-1.000 retrigRemain=0.000 pitchHz=-1.00 pitchCents=0.0
2025-12-14 07:54:20 [tracker] [s1] onset t=26.674 env=0.00098 gate=0.00002 envDelta=0.00096 envFloor=0.00064 onset=0.978 thresh=0.006 onsetDelta=0.97205 baseline=0.00042 adaptive=0.00106 lastPeak=0.00000 guard=0.060 activeAge=-1.000 pitch=-1.00Hz pitchCents=0.0
2025-12-14 07:54:20 [tracker] [s5] onset t=26.674 env=0.00194 gate=0.00016 envDelta=0.00179 envFloor=0.00113 onset=0.997 thresh=0.016 onsetDelta=0.98088 baseline=0.00076 adaptive=0.00189 lastPeak=0.00000 guard=0.060 activeAge=-1.000 pitch=-1.00Hz pitchCents=0.0
2025-12-14 07:54:20 [tracker] [s2] onset t=26.709 env=0.00118 gate=0.00001 envDelta=0.00117 envFloor=0.00102 onset=1.048 thresh=0.009 onsetDelta=1.03876 baseline=0.00068 adaptive=0.00171 lastPeak=0.00000 guard=0.060 activeAge=-1.000 pitch=-1.00Hz pitchCents=0.0
2025-12-14 07:54:20 [tracker] [s5] onset t=26.757 env=0.00163 gate=0.00016 envDelta=0.00147 envFloor=0.00111 onset=1.072 thresh=0.016 onsetDelta=1.05631 baseline=0.00074 adaptive=0.00185 lastPeak=0.00000 guard=0.060 activeAge=-1.000 pitch=-1.00Hz pitchCents=0.0
2025-12-14 07:54:20 [tracker] [s2] onset t=26.845 env=0.00176 gate=0.00001 envDelta=0.00175 envFloor=0.00104 onset=1.116 thresh=0.009 onsetDelta=1.10709 baseline=0.00069 adaptive=0.00173 lastPeak=0.00000 guard=0.060 activeAge=-1.000 pitch=-1.00Hz pitchCents=0.0
2025-12-14 07:54:20 [tracker] [s4] onset t=26.893 env=0.00131 gate=0.00011 envDelta=0.00121 envFloor=0.00095 onset=1.060 thresh=0.014 onsetDelta=1.04577 baseline=0.00063 adaptive=0.00158 lastPeak=0.00000 guard=0.060 activeAge=-1.000 pitch=-1.00Hz pitchCents=0.0
2025-12-14 07:54:21 [tracker] [s2] onset t=26.914 env=0.00197 gate=0.00001 envDelta=0.00197 envFloor=0.00105 onset=1.295 thresh=0.009 onsetDelta=1.28599 baseline=0.00070 adaptive=0.00175 lastPeak=0.00000 guard=0.060 activeAge=-1.000 pitch=-1.00Hz pitchCents=0.0
2025-12-14 07:54:21 [tracker] [s3] onset t=26.954 env=0.00178 gate=0.00008 envDelta=0.00170 envFloor=0.00094 onset=0.942 thresh=0.012 onsetDelta=0.93020 baseline=0.00063 adaptive=0.00157 lastPeak=0.00000 guard=0.060 activeAge=-1.000 pitch=-1.00Hz pitchCents=0.0
2025-12-14 07:54:21 [tracker] [s4] onset t=26.970 env=0.00173 gate=0.00011 envDelta=0.00161 envFloor=0.00099 onset=0.989 thresh=0.014 onsetDelta=0.97468 baseline=0.00066 adaptive=0.00165 lastPeak=0.00000 guard=0.060 activeAge=-1.000 pitch=-1.00Hz pitchCents=0.0
2025-12-14 07:54:21 [tracker] [s1] aubio-raw t=27.0024 onset=1.043238 env=0.000717 peak=0.002132 gain=1.000
2025-12-14 07:54:21 [tracker] [s1] onset-accepted t=27.0024 env=0.000717 gate=0.000024 envDelta=0.000693 envFloor=0.000652 onset=1.043238 thresh=0.006000 onsetDelta=1.037238 baseline=0.000435 floor=0.000180 adapt=0.001087 lastPeak=0.000000 baseParam=0.000180 gateRatio=0.0550 envParam=0.000450 onsetScale=0.300 retriggerScale=1.400 guard=0.060 guardRemain=0.000 activeAge=-1.000 retrigRemain=0.000 pitchHz=-1.00 pitchCents=0.0
2025-12-14 07:54:21 [tracker] [s1] onset t=27.002 env=0.00072 gate=0.00002 envDelta=0.00069 envFloor=0.00065 onset=1.043 thresh=0.006 onsetDelta=1.03724 baseline=0.00043 adaptive=0.00109 lastPeak=0.00000 guard=0.060 activeAge=-1.000 pitch=-1.00Hz pitchCents=0.0
2025-12-14 07:54:21 [tracker] [s6] onset t=27.037 env=0.00238 gate=0.00022 envDelta=0.00215 envFloor=0.00133 onset=1.041 thresh=0.018 onsetDelta=1.02325 baseline=0.00089 adaptive=0.00222 lastPeak=0.00000 guard=0.060 activeAge=-1.000 pitch=-1.00Hz pitchCents=0.0
2025-12-14 07:54:21 [tracker] [s3] onset t=27.061 env=0.00107 gate=0.00008 envDelta=0.00098 envFloor=0.00097 onset=0.996 thresh=0.012 onsetDelta=0.98421 baseline=0.00064 adaptive=0.00161 lastPeak=0.00000 guard=0.060 activeAge=-1.000 pitch=-1.00Hz pitchCents=0.0
2025-12-14 07:54:21 [tracker] [s3] onset t=27.202 env=0.00123 gate=0.00008 envDelta=0.00115 envFloor=0.00094 onset=1.000 thresh=0.012 onsetDelta=0.98793 baseline=0.00063 adaptive=0.00157 lastPeak=0.00000 guard=0.060 activeAge=-1.000 pitch=-1.00Hz pitchCents=0.0
2025-12-14 07:54:21 [tracker] [s4] onset t=27.258 env=0.00115 gate=0.00011 envDelta=0.00104 envFloor=0.00093 onset=1.199 thresh=0.014 onsetDelta=1.18485 baseline=0.00062 adaptive=0.00156 lastPeak=0.00000 guard=0.060 activeAge=-1.000 pitch=-1.00Hz pitchCents=0.0
2025-12-14 07:54:21 [tracker] [s1] aubio-raw t=27.3597 onset=0.994946 env=0.000878 peak=0.002502 gain=1.000
2025-12-14 07:54:21 [tracker] [s1] onset-accepted t=27.3597 env=0.000878 gate=0.000027 envDelta=0.000851 envFloor=0.000723 onset=0.994946 thresh=0.006000 onsetDelta=0.988946 baseline=0.000482 floor=0.000180 adapt=0.001205 lastPeak=0.000000 baseParam=0.000180 gateRatio=0.0550 envParam=0.000450 onsetScale=0.300 retriggerScale=1.400 guard=0.060 guardRemain=0.000 activeAge=-1.000 retrigRemain=0.000 pitchHz=-1.00 pitchCents=0.0
2025-12-14 07:54:21 [tracker] [s1] onset t=27.360 env=0.00088 gate=0.00003 envDelta=0.00085 envFloor=0.00072 onset=0.995 thresh=0.006 onsetDelta=0.98895 baseline=0.00048 adaptive=0.00121 lastPeak=0.00000 guard=0.060 activeAge=-1.000 pitch=-1.00Hz pitchCents=0.0
2025-12-14 07:54:21 [tracker] [s5] onset t=27.413 env=0.00185 gate=0.00017 envDelta=0.00168 envFloor=0.00122 onset=1.269 thresh=0.016 onsetDelta=1.25303 baseline=0.00081 adaptive=0.00203 lastPeak=0.00000 guard=0.060 activeAge=-1.000 pitch=-1.00Hz pitchCents=0.0
2025-12-14 07:54:21 [tracker] [s2] onset t=27.458 env=0.00112 gate=0.00001 envDelta=0.00111 envFloor=0.00106 onset=1.283 thresh=0.009 onsetDelta=1.27361 baseline=0.00071 adaptive=0.00177 lastPeak=0.00000 guard=0.060 activeAge=-1.000 pitch=-1.00Hz pitchCents=0.0
2025-12-14 07:54:21 [tracker] [s6] onset t=27.512 env=0.00181 gate=0.00022 envDelta=0.00159 envFloor=0.00131 onset=0.994 thresh=0.018 onsetDelta=0.97614 baseline=0.00087 adaptive=0.00218 lastPeak=0.00000 guard=0.060 activeAge=-1.000 pitch=-1.00Hz pitchCents=0.0
2025-12-14 07:54:21 [tracker] [s1] aubio-raw t=27.7090 onset=0.935675 env=0.000626 peak=0.001510 gain=1.000
2025-12-14 07:54:21 [tracker] [s1] onset-below-env-floor t=27.7090 env=0.000626 gate=0.000025 envDelta=0.000601 envFloor=0.000684 onset=0.935675 thresh=0.006000 onsetDelta=0.929675 baseline=0.000456 floor=0.000180 adapt=0.001140 lastPeak=0.000000 baseParam=0.000180 gateRatio=0.0550 envParam=0.000450 onsetScale=0.300 retriggerScale=1.400 guard=0.060 guardRemain=0.000 activeAge=-1.000 retrigRemain=0.000 pitchHz=320.01 pitchCents=2348.7
2025-12-14 07:54:21 [tracker] [s1] aubio-raw t=27.7783 onset=1.437960 env=0.000761 peak=0.001603 gain=1.000
2025-12-14 07:54:21 [tracker] [s1] onset-accepted t=27.7783 env=0.000761 gate=0.000023 envDelta=0.000738 envFloor=0.000627 onset=1.437960 thresh=0.006000 onsetDelta=1.431960 baseline=0.000418 floor=0.000180 adapt=0.001045 lastPeak=0.000000 baseParam=0.000180 gateRatio=0.0550 envParam=0.000450 onsetScale=0.300 retriggerScale=1.400 guard=0.060 guardRemain=0.000 activeAge=-1.000 retrigRemain=0.000 pitchHz=-1.00 pitchCents=0.0
2025-12-14 07:54:21 [tracker] [s1] onset t=27.778 env=0.00076 gate=0.00002 envDelta=0.00074 envFloor=0.00063 onset=1.438 thresh=0.006 onsetDelta=1.43196 baseline=0.00042 adaptive=0.00105 lastPeak=0.00000 guard=0.060 activeAge=-1.000 pitch=-1.00Hz pitchCents=0.0
2025-12-14 07:54:21 [tracker] [s4] onset t=27.789 env=0.00182 gate=0.00011 envDelta=0.00171 envFloor=0.00101 onset=1.251 thresh=0.014 onsetDelta=1.23683 baseline=0.00067 adaptive=0.00169 lastPeak=0.00000 guard=0.060 activeAge=-1.000 pitch=-1.00Hz pitchCents=0.0
2025-12-14 07:54:21 [tracker] [s5] onset t=27.834 env=0.00173 gate=0.00016 envDelta=0.00157 envFloor=0.00113 onset=1.149 thresh=0.016 onsetDelta=1.13312 baseline=0.00076 adaptive=0.00189 lastPeak=0.00000 guard=0.060 activeAge=-1.000 pitch=-1.00Hz pitchCents=0.0
2025-12-14 07:54:21 [tracker] [s6] onset t=27.850 env=0.00186 gate=0.00021 envDelta=0.00165 envFloor=0.00128 onset=0.700 thresh=0.018 onsetDelta=0.68170 baseline=0.00085 adaptive=0.00213 lastPeak=0.00000 guard=0.060 activeAge=-1.000 pitch=-1.00Hz pitchCents=0.0
2025-12-14 07:54:21 [tracker] [s3] onset t=27.890 env=0.00120 gate=0.00008 envDelta=0.00112 envFloor=0.00095 onset=0.998 thresh=0.012 onsetDelta=0.98642 baseline=0.00064 adaptive=0.00159 lastPeak=0.00000 guard=0.060 activeAge=-1.000 pitch=-1.00Hz pitchCents=0.0
2025-12-14 07:54:22 [tracker] [s5] onset t=27.973 env=0.00197 gate=0.00015 envDelta=0.00182 envFloor=0.00108 onset=1.081 thresh=0.016 onsetDelta=1.06550 baseline=0.00072 adaptive=0.00180 lastPeak=0.00000 guard=0.060 activeAge=-1.000 pitch=-1.00Hz pitchCents=0.0
2025-12-14 07:54:22 [tracker] [s3] onset t=28.018 env=0.00130 gate=0.00008 envDelta=0.00122 envFloor=0.00091 onset=1.231 thresh=0.012 onsetDelta=1.21910 baseline=0.00060 adaptive=0.00151 lastPeak=0.00000 guard=0.060 activeAge=-1.000 pitch=-1.00Hz pitchCents=0.0
2025-12-14 07:54:22 [tracker] [s2] onset t=28.098 env=0.00139 gate=0.00001 envDelta=0.00138 envFloor=0.00100 onset=0.968 thresh=0.009 onsetDelta=0.95947 baseline=0.00067 adaptive=0.00166 lastPeak=0.00000 guard=0.060 activeAge=-1.000 pitch=-1.00Hz pitchCents=0.0
2025-12-14 07:54:22 [tracker] [s1] aubio-raw t=28.1223 onset=0.945683 env=0.001038 peak=0.002602 gain=1.000
2025-12-14 07:54:22 [tracker] [s1] onset-accepted t=28.1223 env=0.001038 gate=0.000025 envDelta=0.001012 envFloor=0.000689 onset=0.945683 thresh=0.006000 onsetDelta=0.939683 baseline=0.000460 floor=0.000180 adapt=0.001149 lastPeak=0.000000 baseParam=0.000180 gateRatio=0.0550 envParam=0.000450 onsetScale=0.300 retriggerScale=1.400 guard=0.060 guardRemain=0.000 activeAge=-1.000 retrigRemain=0.000 pitchHz=-1.00 pitchCents=0.0
2025-12-14 07:54:22 [tracker] [s1] onset t=28.122 env=0.00104 gate=0.00003 envDelta=0.00101 envFloor=0.00069 onset=0.946 thresh=0.006 onsetDelta=0.93968 baseline=0.00046 adaptive=0.00115 lastPeak=0.00000 guard=0.060 activeAge=-1.000 pitch=-1.00Hz pitchCents=0.0
2025-12-14 07:54:22 [tracker] [s3] onset t=28.149 env=0.00135 gate=0.00008 envDelta=0.00127 envFloor=0.00093 onset=0.997 thresh=0.012 onsetDelta=0.98511 baseline=0.00062 adaptive=0.00155 lastPeak=0.00000 guard=0.060 activeAge=-1.000 pitch=-1.00Hz pitchCents=0.0
2025-12-14 07:54:22 [tracker] [s3] onset t=28.218 env=0.00112 gate=0.00008 envDelta=0.00104 envFloor=0.00092 onset=0.958 thresh=0.012 onsetDelta=0.94663 baseline=0.00062 adaptive=0.00154 lastPeak=0.00000 guard=0.060 activeAge=-1.000 pitch=-1.00Hz pitchCents=0.0
2025-12-14 07:54:22 [tracker] [s4] onset t=28.285 env=0.00170 gate=0.00012 envDelta=0.00159 envFloor=0.00103 onset=1.155 thresh=0.014 onsetDelta=1.14068 baseline=0.00069 adaptive=0.00171 lastPeak=0.00000 guard=0.060 activeAge=-1.000 pitch=-1.00Hz pitchCents=0.0
2025-12-14 07:54:22 [tracker] [s5] onset t=28.424 env=0.00177 gate=0.00015 envDelta=0.00162 envFloor=0.00107 onset=0.967 thresh=0.016 onsetDelta=0.95118 baseline=0.00071 adaptive=0.00178 lastPeak=0.00000 guard=0.060 activeAge=-1.000 pitch=-1.00Hz pitchCents=0.0
2025-12-14 07:54:22 [tracker] [s6] onset t=28.544 env=0.00196 gate=0.00021 envDelta=0.00175 envFloor=0.00127 onset=0.997 thresh=0.018 onsetDelta=0.97925 baseline=0.00085 adaptive=0.00212 lastPeak=0.00000 guard=0.060 activeAge=-1.000 pitch=-1.00Hz pitchCents=0.0
2025-12-14 07:54:22 [tracker] [s5] onset t=28.549 env=0.00169 gate=0.00015 envDelta=0.00154 envFloor=0.00110 onset=1.006 thresh=0.016 onsetDelta=0.99009 baseline=0.00073 adaptive=0.00184 lastPeak=0.00000 guard=0.060 activeAge=-1.000 pitch=-1.00Hz pitchCents=0.0
2025-12-14 07:54:22 [tracker] [s1] aubio-raw t=28.5623 onset=0.995097 env=0.001190 peak=0.002354 gain=1.000
2025-12-14 07:54:22 [tracker] [s1] onset-accepted t=28.5623 env=0.001190 gate=0.000022 envDelta=0.001168 envFloor=0.000603 onset=0.995097 thresh=0.006000 onsetDelta=0.989097 baseline=0.000402 floor=0.000180 adapt=0.001005 lastPeak=0.000000 baseParam=0.000180 gateRatio=0.0550 envParam=0.000450 onsetScale=0.300 retriggerScale=1.400 guard=0.060 guardRemain=0.000 activeAge=-1.000 retrigRemain=0.000 pitchHz=-1.00 pitchCents=0.0
2025-12-14 07:54:22 [tracker] [s1] onset t=28.562 env=0.00119 gate=0.00002 envDelta=0.00117 envFloor=0.00060 onset=0.995 thresh=0.006 onsetDelta=0.98910 baseline=0.00040 adaptive=0.00100 lastPeak=0.00000 guard=0.060 activeAge=-1.000 pitch=-1.00Hz pitchCents=0.0
2025-12-14 07:54:22 [tracker] [s3] onset t=28.602 env=0.00113 gate=0.00008 envDelta=0.00105 envFloor=0.00096 onset=0.656 thresh=0.012 onsetDelta=0.64441 baseline=0.00064 adaptive=0.00161 lastPeak=0.00000 guard=0.060 activeAge=-1.000 pitch=-1.00Hz pitchCents=0.0
2025-12-14 07:54:22 [tracker] [s1] aubio-raw t=28.6689 onset=0.993938 env=0.000783 peak=0.002263 gain=1.000
2025-12-14 07:54:22 [tracker] [s1] onset-accepted t=28.6689 env=0.000783 gate=0.000024 envDelta=0.000759 envFloor=0.000646 onset=0.993938 thresh=0.006000 onsetDelta=0.987938 baseline=0.000431 floor=0.000180 adapt=0.001077 lastPeak=0.000000 baseParam=0.000180 gateRatio=0.0550 envParam=0.000450 onsetScale=0.300 retriggerScale=1.400 guard=0.060 guardRemain=0.000 activeAge=-1.000 retrigRemain=0.000 pitchHz=615.36 pitchCents=3480.7
2025-12-14 07:54:22 [tracker] [s4] onset t=28.674 env=0.00152 gate=0.00011 envDelta=0.00141 envFloor=0.00096 onset=1.018 thresh=0.014 onsetDelta=1.00370 baseline=0.00064 adaptive=0.00160 lastPeak=0.00000 guard=0.060 activeAge=-1.000 pitch=-1.00Hz pitchCents=0.0
2025-12-14 07:54:22 [tracker] [s5] onset t=28.730 env=0.00163 gate=0.00014 envDelta=0.00148 envFloor=0.00103 onset=1.234 thresh=0.016 onsetDelta=1.21790 baseline=0.00069 adaptive=0.00172 lastPeak=0.00000 guard=0.060 activeAge=-1.000 pitch=-1.00Hz pitchCents=0.0
2025-12-14 07:54:22 [tracker] [s6] onset t=28.754 env=0.00199 gate=0.00020 envDelta=0.00179 envFloor=0.00118 onset=0.660 thresh=0.018 onsetDelta=0.64186 baseline=0.00079 adaptive=0.00197 lastPeak=0.00000 guard=0.060 activeAge=-1.000 pitch=-1.00Hz pitchCents=0.0
2025-12-14 07:54:22 [tracker] [s2] onset t=28.781 env=0.00127 gate=0.00001 envDelta=0.00126 envFloor=0.00103 onset=1.205 thresh=0.009 onsetDelta=1.19626 baseline=0.00068 adaptive=0.00171 lastPeak=0.00000 guard=0.060 activeAge=-1.000 pitch=444.49Hz pitchCents=2417.6
2025-12-14 07:54:22 [tracker] [s6] onset t=28.834 env=0.00200 gate=0.00020 envDelta=0.00180 envFloor=0.00118 onset=1.150 thresh=0.018 onsetDelta=1.13173 baseline=0.00079 adaptive=0.00197 lastPeak=0.00000 guard=0.060 activeAge=-1.000 pitch=-1.00Hz pitchCents=0.0
2025-12-14 07:54:22 [tracker] [s2] onset t=28.896 env=0.00110 gate=0.00001 envDelta=0.00109 envFloor=0.00099 onset=0.992 thresh=0.009 onsetDelta=0.98320 baseline=0.00066 adaptive=0.00166 lastPeak=0.00000 guard=0.060 activeAge=-1.000 pitch=-1.00Hz pitchCents=0.0
2025-12-14 07:54:23 [tracker] [s3] onset t=28.960 env=0.00155 gate=0.00008 envDelta=0.00147 envFloor=0.00093 onset=1.122 thresh=0.012 onsetDelta=1.11043 baseline=0.00062 adaptive=0.00155 lastPeak=0.00000 guard=0.060 activeAge=-1.000 pitch=-1.00Hz pitchCents=0.0
2025-12-14 07:54:23 [tracker] [s1] aubio-raw t=29.0342 onset=1.047657 env=0.000569 peak=0.001993 gain=1.000
2025-12-14 07:54:23 [tracker] [s1] onset-below-env-floor t=29.0342 env=0.000569 gate=0.000024 envDelta=0.000545 envFloor=0.000645 onset=1.047657 thresh=0.006000 onsetDelta=1.041657 baseline=0.000430 floor=0.000180 adapt=0.001075 lastPeak=0.000000 baseParam=0.000180 gateRatio=0.0550 envParam=0.000450 onsetScale=0.300 retriggerScale=1.400 guard=0.060 guardRemain=0.000 activeAge=-1.000 retrigRemain=0.000 pitchHz=-1.00 pitchCents=0.0
2025-12-14 07:54:23 [tracker] [s4] onset t=29.144 env=0.00134 gate=0.00011 envDelta=0.00123 envFloor=0.00094 onset=1.357 thresh=0.014 onsetDelta=1.34288 baseline=0.00063 adaptive=0.00156 lastPeak=0.00000 guard=0.060 activeAge=-1.000 pitch=-1.00Hz pitchCents=0.0
2025-12-14 07:54:23 [tracker] [s3] onset t=29.152 env=0.00162 gate=0.00008 envDelta=0.00154 envFloor=0.00090 onset=0.995 thresh=0.012 onsetDelta=0.98390 baseline=0.00060 adaptive=0.00150 lastPeak=0.00000 guard=0.060 activeAge=-1.000 pitch=-1.00Hz pitchCents=0.0
2025-12-14 07:54:23 [tracker] [s6] onset t=29.285 env=0.00184 gate=0.00021 envDelta=0.00163 envFloor=0.00126 onset=1.002 thresh=0.018 onsetDelta=0.98437 baseline=0.00084 adaptive=0.00209 lastPeak=0.00000 guard=0.060 activeAge=-1.000 pitch=-1.00Hz pitchCents=0.0
2025-12-14 07:54:23 [tracker] [s6] onset t=29.562 env=0.00218 gate=0.00020 envDelta=0.00198 envFloor=0.00120 onset=0.680 thresh=0.018 onsetDelta=0.66209 baseline=0.00080 adaptive=0.00199 lastPeak=0.00000 guard=0.060 activeAge=-1.000 pitch=-1.00Hz pitchCents=0.0
2025-12-14 07:54:23 [tracker] [s2] onset t=29.664 env=0.00132 gate=0.00001 envDelta=0.00132 envFloor=0.00097 onset=1.292 thresh=0.009 onsetDelta=1.28321 baseline=0.00065 adaptive=0.00162 lastPeak=0.00000 guard=0.060 activeAge=-1.000 pitch=-1.00Hz pitchCents=0.0
2025-12-14 07:54:23 [tracker] [s6] onset t=29.762 env=0.00181 gate=0.00021 envDelta=0.00160 envFloor=0.00128 onset=0.893 thresh=0.018 onsetDelta=0.87469 baseline=0.00085 adaptive=0.00213 lastPeak=0.00000 guard=0.060 activeAge=-1.000 pitch=-1.00Hz pitchCents=0.0
2025-12-14 07:54:23 [tracker] [s5] onset t=29.802 env=0.00155 gate=0.00016 envDelta=0.00139 envFloor=0.00112 onset=0.989 thresh=0.016 onsetDelta=0.97350 baseline=0.00074 adaptive=0.00186 lastPeak=0.00000 guard=0.060 activeAge=-1.000 pitch=-1.00Hz pitchCents=0.0
2025-12-14 07:54:23 [tracker] [s6] onset t=29.896 env=0.00170 gate=0.00020 envDelta=0.00150 envFloor=0.00117 onset=0.995 thresh=0.018 onsetDelta=0.97701 baseline=0.00078 adaptive=0.00196 lastPeak=0.00000 guard=0.060 activeAge=-1.000 pitch=-1.00Hz pitchCents=0.0
2025-12-14 07:54:23 [tracker] [s2] onset t=29.906 env=0.00122 gate=0.00001 envDelta=0.00121 envFloor=0.00104 onset=0.673 thresh=0.009 onsetDelta=0.66427 baseline=0.00069 adaptive=0.00173 lastPeak=0.00000 guard=0.060 activeAge=-1.000 pitch=-1.00Hz pitchCents=0.0
2025-12-14 07:54:24 [tracker] [s3] onset t=29.957 env=0.00115 gate=0.00007 envDelta=0.00108 envFloor=0.00086 onset=0.638 thresh=0.012 onsetDelta=0.62651 baseline=0.00057 adaptive=0.00143 lastPeak=0.00000 guard=0.060 activeAge=-1.000 pitch=-1.00Hz pitchCents=0.0
2025-12-14 07:54:24 [tracker] [s6] onset t=30.013 env=0.00178 gate=0.00020 envDelta=0.00158 envFloor=0.00120 onset=0.883 thresh=0.018 onsetDelta=0.86533 baseline=0.00080 adaptive=0.00200 lastPeak=0.00000 guard=0.060 activeAge=-1.000 pitch=-1.00Hz pitchCents=0.0
2025-12-14 07:54:24 [tracker] [s2] onset t=30.047 env=0.00161 gate=0.00001 envDelta=0.00160 envFloor=0.00103 onset=0.995 thresh=0.009 onsetDelta=0.98607 baseline=0.00068 adaptive=0.00171 lastPeak=0.00000 guard=0.060 activeAge=-1.000 pitch=-1.00Hz pitchCents=0.0
2025-12-14 07:54:24 [tracker] [s1] aubio-raw t=30.0982 onset=1.001294 env=0.001169 peak=0.002324 gain=1.000
2025-12-14 07:54:24 [tracker] [s1] onset-accepted t=30.0982 env=0.001169 gate=0.000024 envDelta=0.001145 envFloor=0.000660 onset=1.001294 thresh=0.006000 onsetDelta=0.995294 baseline=0.000440 floor=0.000180 adapt=0.001100 lastPeak=0.000000 baseParam=0.000180 gateRatio=0.0550 envParam=0.000450 onsetScale=0.300 retriggerScale=1.400 guard=0.060 guardRemain=0.000 activeAge=-1.000 retrigRemain=0.000 pitchHz=-1.00 pitchCents=0.0
2025-12-14 07:54:24 [tracker] [s1] onset t=30.098 env=0.00117 gate=0.00002 envDelta=0.00114 envFloor=0.00066 onset=1.001 thresh=0.006 onsetDelta=0.99529 baseline=0.00044 adaptive=0.00110 lastPeak=0.00000 guard=0.060 activeAge=-1.000 pitch=-1.00Hz pitchCents=0.0
2025-12-14 07:54:24 [tracker] [s6] onset t=30.111 env=0.00214 gate=0.00022 envDelta=0.00192 envFloor=0.00130 onset=1.131 thresh=0.018 onsetDelta=1.11317 baseline=0.00086 adaptive=0.00216 lastPeak=0.00000 guard=0.060 activeAge=-1.000 pitch=-1.00Hz pitchCents=0.0
2025-12-14 07:54:24 [tracker] [s1] aubio-raw t=30.1941 onset=1.161574 env=0.000710 peak=0.002097 gain=1.000
2025-12-14 07:54:24 [tracker] [s1] onset-accepted t=30.1941 env=0.000710 gate=0.000023 envDelta=0.000687 envFloor=0.000632 onset=1.161574 thresh=0.006000 onsetDelta=1.155574 baseline=0.000421 floor=0.000180 adapt=0.001053 lastPeak=0.000000 baseParam=0.000180 gateRatio=0.0550 envParam=0.000450 onsetScale=0.300 retriggerScale=1.400 guard=0.060 guardRemain=0.000 activeAge=-1.000 retrigRemain=0.000 pitchHz=-1.00 pitchCents=0.0
2025-12-14 07:54:24 [tracker] [s1] onset t=30.194 env=0.00071 gate=0.00002 envDelta=0.00069 envFloor=0.00063 onset=1.162 thresh=0.006 onsetDelta=1.15557 baseline=0.00042 adaptive=0.00105 lastPeak=0.00000 guard=0.060 activeAge=-1.000 pitch=-1.00Hz pitchCents=0.0
2025-12-14 07:54:24 [tracker] [s1] aubio-raw t=30.3461 onset=1.001415 env=0.001409 peak=0.002798 gain=1.000
2025-12-14 07:54:24 [tracker] [s1] onset-accepted t=30.3461 env=0.001409 gate=0.000025 envDelta=0.001383 envFloor=0.000693 onset=1.001415 thresh=0.006000 onsetDelta=0.995415 baseline=0.000462 floor=0.000180 adapt=0.001155 lastPeak=0.000000 baseParam=0.000180 gateRatio=0.0550 envParam=0.000450 onsetScale=0.300 retriggerScale=1.400 guard=0.060 guardRemain=0.000 activeAge=-1.000 retrigRemain=0.000 pitchHz=-1.00 pitchCents=0.0
2025-12-14 07:54:24 [tracker] [s1] onset t=30.346 env=0.00141 gate=0.00003 envDelta=0.00138 envFloor=0.00069 onset=1.001 thresh=0.006 onsetDelta=0.99542 baseline=0.00046 adaptive=0.00116 lastPeak=0.00000 guard=0.060 activeAge=-1.000 pitch=-1.00Hz pitchCents=0.0
2025-12-14 07:54:24 [tracker] [s4] onset t=30.429 env=0.00181 gate=0.00011 envDelta=0.00170 envFloor=0.00101 onset=1.144 thresh=0.014 onsetDelta=1.13044 baseline=0.00067 adaptive=0.00168 lastPeak=0.00000 guard=0.060 activeAge=-1.000 pitch=-1.00Hz pitchCents=0.0
2025-12-14 07:54:24 [tracker] [s6] onset t=30.461 env=0.00221 gate=0.00022 envDelta=0.00199 envFloor=0.00131 onset=0.923 thresh=0.018 onsetDelta=0.90525 baseline=0.00087 adaptive=0.00218 lastPeak=0.00000 guard=0.060 activeAge=-1.000 pitch=-1.00Hz pitchCents=0.0
2025-12-14 07:54:24 [tracker] [s2] onset t=30.471 env=0.00188 gate=0.00001 envDelta=0.00187 envFloor=0.00104 onset=0.849 thresh=0.009 onsetDelta=0.83975 baseline=0.00069 adaptive=0.00173 lastPeak=0.00000 guard=0.060 activeAge=-1.000 pitch=533.40Hz pitchCents=2733.3
2025-12-14 07:54:24 [tracker] [s5] onset t=30.511 env=0.00147 gate=0.00016 envDelta=0.00131 envFloor=0.00114 onset=0.939 thresh=0.016 onsetDelta=0.92320 baseline=0.00076 adaptive=0.00190 lastPeak=0.00000 guard=0.060 activeAge=-1.000 pitch=-1.00Hz pitchCents=0.0
2025-12-14 07:54:24 [tracker] [s6] onset t=30.546 env=0.00205 gate=0.00021 envDelta=0.00184 envFloor=0.00128 onset=0.937 thresh=0.018 onsetDelta=0.91902 baseline=0.00085 adaptive=0.00213 lastPeak=0.00000 guard=0.060 activeAge=-1.000 pitch=-1.00Hz pitchCents=0.0
2025-12-14 07:54:24 [tracker] [s5] onset t=30.575 env=0.00187 gate=0.00016 envDelta=0.00172 envFloor=0.00111 onset=1.087 thresh=0.016 onsetDelta=1.07139 baseline=0.00074 adaptive=0.00185 lastPeak=0.00000 guard=0.060 activeAge=-1.000 pitch=-1.00Hz pitchCents=0.0
2025-12-14 07:54:24 [tracker] [s3] onset t=30.613 env=0.00152 gate=0.00008 envDelta=0.00144 envFloor=0.00095 onset=0.996 thresh=0.012 onsetDelta=0.98481 baseline=0.00063 adaptive=0.00158 lastPeak=0.00000 guard=0.060 activeAge=-1.000 pitch=-1.00Hz pitchCents=0.0
2025-12-14 07:54:24 [tracker] [s1] aubio-raw t=30.7594 onset=0.573503 env=0.001113 peak=0.002327 gain=1.000
2025-12-14 07:54:24 [tracker] [s1] onset-accepted t=30.7594 env=0.001113 gate=0.000023 envDelta=0.001089 envFloor=0.000638 onset=0.573503 thresh=0.006000 onsetDelta=0.567503 baseline=0.000426 floor=0.000180 adapt=0.001064 lastPeak=0.000000 baseParam=0.000180 gateRatio=0.0550 envParam=0.000450 onsetScale=0.300 retriggerScale=1.400 guard=0.060 guardRemain=0.000 activeAge=-1.000 retrigRemain=0.000 pitchHz=-1.00 pitchCents=0.0
2025-12-14 07:54:25 [tracker] [s4] onset t=31.002 env=0.00135 gate=0.00011 envDelta=0.00124 envFloor=0.00097 onset=0.857 thresh=0.014 onsetDelta=0.84254 baseline=0.00065 adaptive=0.00162 lastPeak=0.00000 guard=0.060 activeAge=-1.000 pitch=-1.00Hz pitchCents=0.0
2025-12-14 07:54:25 [tracker] [s6] onset t=31.023 env=0.00205 gate=0.00020 envDelta=0.00185 envFloor=0.00122 onset=0.979 thresh=0.018 onsetDelta=0.96067 baseline=0.00081 adaptive=0.00203 lastPeak=0.00000 guard=0.060 activeAge=-1.000 pitch=-1.00Hz pitchCents=0.0
2025-12-14 07:54:25 [tracker] [s2] onset t=31.031 env=0.00156 gate=0.00001 envDelta=0.00155 envFloor=0.00103 onset=1.478 thresh=0.009 onsetDelta=1.46865 baseline=0.00069 adaptive=0.00171 lastPeak=0.00000 guard=0.060 activeAge=-1.000 pitch=-1.00Hz pitchCents=0.0
2025-12-14 07:54:25 [tracker] [s1] aubio-raw t=31.0368 onset=0.999402 env=0.000989 peak=0.001917 gain=1.000
2025-12-14 07:54:25 [tracker] [s1] onset-accepted t=31.0368 env=0.000989 gate=0.000022 envDelta=0.000967 envFloor=0.000594 onset=0.999402 thresh=0.006000 onsetDelta=0.993402 baseline=0.000396 floor=0.000180 adapt=0.000989 lastPeak=0.000000 baseParam=0.000180 gateRatio=0.0550 envParam=0.000450 onsetScale=0.300 retriggerScale=1.400 guard=0.060 guardRemain=0.000 activeAge=-1.000 retrigRemain=0.000 pitchHz=533.32 pitchCents=3233.0
2025-12-14 07:54:25 [tracker] [s1] onset t=31.037 env=0.00099 gate=0.00002 envDelta=0.00097 envFloor=0.00059 onset=0.999 thresh=0.006 onsetDelta=0.99340 baseline=0.00040 adaptive=0.00099 lastPeak=0.00000 guard=0.060 activeAge=-1.000 pitch=533.32Hz pitchCents=3233.0
2025-12-14 07:54:25 [tracker] [s3] onset t=31.133 env=0.00097 gate=0.00008 envDelta=0.00089 envFloor=0.00091 onset=1.465 thresh=0.012 onsetDelta=1.45375 baseline=0.00061 adaptive=0.00151 lastPeak=0.00000 guard=0.060 activeAge=-1.000 pitch=-1.00Hz pitchCents=0.0
2025-12-14 07:54:25 [tracker] [s2] onset t=31.157 env=0.00113 gate=0.00001 envDelta=0.00112 envFloor=0.00101 onset=1.088 thresh=0.009 onsetDelta=1.07882 baseline=0.00067 adaptive=0.00168 lastPeak=0.00000 guard=0.060 activeAge=-1.000 pitch=-1.00Hz pitchCents=0.0
2025-12-14 07:54:25 [tracker] [s4] onset t=31.234 env=0.00138 gate=0.00012 envDelta=0.00126 envFloor=0.00103 onset=0.988 thresh=0.014 onsetDelta=0.97445 baseline=0.00069 adaptive=0.00172 lastPeak=0.00000 guard=0.060 activeAge=-1.000 pitch=-1.00Hz pitchCents=0.0
2025-12-14 07:54:25 [tracker] [s4] onset t=31.333 env=0.00124 gate=0.00012 envDelta=0.00113 envFloor=0.00102 onset=0.835 thresh=0.014 onsetDelta=0.82141 baseline=0.00068 adaptive=0.00170 lastPeak=0.00000 guard=0.060 activeAge=-1.000 pitch=-1.00Hz pitchCents=0.0
2025-12-14 07:54:25 [tracker] [s3] onset t=31.351 env=0.00146 gate=0.00008 envDelta=0.00138 envFloor=0.00095 onset=0.995 thresh=0.012 onsetDelta=0.98330 baseline=0.00063 adaptive=0.00158 lastPeak=0.00000 guard=0.060 activeAge=-1.000 pitch=-1.00Hz pitchCents=0.0
2025-12-14 07:54:25 [tracker] [s6] onset t=31.402 env=0.00192 gate=0.00020 envDelta=0.00172 envFloor=0.00120 onset=0.851 thresh=0.018 onsetDelta=0.83348 baseline=0.00080 adaptive=0.00200 lastPeak=0.00000 guard=0.060 activeAge=-1.000 pitch=-1.00Hz pitchCents=0.0
2025-12-14 07:54:25 [tracker] [s1] aubio-raw t=31.4181 onset=0.996502 env=0.000848 peak=0.002146 gain=1.000
2025-12-14 07:54:25 [tracker] [s1] onset-accepted t=31.4181 env=0.000848 gate=0.000023 envDelta=0.000825 envFloor=0.000632 onset=0.996502 thresh=0.006000 onsetDelta=0.990502 baseline=0.000421 floor=0.000180 adapt=0.001053 lastPeak=0.000000 baseParam=0.000180 gateRatio=0.0550 envParam=0.000450 onsetScale=0.300 retriggerScale=1.400 guard=0.060 guardRemain=0.000 activeAge=-1.000 retrigRemain=0.000 pitchHz=421.05 pitchCents=2823.8
2025-12-14 07:54:25 [tracker] [s1] onset t=31.418 env=0.00085 gate=0.00002 envDelta=0.00082 envFloor=0.00063 onset=0.997 thresh=0.006 onsetDelta=0.99050 baseline=0.00042 adaptive=0.00105 lastPeak=0.00000 guard=0.060 activeAge=-1.000 pitch=421.05Hz pitchCents=2823.8
2025-12-14 07:54:25 [tracker] [s1] note-start t=31.418 fret=3 midi=43 vel=0.01 env=0.00085
2025-12-14 07:54:25 [tracker] [s6] onset t=31.474 env=0.00191 gate=0.00021 envDelta=0.00170 envFloor=0.00125 onset=1.334 thresh=0.018 onsetDelta=1.31609 baseline=0.00083 adaptive=0.00208 lastPeak=0.00000 guard=0.060 activeAge=-1.000 pitch=-1.00Hz pitchCents=0.0
2025-12-14 07:54:25 [tracker] [s6] onset t=31.533 env=0.00228 gate=0.00021 envDelta=0.00207 envFloor=0.00125 onset=0.994 thresh=0.018 onsetDelta=0.97576 baseline=0.00083 adaptive=0.00208 lastPeak=0.00000 guard=0.060 activeAge=-1.000 pitch=-1.00Hz pitchCents=0.0
2025-12-14 07:54:25 [tracker] [s1] aubio-raw t=31.5567 onset=1.073918 env=0.000613 peak=0.001660 gain=1.000
2025-12-14 07:54:25 [tracker] [s1] onset-below-env-floor t=31.5567 env=0.000613 gate=0.000032 envDelta=0.000580 envFloor=0.000626 onset=1.073918 thresh=0.006000 onsetDelta=1.067918 baseline=0.000588 floor=0.000180 adapt=0.001044 lastPeak=0.000653 baseParam=0.000180 gateRatio=0.0550 envParam=0.000450 onsetScale=0.300 retriggerScale=1.400 guard=0.060 guardRemain=0.000 activeAge=0.139 retrigRemain=0.081 pitchHz=-1.00 pitchCents=0.0
2025-12-14 07:54:25 [tracker] [s6] onset t=31.615 env=0.00207 gate=0.00022 envDelta=0.00185 envFloor=0.00132 onset=1.136 thresh=0.018 onsetDelta=1.11825 baseline=0.00088 adaptive=0.00220 lastPeak=0.00000 guard=0.060 activeAge=-1.000 pitch=-1.00Hz pitchCents=0.0
2025-12-14 07:54:25 [tracker] [s2] onset t=31.637 env=0.00246 gate=0.00001 envDelta=0.00245 envFloor=0.00116 onset=1.328 thresh=0.009 onsetDelta=1.31947 baseline=0.00078 adaptive=0.00194 lastPeak=0.00000 guard=0.060 activeAge=-1.000 pitch=-1.00Hz pitchCents=0.0
2025-12-14 07:54:25 [tracker] [s4] onset t=31.757 env=0.00172 gate=0.00011 envDelta=0.00161 envFloor=0.00098 onset=0.970 thresh=0.014 onsetDelta=0.95603 baseline=0.00065 adaptive=0.00163 lastPeak=0.00000 guard=0.060 activeAge=-1.000 pitch=-1.00Hz pitchCents=0.0
2025-12-14 07:54:25 [tracker] [s4] onset t=31.813 env=0.00126 gate=0.00011 envDelta=0.00115 envFloor=0.00096 onset=0.991 thresh=0.014 onsetDelta=0.97669 baseline=0.00064 adaptive=0.00160 lastPeak=0.00000 guard=0.060 activeAge=-1.000 pitch=-1.00Hz pitchCents=0.0
2025-12-14 07:54:25 [tracker] [s2] onset t=31.829 env=0.00153 gate=0.00001 envDelta=0.00152 envFloor=0.00109 onset=0.998 thresh=0.009 onsetDelta=0.98914 baseline=0.00072 adaptive=0.00181 lastPeak=0.00000 guard=0.060 activeAge=-1.000 pitch=-1.00Hz pitchCents=0.0
2025-12-14 07:54:26 [tracker] [s3] onset t=31.970 env=0.00163 gate=0.00008 envDelta=0.00155 envFloor=0.00095 onset=1.039 thresh=0.012 onsetDelta=1.02707 baseline=0.00063 adaptive=0.00158 lastPeak=0.00000 guard=0.060 activeAge=-1.000 pitch=-1.00Hz pitchCents=0.0
2025-12-14 07:54:26 [tracker] [s4] onset t=32.098 env=0.00143 gate=0.00011 envDelta=0.00131 envFloor=0.00101 onset=0.802 thresh=0.014 onsetDelta=0.78773 baseline=0.00068 adaptive=0.00169 lastPeak=0.00000 guard=0.060 activeAge=-1.000 pitch=-1.00Hz pitchCents=0.0
2025-12-14 07:54:26 [tracker] [s6] onset t=32.261 env=0.00195 gate=0.00019 envDelta=0.00176 envFloor=0.00116 onset=1.250 thresh=0.018 onsetDelta=1.23246 baseline=0.00078 adaptive=0.00194 lastPeak=0.00000 guard=0.060 activeAge=-1.000 pitch=-1.00Hz pitchCents=0.0
2025-12-14 07:54:26 [tracker] [s6] onset t=32.322 env=0.00198 gate=0.00021 envDelta=0.00177 envFloor=0.00124 onset=0.940 thresh=0.018 onsetDelta=0.92182 baseline=0.00083 adaptive=0.00207 lastPeak=0.00000 guard=0.060 activeAge=-1.000 pitch=-1.00Hz pitchCents=0.0
2025-12-14 07:54:26 [tracker] [s2] onset t=32.325 env=0.00126 gate=0.00001 envDelta=0.00125 envFloor=0.00105 onset=0.738 thresh=0.009 onsetDelta=0.72896 baseline=0.00070 adaptive=0.00175 lastPeak=0.00000 guard=0.060 activeAge=-1.000 pitch=-1.00Hz pitchCents=0.0
2025-12-14 07:54:26 [tracker] [s1] aubio-raw t=32.3487 onset=1.399311 env=0.000902 peak=0.002405 gain=1.000
2025-12-14 07:54:26 [tracker] [s1] onset-accepted t=32.3487 env=0.000902 gate=0.000022 envDelta=0.000879 envFloor=0.000603 onset=1.399311 thresh=0.006000 onsetDelta=1.393311 baseline=0.000402 floor=0.000180 adapt=0.001006 lastPeak=0.000147 baseParam=0.000180 gateRatio=0.0550 envParam=0.000450 onsetScale=0.300 retriggerScale=1.400 guard=0.060 guardRemain=0.000 activeAge=0.931 retrigRemain=0.000 pitchHz=-1.00 pitchCents=0.0
2025-12-14 07:54:26 [tracker] [s1] onset t=32.349 env=0.00090 gate=0.00002 envDelta=0.00088 envFloor=0.00060 onset=1.399 thresh=0.006 onsetDelta=1.39331 baseline=0.00040 adaptive=0.00101 lastPeak=0.00015 guard=0.060 activeAge=0.931 pitch=-1.00Hz pitchCents=0.0
2025-12-14 07:54:26 [tracker] [s1] note-ended (new onset) t=32.349 fret=3 dur=0.931
2025-12-14 07:54:26 [tracker] [s4] onset t=32.413 env=0.00182 gate=0.00011 envDelta=0.00170 envFloor=0.00101 onset=0.964 thresh=0.014 onsetDelta=0.95038 baseline=0.00067 adaptive=0.00168 lastPeak=0.00000 guard=0.060 activeAge=-1.000 pitch=-1.00Hz pitchCents=0.0
2025-12-14 07:54:26 [tracker] [s1] aubio-raw t=32.4260 onset=0.736818 env=0.000649 peak=0.001559 gain=1.000
2025-12-14 07:54:26 [tracker] [s1] onset-below-env-floor t=32.4260 env=0.000649 gate=0.000025 envDelta=0.000625 envFloor=0.000675 onset=0.736818 thresh=0.006000 onsetDelta=0.730818 baseline=0.000450 floor=0.000180 adapt=0.001126 lastPeak=0.000127 baseParam=0.000180 gateRatio=0.0550 envParam=0.000450 onsetScale=0.300 retriggerScale=1.400 guard=0.060 guardRemain=0.000 activeAge=-1.000 retrigRemain=0.000 pitchHz=-1.00 pitchCents=0.0
2025-12-14 07:54:26 [tracker] [s5] onset t=32.493 env=0.00166 gate=0.00015 envDelta=0.00151 envFloor=0.00107 onset=0.997 thresh=0.016 onsetDelta=0.98072 baseline=0.00072 adaptive=0.00179 lastPeak=0.00000 guard=0.060 activeAge=-1.000 pitch=-1.00Hz pitchCents=0.0
2025-12-14 07:54:26 [tracker] [s3] onset t=32.501 env=0.00132 gate=0.00008 envDelta=0.00124 envFloor=0.00097 onset=0.865 thresh=0.012 onsetDelta=0.85300 baseline=0.00065 adaptive=0.00162 lastPeak=0.00000 guard=0.060 activeAge=-1.000 pitch=-1.00Hz pitchCents=0.0
2025-12-14 07:54:26 [tracker] [s4] onset t=32.698 env=0.00172 gate=0.00011 envDelta=0.00160 envFloor=0.00101 onset=1.001 thresh=0.014 onsetDelta=0.98749 baseline=0.00068 adaptive=0.00169 lastPeak=0.00000 guard=0.060 activeAge=-1.000 pitch=-1.00Hz pitchCents=0.0
2025-12-14 07:54:26 [tracker] [s2] onset t=32.709 env=0.00183 gate=0.00001 envDelta=0.00182 envFloor=0.00112 onset=0.993 thresh=0.009 onsetDelta=0.98367 baseline=0.00075 adaptive=0.00187 lastPeak=0.00000 guard=0.060 activeAge=-1.000 pitch=-1.00Hz pitchCents=0.0
2025-12-14 07:54:26 [tracker] [s5] onset t=32.719 env=0.00188 gate=0.00015 envDelta=0.00173 envFloor=0.00108 onset=1.131 thresh=0.016 onsetDelta=1.11521 baseline=0.00072 adaptive=0.00181 lastPeak=0.00000 guard=0.060 activeAge=-1.000 pitch=-1.00Hz pitchCents=0.0
2025-12-14 07:54:27 [tracker] [s3] onset t=32.922 env=0.00116 gate=0.00008 envDelta=0.00108 envFloor=0.00090 onset=0.706 thresh=0.012 onsetDelta=0.69427 baseline=0.00060 adaptive=0.00150 lastPeak=0.00000 guard=0.060 activeAge=-1.000 pitch=-1.00Hz pitchCents=0.0
2025-12-14 07:54:27 [tracker] [s5] onset t=32.999 env=0.00171 gate=0.00014 envDelta=0.00156 envFloor=0.00102 onset=0.996 thresh=0.016 onsetDelta=0.98047 baseline=0.00068 adaptive=0.00171 lastPeak=0.00000 guard=0.060 activeAge=-1.000 pitch=-1.00Hz pitchCents=0.0
2025-12-14 07:54:27 [tracker] [s1] aubio-raw t=33.1006 onset=1.047117 env=0.001443 peak=0.003411 gain=1.000
2025-12-14 07:54:27 [tracker] [s1] onset-accepted t=33.1006 env=0.001443 gate=0.000026 envDelta=0.001417 envFloor=0.000710 onset=1.047117 thresh=0.006000 onsetDelta=1.041116 baseline=0.000473 floor=0.000180 adapt=0.001183 lastPeak=0.000036 baseParam=0.000180 gateRatio=0.0550 envParam=0.000450 onsetScale=0.300 retriggerScale=1.400 guard=0.060 guardRemain=0.000 activeAge=-1.000 retrigRemain=0.000 pitchHz=-1.00 pitchCents=0.0
2025-12-14 07:54:27 [tracker] [s1] onset t=33.101 env=0.00144 gate=0.00003 envDelta=0.00142 envFloor=0.00071 onset=1.047 thresh=0.006 onsetDelta=1.04112 baseline=0.00047 adaptive=0.00118 lastPeak=0.00004 guard=0.060 activeAge=-1.000 pitch=-1.00Hz pitchCents=0.0
2025-12-14 07:54:27 [tracker] [s2] onset t=33.103 env=0.00171 gate=0.00001 envDelta=0.00171 envFloor=0.00105 onset=1.003 thresh=0.009 onsetDelta=0.99411 baseline=0.00070 adaptive=0.00174 lastPeak=0.00000 guard=0.060 activeAge=-1.000 pitch=-1.00Hz pitchCents=0.0
2025-12-14 07:54:27 [tracker] [s1] aubio-raw t=33.1619 onset=0.989813 env=0.000945 peak=0.001981 gain=1.000
2025-12-14 07:54:27 [tracker] [s1] onset-accepted t=33.1619 env=0.000945 gate=0.000026 envDelta=0.000919 envFloor=0.000706 onset=0.989813 thresh=0.006000 onsetDelta=0.983813 baseline=0.000471 floor=0.000180 adapt=0.001177 lastPeak=0.000032 baseParam=0.000180 gateRatio=0.0550 envParam=0.000450 onsetScale=0.300 retriggerScale=1.400 guard=0.060 guardRemain=0.000 activeAge=-1.000 retrigRemain=0.000 pitchHz=-1.00 pitchCents=0.0
2025-12-14 07:54:27 [tracker] [s1] onset t=33.162 env=0.00094 gate=0.00003 envDelta=0.00092 envFloor=0.00071 onset=0.990 thresh=0.006 onsetDelta=0.98381 baseline=0.00047 adaptive=0.00118 lastPeak=0.00003 guard=0.060 activeAge=-1.000 pitch=-1.00Hz pitchCents=0.0
2025-12-14 07:54:27 [tracker] [s4] onset t=33.162 env=0.00165 gate=0.00012 envDelta=0.00153 envFloor=0.00104 onset=0.993 thresh=0.014 onsetDelta=0.97869 baseline=0.00069 adaptive=0.00173 lastPeak=0.00000 guard=0.060 activeAge=-1.000 pitch=-1.00Hz pitchCents=0.0
2025-12-14 07:54:27 [tracker] [s1] aubio-raw t=33.2473 onset=1.346804 env=0.001440 peak=0.003421 gain=1.000
2025-12-14 07:54:27 [tracker] [s1] onset-accepted t=33.2473 env=0.001440 gate=0.000025 envDelta=0.001415 envFloor=0.000681 onset=1.346804 thresh=0.006000 onsetDelta=1.340804 baseline=0.000454 floor=0.000180 adapt=0.001134 lastPeak=0.000027 baseParam=0.000180 gateRatio=0.0550 envParam=0.000450 onsetScale=0.300 retriggerScale=1.400 guard=0.060 guardRemain=0.000 activeAge=-1.000 retrigRemain=0.000 pitchHz=-1.00 pitchCents=0.0
2025-12-14 07:54:27 [tracker] [s2] onset t=33.359 env=0.00130 gate=0.00001 envDelta=0.00130 envFloor=0.00108 onset=1.138 thresh=0.009 onsetDelta=1.12854 baseline=0.00072 adaptive=0.00179 lastPeak=0.00000 guard=0.060 activeAge=-1.000 pitch=94.10Hz pitchCents=-270.3
2025-12-14 07:54:27 [tracker] [s6] onset t=33.383 env=0.00160 gate=0.00020 envDelta=0.00140 envFloor=0.00120 onset=0.999 thresh=0.018 onsetDelta=0.98068 baseline=0.00080 adaptive=0.00201 lastPeak=0.00000 guard=0.060 activeAge=-1.000 pitch=-1.00Hz pitchCents=0.0
2025-12-14 07:54:27 [tracker] [s1] aubio-raw t=33.4712 onset=0.996331 env=0.001016 peak=0.002206 gain=1.000
2025-12-14 07:54:27 [tracker] [s1] onset-accepted t=33.4712 env=0.001016 gate=0.000022 envDelta=0.000994 envFloor=0.000593 onset=0.996331 thresh=0.006000 onsetDelta=0.990331 baseline=0.000395 floor=0.000180 adapt=0.000988 lastPeak=0.000018 baseParam=0.000180 gateRatio=0.0550 envParam=0.000450 onsetScale=0.300 retriggerScale=1.400 guard=0.060 guardRemain=0.000 activeAge=-1.000 retrigRemain=0.000 pitchHz=-1.00 pitchCents=0.0
2025-12-14 07:54:27 [tracker] [s1] onset t=33.471 env=0.00102 gate=0.00002 envDelta=0.00099 envFloor=0.00059 onset=0.996 thresh=0.006 onsetDelta=0.99033 baseline=0.00040 adaptive=0.00099 lastPeak=0.00002 guard=0.060 activeAge=-1.000 pitch=-1.00Hz pitchCents=0.0
2025-12-14 07:54:27 [tracker] [s3] onset t=33.493 env=0.00120 gate=0.00008 envDelta=0.00112 envFloor=0.00093 onset=1.017 thresh=0.012 onsetDelta=1.00497 baseline=0.00062 adaptive=0.00155 lastPeak=0.00000 guard=0.060 activeAge=-1.000 pitch=-1.00Hz pitchCents=0.0
2025-12-14 07:54:27 [tracker] [s2] onset t=33.511 env=0.00194 gate=0.00001 envDelta=0.00194 envFloor=0.00108 onset=1.083 thresh=0.009 onsetDelta=1.07353 baseline=0.00072 adaptive=0.00180 lastPeak=0.00000 guard=0.060 activeAge=-1.000 pitch=-1.00Hz pitchCents=0.0
2025-12-14 07:54:27 [tracker] [s3] onset t=33.559 env=0.00143 gate=0.00008 envDelta=0.00136 envFloor=0.00090 onset=1.051 thresh=0.012 onsetDelta=1.03891 baseline=0.00060 adaptive=0.00150 lastPeak=0.00000 guard=0.060 activeAge=-1.000 pitch=-1.00Hz pitchCents=0.0
2025-12-14 07:54:27 [tracker] [s6] onset t=33.562 env=0.00210 gate=0.00022 envDelta=0.00188 envFloor=0.00129 onset=0.992 thresh=0.018 onsetDelta=0.97397 baseline=0.00086 adaptive=0.00216 lastPeak=0.00000 guard=0.060 activeAge=-1.000 pitch=-1.00Hz pitchCents=0.0
2025-12-14 07:54:27 [tracker] [s2] onset t=33.685 env=0.00153 gate=0.00001 envDelta=0.00152 envFloor=0.00101 onset=0.997 thresh=0.009 onsetDelta=0.98768 baseline=0.00067 adaptive=0.00169 lastPeak=0.00000 guard=0.060 activeAge=-1.000 pitch=399.86Hz pitchCents=2234.4
2025-12-14 07:54:27 [tracker] [s5] onset t=33.695 env=0.00152 gate=0.00014 envDelta=0.00138 envFloor=0.00103 onset=1.066 thresh=0.016 onsetDelta=1.05029 baseline=0.00069 adaptive=0.00171 lastPeak=0.00000 guard=0.060 activeAge=-1.000 pitch=-1.00Hz pitchCents=0.0
2025-12-14 07:54:27 [tracker] [s1] aubio-raw t=33.6979 onset=0.995667 env=0.000865 peak=0.002440 gain=1.000
2025-12-14 07:54:27 [tracker] [s1] onset-accepted t=33.6979 env=0.000865 gate=0.000023 envDelta=0.000842 envFloor=0.000634 onset=0.995667 thresh=0.006000 onsetDelta=0.989667 baseline=0.000423 floor=0.000180 adapt=0.001057 lastPeak=0.000012 baseParam=0.000180 gateRatio=0.0550 envParam=0.000450 onsetScale=0.300 retriggerScale=1.400 guard=0.060 guardRemain=0.000 activeAge=-1.000 retrigRemain=0.000 pitchHz=500.12 pitchCents=3121.7
2025-12-14 07:54:27 [tracker] [s1] onset t=33.698 env=0.00087 gate=0.00002 envDelta=0.00084 envFloor=0.00063 onset=0.996 thresh=0.006 onsetDelta=0.98967 baseline=0.00042 adaptive=0.00106 lastPeak=0.00001 guard=0.060 activeAge=-1.000 pitch=500.12Hz pitchCents=3121.7
2025-12-14 07:54:27 [tracker] [s2] onset t=33.783 env=0.00161 gate=0.00001 envDelta=0.00160 envFloor=0.00105 onset=0.996 thresh=0.009 onsetDelta=0.98668 baseline=0.00114 adaptive=0.00175 lastPeak=0.00127 guard=0.060 activeAge=0.099 pitch=-1.00Hz pitchCents=0.0
2025-12-14 07:54:27 [tracker] [s2] note-ended (new onset) t=33.783 fret=22 dur=0.099
2025-12-14 07:54:27 [tracker] [s6] onset t=33.805 env=0.00198 gate=0.00020 envDelta=0.00178 envFloor=0.00122 onset=0.886 thresh=0.018 onsetDelta=0.86807 baseline=0.00081 adaptive=0.00203 lastPeak=0.00000 guard=0.060 activeAge=-1.000 pitch=-1.00Hz pitchCents=0.0
2025-12-14 07:54:27 [tracker] [s2] onset t=33.839 env=0.00118 gate=0.00001 envDelta=0.00117 envFloor=0.00110 onset=1.388 thresh=0.009 onsetDelta=1.37877 baseline=0.00103 adaptive=0.00184 lastPeak=0.00114 guard=0.060 activeAge=-1.000 pitch=-1.00Hz pitchCents=0.0
2025-12-14 07:54:27 [tracker] [s4] onset t=33.850 env=0.00142 gate=0.00012 envDelta=0.00130 envFloor=0.00102 onset=0.899 thresh=0.014 onsetDelta=0.88459 baseline=0.00068 adaptive=0.00169 lastPeak=0.00000 guard=0.060 activeAge=-1.000 pitch=-1.00Hz pitchCents=0.0
2025-12-14 07:54:28 [tracker] [s3] onset t=33.927 env=0.00133 gate=0.00008 envDelta=0.00125 envFloor=0.00093 onset=0.995 thresh=0.012 onsetDelta=0.98309 baseline=0.00062 adaptive=0.00155 lastPeak=0.00000 guard=0.060 activeAge=-1.000 pitch=-1.00Hz pitchCents=0.0
2025-12-14 07:54:28 [tracker] [s2] onset t=33.957 env=0.00170 gate=0.00001 envDelta=0.00169 envFloor=0.00102 onset=1.212 thresh=0.009 onsetDelta=1.20334 baseline=0.00083 adaptive=0.00170 lastPeak=0.00092 guard=0.060 activeAge=-1.000 pitch=-1.00Hz pitchCents=0.0
2025-12-14 07:54:28 [tracker] [s6] onset t=34.050 env=0.00188 gate=0.00020 envDelta=0.00167 envFloor=0.00122 onset=0.968 thresh=0.018 onsetDelta=0.94999 baseline=0.00082 adaptive=0.00204 lastPeak=0.00000 guard=0.060 activeAge=-1.000 pitch=-1.00Hz pitchCents=0.0
2025-12-14 07:54:28 [tracker] [s6] onset t=34.255 env=0.00214 gate=0.00021 envDelta=0.00193 envFloor=0.00125 onset=0.948 thresh=0.018 onsetDelta=0.92963 baseline=0.00083 adaptive=0.00209 lastPeak=0.00000 guard=0.060 activeAge=-1.000 pitch=-1.00Hz pitchCents=0.0
2025-12-14 07:54:28 [tracker] [s4] onset t=34.298 env=0.00154 gate=0.00012 envDelta=0.00142 envFloor=0.00107 onset=0.698 thresh=0.014 onsetDelta=0.68399 baseline=0.00071 adaptive=0.00179 lastPeak=0.00000 guard=0.060 activeAge=-1.000 pitch=-1.00Hz pitchCents=0.0
2025-12-14 07:54:28 [tracker] [s3] onset t=34.522 env=0.00140 gate=0.00008 envDelta=0.00132 envFloor=0.00092 onset=0.993 thresh=0.012 onsetDelta=0.98161 baseline=0.00061 adaptive=0.00153 lastPeak=0.00000 guard=0.060 activeAge=-1.000 pitch=-1.00Hz pitchCents=0.0
2025-12-14 07:54:28 [tracker] [s3] onset t=34.586 env=0.00143 gate=0.00008 envDelta=0.00135 envFloor=0.00091 onset=0.996 thresh=0.012 onsetDelta=0.98431 baseline=0.00061 adaptive=0.00152 lastPeak=0.00000 guard=0.060 activeAge=-1.000 pitch=-1.00Hz pitchCents=0.0
2025-12-14 07:54:28 [tracker] [s2] onset t=34.620 env=0.00196 gate=0.00001 envDelta=0.00196 envFloor=0.00104 onset=0.938 thresh=0.009 onsetDelta=0.92947 baseline=0.00069 adaptive=0.00173 lastPeak=0.00026 guard=0.060 activeAge=-1.000 pitch=-1.00Hz pitchCents=0.0
2025-12-14 07:54:28 [tracker] [s1] aubio-raw t=34.6338 onset=0.832821 env=0.000607 peak=0.001822 gain=1.000
2025-12-14 07:54:28 [tracker] [s1] onset-below-env-floor t=34.6338 env=0.000607 gate=0.000023 envDelta=0.000584 envFloor=0.000627 onset=0.832821 thresh=0.006000 onsetDelta=0.826821 baseline=0.000418 floor=0.000180 adapt=0.001045 lastPeak=0.000002 baseParam=0.000180 gateRatio=0.0550 envParam=0.000450 onsetScale=0.300 retriggerScale=1.400 guard=0.060 guardRemain=0.000 activeAge=-1.000 retrigRemain=0.000 pitchHz=-1.00 pitchCents=0.0
2025-12-14 07:54:28 [tracker] [s4] onset t=34.639 env=0.00128 gate=0.00011 envDelta=0.00117 envFloor=0.00096 onset=0.804 thresh=0.014 onsetDelta=0.78965 baseline=0.00064 adaptive=0.00161 lastPeak=0.00000 guard=0.060 activeAge=-1.000 pitch=-1.00Hz pitchCents=0.0
2025-12-14 07:54:28 [tracker] [s3] onset t=34.748 env=0.00151 gate=0.00008 envDelta=0.00143 envFloor=0.00095 onset=0.923 thresh=0.012 onsetDelta=0.91165 baseline=0.00063 adaptive=0.00158 lastPeak=0.00000 guard=0.060 activeAge=-1.000 pitch=-1.00Hz pitchCents=0.0
2025-12-14 07:54:28 [tracker] [s4] onset t=34.762 env=0.00146 gate=0.00012 envDelta=0.00134 envFloor=0.00103 onset=0.909 thresh=0.014 onsetDelta=0.89542 baseline=0.00069 adaptive=0.00172 lastPeak=0.00000 guard=0.060 activeAge=-1.000 pitch=-1.00Hz pitchCents=0.0
2025-12-14 07:54:28 [tracker] [s5] onset t=34.815 env=0.00185 gate=0.00015 envDelta=0.00170 envFloor=0.00105 onset=1.150 thresh=0.016 onsetDelta=1.13364 baseline=0.00070 adaptive=0.00176 lastPeak=0.00000 guard=0.060 activeAge=-1.000 pitch=-1.00Hz pitchCents=0.0
2025-12-14 07:54:28 [tracker] [s1] aubio-raw t=34.8711 onset=1.181862 env=0.000544 peak=0.001316 gain=1.000
2025-12-14 07:54:28 [tracker] [s1] onset-below-env-floor t=34.8711 env=0.000544 gate=0.000023 envDelta=0.000522 envFloor=0.000621 onset=1.181862 thresh=0.006000 onsetDelta=1.175862 baseline=0.000414 floor=0.000180 adapt=0.001035 lastPeak=0.000001 baseParam=0.000180 gateRatio=0.0550 envParam=0.000450 onsetScale=0.300 retriggerScale=1.400 guard=0.060 guardRemain=0.000 activeAge=-1.000 retrigRemain=0.000 pitchHz=242.42 pitchCents=1868.0
2025-12-14 07:54:28 [tracker] [s2] onset t=34.906 env=0.00109 gate=0.00001 envDelta=0.00108 envFloor=0.00098 onset=1.000 thresh=0.009 onsetDelta=0.99112 baseline=0.00066 adaptive=0.00164 lastPeak=0.00015 guard=0.060 activeAge=-1.000 pitch=571.38Hz pitchCents=2852.3
2025-12-14 07:54:29 [tracker] [s6] onset t=34.911 env=0.00194 gate=0.00020 envDelta=0.00175 envFloor=0.00118 onset=0.944 thresh=0.018 onsetDelta=0.92585 baseline=0.00079 adaptive=0.00197 lastPeak=0.00000 guard=0.060 activeAge=-1.000 pitch=-1.00Hz pitchCents=0.0
2025-12-14 07:54:29 [tracker] [s5] onset t=34.978 env=0.00232 gate=0.00015 envDelta=0.00217 envFloor=0.00108 onset=0.997 thresh=0.016 onsetDelta=0.98106 baseline=0.00072 adaptive=0.00180 lastPeak=0.00000 guard=0.060 activeAge=-1.000 pitch=-1.00Hz pitchCents=0.0
2025-12-14 07:54:29 [tracker] [s3] onset t=35.015 env=0.00132 gate=0.00008 envDelta=0.00124 envFloor=0.00092 onset=1.000 thresh=0.012 onsetDelta=0.98809 baseline=0.00061 adaptive=0.00153 lastPeak=0.00000 guard=0.060 activeAge=-1.000 pitch=-1.00Hz pitchCents=0.0
2025-12-14 07:54:29 [tracker] [s1] aubio-raw t=35.0205 onset=1.025157 env=0.001212 peak=0.002683 gain=1.000
2025-12-14 07:54:29 [tracker] [s1] onset-accepted t=35.0205 env=0.001212 gate=0.000026 envDelta=0.001186 envFloor=0.000710 onset=1.025157 thresh=0.006000 onsetDelta=1.019157 baseline=0.000473 floor=0.000180 adapt=0.001183 lastPeak=0.000001 baseParam=0.000180 gateRatio=0.0550 envParam=0.000450 onsetScale=0.300 retriggerScale=1.400 guard=0.060 guardRemain=0.000 activeAge=-1.000 retrigRemain=0.000 pitchHz=-1.00 pitchCents=0.0
2025-12-14 07:54:29 [tracker] [s1] onset t=35.020 env=0.00121 gate=0.00003 envDelta=0.00119 envFloor=0.00071 onset=1.025 thresh=0.006 onsetDelta=1.01916 baseline=0.00047 adaptive=0.00118 lastPeak=0.00000 guard=0.060 activeAge=-1.000 pitch=-1.00Hz pitchCents=0.0
2025-12-14 07:54:29 [tracker] [s6] onset t=35.020 env=0.00190 gate=0.00022 envDelta=0.00168 envFloor=0.00130 onset=1.157 thresh=0.018 onsetDelta=1.13891 baseline=0.00087 adaptive=0.00217 lastPeak=0.00000 guard=0.060 activeAge=-1.000 pitch=-1.00Hz pitchCents=0.0
2025-12-14 07:54:29 [tracker] [s3] onset t=35.114 env=0.00142 gate=0.00008 envDelta=0.00134 envFloor=0.00093 onset=0.869 thresh=0.012 onsetDelta=0.85708 baseline=0.00062 adaptive=0.00154 lastPeak=0.00000 guard=0.060 activeAge=-1.000 pitch=-1.00Hz pitchCents=0.0
2025-12-14 07:54:29 [tracker] [s5] onset t=35.114 env=0.00154 gate=0.00016 envDelta=0.00138 envFloor=0.00111 onset=0.998 thresh=0.016 onsetDelta=0.98186 baseline=0.00074 adaptive=0.00185 lastPeak=0.00000 guard=0.060 activeAge=-1.000 pitch=-1.00Hz pitchCents=0.0
2025-12-14 07:54:29 [tracker] [s6] onset t=35.127 env=0.00217 gate=0.00021 envDelta=0.00196 envFloor=0.00127 onset=0.998 thresh=0.018 onsetDelta=0.97971 baseline=0.00085 adaptive=0.00212 lastPeak=0.00000 guard=0.060 activeAge=-1.000 pitch=-1.00Hz pitchCents=0.0
2025-12-14 07:54:29 [tracker] [s1] aubio-raw t=35.1618 onset=1.150936 env=0.000902 peak=0.001987 gain=1.000
2025-12-14 07:54:29 [tracker] [s1] onset-accepted t=35.1618 env=0.000902 gate=0.000022 envDelta=0.000879 envFloor=0.000613 onset=1.150936 thresh=0.006000 onsetDelta=1.144936 baseline=0.000409 floor=0.000180 adapt=0.001021 lastPeak=0.000001 baseParam=0.000180 gateRatio=0.0550 envParam=0.000450 onsetScale=0.300 retriggerScale=1.400 guard=0.060 guardRemain=0.000 activeAge=-1.000 retrigRemain=0.000 pitchHz=-1.00 pitchCents=0.0
2025-12-14 07:54:29 [tracker] [s6] onset t=35.252 env=0.00179 gate=0.00020 envDelta=0.00159 envFloor=0.00118 onset=1.046 thresh=0.018 onsetDelta=1.02755 baseline=0.00078 adaptive=0.00196 lastPeak=0.00000 guard=0.060 activeAge=-1.000 pitch=-1.00Hz pitchCents=0.0
2025-12-14 07:54:29 [tracker] [s1] aubio-raw t=35.3538 onset=0.997210 env=0.001311 peak=0.002725 gain=1.000
2025-12-14 07:54:29 [tracker] [s1] onset-accepted t=35.3538 env=0.001311 gate=0.000024 envDelta=0.001287 envFloor=0.000664 onset=0.997210 thresh=0.006000 onsetDelta=0.991210 baseline=0.000442 floor=0.000180 adapt=0.001106 lastPeak=0.000001 baseParam=0.000180 gateRatio=0.0550 envParam=0.000450 onsetScale=0.300 retriggerScale=1.400 guard=0.060 guardRemain=0.000 activeAge=-1.000 retrigRemain=0.000 pitchHz=-1.00 pitchCents=0.0
2025-12-14 07:54:29 [tracker] [s1] onset t=35.354 env=0.00131 gate=0.00002 envDelta=0.00129 envFloor=0.00066 onset=0.997 thresh=0.006 onsetDelta=0.99121 baseline=0.00044 adaptive=0.00111 lastPeak=0.00000 guard=0.060 activeAge=-1.000 pitch=-1.00Hz pitchCents=0.0
2025-12-14 07:54:29 [tracker] [s6] onset t=35.428 env=0.00185 gate=0.00021 envDelta=0.00163 envFloor=0.00128 onset=1.253 thresh=0.018 onsetDelta=1.23515 baseline=0.00085 adaptive=0.00213 lastPeak=0.00000 guard=0.060 activeAge=-1.000 pitch=-1.00Hz pitchCents=0.0
2025-12-14 07:54:29 [tracker] [s3] onset t=35.500 env=0.00140 gate=0.00008 envDelta=0.00132 envFloor=0.00094 onset=1.404 thresh=0.012 onsetDelta=1.39226 baseline=0.00063 adaptive=0.00157 lastPeak=0.00000 guard=0.060 activeAge=-1.000 pitch=-1.00Hz pitchCents=0.0
2025-12-14 07:54:29 [tracker] [s5] onset t=35.506 env=0.00178 gate=0.00016 envDelta=0.00163 envFloor=0.00112 onset=0.867 thresh=0.016 onsetDelta=0.85127 baseline=0.00075 adaptive=0.00187 lastPeak=0.00000 guard=0.060 activeAge=-1.000 pitch=-1.00Hz pitchCents=0.0
2025-12-14 07:54:29 [tracker] [s6] onset t=35.612 env=0.00175 gate=0.00020 envDelta=0.00155 envFloor=0.00121 onset=1.007 thresh=0.018 onsetDelta=0.98894 baseline=0.00080 adaptive=0.00201 lastPeak=0.00000 guard=0.060 activeAge=-1.000 pitch=-1.00Hz pitchCents=0.0
2025-12-14 07:54:29 [tracker] [s3] onset t=35.706 env=0.00148 gate=0.00008 envDelta=0.00140 envFloor=0.00094 onset=1.019 thresh=0.012 onsetDelta=1.00782 baseline=0.00063 adaptive=0.00156 lastPeak=0.00000 guard=0.060 activeAge=-1.000 pitch=-1.00Hz pitchCents=0.0
2025-12-14 07:54:29 [tracker] [s1] aubio-raw t=35.7244 onset=0.730902 env=0.000848 peak=0.002091 gain=1.000
2025-12-14 07:54:29 [tracker] [s1] onset t=35.724 env=0.00085 gate=0.00002 envDelta=0.00082 envFloor=0.00065 onset=0.731 thresh=0.006 onsetDelta=0.72490 baseline=0.00044 adaptive=0.00109 lastPeak=0.00000 guard=0.060 activeAge=-1.000 pitch=-1.00Hz pitchCents=0.0
2025-12-14 07:54:29 [tracker] [s5] onset t=35.754 env=0.00180 gate=0.00015 envDelta=0.00165 envFloor=0.00109 onset=0.999 thresh=0.016 onsetDelta=0.98334 baseline=0.00073 adaptive=0.00182 lastPeak=0.00000 guard=0.060 activeAge=-1.000 pitch=-1.00Hz pitchCents=0.0
2025-12-14 07:54:29 [tracker] [s1] aubio-raw t=35.7964 onset=0.951041 env=0.001039 peak=0.002543 gain=1.000
2025-12-14 07:54:29 [tracker] [s1] onset-accepted t=35.7964 env=0.001039 gate=0.000026 envDelta=0.001012 envFloor=0.000718 onset=0.951041 thresh=0.006000 onsetDelta=0.945041 baseline=0.000478 floor=0.000180 adapt=0.001196 lastPeak=0.000000 baseParam=0.000180 gateRatio=0.0550 envParam=0.000450 onsetScale=0.300 retriggerScale=1.400 guard=0.060 guardRemain=0.000 activeAge=-1.000 retrigRemain=0.000 pitchHz=-1.00 pitchCents=0.0
2025-12-14 07:54:29 [tracker] [s1] onset t=35.796 env=0.00104 gate=0.00003 envDelta=0.00101 envFloor=0.00072 onset=0.951 thresh=0.006 onsetDelta=0.94504 baseline=0.00048 adaptive=0.00120 lastPeak=0.00000 guard=0.060 activeAge=-1.000 pitch=-1.00Hz pitchCents=0.0
2025-12-14 07:54:29 [tracker] [s5] onset t=35.882 env=0.00202 gate=0.00016 envDelta=0.00186 envFloor=0.00114 onset=0.526 thresh=0.016 onsetDelta=0.51008 baseline=0.00076 adaptive=0.00190 lastPeak=0.00000 guard=0.060 activeAge=-1.000 pitch=-1.00Hz pitchCents=0.0
2025-12-14 07:54:30 [tracker] [s6] onset t=35.959 env=0.00178 gate=0.00020 envDelta=0.00158 envFloor=0.00121 onset=1.125 thresh=0.018 onsetDelta=1.10739 baseline=0.00081 adaptive=0.00202 lastPeak=0.00000 guard=0.060 activeAge=-1.000 pitch=-1.00Hz pitchCents=0.0
2025-12-14 07:54:30 [tracker] [s3] onset t=35.962 env=0.00156 gate=0.00008 envDelta=0.00148 envFloor=0.00091 onset=1.028 thresh=0.012 onsetDelta=1.01608 baseline=0.00061 adaptive=0.00152 lastPeak=0.00000 guard=0.060 activeAge=-1.000 pitch=-1.00Hz pitchCents=0.0
2025-12-14 07:54:30 [tracker] [s6] onset t=36.154 env=0.00193 gate=0.00021 envDelta=0.00172 envFloor=0.00128 onset=1.005 thresh=0.018 onsetDelta=0.98665 baseline=0.00085 adaptive=0.00213 lastPeak=0.00000 guard=0.060 activeAge=-1.000 pitch=-1.00Hz pitchCents=0.0
2025-12-14 07:54:30 [tracker] [s5] onset t=36.194 env=0.00188 gate=0.00015 envDelta=0.00173 envFloor=0.00109 onset=1.020 thresh=0.016 onsetDelta=1.00439 baseline=0.00073 adaptive=0.00182 lastPeak=0.00000 guard=0.060 activeAge=-1.000 pitch=-1.00Hz pitchCents=0.0
2025-12-14 07:54:30 [tracker] [s5] onset t=36.410 env=0.00165 gate=0.00014 envDelta=0.00150 envFloor=0.00102 onset=0.994 thresh=0.016 onsetDelta=0.97751 baseline=0.00068 adaptive=0.00169 lastPeak=0.00000 guard=0.060 activeAge=-1.000 pitch=-1.00Hz pitchCents=0.0
2025-12-14 07:54:30 [tracker] [s3] onset t=36.434 env=0.00124 gate=0.00008 envDelta=0.00116 envFloor=0.00091 onset=1.401 thresh=0.012 onsetDelta=1.38921 baseline=0.00061 adaptive=0.00152 lastPeak=0.00000 guard=0.060 activeAge=-1.000 pitch=-1.00Hz pitchCents=0.0
2025-12-14 07:54:30 [tracker] [s6] onset t=36.455 env=0.00183 gate=0.00021 envDelta=0.00162 envFloor=0.00126 onset=0.994 thresh=0.018 onsetDelta=0.97554 baseline=0.00084 adaptive=0.00210 lastPeak=0.00000 guard=0.060 activeAge=-1.000 pitch=-1.00Hz pitchCents=0.0
2025-12-14 07:54:30 [tracker] [s6] onset t=36.674 env=0.00196 gate=0.00022 envDelta=0.00174 envFloor=0.00131 onset=0.994 thresh=0.018 onsetDelta=0.97569 baseline=0.00087 adaptive=0.00219 lastPeak=0.00000 guard=0.060 activeAge=-1.000 pitch=-1.00Hz pitchCents=0.0
2025-12-14 07:54:30 [tracker] [s6] onset t=36.762 env=0.00150 gate=0.00020 envDelta=0.00130 envFloor=0.00117 onset=1.208 thresh=0.018 onsetDelta=1.19039 baseline=0.00078 adaptive=0.00196 lastPeak=0.00000 guard=0.060 activeAge=-1.000 pitch=-1.00Hz pitchCents=0.0
2025-12-14 07:54:30 [tracker] [s1] aubio-raw t=36.7990 onset=1.107463 env=0.000897 peak=0.002785 gain=1.000
2025-12-14 07:54:30 [tracker] [s1] onset-accepted t=36.7990 env=0.000897 gate=0.000022 envDelta=0.000875 envFloor=0.000594 onset=1.107463 thresh=0.006000 onsetDelta=1.101463 baseline=0.000396 floor=0.000180 adapt=0.000989 lastPeak=0.000000 baseParam=0.000180 gateRatio=0.0550 envParam=0.000450 onsetScale=0.300 retriggerScale=1.400 guard=0.060 guardRemain=0.000 activeAge=-1.000 retrigRemain=0.000 pitchHz=94.11 pitchCents=229.9
2025-12-14 07:54:30 [tracker] [s1] onset t=36.799 env=0.00090 gate=0.00002 envDelta=0.00087 envFloor=0.00059 onset=1.107 thresh=0.006 onsetDelta=1.10146 baseline=0.00040 adaptive=0.00099 lastPeak=0.00000 guard=0.060 activeAge=-1.000 pitch=94.11Hz pitchCents=229.9
2025-12-14 07:54:30 [tracker] [s4] onset t=36.858 env=0.00146 gate=0.00011 envDelta=0.00135 envFloor=0.00096 onset=1.031 thresh=0.014 onsetDelta=1.01721 baseline=0.00064 adaptive=0.00160 lastPeak=0.00000 guard=0.060 activeAge=-1.000 pitch=-1.00Hz pitchCents=0.0
2025-12-14 07:54:31 [tracker] [s5] onset t=36.991 env=0.00165 gate=0.00016 envDelta=0.00150 envFloor=0.00111 onset=1.429 thresh=0.016 onsetDelta=1.41293 baseline=0.00074 adaptive=0.00185 lastPeak=0.00000 guard=0.060 activeAge=-1.000 pitch=-1.00Hz pitchCents=0.0
2025-12-14 07:54:31 [tracker] [s1] aubio-raw t=36.9937 onset=0.934694 env=0.001187 peak=0.002152 gain=1.000
2025-12-14 07:54:31 [tracker] [s1] onset-accepted t=36.9937 env=0.001187 gate=0.000025 envDelta=0.001163 envFloor=0.000670 onset=0.934694 thresh=0.006000 onsetDelta=0.928694 baseline=0.000447 floor=0.000180 adapt=0.001117 lastPeak=0.000000 baseParam=0.000180 gateRatio=0.0550 envParam=0.000450 onsetScale=0.300 retriggerScale=1.400 guard=0.060 guardRemain=0.000 activeAge=-1.000 retrigRemain=0.000 pitchHz=-1.00 pitchCents=0.0
2025-12-14 07:54:31 [tracker] [s1] aubio-raw t=37.0577 onset=0.997133 env=0.000999 peak=0.002393 gain=1.000
2025-12-14 07:54:31 [tracker] [s1] onset-accepted t=37.0577 env=0.000999 gate=0.000025 envDelta=0.000974 envFloor=0.000684 onset=0.997133 thresh=0.006000 onsetDelta=0.991133 baseline=0.000456 floor=0.000180 adapt=0.001139 lastPeak=0.000000 baseParam=0.000180 gateRatio=0.0550 envParam=0.000450 onsetScale=0.300 retriggerScale=1.400 guard=0.060 guardRemain=0.000 activeAge=-1.000 retrigRemain=0.000 pitchHz=-1.00 pitchCents=0.0
2025-12-14 07:54:31 [tracker] [s1] onset t=37.058 env=0.00100 gate=0.00003 envDelta=0.00097 envFloor=0.00068 onset=0.997 thresh=0.006 onsetDelta=0.99113 baseline=0.00046 adaptive=0.00114 lastPeak=0.00000 guard=0.060 activeAge=-1.000 pitch=-1.00Hz pitchCents=0.0
2025-12-14 07:54:31 [tracker] [s1] aubio-raw t=37.1350 onset=1.065016 env=0.000573 peak=0.001250 gain=1.000
2025-12-14 07:54:31 [tracker] [s1] onset-below-env-floor t=37.1350 env=0.000573 gate=0.000024 envDelta=0.000550 envFloor=0.000647 onset=1.065016 thresh=0.006000 onsetDelta=1.059016 baseline=0.000431 floor=0.000180 adapt=0.001079 lastPeak=0.000000 baseParam=0.000180 gateRatio=0.0550 envParam=0.000450 onsetScale=0.300 retriggerScale=1.400 guard=0.060 guardRemain=0.000 activeAge=-1.000 retrigRemain=0.000 pitchHz=177.78 pitchCents=1331.1
2025-12-14 07:54:31 [tracker] [s5] onset t=37.156 env=0.00140 gate=0.00014 envDelta=0.00126 envFloor=0.00100 onset=0.998 thresh=0.016 onsetDelta=0.98244 baseline=0.00067 adaptive=0.00167 lastPeak=0.00000 guard=0.060 activeAge=-1.000 pitch=-1.00Hz pitchCents=0.0
2025-12-14 07:54:31 [tracker] [s2] onset t=37.162 env=0.00157 gate=0.00001 envDelta=0.00156 envFloor=0.00100 onset=1.421 thresh=0.009 onsetDelta=1.41201 baseline=0.00066 adaptive=0.00166 lastPeak=0.00000 guard=0.060 activeAge=-1.000 pitch=-1.00Hz pitchCents=0.0
2025-12-14 07:54:31 [tracker] [s1] aubio-raw t=37.1856 onset=1.068791 env=0.000642 peak=0.001499 gain=1.000
2025-12-14 07:54:31 [tracker] [s1] onset-accepted t=37.1856 env=0.000642 gate=0.000023 envDelta=0.000619 envFloor=0.000634 onset=1.068791 thresh=0.006000 onsetDelta=1.062791 baseline=0.000423 floor=0.000180 adapt=0.001057 lastPeak=0.000000 baseParam=0.000180 gateRatio=0.0550 envParam=0.000450 onsetScale=0.300 retriggerScale=1.400 guard=0.060 guardRemain=0.000 activeAge=-1.000 retrigRemain=0.000 pitchHz=533.33 pitchCents=3233.0
2025-12-14 07:54:31 [tracker] [s1] onset t=37.186 env=0.00064 gate=0.00002 envDelta=0.00062 envFloor=0.00063 onset=1.069 thresh=0.006 onsetDelta=1.06279 baseline=0.00042 adaptive=0.00106 lastPeak=0.00000 guard=0.060 activeAge=-1.000 pitch=533.33Hz pitchCents=3233.0
2025-12-14 07:54:31 [tracker] [s5] onset t=37.263 env=0.00170 gate=0.00015 envDelta=0.00156 envFloor=0.00105 onset=0.899 thresh=0.016 onsetDelta=0.88324 baseline=0.00070 adaptive=0.00174 lastPeak=0.00000 guard=0.060 activeAge=-1.000 pitch=-1.00Hz pitchCents=0.0
2025-12-14 07:54:31 [tracker] [s6] onset t=37.372 env=0.00256 gate=0.00022 envDelta=0.00233 envFloor=0.00134 onset=1.209 thresh=0.018 onsetDelta=1.19128 baseline=0.00090 adaptive=0.00224 lastPeak=0.00000 guard=0.060 activeAge=-1.000 pitch=-1.00Hz pitchCents=0.0
2025-12-14 07:54:31 [tracker] [s6] onset t=37.428 env=0.00183 gate=0.00021 envDelta=0.00162 envFloor=0.00128 onset=1.009 thresh=0.018 onsetDelta=0.99135 baseline=0.00085 adaptive=0.00213 lastPeak=0.00000 guard=0.060 activeAge=-1.000 pitch=-1.00Hz pitchCents=0.0
2025-12-14 07:54:31 [tracker] [s2] onset t=37.474 env=0.00104 gate=0.00001 envDelta=0.00103 envFloor=0.00098 onset=1.042 thresh=0.009 onsetDelta=1.03289 baseline=0.00065 adaptive=0.00163 lastPeak=0.00000 guard=0.060 activeAge=-1.000 pitch=399.94Hz pitchCents=2234.7
2025-12-14 07:54:31 [tracker] [s3] onset t=37.527 env=0.00144 gate=0.00008 envDelta=0.00135 envFloor=0.00097 onset=0.884 thresh=0.012 onsetDelta=0.87289 baseline=0.00064 adaptive=0.00161 lastPeak=0.00000 guard=0.060 activeAge=-1.000 pitch=-1.00Hz pitchCents=0.0
2025-12-14 07:54:31 [tracker] [s1] aubio-raw t=37.5643 onset=0.931784 env=0.000683 peak=0.001606 gain=1.000
2025-12-14 07:54:31 [tracker] [s1] onset t=37.564 env=0.00068 gate=0.00002 envDelta=0.00066 envFloor=0.00060 onset=0.932 thresh=0.006 onsetDelta=0.92578 baseline=0.00040 adaptive=0.00100 lastPeak=0.00000 guard=0.060 activeAge=-1.000 pitch=666.86Hz pitchCents=3619.9
2025-12-14 07:54:31 [tracker] [s3] onset t=37.591 env=0.00132 gate=0.00008 envDelta=0.00125 envFloor=0.00088 onset=0.981 thresh=0.012 onsetDelta=0.96953 baseline=0.00059 adaptive=0.00147 lastPeak=0.00000 guard=0.060 activeAge=-1.000 pitch=-1.00Hz pitchCents=0.0
2025-12-14 07:54:31 [tracker] [s5] onset t=37.650 env=0.00173 gate=0.00015 envDelta=0.00158 envFloor=0.00107 onset=0.709 thresh=0.016 onsetDelta=0.69308 baseline=0.00072 adaptive=0.00179 lastPeak=0.00000 guard=0.060 activeAge=-1.000 pitch=-1.00Hz pitchCents=0.0
2025-12-14 07:54:31 [tracker] [s4] onset t=37.748 env=0.00142 gate=0.00011 envDelta=0.00131 envFloor=0.00099 onset=1.114 thresh=0.014 onsetDelta=1.10006 baseline=0.00066 adaptive=0.00166 lastPeak=0.00000 guard=0.060 activeAge=-1.000 pitch=-1.00Hz pitchCents=0.0
2025-12-14 07:54:31 [tracker] [s5] onset t=37.882 env=0.00167 gate=0.00015 envDelta=0.00152 envFloor=0.00104 onset=0.792 thresh=0.016 onsetDelta=0.77621 baseline=0.00070 adaptive=0.00174 lastPeak=0.00000 guard=0.060 activeAge=-1.000 pitch=-1.00Hz pitchCents=0.0
2025-12-14 07:54:32 [tracker] [s6] onset t=37.927 env=0.00165 gate=0.00019 envDelta=0.00146 envFloor=0.00116 onset=1.108 thresh=0.018 onsetDelta=1.08978 baseline=0.00077 adaptive=0.00193 lastPeak=0.00000 guard=0.060 activeAge=-1.000 pitch=-1.00Hz pitchCents=0.0
2025-12-14 07:54:32 [tracker] [s4] onset t=37.988 env=0.00137 gate=0.00011 envDelta=0.00127 envFloor=0.00095 onset=0.995 thresh=0.014 onsetDelta=0.98077 baseline=0.00063 adaptive=0.00159 lastPeak=0.00000 guard=0.060 activeAge=-1.000 pitch=-1.00Hz pitchCents=0.0
2025-12-14 07:54:32 [tracker] [s1] aubio-raw t=38.0016 onset=0.849041 env=0.001413 peak=0.002901 gain=1.000
2025-12-14 07:54:32 [tracker] [s1] onset-accepted t=38.0016 env=0.001413 gate=0.000023 envDelta=0.001390 envFloor=0.000619 onset=0.849041 thresh=0.006000 onsetDelta=0.843041 baseline=0.000413 floor=0.000180 adapt=0.001032 lastPeak=0.000000 baseParam=0.000180 gateRatio=0.0550 envParam=0.000450 onsetScale=0.300 retriggerScale=1.400 guard=0.060 guardRemain=0.000 activeAge=-1.000 retrigRemain=0.000 pitchHz=320.03 pitchCents=2348.8
2025-12-14 07:54:32 [tracker] [s1] onset t=38.002 env=0.00141 gate=0.00002 envDelta=0.00139 envFloor=0.00062 onset=0.849 thresh=0.006 onsetDelta=0.84304 baseline=0.00041 adaptive=0.00103 lastPeak=0.00000 guard=0.060 activeAge=-1.000 pitch=320.03Hz pitchCents=2348.8
2025-12-14 07:54:32 [tracker] [s3] onset t=38.023 env=0.00116 gate=0.00008 envDelta=0.00108 envFloor=0.00094 onset=0.546 thresh=0.012 onsetDelta=0.53442 baseline=0.00063 adaptive=0.00157 lastPeak=0.00000 guard=0.060 activeAge=-1.000 pitch=-1.00Hz pitchCents=0.0
2025-12-14 07:54:32 [tracker] [s5] onset t=38.074 env=0.00169 gate=0.00016 envDelta=0.00154 envFloor=0.00111 onset=0.852 thresh=0.016 onsetDelta=0.83594 baseline=0.00074 adaptive=0.00186 lastPeak=0.00000 guard=0.060 activeAge=-1.000 pitch=-1.00Hz pitchCents=0.0
2025-12-14 07:54:32 [tracker] [s3] onset t=38.167 env=0.00140 gate=0.00008 envDelta=0.00132 envFloor=0.00092 onset=1.153 thresh=0.012 onsetDelta=1.14161 baseline=0.00061 adaptive=0.00153 lastPeak=0.00000 guard=0.060 activeAge=-1.000 pitch=-1.00Hz pitchCents=0.0
2025-12-14 07:54:32 [tracker] [s1] aubio-raw t=38.1936 onset=0.993873 env=0.001347 peak=0.003688 gain=1.000
2025-12-14 07:54:32 [tracker] [s1] onset-accepted t=38.1936 env=0.001347 gate=0.000026 envDelta=0.001321 envFloor=0.000697 onset=0.993873 thresh=0.006000 onsetDelta=0.987873 baseline=0.000465 floor=0.000180 adapt=0.001162 lastPeak=0.000000 baseParam=0.000180 gateRatio=0.0550 envParam=0.000450 onsetScale=0.300 retriggerScale=1.400 guard=0.060 guardRemain=0.000 activeAge=-1.000 retrigRemain=0.000 pitchHz=-1.00 pitchCents=0.0
2025-12-14 07:54:32 [tracker] [s1] onset t=38.194 env=0.00135 gate=0.00003 envDelta=0.00132 envFloor=0.00070 onset=0.994 thresh=0.006 onsetDelta=0.98787 baseline=0.00046 adaptive=0.00116 lastPeak=0.00000 guard=0.060 activeAge=-1.000 pitch=-1.00Hz pitchCents=0.0
2025-12-14 07:54:32 [tracker] [s6] onset t=38.231 env=0.00200 gate=0.00021 envDelta=0.00180 envFloor=0.00123 onset=0.999 thresh=0.018 onsetDelta=0.98099 baseline=0.00082 adaptive=0.00205 lastPeak=0.00000 guard=0.060 activeAge=-1.000 pitch=-1.00Hz pitchCents=0.0
2025-12-14 07:54:32 [tracker] [s5] onset t=38.242 env=0.00181 gate=0.00015 envDelta=0.00166 envFloor=0.00108 onset=1.137 thresh=0.016 onsetDelta=1.12068 baseline=0.00072 adaptive=0.00180 lastPeak=0.00000 guard=0.060 activeAge=-1.000 pitch=-1.00Hz pitchCents=0.0
2025-12-14 07:54:32 [tracker] [s3] onset t=38.327 env=0.00097 gate=0.00008 envDelta=0.00089 envFloor=0.00092 onset=1.129 thresh=0.012 onsetDelta=1.11709 baseline=0.00061 adaptive=0.00153 lastPeak=0.00000 guard=0.060 activeAge=-1.000 pitch=-1.00Hz pitchCents=0.0
2025-12-14 07:54:32 [tracker] [s4] onset t=38.388 env=0.00139 gate=0.00011 envDelta=0.00128 envFloor=0.00096 onset=0.792 thresh=0.014 onsetDelta=0.77753 baseline=0.00064 adaptive=0.00160 lastPeak=0.00000 guard=0.060 activeAge=-1.000 pitch=-1.00Hz pitchCents=0.0
2025-12-14 07:54:32 [tracker] [s2] onset t=38.466 env=0.00152 gate=0.00001 envDelta=0.00151 envFloor=0.00102 onset=0.780 thresh=0.009 onsetDelta=0.77112 baseline=0.00068 adaptive=0.00170 lastPeak=0.00000 guard=0.060 activeAge=-1.000 pitch=421.12Hz pitchCents=2324.1
2025-12-14 07:54:32 [tracker] [s6] onset t=38.818 env=0.00212 gate=0.00021 envDelta=0.00191 envFloor=0.00126 onset=1.153 thresh=0.018 onsetDelta=1.13459 baseline=0.00084 adaptive=0.00210 lastPeak=0.00000 guard=0.060 activeAge=-1.000 pitch=-1.00Hz pitchCents=0.0
2025-12-14 07:54:32 [tracker] [s2] onset t=38.834 env=0.00163 gate=0.00001 envDelta=0.00162 envFloor=0.00107 onset=0.995 thresh=0.009 onsetDelta=0.98627 baseline=0.00071 adaptive=0.00178 lastPeak=0.00000 guard=0.060 activeAge=-1.000 pitch=-1.00Hz pitchCents=0.0
2025-12-14 07:54:33 [tracker] [s1] aubio-raw t=39.0175 onset=0.981848 env=0.001042 peak=0.002460 gain=1.000
2025-12-14 07:54:33 [tracker] [s1] onset-accepted t=39.0175 env=0.001042 gate=0.000023 envDelta=0.001019 envFloor=0.000627 onset=0.981848 thresh=0.006000 onsetDelta=0.975848 baseline=0.000418 floor=0.000180 adapt=0.001044 lastPeak=0.000000 baseParam=0.000180 gateRatio=0.0550 envParam=0.000450 onsetScale=0.300 retriggerScale=1.400 guard=0.060 guardRemain=0.000 activeAge=-1.000 retrigRemain=0.000 pitchHz=-1.00 pitchCents=0.0
2025-12-14 07:54:33 [tracker] [s1] onset t=39.018 env=0.00104 gate=0.00002 envDelta=0.00102 envFloor=0.00063 onset=0.982 thresh=0.006 onsetDelta=0.97585 baseline=0.00042 adaptive=0.00104 lastPeak=0.00000 guard=0.060 activeAge=-1.000 pitch=-1.00Hz pitchCents=0.0
2025-12-14 07:54:33 [tracker] [s6] onset t=39.140 env=0.00199 gate=0.00020 envDelta=0.00179 envFloor=0.00123 onset=1.232 thresh=0.018 onsetDelta=1.21371 baseline=0.00082 adaptive=0.00204 lastPeak=0.00000 guard=0.060 activeAge=-1.000 pitch=-1.00Hz pitchCents=0.0
2025-12-14 07:54:33 [tracker] [s3] onset t=39.212 env=0.00112 gate=0.00008 envDelta=0.00104 envFloor=0.00094 onset=1.000 thresh=0.012 onsetDelta=0.98865 baseline=0.00063 adaptive=0.00156 lastPeak=0.00000 guard=0.060 activeAge=-1.000 pitch=-1.00Hz pitchCents=0.0
2025-12-14 07:54:33 [tracker] [s6] onset t=39.225 env=0.00216 gate=0.00023 envDelta=0.00194 envFloor=0.00135 onset=1.039 thresh=0.018 onsetDelta=1.02127 baseline=0.00090 adaptive=0.00225 lastPeak=0.00000 guard=0.060 activeAge=-1.000 pitch=-1.00Hz pitchCents=0.0
2025-12-14 07:54:33 [tracker] [s1] aubio-raw t=39.2388 onset=1.002468 env=0.000670 peak=0.001613 gain=1.000
2025-12-14 07:54:33 [tracker] [s1] onset-accepted t=39.2388 env=0.000670 gate=0.000023 envDelta=0.000647 envFloor=0.000629 onset=1.002468 thresh=0.006000 onsetDelta=0.996468 baseline=0.000419 floor=0.000180 adapt=0.001048 lastPeak=0.000000 baseParam=0.000180 gateRatio=0.0550 envParam=0.000450 onsetScale=0.300 retriggerScale=1.400 guard=0.060 guardRemain=0.000 activeAge=-1.000 retrigRemain=0.000 pitchHz=-1.00 pitchCents=0.0
2025-12-14 07:54:33 [tracker] [s1] onset t=39.239 env=0.00067 gate=0.00002 envDelta=0.00065 envFloor=0.00063 onset=1.002 thresh=0.006 onsetDelta=0.99647 baseline=0.00042 adaptive=0.00105 lastPeak=0.00000 guard=0.060 activeAge=-1.000 pitch=-1.00Hz pitchCents=0.0
2025-12-14 07:54:33 [tracker] [s3] onset t=39.279 env=0.00125 gate=0.00008 envDelta=0.00116 envFloor=0.00098 onset=1.284 thresh=0.012 onsetDelta=1.27225 baseline=0.00065 adaptive=0.00163 lastPeak=0.00000 guard=0.060 activeAge=-1.000 pitch=-1.00Hz pitchCents=0.0
2025-12-14 07:54:33 [tracker] [s1] aubio-raw t=39.2895 onset=1.373868 env=0.000944 peak=0.002322 gain=1.000
2025-12-14 07:54:33 [tracker] [s1] onset-accepted t=39.2895 env=0.000944 gate=0.000025 envDelta=0.000919 envFloor=0.000669 onset=1.373868 thresh=0.006000 onsetDelta=1.367867 baseline=0.000446 floor=0.000180 adapt=0.001115 lastPeak=0.000000 baseParam=0.000180 gateRatio=0.0550 envParam=0.000450 onsetScale=0.300 retriggerScale=1.400 guard=0.060 guardRemain=0.000 activeAge=-1.000 retrigRemain=0.000 pitchHz=-1.00 pitchCents=0.0
2025-12-14 07:54:33 [tracker] [s1] onset t=39.289 env=0.00094 gate=0.00002 envDelta=0.00092 envFloor=0.00067 onset=1.374 thresh=0.006 onsetDelta=1.36787 baseline=0.00045 adaptive=0.00111 lastPeak=0.00000 guard=0.060 activeAge=-1.000 pitch=-1.00Hz pitchCents=0.0
2025-12-14 07:54:33 [tracker] [s1] aubio-raw t=39.3802 onset=0.995041 env=0.000724 peak=0.001647 gain=1.000
2025-12-14 07:54:33 [tracker] [s1] onset-accepted t=39.3802 env=0.000724 gate=0.000026 envDelta=0.000698 envFloor=0.000698 onset=0.995041 thresh=0.006000 onsetDelta=0.989041 baseline=0.000465 floor=0.000180 adapt=0.001163 lastPeak=0.000000 baseParam=0.000180 gateRatio=0.0550 envParam=0.000450 onsetScale=0.300 retriggerScale=1.400 guard=0.060 guardRemain=0.000 activeAge=-1.000 retrigRemain=0.000 pitchHz=-1.00 pitchCents=0.0
2025-12-14 07:54:33 [tracker] [s1] onset t=39.380 env=0.00072 gate=0.00003 envDelta=0.00070 envFloor=0.00070 onset=0.995 thresh=0.006 onsetDelta=0.98904 baseline=0.00047 adaptive=0.00116 lastPeak=0.00000 guard=0.060 activeAge=-1.000 pitch=-1.00Hz pitchCents=0.0
2025-12-14 07:54:33 [tracker] [s3] onset t=39.388 env=0.00150 gate=0.00008 envDelta=0.00142 envFloor=0.00090 onset=0.723 thresh=0.012 onsetDelta=0.71116 baseline=0.00060 adaptive=0.00151 lastPeak=0.00000 guard=0.060 activeAge=-1.000 pitch=-1.00Hz pitchCents=0.0
2025-12-14 07:54:33 [tracker] [s2] onset t=39.439 env=0.00108 gate=0.00001 envDelta=0.00108 envFloor=0.00097 onset=1.018 thresh=0.009 onsetDelta=1.00895 baseline=0.00065 adaptive=0.00162 lastPeak=0.00000 guard=0.060 activeAge=-1.000 pitch=-1.00Hz pitchCents=0.0
2025-12-14 07:54:33 [tracker] [s1] aubio-raw t=39.4921 onset=0.990157 env=0.000895 peak=0.002342 gain=1.000
2025-12-14 07:54:33 [tracker] [s1] onset-accepted t=39.4921 env=0.000895 gate=0.000023 envDelta=0.000873 envFloor=0.000616 onset=0.990157 thresh=0.006000 onsetDelta=0.984157 baseline=0.000411 floor=0.000180 adapt=0.001027 lastPeak=0.000000 baseParam=0.000180 gateRatio=0.0550 envParam=0.000450 onsetScale=0.300 retriggerScale=1.400 guard=0.060 guardRemain=0.000 activeAge=-1.000 retrigRemain=0.000 pitchHz=210.52 pitchCents=1623.7
2025-12-14 07:54:33 [tracker] [s1] onset t=39.492 env=0.00090 gate=0.00002 envDelta=0.00087 envFloor=0.00062 onset=0.990 thresh=0.006 onsetDelta=0.98416 baseline=0.00041 adaptive=0.00103 lastPeak=0.00000 guard=0.060 activeAge=-1.000 pitch=210.52Hz pitchCents=1623.7
2025-12-14 07:54:33 [tracker] [s1] note-start t=39.492 fret=16 midi=56 vel=0.01 env=0.00090
2025-12-14 07:54:33 [tracker] [s6] onset t=39.527 env=0.00182 gate=0.00020 envDelta=0.00162 envFloor=0.00119 onset=1.037 thresh=0.018 onsetDelta=1.01865 baseline=0.00080 adaptive=0.00199 lastPeak=0.00000 guard=0.060 activeAge=-1.000 pitch=-1.00Hz pitchCents=0.0
2025-12-14 07:54:33 [tracker] [s5] onset t=39.567 env=0.00169 gate=0.00016 envDelta=0.00153 envFloor=0.00112 onset=1.383 thresh=0.016 onsetDelta=1.36698 baseline=0.00075 adaptive=0.00187 lastPeak=0.00000 guard=0.060 activeAge=-1.000 pitch=-1.00Hz pitchCents=0.0
2025-12-14 07:54:33 [tracker] [s3] onset t=39.596 env=0.00119 gate=0.00009 envDelta=0.00111 envFloor=0.00099 onset=0.998 thresh=0.012 onsetDelta=0.98637 baseline=0.00066 adaptive=0.00165 lastPeak=0.00000 guard=0.060 activeAge=-1.000 pitch=-1.00Hz pitchCents=0.0
2025-12-14 07:54:33 [tracker] [s2] onset t=39.668 env=0.00184 gate=0.00001 envDelta=0.00183 envFloor=0.00103 onset=0.994 thresh=0.009 onsetDelta=0.98502 baseline=0.00069 adaptive=0.00172 lastPeak=0.00000 guard=0.060 activeAge=-1.000 pitch=-1.00Hz pitchCents=0.0
2025-12-14 07:54:33 [tracker] [s4] onset t=39.756 env=0.00138 gate=0.00011 envDelta=0.00127 envFloor=0.00097 onset=1.052 thresh=0.014 onsetDelta=1.03763 baseline=0.00065 adaptive=0.00162 lastPeak=0.00000 guard=0.060 activeAge=-1.000 pitch=-1.00Hz pitchCents=0.0
2025-12-14 07:54:34 [tracker] [s4] onset t=39.991 env=0.00152 gate=0.00011 envDelta=0.00141 envFloor=0.00100 onset=0.978 thresh=0.014 onsetDelta=0.96415 baseline=0.00067 adaptive=0.00167 lastPeak=0.00000 guard=0.060 activeAge=-1.000 pitch=-1.00Hz pitchCents=0.0
2025-12-14 07:54:34 [tracker] [s3] onset t=40.060 env=0.00112 gate=0.00008 envDelta=0.00104 envFloor=0.00095 onset=0.695 thresh=0.012 onsetDelta=0.68370 baseline=0.00064 adaptive=0.00159 lastPeak=0.00000 guard=0.060 activeAge=-1.000 pitch=-1.00Hz pitchCents=0.0
2025-12-14 07:54:34 [tracker] [s5] onset t=40.148 env=0.00178 gate=0.00015 envDelta=0.00163 envFloor=0.00106 onset=0.982 thresh=0.016 onsetDelta=0.96631 baseline=0.00070 adaptive=0.00176 lastPeak=0.00000 guard=0.060 activeAge=-1.000 pitch=-1.00Hz pitchCents=0.0
2025-12-14 07:54:34 [tracker] [s6] onset t=40.148 env=0.00171 gate=0.00020 envDelta=0.00150 envFloor=0.00123 onset=1.067 thresh=0.018 onsetDelta=1.04918 baseline=0.00082 adaptive=0.00204 lastPeak=0.00000 guard=0.060 activeAge=-1.000 pitch=-1.00Hz pitchCents=0.0
2025-12-14 07:54:34 [tracker] [s4] onset t=40.305 env=0.00137 gate=0.00011 envDelta=0.00126 envFloor=0.00098 onset=0.998 thresh=0.014 onsetDelta=0.98425 baseline=0.00065 adaptive=0.00164 lastPeak=0.00000 guard=0.060 activeAge=-1.000 pitch=-1.00Hz pitchCents=0.0
2025-12-14 07:54:34 [tracker] [s4] onset t=40.396 env=0.00193 gate=0.00012 envDelta=0.00182 envFloor=0.00103 onset=0.995 thresh=0.014 onsetDelta=0.98142 baseline=0.00069 adaptive=0.00171 lastPeak=0.00000 guard=0.060 activeAge=-1.000 pitch=-1.00Hz pitchCents=0.0
2025-12-14 07:54:34 [tracker] [s3] onset t=40.455 env=0.00107 gate=0.00008 envDelta=0.00099 envFloor=0.00090 onset=1.072 thresh=0.012 onsetDelta=1.05998 baseline=0.00060 adaptive=0.00149 lastPeak=0.00000 guard=0.060 activeAge=-1.000 pitch=-1.00Hz pitchCents=0.0
2025-12-14 07:54:34 [tracker] [s1] aubio-raw t=40.4947 onset=0.998445 env=0.000598 peak=0.001520 gain=1.000
2025-12-14 07:54:34 [tracker] [s1] onset-below-env-floor t=40.4947 env=0.000598 gate=0.000026 envDelta=0.000572 envFloor=0.000707 onset=0.998445 thresh=0.006000 onsetDelta=0.992445 baseline=0.000471 floor=0.000180 adapt=0.001178 lastPeak=0.000136 baseParam=0.000180 gateRatio=0.0550 envParam=0.000450 onsetScale=0.300 retriggerScale=1.400 guard=0.060 guardRemain=0.000 activeAge=1.003 retrigRemain=0.000 pitchHz=94.11 pitchCents=229.9
2025-12-14 07:54:34 [tracker] [s1] release-retrigger t=40.495 onset=0.998 gate=0.000 age=1.003
2025-12-14 07:54:34 [tracker] [s1] note-ended t=40.495 fret=16 dur=1.003
2025-12-14 07:54:34 [tracker] [s3] onset t=40.519 env=0.00100 gate=0.00008 envDelta=0.00092 envFloor=0.00096 onset=0.776 thresh=0.012 onsetDelta=0.76428 baseline=0.00064 adaptive=0.00160 lastPeak=0.00000 guard=0.060 activeAge=-1.000 pitch=-1.00Hz pitchCents=0.0
2025-12-14 07:54:34 [tracker] [s5] onset t=40.607 env=0.00147 gate=0.00014 envDelta=0.00133 envFloor=0.00101 onset=1.091 thresh=0.016 onsetDelta=1.07498 baseline=0.00067 adaptive=0.00168 lastPeak=0.00000 guard=0.060 activeAge=-1.000 pitch=-1.00Hz pitchCents=0.0
2025-12-14 07:54:34 [tracker] [s5] onset t=40.692 env=0.00188 gate=0.00015 envDelta=0.00173 envFloor=0.00105 onset=0.980 thresh=0.016 onsetDelta=0.96374 baseline=0.00070 adaptive=0.00175 lastPeak=0.00000 guard=0.060 activeAge=-1.000 pitch=-1.00Hz pitchCents=0.0
2025-12-14 07:54:34 [tracker] [s6] onset t=40.743 env=0.00205 gate=0.00021 envDelta=0.00183 envFloor=0.00128 onset=1.192 thresh=0.018 onsetDelta=1.17382 baseline=0.00085 adaptive=0.00213 lastPeak=0.00000 guard=0.060 activeAge=-1.000 pitch=-1.00Hz pitchCents=0.0
2025-12-14 07:54:34 [tracker] [s4] onset t=40.783 env=0.00156 gate=0.00011 envDelta=0.00145 envFloor=0.00098 onset=1.070 thresh=0.014 onsetDelta=1.05594 baseline=0.00066 adaptive=0.00164 lastPeak=0.00000 guard=0.060 activeAge=-1.000 pitch=-1.00Hz pitchCents=0.0
2025-12-14 07:54:34 [tracker] [s2] onset t=40.791 env=0.00183 gate=0.00001 envDelta=0.00183 envFloor=0.00097 onset=0.995 thresh=0.009 onsetDelta=0.98640 baseline=0.00064 adaptive=0.00161 lastPeak=0.00000 guard=0.060 activeAge=-1.000 pitch=347.81Hz pitchCents=1993.0
2025-12-14 07:54:35 [tracker] [s3] onset t=40.924 env=0.00154 gate=0.00008 envDelta=0.00146 envFloor=0.00094 onset=0.705 thresh=0.012 onsetDelta=0.69326 baseline=0.00062 adaptive=0.00156 lastPeak=0.00000 guard=0.060 activeAge=-1.000 pitch=-1.00Hz pitchCents=0.0
2025-12-14 07:54:35 [tracker] [s6] onset t=40.929 env=0.00163 gate=0.00020 envDelta=0.00143 envFloor=0.00119 onset=0.578 thresh=0.018 onsetDelta=0.56034 baseline=0.00079 adaptive=0.00198 lastPeak=0.00000 guard=0.060 activeAge=-1.000 pitch=-1.00Hz pitchCents=0.0
2025-12-14 07:54:35 [tracker] [s1] aubio-raw t=41.0227 onset=0.992506 env=0.000847 peak=0.001754 gain=1.000
2025-12-14 07:54:35 [tracker] [s1] onset-accepted t=41.0227 env=0.000847 gate=0.000024 envDelta=0.000824 envFloor=0.000646 onset=0.992506 thresh=0.006000 onsetDelta=0.986506 baseline=0.000431 floor=0.000180 adapt=0.001077 lastPeak=0.000050 baseParam=0.000180 gateRatio=0.0550 envParam=0.000450 onsetScale=0.300 retriggerScale=1.400 guard=0.060 guardRemain=0.000 activeAge=-1.000 retrigRemain=0.000 pitchHz=97.56 pitchCents=292.2
2025-12-14 07:54:35 [tracker] [s1] onset t=41.023 env=0.00085 gate=0.00002 envDelta=0.00082 envFloor=0.00065 onset=0.993 thresh=0.006 onsetDelta=0.98651 baseline=0.00043 adaptive=0.00108 lastPeak=0.00005 guard=0.060 activeAge=-1.000 pitch=97.56Hz pitchCents=292.2
2025-12-14 07:54:35 [tracker] [s5] onset t=41.207 env=0.00179 gate=0.00015 envDelta=0.00164 envFloor=0.00108 onset=1.019 thresh=0.016 onsetDelta=1.00273 baseline=0.00072 adaptive=0.00181 lastPeak=0.00000 guard=0.060 activeAge=-1.000 pitch=-1.00Hz pitchCents=0.0
2025-12-14 07:54:35 [tracker] [s6] onset t=41.217 env=0.00203 gate=0.00022 envDelta=0.00181 envFloor=0.00131 onset=1.029 thresh=0.018 onsetDelta=1.01116 baseline=0.00087 adaptive=0.00218 lastPeak=0.00000 guard=0.060 activeAge=-1.000 pitch=-1.00Hz pitchCents=0.0
2025-12-14 07:54:35 [tracker] [s1] aubio-raw t=41.2840 onset=1.156782 env=0.000980 peak=0.002340 gain=1.000
2025-12-14 07:54:35 [tracker] [s1] onset-accepted t=41.2840 env=0.000980 gate=0.000024 envDelta=0.000956 envFloor=0.000666 onset=1.156782 thresh=0.006000 onsetDelta=1.150782 baseline=0.000444 floor=0.000180 adapt=0.001109 lastPeak=0.000031 baseParam=0.000180 gateRatio=0.0550 envParam=0.000450 onsetScale=0.300 retriggerScale=1.400 guard=0.060 guardRemain=0.000 activeAge=-1.000 retrigRemain=0.000 pitchHz=347.83 pitchCents=2493.1
2025-12-14 07:54:35 [tracker] [s1] onset t=41.284 env=0.00098 gate=0.00002 envDelta=0.00096 envFloor=0.00067 onset=1.157 thresh=0.006 onsetDelta=1.15078 baseline=0.00044 adaptive=0.00111 lastPeak=0.00003 guard=0.060 activeAge=-1.000 pitch=347.83Hz pitchCents=2493.1
2025-12-14 07:54:35 [tracker] [s4] onset t=41.292 env=0.00145 gate=0.00011 envDelta=0.00134 envFloor=0.00095 onset=0.950 thresh=0.014 onsetDelta=0.93588 baseline=0.00063 adaptive=0.00158 lastPeak=0.00000 guard=0.060 activeAge=-1.000 pitch=-1.00Hz pitchCents=0.0
2025-12-14 07:54:35 [tracker] [s1] aubio-raw t=41.3613 onset=0.996284 env=0.001247 peak=0.002809 gain=1.000
2025-12-14 07:54:35 [tracker] [s1] onset-accepted t=41.3613 env=0.001247 gate=0.000023 envDelta=0.001224 envFloor=0.000626 onset=0.996284 thresh=0.006000 onsetDelta=0.990284 baseline=0.000417 floor=0.000180 adapt=0.001043 lastPeak=0.000027 baseParam=0.000180 gateRatio=0.0550 envParam=0.000450 onsetScale=0.300 retriggerScale=1.400 guard=0.060 guardRemain=0.000 activeAge=-1.000 retrigRemain=0.000 pitchHz=-1.00 pitchCents=0.0
2025-12-14 07:54:35 [tracker] [s1] onset t=41.361 env=0.00125 gate=0.00002 envDelta=0.00122 envFloor=0.00063 onset=0.996 thresh=0.006 onsetDelta=0.99028 baseline=0.00042 adaptive=0.00104 lastPeak=0.00003 guard=0.060 activeAge=-1.000 pitch=-1.00Hz pitchCents=0.0
2025-12-14 07:54:35 [tracker] [s2] onset t=41.415 env=0.00155 gate=0.00001 envDelta=0.00155 envFloor=0.00107 onset=1.013 thresh=0.009 onsetDelta=1.00352 baseline=0.00071 adaptive=0.00178 lastPeak=0.00000 guard=0.060 activeAge=-1.000 pitch=-1.00Hz pitchCents=0.0
2025-12-14 07:54:35 [tracker] [s1] aubio-raw t=41.4333 onset=1.198936 env=0.001606 peak=0.002720 gain=1.000
2025-12-14 07:54:35 [tracker] [s1] onset-accepted t=41.4333 env=0.001606 gate=0.000025 envDelta=0.001581 envFloor=0.000695 onset=1.198936 thresh=0.006000 onsetDelta=1.192936 baseline=0.000463 floor=0.000180 adapt=0.001158 lastPeak=0.000023 baseParam=0.000180 gateRatio=0.0550 envParam=0.000450 onsetScale=0.300 retriggerScale=1.400 guard=0.060 guardRemain=0.000 activeAge=-1.000 retrigRemain=0.000 pitchHz=470.54 pitchCents=3016.2
2025-12-14 07:54:35 [tracker] [s1] onset t=41.433 env=0.00161 gate=0.00003 envDelta=0.00158 envFloor=0.00069 onset=1.199 thresh=0.006 onsetDelta=1.19294 baseline=0.00046 adaptive=0.00116 lastPeak=0.00002 guard=0.060 activeAge=-1.000 pitch=470.54Hz pitchCents=3016.2
2025-12-14 07:54:35 [tracker] [s3] onset t=41.484 env=0.00156 gate=0.00008 envDelta=0.00148 envFloor=0.00093 onset=1.198 thresh=0.012 onsetDelta=1.18676 baseline=0.00062 adaptive=0.00156 lastPeak=0.00000 guard=0.060 activeAge=-1.000 pitch=-1.00Hz pitchCents=0.0
2025-12-14 07:54:35 [tracker] [s2] onset t=41.527 env=0.00124 gate=0.00001 envDelta=0.00124 envFloor=0.00103 onset=0.906 thresh=0.009 onsetDelta=0.89662 baseline=0.00069 adaptive=0.00172 lastPeak=0.00000 guard=0.060 activeAge=-1.000 pitch=-1.00Hz pitchCents=0.0
2025-12-14 07:54:35 [tracker] [s1] aubio-raw t=41.5347 onset=0.501127 env=0.001415 peak=0.003343 gain=1.000
2025-12-14 07:54:35 [tracker] [s1] onset-accepted t=41.5347 env=0.001415 gate=0.000024 envDelta=0.001391 envFloor=0.000661 onset=0.501127 thresh=0.006000 onsetDelta=0.495127 baseline=0.000441 floor=0.000180 adapt=0.001102 lastPeak=0.000019 baseParam=0.000180 gateRatio=0.0550 envParam=0.000450 onsetScale=0.300 retriggerScale=1.400 guard=0.060 guardRemain=0.000 activeAge=-1.000 retrigRemain=0.000 pitchHz=-1.00 pitchCents=0.0
2025-12-14 07:54:35 [tracker] [s1] onset t=41.535 env=0.00141 gate=0.00002 envDelta=0.00139 envFloor=0.00066 onset=0.501 thresh=0.006 onsetDelta=0.49513 baseline=0.00044 adaptive=0.00110 lastPeak=0.00002 guard=0.060 activeAge=-1.000 pitch=-1.00Hz pitchCents=0.0
2025-12-14 07:54:35 [tracker] [s2] onset t=41.596 env=0.00106 gate=0.00001 envDelta=0.00105 envFloor=0.00103 onset=1.171 thresh=0.009 onsetDelta=1.16225 baseline=0.00068 adaptive=0.00171 lastPeak=0.00000 guard=0.060 activeAge=-1.000 pitch=-1.00Hz pitchCents=0.0
2025-12-14 07:54:35 [tracker] [s5] onset t=41.641 env=0.00165 gate=0.00016 envDelta=0.00149 envFloor=0.00114 onset=0.831 thresh=0.016 onsetDelta=0.81454 baseline=0.00076 adaptive=0.00190 lastPeak=0.00000 guard=0.060 activeAge=-1.000 pitch=-1.00Hz pitchCents=0.0
2025-12-14 07:54:35 [tracker] [s4] onset t=41.647 env=0.00144 gate=0.00011 envDelta=0.00133 envFloor=0.00097 onset=0.998 thresh=0.014 onsetDelta=0.98381 baseline=0.00065 adaptive=0.00162 lastPeak=0.00000 guard=0.060 activeAge=-1.000 pitch=-1.00Hz pitchCents=0.0
2025-12-14 07:54:35 [tracker] [s2] onset t=41.655 env=0.00138 gate=0.00001 envDelta=0.00137 envFloor=0.00103 onset=1.079 thresh=0.009 onsetDelta=1.07029 baseline=0.00069 adaptive=0.00172 lastPeak=0.00000 guard=0.060 activeAge=-1.000 pitch=-1.00Hz pitchCents=0.0
2025-12-14 07:54:35 [tracker] [s3] onset t=41.676 env=0.00165 gate=0.00008 envDelta=0.00156 envFloor=0.00095 onset=1.124 thresh=0.012 onsetDelta=1.11252 baseline=0.00064 adaptive=0.00159 lastPeak=0.00000 guard=0.060 activeAge=-1.000 pitch=-1.00Hz pitchCents=0.0
2025-12-14 07:54:35 [tracker] [s5] onset t=41.761 env=0.00186 gate=0.00014 envDelta=0.00171 envFloor=0.00103 onset=0.996 thresh=0.016 onsetDelta=0.97965 baseline=0.00069 adaptive=0.00172 lastPeak=0.00000 guard=0.060 activeAge=-1.000 pitch=-1.00Hz pitchCents=0.0
2025-12-14 07:54:36 [tracker] [s3] onset t=41.980 env=0.00111 gate=0.00008 envDelta=0.00103 envFloor=0.00095 onset=0.738 thresh=0.012 onsetDelta=0.72652 baseline=0.00063 adaptive=0.00158 lastPeak=0.00000 guard=0.060 activeAge=-1.000 pitch=-1.00Hz pitchCents=0.0
2025-12-14 07:54:36 [tracker] [s2] onset t=42.012 env=0.00135 gate=0.00001 envDelta=0.00134 envFloor=0.00104 onset=1.336 thresh=0.009 onsetDelta=1.32742 baseline=0.00069 adaptive=0.00173 lastPeak=0.00000 guard=0.060 activeAge=-1.000 pitch=-1.00Hz pitchCents=0.0
2025-12-14 07:54:36 [tracker] [s3] onset t=42.044 env=0.00121 gate=0.00008 envDelta=0.00113 envFloor=0.00091 onset=1.029 thresh=0.012 onsetDelta=1.01755 baseline=0.00061 adaptive=0.00152 lastPeak=0.00000 guard=0.060 activeAge=-1.000 pitch=-1.00Hz pitchCents=0.0
2025-12-14 07:54:36 [tracker] [s5] onset t=42.049 env=0.00134 gate=0.00015 envDelta=0.00119 envFloor=0.00107 onset=0.998 thresh=0.016 onsetDelta=0.98204 baseline=0.00071 adaptive=0.00178 lastPeak=0.00000 guard=0.060 activeAge=-1.000 pitch=-1.00Hz pitchCents=0.0
2025-12-14 07:54:36 [tracker] [s3] onset t=42.121 env=0.00088 gate=0.00007 envDelta=0.00081 envFloor=0.00084 onset=1.355 thresh=0.012 onsetDelta=1.34303 baseline=0.00056 adaptive=0.00141 lastPeak=0.00000 guard=0.060 activeAge=-1.000 pitch=-1.00Hz pitchCents=0.0
2025-12-14 07:54:36 [tracker] [s6] onset t=42.132 env=0.00191 gate=0.00020 envDelta=0.00171 envFloor=0.00118 onset=0.943 thresh=0.018 onsetDelta=0.92503 baseline=0.00079 adaptive=0.00197 lastPeak=0.00000 guard=0.060 activeAge=-1.000 pitch=-1.00Hz pitchCents=0.0
2025-12-14 07:54:36 [tracker] [s2] onset t=42.233 env=0.00208 gate=0.00001 envDelta=0.00208 envFloor=0.00100 onset=1.297 thresh=0.009 onsetDelta=1.28794 baseline=0.00067 adaptive=0.00167 lastPeak=0.00000 guard=0.060 activeAge=-1.000 pitch=333.34Hz pitchCents=1919.4
2025-12-14 07:54:36 [tracker] [s5] onset t=42.257 env=0.00162 gate=0.00016 envDelta=0.00146 envFloor=0.00114 onset=1.146 thresh=0.016 onsetDelta=1.12973 baseline=0.00076 adaptive=0.00190 lastPeak=0.00000 guard=0.060 activeAge=-1.000 pitch=-1.00Hz pitchCents=0.0
2025-12-14 07:54:36 [tracker] [s4] onset t=42.319 env=0.00166 gate=0.00012 envDelta=0.00155 envFloor=0.00105 onset=0.994 thresh=0.014 onsetDelta=0.98012 baseline=0.00070 adaptive=0.00175 lastPeak=0.00000 guard=0.060 activeAge=-1.000 pitch=-1.00Hz pitchCents=0.0
2025-12-14 07:54:36 [tracker] [s1] aubio-raw t=42.3346 onset=0.997076 env=0.001024 peak=0.002563 gain=1.000
2025-12-14 07:54:36 [tracker] [s1] onset-accepted t=42.3346 env=0.001024 gate=0.000023 envDelta=0.001002 envFloor=0.000622 onset=0.997076 thresh=0.006000 onsetDelta=0.991076 baseline=0.000415 floor=0.000180 adapt=0.001037 lastPeak=0.000004 baseParam=0.000180 gateRatio=0.0550 envParam=0.000450 onsetScale=0.300 retriggerScale=1.400 guard=0.060 guardRemain=0.000 activeAge=-1.000 retrigRemain=0.000 pitchHz=-1.00 pitchCents=0.0
2025-12-14 07:54:36 [tracker] [s1] onset t=42.335 env=0.00102 gate=0.00002 envDelta=0.00100 envFloor=0.00062 onset=0.997 thresh=0.006 onsetDelta=0.99108 baseline=0.00041 adaptive=0.00104 lastPeak=0.00000 guard=0.060 activeAge=-1.000 pitch=-1.00Hz pitchCents=0.0
2025-12-14 07:54:36 [tracker] [s5] onset t=42.393 env=0.00158 gate=0.00015 envDelta=0.00143 envFloor=0.00107 onset=0.998 thresh=0.016 onsetDelta=0.98249 baseline=0.00071 adaptive=0.00178 lastPeak=0.00000 guard=0.060 activeAge=-1.000 pitch=-1.00Hz pitchCents=0.0
2025-12-14 07:54:36 [tracker] [s1] aubio-raw t=42.4519 onset=1.222457 env=0.001010 peak=0.002173 gain=1.000
2025-12-14 07:54:36 [tracker] [s1] onset-accepted t=42.4519 env=0.001010 gate=0.000023 envDelta=0.000987 envFloor=0.000631 onset=1.222457 thresh=0.006000 onsetDelta=1.216457 baseline=0.000421 floor=0.000180 adapt=0.001052 lastPeak=0.000003 baseParam=0.000180 gateRatio=0.0550 envParam=0.000450 onsetScale=0.300 retriggerScale=1.400 guard=0.060 guardRemain=0.000 activeAge=-1.000 retrigRemain=0.000 pitchHz=363.57 pitchCents=2569.7
2025-12-14 07:54:36 [tracker] [s1] onset t=42.452 env=0.00101 gate=0.00002 envDelta=0.00099 envFloor=0.00063 onset=1.222 thresh=0.006 onsetDelta=1.21646 baseline=0.00042 adaptive=0.00105 lastPeak=0.00000 guard=0.060 activeAge=-1.000 pitch=363.57Hz pitchCents=2569.7
2025-12-14 07:54:36 [tracker] [s1] note-start t=42.452 fret=24 midi=64 vel=0.01 env=0.00101
2025-12-14 07:54:36 [tracker] [s1] aubio-raw t=42.5693 onset=0.833677 env=0.000733 peak=0.001702 gain=1.000
2025-12-14 07:54:36 [tracker] [s1] onset-accepted t=42.5693 env=0.000733 gate=0.000040 envDelta=0.000693 envFloor=0.000669 onset=0.833677 thresh=0.006000 onsetDelta=0.827677 baseline=0.000729 floor=0.000180 adapt=0.001116 lastPeak=0.000810 baseParam=0.000180 gateRatio=0.0550 envParam=0.000450 onsetScale=0.300 retriggerScale=1.400 guard=0.060 guardRemain=0.000 activeAge=0.117 retrigRemain=0.103 pitchHz=-1.00 pitchCents=0.0
2025-12-14 07:54:36 [tracker] [s1] onset t=42.569 env=0.00073 gate=0.00004 envDelta=0.00069 envFloor=0.00067 onset=0.834 thresh=0.006 onsetDelta=0.82768 baseline=0.00073 adaptive=0.00112 lastPeak=0.00081 guard=0.060 activeAge=0.117 pitch=-1.00Hz pitchCents=0.0
2025-12-14 07:54:36 [tracker] [s1] note-ended (new onset) t=42.569 fret=24 dur=0.117
2025-12-14 07:54:36 [tracker] [s6] onset t=42.633 env=0.00219 gate=0.00022 envDelta=0.00197 envFloor=0.00132 onset=0.553 thresh=0.018 onsetDelta=0.53489 baseline=0.00088 adaptive=0.00220 lastPeak=0.00000 guard=0.060 activeAge=-1.000 pitch=-1.00Hz pitchCents=0.0
2025-12-14 07:54:36 [tracker] [s5] onset t=42.663 env=0.00161 gate=0.00015 envDelta=0.00146 envFloor=0.00110 onset=0.918 thresh=0.016 onsetDelta=0.90185 baseline=0.00073 adaptive=0.00183 lastPeak=0.00000 guard=0.060 activeAge=-1.000 pitch=-1.00Hz pitchCents=0.0
2025-12-14 07:54:36 [tracker] [s4] onset t=42.724 env=0.00190 gate=0.00012 envDelta=0.00178 envFloor=0.00104 onset=1.015 thresh=0.014 onsetDelta=1.00057 baseline=0.00069 adaptive=0.00173 lastPeak=0.00000 guard=0.060 activeAge=-1.000 pitch=-1.00Hz pitchCents=0.0
2025-12-14 07:54:36 [tracker] [s1] aubio-raw t=42.7452 onset=0.997679 env=0.000573 peak=0.001405 gain=1.000
2025-12-14 07:54:36 [tracker] [s1] onset-below-env-floor t=42.7452 env=0.000573 gate=0.000029 envDelta=0.000544 envFloor=0.000677 onset=0.997679 thresh=0.006000 onsetDelta=0.991679 baseline=0.000524 floor=0.000180 adapt=0.001129 lastPeak=0.000582 baseParam=0.000180 gateRatio=0.0550 envParam=0.000450 onsetScale=0.300 retriggerScale=1.400 guard=0.060 guardRemain=0.000 activeAge=-1.000 retrigRemain=0.000 pitchHz=-1.00 pitchCents=0.0
2025-12-14 07:54:36 [tracker] [s4] onset t=42.831 env=0.00161 gate=0.00011 envDelta=0.00150 envFloor=0.00099 onset=0.990 thresh=0.014 onsetDelta=0.97557 baseline=0.00066 adaptive=0.00166 lastPeak=0.00000 guard=0.060 activeAge=-1.000 pitch=-1.00Hz pitchCents=0.0
2025-12-14 07:54:36 [tracker] [s6] onset t=42.860 env=0.00162 gate=0.00020 envDelta=0.00142 envFloor=0.00121 onset=1.053 thresh=0.018 onsetDelta=1.03453 baseline=0.00081 adaptive=0.00201 lastPeak=0.00000 guard=0.060 activeAge=-1.000 pitch=-1.00Hz pitchCents=0.0
2025-12-14 07:54:37 [tracker] [s4] onset t=43.044 env=0.00130 gate=0.00012 envDelta=0.00118 envFloor=0.00102 onset=0.861 thresh=0.014 onsetDelta=0.84681 baseline=0.00068 adaptive=0.00171 lastPeak=0.00000 guard=0.060 activeAge=-1.000 pitch=-1.00Hz pitchCents=0.0
2025-12-14 07:54:37 [tracker] [s5] onset t=43.087 env=0.00176 gate=0.00016 envDelta=0.00160 envFloor=0.00113 onset=0.999 thresh=0.016 onsetDelta=0.98270 baseline=0.00076 adaptive=0.00189 lastPeak=0.00000 guard=0.060 activeAge=-1.000 pitch=-1.00Hz pitchCents=0.0
2025-12-14 07:54:37 [tracker] [s5] onset t=43.151 env=0.00156 gate=0.00015 envDelta=0.00140 envFloor=0.00109 onset=0.864 thresh=0.016 onsetDelta=0.84751 baseline=0.00073 adaptive=0.00181 lastPeak=0.00000 guard=0.060 activeAge=-1.000 pitch=-1.00Hz pitchCents=0.0
2025-12-14 07:54:37 [tracker] [s6] onset t=43.156 env=0.00212 gate=0.00021 envDelta=0.00191 envFloor=0.00127 onset=1.165 thresh=0.018 onsetDelta=1.14733 baseline=0.00084 adaptive=0.00211 lastPeak=0.00000 guard=0.060 activeAge=-1.000 pitch=-1.00Hz pitchCents=0.0
2025-12-14 07:54:37 [tracker] [s1] aubio-raw t=43.1612 onset=1.143200 env=0.001087 peak=0.002309 gain=1.000
2025-12-14 07:54:37 [tracker] [s1] onset-accepted t=43.1612 env=0.001087 gate=0.000025 envDelta=0.001062 envFloor=0.000677 onset=1.143200 thresh=0.006000 onsetDelta=1.137200 baseline=0.000451 floor=0.000180 adapt=0.001128 lastPeak=0.000266 baseParam=0.000180 gateRatio=0.0550 envParam=0.000450 onsetScale=0.300 retriggerScale=1.400 guard=0.060 guardRemain=0.000 activeAge=-1.000 retrigRemain=0.000 pitchHz=210.52 pitchCents=1623.8
2025-12-14 07:54:37 [tracker] [s1] onset t=43.161 env=0.00109 gate=0.00002 envDelta=0.00106 envFloor=0.00068 onset=1.143 thresh=0.006 onsetDelta=1.13720 baseline=0.00045 adaptive=0.00113 lastPeak=0.00027 guard=0.060 activeAge=-1.000 pitch=210.52Hz pitchCents=1623.8
2025-12-14 07:54:37 [tracker] [s1] note-start t=43.161 fret=16 midi=56 vel=0.01 env=0.00109
2025-12-14 07:54:37 [tracker] [s3] onset t=43.196 env=0.00115 gate=0.00008 envDelta=0.00107 envFloor=0.00095 onset=1.001 thresh=0.012 onsetDelta=0.98939 baseline=0.00064 adaptive=0.00159 lastPeak=0.00000 guard=0.060 activeAge=-1.000 pitch=-1.00Hz pitchCents=0.0
2025-12-14 07:54:37 [tracker] [s3] onset t=43.351 env=0.00113 gate=0.00008 envDelta=0.00105 envFloor=0.00096 onset=0.995 thresh=0.012 onsetDelta=0.98356 baseline=0.00064 adaptive=0.00160 lastPeak=0.00000 guard=0.060 activeAge=-1.000 pitch=-1.00Hz pitchCents=0.0
2025-12-14 07:54:37 [tracker] [s1] aubio-raw t=43.3692 onset=0.985089 env=0.000980 peak=0.002561 gain=1.000
2025-12-14 07:54:37 [tracker] [s1] onset-accepted t=43.3692 env=0.000980 gate=0.000036 envDelta=0.000943 envFloor=0.000683 onset=0.985089 thresh=0.006000 onsetDelta=0.979089 baseline=0.000662 floor=0.000180 adapt=0.001139 lastPeak=0.000735 baseParam=0.000180 gateRatio=0.0550 envParam=0.000450 onsetScale=0.300 retriggerScale=1.400 guard=0.060 guardRemain=0.000 activeAge=0.208 retrigRemain=0.012 pitchHz=-1.00 pitchCents=0.0
2025-12-14 07:54:37 [tracker] [s1] onset t=43.369 env=0.00098 gate=0.00004 envDelta=0.00094 envFloor=0.00068 onset=0.985 thresh=0.006 onsetDelta=0.97909 baseline=0.00066 adaptive=0.00114 lastPeak=0.00074 guard=0.060 activeAge=0.208 pitch=-1.00Hz pitchCents=0.0
2025-12-14 07:54:37 [tracker] [s1] note-ended (new onset) t=43.369 fret=16 dur=0.208
2025-12-14 07:54:37 [tracker] [s3] onset t=43.535 env=0.00118 gate=0.00008 envDelta=0.00110 envFloor=0.00096 onset=1.007 thresh=0.012 onsetDelta=0.99560 baseline=0.00064 adaptive=0.00160 lastPeak=0.00000 guard=0.060 activeAge=-1.000 pitch=-1.00Hz pitchCents=0.0
2025-12-14 07:54:37 [tracker] [s5] onset t=43.540 env=0.00196 gate=0.00016 envDelta=0.00180 envFloor=0.00114 onset=0.905 thresh=0.016 onsetDelta=0.88882 baseline=0.00076 adaptive=0.00190 lastPeak=0.00000 guard=0.060 activeAge=-1.000 pitch=-1.00Hz pitchCents=0.0
2025-12-14 07:54:37 [tracker] [s2] onset t=43.593 env=0.00171 gate=0.00001 envDelta=0.00170 envFloor=0.00104 onset=0.820 thresh=0.009 onsetDelta=0.81103 baseline=0.00069 adaptive=0.00173 lastPeak=0.00000 guard=0.060 activeAge=-1.000 pitch=-1.00Hz pitchCents=0.0
2025-12-14 07:54:37 [tracker] [s1] aubio-raw t=43.6412 onset=1.112785 env=0.001422 peak=0.003172 gain=1.000
2025-12-14 07:54:37 [tracker] [s1] onset-accepted t=43.6412 env=0.001422 gate=0.000024 envDelta=0.001398 envFloor=0.000648 onset=1.112785 thresh=0.006000 onsetDelta=1.106785 baseline=0.000432 floor=0.000180 adapt=0.001081 lastPeak=0.000441 baseParam=0.000180 gateRatio=0.0550 envParam=0.000450 onsetScale=0.300 retriggerScale=1.400 guard=0.060 guardRemain=0.000 activeAge=-1.000 retrigRemain=0.000 pitchHz=-1.00 pitchCents=0.0
2025-12-14 07:54:37 [tracker] [s1] onset t=43.641 env=0.00142 gate=0.00002 envDelta=0.00140 envFloor=0.00065 onset=1.113 thresh=0.006 onsetDelta=1.10678 baseline=0.00043 adaptive=0.00108 lastPeak=0.00044 guard=0.060 activeAge=-1.000 pitch=-1.00Hz pitchCents=0.0
2025-12-14 07:54:37 [tracker] [s4] onset t=43.719 env=0.00124 gate=0.00011 envDelta=0.00113 envFloor=0.00096 onset=1.007 thresh=0.014 onsetDelta=0.99281 baseline=0.00064 adaptive=0.00159 lastPeak=0.00000 guard=0.060 activeAge=-1.000 pitch=-1.00Hz pitchCents=0.0
2025-12-14 07:54:37 [tracker] [s5] onset t=43.721 env=0.00163 gate=0.00015 envDelta=0.00148 envFloor=0.00108 onset=1.276 thresh=0.016 onsetDelta=1.25974 baseline=0.00072 adaptive=0.00180 lastPeak=0.00000 guard=0.060 activeAge=-1.000 pitch=-1.00Hz pitchCents=0.0
2025-12-14 07:54:37 [tracker] [s6] onset t=43.812 env=0.00226 gate=0.00022 envDelta=0.00203 envFloor=0.00134 onset=0.919 thresh=0.018 onsetDelta=0.90060 baseline=0.00089 adaptive=0.00223 lastPeak=0.00000 guard=0.060 activeAge=-1.000 pitch=-1.00Hz pitchCents=0.0
2025-12-14 07:54:37 [tracker] [s1] aubio-raw t=43.8492 onset=1.238550 env=0.000747 peak=0.002387 gain=1.000
2025-12-14 07:54:37 [tracker] [s1] onset-accepted t=43.8492 env=0.000747 gate=0.000024 envDelta=0.000723 envFloor=0.000650 onset=1.238550 thresh=0.006000 onsetDelta=1.232550 baseline=0.000433 floor=0.000180 adapt=0.001083 lastPeak=0.000298 baseParam=0.000180 gateRatio=0.0550 envParam=0.000450 onsetScale=0.300 retriggerScale=1.400 guard=0.060 guardRemain=0.000 activeAge=-1.000 retrigRemain=0.000 pitchHz=-1.00 pitchCents=0.0
2025-12-14 07:54:37 [tracker] [s1] onset t=43.849 env=0.00075 gate=0.00002 envDelta=0.00072 envFloor=0.00065 onset=1.239 thresh=0.006 onsetDelta=1.23255 baseline=0.00043 adaptive=0.00108 lastPeak=0.00030 guard=0.060 activeAge=-1.000 pitch=-1.00Hz pitchCents=0.0
2025-12-14 07:54:37 [tracker] [s6] onset t=43.870 env=0.00185 gate=0.00022 envDelta=0.00163 envFloor=0.00131 onset=1.309 thresh=0.018 onsetDelta=1.29149 baseline=0.00087 adaptive=0.00218 lastPeak=0.00000 guard=0.060 activeAge=-1.000 pitch=-1.00Hz pitchCents=0.0
2025-12-14 07:54:38 [tracker] [s2] onset t=43.913 env=0.00139 gate=0.00001 envDelta=0.00138 envFloor=0.00092 onset=1.478 thresh=0.009 onsetDelta=1.46861 baseline=0.00061 adaptive=0.00154 lastPeak=0.00000 guard=0.060 activeAge=-1.000 pitch=-1.00Hz pitchCents=0.0
2025-12-14 07:54:38 [tracker] [s2] onset t=44.182 env=0.00193 gate=0.00001 envDelta=0.00193 envFloor=0.00103 onset=0.994 thresh=0.009 onsetDelta=0.98533 baseline=0.00068 adaptive=0.00171 lastPeak=0.00000 guard=0.060 activeAge=-1.000 pitch=-1.00Hz pitchCents=0.0
2025-12-14 07:54:38 [tracker] [s1] aubio-raw t=44.2785 onset=0.998413 env=0.000607 peak=0.001737 gain=1.000
2025-12-14 07:54:38 [tracker] [s1] onset-below-env-floor t=44.2785 env=0.000607 gate=0.000024 envDelta=0.000582 envFloor=0.000663 onset=0.998413 thresh=0.006000 onsetDelta=0.992413 baseline=0.000442 floor=0.000180 adapt=0.001106 lastPeak=0.000133 baseParam=0.000180 gateRatio=0.0550 envParam=0.000450 onsetScale=0.300 retriggerScale=1.400 guard=0.060 guardRemain=0.000 activeAge=-1.000 retrigRemain=0.000 pitchHz=-1.00 pitchCents=0.0
2025-12-14 07:54:38 [tracker] [s2] onset t=44.340 env=0.00178 gate=0.00001 envDelta=0.00177 envFloor=0.00096 onset=0.849 thresh=0.009 onsetDelta=0.84018 baseline=0.00064 adaptive=0.00160 lastPeak=0.00000 guard=0.060 activeAge=-1.000 pitch=131.13Hz pitchCents=304.3
2025-12-14 07:54:38 [tracker] [s5] onset t=44.409 env=0.00166 gate=0.00014 envDelta=0.00152 envFloor=0.00102 onset=0.972 thresh=0.016 onsetDelta=0.95576 baseline=0.00068 adaptive=0.00170 lastPeak=0.00000 guard=0.060 activeAge=-1.000 pitch=-1.00Hz pitchCents=0.0
2025-12-14 07:54:38 [tracker] [s5] onset t=44.497 env=0.00181 gate=0.00015 envDelta=0.00166 envFloor=0.00107 onset=0.999 thresh=0.016 onsetDelta=0.98265 baseline=0.00071 adaptive=0.00178 lastPeak=0.00000 guard=0.060 activeAge=-1.000 pitch=-1.00Hz pitchCents=0.0
2025-12-14 07:54:38 [tracker] [s4] onset t=44.614 env=0.00152 gate=0.00011 envDelta=0.00141 envFloor=0.00099 onset=0.872 thresh=0.014 onsetDelta=0.85800 baseline=0.00066 adaptive=0.00166 lastPeak=0.00000 guard=0.060 activeAge=-1.000 pitch=-1.00Hz pitchCents=0.0
2025-12-14 07:54:38 [tracker] [s5] onset t=44.628 env=0.00159 gate=0.00015 envDelta=0.00143 envFloor=0.00109 onset=1.057 thresh=0.016 onsetDelta=1.04055 baseline=0.00073 adaptive=0.00182 lastPeak=0.00000 guard=0.060 activeAge=-1.000 pitch=-1.00Hz pitchCents=0.0
2025-12-14 07:54:38 [tracker] [s5] onset t=44.860 env=0.00174 gate=0.00015 envDelta=0.00159 envFloor=0.00105 onset=0.941 thresh=0.016 onsetDelta=0.92489 baseline=0.00070 adaptive=0.00175 lastPeak=0.00000 guard=0.060 activeAge=-1.000 pitch=-1.00Hz pitchCents=0.0
2025-12-14 07:54:38 [tracker] [s3] onset t=44.902 env=0.00094 gate=0.00008 envDelta=0.00086 envFloor=0.00090 onset=1.166 thresh=0.012 onsetDelta=1.15458 baseline=0.00060 adaptive=0.00151 lastPeak=0.00000 guard=0.060 activeAge=-1.000 pitch=-1.00Hz pitchCents=0.0
2025-12-14 07:54:39 [tracker] [s5] onset t=44.910 env=0.00186 gate=0.00015 envDelta=0.00171 envFloor=0.00109 onset=1.004 thresh=0.016 onsetDelta=0.98842 baseline=0.00073 adaptive=0.00181 lastPeak=0.00000 guard=0.060 activeAge=-1.000 pitch=-1.00Hz pitchCents=0.0
2025-12-14 07:54:39 [tracker] [s4] onset t=44.966 env=0.00150 gate=0.00011 envDelta=0.00139 envFloor=0.00101 onset=0.602 thresh=0.014 onsetDelta=0.58780 baseline=0.00068 adaptive=0.00169 lastPeak=0.00000 guard=0.060 activeAge=-1.000 pitch=-1.00Hz pitchCents=0.0
2025-12-14 07:54:39 [tracker] [s3] onset t=45.012 env=0.00185 gate=0.00008 envDelta=0.00176 envFloor=0.00096 onset=0.903 thresh=0.012 onsetDelta=0.89122 baseline=0.00064 adaptive=0.00160 lastPeak=0.00000 guard=0.060 activeAge=-1.000 pitch=-1.00Hz pitchCents=0.0
2025-12-14 07:54:39 [tracker] [s1] aubio-raw t=45.0491 onset=0.948738 env=0.001050 peak=0.002605 gain=1.000
2025-12-14 07:54:39 [tracker] [s1] onset-accepted t=45.0491 env=0.001050 gate=0.000023 envDelta=0.001027 envFloor=0.000637 onset=0.948738 thresh=0.006000 onsetDelta=0.942738 baseline=0.000425 floor=0.000180 adapt=0.001062 lastPeak=0.000031 baseParam=0.000180 gateRatio=0.0550 envParam=0.000450 onsetScale=0.300 retriggerScale=1.400 guard=0.060 guardRemain=0.000 activeAge=-1.000 retrigRemain=0.000 pitchHz=-1.00 pitchCents=0.0
2025-12-14 07:54:39 [tracker] [s1] onset t=45.049 env=0.00105 gate=0.00002 envDelta=0.00103 envFloor=0.00064 onset=0.949 thresh=0.006 onsetDelta=0.94274 baseline=0.00042 adaptive=0.00106 lastPeak=0.00003 guard=0.060 activeAge=-1.000 pitch=-1.00Hz pitchCents=0.0
2025-12-14 07:54:39 [tracker] [s6] onset t=45.150 env=0.00210 gate=0.00019 envDelta=0.00191 envFloor=0.00116 onset=1.210 thresh=0.018 onsetDelta=1.19211 baseline=0.00077 adaptive=0.00193 lastPeak=0.00000 guard=0.060 activeAge=-1.000 pitch=-1.00Hz pitchCents=0.0
2025-12-14 07:54:39 [tracker] [s4] onset t=45.196 env=0.00166 gate=0.00011 envDelta=0.00155 envFloor=0.00097 onset=0.718 thresh=0.014 onsetDelta=0.70410 baseline=0.00065 adaptive=0.00162 lastPeak=0.00000 guard=0.060 activeAge=-1.000 pitch=-1.00Hz pitchCents=0.0
2025-12-14 07:54:39 [tracker] [s6] onset t=45.273 env=0.00228 gate=0.00021 envDelta=0.00208 envFloor=0.00125 onset=0.999 thresh=0.018 onsetDelta=0.98132 baseline=0.00083 adaptive=0.00209 lastPeak=0.00000 guard=0.060 activeAge=-1.000 pitch=-1.00Hz pitchCents=0.0
2025-12-14 07:54:39 [tracker] [s4] onset t=45.316 env=0.00166 gate=0.00011 envDelta=0.00155 envFloor=0.00097 onset=1.062 thresh=0.014 onsetDelta=1.04763 baseline=0.00065 adaptive=0.00161 lastPeak=0.00000 guard=0.060 activeAge=-1.000 pitch=-1.00Hz pitchCents=0.0
2025-12-14 07:54:39 [tracker] [s2] onset t=45.361 env=0.00121 gate=0.00001 envDelta=0.00120 envFloor=0.00100 onset=0.994 thresh=0.009 onsetDelta=0.98539 baseline=0.00067 adaptive=0.00166 lastPeak=0.00000 guard=0.060 activeAge=-1.000 pitch=-1.00Hz pitchCents=0.0
2025-12-14 07:54:39 [tracker] [s6] onset t=45.505 env=0.00160 gate=0.00020 envDelta=0.00141 envFloor=0.00118 onset=0.612 thresh=0.018 onsetDelta=0.59382 baseline=0.00079 adaptive=0.00197 lastPeak=0.00000 guard=0.060 activeAge=-1.000 pitch=-1.00Hz pitchCents=0.0
2025-12-14 07:54:39 [tracker] [s1] aubio-raw t=45.5157 onset=0.726040 env=0.000938 peak=0.002365 gain=1.000
2025-12-14 07:54:39 [tracker] [s1] onset-accepted t=45.5157 env=0.000938 gate=0.000024 envDelta=0.000914 envFloor=0.000659 onset=0.726040 thresh=0.006000 onsetDelta=0.720040 baseline=0.000439 floor=0.000180 adapt=0.001099 lastPeak=0.000013 baseParam=0.000180 gateRatio=0.0550 envParam=0.000450 onsetScale=0.300 retriggerScale=1.400 guard=0.060 guardRemain=0.000 activeAge=-1.000 retrigRemain=0.000 pitchHz=-1.00 pitchCents=0.0
2025-12-14 07:54:39 [tracker] [s1] onset t=45.516 env=0.00094 gate=0.00002 envDelta=0.00091 envFloor=0.00066 onset=0.726 thresh=0.006 onsetDelta=0.72004 baseline=0.00044 adaptive=0.00110 lastPeak=0.00001 guard=0.060 activeAge=-1.000 pitch=-1.00Hz pitchCents=0.0
2025-12-14 07:54:39 [tracker] [s3] onset t=45.534 env=0.00134 gate=0.00008 envDelta=0.00126 envFloor=0.00090 onset=0.990 thresh=0.012 onsetDelta=0.97847 baseline=0.00060 adaptive=0.00151 lastPeak=0.00000 guard=0.060 activeAge=-1.000 pitch=-1.00Hz pitchCents=0.0
2025-12-14 07:54:39 [tracker] [s4] onset t=45.534 env=0.00159 gate=0.00011 envDelta=0.00148 envFloor=0.00096 onset=0.971 thresh=0.014 onsetDelta=0.95739 baseline=0.00064 adaptive=0.00160 lastPeak=0.00000 guard=0.060 activeAge=-1.000 pitch=-1.00Hz pitchCents=0.0
2025-12-14 07:54:39 [tracker] [s3] onset t=45.609 env=0.00110 gate=0.00008 envDelta=0.00101 envFloor=0.00095 onset=0.829 thresh=0.012 onsetDelta=0.81743 baseline=0.00063 adaptive=0.00158 lastPeak=0.00000 guard=0.060 activeAge=-1.000 pitch=-1.00Hz pitchCents=0.0
2025-12-14 07:54:39 [tracker] [s4] onset t=45.705 env=0.00186 gate=0.00012 envDelta=0.00175 envFloor=0.00102 onset=0.739 thresh=0.014 onsetDelta=0.72503 baseline=0.00068 adaptive=0.00169 lastPeak=0.00000 guard=0.060 activeAge=-1.000 pitch=-1.00Hz pitchCents=0.0
2025-12-14 07:54:39 [tracker] [s1] aubio-raw t=45.7504 onset=1.033908 env=0.000696 peak=0.001787 gain=1.000
2025-12-14 07:54:39 [tracker] [s1] onset-accepted t=45.7504 env=0.000696 gate=0.000025 envDelta=0.000671 envFloor=0.000668 onset=1.033908 thresh=0.006000 onsetDelta=1.027908 baseline=0.000446 floor=0.000180 adapt=0.001114 lastPeak=0.000008 baseParam=0.000180 gateRatio=0.0550 envParam=0.000450 onsetScale=0.300 retriggerScale=1.400 guard=0.060 guardRemain=0.000 activeAge=-1.000 retrigRemain=0.000 pitchHz=-1.00 pitchCents=0.0
2025-12-14 07:54:39 [tracker] [s1] onset t=45.750 env=0.00070 gate=0.00002 envDelta=0.00067 envFloor=0.00067 onset=1.034 thresh=0.006 onsetDelta=1.02791 baseline=0.00045 adaptive=0.00111 lastPeak=0.00001 guard=0.060 activeAge=-1.000 pitch=-1.00Hz pitchCents=0.0
2025-12-14 07:54:39 [tracker] [s1] aubio-raw t=45.8863 onset=1.419364 env=0.000553 peak=0.001312 gain=1.000
2025-12-14 07:54:39 [tracker] [s1] onset-below-env-floor t=45.8863 env=0.000553 gate=0.000022 envDelta=0.000531 envFloor=0.000605 onset=1.419364 thresh=0.006000 onsetDelta=1.413364 baseline=0.000404 floor=0.000180 adapt=0.001009 lastPeak=0.000006 baseParam=0.000180 gateRatio=0.0550 envParam=0.000450 onsetScale=0.300 retriggerScale=1.400 guard=0.060 guardRemain=0.000 activeAge=-1.000 retrigRemain=0.000 pitchHz=444.49 pitchCents=2917.6
2025-12-14 07:54:40 [tracker] [s1] aubio-raw t=45.9423 onset=1.092562 env=0.001196 peak=0.002698 gain=1.000
2025-12-14 07:54:40 [tracker] [s1] onset-accepted t=45.9423 env=0.001196 gate=0.000024 envDelta=0.001172 envFloor=0.000663 onset=1.092562 thresh=0.006000 onsetDelta=1.086562 baseline=0.000442 floor=0.000180 adapt=0.001105 lastPeak=0.000006 baseParam=0.000180 gateRatio=0.0550 envParam=0.000450 onsetScale=0.300 retriggerScale=1.400 guard=0.060 guardRemain=0.000 activeAge=-1.000 retrigRemain=0.000 pitchHz=95.23 pitchCents=250.4
2025-12-14 07:54:40 [tracker] [s1] onset t=45.942 env=0.00120 gate=0.00002 envDelta=0.00117 envFloor=0.00066 onset=1.093 thresh=0.006 onsetDelta=1.08656 baseline=0.00044 adaptive=0.00110 lastPeak=0.00001 guard=0.060 activeAge=-1.000 pitch=95.23Hz pitchCents=250.4
2025-12-14 07:54:40 [tracker] [s1] note-start t=45.942 fret=3 midi=43 vel=0.01 env=0.00120
2025-12-14 07:54:40 [tracker] [s5] onset t=45.950 env=0.00128 gate=0.00014 envDelta=0.00114 envFloor=0.00101 onset=1.198 thresh=0.016 onsetDelta=1.18160 baseline=0.00067 adaptive=0.00168 lastPeak=0.00000 guard=0.060 activeAge=-1.000 pitch=-1.00Hz pitchCents=0.0
2025-12-14 07:54:40 [tracker] [s2] onset t=46.022 env=0.00133 gate=0.00001 envDelta=0.00133 envFloor=0.00101 onset=1.096 thresh=0.009 onsetDelta=1.08734 baseline=0.00068 adaptive=0.00169 lastPeak=0.00000 guard=0.060 activeAge=-1.000 pitch=-1.00Hz pitchCents=0.0
2025-12-14 07:54:40 [tracker] [s6] onset t=46.070 env=0.00191 gate=0.00022 envDelta=0.00169 envFloor=0.00131 onset=0.933 thresh=0.018 onsetDelta=0.91541 baseline=0.00087 adaptive=0.00218 lastPeak=0.00000 guard=0.060 activeAge=-1.000 pitch=-1.00Hz pitchCents=0.0
2025-12-14 07:54:40 [tracker] [s1] aubio-raw t=46.1743 onset=0.996902 env=0.000722 peak=0.001796 gain=1.000
2025-12-14 07:54:40 [tracker] [s1] onset-accepted t=46.1743 env=0.000722 gate=0.000038 envDelta=0.000683 envFloor=0.000614 onset=0.996902 thresh=0.006000 onsetDelta=0.990902 baseline=0.000696 floor=0.000180 adapt=0.001024 lastPeak=0.000774 baseParam=0.000180 gateRatio=0.0550 envParam=0.000450 onsetScale=0.300 retriggerScale=1.400 guard=0.060 guardRemain=0.000 activeAge=0.232 retrigRemain=0.000 pitchHz=156.86 pitchCents=1114.3
2025-12-14 07:54:40 [tracker] [s1] onset t=46.174 env=0.00072 gate=0.00004 envDelta=0.00068 envFloor=0.00061 onset=0.997 thresh=0.006 onsetDelta=0.99090 baseline=0.00070 adaptive=0.00102 lastPeak=0.00077 guard=0.060 activeAge=0.232 pitch=156.86Hz pitchCents=1114.3
2025-12-14 07:54:40 [tracker] [s1] note-ended (new onset) t=46.174 fret=3 dur=0.232
2025-12-14 07:54:40 [tracker] [s3] onset t=46.238 env=0.00143 gate=0.00008 envDelta=0.00135 envFloor=0.00093 onset=1.245 thresh=0.012 onsetDelta=1.23325 baseline=0.00062 adaptive=0.00156 lastPeak=0.00000 guard=0.060 activeAge=-1.000 pitch=-1.00Hz pitchCents=0.0
2025-12-14 07:54:40 [tracker] [s4] onset t=46.313 env=0.00162 gate=0.00011 envDelta=0.00151 envFloor=0.00099 onset=1.022 thresh=0.014 onsetDelta=1.00778 baseline=0.00066 adaptive=0.00164 lastPeak=0.00000 guard=0.060 activeAge=-1.000 pitch=-1.00Hz pitchCents=0.0
2025-12-14 07:54:40 [tracker] [s6] onset t=46.665 env=0.00203 gate=0.00020 envDelta=0.00183 envFloor=0.00117 onset=1.093 thresh=0.018 onsetDelta=1.07492 baseline=0.00078 adaptive=0.00195 lastPeak=0.00000 guard=0.060 activeAge=-1.000 pitch=-1.00Hz pitchCents=0.0
2025-12-14 07:54:40 [tracker] [s6] onset t=46.740 env=0.00177 gate=0.00020 envDelta=0.00157 envFloor=0.00122 onset=0.999 thresh=0.018 onsetDelta=0.98121 baseline=0.00081 adaptive=0.00203 lastPeak=0.00000 guard=0.060 activeAge=-1.000 pitch=-1.00Hz pitchCents=0.0
2025-12-14 07:54:40 [tracker] [s4] onset t=46.820 env=0.00151 gate=0.00011 envDelta=0.00140 envFloor=0.00097 onset=1.071 thresh=0.014 onsetDelta=1.05659 baseline=0.00064 adaptive=0.00161 lastPeak=0.00000 guard=0.060 activeAge=-1.000 pitch=-1.00Hz pitchCents=0.0
2025-12-14 07:54:41 [tracker] [s5] onset t=46.964 env=0.00183 gate=0.00015 envDelta=0.00168 envFloor=0.00106 onset=0.859 thresh=0.016 onsetDelta=0.84296 baseline=0.00070 adaptive=0.00176 lastPeak=0.00000 guard=0.060 activeAge=-1.000 pitch=-1.00Hz pitchCents=0.0
2025-12-14 07:54:41 [tracker] [s1] aubio-raw t=46.9663 onset=1.477076 env=0.000876 peak=0.001977 gain=1.000
2025-12-14 07:54:41 [tracker] [s1] onset-accepted t=46.9663 env=0.000876 gate=0.000024 envDelta=0.000852 envFloor=0.000647 onset=1.477076 thresh=0.006000 onsetDelta=1.471076 baseline=0.000431 floor=0.000180 adapt=0.001078 lastPeak=0.000175 baseParam=0.000180 gateRatio=0.0550 envParam=0.000450 onsetScale=0.300 retriggerScale=1.400 guard=0.060 guardRemain=0.000 activeAge=-1.000 retrigRemain=0.000 pitchHz=-1.00 pitchCents=0.0
2025-12-14 07:54:41 [tracker] [s1] onset t=46.966 env=0.00088 gate=0.00002 envDelta=0.00085 envFloor=0.00065 onset=1.477 thresh=0.006 onsetDelta=1.47108 baseline=0.00043 adaptive=0.00108 lastPeak=0.00017 guard=0.060 activeAge=-1.000 pitch=-1.00Hz pitchCents=0.0
2025-12-14 07:54:41 [tracker] [s6] onset t=46.998 env=0.00181 gate=0.00020 envDelta=0.00161 envFloor=0.00121 onset=0.964 thresh=0.018 onsetDelta=0.94621 baseline=0.00081 adaptive=0.00202 lastPeak=0.00000 guard=0.060 activeAge=-1.000 pitch=-1.00Hz pitchCents=0.0
2025-12-14 07:54:41 [tracker] [s3] onset t=47.017 env=0.00115 gate=0.00008 envDelta=0.00107 envFloor=0.00092 onset=1.042 thresh=0.012 onsetDelta=1.03065 baseline=0.00061 adaptive=0.00153 lastPeak=0.00000 guard=0.060 activeAge=-1.000 pitch=-1.00Hz pitchCents=0.0
2025-12-14 07:54:41 [tracker] [s4] onset t=47.046 env=0.00102 gate=0.00010 envDelta=0.00091 envFloor=0.00092 onset=0.989 thresh=0.014 onsetDelta=0.97456 baseline=0.00061 adaptive=0.00153 lastPeak=0.00000 guard=0.060 activeAge=-1.000 pitch=-1.00Hz pitchCents=0.0
2025-12-14 07:54:41 [tracker] [s5] onset t=47.052 env=0.00191 gate=0.00015 envDelta=0.00176 envFloor=0.00110 onset=0.803 thresh=0.016 onsetDelta=0.78679 baseline=0.00073 adaptive=0.00183 lastPeak=0.00000 guard=0.060 activeAge=-1.000 pitch=-1.00Hz pitchCents=0.0
2025-12-14 07:54:41 [tracker] [s5] onset t=47.182 env=0.00185 gate=0.00015 envDelta=0.00169 envFloor=0.00111 onset=1.003 thresh=0.016 onsetDelta=0.98662 baseline=0.00074 adaptive=0.00184 lastPeak=0.00000 guard=0.060 activeAge=-1.000 pitch=-1.00Hz pitchCents=0.0
2025-12-14 07:54:41 [tracker] [s4] onset t=47.262 env=0.00148 gate=0.00011 envDelta=0.00137 envFloor=0.00097 onset=0.801 thresh=0.014 onsetDelta=0.78690 baseline=0.00065 adaptive=0.00162 lastPeak=0.00000 guard=0.060 activeAge=-1.000 pitch=-1.00Hz pitchCents=0.0
2025-12-14 07:54:41 [tracker] [s3] onset t=47.289 env=0.00153 gate=0.00008 envDelta=0.00145 envFloor=0.00094 onset=1.062 thresh=0.012 onsetDelta=1.05075 baseline=0.00063 adaptive=0.00157 lastPeak=0.00000 guard=0.060 activeAge=-1.000 pitch=-1.00Hz pitchCents=0.0
2025-12-14 07:54:41 [tracker] [s5] onset t=47.332 env=0.00168 gate=0.00015 envDelta=0.00153 envFloor=0.00110 onset=1.162 thresh=0.016 onsetDelta=1.14618 baseline=0.00073 adaptive=0.00183 lastPeak=0.00000 guard=0.060 activeAge=-1.000 pitch=-1.00Hz pitchCents=0.0
2025-12-14 07:54:41 [tracker] [s2] onset t=47.382 env=0.00110 gate=0.00001 envDelta=0.00110 envFloor=0.00101 onset=0.791 thresh=0.009 onsetDelta=0.78165 baseline=0.00067 adaptive=0.00168 lastPeak=0.00000 guard=0.060 activeAge=-1.000 pitch=-1.00Hz pitchCents=0.0
2025-12-14 07:54:41 [tracker] [s2] onset t=47.433 env=0.00107 gate=0.00001 envDelta=0.00106 envFloor=0.00093 onset=0.999 thresh=0.009 onsetDelta=0.99024 baseline=0.00062 adaptive=0.00155 lastPeak=0.00000 guard=0.060 activeAge=-1.000 pitch=94.11Hz pitchCents=-270.0
2025-12-14 07:54:41 [tracker] [s3] onset t=47.492 env=0.00130 gate=0.00008 envDelta=0.00123 envFloor=0.00089 onset=0.948 thresh=0.012 onsetDelta=0.93672 baseline=0.00060 adaptive=0.00149 lastPeak=0.00000 guard=0.060 activeAge=-1.000 pitch=-1.00Hz pitchCents=0.0
2025-12-14 07:54:41 [tracker] [s1] aubio-raw t=47.5049 onset=1.363335 env=0.001078 peak=0.002250 gain=1.000
2025-12-14 07:54:41 [tracker] [s1] onset-accepted t=47.5049 env=0.001078 gate=0.000022 envDelta=0.001056 envFloor=0.000598 onset=1.363335 thresh=0.006000 onsetDelta=1.357335 baseline=0.000398 floor=0.000180 adapt=0.000996 lastPeak=0.000063 baseParam=0.000180 gateRatio=0.0550 envParam=0.000450 onsetScale=0.300 retriggerScale=1.400 guard=0.060 guardRemain=0.000 activeAge=-1.000 retrigRemain=0.000 pitchHz=250.00 pitchCents=1921.3
2025-12-14 07:54:41 [tracker] [s1] onset t=47.505 env=0.00108 gate=0.00002 envDelta=0.00106 envFloor=0.00060 onset=1.363 thresh=0.006 onsetDelta=1.35734 baseline=0.00040 adaptive=0.00100 lastPeak=0.00006 guard=0.060 activeAge=-1.000 pitch=250.00Hz pitchCents=1921.3
2025-12-14 07:54:41 [tracker] [s6] onset t=47.550 env=0.00185 gate=0.00021 envDelta=0.00164 envFloor=0.00124 onset=0.974 thresh=0.018 onsetDelta=0.95613 baseline=0.00082 adaptive=0.00206 lastPeak=0.00000 guard=0.060 activeAge=-1.000 pitch=-1.00Hz pitchCents=0.0
2025-12-14 07:54:41 [tracker] [s4] onset t=47.580 env=0.00187 gate=0.00011 envDelta=0.00176 envFloor=0.00101 onset=1.390 thresh=0.014 onsetDelta=1.37634 baseline=0.00067 adaptive=0.00168 lastPeak=0.00000 guard=0.060 activeAge=-1.000 pitch=-1.00Hz pitchCents=0.0
2025-12-14 07:54:41 [tracker] [s2] onset t=47.646 env=0.00172 gate=0.00001 envDelta=0.00172 envFloor=0.00099 onset=1.009 thresh=0.009 onsetDelta=0.99986 baseline=0.00066 adaptive=0.00165 lastPeak=0.00000 guard=0.060 activeAge=-1.000 pitch=-1.00Hz pitchCents=0.0
2025-12-14 07:54:41 [tracker] [s4] onset t=47.686 env=0.00130 gate=0.00011 envDelta=0.00119 envFloor=0.00099 onset=0.999 thresh=0.014 onsetDelta=0.98519 baseline=0.00066 adaptive=0.00165 lastPeak=0.00000 guard=0.060 activeAge=-1.000 pitch=-1.00Hz pitchCents=0.0
2025-12-14 07:54:41 [tracker] [s1] aubio-raw t=47.7555 onset=1.033881 env=0.000860 peak=0.002038 gain=1.000
2025-12-14 07:54:41 [tracker] [s1] onset-accepted t=47.7555 env=0.000860 gate=0.000025 envDelta=0.000835 envFloor=0.000678 onset=1.033881 thresh=0.006000 onsetDelta=1.027881 baseline=0.000452 floor=0.000180 adapt=0.001130 lastPeak=0.000040 baseParam=0.000180 gateRatio=0.0550 envParam=0.000450 onsetScale=0.300 retriggerScale=1.400 guard=0.060 guardRemain=0.000 activeAge=-1.000 retrigRemain=0.000 pitchHz=-1.00 pitchCents=0.0
2025-12-14 07:54:41 [tracker] [s1] onset t=47.756 env=0.00086 gate=0.00002 envDelta=0.00084 envFloor=0.00068 onset=1.034 thresh=0.006 onsetDelta=1.02788 baseline=0.00045 adaptive=0.00113 lastPeak=0.00004 guard=0.060 activeAge=-1.000 pitch=-1.00Hz pitchCents=0.0
2025-12-14 07:54:41 [tracker] [s4] onset t=47.766 env=0.00155 gate=0.00011 envDelta=0.00144 envFloor=0.00098 onset=0.787 thresh=0.014 onsetDelta=0.77330 baseline=0.00066 adaptive=0.00164 lastPeak=0.00000 guard=0.060 activeAge=-1.000 pitch=-1.00Hz pitchCents=0.0
2025-12-14 07:54:41 [tracker] [s2] onset t=47.769 env=0.00123 gate=0.00001 envDelta=0.00122 envFloor=0.00099 onset=0.999 thresh=0.009 onsetDelta=0.98974 baseline=0.00066 adaptive=0.00166 lastPeak=0.00000 guard=0.060 activeAge=-1.000 pitch=-1.00Hz pitchCents=0.0
2025-12-14 07:54:41 [tracker] [s3] onset t=47.822 env=0.00149 gate=0.00008 envDelta=0.00141 envFloor=0.00088 onset=1.287 thresh=0.012 onsetDelta=1.27538 baseline=0.00059 adaptive=0.00147 lastPeak=0.00000 guard=0.060 activeAge=-1.000 pitch=-1.00Hz pitchCents=0.0
2025-12-14 07:54:41 [tracker] [s1] aubio-raw t=47.8835 onset=0.996993 env=0.000573 peak=0.001589 gain=1.000
2025-12-14 07:54:41 [tracker] [s1] onset-below-env-floor t=47.8835 env=0.000573 gate=0.000023 envDelta=0.000550 envFloor=0.000632 onset=0.996993 thresh=0.006000 onsetDelta=0.990993 baseline=0.000421 floor=0.000180 adapt=0.001053 lastPeak=0.000031 baseParam=0.000180 gateRatio=0.0550 envParam=0.000450 onsetScale=0.300 retriggerScale=1.400 guard=0.060 guardRemain=0.000 activeAge=-1.000 retrigRemain=0.000 pitchHz=-1.00 pitchCents=0.0
2025-12-14 07:54:42 [tracker] [s5] onset t=47.916 env=0.00158 gate=0.00015 envDelta=0.00143 envFloor=0.00106 onset=0.747 thresh=0.016 onsetDelta=0.73054 baseline=0.00070 adaptive=0.00176 lastPeak=0.00000 guard=0.060 activeAge=-1.000 pitch=-1.00Hz pitchCents=0.0
2025-12-14 07:54:42 [tracker] [s1] aubio-raw t=47.9902 onset=1.025648 env=0.000867 peak=0.002089 gain=1.000
2025-12-14 07:54:42 [tracker] [s1] onset-accepted t=47.9902 env=0.000867 gate=0.000023 envDelta=0.000844 envFloor=0.000630 onset=1.025648 thresh=0.006000 onsetDelta=1.019648 baseline=0.000420 floor=0.000180 adapt=0.001051 lastPeak=0.000025 baseParam=0.000180 gateRatio=0.0550 envParam=0.000450 onsetScale=0.300 retriggerScale=1.400 guard=0.060 guardRemain=0.000 activeAge=-1.000 retrigRemain=0.000 pitchHz=-1.00 pitchCents=0.0
2025-12-14 07:54:42 [tracker] [s1] onset t=47.990 env=0.00087 gate=0.00002 envDelta=0.00084 envFloor=0.00063 onset=1.026 thresh=0.006 onsetDelta=1.01965 baseline=0.00042 adaptive=0.00105 lastPeak=0.00003 guard=0.060 activeAge=-1.000 pitch=-1.00Hz pitchCents=0.0
2025-12-14 07:54:42 [tracker] [s5] onset t=48.017 env=0.00153 gate=0.00015 envDelta=0.00138 envFloor=0.00109 onset=0.558 thresh=0.016 onsetDelta=0.54164 baseline=0.00072 adaptive=0.00181 lastPeak=0.00000 guard=0.060 activeAge=-1.000 pitch=-1.00Hz pitchCents=0.0
2025-12-14 07:54:42 [tracker] [s4] onset t=48.044 env=0.00138 gate=0.00012 envDelta=0.00127 envFloor=0.00102 onset=0.810 thresh=0.014 onsetDelta=0.79648 baseline=0.00068 adaptive=0.00170 lastPeak=0.00000 guard=0.060 activeAge=-1.000 pitch=-1.00Hz pitchCents=0.0
2025-12-14 07:54:42 [tracker] [s5] onset t=48.068 env=0.00152 gate=0.00015 envDelta=0.00137 envFloor=0.00108 onset=1.013 thresh=0.016 onsetDelta=0.99676 baseline=0.00072 adaptive=0.00179 lastPeak=0.00000 guard=0.060 activeAge=-1.000 pitch=-1.00Hz pitchCents=0.0
2025-12-14 07:54:42 [tracker] [s1] aubio-raw t=48.1795 onset=1.080151 env=0.000787 peak=0.001875 gain=1.000
2025-12-14 07:54:42 [tracker] [s1] onset-accepted t=48.1795 env=0.000787 gate=0.000023 envDelta=0.000764 envFloor=0.000634 onset=1.080151 thresh=0.006000 onsetDelta=1.074151 baseline=0.000423 floor=0.000180 adapt=0.001057 lastPeak=0.000018 baseParam=0.000180 gateRatio=0.0550 envParam=0.000450 onsetScale=0.300 retriggerScale=1.400 guard=0.060 guardRemain=0.000 activeAge=-1.000 retrigRemain=0.000 pitchHz=94.11 pitchCents=229.9
2025-12-14 07:54:42 [tracker] [s1] onset t=48.180 env=0.00079 gate=0.00002 envDelta=0.00076 envFloor=0.00063 onset=1.080 thresh=0.006 onsetDelta=1.07415 baseline=0.00042 adaptive=0.00106 lastPeak=0.00002 guard=0.060 activeAge=-1.000 pitch=94.11Hz pitchCents=229.9
2025-12-14 07:54:42 [tracker] [s1] aubio-raw t=48.2808 onset=0.992461 env=0.000734 peak=0.002057 gain=1.000
2025-12-14 07:54:42 [tracker] [s1] onset-accepted t=48.2808 env=0.000734 gate=0.000023 envDelta=0.000711 envFloor=0.000633 onset=0.992461 thresh=0.006000 onsetDelta=0.986461 baseline=0.000422 floor=0.000180 adapt=0.001055 lastPeak=0.000015 baseParam=0.000180 gateRatio=0.0550 envParam=0.000450 onsetScale=0.300 retriggerScale=1.400 guard=0.060 guardRemain=0.000 activeAge=-1.000 retrigRemain=0.000 pitchHz=-1.00 pitchCents=0.0
2025-12-14 07:54:42 [tracker] [s1] onset t=48.281 env=0.00073 gate=0.00002 envDelta=0.00071 envFloor=0.00063 onset=0.992 thresh=0.006 onsetDelta=0.98646 baseline=0.00042 adaptive=0.00106 lastPeak=0.00001 guard=0.060 activeAge=-1.000 pitch=-1.00Hz pitchCents=0.0
2025-12-14 07:54:42 [tracker] [s6] onset t=48.406 env=0.00224 gate=0.00021 envDelta=0.00202 envFloor=0.00129 onset=0.904 thresh=0.018 onsetDelta=0.88597 baseline=0.00086 adaptive=0.00215 lastPeak=0.00000 guard=0.060 activeAge=-1.000 pitch=-1.00Hz pitchCents=0.0
2025-12-14 07:54:42 [tracker] [s1] aubio-raw t=48.4622 onset=1.000764 env=0.001409 peak=0.002980 gain=1.000
2025-12-14 07:54:42 [tracker] [s1] onset-accepted t=48.4622 env=0.001409 gate=0.000025 envDelta=0.001385 envFloor=0.000673 onset=1.000764 thresh=0.006000 onsetDelta=0.994764 baseline=0.000449 floor=0.000180 adapt=0.001122 lastPeak=0.000010 baseParam=0.000180 gateRatio=0.0550 envParam=0.000450 onsetScale=0.300 retriggerScale=1.400 guard=0.060 guardRemain=0.000 activeAge=-1.000 retrigRemain=0.000 pitchHz=-1.00 pitchCents=0.0
2025-12-14 07:54:42 [tracker] [s1] onset t=48.462 env=0.00141 gate=0.00002 envDelta=0.00138 envFloor=0.00067 onset=1.001 thresh=0.006 onsetDelta=0.99476 baseline=0.00045 adaptive=0.00112 lastPeak=0.00001 guard=0.060 activeAge=-1.000 pitch=-1.00Hz pitchCents=0.0
2025-12-14 07:54:42 [tracker] [s3] onset t=48.489 env=0.00116 gate=0.00008 envDelta=0.00107 envFloor=0.00097 onset=0.989 thresh=0.012 onsetDelta=0.97782 baseline=0.00065 adaptive=0.00162 lastPeak=0.00000 guard=0.060 activeAge=-1.000 pitch=-1.00Hz pitchCents=0.0
2025-12-14 07:54:42 [tracker] [s1] aubio-raw t=48.6755 onset=1.019887 env=0.000586 peak=0.001367 gain=1.000
2025-12-14 07:54:42 [tracker] [s1] onset-below-env-floor t=48.6755 env=0.000586 gate=0.000023 envDelta=0.000563 envFloor=0.000628 onset=1.019887 thresh=0.006000 onsetDelta=1.013887 baseline=0.000418 floor=0.000180 adapt=0.001046 lastPeak=0.000007 baseParam=0.000180 gateRatio=0.0550 envParam=0.000450 onsetScale=0.300 retriggerScale=1.400 guard=0.060 guardRemain=0.000 activeAge=-1.000 retrigRemain=0.000 pitchHz=102.56 pitchCents=378.8
2025-12-14 07:54:42 [tracker] [s1] aubio-raw t=48.7261 onset=1.012262 env=0.000667 peak=0.002081 gain=1.000
2025-12-14 07:54:42 [tracker] [s1] onset-accepted t=48.7261 env=0.000667 gate=0.000023 envDelta=0.000644 envFloor=0.000638 onset=1.012262 thresh=0.006000 onsetDelta=1.006262 baseline=0.000425 floor=0.000180 adapt=0.001063 lastPeak=0.000006 baseParam=0.000180 gateRatio=0.0550 envParam=0.000450 onsetScale=0.300 retriggerScale=1.400 guard=0.060 guardRemain=0.000 activeAge=-1.000 retrigRemain=0.000 pitchHz=-1.00 pitchCents=0.0
2025-12-14 07:54:42 [tracker] [s1] onset t=48.726 env=0.00067 gate=0.00002 envDelta=0.00064 envFloor=0.00064 onset=1.012 thresh=0.006 onsetDelta=1.00626 baseline=0.00043 adaptive=0.00106 lastPeak=0.00001 guard=0.060 activeAge=-1.000 pitch=-1.00Hz pitchCents=0.0
2025-12-14 07:54:42 [tracker] [s4] onset t=48.753 env=0.00144 gate=0.00011 envDelta=0.00133 envFloor=0.00100 onset=0.923 thresh=0.014 onsetDelta=0.90851 baseline=0.00067 adaptive=0.00167 lastPeak=0.00000 guard=0.060 activeAge=-1.000 pitch=-1.00Hz pitchCents=0.0
2025-12-14 07:54:42 [tracker] [s6] onset t=48.755 env=0.00198 gate=0.00022 envDelta=0.00177 envFloor=0.00129 onset=0.927 thresh=0.018 onsetDelta=0.90911 baseline=0.00086 adaptive=0.00215 lastPeak=0.00000 guard=0.060 activeAge=-1.000 pitch=-1.00Hz pitchCents=0.0
2025-12-14 07:54:42 [tracker] [s1] aubio-raw t=48.8035 onset=0.677644 env=0.001178 peak=0.002414 gain=1.000
2025-12-14 07:54:42 [tracker] [s1] onset-accepted t=48.8035 env=0.001178 gate=0.000025 envDelta=0.001153 envFloor=0.000669 onset=0.677644 thresh=0.006000 onsetDelta=0.671644 baseline=0.000446 floor=0.000180 adapt=0.001115 lastPeak=0.000006 baseParam=0.000180 gateRatio=0.0550 envParam=0.000450 onsetScale=0.300 retriggerScale=1.400 guard=0.060 guardRemain=0.000 activeAge=-1.000 retrigRemain=0.000 pitchHz=-1.00 pitchCents=0.0
2025-12-14 07:54:42 [tracker] [s1] onset t=48.803 env=0.00118 gate=0.00002 envDelta=0.00115 envFloor=0.00067 onset=0.678 thresh=0.006 onsetDelta=0.67164 baseline=0.00045 adaptive=0.00111 lastPeak=0.00001 guard=0.060 activeAge=-1.000 pitch=-1.00Hz pitchCents=0.0
2025-12-14 07:54:42 [tracker] [s1] aubio-raw t=48.8728 onset=1.285650 env=0.000681 peak=0.001761 gain=1.000
2025-12-14 07:54:42 [tracker] [s1] onset-accepted t=48.8728 env=0.000681 gate=0.000025 envDelta=0.000657 envFloor=0.000669 onset=1.285650 thresh=0.006000 onsetDelta=1.279650 baseline=0.000446 floor=0.000180 adapt=0.001116 lastPeak=0.000005 baseParam=0.000180 gateRatio=0.0550 envParam=0.000450 onsetScale=0.300 retriggerScale=1.400 guard=0.060 guardRemain=0.000 activeAge=-1.000 retrigRemain=0.000 pitchHz=-1.00 pitchCents=0.0
2025-12-14 07:54:42 [tracker] [s1] onset t=48.873 env=0.00068 gate=0.00002 envDelta=0.00066 envFloor=0.00067 onset=1.286 thresh=0.006 onsetDelta=1.27965 baseline=0.00045 adaptive=0.00112 lastPeak=0.00000 guard=0.060 activeAge=-1.000 pitch=-1.00Hz pitchCents=0.0
2025-12-14 07:54:42 [tracker] [s5] onset t=48.889 env=0.00150 gate=0.00015 envDelta=0.00135 envFloor=0.00109 onset=1.039 thresh=0.016 onsetDelta=1.02278 baseline=0.00073 adaptive=0.00181 lastPeak=0.00000 guard=0.060 activeAge=-1.000 pitch=-1.00Hz pitchCents=0.0
2025-12-14 07:54:43 [tracker] [s6] onset t=48.958 env=0.00177 gate=0.00020 envDelta=0.00157 envFloor=0.00118 onset=1.052 thresh=0.018 onsetDelta=1.03369 baseline=0.00078 adaptive=0.00196 lastPeak=0.00000 guard=0.060 activeAge=-1.000 pitch=-1.00Hz pitchCents=0.0
2025-12-14 07:54:43 [tracker] [s1] aubio-raw t=49.0675 onset=1.271214 env=0.000857 peak=0.002121 gain=1.000
2025-12-14 07:54:43 [tracker] [s1] onset-accepted t=49.0675 env=0.000857 gate=0.000022 envDelta=0.000835 envFloor=0.000605 onset=1.271214 thresh=0.006000 onsetDelta=1.265213 baseline=0.000403 floor=0.000180 adapt=0.001008 lastPeak=0.000003 baseParam=0.000180 gateRatio=0.0550 envParam=0.000450 onsetScale=0.300 retriggerScale=1.400 guard=0.060 guardRemain=0.000 activeAge=-1.000 retrigRemain=0.000 pitchHz=-1.00 pitchCents=0.0
2025-12-14 07:54:43 [tracker] [s1] onset t=49.067 env=0.00086 gate=0.00002 envDelta=0.00084 envFloor=0.00060 onset=1.271 thresh=0.006 onsetDelta=1.26521 baseline=0.00040 adaptive=0.00101 lastPeak=0.00000 guard=0.060 activeAge=-1.000 pitch=-1.00Hz pitchCents=0.0
2025-12-14 07:54:43 [tracker] [s6] onset t=49.067 env=0.00189 gate=0.00021 envDelta=0.00169 envFloor=0.00124 onset=0.895 thresh=0.018 onsetDelta=0.87651 baseline=0.00083 adaptive=0.00207 lastPeak=0.00000 guard=0.060 activeAge=-1.000 pitch=-1.00Hz pitchCents=0.0
2025-12-14 07:54:43 [tracker] [s5] onset t=49.121 env=0.00161 gate=0.00015 envDelta=0.00146 envFloor=0.00107 onset=1.057 thresh=0.016 onsetDelta=1.04109 baseline=0.00071 adaptive=0.00178 lastPeak=0.00000 guard=0.060 activeAge=-1.000 pitch=-1.00Hz pitchCents=0.0
2025-12-14 07:54:43 [tracker] [s2] onset t=49.158 env=0.00110 gate=0.00001 envDelta=0.00109 envFloor=0.00105 onset=0.844 thresh=0.009 onsetDelta=0.83481 baseline=0.00070 adaptive=0.00176 lastPeak=0.00000 guard=0.060 activeAge=-1.000 pitch=-1.00Hz pitchCents=0.0
2025-12-14 07:54:43 [tracker] [s1] aubio-raw t=49.2461 onset=1.397818 env=0.000775 peak=0.002225 gain=1.000
2025-12-14 07:54:43 [tracker] [s1] onset-accepted t=49.2461 env=0.000775 gate=0.000021 envDelta=0.000754 envFloor=0.000579 onset=1.397818 thresh=0.006000 onsetDelta=1.391818 baseline=0.000386 floor=0.000180 adapt=0.000964 lastPeak=0.000002 baseParam=0.000180 gateRatio=0.0550 envParam=0.000450 onsetScale=0.300 retriggerScale=1.400 guard=0.060 guardRemain=0.000 activeAge=-1.000 retrigRemain=0.000 pitchHz=-1.00 pitchCents=0.0
2025-12-14 07:54:43 [tracker] [s1] onset t=49.246 env=0.00078 gate=0.00002 envDelta=0.00075 envFloor=0.00058 onset=1.398 thresh=0.006 onsetDelta=1.39182 baseline=0.00039 adaptive=0.00096 lastPeak=0.00000 guard=0.060 activeAge=-1.000 pitch=-1.00Hz pitchCents=0.0
2025-12-14 07:54:43 [tracker] [s2] onset t=49.257 env=0.00135 gate=0.00001 envDelta=0.00134 envFloor=0.00103 onset=0.986 thresh=0.009 onsetDelta=0.97691 baseline=0.00068 adaptive=0.00171 lastPeak=0.00000 guard=0.060 activeAge=-1.000 pitch=333.32Hz pitchCents=1919.3
2025-12-14 07:54:43 [tracker] [s5] onset t=49.275 env=0.00159 gate=0.00015 envDelta=0.00145 envFloor=0.00105 onset=0.941 thresh=0.016 onsetDelta=0.92519 baseline=0.00070 adaptive=0.00176 lastPeak=0.00000 guard=0.060 activeAge=-1.000 pitch=-1.00Hz pitchCents=0.0
2025-12-14 07:54:43 [tracker] [s6] onset t=49.294 env=0.00184 gate=0.00020 envDelta=0.00164 envFloor=0.00121 onset=1.478 thresh=0.018 onsetDelta=1.45996 baseline=0.00081 adaptive=0.00202 lastPeak=0.00000 guard=0.060 activeAge=-1.000 pitch=-1.00Hz pitchCents=0.0
2025-12-14 07:54:43 [tracker] [s4] onset t=49.310 env=0.00178 gate=0.00012 envDelta=0.00166 envFloor=0.00102 onset=0.995 thresh=0.014 onsetDelta=0.98145 baseline=0.00068 adaptive=0.00170 lastPeak=0.00000 guard=0.060 activeAge=-1.000 pitch=-1.00Hz pitchCents=0.0
2025-12-14 07:54:43 [tracker] [s2] onset t=49.379 env=0.00211 gate=0.00001 envDelta=0.00210 envFloor=0.00105 onset=0.818 thresh=0.009 onsetDelta=0.80900 baseline=0.00070 adaptive=0.00175 lastPeak=0.00000 guard=0.060 activeAge=-1.000 pitch=1142.48Hz pitchCents=4051.9
2025-12-14 07:54:43 [tracker] [s4] onset t=49.635 env=0.00158 gate=0.00011 envDelta=0.00147 envFloor=0.00099 onset=1.474 thresh=0.014 onsetDelta=1.46012 baseline=0.00066 adaptive=0.00165 lastPeak=0.00000 guard=0.060 activeAge=-1.000 pitch=-1.00Hz pitchCents=0.0
2025-12-14 07:54:43 [tracker] [s5] onset t=49.718 env=0.00171 gate=0.00014 envDelta=0.00157 envFloor=0.00102 onset=0.996 thresh=0.016 onsetDelta=0.97965 baseline=0.00068 adaptive=0.00171 lastPeak=0.00000 guard=0.060 activeAge=-1.000 pitch=-1.00Hz pitchCents=0.0
2025-12-14 07:54:43 [tracker] [s5] onset t=49.891 env=0.00177 gate=0.00015 envDelta=0.00163 envFloor=0.00106 onset=0.968 thresh=0.016 onsetDelta=0.95243 baseline=0.00071 adaptive=0.00177 lastPeak=0.00000 guard=0.060 activeAge=-1.000 pitch=-1.00Hz pitchCents=0.0
2025-12-14 07:54:44 [tracker] [s5] onset t=50.001 env=0.00135 gate=0.00015 envDelta=0.00120 envFloor=0.00109 onset=0.734 thresh=0.016 onsetDelta=0.71760 baseline=0.00073 adaptive=0.00182 lastPeak=0.00000 guard=0.060 activeAge=-1.000 pitch=-1.00Hz pitchCents=0.0
2025-12-14 07:54:44 [tracker] [s3] onset t=50.073 env=0.00202 gate=0.00009 envDelta=0.00193 envFloor=0.00102 onset=1.001 thresh=0.012 onsetDelta=0.98961 baseline=0.00068 adaptive=0.00169 lastPeak=0.00000 guard=0.060 activeAge=-1.000 pitch=-1.00Hz pitchCents=0.0
2025-12-14 07:54:44 [tracker] [s5] onset t=50.195 env=0.00166 gate=0.00015 envDelta=0.00151 envFloor=0.00106 onset=1.042 thresh=0.016 onsetDelta=1.02600 baseline=0.00071 adaptive=0.00176 lastPeak=0.00000 guard=0.060 activeAge=-1.000 pitch=-1.00Hz pitchCents=0.0
2025-12-14 07:54:44 [tracker] [s6] onset t=50.339 env=0.00191 gate=0.00022 envDelta=0.00170 envFloor=0.00130 onset=0.997 thresh=0.018 onsetDelta=0.97869 baseline=0.00087 adaptive=0.00217 lastPeak=0.00000 guard=0.060 activeAge=-1.000 pitch=-1.00Hz pitchCents=0.0
2025-12-14 07:54:44 [tracker] [s1] aubio-raw t=50.4940 onset=0.932485 env=0.000990 peak=0.002120 gain=1.000
2025-12-14 07:54:44 [tracker] [s1] onset-accepted t=50.4940 env=0.000990 gate=0.000023 envDelta=0.000967 envFloor=0.000626 onset=0.932485 thresh=0.006000 onsetDelta=0.926485 baseline=0.000417 floor=0.000180 adapt=0.001043 lastPeak=0.000000 baseParam=0.000180 gateRatio=0.0550 envParam=0.000450 onsetScale=0.300 retriggerScale=1.400 guard=0.060 guardRemain=0.000 activeAge=-1.000 retrigRemain=0.000 pitchHz=444.40 pitchCents=2917.2
2025-12-14 07:54:44 [tracker] [s1] onset t=50.494 env=0.00099 gate=0.00002 envDelta=0.00097 envFloor=0.00063 onset=0.932 thresh=0.006 onsetDelta=0.92649 baseline=0.00042 adaptive=0.00104 lastPeak=0.00000 guard=0.060 activeAge=-1.000 pitch=444.40Hz pitchCents=2917.2
2025-12-14 07:54:44 [tracker] [s3] onset t=50.539 env=0.00115 gate=0.00008 envDelta=0.00107 envFloor=0.00087 onset=1.370 thresh=0.012 onsetDelta=1.35795 baseline=0.00058 adaptive=0.00145 lastPeak=0.00000 guard=0.060 activeAge=-1.000 pitch=-1.00Hz pitchCents=0.0
2025-12-14 07:54:44 [tracker] [s2] onset t=50.865 env=0.00125 gate=0.00001 envDelta=0.00125 envFloor=0.00101 onset=1.045 thresh=0.009 onsetDelta=1.03571 baseline=0.00067 adaptive=0.00168 lastPeak=0.00000 guard=0.060 activeAge=-1.000 pitch=421.08Hz pitchCents=2323.9
2025-12-14 07:54:45 [tracker] [s5] onset t=51.006 env=0.00144 gate=0.00015 envDelta=0.00129 envFloor=0.00108 onset=1.361 thresh=0.016 onsetDelta=1.34520 baseline=0.00072 adaptive=0.00180 lastPeak=0.00000 guard=0.060 activeAge=-1.000 pitch=-1.00Hz pitchCents=0.0
2025-12-14 07:54:45 [tracker] [s6] onset t=51.009 env=0.00215 gate=0.00021 envDelta=0.00194 envFloor=0.00127 onset=0.883 thresh=0.018 onsetDelta=0.86513 baseline=0.00084 adaptive=0.00211 lastPeak=0.00000 guard=0.060 activeAge=-1.000 pitch=-1.00Hz pitchCents=0.0
2025-12-14 07:54:45 [tracker] [s1] aubio-raw t=51.0166 onset=1.035814 env=0.001093 peak=0.002185 gain=1.000
2025-12-14 07:54:45 [tracker] [s1] onset-accepted t=51.0166 env=0.001093 gate=0.000023 envDelta=0.001070 envFloor=0.000616 onset=1.035814 thresh=0.006000 onsetDelta=1.029814 baseline=0.000410 floor=0.000180 adapt=0.001026 lastPeak=0.000000 baseParam=0.000180 gateRatio=0.0550 envParam=0.000450 onsetScale=0.300 retriggerScale=1.400 guard=0.060 guardRemain=0.000 activeAge=-1.000 retrigRemain=0.000 pitchHz=-1.00 pitchCents=0.0
2025-12-14 07:54:45 [tracker] [s1] onset t=51.017 env=0.00109 gate=0.00002 envDelta=0.00107 envFloor=0.00062 onset=1.036 thresh=0.006 onsetDelta=1.02981 baseline=0.00041 adaptive=0.00103 lastPeak=0.00000 guard=0.060 activeAge=-1.000 pitch=-1.00Hz pitchCents=0.0
2025-12-14 07:54:45 [tracker] [s2] onset t=51.043 env=0.00157 gate=0.00001 envDelta=0.00156 envFloor=0.00102 onset=0.791 thresh=0.009 onsetDelta=0.78158 baseline=0.00068 adaptive=0.00170 lastPeak=0.00000 guard=0.060 activeAge=-1.000 pitch=-1.00Hz pitchCents=0.0
2025-12-14 07:54:45 [tracker] [s4] onset t=51.078 env=0.00161 gate=0.00012 envDelta=0.00150 envFloor=0.00103 onset=0.988 thresh=0.014 onsetDelta=0.97374 baseline=0.00068 adaptive=0.00171 lastPeak=0.00000 guard=0.060 activeAge=-1.000 pitch=-1.00Hz pitchCents=0.0
2025-12-14 07:54:45 [tracker] [s5] onset t=51.211 env=0.00185 gate=0.00015 envDelta=0.00170 envFloor=0.00108 onset=1.379 thresh=0.016 onsetDelta=1.36311 baseline=0.00072 adaptive=0.00181 lastPeak=0.00000 guard=0.060 activeAge=-1.000 pitch=-1.00Hz pitchCents=0.0
2025-12-14 07:54:45 [tracker] [s3] onset t=51.219 env=0.00136 gate=0.00008 envDelta=0.00128 envFloor=0.00093 onset=0.992 thresh=0.012 onsetDelta=0.98050 baseline=0.00062 adaptive=0.00154 lastPeak=0.00000 guard=0.060 activeAge=-1.000 pitch=-1.00Hz pitchCents=0.0
2025-12-14 07:54:45 [tracker] [s3] onset t=51.291 env=0.00143 gate=0.00008 envDelta=0.00135 envFloor=0.00093 onset=0.821 thresh=0.012 onsetDelta=0.80937 baseline=0.00062 adaptive=0.00156 lastPeak=0.00000 guard=0.060 activeAge=-1.000 pitch=-1.00Hz pitchCents=0.0
2025-12-14 07:54:45 [tracker] [s1] aubio-raw t=51.3020 onset=0.996065 env=0.000680 peak=0.002144 gain=1.000
2025-12-14 07:54:45 [tracker] [s1] onset-accepted t=51.3020 env=0.000680 gate=0.000023 envDelta=0.000657 envFloor=0.000614 onset=0.996065 thresh=0.006000 onsetDelta=0.990065 baseline=0.000409 floor=0.000180 adapt=0.001023 lastPeak=0.000000 baseParam=0.000180 gateRatio=0.0550 envParam=0.000450 onsetScale=0.300 retriggerScale=1.400 guard=0.060 guardRemain=0.000 activeAge=-1.000 retrigRemain=0.000 pitchHz=-1.00 pitchCents=0.0
2025-12-14 07:54:45 [tracker] [s1] onset t=51.302 env=0.00068 gate=0.00002 envDelta=0.00066 envFloor=0.00061 onset=0.996 thresh=0.006 onsetDelta=0.99007 baseline=0.00041 adaptive=0.00102 lastPeak=0.00000 guard=0.060 activeAge=-1.000 pitch=-1.00Hz pitchCents=0.0
2025-12-14 07:54:45 [tracker] [s1] aubio-raw t=51.3740 onset=0.992612 env=0.000988 peak=0.001978 gain=1.000
2025-12-14 07:54:45 [tracker] [s1] onset-accepted t=51.3740 env=0.000988 gate=0.000024 envDelta=0.000964 envFloor=0.000651 onset=0.992612 thresh=0.006000 onsetDelta=0.986612 baseline=0.000434 floor=0.000180 adapt=0.001086 lastPeak=0.000000 baseParam=0.000180 gateRatio=0.0550 envParam=0.000450 onsetScale=0.300 retriggerScale=1.400 guard=0.060 guardRemain=0.000 activeAge=-1.000 retrigRemain=0.000 pitchHz=-1.00 pitchCents=0.0
2025-12-14 07:54:45 [tracker] [s1] onset t=51.374 env=0.00099 gate=0.00002 envDelta=0.00096 envFloor=0.00065 onset=0.993 thresh=0.006 onsetDelta=0.98661 baseline=0.00043 adaptive=0.00109 lastPeak=0.00000 guard=0.060 activeAge=-1.000 pitch=-1.00Hz pitchCents=0.0
2025-12-14 07:54:45 [tracker] [s5] onset t=51.390 env=0.00174 gate=0.00015 envDelta=0.00159 envFloor=0.00107 onset=1.384 thresh=0.016 onsetDelta=1.36761 baseline=0.00071 adaptive=0.00179 lastPeak=0.00000 guard=0.060 activeAge=-1.000 pitch=-1.00Hz pitchCents=0.0
2025-12-14 07:54:45 [tracker] [s1] aubio-raw t=51.4539 onset=1.025881 env=0.001066 peak=0.002727 gain=1.000
2025-12-14 07:54:45 [tracker] [s1] onset-accepted t=51.4539 env=0.001066 gate=0.000023 envDelta=0.001043 envFloor=0.000615 onset=1.025881 thresh=0.006000 onsetDelta=1.019881 baseline=0.000410 floor=0.000180 adapt=0.001024 lastPeak=0.000000 baseParam=0.000180 gateRatio=0.0550 envParam=0.000450 onsetScale=0.300 retriggerScale=1.400 guard=0.060 guardRemain=0.000 activeAge=-1.000 retrigRemain=0.000 pitchHz=381.00 pitchCents=2650.7
2025-12-14 07:54:45 [tracker] [s1] onset t=51.454 env=0.00107 gate=0.00002 envDelta=0.00104 envFloor=0.00061 onset=1.026 thresh=0.006 onsetDelta=1.01988 baseline=0.00041 adaptive=0.00102 lastPeak=0.00000 guard=0.060 activeAge=-1.000 pitch=381.00Hz pitchCents=2650.7
2025-12-14 07:54:45 [tracker] [s5] onset t=51.489 env=0.00157 gate=0.00015 envDelta=0.00142 envFloor=0.00109 onset=1.024 thresh=0.016 onsetDelta=1.00842 baseline=0.00073 adaptive=0.00182 lastPeak=0.00000 guard=0.060 activeAge=-1.000 pitch=-1.00Hz pitchCents=0.0
2025-12-14 07:54:45 [tracker] [s6] onset t=51.494 env=0.00185 gate=0.00022 envDelta=0.00163 envFloor=0.00132 onset=1.024 thresh=0.018 onsetDelta=1.00612 baseline=0.00088 adaptive=0.00220 lastPeak=0.00000 guard=0.060 activeAge=-1.000 pitch=-1.00Hz pitchCents=0.0
2025-12-14 07:54:45 [tracker] [s4] onset t=51.515 env=0.00148 gate=0.00012 envDelta=0.00136 envFloor=0.00103 onset=0.973 thresh=0.014 onsetDelta=0.95926 baseline=0.00069 adaptive=0.00172 lastPeak=0.00000 guard=0.060 activeAge=-1.000 pitch=-1.00Hz pitchCents=0.0
2025-12-14 07:54:45 [tracker] [s1] aubio-raw t=51.5419 onset=0.785145 env=0.000767 peak=0.001953 gain=1.000
2025-12-14 07:54:45 [tracker] [s1] onset-accepted t=51.5419 env=0.000767 gate=0.000022 envDelta=0.000745 envFloor=0.000604 onset=0.785145 thresh=0.006000 onsetDelta=0.779145 baseline=0.000403 floor=0.000180 adapt=0.001006 lastPeak=0.000000 baseParam=0.000180 gateRatio=0.0550 envParam=0.000450 onsetScale=0.300 retriggerScale=1.400 guard=0.060 guardRemain=0.000 activeAge=-1.000 retrigRemain=0.000 pitchHz=571.56 pitchCents=3352.9
2025-12-14 07:54:45 [tracker] [s1] onset t=51.542 env=0.00077 gate=0.00002 envDelta=0.00074 envFloor=0.00060 onset=0.785 thresh=0.006 onsetDelta=0.77915 baseline=0.00040 adaptive=0.00101 lastPeak=0.00000 guard=0.060 activeAge=-1.000 pitch=571.56Hz pitchCents=3352.9
2025-12-14 07:54:45 [tracker] [s1] note-start t=51.542 fret=2 midi=42 vel=0.01 env=0.00077
2025-12-14 07:54:45 [tracker] [s5] onset t=51.571 env=0.00181 gate=0.00015 envDelta=0.00166 envFloor=0.00110 onset=0.996 thresh=0.016 onsetDelta=0.98044 baseline=0.00073 adaptive=0.00183 lastPeak=0.00000 guard=0.060 activeAge=-1.000 pitch=-1.00Hz pitchCents=0.0
2025-12-14 07:54:45 [tracker] [s2] onset t=51.678 env=0.00143 gate=0.00001 envDelta=0.00142 envFloor=0.00101 onset=1.019 thresh=0.009 onsetDelta=1.01019 baseline=0.00068 adaptive=0.00169 lastPeak=0.00000 guard=0.060 activeAge=-1.000 pitch=333.35Hz pitchCents=1919.4
2025-12-14 07:54:45 [tracker] [s3] onset t=51.707 env=0.00141 gate=0.00008 envDelta=0.00133 envFloor=0.00090 onset=0.633 thresh=0.012 onsetDelta=0.62137 baseline=0.00060 adaptive=0.00151 lastPeak=0.00000 guard=0.060 activeAge=-1.000 pitch=-1.00Hz pitchCents=0.0
2025-12-14 07:54:45 [tracker] [s4] onset t=51.734 env=0.00195 gate=0.00012 envDelta=0.00184 envFloor=0.00102 onset=1.164 thresh=0.014 onsetDelta=1.14988 baseline=0.00068 adaptive=0.00170 lastPeak=0.00000 guard=0.060 activeAge=-1.000 pitch=-1.00Hz pitchCents=0.0
2025-12-14 07:54:45 [tracker] [s6] onset t=51.739 env=0.00199 gate=0.00021 envDelta=0.00178 envFloor=0.00126 onset=1.062 thresh=0.018 onsetDelta=1.04390 baseline=0.00084 adaptive=0.00210 lastPeak=0.00000 guard=0.060 activeAge=-1.000 pitch=-1.00Hz pitchCents=0.0
2025-12-14 07:54:45 [tracker] [s1] aubio-raw t=51.7579 onset=0.683656 env=0.000903 peak=0.002129 gain=1.000
2025-12-14 07:54:45 [tracker] [s1] onset-accepted t=51.7579 env=0.000903 gate=0.000025 envDelta=0.000878 envFloor=0.000637 onset=0.683656 thresh=0.006000 onsetDelta=0.677656 baseline=0.000460 floor=0.000180 adapt=0.001062 lastPeak=0.000511 baseParam=0.000180 gateRatio=0.0550 envParam=0.000450 onsetScale=0.300 retriggerScale=1.400 guard=0.060 guardRemain=0.000 activeAge=0.216 retrigRemain=0.004 pitchHz=-1.00 pitchCents=0.0
2025-12-14 07:54:45 [tracker] [s1] onset t=51.758 env=0.00090 gate=0.00003 envDelta=0.00088 envFloor=0.00064 onset=0.684 thresh=0.006 onsetDelta=0.67766 baseline=0.00046 adaptive=0.00106 lastPeak=0.00051 guard=0.060 activeAge=0.216 pitch=-1.00Hz pitchCents=0.0
2025-12-14 07:54:45 [tracker] [s1] note-ended (new onset) t=51.758 fret=2 dur=0.216
2025-12-14 07:54:46 [tracker] [s2] onset t=51.910 env=0.00160 gate=0.00001 envDelta=0.00159 envFloor=0.00105 onset=0.928 thresh=0.009 onsetDelta=0.91907 baseline=0.00070 adaptive=0.00175 lastPeak=0.00000 guard=0.060 activeAge=-1.000 pitch=-1.00Hz pitchCents=0.0
2025-12-14 07:54:46 [tracker] [s4] onset t=51.921 env=0.00157 gate=0.00011 envDelta=0.00146 envFloor=0.00097 onset=0.854 thresh=0.014 onsetDelta=0.84003 baseline=0.00065 adaptive=0.00162 lastPeak=0.00000 guard=0.060 activeAge=-1.000 pitch=-1.00Hz pitchCents=0.0
2025-12-14 07:54:46 [tracker] [s5] onset t=51.961 env=0.00191 gate=0.00015 envDelta=0.00176 envFloor=0.00105 onset=0.955 thresh=0.016 onsetDelta=0.93914 baseline=0.00070 adaptive=0.00175 lastPeak=0.00000 guard=0.060 activeAge=-1.000 pitch=-1.00Hz pitchCents=0.0
2025-12-14 07:54:46 [tracker] [s4] onset t=52.275 env=0.00168 gate=0.00012 envDelta=0.00156 envFloor=0.00102 onset=0.786 thresh=0.014 onsetDelta=0.77196 baseline=0.00068 adaptive=0.00170 lastPeak=0.00000 guard=0.060 activeAge=-1.000 pitch=-1.00Hz pitchCents=0.0
2025-12-14 07:54:46 [tracker] [s2] onset t=52.334 env=0.00136 gate=0.00001 envDelta=0.00135 envFloor=0.00100 onset=0.623 thresh=0.009 onsetDelta=0.61449 baseline=0.00066 adaptive=0.00166 lastPeak=0.00000 guard=0.060 activeAge=-1.000 pitch=444.33Hz pitchCents=2416.9
2025-12-14 07:54:46 [tracker] [s4] onset t=52.371 env=0.00133 gate=0.00011 envDelta=0.00122 envFloor=0.00099 onset=0.870 thresh=0.014 onsetDelta=0.85555 baseline=0.00066 adaptive=0.00164 lastPeak=0.00000 guard=0.060 activeAge=-1.000 pitch=-1.00Hz pitchCents=0.0
2025-12-14 07:54:46 [tracker] [s2] onset t=52.419 env=0.00131 gate=0.00001 envDelta=0.00130 envFloor=0.00095 onset=1.389 thresh=0.009 onsetDelta=1.37981 baseline=0.00063 adaptive=0.00158 lastPeak=0.00000 guard=0.060 activeAge=-1.000 pitch=-1.00Hz pitchCents=0.0
2025-12-14 07:54:46 [tracker] [s5] onset t=52.457 env=0.00175 gate=0.00015 envDelta=0.00161 envFloor=0.00104 onset=1.003 thresh=0.016 onsetDelta=0.98670 baseline=0.00069 adaptive=0.00174 lastPeak=0.00000 guard=0.060 activeAge=-1.000 pitch=-1.00Hz pitchCents=0.0
2025-12-14 07:54:46 [tracker] [s3] onset t=52.470 env=0.00188 gate=0.00008 envDelta=0.00180 envFloor=0.00097 onset=0.994 thresh=0.012 onsetDelta=0.98193 baseline=0.00064 adaptive=0.00161 lastPeak=0.00000 guard=0.060 activeAge=-1.000 pitch=-1.00Hz pitchCents=0.0
2025-12-14 07:54:46 [tracker] [s2] onset t=52.494 env=0.00207 gate=0.00001 envDelta=0.00206 envFloor=0.00102 onset=1.055 thresh=0.009 onsetDelta=1.04597 baseline=0.00068 adaptive=0.00170 lastPeak=0.00000 guard=0.060 activeAge=-1.000 pitch=-1.00Hz pitchCents=0.0
2025-12-14 07:54:46 [tracker] [s5] onset t=52.537 env=0.00203 gate=0.00016 envDelta=0.00186 envFloor=0.00116 onset=0.991 thresh=0.016 onsetDelta=0.97483 baseline=0.00077 adaptive=0.00194 lastPeak=0.00000 guard=0.060 activeAge=-1.000 pitch=-1.00Hz pitchCents=0.0
2025-12-14 07:54:46 [tracker] [s3] onset t=52.593 env=0.00145 gate=0.00008 envDelta=0.00137 envFloor=0.00096 onset=1.137 thresh=0.012 onsetDelta=1.12499 baseline=0.00064 adaptive=0.00160 lastPeak=0.00000 guard=0.060 activeAge=-1.000 pitch=-1.00Hz pitchCents=0.0
2025-12-14 07:54:46 [tracker] [s1] aubio-raw t=52.8378 onset=0.996026 env=0.000913 peak=0.002116 gain=1.000
2025-12-14 07:54:46 [tracker] [s1] onset-accepted t=52.8378 env=0.000913 gate=0.000020 envDelta=0.000893 envFloor=0.000546 onset=0.996026 thresh=0.006000 onsetDelta=0.990026 baseline=0.000364 floor=0.000180 adapt=0.000911 lastPeak=0.000067 baseParam=0.000180 gateRatio=0.0550 envParam=0.000450 onsetScale=0.300 retriggerScale=1.400 guard=0.060 guardRemain=0.000 activeAge=-1.000 retrigRemain=0.000 pitchHz=296.30 pitchCents=2215.5
2025-12-14 07:54:46 [tracker] [s1] onset t=52.838 env=0.00091 gate=0.00002 envDelta=0.00089 envFloor=0.00055 onset=0.996 thresh=0.006 onsetDelta=0.99003 baseline=0.00036 adaptive=0.00091 lastPeak=0.00007 guard=0.060 activeAge=-1.000 pitch=296.30Hz pitchCents=2215.5
2025-12-14 07:54:47 [tracker] [s4] onset t=52.966 env=0.00186 gate=0.00012 envDelta=0.00174 envFloor=0.00103 onset=0.979 thresh=0.014 onsetDelta=0.96474 baseline=0.00069 adaptive=0.00172 lastPeak=0.00000 guard=0.060 activeAge=-1.000 pitch=-1.00Hz pitchCents=0.0
2025-12-14 07:54:47 [tracker] [s5] onset t=52.966 env=0.00182 gate=0.00015 envDelta=0.00167 envFloor=0.00110 onset=0.988 thresh=0.016 onsetDelta=0.97205 baseline=0.00073 adaptive=0.00183 lastPeak=0.00000 guard=0.060 activeAge=-1.000 pitch=-1.00Hz pitchCents=0.0
2025-12-14 07:54:47 [tracker] [s6] onset t=52.987 env=0.00224 gate=0.00022 envDelta=0.00202 envFloor=0.00132 onset=1.412 thresh=0.018 onsetDelta=1.39371 baseline=0.00088 adaptive=0.00220 lastPeak=0.00000 guard=0.060 activeAge=-1.000 pitch=-1.00Hz pitchCents=0.0
2025-12-14 07:54:47 [tracker] [s1] aubio-raw t=53.1632 onset=0.594599 env=0.000773 peak=0.001856 gain=1.000
2025-12-14 07:54:47 [tracker] [s1] onset-accepted t=53.1632 env=0.000773 gate=0.000025 envDelta=0.000748 envFloor=0.000694 onset=0.594599 thresh=0.006000 onsetDelta=0.588599 baseline=0.000463 floor=0.000180 adapt=0.001157 lastPeak=0.000036 baseParam=0.000180 gateRatio=0.0550 envParam=0.000450 onsetScale=0.300 retriggerScale=1.400 guard=0.060 guardRemain=0.000 activeAge=-1.000 retrigRemain=0.000 pitchHz=-1.00 pitchCents=0.0
2025-12-14 07:54:47 [tracker] [s5] onset t=53.382 env=0.00182 gate=0.00016 envDelta=0.00166 envFloor=0.00112 onset=1.063 thresh=0.016 onsetDelta=1.04666 baseline=0.00075 adaptive=0.00187 lastPeak=0.00000 guard=0.060 activeAge=-1.000 pitch=-1.00Hz pitchCents=0.0
2025-12-14 07:54:47 [tracker] [s1] aubio-raw t=53.4805 onset=1.131506 env=0.000895 peak=0.001802 gain=1.000
2025-12-14 07:54:47 [tracker] [s1] onset-accepted t=53.4805 env=0.000895 gate=0.000024 envDelta=0.000871 envFloor=0.000654 onset=1.131506 thresh=0.006000 onsetDelta=1.125506 baseline=0.000436 floor=0.000180 adapt=0.001090 lastPeak=0.000020 baseParam=0.000180 gateRatio=0.0550 envParam=0.000450 onsetScale=0.300 retriggerScale=1.400 guard=0.060 guardRemain=0.000 activeAge=-1.000 retrigRemain=0.000 pitchHz=94.12 pitchCents=230.0
2025-12-14 07:54:47 [tracker] [s1] onset t=53.480 env=0.00089 gate=0.00002 envDelta=0.00087 envFloor=0.00065 onset=1.132 thresh=0.006 onsetDelta=1.12551 baseline=0.00044 adaptive=0.00109 lastPeak=0.00002 guard=0.060 activeAge=-1.000 pitch=94.12Hz pitchCents=230.0
2025-12-14 07:54:47 [tracker] [s3] onset t=53.595 env=0.00101 gate=0.00007 envDelta=0.00093 envFloor=0.00086 onset=0.995 thresh=0.012 onsetDelta=0.98319 baseline=0.00058 adaptive=0.00144 lastPeak=0.00000 guard=0.060 activeAge=-1.000 pitch=-1.00Hz pitchCents=0.0
2025-12-14 07:54:47 [tracker] [s4] onset t=53.598 env=0.00183 gate=0.00011 envDelta=0.00172 envFloor=0.00099 onset=0.994 thresh=0.014 onsetDelta=0.97965 baseline=0.00066 adaptive=0.00164 lastPeak=0.00000 guard=0.060 activeAge=-1.000 pitch=-1.00Hz pitchCents=0.0
2025-12-14 07:54:47 [tracker] [s1] aubio-raw t=53.6005 onset=0.776641 env=0.000722 peak=0.001700 gain=1.000
2025-12-14 07:54:47 [tracker] [s1] onset-accepted t=53.6005 env=0.000722 gate=0.000023 envDelta=0.000699 envFloor=0.000630 onset=0.776641 thresh=0.006000 onsetDelta=0.770641 baseline=0.000420 floor=0.000180 adapt=0.001051 lastPeak=0.000016 baseParam=0.000180 gateRatio=0.0550 envParam=0.000450 onsetScale=0.300 retriggerScale=1.400 guard=0.060 guardRemain=0.000 activeAge=-1.000 retrigRemain=0.000 pitchHz=-1.00 pitchCents=0.0
2025-12-14 07:54:47 [tracker] [s1] onset t=53.600 env=0.00072 gate=0.00002 envDelta=0.00070 envFloor=0.00063 onset=0.777 thresh=0.006 onsetDelta=0.77064 baseline=0.00042 adaptive=0.00105 lastPeak=0.00002 guard=0.060 activeAge=-1.000 pitch=-1.00Hz pitchCents=0.0
2025-12-14 07:54:47 [tracker] [s2] onset t=53.654 env=0.00155 gate=0.00001 envDelta=0.00154 envFloor=0.00094 onset=0.784 thresh=0.009 onsetDelta=0.77540 baseline=0.00063 adaptive=0.00156 lastPeak=0.00000 guard=0.060 activeAge=-1.000 pitch=-1.00Hz pitchCents=0.0
2025-12-14 07:54:47 [tracker] [s1] aubio-raw t=53.7018 onset=0.995013 env=0.001059 peak=0.001993 gain=1.000
2025-12-14 07:54:47 [tracker] [s1] onset-accepted t=53.7018 env=0.001059 gate=0.000024 envDelta=0.001035 envFloor=0.000661 onset=0.995013 thresh=0.006000 onsetDelta=0.989013 baseline=0.000441 floor=0.000180 adapt=0.001101 lastPeak=0.000013 baseParam=0.000180 gateRatio=0.0550 envParam=0.000450 onsetScale=0.300 retriggerScale=1.400 guard=0.060 guardRemain=0.000 activeAge=-1.000 retrigRemain=0.000 pitchHz=-1.00 pitchCents=0.0
2025-12-14 07:54:47 [tracker] [s1] onset t=53.702 env=0.00106 gate=0.00002 envDelta=0.00103 envFloor=0.00066 onset=0.995 thresh=0.006 onsetDelta=0.98901 baseline=0.00044 adaptive=0.00110 lastPeak=0.00001 guard=0.060 activeAge=-1.000 pitch=-1.00Hz pitchCents=0.0
2025-12-14 07:54:47 [tracker] [s2] onset t=53.736 env=0.00207 gate=0.00001 envDelta=0.00206 envFloor=0.00097 onset=0.998 thresh=0.009 onsetDelta=0.98892 baseline=0.00065 adaptive=0.00161 lastPeak=0.00000 guard=0.060 activeAge=-1.000 pitch=-1.00Hz pitchCents=0.0
2025-12-14 07:54:47 [tracker] [s5] onset t=53.792 env=0.00185 gate=0.00016 envDelta=0.00169 envFloor=0.00112 onset=0.996 thresh=0.016 onsetDelta=0.98040 baseline=0.00074 adaptive=0.00186 lastPeak=0.00000 guard=0.060 activeAge=-1.000 pitch=-1.00Hz pitchCents=0.0
2025-12-14 07:54:47 [tracker] [s1] aubio-raw t=53.8404 onset=0.996936 env=0.000958 peak=0.002134 gain=1.000
2025-12-14 07:54:47 [tracker] [s1] onset-accepted t=53.8404 env=0.000958 gate=0.000025 envDelta=0.000933 envFloor=0.000680 onset=0.996936 thresh=0.006000 onsetDelta=0.990936 baseline=0.000453 floor=0.000180 adapt=0.001133 lastPeak=0.000010 baseParam=0.000180 gateRatio=0.0550 envParam=0.000450 onsetScale=0.300 retriggerScale=1.400 guard=0.060 guardRemain=0.000 activeAge=-1.000 retrigRemain=0.000 pitchHz=94.11 pitchCents=229.9
2025-12-14 07:54:47 [tracker] [s1] onset t=53.840 env=0.00096 gate=0.00002 envDelta=0.00093 envFloor=0.00068 onset=0.997 thresh=0.006 onsetDelta=0.99094 baseline=0.00045 adaptive=0.00113 lastPeak=0.00001 guard=0.060 activeAge=-1.000 pitch=94.11Hz pitchCents=229.9
2025-12-14 07:54:47 [tracker] [s6] onset t=53.891 env=0.00172 gate=0.00020 envDelta=0.00152 envFloor=0.00118 onset=0.988 thresh=0.018 onsetDelta=0.97031 baseline=0.00079 adaptive=0.00197 lastPeak=0.00000 guard=0.060 activeAge=-1.000 pitch=-1.00Hz pitchCents=0.0
2025-12-14 07:54:48 [tracker] [s4] onset t=53.926 env=0.00147 gate=0.00011 envDelta=0.00136 envFloor=0.00099 onset=1.481 thresh=0.014 onsetDelta=1.46696 baseline=0.00066 adaptive=0.00165 lastPeak=0.00000 guard=0.060 activeAge=-1.000 pitch=-1.00Hz pitchCents=0.0
2025-12-14 07:54:48 [tracker] [s6] onset t=53.976 env=0.00190 gate=0.00019 envDelta=0.00171 envFloor=0.00114 onset=1.010 thresh=0.018 onsetDelta=0.99154 baseline=0.00076 adaptive=0.00190 lastPeak=0.00000 guard=0.060 activeAge=-1.000 pitch=-1.00Hz pitchCents=0.0
2025-12-14 07:54:48 [tracker] [s2] onset t=53.984 env=0.00153 gate=0.00001 envDelta=0.00152 envFloor=0.00098 onset=1.022 thresh=0.009 onsetDelta=1.01265 baseline=0.00065 adaptive=0.00164 lastPeak=0.00000 guard=0.060 activeAge=-1.000 pitch=470.61Hz pitchCents=2516.4
2025-12-14 07:54:48 [tracker] [s3] onset t=54.054 env=0.00163 gate=0.00008 envDelta=0.00155 envFloor=0.00095 onset=0.993 thresh=0.012 onsetDelta=0.98172 baseline=0.00063 adaptive=0.00158 lastPeak=0.00000 guard=0.060 activeAge=-1.000 pitch=-1.00Hz pitchCents=0.0
2025-12-14 07:54:48 [tracker] [s1] aubio-raw t=54.0804 onset=1.012079 env=0.001043 peak=0.002338 gain=1.000
2025-12-14 07:54:48 [tracker] [s1] onset-accepted t=54.0804 env=0.001043 gate=0.000024 envDelta=0.001019 envFloor=0.000651 onset=1.012079 thresh=0.006000 onsetDelta=1.006079 baseline=0.000434 floor=0.000180 adapt=0.001085 lastPeak=0.000006 baseParam=0.000180 gateRatio=0.0550 envParam=0.000450 onsetScale=0.300 retriggerScale=1.400 guard=0.060 guardRemain=0.000 activeAge=-1.000 retrigRemain=0.000 pitchHz=-1.00 pitchCents=0.0
2025-12-14 07:54:48 [tracker] [s1] onset t=54.080 env=0.00104 gate=0.00002 envDelta=0.00102 envFloor=0.00065 onset=1.012 thresh=0.006 onsetDelta=1.00608 baseline=0.00043 adaptive=0.00108 lastPeak=0.00001 guard=0.060 activeAge=-1.000 pitch=-1.00Hz pitchCents=0.0
2025-12-14 07:54:48 [tracker] [s5] onset t=54.139 env=0.00179 gate=0.00016 envDelta=0.00164 envFloor=0.00113 onset=1.330 thresh=0.016 onsetDelta=1.31414 baseline=0.00075 adaptive=0.00188 lastPeak=0.00000 guard=0.060 activeAge=-1.000 pitch=-1.00Hz pitchCents=0.0
2025-12-14 07:54:48 [tracker] [s5] onset t=54.235 env=0.00181 gate=0.00015 envDelta=0.00166 envFloor=0.00107 onset=0.734 thresh=0.016 onsetDelta=0.71803 baseline=0.00071 adaptive=0.00178 lastPeak=0.00000 guard=0.060 activeAge=-1.000 pitch=-1.00Hz pitchCents=0.0
2025-12-14 07:54:48 [tracker] [s2] onset t=54.256 env=0.00130 gate=0.00001 envDelta=0.00129 envFloor=0.00108 onset=0.999 thresh=0.009 onsetDelta=0.99027 baseline=0.00072 adaptive=0.00180 lastPeak=0.00000 guard=0.060 activeAge=-1.000 pitch=-1.00Hz pitchCents=0.0
2025-12-14 07:54:48 [tracker] [s6] onset t=54.363 env=0.00186 gate=0.00020 envDelta=0.00166 envFloor=0.00118 onset=1.353 thresh=0.018 onsetDelta=1.33548 baseline=0.00079 adaptive=0.00196 lastPeak=0.00000 guard=0.060 activeAge=-1.000 pitch=-1.00Hz pitchCents=0.0
2025-12-14 07:54:48 [tracker] [s3] onset t=54.398 env=0.00113 gate=0.00008 envDelta=0.00105 envFloor=0.00091 onset=0.950 thresh=0.012 onsetDelta=0.93844 baseline=0.00061 adaptive=0.00151 lastPeak=0.00000 guard=0.060 activeAge=-1.000 pitch=-1.00Hz pitchCents=0.0
2025-12-14 07:54:48 [tracker] [s6] onset t=54.486 env=0.00193 gate=0.00022 envDelta=0.00171 envFloor=0.00133 onset=1.089 thresh=0.018 onsetDelta=1.07145 baseline=0.00089 adaptive=0.00221 lastPeak=0.00000 guard=0.060 activeAge=-1.000 pitch=-1.00Hz pitchCents=0.0
2025-12-14 07:54:48 [tracker] [s2] onset t=54.512 env=0.00186 gate=0.00001 envDelta=0.00185 envFloor=0.00101 onset=0.994 thresh=0.009 onsetDelta=0.98516 baseline=0.00067 adaptive=0.00168 lastPeak=0.00000 guard=0.060 activeAge=-1.000 pitch=-1.00Hz pitchCents=0.0
2025-12-14 07:54:48 [tracker] [s4] onset t=54.590 env=0.00150 gate=0.00011 envDelta=0.00139 envFloor=0.00100 onset=1.166 thresh=0.014 onsetDelta=1.15223 baseline=0.00067 adaptive=0.00167 lastPeak=0.00000 guard=0.060 activeAge=-1.000 pitch=-1.00Hz pitchCents=0.0
2025-12-14 07:54:48 [tracker] [s6] onset t=54.614 env=0.00191 gate=0.00021 envDelta=0.00170 envFloor=0.00127 onset=1.003 thresh=0.018 onsetDelta=0.98510 baseline=0.00085 adaptive=0.00211 lastPeak=0.00000 guard=0.060 activeAge=-1.000 pitch=-1.00Hz pitchCents=0.0
2025-12-14 07:54:48 [tracker] [s5] onset t=54.723 env=0.00146 gate=0.00014 envDelta=0.00132 envFloor=0.00102 onset=1.108 thresh=0.016 onsetDelta=1.09173 baseline=0.00068 adaptive=0.00169 lastPeak=0.00000 guard=0.060 activeAge=-1.000 pitch=-1.00Hz pitchCents=0.0
2025-12-14 07:54:48 [tracker] [s2] onset t=54.760 env=0.00191 gate=0.00001 envDelta=0.00190 envFloor=0.00111 onset=1.186 thresh=0.009 onsetDelta=1.17721 baseline=0.00074 adaptive=0.00185 lastPeak=0.00000 guard=0.060 activeAge=-1.000 pitch=347.81Hz pitchCents=1992.9
2025-12-14 07:54:48 [tracker] [s6] onset t=54.806 env=0.00191 gate=0.00020 envDelta=0.00170 envFloor=0.00122 onset=1.083 thresh=0.018 onsetDelta=1.06545 baseline=0.00081 adaptive=0.00203 lastPeak=0.00000 guard=0.060 activeAge=-1.000 pitch=-1.00Hz pitchCents=0.0
2025-12-14 07:54:48 [tracker] [s1] aubio-raw t=54.8110 onset=0.964282 env=0.000829 peak=0.002214 gain=1.000
2025-12-14 07:54:48 [tracker] [s1] onset-accepted t=54.8110 env=0.000829 gate=0.000023 envDelta=0.000806 envFloor=0.000615 onset=0.964282 thresh=0.006000 onsetDelta=0.958282 baseline=0.000410 floor=0.000180 adapt=0.001026 lastPeak=0.000002 baseParam=0.000180 gateRatio=0.0550 envParam=0.000450 onsetScale=0.300 retriggerScale=1.400 guard=0.060 guardRemain=0.000 activeAge=-1.000 retrigRemain=0.000 pitchHz=363.63 pitchCents=2570.0
2025-12-14 07:54:48 [tracker] [s1] onset t=54.811 env=0.00083 gate=0.00002 envDelta=0.00081 envFloor=0.00062 onset=0.964 thresh=0.006 onsetDelta=0.95828 baseline=0.00041 adaptive=0.00103 lastPeak=0.00000 guard=0.060 activeAge=-1.000 pitch=363.63Hz pitchCents=2570.0
2025-12-14 07:54:48 [tracker] [s3] onset t=54.835 env=0.00153 gate=0.00008 envDelta=0.00144 envFloor=0.00097 onset=0.850 thresh=0.012 onsetDelta=0.83830 baseline=0.00065 adaptive=0.00162 lastPeak=0.00000 guard=0.060 activeAge=-1.000 pitch=-1.00Hz pitchCents=0.0
2025-12-14 07:54:48 [tracker] [s6] onset t=54.880 env=0.00196 gate=0.00022 envDelta=0.00175 envFloor=0.00129 onset=0.995 thresh=0.018 onsetDelta=0.97663 baseline=0.00086 adaptive=0.00215 lastPeak=0.00000 guard=0.060 activeAge=-1.000 pitch=-1.00Hz pitchCents=0.0
2025-12-14 07:54:49 [tracker] [s1] aubio-raw t=54.9337 onset=0.778872 env=0.001006 peak=0.002065 gain=1.000
2025-12-14 07:54:49 [tracker] [s1] onset-accepted t=54.9337 env=0.001006 gate=0.000022 envDelta=0.000984 envFloor=0.000588 onset=0.778872 thresh=0.006000 onsetDelta=0.772872 baseline=0.000392 floor=0.000180 adapt=0.000980 lastPeak=0.000001 baseParam=0.000180 gateRatio=0.0550 envParam=0.000450 onsetScale=0.300 retriggerScale=1.400 guard=0.060 guardRemain=0.000 activeAge=-1.000 retrigRemain=0.000 pitchHz=-1.00 pitchCents=0.0
2025-12-14 07:54:49 [tracker] [s1] onset t=54.934 env=0.00101 gate=0.00002 envDelta=0.00098 envFloor=0.00059 onset=0.779 thresh=0.006 onsetDelta=0.77287 baseline=0.00039 adaptive=0.00098 lastPeak=0.00000 guard=0.060 activeAge=-1.000 pitch=-1.00Hz pitchCents=0.0
2025-12-14 07:54:49 [tracker] [s3] onset t=54.974 env=0.00120 gate=0.00008 envDelta=0.00112 envFloor=0.00090 onset=0.894 thresh=0.012 onsetDelta=0.88202 baseline=0.00060 adaptive=0.00150 lastPeak=0.00000 guard=0.060 activeAge=-1.000 pitch=-1.00Hz pitchCents=0.0
2025-12-14 07:54:49 [tracker] [s4] onset t=55.067 env=0.00160 gate=0.00011 envDelta=0.00149 envFloor=0.00095 onset=1.471 thresh=0.014 onsetDelta=1.45742 baseline=0.00063 adaptive=0.00158 lastPeak=0.00000 guard=0.060 activeAge=-1.000 pitch=-1.00Hz pitchCents=0.0
2025-12-14 07:54:49 [tracker] [s3] onset t=55.163 env=0.00145 gate=0.00008 envDelta=0.00137 envFloor=0.00090 onset=1.429 thresh=0.012 onsetDelta=1.41690 baseline=0.00060 adaptive=0.00150 lastPeak=0.00000 guard=0.060 activeAge=-1.000 pitch=-1.00Hz pitchCents=0.0
2025-12-14 07:54:49 [tracker] [s1] aubio-raw t=55.2057 onset=1.384413 env=0.000863 peak=0.002232 gain=1.000
2025-12-14 07:54:49 [tracker] [s1] onset-accepted t=55.2057 env=0.000863 gate=0.000024 envDelta=0.000839 envFloor=0.000645 onset=1.384413 thresh=0.006000 onsetDelta=1.378413 baseline=0.000430 floor=0.000180 adapt=0.001074 lastPeak=0.000001 baseParam=0.000180 gateRatio=0.0550 envParam=0.000450 onsetScale=0.300 retriggerScale=1.400 guard=0.060 guardRemain=0.000 activeAge=-1.000 retrigRemain=0.000 pitchHz=216.20 pitchCents=1669.9
2025-12-14 07:54:49 [tracker] [s1] onset t=55.206 env=0.00086 gate=0.00002 envDelta=0.00084 envFloor=0.00064 onset=1.384 thresh=0.006 onsetDelta=1.37841 baseline=0.00043 adaptive=0.00107 lastPeak=0.00000 guard=0.060 activeAge=-1.000 pitch=216.20Hz pitchCents=1669.9
2025-12-14 07:54:49 [tracker] [s1] note-start t=55.206 fret=17 midi=57 vel=0.01 env=0.00086
2025-12-14 07:54:49 [tracker] [s6] onset t=55.206 env=0.00189 gate=0.00021 envDelta=0.00168 envFloor=0.00126 onset=0.606 thresh=0.018 onsetDelta=0.58763 baseline=0.00084 adaptive=0.00210 lastPeak=0.00000 guard=0.060 activeAge=-1.000 pitch=-1.00Hz pitchCents=0.0
2025-12-14 07:54:49 [tracker] [s6] onset t=55.366 env=0.00181 gate=0.00020 envDelta=0.00161 envFloor=0.00121 onset=1.093 thresh=0.018 onsetDelta=1.07460 baseline=0.00081 adaptive=0.00202 lastPeak=0.00000 guard=0.060 activeAge=-1.000 pitch=-1.00Hz pitchCents=0.0
2025-12-14 07:54:49 [tracker] [s2] onset t=55.454 env=0.00139 gate=0.00001 envDelta=0.00138 envFloor=0.00101 onset=0.690 thresh=0.009 onsetDelta=0.68092 baseline=0.00067 adaptive=0.00169 lastPeak=0.00000 guard=0.060 activeAge=-1.000 pitch=-1.00Hz pitchCents=0.0
2025-12-14 07:54:49 [tracker] [s1] aubio-raw t=55.5097 onset=1.020389 env=0.000952 peak=0.002663 gain=1.000
2025-12-14 07:54:49 [tracker] [s1] onset-accepted t=55.5097 env=0.000952 gate=0.000024 envDelta=0.000928 envFloor=0.000650 onset=1.020389 thresh=0.006000 onsetDelta=1.014389 baseline=0.000438 floor=0.000180 adapt=0.001083 lastPeak=0.000487 baseParam=0.000180 gateRatio=0.0550 envParam=0.000450 onsetScale=0.300 retriggerScale=1.400 guard=0.060 guardRemain=0.000 activeAge=0.304 retrigRemain=0.000 pitchHz=-1.00 pitchCents=0.0
2025-12-14 07:54:49 [tracker] [s1] onset t=55.510 env=0.00095 gate=0.00002 envDelta=0.00093 envFloor=0.00065 onset=1.020 thresh=0.006 onsetDelta=1.01439 baseline=0.00044 adaptive=0.00108 lastPeak=0.00049 guard=0.060 activeAge=0.304 pitch=-1.00Hz pitchCents=0.0
2025-12-14 07:54:49 [tracker] [s1] note-ended (new onset) t=55.510 fret=17 dur=0.304
2025-12-14 07:54:49 [tracker] [s6] onset t=55.512 env=0.00179 gate=0.00019 envDelta=0.00159 envFloor=0.00116 onset=0.850 thresh=0.018 onsetDelta=0.83232 baseline=0.00077 adaptive=0.00193 lastPeak=0.00000 guard=0.060 activeAge=-1.000 pitch=-1.00Hz pitchCents=0.0
2025-12-14 07:54:49 [tracker] [s2] onset t=55.600 env=0.00157 gate=0.00001 envDelta=0.00157 envFloor=0.00099 onset=1.243 thresh=0.009 onsetDelta=1.23386 baseline=0.00066 adaptive=0.00165 lastPeak=0.00000 guard=0.060 activeAge=-1.000 pitch=-1.00Hz pitchCents=0.0
2025-12-14 07:54:49 [tracker] [s3] onset t=55.686 env=0.00154 gate=0.00008 envDelta=0.00146 envFloor=0.00096 onset=1.379 thresh=0.012 onsetDelta=1.36740 baseline=0.00064 adaptive=0.00159 lastPeak=0.00000 guard=0.060 activeAge=-1.000 pitch=-1.00Hz pitchCents=0.0
2025-12-14 07:54:49 [tracker] [s5] onset t=55.726 env=0.00162 gate=0.00015 envDelta=0.00147 envFloor=0.00110 onset=0.579 thresh=0.016 onsetDelta=0.56306 baseline=0.00073 adaptive=0.00183 lastPeak=0.00000 guard=0.060 activeAge=-1.000 pitch=-1.00Hz pitchCents=0.0
2025-12-14 07:54:49 [tracker] [s4] onset t=55.763 env=0.00106 gate=0.00011 envDelta=0.00096 envFloor=0.00095 onset=1.144 thresh=0.014 onsetDelta=1.13001 baseline=0.00064 adaptive=0.00159 lastPeak=0.00000 guard=0.060 activeAge=-1.000 pitch=-1.00Hz pitchCents=0.0
2025-12-14 07:54:49 [tracker] [s3] onset t=55.768 env=0.00134 gate=0.00008 envDelta=0.00126 envFloor=0.00095 onset=0.909 thresh=0.012 onsetDelta=0.89699 baseline=0.00064 adaptive=0.00159 lastPeak=0.00000 guard=0.060 activeAge=-1.000 pitch=-1.00Hz pitchCents=0.0
2025-12-14 07:54:49 [tracker] [s6] onset t=55.814 env=0.00228 gate=0.00020 envDelta=0.00208 envFloor=0.00119 onset=0.976 thresh=0.018 onsetDelta=0.95764 baseline=0.00080 adaptive=0.00199 lastPeak=0.00000 guard=0.060 activeAge=-1.000 pitch=-1.00Hz pitchCents=0.0
2025-12-14 07:54:49 [tracker] [s4] onset t=55.824 env=0.00140 gate=0.00011 envDelta=0.00129 envFloor=0.00096 onset=1.475 thresh=0.014 onsetDelta=1.46096 baseline=0.00064 adaptive=0.00160 lastPeak=0.00000 guard=0.060 activeAge=-1.000 pitch=-1.00Hz pitchCents=0.0
2025-12-14 07:54:50 [tracker] [s3] onset t=55.910 env=0.00128 gate=0.00008 envDelta=0.00120 envFloor=0.00094 onset=0.998 thresh=0.012 onsetDelta=0.98665 baseline=0.00063 adaptive=0.00157 lastPeak=0.00000 guard=0.060 activeAge=-1.000 pitch=-1.00Hz pitchCents=0.0
2025-12-14 07:54:50 [tracker] [s4] onset t=55.912 env=0.00150 gate=0.00011 envDelta=0.00139 envFloor=0.00100 onset=1.295 thresh=0.014 onsetDelta=1.28096 baseline=0.00066 adaptive=0.00166 lastPeak=0.00000 guard=0.060 activeAge=-1.000 pitch=-1.00Hz pitchCents=0.0
2025-12-14 07:54:50 [tracker] [s1] aubio-raw t=55.9390 onset=1.346782 env=0.000503 peak=0.001408 gain=1.000
2025-12-14 07:54:50 [tracker] [s1] onset-below-env-floor t=55.9390 env=0.000503 gate=0.000024 envDelta=0.000479 envFloor=0.000652 onset=1.346782 thresh=0.006000 onsetDelta=1.340782 baseline=0.000435 floor=0.000180 adapt=0.001087 lastPeak=0.000217 baseParam=0.000180 gateRatio=0.0550 envParam=0.000450 onsetScale=0.300 retriggerScale=1.400 guard=0.060 guardRemain=0.000 activeAge=-1.000 retrigRemain=0.000 pitchHz=-1.00 pitchCents=0.0
2025-12-14 07:54:50 [tracker] [s2] onset t=55.963 env=0.00136 gate=0.00001 envDelta=0.00136 envFloor=0.00105 onset=0.763 thresh=0.009 onsetDelta=0.75445 baseline=0.00070 adaptive=0.00175 lastPeak=0.00000 guard=0.060 activeAge=-1.000 pitch=-1.00Hz pitchCents=0.0
2025-12-14 07:54:50 [tracker] [s3] onset t=55.987 env=0.00153 gate=0.00008 envDelta=0.00144 envFloor=0.00095 onset=0.991 thresh=0.012 onsetDelta=0.97896 baseline=0.00064 adaptive=0.00159 lastPeak=0.00000 guard=0.060 activeAge=-1.000 pitch=-1.00Hz pitchCents=0.0
2025-12-14 07:54:50 [tracker] [s4] onset t=55.995 env=0.00157 gate=0.00012 envDelta=0.00145 envFloor=0.00102 onset=0.994 thresh=0.014 onsetDelta=0.98018 baseline=0.00068 adaptive=0.00171 lastPeak=0.00000 guard=0.060 activeAge=-1.000 pitch=-1.00Hz pitchCents=0.0
2025-12-14 07:54:50 [tracker] [s1] aubio-raw t=56.0029 onset=1.333026 env=0.000903 peak=0.001714 gain=1.000
2025-12-14 07:54:50 [tracker] [s1] onset-accepted t=56.0029 env=0.000903 gate=0.000023 envDelta=0.000880 envFloor=0.000625 onset=1.333026 thresh=0.006000 onsetDelta=1.327026 baseline=0.000417 floor=0.000180 adapt=0.001041 lastPeak=0.000193 baseParam=0.000180 gateRatio=0.0550 envParam=0.000450 onsetScale=0.300 retriggerScale=1.400 guard=0.060 guardRemain=0.000 activeAge=-1.000 retrigRemain=0.000 pitchHz=-1.00 pitchCents=0.0
2025-12-14 07:54:50 [tracker] [s1] onset t=56.003 env=0.00090 gate=0.00002 envDelta=0.00088 envFloor=0.00062 onset=1.333 thresh=0.006 onsetDelta=1.32703 baseline=0.00042 adaptive=0.00104 lastPeak=0.00019 guard=0.060 activeAge=-1.000 pitch=-1.00Hz pitchCents=0.0
2025-12-14 07:54:50 [tracker] [s1] aubio-raw t=56.0696 onset=0.997832 env=0.001745 peak=0.003026 gain=1.000
2025-12-14 07:54:50 [tracker] [s1] onset-accepted t=56.0696 env=0.001745 gate=0.000026 envDelta=0.001720 envFloor=0.000698 onset=0.997832 thresh=0.006000 onsetDelta=0.991832 baseline=0.000465 floor=0.000180 adapt=0.001164 lastPeak=0.000170 baseParam=0.000180 gateRatio=0.0550 envParam=0.000450 onsetScale=0.300 retriggerScale=1.400 guard=0.060 guardRemain=0.000 activeAge=-1.000 retrigRemain=0.000 pitchHz=-1.00 pitchCents=0.0
2025-12-14 07:54:50 [tracker] [s1] onset t=56.070 env=0.00175 gate=0.00003 envDelta=0.00172 envFloor=0.00070 onset=0.998 thresh=0.006 onsetDelta=0.99183 baseline=0.00047 adaptive=0.00116 lastPeak=0.00017 guard=0.060 activeAge=-1.000 pitch=-1.00Hz pitchCents=0.0
2025-12-14 07:54:50 [tracker] [s5] onset t=56.166 env=0.00129 gate=0.00014 envDelta=0.00115 envFloor=0.00103 onset=1.324 thresh=0.016 onsetDelta=1.30778 baseline=0.00068 adaptive=0.00171 lastPeak=0.00000 guard=0.060 activeAge=-1.000 pitch=-1.00Hz pitchCents=0.0
2025-12-14 07:54:50 [tracker] [s2] onset t=56.211 env=0.00151 gate=0.00001 envDelta=0.00150 envFloor=0.00095 onset=1.385 thresh=0.009 onsetDelta=1.37583 baseline=0.00064 adaptive=0.00159 lastPeak=0.00000 guard=0.060 activeAge=-1.000 pitch=1334.58Hz pitchCents=4321.0
2025-12-14 07:54:50 [tracker] [s4] onset t=56.248 env=0.00151 gate=0.00011 envDelta=0.00140 envFloor=0.00094 onset=0.996 thresh=0.014 onsetDelta=0.98199 baseline=0.00062 adaptive=0.00156 lastPeak=0.00000 guard=0.060 activeAge=-1.000 pitch=-1.00Hz pitchCents=0.0
2025-12-14 07:54:50 [tracker] [s1] aubio-raw t=56.2696 onset=0.844696 env=0.001040 peak=0.001984 gain=1.000
2025-12-14 07:54:50 [tracker] [s1] onset-accepted t=56.2696 env=0.001040 gate=0.000025 envDelta=0.001016 envFloor=0.000670 onset=0.844696 thresh=0.006000 onsetDelta=0.838696 baseline=0.000447 floor=0.000180 adapt=0.001116 lastPeak=0.000117 baseParam=0.000180 gateRatio=0.0550 envParam=0.000450 onsetScale=0.300 retriggerScale=1.400 guard=0.060 guardRemain=0.000 activeAge=-1.000 retrigRemain=0.000 pitchHz=-1.00 pitchCents=0.0
2025-12-14 07:54:50 [tracker] [s1] onset t=56.270 env=0.00104 gate=0.00002 envDelta=0.00102 envFloor=0.00067 onset=0.845 thresh=0.006 onsetDelta=0.83870 baseline=0.00045 adaptive=0.00112 lastPeak=0.00012 guard=0.060 activeAge=-1.000 pitch=-1.00Hz pitchCents=0.0
2025-12-14 07:54:50 [tracker] [s4] onset t=56.318 env=0.00185 gate=0.00011 envDelta=0.00174 envFloor=0.00100 onset=1.065 thresh=0.014 onsetDelta=1.05060 baseline=0.00067 adaptive=0.00166 lastPeak=0.00000 guard=0.060 activeAge=-1.000 pitch=-1.00Hz pitchCents=0.0
2025-12-14 07:54:50 [tracker] [s3] onset t=56.470 env=0.00131 gate=0.00008 envDelta=0.00123 envFloor=0.00093 onset=0.997 thresh=0.012 onsetDelta=0.98533 baseline=0.00062 adaptive=0.00155 lastPeak=0.00000 guard=0.060 activeAge=-1.000 pitch=-1.00Hz pitchCents=0.0
2025-12-14 07:54:50 [tracker] [s1] aubio-raw t=56.5362 onset=0.751491 env=0.001303 peak=0.002967 gain=1.000
2025-12-14 07:54:50 [tracker] [s1] onset-accepted t=56.5362 env=0.001303 gate=0.000024 envDelta=0.001280 envFloor=0.000648 onset=0.751491 thresh=0.006000 onsetDelta=0.745491 baseline=0.000432 floor=0.000180 adapt=0.001081 lastPeak=0.000071 baseParam=0.000180 gateRatio=0.0550 envParam=0.000450 onsetScale=0.300 retriggerScale=1.400 guard=0.060 guardRemain=0.000 activeAge=-1.000 retrigRemain=0.000 pitchHz=363.56 pitchCents=2569.6
2025-12-14 07:54:50 [tracker] [s1] onset t=56.536 env=0.00130 gate=0.00002 envDelta=0.00128 envFloor=0.00065 onset=0.751 thresh=0.006 onsetDelta=0.74549 baseline=0.00043 adaptive=0.00108 lastPeak=0.00007 guard=0.060 activeAge=-1.000 pitch=363.56Hz pitchCents=2569.6
2025-12-14 07:54:50 [tracker] [s6] onset t=56.595 env=0.00205 gate=0.00020 envDelta=0.00185 envFloor=0.00118 onset=0.667 thresh=0.018 onsetDelta=0.64868 baseline=0.00079 adaptive=0.00197 lastPeak=0.00000 guard=0.060 activeAge=-1.000 pitch=-1.00Hz pitchCents=0.0
2025-12-14 07:54:50 [tracker] [s4] onset t=56.600 env=0.00153 gate=0.00010 envDelta=0.00143 envFloor=0.00092 onset=1.311 thresh=0.014 onsetDelta=1.29705 baseline=0.00061 adaptive=0.00153 lastPeak=0.00000 guard=0.060 activeAge=-1.000 pitch=-1.00Hz pitchCents=0.0
2025-12-14 07:54:50 [tracker] [s5] onset t=56.702 env=0.00170 gate=0.00016 envDelta=0.00154 envFloor=0.00113 onset=1.276 thresh=0.016 onsetDelta=1.26029 baseline=0.00076 adaptive=0.00189 lastPeak=0.00000 guard=0.060 activeAge=-1.000 pitch=-1.00Hz pitchCents=0.0
2025-12-14 07:54:50 [tracker] [s6] onset t=56.712 env=0.00196 gate=0.00021 envDelta=0.00175 envFloor=0.00126 onset=0.988 thresh=0.018 onsetDelta=0.97031 baseline=0.00084 adaptive=0.00210 lastPeak=0.00000 guard=0.060 activeAge=-1.000 pitch=-1.00Hz pitchCents=0.0
2025-12-14 07:54:50 [tracker] [s4] onset t=56.728 env=0.00133 gate=0.00011 envDelta=0.00122 envFloor=0.00098 onset=0.934 thresh=0.014 onsetDelta=0.92026 baseline=0.00065 adaptive=0.00163 lastPeak=0.00000 guard=0.060 activeAge=-1.000 pitch=-1.00Hz pitchCents=0.0
2025-12-14 07:54:50 [tracker] [s4] onset t=56.784 env=0.00136 gate=0.00011 envDelta=0.00124 envFloor=0.00101 onset=1.188 thresh=0.014 onsetDelta=1.17396 baseline=0.00067 adaptive=0.00168 lastPeak=0.00000 guard=0.060 activeAge=-1.000 pitch=-1.00Hz pitchCents=0.0
2025-12-14 07:54:50 [tracker] [s6] onset t=56.854 env=0.00186 gate=0.00022 envDelta=0.00164 envFloor=0.00131 onset=1.167 thresh=0.018 onsetDelta=1.14896 baseline=0.00087 adaptive=0.00218 lastPeak=0.00000 guard=0.060 activeAge=-1.000 pitch=-1.00Hz pitchCents=0.0
2025-12-14 07:54:50 [tracker] [s2] onset t=56.867 env=0.00188 gate=0.00001 envDelta=0.00188 envFloor=0.00104 onset=1.080 thresh=0.009 onsetDelta=1.07058 baseline=0.00069 adaptive=0.00173 lastPeak=0.00044 guard=0.060 activeAge=0.656 pitch=-1.00Hz pitchCents=0.0
2025-12-14 07:54:50 [tracker] [s2] note-ended (new onset) t=56.867 fret=24 dur=0.656
2025-12-14 07:54:51 [tracker] [s2] onset t=56.926 env=0.00182 gate=0.00001 envDelta=0.00182 envFloor=0.00104 onset=0.992 thresh=0.009 onsetDelta=0.98299 baseline=0.00070 adaptive=0.00174 lastPeak=0.00039 guard=0.060 activeAge=-1.000 pitch=-1.00Hz pitchCents=0.0
2025-12-14 07:54:51 [tracker] [s2] onset t=57.062 env=0.00125 gate=0.00001 envDelta=0.00124 envFloor=0.00105 onset=1.131 thresh=0.009 onsetDelta=1.12160 baseline=0.00070 adaptive=0.00174 lastPeak=0.00030 guard=0.060 activeAge=-1.000 pitch=-1.00Hz pitchCents=0.0
2025-12-14 07:54:51 [tracker] [s4] onset t=57.088 env=0.00118 gate=0.00011 envDelta=0.00107 envFloor=0.00095 onset=0.775 thresh=0.014 onsetDelta=0.76129 baseline=0.00063 adaptive=0.00158 lastPeak=0.00000 guard=0.060 activeAge=-1.000 pitch=-1.00Hz pitchCents=0.0
2025-12-14 07:54:51 [tracker] [s5] onset t=57.110 env=0.00169 gate=0.00015 envDelta=0.00154 envFloor=0.00107 onset=0.706 thresh=0.016 onsetDelta=0.68965 baseline=0.00071 adaptive=0.00179 lastPeak=0.00000 guard=0.060 activeAge=-1.000 pitch=-1.00Hz pitchCents=0.0
2025-12-14 07:54:51 [tracker] [s2] onset t=57.238 env=0.00192 gate=0.00001 envDelta=0.00192 envFloor=0.00105 onset=1.311 thresh=0.009 onsetDelta=1.30210 baseline=0.00070 adaptive=0.00174 lastPeak=0.00022 guard=0.060 activeAge=-1.000 pitch=-1.00Hz pitchCents=0.0
2025-12-14 07:54:51 [tracker] [s3] onset t=57.240 env=0.00153 gate=0.00008 envDelta=0.00145 envFloor=0.00097 onset=0.999 thresh=0.012 onsetDelta=0.98711 baseline=0.00065 adaptive=0.00161 lastPeak=0.00000 guard=0.060 activeAge=-1.000 pitch=-1.00Hz pitchCents=0.0
2025-12-14 07:54:51 [tracker] [s5] onset t=57.323 env=0.00150 gate=0.00015 envDelta=0.00135 envFloor=0.00106 onset=0.978 thresh=0.016 onsetDelta=0.96209 baseline=0.00071 adaptive=0.00177 lastPeak=0.00000 guard=0.060 activeAge=-1.000 pitch=-1.00Hz pitchCents=0.0
2025-12-14 07:54:51 [tracker] [s6] onset t=57.400 env=0.00183 gate=0.00020 envDelta=0.00163 envFloor=0.00118 onset=0.740 thresh=0.018 onsetDelta=0.72242 baseline=0.00079 adaptive=0.00197 lastPeak=0.00000 guard=0.060 activeAge=-1.000 pitch=-1.00Hz pitchCents=0.0
2025-12-14 07:54:51 [tracker] [s5] onset t=57.424 env=0.00151 gate=0.00014 envDelta=0.00137 envFloor=0.00102 onset=1.126 thresh=0.016 onsetDelta=1.10961 baseline=0.00068 adaptive=0.00169 lastPeak=0.00000 guard=0.060 activeAge=-1.000 pitch=-1.00Hz pitchCents=0.0
2025-12-14 07:54:51 [tracker] [s3] onset t=57.459 env=0.00184 gate=0.00008 envDelta=0.00176 envFloor=0.00093 onset=1.040 thresh=0.012 onsetDelta=1.02844 baseline=0.00062 adaptive=0.00154 lastPeak=0.00000 guard=0.060 activeAge=-1.000 pitch=-1.00Hz pitchCents=0.0
2025-12-14 07:54:51 [tracker] [s4] onset t=57.470 env=0.00133 gate=0.00011 envDelta=0.00122 envFloor=0.00096 onset=0.885 thresh=0.014 onsetDelta=0.87079 baseline=0.00064 adaptive=0.00160 lastPeak=0.00000 guard=0.060 activeAge=-1.000 pitch=-1.00Hz pitchCents=0.0
2025-12-14 07:54:51 [tracker] [s6] onset t=57.470 env=0.00206 gate=0.00021 envDelta=0.00185 envFloor=0.00124 onset=1.031 thresh=0.018 onsetDelta=1.01261 baseline=0.00083 adaptive=0.00207 lastPeak=0.00000 guard=0.060 activeAge=-1.000 pitch=-1.00Hz pitchCents=0.0
2025-12-14 07:54:51 [tracker] [s2] onset t=57.536 env=0.00126 gate=0.00001 envDelta=0.00126 envFloor=0.00102 onset=0.998 thresh=0.009 onsetDelta=0.98916 baseline=0.00068 adaptive=0.00169 lastPeak=0.00012 guard=0.060 activeAge=-1.000 pitch=380.94Hz pitchCents=2150.5
2025-12-14 07:54:51 [tracker] [s5] onset t=57.645 env=0.00173 gate=0.00015 envDelta=0.00158 envFloor=0.00110 onset=0.985 thresh=0.016 onsetDelta=0.96912 baseline=0.00074 adaptive=0.00184 lastPeak=0.00000 guard=0.060 activeAge=-1.000 pitch=-1.00Hz pitchCents=0.0
2025-12-14 07:54:51 [tracker] [s4] onset t=57.675 env=0.00164 gate=0.00011 envDelta=0.00152 envFloor=0.00099 onset=0.518 thresh=0.014 onsetDelta=0.50381 baseline=0.00066 adaptive=0.00165 lastPeak=0.00000 guard=0.060 activeAge=-1.000 pitch=-1.00Hz pitchCents=0.0
2025-12-14 07:54:51 [tracker] [s6] onset t=57.675 env=0.00175 gate=0.00021 envDelta=0.00154 envFloor=0.00126 onset=1.057 thresh=0.018 onsetDelta=1.03935 baseline=0.00084 adaptive=0.00210 lastPeak=0.00000 guard=0.060 activeAge=-1.000 pitch=-1.00Hz pitchCents=0.0
2025-12-14 07:54:51 [tracker] [s1] aubio-raw t=57.6962 onset=0.915792 env=0.000743 peak=0.001863 gain=1.000
2025-12-14 07:54:51 [tracker] [s1] onset-accepted t=57.6962 env=0.000743 gate=0.000025 envDelta=0.000718 envFloor=0.000672 onset=0.915792 thresh=0.006000 onsetDelta=0.909792 baseline=0.000448 floor=0.000180 adapt=0.001119 lastPeak=0.000008 baseParam=0.000180 gateRatio=0.0550 envParam=0.000450 onsetScale=0.300 retriggerScale=1.400 guard=0.060 guardRemain=0.000 activeAge=-1.000 retrigRemain=0.000 pitchHz=533.25 pitchCents=3232.8
2025-12-14 07:54:51 [tracker] [s1] onset t=57.696 env=0.00074 gate=0.00002 envDelta=0.00072 envFloor=0.00067 onset=0.916 thresh=0.006 onsetDelta=0.90979 baseline=0.00045 adaptive=0.00112 lastPeak=0.00001 guard=0.060 activeAge=-1.000 pitch=533.25Hz pitchCents=3232.8
2025-12-14 07:54:51 [tracker] [s5] onset t=57.792 env=0.00144 gate=0.00015 envDelta=0.00129 envFloor=0.00105 onset=0.998 thresh=0.016 onsetDelta=0.98239 baseline=0.00070 adaptive=0.00174 lastPeak=0.00000 guard=0.060 activeAge=-1.000 pitch=-1.00Hz pitchCents=0.0
2025-12-14 07:54:51 [tracker] [s6] onset t=57.853 env=0.00205 gate=0.00020 envDelta=0.00185 envFloor=0.00122 onset=1.187 thresh=0.018 onsetDelta=1.16928 baseline=0.00081 adaptive=0.00203 lastPeak=0.00000 guard=0.060 activeAge=-1.000 pitch=-1.00Hz pitchCents=0.0
2025-12-14 07:54:51 [tracker] [s2] onset t=57.867 env=0.00144 gate=0.00001 envDelta=0.00143 envFloor=0.00100 onset=1.079 thresh=0.009 onsetDelta=1.07011 baseline=0.00067 adaptive=0.00167 lastPeak=0.00007 guard=0.060 activeAge=-1.000 pitch=-1.00Hz pitchCents=0.0
2025-12-14 07:54:51 [tracker] [s4] onset t=57.899 env=0.00203 gate=0.00011 envDelta=0.00191 envFloor=0.00101 onset=1.184 thresh=0.014 onsetDelta=1.17001 baseline=0.00067 adaptive=0.00168 lastPeak=0.00000 guard=0.060 activeAge=-1.000 pitch=-1.00Hz pitchCents=0.0
2025-12-14 07:54:52 [tracker] [s3] onset t=57.925 env=0.00170 gate=0.00008 envDelta=0.00162 envFloor=0.00094 onset=1.152 thresh=0.012 onsetDelta=1.14028 baseline=0.00063 adaptive=0.00156 lastPeak=0.00000 guard=0.060 activeAge=-1.000 pitch=-1.00Hz pitchCents=0.0
2025-12-14 07:54:52 [tracker] [s2] onset t=57.984 env=0.00147 gate=0.00001 envDelta=0.00146 envFloor=0.00098 onset=0.737 thresh=0.009 onsetDelta=0.72837 baseline=0.00065 adaptive=0.00163 lastPeak=0.00005 guard=0.060 activeAge=-1.000 pitch=-1.00Hz pitchCents=0.0
2025-12-14 07:54:52 [tracker] [s3] onset t=58.059 env=0.00123 gate=0.00008 envDelta=0.00115 envFloor=0.00095 onset=0.847 thresh=0.012 onsetDelta=0.83520 baseline=0.00063 adaptive=0.00158 lastPeak=0.00000 guard=0.060 activeAge=-1.000 pitch=-1.00Hz pitchCents=0.0
2025-12-14 07:54:52 [tracker] [s1] aubio-raw t=58.1255 onset=0.997898 env=0.001080 peak=0.001936 gain=1.000
2025-12-14 07:54:52 [tracker] [s1] onset-accepted t=58.1255 env=0.001080 gate=0.000024 envDelta=0.001056 envFloor=0.000662 onset=0.997898 thresh=0.006000 onsetDelta=0.991898 baseline=0.000441 floor=0.000180 adapt=0.001103 lastPeak=0.000004 baseParam=0.000180 gateRatio=0.0550 envParam=0.000450 onsetScale=0.300 retriggerScale=1.400 guard=0.060 guardRemain=0.000 activeAge=-1.000 retrigRemain=0.000 pitchHz=888.80 pitchCents=4117.2
2025-12-14 07:54:52 [tracker] [s1] onset t=58.125 env=0.00108 gate=0.00002 envDelta=0.00106 envFloor=0.00066 onset=0.998 thresh=0.006 onsetDelta=0.99190 baseline=0.00044 adaptive=0.00110 lastPeak=0.00000 guard=0.060 activeAge=-1.000 pitch=888.80Hz pitchCents=4117.2
2025-12-14 07:54:52 [tracker] [s6] onset t=58.125 env=0.00179 gate=0.00019 envDelta=0.00160 envFloor=0.00117 onset=1.122 thresh=0.018 onsetDelta=1.10408 baseline=0.00078 adaptive=0.00195 lastPeak=0.00000 guard=0.060 activeAge=-1.000 pitch=-1.00Hz pitchCents=0.0
2025-12-14 07:54:52 [tracker] [s3] onset t=58.173 env=0.00185 gate=0.00008 envDelta=0.00177 envFloor=0.00097 onset=1.462 thresh=0.012 onsetDelta=1.45050 baseline=0.00064 adaptive=0.00161 lastPeak=0.00000 guard=0.060 activeAge=-1.000 pitch=-1.00Hz pitchCents=0.0
2025-12-14 07:54:52 [tracker] [s4] onset t=58.565 env=0.00160 gate=0.00011 envDelta=0.00149 envFloor=0.00096 onset=0.992 thresh=0.014 onsetDelta=0.97754 baseline=0.00064 adaptive=0.00159 lastPeak=0.00000 guard=0.060 activeAge=-1.000 pitch=-1.00Hz pitchCents=0.0
2025-12-14 07:54:52 [tracker] [s6] onset t=58.613 env=0.00200 gate=0.00021 envDelta=0.00180 envFloor=0.00124 onset=0.891 thresh=0.018 onsetDelta=0.87279 baseline=0.00083 adaptive=0.00206 lastPeak=0.00000 guard=0.060 activeAge=-1.000 pitch=-1.00Hz pitchCents=0.0
2025-12-14 07:54:52 [tracker] [s3] onset t=58.688 env=0.00136 gate=0.00008 envDelta=0.00127 envFloor=0.00096 onset=0.850 thresh=0.012 onsetDelta=0.83877 baseline=0.00064 adaptive=0.00160 lastPeak=0.00000 guard=0.060 activeAge=-1.000 pitch=-1.00Hz pitchCents=0.0
2025-12-14 07:54:52 [tracker] [s2] onset t=58.712 env=0.00125 gate=0.00001 envDelta=0.00124 envFloor=0.00113 onset=0.604 thresh=0.009 onsetDelta=0.59475 baseline=0.00075 adaptive=0.00189 lastPeak=0.00001 guard=0.060 activeAge=-1.000 pitch=-1.00Hz pitchCents=0.0
2025-12-14 07:54:52 [tracker] [s1] aubio-raw t=58.8187 onset=0.998853 env=0.000992 peak=0.001998 gain=1.000
2025-12-14 07:54:52 [tracker] [s1] onset-accepted t=58.8187 env=0.000992 gate=0.000025 envDelta=0.000967 envFloor=0.000686 onset=0.998853 thresh=0.006000 onsetDelta=0.992853 baseline=0.000457 floor=0.000180 adapt=0.001143 lastPeak=0.000001 baseParam=0.000180 gateRatio=0.0550 envParam=0.000450 onsetScale=0.300 retriggerScale=1.400 guard=0.060 guardRemain=0.000 activeAge=-1.000 retrigRemain=0.000 pitchHz=-1.00 pitchCents=0.0
2025-12-14 07:54:52 [tracker] [s3] onset t=58.829 env=0.00131 gate=0.00008 envDelta=0.00123 envFloor=0.00093 onset=1.230 thresh=0.012 onsetDelta=1.21855 baseline=0.00062 adaptive=0.00155 lastPeak=0.00000 guard=0.060 activeAge=-1.000 pitch=-1.00Hz pitchCents=0.0
2025-12-14 07:54:52 [tracker] [s5] onset t=58.835 env=0.00154 gate=0.00015 envDelta=0.00138 envFloor=0.00109 onset=1.323 thresh=0.016 onsetDelta=1.30687 baseline=0.00073 adaptive=0.00182 lastPeak=0.00000 guard=0.060 activeAge=-1.000 pitch=-1.00Hz pitchCents=0.0
2025-12-14 07:54:52 [tracker] [s6] onset t=58.885 env=0.00152 gate=0.00020 envDelta=0.00132 envFloor=0.00119 onset=1.120 thresh=0.018 onsetDelta=1.10242 baseline=0.00079 adaptive=0.00198 lastPeak=0.00000 guard=0.060 activeAge=-1.000 pitch=-1.00Hz pitchCents=0.0
2025-12-14 07:54:53 [tracker] [s4] onset t=58.907 env=0.00140 gate=0.00011 envDelta=0.00129 envFloor=0.00096 onset=1.292 thresh=0.014 onsetDelta=1.27763 baseline=0.00064 adaptive=0.00160 lastPeak=0.00000 guard=0.060 activeAge=-1.000 pitch=-1.00Hz pitchCents=0.0
2025-12-14 07:54:53 [tracker] [s3] onset t=59.019 env=0.00152 gate=0.00008 envDelta=0.00144 envFloor=0.00092 onset=1.055 thresh=0.012 onsetDelta=1.04374 baseline=0.00061 adaptive=0.00153 lastPeak=0.00000 guard=0.060 activeAge=-1.000 pitch=-1.00Hz pitchCents=0.0
2025-12-14 07:54:53 [tracker] [s4] onset t=59.075 env=0.00176 gate=0.00012 envDelta=0.00164 envFloor=0.00104 onset=1.171 thresh=0.014 onsetDelta=1.15688 baseline=0.00069 adaptive=0.00173 lastPeak=0.00000 guard=0.060 activeAge=-1.000 pitch=-1.00Hz pitchCents=0.0
2025-12-14 07:54:53 [tracker] [s1] aubio-raw t=59.1227 onset=1.152223 env=0.000955 peak=0.002385 gain=1.000
2025-12-14 07:54:53 [tracker] [s1] onset-accepted t=59.1227 env=0.000955 gate=0.000024 envDelta=0.000931 envFloor=0.000661 onset=1.152223 thresh=0.006000 onsetDelta=1.146223 baseline=0.000441 floor=0.000180 adapt=0.001102 lastPeak=0.000001 baseParam=0.000180 gateRatio=0.0550 envParam=0.000450 onsetScale=0.300 retriggerScale=1.400 guard=0.060 guardRemain=0.000 activeAge=-1.000 retrigRemain=0.000 pitchHz=-1.00 pitchCents=0.0
2025-12-14 07:54:53 [tracker] [s1] onset t=59.123 env=0.00096 gate=0.00002 envDelta=0.00093 envFloor=0.00066 onset=1.152 thresh=0.006 onsetDelta=1.14622 baseline=0.00044 adaptive=0.00110 lastPeak=0.00000 guard=0.060 activeAge=-1.000 pitch=-1.00Hz pitchCents=0.0
2025-12-14 07:54:53 [tracker] [s5] onset t=59.397 env=0.00164 gate=0.00015 envDelta=0.00149 envFloor=0.00109 onset=1.051 thresh=0.016 onsetDelta=1.03536 baseline=0.00073 adaptive=0.00182 lastPeak=0.00000 guard=0.060 activeAge=-1.000 pitch=-1.00Hz pitchCents=0.0
2025-12-14 07:54:53 [tracker] [s3] onset t=59.421 env=0.00118 gate=0.00008 envDelta=0.00110 envFloor=0.00094 onset=1.137 thresh=0.012 onsetDelta=1.12561 baseline=0.00063 adaptive=0.00157 lastPeak=0.00000 guard=0.060 activeAge=-1.000 pitch=-1.00Hz pitchCents=0.0
2025-12-14 07:54:53 [tracker] [s2] onset t=59.579 env=0.00101 gate=0.00001 envDelta=0.00101 envFloor=0.00098 onset=1.000 thresh=0.009 onsetDelta=0.99078 baseline=0.00065 adaptive=0.00163 lastPeak=0.00000 guard=0.060 activeAge=-1.000 pitch=-1.00Hz pitchCents=0.0
2025-12-14 07:54:53 [tracker] [s5] onset t=59.629 env=0.00167 gate=0.00014 envDelta=0.00152 envFloor=0.00103 onset=1.089 thresh=0.016 onsetDelta=1.07340 baseline=0.00068 adaptive=0.00171 lastPeak=0.00000 guard=0.060 activeAge=-1.000 pitch=-1.00Hz pitchCents=0.0
2025-12-14 07:54:53 [tracker] [s1] aubio-raw t=59.6693 onset=1.437756 env=0.000802 peak=0.001825 gain=1.000
2025-12-14 07:54:53 [tracker] [s1] onset-accepted t=59.6693 env=0.000802 gate=0.000022 envDelta=0.000780 envFloor=0.000597 onset=1.437756 thresh=0.006000 onsetDelta=1.431756 baseline=0.000398 floor=0.000180 adapt=0.000995 lastPeak=0.000000 baseParam=0.000180 gateRatio=0.0550 envParam=0.000450 onsetScale=0.300 retriggerScale=1.400 guard=0.060 guardRemain=0.000 activeAge=-1.000 retrigRemain=0.000 pitchHz=94.11 pitchCents=230.0
2025-12-14 07:54:53 [tracker] [s1] onset t=59.669 env=0.00080 gate=0.00002 envDelta=0.00078 envFloor=0.00060 onset=1.438 thresh=0.006 onsetDelta=1.43176 baseline=0.00040 adaptive=0.00099 lastPeak=0.00000 guard=0.060 activeAge=-1.000 pitch=94.11Hz pitchCents=230.0
2025-12-14 07:54:53 [tracker] [s4] onset t=59.672 env=0.00166 gate=0.00011 envDelta=0.00155 envFloor=0.00098 onset=0.589 thresh=0.014 onsetDelta=0.57452 baseline=0.00065 adaptive=0.00164 lastPeak=0.00000 guard=0.060 activeAge=-1.000 pitch=-1.00Hz pitchCents=0.0
2025-12-14 07:54:53 [tracker] [s5] onset t=59.715 env=0.00145 gate=0.00015 envDelta=0.00130 envFloor=0.00105 onset=1.022 thresh=0.016 onsetDelta=1.00650 baseline=0.00070 adaptive=0.00175 lastPeak=0.00000 guard=0.060 activeAge=-1.000 pitch=-1.00Hz pitchCents=0.0
2025-12-14 07:54:53 [tracker] [s1] aubio-raw t=59.7440 onset=0.812124 env=0.000819 peak=0.002785 gain=1.000
2025-12-14 07:54:53 [tracker] [s1] onset-accepted t=59.7440 env=0.000819 gate=0.000025 envDelta=0.000795 envFloor=0.000679 onset=0.812124 thresh=0.006000 onsetDelta=0.806124 baseline=0.000452 floor=0.000180 adapt=0.001131 lastPeak=0.000000 baseParam=0.000180 gateRatio=0.0550 envParam=0.000450 onsetScale=0.300 retriggerScale=1.400 guard=0.060 guardRemain=0.000 activeAge=-1.000 retrigRemain=0.000 pitchHz=100.00 pitchCents=335.0
2025-12-14 07:54:53 [tracker] [s1] onset t=59.744 env=0.00082 gate=0.00002 envDelta=0.00079 envFloor=0.00068 onset=0.812 thresh=0.006 onsetDelta=0.80612 baseline=0.00045 adaptive=0.00113 lastPeak=0.00000 guard=0.060 activeAge=-1.000 pitch=100.00Hz pitchCents=335.0
2025-12-14 07:54:53 [tracker] [s2] onset t=59.885 env=0.00144 gate=0.00001 envDelta=0.00143 envFloor=0.00107 onset=0.996 thresh=0.009 onsetDelta=0.98670 baseline=0.00071 adaptive=0.00178 lastPeak=0.00000 guard=0.060 activeAge=-1.000 pitch=-1.00Hz pitchCents=0.0
2025-12-14 07:54:53 [tracker] [s5] onset t=59.888 env=0.00190 gate=0.00015 envDelta=0.00174 envFloor=0.00110 onset=0.535 thresh=0.016 onsetDelta=0.51944 baseline=0.00073 adaptive=0.00184 lastPeak=0.00000 guard=0.060 activeAge=-1.000 pitch=-1.00Hz pitchCents=0.0
2025-12-14 07:54:54 [tracker] [s5] onset t=59.952 env=0.00145 gate=0.00015 envDelta=0.00130 envFloor=0.00108 onset=0.965 thresh=0.016 onsetDelta=0.94911 baseline=0.00072 adaptive=0.00179 lastPeak=0.00000 guard=0.060 activeAge=-1.000 pitch=-1.00Hz pitchCents=0.0
2025-12-14 07:54:54 [tracker] [s6] onset t=59.968 env=0.00204 gate=0.00020 envDelta=0.00184 envFloor=0.00122 onset=0.996 thresh=0.018 onsetDelta=0.97793 baseline=0.00082 adaptive=0.00204 lastPeak=0.00000 guard=0.060 activeAge=-1.000 pitch=-1.00Hz pitchCents=0.0
2025-12-14 07:54:54 [tracker] [s4] onset t=60.019 env=0.00105 gate=0.00011 envDelta=0.00094 envFloor=0.00097 onset=1.023 thresh=0.014 onsetDelta=1.00945 baseline=0.00065 adaptive=0.00161 lastPeak=0.00000 guard=0.060 activeAge=-1.000 pitch=-1.00Hz pitchCents=0.0
2025-12-14 07:54:54 [tracker] [s2] onset t=60.115 env=0.00136 gate=0.00001 envDelta=0.00136 envFloor=0.00103 onset=1.397 thresh=0.009 onsetDelta=1.38783 baseline=0.00068 adaptive=0.00171 lastPeak=0.00000 guard=0.060 activeAge=-1.000 pitch=-1.00Hz pitchCents=0.0
2025-12-14 07:54:54 [tracker] [s6] onset t=60.139 env=0.00205 gate=0.00020 envDelta=0.00185 envFloor=0.00122 onset=0.693 thresh=0.018 onsetDelta=0.67472 baseline=0.00082 adaptive=0.00204 lastPeak=0.00000 guard=0.060 activeAge=-1.000 pitch=-1.00Hz pitchCents=0.0
2025-12-14 07:54:54 [tracker] [s2] onset t=60.173 env=0.00203 gate=0.00001 envDelta=0.00202 envFloor=0.00101 onset=1.095 thresh=0.009 onsetDelta=1.08623 baseline=0.00068 adaptive=0.00169 lastPeak=0.00000 guard=0.060 activeAge=-1.000 pitch=-1.00Hz pitchCents=0.0
2025-12-14 07:54:54 [tracker] [s3] onset t=60.195 env=0.00156 gate=0.00008 envDelta=0.00148 envFloor=0.00092 onset=0.994 thresh=0.012 onsetDelta=0.98274 baseline=0.00061 adaptive=0.00153 lastPeak=0.00000 guard=0.060 activeAge=-1.000 pitch=-1.00Hz pitchCents=0.0
2025-12-14 07:54:54 [tracker] [s6] onset t=60.195 env=0.00233 gate=0.00022 envDelta=0.00212 envFloor=0.00129 onset=1.054 thresh=0.018 onsetDelta=1.03636 baseline=0.00086 adaptive=0.00215 lastPeak=0.00000 guard=0.060 activeAge=-1.000 pitch=-1.00Hz pitchCents=0.0
2025-12-14 07:54:54 [tracker] [s5] onset t=60.251 env=0.00155 gate=0.00016 envDelta=0.00139 envFloor=0.00114 onset=0.988 thresh=0.016 onsetDelta=0.97208 baseline=0.00076 adaptive=0.00190 lastPeak=0.00000 guard=0.060 activeAge=-1.000 pitch=-1.00Hz pitchCents=0.0
2025-12-14 07:54:54 [tracker] [s4] onset t=60.253 env=0.00151 gate=0.00012 envDelta=0.00139 envFloor=0.00105 onset=1.293 thresh=0.014 onsetDelta=1.27863 baseline=0.00070 adaptive=0.00176 lastPeak=0.00000 guard=0.060 activeAge=-1.000 pitch=-1.00Hz pitchCents=0.0
2025-12-14 07:54:54 [tracker] [s1] aubio-raw t=60.3173 onset=0.996136 env=0.001206 peak=0.002894 gain=1.000
2025-12-14 07:54:54 [tracker] [s1] onset-accepted t=60.3173 env=0.001206 gate=0.000023 envDelta=0.001183 envFloor=0.000640 onset=0.996136 thresh=0.006000 onsetDelta=0.990136 baseline=0.000427 floor=0.000180 adapt=0.001067 lastPeak=0.000000 baseParam=0.000180 gateRatio=0.0550 envParam=0.000450 onsetScale=0.300 retriggerScale=1.400 guard=0.060 guardRemain=0.000 activeAge=-1.000 retrigRemain=0.000 pitchHz=-1.00 pitchCents=0.0
2025-12-14 07:54:54 [tracker] [s1] onset t=60.317 env=0.00121 gate=0.00002 envDelta=0.00118 envFloor=0.00064 onset=0.996 thresh=0.006 onsetDelta=0.99014 baseline=0.00043 adaptive=0.00107 lastPeak=0.00000 guard=0.060 activeAge=-1.000 pitch=-1.00Hz pitchCents=0.0
2025-12-14 07:54:54 [tracker] [s2] onset t=60.325 env=0.00182 gate=0.00001 envDelta=0.00182 envFloor=0.00102 onset=0.972 thresh=0.009 onsetDelta=0.96273 baseline=0.00068 adaptive=0.00170 lastPeak=0.00000 guard=0.060 activeAge=-1.000 pitch=-1.00Hz pitchCents=0.0
2025-12-14 07:54:54 [tracker] [s3] onset t=60.365 env=0.00121 gate=0.00008 envDelta=0.00113 envFloor=0.00092 onset=1.000 thresh=0.012 onsetDelta=0.98799 baseline=0.00062 adaptive=0.00154 lastPeak=0.00000 guard=0.060 activeAge=-1.000 pitch=-1.00Hz pitchCents=0.0
2025-12-14 07:54:54 [tracker] [s1] aubio-raw t=60.3946 onset=1.072723 env=0.000820 peak=0.002279 gain=1.000
2025-12-14 07:54:54 [tracker] [s1] onset-accepted t=60.3946 env=0.000820 gate=0.000025 envDelta=0.000796 envFloor=0.000669 onset=1.072723 thresh=0.006000 onsetDelta=1.066723 baseline=0.000446 floor=0.000180 adapt=0.001114 lastPeak=0.000000 baseParam=0.000180 gateRatio=0.0550 envParam=0.000450 onsetScale=0.300 retriggerScale=1.400 guard=0.060 guardRemain=0.000 activeAge=-1.000 retrigRemain=0.000 pitchHz=800.16 pitchCents=3935.3
2025-12-14 07:54:54 [tracker] [s1] onset t=60.395 env=0.00082 gate=0.00002 envDelta=0.00080 envFloor=0.00067 onset=1.073 thresh=0.006 onsetDelta=1.06672 baseline=0.00045 adaptive=0.00111 lastPeak=0.00000 guard=0.060 activeAge=-1.000 pitch=800.16Hz pitchCents=3935.3
2025-12-14 07:54:54 [tracker] [s2] onset t=60.531 env=0.00172 gate=0.00001 envDelta=0.00171 envFloor=0.00104 onset=0.969 thresh=0.009 onsetDelta=0.96037 baseline=0.00070 adaptive=0.00174 lastPeak=0.00000 guard=0.060 activeAge=-1.000 pitch=-1.00Hz pitchCents=0.0
2025-12-14 07:54:54 [tracker] [s1] aubio-raw t=60.6426 onset=0.995855 env=0.000976 peak=0.002247 gain=1.000
2025-12-14 07:54:54 [tracker] [s1] onset-accepted t=60.6426 env=0.000976 gate=0.000023 envDelta=0.000952 envFloor=0.000640 onset=0.995855 thresh=0.006000 onsetDelta=0.989855 baseline=0.000426 floor=0.000180 adapt=0.001066 lastPeak=0.000000 baseParam=0.000180 gateRatio=0.0550 envParam=0.000450 onsetScale=0.300 retriggerScale=1.400 guard=0.060 guardRemain=0.000 activeAge=-1.000 retrigRemain=0.000 pitchHz=-1.00 pitchCents=0.0
2025-12-14 07:54:54 [tracker] [s1] onset t=60.643 env=0.00098 gate=0.00002 envDelta=0.00095 envFloor=0.00064 onset=0.996 thresh=0.006 onsetDelta=0.98986 baseline=0.00043 adaptive=0.00107 lastPeak=0.00000 guard=0.060 activeAge=-1.000 pitch=-1.00Hz pitchCents=0.0
2025-12-14 07:54:54 [tracker] [s2] onset t=60.699 env=0.00209 gate=0.00001 envDelta=0.00209 envFloor=0.00107 onset=1.227 thresh=0.009 onsetDelta=1.21842 baseline=0.00071 adaptive=0.00178 lastPeak=0.00000 guard=0.060 activeAge=-1.000 pitch=-1.00Hz pitchCents=0.0
2025-12-14 07:54:54 [tracker] [s4] onset t=60.752 env=0.00148 gate=0.00011 envDelta=0.00137 envFloor=0.00095 onset=1.164 thresh=0.014 onsetDelta=1.14989 baseline=0.00063 adaptive=0.00158 lastPeak=0.00000 guard=0.060 activeAge=-1.000 pitch=-1.00Hz pitchCents=0.0
2025-12-14 07:54:54 [tracker] [s1] aubio-raw t=60.7866 onset=1.032041 env=0.000851 peak=0.002202 gain=1.000
2025-12-14 07:54:54 [tracker] [s1] onset-accepted t=60.7866 env=0.000851 gate=0.000023 envDelta=0.000828 envFloor=0.000634 onset=1.032041 thresh=0.006000 onsetDelta=1.026041 baseline=0.000422 floor=0.000180 adapt=0.001056 lastPeak=0.000000 baseParam=0.000180 gateRatio=0.0550 envParam=0.000450 onsetScale=0.300 retriggerScale=1.400 guard=0.060 guardRemain=0.000 activeAge=-1.000 retrigRemain=0.000 pitchHz=-1.00 pitchCents=0.0
2025-12-14 07:54:54 [tracker] [s1] onset t=60.787 env=0.00085 gate=0.00002 envDelta=0.00083 envFloor=0.00063 onset=1.032 thresh=0.006 onsetDelta=1.02604 baseline=0.00042 adaptive=0.00106 lastPeak=0.00000 guard=0.060 activeAge=-1.000 pitch=-1.00Hz pitchCents=0.0
2025-12-14 07:54:54 [tracker] [s6] onset t=60.827 env=0.00212 gate=0.00020 envDelta=0.00192 envFloor=0.00120 onset=1.381 thresh=0.018 onsetDelta=1.36257 baseline=0.00080 adaptive=0.00200 lastPeak=0.00000 guard=0.060 activeAge=-1.000 pitch=-1.00Hz pitchCents=0.0
2025-12-14 07:54:55 [tracker] [s1] aubio-raw t=60.9066 onset=0.996390 env=0.000960 peak=0.002223 gain=1.000
2025-12-14 07:54:55 [tracker] [s1] onset-accepted t=60.9066 env=0.000960 gate=0.000024 envDelta=0.000937 envFloor=0.000651 onset=0.996390 thresh=0.006000 onsetDelta=0.990390 baseline=0.000434 floor=0.000180 adapt=0.001085 lastPeak=0.000000 baseParam=0.000180 gateRatio=0.0550 envParam=0.000450 onsetScale=0.300 retriggerScale=1.400 guard=0.060 guardRemain=0.000 activeAge=-1.000 retrigRemain=0.000 pitchHz=-1.00 pitchCents=0.0
2025-12-14 07:54:55 [tracker] [s1] onset t=60.907 env=0.00096 gate=0.00002 envDelta=0.00094 envFloor=0.00065 onset=0.996 thresh=0.006 onsetDelta=0.99039 baseline=0.00043 adaptive=0.00108 lastPeak=0.00000 guard=0.060 activeAge=-1.000 pitch=-1.00Hz pitchCents=0.0
2025-12-14 07:54:55 [tracker] [s5] onset t=61.107 env=0.00175 gate=0.00015 envDelta=0.00160 envFloor=0.00106 onset=0.669 thresh=0.016 onsetDelta=0.65262 baseline=0.00070 adaptive=0.00176 lastPeak=0.00000 guard=0.060 activeAge=-1.000 pitch=-1.00Hz pitchCents=0.0
2025-12-14 07:54:55 [tracker] [s5] onset t=61.157 env=0.00177 gate=0.00014 envDelta=0.00162 envFloor=0.00103 onset=1.452 thresh=0.016 onsetDelta=1.43597 baseline=0.00069 adaptive=0.00172 lastPeak=0.00000 guard=0.060 activeAge=-1.000 pitch=-1.00Hz pitchCents=0.0
2025-12-14 07:54:55 [tracker] [s1] aubio-raw t=61.1812 onset=1.334377 env=0.000934 peak=0.002192 gain=1.000
2025-12-14 07:54:55 [tracker] [s1] onset-accepted t=61.1812 env=0.000934 gate=0.000024 envDelta=0.000911 envFloor=0.000641 onset=1.334377 thresh=0.006000 onsetDelta=1.328377 baseline=0.000428 floor=0.000180 adapt=0.001069 lastPeak=0.000000 baseParam=0.000180 gateRatio=0.0550 envParam=0.000450 onsetScale=0.300 retriggerScale=1.400 guard=0.060 guardRemain=0.000 activeAge=-1.000 retrigRemain=0.000 pitchHz=103.89 pitchCents=401.0
2025-12-14 07:54:55 [tracker] [s1] onset t=61.181 env=0.00093 gate=0.00002 envDelta=0.00091 envFloor=0.00064 onset=1.334 thresh=0.006 onsetDelta=1.32838 baseline=0.00043 adaptive=0.00107 lastPeak=0.00000 guard=0.060 activeAge=-1.000 pitch=103.89Hz pitchCents=401.0
2025-12-14 07:54:55 [tracker] [s4] onset t=61.203 env=0.00137 gate=0.00011 envDelta=0.00126 envFloor=0.00094 onset=1.242 thresh=0.014 onsetDelta=1.22787 baseline=0.00062 adaptive=0.00156 lastPeak=0.00000 guard=0.060 activeAge=-1.000 pitch=-1.00Hz pitchCents=0.0
2025-12-14 07:54:55 [tracker] [s3] onset t=61.235 env=0.00144 gate=0.00008 envDelta=0.00137 envFloor=0.00090 onset=1.282 thresh=0.012 onsetDelta=1.27073 baseline=0.00060 adaptive=0.00150 lastPeak=0.00000 guard=0.060 activeAge=-1.000 pitch=-1.00Hz pitchCents=0.0
2025-12-14 07:54:55 [tracker] [s1] aubio-raw t=61.2639 onset=0.995872 env=0.001306 peak=0.003880 gain=1.000
2025-12-14 07:54:55 [tracker] [s1] onset-accepted t=61.2639 env=0.001306 gate=0.000025 envDelta=0.001281 envFloor=0.000686 onset=0.995872 thresh=0.006000 onsetDelta=0.989872 baseline=0.000457 floor=0.000180 adapt=0.001143 lastPeak=0.000000 baseParam=0.000180 gateRatio=0.0550 envParam=0.000450 onsetScale=0.300 retriggerScale=1.400 guard=0.060 guardRemain=0.000 activeAge=-1.000 retrigRemain=0.000 pitchHz=-1.00 pitchCents=0.0
2025-12-14 07:54:55 [tracker] [s1] onset t=61.264 env=0.00131 gate=0.00003 envDelta=0.00128 envFloor=0.00069 onset=0.996 thresh=0.006 onsetDelta=0.98987 baseline=0.00046 adaptive=0.00114 lastPeak=0.00000 guard=0.060 activeAge=-1.000 pitch=-1.00Hz pitchCents=0.0
2025-12-14 07:54:55 [tracker] [s6] onset t=61.299 env=0.00205 gate=0.00021 envDelta=0.00184 envFloor=0.00125 onset=1.181 thresh=0.018 onsetDelta=1.16342 baseline=0.00084 adaptive=0.00209 lastPeak=0.00000 guard=0.060 activeAge=-1.000 pitch=-1.00Hz pitchCents=0.0
2025-12-14 07:54:55 [tracker] [s6] onset t=61.357 env=0.00240 gate=0.00023 envDelta=0.00217 envFloor=0.00135 onset=1.097 thresh=0.018 onsetDelta=1.07941 baseline=0.00090 adaptive=0.00226 lastPeak=0.00000 guard=0.060 activeAge=-1.000 pitch=-1.00Hz pitchCents=0.0
2025-12-14 07:54:55 [tracker] [s3] onset t=61.488 env=0.00107 gate=0.00008 envDelta=0.00099 envFloor=0.00093 onset=0.814 thresh=0.012 onsetDelta=0.80281 baseline=0.00062 adaptive=0.00155 lastPeak=0.00000 guard=0.060 activeAge=-1.000 pitch=-1.00Hz pitchCents=0.0
2025-12-14 07:54:55 [tracker] [s2] onset t=61.651 env=0.00132 gate=0.00001 envDelta=0.00131 envFloor=0.00106 onset=0.910 thresh=0.009 onsetDelta=0.90051 baseline=0.00071 adaptive=0.00177 lastPeak=0.00000 guard=0.060 activeAge=-1.000 pitch=-1.00Hz pitchCents=0.0
2025-12-14 07:54:55 [tracker] [s3] onset t=61.723 env=0.00137 gate=0.00008 envDelta=0.00129 envFloor=0.00096 onset=1.137 thresh=0.012 onsetDelta=1.12498 baseline=0.00064 adaptive=0.00160 lastPeak=0.00000 guard=0.060 activeAge=-1.000 pitch=-1.00Hz pitchCents=0.0
2025-12-14 07:54:55 [tracker] [s2] onset t=61.856 env=0.00130 gate=0.00001 envDelta=0.00129 envFloor=0.00107 onset=1.025 thresh=0.009 onsetDelta=1.01585 baseline=0.00071 adaptive=0.00178 lastPeak=0.00000 guard=0.060 activeAge=-1.000 pitch=111.10Hz pitchCents=17.2
2025-12-14 07:54:55 [tracker] [s5] onset t=61.901 env=0.00153 gate=0.00015 envDelta=0.00138 envFloor=0.00108 onset=0.820 thresh=0.016 onsetDelta=0.80387 baseline=0.00072 adaptive=0.00180 lastPeak=0.00000 guard=0.060 activeAge=-1.000 pitch=-1.00Hz pitchCents=0.0
2025-12-14 07:54:56 [tracker] [s4] onset t=61.909 env=0.00140 gate=0.00011 envDelta=0.00130 envFloor=0.00095 onset=1.130 thresh=0.014 onsetDelta=1.11581 baseline=0.00063 adaptive=0.00158 lastPeak=0.00000 guard=0.060 activeAge=-1.000 pitch=-1.00Hz pitchCents=0.0
2025-12-14 07:54:56 [tracker] [s3] onset t=61.928 env=0.00099 gate=0.00008 envDelta=0.00091 envFloor=0.00087 onset=1.181 thresh=0.012 onsetDelta=1.16970 baseline=0.00058 adaptive=0.00146 lastPeak=0.00000 guard=0.060 activeAge=-1.000 pitch=-1.00Hz pitchCents=0.0
2025-12-14 07:54:56 [tracker] [s2] onset t=62.021 env=0.00199 gate=0.00001 envDelta=0.00198 envFloor=0.00099 onset=0.977 thresh=0.009 onsetDelta=0.96810 baseline=0.00066 adaptive=0.00165 lastPeak=0.00000 guard=0.060 activeAge=-1.000 pitch=727.39Hz pitchCents=3270.3
2025-12-14 07:54:56 [tracker] [s4] onset t=62.147 env=0.00203 gate=0.00012 envDelta=0.00191 envFloor=0.00110 onset=0.925 thresh=0.014 onsetDelta=0.91134 baseline=0.00073 adaptive=0.00183 lastPeak=0.00000 guard=0.060 activeAge=-1.000 pitch=-1.00Hz pitchCents=0.0
2025-12-14 07:54:56 [tracker] [s6] onset t=62.160 env=0.00213 gate=0.00022 envDelta=0.00192 envFloor=0.00129 onset=1.086 thresh=0.018 onsetDelta=1.06804 baseline=0.00086 adaptive=0.00215 lastPeak=0.00000 guard=0.060 activeAge=-1.000 pitch=-1.00Hz pitchCents=0.0
2025-12-14 07:54:56 [tracker] [s1] aubio-raw t=62.1945 onset=1.197252 env=0.000789 peak=0.001722 gain=1.000
2025-12-14 07:54:56 [tracker] [s1] onset-accepted t=62.1945 env=0.000789 gate=0.000022 envDelta=0.000767 envFloor=0.000607 onset=1.197252 thresh=0.006000 onsetDelta=1.191252 baseline=0.000405 floor=0.000180 adapt=0.001011 lastPeak=0.000000 baseParam=0.000180 gateRatio=0.0550 envParam=0.000450 onsetScale=0.300 retriggerScale=1.400 guard=0.060 guardRemain=0.000 activeAge=-1.000 retrigRemain=0.000 pitchHz=-1.00 pitchCents=0.0
2025-12-14 07:54:56 [tracker] [s4] onset t=62.253 env=0.00122 gate=0.00011 envDelta=0.00111 envFloor=0.00097 onset=0.651 thresh=0.014 onsetDelta=0.63722 baseline=0.00065 adaptive=0.00162 lastPeak=0.00000 guard=0.060 activeAge=-1.000 pitch=-1.00Hz pitchCents=0.0
2025-12-14 07:54:56 [tracker] [s5] onset t=62.330 env=0.00141 gate=0.00014 envDelta=0.00127 envFloor=0.00101 onset=0.890 thresh=0.016 onsetDelta=0.87386 baseline=0.00067 adaptive=0.00169 lastPeak=0.00000 guard=0.060 activeAge=-1.000 pitch=-1.00Hz pitchCents=0.0
2025-12-14 07:54:56 [tracker] [s2] onset t=62.360 env=0.00109 gate=0.00001 envDelta=0.00108 envFloor=0.00095 onset=0.994 thresh=0.009 onsetDelta=0.98506 baseline=0.00064 adaptive=0.00159 lastPeak=0.00000 guard=0.060 activeAge=-1.000 pitch=94.11Hz pitchCents=-270.1
2025-12-14 07:54:56 [tracker] [s4] onset t=62.442 env=0.00139 gate=0.00011 envDelta=0.00128 envFloor=0.00097 onset=0.999 thresh=0.014 onsetDelta=0.98496 baseline=0.00064 adaptive=0.00161 lastPeak=0.00000 guard=0.060 activeAge=-1.000 pitch=-1.00Hz pitchCents=0.0
2025-12-14 07:54:56 [tracker] [s5] onset t=62.448 env=0.00196 gate=0.00015 envDelta=0.00181 envFloor=0.00110 onset=1.093 thresh=0.016 onsetDelta=1.07692 baseline=0.00073 adaptive=0.00183 lastPeak=0.00000 guard=0.060 activeAge=-1.000 pitch=-1.00Hz pitchCents=0.0
2025-12-14 07:54:56 [tracker] [s6] onset t=62.453 env=0.00215 gate=0.00021 envDelta=0.00194 envFloor=0.00126 onset=1.491 thresh=0.018 onsetDelta=1.47274 baseline=0.00084 adaptive=0.00210 lastPeak=0.00000 guard=0.060 activeAge=-1.000 pitch=-1.00Hz pitchCents=0.0
2025-12-14 07:54:56 [tracker] [s3] onset t=62.517 env=0.00110 gate=0.00008 envDelta=0.00102 envFloor=0.00093 onset=0.998 thresh=0.012 onsetDelta=0.98619 baseline=0.00062 adaptive=0.00156 lastPeak=0.00000 guard=0.060 activeAge=-1.000 pitch=-1.00Hz pitchCents=0.0
2025-12-14 07:54:56 [tracker] [s6] onset t=62.549 env=0.00221 gate=0.00022 envDelta=0.00200 envFloor=0.00130 onset=1.441 thresh=0.018 onsetDelta=1.42324 baseline=0.00087 adaptive=0.00216 lastPeak=0.00000 guard=0.060 activeAge=-1.000 pitch=-1.00Hz pitchCents=0.0
2025-12-14 07:54:56 [tracker] [s4] onset t=62.600 env=0.00140 gate=0.00011 envDelta=0.00129 envFloor=0.00097 onset=0.997 thresh=0.014 onsetDelta=0.98283 baseline=0.00065 adaptive=0.00162 lastPeak=0.00000 guard=0.060 activeAge=-1.000 pitch=-1.00Hz pitchCents=0.0
2025-12-14 07:54:56 [tracker] [s2] onset t=62.685 env=0.00185 gate=0.00001 envDelta=0.00184 envFloor=0.00100 onset=0.942 thresh=0.009 onsetDelta=0.93321 baseline=0.00067 adaptive=0.00167 lastPeak=0.00000 guard=0.060 activeAge=-1.000 pitch=-1.00Hz pitchCents=0.0
2025-12-14 07:54:56 [tracker] [s5] onset t=62.696 env=0.00152 gate=0.00015 envDelta=0.00137 envFloor=0.00104 onset=1.238 thresh=0.016 onsetDelta=1.22201 baseline=0.00070 adaptive=0.00174 lastPeak=0.00000 guard=0.060 activeAge=-1.000 pitch=-1.00Hz pitchCents=0.0
2025-12-14 07:54:56 [tracker] [s1] aubio-raw t=62.8131 onset=1.050301 env=0.000915 peak=0.002167 gain=1.000
2025-12-14 07:54:56 [tracker] [s1] onset-accepted t=62.8131 env=0.000915 gate=0.000024 envDelta=0.000891 envFloor=0.000645 onset=1.050301 thresh=0.006000 onsetDelta=1.044301 baseline=0.000430 floor=0.000180 adapt=0.001074 lastPeak=0.000000 baseParam=0.000180 gateRatio=0.0550 envParam=0.000450 onsetScale=0.300 retriggerScale=1.400 guard=0.060 guardRemain=0.000 activeAge=-1.000 retrigRemain=0.000 pitchHz=-1.00 pitchCents=0.0
2025-12-14 07:54:56 [tracker] [s1] onset t=62.813 env=0.00092 gate=0.00002 envDelta=0.00089 envFloor=0.00064 onset=1.050 thresh=0.006 onsetDelta=1.04430 baseline=0.00043 adaptive=0.00107 lastPeak=0.00000 guard=0.060 activeAge=-1.000 pitch=-1.00Hz pitchCents=0.0
2025-12-14 07:54:56 [tracker] [s2] onset t=62.821 env=0.00164 gate=0.00001 envDelta=0.00163 envFloor=0.00103 onset=1.242 thresh=0.009 onsetDelta=1.23279 baseline=0.00069 adaptive=0.00172 lastPeak=0.00000 guard=0.060 activeAge=-1.000 pitch=-1.00Hz pitchCents=0.0
2025-12-14 07:54:56 [tracker] [s6] onset t=62.834 env=0.00195 gate=0.00021 envDelta=0.00174 envFloor=0.00126 onset=1.014 thresh=0.018 onsetDelta=0.99603 baseline=0.00084 adaptive=0.00210 lastPeak=0.00000 guard=0.060 activeAge=-1.000 pitch=-1.00Hz pitchCents=0.0
2025-12-14 07:54:56 [tracker] [s4] onset t=62.885 env=0.00134 gate=0.00012 envDelta=0.00122 envFloor=0.00102 onset=0.582 thresh=0.014 onsetDelta=0.56848 baseline=0.00068 adaptive=0.00171 lastPeak=0.00000 guard=0.060 activeAge=-1.000 pitch=-1.00Hz pitchCents=0.0
2025-12-14 07:54:57 [tracker] [s3] onset t=62.976 env=0.00111 gate=0.00008 envDelta=0.00103 envFloor=0.00096 onset=1.099 thresh=0.012 onsetDelta=1.08770 baseline=0.00064 adaptive=0.00160 lastPeak=0.00000 guard=0.060 activeAge=-1.000 pitch=-1.00Hz pitchCents=0.0
2025-12-14 07:54:57 [tracker] [s1] aubio-raw t=63.0078 onset=0.994326 env=0.000976 peak=0.002646 gain=1.000
2025-12-14 07:54:57 [tracker] [s1] onset-accepted t=63.0078 env=0.000976 gate=0.000024 envDelta=0.000952 envFloor=0.000644 onset=0.994326 thresh=0.006000 onsetDelta=0.988326 baseline=0.000429 floor=0.000180 adapt=0.001073 lastPeak=0.000000 baseParam=0.000180 gateRatio=0.0550 envParam=0.000450 onsetScale=0.300 retriggerScale=1.400 guard=0.060 guardRemain=0.000 activeAge=-1.000 retrigRemain=0.000 pitchHz=-1.00 pitchCents=0.0
2025-12-14 07:54:57 [tracker] [s1] onset t=63.008 env=0.00098 gate=0.00002 envDelta=0.00095 envFloor=0.00064 onset=0.994 thresh=0.006 onsetDelta=0.98833 baseline=0.00043 adaptive=0.00107 lastPeak=0.00000 guard=0.060 activeAge=-1.000 pitch=-1.00Hz pitchCents=0.0
2025-12-14 07:54:57 [tracker] [s5] onset t=63.048 env=0.00184 gate=0.00015 envDelta=0.00169 envFloor=0.00105 onset=1.001 thresh=0.016 onsetDelta=0.98528 baseline=0.00070 adaptive=0.00174 lastPeak=0.00000 guard=0.060 activeAge=-1.000 pitch=-1.00Hz pitchCents=0.0
2025-12-14 07:54:57 [tracker] [s4] onset t=63.120 env=0.00138 gate=0.00011 envDelta=0.00127 envFloor=0.00097 onset=1.095 thresh=0.014 onsetDelta=1.08134 baseline=0.00065 adaptive=0.00162 lastPeak=0.00000 guard=0.060 activeAge=-1.000 pitch=-1.00Hz pitchCents=0.0
2025-12-14 07:54:57 [tracker] [s3] onset t=63.152 env=0.00124 gate=0.00008 envDelta=0.00116 envFloor=0.00094 onset=0.909 thresh=0.012 onsetDelta=0.89696 baseline=0.00063 adaptive=0.00157 lastPeak=0.00000 guard=0.060 activeAge=-1.000 pitch=-1.00Hz pitchCents=0.0
2025-12-14 07:54:57 [tracker] [s2] onset t=63.162 env=0.00110 gate=0.00001 envDelta=0.00109 envFloor=0.00098 onset=1.039 thresh=0.009 onsetDelta=1.02975 baseline=0.00065 adaptive=0.00164 lastPeak=0.00000 guard=0.060 activeAge=-1.000 pitch=-1.00Hz pitchCents=0.0
2025-12-14 07:54:57 [tracker] [s1] aubio-raw t=63.1704 onset=1.037678 env=0.001152 peak=0.002736 gain=1.000
2025-12-14 07:54:57 [tracker] [s1] onset-accepted t=63.1704 env=0.001152 gate=0.000024 envDelta=0.001128 envFloor=0.000659 onset=1.037678 thresh=0.006000 onsetDelta=1.031678 baseline=0.000439 floor=0.000180 adapt=0.001099 lastPeak=0.000000 baseParam=0.000180 gateRatio=0.0550 envParam=0.000450 onsetScale=0.300 retriggerScale=1.400 guard=0.060 guardRemain=0.000 activeAge=-1.000 retrigRemain=0.000 pitchHz=94.11 pitchCents=229.9
2025-12-14 07:54:57 [tracker] [s1] onset t=63.170 env=0.00115 gate=0.00002 envDelta=0.00113 envFloor=0.00066 onset=1.038 thresh=0.006 onsetDelta=1.03168 baseline=0.00044 adaptive=0.00110 lastPeak=0.00000 guard=0.060 activeAge=-1.000 pitch=94.11Hz pitchCents=229.9
2025-12-14 07:54:57 [tracker] [s3] onset t=63.224 env=0.00156 gate=0.00008 envDelta=0.00148 envFloor=0.00094 onset=0.946 thresh=0.012 onsetDelta=0.93442 baseline=0.00063 adaptive=0.00156 lastPeak=0.00000 guard=0.060 activeAge=-1.000 pitch=-1.00Hz pitchCents=0.0
2025-12-14 07:54:57 [tracker] [s2] onset t=63.293 env=0.00125 gate=0.00001 envDelta=0.00124 envFloor=0.00100 onset=0.993 thresh=0.009 onsetDelta=0.98394 baseline=0.00067 adaptive=0.00167 lastPeak=0.00000 guard=0.060 activeAge=-1.000 pitch=-1.00Hz pitchCents=0.0
2025-12-14 07:54:57 [tracker] [s5] onset t=63.306 env=0.00166 gate=0.00015 envDelta=0.00151 envFloor=0.00110 onset=0.839 thresh=0.016 onsetDelta=0.82275 baseline=0.00073 adaptive=0.00183 lastPeak=0.00000 guard=0.060 activeAge=-1.000 pitch=-1.00Hz pitchCents=0.0
2025-12-14 07:54:57 [tracker] [s2] onset t=63.370 env=0.00124 gate=0.00001 envDelta=0.00124 envFloor=0.00092 onset=0.983 thresh=0.009 onsetDelta=0.97390 baseline=0.00061 adaptive=0.00153 lastPeak=0.00000 guard=0.060 activeAge=-1.000 pitch=399.93Hz pitchCents=2234.7
2025-12-14 07:54:57 [tracker] [s6] onset t=63.392 env=0.00209 gate=0.00020 envDelta=0.00189 envFloor=0.00123 onset=1.091 thresh=0.018 onsetDelta=1.07307 baseline=0.00082 adaptive=0.00204 lastPeak=0.00000 guard=0.060 activeAge=-1.000 pitch=-1.00Hz pitchCents=0.0
2025-12-14 07:54:57 [tracker] [s1] aubio-raw t=63.4397 onset=0.994274 env=0.000766 peak=0.001872 gain=1.000
2025-12-14 07:54:57 [tracker] [s1] onset-accepted t=63.4397 env=0.000766 gate=0.000023 envDelta=0.000743 envFloor=0.000641 onset=0.994274 thresh=0.006000 onsetDelta=0.988274 baseline=0.000427 floor=0.000180 adapt=0.001068 lastPeak=0.000000 baseParam=0.000180 gateRatio=0.0550 envParam=0.000450 onsetScale=0.300 retriggerScale=1.400 guard=0.060 guardRemain=0.000 activeAge=-1.000 retrigRemain=0.000 pitchHz=-1.00 pitchCents=0.0
2025-12-14 07:54:57 [tracker] [s1] onset t=63.440 env=0.00077 gate=0.00002 envDelta=0.00074 envFloor=0.00064 onset=0.994 thresh=0.006 onsetDelta=0.98827 baseline=0.00043 adaptive=0.00107 lastPeak=0.00000 guard=0.060 activeAge=-1.000 pitch=-1.00Hz pitchCents=0.0
2025-12-14 07:54:57 [tracker] [s6] onset t=63.448 env=0.00156 gate=0.00020 envDelta=0.00137 envFloor=0.00118 onset=1.020 thresh=0.018 onsetDelta=1.00203 baseline=0.00079 adaptive=0.00196 lastPeak=0.00000 guard=0.060 activeAge=-1.000 pitch=-1.00Hz pitchCents=0.0
2025-12-14 07:54:57 [tracker] [s2] onset t=63.584 env=0.00142 gate=0.00001 envDelta=0.00141 envFloor=0.00099 onset=0.996 thresh=0.009 onsetDelta=0.98670 baseline=0.00066 adaptive=0.00165 lastPeak=0.00000 guard=0.060 activeAge=-1.000 pitch=-1.00Hz pitchCents=0.0
2025-12-14 07:54:57 [tracker] [s3] onset t=63.698 env=0.00180 gate=0.00008 envDelta=0.00172 envFloor=0.00095 onset=0.906 thresh=0.012 onsetDelta=0.89488 baseline=0.00064 adaptive=0.00159 lastPeak=0.00000 guard=0.060 activeAge=-1.000 pitch=-1.00Hz pitchCents=0.0
2025-12-14 07:54:57 [tracker] [s4] onset t=63.752 env=0.00174 gate=0.00011 envDelta=0.00163 envFloor=0.00101 onset=1.477 thresh=0.014 onsetDelta=1.46274 baseline=0.00067 adaptive=0.00168 lastPeak=0.00000 guard=0.060 activeAge=-1.000 pitch=-1.00Hz pitchCents=0.0
2025-12-14 07:54:57 [tracker] [s3] onset t=63.850 env=0.00109 gate=0.00008 envDelta=0.00101 envFloor=0.00090 onset=0.994 thresh=0.012 onsetDelta=0.98262 baseline=0.00060 adaptive=0.00150 lastPeak=0.00000 guard=0.060 activeAge=-1.000 pitch=-1.00Hz pitchCents=0.0
2025-12-14 07:54:58 [tracker] [s1] aubio-raw t=63.9250 onset=1.167924 env=0.001000 peak=0.002459 gain=1.000
2025-12-14 07:54:58 [tracker] [s1] onset-accepted t=63.9250 env=0.001000 gate=0.000023 envDelta=0.000977 envFloor=0.000634 onset=1.167924 thresh=0.006000 onsetDelta=1.161924 baseline=0.000423 floor=0.000180 adapt=0.001057 lastPeak=0.000000 baseParam=0.000180 gateRatio=0.0550 envParam=0.000450 onsetScale=0.300 retriggerScale=1.400 guard=0.060 guardRemain=0.000 activeAge=-1.000 retrigRemain=0.000 pitchHz=228.58 pitchCents=1766.3
2025-12-14 07:54:58 [tracker] [s1] onset t=63.925 env=0.00100 gate=0.00002 envDelta=0.00098 envFloor=0.00063 onset=1.168 thresh=0.006 onsetDelta=1.16192 baseline=0.00042 adaptive=0.00106 lastPeak=0.00000 guard=0.060 activeAge=-1.000 pitch=228.58Hz pitchCents=1766.3
2025-12-14 07:54:58 [tracker] [s3] onset t=63.984 env=0.00132 gate=0.00008 envDelta=0.00124 envFloor=0.00091 onset=0.994 thresh=0.012 onsetDelta=0.98223 baseline=0.00061 adaptive=0.00152 lastPeak=0.00000 guard=0.060 activeAge=-1.000 pitch=-1.00Hz pitchCents=0.0
2025-12-14 07:54:58 [tracker] [s4] onset t=64.056 env=0.00145 gate=0.00011 envDelta=0.00134 envFloor=0.00100 onset=0.656 thresh=0.014 onsetDelta=0.64247 baseline=0.00066 adaptive=0.00166 lastPeak=0.00000 guard=0.060 activeAge=-1.000 pitch=-1.00Hz pitchCents=0.0
2025-12-14 07:54:58 [tracker] [s6] onset t=64.090 env=0.00199 gate=0.00021 envDelta=0.00178 envFloor=0.00128 onset=1.000 thresh=0.018 onsetDelta=0.98188 baseline=0.00085 adaptive=0.00213 lastPeak=0.00000 guard=0.060 activeAge=-1.000 pitch=-1.00Hz pitchCents=0.0
2025-12-14 07:54:58 [tracker] [s3] onset t=64.107 env=0.00155 gate=0.00008 envDelta=0.00147 envFloor=0.00092 onset=0.991 thresh=0.012 onsetDelta=0.97947 baseline=0.00061 adaptive=0.00153 lastPeak=0.00000 guard=0.060 activeAge=-1.000 pitch=-1.00Hz pitchCents=0.0
2025-12-14 07:54:58 [tracker] [s5] onset t=64.205 env=0.00180 gate=0.00015 envDelta=0.00165 envFloor=0.00104 onset=0.995 thresh=0.016 onsetDelta=0.97939 baseline=0.00070 adaptive=0.00174 lastPeak=0.00000 guard=0.060 activeAge=-1.000 pitch=-1.00Hz pitchCents=0.0
2025-12-14 07:54:58 [tracker] [s6] onset t=64.219 env=0.00182 gate=0.00019 envDelta=0.00162 envFloor=0.00116 onset=0.610 thresh=0.018 onsetDelta=0.59162 baseline=0.00077 adaptive=0.00193 lastPeak=0.00000 guard=0.060 activeAge=-1.000 pitch=-1.00Hz pitchCents=0.0
2025-12-14 07:54:58 [tracker] [s2] onset t=64.235 env=0.00190 gate=0.00001 envDelta=0.00189 envFloor=0.00102 onset=0.849 thresh=0.009 onsetDelta=0.84038 baseline=0.00068 adaptive=0.00170 lastPeak=0.00000 guard=0.060 activeAge=-1.000 pitch=381.03Hz pitchCents=2150.9
2025-12-14 07:54:58 [tracker] [s6] onset t=64.275 env=0.00194 gate=0.00020 envDelta=0.00175 envFloor=0.00119 onset=0.887 thresh=0.018 onsetDelta=0.86869 baseline=0.00079 adaptive=0.00198 lastPeak=0.00000 guard=0.060 activeAge=-1.000 pitch=-1.00Hz pitchCents=0.0
2025-12-14 07:54:58 [tracker] [s5] onset t=64.285 env=0.00166 gate=0.00014 envDelta=0.00152 envFloor=0.00101 onset=0.997 thresh=0.016 onsetDelta=0.98059 baseline=0.00067 adaptive=0.00169 lastPeak=0.00000 guard=0.060 activeAge=-1.000 pitch=-1.00Hz pitchCents=0.0
2025-12-14 07:54:58 [tracker] [s1] aubio-raw t=64.3148 onset=1.030645 env=0.000984 peak=0.002385 gain=1.000
2025-12-14 07:54:58 [tracker] [s1] onset-accepted t=64.3148 env=0.000984 gate=0.000025 envDelta=0.000959 envFloor=0.000685 onset=1.030645 thresh=0.006000 onsetDelta=1.024644 baseline=0.000456 floor=0.000180 adapt=0.001141 lastPeak=0.000000 baseParam=0.000180 gateRatio=0.0550 envParam=0.000450 onsetScale=0.300 retriggerScale=1.400 guard=0.060 guardRemain=0.000 activeAge=-1.000 retrigRemain=0.000 pitchHz=94.12 pitchCents=230.0
2025-12-14 07:54:58 [tracker] [s1] onset t=64.315 env=0.00098 gate=0.00003 envDelta=0.00096 envFloor=0.00068 onset=1.031 thresh=0.006 onsetDelta=1.02464 baseline=0.00046 adaptive=0.00114 lastPeak=0.00000 guard=0.060 activeAge=-1.000 pitch=94.12Hz pitchCents=230.0
2025-12-14 07:54:58 [tracker] [s6] onset t=64.331 env=0.00213 gate=0.00021 envDelta=0.00192 envFloor=0.00127 onset=0.793 thresh=0.018 onsetDelta=0.77463 baseline=0.00084 adaptive=0.00211 lastPeak=0.00000 guard=0.060 activeAge=-1.000 pitch=-1.00Hz pitchCents=0.0
2025-12-14 07:54:58 [tracker] [s3] onset t=64.416 env=0.00142 gate=0.00008 envDelta=0.00133 envFloor=0.00096 onset=0.935 thresh=0.012 onsetDelta=0.92298 baseline=0.00064 adaptive=0.00161 lastPeak=0.00000 guard=0.060 activeAge=-1.000 pitch=-1.00Hz pitchCents=0.0
2025-12-14 07:54:58 [tracker] [s2] onset t=64.440 env=0.00234 gate=0.00001 envDelta=0.00233 envFloor=0.00114 onset=0.998 thresh=0.009 onsetDelta=0.98897 baseline=0.00076 adaptive=0.00190 lastPeak=0.00000 guard=0.060 activeAge=-1.000 pitch=-1.00Hz pitchCents=0.0
2025-12-14 07:54:58 [tracker] [s6] onset t=64.446 env=0.00212 gate=0.00022 envDelta=0.00190 envFloor=0.00130 onset=0.998 thresh=0.018 onsetDelta=0.98015 baseline=0.00087 adaptive=0.00216 lastPeak=0.00000 guard=0.060 activeAge=-1.000 pitch=-1.00Hz pitchCents=0.0
2025-12-14 07:54:58 [tracker] [s3] onset t=64.467 env=0.00149 gate=0.00009 envDelta=0.00140 envFloor=0.00099 onset=1.305 thresh=0.012 onsetDelta=1.29369 baseline=0.00066 adaptive=0.00166 lastPeak=0.00000 guard=0.060 activeAge=-1.000 pitch=-1.00Hz pitchCents=0.0
2025-12-14 07:54:58 [tracker] [s4] onset t=64.470 env=0.00152 gate=0.00011 envDelta=0.00140 envFloor=0.00100 onset=0.662 thresh=0.014 onsetDelta=0.64801 baseline=0.00067 adaptive=0.00167 lastPeak=0.00000 guard=0.060 activeAge=-1.000 pitch=-1.00Hz pitchCents=0.0
2025-12-14 07:54:58 [tracker] [s6] onset t=64.507 env=0.00193 gate=0.00021 envDelta=0.00172 envFloor=0.00124 onset=0.597 thresh=0.018 onsetDelta=0.57905 baseline=0.00082 adaptive=0.00206 lastPeak=0.00000 guard=0.060 activeAge=-1.000 pitch=-1.00Hz pitchCents=0.0
2025-12-14 07:54:58 [tracker] [s1] aubio-raw t=64.5177 onset=1.172233 env=0.000797 peak=0.001959 gain=1.000
2025-12-14 07:54:58 [tracker] [s1] onset-accepted t=64.5177 env=0.000797 gate=0.000024 envDelta=0.000773 envFloor=0.000655 onset=1.172233 thresh=0.006000 onsetDelta=1.166233 baseline=0.000437 floor=0.000180 adapt=0.001092 lastPeak=0.000000 baseParam=0.000180 gateRatio=0.0550 envParam=0.000450 onsetScale=0.300 retriggerScale=1.400 guard=0.060 guardRemain=0.000 activeAge=-1.000 retrigRemain=0.000 pitchHz=-1.00 pitchCents=0.0
2025-12-14 07:54:58 [tracker] [s1] onset t=64.518 env=0.00080 gate=0.00002 envDelta=0.00077 envFloor=0.00066 onset=1.172 thresh=0.006 onsetDelta=1.16623 baseline=0.00044 adaptive=0.00109 lastPeak=0.00000 guard=0.060 activeAge=-1.000 pitch=-1.00Hz pitchCents=0.0
2025-12-14 07:54:58 [tracker] [s3] onset t=64.635 env=0.00113 gate=0.00008 envDelta=0.00105 envFloor=0.00087 onset=1.377 thresh=0.012 onsetDelta=1.36554 baseline=0.00058 adaptive=0.00145 lastPeak=0.00000 guard=0.060 activeAge=-1.000 pitch=-1.00Hz pitchCents=0.0
2025-12-14 07:54:58 [tracker] [s4] onset t=64.665 env=0.00154 gate=0.00011 envDelta=0.00143 envFloor=0.00096 onset=0.919 thresh=0.014 onsetDelta=0.90546 baseline=0.00064 adaptive=0.00161 lastPeak=0.00000 guard=0.060 activeAge=-1.000 pitch=-1.00Hz pitchCents=0.0
2025-12-14 07:54:58 [tracker] [s5] onset t=64.721 env=0.00182 gate=0.00015 envDelta=0.00168 envFloor=0.00106 onset=0.996 thresh=0.016 onsetDelta=0.98009 baseline=0.00071 adaptive=0.00177 lastPeak=0.00000 guard=0.060 activeAge=-1.000 pitch=-1.00Hz pitchCents=0.0
2025-12-14 07:54:58 [tracker] [s6] onset t=64.734 env=0.00185 gate=0.00021 envDelta=0.00164 envFloor=0.00127 onset=1.350 thresh=0.018 onsetDelta=1.33224 baseline=0.00084 adaptive=0.00211 lastPeak=0.00000 guard=0.060 activeAge=-1.000 pitch=-1.00Hz pitchCents=0.0
2025-12-14 07:54:58 [tracker] [s3] onset t=64.737 env=0.00151 gate=0.00008 envDelta=0.00143 envFloor=0.00091 onset=0.965 thresh=0.012 onsetDelta=0.95379 baseline=0.00061 adaptive=0.00151 lastPeak=0.00000 guard=0.060 activeAge=-1.000 pitch=-1.00Hz pitchCents=0.0
2025-12-14 07:54:58 [tracker] [s1] aubio-raw t=64.8355 onset=0.975719 env=0.000640 peak=0.001732 gain=1.000
2025-12-14 07:54:58 [tracker] [s1] onset-accepted t=64.8355 env=0.000640 gate=0.000023 envDelta=0.000617 envFloor=0.000633 onset=0.975719 thresh=0.006000 onsetDelta=0.969719 baseline=0.000422 floor=0.000180 adapt=0.001055 lastPeak=0.000000 baseParam=0.000180 gateRatio=0.0550 envParam=0.000450 onsetScale=0.300 retriggerScale=1.400 guard=0.060 guardRemain=0.000 activeAge=-1.000 retrigRemain=0.000 pitchHz=95.24 pitchCents=250.5
2025-12-14 07:54:58 [tracker] [s1] onset t=64.836 env=0.00064 gate=0.00002 envDelta=0.00062 envFloor=0.00063 onset=0.976 thresh=0.006 onsetDelta=0.96972 baseline=0.00042 adaptive=0.00106 lastPeak=0.00000 guard=0.060 activeAge=-1.000 pitch=95.24Hz pitchCents=250.5
2025-12-14 07:54:58 [tracker] [s2] onset t=64.841 env=0.00180 gate=0.00001 envDelta=0.00180 envFloor=0.00109 onset=0.981 thresh=0.009 onsetDelta=0.97154 baseline=0.00072 adaptive=0.00181 lastPeak=0.00000 guard=0.060 activeAge=-1.000 pitch=-1.00Hz pitchCents=0.0
2025-12-14 07:54:58 [tracker] [s4] onset t=64.849 env=0.00176 gate=0.00011 envDelta=0.00165 envFloor=0.00100 onset=0.995 thresh=0.014 onsetDelta=0.98055 baseline=0.00067 adaptive=0.00166 lastPeak=0.00000 guard=0.060 activeAge=-1.000 pitch=-1.00Hz pitchCents=0.0
2025-12-14 07:54:58 [tracker] [s6] onset t=64.892 env=0.00204 gate=0.00021 envDelta=0.00183 envFloor=0.00125 onset=0.981 thresh=0.018 onsetDelta=0.96321 baseline=0.00084 adaptive=0.00209 lastPeak=0.00000 guard=0.060 activeAge=-1.000 pitch=-1.00Hz pitchCents=0.0
2025-12-14 07:54:59 [tracker] [s5] onset t=64.974 env=0.00165 gate=0.00014 envDelta=0.00151 envFloor=0.00103 onset=0.999 thresh=0.016 onsetDelta=0.98253 baseline=0.00069 adaptive=0.00172 lastPeak=0.00000 guard=0.060 activeAge=-1.000 pitch=-1.00Hz pitchCents=0.0
2025-12-14 07:54:59 [tracker] [s6] onset t=64.998 env=0.00161 gate=0.00019 envDelta=0.00141 envFloor=0.00116 onset=1.048 thresh=0.018 onsetDelta=1.03027 baseline=0.00078 adaptive=0.00194 lastPeak=0.00000 guard=0.060 activeAge=-1.000 pitch=-1.00Hz pitchCents=0.0
2025-12-14 07:54:59 [tracker] [s4] onset t=65.057 env=0.00153 gate=0.00011 envDelta=0.00143 envFloor=0.00093 onset=1.001 thresh=0.014 onsetDelta=0.98664 baseline=0.00062 adaptive=0.00155 lastPeak=0.00000 guard=0.060 activeAge=-1.000 pitch=-1.00Hz pitchCents=0.0
2025-12-14 07:54:59 [tracker] [s3] onset t=65.108 env=0.00133 gate=0.00008 envDelta=0.00125 envFloor=0.00094 onset=0.992 thresh=0.012 onsetDelta=0.97992 baseline=0.00063 adaptive=0.00157 lastPeak=0.00000 guard=0.060 activeAge=-1.000 pitch=-1.00Hz pitchCents=0.0
2025-12-14 07:54:59 [tracker] [s1] aubio-raw t=65.1292 onset=0.922268 env=0.000553 peak=0.001357 gain=1.000
2025-12-14 07:54:59 [tracker] [s1] onset-below-env-floor t=65.1292 env=0.000553 gate=0.000024 envDelta=0.000529 envFloor=0.000658 onset=0.922268 thresh=0.006000 onsetDelta=0.916268 baseline=0.000438 floor=0.000180 adapt=0.001096 lastPeak=0.000000 baseParam=0.000180 gateRatio=0.0550 envParam=0.000450 onsetScale=0.300 retriggerScale=1.400 guard=0.060 guardRemain=0.000 activeAge=-1.000 retrigRemain=0.000 pitchHz=-1.00 pitchCents=0.0
2025-12-14 07:54:59 [tracker] [s5] onset t=65.132 env=0.00184 gate=0.00015 envDelta=0.00169 envFloor=0.00107 onset=1.001 thresh=0.016 onsetDelta=0.98454 baseline=0.00071 adaptive=0.00178 lastPeak=0.00000 guard=0.060 activeAge=-1.000 pitch=-1.00Hz pitchCents=0.0
2025-12-14 07:54:59 [tracker] [s6] onset t=65.135 env=0.00222 gate=0.00021 envDelta=0.00201 envFloor=0.00129 onset=1.387 thresh=0.018 onsetDelta=1.36907 baseline=0.00086 adaptive=0.00215 lastPeak=0.00000 guard=0.060 activeAge=-1.000 pitch=-1.00Hz pitchCents=0.0
2025-12-14 07:54:59 [tracker] [s5] onset t=65.247 env=0.00168 gate=0.00015 envDelta=0.00153 envFloor=0.00109 onset=1.000 thresh=0.016 onsetDelta=0.98377 baseline=0.00073 adaptive=0.00182 lastPeak=0.00000 guard=0.060 activeAge=-1.000 pitch=-1.00Hz pitchCents=0.0
2025-12-14 07:54:59 [tracker] [s5] onset t=65.388 env=0.00147 gate=0.00014 envDelta=0.00132 envFloor=0.00102 onset=1.052 thresh=0.016 onsetDelta=1.03641 baseline=0.00068 adaptive=0.00170 lastPeak=0.00000 guard=0.060 activeAge=-1.000 pitch=-1.00Hz pitchCents=0.0
2025-12-14 07:54:59 [tracker] [s6] onset t=65.522 env=0.00208 gate=0.00021 envDelta=0.00187 envFloor=0.00129 onset=0.909 thresh=0.018 onsetDelta=0.89132 baseline=0.00086 adaptive=0.00215 lastPeak=0.00000 guard=0.060 activeAge=-1.000 pitch=-1.00Hz pitchCents=0.0
2025-12-14 07:54:59 [tracker] [s3] onset t=65.642 env=0.00154 gate=0.00008 envDelta=0.00146 envFloor=0.00096 onset=0.998 thresh=0.012 onsetDelta=0.98628 baseline=0.00064 adaptive=0.00160 lastPeak=0.00000 guard=0.060 activeAge=-1.000 pitch=-1.00Hz pitchCents=0.0
2025-12-14 07:54:59 [tracker] [s4] onset t=65.666 env=0.00156 gate=0.00011 envDelta=0.00145 envFloor=0.00097 onset=0.996 thresh=0.014 onsetDelta=0.98178 baseline=0.00064 adaptive=0.00161 lastPeak=0.00000 guard=0.060 activeAge=-1.000 pitch=-1.00Hz pitchCents=0.0
2025-12-14 07:54:59 [tracker] [s4] onset t=65.751 env=0.00152 gate=0.00010 envDelta=0.00142 envFloor=0.00091 onset=1.254 thresh=0.014 onsetDelta=1.24020 baseline=0.00061 adaptive=0.00152 lastPeak=0.00000 guard=0.060 activeAge=-1.000 pitch=-1.00Hz pitchCents=0.0
2025-12-14 07:54:59 [tracker] [s1] aubio-raw t=65.7781 onset=0.812650 env=0.000715 peak=0.002457 gain=1.000
2025-12-14 07:54:59 [tracker] [s1] onset-accepted t=65.7781 env=0.000715 gate=0.000023 envDelta=0.000692 envFloor=0.000629 onset=0.812650 thresh=0.006000 onsetDelta=0.806650 baseline=0.000419 floor=0.000180 adapt=0.001048 lastPeak=0.000000 baseParam=0.000180 gateRatio=0.0550 envParam=0.000450 onsetScale=0.300 retriggerScale=1.400 guard=0.060 guardRemain=0.000 activeAge=-1.000 retrigRemain=0.000 pitchHz=275.83 pitchCents=2091.5
2025-12-14 07:54:59 [tracker] [s1] onset t=65.778 env=0.00072 gate=0.00002 envDelta=0.00069 envFloor=0.00063 onset=0.813 thresh=0.006 onsetDelta=0.80665 baseline=0.00042 adaptive=0.00105 lastPeak=0.00000 guard=0.060 activeAge=-1.000 pitch=275.83Hz pitchCents=2091.5
2025-12-14 07:54:59 [tracker] [s5] onset t=65.786 env=0.00155 gate=0.00014 envDelta=0.00140 envFloor=0.00104 onset=0.798 thresh=0.016 onsetDelta=0.78200 baseline=0.00069 adaptive=0.00173 lastPeak=0.00000 guard=0.060 activeAge=-1.000 pitch=-1.00Hz pitchCents=0.0
2025-12-14 07:54:59 [tracker] [s2] onset t=65.802 env=0.00113 gate=0.00001 envDelta=0.00112 envFloor=0.00100 onset=0.681 thresh=0.009 onsetDelta=0.67165 baseline=0.00067 adaptive=0.00167 lastPeak=0.00000 guard=0.060 activeAge=-1.000 pitch=-1.00Hz pitchCents=0.0
2025-12-14 07:55:00 [tracker] [s5] onset t=65.930 env=0.00152 gate=0.00016 envDelta=0.00137 envFloor=0.00111 onset=1.075 thresh=0.016 onsetDelta=1.05946 baseline=0.00074 adaptive=0.00185 lastPeak=0.00000 guard=0.060 activeAge=-1.000 pitch=-1.00Hz pitchCents=0.0
2025-12-14 07:55:00 [tracker] [s3] onset t=65.960 env=0.00161 gate=0.00008 envDelta=0.00153 envFloor=0.00095 onset=0.737 thresh=0.012 onsetDelta=0.72531 baseline=0.00063 adaptive=0.00158 lastPeak=0.00000 guard=0.060 activeAge=-1.000 pitch=-1.00Hz pitchCents=0.0
2025-12-14 07:55:00 [tracker] [s1] aubio-raw t=65.9864 onset=0.995462 env=0.001062 peak=0.002497 gain=1.000
2025-12-14 07:55:00 [tracker] [s1] onset-accepted t=65.9864 env=0.001062 gate=0.000024 envDelta=0.001039 envFloor=0.000649 onset=0.995462 thresh=0.006000 onsetDelta=0.989462 baseline=0.000433 floor=0.000180 adapt=0.001082 lastPeak=0.000000 baseParam=0.000180 gateRatio=0.0550 envParam=0.000450 onsetScale=0.300 retriggerScale=1.400 guard=0.060 guardRemain=0.000 activeAge=-1.000 retrigRemain=0.000 pitchHz=-1.00 pitchCents=0.0
2025-12-14 07:55:00 [tracker] [s1] onset t=65.986 env=0.00106 gate=0.00002 envDelta=0.00104 envFloor=0.00065 onset=0.995 thresh=0.006 onsetDelta=0.98946 baseline=0.00043 adaptive=0.00108 lastPeak=0.00000 guard=0.060 activeAge=-1.000 pitch=-1.00Hz pitchCents=0.0
2025-12-14 07:55:00 [tracker] [s4] onset t=66.042 env=0.00124 gate=0.00011 envDelta=0.00113 envFloor=0.00099 onset=1.195 thresh=0.014 onsetDelta=1.18121 baseline=0.00066 adaptive=0.00164 lastPeak=0.00000 guard=0.060 activeAge=-1.000 pitch=-1.00Hz pitchCents=0.0
2025-12-14 07:55:00 [tracker] [s3] onset t=66.117 env=0.00125 gate=0.00008 envDelta=0.00117 envFloor=0.00089 onset=1.152 thresh=0.012 onsetDelta=1.14001 baseline=0.00059 adaptive=0.00148 lastPeak=0.00000 guard=0.060 activeAge=-1.000 pitch=-1.00Hz pitchCents=0.0
2025-12-14 07:55:00 [tracker] [s1] aubio-raw t=66.2080 onset=0.762511 env=0.001152 peak=0.002320 gain=1.000
2025-12-14 07:55:00 [tracker] [s1] onset-accepted t=66.2080 env=0.001152 gate=0.000023 envDelta=0.001129 envFloor=0.000633 onset=0.762511 thresh=0.006000 onsetDelta=0.756511 baseline=0.000422 floor=0.000180 adapt=0.001054 lastPeak=0.000000 baseParam=0.000180 gateRatio=0.0550 envParam=0.000450 onsetScale=0.300 retriggerScale=1.400 guard=0.060 guardRemain=0.000 activeAge=-1.000 retrigRemain=0.000 pitchHz=-1.00 pitchCents=0.0
2025-12-14 07:55:00 [tracker] [s1] onset t=66.208 env=0.00115 gate=0.00002 envDelta=0.00113 envFloor=0.00063 onset=0.763 thresh=0.006 onsetDelta=0.75651 baseline=0.00042 adaptive=0.00105 lastPeak=0.00000 guard=0.060 activeAge=-1.000 pitch=-1.00Hz pitchCents=0.0
2025-12-14 07:55:00 [tracker] [s6] onset t=66.272 env=0.00208 gate=0.00021 envDelta=0.00188 envFloor=0.00125 onset=0.999 thresh=0.018 onsetDelta=0.98109 baseline=0.00083 adaptive=0.00208 lastPeak=0.00000 guard=0.060 activeAge=-1.000 pitch=-1.00Hz pitchCents=0.0
2025-12-14 07:55:00 [tracker] [s2] onset t=66.307 env=0.00165 gate=0.00001 envDelta=0.00165 envFloor=0.00101 onset=0.776 thresh=0.009 onsetDelta=0.76655 baseline=0.00067 adaptive=0.00168 lastPeak=0.00000 guard=0.060 activeAge=-1.000 pitch=-1.00Hz pitchCents=0.0
2025-12-14 07:55:00 [tracker] [s6] onset t=66.331 env=0.00196 gate=0.00021 envDelta=0.00175 envFloor=0.00128 onset=1.338 thresh=0.018 onsetDelta=1.31975 baseline=0.00086 adaptive=0.00214 lastPeak=0.00000 guard=0.060 activeAge=-1.000 pitch=-1.00Hz pitchCents=0.0
2025-12-14 07:55:00 [tracker] [s2] onset t=66.374 env=0.00111 gate=0.00001 envDelta=0.00111 envFloor=0.00092 onset=0.712 thresh=0.009 onsetDelta=0.70269 baseline=0.00061 adaptive=0.00154 lastPeak=0.00000 guard=0.060 activeAge=-1.000 pitch=-1.00Hz pitchCents=0.0
2025-12-14 07:55:00 [tracker] [s5] onset t=66.470 env=0.00148 gate=0.00015 envDelta=0.00133 envFloor=0.00104 onset=1.098 thresh=0.016 onsetDelta=1.08217 baseline=0.00070 adaptive=0.00174 lastPeak=0.00000 guard=0.060 activeAge=-1.000 pitch=-1.00Hz pitchCents=0.0
2025-12-14 07:55:00 [tracker] [s4] onset t=66.480 env=0.00140 gate=0.00011 envDelta=0.00129 envFloor=0.00095 onset=1.239 thresh=0.014 onsetDelta=1.22488 baseline=0.00063 adaptive=0.00158 lastPeak=0.00000 guard=0.060 activeAge=-1.000 pitch=-1.00Hz pitchCents=0.0
2025-12-14 07:55:00 [tracker] [s2] onset t=66.547 env=0.00128 gate=0.00001 envDelta=0.00127 envFloor=0.00101 onset=1.027 thresh=0.009 onsetDelta=1.01840 baseline=0.00067 adaptive=0.00168 lastPeak=0.00000 guard=0.060 activeAge=-1.000 pitch=-1.00Hz pitchCents=0.0
2025-12-14 07:55:00 [tracker] [s5] onset t=66.654 env=0.00178 gate=0.00015 envDelta=0.00163 envFloor=0.00109 onset=1.232 thresh=0.016 onsetDelta=1.21616 baseline=0.00073 adaptive=0.00182 lastPeak=0.00000 guard=0.060 activeAge=-1.000 pitch=-1.00Hz pitchCents=0.0
2025-12-14 07:55:00 [tracker] [s3] onset t=66.681 env=0.00126 gate=0.00008 envDelta=0.00118 envFloor=0.00091 onset=0.944 thresh=0.012 onsetDelta=0.93258 baseline=0.00061 adaptive=0.00152 lastPeak=0.00000 guard=0.060 activeAge=-1.000 pitch=-1.00Hz pitchCents=0.0
2025-12-14 07:55:00 [tracker] [s5] onset t=66.790 env=0.00139 gate=0.00015 envDelta=0.00124 envFloor=0.00106 onset=0.950 thresh=0.016 onsetDelta=0.93436 baseline=0.00071 adaptive=0.00177 lastPeak=0.00000 guard=0.060 activeAge=-1.000 pitch=-1.00Hz pitchCents=0.0
2025-12-14 07:55:00 [tracker] [s4] onset t=66.806 env=0.00115 gate=0.00011 envDelta=0.00104 envFloor=0.00097 onset=1.124 thresh=0.014 onsetDelta=1.10977 baseline=0.00065 adaptive=0.00161 lastPeak=0.00000 guard=0.060 activeAge=-1.000 pitch=-1.00Hz pitchCents=0.0
2025-12-14 07:55:00 [tracker] [s4] onset t=66.908 env=0.00154 gate=0.00011 envDelta=0.00143 envFloor=0.00094 onset=0.971 thresh=0.014 onsetDelta=0.95653 baseline=0.00063 adaptive=0.00157 lastPeak=0.00000 guard=0.060 activeAge=-1.000 pitch=-1.00Hz pitchCents=0.0
2025-12-14 07:55:01 [tracker] [s3] onset t=66.982 env=0.00133 gate=0.00007 envDelta=0.00125 envFloor=0.00086 onset=0.563 thresh=0.012 onsetDelta=0.55170 baseline=0.00057 adaptive=0.00143 lastPeak=0.00000 guard=0.060 activeAge=-1.000 pitch=-1.00Hz pitchCents=0.0
2025-12-14 07:55:01 [tracker] [s6] onset t=67.028 env=0.00184 gate=0.00021 envDelta=0.00163 envFloor=0.00128 onset=0.799 thresh=0.018 onsetDelta=0.78137 baseline=0.00086 adaptive=0.00214 lastPeak=0.00000 guard=0.060 activeAge=-1.000 pitch=-1.00Hz pitchCents=0.0
2025-12-14 07:55:01 [tracker] [s5] onset t=67.087 env=0.00159 gate=0.00015 envDelta=0.00144 envFloor=0.00108 onset=1.002 thresh=0.016 onsetDelta=0.98557 baseline=0.00072 adaptive=0.00180 lastPeak=0.00000 guard=0.060 activeAge=-1.000 pitch=-1.00Hz pitchCents=0.0
2025-12-14 07:55:01 [tracker] [s1] aubio-raw t=67.1346 onset=1.422790 env=0.000808 peak=0.001959 gain=1.000
2025-12-14 07:55:01 [tracker] [s1] onset-accepted t=67.1346 env=0.000808 gate=0.000022 envDelta=0.000786 envFloor=0.000610 onset=1.422790 thresh=0.006000 onsetDelta=1.416790 baseline=0.000407 floor=0.000180 adapt=0.001017 lastPeak=0.000000 baseParam=0.000180 gateRatio=0.0550 envParam=0.000450 onsetScale=0.300 retriggerScale=1.400 guard=0.060 guardRemain=0.000 activeAge=-1.000 retrigRemain=0.000 pitchHz=-1.00 pitchCents=0.0
2025-12-14 07:55:01 [tracker] [s1] onset t=67.135 env=0.00081 gate=0.00002 envDelta=0.00079 envFloor=0.00061 onset=1.423 thresh=0.006 onsetDelta=1.41679 baseline=0.00041 adaptive=0.00102 lastPeak=0.00000 guard=0.060 activeAge=-1.000 pitch=-1.00Hz pitchCents=0.0
2025-12-14 07:55:01 [tracker] [s3] onset t=67.148 env=0.00136 gate=0.00008 envDelta=0.00128 envFloor=0.00094 onset=0.881 thresh=0.012 onsetDelta=0.86962 baseline=0.00063 adaptive=0.00157 lastPeak=0.00000 guard=0.060 activeAge=-1.000 pitch=-1.00Hz pitchCents=0.0
2025-12-14 07:55:01 [tracker] [s2] onset t=67.228 env=0.00230 gate=0.00001 envDelta=0.00229 envFloor=0.00104 onset=0.972 thresh=0.009 onsetDelta=0.96324 baseline=0.00069 adaptive=0.00173 lastPeak=0.00000 guard=0.060 activeAge=-1.000 pitch=727.37Hz pitchCents=3270.2
2025-12-14 07:55:01 [tracker] [s5] onset t=67.287 env=0.00133 gate=0.00014 envDelta=0.00119 envFloor=0.00100 onset=1.316 thresh=0.016 onsetDelta=1.29992 baseline=0.00067 adaptive=0.00167 lastPeak=0.00000 guard=0.060 activeAge=-1.000 pitch=-1.00Hz pitchCents=0.0
2025-12-14 07:55:01 [tracker] [s4] onset t=67.423 env=0.00169 gate=0.00012 envDelta=0.00158 envFloor=0.00102 onset=0.796 thresh=0.014 onsetDelta=0.78213 baseline=0.00068 adaptive=0.00169 lastPeak=0.00000 guard=0.060 activeAge=-1.000 pitch=-1.00Hz pitchCents=0.0
2025-12-14 07:55:01 [tracker] [s6] onset t=67.530 env=0.00190 gate=0.00021 envDelta=0.00169 envFloor=0.00127 onset=1.005 thresh=0.018 onsetDelta=0.98689 baseline=0.00085 adaptive=0.00212 lastPeak=0.00000 guard=0.060 activeAge=-1.000 pitch=-1.00Hz pitchCents=0.0
2025-12-14 07:55:01 [tracker] [s2] onset t=67.594 env=0.00140 gate=0.00001 envDelta=0.00139 envFloor=0.00098 onset=1.270 thresh=0.009 onsetDelta=1.26079 baseline=0.00065 adaptive=0.00163 lastPeak=0.00000 guard=0.060 activeAge=-1.000 pitch=319.92Hz pitchCents=1848.2
2025-12-14 07:55:01 [tracker] [s1] aubio-raw t=67.6313 onset=0.948591 env=0.000934 peak=0.002432 gain=1.000
2025-12-14 07:55:01 [tracker] [s1] onset-accepted t=67.6313 env=0.000934 gate=0.000023 envDelta=0.000911 envFloor=0.000619 onset=0.948591 thresh=0.006000 onsetDelta=0.942591 baseline=0.000412 floor=0.000180 adapt=0.001031 lastPeak=0.000000 baseParam=0.000180 gateRatio=0.0550 envParam=0.000450 onsetScale=0.300 retriggerScale=1.400 guard=0.060 guardRemain=0.000 activeAge=-1.000 retrigRemain=0.000 pitchHz=615.21 pitchCents=3480.3
2025-12-14 07:55:01 [tracker] [s1] onset t=67.631 env=0.00093 gate=0.00002 envDelta=0.00091 envFloor=0.00062 onset=0.949 thresh=0.006 onsetDelta=0.94259 baseline=0.00041 adaptive=0.00103 lastPeak=0.00000 guard=0.060 activeAge=-1.000 pitch=615.21Hz pitchCents=3480.3
2025-12-14 07:55:01 [tracker] [s4] onset t=67.663 env=0.00142 gate=0.00011 envDelta=0.00131 envFloor=0.00097 onset=0.910 thresh=0.014 onsetDelta=0.89613 baseline=0.00065 adaptive=0.00161 lastPeak=0.00000 guard=0.060 activeAge=-1.000 pitch=-1.00Hz pitchCents=0.0
2025-12-14 07:55:01 [tracker] [s5] onset t=67.687 env=0.00166 gate=0.00015 envDelta=0.00151 envFloor=0.00105 onset=0.663 thresh=0.016 onsetDelta=0.64742 baseline=0.00070 adaptive=0.00175 lastPeak=0.00000 guard=0.060 activeAge=-1.000 pitch=-1.00Hz pitchCents=0.0
2025-12-14 07:55:01 [tracker] [s1] aubio-raw t=67.7515 onset=0.984431 env=0.001112 peak=0.002406 gain=1.000
2025-12-14 07:55:01 [tracker] [s1] onset-accepted t=67.7515 env=0.001112 gate=0.000024 envDelta=0.001088 envFloor=0.000656 onset=0.984431 thresh=0.006000 onsetDelta=0.978431 baseline=0.000437 floor=0.000180 adapt=0.001093 lastPeak=0.000000 baseParam=0.000180 gateRatio=0.0550 envParam=0.000450 onsetScale=0.300 retriggerScale=1.400 guard=0.060 guardRemain=0.000 activeAge=-1.000 retrigRemain=0.000 pitchHz=95.24 pitchCents=250.5
2025-12-14 07:55:01 [tracker] [s1] onset t=67.751 env=0.00111 gate=0.00002 envDelta=0.00109 envFloor=0.00066 onset=0.984 thresh=0.006 onsetDelta=0.97843 baseline=0.00044 adaptive=0.00109 lastPeak=0.00000 guard=0.060 activeAge=-1.000 pitch=95.24Hz pitchCents=250.5
2025-12-14 07:55:01 [tracker] [s2] onset t=67.794 env=0.00187 gate=0.00001 envDelta=0.00186 envFloor=0.00103 onset=1.050 thresh=0.009 onsetDelta=1.04104 baseline=0.00069 adaptive=0.00171 lastPeak=0.00000 guard=0.060 activeAge=-1.000 pitch=-1.00Hz pitchCents=0.0
2025-12-14 07:55:02 [tracker] [s4] onset t=67.922 env=0.00116 gate=0.00012 envDelta=0.00105 envFloor=0.00102 onset=1.009 thresh=0.014 onsetDelta=0.99484 baseline=0.00068 adaptive=0.00170 lastPeak=0.00000 guard=0.060 activeAge=-1.000 pitch=-1.00Hz pitchCents=0.0
2025-12-14 07:55:02 [tracker] [s2] onset t=67.944 env=0.00114 gate=0.00001 envDelta=0.00113 envFloor=0.00099 onset=1.054 thresh=0.009 onsetDelta=1.04525 baseline=0.00066 adaptive=0.00165 lastPeak=0.00000 guard=0.060 activeAge=-1.000 pitch=296.29Hz pitchCents=1715.4
2025-12-14 07:55:02 [tracker] [s5] onset t=67.962 env=0.00163 gate=0.00015 envDelta=0.00149 envFloor=0.00106 onset=1.042 thresh=0.016 onsetDelta=1.02610 baseline=0.00071 adaptive=0.00177 lastPeak=0.00000 guard=0.060 activeAge=-1.000 pitch=-1.00Hz pitchCents=0.0
2025-12-14 07:55:02 [tracker] [s2] onset t=68.016 env=0.00137 gate=0.00001 envDelta=0.00137 envFloor=0.00107 onset=1.487 thresh=0.009 onsetDelta=1.47821 baseline=0.00071 adaptive=0.00178 lastPeak=0.00000 guard=0.060 activeAge=-1.000 pitch=-1.00Hz pitchCents=0.0
2025-12-14 07:55:02 [tracker] [s1] aubio-raw t=68.1280 onset=1.304181 env=0.001139 peak=0.002553 gain=1.000
2025-12-14 07:55:02 [tracker] [s1] onset-accepted t=68.1280 env=0.001139 gate=0.000024 envDelta=0.001115 envFloor=0.000642 onset=1.304181 thresh=0.006000 onsetDelta=1.298181 baseline=0.000428 floor=0.000180 adapt=0.001070 lastPeak=0.000000 baseParam=0.000180 gateRatio=0.0550 envParam=0.000450 onsetScale=0.300 retriggerScale=1.400 guard=0.060 guardRemain=0.000 activeAge=-1.000 retrigRemain=0.000 pitchHz=-1.00 pitchCents=0.0
2025-12-14 07:55:02 [tracker] [s1] onset t=68.128 env=0.00114 gate=0.00002 envDelta=0.00112 envFloor=0.00064 onset=1.304 thresh=0.006 onsetDelta=1.29818 baseline=0.00043 adaptive=0.00107 lastPeak=0.00000 guard=0.060 activeAge=-1.000 pitch=-1.00Hz pitchCents=0.0
2025-12-14 07:55:02 [tracker] [s3] onset t=68.128 env=0.00158 gate=0.00008 envDelta=0.00150 envFloor=0.00094 onset=0.996 thresh=0.012 onsetDelta=0.98423 baseline=0.00063 adaptive=0.00157 lastPeak=0.00000 guard=0.060 activeAge=-1.000 pitch=-1.00Hz pitchCents=0.0
2025-12-14 07:55:02 [tracker] [s5] onset t=68.211 env=0.00205 gate=0.00016 envDelta=0.00189 envFloor=0.00113 onset=0.952 thresh=0.016 onsetDelta=0.93589 baseline=0.00076 adaptive=0.00189 lastPeak=0.00000 guard=0.060 activeAge=-1.000 pitch=-1.00Hz pitchCents=0.0
2025-12-14 07:55:02 [tracker] [s2] onset t=68.264 env=0.00109 gate=0.00001 envDelta=0.00108 envFloor=0.00102 onset=0.997 thresh=0.009 onsetDelta=0.98759 baseline=0.00068 adaptive=0.00170 lastPeak=0.00000 guard=0.060 activeAge=-1.000 pitch=-1.00Hz pitchCents=0.0
2025-12-14 07:55:02 [tracker] [s1] aubio-raw t=68.2855 onset=1.068639 env=0.000897 peak=0.001782 gain=1.000
2025-12-14 07:55:02 [tracker] [s1] onset-accepted t=68.2855 env=0.000897 gate=0.000023 envDelta=0.000874 envFloor=0.000616 onset=1.068639 thresh=0.006000 onsetDelta=1.062639 baseline=0.000411 floor=0.000180 adapt=0.001026 lastPeak=0.000000 baseParam=0.000180 gateRatio=0.0550 envParam=0.000450 onsetScale=0.300 retriggerScale=1.400 guard=0.060 guardRemain=0.000 activeAge=-1.000 retrigRemain=0.000 pitchHz=250.00 pitchCents=1921.3
2025-12-14 07:55:02 [tracker] [s1] onset t=68.286 env=0.00090 gate=0.00002 envDelta=0.00087 envFloor=0.00062 onset=1.069 thresh=0.006 onsetDelta=1.06264 baseline=0.00041 adaptive=0.00103 lastPeak=0.00000 guard=0.060 activeAge=-1.000 pitch=250.00Hz pitchCents=1921.3
2025-12-14 07:55:02 [tracker] [s6] onset t=68.312 env=0.00176 gate=0.00022 envDelta=0.00155 envFloor=0.00130 onset=0.848 thresh=0.018 onsetDelta=0.83008 baseline=0.00087 adaptive=0.00217 lastPeak=0.00000 guard=0.060 activeAge=-1.000 pitch=-1.00Hz pitchCents=0.0
2025-12-14 07:55:02 [tracker] [s6] onset t=68.368 env=0.00192 gate=0.00020 envDelta=0.00172 envFloor=0.00121 onset=0.994 thresh=0.018 onsetDelta=0.97618 baseline=0.00081 adaptive=0.00202 lastPeak=0.00000 guard=0.060 activeAge=-1.000 pitch=-1.00Hz pitchCents=0.0
2025-12-14 07:55:02 [tracker] [s2] onset t=68.499 env=0.00133 gate=0.00001 envDelta=0.00133 envFloor=0.00098 onset=0.723 thresh=0.009 onsetDelta=0.71429 baseline=0.00065 adaptive=0.00164 lastPeak=0.00000 guard=0.060 activeAge=-1.000 pitch=-1.00Hz pitchCents=0.0
2025-12-14 07:55:02 [tracker] [s1] aubio-raw t=68.5392 onset=0.948866 env=0.000888 peak=0.001959 gain=1.000
2025-12-14 07:55:02 [tracker] [s1] onset-accepted t=68.5392 env=0.000888 gate=0.000024 envDelta=0.000865 envFloor=0.000650 onset=0.948866 thresh=0.006000 onsetDelta=0.942866 baseline=0.000433 floor=0.000180 adapt=0.001083 lastPeak=0.000000 baseParam=0.000180 gateRatio=0.0550 envParam=0.000450 onsetScale=0.300 retriggerScale=1.400 guard=0.060 guardRemain=0.000 activeAge=-1.000 retrigRemain=0.000 pitchHz=-1.00 pitchCents=0.0
2025-12-14 07:55:02 [tracker] [s1] onset t=68.539 env=0.00089 gate=0.00002 envDelta=0.00086 envFloor=0.00065 onset=0.949 thresh=0.006 onsetDelta=0.94287 baseline=0.00043 adaptive=0.00108 lastPeak=0.00000 guard=0.060 activeAge=-1.000 pitch=-1.00Hz pitchCents=0.0
2025-12-14 07:55:02 [tracker] [s5] onset t=68.550 env=0.00178 gate=0.00015 envDelta=0.00163 envFloor=0.00110 onset=0.996 thresh=0.016 onsetDelta=0.97982 baseline=0.00073 adaptive=0.00183 lastPeak=0.00000 guard=0.060 activeAge=-1.000 pitch=-1.00Hz pitchCents=0.0
2025-12-14 07:55:02 [tracker] [s4] onset t=68.619 env=0.00168 gate=0.00011 envDelta=0.00156 envFloor=0.00101 onset=0.854 thresh=0.014 onsetDelta=0.84010 baseline=0.00067 adaptive=0.00169 lastPeak=0.00000 guard=0.060 activeAge=-1.000 pitch=-1.00Hz pitchCents=0.0
2025-12-14 07:55:02 [tracker] [s6] onset t=68.619 env=0.00204 gate=0.00021 envDelta=0.00183 envFloor=0.00129 onset=0.801 thresh=0.018 onsetDelta=0.78261 baseline=0.00086 adaptive=0.00214 lastPeak=0.00000 guard=0.060 activeAge=-1.000 pitch=-1.00Hz pitchCents=0.0
2025-12-14 07:55:02 [tracker] [s2] onset t=68.630 env=0.00130 gate=0.00001 envDelta=0.00129 envFloor=0.00105 onset=1.126 thresh=0.009 onsetDelta=1.11678 baseline=0.00070 adaptive=0.00176 lastPeak=0.00000 guard=0.060 activeAge=-1.000 pitch=-1.00Hz pitchCents=0.0
2025-12-14 07:55:02 [tracker] [s1] aubio-raw t=68.6647 onset=1.000041 env=0.000879 peak=0.002758 gain=1.000
2025-12-14 07:55:02 [tracker] [s1] onset-accepted t=68.6647 env=0.000879 gate=0.000026 envDelta=0.000854 envFloor=0.000706 onset=1.000041 thresh=0.006000 onsetDelta=0.994041 baseline=0.000471 floor=0.000180 adapt=0.001177 lastPeak=0.000000 baseParam=0.000180 gateRatio=0.0550 envParam=0.000450 onsetScale=0.300 retriggerScale=1.400 guard=0.060 guardRemain=0.000 activeAge=-1.000 retrigRemain=0.000 pitchHz=-1.00 pitchCents=0.0
2025-12-14 07:55:02 [tracker] [s1] onset t=68.665 env=0.00088 gate=0.00003 envDelta=0.00085 envFloor=0.00071 onset=1.000 thresh=0.006 onsetDelta=0.99404 baseline=0.00047 adaptive=0.00118 lastPeak=0.00000 guard=0.060 activeAge=-1.000 pitch=-1.00Hz pitchCents=0.0
2025-12-14 07:55:02 [tracker] [s6] onset t=68.686 env=0.00188 gate=0.00021 envDelta=0.00167 envFloor=0.00129 onset=1.001 thresh=0.018 onsetDelta=0.98306 baseline=0.00086 adaptive=0.00215 lastPeak=0.00000 guard=0.060 activeAge=-1.000 pitch=-1.00Hz pitchCents=0.0
2025-12-14 07:55:02 [tracker] [s3] onset t=68.689 env=0.00138 gate=0.00008 envDelta=0.00130 envFloor=0.00092 onset=0.833 thresh=0.012 onsetDelta=0.82177 baseline=0.00062 adaptive=0.00154 lastPeak=0.00000 guard=0.060 activeAge=-1.000 pitch=-1.00Hz pitchCents=0.0
2025-12-14 07:55:02 [tracker] [s5] onset t=68.689 env=0.00202 gate=0.00016 envDelta=0.00186 envFloor=0.00113 onset=0.810 thresh=0.016 onsetDelta=0.79449 baseline=0.00075 adaptive=0.00188 lastPeak=0.00000 guard=0.060 activeAge=-1.000 pitch=-1.00Hz pitchCents=0.0
2025-12-14 07:55:02 [tracker] [s4] onset t=68.691 env=0.00133 gate=0.00011 envDelta=0.00122 envFloor=0.00098 onset=0.905 thresh=0.014 onsetDelta=0.89065 baseline=0.00065 adaptive=0.00163 lastPeak=0.00000 guard=0.060 activeAge=-1.000 pitch=-1.00Hz pitchCents=0.0
2025-12-14 07:55:02 [tracker] [s2] onset t=68.755 env=0.00128 gate=0.00001 envDelta=0.00127 envFloor=0.00091 onset=0.996 thresh=0.009 onsetDelta=0.98682 baseline=0.00061 adaptive=0.00152 lastPeak=0.00000 guard=0.060 activeAge=-1.000 pitch=500.05Hz pitchCents=2621.5
2025-12-14 07:55:02 [tracker] [s6] onset t=68.774 env=0.00177 gate=0.00020 envDelta=0.00157 envFloor=0.00120 onset=1.059 thresh=0.018 onsetDelta=1.04100 baseline=0.00080 adaptive=0.00200 lastPeak=0.00000 guard=0.060 activeAge=-1.000 pitch=-1.00Hz pitchCents=0.0
2025-12-14 07:55:02 [tracker] [s5] onset t=68.852 env=0.00178 gate=0.00015 envDelta=0.00163 envFloor=0.00104 onset=0.935 thresh=0.016 onsetDelta=0.91950 baseline=0.00070 adaptive=0.00174 lastPeak=0.00000 guard=0.060 activeAge=-1.000 pitch=-1.00Hz pitchCents=0.0
2025-12-14 07:55:03 [tracker] [s2] onset t=68.913 env=0.00137 gate=0.00001 envDelta=0.00136 envFloor=0.00099 onset=0.999 thresh=0.009 onsetDelta=0.99017 baseline=0.00066 adaptive=0.00165 lastPeak=0.00000 guard=0.060 activeAge=-1.000 pitch=-1.00Hz pitchCents=0.0
2025-12-14 07:55:03 [tracker] [s6] onset t=68.945 env=0.00187 gate=0.00022 envDelta=0.00165 envFloor=0.00134 onset=1.322 thresh=0.018 onsetDelta=1.30398 baseline=0.00089 adaptive=0.00223 lastPeak=0.00000 guard=0.060 activeAge=-1.000 pitch=-1.00Hz pitchCents=0.0
2025-12-14 07:55:03 [tracker] [s1] aubio-raw t=68.9504 onset=1.374615 env=0.000771 peak=0.001625 gain=1.000
2025-12-14 07:55:03 [tracker] [s1] onset-accepted t=68.9504 env=0.000771 gate=0.000026 envDelta=0.000745 envFloor=0.000708 onset=1.374615 thresh=0.006000 onsetDelta=1.368615 baseline=0.000472 floor=0.000180 adapt=0.001179 lastPeak=0.000000 baseParam=0.000180 gateRatio=0.0550 envParam=0.000450 onsetScale=0.300 retriggerScale=1.400 guard=0.060 guardRemain=0.000 activeAge=-1.000 retrigRemain=0.000 pitchHz=-1.00 pitchCents=0.0
2025-12-14 07:55:03 [tracker] [s1] onset t=68.950 env=0.00077 gate=0.00003 envDelta=0.00075 envFloor=0.00071 onset=1.375 thresh=0.006 onsetDelta=1.36861 baseline=0.00047 adaptive=0.00118 lastPeak=0.00000 guard=0.060 activeAge=-1.000 pitch=-1.00Hz pitchCents=0.0
2025-12-14 07:55:03 [tracker] [s6] onset t=69.020 env=0.00207 gate=0.00022 envDelta=0.00186 envFloor=0.00129 onset=0.683 thresh=0.018 onsetDelta=0.66537 baseline=0.00086 adaptive=0.00215 lastPeak=0.00000 guard=0.060 activeAge=-1.000 pitch=-1.00Hz pitchCents=0.0
2025-12-14 07:55:03 [tracker] [s4] onset t=69.052 env=0.00179 gate=0.00011 envDelta=0.00167 envFloor=0.00101 onset=1.085 thresh=0.014 onsetDelta=1.07099 baseline=0.00067 adaptive=0.00168 lastPeak=0.00000 guard=0.060 activeAge=-1.000 pitch=-1.00Hz pitchCents=0.0
2025-12-14 07:55:03 [tracker] [s2] onset t=69.057 env=0.00101 gate=0.00001 envDelta=0.00100 envFloor=0.00101 onset=0.960 thresh=0.009 onsetDelta=0.95121 baseline=0.00067 adaptive=0.00168 lastPeak=0.00000 guard=0.060 activeAge=-1.000 pitch=-1.00Hz pitchCents=0.0
2025-12-14 07:55:03 [tracker] [s1] aubio-raw t=69.1213 onset=1.055702 env=0.001149 peak=0.002511 gain=1.000
2025-12-14 07:55:03 [tracker] [s1] onset-accepted t=69.1213 env=0.001149 gate=0.000022 envDelta=0.001127 envFloor=0.000600 onset=1.055702 thresh=0.006000 onsetDelta=1.049702 baseline=0.000400 floor=0.000180 adapt=0.001000 lastPeak=0.000000 baseParam=0.000180 gateRatio=0.0550 envParam=0.000450 onsetScale=0.300 retriggerScale=1.400 guard=0.060 guardRemain=0.000 activeAge=-1.000 retrigRemain=0.000 pitchHz=444.49 pitchCents=2917.6
2025-12-14 07:55:03 [tracker] [s1] onset t=69.121 env=0.00115 gate=0.00002 envDelta=0.00113 envFloor=0.00060 onset=1.056 thresh=0.006 onsetDelta=1.04970 baseline=0.00040 adaptive=0.00100 lastPeak=0.00000 guard=0.060 activeAge=-1.000 pitch=444.49Hz pitchCents=2917.6
2025-12-14 07:55:03 [tracker] [s5] onset t=69.204 env=0.00136 gate=0.00015 envDelta=0.00121 envFloor=0.00104 onset=0.856 thresh=0.016 onsetDelta=0.84003 baseline=0.00069 adaptive=0.00173 lastPeak=0.00000 guard=0.060 activeAge=-1.000 pitch=-1.00Hz pitchCents=0.0
2025-12-14 07:55:03 [tracker] [s4] onset t=69.274 env=0.00117 gate=0.00011 envDelta=0.00106 envFloor=0.00093 onset=1.348 thresh=0.014 onsetDelta=1.33400 baseline=0.00062 adaptive=0.00155 lastPeak=0.00000 guard=0.060 activeAge=-1.000 pitch=-1.00Hz pitchCents=0.0
2025-12-14 07:55:03 [tracker] [s6] onset t=69.308 env=0.00208 gate=0.00021 envDelta=0.00187 envFloor=0.00124 onset=1.308 thresh=0.018 onsetDelta=1.28994 baseline=0.00083 adaptive=0.00207 lastPeak=0.00000 guard=0.060 activeAge=-1.000 pitch=-1.00Hz pitchCents=0.0
2025-12-14 07:55:03 [tracker] [s2] onset t=69.423 env=0.00165 gate=0.00001 envDelta=0.00164 envFloor=0.00107 onset=1.165 thresh=0.009 onsetDelta=1.15635 baseline=0.00071 adaptive=0.00179 lastPeak=0.00000 guard=0.060 activeAge=-1.000 pitch=-1.00Hz pitchCents=0.0
2025-12-14 07:55:03 [tracker] [s4] onset t=69.426 env=0.00148 gate=0.00011 envDelta=0.00136 envFloor=0.00101 onset=0.999 thresh=0.014 onsetDelta=0.98457 baseline=0.00067 adaptive=0.00168 lastPeak=0.00000 guard=0.060 activeAge=-1.000 pitch=-1.00Hz pitchCents=0.0
2025-12-14 07:55:03 [tracker] [s3] onset t=69.447 env=0.00185 gate=0.00008 envDelta=0.00177 envFloor=0.00097 onset=0.998 thresh=0.012 onsetDelta=0.98627 baseline=0.00065 adaptive=0.00162 lastPeak=0.00000 guard=0.060 activeAge=-1.000 pitch=-1.00Hz pitchCents=0.0
2025-12-14 07:55:03 [tracker] [s1] aubio-raw t=69.5886 onset=0.995745 env=0.001019 peak=0.002270 gain=1.000
2025-12-14 07:55:03 [tracker] [s1] onset-accepted t=69.5886 env=0.001019 gate=0.000022 envDelta=0.000997 envFloor=0.000599 onset=0.995745 thresh=0.006000 onsetDelta=0.989745 baseline=0.000400 floor=0.000180 adapt=0.000999 lastPeak=0.000000 baseParam=0.000180 gateRatio=0.0550 envParam=0.000450 onsetScale=0.300 retriggerScale=1.400 guard=0.060 guardRemain=0.000 activeAge=-1.000 retrigRemain=0.000 pitchHz=615.50 pitchCents=3481.1
2025-12-14 07:55:03 [tracker] [s1] onset t=69.589 env=0.00102 gate=0.00002 envDelta=0.00100 envFloor=0.00060 onset=0.996 thresh=0.006 onsetDelta=0.98974 baseline=0.00040 adaptive=0.00100 lastPeak=0.00000 guard=0.060 activeAge=-1.000 pitch=615.50Hz pitchCents=3481.1
2025-12-14 07:55:03 [tracker] [s1] note-start t=69.589 fret=24 midi=64 vel=0.01 env=0.00102
2025-12-14 07:55:03 [tracker] [s2] onset t=69.634 env=0.00123 gate=0.00001 envDelta=0.00122 envFloor=0.00100 onset=1.455 thresh=0.009 onsetDelta=1.44555 baseline=0.00066 adaptive=0.00166 lastPeak=0.00000 guard=0.060 activeAge=-1.000 pitch=94.12Hz pitchCents=-270.0
2025-12-14 07:55:03 [tracker] [s5] onset t=69.663 env=0.00168 gate=0.00015 envDelta=0.00153 envFloor=0.00104 onset=1.134 thresh=0.016 onsetDelta=1.11809 baseline=0.00069 adaptive=0.00173 lastPeak=0.00000 guard=0.060 activeAge=-1.000 pitch=-1.00Hz pitchCents=0.0
2025-12-14 07:55:03 [tracker] [s5] onset t=69.719 env=0.00179 gate=0.00015 envDelta=0.00164 envFloor=0.00107 onset=0.992 thresh=0.016 onsetDelta=0.97621 baseline=0.00071 adaptive=0.00178 lastPeak=0.00000 guard=0.060 activeAge=-1.000 pitch=-1.00Hz pitchCents=0.0
2025-12-14 07:55:03 [tracker] [s2] onset t=69.821 env=0.00183 gate=0.00001 envDelta=0.00183 envFloor=0.00101 onset=0.997 thresh=0.009 onsetDelta=0.98845 baseline=0.00067 adaptive=0.00168 lastPeak=0.00000 guard=0.060 activeAge=-1.000 pitch=-1.00Hz pitchCents=0.0
2025-12-14 07:55:03 [tracker] [s4] onset t=69.864 env=0.00163 gate=0.00011 envDelta=0.00151 envFloor=0.00101 onset=0.990 thresh=0.014 onsetDelta=0.97629 baseline=0.00067 adaptive=0.00168 lastPeak=0.00000 guard=0.060 activeAge=-1.000 pitch=-1.00Hz pitchCents=0.0
2025-12-14 07:55:03 [tracker] [s3] onset t=69.904 env=0.00113 gate=0.00008 envDelta=0.00106 envFloor=0.00088 onset=0.986 thresh=0.012 onsetDelta=0.97431 baseline=0.00058 adaptive=0.00146 lastPeak=0.00000 guard=0.060 activeAge=-1.000 pitch=-1.00Hz pitchCents=0.0
2025-12-14 07:55:04 [tracker] [s4] onset t=69.978 env=0.00165 gate=0.00011 envDelta=0.00153 envFloor=0.00099 onset=1.201 thresh=0.014 onsetDelta=1.18677 baseline=0.00066 adaptive=0.00165 lastPeak=0.00000 guard=0.060 activeAge=-1.000 pitch=-1.00Hz pitchCents=0.0
2025-12-14 07:55:04 [tracker] [s3] onset t=70.021 env=0.00148 gate=0.00008 envDelta=0.00140 envFloor=0.00088 onset=1.059 thresh=0.012 onsetDelta=1.04761 baseline=0.00059 adaptive=0.00147 lastPeak=0.00000 guard=0.060 activeAge=-1.000 pitch=-1.00Hz pitchCents=0.0
2025-12-14 07:55:04 [tracker] [s6] onset t=70.133 env=0.00197 gate=0.00021 envDelta=0.00176 envFloor=0.00128 onset=0.999 thresh=0.018 onsetDelta=0.98091 baseline=0.00085 adaptive=0.00213 lastPeak=0.00000 guard=0.060 activeAge=-1.000 pitch=-1.00Hz pitchCents=0.0
2025-12-14 07:55:04 [tracker] [s2] onset t=70.197 env=0.00117 gate=0.00001 envDelta=0.00116 envFloor=0.00102 onset=0.953 thresh=0.009 onsetDelta=0.94350 baseline=0.00068 adaptive=0.00170 lastPeak=0.00000 guard=0.060 activeAge=-1.000 pitch=-1.00Hz pitchCents=0.0
2025-12-14 07:55:04 [tracker] [s1] aubio-raw t=70.2802 onset=0.924989 env=0.000793 peak=0.002273 gain=1.000
2025-12-14 07:55:04 [tracker] [s1] onset-accepted t=70.2802 env=0.000793 gate=0.000022 envDelta=0.000771 envFloor=0.000592 onset=0.924989 thresh=0.006000 onsetDelta=0.918989 baseline=0.000395 floor=0.000180 adapt=0.000987 lastPeak=0.000278 baseParam=0.000180 gateRatio=0.0550 envParam=0.000450 onsetScale=0.300 retriggerScale=1.400 guard=0.060 guardRemain=0.000 activeAge=0.692 retrigRemain=0.000 pitchHz=-1.00 pitchCents=0.0
2025-12-14 07:55:04 [tracker] [s1] onset t=70.280 env=0.00079 gate=0.00002 envDelta=0.00077 envFloor=0.00059 onset=0.925 thresh=0.006 onsetDelta=0.91899 baseline=0.00039 adaptive=0.00099 lastPeak=0.00028 guard=0.060 activeAge=0.692 pitch=-1.00Hz pitchCents=0.0
2025-12-14 07:55:04 [tracker] [s1] note-ended (new onset) t=70.280 fret=24 dur=0.692
2025-12-14 07:55:04 [tracker] [s2] onset t=70.326 env=0.00141 gate=0.00001 envDelta=0.00140 envFloor=0.00108 onset=1.004 thresh=0.009 onsetDelta=0.99471 baseline=0.00072 adaptive=0.00179 lastPeak=0.00000 guard=0.060 activeAge=-1.000 pitch=-1.00Hz pitchCents=0.0
2025-12-14 07:55:04 [tracker] [s1] aubio-raw t=70.4191 onset=1.257191 env=0.000860 peak=0.002012 gain=1.000
2025-12-14 07:55:04 [tracker] [s1] onset-accepted t=70.4191 env=0.000860 gate=0.000025 envDelta=0.000835 envFloor=0.000691 onset=1.257191 thresh=0.006000 onsetDelta=1.251191 baseline=0.000461 floor=0.000180 adapt=0.001152 lastPeak=0.000214 baseParam=0.000180 gateRatio=0.0550 envParam=0.000450 onsetScale=0.300 retriggerScale=1.400 guard=0.060 guardRemain=0.000 activeAge=-1.000 retrigRemain=0.000 pitchHz=-1.00 pitchCents=0.0
2025-12-14 07:55:04 [tracker] [s1] onset t=70.419 env=0.00086 gate=0.00003 envDelta=0.00083 envFloor=0.00069 onset=1.257 thresh=0.006 onsetDelta=1.25119 baseline=0.00046 adaptive=0.00115 lastPeak=0.00021 guard=0.060 activeAge=-1.000 pitch=-1.00Hz pitchCents=0.0
2025-12-14 07:55:04 [tracker] [s5] onset t=70.464 env=0.00175 gate=0.00015 envDelta=0.00159 envFloor=0.00109 onset=1.337 thresh=0.016 onsetDelta=1.32057 baseline=0.00073 adaptive=0.00182 lastPeak=0.00000 guard=0.060 activeAge=-1.000 pitch=-1.00Hz pitchCents=0.0
2025-12-14 07:55:04 [tracker] [s6] onset t=70.464 env=0.00199 gate=0.00021 envDelta=0.00178 envFloor=0.00125 onset=1.144 thresh=0.018 onsetDelta=1.12556 baseline=0.00083 adaptive=0.00209 lastPeak=0.00000 guard=0.060 activeAge=-1.000 pitch=-1.00Hz pitchCents=0.0
2025-12-14 07:55:04 [tracker] [s3] onset t=70.630 env=0.00189 gate=0.00008 envDelta=0.00181 envFloor=0.00095 onset=0.609 thresh=0.012 onsetDelta=0.59785 baseline=0.00063 adaptive=0.00158 lastPeak=0.00000 guard=0.060 activeAge=-1.000 pitch=-1.00Hz pitchCents=0.0
2025-12-14 07:55:04 [tracker] [s5] onset t=70.641 env=0.00222 gate=0.00016 envDelta=0.00206 envFloor=0.00112 onset=0.692 thresh=0.016 onsetDelta=0.67590 baseline=0.00075 adaptive=0.00186 lastPeak=0.00000 guard=0.060 activeAge=-1.000 pitch=-1.00Hz pitchCents=0.0
2025-12-14 07:55:04 [tracker] [s6] onset t=70.694 env=0.00206 gate=0.00021 envDelta=0.00185 envFloor=0.00124 onset=0.903 thresh=0.018 onsetDelta=0.88542 baseline=0.00082 adaptive=0.00206 lastPeak=0.00000 guard=0.060 activeAge=-1.000 pitch=-1.00Hz pitchCents=0.0
2025-12-14 07:55:04 [tracker] [s3] onset t=70.769 env=0.00125 gate=0.00007 envDelta=0.00118 envFloor=0.00085 onset=0.993 thresh=0.012 onsetDelta=0.98166 baseline=0.00057 adaptive=0.00142 lastPeak=0.00000 guard=0.060 activeAge=-1.000 pitch=-1.00Hz pitchCents=0.0
2025-12-14 07:55:04 [tracker] [s4] onset t=70.825 env=0.00117 gate=0.00011 envDelta=0.00106 envFloor=0.00098 onset=0.996 thresh=0.014 onsetDelta=0.98164 baseline=0.00065 adaptive=0.00163 lastPeak=0.00000 guard=0.060 activeAge=-1.000 pitch=-1.00Hz pitchCents=0.0
2025-12-14 07:55:04 [tracker] [s3] onset t=70.852 env=0.00151 gate=0.00008 envDelta=0.00142 envFloor=0.00097 onset=0.999 thresh=0.012 onsetDelta=0.98742 baseline=0.00065 adaptive=0.00162 lastPeak=0.00000 guard=0.060 activeAge=-1.000 pitch=-1.00Hz pitchCents=0.0
2025-12-14 07:55:04 [tracker] [s4] onset t=70.894 env=0.00153 gate=0.00012 envDelta=0.00142 envFloor=0.00102 onset=0.842 thresh=0.014 onsetDelta=0.82836 baseline=0.00068 adaptive=0.00169 lastPeak=0.00000 guard=0.060 activeAge=-1.000 pitch=-1.00Hz pitchCents=0.0
2025-12-14 07:55:04 [tracker] [s2] onset t=70.905 env=0.00156 gate=0.00001 envDelta=0.00155 envFloor=0.00110 onset=0.989 thresh=0.009 onsetDelta=0.97953 baseline=0.00073 adaptive=0.00183 lastPeak=0.00000 guard=0.060 activeAge=-1.000 pitch=-1.00Hz pitchCents=0.0
2025-12-14 07:55:05 [tracker] [s3] onset t=70.950 env=0.00144 gate=0.00008 envDelta=0.00136 envFloor=0.00097 onset=1.214 thresh=0.012 onsetDelta=1.20261 baseline=0.00064 adaptive=0.00161 lastPeak=0.00000 guard=0.060 activeAge=-1.000 pitch=-1.00Hz pitchCents=0.0
2025-12-14 07:55:05 [tracker] [s6] onset t=71.065 env=0.00192 gate=0.00019 envDelta=0.00173 envFloor=0.00117 onset=1.002 thresh=0.018 onsetDelta=0.98445 baseline=0.00078 adaptive=0.00194 lastPeak=0.00000 guard=0.060 activeAge=-1.000 pitch=-1.00Hz pitchCents=0.0
2025-12-14 07:55:05 [tracker] [s5] onset t=71.092 env=0.00169 gate=0.00014 envDelta=0.00154 envFloor=0.00103 onset=1.003 thresh=0.016 onsetDelta=0.98685 baseline=0.00068 adaptive=0.00171 lastPeak=0.00000 guard=0.060 activeAge=-1.000 pitch=-1.00Hz pitchCents=0.0
2025-12-14 07:55:05 [tracker] [s5] onset t=71.169 env=0.00159 gate=0.00014 envDelta=0.00145 envFloor=0.00099 onset=1.048 thresh=0.016 onsetDelta=1.03239 baseline=0.00066 adaptive=0.00166 lastPeak=0.00000 guard=0.060 activeAge=-1.000 pitch=-1.00Hz pitchCents=0.0
2025-12-14 07:55:05 [tracker] [s5] onset t=71.260 env=0.00189 gate=0.00016 envDelta=0.00174 envFloor=0.00111 onset=0.910 thresh=0.016 onsetDelta=0.89402 baseline=0.00074 adaptive=0.00185 lastPeak=0.00000 guard=0.060 activeAge=-1.000 pitch=-1.00Hz pitchCents=0.0
2025-12-14 07:55:05 [tracker] [s4] onset t=71.266 env=0.00159 gate=0.00011 envDelta=0.00147 envFloor=0.00099 onset=0.995 thresh=0.014 onsetDelta=0.98140 baseline=0.00066 adaptive=0.00165 lastPeak=0.00000 guard=0.060 activeAge=-1.000 pitch=-1.00Hz pitchCents=0.0
2025-12-14 07:55:05 [tracker] [s6] onset t=71.316 env=0.00208 gate=0.00022 envDelta=0.00186 envFloor=0.00130 onset=1.002 thresh=0.018 onsetDelta=0.98363 baseline=0.00087 adaptive=0.00217 lastPeak=0.00000 guard=0.060 activeAge=-1.000 pitch=-1.00Hz pitchCents=0.0
2025-12-14 07:55:05 [tracker] [s5] onset t=71.335 env=0.00186 gate=0.00016 envDelta=0.00170 envFloor=0.00113 onset=1.341 thresh=0.016 onsetDelta=1.32538 baseline=0.00076 adaptive=0.00189 lastPeak=0.00000 guard=0.060 activeAge=-1.000 pitch=-1.00Hz pitchCents=0.0
2025-12-14 07:55:05 [tracker] [s4] onset t=71.354 env=0.00140 gate=0.00012 envDelta=0.00129 envFloor=0.00102 onset=0.991 thresh=0.014 onsetDelta=0.97734 baseline=0.00068 adaptive=0.00170 lastPeak=0.00000 guard=0.060 activeAge=-1.000 pitch=-1.00Hz pitchCents=0.0
2025-12-14 07:55:05 [tracker] [s5] onset t=71.463 env=0.00144 gate=0.00014 envDelta=0.00129 envFloor=0.00103 onset=0.997 thresh=0.016 onsetDelta=0.98082 baseline=0.00068 adaptive=0.00171 lastPeak=0.00000 guard=0.060 activeAge=-1.000 pitch=-1.00Hz pitchCents=0.0
2025-12-14 07:55:05 [tracker] [s2] onset t=71.559 env=0.00118 gate=0.00001 envDelta=0.00117 envFloor=0.00096 onset=0.670 thresh=0.009 onsetDelta=0.66066 baseline=0.00064 adaptive=0.00160 lastPeak=0.00000 guard=0.060 activeAge=-1.000 pitch=94.11Hz pitchCents=-270.1
2025-12-14 07:55:05 [tracker] [s4] onset t=71.575 env=0.00120 gate=0.00011 envDelta=0.00109 envFloor=0.00099 onset=0.997 thresh=0.014 onsetDelta=0.98266 baseline=0.00066 adaptive=0.00165 lastPeak=0.00000 guard=0.060 activeAge=-1.000 pitch=-1.00Hz pitchCents=0.0
2025-12-14 07:55:05 [tracker] [s1] aubio-raw t=71.6341 onset=1.260845 env=0.000980 peak=0.002701 gain=1.000
2025-12-14 07:55:05 [tracker] [s1] onset-accepted t=71.6341 env=0.000980 gate=0.000023 envDelta=0.000957 envFloor=0.000618 onset=1.260845 thresh=0.006000 onsetDelta=1.254845 baseline=0.000412 floor=0.000180 adapt=0.001030 lastPeak=0.000022 baseParam=0.000180 gateRatio=0.0550 envParam=0.000450 onsetScale=0.300 retriggerScale=1.400 guard=0.060 guardRemain=0.000 activeAge=-1.000 retrigRemain=0.000 pitchHz=-1.00 pitchCents=0.0
2025-12-14 07:55:05 [tracker] [s1] onset t=71.634 env=0.00098 gate=0.00002 envDelta=0.00096 envFloor=0.00062 onset=1.261 thresh=0.006 onsetDelta=1.25485 baseline=0.00041 adaptive=0.00103 lastPeak=0.00002 guard=0.060 activeAge=-1.000 pitch=-1.00Hz pitchCents=0.0
2025-12-14 07:55:05 [tracker] [s3] onset t=71.663 env=0.00136 gate=0.00008 envDelta=0.00128 envFloor=0.00091 onset=0.999 thresh=0.012 onsetDelta=0.98699 baseline=0.00061 adaptive=0.00152 lastPeak=0.00000 guard=0.060 activeAge=-1.000 pitch=-1.00Hz pitchCents=0.0
2025-12-14 07:55:05 [tracker] [s4] onset t=71.773 env=0.00183 gate=0.00012 envDelta=0.00171 envFloor=0.00103 onset=0.926 thresh=0.014 onsetDelta=0.91202 baseline=0.00069 adaptive=0.00172 lastPeak=0.00000 guard=0.060 activeAge=-1.000 pitch=-1.00Hz pitchCents=0.0
2025-12-14 07:55:05 [tracker] [s1] aubio-raw t=71.7809 onset=0.945464 env=0.000892 peak=0.002304 gain=1.000
2025-12-14 07:55:05 [tracker] [s1] onset-accepted t=71.7809 env=0.000892 gate=0.000025 envDelta=0.000867 envFloor=0.000685 onset=0.945464 thresh=0.006000 onsetDelta=0.939464 baseline=0.000457 floor=0.000180 adapt=0.001142 lastPeak=0.000017 baseParam=0.000180 gateRatio=0.0550 envParam=0.000450 onsetScale=0.300 retriggerScale=1.400 guard=0.060 guardRemain=0.000 activeAge=-1.000 retrigRemain=0.000 pitchHz=444.40 pitchCents=2917.2
2025-12-14 07:55:05 [tracker] [s1] onset t=71.781 env=0.00089 gate=0.00003 envDelta=0.00087 envFloor=0.00069 onset=0.945 thresh=0.006 onsetDelta=0.93946 baseline=0.00046 adaptive=0.00114 lastPeak=0.00002 guard=0.060 activeAge=-1.000 pitch=444.40Hz pitchCents=2917.2
2025-12-14 07:55:05 [tracker] [s6] onset t=71.813 env=0.00200 gate=0.00020 envDelta=0.00180 envFloor=0.00121 onset=1.155 thresh=0.018 onsetDelta=1.13656 baseline=0.00080 adaptive=0.00201 lastPeak=0.00000 guard=0.060 activeAge=-1.000 pitch=-1.00Hz pitchCents=0.0
2025-12-14 07:55:05 [tracker] [s1] aubio-raw t=71.8957 onset=0.772047 env=0.000735 peak=0.001731 gain=1.000
2025-12-14 07:55:05 [tracker] [s1] onset-accepted t=71.8957 env=0.000735 gate=0.000026 envDelta=0.000710 envFloor=0.000703 onset=0.772047 thresh=0.006000 onsetDelta=0.766047 baseline=0.000469 floor=0.000180 adapt=0.001172 lastPeak=0.000013 baseParam=0.000180 gateRatio=0.0550 envParam=0.000450 onsetScale=0.300 retriggerScale=1.400 guard=0.060 guardRemain=0.000 activeAge=-1.000 retrigRemain=0.000 pitchHz=101.26 pitchCents=356.7
2025-12-14 07:55:05 [tracker] [s1] onset t=71.896 env=0.00074 gate=0.00003 envDelta=0.00071 envFloor=0.00070 onset=0.772 thresh=0.006 onsetDelta=0.76605 baseline=0.00047 adaptive=0.00117 lastPeak=0.00001 guard=0.060 activeAge=-1.000 pitch=101.26Hz pitchCents=356.7
2025-12-14 07:55:06 [tracker] [s2] onset t=71.928 env=0.00111 gate=0.00001 envDelta=0.00110 envFloor=0.00100 onset=1.191 thresh=0.009 onsetDelta=1.18234 baseline=0.00067 adaptive=0.00167 lastPeak=0.00000 guard=0.060 activeAge=-1.000 pitch=-1.00Hz pitchCents=0.0
2025-12-14 07:55:06 [tracker] [s4] onset t=72.157 env=0.00143 gate=0.00011 envDelta=0.00131 envFloor=0.00099 onset=1.015 thresh=0.014 onsetDelta=1.00115 baseline=0.00066 adaptive=0.00165 lastPeak=0.00000 guard=0.060 activeAge=-1.000 pitch=-1.00Hz pitchCents=0.0
2025-12-14 07:55:06 [tracker] [s5] onset t=72.171 env=0.00167 gate=0.00015 envDelta=0.00152 envFloor=0.00105 onset=1.318 thresh=0.016 onsetDelta=1.30152 baseline=0.00070 adaptive=0.00176 lastPeak=0.00000 guard=0.060 activeAge=-1.000 pitch=-1.00Hz pitchCents=0.0
2025-12-14 07:55:06 [tracker] [s1] aubio-raw t=72.1815 onset=0.998422 env=0.001287 peak=0.002745 gain=1.000
2025-12-14 07:55:06 [tracker] [s1] onset-accepted t=72.1815 env=0.001287 gate=0.000023 envDelta=0.001264 envFloor=0.000638 onset=0.998422 thresh=0.006000 onsetDelta=0.992422 baseline=0.000425 floor=0.000180 adapt=0.001063 lastPeak=0.000008 baseParam=0.000180 gateRatio=0.0550 envParam=0.000450 onsetScale=0.300 retriggerScale=1.400 guard=0.060 guardRemain=0.000 activeAge=-1.000 retrigRemain=0.000 pitchHz=-1.00 pitchCents=0.0
2025-12-14 07:55:06 [tracker] [s1] onset t=72.181 env=0.00129 gate=0.00002 envDelta=0.00126 envFloor=0.00064 onset=0.998 thresh=0.006 onsetDelta=0.99242 baseline=0.00043 adaptive=0.00106 lastPeak=0.00001 guard=0.060 activeAge=-1.000 pitch=-1.00Hz pitchCents=0.0
2025-12-14 07:55:06 [tracker] [s3] onset t=72.312 env=0.00131 gate=0.00008 envDelta=0.00123 envFloor=0.00090 onset=1.057 thresh=0.012 onsetDelta=1.04546 baseline=0.00060 adaptive=0.00150 lastPeak=0.00000 guard=0.060 activeAge=-1.000 pitch=-1.00Hz pitchCents=0.0
2025-12-14 07:55:06 [tracker] [s6] onset t=72.411 env=0.00229 gate=0.00021 envDelta=0.00208 envFloor=0.00129 onset=0.785 thresh=0.018 onsetDelta=0.76719 baseline=0.00086 adaptive=0.00215 lastPeak=0.00000 guard=0.060 activeAge=-1.000 pitch=-1.00Hz pitchCents=0.0
2025-12-14 07:55:06 [tracker] [s1] aubio-raw t=72.4271 onset=1.148470 env=0.000798 peak=0.001957 gain=1.000
2025-12-14 07:55:06 [tracker] [s1] onset-accepted t=72.4271 env=0.000798 gate=0.000023 envDelta=0.000775 envFloor=0.000622 onset=1.148470 thresh=0.006000 onsetDelta=1.142470 baseline=0.000414 floor=0.000180 adapt=0.001036 lastPeak=0.000005 baseParam=0.000180 gateRatio=0.0550 envParam=0.000450 onsetScale=0.300 retriggerScale=1.400 guard=0.060 guardRemain=0.000 activeAge=-1.000 retrigRemain=0.000 pitchHz=-1.00 pitchCents=0.0
2025-12-14 07:55:06 [tracker] [s1] onset t=72.427 env=0.00080 gate=0.00002 envDelta=0.00077 envFloor=0.00062 onset=1.148 thresh=0.006 onsetDelta=1.14247 baseline=0.00041 adaptive=0.00104 lastPeak=0.00000 guard=0.060 activeAge=-1.000 pitch=-1.00Hz pitchCents=0.0
2025-12-14 07:55:06 [tracker] [s4] onset t=72.430 env=0.00148 gate=0.00012 envDelta=0.00136 envFloor=0.00102 onset=1.208 thresh=0.014 onsetDelta=1.19361 baseline=0.00068 adaptive=0.00170 lastPeak=0.00000 guard=0.060 activeAge=-1.000 pitch=-1.00Hz pitchCents=0.0
2025-12-14 07:55:06 [tracker] [s2] onset t=72.507 env=0.00141 gate=0.00001 envDelta=0.00141 envFloor=0.00097 onset=0.777 thresh=0.009 onsetDelta=0.76795 baseline=0.00065 adaptive=0.00161 lastPeak=0.00000 guard=0.060 activeAge=-1.000 pitch=242.40Hz pitchCents=1367.9
2025-12-14 07:55:06 [tracker] [s1] aubio-raw t=72.5606 onset=0.995486 env=0.000607 peak=0.001645 gain=1.000
2025-12-14 07:55:06 [tracker] [s1] onset-below-env-floor t=72.5606 env=0.000607 gate=0.000024 envDelta=0.000583 envFloor=0.000644 onset=0.995486 thresh=0.006000 onsetDelta=0.989486 baseline=0.000429 floor=0.000180 adapt=0.001073 lastPeak=0.000004 baseParam=0.000180 gateRatio=0.0550 envParam=0.000450 onsetScale=0.300 retriggerScale=1.400 guard=0.060 guardRemain=0.000 activeAge=-1.000 retrigRemain=0.000 pitchHz=94.11 pitchCents=229.9
2025-12-14 07:55:06 [tracker] [s6] onset t=72.614 env=0.00151 gate=0.00019 envDelta=0.00132 envFloor=0.00115 onset=1.104 thresh=0.018 onsetDelta=1.08603 baseline=0.00077 adaptive=0.00192 lastPeak=0.00000 guard=0.060 activeAge=-1.000 pitch=-1.00Hz pitchCents=0.0
2025-12-14 07:55:06 [tracker] [s5] onset t=72.667 env=0.00168 gate=0.00014 envDelta=0.00154 envFloor=0.00102 onset=0.999 thresh=0.016 onsetDelta=0.98311 baseline=0.00068 adaptive=0.00169 lastPeak=0.00000 guard=0.060 activeAge=-1.000 pitch=-1.00Hz pitchCents=0.0
2025-12-14 07:55:06 [tracker] [s6] onset t=72.683 env=0.00174 gate=0.00020 envDelta=0.00154 envFloor=0.00120 onset=1.263 thresh=0.018 onsetDelta=1.24477 baseline=0.00080 adaptive=0.00200 lastPeak=0.00000 guard=0.060 activeAge=-1.000 pitch=-1.00Hz pitchCents=0.0
2025-12-14 07:55:06 [tracker] [s4] onset t=72.865 env=0.00173 gate=0.00012 envDelta=0.00162 envFloor=0.00104 onset=0.792 thresh=0.014 onsetDelta=0.77807 baseline=0.00069 adaptive=0.00173 lastPeak=0.00000 guard=0.060 activeAge=-1.000 pitch=-1.00Hz pitchCents=0.0
2025-12-14 07:55:06 [tracker] [s3] onset t=72.881 env=0.00143 gate=0.00008 envDelta=0.00135 envFloor=0.00096 onset=0.999 thresh=0.012 onsetDelta=0.98706 baseline=0.00064 adaptive=0.00161 lastPeak=0.00000 guard=0.060 activeAge=-1.000 pitch=-1.00Hz pitchCents=0.0
2025-12-14 07:55:06 [tracker] [s6] onset t=72.913 env=0.00182 gate=0.00021 envDelta=0.00161 envFloor=0.00126 onset=1.096 thresh=0.018 onsetDelta=1.07844 baseline=0.00084 adaptive=0.00210 lastPeak=0.00000 guard=0.060 activeAge=-1.000 pitch=-1.00Hz pitchCents=0.0
2025-12-14 07:55:07 [tracker] [s3] onset t=72.951 env=0.00114 gate=0.00009 envDelta=0.00105 envFloor=0.00098 onset=1.042 thresh=0.012 onsetDelta=1.03070 baseline=0.00066 adaptive=0.00164 lastPeak=0.00000 guard=0.060 activeAge=-1.000 pitch=-1.00Hz pitchCents=0.0
2025-12-14 07:55:07 [tracker] [s5] onset t=72.961 env=0.00156 gate=0.00014 envDelta=0.00141 envFloor=0.00103 onset=0.596 thresh=0.016 onsetDelta=0.57958 baseline=0.00069 adaptive=0.00172 lastPeak=0.00000 guard=0.060 activeAge=-1.000 pitch=-1.00Hz pitchCents=0.0
2025-12-14 07:55:07 [tracker] [s5] onset t=73.103 env=0.00160 gate=0.00015 envDelta=0.00144 envFloor=0.00107 onset=0.983 thresh=0.016 onsetDelta=0.96688 baseline=0.00072 adaptive=0.00179 lastPeak=0.00000 guard=0.060 activeAge=-1.000 pitch=-1.00Hz pitchCents=0.0
2025-12-14 07:55:07 [tracker] [s1] aubio-raw t=73.1935 onset=1.057308 env=0.000783 peak=0.001967 gain=1.000
2025-12-14 07:55:07 [tracker] [s1] onset-accepted t=73.1935 env=0.000783 gate=0.000024 envDelta=0.000759 envFloor=0.000651 onset=1.057308 thresh=0.006000 onsetDelta=1.051308 baseline=0.000434 floor=0.000180 adapt=0.001085 lastPeak=0.000001 baseParam=0.000180 gateRatio=0.0550 envParam=0.000450 onsetScale=0.300 retriggerScale=1.400 guard=0.060 guardRemain=0.000 activeAge=-1.000 retrigRemain=0.000 pitchHz=-1.00 pitchCents=0.0
2025-12-14 07:55:07 [tracker] [s5] onset t=73.290 env=0.00161 gate=0.00015 envDelta=0.00147 envFloor=0.00105 onset=0.994 thresh=0.016 onsetDelta=0.97824 baseline=0.00070 adaptive=0.00176 lastPeak=0.00000 guard=0.060 activeAge=-1.000 pitch=-1.00Hz pitchCents=0.0
2025-12-14 07:55:07 [tracker] [s2] onset t=73.298 env=0.00135 gate=0.00001 envDelta=0.00134 envFloor=0.00100 onset=1.105 thresh=0.009 onsetDelta=1.09563 baseline=0.00067 adaptive=0.00166 lastPeak=0.00000 guard=0.060 activeAge=-1.000 pitch=-1.00Hz pitchCents=0.0
2025-12-14 07:55:07 [tracker] [s1] aubio-raw t=73.3217 onset=0.897430 env=0.000608 peak=0.001644 gain=1.000
2025-12-14 07:55:07 [tracker] [s1] onset-below-env-floor t=73.3217 env=0.000608 gate=0.000024 envDelta=0.000584 envFloor=0.000658 onset=0.897430 thresh=0.006000 onsetDelta=0.891430 baseline=0.000438 floor=0.000180 adapt=0.001096 lastPeak=0.000001 baseParam=0.000180 gateRatio=0.0550 envParam=0.000450 onsetScale=0.300 retriggerScale=1.400 guard=0.060 guardRemain=0.000 activeAge=-1.000 retrigRemain=0.000 pitchHz=94.11 pitchCents=229.9
2025-12-14 07:55:07 [tracker] [s5] onset t=73.378 env=0.00130 gate=0.00014 envDelta=0.00115 envFloor=0.00103 onset=1.464 thresh=0.016 onsetDelta=1.44801 baseline=0.00069 adaptive=0.00171 lastPeak=0.00000 guard=0.060 activeAge=-1.000 pitch=-1.00Hz pitchCents=0.0
2025-12-14 07:55:07 [tracker] [s3] onset t=73.447 env=0.00134 gate=0.00008 envDelta=0.00127 envFloor=0.00089 onset=0.860 thresh=0.012 onsetDelta=0.84804 baseline=0.00059 adaptive=0.00148 lastPeak=0.00000 guard=0.060 activeAge=-1.000 pitch=-1.00Hz pitchCents=0.0
2025-12-14 07:55:07 [tracker] [s5] onset t=73.559 env=0.00163 gate=0.00016 envDelta=0.00148 envFloor=0.00111 onset=0.733 thresh=0.016 onsetDelta=0.71669 baseline=0.00074 adaptive=0.00186 lastPeak=0.00000 guard=0.060 activeAge=-1.000 pitch=-1.00Hz pitchCents=0.0
2025-12-14 07:55:07 [tracker] [s1] aubio-raw t=73.5647 onset=0.722175 env=0.001191 peak=0.002669 gain=1.000
2025-12-14 07:55:07 [tracker] [s1] onset-accepted t=73.5647 env=0.001191 gate=0.000024 envDelta=0.001166 envFloor=0.000668 onset=0.722175 thresh=0.006000 onsetDelta=0.716175 baseline=0.000445 floor=0.000180 adapt=0.001114 lastPeak=0.000001 baseParam=0.000180 gateRatio=0.0550 envParam=0.000450 onsetScale=0.300 retriggerScale=1.400 guard=0.060 guardRemain=0.000 activeAge=-1.000 retrigRemain=0.000 pitchHz=-1.00 pitchCents=0.0
2025-12-14 07:55:07 [tracker] [s1] onset t=73.565 env=0.00119 gate=0.00002 envDelta=0.00117 envFloor=0.00067 onset=0.722 thresh=0.006 onsetDelta=0.71618 baseline=0.00045 adaptive=0.00111 lastPeak=0.00000 guard=0.060 activeAge=-1.000 pitch=-1.00Hz pitchCents=0.0
2025-12-14 07:55:07 [tracker] [s3] onset t=73.650 env=0.00173 gate=0.00008 envDelta=0.00165 envFloor=0.00093 onset=1.368 thresh=0.012 onsetDelta=1.35682 baseline=0.00062 adaptive=0.00155 lastPeak=0.00000 guard=0.060 activeAge=-1.000 pitch=-1.00Hz pitchCents=0.0
2025-12-14 07:55:07 [tracker] [s2] onset t=73.736 env=0.00149 gate=0.00001 envDelta=0.00149 envFloor=0.00101 onset=0.813 thresh=0.009 onsetDelta=0.80429 baseline=0.00067 adaptive=0.00169 lastPeak=0.00000 guard=0.060 activeAge=-1.000 pitch=-1.00Hz pitchCents=0.0
2025-12-14 07:55:07 [tracker] [s1] aubio-raw t=73.7756 onset=1.334374 env=0.001101 peak=0.002597 gain=1.000
2025-12-14 07:55:07 [tracker] [s1] onset-accepted t=73.7756 env=0.001101 gate=0.000023 envDelta=0.001078 envFloor=0.000614 onset=1.334374 thresh=0.006000 onsetDelta=1.328374 baseline=0.000409 floor=0.000180 adapt=0.001023 lastPeak=0.000000 baseParam=0.000180 gateRatio=0.0550 envParam=0.000450 onsetScale=0.300 retriggerScale=1.400 guard=0.060 guardRemain=0.000 activeAge=-1.000 retrigRemain=0.000 pitchHz=228.56 pitchCents=1766.1
2025-12-14 07:55:07 [tracker] [s1] onset t=73.776 env=0.00110 gate=0.00002 envDelta=0.00108 envFloor=0.00061 onset=1.334 thresh=0.006 onsetDelta=1.32837 baseline=0.00041 adaptive=0.00102 lastPeak=0.00000 guard=0.060 activeAge=-1.000 pitch=228.56Hz pitchCents=1766.1
2025-12-14 07:55:07 [tracker] [s1] harmonic-bias t=73.776 pitch=228.56Hz ratio=2.77 harmonic=3 midi=64->40
2025-12-14 07:55:07 [tracker] [s1] open-hold t=73.776 hold=0.360s
2025-12-14 07:55:07 [tracker] [s1] note-start t=73.776 fret=0 midi=40 vel=0.01 env=0.00110
2025-12-14 07:55:07 [tracker] [s3] onset t=73.813 env=0.00115 gate=0.00008 envDelta=0.00108 envFloor=0.00090 onset=0.999 thresh=0.012 onsetDelta=0.98717 baseline=0.00060 adaptive=0.00151 lastPeak=0.00000 guard=0.060 activeAge=-1.000 pitch=-1.00Hz pitchCents=0.0
2025-12-14 07:55:07 [tracker] [s2] onset t=73.824 env=0.00172 gate=0.00001 envDelta=0.00171 envFloor=0.00101 onset=0.947 thresh=0.009 onsetDelta=0.93765 baseline=0.00067 adaptive=0.00168 lastPeak=0.00000 guard=0.060 activeAge=-1.000 pitch=-1.00Hz pitchCents=0.0
2025-12-14 07:55:07 [tracker] [s6] onset t=73.898 env=0.00187 gate=0.00021 envDelta=0.00166 envFloor=0.00128 onset=0.748 thresh=0.018 onsetDelta=0.72999 baseline=0.00085 adaptive=0.00213 lastPeak=0.00000 guard=0.060 activeAge=-1.000 pitch=-1.00Hz pitchCents=0.0
2025-12-14 07:55:08 [tracker] [s5] onset t=73.928 env=0.00162 gate=0.00015 envDelta=0.00147 envFloor=0.00108 onset=0.800 thresh=0.016 onsetDelta=0.78383 baseline=0.00072 adaptive=0.00181 lastPeak=0.00000 guard=0.060 activeAge=-1.000 pitch=-1.00Hz pitchCents=0.0
2025-12-14 07:55:08 [tracker] [s4] onset t=74.024 env=0.00186 gate=0.00011 envDelta=0.00175 envFloor=0.00101 onset=1.000 thresh=0.014 onsetDelta=0.98559 baseline=0.00067 adaptive=0.00168 lastPeak=0.00000 guard=0.060 activeAge=-1.000 pitch=-1.00Hz pitchCents=0.0
2025-12-14 07:55:08 [tracker] [s2] onset t=74.040 env=0.00146 gate=0.00001 envDelta=0.00145 envFloor=0.00106 onset=0.996 thresh=0.009 onsetDelta=0.98720 baseline=0.00071 adaptive=0.00176 lastPeak=0.00000 guard=0.060 activeAge=-1.000 pitch=470.58Hz pitchCents=2516.3
2025-12-14 07:55:08 [tracker] [s5] onset t=74.147 env=0.00163 gate=0.00015 envDelta=0.00147 envFloor=0.00108 onset=0.652 thresh=0.016 onsetDelta=0.63628 baseline=0.00072 adaptive=0.00179 lastPeak=0.00000 guard=0.060 activeAge=-1.000 pitch=-1.00Hz pitchCents=0.0
2025-12-14 07:55:08 [tracker] [s3] onset t=74.299 env=0.00154 gate=0.00008 envDelta=0.00146 envFloor=0.00094 onset=0.943 thresh=0.012 onsetDelta=0.93117 baseline=0.00063 adaptive=0.00157 lastPeak=0.00000 guard=0.060 activeAge=-1.000 pitch=-1.00Hz pitchCents=0.0
2025-12-14 07:55:08 [tracker] [s6] onset t=74.312 env=0.00193 gate=0.00021 envDelta=0.00171 envFloor=0.00127 onset=1.061 thresh=0.018 onsetDelta=1.04325 baseline=0.00085 adaptive=0.00212 lastPeak=0.00000 guard=0.060 activeAge=-1.000 pitch=-1.00Hz pitchCents=0.0
2025-12-14 07:55:08 [tracker] [s4] onset t=74.408 env=0.00128 gate=0.00011 envDelta=0.00117 envFloor=0.00101 onset=0.995 thresh=0.014 onsetDelta=0.98149 baseline=0.00067 adaptive=0.00168 lastPeak=0.00000 guard=0.060 activeAge=-1.000 pitch=-1.00Hz pitchCents=0.0
2025-12-14 07:55:08 [tracker] [s1] aubio-raw t=74.4646 onset=1.046750 env=0.000818 peak=0.003187 gain=1.000
2025-12-14 07:55:08 [tracker] [s1] onset-accepted t=74.4646 env=0.000818 gate=0.000023 envDelta=0.000794 envFloor=0.000632 onset=1.046750 thresh=0.006000 onsetDelta=1.040750 baseline=0.000421 floor=0.000180 adapt=0.001053 lastPeak=0.000302 baseParam=0.000180 gateRatio=0.0550 envParam=0.000450 onsetScale=0.300 retriggerScale=1.400 guard=0.060 guardRemain=0.000 activeAge=0.689 retrigRemain=0.000 pitchHz=421.11 pitchCents=2824.0
2025-12-14 07:55:08 [tracker] [s1] onset t=74.465 env=0.00082 gate=0.00002 envDelta=0.00079 envFloor=0.00063 onset=1.047 thresh=0.006 onsetDelta=1.04075 baseline=0.00042 adaptive=0.00105 lastPeak=0.00030 guard=0.060 activeAge=0.689 pitch=421.11Hz pitchCents=2824.0
2025-12-14 07:55:08 [tracker] [s1] note-ended (new onset) t=74.465 fret=0 dur=0.689
2025-12-14 07:55:08 [tracker] [s2] onset t=74.465 env=0.00170 gate=0.00001 envDelta=0.00169 envFloor=0.00105 onset=0.912 thresh=0.009 onsetDelta=0.90282 baseline=0.00070 adaptive=0.00175 lastPeak=0.00066 guard=0.060 activeAge=0.425 pitch=-1.00Hz pitchCents=0.0
2025-12-14 07:55:08 [tracker] [s1] aubio-raw t=74.5767 onset=0.917508 env=0.001875 peak=0.003741 gain=1.000
2025-12-14 07:55:08 [tracker] [s1] onset-accepted t=74.5767 env=0.001875 gate=0.000026 envDelta=0.001849 envFloor=0.000696 onset=0.917508 thresh=0.006000 onsetDelta=0.911508 baseline=0.000464 floor=0.000180 adapt=0.001159 lastPeak=0.000245 baseParam=0.000180 gateRatio=0.0550 envParam=0.000450 onsetScale=0.300 retriggerScale=1.400 guard=0.060 guardRemain=0.000 activeAge=-1.000 retrigRemain=0.000 pitchHz=205.15 pitchCents=1579.0
2025-12-14 07:55:08 [tracker] [s1] onset t=74.577 env=0.00187 gate=0.00003 envDelta=0.00185 envFloor=0.00070 onset=0.918 thresh=0.006 onsetDelta=0.91151 baseline=0.00046 adaptive=0.00116 lastPeak=0.00024 guard=0.060 activeAge=-1.000 pitch=205.15Hz pitchCents=1579.0
2025-12-14 07:55:08 [tracker] [s4] onset t=74.619 env=0.00155 gate=0.00011 envDelta=0.00144 envFloor=0.00095 onset=0.819 thresh=0.014 onsetDelta=0.80507 baseline=0.00064 adaptive=0.00159 lastPeak=0.00000 guard=0.060 activeAge=-1.000 pitch=-1.00Hz pitchCents=0.0
2025-12-14 07:55:08 [tracker] [s5] onset t=74.627 env=0.00185 gate=0.00015 envDelta=0.00170 envFloor=0.00107 onset=0.997 thresh=0.016 onsetDelta=0.98105 baseline=0.00071 adaptive=0.00178 lastPeak=0.00000 guard=0.060 activeAge=-1.000 pitch=-1.00Hz pitchCents=0.0
2025-12-14 07:55:08 [tracker] [s1] aubio-raw t=74.6648 onset=0.543384 env=0.000751 peak=0.001722 gain=1.000
2025-12-14 07:55:08 [tracker] [s1] onset-accepted t=74.6648 env=0.000751 gate=0.000023 envDelta=0.000728 envFloor=0.000629 onset=0.543384 thresh=0.006000 onsetDelta=0.537384 baseline=0.000420 floor=0.000180 adapt=0.001049 lastPeak=0.000207 baseParam=0.000180 gateRatio=0.0550 envParam=0.000450 onsetScale=0.300 retriggerScale=1.400 guard=0.060 guardRemain=0.000 activeAge=-1.000 retrigRemain=0.000 pitchHz=-1.00 pitchCents=0.0
2025-12-14 07:55:08 [tracker] [s1] onset t=74.665 env=0.00075 gate=0.00002 envDelta=0.00073 envFloor=0.00063 onset=0.543 thresh=0.006 onsetDelta=0.53738 baseline=0.00042 adaptive=0.00105 lastPeak=0.00021 guard=0.060 activeAge=-1.000 pitch=-1.00Hz pitchCents=0.0
2025-12-14 07:55:08 [tracker] [s6] onset t=74.700 env=0.00219 gate=0.00022 envDelta=0.00197 envFloor=0.00130 onset=0.998 thresh=0.018 onsetDelta=0.97966 baseline=0.00087 adaptive=0.00216 lastPeak=0.00000 guard=0.060 activeAge=-1.000 pitch=-1.00Hz pitchCents=0.0
2025-12-14 07:55:08 [tracker] [s5] onset t=74.710 env=0.00180 gate=0.00016 envDelta=0.00164 envFloor=0.00111 onset=1.453 thresh=0.016 onsetDelta=1.43653 baseline=0.00074 adaptive=0.00185 lastPeak=0.00000 guard=0.060 activeAge=-1.000 pitch=-1.00Hz pitchCents=0.0
2025-12-14 07:55:08 [tracker] [s3] onset t=74.737 env=0.00112 gate=0.00009 envDelta=0.00103 envFloor=0.00100 onset=1.063 thresh=0.012 onsetDelta=1.05130 baseline=0.00067 adaptive=0.00167 lastPeak=0.00000 guard=0.060 activeAge=-1.000 pitch=-1.00Hz pitchCents=0.0
2025-12-14 07:55:08 [tracker] [s1] aubio-raw t=74.7476 onset=1.068427 env=0.000789 peak=0.002175 gain=1.000
2025-12-14 07:55:08 [tracker] [s1] onset-accepted t=74.7476 env=0.000789 gate=0.000022 envDelta=0.000766 envFloor=0.000614 onset=1.068427 thresh=0.006000 onsetDelta=1.062427 baseline=0.000409 floor=0.000180 adapt=0.001023 lastPeak=0.000178 baseParam=0.000180 gateRatio=0.0550 envParam=0.000450 onsetScale=0.300 retriggerScale=1.400 guard=0.060 guardRemain=0.000 activeAge=-1.000 retrigRemain=0.000 pitchHz=-1.00 pitchCents=0.0
2025-12-14 07:55:08 [tracker] [s1] onset t=74.748 env=0.00079 gate=0.00002 envDelta=0.00077 envFloor=0.00061 onset=1.068 thresh=0.006 onsetDelta=1.06243 baseline=0.00041 adaptive=0.00102 lastPeak=0.00018 guard=0.060 activeAge=-1.000 pitch=-1.00Hz pitchCents=0.0
2025-12-14 07:55:08 [tracker] [s3] onset t=74.796 env=0.00119 gate=0.00009 envDelta=0.00111 envFloor=0.00098 onset=1.044 thresh=0.012 onsetDelta=1.03279 baseline=0.00065 adaptive=0.00164 lastPeak=0.00000 guard=0.060 activeAge=-1.000 pitch=-1.00Hz pitchCents=0.0
2025-12-14 07:55:08 [tracker] [s6] onset t=74.814 env=0.00218 gate=0.00021 envDelta=0.00197 envFloor=0.00127 onset=0.997 thresh=0.018 onsetDelta=0.97908 baseline=0.00085 adaptive=0.00211 lastPeak=0.00000 guard=0.060 activeAge=-1.000 pitch=-1.00Hz pitchCents=0.0
2025-12-14 07:55:08 [tracker] [s6] onset t=74.876 env=0.00160 gate=0.00020 envDelta=0.00140 envFloor=0.00119 onset=0.766 thresh=0.018 onsetDelta=0.74833 baseline=0.00079 adaptive=0.00199 lastPeak=0.00000 guard=0.060 activeAge=-1.000 pitch=-1.00Hz pitchCents=0.0
2025-12-14 07:55:08 [tracker] [s5] onset t=74.897 env=0.00171 gate=0.00015 envDelta=0.00157 envFloor=0.00104 onset=0.998 thresh=0.016 onsetDelta=0.98243 baseline=0.00070 adaptive=0.00174 lastPeak=0.00000 guard=0.060 activeAge=-1.000 pitch=-1.00Hz pitchCents=0.0
2025-12-14 07:55:08 [tracker] [s1] aubio-raw t=74.8998 onset=0.952072 env=0.001057 peak=0.002855 gain=1.000
2025-12-14 07:55:08 [tracker] [s1] onset-accepted t=74.8998 env=0.001057 gate=0.000022 envDelta=0.001035 envFloor=0.000611 onset=0.952072 thresh=0.006000 onsetDelta=0.946072 baseline=0.000407 floor=0.000180 adapt=0.001018 lastPeak=0.000133 baseParam=0.000180 gateRatio=0.0550 envParam=0.000450 onsetScale=0.300 retriggerScale=1.400 guard=0.060 guardRemain=0.000 activeAge=-1.000 retrigRemain=0.000 pitchHz=420.98 pitchCents=2823.5
2025-12-14 07:55:08 [tracker] [s1] onset t=74.900 env=0.00106 gate=0.00002 envDelta=0.00103 envFloor=0.00061 onset=0.952 thresh=0.006 onsetDelta=0.94607 baseline=0.00041 adaptive=0.00102 lastPeak=0.00013 guard=0.060 activeAge=-1.000 pitch=420.98Hz pitchCents=2823.5
2025-12-14 07:55:08 [tracker] [s1] note-start t=74.900 fret=13 midi=53 vel=0.01 env=0.00106
2025-12-14 07:55:09 [tracker] [s2] onset t=74.929 env=0.00163 gate=0.00001 envDelta=0.00163 envFloor=0.00105 onset=1.186 thresh=0.009 onsetDelta=1.17671 baseline=0.00070 adaptive=0.00175 lastPeak=0.00028 guard=0.060 activeAge=-1.000 pitch=-1.00Hz pitchCents=0.0
2025-12-14 07:55:09 [tracker] [s1] aubio-raw t=74.9586 onset=1.040427 env=0.000851 peak=0.002281 gain=1.000
2025-12-14 07:55:09 [tracker] [s1] onset-separation-guard t=74.9586 env=0.000851 gate=0.000047 envDelta=0.000804 envFloor=0.000647 onset=1.040427 thresh=0.006000 onsetDelta=1.034427 baseline=0.000852 floor=0.000180 adapt=0.001079 lastPeak=0.000947 baseParam=0.000180 gateRatio=0.0550 envParam=0.000450 onsetScale=0.300 retriggerScale=1.400 guard=0.060 guardRemain=0.001 activeAge=0.059 retrigRemain=0.161 pitchHz=94.11 pitchCents=229.8
2025-12-14 07:55:09 [tracker] [s3] onset t=74.969 env=0.00152 gate=0.00008 envDelta=0.00144 envFloor=0.00090 onset=0.995 thresh=0.012 onsetDelta=0.98369 baseline=0.00060 adaptive=0.00151 lastPeak=0.00000 guard=0.060 activeAge=-1.000 pitch=-1.00Hz pitchCents=0.0
2025-12-14 07:55:09 [tracker] [s5] onset t=75.015 env=0.00179 gate=0.00015 envDelta=0.00164 envFloor=0.00105 onset=0.680 thresh=0.016 onsetDelta=0.66412 baseline=0.00070 adaptive=0.00174 lastPeak=0.00000 guard=0.060 activeAge=-1.000 pitch=-1.00Hz pitchCents=0.0
2025-12-14 07:55:09 [tracker] [s4] onset t=75.025 env=0.00164 gate=0.00011 envDelta=0.00153 envFloor=0.00099 onset=0.621 thresh=0.014 onsetDelta=0.60680 baseline=0.00066 adaptive=0.00164 lastPeak=0.00000 guard=0.060 activeAge=-1.000 pitch=-1.00Hz pitchCents=0.0
2025-12-14 07:55:09 [tracker] [s3] onset t=75.210 env=0.00160 gate=0.00009 envDelta=0.00152 envFloor=0.00098 onset=1.302 thresh=0.012 onsetDelta=1.29023 baseline=0.00066 adaptive=0.00164 lastPeak=0.00000 guard=0.060 activeAge=-1.000 pitch=-1.00Hz pitchCents=0.0
2025-12-14 07:55:09 [tracker] [s2] onset t=75.266 env=0.00109 gate=0.00001 envDelta=0.00108 envFloor=0.00091 onset=1.326 thresh=0.009 onsetDelta=1.31702 baseline=0.00061 adaptive=0.00152 lastPeak=0.00015 guard=0.060 activeAge=-1.000 pitch=499.91Hz pitchCents=2621.0
2025-12-14 07:55:09 [tracker] [s4] onset t=75.359 env=0.00133 gate=0.00010 envDelta=0.00123 envFloor=0.00092 onset=1.387 thresh=0.014 onsetDelta=1.37256 baseline=0.00061 adaptive=0.00154 lastPeak=0.00000 guard=0.060 activeAge=-1.000 pitch=-1.00Hz pitchCents=0.0
2025-12-14 07:55:09 [tracker] [s3] onset t=75.391 env=0.00147 gate=0.00008 envDelta=0.00139 envFloor=0.00093 onset=0.866 thresh=0.012 onsetDelta=0.85411 baseline=0.00062 adaptive=0.00155 lastPeak=0.00000 guard=0.060 activeAge=-1.000 pitch=-1.00Hz pitchCents=0.0
2025-12-14 07:55:09 [tracker] [s1] aubio-raw t=75.3938 onset=1.448359 env=0.001052 peak=0.002130 gain=1.000
2025-12-14 07:55:09 [tracker] [s1] onset-accepted t=75.3938 env=0.001052 gate=0.000023 envDelta=0.001029 envFloor=0.000625 onset=1.448359 thresh=0.006000 onsetDelta=1.442359 baseline=0.000416 floor=0.000180 adapt=0.001041 lastPeak=0.000418 baseParam=0.000180 gateRatio=0.0550 envParam=0.000450 onsetScale=0.300 retriggerScale=1.400 guard=0.060 guardRemain=0.000 activeAge=0.494 retrigRemain=0.000 pitchHz=-1.00 pitchCents=0.0
2025-12-14 07:55:09 [tracker] [s1] onset t=75.394 env=0.00105 gate=0.00002 envDelta=0.00103 envFloor=0.00062 onset=1.448 thresh=0.006 onsetDelta=1.44236 baseline=0.00042 adaptive=0.00104 lastPeak=0.00042 guard=0.060 activeAge=0.494 pitch=-1.00Hz pitchCents=0.0
2025-12-14 07:55:09 [tracker] [s1] note-ended (new onset) t=75.394 fret=13 dur=0.494
2025-12-14 07:55:09 [tracker] [s2] onset t=75.450 env=0.00147 gate=0.00001 envDelta=0.00146 envFloor=0.00104 onset=0.752 thresh=0.009 onsetDelta=0.74348 baseline=0.00069 adaptive=0.00173 lastPeak=0.00077 guard=0.060 activeAge=0.184 pitch=-1.00Hz pitchCents=0.0
2025-12-14 07:55:09 [tracker] [s2] note-ended (new onset) t=75.450 fret=0 dur=0.184
2025-12-14 07:55:09 [tracker] [s4] onset t=75.479 env=0.00122 gate=0.00011 envDelta=0.00110 envFloor=0.00101 onset=1.362 thresh=0.014 onsetDelta=1.34845 baseline=0.00067 adaptive=0.00168 lastPeak=0.00000 guard=0.060 activeAge=-1.000 pitch=-1.00Hz pitchCents=0.0
2025-12-14 07:55:09 [tracker] [s6] onset t=75.493 env=0.00209 gate=0.00021 envDelta=0.00188 envFloor=0.00129 onset=0.995 thresh=0.018 onsetDelta=0.97746 baseline=0.00086 adaptive=0.00215 lastPeak=0.00000 guard=0.060 activeAge=-1.000 pitch=-1.00Hz pitchCents=0.0
2025-12-14 07:55:09 [tracker] [s1] aubio-raw t=75.5327 onset=0.996268 env=0.000931 peak=0.002381 gain=1.000
2025-12-14 07:55:09 [tracker] [s1] onset-accepted t=75.5327 env=0.000931 gate=0.000023 envDelta=0.000907 envFloor=0.000638 onset=0.996268 thresh=0.006000 onsetDelta=0.990268 baseline=0.000425 floor=0.000180 adapt=0.001064 lastPeak=0.000322 baseParam=0.000180 gateRatio=0.0550 envParam=0.000450 onsetScale=0.300 retriggerScale=1.400 guard=0.060 guardRemain=0.000 activeAge=-1.000 retrigRemain=0.000 pitchHz=470.61 pitchCents=3016.4
2025-12-14 07:55:09 [tracker] [s1] onset t=75.533 env=0.00093 gate=0.00002 envDelta=0.00091 envFloor=0.00064 onset=0.996 thresh=0.006 onsetDelta=0.99027 baseline=0.00043 adaptive=0.00106 lastPeak=0.00032 guard=0.060 activeAge=-1.000 pitch=470.61Hz pitchCents=3016.4
2025-12-14 07:55:09 [tracker] [s1] aubio-raw t=75.8104 onset=0.952475 env=0.000826 peak=0.001947 gain=1.000
2025-12-14 07:55:09 [tracker] [s1] onset-accepted t=75.8104 env=0.000826 gate=0.000024 envDelta=0.000803 envFloor=0.000644 onset=0.952475 thresh=0.006000 onsetDelta=0.946475 baseline=0.000429 floor=0.000180 adapt=0.001073 lastPeak=0.000191 baseParam=0.000180 gateRatio=0.0550 envParam=0.000450 onsetScale=0.300 retriggerScale=1.400 guard=0.060 guardRemain=0.000 activeAge=-1.000 retrigRemain=0.000 pitchHz=-1.00 pitchCents=0.0
2025-12-14 07:55:09 [tracker] [s1] onset t=75.810 env=0.00083 gate=0.00002 envDelta=0.00080 envFloor=0.00064 onset=0.952 thresh=0.006 onsetDelta=0.94648 baseline=0.00043 adaptive=0.00107 lastPeak=0.00019 guard=0.060 activeAge=-1.000 pitch=-1.00Hz pitchCents=0.0
2025-12-14 07:55:09 [tracker] [s1] aubio-raw t=75.8932 onset=0.999074 env=0.000664 peak=0.002094 gain=1.000
2025-12-14 07:55:09 [tracker] [s1] onset-accepted t=75.8932 env=0.000664 gate=0.000023 envDelta=0.000641 envFloor=0.000623 onset=0.999074 thresh=0.006000 onsetDelta=0.993074 baseline=0.000415 floor=0.000180 adapt=0.001038 lastPeak=0.000164 baseParam=0.000180 gateRatio=0.0550 envParam=0.000450 onsetScale=0.300 retriggerScale=1.400 guard=0.060 guardRemain=0.000 activeAge=-1.000 retrigRemain=0.000 pitchHz=94.12 pitchCents=230.0
2025-12-14 07:55:09 [tracker] [s1] onset t=75.893 env=0.00066 gate=0.00002 envDelta=0.00064 envFloor=0.00062 onset=0.999 thresh=0.006 onsetDelta=0.99307 baseline=0.00042 adaptive=0.00104 lastPeak=0.00016 guard=0.060 activeAge=-1.000 pitch=94.12Hz pitchCents=230.0
2025-12-14 07:55:09 [tracker] [s2] onset t=75.899 env=0.00107 gate=0.00001 envDelta=0.00106 envFloor=0.00101 onset=1.342 thresh=0.009 onsetDelta=1.33272 baseline=0.00067 adaptive=0.00168 lastPeak=0.00033 guard=0.060 activeAge=-1.000 pitch=94.11Hz pitchCents=-270.0
2025-12-14 07:55:10 [tracker] [s1] aubio-raw t=76.0534 onset=0.993680 env=0.001031 peak=0.002457 gain=1.000
2025-12-14 07:55:10 [tracker] [s1] onset-accepted t=76.0534 env=0.001031 gate=0.000024 envDelta=0.001007 envFloor=0.000655 onset=0.993680 thresh=0.006000 onsetDelta=0.987680 baseline=0.000437 floor=0.000180 adapt=0.001092 lastPeak=0.000121 baseParam=0.000180 gateRatio=0.0550 envParam=0.000450 onsetScale=0.300 retriggerScale=1.400 guard=0.060 guardRemain=0.000 activeAge=-1.000 retrigRemain=0.000 pitchHz=307.65 pitchCents=2280.5
2025-12-14 07:55:10 [tracker] [s1] onset t=76.053 env=0.00103 gate=0.00002 envDelta=0.00101 envFloor=0.00066 onset=0.994 thresh=0.006 onsetDelta=0.98768 baseline=0.00044 adaptive=0.00109 lastPeak=0.00012 guard=0.060 activeAge=-1.000 pitch=307.65Hz pitchCents=2280.5
2025-12-14 07:55:10 [tracker] [s1] aubio-raw t=76.1335 onset=1.224601 env=0.000749 peak=0.002002 gain=1.000
2025-12-14 07:55:10 [tracker] [s1] onset-accepted t=76.1335 env=0.000749 gate=0.000024 envDelta=0.000725 envFloor=0.000657 onset=1.224601 thresh=0.006000 onsetDelta=1.218601 baseline=0.000438 floor=0.000180 adapt=0.001095 lastPeak=0.000104 baseParam=0.000180 gateRatio=0.0550 envParam=0.000450 onsetScale=0.300 retriggerScale=1.400 guard=0.060 guardRemain=0.000 activeAge=-1.000 retrigRemain=0.000 pitchHz=-1.00 pitchCents=0.0
2025-12-14 07:55:10 [tracker] [s1] onset t=76.133 env=0.00075 gate=0.00002 envDelta=0.00072 envFloor=0.00066 onset=1.225 thresh=0.006 onsetDelta=1.21860 baseline=0.00044 adaptive=0.00109 lastPeak=0.00010 guard=0.060 activeAge=-1.000 pitch=-1.00Hz pitchCents=0.0
2025-12-14 07:55:10 [tracker] [s1] aubio-raw t=76.1896 onset=0.841402 env=0.001114 peak=0.002915 gain=1.000
2025-12-14 07:55:10 [tracker] [s1] onset-accepted t=76.1896 env=0.001114 gate=0.000025 envDelta=0.001089 envFloor=0.000674 onset=0.841402 thresh=0.006000 onsetDelta=0.835402 baseline=0.000449 floor=0.000180 adapt=0.001123 lastPeak=0.000094 baseParam=0.000180 gateRatio=0.0550 envParam=0.000450 onsetScale=0.300 retriggerScale=1.400 guard=0.060 guardRemain=0.000 activeAge=-1.000 retrigRemain=0.000 pitchHz=-1.00 pitchCents=0.0
2025-12-14 07:55:10 [tracker] [s1] onset t=76.190 env=0.00111 gate=0.00002 envDelta=0.00109 envFloor=0.00067 onset=0.841 thresh=0.006 onsetDelta=0.83540 baseline=0.00045 adaptive=0.00112 lastPeak=0.00009 guard=0.060 activeAge=-1.000 pitch=-1.00Hz pitchCents=0.0
2025-12-14 07:55:10 [tracker] [s2] onset t=76.230 env=0.00141 gate=0.00001 envDelta=0.00140 envFloor=0.00104 onset=0.636 thresh=0.009 onsetDelta=0.62655 baseline=0.00069 adaptive=0.00174 lastPeak=0.00018 guard=0.060 activeAge=-1.000 pitch=-1.00Hz pitchCents=0.0
2025-12-14 07:55:10 [tracker] [s1] aubio-raw t=76.2563 onset=0.933583 env=0.000886 peak=0.002490 gain=1.000
2025-12-14 07:55:10 [tracker] [s1] onset-accepted t=76.2563 env=0.000886 gate=0.000024 envDelta=0.000862 envFloor=0.000650 onset=0.933583 thresh=0.006000 onsetDelta=0.927583 baseline=0.000434 floor=0.000180 adapt=0.001084 lastPeak=0.000083 baseParam=0.000180 gateRatio=0.0550 envParam=0.000450 onsetScale=0.300 retriggerScale=1.400 guard=0.060 guardRemain=0.000 activeAge=-1.000 retrigRemain=0.000 pitchHz=-1.00 pitchCents=0.0
2025-12-14 07:55:10 [tracker] [s1] onset t=76.256 env=0.00089 gate=0.00002 envDelta=0.00086 envFloor=0.00065 onset=0.934 thresh=0.006 onsetDelta=0.92758 baseline=0.00043 adaptive=0.00108 lastPeak=0.00008 guard=0.060 activeAge=-1.000 pitch=-1.00Hz pitchCents=0.0
2025-12-14 07:55:10 [tracker] [s3] onset t=76.259 env=0.00158 gate=0.00009 envDelta=0.00150 envFloor=0.00099 onset=0.922 thresh=0.012 onsetDelta=0.91057 baseline=0.00066 adaptive=0.00164 lastPeak=0.00000 guard=0.060 activeAge=-1.000 pitch=-1.00Hz pitchCents=0.0
2025-12-14 07:55:10 [tracker] [s4] onset t=76.451 env=0.00136 gate=0.00011 envDelta=0.00126 envFloor=0.00094 onset=0.755 thresh=0.014 onsetDelta=0.74139 baseline=0.00063 adaptive=0.00157 lastPeak=0.00000 guard=0.060 activeAge=-1.000 pitch=-1.00Hz pitchCents=0.0
2025-12-14 07:55:10 [tracker] [s5] onset t=76.486 env=0.00131 gate=0.00015 envDelta=0.00116 envFloor=0.00105 onset=1.000 thresh=0.016 onsetDelta=0.98414 baseline=0.00070 adaptive=0.00175 lastPeak=0.00000 guard=0.060 activeAge=-1.000 pitch=-1.00Hz pitchCents=0.0
2025-12-14 07:55:10 [tracker] [s6] onset t=76.497 env=0.00184 gate=0.00019 envDelta=0.00165 envFloor=0.00115 onset=0.997 thresh=0.018 onsetDelta=0.97876 baseline=0.00077 adaptive=0.00191 lastPeak=0.00000 guard=0.060 activeAge=-1.000 pitch=-1.00Hz pitchCents=0.0
2025-12-14 07:55:10 [tracker] [s5] onset t=76.646 env=0.00173 gate=0.00015 envDelta=0.00158 envFloor=0.00111 onset=1.143 thresh=0.016 onsetDelta=1.12700 baseline=0.00074 adaptive=0.00184 lastPeak=0.00000 guard=0.060 activeAge=-1.000 pitch=-1.00Hz pitchCents=0.0
2025-12-14 07:55:10 [tracker] [s3] onset t=76.654 env=0.00145 gate=0.00008 envDelta=0.00137 envFloor=0.00095 onset=1.000 thresh=0.012 onsetDelta=0.98854 baseline=0.00063 adaptive=0.00158 lastPeak=0.00000 guard=0.060 activeAge=-1.000 pitch=-1.00Hz pitchCents=0.0
2025-12-14 07:55:10 [tracker] [s4] onset t=76.670 env=0.00157 gate=0.00011 envDelta=0.00146 envFloor=0.00099 onset=1.054 thresh=0.014 onsetDelta=1.04009 baseline=0.00066 adaptive=0.00165 lastPeak=0.00000 guard=0.060 activeAge=-1.000 pitch=-1.00Hz pitchCents=0.0
2025-12-14 07:55:10 [tracker] [s1] aubio-raw t=76.7236 onset=0.976420 env=0.001054 peak=0.002382 gain=1.000
2025-12-14 07:55:10 [tracker] [s1] onset-accepted t=76.7236 env=0.001054 gate=0.000024 envDelta=0.001030 envFloor=0.000653 onset=0.976420 thresh=0.006000 onsetDelta=0.970420 baseline=0.000435 floor=0.000180 adapt=0.001089 lastPeak=0.000034 baseParam=0.000180 gateRatio=0.0550 envParam=0.000450 onsetScale=0.300 retriggerScale=1.400 guard=0.060 guardRemain=0.000 activeAge=-1.000 retrigRemain=0.000 pitchHz=-1.00 pitchCents=0.0
2025-12-14 07:55:10 [tracker] [s1] onset t=76.724 env=0.00105 gate=0.00002 envDelta=0.00103 envFloor=0.00065 onset=0.976 thresh=0.006 onsetDelta=0.97042 baseline=0.00044 adaptive=0.00109 lastPeak=0.00003 guard=0.060 activeAge=-1.000 pitch=-1.00Hz pitchCents=0.0
2025-12-14 07:55:10 [tracker] [s4] onset t=76.766 env=0.00120 gate=0.00011 envDelta=0.00109 envFloor=0.00094 onset=1.227 thresh=0.014 onsetDelta=1.21269 baseline=0.00063 adaptive=0.00157 lastPeak=0.00000 guard=0.060 activeAge=-1.000 pitch=-1.00Hz pitchCents=0.0
2025-12-14 07:55:10 [tracker] [s1] aubio-raw t=76.7797 onset=1.125517 env=0.001160 peak=0.002317 gain=1.000
2025-12-14 07:55:10 [tracker] [s1] onset-accepted t=76.7797 env=0.001160 gate=0.000023 envDelta=0.001137 envFloor=0.000627 onset=1.125517 thresh=0.006000 onsetDelta=1.119517 baseline=0.000418 floor=0.000180 adapt=0.001044 lastPeak=0.000031 baseParam=0.000180 gateRatio=0.0550 envParam=0.000450 onsetScale=0.300 retriggerScale=1.400 guard=0.060 guardRemain=0.000 activeAge=-1.000 retrigRemain=0.000 pitchHz=-1.00 pitchCents=0.0
2025-12-14 07:55:10 [tracker] [s1] onset t=76.780 env=0.00116 gate=0.00002 envDelta=0.00114 envFloor=0.00063 onset=1.126 thresh=0.006 onsetDelta=1.11952 baseline=0.00042 adaptive=0.00104 lastPeak=0.00003 guard=0.060 activeAge=-1.000 pitch=-1.00Hz pitchCents=0.0
2025-12-14 07:55:10 [tracker] [s1] aubio-raw t=76.8838 onset=0.994046 env=0.000642 peak=0.001953 gain=1.000
2025-12-14 07:55:10 [tracker] [s1] onset-accepted t=76.8838 env=0.000642 gate=0.000023 envDelta=0.000618 envFloor=0.000637 onset=0.994046 thresh=0.006000 onsetDelta=0.988046 baseline=0.000424 floor=0.000180 adapt=0.001061 lastPeak=0.000026 baseParam=0.000180 gateRatio=0.0550 envParam=0.000450 onsetScale=0.300 retriggerScale=1.400 guard=0.060 guardRemain=0.000 activeAge=-1.000 retrigRemain=0.000 pitchHz=533.28 pitchCents=3232.9
2025-12-14 07:55:10 [tracker] [s1] onset t=76.884 env=0.00064 gate=0.00002 envDelta=0.00062 envFloor=0.00064 onset=0.994 thresh=0.006 onsetDelta=0.98805 baseline=0.00042 adaptive=0.00106 lastPeak=0.00003 guard=0.060 activeAge=-1.000 pitch=533.28Hz pitchCents=3232.9
2025-12-14 07:55:10 [tracker] [s1] note-start t=76.884 fret=24 midi=64 vel=0.01 env=0.00064
2025-12-14 07:55:11 [tracker] [s1] aubio-raw t=76.9907 onset=0.827193 env=0.000603 peak=0.001704 gain=1.000
2025-12-14 07:55:11 [tracker] [s1] onset-below-env-floor t=76.9907 env=0.000603 gate=0.000026 envDelta=0.000577 envFloor=0.000622 onset=0.827193 thresh=0.006000 onsetDelta=0.821193 baseline=0.000473 floor=0.000180 adapt=0.001037 lastPeak=0.000525 baseParam=0.000180 gateRatio=0.0550 envParam=0.000450 onsetScale=0.300 retriggerScale=1.400 guard=0.060 guardRemain=0.000 activeAge=0.107 retrigRemain=0.113 pitchHz=-1.00 pitchCents=0.0
2025-12-14 07:55:11 [tracker] [s6] onset t=77.033 env=0.00191 gate=0.00022 envDelta=0.00169 envFloor=0.00133 onset=1.148 thresh=0.018 onsetDelta=1.13011 baseline=0.00089 adaptive=0.00221 lastPeak=0.00000 guard=0.060 activeAge=-1.000 pitch=-1.00Hz pitchCents=0.0
2025-12-14 07:55:11 [tracker] [s2] onset t=77.047 env=0.00190 gate=0.00001 envDelta=0.00189 envFloor=0.00102 onset=0.996 thresh=0.009 onsetDelta=0.98717 baseline=0.00068 adaptive=0.00170 lastPeak=0.00004 guard=0.060 activeAge=-1.000 pitch=-1.00Hz pitchCents=0.0
2025-12-14 07:55:11 [tracker] [s1] aubio-raw t=77.1616 onset=1.163335 env=0.000873 peak=0.002002 gain=1.000
2025-12-14 07:55:11 [tracker] [s1] onset-accepted t=77.1616 env=0.000873 gate=0.000022 envDelta=0.000851 envFloor=0.000611 onset=1.163335 thresh=0.006000 onsetDelta=1.157335 baseline=0.000407 floor=0.000180 adapt=0.001018 lastPeak=0.000381 baseParam=0.000180 gateRatio=0.0550 envParam=0.000450 onsetScale=0.300 retriggerScale=1.400 guard=0.060 guardRemain=0.000 activeAge=0.278 retrigRemain=0.000 pitchHz=615.34 pitchCents=3480.7
2025-12-14 07:55:11 [tracker] [s1] onset t=77.162 env=0.00087 gate=0.00002 envDelta=0.00085 envFloor=0.00061 onset=1.163 thresh=0.006 onsetDelta=1.15733 baseline=0.00041 adaptive=0.00102 lastPeak=0.00038 guard=0.060 activeAge=0.278 pitch=615.34Hz pitchCents=3480.7
2025-12-14 07:55:11 [tracker] [s1] note-ended (new onset) t=77.162 fret=24 dur=0.278
2025-12-14 07:55:11 [tracker] [s6] onset t=77.170 env=0.00197 gate=0.00019 envDelta=0.00178 envFloor=0.00117 onset=0.931 thresh=0.018 onsetDelta=0.91311 baseline=0.00078 adaptive=0.00194 lastPeak=0.00000 guard=0.060 activeAge=-1.000 pitch=-1.00Hz pitchCents=0.0
2025-12-14 07:55:11 [tracker] [s5] onset t=77.258 env=0.00150 gate=0.00015 envDelta=0.00135 envFloor=0.00105 onset=0.995 thresh=0.016 onsetDelta=0.97919 baseline=0.00070 adaptive=0.00174 lastPeak=0.00000 guard=0.060 activeAge=-1.000 pitch=-1.00Hz pitchCents=0.0
2025-12-14 07:55:11 [tracker] [s6] onset t=77.306 env=0.00188 gate=0.00021 envDelta=0.00167 envFloor=0.00128 onset=0.923 thresh=0.018 onsetDelta=0.90486 baseline=0.00085 adaptive=0.00213 lastPeak=0.00000 guard=0.060 activeAge=-1.000 pitch=-1.00Hz pitchCents=0.0
2025-12-14 07:55:11 [tracker] [s2] onset t=77.375 env=0.00176 gate=0.00001 envDelta=0.00175 envFloor=0.00103 onset=1.195 thresh=0.009 onsetDelta=1.18626 baseline=0.00069 adaptive=0.00172 lastPeak=0.00002 guard=0.060 activeAge=-1.000 pitch=-1.00Hz pitchCents=0.0
2025-12-14 07:55:11 [tracker] [s6] onset t=77.549 env=0.00173 gate=0.00021 envDelta=0.00152 envFloor=0.00126 onset=0.993 thresh=0.018 onsetDelta=0.97463 baseline=0.00084 adaptive=0.00210 lastPeak=0.00000 guard=0.060 activeAge=-1.000 pitch=-1.00Hz pitchCents=0.0
2025-12-14 07:55:11 [tracker] [s2] onset t=77.672 env=0.00216 gate=0.00001 envDelta=0.00216 envFloor=0.00104 onset=1.159 thresh=0.009 onsetDelta=1.15000 baseline=0.00069 adaptive=0.00173 lastPeak=0.00001 guard=0.060 activeAge=-1.000 pitch=-1.00Hz pitchCents=0.0
2025-12-14 07:55:11 [tracker] [s1] aubio-raw t=77.7196 onset=0.997763 env=0.000976 peak=0.002677 gain=1.000
2025-12-14 07:55:11 [tracker] [s1] onset-accepted t=77.7196 env=0.000976 gate=0.000022 envDelta=0.000953 envFloor=0.000614 onset=0.997763 thresh=0.006000 onsetDelta=0.991763 baseline=0.000409 floor=0.000180 adapt=0.001023 lastPeak=0.000134 baseParam=0.000180 gateRatio=0.0550 envParam=0.000450 onsetScale=0.300 retriggerScale=1.400 guard=0.060 guardRemain=0.000 activeAge=-1.000 retrigRemain=0.000 pitchHz=470.61 pitchCents=3016.4
2025-12-14 07:55:11 [tracker] [s1] onset t=77.720 env=0.00098 gate=0.00002 envDelta=0.00095 envFloor=0.00061 onset=0.998 thresh=0.006 onsetDelta=0.99176 baseline=0.00041 adaptive=0.00102 lastPeak=0.00013 guard=0.060 activeAge=-1.000 pitch=470.61Hz pitchCents=3016.4
2025-12-14 07:55:11 [tracker] [s3] onset t=77.842 env=0.00104 gate=0.00008 envDelta=0.00096 envFloor=0.00092 onset=0.953 thresh=0.012 onsetDelta=0.94130 baseline=0.00061 adaptive=0.00153 lastPeak=0.00000 guard=0.060 activeAge=-1.000 pitch=-1.00Hz pitchCents=0.0
2025-12-14 07:55:12 [tracker] [s2] onset t=77.955 env=0.00140 gate=0.00001 envDelta=0.00139 envFloor=0.00103 onset=0.980 thresh=0.009 onsetDelta=0.97142 baseline=0.00068 adaptive=0.00171 lastPeak=0.00001 guard=0.060 activeAge=-1.000 pitch=421.05Hz pitchCents=2323.8
2025-12-14 07:55:12 [tracker] [s2] note-start t=77.955 fret=23 midi=68 vel=0.02 env=0.00140
2025-12-14 07:55:12 [tracker] [s6] onset t=77.960 env=0.00173 gate=0.00020 envDelta=0.00154 envFloor=0.00118 onset=0.866 thresh=0.018 onsetDelta=0.84823 baseline=0.00079 adaptive=0.00196 lastPeak=0.00000 guard=0.060 activeAge=-1.000 pitch=-1.00Hz pitchCents=0.0
2025-12-14 07:55:12 [tracker] [s3] onset t=77.973 env=0.00154 gate=0.00008 envDelta=0.00146 envFloor=0.00091 onset=0.877 thresh=0.012 onsetDelta=0.86519 baseline=0.00061 adaptive=0.00152 lastPeak=0.00000 guard=0.060 activeAge=-1.000 pitch=-1.00Hz pitchCents=0.0
2025-12-14 07:55:12 [tracker] [s5] onset t=78.061 env=0.00171 gate=0.00015 envDelta=0.00156 envFloor=0.00108 onset=0.993 thresh=0.016 onsetDelta=0.97668 baseline=0.00072 adaptive=0.00181 lastPeak=0.00000 guard=0.060 activeAge=-1.000 pitch=-1.00Hz pitchCents=0.0
2025-12-14 07:55:12 [tracker] [s1] aubio-raw t=78.1923 onset=0.845954 env=0.000675 peak=0.001833 gain=1.000
2025-12-14 07:55:12 [tracker] [s1] onset-accepted t=78.1923 env=0.000675 gate=0.000025 envDelta=0.000650 envFloor=0.000674 onset=0.845954 thresh=0.006000 onsetDelta=0.839954 baseline=0.000449 floor=0.000180 adapt=0.001123 lastPeak=0.000055 baseParam=0.000180 gateRatio=0.0550 envParam=0.000450 onsetScale=0.300 retriggerScale=1.400 guard=0.060 guardRemain=0.000 activeAge=-1.000 retrigRemain=0.000 pitchHz=100.00 pitchCents=335.0
2025-12-14 07:55:12 [tracker] [s1] onset t=78.192 env=0.00068 gate=0.00002 envDelta=0.00065 envFloor=0.00067 onset=0.846 thresh=0.006 onsetDelta=0.83995 baseline=0.00045 adaptive=0.00112 lastPeak=0.00006 guard=0.060 activeAge=-1.000 pitch=100.00Hz pitchCents=335.0
2025-12-14 07:55:12 [tracker] [s5] onset t=78.219 env=0.00157 gate=0.00015 envDelta=0.00142 envFloor=0.00110 onset=1.003 thresh=0.016 onsetDelta=0.98651 baseline=0.00073 adaptive=0.00183 lastPeak=0.00000 guard=0.060 activeAge=-1.000 pitch=-1.00Hz pitchCents=0.0
2025-12-14 07:55:12 [tracker] [s2] onset t=78.232 env=0.00172 gate=0.00001 envDelta=0.00171 envFloor=0.00101 onset=0.998 thresh=0.009 onsetDelta=0.98868 baseline=0.00075 adaptive=0.00169 lastPeak=0.00083 guard=0.060 activeAge=0.278 pitch=-1.00Hz pitchCents=0.0
2025-12-14 07:55:12 [tracker] [s2] note-ended (new onset) t=78.232 fret=23 dur=0.278
2025-12-14 07:55:12 [tracker] [s5] onset t=78.371 env=0.00159 gate=0.00014 envDelta=0.00144 envFloor=0.00102 onset=0.998 thresh=0.016 onsetDelta=0.98194 baseline=0.00068 adaptive=0.00170 lastPeak=0.00000 guard=0.060 activeAge=-1.000 pitch=-1.00Hz pitchCents=0.0
2025-12-14 07:55:12 [tracker] [s6] onset t=78.382 env=0.00168 gate=0.00019 envDelta=0.00148 envFloor=0.00116 onset=0.878 thresh=0.018 onsetDelta=0.85990 baseline=0.00078 adaptive=0.00194 lastPeak=0.00000 guard=0.060 activeAge=-1.000 pitch=-1.00Hz pitchCents=0.0
2025-12-14 07:55:12 [tracker] [s3] onset t=78.467 env=0.00097 gate=0.00008 envDelta=0.00089 envFloor=0.00091 onset=0.770 thresh=0.012 onsetDelta=0.75833 baseline=0.00061 adaptive=0.00152 lastPeak=0.00000 guard=0.060 activeAge=-1.000 pitch=-1.00Hz pitchCents=0.0
2025-12-14 07:55:12 [tracker] [s4] onset t=78.475 env=0.00137 gate=0.00011 envDelta=0.00125 envFloor=0.00100 onset=0.967 thresh=0.014 onsetDelta=0.95305 baseline=0.00066 adaptive=0.00166 lastPeak=0.00000 guard=0.060 activeAge=-1.000 pitch=-1.00Hz pitchCents=0.0
2025-12-14 07:55:12 [tracker] [s5] onset t=78.526 env=0.00187 gate=0.00016 envDelta=0.00172 envFloor=0.00111 onset=1.125 thresh=0.016 onsetDelta=1.10884 baseline=0.00074 adaptive=0.00185 lastPeak=0.00000 guard=0.060 activeAge=-1.000 pitch=-1.00Hz pitchCents=0.0
2025-12-14 07:55:12 [tracker] [s2] onset t=78.614 env=0.00134 gate=0.00001 envDelta=0.00133 envFloor=0.00103 onset=1.281 thresh=0.009 onsetDelta=1.27200 baseline=0.00068 adaptive=0.00171 lastPeak=0.00041 guard=0.060 activeAge=-1.000 pitch=-1.00Hz pitchCents=0.0
2025-12-14 07:55:12 [tracker] [s3] onset t=78.646 env=0.00139 gate=0.00008 envDelta=0.00131 envFloor=0.00092 onset=1.025 thresh=0.012 onsetDelta=1.01368 baseline=0.00061 adaptive=0.00153 lastPeak=0.00000 guard=0.060 activeAge=-1.000 pitch=-1.00Hz pitchCents=0.0
2025-12-14 07:55:12 [tracker] [s5] onset t=78.745 env=0.00141 gate=0.00014 envDelta=0.00127 envFloor=0.00099 onset=1.136 thresh=0.016 onsetDelta=1.11992 baseline=0.00066 adaptive=0.00165 lastPeak=0.00000 guard=0.060 activeAge=-1.000 pitch=-1.00Hz pitchCents=0.0
2025-12-14 07:55:12 [tracker] [s1] aubio-raw t=78.7797 onset=1.101994 env=0.000728 peak=0.001979 gain=1.000
2025-12-14 07:55:12 [tracker] [s1] onset-accepted t=78.7797 env=0.000728 gate=0.000024 envDelta=0.000704 envFloor=0.000661 onset=1.101994 thresh=0.006000 onsetDelta=1.095994 baseline=0.000441 floor=0.000180 adapt=0.001102 lastPeak=0.000018 baseParam=0.000180 gateRatio=0.0550 envParam=0.000450 onsetScale=0.300 retriggerScale=1.400 guard=0.060 guardRemain=0.000 activeAge=-1.000 retrigRemain=0.000 pitchHz=-1.00 pitchCents=0.0
2025-12-14 07:55:12 [tracker] [s1] onset t=78.780 env=0.00073 gate=0.00002 envDelta=0.00070 envFloor=0.00066 onset=1.102 thresh=0.006 onsetDelta=1.09599 baseline=0.00044 adaptive=0.00110 lastPeak=0.00002 guard=0.060 activeAge=-1.000 pitch=-1.00Hz pitchCents=0.0
2025-12-14 07:55:13 [tracker] [s1] aubio-raw t=78.9533 onset=1.091979 env=0.000828 peak=0.002252 gain=1.000
2025-12-14 07:55:13 [tracker] [s1] onset-accepted t=78.9533 env=0.000828 gate=0.000023 envDelta=0.000805 envFloor=0.000641 onset=1.091979 thresh=0.006000 onsetDelta=1.085979 baseline=0.000427 floor=0.000180 adapt=0.001068 lastPeak=0.000013 baseParam=0.000180 gateRatio=0.0550 envParam=0.000450 onsetScale=0.300 retriggerScale=1.400 guard=0.060 guardRemain=0.000 activeAge=-1.000 retrigRemain=0.000 pitchHz=-1.00 pitchCents=0.0
2025-12-14 07:55:13 [tracker] [s1] onset t=78.953 env=0.00083 gate=0.00002 envDelta=0.00080 envFloor=0.00064 onset=1.092 thresh=0.006 onsetDelta=1.08598 baseline=0.00043 adaptive=0.00107 lastPeak=0.00001 guard=0.060 activeAge=-1.000 pitch=-1.00Hz pitchCents=0.0
2025-12-14 07:55:13 [tracker] [s6] onset t=78.959 env=0.00196 gate=0.00023 envDelta=0.00174 envFloor=0.00135 onset=1.422 thresh=0.018 onsetDelta=1.40376 baseline=0.00090 adaptive=0.00225 lastPeak=0.00000 guard=0.060 activeAge=-1.000 pitch=-1.00Hz pitchCents=0.0
2025-12-14 07:55:13 [tracker] [s4] onset t=79.076 env=0.00147 gate=0.00011 envDelta=0.00137 envFloor=0.00093 onset=1.021 thresh=0.014 onsetDelta=1.00654 baseline=0.00062 adaptive=0.00155 lastPeak=0.00000 guard=0.060 activeAge=-1.000 pitch=-1.00Hz pitchCents=0.0
2025-12-14 07:55:13 [tracker] [s1] aubio-raw t=79.1082 onset=0.761013 env=0.000792 peak=0.001793 gain=1.000
2025-12-14 07:55:13 [tracker] [s1] onset-accepted t=79.1082 env=0.000792 gate=0.000022 envDelta=0.000770 envFloor=0.000609 onset=0.761013 thresh=0.006000 onsetDelta=0.755013 baseline=0.000406 floor=0.000180 adapt=0.001015 lastPeak=0.000010 baseParam=0.000180 gateRatio=0.0550 envParam=0.000450 onsetScale=0.300 retriggerScale=1.400 guard=0.060 guardRemain=0.000 activeAge=-1.000 retrigRemain=0.000 pitchHz=-1.00 pitchCents=0.0
2025-12-14 07:55:13 [tracker] [s1] onset t=79.108 env=0.00079 gate=0.00002 envDelta=0.00077 envFloor=0.00061 onset=0.761 thresh=0.006 onsetDelta=0.75501 baseline=0.00041 adaptive=0.00101 lastPeak=0.00001 guard=0.060 activeAge=-1.000 pitch=-1.00Hz pitchCents=0.0
2025-12-14 07:55:13 [tracker] [s6] onset t=79.132 env=0.00185 gate=0.00020 envDelta=0.00165 envFloor=0.00121 onset=1.202 thresh=0.018 onsetDelta=1.18405 baseline=0.00080 adaptive=0.00201 lastPeak=0.00000 guard=0.060 activeAge=-1.000 pitch=-1.00Hz pitchCents=0.0
2025-12-14 07:55:13 [tracker] [s5] onset t=79.244 env=0.00165 gate=0.00015 envDelta=0.00150 envFloor=0.00105 onset=1.141 thresh=0.016 onsetDelta=1.12452 baseline=0.00070 adaptive=0.00175 lastPeak=0.00000 guard=0.060 activeAge=-1.000 pitch=-1.00Hz pitchCents=0.0
2025-12-14 07:55:13 [tracker] [s4] onset t=79.324 env=0.00169 gate=0.00012 envDelta=0.00158 envFloor=0.00104 onset=0.792 thresh=0.014 onsetDelta=0.77790 baseline=0.00070 adaptive=0.00174 lastPeak=0.00000 guard=0.060 activeAge=-1.000 pitch=-1.00Hz pitchCents=0.0
2025-12-14 07:55:13 [tracker] [s2] onset t=79.357 env=0.00158 gate=0.00001 envDelta=0.00158 envFloor=0.00102 onset=1.079 thresh=0.009 onsetDelta=1.06957 baseline=0.00068 adaptive=0.00169 lastPeak=0.00010 guard=0.060 activeAge=-1.000 pitch=-1.00Hz pitchCents=0.0
2025-12-14 07:55:13 [tracker] [s3] onset t=79.378 env=0.00164 gate=0.00008 envDelta=0.00156 envFloor=0.00097 onset=1.114 thresh=0.012 onsetDelta=1.10221 baseline=0.00065 adaptive=0.00162 lastPeak=0.00000 guard=0.060 activeAge=-1.000 pitch=-1.00Hz pitchCents=0.0
2025-12-14 07:55:13 [tracker] [s5] onset t=79.498 env=0.00127 gate=0.00014 envDelta=0.00113 envFloor=0.00102 onset=1.046 thresh=0.016 onsetDelta=1.03007 baseline=0.00068 adaptive=0.00170 lastPeak=0.00000 guard=0.060 activeAge=-1.000 pitch=-1.00Hz pitchCents=0.0
2025-12-14 07:55:13 [tracker] [s6] onset t=79.506 env=0.00174 gate=0.00020 envDelta=0.00154 envFloor=0.00117 onset=1.104 thresh=0.018 onsetDelta=1.08604 baseline=0.00078 adaptive=0.00196 lastPeak=0.00000 guard=0.060 activeAge=-1.000 pitch=-1.00Hz pitchCents=0.0
2025-12-14 07:55:13 [tracker] [s4] onset t=79.600 env=0.00132 gate=0.00011 envDelta=0.00121 envFloor=0.00098 onset=0.791 thresh=0.014 onsetDelta=0.77702 baseline=0.00065 adaptive=0.00163 lastPeak=0.00000 guard=0.060 activeAge=-1.000 pitch=-1.00Hz pitchCents=0.0
2025-12-14 07:55:13 [tracker] [s2] onset t=79.674 env=0.00178 gate=0.00001 envDelta=0.00178 envFloor=0.00102 onset=0.998 thresh=0.009 onsetDelta=0.98913 baseline=0.00068 adaptive=0.00171 lastPeak=0.00006 guard=0.060 activeAge=-1.000 pitch=470.64Hz pitchCents=2516.6
2025-12-14 07:55:13 [tracker] [s6] onset t=79.746 env=0.00178 gate=0.00021 envDelta=0.00157 envFloor=0.00127 onset=0.721 thresh=0.018 onsetDelta=0.70329 baseline=0.00085 adaptive=0.00212 lastPeak=0.00000 guard=0.060 activeAge=-1.000 pitch=-1.00Hz pitchCents=0.0
2025-12-14 07:55:13 [tracker] [s4] onset t=79.853 env=0.00139 gate=0.00011 envDelta=0.00128 envFloor=0.00096 onset=1.158 thresh=0.014 onsetDelta=1.14436 baseline=0.00064 adaptive=0.00161 lastPeak=0.00000 guard=0.060 activeAge=-1.000 pitch=-1.00Hz pitchCents=0.0
2025-12-14 07:55:13 [tracker] [s3] onset t=79.869 env=0.00100 gate=0.00007 envDelta=0.00092 envFloor=0.00086 onset=0.813 thresh=0.012 onsetDelta=0.80104 baseline=0.00058 adaptive=0.00144 lastPeak=0.00000 guard=0.060 activeAge=-1.000 pitch=-1.00Hz pitchCents=0.0
2025-12-14 07:55:14 [tracker] [s6] onset t=80.059 env=0.00208 gate=0.00023 envDelta=0.00185 envFloor=0.00136 onset=0.990 thresh=0.018 onsetDelta=0.97158 baseline=0.00091 adaptive=0.00227 lastPeak=0.00000 guard=0.060 activeAge=-1.000 pitch=-1.00Hz pitchCents=0.0
2025-12-14 07:55:14 [tracker] [s2] onset t=80.072 env=0.00146 gate=0.00001 envDelta=0.00146 envFloor=0.00099 onset=1.042 thresh=0.009 onsetDelta=1.03293 baseline=0.00066 adaptive=0.00165 lastPeak=0.00003 guard=0.060 activeAge=-1.000 pitch=-1.00Hz pitchCents=0.0
2025-12-14 07:55:14 [tracker] [s1] aubio-raw t=80.1015 onset=0.973713 env=0.000645 peak=0.002162 gain=1.000
2025-12-14 07:55:14 [tracker] [s1] onset-below-env-floor t=80.1015 env=0.000645 gate=0.000024 envDelta=0.000621 envFloor=0.000655 onset=0.973713 thresh=0.006000 onsetDelta=0.967713 baseline=0.000437 floor=0.000180 adapt=0.001092 lastPeak=0.000002 baseParam=0.000180 gateRatio=0.0550 envParam=0.000450 onsetScale=0.300 retriggerScale=1.400 guard=0.060 guardRemain=0.000 activeAge=-1.000 retrigRemain=0.000 pitchHz=470.59 pitchCents=3016.4
2025-12-14 07:55:14 [tracker] [s5] onset t=80.110 env=0.00144 gate=0.00016 envDelta=0.00128 envFloor=0.00112 onset=0.689 thresh=0.016 onsetDelta=0.67303 baseline=0.00075 adaptive=0.00187 lastPeak=0.00000 guard=0.060 activeAge=-1.000 pitch=-1.00Hz pitchCents=0.0
2025-12-14 07:55:14 [tracker] [s5] onset t=80.171 env=0.00194 gate=0.00015 envDelta=0.00179 envFloor=0.00109 onset=0.993 thresh=0.016 onsetDelta=0.97715 baseline=0.00073 adaptive=0.00181 lastPeak=0.00000 guard=0.060 activeAge=-1.000 pitch=-1.00Hz pitchCents=0.0
2025-12-14 07:55:14 [tracker] [s6] onset t=80.171 env=0.00194 gate=0.00021 envDelta=0.00173 envFloor=0.00128 onset=1.001 thresh=0.018 onsetDelta=0.98305 baseline=0.00085 adaptive=0.00213 lastPeak=0.00000 guard=0.060 activeAge=-1.000 pitch=-1.00Hz pitchCents=0.0
2025-12-14 07:55:14 [tracker] [s4] onset t=80.227 env=0.00135 gate=0.00011 envDelta=0.00125 envFloor=0.00095 onset=0.998 thresh=0.014 onsetDelta=0.98357 baseline=0.00064 adaptive=0.00159 lastPeak=0.00000 guard=0.060 activeAge=-1.000 pitch=-1.00Hz pitchCents=0.0
2025-12-14 07:55:14 [tracker] [s5] onset t=80.286 env=0.00149 gate=0.00014 envDelta=0.00135 envFloor=0.00103 onset=1.067 thresh=0.016 onsetDelta=1.05148 baseline=0.00069 adaptive=0.00172 lastPeak=0.00000 guard=0.060 activeAge=-1.000 pitch=-1.00Hz pitchCents=0.0
2025-12-14 07:55:14 [tracker] [s2] onset t=80.299 env=0.00133 gate=0.00001 envDelta=0.00132 envFloor=0.00097 onset=1.243 thresh=0.009 onsetDelta=1.23365 baseline=0.00065 adaptive=0.00162 lastPeak=0.00002 guard=0.060 activeAge=-1.000 pitch=319.99Hz pitchCents=1848.6
2025-12-14 07:55:14 [tracker] [s4] onset t=80.347 env=0.00154 gate=0.00011 envDelta=0.00143 envFloor=0.00093 onset=1.482 thresh=0.014 onsetDelta=1.46758 baseline=0.00062 adaptive=0.00155 lastPeak=0.00000 guard=0.060 activeAge=-1.000 pitch=-1.00Hz pitchCents=0.0
2025-12-14 07:55:14 [tracker] [s5] onset t=80.459 env=0.00209 gate=0.00016 envDelta=0.00193 envFloor=0.00116 onset=0.997 thresh=0.016 onsetDelta=0.98085 baseline=0.00077 adaptive=0.00194 lastPeak=0.00000 guard=0.060 activeAge=-1.000 pitch=-1.00Hz pitchCents=0.0
2025-12-14 07:55:14 [tracker] [s4] onset t=80.489 env=0.00129 gate=0.00011 envDelta=0.00118 envFloor=0.00101 onset=0.996 thresh=0.014 onsetDelta=0.98214 baseline=0.00068 adaptive=0.00169 lastPeak=0.00000 guard=0.060 activeAge=-1.000 pitch=-1.00Hz pitchCents=0.0
2025-12-14 07:55:14 [tracker] [s4] onset t=80.553 env=0.00128 gate=0.00011 envDelta=0.00117 envFloor=0.00101 onset=1.012 thresh=0.014 onsetDelta=0.99778 baseline=0.00067 adaptive=0.00168 lastPeak=0.00000 guard=0.060 activeAge=-1.000 pitch=-1.00Hz pitchCents=0.0
2025-12-14 07:55:14 [tracker] [s6] onset t=80.558 env=0.00194 gate=0.00021 envDelta=0.00173 envFloor=0.00125 onset=1.229 thresh=0.018 onsetDelta=1.21095 baseline=0.00083 adaptive=0.00208 lastPeak=0.00000 guard=0.060 activeAge=-1.000 pitch=-1.00Hz pitchCents=0.0
2025-12-14 07:55:14 [tracker] [s2] onset t=80.614 env=0.00185 gate=0.00001 envDelta=0.00184 envFloor=0.00104 onset=0.933 thresh=0.009 onsetDelta=0.92355 baseline=0.00069 adaptive=0.00173 lastPeak=0.00074 guard=0.060 activeAge=0.315 pitch=727.48Hz pitchCents=3270.5
2025-12-14 07:55:14 [tracker] [s2] note-ended (new onset) t=80.614 fret=0 dur=0.315
2025-12-14 07:55:14 [tracker] [s2] note-start t=80.614 fret=24 midi=69 vel=0.02 env=0.00185
2025-12-14 07:55:14 [tracker] [s5] onset t=80.617 env=0.00150 gate=0.00014 envDelta=0.00135 envFloor=0.00103 onset=0.923 thresh=0.016 onsetDelta=0.90681 baseline=0.00069 adaptive=0.00172 lastPeak=0.00000 guard=0.060 activeAge=-1.000 pitch=-1.00Hz pitchCents=0.0
2025-12-14 07:55:14 [tracker] [s1] aubio-raw t=80.6596 onset=0.998145 env=0.000965 peak=0.002257 gain=1.000
2025-12-14 07:55:14 [tracker] [s1] onset-accepted t=80.6596 env=0.000965 gate=0.000023 envDelta=0.000941 envFloor=0.000637 onset=0.998145 thresh=0.006000 onsetDelta=0.992145 baseline=0.000425 floor=0.000180 adapt=0.001061 lastPeak=0.000001 baseParam=0.000180 gateRatio=0.0550 envParam=0.000450 onsetScale=0.300 retriggerScale=1.400 guard=0.060 guardRemain=0.000 activeAge=-1.000 retrigRemain=0.000 pitchHz=-1.00 pitchCents=0.0
2025-12-14 07:55:14 [tracker] [s1] onset t=80.660 env=0.00096 gate=0.00002 envDelta=0.00094 envFloor=0.00064 onset=0.998 thresh=0.006 onsetDelta=0.99215 baseline=0.00042 adaptive=0.00106 lastPeak=0.00000 guard=0.060 activeAge=-1.000 pitch=-1.00Hz pitchCents=0.0
2025-12-14 07:55:14 [tracker] [s5] onset t=80.737 env=0.00179 gate=0.00015 envDelta=0.00164 envFloor=0.00106 onset=0.998 thresh=0.016 onsetDelta=0.98179 baseline=0.00071 adaptive=0.00177 lastPeak=0.00000 guard=0.060 activeAge=-1.000 pitch=-1.00Hz pitchCents=0.0
2025-12-14 07:55:14 [tracker] [s3] onset t=80.764 env=0.00128 gate=0.00008 envDelta=0.00120 envFloor=0.00092 onset=0.992 thresh=0.012 onsetDelta=0.98013 baseline=0.00061 adaptive=0.00153 lastPeak=0.00000 guard=0.060 activeAge=-1.000 pitch=-1.00Hz pitchCents=0.0
2025-12-14 07:55:14 [tracker] [s6] onset t=80.774 env=0.00210 gate=0.00021 envDelta=0.00189 envFloor=0.00126 onset=1.113 thresh=0.018 onsetDelta=1.09542 baseline=0.00084 adaptive=0.00209 lastPeak=0.00000 guard=0.060 activeAge=-1.000 pitch=-1.00Hz pitchCents=0.0
2025-12-14 07:55:14 [tracker] [s1] aubio-raw t=80.8172 onset=0.995678 env=0.001038 peak=0.002312 gain=1.000
2025-12-14 07:55:14 [tracker] [s1] onset-accepted t=80.8172 env=0.001038 gate=0.000024 envDelta=0.001014 envFloor=0.000644 onset=0.995678 thresh=0.006000 onsetDelta=0.989678 baseline=0.000430 floor=0.000180 adapt=0.001074 lastPeak=0.000000 baseParam=0.000180 gateRatio=0.0550 envParam=0.000450 onsetScale=0.300 retriggerScale=1.400 guard=0.060 guardRemain=0.000 activeAge=-1.000 retrigRemain=0.000 pitchHz=-1.00 pitchCents=0.0
2025-12-14 07:55:14 [tracker] [s1] onset t=80.817 env=0.00104 gate=0.00002 envDelta=0.00101 envFloor=0.00064 onset=0.996 thresh=0.006 onsetDelta=0.98968 baseline=0.00043 adaptive=0.00107 lastPeak=0.00000 guard=0.060 activeAge=-1.000 pitch=-1.00Hz pitchCents=0.0
2025-12-14 07:55:14 [tracker] [s4] onset t=80.919 env=0.00183 gate=0.00012 envDelta=0.00172 envFloor=0.00103 onset=1.076 thresh=0.014 onsetDelta=1.06201 baseline=0.00068 adaptive=0.00171 lastPeak=0.00000 guard=0.060 activeAge=-1.000 pitch=-1.00Hz pitchCents=0.0
2025-12-14 07:55:15 [tracker] [s1] aubio-raw t=80.9961 onset=1.116926 env=0.000707 peak=0.001958 gain=1.000
2025-12-14 07:55:15 [tracker] [s1] onset-accepted t=80.9961 env=0.000707 gate=0.000024 envDelta=0.000683 envFloor=0.000654 onset=1.116926 thresh=0.006000 onsetDelta=1.110926 baseline=0.000436 floor=0.000180 adapt=0.001089 lastPeak=0.000000 baseParam=0.000180 gateRatio=0.0550 envParam=0.000450 onsetScale=0.300 retriggerScale=1.400 guard=0.060 guardRemain=0.000 activeAge=-1.000 retrigRemain=0.000 pitchHz=190.46 pitchCents=1450.3
2025-12-14 07:55:15 [tracker] [s1] onset t=80.996 env=0.00071 gate=0.00002 envDelta=0.00068 envFloor=0.00065 onset=1.117 thresh=0.006 onsetDelta=1.11093 baseline=0.00044 adaptive=0.00109 lastPeak=0.00000 guard=0.060 activeAge=-1.000 pitch=190.46Hz pitchCents=1450.3
2025-12-14 07:55:15 [tracker] [s4] onset t=81.047 env=0.00140 gate=0.00011 envDelta=0.00130 envFloor=0.00094 onset=0.991 thresh=0.014 onsetDelta=0.97703 baseline=0.00063 adaptive=0.00157 lastPeak=0.00000 guard=0.060 activeAge=-1.000 pitch=-1.00Hz pitchCents=0.0
2025-12-14 07:55:15 [tracker] [s4] onset t=81.103 env=0.00168 gate=0.00011 envDelta=0.00157 envFloor=0.00095 onset=0.999 thresh=0.014 onsetDelta=0.98490 baseline=0.00063 adaptive=0.00158 lastPeak=0.00000 guard=0.060 activeAge=-1.000 pitch=-1.00Hz pitchCents=0.0
2025-12-14 07:55:15 [tracker] [s6] onset t=81.231 env=0.00221 gate=0.00023 envDelta=0.00199 envFloor=0.00135 onset=1.121 thresh=0.018 onsetDelta=1.10347 baseline=0.00090 adaptive=0.00225 lastPeak=0.00000 guard=0.060 activeAge=-1.000 pitch=-1.00Hz pitchCents=0.0
2025-12-14 07:55:15 [tracker] [s2] release-retrigger t=81.239 onset=1.000 gate=0.000 age=0.625
2025-12-14 07:55:15 [tracker] [s2] note-ended t=81.239 fret=24 dur=0.625
2025-12-14 07:55:15 [tracker] [s4] onset t=81.314 env=0.00136 gate=0.00011 envDelta=0.00125 envFloor=0.00095 onset=0.971 thresh=0.014 onsetDelta=0.95679 baseline=0.00064 adaptive=0.00159 lastPeak=0.00000 guard=0.060 activeAge=-1.000 pitch=-1.00Hz pitchCents=0.0
2025-12-14 07:55:15 [tracker] [s1] aubio-raw t=81.3993 onset=0.997932 env=0.000807 peak=0.001729 gain=1.000
2025-12-14 07:55:15 [tracker] [s1] onset-accepted t=81.3993 env=0.000807 gate=0.000025 envDelta=0.000782 envFloor=0.000676 onset=0.997932 thresh=0.006000 onsetDelta=0.991932 baseline=0.000451 floor=0.000180 adapt=0.001127 lastPeak=0.000000 baseParam=0.000180 gateRatio=0.0550 envParam=0.000450 onsetScale=0.300 retriggerScale=1.400 guard=0.060 guardRemain=0.000 activeAge=-1.000 retrigRemain=0.000 pitchHz=-1.00 pitchCents=0.0
2025-12-14 07:55:15 [tracker] [s1] onset t=81.399 env=0.00081 gate=0.00002 envDelta=0.00078 envFloor=0.00068 onset=0.998 thresh=0.006 onsetDelta=0.99193 baseline=0.00045 adaptive=0.00113 lastPeak=0.00000 guard=0.060 activeAge=-1.000 pitch=-1.00Hz pitchCents=0.0
2025-12-14 07:55:15 [tracker] [s6] onset t=81.407 env=0.00183 gate=0.00019 envDelta=0.00164 envFloor=0.00114 onset=0.940 thresh=0.018 onsetDelta=0.92153 baseline=0.00076 adaptive=0.00191 lastPeak=0.00000 guard=0.060 activeAge=-1.000 pitch=-1.00Hz pitchCents=0.0
2025-12-14 07:55:15 [tracker] [s1] aubio-raw t=81.4580 onset=0.624724 env=0.000836 peak=0.002240 gain=1.000
2025-12-14 07:55:15 [tracker] [s1] onset-accepted t=81.4580 env=0.000836 gate=0.000022 envDelta=0.000814 envFloor=0.000608 onset=0.624724 thresh=0.006000 onsetDelta=0.618724 baseline=0.000405 floor=0.000180 adapt=0.001013 lastPeak=0.000000 baseParam=0.000180 gateRatio=0.0550 envParam=0.000450 onsetScale=0.300 retriggerScale=1.400 guard=0.060 guardRemain=0.000 activeAge=-1.000 retrigRemain=0.000 pitchHz=106.66 pitchCents=446.6
2025-12-14 07:55:15 [tracker] [s1] onset t=81.458 env=0.00084 gate=0.00002 envDelta=0.00081 envFloor=0.00061 onset=0.625 thresh=0.006 onsetDelta=0.61872 baseline=0.00041 adaptive=0.00101 lastPeak=0.00000 guard=0.060 activeAge=-1.000 pitch=106.66Hz pitchCents=446.6
2025-12-14 07:55:15 [tracker] [s6] onset t=81.538 env=0.00196 gate=0.00021 envDelta=0.00175 envFloor=0.00126 onset=0.991 thresh=0.018 onsetDelta=0.97286 baseline=0.00084 adaptive=0.00210 lastPeak=0.00000 guard=0.060 activeAge=-1.000 pitch=-1.00Hz pitchCents=0.0
2025-12-14 07:55:15 [tracker] [s1] aubio-raw t=81.5488 onset=0.976510 env=0.000600 peak=0.001465 gain=1.000
2025-12-14 07:55:15 [tracker] [s1] onset-below-env-floor t=81.5488 env=0.000600 gate=0.000024 envDelta=0.000576 envFloor=0.000654 onset=0.976510 thresh=0.006000 onsetDelta=0.970510 baseline=0.000436 floor=0.000180 adapt=0.001090 lastPeak=0.000000 baseParam=0.000180 gateRatio=0.0550 envParam=0.000450 onsetScale=0.300 retriggerScale=1.400 guard=0.060 guardRemain=0.000 activeAge=-1.000 retrigRemain=0.000 pitchHz=571.38 pitchCents=3352.3
2025-12-14 07:55:15 [tracker] [s3] onset t=81.554 env=0.00126 gate=0.00008 envDelta=0.00118 envFloor=0.00091 onset=0.962 thresh=0.012 onsetDelta=0.95049 baseline=0.00061 adaptive=0.00152 lastPeak=0.00000 guard=0.060 activeAge=-1.000 pitch=-1.00Hz pitchCents=0.0
2025-12-14 07:55:15 [tracker] [s5] onset t=81.565 env=0.00173 gate=0.00015 envDelta=0.00158 envFloor=0.00109 onset=1.098 thresh=0.016 onsetDelta=1.08201 baseline=0.00073 adaptive=0.00181 lastPeak=0.00000 guard=0.060 activeAge=-1.000 pitch=-1.00Hz pitchCents=0.0
2025-12-14 07:55:15 [tracker] [s3] onset t=81.608 env=0.00140 gate=0.00008 envDelta=0.00132 envFloor=0.00094 onset=1.157 thresh=0.012 onsetDelta=1.14545 baseline=0.00063 adaptive=0.00157 lastPeak=0.00000 guard=0.060 activeAge=-1.000 pitch=-1.00Hz pitchCents=0.0
2025-12-14 07:55:15 [tracker] [s6] onset t=81.613 env=0.00239 gate=0.00023 envDelta=0.00217 envFloor=0.00136 onset=1.093 thresh=0.018 onsetDelta=1.07479 baseline=0.00090 adaptive=0.00226 lastPeak=0.00000 guard=0.060 activeAge=-1.000 pitch=-1.00Hz pitchCents=0.0
2025-12-14 07:55:15 [tracker] [s2] onset t=81.728 env=0.00163 gate=0.00001 envDelta=0.00162 envFloor=0.00104 onset=0.757 thresh=0.009 onsetDelta=0.74826 baseline=0.00069 adaptive=0.00173 lastPeak=0.00023 guard=0.060 activeAge=-1.000 pitch=-1.00Hz pitchCents=0.0
2025-12-14 07:55:15 [tracker] [s6] onset t=81.821 env=0.00166 gate=0.00020 envDelta=0.00146 envFloor=0.00118 onset=0.821 thresh=0.018 onsetDelta=0.80344 baseline=0.00078 adaptive=0.00196 lastPeak=0.00000 guard=0.060 activeAge=-1.000 pitch=-1.00Hz pitchCents=0.0
2025-12-14 07:55:16 [tracker] [s3] onset t=82.128 env=0.00137 gate=0.00008 envDelta=0.00129 envFloor=0.00089 onset=1.024 thresh=0.012 onsetDelta=1.01200 baseline=0.00059 adaptive=0.00148 lastPeak=0.00000 guard=0.060 activeAge=-1.000 pitch=-1.00Hz pitchCents=0.0
2025-12-14 07:55:16 [tracker] [s5] onset t=82.168 env=0.00138 gate=0.00014 envDelta=0.00124 envFloor=0.00101 onset=1.277 thresh=0.016 onsetDelta=1.26057 baseline=0.00067 adaptive=0.00168 lastPeak=0.00000 guard=0.060 activeAge=-1.000 pitch=-1.00Hz pitchCents=0.0
2025-12-14 07:55:16 [tracker] [s2] onset t=82.171 env=0.00134 gate=0.00001 envDelta=0.00134 envFloor=0.00095 onset=1.278 thresh=0.009 onsetDelta=1.26861 baseline=0.00064 adaptive=0.00159 lastPeak=0.00010 guard=0.060 activeAge=-1.000 pitch=400.02Hz pitchCents=2235.1
2025-12-14 07:55:16 [tracker] [s2] note-start t=82.171 fret=23 midi=68 vel=0.02 env=0.00134
2025-12-14 07:55:16 [tracker] [s2] release-retrigger t=82.256 onset=1.072 gate=0.000 age=0.085
2025-12-14 07:55:16 [tracker] [s2] note-ended t=82.256 fret=23 dur=0.085
2025-12-14 07:55:16 [tracker] [s6] onset t=82.291 env=0.00196 gate=0.00021 envDelta=0.00175 envFloor=0.00126 onset=0.657 thresh=0.018 onsetDelta=0.63930 baseline=0.00084 adaptive=0.00210 lastPeak=0.00000 guard=0.060 activeAge=-1.000 pitch=-1.00Hz pitchCents=0.0
2025-12-14 07:55:16 [tracker] [s3] onset t=82.323 env=0.00131 gate=0.00008 envDelta=0.00123 envFloor=0.00090 onset=0.998 thresh=0.012 onsetDelta=0.98685 baseline=0.00060 adaptive=0.00150 lastPeak=0.00000 guard=0.060 activeAge=-1.000 pitch=-1.00Hz pitchCents=0.0
2025-12-14 07:55:16 [tracker] [s6] onset t=82.494 env=0.00174 gate=0.00020 envDelta=0.00153 envFloor=0.00122 onset=1.155 thresh=0.018 onsetDelta=1.13739 baseline=0.00082 adaptive=0.00204 lastPeak=0.00000 guard=0.060 activeAge=-1.000 pitch=-1.00Hz pitchCents=0.0
2025-12-14 07:55:16 [tracker] [s1] aubio-raw t=82.6170 onset=0.925866 env=0.000962 peak=0.002725 gain=1.000
2025-12-14 07:55:16 [tracker] [s1] onset-accepted t=82.6170 env=0.000962 gate=0.000024 envDelta=0.000938 envFloor=0.000663 onset=0.925866 thresh=0.006000 onsetDelta=0.919866 baseline=0.000442 floor=0.000180 adapt=0.001104 lastPeak=0.000000 baseParam=0.000180 gateRatio=0.0550 envParam=0.000450 onsetScale=0.300 retriggerScale=1.400 guard=0.060 guardRemain=0.000 activeAge=-1.000 retrigRemain=0.000 pitchHz=-1.00 pitchCents=0.0
2025-12-14 07:55:16 [tracker] [s1] onset t=82.617 env=0.00096 gate=0.00002 envDelta=0.00094 envFloor=0.00066 onset=0.926 thresh=0.006 onsetDelta=0.91987 baseline=0.00044 adaptive=0.00110 lastPeak=0.00000 guard=0.060 activeAge=-1.000 pitch=-1.00Hz pitchCents=0.0
2025-12-14 07:55:16 [tracker] [s6] onset t=82.764 env=0.00201 gate=0.00021 envDelta=0.00179 envFloor=0.00129 onset=1.001 thresh=0.018 onsetDelta=0.98298 baseline=0.00086 adaptive=0.00214 lastPeak=0.00000 guard=0.060 activeAge=-1.000 pitch=-1.00Hz pitchCents=0.0
2025-12-14 07:55:16 [tracker] [s3] onset t=82.783 env=0.00129 gate=0.00008 envDelta=0.00121 envFloor=0.00093 onset=0.991 thresh=0.012 onsetDelta=0.97895 baseline=0.00062 adaptive=0.00155 lastPeak=0.00000 guard=0.060 activeAge=-1.000 pitch=-1.00Hz pitchCents=0.0
2025-12-14 07:55:16 [tracker] [s4] onset t=82.799 env=0.00201 gate=0.00011 envDelta=0.00190 envFloor=0.00100 onset=0.859 thresh=0.014 onsetDelta=0.84460 baseline=0.00066 adaptive=0.00166 lastPeak=0.00000 guard=0.060 activeAge=-1.000 pitch=-1.00Hz pitchCents=0.0
2025-12-14 07:55:17 [tracker] [s5] onset t=83.020 env=0.00192 gate=0.00015 envDelta=0.00177 envFloor=0.00106 onset=0.951 thresh=0.016 onsetDelta=0.93451 baseline=0.00071 adaptive=0.00177 lastPeak=0.00000 guard=0.060 activeAge=-1.000 pitch=-1.00Hz pitchCents=0.0
2025-12-14 07:55:17 [tracker] [s6] onset t=83.068 env=0.00224 gate=0.00022 envDelta=0.00202 envFloor=0.00131 onset=0.916 thresh=0.018 onsetDelta=0.89758 baseline=0.00087 adaptive=0.00218 lastPeak=0.00000 guard=0.060 activeAge=-1.000 pitch=-1.00Hz pitchCents=0.0
2025-12-14 07:55:17 [tracker] [s5] onset t=83.132 env=0.00177 gate=0.00016 envDelta=0.00161 envFloor=0.00112 onset=1.035 thresh=0.016 onsetDelta=1.01866 baseline=0.00075 adaptive=0.00187 lastPeak=0.00000 guard=0.060 activeAge=-1.000 pitch=-1.00Hz pitchCents=0.0
2025-12-14 07:55:17 [tracker] [s3] onset t=83.154 env=0.00152 gate=0.00008 envDelta=0.00143 envFloor=0.00096 onset=1.048 thresh=0.012 onsetDelta=1.03664 baseline=0.00064 adaptive=0.00160 lastPeak=0.00000 guard=0.060 activeAge=-1.000 pitch=-1.00Hz pitchCents=0.0
2025-12-14 07:55:17 [tracker] [s4] onset t=83.183 env=0.00187 gate=0.00012 envDelta=0.00175 envFloor=0.00105 onset=0.994 thresh=0.014 onsetDelta=0.98002 baseline=0.00070 adaptive=0.00175 lastPeak=0.00000 guard=0.060 activeAge=-1.000 pitch=-1.00Hz pitchCents=0.0
2025-12-14 07:55:17 [tracker] [s1] aubio-raw t=83.3780 onset=1.149241 env=0.000633 peak=0.001980 gain=1.000
2025-12-14 07:55:17 [tracker] [s1] onset-below-env-floor t=83.3780 env=0.000633 gate=0.000024 envDelta=0.000609 envFloor=0.000652 onset=1.149241 thresh=0.006000 onsetDelta=1.143241 baseline=0.000435 floor=0.000180 adapt=0.001087 lastPeak=0.000000 baseParam=0.000180 gateRatio=0.0550 envParam=0.000450 onsetScale=0.300 retriggerScale=1.400 guard=0.060 guardRemain=0.000 activeAge=-1.000 retrigRemain=0.000 pitchHz=-1.00 pitchCents=0.0
2025-12-14 07:55:17 [tracker] [s2] onset t=83.381 env=0.00138 gate=0.00001 envDelta=0.00138 envFloor=0.00097 onset=1.001 thresh=0.009 onsetDelta=0.99176 baseline=0.00065 adaptive=0.00162 lastPeak=0.00014 guard=0.060 activeAge=-1.000 pitch=-1.00Hz pitchCents=0.0
2025-12-14 07:55:17 [tracker] [s4] onset t=83.413 env=0.00154 gate=0.00011 envDelta=0.00143 envFloor=0.00095 onset=1.366 thresh=0.014 onsetDelta=1.35202 baseline=0.00063 adaptive=0.00158 lastPeak=0.00000 guard=0.060 activeAge=-1.000 pitch=-1.00Hz pitchCents=0.0
2025-12-14 07:55:17 [tracker] [s2] onset t=83.477 env=0.00245 gate=0.00001 envDelta=0.00244 envFloor=0.00114 onset=0.981 thresh=0.009 onsetDelta=0.97171 baseline=0.00076 adaptive=0.00189 lastPeak=0.00012 guard=0.060 activeAge=-1.000 pitch=-1.00Hz pitchCents=0.0
2025-12-14 07:55:17 [tracker] [s4] onset t=83.482 env=0.00177 gate=0.00011 envDelta=0.00166 envFloor=0.00099 onset=0.995 thresh=0.014 onsetDelta=0.98083 baseline=0.00066 adaptive=0.00165 lastPeak=0.00000 guard=0.060 activeAge=-1.000 pitch=-1.00Hz pitchCents=0.0
2025-12-14 07:55:17 [tracker] [s1] aubio-raw t=83.4955 onset=0.952339 env=0.001054 peak=0.003175 gain=1.000
2025-12-14 07:55:17 [tracker] [s1] onset-accepted t=83.4955 env=0.001054 gate=0.000025 envDelta=0.001029 envFloor=0.000678 onset=0.952339 thresh=0.006000 onsetDelta=0.946339 baseline=0.000452 floor=0.000180 adapt=0.001130 lastPeak=0.000000 baseParam=0.000180 gateRatio=0.0550 envParam=0.000450 onsetScale=0.300 retriggerScale=1.400 guard=0.060 guardRemain=0.000 activeAge=-1.000 retrigRemain=0.000 pitchHz=-1.00 pitchCents=0.0
2025-12-14 07:55:17 [tracker] [s1] onset t=83.495 env=0.00105 gate=0.00002 envDelta=0.00103 envFloor=0.00068 onset=0.952 thresh=0.006 onsetDelta=0.94634 baseline=0.00045 adaptive=0.00113 lastPeak=0.00000 guard=0.060 activeAge=-1.000 pitch=-1.00Hz pitchCents=0.0
2025-12-14 07:55:17 [tracker] [s2] onset t=83.541 env=0.00141 gate=0.00001 envDelta=0.00141 envFloor=0.00104 onset=1.108 thresh=0.009 onsetDelta=1.09927 baseline=0.00069 adaptive=0.00173 lastPeak=0.00010 guard=0.060 activeAge=-1.000 pitch=-1.00Hz pitchCents=0.0
2025-12-14 07:55:17 [tracker] [s1] aubio-raw t=83.5649 onset=0.675671 env=0.000813 peak=0.001908 gain=1.000
2025-12-14 07:55:17 [tracker] [s1] onset-accepted t=83.5649 env=0.000813 gate=0.000026 envDelta=0.000788 envFloor=0.000696 onset=0.675671 thresh=0.006000 onsetDelta=0.669671 baseline=0.000464 floor=0.000180 adapt=0.001159 lastPeak=0.000000 baseParam=0.000180 gateRatio=0.0550 envParam=0.000450 onsetScale=0.300 retriggerScale=1.400 guard=0.060 guardRemain=0.000 activeAge=-1.000 retrigRemain=0.000 pitchHz=-1.00 pitchCents=0.0
2025-12-14 07:55:17 [tracker] [s1] onset t=83.565 env=0.00081 gate=0.00003 envDelta=0.00079 envFloor=0.00070 onset=0.676 thresh=0.006 onsetDelta=0.66967 baseline=0.00046 adaptive=0.00116 lastPeak=0.00000 guard=0.060 activeAge=-1.000 pitch=-1.00Hz pitchCents=0.0
2025-12-14 07:55:17 [tracker] [s5] onset t=83.600 env=0.00176 gate=0.00015 envDelta=0.00161 envFloor=0.00107 onset=0.618 thresh=0.016 onsetDelta=0.60227 baseline=0.00071 adaptive=0.00178 lastPeak=0.00000 guard=0.060 activeAge=-1.000 pitch=-1.00Hz pitchCents=0.0
2025-12-14 07:55:17 [tracker] [s3] onset t=83.656 env=0.00114 gate=0.00008 envDelta=0.00106 envFloor=0.00091 onset=0.994 thresh=0.012 onsetDelta=0.98226 baseline=0.00060 adaptive=0.00151 lastPeak=0.00000 guard=0.060 activeAge=-1.000 pitch=-1.00Hz pitchCents=0.0
2025-12-14 07:55:17 [tracker] [s1] aubio-raw t=83.6610 onset=1.001063 env=0.000743 peak=0.002049 gain=1.000
2025-12-14 07:55:17 [tracker] [s1] onset-accepted t=83.6610 env=0.000743 gate=0.000024 envDelta=0.000719 envFloor=0.000647 onset=1.001063 thresh=0.006000 onsetDelta=0.995063 baseline=0.000431 floor=0.000180 adapt=0.001078 lastPeak=0.000000 baseParam=0.000180 gateRatio=0.0550 envParam=0.000450 onsetScale=0.300 retriggerScale=1.400 guard=0.060 guardRemain=0.000 activeAge=-1.000 retrigRemain=0.000 pitchHz=94.11 pitchCents=230.0
2025-12-14 07:55:17 [tracker] [s1] onset t=83.661 env=0.00074 gate=0.00002 envDelta=0.00072 envFloor=0.00065 onset=1.001 thresh=0.006 onsetDelta=0.99506 baseline=0.00043 adaptive=0.00108 lastPeak=0.00000 guard=0.060 activeAge=-1.000 pitch=94.11Hz pitchCents=230.0
2025-12-14 07:55:17 [tracker] [s1] note-start t=83.661 fret=2 midi=42 vel=0.01 env=0.00074
2025-12-14 07:55:17 [tracker] [s6] onset t=83.789 env=0.00167 gate=0.00020 envDelta=0.00147 envFloor=0.00118 onset=0.997 thresh=0.018 onsetDelta=0.97872 baseline=0.00078 adaptive=0.00196 lastPeak=0.00000 guard=0.060 activeAge=-1.000 pitch=-1.00Hz pitchCents=0.0
2025-12-14 07:55:18 [tracker] [s5] onset t=84.112 env=0.00135 gate=0.00014 envDelta=0.00121 envFloor=0.00100 onset=1.137 thresh=0.016 onsetDelta=1.12105 baseline=0.00067 adaptive=0.00167 lastPeak=0.00000 guard=0.060 activeAge=-1.000 pitch=-1.00Hz pitchCents=0.0
2025-12-14 07:55:18 [tracker] [s5] onset t=84.168 env=0.00157 gate=0.00015 envDelta=0.00143 envFloor=0.00104 onset=0.638 thresh=0.016 onsetDelta=0.62155 baseline=0.00069 adaptive=0.00173 lastPeak=0.00000 guard=0.060 activeAge=-1.000 pitch=-1.00Hz pitchCents=0.0
2025-12-14 07:55:18 [tracker] [s1] aubio-raw t=84.2165 onset=0.982243 env=0.000728 peak=0.001545 gain=1.000
2025-12-14 07:55:18 [tracker] [s1] onset-accepted t=84.2165 env=0.000728 gate=0.000023 envDelta=0.000704 envFloor=0.000639 onset=0.982243 thresh=0.006000 onsetDelta=0.976243 baseline=0.000426 floor=0.000180 adapt=0.001066 lastPeak=0.000262 baseParam=0.000180 gateRatio=0.0550 envParam=0.000450 onsetScale=0.300 retriggerScale=1.400 guard=0.060 guardRemain=0.000 activeAge=0.555 retrigRemain=0.000 pitchHz=296.29 pitchCents=2215.4
2025-12-14 07:55:18 [tracker] [s1] onset t=84.216 env=0.00073 gate=0.00002 envDelta=0.00070 envFloor=0.00064 onset=0.982 thresh=0.006 onsetDelta=0.97624 baseline=0.00043 adaptive=0.00107 lastPeak=0.00026 guard=0.060 activeAge=0.555 pitch=296.29Hz pitchCents=2215.4
2025-12-14 07:55:18 [tracker] [s1] note-ended (new onset) t=84.216 fret=2 dur=0.555
2025-12-14 07:55:18 [tracker] [s3] onset t=84.230 env=0.00150 gate=0.00008 envDelta=0.00142 envFloor=0.00090 onset=0.990 thresh=0.012 onsetDelta=0.97879 baseline=0.00060 adaptive=0.00149 lastPeak=0.00000 guard=0.060 activeAge=-1.000 pitch=-1.00Hz pitchCents=0.0
2025-12-14 07:55:18 [tracker] [s4] onset t=84.310 env=0.00168 gate=0.00012 envDelta=0.00156 envFloor=0.00105 onset=0.993 thresh=0.014 onsetDelta=0.97866 baseline=0.00070 adaptive=0.00175 lastPeak=0.00000 guard=0.060 activeAge=-1.000 pitch=-1.00Hz pitchCents=0.0
2025-12-14 07:55:18 [tracker] [s2] onset t=84.371 env=0.00124 gate=0.00001 envDelta=0.00123 envFloor=0.00106 onset=0.995 thresh=0.009 onsetDelta=0.98597 baseline=0.00071 adaptive=0.00177 lastPeak=0.00002 guard=0.060 activeAge=-1.000 pitch=-1.00Hz pitchCents=0.0
2025-12-14 07:55:18 [tracker] [s5] onset t=84.497 env=0.00169 gate=0.00014 envDelta=0.00155 envFloor=0.00100 onset=1.452 thresh=0.016 onsetDelta=1.43566 baseline=0.00067 adaptive=0.00167 lastPeak=0.00000 guard=0.060 activeAge=-1.000 pitch=-1.00Hz pitchCents=0.0
2025-12-14 07:55:18 [tracker] [s4] onset t=84.545 env=0.00130 gate=0.00011 envDelta=0.00119 envFloor=0.00097 onset=0.538 thresh=0.014 onsetDelta=0.52430 baseline=0.00064 adaptive=0.00161 lastPeak=0.00000 guard=0.060 activeAge=-1.000 pitch=-1.00Hz pitchCents=0.0
2025-12-14 07:55:18 [tracker] [s6] onset t=84.556 env=0.00222 gate=0.00020 envDelta=0.00201 envFloor=0.00122 onset=1.234 thresh=0.018 onsetDelta=1.21599 baseline=0.00081 adaptive=0.00204 lastPeak=0.00000 guard=0.060 activeAge=-1.000 pitch=-1.00Hz pitchCents=0.0
2025-12-14 07:55:18 [tracker] [s1] aubio-raw t=84.5769 onset=1.068209 env=0.000845 peak=0.002008 gain=1.000
2025-12-14 07:55:18 [tracker] [s1] onset-accepted t=84.5769 env=0.000845 gate=0.000023 envDelta=0.000821 envFloor=0.000641 onset=1.068209 thresh=0.006000 onsetDelta=1.062209 baseline=0.000427 floor=0.000180 adapt=0.001068 lastPeak=0.000133 baseParam=0.000180 gateRatio=0.0550 envParam=0.000450 onsetScale=0.300 retriggerScale=1.400 guard=0.060 guardRemain=0.000 activeAge=-1.000 retrigRemain=0.000 pitchHz=-1.00 pitchCents=0.0
2025-12-14 07:55:18 [tracker] [s1] onset t=84.577 env=0.00084 gate=0.00002 envDelta=0.00082 envFloor=0.00064 onset=1.068 thresh=0.006 onsetDelta=1.06221 baseline=0.00043 adaptive=0.00107 lastPeak=0.00013 guard=0.060 activeAge=-1.000 pitch=-1.00Hz pitchCents=0.0
2025-12-14 07:55:18 [tracker] [s2] onset t=84.628 env=0.00205 gate=0.00001 envDelta=0.00204 envFloor=0.00105 onset=1.028 thresh=0.009 onsetDelta=1.01905 baseline=0.00070 adaptive=0.00175 lastPeak=0.00001 guard=0.060 activeAge=-1.000 pitch=-1.00Hz pitchCents=0.0
2025-12-14 07:55:18 [tracker] [s4] onset t=84.638 env=0.00159 gate=0.00012 envDelta=0.00147 envFloor=0.00108 onset=1.438 thresh=0.014 onsetDelta=1.42367 baseline=0.00072 adaptive=0.00180 lastPeak=0.00000 guard=0.060 activeAge=-1.000 pitch=-1.00Hz pitchCents=0.0
2025-12-14 07:55:18 [tracker] [s5] onset t=84.638 env=0.00170 gate=0.00016 envDelta=0.00154 envFloor=0.00115 onset=1.274 thresh=0.016 onsetDelta=1.25790 baseline=0.00077 adaptive=0.00192 lastPeak=0.00000 guard=0.060 activeAge=-1.000 pitch=-1.00Hz pitchCents=0.0
2025-12-14 07:55:18 [tracker] [s1] aubio-raw t=84.6624 onset=0.997514 env=0.001051 peak=0.002792 gain=1.000
2025-12-14 07:55:18 [tracker] [s1] onset-accepted t=84.6624 env=0.001051 gate=0.000024 envDelta=0.001028 envFloor=0.000643 onset=0.997514 thresh=0.006000 onsetDelta=0.991514 baseline=0.000429 floor=0.000180 adapt=0.001072 lastPeak=0.000113 baseParam=0.000180 gateRatio=0.0550 envParam=0.000450 onsetScale=0.300 retriggerScale=1.400 guard=0.060 guardRemain=0.000 activeAge=-1.000 retrigRemain=0.000 pitchHz=-1.00 pitchCents=0.0
2025-12-14 07:55:18 [tracker] [s1] onset t=84.662 env=0.00105 gate=0.00002 envDelta=0.00103 envFloor=0.00064 onset=0.998 thresh=0.006 onsetDelta=0.99151 baseline=0.00043 adaptive=0.00107 lastPeak=0.00011 guard=0.060 activeAge=-1.000 pitch=-1.00Hz pitchCents=0.0
2025-12-14 07:55:18 [tracker] [s4] onset t=84.697 env=0.00165 gate=0.00012 envDelta=0.00153 envFloor=0.00108 onset=1.156 thresh=0.014 onsetDelta=1.14217 baseline=0.00072 adaptive=0.00179 lastPeak=0.00000 guard=0.060 activeAge=-1.000 pitch=-1.00Hz pitchCents=0.0
2025-12-14 07:55:18 [tracker] [s6] onset t=84.718 env=0.00204 gate=0.00021 envDelta=0.00182 envFloor=0.00128 onset=1.000 thresh=0.018 onsetDelta=0.98169 baseline=0.00085 adaptive=0.00213 lastPeak=0.00000 guard=0.060 activeAge=-1.000 pitch=-1.00Hz pitchCents=0.0
2025-12-14 07:55:18 [tracker] [s6] onset t=84.849 env=0.00186 gate=0.00021 envDelta=0.00166 envFloor=0.00123 onset=1.337 thresh=0.018 onsetDelta=1.31899 baseline=0.00082 adaptive=0.00206 lastPeak=0.00000 guard=0.060 activeAge=-1.000 pitch=-1.00Hz pitchCents=0.0
2025-12-14 07:55:18 [tracker] [s1] aubio-raw t=84.9081 onset=0.824686 env=0.000605 peak=0.001381 gain=1.000
2025-12-14 07:55:18 [tracker] [s1] onset-below-env-floor t=84.9081 env=0.000605 gate=0.000024 envDelta=0.000581 envFloor=0.000654 onset=0.824686 thresh=0.006000 onsetDelta=0.818686 baseline=0.000436 floor=0.000180 adapt=0.001090 lastPeak=0.000072 baseParam=0.000180 gateRatio=0.0550 envParam=0.000450 onsetScale=0.300 retriggerScale=1.400 guard=0.060 guardRemain=0.000 activeAge=-1.000 retrigRemain=0.000 pitchHz=222.21 pitchCents=1717.3
2025-12-14 07:55:18 [tracker] [s5] onset t=84.924 env=0.00131 gate=0.00014 envDelta=0.00116 envFloor=0.00103 onset=0.612 thresh=0.016 onsetDelta=0.59571 baseline=0.00069 adaptive=0.00172 lastPeak=0.00000 guard=0.060 activeAge=-1.000 pitch=-1.00Hz pitchCents=0.0
2025-12-14 07:55:18 [tracker] [s6] onset t=84.932 env=0.00185 gate=0.00020 envDelta=0.00164 envFloor=0.00123 onset=1.231 thresh=0.018 onsetDelta=1.21274 baseline=0.00082 adaptive=0.00205 lastPeak=0.00000 guard=0.060 activeAge=-1.000 pitch=-1.00Hz pitchCents=0.0
2025-12-14 07:55:19 [tracker] [s2] onset t=84.996 env=0.00233 gate=0.00001 envDelta=0.00232 envFloor=0.00103 onset=1.084 thresh=0.009 onsetDelta=1.07480 baseline=0.00069 adaptive=0.00171 lastPeak=0.00001 guard=0.060 activeAge=-1.000 pitch=-1.00Hz pitchCents=0.0
2025-12-14 07:55:19 [tracker] [s1] aubio-raw t=84.9988 onset=0.671044 env=0.000833 peak=0.002072 gain=1.000
2025-12-14 07:55:19 [tracker] [s1] onset-accepted t=84.9988 env=0.000833 gate=0.000024 envDelta=0.000809 envFloor=0.000654 onset=0.671044 thresh=0.006000 onsetDelta=0.665044 baseline=0.000436 floor=0.000180 adapt=0.001090 lastPeak=0.000060 baseParam=0.000180 gateRatio=0.0550 envParam=0.000450 onsetScale=0.300 retriggerScale=1.400 guard=0.060 guardRemain=0.000 activeAge=-1.000 retrigRemain=0.000 pitchHz=-1.00 pitchCents=0.0
2025-12-14 07:55:19 [tracker] [s1] onset t=84.999 env=0.00083 gate=0.00002 envDelta=0.00081 envFloor=0.00065 onset=0.671 thresh=0.006 onsetDelta=0.66504 baseline=0.00044 adaptive=0.00109 lastPeak=0.00006 guard=0.060 activeAge=-1.000 pitch=-1.00Hz pitchCents=0.0
2025-12-14 07:55:19 [tracker] [s3] onset t=85.034 env=0.00160 gate=0.00008 envDelta=0.00152 envFloor=0.00096 onset=0.999 thresh=0.012 onsetDelta=0.98728 baseline=0.00064 adaptive=0.00160 lastPeak=0.00000 guard=0.060 activeAge=-1.000 pitch=-1.00Hz pitchCents=0.0
2025-12-14 07:55:19 [tracker] [s2] onset t=85.050 env=0.00118 gate=0.00001 envDelta=0.00118 envFloor=0.00100 onset=1.034 thresh=0.009 onsetDelta=1.02453 baseline=0.00067 adaptive=0.00167 lastPeak=0.00001 guard=0.060 activeAge=-1.000 pitch=-1.00Hz pitchCents=0.0
2025-12-14 07:55:19 [tracker] [s4] onset t=85.159 env=0.00151 gate=0.00011 envDelta=0.00140 envFloor=0.00097 onset=1.050 thresh=0.014 onsetDelta=1.03648 baseline=0.00064 adaptive=0.00161 lastPeak=0.00000 guard=0.060 activeAge=-1.000 pitch=-1.00Hz pitchCents=0.0
2025-12-14 07:55:19 [tracker] [s2] onset t=85.191 env=0.00115 gate=0.00001 envDelta=0.00115 envFloor=0.00094 onset=1.450 thresh=0.009 onsetDelta=1.44104 baseline=0.00063 adaptive=0.00157 lastPeak=0.00000 guard=0.060 activeAge=-1.000 pitch=533.44Hz pitchCents=2733.4
2025-12-14 07:55:19 [tracker] [s2] note-start t=85.191 fret=24 midi=69 vel=0.01 env=0.00115
2025-12-14 07:55:19 [tracker] [s3] onset t=85.210 env=0.00165 gate=0.00008 envDelta=0.00157 envFloor=0.00092 onset=1.084 thresh=0.012 onsetDelta=1.07193 baseline=0.00061 adaptive=0.00153 lastPeak=0.00000 guard=0.060 activeAge=-1.000 pitch=-1.00Hz pitchCents=0.0
2025-12-14 07:55:19 [tracker] [s1] aubio-raw t=85.2499 onset=0.820847 env=0.000775 peak=0.001768 gain=1.000
2025-12-14 07:55:19 [tracker] [s1] onset-accepted t=85.2499 env=0.000775 gate=0.000022 envDelta=0.000753 envFloor=0.000605 onset=0.820847 thresh=0.006000 onsetDelta=0.814847 baseline=0.000403 floor=0.000180 adapt=0.001008 lastPeak=0.000038 baseParam=0.000180 gateRatio=0.0550 envParam=0.000450 onsetScale=0.300 retriggerScale=1.400 guard=0.060 guardRemain=0.000 activeAge=-1.000 retrigRemain=0.000 pitchHz=-1.00 pitchCents=0.0
2025-12-14 07:55:19 [tracker] [s1] onset t=85.250 env=0.00078 gate=0.00002 envDelta=0.00075 envFloor=0.00060 onset=0.821 thresh=0.006 onsetDelta=0.81485 baseline=0.00040 adaptive=0.00101 lastPeak=0.00004 guard=0.060 activeAge=-1.000 pitch=-1.00Hz pitchCents=0.0
2025-12-14 07:55:19 [tracker] [s2] onset t=85.277 env=0.00108 gate=0.00001 envDelta=0.00107 envFloor=0.00097 onset=1.040 thresh=0.009 onsetDelta=1.03124 baseline=0.00088 adaptive=0.00161 lastPeak=0.00098 guard=0.060 activeAge=0.085 pitch=-1.00Hz pitchCents=0.0
2025-12-14 07:55:19 [tracker] [s1] aubio-raw t=85.3300 onset=0.996869 env=0.001025 peak=0.002406 gain=1.000
2025-12-14 07:55:19 [tracker] [s1] onset-accepted t=85.3300 env=0.001025 gate=0.000023 envDelta=0.001003 envFloor=0.000615 onset=0.996869 thresh=0.006000 onsetDelta=0.990869 baseline=0.000410 floor=0.000180 adapt=0.001025 lastPeak=0.000032 baseParam=0.000180 gateRatio=0.0550 envParam=0.000450 onsetScale=0.300 retriggerScale=1.400 guard=0.060 guardRemain=0.000 activeAge=-1.000 retrigRemain=0.000 pitchHz=-1.00 pitchCents=0.0
2025-12-14 07:55:19 [tracker] [s1] onset t=85.330 env=0.00103 gate=0.00002 envDelta=0.00100 envFloor=0.00062 onset=0.997 thresh=0.006 onsetDelta=0.99087 baseline=0.00041 adaptive=0.00103 lastPeak=0.00003 guard=0.060 activeAge=-1.000 pitch=-1.00Hz pitchCents=0.0
2025-12-14 07:55:19 [tracker] [s1] aubio-raw t=85.4341 onset=1.212498 env=0.000788 peak=0.002058 gain=1.000
2025-12-14 07:55:19 [tracker] [s1] onset-accepted t=85.4341 env=0.000788 gate=0.000022 envDelta=0.000766 envFloor=0.000610 onset=1.212498 thresh=0.006000 onsetDelta=1.206498 baseline=0.000407 floor=0.000180 adapt=0.001017 lastPeak=0.000027 baseParam=0.000180 gateRatio=0.0550 envParam=0.000450 onsetScale=0.300 retriggerScale=1.400 guard=0.060 guardRemain=0.000 activeAge=-1.000 retrigRemain=0.000 pitchHz=-1.00 pitchCents=0.0
2025-12-14 07:55:19 [tracker] [s1] onset t=85.434 env=0.00079 gate=0.00002 envDelta=0.00077 envFloor=0.00061 onset=1.212 thresh=0.006 onsetDelta=1.20650 baseline=0.00041 adaptive=0.00102 lastPeak=0.00003 guard=0.060 activeAge=-1.000 pitch=-1.00Hz pitchCents=0.0
2025-12-14 07:55:19 [tracker] [s6] onset t=85.517 env=0.00181 gate=0.00021 envDelta=0.00160 envFloor=0.00124 onset=1.172 thresh=0.018 onsetDelta=1.15435 baseline=0.00083 adaptive=0.00207 lastPeak=0.00000 guard=0.060 activeAge=-1.000 pitch=-1.00Hz pitchCents=0.0
2025-12-14 07:55:19 [tracker] [s3] onset t=85.565 env=0.00126 gate=0.00008 envDelta=0.00118 envFloor=0.00092 onset=1.469 thresh=0.012 onsetDelta=1.45763 baseline=0.00061 adaptive=0.00153 lastPeak=0.00000 guard=0.060 activeAge=-1.000 pitch=-1.00Hz pitchCents=0.0
2025-12-14 07:55:19 [tracker] [s1] aubio-raw t=85.6878 onset=0.763542 env=0.000780 peak=0.001696 gain=1.000
2025-12-14 07:55:19 [tracker] [s1] onset-accepted t=85.6878 env=0.000780 gate=0.000023 envDelta=0.000757 envFloor=0.000620 onset=0.763542 thresh=0.006000 onsetDelta=0.757542 baseline=0.000414 floor=0.000180 adapt=0.001034 lastPeak=0.000017 baseParam=0.000180 gateRatio=0.0550 envParam=0.000450 onsetScale=0.300 retriggerScale=1.400 guard=0.060 guardRemain=0.000 activeAge=-1.000 retrigRemain=0.000 pitchHz=319.99 pitchCents=2348.7
2025-12-14 07:55:19 [tracker] [s1] onset t=85.688 env=0.00078 gate=0.00002 envDelta=0.00076 envFloor=0.00062 onset=0.764 thresh=0.006 onsetDelta=0.75754 baseline=0.00041 adaptive=0.00103 lastPeak=0.00002 guard=0.060 activeAge=-1.000 pitch=319.99Hz pitchCents=2348.7
2025-12-14 07:55:19 [tracker] [s2] onset t=85.789 env=0.00140 gate=0.00001 envDelta=0.00139 envFloor=0.00103 onset=0.993 thresh=0.009 onsetDelta=0.98397 baseline=0.00069 adaptive=0.00172 lastPeak=0.00038 guard=0.060 activeAge=-1.000 pitch=-1.00Hz pitchCents=0.0
2025-12-14 07:55:19 [tracker] [s4] onset t=85.840 env=0.00133 gate=0.00012 envDelta=0.00122 envFloor=0.00102 onset=0.982 thresh=0.014 onsetDelta=0.96771 baseline=0.00068 adaptive=0.00170 lastPeak=0.00000 guard=0.060 activeAge=-1.000 pitch=-1.00Hz pitchCents=0.0
2025-12-14 07:55:19 [tracker] [s5] onset t=85.861 env=0.00168 gate=0.00015 envDelta=0.00153 envFloor=0.00110 onset=0.831 thresh=0.016 onsetDelta=0.81486 baseline=0.00073 adaptive=0.00183 lastPeak=0.00000 guard=0.060 activeAge=-1.000 pitch=-1.00Hz pitchCents=0.0
2025-12-14 07:55:19 [tracker] [s1] aubio-raw t=85.9228 onset=1.073680 env=0.000606 peak=0.001504 gain=1.000
2025-12-14 07:55:19 [tracker] [s1] onset-below-env-floor t=85.9228 env=0.000606 gate=0.000023 envDelta=0.000583 envFloor=0.000632 onset=1.073680 thresh=0.006000 onsetDelta=1.067680 baseline=0.000421 floor=0.000180 adapt=0.001053 lastPeak=0.000011 baseParam=0.000180 gateRatio=0.0550 envParam=0.000450 onsetScale=0.300 retriggerScale=1.400 guard=0.060 guardRemain=0.000 activeAge=-1.000 retrigRemain=0.000 pitchHz=-1.00 pitchCents=0.0
2025-12-14 07:55:20 [tracker] [s1] aubio-raw t=85.9735 onset=1.359587 env=0.001132 peak=0.001986 gain=1.000
2025-12-14 07:55:20 [tracker] [s1] onset-accepted t=85.9735 env=0.001132 gate=0.000023 envDelta=0.001109 envFloor=0.000629 onset=1.359587 thresh=0.006000 onsetDelta=1.353587 baseline=0.000419 floor=0.000180 adapt=0.001048 lastPeak=0.000010 baseParam=0.000180 gateRatio=0.0550 envParam=0.000450 onsetScale=0.300 retriggerScale=1.400 guard=0.060 guardRemain=0.000 activeAge=-1.000 retrigRemain=0.000 pitchHz=-1.00 pitchCents=0.0
2025-12-14 07:55:20 [tracker] [s1] onset t=85.974 env=0.00113 gate=0.00002 envDelta=0.00111 envFloor=0.00063 onset=1.360 thresh=0.006 onsetDelta=1.35359 baseline=0.00042 adaptive=0.00105 lastPeak=0.00001 guard=0.060 activeAge=-1.000 pitch=-1.00Hz pitchCents=0.0
2025-12-14 07:55:20 [tracker] [s2] onset t=86.211 env=0.00134 gate=0.00001 envDelta=0.00134 envFloor=0.00103 onset=1.267 thresh=0.009 onsetDelta=1.25828 baseline=0.00069 adaptive=0.00172 lastPeak=0.00017 guard=0.060 activeAge=-1.000 pitch=-1.00Hz pitchCents=0.0
2025-12-14 07:55:20 [tracker] [s2] onset t=86.267 env=0.00112 gate=0.00001 envDelta=0.00111 envFloor=0.00101 onset=0.959 thresh=0.009 onsetDelta=0.94996 baseline=0.00067 adaptive=0.00168 lastPeak=0.00015 guard=0.060 activeAge=-1.000 pitch=-1.00Hz pitchCents=0.0
2025-12-14 07:55:20 [tracker] [s5] onset t=86.281 env=0.00151 gate=0.00015 envDelta=0.00137 envFloor=0.00106 onset=1.192 thresh=0.016 onsetDelta=1.17557 baseline=0.00070 adaptive=0.00176 lastPeak=0.00000 guard=0.060 activeAge=-1.000 pitch=-1.00Hz pitchCents=0.0
2025-12-14 07:55:20 [tracker] [s4] onset t=86.310 env=0.00100 gate=0.00011 envDelta=0.00089 envFloor=0.00097 onset=1.254 thresh=0.014 onsetDelta=1.24029 baseline=0.00064 adaptive=0.00161 lastPeak=0.00000 guard=0.060 activeAge=-1.000 pitch=-1.00Hz pitchCents=0.0
2025-12-14 07:55:20 [tracker] [s5] onset t=86.350 env=0.00145 gate=0.00014 envDelta=0.00130 envFloor=0.00102 onset=0.999 thresh=0.016 onsetDelta=0.98319 baseline=0.00068 adaptive=0.00171 lastPeak=0.00000 guard=0.060 activeAge=-1.000 pitch=-1.00Hz pitchCents=0.0
2025-12-14 07:55:20 [tracker] [s2] onset t=86.353 env=0.00202 gate=0.00001 envDelta=0.00201 envFloor=0.00099 onset=0.843 thresh=0.009 onsetDelta=0.83361 baseline=0.00066 adaptive=0.00165 lastPeak=0.00013 guard=0.060 activeAge=-1.000 pitch=-1.00Hz pitchCents=0.0
2025-12-14 07:55:20 [tracker] [s1] aubio-raw t=86.4114 onset=1.130604 env=0.000824 peak=0.001990 gain=1.000
2025-12-14 07:55:20 [tracker] [s1] onset-accepted t=86.4114 env=0.000824 gate=0.000024 envDelta=0.000800 envFloor=0.000661 onset=1.130604 thresh=0.006000 onsetDelta=1.124604 baseline=0.000441 floor=0.000180 adapt=0.001102 lastPeak=0.000004 baseParam=0.000180 gateRatio=0.0550 envParam=0.000450 onsetScale=0.300 retriggerScale=1.400 guard=0.060 guardRemain=0.000 activeAge=-1.000 retrigRemain=0.000 pitchHz=97.56 pitchCents=292.2
2025-12-14 07:55:20 [tracker] [s1] onset t=86.411 env=0.00082 gate=0.00002 envDelta=0.00080 envFloor=0.00066 onset=1.131 thresh=0.006 onsetDelta=1.12460 baseline=0.00044 adaptive=0.00110 lastPeak=0.00000 guard=0.060 activeAge=-1.000 pitch=97.56Hz pitchCents=292.2
2025-12-14 07:55:20 [tracker] [s3] onset t=86.417 env=0.00097 gate=0.00008 envDelta=0.00089 envFloor=0.00096 onset=0.980 thresh=0.012 onsetDelta=0.96857 baseline=0.00064 adaptive=0.00161 lastPeak=0.00000 guard=0.060 activeAge=-1.000 pitch=-1.00Hz pitchCents=0.0
2025-12-14 07:55:20 [tracker] [s5] onset t=86.473 env=0.00170 gate=0.00015 envDelta=0.00155 envFloor=0.00105 onset=1.034 thresh=0.016 onsetDelta=1.01758 baseline=0.00070 adaptive=0.00174 lastPeak=0.00000 guard=0.060 activeAge=-1.000 pitch=-1.00Hz pitchCents=0.0
2025-12-14 07:55:20 [tracker] [s4] onset t=86.484 env=0.00119 gate=0.00011 envDelta=0.00108 envFloor=0.00097 onset=1.101 thresh=0.014 onsetDelta=1.08685 baseline=0.00065 adaptive=0.00161 lastPeak=0.00000 guard=0.060 activeAge=-1.000 pitch=-1.00Hz pitchCents=0.0
2025-12-14 07:55:20 [tracker] [s5] onset t=86.601 env=0.00144 gate=0.00016 envDelta=0.00128 envFloor=0.00111 onset=0.702 thresh=0.016 onsetDelta=0.68550 baseline=0.00074 adaptive=0.00185 lastPeak=0.00000 guard=0.060 activeAge=-1.000 pitch=-1.00Hz pitchCents=0.0
2025-12-14 07:55:20 [tracker] [s4] onset t=86.604 env=0.00147 gate=0.00011 envDelta=0.00136 envFloor=0.00101 onset=1.185 thresh=0.014 onsetDelta=1.17065 baseline=0.00067 adaptive=0.00169 lastPeak=0.00000 guard=0.060 activeAge=-1.000 pitch=-1.00Hz pitchCents=0.0
2025-12-14 07:55:20 [tracker] [s2] onset t=86.612 env=0.00130 gate=0.00001 envDelta=0.00130 envFloor=0.00101 onset=1.071 thresh=0.009 onsetDelta=1.06193 baseline=0.00067 adaptive=0.00168 lastPeak=0.00008 guard=0.060 activeAge=-1.000 pitch=-1.00Hz pitchCents=0.0
2025-12-14 07:55:20 [tracker] [s3] onset t=86.628 env=0.00125 gate=0.00008 envDelta=0.00117 envFloor=0.00093 onset=0.956 thresh=0.012 onsetDelta=0.94450 baseline=0.00062 adaptive=0.00154 lastPeak=0.00000 guard=0.060 activeAge=-1.000 pitch=-1.00Hz pitchCents=0.0
2025-12-14 07:55:20 [tracker] [s2] onset t=86.748 env=0.00134 gate=0.00001 envDelta=0.00134 envFloor=0.00094 onset=0.997 thresh=0.009 onsetDelta=0.98819 baseline=0.00063 adaptive=0.00157 lastPeak=0.00006 guard=0.060 activeAge=-1.000 pitch=-1.00Hz pitchCents=0.0
2025-12-14 07:55:20 [tracker] [s3] onset t=86.748 env=0.00136 gate=0.00008 envDelta=0.00128 envFloor=0.00088 onset=0.635 thresh=0.012 onsetDelta=0.62384 baseline=0.00059 adaptive=0.00147 lastPeak=0.00000 guard=0.060 activeAge=-1.000 pitch=-1.00Hz pitchCents=0.0
2025-12-14 07:55:20 [tracker] [s5] onset t=86.849 env=0.00162 gate=0.00015 envDelta=0.00147 envFloor=0.00107 onset=0.999 thresh=0.016 onsetDelta=0.98267 baseline=0.00071 adaptive=0.00179 lastPeak=0.00000 guard=0.060 activeAge=-1.000 pitch=-1.00Hz pitchCents=0.0
2025-12-14 07:55:20 [tracker] [s3] onset t=86.935 env=0.00129 gate=0.00008 envDelta=0.00121 envFloor=0.00095 onset=0.841 thresh=0.012 onsetDelta=0.82975 baseline=0.00063 adaptive=0.00158 lastPeak=0.00000 guard=0.060 activeAge=-1.000 pitch=-1.00Hz pitchCents=0.0
2025-12-14 07:55:21 [tracker] [s6] onset t=86.967 env=0.00199 gate=0.00022 envDelta=0.00177 envFloor=0.00132 onset=0.996 thresh=0.018 onsetDelta=0.97822 baseline=0.00088 adaptive=0.00221 lastPeak=0.00000 guard=0.060 activeAge=-1.000 pitch=-1.00Hz pitchCents=0.0
2025-12-14 07:55:21 [tracker] [s2] onset t=87.015 env=0.00148 gate=0.00001 envDelta=0.00147 envFloor=0.00100 onset=0.988 thresh=0.009 onsetDelta=0.97866 baseline=0.00067 adaptive=0.00166 lastPeak=0.00004 guard=0.060 activeAge=-1.000 pitch=1000.21Hz pitchCents=3821.7
2025-12-14 07:55:21 [tracker] [s1] aubio-raw t=87.0843 onset=0.864773 env=0.000921 peak=0.002389 gain=1.000
2025-12-14 07:55:21 [tracker] [s1] onset-accepted t=87.0843 env=0.000921 gate=0.000023 envDelta=0.000898 envFloor=0.000627 onset=0.864773 thresh=0.006000 onsetDelta=0.858773 baseline=0.000418 floor=0.000180 adapt=0.001045 lastPeak=0.000001 baseParam=0.000180 gateRatio=0.0550 envParam=0.000450 onsetScale=0.300 retriggerScale=1.400 guard=0.060 guardRemain=0.000 activeAge=-1.000 retrigRemain=0.000 pitchHz=-1.00 pitchCents=0.0
2025-12-14 07:55:21 [tracker] [s1] onset t=87.084 env=0.00092 gate=0.00002 envDelta=0.00090 envFloor=0.00063 onset=0.865 thresh=0.006 onsetDelta=0.85877 baseline=0.00042 adaptive=0.00104 lastPeak=0.00000 guard=0.060 activeAge=-1.000 pitch=-1.00Hz pitchCents=0.0
2025-12-14 07:55:21 [tracker] [s5] onset t=87.164 env=0.00180 gate=0.00014 envDelta=0.00166 envFloor=0.00102 onset=1.003 thresh=0.016 onsetDelta=0.98734 baseline=0.00068 adaptive=0.00170 lastPeak=0.00000 guard=0.060 activeAge=-1.000 pitch=-1.00Hz pitchCents=0.0
2025-12-14 07:55:21 [tracker] [s6] onset t=87.234 env=0.00232 gate=0.00022 envDelta=0.00210 envFloor=0.00130 onset=0.996 thresh=0.018 onsetDelta=0.97758 baseline=0.00087 adaptive=0.00217 lastPeak=0.00000 guard=0.060 activeAge=-1.000 pitch=-1.00Hz pitchCents=0.0
2025-12-14 07:55:21 [tracker] [s5] onset t=87.274 env=0.00183 gate=0.00015 envDelta=0.00167 envFloor=0.00109 onset=0.997 thresh=0.016 onsetDelta=0.98057 baseline=0.00073 adaptive=0.00182 lastPeak=0.00000 guard=0.060 activeAge=-1.000 pitch=-1.00Hz pitchCents=0.0
2025-12-14 07:55:21 [tracker] [s3] onset t=87.287 env=0.00134 gate=0.00008 envDelta=0.00126 envFloor=0.00094 onset=0.840 thresh=0.012 onsetDelta=0.82804 baseline=0.00063 adaptive=0.00157 lastPeak=0.00000 guard=0.060 activeAge=-1.000 pitch=-1.00Hz pitchCents=0.0
2025-12-14 07:55:21 [tracker] [s1] aubio-raw t=87.3140 onset=1.361846 env=0.000722 peak=0.001963 gain=1.000
2025-12-14 07:55:21 [tracker] [s1] onset-accepted t=87.3140 env=0.000722 gate=0.000025 envDelta=0.000698 envFloor=0.000673 onset=1.361846 thresh=0.006000 onsetDelta=1.355846 baseline=0.000449 floor=0.000180 adapt=0.001122 lastPeak=0.000001 baseParam=0.000180 gateRatio=0.0550 envParam=0.000450 onsetScale=0.300 retriggerScale=1.400 guard=0.060 guardRemain=0.000 activeAge=-1.000 retrigRemain=0.000 pitchHz=-1.00 pitchCents=0.0
2025-12-14 07:55:21 [tracker] [s6] onset t=87.338 env=0.00204 gate=0.00022 envDelta=0.00182 envFloor=0.00130 onset=1.114 thresh=0.018 onsetDelta=1.09627 baseline=0.00087 adaptive=0.00217 lastPeak=0.00000 guard=0.060 activeAge=-1.000 pitch=-1.00Hz pitchCents=0.0
2025-12-14 07:55:21 [tracker] [s5] onset t=87.351 env=0.00173 gate=0.00016 envDelta=0.00157 envFloor=0.00113 onset=1.006 thresh=0.016 onsetDelta=0.98952 baseline=0.00075 adaptive=0.00188 lastPeak=0.00000 guard=0.060 activeAge=-1.000 pitch=-1.00Hz pitchCents=0.0
2025-12-14 07:55:21 [tracker] [s6] onset t=87.402 env=0.00192 gate=0.00021 envDelta=0.00171 envFloor=0.00126 onset=1.001 thresh=0.018 onsetDelta=0.98322 baseline=0.00084 adaptive=0.00211 lastPeak=0.00000 guard=0.060 activeAge=-1.000 pitch=-1.00Hz pitchCents=0.0
2025-12-14 07:55:21 [tracker] [s3] onset t=87.450 env=0.00120 gate=0.00008 envDelta=0.00112 envFloor=0.00091 onset=0.915 thresh=0.012 onsetDelta=0.90339 baseline=0.00061 adaptive=0.00152 lastPeak=0.00000 guard=0.060 activeAge=-1.000 pitch=-1.00Hz pitchCents=0.0
2025-12-14 07:55:21 [tracker] [s3] onset t=87.520 env=0.00135 gate=0.00008 envDelta=0.00127 envFloor=0.00088 onset=1.243 thresh=0.012 onsetDelta=1.23174 baseline=0.00059 adaptive=0.00146 lastPeak=0.00000 guard=0.060 activeAge=-1.000 pitch=-1.00Hz pitchCents=0.0
2025-12-14 07:55:21 [tracker] [s1] aubio-raw t=87.6478 onset=0.994827 env=0.000728 peak=0.001801 gain=1.000
2025-12-14 07:55:21 [tracker] [s1] onset-accepted t=87.6478 env=0.000728 gate=0.000023 envDelta=0.000705 envFloor=0.000620 onset=0.994827 thresh=0.006000 onsetDelta=0.988827 baseline=0.000413 floor=0.000180 adapt=0.001033 lastPeak=0.000000 baseParam=0.000180 gateRatio=0.0550 envParam=0.000450 onsetScale=0.300 retriggerScale=1.400 guard=0.060 guardRemain=0.000 activeAge=-1.000 retrigRemain=0.000 pitchHz=94.12 pitchCents=230.0
2025-12-14 07:55:21 [tracker] [s1] onset t=87.648 env=0.00073 gate=0.00002 envDelta=0.00071 envFloor=0.00062 onset=0.995 thresh=0.006 onsetDelta=0.98883 baseline=0.00041 adaptive=0.00103 lastPeak=0.00000 guard=0.060 activeAge=-1.000 pitch=94.12Hz pitchCents=230.0
2025-12-14 07:55:21 [tracker] [s6] onset t=87.741 env=0.00220 gate=0.00022 envDelta=0.00198 envFloor=0.00130 onset=0.997 thresh=0.018 onsetDelta=0.97867 baseline=0.00087 adaptive=0.00217 lastPeak=0.00000 guard=0.060 activeAge=-1.000 pitch=-1.00Hz pitchCents=0.0
2025-12-14 07:55:21 [tracker] [s3] onset t=87.792 env=0.00177 gate=0.00009 envDelta=0.00168 envFloor=0.00101 onset=0.998 thresh=0.012 onsetDelta=0.98679 baseline=0.00067 adaptive=0.00168 lastPeak=0.00000 guard=0.060 activeAge=-1.000 pitch=-1.00Hz pitchCents=0.0
2025-12-14 07:55:21 [tracker] [s5] onset t=87.819 env=0.00163 gate=0.00015 envDelta=0.00148 envFloor=0.00110 onset=0.702 thresh=0.016 onsetDelta=0.68594 baseline=0.00073 adaptive=0.00183 lastPeak=0.00000 guard=0.060 activeAge=-1.000 pitch=-1.00Hz pitchCents=0.0
2025-12-14 07:55:22 [tracker] [s5] onset t=87.958 env=0.00144 gate=0.00015 envDelta=0.00129 envFloor=0.00104 onset=0.870 thresh=0.016 onsetDelta=0.85444 baseline=0.00069 adaptive=0.00173 lastPeak=0.00000 guard=0.060 activeAge=-1.000 pitch=-1.00Hz pitchCents=0.0
2025-12-14 07:55:22 [tracker] [s6] onset t=88.094 env=0.00191 gate=0.00021 envDelta=0.00170 envFloor=0.00129 onset=0.998 thresh=0.018 onsetDelta=0.98025 baseline=0.00086 adaptive=0.00215 lastPeak=0.00000 guard=0.060 activeAge=-1.000 pitch=-1.00Hz pitchCents=0.0
2025-12-14 07:55:22 [tracker] [s1] aubio-raw t=88.1071 onset=0.999271 env=0.000800 peak=0.001842 gain=1.000
2025-12-14 07:55:22 [tracker] [s1] onset-accepted t=88.1071 env=0.000800 gate=0.000022 envDelta=0.000778 envFloor=0.000610 onset=0.999271 thresh=0.006000 onsetDelta=0.993271 baseline=0.000407 floor=0.000180 adapt=0.001017 lastPeak=0.000000 baseParam=0.000180 gateRatio=0.0550 envParam=0.000450 onsetScale=0.300 retriggerScale=1.400 guard=0.060 guardRemain=0.000 activeAge=-1.000 retrigRemain=0.000 pitchHz=-1.00 pitchCents=0.0
2025-12-14 07:55:22 [tracker] [s1] onset t=88.107 env=0.00080 gate=0.00002 envDelta=0.00078 envFloor=0.00061 onset=0.999 thresh=0.006 onsetDelta=0.99327 baseline=0.00041 adaptive=0.00102 lastPeak=0.00000 guard=0.060 activeAge=-1.000 pitch=-1.00Hz pitchCents=0.0
2025-12-14 07:55:22 [tracker] [s1] aubio-raw t=88.1818 onset=0.998940 env=0.000989 peak=0.002189 gain=1.000
2025-12-14 07:55:22 [tracker] [s1] onset-accepted t=88.1818 env=0.000989 gate=0.000023 envDelta=0.000966 envFloor=0.000622 onset=0.998940 thresh=0.006000 onsetDelta=0.992940 baseline=0.000415 floor=0.000180 adapt=0.001037 lastPeak=0.000000 baseParam=0.000180 gateRatio=0.0550 envParam=0.000450 onsetScale=0.300 retriggerScale=1.400 guard=0.060 guardRemain=0.000 activeAge=-1.000 retrigRemain=0.000 pitchHz=258.06 pitchCents=1976.2
2025-12-14 07:55:22 [tracker] [s1] onset t=88.182 env=0.00099 gate=0.00002 envDelta=0.00097 envFloor=0.00062 onset=0.999 thresh=0.006 onsetDelta=0.99294 baseline=0.00041 adaptive=0.00104 lastPeak=0.00000 guard=0.060 activeAge=-1.000 pitch=258.06Hz pitchCents=1976.2
2025-12-14 07:55:22 [tracker] [s5] onset t=88.190 env=0.00165 gate=0.00015 envDelta=0.00149 envFloor=0.00109 onset=1.195 thresh=0.016 onsetDelta=1.17855 baseline=0.00073 adaptive=0.00181 lastPeak=0.00000 guard=0.060 activeAge=-1.000 pitch=-1.00Hz pitchCents=0.0
2025-12-14 07:55:22 [tracker] [s6] onset t=88.267 env=0.00168 gate=0.00020 envDelta=0.00148 envFloor=0.00121 onset=1.112 thresh=0.018 onsetDelta=1.09402 baseline=0.00081 adaptive=0.00202 lastPeak=0.00000 guard=0.060 activeAge=-1.000 pitch=-1.00Hz pitchCents=0.0
2025-12-14 07:55:22 [tracker] [s5] onset t=88.438 env=0.00158 gate=0.00016 envDelta=0.00142 envFloor=0.00112 onset=0.897 thresh=0.016 onsetDelta=0.88117 baseline=0.00075 adaptive=0.00187 lastPeak=0.00000 guard=0.060 activeAge=-1.000 pitch=-1.00Hz pitchCents=0.0
2025-12-14 07:55:22 [tracker] [s3] onset t=88.481 env=0.00159 gate=0.00008 envDelta=0.00151 envFloor=0.00095 onset=1.184 thresh=0.012 onsetDelta=1.17194 baseline=0.00063 adaptive=0.00158 lastPeak=0.00000 guard=0.060 activeAge=-1.000 pitch=-1.00Hz pitchCents=0.0
2025-12-14 07:55:22 [tracker] [s1] aubio-raw t=88.4836 onset=1.096231 env=0.001408 peak=0.003272 gain=1.000
2025-12-14 07:55:22 [tracker] [s1] onset-accepted t=88.4836 env=0.001408 gate=0.000024 envDelta=0.001385 envFloor=0.000647 onset=1.096231 thresh=0.006000 onsetDelta=1.090231 baseline=0.000431 floor=0.000180 adapt=0.001078 lastPeak=0.000000 baseParam=0.000180 gateRatio=0.0550 envParam=0.000450 onsetScale=0.300 retriggerScale=1.400 guard=0.060 guardRemain=0.000 activeAge=-1.000 retrigRemain=0.000 pitchHz=-1.00 pitchCents=0.0
2025-12-14 07:55:22 [tracker] [s1] onset t=88.484 env=0.00141 gate=0.00002 envDelta=0.00138 envFloor=0.00065 onset=1.096 thresh=0.006 onsetDelta=1.09023 baseline=0.00043 adaptive=0.00108 lastPeak=0.00000 guard=0.060 activeAge=-1.000 pitch=-1.00Hz pitchCents=0.0
2025-12-14 07:55:22 [tracker] [s2] onset t=88.489 env=0.00172 gate=0.00001 envDelta=0.00171 envFloor=0.00102 onset=0.995 thresh=0.009 onsetDelta=0.98641 baseline=0.00068 adaptive=0.00169 lastPeak=0.00000 guard=0.060 activeAge=-1.000 pitch=-1.00Hz pitchCents=0.0
2025-12-14 07:55:22 [tracker] [s6] onset t=88.687 env=0.00187 gate=0.00020 envDelta=0.00167 envFloor=0.00120 onset=1.049 thresh=0.018 onsetDelta=1.03050 baseline=0.00080 adaptive=0.00201 lastPeak=0.00000 guard=0.060 activeAge=-1.000 pitch=-1.00Hz pitchCents=0.0
2025-12-14 07:55:22 [tracker] [s6] onset t=88.751 env=0.00178 gate=0.00021 envDelta=0.00157 envFloor=0.00125 onset=0.948 thresh=0.018 onsetDelta=0.92973 baseline=0.00083 adaptive=0.00208 lastPeak=0.00000 guard=0.060 activeAge=-1.000 pitch=-1.00Hz pitchCents=0.0
2025-12-14 07:55:22 [tracker] [s1] aubio-raw t=88.8467 onset=0.998733 env=0.000612 peak=0.001586 gain=1.000
2025-12-14 07:55:22 [tracker] [s1] onset-below-env-floor t=88.8467 env=0.000612 gate=0.000024 envDelta=0.000588 envFloor=0.000649 onset=0.998733 thresh=0.006000 onsetDelta=0.992733 baseline=0.000433 floor=0.000180 adapt=0.001082 lastPeak=0.000000 baseParam=0.000180 gateRatio=0.0550 envParam=0.000450 onsetScale=0.300 retriggerScale=1.400 guard=0.060 guardRemain=0.000 activeAge=-1.000 retrigRemain=0.000 pitchHz=-1.00 pitchCents=0.0
2025-12-14 07:55:22 [tracker] [s6] onset t=88.876 env=0.00199 gate=0.00022 envDelta=0.00176 envFloor=0.00133 onset=0.999 thresh=0.018 onsetDelta=0.98099 baseline=0.00089 adaptive=0.00222 lastPeak=0.00000 guard=0.060 activeAge=-1.000 pitch=-1.00Hz pitchCents=0.0
2025-12-14 07:55:22 [tracker] [s4] onset t=88.881 env=0.00151 gate=0.00011 envDelta=0.00139 envFloor=0.00100 onset=1.314 thresh=0.014 onsetDelta=1.30040 baseline=0.00067 adaptive=0.00167 lastPeak=0.00000 guard=0.060 activeAge=-1.000 pitch=-1.00Hz pitchCents=0.0
2025-12-14 07:55:22 [tracker] [s5] onset t=88.897 env=0.00172 gate=0.00015 envDelta=0.00157 envFloor=0.00108 onset=1.108 thresh=0.016 onsetDelta=1.09156 baseline=0.00072 adaptive=0.00180 lastPeak=0.00000 guard=0.060 activeAge=-1.000 pitch=-1.00Hz pitchCents=0.0
2025-12-14 07:55:23 [tracker] [s6] onset t=89.004 env=0.00221 gate=0.00020 envDelta=0.00201 envFloor=0.00121 onset=1.094 thresh=0.018 onsetDelta=1.07583 baseline=0.00080 adaptive=0.00201 lastPeak=0.00000 guard=0.060 activeAge=-1.000 pitch=-1.00Hz pitchCents=0.0
2025-12-14 07:55:23 [tracker] [s5] onset t=89.007 env=0.00143 gate=0.00015 envDelta=0.00128 envFloor=0.00107 onset=1.144 thresh=0.016 onsetDelta=1.12786 baseline=0.00071 adaptive=0.00179 lastPeak=0.00000 guard=0.060 activeAge=-1.000 pitch=-1.00Hz pitchCents=0.0
2025-12-14 07:55:23 [tracker] [s2] onset t=89.015 env=0.00106 gate=0.00001 envDelta=0.00105 envFloor=0.00101 onset=1.046 thresh=0.009 onsetDelta=1.03706 baseline=0.00067 adaptive=0.00168 lastPeak=0.00000 guard=0.060 activeAge=-1.000 pitch=-1.00Hz pitchCents=0.0
2025-12-14 07:55:23 [tracker] [s1] aubio-raw t=89.0951 onset=0.749456 env=0.000585 peak=0.001807 gain=1.000
2025-12-14 07:55:23 [tracker] [s1] onset-below-env-floor t=89.0951 env=0.000585 gate=0.000022 envDelta=0.000563 envFloor=0.000611 onset=0.749456 thresh=0.006000 onsetDelta=0.743456 baseline=0.000408 floor=0.000180 adapt=0.001019 lastPeak=0.000000 baseParam=0.000180 gateRatio=0.0550 envParam=0.000450 onsetScale=0.300 retriggerScale=1.400 guard=0.060 guardRemain=0.000 activeAge=-1.000 retrigRemain=0.000 pitchHz=-1.00 pitchCents=0.0
2025-12-14 07:55:23 [tracker] [s2] onset t=89.103 env=0.00135 gate=0.00001 envDelta=0.00134 envFloor=0.00098 onset=0.982 thresh=0.009 onsetDelta=0.97304 baseline=0.00065 adaptive=0.00163 lastPeak=0.00000 guard=0.060 activeAge=-1.000 pitch=888.74Hz pitchCents=3617.1
2025-12-14 07:55:23 [tracker] [s3] onset t=89.151 env=0.00120 gate=0.00008 envDelta=0.00112 envFloor=0.00094 onset=0.880 thresh=0.012 onsetDelta=0.86852 baseline=0.00063 adaptive=0.00157 lastPeak=0.00000 guard=0.060 activeAge=-1.000 pitch=-1.00Hz pitchCents=0.0
2025-12-14 07:55:23 [tracker] [s5] onset t=89.194 env=0.00160 gate=0.00015 envDelta=0.00145 envFloor=0.00108 onset=1.300 thresh=0.016 onsetDelta=1.28419 baseline=0.00072 adaptive=0.00180 lastPeak=0.00000 guard=0.060 activeAge=-1.000 pitch=-1.00Hz pitchCents=0.0
2025-12-14 07:55:23 [tracker] [s3] onset t=89.309 env=0.00135 gate=0.00008 envDelta=0.00127 envFloor=0.00096 onset=1.138 thresh=0.012 onsetDelta=1.12608 baseline=0.00064 adaptive=0.00159 lastPeak=0.00000 guard=0.060 activeAge=-1.000 pitch=-1.00Hz pitchCents=0.0
2025-12-14 07:55:23 [tracker] [s4] onset t=89.309 env=0.00125 gate=0.00011 envDelta=0.00114 envFloor=0.00098 onset=1.042 thresh=0.014 onsetDelta=1.02834 baseline=0.00066 adaptive=0.00164 lastPeak=0.00000 guard=0.060 activeAge=-1.000 pitch=-1.00Hz pitchCents=0.0
2025-12-14 07:55:23 [tracker] [s5] onset t=89.346 env=0.00152 gate=0.00015 envDelta=0.00137 envFloor=0.00109 onset=1.351 thresh=0.016 onsetDelta=1.33486 baseline=0.00073 adaptive=0.00182 lastPeak=0.00000 guard=0.060 activeAge=-1.000 pitch=-1.00Hz pitchCents=0.0
2025-12-14 07:55:23 [tracker] [s2] onset t=89.375 env=0.00145 gate=0.00001 envDelta=0.00144 envFloor=0.00098 onset=0.934 thresh=0.009 onsetDelta=0.92468 baseline=0.00066 adaptive=0.00164 lastPeak=0.00000 guard=0.060 activeAge=-1.000 pitch=-1.00Hz pitchCents=0.0
2025-12-14 07:55:23 [tracker] [s4] onset t=89.405 env=0.00144 gate=0.00011 envDelta=0.00133 envFloor=0.00096 onset=0.603 thresh=0.014 onsetDelta=0.58923 baseline=0.00064 adaptive=0.00159 lastPeak=0.00000 guard=0.060 activeAge=-1.000 pitch=-1.00Hz pitchCents=0.0
2025-12-14 07:55:23 [tracker] [s1] aubio-raw t=89.4769 onset=1.234031 env=0.000849 peak=0.002536 gain=1.000
2025-12-14 07:55:23 [tracker] [s1] onset-accepted t=89.4769 env=0.000849 gate=0.000025 envDelta=0.000824 envFloor=0.000677 onset=1.234031 thresh=0.006000 onsetDelta=1.228031 baseline=0.000451 floor=0.000180 adapt=0.001128 lastPeak=0.000000 baseParam=0.000180 gateRatio=0.0550 envParam=0.000450 onsetScale=0.300 retriggerScale=1.400 guard=0.060 guardRemain=0.000 activeAge=-1.000 retrigRemain=0.000 pitchHz=-1.00 pitchCents=0.0
2025-12-14 07:55:23 [tracker] [s1] onset t=89.477 env=0.00085 gate=0.00002 envDelta=0.00082 envFloor=0.00068 onset=1.234 thresh=0.006 onsetDelta=1.22803 baseline=0.00045 adaptive=0.00113 lastPeak=0.00000 guard=0.060 activeAge=-1.000 pitch=-1.00Hz pitchCents=0.0
2025-12-14 07:55:23 [tracker] [s4] onset t=89.546 env=0.00132 gate=0.00011 envDelta=0.00121 envFloor=0.00099 onset=0.786 thresh=0.014 onsetDelta=0.77246 baseline=0.00066 adaptive=0.00165 lastPeak=0.00000 guard=0.060 activeAge=-1.000 pitch=-1.00Hz pitchCents=0.0
2025-12-14 07:55:23 [tracker] [s1] aubio-raw t=89.6051 onset=0.986722 env=0.000857 peak=0.002126 gain=1.000
2025-12-14 07:55:23 [tracker] [s1] onset-accepted t=89.6051 env=0.000857 gate=0.000024 envDelta=0.000833 envFloor=0.000651 onset=0.986722 thresh=0.006000 onsetDelta=0.980722 baseline=0.000434 floor=0.000180 adapt=0.001086 lastPeak=0.000000 baseParam=0.000180 gateRatio=0.0550 envParam=0.000450 onsetScale=0.300 retriggerScale=1.400 guard=0.060 guardRemain=0.000 activeAge=-1.000 retrigRemain=0.000 pitchHz=-1.00 pitchCents=0.0
2025-12-14 07:55:23 [tracker] [s1] onset t=89.605 env=0.00086 gate=0.00002 envDelta=0.00083 envFloor=0.00065 onset=0.987 thresh=0.006 onsetDelta=0.98072 baseline=0.00043 adaptive=0.00109 lastPeak=0.00000 guard=0.060 activeAge=-1.000 pitch=-1.00Hz pitchCents=0.0
2025-12-14 07:55:23 [tracker] [s1] aubio-raw t=89.7066 onset=0.501932 env=0.000590 peak=0.001420 gain=1.000
2025-12-14 07:55:23 [tracker] [s1] onset-below-env-floor t=89.7066 env=0.000590 gate=0.000026 envDelta=0.000564 envFloor=0.000700 onset=0.501932 thresh=0.006000 onsetDelta=0.495932 baseline=0.000467 floor=0.000180 adapt=0.001167 lastPeak=0.000000 baseParam=0.000180 gateRatio=0.0550 envParam=0.000450 onsetScale=0.300 retriggerScale=1.400 guard=0.060 guardRemain=0.000 activeAge=-1.000 retrigRemain=0.000 pitchHz=-1.00 pitchCents=0.0
2025-12-14 07:55:23 [tracker] [s1] aubio-raw t=89.8534 onset=0.796492 env=0.001012 peak=0.002381 gain=1.000
2025-12-14 07:55:23 [tracker] [s1] onset-accepted t=89.8534 env=0.001012 gate=0.000023 envDelta=0.000989 envFloor=0.000627 onset=0.796492 thresh=0.006000 onsetDelta=0.790492 baseline=0.000418 floor=0.000180 adapt=0.001046 lastPeak=0.000000 baseParam=0.000180 gateRatio=0.0550 envParam=0.000450 onsetScale=0.300 retriggerScale=1.400 guard=0.060 guardRemain=0.000 activeAge=-1.000 retrigRemain=0.000 pitchHz=216.24 pitchCents=1670.1
2025-12-14 07:55:23 [tracker] [s1] onset t=89.853 env=0.00101 gate=0.00002 envDelta=0.00099 envFloor=0.00063 onset=0.796 thresh=0.006 onsetDelta=0.79049 baseline=0.00042 adaptive=0.00105 lastPeak=0.00000 guard=0.060 activeAge=-1.000 pitch=216.24Hz pitchCents=1670.1
2025-12-14 07:55:23 [tracker] [s6] onset t=89.867 env=0.00208 gate=0.00020 envDelta=0.00187 envFloor=0.00122 onset=1.213 thresh=0.018 onsetDelta=1.19493 baseline=0.00081 adaptive=0.00204 lastPeak=0.00000 guard=0.060 activeAge=-1.000 pitch=-1.00Hz pitchCents=0.0
2025-12-14 07:55:23 [tracker] [s2] onset t=89.891 env=0.00096 gate=0.00001 envDelta=0.00095 envFloor=0.00095 onset=0.970 thresh=0.009 onsetDelta=0.96134 baseline=0.00064 adaptive=0.00159 lastPeak=0.00000 guard=0.060 activeAge=-1.000 pitch=156.86Hz pitchCents=614.3
2025-12-14 07:55:24 [tracker] [s6] onset t=89.958 env=0.00218 gate=0.00022 envDelta=0.00196 envFloor=0.00131 onset=0.787 thresh=0.018 onsetDelta=0.76897 baseline=0.00087 adaptive=0.00219 lastPeak=0.00000 guard=0.060 activeAge=-1.000 pitch=-1.00Hz pitchCents=0.0
2025-12-14 07:55:24 [tracker] [s1] aubio-raw t=90.1285 onset=0.572543 env=0.000926 peak=0.002329 gain=1.000
2025-12-14 07:55:24 [tracker] [s1] onset-accepted t=90.1285 env=0.000926 gate=0.000022 envDelta=0.000904 envFloor=0.000597 onset=0.572543 thresh=0.006000 onsetDelta=0.566543 baseline=0.000398 floor=0.000180 adapt=0.000994 lastPeak=0.000000 baseParam=0.000180 gateRatio=0.0550 envParam=0.000450 onsetScale=0.300 retriggerScale=1.400 guard=0.060 guardRemain=0.000 activeAge=-1.000 retrigRemain=0.000 pitchHz=98.77 pitchCents=313.6
2025-12-14 07:55:24 [tracker] [s1] onset t=90.128 env=0.00093 gate=0.00002 envDelta=0.00090 envFloor=0.00060 onset=0.573 thresh=0.006 onsetDelta=0.56654 baseline=0.00040 adaptive=0.00099 lastPeak=0.00000 guard=0.060 activeAge=-1.000 pitch=98.77Hz pitchCents=313.6
2025-12-14 07:55:24 [tracker] [s2] onset t=90.139 env=0.00122 gate=0.00001 envDelta=0.00121 envFloor=0.00103 onset=1.174 thresh=0.009 onsetDelta=1.16545 baseline=0.00069 adaptive=0.00172 lastPeak=0.00000 guard=0.060 activeAge=-1.000 pitch=195.13Hz pitchCents=992.4
2025-12-14 07:55:24 [tracker] [s5] onset t=90.155 env=0.00124 gate=0.00014 envDelta=0.00110 envFloor=0.00103 onset=1.026 thresh=0.016 onsetDelta=1.00983 baseline=0.00069 adaptive=0.00172 lastPeak=0.00000 guard=0.060 activeAge=-1.000 pitch=-1.00Hz pitchCents=0.0
2025-12-14 07:55:24 [tracker] [s5] onset t=90.281 env=0.00186 gate=0.00015 envDelta=0.00171 envFloor=0.00107 onset=0.919 thresh=0.016 onsetDelta=0.90252 baseline=0.00071 adaptive=0.00178 lastPeak=0.00000 guard=0.060 activeAge=-1.000 pitch=-1.00Hz pitchCents=0.0
2025-12-14 07:55:24 [tracker] [s2] onset t=90.473 env=0.00111 gate=0.00001 envDelta=0.00111 envFloor=0.00100 onset=0.868 thresh=0.009 onsetDelta=0.85897 baseline=0.00066 adaptive=0.00166 lastPeak=0.00000 guard=0.060 activeAge=-1.000 pitch=-1.00Hz pitchCents=0.0
2025-12-14 07:55:24 [tracker] [s6] onset t=90.492 env=0.00187 gate=0.00020 envDelta=0.00167 envFloor=0.00123 onset=0.998 thresh=0.018 onsetDelta=0.98000 baseline=0.00082 adaptive=0.00205 lastPeak=0.00000 guard=0.060 activeAge=-1.000 pitch=-1.00Hz pitchCents=0.0
2025-12-14 07:55:24 [tracker] [s1] aubio-raw t=90.5290 onset=0.995284 env=0.000958 peak=0.002776 gain=1.000
2025-12-14 07:55:24 [tracker] [s1] onset-accepted t=90.5290 env=0.000958 gate=0.000025 envDelta=0.000933 envFloor=0.000668 onset=0.995284 thresh=0.006000 onsetDelta=0.989284 baseline=0.000445 floor=0.000180 adapt=0.001114 lastPeak=0.000000 baseParam=0.000180 gateRatio=0.0550 envParam=0.000450 onsetScale=0.300 retriggerScale=1.400 guard=0.060 guardRemain=0.000 activeAge=-1.000 retrigRemain=0.000 pitchHz=-1.00 pitchCents=0.0
2025-12-14 07:55:24 [tracker] [s1] onset t=90.529 env=0.00096 gate=0.00002 envDelta=0.00093 envFloor=0.00067 onset=0.995 thresh=0.006 onsetDelta=0.98928 baseline=0.00045 adaptive=0.00111 lastPeak=0.00000 guard=0.060 activeAge=-1.000 pitch=-1.00Hz pitchCents=0.0
2025-12-14 07:55:24 [tracker] [s5] onset t=90.561 env=0.00183 gate=0.00016 envDelta=0.00167 envFloor=0.00111 onset=0.922 thresh=0.016 onsetDelta=0.90579 baseline=0.00074 adaptive=0.00186 lastPeak=0.00000 guard=0.060 activeAge=-1.000 pitch=-1.00Hz pitchCents=0.0
2025-12-14 07:55:24 [tracker] [s4] onset t=90.692 env=0.00125 gate=0.00011 envDelta=0.00113 envFloor=0.00097 onset=0.969 thresh=0.014 onsetDelta=0.95466 baseline=0.00065 adaptive=0.00162 lastPeak=0.00000 guard=0.060 activeAge=-1.000 pitch=-1.00Hz pitchCents=0.0
2025-12-14 07:55:24 [tracker] [s3] onset t=90.700 env=0.00175 gate=0.00008 envDelta=0.00167 envFloor=0.00095 onset=1.343 thresh=0.012 onsetDelta=1.33098 baseline=0.00064 adaptive=0.00159 lastPeak=0.00000 guard=0.060 activeAge=-1.000 pitch=-1.00Hz pitchCents=0.0
2025-12-14 07:55:24 [tracker] [s1] aubio-raw t=90.7213 onset=0.559119 env=0.001135 peak=0.002765 gain=1.000
2025-12-14 07:55:24 [tracker] [s1] onset-accepted t=90.7213 env=0.001135 gate=0.000024 envDelta=0.001112 envFloor=0.000649 onset=0.559119 thresh=0.006000 onsetDelta=0.553119 baseline=0.000432 floor=0.000180 adapt=0.001081 lastPeak=0.000000 baseParam=0.000180 gateRatio=0.0550 envParam=0.000450 onsetScale=0.300 retriggerScale=1.400 guard=0.060 guardRemain=0.000 activeAge=-1.000 retrigRemain=0.000 pitchHz=97.56 pitchCents=292.2
2025-12-14 07:55:24 [tracker] [s1] onset t=90.721 env=0.00114 gate=0.00002 envDelta=0.00111 envFloor=0.00065 onset=0.559 thresh=0.006 onsetDelta=0.55312 baseline=0.00043 adaptive=0.00108 lastPeak=0.00000 guard=0.060 activeAge=-1.000 pitch=97.56Hz pitchCents=292.2
2025-12-14 07:55:24 [tracker] [s1] note-start t=90.721 fret=3 midi=43 vel=0.01 env=0.00114
2025-12-14 07:55:24 [tracker] [s3] onset t=90.839 env=0.00135 gate=0.00008 envDelta=0.00127 envFloor=0.00094 onset=0.994 thresh=0.012 onsetDelta=0.98253 baseline=0.00063 adaptive=0.00157 lastPeak=0.00000 guard=0.060 activeAge=-1.000 pitch=-1.00Hz pitchCents=0.0
2025-12-14 07:55:24 [tracker] [s4] onset t=90.919 env=0.00157 gate=0.00012 envDelta=0.00145 envFloor=0.00102 onset=1.058 thresh=0.014 onsetDelta=1.04424 baseline=0.00068 adaptive=0.00169 lastPeak=0.00000 guard=0.060 activeAge=-1.000 pitch=-1.00Hz pitchCents=0.0
2025-12-14 07:55:24 [tracker] [s6] onset t=90.922 env=0.00170 gate=0.00020 envDelta=0.00150 envFloor=0.00122 onset=0.998 thresh=0.018 onsetDelta=0.97956 baseline=0.00081 adaptive=0.00203 lastPeak=0.00000 guard=0.060 activeAge=-1.000 pitch=-1.00Hz pitchCents=0.0
2025-12-14 07:55:25 [tracker] [s5] onset t=91.023 env=0.00174 gate=0.00014 envDelta=0.00159 envFloor=0.00103 onset=1.360 thresh=0.016 onsetDelta=1.34447 baseline=0.00069 adaptive=0.00172 lastPeak=0.00000 guard=0.060 activeAge=-1.000 pitch=-1.00Hz pitchCents=0.0
2025-12-14 07:55:25 [tracker] [s5] onset t=91.079 env=0.00180 gate=0.00015 envDelta=0.00165 envFloor=0.00106 onset=0.748 thresh=0.016 onsetDelta=0.73250 baseline=0.00070 adaptive=0.00176 lastPeak=0.00000 guard=0.060 activeAge=-1.000 pitch=-1.00Hz pitchCents=0.0
2025-12-14 07:55:25 [tracker] [s4] onset t=91.138 env=0.00131 gate=0.00011 envDelta=0.00120 envFloor=0.00101 onset=0.918 thresh=0.014 onsetDelta=0.90434 baseline=0.00067 adaptive=0.00169 lastPeak=0.00000 guard=0.060 activeAge=-1.000 pitch=-1.00Hz pitchCents=0.0
2025-12-14 07:55:25 [tracker] [s6] onset t=91.143 env=0.00204 gate=0.00021 envDelta=0.00183 envFloor=0.00128 onset=1.042 thresh=0.018 onsetDelta=1.02362 baseline=0.00085 adaptive=0.00213 lastPeak=0.00000 guard=0.060 activeAge=-1.000 pitch=-1.00Hz pitchCents=0.0
2025-12-14 07:55:25 [tracker] [s5] onset t=91.186 env=0.00192 gate=0.00015 envDelta=0.00177 envFloor=0.00110 onset=0.738 thresh=0.016 onsetDelta=0.72194 baseline=0.00073 adaptive=0.00183 lastPeak=0.00000 guard=0.060 activeAge=-1.000 pitch=-1.00Hz pitchCents=0.0
2025-12-14 07:55:25 [tracker] [s4] onset t=91.445 env=0.00123 gate=0.00011 envDelta=0.00112 envFloor=0.00098 onset=0.997 thresh=0.014 onsetDelta=0.98272 baseline=0.00066 adaptive=0.00164 lastPeak=0.00000 guard=0.060 activeAge=-1.000 pitch=-1.00Hz pitchCents=0.0
2025-12-14 07:55:25 [tracker] [s5] onset t=91.498 env=0.00164 gate=0.00016 envDelta=0.00148 envFloor=0.00112 onset=0.569 thresh=0.016 onsetDelta=0.55293 baseline=0.00075 adaptive=0.00187 lastPeak=0.00000 guard=0.060 activeAge=-1.000 pitch=-1.00Hz pitchCents=0.0
2025-12-14 07:55:25 [tracker] [s3] onset t=91.797 env=0.00121 gate=0.00008 envDelta=0.00113 envFloor=0.00090 onset=0.997 thresh=0.012 onsetDelta=0.98509 baseline=0.00060 adaptive=0.00149 lastPeak=0.00000 guard=0.060 activeAge=-1.000 pitch=-1.00Hz pitchCents=0.0
2025-12-14 07:55:25 [tracker] [s1] aubio-raw t=91.8161 onset=0.805652 env=0.000729 peak=0.001779 gain=1.000
2025-12-14 07:55:25 [tracker] [s1] onset-accepted t=91.8161 env=0.000729 gate=0.000023 envDelta=0.000706 envFloor=0.000632 onset=0.805652 thresh=0.006000 onsetDelta=0.799653 baseline=0.000422 floor=0.000180 adapt=0.001054 lastPeak=0.000145 baseParam=0.000180 gateRatio=0.0550 envParam=0.000450 onsetScale=0.300 retriggerScale=1.400 guard=0.060 guardRemain=0.000 activeAge=1.095 retrigRemain=0.000 pitchHz=-1.00 pitchCents=0.0
2025-12-14 07:55:25 [tracker] [s1] onset t=91.816 env=0.00073 gate=0.00002 envDelta=0.00071 envFloor=0.00063 onset=0.806 thresh=0.006 onsetDelta=0.79965 baseline=0.00042 adaptive=0.00105 lastPeak=0.00015 guard=0.060 activeAge=1.095 pitch=-1.00Hz pitchCents=0.0
2025-12-14 07:55:25 [tracker] [s1] note-ended (new onset) t=91.816 fret=3 dur=1.095
2025-12-14 07:55:25 [tracker] [s2] onset t=91.832 env=0.00123 gate=0.00001 envDelta=0.00122 envFloor=0.00100 onset=0.854 thresh=0.009 onsetDelta=0.84487 baseline=0.00067 adaptive=0.00167 lastPeak=0.00000 guard=0.060 activeAge=-1.000 pitch=-1.00Hz pitchCents=0.0
2025-12-14 07:55:25 [tracker] [s2] onset t=91.928 env=0.00159 gate=0.00001 envDelta=0.00158 envFloor=0.00104 onset=0.975 thresh=0.009 onsetDelta=0.96620 baseline=0.00069 adaptive=0.00174 lastPeak=0.00000 guard=0.060 activeAge=-1.000 pitch=-1.00Hz pitchCents=0.0
2025-12-14 07:55:26 [tracker] [s2] onset t=91.987 env=0.00178 gate=0.00001 envDelta=0.00177 envFloor=0.00097 onset=1.174 thresh=0.009 onsetDelta=1.16524 baseline=0.00065 adaptive=0.00162 lastPeak=0.00000 guard=0.060 activeAge=-1.000 pitch=115.94Hz pitchCents=91.1
2025-12-14 07:55:26 [tracker] [s6] onset t=92.038 env=0.00165 gate=0.00021 envDelta=0.00145 envFloor=0.00124 onset=1.458 thresh=0.018 onsetDelta=1.44012 baseline=0.00082 adaptive=0.00206 lastPeak=0.00000 guard=0.060 activeAge=-1.000 pitch=-1.00Hz pitchCents=0.0
2025-12-14 07:55:26 [tracker] [s4] onset t=92.134 env=0.00138 gate=0.00011 envDelta=0.00127 envFloor=0.00096 onset=0.997 thresh=0.014 onsetDelta=0.98342 baseline=0.00064 adaptive=0.00160 lastPeak=0.00000 guard=0.060 activeAge=-1.000 pitch=-1.00Hz pitchCents=0.0
2025-12-14 07:55:26 [tracker] [s2] onset t=92.158 env=0.00109 gate=0.00001 envDelta=0.00109 envFloor=0.00093 onset=1.041 thresh=0.009 onsetDelta=1.03214 baseline=0.00062 adaptive=0.00155 lastPeak=0.00000 guard=0.060 activeAge=-1.000 pitch=-1.00Hz pitchCents=0.0
2025-12-14 07:55:26 [tracker] [s6] onset t=92.209 env=0.00216 gate=0.00021 envDelta=0.00195 envFloor=0.00126 onset=0.997 thresh=0.018 onsetDelta=0.97894 baseline=0.00084 adaptive=0.00210 lastPeak=0.00000 guard=0.060 activeAge=-1.000 pitch=-1.00Hz pitchCents=0.0
2025-12-14 07:55:26 [tracker] [s1] aubio-raw t=92.2514 onset=1.145610 env=0.000803 peak=0.002297 gain=1.000
2025-12-14 07:55:26 [tracker] [s1] onset-accepted t=92.2514 env=0.000803 gate=0.000024 envDelta=0.000778 envFloor=0.000658 onset=1.145610 thresh=0.006000 onsetDelta=1.139610 baseline=0.000439 floor=0.000180 adapt=0.001096 lastPeak=0.000064 baseParam=0.000180 gateRatio=0.0550 envParam=0.000450 onsetScale=0.300 retriggerScale=1.400 guard=0.060 guardRemain=0.000 activeAge=-1.000 retrigRemain=0.000 pitchHz=-1.00 pitchCents=0.0
2025-12-14 07:55:26 [tracker] [s1] onset t=92.251 env=0.00080 gate=0.00002 envDelta=0.00078 envFloor=0.00066 onset=1.146 thresh=0.006 onsetDelta=1.13961 baseline=0.00044 adaptive=0.00110 lastPeak=0.00006 guard=0.060 activeAge=-1.000 pitch=-1.00Hz pitchCents=0.0
2025-12-14 07:55:26 [tracker] [s1] aubio-raw t=92.3608 onset=0.938439 env=0.001219 peak=0.002667 gain=1.000
2025-12-14 07:55:26 [tracker] [s1] onset-accepted t=92.3608 env=0.001219 gate=0.000023 envDelta=0.001196 envFloor=0.000638 onset=0.938439 thresh=0.006000 onsetDelta=0.932439 baseline=0.000425 floor=0.000180 adapt=0.001063 lastPeak=0.000052 baseParam=0.000180 gateRatio=0.0550 envParam=0.000450 onsetScale=0.300 retriggerScale=1.400 guard=0.060 guardRemain=0.000 activeAge=-1.000 retrigRemain=0.000 pitchHz=-1.00 pitchCents=0.0
2025-12-14 07:55:26 [tracker] [s1] onset t=92.361 env=0.00122 gate=0.00002 envDelta=0.00120 envFloor=0.00064 onset=0.938 thresh=0.006 onsetDelta=0.93244 baseline=0.00043 adaptive=0.00106 lastPeak=0.00005 guard=0.060 activeAge=-1.000 pitch=-1.00Hz pitchCents=0.0
2025-12-14 07:55:26 [tracker] [s2] onset t=92.542 env=0.00131 gate=0.00001 envDelta=0.00130 envFloor=0.00094 onset=0.998 thresh=0.009 onsetDelta=0.98912 baseline=0.00063 adaptive=0.00157 lastPeak=0.00000 guard=0.060 activeAge=-1.000 pitch=-1.00Hz pitchCents=0.0
2025-12-14 07:55:26 [tracker] [s1] aubio-raw t=92.5504 onset=0.998986 env=0.000672 peak=0.002014 gain=1.000
2025-12-14 07:55:26 [tracker] [s1] onset-accepted t=92.5504 env=0.000672 gate=0.000022 envDelta=0.000650 envFloor=0.000594 onset=0.998986 thresh=0.006000 onsetDelta=0.992986 baseline=0.000396 floor=0.000180 adapt=0.000989 lastPeak=0.000037 baseParam=0.000180 gateRatio=0.0550 envParam=0.000450 onsetScale=0.300 retriggerScale=1.400 guard=0.060 guardRemain=0.000 activeAge=-1.000 retrigRemain=0.000 pitchHz=102.56 pitchCents=378.8
2025-12-14 07:55:26 [tracker] [s1] onset t=92.550 env=0.00067 gate=0.00002 envDelta=0.00065 envFloor=0.00059 onset=0.999 thresh=0.006 onsetDelta=0.99299 baseline=0.00040 adaptive=0.00099 lastPeak=0.00004 guard=0.060 activeAge=-1.000 pitch=102.56Hz pitchCents=378.8
2025-12-14 07:55:26 [tracker] [s5] onset t=92.764 env=0.00165 gate=0.00015 envDelta=0.00150 envFloor=0.00107 onset=1.118 thresh=0.016 onsetDelta=1.10241 baseline=0.00071 adaptive=0.00179 lastPeak=0.00000 guard=0.060 activeAge=-1.000 pitch=-1.00Hz pitchCents=0.0
2025-12-14 07:55:26 [tracker] [s4] onset t=92.769 env=0.00151 gate=0.00011 envDelta=0.00140 envFloor=0.00097 onset=0.717 thresh=0.014 onsetDelta=0.70252 baseline=0.00064 adaptive=0.00161 lastPeak=0.00000 guard=0.060 activeAge=-1.000 pitch=-1.00Hz pitchCents=0.0
2025-12-14 07:55:26 [tracker] [s3] onset t=92.868 env=0.00135 gate=0.00008 envDelta=0.00127 envFloor=0.00090 onset=0.887 thresh=0.012 onsetDelta=0.87542 baseline=0.00060 adaptive=0.00150 lastPeak=0.00000 guard=0.060 activeAge=-1.000 pitch=-1.00Hz pitchCents=0.0
2025-12-14 07:55:26 [tracker] [s2] onset t=92.879 env=0.00178 gate=0.00001 envDelta=0.00178 envFloor=0.00107 onset=1.001 thresh=0.009 onsetDelta=0.99234 baseline=0.00071 adaptive=0.00179 lastPeak=0.00000 guard=0.060 activeAge=-1.000 pitch=319.99Hz pitchCents=1848.6
2025-12-14 07:55:27 [tracker] [s2] onset t=93.034 env=0.00158 gate=0.00001 envDelta=0.00157 envFloor=0.00105 onset=0.994 thresh=0.009 onsetDelta=0.98513 baseline=0.00070 adaptive=0.00175 lastPeak=0.00000 guard=0.060 activeAge=-1.000 pitch=-1.00Hz pitchCents=0.0
2025-12-14 07:55:27 [tracker] [s6] onset t=93.039 env=0.00201 gate=0.00022 envDelta=0.00179 envFloor=0.00130 onset=1.440 thresh=0.018 onsetDelta=1.42206 baseline=0.00087 adaptive=0.00217 lastPeak=0.00000 guard=0.060 activeAge=-1.000 pitch=-1.00Hz pitchCents=0.0
2025-12-14 07:55:27 [tracker] [s1] aubio-raw t=93.0604 onset=0.997941 env=0.000760 peak=0.002022 gain=1.000
2025-12-14 07:55:27 [tracker] [s1] onset-accepted t=93.0604 env=0.000760 gate=0.000024 envDelta=0.000737 envFloor=0.000642 onset=0.997941 thresh=0.006000 onsetDelta=0.991941 baseline=0.000428 floor=0.000180 adapt=0.001069 lastPeak=0.000014 baseParam=0.000180 gateRatio=0.0550 envParam=0.000450 onsetScale=0.300 retriggerScale=1.400 guard=0.060 guardRemain=0.000 activeAge=-1.000 retrigRemain=0.000 pitchHz=-1.00 pitchCents=0.0
2025-12-14 07:55:27 [tracker] [s1] onset t=93.060 env=0.00076 gate=0.00002 envDelta=0.00074 envFloor=0.00064 onset=0.998 thresh=0.006 onsetDelta=0.99194 baseline=0.00043 adaptive=0.00107 lastPeak=0.00001 guard=0.060 activeAge=-1.000 pitch=-1.00Hz pitchCents=0.0
2025-12-14 07:55:27 [tracker] [s4] onset t=93.095 env=0.00169 gate=0.00011 envDelta=0.00157 envFloor=0.00099 onset=0.778 thresh=0.014 onsetDelta=0.76414 baseline=0.00066 adaptive=0.00166 lastPeak=0.00000 guard=0.060 activeAge=-1.000 pitch=-1.00Hz pitchCents=0.0
2025-12-14 07:55:27 [tracker] [s2] onset t=93.130 env=0.00193 gate=0.00001 envDelta=0.00193 envFloor=0.00105 onset=0.962 thresh=0.009 onsetDelta=0.95294 baseline=0.00070 adaptive=0.00175 lastPeak=0.00000 guard=0.060 activeAge=-1.000 pitch=-1.00Hz pitchCents=0.0
2025-12-14 07:55:27 [tracker] [s5] onset t=93.143 env=0.00158 gate=0.00015 envDelta=0.00143 envFloor=0.00109 onset=0.987 thresh=0.016 onsetDelta=0.97103 baseline=0.00073 adaptive=0.00182 lastPeak=0.00000 guard=0.060 activeAge=-1.000 pitch=-1.00Hz pitchCents=0.0
2025-12-14 07:55:27 [tracker] [s1] aubio-raw t=93.2287 onset=1.048956 env=0.001022 peak=0.002368 gain=1.000
2025-12-14 07:55:27 [tracker] [s1] onset-accepted t=93.2287 env=0.001022 gate=0.000024 envDelta=0.000998 envFloor=0.000653 onset=1.048956 thresh=0.006000 onsetDelta=1.042956 baseline=0.000435 floor=0.000180 adapt=0.001088 lastPeak=0.000010 baseParam=0.000180 gateRatio=0.0550 envParam=0.000450 onsetScale=0.300 retriggerScale=1.400 guard=0.060 guardRemain=0.000 activeAge=-1.000 retrigRemain=0.000 pitchHz=-1.00 pitchCents=0.0
2025-12-14 07:55:27 [tracker] [s1] onset t=93.229 env=0.00102 gate=0.00002 envDelta=0.00100 envFloor=0.00065 onset=1.049 thresh=0.006 onsetDelta=1.04296 baseline=0.00044 adaptive=0.00109 lastPeak=0.00001 guard=0.060 activeAge=-1.000 pitch=-1.00Hz pitchCents=0.0
2025-12-14 07:55:27 [tracker] [s4] onset t=93.237 env=0.00165 gate=0.00011 envDelta=0.00153 envFloor=0.00100 onset=1.239 thresh=0.014 onsetDelta=1.22519 baseline=0.00067 adaptive=0.00167 lastPeak=0.00000 guard=0.060 activeAge=-1.000 pitch=-1.00Hz pitchCents=0.0
2025-12-14 07:55:27 [tracker] [s2] onset t=93.253 env=0.00137 gate=0.00001 envDelta=0.00136 envFloor=0.00100 onset=0.986 thresh=0.009 onsetDelta=0.97674 baseline=0.00067 adaptive=0.00167 lastPeak=0.00000 guard=0.060 activeAge=-1.000 pitch=-1.00Hz pitchCents=0.0
2025-12-14 07:55:27 [tracker] [s2] onset t=93.317 env=0.00119 gate=0.00001 envDelta=0.00119 envFloor=0.00086 onset=0.931 thresh=0.009 onsetDelta=0.92214 baseline=0.00057 adaptive=0.00144 lastPeak=0.00000 guard=0.060 activeAge=-1.000 pitch=380.96Hz pitchCents=2150.5
2025-12-14 07:55:27 [tracker] [s5] onset t=93.416 env=0.00181 gate=0.00016 envDelta=0.00165 envFloor=0.00114 onset=0.988 thresh=0.016 onsetDelta=0.97189 baseline=0.00076 adaptive=0.00190 lastPeak=0.00000 guard=0.060 activeAge=-1.000 pitch=-1.00Hz pitchCents=0.0
2025-12-14 07:55:27 [tracker] [s1] aubio-raw t=93.4930 onset=0.765960 env=0.000925 peak=0.002338 gain=1.000
2025-12-14 07:55:27 [tracker] [s1] onset-accepted t=93.4930 env=0.000925 gate=0.000024 envDelta=0.000902 envFloor=0.000648 onset=0.765960 thresh=0.006000 onsetDelta=0.759960 baseline=0.000432 floor=0.000180 adapt=0.001080 lastPeak=0.000006 baseParam=0.000180 gateRatio=0.0550 envParam=0.000450 onsetScale=0.300 retriggerScale=1.400 guard=0.060 guardRemain=0.000 activeAge=-1.000 retrigRemain=0.000 pitchHz=-1.00 pitchCents=0.0
2025-12-14 07:55:27 [tracker] [s1] onset t=93.493 env=0.00093 gate=0.00002 envDelta=0.00090 envFloor=0.00065 onset=0.766 thresh=0.006 onsetDelta=0.75996 baseline=0.00043 adaptive=0.00108 lastPeak=0.00001 guard=0.060 activeAge=-1.000 pitch=-1.00Hz pitchCents=0.0
2025-12-14 07:55:27 [tracker] [s2] onset t=93.562 env=0.00176 gate=0.00001 envDelta=0.00175 envFloor=0.00095 onset=1.002 thresh=0.009 onsetDelta=0.99332 baseline=0.00064 adaptive=0.00159 lastPeak=0.00000 guard=0.060 activeAge=-1.000 pitch=-1.00Hz pitchCents=0.0
2025-12-14 07:55:27 [tracker] [s5] onset t=93.573 env=0.00161 gate=0.00015 envDelta=0.00146 envFloor=0.00104 onset=1.119 thresh=0.016 onsetDelta=1.10339 baseline=0.00069 adaptive=0.00173 lastPeak=0.00000 guard=0.060 activeAge=-1.000 pitch=-1.00Hz pitchCents=0.0
2025-12-14 07:55:27 [tracker] [s3] onset t=93.576 env=0.00124 gate=0.00008 envDelta=0.00115 envFloor=0.00095 onset=1.040 thresh=0.012 onsetDelta=1.02823 baseline=0.00063 adaptive=0.00158 lastPeak=0.00000 guard=0.060 activeAge=-1.000 pitch=-1.00Hz pitchCents=0.0
2025-12-14 07:55:27 [tracker] [s1] aubio-raw t=93.6319 onset=0.880595 env=0.001045 peak=0.002107 gain=1.000
2025-12-14 07:55:27 [tracker] [s1] onset-accepted t=93.6319 env=0.001045 gate=0.000027 envDelta=0.001018 envFloor=0.000723 onset=0.880595 thresh=0.006000 onsetDelta=0.874595 baseline=0.000482 floor=0.000180 adapt=0.001205 lastPeak=0.000005 baseParam=0.000180 gateRatio=0.0550 envParam=0.000450 onsetScale=0.300 retriggerScale=1.400 guard=0.060 guardRemain=0.000 activeAge=-1.000 retrigRemain=0.000 pitchHz=-1.00 pitchCents=0.0
2025-12-14 07:55:27 [tracker] [s1] onset t=93.632 env=0.00104 gate=0.00003 envDelta=0.00102 envFloor=0.00072 onset=0.881 thresh=0.006 onsetDelta=0.87459 baseline=0.00048 adaptive=0.00121 lastPeak=0.00000 guard=0.060 activeAge=-1.000 pitch=-1.00Hz pitchCents=0.0
2025-12-14 07:55:27 [tracker] [s4] onset t=93.672 env=0.00150 gate=0.00011 envDelta=0.00140 envFloor=0.00094 onset=1.289 thresh=0.014 onsetDelta=1.27537 baseline=0.00062 adaptive=0.00156 lastPeak=0.00000 guard=0.060 activeAge=-1.000 pitch=-1.00Hz pitchCents=0.0
2025-12-14 07:55:27 [tracker] [s5] onset t=93.675 env=0.00147 gate=0.00015 envDelta=0.00132 envFloor=0.00105 onset=0.952 thresh=0.016 onsetDelta=0.93630 baseline=0.00070 adaptive=0.00175 lastPeak=0.00000 guard=0.060 activeAge=-1.000 pitch=-1.00Hz pitchCents=0.0
2025-12-14 07:55:27 [tracker] [s2] onset t=93.680 env=0.00154 gate=0.00001 envDelta=0.00153 envFloor=0.00093 onset=1.427 thresh=0.009 onsetDelta=1.41775 baseline=0.00062 adaptive=0.00156 lastPeak=0.00000 guard=0.060 activeAge=-1.000 pitch=-1.00Hz pitchCents=0.0
2025-12-14 07:55:27 [tracker] [s5] onset t=93.803 env=0.00159 gate=0.00016 envDelta=0.00143 envFloor=0.00114 onset=1.142 thresh=0.016 onsetDelta=1.12604 baseline=0.00076 adaptive=0.00190 lastPeak=0.00000 guard=0.060 activeAge=-1.000 pitch=-1.00Hz pitchCents=0.0
2025-12-14 07:55:27 [tracker] [s6] onset t=93.907 env=0.00222 gate=0.00021 envDelta=0.00201 envFloor=0.00124 onset=0.852 thresh=0.018 onsetDelta=0.83421 baseline=0.00083 adaptive=0.00207 lastPeak=0.00000 guard=0.060 activeAge=-1.000 pitch=-1.00Hz pitchCents=0.0
2025-12-14 07:55:27 [tracker] [s2] onset t=93.931 env=0.00161 gate=0.00001 envDelta=0.00161 envFloor=0.00097 onset=1.159 thresh=0.009 onsetDelta=1.15027 baseline=0.00065 adaptive=0.00162 lastPeak=0.00000 guard=0.060 activeAge=-1.000 pitch=-1.00Hz pitchCents=0.0
2025-12-14 07:55:28 [tracker] [s4] onset t=94.206 env=0.00129 gate=0.00012 envDelta=0.00117 envFloor=0.00104 onset=0.997 thresh=0.014 onsetDelta=0.98332 baseline=0.00069 adaptive=0.00173 lastPeak=0.00000 guard=0.060 activeAge=-1.000 pitch=-1.00Hz pitchCents=0.0
2025-12-14 07:55:28 [tracker] [s5] onset t=94.206 env=0.00165 gate=0.00016 envDelta=0.00149 envFloor=0.00115 onset=1.347 thresh=0.016 onsetDelta=1.33089 baseline=0.00076 adaptive=0.00191 lastPeak=0.00000 guard=0.060 activeAge=-1.000 pitch=-1.00Hz pitchCents=0.0
2025-12-14 07:55:28 [tracker] [s1] aubio-raw t=94.2487 onset=0.998808 env=0.000593 peak=0.001603 gain=1.000
2025-12-14 07:55:28 [tracker] [s1] onset-below-env-floor t=94.2487 env=0.000593 gate=0.000024 envDelta=0.000570 envFloor=0.000654 onset=0.998808 thresh=0.006000 onsetDelta=0.992808 baseline=0.000436 floor=0.000180 adapt=0.001089 lastPeak=0.000002 baseParam=0.000180 gateRatio=0.0550 envParam=0.000450 onsetScale=0.300 retriggerScale=1.400 guard=0.060 guardRemain=0.000 activeAge=-1.000 retrigRemain=0.000 pitchHz=-1.00 pitchCents=0.0
2025-12-14 07:55:28 [tracker] [s5] onset t=94.299 env=0.00134 gate=0.00015 envDelta=0.00119 envFloor=0.00108 onset=0.994 thresh=0.016 onsetDelta=0.97768 baseline=0.00072 adaptive=0.00180 lastPeak=0.00000 guard=0.060 activeAge=-1.000 pitch=-1.00Hz pitchCents=0.0
2025-12-14 07:55:28 [tracker] [s4] onset t=94.382 env=0.00124 gate=0.00011 envDelta=0.00113 envFloor=0.00096 onset=0.998 thresh=0.014 onsetDelta=0.98396 baseline=0.00064 adaptive=0.00160 lastPeak=0.00000 guard=0.060 activeAge=-1.000 pitch=-1.00Hz pitchCents=0.0
2025-12-14 07:55:28 [tracker] [s3] onset t=94.470 env=0.00142 gate=0.00008 envDelta=0.00134 envFloor=0.00093 onset=0.939 thresh=0.012 onsetDelta=0.92695 baseline=0.00062 adaptive=0.00155 lastPeak=0.00000 guard=0.060 activeAge=-1.000 pitch=-1.00Hz pitchCents=0.0
2025-12-14 07:55:28 [tracker] [s1] aubio-raw t=94.6332 onset=1.212627 env=0.000877 peak=0.002263 gain=1.000
2025-12-14 07:55:28 [tracker] [s1] onset-accepted t=94.6332 env=0.000877 gate=0.000023 envDelta=0.000853 envFloor=0.000640 onset=1.212627 thresh=0.006000 onsetDelta=1.206627 baseline=0.000426 floor=0.000180 adapt=0.001066 lastPeak=0.000001 baseParam=0.000180 gateRatio=0.0550 envParam=0.000450 onsetScale=0.300 retriggerScale=1.400 guard=0.060 guardRemain=0.000 activeAge=-1.000 retrigRemain=0.000 pitchHz=-1.00 pitchCents=0.0
2025-12-14 07:55:28 [tracker] [s1] onset t=94.633 env=0.00088 gate=0.00002 envDelta=0.00085 envFloor=0.00064 onset=1.213 thresh=0.006 onsetDelta=1.20663 baseline=0.00043 adaptive=0.00107 lastPeak=0.00000 guard=0.060 activeAge=-1.000 pitch=-1.00Hz pitchCents=0.0
2025-12-14 07:55:28 [tracker] [s2] onset t=94.668 env=0.00157 gate=0.00001 envDelta=0.00157 envFloor=0.00109 onset=0.564 thresh=0.009 onsetDelta=0.55524 baseline=0.00073 adaptive=0.00182 lastPeak=0.00000 guard=0.060 activeAge=-1.000 pitch=112.68Hz pitchCents=41.6
2025-12-14 07:55:28 [tracker] [s3] onset t=94.697 env=0.00107 gate=0.00008 envDelta=0.00099 envFloor=0.00091 onset=1.109 thresh=0.012 onsetDelta=1.09753 baseline=0.00060 adaptive=0.00151 lastPeak=0.00000 guard=0.060 activeAge=-1.000 pitch=-1.00Hz pitchCents=0.0
2025-12-14 07:55:28 [tracker] [s6] onset t=94.785 env=0.00155 gate=0.00020 envDelta=0.00135 envFloor=0.00117 onset=1.228 thresh=0.018 onsetDelta=1.20997 baseline=0.00078 adaptive=0.00195 lastPeak=0.00000 guard=0.060 activeAge=-1.000 pitch=-1.00Hz pitchCents=0.0
2025-12-14 07:55:28 [tracker] [s5] onset t=94.820 env=0.00206 gate=0.00015 envDelta=0.00191 envFloor=0.00108 onset=1.000 thresh=0.016 onsetDelta=0.98353 baseline=0.00072 adaptive=0.00180 lastPeak=0.00000 guard=0.060 activeAge=-1.000 pitch=-1.00Hz pitchCents=0.0
2025-12-14 07:55:28 [tracker] [s6] onset t=94.839 env=0.00191 gate=0.00020 envDelta=0.00171 envFloor=0.00117 onset=0.571 thresh=0.018 onsetDelta=0.55257 baseline=0.00078 adaptive=0.00195 lastPeak=0.00000 guard=0.060 activeAge=-1.000 pitch=-1.00Hz pitchCents=0.0
2025-12-14 07:55:28 [tracker] [s5] onset t=94.882 env=0.00175 gate=0.00015 envDelta=0.00159 envFloor=0.00110 onset=0.996 thresh=0.016 onsetDelta=0.97979 baseline=0.00074 adaptive=0.00184 lastPeak=0.00000 guard=0.060 activeAge=-1.000 pitch=-1.00Hz pitchCents=0.0
2025-12-14 07:55:28 [tracker] [s3] onset t=94.892 env=0.00111 gate=0.00008 envDelta=0.00103 envFloor=0.00094 onset=1.170 thresh=0.012 onsetDelta=1.15882 baseline=0.00063 adaptive=0.00157 lastPeak=0.00000 guard=0.060 activeAge=-1.000 pitch=-1.00Hz pitchCents=0.0
2025-12-14 07:55:29 [tracker] [s1] aubio-raw t=95.0391 onset=0.842801 env=0.001146 peak=0.002524 gain=1.000
2025-12-14 07:55:29 [tracker] [s1] onset-accepted t=95.0391 env=0.001146 gate=0.000023 envDelta=0.001123 envFloor=0.000628 onset=0.842801 thresh=0.006000 onsetDelta=0.836801 baseline=0.000419 floor=0.000180 adapt=0.001047 lastPeak=0.000000 baseParam=0.000180 gateRatio=0.0550 envParam=0.000450 onsetScale=0.300 retriggerScale=1.400 guard=0.060 guardRemain=0.000 activeAge=-1.000 retrigRemain=0.000 pitchHz=-1.00 pitchCents=0.0
2025-12-14 07:55:29 [tracker] [s1] onset t=95.039 env=0.00115 gate=0.00002 envDelta=0.00112 envFloor=0.00063 onset=0.843 thresh=0.006 onsetDelta=0.83680 baseline=0.00042 adaptive=0.00105 lastPeak=0.00000 guard=0.060 activeAge=-1.000 pitch=-1.00Hz pitchCents=0.0
2025-12-14 07:55:29 [tracker] [s1] aubio-raw t=95.0952 onset=1.024963 env=0.000731 peak=0.001804 gain=1.000
2025-12-14 07:55:29 [tracker] [s1] onset-accepted t=95.0952 env=0.000731 gate=0.000023 envDelta=0.000708 envFloor=0.000627 onset=1.024963 thresh=0.006000 onsetDelta=1.018963 baseline=0.000418 floor=0.000180 adapt=0.001044 lastPeak=0.000000 baseParam=0.000180 gateRatio=0.0550 envParam=0.000450 onsetScale=0.300 retriggerScale=1.400 guard=0.060 guardRemain=0.000 activeAge=-1.000 retrigRemain=0.000 pitchHz=228.56 pitchCents=1766.1
2025-12-14 07:55:29 [tracker] [s1] onset t=95.095 env=0.00073 gate=0.00002 envDelta=0.00071 envFloor=0.00063 onset=1.025 thresh=0.006 onsetDelta=1.01896 baseline=0.00042 adaptive=0.00104 lastPeak=0.00000 guard=0.060 activeAge=-1.000 pitch=228.56Hz pitchCents=1766.1
2025-12-14 07:55:29 [tracker] [s5] onset t=95.247 env=0.00194 gate=0.00015 envDelta=0.00179 envFloor=0.00106 onset=0.999 thresh=0.016 onsetDelta=0.98345 baseline=0.00071 adaptive=0.00177 lastPeak=0.00000 guard=0.060 activeAge=-1.000 pitch=-1.00Hz pitchCents=0.0
2025-12-14 07:55:29 [tracker] [s4] onset t=95.298 env=0.00166 gate=0.00011 envDelta=0.00155 envFloor=0.00098 onset=1.094 thresh=0.014 onsetDelta=1.07961 baseline=0.00065 adaptive=0.00163 lastPeak=0.00000 guard=0.060 activeAge=-1.000 pitch=-1.00Hz pitchCents=0.0
2025-12-14 07:55:29 [tracker] [s1] aubio-raw t=95.3382 onset=0.984200 env=0.001294 peak=0.002535 gain=1.000
2025-12-14 07:55:29 [tracker] [s1] onset-accepted t=95.3382 env=0.001294 gate=0.000025 envDelta=0.001269 envFloor=0.000682 onset=0.984200 thresh=0.006000 onsetDelta=0.978200 baseline=0.000455 floor=0.000180 adapt=0.001136 lastPeak=0.000000 baseParam=0.000180 gateRatio=0.0550 envParam=0.000450 onsetScale=0.300 retriggerScale=1.400 guard=0.060 guardRemain=0.000 activeAge=-1.000 retrigRemain=0.000 pitchHz=-1.00 pitchCents=0.0
2025-12-14 07:55:29 [tracker] [s1] onset t=95.338 env=0.00129 gate=0.00003 envDelta=0.00127 envFloor=0.00068 onset=0.984 thresh=0.006 onsetDelta=0.97820 baseline=0.00045 adaptive=0.00114 lastPeak=0.00000 guard=0.060 activeAge=-1.000 pitch=-1.00Hz pitchCents=0.0
2025-12-14 07:55:29 [tracker] [s3] onset t=95.344 env=0.00141 gate=0.00008 envDelta=0.00133 envFloor=0.00094 onset=1.131 thresh=0.012 onsetDelta=1.11919 baseline=0.00063 adaptive=0.00157 lastPeak=0.00000 guard=0.060 activeAge=-1.000 pitch=-1.00Hz pitchCents=0.0
2025-12-14 07:55:29 [tracker] [s5] onset t=95.432 env=0.00149 gate=0.00016 envDelta=0.00133 envFloor=0.00114 onset=1.154 thresh=0.016 onsetDelta=1.13829 baseline=0.00076 adaptive=0.00190 lastPeak=0.00000 guard=0.060 activeAge=-1.000 pitch=-1.00Hz pitchCents=0.0
2025-12-14 07:55:29 [tracker] [s6] onset t=95.466 env=0.00176 gate=0.00020 envDelta=0.00156 envFloor=0.00121 onset=0.889 thresh=0.018 onsetDelta=0.87094 baseline=0.00080 adaptive=0.00201 lastPeak=0.00000 guard=0.060 activeAge=-1.000 pitch=-1.00Hz pitchCents=0.0
2025-12-14 07:55:29 [tracker] [s6] onset t=95.589 env=0.00170 gate=0.00019 envDelta=0.00151 envFloor=0.00116 onset=0.645 thresh=0.018 onsetDelta=0.62728 baseline=0.00078 adaptive=0.00194 lastPeak=0.00000 guard=0.060 activeAge=-1.000 pitch=-1.00Hz pitchCents=0.0
2025-12-14 07:55:29 [tracker] [s4] onset t=95.595 env=0.00130 gate=0.00011 envDelta=0.00119 envFloor=0.00095 onset=1.153 thresh=0.014 onsetDelta=1.13919 baseline=0.00063 adaptive=0.00158 lastPeak=0.00000 guard=0.060 activeAge=-1.000 pitch=-1.00Hz pitchCents=0.0
2025-12-14 07:55:29 [tracker] [s1] aubio-raw t=95.6880 onset=0.968961 env=0.000733 peak=0.002437 gain=1.000
2025-12-14 07:55:29 [tracker] [s1] onset-accepted t=95.6880 env=0.000733 gate=0.000023 envDelta=0.000710 envFloor=0.000627 onset=0.968961 thresh=0.006000 onsetDelta=0.962961 baseline=0.000418 floor=0.000180 adapt=0.001045 lastPeak=0.000000 baseParam=0.000180 gateRatio=0.0550 envParam=0.000450 onsetScale=0.300 retriggerScale=1.400 guard=0.060 guardRemain=0.000 activeAge=-1.000 retrigRemain=0.000 pitchHz=-1.00 pitchCents=0.0
2025-12-14 07:55:29 [tracker] [s1] onset t=95.688 env=0.00073 gate=0.00002 envDelta=0.00071 envFloor=0.00063 onset=0.969 thresh=0.006 onsetDelta=0.96296 baseline=0.00042 adaptive=0.00105 lastPeak=0.00000 guard=0.060 activeAge=-1.000 pitch=-1.00Hz pitchCents=0.0
2025-12-14 07:55:29 [tracker] [s5] onset t=95.784 env=0.00170 gate=0.00015 envDelta=0.00154 envFloor=0.00110 onset=0.922 thresh=0.016 onsetDelta=0.90578 baseline=0.00073 adaptive=0.00183 lastPeak=0.00000 guard=0.060 activeAge=-1.000 pitch=-1.00Hz pitchCents=0.0
2025-12-14 07:55:29 [tracker] [s6] onset t=95.787 env=0.00199 gate=0.00022 envDelta=0.00178 envFloor=0.00130 onset=1.005 thresh=0.018 onsetDelta=0.98669 baseline=0.00087 adaptive=0.00217 lastPeak=0.00000 guard=0.060 activeAge=-1.000 pitch=-1.00Hz pitchCents=0.0
2025-12-14 07:55:29 [tracker] [s2] onset t=95.856 env=0.00131 gate=0.00001 envDelta=0.00130 envFloor=0.00103 onset=0.707 thresh=0.009 onsetDelta=0.69806 baseline=0.00069 adaptive=0.00171 lastPeak=0.00000 guard=0.060 activeAge=-1.000 pitch=999.81Hz pitchCents=3821.0
2025-12-14 07:55:29 [tracker] [s5] onset t=95.888 env=0.00193 gate=0.00015 envDelta=0.00178 envFloor=0.00108 onset=1.240 thresh=0.016 onsetDelta=1.22363 baseline=0.00072 adaptive=0.00181 lastPeak=0.00000 guard=0.060 activeAge=-1.000 pitch=-1.00Hz pitchCents=0.0
2025-12-14 07:55:29 [tracker] [s6] onset t=95.902 env=0.00178 gate=0.00020 envDelta=0.00158 envFloor=0.00119 onset=0.995 thresh=0.018 onsetDelta=0.97703 baseline=0.00079 adaptive=0.00198 lastPeak=0.00000 guard=0.060 activeAge=-1.000 pitch=-1.00Hz pitchCents=0.0
2025-12-14 07:55:30 [tracker] [s3] onset t=96.003 env=0.00151 gate=0.00008 envDelta=0.00143 envFloor=0.00093 onset=0.997 thresh=0.012 onsetDelta=0.98565 baseline=0.00062 adaptive=0.00155 lastPeak=0.00000 guard=0.060 activeAge=-1.000 pitch=-1.00Hz pitchCents=0.0
2025-12-14 07:55:30 [tracker] [s6] onset t=96.110 env=0.00214 gate=0.00022 envDelta=0.00191 envFloor=0.00134 onset=1.246 thresh=0.018 onsetDelta=1.22819 baseline=0.00089 adaptive=0.00223 lastPeak=0.00000 guard=0.060 activeAge=-1.000 pitch=-1.00Hz pitchCents=0.0
2025-12-14 07:55:30 [tracker] [s2] onset t=96.153 env=0.00140 gate=0.00001 envDelta=0.00140 envFloor=0.00110 onset=1.227 thresh=0.009 onsetDelta=1.21758 baseline=0.00073 adaptive=0.00183 lastPeak=0.00000 guard=0.060 activeAge=-1.000 pitch=-1.00Hz pitchCents=0.0
2025-12-14 07:55:30 [tracker] [s1] aubio-raw t=96.2114 onset=1.214907 env=0.000743 peak=0.002108 gain=1.000
2025-12-14 07:55:30 [tracker] [s1] onset-accepted t=96.2114 env=0.000743 gate=0.000024 envDelta=0.000720 envFloor=0.000649 onset=1.214907 thresh=0.006000 onsetDelta=1.208907 baseline=0.000433 floor=0.000180 adapt=0.001082 lastPeak=0.000000 baseParam=0.000180 gateRatio=0.0550 envParam=0.000450 onsetScale=0.300 retriggerScale=1.400 guard=0.060 guardRemain=0.000 activeAge=-1.000 retrigRemain=0.000 pitchHz=571.45 pitchCents=3352.6
2025-12-14 07:55:30 [tracker] [s1] onset t=96.211 env=0.00074 gate=0.00002 envDelta=0.00072 envFloor=0.00065 onset=1.215 thresh=0.006 onsetDelta=1.20891 baseline=0.00043 adaptive=0.00108 lastPeak=0.00000 guard=0.060 activeAge=-1.000 pitch=571.45Hz pitchCents=3352.6
2025-12-14 07:55:30 [tracker] [s3] onset t=96.233 env=0.00161 gate=0.00009 envDelta=0.00152 envFloor=0.00099 onset=0.999 thresh=0.012 onsetDelta=0.98759 baseline=0.00066 adaptive=0.00165 lastPeak=0.00000 guard=0.060 activeAge=-1.000 pitch=-1.00Hz pitchCents=0.0
2025-12-14 07:55:30 [tracker] [s5] onset t=96.243 env=0.00141 gate=0.00015 envDelta=0.00126 envFloor=0.00109 onset=1.000 thresh=0.016 onsetDelta=0.98378 baseline=0.00073 adaptive=0.00181 lastPeak=0.00000 guard=0.060 activeAge=-1.000 pitch=-1.00Hz pitchCents=0.0
2025-12-14 07:55:30 [tracker] [s4] onset t=96.372 env=0.00169 gate=0.00011 envDelta=0.00158 envFloor=0.00097 onset=0.803 thresh=0.014 onsetDelta=0.78927 baseline=0.00065 adaptive=0.00162 lastPeak=0.00000 guard=0.060 activeAge=-1.000 pitch=-1.00Hz pitchCents=0.0
2025-12-14 07:55:30 [tracker] [s6] onset t=96.428 env=0.00200 gate=0.00022 envDelta=0.00178 envFloor=0.00133 onset=0.961 thresh=0.018 onsetDelta=0.94301 baseline=0.00089 adaptive=0.00222 lastPeak=0.00000 guard=0.060 activeAge=-1.000 pitch=-1.00Hz pitchCents=0.0
2025-12-14 07:55:30 [tracker] [s4] onset t=96.497 env=0.00196 gate=0.00012 envDelta=0.00184 envFloor=0.00103 onset=0.892 thresh=0.014 onsetDelta=0.87777 baseline=0.00068 adaptive=0.00171 lastPeak=0.00000 guard=0.060 activeAge=-1.000 pitch=-1.00Hz pitchCents=0.0
2025-12-14 07:55:30 [tracker] [s1] aubio-raw t=96.5024 onset=1.000346 env=0.000739 peak=0.001765 gain=1.000
2025-12-14 07:55:30 [tracker] [s1] onset-accepted t=96.5024 env=0.000739 gate=0.000024 envDelta=0.000715 envFloor=0.000651 onset=1.000346 thresh=0.006000 onsetDelta=0.994346 baseline=0.000434 floor=0.000180 adapt=0.001086 lastPeak=0.000000 baseParam=0.000180 gateRatio=0.0550 envParam=0.000450 onsetScale=0.300 retriggerScale=1.400 guard=0.060 guardRemain=0.000 activeAge=-1.000 retrigRemain=0.000 pitchHz=-1.00 pitchCents=0.0
2025-12-14 07:55:30 [tracker] [s1] onset t=96.502 env=0.00074 gate=0.00002 envDelta=0.00071 envFloor=0.00065 onset=1.000 thresh=0.006 onsetDelta=0.99435 baseline=0.00043 adaptive=0.00109 lastPeak=0.00000 guard=0.060 activeAge=-1.000 pitch=-1.00Hz pitchCents=0.0
2025-12-14 07:55:30 [tracker] [s6] onset t=96.649 env=0.00180 gate=0.00020 envDelta=0.00160 envFloor=0.00120 onset=1.000 thresh=0.018 onsetDelta=0.98199 baseline=0.00080 adaptive=0.00200 lastPeak=0.00000 guard=0.060 activeAge=-1.000 pitch=-1.00Hz pitchCents=0.0
2025-12-14 07:55:30 [tracker] [s6] onset t=96.818 env=0.00209 gate=0.00020 envDelta=0.00189 envFloor=0.00122 onset=1.035 thresh=0.018 onsetDelta=1.01674 baseline=0.00081 adaptive=0.00203 lastPeak=0.00000 guard=0.060 activeAge=-1.000 pitch=-1.00Hz pitchCents=0.0
2025-12-14 07:55:30 [tracker] [s1] aubio-raw t=96.8683 onset=0.995688 env=0.001439 peak=0.002716 gain=1.000
2025-12-14 07:55:30 [tracker] [s1] onset-accepted t=96.8683 env=0.001439 gate=0.000026 envDelta=0.001413 envFloor=0.000709 onset=0.995688 thresh=0.006000 onsetDelta=0.989688 baseline=0.000472 floor=0.000180 adapt=0.001181 lastPeak=0.000000 baseParam=0.000180 gateRatio=0.0550 envParam=0.000450 onsetScale=0.300 retriggerScale=1.400 guard=0.060 guardRemain=0.000 activeAge=-1.000 retrigRemain=0.000 pitchHz=-1.00 pitchCents=0.0
2025-12-14 07:55:30 [tracker] [s1] onset t=96.868 env=0.00144 gate=0.00003 envDelta=0.00141 envFloor=0.00071 onset=0.996 thresh=0.006 onsetDelta=0.98969 baseline=0.00047 adaptive=0.00118 lastPeak=0.00000 guard=0.060 activeAge=-1.000 pitch=-1.00Hz pitchCents=0.0
2025-12-14 07:55:30 [tracker] [s4] onset t=96.887 env=0.00161 gate=0.00011 envDelta=0.00150 envFloor=0.00101 onset=1.049 thresh=0.014 onsetDelta=1.03516 baseline=0.00068 adaptive=0.00169 lastPeak=0.00000 guard=0.060 activeAge=-1.000 pitch=-1.00Hz pitchCents=0.0
2025-12-14 07:55:30 [tracker] [s6] onset t=96.898 env=0.00205 gate=0.00022 envDelta=0.00183 envFloor=0.00131 onset=0.889 thresh=0.018 onsetDelta=0.87097 baseline=0.00087 adaptive=0.00219 lastPeak=0.00000 guard=0.060 activeAge=-1.000 pitch=-1.00Hz pitchCents=0.0
2025-12-14 07:55:30 [tracker] [s1] aubio-raw t=96.9430 onset=0.717771 env=0.001414 peak=0.003185 gain=1.000
2025-12-14 07:55:30 [tracker] [s1] onset-accepted t=96.9430 env=0.001414 gate=0.000024 envDelta=0.001391 envFloor=0.000641 onset=0.717771 thresh=0.006000 onsetDelta=0.711771 baseline=0.000428 floor=0.000180 adapt=0.001069 lastPeak=0.000000 baseParam=0.000180 gateRatio=0.0550 envParam=0.000450 onsetScale=0.300 retriggerScale=1.400 guard=0.060 guardRemain=0.000 activeAge=-1.000 retrigRemain=0.000 pitchHz=666.61 pitchCents=3619.2
2025-12-14 07:55:30 [tracker] [s1] onset t=96.943 env=0.00141 gate=0.00002 envDelta=0.00139 envFloor=0.00064 onset=0.718 thresh=0.006 onsetDelta=0.71177 baseline=0.00043 adaptive=0.00107 lastPeak=0.00000 guard=0.060 activeAge=-1.000 pitch=666.61Hz pitchCents=3619.2
2025-12-14 07:55:31 [tracker] [s4] onset t=96.996 env=0.00150 gate=0.00011 envDelta=0.00139 envFloor=0.00099 onset=1.173 thresh=0.014 onsetDelta=1.15855 baseline=0.00066 adaptive=0.00165 lastPeak=0.00000 guard=0.060 activeAge=-1.000 pitch=-1.00Hz pitchCents=0.0
2025-12-14 07:55:31 [tracker] [s1] aubio-raw t=97.0579 onset=0.592507 env=0.001158 peak=0.002003 gain=1.000
2025-12-14 07:55:31 [tracker] [s1] onset-accepted t=97.0579 env=0.001158 gate=0.000023 envDelta=0.001135 envFloor=0.000641 onset=0.592507 thresh=0.006000 onsetDelta=0.586507 baseline=0.000427 floor=0.000180 adapt=0.001068 lastPeak=0.000000 baseParam=0.000180 gateRatio=0.0550 envParam=0.000450 onsetScale=0.300 retriggerScale=1.400 guard=0.060 guardRemain=0.000 activeAge=-1.000 retrigRemain=0.000 pitchHz=123.07 pitchCents=694.4
2025-12-14 07:55:31 [tracker] [s1] onset t=97.058 env=0.00116 gate=0.00002 envDelta=0.00113 envFloor=0.00064 onset=0.593 thresh=0.006 onsetDelta=0.58651 baseline=0.00043 adaptive=0.00107 lastPeak=0.00000 guard=0.060 activeAge=-1.000 pitch=123.07Hz pitchCents=694.4
2025-12-14 07:55:31 [tracker] [s4] onset t=97.082 env=0.00145 gate=0.00011 envDelta=0.00133 envFloor=0.00099 onset=0.998 thresh=0.014 onsetDelta=0.98428 baseline=0.00066 adaptive=0.00164 lastPeak=0.00000 guard=0.060 activeAge=-1.000 pitch=-1.00Hz pitchCents=0.0
2025-12-14 07:55:31 [tracker] [s6] onset t=97.159 env=0.00187 gate=0.00020 envDelta=0.00167 envFloor=0.00120 onset=1.381 thresh=0.018 onsetDelta=1.36261 baseline=0.00080 adaptive=0.00200 lastPeak=0.00000 guard=0.060 activeAge=-1.000 pitch=-1.00Hz pitchCents=0.0
2025-12-14 07:55:31 [tracker] [s3] onset t=97.189 env=0.00176 gate=0.00008 envDelta=0.00167 envFloor=0.00094 onset=0.538 thresh=0.012 onsetDelta=0.52648 baseline=0.00063 adaptive=0.00156 lastPeak=0.00000 guard=0.060 activeAge=-1.000 pitch=-1.00Hz pitchCents=0.0
2025-12-14 07:55:31 [tracker] [s5] onset t=97.189 env=0.00181 gate=0.00015 envDelta=0.00166 envFloor=0.00107 onset=0.660 thresh=0.016 onsetDelta=0.64372 baseline=0.00071 adaptive=0.00178 lastPeak=0.00000 guard=0.060 activeAge=-1.000 pitch=-1.00Hz pitchCents=0.0
2025-12-14 07:55:31 [tracker] [s2] onset t=97.215 env=0.00154 gate=0.00001 envDelta=0.00153 envFloor=0.00096 onset=0.930 thresh=0.009 onsetDelta=0.92098 baseline=0.00064 adaptive=0.00160 lastPeak=0.00000 guard=0.060 activeAge=-1.000 pitch=571.46Hz pitchCents=2852.6
2025-12-14 07:55:31 [tracker] [s6] onset t=97.263 env=0.00187 gate=0.00022 envDelta=0.00165 envFloor=0.00131 onset=0.993 thresh=0.018 onsetDelta=0.97493 baseline=0.00087 adaptive=0.00218 lastPeak=0.00000 guard=0.060 activeAge=-1.000 pitch=-1.00Hz pitchCents=0.0
2025-12-14 07:55:31 [tracker] [s2] onset t=97.304 env=0.00207 gate=0.00001 envDelta=0.00207 envFloor=0.00107 onset=1.045 thresh=0.009 onsetDelta=1.03614 baseline=0.00071 adaptive=0.00179 lastPeak=0.00000 guard=0.060 activeAge=-1.000 pitch=-1.00Hz pitchCents=0.0
2025-12-14 07:55:31 [tracker] [s5] onset t=97.365 env=0.00182 gate=0.00015 envDelta=0.00167 envFloor=0.00107 onset=0.994 thresh=0.016 onsetDelta=0.97808 baseline=0.00071 adaptive=0.00178 lastPeak=0.00000 guard=0.060 activeAge=-1.000 pitch=-1.00Hz pitchCents=0.0
2025-12-14 07:55:31 [tracker] [s1] aubio-raw t=97.4638 onset=1.013277 env=0.000550 peak=0.001376 gain=1.000
2025-12-14 07:55:31 [tracker] [s6] onset t=97.504 env=0.00205 gate=0.00019 envDelta=0.00185 envFloor=0.00117 onset=1.118 thresh=0.018 onsetDelta=1.09990 baseline=0.00078 adaptive=0.00195 lastPeak=0.00000 guard=0.060 activeAge=-1.000 pitch=-1.00Hz pitchCents=0.0
2025-12-14 07:55:31 [tracker] [s5] onset t=97.600 env=0.00170 gate=0.00015 envDelta=0.00155 envFloor=0.00109 onset=1.204 thresh=0.016 onsetDelta=1.18804 baseline=0.00073 adaptive=0.00182 lastPeak=0.00000 guard=0.060 activeAge=-1.000 pitch=-1.00Hz pitchCents=0.0
2025-12-14 07:55:31 [tracker] [s1] aubio-raw t=97.6587 onset=0.973903 env=0.001138 peak=0.002802 gain=1.000
2025-12-14 07:55:31 [tracker] [s1] onset-accepted t=97.6587 env=0.001138 gate=0.000025 envDelta=0.001114 envFloor=0.000672 onset=0.973903 thresh=0.006000 onsetDelta=0.967903 baseline=0.000448 floor=0.000180 adapt=0.001120 lastPeak=0.000000 baseParam=0.000180 gateRatio=0.0550 envParam=0.000450 onsetScale=0.300 retriggerScale=1.400 guard=0.060 guardRemain=0.000 activeAge=-1.000 retrigRemain=0.000 pitchHz=-1.00 pitchCents=0.0
2025-12-14 07:55:31 [tracker] [s1] onset t=97.659 env=0.00114 gate=0.00002 envDelta=0.00111 envFloor=0.00067 onset=0.974 thresh=0.006 onsetDelta=0.96790 baseline=0.00045 adaptive=0.00112 lastPeak=0.00000 guard=0.060 activeAge=-1.000 pitch=-1.00Hz pitchCents=0.0
2025-12-14 07:55:31 [tracker] [s6] onset t=97.701 env=0.00199 gate=0.00022 envDelta=0.00177 envFloor=0.00132 onset=1.199 thresh=0.018 onsetDelta=1.18079 baseline=0.00088 adaptive=0.00219 lastPeak=0.00000 guard=0.060 activeAge=-1.000 pitch=-1.00Hz pitchCents=0.0
2025-12-14 07:55:32 [tracker] [s6] onset t=97.960 env=0.00191 gate=0.00021 envDelta=0.00170 envFloor=0.00125 onset=1.001 thresh=0.018 onsetDelta=0.98250 baseline=0.00083 adaptive=0.00208 lastPeak=0.00000 guard=0.060 activeAge=-1.000 pitch=-1.00Hz pitchCents=0.0
2025-12-14 07:55:32 [tracker] [s1] aubio-raw t=98.0218 onset=1.327780 env=0.000944 peak=0.002438 gain=1.000
2025-12-14 07:55:32 [tracker] [s1] onset-accepted t=98.0218 env=0.000944 gate=0.000023 envDelta=0.000920 envFloor=0.000636 onset=1.327780 thresh=0.006000 onsetDelta=1.321780 baseline=0.000424 floor=0.000180 adapt=0.001060 lastPeak=0.000000 baseParam=0.000180 gateRatio=0.0550 envParam=0.000450 onsetScale=0.300 retriggerScale=1.400 guard=0.060 guardRemain=0.000 activeAge=-1.000 retrigRemain=0.000 pitchHz=-1.00 pitchCents=0.0
2025-12-14 07:55:32 [tracker] [s1] onset t=98.022 env=0.00094 gate=0.00002 envDelta=0.00092 envFloor=0.00064 onset=1.328 thresh=0.006 onsetDelta=1.32178 baseline=0.00042 adaptive=0.00106 lastPeak=0.00000 guard=0.060 activeAge=-1.000 pitch=-1.00Hz pitchCents=0.0
2025-12-14 07:55:32 [tracker] [s6] onset t=98.025 env=0.00209 gate=0.00022 envDelta=0.00187 envFloor=0.00132 onset=1.020 thresh=0.018 onsetDelta=1.00201 baseline=0.00088 adaptive=0.00221 lastPeak=0.00000 guard=0.060 activeAge=-1.000 pitch=-1.00Hz pitchCents=0.0
2025-12-14 07:55:32 [tracker] [s6] onset t=98.089 env=0.00219 gate=0.00022 envDelta=0.00198 envFloor=0.00131 onset=0.995 thresh=0.018 onsetDelta=0.97709 baseline=0.00087 adaptive=0.00218 lastPeak=0.00000 guard=0.060 activeAge=-1.000 pitch=-1.00Hz pitchCents=0.0
2025-12-14 07:55:32 [tracker] [s4] onset t=98.142 env=0.00148 gate=0.00011 envDelta=0.00137 envFloor=0.00098 onset=1.097 thresh=0.014 onsetDelta=1.08273 baseline=0.00066 adaptive=0.00164 lastPeak=0.00000 guard=0.060 activeAge=-1.000 pitch=-1.00Hz pitchCents=0.0
2025-12-14 07:55:32 [tracker] [s4] onset t=98.193 env=0.00134 gate=0.00011 envDelta=0.00123 envFloor=0.00095 onset=1.094 thresh=0.014 onsetDelta=1.07953 baseline=0.00063 adaptive=0.00158 lastPeak=0.00000 guard=0.060 activeAge=-1.000 pitch=-1.00Hz pitchCents=0.0
2025-12-14 07:55:32 [tracker] [s2] onset t=98.217 env=0.00112 gate=0.00001 envDelta=0.00111 envFloor=0.00099 onset=0.836 thresh=0.009 onsetDelta=0.82714 baseline=0.00066 adaptive=0.00165 lastPeak=0.00000 guard=0.060 activeAge=-1.000 pitch=98.76Hz pitchCents=-186.7
2025-12-14 07:55:32 [tracker] [s4] onset t=98.302 env=0.00178 gate=0.00011 envDelta=0.00167 envFloor=0.00100 onset=0.803 thresh=0.014 onsetDelta=0.78860 baseline=0.00067 adaptive=0.00166 lastPeak=0.00000 guard=0.060 activeAge=-1.000 pitch=-1.00Hz pitchCents=0.0
2025-12-14 07:55:32 [tracker] [s5] onset t=98.337 env=0.00186 gate=0.00015 envDelta=0.00171 envFloor=0.00110 onset=0.965 thresh=0.016 onsetDelta=0.94899 baseline=0.00074 adaptive=0.00184 lastPeak=0.00000 guard=0.060 activeAge=-1.000 pitch=-1.00Hz pitchCents=0.0
2025-12-14 07:55:32 [tracker] [s1] aubio-raw t=98.3663 onset=1.162468 env=0.000928 peak=0.001807 gain=1.000
2025-12-14 07:55:32 [tracker] [s1] onset-accepted t=98.3663 env=0.000928 gate=0.000024 envDelta=0.000905 envFloor=0.000643 onset=1.162468 thresh=0.006000 onsetDelta=1.156468 baseline=0.000428 floor=0.000180 adapt=0.001071 lastPeak=0.000000 baseParam=0.000180 gateRatio=0.0550 envParam=0.000450 onsetScale=0.300 retriggerScale=1.400 guard=0.060 guardRemain=0.000 activeAge=-1.000 retrigRemain=0.000 pitchHz=-1.00 pitchCents=0.0
2025-12-14 07:55:32 [tracker] [s1] onset t=98.366 env=0.00093 gate=0.00002 envDelta=0.00090 envFloor=0.00064 onset=1.162 thresh=0.006 onsetDelta=1.15647 baseline=0.00043 adaptive=0.00107 lastPeak=0.00000 guard=0.060 activeAge=-1.000 pitch=-1.00Hz pitchCents=0.0
2025-12-14 07:55:32 [tracker] [s6] onset t=98.398 env=0.00185 gate=0.00022 envDelta=0.00164 envFloor=0.00130 onset=1.104 thresh=0.018 onsetDelta=1.08578 baseline=0.00087 adaptive=0.00216 lastPeak=0.00000 guard=0.060 activeAge=-1.000 pitch=-1.00Hz pitchCents=0.0
2025-12-14 07:55:32 [tracker] [s3] onset t=98.433 env=0.00161 gate=0.00009 envDelta=0.00153 envFloor=0.00103 onset=1.209 thresh=0.012 onsetDelta=1.19779 baseline=0.00069 adaptive=0.00172 lastPeak=0.00000 guard=0.060 activeAge=-1.000 pitch=-1.00Hz pitchCents=0.0
2025-12-14 07:55:32 [tracker] [s6] onset t=98.462 env=0.00188 gate=0.00021 envDelta=0.00168 envFloor=0.00125 onset=0.714 thresh=0.018 onsetDelta=0.69606 baseline=0.00083 adaptive=0.00208 lastPeak=0.00000 guard=0.060 activeAge=-1.000 pitch=-1.00Hz pitchCents=0.0
2025-12-14 07:55:32 [tracker] [s4] onset t=98.511 env=0.00134 gate=0.00011 envDelta=0.00122 envFloor=0.00099 onset=1.022 thresh=0.014 onsetDelta=1.00814 baseline=0.00066 adaptive=0.00165 lastPeak=0.00000 guard=0.060 activeAge=-1.000 pitch=-1.00Hz pitchCents=0.0
2025-12-14 07:55:32 [tracker] [s6] onset t=98.532 env=0.00198 gate=0.00021 envDelta=0.00178 envFloor=0.00123 onset=0.998 thresh=0.018 onsetDelta=0.98015 baseline=0.00082 adaptive=0.00205 lastPeak=0.00000 guard=0.060 activeAge=-1.000 pitch=-1.00Hz pitchCents=0.0
2025-12-14 07:55:32 [tracker] [s4] onset t=98.609 env=0.00181 gate=0.00011 envDelta=0.00170 envFloor=0.00097 onset=0.884 thresh=0.014 onsetDelta=0.87018 baseline=0.00065 adaptive=0.00162 lastPeak=0.00000 guard=0.060 activeAge=-1.000 pitch=-1.00Hz pitchCents=0.0
2025-12-14 07:55:32 [tracker] [s3] onset t=98.631 env=0.00138 gate=0.00008 envDelta=0.00131 envFloor=0.00090 onset=1.042 thresh=0.012 onsetDelta=1.03029 baseline=0.00060 adaptive=0.00150 lastPeak=0.00000 guard=0.060 activeAge=-1.000 pitch=-1.00Hz pitchCents=0.0
2025-12-14 07:55:32 [tracker] [s6] onset t=98.641 env=0.00191 gate=0.00019 envDelta=0.00172 envFloor=0.00116 onset=0.991 thresh=0.018 onsetDelta=0.97319 baseline=0.00077 adaptive=0.00193 lastPeak=0.00000 guard=0.060 activeAge=-1.000 pitch=-1.00Hz pitchCents=0.0
2025-12-14 07:55:32 [tracker] [s5] onset t=98.732 env=0.00165 gate=0.00015 envDelta=0.00150 envFloor=0.00109 onset=0.994 thresh=0.016 onsetDelta=0.97824 baseline=0.00073 adaptive=0.00182 lastPeak=0.00000 guard=0.060 activeAge=-1.000 pitch=-1.00Hz pitchCents=0.0
2025-12-14 07:55:32 [tracker] [s4] onset t=98.745 env=0.00147 gate=0.00011 envDelta=0.00136 envFloor=0.00097 onset=1.108 thresh=0.014 onsetDelta=1.09372 baseline=0.00065 adaptive=0.00162 lastPeak=0.00000 guard=0.060 activeAge=-1.000 pitch=-1.00Hz pitchCents=0.0
2025-12-14 07:55:32 [tracker] [s6] onset t=98.756 env=0.00208 gate=0.00021 envDelta=0.00187 envFloor=0.00127 onset=0.893 thresh=0.018 onsetDelta=0.87461 baseline=0.00085 adaptive=0.00211 lastPeak=0.00000 guard=0.060 activeAge=-1.000 pitch=-1.00Hz pitchCents=0.0
2025-12-14 07:55:32 [tracker] [s1] aubio-raw t=98.8229 onset=1.182180 env=0.000682 peak=0.001698 gain=1.000
2025-12-14 07:55:32 [tracker] [s1] onset-accepted t=98.8229 env=0.000682 gate=0.000023 envDelta=0.000659 envFloor=0.000615 onset=1.182180 thresh=0.006000 onsetDelta=1.176180 baseline=0.000410 floor=0.000180 adapt=0.001024 lastPeak=0.000000 baseParam=0.000180 gateRatio=0.0550 envParam=0.000450 onsetScale=0.300 retriggerScale=1.400 guard=0.060 guardRemain=0.000 activeAge=-1.000 retrigRemain=0.000 pitchHz=96.38 pitchCents=271.2
2025-12-14 07:55:32 [tracker] [s1] onset t=98.823 env=0.00068 gate=0.00002 envDelta=0.00066 envFloor=0.00061 onset=1.182 thresh=0.006 onsetDelta=1.17618 baseline=0.00041 adaptive=0.00102 lastPeak=0.00000 guard=0.060 activeAge=-1.000 pitch=96.38Hz pitchCents=271.2
2025-12-14 07:55:32 [tracker] [s5] onset t=98.842 env=0.00175 gate=0.00016 envDelta=0.00160 envFloor=0.00111 onset=0.828 thresh=0.016 onsetDelta=0.81207 baseline=0.00074 adaptive=0.00185 lastPeak=0.00000 guard=0.060 activeAge=-1.000 pitch=-1.00Hz pitchCents=0.0
2025-12-14 07:55:32 [tracker] [s6] onset t=98.938 env=0.00224 gate=0.00020 envDelta=0.00204 envFloor=0.00121 onset=0.772 thresh=0.018 onsetDelta=0.75359 baseline=0.00080 adaptive=0.00201 lastPeak=0.00000 guard=0.060 activeAge=-1.000 pitch=-1.00Hz pitchCents=0.0
2025-12-14 07:55:33 [tracker] [s1] aubio-raw t=98.9564 onset=1.442777 env=0.000643 peak=0.001672 gain=1.000
2025-12-14 07:55:33 [tracker] [s1] onset-accepted t=98.9564 env=0.000643 gate=0.000021 envDelta=0.000622 envFloor=0.000568 onset=1.442777 thresh=0.006000 onsetDelta=1.436777 baseline=0.000379 floor=0.000180 adapt=0.000947 lastPeak=0.000000 baseParam=0.000180 gateRatio=0.0550 envParam=0.000450 onsetScale=0.300 retriggerScale=1.400 guard=0.060 guardRemain=0.000 activeAge=-1.000 retrigRemain=0.000 pitchHz=499.99 pitchCents=3121.3
2025-12-14 07:55:33 [tracker] [s1] onset t=98.956 env=0.00064 gate=0.00002 envDelta=0.00062 envFloor=0.00057 onset=1.443 thresh=0.006 onsetDelta=1.43678 baseline=0.00038 adaptive=0.00095 lastPeak=0.00000 guard=0.060 activeAge=-1.000 pitch=499.99Hz pitchCents=3121.3
2025-12-14 07:55:33 [tracker] [s5] onset t=98.970 env=0.00126 gate=0.00014 envDelta=0.00112 envFloor=0.00101 onset=0.994 thresh=0.016 onsetDelta=0.97809 baseline=0.00067 adaptive=0.00168 lastPeak=0.00000 guard=0.060 activeAge=-1.000 pitch=-1.00Hz pitchCents=0.0
2025-12-14 07:55:33 [tracker] [s3] onset t=99.058 env=0.00144 gate=0.00008 envDelta=0.00136 envFloor=0.00089 onset=0.995 thresh=0.012 onsetDelta=0.98371 baseline=0.00059 adaptive=0.00148 lastPeak=0.00000 guard=0.060 activeAge=-1.000 pitch=-1.00Hz pitchCents=0.0
2025-12-14 07:55:33 [tracker] [s1] aubio-raw t=99.2582 onset=0.939270 env=0.000979 peak=0.002269 gain=1.000
2025-12-14 07:55:33 [tracker] [s1] onset-accepted t=99.2582 env=0.000979 gate=0.000022 envDelta=0.000957 envFloor=0.000600 onset=0.939270 thresh=0.006000 onsetDelta=0.933270 baseline=0.000400 floor=0.000180 adapt=0.001000 lastPeak=0.000000 baseParam=0.000180 gateRatio=0.0550 envParam=0.000450 onsetScale=0.300 retriggerScale=1.400 guard=0.060 guardRemain=0.000 activeAge=-1.000 retrigRemain=0.000 pitchHz=-1.00 pitchCents=0.0
2025-12-14 07:55:33 [tracker] [s1] onset t=99.258 env=0.00098 gate=0.00002 envDelta=0.00096 envFloor=0.00060 onset=0.939 thresh=0.006 onsetDelta=0.93327 baseline=0.00040 adaptive=0.00100 lastPeak=0.00000 guard=0.060 activeAge=-1.000 pitch=-1.00Hz pitchCents=0.0
2025-12-14 07:55:33 [tracker] [s6] onset t=99.357 env=0.00179 gate=0.00020 envDelta=0.00159 envFloor=0.00122 onset=0.995 thresh=0.018 onsetDelta=0.97736 baseline=0.00081 adaptive=0.00203 lastPeak=0.00000 guard=0.060 activeAge=-1.000 pitch=-1.00Hz pitchCents=0.0
2025-12-14 07:55:33 [tracker] [s2] onset t=99.384 env=0.00121 gate=0.00001 envDelta=0.00121 envFloor=0.00100 onset=1.048 thresh=0.009 onsetDelta=1.03945 baseline=0.00067 adaptive=0.00167 lastPeak=0.00000 guard=0.060 activeAge=-1.000 pitch=-1.00Hz pitchCents=0.0
2025-12-14 07:55:33 [tracker] [s2] onset t=99.461 env=0.00158 gate=0.00001 envDelta=0.00157 envFloor=0.00103 onset=0.996 thresh=0.009 onsetDelta=0.98705 baseline=0.00068 adaptive=0.00171 lastPeak=0.00000 guard=0.060 activeAge=-1.000 pitch=889.24Hz pitchCents=3618.1
2025-12-14 07:55:33 [tracker] [s1] aubio-raw t=99.8563 onset=0.998559 env=0.000797 peak=0.002118 gain=1.000
2025-12-14 07:55:33 [tracker] [s1] onset-accepted t=99.8563 env=0.000797 gate=0.000024 envDelta=0.000773 envFloor=0.000664 onset=0.998559 thresh=0.006000 onsetDelta=0.992559 baseline=0.000442 floor=0.000180 adapt=0.001106 lastPeak=0.000000 baseParam=0.000180 gateRatio=0.0550 envParam=0.000450 onsetScale=0.300 retriggerScale=1.400 guard=0.060 guardRemain=0.000 activeAge=-1.000 retrigRemain=0.000 pitchHz=-1.00 pitchCents=0.0
2025-12-14 07:55:33 [tracker] [s1] onset t=99.856 env=0.00080 gate=0.00002 envDelta=0.00077 envFloor=0.00066 onset=0.999 thresh=0.006 onsetDelta=0.99256 baseline=0.00044 adaptive=0.00111 lastPeak=0.00000 guard=0.060 activeAge=-1.000 pitch=-1.00Hz pitchCents=0.0
2025-12-14 07:55:33 [tracker] [s5] onset t=99.862 env=0.00203 gate=0.00016 envDelta=0.00187 envFloor=0.00111 onset=1.110 thresh=0.016 onsetDelta=1.09382 baseline=0.00074 adaptive=0.00186 lastPeak=0.00000 guard=0.060 activeAge=-1.000 pitch=-1.00Hz pitchCents=0.0
2025-12-14 07:55:33 [tracker] [s6] onset t=99.862 env=0.00209 gate=0.00021 envDelta=0.00187 envFloor=0.00128 onset=1.001 thresh=0.018 onsetDelta=0.98303 baseline=0.00085 adaptive=0.00213 lastPeak=0.00000 guard=0.060 activeAge=-1.000 pitch=-1.00Hz pitchCents=0.0
2025-12-14 07:55:33 [tracker] [s4] onset t=99.952 env=0.00163 gate=0.00012 envDelta=0.00151 envFloor=0.00106 onset=0.994 thresh=0.014 onsetDelta=0.97956 baseline=0.00070 adaptive=0.00176 lastPeak=0.00000 guard=0.060 activeAge=-1.000 pitch=-1.00Hz pitchCents=0.0
2025-12-14 07:55:34 [tracker] [s1] aubio-raw t=99.9792 onset=0.945900 env=0.001398 peak=0.003232 gain=1.000
2025-12-14 07:55:34 [tracker] [s1] onset-accepted t=99.9792 env=0.001398 gate=0.000025 envDelta=0.001372 envFloor=0.000695 onset=0.945900 thresh=0.006000 onsetDelta=0.939900 baseline=0.000463 floor=0.000180 adapt=0.001158 lastPeak=0.000000 baseParam=0.000180 gateRatio=0.0550 envParam=0.000450 onsetScale=0.300 retriggerScale=1.400 guard=0.060 guardRemain=0.000 activeAge=-1.000 retrigRemain=0.000 pitchHz=-1.00 pitchCents=0.0
2025-12-14 07:55:34 [tracker] [s1] onset t=99.979 env=0.00140 gate=0.00003 envDelta=0.00137 envFloor=0.00069 onset=0.946 thresh=0.006 onsetDelta=0.93990 baseline=0.00046 adaptive=0.00116 lastPeak=0.00000 guard=0.060 activeAge=-1.000 pitch=-1.00Hz pitchCents=0.0
2025-12-14 07:55:34 [tracker] [s5] onset t=100.062 env=0.00145 gate=0.00015 envDelta=0.00130 envFloor=0.00105 onset=0.573 thresh=0.016 onsetDelta=0.55652 baseline=0.00070 adaptive=0.00175 lastPeak=0.00000 guard=0.060 activeAge=-1.000 pitch=-1.00Hz pitchCents=0.0
2025-12-14 07:55:34 [tracker] [s6] onset t=100.107 env=0.00156 gate=0.00020 envDelta=0.00136 envFloor=0.00122 onset=1.204 thresh=0.018 onsetDelta=1.18588 baseline=0.00081 adaptive=0.00204 lastPeak=0.00000 guard=0.060 activeAge=-1.000 pitch=-1.00Hz pitchCents=0.0
2025-12-14 07:55:34 [tracker] [s4] onset t=100.241 env=0.00169 gate=0.00011 envDelta=0.00158 envFloor=0.00098 onset=0.996 thresh=0.014 onsetDelta=0.98203 baseline=0.00065 adaptive=0.00163 lastPeak=0.00000 guard=0.060 activeAge=-1.000 pitch=-1.00Hz pitchCents=0.0
2025-12-14 07:55:34 [tracker] [s1] aubio-raw t=100.2782 onset=1.123151 env=0.000941 peak=0.002865 gain=1.000
2025-12-14 07:55:34 [tracker] [s1] onset-accepted t=100.2782 env=0.000941 gate=0.000023 envDelta=0.000917 envFloor=0.000636 onset=1.123151 thresh=0.006000 onsetDelta=1.117151 baseline=0.000424 floor=0.000180 adapt=0.001060 lastPeak=0.000000 baseParam=0.000180 gateRatio=0.0550 envParam=0.000450 onsetScale=0.300 retriggerScale=1.400 guard=0.060 guardRemain=0.000 activeAge=-1.000 retrigRemain=0.000 pitchHz=94.11 pitchCents=229.9
2025-12-14 07:55:34 [tracker] [s1] onset t=100.278 env=0.00094 gate=0.00002 envDelta=0.00092 envFloor=0.00064 onset=1.123 thresh=0.006 onsetDelta=1.11715 baseline=0.00042 adaptive=0.00106 lastPeak=0.00000 guard=0.060 activeAge=-1.000 pitch=94.11Hz pitchCents=229.9
2025-12-14 07:55:34 [tracker] [s1] note-start t=100.278 fret=2 midi=42 vel=0.01 env=0.00094
2025-12-14 07:55:34 [tracker] [s5] onset t=100.286 env=0.00180 gate=0.00015 envDelta=0.00165 envFloor=0.00109 onset=1.231 thresh=0.016 onsetDelta=1.21544 baseline=0.00073 adaptive=0.00182 lastPeak=0.00000 guard=0.060 activeAge=-1.000 pitch=-1.00Hz pitchCents=0.0
2025-12-14 07:55:34 [tracker] [s3] onset t=100.324 env=0.00124 gate=0.00008 envDelta=0.00116 envFloor=0.00097 onset=0.996 thresh=0.012 onsetDelta=0.98431 baseline=0.00065 adaptive=0.00162 lastPeak=0.00000 guard=0.060 activeAge=-1.000 pitch=-1.00Hz pitchCents=0.0
2025-12-14 07:55:34 [tracker] [s1] aubio-raw t=100.3290 onset=1.018388 env=0.000769 peak=0.001830 gain=1.000
2025-12-14 07:55:34 [tracker] [s1] onset-separation-guard t=100.3290 env=0.000769 gate=0.000042 envDelta=0.000727 envFloor=0.000614 onset=1.018388 thresh=0.006000 onsetDelta=1.012388 baseline=0.000770 floor=0.000180 adapt=0.001023 lastPeak=0.000855 baseParam=0.000180 gateRatio=0.0550 envParam=0.000450 onsetScale=0.300 retriggerScale=1.400 guard=0.060 guardRemain=0.009 activeAge=0.051 retrigRemain=0.169 pitchHz=-1.00 pitchCents=0.0
2025-12-14 07:55:34 [tracker] [s2] onset t=100.388 env=0.00150 gate=0.00001 envDelta=0.00149 envFloor=0.00107 onset=1.365 thresh=0.009 onsetDelta=1.35630 baseline=0.00071 adaptive=0.00178 lastPeak=0.00000 guard=0.060 activeAge=-1.000 pitch=-1.00Hz pitchCents=0.0
2025-12-14 07:55:34 [tracker] [s5] onset t=100.454 env=0.00139 gate=0.00015 envDelta=0.00124 envFloor=0.00107 onset=1.134 thresh=0.016 onsetDelta=1.11812 baseline=0.00071 adaptive=0.00179 lastPeak=0.00000 guard=0.060 activeAge=-1.000 pitch=-1.00Hz pitchCents=0.0
2025-12-14 07:55:34 [tracker] [s6] onset t=100.489 env=0.00176 gate=0.00020 envDelta=0.00156 envFloor=0.00119 onset=1.072 thresh=0.018 onsetDelta=1.05443 baseline=0.00079 adaptive=0.00198 lastPeak=0.00000 guard=0.060 activeAge=-1.000 pitch=-1.00Hz pitchCents=0.0
2025-12-14 07:55:34 [tracker] [s5] onset t=100.556 env=0.00140 gate=0.00015 envDelta=0.00125 envFloor=0.00105 onset=0.996 thresh=0.016 onsetDelta=0.98009 baseline=0.00070 adaptive=0.00175 lastPeak=0.00000 guard=0.060 activeAge=-1.000 pitch=-1.00Hz pitchCents=0.0
2025-12-14 07:55:34 [tracker] [s1] aubio-raw t=100.5933 onset=0.948772 env=0.001178 peak=0.003310 gain=1.000
2025-12-14 07:55:34 [tracker] [s1] onset-accepted t=100.5933 env=0.001178 gate=0.000026 envDelta=0.001152 envFloor=0.000655 onset=0.948772 thresh=0.006000 onsetDelta=0.942772 baseline=0.000469 floor=0.000180 adapt=0.001092 lastPeak=0.000521 baseParam=0.000180 gateRatio=0.0550 envParam=0.000450 onsetScale=0.300 retriggerScale=1.400 guard=0.060 guardRemain=0.000 activeAge=0.315 retrigRemain=0.000 pitchHz=-1.00 pitchCents=0.0
2025-12-14 07:55:34 [tracker] [s1] onset t=100.593 env=0.00118 gate=0.00003 envDelta=0.00115 envFloor=0.00065 onset=0.949 thresh=0.006 onsetDelta=0.94277 baseline=0.00047 adaptive=0.00109 lastPeak=0.00052 guard=0.060 activeAge=0.315 pitch=-1.00Hz pitchCents=0.0
2025-12-14 07:55:34 [tracker] [s1] note-ended (new onset) t=100.593 fret=2 dur=0.315
2025-12-14 07:55:34 [tracker] [s6] onset t=100.604 env=0.00182 gate=0.00020 envDelta=0.00162 envFloor=0.00120 onset=0.856 thresh=0.018 onsetDelta=0.83752 baseline=0.00080 adaptive=0.00199 lastPeak=0.00000 guard=0.060 activeAge=-1.000 pitch=-1.00Hz pitchCents=0.0
2025-12-14 07:55:34 [tracker] [s2] onset t=100.652 env=0.00187 gate=0.00001 envDelta=0.00186 envFloor=0.00098 onset=1.059 thresh=0.009 onsetDelta=1.05016 baseline=0.00065 adaptive=0.00163 lastPeak=0.00000 guard=0.060 activeAge=-1.000 pitch=-1.00Hz pitchCents=0.0
2025-12-14 07:55:34 [tracker] [s3] onset t=100.676 env=0.00132 gate=0.00008 envDelta=0.00123 envFloor=0.00093 onset=0.999 thresh=0.012 onsetDelta=0.98781 baseline=0.00062 adaptive=0.00154 lastPeak=0.00000 guard=0.060 activeAge=-1.000 pitch=-1.00Hz pitchCents=0.0
2025-12-14 07:55:34 [tracker] [s4] onset t=100.708 env=0.00169 gate=0.00012 envDelta=0.00157 envFloor=0.00103 onset=0.970 thresh=0.014 onsetDelta=0.95636 baseline=0.00068 adaptive=0.00171 lastPeak=0.00000 guard=0.060 activeAge=-1.000 pitch=-1.00Hz pitchCents=0.0
2025-12-14 07:55:34 [tracker] [s6] onset t=100.751 env=0.00234 gate=0.00022 envDelta=0.00212 envFloor=0.00131 onset=0.998 thresh=0.018 onsetDelta=0.98002 baseline=0.00087 adaptive=0.00219 lastPeak=0.00000 guard=0.060 activeAge=-1.000 pitch=-1.00Hz pitchCents=0.0
2025-12-14 07:55:34 [tracker] [s5] onset t=100.820 env=0.00121 gate=0.00015 envDelta=0.00106 envFloor=0.00106 onset=1.176 thresh=0.016 onsetDelta=1.15995 baseline=0.00071 adaptive=0.00177 lastPeak=0.00000 guard=0.060 activeAge=-1.000 pitch=-1.00Hz pitchCents=0.0
2025-12-14 07:55:34 [tracker] [s4] onset t=100.876 env=0.00173 gate=0.00011 envDelta=0.00162 envFloor=0.00098 onset=1.182 thresh=0.014 onsetDelta=1.16792 baseline=0.00065 adaptive=0.00163 lastPeak=0.00000 guard=0.060 activeAge=-1.000 pitch=-1.00Hz pitchCents=0.0
2025-12-14 07:55:34 [tracker] [s5] onset t=100.914 env=0.00147 gate=0.00014 envDelta=0.00133 envFloor=0.00101 onset=0.993 thresh=0.016 onsetDelta=0.97666 baseline=0.00067 adaptive=0.00168 lastPeak=0.00000 guard=0.060 activeAge=-1.000 pitch=-1.00Hz pitchCents=0.0
2025-12-14 07:55:34 [tracker] [s3] onset t=100.948 env=0.00127 gate=0.00008 envDelta=0.00119 envFloor=0.00093 onset=0.673 thresh=0.012 onsetDelta=0.66183 baseline=0.00062 adaptive=0.00155 lastPeak=0.00000 guard=0.060 activeAge=-1.000 pitch=-1.00Hz pitchCents=0.0
2025-12-14 07:55:34 [tracker] [s1] aubio-raw t=100.9538 onset=0.853586 env=0.001189 peak=0.002625 gain=1.000
2025-12-14 07:55:34 [tracker] [s1] onset-accepted t=100.9538 env=0.001189 gate=0.000023 envDelta=0.001166 envFloor=0.000623 onset=0.853586 thresh=0.006000 onsetDelta=0.847586 baseline=0.000415 floor=0.000180 adapt=0.001038 lastPeak=0.000265 baseParam=0.000180 gateRatio=0.0550 envParam=0.000450 onsetScale=0.300 retriggerScale=1.400 guard=0.060 guardRemain=0.000 activeAge=-1.000 retrigRemain=0.000 pitchHz=727.31 pitchCents=3770.1
2025-12-14 07:55:34 [tracker] [s1] onset t=100.954 env=0.00119 gate=0.00002 envDelta=0.00117 envFloor=0.00062 onset=0.854 thresh=0.006 onsetDelta=0.84759 baseline=0.00042 adaptive=0.00104 lastPeak=0.00026 guard=0.060 activeAge=-1.000 pitch=727.31Hz pitchCents=3770.1
2025-12-14 07:55:35 [tracker] [s5] onset t=101.034 env=0.00165 gate=0.00015 envDelta=0.00150 envFloor=0.00107 onset=1.163 thresh=0.016 onsetDelta=1.14689 baseline=0.00071 adaptive=0.00178 lastPeak=0.00000 guard=0.060 activeAge=-1.000 pitch=-1.00Hz pitchCents=0.0
2025-12-14 07:55:35 [tracker] [s2] onset t=101.058 env=0.00124 gate=0.00001 envDelta=0.00123 envFloor=0.00101 onset=1.029 thresh=0.009 onsetDelta=1.02040 baseline=0.00068 adaptive=0.00169 lastPeak=0.00000 guard=0.060 activeAge=-1.000 pitch=-1.00Hz pitchCents=0.0
2025-12-14 07:55:35 [tracker] [s6] onset t=101.162 env=0.00185 gate=0.00022 envDelta=0.00164 envFloor=0.00131 onset=0.999 thresh=0.018 onsetDelta=0.98057 baseline=0.00087 adaptive=0.00219 lastPeak=0.00000 guard=0.060 activeAge=-1.000 pitch=-1.00Hz pitchCents=0.0
2025-12-14 07:55:35 [tracker] [s1] aubio-raw t=101.1888 onset=0.830594 env=0.001179 peak=0.002357 gain=1.000
2025-12-14 07:55:35 [tracker] [s1] onset-accepted t=101.1888 env=0.001179 gate=0.000025 envDelta=0.001153 envFloor=0.000693 onset=0.830594 thresh=0.006000 onsetDelta=0.824594 baseline=0.000462 floor=0.000180 adapt=0.001155 lastPeak=0.000170 baseParam=0.000180 gateRatio=0.0550 envParam=0.000450 onsetScale=0.300 retriggerScale=1.400 guard=0.060 guardRemain=0.000 activeAge=-1.000 retrigRemain=0.000 pitchHz=347.81 pitchCents=2493.0
2025-12-14 07:55:35 [tracker] [s1] onset t=101.189 env=0.00118 gate=0.00003 envDelta=0.00115 envFloor=0.00069 onset=0.831 thresh=0.006 onsetDelta=0.82459 baseline=0.00046 adaptive=0.00115 lastPeak=0.00017 guard=0.060 activeAge=-1.000 pitch=347.81Hz pitchCents=2493.0
2025-12-14 07:55:35 [tracker] [s1] note-start t=101.189 fret=24 midi=64 vel=0.01 env=0.00118
2025-12-14 07:55:35 [tracker] [s5] onset t=101.317 env=0.00168 gate=0.00014 envDelta=0.00153 envFloor=0.00104 onset=1.270 thresh=0.016 onsetDelta=1.25372 baseline=0.00069 adaptive=0.00173 lastPeak=0.00000 guard=0.060 activeAge=-1.000 pitch=-1.00Hz pitchCents=0.0
2025-12-14 07:55:35 [tracker] [s6] onset t=101.362 env=0.00201 gate=0.00020 envDelta=0.00180 envFloor=0.00121 onset=1.167 thresh=0.018 onsetDelta=1.14912 baseline=0.00081 adaptive=0.00202 lastPeak=0.00000 guard=0.060 activeAge=-1.000 pitch=-1.00Hz pitchCents=0.0
2025-12-14 07:55:35 [tracker] [s5] onset t=101.456 env=0.00154 gate=0.00016 envDelta=0.00138 envFloor=0.00112 onset=1.039 thresh=0.016 onsetDelta=1.02325 baseline=0.00075 adaptive=0.00187 lastPeak=0.00000 guard=0.060 activeAge=-1.000 pitch=-1.00Hz pitchCents=0.0
2025-12-14 07:55:35 [tracker] [s1] aubio-raw t=101.4799 onset=0.836658 env=0.001056 peak=0.002846 gain=1.000
2025-12-14 07:55:35 [tracker] [s1] onset-accepted t=101.4799 env=0.001056 gate=0.000034 envDelta=0.001022 envFloor=0.000634 onset=0.836658 thresh=0.006000 onsetDelta=0.830658 baseline=0.000614 floor=0.000180 adapt=0.001057 lastPeak=0.000682 baseParam=0.000180 gateRatio=0.0550 envParam=0.000450 onsetScale=0.300 retriggerScale=1.400 guard=0.060 guardRemain=0.000 activeAge=0.291 retrigRemain=0.000 pitchHz=-1.00 pitchCents=0.0
2025-12-14 07:55:35 [tracker] [s1] onset t=101.480 env=0.00106 gate=0.00003 envDelta=0.00102 envFloor=0.00063 onset=0.837 thresh=0.006 onsetDelta=0.83066 baseline=0.00061 adaptive=0.00106 lastPeak=0.00068 guard=0.060 activeAge=0.291 pitch=-1.00Hz pitchCents=0.0
2025-12-14 07:55:35 [tracker] [s1] note-ended (new onset) t=101.480 fret=24 dur=0.291
2025-12-14 07:55:35 [tracker] [s1] aubio-raw t=101.5760 onset=0.997719 env=0.000890 peak=0.002336 gain=1.000
2025-12-14 07:55:35 [tracker] [s1] onset-accepted t=101.5760 env=0.000890 gate=0.000028 envDelta=0.000862 envFloor=0.000624 onset=0.997719 thresh=0.006000 onsetDelta=0.991719 baseline=0.000513 floor=0.000180 adapt=0.001039 lastPeak=0.000570 baseParam=0.000180 gateRatio=0.0550 envParam=0.000450 onsetScale=0.300 retriggerScale=1.400 guard=0.060 guardRemain=0.000 activeAge=-1.000 retrigRemain=0.000 pitchHz=-1.00 pitchCents=0.0
2025-12-14 07:55:35 [tracker] [s1] onset t=101.576 env=0.00089 gate=0.00003 envDelta=0.00086 envFloor=0.00062 onset=0.998 thresh=0.006 onsetDelta=0.99172 baseline=0.00051 adaptive=0.00104 lastPeak=0.00057 guard=0.060 activeAge=-1.000 pitch=-1.00Hz pitchCents=0.0
2025-12-14 07:55:35 [tracker] [s6] onset t=101.589 env=0.00180 gate=0.00021 envDelta=0.00160 envFloor=0.00123 onset=1.082 thresh=0.018 onsetDelta=1.06383 baseline=0.00082 adaptive=0.00206 lastPeak=0.00000 guard=0.060 activeAge=-1.000 pitch=-1.00Hz pitchCents=0.0
2025-12-14 07:55:35 [tracker] [s1] aubio-raw t=101.6988 onset=1.140631 env=0.001088 peak=0.002798 gain=1.000
2025-12-14 07:55:35 [tracker] [s1] onset-accepted t=101.6988 env=0.001088 gate=0.000022 envDelta=0.001065 envFloor=0.000606 onset=1.140631 thresh=0.006000 onsetDelta=1.134631 baseline=0.000407 floor=0.000180 adapt=0.001011 lastPeak=0.000452 baseParam=0.000180 gateRatio=0.0550 envParam=0.000450 onsetScale=0.300 retriggerScale=1.400 guard=0.060 guardRemain=0.000 activeAge=-1.000 retrigRemain=0.000 pitchHz=-1.00 pitchCents=0.0
2025-12-14 07:55:35 [tracker] [s1] onset t=101.699 env=0.00109 gate=0.00002 envDelta=0.00107 envFloor=0.00061 onset=1.141 thresh=0.006 onsetDelta=1.13463 baseline=0.00041 adaptive=0.00101 lastPeak=0.00045 guard=0.060 activeAge=-1.000 pitch=-1.00Hz pitchCents=0.0
2025-12-14 07:55:35 [tracker] [s2] onset t=101.723 env=0.00180 gate=0.00001 envDelta=0.00180 envFloor=0.00102 onset=1.001 thresh=0.009 onsetDelta=0.99209 baseline=0.00068 adaptive=0.00169 lastPeak=0.00000 guard=0.060 activeAge=-1.000 pitch=-1.00Hz pitchCents=0.0
2025-12-14 07:55:35 [tracker] [s2] onset t=101.795 env=0.00154 gate=0.00001 envDelta=0.00153 envFloor=0.00100 onset=0.962 thresh=0.009 onsetDelta=0.95330 baseline=0.00067 adaptive=0.00167 lastPeak=0.00000 guard=0.060 activeAge=-1.000 pitch=-1.00Hz pitchCents=0.0
2025-12-14 07:55:35 [tracker] [s5] onset t=101.822 env=0.00175 gate=0.00015 envDelta=0.00160 envFloor=0.00110 onset=1.175 thresh=0.016 onsetDelta=1.15872 baseline=0.00073 adaptive=0.00183 lastPeak=0.00000 guard=0.060 activeAge=-1.000 pitch=-1.00Hz pitchCents=0.0
2025-12-14 07:55:35 [tracker] [s6] onset t=101.880 env=0.00168 gate=0.00022 envDelta=0.00146 envFloor=0.00131 onset=0.994 thresh=0.018 onsetDelta=0.97644 baseline=0.00087 adaptive=0.00218 lastPeak=0.00000 guard=0.060 activeAge=-1.000 pitch=-1.00Hz pitchCents=0.0
2025-12-14 07:55:35 [tracker] [s3] onset t=101.947 env=0.00115 gate=0.00008 envDelta=0.00107 envFloor=0.00092 onset=0.951 thresh=0.012 onsetDelta=0.93921 baseline=0.00062 adaptive=0.00154 lastPeak=0.00000 guard=0.060 activeAge=-1.000 pitch=-1.00Hz pitchCents=0.0
2025-12-14 07:55:36 [tracker] [s1] aubio-raw t=102.0540 onset=0.853815 env=0.001247 peak=0.002971 gain=1.000
2025-12-14 07:55:36 [tracker] [s1] onset-accepted t=102.0540 env=0.001247 gate=0.000023 envDelta=0.001224 envFloor=0.000632 onset=0.853815 thresh=0.006000 onsetDelta=0.847815 baseline=0.000422 floor=0.000180 adapt=0.001054 lastPeak=0.000232 baseParam=0.000180 gateRatio=0.0550 envParam=0.000450 onsetScale=0.300 retriggerScale=1.400 guard=0.060 guardRemain=0.000 activeAge=-1.000 retrigRemain=0.000 pitchHz=888.84 pitchCents=4117.3
2025-12-14 07:55:36 [tracker] [s1] onset t=102.054 env=0.00125 gate=0.00002 envDelta=0.00122 envFloor=0.00063 onset=0.854 thresh=0.006 onsetDelta=0.84782 baseline=0.00042 adaptive=0.00105 lastPeak=0.00023 guard=0.060 activeAge=-1.000 pitch=888.84Hz pitchCents=4117.3
2025-12-14 07:55:36 [tracker] [s6] onset t=102.073 env=0.00198 gate=0.00019 envDelta=0.00179 envFloor=0.00117 onset=1.273 thresh=0.018 onsetDelta=1.25498 baseline=0.00078 adaptive=0.00195 lastPeak=0.00000 guard=0.060 activeAge=-1.000 pitch=-1.00Hz pitchCents=0.0
2025-12-14 07:55:36 [tracker] [s1] aubio-raw t=102.1047 onset=0.876694 env=0.001241 peak=0.002195 gain=1.000
2025-12-14 07:55:36 [tracker] [s1] onset-accepted t=102.1047 env=0.001241 gate=0.000024 envDelta=0.001217 envFloor=0.000652 onset=0.876694 thresh=0.006000 onsetDelta=0.870694 baseline=0.000435 floor=0.000180 adapt=0.001087 lastPeak=0.000211 baseParam=0.000180 gateRatio=0.0550 envParam=0.000450 onsetScale=0.300 retriggerScale=1.400 guard=0.060 guardRemain=0.000 activeAge=-1.000 retrigRemain=0.000 pitchHz=98.76 pitchCents=313.4
2025-12-14 07:55:36 [tracker] [s1] onset t=102.105 env=0.00124 gate=0.00002 envDelta=0.00122 envFloor=0.00065 onset=0.877 thresh=0.006 onsetDelta=0.87069 baseline=0.00043 adaptive=0.00109 lastPeak=0.00021 guard=0.060 activeAge=-1.000 pitch=98.76Hz pitchCents=313.4
2025-12-14 07:55:36 [tracker] [s1] aubio-raw t=102.1635 onset=0.998908 env=0.001216 peak=0.002532 gain=1.000
2025-12-14 07:55:36 [tracker] [s1] onset-accepted t=102.1635 env=0.001216 gate=0.000024 envDelta=0.001192 envFloor=0.000656 onset=0.998908 thresh=0.006000 onsetDelta=0.992908 baseline=0.000437 floor=0.000180 adapt=0.001093 lastPeak=0.000189 baseParam=0.000180 gateRatio=0.0550 envParam=0.000450 onsetScale=0.300 retriggerScale=1.400 guard=0.060 guardRemain=0.000 activeAge=-1.000 retrigRemain=0.000 pitchHz=-1.00 pitchCents=0.0
2025-12-14 07:55:36 [tracker] [s1] onset t=102.163 env=0.00122 gate=0.00002 envDelta=0.00119 envFloor=0.00066 onset=0.999 thresh=0.006 onsetDelta=0.99291 baseline=0.00044 adaptive=0.00109 lastPeak=0.00019 guard=0.060 activeAge=-1.000 pitch=-1.00Hz pitchCents=0.0
2025-12-14 07:55:36 [tracker] [s5] onset t=102.257 env=0.00158 gate=0.00016 envDelta=0.00143 envFloor=0.00112 onset=0.966 thresh=0.016 onsetDelta=0.94999 baseline=0.00075 adaptive=0.00186 lastPeak=0.00000 guard=0.060 activeAge=-1.000 pitch=-1.00Hz pitchCents=0.0
2025-12-14 07:55:36 [tracker] [s3] onset t=102.326 env=0.00150 gate=0.00008 envDelta=0.00142 envFloor=0.00090 onset=1.128 thresh=0.012 onsetDelta=1.11611 baseline=0.00060 adaptive=0.00150 lastPeak=0.00000 guard=0.060 activeAge=-1.000 pitch=-1.00Hz pitchCents=0.0
2025-12-14 07:55:36 [tracker] [s4] onset t=102.428 env=0.00134 gate=0.00011 envDelta=0.00123 envFloor=0.00093 onset=0.963 thresh=0.014 onsetDelta=0.94943 baseline=0.00062 adaptive=0.00155 lastPeak=0.00000 guard=0.060 activeAge=-1.000 pitch=-1.00Hz pitchCents=0.0
2025-12-14 07:55:36 [tracker] [s6] onset t=102.465 env=0.00222 gate=0.00020 envDelta=0.00201 envFloor=0.00122 onset=1.354 thresh=0.018 onsetDelta=1.33556 baseline=0.00082 adaptive=0.00204 lastPeak=0.00000 guard=0.060 activeAge=-1.000 pitch=-1.00Hz pitchCents=0.0
2025-12-14 07:55:36 [tracker] [s4] onset t=102.551 env=0.00152 gate=0.00011 envDelta=0.00141 envFloor=0.00098 onset=0.908 thresh=0.014 onsetDelta=0.89383 baseline=0.00065 adaptive=0.00163 lastPeak=0.00000 guard=0.060 activeAge=-1.000 pitch=-1.00Hz pitchCents=0.0
2025-12-14 07:55:36 [tracker] [s1] aubio-raw t=102.6548 onset=0.993918 env=0.000769 peak=0.002004 gain=1.000
2025-12-14 07:55:36 [tracker] [s1] onset-accepted t=102.6548 env=0.000769 gate=0.000023 envDelta=0.000746 envFloor=0.000634 onset=0.993918 thresh=0.006000 onsetDelta=0.987918 baseline=0.000422 floor=0.000180 adapt=0.001056 lastPeak=0.000075 baseParam=0.000180 gateRatio=0.0550 envParam=0.000450 onsetScale=0.300 retriggerScale=1.400 guard=0.060 guardRemain=0.000 activeAge=-1.000 retrigRemain=0.000 pitchHz=94.12 pitchCents=230.0
2025-12-14 07:55:36 [tracker] [s1] onset t=102.655 env=0.00077 gate=0.00002 envDelta=0.00075 envFloor=0.00063 onset=0.994 thresh=0.006 onsetDelta=0.98792 baseline=0.00042 adaptive=0.00106 lastPeak=0.00008 guard=0.060 activeAge=-1.000 pitch=94.12Hz pitchCents=230.0
2025-12-14 07:55:36 [tracker] [s3] onset t=102.722 env=0.00139 gate=0.00008 envDelta=0.00131 envFloor=0.00093 onset=1.424 thresh=0.012 onsetDelta=1.41243 baseline=0.00062 adaptive=0.00155 lastPeak=0.00000 guard=0.060 activeAge=-1.000 pitch=-1.00Hz pitchCents=0.0
2025-12-14 07:55:36 [tracker] [s6] onset t=102.735 env=0.00177 gate=0.00020 envDelta=0.00157 envFloor=0.00121 onset=0.998 thresh=0.018 onsetDelta=0.98038 baseline=0.00080 adaptive=0.00201 lastPeak=0.00000 guard=0.060 activeAge=-1.000 pitch=-1.00Hz pitchCents=0.0
2025-12-14 07:55:36 [tracker] [s2] onset t=102.930 env=0.00161 gate=0.00001 envDelta=0.00161 envFloor=0.00103 onset=1.022 thresh=0.009 onsetDelta=1.01311 baseline=0.00069 adaptive=0.00172 lastPeak=0.00000 guard=0.060 activeAge=-1.000 pitch=1143.17Hz pitchCents=4053.0
2025-12-14 07:55:36 [tracker] [s6] onset t=102.938 env=0.00204 gate=0.00021 envDelta=0.00183 envFloor=0.00126 onset=1.074 thresh=0.018 onsetDelta=1.05621 baseline=0.00084 adaptive=0.00209 lastPeak=0.00000 guard=0.060 activeAge=-1.000 pitch=-1.00Hz pitchCents=0.0
2025-12-14 07:55:37 [tracker] [s3] onset t=103.015 env=0.00195 gate=0.00008 envDelta=0.00187 envFloor=0.00096 onset=0.998 thresh=0.012 onsetDelta=0.98590 baseline=0.00064 adaptive=0.00160 lastPeak=0.00000 guard=0.060 activeAge=-1.000 pitch=-1.00Hz pitchCents=0.0
2025-12-14 07:55:37 [tracker] [s4] onset t=103.037 env=0.00140 gate=0.00012 envDelta=0.00129 envFloor=0.00102 onset=1.237 thresh=0.014 onsetDelta=1.22264 baseline=0.00068 adaptive=0.00169 lastPeak=0.00000 guard=0.060 activeAge=-1.000 pitch=-1.00Hz pitchCents=0.0
2025-12-14 07:55:37 [tracker] [s2] onset t=103.106 env=0.00142 gate=0.00001 envDelta=0.00141 envFloor=0.00104 onset=0.560 thresh=0.009 onsetDelta=0.55055 baseline=0.00069 adaptive=0.00174 lastPeak=0.00000 guard=0.060 activeAge=-1.000 pitch=-1.00Hz pitchCents=0.0
2025-12-14 07:55:37 [tracker] [s6] onset t=103.125 env=0.00170 gate=0.00020 envDelta=0.00150 envFloor=0.00120 onset=1.109 thresh=0.018 onsetDelta=1.09072 baseline=0.00080 adaptive=0.00200 lastPeak=0.00000 guard=0.060 activeAge=-1.000 pitch=-1.00Hz pitchCents=0.0
2025-12-14 07:55:37 [tracker] [s2] onset t=103.261 env=0.00129 gate=0.00001 envDelta=0.00128 envFloor=0.00106 onset=0.905 thresh=0.009 onsetDelta=0.89571 baseline=0.00070 adaptive=0.00176 lastPeak=0.00000 guard=0.060 activeAge=-1.000 pitch=-1.00Hz pitchCents=0.0
2025-12-14 07:55:37 [tracker] [s1] aubio-raw t=103.3571 onset=0.995675 env=0.001334 peak=0.002551 gain=1.000
2025-12-14 07:55:37 [tracker] [s1] onset-accepted t=103.3571 env=0.001334 gate=0.000024 envDelta=0.001310 envFloor=0.000644 onset=0.995675 thresh=0.006000 onsetDelta=0.989675 baseline=0.000430 floor=0.000180 adapt=0.001074 lastPeak=0.000020 baseParam=0.000180 gateRatio=0.0550 envParam=0.000450 onsetScale=0.300 retriggerScale=1.400 guard=0.060 guardRemain=0.000 activeAge=-1.000 retrigRemain=0.000 pitchHz=-1.00 pitchCents=0.0
2025-12-14 07:55:37 [tracker] [s1] onset t=103.357 env=0.00133 gate=0.00002 envDelta=0.00131 envFloor=0.00064 onset=0.996 thresh=0.006 onsetDelta=0.98968 baseline=0.00043 adaptive=0.00107 lastPeak=0.00002 guard=0.060 activeAge=-1.000 pitch=-1.00Hz pitchCents=0.0
2025-12-14 07:55:37 [tracker] [s4] onset t=103.376 env=0.00156 gate=0.00011 envDelta=0.00145 envFloor=0.00101 onset=1.017 thresh=0.014 onsetDelta=1.00339 baseline=0.00067 adaptive=0.00168 lastPeak=0.00000 guard=0.060 activeAge=-1.000 pitch=-1.00Hz pitchCents=0.0
2025-12-14 07:55:37 [tracker] [s6] onset t=103.453 env=0.00193 gate=0.00021 envDelta=0.00172 envFloor=0.00127 onset=0.786 thresh=0.018 onsetDelta=0.76832 baseline=0.00085 adaptive=0.00212 lastPeak=0.00000 guard=0.060 activeAge=-1.000 pitch=-1.00Hz pitchCents=0.0
2025-12-14 07:55:37 [tracker] [s4] onset t=103.653 env=0.00173 gate=0.00011 envDelta=0.00161 envFloor=0.00099 onset=0.958 thresh=0.014 onsetDelta=0.94410 baseline=0.00066 adaptive=0.00165 lastPeak=0.00000 guard=0.060 activeAge=-1.000 pitch=-1.00Hz pitchCents=0.0
2025-12-14 07:55:37 [tracker] [s3] onset t=103.691 env=0.00133 gate=0.00008 envDelta=0.00125 envFloor=0.00092 onset=1.468 thresh=0.012 onsetDelta=1.45602 baseline=0.00061 adaptive=0.00153 lastPeak=0.00000 guard=0.060 activeAge=-1.000 pitch=-1.00Hz pitchCents=0.0
2025-12-14 07:55:37 [tracker] [s6] onset t=103.736 env=0.00183 gate=0.00022 envDelta=0.00161 envFloor=0.00131 onset=0.758 thresh=0.018 onsetDelta=0.73989 baseline=0.00088 adaptive=0.00219 lastPeak=0.00000 guard=0.060 activeAge=-1.000 pitch=-1.00Hz pitchCents=0.0
2025-12-14 07:55:37 [tracker] [s2] onset t=103.835 env=0.00119 gate=0.00001 envDelta=0.00118 envFloor=0.00100 onset=1.046 thresh=0.009 onsetDelta=1.03692 baseline=0.00067 adaptive=0.00167 lastPeak=0.00000 guard=0.060 activeAge=-1.000 pitch=-1.00Hz pitchCents=0.0
2025-12-14 07:55:37 [tracker] [s5] onset t=103.843 env=0.00180 gate=0.00016 envDelta=0.00164 envFloor=0.00111 onset=0.974 thresh=0.016 onsetDelta=0.95779 baseline=0.00074 adaptive=0.00185 lastPeak=0.00000 guard=0.060 activeAge=-1.000 pitch=-1.00Hz pitchCents=0.0
2025-12-14 07:55:37 [tracker] [s1] aubio-raw t=103.8724 onset=0.812842 env=0.000765 peak=0.001863 gain=1.000
2025-12-14 07:55:37 [tracker] [s1] onset-accepted t=103.8724 env=0.000765 gate=0.000023 envDelta=0.000743 envFloor=0.000615 onset=0.812842 thresh=0.006000 onsetDelta=0.806842 baseline=0.000410 floor=0.000180 adapt=0.001024 lastPeak=0.000008 baseParam=0.000180 gateRatio=0.0550 envParam=0.000450 onsetScale=0.300 retriggerScale=1.400 guard=0.060 guardRemain=0.000 activeAge=-1.000 retrigRemain=0.000 pitchHz=-1.00 pitchCents=0.0
2025-12-14 07:55:37 [tracker] [s1] onset t=103.872 env=0.00077 gate=0.00002 envDelta=0.00074 envFloor=0.00061 onset=0.813 thresh=0.006 onsetDelta=0.80684 baseline=0.00041 adaptive=0.00102 lastPeak=0.00001 guard=0.060 activeAge=-1.000 pitch=-1.00Hz pitchCents=0.0
2025-12-14 07:55:37 [tracker] [s6] onset t=103.904 env=0.00168 gate=0.00020 envDelta=0.00147 envFloor=0.00123 onset=0.766 thresh=0.018 onsetDelta=0.74760 baseline=0.00082 adaptive=0.00205 lastPeak=0.00000 guard=0.060 activeAge=-1.000 pitch=-1.00Hz pitchCents=0.0
2025-12-14 07:55:38 [tracker] [s1] aubio-raw t=104.0033 onset=0.996555 env=0.000741 peak=0.001920 gain=1.000
2025-12-14 07:55:38 [tracker] [s1] onset-accepted t=104.0033 env=0.000741 gate=0.000024 envDelta=0.000717 envFloor=0.000656 onset=0.996555 thresh=0.006000 onsetDelta=0.990555 baseline=0.000437 floor=0.000180 adapt=0.001093 lastPeak=0.000006 baseParam=0.000180 gateRatio=0.0550 envParam=0.000450 onsetScale=0.300 retriggerScale=1.400 guard=0.060 guardRemain=0.000 activeAge=-1.000 retrigRemain=0.000 pitchHz=94.12 pitchCents=230.0
2025-12-14 07:55:38 [tracker] [s1] onset t=104.003 env=0.00074 gate=0.00002 envDelta=0.00072 envFloor=0.00066 onset=0.997 thresh=0.006 onsetDelta=0.99056 baseline=0.00044 adaptive=0.00109 lastPeak=0.00001 guard=0.060 activeAge=-1.000 pitch=94.12Hz pitchCents=230.0
2025-12-14 07:55:38 [tracker] [s6] onset t=104.059 env=0.00198 gate=0.00021 envDelta=0.00177 envFloor=0.00126 onset=0.861 thresh=0.018 onsetDelta=0.84308 baseline=0.00084 adaptive=0.00210 lastPeak=0.00000 guard=0.060 activeAge=-1.000 pitch=-1.00Hz pitchCents=0.0
2025-12-14 07:55:38 [tracker] [s5] onset t=104.078 env=0.00166 gate=0.00016 envDelta=0.00150 envFloor=0.00114 onset=1.001 thresh=0.016 onsetDelta=0.98468 baseline=0.00076 adaptive=0.00190 lastPeak=0.00000 guard=0.060 activeAge=-1.000 pitch=-1.00Hz pitchCents=0.0
2025-12-14 07:55:38 [tracker] [s6] onset t=104.273 env=0.00189 gate=0.00021 envDelta=0.00169 envFloor=0.00124 onset=0.727 thresh=0.018 onsetDelta=0.70936 baseline=0.00082 adaptive=0.00206 lastPeak=0.00000 guard=0.060 activeAge=-1.000 pitch=-1.00Hz pitchCents=0.0
2025-12-14 07:55:38 [tracker] [s3] onset t=104.278 env=0.00105 gate=0.00008 envDelta=0.00097 envFloor=0.00094 onset=1.163 thresh=0.012 onsetDelta=1.15149 baseline=0.00063 adaptive=0.00157 lastPeak=0.00000 guard=0.060 activeAge=-1.000 pitch=-1.00Hz pitchCents=0.0
2025-12-14 07:55:38 [tracker] [s1] aubio-raw t=104.3237 onset=0.986940 env=0.001204 peak=0.002569 gain=1.000
2025-12-14 07:55:38 [tracker] [s1] onset-accepted t=104.3237 env=0.001204 gate=0.000024 envDelta=0.001180 envFloor=0.000661 onset=0.986940 thresh=0.006000 onsetDelta=0.980940 baseline=0.000441 floor=0.000180 adapt=0.001102 lastPeak=0.000003 baseParam=0.000180 gateRatio=0.0550 envParam=0.000450 onsetScale=0.300 retriggerScale=1.400 guard=0.060 guardRemain=0.000 activeAge=-1.000 retrigRemain=0.000 pitchHz=-1.00 pitchCents=0.0
2025-12-14 07:55:38 [tracker] [s1] onset t=104.324 env=0.00120 gate=0.00002 envDelta=0.00118 envFloor=0.00066 onset=0.987 thresh=0.006 onsetDelta=0.98094 baseline=0.00044 adaptive=0.00110 lastPeak=0.00000 guard=0.060 activeAge=-1.000 pitch=-1.00Hz pitchCents=0.0
2025-12-14 07:55:38 [tracker] [s6] onset t=104.444 env=0.00236 gate=0.00022 envDelta=0.00214 envFloor=0.00131 onset=1.114 thresh=0.018 onsetDelta=1.09641 baseline=0.00087 adaptive=0.00218 lastPeak=0.00000 guard=0.060 activeAge=-1.000 pitch=-1.00Hz pitchCents=0.0
2025-12-14 07:55:38 [tracker] [s1] aubio-raw t=104.4519 onset=0.874142 env=0.000870 peak=0.002344 gain=1.000
2025-12-14 07:55:38 [tracker] [s1] onset-accepted t=104.4519 env=0.000870 gate=0.000023 envDelta=0.000847 envFloor=0.000629 onset=0.874142 thresh=0.006000 onsetDelta=0.868142 baseline=0.000419 floor=0.000180 adapt=0.001049 lastPeak=0.000003 baseParam=0.000180 gateRatio=0.0550 envParam=0.000450 onsetScale=0.300 retriggerScale=1.400 guard=0.060 guardRemain=0.000 activeAge=-1.000 retrigRemain=0.000 pitchHz=-1.00 pitchCents=0.0
2025-12-14 07:55:38 [tracker] [s1] onset t=104.452 env=0.00087 gate=0.00002 envDelta=0.00085 envFloor=0.00063 onset=0.874 thresh=0.006 onsetDelta=0.86814 baseline=0.00042 adaptive=0.00105 lastPeak=0.00000 guard=0.060 activeAge=-1.000 pitch=-1.00Hz pitchCents=0.0
2025-12-14 07:55:38 [tracker] [s3] onset t=104.601 env=0.00124 gate=0.00008 envDelta=0.00116 envFloor=0.00093 onset=1.443 thresh=0.012 onsetDelta=1.43171 baseline=0.00062 adaptive=0.00156 lastPeak=0.00000 guard=0.060 activeAge=-1.000 pitch=-1.00Hz pitchCents=0.0
2025-12-14 07:55:38 [tracker] [s4] onset t=104.658 env=0.00167 gate=0.00011 envDelta=0.00156 envFloor=0.00099 onset=0.998 thresh=0.014 onsetDelta=0.98419 baseline=0.00066 adaptive=0.00165 lastPeak=0.00000 guard=0.060 activeAge=-1.000 pitch=-1.00Hz pitchCents=0.0
2025-12-14 07:55:38 [tracker] [s1] aubio-raw t=104.7002 onset=1.257582 env=0.000895 peak=0.001957 gain=1.000
2025-12-14 07:55:38 [tracker] [s1] onset-accepted t=104.7002 env=0.000895 gate=0.000024 envDelta=0.000871 envFloor=0.000658 onset=1.257582 thresh=0.006000 onsetDelta=1.251582 baseline=0.000439 floor=0.000180 adapt=0.001097 lastPeak=0.000002 baseParam=0.000180 gateRatio=0.0550 envParam=0.000450 onsetScale=0.300 retriggerScale=1.400 guard=0.060 guardRemain=0.000 activeAge=-1.000 retrigRemain=0.000 pitchHz=-1.00 pitchCents=0.0
2025-12-14 07:55:38 [tracker] [s4] onset t=104.738 env=0.00125 gate=0.00011 envDelta=0.00114 envFloor=0.00096 onset=0.758 thresh=0.014 onsetDelta=0.74381 baseline=0.00064 adaptive=0.00160 lastPeak=0.00000 guard=0.060 activeAge=-1.000 pitch=-1.00Hz pitchCents=0.0
2025-12-14 07:55:38 [tracker] [s6] onset t=104.743 env=0.00174 gate=0.00020 envDelta=0.00154 envFloor=0.00118 onset=0.994 thresh=0.018 onsetDelta=0.97568 baseline=0.00079 adaptive=0.00196 lastPeak=0.00000 guard=0.060 activeAge=-1.000 pitch=-1.00Hz pitchCents=0.0
2025-12-14 07:55:38 [tracker] [s3] onset t=104.754 env=0.00115 gate=0.00008 envDelta=0.00107 envFloor=0.00091 onset=0.883 thresh=0.012 onsetDelta=0.87135 baseline=0.00061 adaptive=0.00152 lastPeak=0.00000 guard=0.060 activeAge=-1.000 pitch=-1.00Hz pitchCents=0.0
2025-12-14 07:55:38 [tracker] [s4] onset t=104.887 env=0.00140 gate=0.00011 envDelta=0.00128 envFloor=0.00101 onset=0.993 thresh=0.014 onsetDelta=0.97875 baseline=0.00068 adaptive=0.00169 lastPeak=0.00000 guard=0.060 activeAge=-1.000 pitch=-1.00Hz pitchCents=0.0
2025-12-14 07:55:38 [tracker] [s1] aubio-raw t=104.9032 onset=1.056069 env=0.000762 peak=0.001999 gain=1.000
2025-12-14 07:55:38 [tracker] [s1] onset-accepted t=104.9032 env=0.000762 gate=0.000025 envDelta=0.000738 envFloor=0.000672 onset=1.056069 thresh=0.006000 onsetDelta=1.050069 baseline=0.000448 floor=0.000180 adapt=0.001120 lastPeak=0.000001 baseParam=0.000180 gateRatio=0.0550 envParam=0.000450 onsetScale=0.300 retriggerScale=1.400 guard=0.060 guardRemain=0.000 activeAge=-1.000 retrigRemain=0.000 pitchHz=-1.00 pitchCents=0.0
2025-12-14 07:55:38 [tracker] [s1] onset t=104.903 env=0.00076 gate=0.00002 envDelta=0.00074 envFloor=0.00067 onset=1.056 thresh=0.006 onsetDelta=1.05007 baseline=0.00045 adaptive=0.00112 lastPeak=0.00000 guard=0.060 activeAge=-1.000 pitch=-1.00Hz pitchCents=0.0
2025-12-14 07:55:38 [tracker] [s4] onset t=104.951 env=0.00166 gate=0.00012 envDelta=0.00154 envFloor=0.00102 onset=0.786 thresh=0.014 onsetDelta=0.77245 baseline=0.00068 adaptive=0.00170 lastPeak=0.00000 guard=0.060 activeAge=-1.000 pitch=-1.00Hz pitchCents=0.0
2025-12-14 07:55:39 [tracker] [s6] onset t=104.978 env=0.00178 gate=0.00022 envDelta=0.00156 envFloor=0.00129 onset=1.145 thresh=0.018 onsetDelta=1.12736 baseline=0.00086 adaptive=0.00216 lastPeak=0.00000 guard=0.060 activeAge=-1.000 pitch=-1.00Hz pitchCents=0.0
2025-12-14 07:55:39 [tracker] [s2] onset t=105.021 env=0.00153 gate=0.00001 envDelta=0.00152 envFloor=0.00093 onset=0.857 thresh=0.009 onsetDelta=0.84831 baseline=0.00062 adaptive=0.00154 lastPeak=0.00000 guard=0.060 activeAge=-1.000 pitch=363.62Hz pitchCents=2069.9
2025-12-14 07:55:39 [tracker] [s4] onset t=105.029 env=0.00149 gate=0.00011 envDelta=0.00138 envFloor=0.00096 onset=0.994 thresh=0.014 onsetDelta=0.97999 baseline=0.00064 adaptive=0.00161 lastPeak=0.00000 guard=0.060 activeAge=-1.000 pitch=-1.00Hz pitchCents=0.0
2025-12-14 07:55:39 [tracker] [s6] onset t=105.119 env=0.00208 gate=0.00020 envDelta=0.00188 envFloor=0.00120 onset=1.048 thresh=0.018 onsetDelta=1.03044 baseline=0.00080 adaptive=0.00199 lastPeak=0.00000 guard=0.060 activeAge=-1.000 pitch=-1.00Hz pitchCents=0.0
2025-12-14 07:55:39 [tracker] [s1] aubio-raw t=105.1248 onset=1.009121 env=0.000941 peak=0.002111 gain=1.000
2025-12-14 07:55:39 [tracker] [s1] onset-accepted t=105.1248 env=0.000941 gate=0.000023 envDelta=0.000918 envFloor=0.000626 onset=1.009121 thresh=0.006000 onsetDelta=1.003121 baseline=0.000417 floor=0.000180 adapt=0.001043 lastPeak=0.000001 baseParam=0.000180 gateRatio=0.0550 envParam=0.000450 onsetScale=0.300 retriggerScale=1.400 guard=0.060 guardRemain=0.000 activeAge=-1.000 retrigRemain=0.000 pitchHz=190.48 pitchCents=1450.6
2025-12-14 07:55:39 [tracker] [s1] onset t=105.125 env=0.00094 gate=0.00002 envDelta=0.00092 envFloor=0.00063 onset=1.009 thresh=0.006 onsetDelta=1.00312 baseline=0.00042 adaptive=0.00104 lastPeak=0.00000 guard=0.060 activeAge=-1.000 pitch=190.48Hz pitchCents=1450.6
2025-12-14 07:55:39 [tracker] [s5] onset t=105.146 env=0.00152 gate=0.00015 envDelta=0.00138 envFloor=0.00104 onset=0.987 thresh=0.016 onsetDelta=0.97148 baseline=0.00069 adaptive=0.00173 lastPeak=0.00000 guard=0.060 activeAge=-1.000 pitch=-1.00Hz pitchCents=0.0
2025-12-14 07:55:39 [tracker] [s2] onset t=105.208 env=0.00119 gate=0.00001 envDelta=0.00119 envFloor=0.00099 onset=1.377 thresh=0.009 onsetDelta=1.36843 baseline=0.00066 adaptive=0.00165 lastPeak=0.00000 guard=0.060 activeAge=-1.000 pitch=-1.00Hz pitchCents=0.0
2025-12-14 07:55:39 [tracker] [s5] onset t=105.221 env=0.00165 gate=0.00015 envDelta=0.00150 envFloor=0.00106 onset=1.009 thresh=0.016 onsetDelta=0.99341 baseline=0.00071 adaptive=0.00177 lastPeak=0.00000 guard=0.060 activeAge=-1.000 pitch=-1.00Hz pitchCents=0.0
2025-12-14 07:55:39 [tracker] [s2] onset t=105.376 env=0.00200 gate=0.00001 envDelta=0.00199 envFloor=0.00104 onset=1.042 thresh=0.009 onsetDelta=1.03336 baseline=0.00070 adaptive=0.00174 lastPeak=0.00000 guard=0.060 activeAge=-1.000 pitch=888.85Hz pitchCents=3617.3
2025-12-14 07:55:39 [tracker] [s2] note-start t=105.376 fret=24 midi=69 vel=0.02 env=0.00200
2025-12-14 07:55:39 [tracker] [s3] onset t=105.400 env=0.00129 gate=0.00008 envDelta=0.00121 envFloor=0.00094 onset=1.129 thresh=0.012 onsetDelta=1.11737 baseline=0.00063 adaptive=0.00157 lastPeak=0.00000 guard=0.060 activeAge=-1.000 pitch=-1.00Hz pitchCents=0.0
2025-12-14 07:55:39 [tracker] [s5] onset t=105.408 env=0.00135 gate=0.00014 envDelta=0.00120 envFloor=0.00103 onset=0.990 thresh=0.016 onsetDelta=0.97357 baseline=0.00069 adaptive=0.00172 lastPeak=0.00000 guard=0.060 activeAge=-1.000 pitch=-1.00Hz pitchCents=0.0
2025-12-14 07:55:39 [tracker] [s4] onset t=105.528 env=0.00153 gate=0.00012 envDelta=0.00141 envFloor=0.00103 onset=1.003 thresh=0.014 onsetDelta=0.98869 baseline=0.00069 adaptive=0.00172 lastPeak=0.00000 guard=0.060 activeAge=-1.000 pitch=-1.00Hz pitchCents=0.0
2025-12-14 07:55:39 [tracker] [s3] onset t=105.600 env=0.00164 gate=0.00008 envDelta=0.00156 envFloor=0.00091 onset=1.028 thresh=0.012 onsetDelta=1.01598 baseline=0.00060 adaptive=0.00151 lastPeak=0.00000 guard=0.060 activeAge=-1.000 pitch=-1.00Hz pitchCents=0.0
2025-12-14 07:55:39 [tracker] [s6] onset t=105.678 env=0.00189 gate=0.00022 envDelta=0.00167 envFloor=0.00130 onset=0.995 thresh=0.018 onsetDelta=0.97708 baseline=0.00086 adaptive=0.00216 lastPeak=0.00000 guard=0.060 activeAge=-1.000 pitch=-1.00Hz pitchCents=0.0
2025-12-14 07:55:39 [tracker] [s6] onset t=105.736 env=0.00195 gate=0.00021 envDelta=0.00174 envFloor=0.00127 onset=0.886 thresh=0.018 onsetDelta=0.86815 baseline=0.00084 adaptive=0.00211 lastPeak=0.00000 guard=0.060 activeAge=-1.000 pitch=-1.00Hz pitchCents=0.0
2025-12-14 07:55:39 [tracker] [s5] onset t=105.760 env=0.00147 gate=0.00015 envDelta=0.00131 envFloor=0.00110 onset=1.004 thresh=0.016 onsetDelta=0.98839 baseline=0.00074 adaptive=0.00184 lastPeak=0.00000 guard=0.060 activeAge=-1.000 pitch=-1.00Hz pitchCents=0.0
2025-12-14 07:55:39 [tracker] [s4] onset t=105.806 env=0.00134 gate=0.00011 envDelta=0.00123 envFloor=0.00100 onset=1.228 thresh=0.014 onsetDelta=1.21386 baseline=0.00067 adaptive=0.00167 lastPeak=0.00000 guard=0.060 activeAge=-1.000 pitch=-1.00Hz pitchCents=0.0
2025-12-14 07:55:39 [tracker] [s1] aubio-raw t=105.8431 onset=0.992805 env=0.000687 peak=0.001457 gain=1.000
2025-12-14 07:55:39 [tracker] [s1] onset-accepted t=105.8431 env=0.000687 gate=0.000022 envDelta=0.000666 envFloor=0.000593 onset=0.992805 thresh=0.006000 onsetDelta=0.986805 baseline=0.000395 floor=0.000180 adapt=0.000989 lastPeak=0.000000 baseParam=0.000180 gateRatio=0.0550 envParam=0.000450 onsetScale=0.300 retriggerScale=1.400 guard=0.060 guardRemain=0.000 activeAge=-1.000 retrigRemain=0.000 pitchHz=470.64 pitchCents=3016.5
2025-12-14 07:55:39 [tracker] [s1] onset t=105.843 env=0.00069 gate=0.00002 envDelta=0.00067 envFloor=0.00059 onset=0.993 thresh=0.006 onsetDelta=0.98681 baseline=0.00040 adaptive=0.00099 lastPeak=0.00000 guard=0.060 activeAge=-1.000 pitch=470.64Hz pitchCents=3016.5
2025-12-14 07:55:39 [tracker] [s5] onset t=105.921 env=0.00143 gate=0.00014 envDelta=0.00129 envFloor=0.00103 onset=1.158 thresh=0.016 onsetDelta=1.14170 baseline=0.00069 adaptive=0.00172 lastPeak=0.00000 guard=0.060 activeAge=-1.000 pitch=-1.00Hz pitchCents=0.0
2025-12-14 07:55:39 [tracker] [s3] onset t=105.958 env=0.00182 gate=0.00008 envDelta=0.00173 envFloor=0.00098 onset=1.175 thresh=0.012 onsetDelta=1.16341 baseline=0.00065 adaptive=0.00163 lastPeak=0.00000 guard=0.060 activeAge=-1.000 pitch=-1.00Hz pitchCents=0.0
2025-12-14 07:55:40 [tracker] [s6] onset t=106.025 env=0.00230 gate=0.00022 envDelta=0.00208 envFloor=0.00132 onset=0.779 thresh=0.018 onsetDelta=0.76104 baseline=0.00088 adaptive=0.00220 lastPeak=0.00000 guard=0.060 activeAge=-1.000 pitch=-1.00Hz pitchCents=0.0
2025-12-14 07:55:40 [tracker] [s3] onset t=106.094 env=0.00116 gate=0.00008 envDelta=0.00108 envFloor=0.00095 onset=1.279 thresh=0.012 onsetDelta=1.26697 baseline=0.00064 adaptive=0.00159 lastPeak=0.00000 guard=0.060 activeAge=-1.000 pitch=-1.00Hz pitchCents=0.0
2025-12-14 07:55:40 [tracker] [s4] onset t=106.129 env=0.00133 gate=0.00011 envDelta=0.00122 envFloor=0.00099 onset=0.996 thresh=0.014 onsetDelta=0.98250 baseline=0.00066 adaptive=0.00165 lastPeak=0.00000 guard=0.060 activeAge=-1.000 pitch=-1.00Hz pitchCents=0.0
2025-12-14 07:55:40 [tracker] [s4] onset t=106.204 env=0.00144 gate=0.00011 envDelta=0.00133 envFloor=0.00095 onset=1.052 thresh=0.014 onsetDelta=1.03764 baseline=0.00063 adaptive=0.00158 lastPeak=0.00000 guard=0.060 activeAge=-1.000 pitch=-1.00Hz pitchCents=0.0
2025-12-14 07:55:40 [tracker] [s3] onset t=106.209 env=0.00120 gate=0.00008 envDelta=0.00112 envFloor=0.00091 onset=0.792 thresh=0.012 onsetDelta=0.78024 baseline=0.00061 adaptive=0.00152 lastPeak=0.00000 guard=0.060 activeAge=-1.000 pitch=-1.00Hz pitchCents=0.0
2025-12-14 07:55:40 [tracker] [s3] onset t=106.260 env=0.00151 gate=0.00008 envDelta=0.00143 envFloor=0.00091 onset=1.029 thresh=0.012 onsetDelta=1.01703 baseline=0.00061 adaptive=0.00152 lastPeak=0.00000 guard=0.060 activeAge=-1.000 pitch=-1.00Hz pitchCents=0.0
2025-12-14 07:55:40 [tracker] [s2] onset t=106.294 env=0.00124 gate=0.00001 envDelta=0.00123 envFloor=0.00104 onset=1.136 thresh=0.009 onsetDelta=1.12698 baseline=0.00069 adaptive=0.00173 lastPeak=0.00036 guard=0.060 activeAge=0.919 pitch=-1.00Hz pitchCents=0.0
2025-12-14 07:55:40 [tracker] [s2] note-ended (new onset) t=106.294 fret=24 dur=0.919
2025-12-14 07:55:40 [tracker] [s1] aubio-raw t=106.3558 onset=0.938297 env=0.000595 peak=0.001576 gain=1.000
2025-12-14 07:55:40 [tracker] [s1] onset-below-env-floor t=106.3558 env=0.000595 gate=0.000023 envDelta=0.000572 envFloor=0.000620 onset=0.938297 thresh=0.006000 onsetDelta=0.932297 baseline=0.000413 floor=0.000180 adapt=0.001033 lastPeak=0.000000 baseParam=0.000180 gateRatio=0.0550 envParam=0.000450 onsetScale=0.300 retriggerScale=1.400 guard=0.060 guardRemain=0.000 activeAge=-1.000 retrigRemain=0.000 pitchHz=-1.00 pitchCents=0.0
2025-12-14 07:55:40 [tracker] [s3] onset t=106.431 env=0.00135 gate=0.00008 envDelta=0.00128 envFloor=0.00090 onset=0.566 thresh=0.012 onsetDelta=0.55433 baseline=0.00060 adaptive=0.00151 lastPeak=0.00000 guard=0.060 activeAge=-1.000 pitch=-1.00Hz pitchCents=0.0
2025-12-14 07:55:40 [tracker] [s6] onset t=106.452 env=0.00202 gate=0.00022 envDelta=0.00180 envFloor=0.00132 onset=0.998 thresh=0.018 onsetDelta=0.97968 baseline=0.00088 adaptive=0.00220 lastPeak=0.00000 guard=0.060 activeAge=-1.000 pitch=-1.00Hz pitchCents=0.0
2025-12-14 07:55:40 [tracker] [s4] onset t=106.471 env=0.00145 gate=0.00011 envDelta=0.00133 envFloor=0.00100 onset=0.923 thresh=0.014 onsetDelta=0.90887 baseline=0.00067 adaptive=0.00167 lastPeak=0.00000 guard=0.060 activeAge=-1.000 pitch=-1.00Hz pitchCents=0.0
2025-12-14 07:55:40 [tracker] [s5] onset t=106.519 env=0.00143 gate=0.00016 envDelta=0.00128 envFloor=0.00111 onset=1.040 thresh=0.016 onsetDelta=1.02402 baseline=0.00074 adaptive=0.00185 lastPeak=0.00000 guard=0.060 activeAge=-1.000 pitch=-1.00Hz pitchCents=0.0
2025-12-14 07:55:40 [tracker] [s6] onset t=106.521 env=0.00225 gate=0.00021 envDelta=0.00203 envFloor=0.00128 onset=1.260 thresh=0.018 onsetDelta=1.24207 baseline=0.00086 adaptive=0.00214 lastPeak=0.00000 guard=0.060 activeAge=-1.000 pitch=-1.00Hz pitchCents=0.0
2025-12-14 07:55:40 [tracker] [s1] aubio-raw t=106.5321 onset=0.998194 env=0.000982 peak=0.002178 gain=1.000
2025-12-14 07:55:40 [tracker] [s1] onset-accepted t=106.5321 env=0.000982 gate=0.000024 envDelta=0.000958 envFloor=0.000651 onset=0.998194 thresh=0.006000 onsetDelta=0.992194 baseline=0.000434 floor=0.000180 adapt=0.001085 lastPeak=0.000000 baseParam=0.000180 gateRatio=0.0550 envParam=0.000450 onsetScale=0.300 retriggerScale=1.400 guard=0.060 guardRemain=0.000 activeAge=-1.000 retrigRemain=0.000 pitchHz=96.38 pitchCents=271.2
2025-12-14 07:55:40 [tracker] [s1] onset t=106.532 env=0.00098 gate=0.00002 envDelta=0.00096 envFloor=0.00065 onset=0.998 thresh=0.006 onsetDelta=0.99219 baseline=0.00043 adaptive=0.00108 lastPeak=0.00000 guard=0.060 activeAge=-1.000 pitch=96.38Hz pitchCents=271.2
2025-12-14 07:55:40 [tracker] [s1] note-start t=106.532 fret=3 midi=43 vel=0.01 env=0.00098
2025-12-14 07:55:40 [tracker] [s2] onset t=106.593 env=0.00118 gate=0.00001 envDelta=0.00117 envFloor=0.00096 onset=1.143 thresh=0.009 onsetDelta=1.13432 baseline=0.00064 adaptive=0.00159 lastPeak=0.00020 guard=0.060 activeAge=-1.000 pitch=499.90Hz pitchCents=2621.0
2025-12-14 07:55:40 [tracker] [s4] onset t=106.671 env=0.00124 gate=0.00010 envDelta=0.00114 envFloor=0.00092 onset=1.293 thresh=0.014 onsetDelta=1.27937 baseline=0.00061 adaptive=0.00153 lastPeak=0.00000 guard=0.060 activeAge=-1.000 pitch=-1.00Hz pitchCents=0.0
2025-12-14 07:55:40 [tracker] [s3] onset t=106.690 env=0.00113 gate=0.00008 envDelta=0.00105 envFloor=0.00094 onset=1.076 thresh=0.012 onsetDelta=1.06457 baseline=0.00063 adaptive=0.00157 lastPeak=0.00000 guard=0.060 activeAge=-1.000 pitch=-1.00Hz pitchCents=0.0
2025-12-14 07:55:40 [tracker] [s3] onset t=106.770 env=0.00120 gate=0.00008 envDelta=0.00112 envFloor=0.00092 onset=0.810 thresh=0.012 onsetDelta=0.79853 baseline=0.00061 adaptive=0.00153 lastPeak=0.00000 guard=0.060 activeAge=-1.000 pitch=-1.00Hz pitchCents=0.0
2025-12-14 07:55:40 [tracker] [s2] onset t=106.860 env=0.00120 gate=0.00001 envDelta=0.00119 envFloor=0.00096 onset=0.846 thresh=0.009 onsetDelta=0.83714 baseline=0.00064 adaptive=0.00160 lastPeak=0.00012 guard=0.060 activeAge=-1.000 pitch=799.92Hz pitchCents=3434.8
2025-12-14 07:55:40 [tracker] [s5] onset t=106.890 env=0.00155 gate=0.00015 envDelta=0.00140 envFloor=0.00108 onset=0.988 thresh=0.016 onsetDelta=0.97237 baseline=0.00072 adaptive=0.00180 lastPeak=0.00000 guard=0.060 activeAge=-1.000 pitch=-1.00Hz pitchCents=0.0
2025-12-14 07:55:40 [tracker] [s4] onset t=106.927 env=0.00131 gate=0.00011 envDelta=0.00120 envFloor=0.00098 onset=0.867 thresh=0.014 onsetDelta=0.85347 baseline=0.00066 adaptive=0.00164 lastPeak=0.00000 guard=0.060 activeAge=-1.000 pitch=-1.00Hz pitchCents=0.0
2025-12-14 07:55:40 [tracker] [s5] onset t=106.957 env=0.00139 gate=0.00014 envDelta=0.00125 envFloor=0.00100 onset=1.187 thresh=0.016 onsetDelta=1.17127 baseline=0.00067 adaptive=0.00167 lastPeak=0.00000 guard=0.060 activeAge=-1.000 pitch=-1.00Hz pitchCents=0.0
2025-12-14 07:55:41 [tracker] [s1] aubio-raw t=106.9833 onset=0.998180 env=0.000629 peak=0.001508 gain=1.000
2025-12-14 07:55:41 [tracker] [s1] onset-accepted t=106.9833 env=0.000629 gate=0.000021 envDelta=0.000609 envFloor=0.000555 onset=0.998180 thresh=0.006000 onsetDelta=0.992180 baseline=0.000379 floor=0.000180 adapt=0.000925 lastPeak=0.000421 baseParam=0.000180 gateRatio=0.0550 envParam=0.000450 onsetScale=0.300 retriggerScale=1.400 guard=0.060 guardRemain=0.000 activeAge=0.451 retrigRemain=0.000 pitchHz=470.68 pitchCents=3016.7
2025-12-14 07:55:41 [tracker] [s1] onset t=106.983 env=0.00063 gate=0.00002 envDelta=0.00061 envFloor=0.00055 onset=0.998 thresh=0.006 onsetDelta=0.99218 baseline=0.00038 adaptive=0.00092 lastPeak=0.00042 guard=0.060 activeAge=0.451 pitch=470.68Hz pitchCents=3016.7
2025-12-14 07:55:41 [tracker] [s1] note-ended (new onset) t=106.983 fret=3 dur=0.451
2025-12-14 07:55:41 [tracker] [s3] onset t=106.986 env=0.00125 gate=0.00008 envDelta=0.00117 envFloor=0.00087 onset=0.990 thresh=0.012 onsetDelta=0.97793 baseline=0.00058 adaptive=0.00146 lastPeak=0.00000 guard=0.060 activeAge=-1.000 pitch=-1.00Hz pitchCents=0.0
2025-12-14 07:55:41 [tracker] [s4] onset t=107.069 env=0.00163 gate=0.00012 envDelta=0.00152 envFloor=0.00103 onset=0.983 thresh=0.014 onsetDelta=0.96857 baseline=0.00069 adaptive=0.00172 lastPeak=0.00000 guard=0.060 activeAge=-1.000 pitch=-1.00Hz pitchCents=0.0
2025-12-14 07:55:41 [tracker] [s2] onset t=107.077 env=0.00152 gate=0.00001 envDelta=0.00151 envFloor=0.00095 onset=0.998 thresh=0.009 onsetDelta=0.98895 baseline=0.00063 adaptive=0.00158 lastPeak=0.00008 guard=0.060 activeAge=-1.000 pitch=499.89Hz pitchCents=2620.9
2025-12-14 07:55:41 [tracker] [s2] onset t=107.136 env=0.00185 gate=0.00001 envDelta=0.00184 envFloor=0.00098 onset=0.691 thresh=0.009 onsetDelta=0.68160 baseline=0.00065 adaptive=0.00163 lastPeak=0.00007 guard=0.060 activeAge=-1.000 pitch=200.01Hz pitchCents=1035.1
2025-12-14 07:55:41 [tracker] [s4] onset t=107.186 env=0.00176 gate=0.00011 envDelta=0.00165 envFloor=0.00101 onset=0.801 thresh=0.014 onsetDelta=0.78711 baseline=0.00067 adaptive=0.00168 lastPeak=0.00000 guard=0.060 activeAge=-1.000 pitch=-1.00Hz pitchCents=0.0
2025-12-14 07:55:41 [tracker] [s3] onset t=107.189 env=0.00135 gate=0.00008 envDelta=0.00127 envFloor=0.00097 onset=0.927 thresh=0.012 onsetDelta=0.91546 baseline=0.00065 adaptive=0.00161 lastPeak=0.00000 guard=0.060 activeAge=-1.000 pitch=-1.00Hz pitchCents=0.0
2025-12-14 07:55:41 [tracker] [s2] onset t=107.200 env=0.00162 gate=0.00001 envDelta=0.00162 envFloor=0.00096 onset=1.016 thresh=0.009 onsetDelta=1.00667 baseline=0.00064 adaptive=0.00160 lastPeak=0.00007 guard=0.060 activeAge=-1.000 pitch=-1.00Hz pitchCents=0.0
2025-12-14 07:55:41 [tracker] [s1] aubio-raw t=107.2210 onset=0.997599 env=0.001138 peak=0.002765 gain=1.000
2025-12-14 07:55:41 [tracker] [s1] onset-accepted t=107.2210 env=0.001138 gate=0.000024 envDelta=0.001114 envFloor=0.000664 onset=0.997599 thresh=0.006000 onsetDelta=0.991599 baseline=0.000443 floor=0.000180 adapt=0.001107 lastPeak=0.000270 baseParam=0.000180 gateRatio=0.0550 envParam=0.000450 onsetScale=0.300 retriggerScale=1.400 guard=0.060 guardRemain=0.000 activeAge=-1.000 retrigRemain=0.000 pitchHz=-1.00 pitchCents=0.0
2025-12-14 07:55:41 [tracker] [s1] onset t=107.221 env=0.00114 gate=0.00002 envDelta=0.00111 envFloor=0.00066 onset=0.998 thresh=0.006 onsetDelta=0.99160 baseline=0.00044 adaptive=0.00111 lastPeak=0.00027 guard=0.060 activeAge=-1.000 pitch=-1.00Hz pitchCents=0.0
2025-12-14 07:55:41 [tracker] [s5] onset t=107.234 env=0.00172 gate=0.00016 envDelta=0.00156 envFloor=0.00111 onset=1.001 thresh=0.016 onsetDelta=0.98545 baseline=0.00074 adaptive=0.00185 lastPeak=0.00000 guard=0.060 activeAge=-1.000 pitch=-1.00Hz pitchCents=0.0
2025-12-14 07:55:41 [tracker] [s1] aubio-raw t=107.2851 onset=0.752775 env=0.001043 peak=0.002413 gain=1.000
2025-12-14 07:55:41 [tracker] [s1] onset-accepted t=107.2851 env=0.001043 gate=0.000022 envDelta=0.001021 envFloor=0.000594 onset=0.752775 thresh=0.006000 onsetDelta=0.746775 baseline=0.000396 floor=0.000180 adapt=0.000991 lastPeak=0.000239 baseParam=0.000180 gateRatio=0.0550 envParam=0.000450 onsetScale=0.300 retriggerScale=1.400 guard=0.060 guardRemain=0.000 activeAge=-1.000 retrigRemain=0.000 pitchHz=727.16 pitchCents=3769.7
2025-12-14 07:55:41 [tracker] [s1] onset t=107.285 env=0.00104 gate=0.00002 envDelta=0.00102 envFloor=0.00059 onset=0.753 thresh=0.006 onsetDelta=0.74677 baseline=0.00040 adaptive=0.00099 lastPeak=0.00024 guard=0.060 activeAge=-1.000 pitch=727.16Hz pitchCents=3769.7
2025-12-14 07:55:41 [tracker] [s6] onset t=107.312 env=0.00155 gate=0.00021 envDelta=0.00134 envFloor=0.00123 onset=1.457 thresh=0.018 onsetDelta=1.43873 baseline=0.00082 adaptive=0.00205 lastPeak=0.00000 guard=0.060 activeAge=-1.000 pitch=-1.00Hz pitchCents=0.0
2025-12-14 07:55:41 [tracker] [s3] onset t=107.373 env=0.00102 gate=0.00008 envDelta=0.00094 envFloor=0.00096 onset=1.010 thresh=0.012 onsetDelta=0.99873 baseline=0.00064 adaptive=0.00160 lastPeak=0.00000 guard=0.060 activeAge=-1.000 pitch=-1.00Hz pitchCents=0.0
2025-12-14 07:55:41 [tracker] [s1] aubio-raw t=107.5014 onset=0.998154 env=0.000801 peak=0.002316 gain=1.000
2025-12-14 07:55:41 [tracker] [s1] onset-accepted t=107.5014 env=0.000801 gate=0.000022 envDelta=0.000780 envFloor=0.000590 onset=0.998154 thresh=0.006000 onsetDelta=0.992154 baseline=0.000393 floor=0.000180 adapt=0.000983 lastPeak=0.000159 baseParam=0.000180 gateRatio=0.0550 envParam=0.000450 onsetScale=0.300 retriggerScale=1.400 guard=0.060 guardRemain=0.000 activeAge=-1.000 retrigRemain=0.000 pitchHz=-1.00 pitchCents=0.0
2025-12-14 07:55:41 [tracker] [s1] onset t=107.501 env=0.00080 gate=0.00002 envDelta=0.00078 envFloor=0.00059 onset=0.998 thresh=0.006 onsetDelta=0.99215 baseline=0.00039 adaptive=0.00098 lastPeak=0.00016 guard=0.060 activeAge=-1.000 pitch=-1.00Hz pitchCents=0.0
2025-12-14 07:55:41 [tracker] [s5] onset t=107.528 env=0.00190 gate=0.00015 envDelta=0.00174 envFloor=0.00109 onset=0.998 thresh=0.016 onsetDelta=0.98172 baseline=0.00073 adaptive=0.00181 lastPeak=0.00000 guard=0.060 activeAge=-1.000 pitch=-1.00Hz pitchCents=0.0
2025-12-14 07:55:41 [tracker] [s4] onset t=107.555 env=0.00146 gate=0.00011 envDelta=0.00134 envFloor=0.00100 onset=0.990 thresh=0.014 onsetDelta=0.97573 baseline=0.00066 adaptive=0.00166 lastPeak=0.00000 guard=0.060 activeAge=-1.000 pitch=-1.00Hz pitchCents=0.0
2025-12-14 07:55:41 [tracker] [s3] onset t=107.726 env=0.00196 gate=0.00008 envDelta=0.00188 envFloor=0.00093 onset=0.888 thresh=0.012 onsetDelta=0.87634 baseline=0.00062 adaptive=0.00155 lastPeak=0.00000 guard=0.060 activeAge=-1.000 pitch=-1.00Hz pitchCents=0.0
2025-12-14 07:55:41 [tracker] [s2] onset t=107.784 env=0.00119 gate=0.00001 envDelta=0.00118 envFloor=0.00098 onset=1.027 thresh=0.009 onsetDelta=1.01761 baseline=0.00065 adaptive=0.00163 lastPeak=0.00002 guard=0.060 activeAge=-1.000 pitch=1332.97Hz pitchCents=4318.9
2025-12-14 07:55:41 [tracker] [s6] onset t=107.790 env=0.00181 gate=0.00020 envDelta=0.00161 envFloor=0.00119 onset=1.121 thresh=0.018 onsetDelta=1.10308 baseline=0.00080 adaptive=0.00199 lastPeak=0.00000 guard=0.060 activeAge=-1.000 pitch=-1.00Hz pitchCents=0.0
2025-12-14 07:55:41 [tracker] [s5] onset t=107.795 env=0.00167 gate=0.00014 envDelta=0.00152 envFloor=0.00103 onset=0.766 thresh=0.016 onsetDelta=0.75015 baseline=0.00068 adaptive=0.00171 lastPeak=0.00000 guard=0.060 activeAge=-1.000 pitch=-1.00Hz pitchCents=0.0
2025-12-14 07:55:41 [tracker] [s1] aubio-raw t=107.8832 onset=0.671373 env=0.000945 peak=0.002393 gain=1.000
2025-12-14 07:55:41 [tracker] [s1] onset-accepted t=107.8832 env=0.000945 gate=0.000022 envDelta=0.000924 envFloor=0.000591 onset=0.671373 thresh=0.006000 onsetDelta=0.665373 baseline=0.000394 floor=0.000180 adapt=0.000985 lastPeak=0.000078 baseParam=0.000180 gateRatio=0.0550 envParam=0.000450 onsetScale=0.300 retriggerScale=1.400 guard=0.060 guardRemain=0.000 activeAge=-1.000 retrigRemain=0.000 pitchHz=-1.00 pitchCents=0.0
2025-12-14 07:55:41 [tracker] [s1] onset t=107.883 env=0.00095 gate=0.00002 envDelta=0.00092 envFloor=0.00059 onset=0.671 thresh=0.006 onsetDelta=0.66537 baseline=0.00039 adaptive=0.00099 lastPeak=0.00008 guard=0.060 activeAge=-1.000 pitch=-1.00Hz pitchCents=0.0
2025-12-14 07:55:41 [tracker] [s2] onset t=107.926 env=0.00121 gate=0.00001 envDelta=0.00120 envFloor=0.00105 onset=1.018 thresh=0.009 onsetDelta=1.00904 baseline=0.00070 adaptive=0.00175 lastPeak=0.00002 guard=0.060 activeAge=-1.000 pitch=-1.00Hz pitchCents=0.0
2025-12-14 07:55:41 [tracker] [s5] onset t=107.926 env=0.00185 gate=0.00016 envDelta=0.00169 envFloor=0.00111 onset=0.996 thresh=0.016 onsetDelta=0.97987 baseline=0.00074 adaptive=0.00185 lastPeak=0.00000 guard=0.060 activeAge=-1.000 pitch=-1.00Hz pitchCents=0.0
2025-12-14 07:55:42 [tracker] [s2] onset t=108.009 env=0.00156 gate=0.00001 envDelta=0.00155 envFloor=0.00099 onset=1.064 thresh=0.009 onsetDelta=1.05550 baseline=0.00066 adaptive=0.00165 lastPeak=0.00001 guard=0.060 activeAge=-1.000 pitch=500.03Hz pitchCents=2621.4
2025-12-14 07:55:42 [tracker] [s4] onset t=108.022 env=0.00106 gate=0.00011 envDelta=0.00095 envFloor=0.00097 onset=0.761 thresh=0.014 onsetDelta=0.74726 baseline=0.00065 adaptive=0.00162 lastPeak=0.00000 guard=0.060 activeAge=-1.000 pitch=-1.00Hz pitchCents=0.0
2025-12-14 07:55:42 [tracker] [s6] onset t=108.033 env=0.00193 gate=0.00021 envDelta=0.00172 envFloor=0.00125 onset=0.896 thresh=0.018 onsetDelta=0.87849 baseline=0.00083 adaptive=0.00208 lastPeak=0.00000 guard=0.060 activeAge=-1.000 pitch=-1.00Hz pitchCents=0.0
2025-12-14 07:55:42 [tracker] [s2] onset t=108.067 env=0.00139 gate=0.00001 envDelta=0.00138 envFloor=0.00099 onset=0.999 thresh=0.009 onsetDelta=0.98989 baseline=0.00066 adaptive=0.00166 lastPeak=0.00001 guard=0.060 activeAge=-1.000 pitch=421.14Hz pitchCents=2324.2
2025-12-14 07:55:42 [tracker] [s3] onset t=108.108 env=0.00099 gate=0.00007 envDelta=0.00092 envFloor=0.00084 onset=0.993 thresh=0.012 onsetDelta=0.98112 baseline=0.00056 adaptive=0.00140 lastPeak=0.00000 guard=0.060 activeAge=-1.000 pitch=-1.00Hz pitchCents=0.0
2025-12-14 07:55:42 [tracker] [s4] onset t=108.134 env=0.00144 gate=0.00011 envDelta=0.00133 envFloor=0.00097 onset=0.998 thresh=0.014 onsetDelta=0.98421 baseline=0.00064 adaptive=0.00161 lastPeak=0.00000 guard=0.060 activeAge=-1.000 pitch=-1.00Hz pitchCents=0.0
2025-12-14 07:55:42 [tracker] [s1] aubio-raw t=108.1529 onset=0.964531 env=0.000888 peak=0.002596 gain=1.000
2025-12-14 07:55:42 [tracker] [s1] onset-accepted t=108.1529 env=0.000888 gate=0.000024 envDelta=0.000864 envFloor=0.000650 onset=0.964531 thresh=0.006000 onsetDelta=0.958531 baseline=0.000433 floor=0.000180 adapt=0.001084 lastPeak=0.000047 baseParam=0.000180 gateRatio=0.0550 envParam=0.000450 onsetScale=0.300 retriggerScale=1.400 guard=0.060 guardRemain=0.000 activeAge=-1.000 retrigRemain=0.000 pitchHz=-1.00 pitchCents=0.0
2025-12-14 07:55:42 [tracker] [s1] onset t=108.153 env=0.00089 gate=0.00002 envDelta=0.00086 envFloor=0.00065 onset=0.965 thresh=0.006 onsetDelta=0.95853 baseline=0.00043 adaptive=0.00108 lastPeak=0.00005 guard=0.060 activeAge=-1.000 pitch=-1.00Hz pitchCents=0.0
2025-12-14 07:55:42 [tracker] [s5] onset t=108.158 env=0.00148 gate=0.00014 envDelta=0.00134 envFloor=0.00099 onset=1.318 thresh=0.016 onsetDelta=1.30203 baseline=0.00066 adaptive=0.00165 lastPeak=0.00000 guard=0.060 activeAge=-1.000 pitch=-1.00Hz pitchCents=0.0
2025-12-14 07:55:42 [tracker] [s6] onset t=108.273 env=0.00199 gate=0.00021 envDelta=0.00178 envFloor=0.00127 onset=0.996 thresh=0.018 onsetDelta=0.97802 baseline=0.00085 adaptive=0.00211 lastPeak=0.00000 guard=0.060 activeAge=-1.000 pitch=-1.00Hz pitchCents=0.0
2025-12-14 07:55:42 [tracker] [s4] onset t=108.310 env=0.00145 gate=0.00012 envDelta=0.00133 envFloor=0.00104 onset=0.996 thresh=0.014 onsetDelta=0.98220 baseline=0.00069 adaptive=0.00173 lastPeak=0.00000 guard=0.060 activeAge=-1.000 pitch=-1.00Hz pitchCents=0.0
2025-12-14 07:55:42 [tracker] [s5] onset t=108.313 env=0.00172 gate=0.00016 envDelta=0.00157 envFloor=0.00111 onset=0.930 thresh=0.016 onsetDelta=0.91437 baseline=0.00074 adaptive=0.00185 lastPeak=0.00000 guard=0.060 activeAge=-1.000 pitch=-1.00Hz pitchCents=0.0
2025-12-14 07:55:42 [tracker] [s2] onset t=108.361 env=0.00196 gate=0.00001 envDelta=0.00195 envFloor=0.00109 onset=0.958 thresh=0.009 onsetDelta=0.94928 baseline=0.00073 adaptive=0.00182 lastPeak=0.00001 guard=0.060 activeAge=-1.000 pitch=-1.00Hz pitchCents=0.0
2025-12-14 07:55:42 [tracker] [s6] onset t=108.375 env=0.00222 gate=0.00022 envDelta=0.00200 envFloor=0.00130 onset=1.102 thresh=0.018 onsetDelta=1.08354 baseline=0.00087 adaptive=0.00217 lastPeak=0.00000 guard=0.060 activeAge=-1.000 pitch=-1.00Hz pitchCents=0.0
2025-12-14 07:55:42 [tracker] [s1] aubio-raw t=108.3799 onset=1.023894 env=0.001077 peak=0.002434 gain=1.000
2025-12-14 07:55:42 [tracker] [s1] onset-accepted t=108.3799 env=0.001077 gate=0.000023 envDelta=0.001054 envFloor=0.000622 onset=1.023894 thresh=0.006000 onsetDelta=1.017894 baseline=0.000415 floor=0.000180 adapt=0.001037 lastPeak=0.000031 baseParam=0.000180 gateRatio=0.0550 envParam=0.000450 onsetScale=0.300 retriggerScale=1.400 guard=0.060 guardRemain=0.000 activeAge=-1.000 retrigRemain=0.000 pitchHz=-1.00 pitchCents=0.0
2025-12-14 07:55:42 [tracker] [s1] onset t=108.380 env=0.00108 gate=0.00002 envDelta=0.00105 envFloor=0.00062 onset=1.024 thresh=0.006 onsetDelta=1.01789 baseline=0.00041 adaptive=0.00104 lastPeak=0.00003 guard=0.060 activeAge=-1.000 pitch=-1.00Hz pitchCents=0.0
2025-12-14 07:55:42 [tracker] [s6] onset t=108.441 env=0.00171 gate=0.00020 envDelta=0.00150 envFloor=0.00122 onset=1.000 thresh=0.018 onsetDelta=0.98168 baseline=0.00082 adaptive=0.00204 lastPeak=0.00000 guard=0.060 activeAge=-1.000 pitch=-1.00Hz pitchCents=0.0
2025-12-14 07:55:42 [tracker] [s6] onset t=108.602 env=0.00223 gate=0.00020 envDelta=0.00203 envFloor=0.00121 onset=0.995 thresh=0.018 onsetDelta=0.97690 baseline=0.00081 adaptive=0.00202 lastPeak=0.00000 guard=0.060 activeAge=-1.000 pitch=-1.00Hz pitchCents=0.0
2025-12-14 07:55:42 [tracker] [s4] onset t=108.639 env=0.00181 gate=0.00011 envDelta=0.00170 envFloor=0.00100 onset=0.996 thresh=0.014 onsetDelta=0.98180 baseline=0.00067 adaptive=0.00167 lastPeak=0.00000 guard=0.060 activeAge=-1.000 pitch=-1.00Hz pitchCents=0.0
2025-12-14 07:55:42 [tracker] [s2] onset t=108.679 env=0.00179 gate=0.00001 envDelta=0.00179 envFloor=0.00098 onset=0.816 thresh=0.009 onsetDelta=0.80669 baseline=0.00065 adaptive=0.00163 lastPeak=0.00000 guard=0.060 activeAge=-1.000 pitch=-1.00Hz pitchCents=0.0
2025-12-14 07:55:42 [tracker] [s1] aubio-raw t=108.7644 onset=0.996263 env=0.000941 peak=0.002507 gain=1.000
2025-12-14 07:55:42 [tracker] [s1] onset-accepted t=108.7644 env=0.000941 gate=0.000023 envDelta=0.000918 envFloor=0.000627 onset=0.996263 thresh=0.006000 onsetDelta=0.990263 baseline=0.000418 floor=0.000180 adapt=0.001045 lastPeak=0.000015 baseParam=0.000180 gateRatio=0.0550 envParam=0.000450 onsetScale=0.300 retriggerScale=1.400 guard=0.060 guardRemain=0.000 activeAge=-1.000 retrigRemain=0.000 pitchHz=-1.00 pitchCents=0.0
2025-12-14 07:55:42 [tracker] [s1] onset t=108.764 env=0.00094 gate=0.00002 envDelta=0.00092 envFloor=0.00063 onset=0.996 thresh=0.006 onsetDelta=0.99026 baseline=0.00042 adaptive=0.00105 lastPeak=0.00001 guard=0.060 activeAge=-1.000 pitch=-1.00Hz pitchCents=0.0
2025-12-14 07:55:42 [tracker] [s2] onset t=108.885 env=0.00180 gate=0.00001 envDelta=0.00179 envFloor=0.00103 onset=0.991 thresh=0.009 onsetDelta=0.98208 baseline=0.00069 adaptive=0.00171 lastPeak=0.00000 guard=0.060 activeAge=-1.000 pitch=-1.00Hz pitchCents=0.0
2025-12-14 07:55:42 [tracker] [s3] onset t=108.901 env=0.00132 gate=0.00008 envDelta=0.00124 envFloor=0.00092 onset=0.923 thresh=0.012 onsetDelta=0.91131 baseline=0.00061 adaptive=0.00153 lastPeak=0.00000 guard=0.060 activeAge=-1.000 pitch=-1.00Hz pitchCents=0.0
2025-12-14 07:55:43 [tracker] [s6] onset t=108.991 env=0.00202 gate=0.00020 envDelta=0.00182 envFloor=0.00121 onset=1.172 thresh=0.018 onsetDelta=1.15412 baseline=0.00081 adaptive=0.00202 lastPeak=0.00000 guard=0.060 activeAge=-1.000 pitch=-1.00Hz pitchCents=0.0
2025-12-14 07:55:43 [tracker] [s2] onset t=109.037 env=0.00157 gate=0.00001 envDelta=0.00156 envFloor=0.00101 onset=0.998 thresh=0.009 onsetDelta=0.98886 baseline=0.00067 adaptive=0.00168 lastPeak=0.00000 guard=0.060 activeAge=-1.000 pitch=-1.00Hz pitchCents=0.0
2025-12-14 07:55:43 [tracker] [s1] aubio-raw t=109.0528 onset=1.222773 env=0.000633 peak=0.001566 gain=1.000
2025-12-14 07:55:43 [tracker] [s1] onset-below-env-floor t=109.0528 env=0.000633 gate=0.000025 envDelta=0.000608 envFloor=0.000681 onset=1.222773 thresh=0.006000 onsetDelta=1.216773 baseline=0.000454 floor=0.000180 adapt=0.001135 lastPeak=0.000009 baseParam=0.000180 gateRatio=0.0550 envParam=0.000450 onsetScale=0.300 retriggerScale=1.400 guard=0.060 guardRemain=0.000 activeAge=-1.000 retrigRemain=0.000 pitchHz=-1.00 pitchCents=0.0
2025-12-14 07:55:43 [tracker] [s5] onset t=109.098 env=0.00163 gate=0.00016 envDelta=0.00147 envFloor=0.00111 onset=1.137 thresh=0.016 onsetDelta=1.12101 baseline=0.00074 adaptive=0.00186 lastPeak=0.00000 guard=0.060 activeAge=-1.000 pitch=-1.00Hz pitchCents=0.0
2025-12-14 07:55:43 [tracker] [s1] aubio-raw t=109.1356 onset=0.678263 env=0.000782 peak=0.001986 gain=1.000
2025-12-14 07:55:43 [tracker] [s1] onset-accepted t=109.1356 env=0.000782 gate=0.000023 envDelta=0.000759 envFloor=0.000637 onset=0.678263 thresh=0.006000 onsetDelta=0.672263 baseline=0.000425 floor=0.000180 adapt=0.001062 lastPeak=0.000007 baseParam=0.000180 gateRatio=0.0550 envParam=0.000450 onsetScale=0.300 retriggerScale=1.400 guard=0.060 guardRemain=0.000 activeAge=-1.000 retrigRemain=0.000 pitchHz=-1.00 pitchCents=0.0
2025-12-14 07:55:43 [tracker] [s1] onset t=109.136 env=0.00078 gate=0.00002 envDelta=0.00076 envFloor=0.00064 onset=0.678 thresh=0.006 onsetDelta=0.67226 baseline=0.00042 adaptive=0.00106 lastPeak=0.00001 guard=0.060 activeAge=-1.000 pitch=-1.00Hz pitchCents=0.0
2025-12-14 07:55:43 [tracker] [s3] onset t=109.173 env=0.00102 gate=0.00008 envDelta=0.00094 envFloor=0.00091 onset=0.623 thresh=0.012 onsetDelta=0.61185 baseline=0.00060 adaptive=0.00151 lastPeak=0.00000 guard=0.060 activeAge=-1.000 pitch=-1.00Hz pitchCents=0.0
2025-12-14 07:55:43 [tracker] [s5] onset t=109.189 env=0.00171 gate=0.00015 envDelta=0.00156 envFloor=0.00108 onset=0.993 thresh=0.016 onsetDelta=0.97695 baseline=0.00072 adaptive=0.00180 lastPeak=0.00000 guard=0.060 activeAge=-1.000 pitch=-1.00Hz pitchCents=0.0
2025-12-14 07:55:43 [tracker] [s2] onset t=109.242 env=0.00136 gate=0.00001 envDelta=0.00136 envFloor=0.00094 onset=0.961 thresh=0.009 onsetDelta=0.95235 baseline=0.00063 adaptive=0.00157 lastPeak=0.00000 guard=0.060 activeAge=-1.000 pitch=615.53Hz pitchCents=2981.2
2025-12-14 07:55:43 [tracker] [s5] onset t=109.312 env=0.00160 gate=0.00014 envDelta=0.00146 envFloor=0.00101 onset=0.940 thresh=0.016 onsetDelta=0.92434 baseline=0.00067 adaptive=0.00168 lastPeak=0.00000 guard=0.060 activeAge=-1.000 pitch=-1.00Hz pitchCents=0.0
2025-12-14 07:55:43 [tracker] [s3] onset t=109.443 env=0.00158 gate=0.00008 envDelta=0.00150 envFloor=0.00095 onset=0.973 thresh=0.012 onsetDelta=0.96171 baseline=0.00063 adaptive=0.00158 lastPeak=0.00000 guard=0.060 activeAge=-1.000 pitch=-1.00Hz pitchCents=0.0
2025-12-14 07:55:43 [tracker] [s4] onset t=109.485 env=0.00195 gate=0.00012 envDelta=0.00183 envFloor=0.00104 onset=0.821 thresh=0.014 onsetDelta=0.80694 baseline=0.00069 adaptive=0.00173 lastPeak=0.00000 guard=0.060 activeAge=-1.000 pitch=-1.00Hz pitchCents=0.0
2025-12-14 07:55:43 [tracker] [s6] onset t=109.499 env=0.00223 gate=0.00022 envDelta=0.00201 envFloor=0.00130 onset=0.994 thresh=0.018 onsetDelta=0.97576 baseline=0.00087 adaptive=0.00217 lastPeak=0.00000 guard=0.060 activeAge=-1.000 pitch=-1.00Hz pitchCents=0.0
2025-12-14 07:55:43 [tracker] [s5] onset t=109.712 env=0.00170 gate=0.00014 envDelta=0.00156 envFloor=0.00101 onset=1.001 thresh=0.016 onsetDelta=0.98484 baseline=0.00067 adaptive=0.00168 lastPeak=0.00000 guard=0.060 activeAge=-1.000 pitch=-1.00Hz pitchCents=0.0
2025-12-14 07:55:43 [tracker] [s6] onset t=109.822 env=0.00211 gate=0.00021 envDelta=0.00190 envFloor=0.00128 onset=0.922 thresh=0.018 onsetDelta=0.90440 baseline=0.00086 adaptive=0.00214 lastPeak=0.00000 guard=0.060 activeAge=-1.000 pitch=-1.00Hz pitchCents=0.0
2025-12-14 07:55:43 [tracker] [s2] onset t=109.931 env=0.00139 gate=0.00001 envDelta=0.00138 envFloor=0.00103 onset=0.994 thresh=0.009 onsetDelta=0.98462 baseline=0.00069 adaptive=0.00172 lastPeak=0.00000 guard=0.060 activeAge=-1.000 pitch=-1.00Hz pitchCents=0.0
2025-12-14 07:55:43 [tracker] [s6] onset t=109.947 env=0.00182 gate=0.00022 envDelta=0.00160 envFloor=0.00130 onset=1.457 thresh=0.018 onsetDelta=1.43933 baseline=0.00087 adaptive=0.00217 lastPeak=0.00000 guard=0.060 activeAge=-1.000 pitch=-1.00Hz pitchCents=0.0
2025-12-14 07:55:44 [tracker] [s4] onset t=110.019 env=0.00145 gate=0.00011 envDelta=0.00134 envFloor=0.00097 onset=0.994 thresh=0.014 onsetDelta=0.97982 baseline=0.00065 adaptive=0.00162 lastPeak=0.00000 guard=0.060 activeAge=-1.000 pitch=-1.00Hz pitchCents=0.0
2025-12-14 07:55:44 [tracker] [s5] onset t=110.148 env=0.00167 gate=0.00015 envDelta=0.00152 envFloor=0.00110 onset=0.944 thresh=0.016 onsetDelta=0.92843 baseline=0.00074 adaptive=0.00184 lastPeak=0.00000 guard=0.060 activeAge=-1.000 pitch=-1.00Hz pitchCents=0.0
2025-12-14 07:55:44 [tracker] [s6] onset t=110.156 env=0.00203 gate=0.00021 envDelta=0.00182 envFloor=0.00126 onset=0.835 thresh=0.018 onsetDelta=0.81698 baseline=0.00084 adaptive=0.00211 lastPeak=0.00000 guard=0.060 activeAge=-1.000 pitch=-1.00Hz pitchCents=0.0
2025-12-14 07:55:44 [tracker] [s5] onset t=110.228 env=0.00149 gate=0.00016 envDelta=0.00134 envFloor=0.00112 onset=1.114 thresh=0.016 onsetDelta=1.09818 baseline=0.00075 adaptive=0.00187 lastPeak=0.00000 guard=0.060 activeAge=-1.000 pitch=-1.00Hz pitchCents=0.0
2025-12-14 07:55:44 [tracker] [s6] onset t=110.497 env=0.00203 gate=0.00020 envDelta=0.00184 envFloor=0.00117 onset=1.210 thresh=0.018 onsetDelta=1.19243 baseline=0.00078 adaptive=0.00195 lastPeak=0.00000 guard=0.060 activeAge=-1.000 pitch=-1.00Hz pitchCents=0.0
2025-12-14 07:55:44 [tracker] [s1] aubio-raw t=110.5161 onset=1.184584 env=0.000997 peak=0.002543 gain=1.000
2025-12-14 07:55:44 [tracker] [s1] onset-accepted t=110.5161 env=0.000997 gate=0.000026 envDelta=0.000971 envFloor=0.000711 onset=1.184584 thresh=0.006000 onsetDelta=1.178584 baseline=0.000474 floor=0.000180 adapt=0.001185 lastPeak=0.000001 baseParam=0.000180 gateRatio=0.0550 envParam=0.000450 onsetScale=0.300 retriggerScale=1.400 guard=0.060 guardRemain=0.000 activeAge=-1.000 retrigRemain=0.000 pitchHz=-1.00 pitchCents=0.0
2025-12-14 07:55:44 [tracker] [s5] onset t=110.607 env=0.00161 gate=0.00015 envDelta=0.00146 envFloor=0.00109 onset=1.078 thresh=0.016 onsetDelta=1.06223 baseline=0.00073 adaptive=0.00182 lastPeak=0.00000 guard=0.060 activeAge=-1.000 pitch=-1.00Hz pitchCents=0.0
2025-12-14 07:55:44 [tracker] [s1] aubio-raw t=110.6176 onset=1.000844 env=0.000682 peak=0.001640 gain=1.000
2025-12-14 07:55:44 [tracker] [s1] onset-accepted t=110.6176 env=0.000682 gate=0.000024 envDelta=0.000658 envFloor=0.000650 onset=1.000844 thresh=0.006000 onsetDelta=0.994844 baseline=0.000434 floor=0.000180 adapt=0.001084 lastPeak=0.000000 baseParam=0.000180 gateRatio=0.0550 envParam=0.000450 onsetScale=0.300 retriggerScale=1.400 guard=0.060 guardRemain=0.000 activeAge=-1.000 retrigRemain=0.000 pitchHz=727.23 pitchCents=3769.9
2025-12-14 07:55:44 [tracker] [s1] onset t=110.618 env=0.00068 gate=0.00002 envDelta=0.00066 envFloor=0.00065 onset=1.001 thresh=0.006 onsetDelta=0.99484 baseline=0.00043 adaptive=0.00108 lastPeak=0.00000 guard=0.060 activeAge=-1.000 pitch=727.23Hz pitchCents=3769.9
2025-12-14 07:55:44 [tracker] [s6] onset t=110.620 env=0.00199 gate=0.00022 envDelta=0.00177 envFloor=0.00130 onset=0.891 thresh=0.018 onsetDelta=0.87301 baseline=0.00086 adaptive=0.00216 lastPeak=0.00000 guard=0.060 activeAge=-1.000 pitch=-1.00Hz pitchCents=0.0
2025-12-14 07:55:44 [tracker] [s5] onset t=110.695 env=0.00158 gate=0.00015 envDelta=0.00143 envFloor=0.00108 onset=1.015 thresh=0.016 onsetDelta=0.99904 baseline=0.00072 adaptive=0.00180 lastPeak=0.00000 guard=0.060 activeAge=-1.000 pitch=-1.00Hz pitchCents=0.0
2025-12-14 07:55:44 [tracker] [s3] onset t=110.821 env=0.00136 gate=0.00008 envDelta=0.00129 envFloor=0.00091 onset=1.003 thresh=0.012 onsetDelta=0.99120 baseline=0.00061 adaptive=0.00152 lastPeak=0.00000 guard=0.060 activeAge=-1.000 pitch=-1.00Hz pitchCents=0.0
2025-12-14 07:55:44 [tracker] [s2] onset t=110.823 env=0.00185 gate=0.00001 envDelta=0.00185 envFloor=0.00100 onset=0.970 thresh=0.009 onsetDelta=0.96085 baseline=0.00067 adaptive=0.00167 lastPeak=0.00000 guard=0.060 activeAge=-1.000 pitch=-1.00Hz pitchCents=0.0
2025-12-14 07:55:44 [tracker] [s2] onset t=110.922 env=0.00165 gate=0.00001 envDelta=0.00164 envFloor=0.00100 onset=0.998 thresh=0.009 onsetDelta=0.98909 baseline=0.00066 adaptive=0.00166 lastPeak=0.00000 guard=0.060 activeAge=-1.000 pitch=222.23Hz pitchCents=1217.5
2025-12-14 07:55:45 [tracker] [s2] onset t=110.997 env=0.00135 gate=0.00001 envDelta=0.00135 envFloor=0.00101 onset=0.658 thresh=0.009 onsetDelta=0.64886 baseline=0.00067 adaptive=0.00168 lastPeak=0.00000 guard=0.060 activeAge=-1.000 pitch=-1.00Hz pitchCents=0.0
2025-12-14 07:55:45 [tracker] [s6] onset t=111.010 env=0.00206 gate=0.00022 envDelta=0.00184 envFloor=0.00133 onset=0.858 thresh=0.018 onsetDelta=0.83979 baseline=0.00089 adaptive=0.00221 lastPeak=0.00000 guard=0.060 activeAge=-1.000 pitch=-1.00Hz pitchCents=0.0
2025-12-14 07:55:45 [tracker] [s5] onset t=111.066 env=0.00175 gate=0.00015 envDelta=0.00160 envFloor=0.00110 onset=0.997 thresh=0.016 onsetDelta=0.98053 baseline=0.00074 adaptive=0.00184 lastPeak=0.00000 guard=0.060 activeAge=-1.000 pitch=-1.00Hz pitchCents=0.0
2025-12-14 07:55:45 [tracker] [s3] onset t=111.072 env=0.00154 gate=0.00008 envDelta=0.00146 envFloor=0.00094 onset=1.005 thresh=0.012 onsetDelta=0.99293 baseline=0.00062 adaptive=0.00156 lastPeak=0.00000 guard=0.060 activeAge=-1.000 pitch=-1.00Hz pitchCents=0.0
2025-12-14 07:55:45 [tracker] [s6] onset t=111.146 env=0.00191 gate=0.00020 envDelta=0.00171 envFloor=0.00122 onset=0.997 thresh=0.018 onsetDelta=0.97950 baseline=0.00081 adaptive=0.00203 lastPeak=0.00000 guard=0.060 activeAge=-1.000 pitch=-1.00Hz pitchCents=0.0
2025-12-14 07:55:45 [tracker] [s1] aubio-raw t=111.2157 onset=0.997626 env=0.001238 peak=0.002522 gain=1.000
2025-12-14 07:55:45 [tracker] [s1] onset-accepted t=111.2157 env=0.001238 gate=0.000024 envDelta=0.001214 envFloor=0.000657 onset=0.997626 thresh=0.006000 onsetDelta=0.991626 baseline=0.000438 floor=0.000180 adapt=0.001095 lastPeak=0.000000 baseParam=0.000180 gateRatio=0.0550 envParam=0.000450 onsetScale=0.300 retriggerScale=1.400 guard=0.060 guardRemain=0.000 activeAge=-1.000 retrigRemain=0.000 pitchHz=-1.00 pitchCents=0.0
2025-12-14 07:55:45 [tracker] [s1] onset t=111.216 env=0.00124 gate=0.00002 envDelta=0.00121 envFloor=0.00066 onset=0.998 thresh=0.006 onsetDelta=0.99163 baseline=0.00044 adaptive=0.00110 lastPeak=0.00000 guard=0.060 activeAge=-1.000 pitch=-1.00Hz pitchCents=0.0
2025-12-14 07:55:45 [tracker] [s3] onset t=111.221 env=0.00127 gate=0.00008 envDelta=0.00119 envFloor=0.00091 onset=1.408 thresh=0.012 onsetDelta=1.39639 baseline=0.00060 adaptive=0.00151 lastPeak=0.00000 guard=0.060 activeAge=-1.000 pitch=-1.00Hz pitchCents=0.0
2025-12-14 07:55:45 [tracker] [s6] onset t=111.261 env=0.00189 gate=0.00020 envDelta=0.00169 envFloor=0.00120 onset=1.243 thresh=0.018 onsetDelta=1.22455 baseline=0.00080 adaptive=0.00200 lastPeak=0.00000 guard=0.060 activeAge=-1.000 pitch=-1.00Hz pitchCents=0.0
2025-12-14 07:55:45 [tracker] [s1] aubio-raw t=111.3065 onset=1.346356 env=0.000924 peak=0.002574 gain=1.000
2025-12-14 07:55:45 [tracker] [s1] onset-accepted t=111.3065 env=0.000924 gate=0.000022 envDelta=0.000902 envFloor=0.000598 onset=1.346356 thresh=0.006000 onsetDelta=1.340356 baseline=0.000399 floor=0.000180 adapt=0.000997 lastPeak=0.000000 baseParam=0.000180 gateRatio=0.0550 envParam=0.000450 onsetScale=0.300 retriggerScale=1.400 guard=0.060 guardRemain=0.000 activeAge=-1.000 retrigRemain=0.000 pitchHz=-1.00 pitchCents=0.0
2025-12-14 07:55:45 [tracker] [s1] onset t=111.307 env=0.00092 gate=0.00002 envDelta=0.00090 envFloor=0.00060 onset=1.346 thresh=0.006 onsetDelta=1.34036 baseline=0.00040 adaptive=0.00100 lastPeak=0.00000 guard=0.060 activeAge=-1.000 pitch=-1.00Hz pitchCents=0.0
2025-12-14 07:55:45 [tracker] [s4] onset t=111.333 env=0.00161 gate=0.00012 envDelta=0.00149 envFloor=0.00104 onset=1.128 thresh=0.014 onsetDelta=1.11433 baseline=0.00069 adaptive=0.00173 lastPeak=0.00000 guard=0.060 activeAge=-1.000 pitch=-1.00Hz pitchCents=0.0
2025-12-14 07:55:45 [tracker] [s2] onset t=111.341 env=0.00174 gate=0.00001 envDelta=0.00174 envFloor=0.00099 onset=1.086 thresh=0.009 onsetDelta=1.07686 baseline=0.00066 adaptive=0.00166 lastPeak=0.00000 guard=0.060 activeAge=-1.000 pitch=-1.00Hz pitchCents=0.0
2025-12-14 07:55:45 [tracker] [s3] onset t=111.376 env=0.00180 gate=0.00008 envDelta=0.00172 envFloor=0.00095 onset=0.993 thresh=0.012 onsetDelta=0.98174 baseline=0.00063 adaptive=0.00158 lastPeak=0.00000 guard=0.060 activeAge=-1.000 pitch=-1.00Hz pitchCents=0.0
2025-12-14 07:55:45 [tracker] [s4] onset t=111.424 env=0.00145 gate=0.00012 envDelta=0.00133 envFloor=0.00103 onset=1.000 thresh=0.014 onsetDelta=0.98643 baseline=0.00069 adaptive=0.00172 lastPeak=0.00000 guard=0.060 activeAge=-1.000 pitch=-1.00Hz pitchCents=0.0
2025-12-14 07:55:45 [tracker] [s2] onset t=111.520 env=0.00147 gate=0.00001 envDelta=0.00146 envFloor=0.00102 onset=0.998 thresh=0.009 onsetDelta=0.98865 baseline=0.00068 adaptive=0.00170 lastPeak=0.00000 guard=0.060 activeAge=-1.000 pitch=1000.05Hz pitchCents=3821.4
2025-12-14 07:55:45 [tracker] [s3] onset t=111.571 env=0.00128 gate=0.00008 envDelta=0.00120 envFloor=0.00090 onset=1.149 thresh=0.012 onsetDelta=1.13757 baseline=0.00060 adaptive=0.00151 lastPeak=0.00000 guard=0.060 activeAge=-1.000 pitch=-1.00Hz pitchCents=0.0
2025-12-14 07:55:45 [tracker] [s1] aubio-raw t=111.6163 onset=1.097691 env=0.000903 peak=0.001772 gain=1.000
2025-12-14 07:55:45 [tracker] [s1] onset-accepted t=111.6163 env=0.000903 gate=0.000025 envDelta=0.000878 envFloor=0.000672 onset=1.097691 thresh=0.006000 onsetDelta=1.091691 baseline=0.000448 floor=0.000180 adapt=0.001120 lastPeak=0.000000 baseParam=0.000180 gateRatio=0.0550 envParam=0.000450 onsetScale=0.300 retriggerScale=1.400 guard=0.060 guardRemain=0.000 activeAge=-1.000 retrigRemain=0.000 pitchHz=999.85 pitchCents=4321.0
2025-12-14 07:55:45 [tracker] [s1] onset t=111.616 env=0.00090 gate=0.00002 envDelta=0.00088 envFloor=0.00067 onset=1.098 thresh=0.006 onsetDelta=1.09169 baseline=0.00045 adaptive=0.00112 lastPeak=0.00000 guard=0.060 activeAge=-1.000 pitch=999.85Hz pitchCents=4321.0
2025-12-14 07:55:45 [tracker] [s3] onset t=111.758 env=0.00131 gate=0.00008 envDelta=0.00123 envFloor=0.00093 onset=0.930 thresh=0.012 onsetDelta=0.91869 baseline=0.00062 adaptive=0.00156 lastPeak=0.00000 guard=0.060 activeAge=-1.000 pitch=-1.00Hz pitchCents=0.0
2025-12-14 07:55:45 [tracker] [s3] onset t=111.817 env=0.00157 gate=0.00008 envDelta=0.00149 envFloor=0.00094 onset=1.309 thresh=0.012 onsetDelta=1.29736 baseline=0.00063 adaptive=0.00157 lastPeak=0.00000 guard=0.060 activeAge=-1.000 pitch=-1.00Hz pitchCents=0.0
2025-12-14 07:55:45 [tracker] [s5] onset t=111.939 env=0.00171 gate=0.00014 envDelta=0.00157 envFloor=0.00101 onset=0.997 thresh=0.016 onsetDelta=0.98118 baseline=0.00067 adaptive=0.00168 lastPeak=0.00000 guard=0.060 activeAge=-1.000 pitch=-1.00Hz pitchCents=0.0
2025-12-14 07:55:46 [tracker] [s1] aubio-raw t=112.0035 onset=1.067211 env=0.000832 peak=0.002117 gain=1.000
2025-12-14 07:55:46 [tracker] [s1] onset-accepted t=112.0035 env=0.000832 gate=0.000024 envDelta=0.000808 envFloor=0.000644 onset=1.067211 thresh=0.006000 onsetDelta=1.061211 baseline=0.000430 floor=0.000180 adapt=0.001074 lastPeak=0.000000 baseParam=0.000180 gateRatio=0.0550 envParam=0.000450 onsetScale=0.300 retriggerScale=1.400 guard=0.060 guardRemain=0.000 activeAge=-1.000 retrigRemain=0.000 pitchHz=95.24 pitchCents=250.5
2025-12-14 07:55:46 [tracker] [s1] onset t=112.003 env=0.00083 gate=0.00002 envDelta=0.00081 envFloor=0.00064 onset=1.067 thresh=0.006 onsetDelta=1.06121 baseline=0.00043 adaptive=0.00107 lastPeak=0.00000 guard=0.060 activeAge=-1.000 pitch=95.24Hz pitchCents=250.5
2025-12-14 07:55:46 [tracker] [s1] aubio-raw t=112.0542 onset=1.339047 env=0.000725 peak=0.001968 gain=1.000
2025-12-14 07:55:46 [tracker] [s1] onset-accepted t=112.0542 env=0.000725 gate=0.000023 envDelta=0.000702 envFloor=0.000616 onset=1.339047 thresh=0.006000 onsetDelta=1.333047 baseline=0.000411 floor=0.000180 adapt=0.001027 lastPeak=0.000000 baseParam=0.000180 gateRatio=0.0550 envParam=0.000450 onsetScale=0.300 retriggerScale=1.400 guard=0.060 guardRemain=0.000 activeAge=-1.000 retrigRemain=0.000 pitchHz=-1.00 pitchCents=0.0
2025-12-14 07:55:46 [tracker] [s1] onset t=112.054 env=0.00072 gate=0.00002 envDelta=0.00070 envFloor=0.00062 onset=1.339 thresh=0.006 onsetDelta=1.33305 baseline=0.00041 adaptive=0.00103 lastPeak=0.00000 guard=0.060 activeAge=-1.000 pitch=-1.00Hz pitchCents=0.0
2025-12-14 07:55:46 [tracker] [s1] aubio-raw t=112.2785 onset=0.999655 env=0.000946 peak=0.002560 gain=1.000
2025-12-14 07:55:46 [tracker] [s1] onset-accepted t=112.2785 env=0.000946 gate=0.000024 envDelta=0.000922 envFloor=0.000656 onset=0.999655 thresh=0.006000 onsetDelta=0.993655 baseline=0.000437 floor=0.000180 adapt=0.001094 lastPeak=0.000000 baseParam=0.000180 gateRatio=0.0550 envParam=0.000450 onsetScale=0.300 retriggerScale=1.400 guard=0.060 guardRemain=0.000 activeAge=-1.000 retrigRemain=0.000 pitchHz=-1.00 pitchCents=0.0
2025-12-14 07:55:46 [tracker] [s1] onset t=112.279 env=0.00095 gate=0.00002 envDelta=0.00092 envFloor=0.00066 onset=1.000 thresh=0.006 onsetDelta=0.99365 baseline=0.00044 adaptive=0.00109 lastPeak=0.00000 guard=0.060 activeAge=-1.000 pitch=-1.00Hz pitchCents=0.0
2025-12-14 07:55:46 [tracker] [s5] onset t=112.303 env=0.00179 gate=0.00015 envDelta=0.00164 envFloor=0.00104 onset=0.998 thresh=0.016 onsetDelta=0.98176 baseline=0.00070 adaptive=0.00174 lastPeak=0.00000 guard=0.060 activeAge=-1.000 pitch=-1.00Hz pitchCents=0.0
2025-12-14 07:55:46 [tracker] [s6] onset t=112.455 env=0.00205 gate=0.00021 envDelta=0.00184 envFloor=0.00127 onset=1.053 thresh=0.018 onsetDelta=1.03477 baseline=0.00085 adaptive=0.00212 lastPeak=0.00000 guard=0.060 activeAge=-1.000 pitch=-1.00Hz pitchCents=0.0
2025-12-14 07:55:46 [tracker] [s6] onset t=112.575 env=0.00190 gate=0.00021 envDelta=0.00169 envFloor=0.00127 onset=0.999 thresh=0.018 onsetDelta=0.98123 baseline=0.00084 adaptive=0.00211 lastPeak=0.00000 guard=0.060 activeAge=-1.000 pitch=-1.00Hz pitchCents=0.0
2025-12-14 07:55:46 [tracker] [s1] aubio-raw t=112.5936 onset=1.076492 env=0.000811 peak=0.002268 gain=1.000
2025-12-14 07:55:46 [tracker] [s1] onset-accepted t=112.5936 env=0.000811 gate=0.000023 envDelta=0.000788 envFloor=0.000629 onset=1.076492 thresh=0.006000 onsetDelta=1.070492 baseline=0.000419 floor=0.000180 adapt=0.001048 lastPeak=0.000000 baseParam=0.000180 gateRatio=0.0550 envParam=0.000450 onsetScale=0.300 retriggerScale=1.400 guard=0.060 guardRemain=0.000 activeAge=-1.000 retrigRemain=0.000 pitchHz=-1.00 pitchCents=0.0
2025-12-14 07:55:46 [tracker] [s1] onset t=112.594 env=0.00081 gate=0.00002 envDelta=0.00079 envFloor=0.00063 onset=1.076 thresh=0.006 onsetDelta=1.07049 baseline=0.00042 adaptive=0.00105 lastPeak=0.00000 guard=0.060 activeAge=-1.000 pitch=-1.00Hz pitchCents=0.0
2025-12-14 07:55:46 [tracker] [s2] onset t=112.612 env=0.00111 gate=0.00001 envDelta=0.00110 envFloor=0.00104 onset=1.175 thresh=0.009 onsetDelta=1.16562 baseline=0.00069 adaptive=0.00173 lastPeak=0.00000 guard=0.060 activeAge=-1.000 pitch=94.11Hz pitchCents=-270.1
2025-12-14 07:55:46 [tracker] [s4] onset t=112.722 env=0.00114 gate=0.00010 envDelta=0.00104 envFloor=0.00092 onset=1.251 thresh=0.014 onsetDelta=1.23709 baseline=0.00061 adaptive=0.00153 lastPeak=0.00000 guard=0.060 activeAge=-1.000 pitch=-1.00Hz pitchCents=0.0
2025-12-14 07:55:46 [tracker] [s3] onset t=112.727 env=0.00126 gate=0.00008 envDelta=0.00118 envFloor=0.00093 onset=0.966 thresh=0.012 onsetDelta=0.95464 baseline=0.00062 adaptive=0.00155 lastPeak=0.00000 guard=0.060 activeAge=-1.000 pitch=-1.00Hz pitchCents=0.0
2025-12-14 07:55:46 [tracker] [s6] onset t=112.727 env=0.00161 gate=0.00020 envDelta=0.00141 envFloor=0.00117 onset=0.982 thresh=0.018 onsetDelta=0.96377 baseline=0.00078 adaptive=0.00195 lastPeak=0.00000 guard=0.060 activeAge=-1.000 pitch=-1.00Hz pitchCents=0.0
2025-12-14 07:55:46 [tracker] [s1] aubio-raw t=112.7538 onset=1.092549 env=0.000808 peak=0.002409 gain=1.000
2025-12-14 07:55:46 [tracker] [s1] onset-accepted t=112.7538 env=0.000808 gate=0.000023 envDelta=0.000786 envFloor=0.000621 onset=1.092549 thresh=0.006000 onsetDelta=1.086549 baseline=0.000414 floor=0.000180 adapt=0.001035 lastPeak=0.000000 baseParam=0.000180 gateRatio=0.0550 envParam=0.000450 onsetScale=0.300 retriggerScale=1.400 guard=0.060 guardRemain=0.000 activeAge=-1.000 retrigRemain=0.000 pitchHz=-1.00 pitchCents=0.0
2025-12-14 07:55:46 [tracker] [s1] onset t=112.754 env=0.00081 gate=0.00002 envDelta=0.00079 envFloor=0.00062 onset=1.093 thresh=0.006 onsetDelta=1.08655 baseline=0.00041 adaptive=0.00104 lastPeak=0.00000 guard=0.060 activeAge=-1.000 pitch=-1.00Hz pitchCents=0.0
2025-12-14 07:55:46 [tracker] [s6] onset t=112.802 env=0.00202 gate=0.00020 envDelta=0.00181 envFloor=0.00122 onset=0.996 thresh=0.018 onsetDelta=0.97787 baseline=0.00081 adaptive=0.00203 lastPeak=0.00000 guard=0.060 activeAge=-1.000 pitch=-1.00Hz pitchCents=0.0
2025-12-14 07:55:46 [tracker] [s5] onset t=112.837 env=0.00165 gate=0.00015 envDelta=0.00149 envFloor=0.00109 onset=0.996 thresh=0.016 onsetDelta=0.97964 baseline=0.00073 adaptive=0.00182 lastPeak=0.00000 guard=0.060 activeAge=-1.000 pitch=-1.00Hz pitchCents=0.0
2025-12-14 07:55:46 [tracker] [s5] onset t=112.903 env=0.00183 gate=0.00015 envDelta=0.00168 envFloor=0.00111 onset=0.999 thresh=0.016 onsetDelta=0.98333 baseline=0.00074 adaptive=0.00184 lastPeak=0.00000 guard=0.060 activeAge=-1.000 pitch=-1.00Hz pitchCents=0.0
2025-12-14 07:55:46 [tracker] [s6] onset t=112.903 env=0.00188 gate=0.00022 envDelta=0.00166 envFloor=0.00130 onset=0.994 thresh=0.018 onsetDelta=0.97595 baseline=0.00087 adaptive=0.00217 lastPeak=0.00000 guard=0.060 activeAge=-1.000 pitch=-1.00Hz pitchCents=0.0
2025-12-14 07:55:46 [tracker] [s4] onset t=112.967 env=0.00162 gate=0.00012 envDelta=0.00150 envFloor=0.00103 onset=0.998 thresh=0.014 onsetDelta=0.98352 baseline=0.00069 adaptive=0.00171 lastPeak=0.00000 guard=0.060 activeAge=-1.000 pitch=-1.00Hz pitchCents=0.0
2025-12-14 07:55:47 [tracker] [s3] onset t=113.299 env=0.00124 gate=0.00008 envDelta=0.00116 envFloor=0.00094 onset=0.998 thresh=0.012 onsetDelta=0.98635 baseline=0.00062 adaptive=0.00156 lastPeak=0.00000 guard=0.060 activeAge=-1.000 pitch=-1.00Hz pitchCents=0.0
2025-12-14 07:55:47 [tracker] [s6] onset t=113.299 env=0.00187 gate=0.00022 envDelta=0.00165 envFloor=0.00132 onset=1.113 thresh=0.018 onsetDelta=1.09517 baseline=0.00088 adaptive=0.00220 lastPeak=0.00000 guard=0.060 activeAge=-1.000 pitch=-1.00Hz pitchCents=0.0
2025-12-14 07:55:47 [tracker] [s2] onset t=113.347 env=0.00118 gate=0.00001 envDelta=0.00117 envFloor=0.00108 onset=1.106 thresh=0.009 onsetDelta=1.09714 baseline=0.00072 adaptive=0.00180 lastPeak=0.00000 guard=0.060 activeAge=-1.000 pitch=-1.00Hz pitchCents=0.0
2025-12-14 07:55:47 [tracker] [s1] aubio-raw t=113.4428 onset=0.997373 env=0.001059 peak=0.002330 gain=1.000
2025-12-14 07:55:47 [tracker] [s1] onset-accepted t=113.4428 env=0.001059 gate=0.000025 envDelta=0.001034 envFloor=0.000673 onset=0.997373 thresh=0.006000 onsetDelta=0.991373 baseline=0.000449 floor=0.000180 adapt=0.001121 lastPeak=0.000000 baseParam=0.000180 gateRatio=0.0550 envParam=0.000450 onsetScale=0.300 retriggerScale=1.400 guard=0.060 guardRemain=0.000 activeAge=-1.000 retrigRemain=0.000 pitchHz=-1.00 pitchCents=0.0
2025-12-14 07:55:47 [tracker] [s1] onset t=113.443 env=0.00106 gate=0.00002 envDelta=0.00103 envFloor=0.00067 onset=0.997 thresh=0.006 onsetDelta=0.99137 baseline=0.00045 adaptive=0.00112 lastPeak=0.00000 guard=0.060 activeAge=-1.000 pitch=-1.00Hz pitchCents=0.0
2025-12-14 07:55:47 [tracker] [s2] onset t=113.534 env=0.00244 gate=0.00001 envDelta=0.00243 envFloor=0.00103 onset=0.838 thresh=0.009 onsetDelta=0.82932 baseline=0.00069 adaptive=0.00172 lastPeak=0.00000 guard=0.060 activeAge=-1.000 pitch=-1.00Hz pitchCents=0.0
2025-12-14 07:55:47 [tracker] [s3] onset t=113.566 env=0.00133 gate=0.00008 envDelta=0.00125 envFloor=0.00090 onset=1.145 thresh=0.012 onsetDelta=1.13359 baseline=0.00060 adaptive=0.00150 lastPeak=0.00000 guard=0.060 activeAge=-1.000 pitch=-1.00Hz pitchCents=0.0
2025-12-14 07:55:47 [tracker] [s1] aubio-raw t=113.7098 onset=0.501104 env=0.000630 peak=0.001794 gain=1.000
2025-12-14 07:55:47 [tracker] [s1] onset-accepted t=113.7098 env=0.000630 gate=0.000023 envDelta=0.000607 envFloor=0.000628 onset=0.501104 thresh=0.006000 onsetDelta=0.495104 baseline=0.000419 floor=0.000180 adapt=0.001047 lastPeak=0.000000 baseParam=0.000180 gateRatio=0.0550 envParam=0.000450 onsetScale=0.300 retriggerScale=1.400 guard=0.060 guardRemain=0.000 activeAge=-1.000 retrigRemain=0.000 pitchHz=205.12 pitchCents=1578.8
2025-12-14 07:55:47 [tracker] [s1] onset t=113.710 env=0.00063 gate=0.00002 envDelta=0.00061 envFloor=0.00063 onset=0.501 thresh=0.006 onsetDelta=0.49510 baseline=0.00042 adaptive=0.00105 lastPeak=0.00000 guard=0.060 activeAge=-1.000 pitch=205.12Hz pitchCents=1578.8
2025-12-14 07:55:47 [tracker] [s1] note-start t=113.710 fret=16 midi=56 vel=0.01 env=0.00063
2025-12-14 07:55:47 [tracker] [s4] onset t=113.771 env=0.00134 gate=0.00011 envDelta=0.00122 envFloor=0.00098 onset=0.999 thresh=0.014 onsetDelta=0.98522 baseline=0.00065 adaptive=0.00164 lastPeak=0.00000 guard=0.060 activeAge=-1.000 pitch=-1.00Hz pitchCents=0.0
2025-12-14 07:55:47 [tracker] [s5] onset t=113.849 env=0.00176 gate=0.00014 envDelta=0.00162 envFloor=0.00102 onset=1.084 thresh=0.016 onsetDelta=1.06766 baseline=0.00068 adaptive=0.00171 lastPeak=0.00000 guard=0.060 activeAge=-1.000 pitch=-1.00Hz pitchCents=0.0
2025-12-14 07:55:47 [tracker] [s1] aubio-raw t=113.8727 onset=1.125314 env=0.000534 peak=0.001400 gain=1.000
2025-12-14 07:55:47 [tracker] [s1] onset-below-env-floor t=113.8727 env=0.000534 gate=0.000023 envDelta=0.000511 envFloor=0.000615 onset=1.125314 thresh=0.006000 onsetDelta=1.119313 baseline=0.000418 floor=0.000180 adapt=0.001026 lastPeak=0.000464 baseParam=0.000180 gateRatio=0.0550 envParam=0.000450 onsetScale=0.300 retriggerScale=1.400 guard=0.060 guardRemain=0.000 activeAge=0.163 retrigRemain=0.057 pitchHz=727.35 pitchCents=3770.2
2025-12-14 07:55:48 [tracker] [s5] onset t=113.987 env=0.00163 gate=0.00015 envDelta=0.00148 envFloor=0.00108 onset=1.226 thresh=0.016 onsetDelta=1.21008 baseline=0.00072 adaptive=0.00181 lastPeak=0.00000 guard=0.060 activeAge=-1.000 pitch=-1.00Hz pitchCents=0.0
2025-12-14 07:55:48 [tracker] [s3] onset t=114.025 env=0.00209 gate=0.00009 envDelta=0.00199 envFloor=0.00106 onset=0.578 thresh=0.012 onsetDelta=0.56613 baseline=0.00070 adaptive=0.00176 lastPeak=0.00000 guard=0.060 activeAge=-1.000 pitch=-1.00Hz pitchCents=0.0
2025-12-14 07:55:48 [tracker] [s5] onset t=114.062 env=0.00164 gate=0.00016 envDelta=0.00148 envFloor=0.00111 onset=1.264 thresh=0.016 onsetDelta=1.24821 baseline=0.00074 adaptive=0.00185 lastPeak=0.00000 guard=0.060 activeAge=-1.000 pitch=-1.00Hz pitchCents=0.0
2025-12-14 07:55:48 [tracker] [s3] onset t=114.281 env=0.00107 gate=0.00008 envDelta=0.00099 envFloor=0.00096 onset=1.060 thresh=0.012 onsetDelta=1.04885 baseline=0.00064 adaptive=0.00161 lastPeak=0.00000 guard=0.060 activeAge=-1.000 pitch=-1.00Hz pitchCents=0.0
2025-12-14 07:55:48 [tracker] [s1] aubio-raw t=114.3426 onset=1.107219 env=0.000955 peak=0.002238 gain=1.000
2025-12-14 07:55:48 [tracker] [s1] onset-accepted t=114.3426 env=0.000955 gate=0.000023 envDelta=0.000933 envFloor=0.000621 onset=1.107219 thresh=0.006000 onsetDelta=1.101219 baseline=0.000414 floor=0.000180 adapt=0.001035 lastPeak=0.000192 baseParam=0.000180 gateRatio=0.0550 envParam=0.000450 onsetScale=0.300 retriggerScale=1.400 guard=0.060 guardRemain=0.000 activeAge=0.633 retrigRemain=0.000 pitchHz=95.24 pitchCents=250.5
2025-12-14 07:55:48 [tracker] [s1] onset t=114.343 env=0.00096 gate=0.00002 envDelta=0.00093 envFloor=0.00062 onset=1.107 thresh=0.006 onsetDelta=1.10122 baseline=0.00041 adaptive=0.00104 lastPeak=0.00019 guard=0.060 activeAge=0.633 pitch=95.24Hz pitchCents=250.5
2025-12-14 07:55:48 [tracker] [s1] note-ended (new onset) t=114.343 fret=16 dur=0.633
2025-12-14 07:55:48 [tracker] [s3] onset t=114.343 env=0.00159 gate=0.00008 envDelta=0.00151 envFloor=0.00092 onset=0.988 thresh=0.012 onsetDelta=0.97689 baseline=0.00062 adaptive=0.00154 lastPeak=0.00000 guard=0.060 activeAge=-1.000 pitch=-1.00Hz pitchCents=0.0
2025-12-14 07:55:48 [tracker] [s1] aubio-raw t=114.4014 onset=0.998279 env=0.000748 peak=0.001959 gain=1.000
2025-12-14 07:55:48 [tracker] [s1] onset-accepted t=114.4014 env=0.000748 gate=0.000023 envDelta=0.000725 envFloor=0.000626 onset=0.998279 thresh=0.006000 onsetDelta=0.992279 baseline=0.000417 floor=0.000180 adapt=0.001044 lastPeak=0.000172 baseParam=0.000180 gateRatio=0.0550 envParam=0.000450 onsetScale=0.300 retriggerScale=1.400 guard=0.060 guardRemain=0.000 activeAge=-1.000 retrigRemain=0.000 pitchHz=-1.00 pitchCents=0.0
2025-12-14 07:55:48 [tracker] [s1] onset t=114.401 env=0.00075 gate=0.00002 envDelta=0.00072 envFloor=0.00063 onset=0.998 thresh=0.006 onsetDelta=0.99228 baseline=0.00042 adaptive=0.00104 lastPeak=0.00017 guard=0.060 activeAge=-1.000 pitch=-1.00Hz pitchCents=0.0
2025-12-14 07:55:48 [tracker] [s2] onset t=114.404 env=0.00161 gate=0.00001 envDelta=0.00161 envFloor=0.00101 onset=0.997 thresh=0.009 onsetDelta=0.98830 baseline=0.00067 adaptive=0.00168 lastPeak=0.00000 guard=0.060 activeAge=-1.000 pitch=-1.00Hz pitchCents=0.0
2025-12-14 07:55:48 [tracker] [s4] onset t=114.481 env=0.00162 gate=0.00011 envDelta=0.00151 envFloor=0.00098 onset=0.927 thresh=0.014 onsetDelta=0.91257 baseline=0.00065 adaptive=0.00164 lastPeak=0.00000 guard=0.060 activeAge=-1.000 pitch=-1.00Hz pitchCents=0.0
2025-12-14 07:55:48 [tracker] [s5] onset t=114.503 env=0.00185 gate=0.00016 envDelta=0.00170 envFloor=0.00112 onset=1.198 thresh=0.016 onsetDelta=1.18204 baseline=0.00074 adaptive=0.00186 lastPeak=0.00000 guard=0.060 activeAge=-1.000 pitch=-1.00Hz pitchCents=0.0
2025-12-14 07:55:48 [tracker] [s3] onset t=114.506 env=0.00113 gate=0.00008 envDelta=0.00105 envFloor=0.00094 onset=1.140 thresh=0.012 onsetDelta=1.12821 baseline=0.00063 adaptive=0.00157 lastPeak=0.00000 guard=0.060 activeAge=-1.000 pitch=-1.00Hz pitchCents=0.0
2025-12-14 07:55:48 [tracker] [s3] onset t=114.668 env=0.00111 gate=0.00008 envDelta=0.00103 envFloor=0.00092 onset=0.896 thresh=0.012 onsetDelta=0.88434 baseline=0.00062 adaptive=0.00154 lastPeak=0.00000 guard=0.060 activeAge=-1.000 pitch=-1.00Hz pitchCents=0.0
2025-12-14 07:55:48 [tracker] [s6] onset t=114.698 env=0.00194 gate=0.00020 envDelta=0.00174 envFloor=0.00121 onset=0.992 thresh=0.018 onsetDelta=0.97369 baseline=0.00081 adaptive=0.00202 lastPeak=0.00000 guard=0.060 activeAge=-1.000 pitch=-1.00Hz pitchCents=0.0
2025-12-14 07:55:48 [tracker] [s1] aubio-raw t=114.7432 onset=1.217365 env=0.000780 peak=0.001860 gain=1.000
2025-12-14 07:55:48 [tracker] [s1] onset-accepted t=114.7432 env=0.000780 gate=0.000022 envDelta=0.000758 envFloor=0.000606 onset=1.217365 thresh=0.006000 onsetDelta=1.211365 baseline=0.000404 floor=0.000180 adapt=0.001010 lastPeak=0.000091 baseParam=0.000180 gateRatio=0.0550 envParam=0.000450 onsetScale=0.300 retriggerScale=1.400 guard=0.060 guardRemain=0.000 activeAge=-1.000 retrigRemain=0.000 pitchHz=-1.00 pitchCents=0.0
2025-12-14 07:55:48 [tracker] [s1] onset t=114.743 env=0.00078 gate=0.00002 envDelta=0.00076 envFloor=0.00061 onset=1.217 thresh=0.006 onsetDelta=1.21136 baseline=0.00040 adaptive=0.00101 lastPeak=0.00009 guard=0.060 activeAge=-1.000 pitch=-1.00Hz pitchCents=0.0
2025-12-14 07:55:48 [tracker] [s2] onset t=114.818 env=0.00132 gate=0.00001 envDelta=0.00131 envFloor=0.00095 onset=1.308 thresh=0.009 onsetDelta=1.29868 baseline=0.00063 adaptive=0.00158 lastPeak=0.00000 guard=0.060 activeAge=-1.000 pitch=-1.00Hz pitchCents=0.0
2025-12-14 07:55:48 [tracker] [s4] onset t=114.914 env=0.00138 gate=0.00012 envDelta=0.00127 envFloor=0.00102 onset=0.778 thresh=0.014 onsetDelta=0.76437 baseline=0.00068 adaptive=0.00170 lastPeak=0.00000 guard=0.060 activeAge=-1.000 pitch=-1.00Hz pitchCents=0.0
2025-12-14 07:55:49 [tracker] [s2] onset t=114.978 env=0.00170 gate=0.00001 envDelta=0.00170 envFloor=0.00102 onset=0.918 thresh=0.009 onsetDelta=0.90924 baseline=0.00068 adaptive=0.00170 lastPeak=0.00000 guard=0.060 activeAge=-1.000 pitch=-1.00Hz pitchCents=0.0
2025-12-14 07:55:49 [tracker] [s3] onset t=115.016 env=0.00115 gate=0.00008 envDelta=0.00108 envFloor=0.00087 onset=0.950 thresh=0.012 onsetDelta=0.93832 baseline=0.00058 adaptive=0.00144 lastPeak=0.00000 guard=0.060 activeAge=-1.000 pitch=-1.00Hz pitchCents=0.0
2025-12-14 07:55:49 [tracker] [s1] aubio-raw t=115.0610 onset=1.017502 env=0.000897 peak=0.002298 gain=1.000
2025-12-14 07:55:49 [tracker] [s1] onset-accepted t=115.0610 env=0.000897 gate=0.000025 envDelta=0.000872 envFloor=0.000673 onset=1.017502 thresh=0.006000 onsetDelta=1.011502 baseline=0.000449 floor=0.000180 adapt=0.001122 lastPeak=0.000050 baseParam=0.000180 gateRatio=0.0550 envParam=0.000450 onsetScale=0.300 retriggerScale=1.400 guard=0.060 guardRemain=0.000 activeAge=-1.000 retrigRemain=0.000 pitchHz=-1.00 pitchCents=0.0
2025-12-14 07:55:49 [tracker] [s1] onset t=115.061 env=0.00090 gate=0.00002 envDelta=0.00087 envFloor=0.00067 onset=1.018 thresh=0.006 onsetDelta=1.01150 baseline=0.00045 adaptive=0.00112 lastPeak=0.00005 guard=0.060 activeAge=-1.000 pitch=-1.00Hz pitchCents=0.0
2025-12-14 07:55:49 [tracker] [s2] onset t=115.080 env=0.00116 gate=0.00001 envDelta=0.00115 envFloor=0.00094 onset=1.154 thresh=0.009 onsetDelta=1.14492 baseline=0.00063 adaptive=0.00157 lastPeak=0.00000 guard=0.060 activeAge=-1.000 pitch=-1.00Hz pitchCents=0.0
2025-12-14 07:55:49 [tracker] [s3] onset t=115.109 env=0.00149 gate=0.00008 envDelta=0.00141 envFloor=0.00090 onset=0.996 thresh=0.012 onsetDelta=0.98489 baseline=0.00060 adaptive=0.00150 lastPeak=0.00000 guard=0.060 activeAge=-1.000 pitch=-1.00Hz pitchCents=0.0
2025-12-14 07:55:49 [tracker] [s1] aubio-raw t=115.1304 onset=0.797895 env=0.000944 peak=0.002034 gain=1.000
2025-12-14 07:55:49 [tracker] [s1] onset-accepted t=115.1304 env=0.000944 gate=0.000023 envDelta=0.000922 envFloor=0.000620 onset=0.797895 thresh=0.006000 onsetDelta=0.791895 baseline=0.000414 floor=0.000180 adapt=0.001034 lastPeak=0.000044 baseParam=0.000180 gateRatio=0.0550 envParam=0.000450 onsetScale=0.300 retriggerScale=1.400 guard=0.060 guardRemain=0.000 activeAge=-1.000 retrigRemain=0.000 pitchHz=-1.00 pitchCents=0.0
2025-12-14 07:55:49 [tracker] [s1] onset t=115.130 env=0.00094 gate=0.00002 envDelta=0.00092 envFloor=0.00062 onset=0.798 thresh=0.006 onsetDelta=0.79189 baseline=0.00041 adaptive=0.00103 lastPeak=0.00004 guard=0.060 activeAge=-1.000 pitch=-1.00Hz pitchCents=0.0
2025-12-14 07:55:49 [tracker] [s5] onset t=115.144 env=0.00188 gate=0.00016 envDelta=0.00172 envFloor=0.00111 onset=1.341 thresh=0.016 onsetDelta=1.32547 baseline=0.00074 adaptive=0.00185 lastPeak=0.00000 guard=0.060 activeAge=-1.000 pitch=-1.00Hz pitchCents=0.0
2025-12-14 07:55:49 [tracker] [s1] aubio-raw t=115.2078 onset=0.775218 env=0.000704 peak=0.002024 gain=1.000
2025-12-14 07:55:49 [tracker] [s1] onset-accepted t=115.2078 env=0.000704 gate=0.000022 envDelta=0.000682 envFloor=0.000599 onset=0.775218 thresh=0.006000 onsetDelta=0.769218 baseline=0.000400 floor=0.000180 adapt=0.000999 lastPeak=0.000038 baseParam=0.000180 gateRatio=0.0550 envParam=0.000450 onsetScale=0.300 retriggerScale=1.400 guard=0.060 guardRemain=0.000 activeAge=-1.000 retrigRemain=0.000 pitchHz=-1.00 pitchCents=0.0
2025-12-14 07:55:49 [tracker] [s1] onset t=115.208 env=0.00070 gate=0.00002 envDelta=0.00068 envFloor=0.00060 onset=0.775 thresh=0.006 onsetDelta=0.76922 baseline=0.00040 adaptive=0.00100 lastPeak=0.00004 guard=0.060 activeAge=-1.000 pitch=-1.00Hz pitchCents=0.0
2025-12-14 07:55:49 [tracker] [s6] onset t=115.221 env=0.00195 gate=0.00022 envDelta=0.00173 envFloor=0.00131 onset=0.999 thresh=0.018 onsetDelta=0.98119 baseline=0.00087 adaptive=0.00218 lastPeak=0.00000 guard=0.060 activeAge=-1.000 pitch=-1.00Hz pitchCents=0.0
2025-12-14 07:55:49 [tracker] [s4] onset t=115.355 env=0.00117 gate=0.00011 envDelta=0.00107 envFloor=0.00093 onset=1.019 thresh=0.014 onsetDelta=1.00521 baseline=0.00062 adaptive=0.00156 lastPeak=0.00000 guard=0.060 activeAge=-1.000 pitch=-1.00Hz pitchCents=0.0
2025-12-14 07:55:49 [tracker] [s2] onset t=115.395 env=0.00173 gate=0.00001 envDelta=0.00172 envFloor=0.00090 onset=1.083 thresh=0.009 onsetDelta=1.07391 baseline=0.00060 adaptive=0.00151 lastPeak=0.00000 guard=0.060 activeAge=-1.000 pitch=470.63Hz pitchCents=2516.5
2025-12-14 07:55:49 [tracker] [s1] aubio-raw t=115.4348 onset=0.754594 env=0.000924 peak=0.002600 gain=1.000
2025-12-14 07:55:49 [tracker] [s1] onset-accepted t=115.4348 env=0.000924 gate=0.000022 envDelta=0.000902 envFloor=0.000592 onset=0.754594 thresh=0.006000 onsetDelta=0.748594 baseline=0.000395 floor=0.000180 adapt=0.000987 lastPeak=0.000025 baseParam=0.000180 gateRatio=0.0550 envParam=0.000450 onsetScale=0.300 retriggerScale=1.400 guard=0.060 guardRemain=0.000 activeAge=-1.000 retrigRemain=0.000 pitchHz=-1.00 pitchCents=0.0
2025-12-14 07:55:49 [tracker] [s1] onset t=115.435 env=0.00092 gate=0.00002 envDelta=0.00090 envFloor=0.00059 onset=0.755 thresh=0.006 onsetDelta=0.74859 baseline=0.00039 adaptive=0.00099 lastPeak=0.00002 guard=0.060 activeAge=-1.000 pitch=-1.00Hz pitchCents=0.0
2025-12-14 07:55:49 [tracker] [s5] onset t=115.459 env=0.00166 gate=0.00015 envDelta=0.00152 envFloor=0.00105 onset=0.624 thresh=0.016 onsetDelta=0.60813 baseline=0.00070 adaptive=0.00175 lastPeak=0.00000 guard=0.060 activeAge=-1.000 pitch=-1.00Hz pitchCents=0.0
2025-12-14 07:55:49 [tracker] [s4] onset t=115.499 env=0.00151 gate=0.00011 envDelta=0.00140 envFloor=0.00098 onset=0.996 thresh=0.014 onsetDelta=0.98225 baseline=0.00065 adaptive=0.00163 lastPeak=0.00000 guard=0.060 activeAge=-1.000 pitch=-1.00Hz pitchCents=0.0
2025-12-14 07:55:49 [tracker] [s5] onset t=115.528 env=0.00186 gate=0.00015 envDelta=0.00171 envFloor=0.00108 onset=1.056 thresh=0.016 onsetDelta=1.04016 baseline=0.00072 adaptive=0.00180 lastPeak=0.00000 guard=0.060 activeAge=-1.000 pitch=-1.00Hz pitchCents=0.0
2025-12-14 07:55:49 [tracker] [s1] aubio-raw t=115.6618 onset=0.997566 env=0.000659 peak=0.002140 gain=1.000
2025-12-14 07:55:49 [tracker] [s1] onset-accepted t=115.6618 env=0.000659 gate=0.000024 envDelta=0.000635 envFloor=0.000656 onset=0.997566 thresh=0.006000 onsetDelta=0.991566 baseline=0.000437 floor=0.000180 adapt=0.001093 lastPeak=0.000016 baseParam=0.000180 gateRatio=0.0550 envParam=0.000450 onsetScale=0.300 retriggerScale=1.400 guard=0.060 guardRemain=0.000 activeAge=-1.000 retrigRemain=0.000 pitchHz=102.56 pitchCents=378.7
2025-12-14 07:55:49 [tracker] [s1] onset t=115.662 env=0.00066 gate=0.00002 envDelta=0.00063 envFloor=0.00066 onset=0.998 thresh=0.006 onsetDelta=0.99157 baseline=0.00044 adaptive=0.00109 lastPeak=0.00002 guard=0.060 activeAge=-1.000 pitch=102.56Hz pitchCents=378.7
2025-12-14 07:55:49 [tracker] [s6] onset t=115.696 env=0.00195 gate=0.00020 envDelta=0.00174 envFloor=0.00122 onset=0.996 thresh=0.018 onsetDelta=0.97835 baseline=0.00082 adaptive=0.00204 lastPeak=0.00000 guard=0.060 activeAge=-1.000 pitch=-1.00Hz pitchCents=0.0
2025-12-14 07:55:49 [tracker] [s1] aubio-raw t=115.7178 onset=1.054763 env=0.000830 peak=0.002075 gain=1.000
2025-12-14 07:55:49 [tracker] [s1] onset-accepted t=115.7178 env=0.000830 gate=0.000022 envDelta=0.000808 envFloor=0.000591 onset=1.054763 thresh=0.006000 onsetDelta=1.048763 baseline=0.000394 floor=0.000180 adapt=0.000984 lastPeak=0.000015 baseParam=0.000180 gateRatio=0.0550 envParam=0.000450 onsetScale=0.300 retriggerScale=1.400 guard=0.060 guardRemain=0.000 activeAge=-1.000 retrigRemain=0.000 pitchHz=156.86 pitchCents=1114.4
2025-12-14 07:55:49 [tracker] [s1] onset t=115.718 env=0.00083 gate=0.00002 envDelta=0.00081 envFloor=0.00059 onset=1.055 thresh=0.006 onsetDelta=1.04876 baseline=0.00039 adaptive=0.00098 lastPeak=0.00001 guard=0.060 activeAge=-1.000 pitch=156.86Hz pitchCents=1114.4
2025-12-14 07:55:49 [tracker] [s4] onset t=115.969 env=0.00175 gate=0.00012 envDelta=0.00163 envFloor=0.00105 onset=0.996 thresh=0.014 onsetDelta=0.98157 baseline=0.00070 adaptive=0.00175 lastPeak=0.00000 guard=0.060 activeAge=-1.000 pitch=-1.00Hz pitchCents=0.0
2025-12-14 07:55:50 [tracker] [s2] onset t=116.078 env=0.00166 gate=0.00001 envDelta=0.00166 envFloor=0.00105 onset=0.998 thresh=0.009 onsetDelta=0.98938 baseline=0.00070 adaptive=0.00176 lastPeak=0.00000 guard=0.060 activeAge=-1.000 pitch=-1.00Hz pitchCents=0.0
2025-12-14 07:55:50 [tracker] [s3] onset t=116.113 env=0.00135 gate=0.00008 envDelta=0.00127 envFloor=0.00094 onset=0.998 thresh=0.012 onsetDelta=0.98608 baseline=0.00063 adaptive=0.00156 lastPeak=0.00000 guard=0.060 activeAge=-1.000 pitch=-1.00Hz pitchCents=0.0
2025-12-14 07:55:50 [tracker] [s5] onset t=116.116 env=0.00176 gate=0.00014 envDelta=0.00162 envFloor=0.00103 onset=0.984 thresh=0.016 onsetDelta=0.96782 baseline=0.00069 adaptive=0.00172 lastPeak=0.00000 guard=0.060 activeAge=-1.000 pitch=-1.00Hz pitchCents=0.0
2025-12-14 07:55:50 [tracker] [s3] onset t=116.225 env=0.00092 gate=0.00007 envDelta=0.00085 envFloor=0.00087 onset=1.126 thresh=0.012 onsetDelta=1.11453 baseline=0.00058 adaptive=0.00144 lastPeak=0.00000 guard=0.060 activeAge=-1.000 pitch=-1.00Hz pitchCents=0.0
2025-12-14 07:55:50 [tracker] [s5] onset t=116.324 env=0.00165 gate=0.00016 envDelta=0.00149 envFloor=0.00111 onset=0.904 thresh=0.016 onsetDelta=0.88811 baseline=0.00074 adaptive=0.00185 lastPeak=0.00000 guard=0.060 activeAge=-1.000 pitch=-1.00Hz pitchCents=0.0
2025-12-14 07:55:50 [tracker] [s3] onset t=116.369 env=0.00143 gate=0.00008 envDelta=0.00134 envFloor=0.00096 onset=0.756 thresh=0.012 onsetDelta=0.74457 baseline=0.00064 adaptive=0.00160 lastPeak=0.00000 guard=0.060 activeAge=-1.000 pitch=-1.00Hz pitchCents=0.0
2025-12-14 07:55:50 [tracker] [s6] onset t=116.436 env=0.00185 gate=0.00021 envDelta=0.00164 envFloor=0.00127 onset=0.777 thresh=0.018 onsetDelta=0.75871 baseline=0.00085 adaptive=0.00212 lastPeak=0.00000 guard=0.060 activeAge=-1.000 pitch=-1.00Hz pitchCents=0.0
2025-12-14 07:55:50 [tracker] [s3] onset t=116.476 env=0.00131 gate=0.00008 envDelta=0.00123 envFloor=0.00097 onset=0.896 thresh=0.012 onsetDelta=0.88395 baseline=0.00064 adaptive=0.00161 lastPeak=0.00000 guard=0.060 activeAge=-1.000 pitch=-1.00Hz pitchCents=0.0
2025-12-14 07:55:50 [tracker] [s5] onset t=116.487 env=0.00155 gate=0.00015 envDelta=0.00140 envFloor=0.00104 onset=1.001 thresh=0.016 onsetDelta=0.98461 baseline=0.00069 adaptive=0.00174 lastPeak=0.00000 guard=0.060 activeAge=-1.000 pitch=-1.00Hz pitchCents=0.0
2025-12-14 07:55:50 [tracker] [s6] onset t=116.498 env=0.00191 gate=0.00020 envDelta=0.00171 envFloor=0.00119 onset=1.024 thresh=0.018 onsetDelta=1.00624 baseline=0.00080 adaptive=0.00199 lastPeak=0.00000 guard=0.060 activeAge=-1.000 pitch=-1.00Hz pitchCents=0.0
2025-12-14 07:55:50 [tracker] [s6] onset t=116.639 env=0.00174 gate=0.00021 envDelta=0.00154 envFloor=0.00124 onset=0.961 thresh=0.018 onsetDelta=0.94291 baseline=0.00082 adaptive=0.00206 lastPeak=0.00000 guard=0.060 activeAge=-1.000 pitch=-1.00Hz pitchCents=0.0
2025-12-14 07:55:50 [tracker] [s5] onset t=116.647 env=0.00170 gate=0.00015 envDelta=0.00155 envFloor=0.00108 onset=1.225 thresh=0.016 onsetDelta=1.20855 baseline=0.00072 adaptive=0.00179 lastPeak=0.00000 guard=0.060 activeAge=-1.000 pitch=-1.00Hz pitchCents=0.0
2025-12-14 07:55:50 [tracker] [s3] onset t=116.719 env=0.00135 gate=0.00008 envDelta=0.00127 envFloor=0.00093 onset=1.470 thresh=0.012 onsetDelta=1.45859 baseline=0.00062 adaptive=0.00155 lastPeak=0.00000 guard=0.060 activeAge=-1.000 pitch=-1.00Hz pitchCents=0.0
2025-12-14 07:55:50 [tracker] [s1] aubio-raw t=116.7379 onset=0.995019 env=0.001017 peak=0.002477 gain=1.000
2025-12-14 07:55:50 [tracker] [s1] onset-accepted t=116.7379 env=0.001017 gate=0.000025 envDelta=0.000991 envFloor=0.000683 onset=0.995019 thresh=0.006000 onsetDelta=0.989019 baseline=0.000455 floor=0.000180 adapt=0.001138 lastPeak=0.000002 baseParam=0.000180 gateRatio=0.0550 envParam=0.000450 onsetScale=0.300 retriggerScale=1.400 guard=0.060 guardRemain=0.000 activeAge=-1.000 retrigRemain=0.000 pitchHz=-1.00 pitchCents=0.0
2025-12-14 07:55:50 [tracker] [s1] onset t=116.738 env=0.00102 gate=0.00003 envDelta=0.00099 envFloor=0.00068 onset=0.995 thresh=0.006 onsetDelta=0.98902 baseline=0.00046 adaptive=0.00114 lastPeak=0.00000 guard=0.060 activeAge=-1.000 pitch=-1.00Hz pitchCents=0.0
2025-12-14 07:55:50 [tracker] [s5] onset t=116.845 env=0.00152 gate=0.00015 envDelta=0.00137 envFloor=0.00109 onset=0.941 thresh=0.016 onsetDelta=0.92509 baseline=0.00073 adaptive=0.00182 lastPeak=0.00000 guard=0.060 activeAge=-1.000 pitch=-1.00Hz pitchCents=0.0
2025-12-14 07:55:50 [tracker] [s1] aubio-raw t=116.8901 onset=1.000656 env=0.001487 peak=0.003187 gain=1.000
2025-12-14 07:55:50 [tracker] [s1] onset-accepted t=116.8901 env=0.001487 gate=0.000024 envDelta=0.001463 envFloor=0.000657 onset=1.000656 thresh=0.006000 onsetDelta=0.994656 baseline=0.000438 floor=0.000180 adapt=0.001094 lastPeak=0.000002 baseParam=0.000180 gateRatio=0.0550 envParam=0.000450 onsetScale=0.300 retriggerScale=1.400 guard=0.060 guardRemain=0.000 activeAge=-1.000 retrigRemain=0.000 pitchHz=380.99 pitchCents=2650.7
2025-12-14 07:55:50 [tracker] [s1] onset t=116.890 env=0.00149 gate=0.00002 envDelta=0.00146 envFloor=0.00066 onset=1.001 thresh=0.006 onsetDelta=0.99466 baseline=0.00044 adaptive=0.00109 lastPeak=0.00000 guard=0.060 activeAge=-1.000 pitch=380.99Hz pitchCents=2650.7
2025-12-14 07:55:50 [tracker] [s1] aubio-raw t=116.9755 onset=1.022658 env=0.000803 peak=0.002073 gain=1.000
2025-12-14 07:55:50 [tracker] [s1] onset-accepted t=116.9755 env=0.000803 gate=0.000022 envDelta=0.000781 envFloor=0.000606 onset=1.022658 thresh=0.006000 onsetDelta=1.016658 baseline=0.000404 floor=0.000180 adapt=0.001010 lastPeak=0.000001 baseParam=0.000180 gateRatio=0.0550 envParam=0.000450 onsetScale=0.300 retriggerScale=1.400 guard=0.060 guardRemain=0.000 activeAge=-1.000 retrigRemain=0.000 pitchHz=-1.00 pitchCents=0.0
2025-12-14 07:55:50 [tracker] [s1] onset t=116.976 env=0.00080 gate=0.00002 envDelta=0.00078 envFloor=0.00061 onset=1.023 thresh=0.006 onsetDelta=1.01666 baseline=0.00040 adaptive=0.00101 lastPeak=0.00000 guard=0.060 activeAge=-1.000 pitch=-1.00Hz pitchCents=0.0
2025-12-14 07:55:51 [tracker] [s2] onset t=117.056 env=0.00178 gate=0.00001 envDelta=0.00177 envFloor=0.00108 onset=1.002 thresh=0.009 onsetDelta=0.99261 baseline=0.00072 adaptive=0.00180 lastPeak=0.00000 guard=0.060 activeAge=-1.000 pitch=-1.00Hz pitchCents=0.0
2025-12-14 07:55:51 [tracker] [s6] onset t=117.101 env=0.00203 gate=0.00022 envDelta=0.00182 envFloor=0.00131 onset=0.885 thresh=0.018 onsetDelta=0.86668 baseline=0.00087 adaptive=0.00218 lastPeak=0.00000 guard=0.060 activeAge=-1.000 pitch=-1.00Hz pitchCents=0.0
2025-12-14 07:55:51 [tracker] [s3] onset t=117.184 env=0.00128 gate=0.00008 envDelta=0.00120 envFloor=0.00097 onset=0.652 thresh=0.012 onsetDelta=0.63997 baseline=0.00065 adaptive=0.00162 lastPeak=0.00000 guard=0.060 activeAge=-1.000 pitch=-1.00Hz pitchCents=0.0
2025-12-14 07:55:51 [tracker] [s5] onset t=117.184 env=0.00171 gate=0.00015 envDelta=0.00156 envFloor=0.00109 onset=0.755 thresh=0.016 onsetDelta=0.73906 baseline=0.00072 adaptive=0.00181 lastPeak=0.00000 guard=0.060 activeAge=-1.000 pitch=-1.00Hz pitchCents=0.0
2025-12-14 07:55:51 [tracker] [s6] onset t=117.237 env=0.00185 gate=0.00020 envDelta=0.00165 envFloor=0.00120 onset=1.007 thresh=0.018 onsetDelta=0.98867 baseline=0.00080 adaptive=0.00200 lastPeak=0.00000 guard=0.060 activeAge=-1.000 pitch=-1.00Hz pitchCents=0.0
2025-12-14 07:55:51 [tracker] [s3] onset t=117.269 env=0.00148 gate=0.00008 envDelta=0.00140 envFloor=0.00094 onset=1.078 thresh=0.012 onsetDelta=1.06594 baseline=0.00062 adaptive=0.00156 lastPeak=0.00000 guard=0.060 activeAge=-1.000 pitch=-1.00Hz pitchCents=0.0
2025-12-14 07:55:51 [tracker] [s1] aubio-raw t=117.3173 onset=1.159230 env=0.001010 peak=0.001999 gain=1.000
2025-12-14 07:55:51 [tracker] [s1] onset-accepted t=117.3173 env=0.001010 gate=0.000024 envDelta=0.000986 envFloor=0.000666 onset=1.159230 thresh=0.006000 onsetDelta=1.153230 baseline=0.000444 floor=0.000180 adapt=0.001109 lastPeak=0.000001 baseParam=0.000180 gateRatio=0.0550 envParam=0.000450 onsetScale=0.300 retriggerScale=1.400 guard=0.060 guardRemain=0.000 activeAge=-1.000 retrigRemain=0.000 pitchHz=285.75 pitchCents=2152.7
2025-12-14 07:55:51 [tracker] [s1] onset t=117.317 env=0.00101 gate=0.00002 envDelta=0.00099 envFloor=0.00067 onset=1.159 thresh=0.006 onsetDelta=1.15323 baseline=0.00044 adaptive=0.00111 lastPeak=0.00000 guard=0.060 activeAge=-1.000 pitch=285.75Hz pitchCents=2152.7
2025-12-14 07:55:51 [tracker] [s5] onset t=117.357 env=0.00155 gate=0.00014 envDelta=0.00141 envFloor=0.00101 onset=1.008 thresh=0.016 onsetDelta=0.99156 baseline=0.00068 adaptive=0.00169 lastPeak=0.00000 guard=0.060 activeAge=-1.000 pitch=-1.00Hz pitchCents=0.0
2025-12-14 07:55:51 [tracker] [s6] onset t=117.459 env=0.00232 gate=0.00022 envDelta=0.00210 envFloor=0.00131 onset=1.321 thresh=0.018 onsetDelta=1.30340 baseline=0.00087 adaptive=0.00218 lastPeak=0.00000 guard=0.060 activeAge=-1.000 pitch=-1.00Hz pitchCents=0.0
2025-12-14 07:55:51 [tracker] [s1] aubio-raw t=117.5149 onset=0.948562 env=0.000846 peak=0.002084 gain=1.000
2025-12-14 07:55:51 [tracker] [s1] onset-accepted t=117.5149 env=0.000846 gate=0.000021 envDelta=0.000825 envFloor=0.000572 onset=0.948562 thresh=0.006000 onsetDelta=0.942562 baseline=0.000381 floor=0.000180 adapt=0.000953 lastPeak=0.000000 baseParam=0.000180 gateRatio=0.0550 envParam=0.000450 onsetScale=0.300 retriggerScale=1.400 guard=0.060 guardRemain=0.000 activeAge=-1.000 retrigRemain=0.000 pitchHz=-1.00 pitchCents=0.0
2025-12-14 07:55:51 [tracker] [s1] onset t=117.515 env=0.00085 gate=0.00002 envDelta=0.00083 envFloor=0.00057 onset=0.949 thresh=0.006 onsetDelta=0.94256 baseline=0.00038 adaptive=0.00095 lastPeak=0.00000 guard=0.060 activeAge=-1.000 pitch=-1.00Hz pitchCents=0.0
2025-12-14 07:55:51 [tracker] [s5] onset t=117.515 env=0.00200 gate=0.00016 envDelta=0.00184 envFloor=0.00115 onset=1.111 thresh=0.016 onsetDelta=1.09524 baseline=0.00076 adaptive=0.00191 lastPeak=0.00000 guard=0.060 activeAge=-1.000 pitch=-1.00Hz pitchCents=0.0
2025-12-14 07:55:51 [tracker] [s6] onset t=117.544 env=0.00187 gate=0.00021 envDelta=0.00166 envFloor=0.00128 onset=1.078 thresh=0.018 onsetDelta=1.05955 baseline=0.00085 adaptive=0.00213 lastPeak=0.00000 guard=0.060 activeAge=-1.000 pitch=-1.00Hz pitchCents=0.0
2025-12-14 07:55:51 [tracker] [s4] onset t=117.582 env=0.00181 gate=0.00011 envDelta=0.00170 envFloor=0.00100 onset=0.730 thresh=0.014 onsetDelta=0.71572 baseline=0.00067 adaptive=0.00167 lastPeak=0.00000 guard=0.060 activeAge=-1.000 pitch=-1.00Hz pitchCents=0.0
2025-12-14 07:55:51 [tracker] [s5] onset t=117.622 env=0.00167 gate=0.00015 envDelta=0.00152 envFloor=0.00109 onset=1.032 thresh=0.016 onsetDelta=1.01647 baseline=0.00073 adaptive=0.00182 lastPeak=0.00000 guard=0.060 activeAge=-1.000 pitch=-1.00Hz pitchCents=0.0
2025-12-14 07:55:51 [tracker] [s6] onset t=117.651 env=0.00163 gate=0.00019 envDelta=0.00144 envFloor=0.00116 onset=1.051 thresh=0.018 onsetDelta=1.03284 baseline=0.00077 adaptive=0.00193 lastPeak=0.00000 guard=0.060 activeAge=-1.000 pitch=-1.00Hz pitchCents=0.0
2025-12-14 07:55:51 [tracker] [s2] onset t=117.678 env=0.00102 gate=0.00001 envDelta=0.00102 envFloor=0.00094 onset=0.998 thresh=0.009 onsetDelta=0.98871 baseline=0.00063 adaptive=0.00156 lastPeak=0.00000 guard=0.060 activeAge=-1.000 pitch=103.89Hz pitchCents=-98.9
2025-12-14 07:55:51 [tracker] [s4] onset t=117.710 env=0.00130 gate=0.00011 envDelta=0.00119 envFloor=0.00097 onset=0.859 thresh=0.014 onsetDelta=0.84543 baseline=0.00065 adaptive=0.00162 lastPeak=0.00000 guard=0.060 activeAge=-1.000 pitch=-1.00Hz pitchCents=0.0
2025-12-14 07:55:51 [tracker] [s2] onset t=117.755 env=0.00193 gate=0.00001 envDelta=0.00192 envFloor=0.00098 onset=0.602 thresh=0.009 onsetDelta=0.59276 baseline=0.00065 adaptive=0.00163 lastPeak=0.00000 guard=0.060 activeAge=-1.000 pitch=-1.00Hz pitchCents=0.0
2025-12-14 07:55:51 [tracker] [s4] onset t=117.798 env=0.00149 gate=0.00011 envDelta=0.00138 envFloor=0.00096 onset=1.234 thresh=0.014 onsetDelta=1.21984 baseline=0.00064 adaptive=0.00159 lastPeak=0.00000 guard=0.060 activeAge=-1.000 pitch=-1.00Hz pitchCents=0.0
2025-12-14 07:55:51 [tracker] [s2] onset t=117.811 env=0.00110 gate=0.00001 envDelta=0.00109 envFloor=0.00110 onset=0.822 thresh=0.009 onsetDelta=0.81255 baseline=0.00073 adaptive=0.00183 lastPeak=0.00000 guard=0.060 activeAge=-1.000 pitch=-1.00Hz pitchCents=0.0
2025-12-14 07:55:51 [tracker] [s6] onset t=117.926 env=0.00207 gate=0.00022 envDelta=0.00186 envFloor=0.00129 onset=0.954 thresh=0.018 onsetDelta=0.93603 baseline=0.00086 adaptive=0.00215 lastPeak=0.00000 guard=0.060 activeAge=-1.000 pitch=-1.00Hz pitchCents=0.0
2025-12-14 07:55:51 [tracker] [s2] onset t=117.948 env=0.00159 gate=0.00001 envDelta=0.00158 envFloor=0.00101 onset=0.722 thresh=0.009 onsetDelta=0.71340 baseline=0.00068 adaptive=0.00169 lastPeak=0.00000 guard=0.060 activeAge=-1.000 pitch=-1.00Hz pitchCents=0.0
2025-12-14 07:55:51 [tracker] [s4] onset t=117.961 env=0.00141 gate=0.00012 envDelta=0.00129 envFloor=0.00104 onset=1.302 thresh=0.014 onsetDelta=1.28784 baseline=0.00070 adaptive=0.00174 lastPeak=0.00000 guard=0.060 activeAge=-1.000 pitch=-1.00Hz pitchCents=0.0
2025-12-14 07:55:52 [tracker] [s3] onset t=118.038 env=0.00141 gate=0.00008 envDelta=0.00132 envFloor=0.00093 onset=0.979 thresh=0.012 onsetDelta=0.96771 baseline=0.00062 adaptive=0.00155 lastPeak=0.00000 guard=0.060 activeAge=-1.000 pitch=-1.00Hz pitchCents=0.0
2025-12-14 07:55:52 [tracker] [s1] aubio-raw t=118.0410 onset=0.806890 env=0.001135 peak=0.002430 gain=1.000
2025-12-14 07:55:52 [tracker] [s1] onset-accepted t=118.0410 env=0.001135 gate=0.000025 envDelta=0.001111 envFloor=0.000678 onset=0.806890 thresh=0.006000 onsetDelta=0.800890 baseline=0.000452 floor=0.000180 adapt=0.001130 lastPeak=0.000000 baseParam=0.000180 gateRatio=0.0550 envParam=0.000450 onsetScale=0.300 retriggerScale=1.400 guard=0.060 guardRemain=0.000 activeAge=-1.000 retrigRemain=0.000 pitchHz=-1.00 pitchCents=0.0
2025-12-14 07:55:52 [tracker] [s1] onset t=118.041 env=0.00114 gate=0.00002 envDelta=0.00111 envFloor=0.00068 onset=0.807 thresh=0.006 onsetDelta=0.80089 baseline=0.00045 adaptive=0.00113 lastPeak=0.00000 guard=0.060 activeAge=-1.000 pitch=-1.00Hz pitchCents=0.0
2025-12-14 07:55:52 [tracker] [s2] onset t=118.142 env=0.00129 gate=0.00001 envDelta=0.00128 envFloor=0.00104 onset=0.962 thresh=0.009 onsetDelta=0.95299 baseline=0.00070 adaptive=0.00174 lastPeak=0.00000 guard=0.060 activeAge=-1.000 pitch=-1.00Hz pitchCents=0.0
2025-12-14 07:55:52 [tracker] [s1] aubio-raw t=118.2039 onset=0.995672 env=0.000695 peak=0.002104 gain=1.000
2025-12-14 07:55:52 [tracker] [s1] onset-accepted t=118.2039 env=0.000695 gate=0.000022 envDelta=0.000673 envFloor=0.000602 onset=0.995672 thresh=0.006000 onsetDelta=0.989672 baseline=0.000402 floor=0.000180 adapt=0.001004 lastPeak=0.000000 baseParam=0.000180 gateRatio=0.0550 envParam=0.000450 onsetScale=0.300 retriggerScale=1.400 guard=0.060 guardRemain=0.000 activeAge=-1.000 retrigRemain=0.000 pitchHz=-1.00 pitchCents=0.0
2025-12-14 07:55:52 [tracker] [s1] onset t=118.204 env=0.00069 gate=0.00002 envDelta=0.00067 envFloor=0.00060 onset=0.996 thresh=0.006 onsetDelta=0.98967 baseline=0.00040 adaptive=0.00100 lastPeak=0.00000 guard=0.060 activeAge=-1.000 pitch=-1.00Hz pitchCents=0.0
2025-12-14 07:55:52 [tracker] [s3] onset t=118.233 env=0.00128 gate=0.00008 envDelta=0.00120 envFloor=0.00095 onset=0.835 thresh=0.012 onsetDelta=0.82339 baseline=0.00063 adaptive=0.00158 lastPeak=0.00000 guard=0.060 activeAge=-1.000 pitch=-1.00Hz pitchCents=0.0
2025-12-14 07:55:52 [tracker] [s1] aubio-raw t=118.2867 onset=1.141730 env=0.000938 peak=0.002427 gain=1.000
2025-12-14 07:55:52 [tracker] [s1] onset-accepted t=118.2867 env=0.000938 gate=0.000021 envDelta=0.000917 envFloor=0.000573 onset=1.141730 thresh=0.006000 onsetDelta=1.135730 baseline=0.000382 floor=0.000180 adapt=0.000955 lastPeak=0.000000 baseParam=0.000180 gateRatio=0.0550 envParam=0.000450 onsetScale=0.300 retriggerScale=1.400 guard=0.060 guardRemain=0.000 activeAge=-1.000 retrigRemain=0.000 pitchHz=-1.00 pitchCents=0.0
2025-12-14 07:55:52 [tracker] [s1] onset t=118.287 env=0.00094 gate=0.00002 envDelta=0.00092 envFloor=0.00057 onset=1.142 thresh=0.006 onsetDelta=1.13573 baseline=0.00038 adaptive=0.00095 lastPeak=0.00000 guard=0.060 activeAge=-1.000 pitch=-1.00Hz pitchCents=0.0
2025-12-14 07:55:52 [tracker] [s4] onset t=118.308 env=0.00124 gate=0.00012 envDelta=0.00112 envFloor=0.00104 onset=0.671 thresh=0.014 onsetDelta=0.65694 baseline=0.00069 adaptive=0.00174 lastPeak=0.00000 guard=0.060 activeAge=-1.000 pitch=-1.00Hz pitchCents=0.0
2025-12-14 07:55:52 [tracker] [s2] onset t=118.319 env=0.00154 gate=0.00001 envDelta=0.00153 envFloor=0.00102 onset=0.998 thresh=0.009 onsetDelta=0.98881 baseline=0.00068 adaptive=0.00170 lastPeak=0.00000 guard=0.060 activeAge=-1.000 pitch=-1.00Hz pitchCents=0.0
2025-12-14 07:55:52 [tracker] [s1] aubio-raw t=118.3534 onset=0.715909 env=0.001176 peak=0.002297 gain=1.000
2025-12-14 07:55:52 [tracker] [s1] onset-accepted t=118.3534 env=0.001176 gate=0.000023 envDelta=0.001153 envFloor=0.000626 onset=0.715909 thresh=0.006000 onsetDelta=0.709909 baseline=0.000417 floor=0.000180 adapt=0.001044 lastPeak=0.000000 baseParam=0.000180 gateRatio=0.0550 envParam=0.000450 onsetScale=0.300 retriggerScale=1.400 guard=0.060 guardRemain=0.000 activeAge=-1.000 retrigRemain=0.000 pitchHz=-1.00 pitchCents=0.0
2025-12-14 07:55:52 [tracker] [s1] onset t=118.353 env=0.00118 gate=0.00002 envDelta=0.00115 envFloor=0.00063 onset=0.716 thresh=0.006 onsetDelta=0.70991 baseline=0.00042 adaptive=0.00104 lastPeak=0.00000 guard=0.060 activeAge=-1.000 pitch=-1.00Hz pitchCents=0.0
2025-12-14 07:55:52 [tracker] [s5] onset t=118.359 env=0.00189 gate=0.00016 envDelta=0.00173 envFloor=0.00111 onset=1.050 thresh=0.016 onsetDelta=1.03430 baseline=0.00074 adaptive=0.00186 lastPeak=0.00000 guard=0.060 activeAge=-1.000 pitch=-1.00Hz pitchCents=0.0
2025-12-14 07:55:52 [tracker] [s3] onset t=118.361 env=0.00152 gate=0.00008 envDelta=0.00144 envFloor=0.00094 onset=1.056 thresh=0.012 onsetDelta=1.04465 baseline=0.00063 adaptive=0.00156 lastPeak=0.00000 guard=0.060 activeAge=-1.000 pitch=-1.00Hz pitchCents=0.0
2025-12-14 07:55:52 [tracker] [s6] onset t=118.404 env=0.00171 gate=0.00020 envDelta=0.00151 envFloor=0.00119 onset=1.067 thresh=0.018 onsetDelta=1.04880 baseline=0.00079 adaptive=0.00198 lastPeak=0.00000 guard=0.060 activeAge=-1.000 pitch=-1.00Hz pitchCents=0.0
2025-12-14 07:55:52 [tracker] [s6] onset t=118.458 env=0.00213 gate=0.00020 envDelta=0.00194 envFloor=0.00119 onset=1.026 thresh=0.018 onsetDelta=1.00783 baseline=0.00079 adaptive=0.00198 lastPeak=0.00000 guard=0.060 activeAge=-1.000 pitch=-1.00Hz pitchCents=0.0
2025-12-14 07:55:52 [tracker] [s4] onset t=118.490 env=0.00130 gate=0.00011 envDelta=0.00120 envFloor=0.00095 onset=0.586 thresh=0.014 onsetDelta=0.57183 baseline=0.00063 adaptive=0.00158 lastPeak=0.00000 guard=0.060 activeAge=-1.000 pitch=-1.00Hz pitchCents=0.0
2025-12-14 07:55:52 [tracker] [s4] onset t=118.554 env=0.00160 gate=0.00011 envDelta=0.00149 envFloor=0.00098 onset=0.853 thresh=0.014 onsetDelta=0.83900 baseline=0.00066 adaptive=0.00164 lastPeak=0.00000 guard=0.060 activeAge=-1.000 pitch=-1.00Hz pitchCents=0.0
2025-12-14 07:55:52 [tracker] [s6] onset t=118.623 env=0.00219 gate=0.00021 envDelta=0.00197 envFloor=0.00128 onset=0.828 thresh=0.018 onsetDelta=0.80956 baseline=0.00085 adaptive=0.00214 lastPeak=0.00000 guard=0.060 activeAge=-1.000 pitch=-1.00Hz pitchCents=0.0
2025-12-14 07:55:52 [tracker] [s4] onset t=118.660 env=0.00135 gate=0.00012 envDelta=0.00123 envFloor=0.00105 onset=1.211 thresh=0.014 onsetDelta=1.19715 baseline=0.00070 adaptive=0.00174 lastPeak=0.00000 guard=0.060 activeAge=-1.000 pitch=-1.00Hz pitchCents=0.0
2025-12-14 07:55:52 [tracker] [s6] onset t=118.677 env=0.00213 gate=0.00021 envDelta=0.00192 envFloor=0.00127 onset=0.569 thresh=0.018 onsetDelta=0.55087 baseline=0.00085 adaptive=0.00212 lastPeak=0.00000 guard=0.060 activeAge=-1.000 pitch=-1.00Hz pitchCents=0.0
2025-12-14 07:55:52 [tracker] [s1] aubio-raw t=118.7112 onset=0.933657 env=0.000875 peak=0.001869 gain=1.000
2025-12-14 07:55:52 [tracker] [s1] onset-accepted t=118.7112 env=0.000875 gate=0.000023 envDelta=0.000852 envFloor=0.000619 onset=0.933657 thresh=0.006000 onsetDelta=0.927657 baseline=0.000413 floor=0.000180 adapt=0.001032 lastPeak=0.000000 baseParam=0.000180 gateRatio=0.0550 envParam=0.000450 onsetScale=0.300 retriggerScale=1.400 guard=0.060 guardRemain=0.000 activeAge=-1.000 retrigRemain=0.000 pitchHz=-1.00 pitchCents=0.0
2025-12-14 07:55:52 [tracker] [s1] onset t=118.711 env=0.00087 gate=0.00002 envDelta=0.00085 envFloor=0.00062 onset=0.934 thresh=0.006 onsetDelta=0.92766 baseline=0.00041 adaptive=0.00103 lastPeak=0.00000 guard=0.060 activeAge=-1.000 pitch=-1.00Hz pitchCents=0.0
2025-12-14 07:55:52 [tracker] [s3] onset t=118.711 env=0.00107 gate=0.00008 envDelta=0.00098 envFloor=0.00095 onset=0.798 thresh=0.012 onsetDelta=0.78595 baseline=0.00063 adaptive=0.00158 lastPeak=0.00000 guard=0.060 activeAge=-1.000 pitch=-1.00Hz pitchCents=0.0
2025-12-14 07:55:52 [tracker] [s5] onset t=118.773 env=0.00156 gate=0.00015 envDelta=0.00141 envFloor=0.00110 onset=0.995 thresh=0.016 onsetDelta=0.97897 baseline=0.00073 adaptive=0.00184 lastPeak=0.00000 guard=0.060 activeAge=-1.000 pitch=-1.00Hz pitchCents=0.0
2025-12-14 07:55:52 [tracker] [s2] onset t=118.783 env=0.00152 gate=0.00001 envDelta=0.00151 envFloor=0.00106 onset=0.666 thresh=0.009 onsetDelta=0.65740 baseline=0.00071 adaptive=0.00177 lastPeak=0.00000 guard=0.060 activeAge=-1.000 pitch=-1.00Hz pitchCents=0.0
2025-12-14 07:55:52 [tracker] [s1] aubio-raw t=118.9195 onset=0.624396 env=0.000783 peak=0.002085 gain=1.000
2025-12-14 07:55:52 [tracker] [s1] onset-accepted t=118.9195 env=0.000783 gate=0.000024 envDelta=0.000759 envFloor=0.000661 onset=0.624396 thresh=0.006000 onsetDelta=0.618396 baseline=0.000441 floor=0.000180 adapt=0.001101 lastPeak=0.000000 baseParam=0.000180 gateRatio=0.0550 envParam=0.000450 onsetScale=0.300 retriggerScale=1.400 guard=0.060 guardRemain=0.000 activeAge=-1.000 retrigRemain=0.000 pitchHz=94.11 pitchCents=230.0
2025-12-14 07:55:52 [tracker] [s1] onset t=118.920 env=0.00078 gate=0.00002 envDelta=0.00076 envFloor=0.00066 onset=0.624 thresh=0.006 onsetDelta=0.61840 baseline=0.00044 adaptive=0.00110 lastPeak=0.00000 guard=0.060 activeAge=-1.000 pitch=94.11Hz pitchCents=230.0
2025-12-14 07:55:53 [tracker] [s4] onset t=119.008 env=0.00178 gate=0.00011 envDelta=0.00166 envFloor=0.00101 onset=0.995 thresh=0.014 onsetDelta=0.98112 baseline=0.00067 adaptive=0.00169 lastPeak=0.00000 guard=0.060 activeAge=-1.000 pitch=-1.00Hz pitchCents=0.0
2025-12-14 07:55:53 [tracker] [s6] onset t=119.040 env=0.00210 gate=0.00022 envDelta=0.00189 envFloor=0.00130 onset=0.721 thresh=0.018 onsetDelta=0.70315 baseline=0.00086 adaptive=0.00216 lastPeak=0.00000 guard=0.060 activeAge=-1.000 pitch=-1.00Hz pitchCents=0.0
2025-12-14 07:55:53 [tracker] [s2] onset t=119.058 env=0.00139 gate=0.00001 envDelta=0.00138 envFloor=0.00104 onset=1.340 thresh=0.009 onsetDelta=1.33123 baseline=0.00069 adaptive=0.00173 lastPeak=0.00000 guard=0.060 activeAge=-1.000 pitch=-1.00Hz pitchCents=0.0
2025-12-14 07:55:53 [tracker] [s1] aubio-raw t=119.0664 onset=0.766922 env=0.001251 peak=0.002876 gain=1.000
2025-12-14 07:55:53 [tracker] [s1] onset-accepted t=119.0664 env=0.001251 gate=0.000023 envDelta=0.001229 envFloor=0.000619 onset=0.766922 thresh=0.006000 onsetDelta=0.760922 baseline=0.000413 floor=0.000180 adapt=0.001032 lastPeak=0.000000 baseParam=0.000180 gateRatio=0.0550 envParam=0.000450 onsetScale=0.300 retriggerScale=1.400 guard=0.060 guardRemain=0.000 activeAge=-1.000 retrigRemain=0.000 pitchHz=-1.00 pitchCents=0.0
2025-12-14 07:55:53 [tracker] [s1] onset t=119.066 env=0.00125 gate=0.00002 envDelta=0.00123 envFloor=0.00062 onset=0.767 thresh=0.006 onsetDelta=0.76092 baseline=0.00041 adaptive=0.00103 lastPeak=0.00000 guard=0.060 activeAge=-1.000 pitch=-1.00Hz pitchCents=0.0
2025-12-14 07:55:53 [tracker] [s5] onset t=119.069 env=0.00171 gate=0.00016 envDelta=0.00155 envFloor=0.00111 onset=0.994 thresh=0.016 onsetDelta=0.97754 baseline=0.00074 adaptive=0.00186 lastPeak=0.00000 guard=0.060 activeAge=-1.000 pitch=-1.00Hz pitchCents=0.0
2025-12-14 07:55:53 [tracker] [s3] onset t=119.219 env=0.00108 gate=0.00008 envDelta=0.00100 envFloor=0.00091 onset=1.000 thresh=0.012 onsetDelta=0.98829 baseline=0.00060 adaptive=0.00151 lastPeak=0.00000 guard=0.060 activeAge=-1.000 pitch=-1.00Hz pitchCents=0.0
2025-12-14 07:55:53 [tracker] [s5] onset t=119.235 env=0.00131 gate=0.00014 envDelta=0.00116 envFloor=0.00103 onset=0.998 thresh=0.016 onsetDelta=0.98171 baseline=0.00069 adaptive=0.00172 lastPeak=0.00000 guard=0.060 activeAge=-1.000 pitch=-1.00Hz pitchCents=0.0
2025-12-14 07:55:53 [tracker] [s1] aubio-raw t=119.2613 onset=0.923625 env=0.000818 peak=0.001526 gain=1.000
2025-12-14 07:55:53 [tracker] [s1] onset-accepted t=119.2613 env=0.000818 gate=0.000024 envDelta=0.000795 envFloor=0.000647 onset=0.923625 thresh=0.006000 onsetDelta=0.917625 baseline=0.000431 floor=0.000180 adapt=0.001078 lastPeak=0.000000 baseParam=0.000180 gateRatio=0.0550 envParam=0.000450 onsetScale=0.300 retriggerScale=1.400 guard=0.060 guardRemain=0.000 activeAge=-1.000 retrigRemain=0.000 pitchHz=249.99 pitchCents=1921.3
2025-12-14 07:55:53 [tracker] [s1] onset t=119.261 env=0.00082 gate=0.00002 envDelta=0.00079 envFloor=0.00065 onset=0.924 thresh=0.006 onsetDelta=0.91763 baseline=0.00043 adaptive=0.00108 lastPeak=0.00000 guard=0.060 activeAge=-1.000 pitch=249.99Hz pitchCents=1921.3
2025-12-14 07:55:53 [tracker] [s6] onset t=119.331 env=0.00206 gate=0.00021 envDelta=0.00185 envFloor=0.00126 onset=1.173 thresh=0.018 onsetDelta=1.15523 baseline=0.00084 adaptive=0.00211 lastPeak=0.00000 guard=0.060 activeAge=-1.000 pitch=-1.00Hz pitchCents=0.0
2025-12-14 07:55:53 [tracker] [s5] onset t=119.344 env=0.00164 gate=0.00015 envDelta=0.00149 envFloor=0.00109 onset=0.994 thresh=0.016 onsetDelta=0.97805 baseline=0.00073 adaptive=0.00181 lastPeak=0.00000 guard=0.060 activeAge=-1.000 pitch=-1.00Hz pitchCents=0.0
2025-12-14 07:55:53 [tracker] [s1] aubio-raw t=119.4002 onset=0.713905 env=0.000652 peak=0.001889 gain=1.000
2025-12-14 07:55:53 [tracker] [s1] onset-accepted t=119.4002 env=0.000652 gate=0.000023 envDelta=0.000628 envFloor=0.000634 onset=0.713905 thresh=0.006000 onsetDelta=0.707905 baseline=0.000423 floor=0.000180 adapt=0.001057 lastPeak=0.000000 baseParam=0.000180 gateRatio=0.0550 envParam=0.000450 onsetScale=0.300 retriggerScale=1.400 guard=0.060 guardRemain=0.000 activeAge=-1.000 retrigRemain=0.000 pitchHz=-1.00 pitchCents=0.0
2025-12-14 07:55:53 [tracker] [s1] onset t=119.400 env=0.00065 gate=0.00002 envDelta=0.00063 envFloor=0.00063 onset=0.714 thresh=0.006 onsetDelta=0.70791 baseline=0.00042 adaptive=0.00106 lastPeak=0.00000 guard=0.060 activeAge=-1.000 pitch=-1.00Hz pitchCents=0.0
2025-12-14 07:55:53 [tracker] [s4] onset t=119.462 env=0.00149 gate=0.00011 envDelta=0.00138 envFloor=0.00100 onset=0.993 thresh=0.014 onsetDelta=0.97851 baseline=0.00066 adaptive=0.00166 lastPeak=0.00000 guard=0.060 activeAge=-1.000 pitch=-1.00Hz pitchCents=0.0
2025-12-14 07:55:53 [tracker] [s6] onset t=119.526 env=0.00201 gate=0.00021 envDelta=0.00181 envFloor=0.00125 onset=1.010 thresh=0.018 onsetDelta=0.99152 baseline=0.00083 adaptive=0.00208 lastPeak=0.00000 guard=0.060 activeAge=-1.000 pitch=-1.00Hz pitchCents=0.0
2025-12-14 07:55:53 [tracker] [s6] onset t=119.590 env=0.00192 gate=0.00020 envDelta=0.00172 envFloor=0.00118 onset=1.366 thresh=0.018 onsetDelta=1.34830 baseline=0.00079 adaptive=0.00197 lastPeak=0.00000 guard=0.060 activeAge=-1.000 pitch=-1.00Hz pitchCents=0.0
2025-12-14 07:55:53 [tracker] [s4] onset t=119.598 env=0.00153 gate=0.00011 envDelta=0.00142 envFloor=0.00094 onset=0.992 thresh=0.014 onsetDelta=0.97802 baseline=0.00063 adaptive=0.00157 lastPeak=0.00000 guard=0.060 activeAge=-1.000 pitch=-1.00Hz pitchCents=0.0
2025-12-14 07:55:53 [tracker] [s1] aubio-raw t=119.6779 onset=0.824928 env=0.000796 peak=0.002193 gain=1.000
2025-12-14 07:55:53 [tracker] [s1] onset-accepted t=119.6779 env=0.000796 gate=0.000025 envDelta=0.000771 envFloor=0.000688 onset=0.824928 thresh=0.006000 onsetDelta=0.818928 baseline=0.000459 floor=0.000180 adapt=0.001147 lastPeak=0.000000 baseParam=0.000180 gateRatio=0.0550 envParam=0.000450 onsetScale=0.300 retriggerScale=1.400 guard=0.060 guardRemain=0.000 activeAge=-1.000 retrigRemain=0.000 pitchHz=-1.00 pitchCents=0.0
2025-12-14 07:55:53 [tracker] [s1] onset t=119.678 env=0.00080 gate=0.00003 envDelta=0.00077 envFloor=0.00069 onset=0.825 thresh=0.006 onsetDelta=0.81893 baseline=0.00046 adaptive=0.00115 lastPeak=0.00000 guard=0.060 activeAge=-1.000 pitch=-1.00Hz pitchCents=0.0
2025-12-14 07:55:53 [tracker] [s6] onset t=119.713 env=0.00218 gate=0.00021 envDelta=0.00197 envFloor=0.00125 onset=1.163 thresh=0.018 onsetDelta=1.14533 baseline=0.00083 adaptive=0.00208 lastPeak=0.00000 guard=0.060 activeAge=-1.000 pitch=-1.00Hz pitchCents=0.0
2025-12-14 07:55:53 [tracker] [s5] onset t=119.777 env=0.00180 gate=0.00015 envDelta=0.00165 envFloor=0.00109 onset=0.997 thresh=0.016 onsetDelta=0.98086 baseline=0.00073 adaptive=0.00181 lastPeak=0.00000 guard=0.060 activeAge=-1.000 pitch=-1.00Hz pitchCents=0.0
2025-12-14 07:55:54 [tracker] [s4] onset t=120.038 env=0.00185 gate=0.00011 envDelta=0.00173 envFloor=0.00101 onset=1.117 thresh=0.014 onsetDelta=1.10336 baseline=0.00067 adaptive=0.00168 lastPeak=0.00000 guard=0.060 activeAge=-1.000 pitch=-1.00Hz pitchCents=0.0
2025-12-14 07:55:54 [tracker] [s6] onset t=120.065 env=0.00214 gate=0.00021 envDelta=0.00193 envFloor=0.00124 onset=0.992 thresh=0.018 onsetDelta=0.97445 baseline=0.00083 adaptive=0.00207 lastPeak=0.00000 guard=0.060 activeAge=-1.000 pitch=-1.00Hz pitchCents=0.0
2025-12-14 07:55:54 [tracker] [s1] aubio-raw t=120.0918 onset=1.034672 env=0.000736 peak=0.001921 gain=1.000
2025-12-14 07:55:54 [tracker] [s1] onset-accepted t=120.0918 env=0.000736 gate=0.000022 envDelta=0.000714 envFloor=0.000591 onset=1.034672 thresh=0.006000 onsetDelta=1.028672 baseline=0.000394 floor=0.000180 adapt=0.000985 lastPeak=0.000000 baseParam=0.000180 gateRatio=0.0550 envParam=0.000450 onsetScale=0.300 retriggerScale=1.400 guard=0.060 guardRemain=0.000 activeAge=-1.000 retrigRemain=0.000 pitchHz=320.00 pitchCents=2348.7
2025-12-14 07:55:54 [tracker] [s1] onset t=120.092 env=0.00074 gate=0.00002 envDelta=0.00071 envFloor=0.00059 onset=1.035 thresh=0.006 onsetDelta=1.02867 baseline=0.00039 adaptive=0.00098 lastPeak=0.00000 guard=0.060 activeAge=-1.000 pitch=320.00Hz pitchCents=2348.7
2025-12-14 07:55:54 [tracker] [s4] onset t=120.113 env=0.00162 gate=0.00011 envDelta=0.00150 envFloor=0.00101 onset=0.789 thresh=0.014 onsetDelta=0.77544 baseline=0.00068 adaptive=0.00169 lastPeak=0.00000 guard=0.060 activeAge=-1.000 pitch=-1.00Hz pitchCents=0.0
2025-12-14 07:55:54 [tracker] [s4] onset t=120.196 env=0.00127 gate=0.00011 envDelta=0.00116 envFloor=0.00100 onset=1.357 thresh=0.014 onsetDelta=1.34277 baseline=0.00066 adaptive=0.00166 lastPeak=0.00000 guard=0.060 activeAge=-1.000 pitch=-1.00Hz pitchCents=0.0
2025-12-14 07:55:54 [tracker] [s1] aubio-raw t=120.3374 onset=0.996568 env=0.001241 peak=0.002642 gain=1.000
2025-12-14 07:55:54 [tracker] [s1] onset-accepted t=120.3374 env=0.001241 gate=0.000024 envDelta=0.001217 envFloor=0.000650 onset=0.996568 thresh=0.006000 onsetDelta=0.990568 baseline=0.000433 floor=0.000180 adapt=0.001083 lastPeak=0.000000 baseParam=0.000180 gateRatio=0.0550 envParam=0.000450 onsetScale=0.300 retriggerScale=1.400 guard=0.060 guardRemain=0.000 activeAge=-1.000 retrigRemain=0.000 pitchHz=250.04 pitchCents=1921.6
2025-12-14 07:55:54 [tracker] [s1] onset t=120.337 env=0.00124 gate=0.00002 envDelta=0.00122 envFloor=0.00065 onset=0.997 thresh=0.006 onsetDelta=0.99057 baseline=0.00043 adaptive=0.00108 lastPeak=0.00000 guard=0.060 activeAge=-1.000 pitch=250.04Hz pitchCents=1921.6
2025-12-14 07:55:54 [tracker] [s6] onset t=120.530 env=0.00192 gate=0.00022 envDelta=0.00170 envFloor=0.00131 onset=0.996 thresh=0.018 onsetDelta=0.97777 baseline=0.00087 adaptive=0.00219 lastPeak=0.00000 guard=0.060 activeAge=-1.000 pitch=-1.00Hz pitchCents=0.0
2025-12-14 07:55:54 [tracker] [s1] aubio-raw t=120.5324 onset=0.889924 env=0.001227 peak=0.003304 gain=1.000
2025-12-14 07:55:54 [tracker] [s1] onset-accepted t=120.5324 env=0.001227 gate=0.000025 envDelta=0.001202 envFloor=0.000683 onset=0.889924 thresh=0.006000 onsetDelta=0.883924 baseline=0.000455 floor=0.000180 adapt=0.001138 lastPeak=0.000000 baseParam=0.000180 gateRatio=0.0550 envParam=0.000450 onsetScale=0.300 retriggerScale=1.400 guard=0.060 guardRemain=0.000 activeAge=-1.000 retrigRemain=0.000 pitchHz=-1.00 pitchCents=0.0
2025-12-14 07:55:54 [tracker] [s1] onset t=120.532 env=0.00123 gate=0.00003 envDelta=0.00120 envFloor=0.00068 onset=0.890 thresh=0.006 onsetDelta=0.88392 baseline=0.00046 adaptive=0.00114 lastPeak=0.00000 guard=0.060 activeAge=-1.000 pitch=-1.00Hz pitchCents=0.0
2025-12-14 07:55:54 [tracker] [s3] onset t=120.556 env=0.00116 gate=0.00008 envDelta=0.00108 envFloor=0.00094 onset=0.997 thresh=0.012 onsetDelta=0.98559 baseline=0.00063 adaptive=0.00157 lastPeak=0.00000 guard=0.060 activeAge=-1.000 pitch=-1.00Hz pitchCents=0.0
2025-12-14 07:55:54 [tracker] [s5] onset t=120.588 env=0.00151 gate=0.00015 envDelta=0.00135 envFloor=0.00110 onset=1.255 thresh=0.016 onsetDelta=1.23885 baseline=0.00074 adaptive=0.00184 lastPeak=0.00000 guard=0.060 activeAge=-1.000 pitch=-1.00Hz pitchCents=0.0
2025-12-14 07:55:54 [tracker] [s4] onset t=120.650 env=0.00160 gate=0.00011 envDelta=0.00149 envFloor=0.00096 onset=1.093 thresh=0.014 onsetDelta=1.07932 baseline=0.00064 adaptive=0.00159 lastPeak=0.00000 guard=0.060 activeAge=-1.000 pitch=-1.00Hz pitchCents=0.0
2025-12-14 07:55:54 [tracker] [s1] aubio-raw t=120.7700 onset=0.997236 env=0.001469 peak=0.002766 gain=1.000
2025-12-14 07:55:54 [tracker] [s1] onset-accepted t=120.7700 env=0.001469 gate=0.000025 envDelta=0.001444 envFloor=0.000671 onset=0.997236 thresh=0.006000 onsetDelta=0.991236 baseline=0.000447 floor=0.000180 adapt=0.001118 lastPeak=0.000000 baseParam=0.000180 gateRatio=0.0550 envParam=0.000450 onsetScale=0.300 retriggerScale=1.400 guard=0.060 guardRemain=0.000 activeAge=-1.000 retrigRemain=0.000 pitchHz=216.21 pitchCents=1669.9
2025-12-14 07:55:54 [tracker] [s1] onset t=120.770 env=0.00147 gate=0.00002 envDelta=0.00144 envFloor=0.00067 onset=0.997 thresh=0.006 onsetDelta=0.99124 baseline=0.00045 adaptive=0.00112 lastPeak=0.00000 guard=0.060 activeAge=-1.000 pitch=216.21Hz pitchCents=1669.9
2025-12-14 07:55:54 [tracker] [s6] onset t=120.802 env=0.00202 gate=0.00020 envDelta=0.00182 envFloor=0.00120 onset=1.125 thresh=0.018 onsetDelta=1.10732 baseline=0.00080 adaptive=0.00200 lastPeak=0.00000 guard=0.060 activeAge=-1.000 pitch=-1.00Hz pitchCents=0.0
2025-12-14 07:55:54 [tracker] [s6] onset t=120.882 env=0.00197 gate=0.00021 envDelta=0.00176 envFloor=0.00127 onset=1.358 thresh=0.018 onsetDelta=1.34011 baseline=0.00085 adaptive=0.00211 lastPeak=0.00000 guard=0.060 activeAge=-1.000 pitch=-1.00Hz pitchCents=0.0
2025-12-14 07:55:54 [sessionwavs] wrote 6 wav files to /home/general/SignalAssistant/logs/sessionwavs/session-20251214-075353 (shutdown)
2025-12-14 07:55:54 [tracker] [s3] onset t=120.954 env=0.00114 gate=0.00008 envDelta=0.00106 envFloor=0.00092 onset=1.117 thresh=0.012 onsetDelta=1.10589 baseline=0.00062 adaptive=0.00154 lastPeak=0.00000 guard=0.060 activeAge=-1.000 pitch=-1.00Hz pitchCents=0.0
2025-12-14 07:55:54 [tracker] [s6] onset t=120.960 env=0.00179 gate=0.00022 envDelta=0.00157 envFloor=0.00130 onset=0.993 thresh=0.018 onsetDelta=0.97510 baseline=0.00087 adaptive=0.00217 lastPeak=0.00000 guard=0.060 activeAge=-1.000 pitch=-1.00Hz pitchCents=0.0
# Session closed at 2025-12-14 07:55:55
