# SignalAssistant session log
# Started at 2025-12-20 00:44:45
2025-12-20 00:44:45 [session] mode=live session='' path='' duration=0.00 files=0
2025-12-20 00:44:45 [tracker-settings] TrackerConfig onsetThreshold=0.02000 minNoteDurSec=0.045 hopSec=0.010 slideDelta=120.0 bendDelta=35.0
2025-12-20 00:44:45 [tracker-settings] string1 midi=40 lowCut=6386.53Hz highCut=52740.41Hz baseline=0.000180 gateRatio=0.05500 envFloor=0.000450 sustainScale=0.580 retriggerScale=1.400 peakRelease=0.120 pitchTol=0.400 onsetScale=0.007
2025-12-20 00:44:45 [tracker-settings] string2 midi=45 lowCut=11275.00Hz highCut=94600.00Hz baseline=0.000220 gateRatio=0.10000 envFloor=0.000550 sustainScale=0.700 retriggerScale=1.250 peakRelease=0.130 pitchTol=0.400 onsetScale=0.012
2025-12-20 00:44:45 [tracker-settings] string3 midi=50 lowCut=20189.45Hz highCut=170325.56Hz baseline=0.000260 gateRatio=0.13000 envFloor=0.000650 sustainScale=0.820 retriggerScale=1.100 peakRelease=0.140 pitchTol=0.450 onsetScale=0.019
2025-12-20 00:44:45 [tracker-settings] string4 midi=55 lowCut=36749.57Hz highCut=301836.47Hz baseline=0.000320 gateRatio=0.17000 envFloor=0.000780 sustainScale=1.000 retriggerScale=1.000 peakRelease=0.160 pitchTol=0.440 onsetScale=0.025
2025-12-20 00:44:45 [tracker-settings] string5 midi=59 lowCut=58648.64Hz highCut=479066.81Hz baseline=0.000370 gateRatio=0.21000 envFloor=0.000900 sustainScale=1.000 retriggerScale=1.000 peakRelease=0.180 pitchTol=0.500 onsetScale=0.029
2025-12-20 00:44:45 [tracker-settings] string6 midi=64 lowCut=104656.75Hz highCut=857031.69Hz baseline=0.000420 gateRatio=0.25000 envFloor=0.001050 sustainScale=1.000 retriggerScale=1.000 peakRelease=0.200 pitchTol=0.550 onsetScale=0.032
2025-12-20 00:44:45 [tracker] [s1] calibration reset target=0.00180 gain=1.000
2025-12-20 00:44:45 [tracker] [s2] calibration reset target=0.00180 gain=1.000
2025-12-20 00:44:45 [tracker] [s3] calibration reset target=0.00180 gain=1.000
2025-12-20 00:44:45 [tracker] [s4] calibration reset target=0.00180 gain=1.000
2025-12-20 00:44:45 [tracker] [s5] calibration reset target=0.00180 gain=1.000
2025-12-20 00:44:45 [tracker] [s6] calibration reset target=0.00180 gain=1.000
2025-12-20 00:44:45 [calibration] Loading calibration profile multipliers into parameters
2025-12-20 00:44:45 [calibration] String 1: setting multiplier to 6.340
2025-12-20 00:44:45 [calibration] String 2: setting multiplier to 8.000
2025-12-20 00:44:45 [calibration] String 3: setting multiplier to 8.000
2025-12-20 00:44:45 [calibration] String 4: setting multiplier to 8.000
2025-12-20 00:44:45 [calibration] String 5: setting multiplier to 8.000
2025-12-20 00:44:45 [calibration] String 6: setting multiplier to 8.000
2025-12-20 00:44:45 [tracker] [s1] calibration avg=0.03937 target=0.00180 gain=1.000
2025-12-20 00:44:45 [tracker] [s2] calibration avg=0.01560 target=0.00180 gain=1.000
2025-12-20 00:44:45 [tracker] [s3] calibration avg=0.00661 target=0.00180 gain=1.000
2025-12-20 00:44:45 [tracker] [s4] calibration avg=0.00473 target=0.00180 gain=1.000
2025-12-20 00:44:45 [tracker] [s5] calibration avg=0.00699 target=0.00180 gain=1.000
2025-12-20 00:44:45 [tracker] [s6] calibration avg=0.02247 target=0.00180 gain=1.000
2025-12-20 00:44:46 [tracker] [s1] configure sr=48000.0 hop=128 fft=1024 low=20.0 high=1.4
2025-12-20 00:44:46 [tracker] [s1] params baseline=0.000180 gate=0.0550 envFloor=0.000450 sustain=0.580 retrigger=1.400 peakRelease=0.120 pitchTol=0.400 onsetScale=0.006 aubioScale=1.20 aubioThresh=0.024 onsetSilence=-85.0 pitchSilence=-90.0
2025-12-20 00:44:46 [tracker] [s2] configure sr=48000.0 hop=128 fft=1024 low=20.0 high=1.3
2025-12-20 00:44:46 [tracker] [s3] configure sr=48000.0 hop=128 fft=1024 low=20.0 high=1.2
2025-12-20 00:44:46 [tracker] [s3] params baseline=0.000260 gate=0.1300 envFloor=0.000650 sustain=0.820 retrigger=1.100 peakRelease=0.140 pitchTol=0.450 onsetScale=0.012 aubioScale=1.60 aubioThresh=0.032 onsetSilence=-75.0 pitchSilence=-80.0
2025-12-20 00:44:46 [tracker] [s4] configure sr=48000.0 hop=128 fft=1024 low=20.0 high=1.1
2025-12-20 00:44:46 [tracker] [s4] params baseline=0.000320 gate=0.1700 envFloor=0.000780 sustain=1.000 retrigger=1.000 peakRelease=0.160 pitchTol=0.440 onsetScale=0.014 aubioScale=1.80 aubioThresh=0.036 onsetSilence=-75.0 pitchSilence=-80.0
2025-12-20 00:44:46 [tracker] [s5] configure sr=48000.0 hop=128 fft=512 low=20.0 high=1.1
2025-12-20 00:44:46 [tracker] [s5] params baseline=0.000370 gate=0.2100 envFloor=0.000900 sustain=1.000 retrigger=1.000 peakRelease=0.180 pitchTol=0.500 onsetScale=0.016 aubioScale=1.80 aubioThresh=0.036 onsetSilence=-75.0 pitchSilence=-80.0
2025-12-20 00:44:46 [tracker] [s6] configure sr=48000.0 hop=128 fft=512 low=20.0 high=1.1
2025-12-20 00:44:46 [tracker] [s6] params baseline=0.000420 gate=0.2500 envFloor=0.001050 sustain=1.000 retrigger=1.000 peakRelease=0.200 pitchTol=0.550 onsetScale=0.018 aubioScale=1.80 aubioThresh=0.036 onsetSilence=-75.0 pitchSilence=-80.0
2025-12-20 00:44:46 [tracker] [s1] aubio-raw t=0.0040 onset=4.000000 env=0.012681 peak=0.020463 gain=1.000
2025-12-20 00:44:46 [tracker] [s1] onset-accepted t=0.0040 env=0.012681 gate=0.000040 envDelta=0.012642 envFloor=0.001512 onset=4.000000 thresh=0.006000 onsetDelta=3.994000 baseline=0.000720 floor=0.000180 adapt=0.002752 lastPeak=0.000000 baseParam=0.000180 gateRatio=0.0550 envParam=0.000450 onsetScale=0.300 retriggerScale=1.400 guard=0.060 guardRemain=0.000 activeAge=-1.000 retrigRemain=0.000 pitchHz=125.16 pitchCents=723.6
2025-12-20 00:44:46 [tracker] [s1] onset t=0.004 env=0.01268 gate=0.00004 envDelta=0.01264 envFloor=0.00151 onset=4.000 thresh=0.006 onsetDelta=3.99400 baseline=0.00072 adaptive=0.00275 lastPeak=0.00000 guard=0.060 activeAge=-1.000 pitch=125.16Hz pitchCents=723.6
2025-12-20 00:44:46 [tracker] [s2] onset t=0.004 env=0.01621 gate=0.00001 envDelta=0.01621 envFloor=0.00185 onset=4.000 thresh=0.009 onsetDelta=3.99100 baseline=0.00088 adaptive=0.00328 lastPeak=0.00000 guard=0.060 activeAge=-1.000 pitch=125.16Hz pitchCents=223.6
2025-12-20 00:44:46 [tracker] [s3] onset t=0.004 env=0.01638 gate=0.00014 envDelta=0.01625 envFloor=0.00198 onset=4.000 thresh=0.012 onsetDelta=3.98840 baseline=0.00104 adaptive=0.00331 lastPeak=0.00000 guard=0.060 activeAge=-1.000 pitch=125.16Hz pitchCents=-276.4
2025-12-20 00:44:46 [tracker] [s4] onset t=0.004 env=0.01632 gate=0.00022 envDelta=0.01610 envFloor=0.00198 onset=4.000 thresh=0.014 onsetDelta=3.98600 baseline=0.00128 adaptive=0.00330 lastPeak=0.00000 guard=0.060 activeAge=-1.000 pitch=125.16Hz pitchCents=-776.4
2025-12-20 00:44:46 [tracker] [s5] onset t=0.004 env=0.01620 gate=0.00028 envDelta=0.01593 envFloor=0.00197 onset=4.000 thresh=0.016 onsetDelta=3.98400 baseline=0.00131 adaptive=0.00328 lastPeak=0.00000 guard=0.060 activeAge=-1.000 pitch=376.47Hz pitchCents=730.0
2025-12-20 00:44:46 [tracker] [s6] onset t=0.004 env=0.01597 gate=0.00032 envDelta=0.01564 envFloor=0.00195 onset=4.000 thresh=0.018 onsetDelta=3.98200 baseline=0.00130 adaptive=0.00324 lastPeak=0.00000 guard=0.060 activeAge=-1.000 pitch=376.47Hz pitchCents=230.0
2025-12-20 00:44:46 [tracker] [s3] onset t=0.119 env=0.01250 gate=0.00014 envDelta=0.01237 envFloor=0.00218 onset=0.995 thresh=0.012 onsetDelta=0.98317 baseline=0.00104 adaptive=0.02633 lastPeak=0.00000 guard=0.060 activeAge=-1.000 pitch=-1.00Hz pitchCents=0.0
2025-12-20 00:44:46 [tracker] [s6] onset t=0.196 env=0.02011 gate=0.00042 envDelta=0.01969 envFloor=0.00353 onset=0.785 thresh=0.018 onsetDelta=0.76674 baseline=0.00168 adaptive=0.02617 lastPeak=0.00000 guard=0.060 activeAge=-1.000 pitch=-1.00Hz pitchCents=0.0
2025-12-20 00:44:46 [tracker] [s5] onset t=0.281 env=0.03084 gate=0.00031 envDelta=0.03053 envFloor=0.00311 onset=1.000 thresh=0.016 onsetDelta=0.98433 baseline=0.00148 adaptive=0.02703 lastPeak=0.00000 guard=0.060 activeAge=-1.000 pitch=-1.00Hz pitchCents=0.0
2025-12-20 00:44:46 [tracker] [s6] onset t=0.303 env=0.01007 gate=0.00042 envDelta=0.00965 envFloor=0.00353 onset=1.218 thresh=0.018 onsetDelta=1.20021 baseline=0.00168 adaptive=0.02628 lastPeak=0.00000 guard=0.060 activeAge=-1.000 pitch=-1.00Hz pitchCents=0.0
2025-12-20 00:44:46 [tracker] [s4] onset t=0.311 env=0.01124 gate=0.00022 envDelta=0.01102 envFloor=0.00269 onset=0.924 thresh=0.014 onsetDelta=0.91023 baseline=0.00128 adaptive=0.02670 lastPeak=0.00000 guard=0.060 activeAge=-1.000 pitch=-1.00Hz pitchCents=0.0
2025-12-20 00:44:46 [tracker] [s2] onset t=0.327 env=0.01500 gate=0.00001 envDelta=0.01499 envFloor=0.00185 onset=0.949 thresh=0.009 onsetDelta=0.94000 baseline=0.00088 adaptive=0.02648 lastPeak=0.00000 guard=0.060 activeAge=-1.000 pitch=-1.00Hz pitchCents=0.0
2025-12-20 00:44:46 [tracker] [s2] onset t=0.457 env=0.03041 gate=0.00001 envDelta=0.03040 envFloor=0.00185 onset=1.096 thresh=0.009 onsetDelta=1.08731 baseline=0.00088 adaptive=0.02696 lastPeak=0.00000 guard=0.060 activeAge=-1.000 pitch=-1.00Hz pitchCents=0.0
2025-12-20 00:44:46 [tracker] [s6] onset t=0.511 env=0.01173 gate=0.00042 envDelta=0.01131 envFloor=0.00353 onset=0.987 thresh=0.018 onsetDelta=0.96914 baseline=0.00168 adaptive=0.02623 lastPeak=0.00000 guard=0.060 activeAge=-1.000 pitch=-1.00Hz pitchCents=0.0
2025-12-20 00:44:46 [tracker] [s4] onset t=0.569 env=0.01055 gate=0.00022 envDelta=0.01034 envFloor=0.00269 onset=1.464 thresh=0.014 onsetDelta=1.45022 baseline=0.00128 adaptive=0.02674 lastPeak=0.00000 guard=0.060 activeAge=-1.000 pitch=-1.00Hz pitchCents=0.0
2025-12-20 00:44:46 [tracker] [s6] onset t=0.588 env=0.02172 gate=0.00042 envDelta=0.02130 envFloor=0.00353 onset=0.822 thresh=0.018 onsetDelta=0.80354 baseline=0.00168 adaptive=0.02628 lastPeak=0.00000 guard=0.060 activeAge=-1.000 pitch=-1.00Hz pitchCents=0.0
2025-12-20 00:44:46 [tracker] [s6] onset t=0.655 env=0.02120 gate=0.00042 envDelta=0.02078 envFloor=0.00353 onset=1.188 thresh=0.018 onsetDelta=1.16965 baseline=0.00168 adaptive=0.02619 lastPeak=0.00000 guard=0.060 activeAge=-1.000 pitch=-1.00Hz pitchCents=0.0
2025-12-20 00:44:46 [tracker] [s6] onset t=0.708 env=0.02872 gate=0.00042 envDelta=0.02830 envFloor=0.00353 onset=0.997 thresh=0.018 onsetDelta=0.97937 baseline=0.00168 adaptive=0.02663 lastPeak=0.00000 guard=0.060 activeAge=-1.000 pitch=-1.00Hz pitchCents=0.0
2025-12-20 00:44:46 [tracker] [s1] aubio-raw t=0.7107 onset=0.996921 env=0.009691 peak=0.017117 gain=1.000
2025-12-20 00:44:46 [tracker] [s1] onset-accepted t=0.7107 env=0.009691 gate=0.000040 envDelta=0.009651 envFloor=0.001512 onset=0.996921 thresh=0.006000 onsetDelta=0.990921 baseline=0.000720 floor=0.000180 adapt=0.020628 lastPeak=0.000000 baseParam=0.000180 gateRatio=0.0550 envParam=0.000450 onsetScale=0.300 retriggerScale=1.400 guard=0.060 guardRemain=0.000 activeAge=-1.000 retrigRemain=0.000 pitchHz=-1.00 pitchCents=0.0
2025-12-20 00:44:46 [tracker] [s1] onset t=0.711 env=0.00969 gate=0.00004 envDelta=0.00965 envFloor=0.00151 onset=0.997 thresh=0.006 onsetDelta=0.99092 baseline=0.00072 adaptive=0.02063 lastPeak=0.00000 guard=0.060 activeAge=-1.000 pitch=-1.00Hz pitchCents=0.0
2025-12-20 00:44:46 [tracker] [s2] onset t=0.732 env=0.03131 gate=0.00001 envDelta=0.03130 envFloor=0.00185 onset=1.318 thresh=0.009 onsetDelta=1.30896 baseline=0.00088 adaptive=0.02705 lastPeak=0.00000 guard=0.060 activeAge=-1.000 pitch=-1.00Hz pitchCents=0.0
2025-12-20 00:44:46 [tracker] [s2] onset t=0.791 env=0.03030 gate=0.00001 envDelta=0.03029 envFloor=0.00185 onset=1.284 thresh=0.009 onsetDelta=1.27502 baseline=0.00088 adaptive=0.02683 lastPeak=0.00000 guard=0.060 activeAge=-1.000 pitch=-1.00Hz pitchCents=0.0
2025-12-20 00:44:46 [tracker] [s1] aubio-raw t=0.8360 onset=0.863246 env=0.008734 peak=0.015788 gain=1.000
2025-12-20 00:44:46 [tracker] [s1] onset-accepted t=0.8360 env=0.008734 gate=0.000040 envDelta=0.008694 envFloor=0.001512 onset=0.863246 thresh=0.006000 onsetDelta=0.857246 baseline=0.000720 floor=0.000180 adapt=0.020713 lastPeak=0.000000 baseParam=0.000180 gateRatio=0.0550 envParam=0.000450 onsetScale=0.300 retriggerScale=1.400 guard=0.060 guardRemain=0.000 activeAge=-1.000 retrigRemain=0.000 pitchHz=-1.00 pitchCents=0.0
2025-12-20 00:44:46 [tracker] [s1] onset t=0.836 env=0.00873 gate=0.00004 envDelta=0.00869 envFloor=0.00151 onset=0.863 thresh=0.006 onsetDelta=0.85725 baseline=0.00072 adaptive=0.02071 lastPeak=0.00000 guard=0.060 activeAge=-1.000 pitch=-1.00Hz pitchCents=0.0
2025-12-20 00:44:46 [tracker] [s2] onset t=0.873 env=0.03113 gate=0.00001 envDelta=0.03112 envFloor=0.00185 onset=0.886 thresh=0.009 onsetDelta=0.87725 baseline=0.00088 adaptive=0.02715 lastPeak=0.00000 guard=0.060 activeAge=-1.000 pitch=-1.00Hz pitchCents=0.0
2025-12-20 00:44:46 [tracker] [s1] aubio-raw t=0.9507 onset=1.028394 env=0.019571 peak=0.024718 gain=1.000
2025-12-20 00:44:46 [tracker] [s1] onset-accepted t=0.9507 env=0.019571 gate=0.000040 envDelta=0.019532 envFloor=0.001512 onset=1.028394 thresh=0.006000 onsetDelta=1.022394 baseline=0.000720 floor=0.000180 adapt=0.021233 lastPeak=0.000000 baseParam=0.000180 gateRatio=0.0550 envParam=0.000450 onsetScale=0.300 retriggerScale=1.400 guard=0.060 guardRemain=0.000 activeAge=-1.000 retrigRemain=0.000 pitchHz=-1.00 pitchCents=0.0
2025-12-20 00:44:46 [tracker] [s1] onset t=0.951 env=0.01957 gate=0.00004 envDelta=0.01953 envFloor=0.00151 onset=1.028 thresh=0.006 onsetDelta=1.02239 baseline=0.00072 adaptive=0.02123 lastPeak=0.00000 guard=0.060 activeAge=-1.000 pitch=-1.00Hz pitchCents=0.0
2025-12-20 00:44:47 [tracker] [s4] onset t=0.977 env=0.01323 gate=0.00022 envDelta=0.01302 envFloor=0.00269 onset=1.278 thresh=0.014 onsetDelta=1.26382 baseline=0.00128 adaptive=0.02670 lastPeak=0.00000 guard=0.060 activeAge=-1.000 pitch=-1.00Hz pitchCents=0.0
2025-12-20 00:44:47 [tracker] [s6] onset t=1.033 env=0.02842 gate=0.00042 envDelta=0.02800 envFloor=0.00353 onset=0.795 thresh=0.018 onsetDelta=0.77748 baseline=0.00168 adaptive=0.02667 lastPeak=0.00000 guard=0.060 activeAge=-1.000 pitch=-1.00Hz pitchCents=0.0
2025-12-20 00:44:47 [tracker] [s6] onset t=1.089 env=0.02860 gate=0.00042 envDelta=0.02818 envFloor=0.00353 onset=0.998 thresh=0.018 onsetDelta=0.98027 baseline=0.00168 adaptive=0.02680 lastPeak=0.00000 guard=0.060 activeAge=-1.000 pitch=-1.00Hz pitchCents=0.0
2025-12-20 00:44:47 [tracker] [s2] onset t=1.183 env=0.03083 gate=0.00001 envDelta=0.03082 envFloor=0.00185 onset=0.536 thresh=0.009 onsetDelta=0.52702 baseline=0.00088 adaptive=0.02694 lastPeak=0.00000 guard=0.060 activeAge=-1.000 pitch=-1.00Hz pitchCents=0.0
2025-12-20 00:44:47 [tracker] [s3] onset t=1.193 env=0.01925 gate=0.00014 envDelta=0.01912 envFloor=0.00218 onset=0.997 thresh=0.012 onsetDelta=0.98570 baseline=0.00104 adaptive=0.02732 lastPeak=0.00000 guard=0.060 activeAge=-1.000 pitch=-1.00Hz pitchCents=0.0
2025-12-20 00:44:47 [tracker] [s6] onset t=1.223 env=0.02801 gate=0.00042 envDelta=0.02759 envFloor=0.00353 onset=1.001 thresh=0.018 onsetDelta=0.98262 baseline=0.00168 adaptive=0.02666 lastPeak=0.00000 guard=0.060 activeAge=-1.000 pitch=-1.00Hz pitchCents=0.0
2025-12-20 00:44:47 [tracker] [s1] aubio-raw t=1.3427 onset=0.976489 env=0.018655 peak=0.024278 gain=1.000
2025-12-20 00:44:47 [tracker] [s1] onset-accepted t=1.3427 env=0.018655 gate=0.000040 envDelta=0.018615 envFloor=0.001512 onset=0.976489 thresh=0.006000 onsetDelta=0.970489 baseline=0.000720 floor=0.000180 adapt=0.021245 lastPeak=0.000000 baseParam=0.000180 gateRatio=0.0550 envParam=0.000450 onsetScale=0.300 retriggerScale=1.400 guard=0.060 guardRemain=0.000 activeAge=-1.000 retrigRemain=0.000 pitchHz=-1.00 pitchCents=0.0
2025-12-20 00:44:47 [tracker] [s1] onset t=1.343 env=0.01866 gate=0.00004 envDelta=0.01862 envFloor=0.00151 onset=0.976 thresh=0.006 onsetDelta=0.97049 baseline=0.00072 adaptive=0.02125 lastPeak=0.00000 guard=0.060 activeAge=-1.000 pitch=-1.00Hz pitchCents=0.0
2025-12-20 00:44:47 [tracker] [s3] onset t=1.345 env=0.01070 gate=0.00014 envDelta=0.01056 envFloor=0.00218 onset=0.995 thresh=0.012 onsetDelta=0.98292 baseline=0.00104 adaptive=0.02710 lastPeak=0.00000 guard=0.060 activeAge=-1.000 pitch=-1.00Hz pitchCents=0.0
2025-12-20 00:44:47 [tracker] [s4] onset t=1.577 env=0.01535 gate=0.00022 envDelta=0.01513 envFloor=0.00269 onset=0.999 thresh=0.014 onsetDelta=0.98536 baseline=0.00128 adaptive=0.02682 lastPeak=0.00000 guard=0.060 activeAge=-1.000 pitch=-1.00Hz pitchCents=0.0
2025-12-20 00:44:47 [tracker] [s6] onset t=1.612 env=0.01001 gate=0.00042 envDelta=0.00959 envFloor=0.00353 onset=0.942 thresh=0.018 onsetDelta=0.92387 baseline=0.00168 adaptive=0.02650 lastPeak=0.00000 guard=0.060 activeAge=-1.000 pitch=-1.00Hz pitchCents=0.0
2025-12-20 00:44:47 [tracker] [s2] onset t=1.652 env=0.01785 gate=0.00001 envDelta=0.01784 envFloor=0.00185 onset=1.058 thresh=0.009 onsetDelta=1.04928 baseline=0.00088 adaptive=0.02675 lastPeak=0.00000 guard=0.060 activeAge=-1.000 pitch=-1.00Hz pitchCents=0.0
2025-12-20 00:44:47 [tracker] [s6] onset t=1.772 env=0.02236 gate=0.00042 envDelta=0.02194 envFloor=0.00353 onset=1.143 thresh=0.018 onsetDelta=1.12490 baseline=0.00168 adaptive=0.02619 lastPeak=0.00000 guard=0.060 activeAge=-1.000 pitch=-1.00Hz pitchCents=0.0
2025-12-20 00:44:47 [tracker] [s1] aubio-raw t=1.8413 onset=1.306047 env=0.023990 peak=0.025570 gain=1.000
2025-12-20 00:44:47 [tracker] [s1] onset-accepted t=1.8413 env=0.023990 gate=0.000040 envDelta=0.023951 envFloor=0.001512 onset=1.306047 thresh=0.006000 onsetDelta=1.300047 baseline=0.000720 floor=0.000180 adapt=0.021076 lastPeak=0.000000 baseParam=0.000180 gateRatio=0.0550 envParam=0.000450 onsetScale=0.300 retriggerScale=1.400 guard=0.060 guardRemain=0.000 activeAge=-1.000 retrigRemain=0.000 pitchHz=-1.00 pitchCents=0.0
2025-12-20 00:44:47 [tracker] [s1] onset t=1.841 env=0.02399 gate=0.00004 envDelta=0.02395 envFloor=0.00151 onset=1.306 thresh=0.006 onsetDelta=1.30005 baseline=0.00072 adaptive=0.02108 lastPeak=0.00000 guard=0.060 activeAge=-1.000 pitch=-1.00Hz pitchCents=0.0
2025-12-20 00:44:47 [tracker] [s2] onset t=1.972 env=0.02154 gate=0.00001 envDelta=0.02153 envFloor=0.00185 onset=1.457 thresh=0.009 onsetDelta=1.44792 baseline=0.00088 adaptive=0.02625 lastPeak=0.00000 guard=0.060 activeAge=-1.000 pitch=-1.00Hz pitchCents=0.0
2025-12-20 00:44:48 [tracker] [s3] onset t=2.025 env=0.02910 gate=0.00014 envDelta=0.02897 envFloor=0.00218 onset=1.081 thresh=0.012 onsetDelta=1.06952 baseline=0.00104 adaptive=0.02719 lastPeak=0.00000 guard=0.060 activeAge=-1.000 pitch=-1.00Hz pitchCents=0.0
2025-12-20 00:44:48 [tracker] [s4] onset t=2.031 env=0.02412 gate=0.00022 envDelta=0.02390 envFloor=0.00269 onset=1.047 thresh=0.014 onsetDelta=1.03262 baseline=0.00128 adaptive=0.02660 lastPeak=0.00000 guard=0.060 activeAge=-1.000 pitch=-1.00Hz pitchCents=0.0
2025-12-20 00:44:48 [tracker] [s3] onset t=2.095 env=0.01233 gate=0.00014 envDelta=0.01220 envFloor=0.00218 onset=0.797 thresh=0.012 onsetDelta=0.78549 baseline=0.00104 adaptive=0.02668 lastPeak=0.00000 guard=0.060 activeAge=-1.000 pitch=-1.00Hz pitchCents=0.0
2025-12-20 00:44:48 [tracker] [s6] onset t=2.137 env=0.01063 gate=0.00042 envDelta=0.01021 envFloor=0.00353 onset=1.214 thresh=0.018 onsetDelta=1.19628 baseline=0.00168 adaptive=0.02651 lastPeak=0.00000 guard=0.060 activeAge=-1.000 pitch=-1.00Hz pitchCents=0.0
2025-12-20 00:44:48 [tracker] [s4] onset t=2.217 env=0.02859 gate=0.00022 envDelta=0.02837 envFloor=0.00269 onset=0.996 thresh=0.014 onsetDelta=0.98184 baseline=0.00128 adaptive=0.02715 lastPeak=0.00000 guard=0.060 activeAge=-1.000 pitch=-1.00Hz pitchCents=0.0
2025-12-20 00:44:48 [tracker] [s2] onset t=2.228 env=0.01255 gate=0.00001 envDelta=0.01254 envFloor=0.00185 onset=1.140 thresh=0.009 onsetDelta=1.13064 baseline=0.00088 adaptive=0.02623 lastPeak=0.00000 guard=0.060 activeAge=-1.000 pitch=-1.00Hz pitchCents=0.0
2025-12-20 00:44:48 [tracker] [s5] onset t=2.239 env=0.02047 gate=0.00031 envDelta=0.02015 envFloor=0.00311 onset=0.996 thresh=0.016 onsetDelta=0.97975 baseline=0.00148 adaptive=0.02624 lastPeak=0.00000 guard=0.060 activeAge=-1.000 pitch=-1.00Hz pitchCents=0.0
2025-12-20 00:44:48 [tracker] [s2] onset t=2.441 env=0.03066 gate=0.00001 envDelta=0.03065 envFloor=0.00185 onset=0.994 thresh=0.009 onsetDelta=0.98452 baseline=0.00088 adaptive=0.02683 lastPeak=0.00000 guard=0.060 activeAge=-1.000 pitch=-1.00Hz pitchCents=0.0
2025-12-20 00:44:48 [tracker] [s2] onset t=2.532 env=0.02954 gate=0.00001 envDelta=0.02953 envFloor=0.00185 onset=1.428 thresh=0.009 onsetDelta=1.41862 baseline=0.00088 adaptive=0.02703 lastPeak=0.00000 guard=0.060 activeAge=-1.000 pitch=-1.00Hz pitchCents=0.0
2025-12-20 00:44:48 [tracker] [s6] onset t=2.556 env=0.02438 gate=0.00042 envDelta=0.02396 envFloor=0.00353 onset=0.728 thresh=0.018 onsetDelta=0.71034 baseline=0.00168 adaptive=0.02621 lastPeak=0.00000 guard=0.060 activeAge=-1.000 pitch=-1.00Hz pitchCents=0.0
2025-12-20 00:44:48 [tracker] [s2] onset t=2.655 env=0.01285 gate=0.00001 envDelta=0.01284 envFloor=0.00185 onset=1.127 thresh=0.009 onsetDelta=1.11782 baseline=0.00088 adaptive=0.02643 lastPeak=0.00000 guard=0.060 activeAge=-1.000 pitch=-1.00Hz pitchCents=0.0
2025-12-20 00:44:48 [tracker] [s3] onset t=2.745 env=0.01073 gate=0.00014 envDelta=0.01059 envFloor=0.00218 onset=0.976 thresh=0.012 onsetDelta=0.96465 baseline=0.00104 adaptive=0.02688 lastPeak=0.00000 guard=0.060 activeAge=-1.000 pitch=-1.00Hz pitchCents=0.0
2025-12-20 00:44:48 [tracker] [s1] aubio-raw t=2.8360 onset=0.965619 env=0.013812 peak=0.020952 gain=1.000
2025-12-20 00:44:48 [tracker] [s1] onset-accepted t=2.8360 env=0.013812 gate=0.000040 envDelta=0.013772 envFloor=0.001512 onset=0.965619 thresh=0.006000 onsetDelta=0.959619 baseline=0.000720 floor=0.000180 adapt=0.020879 lastPeak=0.000000 baseParam=0.000180 gateRatio=0.0550 envParam=0.000450 onsetScale=0.300 retriggerScale=1.400 guard=0.060 guardRemain=0.000 activeAge=-1.000 retrigRemain=0.000 pitchHz=-1.00 pitchCents=0.0
2025-12-20 00:44:48 [tracker] [s1] onset t=2.836 env=0.01381 gate=0.00004 envDelta=0.01377 envFloor=0.00151 onset=0.966 thresh=0.006 onsetDelta=0.95962 baseline=0.00072 adaptive=0.02088 lastPeak=0.00000 guard=0.060 activeAge=-1.000 pitch=-1.00Hz pitchCents=0.0
2025-12-20 00:44:48 [tracker] [s2] onset t=2.857 env=0.03000 gate=0.00001 envDelta=0.02999 envFloor=0.00185 onset=0.897 thresh=0.009 onsetDelta=0.88758 baseline=0.00088 adaptive=0.02699 lastPeak=0.00000 guard=0.060 activeAge=-1.000 pitch=-1.00Hz pitchCents=0.0
2025-12-20 00:44:49 [tracker] [s3] onset t=3.084 env=0.03014 gate=0.00014 envDelta=0.03000 envFloor=0.00218 onset=1.009 thresh=0.012 onsetDelta=0.99745 baseline=0.00104 adaptive=0.02715 lastPeak=0.00000 guard=0.060 activeAge=-1.000 pitch=-1.00Hz pitchCents=0.0
2025-12-20 00:44:49 [tracker] [s1] aubio-raw t=3.0867 onset=1.095664 env=0.010630 peak=0.018196 gain=1.000
2025-12-20 00:44:49 [tracker] [s1] onset-accepted t=3.0867 env=0.010630 gate=0.000040 envDelta=0.010591 envFloor=0.001512 onset=1.095664 thresh=0.006000 onsetDelta=1.089664 baseline=0.000720 floor=0.000180 adapt=0.020647 lastPeak=0.000000 baseParam=0.000180 gateRatio=0.0550 envParam=0.000450 onsetScale=0.300 retriggerScale=1.400 guard=0.060 guardRemain=0.000 activeAge=-1.000 retrigRemain=0.000 pitchHz=-1.00 pitchCents=0.0
2025-12-20 00:44:49 [tracker] [s1] onset t=3.087 env=0.01063 gate=0.00004 envDelta=0.01059 envFloor=0.00151 onset=1.096 thresh=0.006 onsetDelta=1.08966 baseline=0.00072 adaptive=0.02065 lastPeak=0.00000 guard=0.060 activeAge=-1.000 pitch=-1.00Hz pitchCents=0.0
2025-12-20 00:44:49 [tracker] [s4] onset t=3.145 env=0.01139 gate=0.00022 envDelta=0.01117 envFloor=0.00269 onset=0.995 thresh=0.014 onsetDelta=0.98107 baseline=0.00128 adaptive=0.02660 lastPeak=0.00000 guard=0.060 activeAge=-1.000 pitch=-1.00Hz pitchCents=0.0
2025-12-20 00:44:49 [tracker] [s2] onset t=3.327 env=0.02565 gate=0.00001 envDelta=0.02564 envFloor=0.00185 onset=0.903 thresh=0.009 onsetDelta=0.89356 baseline=0.00088 adaptive=0.02705 lastPeak=0.00000 guard=0.060 activeAge=-1.000 pitch=-1.00Hz pitchCents=0.0
2025-12-20 00:44:49 [tracker] [s1] aubio-raw t=3.4387 onset=0.923275 env=0.012256 peak=0.021573 gain=1.000
2025-12-20 00:44:49 [tracker] [s1] onset-accepted t=3.4387 env=0.012256 gate=0.000040 envDelta=0.012217 envFloor=0.001512 onset=0.923275 thresh=0.006000 onsetDelta=0.917275 baseline=0.000720 floor=0.000180 adapt=0.020803 lastPeak=0.000000 baseParam=0.000180 gateRatio=0.0550 envParam=0.000450 onsetScale=0.300 retriggerScale=1.400 guard=0.060 guardRemain=0.000 activeAge=-1.000 retrigRemain=0.000 pitchHz=-1.00 pitchCents=0.0
2025-12-20 00:44:49 [tracker] [s1] onset t=3.439 env=0.01226 gate=0.00004 envDelta=0.01222 envFloor=0.00151 onset=0.923 thresh=0.006 onsetDelta=0.91728 baseline=0.00072 adaptive=0.02080 lastPeak=0.00000 guard=0.060 activeAge=-1.000 pitch=-1.00Hz pitchCents=0.0
2025-12-20 00:44:49 [tracker] [s3] onset t=3.513 env=0.01239 gate=0.00014 envDelta=0.01225 envFloor=0.00218 onset=1.067 thresh=0.012 onsetDelta=1.05579 baseline=0.00104 adaptive=0.02704 lastPeak=0.00000 guard=0.060 activeAge=-1.000 pitch=-1.00Hz pitchCents=0.0
2025-12-20 00:44:49 [tracker] [s1] aubio-raw t=3.5187 onset=0.990359 env=0.019119 peak=0.024488 gain=1.000
2025-12-20 00:44:49 [tracker] [s1] onset-accepted t=3.5187 env=0.019119 gate=0.000040 envDelta=0.019080 envFloor=0.001512 onset=0.990359 thresh=0.006000 onsetDelta=0.984359 baseline=0.000720 floor=0.000180 adapt=0.021227 lastPeak=0.000000 baseParam=0.000180 gateRatio=0.0550 envParam=0.000450 onsetScale=0.300 retriggerScale=1.400 guard=0.060 guardRemain=0.000 activeAge=-1.000 retrigRemain=0.000 pitchHz=-1.00 pitchCents=0.0
2025-12-20 00:44:49 [tracker] [s1] onset t=3.519 env=0.01912 gate=0.00004 envDelta=0.01908 envFloor=0.00151 onset=0.990 thresh=0.006 onsetDelta=0.98436 baseline=0.00072 adaptive=0.02123 lastPeak=0.00000 guard=0.060 activeAge=-1.000 pitch=-1.00Hz pitchCents=0.0
2025-12-20 00:44:49 [tracker] [s3] onset t=3.644 env=0.02253 gate=0.00014 envDelta=0.02239 envFloor=0.00218 onset=0.920 thresh=0.012 onsetDelta=0.90816 baseline=0.00104 adaptive=0.02753 lastPeak=0.00000 guard=0.060 activeAge=-1.000 pitch=-1.00Hz pitchCents=0.0
2025-12-20 00:44:49 [tracker] [s1] aubio-raw t=3.6547 onset=0.996812 env=0.008108 peak=0.014966 gain=1.000
2025-12-20 00:44:49 [tracker] [s1] onset-accepted t=3.6547 env=0.008108 gate=0.000040 envDelta=0.008068 envFloor=0.001512 onset=0.996812 thresh=0.006000 onsetDelta=0.990812 baseline=0.000720 floor=0.000180 adapt=0.020747 lastPeak=0.000000 baseParam=0.000180 gateRatio=0.0550 envParam=0.000450 onsetScale=0.300 retriggerScale=1.400 guard=0.060 guardRemain=0.000 activeAge=-1.000 retrigRemain=0.000 pitchHz=-1.00 pitchCents=0.0
2025-12-20 00:44:49 [tracker] [s1] onset t=3.655 env=0.00811 gate=0.00004 envDelta=0.00807 envFloor=0.00151 onset=0.997 thresh=0.006 onsetDelta=0.99081 baseline=0.00072 adaptive=0.02075 lastPeak=0.00000 guard=0.060 activeAge=-1.000 pitch=-1.00Hz pitchCents=0.0
2025-12-20 00:44:49 [tracker] [s1] aubio-raw t=3.7347 onset=0.974185 env=0.021988 peak=0.025326 gain=1.000
2025-12-20 00:44:49 [tracker] [s1] onset-accepted t=3.7347 env=0.021988 gate=0.000040 envDelta=0.021949 envFloor=0.001512 onset=0.974185 thresh=0.006000 onsetDelta=0.968185 baseline=0.000720 floor=0.000180 adapt=0.020966 lastPeak=0.000000 baseParam=0.000180 gateRatio=0.0550 envParam=0.000450 onsetScale=0.300 retriggerScale=1.400 guard=0.060 guardRemain=0.000 activeAge=-1.000 retrigRemain=0.000 pitchHz=-1.00 pitchCents=0.0
2025-12-20 00:44:49 [tracker] [s1] onset t=3.735 env=0.02199 gate=0.00004 envDelta=0.02195 envFloor=0.00151 onset=0.974 thresh=0.006 onsetDelta=0.96819 baseline=0.00072 adaptive=0.02097 lastPeak=0.00000 guard=0.060 activeAge=-1.000 pitch=-1.00Hz pitchCents=0.0
2025-12-20 00:44:49 [tracker] [s6] onset t=3.807 env=0.02489 gate=0.00042 envDelta=0.02447 envFloor=0.00353 onset=0.994 thresh=0.018 onsetDelta=0.97605 baseline=0.00168 adaptive=0.02614 lastPeak=0.00000 guard=0.060 activeAge=-1.000 pitch=-1.00Hz pitchCents=0.0
2025-12-20 00:44:49 [tracker] [s4] onset t=3.812 env=0.01330 gate=0.00022 envDelta=0.01308 envFloor=0.00269 onset=0.989 thresh=0.014 onsetDelta=0.97468 baseline=0.00128 adaptive=0.02663 lastPeak=0.00000 guard=0.060 activeAge=-1.000 pitch=-1.00Hz pitchCents=0.0
2025-12-20 00:44:49 [tracker] [s3] onset t=3.825 env=0.03148 gate=0.00014 envDelta=0.03134 envFloor=0.00218 onset=1.164 thresh=0.012 onsetDelta=1.15288 baseline=0.00104 adaptive=0.02756 lastPeak=0.00000 guard=0.060 activeAge=-1.000 pitch=-1.00Hz pitchCents=0.0
2025-12-20 00:44:49 [tracker] [s1] aubio-raw t=3.9187 onset=0.636082 env=0.019850 peak=0.025157 gain=1.000
2025-12-20 00:44:49 [tracker] [s1] onset-accepted t=3.9187 env=0.019850 gate=0.000040 envDelta=0.019810 envFloor=0.001512 onset=0.636082 thresh=0.006000 onsetDelta=0.630082 baseline=0.000720 floor=0.000180 adapt=0.021288 lastPeak=0.000000 baseParam=0.000180 gateRatio=0.0550 envParam=0.000450 onsetScale=0.300 retriggerScale=1.400 guard=0.060 guardRemain=0.000 activeAge=-1.000 retrigRemain=0.000 pitchHz=-1.00 pitchCents=0.0
2025-12-20 00:44:49 [tracker] [s1] onset t=3.919 env=0.01985 gate=0.00004 envDelta=0.01981 envFloor=0.00151 onset=0.636 thresh=0.006 onsetDelta=0.63008 baseline=0.00072 adaptive=0.02129 lastPeak=0.00000 guard=0.060 activeAge=-1.000 pitch=-1.00Hz pitchCents=0.0
2025-12-20 00:44:50 [tracker] [s5] onset t=4.015 env=0.02164 gate=0.00031 envDelta=0.02133 envFloor=0.00311 onset=0.989 thresh=0.016 onsetDelta=0.97331 baseline=0.00148 adaptive=0.02604 lastPeak=0.00000 guard=0.060 activeAge=-1.000 pitch=-1.00Hz pitchCents=0.0
2025-12-20 00:44:50 [tracker] [s3] onset t=4.060 env=0.02783 gate=0.00014 envDelta=0.02769 envFloor=0.00218 onset=1.054 thresh=0.012 onsetDelta=1.04231 baseline=0.00104 adaptive=0.02740 lastPeak=0.00000 guard=0.060 activeAge=-1.000 pitch=-1.00Hz pitchCents=0.0
2025-12-20 00:44:50 [tracker] [s4] onset t=4.172 env=0.01319 gate=0.00022 envDelta=0.01297 envFloor=0.00269 onset=0.944 thresh=0.014 onsetDelta=0.92952 baseline=0.00128 adaptive=0.02711 lastPeak=0.00000 guard=0.060 activeAge=-1.000 pitch=-1.00Hz pitchCents=0.0
2025-12-20 00:44:50 [tracker] [s6] onset t=4.199 env=0.02612 gate=0.00042 envDelta=0.02570 envFloor=0.00353 onset=1.000 thresh=0.018 onsetDelta=0.98164 baseline=0.00168 adaptive=0.02634 lastPeak=0.00000 guard=0.060 activeAge=-1.000 pitch=-1.00Hz pitchCents=0.0
2025-12-20 00:44:50 [tracker] [s1] aubio-raw t=4.2200 onset=0.990416 env=0.013144 peak=0.020222 gain=1.000
2025-12-20 00:44:50 [tracker] [s1] onset-accepted t=4.2200 env=0.013144 gate=0.000040 envDelta=0.013105 envFloor=0.001512 onset=0.990416 thresh=0.006000 onsetDelta=0.984416 baseline=0.000720 floor=0.000180 adapt=0.020860 lastPeak=0.000000 baseParam=0.000180 gateRatio=0.0550 envParam=0.000450 onsetScale=0.300 retriggerScale=1.400 guard=0.060 guardRemain=0.000 activeAge=-1.000 retrigRemain=0.000 pitchHz=-1.00 pitchCents=0.0
2025-12-20 00:44:50 [tracker] [s1] onset t=4.220 env=0.01314 gate=0.00004 envDelta=0.01310 envFloor=0.00151 onset=0.990 thresh=0.006 onsetDelta=0.98442 baseline=0.00072 adaptive=0.02086 lastPeak=0.00000 guard=0.060 activeAge=-1.000 pitch=-1.00Hz pitchCents=0.0
2025-12-20 00:44:50 [tracker] [s2] onset t=4.276 env=0.03015 gate=0.00001 envDelta=0.03014 envFloor=0.00185 onset=0.834 thresh=0.009 onsetDelta=0.82472 baseline=0.00088 adaptive=0.02674 lastPeak=0.00000 guard=0.060 activeAge=-1.000 pitch=-1.00Hz pitchCents=0.0
2025-12-20 00:44:50 [tracker] [s2] onset t=4.377 env=0.02431 gate=0.00001 envDelta=0.02430 envFloor=0.00185 onset=1.324 thresh=0.009 onsetDelta=1.31465 baseline=0.00088 adaptive=0.02699 lastPeak=0.00000 guard=0.060 activeAge=-1.000 pitch=-1.00Hz pitchCents=0.0
2025-12-20 00:44:50 [tracker] [s1] aubio-raw t=4.4867 onset=1.189856 env=0.014297 peak=0.021293 gain=1.000
2025-12-20 00:44:50 [tracker] [s1] onset-accepted t=4.4867 env=0.014297 gate=0.000040 envDelta=0.014257 envFloor=0.001512 onset=1.189856 thresh=0.006000 onsetDelta=1.183856 baseline=0.000720 floor=0.000180 adapt=0.020986 lastPeak=0.000000 baseParam=0.000180 gateRatio=0.0550 envParam=0.000450 onsetScale=0.300 retriggerScale=1.400 guard=0.060 guardRemain=0.000 activeAge=-1.000 retrigRemain=0.000 pitchHz=-1.00 pitchCents=0.0
2025-12-20 00:44:50 [tracker] [s1] onset t=4.487 env=0.01430 gate=0.00004 envDelta=0.01426 envFloor=0.00151 onset=1.190 thresh=0.006 onsetDelta=1.18386 baseline=0.00072 adaptive=0.02099 lastPeak=0.00000 guard=0.060 activeAge=-1.000 pitch=-1.00Hz pitchCents=0.0
2025-12-20 00:44:50 [tracker] [s3] onset t=4.487 env=0.01844 gate=0.00014 envDelta=0.01831 envFloor=0.00218 onset=1.137 thresh=0.012 onsetDelta=1.12524 baseline=0.00104 adaptive=0.02728 lastPeak=0.00000 guard=0.060 activeAge=-1.000 pitch=-1.00Hz pitchCents=0.0
2025-12-20 00:44:50 [tracker] [s5] onset t=4.663 env=0.01155 gate=0.00031 envDelta=0.01124 envFloor=0.00311 onset=1.259 thresh=0.016 onsetDelta=1.24295 baseline=0.00148 adaptive=0.02631 lastPeak=0.00000 guard=0.060 activeAge=-1.000 pitch=-1.00Hz pitchCents=0.0
2025-12-20 00:44:50 [tracker] [s3] onset t=4.668 env=0.03030 gate=0.00014 envDelta=0.03016 envFloor=0.00218 onset=1.106 thresh=0.012 onsetDelta=1.09402 baseline=0.00104 adaptive=0.02732 lastPeak=0.00000 guard=0.060 activeAge=-1.000 pitch=-1.00Hz pitchCents=0.0
2025-12-20 00:44:50 [tracker] [s5] onset t=4.772 env=0.01118 gate=0.00031 envDelta=0.01086 envFloor=0.00311 onset=1.139 thresh=0.016 onsetDelta=1.12297 baseline=0.00148 adaptive=0.02648 lastPeak=0.00000 guard=0.060 activeAge=-1.000 pitch=-1.00Hz pitchCents=0.0
2025-12-20 00:44:50 [tracker] [s3] onset t=4.841 env=0.03022 gate=0.00014 envDelta=0.03009 envFloor=0.00218 onset=1.173 thresh=0.012 onsetDelta=1.16134 baseline=0.00104 adaptive=0.02757 lastPeak=0.00000 guard=0.060 activeAge=-1.000 pitch=-1.00Hz pitchCents=0.0
2025-12-20 00:44:50 [tracker] [s2] onset t=4.844 env=0.02525 gate=0.00001 envDelta=0.02524 envFloor=0.00185 onset=0.841 thresh=0.009 onsetDelta=0.83206 baseline=0.00088 adaptive=0.02702 lastPeak=0.00000 guard=0.060 activeAge=-1.000 pitch=-1.00Hz pitchCents=0.0
2025-12-20 00:44:50 [tracker] [s4] onset t=4.844 env=0.02568 gate=0.00022 envDelta=0.02547 envFloor=0.00269 onset=1.157 thresh=0.014 onsetDelta=1.14258 baseline=0.00128 adaptive=0.02743 lastPeak=0.00000 guard=0.060 activeAge=-1.000 pitch=-1.00Hz pitchCents=0.0
2025-12-20 00:44:50 [tracker] [s1] aubio-raw t=4.9106 onset=1.142544 env=0.020204 peak=0.025018 gain=1.000
2025-12-20 00:44:50 [tracker] [s1] onset-accepted t=4.9106 env=0.020204 gate=0.000040 envDelta=0.020165 envFloor=0.001512 onset=1.142544 thresh=0.006000 onsetDelta=1.136544 baseline=0.000720 floor=0.000180 adapt=0.021239 lastPeak=0.000000 baseParam=0.000180 gateRatio=0.0550 envParam=0.000450 onsetScale=0.300 retriggerScale=1.400 guard=0.060 guardRemain=0.000 activeAge=-1.000 retrigRemain=0.000 pitchHz=-1.00 pitchCents=0.0
2025-12-20 00:44:50 [tracker] [s1] onset t=4.911 env=0.02020 gate=0.00004 envDelta=0.02016 envFloor=0.00151 onset=1.143 thresh=0.006 onsetDelta=1.13654 baseline=0.00072 adaptive=0.02124 lastPeak=0.00000 guard=0.060 activeAge=-1.000 pitch=-1.00Hz pitchCents=0.0
2025-12-20 00:44:50 [tracker] [s2] onset t=4.913 env=0.00981 gate=0.00001 envDelta=0.00980 envFloor=0.00185 onset=0.998 thresh=0.009 onsetDelta=0.98852 baseline=0.00088 adaptive=0.02636 lastPeak=0.00000 guard=0.060 activeAge=-1.000 pitch=-1.00Hz pitchCents=0.0
2025-12-20 00:44:51 [tracker] [s5] onset t=5.049 env=0.02759 gate=0.00031 envDelta=0.02728 envFloor=0.00311 onset=0.676 thresh=0.016 onsetDelta=0.65998 baseline=0.00148 adaptive=0.02650 lastPeak=0.00000 guard=0.060 activeAge=-1.000 pitch=-1.00Hz pitchCents=0.0
2025-12-20 00:44:51 [tracker] [s6] onset t=5.073 env=0.02113 gate=0.00042 envDelta=0.02071 envFloor=0.00353 onset=0.949 thresh=0.018 onsetDelta=0.93091 baseline=0.00168 adaptive=0.02630 lastPeak=0.00000 guard=0.060 activeAge=-1.000 pitch=-1.00Hz pitchCents=0.0
2025-12-20 00:44:51 [tracker] [s1] aubio-raw t=5.0786 onset=0.998435 env=0.013535 peak=0.020514 gain=1.000
2025-12-20 00:44:51 [tracker] [s1] onset-accepted t=5.0786 env=0.013535 gate=0.000040 envDelta=0.013495 envFloor=0.001512 onset=0.998435 thresh=0.006000 onsetDelta=0.992435 baseline=0.000720 floor=0.000180 adapt=0.020872 lastPeak=0.000000 baseParam=0.000180 gateRatio=0.0550 envParam=0.000450 onsetScale=0.300 retriggerScale=1.400 guard=0.060 guardRemain=0.000 activeAge=-1.000 retrigRemain=0.000 pitchHz=-1.00 pitchCents=0.0
2025-12-20 00:44:51 [tracker] [s1] onset t=5.079 env=0.01353 gate=0.00004 envDelta=0.01350 envFloor=0.00151 onset=0.998 thresh=0.006 onsetDelta=0.99244 baseline=0.00072 adaptive=0.02087 lastPeak=0.00000 guard=0.060 activeAge=-1.000 pitch=-1.00Hz pitchCents=0.0
2025-12-20 00:44:51 [tracker] [s4] onset t=5.079 env=0.01752 gate=0.00022 envDelta=0.01731 envFloor=0.00269 onset=1.021 thresh=0.014 onsetDelta=1.00745 baseline=0.00128 adaptive=0.02707 lastPeak=0.00000 guard=0.060 activeAge=-1.000 pitch=-1.00Hz pitchCents=0.0
2025-12-20 00:44:51 [tracker] [s6] onset t=5.140 env=0.02057 gate=0.00042 envDelta=0.02015 envFloor=0.00353 onset=0.956 thresh=0.018 onsetDelta=0.93814 baseline=0.00168 adaptive=0.02629 lastPeak=0.00000 guard=0.060 activeAge=-1.000 pitch=-1.00Hz pitchCents=0.0
2025-12-20 00:44:51 [tracker] [s2] onset t=5.175 env=0.02900 gate=0.00001 envDelta=0.02899 envFloor=0.00185 onset=1.163 thresh=0.009 onsetDelta=1.15418 baseline=0.00088 adaptive=0.02697 lastPeak=0.00000 guard=0.060 activeAge=-1.000 pitch=-1.00Hz pitchCents=0.0
2025-12-20 00:44:51 [tracker] [s4] onset t=5.377 env=0.02731 gate=0.00022 envDelta=0.02709 envFloor=0.00269 onset=0.990 thresh=0.014 onsetDelta=0.97632 baseline=0.00128 adaptive=0.02725 lastPeak=0.00000 guard=0.060 activeAge=-1.000 pitch=-1.00Hz pitchCents=0.0
2025-12-20 00:44:51 [tracker] [s5] onset t=5.473 env=0.01911 gate=0.00031 envDelta=0.01880 envFloor=0.00311 onset=1.041 thresh=0.016 onsetDelta=1.02528 baseline=0.00148 adaptive=0.02618 lastPeak=0.00000 guard=0.060 activeAge=-1.000 pitch=-1.00Hz pitchCents=0.0
2025-12-20 00:44:51 [tracker] [s2] onset t=5.564 env=0.01052 gate=0.00001 envDelta=0.01051 envFloor=0.00185 onset=0.794 thresh=0.009 onsetDelta=0.78494 baseline=0.00088 adaptive=0.02651 lastPeak=0.00000 guard=0.060 activeAge=-1.000 pitch=-1.00Hz pitchCents=0.0
2025-12-20 00:44:51 [tracker] [s1] aubio-raw t=5.5773 onset=1.175222 env=0.021485 peak=0.025408 gain=1.000
2025-12-20 00:44:51 [tracker] [s1] onset-accepted t=5.5773 env=0.021485 gate=0.000040 envDelta=0.021446 envFloor=0.001512 onset=1.175222 thresh=0.006000 onsetDelta=1.169222 baseline=0.000720 floor=0.000180 adapt=0.021075 lastPeak=0.000000 baseParam=0.000180 gateRatio=0.0550 envParam=0.000450 onsetScale=0.300 retriggerScale=1.400 guard=0.060 guardRemain=0.000 activeAge=-1.000 retrigRemain=0.000 pitchHz=-1.00 pitchCents=0.0
2025-12-20 00:44:51 [tracker] [s1] onset t=5.577 env=0.02149 gate=0.00004 envDelta=0.02145 envFloor=0.00151 onset=1.175 thresh=0.006 onsetDelta=1.16922 baseline=0.00072 adaptive=0.02107 lastPeak=0.00000 guard=0.060 activeAge=-1.000 pitch=-1.00Hz pitchCents=0.0
2025-12-20 00:44:51 [tracker] [s6] onset t=5.665 env=0.02083 gate=0.00042 envDelta=0.02041 envFloor=0.00353 onset=0.996 thresh=0.018 onsetDelta=0.97849 baseline=0.00168 adaptive=0.02619 lastPeak=0.00000 guard=0.060 activeAge=-1.000 pitch=-1.00Hz pitchCents=0.0
2025-12-20 00:44:51 [tracker] [s4] onset t=5.687 env=0.02202 gate=0.00022 envDelta=0.02180 envFloor=0.00269 onset=0.999 thresh=0.014 onsetDelta=0.98509 baseline=0.00128 adaptive=0.02741 lastPeak=0.00000 guard=0.060 activeAge=-1.000 pitch=-1.00Hz pitchCents=0.0
2025-12-20 00:44:51 [tracker] [s3] onset t=5.828 env=0.02462 gate=0.00014 envDelta=0.02449 envFloor=0.00218 onset=0.561 thresh=0.012 onsetDelta=0.54946 baseline=0.00104 adaptive=0.02764 lastPeak=0.00000 guard=0.060 activeAge=-1.000 pitch=-1.00Hz pitchCents=0.0
2025-12-20 00:44:51 [tracker] [s5] onset t=5.857 env=0.02297 gate=0.00031 envDelta=0.02266 envFloor=0.00311 onset=0.659 thresh=0.016 onsetDelta=0.64343 baseline=0.00148 adaptive=0.02611 lastPeak=0.00000 guard=0.060 activeAge=-1.000 pitch=-1.00Hz pitchCents=0.0
2025-12-20 00:44:51 [tracker] [s1] aubio-raw t=5.9292 onset=1.108090 env=0.012057 peak=0.019413 gain=1.000
2025-12-20 00:44:51 [tracker] [s1] onset-accepted t=5.9292 env=0.012057 gate=0.000040 envDelta=0.012017 envFloor=0.001512 onset=1.108090 thresh=0.006000 onsetDelta=1.102090 baseline=0.000720 floor=0.000180 adapt=0.020755 lastPeak=0.000000 baseParam=0.000180 gateRatio=0.0550 envParam=0.000450 onsetScale=0.300 retriggerScale=1.400 guard=0.060 guardRemain=0.000 activeAge=-1.000 retrigRemain=0.000 pitchHz=-1.00 pitchCents=0.0
2025-12-20 00:44:51 [tracker] [s1] onset t=5.929 env=0.01206 gate=0.00004 envDelta=0.01202 envFloor=0.00151 onset=1.108 thresh=0.006 onsetDelta=1.10209 baseline=0.00072 adaptive=0.02076 lastPeak=0.00000 guard=0.060 activeAge=-1.000 pitch=-1.00Hz pitchCents=0.0
2025-12-20 00:44:51 [tracker] [s5] onset t=5.959 env=0.02973 gate=0.00031 envDelta=0.02942 envFloor=0.00311 onset=0.813 thresh=0.016 onsetDelta=0.79676 baseline=0.00148 adaptive=0.02690 lastPeak=0.00000 guard=0.060 activeAge=-1.000 pitch=-1.00Hz pitchCents=0.0
2025-12-20 00:44:52 [tracker] [s2] onset t=6.031 env=0.01002 gate=0.00001 envDelta=0.01001 envFloor=0.00185 onset=0.995 thresh=0.009 onsetDelta=0.98598 baseline=0.00088 adaptive=0.02649 lastPeak=0.00000 guard=0.060 activeAge=-1.000 pitch=-1.00Hz pitchCents=0.0
2025-12-20 00:44:52 [tracker] [s3] onset t=6.121 env=0.01406 gate=0.00014 envDelta=0.01393 envFloor=0.00218 onset=0.971 thresh=0.012 onsetDelta=0.95990 baseline=0.00104 adaptive=0.02687 lastPeak=0.00000 guard=0.060 activeAge=-1.000 pitch=-1.00Hz pitchCents=0.0
2025-12-20 00:44:52 [tracker] [s1] aubio-raw t=6.1239 onset=1.364389 env=0.017265 peak=0.024201 gain=1.000
2025-12-20 00:44:52 [tracker] [s1] onset-accepted t=6.1239 env=0.017265 gate=0.000040 envDelta=0.017225 envFloor=0.001512 onset=1.364389 thresh=0.006000 onsetDelta=1.358389 baseline=0.000720 floor=0.000180 adapt=0.020590 lastPeak=0.000000 baseParam=0.000180 gateRatio=0.0550 envParam=0.000450 onsetScale=0.300 retriggerScale=1.400 guard=0.060 guardRemain=0.000 activeAge=-1.000 retrigRemain=0.000 pitchHz=-1.00 pitchCents=0.0
2025-12-20 00:44:52 [tracker] [s1] onset t=6.124 env=0.01726 gate=0.00004 envDelta=0.01722 envFloor=0.00151 onset=1.364 thresh=0.006 onsetDelta=1.35839 baseline=0.00072 adaptive=0.02059 lastPeak=0.00000 guard=0.060 activeAge=-1.000 pitch=-1.00Hz pitchCents=0.0
2025-12-20 00:44:52 [tracker] [s2] onset t=6.127 env=0.03019 gate=0.00001 envDelta=0.03018 envFloor=0.00185 onset=0.966 thresh=0.009 onsetDelta=0.95746 baseline=0.00088 adaptive=0.02672 lastPeak=0.00000 guard=0.060 activeAge=-1.000 pitch=-1.00Hz pitchCents=0.0
2025-12-20 00:44:52 [tracker] [s4] onset t=6.148 env=0.01339 gate=0.00022 envDelta=0.01317 envFloor=0.00269 onset=1.001 thresh=0.014 onsetDelta=0.98660 baseline=0.00128 adaptive=0.02693 lastPeak=0.00000 guard=0.060 activeAge=-1.000 pitch=-1.00Hz pitchCents=0.0
2025-12-20 00:44:52 [tracker] [s1] aubio-raw t=6.2279 onset=1.360370 env=0.019802 peak=0.024919 gain=1.000
2025-12-20 00:44:52 [tracker] [s1] onset-accepted t=6.2279 env=0.019802 gate=0.000040 envDelta=0.019762 envFloor=0.001512 onset=1.360370 thresh=0.006000 onsetDelta=1.354370 baseline=0.000720 floor=0.000180 adapt=0.021180 lastPeak=0.000000 baseParam=0.000180 gateRatio=0.0550 envParam=0.000450 onsetScale=0.300 retriggerScale=1.400 guard=0.060 guardRemain=0.000 activeAge=-1.000 retrigRemain=0.000 pitchHz=-1.00 pitchCents=0.0
2025-12-20 00:44:52 [tracker] [s1] onset t=6.228 env=0.01980 gate=0.00004 envDelta=0.01976 envFloor=0.00151 onset=1.360 thresh=0.006 onsetDelta=1.35437 baseline=0.00072 adaptive=0.02118 lastPeak=0.00000 guard=0.060 activeAge=-1.000 pitch=-1.00Hz pitchCents=0.0
2025-12-20 00:44:52 [tracker] [s4] onset t=6.257 env=0.02218 gate=0.00022 envDelta=0.02196 envFloor=0.00269 onset=0.687 thresh=0.014 onsetDelta=0.67320 baseline=0.00128 adaptive=0.02656 lastPeak=0.00000 guard=0.060 activeAge=-1.000 pitch=-1.00Hz pitchCents=0.0
2025-12-20 00:44:52 [tracker] [s6] onset t=6.383 env=0.02373 gate=0.00042 envDelta=0.02331 envFloor=0.00353 onset=0.552 thresh=0.018 onsetDelta=0.53408 baseline=0.00168 adaptive=0.02610 lastPeak=0.00000 guard=0.060 activeAge=-1.000 pitch=-1.00Hz pitchCents=0.0
2025-12-20 00:44:52 [tracker] [s5] onset t=6.492 env=0.02910 gate=0.00031 envDelta=0.02879 envFloor=0.00311 onset=0.511 thresh=0.016 onsetDelta=0.49453 baseline=0.00148 adaptive=0.02677 lastPeak=0.00000 guard=0.060 activeAge=-1.000 pitch=-1.00Hz pitchCents=0.0
2025-12-20 00:44:52 [tracker] [s6] onset t=6.623 env=0.01025 gate=0.00042 envDelta=0.00983 envFloor=0.00353 onset=1.205 thresh=0.018 onsetDelta=1.18665 baseline=0.00168 adaptive=0.02651 lastPeak=0.00000 guard=0.060 activeAge=-1.000 pitch=-1.00Hz pitchCents=0.0
2025-12-20 00:44:52 [tracker] [s1] aubio-raw t=6.6732 onset=0.902595 env=0.011254 peak=0.020596 gain=1.000
2025-12-20 00:44:52 [tracker] [s1] onset-accepted t=6.6732 env=0.011254 gate=0.000040 envDelta=0.011215 envFloor=0.001512 onset=0.902595 thresh=0.006000 onsetDelta=0.896595 baseline=0.000720 floor=0.000180 adapt=0.020771 lastPeak=0.000000 baseParam=0.000180 gateRatio=0.0550 envParam=0.000450 onsetScale=0.300 retriggerScale=1.400 guard=0.060 guardRemain=0.000 activeAge=-1.000 retrigRemain=0.000 pitchHz=-1.00 pitchCents=0.0
2025-12-20 00:44:52 [tracker] [s4] onset t=6.695 env=0.02681 gate=0.00022 envDelta=0.02659 envFloor=0.00269 onset=1.049 thresh=0.014 onsetDelta=1.03547 baseline=0.00128 adaptive=0.02728 lastPeak=0.00000 guard=0.060 activeAge=-1.000 pitch=-1.00Hz pitchCents=0.0
2025-12-20 00:44:52 [tracker] [s3] onset t=6.729 env=0.01850 gate=0.00014 envDelta=0.01837 envFloor=0.00218 onset=0.967 thresh=0.012 onsetDelta=0.95519 baseline=0.00104 adaptive=0.02727 lastPeak=0.00000 guard=0.060 activeAge=-1.000 pitch=-1.00Hz pitchCents=0.0
2025-12-20 00:44:52 [tracker] [s1] aubio-raw t=6.8332 onset=0.999438 env=0.020926 peak=0.025010 gain=1.000
2025-12-20 00:44:52 [tracker] [s1] onset-accepted t=6.8332 env=0.020926 gate=0.000040 envDelta=0.020886 envFloor=0.001512 onset=0.999438 thresh=0.006000 onsetDelta=0.993438 baseline=0.000720 floor=0.000180 adapt=0.020728 lastPeak=0.000000 baseParam=0.000180 gateRatio=0.0550 envParam=0.000450 onsetScale=0.300 retriggerScale=1.400 guard=0.060 guardRemain=0.000 activeAge=-1.000 retrigRemain=0.000 pitchHz=-1.00 pitchCents=0.0
2025-12-20 00:44:52 [tracker] [s1] aubio-raw t=6.9105 onset=0.961307 env=0.023059 peak=0.025231 gain=1.000
2025-12-20 00:44:52 [tracker] [s1] onset-accepted t=6.9105 env=0.023059 gate=0.000040 envDelta=0.023020 envFloor=0.001512 onset=0.961307 thresh=0.006000 onsetDelta=0.955307 baseline=0.000720 floor=0.000180 adapt=0.020947 lastPeak=0.000000 baseParam=0.000180 gateRatio=0.0550 envParam=0.000450 onsetScale=0.300 retriggerScale=1.400 guard=0.060 guardRemain=0.000 activeAge=-1.000 retrigRemain=0.000 pitchHz=-1.00 pitchCents=0.0
2025-12-20 00:44:52 [tracker] [s1] onset t=6.911 env=0.02306 gate=0.00004 envDelta=0.02302 envFloor=0.00151 onset=0.961 thresh=0.006 onsetDelta=0.95531 baseline=0.00072 adaptive=0.02095 lastPeak=0.00000 guard=0.060 activeAge=-1.000 pitch=-1.00Hz pitchCents=0.0
2025-12-20 00:44:52 [tracker] [s5] onset t=6.924 env=0.01929 gate=0.00031 envDelta=0.01898 envFloor=0.00311 onset=1.126 thresh=0.016 onsetDelta=1.10961 baseline=0.00148 adaptive=0.02608 lastPeak=0.00000 guard=0.060 activeAge=-1.000 pitch=-1.00Hz pitchCents=0.0
2025-12-20 00:44:52 [tracker] [s6] onset t=6.924 env=0.01984 gate=0.00042 envDelta=0.01942 envFloor=0.00353 onset=1.030 thresh=0.018 onsetDelta=1.01207 baseline=0.00168 adaptive=0.02624 lastPeak=0.00000 guard=0.060 activeAge=-1.000 pitch=-1.00Hz pitchCents=0.0
2025-12-20 00:44:53 [tracker] [s3] onset t=7.065 env=0.01590 gate=0.00014 envDelta=0.01576 envFloor=0.00218 onset=1.222 thresh=0.012 onsetDelta=1.21073 baseline=0.00104 adaptive=0.02690 lastPeak=0.00000 guard=0.060 activeAge=-1.000 pitch=-1.00Hz pitchCents=0.0
2025-12-20 00:44:53 [tracker] [s3] onset t=7.132 env=0.01570 gate=0.00014 envDelta=0.01557 envFloor=0.00218 onset=1.079 thresh=0.012 onsetDelta=1.06776 baseline=0.00104 adaptive=0.02684 lastPeak=0.00000 guard=0.060 activeAge=-1.000 pitch=-1.00Hz pitchCents=0.0
2025-12-20 00:44:53 [tracker] [s2] onset t=7.212 env=0.02386 gate=0.00001 envDelta=0.02385 envFloor=0.00185 onset=0.943 thresh=0.009 onsetDelta=0.93413 baseline=0.00088 adaptive=0.02696 lastPeak=0.00000 guard=0.060 activeAge=-1.000 pitch=-1.00Hz pitchCents=0.0
2025-12-20 00:44:53 [tracker] [s5] onset t=7.257 env=0.01800 gate=0.00031 envDelta=0.01769 envFloor=0.00311 onset=0.891 thresh=0.016 onsetDelta=0.87488 baseline=0.00148 adaptive=0.02623 lastPeak=0.00000 guard=0.060 activeAge=-1.000 pitch=-1.00Hz pitchCents=0.0
2025-12-20 00:44:53 [tracker] [s4] onset t=7.300 env=0.02603 gate=0.00022 envDelta=0.02581 envFloor=0.00269 onset=1.392 thresh=0.014 onsetDelta=1.37760 baseline=0.00128 adaptive=0.02658 lastPeak=0.00000 guard=0.060 activeAge=-1.000 pitch=-1.00Hz pitchCents=0.0
2025-12-20 00:44:53 [tracker] [s1] aubio-raw t=7.3105 onset=0.900275 env=0.023563 peak=0.025398 gain=1.000
2025-12-20 00:44:53 [tracker] [s1] onset-accepted t=7.3105 env=0.023563 gate=0.000040 envDelta=0.023524 envFloor=0.001512 onset=0.900275 thresh=0.006000 onsetDelta=0.894275 baseline=0.000720 floor=0.000180 adapt=0.021016 lastPeak=0.000000 baseParam=0.000180 gateRatio=0.0550 envParam=0.000450 onsetScale=0.300 retriggerScale=1.400 guard=0.060 guardRemain=0.000 activeAge=-1.000 retrigRemain=0.000 pitchHz=-1.00 pitchCents=0.0
2025-12-20 00:44:53 [tracker] [s1] onset t=7.310 env=0.02356 gate=0.00004 envDelta=0.02352 envFloor=0.00151 onset=0.900 thresh=0.006 onsetDelta=0.89427 baseline=0.00072 adaptive=0.02102 lastPeak=0.00000 guard=0.060 activeAge=-1.000 pitch=-1.00Hz pitchCents=0.0
2025-12-20 00:44:53 [tracker] [s3] onset t=7.489 env=0.01035 gate=0.00014 envDelta=0.01022 envFloor=0.00218 onset=1.185 thresh=0.012 onsetDelta=1.17358 baseline=0.00104 adaptive=0.02684 lastPeak=0.00000 guard=0.060 activeAge=-1.000 pitch=-1.00Hz pitchCents=0.0
2025-12-20 00:44:53 [tracker] [s2] onset t=7.796 env=0.02153 gate=0.00001 envDelta=0.02152 envFloor=0.00185 onset=0.974 thresh=0.009 onsetDelta=0.96549 baseline=0.00088 adaptive=0.02696 lastPeak=0.00000 guard=0.060 activeAge=-1.000 pitch=-1.00Hz pitchCents=0.0
2025-12-20 00:44:53 [tracker] [s5] onset t=7.817 env=0.02797 gate=0.00031 envDelta=0.02766 envFloor=0.00311 onset=1.035 thresh=0.016 onsetDelta=1.01860 baseline=0.00148 adaptive=0.02659 lastPeak=0.00000 guard=0.060 activeAge=-1.000 pitch=-1.00Hz pitchCents=0.0
2025-12-20 00:44:53 [tracker] [s5] onset t=7.892 env=0.02585 gate=0.00031 envDelta=0.02554 envFloor=0.00311 onset=0.680 thresh=0.016 onsetDelta=0.66396 baseline=0.00148 adaptive=0.02614 lastPeak=0.00000 guard=0.060 activeAge=-1.000 pitch=-1.00Hz pitchCents=0.0
2025-12-20 00:44:53 [tracker] [s6] onset t=7.900 env=0.02372 gate=0.00042 envDelta=0.02330 envFloor=0.00353 onset=1.041 thresh=0.018 onsetDelta=1.02286 baseline=0.00168 adaptive=0.02617 lastPeak=0.00000 guard=0.060 activeAge=-1.000 pitch=-1.00Hz pitchCents=0.0
2025-12-20 00:44:54 [tracker] [s5] onset t=8.025 env=0.02573 gate=0.00031 envDelta=0.02542 envFloor=0.00311 onset=1.244 thresh=0.016 onsetDelta=1.22813 baseline=0.00148 adaptive=0.02617 lastPeak=0.00000 guard=0.060 activeAge=-1.000 pitch=-1.00Hz pitchCents=0.0
2025-12-20 00:44:54 [tracker] [s1] aubio-raw t=8.0784 onset=0.998175 env=0.020594 peak=0.025141 gain=1.000
2025-12-20 00:44:54 [tracker] [s1] onset-accepted t=8.0784 env=0.020594 gate=0.000040 envDelta=0.020554 envFloor=0.001512 onset=0.998175 thresh=0.006000 onsetDelta=0.992175 baseline=0.000720 floor=0.000180 adapt=0.021135 lastPeak=0.000000 baseParam=0.000180 gateRatio=0.0550 envParam=0.000450 onsetScale=0.300 retriggerScale=1.400 guard=0.060 guardRemain=0.000 activeAge=-1.000 retrigRemain=0.000 pitchHz=-1.00 pitchCents=0.0
2025-12-20 00:44:54 [tracker] [s1] onset t=8.078 env=0.02059 gate=0.00004 envDelta=0.02055 envFloor=0.00151 onset=0.998 thresh=0.006 onsetDelta=0.99217 baseline=0.00072 adaptive=0.02113 lastPeak=0.00000 guard=0.060 activeAge=-1.000 pitch=-1.00Hz pitchCents=0.0
2025-12-20 00:44:54 [tracker] [s1] aubio-raw t=8.1477 onset=0.783797 env=0.007714 peak=0.013358 gain=1.000
2025-12-20 00:44:54 [tracker] [s1] onset-accepted t=8.1477 env=0.007714 gate=0.000040 envDelta=0.007675 envFloor=0.001512 onset=0.783797 thresh=0.006000 onsetDelta=0.777797 baseline=0.000720 floor=0.000180 adapt=0.020662 lastPeak=0.000000 baseParam=0.000180 gateRatio=0.0550 envParam=0.000450 onsetScale=0.300 retriggerScale=1.400 guard=0.060 guardRemain=0.000 activeAge=-1.000 retrigRemain=0.000 pitchHz=-1.00 pitchCents=0.0
2025-12-20 00:44:54 [tracker] [s1] onset t=8.148 env=0.00771 gate=0.00004 envDelta=0.00767 envFloor=0.00151 onset=0.784 thresh=0.006 onsetDelta=0.77780 baseline=0.00072 adaptive=0.02066 lastPeak=0.00000 guard=0.060 activeAge=-1.000 pitch=-1.00Hz pitchCents=0.0
2025-12-20 00:44:54 [tracker] [s5] onset t=8.158 env=0.02522 gate=0.00031 envDelta=0.02490 envFloor=0.00311 onset=0.997 thresh=0.016 onsetDelta=0.98064 baseline=0.00148 adaptive=0.02622 lastPeak=0.00000 guard=0.060 activeAge=-1.000 pitch=-1.00Hz pitchCents=0.0
2025-12-20 00:44:54 [tracker] [s2] onset t=8.177 env=0.03048 gate=0.00001 envDelta=0.03047 envFloor=0.00185 onset=1.029 thresh=0.009 onsetDelta=1.02022 baseline=0.00088 adaptive=0.02688 lastPeak=0.00000 guard=0.060 activeAge=-1.000 pitch=-1.00Hz pitchCents=0.0
2025-12-20 00:44:54 [tracker] [s4] onset t=8.196 env=0.02296 gate=0.00022 envDelta=0.02275 envFloor=0.00269 onset=0.997 thresh=0.014 onsetDelta=0.98324 baseline=0.00128 adaptive=0.02741 lastPeak=0.00000 guard=0.060 activeAge=-1.000 pitch=-1.00Hz pitchCents=0.0
2025-12-20 00:44:54 [tracker] [s3] onset t=8.244 env=0.03169 gate=0.00014 envDelta=0.03156 envFloor=0.00218 onset=1.170 thresh=0.012 onsetDelta=1.15803 baseline=0.00104 adaptive=0.02750 lastPeak=0.00000 guard=0.060 activeAge=-1.000 pitch=-1.00Hz pitchCents=0.0
2025-12-20 00:44:54 [tracker] [s1] aubio-raw t=8.2491 onset=0.909181 env=0.013100 peak=0.022094 gain=1.000
2025-12-20 00:44:54 [tracker] [s1] onset-accepted t=8.2491 env=0.013100 gate=0.000040 envDelta=0.013060 envFloor=0.001512 onset=0.909181 thresh=0.006000 onsetDelta=0.903181 baseline=0.000720 floor=0.000180 adapt=0.020728 lastPeak=0.000000 baseParam=0.000180 gateRatio=0.0550 envParam=0.000450 onsetScale=0.300 retriggerScale=1.400 guard=0.060 guardRemain=0.000 activeAge=-1.000 retrigRemain=0.000 pitchHz=-1.00 pitchCents=0.0
2025-12-20 00:44:54 [tracker] [s1] onset t=8.249 env=0.01310 gate=0.00004 envDelta=0.01306 envFloor=0.00151 onset=0.909 thresh=0.006 onsetDelta=0.90318 baseline=0.00072 adaptive=0.02073 lastPeak=0.00000 guard=0.060 activeAge=-1.000 pitch=-1.00Hz pitchCents=0.0
2025-12-20 00:44:54 [tracker] [s2] onset t=8.302 env=0.03037 gate=0.00001 envDelta=0.03036 envFloor=0.00185 onset=0.997 thresh=0.009 onsetDelta=0.98842 baseline=0.00088 adaptive=0.02672 lastPeak=0.00000 guard=0.060 activeAge=-1.000 pitch=-1.00Hz pitchCents=0.0
2025-12-20 00:44:54 [tracker] [s2] onset t=8.369 env=0.03040 gate=0.00001 envDelta=0.03039 envFloor=0.00185 onset=1.123 thresh=0.009 onsetDelta=1.11392 baseline=0.00088 adaptive=0.02671 lastPeak=0.00000 guard=0.060 activeAge=-1.000 pitch=-1.00Hz pitchCents=0.0
2025-12-20 00:44:54 [tracker] [s4] onset t=8.436 env=0.03087 gate=0.00022 envDelta=0.03066 envFloor=0.00269 onset=1.001 thresh=0.014 onsetDelta=0.98685 baseline=0.00128 adaptive=0.02724 lastPeak=0.00000 guard=0.060 activeAge=-1.000 pitch=-1.00Hz pitchCents=0.0
2025-12-20 00:44:54 [tracker] [s6] onset t=8.457 env=0.01311 gate=0.00042 envDelta=0.01269 envFloor=0.00353 onset=0.943 thresh=0.018 onsetDelta=0.92513 baseline=0.00168 adaptive=0.02650 lastPeak=0.00000 guard=0.060 activeAge=-1.000 pitch=-1.00Hz pitchCents=0.0
2025-12-20 00:44:54 [tracker] [s2] onset t=8.502 env=0.03061 gate=0.00001 envDelta=0.03060 envFloor=0.00185 onset=1.067 thresh=0.009 onsetDelta=1.05845 baseline=0.00088 adaptive=0.02689 lastPeak=0.00000 guard=0.060 activeAge=-1.000 pitch=-1.00Hz pitchCents=0.0
2025-12-20 00:44:54 [tracker] [s6] onset t=8.524 env=0.01304 gate=0.00042 envDelta=0.01262 envFloor=0.00353 onset=1.276 thresh=0.018 onsetDelta=1.25785 baseline=0.00168 adaptive=0.02650 lastPeak=0.00000 guard=0.060 activeAge=-1.000 pitch=-1.00Hz pitchCents=0.0
2025-12-20 00:44:54 [tracker] [s3] onset t=8.588 env=0.02234 gate=0.00014 envDelta=0.02221 envFloor=0.00218 onset=1.011 thresh=0.012 onsetDelta=0.99898 baseline=0.00104 adaptive=0.02751 lastPeak=0.00000 guard=0.060 activeAge=-1.000 pitch=-1.00Hz pitchCents=0.0
2025-12-20 00:44:54 [tracker] [s1] aubio-raw t=8.6037 onset=0.999045 env=0.020355 peak=0.024983 gain=1.000
2025-12-20 00:44:54 [tracker] [s1] onset-accepted t=8.6037 env=0.020355 gate=0.000040 envDelta=0.020315 envFloor=0.001512 onset=0.999045 thresh=0.006000 onsetDelta=0.993045 baseline=0.000720 floor=0.000180 adapt=0.021094 lastPeak=0.000000 baseParam=0.000180 gateRatio=0.0550 envParam=0.000450 onsetScale=0.300 retriggerScale=1.400 guard=0.060 guardRemain=0.000 activeAge=-1.000 retrigRemain=0.000 pitchHz=-1.00 pitchCents=0.0
2025-12-20 00:44:54 [tracker] [s1] onset t=8.604 env=0.02035 gate=0.00004 envDelta=0.02032 envFloor=0.00151 onset=0.999 thresh=0.006 onsetDelta=0.99305 baseline=0.00072 adaptive=0.02109 lastPeak=0.00000 guard=0.060 activeAge=-1.000 pitch=-1.00Hz pitchCents=0.0
2025-12-20 00:44:54 [tracker] [s5] onset t=8.708 env=0.01790 gate=0.00031 envDelta=0.01759 envFloor=0.00311 onset=0.838 thresh=0.016 onsetDelta=0.82170 baseline=0.00148 adaptive=0.02625 lastPeak=0.00000 guard=0.060 activeAge=-1.000 pitch=-1.00Hz pitchCents=0.0
2025-12-20 00:44:54 [tracker] [s3] onset t=8.758 env=0.02397 gate=0.00014 envDelta=0.02383 envFloor=0.00218 onset=1.134 thresh=0.012 onsetDelta=1.12259 baseline=0.00104 adaptive=0.02672 lastPeak=0.00000 guard=0.060 activeAge=-1.000 pitch=-1.00Hz pitchCents=0.0
2025-12-20 00:44:54 [tracker] [s1] aubio-raw t=8.8010 onset=0.647802 env=0.022904 peak=0.025536 gain=1.000
2025-12-20 00:44:54 [tracker] [s1] onset-accepted t=8.8010 env=0.022904 gate=0.000040 envDelta=0.022864 envFloor=0.001512 onset=0.647802 thresh=0.006000 onsetDelta=0.641802 baseline=0.000720 floor=0.000180 adapt=0.021162 lastPeak=0.000000 baseParam=0.000180 gateRatio=0.0550 envParam=0.000450 onsetScale=0.300 retriggerScale=1.400 guard=0.060 guardRemain=0.000 activeAge=-1.000 retrigRemain=0.000 pitchHz=-1.00 pitchCents=0.0
2025-12-20 00:44:54 [tracker] [s1] onset t=8.801 env=0.02290 gate=0.00004 envDelta=0.02286 envFloor=0.00151 onset=0.648 thresh=0.006 onsetDelta=0.64180 baseline=0.00072 adaptive=0.02116 lastPeak=0.00000 guard=0.060 activeAge=-1.000 pitch=-1.00Hz pitchCents=0.0
2025-12-20 00:44:54 [tracker] [s1] aubio-raw t=8.8757 onset=1.361785 env=0.021489 peak=0.025370 gain=1.000
2025-12-20 00:44:54 [tracker] [s1] onset-accepted t=8.8757 env=0.021489 gate=0.000040 envDelta=0.021449 envFloor=0.001512 onset=1.361785 thresh=0.006000 onsetDelta=1.355785 baseline=0.000720 floor=0.000180 adapt=0.020820 lastPeak=0.000000 baseParam=0.000180 gateRatio=0.0550 envParam=0.000450 onsetScale=0.300 retriggerScale=1.400 guard=0.060 guardRemain=0.000 activeAge=-1.000 retrigRemain=0.000 pitchHz=-1.00 pitchCents=0.0
2025-12-20 00:44:54 [tracker] [s2] onset t=8.897 env=0.01519 gate=0.00001 envDelta=0.01518 envFloor=0.00185 onset=1.351 thresh=0.009 onsetDelta=1.34224 baseline=0.00088 adaptive=0.02635 lastPeak=0.00000 guard=0.060 activeAge=-1.000 pitch=-1.00Hz pitchCents=0.0
2025-12-20 00:44:54 [tracker] [s3] onset t=8.908 env=0.01799 gate=0.00014 envDelta=0.01785 envFloor=0.00218 onset=1.054 thresh=0.012 onsetDelta=1.04206 baseline=0.00104 adaptive=0.02688 lastPeak=0.00000 guard=0.060 activeAge=-1.000 pitch=-1.00Hz pitchCents=0.0
2025-12-20 00:44:54 [tracker] [s4] onset t=8.910 env=0.03152 gate=0.00022 envDelta=0.03130 envFloor=0.00269 onset=0.973 thresh=0.014 onsetDelta=0.95933 baseline=0.00128 adaptive=0.02750 lastPeak=0.00000 guard=0.060 activeAge=-1.000 pitch=-1.00Hz pitchCents=0.0
2025-12-20 00:44:55 [tracker] [s5] onset t=9.017 env=0.02479 gate=0.00031 envDelta=0.02448 envFloor=0.00311 onset=1.143 thresh=0.016 onsetDelta=1.12656 baseline=0.00148 adaptive=0.02610 lastPeak=0.00000 guard=0.060 activeAge=-1.000 pitch=-1.00Hz pitchCents=0.0
2025-12-20 00:44:55 [tracker] [s6] onset t=9.073 env=0.01013 gate=0.00042 envDelta=0.00971 envFloor=0.00353 onset=1.144 thresh=0.018 onsetDelta=1.12577 baseline=0.00168 adaptive=0.02632 lastPeak=0.00000 guard=0.060 activeAge=-1.000 pitch=-1.00Hz pitchCents=0.0
2025-12-20 00:44:55 [tracker] [s1] aubio-raw t=9.1450 onset=0.811864 env=0.022131 peak=0.025120 gain=1.000
2025-12-20 00:44:55 [tracker] [s1] onset-accepted t=9.1450 env=0.022131 gate=0.000040 envDelta=0.022091 envFloor=0.001512 onset=0.811864 thresh=0.006000 onsetDelta=0.805864 baseline=0.000720 floor=0.000180 adapt=0.020896 lastPeak=0.000000 baseParam=0.000180 gateRatio=0.0550 envParam=0.000450 onsetScale=0.300 retriggerScale=1.400 guard=0.060 guardRemain=0.000 activeAge=-1.000 retrigRemain=0.000 pitchHz=-1.00 pitchCents=0.0
2025-12-20 00:44:55 [tracker] [s2] onset t=9.148 env=0.01123 gate=0.00001 envDelta=0.01122 envFloor=0.00185 onset=0.994 thresh=0.009 onsetDelta=0.98489 baseline=0.00088 adaptive=0.02619 lastPeak=0.00000 guard=0.060 activeAge=-1.000 pitch=-1.00Hz pitchCents=0.0
2025-12-20 00:44:55 [tracker] [s4] onset t=9.230 env=0.01617 gate=0.00022 envDelta=0.01596 envFloor=0.00269 onset=1.001 thresh=0.014 onsetDelta=0.98696 baseline=0.00128 adaptive=0.02696 lastPeak=0.00000 guard=0.060 activeAge=-1.000 pitch=-1.00Hz pitchCents=0.0
2025-12-20 00:44:55 [tracker] [s1] aubio-raw t=9.2437 onset=1.321516 env=0.024265 peak=0.025314 gain=1.000
2025-12-20 00:44:55 [tracker] [s1] onset-accepted t=9.2437 env=0.024265 gate=0.000040 envDelta=0.024225 envFloor=0.001512 onset=1.321516 thresh=0.006000 onsetDelta=1.315516 baseline=0.000720 floor=0.000180 adapt=0.021214 lastPeak=0.000000 baseParam=0.000180 gateRatio=0.0550 envParam=0.000450 onsetScale=0.300 retriggerScale=1.400 guard=0.060 guardRemain=0.000 activeAge=-1.000 retrigRemain=0.000 pitchHz=-1.00 pitchCents=0.0
2025-12-20 00:44:55 [tracker] [s1] onset t=9.244 env=0.02426 gate=0.00004 envDelta=0.02422 envFloor=0.00151 onset=1.322 thresh=0.006 onsetDelta=1.31552 baseline=0.00072 adaptive=0.02121 lastPeak=0.00000 guard=0.060 activeAge=-1.000 pitch=-1.00Hz pitchCents=0.0
2025-12-20 00:44:55 [tracker] [s2] onset t=9.430 env=0.01709 gate=0.00001 envDelta=0.01708 envFloor=0.00185 onset=0.997 thresh=0.009 onsetDelta=0.98820 baseline=0.00088 adaptive=0.02659 lastPeak=0.00000 guard=0.060 activeAge=-1.000 pitch=-1.00Hz pitchCents=0.0
2025-12-20 00:44:55 [tracker] [s3] onset t=9.537 env=0.02856 gate=0.00014 envDelta=0.02843 envFloor=0.00218 onset=0.962 thresh=0.012 onsetDelta=0.95040 baseline=0.00104 adaptive=0.02736 lastPeak=0.00000 guard=0.060 activeAge=-1.000 pitch=-1.00Hz pitchCents=0.0
2025-12-20 00:44:55 [tracker] [s5] onset t=9.625 env=0.02065 gate=0.00031 envDelta=0.02034 envFloor=0.00311 onset=0.997 thresh=0.016 onsetDelta=0.98122 baseline=0.00148 adaptive=0.02613 lastPeak=0.00000 guard=0.060 activeAge=-1.000 pitch=-1.00Hz pitchCents=0.0
2025-12-20 00:44:55 [tracker] [s4] onset t=9.713 env=0.02283 gate=0.00022 envDelta=0.02261 envFloor=0.00269 onset=0.998 thresh=0.014 onsetDelta=0.98417 baseline=0.00128 adaptive=0.02743 lastPeak=0.00000 guard=0.060 activeAge=-1.000 pitch=-1.00Hz pitchCents=0.0
2025-12-20 00:44:55 [tracker] [s6] onset t=9.724 env=0.01033 gate=0.00042 envDelta=0.00991 envFloor=0.00353 onset=0.945 thresh=0.018 onsetDelta=0.92708 baseline=0.00168 adaptive=0.02658 lastPeak=0.00000 guard=0.060 activeAge=-1.000 pitch=-1.00Hz pitchCents=0.0
2025-12-20 00:44:55 [tracker] [s3] onset t=9.729 env=0.02680 gate=0.00014 envDelta=0.02666 envFloor=0.00218 onset=1.001 thresh=0.012 onsetDelta=0.98908 baseline=0.00104 adaptive=0.02738 lastPeak=0.00000 guard=0.060 activeAge=-1.000 pitch=-1.00Hz pitchCents=0.0
2025-12-20 00:44:55 [tracker] [s2] onset t=9.780 env=0.02246 gate=0.00001 envDelta=0.02245 envFloor=0.00185 onset=1.010 thresh=0.009 onsetDelta=1.00059 baseline=0.00088 adaptive=0.02689 lastPeak=0.00000 guard=0.060 activeAge=-1.000 pitch=-1.00Hz pitchCents=0.0
2025-12-20 00:44:55 [tracker] [s4] onset t=9.852 env=0.03026 gate=0.00022 envDelta=0.03005 envFloor=0.00269 onset=0.998 thresh=0.014 onsetDelta=0.98353 baseline=0.00128 adaptive=0.02740 lastPeak=0.00000 guard=0.060 activeAge=-1.000 pitch=-1.00Hz pitchCents=0.0
2025-12-20 00:44:55 [tracker] [s2] onset t=9.862 env=0.02660 gate=0.00001 envDelta=0.02659 envFloor=0.00185 onset=1.282 thresh=0.009 onsetDelta=1.27266 baseline=0.00088 adaptive=0.02678 lastPeak=0.00000 guard=0.060 activeAge=-1.000 pitch=-1.00Hz pitchCents=0.0
2025-12-20 00:44:55 [tracker] [s1] aubio-raw t=9.9103 onset=1.416732 env=0.023812 peak=0.025000 gain=1.000
2025-12-20 00:44:55 [tracker] [s1] onset-accepted t=9.9103 env=0.023812 gate=0.000040 envDelta=0.023773 envFloor=0.001512 onset=1.416732 thresh=0.006000 onsetDelta=1.410732 baseline=0.000720 floor=0.000180 adapt=0.021265 lastPeak=0.000000 baseParam=0.000180 gateRatio=0.0550 envParam=0.000450 onsetScale=0.300 retriggerScale=1.400 guard=0.060 guardRemain=0.000 activeAge=-1.000 retrigRemain=0.000 pitchHz=-1.00 pitchCents=0.0
2025-12-20 00:44:55 [tracker] [s1] onset t=9.910 env=0.02381 gate=0.00004 envDelta=0.02377 envFloor=0.00151 onset=1.417 thresh=0.006 onsetDelta=1.41073 baseline=0.00072 adaptive=0.02126 lastPeak=0.00000 guard=0.060 activeAge=-1.000 pitch=-1.00Hz pitchCents=0.0
2025-12-20 00:44:55 [tracker] [s2] onset t=9.945 env=0.02931 gate=0.00001 envDelta=0.02930 envFloor=0.00185 onset=1.130 thresh=0.009 onsetDelta=1.12069 baseline=0.00088 adaptive=0.02660 lastPeak=0.00000 guard=0.060 activeAge=-1.000 pitch=-1.00Hz pitchCents=0.0
2025-12-20 00:44:55 [tracker] [s4] onset t=9.948 env=0.01371 gate=0.00022 envDelta=0.01349 envFloor=0.00269 onset=0.992 thresh=0.014 onsetDelta=0.97788 baseline=0.00128 adaptive=0.02675 lastPeak=0.00000 guard=0.060 activeAge=-1.000 pitch=-1.00Hz pitchCents=0.0
2025-12-20 00:44:55 [tracker] [s3] onset t=9.950 env=0.02248 gate=0.00014 envDelta=0.02235 envFloor=0.00218 onset=0.554 thresh=0.012 onsetDelta=0.54275 baseline=0.00104 adaptive=0.02668 lastPeak=0.00000 guard=0.060 activeAge=-1.000 pitch=-1.00Hz pitchCents=0.0
2025-12-20 00:44:56 [tracker] [s2] onset t=10.049 env=0.01065 gate=0.00001 envDelta=0.01065 envFloor=0.00185 onset=0.996 thresh=0.009 onsetDelta=0.98651 baseline=0.00088 adaptive=0.02651 lastPeak=0.00000 guard=0.060 activeAge=-1.000 pitch=-1.00Hz pitchCents=0.0
2025-12-20 00:44:56 [tracker] [s3] onset t=10.078 env=0.03011 gate=0.00014 envDelta=0.02998 envFloor=0.00218 onset=1.006 thresh=0.012 onsetDelta=0.99483 baseline=0.00104 adaptive=0.02720 lastPeak=0.00000 guard=0.060 activeAge=-1.000 pitch=-1.00Hz pitchCents=0.0
2025-12-20 00:44:56 [tracker] [s6] onset t=10.092 env=0.01912 gate=0.00042 envDelta=0.01870 envFloor=0.00353 onset=0.593 thresh=0.018 onsetDelta=0.57518 baseline=0.00168 adaptive=0.02622 lastPeak=0.00000 guard=0.060 activeAge=-1.000 pitch=-1.00Hz pitchCents=0.0
2025-12-20 00:44:56 [tracker] [s1] aubio-raw t=10.1049 onset=1.222618 env=0.016650 peak=0.022887 gain=1.000
2025-12-20 00:44:56 [tracker] [s1] onset-accepted t=10.1049 env=0.016650 gate=0.000040 envDelta=0.016610 envFloor=0.001512 onset=1.222618 thresh=0.006000 onsetDelta=1.216618 baseline=0.000720 floor=0.000180 adapt=0.021076 lastPeak=0.000000 baseParam=0.000180 gateRatio=0.0550 envParam=0.000450 onsetScale=0.300 retriggerScale=1.400 guard=0.060 guardRemain=0.000 activeAge=-1.000 retrigRemain=0.000 pitchHz=-1.00 pitchCents=0.0
2025-12-20 00:44:56 [tracker] [s1] onset t=10.105 env=0.01665 gate=0.00004 envDelta=0.01661 envFloor=0.00151 onset=1.223 thresh=0.006 onsetDelta=1.21662 baseline=0.00072 adaptive=0.02108 lastPeak=0.00000 guard=0.060 activeAge=-1.000 pitch=-1.00Hz pitchCents=0.0
2025-12-20 00:44:56 [tracker] [s1] aubio-raw t=10.3049 onset=1.066870 env=0.017372 peak=0.023716 gain=1.000
2025-12-20 00:44:56 [tracker] [s1] onset-accepted t=10.3049 env=0.017372 gate=0.000040 envDelta=0.017333 envFloor=0.001512 onset=1.066870 thresh=0.006000 onsetDelta=1.060870 baseline=0.000720 floor=0.000180 adapt=0.021191 lastPeak=0.000000 baseParam=0.000180 gateRatio=0.0550 envParam=0.000450 onsetScale=0.300 retriggerScale=1.400 guard=0.060 guardRemain=0.000 activeAge=-1.000 retrigRemain=0.000 pitchHz=-1.00 pitchCents=0.0
2025-12-20 00:44:56 [tracker] [s1] onset t=10.305 env=0.01737 gate=0.00004 envDelta=0.01733 envFloor=0.00151 onset=1.067 thresh=0.006 onsetDelta=1.06087 baseline=0.00072 adaptive=0.02119 lastPeak=0.00000 guard=0.060 activeAge=-1.000 pitch=-1.00Hz pitchCents=0.0
2025-12-20 00:44:56 [tracker] [s2] onset t=10.305 env=0.02183 gate=0.00001 envDelta=0.02182 envFloor=0.00185 onset=1.034 thresh=0.009 onsetDelta=1.02489 baseline=0.00088 adaptive=0.02696 lastPeak=0.00000 guard=0.060 activeAge=-1.000 pitch=-1.00Hz pitchCents=0.0
2025-12-20 00:44:56 [tracker] [s3] onset t=10.430 env=0.02021 gate=0.00014 envDelta=0.02007 envFloor=0.00218 onset=0.640 thresh=0.012 onsetDelta=0.62861 baseline=0.00104 adaptive=0.02744 lastPeak=0.00000 guard=0.060 activeAge=-1.000 pitch=-1.00Hz pitchCents=0.0
2025-12-20 00:44:56 [tracker] [s6] onset t=10.468 env=0.02539 gate=0.00042 envDelta=0.02497 envFloor=0.00353 onset=1.336 thresh=0.018 onsetDelta=1.31798 baseline=0.00168 adaptive=0.02636 lastPeak=0.00000 guard=0.060 activeAge=-1.000 pitch=-1.00Hz pitchCents=0.0
2025-12-20 00:44:56 [tracker] [s1] aubio-raw t=10.5422 onset=0.995551 env=0.017906 peak=0.024179 gain=1.000
2025-12-20 00:44:56 [tracker] [s1] onset-accepted t=10.5422 env=0.017906 gate=0.000040 envDelta=0.017866 envFloor=0.001512 onset=0.995551 thresh=0.006000 onsetDelta=0.989551 baseline=0.000720 floor=0.000180 adapt=0.020513 lastPeak=0.000000 baseParam=0.000180 gateRatio=0.0550 envParam=0.000450 onsetScale=0.300 retriggerScale=1.400 guard=0.060 guardRemain=0.000 activeAge=-1.000 retrigRemain=0.000 pitchHz=-1.00 pitchCents=0.0
2025-12-20 00:44:56 [tracker] [s1] onset t=10.542 env=0.01791 gate=0.00004 envDelta=0.01787 envFloor=0.00151 onset=0.996 thresh=0.006 onsetDelta=0.98955 baseline=0.00072 adaptive=0.02051 lastPeak=0.00000 guard=0.060 activeAge=-1.000 pitch=-1.00Hz pitchCents=0.0
2025-12-20 00:44:56 [tracker] [s3] onset t=10.564 env=0.02071 gate=0.00014 envDelta=0.02057 envFloor=0.00218 onset=1.058 thresh=0.012 onsetDelta=1.04673 baseline=0.00104 adaptive=0.02738 lastPeak=0.00000 guard=0.060 activeAge=-1.000 pitch=-1.00Hz pitchCents=0.0
2025-12-20 00:44:56 [tracker] [s2] onset t=10.641 env=0.01141 gate=0.00001 envDelta=0.01141 envFloor=0.00185 onset=0.996 thresh=0.009 onsetDelta=0.98721 baseline=0.00088 adaptive=0.02652 lastPeak=0.00000 guard=0.060 activeAge=-1.000 pitch=-1.00Hz pitchCents=0.0
2025-12-20 00:44:56 [tracker] [s5] onset t=10.641 env=0.01146 gate=0.00031 envDelta=0.01115 envFloor=0.00311 onset=0.996 thresh=0.016 onsetDelta=0.98043 baseline=0.00148 adaptive=0.02645 lastPeak=0.00000 guard=0.060 activeAge=-1.000 pitch=-1.00Hz pitchCents=0.0
2025-12-20 00:44:56 [tracker] [s6] onset t=10.726 env=0.02670 gate=0.00042 envDelta=0.02628 envFloor=0.00353 onset=1.090 thresh=0.018 onsetDelta=1.07194 baseline=0.00168 adaptive=0.02635 lastPeak=0.00000 guard=0.060 activeAge=-1.000 pitch=-1.00Hz pitchCents=0.0
2025-12-20 00:44:56 [tracker] [s3] onset t=10.748 env=0.01610 gate=0.00014 envDelta=0.01597 envFloor=0.00218 onset=0.785 thresh=0.012 onsetDelta=0.77379 baseline=0.00104 adaptive=0.02697 lastPeak=0.00000 guard=0.060 activeAge=-1.000 pitch=-1.00Hz pitchCents=0.0
2025-12-20 00:44:56 [tracker] [s3] onset t=10.828 env=0.03135 gate=0.00014 envDelta=0.03121 envFloor=0.00218 onset=0.932 thresh=0.012 onsetDelta=0.91997 baseline=0.00104 adaptive=0.02755 lastPeak=0.00000 guard=0.060 activeAge=-1.000 pitch=-1.00Hz pitchCents=0.0
2025-12-20 00:44:56 [tracker] [s4] onset t=10.830 env=0.02147 gate=0.00022 envDelta=0.02125 envFloor=0.00269 onset=0.686 thresh=0.014 onsetDelta=0.67189 baseline=0.00128 adaptive=0.02731 lastPeak=0.00000 guard=0.060 activeAge=-1.000 pitch=-1.00Hz pitchCents=0.0
2025-12-20 00:44:56 [tracker] [s4] onset t=10.886 env=0.03135 gate=0.00022 envDelta=0.03114 envFloor=0.00269 onset=1.053 thresh=0.014 onsetDelta=1.03940 baseline=0.00128 adaptive=0.02741 lastPeak=0.00000 guard=0.060 activeAge=-1.000 pitch=-1.00Hz pitchCents=0.0
2025-12-20 00:44:57 [tracker] [s5] onset t=10.977 env=0.02920 gate=0.00031 envDelta=0.02888 envFloor=0.00311 onset=0.972 thresh=0.016 onsetDelta=0.95608 baseline=0.00148 adaptive=0.02681 lastPeak=0.00000 guard=0.060 activeAge=-1.000 pitch=-1.00Hz pitchCents=0.0
2025-12-20 00:44:57 [tracker] [s4] onset t=10.996 env=0.02924 gate=0.00022 envDelta=0.02902 envFloor=0.00269 onset=0.989 thresh=0.014 onsetDelta=0.97547 baseline=0.00128 adaptive=0.02713 lastPeak=0.00000 guard=0.060 activeAge=-1.000 pitch=-1.00Hz pitchCents=0.0
2025-12-20 00:44:57 [tracker] [s1] aubio-raw t=10.9982 onset=1.492829 env=0.009592 peak=0.016987 gain=1.000
2025-12-20 00:44:57 [tracker] [s1] onset-accepted t=10.9982 env=0.009592 gate=0.000040 envDelta=0.009553 envFloor=0.001512 onset=1.492829 thresh=0.006000 onsetDelta=1.486829 baseline=0.000720 floor=0.000180 adapt=0.020601 lastPeak=0.000000 baseParam=0.000180 gateRatio=0.0550 envParam=0.000450 onsetScale=0.300 retriggerScale=1.400 guard=0.060 guardRemain=0.000 activeAge=-1.000 retrigRemain=0.000 pitchHz=-1.00 pitchCents=0.0
2025-12-20 00:44:57 [tracker] [s1] onset t=10.998 env=0.00959 gate=0.00004 envDelta=0.00955 envFloor=0.00151 onset=1.493 thresh=0.006 onsetDelta=1.48683 baseline=0.00072 adaptive=0.02060 lastPeak=0.00000 guard=0.060 activeAge=-1.000 pitch=-1.00Hz pitchCents=0.0
2025-12-20 00:44:57 [tracker] [s5] onset t=11.041 env=0.01057 gate=0.00031 envDelta=0.01026 envFloor=0.00311 onset=1.121 thresh=0.016 onsetDelta=1.10481 baseline=0.00148 adaptive=0.02642 lastPeak=0.00000 guard=0.060 activeAge=-1.000 pitch=-1.00Hz pitchCents=0.0
2025-12-20 00:44:57 [tracker] [s1] aubio-raw t=11.1129 onset=1.226076 env=0.020512 peak=0.025195 gain=1.000
2025-12-20 00:44:57 [tracker] [s1] onset-accepted t=11.1129 env=0.020512 gate=0.000040 envDelta=0.020472 envFloor=0.001512 onset=1.226076 thresh=0.006000 onsetDelta=1.220076 baseline=0.000720 floor=0.000180 adapt=0.021163 lastPeak=0.000000 baseParam=0.000180 gateRatio=0.0550 envParam=0.000450 onsetScale=0.300 retriggerScale=1.400 guard=0.060 guardRemain=0.000 activeAge=-1.000 retrigRemain=0.000 pitchHz=-1.00 pitchCents=0.0
2025-12-20 00:44:57 [tracker] [s6] onset t=11.244 env=0.02909 gate=0.00042 envDelta=0.02867 envFloor=0.00353 onset=1.040 thresh=0.018 onsetDelta=1.02192 baseline=0.00168 adaptive=0.02683 lastPeak=0.00000 guard=0.060 activeAge=-1.000 pitch=-1.00Hz pitchCents=0.0
2025-12-20 00:44:57 [tracker] [s4] onset t=11.308 env=0.01027 gate=0.00022 envDelta=0.01005 envFloor=0.00269 onset=0.995 thresh=0.014 onsetDelta=0.98119 baseline=0.00128 adaptive=0.02695 lastPeak=0.00000 guard=0.060 activeAge=-1.000 pitch=-1.00Hz pitchCents=0.0
2025-12-20 00:44:57 [tracker] [s3] onset t=11.382 env=0.01014 gate=0.00014 envDelta=0.01000 envFloor=0.00218 onset=0.999 thresh=0.012 onsetDelta=0.98691 baseline=0.00104 adaptive=0.02681 lastPeak=0.00000 guard=0.060 activeAge=-1.000 pitch=-1.00Hz pitchCents=0.0
2025-12-20 00:44:57 [tracker] [s2] onset t=11.481 env=0.01834 gate=0.00001 envDelta=0.01833 envFloor=0.00185 onset=1.159 thresh=0.009 onsetDelta=1.15012 baseline=0.00088 adaptive=0.02670 lastPeak=0.00000 guard=0.060 activeAge=-1.000 pitch=-1.00Hz pitchCents=0.0
2025-12-20 00:44:57 [tracker] [s1] aubio-raw t=11.5128 onset=1.001085 env=0.021232 peak=0.025217 gain=1.000
2025-12-20 00:44:57 [tracker] [s1] onset-accepted t=11.5128 env=0.021232 gate=0.000040 envDelta=0.021193 envFloor=0.001512 onset=1.001085 thresh=0.006000 onsetDelta=0.995085 baseline=0.000720 floor=0.000180 adapt=0.021082 lastPeak=0.000000 baseParam=0.000180 gateRatio=0.0550 envParam=0.000450 onsetScale=0.300 retriggerScale=1.400 guard=0.060 guardRemain=0.000 activeAge=-1.000 retrigRemain=0.000 pitchHz=-1.00 pitchCents=0.0
2025-12-20 00:44:57 [tracker] [s1] onset t=11.513 env=0.02123 gate=0.00004 envDelta=0.02119 envFloor=0.00151 onset=1.001 thresh=0.006 onsetDelta=0.99508 baseline=0.00072 adaptive=0.02108 lastPeak=0.00000 guard=0.060 activeAge=-1.000 pitch=-1.00Hz pitchCents=0.0
2025-12-20 00:44:57 [tracker] [s3] onset t=11.579 env=0.02770 gate=0.00014 envDelta=0.02756 envFloor=0.00218 onset=1.267 thresh=0.012 onsetDelta=1.25566 baseline=0.00104 adaptive=0.02734 lastPeak=0.00000 guard=0.060 activeAge=-1.000 pitch=-1.00Hz pitchCents=0.0
2025-12-20 00:44:57 [tracker] [s2] onset t=11.771 env=0.02621 gate=0.00001 envDelta=0.02620 envFloor=0.00185 onset=1.323 thresh=0.009 onsetDelta=1.31397 baseline=0.00088 adaptive=0.02690 lastPeak=0.00000 guard=0.060 activeAge=-1.000 pitch=-1.00Hz pitchCents=0.0
2025-12-20 00:44:57 [tracker] [s4] onset t=11.814 env=0.01999 gate=0.00022 envDelta=0.01978 envFloor=0.00269 onset=0.928 thresh=0.014 onsetDelta=0.91384 baseline=0.00128 adaptive=0.02732 lastPeak=0.00000 guard=0.060 activeAge=-1.000 pitch=-1.00Hz pitchCents=0.0
2025-12-20 00:44:57 [tracker] [s5] onset t=11.835 env=0.02918 gate=0.00031 envDelta=0.02887 envFloor=0.00311 onset=0.941 thresh=0.016 onsetDelta=0.92507 baseline=0.00148 adaptive=0.02686 lastPeak=0.00000 guard=0.060 activeAge=-1.000 pitch=-1.00Hz pitchCents=0.0
2025-12-20 00:44:57 [tracker] [s6] onset t=11.835 env=0.02925 gate=0.00042 envDelta=0.02883 envFloor=0.00353 onset=0.937 thresh=0.018 onsetDelta=0.91940 baseline=0.00168 adaptive=0.02697 lastPeak=0.00000 guard=0.060 activeAge=-1.000 pitch=-1.00Hz pitchCents=0.0
2025-12-20 00:44:57 [tracker] [s2] onset t=11.838 env=0.02607 gate=0.00001 envDelta=0.02606 envFloor=0.00185 onset=1.229 thresh=0.009 onsetDelta=1.21954 baseline=0.00088 adaptive=0.02689 lastPeak=0.00000 guard=0.060 activeAge=-1.000 pitch=-1.00Hz pitchCents=0.0
2025-12-20 00:44:57 [tracker] [s3] onset t=11.838 env=0.02692 gate=0.00014 envDelta=0.02678 envFloor=0.00218 onset=0.952 thresh=0.012 onsetDelta=0.94040 baseline=0.00104 adaptive=0.02756 lastPeak=0.00000 guard=0.060 activeAge=-1.000 pitch=-1.00Hz pitchCents=0.0
2025-12-20 00:44:57 [tracker] [s1] aubio-raw t=11.8408 onset=0.504609 env=0.007889 peak=0.013393 gain=1.000
2025-12-20 00:44:57 [tracker] [s1] onset-accepted t=11.8408 env=0.007889 gate=0.000040 envDelta=0.007849 envFloor=0.001512 onset=0.504609 thresh=0.006000 onsetDelta=0.498609 baseline=0.000720 floor=0.000180 adapt=0.020746 lastPeak=0.000000 baseParam=0.000180 gateRatio=0.0550 envParam=0.000450 onsetScale=0.300 retriggerScale=1.400 guard=0.060 guardRemain=0.000 activeAge=-1.000 retrigRemain=0.000 pitchHz=-1.00 pitchCents=0.0
2025-12-20 00:44:57 [tracker] [s1] onset t=11.841 env=0.00789 gate=0.00004 envDelta=0.00785 envFloor=0.00151 onset=0.505 thresh=0.006 onsetDelta=0.49861 baseline=0.00072 adaptive=0.02075 lastPeak=0.00000 guard=0.060 activeAge=-1.000 pitch=-1.00Hz pitchCents=0.0
2025-12-20 00:44:57 [tracker] [s3] onset t=11.902 env=0.02975 gate=0.00014 envDelta=0.02962 envFloor=0.00218 onset=0.998 thresh=0.012 onsetDelta=0.98659 baseline=0.00104 adaptive=0.02755 lastPeak=0.00000 guard=0.060 activeAge=-1.000 pitch=-1.00Hz pitchCents=0.0
2025-12-20 00:44:57 [tracker] [s5] onset t=11.910 env=0.02749 gate=0.00031 envDelta=0.02718 envFloor=0.00311 onset=1.123 thresh=0.016 onsetDelta=1.10720 baseline=0.00148 adaptive=0.02647 lastPeak=0.00000 guard=0.060 activeAge=-1.000 pitch=-1.00Hz pitchCents=0.0
2025-12-20 00:44:58 [tracker] [s1] aubio-raw t=12.0061 onset=0.645081 env=0.013900 peak=0.020923 gain=1.000
2025-12-20 00:44:58 [tracker] [s1] onset-accepted t=12.0061 env=0.013900 gate=0.000040 envDelta=0.013860 envFloor=0.001512 onset=0.645081 thresh=0.006000 onsetDelta=0.639081 baseline=0.000720 floor=0.000180 adapt=0.020902 lastPeak=0.000000 baseParam=0.000180 gateRatio=0.0550 envParam=0.000450 onsetScale=0.300 retriggerScale=1.400 guard=0.060 guardRemain=0.000 activeAge=-1.000 retrigRemain=0.000 pitchHz=-1.00 pitchCents=0.0
2025-12-20 00:44:58 [tracker] [s1] onset t=12.006 env=0.01390 gate=0.00004 envDelta=0.01386 envFloor=0.00151 onset=0.645 thresh=0.006 onsetDelta=0.63908 baseline=0.00072 adaptive=0.02090 lastPeak=0.00000 guard=0.060 activeAge=-1.000 pitch=-1.00Hz pitchCents=0.0
2025-12-20 00:44:58 [tracker] [s3] onset t=12.011 env=0.03163 gate=0.00014 envDelta=0.03149 envFloor=0.00218 onset=1.498 thresh=0.012 onsetDelta=1.48662 baseline=0.00104 adaptive=0.02764 lastPeak=0.00000 guard=0.060 activeAge=-1.000 pitch=-1.00Hz pitchCents=0.0
2025-12-20 00:44:58 [tracker] [s6] onset t=12.091 env=0.01152 gate=0.00042 envDelta=0.01110 envFloor=0.00353 onset=0.919 thresh=0.018 onsetDelta=0.90053 baseline=0.00168 adaptive=0.02653 lastPeak=0.00000 guard=0.060 activeAge=-1.000 pitch=-1.00Hz pitchCents=0.0
2025-12-20 00:44:58 [tracker] [s2] onset t=12.211 env=0.03086 gate=0.00001 envDelta=0.03085 envFloor=0.00185 onset=0.838 thresh=0.009 onsetDelta=0.82939 baseline=0.00088 adaptive=0.02701 lastPeak=0.00000 guard=0.060 activeAge=-1.000 pitch=-1.00Hz pitchCents=0.0
2025-12-20 00:44:58 [tracker] [s6] onset t=12.374 env=0.01044 gate=0.00042 envDelta=0.01002 envFloor=0.00353 onset=1.420 thresh=0.018 onsetDelta=1.40190 baseline=0.00168 adaptive=0.02632 lastPeak=0.00000 guard=0.060 activeAge=-1.000 pitch=-1.00Hz pitchCents=0.0
2025-12-20 00:44:58 [tracker] [s1] aubio-raw t=12.3768 onset=1.032509 env=0.020731 peak=0.024985 gain=1.000
2025-12-20 00:44:58 [tracker] [s1] onset-accepted t=12.3768 env=0.020731 gate=0.000040 envDelta=0.020692 envFloor=0.001512 onset=1.032509 thresh=0.006000 onsetDelta=1.026509 baseline=0.000720 floor=0.000180 adapt=0.020661 lastPeak=0.000000 baseParam=0.000180 gateRatio=0.0550 envParam=0.000450 onsetScale=0.300 retriggerScale=1.400 guard=0.060 guardRemain=0.000 activeAge=-1.000 retrigRemain=0.000 pitchHz=-1.00 pitchCents=0.0
2025-12-20 00:44:58 [tracker] [s1] onset t=12.377 env=0.02073 gate=0.00004 envDelta=0.02069 envFloor=0.00151 onset=1.033 thresh=0.006 onsetDelta=1.02651 baseline=0.00072 adaptive=0.02066 lastPeak=0.00000 guard=0.060 activeAge=-1.000 pitch=-1.00Hz pitchCents=0.0
2025-12-20 00:44:58 [tracker] [s2] onset t=12.401 env=0.01873 gate=0.00001 envDelta=0.01872 envFloor=0.00185 onset=0.923 thresh=0.009 onsetDelta=0.91422 baseline=0.00088 adaptive=0.02632 lastPeak=0.00000 guard=0.060 activeAge=-1.000 pitch=-1.00Hz pitchCents=0.0
2025-12-20 00:44:58 [tracker] [s5] onset t=12.401 env=0.01857 gate=0.00031 envDelta=0.01826 envFloor=0.00311 onset=1.107 thresh=0.016 onsetDelta=1.09086 baseline=0.00148 adaptive=0.02617 lastPeak=0.00000 guard=0.060 activeAge=-1.000 pitch=-1.00Hz pitchCents=0.0
2025-12-20 00:44:58 [tracker] [s1] aubio-raw t=12.6274 onset=0.996591 env=0.023082 peak=0.025538 gain=1.000
2025-12-20 00:44:58 [tracker] [s1] onset-accepted t=12.6274 env=0.023082 gate=0.000040 envDelta=0.023042 envFloor=0.001512 onset=0.996591 thresh=0.006000 onsetDelta=0.990591 baseline=0.000720 floor=0.000180 adapt=0.021202 lastPeak=0.000000 baseParam=0.000180 gateRatio=0.0550 envParam=0.000450 onsetScale=0.300 retriggerScale=1.400 guard=0.060 guardRemain=0.000 activeAge=-1.000 retrigRemain=0.000 pitchHz=-1.00 pitchCents=0.0
2025-12-20 00:44:58 [tracker] [s1] onset t=12.627 env=0.02308 gate=0.00004 envDelta=0.02304 envFloor=0.00151 onset=0.997 thresh=0.006 onsetDelta=0.99059 baseline=0.00072 adaptive=0.02120 lastPeak=0.00000 guard=0.060 activeAge=-1.000 pitch=-1.00Hz pitchCents=0.0
2025-12-20 00:44:58 [tracker] [s2] onset t=12.707 env=0.01076 gate=0.00001 envDelta=0.01075 envFloor=0.00185 onset=1.168 thresh=0.009 onsetDelta=1.15904 baseline=0.00088 adaptive=0.02621 lastPeak=0.00000 guard=0.060 activeAge=-1.000 pitch=-1.00Hz pitchCents=0.0
2025-12-20 00:44:58 [tracker] [s1] aubio-raw t=12.7154 onset=0.892058 env=0.009987 peak=0.017301 gain=1.000
2025-12-20 00:44:58 [tracker] [s1] onset-accepted t=12.7154 env=0.009987 gate=0.000040 envDelta=0.009947 envFloor=0.001512 onset=0.892058 thresh=0.006000 onsetDelta=0.886058 baseline=0.000720 floor=0.000180 adapt=0.020613 lastPeak=0.000000 baseParam=0.000180 gateRatio=0.0550 envParam=0.000450 onsetScale=0.300 retriggerScale=1.400 guard=0.060 guardRemain=0.000 activeAge=-1.000 retrigRemain=0.000 pitchHz=-1.00 pitchCents=0.0
2025-12-20 00:44:58 [tracker] [s1] onset t=12.715 env=0.00999 gate=0.00004 envDelta=0.00995 envFloor=0.00151 onset=0.892 thresh=0.006 onsetDelta=0.88606 baseline=0.00072 adaptive=0.02061 lastPeak=0.00000 guard=0.060 activeAge=-1.000 pitch=-1.00Hz pitchCents=0.0
2025-12-20 00:44:58 [tracker] [s1] aubio-raw t=12.9314 onset=0.891240 env=0.014142 peak=0.021065 gain=1.000
2025-12-20 00:44:58 [tracker] [s1] onset-accepted t=12.9314 env=0.014142 gate=0.000040 envDelta=0.014102 envFloor=0.001512 onset=0.891240 thresh=0.006000 onsetDelta=0.885240 baseline=0.000720 floor=0.000180 adapt=0.020977 lastPeak=0.000000 baseParam=0.000180 gateRatio=0.0550 envParam=0.000450 onsetScale=0.300 retriggerScale=1.400 guard=0.060 guardRemain=0.000 activeAge=-1.000 retrigRemain=0.000 pitchHz=-1.00 pitchCents=0.0
2025-12-20 00:44:58 [tracker] [s1] onset t=12.931 env=0.01414 gate=0.00004 envDelta=0.01410 envFloor=0.00151 onset=0.891 thresh=0.006 onsetDelta=0.88524 baseline=0.00072 adaptive=0.02098 lastPeak=0.00000 guard=0.060 activeAge=-1.000 pitch=-1.00Hz pitchCents=0.0
2025-12-20 00:44:58 [tracker] [s2] onset t=12.931 env=0.01783 gate=0.00001 envDelta=0.01782 envFloor=0.00185 onset=1.201 thresh=0.009 onsetDelta=1.19202 baseline=0.00088 adaptive=0.02667 lastPeak=0.00000 guard=0.060 activeAge=-1.000 pitch=-1.00Hz pitchCents=0.0
2025-12-20 00:44:59 [tracker] [s2] onset t=13.059 env=0.01928 gate=0.00001 envDelta=0.01927 envFloor=0.00185 onset=0.953 thresh=0.009 onsetDelta=0.94450 baseline=0.00088 adaptive=0.02624 lastPeak=0.00000 guard=0.060 activeAge=-1.000 pitch=-1.00Hz pitchCents=0.0
2025-12-20 00:44:59 [tracker] [s6] onset t=13.091 env=0.01002 gate=0.00042 envDelta=0.00960 envFloor=0.00353 onset=1.169 thresh=0.018 onsetDelta=1.15051 baseline=0.00168 adaptive=0.02647 lastPeak=0.00000 guard=0.060 activeAge=-1.000 pitch=-1.00Hz pitchCents=0.0
2025-12-20 00:44:59 [tracker] [s1] aubio-raw t=13.1127 onset=0.803798 env=0.023330 peak=0.025552 gain=1.000
2025-12-20 00:44:59 [tracker] [s1] onset-accepted t=13.1127 env=0.023330 gate=0.000040 envDelta=0.023291 envFloor=0.001512 onset=0.803798 thresh=0.006000 onsetDelta=0.797798 baseline=0.000720 floor=0.000180 adapt=0.020962 lastPeak=0.000000 baseParam=0.000180 gateRatio=0.0550 envParam=0.000450 onsetScale=0.300 retriggerScale=1.400 guard=0.060 guardRemain=0.000 activeAge=-1.000 retrigRemain=0.000 pitchHz=-1.00 pitchCents=0.0
2025-12-20 00:44:59 [tracker] [s1] onset t=13.113 env=0.02333 gate=0.00004 envDelta=0.02329 envFloor=0.00151 onset=0.804 thresh=0.006 onsetDelta=0.79780 baseline=0.00072 adaptive=0.02096 lastPeak=0.00000 guard=0.060 activeAge=-1.000 pitch=-1.00Hz pitchCents=0.0
2025-12-20 00:44:59 [tracker] [s4] onset t=13.211 env=0.03135 gate=0.00022 envDelta=0.03114 envFloor=0.00269 onset=1.153 thresh=0.014 onsetDelta=1.13939 baseline=0.00128 adaptive=0.02760 lastPeak=0.00000 guard=0.060 activeAge=-1.000 pitch=-1.00Hz pitchCents=0.0
2025-12-20 00:44:59 [tracker] [s3] onset t=13.254 env=0.03121 gate=0.00014 envDelta=0.03108 envFloor=0.00218 onset=1.138 thresh=0.012 onsetDelta=1.12632 baseline=0.00104 adaptive=0.02742 lastPeak=0.00000 guard=0.060 activeAge=-1.000 pitch=-1.00Hz pitchCents=0.0
2025-12-20 00:44:59 [tracker] [s1] aubio-raw t=13.3127 onset=0.910589 env=0.023284 peak=0.025125 gain=1.000
2025-12-20 00:44:59 [tracker] [s1] onset-accepted t=13.3127 env=0.023284 gate=0.000040 envDelta=0.023244 envFloor=0.001512 onset=0.910589 thresh=0.006000 onsetDelta=0.904589 baseline=0.000720 floor=0.000180 adapt=0.020980 lastPeak=0.000000 baseParam=0.000180 gateRatio=0.0550 envParam=0.000450 onsetScale=0.300 retriggerScale=1.400 guard=0.060 guardRemain=0.000 activeAge=-1.000 retrigRemain=0.000 pitchHz=-1.00 pitchCents=0.0
2025-12-20 00:44:59 [tracker] [s1] onset t=13.313 env=0.02328 gate=0.00004 envDelta=0.02324 envFloor=0.00151 onset=0.911 thresh=0.006 onsetDelta=0.90459 baseline=0.00072 adaptive=0.02098 lastPeak=0.00000 guard=0.060 activeAge=-1.000 pitch=-1.00Hz pitchCents=0.0
2025-12-20 00:44:59 [tracker] [s4] onset t=13.331 env=0.01973 gate=0.00022 envDelta=0.01952 envFloor=0.00269 onset=0.936 thresh=0.014 onsetDelta=0.92241 baseline=0.00128 adaptive=0.02721 lastPeak=0.00000 guard=0.060 activeAge=-1.000 pitch=-1.00Hz pitchCents=0.0
2025-12-20 00:44:59 [tracker] [s1] aubio-raw t=13.3634 onset=0.869817 env=0.021332 peak=0.025057 gain=1.000
2025-12-20 00:44:59 [tracker] [s1] onset-accepted t=13.3634 env=0.021332 gate=0.000040 envDelta=0.021292 envFloor=0.001512 onset=0.869817 thresh=0.006000 onsetDelta=0.863818 baseline=0.000720 floor=0.000180 adapt=0.020995 lastPeak=0.000000 baseParam=0.000180 gateRatio=0.0550 envParam=0.000450 onsetScale=0.300 retriggerScale=1.400 guard=0.060 guardRemain=0.000 activeAge=-1.000 retrigRemain=0.000 pitchHz=-1.00 pitchCents=0.0
2025-12-20 00:44:59 [tracker] [s1] onset t=13.363 env=0.02133 gate=0.00004 envDelta=0.02129 envFloor=0.00151 onset=0.870 thresh=0.006 onsetDelta=0.86382 baseline=0.00072 adaptive=0.02099 lastPeak=0.00000 guard=0.060 activeAge=-1.000 pitch=-1.00Hz pitchCents=0.0
2025-12-20 00:44:59 [tracker] [s4] onset t=13.398 env=0.01991 gate=0.00022 envDelta=0.01969 envFloor=0.00269 onset=1.012 thresh=0.014 onsetDelta=0.99840 baseline=0.00128 adaptive=0.02734 lastPeak=0.00000 guard=0.060 activeAge=-1.000 pitch=-1.00Hz pitchCents=0.0
2025-12-20 00:44:59 [tracker] [s5] onset t=13.427 env=0.02760 gate=0.00031 envDelta=0.02729 envFloor=0.00311 onset=1.437 thresh=0.016 onsetDelta=1.42076 baseline=0.00148 adaptive=0.02651 lastPeak=0.00000 guard=0.060 activeAge=-1.000 pitch=-1.00Hz pitchCents=0.0
2025-12-20 00:44:59 [tracker] [s1] aubio-raw t=13.4354 onset=0.747213 env=0.020187 peak=0.025126 gain=1.000
2025-12-20 00:44:59 [tracker] [s1] onset-accepted t=13.4354 env=0.020187 gate=0.000040 envDelta=0.020147 envFloor=0.001512 onset=0.747213 thresh=0.006000 onsetDelta=0.741213 baseline=0.000720 floor=0.000180 adapt=0.020558 lastPeak=0.000000 baseParam=0.000180 gateRatio=0.0550 envParam=0.000450 onsetScale=0.300 retriggerScale=1.400 guard=0.060 guardRemain=0.000 activeAge=-1.000 retrigRemain=0.000 pitchHz=-1.00 pitchCents=0.0
2025-12-20 00:44:59 [tracker] [s1] onset t=13.435 env=0.02019 gate=0.00004 envDelta=0.02015 envFloor=0.00151 onset=0.747 thresh=0.006 onsetDelta=0.74121 baseline=0.00072 adaptive=0.02056 lastPeak=0.00000 guard=0.060 activeAge=-1.000 pitch=-1.00Hz pitchCents=0.0
2025-12-20 00:44:59 [tracker] [s4] onset t=13.478 env=0.03064 gate=0.00022 envDelta=0.03042 envFloor=0.00269 onset=1.020 thresh=0.014 onsetDelta=1.00554 baseline=0.00128 adaptive=0.02756 lastPeak=0.00000 guard=0.060 activeAge=-1.000 pitch=-1.00Hz pitchCents=0.0
2025-12-20 00:44:59 [tracker] [s3] onset t=13.507 env=0.01314 gate=0.00014 envDelta=0.01301 envFloor=0.00218 onset=0.774 thresh=0.012 onsetDelta=0.76280 baseline=0.00104 adaptive=0.02678 lastPeak=0.00000 guard=0.060 activeAge=-1.000 pitch=-1.00Hz pitchCents=0.0
2025-12-20 00:44:59 [tracker] [s1] aubio-raw t=13.5314 onset=0.999697 env=0.015654 peak=0.021886 gain=1.000
2025-12-20 00:44:59 [tracker] [s1] onset-accepted t=13.5314 env=0.015654 gate=0.000040 envDelta=0.015614 envFloor=0.001512 onset=0.999697 thresh=0.006000 onsetDelta=0.993697 baseline=0.000720 floor=0.000180 adapt=0.021093 lastPeak=0.000000 baseParam=0.000180 gateRatio=0.0550 envParam=0.000450 onsetScale=0.300 retriggerScale=1.400 guard=0.060 guardRemain=0.000 activeAge=-1.000 retrigRemain=0.000 pitchHz=-1.00 pitchCents=0.0
2025-12-20 00:44:59 [tracker] [s1] onset t=13.531 env=0.01565 gate=0.00004 envDelta=0.01561 envFloor=0.00151 onset=1.000 thresh=0.006 onsetDelta=0.99370 baseline=0.00072 adaptive=0.02109 lastPeak=0.00000 guard=0.060 activeAge=-1.000 pitch=-1.00Hz pitchCents=0.0
2025-12-20 00:44:59 [tracker] [s5] onset t=13.577 env=0.02292 gate=0.00031 envDelta=0.02261 envFloor=0.00311 onset=0.825 thresh=0.016 onsetDelta=0.80940 baseline=0.00148 adaptive=0.02602 lastPeak=0.00000 guard=0.060 activeAge=-1.000 pitch=-1.00Hz pitchCents=0.0
2025-12-20 00:44:59 [tracker] [s4] onset t=13.625 env=0.01026 gate=0.00022 envDelta=0.01005 envFloor=0.00269 onset=0.787 thresh=0.014 onsetDelta=0.77257 baseline=0.00128 adaptive=0.02688 lastPeak=0.00000 guard=0.060 activeAge=-1.000 pitch=-1.00Hz pitchCents=0.0
2025-12-20 00:44:59 [tracker] [s2] onset t=13.686 env=0.02931 gate=0.00001 envDelta=0.02930 envFloor=0.00185 onset=1.129 thresh=0.009 onsetDelta=1.12010 baseline=0.00088 adaptive=0.02708 lastPeak=0.00000 guard=0.060 activeAge=-1.000 pitch=-1.00Hz pitchCents=0.0
2025-12-20 00:44:59 [tracker] [s2] onset t=13.747 env=0.02511 gate=0.00001 envDelta=0.02510 envFloor=0.00185 onset=1.219 thresh=0.009 onsetDelta=1.20968 baseline=0.00088 adaptive=0.02723 lastPeak=0.00000 guard=0.060 activeAge=-1.000 pitch=-1.00Hz pitchCents=0.0
2025-12-20 00:44:59 [tracker] [s1] aubio-raw t=13.8167 onset=0.993952 env=0.007703 peak=0.013230 gain=1.000
2025-12-20 00:44:59 [tracker] [s1] onset-accepted t=13.8167 env=0.007703 gate=0.000040 envDelta=0.007664 envFloor=0.001512 onset=0.993952 thresh=0.006000 onsetDelta=0.987952 baseline=0.000720 floor=0.000180 adapt=0.020975 lastPeak=0.000000 baseParam=0.000180 gateRatio=0.0550 envParam=0.000450 onsetScale=0.300 retriggerScale=1.400 guard=0.060 guardRemain=0.000 activeAge=-1.000 retrigRemain=0.000 pitchHz=-1.00 pitchCents=0.0
2025-12-20 00:44:59 [tracker] [s1] onset t=13.817 env=0.00770 gate=0.00004 envDelta=0.00766 envFloor=0.00151 onset=0.994 thresh=0.006 onsetDelta=0.98795 baseline=0.00072 adaptive=0.02098 lastPeak=0.00000 guard=0.060 activeAge=-1.000 pitch=-1.00Hz pitchCents=0.0
2025-12-20 00:44:59 [tracker] [s6] onset t=13.891 env=0.01047 gate=0.00042 envDelta=0.01005 envFloor=0.00353 onset=1.410 thresh=0.018 onsetDelta=1.39184 baseline=0.00168 adaptive=0.02645 lastPeak=0.00000 guard=0.060 activeAge=-1.000 pitch=-1.00Hz pitchCents=0.0
2025-12-20 00:44:59 [tracker] [s4] onset t=13.966 env=0.01210 gate=0.00022 envDelta=0.01188 envFloor=0.00269 onset=1.089 thresh=0.014 onsetDelta=1.07466 baseline=0.00128 adaptive=0.02688 lastPeak=0.00000 guard=0.060 activeAge=-1.000 pitch=-1.00Hz pitchCents=0.0
2025-12-20 00:45:00 [tracker] [s5] onset t=13.979 env=0.03051 gate=0.00031 envDelta=0.03020 envFloor=0.00311 onset=0.513 thresh=0.016 onsetDelta=0.49708 baseline=0.00148 adaptive=0.02689 lastPeak=0.00000 guard=0.060 activeAge=-1.000 pitch=-1.00Hz pitchCents=0.0
2025-12-20 00:45:00 [tracker] [s6] onset t=14.041 env=0.01437 gate=0.00042 envDelta=0.01395 envFloor=0.00353 onset=0.786 thresh=0.018 onsetDelta=0.76784 baseline=0.00168 adaptive=0.02660 lastPeak=0.00000 guard=0.060 activeAge=-1.000 pitch=-1.00Hz pitchCents=0.0
2025-12-20 00:45:00 [tracker] [s2] onset t=14.065 env=0.02148 gate=0.00001 envDelta=0.02148 envFloor=0.00185 onset=0.855 thresh=0.009 onsetDelta=0.84556 baseline=0.00088 adaptive=0.02710 lastPeak=0.00000 guard=0.060 activeAge=-1.000 pitch=-1.00Hz pitchCents=0.0
2025-12-20 00:45:00 [tracker] [s6] onset t=14.177 env=0.02095 gate=0.00042 envDelta=0.02053 envFloor=0.00353 onset=0.828 thresh=0.018 onsetDelta=0.81035 baseline=0.00168 adaptive=0.02647 lastPeak=0.00000 guard=0.060 activeAge=-1.000 pitch=-1.00Hz pitchCents=0.0
2025-12-20 00:45:00 [tracker] [s2] onset t=14.299 env=0.01328 gate=0.00001 envDelta=0.01327 envFloor=0.00185 onset=0.935 thresh=0.009 onsetDelta=0.92610 baseline=0.00088 adaptive=0.02657 lastPeak=0.00000 guard=0.060 activeAge=-1.000 pitch=-1.00Hz pitchCents=0.0
2025-12-20 00:45:00 [tracker] [s4] onset t=14.393 env=0.01455 gate=0.00022 envDelta=0.01433 envFloor=0.00269 onset=0.998 thresh=0.014 onsetDelta=0.98429 baseline=0.00128 adaptive=0.02711 lastPeak=0.00000 guard=0.060 activeAge=-1.000 pitch=-1.00Hz pitchCents=0.0
2025-12-20 00:45:00 [tracker] [s5] onset t=14.427 env=0.02541 gate=0.00031 envDelta=0.02510 envFloor=0.00311 onset=0.922 thresh=0.016 onsetDelta=0.90584 baseline=0.00148 adaptive=0.02623 lastPeak=0.00000 guard=0.060 activeAge=-1.000 pitch=-1.00Hz pitchCents=0.0
2025-12-20 00:45:00 [tracker] [s6] onset t=14.427 env=0.02531 gate=0.00042 envDelta=0.02489 envFloor=0.00353 onset=1.264 thresh=0.018 onsetDelta=1.24642 baseline=0.00168 adaptive=0.02632 lastPeak=0.00000 guard=0.060 activeAge=-1.000 pitch=-1.00Hz pitchCents=0.0
2025-12-20 00:45:00 [tracker] [s2] onset t=14.505 env=0.03083 gate=0.00001 envDelta=0.03083 envFloor=0.00185 onset=1.076 thresh=0.009 onsetDelta=1.06675 baseline=0.00088 adaptive=0.02695 lastPeak=0.00000 guard=0.060 activeAge=-1.000 pitch=-1.00Hz pitchCents=0.0
2025-12-20 00:45:00 [tracker] [s5] onset t=14.534 env=0.01105 gate=0.00031 envDelta=0.01074 envFloor=0.00311 onset=1.051 thresh=0.016 onsetDelta=1.03486 baseline=0.00148 adaptive=0.02671 lastPeak=0.00000 guard=0.060 activeAge=-1.000 pitch=-1.00Hz pitchCents=0.0
2025-12-20 00:45:00 [tracker] [s6] onset t=14.537 env=0.02991 gate=0.00042 envDelta=0.02949 envFloor=0.00353 onset=0.820 thresh=0.018 onsetDelta=0.80199 baseline=0.00168 adaptive=0.02720 lastPeak=0.00000 guard=0.060 activeAge=-1.000 pitch=-1.00Hz pitchCents=0.0
2025-12-20 00:45:00 [tracker] [s4] onset t=14.926 env=0.01271 gate=0.00022 envDelta=0.01249 envFloor=0.00269 onset=1.305 thresh=0.014 onsetDelta=1.29101 baseline=0.00128 adaptive=0.02725 lastPeak=0.00000 guard=0.060 activeAge=-1.000 pitch=-1.00Hz pitchCents=0.0
2025-12-20 00:45:00 [tracker] [s6] onset t=14.926 env=0.01236 gate=0.00042 envDelta=0.01194 envFloor=0.00353 onset=0.644 thresh=0.018 onsetDelta=0.62618 baseline=0.00168 adaptive=0.02678 lastPeak=0.00000 guard=0.060 activeAge=-1.000 pitch=-1.00Hz pitchCents=0.0
2025-12-20 00:45:00 [tracker] [s1] aubio-raw t=14.9286 onset=1.150239 env=0.023792 peak=0.025350 gain=1.000
2025-12-20 00:45:00 [tracker] [s1] onset-accepted t=14.9286 env=0.023792 gate=0.000040 envDelta=0.023752 envFloor=0.001512 onset=1.150239 thresh=0.006000 onsetDelta=1.144239 baseline=0.000720 floor=0.000180 adapt=0.021347 lastPeak=0.000000 baseParam=0.000180 gateRatio=0.0550 envParam=0.000450 onsetScale=0.300 retriggerScale=1.400 guard=0.060 guardRemain=0.000 activeAge=-1.000 retrigRemain=0.000 pitchHz=-1.00 pitchCents=0.0
2025-12-20 00:45:00 [tracker] [s1] onset t=14.929 env=0.02379 gate=0.00004 envDelta=0.02375 envFloor=0.00151 onset=1.150 thresh=0.006 onsetDelta=1.14424 baseline=0.00072 adaptive=0.02135 lastPeak=0.00000 guard=0.060 activeAge=-1.000 pitch=-1.00Hz pitchCents=0.0
2025-12-20 00:45:01 [tracker] [s4] onset t=15.198 env=0.02530 gate=0.00022 envDelta=0.02508 envFloor=0.00269 onset=1.393 thresh=0.014 onsetDelta=1.37935 baseline=0.00128 adaptive=0.02758 lastPeak=0.00000 guard=0.060 activeAge=-1.000 pitch=-1.00Hz pitchCents=0.0
2025-12-20 00:45:01 [tracker] [s2] onset t=15.331 env=0.02539 gate=0.00001 envDelta=0.02538 envFloor=0.00185 onset=1.399 thresh=0.009 onsetDelta=1.38992 baseline=0.00088 adaptive=0.02694 lastPeak=0.00000 guard=0.060 activeAge=-1.000 pitch=-1.00Hz pitchCents=0.0
2025-12-20 00:45:01 [tracker] [s6] onset t=15.361 env=0.02220 gate=0.00042 envDelta=0.02178 envFloor=0.00353 onset=1.000 thresh=0.018 onsetDelta=0.98214 baseline=0.00168 adaptive=0.02619 lastPeak=0.00000 guard=0.060 activeAge=-1.000 pitch=-1.00Hz pitchCents=0.0
2025-12-20 00:45:01 [tracker] [s3] onset t=15.366 env=0.01631 gate=0.00014 envDelta=0.01617 envFloor=0.00218 onset=1.204 thresh=0.012 onsetDelta=1.19259 baseline=0.00104 adaptive=0.02720 lastPeak=0.00000 guard=0.060 activeAge=-1.000 pitch=-1.00Hz pitchCents=0.0
2025-12-20 00:45:01 [tracker] [s5] onset t=15.425 env=0.01420 gate=0.00031 envDelta=0.01389 envFloor=0.00311 onset=0.990 thresh=0.016 onsetDelta=0.97425 baseline=0.00148 adaptive=0.02621 lastPeak=0.00000 guard=0.060 activeAge=-1.000 pitch=-1.00Hz pitchCents=0.0
2025-12-20 00:45:01 [tracker] [s6] onset t=15.478 env=0.02589 gate=0.00042 envDelta=0.02547 envFloor=0.00353 onset=1.116 thresh=0.018 onsetDelta=1.09804 baseline=0.00168 adaptive=0.02644 lastPeak=0.00000 guard=0.060 activeAge=-1.000 pitch=-1.00Hz pitchCents=0.0
2025-12-20 00:45:01 [tracker] [s1] aubio-raw t=15.4832 onset=1.020467 env=0.009459 peak=0.016712 gain=1.000
2025-12-20 00:45:01 [tracker] [s1] onset-accepted t=15.4832 env=0.009459 gate=0.000040 envDelta=0.009419 envFloor=0.001512 onset=1.020467 thresh=0.006000 onsetDelta=1.014467 baseline=0.000720 floor=0.000180 adapt=0.020609 lastPeak=0.000000 baseParam=0.000180 gateRatio=0.0550 envParam=0.000450 onsetScale=0.300 retriggerScale=1.400 guard=0.060 guardRemain=0.000 activeAge=-1.000 retrigRemain=0.000 pitchHz=-1.00 pitchCents=0.0
2025-12-20 00:45:01 [tracker] [s1] onset t=15.483 env=0.00946 gate=0.00004 envDelta=0.00942 envFloor=0.00151 onset=1.020 thresh=0.006 onsetDelta=1.01447 baseline=0.00072 adaptive=0.02061 lastPeak=0.00000 guard=0.060 activeAge=-1.000 pitch=-1.00Hz pitchCents=0.0
2025-12-20 00:45:01 [tracker] [s5] onset t=15.483 env=0.01206 gate=0.00031 envDelta=0.01175 envFloor=0.00311 onset=1.136 thresh=0.016 onsetDelta=1.11992 baseline=0.00148 adaptive=0.02626 lastPeak=0.00000 guard=0.060 activeAge=-1.000 pitch=-1.00Hz pitchCents=0.0
2025-12-20 00:45:01 [tracker] [s2] onset t=15.499 env=0.01631 gate=0.00001 envDelta=0.01630 envFloor=0.00185 onset=0.898 thresh=0.009 onsetDelta=0.88921 baseline=0.00088 adaptive=0.02648 lastPeak=0.00000 guard=0.060 activeAge=-1.000 pitch=-1.00Hz pitchCents=0.0
2025-12-20 00:45:01 [tracker] [s3] onset t=15.611 env=0.02647 gate=0.00014 envDelta=0.02634 envFloor=0.00218 onset=0.855 thresh=0.012 onsetDelta=0.84332 baseline=0.00104 adaptive=0.02678 lastPeak=0.00000 guard=0.060 activeAge=-1.000 pitch=-1.00Hz pitchCents=0.0
2025-12-20 00:45:01 [tracker] [s3] onset t=15.667 env=0.01007 gate=0.00014 envDelta=0.00993 envFloor=0.00218 onset=1.041 thresh=0.012 onsetDelta=1.02975 baseline=0.00104 adaptive=0.02693 lastPeak=0.00000 guard=0.060 activeAge=-1.000 pitch=-1.00Hz pitchCents=0.0
2025-12-20 00:45:01 [tracker] [s4] onset t=15.697 env=0.03101 gate=0.00022 envDelta=0.03080 envFloor=0.00269 onset=0.997 thresh=0.014 onsetDelta=0.98328 baseline=0.00128 adaptive=0.02731 lastPeak=0.00000 guard=0.060 activeAge=-1.000 pitch=-1.00Hz pitchCents=0.0
2025-12-20 00:45:01 [tracker] [s5] onset t=15.745 env=0.02539 gate=0.00031 envDelta=0.02508 envFloor=0.00311 onset=0.507 thresh=0.016 onsetDelta=0.49089 baseline=0.00148 adaptive=0.02616 lastPeak=0.00000 guard=0.060 activeAge=-1.000 pitch=-1.00Hz pitchCents=0.0
2025-12-20 00:45:01 [tracker] [s1] aubio-raw t=15.7659 onset=1.129172 env=0.013838 peak=0.020787 gain=1.000
2025-12-20 00:45:01 [tracker] [s1] onset-accepted t=15.7659 env=0.013838 gate=0.000040 envDelta=0.013798 envFloor=0.001512 onset=1.129172 thresh=0.006000 onsetDelta=1.123172 baseline=0.000720 floor=0.000180 adapt=0.020974 lastPeak=0.000000 baseParam=0.000180 gateRatio=0.0550 envParam=0.000450 onsetScale=0.300 retriggerScale=1.400 guard=0.060 guardRemain=0.000 activeAge=-1.000 retrigRemain=0.000 pitchHz=-1.00 pitchCents=0.0
2025-12-20 00:45:01 [tracker] [s1] onset t=15.766 env=0.01384 gate=0.00004 envDelta=0.01380 envFloor=0.00151 onset=1.129 thresh=0.006 onsetDelta=1.12317 baseline=0.00072 adaptive=0.02097 lastPeak=0.00000 guard=0.060 activeAge=-1.000 pitch=-1.00Hz pitchCents=0.0
2025-12-20 00:45:01 [tracker] [s4] onset t=15.849 env=0.02282 gate=0.00022 envDelta=0.02261 envFloor=0.00269 onset=0.734 thresh=0.014 onsetDelta=0.72045 baseline=0.00128 adaptive=0.02736 lastPeak=0.00000 guard=0.060 activeAge=-1.000 pitch=-1.00Hz pitchCents=0.0
2025-12-20 00:45:01 [tracker] [s5] onset t=15.907 env=0.02074 gate=0.00031 envDelta=0.02043 envFloor=0.00311 onset=1.209 thresh=0.016 onsetDelta=1.19292 baseline=0.00148 adaptive=0.02680 lastPeak=0.00000 guard=0.060 activeAge=-1.000 pitch=-1.00Hz pitchCents=0.0
2025-12-20 00:45:02 [tracker] [s4] onset t=15.974 env=0.02110 gate=0.00022 envDelta=0.02088 envFloor=0.00269 onset=0.787 thresh=0.014 onsetDelta=0.77323 baseline=0.00128 adaptive=0.02729 lastPeak=0.00000 guard=0.060 activeAge=-1.000 pitch=-1.00Hz pitchCents=0.0
2025-12-20 00:45:02 [tracker] [s6] onset t=16.078 env=0.02412 gate=0.00042 envDelta=0.02370 envFloor=0.00353 onset=0.832 thresh=0.018 onsetDelta=0.81419 baseline=0.00168 adaptive=0.02628 lastPeak=0.00000 guard=0.060 activeAge=-1.000 pitch=-1.00Hz pitchCents=0.0
2025-12-20 00:45:02 [tracker] [s2] onset t=16.137 env=0.02633 gate=0.00001 envDelta=0.02632 envFloor=0.00185 onset=0.995 thresh=0.009 onsetDelta=0.98627 baseline=0.00088 adaptive=0.02624 lastPeak=0.00000 guard=0.060 activeAge=-1.000 pitch=-1.00Hz pitchCents=0.0
2025-12-20 00:45:02 [tracker] [s1] aubio-raw t=16.2832 onset=0.995700 env=0.011483 peak=0.018924 gain=1.000
2025-12-20 00:45:02 [tracker] [s1] onset-accepted t=16.2832 env=0.011483 gate=0.000040 envDelta=0.011443 envFloor=0.001512 onset=0.995700 thresh=0.006000 onsetDelta=0.989700 baseline=0.000720 floor=0.000180 adapt=0.020776 lastPeak=0.000000 baseParam=0.000180 gateRatio=0.0550 envParam=0.000450 onsetScale=0.300 retriggerScale=1.400 guard=0.060 guardRemain=0.000 activeAge=-1.000 retrigRemain=0.000 pitchHz=-1.00 pitchCents=0.0
2025-12-20 00:45:02 [tracker] [s1] onset t=16.283 env=0.01148 gate=0.00004 envDelta=0.01144 envFloor=0.00151 onset=0.996 thresh=0.006 onsetDelta=0.98970 baseline=0.00072 adaptive=0.02078 lastPeak=0.00000 guard=0.060 activeAge=-1.000 pitch=-1.00Hz pitchCents=0.0
2025-12-20 00:45:02 [tracker] [s2] onset t=16.283 env=0.01478 gate=0.00001 envDelta=0.01478 envFloor=0.00185 onset=1.176 thresh=0.009 onsetDelta=1.16717 baseline=0.00088 adaptive=0.02636 lastPeak=0.00000 guard=0.060 activeAge=-1.000 pitch=-1.00Hz pitchCents=0.0
2025-12-20 00:45:02 [tracker] [s1] aubio-raw t=16.3392 onset=0.998965 env=0.022828 peak=0.025423 gain=1.000
2025-12-20 00:45:02 [tracker] [s1] onset-accepted t=16.3392 env=0.022828 gate=0.000040 envDelta=0.022789 envFloor=0.001512 onset=0.998965 thresh=0.006000 onsetDelta=0.992965 baseline=0.000720 floor=0.000180 adapt=0.020988 lastPeak=0.000000 baseParam=0.000180 gateRatio=0.0550 envParam=0.000450 onsetScale=0.300 retriggerScale=1.400 guard=0.060 guardRemain=0.000 activeAge=-1.000 retrigRemain=0.000 pitchHz=-1.00 pitchCents=0.0
2025-12-20 00:45:02 [tracker] [s1] onset t=16.339 env=0.02283 gate=0.00004 envDelta=0.02279 envFloor=0.00151 onset=0.999 thresh=0.006 onsetDelta=0.99296 baseline=0.00072 adaptive=0.02099 lastPeak=0.00000 guard=0.060 activeAge=-1.000 pitch=-1.00Hz pitchCents=0.0
2025-12-20 00:45:02 [tracker] [s4] onset t=16.374 env=0.02267 gate=0.00022 envDelta=0.02245 envFloor=0.00269 onset=1.166 thresh=0.014 onsetDelta=1.15190 baseline=0.00128 adaptive=0.02745 lastPeak=0.00000 guard=0.060 activeAge=-1.000 pitch=-1.00Hz pitchCents=0.0
2025-12-20 00:45:02 [tracker] [s3] onset t=16.416 env=0.01544 gate=0.00014 envDelta=0.01531 envFloor=0.00218 onset=0.842 thresh=0.012 onsetDelta=0.83027 baseline=0.00104 adaptive=0.02699 lastPeak=0.00000 guard=0.060 activeAge=-1.000 pitch=-1.00Hz pitchCents=0.0
2025-12-20 00:45:02 [tracker] [s1] aubio-raw t=16.4458 onset=0.998031 env=0.023957 peak=0.025620 gain=1.000
2025-12-20 00:45:02 [tracker] [s1] onset-accepted t=16.4458 env=0.023957 gate=0.000040 envDelta=0.023918 envFloor=0.001512 onset=0.998031 thresh=0.006000 onsetDelta=0.992031 baseline=0.000720 floor=0.000180 adapt=0.021319 lastPeak=0.000000 baseParam=0.000180 gateRatio=0.0550 envParam=0.000450 onsetScale=0.300 retriggerScale=1.400 guard=0.060 guardRemain=0.000 activeAge=-1.000 retrigRemain=0.000 pitchHz=-1.00 pitchCents=0.0
2025-12-20 00:45:02 [tracker] [s1] onset t=16.446 env=0.02396 gate=0.00004 envDelta=0.02392 envFloor=0.00151 onset=0.998 thresh=0.006 onsetDelta=0.99203 baseline=0.00072 adaptive=0.02132 lastPeak=0.00000 guard=0.060 activeAge=-1.000 pitch=-1.00Hz pitchCents=0.0
2025-12-20 00:45:02 [tracker] [s4] onset t=16.448 env=0.02456 gate=0.00022 envDelta=0.02434 envFloor=0.00269 onset=0.999 thresh=0.014 onsetDelta=0.98492 baseline=0.00128 adaptive=0.02747 lastPeak=0.00000 guard=0.060 activeAge=-1.000 pitch=-1.00Hz pitchCents=0.0
2025-12-20 00:45:02 [tracker] [s1] aubio-raw t=16.5151 onset=0.879157 env=0.019397 peak=0.024749 gain=1.000
2025-12-20 00:45:02 [tracker] [s1] onset-accepted t=16.5151 env=0.019397 gate=0.000040 envDelta=0.019357 envFloor=0.001512 onset=0.879157 thresh=0.006000 onsetDelta=0.873157 baseline=0.000720 floor=0.000180 adapt=0.021222 lastPeak=0.000000 baseParam=0.000180 gateRatio=0.0550 envParam=0.000450 onsetScale=0.300 retriggerScale=1.400 guard=0.060 guardRemain=0.000 activeAge=-1.000 retrigRemain=0.000 pitchHz=-1.00 pitchCents=0.0
2025-12-20 00:45:02 [tracker] [s1] onset t=16.515 env=0.01940 gate=0.00004 envDelta=0.01936 envFloor=0.00151 onset=0.879 thresh=0.006 onsetDelta=0.87316 baseline=0.00072 adaptive=0.02122 lastPeak=0.00000 guard=0.060 activeAge=-1.000 pitch=-1.00Hz pitchCents=0.0
2025-12-20 00:45:02 [tracker] [s4] onset t=16.515 env=0.02518 gate=0.00022 envDelta=0.02496 envFloor=0.00269 onset=1.446 thresh=0.014 onsetDelta=1.43217 baseline=0.00128 adaptive=0.02739 lastPeak=0.00000 guard=0.060 activeAge=-1.000 pitch=-1.00Hz pitchCents=0.0
2025-12-20 00:45:02 [tracker] [s6] onset t=16.568 env=0.01363 gate=0.00042 envDelta=0.01321 envFloor=0.00353 onset=0.934 thresh=0.018 onsetDelta=0.91593 baseline=0.00168 adaptive=0.02648 lastPeak=0.00000 guard=0.060 activeAge=-1.000 pitch=-1.00Hz pitchCents=0.0
2025-12-20 00:45:02 [tracker] [s5] onset t=16.579 env=0.02998 gate=0.00031 envDelta=0.02967 envFloor=0.00311 onset=0.989 thresh=0.016 onsetDelta=0.97346 baseline=0.00148 adaptive=0.02702 lastPeak=0.00000 guard=0.060 activeAge=-1.000 pitch=-1.00Hz pitchCents=0.0
2025-12-20 00:45:02 [tracker] [s5] onset t=16.702 env=0.01320 gate=0.00031 envDelta=0.01289 envFloor=0.00311 onset=1.009 thresh=0.016 onsetDelta=0.99285 baseline=0.00148 adaptive=0.02635 lastPeak=0.00000 guard=0.060 activeAge=-1.000 pitch=-1.00Hz pitchCents=0.0
2025-12-20 00:45:02 [tracker] [s4] onset t=16.715 env=0.02543 gate=0.00022 envDelta=0.02521 envFloor=0.00269 onset=0.906 thresh=0.014 onsetDelta=0.89249 baseline=0.00128 adaptive=0.02745 lastPeak=0.00000 guard=0.060 activeAge=-1.000 pitch=-1.00Hz pitchCents=0.0
2025-12-20 00:45:02 [tracker] [s6] onset t=16.811 env=0.02193 gate=0.00042 envDelta=0.02151 envFloor=0.00353 onset=1.062 thresh=0.018 onsetDelta=1.04380 baseline=0.00168 adaptive=0.02619 lastPeak=0.00000 guard=0.060 activeAge=-1.000 pitch=-1.00Hz pitchCents=0.0
2025-12-20 00:45:03 [tracker] [s2] onset t=17.032 env=0.02151 gate=0.00001 envDelta=0.02150 envFloor=0.00185 onset=0.624 thresh=0.009 onsetDelta=0.61479 baseline=0.00088 adaptive=0.02686 lastPeak=0.00000 guard=0.060 activeAge=-1.000 pitch=-1.00Hz pitchCents=0.0
2025-12-20 00:45:03 [tracker] [s3] onset t=17.147 env=0.03123 gate=0.00014 envDelta=0.03110 envFloor=0.00218 onset=1.153 thresh=0.012 onsetDelta=1.14145 baseline=0.00104 adaptive=0.02742 lastPeak=0.00000 guard=0.060 activeAge=-1.000 pitch=-1.00Hz pitchCents=0.0
2025-12-20 00:45:03 [tracker] [s2] onset t=17.166 env=0.02217 gate=0.00001 envDelta=0.02216 envFloor=0.00185 onset=0.997 thresh=0.009 onsetDelta=0.98783 baseline=0.00088 adaptive=0.02696 lastPeak=0.00000 guard=0.060 activeAge=-1.000 pitch=-1.00Hz pitchCents=0.0
2025-12-20 00:45:03 [tracker] [s1] aubio-raw t=17.2991 onset=0.997991 env=0.017951 peak=0.023954 gain=1.000
2025-12-20 00:45:03 [tracker] [s1] onset-accepted t=17.2991 env=0.017951 gate=0.000040 envDelta=0.017912 envFloor=0.001512 onset=0.997991 thresh=0.006000 onsetDelta=0.991991 baseline=0.000720 floor=0.000180 adapt=0.021263 lastPeak=0.000000 baseParam=0.000180 gateRatio=0.0550 envParam=0.000450 onsetScale=0.300 retriggerScale=1.400 guard=0.060 guardRemain=0.000 activeAge=-1.000 retrigRemain=0.000 pitchHz=-1.00 pitchCents=0.0
2025-12-20 00:45:03 [tracker] [s2] onset t=17.547 env=0.03084 gate=0.00001 envDelta=0.03083 envFloor=0.00185 onset=0.899 thresh=0.009 onsetDelta=0.88960 baseline=0.00088 adaptive=0.02708 lastPeak=0.00000 guard=0.060 activeAge=-1.000 pitch=-1.00Hz pitchCents=0.0
2025-12-20 00:45:03 [tracker] [s4] onset t=17.550 env=0.01900 gate=0.00022 envDelta=0.01878 envFloor=0.00269 onset=0.920 thresh=0.014 onsetDelta=0.90571 baseline=0.00128 adaptive=0.02712 lastPeak=0.00000 guard=0.060 activeAge=-1.000 pitch=-1.00Hz pitchCents=0.0
2025-12-20 00:45:03 [tracker] [s3] onset t=17.582 env=0.02754 gate=0.00014 envDelta=0.02741 envFloor=0.00218 onset=0.634 thresh=0.012 onsetDelta=0.62208 baseline=0.00104 adaptive=0.02730 lastPeak=0.00000 guard=0.060 activeAge=-1.000 pitch=-1.00Hz pitchCents=0.0
2025-12-20 00:45:03 [tracker] [s4] onset t=17.624 env=0.02172 gate=0.00022 envDelta=0.02151 envFloor=0.00269 onset=1.142 thresh=0.014 onsetDelta=1.12797 baseline=0.00128 adaptive=0.02731 lastPeak=0.00000 guard=0.060 activeAge=-1.000 pitch=-1.00Hz pitchCents=0.0
2025-12-20 00:45:03 [tracker] [s1] aubio-raw t=17.6671 onset=1.010917 env=0.011280 peak=0.018713 gain=1.000
2025-12-20 00:45:03 [tracker] [s1] onset-accepted t=17.6671 env=0.011280 gate=0.000040 envDelta=0.011241 envFloor=0.001512 onset=1.010917 thresh=0.006000 onsetDelta=1.004917 baseline=0.000720 floor=0.000180 adapt=0.020764 lastPeak=0.000000 baseParam=0.000180 gateRatio=0.0550 envParam=0.000450 onsetScale=0.300 retriggerScale=1.400 guard=0.060 guardRemain=0.000 activeAge=-1.000 retrigRemain=0.000 pitchHz=-1.00 pitchCents=0.0
2025-12-20 00:45:03 [tracker] [s1] onset t=17.667 env=0.01128 gate=0.00004 envDelta=0.01124 envFloor=0.00151 onset=1.011 thresh=0.006 onsetDelta=1.00492 baseline=0.00072 adaptive=0.02076 lastPeak=0.00000 guard=0.060 activeAge=-1.000 pitch=-1.00Hz pitchCents=0.0
2025-12-20 00:45:03 [tracker] [s6] onset t=17.694 env=0.01269 gate=0.00042 envDelta=0.01227 envFloor=0.00353 onset=1.141 thresh=0.018 onsetDelta=1.12341 baseline=0.00168 adaptive=0.02652 lastPeak=0.00000 guard=0.060 activeAge=-1.000 pitch=-1.00Hz pitchCents=0.0
2025-12-20 00:45:03 [tracker] [s3] onset t=17.750 env=0.01978 gate=0.00014 envDelta=0.01965 envFloor=0.00218 onset=0.992 thresh=0.012 onsetDelta=0.98003 baseline=0.00104 adaptive=0.02735 lastPeak=0.00000 guard=0.060 activeAge=-1.000 pitch=-1.00Hz pitchCents=0.0
2025-12-20 00:45:03 [tracker] [s5] onset t=17.760 env=0.01260 gate=0.00031 envDelta=0.01229 envFloor=0.00311 onset=0.941 thresh=0.016 onsetDelta=0.92463 baseline=0.00148 adaptive=0.02640 lastPeak=0.00000 guard=0.060 activeAge=-1.000 pitch=-1.00Hz pitchCents=0.0
2025-12-20 00:45:03 [tracker] [s1] aubio-raw t=17.7817 onset=1.216583 env=0.021763 peak=0.025453 gain=1.000
2025-12-20 00:45:03 [tracker] [s1] onset-accepted t=17.7817 env=0.021763 gate=0.000040 envDelta=0.021723 envFloor=0.001512 onset=1.216583 thresh=0.006000 onsetDelta=1.210583 baseline=0.000720 floor=0.000180 adapt=0.021105 lastPeak=0.000000 baseParam=0.000180 gateRatio=0.0550 envParam=0.000450 onsetScale=0.300 retriggerScale=1.400 guard=0.060 guardRemain=0.000 activeAge=-1.000 retrigRemain=0.000 pitchHz=-1.00 pitchCents=0.0
2025-12-20 00:45:03 [tracker] [s1] onset t=17.782 env=0.02176 gate=0.00004 envDelta=0.02172 envFloor=0.00151 onset=1.217 thresh=0.006 onsetDelta=1.21058 baseline=0.00072 adaptive=0.02111 lastPeak=0.00000 guard=0.060 activeAge=-1.000 pitch=-1.00Hz pitchCents=0.0
2025-12-20 00:45:03 [tracker] [s2] onset t=17.851 env=0.01057 gate=0.00001 envDelta=0.01056 envFloor=0.00185 onset=1.173 thresh=0.009 onsetDelta=1.16448 baseline=0.00088 adaptive=0.02622 lastPeak=0.00000 guard=0.060 activeAge=-1.000 pitch=-1.00Hz pitchCents=0.0
2025-12-20 00:45:03 [tracker] [s6] onset t=17.856 env=0.02932 gate=0.00042 envDelta=0.02890 envFloor=0.00353 onset=1.000 thresh=0.018 onsetDelta=0.98185 baseline=0.00168 adaptive=0.02677 lastPeak=0.00000 guard=0.060 activeAge=-1.000 pitch=-1.00Hz pitchCents=0.0
2025-12-20 00:45:03 [tracker] [s5] onset t=17.894 env=0.01192 gate=0.00031 envDelta=0.01161 envFloor=0.00311 onset=1.078 thresh=0.016 onsetDelta=1.06211 baseline=0.00148 adaptive=0.02646 lastPeak=0.00000 guard=0.060 activeAge=-1.000 pitch=-1.00Hz pitchCents=0.0
2025-12-20 00:45:04 [tracker] [s3] onset t=18.048 env=0.02848 gate=0.00014 envDelta=0.02834 envFloor=0.00218 onset=1.278 thresh=0.012 onsetDelta=1.26649 baseline=0.00104 adaptive=0.02723 lastPeak=0.00000 guard=0.060 activeAge=-1.000 pitch=-1.00Hz pitchCents=0.0
2025-12-20 00:45:04 [tracker] [s5] onset t=18.078 env=0.01690 gate=0.00031 envDelta=0.01659 envFloor=0.00311 onset=0.997 thresh=0.016 onsetDelta=0.98063 baseline=0.00148 adaptive=0.02631 lastPeak=0.00000 guard=0.060 activeAge=-1.000 pitch=-1.00Hz pitchCents=0.0
2025-12-20 00:45:04 [tracker] [s4] onset t=18.182 env=0.02873 gate=0.00022 envDelta=0.02852 envFloor=0.00269 onset=1.007 thresh=0.014 onsetDelta=0.99330 baseline=0.00128 adaptive=0.02708 lastPeak=0.00000 guard=0.060 activeAge=-1.000 pitch=-1.00Hz pitchCents=0.0
2025-12-20 00:45:04 [tracker] [s2] onset t=18.328 env=0.02189 gate=0.00001 envDelta=0.02188 envFloor=0.00185 onset=1.097 thresh=0.009 onsetDelta=1.08804 baseline=0.00088 adaptive=0.02615 lastPeak=0.00000 guard=0.060 activeAge=-1.000 pitch=-1.00Hz pitchCents=0.0
2025-12-20 00:45:04 [tracker] [s3] onset t=18.366 env=0.02580 gate=0.00014 envDelta=0.02566 envFloor=0.00218 onset=0.885 thresh=0.012 onsetDelta=0.87307 baseline=0.00104 adaptive=0.02752 lastPeak=0.00000 guard=0.060 activeAge=-1.000 pitch=-1.00Hz pitchCents=0.0
2025-12-20 00:45:04 [tracker] [s3] onset t=18.451 env=0.01232 gate=0.00014 envDelta=0.01219 envFloor=0.00218 onset=0.997 thresh=0.012 onsetDelta=0.98569 baseline=0.00104 adaptive=0.02675 lastPeak=0.00000 guard=0.060 activeAge=-1.000 pitch=-1.00Hz pitchCents=0.0
2025-12-20 00:45:04 [tracker] [s4] onset t=18.467 env=0.01685 gate=0.00022 envDelta=0.01663 envFloor=0.00269 onset=0.734 thresh=0.014 onsetDelta=0.72024 baseline=0.00128 adaptive=0.02691 lastPeak=0.00000 guard=0.060 activeAge=-1.000 pitch=-1.00Hz pitchCents=0.0
2025-12-20 00:45:04 [tracker] [s1] aubio-raw t=18.5390 onset=0.884867 env=0.024388 peak=0.025425 gain=1.000
2025-12-20 00:45:04 [tracker] [s1] onset-accepted t=18.5390 env=0.024388 gate=0.000040 envDelta=0.024348 envFloor=0.001512 onset=0.884867 thresh=0.006000 onsetDelta=0.878867 baseline=0.000720 floor=0.000180 adapt=0.021266 lastPeak=0.000000 baseParam=0.000180 gateRatio=0.0550 envParam=0.000450 onsetScale=0.300 retriggerScale=1.400 guard=0.060 guardRemain=0.000 activeAge=-1.000 retrigRemain=0.000 pitchHz=-1.00 pitchCents=0.0
2025-12-20 00:45:04 [tracker] [s1] onset t=18.539 env=0.02439 gate=0.00004 envDelta=0.02435 envFloor=0.00151 onset=0.885 thresh=0.006 onsetDelta=0.87887 baseline=0.00072 adaptive=0.02127 lastPeak=0.00000 guard=0.060 activeAge=-1.000 pitch=-1.00Hz pitchCents=0.0
2025-12-20 00:45:04 [tracker] [s6] onset t=18.595 env=0.02084 gate=0.00042 envDelta=0.02042 envFloor=0.00353 onset=0.876 thresh=0.018 onsetDelta=0.85850 baseline=0.00168 adaptive=0.02634 lastPeak=0.00000 guard=0.060 activeAge=-1.000 pitch=-1.00Hz pitchCents=0.0
2025-12-20 00:45:04 [tracker] [s3] onset t=18.630 env=0.02969 gate=0.00014 envDelta=0.02955 envFloor=0.00218 onset=0.994 thresh=0.012 onsetDelta=0.98262 baseline=0.00104 adaptive=0.02749 lastPeak=0.00000 guard=0.060 activeAge=-1.000 pitch=-1.00Hz pitchCents=0.0
2025-12-20 00:45:04 [tracker] [s4] onset t=18.635 env=0.01000 gate=0.00022 envDelta=0.00979 envFloor=0.00269 onset=0.995 thresh=0.014 onsetDelta=0.98131 baseline=0.00128 adaptive=0.02681 lastPeak=0.00000 guard=0.060 activeAge=-1.000 pitch=-1.00Hz pitchCents=0.0
2025-12-20 00:45:04 [tracker] [s3] onset t=18.683 env=0.02278 gate=0.00014 envDelta=0.02264 envFloor=0.00218 onset=0.868 thresh=0.012 onsetDelta=0.85654 baseline=0.00104 adaptive=0.02750 lastPeak=0.00000 guard=0.060 activeAge=-1.000 pitch=-1.00Hz pitchCents=0.0
2025-12-20 00:45:04 [tracker] [s4] onset t=18.808 env=0.02113 gate=0.00022 envDelta=0.02092 envFloor=0.00269 onset=1.036 thresh=0.014 onsetDelta=1.02205 baseline=0.00128 adaptive=0.02727 lastPeak=0.00000 guard=0.060 activeAge=-1.000 pitch=-1.00Hz pitchCents=0.0
2025-12-20 00:45:04 [tracker] [s6] onset t=18.846 env=0.02519 gate=0.00042 envDelta=0.02477 envFloor=0.00353 onset=0.910 thresh=0.018 onsetDelta=0.89208 baseline=0.00168 adaptive=0.02628 lastPeak=0.00000 guard=0.060 activeAge=-1.000 pitch=-1.00Hz pitchCents=0.0
2025-12-20 00:45:04 [tracker] [s1] aubio-raw t=18.9496 onset=1.044692 env=0.018005 peak=0.023761 gain=1.000
2025-12-20 00:45:04 [tracker] [s1] onset-accepted t=18.9496 env=0.018005 gate=0.000040 envDelta=0.017965 envFloor=0.001512 onset=1.044692 thresh=0.006000 onsetDelta=1.038692 baseline=0.000720 floor=0.000180 adapt=0.021205 lastPeak=0.000000 baseParam=0.000180 gateRatio=0.0550 envParam=0.000450 onsetScale=0.300 retriggerScale=1.400 guard=0.060 guardRemain=0.000 activeAge=-1.000 retrigRemain=0.000 pitchHz=-1.00 pitchCents=0.0
2025-12-20 00:45:04 [tracker] [s1] onset t=18.950 env=0.01801 gate=0.00004 envDelta=0.01797 envFloor=0.00151 onset=1.045 thresh=0.006 onsetDelta=1.03869 baseline=0.00072 adaptive=0.02120 lastPeak=0.00000 guard=0.060 activeAge=-1.000 pitch=-1.00Hz pitchCents=0.0
2025-12-20 00:45:05 [tracker] [s5] onset t=18.987 env=0.02171 gate=0.00031 envDelta=0.02140 envFloor=0.00311 onset=0.933 thresh=0.016 onsetDelta=0.91710 baseline=0.00148 adaptive=0.02600 lastPeak=0.00000 guard=0.060 activeAge=-1.000 pitch=-1.00Hz pitchCents=0.0
2025-12-20 00:45:05 [tracker] [s3] onset t=19.115 env=0.03029 gate=0.00014 envDelta=0.03015 envFloor=0.00218 onset=1.025 thresh=0.012 onsetDelta=1.01360 baseline=0.00104 adaptive=0.02722 lastPeak=0.00000 guard=0.060 activeAge=-1.000 pitch=-1.00Hz pitchCents=0.0
2025-12-20 00:45:05 [tracker] [s4] onset t=19.115 env=0.03011 gate=0.00022 envDelta=0.02990 envFloor=0.00269 onset=1.041 thresh=0.014 onsetDelta=1.02723 baseline=0.00128 adaptive=0.02709 lastPeak=0.00000 guard=0.060 activeAge=-1.000 pitch=-1.00Hz pitchCents=0.0
2025-12-20 00:45:05 [tracker] [s6] onset t=19.120 env=0.02112 gate=0.00042 envDelta=0.02070 envFloor=0.00353 onset=1.000 thresh=0.018 onsetDelta=0.98228 baseline=0.00168 adaptive=0.02623 lastPeak=0.00000 guard=0.060 activeAge=-1.000 pitch=-1.00Hz pitchCents=0.0
2025-12-20 00:45:05 [tracker] [s6] onset t=19.184 env=0.01457 gate=0.00042 envDelta=0.01415 envFloor=0.00353 onset=1.311 thresh=0.018 onsetDelta=1.29278 baseline=0.00168 adaptive=0.02638 lastPeak=0.00000 guard=0.060 activeAge=-1.000 pitch=-1.00Hz pitchCents=0.0
2025-12-20 00:45:05 [tracker] [s2] onset t=19.259 env=0.01714 gate=0.00001 envDelta=0.01713 envFloor=0.00185 onset=0.848 thresh=0.009 onsetDelta=0.83885 baseline=0.00088 adaptive=0.02658 lastPeak=0.00000 guard=0.060 activeAge=-1.000 pitch=-1.00Hz pitchCents=0.0
2025-12-20 00:45:05 [tracker] [s6] onset t=19.280 env=0.03038 gate=0.00042 envDelta=0.02996 envFloor=0.00353 onset=0.998 thresh=0.018 onsetDelta=0.98007 baseline=0.00168 adaptive=0.02710 lastPeak=0.00000 guard=0.060 activeAge=-1.000 pitch=-1.00Hz pitchCents=0.0
2025-12-20 00:45:05 [tracker] [s5] onset t=19.312 env=0.02328 gate=0.00031 envDelta=0.02297 envFloor=0.00311 onset=0.657 thresh=0.016 onsetDelta=0.64053 baseline=0.00148 adaptive=0.02614 lastPeak=0.00000 guard=0.060 activeAge=-1.000 pitch=-1.00Hz pitchCents=0.0
2025-12-20 00:45:05 [tracker] [s3] onset t=19.318 env=0.01522 gate=0.00014 envDelta=0.01509 envFloor=0.00218 onset=1.115 thresh=0.012 onsetDelta=1.10375 baseline=0.00104 adaptive=0.02695 lastPeak=0.00000 guard=0.060 activeAge=-1.000 pitch=-1.00Hz pitchCents=0.0
2025-12-20 00:45:05 [tracker] [s4] onset t=19.318 env=0.01497 gate=0.00022 envDelta=0.01475 envFloor=0.00269 onset=0.996 thresh=0.014 onsetDelta=0.98184 baseline=0.00128 adaptive=0.02675 lastPeak=0.00000 guard=0.060 activeAge=-1.000 pitch=-1.00Hz pitchCents=0.0
2025-12-20 00:45:05 [tracker] [s6] onset t=19.414 env=0.03044 gate=0.00042 envDelta=0.03002 envFloor=0.00353 onset=0.997 thresh=0.018 onsetDelta=0.97913 baseline=0.00168 adaptive=0.02708 lastPeak=0.00000 guard=0.060 activeAge=-1.000 pitch=-1.00Hz pitchCents=0.0
2025-12-20 00:45:05 [tracker] [s4] onset t=19.419 env=0.01035 gate=0.00022 envDelta=0.01013 envFloor=0.00269 onset=1.000 thresh=0.014 onsetDelta=0.98568 baseline=0.00128 adaptive=0.02695 lastPeak=0.00000 guard=0.060 activeAge=-1.000 pitch=-1.00Hz pitchCents=0.0
2025-12-20 00:45:05 [tracker] [s1] aubio-raw t=19.4589 onset=1.136685 env=0.014289 peak=0.021412 gain=1.000
2025-12-20 00:45:05 [tracker] [s1] onset-accepted t=19.4589 env=0.014289 gate=0.000040 envDelta=0.014249 envFloor=0.001512 onset=1.136685 thresh=0.006000 onsetDelta=1.130685 baseline=0.000720 floor=0.000180 adapt=0.020976 lastPeak=0.000000 baseParam=0.000180 gateRatio=0.0550 envParam=0.000450 onsetScale=0.300 retriggerScale=1.400 guard=0.060 guardRemain=0.000 activeAge=-1.000 retrigRemain=0.000 pitchHz=-1.00 pitchCents=0.0
2025-12-20 00:45:05 [tracker] [s1] onset t=19.459 env=0.01429 gate=0.00004 envDelta=0.01425 envFloor=0.00151 onset=1.137 thresh=0.006 onsetDelta=1.13068 baseline=0.00072 adaptive=0.02098 lastPeak=0.00000 guard=0.060 activeAge=-1.000 pitch=-1.00Hz pitchCents=0.0
2025-12-20 00:45:05 [tracker] [s2] onset t=19.632 env=0.02809 gate=0.00001 envDelta=0.02808 envFloor=0.00185 onset=0.514 thresh=0.009 onsetDelta=0.50528 baseline=0.00088 adaptive=0.02660 lastPeak=0.00000 guard=0.060 activeAge=-1.000 pitch=-1.00Hz pitchCents=0.0
2025-12-20 00:45:05 [tracker] [s1] aubio-raw t=19.6829 onset=1.088588 env=0.019887 peak=0.024964 gain=1.000
2025-12-20 00:45:05 [tracker] [s1] onset-accepted t=19.6829 env=0.019887 gate=0.000040 envDelta=0.019847 envFloor=0.001512 onset=1.088588 thresh=0.006000 onsetDelta=1.082588 baseline=0.000720 floor=0.000180 adapt=0.021160 lastPeak=0.000000 baseParam=0.000180 gateRatio=0.0550 envParam=0.000450 onsetScale=0.300 retriggerScale=1.400 guard=0.060 guardRemain=0.000 activeAge=-1.000 retrigRemain=0.000 pitchHz=-1.00 pitchCents=0.0
2025-12-20 00:45:05 [tracker] [s1] onset t=19.683 env=0.01989 gate=0.00004 envDelta=0.01985 envFloor=0.00151 onset=1.089 thresh=0.006 onsetDelta=1.08259 baseline=0.00072 adaptive=0.02116 lastPeak=0.00000 guard=0.060 activeAge=-1.000 pitch=-1.00Hz pitchCents=0.0
2025-12-20 00:45:05 [tracker] [s4] onset t=19.699 env=0.02857 gate=0.00022 envDelta=0.02836 envFloor=0.00269 onset=0.915 thresh=0.014 onsetDelta=0.90052 baseline=0.00128 adaptive=0.02701 lastPeak=0.00000 guard=0.060 activeAge=-1.000 pitch=-1.00Hz pitchCents=0.0
2025-12-20 00:45:05 [tracker] [s4] onset t=19.883 env=0.02592 gate=0.00022 envDelta=0.02571 envFloor=0.00269 onset=1.131 thresh=0.014 onsetDelta=1.11750 baseline=0.00128 adaptive=0.02731 lastPeak=0.00000 guard=0.060 activeAge=-1.000 pitch=-1.00Hz pitchCents=0.0
2025-12-20 00:45:06 [tracker] [s4] onset t=20.024 env=0.02771 gate=0.00022 envDelta=0.02749 envFloor=0.00269 onset=1.195 thresh=0.014 onsetDelta=1.18092 baseline=0.00128 adaptive=0.02709 lastPeak=0.00000 guard=0.060 activeAge=-1.000 pitch=-1.00Hz pitchCents=0.0
2025-12-20 00:45:06 [tracker] [s1] aubio-raw t=20.1175 onset=0.901644 env=0.013816 peak=0.020722 gain=1.000
2025-12-20 00:45:06 [tracker] [s1] onset-accepted t=20.1175 env=0.013816 gate=0.000040 envDelta=0.013777 envFloor=0.001512 onset=0.901644 thresh=0.006000 onsetDelta=0.895644 baseline=0.000720 floor=0.000180 adapt=0.020963 lastPeak=0.000000 baseParam=0.000180 gateRatio=0.0550 envParam=0.000450 onsetScale=0.300 retriggerScale=1.400 guard=0.060 guardRemain=0.000 activeAge=-1.000 retrigRemain=0.000 pitchHz=-1.00 pitchCents=0.0
2025-12-20 00:45:06 [tracker] [s1] onset t=20.118 env=0.01382 gate=0.00004 envDelta=0.01378 envFloor=0.00151 onset=0.902 thresh=0.006 onsetDelta=0.89564 baseline=0.00072 adaptive=0.02096 lastPeak=0.00000 guard=0.060 activeAge=-1.000 pitch=-1.00Hz pitchCents=0.0
2025-12-20 00:45:06 [tracker] [s1] aubio-raw t=20.1842 onset=0.996014 env=0.013808 peak=0.020736 gain=1.000
2025-12-20 00:45:06 [tracker] [s1] onset-accepted t=20.1842 env=0.013808 gate=0.000040 envDelta=0.013768 envFloor=0.001512 onset=0.996014 thresh=0.006000 onsetDelta=0.990014 baseline=0.000720 floor=0.000180 adapt=0.020914 lastPeak=0.000000 baseParam=0.000180 gateRatio=0.0550 envParam=0.000450 onsetScale=0.300 retriggerScale=1.400 guard=0.060 guardRemain=0.000 activeAge=-1.000 retrigRemain=0.000 pitchHz=-1.00 pitchCents=0.0
2025-12-20 00:45:06 [tracker] [s6] onset t=20.344 env=0.01019 gate=0.00042 envDelta=0.00977 envFloor=0.00353 onset=1.313 thresh=0.018 onsetDelta=1.29502 baseline=0.00168 adaptive=0.02649 lastPeak=0.00000 guard=0.060 activeAge=-1.000 pitch=-1.00Hz pitchCents=0.0
2025-12-20 00:45:06 [tracker] [s2] onset t=20.355 env=0.02695 gate=0.00001 envDelta=0.02694 envFloor=0.00185 onset=0.986 thresh=0.009 onsetDelta=0.97662 baseline=0.00088 adaptive=0.02643 lastPeak=0.00000 guard=0.060 activeAge=-1.000 pitch=-1.00Hz pitchCents=0.0
2025-12-20 00:45:06 [tracker] [s3] onset t=20.443 env=0.01645 gate=0.00014 envDelta=0.01632 envFloor=0.00218 onset=0.994 thresh=0.012 onsetDelta=0.98250 baseline=0.00104 adaptive=0.02705 lastPeak=0.00000 guard=0.060 activeAge=-1.000 pitch=-1.00Hz pitchCents=0.0
2025-12-20 00:45:06 [tracker] [s4] onset t=20.464 env=0.03124 gate=0.00022 envDelta=0.03102 envFloor=0.00269 onset=0.908 thresh=0.014 onsetDelta=0.89412 baseline=0.00128 adaptive=0.02756 lastPeak=0.00000 guard=0.060 activeAge=-1.000 pitch=-1.00Hz pitchCents=0.0
2025-12-20 00:45:06 [tracker] [s3] onset t=20.499 env=0.02983 gate=0.00014 envDelta=0.02969 envFloor=0.00218 onset=0.853 thresh=0.012 onsetDelta=0.84145 baseline=0.00104 adaptive=0.02717 lastPeak=0.00000 guard=0.060 activeAge=-1.000 pitch=-1.00Hz pitchCents=0.0
2025-12-20 00:45:06 [tracker] [s2] onset t=20.598 env=0.03063 gate=0.00001 envDelta=0.03062 envFloor=0.00185 onset=0.657 thresh=0.009 onsetDelta=0.64758 baseline=0.00088 adaptive=0.02714 lastPeak=0.00000 guard=0.060 activeAge=-1.000 pitch=-1.00Hz pitchCents=0.0
2025-12-20 00:45:06 [tracker] [s4] onset t=20.632 env=0.03001 gate=0.00022 envDelta=0.02979 envFloor=0.00269 onset=0.964 thresh=0.014 onsetDelta=0.94997 baseline=0.00128 adaptive=0.02704 lastPeak=0.00000 guard=0.060 activeAge=-1.000 pitch=-1.00Hz pitchCents=0.0
2025-12-20 00:45:06 [tracker] [s1] aubio-raw t=20.7495 onset=0.908361 env=0.021480 peak=0.025434 gain=1.000
2025-12-20 00:45:06 [tracker] [s1] onset-accepted t=20.7495 env=0.021480 gate=0.000040 envDelta=0.021441 envFloor=0.001512 onset=0.908361 thresh=0.006000 onsetDelta=0.902361 baseline=0.000720 floor=0.000180 adapt=0.021044 lastPeak=0.000000 baseParam=0.000180 gateRatio=0.0550 envParam=0.000450 onsetScale=0.300 retriggerScale=1.400 guard=0.060 guardRemain=0.000 activeAge=-1.000 retrigRemain=0.000 pitchHz=-1.00 pitchCents=0.0
2025-12-20 00:45:06 [tracker] [s1] onset t=20.750 env=0.02148 gate=0.00004 envDelta=0.02144 envFloor=0.00151 onset=0.908 thresh=0.006 onsetDelta=0.90236 baseline=0.00072 adaptive=0.02104 lastPeak=0.00000 guard=0.060 activeAge=-1.000 pitch=-1.00Hz pitchCents=0.0
2025-12-20 00:45:06 [tracker] [s6] onset t=20.760 env=0.01235 gate=0.00042 envDelta=0.01193 envFloor=0.00353 onset=1.150 thresh=0.018 onsetDelta=1.13228 baseline=0.00168 adaptive=0.02629 lastPeak=0.00000 guard=0.060 activeAge=-1.000 pitch=-1.00Hz pitchCents=0.0
2025-12-20 00:45:06 [tracker] [s1] aubio-raw t=20.9202 onset=0.996713 env=0.011408 peak=0.020853 gain=1.000
2025-12-20 00:45:06 [tracker] [s1] onset-accepted t=20.9202 env=0.011408 gate=0.000040 envDelta=0.011369 envFloor=0.001512 onset=0.996713 thresh=0.006000 onsetDelta=0.990713 baseline=0.000720 floor=0.000180 adapt=0.020791 lastPeak=0.000000 baseParam=0.000180 gateRatio=0.0550 envParam=0.000450 onsetScale=0.300 retriggerScale=1.400 guard=0.060 guardRemain=0.000 activeAge=-1.000 retrigRemain=0.000 pitchHz=-1.00 pitchCents=0.0
2025-12-20 00:45:07 [tracker] [s4] onset t=21.029 env=0.02376 gate=0.00022 envDelta=0.02354 envFloor=0.00269 onset=0.990 thresh=0.014 onsetDelta=0.97597 baseline=0.00128 adaptive=0.02657 lastPeak=0.00000 guard=0.060 activeAge=-1.000 pitch=-1.00Hz pitchCents=0.0
2025-12-20 00:45:07 [tracker] [s1] aubio-raw t=21.0321 onset=1.184177 env=0.023705 peak=0.025326 gain=1.000
2025-12-20 00:45:07 [tracker] [s1] onset-accepted t=21.0321 env=0.023705 gate=0.000040 envDelta=0.023665 envFloor=0.001512 onset=1.184177 thresh=0.006000 onsetDelta=1.178177 baseline=0.000720 floor=0.000180 adapt=0.021075 lastPeak=0.000000 baseParam=0.000180 gateRatio=0.0550 envParam=0.000450 onsetScale=0.300 retriggerScale=1.400 guard=0.060 guardRemain=0.000 activeAge=-1.000 retrigRemain=0.000 pitchHz=-1.00 pitchCents=0.0
2025-12-20 00:45:07 [tracker] [s1] onset t=21.032 env=0.02370 gate=0.00004 envDelta=0.02367 envFloor=0.00151 onset=1.184 thresh=0.006 onsetDelta=1.17818 baseline=0.00072 adaptive=0.02107 lastPeak=0.00000 guard=0.060 activeAge=-1.000 pitch=-1.00Hz pitchCents=0.0
2025-12-20 00:45:07 [tracker] [s6] onset t=21.139 env=0.02887 gate=0.00042 envDelta=0.02845 envFloor=0.00353 onset=1.102 thresh=0.018 onsetDelta=1.08407 baseline=0.00168 adaptive=0.02687 lastPeak=0.00000 guard=0.060 activeAge=-1.000 pitch=-1.00Hz pitchCents=0.0
2025-12-20 00:45:07 [tracker] [s1] aubio-raw t=21.2001 onset=0.996694 env=0.019536 peak=0.024690 gain=1.000
2025-12-20 00:45:07 [tracker] [s1] onset-accepted t=21.2001 env=0.019536 gate=0.000040 envDelta=0.019497 envFloor=0.001512 onset=0.996694 thresh=0.006000 onsetDelta=0.990694 baseline=0.000720 floor=0.000180 adapt=0.021216 lastPeak=0.000000 baseParam=0.000180 gateRatio=0.0550 envParam=0.000450 onsetScale=0.300 retriggerScale=1.400 guard=0.060 guardRemain=0.000 activeAge=-1.000 retrigRemain=0.000 pitchHz=-1.00 pitchCents=0.0
2025-12-20 00:45:07 [tracker] [s1] onset t=21.200 env=0.01954 gate=0.00004 envDelta=0.01950 envFloor=0.00151 onset=0.997 thresh=0.006 onsetDelta=0.99069 baseline=0.00072 adaptive=0.02122 lastPeak=0.00000 guard=0.060 activeAge=-1.000 pitch=-1.00Hz pitchCents=0.0
2025-12-20 00:45:07 [tracker] [s3] onset t=21.283 env=0.02897 gate=0.00014 envDelta=0.02883 envFloor=0.00218 onset=1.365 thresh=0.012 onsetDelta=1.35381 baseline=0.00104 adaptive=0.02724 lastPeak=0.00000 guard=0.060 activeAge=-1.000 pitch=-1.00Hz pitchCents=0.0
2025-12-20 00:45:07 [tracker] [s1] aubio-raw t=21.3841 onset=0.890915 env=0.016293 peak=0.022491 gain=1.000
2025-12-20 00:45:07 [tracker] [s1] onset-accepted t=21.3841 env=0.016293 gate=0.000040 envDelta=0.016253 envFloor=0.001512 onset=0.890915 thresh=0.006000 onsetDelta=0.884915 baseline=0.000720 floor=0.000180 adapt=0.021159 lastPeak=0.000000 baseParam=0.000180 gateRatio=0.0550 envParam=0.000450 onsetScale=0.300 retriggerScale=1.400 guard=0.060 guardRemain=0.000 activeAge=-1.000 retrigRemain=0.000 pitchHz=-1.00 pitchCents=0.0
2025-12-20 00:45:07 [tracker] [s6] onset t=21.411 env=0.01037 gate=0.00042 envDelta=0.00995 envFloor=0.00353 onset=1.372 thresh=0.018 onsetDelta=1.35372 baseline=0.00168 adaptive=0.02635 lastPeak=0.00000 guard=0.060 activeAge=-1.000 pitch=-1.00Hz pitchCents=0.0
2025-12-20 00:45:07 [tracker] [s5] onset t=21.579 env=0.01557 gate=0.00031 envDelta=0.01526 envFloor=0.00311 onset=0.942 thresh=0.016 onsetDelta=0.92615 baseline=0.00148 adaptive=0.02630 lastPeak=0.00000 guard=0.060 activeAge=-1.000 pitch=-1.00Hz pitchCents=0.0
2025-12-20 00:45:07 [tracker] [s3] onset t=21.627 env=0.01477 gate=0.00014 envDelta=0.01464 envFloor=0.00218 onset=1.155 thresh=0.012 onsetDelta=1.14309 baseline=0.00104 adaptive=0.02691 lastPeak=0.00000 guard=0.060 activeAge=-1.000 pitch=-1.00Hz pitchCents=0.0
2025-12-20 00:45:07 [tracker] [s6] onset t=21.627 env=0.01468 gate=0.00042 envDelta=0.01426 envFloor=0.00353 onset=1.145 thresh=0.018 onsetDelta=1.12692 baseline=0.00168 adaptive=0.02652 lastPeak=0.00000 guard=0.060 activeAge=-1.000 pitch=-1.00Hz pitchCents=0.0
2025-12-20 00:45:07 [tracker] [s1] aubio-raw t=21.6401 onset=0.997717 env=0.024360 peak=0.025345 gain=1.000
2025-12-20 00:45:07 [tracker] [s1] onset-accepted t=21.6401 env=0.024360 gate=0.000040 envDelta=0.024320 envFloor=0.001512 onset=0.997717 thresh=0.006000 onsetDelta=0.991717 baseline=0.000720 floor=0.000180 adapt=0.021196 lastPeak=0.000000 baseParam=0.000180 gateRatio=0.0550 envParam=0.000450 onsetScale=0.300 retriggerScale=1.400 guard=0.060 guardRemain=0.000 activeAge=-1.000 retrigRemain=0.000 pitchHz=-1.00 pitchCents=0.0
2025-12-20 00:45:07 [tracker] [s1] onset t=21.640 env=0.02436 gate=0.00004 envDelta=0.02432 envFloor=0.00151 onset=0.998 thresh=0.006 onsetDelta=0.99172 baseline=0.00072 adaptive=0.02120 lastPeak=0.00000 guard=0.060 activeAge=-1.000 pitch=-1.00Hz pitchCents=0.0
2025-12-20 00:45:07 [tracker] [s4] onset t=21.752 env=0.01272 gate=0.00022 envDelta=0.01250 envFloor=0.00269 onset=0.612 thresh=0.014 onsetDelta=0.59770 baseline=0.00128 adaptive=0.02666 lastPeak=0.00000 guard=0.060 activeAge=-1.000 pitch=-1.00Hz pitchCents=0.0
2025-12-20 00:45:07 [tracker] [s2] onset t=21.901 env=0.01782 gate=0.00001 envDelta=0.01781 envFloor=0.00185 onset=1.023 thresh=0.009 onsetDelta=1.01429 baseline=0.00088 adaptive=0.02678 lastPeak=0.00000 guard=0.060 activeAge=-1.000 pitch=-1.00Hz pitchCents=0.0
2025-12-20 00:45:08 [tracker] [s2] onset t=22.043 env=0.02080 gate=0.00001 envDelta=0.02079 envFloor=0.00185 onset=1.134 thresh=0.009 onsetDelta=1.12474 baseline=0.00088 adaptive=0.02693 lastPeak=0.00000 guard=0.060 activeAge=-1.000 pitch=-1.00Hz pitchCents=0.0
2025-12-20 00:45:08 [tracker] [s4] onset t=22.048 env=0.03132 gate=0.00022 envDelta=0.03110 envFloor=0.00269 onset=1.268 thresh=0.014 onsetDelta=1.25425 baseline=0.00128 adaptive=0.02762 lastPeak=0.00000 guard=0.060 activeAge=-1.000 pitch=-1.00Hz pitchCents=0.0
2025-12-20 00:45:08 [tracker] [s6] onset t=22.155 env=0.02195 gate=0.00042 envDelta=0.02153 envFloor=0.00353 onset=0.920 thresh=0.018 onsetDelta=0.90185 baseline=0.00168 adaptive=0.02614 lastPeak=0.00000 guard=0.060 activeAge=-1.000 pitch=-1.00Hz pitchCents=0.0
2025-12-20 00:45:08 [tracker] [s1] aubio-raw t=22.1734 onset=1.012701 env=0.024432 peak=0.025508 gain=1.000
2025-12-20 00:45:08 [tracker] [s1] onset-accepted t=22.1734 env=0.024432 gate=0.000040 envDelta=0.024393 envFloor=0.001512 onset=1.012701 thresh=0.006000 onsetDelta=1.006701 baseline=0.000720 floor=0.000180 adapt=0.021260 lastPeak=0.000000 baseParam=0.000180 gateRatio=0.0550 envParam=0.000450 onsetScale=0.300 retriggerScale=1.400 guard=0.060 guardRemain=0.000 activeAge=-1.000 retrigRemain=0.000 pitchHz=-1.00 pitchCents=0.0
2025-12-20 00:45:08 [tracker] [s1] onset t=22.173 env=0.02443 gate=0.00004 envDelta=0.02439 envFloor=0.00151 onset=1.013 thresh=0.006 onsetDelta=1.00670 baseline=0.00072 adaptive=0.02126 lastPeak=0.00000 guard=0.060 activeAge=-1.000 pitch=-1.00Hz pitchCents=0.0
2025-12-20 00:45:08 [tracker] [s2] onset t=22.211 env=0.01173 gate=0.00001 envDelta=0.01172 envFloor=0.00185 onset=0.864 thresh=0.009 onsetDelta=0.85458 baseline=0.00088 adaptive=0.02622 lastPeak=0.00000 guard=0.060 activeAge=-1.000 pitch=-1.00Hz pitchCents=0.0
2025-12-20 00:45:08 [tracker] [s6] onset t=22.328 env=0.01000 gate=0.00042 envDelta=0.00958 envFloor=0.00353 onset=0.920 thresh=0.018 onsetDelta=0.90219 baseline=0.00168 adaptive=0.02650 lastPeak=0.00000 guard=0.060 activeAge=-1.000 pitch=-1.00Hz pitchCents=0.0
2025-12-20 00:45:08 [tracker] [s1] aubio-raw t=22.3334 onset=1.442261 env=0.021146 peak=0.025164 gain=1.000
2025-12-20 00:45:08 [tracker] [s1] onset-accepted t=22.3334 env=0.021146 gate=0.000040 envDelta=0.021107 envFloor=0.001512 onset=1.442261 thresh=0.006000 onsetDelta=1.436261 baseline=0.000720 floor=0.000180 adapt=0.021010 lastPeak=0.000000 baseParam=0.000180 gateRatio=0.0550 envParam=0.000450 onsetScale=0.300 retriggerScale=1.400 guard=0.060 guardRemain=0.000 activeAge=-1.000 retrigRemain=0.000 pitchHz=-1.00 pitchCents=0.0
2025-12-20 00:45:08 [tracker] [s1] onset t=22.333 env=0.02115 gate=0.00004 envDelta=0.02111 envFloor=0.00151 onset=1.442 thresh=0.006 onsetDelta=1.43626 baseline=0.00072 adaptive=0.02101 lastPeak=0.00000 guard=0.060 activeAge=-1.000 pitch=-1.00Hz pitchCents=0.0
2025-12-20 00:45:08 [tracker] [s3] onset t=22.472 env=0.02668 gate=0.00014 envDelta=0.02654 envFloor=0.00218 onset=0.830 thresh=0.012 onsetDelta=0.81829 baseline=0.00104 adaptive=0.02679 lastPeak=0.00000 guard=0.060 activeAge=-1.000 pitch=-1.00Hz pitchCents=0.0
2025-12-20 00:45:08 [tracker] [s6] onset t=22.528 env=0.01008 gate=0.00042 envDelta=0.00966 envFloor=0.00353 onset=1.294 thresh=0.018 onsetDelta=1.27625 baseline=0.00168 adaptive=0.02642 lastPeak=0.00000 guard=0.060 activeAge=-1.000 pitch=-1.00Hz pitchCents=0.0
2025-12-20 00:45:08 [tracker] [s6] onset t=22.603 env=0.01077 gate=0.00042 envDelta=0.01035 envFloor=0.00353 onset=1.177 thresh=0.018 onsetDelta=1.15932 baseline=0.00168 adaptive=0.02643 lastPeak=0.00000 guard=0.060 activeAge=-1.000 pitch=-1.00Hz pitchCents=0.0
2025-12-20 00:45:08 [tracker] [s2] onset t=22.685 env=0.01518 gate=0.00001 envDelta=0.01517 envFloor=0.00185 onset=0.866 thresh=0.009 onsetDelta=0.85717 baseline=0.00088 adaptive=0.02668 lastPeak=0.00000 guard=0.060 activeAge=-1.000 pitch=-1.00Hz pitchCents=0.0
2025-12-20 00:45:08 [tracker] [s3] onset t=22.936 env=0.01159 gate=0.00014 envDelta=0.01146 envFloor=0.00218 onset=1.086 thresh=0.012 onsetDelta=1.07489 baseline=0.00104 adaptive=0.02698 lastPeak=0.00000 guard=0.060 activeAge=-1.000 pitch=-1.00Hz pitchCents=0.0
2025-12-20 00:45:09 [tracker] [s6] onset t=22.995 env=0.01029 gate=0.00042 envDelta=0.00987 envFloor=0.00353 onset=1.421 thresh=0.018 onsetDelta=1.40283 baseline=0.00168 adaptive=0.02657 lastPeak=0.00000 guard=0.060 activeAge=-1.000 pitch=-1.00Hz pitchCents=0.0
2025-12-20 00:45:09 [tracker] [s1] aubio-raw t=23.0000 onset=0.928437 env=0.022246 peak=0.025373 gain=1.000
2025-12-20 00:45:09 [tracker] [s1] onset-accepted t=23.0000 env=0.022246 gate=0.000040 envDelta=0.022207 envFloor=0.001512 onset=0.928437 thresh=0.006000 onsetDelta=0.922437 baseline=0.000720 floor=0.000180 adapt=0.021114 lastPeak=0.000000 baseParam=0.000180 gateRatio=0.0550 envParam=0.000450 onsetScale=0.300 retriggerScale=1.400 guard=0.060 guardRemain=0.000 activeAge=-1.000 retrigRemain=0.000 pitchHz=-1.00 pitchCents=0.0
2025-12-20 00:45:09 [tracker] [s1] onset t=23.000 env=0.02225 gate=0.00004 envDelta=0.02221 envFloor=0.00151 onset=0.928 thresh=0.006 onsetDelta=0.92244 baseline=0.00072 adaptive=0.02111 lastPeak=0.00000 guard=0.060 activeAge=-1.000 pitch=-1.00Hz pitchCents=0.0
2025-12-20 00:45:09 [tracker] [s1] aubio-raw t=23.1920 onset=1.098601 env=0.021519 peak=0.025603 gain=1.000
2025-12-20 00:45:09 [tracker] [s1] onset-accepted t=23.1920 env=0.021519 gate=0.000040 envDelta=0.021479 envFloor=0.001512 onset=1.098601 thresh=0.006000 onsetDelta=1.092601 baseline=0.000720 floor=0.000180 adapt=0.021152 lastPeak=0.000000 baseParam=0.000180 gateRatio=0.0550 envParam=0.000450 onsetScale=0.300 retriggerScale=1.400 guard=0.060 guardRemain=0.000 activeAge=-1.000 retrigRemain=0.000 pitchHz=-1.00 pitchCents=0.0
2025-12-20 00:45:09 [tracker] [s1] onset t=23.192 env=0.02152 gate=0.00004 envDelta=0.02148 envFloor=0.00151 onset=1.099 thresh=0.006 onsetDelta=1.09260 baseline=0.00072 adaptive=0.02115 lastPeak=0.00000 guard=0.060 activeAge=-1.000 pitch=-1.00Hz pitchCents=0.0
2025-12-20 00:45:09 [tracker] [s3] onset t=23.301 env=0.02199 gate=0.00014 envDelta=0.02186 envFloor=0.00218 onset=0.999 thresh=0.012 onsetDelta=0.98716 baseline=0.00104 adaptive=0.02781 lastPeak=0.00000 guard=0.060 activeAge=-1.000 pitch=-1.00Hz pitchCents=0.0
2025-12-20 00:45:09 [tracker] [s1] aubio-raw t=23.3146 onset=1.266119 env=0.023151 peak=0.025262 gain=1.000
2025-12-20 00:45:09 [tracker] [s1] onset-accepted t=23.3146 env=0.023151 gate=0.000040 envDelta=0.023112 envFloor=0.001512 onset=1.266119 thresh=0.006000 onsetDelta=1.260119 baseline=0.000720 floor=0.000180 adapt=0.021311 lastPeak=0.000000 baseParam=0.000180 gateRatio=0.0550 envParam=0.000450 onsetScale=0.300 retriggerScale=1.400 guard=0.060 guardRemain=0.000 activeAge=-1.000 retrigRemain=0.000 pitchHz=-1.00 pitchCents=0.0
2025-12-20 00:45:09 [tracker] [s1] onset t=23.315 env=0.02315 gate=0.00004 envDelta=0.02311 envFloor=0.00151 onset=1.266 thresh=0.006 onsetDelta=1.26012 baseline=0.00072 adaptive=0.02131 lastPeak=0.00000 guard=0.060 activeAge=-1.000 pitch=-1.00Hz pitchCents=0.0
2025-12-20 00:45:09 [tracker] [s5] onset t=23.323 env=0.02786 gate=0.00031 envDelta=0.02755 envFloor=0.00311 onset=0.812 thresh=0.016 onsetDelta=0.79606 baseline=0.00148 adaptive=0.02668 lastPeak=0.00000 guard=0.060 activeAge=-1.000 pitch=-1.00Hz pitchCents=0.0
2025-12-20 00:45:09 [tracker] [s6] onset t=23.331 env=0.02594 gate=0.00042 envDelta=0.02552 envFloor=0.00353 onset=0.998 thresh=0.018 onsetDelta=0.98034 baseline=0.00168 adaptive=0.02645 lastPeak=0.00000 guard=0.060 activeAge=-1.000 pitch=-1.00Hz pitchCents=0.0
2025-12-20 00:45:09 [tracker] [s2] onset t=23.371 env=0.01258 gate=0.00001 envDelta=0.01257 envFloor=0.00185 onset=0.996 thresh=0.009 onsetDelta=0.98707 baseline=0.00088 adaptive=0.02642 lastPeak=0.00000 guard=0.060 activeAge=-1.000 pitch=-1.00Hz pitchCents=0.0
2025-12-20 00:45:09 [tracker] [s5] onset t=23.413 env=0.02141 gate=0.00031 envDelta=0.02110 envFloor=0.00311 onset=0.842 thresh=0.016 onsetDelta=0.82563 baseline=0.00148 adaptive=0.02619 lastPeak=0.00000 guard=0.060 activeAge=-1.000 pitch=-1.00Hz pitchCents=0.0
2025-12-20 00:45:09 [tracker] [s3] onset t=23.435 env=0.02211 gate=0.00014 envDelta=0.02198 envFloor=0.00218 onset=1.093 thresh=0.012 onsetDelta=1.08100 baseline=0.00104 adaptive=0.02761 lastPeak=0.00000 guard=0.060 activeAge=-1.000 pitch=-1.00Hz pitchCents=0.0
2025-12-20 00:45:09 [tracker] [s1] aubio-raw t=23.5173 onset=0.594064 env=0.020613 peak=0.025293 gain=1.000
2025-12-20 00:45:09 [tracker] [s1] onset-accepted t=23.5173 env=0.020613 gate=0.000040 envDelta=0.020574 envFloor=0.001512 onset=0.594064 thresh=0.006000 onsetDelta=0.588064 baseline=0.000720 floor=0.000180 adapt=0.021276 lastPeak=0.000000 baseParam=0.000180 gateRatio=0.0550 envParam=0.000450 onsetScale=0.300 retriggerScale=1.400 guard=0.060 guardRemain=0.000 activeAge=-1.000 retrigRemain=0.000 pitchHz=-1.00 pitchCents=0.0
2025-12-20 00:45:09 [tracker] [s1] onset t=23.517 env=0.02061 gate=0.00004 envDelta=0.02057 envFloor=0.00151 onset=0.594 thresh=0.006 onsetDelta=0.58806 baseline=0.00072 adaptive=0.02128 lastPeak=0.00000 guard=0.060 activeAge=-1.000 pitch=-1.00Hz pitchCents=0.0
2025-12-20 00:45:09 [tracker] [s2] onset t=23.560 env=0.01999 gate=0.00001 envDelta=0.01998 envFloor=0.00185 onset=1.393 thresh=0.009 onsetDelta=1.38433 baseline=0.00088 adaptive=0.02693 lastPeak=0.00000 guard=0.060 activeAge=-1.000 pitch=-1.00Hz pitchCents=0.0
2025-12-20 00:45:09 [tracker] [s3] onset t=23.571 env=0.01227 gate=0.00014 envDelta=0.01214 envFloor=0.00218 onset=0.906 thresh=0.012 onsetDelta=0.89396 baseline=0.00104 adaptive=0.02731 lastPeak=0.00000 guard=0.060 activeAge=-1.000 pitch=-1.00Hz pitchCents=0.0
2025-12-20 00:45:09 [tracker] [s3] onset t=23.765 env=0.03167 gate=0.00014 envDelta=0.03154 envFloor=0.00218 onset=0.994 thresh=0.012 onsetDelta=0.98240 baseline=0.00104 adaptive=0.02789 lastPeak=0.00000 guard=0.060 activeAge=-1.000 pitch=-1.00Hz pitchCents=0.0
2025-12-20 00:45:09 [tracker] [s2] onset t=23.856 env=0.02741 gate=0.00001 envDelta=0.02740 envFloor=0.00185 onset=0.999 thresh=0.009 onsetDelta=0.98995 baseline=0.00088 adaptive=0.02664 lastPeak=0.00000 guard=0.060 activeAge=-1.000 pitch=-1.00Hz pitchCents=0.0
2025-12-20 00:45:09 [tracker] [s4] onset t=23.968 env=0.02351 gate=0.00022 envDelta=0.02329 envFloor=0.00269 onset=0.996 thresh=0.014 onsetDelta=0.98201 baseline=0.00128 adaptive=0.02767 lastPeak=0.00000 guard=0.060 activeAge=-1.000 pitch=-1.00Hz pitchCents=0.0
2025-12-20 00:45:10 [tracker] [s1] aubio-raw t=23.9866 onset=0.975918 env=0.007973 peak=0.014100 gain=1.000
2025-12-20 00:45:10 [tracker] [s1] onset-accepted t=23.9866 env=0.007973 gate=0.000040 envDelta=0.007933 envFloor=0.001512 onset=0.975918 thresh=0.006000 onsetDelta=0.969918 baseline=0.000720 floor=0.000180 adapt=0.020785 lastPeak=0.000000 baseParam=0.000180 gateRatio=0.0550 envParam=0.000450 onsetScale=0.300 retriggerScale=1.400 guard=0.060 guardRemain=0.000 activeAge=-1.000 retrigRemain=0.000 pitchHz=-1.00 pitchCents=0.0
2025-12-20 00:45:10 [tracker] [s1] onset t=23.987 env=0.00797 gate=0.00004 envDelta=0.00793 envFloor=0.00151 onset=0.976 thresh=0.006 onsetDelta=0.96992 baseline=0.00072 adaptive=0.02079 lastPeak=0.00000 guard=0.060 activeAge=-1.000 pitch=-1.00Hz pitchCents=0.0
2025-12-20 00:45:10 [tracker] [s6] onset t=24.013 env=0.01969 gate=0.00042 envDelta=0.01927 envFloor=0.00353 onset=1.039 thresh=0.018 onsetDelta=1.02116 baseline=0.00168 adaptive=0.02650 lastPeak=0.00000 guard=0.060 activeAge=-1.000 pitch=-1.00Hz pitchCents=0.0
2025-12-20 00:45:10 [tracker] [s4] onset t=24.133 env=0.03021 gate=0.00022 envDelta=0.02999 envFloor=0.00269 onset=0.918 thresh=0.014 onsetDelta=0.90445 baseline=0.00128 adaptive=0.02733 lastPeak=0.00000 guard=0.060 activeAge=-1.000 pitch=-1.00Hz pitchCents=0.0
2025-12-20 00:45:10 [tracker] [s3] onset t=24.291 env=0.03175 gate=0.00014 envDelta=0.03162 envFloor=0.00218 onset=0.803 thresh=0.012 onsetDelta=0.79118 baseline=0.00104 adaptive=0.02788 lastPeak=0.00000 guard=0.060 activeAge=-1.000 pitch=-1.00Hz pitchCents=0.0
2025-12-20 00:45:10 [tracker] [s5] onset t=24.304 env=0.01059 gate=0.00031 envDelta=0.01028 envFloor=0.00311 onset=1.065 thresh=0.016 onsetDelta=1.04904 baseline=0.00148 adaptive=0.02665 lastPeak=0.00000 guard=0.060 activeAge=-1.000 pitch=-1.00Hz pitchCents=0.0
2025-12-20 00:45:10 [tracker] [s4] onset t=24.320 env=0.01058 gate=0.00022 envDelta=0.01036 envFloor=0.00269 onset=0.995 thresh=0.014 onsetDelta=0.98100 baseline=0.00128 adaptive=0.02692 lastPeak=0.00000 guard=0.060 activeAge=-1.000 pitch=-1.00Hz pitchCents=0.0
2025-12-20 00:45:10 [tracker] [s2] onset t=24.445 env=0.00995 gate=0.00001 envDelta=0.00994 envFloor=0.00185 onset=0.991 thresh=0.009 onsetDelta=0.98214 baseline=0.00088 adaptive=0.02663 lastPeak=0.00000 guard=0.060 activeAge=-1.000 pitch=-1.00Hz pitchCents=0.0
2025-12-20 00:45:10 [tracker] [s5] onset t=24.480 env=0.01825 gate=0.00031 envDelta=0.01794 envFloor=0.00311 onset=1.061 thresh=0.016 onsetDelta=1.04502 baseline=0.00148 adaptive=0.02651 lastPeak=0.00000 guard=0.060 activeAge=-1.000 pitch=-1.00Hz pitchCents=0.0
2025-12-20 00:45:10 [tracker] [s3] onset t=24.485 env=0.02038 gate=0.00014 envDelta=0.02025 envFloor=0.00218 onset=1.208 thresh=0.012 onsetDelta=1.19645 baseline=0.00104 adaptive=0.02763 lastPeak=0.00000 guard=0.060 activeAge=-1.000 pitch=-1.00Hz pitchCents=0.0
2025-12-20 00:45:10 [tracker] [s2] onset t=24.528 env=0.01267 gate=0.00001 envDelta=0.01266 envFloor=0.00185 onset=0.881 thresh=0.009 onsetDelta=0.87157 baseline=0.00088 adaptive=0.02649 lastPeak=0.00000 guard=0.060 activeAge=-1.000 pitch=-1.00Hz pitchCents=0.0
2025-12-20 00:45:10 [tracker] [s6] onset t=24.584 env=0.02838 gate=0.00042 envDelta=0.02796 envFloor=0.00353 onset=0.999 thresh=0.018 onsetDelta=0.98076 baseline=0.00168 adaptive=0.02705 lastPeak=0.00000 guard=0.060 activeAge=-1.000 pitch=-1.00Hz pitchCents=0.0
2025-12-20 00:45:10 [tracker] [s5] onset t=24.589 env=0.02550 gate=0.00031 envDelta=0.02519 envFloor=0.00311 onset=0.998 thresh=0.016 onsetDelta=0.98161 baseline=0.00148 adaptive=0.02637 lastPeak=0.00000 guard=0.060 activeAge=-1.000 pitch=-1.00Hz pitchCents=0.0
2025-12-20 00:45:10 [tracker] [s1] aubio-raw t=24.5919 onset=0.907047 env=0.023218 peak=0.025789 gain=1.000
2025-12-20 00:45:10 [tracker] [s1] onset-accepted t=24.5919 env=0.023218 gate=0.000040 envDelta=0.023179 envFloor=0.001512 onset=0.907047 thresh=0.006000 onsetDelta=0.901047 baseline=0.000720 floor=0.000180 adapt=0.021192 lastPeak=0.000000 baseParam=0.000180 gateRatio=0.0550 envParam=0.000450 onsetScale=0.300 retriggerScale=1.400 guard=0.060 guardRemain=0.000 activeAge=-1.000 retrigRemain=0.000 pitchHz=-1.00 pitchCents=0.0
2025-12-20 00:45:10 [tracker] [s1] onset t=24.592 env=0.02322 gate=0.00004 envDelta=0.02318 envFloor=0.00151 onset=0.907 thresh=0.006 onsetDelta=0.90105 baseline=0.00072 adaptive=0.02119 lastPeak=0.00000 guard=0.060 activeAge=-1.000 pitch=-1.00Hz pitchCents=0.0
2025-12-20 00:45:10 [tracker] [s4] onset t=24.616 env=0.03179 gate=0.00022 envDelta=0.03157 envFloor=0.00269 onset=1.379 thresh=0.014 onsetDelta=1.36459 baseline=0.00128 adaptive=0.02768 lastPeak=0.00000 guard=0.060 activeAge=-1.000 pitch=-1.00Hz pitchCents=0.0
2025-12-20 00:45:10 [tracker] [s3] onset t=24.675 env=0.03178 gate=0.00014 envDelta=0.03164 envFloor=0.00218 onset=0.921 thresh=0.012 onsetDelta=0.90891 baseline=0.00104 adaptive=0.02772 lastPeak=0.00000 guard=0.060 activeAge=-1.000 pitch=-1.00Hz pitchCents=0.0
2025-12-20 00:45:10 [tracker] [s6] onset t=24.821 env=0.01387 gate=0.00042 envDelta=0.01345 envFloor=0.00353 onset=1.099 thresh=0.018 onsetDelta=1.08100 baseline=0.00168 adaptive=0.02675 lastPeak=0.00000 guard=0.060 activeAge=-1.000 pitch=-1.00Hz pitchCents=0.0
2025-12-20 00:45:10 [tracker] [s2] onset t=24.917 env=0.02854 gate=0.00001 envDelta=0.02853 envFloor=0.00185 onset=0.920 thresh=0.009 onsetDelta=0.91144 baseline=0.00088 adaptive=0.02700 lastPeak=0.00000 guard=0.060 activeAge=-1.000 pitch=-1.00Hz pitchCents=0.0
2025-12-20 00:45:10 [tracker] [s6] onset t=24.923 env=0.02501 gate=0.00042 envDelta=0.02459 envFloor=0.00353 onset=0.785 thresh=0.018 onsetDelta=0.76743 baseline=0.00168 adaptive=0.02646 lastPeak=0.00000 guard=0.060 activeAge=-1.000 pitch=-1.00Hz pitchCents=0.0
2025-12-20 00:45:10 [tracker] [s1] aubio-raw t=24.9679 onset=0.696565 env=0.019890 peak=0.025187 gain=1.000
2025-12-20 00:45:10 [tracker] [s1] onset-accepted t=24.9679 env=0.019890 gate=0.000040 envDelta=0.019850 envFloor=0.001512 onset=0.696565 thresh=0.006000 onsetDelta=0.690565 baseline=0.000720 floor=0.000180 adapt=0.021469 lastPeak=0.000000 baseParam=0.000180 gateRatio=0.0550 envParam=0.000450 onsetScale=0.300 retriggerScale=1.400 guard=0.060 guardRemain=0.000 activeAge=-1.000 retrigRemain=0.000 pitchHz=-1.00 pitchCents=0.0
2025-12-20 00:45:10 [tracker] [s1] onset t=24.968 env=0.01989 gate=0.00004 envDelta=0.01985 envFloor=0.00151 onset=0.697 thresh=0.006 onsetDelta=0.69056 baseline=0.00072 adaptive=0.02147 lastPeak=0.00000 guard=0.060 activeAge=-1.000 pitch=-1.00Hz pitchCents=0.0
2025-12-20 00:45:11 [tracker] [s4] onset t=24.987 env=0.01157 gate=0.00022 envDelta=0.01135 envFloor=0.00269 onset=0.586 thresh=0.014 onsetDelta=0.57244 baseline=0.00128 adaptive=0.02684 lastPeak=0.00000 guard=0.060 activeAge=-1.000 pitch=-1.00Hz pitchCents=0.0
2025-12-20 00:45:11 [tracker] [s1] aubio-raw t=25.0505 onset=0.999859 env=0.022417 peak=0.025622 gain=1.000
2025-12-20 00:45:11 [tracker] [s1] onset-accepted t=25.0505 env=0.022417 gate=0.000040 envDelta=0.022378 envFloor=0.001512 onset=0.999859 thresh=0.006000 onsetDelta=0.993859 baseline=0.000720 floor=0.000180 adapt=0.021178 lastPeak=0.000000 baseParam=0.000180 gateRatio=0.0550 envParam=0.000450 onsetScale=0.300 retriggerScale=1.400 guard=0.060 guardRemain=0.000 activeAge=-1.000 retrigRemain=0.000 pitchHz=-1.00 pitchCents=0.0
2025-12-20 00:45:11 [tracker] [s1] onset t=25.051 env=0.02242 gate=0.00004 envDelta=0.02238 envFloor=0.00151 onset=1.000 thresh=0.006 onsetDelta=0.99386 baseline=0.00072 adaptive=0.02118 lastPeak=0.00000 guard=0.060 activeAge=-1.000 pitch=-1.00Hz pitchCents=0.0
2025-12-20 00:45:11 [tracker] [s4] onset t=25.051 env=0.02914 gate=0.00022 envDelta=0.02892 envFloor=0.00269 onset=0.943 thresh=0.014 onsetDelta=0.92934 baseline=0.00128 adaptive=0.02741 lastPeak=0.00000 guard=0.060 activeAge=-1.000 pitch=-1.00Hz pitchCents=0.0
2025-12-20 00:45:11 [tracker] [s1] aubio-raw t=25.1865 onset=0.998271 env=0.009459 peak=0.016837 gain=1.000
2025-12-20 00:45:11 [tracker] [s1] onset-accepted t=25.1865 env=0.009459 gate=0.000040 envDelta=0.009420 envFloor=0.001512 onset=0.998271 thresh=0.006000 onsetDelta=0.992271 baseline=0.000720 floor=0.000180 adapt=0.020803 lastPeak=0.000000 baseParam=0.000180 gateRatio=0.0550 envParam=0.000450 onsetScale=0.300 retriggerScale=1.400 guard=0.060 guardRemain=0.000 activeAge=-1.000 retrigRemain=0.000 pitchHz=-1.00 pitchCents=0.0
2025-12-20 00:45:11 [tracker] [s1] onset t=25.187 env=0.00946 gate=0.00004 envDelta=0.00942 envFloor=0.00151 onset=0.998 thresh=0.006 onsetDelta=0.99227 baseline=0.00072 adaptive=0.02080 lastPeak=0.00000 guard=0.060 activeAge=-1.000 pitch=-1.00Hz pitchCents=0.0
2025-12-20 00:45:11 [tracker] [s4] onset t=25.288 env=0.01302 gate=0.00022 envDelta=0.01280 envFloor=0.00269 onset=0.987 thresh=0.014 onsetDelta=0.97286 baseline=0.00128 adaptive=0.02716 lastPeak=0.00000 guard=0.060 activeAge=-1.000 pitch=-1.00Hz pitchCents=0.0
2025-12-20 00:45:11 [tracker] [s2] onset t=25.304 env=0.00983 gate=0.00001 envDelta=0.00982 envFloor=0.00185 onset=0.950 thresh=0.009 onsetDelta=0.94064 baseline=0.00088 adaptive=0.02669 lastPeak=0.00000 guard=0.060 activeAge=-1.000 pitch=-1.00Hz pitchCents=0.0
2025-12-20 00:45:11 [tracker] [s3] onset t=25.472 env=0.01851 gate=0.00014 envDelta=0.01838 envFloor=0.00218 onset=0.994 thresh=0.012 onsetDelta=0.98218 baseline=0.00104 adaptive=0.02713 lastPeak=0.00000 guard=0.060 activeAge=-1.000 pitch=-1.00Hz pitchCents=0.0
2025-12-20 00:45:11 [tracker] [s1] aubio-raw t=25.4932 onset=0.765961 env=0.019365 peak=0.024788 gain=1.000
2025-12-20 00:45:11 [tracker] [s1] onset-accepted t=25.4932 env=0.019365 gate=0.000040 envDelta=0.019325 envFloor=0.001512 onset=0.765961 thresh=0.006000 onsetDelta=0.759961 baseline=0.000720 floor=0.000180 adapt=0.021422 lastPeak=0.000000 baseParam=0.000180 gateRatio=0.0550 envParam=0.000450 onsetScale=0.300 retriggerScale=1.400 guard=0.060 guardRemain=0.000 activeAge=-1.000 retrigRemain=0.000 pitchHz=-1.00 pitchCents=0.0
2025-12-20 00:45:11 [tracker] [s4] onset t=25.541 env=0.03207 gate=0.00022 envDelta=0.03185 envFloor=0.00269 onset=1.068 thresh=0.014 onsetDelta=1.05351 baseline=0.00128 adaptive=0.02779 lastPeak=0.00000 guard=0.060 activeAge=-1.000 pitch=-1.00Hz pitchCents=0.0
2025-12-20 00:45:11 [tracker] [s2] onset t=25.602 env=0.01748 gate=0.00001 envDelta=0.01747 envFloor=0.00185 onset=0.897 thresh=0.009 onsetDelta=0.88823 baseline=0.00088 adaptive=0.02698 lastPeak=0.00000 guard=0.060 activeAge=-1.000 pitch=-1.00Hz pitchCents=0.0
2025-12-20 00:45:11 [tracker] [s3] onset t=25.653 env=0.01307 gate=0.00014 envDelta=0.01293 envFloor=0.00218 onset=0.998 thresh=0.012 onsetDelta=0.98639 baseline=0.00104 adaptive=0.02707 lastPeak=0.00000 guard=0.060 activeAge=-1.000 pitch=-1.00Hz pitchCents=0.0
2025-12-20 00:45:11 [tracker] [s2] onset t=25.682 env=0.03100 gate=0.00001 envDelta=0.03099 envFloor=0.00185 onset=1.316 thresh=0.009 onsetDelta=1.30690 baseline=0.00088 adaptive=0.02745 lastPeak=0.00000 guard=0.060 activeAge=-1.000 pitch=-1.00Hz pitchCents=0.0
2025-12-20 00:45:11 [tracker] [s6] onset t=25.730 env=0.02051 gate=0.00042 envDelta=0.02009 envFloor=0.00353 onset=1.002 thresh=0.018 onsetDelta=0.98372 baseline=0.00168 adaptive=0.02658 lastPeak=0.00000 guard=0.060 activeAge=-1.000 pitch=-1.00Hz pitchCents=0.0
2025-12-20 00:45:11 [tracker] [s1] aubio-raw t=25.7678 onset=1.008436 env=0.020993 peak=0.025515 gain=1.000
2025-12-20 00:45:11 [tracker] [s1] onset-accepted t=25.7678 env=0.020993 gate=0.000040 envDelta=0.020953 envFloor=0.001512 onset=1.008436 thresh=0.006000 onsetDelta=1.002436 baseline=0.000720 floor=0.000180 adapt=0.021267 lastPeak=0.000000 baseParam=0.000180 gateRatio=0.0550 envParam=0.000450 onsetScale=0.300 retriggerScale=1.400 guard=0.060 guardRemain=0.000 activeAge=-1.000 retrigRemain=0.000 pitchHz=-1.00 pitchCents=0.0
2025-12-20 00:45:11 [tracker] [s1] onset t=25.768 env=0.02099 gate=0.00004 envDelta=0.02095 envFloor=0.00151 onset=1.008 thresh=0.006 onsetDelta=1.00244 baseline=0.00072 adaptive=0.02127 lastPeak=0.00000 guard=0.060 activeAge=-1.000 pitch=-1.00Hz pitchCents=0.0
2025-12-20 00:45:11 [tracker] [s3] onset t=25.834 env=0.02769 gate=0.00014 envDelta=0.02755 envFloor=0.00218 onset=1.433 thresh=0.012 onsetDelta=1.42179 baseline=0.00104 adaptive=0.02773 lastPeak=0.00000 guard=0.060 activeAge=-1.000 pitch=-1.00Hz pitchCents=0.0
2025-12-20 00:45:11 [tracker] [s3] onset t=25.901 env=0.02752 gate=0.00014 envDelta=0.02738 envFloor=0.00218 onset=1.117 thresh=0.012 onsetDelta=1.10492 baseline=0.00104 adaptive=0.02759 lastPeak=0.00000 guard=0.060 activeAge=-1.000 pitch=-1.00Hz pitchCents=0.0
2025-12-20 00:45:11 [tracker] [s5] onset t=25.946 env=0.01387 gate=0.00031 envDelta=0.01356 envFloor=0.00311 onset=1.288 thresh=0.016 onsetDelta=1.27244 baseline=0.00148 adaptive=0.02665 lastPeak=0.00000 guard=0.060 activeAge=-1.000 pitch=-1.00Hz pitchCents=0.0
2025-12-20 00:45:11 [tracker] [s4] onset t=25.949 env=0.03161 gate=0.00022 envDelta=0.03139 envFloor=0.00269 onset=1.484 thresh=0.014 onsetDelta=1.47015 baseline=0.00128 adaptive=0.02782 lastPeak=0.00000 guard=0.060 activeAge=-1.000 pitch=-1.00Hz pitchCents=0.0
2025-12-20 00:45:12 [tracker] [s2] onset t=25.978 env=0.01172 gate=0.00001 envDelta=0.01171 envFloor=0.00185 onset=0.994 thresh=0.009 onsetDelta=0.98488 baseline=0.00088 adaptive=0.02651 lastPeak=0.00000 guard=0.060 activeAge=-1.000 pitch=-1.00Hz pitchCents=0.0
2025-12-20 00:45:12 [tracker] [s1] aubio-raw t=26.0051 onset=0.816242 env=0.012775 peak=0.022170 gain=1.000
2025-12-20 00:45:12 [tracker] [s1] onset-accepted t=26.0051 env=0.012775 gate=0.000040 envDelta=0.012735 envFloor=0.001512 onset=0.816242 thresh=0.006000 onsetDelta=0.810242 baseline=0.000720 floor=0.000180 adapt=0.020921 lastPeak=0.000000 baseParam=0.000180 gateRatio=0.0550 envParam=0.000450 onsetScale=0.300 retriggerScale=1.400 guard=0.060 guardRemain=0.000 activeAge=-1.000 retrigRemain=0.000 pitchHz=-1.00 pitchCents=0.0
2025-12-20 00:45:12 [tracker] [s1] onset t=26.005 env=0.01277 gate=0.00004 envDelta=0.01274 envFloor=0.00151 onset=0.816 thresh=0.006 onsetDelta=0.81024 baseline=0.00072 adaptive=0.02092 lastPeak=0.00000 guard=0.060 activeAge=-1.000 pitch=-1.00Hz pitchCents=0.0
2025-12-20 00:45:12 [tracker] [s6] onset t=26.048 env=0.02485 gate=0.00042 envDelta=0.02443 envFloor=0.00353 onset=1.011 thresh=0.018 onsetDelta=0.99298 baseline=0.00168 adaptive=0.02649 lastPeak=0.00000 guard=0.060 activeAge=-1.000 pitch=-1.00Hz pitchCents=0.0
2025-12-20 00:45:12 [tracker] [s4] onset t=26.050 env=0.03018 gate=0.00022 envDelta=0.02996 envFloor=0.00269 onset=1.021 thresh=0.014 onsetDelta=1.00719 baseline=0.00128 adaptive=0.02734 lastPeak=0.00000 guard=0.060 activeAge=-1.000 pitch=-1.00Hz pitchCents=0.0
2025-12-20 00:45:12 [tracker] [s3] onset t=26.234 env=0.02820 gate=0.00014 envDelta=0.02806 envFloor=0.00218 onset=0.748 thresh=0.012 onsetDelta=0.73666 baseline=0.00104 adaptive=0.02764 lastPeak=0.00000 guard=0.060 activeAge=-1.000 pitch=-1.00Hz pitchCents=0.0
2025-12-20 00:45:12 [tracker] [s2] onset t=26.325 env=0.03098 gate=0.00001 envDelta=0.03097 envFloor=0.00185 onset=0.534 thresh=0.009 onsetDelta=0.52454 baseline=0.00088 adaptive=0.02712 lastPeak=0.00000 guard=0.060 activeAge=-1.000 pitch=-1.00Hz pitchCents=0.0
2025-12-20 00:45:12 [tracker] [s3] onset t=26.378 env=0.01277 gate=0.00014 envDelta=0.01263 envFloor=0.00218 onset=0.834 thresh=0.012 onsetDelta=0.82277 baseline=0.00104 adaptive=0.02709 lastPeak=0.00000 guard=0.060 activeAge=-1.000 pitch=-1.00Hz pitchCents=0.0
2025-12-20 00:45:12 [tracker] [s5] onset t=26.440 env=0.02576 gate=0.00031 envDelta=0.02545 envFloor=0.00311 onset=1.227 thresh=0.016 onsetDelta=1.21122 baseline=0.00148 adaptive=0.02644 lastPeak=0.00000 guard=0.060 activeAge=-1.000 pitch=-1.00Hz pitchCents=0.0
2025-12-20 00:45:12 [tracker] [s3] onset t=26.461 env=0.01734 gate=0.00014 envDelta=0.01720 envFloor=0.00218 onset=0.995 thresh=0.012 onsetDelta=0.98365 baseline=0.00104 adaptive=0.02730 lastPeak=0.00000 guard=0.060 activeAge=-1.000 pitch=-1.00Hz pitchCents=0.0
2025-12-20 00:45:12 [tracker] [s4] onset t=26.485 env=0.02438 gate=0.00022 envDelta=0.02417 envFloor=0.00269 onset=0.985 thresh=0.014 onsetDelta=0.97144 baseline=0.00128 adaptive=0.02772 lastPeak=0.00000 guard=0.060 activeAge=-1.000 pitch=-1.00Hz pitchCents=0.0
2025-12-20 00:45:12 [tracker] [s3] onset t=26.536 env=0.01998 gate=0.00014 envDelta=0.01985 envFloor=0.00218 onset=0.913 thresh=0.012 onsetDelta=0.90101 baseline=0.00104 adaptive=0.02769 lastPeak=0.00000 guard=0.060 activeAge=-1.000 pitch=-1.00Hz pitchCents=0.0
2025-12-20 00:45:12 [tracker] [s2] onset t=26.552 env=0.02429 gate=0.00001 envDelta=0.02428 envFloor=0.00185 onset=0.981 thresh=0.009 onsetDelta=0.97195 baseline=0.00088 adaptive=0.02728 lastPeak=0.00000 guard=0.060 activeAge=-1.000 pitch=-1.00Hz pitchCents=0.0
2025-12-20 00:45:12 [tracker] [s3] onset t=26.589 env=0.02148 gate=0.00014 envDelta=0.02134 envFloor=0.00218 onset=0.998 thresh=0.012 onsetDelta=0.98618 baseline=0.00104 adaptive=0.02709 lastPeak=0.00000 guard=0.060 activeAge=-1.000 pitch=-1.00Hz pitchCents=0.0
2025-12-20 00:45:12 [tracker] [s4] onset t=26.722 env=0.02076 gate=0.00022 envDelta=0.02054 envFloor=0.00269 onset=0.835 thresh=0.014 onsetDelta=0.82057 baseline=0.00128 adaptive=0.02698 lastPeak=0.00000 guard=0.060 activeAge=-1.000 pitch=-1.00Hz pitchCents=0.0
2025-12-20 00:45:12 [tracker] [s2] onset t=26.837 env=0.01150 gate=0.00001 envDelta=0.01149 envFloor=0.00185 onset=1.337 thresh=0.009 onsetDelta=1.32807 baseline=0.00088 adaptive=0.02663 lastPeak=0.00000 guard=0.060 activeAge=-1.000 pitch=-1.00Hz pitchCents=0.0
2025-12-20 00:45:12 [tracker] [s3] onset t=26.837 env=0.01144 gate=0.00014 envDelta=0.01130 envFloor=0.00218 onset=0.991 thresh=0.012 onsetDelta=0.97910 baseline=0.00104 adaptive=0.02702 lastPeak=0.00000 guard=0.060 activeAge=-1.000 pitch=-1.00Hz pitchCents=0.0
2025-12-20 00:45:13 [tracker] [s6] onset t=27.024 env=0.02851 gate=0.00042 envDelta=0.02809 envFloor=0.00353 onset=0.996 thresh=0.018 onsetDelta=0.97786 baseline=0.00168 adaptive=0.02702 lastPeak=0.00000 guard=0.060 activeAge=-1.000 pitch=-1.00Hz pitchCents=0.0
2025-12-20 00:45:13 [tracker] [s3] onset t=27.168 env=0.02925 gate=0.00014 envDelta=0.02911 envFloor=0.00218 onset=0.881 thresh=0.012 onsetDelta=0.86894 baseline=0.00104 adaptive=0.02748 lastPeak=0.00000 guard=0.060 activeAge=-1.000 pitch=-1.00Hz pitchCents=0.0
2025-12-20 00:45:13 [tracker] [s1] aubio-raw t=27.2370 onset=0.975470 env=0.009572 peak=0.017057 gain=1.000
2025-12-20 00:45:13 [tracker] [s1] onset-accepted t=27.2370 env=0.009572 gate=0.000040 envDelta=0.009532 envFloor=0.001512 onset=0.975470 thresh=0.006000 onsetDelta=0.969470 baseline=0.000720 floor=0.000180 adapt=0.020820 lastPeak=0.000000 baseParam=0.000180 gateRatio=0.0550 envParam=0.000450 onsetScale=0.300 retriggerScale=1.400 guard=0.060 guardRemain=0.000 activeAge=-1.000 retrigRemain=0.000 pitchHz=-1.00 pitchCents=0.0
2025-12-20 00:45:13 [tracker] [s1] onset t=27.237 env=0.00957 gate=0.00004 envDelta=0.00953 envFloor=0.00151 onset=0.975 thresh=0.006 onsetDelta=0.96947 baseline=0.00072 adaptive=0.02082 lastPeak=0.00000 guard=0.060 activeAge=-1.000 pitch=-1.00Hz pitchCents=0.0
2025-12-20 00:45:13 [tracker] [s6] onset t=27.264 env=0.01620 gate=0.00042 envDelta=0.01578 envFloor=0.00353 onset=1.040 thresh=0.018 onsetDelta=1.02163 baseline=0.00168 adaptive=0.02672 lastPeak=0.00000 guard=0.060 activeAge=-1.000 pitch=-1.00Hz pitchCents=0.0
2025-12-20 00:45:13 [tracker] [s3] onset t=27.280 env=0.01108 gate=0.00014 envDelta=0.01094 envFloor=0.00218 onset=1.439 thresh=0.012 onsetDelta=1.42751 baseline=0.00104 adaptive=0.02740 lastPeak=0.00000 guard=0.060 activeAge=-1.000 pitch=-1.00Hz pitchCents=0.0
2025-12-20 00:45:13 [tracker] [s5] onset t=27.317 env=0.03087 gate=0.00031 envDelta=0.03056 envFloor=0.00311 onset=0.994 thresh=0.016 onsetDelta=0.97764 baseline=0.00148 adaptive=0.02704 lastPeak=0.00000 guard=0.060 activeAge=-1.000 pitch=-1.00Hz pitchCents=0.0
2025-12-20 00:45:13 [tracker] [s3] onset t=27.402 env=0.02226 gate=0.00014 envDelta=0.02212 envFloor=0.00218 onset=0.717 thresh=0.012 onsetDelta=0.70538 baseline=0.00104 adaptive=0.02773 lastPeak=0.00000 guard=0.060 activeAge=-1.000 pitch=-1.00Hz pitchCents=0.0
2025-12-20 00:45:13 [tracker] [s5] onset t=27.480 env=0.01062 gate=0.00031 envDelta=0.01031 envFloor=0.00311 onset=1.493 thresh=0.016 onsetDelta=1.47676 baseline=0.00148 adaptive=0.02670 lastPeak=0.00000 guard=0.060 activeAge=-1.000 pitch=-1.00Hz pitchCents=0.0
2025-12-20 00:45:13 [tracker] [s4] onset t=27.616 env=0.02993 gate=0.00022 envDelta=0.02971 envFloor=0.00269 onset=1.084 thresh=0.014 onsetDelta=1.06968 baseline=0.00128 adaptive=0.02761 lastPeak=0.00000 guard=0.060 activeAge=-1.000 pitch=-1.00Hz pitchCents=0.0
2025-12-20 00:45:13 [tracker] [s3] onset t=27.648 env=0.02111 gate=0.00014 envDelta=0.02098 envFloor=0.00218 onset=0.909 thresh=0.012 onsetDelta=0.89733 baseline=0.00104 adaptive=0.02701 lastPeak=0.00000 guard=0.060 activeAge=-1.000 pitch=-1.00Hz pitchCents=0.0
2025-12-20 00:45:13 [tracker] [s4] onset t=27.701 env=0.02957 gate=0.00022 envDelta=0.02936 envFloor=0.00269 onset=1.486 thresh=0.014 onsetDelta=1.47160 baseline=0.00128 adaptive=0.02728 lastPeak=0.00000 guard=0.060 activeAge=-1.000 pitch=-1.00Hz pitchCents=0.0
2025-12-20 00:45:13 [tracker] [s2] onset t=27.720 env=0.01754 gate=0.00001 envDelta=0.01753 envFloor=0.00185 onset=0.992 thresh=0.009 onsetDelta=0.98271 baseline=0.00088 adaptive=0.02676 lastPeak=0.00000 guard=0.060 activeAge=-1.000 pitch=-1.00Hz pitchCents=0.0
2025-12-20 00:45:13 [tracker] [s3] onset t=27.760 env=0.02921 gate=0.00014 envDelta=0.02908 envFloor=0.00218 onset=1.055 thresh=0.012 onsetDelta=1.04374 baseline=0.00104 adaptive=0.02758 lastPeak=0.00000 guard=0.060 activeAge=-1.000 pitch=-1.00Hz pitchCents=0.0
2025-12-20 00:45:13 [tracker] [s1] aubio-raw t=27.7677 onset=1.055025 env=0.023388 peak=0.025832 gain=1.000
2025-12-20 00:45:13 [tracker] [s1] onset-accepted t=27.7677 env=0.023388 gate=0.000040 envDelta=0.023349 envFloor=0.001512 onset=1.055025 thresh=0.006000 onsetDelta=1.049024 baseline=0.000720 floor=0.000180 adapt=0.021180 lastPeak=0.000000 baseParam=0.000180 gateRatio=0.0550 envParam=0.000450 onsetScale=0.300 retriggerScale=1.400 guard=0.060 guardRemain=0.000 activeAge=-1.000 retrigRemain=0.000 pitchHz=-1.00 pitchCents=0.0
2025-12-20 00:45:13 [tracker] [s1] onset t=27.768 env=0.02339 gate=0.00004 envDelta=0.02335 envFloor=0.00151 onset=1.055 thresh=0.006 onsetDelta=1.04902 baseline=0.00072 adaptive=0.02118 lastPeak=0.00000 guard=0.060 activeAge=-1.000 pitch=-1.00Hz pitchCents=0.0
2025-12-20 00:45:13 [tracker] [s4] onset t=27.821 env=0.01011 gate=0.00022 envDelta=0.00989 envFloor=0.00269 onset=0.717 thresh=0.014 onsetDelta=0.70341 baseline=0.00128 adaptive=0.02716 lastPeak=0.00000 guard=0.060 activeAge=-1.000 pitch=-1.00Hz pitchCents=0.0
2025-12-20 00:45:13 [tracker] [s5] onset t=27.864 env=0.01424 gate=0.00031 envDelta=0.01393 envFloor=0.00311 onset=0.989 thresh=0.016 onsetDelta=0.97340 baseline=0.00148 adaptive=0.02662 lastPeak=0.00000 guard=0.060 activeAge=-1.000 pitch=-1.00Hz pitchCents=0.0
2025-12-20 00:45:13 [tracker] [s2] onset t=27.912 env=0.01594 gate=0.00001 envDelta=0.01594 envFloor=0.00185 onset=0.524 thresh=0.009 onsetDelta=0.51508 baseline=0.00088 adaptive=0.02668 lastPeak=0.00000 guard=0.060 activeAge=-1.000 pitch=-1.00Hz pitchCents=0.0
2025-12-20 00:45:13 [tracker] [s6] onset t=27.965 env=0.02486 gate=0.00042 envDelta=0.02444 envFloor=0.00353 onset=1.005 thresh=0.018 onsetDelta=0.98672 baseline=0.00168 adaptive=0.02648 lastPeak=0.00000 guard=0.060 activeAge=-1.000 pitch=-1.00Hz pitchCents=0.0
2025-12-20 00:45:14 [tracker] [s1] aubio-raw t=27.9970 onset=0.996620 env=0.010889 peak=0.020215 gain=1.000
2025-12-20 00:45:14 [tracker] [s1] onset-accepted t=27.9970 env=0.010889 gate=0.000040 envDelta=0.010850 envFloor=0.001512 onset=0.996620 thresh=0.006000 onsetDelta=0.990620 baseline=0.000720 floor=0.000180 adapt=0.020961 lastPeak=0.000000 baseParam=0.000180 gateRatio=0.0550 envParam=0.000450 onsetScale=0.300 retriggerScale=1.400 guard=0.060 guardRemain=0.000 activeAge=-1.000 retrigRemain=0.000 pitchHz=-1.00 pitchCents=0.0
2025-12-20 00:45:14 [tracker] [s1] onset t=27.997 env=0.01089 gate=0.00004 envDelta=0.01085 envFloor=0.00151 onset=0.997 thresh=0.006 onsetDelta=0.99062 baseline=0.00072 adaptive=0.02096 lastPeak=0.00000 guard=0.060 activeAge=-1.000 pitch=-1.00Hz pitchCents=0.0
2025-12-20 00:45:14 [tracker] [s6] onset t=28.024 env=0.02716 gate=0.00042 envDelta=0.02674 envFloor=0.00353 onset=0.711 thresh=0.018 onsetDelta=0.69284 baseline=0.00168 adaptive=0.02674 lastPeak=0.00000 guard=0.060 activeAge=-1.000 pitch=-1.00Hz pitchCents=0.0
2025-12-20 00:45:14 [tracker] [s1] aubio-raw t=28.0503 onset=1.223535 env=0.024703 peak=0.025920 gain=1.000
2025-12-20 00:45:14 [tracker] [s1] onset-accepted t=28.0503 env=0.024703 gate=0.000040 envDelta=0.024664 envFloor=0.001512 onset=1.223535 thresh=0.006000 onsetDelta=1.217535 baseline=0.000720 floor=0.000180 adapt=0.021385 lastPeak=0.000000 baseParam=0.000180 gateRatio=0.0550 envParam=0.000450 onsetScale=0.300 retriggerScale=1.400 guard=0.060 guardRemain=0.000 activeAge=-1.000 retrigRemain=0.000 pitchHz=-1.00 pitchCents=0.0
2025-12-20 00:45:14 [tracker] [s1] onset t=28.050 env=0.02470 gate=0.00004 envDelta=0.02466 envFloor=0.00151 onset=1.224 thresh=0.006 onsetDelta=1.21753 baseline=0.00072 adaptive=0.02139 lastPeak=0.00000 guard=0.060 activeAge=-1.000 pitch=-1.00Hz pitchCents=0.0
2025-12-20 00:45:14 [tracker] [s2] onset t=28.050 env=0.03142 gate=0.00001 envDelta=0.03141 envFloor=0.00185 onset=1.060 thresh=0.009 onsetDelta=1.05137 baseline=0.00088 adaptive=0.02731 lastPeak=0.00000 guard=0.060 activeAge=-1.000 pitch=-1.00Hz pitchCents=0.0
2025-12-20 00:45:14 [tracker] [s5] onset t=28.080 env=0.01000 gate=0.00031 envDelta=0.00969 envFloor=0.00311 onset=0.947 thresh=0.016 onsetDelta=0.93056 baseline=0.00148 adaptive=0.02660 lastPeak=0.00000 guard=0.060 activeAge=-1.000 pitch=-1.00Hz pitchCents=0.0
2025-12-20 00:45:14 [tracker] [s6] onset t=28.098 env=0.02461 gate=0.00042 envDelta=0.02419 envFloor=0.00353 onset=0.803 thresh=0.018 onsetDelta=0.78484 baseline=0.00168 adaptive=0.02641 lastPeak=0.00000 guard=0.060 activeAge=-1.000 pitch=-1.00Hz pitchCents=0.0
2025-12-20 00:45:14 [tracker] [s3] onset t=28.136 env=0.02385 gate=0.00014 envDelta=0.02371 envFloor=0.00218 onset=0.872 thresh=0.012 onsetDelta=0.86054 baseline=0.00104 adaptive=0.02773 lastPeak=0.00000 guard=0.060 activeAge=-1.000 pitch=-1.00Hz pitchCents=0.0
2025-12-20 00:45:14 [tracker] [s4] onset t=28.154 env=0.01034 gate=0.00022 envDelta=0.01013 envFloor=0.00269 onset=0.806 thresh=0.014 onsetDelta=0.79202 baseline=0.00128 adaptive=0.02692 lastPeak=0.00000 guard=0.060 activeAge=-1.000 pitch=-1.00Hz pitchCents=0.0
2025-12-20 00:45:14 [tracker] [s1] aubio-raw t=28.2370 onset=0.993773 env=0.010966 peak=0.018423 gain=1.000
2025-12-20 00:45:14 [tracker] [s1] onset-accepted t=28.2370 env=0.010966 gate=0.000040 envDelta=0.010927 envFloor=0.001512 onset=0.993773 thresh=0.006000 onsetDelta=0.987773 baseline=0.000720 floor=0.000180 adapt=0.020878 lastPeak=0.000000 baseParam=0.000180 gateRatio=0.0550 envParam=0.000450 onsetScale=0.300 retriggerScale=1.400 guard=0.060 guardRemain=0.000 activeAge=-1.000 retrigRemain=0.000 pitchHz=-1.00 pitchCents=0.0
2025-12-20 00:45:14 [tracker] [s1] onset t=28.237 env=0.01097 gate=0.00004 envDelta=0.01093 envFloor=0.00151 onset=0.994 thresh=0.006 onsetDelta=0.98777 baseline=0.00072 adaptive=0.02088 lastPeak=0.00000 guard=0.060 activeAge=-1.000 pitch=-1.00Hz pitchCents=0.0
2025-12-20 00:45:14 [tracker] [s4] onset t=28.320 env=0.01926 gate=0.00022 envDelta=0.01904 envFloor=0.00269 onset=1.077 thresh=0.014 onsetDelta=1.06253 baseline=0.00128 adaptive=0.02733 lastPeak=0.00000 guard=0.060 activeAge=-1.000 pitch=-1.00Hz pitchCents=0.0
2025-12-20 00:45:14 [tracker] [s6] onset t=28.338 env=0.01074 gate=0.00042 envDelta=0.01032 envFloor=0.00353 onset=1.230 thresh=0.018 onsetDelta=1.21220 baseline=0.00168 adaptive=0.02673 lastPeak=0.00000 guard=0.060 activeAge=-1.000 pitch=-1.00Hz pitchCents=0.0
2025-12-20 00:45:14 [tracker] [s1] aubio-raw t=28.4183 onset=1.467699 env=0.021706 peak=0.025634 gain=1.000
2025-12-20 00:45:14 [tracker] [s1] onset-accepted t=28.4183 env=0.021706 gate=0.000040 envDelta=0.021667 envFloor=0.001512 onset=1.467699 thresh=0.006000 onsetDelta=1.461699 baseline=0.000720 floor=0.000180 adapt=0.021232 lastPeak=0.000000 baseParam=0.000180 gateRatio=0.0550 envParam=0.000450 onsetScale=0.300 retriggerScale=1.400 guard=0.060 guardRemain=0.000 activeAge=-1.000 retrigRemain=0.000 pitchHz=-1.00 pitchCents=0.0
2025-12-20 00:45:14 [tracker] [s1] onset t=28.418 env=0.02171 gate=0.00004 envDelta=0.02167 envFloor=0.00151 onset=1.468 thresh=0.006 onsetDelta=1.46170 baseline=0.00072 adaptive=0.02123 lastPeak=0.00000 guard=0.060 activeAge=-1.000 pitch=-1.00Hz pitchCents=0.0
2025-12-20 00:45:14 [tracker] [s6] onset t=28.429 env=0.01233 gate=0.00042 envDelta=0.01191 envFloor=0.00353 onset=1.493 thresh=0.018 onsetDelta=1.47496 baseline=0.00168 adaptive=0.02658 lastPeak=0.00000 guard=0.060 activeAge=-1.000 pitch=-1.00Hz pitchCents=0.0
2025-12-20 00:45:14 [tracker] [s3] onset t=28.522 env=0.01564 gate=0.00014 envDelta=0.01550 envFloor=0.00218 onset=0.736 thresh=0.012 onsetDelta=0.72447 baseline=0.00104 adaptive=0.02730 lastPeak=0.00000 guard=0.060 activeAge=-1.000 pitch=-1.00Hz pitchCents=0.0
2025-12-20 00:45:14 [tracker] [s5] onset t=28.554 env=0.01064 gate=0.00031 envDelta=0.01033 envFloor=0.00311 onset=1.287 thresh=0.016 onsetDelta=1.27129 baseline=0.00148 adaptive=0.02630 lastPeak=0.00000 guard=0.060 activeAge=-1.000 pitch=-1.00Hz pitchCents=0.0
2025-12-20 00:45:14 [tracker] [s1] aubio-raw t=28.5783 onset=0.971107 env=0.013705 peak=0.020695 gain=1.000
2025-12-20 00:45:14 [tracker] [s1] onset-accepted t=28.5783 env=0.013705 gate=0.000040 envDelta=0.013665 envFloor=0.001512 onset=0.971107 thresh=0.006000 onsetDelta=0.965108 baseline=0.000720 floor=0.000180 adapt=0.021092 lastPeak=0.000000 baseParam=0.000180 gateRatio=0.0550 envParam=0.000450 onsetScale=0.300 retriggerScale=1.400 guard=0.060 guardRemain=0.000 activeAge=-1.000 retrigRemain=0.000 pitchHz=-1.00 pitchCents=0.0
2025-12-20 00:45:14 [tracker] [s1] onset t=28.578 env=0.01370 gate=0.00004 envDelta=0.01367 envFloor=0.00151 onset=0.971 thresh=0.006 onsetDelta=0.96511 baseline=0.00072 adaptive=0.02109 lastPeak=0.00000 guard=0.060 activeAge=-1.000 pitch=-1.00Hz pitchCents=0.0
2025-12-20 00:45:14 [tracker] [s4] onset t=28.602 env=0.02467 gate=0.00022 envDelta=0.02445 envFloor=0.00269 onset=1.030 thresh=0.014 onsetDelta=1.01631 baseline=0.00128 adaptive=0.02768 lastPeak=0.00000 guard=0.060 activeAge=-1.000 pitch=-1.00Hz pitchCents=0.0
2025-12-20 00:45:14 [tracker] [s2] onset t=28.618 env=0.02743 gate=0.00001 envDelta=0.02742 envFloor=0.00185 onset=1.357 thresh=0.009 onsetDelta=1.34829 baseline=0.00088 adaptive=0.02687 lastPeak=0.00000 guard=0.060 activeAge=-1.000 pitch=-1.00Hz pitchCents=0.0
2025-12-20 00:45:14 [tracker] [s5] onset t=28.650 env=0.03105 gate=0.00031 envDelta=0.03073 envFloor=0.00311 onset=0.998 thresh=0.016 onsetDelta=0.98172 baseline=0.00148 adaptive=0.02719 lastPeak=0.00000 guard=0.060 activeAge=-1.000 pitch=-1.00Hz pitchCents=0.0
2025-12-20 00:45:14 [tracker] [s4] onset t=28.690 env=0.02599 gate=0.00022 envDelta=0.02578 envFloor=0.00269 onset=0.597 thresh=0.014 onsetDelta=0.58259 baseline=0.00128 adaptive=0.02693 lastPeak=0.00000 guard=0.060 activeAge=-1.000 pitch=-1.00Hz pitchCents=0.0
2025-12-20 00:45:14 [tracker] [s3] onset t=28.920 env=0.02085 gate=0.00014 envDelta=0.02072 envFloor=0.00218 onset=0.999 thresh=0.012 onsetDelta=0.98747 baseline=0.00104 adaptive=0.02762 lastPeak=0.00000 guard=0.060 activeAge=-1.000 pitch=-1.00Hz pitchCents=0.0
2025-12-20 00:45:14 [tracker] [s4] onset t=28.952 env=0.02895 gate=0.00022 envDelta=0.02874 envFloor=0.00269 onset=1.159 thresh=0.014 onsetDelta=1.14478 baseline=0.00128 adaptive=0.02744 lastPeak=0.00000 guard=0.060 activeAge=-1.000 pitch=-1.00Hz pitchCents=0.0
2025-12-20 00:45:15 [tracker] [s3] onset t=29.048 env=0.01749 gate=0.00014 envDelta=0.01736 envFloor=0.00218 onset=1.048 thresh=0.012 onsetDelta=1.03684 baseline=0.00104 adaptive=0.02719 lastPeak=0.00000 guard=0.060 activeAge=-1.000 pitch=-1.00Hz pitchCents=0.0
2025-12-20 00:45:15 [tracker] [s1] aubio-raw t=29.1356 onset=1.035576 env=0.019909 peak=0.025108 gain=1.000
2025-12-20 00:45:15 [tracker] [s1] onset-accepted t=29.1356 env=0.019909 gate=0.000040 envDelta=0.019869 envFloor=0.001512 onset=1.035576 thresh=0.006000 onsetDelta=1.029576 baseline=0.000720 floor=0.000180 adapt=0.021464 lastPeak=0.000000 baseParam=0.000180 gateRatio=0.0550 envParam=0.000450 onsetScale=0.300 retriggerScale=1.400 guard=0.060 guardRemain=0.000 activeAge=-1.000 retrigRemain=0.000 pitchHz=-1.00 pitchCents=0.0
2025-12-20 00:45:15 [tracker] [s1] onset t=29.136 env=0.01991 gate=0.00004 envDelta=0.01987 envFloor=0.00151 onset=1.036 thresh=0.006 onsetDelta=1.02958 baseline=0.00072 adaptive=0.02146 lastPeak=0.00000 guard=0.060 activeAge=-1.000 pitch=-1.00Hz pitchCents=0.0
2025-12-20 00:45:15 [tracker] [s4] onset t=29.162 env=0.01383 gate=0.00022 envDelta=0.01361 envFloor=0.00269 onset=1.229 thresh=0.014 onsetDelta=1.21493 baseline=0.00128 adaptive=0.02693 lastPeak=0.00000 guard=0.060 activeAge=-1.000 pitch=-1.00Hz pitchCents=0.0
2025-12-20 00:45:15 [tracker] [s2] onset t=29.165 env=0.02248 gate=0.00001 envDelta=0.02247 envFloor=0.00185 onset=0.994 thresh=0.009 onsetDelta=0.98470 baseline=0.00088 adaptive=0.02644 lastPeak=0.00000 guard=0.060 activeAge=-1.000 pitch=-1.00Hz pitchCents=0.0
2025-12-20 00:45:15 [tracker] [s4] onset t=29.450 env=0.03197 gate=0.00022 envDelta=0.03175 envFloor=0.00269 onset=0.918 thresh=0.014 onsetDelta=0.90378 baseline=0.00128 adaptive=0.02783 lastPeak=0.00000 guard=0.060 activeAge=-1.000 pitch=-1.00Hz pitchCents=0.0
2025-12-20 00:45:15 [tracker] [s5] onset t=29.493 env=0.03049 gate=0.00031 envDelta=0.03018 envFloor=0.00311 onset=0.938 thresh=0.016 onsetDelta=0.92195 baseline=0.00148 adaptive=0.02703 lastPeak=0.00000 guard=0.060 activeAge=-1.000 pitch=-1.00Hz pitchCents=0.0
2025-12-20 00:45:15 [tracker] [s2] onset t=29.496 env=0.01471 gate=0.00001 envDelta=0.01470 envFloor=0.00185 onset=0.996 thresh=0.009 onsetDelta=0.98663 baseline=0.00088 adaptive=0.02661 lastPeak=0.00000 guard=0.060 activeAge=-1.000 pitch=-1.00Hz pitchCents=0.0
2025-12-20 00:45:15 [tracker] [s4] onset t=29.517 env=0.03208 gate=0.00022 envDelta=0.03186 envFloor=0.00269 onset=1.293 thresh=0.014 onsetDelta=1.27890 baseline=0.00128 adaptive=0.02793 lastPeak=0.00000 guard=0.060 activeAge=-1.000 pitch=-1.00Hz pitchCents=0.0
2025-12-20 00:45:15 [tracker] [s5] onset t=29.845 env=0.02042 gate=0.00031 envDelta=0.02010 envFloor=0.00311 onset=1.125 thresh=0.016 onsetDelta=1.10895 baseline=0.00148 adaptive=0.02709 lastPeak=0.00000 guard=0.060 activeAge=-1.000 pitch=-1.00Hz pitchCents=0.0
2025-12-20 00:45:15 [tracker] [s4] onset t=29.936 env=0.02706 gate=0.00022 envDelta=0.02684 envFloor=0.00269 onset=0.781 thresh=0.014 onsetDelta=0.76742 baseline=0.00128 adaptive=0.02760 lastPeak=0.00000 guard=0.060 activeAge=-1.000 pitch=-1.00Hz pitchCents=0.0
2025-12-20 00:45:15 [tracker] [s1] aubio-raw t=29.9515 onset=0.994548 env=0.023225 peak=0.025629 gain=1.000
2025-12-20 00:45:15 [tracker] [s1] onset-accepted t=29.9515 env=0.023225 gate=0.000040 envDelta=0.023186 envFloor=0.001512 onset=0.994548 thresh=0.006000 onsetDelta=0.988548 baseline=0.000720 floor=0.000180 adapt=0.021164 lastPeak=0.000000 baseParam=0.000180 gateRatio=0.0550 envParam=0.000450 onsetScale=0.300 retriggerScale=1.400 guard=0.060 guardRemain=0.000 activeAge=-1.000 retrigRemain=0.000 pitchHz=-1.00 pitchCents=0.0
2025-12-20 00:45:15 [tracker] [s1] onset t=29.951 env=0.02323 gate=0.00004 envDelta=0.02319 envFloor=0.00151 onset=0.995 thresh=0.006 onsetDelta=0.98855 baseline=0.00072 adaptive=0.02116 lastPeak=0.00000 guard=0.060 activeAge=-1.000 pitch=-1.00Hz pitchCents=0.0
2025-12-20 00:45:16 [tracker] [s1] aubio-raw t=30.0555 onset=1.105766 env=0.008943 peak=0.017445 gain=1.000
2025-12-20 00:45:16 [tracker] [s1] onset-accepted t=30.0555 env=0.008943 gate=0.000040 envDelta=0.008904 envFloor=0.001512 onset=1.105766 thresh=0.006000 onsetDelta=1.099766 baseline=0.000720 floor=0.000180 adapt=0.021066 lastPeak=0.000000 baseParam=0.000180 gateRatio=0.0550 envParam=0.000450 onsetScale=0.300 retriggerScale=1.400 guard=0.060 guardRemain=0.000 activeAge=-1.000 retrigRemain=0.000 pitchHz=-1.00 pitchCents=0.0
2025-12-20 00:45:16 [tracker] [s4] onset t=30.087 env=0.01333 gate=0.00022 envDelta=0.01312 envFloor=0.00269 onset=0.927 thresh=0.014 onsetDelta=0.91318 baseline=0.00128 adaptive=0.02698 lastPeak=0.00000 guard=0.060 activeAge=-1.000 pitch=-1.00Hz pitchCents=0.0
2025-12-20 00:45:16 [tracker] [s5] onset t=30.290 env=0.02190 gate=0.00031 envDelta=0.02159 envFloor=0.00311 onset=0.604 thresh=0.016 onsetDelta=0.58834 baseline=0.00148 adaptive=0.02639 lastPeak=0.00000 guard=0.060 activeAge=-1.000 pitch=-1.00Hz pitchCents=0.0
2025-12-20 00:45:16 [tracker] [s2] onset t=30.346 env=0.01193 gate=0.00001 envDelta=0.01192 envFloor=0.00185 onset=1.335 thresh=0.009 onsetDelta=1.32561 baseline=0.00088 adaptive=0.02653 lastPeak=0.00000 guard=0.060 activeAge=-1.000 pitch=-1.00Hz pitchCents=0.0
2025-12-20 00:45:16 [tracker] [s1] aubio-raw t=30.3888 onset=1.003086 env=0.008643 peak=0.016747 gain=1.000
2025-12-20 00:45:16 [tracker] [s1] onset-accepted t=30.3888 env=0.008643 gate=0.000040 envDelta=0.008603 envFloor=0.001512 onset=1.003086 thresh=0.006000 onsetDelta=0.997086 baseline=0.000720 floor=0.000180 adapt=0.021067 lastPeak=0.000000 baseParam=0.000180 gateRatio=0.0550 envParam=0.000450 onsetScale=0.300 retriggerScale=1.400 guard=0.060 guardRemain=0.000 activeAge=-1.000 retrigRemain=0.000 pitchHz=-1.00 pitchCents=0.0
2025-12-20 00:45:16 [tracker] [s1] onset t=30.389 env=0.00864 gate=0.00004 envDelta=0.00860 envFloor=0.00151 onset=1.003 thresh=0.006 onsetDelta=0.99709 baseline=0.00072 adaptive=0.02107 lastPeak=0.00000 guard=0.060 activeAge=-1.000 pitch=-1.00Hz pitchCents=0.0
2025-12-20 00:45:16 [tracker] [s3] onset t=30.637 env=0.01957 gate=0.00014 envDelta=0.01944 envFloor=0.00218 onset=0.626 thresh=0.012 onsetDelta=0.61458 baseline=0.00104 adaptive=0.02762 lastPeak=0.00000 guard=0.060 activeAge=-1.000 pitch=-1.00Hz pitchCents=0.0
2025-12-20 00:45:16 [tracker] [s2] onset t=30.653 env=0.02385 gate=0.00001 envDelta=0.02384 envFloor=0.00185 onset=1.069 thresh=0.009 onsetDelta=1.05961 baseline=0.00088 adaptive=0.02729 lastPeak=0.00000 guard=0.060 activeAge=-1.000 pitch=-1.00Hz pitchCents=0.0
2025-12-20 00:45:16 [tracker] [s3] onset t=30.719 env=0.02482 gate=0.00014 envDelta=0.02469 envFloor=0.00218 onset=0.751 thresh=0.012 onsetDelta=0.73985 baseline=0.00104 adaptive=0.02793 lastPeak=0.00000 guard=0.060 activeAge=-1.000 pitch=-1.00Hz pitchCents=0.0
2025-12-20 00:45:16 [tracker] [s3] onset t=30.770 env=0.01987 gate=0.00014 envDelta=0.01973 envFloor=0.00218 onset=0.577 thresh=0.012 onsetDelta=0.56498 baseline=0.00104 adaptive=0.02765 lastPeak=0.00000 guard=0.060 activeAge=-1.000 pitch=-1.00Hz pitchCents=0.0
2025-12-20 00:45:16 [tracker] [s2] onset t=30.786 env=0.02387 gate=0.00001 envDelta=0.02386 envFloor=0.00185 onset=0.998 thresh=0.009 onsetDelta=0.98916 baseline=0.00088 adaptive=0.02728 lastPeak=0.00000 guard=0.060 activeAge=-1.000 pitch=-1.00Hz pitchCents=0.0
2025-12-20 00:45:16 [tracker] [s5] onset t=30.871 env=0.01062 gate=0.00031 envDelta=0.01031 envFloor=0.00311 onset=1.375 thresh=0.016 onsetDelta=1.35889 baseline=0.00148 adaptive=0.02641 lastPeak=0.00000 guard=0.060 activeAge=-1.000 pitch=-1.00Hz pitchCents=0.0
2025-12-20 00:45:16 [tracker] [s6] onset t=30.933 env=0.02801 gate=0.00042 envDelta=0.02759 envFloor=0.00353 onset=1.149 thresh=0.018 onsetDelta=1.13079 baseline=0.00168 adaptive=0.02697 lastPeak=0.00000 guard=0.060 activeAge=-1.000 pitch=-1.00Hz pitchCents=0.0
2025-12-20 00:45:17 [tracker] [s1] aubio-raw t=30.9861 onset=1.170183 env=0.019084 peak=0.024671 gain=1.000
2025-12-20 00:45:17 [tracker] [s1] onset-accepted t=30.9861 env=0.019084 gate=0.000040 envDelta=0.019044 envFloor=0.001512 onset=1.170183 thresh=0.006000 onsetDelta=1.164183 baseline=0.000720 floor=0.000180 adapt=0.021415 lastPeak=0.000000 baseParam=0.000180 gateRatio=0.0550 envParam=0.000450 onsetScale=0.300 retriggerScale=1.400 guard=0.060 guardRemain=0.000 activeAge=-1.000 retrigRemain=0.000 pitchHz=-1.00 pitchCents=0.0
2025-12-20 00:45:17 [tracker] [s2] onset t=31.018 env=0.03034 gate=0.00001 envDelta=0.03033 envFloor=0.00185 onset=1.035 thresh=0.009 onsetDelta=1.02565 baseline=0.00088 adaptive=0.02711 lastPeak=0.00000 guard=0.060 activeAge=-1.000 pitch=-1.00Hz pitchCents=0.0
2025-12-20 00:45:17 [tracker] [s5] onset t=31.199 env=0.02750 gate=0.00031 envDelta=0.02719 envFloor=0.00311 onset=1.097 thresh=0.016 onsetDelta=1.08106 baseline=0.00148 adaptive=0.02672 lastPeak=0.00000 guard=0.060 activeAge=-1.000 pitch=-1.00Hz pitchCents=0.0
2025-12-20 00:45:17 [tracker] [s1] aubio-raw t=31.2501 onset=1.060460 env=0.023984 peak=0.025732 gain=1.000
2025-12-20 00:45:17 [tracker] [s1] onset-accepted t=31.2501 env=0.023984 gate=0.000040 envDelta=0.023944 envFloor=0.001512 onset=1.060460 thresh=0.006000 onsetDelta=1.054460 baseline=0.000720 floor=0.000180 adapt=0.021523 lastPeak=0.000000 baseParam=0.000180 gateRatio=0.0550 envParam=0.000450 onsetScale=0.300 retriggerScale=1.400 guard=0.060 guardRemain=0.000 activeAge=-1.000 retrigRemain=0.000 pitchHz=-1.00 pitchCents=0.0
2025-12-20 00:45:17 [tracker] [s1] onset t=31.250 env=0.02398 gate=0.00004 envDelta=0.02394 envFloor=0.00151 onset=1.060 thresh=0.006 onsetDelta=1.05446 baseline=0.00072 adaptive=0.02152 lastPeak=0.00000 guard=0.060 activeAge=-1.000 pitch=-1.00Hz pitchCents=0.0
2025-12-20 00:45:17 [tracker] [s6] onset t=31.333 env=0.02743 gate=0.00042 envDelta=0.02701 envFloor=0.00353 onset=0.832 thresh=0.018 onsetDelta=0.81438 baseline=0.00168 adaptive=0.02679 lastPeak=0.00000 guard=0.060 activeAge=-1.000 pitch=-1.00Hz pitchCents=0.0
2025-12-20 00:45:17 [tracker] [s2] onset t=31.562 env=0.01866 gate=0.00001 envDelta=0.01866 envFloor=0.00185 onset=1.326 thresh=0.009 onsetDelta=1.31705 baseline=0.00088 adaptive=0.02686 lastPeak=0.00000 guard=0.060 activeAge=-1.000 pitch=-1.00Hz pitchCents=0.0
2025-12-20 00:45:17 [tracker] [s3] onset t=31.735 env=0.02945 gate=0.00014 envDelta=0.02932 envFloor=0.00218 onset=1.090 thresh=0.012 onsetDelta=1.07868 baseline=0.00104 adaptive=0.02747 lastPeak=0.00000 guard=0.060 activeAge=-1.000 pitch=-1.00Hz pitchCents=0.0
2025-12-20 00:45:17 [tracker] [s1] aubio-raw t=31.7594 onset=1.240491 env=0.024544 peak=0.025632 gain=1.000
2025-12-20 00:45:17 [tracker] [s1] onset-accepted t=31.7594 env=0.024544 gate=0.000040 envDelta=0.024505 envFloor=0.001512 onset=1.240491 thresh=0.006000 onsetDelta=1.234491 baseline=0.000720 floor=0.000180 adapt=0.021387 lastPeak=0.000000 baseParam=0.000180 gateRatio=0.0550 envParam=0.000450 onsetScale=0.300 retriggerScale=1.400 guard=0.060 guardRemain=0.000 activeAge=-1.000 retrigRemain=0.000 pitchHz=-1.00 pitchCents=0.0
2025-12-20 00:45:17 [tracker] [s1] onset t=31.759 env=0.02454 gate=0.00004 envDelta=0.02450 envFloor=0.00151 onset=1.240 thresh=0.006 onsetDelta=1.23449 baseline=0.00072 adaptive=0.02139 lastPeak=0.00000 guard=0.060 activeAge=-1.000 pitch=-1.00Hz pitchCents=0.0
2025-12-20 00:45:17 [tracker] [s4] onset t=31.818 env=0.03098 gate=0.00022 envDelta=0.03076 envFloor=0.00269 onset=1.477 thresh=0.014 onsetDelta=1.46274 baseline=0.00128 adaptive=0.02749 lastPeak=0.00000 guard=0.060 activeAge=-1.000 pitch=-1.00Hz pitchCents=0.0
2025-12-20 00:45:17 [tracker] [s6] onset t=31.866 env=0.02664 gate=0.00042 envDelta=0.02622 envFloor=0.00353 onset=0.737 thresh=0.018 onsetDelta=0.71916 baseline=0.00168 adaptive=0.02654 lastPeak=0.00000 guard=0.060 activeAge=-1.000 pitch=-1.00Hz pitchCents=0.0
2025-12-20 00:45:18 [tracker] [s3] onset t=32.005 env=0.01238 gate=0.00014 envDelta=0.01225 envFloor=0.00218 onset=0.994 thresh=0.012 onsetDelta=0.98191 baseline=0.00104 adaptive=0.02715 lastPeak=0.00000 guard=0.060 activeAge=-1.000 pitch=-1.00Hz pitchCents=0.0
2025-12-20 00:45:18 [tracker] [s4] onset t=32.053 env=0.02635 gate=0.00022 envDelta=0.02614 envFloor=0.00269 onset=0.623 thresh=0.014 onsetDelta=0.60910 baseline=0.00128 adaptive=0.02770 lastPeak=0.00000 guard=0.060 activeAge=-1.000 pitch=-1.00Hz pitchCents=0.0
2025-12-20 00:45:18 [tracker] [s3] onset t=32.138 env=0.01242 gate=0.00014 envDelta=0.01229 envFloor=0.00218 onset=1.025 thresh=0.012 onsetDelta=1.01320 baseline=0.00104 adaptive=0.02706 lastPeak=0.00000 guard=0.060 activeAge=-1.000 pitch=-1.00Hz pitchCents=0.0
2025-12-20 00:45:18 [tracker] [s2] onset t=32.143 env=0.03047 gate=0.00001 envDelta=0.03046 envFloor=0.00185 onset=1.127 thresh=0.009 onsetDelta=1.11769 baseline=0.00088 adaptive=0.02717 lastPeak=0.00000 guard=0.060 activeAge=-1.000 pitch=-1.00Hz pitchCents=0.0
2025-12-20 00:45:18 [tracker] [s3] onset t=32.271 env=0.01293 gate=0.00014 envDelta=0.01279 envFloor=0.00218 onset=1.491 thresh=0.012 onsetDelta=1.47926 baseline=0.00104 adaptive=0.02704 lastPeak=0.00000 guard=0.060 activeAge=-1.000 pitch=-1.00Hz pitchCents=0.0
2025-12-20 00:45:18 [tracker] [s6] onset t=32.330 env=0.01080 gate=0.00042 envDelta=0.01038 envFloor=0.00353 onset=1.230 thresh=0.018 onsetDelta=1.21165 baseline=0.00168 adaptive=0.02648 lastPeak=0.00000 guard=0.060 activeAge=-1.000 pitch=-1.00Hz pitchCents=0.0
2025-12-20 00:45:18 [tracker] [s1] aubio-raw t=32.3567 onset=1.000165 env=0.013961 peak=0.023070 gain=1.000
2025-12-20 00:45:18 [tracker] [s1] onset-accepted t=32.3567 env=0.013961 gate=0.000040 envDelta=0.013921 envFloor=0.001512 onset=1.000165 thresh=0.006000 onsetDelta=0.994165 baseline=0.000720 floor=0.000180 adapt=0.020906 lastPeak=0.000000 baseParam=0.000180 gateRatio=0.0550 envParam=0.000450 onsetScale=0.300 retriggerScale=1.400 guard=0.060 guardRemain=0.000 activeAge=-1.000 retrigRemain=0.000 pitchHz=-1.00 pitchCents=0.0
2025-12-20 00:45:18 [tracker] [s1] onset t=32.357 env=0.01396 gate=0.00004 envDelta=0.01392 envFloor=0.00151 onset=1.000 thresh=0.006 onsetDelta=0.99416 baseline=0.00072 adaptive=0.02091 lastPeak=0.00000 guard=0.060 activeAge=-1.000 pitch=-1.00Hz pitchCents=0.0
2025-12-20 00:45:18 [tracker] [s2] onset t=32.359 env=0.03134 gate=0.00001 envDelta=0.03133 envFloor=0.00185 onset=1.001 thresh=0.009 onsetDelta=0.99153 baseline=0.00088 adaptive=0.02725 lastPeak=0.00000 guard=0.060 activeAge=-1.000 pitch=-1.00Hz pitchCents=0.0
2025-12-20 00:45:18 [tracker] [s5] onset t=32.415 env=0.02074 gate=0.00031 envDelta=0.02043 envFloor=0.00311 onset=1.074 thresh=0.016 onsetDelta=1.05798 baseline=0.00148 adaptive=0.02641 lastPeak=0.00000 guard=0.060 activeAge=-1.000 pitch=-1.00Hz pitchCents=0.0
2025-12-20 00:45:18 [tracker] [s4] onset t=32.439 env=0.01197 gate=0.00022 envDelta=0.01176 envFloor=0.00269 onset=0.995 thresh=0.014 onsetDelta=0.98120 baseline=0.00128 adaptive=0.02722 lastPeak=0.00000 guard=0.060 activeAge=-1.000 pitch=-1.00Hz pitchCents=0.0
2025-12-20 00:45:18 [tracker] [s1] aubio-raw t=32.6153 onset=0.995351 env=0.015787 peak=0.023611 gain=1.000
2025-12-20 00:45:18 [tracker] [s1] onset-accepted t=32.6153 env=0.015787 gate=0.000040 envDelta=0.015748 envFloor=0.001512 onset=0.995351 thresh=0.006000 onsetDelta=0.989351 baseline=0.000720 floor=0.000180 adapt=0.020888 lastPeak=0.000000 baseParam=0.000180 gateRatio=0.0550 envParam=0.000450 onsetScale=0.300 retriggerScale=1.400 guard=0.060 guardRemain=0.000 activeAge=-1.000 retrigRemain=0.000 pitchHz=-1.00 pitchCents=0.0
2025-12-20 00:45:18 [tracker] [s1] onset t=32.615 env=0.01579 gate=0.00004 envDelta=0.01575 envFloor=0.00151 onset=0.995 thresh=0.006 onsetDelta=0.98935 baseline=0.00072 adaptive=0.02089 lastPeak=0.00000 guard=0.060 activeAge=-1.000 pitch=-1.00Hz pitchCents=0.0
2025-12-20 00:45:18 [tracker] [s5] onset t=32.709 env=0.03032 gate=0.00031 envDelta=0.03000 envFloor=0.00311 onset=0.966 thresh=0.016 onsetDelta=0.94989 baseline=0.00148 adaptive=0.02724 lastPeak=0.00000 guard=0.060 activeAge=-1.000 pitch=-1.00Hz pitchCents=0.0
2025-12-20 00:45:18 [tracker] [s1] aubio-raw t=32.7380 onset=0.627725 env=0.010530 peak=0.018172 gain=1.000
2025-12-20 00:45:18 [tracker] [s1] onset-accepted t=32.7380 env=0.010530 gate=0.000040 envDelta=0.010491 envFloor=0.001512 onset=0.627725 thresh=0.006000 onsetDelta=0.621725 baseline=0.000720 floor=0.000180 adapt=0.020898 lastPeak=0.000000 baseParam=0.000180 gateRatio=0.0550 envParam=0.000450 onsetScale=0.300 retriggerScale=1.400 guard=0.060 guardRemain=0.000 activeAge=-1.000 retrigRemain=0.000 pitchHz=-1.00 pitchCents=0.0
2025-12-20 00:45:18 [tracker] [s3] onset t=32.839 env=0.01129 gate=0.00014 envDelta=0.01115 envFloor=0.00218 onset=0.785 thresh=0.012 onsetDelta=0.77309 baseline=0.00104 adaptive=0.02733 lastPeak=0.00000 guard=0.060 activeAge=-1.000 pitch=-1.00Hz pitchCents=0.0
2025-12-20 00:45:18 [tracker] [s1] aubio-raw t=32.8526 onset=0.848489 env=0.021242 peak=0.025488 gain=1.000
2025-12-20 00:45:18 [tracker] [s1] onset-accepted t=32.8526 env=0.021242 gate=0.000040 envDelta=0.021203 envFloor=0.001512 onset=0.848489 thresh=0.006000 onsetDelta=0.842489 baseline=0.000720 floor=0.000180 adapt=0.021282 lastPeak=0.000000 baseParam=0.000180 gateRatio=0.0550 envParam=0.000450 onsetScale=0.300 retriggerScale=1.400 guard=0.060 guardRemain=0.000 activeAge=-1.000 retrigRemain=0.000 pitchHz=-1.00 pitchCents=0.0
2025-12-20 00:45:18 [tracker] [s1] onset t=32.853 env=0.02124 gate=0.00004 envDelta=0.02120 envFloor=0.00151 onset=0.848 thresh=0.006 onsetDelta=0.84249 baseline=0.00072 adaptive=0.02128 lastPeak=0.00000 guard=0.060 activeAge=-1.000 pitch=-1.00Hz pitchCents=0.0
2025-12-20 00:45:19 [tracker] [s4] onset t=32.975 env=0.03070 gate=0.00022 envDelta=0.03048 envFloor=0.00269 onset=0.998 thresh=0.014 onsetDelta=0.98368 baseline=0.00128 adaptive=0.02772 lastPeak=0.00000 guard=0.060 activeAge=-1.000 pitch=-1.00Hz pitchCents=0.0
2025-12-20 00:45:19 [tracker] [s1] aubio-raw t=33.0366 onset=1.038063 env=0.018370 peak=0.024160 gain=1.000
2025-12-20 00:45:19 [tracker] [s1] onset-accepted t=33.0366 env=0.018370 gate=0.000040 envDelta=0.018330 envFloor=0.001512 onset=1.038063 thresh=0.006000 onsetDelta=1.032063 baseline=0.000720 floor=0.000180 adapt=0.021431 lastPeak=0.000000 baseParam=0.000180 gateRatio=0.0550 envParam=0.000450 onsetScale=0.300 retriggerScale=1.400 guard=0.060 guardRemain=0.000 activeAge=-1.000 retrigRemain=0.000 pitchHz=-1.00 pitchCents=0.0
2025-12-20 00:45:19 [tracker] [s1] onset t=33.037 env=0.01837 gate=0.00004 envDelta=0.01833 envFloor=0.00151 onset=1.038 thresh=0.006 onsetDelta=1.03206 baseline=0.00072 adaptive=0.02143 lastPeak=0.00000 guard=0.060 activeAge=-1.000 pitch=-1.00Hz pitchCents=0.0
2025-12-20 00:45:19 [tracker] [s1] aubio-raw t=33.1059 onset=0.996864 env=0.008533 peak=0.016591 gain=1.000
2025-12-20 00:45:19 [tracker] [s1] onset-accepted t=33.1059 env=0.008533 gate=0.000040 envDelta=0.008494 envFloor=0.001512 onset=0.996864 thresh=0.006000 onsetDelta=0.990864 baseline=0.000720 floor=0.000180 adapt=0.020970 lastPeak=0.000000 baseParam=0.000180 gateRatio=0.0550 envParam=0.000450 onsetScale=0.300 retriggerScale=1.400 guard=0.060 guardRemain=0.000 activeAge=-1.000 retrigRemain=0.000 pitchHz=-1.00 pitchCents=0.0
2025-12-20 00:45:19 [tracker] [s1] onset t=33.106 env=0.00853 gate=0.00004 envDelta=0.00849 envFloor=0.00151 onset=0.997 thresh=0.006 onsetDelta=0.99086 baseline=0.00072 adaptive=0.02097 lastPeak=0.00000 guard=0.060 activeAge=-1.000 pitch=-1.00Hz pitchCents=0.0
2025-12-20 00:45:19 [tracker] [s5] onset t=33.266 env=0.02404 gate=0.00031 envDelta=0.02373 envFloor=0.00311 onset=0.997 thresh=0.016 onsetDelta=0.98106 baseline=0.00148 adaptive=0.02631 lastPeak=0.00000 guard=0.060 activeAge=-1.000 pitch=-1.00Hz pitchCents=0.0
2025-12-20 00:45:19 [tracker] [s3] onset t=33.295 env=0.02256 gate=0.00014 envDelta=0.02242 envFloor=0.00218 onset=0.803 thresh=0.012 onsetDelta=0.79091 baseline=0.00104 adaptive=0.02778 lastPeak=0.00000 guard=0.060 activeAge=-1.000 pitch=-1.00Hz pitchCents=0.0
2025-12-20 00:45:19 [tracker] [s2] onset t=33.373 env=0.01058 gate=0.00001 envDelta=0.01057 envFloor=0.00185 onset=0.998 thresh=0.009 onsetDelta=0.98892 baseline=0.00088 adaptive=0.02685 lastPeak=0.00000 guard=0.060 activeAge=-1.000 pitch=-1.00Hz pitchCents=0.0
2025-12-20 00:45:19 [tracker] [s1] aubio-raw t=33.4552 onset=0.787367 env=0.008255 peak=0.014958 gain=1.000
2025-12-20 00:45:19 [tracker] [s1] onset-accepted t=33.4552 env=0.008255 gate=0.000040 envDelta=0.008215 envFloor=0.001512 onset=0.787367 thresh=0.006000 onsetDelta=0.781367 baseline=0.000720 floor=0.000180 adapt=0.020885 lastPeak=0.000000 baseParam=0.000180 gateRatio=0.0550 envParam=0.000450 onsetScale=0.300 retriggerScale=1.400 guard=0.060 guardRemain=0.000 activeAge=-1.000 retrigRemain=0.000 pitchHz=-1.00 pitchCents=0.0
2025-12-20 00:45:19 [tracker] [s1] onset t=33.455 env=0.00825 gate=0.00004 envDelta=0.00822 envFloor=0.00151 onset=0.787 thresh=0.006 onsetDelta=0.78137 baseline=0.00072 adaptive=0.02089 lastPeak=0.00000 guard=0.060 activeAge=-1.000 pitch=-1.00Hz pitchCents=0.0
2025-12-20 00:45:19 [tracker] [s5] onset t=33.533 env=0.02383 gate=0.00031 envDelta=0.02352 envFloor=0.00311 onset=0.994 thresh=0.016 onsetDelta=0.97786 baseline=0.00148 adaptive=0.02635 lastPeak=0.00000 guard=0.060 activeAge=-1.000 pitch=-1.00Hz pitchCents=0.0
2025-12-20 00:45:19 [tracker] [s1] aubio-raw t=33.5379 onset=0.773314 env=0.011507 peak=0.018927 gain=1.000
2025-12-20 00:45:19 [tracker] [s1] onset-accepted t=33.5379 env=0.011507 gate=0.000040 envDelta=0.011468 envFloor=0.001512 onset=0.773314 thresh=0.006000 onsetDelta=0.767314 baseline=0.000720 floor=0.000180 adapt=0.020951 lastPeak=0.000000 baseParam=0.000180 gateRatio=0.0550 envParam=0.000450 onsetScale=0.300 retriggerScale=1.400 guard=0.060 guardRemain=0.000 activeAge=-1.000 retrigRemain=0.000 pitchHz=-1.00 pitchCents=0.0
2025-12-20 00:45:19 [tracker] [s1] onset t=33.538 env=0.01151 gate=0.00004 envDelta=0.01147 envFloor=0.00151 onset=0.773 thresh=0.006 onsetDelta=0.76731 baseline=0.00072 adaptive=0.02095 lastPeak=0.00000 guard=0.060 activeAge=-1.000 pitch=-1.00Hz pitchCents=0.0
2025-12-20 00:45:19 [tracker] [s3] onset t=33.570 env=0.02469 gate=0.00014 envDelta=0.02456 envFloor=0.00218 onset=1.133 thresh=0.012 onsetDelta=1.12156 baseline=0.00104 adaptive=0.02786 lastPeak=0.00000 guard=0.060 activeAge=-1.000 pitch=-1.00Hz pitchCents=0.0
2025-12-20 00:45:19 [tracker] [s4] onset t=33.703 env=0.02444 gate=0.00022 envDelta=0.02422 envFloor=0.00269 onset=0.523 thresh=0.014 onsetDelta=0.50945 baseline=0.00128 adaptive=0.02765 lastPeak=0.00000 guard=0.060 activeAge=-1.000 pitch=-1.00Hz pitchCents=0.0
2025-12-20 00:45:19 [tracker] [s1] aubio-raw t=33.7619 onset=1.141117 env=0.017553 peak=0.023571 gain=1.000
2025-12-20 00:45:19 [tracker] [s1] onset-accepted t=33.7619 env=0.017553 gate=0.000040 envDelta=0.017513 envFloor=0.001512 onset=1.141117 thresh=0.006000 onsetDelta=1.135117 baseline=0.000720 floor=0.000180 adapt=0.021345 lastPeak=0.000000 baseParam=0.000180 gateRatio=0.0550 envParam=0.000450 onsetScale=0.300 retriggerScale=1.400 guard=0.060 guardRemain=0.000 activeAge=-1.000 retrigRemain=0.000 pitchHz=-1.00 pitchCents=0.0
2025-12-20 00:45:19 [tracker] [s1] onset t=33.762 env=0.01755 gate=0.00004 envDelta=0.01751 envFloor=0.00151 onset=1.141 thresh=0.006 onsetDelta=1.13512 baseline=0.00072 adaptive=0.02135 lastPeak=0.00000 guard=0.060 activeAge=-1.000 pitch=-1.00Hz pitchCents=0.0
2025-12-20 00:45:19 [tracker] [s4] onset t=33.826 env=0.03175 gate=0.00022 envDelta=0.03153 envFloor=0.00269 onset=0.991 thresh=0.014 onsetDelta=0.97681 baseline=0.00128 adaptive=0.02786 lastPeak=0.00000 guard=0.060 activeAge=-1.000 pitch=-1.00Hz pitchCents=0.0
2025-12-20 00:45:19 [tracker] [s1] aubio-raw t=33.9032 onset=0.943028 env=0.019209 peak=0.024528 gain=1.000
2025-12-20 00:45:19 [tracker] [s1] onset-accepted t=33.9032 env=0.019209 gate=0.000040 envDelta=0.019169 envFloor=0.001512 onset=0.943028 thresh=0.006000 onsetDelta=0.937028 baseline=0.000720 floor=0.000180 adapt=0.021383 lastPeak=0.000000 baseParam=0.000180 gateRatio=0.0550 envParam=0.000450 onsetScale=0.300 retriggerScale=1.400 guard=0.060 guardRemain=0.000 activeAge=-1.000 retrigRemain=0.000 pitchHz=-1.00 pitchCents=0.0
2025-12-20 00:45:19 [tracker] [s3] onset t=33.967 env=0.03113 gate=0.00014 envDelta=0.03100 envFloor=0.00218 onset=0.996 thresh=0.012 onsetDelta=0.98463 baseline=0.00104 adaptive=0.02796 lastPeak=0.00000 guard=0.060 activeAge=-1.000 pitch=-1.00Hz pitchCents=0.0
2025-12-20 00:45:20 [tracker] [s4] onset t=34.042 env=0.02972 gate=0.00022 envDelta=0.02950 envFloor=0.00269 onset=1.039 thresh=0.014 onsetDelta=1.02461 baseline=0.00128 adaptive=0.02760 lastPeak=0.00000 guard=0.060 activeAge=-1.000 pitch=-1.00Hz pitchCents=0.0
2025-12-20 00:45:20 [tracker] [s3] onset t=34.178 env=0.02743 gate=0.00014 envDelta=0.02729 envFloor=0.00218 onset=1.133 thresh=0.012 onsetDelta=1.12126 baseline=0.00104 adaptive=0.02761 lastPeak=0.00000 guard=0.060 activeAge=-1.000 pitch=-1.00Hz pitchCents=0.0
2025-12-20 00:45:20 [tracker] [s6] onset t=34.223 env=0.01408 gate=0.00042 envDelta=0.01366 envFloor=0.00353 onset=1.006 thresh=0.018 onsetDelta=0.98768 baseline=0.00168 adaptive=0.02679 lastPeak=0.00000 guard=0.060 activeAge=-1.000 pitch=-1.00Hz pitchCents=0.0
2025-12-20 00:45:20 [tracker] [s5] onset t=34.250 env=0.02764 gate=0.00031 envDelta=0.02733 envFloor=0.00311 onset=1.142 thresh=0.016 onsetDelta=1.12616 baseline=0.00148 adaptive=0.02663 lastPeak=0.00000 guard=0.060 activeAge=-1.000 pitch=-1.00Hz pitchCents=0.0
2025-12-20 00:45:20 [tracker] [s1] aubio-raw t=34.3565 onset=0.971582 env=0.010661 peak=0.020067 gain=1.000
2025-12-20 00:45:20 [tracker] [s1] onset-accepted t=34.3565 env=0.010661 gate=0.000040 envDelta=0.010621 envFloor=0.001512 onset=0.971582 thresh=0.006000 onsetDelta=0.965582 baseline=0.000720 floor=0.000180 adapt=0.021017 lastPeak=0.000000 baseParam=0.000180 gateRatio=0.0550 envParam=0.000450 onsetScale=0.300 retriggerScale=1.400 guard=0.060 guardRemain=0.000 activeAge=-1.000 retrigRemain=0.000 pitchHz=-1.00 pitchCents=0.0
2025-12-20 00:45:20 [tracker] [s1] onset t=34.357 env=0.01066 gate=0.00004 envDelta=0.01062 envFloor=0.00151 onset=0.972 thresh=0.006 onsetDelta=0.96558 baseline=0.00072 adaptive=0.02102 lastPeak=0.00000 guard=0.060 activeAge=-1.000 pitch=-1.00Hz pitchCents=0.0
2025-12-20 00:45:20 [tracker] [s6] onset t=34.397 env=0.01363 gate=0.00042 envDelta=0.01321 envFloor=0.00353 onset=1.139 thresh=0.018 onsetDelta=1.12068 baseline=0.00168 adaptive=0.02656 lastPeak=0.00000 guard=0.060 activeAge=-1.000 pitch=-1.00Hz pitchCents=0.0
2025-12-20 00:45:20 [tracker] [s2] onset t=34.597 env=0.01391 gate=0.00001 envDelta=0.01390 envFloor=0.00185 onset=0.995 thresh=0.009 onsetDelta=0.98610 baseline=0.00088 adaptive=0.02645 lastPeak=0.00000 guard=0.060 activeAge=-1.000 pitch=-1.00Hz pitchCents=0.0
2025-12-20 00:45:20 [tracker] [s5] onset t=34.607 env=0.01913 gate=0.00031 envDelta=0.01882 envFloor=0.00311 onset=0.989 thresh=0.016 onsetDelta=0.97349 baseline=0.00148 adaptive=0.02645 lastPeak=0.00000 guard=0.060 activeAge=-1.000 pitch=-1.00Hz pitchCents=0.0
2025-12-20 00:45:20 [tracker] [s4] onset t=34.636 env=0.02588 gate=0.00022 envDelta=0.02566 envFloor=0.00269 onset=0.986 thresh=0.014 onsetDelta=0.97170 baseline=0.00128 adaptive=0.02760 lastPeak=0.00000 guard=0.060 activeAge=-1.000 pitch=-1.00Hz pitchCents=0.0
2025-12-20 00:45:20 [tracker] [s6] onset t=34.650 env=0.02702 gate=0.00042 envDelta=0.02660 envFloor=0.00353 onset=0.977 thresh=0.018 onsetDelta=0.95893 baseline=0.00168 adaptive=0.02661 lastPeak=0.00000 guard=0.060 activeAge=-1.000 pitch=-1.00Hz pitchCents=0.0
2025-12-20 00:45:20 [tracker] [s1] aubio-raw t=34.7032 onset=0.998161 env=0.020108 peak=0.025014 gain=1.000
2025-12-20 00:45:20 [tracker] [s1] onset-accepted t=34.7032 env=0.020108 gate=0.000040 envDelta=0.020069 envFloor=0.001512 onset=0.998161 thresh=0.006000 onsetDelta=0.992161 baseline=0.000720 floor=0.000180 adapt=0.021326 lastPeak=0.000000 baseParam=0.000180 gateRatio=0.0550 envParam=0.000450 onsetScale=0.300 retriggerScale=1.400 guard=0.060 guardRemain=0.000 activeAge=-1.000 retrigRemain=0.000 pitchHz=-1.00 pitchCents=0.0
2025-12-20 00:45:20 [tracker] [s1] onset t=34.703 env=0.02011 gate=0.00004 envDelta=0.02007 envFloor=0.00151 onset=0.998 thresh=0.006 onsetDelta=0.99216 baseline=0.00072 adaptive=0.02133 lastPeak=0.00000 guard=0.060 activeAge=-1.000 pitch=-1.00Hz pitchCents=0.0
2025-12-20 00:45:20 [tracker] [s4] onset t=34.722 env=0.01189 gate=0.00022 envDelta=0.01167 envFloor=0.00269 onset=0.991 thresh=0.014 onsetDelta=0.97727 baseline=0.00128 adaptive=0.02684 lastPeak=0.00000 guard=0.060 activeAge=-1.000 pitch=-1.00Hz pitchCents=0.0
2025-12-20 00:45:20 [tracker] [s1] aubio-raw t=34.7538 onset=1.000027 env=0.016814 peak=0.023019 gain=1.000
2025-12-20 00:45:20 [tracker] [s1] onset-accepted t=34.7538 env=0.016814 gate=0.000040 envDelta=0.016775 envFloor=0.001512 onset=1.000027 thresh=0.006000 onsetDelta=0.994027 baseline=0.000720 floor=0.000180 adapt=0.021321 lastPeak=0.000000 baseParam=0.000180 gateRatio=0.0550 envParam=0.000450 onsetScale=0.300 retriggerScale=1.400 guard=0.060 guardRemain=0.000 activeAge=-1.000 retrigRemain=0.000 pitchHz=-1.00 pitchCents=0.0
2025-12-20 00:45:20 [tracker] [s1] onset t=34.754 env=0.01681 gate=0.00004 envDelta=0.01677 envFloor=0.00151 onset=1.000 thresh=0.006 onsetDelta=0.99403 baseline=0.00072 adaptive=0.02132 lastPeak=0.00000 guard=0.060 activeAge=-1.000 pitch=-1.00Hz pitchCents=0.0
2025-12-20 00:45:20 [tracker] [s5] onset t=34.764 env=0.01080 gate=0.00031 envDelta=0.01049 envFloor=0.00311 onset=1.039 thresh=0.016 onsetDelta=1.02314 baseline=0.00148 adaptive=0.02665 lastPeak=0.00000 guard=0.060 activeAge=-1.000 pitch=-1.00Hz pitchCents=0.0
2025-12-20 00:45:20 [tracker] [s4] onset t=34.804 env=0.01699 gate=0.00022 envDelta=0.01678 envFloor=0.00269 onset=0.984 thresh=0.014 onsetDelta=0.96969 baseline=0.00128 adaptive=0.02721 lastPeak=0.00000 guard=0.060 activeAge=-1.000 pitch=-1.00Hz pitchCents=0.0
2025-12-20 00:45:20 [tracker] [s3] onset t=34.836 env=0.02647 gate=0.00014 envDelta=0.02634 envFloor=0.00218 onset=0.908 thresh=0.012 onsetDelta=0.89678 baseline=0.00104 adaptive=0.02780 lastPeak=0.00000 guard=0.060 activeAge=-1.000 pitch=-1.00Hz pitchCents=0.0
2025-12-20 00:45:20 [tracker] [s4] onset t=34.964 env=0.01102 gate=0.00022 envDelta=0.01080 envFloor=0.00269 onset=0.993 thresh=0.014 onsetDelta=0.97941 baseline=0.00128 adaptive=0.02702 lastPeak=0.00000 guard=0.060 activeAge=-1.000 pitch=-1.00Hz pitchCents=0.0
2025-12-20 00:45:21 [tracker] [s4] onset t=35.042 env=0.02840 gate=0.00022 envDelta=0.02818 envFloor=0.00269 onset=0.846 thresh=0.014 onsetDelta=0.83170 baseline=0.00128 adaptive=0.02707 lastPeak=0.00000 guard=0.060 activeAge=-1.000 pitch=-1.00Hz pitchCents=0.0
2025-12-20 00:45:21 [tracker] [s2] onset t=35.138 env=0.01712 gate=0.00001 envDelta=0.01711 envFloor=0.00185 onset=1.105 thresh=0.009 onsetDelta=1.09594 baseline=0.00088 adaptive=0.02665 lastPeak=0.00000 guard=0.060 activeAge=-1.000 pitch=-1.00Hz pitchCents=0.0
2025-12-20 00:45:21 [tracker] [s3] onset t=35.279 env=0.02044 gate=0.00014 envDelta=0.02030 envFloor=0.00218 onset=1.144 thresh=0.012 onsetDelta=1.13266 baseline=0.00104 adaptive=0.02743 lastPeak=0.00000 guard=0.060 activeAge=-1.000 pitch=-1.00Hz pitchCents=0.0
2025-12-20 00:45:21 [tracker] [s1] aubio-raw t=35.3191 onset=1.008307 env=0.022907 peak=0.025357 gain=1.000
2025-12-20 00:45:21 [tracker] [s1] onset-accepted t=35.3191 env=0.022907 gate=0.000040 envDelta=0.022868 envFloor=0.001512 onset=1.008307 thresh=0.006000 onsetDelta=1.002307 baseline=0.000720 floor=0.000180 adapt=0.020949 lastPeak=0.000000 baseParam=0.000180 gateRatio=0.0550 envParam=0.000450 onsetScale=0.300 retriggerScale=1.400 guard=0.060 guardRemain=0.000 activeAge=-1.000 retrigRemain=0.000 pitchHz=-1.00 pitchCents=0.0
2025-12-20 00:45:21 [tracker] [s1] onset t=35.319 env=0.02291 gate=0.00004 envDelta=0.02287 envFloor=0.00151 onset=1.008 thresh=0.006 onsetDelta=1.00231 baseline=0.00072 adaptive=0.02095 lastPeak=0.00000 guard=0.060 activeAge=-1.000 pitch=-1.00Hz pitchCents=0.0
2025-12-20 00:45:21 [tracker] [s5] onset t=35.332 env=0.02030 gate=0.00031 envDelta=0.01999 envFloor=0.00311 onset=0.996 thresh=0.016 onsetDelta=0.98005 baseline=0.00148 adaptive=0.02621 lastPeak=0.00000 guard=0.060 activeAge=-1.000 pitch=-1.00Hz pitchCents=0.0
2025-12-20 00:45:21 [tracker] [s4] onset t=35.354 env=0.02261 gate=0.00022 envDelta=0.02239 envFloor=0.00269 onset=1.000 thresh=0.014 onsetDelta=0.98554 baseline=0.00128 adaptive=0.02740 lastPeak=0.00000 guard=0.060 activeAge=-1.000 pitch=-1.00Hz pitchCents=0.0
2025-12-20 00:45:21 [tracker] [s2] onset t=35.455 env=0.01261 gate=0.00001 envDelta=0.01260 envFloor=0.00185 onset=0.759 thresh=0.009 onsetDelta=0.75048 baseline=0.00088 adaptive=0.02621 lastPeak=0.00000 guard=0.060 activeAge=-1.000 pitch=-1.00Hz pitchCents=0.0
2025-12-20 00:45:21 [tracker] [s1] aubio-raw t=35.4871 onset=0.996558 env=0.017579 peak=0.023647 gain=1.000
2025-12-20 00:45:21 [tracker] [s1] onset-accepted t=35.4871 env=0.017579 gate=0.000040 envDelta=0.017539 envFloor=0.001512 onset=0.996558 thresh=0.006000 onsetDelta=0.990558 baseline=0.000720 floor=0.000180 adapt=0.021197 lastPeak=0.000000 baseParam=0.000180 gateRatio=0.0550 envParam=0.000450 onsetScale=0.300 retriggerScale=1.400 guard=0.060 guardRemain=0.000 activeAge=-1.000 retrigRemain=0.000 pitchHz=-1.00 pitchCents=0.0
2025-12-20 00:45:21 [tracker] [s1] onset t=35.487 env=0.01758 gate=0.00004 envDelta=0.01754 envFloor=0.00151 onset=0.997 thresh=0.006 onsetDelta=0.99056 baseline=0.00072 adaptive=0.02120 lastPeak=0.00000 guard=0.060 activeAge=-1.000 pitch=-1.00Hz pitchCents=0.0
2025-12-20 00:45:21 [tracker] [s4] onset t=35.503 env=0.02681 gate=0.00022 envDelta=0.02659 envFloor=0.00269 onset=0.997 thresh=0.014 onsetDelta=0.98253 baseline=0.00128 adaptive=0.02733 lastPeak=0.00000 guard=0.060 activeAge=-1.000 pitch=-1.00Hz pitchCents=0.0
2025-12-20 00:45:21 [tracker] [s1] aubio-raw t=35.5564 onset=1.251897 env=0.008913 peak=0.017333 gain=1.000
2025-12-20 00:45:21 [tracker] [s1] onset-accepted t=35.5564 env=0.008913 gate=0.000040 envDelta=0.008873 envFloor=0.001512 onset=1.251897 thresh=0.006000 onsetDelta=1.245897 baseline=0.000720 floor=0.000180 adapt=0.020821 lastPeak=0.000000 baseParam=0.000180 gateRatio=0.0550 envParam=0.000450 onsetScale=0.300 retriggerScale=1.400 guard=0.060 guardRemain=0.000 activeAge=-1.000 retrigRemain=0.000 pitchHz=-1.00 pitchCents=0.0
2025-12-20 00:45:21 [tracker] [s1] onset t=35.556 env=0.00891 gate=0.00004 envDelta=0.00887 envFloor=0.00151 onset=1.252 thresh=0.006 onsetDelta=1.24590 baseline=0.00072 adaptive=0.02082 lastPeak=0.00000 guard=0.060 activeAge=-1.000 pitch=-1.00Hz pitchCents=0.0
2025-12-20 00:45:21 [tracker] [s5] onset t=35.602 env=0.03080 gate=0.00031 envDelta=0.03049 envFloor=0.00311 onset=0.999 thresh=0.016 onsetDelta=0.98290 baseline=0.00148 adaptive=0.02681 lastPeak=0.00000 guard=0.060 activeAge=-1.000 pitch=-1.00Hz pitchCents=0.0
2025-12-20 00:45:21 [tracker] [s1] aubio-raw t=35.6204 onset=1.000105 env=0.017660 peak=0.023592 gain=1.000
2025-12-20 00:45:21 [tracker] [s1] onset-accepted t=35.6204 env=0.017660 gate=0.000040 envDelta=0.017620 envFloor=0.001512 onset=1.000105 thresh=0.006000 onsetDelta=0.994105 baseline=0.000720 floor=0.000180 adapt=0.021252 lastPeak=0.000000 baseParam=0.000180 gateRatio=0.0550 envParam=0.000450 onsetScale=0.300 retriggerScale=1.400 guard=0.060 guardRemain=0.000 activeAge=-1.000 retrigRemain=0.000 pitchHz=-1.00 pitchCents=0.0
2025-12-20 00:45:21 [tracker] [s1] onset t=35.620 env=0.01766 gate=0.00004 envDelta=0.01762 envFloor=0.00151 onset=1.000 thresh=0.006 onsetDelta=0.99410 baseline=0.00072 adaptive=0.02125 lastPeak=0.00000 guard=0.060 activeAge=-1.000 pitch=-1.00Hz pitchCents=0.0
2025-12-20 00:45:21 [tracker] [s1] aubio-raw t=35.7058 onset=1.431164 env=0.007946 peak=0.014170 gain=1.000
2025-12-20 00:45:21 [tracker] [s1] onset-accepted t=35.7058 env=0.007946 gate=0.000040 envDelta=0.007906 envFloor=0.001512 onset=1.431164 thresh=0.006000 onsetDelta=1.425164 baseline=0.000720 floor=0.000180 adapt=0.020723 lastPeak=0.000000 baseParam=0.000180 gateRatio=0.0550 envParam=0.000450 onsetScale=0.300 retriggerScale=1.400 guard=0.060 guardRemain=0.000 activeAge=-1.000 retrigRemain=0.000 pitchHz=-1.00 pitchCents=0.0
2025-12-20 00:45:21 [tracker] [s1] onset t=35.706 env=0.00795 gate=0.00004 envDelta=0.00791 envFloor=0.00151 onset=1.431 thresh=0.006 onsetDelta=1.42516 baseline=0.00072 adaptive=0.02072 lastPeak=0.00000 guard=0.060 activeAge=-1.000 pitch=-1.00Hz pitchCents=0.0
2025-12-20 00:45:21 [tracker] [s5] onset t=35.719 env=0.02916 gate=0.00031 envDelta=0.02885 envFloor=0.00311 onset=0.990 thresh=0.016 onsetDelta=0.97367 baseline=0.00148 adaptive=0.02651 lastPeak=0.00000 guard=0.060 activeAge=-1.000 pitch=-1.00Hz pitchCents=0.0
2025-12-20 00:45:21 [tracker] [s6] onset t=35.748 env=0.01378 gate=0.00042 envDelta=0.01336 envFloor=0.00353 onset=1.203 thresh=0.018 onsetDelta=1.18489 baseline=0.00168 adaptive=0.02654 lastPeak=0.00000 guard=0.060 activeAge=-1.000 pitch=-1.00Hz pitchCents=0.0
2025-12-20 00:45:21 [tracker] [s2] onset t=35.754 env=0.02274 gate=0.00001 envDelta=0.02273 envFloor=0.00185 onset=0.899 thresh=0.009 onsetDelta=0.89049 baseline=0.00088 adaptive=0.02705 lastPeak=0.00000 guard=0.060 activeAge=-1.000 pitch=-1.00Hz pitchCents=0.0
2025-12-20 00:45:21 [tracker] [s4] onset t=35.786 env=0.02981 gate=0.00022 envDelta=0.02959 envFloor=0.00269 onset=0.955 thresh=0.014 onsetDelta=0.94088 baseline=0.00128 adaptive=0.02702 lastPeak=0.00000 guard=0.060 activeAge=-1.000 pitch=-1.00Hz pitchCents=0.0
2025-12-20 00:45:21 [tracker] [s3] onset t=35.842 env=0.02723 gate=0.00014 envDelta=0.02709 envFloor=0.00218 onset=1.002 thresh=0.012 onsetDelta=0.99043 baseline=0.00104 adaptive=0.02688 lastPeak=0.00000 guard=0.060 activeAge=-1.000 pitch=-1.00Hz pitchCents=0.0
2025-12-20 00:45:21 [tracker] [s5] onset t=35.951 env=0.03078 gate=0.00031 envDelta=0.03047 envFloor=0.00311 onset=0.702 thresh=0.016 onsetDelta=0.68594 baseline=0.00148 adaptive=0.02729 lastPeak=0.00000 guard=0.060 activeAge=-1.000 pitch=-1.00Hz pitchCents=0.0
2025-12-20 00:45:22 [tracker] [s2] onset t=36.020 env=0.02376 gate=0.00001 envDelta=0.02375 envFloor=0.00185 onset=1.218 thresh=0.009 onsetDelta=1.20908 baseline=0.00088 adaptive=0.02721 lastPeak=0.00000 guard=0.060 activeAge=-1.000 pitch=-1.00Hz pitchCents=0.0
2025-12-20 00:45:22 [tracker] [s5] onset t=36.023 env=0.01084 gate=0.00031 envDelta=0.01053 envFloor=0.00311 onset=1.066 thresh=0.016 onsetDelta=1.04984 baseline=0.00148 adaptive=0.02666 lastPeak=0.00000 guard=0.060 activeAge=-1.000 pitch=-1.00Hz pitchCents=0.0
2025-12-20 00:45:22 [tracker] [s1] aubio-raw t=36.0631 onset=0.998760 env=0.013187 peak=0.020575 gain=1.000
2025-12-20 00:45:22 [tracker] [s1] onset-accepted t=36.0631 env=0.013187 gate=0.000040 envDelta=0.013148 envFloor=0.001512 onset=0.998760 thresh=0.006000 onsetDelta=0.992760 baseline=0.000720 floor=0.000180 adapt=0.020999 lastPeak=0.000000 baseParam=0.000180 gateRatio=0.0550 envParam=0.000450 onsetScale=0.300 retriggerScale=1.400 guard=0.060 guardRemain=0.000 activeAge=-1.000 retrigRemain=0.000 pitchHz=-1.00 pitchCents=0.0
2025-12-20 00:45:22 [tracker] [s1] onset t=36.063 env=0.01319 gate=0.00004 envDelta=0.01315 envFloor=0.00151 onset=0.999 thresh=0.006 onsetDelta=0.99276 baseline=0.00072 adaptive=0.02100 lastPeak=0.00000 guard=0.060 activeAge=-1.000 pitch=-1.00Hz pitchCents=0.0
2025-12-20 00:45:22 [tracker] [s4] onset t=36.092 env=0.03052 gate=0.00022 envDelta=0.03030 envFloor=0.00269 onset=0.868 thresh=0.014 onsetDelta=0.85426 baseline=0.00128 adaptive=0.02764 lastPeak=0.00000 guard=0.060 activeAge=-1.000 pitch=-1.00Hz pitchCents=0.0
2025-12-20 00:45:22 [tracker] [s1] aubio-raw t=36.1591 onset=0.995610 env=0.023256 peak=0.025676 gain=1.000
2025-12-20 00:45:22 [tracker] [s1] onset-accepted t=36.1591 env=0.023256 gate=0.000040 envDelta=0.023216 envFloor=0.001512 onset=0.995610 thresh=0.006000 onsetDelta=0.989610 baseline=0.000720 floor=0.000180 adapt=0.021335 lastPeak=0.000000 baseParam=0.000180 gateRatio=0.0550 envParam=0.000450 onsetScale=0.300 retriggerScale=1.400 guard=0.060 guardRemain=0.000 activeAge=-1.000 retrigRemain=0.000 pitchHz=-1.00 pitchCents=0.0
2025-12-20 00:45:22 [tracker] [s1] onset t=36.159 env=0.02326 gate=0.00004 envDelta=0.02322 envFloor=0.00151 onset=0.996 thresh=0.006 onsetDelta=0.98961 baseline=0.00072 adaptive=0.02133 lastPeak=0.00000 guard=0.060 activeAge=-1.000 pitch=-1.00Hz pitchCents=0.0
2025-12-20 00:45:22 [tracker] [s5] onset t=36.183 env=0.02423 gate=0.00031 envDelta=0.02392 envFloor=0.00311 onset=0.996 thresh=0.016 onsetDelta=0.98030 baseline=0.00148 adaptive=0.02626 lastPeak=0.00000 guard=0.060 activeAge=-1.000 pitch=-1.00Hz pitchCents=0.0
2025-12-20 00:45:22 [tracker] [s3] onset t=36.351 env=0.03114 gate=0.00014 envDelta=0.03100 envFloor=0.00218 onset=0.833 thresh=0.012 onsetDelta=0.82159 baseline=0.00104 adaptive=0.02788 lastPeak=0.00000 guard=0.060 activeAge=-1.000 pitch=-1.00Hz pitchCents=0.0
2025-12-20 00:45:22 [tracker] [s2] onset t=36.354 env=0.02423 gate=0.00001 envDelta=0.02422 envFloor=0.00185 onset=0.777 thresh=0.009 onsetDelta=0.76801 baseline=0.00088 adaptive=0.02727 lastPeak=0.00000 guard=0.060 activeAge=-1.000 pitch=-1.00Hz pitchCents=0.0
2025-12-20 00:45:22 [tracker] [s6] onset t=36.508 env=0.02575 gate=0.00042 envDelta=0.02533 envFloor=0.00353 onset=0.996 thresh=0.018 onsetDelta=0.97829 baseline=0.00168 adaptive=0.02650 lastPeak=0.00000 guard=0.060 activeAge=-1.000 pitch=-1.00Hz pitchCents=0.0
2025-12-20 00:45:22 [tracker] [s1] aubio-raw t=36.6284 onset=1.192049 env=0.020517 peak=0.025071 gain=1.000
2025-12-20 00:45:22 [tracker] [s1] onset-accepted t=36.6284 env=0.020517 gate=0.000040 envDelta=0.020477 envFloor=0.001512 onset=1.192049 thresh=0.006000 onsetDelta=1.186049 baseline=0.000720 floor=0.000180 adapt=0.021286 lastPeak=0.000000 baseParam=0.000180 gateRatio=0.0550 envParam=0.000450 onsetScale=0.300 retriggerScale=1.400 guard=0.060 guardRemain=0.000 activeAge=-1.000 retrigRemain=0.000 pitchHz=-1.00 pitchCents=0.0
2025-12-20 00:45:22 [tracker] [s1] onset t=36.628 env=0.02052 gate=0.00004 envDelta=0.02048 envFloor=0.00151 onset=1.192 thresh=0.006 onsetDelta=1.18605 baseline=0.00072 adaptive=0.02129 lastPeak=0.00000 guard=0.060 activeAge=-1.000 pitch=-1.00Hz pitchCents=0.0
2025-12-20 00:45:22 [tracker] [s6] onset t=36.639 env=0.01092 gate=0.00042 envDelta=0.01050 envFloor=0.00353 onset=0.999 thresh=0.018 onsetDelta=0.98121 baseline=0.00168 adaptive=0.02642 lastPeak=0.00000 guard=0.060 activeAge=-1.000 pitch=-1.00Hz pitchCents=0.0
2025-12-20 00:45:22 [tracker] [s4] onset t=36.644 env=0.03012 gate=0.00022 envDelta=0.02990 envFloor=0.00269 onset=1.202 thresh=0.014 onsetDelta=1.18755 baseline=0.00128 adaptive=0.02734 lastPeak=0.00000 guard=0.060 activeAge=-1.000 pitch=-1.00Hz pitchCents=0.0
2025-12-20 00:45:22 [tracker] [s5] onset t=36.714 env=0.01304 gate=0.00031 envDelta=0.01273 envFloor=0.00311 onset=0.744 thresh=0.016 onsetDelta=0.72827 baseline=0.00148 adaptive=0.02631 lastPeak=0.00000 guard=0.060 activeAge=-1.000 pitch=-1.00Hz pitchCents=0.0
2025-12-20 00:45:22 [tracker] [s1] aubio-raw t=36.7297 onset=1.062469 env=0.013748 peak=0.020852 gain=1.000
2025-12-20 00:45:22 [tracker] [s1] onset-accepted t=36.7297 env=0.013748 gate=0.000040 envDelta=0.013709 envFloor=0.001512 onset=1.062469 thresh=0.006000 onsetDelta=1.056468 baseline=0.000720 floor=0.000180 adapt=0.021036 lastPeak=0.000000 baseParam=0.000180 gateRatio=0.0550 envParam=0.000450 onsetScale=0.300 retriggerScale=1.400 guard=0.060 guardRemain=0.000 activeAge=-1.000 retrigRemain=0.000 pitchHz=-1.00 pitchCents=0.0
2025-12-20 00:45:22 [tracker] [s6] onset t=36.767 env=0.02765 gate=0.00042 envDelta=0.02723 envFloor=0.00353 onset=1.103 thresh=0.018 onsetDelta=1.08492 baseline=0.00168 adaptive=0.02669 lastPeak=0.00000 guard=0.060 activeAge=-1.000 pitch=-1.00Hz pitchCents=0.0
2025-12-20 00:45:22 [tracker] [s1] aubio-raw t=36.7883 onset=0.855936 env=0.012064 peak=0.019460 gain=1.000
2025-12-20 00:45:22 [tracker] [s1] onset-accepted t=36.7883 env=0.012064 gate=0.000040 envDelta=0.012025 envFloor=0.001512 onset=0.855936 thresh=0.006000 onsetDelta=0.849936 baseline=0.000720 floor=0.000180 adapt=0.020909 lastPeak=0.000000 baseParam=0.000180 gateRatio=0.0550 envParam=0.000450 onsetScale=0.300 retriggerScale=1.400 guard=0.060 guardRemain=0.000 activeAge=-1.000 retrigRemain=0.000 pitchHz=-1.00 pitchCents=0.0
2025-12-20 00:45:22 [tracker] [s1] onset t=36.788 env=0.01206 gate=0.00004 envDelta=0.01202 envFloor=0.00151 onset=0.856 thresh=0.006 onsetDelta=0.84994 baseline=0.00072 adaptive=0.02091 lastPeak=0.00000 guard=0.060 activeAge=-1.000 pitch=-1.00Hz pitchCents=0.0
2025-12-20 00:45:22 [tracker] [s5] onset t=36.834 env=0.02775 gate=0.00031 envDelta=0.02744 envFloor=0.00311 onset=1.010 thresh=0.016 onsetDelta=0.99364 baseline=0.00148 adaptive=0.02666 lastPeak=0.00000 guard=0.060 activeAge=-1.000 pitch=-1.00Hz pitchCents=0.0
2025-12-20 00:45:22 [tracker] [s3] onset t=36.871 env=0.02058 gate=0.00014 envDelta=0.02045 envFloor=0.00218 onset=0.768 thresh=0.012 onsetDelta=0.75659 baseline=0.00104 adaptive=0.02769 lastPeak=0.00000 guard=0.060 activeAge=-1.000 pitch=-1.00Hz pitchCents=0.0
2025-12-20 00:45:23 [tracker] [s6] onset t=37.031 env=0.01025 gate=0.00042 envDelta=0.00983 envFloor=0.00353 onset=1.027 thresh=0.018 onsetDelta=1.00937 baseline=0.00168 adaptive=0.02655 lastPeak=0.00000 guard=0.060 activeAge=-1.000 pitch=-1.00Hz pitchCents=0.0
2025-12-20 00:45:23 [tracker] [s4] onset t=37.055 env=0.01568 gate=0.00022 envDelta=0.01547 envFloor=0.00269 onset=1.191 thresh=0.014 onsetDelta=1.17745 baseline=0.00128 adaptive=0.02712 lastPeak=0.00000 guard=0.060 activeAge=-1.000 pitch=-1.00Hz pitchCents=0.0
2025-12-20 00:45:23 [tracker] [s4] onset t=37.135 env=0.03153 gate=0.00022 envDelta=0.03131 envFloor=0.00269 onset=1.446 thresh=0.014 onsetDelta=1.43227 baseline=0.00128 adaptive=0.02772 lastPeak=0.00000 guard=0.060 activeAge=-1.000 pitch=-1.00Hz pitchCents=0.0
2025-12-20 00:45:23 [tracker] [s6] onset t=37.167 env=0.02750 gate=0.00042 envDelta=0.02708 envFloor=0.00353 onset=0.553 thresh=0.018 onsetDelta=0.53512 baseline=0.00168 adaptive=0.02672 lastPeak=0.00000 guard=0.060 activeAge=-1.000 pitch=-1.00Hz pitchCents=0.0
2025-12-20 00:45:23 [tracker] [s2] onset t=37.218 env=0.03041 gate=0.00001 envDelta=0.03041 envFloor=0.00185 onset=0.996 thresh=0.009 onsetDelta=0.98678 baseline=0.00088 adaptive=0.02731 lastPeak=0.00000 guard=0.060 activeAge=-1.000 pitch=-1.00Hz pitchCents=0.0
2025-12-20 00:45:23 [tracker] [s3] onset t=37.436 env=0.02921 gate=0.00014 envDelta=0.02907 envFloor=0.00218 onset=1.427 thresh=0.012 onsetDelta=1.41582 baseline=0.00104 adaptive=0.02739 lastPeak=0.00000 guard=0.060 activeAge=-1.000 pitch=-1.00Hz pitchCents=0.0
2025-12-20 00:45:23 [tracker] [s2] onset t=37.506 env=0.01174 gate=0.00001 envDelta=0.01173 envFloor=0.00185 onset=0.996 thresh=0.009 onsetDelta=0.98667 baseline=0.00088 adaptive=0.02635 lastPeak=0.00000 guard=0.060 activeAge=-1.000 pitch=-1.00Hz pitchCents=0.0
2025-12-20 00:45:23 [tracker] [s5] onset t=37.564 env=0.01048 gate=0.00031 envDelta=0.01017 envFloor=0.00311 onset=1.050 thresh=0.016 onsetDelta=1.03435 baseline=0.00148 adaptive=0.02634 lastPeak=0.00000 guard=0.060 activeAge=-1.000 pitch=-1.00Hz pitchCents=0.0
2025-12-20 00:45:23 [tracker] [s1] aubio-raw t=37.5856 onset=1.138714 env=0.024165 peak=0.025646 gain=1.000
2025-12-20 00:45:23 [tracker] [s1] onset-accepted t=37.5856 env=0.024165 gate=0.000040 envDelta=0.024125 envFloor=0.001512 onset=1.138714 thresh=0.006000 onsetDelta=1.132714 baseline=0.000720 floor=0.000180 adapt=0.021154 lastPeak=0.000000 baseParam=0.000180 gateRatio=0.0550 envParam=0.000450 onsetScale=0.300 retriggerScale=1.400 guard=0.060 guardRemain=0.000 activeAge=-1.000 retrigRemain=0.000 pitchHz=-1.00 pitchCents=0.0
2025-12-20 00:45:23 [tracker] [s1] onset t=37.586 env=0.02416 gate=0.00004 envDelta=0.02413 envFloor=0.00151 onset=1.139 thresh=0.006 onsetDelta=1.13271 baseline=0.00072 adaptive=0.02115 lastPeak=0.00000 guard=0.060 activeAge=-1.000 pitch=-1.00Hz pitchCents=0.0
2025-12-20 00:45:23 [tracker] [s4] onset t=37.596 env=0.01931 gate=0.00022 envDelta=0.01909 envFloor=0.00269 onset=1.058 thresh=0.014 onsetDelta=1.04443 baseline=0.00128 adaptive=0.02718 lastPeak=0.00000 guard=0.060 activeAge=-1.000 pitch=-1.00Hz pitchCents=0.0
2025-12-20 00:45:23 [tracker] [s3] onset t=37.644 env=0.03040 gate=0.00014 envDelta=0.03027 envFloor=0.00218 onset=0.995 thresh=0.012 onsetDelta=0.98337 baseline=0.00104 adaptive=0.02742 lastPeak=0.00000 guard=0.060 activeAge=-1.000 pitch=-1.00Hz pitchCents=0.0
2025-12-20 00:45:23 [tracker] [s2] onset t=37.658 env=0.01850 gate=0.00001 envDelta=0.01849 envFloor=0.00185 onset=0.995 thresh=0.009 onsetDelta=0.98639 baseline=0.00088 adaptive=0.02630 lastPeak=0.00000 guard=0.060 activeAge=-1.000 pitch=-1.00Hz pitchCents=0.0
2025-12-20 00:45:23 [tracker] [s1] aubio-raw t=37.6603 onset=1.071110 env=0.024730 peak=0.025807 gain=1.000
2025-12-20 00:45:23 [tracker] [s1] onset-accepted t=37.6603 env=0.024730 gate=0.000040 envDelta=0.024691 envFloor=0.001512 onset=1.071110 thresh=0.006000 onsetDelta=1.065110 baseline=0.000720 floor=0.000180 adapt=0.021301 lastPeak=0.000000 baseParam=0.000180 gateRatio=0.0550 envParam=0.000450 onsetScale=0.300 retriggerScale=1.400 guard=0.060 guardRemain=0.000 activeAge=-1.000 retrigRemain=0.000 pitchHz=-1.00 pitchCents=0.0
2025-12-20 00:45:23 [tracker] [s1] onset t=37.660 env=0.02473 gate=0.00004 envDelta=0.02469 envFloor=0.00151 onset=1.071 thresh=0.006 onsetDelta=1.06511 baseline=0.00072 adaptive=0.02130 lastPeak=0.00000 guard=0.060 activeAge=-1.000 pitch=-1.00Hz pitchCents=0.0
2025-12-20 00:45:23 [tracker] [s2] onset t=37.730 env=0.01982 gate=0.00001 envDelta=0.01981 envFloor=0.00185 onset=1.294 thresh=0.009 onsetDelta=1.28466 baseline=0.00088 adaptive=0.02697 lastPeak=0.00000 guard=0.060 activeAge=-1.000 pitch=-1.00Hz pitchCents=0.0
2025-12-20 00:45:23 [tracker] [s3] onset t=37.802 env=0.03171 gate=0.00014 envDelta=0.03157 envFloor=0.00218 onset=0.997 thresh=0.012 onsetDelta=0.98506 baseline=0.00104 adaptive=0.02773 lastPeak=0.00000 guard=0.060 activeAge=-1.000 pitch=-1.00Hz pitchCents=0.0
2025-12-20 00:45:23 [tracker] [s5] onset t=37.863 env=0.01965 gate=0.00031 envDelta=0.01934 envFloor=0.00311 onset=0.999 thresh=0.016 onsetDelta=0.98302 baseline=0.00148 adaptive=0.02669 lastPeak=0.00000 guard=0.060 activeAge=-1.000 pitch=-1.00Hz pitchCents=0.0
2025-12-20 00:45:23 [tracker] [s3] onset t=37.882 env=0.01097 gate=0.00014 envDelta=0.01083 envFloor=0.00218 onset=0.731 thresh=0.012 onsetDelta=0.71937 baseline=0.00104 adaptive=0.02713 lastPeak=0.00000 guard=0.060 activeAge=-1.000 pitch=-1.00Hz pitchCents=0.0
2025-12-20 00:45:23 [tracker] [s1] aubio-raw t=37.8843 onset=0.995706 env=0.023088 peak=0.025292 gain=1.000
2025-12-20 00:45:23 [tracker] [s1] onset-accepted t=37.8843 env=0.023088 gate=0.000040 envDelta=0.023048 envFloor=0.001512 onset=0.995706 thresh=0.006000 onsetDelta=0.989706 baseline=0.000720 floor=0.000180 adapt=0.021208 lastPeak=0.000000 baseParam=0.000180 gateRatio=0.0550 envParam=0.000450 onsetScale=0.300 retriggerScale=1.400 guard=0.060 guardRemain=0.000 activeAge=-1.000 retrigRemain=0.000 pitchHz=-1.00 pitchCents=0.0
2025-12-20 00:45:23 [tracker] [s1] onset t=37.884 env=0.02309 gate=0.00004 envDelta=0.02305 envFloor=0.00151 onset=0.996 thresh=0.006 onsetDelta=0.98971 baseline=0.00072 adaptive=0.02121 lastPeak=0.00000 guard=0.060 activeAge=-1.000 pitch=-1.00Hz pitchCents=0.0
2025-12-20 00:45:23 [tracker] [s1] aubio-raw t=37.9483 onset=0.975899 env=0.008263 peak=0.015707 gain=1.000
2025-12-20 00:45:23 [tracker] [s1] onset-accepted t=37.9483 env=0.008263 gate=0.000040 envDelta=0.008223 envFloor=0.001512 onset=0.975899 thresh=0.006000 onsetDelta=0.969899 baseline=0.000720 floor=0.000180 adapt=0.020911 lastPeak=0.000000 baseParam=0.000180 gateRatio=0.0550 envParam=0.000450 onsetScale=0.300 retriggerScale=1.400 guard=0.060 guardRemain=0.000 activeAge=-1.000 retrigRemain=0.000 pitchHz=-1.00 pitchCents=0.0
2025-12-20 00:45:24 [tracker] [s6] onset t=37.983 env=0.02064 gate=0.00042 envDelta=0.02022 envFloor=0.00353 onset=0.908 thresh=0.018 onsetDelta=0.89014 baseline=0.00168 adaptive=0.02633 lastPeak=0.00000 guard=0.060 activeAge=-1.000 pitch=-1.00Hz pitchCents=0.0
2025-12-20 00:45:24 [tracker] [s4] onset t=38.020 env=0.02658 gate=0.00022 envDelta=0.02637 envFloor=0.00269 onset=1.328 thresh=0.014 onsetDelta=1.31388 baseline=0.00128 adaptive=0.02734 lastPeak=0.00000 guard=0.060 activeAge=-1.000 pitch=-1.00Hz pitchCents=0.0
2025-12-20 00:45:24 [tracker] [s5] onset t=38.028 env=0.02789 gate=0.00031 envDelta=0.02757 envFloor=0.00311 onset=1.123 thresh=0.016 onsetDelta=1.10733 baseline=0.00148 adaptive=0.02670 lastPeak=0.00000 guard=0.060 activeAge=-1.000 pitch=-1.00Hz pitchCents=0.0
2025-12-20 00:45:24 [tracker] [s3] onset t=38.146 env=0.02548 gate=0.00014 envDelta=0.02534 envFloor=0.00218 onset=1.044 thresh=0.012 onsetDelta=1.03289 baseline=0.00104 adaptive=0.02763 lastPeak=0.00000 guard=0.060 activeAge=-1.000 pitch=-1.00Hz pitchCents=0.0
2025-12-20 00:45:24 [tracker] [s2] onset t=38.247 env=0.01516 gate=0.00001 envDelta=0.01516 envFloor=0.00185 onset=1.027 thresh=0.009 onsetDelta=1.01782 baseline=0.00088 adaptive=0.02646 lastPeak=0.00000 guard=0.060 activeAge=-1.000 pitch=-1.00Hz pitchCents=0.0
2025-12-20 00:45:24 [tracker] [s4] onset t=38.247 env=0.01561 gate=0.00022 envDelta=0.01540 envFloor=0.00269 onset=0.722 thresh=0.014 onsetDelta=0.70802 baseline=0.00128 adaptive=0.02681 lastPeak=0.00000 guard=0.060 activeAge=-1.000 pitch=-1.00Hz pitchCents=0.0
2025-12-20 00:45:24 [tracker] [s1] aubio-raw t=38.3296 onset=1.040880 env=0.016258 peak=0.022723 gain=1.000
2025-12-20 00:45:24 [tracker] [s1] onset-accepted t=38.3296 env=0.016258 gate=0.000040 envDelta=0.016219 envFloor=0.001512 onset=1.040880 thresh=0.006000 onsetDelta=1.034880 baseline=0.000720 floor=0.000180 adapt=0.021140 lastPeak=0.000000 baseParam=0.000180 gateRatio=0.0550 envParam=0.000450 onsetScale=0.300 retriggerScale=1.400 guard=0.060 guardRemain=0.000 activeAge=-1.000 retrigRemain=0.000 pitchHz=-1.00 pitchCents=0.0
2025-12-20 00:45:24 [tracker] [s1] onset t=38.330 env=0.01626 gate=0.00004 envDelta=0.01622 envFloor=0.00151 onset=1.041 thresh=0.006 onsetDelta=1.03488 baseline=0.00072 adaptive=0.02114 lastPeak=0.00000 guard=0.060 activeAge=-1.000 pitch=-1.00Hz pitchCents=0.0
2025-12-20 00:45:24 [tracker] [s2] onset t=38.439 env=0.01291 gate=0.00001 envDelta=0.01290 envFloor=0.00185 onset=0.602 thresh=0.009 onsetDelta=0.59326 baseline=0.00088 adaptive=0.02613 lastPeak=0.00000 guard=0.060 activeAge=-1.000 pitch=-1.00Hz pitchCents=0.0
2025-12-20 00:45:24 [tracker] [s1] aubio-raw t=38.5562 onset=0.749941 env=0.007990 peak=0.014254 gain=1.000
2025-12-20 00:45:24 [tracker] [s1] onset-accepted t=38.5562 env=0.007990 gate=0.000040 envDelta=0.007950 envFloor=0.001512 onset=0.749941 thresh=0.006000 onsetDelta=0.743941 baseline=0.000720 floor=0.000180 adapt=0.020745 lastPeak=0.000000 baseParam=0.000180 gateRatio=0.0550 envParam=0.000450 onsetScale=0.300 retriggerScale=1.400 guard=0.060 guardRemain=0.000 activeAge=-1.000 retrigRemain=0.000 pitchHz=-1.00 pitchCents=0.0
2025-12-20 00:45:24 [tracker] [s3] onset t=38.788 env=0.01922 gate=0.00014 envDelta=0.01908 envFloor=0.00218 onset=0.721 thresh=0.012 onsetDelta=0.70909 baseline=0.00104 adaptive=0.02735 lastPeak=0.00000 guard=0.060 activeAge=-1.000 pitch=-1.00Hz pitchCents=0.0
2025-12-20 00:45:24 [tracker] [s6] onset t=38.967 env=0.02414 gate=0.00042 envDelta=0.02372 envFloor=0.00353 onset=0.991 thresh=0.018 onsetDelta=0.97315 baseline=0.00168 adaptive=0.02640 lastPeak=0.00000 guard=0.060 activeAge=-1.000 pitch=-1.00Hz pitchCents=0.0
2025-12-20 00:45:25 [tracker] [s1] aubio-raw t=39.1375 onset=1.000616 env=0.018863 peak=0.024434 gain=1.000
2025-12-20 00:45:25 [tracker] [s1] onset-accepted t=39.1375 env=0.018863 gate=0.000040 envDelta=0.018824 envFloor=0.001512 onset=1.000616 thresh=0.006000 onsetDelta=0.994616 baseline=0.000720 floor=0.000180 adapt=0.021365 lastPeak=0.000000 baseParam=0.000180 gateRatio=0.0550 envParam=0.000450 onsetScale=0.300 retriggerScale=1.400 guard=0.060 guardRemain=0.000 activeAge=-1.000 retrigRemain=0.000 pitchHz=-1.00 pitchCents=0.0
2025-12-20 00:45:25 [tracker] [s1] onset t=39.138 env=0.01886 gate=0.00004 envDelta=0.01882 envFloor=0.00151 onset=1.001 thresh=0.006 onsetDelta=0.99462 baseline=0.00072 adaptive=0.02136 lastPeak=0.00000 guard=0.060 activeAge=-1.000 pitch=-1.00Hz pitchCents=0.0
2025-12-20 00:45:25 [tracker] [s3] onset t=39.138 env=0.02472 gate=0.00014 envDelta=0.02458 envFloor=0.00218 onset=1.141 thresh=0.012 onsetDelta=1.12979 baseline=0.00104 adaptive=0.02783 lastPeak=0.00000 guard=0.060 activeAge=-1.000 pitch=-1.00Hz pitchCents=0.0
2025-12-20 00:45:25 [tracker] [s3] onset t=39.321 env=0.02060 gate=0.00014 envDelta=0.02047 envFloor=0.00218 onset=1.007 thresh=0.012 onsetDelta=0.99540 baseline=0.00104 adaptive=0.02763 lastPeak=0.00000 guard=0.060 activeAge=-1.000 pitch=-1.00Hz pitchCents=0.0
2025-12-20 00:45:25 [tracker] [s4] onset t=39.385 env=0.03189 gate=0.00022 envDelta=0.03167 envFloor=0.00269 onset=1.018 thresh=0.014 onsetDelta=1.00361 baseline=0.00128 adaptive=0.02775 lastPeak=0.00000 guard=0.060 activeAge=-1.000 pitch=-1.00Hz pitchCents=0.0
2025-12-20 00:45:25 [tracker] [s2] onset t=39.428 env=0.02986 gate=0.00001 envDelta=0.02985 envFloor=0.00185 onset=0.988 thresh=0.009 onsetDelta=0.97893 baseline=0.00088 adaptive=0.02698 lastPeak=0.00000 guard=0.060 activeAge=-1.000 pitch=-1.00Hz pitchCents=0.0
2025-12-20 00:45:25 [tracker] [s5] onset t=39.441 env=0.02011 gate=0.00031 envDelta=0.01980 envFloor=0.00311 onset=1.148 thresh=0.016 onsetDelta=1.13187 baseline=0.00148 adaptive=0.02642 lastPeak=0.00000 guard=0.060 activeAge=-1.000 pitch=-1.00Hz pitchCents=0.0
2025-12-20 00:45:25 [tracker] [s1] aubio-raw t=39.5535 onset=1.384113 env=0.022226 peak=0.025506 gain=1.000
2025-12-20 00:45:25 [tracker] [s1] onset-accepted t=39.5535 env=0.022226 gate=0.000040 envDelta=0.022187 envFloor=0.001512 onset=1.384113 thresh=0.006000 onsetDelta=1.378113 baseline=0.000720 floor=0.000180 adapt=0.021144 lastPeak=0.000000 baseParam=0.000180 gateRatio=0.0550 envParam=0.000450 onsetScale=0.300 retriggerScale=1.400 guard=0.060 guardRemain=0.000 activeAge=-1.000 retrigRemain=0.000 pitchHz=-1.00 pitchCents=0.0
2025-12-20 00:45:25 [tracker] [s1] onset t=39.553 env=0.02223 gate=0.00004 envDelta=0.02219 envFloor=0.00151 onset=1.384 thresh=0.006 onsetDelta=1.37811 baseline=0.00072 adaptive=0.02114 lastPeak=0.00000 guard=0.060 activeAge=-1.000 pitch=-1.00Hz pitchCents=0.0
2025-12-20 00:45:25 [tracker] [s5] onset t=39.591 env=0.01380 gate=0.00031 envDelta=0.01349 envFloor=0.00311 onset=0.901 thresh=0.016 onsetDelta=0.88534 baseline=0.00148 adaptive=0.02669 lastPeak=0.00000 guard=0.060 activeAge=-1.000 pitch=-1.00Hz pitchCents=0.0
2025-12-20 00:45:25 [tracker] [s4] onset t=39.753 env=0.02875 gate=0.00022 envDelta=0.02853 envFloor=0.00269 onset=1.025 thresh=0.014 onsetDelta=1.01090 baseline=0.00128 adaptive=0.02736 lastPeak=0.00000 guard=0.060 activeAge=-1.000 pitch=-1.00Hz pitchCents=0.0
2025-12-20 00:45:25 [tracker] [s1] aubio-raw t=39.7561 onset=1.103023 env=0.008997 peak=0.016172 gain=1.000
2025-12-20 00:45:25 [tracker] [s1] onset-accepted t=39.7561 env=0.008997 gate=0.000040 envDelta=0.008958 envFloor=0.001512 onset=1.103023 thresh=0.006000 onsetDelta=1.097023 baseline=0.000720 floor=0.000180 adapt=0.020761 lastPeak=0.000000 baseParam=0.000180 gateRatio=0.0550 envParam=0.000450 onsetScale=0.300 retriggerScale=1.400 guard=0.060 guardRemain=0.000 activeAge=-1.000 retrigRemain=0.000 pitchHz=-1.00 pitchCents=0.0
2025-12-20 00:45:25 [tracker] [s1] onset t=39.756 env=0.00900 gate=0.00004 envDelta=0.00896 envFloor=0.00151 onset=1.103 thresh=0.006 onsetDelta=1.09702 baseline=0.00072 adaptive=0.02076 lastPeak=0.00000 guard=0.060 activeAge=-1.000 pitch=-1.00Hz pitchCents=0.0
2025-12-20 00:45:25 [tracker] [s3] onset t=39.775 env=0.01976 gate=0.00014 envDelta=0.01962 envFloor=0.00218 onset=1.044 thresh=0.012 onsetDelta=1.03264 baseline=0.00104 adaptive=0.02704 lastPeak=0.00000 guard=0.060 activeAge=-1.000 pitch=-1.00Hz pitchCents=0.0
2025-12-20 00:45:25 [tracker] [s2] onset t=39.799 env=0.01144 gate=0.00001 envDelta=0.01143 envFloor=0.00185 onset=0.998 thresh=0.009 onsetDelta=0.98867 baseline=0.00088 adaptive=0.02677 lastPeak=0.00000 guard=0.060 activeAge=-1.000 pitch=-1.00Hz pitchCents=0.0
2025-12-20 00:45:25 [tracker] [s4] onset t=39.817 env=0.02749 gate=0.00022 envDelta=0.02727 envFloor=0.00269 onset=0.640 thresh=0.014 onsetDelta=0.62574 baseline=0.00128 adaptive=0.02706 lastPeak=0.00000 guard=0.060 activeAge=-1.000 pitch=-1.00Hz pitchCents=0.0
2025-12-20 00:45:25 [tracker] [s3] onset t=39.855 env=0.02172 gate=0.00014 envDelta=0.02159 envFloor=0.00218 onset=1.397 thresh=0.012 onsetDelta=1.38548 baseline=0.00104 adaptive=0.02769 lastPeak=0.00000 guard=0.060 activeAge=-1.000 pitch=-1.00Hz pitchCents=0.0
2025-12-20 00:45:25 [tracker] [s1] aubio-raw t=39.8735 onset=1.002631 env=0.007782 peak=0.013524 gain=1.000
2025-12-20 00:45:25 [tracker] [s1] onset-accepted t=39.8735 env=0.007782 gate=0.000040 envDelta=0.007743 envFloor=0.001512 onset=1.002631 thresh=0.006000 onsetDelta=0.996631 baseline=0.000720 floor=0.000180 adapt=0.020966 lastPeak=0.000000 baseParam=0.000180 gateRatio=0.0550 envParam=0.000450 onsetScale=0.300 retriggerScale=1.400 guard=0.060 guardRemain=0.000 activeAge=-1.000 retrigRemain=0.000 pitchHz=-1.00 pitchCents=0.0
2025-12-20 00:45:25 [tracker] [s1] onset t=39.873 env=0.00778 gate=0.00004 envDelta=0.00774 envFloor=0.00151 onset=1.003 thresh=0.006 onsetDelta=0.99663 baseline=0.00072 adaptive=0.02097 lastPeak=0.00000 guard=0.060 activeAge=-1.000 pitch=-1.00Hz pitchCents=0.0
2025-12-20 00:45:25 [tracker] [s6] onset t=39.892 env=0.02467 gate=0.00042 envDelta=0.02425 envFloor=0.00353 onset=0.637 thresh=0.018 onsetDelta=0.61854 baseline=0.00168 adaptive=0.02636 lastPeak=0.00000 guard=0.060 activeAge=-1.000 pitch=-1.00Hz pitchCents=0.0
2025-12-20 00:45:25 [tracker] [s4] onset t=39.897 env=0.01419 gate=0.00022 envDelta=0.01397 envFloor=0.00269 onset=0.997 thresh=0.014 onsetDelta=0.98278 baseline=0.00128 adaptive=0.02703 lastPeak=0.00000 guard=0.060 activeAge=-1.000 pitch=-1.00Hz pitchCents=0.0
2025-12-20 00:45:26 [tracker] [s6] onset t=40.073 env=0.01000 gate=0.00042 envDelta=0.00958 envFloor=0.00353 onset=1.015 thresh=0.018 onsetDelta=0.99657 baseline=0.00168 adaptive=0.02669 lastPeak=0.00000 guard=0.060 activeAge=-1.000 pitch=-1.00Hz pitchCents=0.0
2025-12-20 00:45:26 [tracker] [s1] aubio-raw t=40.0788 onset=1.141919 env=0.022078 peak=0.025989 gain=1.000
2025-12-20 00:45:26 [tracker] [s1] onset-accepted t=40.0788 env=0.022078 gate=0.000040 envDelta=0.022038 envFloor=0.001512 onset=1.141919 thresh=0.006000 onsetDelta=1.135919 baseline=0.000720 floor=0.000180 adapt=0.021266 lastPeak=0.000000 baseParam=0.000180 gateRatio=0.0550 envParam=0.000450 onsetScale=0.300 retriggerScale=1.400 guard=0.060 guardRemain=0.000 activeAge=-1.000 retrigRemain=0.000 pitchHz=-1.00 pitchCents=0.0
2025-12-20 00:45:26 [tracker] [s1] onset t=40.079 env=0.02208 gate=0.00004 envDelta=0.02204 envFloor=0.00151 onset=1.142 thresh=0.006 onsetDelta=1.13592 baseline=0.00072 adaptive=0.02127 lastPeak=0.00000 guard=0.060 activeAge=-1.000 pitch=-1.00Hz pitchCents=0.0
2025-12-20 00:45:26 [tracker] [s5] onset t=40.100 env=0.02184 gate=0.00031 envDelta=0.02153 envFloor=0.00311 onset=1.151 thresh=0.016 onsetDelta=1.13508 baseline=0.00148 adaptive=0.02639 lastPeak=0.00000 guard=0.060 activeAge=-1.000 pitch=-1.00Hz pitchCents=0.0
2025-12-20 00:45:26 [tracker] [s3] onset t=40.105 env=0.01690 gate=0.00014 envDelta=0.01677 envFloor=0.00218 onset=1.027 thresh=0.012 onsetDelta=1.01583 baseline=0.00104 adaptive=0.02729 lastPeak=0.00000 guard=0.060 activeAge=-1.000 pitch=-1.00Hz pitchCents=0.0
2025-12-20 00:45:26 [tracker] [s5] onset t=40.204 env=0.02577 gate=0.00031 envDelta=0.02546 envFloor=0.00311 onset=1.109 thresh=0.016 onsetDelta=1.09308 baseline=0.00148 adaptive=0.02711 lastPeak=0.00000 guard=0.060 activeAge=-1.000 pitch=-1.00Hz pitchCents=0.0
2025-12-20 00:45:26 [tracker] [s2] onset t=40.220 env=0.02884 gate=0.00001 envDelta=0.02883 envFloor=0.00185 onset=1.132 thresh=0.009 onsetDelta=1.12300 baseline=0.00088 adaptive=0.02689 lastPeak=0.00000 guard=0.060 activeAge=-1.000 pitch=-1.00Hz pitchCents=0.0
2025-12-20 00:45:26 [tracker] [s2] onset t=40.308 env=0.01826 gate=0.00001 envDelta=0.01826 envFloor=0.00185 onset=1.173 thresh=0.009 onsetDelta=1.16428 baseline=0.00088 adaptive=0.02657 lastPeak=0.00000 guard=0.060 activeAge=-1.000 pitch=-1.00Hz pitchCents=0.0
2025-12-20 00:45:26 [tracker] [s5] onset t=40.308 env=0.01815 gate=0.00031 envDelta=0.01784 envFloor=0.00311 onset=0.890 thresh=0.016 onsetDelta=0.87393 baseline=0.00148 adaptive=0.02649 lastPeak=0.00000 guard=0.060 activeAge=-1.000 pitch=-1.00Hz pitchCents=0.0
2025-12-20 00:45:26 [tracker] [s3] onset t=40.447 env=0.02041 gate=0.00014 envDelta=0.02027 envFloor=0.00218 onset=1.271 thresh=0.012 onsetDelta=1.25929 baseline=0.00104 adaptive=0.02760 lastPeak=0.00000 guard=0.060 activeAge=-1.000 pitch=-1.00Hz pitchCents=0.0
2025-12-20 00:45:26 [tracker] [s4] onset t=40.473 env=0.01000 gate=0.00022 envDelta=0.00978 envFloor=0.00269 onset=1.090 thresh=0.014 onsetDelta=1.07592 baseline=0.00128 adaptive=0.02701 lastPeak=0.00000 guard=0.060 activeAge=-1.000 pitch=-1.00Hz pitchCents=0.0
2025-12-20 00:45:26 [tracker] [s2] onset t=40.487 env=0.02918 gate=0.00001 envDelta=0.02917 envFloor=0.00185 onset=1.293 thresh=0.009 onsetDelta=1.28412 baseline=0.00088 adaptive=0.02693 lastPeak=0.00000 guard=0.060 activeAge=-1.000 pitch=-1.00Hz pitchCents=0.0
2025-12-20 00:45:26 [tracker] [s6] onset t=40.524 env=0.01182 gate=0.00042 envDelta=0.01140 envFloor=0.00353 onset=1.485 thresh=0.018 onsetDelta=1.46662 baseline=0.00168 adaptive=0.02686 lastPeak=0.00000 guard=0.060 activeAge=-1.000 pitch=-1.00Hz pitchCents=0.0
2025-12-20 00:45:26 [tracker] [s4] onset t=40.689 env=0.01339 gate=0.00022 envDelta=0.01317 envFloor=0.00269 onset=0.795 thresh=0.014 onsetDelta=0.78081 baseline=0.00128 adaptive=0.02694 lastPeak=0.00000 guard=0.060 activeAge=-1.000 pitch=-1.00Hz pitchCents=0.0
2025-12-20 00:45:26 [tracker] [s6] onset t=40.700 env=0.02048 gate=0.00042 envDelta=0.02006 envFloor=0.00353 onset=0.920 thresh=0.018 onsetDelta=0.90162 baseline=0.00168 adaptive=0.02647 lastPeak=0.00000 guard=0.060 activeAge=-1.000 pitch=-1.00Hz pitchCents=0.0
2025-12-20 00:45:26 [tracker] [s2] onset t=40.788 env=0.02303 gate=0.00001 envDelta=0.02302 envFloor=0.00185 onset=1.333 thresh=0.009 onsetDelta=1.32423 baseline=0.00088 adaptive=0.02723 lastPeak=0.00000 guard=0.060 activeAge=-1.000 pitch=-1.00Hz pitchCents=0.0
2025-12-20 00:45:26 [tracker] [s2] onset t=40.887 env=0.02951 gate=0.00001 envDelta=0.02950 envFloor=0.00185 onset=1.046 thresh=0.009 onsetDelta=1.03700 baseline=0.00088 adaptive=0.02693 lastPeak=0.00000 guard=0.060 activeAge=-1.000 pitch=-1.00Hz pitchCents=0.0
2025-12-20 00:45:26 [tracker] [s6] onset t=40.924 env=0.01134 gate=0.00042 envDelta=0.01092 envFloor=0.00353 onset=0.762 thresh=0.018 onsetDelta=0.74407 baseline=0.00168 adaptive=0.02678 lastPeak=0.00000 guard=0.060 activeAge=-1.000 pitch=-1.00Hz pitchCents=0.0
2025-12-20 00:45:26 [tracker] [s1] aubio-raw t=40.9534 onset=1.299547 env=0.023496 peak=0.025715 gain=1.000
2025-12-20 00:45:26 [tracker] [s1] onset-accepted t=40.9534 env=0.023496 gate=0.000040 envDelta=0.023456 envFloor=0.001512 onset=1.299547 thresh=0.006000 onsetDelta=1.293547 baseline=0.000720 floor=0.000180 adapt=0.021113 lastPeak=0.000000 baseParam=0.000180 gateRatio=0.0550 envParam=0.000450 onsetScale=0.300 retriggerScale=1.400 guard=0.060 guardRemain=0.000 activeAge=-1.000 retrigRemain=0.000 pitchHz=-1.00 pitchCents=0.0
2025-12-20 00:45:26 [tracker] [s1] onset t=40.953 env=0.02350 gate=0.00004 envDelta=0.02346 envFloor=0.00151 onset=1.300 thresh=0.006 onsetDelta=1.29355 baseline=0.00072 adaptive=0.02111 lastPeak=0.00000 guard=0.060 activeAge=-1.000 pitch=-1.00Hz pitchCents=0.0
2025-12-20 00:45:27 [tracker] [s6] onset t=40.988 env=0.02357 gate=0.00042 envDelta=0.02315 envFloor=0.00353 onset=1.000 thresh=0.018 onsetDelta=0.98168 baseline=0.00168 adaptive=0.02734 lastPeak=0.00000 guard=0.060 activeAge=-1.000 pitch=-1.00Hz pitchCents=0.0
2025-12-20 00:45:27 [tracker] [s3] onset t=41.073 env=0.01053 gate=0.00014 envDelta=0.01039 envFloor=0.00218 onset=0.997 thresh=0.012 onsetDelta=0.98541 baseline=0.00104 adaptive=0.02703 lastPeak=0.00000 guard=0.060 activeAge=-1.000 pitch=-1.00Hz pitchCents=0.0
2025-12-20 00:45:27 [tracker] [s2] onset t=41.105 env=0.01882 gate=0.00001 envDelta=0.01881 envFloor=0.00185 onset=0.925 thresh=0.009 onsetDelta=0.91589 baseline=0.00088 adaptive=0.02695 lastPeak=0.00000 guard=0.060 activeAge=-1.000 pitch=-1.00Hz pitchCents=0.0
2025-12-20 00:45:27 [tracker] [s5] onset t=41.148 env=0.01191 gate=0.00031 envDelta=0.01159 envFloor=0.00311 onset=1.287 thresh=0.016 onsetDelta=1.27104 baseline=0.00148 adaptive=0.02637 lastPeak=0.00000 guard=0.060 activeAge=-1.000 pitch=-1.00Hz pitchCents=0.0
2025-12-20 00:45:27 [tracker] [s2] onset t=41.156 env=0.01409 gate=0.00001 envDelta=0.01408 envFloor=0.00185 onset=0.998 thresh=0.009 onsetDelta=0.98858 baseline=0.00088 adaptive=0.02641 lastPeak=0.00000 guard=0.060 activeAge=-1.000 pitch=-1.00Hz pitchCents=0.0
2025-12-20 00:45:27 [tracker] [s4] onset t=41.172 env=0.01944 gate=0.00022 envDelta=0.01922 envFloor=0.00269 onset=1.050 thresh=0.014 onsetDelta=1.03619 baseline=0.00128 adaptive=0.02744 lastPeak=0.00000 guard=0.060 activeAge=-1.000 pitch=-1.00Hz pitchCents=0.0
2025-12-20 00:45:27 [tracker] [s3] onset t=41.212 env=0.02948 gate=0.00014 envDelta=0.02935 envFloor=0.00218 onset=0.991 thresh=0.012 onsetDelta=0.97938 baseline=0.00104 adaptive=0.02744 lastPeak=0.00000 guard=0.060 activeAge=-1.000 pitch=-1.00Hz pitchCents=0.0
2025-12-20 00:45:27 [tracker] [s4] onset t=41.295 env=0.03136 gate=0.00022 envDelta=0.03115 envFloor=0.00269 onset=0.830 thresh=0.014 onsetDelta=0.81643 baseline=0.00128 adaptive=0.02753 lastPeak=0.00000 guard=0.060 activeAge=-1.000 pitch=-1.00Hz pitchCents=0.0
2025-12-20 00:45:27 [tracker] [s5] onset t=41.332 env=0.00990 gate=0.00031 envDelta=0.00959 envFloor=0.00311 onset=1.304 thresh=0.016 onsetDelta=1.28826 baseline=0.00148 adaptive=0.02648 lastPeak=0.00000 guard=0.060 activeAge=-1.000 pitch=-1.00Hz pitchCents=0.0
2025-12-20 00:45:27 [tracker] [s3] onset t=41.449 env=0.01287 gate=0.00014 envDelta=0.01274 envFloor=0.00218 onset=0.821 thresh=0.012 onsetDelta=0.80955 baseline=0.00104 adaptive=0.02734 lastPeak=0.00000 guard=0.060 activeAge=-1.000 pitch=-1.00Hz pitchCents=0.0
2025-12-20 00:45:27 [tracker] [s2] onset t=41.473 env=0.01086 gate=0.00001 envDelta=0.01085 envFloor=0.00185 onset=0.990 thresh=0.009 onsetDelta=0.98063 baseline=0.00088 adaptive=0.02658 lastPeak=0.00000 guard=0.060 activeAge=-1.000 pitch=-1.00Hz pitchCents=0.0
2025-12-20 00:45:27 [tracker] [s1] aubio-raw t=41.5187 onset=0.997743 env=0.024118 peak=0.025766 gain=1.000
2025-12-20 00:45:27 [tracker] [s1] onset-accepted t=41.5187 env=0.024118 gate=0.000040 envDelta=0.024078 envFloor=0.001512 onset=0.997743 thresh=0.006000 onsetDelta=0.991743 baseline=0.000720 floor=0.000180 adapt=0.021493 lastPeak=0.000000 baseParam=0.000180 gateRatio=0.0550 envParam=0.000450 onsetScale=0.300 retriggerScale=1.400 guard=0.060 guardRemain=0.000 activeAge=-1.000 retrigRemain=0.000 pitchHz=-1.00 pitchCents=0.0
2025-12-20 00:45:27 [tracker] [s1] onset t=41.519 env=0.02412 gate=0.00004 envDelta=0.02408 envFloor=0.00151 onset=0.998 thresh=0.006 onsetDelta=0.99174 baseline=0.00072 adaptive=0.02149 lastPeak=0.00000 guard=0.060 activeAge=-1.000 pitch=-1.00Hz pitchCents=0.0
2025-12-20 00:45:27 [tracker] [s3] onset t=41.524 env=0.01046 gate=0.00014 envDelta=0.01033 envFloor=0.00218 onset=0.996 thresh=0.012 onsetDelta=0.98411 baseline=0.00104 adaptive=0.02724 lastPeak=0.00000 guard=0.060 activeAge=-1.000 pitch=-1.00Hz pitchCents=0.0
2025-12-20 00:45:27 [tracker] [s2] onset t=41.620 env=0.03046 gate=0.00001 envDelta=0.03045 envFloor=0.00185 onset=1.079 thresh=0.009 onsetDelta=1.06950 baseline=0.00088 adaptive=0.02712 lastPeak=0.00000 guard=0.060 activeAge=-1.000 pitch=-1.00Hz pitchCents=0.0
2025-12-20 00:45:27 [tracker] [s3] onset t=41.652 env=0.03084 gate=0.00014 envDelta=0.03070 envFloor=0.00218 onset=0.997 thresh=0.012 onsetDelta=0.98551 baseline=0.00104 adaptive=0.02793 lastPeak=0.00000 guard=0.060 activeAge=-1.000 pitch=-1.00Hz pitchCents=0.0
2025-12-20 00:45:27 [tracker] [s5] onset t=41.681 env=0.01312 gate=0.00031 envDelta=0.01281 envFloor=0.00311 onset=0.995 thresh=0.016 onsetDelta=0.97899 baseline=0.00148 adaptive=0.02646 lastPeak=0.00000 guard=0.060 activeAge=-1.000 pitch=-1.00Hz pitchCents=0.0
2025-12-20 00:45:27 [tracker] [s4] onset t=41.775 env=0.01440 gate=0.00022 envDelta=0.01418 envFloor=0.00269 onset=0.833 thresh=0.014 onsetDelta=0.81891 baseline=0.00128 adaptive=0.02714 lastPeak=0.00000 guard=0.060 activeAge=-1.000 pitch=-1.00Hz pitchCents=0.0
2025-12-20 00:45:27 [tracker] [s4] onset t=41.863 env=0.02716 gate=0.00022 envDelta=0.02694 envFloor=0.00269 onset=1.205 thresh=0.014 onsetDelta=1.19078 baseline=0.00128 adaptive=0.02741 lastPeak=0.00000 guard=0.060 activeAge=-1.000 pitch=-1.00Hz pitchCents=0.0
2025-12-20 00:45:27 [tracker] [s1] aubio-raw t=41.9720 onset=0.902894 env=0.016465 peak=0.022860 gain=1.000
2025-12-20 00:45:27 [tracker] [s1] onset-accepted t=41.9720 env=0.016465 gate=0.000040 envDelta=0.016425 envFloor=0.001512 onset=0.902894 thresh=0.006000 onsetDelta=0.896894 baseline=0.000720 floor=0.000180 adapt=0.021394 lastPeak=0.000000 baseParam=0.000180 gateRatio=0.0550 envParam=0.000450 onsetScale=0.300 retriggerScale=1.400 guard=0.060 guardRemain=0.000 activeAge=-1.000 retrigRemain=0.000 pitchHz=-1.00 pitchCents=0.0
2025-12-20 00:45:27 [tracker] [s1] onset t=41.972 env=0.01647 gate=0.00004 envDelta=0.01643 envFloor=0.00151 onset=0.903 thresh=0.006 onsetDelta=0.89689 baseline=0.00072 adaptive=0.02139 lastPeak=0.00000 guard=0.060 activeAge=-1.000 pitch=-1.00Hz pitchCents=0.0
2025-12-20 00:45:28 [tracker] [s5] onset t=42.057 env=0.00994 gate=0.00031 envDelta=0.00963 envFloor=0.00311 onset=1.221 thresh=0.016 onsetDelta=1.20484 baseline=0.00148 adaptive=0.02664 lastPeak=0.00000 guard=0.060 activeAge=-1.000 pitch=-1.00Hz pitchCents=0.0
2025-12-20 00:45:28 [tracker] [s4] onset t=42.223 env=0.01667 gate=0.00022 envDelta=0.01646 envFloor=0.00269 onset=0.700 thresh=0.014 onsetDelta=0.68555 baseline=0.00128 adaptive=0.02730 lastPeak=0.00000 guard=0.060 activeAge=-1.000 pitch=-1.00Hz pitchCents=0.0
2025-12-20 00:45:28 [tracker] [s4] onset t=42.335 env=0.02679 gate=0.00022 envDelta=0.02657 envFloor=0.00269 onset=1.401 thresh=0.014 onsetDelta=1.38656 baseline=0.00128 adaptive=0.02699 lastPeak=0.00000 guard=0.060 activeAge=-1.000 pitch=-1.00Hz pitchCents=0.0
2025-12-20 00:45:28 [tracker] [s2] onset t=42.489 env=0.01676 gate=0.00001 envDelta=0.01676 envFloor=0.00185 onset=0.917 thresh=0.009 onsetDelta=0.90840 baseline=0.00088 adaptive=0.02671 lastPeak=0.00000 guard=0.060 activeAge=-1.000 pitch=-1.00Hz pitchCents=0.0
2025-12-20 00:45:28 [tracker] [s6] onset t=42.535 env=0.02606 gate=0.00042 envDelta=0.02564 envFloor=0.00353 onset=1.230 thresh=0.018 onsetDelta=1.21174 baseline=0.00168 adaptive=0.02650 lastPeak=0.00000 guard=0.060 activeAge=-1.000 pitch=-1.00Hz pitchCents=0.0
2025-12-20 00:45:28 [tracker] [s1] aubio-raw t=42.5666 onset=0.965798 env=0.012022 peak=0.021527 gain=1.000
2025-12-20 00:45:28 [tracker] [s1] onset-accepted t=42.5666 env=0.012022 gate=0.000040 envDelta=0.011983 envFloor=0.001512 onset=0.965798 thresh=0.006000 onsetDelta=0.959798 baseline=0.000720 floor=0.000180 adapt=0.020990 lastPeak=0.000000 baseParam=0.000180 gateRatio=0.0550 envParam=0.000450 onsetScale=0.300 retriggerScale=1.400 guard=0.060 guardRemain=0.000 activeAge=-1.000 retrigRemain=0.000 pitchHz=-1.00 pitchCents=0.0
2025-12-20 00:45:28 [tracker] [s1] onset t=42.567 env=0.01202 gate=0.00004 envDelta=0.01198 envFloor=0.00151 onset=0.966 thresh=0.006 onsetDelta=0.95980 baseline=0.00072 adaptive=0.02099 lastPeak=0.00000 guard=0.060 activeAge=-1.000 pitch=-1.00Hz pitchCents=0.0
2025-12-20 00:45:28 [tracker] [s6] onset t=42.617 env=0.02131 gate=0.00042 envDelta=0.02089 envFloor=0.00353 onset=0.919 thresh=0.018 onsetDelta=0.90073 baseline=0.00168 adaptive=0.02639 lastPeak=0.00000 guard=0.060 activeAge=-1.000 pitch=-1.00Hz pitchCents=0.0
2025-12-20 00:45:28 [tracker] [s2] onset t=42.623 env=0.01741 gate=0.00001 envDelta=0.01740 envFloor=0.00185 onset=1.072 thresh=0.009 onsetDelta=1.06289 baseline=0.00088 adaptive=0.02687 lastPeak=0.00000 guard=0.060 activeAge=-1.000 pitch=-1.00Hz pitchCents=0.0
2025-12-20 00:45:28 [tracker] [s6] onset t=42.735 env=0.02584 gate=0.00042 envDelta=0.02542 envFloor=0.00353 onset=0.945 thresh=0.018 onsetDelta=0.92703 baseline=0.00168 adaptive=0.02650 lastPeak=0.00000 guard=0.060 activeAge=-1.000 pitch=-1.00Hz pitchCents=0.0
2025-12-20 00:45:28 [tracker] [s5] onset t=42.807 env=0.01294 gate=0.00031 envDelta=0.01263 envFloor=0.00311 onset=1.317 thresh=0.016 onsetDelta=1.30133 baseline=0.00148 adaptive=0.02635 lastPeak=0.00000 guard=0.060 activeAge=-1.000 pitch=-1.00Hz pitchCents=0.0
2025-12-20 00:45:28 [tracker] [s6] onset t=42.807 env=0.01327 gate=0.00042 envDelta=0.01285 envFloor=0.00353 onset=0.958 thresh=0.018 onsetDelta=0.93970 baseline=0.00168 adaptive=0.02662 lastPeak=0.00000 guard=0.060 activeAge=-1.000 pitch=-1.00Hz pitchCents=0.0
2025-12-20 00:45:28 [tracker] [s1] aubio-raw t=42.9132 onset=1.198757 env=0.019928 peak=0.025109 gain=1.000
2025-12-20 00:45:28 [tracker] [s1] onset-accepted t=42.9132 env=0.019928 gate=0.000040 envDelta=0.019889 envFloor=0.001512 onset=1.198757 thresh=0.006000 onsetDelta=1.192757 baseline=0.000720 floor=0.000180 adapt=0.021421 lastPeak=0.000000 baseParam=0.000180 gateRatio=0.0550 envParam=0.000450 onsetScale=0.300 retriggerScale=1.400 guard=0.060 guardRemain=0.000 activeAge=-1.000 retrigRemain=0.000 pitchHz=-1.00 pitchCents=0.0
2025-12-20 00:45:28 [tracker] [s1] onset t=42.913 env=0.01993 gate=0.00004 envDelta=0.01989 envFloor=0.00151 onset=1.199 thresh=0.006 onsetDelta=1.19276 baseline=0.00072 adaptive=0.02142 lastPeak=0.00000 guard=0.060 activeAge=-1.000 pitch=-1.00Hz pitchCents=0.0
2025-12-20 00:45:28 [tracker] [s3] onset t=42.937 env=0.03020 gate=0.00014 envDelta=0.03006 envFloor=0.00218 onset=1.146 thresh=0.012 onsetDelta=1.13414 baseline=0.00104 adaptive=0.02753 lastPeak=0.00000 guard=0.060 activeAge=-1.000 pitch=-1.00Hz pitchCents=0.0
2025-12-20 00:45:28 [tracker] [s4] onset t=42.940 env=0.01344 gate=0.00022 envDelta=0.01322 envFloor=0.00269 onset=1.188 thresh=0.014 onsetDelta=1.17419 baseline=0.00128 adaptive=0.02688 lastPeak=0.00000 guard=0.060 activeAge=-1.000 pitch=-1.00Hz pitchCents=0.0
2025-12-20 00:45:29 [tracker] [s1] aubio-raw t=42.9879 onset=0.735540 env=0.020979 peak=0.025352 gain=1.000
2025-12-20 00:45:29 [tracker] [s1] onset-accepted t=42.9879 env=0.020979 gate=0.000040 envDelta=0.020940 envFloor=0.001512 onset=0.735540 thresh=0.006000 onsetDelta=0.729540 baseline=0.000720 floor=0.000180 adapt=0.021225 lastPeak=0.000000 baseParam=0.000180 gateRatio=0.0550 envParam=0.000450 onsetScale=0.300 retriggerScale=1.400 guard=0.060 guardRemain=0.000 activeAge=-1.000 retrigRemain=0.000 pitchHz=-1.00 pitchCents=0.0
2025-12-20 00:45:29 [tracker] [s1] onset t=42.988 env=0.02098 gate=0.00004 envDelta=0.02094 envFloor=0.00151 onset=0.736 thresh=0.006 onsetDelta=0.72954 baseline=0.00072 adaptive=0.02122 lastPeak=0.00000 guard=0.060 activeAge=-1.000 pitch=-1.00Hz pitchCents=0.0
2025-12-20 00:45:29 [tracker] [s2] onset t=42.991 env=0.01013 gate=0.00001 envDelta=0.01013 envFloor=0.00185 onset=0.606 thresh=0.009 onsetDelta=0.59685 baseline=0.00088 adaptive=0.02658 lastPeak=0.00000 guard=0.060 activeAge=-1.000 pitch=-1.00Hz pitchCents=0.0
2025-12-20 00:45:29 [tracker] [s4] onset t=43.015 env=0.01634 gate=0.00022 envDelta=0.01612 envFloor=0.00269 onset=0.771 thresh=0.014 onsetDelta=0.75746 baseline=0.00128 adaptive=0.02712 lastPeak=0.00000 guard=0.060 activeAge=-1.000 pitch=-1.00Hz pitchCents=0.0
2025-12-20 00:45:29 [tracker] [s5] onset t=43.068 env=0.02525 gate=0.00031 envDelta=0.02494 envFloor=0.00311 onset=1.014 thresh=0.016 onsetDelta=0.99816 baseline=0.00148 adaptive=0.02638 lastPeak=0.00000 guard=0.060 activeAge=-1.000 pitch=-1.00Hz pitchCents=0.0
2025-12-20 00:45:29 [tracker] [s3] onset t=43.089 env=0.01902 gate=0.00014 envDelta=0.01889 envFloor=0.00218 onset=1.002 thresh=0.012 onsetDelta=0.99030 baseline=0.00104 adaptive=0.02754 lastPeak=0.00000 guard=0.060 activeAge=-1.000 pitch=-1.00Hz pitchCents=0.0
2025-12-20 00:45:29 [tracker] [s4] onset t=43.092 env=0.01669 gate=0.00022 envDelta=0.01647 envFloor=0.00269 onset=0.660 thresh=0.014 onsetDelta=0.64557 baseline=0.00128 adaptive=0.02704 lastPeak=0.00000 guard=0.060 activeAge=-1.000 pitch=-1.00Hz pitchCents=0.0
2025-12-20 00:45:29 [tracker] [s6] onset t=43.100 env=0.01399 gate=0.00042 envDelta=0.01357 envFloor=0.00353 onset=1.112 thresh=0.018 onsetDelta=1.09401 baseline=0.00168 adaptive=0.02679 lastPeak=0.00000 guard=0.060 activeAge=-1.000 pitch=-1.00Hz pitchCents=0.0
2025-12-20 00:45:29 [tracker] [s5] onset t=43.185 env=0.02856 gate=0.00031 envDelta=0.02825 envFloor=0.00311 onset=0.520 thresh=0.016 onsetDelta=0.50404 baseline=0.00148 adaptive=0.02690 lastPeak=0.00000 guard=0.060 activeAge=-1.000 pitch=-1.00Hz pitchCents=0.0
2025-12-20 00:45:29 [tracker] [s3] onset t=43.324 env=0.01061 gate=0.00014 envDelta=0.01047 envFloor=0.00218 onset=0.998 thresh=0.012 onsetDelta=0.98668 baseline=0.00104 adaptive=0.02708 lastPeak=0.00000 guard=0.060 activeAge=-1.000 pitch=-1.00Hz pitchCents=0.0
2025-12-20 00:45:29 [tracker] [s4] onset t=43.420 env=0.03187 gate=0.00022 envDelta=0.03166 envFloor=0.00269 onset=0.995 thresh=0.014 onsetDelta=0.98074 baseline=0.00128 adaptive=0.02771 lastPeak=0.00000 guard=0.060 activeAge=-1.000 pitch=-1.00Hz pitchCents=0.0
2025-12-20 00:45:29 [tracker] [s3] onset t=43.495 env=0.03204 gate=0.00014 envDelta=0.03191 envFloor=0.00218 onset=1.017 thresh=0.012 onsetDelta=1.00496 baseline=0.00104 adaptive=0.02791 lastPeak=0.00000 guard=0.060 activeAge=-1.000 pitch=-1.00Hz pitchCents=0.0
2025-12-20 00:45:29 [tracker] [s1] aubio-raw t=43.6892 onset=0.715569 env=0.015685 peak=0.022342 gain=1.000
2025-12-20 00:45:29 [tracker] [s1] onset-accepted t=43.6892 env=0.015685 gate=0.000040 envDelta=0.015645 envFloor=0.001512 onset=0.715569 thresh=0.006000 onsetDelta=0.709570 baseline=0.000720 floor=0.000180 adapt=0.021298 lastPeak=0.000000 baseParam=0.000180 gateRatio=0.0550 envParam=0.000450 onsetScale=0.300 retriggerScale=1.400 guard=0.060 guardRemain=0.000 activeAge=-1.000 retrigRemain=0.000 pitchHz=-1.00 pitchCents=0.0
2025-12-20 00:45:29 [tracker] [s1] onset t=43.689 env=0.01568 gate=0.00004 envDelta=0.01565 envFloor=0.00151 onset=0.716 thresh=0.006 onsetDelta=0.70957 baseline=0.00072 adaptive=0.02130 lastPeak=0.00000 guard=0.060 activeAge=-1.000 pitch=-1.00Hz pitchCents=0.0
2025-12-20 00:45:29 [tracker] [s4] onset t=43.775 env=0.01038 gate=0.00022 envDelta=0.01016 envFloor=0.00269 onset=0.996 thresh=0.014 onsetDelta=0.98175 baseline=0.00128 adaptive=0.02717 lastPeak=0.00000 guard=0.060 activeAge=-1.000 pitch=-1.00Hz pitchCents=0.0
2025-12-20 00:45:29 [tracker] [s6] onset t=43.841 env=0.01022 gate=0.00042 envDelta=0.00980 envFloor=0.00353 onset=1.387 thresh=0.018 onsetDelta=1.36870 baseline=0.00168 adaptive=0.02675 lastPeak=0.00000 guard=0.060 activeAge=-1.000 pitch=-1.00Hz pitchCents=0.0
2025-12-20 00:45:29 [tracker] [s3] onset t=43.852 env=0.02874 gate=0.00014 envDelta=0.02860 envFloor=0.00218 onset=0.982 thresh=0.012 onsetDelta=0.97002 baseline=0.00104 adaptive=0.02734 lastPeak=0.00000 guard=0.060 activeAge=-1.000 pitch=-1.00Hz pitchCents=0.0
2025-12-20 00:45:29 [tracker] [s2] onset t=43.884 env=0.01752 gate=0.00001 envDelta=0.01751 envFloor=0.00185 onset=0.983 thresh=0.009 onsetDelta=0.97400 baseline=0.00088 adaptive=0.02657 lastPeak=0.00000 guard=0.060 activeAge=-1.000 pitch=-1.00Hz pitchCents=0.0
2025-12-20 00:45:29 [tracker] [s4] onset t=43.929 env=0.03029 gate=0.00022 envDelta=0.03007 envFloor=0.00269 onset=1.157 thresh=0.014 onsetDelta=1.14282 baseline=0.00128 adaptive=0.02731 lastPeak=0.00000 guard=0.060 activeAge=-1.000 pitch=-1.00Hz pitchCents=0.0
2025-12-20 00:45:29 [tracker] [s3] onset t=43.964 env=0.02368 gate=0.00014 envDelta=0.02355 envFloor=0.00218 onset=1.000 thresh=0.012 onsetDelta=0.98881 baseline=0.00104 adaptive=0.02779 lastPeak=0.00000 guard=0.060 activeAge=-1.000 pitch=-1.00Hz pitchCents=0.0
2025-12-20 00:45:30 [tracker] [s2] onset t=44.089 env=0.02086 gate=0.00001 envDelta=0.02085 envFloor=0.00185 onset=0.878 thresh=0.009 onsetDelta=0.86869 baseline=0.00088 adaptive=0.02714 lastPeak=0.00000 guard=0.060 activeAge=-1.000 pitch=-1.00Hz pitchCents=0.0
2025-12-20 00:45:30 [tracker] [s1] aubio-raw t=44.1238 onset=1.184885 env=0.008887 peak=0.016013 gain=1.000
2025-12-20 00:45:30 [tracker] [s1] onset-accepted t=44.1238 env=0.008887 gate=0.000040 envDelta=0.008847 envFloor=0.001512 onset=1.184885 thresh=0.006000 onsetDelta=1.178885 baseline=0.000720 floor=0.000180 adapt=0.020745 lastPeak=0.000000 baseParam=0.000180 gateRatio=0.0550 envParam=0.000450 onsetScale=0.300 retriggerScale=1.400 guard=0.060 guardRemain=0.000 activeAge=-1.000 retrigRemain=0.000 pitchHz=-1.00 pitchCents=0.0
2025-12-20 00:45:30 [tracker] [s1] onset t=44.124 env=0.00889 gate=0.00004 envDelta=0.00885 envFloor=0.00151 onset=1.185 thresh=0.006 onsetDelta=1.17889 baseline=0.00072 adaptive=0.02075 lastPeak=0.00000 guard=0.060 activeAge=-1.000 pitch=-1.00Hz pitchCents=0.0
2025-12-20 00:45:30 [tracker] [s5] onset t=44.166 env=0.01126 gate=0.00031 envDelta=0.01094 envFloor=0.00311 onset=0.950 thresh=0.016 onsetDelta=0.93363 baseline=0.00148 adaptive=0.02658 lastPeak=0.00000 guard=0.060 activeAge=-1.000 pitch=-1.00Hz pitchCents=0.0
2025-12-20 00:45:30 [tracker] [s3] onset t=44.190 env=0.01178 gate=0.00014 envDelta=0.01165 envFloor=0.00218 onset=0.997 thresh=0.012 onsetDelta=0.98494 baseline=0.00104 adaptive=0.02683 lastPeak=0.00000 guard=0.060 activeAge=-1.000 pitch=-1.00Hz pitchCents=0.0
2025-12-20 00:45:30 [tracker] [s4] onset t=44.364 env=0.02414 gate=0.00022 envDelta=0.02393 envFloor=0.00269 onset=0.983 thresh=0.014 onsetDelta=0.96941 baseline=0.00128 adaptive=0.02767 lastPeak=0.00000 guard=0.060 activeAge=-1.000 pitch=-1.00Hz pitchCents=0.0
2025-12-20 00:45:30 [tracker] [s1] aubio-raw t=44.4118 onset=1.467814 env=0.024610 peak=0.025771 gain=1.000
2025-12-20 00:45:30 [tracker] [s1] onset-accepted t=44.4118 env=0.024610 gate=0.000040 envDelta=0.024571 envFloor=0.001512 onset=1.467814 thresh=0.006000 onsetDelta=1.461814 baseline=0.000720 floor=0.000180 adapt=0.021434 lastPeak=0.000000 baseParam=0.000180 gateRatio=0.0550 envParam=0.000450 onsetScale=0.300 retriggerScale=1.400 guard=0.060 guardRemain=0.000 activeAge=-1.000 retrigRemain=0.000 pitchHz=-1.00 pitchCents=0.0
2025-12-20 00:45:30 [tracker] [s1] onset t=44.412 env=0.02461 gate=0.00004 envDelta=0.02457 envFloor=0.00151 onset=1.468 thresh=0.006 onsetDelta=1.46181 baseline=0.00072 adaptive=0.02143 lastPeak=0.00000 guard=0.060 activeAge=-1.000 pitch=-1.00Hz pitchCents=0.0
2025-12-20 00:45:30 [tracker] [s1] aubio-raw t=44.4998 onset=0.997165 env=0.008459 peak=0.016265 gain=1.000
2025-12-20 00:45:30 [tracker] [s1] onset-accepted t=44.4998 env=0.008459 gate=0.000040 envDelta=0.008420 envFloor=0.001512 onset=0.997165 thresh=0.006000 onsetDelta=0.991165 baseline=0.000720 floor=0.000180 adapt=0.021046 lastPeak=0.000000 baseParam=0.000180 gateRatio=0.0550 envParam=0.000450 onsetScale=0.300 retriggerScale=1.400 guard=0.060 guardRemain=0.000 activeAge=-1.000 retrigRemain=0.000 pitchHz=-1.00 pitchCents=0.0
2025-12-20 00:45:30 [tracker] [s1] onset t=44.500 env=0.00846 gate=0.00004 envDelta=0.00842 envFloor=0.00151 onset=0.997 thresh=0.006 onsetDelta=0.99117 baseline=0.00072 adaptive=0.02105 lastPeak=0.00000 guard=0.060 activeAge=-1.000 pitch=-1.00Hz pitchCents=0.0
2025-12-20 00:45:30 [tracker] [s5] onset t=44.516 env=0.01067 gate=0.00031 envDelta=0.01036 envFloor=0.00311 onset=1.445 thresh=0.016 onsetDelta=1.42939 baseline=0.00148 adaptive=0.02648 lastPeak=0.00000 guard=0.060 activeAge=-1.000 pitch=-1.00Hz pitchCents=0.0
2025-12-20 00:45:30 [tracker] [s2] onset t=44.556 env=0.02190 gate=0.00001 envDelta=0.02189 envFloor=0.00185 onset=0.930 thresh=0.009 onsetDelta=0.92122 baseline=0.00088 adaptive=0.02721 lastPeak=0.00000 guard=0.060 activeAge=-1.000 pitch=-1.00Hz pitchCents=0.0
2025-12-20 00:45:30 [tracker] [s1] aubio-raw t=44.5851 onset=1.114840 env=0.020765 peak=0.025463 gain=1.000
2025-12-20 00:45:30 [tracker] [s1] onset-accepted t=44.5851 env=0.020765 gate=0.000040 envDelta=0.020725 envFloor=0.001512 onset=1.114840 thresh=0.006000 onsetDelta=1.108840 baseline=0.000720 floor=0.000180 adapt=0.020901 lastPeak=0.000000 baseParam=0.000180 gateRatio=0.0550 envParam=0.000450 onsetScale=0.300 retriggerScale=1.400 guard=0.060 guardRemain=0.000 activeAge=-1.000 retrigRemain=0.000 pitchHz=-1.00 pitchCents=0.0
2025-12-20 00:45:30 [tracker] [s1] onset t=44.585 env=0.02076 gate=0.00004 envDelta=0.02073 envFloor=0.00151 onset=1.115 thresh=0.006 onsetDelta=1.10884 baseline=0.00072 adaptive=0.02090 lastPeak=0.00000 guard=0.060 activeAge=-1.000 pitch=-1.00Hz pitchCents=0.0
2025-12-20 00:45:30 [tracker] [s5] onset t=44.601 env=0.02118 gate=0.00031 envDelta=0.02087 envFloor=0.00311 onset=0.988 thresh=0.016 onsetDelta=0.97167 baseline=0.00148 adaptive=0.02641 lastPeak=0.00000 guard=0.060 activeAge=-1.000 pitch=-1.00Hz pitchCents=0.0
2025-12-20 00:45:30 [tracker] [s4] onset t=44.702 env=0.03001 gate=0.00022 envDelta=0.02979 envFloor=0.00269 onset=1.099 thresh=0.014 onsetDelta=1.08510 baseline=0.00128 adaptive=0.02760 lastPeak=0.00000 guard=0.060 activeAge=-1.000 pitch=-1.00Hz pitchCents=0.0
2025-12-20 00:45:30 [tracker] [s3] onset t=44.790 env=0.01316 gate=0.00014 envDelta=0.01302 envFloor=0.00218 onset=0.997 thresh=0.012 onsetDelta=0.98556 baseline=0.00104 adaptive=0.02701 lastPeak=0.00000 guard=0.060 activeAge=-1.000 pitch=-1.00Hz pitchCents=0.0
2025-12-20 00:45:30 [sessionwavs] wrote 6 wav files to /home/general/SignalAssistant/logs/sessionwavs/session-20251220-004445 (shutdown)
# Session closed at 2025-12-20 00:45:30
