# SignalAssistant session log
# Started at 2025-12-01 06:37:56
2025-12-01 06:37:56 [session] mode=recorded session='live/c' path='/home/general/SignalAssistant/sessions/live/c' duration=39.01 files=6
2025-12-01 06:37:56 [tracker-settings] TrackerConfig onsetThreshold=0.02000 minNoteDurSec=0.045 hopSec=0.010 slideDelta=120.0 bendDelta=35.0
2025-12-01 06:37:56 [tracker-settings] string1 midi=40 lowCut=37.08Hz highCut=445.00Hz baseline=0.000180 gateRatio=0.05500 envFloor=0.000450 sustainScale=0.580 retriggerScale=1.400 peakRelease=0.120 pitchTol=0.400 onsetScale=0.300
2025-12-01 06:37:56 [tracker-settings] string2 midi=45 lowCut=55.00Hz highCut=563.20Hz baseline=0.000220 gateRatio=0.10000 envFloor=0.000550 sustainScale=0.700 retriggerScale=1.250 peakRelease=0.130 pitchTol=0.400 onsetScale=0.450
2025-12-01 06:37:56 [tracker-settings] string3 midi=50 lowCut=85.16Hz highCut=693.05Hz baseline=0.000260 gateRatio=0.13000 envFloor=0.000650 sustainScale=0.820 retriggerScale=1.100 peakRelease=0.140 pitchTol=0.450 onsetScale=0.580
2025-12-01 06:37:56 [tracker-settings] string4 midi=55 lowCut=127.40Hz highCut=862.39Hz baseline=0.000320 gateRatio=0.17000 envFloor=0.000780 sustainScale=1.000 retriggerScale=1.000 peakRelease=0.160 pitchTol=0.440 onsetScale=0.700
2025-12-01 06:37:56 [tracker-settings] string5 midi=59 lowCut=160.51Hz highCut=1086.54Hz baseline=0.000370 gateRatio=0.21000 envFloor=0.000900 sustainScale=1.000 retriggerScale=1.000 peakRelease=0.180 pitchTol=0.500 onsetScale=0.800
2025-12-01 06:37:56 [tracker-settings] string6 midi=64 lowCut=214.26Hz highCut=1450.36Hz baseline=0.000420 gateRatio=0.25000 envFloor=0.001050 sustainScale=1.000 retriggerScale=1.000 peakRelease=0.200 pitchTol=0.550 onsetScale=0.900
2025-12-01 06:37:56 [tracker] [s1] calibration reset
2025-12-01 06:37:56 [tracker] [s2] calibration reset
2025-12-01 06:37:56 [tracker] [s3] calibration reset
2025-12-01 06:37:56 [tracker] [s4] calibration reset
2025-12-01 06:37:56 [tracker] [s5] calibration reset
2025-12-01 06:37:56 [tracker] [s6] calibration reset
2025-12-01 06:37:56 [tracker] [s1] calibration avg=0.00681 peak=0.01023
2025-12-01 06:37:56 [tracker] [s2] calibration avg=0.00985 peak=0.02604
2025-12-01 06:37:56 [tracker] [s3] calibration avg=0.01634 peak=0.09024
2025-12-01 06:37:56 [tracker] [s4] calibration avg=0.00197 peak=0.01001
2025-12-01 06:37:56 [tracker] [s5] calibration avg=0.01157 peak=0.09657
2025-12-01 06:37:56 [tracker] [s6] calibration avg=0.00432 peak=0.20712
2025-12-01 06:42:41 [test-mode] play session='live/c' position=0.00 duration=39.01
2025-12-01 06:42:41 [tracker] [s1] configure sr=48000.0 hop=512 fft=4096 low=37.1 high=445.0
2025-12-01 06:42:41 [tracker] [s1] params baseline=0.000180 gate=0.0550 envFloor=0.000450 sustain=0.580 retrigger=1.400 peakRelease=0.120 pitchTol=0.400 onsetScale=0.006 aubioScale=1.20 aubioThresh=0.024 onsetSilence=-85.0 pitchSilence=-90.0
2025-12-01 06:42:41 [tracker] [s2] configure sr=48000.0 hop=512 fft=4096 low=55.0 high=563.2
2025-12-01 06:42:41 [tracker] [s2] params baseline=0.000220 gate=0.1000 envFloor=0.000550 sustain=0.700 retrigger=1.250 peakRelease=0.130 pitchTol=0.400 onsetScale=0.009 aubioScale=1.35 aubioThresh=0.027 onsetSilence=-85.0 pitchSilence=-90.0
2025-12-01 06:42:41 [tracker] [s3] configure sr=48000.0 hop=512 fft=4096 low=85.2 high=693.0
2025-12-01 06:42:41 [tracker] [s3] params baseline=0.000260 gate=0.1300 envFloor=0.000650 sustain=0.820 retrigger=1.100 peakRelease=0.140 pitchTol=0.450 onsetScale=0.012 aubioScale=1.60 aubioThresh=0.032 onsetSilence=-75.0 pitchSilence=-80.0
2025-12-01 06:42:41 [tracker] [s4] configure sr=48000.0 hop=512 fft=4096 low=127.4 high=862.4
2025-12-01 06:42:41 [tracker] [s4] params baseline=0.000320 gate=0.1700 envFloor=0.000780 sustain=1.000 retrigger=1.000 peakRelease=0.160 pitchTol=0.440 onsetScale=0.014 aubioScale=1.80 aubioThresh=0.036 onsetSilence=-75.0 pitchSilence=-80.0
2025-12-01 06:42:41 [tracker] [s5] configure sr=48000.0 hop=512 fft=2048 low=160.5 high=1086.5
2025-12-01 06:42:41 [tracker] [s5] params baseline=0.000370 gate=0.2100 envFloor=0.000900 sustain=1.000 retrigger=1.000 peakRelease=0.180 pitchTol=0.500 onsetScale=0.016 aubioScale=1.80 aubioThresh=0.036 onsetSilence=-75.0 pitchSilence=-80.0
2025-12-01 06:42:41 [tracker] [s6] configure sr=48000.0 hop=512 fft=2048 low=214.3 high=1450.4
2025-12-01 06:42:41 [tracker] [s6] params baseline=0.000420 gate=0.2500 envFloor=0.001050 sustain=1.000 retrigger=1.000 peakRelease=0.200 pitchTol=0.550 onsetScale=0.018 aubioScale=1.80 aubioThresh=0.036 onsetSilence=-75.0 pitchSilence=-80.0
2025-12-01 06:42:44 [tracker] [s1] onset t=3.205 env=0.04758 baseline=0.01264 gate=0.00070 envFloor=0.00885 onset=0.572>=0.006
2025-12-01 06:42:44 [tracker] [s1] note-start t=3.205 fret=17 midi=57 vel=0.57 env=0.04758
2025-12-01 06:42:44 [tracker] [s2] onset t=3.216 env=0.02111 baseline=0.00926 gate=0.00093 envFloor=0.00787 onset=0.571>=0.009
2025-12-01 06:42:44 [tracker] [s1] onset t=3.291 env=0.03462 baseline=0.04114 gate=0.00226 envFloor=0.01258 onset=1.377>=0.006
2025-12-01 06:42:44 [tracker] [s1] note-ended (new onset) t=3.291 fret=17 dur=0.085
2025-12-01 06:42:44 [tracker] [s1] note-start t=3.291 fret=5 midi=45 vel=0.42 env=0.03462
2025-12-01 06:42:44 [tracker] [s2] onset t=3.301 env=0.02100 baseline=0.00979 gate=0.00098 envFloor=0.00787 onset=1.162>=0.009
2025-12-01 06:42:44 [tracker] [s2] note-start t=3.301 fret=7 midi=52 vel=0.25 env=0.02100
2025-12-01 06:42:45 [tracker] [s2] onset t=3.504 env=0.01757 baseline=0.01718 gate=0.00172 envFloor=0.00787 onset=1.053>=0.009
2025-12-01 06:42:45 [tracker] [s2] note-start t=3.504 fret=7 midi=52 vel=0.21 env=0.01757
2025-12-01 06:42:46 [tracker] [s2] release-retrigger t=4.933 onset=1.300 gate=0.010 age=1.429
2025-12-01 06:42:46 [tracker] [s2] note-ended t=4.933 fret=7 dur=1.429
2025-12-01 06:42:46 [tracker] [s1] release-retrigger t=4.965 onset=1.334 gate=0.008 age=1.675
2025-12-01 06:42:46 [tracker] [s1] note-ended t=4.965 fret=5 dur=1.675
2025-12-01 06:42:47 [tracker] [s2] onset t=5.616 env=0.09628 baseline=0.02236 gate=0.00224 envFloor=0.01565 onset=0.545>=0.009
2025-12-01 06:42:47 [tracker] [s3] onset t=5.616 env=0.04746 baseline=0.01585 gate=0.00206 envFloor=0.01347 onset=1.483>=0.012
2025-12-01 06:42:47 [tracker] [s4] onset t=5.627 env=0.05164 baseline=0.01237 gate=0.00210 envFloor=0.00866 onset=1.258>=0.014
2025-12-01 06:42:47 [tracker] [s2] onset t=5.733 env=0.07298 baseline=0.03461 gate=0.00346 envFloor=0.02423 onset=1.211>=0.009
2025-12-01 06:42:47 [tracker] [s2] note-start t=5.733 fret=5 midi=50 vel=0.88 env=0.07298
2025-12-01 06:42:47 [tracker] [s2] onset t=5.893 env=0.04561 baseline=0.06093 gate=0.00609 envFloor=0.02269 onset=1.026>=0.009
2025-12-01 06:42:47 [tracker] [s2] note-ended (new onset) t=5.893 fret=5 dur=0.160
2025-12-01 06:42:47 [tracker] [s2] note-start t=5.893 fret=5 midi=50 vel=0.55 env=0.04561
2025-12-01 06:42:47 [tracker] [s2] onset t=6.224 env=0.03874 baseline=0.03514 gate=0.00351 envFloor=0.01738 onset=1.127>=0.009
2025-12-01 06:42:47 [tracker] [s2] note-ended (new onset) t=6.224 fret=5 dur=0.331
2025-12-01 06:42:47 [tracker] [s2] note-start t=6.224 fret=5 midi=50 vel=0.46 env=0.03874
2025-12-01 06:42:48 [tracker] [s2] release-retrigger t=7.280 onset=0.848 gate=0.011 age=1.056
2025-12-01 06:42:48 [tracker] [s2] note-ended t=7.280 fret=5 dur=1.056
2025-12-01 06:42:49 [tracker] [s2] onset t=7.877 env=0.10689 baseline=0.02440 gate=0.00244 envFloor=0.01708 onset=1.295>=0.009
2025-12-01 06:42:49 [tracker] [s3] onset t=7.888 env=0.05466 baseline=0.01585 gate=0.00206 envFloor=0.01347 onset=1.323>=0.012
2025-12-01 06:42:49 [tracker] [s4] onset t=7.984 env=0.02623 baseline=0.01394 gate=0.00237 envFloor=0.00976 onset=1.077>=0.014
2025-12-01 06:42:49 [tracker] [s4] note-start t=7.984 fret=9 midi=64 vel=0.31 env=0.02623
2025-12-01 06:42:49 [tracker] [s2] onset t=8.005 env=0.09092 baseline=0.04218 gate=0.00422 envFloor=0.02952 onset=0.624>=0.009
2025-12-01 06:42:49 [tracker] [s2] note-start t=8.005 fret=7 midi=52 vel=1.00 env=0.09092
2025-12-01 06:42:49 [tracker] [s3] onset t=8.059 env=0.04631 baseline=0.02321 gate=0.00302 envFloor=0.01624 onset=1.366>=0.012
2025-12-01 06:42:49 [tracker] [s3] note-start t=8.059 fret=9 midi=59 vel=0.56 env=0.04631
2025-12-01 06:42:49 [tracker] [s2] onset t=8.251 env=0.04701 baseline=0.07291 gate=0.00729 envFloor=0.02641 onset=0.618>=0.009
2025-12-01 06:42:49 [tracker] [s2] note-ended (new onset) t=8.251 fret=7 dur=0.245
2025-12-01 06:42:49 [tracker] [s2] onset t=8.315 env=0.04984 baseline=0.04106 gate=0.00411 envFloor=0.02493 onset=0.997>=0.009
2025-12-01 06:42:49 [tracker] [s2] note-ended (new onset) t=8.315 fret=7 dur=0.064
2025-12-01 06:42:49 [tracker] [s2] note-start t=8.315 fret=7 midi=52 vel=0.60 env=0.04984
2025-12-01 06:42:49 [tracker] [s3] onset t=8.347 env=0.02810 baseline=0.03640 gate=0.00473 envFloor=0.01401 onset=0.914>=0.012
2025-12-01 06:42:49 [tracker] [s3] note-ended (new onset) t=8.347 fret=9 dur=0.288
2025-12-01 06:42:49 [tracker] [s3] note-start t=8.347 fret=9 midi=59 vel=0.34 env=0.02810
2025-12-01 06:42:51 [tracker] [s2] release-retrigger t=9.563 onset=1.156 gate=0.012 age=1.248
2025-12-01 06:42:51 [tracker] [s2] note-ended t=9.563 fret=7 dur=1.248
2025-12-01 06:42:51 [tracker] [s3] release-retrigger t=9.563 onset=1.091 gate=0.015 age=1.216
2025-12-01 06:42:51 [tracker] [s3] note-ended t=9.563 fret=9 dur=1.216
2025-12-01 06:42:51 [tracker] [s4] release-retrigger t=9.584 onset=0.631 gate=0.004 age=1.600
2025-12-01 06:42:51 [tracker] [s4] note-ended t=9.584 fret=9 dur=1.600
2025-12-01 06:42:51 [tracker] [s2] onset t=10.149 env=0.07018 baseline=0.01894 gate=0.00189 envFloor=0.01323 onset=1.281>=0.009
2025-12-01 06:42:51 [tracker] [s3] onset t=10.160 env=0.04333 baseline=0.01585 gate=0.00206 envFloor=0.01347 onset=1.297>=0.012
2025-12-01 06:42:51 [tracker] [s4] onset t=10.160 env=0.02543 baseline=0.00849 gate=0.00144 envFloor=0.00440 onset=1.434>=0.014
2025-12-01 06:42:51 [tracker] [s2] onset t=10.235 env=0.07640 baseline=0.03147 gate=0.00315 envFloor=0.02203 onset=1.202>=0.009
2025-12-01 06:42:51 [tracker] [s2] note-start t=10.235 fret=5 midi=50 vel=0.92 env=0.07640
2025-12-01 06:42:52 [tracker] [s2] onset t=10.768 env=0.03127 baseline=0.05352 gate=0.00535 envFloor=0.01798 onset=1.185>=0.009
2025-12-01 06:42:52 [tracker] [s2] note-ended (new onset) t=10.768 fret=5 dur=0.533
2025-12-01 06:42:52 [tracker] [s2] note-start t=10.768 fret=5 midi=50 vel=0.38 env=0.03127
2025-12-01 06:42:53 [tracker] [s2] release-retrigger t=11.941 onset=0.922 gate=0.010 age=1.173
2025-12-01 06:42:53 [tracker] [s2] note-ended t=11.941 fret=5 dur=1.173
2025-12-01 06:42:54 [tracker] [s1] onset t=12.432 env=0.00638 baseline=0.00627 gate=0.00034 envFloor=0.00533 onset=1.056>=0.006
2025-12-01 06:42:54 [tracker] [s2] onset t=12.496 env=0.03769 baseline=0.01249 gate=0.00125 envFloor=0.00872 onset=0.579>=0.009
2025-12-01 06:42:54 [tracker] [s3] onset t=12.507 env=0.01804 baseline=0.01585 gate=0.00206 envFloor=0.01347 onset=0.677>=0.012
2025-12-01 06:42:54 [tracker] [s3] onset t=12.592 env=0.01410 baseline=0.01585 gate=0.00206 envFloor=0.01347 onset=1.114>=0.012
2025-12-01 06:42:54 [tracker] [s3] note-start t=12.592 fret=7 midi=57 vel=0.17 env=0.01410
2025-12-01 06:42:54 [tracker] [s3] release-quiet t=12.805 avgEnv=0.00908 floor=0.01105 quietFrames=8
2025-12-01 06:42:54 [tracker] [s3] note-ended t=12.805 fret=7 dur=0.213
2025-12-01 06:42:56 [tracker] [s4] onset t=14.661 env=0.00238 baseline=0.00201 gate=0.00034 envFloor=0.00171 onset=0.681>=0.014
2025-12-01 06:42:56 [tracker] [s1] onset t=14.683 env=0.05317 baseline=0.01561 gate=0.00086 envFloor=0.01093 onset=0.623>=0.006
2025-12-01 06:42:56 [tracker] [s1] note-start t=14.683 fret=24 midi=64 vel=0.64 env=0.05317
2025-12-01 06:42:56 [tracker] [s2] onset t=14.693 env=0.04109 baseline=0.01262 gate=0.00126 envFloor=0.00884 onset=0.539>=0.009
2025-12-01 06:42:56 [tracker] [s2] note-start t=14.693 fret=5 midi=50 vel=0.49 env=0.04109
2025-12-01 06:42:56 [tracker] [s3] onset t=14.704 env=0.02852 baseline=0.01585 gate=0.00206 envFloor=0.01347 onset=0.517>=0.012
2025-12-01 06:42:56 [tracker] [s1] onset t=14.779 env=0.04744 baseline=0.04574 gate=0.00252 envFloor=0.01558 onset=1.490>=0.006
2025-12-01 06:42:56 [tracker] [s1] note-ended (new onset) t=14.779 fret=24 dur=0.096
2025-12-01 06:42:56 [tracker] [s1] note-start t=14.779 fret=3 midi=43 vel=0.57 env=0.04744
2025-12-01 06:42:56 [tracker] [s1] onset t=14.907 env=0.04023 baseline=0.04021 gate=0.00221 envFloor=0.01608 onset=1.195>=0.006
2025-12-01 06:42:56 [tracker] [s1] note-ended (new onset) t=14.907 fret=3 dur=0.128
2025-12-01 06:42:56 [tracker] [s1] note-start t=14.907 fret=3 midi=43 vel=0.48 env=0.04023
2025-12-01 06:42:56 [tracker] [s1] onset t=15.024 env=0.03678 baseline=0.03427 gate=0.00188 envFloor=0.01528 onset=0.906>=0.006
2025-12-01 06:42:56 [tracker] [s1] note-ended (new onset) t=15.024 fret=3 dur=0.117
2025-12-01 06:42:56 [tracker] [s1] onset t=15.142 env=0.02906 baseline=0.03133 gate=0.00172 envFloor=0.01410 onset=1.395>=0.006
2025-12-01 06:42:56 [tracker] [s1] note-ended (new onset) t=15.142 fret=3 dur=0.117
2025-12-01 06:42:56 [tracker] [s1] note-start t=15.142 fret=3 midi=43 vel=0.35 env=0.02906
2025-12-01 06:42:57 [tracker] [s1] release-retrigger t=16.208 onset=0.702 gate=0.011 age=1.067
2025-12-01 06:42:57 [tracker] [s1] note-ended t=16.208 fret=3 dur=1.067
2025-12-01 06:42:57 [tracker] [s2] release-retrigger t=16.219 onset=1.018 gate=0.010 age=1.525
2025-12-01 06:42:57 [tracker] [s2] note-ended t=16.219 fret=5 dur=1.525
2025-12-01 06:42:58 [tracker] [s1] onset t=16.784 env=0.03520 baseline=0.01208 gate=0.00066 envFloor=0.00688 onset=1.425>=0.006
2025-12-01 06:42:58 [tracker] [s2] onset t=16.805 env=0.02861 baseline=0.01371 gate=0.00137 envFloor=0.00787 onset=0.605>=0.009
2025-12-01 06:42:58 [tracker] [s1] onset t=16.891 env=0.02915 baseline=0.01510 gate=0.00083 envFloor=0.01057 onset=0.655>=0.006
2025-12-01 06:42:58 [tracker] [s1] note-start t=16.891 fret=0 midi=40 vel=0.35 env=0.02915
2025-12-01 06:42:58 [tracker] [s2] onset t=16.944 env=0.02401 baseline=0.01284 gate=0.00128 envFloor=0.00787 onset=1.011>=0.009
2025-12-01 06:42:58 [tracker] [s2] note-start t=16.944 fret=2 midi=47 vel=0.29 env=0.02401
2025-12-01 06:42:59 [tracker] [s2] onset t=17.819 env=0.01105 baseline=0.01433 gate=0.00143 envFloor=0.00787 onset=0.996>=0.009
2025-12-01 06:42:59 [tracker] [s2] note-ended (new onset) t=17.819 fret=2 dur=0.875
2025-12-01 06:42:59 [tracker] [s2] note-start t=17.819 fret=2 midi=47 vel=0.13 env=0.01105
2025-12-01 06:43:01 [tracker] [s2] release-quiet t=19.451 avgEnv=0.00522 floor=0.00551 quietFrames=8
2025-12-01 06:43:01 [tracker] [s2] note-ended t=19.451 fret=2 dur=1.632
2025-12-01 06:43:02 [tracker] [s1] release-retrigger t=20.293 onset=0.769 gate=0.008 age=3.402
2025-12-01 06:43:02 [tracker] [s1] note-ended t=20.293 fret=0 dur=3.402
2025-12-01 06:43:02 [tracker] [s1] onset t=21.072 env=0.02228 baseline=0.00727 gate=0.00040 envFloor=0.00533 onset=0.522>=0.006
2025-12-01 06:43:03 [tracker] [s2] onset t=21.296 env=0.02612 baseline=0.00926 gate=0.00093 envFloor=0.00787 onset=0.502>=0.009
2025-12-01 06:43:03 [tracker] [s2] note-start t=21.296 fret=0 midi=45 vel=0.31 env=0.02612
2025-12-01 06:43:03 [tracker] [s1] onset t=21.349 env=0.01435 baseline=0.00931 gate=0.00051 envFloor=0.00651 onset=0.576>=0.006
2025-12-01 06:43:03 [tracker] [s1] note-start t=21.349 fret=5 midi=45 vel=0.17 env=0.01435
2025-12-01 06:43:03 [tracker] [s1] onset t=21.584 env=0.01281 baseline=0.01157 gate=0.00064 envFloor=0.00548 onset=1.073>=0.006
2025-12-01 06:43:03 [tracker] [s1] note-ended (new onset) t=21.584 fret=5 dur=0.235
2025-12-01 06:43:03 [tracker] [s1] note-start t=21.584 fret=5 midi=45 vel=0.15 env=0.01281
2025-12-01 06:43:03 [tracker] [s2] onset t=21.584 env=0.01772 baseline=0.02053 gate=0.00205 envFloor=0.00787 onset=0.998>=0.009
2025-12-01 06:43:03 [tracker] [s2] note-start t=21.584 fret=7 midi=52 vel=0.21 env=0.01772
2025-12-01 06:43:03 [tracker] [s4] onset t=21.584 env=0.00244 baseline=0.00201 gate=0.00034 envFloor=0.00171 onset=1.048>=0.014
2025-12-01 06:43:03 [tracker] [s3] onset t=21.605 env=0.03074 baseline=0.01585 gate=0.00206 envFloor=0.01347 onset=1.408>=0.012
2025-12-01 06:43:03 [tracker] [s3] onset t=21.690 env=0.02633 baseline=0.01585 gate=0.00206 envFloor=0.01347 onset=1.173>=0.012
2025-12-01 06:43:03 [tracker] [s3] note-start t=21.690 fret=7 midi=57 vel=0.32 env=0.02633
2025-12-01 06:43:03 [tracker] [s3] release-quiet t=22.170 avgEnv=0.00935 floor=0.01105 quietFrames=8
2025-12-01 06:43:03 [tracker] [s3] note-ended t=22.170 fret=7 dur=0.480
2025-12-01 06:43:04 [tracker] [s1] release-retrigger t=22.650 onset=1.012 gate=0.008 age=1.067
2025-12-01 06:43:04 [tracker] [s1] note-ended t=22.650 fret=5 dur=1.067
2025-12-01 06:43:04 [tracker] [s2] release-retrigger t=22.650 onset=0.949 gate=0.010 age=1.067
2025-12-01 06:43:04 [tracker] [s2] note-ended t=22.650 fret=7 dur=1.067
2025-12-01 06:43:04 [tracker] [s2] configure sr=48000.0 hop=512 fft=4096 low=55.0 high=563.2
2025-12-01 06:43:04 [tracker] [s2] params baseline=0.000220 gate=0.1000 envFloor=0.000550 sustain=0.700 retrigger=1.250 peakRelease=0.130 pitchTol=0.400 onsetScale=0.009 aubioScale=1.35 aubioThresh=0.027 onsetSilence=-85.0 pitchSilence=-90.0
2025-12-01 06:43:04 [tracker] [s3] configure sr=48000.0 hop=512 fft=4096 low=85.2 high=693.0
2025-12-01 06:43:04 [tracker] [s3] params baseline=0.000260 gate=0.1300 envFloor=0.000650 sustain=0.820 retrigger=1.100 peakRelease=0.140 pitchTol=0.450 onsetScale=0.012 aubioScale=1.60 aubioThresh=0.032 onsetSilence=-75.0 pitchSilence=-80.0
2025-12-01 06:43:04 [tracker] [s4] configure sr=48000.0 hop=512 fft=4096 low=127.4 high=862.4
2025-12-01 06:43:04 [tracker] [s4] params baseline=0.000320 gate=0.1700 envFloor=0.000780 sustain=1.000 retrigger=1.000 peakRelease=0.160 pitchTol=0.440 onsetScale=0.014 aubioScale=1.80 aubioThresh=0.036 onsetSilence=-75.0 pitchSilence=-80.0
2025-12-01 06:43:04 [tracker] [s5] configure sr=48000.0 hop=512 fft=2048 low=160.5 high=1086.5
2025-12-01 06:43:04 [tracker] [s5] params baseline=0.000370 gate=0.2100 envFloor=0.000900 sustain=1.000 retrigger=1.000 peakRelease=0.180 pitchTol=0.500 onsetScale=0.016 aubioScale=1.80 aubioThresh=0.036 onsetSilence=-75.0 pitchSilence=-80.0
2025-12-01 06:43:04 [tracker] [s6] configure sr=48000.0 hop=512 fft=2048 low=214.3 high=1450.4
2025-12-01 06:43:04 [tracker] [s6] params baseline=0.000420 gate=0.2500 envFloor=0.001050 sustain=1.000 retrigger=1.000 peakRelease=0.200 pitchTol=0.550 onsetScale=0.018 aubioScale=1.80 aubioThresh=0.036 onsetSilence=-75.0 pitchSilence=-80.0
2025-12-01 06:43:04 [tracker] [s1] configure sr=48000.0 hop=512 fft=4096 low=37.1 high=445.0
2025-12-01 06:43:04 [tracker] [s1] params baseline=0.000180 gate=0.0550 envFloor=0.000450 sustain=0.580 retrigger=1.400 peakRelease=0.120 pitchTol=0.400 onsetScale=0.006 aubioScale=1.20 aubioThresh=0.024 onsetSilence=-85.0 pitchSilence=-90.0
2025-12-01 06:43:04 [tracker] [s3] configure sr=48000.0 hop=512 fft=4096 low=85.2 high=693.0
2025-12-01 06:43:04 [tracker] [s3] params baseline=0.000260 gate=0.1300 envFloor=0.000650 sustain=0.820 retrigger=1.100 peakRelease=0.140 pitchTol=0.450 onsetScale=0.012 aubioScale=1.60 aubioThresh=0.032 onsetSilence=-75.0 pitchSilence=-80.0
2025-12-01 06:43:04 [tracker] [s4] configure sr=48000.0 hop=512 fft=4096 low=127.4 high=862.4
2025-12-01 06:43:04 [tracker] [s4] params baseline=0.000320 gate=0.1700 envFloor=0.000780 sustain=1.000 retrigger=1.000 peakRelease=0.160 pitchTol=0.440 onsetScale=0.014 aubioScale=1.80 aubioThresh=0.036 onsetSilence=-75.0 pitchSilence=-80.0
2025-12-01 06:43:04 [tracker] [s5] configure sr=48000.0 hop=512 fft=2048 low=160.5 high=1086.5
2025-12-01 06:43:04 [tracker] [s5] params baseline=0.000370 gate=0.2100 envFloor=0.000900 sustain=1.000 retrigger=1.000 peakRelease=0.180 pitchTol=0.500 onsetScale=0.016 aubioScale=1.80 aubioThresh=0.036 onsetSilence=-75.0 pitchSilence=-80.0
2025-12-01 06:43:04 [tracker] [s6] configure sr=48000.0 hop=512 fft=2048 low=214.3 high=1450.4
2025-12-01 06:43:04 [tracker] [s6] params baseline=0.000420 gate=0.2500 envFloor=0.001050 sustain=1.000 retrigger=1.000 peakRelease=0.200 pitchTol=0.550 onsetScale=0.018 aubioScale=1.80 aubioThresh=0.036 onsetSilence=-75.0 pitchSilence=-80.0
2025-12-01 06:43:04 [tracker] [s1] configure sr=48000.0 hop=512 fft=4096 low=37.1 high=445.0
2025-12-01 06:43:04 [tracker] [s1] params baseline=0.000180 gate=0.0550 envFloor=0.000450 sustain=0.580 retrigger=1.400 peakRelease=0.120 pitchTol=0.400 onsetScale=0.006 aubioScale=1.20 aubioThresh=0.024 onsetSilence=-85.0 pitchSilence=-90.0
2025-12-01 06:43:04 [tracker] [s2] configure sr=48000.0 hop=512 fft=4096 low=55.0 high=563.2
2025-12-01 06:43:04 [tracker] [s2] params baseline=0.000220 gate=0.1000 envFloor=0.000550 sustain=0.700 retrigger=1.250 peakRelease=0.130 pitchTol=0.400 onsetScale=0.009 aubioScale=1.35 aubioThresh=0.027 onsetSilence=-85.0 pitchSilence=-90.0
2025-12-01 06:43:04 [tracker] [s2] configure sr=48000.0 hop=512 fft=4096 low=55.0 high=563.2
2025-12-01 06:43:04 [tracker] [s2] params baseline=0.000220 gate=0.1000 envFloor=0.000550 sustain=0.700 retrigger=1.250 peakRelease=0.130 pitchTol=0.400 onsetScale=0.009 aubioScale=1.35 aubioThresh=0.027 onsetSilence=-85.0 pitchSilence=-90.0
2025-12-01 06:43:04 [tracker] [s3] configure sr=48000.0 hop=512 fft=4096 low=85.2 high=693.0
2025-12-01 06:43:04 [tracker] [s3] params baseline=0.000260 gate=0.1300 envFloor=0.000650 sustain=0.820 retrigger=1.100 peakRelease=0.140 pitchTol=0.450 onsetScale=0.012 aubioScale=1.60 aubioThresh=0.032 onsetSilence=-75.0 pitchSilence=-80.0
2025-12-01 06:43:04 [tracker] [s4] configure sr=48000.0 hop=512 fft=4096 low=127.4 high=862.4
2025-12-01 06:43:04 [tracker] [s4] params baseline=0.000320 gate=0.1700 envFloor=0.000780 sustain=1.000 retrigger=1.000 peakRelease=0.160 pitchTol=0.440 onsetScale=0.014 aubioScale=1.80 aubioThresh=0.036 onsetSilence=-75.0 pitchSilence=-80.0
2025-12-01 06:43:04 [tracker] [s5] configure sr=48000.0 hop=512 fft=2048 low=160.5 high=1086.5
2025-12-01 06:43:04 [tracker] [s5] params baseline=0.000370 gate=0.2100 envFloor=0.000900 sustain=1.000 retrigger=1.000 peakRelease=0.180 pitchTol=0.500 onsetScale=0.016 aubioScale=1.80 aubioThresh=0.036 onsetSilence=-75.0 pitchSilence=-80.0
2025-12-01 06:43:04 [tracker] [s6] configure sr=48000.0 hop=512 fft=2048 low=214.3 high=1450.4
2025-12-01 06:43:04 [tracker] [s6] params baseline=0.000420 gate=0.2500 envFloor=0.001050 sustain=1.000 retrigger=1.000 peakRelease=0.200 pitchTol=0.550 onsetScale=0.018 aubioScale=1.85 aubioThresh=0.037 onsetSilence=-75.0 pitchSilence=-80.0
2025-12-01 06:43:04 [tracker] [s1] configure sr=48000.0 hop=512 fft=4096 low=37.1 high=445.0
2025-12-01 06:43:04 [tracker] [s1] params baseline=0.000180 gate=0.0550 envFloor=0.000450 sustain=0.580 retrigger=1.400 peakRelease=0.120 pitchTol=0.400 onsetScale=0.006 aubioScale=1.20 aubioThresh=0.024 onsetSilence=-85.0 pitchSilence=-90.0
2025-12-01 06:43:04 [tracker] [s2] configure sr=48000.0 hop=512 fft=4096 low=55.0 high=563.2
2025-12-01 06:43:04 [tracker] [s2] params baseline=0.000220 gate=0.1000 envFloor=0.000550 sustain=0.700 retrigger=1.250 peakRelease=0.130 pitchTol=0.400 onsetScale=0.009 aubioScale=1.35 aubioThresh=0.027 onsetSilence=-85.0 pitchSilence=-90.0
2025-12-01 06:43:04 [tracker] [s3] configure sr=48000.0 hop=512 fft=4096 low=85.2 high=693.0
2025-12-01 06:43:04 [tracker] [s3] params baseline=0.000260 gate=0.1300 envFloor=0.000650 sustain=0.820 retrigger=1.100 peakRelease=0.140 pitchTol=0.450 onsetScale=0.012 aubioScale=1.60 aubioThresh=0.032 onsetSilence=-75.0 pitchSilence=-80.0
2025-12-01 06:43:04 [tracker] [s4] configure sr=48000.0 hop=512 fft=4096 low=127.4 high=862.4
2025-12-01 06:43:04 [tracker] [s4] params baseline=0.000320 gate=0.1700 envFloor=0.000780 sustain=1.000 retrigger=1.000 peakRelease=0.160 pitchTol=0.440 onsetScale=0.014 aubioScale=1.80 aubioThresh=0.036 onsetSilence=-75.0 pitchSilence=-80.0
2025-12-01 06:43:04 [tracker] [s5] params baseline=0.000370 gate=0.2100 envFloor=0.000900 sustain=1.000 retrigger=1.000 peakRelease=0.180 pitchTol=0.500 onsetScale=0.016 aubioScale=1.80 aubioThresh=0.036 onsetSilence=-75.0 pitchSilence=-80.0
2025-12-01 06:43:04 [tracker] [s3] configure sr=48000.0 hop=512 fft=4096 low=85.2 high=693.0
2025-12-01 06:43:04 [tracker] [s3] params baseline=0.000260 gate=0.1300 envFloor=0.000650 sustain=0.820 retrigger=1.100 peakRelease=0.140 pitchTol=0.450 onsetScale=0.012 aubioScale=1.60 aubioThresh=0.032 onsetSilence=-75.0 pitchSilence=-80.0
2025-12-01 06:43:04 [tracker] [s4] configure sr=48000.0 hop=512 fft=4096 low=127.4 high=862.4
2025-12-01 06:43:04 [tracker] [s4] params baseline=0.000320 gate=0.1700 envFloor=0.000780 sustain=1.000 retrigger=1.000 peakRelease=0.160 pitchTol=0.440 onsetScale=0.014 aubioScale=1.80 aubioThresh=0.036 onsetSilence=-75.0 pitchSilence=-80.0
2025-12-01 06:43:04 [tracker] [s5] configure sr=48000.0 hop=512 fft=2048 low=160.5 high=1086.5
2025-12-01 06:43:04 [tracker] [s5] params baseline=0.000370 gate=0.2100 envFloor=0.000900 sustain=1.000 retrigger=1.000 peakRelease=0.180 pitchTol=0.500 onsetScale=0.016 aubioScale=1.80 aubioThresh=0.036 onsetSilence=-75.0 pitchSilence=-80.0
2025-12-01 06:43:04 [tracker] [s6] configure sr=48000.0 hop=512 fft=2048 low=214.3 high=1450.4
2025-12-01 06:43:04 [tracker] [s1] configure sr=48000.0 hop=512 fft=4096 low=37.1 high=445.0
2025-12-01 06:43:04 [tracker] [s1] params baseline=0.000180 gate=0.0550 envFloor=0.000450 sustain=0.580 retrigger=1.400 peakRelease=0.120 pitchTol=0.400 onsetScale=0.006 aubioScale=1.20 aubioThresh=0.024 onsetSilence=-85.0 pitchSilence=-90.0
2025-12-01 06:43:04 [tracker] [s2] configure sr=48000.0 hop=512 fft=4096 low=55.0 high=563.2
2025-12-01 06:43:04 [tracker] [s2] params baseline=0.000220 gate=0.1000 envFloor=0.000550 sustain=0.700 retrigger=1.250 peakRelease=0.130 pitchTol=0.400 onsetScale=0.009 aubioScale=1.35 aubioThresh=0.027 onsetSilence=-85.0 pitchSilence=-90.0
2025-12-01 06:43:04 [tracker] [s3] configure sr=48000.0 hop=512 fft=4096 low=85.2 high=693.0
2025-12-01 06:43:04 [tracker] [s3] params baseline=0.000260 gate=0.1300 envFloor=0.000650 sustain=0.820 retrigger=1.100 peakRelease=0.140 pitchTol=0.450 onsetScale=0.012 aubioScale=1.60 aubioThresh=0.032 onsetSilence=-75.0 pitchSilence=-80.0
2025-12-01 06:43:04 [tracker] [s4] configure sr=48000.0 hop=512 fft=4096 low=127.4 high=862.4
2025-12-01 06:43:04 [tracker] [s4] params baseline=0.000320 gate=0.1700 envFloor=0.000780 sustain=1.000 retrigger=1.000 peakRelease=0.160 pitchTol=0.440 onsetScale=0.014 aubioScale=1.80 aubioThresh=0.036 onsetSilence=-75.0 pitchSilence=-80.0
2025-12-01 06:43:04 [tracker] [s5] configure sr=48000.0 hop=512 fft=2048 low=160.5 high=1086.5
2025-12-01 06:43:04 [tracker] [s5] params baseline=0.000370 gate=0.2100 envFloor=0.000900 sustain=1.000 retrigger=1.000 peakRelease=0.180 pitchTol=0.500 onsetScale=0.016 aubioScale=1.80 aubioThresh=0.036 onsetSilence=-75.0 pitchSilence=-80.0
2025-12-01 06:43:04 [tracker] [s2] configure sr=48000.0 hop=512 fft=4096 low=55.0 high=563.2
2025-12-01 06:43:04 [tracker] [s2] params baseline=0.000220 gate=0.1000 envFloor=0.000550 sustain=0.700 retrigger=1.250 peakRelease=0.130 pitchTol=0.400 onsetScale=0.009 aubioScale=1.35 aubioThresh=0.027 onsetSilence=-85.0 pitchSilence=-90.0
2025-12-01 06:43:04 [tracker] [s3] configure sr=48000.0 hop=512 fft=4096 low=85.2 high=693.0
2025-12-01 06:43:04 [tracker] [s3] params baseline=0.000260 gate=0.1300 envFloor=0.000650 sustain=0.820 retrigger=1.100 peakRelease=0.140 pitchTol=0.450 onsetScale=0.012 aubioScale=1.60 aubioThresh=0.032 onsetSilence=-75.0 pitchSilence=-80.0
2025-12-01 06:43:04 [tracker] [s4] configure sr=48000.0 hop=512 fft=4096 low=127.4 high=862.4
2025-12-01 06:43:04 [tracker] [s4] params baseline=0.000320 gate=0.1700 envFloor=0.000780 sustain=1.000 retrigger=1.000 peakRelease=0.160 pitchTol=0.440 onsetScale=0.014 aubioScale=1.80 aubioThresh=0.036 onsetSilence=-75.0 pitchSilence=-80.0
2025-12-01 06:43:04 [tracker] [s5] configure sr=48000.0 hop=512 fft=2048 low=160.5 high=1086.5
2025-12-01 06:43:04 [tracker] [s5] params baseline=0.000370 gate=0.2100 envFloor=0.000900 sustain=1.000 retrigger=1.000 peakRelease=0.180 pitchTol=0.500 onsetScale=0.016 aubioScale=1.80 aubioThresh=0.036 onsetSilence=-75.0 pitchSilence=-80.0
2025-12-01 06:43:04 [tracker] [s6] configure sr=48000.0 hop=512 fft=2048 low=214.3 high=1450.4
2025-12-01 06:43:04 [tracker] [s6] params baseline=0.000420 gate=0.2500 envFloor=0.001050 sustain=1.000 retrigger=1.000 peakRelease=0.200 pitchTol=0.550 onsetScale=0.018 aubioScale=2.05 aubioThresh=0.041 onsetSilence=-75.0 pitchSilence=-80.0
2025-12-01 06:43:04 [tracker] [s1] configure sr=48000.0 hop=512 fft=4096 low=37.1 high=445.0
2025-12-01 06:43:04 [tracker] [s1] params baseline=0.000180 gate=0.0550 envFloor=0.000450 sustain=0.580 retrigger=1.400 peakRelease=0.120 pitchTol=0.400 onsetScale=0.006 aubioScale=1.20 aubioThresh=0.024 onsetSilence=-85.0 pitchSilence=-90.0
2025-12-01 06:43:04 [tracker] [s2] configure sr=48000.0 hop=512 fft=4096 low=55.0 high=563.2
2025-12-01 06:43:04 [tracker] [s2] params baseline=0.000220 gate=0.1000 envFloor=0.000550 sustain=0.700 retrigger=1.250 peakRelease=0.130 pitchTol=0.400 onsetScale=0.009 aubioScale=1.35 aubioThresh=0.027 onsetSilence=-85.0 pitchSilence=-90.0
2025-12-01 06:43:04 [tracker] [s2] configure sr=48000.0 hop=512 fft=4096 low=55.0 high=563.2
2025-12-01 06:43:04 [tracker] [s2] params baseline=0.000220 gate=0.1000 envFloor=0.000550 sustain=0.700 retrigger=1.250 peakRelease=0.130 pitchTol=0.400 onsetScale=0.009 aubioScale=1.35 aubioThresh=0.027 onsetSilence=-85.0 pitchSilence=-90.0
2025-12-01 06:43:04 [tracker] [s3] configure sr=48000.0 hop=512 fft=4096 low=85.2 high=693.0
2025-12-01 06:43:04 [tracker] [s3] params baseline=0.000260 gate=0.1300 envFloor=0.000650 sustain=0.820 retrigger=1.100 peakRelease=0.140 pitchTol=0.450 onsetScale=0.012 aubioScale=1.60 aubioThresh=0.032 onsetSilence=-75.0 pitchSilence=-80.0
2025-12-01 06:43:04 [tracker] [s4] configure sr=48000.0 hop=512 fft=4096 low=127.4 high=862.4
2025-12-01 06:43:04 [tracker] [s4] params baseline=0.000320 gate=0.1700 envFloor=0.000780 sustain=1.000 retrigger=1.000 peakRelease=0.160 pitchTol=0.440 onsetScale=0.014 aubioScale=1.80 aubioThresh=0.036 onsetSilence=-75.0 pitchSilence=-80.0
2025-12-01 06:43:04 [tracker] [s5] configure sr=48000.0 hop=512 fft=2048 low=160.5 high=1086.5
2025-12-01 06:43:04 [tracker] [s5] params baseline=0.000370 gate=0.2100 envFloor=0.000900 sustain=1.000 retrigger=1.000 peakRelease=0.180 pitchTol=0.500 onsetScale=0.016 aubioScale=1.80 aubioThresh=0.036 onsetSilence=-75.0 pitchSilence=-80.0
2025-12-01 06:43:04 [tracker] [s6] configure sr=48000.0 hop=512 fft=2048 low=214.3 high=1450.4
2025-12-01 06:43:04 [tracker] [s6] params baseline=0.000420 gate=0.2500 envFloor=0.001050 sustain=1.000 retrigger=1.000 peakRelease=0.200 pitchTol=0.550 onsetScale=0.018 aubioScale=2.10 aubioThresh=0.042 onsetSilence=-75.0 pitchSilence=-80.0
2025-12-01 06:43:04 [tracker] [s1] configure sr=48000.0 hop=512 fft=4096 low=37.1 high=445.0
2025-12-01 06:43:04 [tracker] [s1] params baseline=0.000180 gate=0.0550 envFloor=0.000450 sustain=0.580 retrigger=1.400 peakRelease=0.120 pitchTol=0.400 onsetScale=0.006 aubioScale=1.20 aubioThresh=0.024 onsetSilence=-85.0 pitchSilence=-90.0
2025-12-01 06:43:04 [tracker] [s3] configure sr=48000.0 hop=512 fft=4096 low=85.2 high=693.0
2025-12-01 06:43:04 [tracker] [s3] params baseline=0.000260 gate=0.1300 envFloor=0.000650 sustain=0.820 retrigger=1.100 peakRelease=0.140 pitchTol=0.450 onsetScale=0.012 aubioScale=1.60 aubioThresh=0.032 onsetSilence=-75.0 pitchSilence=-80.0
2025-12-01 06:43:04 [tracker] [s4] configure sr=48000.0 hop=512 fft=4096 low=127.4 high=862.4
2025-12-01 06:43:04 [tracker] [s4] params baseline=0.000320 gate=0.1700 envFloor=0.000780 sustain=1.000 retrigger=1.000 peakRelease=0.160 pitchTol=0.440 onsetScale=0.014 aubioScale=1.80 aubioThresh=0.036 onsetSilence=-75.0 pitchSilence=-80.0
2025-12-01 06:43:04 [tracker] [s5] configure sr=48000.0 hop=512 fft=2048 low=160.5 high=1086.5
2025-12-01 06:43:04 [tracker] [s5] params baseline=0.000370 gate=0.2100 envFloor=0.000900 sustain=1.000 retrigger=1.000 peakRelease=0.180 pitchTol=0.500 onsetScale=0.016 aubioScale=1.80 aubioThresh=0.036 onsetSilence=-75.0 pitchSilence=-80.0
2025-12-01 06:43:04 [tracker] [s6] configure sr=48000.0 hop=512 fft=2048 low=214.3 high=1450.4
2025-12-01 06:43:04 [tracker] [s6] params baseline=0.000420 gate=0.2500 envFloor=0.001050 sustain=1.000 retrigger=1.000 peakRelease=0.200 pitchTol=0.550 onsetScale=0.018 aubioScale=2.20 aubioThresh=0.044 onsetSilence=-75.0 pitchSilence=-80.0
2025-12-01 06:43:04 [tracker] [s1] configure sr=48000.0 hop=512 fft=4096 low=37.1 high=445.0
2025-12-01 06:43:04 [tracker] [s1] params baseline=0.000180 gate=0.0550 envFloor=0.000450 sustain=0.580 retrigger=1.400 peakRelease=0.120 pitchTol=0.400 onsetScale=0.006 aubioScale=1.20 aubioThresh=0.024 onsetSilence=-85.0 pitchSilence=-90.0
2025-12-01 06:43:04 [tracker] [s2] configure sr=48000.0 hop=512 fft=4096 low=55.0 high=563.2
2025-12-01 06:43:04 [tracker] [s2] params baseline=0.000220 gate=0.1000 envFloor=0.000550 sustain=0.700 retrigger=1.250 peakRelease=0.130 pitchTol=0.400 onsetScale=0.009 aubioScale=1.35 aubioThresh=0.027 onsetSilence=-85.0 pitchSilence=-90.0
2025-12-01 06:43:04 [tracker] [s2] configure sr=48000.0 hop=512 fft=4096 low=55.0 high=563.2
2025-12-01 06:43:04 [tracker] [s2] params baseline=0.000220 gate=0.1000 envFloor=0.000550 sustain=0.700 retrigger=1.250 peakRelease=0.130 pitchTol=0.400 onsetScale=0.009 aubioScale=1.35 aubioThresh=0.027 onsetSilence=-85.0 pitchSilence=-90.0
2025-12-01 06:43:04 [tracker] [s3] configure sr=48000.0 hop=512 fft=4096 low=85.2 high=693.0
2025-12-01 06:43:04 [tracker] [s3] params baseline=0.000260 gate=0.1300 envFloor=0.000650 sustain=0.820 retrigger=1.100 peakRelease=0.140 pitchTol=0.450 onsetScale=0.012 aubioScale=1.60 aubioThresh=0.032 onsetSilence=-75.0 pitchSilence=-80.0
2025-12-01 06:43:04 [tracker] [s4] configure sr=48000.0 hop=512 fft=4096 low=127.4 high=862.4
2025-12-01 06:43:04 [tracker] [s4] params baseline=0.000320 gate=0.1700 envFloor=0.000780 sustain=1.000 retrigger=1.000 peakRelease=0.160 pitchTol=0.440 onsetScale=0.014 aubioScale=1.80 aubioThresh=0.036 onsetSilence=-75.0 pitchSilence=-80.0
2025-12-01 06:43:04 [tracker] [s5] configure sr=48000.0 hop=512 fft=2048 low=160.5 high=1086.5
2025-12-01 06:43:04 [tracker] [s5] params baseline=0.000370 gate=0.2100 envFloor=0.000900 sustain=1.000 retrigger=1.000 peakRelease=0.180 pitchTol=0.500 onsetScale=0.016 aubioScale=1.80 aubioThresh=0.036 onsetSilence=-75.0 pitchSilence=-80.0
2025-12-01 06:43:04 [tracker] [s6] configure sr=48000.0 hop=512 fft=2048 low=214.3 high=1450.4
2025-12-01 06:43:04 [tracker] [s6] params baseline=0.000420 gate=0.2500 envFloor=0.001050 sustain=1.000 retrigger=1.000 peakRelease=0.200 pitchTol=0.550 onsetScale=0.018 aubioScale=2.25 aubioThresh=0.045 onsetSilence=-75.0 pitchSilence=-80.0
2025-12-01 06:43:04 [tracker] [s1] configure sr=48000.0 hop=512 fft=4096 low=37.1 high=445.0
2025-12-01 06:43:04 [tracker] [s1] params baseline=0.000180 gate=0.0550 envFloor=0.000450 sustain=0.580 retrigger=1.400 peakRelease=0.120 pitchTol=0.400 onsetScale=0.006 aubioScale=1.20 aubioThresh=0.024 onsetSilence=-85.0 pitchSilence=-90.0
2025-12-01 06:43:04 [tracker] [s3] configure sr=48000.0 hop=512 fft=4096 low=85.2 high=693.0
2025-12-01 06:43:04 [tracker] [s3] params baseline=0.000260 gate=0.1300 envFloor=0.000650 sustain=0.820 retrigger=1.100 peakRelease=0.140 pitchTol=0.450 onsetScale=0.012 aubioScale=1.60 aubioThresh=0.032 onsetSilence=-75.0 pitchSilence=-80.0
2025-12-01 06:43:04 [tracker] [s4] configure sr=48000.0 hop=512 fft=4096 low=127.4 high=862.4
2025-12-01 06:43:04 [tracker] [s4] params baseline=0.000320 gate=0.1700 envFloor=0.000780 sustain=1.000 retrigger=1.000 peakRelease=0.160 pitchTol=0.440 onsetScale=0.014 aubioScale=1.80 aubioThresh=0.036 onsetSilence=-75.0 pitchSilence=-80.0
2025-12-01 06:43:04 [tracker] [s5] configure sr=48000.0 hop=512 fft=2048 low=160.5 high=1086.5
2025-12-01 06:43:04 [tracker] [s5] params baseline=0.000370 gate=0.2100 envFloor=0.000900 sustain=1.000 retrigger=1.000 peakRelease=0.180 pitchTol=0.500 onsetScale=0.016 aubioScale=1.80 aubioThresh=0.036 onsetSilence=-75.0 pitchSilence=-80.0
2025-12-01 06:43:04 [tracker] [s6] configure sr=48000.0 hop=512 fft=2048 low=214.3 high=1450.4
2025-12-01 06:43:04 [tracker] [s6] params baseline=0.000420 gate=0.2500 envFloor=0.001050 sustain=1.000 retrigger=1.000 peakRelease=0.200 pitchTol=0.550 onsetScale=0.018 aubioScale=2.35 aubioThresh=0.047 onsetSilence=-75.0 pitchSilence=-80.0
2025-12-01 06:43:04 [tracker] [s1] configure sr=48000.0 hop=512 fft=4096 low=37.1 high=445.0
2025-12-01 06:43:04 [tracker] [s1] params baseline=0.000180 gate=0.0550 envFloor=0.000450 sustain=0.580 retrigger=1.400 peakRelease=0.120 pitchTol=0.400 onsetScale=0.006 aubioScale=1.20 aubioThresh=0.024 onsetSilence=-85.0 pitchSilence=-90.0
2025-12-01 06:43:04 [tracker] [s2] configure sr=48000.0 hop=512 fft=4096 low=55.0 high=563.2
2025-12-01 06:43:04 [tracker] [s2] params baseline=0.000220 gate=0.1000 envFloor=0.000550 sustain=0.700 retrigger=1.250 peakRelease=0.130 pitchTol=0.400 onsetScale=0.009 aubioScale=1.35 aubioThresh=0.027 onsetSilence=-85.0 pitchSilence=-90.0
2025-12-01 06:43:04 [tracker] [s3] configure sr=48000.0 hop=512 fft=4096 low=85.2 high=693.0
2025-12-01 06:43:04 [tracker] [s3] params baseline=0.000260 gate=0.1300 envFloor=0.000650 sustain=0.820 retrigger=1.100 peakRelease=0.140 pitchTol=0.450 onsetScale=0.012 aubioScale=1.60 aubioThresh=0.032 onsetSilence=-75.0 pitchSilence=-80.0
2025-12-01 06:43:04 [tracker] [s4] configure sr=48000.0 hop=512 fft=4096 low=127.4 high=862.4
2025-12-01 06:43:04 [tracker] [s4] params baseline=0.000320 gate=0.1700 envFloor=0.000780 sustain=1.000 retrigger=1.000 peakRelease=0.160 pitchTol=0.440 onsetScale=0.014 aubioScale=1.80 aubioThresh=0.036 onsetSilence=-75.0 pitchSilence=-80.0
2025-12-01 06:43:04 [tracker] [s5] configure sr=48000.0 hop=512 fft=2048 low=160.5 high=1086.5
2025-12-01 06:43:04 [tracker] [s5] params baseline=0.000370 gate=0.2100 envFloor=0.000900 sustain=1.000 retrigger=1.000 peakRelease=0.180 pitchTol=0.500 onsetScale=0.016 aubioScale=1.80 aubioThresh=0.036 onsetSilence=-75.0 pitchSilence=-80.0
2025-12-01 06:43:04 [tracker] [s6] configure sr=48000.0 hop=512 fft=2048 low=214.3 high=1450.4
2025-12-01 06:43:04 [tracker] [s6] params baseline=0.000420 gate=0.2500 envFloor=0.001050 sustain=1.000 retrigger=1.000 peakRelease=0.200 pitchTol=0.550 onsetScale=0.018 aubioScale=2.45 aubioThresh=0.049 onsetSilence=-75.0 pitchSilence=-80.0
2025-12-01 06:43:04 [tracker] [s1] configure sr=48000.0 hop=512 fft=4096 low=37.1 high=445.0
2025-12-01 06:43:04 [tracker] [s1] params baseline=0.000180 gate=0.0550 envFloor=0.000450 sustain=0.580 retrigger=1.400 peakRelease=0.120 pitchTol=0.400 onsetScale=0.006 aubioScale=1.20 aubioThresh=0.024 onsetSilence=-85.0 pitchSilence=-90.0
2025-12-01 06:43:04 [tracker] [s2] configure sr=48000.0 hop=512 fft=4096 low=55.0 high=563.2
2025-12-01 06:43:04 [tracker] [s2] params baseline=0.000220 gate=0.1000 envFloor=0.000550 sustain=0.700 retrigger=1.250 peakRelease=0.130 pitchTol=0.400 onsetScale=0.009 aubioScale=1.35 aubioThresh=0.027 onsetSilence=-85.0 pitchSilence=-90.0
2025-12-01 06:43:04 [tracker] [s3] configure sr=48000.0 hop=512 fft=4096 low=85.2 high=693.0
2025-12-01 06:43:04 [tracker] [s3] params baseline=0.000260 gate=0.1300 envFloor=0.000650 sustain=0.820 retrigger=1.100 peakRelease=0.140 pitchTol=0.450 onsetScale=0.012 aubioScale=1.60 aubioThresh=0.032 onsetSilence=-75.0 pitchSilence=-80.0
2025-12-01 06:43:04 [tracker] [s4] configure sr=48000.0 hop=512 fft=4096 low=127.4 high=862.4
2025-12-01 06:43:04 [tracker] [s4] params baseline=0.000320 gate=0.1700 envFloor=0.000780 sustain=1.000 retrigger=1.000 peakRelease=0.160 pitchTol=0.440 onsetScale=0.014 aubioScale=1.80 aubioThresh=0.036 onsetSilence=-75.0 pitchSilence=-80.0
2025-12-01 06:43:04 [tracker] [s5] configure sr=48000.0 hop=512 fft=2048 low=160.5 high=1086.5
2025-12-01 06:43:04 [tracker] [s5] params baseline=0.000370 gate=0.2100 envFloor=0.000900 sustain=1.000 retrigger=1.000 peakRelease=0.180 pitchTol=0.500 onsetScale=0.016 aubioScale=1.80 aubioThresh=0.036 onsetSilence=-75.0 pitchSilence=-80.0
2025-12-01 06:43:04 [tracker] [s6] configure sr=48000.0 hop=512 fft=2048 low=214.3 high=1450.4
2025-12-01 06:43:04 [tracker] [s6] params baseline=0.000420 gate=0.2500 envFloor=0.001050 sustain=1.000 retrigger=1.000 peakRelease=0.200 pitchTol=0.550 onsetScale=0.018 aubioScale=2.60 aubioThresh=0.052 onsetSilence=-75.0 pitchSilence=-80.0
2025-12-01 06:43:04 [tracker] [s1] configure sr=48000.0 hop=512 fft=4096 low=37.1 high=445.0
2025-12-01 06:43:04 [tracker] [s1] params baseline=0.000180 gate=0.0550 envFloor=0.000450 sustain=0.580 retrigger=1.400 peakRelease=0.120 pitchTol=0.400 onsetScale=0.006 aubioScale=1.20 aubioThresh=0.024 onsetSilence=-85.0 pitchSilence=-90.0
2025-12-01 06:43:04 [tracker] [s2] configure sr=48000.0 hop=512 fft=4096 low=55.0 high=563.2
2025-12-01 06:43:04 [tracker] [s2] params baseline=0.000220 gate=0.1000 envFloor=0.000550 sustain=0.700 retrigger=1.250 peakRelease=0.130 pitchTol=0.400 onsetScale=0.009 aubioScale=1.35 aubioThresh=0.027 onsetSilence=-85.0 pitchSilence=-90.0
2025-12-01 06:43:04 [tracker] [s3] configure sr=48000.0 hop=512 fft=4096 low=85.2 high=693.0
2025-12-01 06:43:04 [tracker] [s3] params baseline=0.000260 gate=0.1300 envFloor=0.000650 sustain=0.820 retrigger=1.100 peakRelease=0.140 pitchTol=0.450 onsetScale=0.012 aubioScale=1.60 aubioThresh=0.032 onsetSilence=-75.0 pitchSilence=-80.0
2025-12-01 06:43:04 [tracker] [s4] configure sr=48000.0 hop=512 fft=4096 low=127.4 high=862.4
2025-12-01 06:43:04 [tracker] [s4] params baseline=0.000320 gate=0.1700 envFloor=0.000780 sustain=1.000 retrigger=1.000 peakRelease=0.160 pitchTol=0.440 onsetScale=0.014 aubioScale=1.80 aubioThresh=0.036 onsetSilence=-75.0 pitchSilence=-80.0
2025-12-01 06:43:04 [tracker] [s5] configure sr=48000.0 hop=512 fft=2048 low=160.5 high=1086.5
2025-12-01 06:43:04 [tracker] [s5] params baseline=0.000370 gate=0.2100 envFloor=0.000900 sustain=1.000 retrigger=1.000 peakRelease=0.180 pitchTol=0.500 onsetScale=0.016 aubioScale=1.80 aubioThresh=0.036 onsetSilence=-75.0 pitchSilence=-80.0
2025-12-01 06:43:04 [tracker] [s6] configure sr=48000.0 hop=512 fft=2048 low=214.3 high=1450.4
2025-12-01 06:43:04 [tracker] [s6] params baseline=0.000420 gate=0.2500 envFloor=0.001050 sustain=1.000 retrigger=1.000 peakRelease=0.200 pitchTol=0.550 onsetScale=0.018 aubioScale=2.65 aubioThresh=0.053 onsetSilence=-75.0 pitchSilence=-80.0
2025-12-01 06:43:04 [tracker] [s1] configure sr=48000.0 hop=512 fft=4096 low=37.1 high=445.0
2025-12-01 06:43:04 [tracker] [s1] params baseline=0.000180 gate=0.0550 envFloor=0.000450 sustain=0.580 retrigger=1.400 peakRelease=0.120 pitchTol=0.400 onsetScale=0.006 aubioScale=1.20 aubioThresh=0.024 onsetSilence=-85.0 pitchSilence=-90.0
2025-12-01 06:43:04 [tracker] [s2] configure sr=48000.0 hop=512 fft=4096 low=55.0 high=563.2
2025-12-01 06:43:04 [tracker] [s2] params baseline=0.000220 gate=0.1000 envFloor=0.000550 sustain=0.700 retrigger=1.250 peakRelease=0.130 pitchTol=0.400 onsetScale=0.009 aubioScale=1.35 aubioThresh=0.027 onsetSilence=-85.0 pitchSilence=-90.0
2025-12-01 06:43:04 [tracker] [s2] configure sr=48000.0 hop=512 fft=4096 low=55.0 high=563.2
2025-12-01 06:43:04 [tracker] [s2] params baseline=0.000220 gate=0.1000 envFloor=0.000550 sustain=0.700 retrigger=1.250 peakRelease=0.130 pitchTol=0.400 onsetScale=0.009 aubioScale=1.35 aubioThresh=0.027 onsetSilence=-85.0 pitchSilence=-90.0
2025-12-01 06:43:04 [tracker] [s3] configure sr=48000.0 hop=512 fft=4096 low=85.2 high=693.0
2025-12-01 06:43:04 [tracker] [s4] configure sr=48000.0 hop=512 fft=4096 low=127.4 high=862.4
2025-12-01 06:43:04 [tracker] [s4] params baseline=0.000320 gate=0.1700 envFloor=0.000780 sustain=1.000 retrigger=1.000 peakRelease=0.160 pitchTol=0.440 onsetScale=0.014 aubioScale=1.80 aubioThresh=0.036 onsetSilence=-75.0 pitchSilence=-80.0
2025-12-01 06:43:04 [tracker] [s5] configure sr=48000.0 hop=512 fft=2048 low=160.5 high=1086.5
2025-12-01 06:43:04 [tracker] [s5] params baseline=0.000370 gate=0.2100 envFloor=0.000900 sustain=1.000 retrigger=1.000 peakRelease=0.180 pitchTol=0.500 onsetScale=0.016 aubioScale=1.80 aubioThresh=0.036 onsetSilence=-75.0 pitchSilence=-80.0
2025-12-01 06:43:04 [tracker] [s6] configure sr=48000.0 hop=512 fft=2048 low=214.3 high=1450.4
2025-12-01 06:43:04 [tracker] [s6] params baseline=0.000420 gate=0.2500 envFloor=0.001050 sustain=1.000 retrigger=1.000 peakRelease=0.200 pitchTol=0.550 onsetScale=0.018 aubioScale=2.80 aubioThresh=0.056 onsetSilence=-75.0 pitchSilence=-80.0
2025-12-01 06:43:04 [tracker] [s1] configure sr=48000.0 hop=512 fft=4096 low=37.1 high=445.0
2025-12-01 06:43:04 [tracker] [s1] params baseline=0.000180 gate=0.0550 envFloor=0.000450 sustain=0.580 retrigger=1.400 peakRelease=0.120 pitchTol=0.400 onsetScale=0.006 aubioScale=1.20 aubioThresh=0.024 onsetSilence=-85.0 pitchSilence=-90.0
2025-12-01 06:43:04 [tracker] [s3] configure sr=48000.0 hop=512 fft=4096 low=85.2 high=693.0
2025-12-01 06:43:04 [tracker] [s3] params baseline=0.000260 gate=0.1300 envFloor=0.000650 sustain=0.820 retrigger=1.100 peakRelease=0.140 pitchTol=0.450 onsetScale=0.012 aubioScale=1.60 aubioThresh=0.032 onsetSilence=-75.0 pitchSilence=-80.0
2025-12-01 06:43:04 [tracker] [s4] configure sr=48000.0 hop=512 fft=4096 low=127.4 high=862.4
2025-12-01 06:43:04 [tracker] [s4] params baseline=0.000320 gate=0.1700 envFloor=0.000780 sustain=1.000 retrigger=1.000 peakRelease=0.160 pitchTol=0.440 onsetScale=0.014 aubioScale=1.80 aubioThresh=0.036 onsetSilence=-75.0 pitchSilence=-80.0
2025-12-01 06:43:04 [tracker] [s5] configure sr=48000.0 hop=512 fft=2048 low=160.5 high=1086.5
2025-12-01 06:43:04 [tracker] [s5] params baseline=0.000370 gate=0.2100 envFloor=0.000900 sustain=1.000 retrigger=1.000 peakRelease=0.180 pitchTol=0.500 onsetScale=0.016 aubioScale=1.80 aubioThresh=0.036 onsetSilence=-75.0 pitchSilence=-80.0
2025-12-01 06:43:04 [tracker] [s6] configure sr=48000.0 hop=512 fft=2048 low=214.3 high=1450.4
2025-12-01 06:43:04 [tracker] [s6] params baseline=0.000420 gate=0.2500 envFloor=0.001050 sustain=1.000 retrigger=1.000 peakRelease=0.200 pitchTol=0.550 onsetScale=0.018 aubioScale=2.85 aubioThresh=0.057 onsetSilence=-75.0 pitchSilence=-80.0
2025-12-01 06:43:04 [tracker] [s1] configure sr=48000.0 hop=512 fft=4096 low=37.1 high=445.0
2025-12-01 06:43:04 [tracker] [s1] params baseline=0.000180 gate=0.0550 envFloor=0.000450 sustain=0.580 retrigger=1.400 peakRelease=0.120 pitchTol=0.400 onsetScale=0.006 aubioScale=1.20 aubioThresh=0.024 onsetSilence=-85.0 pitchSilence=-90.0
2025-12-01 06:43:04 [tracker] [s2] configure sr=48000.0 hop=512 fft=4096 low=55.0 high=563.2
2025-12-01 06:43:04 [tracker] [s2] params baseline=0.000220 gate=0.1000 envFloor=0.000550 sustain=0.700 retrigger=1.250 peakRelease=0.130 pitchTol=0.400 onsetScale=0.009 aubioScale=1.35 aubioThresh=0.027 onsetSilence=-85.0 pitchSilence=-90.0
2025-12-01 06:43:04 [tracker] [s3] configure sr=48000.0 hop=512 fft=4096 low=85.2 high=693.0
2025-12-01 06:43:04 [tracker] [s3] params baseline=0.000260 gate=0.1300 envFloor=0.000650 sustain=0.820 retrigger=1.100 peakRelease=0.140 pitchTol=0.450 onsetScale=0.012 aubioScale=1.60 aubioThresh=0.032 onsetSilence=-75.0 pitchSilence=-80.0
2025-12-01 06:43:04 [tracker] [s4] configure sr=48000.0 hop=512 fft=4096 low=127.4 high=862.4
2025-12-01 06:43:04 [tracker] [s4] params baseline=0.000320 gate=0.1700 envFloor=0.000780 sustain=1.000 retrigger=1.000 peakRelease=0.160 pitchTol=0.440 onsetScale=0.014 aubioScale=1.80 aubioThresh=0.036 onsetSilence=-75.0 pitchSilence=-80.0
2025-12-01 06:43:04 [tracker] [s5] configure sr=48000.0 hop=512 fft=2048 low=160.5 high=1086.5
2025-12-01 06:43:04 [tracker] [s6] configure sr=48000.0 hop=512 fft=2048 low=214.3 high=1450.4
2025-12-01 06:43:04 [tracker] [s6] params baseline=0.000420 gate=0.2500 envFloor=0.001050 sustain=1.000 retrigger=1.000 peakRelease=0.200 pitchTol=0.550 onsetScale=0.018 aubioScale=2.85 aubioThresh=0.057 onsetSilence=-75.0 pitchSilence=-80.0
2025-12-01 06:43:04 [tracker] [s1] configure sr=48000.0 hop=512 fft=4096 low=37.1 high=445.0
2025-12-01 06:43:04 [tracker] [s1] params baseline=0.000180 gate=0.0550 envFloor=0.000450 sustain=0.580 retrigger=1.400 peakRelease=0.120 pitchTol=0.400 onsetScale=0.006 aubioScale=1.20 aubioThresh=0.024 onsetSilence=-85.0 pitchSilence=-90.0
2025-12-01 06:43:04 [tracker] [s2] configure sr=48000.0 hop=512 fft=4096 low=55.0 high=563.2
2025-12-01 06:43:04 [tracker] [s2] params baseline=0.000220 gate=0.1000 envFloor=0.000550 sustain=0.700 retrigger=1.250 peakRelease=0.130 pitchTol=0.400 onsetScale=0.009 aubioScale=1.35 aubioThresh=0.027 onsetSilence=-85.0 pitchSilence=-90.0
2025-12-01 06:43:04 [tracker] [s3] configure sr=48000.0 hop=512 fft=4096 low=85.2 high=693.0
2025-12-01 06:43:04 [tracker] [s3] params baseline=0.000260 gate=0.1300 envFloor=0.000650 sustain=0.820 retrigger=1.100 peakRelease=0.140 pitchTol=0.450 onsetScale=0.012 aubioScale=1.60 aubioThresh=0.032 onsetSilence=-75.0 pitchSilence=-80.0
2025-12-01 06:43:04 [tracker] [s4] configure sr=48000.0 hop=512 fft=4096 low=127.4 high=862.4
2025-12-01 06:43:04 [tracker] [s4] params baseline=0.000320 gate=0.1700 envFloor=0.000780 sustain=1.000 retrigger=1.000 peakRelease=0.160 pitchTol=0.440 onsetScale=0.014 aubioScale=1.80 aubioThresh=0.036 onsetSilence=-75.0 pitchSilence=-80.0
2025-12-01 06:43:04 [tracker] [s5] configure sr=48000.0 hop=512 fft=2048 low=160.5 high=1086.5
2025-12-01 06:43:04 [tracker] [s5] params baseline=0.000370 gate=0.2100 envFloor=0.000900 sustain=1.000 retrigger=1.000 peakRelease=0.180 pitchTol=0.500 onsetScale=0.016 aubioScale=1.80 aubioThresh=0.036 onsetSilence=-75.0 pitchSilence=-80.0
2025-12-01 06:43:04 [tracker] [s6] configure sr=48000.0 hop=512 fft=2048 low=214.3 high=1450.4
2025-12-01 06:43:04 [tracker] [s6] params baseline=0.000420 gate=0.2500 envFloor=0.001050 sustain=1.000 retrigger=1.000 peakRelease=0.200 pitchTol=0.550 onsetScale=0.018 aubioScale=2.90 aubioThresh=0.058 onsetSilence=-75.0 pitchSilence=-80.0
2025-12-01 06:43:04 [tracker] [s1] configure sr=48000.0 hop=512 fft=4096 low=37.1 high=445.0
2025-12-01 06:43:04 [tracker] [s2] configure sr=48000.0 hop=512 fft=4096 low=55.0 high=563.2
2025-12-01 06:43:04 [tracker] [s2] params baseline=0.000220 gate=0.1000 envFloor=0.000550 sustain=0.700 retrigger=1.250 peakRelease=0.130 pitchTol=0.400 onsetScale=0.009 aubioScale=1.35 aubioThresh=0.027 onsetSilence=-85.0 pitchSilence=-90.0
2025-12-01 06:43:04 [tracker] [s3] configure sr=48000.0 hop=512 fft=4096 low=85.2 high=693.0
2025-12-01 06:43:04 [tracker] [s3] params baseline=0.000260 gate=0.1300 envFloor=0.000650 sustain=0.820 retrigger=1.100 peakRelease=0.140 pitchTol=0.450 onsetScale=0.012 aubioScale=1.60 aubioThresh=0.032 onsetSilence=-75.0 pitchSilence=-80.0
2025-12-01 06:43:04 [tracker] [s4] configure sr=48000.0 hop=512 fft=4096 low=127.4 high=862.4
2025-12-01 06:43:04 [tracker] [s4] params baseline=0.000320 gate=0.1700 envFloor=0.000780 sustain=1.000 retrigger=1.000 peakRelease=0.160 pitchTol=0.440 onsetScale=0.014 aubioScale=1.80 aubioThresh=0.036 onsetSilence=-75.0 pitchSilence=-80.0
2025-12-01 06:43:04 [tracker] [s5] configure sr=48000.0 hop=512 fft=2048 low=160.5 high=1086.5
2025-12-01 06:43:04 [tracker] [s5] params baseline=0.000370 gate=0.2100 envFloor=0.000900 sustain=1.000 retrigger=1.000 peakRelease=0.180 pitchTol=0.500 onsetScale=0.016 aubioScale=1.80 aubioThresh=0.036 onsetSilence=-75.0 pitchSilence=-80.0
2025-12-01 06:43:04 [tracker] [s6] configure sr=48000.0 hop=512 fft=2048 low=214.3 high=1450.4
2025-12-01 06:43:04 [tracker] [s6] params baseline=0.000420 gate=0.2500 envFloor=0.001050 sustain=1.000 retrigger=1.000 peakRelease=0.200 pitchTol=0.550 onsetScale=0.018 aubioScale=2.90 aubioThresh=0.058 onsetSilence=-75.0 pitchSilence=-80.0
2025-12-01 06:43:04 [tracker] [s1] configure sr=48000.0 hop=512 fft=4096 low=37.1 high=445.0
2025-12-01 06:43:04 [tracker] [s1] params baseline=0.000180 gate=0.0550 envFloor=0.000450 sustain=0.580 retrigger=1.400 peakRelease=0.120 pitchTol=0.400 onsetScale=0.006 aubioScale=1.20 aubioThresh=0.024 onsetSilence=-85.0 pitchSilence=-90.0
2025-12-01 06:43:04 [tracker] [s3] configure sr=48000.0 hop=512 fft=4096 low=85.2 high=693.0
2025-12-01 06:43:04 [tracker] [s3] params baseline=0.000260 gate=0.1300 envFloor=0.000650 sustain=0.820 retrigger=1.100 peakRelease=0.140 pitchTol=0.450 onsetScale=0.012 aubioScale=1.60 aubioThresh=0.032 onsetSilence=-75.0 pitchSilence=-80.0
2025-12-01 06:43:04 [tracker] [s4] configure sr=48000.0 hop=512 fft=4096 low=127.4 high=862.4
2025-12-01 06:43:04 [tracker] [s4] params baseline=0.000320 gate=0.1700 envFloor=0.000780 sustain=1.000 retrigger=1.000 peakRelease=0.160 pitchTol=0.440 onsetScale=0.014 aubioScale=1.80 aubioThresh=0.036 onsetSilence=-75.0 pitchSilence=-80.0
2025-12-01 06:43:04 [tracker] [s5] configure sr=48000.0 hop=512 fft=2048 low=160.5 high=1086.5
2025-12-01 06:43:04 [tracker] [s5] params baseline=0.000370 gate=0.2100 envFloor=0.000900 sustain=1.000 retrigger=1.000 peakRelease=0.180 pitchTol=0.500 onsetScale=0.016 aubioScale=1.80 aubioThresh=0.036 onsetSilence=-75.0 pitchSilence=-80.0
2025-12-01 06:43:04 [tracker] [s6] configure sr=48000.0 hop=512 fft=2048 low=214.3 high=1450.4
2025-12-01 06:43:04 [tracker] [s6] params baseline=0.000420 gate=0.2500 envFloor=0.001050 sustain=1.000 retrigger=1.000 peakRelease=0.200 pitchTol=0.550 onsetScale=0.018 aubioScale=3.00 aubioThresh=0.060 onsetSilence=-75.0 pitchSilence=-80.0
2025-12-01 06:43:04 [tracker] [s1] configure sr=48000.0 hop=512 fft=4096 low=37.1 high=445.0
2025-12-01 06:43:04 [tracker] [s1] params baseline=0.000180 gate=0.0550 envFloor=0.000450 sustain=0.580 retrigger=1.400 peakRelease=0.120 pitchTol=0.400 onsetScale=0.006 aubioScale=1.20 aubioThresh=0.024 onsetSilence=-85.0 pitchSilence=-90.0
2025-12-01 06:43:04 [tracker] [s2] configure sr=48000.0 hop=512 fft=4096 low=55.0 high=563.2
2025-12-01 06:43:04 [tracker] [s2] params baseline=0.000220 gate=0.1000 envFloor=0.000550 sustain=0.700 retrigger=1.250 peakRelease=0.130 pitchTol=0.400 onsetScale=0.009 aubioScale=1.35 aubioThresh=0.027 onsetSilence=-85.0 pitchSilence=-90.0
2025-12-01 06:43:04 [tracker] [s2] onset t=23.141 env=0.04242 baseline=0.00951 gate=0.00095 envFloor=0.00787 onset=1.499>=0.009
2025-12-01 06:43:05 [tracker] [s2] onset t=23.237 env=0.03562 baseline=0.01519 gate=0.00152 envFloor=0.01063 onset=1.002>=0.009
2025-12-01 06:43:05 [tracker] [s2] note-start t=23.237 fret=5 midi=50 vel=0.43 env=0.03562
2025-12-01 06:43:05 [tracker] [s2] onset t=23.376 env=0.02165 baseline=0.03004 gate=0.00300 envFloor=0.01065 onset=1.416>=0.009
2025-12-01 06:43:05 [tracker] [s2] note-ended (new onset) t=23.376 fret=5 dur=0.139
2025-12-01 06:43:05 [tracker] [s2] note-start t=23.376 fret=5 midi=50 vel=0.26 env=0.02165
2025-12-01 06:43:05 [tracker] [s4] onset t=23.376 env=0.00376 baseline=0.00201 gate=0.00034 envFloor=0.00171 onset=0.913>=0.014
2025-12-01 06:43:05 [tracker] [s4] onset t=23.429 env=0.00395 baseline=0.00201 gate=0.00034 envFloor=0.00171 onset=0.752>=0.014
2025-12-01 06:43:05 [tracker] [s1] configure sr=48000.0 hop=512 fft=4096 low=37.1 high=445.0
2025-12-01 06:43:05 [tracker] [s1] params baseline=0.000180 gate=0.0550 envFloor=0.000450 sustain=0.580 retrigger=1.400 peakRelease=0.120 pitchTol=0.400 onsetScale=0.006 aubioScale=1.20 aubioThresh=0.024 onsetSilence=-85.0 pitchSilence=-90.0
2025-12-01 06:43:05 [tracker] [s2] configure sr=48000.0 hop=512 fft=4096 low=55.0 high=563.2
2025-12-01 06:43:05 [tracker] [s2] params baseline=0.000220 gate=0.1000 envFloor=0.000550 sustain=0.700 retrigger=1.250 peakRelease=0.130 pitchTol=0.400 onsetScale=0.009 aubioScale=1.35 aubioThresh=0.027 onsetSilence=-85.0 pitchSilence=-90.0
2025-12-01 06:43:05 [tracker] [s2] onset t=23.440 env=0.02492 baseline=0.01891 gate=0.00189 envFloor=0.01034 onset=4.000>=0.009
2025-12-01 06:43:05 [tracker] [s2] note-ended (new onset) t=23.440 fret=5 dur=0.064
2025-12-01 06:43:05 [tracker] [s3] configure sr=48000.0 hop=512 fft=4096 low=85.2 high=693.0
2025-12-01 06:43:05 [tracker] [s3] params baseline=0.000260 gate=0.1300 envFloor=0.000650 sustain=0.820 retrigger=1.100 peakRelease=0.140 pitchTol=0.450 onsetScale=0.012 aubioScale=1.60 aubioThresh=0.032 onsetSilence=-75.0 pitchSilence=-80.0
2025-12-01 06:43:05 [tracker] [s3] onset t=23.440 env=0.02749 baseline=0.01585 gate=0.00206 envFloor=0.01347 onset=4.000>=0.012
2025-12-01 06:43:05 [tracker] [s4] configure sr=48000.0 hop=512 fft=4096 low=127.4 high=862.4
2025-12-01 06:43:05 [tracker] [s4] params baseline=0.000320 gate=0.1700 envFloor=0.000780 sustain=1.000 retrigger=1.000 peakRelease=0.160 pitchTol=0.440 onsetScale=0.014 aubioScale=1.80 aubioThresh=0.036 onsetSilence=-75.0 pitchSilence=-80.0
2025-12-01 06:43:05 [tracker] [s4] onset t=23.440 env=0.00368 baseline=0.00201 gate=0.00034 envFloor=0.00171 onset=4.000>=0.014
2025-12-01 06:43:05 [tracker] [s5] configure sr=48000.0 hop=512 fft=2048 low=160.5 high=1086.5
2025-12-01 06:43:05 [tracker] [s5] params baseline=0.000370 gate=0.2100 envFloor=0.000900 sustain=1.000 retrigger=1.000 peakRelease=0.180 pitchTol=0.500 onsetScale=0.016 aubioScale=1.80 aubioThresh=0.036 onsetSilence=-75.0 pitchSilence=-80.0
2025-12-01 06:43:05 [tracker] [s6] configure sr=48000.0 hop=512 fft=2048 low=214.3 high=1450.4
2025-12-01 06:43:05 [tracker] [s6] params baseline=0.000420 gate=0.2500 envFloor=0.001050 sustain=1.000 retrigger=1.000 peakRelease=0.200 pitchTol=0.550 onsetScale=0.018 aubioScale=3.00 aubioThresh=0.060 onsetSilence=-75.0 pitchSilence=-80.0
2025-12-01 06:43:05 [tracker] [s3] onset t=23.557 env=0.01954 baseline=0.01585 gate=0.00206 envFloor=0.01347 onset=1.311>=0.012
2025-12-01 06:43:05 [tracker] [s3] note-start t=23.557 fret=7 midi=57 vel=0.23 env=0.01954
2025-12-01 06:43:05 [tracker] [s2] onset t=23.653 env=0.02167 baseline=0.01710 gate=0.00171 envFloor=0.00895 onset=0.920>=0.009
2025-12-01 06:43:05 [tracker] [s2] note-start t=23.653 fret=5 midi=50 vel=0.26 env=0.02167
2025-12-01 06:43:05 [tracker] [s3] onset t=23.653 env=0.01781 baseline=0.01681 gate=0.00219 envFloor=0.01347 onset=1.209>=0.012
2025-12-01 06:43:05 [tracker] [s3] note-ended (new onset) t=23.653 fret=7 dur=0.096
2025-12-01 06:43:05 [tracker] [s3] note-start t=23.653 fret=7 midi=57 vel=0.21 env=0.01781
2025-12-01 06:43:05 [tracker] [s4] onset t=23.653 env=0.05334 baseline=0.00575 gate=0.00098 envFloor=0.00403 onset=1.169>=0.014
2025-12-01 06:43:05 [tracker] [s4] note-start t=23.653 fret=9 midi=64 vel=0.64 env=0.05334
2025-12-01 06:43:05 [tracker] [s3] release-quiet t=24.048 avgEnv=0.00979 floor=0.01105 quietFrames=8
2025-12-01 06:43:05 [tracker] [s3] note-ended t=24.048 fret=7 dur=0.395
2025-12-01 06:43:06 [tracker] [s2] release-retrigger t=24.752 onset=0.517 gate=0.010 age=1.099
2025-12-01 06:43:06 [tracker] [s2] note-ended t=24.752 fret=5 dur=1.099
2025-12-01 06:43:06 [tracker] [s4] release-retrigger t=24.752 onset=1.067 gate=0.011 age=1.099
2025-12-01 06:43:06 [tracker] [s4] note-ended t=24.752 fret=9 dur=1.099
2025-12-01 06:43:07 [tracker] [s2] onset t=25.274 env=0.02861 baseline=0.00926 gate=0.00093 envFloor=0.00787 onset=0.668>=0.009
2025-12-01 06:43:07 [tracker] [s2] onset t=25.392 env=0.01924 baseline=0.01128 gate=0.00113 envFloor=0.00790 onset=0.504>=0.009
2025-12-01 06:43:07 [tracker] [s2] note-start t=25.392 fret=7 midi=52 vel=0.23 env=0.01924
2025-12-01 06:43:07 [tracker] [s3] onset t=25.509 env=0.01350 baseline=0.01585 gate=0.00206 envFloor=0.01347 onset=0.553>=0.012
2025-12-01 06:43:07 [tracker] [s2] onset t=25.562 env=0.01599 baseline=0.01598 gate=0.00160 envFloor=0.00787 onset=1.113>=0.009
2025-12-01 06:43:07 [tracker] [s2] note-ended (new onset) t=25.562 fret=7 dur=0.171
2025-12-01 06:43:07 [tracker] [s2] note-start t=25.562 fret=7 midi=52 vel=0.19 env=0.01599
2025-12-01 06:43:07 [tracker] [s1] configure sr=48000.0 hop=512 fft=4096 low=37.1 high=445.0
2025-12-01 06:43:07 [tracker] [s1] params baseline=0.000180 gate=0.0550 envFloor=0.000450 sustain=0.580 retrigger=1.400 peakRelease=0.120 pitchTol=0.400 onsetScale=0.006 aubioScale=1.20 aubioThresh=0.024 onsetSilence=-85.0 pitchSilence=-90.0
2025-12-01 06:43:07 [tracker] [s2] configure sr=48000.0 hop=512 fft=4096 low=55.0 high=563.2
2025-12-01 06:43:07 [tracker] [s2] params baseline=0.000220 gate=0.1000 envFloor=0.000550 sustain=0.700 retrigger=1.250 peakRelease=0.130 pitchTol=0.400 onsetScale=0.009 aubioScale=1.35 aubioThresh=0.027 onsetSilence=-85.0 pitchSilence=-90.0
2025-12-01 06:43:07 [tracker] [s3] configure sr=48000.0 hop=512 fft=4096 low=85.2 high=693.0
2025-12-01 06:43:07 [tracker] [s3] params baseline=0.000260 gate=0.1300 envFloor=0.000650 sustain=0.820 retrigger=1.100 peakRelease=0.140 pitchTol=0.450 onsetScale=0.012 aubioScale=1.60 aubioThresh=0.032 onsetSilence=-75.0 pitchSilence=-80.0
2025-12-01 06:43:07 [tracker] [s3] onset t=25.594 env=0.02726 baseline=0.01585 gate=0.00206 envFloor=0.01347 onset=4.000>=0.012
2025-12-01 06:43:07 [tracker] [s4] configure sr=48000.0 hop=512 fft=4096 low=127.4 high=862.4
2025-12-01 06:43:07 [tracker] [s4] params baseline=0.000320 gate=0.1700 envFloor=0.000780 sustain=1.000 retrigger=1.000 peakRelease=0.160 pitchTol=0.440 onsetScale=0.014 aubioScale=1.80 aubioThresh=0.036 onsetSilence=-75.0 pitchSilence=-80.0
2025-12-01 06:43:07 [tracker] [s5] configure sr=48000.0 hop=512 fft=2048 low=160.5 high=1086.5
2025-12-01 06:43:07 [tracker] [s5] params baseline=0.000370 gate=0.2100 envFloor=0.000900 sustain=1.000 retrigger=1.000 peakRelease=0.180 pitchTol=0.500 onsetScale=0.016 aubioScale=1.80 aubioThresh=0.036 onsetSilence=-75.0 pitchSilence=-80.0
2025-12-01 06:43:07 [tracker] [s6] configure sr=48000.0 hop=512 fft=2048 low=214.3 high=1450.4
2025-12-01 06:43:07 [tracker] [s6] params baseline=0.000420 gate=0.2500 envFloor=0.001050 sustain=1.000 retrigger=1.000 peakRelease=0.200 pitchTol=0.550 onsetScale=0.018 aubioScale=3.00 aubioThresh=0.060 onsetSilence=-75.0 pitchSilence=-80.0
2025-12-01 06:43:07 [tracker] [s3] onset t=25.711 env=0.02307 baseline=0.01585 gate=0.00206 envFloor=0.01347 onset=1.219>=0.012
2025-12-01 06:43:07 [tracker] [s3] note-start t=25.711 fret=9 midi=59 vel=0.28 env=0.02307
2025-12-01 06:43:07 [tracker] [s2] onset t=25.722 env=0.01535 baseline=0.01335 gate=0.00133 envFloor=0.00787 onset=1.010>=0.009
2025-12-01 06:43:07 [tracker] [s2] note-ended (new onset) t=25.722 fret=7 dur=0.160
2025-12-01 06:43:07 [tracker] [s2] note-start t=25.722 fret=7 midi=52 vel=0.18 env=0.01535
2025-12-01 06:43:07 [tracker] [s2] release-retrigger t=25.775 onset=1.207 gate=0.013 age=0.053
2025-12-01 06:43:07 [tracker] [s2] note-ended t=25.775 fret=7 dur=0.053
2025-12-01 06:43:07 [tracker] [s4] onset t=25.775 env=0.03924 baseline=0.01770 gate=0.00301 envFloor=0.00258 onset=1.480>=0.014
2025-12-01 06:43:07 [tracker] [s4] note-start t=25.775 fret=23 midi=78 vel=0.47 env=0.03924
2025-12-01 06:43:07 [tracker] [s3] onset t=25.786 env=0.02144 baseline=0.02004 gate=0.00261 envFloor=0.01347 onset=0.531>=0.012
2025-12-01 06:43:07 [tracker] [s3] note-ended (new onset) t=25.786 fret=9 dur=0.075
2025-12-01 06:43:07 [tracker] [s3] note-start t=25.786 fret=9 midi=59 vel=0.26 env=0.02144
2025-12-01 06:43:07 [tracker] [s4] onset t=25.903 env=0.02867 baseline=0.03326 gate=0.00565 envFloor=0.01164 onset=1.087>=0.014
2025-12-01 06:43:07 [tracker] [s4] note-ended (new onset) t=25.903 fret=23 dur=0.128
2025-12-01 06:43:07 [tracker] [s4] note-start t=25.903 fret=9 midi=64 vel=0.34 env=0.02867
2025-12-01 06:43:08 [tracker] [s3] release-quiet t=26.426 avgEnv=0.01010 floor=0.01105 quietFrames=8
2025-12-01 06:43:08 [tracker] [s3] note-ended t=26.426 fret=9 dur=0.640
2025-12-01 06:43:08 [tracker] [s4] release-quiet t=26.458 avgEnv=0.00809 floor=0.00813 quietFrames=8
2025-12-01 06:43:08 [tracker] [s4] note-ended t=26.458 fret=9 dur=0.555
2025-12-01 06:43:08 [tracker] [s1] configure sr=48000.0 hop=512 fft=4096 low=37.1 high=445.0
2025-12-01 06:43:08 [tracker] [s1] params baseline=0.000180 gate=0.0550 envFloor=0.000450 sustain=0.580 retrigger=1.400 peakRelease=0.120 pitchTol=0.400 onsetScale=0.006 aubioScale=1.20 aubioThresh=0.024 onsetSilence=-85.0 pitchSilence=-90.0
2025-12-01 06:43:08 [tracker] [s2] configure sr=48000.0 hop=512 fft=4096 low=55.0 high=563.2
2025-12-01 06:43:08 [tracker] [s2] params baseline=0.000220 gate=0.1000 envFloor=0.000550 sustain=0.700 retrigger=1.250 peakRelease=0.130 pitchTol=0.400 onsetScale=0.009 aubioScale=1.35 aubioThresh=0.027 onsetSilence=-85.0 pitchSilence=-90.0
2025-12-01 06:43:08 [tracker] [s3] configure sr=48000.0 hop=512 fft=4096 low=85.2 high=693.0
2025-12-01 06:43:08 [tracker] [s3] params baseline=0.000260 gate=0.1300 envFloor=0.000650 sustain=0.820 retrigger=1.100 peakRelease=0.140 pitchTol=0.450 onsetScale=0.012 aubioScale=1.60 aubioThresh=0.032 onsetSilence=-75.0 pitchSilence=-80.0
2025-12-01 06:43:08 [tracker] [s4] configure sr=48000.0 hop=512 fft=4096 low=127.4 high=862.4
2025-12-01 06:43:08 [tracker] [s4] params baseline=0.000320 gate=0.1700 envFloor=0.000780 sustain=1.000 retrigger=1.000 peakRelease=0.160 pitchTol=0.440 onsetScale=0.014 aubioScale=1.80 aubioThresh=0.036 onsetSilence=-75.0 pitchSilence=-80.0
2025-12-01 06:43:08 [tracker] [s4] onset t=26.821 env=0.00547 baseline=0.01677 gate=0.00285 envFloor=0.00342 onset=4.000>=0.014
2025-12-01 06:43:08 [tracker] [s5] configure sr=48000.0 hop=512 fft=2048 low=160.5 high=1086.5
2025-12-01 06:43:08 [tracker] [s5] params baseline=0.000370 gate=0.2100 envFloor=0.000900 sustain=1.000 retrigger=1.000 peakRelease=0.180 pitchTol=0.500 onsetScale=0.016 aubioScale=1.80 aubioThresh=0.036 onsetSilence=-75.0 pitchSilence=-80.0
2025-12-01 06:43:08 [tracker] [s6] configure sr=48000.0 hop=512 fft=2048 low=214.3 high=1450.4
2025-12-01 06:43:08 [tracker] [s6] params baseline=0.000420 gate=0.2500 envFloor=0.001050 sustain=1.000 retrigger=1.000 peakRelease=0.200 pitchTol=0.550 onsetScale=0.018 aubioScale=3.00 aubioThresh=0.060 onsetSilence=-75.0 pitchSilence=-80.0
2025-12-01 06:43:08 [tracker] [s4] configure sr=48000.0 hop=512 fft=4096 low=127.4 high=862.4
2025-12-01 06:43:08 [tracker] [s4] params baseline=0.000320 gate=0.1700 envFloor=0.000780 sustain=1.000 retrigger=1.000 peakRelease=0.160 pitchTol=0.440 onsetScale=0.014 aubioScale=1.80 aubioThresh=0.036 onsetSilence=-75.0 pitchSilence=-80.0
2025-12-01 06:43:08 [tracker] [s4] onset t=26.863 env=0.00470 baseline=0.01644 gate=0.00279 envFloor=0.00324 onset=4.000>=0.014
2025-12-01 06:43:08 [tracker] [s5] configure sr=48000.0 hop=512 fft=2048 low=160.5 high=1086.5
2025-12-01 06:43:08 [tracker] [s5] params baseline=0.000370 gate=0.2100 envFloor=0.000900 sustain=1.000 retrigger=1.000 peakRelease=0.180 pitchTol=0.500 onsetScale=0.016 aubioScale=1.80 aubioThresh=0.036 onsetSilence=-75.0 pitchSilence=-80.0
2025-12-01 06:43:08 [tracker] [s6] configure sr=48000.0 hop=512 fft=2048 low=214.3 high=1450.4
2025-12-01 06:43:08 [tracker] [s6] params baseline=0.000420 gate=0.2500 envFloor=0.001050 sustain=1.000 retrigger=1.000 peakRelease=0.200 pitchTol=0.550 onsetScale=0.018 aubioScale=3.00 aubioThresh=0.060 onsetSilence=-75.0 pitchSilence=-80.0
2025-12-01 06:43:08 [tracker] [s1] configure sr=48000.0 hop=512 fft=4096 low=37.1 high=445.0
2025-12-01 06:43:08 [tracker] [s1] params baseline=0.000180 gate=0.0550 envFloor=0.000450 sustain=0.580 retrigger=1.400 peakRelease=0.120 pitchTol=0.400 onsetScale=0.006 aubioScale=1.20 aubioThresh=0.024 onsetSilence=-85.0 pitchSilence=-90.0
2025-12-01 06:43:08 [tracker] [s2] configure sr=48000.0 hop=512 fft=4096 low=55.0 high=563.2
2025-12-01 06:43:08 [tracker] [s2] params baseline=0.000220 gate=0.1000 envFloor=0.000550 sustain=0.700 retrigger=1.250 peakRelease=0.130 pitchTol=0.400 onsetScale=0.009 aubioScale=1.35 aubioThresh=0.027 onsetSilence=-85.0 pitchSilence=-90.0
2025-12-01 06:43:08 [tracker] [s3] configure sr=48000.0 hop=512 fft=4096 low=85.2 high=693.0
2025-12-01 06:43:08 [tracker] [s3] params baseline=0.000260 gate=0.1300 envFloor=0.000650 sustain=0.820 retrigger=1.100 peakRelease=0.140 pitchTol=0.450 onsetScale=0.012 aubioScale=1.60 aubioThresh=0.032 onsetSilence=-75.0 pitchSilence=-80.0
2025-12-01 06:43:08 [tracker] [s4] configure sr=48000.0 hop=512 fft=4096 low=127.4 high=862.4
2025-12-01 06:43:08 [tracker] [s4] params baseline=0.000320 gate=0.1700 envFloor=0.000780 sustain=1.000 retrigger=1.000 peakRelease=0.160 pitchTol=0.440 onsetScale=0.014 aubioScale=1.80 aubioThresh=0.036 onsetSilence=-75.0 pitchSilence=-80.0
2025-12-01 06:43:08 [tracker] [s5] configure sr=48000.0 hop=512 fft=2048 low=160.5 high=1086.5
2025-12-01 06:43:08 [tracker] [s5] params baseline=0.000370 gate=0.2100 envFloor=0.000900 sustain=1.000 retrigger=1.000 peakRelease=0.180 pitchTol=0.500 onsetScale=0.016 aubioScale=1.85 aubioThresh=0.037 onsetSilence=-75.0 pitchSilence=-80.0
2025-12-01 06:43:08 [tracker] [s6] configure sr=48000.0 hop=512 fft=2048 low=214.3 high=1450.4
2025-12-01 06:43:08 [tracker] [s6] params baseline=0.000420 gate=0.2500 envFloor=0.001050 sustain=1.000 retrigger=1.000 peakRelease=0.200 pitchTol=0.550 onsetScale=0.018 aubioScale=3.00 aubioThresh=0.060 onsetSilence=-75.0 pitchSilence=-80.0
2025-12-01 06:43:08 [tracker] [s1] configure sr=48000.0 hop=512 fft=4096 low=37.1 high=445.0
2025-12-01 06:43:08 [tracker] [s1] params baseline=0.000180 gate=0.0550 envFloor=0.000450 sustain=0.580 retrigger=1.400 peakRelease=0.120 pitchTol=0.400 onsetScale=0.006 aubioScale=1.20 aubioThresh=0.024 onsetSilence=-85.0 pitchSilence=-90.0
2025-12-01 06:43:08 [tracker] [s2] configure sr=48000.0 hop=512 fft=4096 low=55.0 high=563.2
2025-12-01 06:43:08 [tracker] [s2] params baseline=0.000220 gate=0.1000 envFloor=0.000550 sustain=0.700 retrigger=1.250 peakRelease=0.130 pitchTol=0.400 onsetScale=0.009 aubioScale=1.40 aubioThresh=0.028 onsetSilence=-85.0 pitchSilence=-90.0
2025-12-01 06:43:08 [tracker] [s3] configure sr=48000.0 hop=512 fft=4096 low=85.2 high=693.0
2025-12-01 06:43:08 [tracker] [s3] params baseline=0.000260 gate=0.1300 envFloor=0.000650 sustain=0.820 retrigger=1.100 peakRelease=0.140 pitchTol=0.450 onsetScale=0.012 aubioScale=1.65 aubioThresh=0.033 onsetSilence=-75.0 pitchSilence=-80.0
2025-12-01 06:43:08 [tracker] [s4] configure sr=48000.0 hop=512 fft=4096 low=127.4 high=862.4
2025-12-01 06:43:08 [tracker] [s4] params baseline=0.000320 gate=0.1700 envFloor=0.000780 sustain=1.000 retrigger=1.000 peakRelease=0.160 pitchTol=0.440 onsetScale=0.014 aubioScale=1.85 aubioThresh=0.037 onsetSilence=-75.0 pitchSilence=-80.0
2025-12-01 06:43:08 [tracker] [s5] configure sr=48000.0 hop=512 fft=2048 low=160.5 high=1086.5
2025-12-01 06:43:08 [tracker] [s5] params baseline=0.000370 gate=0.2100 envFloor=0.000900 sustain=1.000 retrigger=1.000 peakRelease=0.180 pitchTol=0.500 onsetScale=0.016 aubioScale=1.85 aubioThresh=0.037 onsetSilence=-75.0 pitchSilence=-80.0
2025-12-01 06:43:08 [tracker] [s6] configure sr=48000.0 hop=512 fft=2048 low=214.3 high=1450.4
2025-12-01 06:43:08 [tracker] [s6] params baseline=0.000420 gate=0.2500 envFloor=0.001050 sustain=1.000 retrigger=1.000 peakRelease=0.200 pitchTol=0.550 onsetScale=0.018 aubioScale=3.00 aubioThresh=0.060 onsetSilence=-75.0 pitchSilence=-80.0
2025-12-01 06:43:08 [tracker] [s1] configure sr=48000.0 hop=512 fft=4096 low=37.1 high=445.0
2025-12-01 06:43:08 [tracker] [s1] params baseline=0.000180 gate=0.0550 envFloor=0.000450 sustain=0.580 retrigger=1.400 peakRelease=0.120 pitchTol=0.400 onsetScale=0.006 aubioScale=1.25 aubioThresh=0.025 onsetSilence=-85.0 pitchSilence=-90.0
2025-12-01 06:43:08 [tracker] [s2] configure sr=48000.0 hop=512 fft=4096 low=55.0 high=563.2
2025-12-01 06:43:08 [tracker] [s2] params baseline=0.000220 gate=0.1000 envFloor=0.000550 sustain=0.700 retrigger=1.250 peakRelease=0.130 pitchTol=0.400 onsetScale=0.009 aubioScale=1.50 aubioThresh=0.030 onsetSilence=-85.0 pitchSilence=-90.0
2025-12-01 06:43:08 [tracker] [s3] configure sr=48000.0 hop=512 fft=4096 low=85.2 high=693.0
2025-12-01 06:43:08 [tracker] [s3] params baseline=0.000260 gate=0.1300 envFloor=0.000650 sustain=0.820 retrigger=1.100 peakRelease=0.140 pitchTol=0.450 onsetScale=0.012 aubioScale=1.75 aubioThresh=0.035 onsetSilence=-75.0 pitchSilence=-80.0
2025-12-01 06:43:08 [tracker] [s4] configure sr=48000.0 hop=512 fft=4096 low=127.4 high=862.4
2025-12-01 06:43:08 [tracker] [s4] params baseline=0.000320 gate=0.1700 envFloor=0.000780 sustain=1.000 retrigger=1.000 peakRelease=0.160 pitchTol=0.440 onsetScale=0.014 aubioScale=1.95 aubioThresh=0.039 onsetSilence=-75.0 pitchSilence=-80.0
2025-12-01 06:43:08 [tracker] [s5] configure sr=48000.0 hop=512 fft=2048 low=160.5 high=1086.5
2025-12-01 06:43:08 [tracker] [s5] params baseline=0.000370 gate=0.2100 envFloor=0.000900 sustain=1.000 retrigger=1.000 peakRelease=0.180 pitchTol=0.500 onsetScale=0.016 aubioScale=1.95 aubioThresh=0.039 onsetSilence=-75.0 pitchSilence=-80.0
2025-12-01 06:43:08 [tracker] [s6] configure sr=48000.0 hop=512 fft=2048 low=214.3 high=1450.4
2025-12-01 06:43:08 [tracker] [s6] params baseline=0.000420 gate=0.2500 envFloor=0.001050 sustain=1.000 retrigger=1.000 peakRelease=0.200 pitchTol=0.550 onsetScale=0.018 aubioScale=3.00 aubioThresh=0.060 onsetSilence=-75.0 pitchSilence=-80.0
2025-12-01 06:43:08 [tracker] [s1] configure sr=48000.0 hop=512 fft=4096 low=37.1 high=445.0
2025-12-01 06:43:08 [tracker] [s1] params baseline=0.000180 gate=0.0550 envFloor=0.000450 sustain=0.580 retrigger=1.400 peakRelease=0.120 pitchTol=0.400 onsetScale=0.006 aubioScale=1.35 aubioThresh=0.027 onsetSilence=-85.0 pitchSilence=-90.0
2025-12-01 06:43:08 [tracker] [s2] configure sr=48000.0 hop=512 fft=4096 low=55.0 high=563.2
2025-12-01 06:43:08 [tracker] [s2] params baseline=0.000220 gate=0.1000 envFloor=0.000550 sustain=0.700 retrigger=1.250 peakRelease=0.130 pitchTol=0.400 onsetScale=0.009 aubioScale=1.50 aubioThresh=0.030 onsetSilence=-85.0 pitchSilence=-90.0
2025-12-01 06:43:08 [tracker] [s3] configure sr=48000.0 hop=512 fft=4096 low=85.2 high=693.0
2025-12-01 06:43:08 [tracker] [s3] params baseline=0.000260 gate=0.1300 envFloor=0.000650 sustain=0.820 retrigger=1.100 peakRelease=0.140 pitchTol=0.450 onsetScale=0.012 aubioScale=1.85 aubioThresh=0.037 onsetSilence=-75.0 pitchSilence=-80.0
2025-12-01 06:43:08 [tracker] [s4] configure sr=48000.0 hop=512 fft=4096 low=127.4 high=862.4
2025-12-01 06:43:08 [tracker] [s4] params baseline=0.000320 gate=0.1700 envFloor=0.000780 sustain=1.000 retrigger=1.000 peakRelease=0.160 pitchTol=0.440 onsetScale=0.014 aubioScale=2.05 aubioThresh=0.041 onsetSilence=-75.0 pitchSilence=-80.0
2025-12-01 06:43:08 [tracker] [s5] configure sr=48000.0 hop=512 fft=2048 low=160.5 high=1086.5
2025-12-01 06:43:08 [tracker] [s5] params baseline=0.000370 gate=0.2100 envFloor=0.000900 sustain=1.000 retrigger=1.000 peakRelease=0.180 pitchTol=0.500 onsetScale=0.016 aubioScale=2.05 aubioThresh=0.041 onsetSilence=-75.0 pitchSilence=-80.0
2025-12-01 06:43:08 [tracker] [s6] configure sr=48000.0 hop=512 fft=2048 low=214.3 high=1450.4
2025-12-01 06:43:08 [tracker] [s6] params baseline=0.000420 gate=0.2500 envFloor=0.001050 sustain=1.000 retrigger=1.000 peakRelease=0.200 pitchTol=0.550 onsetScale=0.018 aubioScale=3.00 aubioThresh=0.060 onsetSilence=-75.0 pitchSilence=-80.0
2025-12-01 06:43:08 [tracker] [s1] configure sr=48000.0 hop=512 fft=4096 low=37.1 high=445.0
2025-12-01 06:43:08 [tracker] [s1] params baseline=0.000180 gate=0.0550 envFloor=0.000450 sustain=0.580 retrigger=1.400 peakRelease=0.120 pitchTol=0.400 onsetScale=0.006 aubioScale=1.45 aubioThresh=0.029 onsetSilence=-85.0 pitchSilence=-90.0
2025-12-01 06:43:08 [tracker] [s2] configure sr=48000.0 hop=512 fft=4096 low=55.0 high=563.2
2025-12-01 06:43:08 [tracker] [s2] params baseline=0.000220 gate=0.1000 envFloor=0.000550 sustain=0.700 retrigger=1.250 peakRelease=0.130 pitchTol=0.400 onsetScale=0.009 aubioScale=1.60 aubioThresh=0.032 onsetSilence=-85.0 pitchSilence=-90.0
2025-12-01 06:43:08 [tracker] [s3] configure sr=48000.0 hop=512 fft=4096 low=85.2 high=693.0
2025-12-01 06:43:08 [tracker] [s3] params baseline=0.000260 gate=0.1300 envFloor=0.000650 sustain=0.820 retrigger=1.100 peakRelease=0.140 pitchTol=0.450 onsetScale=0.012 aubioScale=2.05 aubioThresh=0.041 onsetSilence=-75.0 pitchSilence=-80.0
2025-12-01 06:43:08 [tracker] [s4] configure sr=48000.0 hop=512 fft=4096 low=127.4 high=862.4
2025-12-01 06:43:08 [tracker] [s4] params baseline=0.000320 gate=0.1700 envFloor=0.000780 sustain=1.000 retrigger=1.000 peakRelease=0.160 pitchTol=0.440 onsetScale=0.014 aubioScale=2.25 aubioThresh=0.045 onsetSilence=-75.0 pitchSilence=-80.0
2025-12-01 06:43:08 [tracker] [s5] configure sr=48000.0 hop=512 fft=2048 low=160.5 high=1086.5
2025-12-01 06:43:08 [tracker] [s5] params baseline=0.000370 gate=0.2100 envFloor=0.000900 sustain=1.000 retrigger=1.000 peakRelease=0.180 pitchTol=0.500 onsetScale=0.016 aubioScale=2.25 aubioThresh=0.045 onsetSilence=-75.0 pitchSilence=-80.0
2025-12-01 06:43:08 [tracker] [s6] configure sr=48000.0 hop=512 fft=2048 low=214.3 high=1450.4
2025-12-01 06:43:08 [tracker] [s6] params baseline=0.000420 gate=0.2500 envFloor=0.001050 sustain=1.000 retrigger=1.000 peakRelease=0.200 pitchTol=0.550 onsetScale=0.018 aubioScale=3.00 aubioThresh=0.060 onsetSilence=-75.0 pitchSilence=-80.0
2025-12-01 06:43:08 [tracker] [s1] configure sr=48000.0 hop=512 fft=4096 low=37.1 high=445.0
2025-12-01 06:43:08 [tracker] [s1] params baseline=0.000180 gate=0.0550 envFloor=0.000450 sustain=0.580 retrigger=1.400 peakRelease=0.120 pitchTol=0.400 onsetScale=0.006 aubioScale=1.65 aubioThresh=0.033 onsetSilence=-85.0 pitchSilence=-90.0
2025-12-01 06:43:08 [tracker] [s2] configure sr=48000.0 hop=512 fft=4096 low=55.0 high=563.2
2025-12-01 06:43:08 [tracker] [s2] params baseline=0.000220 gate=0.1000 envFloor=0.000550 sustain=0.700 retrigger=1.250 peakRelease=0.130 pitchTol=0.400 onsetScale=0.009 aubioScale=1.80 aubioThresh=0.036 onsetSilence=-85.0 pitchSilence=-90.0
2025-12-01 06:43:08 [tracker] [s3] configure sr=48000.0 hop=512 fft=4096 low=85.2 high=693.0
2025-12-01 06:43:08 [tracker] [s3] params baseline=0.000260 gate=0.1300 envFloor=0.000650 sustain=0.820 retrigger=1.100 peakRelease=0.140 pitchTol=0.450 onsetScale=0.012 aubioScale=2.15 aubioThresh=0.043 onsetSilence=-75.0 pitchSilence=-80.0
2025-12-01 06:43:08 [tracker] [s4] configure sr=48000.0 hop=512 fft=4096 low=127.4 high=862.4
2025-12-01 06:43:08 [tracker] [s4] params baseline=0.000320 gate=0.1700 envFloor=0.000780 sustain=1.000 retrigger=1.000 peakRelease=0.160 pitchTol=0.440 onsetScale=0.014 aubioScale=2.35 aubioThresh=0.047 onsetSilence=-75.0 pitchSilence=-80.0
2025-12-01 06:43:08 [tracker] [s5] configure sr=48000.0 hop=512 fft=2048 low=160.5 high=1086.5
2025-12-01 06:43:08 [tracker] [s5] params baseline=0.000370 gate=0.2100 envFloor=0.000900 sustain=1.000 retrigger=1.000 peakRelease=0.180 pitchTol=0.500 onsetScale=0.016 aubioScale=2.45 aubioThresh=0.049 onsetSilence=-75.0 pitchSilence=-80.0
2025-12-01 06:43:08 [tracker] [s6] configure sr=48000.0 hop=512 fft=2048 low=214.3 high=1450.4
2025-12-01 06:43:08 [tracker] [s6] params baseline=0.000420 gate=0.2500 envFloor=0.001050 sustain=1.000 retrigger=1.000 peakRelease=0.200 pitchTol=0.550 onsetScale=0.018 aubioScale=3.00 aubioThresh=0.060 onsetSilence=-75.0 pitchSilence=-80.0
2025-12-01 06:43:08 [tracker] [s1] configure sr=48000.0 hop=512 fft=4096 low=37.1 high=445.0
2025-12-01 06:43:08 [tracker] [s1] params baseline=0.000180 gate=0.0550 envFloor=0.000450 sustain=0.580 retrigger=1.400 peakRelease=0.120 pitchTol=0.400 onsetScale=0.006 aubioScale=1.75 aubioThresh=0.035 onsetSilence=-85.0 pitchSilence=-90.0
2025-12-01 06:43:08 [tracker] [s2] configure sr=48000.0 hop=512 fft=4096 low=55.0 high=563.2
2025-12-01 06:43:08 [tracker] [s2] params baseline=0.000220 gate=0.1000 envFloor=0.000550 sustain=0.700 retrigger=1.250 peakRelease=0.130 pitchTol=0.400 onsetScale=0.009 aubioScale=2.00 aubioThresh=0.040 onsetSilence=-85.0 pitchSilence=-90.0
2025-12-01 06:43:08 [tracker] [s3] configure sr=48000.0 hop=512 fft=4096 low=85.2 high=693.0
2025-12-01 06:43:08 [tracker] [s3] params baseline=0.000260 gate=0.1300 envFloor=0.000650 sustain=0.820 retrigger=1.100 peakRelease=0.140 pitchTol=0.450 onsetScale=0.012 aubioScale=2.25 aubioThresh=0.045 onsetSilence=-75.0 pitchSilence=-80.0
2025-12-01 06:43:08 [tracker] [s4] configure sr=48000.0 hop=512 fft=4096 low=127.4 high=862.4
2025-12-01 06:43:08 [tracker] [s4] params baseline=0.000320 gate=0.1700 envFloor=0.000780 sustain=1.000 retrigger=1.000 peakRelease=0.160 pitchTol=0.440 onsetScale=0.014 aubioScale=2.45 aubioThresh=0.049 onsetSilence=-75.0 pitchSilence=-80.0
2025-12-01 06:43:08 [tracker] [s5] configure sr=48000.0 hop=512 fft=2048 low=160.5 high=1086.5
2025-12-01 06:43:08 [tracker] [s5] params baseline=0.000370 gate=0.2100 envFloor=0.000900 sustain=1.000 retrigger=1.000 peakRelease=0.180 pitchTol=0.500 onsetScale=0.016 aubioScale=2.45 aubioThresh=0.049 onsetSilence=-75.0 pitchSilence=-80.0
2025-12-01 06:43:08 [tracker] [s6] configure sr=48000.0 hop=512 fft=2048 low=214.3 high=1450.4
2025-12-01 06:43:08 [tracker] [s6] params baseline=0.000420 gate=0.2500 envFloor=0.001050 sustain=1.000 retrigger=1.000 peakRelease=0.200 pitchTol=0.550 onsetScale=0.018 aubioScale=3.00 aubioThresh=0.060 onsetSilence=-75.0 pitchSilence=-80.0
2025-12-01 06:43:08 [tracker] [s1] configure sr=48000.0 hop=512 fft=4096 low=37.1 high=445.0
2025-12-01 06:43:08 [tracker] [s1] params baseline=0.000180 gate=0.0550 envFloor=0.000450 sustain=0.580 retrigger=1.400 peakRelease=0.120 pitchTol=0.400 onsetScale=0.006 aubioScale=1.85 aubioThresh=0.037 onsetSilence=-85.0 pitchSilence=-90.0
2025-12-01 06:43:08 [tracker] [s2] configure sr=48000.0 hop=512 fft=4096 low=55.0 high=563.2
2025-12-01 06:43:08 [tracker] [s2] params baseline=0.000220 gate=0.1000 envFloor=0.000550 sustain=0.700 retrigger=1.250 peakRelease=0.130 pitchTol=0.400 onsetScale=0.009 aubioScale=2.25 aubioThresh=0.045 onsetSilence=-85.0 pitchSilence=-90.0
2025-12-01 06:43:08 [tracker] [s3] configure sr=48000.0 hop=512 fft=4096 low=85.2 high=693.0
2025-12-01 06:43:08 [tracker] [s3] params baseline=0.000260 gate=0.1300 envFloor=0.000650 sustain=0.820 retrigger=1.100 peakRelease=0.140 pitchTol=0.450 onsetScale=0.012 aubioScale=2.50 aubioThresh=0.050 onsetSilence=-75.0 pitchSilence=-80.0
2025-12-01 06:43:08 [tracker] [s4] configure sr=48000.0 hop=512 fft=4096 low=127.4 high=862.4
2025-12-01 06:43:08 [tracker] [s4] params baseline=0.000320 gate=0.1700 envFloor=0.000780 sustain=1.000 retrigger=1.000 peakRelease=0.160 pitchTol=0.440 onsetScale=0.014 aubioScale=2.70 aubioThresh=0.054 onsetSilence=-75.0 pitchSilence=-80.0
2025-12-01 06:43:08 [tracker] [s5] configure sr=48000.0 hop=512 fft=2048 low=160.5 high=1086.5
2025-12-01 06:43:08 [tracker] [s5] params baseline=0.000370 gate=0.2100 envFloor=0.000900 sustain=1.000 retrigger=1.000 peakRelease=0.180 pitchTol=0.500 onsetScale=0.016 aubioScale=2.90 aubioThresh=0.058 onsetSilence=-75.0 pitchSilence=-80.0
2025-12-01 06:43:08 [tracker] [s6] configure sr=48000.0 hop=512 fft=2048 low=214.3 high=1450.4
2025-12-01 06:43:08 [tracker] [s6] params baseline=0.000420 gate=0.2500 envFloor=0.001050 sustain=1.000 retrigger=1.000 peakRelease=0.200 pitchTol=0.550 onsetScale=0.018 aubioScale=3.00 aubioThresh=0.060 onsetSilence=-75.0 pitchSilence=-80.0
2025-12-01 06:43:08 [tracker] [s1] configure sr=48000.0 hop=512 fft=4096 low=37.1 high=445.0
2025-12-01 06:43:08 [tracker] [s1] params baseline=0.000180 gate=0.0550 envFloor=0.000450 sustain=0.580 retrigger=1.400 peakRelease=0.120 pitchTol=0.400 onsetScale=0.006 aubioScale=2.10 aubioThresh=0.042 onsetSilence=-85.0 pitchSilence=-90.0
2025-12-01 06:43:08 [tracker] [s2] configure sr=48000.0 hop=512 fft=4096 low=55.0 high=563.2
2025-12-01 06:43:08 [tracker] [s2] params baseline=0.000220 gate=0.1000 envFloor=0.000550 sustain=0.700 retrigger=1.250 peakRelease=0.130 pitchTol=0.400 onsetScale=0.009 aubioScale=2.45 aubioThresh=0.049 onsetSilence=-85.0 pitchSilence=-90.0
2025-12-01 06:43:08 [tracker] [s3] configure sr=48000.0 hop=512 fft=4096 low=85.2 high=693.0
2025-12-01 06:43:08 [tracker] [s3] params baseline=0.000260 gate=0.1300 envFloor=0.000650 sustain=0.820 retrigger=1.100 peakRelease=0.140 pitchTol=0.450 onsetScale=0.012 aubioScale=2.70 aubioThresh=0.054 onsetSilence=-75.0 pitchSilence=-80.0
2025-12-01 06:43:08 [tracker] [s4] configure sr=48000.0 hop=512 fft=4096 low=127.4 high=862.4
2025-12-01 06:43:08 [tracker] [s4] params baseline=0.000320 gate=0.1700 envFloor=0.000780 sustain=1.000 retrigger=1.000 peakRelease=0.160 pitchTol=0.440 onsetScale=0.014 aubioScale=2.90 aubioThresh=0.058 onsetSilence=-75.0 pitchSilence=-80.0
2025-12-01 06:43:08 [tracker] [s5] configure sr=48000.0 hop=512 fft=2048 low=160.5 high=1086.5
2025-12-01 06:43:08 [tracker] [s5] params baseline=0.000370 gate=0.2100 envFloor=0.000900 sustain=1.000 retrigger=1.000 peakRelease=0.180 pitchTol=0.500 onsetScale=0.016 aubioScale=3.00 aubioThresh=0.060 onsetSilence=-75.0 pitchSilence=-80.0
2025-12-01 06:43:08 [tracker] [s6] configure sr=48000.0 hop=512 fft=2048 low=214.3 high=1450.4
2025-12-01 06:43:08 [tracker] [s6] params baseline=0.000420 gate=0.2500 envFloor=0.001050 sustain=1.000 retrigger=1.000 peakRelease=0.200 pitchTol=0.550 onsetScale=0.018 aubioScale=3.00 aubioThresh=0.060 onsetSilence=-75.0 pitchSilence=-80.0
2025-12-01 06:43:08 [tracker] [s1] configure sr=48000.0 hop=512 fft=4096 low=37.1 high=445.0
2025-12-01 06:43:08 [tracker] [s1] params baseline=0.000180 gate=0.0550 envFloor=0.000450 sustain=0.580 retrigger=1.400 peakRelease=0.120 pitchTol=0.400 onsetScale=0.006 aubioScale=2.30 aubioThresh=0.046 onsetSilence=-85.0 pitchSilence=-90.0
2025-12-01 06:43:08 [tracker] [s2] configure sr=48000.0 hop=512 fft=4096 low=55.0 high=563.2
2025-12-01 06:43:08 [tracker] [s2] params baseline=0.000220 gate=0.1000 envFloor=0.000550 sustain=0.700 retrigger=1.250 peakRelease=0.130 pitchTol=0.400 onsetScale=0.009 aubioScale=2.55 aubioThresh=0.051 onsetSilence=-85.0 pitchSilence=-90.0
2025-12-01 06:43:08 [tracker] [s3] configure sr=48000.0 hop=512 fft=4096 low=85.2 high=693.0
2025-12-01 06:43:08 [tracker] [s3] params baseline=0.000260 gate=0.1300 envFloor=0.000650 sustain=0.820 retrigger=1.100 peakRelease=0.140 pitchTol=0.450 onsetScale=0.012 aubioScale=2.80 aubioThresh=0.056 onsetSilence=-75.0 pitchSilence=-80.0
2025-12-01 06:43:08 [tracker] [s4] configure sr=48000.0 hop=512 fft=4096 low=127.4 high=862.4
2025-12-01 06:43:08 [tracker] [s4] params baseline=0.000320 gate=0.1700 envFloor=0.000780 sustain=1.000 retrigger=1.000 peakRelease=0.160 pitchTol=0.440 onsetScale=0.014 aubioScale=3.00 aubioThresh=0.060 onsetSilence=-75.0 pitchSilence=-80.0
2025-12-01 06:43:08 [tracker] [s5] configure sr=48000.0 hop=512 fft=2048 low=160.5 high=1086.5
2025-12-01 06:43:08 [tracker] [s5] params baseline=0.000370 gate=0.2100 envFloor=0.000900 sustain=1.000 retrigger=1.000 peakRelease=0.180 pitchTol=0.500 onsetScale=0.016 aubioScale=3.00 aubioThresh=0.060 onsetSilence=-75.0 pitchSilence=-80.0
2025-12-01 06:43:08 [tracker] [s6] configure sr=48000.0 hop=512 fft=2048 low=214.3 high=1450.4
2025-12-01 06:43:08 [tracker] [s6] params baseline=0.000420 gate=0.2500 envFloor=0.001050 sustain=1.000 retrigger=1.000 peakRelease=0.200 pitchTol=0.550 onsetScale=0.018 aubioScale=3.00 aubioThresh=0.060 onsetSilence=-75.0 pitchSilence=-80.0
2025-12-01 06:43:08 [tracker] [s1] configure sr=48000.0 hop=512 fft=4096 low=37.1 high=445.0
2025-12-01 06:43:08 [tracker] [s1] params baseline=0.000180 gate=0.0550 envFloor=0.000450 sustain=0.580 retrigger=1.400 peakRelease=0.120 pitchTol=0.400 onsetScale=0.006 aubioScale=2.40 aubioThresh=0.048 onsetSilence=-85.0 pitchSilence=-90.0
2025-12-01 06:43:09 [tracker] [s3] configure sr=48000.0 hop=512 fft=4096 low=85.2 high=693.0
2025-12-01 06:43:09 [tracker] [s3] params baseline=0.000260 gate=0.1300 envFloor=0.000650 sustain=0.820 retrigger=1.100 peakRelease=0.140 pitchTol=0.450 onsetScale=0.012 aubioScale=2.80 aubioThresh=0.056 onsetSilence=-75.0 pitchSilence=-80.0
2025-12-01 06:43:09 [tracker] [s4] configure sr=48000.0 hop=512 fft=4096 low=127.4 high=862.4
2025-12-01 06:43:09 [tracker] [s4] params baseline=0.000320 gate=0.1700 envFloor=0.000780 sustain=1.000 retrigger=1.000 peakRelease=0.160 pitchTol=0.440 onsetScale=0.014 aubioScale=3.00 aubioThresh=0.060 onsetSilence=-75.0 pitchSilence=-80.0
2025-12-01 06:43:09 [tracker] [s5] configure sr=48000.0 hop=512 fft=2048 low=160.5 high=1086.5
2025-12-01 06:43:09 [tracker] [s5] params baseline=0.000370 gate=0.2100 envFloor=0.000900 sustain=1.000 retrigger=1.000 peakRelease=0.180 pitchTol=0.500 onsetScale=0.016 aubioScale=3.00 aubioThresh=0.060 onsetSilence=-75.0 pitchSilence=-80.0
2025-12-01 06:43:09 [tracker] [s6] configure sr=48000.0 hop=512 fft=2048 low=214.3 high=1450.4
2025-12-01 06:43:09 [tracker] [s6] params baseline=0.000420 gate=0.2500 envFloor=0.001050 sustain=1.000 retrigger=1.000 peakRelease=0.200 pitchTol=0.550 onsetScale=0.018 aubioScale=3.00 aubioThresh=0.060 onsetSilence=-75.0 pitchSilence=-80.0
2025-12-01 06:43:09 [tracker] [s1] configure sr=48000.0 hop=512 fft=4096 low=37.1 high=445.0
2025-12-01 06:43:09 [tracker] [s1] params baseline=0.000180 gate=0.0550 envFloor=0.000450 sustain=0.580 retrigger=1.400 peakRelease=0.120 pitchTol=0.400 onsetScale=0.006 aubioScale=2.40 aubioThresh=0.048 onsetSilence=-85.0 pitchSilence=-90.0
2025-12-01 06:43:09 [tracker] [s2] configure sr=48000.0 hop=512 fft=4096 low=55.0 high=563.2
2025-12-01 06:43:09 [tracker] [s2] params baseline=0.000220 gate=0.1000 envFloor=0.000550 sustain=0.700 retrigger=1.250 peakRelease=0.130 pitchTol=0.400 onsetScale=0.009 aubioScale=2.55 aubioThresh=0.051 onsetSilence=-85.0 pitchSilence=-90.0
2025-12-01 06:43:09 [tracker] [s2] onset t=27.418 env=0.01458 baseline=0.00926 gate=0.00093 envFloor=0.00787 onset=0.662>=0.009
2025-12-01 06:43:09 [tracker] [s2] onset t=27.503 env=0.01769 baseline=0.00926 gate=0.00093 envFloor=0.00787 onset=1.250>=0.009
2025-12-01 06:43:09 [tracker] [s2] note-start t=27.503 fret=5 midi=50 vel=0.21 env=0.01769
2025-12-01 06:43:09 [tracker] [s4] onset t=27.706 env=0.00227 baseline=0.01106 gate=0.00188 envFloor=0.00171 onset=1.195>=0.014
2025-12-01 06:43:09 [tracker] [s3] onset t=27.791 env=0.01704 baseline=0.01585 gate=0.00206 envFloor=0.01347 onset=0.997>=0.012
2025-12-01 06:43:09 [tracker] [s3] note-start t=27.791 fret=7 midi=57 vel=0.20 env=0.01704
2025-12-01 06:43:09 [tracker] [s2] onset t=27.941 env=0.01263 baseline=0.01296 gate=0.00130 envFloor=0.00787 onset=1.090>=0.009
2025-12-01 06:43:09 [tracker] [s2] note-ended (new onset) t=27.941 fret=5 dur=0.437
2025-12-01 06:43:09 [tracker] [s2] note-start t=27.941 fret=5 midi=50 vel=0.15 env=0.01263
2025-12-01 06:43:09 [tracker] [s3] release-retrigger t=27.941 onset=1.218 gate=0.015 age=0.149
2025-12-01 06:43:09 [tracker] [s3] note-ended t=27.941 fret=7 dur=0.149
2025-12-01 06:43:09 [tracker] [s4] onset t=27.973 env=0.04673 baseline=0.01281 gate=0.00218 envFloor=0.00896 onset=0.887>=0.014
2025-12-01 06:43:09 [tracker] [s4] onset t=28.058 env=0.03145 baseline=0.04041 gate=0.00687 envFloor=0.01126 onset=1.281>=0.014
2025-12-01 06:43:09 [tracker] [s4] note-ended (new onset) t=28.058 fret=8 dur=0.085
2025-12-01 06:43:09 [tracker] [s4] note-start t=28.058 fret=7 midi=62 vel=0.38 env=0.03145
2025-12-01 06:43:10 [tracker] [s2] configure sr=48000.0 hop=512 fft=4096 low=55.0 high=563.2
2025-12-01 06:43:10 [tracker] [s2] params baseline=0.000220 gate=0.1000 envFloor=0.000550 sustain=0.700 retrigger=1.250 peakRelease=0.130 pitchTol=0.400 onsetScale=0.009 aubioScale=2.55 aubioThresh=0.051 onsetSilence=-85.0 pitchSilence=-90.0
2025-12-01 06:43:10 [tracker] [s2] release-retrigger t=28.485 onset=4.000 gate=0.010 age=0.544
2025-12-01 06:43:10 [tracker] [s2] note-ended t=28.485 fret=5 dur=0.544
2025-12-01 06:43:10 [tracker] [s3] configure sr=48000.0 hop=512 fft=4096 low=85.2 high=693.0
2025-12-01 06:43:10 [tracker] [s3] params baseline=0.000260 gate=0.1300 envFloor=0.000650 sustain=0.820 retrigger=1.100 peakRelease=0.140 pitchTol=0.450 onsetScale=0.012 aubioScale=2.80 aubioThresh=0.056 onsetSilence=-75.0 pitchSilence=-80.0
2025-12-01 06:43:10 [tracker] [s4] configure sr=48000.0 hop=512 fft=4096 low=127.4 high=862.4
2025-12-01 06:43:10 [tracker] [s4] params baseline=0.000320 gate=0.1700 envFloor=0.000780 sustain=1.000 retrigger=1.000 peakRelease=0.160 pitchTol=0.440 onsetScale=0.014 aubioScale=3.00 aubioThresh=0.060 onsetSilence=-75.0 pitchSilence=-80.0
2025-12-01 06:43:10 [tracker] [s4] onset t=28.485 env=0.01104 baseline=0.02316 gate=0.00394 envFloor=0.00733 onset=4.000>=0.014
2025-12-01 06:43:10 [tracker] [s4] note-ended (new onset) t=28.485 fret=7 dur=0.427
2025-12-01 06:43:10 [tracker] [s5] configure sr=48000.0 hop=512 fft=2048 low=160.5 high=1086.5
2025-12-01 06:43:10 [tracker] [s5] params baseline=0.000370 gate=0.2100 envFloor=0.000900 sustain=1.000 retrigger=1.000 peakRelease=0.180 pitchTol=0.500 onsetScale=0.016 aubioScale=3.00 aubioThresh=0.060 onsetSilence=-75.0 pitchSilence=-80.0
2025-12-01 06:43:10 [tracker] [s6] configure sr=48000.0 hop=512 fft=2048 low=214.3 high=1450.4
2025-12-01 06:43:10 [tracker] [s6] params baseline=0.000420 gate=0.2500 envFloor=0.001050 sustain=1.000 retrigger=1.000 peakRelease=0.200 pitchTol=0.550 onsetScale=0.018 aubioScale=3.00 aubioThresh=0.060 onsetSilence=-75.0 pitchSilence=-80.0
2025-12-01 06:43:10 [tracker] [s1] configure sr=48000.0 hop=512 fft=4096 low=37.1 high=445.0
2025-12-01 06:43:10 [tracker] [s1] params baseline=0.000180 gate=0.0550 envFloor=0.000450 sustain=0.580 retrigger=1.400 peakRelease=0.120 pitchTol=0.400 onsetScale=0.006 aubioScale=2.40 aubioThresh=0.048 onsetSilence=-85.0 pitchSilence=-90.0
2025-12-01 06:43:10 [tracker] [s2] configure sr=48000.0 hop=512 fft=4096 low=55.0 high=563.2
2025-12-01 06:43:10 [tracker] [s2] params baseline=0.000220 gate=0.1000 envFloor=0.000550 sustain=0.700 retrigger=1.250 peakRelease=0.130 pitchTol=0.400 onsetScale=0.009 aubioScale=2.55 aubioThresh=0.051 onsetSilence=-85.0 pitchSilence=-90.0
2025-12-01 06:43:10 [tracker] [s3] configure sr=48000.0 hop=512 fft=4096 low=85.2 high=693.0
2025-12-01 06:43:10 [tracker] [s3] params baseline=0.000260 gate=0.1300 envFloor=0.000650 sustain=0.820 retrigger=1.100 peakRelease=0.140 pitchTol=0.450 onsetScale=0.012 aubioScale=2.80 aubioThresh=0.056 onsetSilence=-75.0 pitchSilence=-80.0
2025-12-01 06:43:10 [tracker] [s4] configure sr=48000.0 hop=512 fft=4096 low=127.4 high=862.4
2025-12-01 06:43:10 [tracker] [s4] params baseline=0.000320 gate=0.1700 envFloor=0.000780 sustain=1.000 retrigger=1.000 peakRelease=0.160 pitchTol=0.440 onsetScale=0.014 aubioScale=3.00 aubioThresh=0.060 onsetSilence=-75.0 pitchSilence=-80.0
2025-12-01 06:43:10 [tracker] [s4] onset t=28.506 env=0.01106 baseline=0.02293 gate=0.00390 envFloor=0.00712 onset=4.000>=0.014
2025-12-01 06:43:10 [tracker] [s5] configure sr=48000.0 hop=512 fft=2048 low=160.5 high=1086.5
2025-12-01 06:43:10 [tracker] [s5] params baseline=0.000370 gate=0.2100 envFloor=0.000900 sustain=1.000 retrigger=1.000 peakRelease=0.180 pitchTol=0.500 onsetScale=0.016 aubioScale=3.00 aubioThresh=0.060 onsetSilence=-75.0 pitchSilence=-80.0
2025-12-01 06:43:10 [tracker] [s6] configure sr=48000.0 hop=512 fft=2048 low=214.3 high=1450.4
2025-12-01 06:43:10 [tracker] [s6] params baseline=0.000420 gate=0.2500 envFloor=0.001050 sustain=1.000 retrigger=1.000 peakRelease=0.200 pitchTol=0.550 onsetScale=0.018 aubioScale=3.00 aubioThresh=0.060 onsetSilence=-75.0 pitchSilence=-80.0
2025-12-01 06:43:10 [tracker] [s1] configure sr=48000.0 hop=512 fft=4096 low=37.1 high=445.0
2025-12-01 06:43:10 [tracker] [s1] params baseline=0.000180 gate=0.0550 envFloor=0.000450 sustain=0.580 retrigger=1.400 peakRelease=0.120 pitchTol=0.400 onsetScale=0.006 aubioScale=2.40 aubioThresh=0.048 onsetSilence=-85.0 pitchSilence=-90.0
2025-12-01 06:43:10 [tracker] [s2] configure sr=48000.0 hop=512 fft=4096 low=55.0 high=563.2
2025-12-01 06:43:10 [tracker] [s2] params baseline=0.000220 gate=0.1000 envFloor=0.000550 sustain=0.700 retrigger=1.250 peakRelease=0.130 pitchTol=0.400 onsetScale=0.009 aubioScale=2.55 aubioThresh=0.051 onsetSilence=-85.0 pitchSilence=-90.0
2025-12-01 06:43:10 [tracker] [s1] configure sr=48000.0 hop=512 fft=4096 low=37.1 high=445.0
2025-12-01 06:43:10 [tracker] [s1] params baseline=0.000180 gate=0.0550 envFloor=0.000450 sustain=0.580 retrigger=1.400 peakRelease=0.120 pitchTol=0.400 onsetScale=0.006 aubioScale=2.40 aubioThresh=0.048 onsetSilence=-85.0 pitchSilence=-90.0
2025-12-01 06:43:10 [tracker] [s2] configure sr=48000.0 hop=512 fft=4096 low=55.0 high=563.2
2025-12-01 06:43:10 [tracker] [s2] params baseline=0.000220 gate=0.1000 envFloor=0.000550 sustain=0.700 retrigger=1.250 peakRelease=0.130 pitchTol=0.400 onsetScale=0.009 aubioScale=2.55 aubioThresh=0.051 onsetSilence=-85.0 pitchSilence=-90.0
2025-12-01 06:43:10 [tracker] [s3] configure sr=48000.0 hop=512 fft=4096 low=85.2 high=693.0
2025-12-01 06:43:10 [tracker] [s3] params baseline=0.000260 gate=0.1300 envFloor=0.000650 sustain=0.820 retrigger=1.100 peakRelease=0.140 pitchTol=0.450 onsetScale=0.012 aubioScale=2.80 aubioThresh=0.056 onsetSilence=-75.0 pitchSilence=-80.0
2025-12-01 06:43:10 [tracker] [s4] configure sr=48000.0 hop=512 fft=4096 low=127.4 high=862.4
2025-12-01 06:43:10 [tracker] [s4] params baseline=0.000320 gate=0.1700 envFloor=0.000780 sustain=1.000 retrigger=1.000 peakRelease=0.160 pitchTol=0.440 onsetScale=0.014 aubioScale=3.00 aubioThresh=0.060 onsetSilence=-75.0 pitchSilence=-80.0
2025-12-01 06:43:10 [tracker] [s4] onset t=28.527 env=0.01052 baseline=0.02270 gate=0.00386 envFloor=0.00692 onset=4.000>=0.014
2025-12-01 06:43:10 [tracker] [s5] configure sr=48000.0 hop=512 fft=2048 low=160.5 high=1086.5
2025-12-01 06:43:10 [tracker] [s5] params baseline=0.000370 gate=0.2100 envFloor=0.000900 sustain=1.000 retrigger=1.000 peakRelease=0.180 pitchTol=0.500 onsetScale=0.016 aubioScale=3.00 aubioThresh=0.060 onsetSilence=-75.0 pitchSilence=-80.0
2025-12-01 06:43:10 [tracker] [s6] configure sr=48000.0 hop=512 fft=2048 low=214.3 high=1450.4
2025-12-01 06:43:10 [tracker] [s6] params baseline=0.000420 gate=0.2500 envFloor=0.001050 sustain=1.000 retrigger=1.000 peakRelease=0.200 pitchTol=0.550 onsetScale=0.018 aubioScale=3.00 aubioThresh=0.060 onsetSilence=-75.0 pitchSilence=-80.0
2025-12-01 06:43:10 [tracker] [s3] configure sr=48000.0 hop=512 fft=4096 low=85.2 high=693.0
2025-12-01 06:43:10 [tracker] [s3] params baseline=0.000260 gate=0.1300 envFloor=0.000650 sustain=0.820 retrigger=1.100 peakRelease=0.140 pitchTol=0.450 onsetScale=0.012 aubioScale=2.85 aubioThresh=0.057 onsetSilence=-75.0 pitchSilence=-80.0
2025-12-01 06:43:10 [tracker] [s4] configure sr=48000.0 hop=512 fft=4096 low=127.4 high=862.4
2025-12-01 06:43:10 [tracker] [s4] params baseline=0.000320 gate=0.1700 envFloor=0.000780 sustain=1.000 retrigger=1.000 peakRelease=0.160 pitchTol=0.440 onsetScale=0.014 aubioScale=3.00 aubioThresh=0.060 onsetSilence=-75.0 pitchSilence=-80.0
2025-12-01 06:43:10 [tracker] [s4] onset t=28.538 env=0.01038 baseline=0.02259 gate=0.00384 envFloor=0.00682 onset=4.000>=0.014
2025-12-01 06:43:10 [tracker] [s5] configure sr=48000.0 hop=512 fft=2048 low=160.5 high=1086.5
2025-12-01 06:43:10 [tracker] [s5] params baseline=0.000370 gate=0.2100 envFloor=0.000900 sustain=1.000 retrigger=1.000 peakRelease=0.180 pitchTol=0.500 onsetScale=0.016 aubioScale=3.00 aubioThresh=0.060 onsetSilence=-75.0 pitchSilence=-80.0
2025-12-01 06:43:10 [tracker] [s6] configure sr=48000.0 hop=512 fft=2048 low=214.3 high=1450.4
2025-12-01 06:43:10 [tracker] [s6] params baseline=0.000420 gate=0.2500 envFloor=0.001050 sustain=1.000 retrigger=1.000 peakRelease=0.200 pitchTol=0.550 onsetScale=0.018 aubioScale=3.00 aubioThresh=0.060 onsetSilence=-75.0 pitchSilence=-80.0
2025-12-01 06:43:10 [tracker] [s1] configure sr=48000.0 hop=512 fft=4096 low=37.1 high=445.0
2025-12-01 06:43:10 [tracker] [s1] params baseline=0.000180 gate=0.0550 envFloor=0.000450 sustain=0.580 retrigger=1.400 peakRelease=0.120 pitchTol=0.400 onsetScale=0.006 aubioScale=2.45 aubioThresh=0.049 onsetSilence=-85.0 pitchSilence=-90.0
2025-12-01 06:43:10 [tracker] [s2] configure sr=48000.0 hop=512 fft=4096 low=55.0 high=563.2
2025-12-01 06:43:10 [tracker] [s2] params baseline=0.000220 gate=0.1000 envFloor=0.000550 sustain=0.700 retrigger=1.250 peakRelease=0.130 pitchTol=0.400 onsetScale=0.009 aubioScale=2.60 aubioThresh=0.052 onsetSilence=-85.0 pitchSilence=-90.0
2025-12-01 06:43:10 [tracker] [s3] configure sr=48000.0 hop=512 fft=4096 low=85.2 high=693.0
2025-12-01 06:43:10 [tracker] [s3] params baseline=0.000260 gate=0.1300 envFloor=0.000650 sustain=0.820 retrigger=1.100 peakRelease=0.140 pitchTol=0.450 onsetScale=0.012 aubioScale=2.85 aubioThresh=0.057 onsetSilence=-75.0 pitchSilence=-80.0
2025-12-01 06:43:10 [tracker] [s4] configure sr=48000.0 hop=512 fft=4096 low=127.4 high=862.4
2025-12-01 06:43:10 [tracker] [s4] params baseline=0.000320 gate=0.1700 envFloor=0.000780 sustain=1.000 retrigger=1.000 peakRelease=0.160 pitchTol=0.440 onsetScale=0.014 aubioScale=3.00 aubioThresh=0.060 onsetSilence=-75.0 pitchSilence=-80.0
2025-12-01 06:43:10 [tracker] [s4] onset t=28.549 env=0.00996 baseline=0.02247 gate=0.00382 envFloor=0.00672 onset=4.000>=0.014
2025-12-01 06:43:10 [tracker] [s5] configure sr=48000.0 hop=512 fft=2048 low=160.5 high=1086.5
2025-12-01 06:43:10 [tracker] [s5] params baseline=0.000370 gate=0.2100 envFloor=0.000900 sustain=1.000 retrigger=1.000 peakRelease=0.180 pitchTol=0.500 onsetScale=0.016 aubioScale=3.00 aubioThresh=0.060 onsetSilence=-75.0 pitchSilence=-80.0
2025-12-01 06:43:10 [tracker] [s6] configure sr=48000.0 hop=512 fft=2048 low=214.3 high=1450.4
2025-12-01 06:43:10 [tracker] [s6] params baseline=0.000420 gate=0.2500 envFloor=0.001050 sustain=1.000 retrigger=1.000 peakRelease=0.200 pitchTol=0.550 onsetScale=0.018 aubioScale=3.00 aubioThresh=0.060 onsetSilence=-75.0 pitchSilence=-80.0
2025-12-01 06:43:10 [tracker] [s1] configure sr=48000.0 hop=512 fft=4096 low=37.1 high=445.0
2025-12-01 06:43:10 [tracker] [s1] params baseline=0.000180 gate=0.0550 envFloor=0.000450 sustain=0.580 retrigger=1.400 peakRelease=0.120 pitchTol=0.400 onsetScale=0.006 aubioScale=2.45 aubioThresh=0.049 onsetSilence=-85.0 pitchSilence=-90.0
2025-12-01 06:43:10 [tracker] [s2] configure sr=48000.0 hop=512 fft=4096 low=55.0 high=563.2
2025-12-01 06:43:10 [tracker] [s2] params baseline=0.000220 gate=0.1000 envFloor=0.000550 sustain=0.700 retrigger=1.250 peakRelease=0.130 pitchTol=0.400 onsetScale=0.009 aubioScale=2.60 aubioThresh=0.052 onsetSilence=-85.0 pitchSilence=-90.0
2025-12-01 06:43:10 [tracker] [s3] configure sr=48000.0 hop=512 fft=4096 low=85.2 high=693.0
2025-12-01 06:43:10 [tracker] [s3] params baseline=0.000260 gate=0.1300 envFloor=0.000650 sustain=0.820 retrigger=1.100 peakRelease=0.140 pitchTol=0.450 onsetScale=0.012 aubioScale=2.95 aubioThresh=0.059 onsetSilence=-75.0 pitchSilence=-80.0
2025-12-01 06:43:10 [tracker] [s4] configure sr=48000.0 hop=512 fft=4096 low=127.4 high=862.4
2025-12-01 06:43:10 [tracker] [s4] params baseline=0.000320 gate=0.1700 envFloor=0.000780 sustain=1.000 retrigger=1.000 peakRelease=0.160 pitchTol=0.440 onsetScale=0.014 aubioScale=3.00 aubioThresh=0.060 onsetSilence=-75.0 pitchSilence=-80.0
2025-12-01 06:43:10 [tracker] [s4] onset t=28.559 env=0.01016 baseline=0.02236 gate=0.00380 envFloor=0.00663 onset=4.000>=0.014
2025-12-01 06:43:10 [tracker] [s5] configure sr=48000.0 hop=512 fft=2048 low=160.5 high=1086.5
2025-12-01 06:43:10 [tracker] [s5] params baseline=0.000370 gate=0.2100 envFloor=0.000900 sustain=1.000 retrigger=1.000 peakRelease=0.180 pitchTol=0.500 onsetScale=0.016 aubioScale=3.00 aubioThresh=0.060 onsetSilence=-75.0 pitchSilence=-80.0
2025-12-01 06:43:10 [tracker] [s6] configure sr=48000.0 hop=512 fft=2048 low=214.3 high=1450.4
2025-12-01 06:43:10 [tracker] [s6] params baseline=0.000420 gate=0.2500 envFloor=0.001050 sustain=1.000 retrigger=1.000 peakRelease=0.200 pitchTol=0.550 onsetScale=0.018 aubioScale=3.00 aubioThresh=0.060 onsetSilence=-75.0 pitchSilence=-80.0
2025-12-01 06:43:10 [tracker] [s1] configure sr=48000.0 hop=512 fft=4096 low=37.1 high=445.0
2025-12-01 06:43:10 [tracker] [s1] params baseline=0.000180 gate=0.0550 envFloor=0.000450 sustain=0.580 retrigger=1.400 peakRelease=0.120 pitchTol=0.400 onsetScale=0.006 aubioScale=2.55 aubioThresh=0.051 onsetSilence=-85.0 pitchSilence=-90.0
2025-12-01 06:43:10 [tracker] [s2] configure sr=48000.0 hop=512 fft=4096 low=55.0 high=563.2
2025-12-01 06:43:10 [tracker] [s2] params baseline=0.000220 gate=0.1000 envFloor=0.000550 sustain=0.700 retrigger=1.250 peakRelease=0.130 pitchTol=0.400 onsetScale=0.009 aubioScale=2.70 aubioThresh=0.054 onsetSilence=-85.0 pitchSilence=-90.0
2025-12-01 06:43:10 [tracker] [s3] configure sr=48000.0 hop=512 fft=4096 low=85.2 high=693.0
2025-12-01 06:43:10 [tracker] [s3] params baseline=0.000260 gate=0.1300 envFloor=0.000650 sustain=0.820 retrigger=1.100 peakRelease=0.140 pitchTol=0.450 onsetScale=0.012 aubioScale=3.00 aubioThresh=0.060 onsetSilence=-75.0 pitchSilence=-80.0
2025-12-01 06:43:10 [tracker] [s4] configure sr=48000.0 hop=512 fft=4096 low=127.4 high=862.4
2025-12-01 06:43:10 [tracker] [s4] params baseline=0.000320 gate=0.1700 envFloor=0.000780 sustain=1.000 retrigger=1.000 peakRelease=0.160 pitchTol=0.440 onsetScale=0.014 aubioScale=3.00 aubioThresh=0.060 onsetSilence=-75.0 pitchSilence=-80.0
2025-12-01 06:43:10 [tracker] [s4] onset t=28.570 env=0.00977 baseline=0.02225 gate=0.00378 envFloor=0.00653 onset=4.000>=0.014
2025-12-01 06:43:10 [tracker] [s5] configure sr=48000.0 hop=512 fft=2048 low=160.5 high=1086.5
2025-12-01 06:43:10 [tracker] [s5] params baseline=0.000370 gate=0.2100 envFloor=0.000900 sustain=1.000 retrigger=1.000 peakRelease=0.180 pitchTol=0.500 onsetScale=0.016 aubioScale=3.00 aubioThresh=0.060 onsetSilence=-75.0 pitchSilence=-80.0
2025-12-01 06:43:10 [tracker] [s6] configure sr=48000.0 hop=512 fft=2048 low=214.3 high=1450.4
2025-12-01 06:43:10 [tracker] [s6] params baseline=0.000420 gate=0.2500 envFloor=0.001050 sustain=1.000 retrigger=1.000 peakRelease=0.200 pitchTol=0.550 onsetScale=0.018 aubioScale=3.00 aubioThresh=0.060 onsetSilence=-75.0 pitchSilence=-80.0
2025-12-01 06:43:10 [tracker] [s1] configure sr=48000.0 hop=512 fft=4096 low=37.1 high=445.0
2025-12-01 06:43:10 [tracker] [s1] params baseline=0.000180 gate=0.0550 envFloor=0.000450 sustain=0.580 retrigger=1.400 peakRelease=0.120 pitchTol=0.400 onsetScale=0.006 aubioScale=2.65 aubioThresh=0.053 onsetSilence=-85.0 pitchSilence=-90.0
2025-12-01 06:43:10 [tracker] [s2] configure sr=48000.0 hop=512 fft=4096 low=55.0 high=563.2
2025-12-01 06:43:10 [tracker] [s2] params baseline=0.000220 gate=0.1000 envFloor=0.000550 sustain=0.700 retrigger=1.250 peakRelease=0.130 pitchTol=0.400 onsetScale=0.009 aubioScale=2.80 aubioThresh=0.056 onsetSilence=-85.0 pitchSilence=-90.0
2025-12-01 06:43:10 [tracker] [s3] configure sr=48000.0 hop=512 fft=4096 low=85.2 high=693.0
2025-12-01 06:43:10 [tracker] [s3] params baseline=0.000260 gate=0.1300 envFloor=0.000650 sustain=0.820 retrigger=1.100 peakRelease=0.140 pitchTol=0.450 onsetScale=0.012 aubioScale=3.00 aubioThresh=0.060 onsetSilence=-75.0 pitchSilence=-80.0
2025-12-01 06:43:10 [tracker] [s4] configure sr=48000.0 hop=512 fft=4096 low=127.4 high=862.4
2025-12-01 06:43:10 [tracker] [s4] params baseline=0.000320 gate=0.1700 envFloor=0.000780 sustain=1.000 retrigger=1.000 peakRelease=0.160 pitchTol=0.440 onsetScale=0.014 aubioScale=3.00 aubioThresh=0.060 onsetSilence=-75.0 pitchSilence=-80.0
2025-12-01 06:43:10 [tracker] [s4] onset t=28.581 env=0.00945 baseline=0.02214 gate=0.00376 envFloor=0.00643 onset=4.000>=0.014
2025-12-01 06:43:10 [tracker] [s5] configure sr=48000.0 hop=512 fft=2048 low=160.5 high=1086.5
2025-12-01 06:43:10 [tracker] [s5] params baseline=0.000370 gate=0.2100 envFloor=0.000900 sustain=1.000 retrigger=1.000 peakRelease=0.180 pitchTol=0.500 onsetScale=0.016 aubioScale=3.00 aubioThresh=0.060 onsetSilence=-75.0 pitchSilence=-80.0
2025-12-01 06:43:10 [tracker] [s6] configure sr=48000.0 hop=512 fft=2048 low=214.3 high=1450.4
2025-12-01 06:43:10 [tracker] [s6] params baseline=0.000420 gate=0.2500 envFloor=0.001050 sustain=1.000 retrigger=1.000 peakRelease=0.200 pitchTol=0.550 onsetScale=0.018 aubioScale=3.00 aubioThresh=0.060 onsetSilence=-75.0 pitchSilence=-80.0
2025-12-01 06:43:10 [tracker] [s1] configure sr=48000.0 hop=512 fft=4096 low=37.1 high=445.0
2025-12-01 06:43:10 [tracker] [s1] params baseline=0.000180 gate=0.0550 envFloor=0.000450 sustain=0.580 retrigger=1.400 peakRelease=0.120 pitchTol=0.400 onsetScale=0.006 aubioScale=2.80 aubioThresh=0.056 onsetSilence=-85.0 pitchSilence=-90.0
2025-12-01 06:43:10 [tracker] [s2] configure sr=48000.0 hop=512 fft=4096 low=55.0 high=563.2
2025-12-01 06:43:10 [tracker] [s2] params baseline=0.000220 gate=0.1000 envFloor=0.000550 sustain=0.700 retrigger=1.250 peakRelease=0.130 pitchTol=0.400 onsetScale=0.009 aubioScale=2.95 aubioThresh=0.059 onsetSilence=-85.0 pitchSilence=-90.0
2025-12-01 06:43:10 [tracker] [s3] configure sr=48000.0 hop=512 fft=4096 low=85.2 high=693.0
2025-12-01 06:43:10 [tracker] [s3] params baseline=0.000260 gate=0.1300 envFloor=0.000650 sustain=0.820 retrigger=1.100 peakRelease=0.140 pitchTol=0.450 onsetScale=0.012 aubioScale=3.00 aubioThresh=0.060 onsetSilence=-75.0 pitchSilence=-80.0
2025-12-01 06:43:10 [tracker] [s4] configure sr=48000.0 hop=512 fft=4096 low=127.4 high=862.4
2025-12-01 06:43:10 [tracker] [s4] params baseline=0.000320 gate=0.1700 envFloor=0.000780 sustain=1.000 retrigger=1.000 peakRelease=0.160 pitchTol=0.440 onsetScale=0.014 aubioScale=3.00 aubioThresh=0.060 onsetSilence=-75.0 pitchSilence=-80.0
2025-12-01 06:43:10 [tracker] [s4] onset t=28.591 env=0.00965 baseline=0.02203 gate=0.00374 envFloor=0.00634 onset=4.000>=0.014
2025-12-01 06:43:10 [tracker] [s5] configure sr=48000.0 hop=512 fft=2048 low=160.5 high=1086.5
2025-12-01 06:43:10 [tracker] [s5] params baseline=0.000370 gate=0.2100 envFloor=0.000900 sustain=1.000 retrigger=1.000 peakRelease=0.180 pitchTol=0.500 onsetScale=0.016 aubioScale=3.00 aubioThresh=0.060 onsetSilence=-75.0 pitchSilence=-80.0
2025-12-01 06:43:10 [tracker] [s6] configure sr=48000.0 hop=512 fft=2048 low=214.3 high=1450.4
2025-12-01 06:43:10 [tracker] [s6] params baseline=0.000420 gate=0.2500 envFloor=0.001050 sustain=1.000 retrigger=1.000 peakRelease=0.200 pitchTol=0.550 onsetScale=0.018 aubioScale=3.00 aubioThresh=0.060 onsetSilence=-75.0 pitchSilence=-80.0
2025-12-01 06:43:10 [tracker] [s1] configure sr=48000.0 hop=512 fft=4096 low=37.1 high=445.0
2025-12-01 06:43:10 [tracker] [s1] params baseline=0.000180 gate=0.0550 envFloor=0.000450 sustain=0.580 retrigger=1.400 peakRelease=0.120 pitchTol=0.400 onsetScale=0.006 aubioScale=3.00 aubioThresh=0.060 onsetSilence=-85.0 pitchSilence=-90.0
2025-12-01 06:43:10 [tracker] [s2] configure sr=48000.0 hop=512 fft=4096 low=55.0 high=563.2
2025-12-01 06:43:10 [tracker] [s2] params baseline=0.000220 gate=0.1000 envFloor=0.000550 sustain=0.700 retrigger=1.250 peakRelease=0.130 pitchTol=0.400 onsetScale=0.009 aubioScale=3.00 aubioThresh=0.060 onsetSilence=-85.0 pitchSilence=-90.0
2025-12-01 06:43:10 [tracker] [s3] configure sr=48000.0 hop=512 fft=4096 low=85.2 high=693.0
2025-12-01 06:43:10 [tracker] [s3] params baseline=0.000260 gate=0.1300 envFloor=0.000650 sustain=0.820 retrigger=1.100 peakRelease=0.140 pitchTol=0.450 onsetScale=0.012 aubioScale=3.00 aubioThresh=0.060 onsetSilence=-75.0 pitchSilence=-80.0
2025-12-01 06:43:10 [tracker] [s4] configure sr=48000.0 hop=512 fft=4096 low=127.4 high=862.4
2025-12-01 06:43:10 [tracker] [s4] params baseline=0.000320 gate=0.1700 envFloor=0.000780 sustain=1.000 retrigger=1.000 peakRelease=0.160 pitchTol=0.440 onsetScale=0.014 aubioScale=3.00 aubioThresh=0.060 onsetSilence=-75.0 pitchSilence=-80.0
2025-12-01 06:43:10 [tracker] [s4] onset t=28.602 env=0.00938 baseline=0.02192 gate=0.00373 envFloor=0.00625 onset=4.000>=0.014
2025-12-01 06:43:10 [tracker] [s5] configure sr=48000.0 hop=512 fft=2048 low=160.5 high=1086.5
2025-12-01 06:43:10 [tracker] [s5] params baseline=0.000370 gate=0.2100 envFloor=0.000900 sustain=1.000 retrigger=1.000 peakRelease=0.180 pitchTol=0.500 onsetScale=0.016 aubioScale=3.00 aubioThresh=0.060 onsetSilence=-75.0 pitchSilence=-80.0
2025-12-01 06:43:10 [tracker] [s6] configure sr=48000.0 hop=512 fft=2048 low=214.3 high=1450.4
2025-12-01 06:43:10 [tracker] [s6] params baseline=0.000420 gate=0.2500 envFloor=0.001050 sustain=1.000 retrigger=1.000 peakRelease=0.200 pitchTol=0.550 onsetScale=0.018 aubioScale=3.00 aubioThresh=0.060 onsetSilence=-75.0 pitchSilence=-80.0
2025-12-01 06:43:10 [tracker] [s1] configure sr=48000.0 hop=512 fft=4096 low=37.1 high=445.0
2025-12-01 06:43:10 [tracker] [s1] params baseline=0.000180 gate=0.0550 envFloor=0.000450 sustain=0.580 retrigger=1.400 peakRelease=0.120 pitchTol=0.400 onsetScale=0.006 aubioScale=3.00 aubioThresh=0.060 onsetSilence=-85.0 pitchSilence=-90.0
2025-12-01 06:43:10 [tracker] [s2] configure sr=48000.0 hop=512 fft=4096 low=55.0 high=563.2
2025-12-01 06:43:10 [tracker] [s2] params baseline=0.000220 gate=0.1000 envFloor=0.000550 sustain=0.700 retrigger=1.250 peakRelease=0.130 pitchTol=0.400 onsetScale=0.009 aubioScale=3.00 aubioThresh=0.060 onsetSilence=-85.0 pitchSilence=-90.0
2025-12-01 06:43:10 [tracker] [s1] configure sr=48000.0 hop=512 fft=4096 low=37.1 high=445.0
2025-12-01 06:43:10 [tracker] [s1] params baseline=0.000180 gate=0.0550 envFloor=0.000450 sustain=0.580 retrigger=1.400 peakRelease=0.120 pitchTol=0.400 onsetScale=0.006 aubioScale=3.00 aubioThresh=0.060 onsetSilence=-85.0 pitchSilence=-90.0
2025-12-01 06:43:10 [tracker] [s1] onset t=28.975 env=0.01420 baseline=0.00627 gate=0.00034 envFloor=0.00533 onset=4.000>=0.006
2025-12-01 06:43:10 [tracker] [s2] params baseline=0.000220 gate=0.1000 envFloor=0.000550 sustain=0.700 retrigger=1.250 peakRelease=0.130 pitchTol=0.400 onsetScale=0.009 aubioScale=3.00 aubioThresh=0.060 onsetSilence=-85.0 pitchSilence=-90.0
2025-12-01 06:43:10 [tracker] [s3] configure sr=48000.0 hop=512 fft=4096 low=85.2 high=693.0
2025-12-01 06:43:10 [tracker] [s3] params baseline=0.000260 gate=0.1300 envFloor=0.000650 sustain=0.820 retrigger=1.100 peakRelease=0.140 pitchTol=0.450 onsetScale=0.012 aubioScale=3.00 aubioThresh=0.060 onsetSilence=-75.0 pitchSilence=-80.0
2025-12-01 06:43:10 [tracker] [s4] configure sr=48000.0 hop=512 fft=4096 low=127.4 high=862.4
2025-12-01 06:43:10 [tracker] [s4] onset t=28.975 env=0.00520 baseline=0.01839 gate=0.00313 envFloor=0.00379 onset=4.000>=0.014
2025-12-01 06:43:10 [tracker] [s5] params baseline=0.000370 gate=0.2100 envFloor=0.000900 sustain=1.000 retrigger=1.000 peakRelease=0.180 pitchTol=0.500 onsetScale=0.016 aubioScale=3.00 aubioThresh=0.060 onsetSilence=-75.0 pitchSilence=-80.0
2025-12-01 06:43:10 [tracker] [s6] configure sr=48000.0 hop=512 fft=2048 low=214.3 high=1450.4
2025-12-01 06:43:10 [tracker] [s6] params baseline=0.000420 gate=0.2500 envFloor=0.001050 sustain=1.000 retrigger=1.000 peakRelease=0.200 pitchTol=0.550 onsetScale=0.018 aubioScale=3.00 aubioThresh=0.060 onsetSilence=-75.0 pitchSilence=-80.0
2025-12-01 06:43:11 [tracker] [s1] onset t=29.519 env=0.00744 baseline=0.00627 gate=0.00034 envFloor=0.00533 onset=1.236>=0.006
2025-12-01 06:43:11 [tracker] [s1] onset t=29.658 env=0.01758 baseline=0.00929 gate=0.00051 envFloor=0.00651 onset=1.016>=0.006
2025-12-01 06:43:11 [tracker] [s1] note-start t=29.658 fret=5 midi=45 vel=0.21 env=0.01758
2025-12-01 06:43:11 [tracker] [s2] onset t=29.839 env=0.02276 baseline=0.00926 gate=0.00093 envFloor=0.00787 onset=0.838>=0.009
2025-12-01 06:43:11 [tracker] [s2] note-start t=29.839 fret=0 midi=45 vel=0.27 env=0.02276
2025-12-01 06:43:11 [tracker] [s1] onset t=29.850 env=0.01320 baseline=0.01445 gate=0.00079 envFloor=0.00611 onset=1.306>=0.006
2025-12-01 06:43:11 [tracker] [s1] note-ended (new onset) t=29.850 fret=5 dur=0.192
2025-12-01 06:43:11 [tracker] [s1] note-start t=29.850 fret=5 midi=45 vel=0.16 env=0.01320
2025-12-01 06:43:11 [tracker] [s2] onset t=29.925 env=0.01988 baseline=0.01968 gate=0.00197 envFloor=0.00787 onset=1.135>=0.009
2025-12-01 06:43:11 [tracker] [s2] note-ended (new onset) t=29.925 fret=0 dur=0.085
2025-12-01 06:43:11 [tracker] [s2] note-start t=29.925 fret=7 midi=52 vel=0.24 env=0.01988
2025-12-01 06:43:12 [tracker] [s3] onset t=30.084 env=0.01538 baseline=0.01585 gate=0.00206 envFloor=0.01347 onset=1.349>=0.012
2025-12-01 06:43:12 [tracker] [s1] onset t=30.095 env=0.01126 baseline=0.01058 gate=0.00058 envFloor=0.00533 onset=0.575>=0.006
2025-12-01 06:43:12 [tracker] [s1] note-ended (new onset) t=30.095 fret=5 dur=0.245
2025-12-01 06:43:12 [tracker] [s1] note-start t=30.095 fret=5 midi=45 vel=0.14 env=0.01126
2025-12-01 06:43:12 [tracker] [s2] onset t=30.095 env=0.01345 baseline=0.01651 gate=0.00165 envFloor=0.00787 onset=0.540>=0.009
2025-12-01 06:43:12 [tracker] [s2] note-ended (new onset) t=30.095 fret=7 dur=0.171
2025-12-01 06:43:12 [tracker] [s2] note-start t=30.095 fret=7 midi=52 vel=0.16 env=0.01345
2025-12-01 06:43:12 [tracker] [s3] onset t=30.212 env=0.02144 baseline=0.01585 gate=0.00206 envFloor=0.01347 onset=1.006>=0.012
2025-12-01 06:43:12 [tracker] [s3] note-start t=30.212 fret=7 midi=57 vel=0.26 env=0.02144
2025-12-01 06:43:12 [tracker] [s3] release-quiet t=30.628 avgEnv=0.00939 floor=0.01105 quietFrames=8
2025-12-01 06:43:12 [tracker] [s3] note-ended t=30.628 fret=7 dur=0.416
2025-12-01 06:43:13 [tracker] [s1] release-retrigger t=31.162 onset=0.995 gate=0.008 age=1.067
2025-12-01 06:43:13 [tracker] [s1] note-ended t=31.162 fret=5 dur=1.067
2025-12-01 06:43:13 [tracker] [s2] release-retrigger t=31.162 onset=0.652 gate=0.010 age=1.067
2025-12-01 06:43:13 [tracker] [s2] note-ended t=31.162 fret=7 dur=1.067
2025-12-01 06:43:13 [tracker] [s1] onset t=31.706 env=0.01649 baseline=0.00627 gate=0.00034 envFloor=0.00533 onset=0.919>=0.006
2025-12-01 06:43:14 [tracker] [s2] onset t=31.983 env=0.01512 baseline=0.00926 gate=0.00093 envFloor=0.00787 onset=0.511>=0.009
2025-12-01 06:43:14 [tracker] [s1] onset t=31.994 env=0.01216 baseline=0.00669 gate=0.00037 envFloor=0.00533 onset=1.156>=0.006
2025-12-01 06:43:14 [tracker] [s1] note-start t=31.994 fret=3 midi=43 vel=0.15 env=0.01216
2025-12-01 06:43:14 [tracker] [s3] onset t=32.239 env=0.02352 baseline=0.01585 gate=0.00206 envFloor=0.01347 onset=1.422>=0.012
2025-12-01 06:43:15 [tracker] [s1] release-retrigger t=33.210 onset=1.346 gate=0.009 age=1.216
2025-12-01 06:43:15 [tracker] [s1] note-ended t=33.210 fret=3 dur=1.216
2025-12-01 06:43:15 [tracker] [s1] onset t=33.775 env=0.01362 baseline=0.00627 gate=0.00034 envFloor=0.00533 onset=0.679>=0.006
2025-12-01 06:43:16 [tracker] [s1] onset t=34.511 env=0.00860 baseline=0.00627 gate=0.00034 envFloor=0.00533 onset=0.970>=0.006
2025-12-01 06:43:16 [tracker] [s1] note-start t=34.511 fret=0 midi=40 vel=0.10 env=0.00860
2025-12-01 06:43:16 [tracker] [s2] onset t=34.554 env=0.03464 baseline=0.00926 gate=0.00093 envFloor=0.00787 onset=1.244>=0.009
2025-12-01 06:43:16 [tracker] [s2] onset t=34.650 env=0.02677 baseline=0.01195 gate=0.00119 envFloor=0.00836 onset=0.979>=0.009
2025-12-01 06:43:16 [tracker] [s2] note-start t=34.650 fret=2 midi=47 vel=0.32 env=0.02677
2025-12-01 06:43:17 [tracker] [s1] release-retrigger t=35.300 onset=0.779 gate=0.008 age=0.789
2025-12-01 06:43:17 [tracker] [s1] note-ended t=35.300 fret=0 dur=0.789
2025-12-01 06:43:17 [tracker] [s2] onset t=35.311 env=0.00971 baseline=0.01766 gate=0.00177 envFloor=0.00787 onset=0.790>=0.009
2025-12-01 06:43:17 [tracker] [s2] note-ended (new onset) t=35.311 fret=2 dur=0.661
2025-12-01 06:43:17 [tracker] [s2] note-start t=35.311 fret=2 midi=47 vel=0.12 env=0.00971
2025-12-01 06:43:17 [tracker] [s3] onset t=35.353 env=0.02031 baseline=0.01585 gate=0.00206 envFloor=0.01347 onset=1.262>=0.012
2025-12-01 06:43:17 [tracker] [s2] release-retrigger t=35.364 onset=1.352 gate=0.011 age=0.053
2025-12-01 06:43:17 [tracker] [s2] note-ended t=35.364 fret=2 dur=0.053
2025-12-01 06:43:17 [tracker] [s3] onset t=35.449 env=0.01515 baseline=0.01585 gate=0.00206 envFloor=0.01347 onset=0.798>=0.012
2025-12-01 06:43:17 [tracker] [s3] note-start t=35.449 fret=2 midi=52 vel=0.18 env=0.01515
2025-12-01 06:43:18 [tracker] [s3] release-quiet t=35.951 avgEnv=0.00987 floor=0.01105 quietFrames=8
2025-12-01 06:43:18 [tracker] [s3] note-ended t=35.951 fret=2 dur=0.501
2025-12-01 06:43:21 [tracker] [s1] configure sr=48000.0 hop=256 fft=2048 low=37.1 high=445.0
2025-12-01 06:43:21 [tracker] [s1] params baseline=0.000180 gate=0.0550 envFloor=0.000450 sustain=0.580 retrigger=1.400 peakRelease=0.120 pitchTol=0.400 onsetScale=0.006 aubioScale=3.00 aubioThresh=0.060 onsetSilence=-85.0 pitchSilence=-90.0
2025-12-01 06:43:21 [tracker] [s2] configure sr=48000.0 hop=256 fft=2048 low=55.0 high=563.2
2025-12-01 06:43:21 [tracker] [s2] params baseline=0.000220 gate=0.1000 envFloor=0.000550 sustain=0.700 retrigger=1.250 peakRelease=0.130 pitchTol=0.400 onsetScale=0.009 aubioScale=3.00 aubioThresh=0.060 onsetSilence=-85.0 pitchSilence=-90.0
2025-12-01 06:43:21 [tracker] [s3] configure sr=48000.0 hop=256 fft=2048 low=85.2 high=693.0
2025-12-01 06:43:21 [tracker] [s3] params baseline=0.000260 gate=0.1300 envFloor=0.000650 sustain=0.820 retrigger=1.100 peakRelease=0.140 pitchTol=0.450 onsetScale=0.012 aubioScale=3.00 aubioThresh=0.060 onsetSilence=-75.0 pitchSilence=-80.0
2025-12-01 06:43:21 [tracker] [s4] configure sr=48000.0 hop=256 fft=2048 low=127.4 high=862.4
2025-12-01 06:43:21 [tracker] [s4] params baseline=0.000320 gate=0.1700 envFloor=0.000780 sustain=1.000 retrigger=1.000 peakRelease=0.160 pitchTol=0.440 onsetScale=0.014 aubioScale=3.00 aubioThresh=0.060 onsetSilence=-75.0 pitchSilence=-80.0
2025-12-01 06:43:21 [tracker] [s5] configure sr=48000.0 hop=256 fft=1024 low=160.5 high=1086.5
2025-12-01 06:43:21 [tracker] [s5] params baseline=0.000370 gate=0.2100 envFloor=0.000900 sustain=1.000 retrigger=1.000 peakRelease=0.180 pitchTol=0.500 onsetScale=0.016 aubioScale=3.00 aubioThresh=0.060 onsetSilence=-75.0 pitchSilence=-80.0
2025-12-01 06:43:21 [tracker] [s6] configure sr=48000.0 hop=256 fft=1024 low=214.3 high=1450.4
2025-12-01 06:43:21 [tracker] [s6] params baseline=0.000420 gate=0.2500 envFloor=0.001050 sustain=1.000 retrigger=1.000 peakRelease=0.200 pitchTol=0.550 onsetScale=0.018 aubioScale=3.00 aubioThresh=0.060 onsetSilence=-75.0 pitchSilence=-80.0
2025-12-01 06:43:21 [test-mode] stop session='live/c' position=0.00 duration=39.01
2025-12-01 06:43:22 [test-mode] play session='live/c' position=0.00 duration=39.01
2025-12-01 06:43:22 [tracker] [s1] configure sr=48000.0 hop=512 fft=4096 low=37.1 high=445.0
2025-12-01 06:43:22 [tracker] [s1] params baseline=0.000180 gate=0.0550 envFloor=0.000450 sustain=0.580 retrigger=1.400 peakRelease=0.120 pitchTol=0.400 onsetScale=0.006 aubioScale=3.00 aubioThresh=0.060 onsetSilence=-85.0 pitchSilence=-90.0
2025-12-01 06:43:22 [tracker] [s2] configure sr=48000.0 hop=512 fft=4096 low=55.0 high=563.2
2025-12-01 06:43:22 [tracker] [s2] params baseline=0.000220 gate=0.1000 envFloor=0.000550 sustain=0.700 retrigger=1.250 peakRelease=0.130 pitchTol=0.400 onsetScale=0.009 aubioScale=3.00 aubioThresh=0.060 onsetSilence=-85.0 pitchSilence=-90.0
2025-12-01 06:43:22 [tracker] [s3] configure sr=48000.0 hop=512 fft=4096 low=85.2 high=693.0
2025-12-01 06:43:22 [tracker] [s3] params baseline=0.000260 gate=0.1300 envFloor=0.000650 sustain=0.820 retrigger=1.100 peakRelease=0.140 pitchTol=0.450 onsetScale=0.012 aubioScale=3.00 aubioThresh=0.060 onsetSilence=-75.0 pitchSilence=-80.0
2025-12-01 06:43:22 [tracker] [s4] configure sr=48000.0 hop=512 fft=4096 low=127.4 high=862.4
2025-12-01 06:43:22 [tracker] [s4] params baseline=0.000320 gate=0.1700 envFloor=0.000780 sustain=1.000 retrigger=1.000 peakRelease=0.160 pitchTol=0.440 onsetScale=0.014 aubioScale=3.00 aubioThresh=0.060 onsetSilence=-75.0 pitchSilence=-80.0
2025-12-01 06:43:22 [tracker] [s5] configure sr=48000.0 hop=512 fft=2048 low=160.5 high=1086.5
2025-12-01 06:43:22 [tracker] [s5] params baseline=0.000370 gate=0.2100 envFloor=0.000900 sustain=1.000 retrigger=1.000 peakRelease=0.180 pitchTol=0.500 onsetScale=0.016 aubioScale=3.00 aubioThresh=0.060 onsetSilence=-75.0 pitchSilence=-80.0
2025-12-01 06:43:22 [tracker] [s6] configure sr=48000.0 hop=512 fft=2048 low=214.3 high=1450.4
2025-12-01 06:43:22 [tracker] [s6] params baseline=0.000420 gate=0.2500 envFloor=0.001050 sustain=1.000 retrigger=1.000 peakRelease=0.200 pitchTol=0.550 onsetScale=0.018 aubioScale=3.00 aubioThresh=0.060 onsetSilence=-75.0 pitchSilence=-80.0
2025-12-01 06:43:25 [tracker] [s1] onset t=3.205 env=0.04758 baseline=0.01264 gate=0.00070 envFloor=0.00885 onset=0.564>=0.006
2025-12-01 06:43:25 [tracker] [s1] note-start t=3.205 fret=17 midi=57 vel=0.57 env=0.04758
2025-12-01 06:43:25 [tracker] [s2] onset t=3.216 env=0.02111 baseline=0.00926 gate=0.00093 envFloor=0.00787 onset=0.563>=0.009
2025-12-01 06:43:25 [tracker] [s1] onset t=3.291 env=0.03462 baseline=0.04114 gate=0.00226 envFloor=0.01258 onset=1.371>=0.006
2025-12-01 06:43:25 [tracker] [s1] note-ended (new onset) t=3.291 fret=17 dur=0.085
2025-12-01 06:43:25 [tracker] [s1] note-start t=3.291 fret=5 midi=45 vel=0.42 env=0.03462
2025-12-01 06:43:25 [tracker] [s2] onset t=3.301 env=0.02100 baseline=0.00979 gate=0.00098 envFloor=0.00787 onset=1.173>=0.009
2025-12-01 06:43:25 [tracker] [s2] note-start t=3.301 fret=7 midi=52 vel=0.25 env=0.02100
2025-12-01 06:43:27 [tracker] [s2] release-retrigger t=4.933 onset=1.290 gate=0.010 age=1.632
2025-12-01 06:43:27 [tracker] [s2] note-ended t=4.933 fret=7 dur=1.632
2025-12-01 06:43:27 [tracker] [s1] release-retrigger t=4.965 onset=1.315 gate=0.008 age=1.675
2025-12-01 06:43:27 [tracker] [s1] note-ended t=4.965 fret=5 dur=1.675
2025-12-01 06:43:27 [tracker] [s2] onset t=5.616 env=0.09628 baseline=0.02236 gate=0.00224 envFloor=0.01565 onset=0.531>=0.009
2025-12-01 06:43:27 [tracker] [s3] onset t=5.616 env=0.04746 baseline=0.01585 gate=0.00206 envFloor=0.01347 onset=1.469>=0.012
2025-12-01 06:43:27 [tracker] [s4] onset t=5.627 env=0.05164 baseline=0.01237 gate=0.00210 envFloor=0.00866 onset=1.249>=0.014
2025-12-01 06:43:27 [tracker] [s2] onset t=5.733 env=0.07298 baseline=0.03461 gate=0.00346 envFloor=0.02423 onset=1.203>=0.009
2025-12-01 06:43:27 [tracker] [s2] note-start t=5.733 fret=5 midi=50 vel=0.88 env=0.07298
2025-12-01 06:43:28 [tracker] [s2] onset t=5.893 env=0.04561 baseline=0.06093 gate=0.00609 envFloor=0.02269 onset=1.027>=0.009
2025-12-01 06:43:28 [tracker] [s2] note-ended (new onset) t=5.893 fret=5 dur=0.160
2025-12-01 06:43:28 [tracker] [s2] note-start t=5.893 fret=5 midi=50 vel=0.55 env=0.04561
2025-12-01 06:43:28 [tracker] [s2] onset t=6.224 env=0.03874 baseline=0.03514 gate=0.00351 envFloor=0.01738 onset=1.116>=0.009
2025-12-01 06:43:28 [tracker] [s2] note-ended (new onset) t=6.224 fret=5 dur=0.331
2025-12-01 06:43:28 [tracker] [s2] note-start t=6.224 fret=5 midi=50 vel=0.46 env=0.03874
2025-12-01 06:43:29 [tracker] [s2] release-retrigger t=7.280 onset=0.839 gate=0.011 age=1.056
2025-12-01 06:43:29 [tracker] [s2] note-ended t=7.280 fret=5 dur=1.056
2025-12-01 06:43:30 [tracker] [s2] onset t=7.877 env=0.10689 baseline=0.02440 gate=0.00244 envFloor=0.01708 onset=1.281>=0.009
2025-12-01 06:43:30 [tracker] [s3] onset t=7.888 env=0.05466 baseline=0.01585 gate=0.00206 envFloor=0.01347 onset=1.303>=0.012
2025-12-01 06:43:30 [tracker] [s4] onset t=7.984 env=0.02623 baseline=0.01394 gate=0.00237 envFloor=0.00976 onset=1.080>=0.014
2025-12-01 06:43:30 [tracker] [s4] note-start t=7.984 fret=9 midi=64 vel=0.31 env=0.02623
2025-12-01 06:43:30 [tracker] [s2] onset t=8.005 env=0.09092 baseline=0.04218 gate=0.00422 envFloor=0.02952 onset=0.610>=0.009
2025-12-01 06:43:30 [tracker] [s2] note-start t=8.005 fret=7 midi=52 vel=1.00 env=0.09092
2025-12-01 06:43:30 [tracker] [s3] onset t=8.059 env=0.04631 baseline=0.02321 gate=0.00302 envFloor=0.01624 onset=1.362>=0.012
2025-12-01 06:43:30 [tracker] [s3] note-start t=8.059 fret=9 midi=59 vel=0.56 env=0.04631
2025-12-01 06:43:30 [tracker] [s2] onset t=8.251 env=0.04701 baseline=0.07291 gate=0.00729 envFloor=0.02641 onset=0.609>=0.009
2025-12-01 06:43:30 [tracker] [s2] note-ended (new onset) t=8.251 fret=7 dur=0.245
2025-12-01 06:43:30 [tracker] [s2] note-start t=8.251 fret=7 midi=52 vel=0.56 env=0.04701
2025-12-01 06:43:30 [tracker] [s2] onset t=8.315 env=0.04984 baseline=0.04106 gate=0.00411 envFloor=0.02493 onset=0.994>=0.009
2025-12-01 06:43:30 [tracker] [s2] note-ended (new onset) t=8.315 fret=7 dur=0.064
2025-12-01 06:43:30 [tracker] [s2] note-start t=8.315 fret=7 midi=52 vel=0.60 env=0.04984
2025-12-01 06:43:31 [tracker] [s2] release-retrigger t=9.563 onset=1.147 gate=0.012 age=1.248
2025-12-01 06:43:31 [tracker] [s2] note-ended t=9.563 fret=7 dur=1.248
2025-12-01 06:43:31 [tracker] [s3] release-retrigger t=9.563 onset=1.083 gate=0.015 age=1.504
2025-12-01 06:43:31 [tracker] [s3] note-ended t=9.563 fret=9 dur=1.504
2025-12-01 06:43:31 [tracker] [s1] configure sr=48000.0 hop=512 fft=4096 low=37.1 high=445.0
2025-12-01 06:43:31 [tracker] [s2] configure sr=48000.0 hop=512 fft=4096 low=55.0 high=563.2
2025-12-01 06:43:31 [tracker] [s2] params baseline=0.000220 gate=0.1000 envFloor=0.000550 sustain=0.700 retrigger=1.250 peakRelease=0.130 pitchTol=0.400 onsetScale=0.009 aubioScale=3.00 aubioThresh=0.060 onsetSilence=-85.0 pitchSilence=-90.0
2025-12-01 06:43:31 [tracker] [s3] configure sr=48000.0 hop=512 fft=4096 low=85.2 high=693.0
2025-12-01 06:43:31 [tracker] [s3] params baseline=0.000260 gate=0.1300 envFloor=0.000650 sustain=0.820 retrigger=1.100 peakRelease=0.140 pitchTol=0.450 onsetScale=0.012 aubioScale=3.00 aubioThresh=0.060 onsetSilence=-75.0 pitchSilence=-80.0
2025-12-01 06:43:31 [tracker] [s4] configure sr=48000.0 hop=512 fft=4096 low=127.4 high=862.4
2025-12-01 06:43:31 [tracker] [s4] params baseline=0.000320 gate=0.1700 envFloor=0.000780 sustain=1.000 retrigger=1.000 peakRelease=0.160 pitchTol=0.440 onsetScale=0.014 aubioScale=3.00 aubioThresh=0.060 onsetSilence=-75.0 pitchSilence=-80.0
2025-12-01 06:43:31 [tracker] [s4] release-retrigger t=9.584 onset=4.000 gate=0.004 age=1.600
2025-12-01 06:43:31 [tracker] [s4] note-ended t=9.584 fret=9 dur=1.600
2025-12-01 06:43:31 [tracker] [s5] configure sr=48000.0 hop=512 fft=2048 low=160.5 high=1086.5
2025-12-01 06:43:31 [tracker] [s5] params baseline=0.000370 gate=0.2100 envFloor=0.000900 sustain=1.000 retrigger=1.000 peakRelease=0.180 pitchTol=0.500 onsetScale=0.016 aubioScale=3.00 aubioThresh=0.060 onsetSilence=-75.0 pitchSilence=-80.0
2025-12-01 06:43:31 [tracker] [s6] configure sr=48000.0 hop=512 fft=2048 low=214.3 high=1450.4
2025-12-01 06:43:31 [tracker] [s6] params baseline=0.000420 gate=0.2500 envFloor=0.001050 sustain=1.000 retrigger=1.000 peakRelease=0.200 pitchTol=0.550 onsetScale=0.018 aubioScale=3.00 aubioThresh=0.060 onsetSilence=-75.0 pitchSilence=-80.0
2025-12-01 06:43:31 [tracker] [s2] configure sr=48000.0 hop=512 fft=4096 low=55.0 high=563.2
2025-12-01 06:43:31 [tracker] [s2] params baseline=0.000220 gate=0.1000 envFloor=0.000550 sustain=0.700 retrigger=1.250 peakRelease=0.130 pitchTol=0.400 onsetScale=0.009 aubioScale=3.00 aubioThresh=0.060 onsetSilence=-85.0 pitchSilence=-90.0
2025-12-01 06:43:31 [tracker] [s3] configure sr=48000.0 hop=512 fft=4096 low=85.2 high=693.0
2025-12-01 06:43:31 [tracker] [s3] params baseline=0.000260 gate=0.1300 envFloor=0.000650 sustain=0.820 retrigger=1.100 peakRelease=0.140 pitchTol=0.450 onsetScale=0.012 aubioScale=2.95 aubioThresh=0.059 onsetSilence=-75.0 pitchSilence=-80.0
2025-12-01 06:43:31 [tracker] [s4] configure sr=48000.0 hop=512 fft=4096 low=127.4 high=862.4
2025-12-01 06:43:31 [tracker] [s4] params baseline=0.000320 gate=0.1700 envFloor=0.000780 sustain=1.000 retrigger=1.000 peakRelease=0.160 pitchTol=0.440 onsetScale=0.014 aubioScale=2.95 aubioThresh=0.059 onsetSilence=-75.0 pitchSilence=-80.0
2025-12-01 06:43:31 [tracker] [s5] configure sr=48000.0 hop=512 fft=2048 low=160.5 high=1086.5
2025-12-01 06:43:31 [tracker] [s5] params baseline=0.000370 gate=0.2100 envFloor=0.000900 sustain=1.000 retrigger=1.000 peakRelease=0.180 pitchTol=0.500 onsetScale=0.016 aubioScale=2.95 aubioThresh=0.059 onsetSilence=-75.0 pitchSilence=-80.0
2025-12-01 06:43:31 [tracker] [s6] configure sr=48000.0 hop=512 fft=2048 low=214.3 high=1450.4
2025-12-01 06:43:31 [tracker] [s6] params baseline=0.000420 gate=0.2500 envFloor=0.001050 sustain=1.000 retrigger=1.000 peakRelease=0.200 pitchTol=0.550 onsetScale=0.018 aubioScale=2.95 aubioThresh=0.059 onsetSilence=-75.0 pitchSilence=-80.0
2025-12-01 06:43:31 [tracker] [s1] configure sr=48000.0 hop=512 fft=4096 low=37.1 high=445.0
2025-12-01 06:43:31 [tracker] [s1] params baseline=0.000180 gate=0.0550 envFloor=0.000450 sustain=0.580 retrigger=1.400 peakRelease=0.120 pitchTol=0.400 onsetScale=0.006 aubioScale=2.95 aubioThresh=0.059 onsetSilence=-85.0 pitchSilence=-90.0
2025-12-01 06:43:31 [tracker] [s2] configure sr=48000.0 hop=512 fft=4096 low=55.0 high=563.2
2025-12-01 06:43:31 [tracker] [s2] params baseline=0.000220 gate=0.1000 envFloor=0.000550 sustain=0.700 retrigger=1.250 peakRelease=0.130 pitchTol=0.400 onsetScale=0.009 aubioScale=2.95 aubioThresh=0.059 onsetSilence=-85.0 pitchSilence=-90.0
2025-12-01 06:43:31 [tracker] [s3] configure sr=48000.0 hop=512 fft=4096 low=85.2 high=693.0
2025-12-01 06:43:31 [tracker] [s3] params baseline=0.000260 gate=0.1300 envFloor=0.000650 sustain=0.820 retrigger=1.100 peakRelease=0.140 pitchTol=0.450 onsetScale=0.012 aubioScale=2.95 aubioThresh=0.059 onsetSilence=-75.0 pitchSilence=-80.0
2025-12-01 06:43:31 [tracker] [s4] configure sr=48000.0 hop=512 fft=4096 low=127.4 high=862.4
2025-12-01 06:43:31 [tracker] [s4] params baseline=0.000320 gate=0.1700 envFloor=0.000780 sustain=1.000 retrigger=1.000 peakRelease=0.160 pitchTol=0.440 onsetScale=0.014 aubioScale=2.95 aubioThresh=0.059 onsetSilence=-75.0 pitchSilence=-80.0
2025-12-01 06:43:31 [tracker] [s5] configure sr=48000.0 hop=512 fft=2048 low=160.5 high=1086.5
2025-12-01 06:43:31 [tracker] [s5] params baseline=0.000370 gate=0.2100 envFloor=0.000900 sustain=1.000 retrigger=1.000 peakRelease=0.180 pitchTol=0.500 onsetScale=0.016 aubioScale=2.95 aubioThresh=0.059 onsetSilence=-75.0 pitchSilence=-80.0
2025-12-01 06:43:31 [tracker] [s6] configure sr=48000.0 hop=512 fft=2048 low=214.3 high=1450.4
2025-12-01 06:43:31 [tracker] [s6] params baseline=0.000420 gate=0.2500 envFloor=0.001050 sustain=1.000 retrigger=1.000 peakRelease=0.200 pitchTol=0.550 onsetScale=0.018 aubioScale=2.85 aubioThresh=0.057 onsetSilence=-75.0 pitchSilence=-80.0
2025-12-01 06:43:31 [tracker] [s1] configure sr=48000.0 hop=512 fft=4096 low=37.1 high=445.0
2025-12-01 06:43:31 [tracker] [s1] params baseline=0.000180 gate=0.0550 envFloor=0.000450 sustain=0.580 retrigger=1.400 peakRelease=0.120 pitchTol=0.400 onsetScale=0.006 aubioScale=2.85 aubioThresh=0.057 onsetSilence=-85.0 pitchSilence=-90.0
2025-12-01 06:43:31 [tracker] [s2] configure sr=48000.0 hop=512 fft=4096 low=55.0 high=563.2
2025-12-01 06:43:31 [tracker] [s2] params baseline=0.000220 gate=0.1000 envFloor=0.000550 sustain=0.700 retrigger=1.250 peakRelease=0.130 pitchTol=0.400 onsetScale=0.009 aubioScale=2.85 aubioThresh=0.057 onsetSilence=-85.0 pitchSilence=-90.0
2025-12-01 06:43:31 [tracker] [s3] configure sr=48000.0 hop=512 fft=4096 low=85.2 high=693.0
2025-12-01 06:43:31 [tracker] [s3] params baseline=0.000260 gate=0.1300 envFloor=0.000650 sustain=0.820 retrigger=1.100 peakRelease=0.140 pitchTol=0.450 onsetScale=0.012 aubioScale=2.85 aubioThresh=0.057 onsetSilence=-75.0 pitchSilence=-80.0
2025-12-01 06:43:31 [tracker] [s4] configure sr=48000.0 hop=512 fft=4096 low=127.4 high=862.4
2025-12-01 06:43:31 [tracker] [s4] params baseline=0.000320 gate=0.1700 envFloor=0.000780 sustain=1.000 retrigger=1.000 peakRelease=0.160 pitchTol=0.440 onsetScale=0.014 aubioScale=2.85 aubioThresh=0.057 onsetSilence=-75.0 pitchSilence=-80.0
2025-12-01 06:43:31 [tracker] [s5] configure sr=48000.0 hop=512 fft=2048 low=160.5 high=1086.5
2025-12-01 06:43:31 [tracker] [s5] params baseline=0.000370 gate=0.2100 envFloor=0.000900 sustain=1.000 retrigger=1.000 peakRelease=0.180 pitchTol=0.500 onsetScale=0.016 aubioScale=2.85 aubioThresh=0.057 onsetSilence=-75.0 pitchSilence=-80.0
2025-12-01 06:43:31 [tracker] [s6] configure sr=48000.0 hop=512 fft=2048 low=214.3 high=1450.4
2025-12-01 06:43:31 [tracker] [s6] params baseline=0.000420 gate=0.2500 envFloor=0.001050 sustain=1.000 retrigger=1.000 peakRelease=0.200 pitchTol=0.550 onsetScale=0.018 aubioScale=2.85 aubioThresh=0.057 onsetSilence=-75.0 pitchSilence=-80.0
2025-12-01 06:43:31 [tracker] [s1] configure sr=48000.0 hop=512 fft=4096 low=37.1 high=445.0
2025-12-01 06:43:31 [tracker] [s1] params baseline=0.000180 gate=0.0550 envFloor=0.000450 sustain=0.580 retrigger=1.400 peakRelease=0.120 pitchTol=0.400 onsetScale=0.006 aubioScale=2.85 aubioThresh=0.057 onsetSilence=-85.0 pitchSilence=-90.0
2025-12-01 06:43:31 [tracker] [s3] configure sr=48000.0 hop=512 fft=4096 low=85.2 high=693.0
2025-12-01 06:43:31 [tracker] [s3] params baseline=0.000260 gate=0.1300 envFloor=0.000650 sustain=0.820 retrigger=1.100 peakRelease=0.140 pitchTol=0.450 onsetScale=0.012 aubioScale=2.85 aubioThresh=0.057 onsetSilence=-75.0 pitchSilence=-80.0
2025-12-01 06:43:31 [tracker] [s4] configure sr=48000.0 hop=512 fft=4096 low=127.4 high=862.4
2025-12-01 06:43:31 [tracker] [s4] params baseline=0.000320 gate=0.1700 envFloor=0.000780 sustain=1.000 retrigger=1.000 peakRelease=0.160 pitchTol=0.440 onsetScale=0.014 aubioScale=2.85 aubioThresh=0.057 onsetSilence=-75.0 pitchSilence=-80.0
2025-12-01 06:43:31 [tracker] [s5] configure sr=48000.0 hop=512 fft=2048 low=160.5 high=1086.5
2025-12-01 06:43:31 [tracker] [s5] params baseline=0.000370 gate=0.2100 envFloor=0.000900 sustain=1.000 retrigger=1.000 peakRelease=0.180 pitchTol=0.500 onsetScale=0.016 aubioScale=2.60 aubioThresh=0.052 onsetSilence=-75.0 pitchSilence=-80.0
2025-12-01 06:43:31 [tracker] [s6] configure sr=48000.0 hop=512 fft=2048 low=214.3 high=1450.4
2025-12-01 06:43:31 [tracker] [s6] params baseline=0.000420 gate=0.2500 envFloor=0.001050 sustain=1.000 retrigger=1.000 peakRelease=0.200 pitchTol=0.550 onsetScale=0.018 aubioScale=2.60 aubioThresh=0.052 onsetSilence=-75.0 pitchSilence=-80.0
2025-12-01 06:43:31 [tracker] [s1] configure sr=48000.0 hop=512 fft=4096 low=37.1 high=445.0
2025-12-01 06:43:31 [tracker] [s1] params baseline=0.000180 gate=0.0550 envFloor=0.000450 sustain=0.580 retrigger=1.400 peakRelease=0.120 pitchTol=0.400 onsetScale=0.006 aubioScale=2.60 aubioThresh=0.052 onsetSilence=-85.0 pitchSilence=-90.0
2025-12-01 06:43:31 [tracker] [s2] configure sr=48000.0 hop=512 fft=4096 low=55.0 high=563.2
2025-12-01 06:43:31 [tracker] [s2] params baseline=0.000220 gate=0.1000 envFloor=0.000550 sustain=0.700 retrigger=1.250 peakRelease=0.130 pitchTol=0.400 onsetScale=0.009 aubioScale=2.60 aubioThresh=0.052 onsetSilence=-85.0 pitchSilence=-90.0
2025-12-01 06:43:31 [tracker] [s3] configure sr=48000.0 hop=512 fft=4096 low=85.2 high=693.0
2025-12-01 06:43:31 [tracker] [s3] params baseline=0.000260 gate=0.1300 envFloor=0.000650 sustain=0.820 retrigger=1.100 peakRelease=0.140 pitchTol=0.450 onsetScale=0.012 aubioScale=2.60 aubioThresh=0.052 onsetSilence=-75.0 pitchSilence=-80.0
2025-12-01 06:43:31 [tracker] [s4] configure sr=48000.0 hop=512 fft=4096 low=127.4 high=862.4
2025-12-01 06:43:31 [tracker] [s4] params baseline=0.000320 gate=0.1700 envFloor=0.000780 sustain=1.000 retrigger=1.000 peakRelease=0.160 pitchTol=0.440 onsetScale=0.014 aubioScale=2.45 aubioThresh=0.049 onsetSilence=-75.0 pitchSilence=-80.0
2025-12-01 06:43:31 [tracker] [s5] configure sr=48000.0 hop=512 fft=2048 low=160.5 high=1086.5
2025-12-01 06:43:31 [tracker] [s5] params baseline=0.000370 gate=0.2100 envFloor=0.000900 sustain=1.000 retrigger=1.000 peakRelease=0.180 pitchTol=0.500 onsetScale=0.016 aubioScale=2.45 aubioThresh=0.049 onsetSilence=-75.0 pitchSilence=-80.0
2025-12-01 06:43:31 [tracker] [s6] configure sr=48000.0 hop=512 fft=2048 low=214.3 high=1450.4
2025-12-01 06:43:31 [tracker] [s6] params baseline=0.000420 gate=0.2500 envFloor=0.001050 sustain=1.000 retrigger=1.000 peakRelease=0.200 pitchTol=0.550 onsetScale=0.018 aubioScale=2.45 aubioThresh=0.049 onsetSilence=-75.0 pitchSilence=-80.0
2025-12-01 06:43:31 [tracker] [s1] configure sr=48000.0 hop=512 fft=4096 low=37.1 high=445.0
2025-12-01 06:43:31 [tracker] [s1] params baseline=0.000180 gate=0.0550 envFloor=0.000450 sustain=0.580 retrigger=1.400 peakRelease=0.120 pitchTol=0.400 onsetScale=0.006 aubioScale=2.45 aubioThresh=0.049 onsetSilence=-85.0 pitchSilence=-90.0
2025-12-01 06:43:31 [tracker] [s2] configure sr=48000.0 hop=512 fft=4096 low=55.0 high=563.2
2025-12-01 06:43:31 [tracker] [s2] params baseline=0.000220 gate=0.1000 envFloor=0.000550 sustain=0.700 retrigger=1.250 peakRelease=0.130 pitchTol=0.400 onsetScale=0.009 aubioScale=2.45 aubioThresh=0.049 onsetSilence=-85.0 pitchSilence=-90.0
2025-12-01 06:43:31 [tracker] [s3] configure sr=48000.0 hop=512 fft=4096 low=85.2 high=693.0
2025-12-01 06:43:31 [tracker] [s3] params baseline=0.000260 gate=0.1300 envFloor=0.000650 sustain=0.820 retrigger=1.100 peakRelease=0.140 pitchTol=0.450 onsetScale=0.012 aubioScale=2.45 aubioThresh=0.049 onsetSilence=-75.0 pitchSilence=-80.0
2025-12-01 06:43:31 [tracker] [s4] configure sr=48000.0 hop=512 fft=4096 low=127.4 high=862.4
2025-12-01 06:43:31 [tracker] [s4] params baseline=0.000320 gate=0.1700 envFloor=0.000780 sustain=1.000 retrigger=1.000 peakRelease=0.160 pitchTol=0.440 onsetScale=0.014 aubioScale=2.45 aubioThresh=0.049 onsetSilence=-75.0 pitchSilence=-80.0
2025-12-01 06:43:31 [tracker] [s5] configure sr=48000.0 hop=512 fft=2048 low=160.5 high=1086.5
2025-12-01 06:43:31 [tracker] [s5] params baseline=0.000370 gate=0.2100 envFloor=0.000900 sustain=1.000 retrigger=1.000 peakRelease=0.180 pitchTol=0.500 onsetScale=0.016 aubioScale=2.45 aubioThresh=0.049 onsetSilence=-75.0 pitchSilence=-80.0
2025-12-01 06:43:31 [tracker] [s6] configure sr=48000.0 hop=512 fft=2048 low=214.3 high=1450.4
2025-12-01 06:43:31 [tracker] [s6] params baseline=0.000420 gate=0.2500 envFloor=0.001050 sustain=1.000 retrigger=1.000 peakRelease=0.200 pitchTol=0.550 onsetScale=0.018 aubioScale=2.45 aubioThresh=0.049 onsetSilence=-75.0 pitchSilence=-80.0
2025-12-01 06:43:31 [tracker] [s1] configure sr=48000.0 hop=512 fft=4096 low=37.1 high=445.0
2025-12-01 06:43:31 [tracker] [s2] configure sr=48000.0 hop=512 fft=4096 low=55.0 high=563.2
2025-12-01 06:43:31 [tracker] [s2] params baseline=0.000220 gate=0.1000 envFloor=0.000550 sustain=0.700 retrigger=1.250 peakRelease=0.130 pitchTol=0.400 onsetScale=0.009 aubioScale=2.10 aubioThresh=0.042 onsetSilence=-85.0 pitchSilence=-90.0
2025-12-01 06:43:31 [tracker] [s3] configure sr=48000.0 hop=512 fft=4096 low=85.2 high=693.0
2025-12-01 06:43:31 [tracker] [s3] params baseline=0.000260 gate=0.1300 envFloor=0.000650 sustain=0.820 retrigger=1.100 peakRelease=0.140 pitchTol=0.450 onsetScale=0.012 aubioScale=2.10 aubioThresh=0.042 onsetSilence=-75.0 pitchSilence=-80.0
2025-12-01 06:43:31 [tracker] [s4] configure sr=48000.0 hop=512 fft=4096 low=127.4 high=862.4
2025-12-01 06:43:31 [tracker] [s4] params baseline=0.000320 gate=0.1700 envFloor=0.000780 sustain=1.000 retrigger=1.000 peakRelease=0.160 pitchTol=0.440 onsetScale=0.014 aubioScale=2.10 aubioThresh=0.042 onsetSilence=-75.0 pitchSilence=-80.0
2025-12-01 06:43:31 [tracker] [s5] configure sr=48000.0 hop=512 fft=2048 low=160.5 high=1086.5
2025-12-01 06:43:31 [tracker] [s5] params baseline=0.000370 gate=0.2100 envFloor=0.000900 sustain=1.000 retrigger=1.000 peakRelease=0.180 pitchTol=0.500 onsetScale=0.016 aubioScale=2.10 aubioThresh=0.042 onsetSilence=-75.0 pitchSilence=-80.0
2025-12-01 06:43:31 [tracker] [s6] configure sr=48000.0 hop=512 fft=2048 low=214.3 high=1450.4
2025-12-01 06:43:31 [tracker] [s6] params baseline=0.000420 gate=0.2500 envFloor=0.001050 sustain=1.000 retrigger=1.000 peakRelease=0.200 pitchTol=0.550 onsetScale=0.018 aubioScale=2.10 aubioThresh=0.042 onsetSilence=-75.0 pitchSilence=-80.0
2025-12-01 06:43:31 [tracker] [s1] configure sr=48000.0 hop=512 fft=4096 low=37.1 high=445.0
2025-12-01 06:43:31 [tracker] [s1] params baseline=0.000180 gate=0.0550 envFloor=0.000450 sustain=0.580 retrigger=1.400 peakRelease=0.120 pitchTol=0.400 onsetScale=0.006 aubioScale=2.10 aubioThresh=0.042 onsetSilence=-85.0 pitchSilence=-90.0
2025-12-01 06:43:31 [tracker] [s2] configure sr=48000.0 hop=512 fft=4096 low=55.0 high=563.2
2025-12-01 06:43:31 [tracker] [s2] params baseline=0.000220 gate=0.1000 envFloor=0.000550 sustain=0.700 retrigger=1.250 peakRelease=0.130 pitchTol=0.400 onsetScale=0.009 aubioScale=2.10 aubioThresh=0.042 onsetSilence=-85.0 pitchSilence=-90.0
2025-12-01 06:43:31 [tracker] [s3] configure sr=48000.0 hop=512 fft=4096 low=85.2 high=693.0
2025-12-01 06:43:31 [tracker] [s3] params baseline=0.000260 gate=0.1300 envFloor=0.000650 sustain=0.820 retrigger=1.100 peakRelease=0.140 pitchTol=0.450 onsetScale=0.012 aubioScale=1.75 aubioThresh=0.035 onsetSilence=-75.0 pitchSilence=-80.0
2025-12-01 06:43:31 [tracker] [s4] configure sr=48000.0 hop=512 fft=4096 low=127.4 high=862.4
2025-12-01 06:43:31 [tracker] [s4] params baseline=0.000320 gate=0.1700 envFloor=0.000780 sustain=1.000 retrigger=1.000 peakRelease=0.160 pitchTol=0.440 onsetScale=0.014 aubioScale=1.75 aubioThresh=0.035 onsetSilence=-75.0 pitchSilence=-80.0
2025-12-01 06:43:31 [tracker] [s5] configure sr=48000.0 hop=512 fft=2048 low=160.5 high=1086.5
2025-12-01 06:43:31 [tracker] [s5] params baseline=0.000370 gate=0.2100 envFloor=0.000900 sustain=1.000 retrigger=1.000 peakRelease=0.180 pitchTol=0.500 onsetScale=0.016 aubioScale=1.75 aubioThresh=0.035 onsetSilence=-75.0 pitchSilence=-80.0
2025-12-01 06:43:31 [tracker] [s6] configure sr=48000.0 hop=512 fft=2048 low=214.3 high=1450.4
2025-12-01 06:43:31 [tracker] [s6] params baseline=0.000420 gate=0.2500 envFloor=0.001050 sustain=1.000 retrigger=1.000 peakRelease=0.200 pitchTol=0.550 onsetScale=0.018 aubioScale=1.75 aubioThresh=0.035 onsetSilence=-75.0 pitchSilence=-80.0
2025-12-01 06:43:31 [tracker] [s1] configure sr=48000.0 hop=512 fft=4096 low=37.1 high=445.0
2025-12-01 06:43:31 [tracker] [s1] params baseline=0.000180 gate=0.0550 envFloor=0.000450 sustain=0.580 retrigger=1.400 peakRelease=0.120 pitchTol=0.400 onsetScale=0.006 aubioScale=1.75 aubioThresh=0.035 onsetSilence=-85.0 pitchSilence=-90.0
2025-12-01 06:43:31 [tracker] [s2] configure sr=48000.0 hop=512 fft=4096 low=55.0 high=563.2
2025-12-01 06:43:31 [tracker] [s2] params baseline=0.000220 gate=0.1000 envFloor=0.000550 sustain=0.700 retrigger=1.250 peakRelease=0.130 pitchTol=0.400 onsetScale=0.009 aubioScale=1.75 aubioThresh=0.035 onsetSilence=-85.0 pitchSilence=-90.0
2025-12-01 06:43:31 [tracker] [s3] configure sr=48000.0 hop=512 fft=4096 low=85.2 high=693.0
2025-12-01 06:43:31 [tracker] [s3] params baseline=0.000260 gate=0.1300 envFloor=0.000650 sustain=0.820 retrigger=1.100 peakRelease=0.140 pitchTol=0.450 onsetScale=0.012 aubioScale=1.75 aubioThresh=0.035 onsetSilence=-75.0 pitchSilence=-80.0
2025-12-01 06:43:31 [tracker] [s4] configure sr=48000.0 hop=512 fft=4096 low=127.4 high=862.4
2025-12-01 06:43:31 [tracker] [s4] params baseline=0.000320 gate=0.1700 envFloor=0.000780 sustain=1.000 retrigger=1.000 peakRelease=0.160 pitchTol=0.440 onsetScale=0.014 aubioScale=1.35 aubioThresh=0.027 onsetSilence=-75.0 pitchSilence=-80.0
2025-12-01 06:43:31 [tracker] [s5] configure sr=48000.0 hop=512 fft=2048 low=160.5 high=1086.5
2025-12-01 06:43:31 [tracker] [s5] params baseline=0.000370 gate=0.2100 envFloor=0.000900 sustain=1.000 retrigger=1.000 peakRelease=0.180 pitchTol=0.500 onsetScale=0.016 aubioScale=1.35 aubioThresh=0.027 onsetSilence=-75.0 pitchSilence=-80.0
2025-12-01 06:43:31 [tracker] [s6] configure sr=48000.0 hop=512 fft=2048 low=214.3 high=1450.4
2025-12-01 06:43:31 [tracker] [s6] params baseline=0.000420 gate=0.2500 envFloor=0.001050 sustain=1.000 retrigger=1.000 peakRelease=0.200 pitchTol=0.550 onsetScale=0.018 aubioScale=1.35 aubioThresh=0.027 onsetSilence=-75.0 pitchSilence=-80.0
2025-12-01 06:43:31 [tracker] [s1] configure sr=48000.0 hop=512 fft=4096 low=37.1 high=445.0
2025-12-01 06:43:31 [tracker] [s1] params baseline=0.000180 gate=0.0550 envFloor=0.000450 sustain=0.580 retrigger=1.400 peakRelease=0.120 pitchTol=0.400 onsetScale=0.006 aubioScale=1.35 aubioThresh=0.027 onsetSilence=-85.0 pitchSilence=-90.0
2025-12-01 06:43:31 [tracker] [s2] configure sr=48000.0 hop=512 fft=4096 low=55.0 high=563.2
2025-12-01 06:43:31 [tracker] [s2] params baseline=0.000220 gate=0.1000 envFloor=0.000550 sustain=0.700 retrigger=1.250 peakRelease=0.130 pitchTol=0.400 onsetScale=0.009 aubioScale=1.35 aubioThresh=0.027 onsetSilence=-85.0 pitchSilence=-90.0
2025-12-01 06:43:31 [tracker] [s3] configure sr=48000.0 hop=512 fft=4096 low=85.2 high=693.0
2025-12-01 06:43:31 [tracker] [s3] params baseline=0.000260 gate=0.1300 envFloor=0.000650 sustain=0.820 retrigger=1.100 peakRelease=0.140 pitchTol=0.450 onsetScale=0.012 aubioScale=1.35 aubioThresh=0.027 onsetSilence=-75.0 pitchSilence=-80.0
2025-12-01 06:43:31 [tracker] [s4] configure sr=48000.0 hop=512 fft=4096 low=127.4 high=862.4
2025-12-01 06:43:31 [tracker] [s4] params baseline=0.000320 gate=0.1700 envFloor=0.000780 sustain=1.000 retrigger=1.000 peakRelease=0.160 pitchTol=0.440 onsetScale=0.014 aubioScale=1.35 aubioThresh=0.027 onsetSilence=-75.0 pitchSilence=-80.0
2025-12-01 06:43:31 [tracker] [s5] configure sr=48000.0 hop=512 fft=2048 low=160.5 high=1086.5
2025-12-01 06:43:31 [tracker] [s5] params baseline=0.000370 gate=0.2100 envFloor=0.000900 sustain=1.000 retrigger=1.000 peakRelease=0.180 pitchTol=0.500 onsetScale=0.016 aubioScale=1.35 aubioThresh=0.027 onsetSilence=-75.0 pitchSilence=-80.0
2025-12-01 06:43:31 [tracker] [s6] configure sr=48000.0 hop=512 fft=2048 low=214.3 high=1450.4
2025-12-01 06:43:31 [tracker] [s6] params baseline=0.000420 gate=0.2500 envFloor=0.001050 sustain=1.000 retrigger=1.000 peakRelease=0.200 pitchTol=0.550 onsetScale=0.018 aubioScale=1.00 aubioThresh=0.020 onsetSilence=-75.0 pitchSilence=-80.0
2025-12-01 06:43:31 [tracker] [s1] configure sr=48000.0 hop=512 fft=4096 low=37.1 high=445.0
2025-12-01 06:43:31 [tracker] [s1] params baseline=0.000180 gate=0.0550 envFloor=0.000450 sustain=0.580 retrigger=1.400 peakRelease=0.120 pitchTol=0.400 onsetScale=0.006 aubioScale=1.00 aubioThresh=0.020 onsetSilence=-85.0 pitchSilence=-90.0
2025-12-01 06:43:31 [tracker] [s2] configure sr=48000.0 hop=512 fft=4096 low=55.0 high=563.2
2025-12-01 06:43:31 [tracker] [s2] params baseline=0.000220 gate=0.1000 envFloor=0.000550 sustain=0.700 retrigger=1.250 peakRelease=0.130 pitchTol=0.400 onsetScale=0.009 aubioScale=1.00 aubioThresh=0.020 onsetSilence=-85.0 pitchSilence=-90.0
2025-12-01 06:43:31 [tracker] [s3] configure sr=48000.0 hop=512 fft=4096 low=85.2 high=693.0
2025-12-01 06:43:31 [tracker] [s3] params baseline=0.000260 gate=0.1300 envFloor=0.000650 sustain=0.820 retrigger=1.100 peakRelease=0.140 pitchTol=0.450 onsetScale=0.012 aubioScale=1.00 aubioThresh=0.020 onsetSilence=-75.0 pitchSilence=-80.0
2025-12-01 06:43:31 [tracker] [s4] configure sr=48000.0 hop=512 fft=4096 low=127.4 high=862.4
2025-12-01 06:43:31 [tracker] [s4] params baseline=0.000320 gate=0.1700 envFloor=0.000780 sustain=1.000 retrigger=1.000 peakRelease=0.160 pitchTol=0.440 onsetScale=0.014 aubioScale=1.00 aubioThresh=0.020 onsetSilence=-75.0 pitchSilence=-80.0
2025-12-01 06:43:31 [tracker] [s5] configure sr=48000.0 hop=512 fft=2048 low=160.5 high=1086.5
2025-12-01 06:43:31 [tracker] [s5] params baseline=0.000370 gate=0.2100 envFloor=0.000900 sustain=1.000 retrigger=1.000 peakRelease=0.180 pitchTol=0.500 onsetScale=0.016 aubioScale=1.00 aubioThresh=0.020 onsetSilence=-75.0 pitchSilence=-80.0
2025-12-01 06:43:31 [tracker] [s6] configure sr=48000.0 hop=512 fft=2048 low=214.3 high=1450.4
2025-12-01 06:43:31 [tracker] [s6] params baseline=0.000420 gate=0.2500 envFloor=0.001050 sustain=1.000 retrigger=1.000 peakRelease=0.200 pitchTol=0.550 onsetScale=0.018 aubioScale=1.00 aubioThresh=0.020 onsetSilence=-75.0 pitchSilence=-80.0
2025-12-01 06:43:31 [tracker] [s1] configure sr=48000.0 hop=512 fft=4096 low=37.1 high=445.0
2025-12-01 06:43:31 [tracker] [s1] params baseline=0.000180 gate=0.0550 envFloor=0.000450 sustain=0.580 retrigger=1.400 peakRelease=0.120 pitchTol=0.400 onsetScale=0.006 aubioScale=1.00 aubioThresh=0.020 onsetSilence=-85.0 pitchSilence=-90.0
2025-12-01 06:43:32 [tracker] [s2] configure sr=48000.0 hop=512 fft=4096 low=55.0 high=563.2
2025-12-01 06:43:32 [tracker] [s2] params baseline=0.000220 gate=0.1000 envFloor=0.000550 sustain=0.700 retrigger=1.250 peakRelease=0.130 pitchTol=0.400 onsetScale=0.009 aubioScale=0.50 aubioThresh=0.010 onsetSilence=-85.0 pitchSilence=-90.0
2025-12-01 06:43:32 [tracker] [s3] configure sr=48000.0 hop=512 fft=4096 low=85.2 high=693.0
2025-12-01 06:43:32 [tracker] [s3] params baseline=0.000260 gate=0.1300 envFloor=0.000650 sustain=0.820 retrigger=1.100 peakRelease=0.140 pitchTol=0.450 onsetScale=0.012 aubioScale=0.50 aubioThresh=0.010 onsetSilence=-75.0 pitchSilence=-80.0
2025-12-01 06:43:32 [tracker] [s4] configure sr=48000.0 hop=512 fft=4096 low=127.4 high=862.4
2025-12-01 06:43:32 [tracker] [s4] params baseline=0.000320 gate=0.1700 envFloor=0.000780 sustain=1.000 retrigger=1.000 peakRelease=0.160 pitchTol=0.440 onsetScale=0.014 aubioScale=0.50 aubioThresh=0.010 onsetSilence=-75.0 pitchSilence=-80.0
2025-12-01 06:43:32 [tracker] [s5] configure sr=48000.0 hop=512 fft=2048 low=160.5 high=1086.5
2025-12-01 06:43:32 [tracker] [s5] params baseline=0.000370 gate=0.2100 envFloor=0.000900 sustain=1.000 retrigger=1.000 peakRelease=0.180 pitchTol=0.500 onsetScale=0.016 aubioScale=0.50 aubioThresh=0.010 onsetSilence=-75.0 pitchSilence=-80.0
2025-12-01 06:43:32 [tracker] [s6] configure sr=48000.0 hop=512 fft=2048 low=214.3 high=1450.4
2025-12-01 06:43:32 [tracker] [s6] params baseline=0.000420 gate=0.2500 envFloor=0.001050 sustain=1.000 retrigger=1.000 peakRelease=0.200 pitchTol=0.550 onsetScale=0.018 aubioScale=0.50 aubioThresh=0.010 onsetSilence=-75.0 pitchSilence=-80.0
2025-12-01 06:43:32 [tracker] [s1] configure sr=48000.0 hop=512 fft=4096 low=37.1 high=445.0
2025-12-01 06:43:32 [tracker] [s1] params baseline=0.000180 gate=0.0550 envFloor=0.000450 sustain=0.580 retrigger=1.400 peakRelease=0.120 pitchTol=0.400 onsetScale=0.006 aubioScale=0.50 aubioThresh=0.010 onsetSilence=-85.0 pitchSilence=-90.0
2025-12-01 06:43:32 [tracker] [s2] onset t=10.149 env=0.07018 baseline=0.01894 gate=0.00189 envFloor=0.01323 onset=0.755>=0.009
2025-12-01 06:43:32 [tracker] [s3] onset t=10.160 env=0.04333 baseline=0.01585 gate=0.00206 envFloor=0.01347 onset=0.669>=0.012
2025-12-01 06:43:32 [tracker] [s4] onset t=10.160 env=0.02543 baseline=0.00849 gate=0.00144 envFloor=0.00440 onset=1.321>=0.014
2025-12-01 06:43:32 [tracker] [s2] onset t=10.235 env=0.07640 baseline=0.03147 gate=0.00315 envFloor=0.02203 onset=1.068>=0.009
2025-12-01 06:43:32 [tracker] [s2] note-start t=10.235 fret=5 midi=50 vel=0.92 env=0.07640
2025-12-01 06:43:32 [tracker] [s3] onset t=10.245 env=0.03391 baseline=0.01603 gate=0.00208 envFloor=0.01347 onset=1.121>=0.012
2025-12-01 06:43:32 [tracker] [s3] note-start t=10.245 fret=7 midi=57 vel=0.41 env=0.03391
2025-12-01 06:43:32 [tracker] [s4] onset t=10.245 env=0.02045 baseline=0.00969 gate=0.00165 envFloor=0.00679 onset=1.207>=0.014
2025-12-01 06:43:32 [tracker] [s4] note-start t=10.245 fret=7 midi=62 vel=0.25 env=0.02045
2025-12-01 06:43:32 [tracker] [s3] onset t=10.629 env=0.01684 baseline=0.02548 gate=0.00331 envFloor=0.01347 onset=0.659>=0.012
2025-12-01 06:43:32 [tracker] [s3] note-ended (new onset) t=10.629 fret=7 dur=0.384
2025-12-01 06:43:32 [tracker] [s3] note-start t=10.629 fret=7 midi=57 vel=0.20 env=0.01684
2025-12-01 06:43:33 [tracker] [s2] onset t=10.768 env=0.03127 baseline=0.05352 gate=0.00535 envFloor=0.01798 onset=0.968>=0.009
2025-12-01 06:43:33 [tracker] [s2] note-ended (new onset) t=10.768 fret=5 dur=0.533
2025-12-01 06:43:33 [tracker] [s2] note-start t=10.768 fret=5 midi=50 vel=0.38 env=0.03127
2025-12-01 06:43:33 [tracker] [s3] release-quiet t=10.981 avgEnv=0.00971 floor=0.01105 quietFrames=8
2025-12-01 06:43:33 [tracker] [s3] note-ended t=10.981 fret=7 dur=0.352
2025-12-01 06:43:33 [tracker] [s4] onset t=11.035 env=0.01160 baseline=0.01270 gate=0.00216 envFloor=0.00472 onset=1.208>=0.014
2025-12-01 06:43:33 [tracker] [s4] note-ended (new onset) t=11.035 fret=7 dur=0.789
2025-12-01 06:43:33 [tracker] [s4] note-start t=11.035 fret=7 midi=62 vel=0.14 env=0.01160
2025-12-01 06:43:34 [tracker] [s4] release-retrigger t=11.920 onset=0.856 gate=0.005 age=0.885
2025-12-01 06:43:34 [tracker] [s4] note-ended t=11.920 fret=7 dur=0.885
2025-12-01 06:43:34 [tracker] [s2] release-retrigger t=11.941 onset=0.896 gate=0.010 age=1.173
2025-12-01 06:43:34 [tracker] [s2] note-ended t=11.941 fret=5 dur=1.173
2025-12-01 06:43:34 [tracker] [s1] onset t=12.432 env=0.00638 baseline=0.00627 gate=0.00034 envFloor=0.00533 onset=0.888>=0.006
2025-12-01 06:43:34 [tracker] [s2] onset t=12.496 env=0.03769 baseline=0.01249 gate=0.00125 envFloor=0.00872 onset=0.547>=0.009
2025-12-01 06:43:34 [tracker] [s3] onset t=12.507 env=0.01804 baseline=0.01585 gate=0.00206 envFloor=0.01347 onset=0.672>=0.012
2025-12-01 06:43:34 [tracker] [s1] onset t=12.571 env=0.04475 baseline=0.01918 gate=0.00105 envFloor=0.01343 onset=1.004>=0.006
2025-12-01 06:43:34 [tracker] [s1] note-start t=12.571 fret=5 midi=45 vel=0.54 env=0.04475
2025-12-01 06:43:34 [tracker] [s3] onset t=12.592 env=0.01410 baseline=0.01585 gate=0.00206 envFloor=0.01347 onset=1.003>=0.012
2025-12-01 06:43:34 [tracker] [s3] note-start t=12.592 fret=7 midi=57 vel=0.17 env=0.01410
2025-12-01 06:43:35 [tracker] [s1] onset t=12.752 env=0.03359 baseline=0.03699 gate=0.00203 envFloor=0.01278 onset=1.004>=0.006
2025-12-01 06:43:35 [tracker] [s1] note-ended (new onset) t=12.752 fret=5 dur=0.181
2025-12-01 06:43:35 [tracker] [s3] release-quiet t=12.805 avgEnv=0.00908 floor=0.01105 quietFrames=8
2025-12-01 06:43:35 [tracker] [s3] note-ended t=12.805 fret=7 dur=0.213
2025-12-01 06:43:35 [tracker] [s1] onset t=13.317 env=0.01428 baseline=0.02318 gate=0.00127 envFloor=0.00786 onset=0.570>=0.006
2025-12-01 06:43:35 [tracker] [s1] note-ended (new onset) t=13.317 fret=5 dur=0.565
2025-12-01 06:43:35 [tracker] [s1] note-start t=13.317 fret=5 midi=45 vel=0.17 env=0.01428
2025-12-01 06:43:36 [tracker] [s1] onset t=13.925 env=0.00955 baseline=0.00966 gate=0.00053 envFloor=0.00533 onset=1.261>=0.006
2025-12-01 06:43:36 [tracker] [s1] note-ended (new onset) t=13.925 fret=5 dur=0.608
2025-12-01 06:43:36 [tracker] [s1] note-start t=13.925 fret=5 midi=45 vel=0.11 env=0.00955
2025-12-01 06:43:36 [tracker] [s1] onset t=14.117 env=0.00817 baseline=0.00785 gate=0.00043 envFloor=0.00533 onset=1.117>=0.006
2025-12-01 06:43:36 [tracker] [s1] note-ended (new onset) t=14.117 fret=5 dur=0.192
2025-12-01 06:43:36 [tracker] [s1] note-start t=14.117 fret=5 midi=45 vel=0.10 env=0.00817
2025-12-01 06:43:36 [tracker] [s1] release-retrigger t=14.363 onset=1.470 gate=0.008 age=0.245
2025-12-01 06:43:36 [tracker] [s1] note-ended t=14.363 fret=5 dur=0.245
2025-12-01 06:43:36 [tracker] [s4] onset t=14.661 env=0.00238 baseline=0.00201 gate=0.00034 envFloor=0.00171 onset=0.685>=0.014
2025-12-01 06:43:37 [tracker] [s1] onset t=14.683 env=0.05317 baseline=0.01561 gate=0.00086 envFloor=0.01093 onset=0.628>=0.006
2025-12-01 06:43:37 [tracker] [s1] note-start t=14.683 fret=24 midi=64 vel=0.64 env=0.05317
2025-12-01 06:43:37 [tracker] [s2] onset t=14.693 env=0.04109 baseline=0.01262 gate=0.00126 envFloor=0.00884 onset=0.532>=0.009
2025-12-01 06:43:37 [tracker] [s2] note-start t=14.693 fret=5 midi=50 vel=0.49 env=0.04109
2025-12-01 06:43:37 [tracker] [s3] onset t=14.693 env=0.02952 baseline=0.01585 gate=0.00206 envFloor=0.01347 onset=1.448>=0.012
2025-12-01 06:43:37 [tracker] [s1] onset t=14.779 env=0.04744 baseline=0.04574 gate=0.00252 envFloor=0.01558 onset=1.498>=0.006
2025-12-01 06:43:37 [tracker] [s1] note-ended (new onset) t=14.779 fret=24 dur=0.096
2025-12-01 06:43:37 [tracker] [s1] note-start t=14.779 fret=3 midi=43 vel=0.57 env=0.04744
2025-12-01 06:43:37 [tracker] [s1] onset t=14.907 env=0.04023 baseline=0.04021 gate=0.00221 envFloor=0.01608 onset=1.195>=0.006
2025-12-01 06:43:37 [tracker] [s1] note-ended (new onset) t=14.907 fret=3 dur=0.128
2025-12-01 06:43:37 [tracker] [s1] note-start t=14.907 fret=3 midi=43 vel=0.48 env=0.04023
2025-12-01 06:43:37 [tracker] [s1] onset t=15.024 env=0.03678 baseline=0.03427 gate=0.00188 envFloor=0.01528 onset=0.906>=0.006
2025-12-01 06:43:37 [tracker] [s1] note-start t=15.024 fret=3 midi=43 vel=0.44 env=0.03678
2025-12-01 06:43:37 [tracker] [s1] onset t=15.142 env=0.02906 baseline=0.03133 gate=0.00172 envFloor=0.01410 onset=1.402>=0.006
2025-12-01 06:43:37 [tracker] [s1] note-ended (new onset) t=15.142 fret=3 dur=0.117
2025-12-01 06:43:37 [tracker] [s1] note-start t=15.142 fret=3 midi=43 vel=0.35 env=0.02906
2025-12-01 06:43:38 [tracker] [s1] release-retrigger t=16.208 onset=0.705 gate=0.011 age=1.067
2025-12-01 06:43:38 [tracker] [s1] note-ended t=16.208 fret=3 dur=1.067
2025-12-01 06:43:38 [tracker] [s2] release-retrigger t=16.219 onset=0.984 gate=0.010 age=1.525
2025-12-01 06:43:38 [tracker] [s2] note-ended t=16.219 fret=5 dur=1.525
2025-12-01 06:43:39 [tracker] [s1] onset t=16.784 env=0.03520 baseline=0.01208 gate=0.00066 envFloor=0.00688 onset=1.430>=0.006
2025-12-01 06:43:39 [tracker] [s2] onset t=16.805 env=0.02861 baseline=0.01371 gate=0.00137 envFloor=0.00787 onset=0.595>=0.009
2025-12-01 06:43:39 [tracker] [s1] onset t=16.891 env=0.02915 baseline=0.01510 gate=0.00083 envFloor=0.01057 onset=0.671>=0.006
2025-12-01 06:43:39 [tracker] [s1] note-start t=16.891 fret=0 midi=40 vel=0.35 env=0.02915
2025-12-01 06:43:39 [tracker] [s2] onset t=16.944 env=0.02401 baseline=0.01284 gate=0.00128 envFloor=0.00787 onset=0.999>=0.009
2025-12-01 06:43:39 [tracker] [s2] note-start t=16.944 fret=2 midi=47 vel=0.29 env=0.02401
2025-12-01 06:43:40 [tracker] [s2] onset t=17.819 env=0.01105 baseline=0.01433 gate=0.00143 envFloor=0.00787 onset=1.036>=0.009
2025-12-01 06:43:40 [tracker] [s2] note-ended (new onset) t=17.819 fret=2 dur=0.875
2025-12-01 06:43:40 [tracker] [s2] note-start t=17.819 fret=2 midi=47 vel=0.13 env=0.01105
2025-12-01 06:43:41 [tracker] [s2] release-quiet t=19.451 avgEnv=0.00522 floor=0.00551 quietFrames=8
2025-12-01 06:43:41 [tracker] [s2] note-ended t=19.451 fret=2 dur=1.632
2025-12-01 06:43:42 [tracker] [s4] configure sr=48000.0 hop=512 fft=4096 low=127.4 high=862.4
2025-12-01 06:43:42 [tracker] [s4] params baseline=0.000320 gate=0.1700 envFloor=0.000780 sustain=1.000 retrigger=1.000 peakRelease=0.160 pitchTol=0.440 onsetScale=0.014 aubioScale=0.50 aubioThresh=0.010 onsetSilence=-75.0 pitchSilence=-80.0
2025-12-01 06:43:42 [tracker] [s5] configure sr=48000.0 hop=512 fft=2048 low=160.5 high=1086.5
2025-12-01 06:43:42 [tracker] [s5] params baseline=0.000370 gate=0.2100 envFloor=0.000900 sustain=1.000 retrigger=1.000 peakRelease=0.180 pitchTol=0.500 onsetScale=0.016 aubioScale=0.50 aubioThresh=0.010 onsetSilence=-75.0 pitchSilence=-80.0
2025-12-01 06:43:42 [tracker] [s6] configure sr=48000.0 hop=512 fft=2048 low=214.3 high=1450.4
2025-12-01 06:43:42 [tracker] [s6] params baseline=0.000420 gate=0.2500 envFloor=0.001050 sustain=1.000 retrigger=1.000 peakRelease=0.200 pitchTol=0.550 onsetScale=0.018 aubioScale=0.50 aubioThresh=0.010 onsetSilence=-75.0 pitchSilence=-80.0
2025-12-01 06:43:42 [tracker] [s1] configure sr=48000.0 hop=512 fft=4096 low=37.1 high=445.0
2025-12-01 06:43:42 [tracker] [s1] params baseline=0.000180 gate=0.0550 envFloor=0.000450 sustain=0.580 retrigger=1.400 peakRelease=0.120 pitchTol=0.400 onsetScale=0.006 aubioScale=0.50 aubioThresh=0.010 onsetSilence=-85.0 pitchSilence=-90.0
2025-12-01 06:43:42 [tracker] [s1] release-retrigger t=19.707 onset=4.000 gate=0.008 age=2.816
2025-12-01 06:43:42 [tracker] [s1] note-ended t=19.707 fret=0 dur=2.816
2025-12-01 06:43:42 [tracker] [s2] configure sr=48000.0 hop=512 fft=4096 low=55.0 high=563.2
2025-12-01 06:43:42 [tracker] [s2] params baseline=0.000220 gate=0.1000 envFloor=0.000550 sustain=0.700 retrigger=1.250 peakRelease=0.130 pitchTol=0.400 onsetScale=0.009 aubioScale=0.50 aubioThresh=0.010 onsetSilence=-85.0 pitchSilence=-90.0
2025-12-01 06:43:42 [tracker] [s3] configure sr=48000.0 hop=512 fft=4096 low=85.2 high=693.0
2025-12-01 06:43:42 [tracker] [s1] configure sr=48000.0 hop=512 fft=4096 low=37.1 high=445.0
2025-12-01 06:43:42 [tracker] [s1] params baseline=0.000180 gate=0.0550 envFloor=0.000450 sustain=0.580 retrigger=1.400 peakRelease=0.120 pitchTol=0.400 onsetScale=0.006 aubioScale=0.50 aubioThresh=0.010 onsetSilence=-85.0 pitchSilence=-90.0
2025-12-01 06:43:42 [tracker] [s2] configure sr=48000.0 hop=512 fft=4096 low=55.0 high=563.2
2025-12-01 06:43:42 [tracker] [s2] params baseline=0.000220 gate=0.1000 envFloor=0.000550 sustain=0.700 retrigger=1.250 peakRelease=0.130 pitchTol=0.400 onsetScale=0.009 aubioScale=0.50 aubioThresh=0.010 onsetSilence=-85.0 pitchSilence=-90.0
2025-12-01 06:43:42 [tracker] [s3] configure sr=48000.0 hop=512 fft=4096 low=85.2 high=693.0
2025-12-01 06:43:42 [tracker] [s3] params baseline=0.000260 gate=0.1300 envFloor=0.000650 sustain=0.820 retrigger=1.100 peakRelease=0.140 pitchTol=0.450 onsetScale=0.012 aubioScale=0.50 aubioThresh=0.010 onsetSilence=-75.0 pitchSilence=-80.0
2025-12-01 06:43:42 [tracker] [s4] configure sr=48000.0 hop=512 fft=4096 low=127.4 high=862.4
2025-12-01 06:43:42 [tracker] [s4] params baseline=0.000320 gate=0.1700 envFloor=0.000780 sustain=1.000 retrigger=1.000 peakRelease=0.160 pitchTol=0.440 onsetScale=0.014 aubioScale=0.50 aubioThresh=0.010 onsetSilence=-75.0 pitchSilence=-80.0
2025-12-01 06:43:42 [tracker] [s5] configure sr=48000.0 hop=512 fft=2048 low=160.5 high=1086.5
2025-12-01 06:43:42 [tracker] [s5] params baseline=0.000370 gate=0.2100 envFloor=0.000900 sustain=1.000 retrigger=1.000 peakRelease=0.180 pitchTol=0.500 onsetScale=0.016 aubioScale=0.50 aubioThresh=0.010 onsetSilence=-75.0 pitchSilence=-80.0
2025-12-01 06:43:42 [tracker] [s6] configure sr=48000.0 hop=512 fft=2048 low=214.3 high=1450.4
2025-12-01 06:43:42 [tracker] [s6] params baseline=0.000420 gate=0.2500 envFloor=0.001050 sustain=1.000 retrigger=1.000 peakRelease=0.200 pitchTol=0.550 onsetScale=0.018 aubioScale=0.50 aubioThresh=0.010 onsetSilence=-75.0 pitchSilence=-80.0
2025-12-01 06:43:42 [tracker] [s1] configure sr=48000.0 hop=512 fft=4096 low=37.1 high=445.0
2025-12-01 06:43:42 [tracker] [s1] params baseline=0.000180 gate=0.0550 envFloor=0.000450 sustain=0.580 retrigger=1.400 peakRelease=0.120 pitchTol=0.400 onsetScale=0.006 aubioScale=0.55 aubioThresh=0.011 onsetSilence=-85.0 pitchSilence=-90.0
2025-12-01 06:43:42 [tracker] [s2] configure sr=48000.0 hop=512 fft=4096 low=55.0 high=563.2
2025-12-01 06:43:42 [tracker] [s2] params baseline=0.000220 gate=0.1000 envFloor=0.000550 sustain=0.700 retrigger=1.250 peakRelease=0.130 pitchTol=0.400 onsetScale=0.009 aubioScale=0.55 aubioThresh=0.011 onsetSilence=-85.0 pitchSilence=-90.0
2025-12-01 06:43:42 [tracker] [s3] configure sr=48000.0 hop=512 fft=4096 low=85.2 high=693.0
2025-12-01 06:43:42 [tracker] [s3] params baseline=0.000260 gate=0.1300 envFloor=0.000650 sustain=0.820 retrigger=1.100 peakRelease=0.140 pitchTol=0.450 onsetScale=0.012 aubioScale=0.55 aubioThresh=0.011 onsetSilence=-75.0 pitchSilence=-80.0
2025-12-01 06:43:42 [tracker] [s4] configure sr=48000.0 hop=512 fft=4096 low=127.4 high=862.4
2025-12-01 06:43:42 [tracker] [s4] params baseline=0.000320 gate=0.1700 envFloor=0.000780 sustain=1.000 retrigger=1.000 peakRelease=0.160 pitchTol=0.440 onsetScale=0.014 aubioScale=0.55 aubioThresh=0.011 onsetSilence=-75.0 pitchSilence=-80.0
2025-12-01 06:43:42 [tracker] [s5] configure sr=48000.0 hop=512 fft=2048 low=160.5 high=1086.5
2025-12-01 06:43:42 [tracker] [s5] params baseline=0.000370 gate=0.2100 envFloor=0.000900 sustain=1.000 retrigger=1.000 peakRelease=0.180 pitchTol=0.500 onsetScale=0.016 aubioScale=0.55 aubioThresh=0.011 onsetSilence=-75.0 pitchSilence=-80.0
2025-12-01 06:43:42 [tracker] [s6] configure sr=48000.0 hop=512 fft=2048 low=214.3 high=1450.4
2025-12-01 06:43:42 [tracker] [s6] params baseline=0.000420 gate=0.2500 envFloor=0.001050 sustain=1.000 retrigger=1.000 peakRelease=0.200 pitchTol=0.550 onsetScale=0.018 aubioScale=0.55 aubioThresh=0.011 onsetSilence=-75.0 pitchSilence=-80.0
2025-12-01 06:43:42 [tracker] [s1] configure sr=48000.0 hop=512 fft=4096 low=37.1 high=445.0
2025-12-01 06:43:42 [tracker] [s1] params baseline=0.000180 gate=0.0550 envFloor=0.000450 sustain=0.580 retrigger=1.400 peakRelease=0.120 pitchTol=0.400 onsetScale=0.006 aubioScale=0.55 aubioThresh=0.011 onsetSilence=-85.0 pitchSilence=-90.0
2025-12-01 06:43:42 [tracker] [s2] configure sr=48000.0 hop=512 fft=4096 low=55.0 high=563.2
2025-12-01 06:43:42 [tracker] [s2] params baseline=0.000220 gate=0.1000 envFloor=0.000550 sustain=0.700 retrigger=1.250 peakRelease=0.130 pitchTol=0.400 onsetScale=0.009 aubioScale=0.55 aubioThresh=0.011 onsetSilence=-85.0 pitchSilence=-90.0
2025-12-01 06:43:42 [tracker] [s3] configure sr=48000.0 hop=512 fft=4096 low=85.2 high=693.0
2025-12-01 06:43:42 [tracker] [s3] params baseline=0.000260 gate=0.1300 envFloor=0.000650 sustain=0.820 retrigger=1.100 peakRelease=0.140 pitchTol=0.450 onsetScale=0.012 aubioScale=0.55 aubioThresh=0.011 onsetSilence=-75.0 pitchSilence=-80.0
2025-12-01 06:43:42 [tracker] [s4] configure sr=48000.0 hop=512 fft=4096 low=127.4 high=862.4
2025-12-01 06:43:42 [tracker] [s4] params baseline=0.000320 gate=0.1700 envFloor=0.000780 sustain=1.000 retrigger=1.000 peakRelease=0.160 pitchTol=0.440 onsetScale=0.014 aubioScale=0.55 aubioThresh=0.011 onsetSilence=-75.0 pitchSilence=-80.0
2025-12-01 06:43:42 [tracker] [s5] configure sr=48000.0 hop=512 fft=2048 low=160.5 high=1086.5
2025-12-01 06:43:42 [tracker] [s5] params baseline=0.000370 gate=0.2100 envFloor=0.000900 sustain=1.000 retrigger=1.000 peakRelease=0.180 pitchTol=0.500 onsetScale=0.016 aubioScale=0.55 aubioThresh=0.011 onsetSilence=-75.0 pitchSilence=-80.0
2025-12-01 06:43:42 [tracker] [s6] configure sr=48000.0 hop=512 fft=2048 low=214.3 high=1450.4
2025-12-01 06:43:42 [tracker] [s6] params baseline=0.000420 gate=0.2500 envFloor=0.001050 sustain=1.000 retrigger=1.000 peakRelease=0.200 pitchTol=0.550 onsetScale=0.018 aubioScale=0.55 aubioThresh=0.011 onsetSilence=-75.0 pitchSilence=-80.0
2025-12-01 06:43:42 [tracker] [s1] configure sr=48000.0 hop=512 fft=4096 low=37.1 high=445.0
2025-12-01 06:43:42 [tracker] [s1] params baseline=0.000180 gate=0.0550 envFloor=0.000450 sustain=0.580 retrigger=1.400 peakRelease=0.120 pitchTol=0.400 onsetScale=0.006 aubioScale=0.55 aubioThresh=0.011 onsetSilence=-85.0 pitchSilence=-90.0
2025-12-01 06:43:42 [tracker] [s3] configure sr=48000.0 hop=512 fft=4096 low=85.2 high=693.0
2025-12-01 06:43:42 [tracker] [s3] params baseline=0.000260 gate=0.1300 envFloor=0.000650 sustain=0.820 retrigger=1.100 peakRelease=0.140 pitchTol=0.450 onsetScale=0.012 aubioScale=0.55 aubioThresh=0.011 onsetSilence=-75.0 pitchSilence=-80.0
2025-12-01 06:43:42 [tracker] [s4] configure sr=48000.0 hop=512 fft=4096 low=127.4 high=862.4
2025-12-01 06:43:42 [tracker] [s4] params baseline=0.000320 gate=0.1700 envFloor=0.000780 sustain=1.000 retrigger=1.000 peakRelease=0.160 pitchTol=0.440 onsetScale=0.014 aubioScale=0.60 aubioThresh=0.012 onsetSilence=-75.0 pitchSilence=-80.0
2025-12-01 06:43:42 [tracker] [s5] configure sr=48000.0 hop=512 fft=2048 low=160.5 high=1086.5
2025-12-01 06:43:42 [tracker] [s5] params baseline=0.000370 gate=0.2100 envFloor=0.000900 sustain=1.000 retrigger=1.000 peakRelease=0.180 pitchTol=0.500 onsetScale=0.016 aubioScale=0.60 aubioThresh=0.012 onsetSilence=-75.0 pitchSilence=-80.0
2025-12-01 06:43:42 [tracker] [s6] configure sr=48000.0 hop=512 fft=2048 low=214.3 high=1450.4
2025-12-01 06:43:42 [tracker] [s6] params baseline=0.000420 gate=0.2500 envFloor=0.001050 sustain=1.000 retrigger=1.000 peakRelease=0.200 pitchTol=0.550 onsetScale=0.018 aubioScale=0.60 aubioThresh=0.012 onsetSilence=-75.0 pitchSilence=-80.0
2025-12-01 06:43:42 [tracker] [s1] configure sr=48000.0 hop=512 fft=4096 low=37.1 high=445.0
2025-12-01 06:43:42 [tracker] [s1] params baseline=0.000180 gate=0.0550 envFloor=0.000450 sustain=0.580 retrigger=1.400 peakRelease=0.120 pitchTol=0.400 onsetScale=0.006 aubioScale=0.60 aubioThresh=0.012 onsetSilence=-85.0 pitchSilence=-90.0
2025-12-01 06:43:42 [tracker] [s2] configure sr=48000.0 hop=512 fft=4096 low=55.0 high=563.2
2025-12-01 06:43:42 [tracker] [s2] params baseline=0.000220 gate=0.1000 envFloor=0.000550 sustain=0.700 retrigger=1.250 peakRelease=0.130 pitchTol=0.400 onsetScale=0.009 aubioScale=0.60 aubioThresh=0.012 onsetSilence=-85.0 pitchSilence=-90.0
2025-12-01 06:43:42 [tracker] [s3] configure sr=48000.0 hop=512 fft=4096 low=85.2 high=693.0
2025-12-01 06:43:42 [tracker] [s3] params baseline=0.000260 gate=0.1300 envFloor=0.000650 sustain=0.820 retrigger=1.100 peakRelease=0.140 pitchTol=0.450 onsetScale=0.012 aubioScale=0.60 aubioThresh=0.012 onsetSilence=-75.0 pitchSilence=-80.0
2025-12-01 06:43:42 [tracker] [s4] configure sr=48000.0 hop=512 fft=4096 low=127.4 high=862.4
2025-12-01 06:43:42 [tracker] [s4] params baseline=0.000320 gate=0.1700 envFloor=0.000780 sustain=1.000 retrigger=1.000 peakRelease=0.160 pitchTol=0.440 onsetScale=0.014 aubioScale=0.60 aubioThresh=0.012 onsetSilence=-75.0 pitchSilence=-80.0
2025-12-01 06:43:42 [tracker] [s5] configure sr=48000.0 hop=512 fft=2048 low=160.5 high=1086.5
2025-12-01 06:43:42 [tracker] [s5] params baseline=0.000370 gate=0.2100 envFloor=0.000900 sustain=1.000 retrigger=1.000 peakRelease=0.180 pitchTol=0.500 onsetScale=0.016 aubioScale=0.60 aubioThresh=0.012 onsetSilence=-75.0 pitchSilence=-80.0
2025-12-01 06:43:42 [tracker] [s6] configure sr=48000.0 hop=512 fft=2048 low=214.3 high=1450.4
2025-12-01 06:43:42 [tracker] [s6] params baseline=0.000420 gate=0.2500 envFloor=0.001050 sustain=1.000 retrigger=1.000 peakRelease=0.200 pitchTol=0.550 onsetScale=0.018 aubioScale=0.65 aubioThresh=0.013 onsetSilence=-75.0 pitchSilence=-80.0
2025-12-01 06:43:42 [tracker] [s1] configure sr=48000.0 hop=512 fft=4096 low=37.1 high=445.0
2025-12-01 06:43:42 [tracker] [s1] params baseline=0.000180 gate=0.0550 envFloor=0.000450 sustain=0.580 retrigger=1.400 peakRelease=0.120 pitchTol=0.400 onsetScale=0.006 aubioScale=0.65 aubioThresh=0.013 onsetSilence=-85.0 pitchSilence=-90.0
2025-12-01 06:43:42 [tracker] [s2] configure sr=48000.0 hop=512 fft=4096 low=55.0 high=563.2
2025-12-01 06:43:42 [tracker] [s2] params baseline=0.000220 gate=0.1000 envFloor=0.000550 sustain=0.700 retrigger=1.250 peakRelease=0.130 pitchTol=0.400 onsetScale=0.009 aubioScale=0.65 aubioThresh=0.013 onsetSilence=-85.0 pitchSilence=-90.0
2025-12-01 06:43:42 [tracker] [s3] configure sr=48000.0 hop=512 fft=4096 low=85.2 high=693.0
2025-12-01 06:43:42 [tracker] [s3] params baseline=0.000260 gate=0.1300 envFloor=0.000650 sustain=0.820 retrigger=1.100 peakRelease=0.140 pitchTol=0.450 onsetScale=0.012 aubioScale=0.65 aubioThresh=0.013 onsetSilence=-75.0 pitchSilence=-80.0
2025-12-01 06:43:42 [tracker] [s4] configure sr=48000.0 hop=512 fft=4096 low=127.4 high=862.4
2025-12-01 06:43:42 [tracker] [s4] params baseline=0.000320 gate=0.1700 envFloor=0.000780 sustain=1.000 retrigger=1.000 peakRelease=0.160 pitchTol=0.440 onsetScale=0.014 aubioScale=0.65 aubioThresh=0.013 onsetSilence=-75.0 pitchSilence=-80.0
2025-12-01 06:43:42 [tracker] [s5] configure sr=48000.0 hop=512 fft=2048 low=160.5 high=1086.5
2025-12-01 06:43:42 [tracker] [s5] params baseline=0.000370 gate=0.2100 envFloor=0.000900 sustain=1.000 retrigger=1.000 peakRelease=0.180 pitchTol=0.500 onsetScale=0.016 aubioScale=0.65 aubioThresh=0.013 onsetSilence=-75.0 pitchSilence=-80.0
2025-12-01 06:43:42 [tracker] [s6] configure sr=48000.0 hop=512 fft=2048 low=214.3 high=1450.4
2025-12-01 06:43:42 [tracker] [s6] params baseline=0.000420 gate=0.2500 envFloor=0.001050 sustain=1.000 retrigger=1.000 peakRelease=0.200 pitchTol=0.550 onsetScale=0.018 aubioScale=0.65 aubioThresh=0.013 onsetSilence=-75.0 pitchSilence=-80.0
2025-12-01 06:43:42 [tracker] [s1] configure sr=48000.0 hop=512 fft=4096 low=37.1 high=445.0
2025-12-01 06:43:42 [tracker] [s1] params baseline=0.000180 gate=0.0550 envFloor=0.000450 sustain=0.580 retrigger=1.400 peakRelease=0.120 pitchTol=0.400 onsetScale=0.006 aubioScale=0.75 aubioThresh=0.015 onsetSilence=-85.0 pitchSilence=-90.0
2025-12-01 06:43:42 [tracker] [s2] configure sr=48000.0 hop=512 fft=4096 low=55.0 high=563.2
2025-12-01 06:43:42 [tracker] [s2] params baseline=0.000220 gate=0.1000 envFloor=0.000550 sustain=0.700 retrigger=1.250 peakRelease=0.130 pitchTol=0.400 onsetScale=0.009 aubioScale=0.75 aubioThresh=0.015 onsetSilence=-85.0 pitchSilence=-90.0
2025-12-01 06:43:42 [tracker] [s3] configure sr=48000.0 hop=512 fft=4096 low=85.2 high=693.0
2025-12-01 06:43:42 [tracker] [s3] params baseline=0.000260 gate=0.1300 envFloor=0.000650 sustain=0.820 retrigger=1.100 peakRelease=0.140 pitchTol=0.450 onsetScale=0.012 aubioScale=0.75 aubioThresh=0.015 onsetSilence=-75.0 pitchSilence=-80.0
2025-12-01 06:43:42 [tracker] [s4] configure sr=48000.0 hop=512 fft=4096 low=127.4 high=862.4
2025-12-01 06:43:42 [tracker] [s4] params baseline=0.000320 gate=0.1700 envFloor=0.000780 sustain=1.000 retrigger=1.000 peakRelease=0.160 pitchTol=0.440 onsetScale=0.014 aubioScale=0.75 aubioThresh=0.015 onsetSilence=-75.0 pitchSilence=-80.0
2025-12-01 06:43:42 [tracker] [s5] configure sr=48000.0 hop=512 fft=2048 low=160.5 high=1086.5
2025-12-01 06:43:42 [tracker] [s5] params baseline=0.000370 gate=0.2100 envFloor=0.000900 sustain=1.000 retrigger=1.000 peakRelease=0.180 pitchTol=0.500 onsetScale=0.016 aubioScale=0.75 aubioThresh=0.015 onsetSilence=-75.0 pitchSilence=-80.0
2025-12-01 06:43:42 [tracker] [s6] configure sr=48000.0 hop=512 fft=2048 low=214.3 high=1450.4
2025-12-01 06:43:42 [tracker] [s6] params baseline=0.000420 gate=0.2500 envFloor=0.001050 sustain=1.000 retrigger=1.000 peakRelease=0.200 pitchTol=0.550 onsetScale=0.018 aubioScale=0.75 aubioThresh=0.015 onsetSilence=-75.0 pitchSilence=-80.0
2025-12-01 06:43:42 [tracker] [s1] configure sr=48000.0 hop=512 fft=4096 low=37.1 high=445.0
2025-12-01 06:43:42 [tracker] [s1] params baseline=0.000180 gate=0.0550 envFloor=0.000450 sustain=0.580 retrigger=1.400 peakRelease=0.120 pitchTol=0.400 onsetScale=0.006 aubioScale=0.75 aubioThresh=0.015 onsetSilence=-85.0 pitchSilence=-90.0
2025-12-01 06:43:42 [tracker] [s2] configure sr=48000.0 hop=512 fft=4096 low=55.0 high=563.2
2025-12-01 06:43:42 [tracker] [s2] params baseline=0.000220 gate=0.1000 envFloor=0.000550 sustain=0.700 retrigger=1.250 peakRelease=0.130 pitchTol=0.400 onsetScale=0.009 aubioScale=0.75 aubioThresh=0.015 onsetSilence=-85.0 pitchSilence=-90.0
2025-12-01 06:43:42 [tracker] [s3] configure sr=48000.0 hop=512 fft=4096 low=85.2 high=693.0
2025-12-01 06:43:42 [tracker] [s3] params baseline=0.000260 gate=0.1300 envFloor=0.000650 sustain=0.820 retrigger=1.100 peakRelease=0.140 pitchTol=0.450 onsetScale=0.012 aubioScale=0.80 aubioThresh=0.016 onsetSilence=-75.0 pitchSilence=-80.0
2025-12-01 06:43:42 [tracker] [s4] configure sr=48000.0 hop=512 fft=4096 low=127.4 high=862.4
2025-12-01 06:43:42 [tracker] [s4] params baseline=0.000320 gate=0.1700 envFloor=0.000780 sustain=1.000 retrigger=1.000 peakRelease=0.160 pitchTol=0.440 onsetScale=0.014 aubioScale=0.80 aubioThresh=0.016 onsetSilence=-75.0 pitchSilence=-80.0
2025-12-01 06:43:42 [tracker] [s5] configure sr=48000.0 hop=512 fft=2048 low=160.5 high=1086.5
2025-12-01 06:43:42 [tracker] [s5] params baseline=0.000370 gate=0.2100 envFloor=0.000900 sustain=1.000 retrigger=1.000 peakRelease=0.180 pitchTol=0.500 onsetScale=0.016 aubioScale=0.80 aubioThresh=0.016 onsetSilence=-75.0 pitchSilence=-80.0
2025-12-01 06:43:42 [tracker] [s6] configure sr=48000.0 hop=512 fft=2048 low=214.3 high=1450.4
2025-12-01 06:43:42 [tracker] [s6] params baseline=0.000420 gate=0.2500 envFloor=0.001050 sustain=1.000 retrigger=1.000 peakRelease=0.200 pitchTol=0.550 onsetScale=0.018 aubioScale=0.80 aubioThresh=0.016 onsetSilence=-75.0 pitchSilence=-80.0
2025-12-01 06:43:42 [tracker] [s1] configure sr=48000.0 hop=512 fft=4096 low=37.1 high=445.0
2025-12-01 06:43:42 [tracker] [s1] params baseline=0.000180 gate=0.0550 envFloor=0.000450 sustain=0.580 retrigger=1.400 peakRelease=0.120 pitchTol=0.400 onsetScale=0.006 aubioScale=0.80 aubioThresh=0.016 onsetSilence=-85.0 pitchSilence=-90.0
2025-12-01 06:43:42 [tracker] [s2] configure sr=48000.0 hop=512 fft=4096 low=55.0 high=563.2
2025-12-01 06:43:42 [tracker] [s2] params baseline=0.000220 gate=0.1000 envFloor=0.000550 sustain=0.700 retrigger=1.250 peakRelease=0.130 pitchTol=0.400 onsetScale=0.009 aubioScale=0.80 aubioThresh=0.016 onsetSilence=-85.0 pitchSilence=-90.0
2025-12-01 06:43:42 [tracker] [s3] configure sr=48000.0 hop=512 fft=4096 low=85.2 high=693.0
2025-12-01 06:43:42 [tracker] [s2] configure sr=48000.0 hop=512 fft=4096 low=55.0 high=563.2
2025-12-01 06:43:42 [tracker] [s2] params baseline=0.000220 gate=0.1000 envFloor=0.000550 sustain=0.700 retrigger=1.250 peakRelease=0.130 pitchTol=0.400 onsetScale=0.009 aubioScale=0.80 aubioThresh=0.016 onsetSilence=-85.0 pitchSilence=-90.0
2025-12-01 06:43:42 [tracker] [s3] configure sr=48000.0 hop=512 fft=4096 low=85.2 high=693.0
2025-12-01 06:43:42 [tracker] [s3] params baseline=0.000260 gate=0.1300 envFloor=0.000650 sustain=0.820 retrigger=1.100 peakRelease=0.140 pitchTol=0.450 onsetScale=0.012 aubioScale=0.95 aubioThresh=0.019 onsetSilence=-75.0 pitchSilence=-80.0
2025-12-01 06:43:42 [tracker] [s4] configure sr=48000.0 hop=512 fft=4096 low=127.4 high=862.4
2025-12-01 06:43:42 [tracker] [s4] params baseline=0.000320 gate=0.1700 envFloor=0.000780 sustain=1.000 retrigger=1.000 peakRelease=0.160 pitchTol=0.440 onsetScale=0.014 aubioScale=0.95 aubioThresh=0.019 onsetSilence=-75.0 pitchSilence=-80.0
2025-12-01 06:43:42 [tracker] [s5] configure sr=48000.0 hop=512 fft=2048 low=160.5 high=1086.5
2025-12-01 06:43:42 [tracker] [s5] params baseline=0.000370 gate=0.2100 envFloor=0.000900 sustain=1.000 retrigger=1.000 peakRelease=0.180 pitchTol=0.500 onsetScale=0.016 aubioScale=0.95 aubioThresh=0.019 onsetSilence=-75.0 pitchSilence=-80.0
2025-12-01 06:43:42 [tracker] [s6] configure sr=48000.0 hop=512 fft=2048 low=214.3 high=1450.4
2025-12-01 06:43:42 [tracker] [s6] params baseline=0.000420 gate=0.2500 envFloor=0.001050 sustain=1.000 retrigger=1.000 peakRelease=0.200 pitchTol=0.550 onsetScale=0.018 aubioScale=0.95 aubioThresh=0.019 onsetSilence=-75.0 pitchSilence=-80.0
2025-12-01 06:43:42 [tracker] [s1] configure sr=48000.0 hop=512 fft=4096 low=37.1 high=445.0
2025-12-01 06:43:42 [tracker] [s1] params baseline=0.000180 gate=0.0550 envFloor=0.000450 sustain=0.580 retrigger=1.400 peakRelease=0.120 pitchTol=0.400 onsetScale=0.006 aubioScale=0.95 aubioThresh=0.019 onsetSilence=-85.0 pitchSilence=-90.0
2025-12-01 06:43:42 [tracker] [s2] configure sr=48000.0 hop=512 fft=4096 low=55.0 high=563.2
2025-12-01 06:43:42 [tracker] [s2] params baseline=0.000220 gate=0.1000 envFloor=0.000550 sustain=0.700 retrigger=1.250 peakRelease=0.130 pitchTol=0.400 onsetScale=0.009 aubioScale=0.95 aubioThresh=0.019 onsetSilence=-85.0 pitchSilence=-90.0
2025-12-01 06:43:42 [tracker] [s3] configure sr=48000.0 hop=512 fft=4096 low=85.2 high=693.0
2025-12-01 06:43:42 [tracker] [s3] params baseline=0.000260 gate=0.1300 envFloor=0.000650 sustain=0.820 retrigger=1.100 peakRelease=0.140 pitchTol=0.450 onsetScale=0.012 aubioScale=1.00 aubioThresh=0.020 onsetSilence=-75.0 pitchSilence=-80.0
2025-12-01 06:43:42 [tracker] [s4] configure sr=48000.0 hop=512 fft=4096 low=127.4 high=862.4
2025-12-01 06:43:42 [tracker] [s4] params baseline=0.000320 gate=0.1700 envFloor=0.000780 sustain=1.000 retrigger=1.000 peakRelease=0.160 pitchTol=0.440 onsetScale=0.014 aubioScale=1.00 aubioThresh=0.020 onsetSilence=-75.0 pitchSilence=-80.0
2025-12-01 06:43:42 [tracker] [s5] configure sr=48000.0 hop=512 fft=2048 low=160.5 high=1086.5
2025-12-01 06:43:42 [tracker] [s5] params baseline=0.000370 gate=0.2100 envFloor=0.000900 sustain=1.000 retrigger=1.000 peakRelease=0.180 pitchTol=0.500 onsetScale=0.016 aubioScale=1.00 aubioThresh=0.020 onsetSilence=-75.0 pitchSilence=-80.0
2025-12-01 06:43:42 [tracker] [s6] configure sr=48000.0 hop=512 fft=2048 low=214.3 high=1450.4
2025-12-01 06:43:42 [tracker] [s6] params baseline=0.000420 gate=0.2500 envFloor=0.001050 sustain=1.000 retrigger=1.000 peakRelease=0.200 pitchTol=0.550 onsetScale=0.018 aubioScale=1.00 aubioThresh=0.020 onsetSilence=-75.0 pitchSilence=-80.0
2025-12-01 06:43:42 [tracker] [s1] configure sr=48000.0 hop=512 fft=4096 low=37.1 high=445.0
2025-12-01 06:43:42 [tracker] [s1] params baseline=0.000180 gate=0.0550 envFloor=0.000450 sustain=0.580 retrigger=1.400 peakRelease=0.120 pitchTol=0.400 onsetScale=0.006 aubioScale=1.00 aubioThresh=0.020 onsetSilence=-85.0 pitchSilence=-90.0
2025-12-01 06:43:42 [tracker] [s2] configure sr=48000.0 hop=512 fft=4096 low=55.0 high=563.2
2025-12-01 06:43:42 [tracker] [s2] params baseline=0.000220 gate=0.1000 envFloor=0.000550 sustain=0.700 retrigger=1.250 peakRelease=0.130 pitchTol=0.400 onsetScale=0.009 aubioScale=1.00 aubioThresh=0.020 onsetSilence=-85.0 pitchSilence=-90.0
2025-12-01 06:43:42 [tracker] [s3] configure sr=48000.0 hop=512 fft=4096 low=85.2 high=693.0
2025-12-01 06:43:42 [tracker] [s3] params baseline=0.000260 gate=0.1300 envFloor=0.000650 sustain=0.820 retrigger=1.100 peakRelease=0.140 pitchTol=0.450 onsetScale=0.012 aubioScale=1.20 aubioThresh=0.024 onsetSilence=-75.0 pitchSilence=-80.0
2025-12-01 06:43:42 [tracker] [s4] configure sr=48000.0 hop=512 fft=4096 low=127.4 high=862.4
2025-12-01 06:43:42 [tracker] [s4] params baseline=0.000320 gate=0.1700 envFloor=0.000780 sustain=1.000 retrigger=1.000 peakRelease=0.160 pitchTol=0.440 onsetScale=0.014 aubioScale=1.20 aubioThresh=0.024 onsetSilence=-75.0 pitchSilence=-80.0
2025-12-01 06:43:42 [tracker] [s5] configure sr=48000.0 hop=512 fft=2048 low=160.5 high=1086.5
2025-12-01 06:43:42 [tracker] [s5] params baseline=0.000370 gate=0.2100 envFloor=0.000900 sustain=1.000 retrigger=1.000 peakRelease=0.180 pitchTol=0.500 onsetScale=0.016 aubioScale=1.20 aubioThresh=0.024 onsetSilence=-75.0 pitchSilence=-80.0
2025-12-01 06:43:42 [tracker] [s6] configure sr=48000.0 hop=512 fft=2048 low=214.3 high=1450.4
2025-12-01 06:43:42 [tracker] [s6] params baseline=0.000420 gate=0.2500 envFloor=0.001050 sustain=1.000 retrigger=1.000 peakRelease=0.200 pitchTol=0.550 onsetScale=0.018 aubioScale=1.20 aubioThresh=0.024 onsetSilence=-75.0 pitchSilence=-80.0
2025-12-01 06:43:42 [tracker] [s1] configure sr=48000.0 hop=512 fft=4096 low=37.1 high=445.0
2025-12-01 06:43:42 [tracker] [s1] params baseline=0.000180 gate=0.0550 envFloor=0.000450 sustain=0.580 retrigger=1.400 peakRelease=0.120 pitchTol=0.400 onsetScale=0.006 aubioScale=1.20 aubioThresh=0.024 onsetSilence=-85.0 pitchSilence=-90.0
2025-12-01 06:43:42 [tracker] [s2] configure sr=48000.0 hop=512 fft=4096 low=55.0 high=563.2
2025-12-01 06:43:42 [tracker] [s2] params baseline=0.000220 gate=0.1000 envFloor=0.000550 sustain=0.700 retrigger=1.250 peakRelease=0.130 pitchTol=0.400 onsetScale=0.009 aubioScale=1.20 aubioThresh=0.024 onsetSilence=-85.0 pitchSilence=-90.0
2025-12-01 06:43:42 [tracker] [s3] configure sr=48000.0 hop=512 fft=4096 low=85.2 high=693.0
2025-12-01 06:43:42 [tracker] [s3] params baseline=0.000260 gate=0.1300 envFloor=0.000650 sustain=0.820 retrigger=1.100 peakRelease=0.140 pitchTol=0.450 onsetScale=0.012 aubioScale=1.20 aubioThresh=0.024 onsetSilence=-75.0 pitchSilence=-80.0
2025-12-01 06:43:42 [tracker] [s4] configure sr=48000.0 hop=512 fft=4096 low=127.4 high=862.4
2025-12-01 06:43:42 [tracker] [s4] params baseline=0.000320 gate=0.1700 envFloor=0.000780 sustain=1.000 retrigger=1.000 peakRelease=0.160 pitchTol=0.440 onsetScale=0.014 aubioScale=1.20 aubioThresh=0.024 onsetSilence=-75.0 pitchSilence=-80.0
2025-12-01 06:43:42 [tracker] [s5] configure sr=48000.0 hop=512 fft=2048 low=160.5 high=1086.5
2025-12-01 06:43:42 [tracker] [s5] params baseline=0.000370 gate=0.2100 envFloor=0.000900 sustain=1.000 retrigger=1.000 peakRelease=0.180 pitchTol=0.500 onsetScale=0.016 aubioScale=1.20 aubioThresh=0.024 onsetSilence=-75.0 pitchSilence=-80.0
2025-12-01 06:43:42 [tracker] [s6] configure sr=48000.0 hop=512 fft=2048 low=214.3 high=1450.4
2025-12-01 06:43:42 [tracker] [s6] params baseline=0.000420 gate=0.2500 envFloor=0.001050 sustain=1.000 retrigger=1.000 peakRelease=0.200 pitchTol=0.550 onsetScale=0.018 aubioScale=1.20 aubioThresh=0.024 onsetSilence=-75.0 pitchSilence=-80.0
2025-12-01 06:43:42 [tracker] [s1] configure sr=48000.0 hop=512 fft=4096 low=37.1 high=445.0
2025-12-01 06:43:42 [tracker] [s1] params baseline=0.000180 gate=0.0550 envFloor=0.000450 sustain=0.580 retrigger=1.400 peakRelease=0.120 pitchTol=0.400 onsetScale=0.006 aubioScale=1.20 aubioThresh=0.024 onsetSilence=-85.0 pitchSilence=-90.0
2025-12-01 06:43:42 [tracker] [s3] configure sr=48000.0 hop=512 fft=4096 low=85.2 high=693.0
2025-12-01 06:43:42 [tracker] [s3] params baseline=0.000260 gate=0.1300 envFloor=0.000650 sustain=0.820 retrigger=1.100 peakRelease=0.140 pitchTol=0.450 onsetScale=0.012 aubioScale=1.20 aubioThresh=0.024 onsetSilence=-75.0 pitchSilence=-80.0
2025-12-01 06:43:42 [tracker] [s4] configure sr=48000.0 hop=512 fft=4096 low=127.4 high=862.4
2025-12-01 06:43:42 [tracker] [s4] params baseline=0.000320 gate=0.1700 envFloor=0.000780 sustain=1.000 retrigger=1.000 peakRelease=0.160 pitchTol=0.440 onsetScale=0.014 aubioScale=1.20 aubioThresh=0.024 onsetSilence=-75.0 pitchSilence=-80.0
2025-12-01 06:43:42 [tracker] [s5] configure sr=48000.0 hop=512 fft=2048 low=160.5 high=1086.5
2025-12-01 06:43:42 [tracker] [s5] params baseline=0.000370 gate=0.2100 envFloor=0.000900 sustain=1.000 retrigger=1.000 peakRelease=0.180 pitchTol=0.500 onsetScale=0.016 aubioScale=1.30 aubioThresh=0.026 onsetSilence=-75.0 pitchSilence=-80.0
2025-12-01 06:43:42 [tracker] [s6] configure sr=48000.0 hop=512 fft=2048 low=214.3 high=1450.4
2025-12-01 06:43:42 [tracker] [s6] params baseline=0.000420 gate=0.2500 envFloor=0.001050 sustain=1.000 retrigger=1.000 peakRelease=0.200 pitchTol=0.550 onsetScale=0.018 aubioScale=1.30 aubioThresh=0.026 onsetSilence=-75.0 pitchSilence=-80.0
2025-12-01 06:43:42 [tracker] [s1] configure sr=48000.0 hop=512 fft=4096 low=37.1 high=445.0
2025-12-01 06:43:42 [tracker] [s1] params baseline=0.000180 gate=0.0550 envFloor=0.000450 sustain=0.580 retrigger=1.400 peakRelease=0.120 pitchTol=0.400 onsetScale=0.006 aubioScale=1.30 aubioThresh=0.026 onsetSilence=-85.0 pitchSilence=-90.0
2025-12-01 06:43:42 [tracker] [s2] configure sr=48000.0 hop=512 fft=4096 low=55.0 high=563.2
2025-12-01 06:43:42 [tracker] [s2] params baseline=0.000220 gate=0.1000 envFloor=0.000550 sustain=0.700 retrigger=1.250 peakRelease=0.130 pitchTol=0.400 onsetScale=0.009 aubioScale=1.30 aubioThresh=0.026 onsetSilence=-85.0 pitchSilence=-90.0
2025-12-01 06:43:42 [tracker] [s3] configure sr=48000.0 hop=512 fft=4096 low=85.2 high=693.0
2025-12-01 06:43:42 [tracker] [s3] params baseline=0.000260 gate=0.1300 envFloor=0.000650 sustain=0.820 retrigger=1.100 peakRelease=0.140 pitchTol=0.450 onsetScale=0.012 aubioScale=1.30 aubioThresh=0.026 onsetSilence=-75.0 pitchSilence=-80.0
2025-12-01 06:43:42 [tracker] [s4] configure sr=48000.0 hop=512 fft=4096 low=127.4 high=862.4
2025-12-01 06:43:42 [tracker] [s4] params baseline=0.000320 gate=0.1700 envFloor=0.000780 sustain=1.000 retrigger=1.000 peakRelease=0.160 pitchTol=0.440 onsetScale=0.014 aubioScale=1.30 aubioThresh=0.026 onsetSilence=-75.0 pitchSilence=-80.0
2025-12-01 06:43:42 [tracker] [s5] configure sr=48000.0 hop=512 fft=2048 low=160.5 high=1086.5
2025-12-01 06:43:42 [tracker] [s5] params baseline=0.000370 gate=0.2100 envFloor=0.000900 sustain=1.000 retrigger=1.000 peakRelease=0.180 pitchTol=0.500 onsetScale=0.016 aubioScale=1.30 aubioThresh=0.026 onsetSilence=-75.0 pitchSilence=-80.0
2025-12-01 06:43:42 [tracker] [s6] configure sr=48000.0 hop=512 fft=2048 low=214.3 high=1450.4
2025-12-01 06:43:42 [tracker] [s6] params baseline=0.000420 gate=0.2500 envFloor=0.001050 sustain=1.000 retrigger=1.000 peakRelease=0.200 pitchTol=0.550 onsetScale=0.018 aubioScale=1.30 aubioThresh=0.026 onsetSilence=-75.0 pitchSilence=-80.0
2025-12-01 06:43:42 [tracker] [s1] configure sr=48000.0 hop=512 fft=4096 low=37.1 high=445.0
2025-12-01 06:43:42 [tracker] [s1] params baseline=0.000180 gate=0.0550 envFloor=0.000450 sustain=0.580 retrigger=1.400 peakRelease=0.120 pitchTol=0.400 onsetScale=0.006 aubioScale=1.35 aubioThresh=0.027 onsetSilence=-85.0 pitchSilence=-90.0
2025-12-01 06:43:42 [tracker] [s2] configure sr=48000.0 hop=512 fft=4096 low=55.0 high=563.2
2025-12-01 06:43:42 [tracker] [s2] params baseline=0.000220 gate=0.1000 envFloor=0.000550 sustain=0.700 retrigger=1.250 peakRelease=0.130 pitchTol=0.400 onsetScale=0.009 aubioScale=1.30 aubioThresh=0.026 onsetSilence=-85.0 pitchSilence=-90.0
2025-12-01 06:43:42 [tracker] [s3] configure sr=48000.0 hop=512 fft=4096 low=85.2 high=693.0
2025-12-01 06:43:42 [tracker] [s3] params baseline=0.000260 gate=0.1300 envFloor=0.000650 sustain=0.820 retrigger=1.100 peakRelease=0.140 pitchTol=0.450 onsetScale=0.012 aubioScale=1.35 aubioThresh=0.027 onsetSilence=-75.0 pitchSilence=-80.0
2025-12-01 06:43:42 [tracker] [s4] configure sr=48000.0 hop=512 fft=4096 low=127.4 high=862.4
2025-12-01 06:43:42 [tracker] [s4] params baseline=0.000320 gate=0.1700 envFloor=0.000780 sustain=1.000 retrigger=1.000 peakRelease=0.160 pitchTol=0.440 onsetScale=0.014 aubioScale=1.35 aubioThresh=0.027 onsetSilence=-75.0 pitchSilence=-80.0
2025-12-01 06:43:42 [tracker] [s5] configure sr=48000.0 hop=512 fft=2048 low=160.5 high=1086.5
2025-12-01 06:43:42 [tracker] [s5] params baseline=0.000370 gate=0.2100 envFloor=0.000900 sustain=1.000 retrigger=1.000 peakRelease=0.180 pitchTol=0.500 onsetScale=0.016 aubioScale=1.35 aubioThresh=0.027 onsetSilence=-75.0 pitchSilence=-80.0
2025-12-01 06:43:42 [tracker] [s6] configure sr=48000.0 hop=512 fft=2048 low=214.3 high=1450.4
2025-12-01 06:43:42 [tracker] [s6] params baseline=0.000420 gate=0.2500 envFloor=0.001050 sustain=1.000 retrigger=1.000 peakRelease=0.200 pitchTol=0.550 onsetScale=0.018 aubioScale=1.35 aubioThresh=0.027 onsetSilence=-75.0 pitchSilence=-80.0
2025-12-01 06:43:42 [tracker] [s1] configure sr=48000.0 hop=512 fft=4096 low=37.1 high=445.0
2025-12-01 06:43:42 [tracker] [s1] params baseline=0.000180 gate=0.0550 envFloor=0.000450 sustain=0.580 retrigger=1.400 peakRelease=0.120 pitchTol=0.400 onsetScale=0.006 aubioScale=1.35 aubioThresh=0.027 onsetSilence=-85.0 pitchSilence=-90.0
2025-12-01 06:43:42 [tracker] [s2] configure sr=48000.0 hop=512 fft=4096 low=55.0 high=563.2
2025-12-01 06:43:42 [tracker] [s2] params baseline=0.000220 gate=0.1000 envFloor=0.000550 sustain=0.700 retrigger=1.250 peakRelease=0.130 pitchTol=0.400 onsetScale=0.009 aubioScale=1.35 aubioThresh=0.027 onsetSilence=-85.0 pitchSilence=-90.0
2025-12-01 06:43:42 [tracker] [s3] configure sr=48000.0 hop=512 fft=4096 low=85.2 high=693.0
2025-12-01 06:43:42 [tracker] [s3] params baseline=0.000260 gate=0.1300 envFloor=0.000650 sustain=0.820 retrigger=1.100 peakRelease=0.140 pitchTol=0.450 onsetScale=0.012 aubioScale=1.35 aubioThresh=0.027 onsetSilence=-75.0 pitchSilence=-80.0
2025-12-01 06:43:42 [tracker] [s4] configure sr=48000.0 hop=512 fft=4096 low=127.4 high=862.4
2025-12-01 06:43:42 [tracker] [s4] params baseline=0.000320 gate=0.1700 envFloor=0.000780 sustain=1.000 retrigger=1.000 peakRelease=0.160 pitchTol=0.440 onsetScale=0.014 aubioScale=1.40 aubioThresh=0.028 onsetSilence=-75.0 pitchSilence=-80.0
2025-12-01 06:43:42 [tracker] [s5] configure sr=48000.0 hop=512 fft=2048 low=160.5 high=1086.5
2025-12-01 06:43:42 [tracker] [s5] params baseline=0.000370 gate=0.2100 envFloor=0.000900 sustain=1.000 retrigger=1.000 peakRelease=0.180 pitchTol=0.500 onsetScale=0.016 aubioScale=1.40 aubioThresh=0.028 onsetSilence=-75.0 pitchSilence=-80.0
2025-12-01 06:43:42 [tracker] [s6] configure sr=48000.0 hop=512 fft=2048 low=214.3 high=1450.4
2025-12-01 06:43:42 [tracker] [s6] params baseline=0.000420 gate=0.2500 envFloor=0.001050 sustain=1.000 retrigger=1.000 peakRelease=0.200 pitchTol=0.550 onsetScale=0.018 aubioScale=1.40 aubioThresh=0.028 onsetSilence=-75.0 pitchSilence=-80.0
2025-12-01 06:43:42 [tracker] [s1] configure sr=48000.0 hop=512 fft=4096 low=37.1 high=445.0
2025-12-01 06:43:42 [tracker] [s1] params baseline=0.000180 gate=0.0550 envFloor=0.000450 sustain=0.580 retrigger=1.400 peakRelease=0.120 pitchTol=0.400 onsetScale=0.006 aubioScale=1.40 aubioThresh=0.028 onsetSilence=-85.0 pitchSilence=-90.0
2025-12-01 06:43:42 [tracker] [s2] configure sr=48000.0 hop=512 fft=4096 low=55.0 high=563.2
2025-12-01 06:43:42 [tracker] [s2] params baseline=0.000220 gate=0.1000 envFloor=0.000550 sustain=0.700 retrigger=1.250 peakRelease=0.130 pitchTol=0.400 onsetScale=0.009 aubioScale=1.40 aubioThresh=0.028 onsetSilence=-85.0 pitchSilence=-90.0
2025-12-01 06:43:42 [tracker] [s3] configure sr=48000.0 hop=512 fft=4096 low=85.2 high=693.0
2025-12-01 06:43:42 [tracker] [s3] params baseline=0.000260 gate=0.1300 envFloor=0.000650 sustain=0.820 retrigger=1.100 peakRelease=0.140 pitchTol=0.450 onsetScale=0.012 aubioScale=1.40 aubioThresh=0.028 onsetSilence=-75.0 pitchSilence=-80.0
2025-12-01 06:43:42 [tracker] [s4] configure sr=48000.0 hop=512 fft=4096 low=127.4 high=862.4
2025-12-01 06:43:42 [tracker] [s4] params baseline=0.000320 gate=0.1700 envFloor=0.000780 sustain=1.000 retrigger=1.000 peakRelease=0.160 pitchTol=0.440 onsetScale=0.014 aubioScale=1.40 aubioThresh=0.028 onsetSilence=-75.0 pitchSilence=-80.0
2025-12-01 06:43:42 [tracker] [s5] configure sr=48000.0 hop=512 fft=2048 low=160.5 high=1086.5
2025-12-01 06:43:42 [tracker] [s5] params baseline=0.000370 gate=0.2100 envFloor=0.000900 sustain=1.000 retrigger=1.000 peakRelease=0.180 pitchTol=0.500 onsetScale=0.016 aubioScale=1.45 aubioThresh=0.029 onsetSilence=-75.0 pitchSilence=-80.0
2025-12-01 06:43:42 [tracker] [s6] configure sr=48000.0 hop=512 fft=2048 low=214.3 high=1450.4
2025-12-01 06:43:42 [tracker] [s6] params baseline=0.000420 gate=0.2500 envFloor=0.001050 sustain=1.000 retrigger=1.000 peakRelease=0.200 pitchTol=0.550 onsetScale=0.018 aubioScale=1.45 aubioThresh=0.029 onsetSilence=-75.0 pitchSilence=-80.0
2025-12-01 06:43:42 [tracker] [s1] configure sr=48000.0 hop=512 fft=4096 low=37.1 high=445.0
2025-12-01 06:43:42 [tracker] [s1] params baseline=0.000180 gate=0.0550 envFloor=0.000450 sustain=0.580 retrigger=1.400 peakRelease=0.120 pitchTol=0.400 onsetScale=0.006 aubioScale=1.45 aubioThresh=0.029 onsetSilence=-85.0 pitchSilence=-90.0
2025-12-01 06:43:42 [tracker] [s2] configure sr=48000.0 hop=512 fft=4096 low=55.0 high=563.2
2025-12-01 06:43:42 [tracker] [s2] params baseline=0.000220 gate=0.1000 envFloor=0.000550 sustain=0.700 retrigger=1.250 peakRelease=0.130 pitchTol=0.400 onsetScale=0.009 aubioScale=1.45 aubioThresh=0.029 onsetSilence=-85.0 pitchSilence=-90.0
2025-12-01 06:43:42 [tracker] [s3] configure sr=48000.0 hop=512 fft=4096 low=85.2 high=693.0
2025-12-01 06:43:42 [tracker] [s3] params baseline=0.000260 gate=0.1300 envFloor=0.000650 sustain=0.820 retrigger=1.100 peakRelease=0.140 pitchTol=0.450 onsetScale=0.012 aubioScale=1.45 aubioThresh=0.029 onsetSilence=-75.0 pitchSilence=-80.0
2025-12-01 06:43:42 [tracker] [s4] configure sr=48000.0 hop=512 fft=4096 low=127.4 high=862.4
2025-12-01 06:43:42 [tracker] [s4] params baseline=0.000320 gate=0.1700 envFloor=0.000780 sustain=1.000 retrigger=1.000 peakRelease=0.160 pitchTol=0.440 onsetScale=0.014 aubioScale=1.45 aubioThresh=0.029 onsetSilence=-75.0 pitchSilence=-80.0
2025-12-01 06:43:42 [tracker] [s5] configure sr=48000.0 hop=512 fft=2048 low=160.5 high=1086.5
2025-12-01 06:43:42 [tracker] [s5] params baseline=0.000370 gate=0.2100 envFloor=0.000900 sustain=1.000 retrigger=1.000 peakRelease=0.180 pitchTol=0.500 onsetScale=0.016 aubioScale=1.45 aubioThresh=0.029 onsetSilence=-75.0 pitchSilence=-80.0
2025-12-01 06:43:42 [tracker] [s6] configure sr=48000.0 hop=512 fft=2048 low=214.3 high=1450.4
2025-12-01 06:43:42 [tracker] [s6] params baseline=0.000420 gate=0.2500 envFloor=0.001050 sustain=1.000 retrigger=1.000 peakRelease=0.200 pitchTol=0.550 onsetScale=0.018 aubioScale=1.55 aubioThresh=0.031 onsetSilence=-75.0 pitchSilence=-80.0
2025-12-01 06:43:42 [tracker] [s1] configure sr=48000.0 hop=512 fft=4096 low=37.1 high=445.0
2025-12-01 06:43:42 [tracker] [s1] params baseline=0.000180 gate=0.0550 envFloor=0.000450 sustain=0.580 retrigger=1.400 peakRelease=0.120 pitchTol=0.400 onsetScale=0.006 aubioScale=1.55 aubioThresh=0.031 onsetSilence=-85.0 pitchSilence=-90.0
2025-12-01 06:43:42 [tracker] [s2] configure sr=48000.0 hop=512 fft=4096 low=55.0 high=563.2
2025-12-01 06:43:42 [tracker] [s2] params baseline=0.000220 gate=0.1000 envFloor=0.000550 sustain=0.700 retrigger=1.250 peakRelease=0.130 pitchTol=0.400 onsetScale=0.009 aubioScale=1.45 aubioThresh=0.029 onsetSilence=-85.0 pitchSilence=-90.0
2025-12-01 06:43:42 [tracker] [s3] configure sr=48000.0 hop=512 fft=4096 low=85.2 high=693.0
2025-12-01 06:43:42 [tracker] [s3] params baseline=0.000260 gate=0.1300 envFloor=0.000650 sustain=0.820 retrigger=1.100 peakRelease=0.140 pitchTol=0.450 onsetScale=0.012 aubioScale=1.55 aubioThresh=0.031 onsetSilence=-75.0 pitchSilence=-80.0
2025-12-01 06:43:42 [tracker] [s4] configure sr=48000.0 hop=512 fft=4096 low=127.4 high=862.4
2025-12-01 06:43:42 [tracker] [s4] params baseline=0.000320 gate=0.1700 envFloor=0.000780 sustain=1.000 retrigger=1.000 peakRelease=0.160 pitchTol=0.440 onsetScale=0.014 aubioScale=1.55 aubioThresh=0.031 onsetSilence=-75.0 pitchSilence=-80.0
2025-12-01 06:43:42 [tracker] [s5] configure sr=48000.0 hop=512 fft=2048 low=160.5 high=1086.5
2025-12-01 06:43:42 [tracker] [s5] params baseline=0.000370 gate=0.2100 envFloor=0.000900 sustain=1.000 retrigger=1.000 peakRelease=0.180 pitchTol=0.500 onsetScale=0.016 aubioScale=1.55 aubioThresh=0.031 onsetSilence=-75.0 pitchSilence=-80.0
2025-12-01 06:43:42 [tracker] [s6] configure sr=48000.0 hop=512 fft=2048 low=214.3 high=1450.4
2025-12-01 06:43:42 [tracker] [s6] params baseline=0.000420 gate=0.2500 envFloor=0.001050 sustain=1.000 retrigger=1.000 peakRelease=0.200 pitchTol=0.550 onsetScale=0.018 aubioScale=1.55 aubioThresh=0.031 onsetSilence=-75.0 pitchSilence=-80.0
2025-12-01 06:43:42 [tracker] [s1] configure sr=48000.0 hop=512 fft=4096 low=37.1 high=445.0
2025-12-01 06:43:42 [tracker] [s1] params baseline=0.000180 gate=0.0550 envFloor=0.000450 sustain=0.580 retrigger=1.400 peakRelease=0.120 pitchTol=0.400 onsetScale=0.006 aubioScale=1.55 aubioThresh=0.031 onsetSilence=-85.0 pitchSilence=-90.0
2025-12-01 06:43:42 [tracker] [s2] configure sr=48000.0 hop=512 fft=4096 low=55.0 high=563.2
2025-12-01 06:43:42 [tracker] [s2] params baseline=0.000220 gate=0.1000 envFloor=0.000550 sustain=0.700 retrigger=1.250 peakRelease=0.130 pitchTol=0.400 onsetScale=0.009 aubioScale=1.55 aubioThresh=0.031 onsetSilence=-85.0 pitchSilence=-90.0
2025-12-01 06:43:42 [tracker] [s3] configure sr=48000.0 hop=512 fft=4096 low=85.2 high=693.0
2025-12-01 06:43:42 [tracker] [s3] params baseline=0.000260 gate=0.1300 envFloor=0.000650 sustain=0.820 retrigger=1.100 peakRelease=0.140 pitchTol=0.450 onsetScale=0.012 aubioScale=1.55 aubioThresh=0.031 onsetSilence=-75.0 pitchSilence=-80.0
2025-12-01 06:43:42 [tracker] [s4] configure sr=48000.0 hop=512 fft=4096 low=127.4 high=862.4
2025-12-01 06:43:42 [tracker] [s4] params baseline=0.000320 gate=0.1700 envFloor=0.000780 sustain=1.000 retrigger=1.000 peakRelease=0.160 pitchTol=0.440 onsetScale=0.014 aubioScale=1.55 aubioThresh=0.031 onsetSilence=-75.0 pitchSilence=-80.0
2025-12-01 06:43:42 [tracker] [s5] configure sr=48000.0 hop=512 fft=2048 low=160.5 high=1086.5
2025-12-01 06:43:42 [tracker] [s5] params baseline=0.000370 gate=0.2100 envFloor=0.000900 sustain=1.000 retrigger=1.000 peakRelease=0.180 pitchTol=0.500 onsetScale=0.016 aubioScale=1.55 aubioThresh=0.031 onsetSilence=-75.0 pitchSilence=-80.0
2025-12-01 06:43:42 [tracker] [s6] configure sr=48000.0 hop=512 fft=2048 low=214.3 high=1450.4
2025-12-01 06:43:42 [tracker] [s6] params baseline=0.000420 gate=0.2500 envFloor=0.001050 sustain=1.000 retrigger=1.000 peakRelease=0.200 pitchTol=0.550 onsetScale=0.018 aubioScale=1.55 aubioThresh=0.031 onsetSilence=-75.0 pitchSilence=-80.0
2025-12-01 06:43:42 [tracker] [s1] configure sr=48000.0 hop=512 fft=4096 low=37.1 high=445.0
2025-12-01 06:43:42 [tracker] [s1] params baseline=0.000180 gate=0.0550 envFloor=0.000450 sustain=0.580 retrigger=1.400 peakRelease=0.120 pitchTol=0.400 onsetScale=0.006 aubioScale=1.55 aubioThresh=0.031 onsetSilence=-85.0 pitchSilence=-90.0
2025-12-01 06:43:42 [tracker] [s3] configure sr=48000.0 hop=512 fft=4096 low=85.2 high=693.0
2025-12-01 06:43:42 [tracker] [s3] params baseline=0.000260 gate=0.1300 envFloor=0.000650 sustain=0.820 retrigger=1.100 peakRelease=0.140 pitchTol=0.450 onsetScale=0.012 aubioScale=1.55 aubioThresh=0.031 onsetSilence=-75.0 pitchSilence=-80.0
2025-12-01 06:43:42 [tracker] [s4] configure sr=48000.0 hop=512 fft=4096 low=127.4 high=862.4
2025-12-01 06:43:42 [tracker] [s4] params baseline=0.000320 gate=0.1700 envFloor=0.000780 sustain=1.000 retrigger=1.000 peakRelease=0.160 pitchTol=0.440 onsetScale=0.014 aubioScale=1.60 aubioThresh=0.032 onsetSilence=-75.0 pitchSilence=-80.0
2025-12-01 06:43:42 [tracker] [s5] configure sr=48000.0 hop=512 fft=2048 low=160.5 high=1086.5
2025-12-01 06:43:42 [tracker] [s5] params baseline=0.000370 gate=0.2100 envFloor=0.000900 sustain=1.000 retrigger=1.000 peakRelease=0.180 pitchTol=0.500 onsetScale=0.016 aubioScale=1.60 aubioThresh=0.032 onsetSilence=-75.0 pitchSilence=-80.0
2025-12-01 06:43:42 [tracker] [s6] configure sr=48000.0 hop=512 fft=2048 low=214.3 high=1450.4
2025-12-01 06:43:42 [tracker] [s6] params baseline=0.000420 gate=0.2500 envFloor=0.001050 sustain=1.000 retrigger=1.000 peakRelease=0.200 pitchTol=0.550 onsetScale=0.018 aubioScale=1.60 aubioThresh=0.032 onsetSilence=-75.0 pitchSilence=-80.0
2025-12-01 06:43:42 [tracker] [s1] configure sr=48000.0 hop=512 fft=4096 low=37.1 high=445.0
2025-12-01 06:43:42 [tracker] [s1] params baseline=0.000180 gate=0.0550 envFloor=0.000450 sustain=0.580 retrigger=1.400 peakRelease=0.120 pitchTol=0.400 onsetScale=0.006 aubioScale=1.60 aubioThresh=0.032 onsetSilence=-85.0 pitchSilence=-90.0
2025-12-01 06:43:42 [tracker] [s2] configure sr=48000.0 hop=512 fft=4096 low=55.0 high=563.2
2025-12-01 06:43:42 [tracker] [s2] params baseline=0.000220 gate=0.1000 envFloor=0.000550 sustain=0.700 retrigger=1.250 peakRelease=0.130 pitchTol=0.400 onsetScale=0.009 aubioScale=1.60 aubioThresh=0.032 onsetSilence=-85.0 pitchSilence=-90.0
2025-12-01 06:43:42 [tracker] [s3] configure sr=48000.0 hop=512 fft=4096 low=85.2 high=693.0
2025-12-01 06:43:42 [tracker] [s3] params baseline=0.000260 gate=0.1300 envFloor=0.000650 sustain=0.820 retrigger=1.100 peakRelease=0.140 pitchTol=0.450 onsetScale=0.012 aubioScale=1.60 aubioThresh=0.032 onsetSilence=-75.0 pitchSilence=-80.0
2025-12-01 06:43:42 [tracker] [s4] configure sr=48000.0 hop=512 fft=4096 low=127.4 high=862.4
2025-12-01 06:43:42 [tracker] [s4] params baseline=0.000320 gate=0.1700 envFloor=0.000780 sustain=1.000 retrigger=1.000 peakRelease=0.160 pitchTol=0.440 onsetScale=0.014 aubioScale=1.60 aubioThresh=0.032 onsetSilence=-75.0 pitchSilence=-80.0
2025-12-01 06:43:42 [tracker] [s5] configure sr=48000.0 hop=512 fft=2048 low=160.5 high=1086.5
2025-12-01 06:43:42 [tracker] [s5] params baseline=0.000370 gate=0.2100 envFloor=0.000900 sustain=1.000 retrigger=1.000 peakRelease=0.180 pitchTol=0.500 onsetScale=0.016 aubioScale=1.60 aubioThresh=0.032 onsetSilence=-75.0 pitchSilence=-80.0
2025-12-01 06:43:42 [tracker] [s6] configure sr=48000.0 hop=512 fft=2048 low=214.3 high=1450.4
2025-12-01 06:43:42 [tracker] [s6] params baseline=0.000420 gate=0.2500 envFloor=0.001050 sustain=1.000 retrigger=1.000 peakRelease=0.200 pitchTol=0.550 onsetScale=0.018 aubioScale=1.60 aubioThresh=0.032 onsetSilence=-75.0 pitchSilence=-80.0
2025-12-01 06:43:42 [tracker] [s1] configure sr=48000.0 hop=512 fft=4096 low=37.1 high=445.0
2025-12-01 06:43:42 [tracker] [s1] params baseline=0.000180 gate=0.0550 envFloor=0.000450 sustain=0.580 retrigger=1.400 peakRelease=0.120 pitchTol=0.400 onsetScale=0.006 aubioScale=1.60 aubioThresh=0.032 onsetSilence=-85.0 pitchSilence=-90.0
2025-12-01 06:43:42 [tracker] [s3] configure sr=48000.0 hop=512 fft=4096 low=85.2 high=693.0
2025-12-01 06:43:42 [tracker] [s3] params baseline=0.000260 gate=0.1300 envFloor=0.000650 sustain=0.820 retrigger=1.100 peakRelease=0.140 pitchTol=0.450 onsetScale=0.012 aubioScale=1.60 aubioThresh=0.032 onsetSilence=-75.0 pitchSilence=-80.0
2025-12-01 06:43:42 [tracker] [s4] configure sr=48000.0 hop=512 fft=4096 low=127.4 high=862.4
2025-12-01 06:43:42 [tracker] [s4] params baseline=0.000320 gate=0.1700 envFloor=0.000780 sustain=1.000 retrigger=1.000 peakRelease=0.160 pitchTol=0.440 onsetScale=0.014 aubioScale=1.60 aubioThresh=0.032 onsetSilence=-75.0 pitchSilence=-80.0
2025-12-01 06:43:42 [tracker] [s5] configure sr=48000.0 hop=512 fft=2048 low=160.5 high=1086.5
2025-12-01 06:43:42 [tracker] [s5] params baseline=0.000370 gate=0.2100 envFloor=0.000900 sustain=1.000 retrigger=1.000 peakRelease=0.180 pitchTol=0.500 onsetScale=0.016 aubioScale=1.60 aubioThresh=0.032 onsetSilence=-75.0 pitchSilence=-80.0
2025-12-01 06:43:42 [tracker] [s6] configure sr=48000.0 hop=512 fft=2048 low=214.3 high=1450.4
2025-12-01 06:43:42 [tracker] [s6] params baseline=0.000420 gate=0.2500 envFloor=0.001050 sustain=1.000 retrigger=1.000 peakRelease=0.200 pitchTol=0.550 onsetScale=0.018 aubioScale=1.65 aubioThresh=0.033 onsetSilence=-75.0 pitchSilence=-80.0
2025-12-01 06:43:42 [tracker] [s1] configure sr=48000.0 hop=512 fft=4096 low=37.1 high=445.0
2025-12-01 06:43:42 [tracker] [s1] params baseline=0.000180 gate=0.0550 envFloor=0.000450 sustain=0.580 retrigger=1.400 peakRelease=0.120 pitchTol=0.400 onsetScale=0.006 aubioScale=1.65 aubioThresh=0.033 onsetSilence=-85.0 pitchSilence=-90.0
2025-12-01 06:43:42 [tracker] [s2] configure sr=48000.0 hop=512 fft=4096 low=55.0 high=563.2
2025-12-01 06:43:42 [tracker] [s2] params baseline=0.000220 gate=0.1000 envFloor=0.000550 sustain=0.700 retrigger=1.250 peakRelease=0.130 pitchTol=0.400 onsetScale=0.009 aubioScale=1.60 aubioThresh=0.032 onsetSilence=-85.0 pitchSilence=-90.0
2025-12-01 06:43:42 [tracker] [s3] configure sr=48000.0 hop=512 fft=4096 low=85.2 high=693.0
2025-12-01 06:43:42 [tracker] [s3] params baseline=0.000260 gate=0.1300 envFloor=0.000650 sustain=0.820 retrigger=1.100 peakRelease=0.140 pitchTol=0.450 onsetScale=0.012 aubioScale=1.65 aubioThresh=0.033 onsetSilence=-75.0 pitchSilence=-80.0
2025-12-01 06:43:42 [tracker] [s4] configure sr=48000.0 hop=512 fft=4096 low=127.4 high=862.4
2025-12-01 06:43:42 [tracker] [s4] params baseline=0.000320 gate=0.1700 envFloor=0.000780 sustain=1.000 retrigger=1.000 peakRelease=0.160 pitchTol=0.440 onsetScale=0.014 aubioScale=1.65 aubioThresh=0.033 onsetSilence=-75.0 pitchSilence=-80.0
2025-12-01 06:43:42 [tracker] [s5] configure sr=48000.0 hop=512 fft=2048 low=160.5 high=1086.5
2025-12-01 06:43:42 [tracker] [s5] params baseline=0.000370 gate=0.2100 envFloor=0.000900 sustain=1.000 retrigger=1.000 peakRelease=0.180 pitchTol=0.500 onsetScale=0.016 aubioScale=1.65 aubioThresh=0.033 onsetSilence=-75.0 pitchSilence=-80.0
2025-12-01 06:43:42 [tracker] [s6] configure sr=48000.0 hop=512 fft=2048 low=214.3 high=1450.4
2025-12-01 06:43:42 [tracker] [s6] params baseline=0.000420 gate=0.2500 envFloor=0.001050 sustain=1.000 retrigger=1.000 peakRelease=0.200 pitchTol=0.550 onsetScale=0.018 aubioScale=1.65 aubioThresh=0.033 onsetSilence=-75.0 pitchSilence=-80.0
2025-12-01 06:43:42 [tracker] [s1] configure sr=48000.0 hop=512 fft=4096 low=37.1 high=445.0
2025-12-01 06:43:42 [tracker] [s1] params baseline=0.000180 gate=0.0550 envFloor=0.000450 sustain=0.580 retrigger=1.400 peakRelease=0.120 pitchTol=0.400 onsetScale=0.006 aubioScale=1.65 aubioThresh=0.033 onsetSilence=-85.0 pitchSilence=-90.0
2025-12-01 06:43:42 [tracker] [s2] configure sr=48000.0 hop=512 fft=4096 low=55.0 high=563.2
2025-12-01 06:43:42 [tracker] [s2] params baseline=0.000220 gate=0.1000 envFloor=0.000550 sustain=0.700 retrigger=1.250 peakRelease=0.130 pitchTol=0.400 onsetScale=0.009 aubioScale=1.65 aubioThresh=0.033 onsetSilence=-85.0 pitchSilence=-90.0
2025-12-01 06:43:42 [tracker] [s3] configure sr=48000.0 hop=512 fft=4096 low=85.2 high=693.0
2025-12-01 06:43:42 [tracker] [s3] params baseline=0.000260 gate=0.1300 envFloor=0.000650 sustain=0.820 retrigger=1.100 peakRelease=0.140 pitchTol=0.450 onsetScale=0.012 aubioScale=1.65 aubioThresh=0.033 onsetSilence=-75.0 pitchSilence=-80.0
2025-12-01 06:43:42 [tracker] [s4] configure sr=48000.0 hop=512 fft=4096 low=127.4 high=862.4
2025-12-01 06:43:42 [tracker] [s4] params baseline=0.000320 gate=0.1700 envFloor=0.000780 sustain=1.000 retrigger=1.000 peakRelease=0.160 pitchTol=0.440 onsetScale=0.014 aubioScale=1.65 aubioThresh=0.033 onsetSilence=-75.0 pitchSilence=-80.0
2025-12-01 06:43:42 [tracker] [s5] configure sr=48000.0 hop=512 fft=2048 low=160.5 high=1086.5
2025-12-01 06:43:42 [tracker] [s5] params baseline=0.000370 gate=0.2100 envFloor=0.000900 sustain=1.000 retrigger=1.000 peakRelease=0.180 pitchTol=0.500 onsetScale=0.016 aubioScale=1.65 aubioThresh=0.033 onsetSilence=-75.0 pitchSilence=-80.0
2025-12-01 06:43:42 [tracker] [s6] configure sr=48000.0 hop=512 fft=2048 low=214.3 high=1450.4
2025-12-01 06:43:42 [tracker] [s6] params baseline=0.000420 gate=0.2500 envFloor=0.001050 sustain=1.000 retrigger=1.000 peakRelease=0.200 pitchTol=0.550 onsetScale=0.018 aubioScale=1.65 aubioThresh=0.033 onsetSilence=-75.0 pitchSilence=-80.0
2025-12-01 06:43:42 [tracker] [s1] configure sr=48000.0 hop=512 fft=4096 low=37.1 high=445.0
2025-12-01 06:43:42 [tracker] [s1] params baseline=0.000180 gate=0.0550 envFloor=0.000450 sustain=0.580 retrigger=1.400 peakRelease=0.120 pitchTol=0.400 onsetScale=0.006 aubioScale=1.65 aubioThresh=0.033 onsetSilence=-85.0 pitchSilence=-90.0
2025-12-01 06:43:42 [tracker] [s3] configure sr=48000.0 hop=512 fft=4096 low=85.2 high=693.0
2025-12-01 06:43:42 [tracker] [s3] params baseline=0.000260 gate=0.1300 envFloor=0.000650 sustain=0.820 retrigger=1.100 peakRelease=0.140 pitchTol=0.450 onsetScale=0.012 aubioScale=1.65 aubioThresh=0.033 onsetSilence=-75.0 pitchSilence=-80.0
2025-12-01 06:43:42 [tracker] [s4] configure sr=48000.0 hop=512 fft=4096 low=127.4 high=862.4
2025-12-01 06:43:42 [tracker] [s4] params baseline=0.000320 gate=0.1700 envFloor=0.000780 sustain=1.000 retrigger=1.000 peakRelease=0.160 pitchTol=0.440 onsetScale=0.014 aubioScale=1.80 aubioThresh=0.036 onsetSilence=-75.0 pitchSilence=-80.0
2025-12-01 06:43:42 [tracker] [s5] configure sr=48000.0 hop=512 fft=2048 low=160.5 high=1086.5
2025-12-01 06:43:42 [tracker] [s5] params baseline=0.000370 gate=0.2100 envFloor=0.000900 sustain=1.000 retrigger=1.000 peakRelease=0.180 pitchTol=0.500 onsetScale=0.016 aubioScale=1.80 aubioThresh=0.036 onsetSilence=-75.0 pitchSilence=-80.0
2025-12-01 06:43:42 [tracker] [s6] configure sr=48000.0 hop=512 fft=2048 low=214.3 high=1450.4
2025-12-01 06:43:42 [tracker] [s6] params baseline=0.000420 gate=0.2500 envFloor=0.001050 sustain=1.000 retrigger=1.000 peakRelease=0.200 pitchTol=0.550 onsetScale=0.018 aubioScale=1.80 aubioThresh=0.036 onsetSilence=-75.0 pitchSilence=-80.0
2025-12-01 06:43:42 [tracker] [s1] configure sr=48000.0 hop=512 fft=4096 low=37.1 high=445.0
2025-12-01 06:43:42 [tracker] [s1] params baseline=0.000180 gate=0.0550 envFloor=0.000450 sustain=0.580 retrigger=1.400 peakRelease=0.120 pitchTol=0.400 onsetScale=0.006 aubioScale=1.80 aubioThresh=0.036 onsetSilence=-85.0 pitchSilence=-90.0
2025-12-01 06:43:42 [tracker] [s2] configure sr=48000.0 hop=512 fft=4096 low=55.0 high=563.2
2025-12-01 06:43:42 [tracker] [s2] params baseline=0.000220 gate=0.1000 envFloor=0.000550 sustain=0.700 retrigger=1.250 peakRelease=0.130 pitchTol=0.400 onsetScale=0.009 aubioScale=1.80 aubioThresh=0.036 onsetSilence=-85.0 pitchSilence=-90.0
2025-12-01 06:43:42 [tracker] [s3] configure sr=48000.0 hop=512 fft=4096 low=85.2 high=693.0
2025-12-01 06:43:42 [tracker] [s3] params baseline=0.000260 gate=0.1300 envFloor=0.000650 sustain=0.820 retrigger=1.100 peakRelease=0.140 pitchTol=0.450 onsetScale=0.012 aubioScale=1.80 aubioThresh=0.036 onsetSilence=-75.0 pitchSilence=-80.0
2025-12-01 06:43:42 [tracker] [s4] configure sr=48000.0 hop=512 fft=4096 low=127.4 high=862.4
2025-12-01 06:43:42 [tracker] [s4] params baseline=0.000320 gate=0.1700 envFloor=0.000780 sustain=1.000 retrigger=1.000 peakRelease=0.160 pitchTol=0.440 onsetScale=0.014 aubioScale=1.85 aubioThresh=0.037 onsetSilence=-75.0 pitchSilence=-80.0
2025-12-01 06:43:42 [tracker] [s5] configure sr=48000.0 hop=512 fft=2048 low=160.5 high=1086.5
2025-12-01 06:43:42 [tracker] [s5] params baseline=0.000370 gate=0.2100 envFloor=0.000900 sustain=1.000 retrigger=1.000 peakRelease=0.180 pitchTol=0.500 onsetScale=0.016 aubioScale=1.85 aubioThresh=0.037 onsetSilence=-75.0 pitchSilence=-80.0
2025-12-01 06:43:42 [tracker] [s6] configure sr=48000.0 hop=512 fft=2048 low=214.3 high=1450.4
2025-12-01 06:43:42 [tracker] [s6] params baseline=0.000420 gate=0.2500 envFloor=0.001050 sustain=1.000 retrigger=1.000 peakRelease=0.200 pitchTol=0.550 onsetScale=0.018 aubioScale=1.85 aubioThresh=0.037 onsetSilence=-75.0 pitchSilence=-80.0
2025-12-01 06:43:42 [tracker] [s1] configure sr=48000.0 hop=512 fft=4096 low=37.1 high=445.0
2025-12-01 06:43:42 [tracker] [s1] params baseline=0.000180 gate=0.0550 envFloor=0.000450 sustain=0.580 retrigger=1.400 peakRelease=0.120 pitchTol=0.400 onsetScale=0.006 aubioScale=1.85 aubioThresh=0.037 onsetSilence=-85.0 pitchSilence=-90.0
2025-12-01 06:43:42 [tracker] [s2] configure sr=48000.0 hop=512 fft=4096 low=55.0 high=563.2
2025-12-01 06:43:42 [tracker] [s2] params baseline=0.000220 gate=0.1000 envFloor=0.000550 sustain=0.700 retrigger=1.250 peakRelease=0.130 pitchTol=0.400 onsetScale=0.009 aubioScale=1.85 aubioThresh=0.037 onsetSilence=-85.0 pitchSilence=-90.0
2025-12-01 06:43:42 [tracker] [s3] configure sr=48000.0 hop=512 fft=4096 low=85.2 high=693.0
2025-12-01 06:43:42 [tracker] [s3] params baseline=0.000260 gate=0.1300 envFloor=0.000650 sustain=0.820 retrigger=1.100 peakRelease=0.140 pitchTol=0.450 onsetScale=0.012 aubioScale=1.85 aubioThresh=0.037 onsetSilence=-75.0 pitchSilence=-80.0
2025-12-01 06:43:42 [tracker] [s4] configure sr=48000.0 hop=512 fft=4096 low=127.4 high=862.4
2025-12-01 06:43:42 [tracker] [s4] params baseline=0.000320 gate=0.1700 envFloor=0.000780 sustain=1.000 retrigger=1.000 peakRelease=0.160 pitchTol=0.440 onsetScale=0.014 aubioScale=1.85 aubioThresh=0.037 onsetSilence=-75.0 pitchSilence=-80.0
2025-12-01 06:43:42 [tracker] [s5] configure sr=48000.0 hop=512 fft=2048 low=160.5 high=1086.5
2025-12-01 06:43:42 [tracker] [s5] params baseline=0.000370 gate=0.2100 envFloor=0.000900 sustain=1.000 retrigger=1.000 peakRelease=0.180 pitchTol=0.500 onsetScale=0.016 aubioScale=1.85 aubioThresh=0.037 onsetSilence=-75.0 pitchSilence=-80.0
2025-12-01 06:43:42 [tracker] [s6] configure sr=48000.0 hop=512 fft=2048 low=214.3 high=1450.4
2025-12-01 06:43:42 [tracker] [s6] params baseline=0.000420 gate=0.2500 envFloor=0.001050 sustain=1.000 retrigger=1.000 peakRelease=0.200 pitchTol=0.550 onsetScale=0.018 aubioScale=1.85 aubioThresh=0.037 onsetSilence=-75.0 pitchSilence=-80.0
2025-12-01 06:43:42 [tracker] [s1] configure sr=48000.0 hop=512 fft=4096 low=37.1 high=445.0
2025-12-01 06:43:42 [tracker] [s1] params baseline=0.000180 gate=0.0550 envFloor=0.000450 sustain=0.580 retrigger=1.400 peakRelease=0.120 pitchTol=0.400 onsetScale=0.006 aubioScale=2.05 aubioThresh=0.041 onsetSilence=-85.0 pitchSilence=-90.0
2025-12-01 06:43:42 [tracker] [s2] configure sr=48000.0 hop=512 fft=4096 low=55.0 high=563.2
2025-12-01 06:43:42 [tracker] [s2] params baseline=0.000220 gate=0.1000 envFloor=0.000550 sustain=0.700 retrigger=1.250 peakRelease=0.130 pitchTol=0.400 onsetScale=0.009 aubioScale=1.85 aubioThresh=0.037 onsetSilence=-85.0 pitchSilence=-90.0
2025-12-01 06:43:42 [tracker] [s3] configure sr=48000.0 hop=512 fft=4096 low=85.2 high=693.0
2025-12-01 06:43:42 [tracker] [s3] params baseline=0.000260 gate=0.1300 envFloor=0.000650 sustain=0.820 retrigger=1.100 peakRelease=0.140 pitchTol=0.450 onsetScale=0.012 aubioScale=2.05 aubioThresh=0.041 onsetSilence=-75.0 pitchSilence=-80.0
2025-12-01 06:43:42 [tracker] [s4] configure sr=48000.0 hop=512 fft=4096 low=127.4 high=862.4
2025-12-01 06:43:42 [tracker] [s4] params baseline=0.000320 gate=0.1700 envFloor=0.000780 sustain=1.000 retrigger=1.000 peakRelease=0.160 pitchTol=0.440 onsetScale=0.014 aubioScale=2.05 aubioThresh=0.041 onsetSilence=-75.0 pitchSilence=-80.0
2025-12-01 06:43:42 [tracker] [s5] configure sr=48000.0 hop=512 fft=2048 low=160.5 high=1086.5
2025-12-01 06:43:42 [tracker] [s5] params baseline=0.000370 gate=0.2100 envFloor=0.000900 sustain=1.000 retrigger=1.000 peakRelease=0.180 pitchTol=0.500 onsetScale=0.016 aubioScale=2.05 aubioThresh=0.041 onsetSilence=-75.0 pitchSilence=-80.0
2025-12-01 06:43:42 [tracker] [s6] configure sr=48000.0 hop=512 fft=2048 low=214.3 high=1450.4
2025-12-01 06:43:42 [tracker] [s6] params baseline=0.000420 gate=0.2500 envFloor=0.001050 sustain=1.000 retrigger=1.000 peakRelease=0.200 pitchTol=0.550 onsetScale=0.018 aubioScale=2.05 aubioThresh=0.041 onsetSilence=-75.0 pitchSilence=-80.0
2025-12-01 06:43:42 [tracker] [s1] configure sr=48000.0 hop=512 fft=4096 low=37.1 high=445.0
2025-12-01 06:43:42 [tracker] [s1] params baseline=0.000180 gate=0.0550 envFloor=0.000450 sustain=0.580 retrigger=1.400 peakRelease=0.120 pitchTol=0.400 onsetScale=0.006 aubioScale=2.05 aubioThresh=0.041 onsetSilence=-85.0 pitchSilence=-90.0
2025-12-01 06:43:42 [tracker] [s2] configure sr=48000.0 hop=512 fft=4096 low=55.0 high=563.2
2025-12-01 06:43:42 [tracker] [s2] params baseline=0.000220 gate=0.1000 envFloor=0.000550 sustain=0.700 retrigger=1.250 peakRelease=0.130 pitchTol=0.400 onsetScale=0.009 aubioScale=2.05 aubioThresh=0.041 onsetSilence=-85.0 pitchSilence=-90.0
2025-12-01 06:43:42 [tracker] [s3] configure sr=48000.0 hop=512 fft=4096 low=85.2 high=693.0
2025-12-01 06:43:42 [tracker] [s3] params baseline=0.000260 gate=0.1300 envFloor=0.000650 sustain=0.820 retrigger=1.100 peakRelease=0.140 pitchTol=0.450 onsetScale=0.012 aubioScale=2.05 aubioThresh=0.041 onsetSilence=-75.0 pitchSilence=-80.0
2025-12-01 06:43:42 [tracker] [s4] configure sr=48000.0 hop=512 fft=4096 low=127.4 high=862.4
2025-12-01 06:43:42 [tracker] [s4] params baseline=0.000320 gate=0.1700 envFloor=0.000780 sustain=1.000 retrigger=1.000 peakRelease=0.160 pitchTol=0.440 onsetScale=0.014 aubioScale=2.15 aubioThresh=0.043 onsetSilence=-75.0 pitchSilence=-80.0
2025-12-01 06:43:42 [tracker] [s5] configure sr=48000.0 hop=512 fft=2048 low=160.5 high=1086.5
2025-12-01 06:43:42 [tracker] [s5] params baseline=0.000370 gate=0.2100 envFloor=0.000900 sustain=1.000 retrigger=1.000 peakRelease=0.180 pitchTol=0.500 onsetScale=0.016 aubioScale=2.15 aubioThresh=0.043 onsetSilence=-75.0 pitchSilence=-80.0
2025-12-01 06:43:42 [tracker] [s6] configure sr=48000.0 hop=512 fft=2048 low=214.3 high=1450.4
2025-12-01 06:43:42 [tracker] [s6] params baseline=0.000420 gate=0.2500 envFloor=0.001050 sustain=1.000 retrigger=1.000 peakRelease=0.200 pitchTol=0.550 onsetScale=0.018 aubioScale=2.15 aubioThresh=0.043 onsetSilence=-75.0 pitchSilence=-80.0
2025-12-01 06:43:42 [tracker] [s1] configure sr=48000.0 hop=512 fft=4096 low=37.1 high=445.0
2025-12-01 06:43:42 [tracker] [s1] params baseline=0.000180 gate=0.0550 envFloor=0.000450 sustain=0.580 retrigger=1.400 peakRelease=0.120 pitchTol=0.400 onsetScale=0.006 aubioScale=2.15 aubioThresh=0.043 onsetSilence=-85.0 pitchSilence=-90.0
2025-12-01 06:43:42 [tracker] [s2] configure sr=48000.0 hop=512 fft=4096 low=55.0 high=563.2
2025-12-01 06:43:42 [tracker] [s2] params baseline=0.000220 gate=0.1000 envFloor=0.000550 sustain=0.700 retrigger=1.250 peakRelease=0.130 pitchTol=0.400 onsetScale=0.009 aubioScale=2.15 aubioThresh=0.043 onsetSilence=-85.0 pitchSilence=-90.0
2025-12-01 06:43:42 [tracker] [s3] configure sr=48000.0 hop=512 fft=4096 low=85.2 high=693.0
2025-12-01 06:43:42 [tracker] [s3] params baseline=0.000260 gate=0.1300 envFloor=0.000650 sustain=0.820 retrigger=1.100 peakRelease=0.140 pitchTol=0.450 onsetScale=0.012 aubioScale=2.25 aubioThresh=0.045 onsetSilence=-75.0 pitchSilence=-80.0
2025-12-01 06:43:42 [tracker] [s4] configure sr=48000.0 hop=512 fft=4096 low=127.4 high=862.4
2025-12-01 06:43:42 [tracker] [s4] params baseline=0.000320 gate=0.1700 envFloor=0.000780 sustain=1.000 retrigger=1.000 peakRelease=0.160 pitchTol=0.440 onsetScale=0.014 aubioScale=2.25 aubioThresh=0.045 onsetSilence=-75.0 pitchSilence=-80.0
2025-12-01 06:43:42 [tracker] [s5] configure sr=48000.0 hop=512 fft=2048 low=160.5 high=1086.5
2025-12-01 06:43:42 [tracker] [s5] params baseline=0.000370 gate=0.2100 envFloor=0.000900 sustain=1.000 retrigger=1.000 peakRelease=0.180 pitchTol=0.500 onsetScale=0.016 aubioScale=2.25 aubioThresh=0.045 onsetSilence=-75.0 pitchSilence=-80.0
2025-12-01 06:43:42 [tracker] [s6] configure sr=48000.0 hop=512 fft=2048 low=214.3 high=1450.4
2025-12-01 06:43:42 [tracker] [s6] params baseline=0.000420 gate=0.2500 envFloor=0.001050 sustain=1.000 retrigger=1.000 peakRelease=0.200 pitchTol=0.550 onsetScale=0.018 aubioScale=2.25 aubioThresh=0.045 onsetSilence=-75.0 pitchSilence=-80.0
2025-12-01 06:43:42 [tracker] [s1] configure sr=48000.0 hop=512 fft=4096 low=37.1 high=445.0
2025-12-01 06:43:42 [tracker] [s1] params baseline=0.000180 gate=0.0550 envFloor=0.000450 sustain=0.580 retrigger=1.400 peakRelease=0.120 pitchTol=0.400 onsetScale=0.006 aubioScale=2.25 aubioThresh=0.045 onsetSilence=-85.0 pitchSilence=-90.0
2025-12-01 06:43:42 [tracker] [s2] configure sr=48000.0 hop=512 fft=4096 low=55.0 high=563.2
2025-12-01 06:43:42 [tracker] [s2] params baseline=0.000220 gate=0.1000 envFloor=0.000550 sustain=0.700 retrigger=1.250 peakRelease=0.130 pitchTol=0.400 onsetScale=0.009 aubioScale=2.25 aubioThresh=0.045 onsetSilence=-85.0 pitchSilence=-90.0
2025-12-01 06:43:42 [tracker] [s3] configure sr=48000.0 hop=512 fft=4096 low=85.2 high=693.0
2025-12-01 06:43:42 [tracker] [s3] params baseline=0.000260 gate=0.1300 envFloor=0.000650 sustain=0.820 retrigger=1.100 peakRelease=0.140 pitchTol=0.450 onsetScale=0.012 aubioScale=2.25 aubioThresh=0.045 onsetSilence=-75.0 pitchSilence=-80.0
2025-12-01 06:43:42 [tracker] [s4] configure sr=48000.0 hop=512 fft=4096 low=127.4 high=862.4
2025-12-01 06:43:42 [tracker] [s4] params baseline=0.000320 gate=0.1700 envFloor=0.000780 sustain=1.000 retrigger=1.000 peakRelease=0.160 pitchTol=0.440 onsetScale=0.014 aubioScale=2.25 aubioThresh=0.045 onsetSilence=-75.0 pitchSilence=-80.0
2025-12-01 06:43:42 [tracker] [s5] configure sr=48000.0 hop=512 fft=2048 low=160.5 high=1086.5
2025-12-01 06:43:42 [tracker] [s5] params baseline=0.000370 gate=0.2100 envFloor=0.000900 sustain=1.000 retrigger=1.000 peakRelease=0.180 pitchTol=0.500 onsetScale=0.016 aubioScale=2.25 aubioThresh=0.045 onsetSilence=-75.0 pitchSilence=-80.0
2025-12-01 06:43:42 [tracker] [s6] configure sr=48000.0 hop=512 fft=2048 low=214.3 high=1450.4
2025-12-01 06:43:42 [tracker] [s6] params baseline=0.000420 gate=0.2500 envFloor=0.001050 sustain=1.000 retrigger=1.000 peakRelease=0.200 pitchTol=0.550 onsetScale=0.018 aubioScale=2.25 aubioThresh=0.045 onsetSilence=-75.0 pitchSilence=-80.0
2025-12-01 06:43:42 [tracker] [s1] configure sr=48000.0 hop=512 fft=4096 low=37.1 high=445.0
2025-12-01 06:43:42 [tracker] [s1] params baseline=0.000180 gate=0.0550 envFloor=0.000450 sustain=0.580 retrigger=1.400 peakRelease=0.120 pitchTol=0.400 onsetScale=0.006 aubioScale=2.25 aubioThresh=0.045 onsetSilence=-85.0 pitchSilence=-90.0
2025-12-01 06:43:43 [tracker] [s4] configure sr=48000.0 hop=512 fft=4096 low=127.4 high=862.4
2025-12-01 06:43:43 [tracker] [s4] params baseline=0.000320 gate=0.1700 envFloor=0.000780 sustain=1.000 retrigger=1.000 peakRelease=0.160 pitchTol=0.440 onsetScale=0.014 aubioScale=2.25 aubioThresh=0.045 onsetSilence=-75.0 pitchSilence=-80.0
2025-12-01 06:43:43 [tracker] [s5] configure sr=48000.0 hop=512 fft=2048 low=160.5 high=1086.5
2025-12-01 06:43:43 [tracker] [s5] params baseline=0.000370 gate=0.2100 envFloor=0.000900 sustain=1.000 retrigger=1.000 peakRelease=0.180 pitchTol=0.500 onsetScale=0.016 aubioScale=2.25 aubioThresh=0.045 onsetSilence=-75.0 pitchSilence=-80.0
2025-12-01 06:43:43 [tracker] [s6] configure sr=48000.0 hop=512 fft=2048 low=214.3 high=1450.4
2025-12-01 06:43:43 [tracker] [s6] params baseline=0.000420 gate=0.2500 envFloor=0.001050 sustain=1.000 retrigger=1.000 peakRelease=0.200 pitchTol=0.550 onsetScale=0.018 aubioScale=2.25 aubioThresh=0.045 onsetSilence=-75.0 pitchSilence=-80.0
2025-12-01 06:43:43 [tracker] [s1] configure sr=48000.0 hop=512 fft=4096 low=37.1 high=445.0
2025-12-01 06:43:43 [tracker] [s1] params baseline=0.000180 gate=0.0550 envFloor=0.000450 sustain=0.580 retrigger=1.400 peakRelease=0.120 pitchTol=0.400 onsetScale=0.006 aubioScale=2.25 aubioThresh=0.045 onsetSilence=-85.0 pitchSilence=-90.0
2025-12-01 06:43:43 [tracker] [s2] configure sr=48000.0 hop=512 fft=4096 low=55.0 high=563.2
2025-12-01 06:43:43 [tracker] [s2] params baseline=0.000220 gate=0.1000 envFloor=0.000550 sustain=0.700 retrigger=1.250 peakRelease=0.130 pitchTol=0.400 onsetScale=0.009 aubioScale=2.25 aubioThresh=0.045 onsetSilence=-85.0 pitchSilence=-90.0
2025-12-01 06:43:43 [tracker] [s3] configure sr=48000.0 hop=512 fft=4096 low=85.2 high=693.0
2025-12-01 06:43:43 [tracker] [s3] params baseline=0.000260 gate=0.1300 envFloor=0.000650 sustain=0.820 retrigger=1.100 peakRelease=0.140 pitchTol=0.450 onsetScale=0.012 aubioScale=2.25 aubioThresh=0.045 onsetSilence=-75.0 pitchSilence=-80.0
2025-12-01 06:43:43 [tracker] [s1] onset t=21.008 env=0.00574 baseline=0.00627 gate=0.00034 envFloor=0.00533 onset=0.929>=0.006
2025-12-01 06:43:43 [tracker] [s1] onset t=21.061 env=0.02273 baseline=0.00658 gate=0.00036 envFloor=0.00533 onset=0.919>=0.006
2025-12-01 06:43:43 [tracker] [s1] note-start t=21.061 fret=7 midi=47 vel=0.27 env=0.02273
2025-12-01 06:43:43 [tracker] [s1] onset t=21.157 env=0.02268 baseline=0.01955 gate=0.00108 envFloor=0.00695 onset=0.769>=0.006
2025-12-01 06:43:43 [tracker] [s1] note-ended (new onset) t=21.157 fret=7 dur=0.096
2025-12-01 06:43:43 [tracker] [s1] note-start t=21.157 fret=5 midi=45 vel=0.27 env=0.02268
2025-12-01 06:43:43 [tracker] [s1] onset t=21.349 env=0.01435 baseline=0.01865 gate=0.00103 envFloor=0.00651 onset=0.705>=0.006
2025-12-01 06:43:43 [tracker] [s1] note-ended (new onset) t=21.349 fret=5 dur=0.192
2025-12-01 06:43:43 [tracker] [s1] note-start t=21.349 fret=5 midi=45 vel=0.17 env=0.01435
2025-12-01 06:43:43 [tracker] [s2] onset t=21.413 env=0.01999 baseline=0.01076 gate=0.00108 envFloor=0.00787 onset=1.094>=0.009
2025-12-01 06:43:43 [tracker] [s2] note-start t=21.413 fret=7 midi=52 vel=0.24 env=0.01999
2025-12-01 06:43:44 [tracker] [s1] onset t=21.584 env=0.01281 baseline=0.01157 gate=0.00064 envFloor=0.00548 onset=1.034>=0.006
2025-12-01 06:43:44 [tracker] [s1] note-ended (new onset) t=21.584 fret=5 dur=0.235
2025-12-01 06:43:44 [tracker] [s1] note-start t=21.584 fret=5 midi=45 vel=0.15 env=0.01281
2025-12-01 06:43:44 [tracker] [s2] onset t=21.584 env=0.01772 baseline=0.01660 gate=0.00166 envFloor=0.00787 onset=0.896>=0.009
2025-12-01 06:43:44 [tracker] [s2] note-ended (new onset) t=21.584 fret=7 dur=0.171
2025-12-01 06:43:44 [tracker] [s2] note-start t=21.584 fret=7 midi=52 vel=0.21 env=0.01772
2025-12-01 06:43:44 [tracker] [s4] onset t=21.584 env=0.00244 baseline=0.00201 gate=0.00034 envFloor=0.00171 onset=1.099>=0.014
2025-12-01 06:43:44 [tracker] [s3] onset t=21.605 env=0.03074 baseline=0.01585 gate=0.00206 envFloor=0.01347 onset=1.056>=0.012
2025-12-01 06:43:44 [tracker] [s3] onset t=21.690 env=0.02633 baseline=0.01585 gate=0.00206 envFloor=0.01347 onset=1.023>=0.012
2025-12-01 06:43:44 [tracker] [s3] note-start t=21.690 fret=7 midi=57 vel=0.32 env=0.02633
2025-12-01 06:43:44 [tracker] [s4] onset t=21.690 env=0.00190 baseline=0.00201 gate=0.00034 envFloor=0.00171 onset=1.310>=0.014
2025-12-01 06:43:44 [tracker] [s3] release-quiet t=22.170 avgEnv=0.00935 floor=0.01105 quietFrames=8
2025-12-01 06:43:44 [tracker] [s3] note-ended t=22.170 fret=7 dur=0.480
2025-12-01 06:43:45 [tracker] [s1] release-retrigger t=22.650 onset=0.894 gate=0.008 age=1.067
2025-12-01 06:43:45 [tracker] [s1] note-ended t=22.650 fret=5 dur=1.067
2025-12-01 06:43:45 [tracker] [s2] release-retrigger t=22.650 onset=0.746 gate=0.010 age=1.067
2025-12-01 06:43:45 [tracker] [s2] note-ended t=22.650 fret=7 dur=1.067
2025-12-01 06:43:45 [tracker] [s2] onset t=23.141 env=0.04242 baseline=0.00951 gate=0.00095 envFloor=0.00787 onset=1.450>=0.009
2025-12-01 06:43:45 [tracker] [s2] onset t=23.237 env=0.03562 baseline=0.01519 gate=0.00152 envFloor=0.01063 onset=1.005>=0.009
2025-12-01 06:43:45 [tracker] [s2] note-start t=23.237 fret=5 midi=50 vel=0.43 env=0.03562
2025-12-01 06:43:45 [tracker] [s2] onset t=23.376 env=0.02165 baseline=0.03004 gate=0.00300 envFloor=0.01065 onset=1.470>=0.009
2025-12-01 06:43:45 [tracker] [s2] note-ended (new onset) t=23.376 fret=5 dur=0.139
2025-12-01 06:43:45 [tracker] [s4] onset t=23.376 env=0.00376 baseline=0.00201 gate=0.00034 envFloor=0.00171 onset=0.910>=0.014
2025-12-01 06:43:45 [tracker] [s4] onset t=23.429 env=0.00395 baseline=0.00201 gate=0.00034 envFloor=0.00171 onset=0.757>=0.014
2025-12-01 06:43:46 [tracker] [s3] onset t=23.504 env=0.02445 baseline=0.01585 gate=0.00206 envFloor=0.01347 onset=1.026>=0.012
2025-12-01 06:43:46 [tracker] [s3] note-start t=23.504 fret=7 midi=57 vel=0.29 env=0.02445
2025-12-01 06:43:46 [tracker] [s2] onset t=23.653 env=0.02167 baseline=0.01710 gate=0.00171 envFloor=0.00895 onset=0.952>=0.009
2025-12-01 06:43:46 [tracker] [s2] note-ended (new onset) t=23.653 fret=5 dur=0.277
2025-12-01 06:43:46 [tracker] [s2] note-start t=23.653 fret=5 midi=50 vel=0.26 env=0.02167
2025-12-01 06:43:46 [tracker] [s3] onset t=23.653 env=0.01781 baseline=0.02052 gate=0.00267 envFloor=0.01347 onset=1.200>=0.012
2025-12-01 06:43:46 [tracker] [s3] note-ended (new onset) t=23.653 fret=7 dur=0.149
2025-12-01 06:43:46 [tracker] [s3] note-start t=23.653 fret=7 midi=57 vel=0.21 env=0.01781
2025-12-01 06:43:46 [tracker] [s4] onset t=23.653 env=0.05334 baseline=0.00575 gate=0.00098 envFloor=0.00403 onset=1.156>=0.014
2025-12-01 06:43:46 [tracker] [s4] note-start t=23.653 fret=9 midi=64 vel=0.64 env=0.05334
2025-12-01 06:43:46 [tracker] [s3] release-quiet t=24.048 avgEnv=0.00979 floor=0.01105 quietFrames=8
2025-12-01 06:43:46 [tracker] [s3] note-ended t=24.048 fret=7 dur=0.395
2025-12-01 06:43:47 [tracker] [s2] release-retrigger t=24.752 onset=0.577 gate=0.010 age=1.099
2025-12-01 06:43:47 [tracker] [s2] note-ended t=24.752 fret=5 dur=1.099
2025-12-01 06:43:47 [tracker] [s4] release-retrigger t=24.752 onset=1.063 gate=0.011 age=1.099
2025-12-01 06:43:47 [tracker] [s4] note-ended t=24.752 fret=9 dur=1.099
2025-12-01 06:43:47 [tracker] [s2] onset t=25.274 env=0.02861 baseline=0.00926 gate=0.00093 envFloor=0.00787 onset=0.751>=0.009
2025-12-01 06:43:47 [tracker] [s2] onset t=25.392 env=0.01924 baseline=0.01128 gate=0.00113 envFloor=0.00790 onset=0.652>=0.009
2025-12-01 06:43:47 [tracker] [s2] note-start t=25.392 fret=7 midi=52 vel=0.23 env=0.01924
2025-12-01 06:43:48 [tracker] [s3] onset t=25.509 env=0.01350 baseline=0.01585 gate=0.00206 envFloor=0.01347 onset=0.524>=0.012
2025-12-01 06:43:48 [tracker] [s2] onset t=25.562 env=0.01599 baseline=0.01598 gate=0.00160 envFloor=0.00787 onset=1.223>=0.009
2025-12-01 06:43:48 [tracker] [s2] note-ended (new onset) t=25.562 fret=7 dur=0.171
2025-12-01 06:43:48 [tracker] [s2] note-start t=25.562 fret=7 midi=52 vel=0.19 env=0.01599
2025-12-01 06:43:48 [tracker] [s3] onset t=25.637 env=0.02738 baseline=0.01585 gate=0.00206 envFloor=0.01347 onset=1.077>=0.012
2025-12-01 06:43:48 [tracker] [s2] onset t=25.775 env=0.01363 baseline=0.01302 gate=0.00130 envFloor=0.00787 onset=1.317>=0.009
2025-12-01 06:43:48 [tracker] [s2] note-ended (new onset) t=25.775 fret=7 dur=0.213
2025-12-01 06:43:48 [tracker] [s2] note-start t=25.775 fret=7 midi=52 vel=0.16 env=0.01363
2025-12-01 06:43:48 [tracker] [s3] onset t=25.786 env=0.02144 baseline=0.02297 gate=0.00299 envFloor=0.01347 onset=0.535>=0.012
2025-12-01 06:43:48 [tracker] [s3] note-ended (new onset) t=25.786 fret=9 dur=0.149
2025-12-01 06:43:48 [tracker] [s3] note-start t=25.786 fret=9 midi=59 vel=0.26 env=0.02144
2025-12-01 06:43:48 [tracker] [s4] onset t=25.818 env=0.04791 baseline=0.01735 gate=0.00295 envFloor=0.00975 onset=0.761>=0.014
2025-12-01 06:43:48 [tracker] [s4] onset t=25.903 env=0.02867 baseline=0.01667 gate=0.00283 envFloor=0.01164 onset=1.057>=0.014
2025-12-01 06:43:48 [tracker] [s4] note-start t=25.903 fret=9 midi=64 vel=0.34 env=0.02867
2025-12-01 06:43:48 [tracker] [s3] release-quiet t=26.426 avgEnv=0.01010 floor=0.01105 quietFrames=8
2025-12-01 06:43:48 [tracker] [s3] note-ended t=26.426 fret=9 dur=0.640
2025-12-01 06:43:48 [tracker] [s4] release-quiet t=26.458 avgEnv=0.00809 floor=0.00813 quietFrames=8
2025-12-01 06:43:48 [tracker] [s4] note-ended t=26.458 fret=9 dur=0.555
2025-12-01 06:43:49 [tracker] [s2] release-retrigger t=26.874 onset=1.346 gate=0.010 age=1.099
2025-12-01 06:43:49 [tracker] [s2] onset t=27.418 env=0.01458 baseline=0.00926 gate=0.00093 envFloor=0.00787 onset=0.912>=0.009
2025-12-01 06:43:50 [tracker] [s2] onset t=27.514 env=0.01324 baseline=0.00926 gate=0.00093 envFloor=0.00787 onset=0.907>=0.009
2025-12-01 06:43:50 [tracker] [s2] note-start t=27.514 fret=5 midi=50 vel=0.16 env=0.01324
2025-12-01 06:43:50 [tracker] [s4] onset t=27.706 env=0.00227 baseline=0.01106 gate=0.00188 envFloor=0.00171 onset=1.200>=0.014
2025-12-01 06:43:50 [tracker] [s2] onset t=27.941 env=0.01263 baseline=0.00975 gate=0.00098 envFloor=0.00787 onset=1.177>=0.009
2025-12-01 06:43:50 [tracker] [s2] note-ended (new onset) t=27.941 fret=5 dur=0.427
2025-12-01 06:43:50 [tracker] [s4] onset t=27.973 env=0.04673 baseline=0.01281 gate=0.00218 envFloor=0.00896 onset=1.220>=0.014
2025-12-01 06:43:50 [tracker] [s4] note-start t=27.973 fret=8 midi=63 vel=0.56 env=0.04673
2025-12-01 06:43:51 [tracker] [s2] release-quiet t=28.922 avgEnv=0.00519 floor=0.00551 quietFrames=8
2025-12-01 06:43:51 [tracker] [s2] note-ended t=28.922 fret=5 dur=0.981
2025-12-01 06:43:51 [tracker] [s4] release-retrigger t=29.018 onset=0.558 gate=0.010 age=1.045
2025-12-01 06:43:51 [tracker] [s4] note-ended t=29.018 fret=8 dur=1.045
2025-12-01 06:43:52 [tracker] [s1] onset t=29.519 env=0.00744 baseline=0.00627 gate=0.00034 envFloor=0.00533 onset=1.437>=0.006
2025-12-01 06:43:52 [tracker] [s1] onset t=29.658 env=0.01758 baseline=0.00929 gate=0.00051 envFloor=0.00651 onset=1.014>=0.006
2025-12-01 06:43:52 [tracker] [s1] note-start t=29.658 fret=5 midi=45 vel=0.21 env=0.01758
2025-12-01 06:43:52 [tracker] [s2] onset t=29.839 env=0.02276 baseline=0.00926 gate=0.00093 envFloor=0.00787 onset=1.195>=0.009
2025-12-01 06:43:52 [tracker] [s2] note-start t=29.839 fret=0 midi=45 vel=0.27 env=0.02276
2025-12-01 06:43:52 [tracker] [s1] onset t=29.850 env=0.01320 baseline=0.01445 gate=0.00079 envFloor=0.00611 onset=1.314>=0.006
2025-12-01 06:43:52 [tracker] [s1] note-ended (new onset) t=29.850 fret=5 dur=0.192
2025-12-01 06:43:52 [tracker] [s1] note-start t=29.850 fret=5 midi=45 vel=0.16 env=0.01320
2025-12-01 06:43:52 [tracker] [s3] onset t=30.084 env=0.01538 baseline=0.01585 gate=0.00206 envFloor=0.01347 onset=1.409>=0.012
2025-12-01 06:43:52 [tracker] [s1] onset t=30.095 env=0.01126 baseline=0.01058 gate=0.00058 envFloor=0.00533 onset=0.578>=0.006
2025-12-01 06:43:52 [tracker] [s1] note-ended (new onset) t=30.095 fret=5 dur=0.245
2025-12-01 06:43:52 [tracker] [s1] note-start t=30.095 fret=5 midi=45 vel=0.14 env=0.01126
2025-12-01 06:43:52 [tracker] [s2] onset t=30.095 env=0.01345 baseline=0.01816 gate=0.00182 envFloor=0.00787 onset=0.576>=0.009
2025-12-01 06:43:52 [tracker] [s2] note-ended (new onset) t=30.095 fret=0 dur=0.256
2025-12-01 06:43:52 [tracker] [s2] note-start t=30.095 fret=7 midi=52 vel=0.16 env=0.01345
2025-12-01 06:43:52 [tracker] [s4] onset t=30.095 env=0.00308 baseline=0.01551 gate=0.00264 envFloor=0.00171 onset=0.520>=0.014
2025-12-01 06:43:52 [tracker] [s3] onset t=30.212 env=0.02144 baseline=0.01585 gate=0.00206 envFloor=0.01347 onset=1.014>=0.012
2025-12-01 06:43:52 [tracker] [s3] note-start t=30.212 fret=7 midi=57 vel=0.26 env=0.02144
2025-12-01 06:43:53 [tracker] [s3] release-quiet t=30.628 avgEnv=0.00939 floor=0.01105 quietFrames=8
2025-12-01 06:43:53 [tracker] [s3] note-ended t=30.628 fret=7 dur=0.416
2025-12-01 06:43:53 [tracker] [s1] release-retrigger t=31.162 onset=1.007 gate=0.008 age=1.067
2025-12-01 06:43:53 [tracker] [s1] note-ended t=31.162 fret=5 dur=1.067
2025-12-01 06:43:53 [tracker] [s2] release-retrigger t=31.162 onset=0.636 gate=0.010 age=1.067
2025-12-01 06:43:53 [tracker] [s2] note-ended t=31.162 fret=7 dur=1.067
2025-12-01 06:43:54 [tracker] [s1] onset t=31.706 env=0.01649 baseline=0.00627 gate=0.00034 envFloor=0.00533 onset=0.924>=0.006
2025-12-01 06:43:54 [tracker] [s2] onset t=31.983 env=0.01512 baseline=0.00926 gate=0.00093 envFloor=0.00787 onset=0.533>=0.009
2025-12-01 06:43:54 [tracker] [s1] onset t=31.994 env=0.01216 baseline=0.00669 gate=0.00037 envFloor=0.00533 onset=1.159>=0.006
2025-12-01 06:43:54 [tracker] [s1] note-start t=31.994 fret=3 midi=43 vel=0.15 env=0.01216
2025-12-01 06:43:54 [tracker] [s2] onset t=32.239 env=0.01350 baseline=0.00926 gate=0.00093 envFloor=0.00787 onset=1.125>=0.009
2025-12-01 06:43:54 [tracker] [s2] note-start t=32.239 fret=5 midi=50 vel=0.16 env=0.01350
2025-12-01 06:43:54 [tracker] [s3] onset t=32.239 env=0.02352 baseline=0.01585 gate=0.00206 envFloor=0.01347 onset=1.450>=0.012
2025-12-01 06:43:55 [tracker] [s1] release-retrigger t=33.210 onset=1.352 gate=0.009 age=1.216
2025-12-01 06:43:55 [tracker] [s1] note-ended t=33.210 fret=3 dur=1.216
2025-12-01 06:43:55 [tracker] [s2] release-retrigger t=33.210 onset=0.869 gate=0.010 age=0.971
2025-12-01 06:43:55 [tracker] [s2] note-ended t=33.210 fret=5 dur=0.971
2025-12-01 06:43:56 [tracker] [s1] onset t=33.775 env=0.01362 baseline=0.00627 gate=0.00034 envFloor=0.00533 onset=0.683>=0.006
2025-12-01 06:43:57 [tracker] [s1] onset t=34.511 env=0.00860 baseline=0.00627 gate=0.00034 envFloor=0.00533 onset=0.977>=0.006
2025-12-01 06:43:57 [tracker] [s1] note-start t=34.511 fret=0 midi=40 vel=0.10 env=0.00860
2025-12-01 06:43:57 [tracker] [s2] onset t=34.554 env=0.03464 baseline=0.00926 gate=0.00093 envFloor=0.00787 onset=1.260>=0.009
2025-12-01 06:43:57 [tracker] [s2] onset t=34.650 env=0.02677 baseline=0.01195 gate=0.00119 envFloor=0.00836 onset=1.021>=0.009
2025-12-01 06:43:57 [tracker] [s2] note-start t=34.650 fret=2 midi=47 vel=0.32 env=0.02677
2025-12-01 06:43:57 [tracker] [s1] release-retrigger t=35.300 onset=0.782 gate=0.008 age=0.789
2025-12-01 06:43:57 [tracker] [s1] note-ended t=35.300 fret=0 dur=0.789
2025-12-01 06:43:57 [tracker] [s2] onset t=35.311 env=0.00971 baseline=0.01766 gate=0.00177 envFloor=0.00787 onset=0.769>=0.009
2025-12-01 06:43:57 [tracker] [s2] note-ended (new onset) t=35.311 fret=2 dur=0.661
2025-12-01 06:43:57 [tracker] [s2] note-start t=35.311 fret=2 midi=47 vel=0.12 env=0.00971
2025-12-01 06:43:58 [tracker] [s3] onset t=35.353 env=0.02031 baseline=0.01585 gate=0.00206 envFloor=0.01347 onset=1.290>=0.012
2025-12-01 06:43:58 [tracker] [s2] release-retrigger t=35.364 onset=1.354 gate=0.011 age=0.053
2025-12-01 06:43:58 [tracker] [s2] note-ended t=35.364 fret=2 dur=0.053
2025-12-01 06:43:58 [tracker] [s3] onset t=35.449 env=0.01515 baseline=0.01585 gate=0.00206 envFloor=0.01347 onset=1.000>=0.012
2025-12-01 06:43:58 [tracker] [s3] note-start t=35.449 fret=2 midi=52 vel=0.18 env=0.01515
2025-12-01 06:43:58 [tracker] [s3] release-quiet t=35.951 avgEnv=0.00987 floor=0.01105 quietFrames=8
2025-12-01 06:43:58 [tracker] [s3] note-ended t=35.951 fret=2 dur=0.501
2025-12-01 06:44:01 [tracker] [s1] configure sr=48000.0 hop=256 fft=2048 low=37.1 high=445.0
2025-12-01 06:44:01 [tracker] [s1] params baseline=0.000180 gate=0.0550 envFloor=0.000450 sustain=0.580 retrigger=1.400 peakRelease=0.120 pitchTol=0.400 onsetScale=0.006 aubioScale=2.25 aubioThresh=0.045 onsetSilence=-85.0 pitchSilence=-90.0
2025-12-01 06:44:01 [tracker] [s2] configure sr=48000.0 hop=256 fft=2048 low=55.0 high=563.2
2025-12-01 06:44:01 [tracker] [s2] params baseline=0.000220 gate=0.1000 envFloor=0.000550 sustain=0.700 retrigger=1.250 peakRelease=0.130 pitchTol=0.400 onsetScale=0.009 aubioScale=2.25 aubioThresh=0.045 onsetSilence=-85.0 pitchSilence=-90.0
2025-12-01 06:44:01 [tracker] [s3] configure sr=48000.0 hop=256 fft=2048 low=85.2 high=693.0
2025-12-01 06:44:01 [tracker] [s3] params baseline=0.000260 gate=0.1300 envFloor=0.000650 sustain=0.820 retrigger=1.100 peakRelease=0.140 pitchTol=0.450 onsetScale=0.012 aubioScale=2.25 aubioThresh=0.045 onsetSilence=-75.0 pitchSilence=-80.0
2025-12-01 06:44:01 [tracker] [s4] configure sr=48000.0 hop=256 fft=2048 low=127.4 high=862.4
2025-12-01 06:44:01 [tracker] [s4] params baseline=0.000320 gate=0.1700 envFloor=0.000780 sustain=1.000 retrigger=1.000 peakRelease=0.160 pitchTol=0.440 onsetScale=0.014 aubioScale=2.25 aubioThresh=0.045 onsetSilence=-75.0 pitchSilence=-80.0
2025-12-01 06:44:01 [tracker] [s5] configure sr=48000.0 hop=256 fft=1024 low=160.5 high=1086.5
2025-12-01 06:44:01 [tracker] [s5] params baseline=0.000370 gate=0.2100 envFloor=0.000900 sustain=1.000 retrigger=1.000 peakRelease=0.180 pitchTol=0.500 onsetScale=0.016 aubioScale=2.25 aubioThresh=0.045 onsetSilence=-75.0 pitchSilence=-80.0
2025-12-01 06:44:01 [tracker] [s6] configure sr=48000.0 hop=256 fft=1024 low=214.3 high=1450.4
2025-12-01 06:44:01 [tracker] [s6] params baseline=0.000420 gate=0.2500 envFloor=0.001050 sustain=1.000 retrigger=1.000 peakRelease=0.200 pitchTol=0.550 onsetScale=0.018 aubioScale=2.25 aubioThresh=0.045 onsetSilence=-75.0 pitchSilence=-80.0
