# SignalAssistant session log
# Started at 2025-12-15 22:54:31
2025-12-15 22:54:31 [session] mode=live session='' path='' duration=0.00 files=0
2025-12-15 22:54:31 [tracker-settings] TrackerConfig onsetThreshold=0.02000 minNoteDurSec=0.045 hopSec=0.010 slideDelta=120.0 bendDelta=35.0
2025-12-15 22:54:31 [tracker-settings] string1 midi=40 lowCut=37.08Hz highCut=445.00Hz baseline=0.000180 gateRatio=0.05500 envFloor=0.000450 sustainScale=0.580 retriggerScale=1.400 peakRelease=0.120 pitchTol=0.400 onsetScale=0.006
2025-12-15 22:54:31 [tracker-settings] string2 midi=45 lowCut=55.00Hz highCut=563.20Hz baseline=0.000220 gateRatio=0.10000 envFloor=0.000550 sustainScale=0.700 retriggerScale=1.250 peakRelease=0.130 pitchTol=0.400 onsetScale=0.009
2025-12-15 22:54:31 [tracker-settings] string3 midi=50 lowCut=85.16Hz highCut=693.05Hz baseline=0.000260 gateRatio=0.13000 envFloor=0.000650 sustainScale=0.820 retriggerScale=1.100 peakRelease=0.140 pitchTol=0.450 onsetScale=0.012
2025-12-15 22:54:31 [tracker-settings] string4 midi=55 lowCut=127.40Hz highCut=862.39Hz baseline=0.000320 gateRatio=0.17000 envFloor=0.000780 sustainScale=1.000 retriggerScale=1.000 peakRelease=0.160 pitchTol=0.440 onsetScale=0.014
2025-12-15 22:54:31 [tracker-settings] string5 midi=59 lowCut=160.51Hz highCut=1086.54Hz baseline=0.000370 gateRatio=0.21000 envFloor=0.000900 sustainScale=1.000 retriggerScale=1.000 peakRelease=0.180 pitchTol=0.500 onsetScale=0.016
2025-12-15 22:54:31 [tracker-settings] string6 midi=64 lowCut=214.26Hz highCut=1450.36Hz baseline=0.000420 gateRatio=0.25000 envFloor=0.001050 sustainScale=1.000 retriggerScale=1.000 peakRelease=0.200 pitchTol=0.550 onsetScale=0.018
2025-12-15 22:54:31 [tracker] [s1] calibration reset target=0.00180 gain=1.000
2025-12-15 22:54:31 [tracker] [s2] calibration reset target=0.00180 gain=1.000
2025-12-15 22:54:31 [tracker] [s3] calibration reset target=0.00180 gain=1.000
2025-12-15 22:54:31 [tracker] [s4] calibration reset target=0.00180 gain=1.000
2025-12-15 22:54:31 [tracker] [s5] calibration reset target=0.00180 gain=1.000
2025-12-15 22:54:31 [tracker] [s6] calibration reset target=0.00180 gain=1.000
2025-12-15 22:54:31 [calibration] Loading calibration profile multipliers into parameters
2025-12-15 22:54:31 [calibration] String 1: setting multiplier to 6.317
2025-12-15 22:54:31 [calibration] String 2: setting multiplier to 8.000
2025-12-15 22:54:31 [calibration] String 3: setting multiplier to 8.000
2025-12-15 22:54:31 [calibration] String 4: setting multiplier to 8.000
2025-12-15 22:54:31 [calibration] String 5: setting multiplier to 8.000
2025-12-15 22:54:31 [calibration] String 6: setting multiplier to 8.000
2025-12-15 22:54:31 [tracker] [s1] calibration avg=0.03970 target=0.00180 gain=1.000
2025-12-15 22:54:31 [tracker] [s2] calibration avg=0.01940 target=0.00180 gain=1.000
2025-12-15 22:54:31 [tracker] [s3] calibration avg=0.01411 target=0.00180 gain=1.000
2025-12-15 22:54:31 [tracker] [s4] calibration avg=0.03018 target=0.00180 gain=1.000
2025-12-15 22:54:31 [tracker] [s5] calibration avg=0.02970 target=0.00180 gain=1.000
2025-12-15 22:54:31 [tracker] [s6] calibration avg=0.02331 target=0.00180 gain=1.000
2025-12-15 22:54:31 [tracker] [s1] configure sr=48000.0 hop=128 fft=1024 low=37.1 high=445.0
2025-12-15 22:54:31 [tracker] [s1] params baseline=0.000180 gate=0.0550 envFloor=0.000450 sustain=0.580 retrigger=1.400 peakRelease=0.120 pitchTol=0.400 onsetScale=0.006 aubioScale=1.20 aubioThresh=0.024 onsetSilence=-85.0 pitchSilence=-90.0
2025-12-15 22:54:31 [tracker] [s2] configure sr=48000.0 hop=128 fft=1024 low=55.0 high=563.2
2025-12-15 22:54:31 [tracker] [s2] params baseline=0.000220 gate=0.0100 envFloor=0.000100 sustain=1.500 retrigger=1.250 peakRelease=0.130 pitchTol=0.400 onsetScale=0.009 aubioScale=1.35 aubioThresh=0.027 onsetSilence=-85.0 pitchSilence=-90.0
2025-12-15 22:54:31 [tracker] [s3] configure sr=48000.0 hop=128 fft=1024 low=85.2 high=693.0
2025-12-15 22:54:31 [tracker] [s3] params baseline=0.000260 gate=0.1300 envFloor=0.000650 sustain=0.820 retrigger=1.100 peakRelease=0.140 pitchTol=0.450 onsetScale=0.012 aubioScale=1.60 aubioThresh=0.032 onsetSilence=-75.0 pitchSilence=-80.0
2025-12-15 22:54:31 [tracker] [s4] configure sr=48000.0 hop=128 fft=1024 low=127.4 high=862.4
2025-12-15 22:54:31 [tracker] [s4] params baseline=0.000320 gate=0.1700 envFloor=0.000780 sustain=1.000 retrigger=1.000 peakRelease=0.160 pitchTol=0.440 onsetScale=0.014 aubioScale=1.80 aubioThresh=0.036 onsetSilence=-75.0 pitchSilence=-80.0
2025-12-15 22:54:31 [tracker] [s5] configure sr=48000.0 hop=128 fft=512 low=160.5 high=1086.5
2025-12-15 22:54:31 [tracker] [s5] params baseline=0.000370 gate=0.2100 envFloor=0.000900 sustain=1.000 retrigger=1.000 peakRelease=0.180 pitchTol=0.500 onsetScale=0.016 aubioScale=1.80 aubioThresh=0.036 onsetSilence=-75.0 pitchSilence=-80.0
2025-12-15 22:54:31 [tracker] [s6] configure sr=48000.0 hop=128 fft=512 low=214.3 high=1450.4
2025-12-15 22:54:31 [tracker] [s6] params baseline=0.000420 gate=0.2500 envFloor=0.001050 sustain=1.000 retrigger=1.000 peakRelease=0.200 pitchTol=0.550 onsetScale=0.018 aubioScale=1.80 aubioThresh=0.036 onsetSilence=-75.0 pitchSilence=-80.0
2025-12-15 22:54:31 [tracker] [s1] aubio-raw t=0.0040 onset=4.000000 env=0.000656 peak=0.001677 gain=1.000
2025-12-15 22:54:31 [tracker] [s1] onset-accepted t=0.0040 env=0.000656 gate=0.000022 envDelta=0.000634 envFloor=0.000594 onset=4.000000 thresh=0.006000 onsetDelta=3.994000 baseline=0.000396 floor=0.000180 adapt=0.000990 lastPeak=0.000000 baseParam=0.000180 gateRatio=0.0550 envParam=0.000450 onsetScale=0.300 retriggerScale=1.400 guard=0.060 guardRemain=0.000 activeAge=-1.000 retrigRemain=0.000 pitchHz=125.16 pitchCents=723.6
2025-12-15 22:54:31 [tracker] [s1] onset t=0.004 env=0.00066 gate=0.00002 envDelta=0.00063 envFloor=0.00059 onset=4.000 thresh=0.006 onsetDelta=3.99400 baseline=0.00040 adaptive=0.00099 lastPeak=0.00000 guard=0.060 activeAge=-1.000 pitch=125.16Hz pitchCents=723.6
2025-12-15 22:54:31 [tracker] [s2] onset t=0.004 env=0.00132 gate=0.00000 envDelta=0.00132 envFloor=0.00063 onset=4.000 thresh=0.009 onsetDelta=3.99100 baseline=0.00042 adaptive=0.00105 lastPeak=0.00000 guard=0.060 activeAge=-1.000 pitch=125.16Hz pitchCents=223.6
2025-12-15 22:54:31 [tracker] [s3] onset t=0.004 env=0.00140 gate=0.00006 envDelta=0.00135 envFloor=0.00065 onset=4.000 thresh=0.012 onsetDelta=3.98840 baseline=0.00042 adaptive=0.00106 lastPeak=0.00000 guard=0.060 activeAge=-1.000 pitch=125.16Hz pitchCents=-276.4
2025-12-15 22:54:31 [tracker] [s4] onset t=0.004 env=0.00135 gate=0.00007 envDelta=0.00128 envFloor=0.00078 onset=4.000 thresh=0.014 onsetDelta=3.98600 baseline=0.00042 adaptive=0.00105 lastPeak=0.00000 guard=0.060 activeAge=-1.000 pitch=125.16Hz pitchCents=-776.4
2025-12-15 22:54:31 [tracker] [s5] onset t=0.004 env=0.00178 gate=0.00009 envDelta=0.00168 envFloor=0.00090 onset=4.000 thresh=0.016 onsetDelta=3.98400 baseline=0.00045 adaptive=0.00112 lastPeak=0.00000 guard=0.060 activeAge=-1.000 pitch=376.47Hz pitchCents=730.0
2025-12-15 22:54:31 [tracker] [s6] onset t=0.004 env=0.00191 gate=0.00011 envDelta=0.00180 envFloor=0.00105 onset=4.000 thresh=0.018 onsetDelta=3.98200 baseline=0.00045 adaptive=0.00114 lastPeak=0.00000 guard=0.060 activeAge=-1.000 pitch=376.47Hz pitchCents=230.0
2025-12-15 22:54:31 [tracker] [s6] onset t=0.148 env=0.00199 gate=0.00021 envDelta=0.00178 envFloor=0.00125 onset=1.233 thresh=0.018 onsetDelta=1.21492 baseline=0.00083 adaptive=0.00208 lastPeak=0.00000 guard=0.060 activeAge=-1.000 pitch=-1.00Hz pitchCents=0.0
2025-12-15 22:54:31 [tracker] [s4] onset t=0.153 env=0.00132 gate=0.00011 envDelta=0.00121 envFloor=0.00099 onset=0.999 thresh=0.014 onsetDelta=0.98469 baseline=0.00066 adaptive=0.00165 lastPeak=0.00000 guard=0.060 activeAge=-1.000 pitch=-1.00Hz pitchCents=0.0
2025-12-15 22:54:31 [tracker] [s2] onset t=0.188 env=0.00208 gate=0.00001 envDelta=0.00207 envFloor=0.00095 onset=0.995 thresh=0.009 onsetDelta=0.98637 baseline=0.00063 adaptive=0.00158 lastPeak=0.00000 guard=0.060 activeAge=-1.000 pitch=-1.00Hz pitchCents=0.0
2025-12-15 22:54:31 [tracker] [s5] onset t=0.241 env=0.00161 gate=0.00015 envDelta=0.00146 envFloor=0.00107 onset=0.995 thresh=0.016 onsetDelta=0.97914 baseline=0.00071 adaptive=0.00178 lastPeak=0.00000 guard=0.060 activeAge=-1.000 pitch=-1.00Hz pitchCents=0.0
2025-12-15 22:54:31 [tracker] [s3] onset t=0.319 env=0.00104 gate=0.00008 envDelta=0.00097 envFloor=0.00088 onset=0.741 thresh=0.012 onsetDelta=0.72977 baseline=0.00058 adaptive=0.00146 lastPeak=0.00000 guard=0.060 activeAge=-1.000 pitch=-1.00Hz pitchCents=0.0
2025-12-15 22:54:32 [tracker] [s6] onset t=0.375 env=0.00214 gate=0.00020 envDelta=0.00193 envFloor=0.00122 onset=0.993 thresh=0.018 onsetDelta=0.97454 baseline=0.00081 adaptive=0.00204 lastPeak=0.00000 guard=0.060 activeAge=-1.000 pitch=-1.00Hz pitchCents=0.0
2025-12-15 22:54:32 [tracker] [s3] onset t=0.439 env=0.00145 gate=0.00008 envDelta=0.00137 envFloor=0.00090 onset=1.415 thresh=0.012 onsetDelta=1.40326 baseline=0.00060 adaptive=0.00150 lastPeak=0.00000 guard=0.060 activeAge=-1.000 pitch=-1.00Hz pitchCents=0.0
2025-12-15 22:54:32 [tracker] [s1] aubio-raw t=0.4547 onset=0.994943 env=0.001114 peak=0.002316 gain=1.000
2025-12-15 22:54:32 [tracker] [s1] onset-accepted t=0.4547 env=0.001114 gate=0.000025 envDelta=0.001090 envFloor=0.000671 onset=0.994943 thresh=0.006000 onsetDelta=0.988943 baseline=0.000447 floor=0.000180 adapt=0.001118 lastPeak=0.000000 baseParam=0.000180 gateRatio=0.0550 envParam=0.000450 onsetScale=0.300 retriggerScale=1.400 guard=0.060 guardRemain=0.000 activeAge=-1.000 retrigRemain=0.000 pitchHz=-1.00 pitchCents=0.0
2025-12-15 22:54:32 [tracker] [s1] onset t=0.455 env=0.00111 gate=0.00002 envDelta=0.00109 envFloor=0.00067 onset=0.995 thresh=0.006 onsetDelta=0.98894 baseline=0.00045 adaptive=0.00112 lastPeak=0.00000 guard=0.060 activeAge=-1.000 pitch=-1.00Hz pitchCents=0.0
2025-12-15 22:54:32 [tracker] [s1] aubio-raw t=0.5880 onset=1.172441 env=0.000767 peak=0.002205 gain=1.000
2025-12-15 22:54:32 [tracker] [s1] onset-accepted t=0.5880 env=0.000767 gate=0.000022 envDelta=0.000745 envFloor=0.000604 onset=1.172441 thresh=0.006000 onsetDelta=1.166441 baseline=0.000403 floor=0.000180 adapt=0.001007 lastPeak=0.000000 baseParam=0.000180 gateRatio=0.0550 envParam=0.000450 onsetScale=0.300 retriggerScale=1.400 guard=0.060 guardRemain=0.000 activeAge=-1.000 retrigRemain=0.000 pitchHz=399.91 pitchCents=2734.6
2025-12-15 22:54:32 [tracker] [s1] onset t=0.588 env=0.00077 gate=0.00002 envDelta=0.00074 envFloor=0.00060 onset=1.172 thresh=0.006 onsetDelta=1.16644 baseline=0.00040 adaptive=0.00101 lastPeak=0.00000 guard=0.060 activeAge=-1.000 pitch=399.91Hz pitchCents=2734.6
2025-12-15 22:54:32 [tracker] [s2] onset t=0.596 env=0.00135 gate=0.00001 envDelta=0.00134 envFloor=0.00097 onset=0.556 thresh=0.009 onsetDelta=0.54723 baseline=0.00064 adaptive=0.00161 lastPeak=0.00000 guard=0.060 activeAge=-1.000 pitch=666.73Hz pitchCents=3119.5
2025-12-15 22:54:32 [tracker] [s6] onset t=0.625 env=0.00169 gate=0.00020 envDelta=0.00149 envFloor=0.00119 onset=1.004 thresh=0.018 onsetDelta=0.98625 baseline=0.00079 adaptive=0.00199 lastPeak=0.00000 guard=0.060 activeAge=-1.000 pitch=-1.00Hz pitchCents=0.0
2025-12-15 22:54:32 [tracker] [s3] onset t=0.644 env=0.00166 gate=0.00008 envDelta=0.00158 envFloor=0.00093 onset=0.994 thresh=0.012 onsetDelta=0.98216 baseline=0.00062 adaptive=0.00155 lastPeak=0.00000 guard=0.060 activeAge=-1.000 pitch=-1.00Hz pitchCents=0.0
2025-12-15 22:54:32 [tracker] [s5] onset t=0.844 env=0.00233 gate=0.00016 envDelta=0.00217 envFloor=0.00115 onset=0.776 thresh=0.016 onsetDelta=0.76045 baseline=0.00077 adaptive=0.00192 lastPeak=0.00000 guard=0.060 activeAge=-1.000 pitch=-1.00Hz pitchCents=0.0
2025-12-15 22:54:32 [tracker] [s4] onset t=0.903 env=0.00169 gate=0.00011 envDelta=0.00157 envFloor=0.00101 onset=1.107 thresh=0.014 onsetDelta=1.09252 baseline=0.00067 adaptive=0.00168 lastPeak=0.00000 guard=0.060 activeAge=-1.000 pitch=-1.00Hz pitchCents=0.0
2025-12-15 22:54:32 [tracker] [s3] onset t=0.932 env=0.00105 gate=0.00008 envDelta=0.00097 envFloor=0.00091 onset=1.317 thresh=0.012 onsetDelta=1.30555 baseline=0.00061 adaptive=0.00152 lastPeak=0.00000 guard=0.060 activeAge=-1.000 pitch=-1.00Hz pitchCents=0.0
2025-12-15 22:54:32 [tracker] [s6] onset t=1.055 env=0.00235 gate=0.00020 envDelta=0.00216 envFloor=0.00117 onset=0.995 thresh=0.018 onsetDelta=0.97694 baseline=0.00078 adaptive=0.00195 lastPeak=0.00000 guard=0.060 activeAge=-1.000 pitch=-1.00Hz pitchCents=0.0
2025-12-15 22:54:32 [tracker] [s1] aubio-raw t=1.0787 onset=0.835763 env=0.000975 peak=0.002320 gain=1.000
2025-12-15 22:54:32 [tracker] [s1] onset-accepted t=1.0787 env=0.000975 gate=0.000024 envDelta=0.000951 envFloor=0.000658 onset=0.835763 thresh=0.006000 onsetDelta=0.829763 baseline=0.000438 floor=0.000180 adapt=0.001096 lastPeak=0.000000 baseParam=0.000180 gateRatio=0.0550 envParam=0.000450 onsetScale=0.300 retriggerScale=1.400 guard=0.060 guardRemain=0.000 activeAge=-1.000 retrigRemain=0.000 pitchHz=-1.00 pitchCents=0.0
2025-12-15 22:54:32 [tracker] [s1] onset t=1.079 env=0.00098 gate=0.00002 envDelta=0.00095 envFloor=0.00066 onset=0.836 thresh=0.006 onsetDelta=0.82976 baseline=0.00044 adaptive=0.00110 lastPeak=0.00000 guard=0.060 activeAge=-1.000 pitch=-1.00Hz pitchCents=0.0
2025-12-15 22:54:32 [tracker] [s6] onset t=1.105 env=0.00202 gate=0.00020 envDelta=0.00181 envFloor=0.00122 onset=1.034 thresh=0.018 onsetDelta=1.01639 baseline=0.00081 adaptive=0.00203 lastPeak=0.00000 guard=0.060 activeAge=-1.000 pitch=-1.00Hz pitchCents=0.0
2025-12-15 22:54:32 [tracker] [s2] onset t=1.137 env=0.00147 gate=0.00001 envDelta=0.00146 envFloor=0.00098 onset=1.201 thresh=0.009 onsetDelta=1.19220 baseline=0.00065 adaptive=0.00163 lastPeak=0.00000 guard=0.060 activeAge=-1.000 pitch=-1.00Hz pitchCents=0.0
2025-12-15 22:54:32 [tracker] [s5] onset t=1.255 env=0.00199 gate=0.00016 envDelta=0.00183 envFloor=0.00112 onset=1.000 thresh=0.016 onsetDelta=0.98387 baseline=0.00075 adaptive=0.00187 lastPeak=0.00000 guard=0.060 activeAge=-1.000 pitch=-1.00Hz pitchCents=0.0
2025-12-15 22:54:32 [tracker] [s2] onset t=1.273 env=0.00100 gate=0.00001 envDelta=0.00100 envFloor=0.00092 onset=1.097 thresh=0.009 onsetDelta=1.08770 baseline=0.00061 adaptive=0.00153 lastPeak=0.00000 guard=0.060 activeAge=-1.000 pitch=-1.00Hz pitchCents=0.0
2025-12-15 22:54:32 [tracker] [s3] onset t=1.292 env=0.00148 gate=0.00008 envDelta=0.00140 envFloor=0.00092 onset=0.997 thresh=0.012 onsetDelta=0.98537 baseline=0.00062 adaptive=0.00154 lastPeak=0.00000 guard=0.060 activeAge=-1.000 pitch=-1.00Hz pitchCents=0.0
2025-12-15 22:54:32 [tracker] [s6] onset t=1.303 env=0.00171 gate=0.00021 envDelta=0.00150 envFloor=0.00127 onset=0.893 thresh=0.018 onsetDelta=0.87460 baseline=0.00084 adaptive=0.00211 lastPeak=0.00000 guard=0.060 activeAge=-1.000 pitch=-1.00Hz pitchCents=0.0
2025-12-15 22:54:33 [tracker] [s1] aubio-raw t=1.3453 onset=1.366305 env=0.000877 peak=0.002347 gain=1.000
2025-12-15 22:54:33 [tracker] [s1] onset-accepted t=1.3453 env=0.000877 gate=0.000021 envDelta=0.000856 envFloor=0.000569 onset=1.366305 thresh=0.006000 onsetDelta=1.360305 baseline=0.000379 floor=0.000180 adapt=0.000949 lastPeak=0.000000 baseParam=0.000180 gateRatio=0.0550 envParam=0.000450 onsetScale=0.300 retriggerScale=1.400 guard=0.060 guardRemain=0.000 activeAge=-1.000 retrigRemain=0.000 pitchHz=216.22 pitchCents=1670.0
2025-12-15 22:54:33 [tracker] [s1] onset t=1.345 env=0.00088 gate=0.00002 envDelta=0.00086 envFloor=0.00057 onset=1.366 thresh=0.006 onsetDelta=1.36030 baseline=0.00038 adaptive=0.00095 lastPeak=0.00000 guard=0.060 activeAge=-1.000 pitch=216.22Hz pitchCents=1670.0
2025-12-15 22:54:33 [tracker] [s5] onset t=1.455 env=0.00195 gate=0.00015 envDelta=0.00180 envFloor=0.00106 onset=1.105 thresh=0.016 onsetDelta=1.08885 baseline=0.00071 adaptive=0.00176 lastPeak=0.00000 guard=0.060 activeAge=-1.000 pitch=-1.00Hz pitchCents=0.0
2025-12-15 22:54:33 [tracker] [s2] onset t=1.633 env=0.00127 gate=0.00001 envDelta=0.00126 envFloor=0.00099 onset=1.142 thresh=0.009 onsetDelta=1.13322 baseline=0.00066 adaptive=0.00165 lastPeak=0.00000 guard=0.060 activeAge=-1.000 pitch=-1.00Hz pitchCents=0.0
2025-12-15 22:54:33 [tracker] [s1] aubio-raw t=1.7213 onset=1.227138 env=0.001134 peak=0.002407 gain=1.000
2025-12-15 22:54:33 [tracker] [s1] onset-accepted t=1.7213 env=0.001134 gate=0.000021 envDelta=0.001114 envFloor=0.000568 onset=1.227138 thresh=0.006000 onsetDelta=1.221138 baseline=0.000378 floor=0.000180 adapt=0.000946 lastPeak=0.000000 baseParam=0.000180 gateRatio=0.0550 envParam=0.000450 onsetScale=0.300 retriggerScale=1.400 guard=0.060 guardRemain=0.000 activeAge=-1.000 retrigRemain=0.000 pitchHz=100.00 pitchCents=335.0
2025-12-15 22:54:33 [tracker] [s1] onset t=1.721 env=0.00113 gate=0.00002 envDelta=0.00111 envFloor=0.00057 onset=1.227 thresh=0.006 onsetDelta=1.22114 baseline=0.00038 adaptive=0.00095 lastPeak=0.00000 guard=0.060 activeAge=-1.000 pitch=100.00Hz pitchCents=335.0
2025-12-15 22:54:33 [tracker] [s2] onset t=1.724 env=0.00131 gate=0.00001 envDelta=0.00131 envFloor=0.00104 onset=0.770 thresh=0.009 onsetDelta=0.76098 baseline=0.00069 adaptive=0.00173 lastPeak=0.00000 guard=0.060 activeAge=-1.000 pitch=94.11Hz pitchCents=-270.0
2025-12-15 22:54:33 [tracker] [s4] onset t=1.799 env=0.00135 gate=0.00011 envDelta=0.00124 envFloor=0.00097 onset=1.492 thresh=0.014 onsetDelta=1.47805 baseline=0.00065 adaptive=0.00162 lastPeak=0.00000 guard=0.060 activeAge=-1.000 pitch=-1.00Hz pitchCents=0.0
2025-12-15 22:54:33 [tracker] [s5] onset t=1.841 env=0.00152 gate=0.00014 envDelta=0.00137 envFloor=0.00104 onset=1.056 thresh=0.016 onsetDelta=1.04044 baseline=0.00069 adaptive=0.00173 lastPeak=0.00000 guard=0.060 activeAge=-1.000 pitch=-1.00Hz pitchCents=0.0
2025-12-15 22:54:33 [tracker] [s1] aubio-raw t=1.9160 onset=1.002344 env=0.001118 peak=0.002426 gain=1.000
2025-12-15 22:54:33 [tracker] [s1] onset-accepted t=1.9160 env=0.001118 gate=0.000023 envDelta=0.001095 envFloor=0.000638 onset=1.002344 thresh=0.006000 onsetDelta=0.996344 baseline=0.000425 floor=0.000180 adapt=0.001063 lastPeak=0.000000 baseParam=0.000180 gateRatio=0.0550 envParam=0.000450 onsetScale=0.300 retriggerScale=1.400 guard=0.060 guardRemain=0.000 activeAge=-1.000 retrigRemain=0.000 pitchHz=-1.00 pitchCents=0.0
2025-12-15 22:54:33 [tracker] [s1] onset t=1.916 env=0.00112 gate=0.00002 envDelta=0.00109 envFloor=0.00064 onset=1.002 thresh=0.006 onsetDelta=0.99634 baseline=0.00043 adaptive=0.00106 lastPeak=0.00000 guard=0.060 activeAge=-1.000 pitch=-1.00Hz pitchCents=0.0
2025-12-15 22:54:33 [tracker] [s5] onset t=1.932 env=0.00140 gate=0.00015 envDelta=0.00125 envFloor=0.00109 onset=1.005 thresh=0.016 onsetDelta=0.98907 baseline=0.00073 adaptive=0.00181 lastPeak=0.00000 guard=0.060 activeAge=-1.000 pitch=-1.00Hz pitchCents=0.0
2025-12-15 22:54:33 [tracker] [s2] onset t=1.961 env=0.00145 gate=0.00001 envDelta=0.00145 envFloor=0.00102 onset=0.984 thresh=0.009 onsetDelta=0.97515 baseline=0.00068 adaptive=0.00170 lastPeak=0.00000 guard=0.060 activeAge=-1.000 pitch=-1.00Hz pitchCents=0.0
2025-12-15 22:54:33 [tracker] [s3] onset t=1.991 env=0.00143 gate=0.00009 envDelta=0.00134 envFloor=0.00098 onset=0.994 thresh=0.012 onsetDelta=0.98230 baseline=0.00066 adaptive=0.00164 lastPeak=0.00000 guard=0.060 activeAge=-1.000 pitch=-1.00Hz pitchCents=0.0
2025-12-15 22:54:33 [tracker] [s4] onset t=2.009 env=0.00172 gate=0.00012 envDelta=0.00161 envFloor=0.00102 onset=0.990 thresh=0.014 onsetDelta=0.97624 baseline=0.00068 adaptive=0.00171 lastPeak=0.00000 guard=0.060 activeAge=-1.000 pitch=-1.00Hz pitchCents=0.0
2025-12-15 22:54:33 [tracker] [s3] onset t=2.076 env=0.00126 gate=0.00008 envDelta=0.00119 envFloor=0.00091 onset=1.222 thresh=0.012 onsetDelta=1.20998 baseline=0.00061 adaptive=0.00152 lastPeak=0.00000 guard=0.060 activeAge=-1.000 pitch=-1.00Hz pitchCents=0.0
2025-12-15 22:54:33 [tracker] [s1] aubio-raw t=2.0787 onset=0.986761 env=0.000578 peak=0.001562 gain=1.000
2025-12-15 22:54:33 [tracker] [s1] onset-below-env-floor t=2.0787 env=0.000578 gate=0.000022 envDelta=0.000556 envFloor=0.000598 onset=0.986761 thresh=0.006000 onsetDelta=0.980761 baseline=0.000399 floor=0.000180 adapt=0.000997 lastPeak=0.000000 baseParam=0.000180 gateRatio=0.0550 envParam=0.000450 onsetScale=0.300 retriggerScale=1.400 guard=0.060 guardRemain=0.000 activeAge=-1.000 retrigRemain=0.000 pitchHz=400.02 pitchCents=2735.1
2025-12-15 22:54:33 [tracker] [s6] onset t=2.105 env=0.00193 gate=0.00020 envDelta=0.00172 envFloor=0.00121 onset=0.996 thresh=0.018 onsetDelta=0.97794 baseline=0.00081 adaptive=0.00202 lastPeak=0.00000 guard=0.060 activeAge=-1.000 pitch=-1.00Hz pitchCents=0.0
2025-12-15 22:54:33 [tracker] [s5] onset t=2.132 env=0.00149 gate=0.00015 envDelta=0.00134 envFloor=0.00104 onset=1.032 thresh=0.016 onsetDelta=1.01604 baseline=0.00069 adaptive=0.00173 lastPeak=0.00000 guard=0.060 activeAge=-1.000 pitch=-1.00Hz pitchCents=0.0
2025-12-15 22:54:33 [tracker] [s1] aubio-raw t=2.1800 onset=1.080092 env=0.000851 peak=0.001764 gain=1.000
2025-12-15 22:54:33 [tracker] [s1] onset-accepted t=2.1800 env=0.000851 gate=0.000021 envDelta=0.000830 envFloor=0.000584 onset=1.080092 thresh=0.006000 onsetDelta=1.074092 baseline=0.000389 floor=0.000180 adapt=0.000973 lastPeak=0.000000 baseParam=0.000180 gateRatio=0.0550 envParam=0.000450 onsetScale=0.300 retriggerScale=1.400 guard=0.060 guardRemain=0.000 activeAge=-1.000 retrigRemain=0.000 pitchHz=210.49 pitchCents=1623.5
2025-12-15 22:54:33 [tracker] [s1] onset t=2.180 env=0.00085 gate=0.00002 envDelta=0.00083 envFloor=0.00058 onset=1.080 thresh=0.006 onsetDelta=1.07409 baseline=0.00039 adaptive=0.00097 lastPeak=0.00000 guard=0.060 activeAge=-1.000 pitch=210.49Hz pitchCents=1623.5
2025-12-15 22:54:33 [tracker] [s1] note-start t=2.180 fret=16 midi=56 vel=0.01 env=0.00085
2025-12-15 22:54:33 [tracker] [s2] onset t=2.183 env=0.00112 gate=0.00001 envDelta=0.00112 envFloor=0.00094 onset=1.209 thresh=0.009 onsetDelta=1.20006 baseline=0.00062 adaptive=0.00156 lastPeak=0.00000 guard=0.060 activeAge=-1.000 pitch=103.89Hz pitchCents=-98.9
2025-12-15 22:54:33 [tracker] [s3] onset t=2.185 env=0.00128 gate=0.00008 envDelta=0.00120 envFloor=0.00089 onset=0.888 thresh=0.012 onsetDelta=0.87605 baseline=0.00059 adaptive=0.00148 lastPeak=0.00000 guard=0.060 activeAge=-1.000 pitch=-1.00Hz pitchCents=0.0
2025-12-15 22:54:33 [tracker] [s6] onset t=2.201 env=0.00162 gate=0.00019 envDelta=0.00143 envFloor=0.00113 onset=1.438 thresh=0.018 onsetDelta=1.42003 baseline=0.00076 adaptive=0.00189 lastPeak=0.00000 guard=0.060 activeAge=-1.000 pitch=-1.00Hz pitchCents=0.0
2025-12-15 22:54:33 [tracker] [s5] onset t=2.241 env=0.00191 gate=0.00015 envDelta=0.00176 envFloor=0.00106 onset=0.994 thresh=0.016 onsetDelta=0.97824 baseline=0.00071 adaptive=0.00177 lastPeak=0.00000 guard=0.060 activeAge=-1.000 pitch=-1.00Hz pitchCents=0.0
2025-12-15 22:54:33 [tracker] [s1] aubio-raw t=2.2440 onset=0.998672 env=0.000912 peak=0.002475 gain=1.000
2025-12-15 22:54:33 [tracker] [s1] onset-accepted t=2.2440 env=0.000912 gate=0.000037 envDelta=0.000874 envFloor=0.000565 onset=0.998672 thresh=0.006000 onsetDelta=0.992673 baseline=0.000679 floor=0.000180 adapt=0.000942 lastPeak=0.000755 baseParam=0.000180 gateRatio=0.0550 envParam=0.000450 onsetScale=0.300 retriggerScale=1.400 guard=0.060 guardRemain=0.000 activeAge=0.064 retrigRemain=0.156 pitchHz=181.81 pitchCents=1369.9
2025-12-15 22:54:33 [tracker] [s1] onset t=2.244 env=0.00091 gate=0.00004 envDelta=0.00087 envFloor=0.00057 onset=0.999 thresh=0.006 onsetDelta=0.99267 baseline=0.00068 adaptive=0.00094 lastPeak=0.00075 guard=0.060 activeAge=0.064 pitch=181.81Hz pitchCents=1369.9
2025-12-15 22:54:33 [tracker] [s1] note-ended (new onset) t=2.244 fret=16 dur=0.064
2025-12-15 22:54:34 [tracker] [s1] aubio-raw t=2.3694 onset=0.994283 env=0.000710 peak=0.001739 gain=1.000
2025-12-15 22:54:34 [tracker] [s1] onset-accepted t=2.3694 env=0.000710 gate=0.000030 envDelta=0.000681 envFloor=0.000663 onset=0.994283 thresh=0.006000 onsetDelta=0.988284 baseline=0.000537 floor=0.000180 adapt=0.001106 lastPeak=0.000596 baseParam=0.000180 gateRatio=0.0550 envParam=0.000450 onsetScale=0.300 retriggerScale=1.400 guard=0.060 guardRemain=0.000 activeAge=-1.000 retrigRemain=0.000 pitchHz=-1.00 pitchCents=0.0
2025-12-15 22:54:34 [tracker] [s1] onset t=2.369 env=0.00071 gate=0.00003 envDelta=0.00068 envFloor=0.00066 onset=0.994 thresh=0.006 onsetDelta=0.98828 baseline=0.00054 adaptive=0.00111 lastPeak=0.00060 guard=0.060 activeAge=-1.000 pitch=-1.00Hz pitchCents=0.0
2025-12-15 22:54:34 [tracker] [s2] onset t=2.553 env=0.00140 gate=0.00001 envDelta=0.00139 envFloor=0.00090 onset=0.997 thresh=0.009 onsetDelta=0.98834 baseline=0.00060 adaptive=0.00150 lastPeak=0.00000 guard=0.060 activeAge=-1.000 pitch=888.58Hz pitchCents=3616.8
2025-12-15 22:54:34 [tracker] [s5] onset t=2.633 env=0.00191 gate=0.00015 envDelta=0.00176 envFloor=0.00108 onset=0.941 thresh=0.016 onsetDelta=0.92507 baseline=0.00072 adaptive=0.00181 lastPeak=0.00000 guard=0.060 activeAge=-1.000 pitch=-1.00Hz pitchCents=0.0
2025-12-15 22:54:34 [tracker] [s6] onset t=2.700 env=0.00210 gate=0.00022 envDelta=0.00188 envFloor=0.00131 onset=0.891 thresh=0.018 onsetDelta=0.87314 baseline=0.00087 adaptive=0.00218 lastPeak=0.00000 guard=0.060 activeAge=-1.000 pitch=-1.00Hz pitchCents=0.0
2025-12-15 22:54:34 [tracker] [s3] onset t=2.785 env=0.00163 gate=0.00008 envDelta=0.00156 envFloor=0.00092 onset=1.069 thresh=0.012 onsetDelta=1.05760 baseline=0.00061 adaptive=0.00153 lastPeak=0.00000 guard=0.060 activeAge=-1.000 pitch=-1.00Hz pitchCents=0.0
2025-12-15 22:54:34 [tracker] [s6] onset t=2.791 env=0.00215 gate=0.00021 envDelta=0.00194 envFloor=0.00128 onset=0.945 thresh=0.018 onsetDelta=0.92676 baseline=0.00085 adaptive=0.00214 lastPeak=0.00000 guard=0.060 activeAge=-1.000 pitch=-1.00Hz pitchCents=0.0
2025-12-15 22:54:34 [tracker] [s1] aubio-raw t=2.8040 onset=0.766303 env=0.001155 peak=0.002310 gain=1.000
2025-12-15 22:54:34 [tracker] [s1] onset-accepted t=2.8040 env=0.001155 gate=0.000024 envDelta=0.001131 envFloor=0.000658 onset=0.766303 thresh=0.006000 onsetDelta=0.760303 baseline=0.000438 floor=0.000180 adapt=0.001096 lastPeak=0.000263 baseParam=0.000180 gateRatio=0.0550 envParam=0.000450 onsetScale=0.300 retriggerScale=1.400 guard=0.060 guardRemain=0.000 activeAge=-1.000 retrigRemain=0.000 pitchHz=-1.00 pitchCents=0.0
2025-12-15 22:54:34 [tracker] [s1] onset t=2.804 env=0.00115 gate=0.00002 envDelta=0.00113 envFloor=0.00066 onset=0.766 thresh=0.006 onsetDelta=0.76030 baseline=0.00044 adaptive=0.00110 lastPeak=0.00026 guard=0.060 activeAge=-1.000 pitch=-1.00Hz pitchCents=0.0
2025-12-15 22:54:34 [tracker] [s5] onset t=2.815 env=0.00146 gate=0.00015 envDelta=0.00131 envFloor=0.00108 onset=1.261 thresh=0.016 onsetDelta=1.24505 baseline=0.00072 adaptive=0.00180 lastPeak=0.00000 guard=0.060 activeAge=-1.000 pitch=-1.00Hz pitchCents=0.0
2025-12-15 22:54:34 [tracker] [s1] aubio-raw t=2.8787 onset=0.999286 env=0.000733 peak=0.001617 gain=1.000
2025-12-15 22:54:34 [tracker] [s1] onset-accepted t=2.8787 env=0.000733 gate=0.000022 envDelta=0.000711 envFloor=0.000599 onset=0.999286 thresh=0.006000 onsetDelta=0.993286 baseline=0.000400 floor=0.000180 adapt=0.000999 lastPeak=0.000229 baseParam=0.000180 gateRatio=0.0550 envParam=0.000450 onsetScale=0.300 retriggerScale=1.400 guard=0.060 guardRemain=0.000 activeAge=-1.000 retrigRemain=0.000 pitchHz=-1.00 pitchCents=0.0
2025-12-15 22:54:34 [tracker] [s1] onset t=2.879 env=0.00073 gate=0.00002 envDelta=0.00071 envFloor=0.00060 onset=0.999 thresh=0.006 onsetDelta=0.99329 baseline=0.00040 adaptive=0.00100 lastPeak=0.00023 guard=0.060 activeAge=-1.000 pitch=-1.00Hz pitchCents=0.0
2025-12-15 22:54:34 [tracker] [s2] onset t=2.895 env=0.00129 gate=0.00001 envDelta=0.00128 envFloor=0.00095 onset=0.998 thresh=0.009 onsetDelta=0.98903 baseline=0.00063 adaptive=0.00158 lastPeak=0.00000 guard=0.060 activeAge=-1.000 pitch=571.46Hz pitchCents=2852.6
2025-12-15 22:54:34 [tracker] [s3] onset t=3.140 env=0.00108 gate=0.00009 envDelta=0.00099 envFloor=0.00098 onset=1.098 thresh=0.012 onsetDelta=1.08594 baseline=0.00066 adaptive=0.00164 lastPeak=0.00000 guard=0.060 activeAge=-1.000 pitch=-1.00Hz pitchCents=0.0
2025-12-15 22:54:34 [tracker] [s6] onset t=3.233 env=0.00190 gate=0.00021 envDelta=0.00169 envFloor=0.00125 onset=0.996 thresh=0.018 onsetDelta=0.97830 baseline=0.00083 adaptive=0.00208 lastPeak=0.00000 guard=0.060 activeAge=-1.000 pitch=-1.00Hz pitchCents=0.0
2025-12-15 22:54:34 [tracker] [s1] aubio-raw t=3.2440 onset=1.047007 env=0.000688 peak=0.001692 gain=1.000
2025-12-15 22:54:34 [tracker] [s1] onset-accepted t=3.2440 env=0.000688 gate=0.000022 envDelta=0.000666 envFloor=0.000598 onset=1.047007 thresh=0.006000 onsetDelta=1.041007 baseline=0.000399 floor=0.000180 adapt=0.000997 lastPeak=0.000115 baseParam=0.000180 gateRatio=0.0550 envParam=0.000450 onsetScale=0.300 retriggerScale=1.400 guard=0.060 guardRemain=0.000 activeAge=-1.000 retrigRemain=0.000 pitchHz=153.83 pitchCents=1080.6
2025-12-15 22:54:34 [tracker] [s1] onset t=3.244 env=0.00069 gate=0.00002 envDelta=0.00067 envFloor=0.00060 onset=1.047 thresh=0.006 onsetDelta=1.04101 baseline=0.00040 adaptive=0.00100 lastPeak=0.00012 guard=0.060 activeAge=-1.000 pitch=153.83Hz pitchCents=1080.6
2025-12-15 22:54:35 [tracker] [s2] onset t=3.348 env=0.00126 gate=0.00001 envDelta=0.00125 envFloor=0.00092 onset=1.006 thresh=0.009 onsetDelta=0.99701 baseline=0.00061 adaptive=0.00153 lastPeak=0.00000 guard=0.060 activeAge=-1.000 pitch=615.33Hz pitchCents=2980.6
2025-12-15 22:54:35 [tracker] [s6] onset t=3.407 env=0.00211 gate=0.00020 envDelta=0.00191 envFloor=0.00122 onset=0.829 thresh=0.018 onsetDelta=0.81103 baseline=0.00082 adaptive=0.00204 lastPeak=0.00000 guard=0.060 activeAge=-1.000 pitch=-1.00Hz pitchCents=0.0
2025-12-15 22:54:35 [tracker] [s2] onset t=3.460 env=0.00139 gate=0.00001 envDelta=0.00139 envFloor=0.00092 onset=1.443 thresh=0.009 onsetDelta=1.43435 baseline=0.00062 adaptive=0.00154 lastPeak=0.00000 guard=0.060 activeAge=-1.000 pitch=-1.00Hz pitchCents=0.0
2025-12-15 22:54:35 [tracker] [s5] onset t=3.516 env=0.00153 gate=0.00016 envDelta=0.00137 envFloor=0.00114 onset=0.959 thresh=0.016 onsetDelta=0.94347 baseline=0.00076 adaptive=0.00191 lastPeak=0.00000 guard=0.060 activeAge=-1.000 pitch=-1.00Hz pitchCents=0.0
2025-12-15 22:54:35 [tracker] [s2] onset t=3.556 env=0.00126 gate=0.00001 envDelta=0.00126 envFloor=0.00096 onset=1.196 thresh=0.009 onsetDelta=1.18671 baseline=0.00064 adaptive=0.00159 lastPeak=0.00000 guard=0.060 activeAge=-1.000 pitch=-1.00Hz pitchCents=0.0
2025-12-15 22:54:35 [tracker] [s6] onset t=3.569 env=0.00190 gate=0.00021 envDelta=0.00169 envFloor=0.00128 onset=1.001 thresh=0.018 onsetDelta=0.98347 baseline=0.00085 adaptive=0.00213 lastPeak=0.00000 guard=0.060 activeAge=-1.000 pitch=-1.00Hz pitchCents=0.0
2025-12-15 22:54:35 [tracker] [s1] aubio-raw t=3.5827 onset=0.998460 env=0.000634 peak=0.001677 gain=1.000
2025-12-15 22:54:35 [tracker] [s1] onset-accepted t=3.5827 env=0.000634 gate=0.000023 envDelta=0.000611 envFloor=0.000624 onset=0.998460 thresh=0.006000 onsetDelta=0.992460 baseline=0.000416 floor=0.000180 adapt=0.001040 lastPeak=0.000061 baseParam=0.000180 gateRatio=0.0550 envParam=0.000450 onsetScale=0.300 retriggerScale=1.400 guard=0.060 guardRemain=0.000 activeAge=-1.000 retrigRemain=0.000 pitchHz=-1.00 pitchCents=0.0
2025-12-15 22:54:35 [tracker] [s1] onset t=3.583 env=0.00063 gate=0.00002 envDelta=0.00061 envFloor=0.00062 onset=0.998 thresh=0.006 onsetDelta=0.99246 baseline=0.00042 adaptive=0.00104 lastPeak=0.00006 guard=0.060 activeAge=-1.000 pitch=-1.00Hz pitchCents=0.0
2025-12-15 22:54:35 [tracker] [s4] onset t=3.623 env=0.00122 gate=0.00011 envDelta=0.00111 envFloor=0.00099 onset=0.867 thresh=0.014 onsetDelta=0.85312 baseline=0.00066 adaptive=0.00165 lastPeak=0.00000 guard=0.060 activeAge=-1.000 pitch=-1.00Hz pitchCents=0.0
2025-12-15 22:54:35 [tracker] [s3] onset t=3.676 env=0.00118 gate=0.00008 envDelta=0.00110 envFloor=0.00091 onset=0.996 thresh=0.012 onsetDelta=0.98438 baseline=0.00060 adaptive=0.00151 lastPeak=0.00000 guard=0.060 activeAge=-1.000 pitch=-1.00Hz pitchCents=0.0
2025-12-15 22:54:35 [tracker] [s1] aubio-raw t=3.7267 onset=1.235431 env=0.000724 peak=0.002068 gain=1.000
2025-12-15 22:54:35 [tracker] [s1] onset-accepted t=3.7267 env=0.000724 gate=0.000021 envDelta=0.000702 envFloor=0.000584 onset=1.235431 thresh=0.006000 onsetDelta=1.229431 baseline=0.000389 floor=0.000180 adapt=0.000974 lastPeak=0.000046 baseParam=0.000180 gateRatio=0.0550 envParam=0.000450 onsetScale=0.300 retriggerScale=1.400 guard=0.060 guardRemain=0.000 activeAge=-1.000 retrigRemain=0.000 pitchHz=800.09 pitchCents=3935.2
2025-12-15 22:54:35 [tracker] [s1] onset t=3.727 env=0.00072 gate=0.00002 envDelta=0.00070 envFloor=0.00058 onset=1.235 thresh=0.006 onsetDelta=1.22943 baseline=0.00039 adaptive=0.00097 lastPeak=0.00005 guard=0.060 activeAge=-1.000 pitch=800.09Hz pitchCents=3935.2
2025-12-15 22:54:35 [tracker] [s1] note-start t=3.727 fret=24 midi=64 vel=0.01 env=0.00072
2025-12-15 22:54:35 [tracker] [s5] onset t=3.727 env=0.00175 gate=0.00014 envDelta=0.00160 envFloor=0.00102 onset=0.796 thresh=0.016 onsetDelta=0.77973 baseline=0.00068 adaptive=0.00171 lastPeak=0.00000 guard=0.060 activeAge=-1.000 pitch=-1.00Hz pitchCents=0.0
2025-12-15 22:54:35 [tracker] [s3] onset t=3.815 env=0.00154 gate=0.00008 envDelta=0.00146 envFloor=0.00088 onset=1.107 thresh=0.012 onsetDelta=1.09569 baseline=0.00059 adaptive=0.00147 lastPeak=0.00000 guard=0.060 activeAge=-1.000 pitch=-1.00Hz pitchCents=0.0
2025-12-15 22:54:35 [tracker] [s6] onset t=3.825 env=0.00207 gate=0.00021 envDelta=0.00187 envFloor=0.00124 onset=0.622 thresh=0.018 onsetDelta=0.60420 baseline=0.00082 adaptive=0.00206 lastPeak=0.00000 guard=0.060 activeAge=-1.000 pitch=-1.00Hz pitchCents=0.0
2025-12-15 22:54:35 [tracker] [s2] onset t=3.836 env=0.00144 gate=0.00001 envDelta=0.00144 envFloor=0.00097 onset=0.998 thresh=0.009 onsetDelta=0.98889 baseline=0.00065 adaptive=0.00162 lastPeak=0.00000 guard=0.060 activeAge=-1.000 pitch=-1.00Hz pitchCents=0.0
2025-12-15 22:54:35 [tracker] [s1] aubio-raw t=3.8894 onset=0.995817 env=0.001009 peak=0.002847 gain=1.000
2025-12-15 22:54:35 [tracker] [s1] onset-accepted t=3.8894 env=0.001009 gate=0.000026 envDelta=0.000983 envFloor=0.000661 onset=0.995817 thresh=0.006000 onsetDelta=0.989817 baseline=0.000480 floor=0.000180 adapt=0.001102 lastPeak=0.000533 baseParam=0.000180 gateRatio=0.0550 envParam=0.000450 onsetScale=0.300 retriggerScale=1.400 guard=0.060 guardRemain=0.000 activeAge=0.163 retrigRemain=0.057 pitchHz=-1.00 pitchCents=0.0
2025-12-15 22:54:35 [tracker] [s1] onset t=3.889 env=0.00101 gate=0.00003 envDelta=0.00098 envFloor=0.00066 onset=0.996 thresh=0.006 onsetDelta=0.98982 baseline=0.00048 adaptive=0.00110 lastPeak=0.00053 guard=0.060 activeAge=0.163 pitch=-1.00Hz pitchCents=0.0
2025-12-15 22:54:35 [tracker] [s1] note-ended (new onset) t=3.889 fret=24 dur=0.163
2025-12-15 22:54:35 [tracker] [s2] onset t=3.919 env=0.00140 gate=0.00001 envDelta=0.00140 envFloor=0.00098 onset=0.933 thresh=0.009 onsetDelta=0.92353 baseline=0.00066 adaptive=0.00164 lastPeak=0.00000 guard=0.060 activeAge=-1.000 pitch=-1.00Hz pitchCents=0.0
2025-12-15 22:54:35 [tracker] [s3] onset t=3.927 env=0.00115 gate=0.00008 envDelta=0.00107 envFloor=0.00089 onset=1.051 thresh=0.012 onsetDelta=1.03930 baseline=0.00059 adaptive=0.00149 lastPeak=0.00000 guard=0.060 activeAge=-1.000 pitch=-1.00Hz pitchCents=0.0
2025-12-15 22:54:35 [tracker] [s4] onset t=3.945 env=0.00132 gate=0.00011 envDelta=0.00121 envFloor=0.00100 onset=1.037 thresh=0.014 onsetDelta=1.02289 baseline=0.00067 adaptive=0.00167 lastPeak=0.00000 guard=0.060 activeAge=-1.000 pitch=-1.00Hz pitchCents=0.0
2025-12-15 22:54:35 [tracker] [s4] onset t=4.039 env=0.00143 gate=0.00011 envDelta=0.00132 envFloor=0.00097 onset=0.939 thresh=0.014 onsetDelta=0.92481 baseline=0.00065 adaptive=0.00162 lastPeak=0.00000 guard=0.060 activeAge=-1.000 pitch=-1.00Hz pitchCents=0.0
2025-12-15 22:54:35 [tracker] [s5] onset t=4.068 env=0.00148 gate=0.00014 envDelta=0.00134 envFloor=0.00101 onset=1.180 thresh=0.016 onsetDelta=1.16418 baseline=0.00067 adaptive=0.00169 lastPeak=0.00000 guard=0.060 activeAge=-1.000 pitch=-1.00Hz pitchCents=0.0
2025-12-15 22:54:35 [tracker] [s5] onset t=4.148 env=0.00189 gate=0.00015 envDelta=0.00174 envFloor=0.00104 onset=0.947 thresh=0.016 onsetDelta=0.93116 baseline=0.00069 adaptive=0.00173 lastPeak=0.00000 guard=0.060 activeAge=-1.000 pitch=-1.00Hz pitchCents=0.0
2025-12-15 22:54:35 [tracker] [s1] aubio-raw t=4.1534 onset=0.617099 env=0.000785 peak=0.001715 gain=1.000
2025-12-15 22:54:35 [tracker] [s1] onset-accepted t=4.1534 env=0.000785 gate=0.000021 envDelta=0.000765 envFloor=0.000566 onset=0.617099 thresh=0.006000 onsetDelta=0.611099 baseline=0.000377 floor=0.000180 adapt=0.000943 lastPeak=0.000325 baseParam=0.000180 gateRatio=0.0550 envParam=0.000450 onsetScale=0.300 retriggerScale=1.400 guard=0.060 guardRemain=0.000 activeAge=-1.000 retrigRemain=0.000 pitchHz=142.85 pitchCents=952.4
2025-12-15 22:54:35 [tracker] [s1] onset t=4.153 env=0.00079 gate=0.00002 envDelta=0.00076 envFloor=0.00057 onset=0.617 thresh=0.006 onsetDelta=0.61110 baseline=0.00038 adaptive=0.00094 lastPeak=0.00032 guard=0.060 activeAge=-1.000 pitch=142.85Hz pitchCents=952.4
2025-12-15 22:54:35 [tracker] [s3] onset t=4.172 env=0.00171 gate=0.00008 envDelta=0.00162 envFloor=0.00096 onset=0.962 thresh=0.012 onsetDelta=0.95089 baseline=0.00064 adaptive=0.00160 lastPeak=0.00000 guard=0.060 activeAge=-1.000 pitch=-1.00Hz pitchCents=0.0
2025-12-15 22:54:35 [tracker] [s4] onset t=4.207 env=0.00130 gate=0.00011 envDelta=0.00120 envFloor=0.00095 onset=0.995 thresh=0.014 onsetDelta=0.98075 baseline=0.00064 adaptive=0.00159 lastPeak=0.00000 guard=0.060 activeAge=-1.000 pitch=-1.00Hz pitchCents=0.0
2025-12-15 22:54:35 [tracker] [s1] aubio-raw t=4.2120 onset=1.022960 env=0.000655 peak=0.001753 gain=1.000
2025-12-15 22:54:35 [tracker] [s1] onset-accepted t=4.2120 env=0.000655 gate=0.000022 envDelta=0.000633 envFloor=0.000601 onset=1.022960 thresh=0.006000 onsetDelta=1.016960 baseline=0.000401 floor=0.000180 adapt=0.001001 lastPeak=0.000291 baseParam=0.000180 gateRatio=0.0550 envParam=0.000450 onsetScale=0.300 retriggerScale=1.400 guard=0.060 guardRemain=0.000 activeAge=-1.000 retrigRemain=0.000 pitchHz=-1.00 pitchCents=0.0
2025-12-15 22:54:35 [tracker] [s1] onset t=4.212 env=0.00065 gate=0.00002 envDelta=0.00063 envFloor=0.00060 onset=1.023 thresh=0.006 onsetDelta=1.01696 baseline=0.00040 adaptive=0.00100 lastPeak=0.00029 guard=0.060 activeAge=-1.000 pitch=-1.00Hz pitchCents=0.0
2025-12-15 22:54:35 [tracker] [s6] onset t=4.220 env=0.00209 gate=0.00021 envDelta=0.00188 envFloor=0.00127 onset=0.997 thresh=0.018 onsetDelta=0.97853 baseline=0.00085 adaptive=0.00212 lastPeak=0.00000 guard=0.060 activeAge=-1.000 pitch=-1.00Hz pitchCents=0.0
2025-12-15 22:54:35 [tracker] [s2] onset t=4.260 env=0.00107 gate=0.00001 envDelta=0.00106 envFloor=0.00099 onset=0.823 thresh=0.009 onsetDelta=0.81429 baseline=0.00066 adaptive=0.00166 lastPeak=0.00000 guard=0.060 activeAge=-1.000 pitch=-1.00Hz pitchCents=0.0
2025-12-15 22:54:35 [tracker] [s2] onset t=4.335 env=0.00137 gate=0.00001 envDelta=0.00136 envFloor=0.00096 onset=0.805 thresh=0.009 onsetDelta=0.79634 baseline=0.00064 adaptive=0.00160 lastPeak=0.00000 guard=0.060 activeAge=-1.000 pitch=-1.00Hz pitchCents=0.0
2025-12-15 22:54:36 [tracker] [s5] onset t=4.356 env=0.00146 gate=0.00015 envDelta=0.00131 envFloor=0.00108 onset=0.828 thresh=0.016 onsetDelta=0.81224 baseline=0.00072 adaptive=0.00181 lastPeak=0.00000 guard=0.060 activeAge=-1.000 pitch=-1.00Hz pitchCents=0.0
2025-12-15 22:54:36 [tracker] [s1] aubio-raw t=4.3720 onset=0.814378 env=0.000821 peak=0.001992 gain=1.000
2025-12-15 22:54:36 [tracker] [s1] onset-accepted t=4.3720 env=0.000821 gate=0.000022 envDelta=0.000799 envFloor=0.000596 onset=0.814378 thresh=0.006000 onsetDelta=0.808378 baseline=0.000397 floor=0.000180 adapt=0.000993 lastPeak=0.000215 baseParam=0.000180 gateRatio=0.0550 envParam=0.000450 onsetScale=0.300 retriggerScale=1.400 guard=0.060 guardRemain=0.000 activeAge=-1.000 retrigRemain=0.000 pitchHz=-1.00 pitchCents=0.0
2025-12-15 22:54:36 [tracker] [s1] onset t=4.372 env=0.00082 gate=0.00002 envDelta=0.00080 envFloor=0.00060 onset=0.814 thresh=0.006 onsetDelta=0.80838 baseline=0.00040 adaptive=0.00099 lastPeak=0.00022 guard=0.060 activeAge=-1.000 pitch=-1.00Hz pitchCents=0.0
2025-12-15 22:54:36 [tracker] [s6] onset t=4.383 env=0.00169 gate=0.00020 envDelta=0.00149 envFloor=0.00121 onset=1.051 thresh=0.018 onsetDelta=1.03278 baseline=0.00081 adaptive=0.00201 lastPeak=0.00000 guard=0.060 activeAge=-1.000 pitch=-1.00Hz pitchCents=0.0
2025-12-15 22:54:36 [tracker] [s5] onset t=4.484 env=0.00163 gate=0.00015 envDelta=0.00149 envFloor=0.00104 onset=1.231 thresh=0.016 onsetDelta=1.21498 baseline=0.00069 adaptive=0.00174 lastPeak=0.00000 guard=0.060 activeAge=-1.000 pitch=-1.00Hz pitchCents=0.0
2025-12-15 22:54:36 [tracker] [s1] aubio-raw t=4.4973 onset=1.088977 env=0.000711 peak=0.001926 gain=1.000
2025-12-15 22:54:36 [tracker] [s1] onset-accepted t=4.4973 env=0.000711 gate=0.000023 envDelta=0.000688 envFloor=0.000631 onset=1.088977 thresh=0.006000 onsetDelta=1.082977 baseline=0.000420 floor=0.000180 adapt=0.001051 lastPeak=0.000170 baseParam=0.000180 gateRatio=0.0550 envParam=0.000450 onsetScale=0.300 retriggerScale=1.400 guard=0.060 guardRemain=0.000 activeAge=-1.000 retrigRemain=0.000 pitchHz=109.59 pitchCents=493.5
2025-12-15 22:54:36 [tracker] [s1] onset t=4.497 env=0.00071 gate=0.00002 envDelta=0.00069 envFloor=0.00063 onset=1.089 thresh=0.006 onsetDelta=1.08298 baseline=0.00042 adaptive=0.00105 lastPeak=0.00017 guard=0.060 activeAge=-1.000 pitch=109.59Hz pitchCents=493.5
2025-12-15 22:54:36 [tracker] [s1] note-start t=4.497 fret=24 midi=64 vel=0.01 env=0.00071
2025-12-15 22:54:36 [tracker] [s2] onset t=4.631 env=0.00155 gate=0.00001 envDelta=0.00154 envFloor=0.00093 onset=1.201 thresh=0.009 onsetDelta=1.19171 baseline=0.00062 adaptive=0.00156 lastPeak=0.00000 guard=0.060 activeAge=-1.000 pitch=266.66Hz pitchCents=1533.0
2025-12-15 22:54:36 [tracker] [s5] onset t=4.668 env=0.00155 gate=0.00015 envDelta=0.00140 envFloor=0.00109 onset=0.587 thresh=0.016 onsetDelta=0.57070 baseline=0.00073 adaptive=0.00182 lastPeak=0.00000 guard=0.060 activeAge=-1.000 pitch=-1.00Hz pitchCents=0.0
2025-12-15 22:54:36 [tracker] [s2] onset t=4.719 env=0.00178 gate=0.00001 envDelta=0.00178 envFloor=0.00101 onset=0.791 thresh=0.009 onsetDelta=0.78210 baseline=0.00067 adaptive=0.00168 lastPeak=0.00000 guard=0.060 activeAge=-1.000 pitch=-1.00Hz pitchCents=0.0
2025-12-15 22:54:36 [tracker] [s1] aubio-raw t=4.7880 onset=0.944501 env=0.000992 peak=0.002135 gain=1.000
2025-12-15 22:54:36 [tracker] [s1] onset-accepted t=4.7880 env=0.000992 gate=0.000021 envDelta=0.000971 envFloor=0.000581 onset=0.944501 thresh=0.006000 onsetDelta=0.938501 baseline=0.000388 floor=0.000180 adapt=0.000969 lastPeak=0.000412 baseParam=0.000180 gateRatio=0.0550 envParam=0.000450 onsetScale=0.300 retriggerScale=1.400 guard=0.060 guardRemain=0.000 activeAge=0.291 retrigRemain=0.000 pitchHz=-1.00 pitchCents=0.0
2025-12-15 22:54:36 [tracker] [s1] onset t=4.788 env=0.00099 gate=0.00002 envDelta=0.00097 envFloor=0.00058 onset=0.945 thresh=0.006 onsetDelta=0.93850 baseline=0.00039 adaptive=0.00097 lastPeak=0.00041 guard=0.060 activeAge=0.291 pitch=-1.00Hz pitchCents=0.0
2025-12-15 22:54:36 [tracker] [s1] note-ended (new onset) t=4.788 fret=24 dur=0.291
2025-12-15 22:54:36 [tracker] [s4] onset t=4.863 env=0.00145 gate=0.00010 envDelta=0.00135 envFloor=0.00092 onset=1.021 thresh=0.014 onsetDelta=1.00698 baseline=0.00061 adaptive=0.00154 lastPeak=0.00000 guard=0.060 activeAge=-1.000 pitch=-1.00Hz pitchCents=0.0
2025-12-15 22:54:36 [tracker] [s1] aubio-raw t=4.8760 onset=1.058360 env=0.000691 peak=0.001639 gain=1.000
2025-12-15 22:54:36 [tracker] [s1] onset-accepted t=4.8760 env=0.000691 gate=0.000022 envDelta=0.000669 envFloor=0.000609 onset=1.058360 thresh=0.006000 onsetDelta=1.052360 baseline=0.000406 floor=0.000180 adapt=0.001014 lastPeak=0.000349 baseParam=0.000180 gateRatio=0.0550 envParam=0.000450 onsetScale=0.300 retriggerScale=1.400 guard=0.060 guardRemain=0.000 activeAge=-1.000 retrigRemain=0.000 pitchHz=95.23 pitchCents=250.4
2025-12-15 22:54:36 [tracker] [s1] onset t=4.876 env=0.00069 gate=0.00002 envDelta=0.00067 envFloor=0.00061 onset=1.058 thresh=0.006 onsetDelta=1.05236 baseline=0.00041 adaptive=0.00101 lastPeak=0.00035 guard=0.060 activeAge=-1.000 pitch=95.23Hz pitchCents=250.4
2025-12-15 22:54:36 [tracker] [s2] onset t=4.881 env=0.00195 gate=0.00001 envDelta=0.00194 envFloor=0.00098 onset=1.144 thresh=0.009 onsetDelta=1.13541 baseline=0.00065 adaptive=0.00163 lastPeak=0.00000 guard=0.060 activeAge=-1.000 pitch=-1.00Hz pitchCents=0.0
2025-12-15 22:54:36 [tracker] [s4] onset t=4.916 env=0.00129 gate=0.00011 envDelta=0.00118 envFloor=0.00096 onset=1.003 thresh=0.014 onsetDelta=0.98908 baseline=0.00064 adaptive=0.00160 lastPeak=0.00000 guard=0.060 activeAge=-1.000 pitch=-1.00Hz pitchCents=0.0
2025-12-15 22:54:36 [tracker] [s5] onset t=4.959 env=0.00179 gate=0.00016 envDelta=0.00164 envFloor=0.00111 onset=0.998 thresh=0.016 onsetDelta=0.98220 baseline=0.00074 adaptive=0.00185 lastPeak=0.00000 guard=0.060 activeAge=-1.000 pitch=-1.00Hz pitchCents=0.0
2025-12-15 22:54:36 [tracker] [s1] aubio-raw t=4.9880 onset=1.018176 env=0.001123 peak=0.002738 gain=1.000
2025-12-15 22:54:36 [tracker] [s1] onset-accepted t=4.9880 env=0.001123 gate=0.000022 envDelta=0.001100 envFloor=0.000610 onset=1.018176 thresh=0.006000 onsetDelta=1.012176 baseline=0.000407 floor=0.000180 adapt=0.001017 lastPeak=0.000283 baseParam=0.000180 gateRatio=0.0550 envParam=0.000450 onsetScale=0.300 retriggerScale=1.400 guard=0.060 guardRemain=0.000 activeAge=-1.000 retrigRemain=0.000 pitchHz=-1.00 pitchCents=0.0
2025-12-15 22:54:36 [tracker] [s2] onset t=5.193 env=0.00100 gate=0.00001 envDelta=0.00099 envFloor=0.00089 onset=0.974 thresh=0.009 onsetDelta=0.96532 baseline=0.00059 adaptive=0.00149 lastPeak=0.00000 guard=0.060 activeAge=-1.000 pitch=95.23Hz pitchCents=-249.7
2025-12-15 22:54:36 [tracker] [s1] aubio-raw t=5.2466 onset=1.083526 env=0.001235 peak=0.002847 gain=1.000
2025-12-15 22:54:36 [tracker] [s1] onset-accepted t=5.2466 env=0.001235 gate=0.000022 envDelta=0.001213 envFloor=0.000595 onset=1.083526 thresh=0.006000 onsetDelta=1.077526 baseline=0.000396 floor=0.000180 adapt=0.000991 lastPeak=0.000174 baseParam=0.000180 gateRatio=0.0550 envParam=0.000450 onsetScale=0.300 retriggerScale=1.400 guard=0.060 guardRemain=0.000 activeAge=-1.000 retrigRemain=0.000 pitchHz=363.62 pitchCents=2569.9
2025-12-15 22:54:36 [tracker] [s1] onset t=5.247 env=0.00123 gate=0.00002 envDelta=0.00121 envFloor=0.00059 onset=1.084 thresh=0.006 onsetDelta=1.07753 baseline=0.00040 adaptive=0.00099 lastPeak=0.00017 guard=0.060 activeAge=-1.000 pitch=363.62Hz pitchCents=2569.9
2025-12-15 22:54:37 [tracker] [s1] aubio-raw t=5.3373 onset=1.015397 env=0.000815 peak=0.001684 gain=1.000
2025-12-15 22:54:37 [tracker] [s1] onset-accepted t=5.3373 env=0.000815 gate=0.000021 envDelta=0.000794 envFloor=0.000572 onset=1.015397 thresh=0.006000 onsetDelta=1.009397 baseline=0.000381 floor=0.000180 adapt=0.000953 lastPeak=0.000147 baseParam=0.000180 gateRatio=0.0550 envParam=0.000450 onsetScale=0.300 retriggerScale=1.400 guard=0.060 guardRemain=0.000 activeAge=-1.000 retrigRemain=0.000 pitchHz=-1.00 pitchCents=0.0
2025-12-15 22:54:37 [tracker] [s1] onset t=5.337 env=0.00081 gate=0.00002 envDelta=0.00079 envFloor=0.00057 onset=1.015 thresh=0.006 onsetDelta=1.00940 baseline=0.00038 adaptive=0.00095 lastPeak=0.00015 guard=0.060 activeAge=-1.000 pitch=-1.00Hz pitchCents=0.0
2025-12-15 22:54:37 [tracker] [s4] onset t=5.391 env=0.00173 gate=0.00011 envDelta=0.00162 envFloor=0.00101 onset=0.759 thresh=0.014 onsetDelta=0.74470 baseline=0.00068 adaptive=0.00169 lastPeak=0.00000 guard=0.060 activeAge=-1.000 pitch=-1.00Hz pitchCents=0.0
2025-12-15 22:54:37 [tracker] [s6] onset t=5.460 env=0.00204 gate=0.00021 envDelta=0.00182 envFloor=0.00129 onset=0.838 thresh=0.018 onsetDelta=0.82005 baseline=0.00086 adaptive=0.00214 lastPeak=0.00000 guard=0.060 activeAge=-1.000 pitch=-1.00Hz pitchCents=0.0
2025-12-15 22:54:37 [tracker] [s6] onset t=5.553 env=0.00185 gate=0.00020 envDelta=0.00165 envFloor=0.00118 onset=1.263 thresh=0.018 onsetDelta=1.24512 baseline=0.00079 adaptive=0.00197 lastPeak=0.00000 guard=0.060 activeAge=-1.000 pitch=-1.00Hz pitchCents=0.0
2025-12-15 22:54:37 [tracker] [s2] onset t=5.620 env=0.00186 gate=0.00001 envDelta=0.00185 envFloor=0.00097 onset=1.083 thresh=0.009 onsetDelta=1.07422 baseline=0.00065 adaptive=0.00162 lastPeak=0.00000 guard=0.060 activeAge=-1.000 pitch=-1.00Hz pitchCents=0.0
2025-12-15 22:54:37 [tracker] [s3] onset t=5.729 env=0.00154 gate=0.00008 envDelta=0.00146 envFloor=0.00094 onset=1.014 thresh=0.012 onsetDelta=1.00227 baseline=0.00063 adaptive=0.00157 lastPeak=0.00000 guard=0.060 activeAge=-1.000 pitch=-1.00Hz pitchCents=0.0
2025-12-15 22:54:37 [tracker] [s6] onset t=5.764 env=0.00188 gate=0.00022 envDelta=0.00166 envFloor=0.00134 onset=0.998 thresh=0.018 onsetDelta=0.97956 baseline=0.00090 adaptive=0.00224 lastPeak=0.00000 guard=0.060 activeAge=-1.000 pitch=-1.00Hz pitchCents=0.0
2025-12-15 22:54:37 [tracker] [s5] onset t=5.767 env=0.00194 gate=0.00016 envDelta=0.00179 envFloor=0.00112 onset=0.713 thresh=0.016 onsetDelta=0.69714 baseline=0.00075 adaptive=0.00186 lastPeak=0.00000 guard=0.060 activeAge=-1.000 pitch=-1.00Hz pitchCents=0.0
2025-12-15 22:54:37 [tracker] [s1] aubio-raw t=5.7933 onset=0.649595 env=0.000827 peak=0.002081 gain=1.000
2025-12-15 22:54:37 [tracker] [s1] onset-accepted t=5.7933 env=0.000827 gate=0.000024 envDelta=0.000803 envFloor=0.000648 onset=0.649595 thresh=0.006000 onsetDelta=0.643595 baseline=0.000432 floor=0.000180 adapt=0.001080 lastPeak=0.000062 baseParam=0.000180 gateRatio=0.0550 envParam=0.000450 onsetScale=0.300 retriggerScale=1.400 guard=0.060 guardRemain=0.000 activeAge=-1.000 retrigRemain=0.000 pitchHz=-1.00 pitchCents=0.0
2025-12-15 22:54:37 [tracker] [s1] onset t=5.793 env=0.00083 gate=0.00002 envDelta=0.00080 envFloor=0.00065 onset=0.650 thresh=0.006 onsetDelta=0.64359 baseline=0.00043 adaptive=0.00108 lastPeak=0.00006 guard=0.060 activeAge=-1.000 pitch=-1.00Hz pitchCents=0.0
2025-12-15 22:54:37 [tracker] [s5] onset t=5.833 env=0.00172 gate=0.00016 envDelta=0.00157 envFloor=0.00112 onset=1.105 thresh=0.016 onsetDelta=1.08919 baseline=0.00074 adaptive=0.00186 lastPeak=0.00000 guard=0.060 activeAge=-1.000 pitch=-1.00Hz pitchCents=0.0
2025-12-15 22:54:37 [tracker] [s6] onset t=5.916 env=0.00165 gate=0.00020 envDelta=0.00145 envFloor=0.00120 onset=0.995 thresh=0.018 onsetDelta=0.97674 baseline=0.00080 adaptive=0.00200 lastPeak=0.00000 guard=0.060 activeAge=-1.000 pitch=-1.00Hz pitchCents=0.0
2025-12-15 22:54:37 [tracker] [s5] onset t=5.919 env=0.00174 gate=0.00015 envDelta=0.00159 envFloor=0.00107 onset=0.806 thresh=0.016 onsetDelta=0.78998 baseline=0.00072 adaptive=0.00179 lastPeak=0.00000 guard=0.060 activeAge=-1.000 pitch=-1.00Hz pitchCents=0.0
2025-12-15 22:54:37 [tracker] [s4] onset t=5.937 env=0.00150 gate=0.00011 envDelta=0.00139 envFloor=0.00094 onset=0.994 thresh=0.014 onsetDelta=0.98022 baseline=0.00063 adaptive=0.00156 lastPeak=0.00000 guard=0.060 activeAge=-1.000 pitch=-1.00Hz pitchCents=0.0
2025-12-15 22:54:37 [tracker] [s1] aubio-raw t=5.9452 onset=1.051132 env=0.001192 peak=0.002529 gain=1.000
2025-12-15 22:54:37 [tracker] [s1] onset-accepted t=5.9452 env=0.001192 gate=0.000022 envDelta=0.001170 envFloor=0.000592 onset=1.051132 thresh=0.006000 onsetDelta=1.045132 baseline=0.000395 floor=0.000180 adapt=0.000987 lastPeak=0.000047 baseParam=0.000180 gateRatio=0.0550 envParam=0.000450 onsetScale=0.300 retriggerScale=1.400 guard=0.060 guardRemain=0.000 activeAge=-1.000 retrigRemain=0.000 pitchHz=-1.00 pitchCents=0.0
2025-12-15 22:54:37 [tracker] [s1] onset t=5.945 env=0.00119 gate=0.00002 envDelta=0.00117 envFloor=0.00059 onset=1.051 thresh=0.006 onsetDelta=1.04513 baseline=0.00039 adaptive=0.00099 lastPeak=0.00005 guard=0.060 activeAge=-1.000 pitch=-1.00Hz pitchCents=0.0
2025-12-15 22:54:37 [tracker] [s2] onset t=6.049 env=0.00121 gate=0.00001 envDelta=0.00121 envFloor=0.00099 onset=1.088 thresh=0.009 onsetDelta=1.07851 baseline=0.00066 adaptive=0.00165 lastPeak=0.00000 guard=0.060 activeAge=-1.000 pitch=666.59Hz pitchCents=3119.2
2025-12-15 22:54:37 [tracker] [s1] aubio-raw t=6.0866 onset=0.776109 env=0.000760 peak=0.001719 gain=1.000
2025-12-15 22:54:37 [tracker] [s1] onset-accepted t=6.0866 env=0.000760 gate=0.000025 envDelta=0.000736 envFloor=0.000673 onset=0.776109 thresh=0.006000 onsetDelta=0.770109 baseline=0.000448 floor=0.000180 adapt=0.001121 lastPeak=0.000036 baseParam=0.000180 gateRatio=0.0550 envParam=0.000450 onsetScale=0.300 retriggerScale=1.400 guard=0.060 guardRemain=0.000 activeAge=-1.000 retrigRemain=0.000 pitchHz=94.12 pitchCents=230.0
2025-12-15 22:54:37 [tracker] [s1] onset t=6.087 env=0.00076 gate=0.00002 envDelta=0.00074 envFloor=0.00067 onset=0.776 thresh=0.006 onsetDelta=0.77011 baseline=0.00045 adaptive=0.00112 lastPeak=0.00004 guard=0.060 activeAge=-1.000 pitch=94.12Hz pitchCents=230.0
2025-12-15 22:54:37 [tracker] [s1] aubio-raw t=6.1452 onset=0.739245 env=0.000754 peak=0.002167 gain=1.000
2025-12-15 22:54:37 [tracker] [s1] onset-accepted t=6.1452 env=0.000754 gate=0.000023 envDelta=0.000732 envFloor=0.000615 onset=0.739245 thresh=0.006000 onsetDelta=0.733245 baseline=0.000410 floor=0.000180 adapt=0.001025 lastPeak=0.000032 baseParam=0.000180 gateRatio=0.0550 envParam=0.000450 onsetScale=0.300 retriggerScale=1.400 guard=0.060 guardRemain=0.000 activeAge=-1.000 retrigRemain=0.000 pitchHz=-1.00 pitchCents=0.0
2025-12-15 22:54:37 [tracker] [s4] onset t=6.167 env=0.00176 gate=0.00012 envDelta=0.00164 envFloor=0.00106 onset=1.336 thresh=0.014 onsetDelta=1.32231 baseline=0.00071 adaptive=0.00177 lastPeak=0.00000 guard=0.060 activeAge=-1.000 pitch=-1.00Hz pitchCents=0.0
2025-12-15 22:54:37 [tracker] [s6] onset t=6.199 env=0.00188 gate=0.00021 envDelta=0.00167 envFloor=0.00125 onset=0.989 thresh=0.018 onsetDelta=0.97072 baseline=0.00083 adaptive=0.00208 lastPeak=0.00000 guard=0.060 activeAge=-1.000 pitch=-1.00Hz pitchCents=0.0
2025-12-15 22:54:37 [tracker] [s4] onset t=6.228 env=0.00148 gate=0.00012 envDelta=0.00137 envFloor=0.00102 onset=1.279 thresh=0.014 onsetDelta=1.26485 baseline=0.00068 adaptive=0.00170 lastPeak=0.00000 guard=0.060 activeAge=-1.000 pitch=-1.00Hz pitchCents=0.0
2025-12-15 22:54:37 [tracker] [s1] aubio-raw t=6.2892 onset=1.090620 env=0.001154 peak=0.003630 gain=1.000
2025-12-15 22:54:37 [tracker] [s1] onset-accepted t=6.2892 env=0.001154 gate=0.000021 envDelta=0.001133 envFloor=0.000576 onset=1.090620 thresh=0.006000 onsetDelta=1.084620 baseline=0.000384 floor=0.000180 adapt=0.000961 lastPeak=0.000025 baseParam=0.000180 gateRatio=0.0550 envParam=0.000450 onsetScale=0.300 retriggerScale=1.400 guard=0.060 guardRemain=0.000 activeAge=-1.000 retrigRemain=0.000 pitchHz=615.23 pitchCents=3480.4
2025-12-15 22:54:37 [tracker] [s1] onset t=6.289 env=0.00115 gate=0.00002 envDelta=0.00113 envFloor=0.00058 onset=1.091 thresh=0.006 onsetDelta=1.08462 baseline=0.00038 adaptive=0.00096 lastPeak=0.00002 guard=0.060 activeAge=-1.000 pitch=615.23Hz pitchCents=3480.4
2025-12-15 22:54:37 [tracker] [s5] onset t=6.292 env=0.00162 gate=0.00014 envDelta=0.00148 envFloor=0.00103 onset=0.998 thresh=0.016 onsetDelta=0.98227 baseline=0.00069 adaptive=0.00172 lastPeak=0.00000 guard=0.060 activeAge=-1.000 pitch=-1.00Hz pitchCents=0.0
2025-12-15 22:54:38 [tracker] [s2] onset t=6.521 env=0.00148 gate=0.00001 envDelta=0.00147 envFloor=0.00098 onset=0.999 thresh=0.009 onsetDelta=0.99012 baseline=0.00065 adaptive=0.00163 lastPeak=0.00000 guard=0.060 activeAge=-1.000 pitch=-1.00Hz pitchCents=0.0
2025-12-15 22:54:38 [tracker] [s6] onset t=6.609 env=0.00185 gate=0.00021 envDelta=0.00165 envFloor=0.00124 onset=1.158 thresh=0.018 onsetDelta=1.13982 baseline=0.00083 adaptive=0.00207 lastPeak=0.00000 guard=0.060 activeAge=-1.000 pitch=-1.00Hz pitchCents=0.0
2025-12-15 22:54:38 [tracker] [s5] onset t=6.639 env=0.00164 gate=0.00015 envDelta=0.00149 envFloor=0.00109 onset=0.999 thresh=0.016 onsetDelta=0.98320 baseline=0.00073 adaptive=0.00181 lastPeak=0.00000 guard=0.060 activeAge=-1.000 pitch=-1.00Hz pitchCents=0.0
2025-12-15 22:54:38 [tracker] [s1] aubio-raw t=6.6625 onset=0.803183 env=0.001431 peak=0.002865 gain=1.000
2025-12-15 22:54:38 [tracker] [s1] onset-accepted t=6.6625 env=0.001431 gate=0.000023 envDelta=0.001408 envFloor=0.000639 onset=0.803183 thresh=0.006000 onsetDelta=0.797183 baseline=0.000426 floor=0.000180 adapt=0.001065 lastPeak=0.000012 baseParam=0.000180 gateRatio=0.0550 envParam=0.000450 onsetScale=0.300 retriggerScale=1.400 guard=0.060 guardRemain=0.000 activeAge=-1.000 retrigRemain=0.000 pitchHz=347.89 pitchCents=2493.4
2025-12-15 22:54:38 [tracker] [s1] onset t=6.663 env=0.00143 gate=0.00002 envDelta=0.00141 envFloor=0.00064 onset=0.803 thresh=0.006 onsetDelta=0.79718 baseline=0.00043 adaptive=0.00106 lastPeak=0.00001 guard=0.060 activeAge=-1.000 pitch=347.89Hz pitchCents=2493.4
2025-12-15 22:54:38 [tracker] [s6] onset t=6.713 env=0.00192 gate=0.00019 envDelta=0.00173 envFloor=0.00112 onset=1.082 thresh=0.018 onsetDelta=1.06435 baseline=0.00075 adaptive=0.00187 lastPeak=0.00000 guard=0.060 activeAge=-1.000 pitch=-1.00Hz pitchCents=0.0
2025-12-15 22:54:38 [tracker] [s3] onset t=6.833 env=0.00127 gate=0.00008 envDelta=0.00118 envFloor=0.00095 onset=1.144 thresh=0.012 onsetDelta=1.13263 baseline=0.00063 adaptive=0.00158 lastPeak=0.00000 guard=0.060 activeAge=-1.000 pitch=-1.00Hz pitchCents=0.0
2025-12-15 22:54:38 [tracker] [s6] onset t=6.847 env=0.00208 gate=0.00021 envDelta=0.00187 envFloor=0.00129 onset=0.994 thresh=0.018 onsetDelta=0.97617 baseline=0.00086 adaptive=0.00215 lastPeak=0.00000 guard=0.060 activeAge=-1.000 pitch=-1.00Hz pitchCents=0.0
2025-12-15 22:54:38 [tracker] [s6] onset t=6.911 env=0.00188 gate=0.00022 envDelta=0.00166 envFloor=0.00131 onset=0.996 thresh=0.018 onsetDelta=0.97843 baseline=0.00087 adaptive=0.00219 lastPeak=0.00000 guard=0.060 activeAge=-1.000 pitch=-1.00Hz pitchCents=0.0
2025-12-15 22:54:38 [tracker] [s4] onset t=6.961 env=0.00164 gate=0.00012 envDelta=0.00153 envFloor=0.00103 onset=0.593 thresh=0.014 onsetDelta=0.57896 baseline=0.00068 adaptive=0.00171 lastPeak=0.00000 guard=0.060 activeAge=-1.000 pitch=-1.00Hz pitchCents=0.0
2025-12-15 22:54:38 [tracker] [s1] aubio-raw t=6.9772 onset=0.955908 env=0.000692 peak=0.001506 gain=1.000
2025-12-15 22:54:38 [tracker] [s1] onset-accepted t=6.9772 env=0.000692 gate=0.000022 envDelta=0.000670 envFloor=0.000597 onset=0.955908 thresh=0.006000 onsetDelta=0.949908 baseline=0.000398 floor=0.000180 adapt=0.000995 lastPeak=0.000007 baseParam=0.000180 gateRatio=0.0550 envParam=0.000450 onsetScale=0.300 retriggerScale=1.400 guard=0.060 guardRemain=0.000 activeAge=-1.000 retrigRemain=0.000 pitchHz=-1.00 pitchCents=0.0
2025-12-15 22:54:38 [tracker] [s1] onset t=6.977 env=0.00069 gate=0.00002 envDelta=0.00067 envFloor=0.00060 onset=0.956 thresh=0.006 onsetDelta=0.94991 baseline=0.00040 adaptive=0.00100 lastPeak=0.00001 guard=0.060 activeAge=-1.000 pitch=-1.00Hz pitchCents=0.0
2025-12-15 22:54:38 [tracker] [s5] onset t=7.086 env=0.00181 gate=0.00014 envDelta=0.00167 envFloor=0.00103 onset=1.112 thresh=0.016 onsetDelta=1.09627 baseline=0.00068 adaptive=0.00171 lastPeak=0.00000 guard=0.060 activeAge=-1.000 pitch=-1.00Hz pitchCents=0.0
2025-12-15 22:54:38 [tracker] [s2] onset t=7.145 env=0.00144 gate=0.00001 envDelta=0.00143 envFloor=0.00108 onset=1.241 thresh=0.009 onsetDelta=1.23208 baseline=0.00072 adaptive=0.00180 lastPeak=0.00000 guard=0.060 activeAge=-1.000 pitch=-1.00Hz pitchCents=0.0
2025-12-15 22:54:38 [tracker] [s6] onset t=7.201 env=0.00192 gate=0.00021 envDelta=0.00171 envFloor=0.00124 onset=0.870 thresh=0.018 onsetDelta=0.85192 baseline=0.00083 adaptive=0.00207 lastPeak=0.00000 guard=0.060 activeAge=-1.000 pitch=-1.00Hz pitchCents=0.0
2025-12-15 22:54:38 [tracker] [s2] onset t=7.302 env=0.00119 gate=0.00001 envDelta=0.00119 envFloor=0.00102 onset=0.778 thresh=0.009 onsetDelta=0.76896 baseline=0.00068 adaptive=0.00169 lastPeak=0.00000 guard=0.060 activeAge=-1.000 pitch=-1.00Hz pitchCents=0.0
2025-12-15 22:54:38 [tracker] [s3] onset t=7.302 env=0.00158 gate=0.00008 envDelta=0.00150 envFloor=0.00094 onset=0.994 thresh=0.012 onsetDelta=0.98242 baseline=0.00063 adaptive=0.00157 lastPeak=0.00000 guard=0.060 activeAge=-1.000 pitch=-1.00Hz pitchCents=0.0
2025-12-15 22:54:38 [tracker] [s5] onset t=7.313 env=0.00162 gate=0.00016 envDelta=0.00146 envFloor=0.00111 onset=1.315 thresh=0.016 onsetDelta=1.29880 baseline=0.00074 adaptive=0.00186 lastPeak=0.00000 guard=0.060 activeAge=-1.000 pitch=-1.00Hz pitchCents=0.0
2025-12-15 22:54:39 [tracker] [s1] aubio-raw t=7.4038 onset=0.916013 env=0.001173 peak=0.002873 gain=1.000
2025-12-15 22:54:39 [tracker] [s1] onset-accepted t=7.4038 env=0.001173 gate=0.000021 envDelta=0.001152 envFloor=0.000571 onset=0.916013 thresh=0.006000 onsetDelta=0.910013 baseline=0.000381 floor=0.000180 adapt=0.000952 lastPeak=0.000003 baseParam=0.000180 gateRatio=0.0550 envParam=0.000450 onsetScale=0.300 retriggerScale=1.400 guard=0.060 guardRemain=0.000 activeAge=-1.000 retrigRemain=0.000 pitchHz=186.04 pitchCents=1409.7
2025-12-15 22:54:39 [tracker] [s1] onset t=7.404 env=0.00117 gate=0.00002 envDelta=0.00115 envFloor=0.00057 onset=0.916 thresh=0.006 onsetDelta=0.91001 baseline=0.00038 adaptive=0.00095 lastPeak=0.00000 guard=0.060 activeAge=-1.000 pitch=186.04Hz pitchCents=1409.7
2025-12-15 22:54:39 [tracker] [s6] onset t=7.438 env=0.00194 gate=0.00020 envDelta=0.00174 envFloor=0.00120 onset=1.145 thresh=0.018 onsetDelta=1.12697 baseline=0.00080 adaptive=0.00200 lastPeak=0.00000 guard=0.060 activeAge=-1.000 pitch=-1.00Hz pitchCents=0.0
2025-12-15 22:54:39 [tracker] [s2] onset t=7.452 env=0.00124 gate=0.00001 envDelta=0.00123 envFloor=0.00099 onset=1.051 thresh=0.009 onsetDelta=1.04219 baseline=0.00066 adaptive=0.00165 lastPeak=0.00000 guard=0.060 activeAge=-1.000 pitch=-1.00Hz pitchCents=0.0
2025-12-15 22:54:39 [tracker] [s6] onset t=7.537 env=0.00175 gate=0.00020 envDelta=0.00155 envFloor=0.00120 onset=1.004 thresh=0.018 onsetDelta=0.98626 baseline=0.00080 adaptive=0.00199 lastPeak=0.00000 guard=0.060 activeAge=-1.000 pitch=-1.00Hz pitchCents=0.0
2025-12-15 22:54:39 [tracker] [s6] onset t=7.646 env=0.00190 gate=0.00021 envDelta=0.00168 envFloor=0.00129 onset=0.999 thresh=0.018 onsetDelta=0.98104 baseline=0.00086 adaptive=0.00215 lastPeak=0.00000 guard=0.060 activeAge=-1.000 pitch=-1.00Hz pitchCents=0.0
2025-12-15 22:54:39 [tracker] [s4] onset t=7.670 env=0.00150 gate=0.00012 envDelta=0.00139 envFloor=0.00103 onset=0.944 thresh=0.014 onsetDelta=0.93039 baseline=0.00068 adaptive=0.00171 lastPeak=0.00000 guard=0.060 activeAge=-1.000 pitch=-1.00Hz pitchCents=0.0
2025-12-15 22:54:39 [tracker] [s1] aubio-raw t=7.7504 onset=0.994851 env=0.000675 peak=0.001982 gain=1.000
2025-12-15 22:54:39 [tracker] [s1] onset-accepted t=7.7504 env=0.000675 gate=0.000024 envDelta=0.000651 envFloor=0.000645 onset=0.994851 thresh=0.006000 onsetDelta=0.988851 baseline=0.000430 floor=0.000180 adapt=0.001075 lastPeak=0.000002 baseParam=0.000180 gateRatio=0.0550 envParam=0.000450 onsetScale=0.300 retriggerScale=1.400 guard=0.060 guardRemain=0.000 activeAge=-1.000 retrigRemain=0.000 pitchHz=102.56 pitchCents=378.8
2025-12-15 22:54:39 [tracker] [s1] onset t=7.750 env=0.00067 gate=0.00002 envDelta=0.00065 envFloor=0.00065 onset=0.995 thresh=0.006 onsetDelta=0.98885 baseline=0.00043 adaptive=0.00108 lastPeak=0.00000 guard=0.060 activeAge=-1.000 pitch=102.56Hz pitchCents=378.8
2025-12-15 22:54:39 [tracker] [s3] onset t=7.785 env=0.00125 gate=0.00008 envDelta=0.00117 envFloor=0.00094 onset=0.993 thresh=0.012 onsetDelta=0.98113 baseline=0.00062 adaptive=0.00156 lastPeak=0.00000 guard=0.060 activeAge=-1.000 pitch=-1.00Hz pitchCents=0.0
2025-12-15 22:54:39 [tracker] [s1] aubio-raw t=7.8118 onset=1.001232 env=0.001158 peak=0.002695 gain=1.000
2025-12-15 22:54:39 [tracker] [s1] onset-accepted t=7.8118 env=0.001158 gate=0.000025 envDelta=0.001132 envFloor=0.000690 onset=1.001232 thresh=0.006000 onsetDelta=0.995232 baseline=0.000460 floor=0.000180 adapt=0.001150 lastPeak=0.000001 baseParam=0.000180 gateRatio=0.0550 envParam=0.000450 onsetScale=0.300 retriggerScale=1.400 guard=0.060 guardRemain=0.000 activeAge=-1.000 retrigRemain=0.000 pitchHz=-1.00 pitchCents=0.0
2025-12-15 22:54:39 [tracker] [s1] onset t=7.812 env=0.00116 gate=0.00003 envDelta=0.00113 envFloor=0.00069 onset=1.001 thresh=0.006 onsetDelta=0.99523 baseline=0.00046 adaptive=0.00115 lastPeak=0.00000 guard=0.060 activeAge=-1.000 pitch=-1.00Hz pitchCents=0.0
2025-12-15 22:54:39 [tracker] [s3] onset t=7.873 env=0.00129 gate=0.00008 envDelta=0.00121 envFloor=0.00091 onset=0.974 thresh=0.012 onsetDelta=0.96219 baseline=0.00060 adaptive=0.00151 lastPeak=0.00000 guard=0.060 activeAge=-1.000 pitch=-1.00Hz pitchCents=0.0
2025-12-15 22:54:39 [tracker] [s5] onset t=7.873 env=0.00160 gate=0.00014 envDelta=0.00146 envFloor=0.00101 onset=1.203 thresh=0.016 onsetDelta=1.18692 baseline=0.00067 adaptive=0.00168 lastPeak=0.00000 guard=0.060 activeAge=-1.000 pitch=-1.00Hz pitchCents=0.0
2025-12-15 22:54:39 [tracker] [s6] onset t=7.886 env=0.00158 gate=0.00019 envDelta=0.00139 envFloor=0.00114 onset=1.325 thresh=0.018 onsetDelta=1.30664 baseline=0.00076 adaptive=0.00189 lastPeak=0.00000 guard=0.060 activeAge=-1.000 pitch=-1.00Hz pitchCents=0.0
2025-12-15 22:54:39 [tracker] [s4] onset t=7.905 env=0.00159 gate=0.00011 envDelta=0.00148 envFloor=0.00097 onset=0.859 thresh=0.014 onsetDelta=0.84542 baseline=0.00065 adaptive=0.00162 lastPeak=0.00000 guard=0.060 activeAge=-1.000 pitch=-1.00Hz pitchCents=0.0
2025-12-15 22:54:39 [tracker] [s6] onset t=7.972 env=0.00224 gate=0.00021 envDelta=0.00202 envFloor=0.00128 onset=0.793 thresh=0.018 onsetDelta=0.77504 baseline=0.00085 adaptive=0.00213 lastPeak=0.00000 guard=0.060 activeAge=-1.000 pitch=-1.00Hz pitchCents=0.0
2025-12-15 22:54:39 [tracker] [s4] onset t=8.129 env=0.00141 gate=0.00011 envDelta=0.00130 envFloor=0.00098 onset=0.910 thresh=0.014 onsetDelta=0.89645 baseline=0.00065 adaptive=0.00163 lastPeak=0.00000 guard=0.060 activeAge=-1.000 pitch=-1.00Hz pitchCents=0.0
2025-12-15 22:54:39 [tracker] [s3] onset t=8.156 env=0.00107 gate=0.00008 envDelta=0.00099 envFloor=0.00092 onset=0.997 thresh=0.012 onsetDelta=0.98511 baseline=0.00061 adaptive=0.00154 lastPeak=0.00000 guard=0.060 activeAge=-1.000 pitch=-1.00Hz pitchCents=0.0
2025-12-15 22:54:39 [tracker] [s2] onset t=8.222 env=0.00117 gate=0.00001 envDelta=0.00117 envFloor=0.00091 onset=0.998 thresh=0.009 onsetDelta=0.98933 baseline=0.00060 adaptive=0.00151 lastPeak=0.00000 guard=0.060 activeAge=-1.000 pitch=222.25Hz pitchCents=1217.6
2025-12-15 22:54:39 [tracker] [s6] onset t=8.222 env=0.00180 gate=0.00020 envDelta=0.00159 envFloor=0.00122 onset=1.061 thresh=0.018 onsetDelta=1.04301 baseline=0.00081 adaptive=0.00203 lastPeak=0.00000 guard=0.060 activeAge=-1.000 pitch=-1.00Hz pitchCents=0.0
2025-12-15 22:54:39 [tracker] [s5] onset t=8.302 env=0.00201 gate=0.00015 envDelta=0.00186 envFloor=0.00104 onset=0.994 thresh=0.016 onsetDelta=0.97784 baseline=0.00070 adaptive=0.00174 lastPeak=0.00000 guard=0.060 activeAge=-1.000 pitch=-1.00Hz pitchCents=0.0
2025-12-15 22:54:39 [tracker] [s2] onset t=8.332 env=0.00114 gate=0.00001 envDelta=0.00114 envFloor=0.00103 onset=0.996 thresh=0.009 onsetDelta=0.98746 baseline=0.00069 adaptive=0.00172 lastPeak=0.00000 guard=0.060 activeAge=-1.000 pitch=-1.00Hz pitchCents=0.0
2025-12-15 22:54:40 [tracker] [s6] onset t=8.460 env=0.00199 gate=0.00021 envDelta=0.00178 envFloor=0.00126 onset=0.959 thresh=0.018 onsetDelta=0.94149 baseline=0.00084 adaptive=0.00209 lastPeak=0.00000 guard=0.060 activeAge=-1.000 pitch=-1.00Hz pitchCents=0.0
2025-12-15 22:54:40 [tracker] [s4] onset t=8.516 env=0.00165 gate=0.00011 envDelta=0.00154 envFloor=0.00096 onset=0.799 thresh=0.014 onsetDelta=0.78479 baseline=0.00064 adaptive=0.00161 lastPeak=0.00000 guard=0.060 activeAge=-1.000 pitch=-1.00Hz pitchCents=0.0
2025-12-15 22:54:40 [tracker] [s1] aubio-raw t=8.5930 onset=1.129684 env=0.000692 peak=0.001985 gain=1.000
2025-12-15 22:54:40 [tracker] [s1] onset-accepted t=8.5930 env=0.000692 gate=0.000023 envDelta=0.000669 envFloor=0.000622 onset=1.129684 thresh=0.006000 onsetDelta=1.123684 baseline=0.000415 floor=0.000180 adapt=0.001037 lastPeak=0.000000 baseParam=0.000180 gateRatio=0.0550 envParam=0.000450 onsetScale=0.300 retriggerScale=1.400 guard=0.060 guardRemain=0.000 activeAge=-1.000 retrigRemain=0.000 pitchHz=333.33 pitchCents=2419.3
2025-12-15 22:54:40 [tracker] [s1] onset t=8.593 env=0.00069 gate=0.00002 envDelta=0.00067 envFloor=0.00062 onset=1.130 thresh=0.006 onsetDelta=1.12368 baseline=0.00041 adaptive=0.00104 lastPeak=0.00000 guard=0.060 activeAge=-1.000 pitch=333.33Hz pitchCents=2419.3
2025-12-15 22:54:40 [tracker] [s1] aubio-raw t=8.6704 onset=0.840660 env=0.000848 peak=0.002224 gain=1.000
2025-12-15 22:54:40 [tracker] [s1] onset-accepted t=8.6704 env=0.000848 gate=0.000022 envDelta=0.000826 envFloor=0.000594 onset=0.840660 thresh=0.006000 onsetDelta=0.834660 baseline=0.000396 floor=0.000180 adapt=0.000990 lastPeak=0.000000 baseParam=0.000180 gateRatio=0.0550 envParam=0.000450 onsetScale=0.300 retriggerScale=1.400 guard=0.060 guardRemain=0.000 activeAge=-1.000 retrigRemain=0.000 pitchHz=-1.00 pitchCents=0.0
2025-12-15 22:54:40 [tracker] [s1] onset t=8.670 env=0.00085 gate=0.00002 envDelta=0.00083 envFloor=0.00059 onset=0.841 thresh=0.006 onsetDelta=0.83466 baseline=0.00040 adaptive=0.00099 lastPeak=0.00000 guard=0.060 activeAge=-1.000 pitch=-1.00Hz pitchCents=0.0
2025-12-15 22:54:40 [tracker] [s2] onset t=8.724 env=0.00135 gate=0.00001 envDelta=0.00134 envFloor=0.00094 onset=1.040 thresh=0.009 onsetDelta=1.03055 baseline=0.00063 adaptive=0.00157 lastPeak=0.00000 guard=0.060 activeAge=-1.000 pitch=-1.00Hz pitchCents=0.0
2025-12-15 22:54:40 [tracker] [s2] onset t=8.793 env=0.00137 gate=0.00001 envDelta=0.00137 envFloor=0.00094 onset=1.057 thresh=0.009 onsetDelta=1.04784 baseline=0.00063 adaptive=0.00157 lastPeak=0.00000 guard=0.060 activeAge=-1.000 pitch=-1.00Hz pitchCents=0.0
2025-12-15 22:54:40 [tracker] [s1] aubio-raw t=8.9157 onset=0.991786 env=0.000782 peak=0.002108 gain=1.000
2025-12-15 22:54:40 [tracker] [s1] onset-accepted t=8.9157 env=0.000782 gate=0.000024 envDelta=0.000758 envFloor=0.000665 onset=0.991786 thresh=0.006000 onsetDelta=0.985786 baseline=0.000443 floor=0.000180 adapt=0.001109 lastPeak=0.000000 baseParam=0.000180 gateRatio=0.0550 envParam=0.000450 onsetScale=0.300 retriggerScale=1.400 guard=0.060 guardRemain=0.000 activeAge=-1.000 retrigRemain=0.000 pitchHz=-1.00 pitchCents=0.0
2025-12-15 22:54:40 [tracker] [s4] onset t=8.977 env=0.00143 gate=0.00010 envDelta=0.00133 envFloor=0.00092 onset=1.293 thresh=0.014 onsetDelta=1.27922 baseline=0.00061 adaptive=0.00153 lastPeak=0.00000 guard=0.060 activeAge=-1.000 pitch=-1.00Hz pitchCents=0.0
2025-12-15 22:54:40 [tracker] [s1] aubio-raw t=9.0437 onset=0.913895 env=0.000969 peak=0.002224 gain=1.000
2025-12-15 22:54:40 [tracker] [s1] onset-accepted t=9.0437 env=0.000969 gate=0.000022 envDelta=0.000947 envFloor=0.000596 onset=0.913895 thresh=0.006000 onsetDelta=0.907895 baseline=0.000397 floor=0.000180 adapt=0.000993 lastPeak=0.000000 baseParam=0.000180 gateRatio=0.0550 envParam=0.000450 onsetScale=0.300 retriggerScale=1.400 guard=0.060 guardRemain=0.000 activeAge=-1.000 retrigRemain=0.000 pitchHz=-1.00 pitchCents=0.0
2025-12-15 22:54:40 [tracker] [s1] onset t=9.044 env=0.00097 gate=0.00002 envDelta=0.00095 envFloor=0.00060 onset=0.914 thresh=0.006 onsetDelta=0.90789 baseline=0.00040 adaptive=0.00099 lastPeak=0.00000 guard=0.060 activeAge=-1.000 pitch=-1.00Hz pitchCents=0.0
2025-12-15 22:54:40 [tracker] [s5] onset t=9.121 env=0.00158 gate=0.00015 envDelta=0.00142 envFloor=0.00109 onset=1.155 thresh=0.016 onsetDelta=1.13925 baseline=0.00073 adaptive=0.00181 lastPeak=0.00000 guard=0.060 activeAge=-1.000 pitch=-1.00Hz pitchCents=0.0
2025-12-15 22:54:40 [tracker] [s6] onset t=9.190 env=0.00189 gate=0.00021 envDelta=0.00168 envFloor=0.00125 onset=1.154 thresh=0.018 onsetDelta=1.13614 baseline=0.00084 adaptive=0.00209 lastPeak=0.00000 guard=0.060 activeAge=-1.000 pitch=-1.00Hz pitchCents=0.0
2025-12-15 22:54:41 [tracker] [s2] onset t=9.361 env=0.00171 gate=0.00001 envDelta=0.00170 envFloor=0.00099 onset=0.958 thresh=0.009 onsetDelta=0.94908 baseline=0.00066 adaptive=0.00165 lastPeak=0.00000 guard=0.060 activeAge=-1.000 pitch=-1.00Hz pitchCents=0.0
2025-12-15 22:54:41 [tracker] [s6] onset t=9.414 env=0.00177 gate=0.00020 envDelta=0.00158 envFloor=0.00117 onset=1.105 thresh=0.018 onsetDelta=1.08684 baseline=0.00078 adaptive=0.00195 lastPeak=0.00000 guard=0.060 activeAge=-1.000 pitch=-1.00Hz pitchCents=0.0
2025-12-15 22:54:41 [tracker] [s1] aubio-raw t=9.5263 onset=1.392593 env=0.000943 peak=0.002549 gain=1.000
2025-12-15 22:54:41 [tracker] [s1] onset-accepted t=9.5263 env=0.000943 gate=0.000024 envDelta=0.000919 envFloor=0.000655 onset=1.392593 thresh=0.006000 onsetDelta=1.386593 baseline=0.000436 floor=0.000180 adapt=0.001091 lastPeak=0.000000 baseParam=0.000180 gateRatio=0.0550 envParam=0.000450 onsetScale=0.300 retriggerScale=1.400 guard=0.060 guardRemain=0.000 activeAge=-1.000 retrigRemain=0.000 pitchHz=-1.00 pitchCents=0.0
2025-12-15 22:54:41 [tracker] [s1] onset t=9.526 env=0.00094 gate=0.00002 envDelta=0.00092 envFloor=0.00065 onset=1.393 thresh=0.006 onsetDelta=1.38659 baseline=0.00044 adaptive=0.00109 lastPeak=0.00000 guard=0.060 activeAge=-1.000 pitch=-1.00Hz pitchCents=0.0
2025-12-15 22:54:41 [tracker] [s4] onset t=9.540 env=0.00148 gate=0.00012 envDelta=0.00136 envFloor=0.00104 onset=1.111 thresh=0.014 onsetDelta=1.09712 baseline=0.00069 adaptive=0.00173 lastPeak=0.00000 guard=0.060 activeAge=-1.000 pitch=-1.00Hz pitchCents=0.0
2025-12-15 22:54:41 [tracker] [s3] onset t=9.564 env=0.00124 gate=0.00008 envDelta=0.00116 envFloor=0.00094 onset=1.178 thresh=0.012 onsetDelta=1.16674 baseline=0.00063 adaptive=0.00157 lastPeak=0.00000 guard=0.060 activeAge=-1.000 pitch=-1.00Hz pitchCents=0.0
2025-12-15 22:54:41 [tracker] [s1] aubio-raw t=9.6063 onset=0.878834 env=0.000806 peak=0.002657 gain=1.000
2025-12-15 22:54:41 [tracker] [s1] onset-accepted t=9.6063 env=0.000806 gate=0.000023 envDelta=0.000783 envFloor=0.000627 onset=0.878834 thresh=0.006000 onsetDelta=0.872834 baseline=0.000418 floor=0.000180 adapt=0.001045 lastPeak=0.000000 baseParam=0.000180 gateRatio=0.0550 envParam=0.000450 onsetScale=0.300 retriggerScale=1.400 guard=0.060 guardRemain=0.000 activeAge=-1.000 retrigRemain=0.000 pitchHz=-1.00 pitchCents=0.0
2025-12-15 22:54:41 [tracker] [s1] onset t=9.606 env=0.00081 gate=0.00002 envDelta=0.00078 envFloor=0.00063 onset=0.879 thresh=0.006 onsetDelta=0.87283 baseline=0.00042 adaptive=0.00105 lastPeak=0.00000 guard=0.060 activeAge=-1.000 pitch=-1.00Hz pitchCents=0.0
2025-12-15 22:54:41 [tracker] [s5] onset t=9.614 env=0.00163 gate=0.00016 envDelta=0.00147 envFloor=0.00115 onset=1.023 thresh=0.016 onsetDelta=1.00732 baseline=0.00077 adaptive=0.00192 lastPeak=0.00000 guard=0.060 activeAge=-1.000 pitch=-1.00Hz pitchCents=0.0
2025-12-15 22:54:41 [tracker] [s2] onset t=9.625 env=0.00127 gate=0.00001 envDelta=0.00127 envFloor=0.00100 onset=0.561 thresh=0.009 onsetDelta=0.55181 baseline=0.00067 adaptive=0.00167 lastPeak=0.00000 guard=0.060 activeAge=-1.000 pitch=-1.00Hz pitchCents=0.0
2025-12-15 22:54:41 [tracker] [s6] onset t=9.641 env=0.00165 gate=0.00021 envDelta=0.00144 envFloor=0.00128 onset=0.973 thresh=0.018 onsetDelta=0.95468 baseline=0.00085 adaptive=0.00213 lastPeak=0.00000 guard=0.060 activeAge=-1.000 pitch=-1.00Hz pitchCents=0.0
2025-12-15 22:54:41 [tracker] [s5] onset t=9.684 env=0.00160 gate=0.00015 envDelta=0.00144 envFloor=0.00110 onset=0.999 thresh=0.016 onsetDelta=0.98297 baseline=0.00073 adaptive=0.00183 lastPeak=0.00000 guard=0.060 activeAge=-1.000 pitch=-1.00Hz pitchCents=0.0
2025-12-15 22:54:41 [tracker] [s4] onset t=9.740 env=0.00121 gate=0.00011 envDelta=0.00110 envFloor=0.00094 onset=1.074 thresh=0.014 onsetDelta=1.06032 baseline=0.00063 adaptive=0.00156 lastPeak=0.00000 guard=0.060 activeAge=-1.000 pitch=-1.00Hz pitchCents=0.0
2025-12-15 22:54:41 [tracker] [s5] onset t=9.814 env=0.00163 gate=0.00015 envDelta=0.00148 envFloor=0.00105 onset=0.972 thresh=0.016 onsetDelta=0.95616 baseline=0.00070 adaptive=0.00176 lastPeak=0.00000 guard=0.060 activeAge=-1.000 pitch=-1.00Hz pitchCents=0.0
2025-12-15 22:54:41 [tracker] [s6] onset t=9.876 env=0.00196 gate=0.00021 envDelta=0.00176 envFloor=0.00124 onset=0.998 thresh=0.018 onsetDelta=0.97965 baseline=0.00082 adaptive=0.00206 lastPeak=0.00000 guard=0.060 activeAge=-1.000 pitch=-1.00Hz pitchCents=0.0
2025-12-15 22:54:41 [tracker] [s5] onset t=9.934 env=0.00173 gate=0.00016 envDelta=0.00158 envFloor=0.00112 onset=0.972 thresh=0.016 onsetDelta=0.95623 baseline=0.00075 adaptive=0.00187 lastPeak=0.00000 guard=0.060 activeAge=-1.000 pitch=-1.00Hz pitchCents=0.0
2025-12-15 22:54:41 [tracker] [s3] onset t=9.948 env=0.00161 gate=0.00008 envDelta=0.00153 envFloor=0.00095 onset=0.911 thresh=0.012 onsetDelta=0.89975 baseline=0.00063 adaptive=0.00158 lastPeak=0.00000 guard=0.060 activeAge=-1.000 pitch=-1.00Hz pitchCents=0.0
2025-12-15 22:54:41 [tracker] [s4] onset t=9.969 env=0.00180 gate=0.00012 envDelta=0.00168 envFloor=0.00104 onset=0.705 thresh=0.014 onsetDelta=0.69069 baseline=0.00069 adaptive=0.00174 lastPeak=0.00000 guard=0.060 activeAge=-1.000 pitch=-1.00Hz pitchCents=0.0
2025-12-15 22:54:41 [tracker] [s5] onset t=10.049 env=0.00170 gate=0.00015 envDelta=0.00155 envFloor=0.00108 onset=0.998 thresh=0.016 onsetDelta=0.98159 baseline=0.00072 adaptive=0.00180 lastPeak=0.00000 guard=0.060 activeAge=-1.000 pitch=-1.00Hz pitchCents=0.0
2025-12-15 22:54:41 [tracker] [s3] onset t=10.057 env=0.00114 gate=0.00008 envDelta=0.00106 envFloor=0.00096 onset=0.955 thresh=0.012 onsetDelta=0.94369 baseline=0.00064 adaptive=0.00160 lastPeak=0.00000 guard=0.060 activeAge=-1.000 pitch=-1.00Hz pitchCents=0.0
2025-12-15 22:54:41 [tracker] [s1] aubio-raw t=10.1343 onset=1.202747 env=0.000638 peak=0.001784 gain=1.000
2025-12-15 22:54:41 [tracker] [s1] onset-accepted t=10.1343 env=0.000638 gate=0.000022 envDelta=0.000616 envFloor=0.000599 onset=1.202747 thresh=0.006000 onsetDelta=1.196747 baseline=0.000399 floor=0.000180 adapt=0.000998 lastPeak=0.000000 baseParam=0.000180 gateRatio=0.0550 envParam=0.000450 onsetScale=0.300 retriggerScale=1.400 guard=0.060 guardRemain=0.000 activeAge=-1.000 retrigRemain=0.000 pitchHz=421.00 pitchCents=2823.6
2025-12-15 22:54:41 [tracker] [s1] onset t=10.134 env=0.00064 gate=0.00002 envDelta=0.00062 envFloor=0.00060 onset=1.203 thresh=0.006 onsetDelta=1.19675 baseline=0.00040 adaptive=0.00100 lastPeak=0.00000 guard=0.060 activeAge=-1.000 pitch=421.00Hz pitchCents=2823.6
2025-12-15 22:54:41 [tracker] [s1] note-start t=10.134 fret=24 midi=64 vel=0.01 env=0.00064
2025-12-15 22:54:41 [tracker] [s5] onset t=10.156 env=0.00139 gate=0.00015 envDelta=0.00125 envFloor=0.00105 onset=0.997 thresh=0.016 onsetDelta=0.98089 baseline=0.00070 adaptive=0.00175 lastPeak=0.00000 guard=0.060 activeAge=-1.000 pitch=-1.00Hz pitchCents=0.0
2025-12-15 22:54:41 [tracker] [s1] aubio-raw t=10.2409 onset=0.843027 env=0.000881 peak=0.002404 gain=1.000
2025-12-15 22:54:41 [tracker] [s1] onset-accepted t=10.2409 env=0.000881 gate=0.000026 envDelta=0.000855 envFloor=0.000585 onset=0.843027 thresh=0.006000 onsetDelta=0.837027 baseline=0.000470 floor=0.000180 adapt=0.000974 lastPeak=0.000522 baseParam=0.000180 gateRatio=0.0550 envParam=0.000450 onsetScale=0.300 retriggerScale=1.400 guard=0.060 guardRemain=0.000 activeAge=0.107 retrigRemain=0.113 pitchHz=-1.00 pitchCents=0.0
2025-12-15 22:54:41 [tracker] [s1] onset t=10.241 env=0.00088 gate=0.00003 envDelta=0.00086 envFloor=0.00058 onset=0.843 thresh=0.006 onsetDelta=0.83703 baseline=0.00047 adaptive=0.00097 lastPeak=0.00052 guard=0.060 activeAge=0.107 pitch=-1.00Hz pitchCents=0.0
2025-12-15 22:54:41 [tracker] [s1] note-ended (new onset) t=10.241 fret=24 dur=0.107
2025-12-15 22:54:42 [tracker] [s4] onset t=10.342 env=0.00144 gate=0.00011 envDelta=0.00133 envFloor=0.00099 onset=1.176 thresh=0.014 onsetDelta=1.16166 baseline=0.00066 adaptive=0.00165 lastPeak=0.00000 guard=0.060 activeAge=-1.000 pitch=-1.00Hz pitchCents=0.0
2025-12-15 22:54:42 [tracker] [s1] aubio-raw t=10.3903 onset=0.971277 env=0.000823 peak=0.001967 gain=1.000
2025-12-15 22:54:42 [tracker] [s1] onset-accepted t=10.3903 env=0.000823 gate=0.000021 envDelta=0.000802 envFloor=0.000571 onset=0.971277 thresh=0.006000 onsetDelta=0.965277 baseline=0.000381 floor=0.000180 adapt=0.000951 lastPeak=0.000394 baseParam=0.000180 gateRatio=0.0550 envParam=0.000450 onsetScale=0.300 retriggerScale=1.400 guard=0.060 guardRemain=0.000 activeAge=-1.000 retrigRemain=0.000 pitchHz=-1.00 pitchCents=0.0
2025-12-15 22:54:42 [tracker] [s1] onset t=10.390 env=0.00082 gate=0.00002 envDelta=0.00080 envFloor=0.00057 onset=0.971 thresh=0.006 onsetDelta=0.96528 baseline=0.00038 adaptive=0.00095 lastPeak=0.00039 guard=0.060 activeAge=-1.000 pitch=-1.00Hz pitchCents=0.0
2025-12-15 22:54:42 [tracker] [s1] aubio-raw t=10.5529 onset=0.834428 env=0.000982 peak=0.001754 gain=1.000
2025-12-15 22:54:42 [tracker] [s1] onset-accepted t=10.5529 env=0.000982 gate=0.000022 envDelta=0.000960 envFloor=0.000606 onset=0.834428 thresh=0.006000 onsetDelta=0.828428 baseline=0.000404 floor=0.000180 adapt=0.001011 lastPeak=0.000290 baseParam=0.000180 gateRatio=0.0550 envParam=0.000450 onsetScale=0.300 retriggerScale=1.400 guard=0.060 guardRemain=0.000 activeAge=-1.000 retrigRemain=0.000 pitchHz=380.94 pitchCents=2650.5
2025-12-15 22:54:42 [tracker] [s1] onset t=10.553 env=0.00098 gate=0.00002 envDelta=0.00096 envFloor=0.00061 onset=0.834 thresh=0.006 onsetDelta=0.82843 baseline=0.00040 adaptive=0.00101 lastPeak=0.00029 guard=0.060 activeAge=-1.000 pitch=380.94Hz pitchCents=2650.5
2025-12-15 22:54:42 [tracker] [s6] onset t=10.598 env=0.00214 gate=0.00021 envDelta=0.00193 envFloor=0.00124 onset=0.858 thresh=0.018 onsetDelta=0.83996 baseline=0.00083 adaptive=0.00207 lastPeak=0.00000 guard=0.060 activeAge=-1.000 pitch=-1.00Hz pitchCents=0.0
2025-12-15 22:54:42 [tracker] [s6] onset t=10.652 env=0.00209 gate=0.00022 envDelta=0.00188 envFloor=0.00129 onset=1.114 thresh=0.018 onsetDelta=1.09576 baseline=0.00086 adaptive=0.00216 lastPeak=0.00000 guard=0.060 activeAge=-1.000 pitch=-1.00Hz pitchCents=0.0
2025-12-15 22:54:42 [tracker] [s3] onset t=10.700 env=0.00120 gate=0.00008 envDelta=0.00112 envFloor=0.00090 onset=1.168 thresh=0.012 onsetDelta=1.15631 baseline=0.00060 adaptive=0.00150 lastPeak=0.00000 guard=0.060 activeAge=-1.000 pitch=-1.00Hz pitchCents=0.0
2025-12-15 22:54:42 [tracker] [s2] onset t=10.780 env=0.00180 gate=0.00001 envDelta=0.00179 envFloor=0.00100 onset=0.561 thresh=0.009 onsetDelta=0.55237 baseline=0.00067 adaptive=0.00167 lastPeak=0.00000 guard=0.060 activeAge=-1.000 pitch=-1.00Hz pitchCents=0.0
2025-12-15 22:54:42 [tracker] [s3] onset t=10.836 env=0.00154 gate=0.00008 envDelta=0.00146 envFloor=0.00090 onset=0.998 thresh=0.012 onsetDelta=0.98670 baseline=0.00060 adaptive=0.00151 lastPeak=0.00000 guard=0.060 activeAge=-1.000 pitch=-1.00Hz pitchCents=0.0
2025-12-15 22:54:42 [tracker] [s4] onset t=10.873 env=0.00128 gate=0.00011 envDelta=0.00117 envFloor=0.00098 onset=0.876 thresh=0.014 onsetDelta=0.86155 baseline=0.00065 adaptive=0.00163 lastPeak=0.00000 guard=0.060 activeAge=-1.000 pitch=-1.00Hz pitchCents=0.0
2025-12-15 22:54:42 [tracker] [s1] aubio-raw t=10.9155 onset=0.973887 env=0.000579 peak=0.001267 gain=1.000
2025-12-15 22:54:42 [tracker] [s1] onset-below-env-floor t=10.9155 env=0.000579 gate=0.000022 envDelta=0.000557 envFloor=0.000599 onset=0.973887 thresh=0.006000 onsetDelta=0.967887 baseline=0.000399 floor=0.000180 adapt=0.000998 lastPeak=0.000147 baseParam=0.000180 gateRatio=0.0550 envParam=0.000450 onsetScale=0.300 retriggerScale=1.400 guard=0.060 guardRemain=0.000 activeAge=-1.000 retrigRemain=0.000 pitchHz=-1.00 pitchCents=0.0
2025-12-15 22:54:42 [tracker] [s3] onset t=10.926 env=0.00127 gate=0.00008 envDelta=0.00119 envFloor=0.00089 onset=0.873 thresh=0.012 onsetDelta=0.86158 baseline=0.00060 adaptive=0.00149 lastPeak=0.00000 guard=0.060 activeAge=-1.000 pitch=-1.00Hz pitchCents=0.0
2025-12-15 22:54:42 [tracker] [s6] onset t=10.969 env=0.00223 gate=0.00021 envDelta=0.00202 envFloor=0.00125 onset=0.862 thresh=0.018 onsetDelta=0.84420 baseline=0.00083 adaptive=0.00208 lastPeak=0.00000 guard=0.060 activeAge=-1.000 pitch=-1.00Hz pitchCents=0.0
2025-12-15 22:54:42 [tracker] [s3] onset t=10.985 env=0.00153 gate=0.00008 envDelta=0.00145 envFloor=0.00094 onset=1.037 thresh=0.012 onsetDelta=1.02530 baseline=0.00062 adaptive=0.00156 lastPeak=0.00000 guard=0.060 activeAge=-1.000 pitch=-1.00Hz pitchCents=0.0
2025-12-15 22:54:42 [tracker] [s1] aubio-raw t=11.0409 onset=0.968350 env=0.000651 peak=0.001446 gain=1.000
2025-12-15 22:54:42 [tracker] [s1] onset-accepted t=11.0409 env=0.000651 gate=0.000022 envDelta=0.000629 envFloor=0.000609 onset=0.968350 thresh=0.006000 onsetDelta=0.962350 baseline=0.000406 floor=0.000180 adapt=0.001015 lastPeak=0.000116 baseParam=0.000180 gateRatio=0.0550 envParam=0.000450 onsetScale=0.300 retriggerScale=1.400 guard=0.060 guardRemain=0.000 activeAge=-1.000 retrigRemain=0.000 pitchHz=-1.00 pitchCents=0.0
2025-12-15 22:54:42 [tracker] [s1] onset t=11.041 env=0.00065 gate=0.00002 envDelta=0.00063 envFloor=0.00061 onset=0.968 thresh=0.006 onsetDelta=0.96235 baseline=0.00041 adaptive=0.00101 lastPeak=0.00012 guard=0.060 activeAge=-1.000 pitch=-1.00Hz pitchCents=0.0
2025-12-15 22:54:42 [tracker] [s3] onset t=11.052 env=0.00155 gate=0.00008 envDelta=0.00146 envFloor=0.00096 onset=0.999 thresh=0.012 onsetDelta=0.98746 baseline=0.00064 adaptive=0.00160 lastPeak=0.00000 guard=0.060 activeAge=-1.000 pitch=-1.00Hz pitchCents=0.0
2025-12-15 22:54:42 [tracker] [s5] onset t=11.166 env=0.00142 gate=0.00015 envDelta=0.00127 envFloor=0.00106 onset=0.901 thresh=0.016 onsetDelta=0.88471 baseline=0.00071 adaptive=0.00177 lastPeak=0.00000 guard=0.060 activeAge=-1.000 pitch=-1.00Hz pitchCents=0.0
2025-12-15 22:54:42 [tracker] [s6] onset t=11.166 env=0.00205 gate=0.00021 envDelta=0.00184 envFloor=0.00125 onset=1.317 thresh=0.018 onsetDelta=1.29873 baseline=0.00083 adaptive=0.00208 lastPeak=0.00000 guard=0.060 activeAge=-1.000 pitch=-1.00Hz pitchCents=0.0
2025-12-15 22:54:42 [tracker] [s2] onset t=11.204 env=0.00140 gate=0.00001 envDelta=0.00140 envFloor=0.00098 onset=0.873 thresh=0.009 onsetDelta=0.86360 baseline=0.00065 adaptive=0.00163 lastPeak=0.00000 guard=0.060 activeAge=-1.000 pitch=-1.00Hz pitchCents=0.0
2025-12-15 22:54:43 [tracker] [s3] onset t=11.414 env=0.00132 gate=0.00008 envDelta=0.00124 envFloor=0.00096 onset=0.992 thresh=0.012 onsetDelta=0.98038 baseline=0.00064 adaptive=0.00161 lastPeak=0.00000 guard=0.060 activeAge=-1.000 pitch=-1.00Hz pitchCents=0.0
2025-12-15 22:54:43 [tracker] [s1] aubio-raw t=11.4248 onset=1.004969 env=0.000717 peak=0.001774 gain=1.000
2025-12-15 22:54:43 [tracker] [s1] onset t=11.425 env=0.00072 gate=0.00002 envDelta=0.00070 envFloor=0.00058 onset=1.005 thresh=0.006 onsetDelta=0.99897 baseline=0.00039 adaptive=0.00097 lastPeak=0.00006 guard=0.060 activeAge=-1.000 pitch=103.89Hz pitchCents=401.1
2025-12-15 22:54:43 [tracker] [s1] note-start t=11.425 fret=4 midi=44 vel=0.01 env=0.00072
2025-12-15 22:54:43 [tracker] [s3] onset t=11.470 env=0.00152 gate=0.00008 envDelta=0.00144 envFloor=0.00095 onset=0.976 thresh=0.012 onsetDelta=0.96405 baseline=0.00063 adaptive=0.00159 lastPeak=0.00000 guard=0.060 activeAge=-1.000 pitch=-1.00Hz pitchCents=0.0
2025-12-15 22:54:43 [tracker] [s6] onset t=11.470 env=0.00201 gate=0.00021 envDelta=0.00179 envFloor=0.00129 onset=1.058 thresh=0.018 onsetDelta=1.04009 baseline=0.00086 adaptive=0.00215 lastPeak=0.00000 guard=0.060 activeAge=-1.000 pitch=-1.00Hz pitchCents=0.0
2025-12-15 22:54:43 [tracker] [s2] onset t=11.537 env=0.00154 gate=0.00001 envDelta=0.00153 envFloor=0.00101 onset=1.303 thresh=0.009 onsetDelta=1.29418 baseline=0.00067 adaptive=0.00169 lastPeak=0.00000 guard=0.060 activeAge=-1.000 pitch=363.66Hz pitchCents=2070.1
2025-12-15 22:54:43 [tracker] [s3] onset t=11.537 env=0.00134 gate=0.00008 envDelta=0.00126 envFloor=0.00097 onset=0.837 thresh=0.012 onsetDelta=0.82584 baseline=0.00065 adaptive=0.00161 lastPeak=0.00000 guard=0.060 activeAge=-1.000 pitch=-1.00Hz pitchCents=0.0
2025-12-15 22:54:43 [tracker] [s6] onset t=11.731 env=0.00192 gate=0.00020 envDelta=0.00173 envFloor=0.00119 onset=1.311 thresh=0.018 onsetDelta=1.29348 baseline=0.00079 adaptive=0.00199 lastPeak=0.00000 guard=0.060 activeAge=-1.000 pitch=-1.00Hz pitchCents=0.0
2025-12-15 22:54:43 [tracker] [s1] aubio-raw t=11.7555 onset=0.998651 env=0.000817 peak=0.002257 gain=1.000
2025-12-15 22:54:43 [tracker] [s1] onset-accepted t=11.7555 env=0.000817 gate=0.000022 envDelta=0.000796 envFloor=0.000587 onset=0.998651 thresh=0.006000 onsetDelta=0.992651 baseline=0.000391 floor=0.000180 adapt=0.000978 lastPeak=0.000385 baseParam=0.000180 gateRatio=0.0550 envParam=0.000450 onsetScale=0.300 retriggerScale=1.400 guard=0.060 guardRemain=0.000 activeAge=0.331 retrigRemain=0.000 pitchHz=-1.00 pitchCents=0.0
2025-12-15 22:54:43 [tracker] [s1] onset t=11.755 env=0.00082 gate=0.00002 envDelta=0.00080 envFloor=0.00059 onset=0.999 thresh=0.006 onsetDelta=0.99265 baseline=0.00039 adaptive=0.00098 lastPeak=0.00039 guard=0.060 activeAge=0.331 pitch=-1.00Hz pitchCents=0.0
2025-12-15 22:54:43 [tracker] [s1] note-ended (new onset) t=11.755 fret=4 dur=0.331
2025-12-15 22:54:43 [tracker] [s6] onset t=11.785 env=0.00216 gate=0.00021 envDelta=0.00195 envFloor=0.00128 onset=1.000 thresh=0.018 onsetDelta=0.98222 baseline=0.00085 adaptive=0.00213 lastPeak=0.00000 guard=0.060 activeAge=-1.000 pitch=-1.00Hz pitchCents=0.0
2025-12-15 22:54:43 [tracker] [s2] onset t=11.817 env=0.00128 gate=0.00001 envDelta=0.00127 envFloor=0.00097 onset=1.000 thresh=0.009 onsetDelta=0.99098 baseline=0.00065 adaptive=0.00162 lastPeak=0.00000 guard=0.060 activeAge=-1.000 pitch=-1.00Hz pitchCents=0.0
2025-12-15 22:54:43 [tracker] [s1] aubio-raw t=11.8301 onset=0.762090 env=0.001097 peak=0.002650 gain=1.000
2025-12-15 22:54:43 [tracker] [s1] onset-accepted t=11.8301 env=0.001097 gate=0.000023 envDelta=0.001074 envFloor=0.000637 onset=0.762090 thresh=0.006000 onsetDelta=0.756090 baseline=0.000425 floor=0.000180 adapt=0.001062 lastPeak=0.000335 baseParam=0.000180 gateRatio=0.0550 envParam=0.000450 onsetScale=0.300 retriggerScale=1.400 guard=0.060 guardRemain=0.000 activeAge=-1.000 retrigRemain=0.000 pitchHz=-1.00 pitchCents=0.0
2025-12-15 22:54:43 [tracker] [s1] onset t=11.830 env=0.00110 gate=0.00002 envDelta=0.00107 envFloor=0.00064 onset=0.762 thresh=0.006 onsetDelta=0.75609 baseline=0.00042 adaptive=0.00106 lastPeak=0.00033 guard=0.060 activeAge=-1.000 pitch=-1.00Hz pitchCents=0.0
2025-12-15 22:54:43 [tracker] [s6] onset t=11.918 env=0.00181 gate=0.00020 envDelta=0.00161 envFloor=0.00122 onset=1.001 thresh=0.018 onsetDelta=0.98262 baseline=0.00081 adaptive=0.00204 lastPeak=0.00000 guard=0.060 activeAge=-1.000 pitch=-1.00Hz pitchCents=0.0
2025-12-15 22:54:43 [tracker] [s1] aubio-raw t=11.9368 onset=1.096586 env=0.000823 peak=0.001969 gain=1.000
2025-12-15 22:54:43 [tracker] [s1] onset-accepted t=11.9368 env=0.000823 gate=0.000021 envDelta=0.000803 envFloor=0.000569 onset=1.096586 thresh=0.006000 onsetDelta=1.090586 baseline=0.000380 floor=0.000180 adapt=0.000949 lastPeak=0.000274 baseParam=0.000180 gateRatio=0.0550 envParam=0.000450 onsetScale=0.300 retriggerScale=1.400 guard=0.060 guardRemain=0.000 activeAge=-1.000 retrigRemain=0.000 pitchHz=320.02 pitchCents=2348.8
2025-12-15 22:54:43 [tracker] [s1] onset t=11.937 env=0.00082 gate=0.00002 envDelta=0.00080 envFloor=0.00057 onset=1.097 thresh=0.006 onsetDelta=1.09059 baseline=0.00038 adaptive=0.00095 lastPeak=0.00027 guard=0.060 activeAge=-1.000 pitch=320.02Hz pitchCents=2348.8
2025-12-15 22:54:43 [tracker] [s4] onset t=11.939 env=0.00145 gate=0.00012 envDelta=0.00133 envFloor=0.00102 onset=1.001 thresh=0.014 onsetDelta=0.98719 baseline=0.00068 adaptive=0.00169 lastPeak=0.00000 guard=0.060 activeAge=-1.000 pitch=-1.00Hz pitchCents=0.0
2025-12-15 22:54:43 [tracker] [s6] onset t=12.006 env=0.00156 gate=0.00019 envDelta=0.00137 envFloor=0.00114 onset=0.812 thresh=0.018 onsetDelta=0.79404 baseline=0.00076 adaptive=0.00190 lastPeak=0.00000 guard=0.060 activeAge=-1.000 pitch=-1.00Hz pitchCents=0.0
2025-12-15 22:54:43 [tracker] [s2] onset t=12.147 env=0.00130 gate=0.00001 envDelta=0.00130 envFloor=0.00096 onset=1.481 thresh=0.009 onsetDelta=1.47247 baseline=0.00064 adaptive=0.00161 lastPeak=0.00000 guard=0.060 activeAge=-1.000 pitch=347.81Hz pitchCents=1993.0
2025-12-15 22:54:43 [tracker] [s3] onset t=12.155 env=0.00127 gate=0.00008 envDelta=0.00119 envFloor=0.00092 onset=0.878 thresh=0.012 onsetDelta=0.86649 baseline=0.00062 adaptive=0.00154 lastPeak=0.00000 guard=0.060 activeAge=-1.000 pitch=-1.00Hz pitchCents=0.0
2025-12-15 22:54:43 [tracker] [s1] aubio-raw t=12.1581 onset=1.017464 env=0.000738 peak=0.001619 gain=1.000
2025-12-15 22:54:43 [tracker] [s1] onset-accepted t=12.1581 env=0.000738 gate=0.000021 envDelta=0.000717 envFloor=0.000567 onset=1.017464 thresh=0.006000 onsetDelta=1.011464 baseline=0.000378 floor=0.000180 adapt=0.000945 lastPeak=0.000181 baseParam=0.000180 gateRatio=0.0550 envParam=0.000450 onsetScale=0.300 retriggerScale=1.400 guard=0.060 guardRemain=0.000 activeAge=-1.000 retrigRemain=0.000 pitchHz=-1.00 pitchCents=0.0
2025-12-15 22:54:43 [tracker] [s1] onset t=12.158 env=0.00074 gate=0.00002 envDelta=0.00072 envFloor=0.00057 onset=1.017 thresh=0.006 onsetDelta=1.01146 baseline=0.00038 adaptive=0.00094 lastPeak=0.00018 guard=0.060 activeAge=-1.000 pitch=-1.00Hz pitchCents=0.0
2025-12-15 22:54:43 [tracker] [s5] onset t=12.206 env=0.00184 gate=0.00016 envDelta=0.00168 envFloor=0.00111 onset=0.984 thresh=0.016 onsetDelta=0.96848 baseline=0.00074 adaptive=0.00186 lastPeak=0.00000 guard=0.060 activeAge=-1.000 pitch=-1.00Hz pitchCents=0.0
2025-12-15 22:54:43 [tracker] [s4] onset t=12.307 env=0.00108 gate=0.00011 envDelta=0.00097 envFloor=0.00096 onset=0.866 thresh=0.014 onsetDelta=0.85202 baseline=0.00064 adaptive=0.00160 lastPeak=0.00000 guard=0.060 activeAge=-1.000 pitch=-1.00Hz pitchCents=0.0
2025-12-15 22:54:44 [tracker] [s2] onset t=12.337 env=0.00155 gate=0.00001 envDelta=0.00154 envFloor=0.00095 onset=0.875 thresh=0.009 onsetDelta=0.86566 baseline=0.00063 adaptive=0.00158 lastPeak=0.00000 guard=0.060 activeAge=-1.000 pitch=-1.00Hz pitchCents=0.0
2025-12-15 22:54:44 [tracker] [s6] onset t=12.350 env=0.00200 gate=0.00020 envDelta=0.00180 envFloor=0.00121 onset=0.993 thresh=0.018 onsetDelta=0.97535 baseline=0.00081 adaptive=0.00201 lastPeak=0.00000 guard=0.060 activeAge=-1.000 pitch=-1.00Hz pitchCents=0.0
2025-12-15 22:54:44 [tracker] [s3] onset t=12.374 env=0.00133 gate=0.00008 envDelta=0.00126 envFloor=0.00089 onset=0.551 thresh=0.012 onsetDelta=0.53901 baseline=0.00059 adaptive=0.00148 lastPeak=0.00000 guard=0.060 activeAge=-1.000 pitch=-1.00Hz pitchCents=0.0
2025-12-15 22:54:44 [tracker] [s6] onset t=12.414 env=0.00178 gate=0.00020 envDelta=0.00158 envFloor=0.00119 onset=1.229 thresh=0.018 onsetDelta=1.21142 baseline=0.00079 adaptive=0.00198 lastPeak=0.00000 guard=0.060 activeAge=-1.000 pitch=-1.00Hz pitchCents=0.0
2025-12-15 22:54:44 [tracker] [s2] onset t=12.467 env=0.00144 gate=0.00001 envDelta=0.00144 envFloor=0.00090 onset=1.045 thresh=0.009 onsetDelta=1.03602 baseline=0.00060 adaptive=0.00150 lastPeak=0.00000 guard=0.060 activeAge=-1.000 pitch=-1.00Hz pitchCents=0.0
2025-12-15 22:54:44 [tracker] [s1] aubio-raw t=12.4808 onset=0.987227 env=0.000782 peak=0.002145 gain=1.000
2025-12-15 22:54:44 [tracker] [s1] onset-accepted t=12.4808 env=0.000782 gate=0.000023 envDelta=0.000759 envFloor=0.000629 onset=0.987227 thresh=0.006000 onsetDelta=0.981227 baseline=0.000419 floor=0.000180 adapt=0.001048 lastPeak=0.000098 baseParam=0.000180 gateRatio=0.0550 envParam=0.000450 onsetScale=0.300 retriggerScale=1.400 guard=0.060 guardRemain=0.000 activeAge=-1.000 retrigRemain=0.000 pitchHz=-1.00 pitchCents=0.0
2025-12-15 22:54:44 [tracker] [s1] onset t=12.481 env=0.00078 gate=0.00002 envDelta=0.00076 envFloor=0.00063 onset=0.987 thresh=0.006 onsetDelta=0.98123 baseline=0.00042 adaptive=0.00105 lastPeak=0.00010 guard=0.060 activeAge=-1.000 pitch=-1.00Hz pitchCents=0.0
2025-12-15 22:54:44 [tracker] [s6] onset t=12.542 env=0.00229 gate=0.00022 envDelta=0.00208 envFloor=0.00130 onset=0.940 thresh=0.018 onsetDelta=0.92189 baseline=0.00087 adaptive=0.00217 lastPeak=0.00000 guard=0.060 activeAge=-1.000 pitch=-1.00Hz pitchCents=0.0
2025-12-15 22:54:44 [tracker] [s3] onset t=12.558 env=0.00123 gate=0.00008 envDelta=0.00115 envFloor=0.00093 onset=1.083 thresh=0.012 onsetDelta=1.07142 baseline=0.00062 adaptive=0.00155 lastPeak=0.00000 guard=0.060 activeAge=-1.000 pitch=-1.00Hz pitchCents=0.0
2025-12-15 22:54:44 [tracker] [s6] onset t=12.595 env=0.00215 gate=0.00022 envDelta=0.00194 envFloor=0.00130 onset=1.218 thresh=0.018 onsetDelta=1.19983 baseline=0.00086 adaptive=0.00216 lastPeak=0.00000 guard=0.060 activeAge=-1.000 pitch=-1.00Hz pitchCents=0.0
2025-12-15 22:54:44 [tracker] [s1] aubio-raw t=12.8007 onset=1.024970 env=0.000662 peak=0.001896 gain=1.000
2025-12-15 22:54:44 [tracker] [s1] onset-accepted t=12.8007 env=0.000662 gate=0.000021 envDelta=0.000641 envFloor=0.000570 onset=1.024970 thresh=0.006000 onsetDelta=1.018970 baseline=0.000380 floor=0.000180 adapt=0.000949 lastPeak=0.000054 baseParam=0.000180 gateRatio=0.0550 envParam=0.000450 onsetScale=0.300 retriggerScale=1.400 guard=0.060 guardRemain=0.000 activeAge=-1.000 retrigRemain=0.000 pitchHz=533.57 pitchCents=3233.8
2025-12-15 22:54:44 [tracker] [s1] onset t=12.801 env=0.00066 gate=0.00002 envDelta=0.00064 envFloor=0.00057 onset=1.025 thresh=0.006 onsetDelta=1.01897 baseline=0.00038 adaptive=0.00095 lastPeak=0.00005 guard=0.060 activeAge=-1.000 pitch=533.57Hz pitchCents=3233.8
2025-12-15 22:54:44 [tracker] [s1] aubio-raw t=12.9127 onset=0.996516 env=0.000801 peak=0.001992 gain=1.000
2025-12-15 22:54:44 [tracker] [s1] onset-accepted t=12.9127 env=0.000801 gate=0.000021 envDelta=0.000780 envFloor=0.000576 onset=0.996516 thresh=0.006000 onsetDelta=0.990516 baseline=0.000384 floor=0.000180 adapt=0.000960 lastPeak=0.000044 baseParam=0.000180 gateRatio=0.0550 envParam=0.000450 onsetScale=0.300 retriggerScale=1.400 guard=0.060 guardRemain=0.000 activeAge=-1.000 retrigRemain=0.000 pitchHz=380.95 pitchCents=2650.5
2025-12-15 22:54:44 [tracker] [s1] onset t=12.913 env=0.00080 gate=0.00002 envDelta=0.00078 envFloor=0.00058 onset=0.997 thresh=0.006 onsetDelta=0.99052 baseline=0.00038 adaptive=0.00096 lastPeak=0.00004 guard=0.060 activeAge=-1.000 pitch=380.95Hz pitchCents=2650.5
2025-12-15 22:54:44 [tracker] [s5] onset t=12.950 env=0.00160 gate=0.00016 envDelta=0.00144 envFloor=0.00114 onset=0.995 thresh=0.016 onsetDelta=0.97907 baseline=0.00076 adaptive=0.00190 lastPeak=0.00000 guard=0.060 activeAge=-1.000 pitch=-1.00Hz pitchCents=0.0
2025-12-15 22:54:44 [tracker] [s3] onset t=12.963 env=0.00159 gate=0.00008 envDelta=0.00151 envFloor=0.00092 onset=0.849 thresh=0.012 onsetDelta=0.83754 baseline=0.00061 adaptive=0.00153 lastPeak=0.00000 guard=0.060 activeAge=-1.000 pitch=-1.00Hz pitchCents=0.0
2025-12-15 22:54:44 [tracker] [s5] onset t=13.158 env=0.00142 gate=0.00014 envDelta=0.00128 envFloor=0.00101 onset=0.728 thresh=0.016 onsetDelta=0.71246 baseline=0.00068 adaptive=0.00169 lastPeak=0.00000 guard=0.060 activeAge=-1.000 pitch=-1.00Hz pitchCents=0.0
2025-12-15 22:54:44 [tracker] [s4] onset t=13.166 env=0.00126 gate=0.00011 envDelta=0.00115 envFloor=0.00095 onset=1.042 thresh=0.014 onsetDelta=1.02809 baseline=0.00063 adaptive=0.00158 lastPeak=0.00000 guard=0.060 activeAge=-1.000 pitch=-1.00Hz pitchCents=0.0
2025-12-15 22:54:44 [tracker] [s5] onset t=13.246 env=0.00162 gate=0.00015 envDelta=0.00147 envFloor=0.00106 onset=0.945 thresh=0.016 onsetDelta=0.92855 baseline=0.00071 adaptive=0.00177 lastPeak=0.00000 guard=0.060 activeAge=-1.000 pitch=-1.00Hz pitchCents=0.0
2025-12-15 22:54:44 [tracker] [s6] onset t=13.265 env=0.00170 gate=0.00021 envDelta=0.00149 envFloor=0.00125 onset=0.675 thresh=0.018 onsetDelta=0.65715 baseline=0.00084 adaptive=0.00209 lastPeak=0.00000 guard=0.060 activeAge=-1.000 pitch=-1.00Hz pitchCents=0.0
2025-12-15 22:54:44 [tracker] [s5] onset t=13.310 env=0.00175 gate=0.00015 envDelta=0.00159 envFloor=0.00111 onset=0.989 thresh=0.016 onsetDelta=0.97326 baseline=0.00074 adaptive=0.00184 lastPeak=0.00000 guard=0.060 activeAge=-1.000 pitch=-1.00Hz pitchCents=0.0
2025-12-15 22:54:45 [tracker] [s6] onset t=13.491 env=0.00173 gate=0.00020 envDelta=0.00154 envFloor=0.00118 onset=1.392 thresh=0.018 onsetDelta=1.37364 baseline=0.00078 adaptive=0.00196 lastPeak=0.00000 guard=0.060 activeAge=-1.000 pitch=-1.00Hz pitchCents=0.0
2025-12-15 22:54:45 [tracker] [s1] aubio-raw t=13.4967 onset=0.993199 env=0.001290 peak=0.002462 gain=1.000
2025-12-15 22:54:45 [tracker] [s1] onset-accepted t=13.4967 env=0.001290 gate=0.000023 envDelta=0.001267 envFloor=0.000618 onset=0.993199 thresh=0.006000 onsetDelta=0.987199 baseline=0.000412 floor=0.000180 adapt=0.001029 lastPeak=0.000015 baseParam=0.000180 gateRatio=0.0550 envParam=0.000450 onsetScale=0.300 retriggerScale=1.400 guard=0.060 guardRemain=0.000 activeAge=-1.000 retrigRemain=0.000 pitchHz=400.09 pitchCents=2735.4
2025-12-15 22:54:45 [tracker] [s1] onset t=13.497 env=0.00129 gate=0.00002 envDelta=0.00127 envFloor=0.00062 onset=0.993 thresh=0.006 onsetDelta=0.98720 baseline=0.00041 adaptive=0.00103 lastPeak=0.00001 guard=0.060 activeAge=-1.000 pitch=400.09Hz pitchCents=2735.4
2025-12-15 22:54:45 [tracker] [s1] note-start t=13.497 fret=24 midi=64 vel=0.02 env=0.00129
2025-12-15 22:54:45 [tracker] [s2] onset t=13.550 env=0.00126 gate=0.00001 envDelta=0.00125 envFloor=0.00096 onset=1.272 thresh=0.009 onsetDelta=1.26344 baseline=0.00064 adaptive=0.00160 lastPeak=0.00000 guard=0.060 activeAge=-1.000 pitch=1143.67Hz pitchCents=4053.7
2025-12-15 22:54:45 [tracker] [s6] onset t=13.563 env=0.00196 gate=0.00020 envDelta=0.00176 envFloor=0.00119 onset=1.171 thresh=0.018 onsetDelta=1.15314 baseline=0.00079 adaptive=0.00198 lastPeak=0.00000 guard=0.060 activeAge=-1.000 pitch=-1.00Hz pitchCents=0.0
2025-12-15 22:54:45 [tracker] [s1] aubio-raw t=13.5874 onset=0.797635 env=0.000948 peak=0.002355 gain=1.000
2025-12-15 22:54:45 [tracker] [s1] onset-accepted t=13.5874 env=0.000948 gate=0.000054 envDelta=0.000894 envFloor=0.000685 onset=0.797635 thresh=0.006000 onsetDelta=0.791635 baseline=0.000979 floor=0.000180 adapt=0.001088 lastPeak=0.001087 baseParam=0.000180 gateRatio=0.0550 envParam=0.000450 onsetScale=0.300 retriggerScale=1.400 guard=0.060 guardRemain=0.000 activeAge=0.091 retrigRemain=0.129 pitchHz=-1.00 pitchCents=0.0
2025-12-15 22:54:45 [tracker] [s1] onset t=13.587 env=0.00095 gate=0.00005 envDelta=0.00089 envFloor=0.00069 onset=0.798 thresh=0.006 onsetDelta=0.79163 baseline=0.00098 adaptive=0.00109 lastPeak=0.00109 guard=0.060 activeAge=0.091 pitch=-1.00Hz pitchCents=0.0
2025-12-15 22:54:45 [tracker] [s1] note-ended (new onset) t=13.587 fret=24 dur=0.091
2025-12-15 22:54:45 [tracker] [s3] onset t=13.611 env=0.00119 gate=0.00008 envDelta=0.00112 envFloor=0.00089 onset=0.998 thresh=0.012 onsetDelta=0.98607 baseline=0.00059 adaptive=0.00148 lastPeak=0.00000 guard=0.060 activeAge=-1.000 pitch=-1.00Hz pitchCents=0.0
2025-12-15 22:54:45 [tracker] [s4] onset t=13.643 env=0.00157 gate=0.00011 envDelta=0.00146 envFloor=0.00096 onset=0.782 thresh=0.014 onsetDelta=0.76791 baseline=0.00064 adaptive=0.00160 lastPeak=0.00000 guard=0.060 activeAge=-1.000 pitch=-1.00Hz pitchCents=0.0
2025-12-15 22:54:45 [tracker] [s3] onset t=13.742 env=0.00139 gate=0.00008 envDelta=0.00131 envFloor=0.00096 onset=0.973 thresh=0.012 onsetDelta=0.96185 baseline=0.00064 adaptive=0.00161 lastPeak=0.00000 guard=0.060 activeAge=-1.000 pitch=-1.00Hz pitchCents=0.0
2025-12-15 22:54:45 [tracker] [s2] onset t=13.766 env=0.00105 gate=0.00001 envDelta=0.00104 envFloor=0.00094 onset=1.042 thresh=0.009 onsetDelta=1.03254 baseline=0.00063 adaptive=0.00156 lastPeak=0.00000 guard=0.060 activeAge=-1.000 pitch=-1.00Hz pitchCents=0.0
2025-12-15 22:54:45 [tracker] [s5] onset t=13.771 env=0.00159 gate=0.00015 envDelta=0.00143 envFloor=0.00110 onset=1.236 thresh=0.016 onsetDelta=1.22000 baseline=0.00074 adaptive=0.00184 lastPeak=0.00000 guard=0.060 activeAge=-1.000 pitch=-1.00Hz pitchCents=0.0
2025-12-15 22:54:45 [tracker] [s1] aubio-raw t=13.7740 onset=1.149554 env=0.001022 peak=0.002288 gain=1.000
2025-12-15 22:54:45 [tracker] [s1] onset-accepted t=13.7740 env=0.001022 gate=0.000038 envDelta=0.000984 envFloor=0.000571 onset=1.149554 thresh=0.006000 onsetDelta=1.143554 baseline=0.000689 floor=0.000180 adapt=0.000952 lastPeak=0.000766 baseParam=0.000180 gateRatio=0.0550 envParam=0.000450 onsetScale=0.300 retriggerScale=1.400 guard=0.060 guardRemain=0.000 activeAge=-1.000 retrigRemain=0.000 pitchHz=-1.00 pitchCents=0.0
2025-12-15 22:54:45 [tracker] [s1] onset t=13.774 env=0.00102 gate=0.00004 envDelta=0.00098 envFloor=0.00057 onset=1.150 thresh=0.006 onsetDelta=1.14355 baseline=0.00069 adaptive=0.00095 lastPeak=0.00077 guard=0.060 activeAge=-1.000 pitch=-1.00Hz pitchCents=0.0
2025-12-15 22:54:45 [tracker] [s6] onset t=13.790 env=0.00224 gate=0.00021 envDelta=0.00203 envFloor=0.00128 onset=1.037 thresh=0.018 onsetDelta=1.01909 baseline=0.00085 adaptive=0.00213 lastPeak=0.00000 guard=0.060 activeAge=-1.000 pitch=-1.00Hz pitchCents=0.0
2025-12-15 22:54:45 [tracker] [s1] aubio-raw t=13.8407 onset=1.003965 env=0.000675 peak=0.001701 gain=1.000
2025-12-15 22:54:45 [tracker] [s1] onset-accepted t=13.8407 env=0.000675 gate=0.000033 envDelta=0.000642 envFloor=0.000613 onset=1.003965 thresh=0.006000 onsetDelta=0.997965 baseline=0.000608 floor=0.000180 adapt=0.001021 lastPeak=0.000675 baseParam=0.000180 gateRatio=0.0550 envParam=0.000450 onsetScale=0.300 retriggerScale=1.400 guard=0.060 guardRemain=0.000 activeAge=-1.000 retrigRemain=0.000 pitchHz=96.38 pitchCents=271.2
2025-12-15 22:54:45 [tracker] [s1] onset t=13.841 env=0.00068 gate=0.00003 envDelta=0.00064 envFloor=0.00061 onset=1.004 thresh=0.006 onsetDelta=0.99797 baseline=0.00061 adaptive=0.00102 lastPeak=0.00068 guard=0.060 activeAge=-1.000 pitch=96.38Hz pitchCents=271.2
2025-12-15 22:54:45 [tracker] [s5] onset t=13.889 env=0.00155 gate=0.00014 envDelta=0.00140 envFloor=0.00101 onset=1.119 thresh=0.016 onsetDelta=1.10339 baseline=0.00067 adaptive=0.00169 lastPeak=0.00000 guard=0.060 activeAge=-1.000 pitch=-1.00Hz pitchCents=0.0
2025-12-15 22:54:45 [tracker] [s5] onset t=13.953 env=0.00163 gate=0.00014 envDelta=0.00149 envFloor=0.00101 onset=1.232 thresh=0.016 onsetDelta=1.21554 baseline=0.00067 adaptive=0.00168 lastPeak=0.00000 guard=0.060 activeAge=-1.000 pitch=-1.00Hz pitchCents=0.0
2025-12-15 22:54:45 [tracker] [s4] onset t=13.969 env=0.00124 gate=0.00011 envDelta=0.00113 envFloor=0.00093 onset=0.952 thresh=0.014 onsetDelta=0.93823 baseline=0.00062 adaptive=0.00156 lastPeak=0.00000 guard=0.060 activeAge=-1.000 pitch=-1.00Hz pitchCents=0.0
2025-12-15 22:54:45 [tracker] [s1] aubio-raw t=14.0247 onset=0.807208 env=0.000908 peak=0.002677 gain=1.000
2025-12-15 22:54:45 [tracker] [s1] onset-accepted t=14.0247 env=0.000908 gate=0.000024 envDelta=0.000884 envFloor=0.000590 onset=0.807208 thresh=0.006000 onsetDelta=0.801208 baseline=0.000430 floor=0.000180 adapt=0.000984 lastPeak=0.000478 baseParam=0.000180 gateRatio=0.0550 envParam=0.000450 onsetScale=0.300 retriggerScale=1.400 guard=0.060 guardRemain=0.000 activeAge=-1.000 retrigRemain=0.000 pitchHz=94.12 pitchCents=230.0
2025-12-15 22:54:45 [tracker] [s1] onset t=14.025 env=0.00091 gate=0.00002 envDelta=0.00088 envFloor=0.00059 onset=0.807 thresh=0.006 onsetDelta=0.80121 baseline=0.00043 adaptive=0.00098 lastPeak=0.00048 guard=0.060 activeAge=-1.000 pitch=94.12Hz pitchCents=230.0
2025-12-15 22:54:45 [tracker] [s6] onset t=14.035 env=0.00175 gate=0.00020 envDelta=0.00154 envFloor=0.00122 onset=1.445 thresh=0.018 onsetDelta=1.42717 baseline=0.00082 adaptive=0.00204 lastPeak=0.00000 guard=0.060 activeAge=-1.000 pitch=-1.00Hz pitchCents=0.0
2025-12-15 22:54:45 [tracker] [s2] onset t=14.153 env=0.00177 gate=0.00001 envDelta=0.00176 envFloor=0.00101 onset=1.163 thresh=0.009 onsetDelta=1.15439 baseline=0.00067 adaptive=0.00168 lastPeak=0.00000 guard=0.060 activeAge=-1.000 pitch=-1.00Hz pitchCents=0.0
2025-12-15 22:54:45 [tracker] [s5] onset t=14.235 env=0.00166 gate=0.00015 envDelta=0.00152 envFloor=0.00106 onset=1.068 thresh=0.016 onsetDelta=1.05165 baseline=0.00070 adaptive=0.00176 lastPeak=0.00000 guard=0.060 activeAge=-1.000 pitch=-1.00Hz pitchCents=0.0
2025-12-15 22:54:45 [tracker] [s6] onset t=14.241 env=0.00211 gate=0.00020 envDelta=0.00191 envFloor=0.00119 onset=1.415 thresh=0.018 onsetDelta=1.39676 baseline=0.00080 adaptive=0.00199 lastPeak=0.00000 guard=0.060 activeAge=-1.000 pitch=-1.00Hz pitchCents=0.0
2025-12-15 22:54:45 [tracker] [s1] aubio-raw t=14.2940 onset=0.884314 env=0.000597 peak=0.001355 gain=1.000
2025-12-15 22:54:45 [tracker] [s1] onset-accepted t=14.2940 env=0.000597 gate=0.000021 envDelta=0.000577 envFloor=0.000566 onset=0.884314 thresh=0.006000 onsetDelta=0.878314 baseline=0.000377 floor=0.000180 adapt=0.000944 lastPeak=0.000288 baseParam=0.000180 gateRatio=0.0550 envParam=0.000450 onsetScale=0.300 retriggerScale=1.400 guard=0.060 guardRemain=0.000 activeAge=-1.000 retrigRemain=0.000 pitchHz=333.36 pitchCents=2419.5
2025-12-15 22:54:45 [tracker] [s1] onset t=14.294 env=0.00060 gate=0.00002 envDelta=0.00058 envFloor=0.00057 onset=0.884 thresh=0.006 onsetDelta=0.87831 baseline=0.00038 adaptive=0.00094 lastPeak=0.00029 guard=0.060 activeAge=-1.000 pitch=333.36Hz pitchCents=2419.5
2025-12-15 22:54:45 [tracker] [s6] onset t=14.294 env=0.00234 gate=0.00020 envDelta=0.00214 envFloor=0.00123 onset=0.994 thresh=0.018 onsetDelta=0.97642 baseline=0.00082 adaptive=0.00204 lastPeak=0.00000 guard=0.060 activeAge=-1.000 pitch=-1.00Hz pitchCents=0.0
2025-12-15 22:54:46 [tracker] [s2] onset t=14.409 env=0.00141 gate=0.00001 envDelta=0.00140 envFloor=0.00103 onset=0.997 thresh=0.009 onsetDelta=0.98830 baseline=0.00069 adaptive=0.00172 lastPeak=0.00000 guard=0.060 activeAge=-1.000 pitch=-1.00Hz pitchCents=0.0
2025-12-15 22:54:46 [tracker] [s6] onset t=14.491 env=0.00191 gate=0.00022 envDelta=0.00169 envFloor=0.00130 onset=0.760 thresh=0.018 onsetDelta=0.74230 baseline=0.00087 adaptive=0.00217 lastPeak=0.00000 guard=0.060 activeAge=-1.000 pitch=-1.00Hz pitchCents=0.0
2025-12-15 22:54:46 [tracker] [s2] onset t=14.502 env=0.00119 gate=0.00001 envDelta=0.00118 envFloor=0.00110 onset=1.119 thresh=0.009 onsetDelta=1.10953 baseline=0.00074 adaptive=0.00184 lastPeak=0.00000 guard=0.060 activeAge=-1.000 pitch=-1.00Hz pitchCents=0.0
2025-12-15 22:54:46 [tracker] [s5] onset t=14.553 env=0.00145 gate=0.00015 envDelta=0.00129 envFloor=0.00109 onset=1.001 thresh=0.016 onsetDelta=0.98478 baseline=0.00072 adaptive=0.00181 lastPeak=0.00000 guard=0.060 activeAge=-1.000 pitch=-1.00Hz pitchCents=0.0
2025-12-15 22:54:46 [tracker] [s3] onset t=14.638 env=0.00144 gate=0.00008 envDelta=0.00135 envFloor=0.00095 onset=1.125 thresh=0.012 onsetDelta=1.11345 baseline=0.00064 adaptive=0.00159 lastPeak=0.00000 guard=0.060 activeAge=-1.000 pitch=-1.00Hz pitchCents=0.0
2025-12-15 22:54:46 [tracker] [s5] onset t=14.641 env=0.00129 gate=0.00014 envDelta=0.00115 envFloor=0.00100 onset=1.083 thresh=0.016 onsetDelta=1.06719 baseline=0.00066 adaptive=0.00166 lastPeak=0.00000 guard=0.060 activeAge=-1.000 pitch=-1.00Hz pitchCents=0.0
2025-12-15 22:54:46 [tracker] [s4] onset t=14.718 env=0.00160 gate=0.00011 envDelta=0.00150 envFloor=0.00094 onset=0.756 thresh=0.014 onsetDelta=0.74200 baseline=0.00062 adaptive=0.00156 lastPeak=0.00000 guard=0.060 activeAge=-1.000 pitch=-1.00Hz pitchCents=0.0
2025-12-15 22:54:46 [tracker] [s5] onset t=14.785 env=0.00157 gate=0.00016 envDelta=0.00142 envFloor=0.00111 onset=1.148 thresh=0.016 onsetDelta=1.13223 baseline=0.00074 adaptive=0.00185 lastPeak=0.00000 guard=0.060 activeAge=-1.000 pitch=-1.00Hz pitchCents=0.0
2025-12-15 22:54:46 [tracker] [s3] onset t=14.843 env=0.00114 gate=0.00008 envDelta=0.00106 envFloor=0.00093 onset=0.992 thresh=0.012 onsetDelta=0.97999 baseline=0.00062 adaptive=0.00154 lastPeak=0.00000 guard=0.060 activeAge=-1.000 pitch=-1.00Hz pitchCents=0.0
2025-12-15 22:54:46 [tracker] [s1] aubio-raw t=14.9446 onset=1.366972 env=0.001267 peak=0.002815 gain=1.000
2025-12-15 22:54:46 [tracker] [s1] onset-accepted t=14.9446 env=0.001267 gate=0.000022 envDelta=0.001245 envFloor=0.000606 onset=1.366972 thresh=0.006000 onsetDelta=1.360972 baseline=0.000404 floor=0.000180 adapt=0.001010 lastPeak=0.000085 baseParam=0.000180 gateRatio=0.0550 envParam=0.000450 onsetScale=0.300 retriggerScale=1.400 guard=0.060 guardRemain=0.000 activeAge=-1.000 retrigRemain=0.000 pitchHz=-1.00 pitchCents=0.0
2025-12-15 22:54:46 [tracker] [s1] onset t=14.945 env=0.00127 gate=0.00002 envDelta=0.00124 envFloor=0.00061 onset=1.367 thresh=0.006 onsetDelta=1.36097 baseline=0.00040 adaptive=0.00101 lastPeak=0.00008 guard=0.060 activeAge=-1.000 pitch=-1.00Hz pitchCents=0.0
2025-12-15 22:54:46 [tracker] [s1] aubio-raw t=15.2299 onset=0.998589 env=0.000640 peak=0.001758 gain=1.000
2025-12-15 22:54:46 [tracker] [s1] onset-accepted t=15.2299 env=0.000640 gate=0.000022 envDelta=0.000619 envFloor=0.000592 onset=0.998589 thresh=0.006000 onsetDelta=0.992589 baseline=0.000395 floor=0.000180 adapt=0.000987 lastPeak=0.000050 baseParam=0.000180 gateRatio=0.0550 envParam=0.000450 onsetScale=0.300 retriggerScale=1.400 guard=0.060 guardRemain=0.000 activeAge=-1.000 retrigRemain=0.000 pitchHz=258.07 pitchCents=1976.3
2025-12-15 22:54:46 [tracker] [s1] onset t=15.230 env=0.00064 gate=0.00002 envDelta=0.00062 envFloor=0.00059 onset=0.999 thresh=0.006 onsetDelta=0.99259 baseline=0.00039 adaptive=0.00099 lastPeak=0.00005 guard=0.060 activeAge=-1.000 pitch=258.07Hz pitchCents=1976.3
2025-12-15 22:54:46 [tracker] [s3] onset t=15.243 env=0.00207 gate=0.00009 envDelta=0.00198 envFloor=0.00100 onset=1.022 thresh=0.012 onsetDelta=1.01056 baseline=0.00067 adaptive=0.00166 lastPeak=0.00000 guard=0.060 activeAge=-1.000 pitch=-1.00Hz pitchCents=0.0
2025-12-15 22:54:46 [tracker] [s5] onset t=15.257 env=0.00167 gate=0.00016 envDelta=0.00151 envFloor=0.00112 onset=1.083 thresh=0.016 onsetDelta=1.06748 baseline=0.00074 adaptive=0.00186 lastPeak=0.00000 guard=0.060 activeAge=-1.000 pitch=-1.00Hz pitchCents=0.0
2025-12-15 22:54:47 [tracker] [s5] onset t=15.369 env=0.00175 gate=0.00015 envDelta=0.00160 envFloor=0.00109 onset=1.226 thresh=0.016 onsetDelta=1.20996 baseline=0.00073 adaptive=0.00182 lastPeak=0.00000 guard=0.060 activeAge=-1.000 pitch=-1.00Hz pitchCents=0.0
2025-12-15 22:54:47 [tracker] [s2] onset t=15.371 env=0.00098 gate=0.00001 envDelta=0.00097 envFloor=0.00091 onset=1.026 thresh=0.009 onsetDelta=1.01671 baseline=0.00061 adaptive=0.00152 lastPeak=0.00000 guard=0.060 activeAge=-1.000 pitch=-1.00Hz pitchCents=0.0
2025-12-15 22:54:47 [tracker] [s4] onset t=15.454 env=0.00130 gate=0.00011 envDelta=0.00119 envFloor=0.00097 onset=1.176 thresh=0.014 onsetDelta=1.16182 baseline=0.00065 adaptive=0.00162 lastPeak=0.00000 guard=0.060 activeAge=-1.000 pitch=-1.00Hz pitchCents=0.0
2025-12-15 22:54:47 [tracker] [s3] onset t=15.459 env=0.00134 gate=0.00007 envDelta=0.00127 envFloor=0.00086 onset=0.851 thresh=0.012 onsetDelta=0.83987 baseline=0.00057 adaptive=0.00143 lastPeak=0.00000 guard=0.060 activeAge=-1.000 pitch=-1.00Hz pitchCents=0.0
2025-12-15 22:54:47 [tracker] [s4] onset t=15.513 env=0.00145 gate=0.00011 envDelta=0.00134 envFloor=0.00097 onset=1.051 thresh=0.014 onsetDelta=1.03712 baseline=0.00064 adaptive=0.00161 lastPeak=0.00000 guard=0.060 activeAge=-1.000 pitch=-1.00Hz pitchCents=0.0
2025-12-15 22:54:47 [tracker] [s6] onset t=15.539 env=0.00228 gate=0.00021 envDelta=0.00207 envFloor=0.00126 onset=0.817 thresh=0.018 onsetDelta=0.79932 baseline=0.00084 adaptive=0.00209 lastPeak=0.00000 guard=0.060 activeAge=-1.000 pitch=-1.00Hz pitchCents=0.0
2025-12-15 22:54:47 [tracker] [s4] onset t=15.641 env=0.00132 gate=0.00011 envDelta=0.00120 envFloor=0.00101 onset=1.032 thresh=0.014 onsetDelta=1.01774 baseline=0.00068 adaptive=0.00169 lastPeak=0.00000 guard=0.060 activeAge=-1.000 pitch=-1.00Hz pitchCents=0.0
2025-12-15 22:54:47 [tracker] [s3] onset t=15.649 env=0.00115 gate=0.00009 envDelta=0.00106 envFloor=0.00098 onset=1.090 thresh=0.012 onsetDelta=1.07820 baseline=0.00066 adaptive=0.00164 lastPeak=0.00000 guard=0.060 activeAge=-1.000 pitch=-1.00Hz pitchCents=0.0
2025-12-15 22:54:47 [tracker] [s6] onset t=15.689 env=0.00179 gate=0.00021 envDelta=0.00158 envFloor=0.00126 onset=0.998 thresh=0.018 onsetDelta=0.97953 baseline=0.00084 adaptive=0.00210 lastPeak=0.00000 guard=0.060 activeAge=-1.000 pitch=-1.00Hz pitchCents=0.0
2025-12-15 22:54:47 [tracker] [s4] onset t=15.758 env=0.00132 gate=0.00012 envDelta=0.00121 envFloor=0.00102 onset=1.001 thresh=0.014 onsetDelta=0.98660 baseline=0.00068 adaptive=0.00170 lastPeak=0.00000 guard=0.060 activeAge=-1.000 pitch=-1.00Hz pitchCents=0.0
2025-12-15 22:54:47 [tracker] [s1] aubio-raw t=15.7712 onset=1.356969 env=0.001113 peak=0.002380 gain=1.000
2025-12-15 22:54:47 [tracker] [s1] onset-accepted t=15.7712 env=0.001113 gate=0.000023 envDelta=0.001089 envFloor=0.000639 onset=1.356969 thresh=0.006000 onsetDelta=1.350969 baseline=0.000426 floor=0.000180 adapt=0.001065 lastPeak=0.000018 baseParam=0.000180 gateRatio=0.0550 envParam=0.000450 onsetScale=0.300 retriggerScale=1.400 guard=0.060 guardRemain=0.000 activeAge=-1.000 retrigRemain=0.000 pitchHz=470.58 pitchCents=3016.3
2025-12-15 22:54:47 [tracker] [s1] onset t=15.771 env=0.00111 gate=0.00002 envDelta=0.00109 envFloor=0.00064 onset=1.357 thresh=0.006 onsetDelta=1.35097 baseline=0.00043 adaptive=0.00107 lastPeak=0.00002 guard=0.060 activeAge=-1.000 pitch=470.58Hz pitchCents=3016.3
2025-12-15 22:54:47 [tracker] [s1] aubio-raw t=15.8805 onset=1.148309 env=0.000789 peak=0.001804 gain=1.000
2025-12-15 22:54:47 [tracker] [s1] onset-accepted t=15.8805 env=0.000789 gate=0.000020 envDelta=0.000769 envFloor=0.000559 onset=1.148309 thresh=0.006000 onsetDelta=1.142309 baseline=0.000373 floor=0.000180 adapt=0.000932 lastPeak=0.000015 baseParam=0.000180 gateRatio=0.0550 envParam=0.000450 onsetScale=0.300 retriggerScale=1.400 guard=0.060 guardRemain=0.000 activeAge=-1.000 retrigRemain=0.000 pitchHz=145.45 pitchCents=983.7
2025-12-15 22:54:47 [tracker] [s1] onset t=15.881 env=0.00079 gate=0.00002 envDelta=0.00077 envFloor=0.00056 onset=1.148 thresh=0.006 onsetDelta=1.14231 baseline=0.00037 adaptive=0.00093 lastPeak=0.00001 guard=0.060 activeAge=-1.000 pitch=145.45Hz pitchCents=983.7
2025-12-15 22:54:47 [tracker] [s2] onset t=15.929 env=0.00144 gate=0.00001 envDelta=0.00143 envFloor=0.00095 onset=0.995 thresh=0.009 onsetDelta=0.98644 baseline=0.00063 adaptive=0.00158 lastPeak=0.00000 guard=0.060 activeAge=-1.000 pitch=-1.00Hz pitchCents=0.0
2025-12-15 22:54:47 [tracker] [s4] onset t=15.929 env=0.00128 gate=0.00011 envDelta=0.00117 envFloor=0.00100 onset=1.492 thresh=0.014 onsetDelta=1.47848 baseline=0.00066 adaptive=0.00166 lastPeak=0.00000 guard=0.060 activeAge=-1.000 pitch=-1.00Hz pitchCents=0.0
2025-12-15 22:54:47 [tracker] [s5] onset t=15.958 env=0.00157 gate=0.00016 envDelta=0.00141 envFloor=0.00113 onset=1.101 thresh=0.016 onsetDelta=1.08537 baseline=0.00075 adaptive=0.00188 lastPeak=0.00000 guard=0.060 activeAge=-1.000 pitch=-1.00Hz pitchCents=0.0
2025-12-15 22:54:47 [tracker] [s6] onset t=16.003 env=0.00212 gate=0.00022 envDelta=0.00190 envFloor=0.00129 onset=0.997 thresh=0.018 onsetDelta=0.97875 baseline=0.00086 adaptive=0.00215 lastPeak=0.00000 guard=0.060 activeAge=-1.000 pitch=-1.00Hz pitchCents=0.0
2025-12-15 22:54:47 [tracker] [s4] onset t=16.009 env=0.00149 gate=0.00011 envDelta=0.00138 envFloor=0.00099 onset=1.047 thresh=0.014 onsetDelta=1.03275 baseline=0.00066 adaptive=0.00166 lastPeak=0.00000 guard=0.060 activeAge=-1.000 pitch=-1.00Hz pitchCents=0.0
2025-12-15 22:54:47 [tracker] [s1] aubio-raw t=16.1205 onset=1.190037 env=0.000670 peak=0.001769 gain=1.000
2025-12-15 22:54:47 [tracker] [s1] onset-accepted t=16.1205 env=0.000670 gate=0.000023 envDelta=0.000647 envFloor=0.000630 onset=1.190037 thresh=0.006000 onsetDelta=1.184037 baseline=0.000420 floor=0.000180 adapt=0.001050 lastPeak=0.000009 baseParam=0.000180 gateRatio=0.0550 envParam=0.000450 onsetScale=0.300 retriggerScale=1.400 guard=0.060 guardRemain=0.000 activeAge=-1.000 retrigRemain=0.000 pitchHz=-1.00 pitchCents=0.0
2025-12-15 22:54:47 [tracker] [s1] onset t=16.121 env=0.00067 gate=0.00002 envDelta=0.00065 envFloor=0.00063 onset=1.190 thresh=0.006 onsetDelta=1.18404 baseline=0.00042 adaptive=0.00105 lastPeak=0.00001 guard=0.060 activeAge=-1.000 pitch=-1.00Hz pitchCents=0.0
2025-12-15 22:54:47 [tracker] [s6] onset t=16.121 env=0.00162 gate=0.00019 envDelta=0.00142 envFloor=0.00117 onset=0.996 thresh=0.018 onsetDelta=0.97780 baseline=0.00078 adaptive=0.00195 lastPeak=0.00000 guard=0.060 activeAge=-1.000 pitch=-1.00Hz pitchCents=0.0
2025-12-15 22:54:47 [tracker] [s5] onset t=16.198 env=0.00149 gate=0.00014 envDelta=0.00135 envFloor=0.00103 onset=1.000 thresh=0.016 onsetDelta=0.98450 baseline=0.00068 adaptive=0.00171 lastPeak=0.00000 guard=0.060 activeAge=-1.000 pitch=-1.00Hz pitchCents=0.0
2025-12-15 22:54:47 [tracker] [s1] aubio-raw t=16.2032 onset=1.047730 env=0.000798 peak=0.001623 gain=1.000
2025-12-15 22:54:47 [tracker] [s1] onset-accepted t=16.2032 env=0.000798 gate=0.000024 envDelta=0.000774 envFloor=0.000653 onset=1.047730 thresh=0.006000 onsetDelta=1.041730 baseline=0.000436 floor=0.000180 adapt=0.001089 lastPeak=0.000008 baseParam=0.000180 gateRatio=0.0550 envParam=0.000450 onsetScale=0.300 retriggerScale=1.400 guard=0.060 guardRemain=0.000 activeAge=-1.000 retrigRemain=0.000 pitchHz=186.03 pitchCents=1409.6
2025-12-15 22:54:47 [tracker] [s1] onset t=16.203 env=0.00080 gate=0.00002 envDelta=0.00077 envFloor=0.00065 onset=1.048 thresh=0.006 onsetDelta=1.04173 baseline=0.00044 adaptive=0.00109 lastPeak=0.00001 guard=0.060 activeAge=-1.000 pitch=186.03Hz pitchCents=1409.6
2025-12-15 22:54:47 [tracker] [s6] onset t=16.224 env=0.00213 gate=0.00019 envDelta=0.00194 envFloor=0.00114 onset=0.861 thresh=0.018 onsetDelta=0.84275 baseline=0.00076 adaptive=0.00190 lastPeak=0.00000 guard=0.060 activeAge=-1.000 pitch=-1.00Hz pitchCents=0.0
2025-12-15 22:54:47 [tracker] [s4] onset t=16.331 env=0.00130 gate=0.00011 envDelta=0.00119 envFloor=0.00100 onset=0.970 thresh=0.014 onsetDelta=0.95626 baseline=0.00067 adaptive=0.00166 lastPeak=0.00000 guard=0.060 activeAge=-1.000 pitch=-1.00Hz pitchCents=0.0
2025-12-15 22:54:48 [tracker] [s3] onset t=16.347 env=0.00110 gate=0.00008 envDelta=0.00102 envFloor=0.00095 onset=0.997 thresh=0.012 onsetDelta=0.98559 baseline=0.00064 adaptive=0.00159 lastPeak=0.00000 guard=0.060 activeAge=-1.000 pitch=-1.00Hz pitchCents=0.0
2025-12-15 22:54:48 [tracker] [s6] onset t=16.403 env=0.00214 gate=0.00022 envDelta=0.00192 envFloor=0.00132 onset=1.287 thresh=0.018 onsetDelta=1.26928 baseline=0.00088 adaptive=0.00221 lastPeak=0.00000 guard=0.060 activeAge=-1.000 pitch=-1.00Hz pitchCents=0.0
2025-12-15 22:54:48 [tracker] [s2] onset t=16.430 env=0.00144 gate=0.00001 envDelta=0.00143 envFloor=0.00097 onset=1.182 thresh=0.009 onsetDelta=1.17350 baseline=0.00065 adaptive=0.00162 lastPeak=0.00000 guard=0.060 activeAge=-1.000 pitch=-1.00Hz pitchCents=0.0
2025-12-15 22:54:48 [tracker] [s1] aubio-raw t=16.4858 onset=0.997378 env=0.001248 peak=0.002532 gain=1.000
2025-12-15 22:54:48 [tracker] [s1] onset-accepted t=16.4858 env=0.001248 gate=0.000023 envDelta=0.001225 envFloor=0.000625 onset=0.997378 thresh=0.006000 onsetDelta=0.991378 baseline=0.000417 floor=0.000180 adapt=0.001041 lastPeak=0.000005 baseParam=0.000180 gateRatio=0.0550 envParam=0.000450 onsetScale=0.300 retriggerScale=1.400 guard=0.060 guardRemain=0.000 activeAge=-1.000 retrigRemain=0.000 pitchHz=470.48 pitchCents=3016.0
2025-12-15 22:54:48 [tracker] [s1] onset t=16.486 env=0.00125 gate=0.00002 envDelta=0.00123 envFloor=0.00062 onset=0.997 thresh=0.006 onsetDelta=0.99138 baseline=0.00042 adaptive=0.00104 lastPeak=0.00000 guard=0.060 activeAge=-1.000 pitch=470.48Hz pitchCents=3016.0
2025-12-15 22:54:48 [tracker] [s2] onset t=16.486 env=0.00109 gate=0.00001 envDelta=0.00108 envFloor=0.00097 onset=1.188 thresh=0.009 onsetDelta=1.17920 baseline=0.00065 adaptive=0.00162 lastPeak=0.00000 guard=0.060 activeAge=-1.000 pitch=-1.00Hz pitchCents=0.0
2025-12-15 22:54:48 [tracker] [s6] onset t=16.587 env=0.00182 gate=0.00020 envDelta=0.00162 envFloor=0.00118 onset=0.985 thresh=0.018 onsetDelta=0.96706 baseline=0.00079 adaptive=0.00196 lastPeak=0.00000 guard=0.060 activeAge=-1.000 pitch=-1.00Hz pitchCents=0.0
2025-12-15 22:54:48 [tracker] [s3] onset t=16.592 env=0.00146 gate=0.00008 envDelta=0.00138 envFloor=0.00095 onset=0.998 thresh=0.012 onsetDelta=0.98616 baseline=0.00063 adaptive=0.00158 lastPeak=0.00000 guard=0.060 activeAge=-1.000 pitch=-1.00Hz pitchCents=0.0
2025-12-15 22:54:48 [tracker] [s6] onset t=16.779 env=0.00200 gate=0.00022 envDelta=0.00179 envFloor=0.00130 onset=1.346 thresh=0.018 onsetDelta=1.32844 baseline=0.00086 adaptive=0.00216 lastPeak=0.00000 guard=0.060 activeAge=-1.000 pitch=-1.00Hz pitchCents=0.0
2025-12-15 22:54:48 [tracker] [s1] aubio-raw t=16.8351 onset=0.795802 env=0.000954 peak=0.002541 gain=1.000
2025-12-15 22:54:48 [tracker] [s1] onset-accepted t=16.8351 env=0.000954 gate=0.000022 envDelta=0.000932 envFloor=0.000604 onset=0.795802 thresh=0.006000 onsetDelta=0.789802 baseline=0.000402 floor=0.000180 adapt=0.001006 lastPeak=0.000002 baseParam=0.000180 gateRatio=0.0550 envParam=0.000450 onsetScale=0.300 retriggerScale=1.400 guard=0.060 guardRemain=0.000 activeAge=-1.000 retrigRemain=0.000 pitchHz=96.39 pitchCents=271.3
2025-12-15 22:54:48 [tracker] [s1] onset t=16.835 env=0.00095 gate=0.00002 envDelta=0.00093 envFloor=0.00060 onset=0.796 thresh=0.006 onsetDelta=0.78980 baseline=0.00040 adaptive=0.00101 lastPeak=0.00000 guard=0.060 activeAge=-1.000 pitch=96.39Hz pitchCents=271.3
2025-12-15 22:54:48 [tracker] [s3] onset t=16.835 env=0.00177 gate=0.00008 envDelta=0.00169 envFloor=0.00093 onset=1.260 thresh=0.012 onsetDelta=1.24824 baseline=0.00062 adaptive=0.00155 lastPeak=0.00000 guard=0.060 activeAge=-1.000 pitch=-1.00Hz pitchCents=0.0
2025-12-15 22:54:48 [tracker] [s2] onset t=16.910 env=0.00099 gate=0.00001 envDelta=0.00098 envFloor=0.00091 onset=1.018 thresh=0.009 onsetDelta=1.00949 baseline=0.00061 adaptive=0.00152 lastPeak=0.00000 guard=0.060 activeAge=-1.000 pitch=94.12Hz pitchCents=-270.0
2025-12-15 22:54:48 [tracker] [s3] onset t=16.944 env=0.00158 gate=0.00008 envDelta=0.00151 envFloor=0.00091 onset=1.000 thresh=0.012 onsetDelta=0.98790 baseline=0.00061 adaptive=0.00152 lastPeak=0.00000 guard=0.060 activeAge=-1.000 pitch=-1.00Hz pitchCents=0.0
2025-12-15 22:54:48 [tracker] [s2] onset t=17.107 env=0.00111 gate=0.00001 envDelta=0.00111 envFloor=0.00102 onset=0.997 thresh=0.009 onsetDelta=0.98766 baseline=0.00068 adaptive=0.00170 lastPeak=0.00068 guard=0.060 activeAge=0.197 pitch=-1.00Hz pitchCents=0.0
2025-12-15 22:54:48 [tracker] [s2] note-ended (new onset) t=17.107 fret=24 dur=0.197
2025-12-15 22:54:48 [tracker] [s3] onset t=17.134 env=0.00124 gate=0.00008 envDelta=0.00115 envFloor=0.00096 onset=1.194 thresh=0.012 onsetDelta=1.18218 baseline=0.00064 adaptive=0.00160 lastPeak=0.00000 guard=0.060 activeAge=-1.000 pitch=-1.00Hz pitchCents=0.0
2025-12-15 22:54:48 [tracker] [s6] onset t=17.187 env=0.00208 gate=0.00021 envDelta=0.00186 envFloor=0.00128 onset=1.068 thresh=0.018 onsetDelta=1.05018 baseline=0.00085 adaptive=0.00214 lastPeak=0.00000 guard=0.060 activeAge=-1.000 pitch=-1.00Hz pitchCents=0.0
2025-12-15 22:54:48 [tracker] [s3] onset t=17.192 env=0.00182 gate=0.00008 envDelta=0.00174 envFloor=0.00091 onset=0.997 thresh=0.012 onsetDelta=0.98564 baseline=0.00061 adaptive=0.00152 lastPeak=0.00000 guard=0.060 activeAge=-1.000 pitch=-1.00Hz pitchCents=0.0
2025-12-15 22:54:48 [tracker] [s3] onset t=17.246 env=0.00112 gate=0.00008 envDelta=0.00104 envFloor=0.00089 onset=0.995 thresh=0.012 onsetDelta=0.98315 baseline=0.00059 adaptive=0.00148 lastPeak=0.00000 guard=0.060 activeAge=-1.000 pitch=-1.00Hz pitchCents=0.0
2025-12-15 22:54:48 [tracker] [s6] onset t=17.296 env=0.00177 gate=0.00020 envDelta=0.00158 envFloor=0.00117 onset=1.292 thresh=0.018 onsetDelta=1.27395 baseline=0.00078 adaptive=0.00196 lastPeak=0.00000 guard=0.060 activeAge=-1.000 pitch=-1.00Hz pitchCents=0.0
2025-12-15 22:54:49 [tracker] [s1] aubio-raw t=17.4191 onset=0.999100 env=0.000689 peak=0.001777 gain=1.000
2025-12-15 22:54:49 [tracker] [s1] onset-accepted t=17.4191 env=0.000689 gate=0.000022 envDelta=0.000667 envFloor=0.000605 onset=0.999100 thresh=0.006000 onsetDelta=0.993100 baseline=0.000404 floor=0.000180 adapt=0.001009 lastPeak=0.000001 baseParam=0.000180 gateRatio=0.0550 envParam=0.000450 onsetScale=0.300 retriggerScale=1.400 guard=0.060 guardRemain=0.000 activeAge=-1.000 retrigRemain=0.000 pitchHz=-1.00 pitchCents=0.0
2025-12-15 22:54:49 [tracker] [s1] onset t=17.419 env=0.00069 gate=0.00002 envDelta=0.00067 envFloor=0.00061 onset=0.999 thresh=0.006 onsetDelta=0.99310 baseline=0.00040 adaptive=0.00101 lastPeak=0.00000 guard=0.060 activeAge=-1.000 pitch=-1.00Hz pitchCents=0.0
2025-12-15 22:54:49 [tracker] [s3] onset t=17.472 env=0.00137 gate=0.00008 envDelta=0.00128 envFloor=0.00095 onset=0.997 thresh=0.012 onsetDelta=0.98541 baseline=0.00063 adaptive=0.00158 lastPeak=0.00000 guard=0.060 activeAge=-1.000 pitch=-1.00Hz pitchCents=0.0
2025-12-15 22:54:49 [tracker] [s2] onset t=17.603 env=0.00214 gate=0.00001 envDelta=0.00214 envFloor=0.00096 onset=1.400 thresh=0.009 onsetDelta=1.39150 baseline=0.00064 adaptive=0.00161 lastPeak=0.00027 guard=0.060 activeAge=-1.000 pitch=210.51Hz pitchCents=1123.7
2025-12-15 22:54:49 [tracker] [s2] note-start t=17.603 fret=24 midi=69 vel=0.03 env=0.00214
2025-12-15 22:54:49 [tracker] [s5] onset t=17.624 env=0.00163 gate=0.00014 envDelta=0.00148 envFloor=0.00103 onset=0.865 thresh=0.016 onsetDelta=0.84873 baseline=0.00069 adaptive=0.00172 lastPeak=0.00000 guard=0.060 activeAge=-1.000 pitch=-1.00Hz pitchCents=0.0
2025-12-15 22:54:49 [tracker] [s1] aubio-raw t=17.6777 onset=1.156290 env=0.000879 peak=0.001842 gain=1.000
2025-12-15 22:54:49 [tracker] [s1] onset-accepted t=17.6777 env=0.000879 gate=0.000023 envDelta=0.000856 envFloor=0.000624 onset=1.156290 thresh=0.006000 onsetDelta=1.150290 baseline=0.000416 floor=0.000180 adapt=0.001040 lastPeak=0.000000 baseParam=0.000180 gateRatio=0.0550 envParam=0.000450 onsetScale=0.300 retriggerScale=1.400 guard=0.060 guardRemain=0.000 activeAge=-1.000 retrigRemain=0.000 pitchHz=347.77 pitchCents=2492.8
2025-12-15 22:54:49 [tracker] [s1] onset t=17.678 env=0.00088 gate=0.00002 envDelta=0.00086 envFloor=0.00062 onset=1.156 thresh=0.006 onsetDelta=1.15029 baseline=0.00042 adaptive=0.00104 lastPeak=0.00000 guard=0.060 activeAge=-1.000 pitch=347.77Hz pitchCents=2492.8
2025-12-15 22:54:49 [tracker] [s5] onset t=17.787 env=0.00206 gate=0.00015 envDelta=0.00191 envFloor=0.00109 onset=1.213 thresh=0.016 onsetDelta=1.19704 baseline=0.00072 adaptive=0.00181 lastPeak=0.00000 guard=0.060 activeAge=-1.000 pitch=-1.00Hz pitchCents=0.0
2025-12-15 22:54:49 [tracker] [s4] onset t=17.816 env=0.00146 gate=0.00011 envDelta=0.00136 envFloor=0.00095 onset=0.878 thresh=0.014 onsetDelta=0.86368 baseline=0.00063 adaptive=0.00158 lastPeak=0.00000 guard=0.060 activeAge=-1.000 pitch=-1.00Hz pitchCents=0.0
2025-12-15 22:54:49 [tracker] [s6] onset t=17.880 env=0.00225 gate=0.00022 envDelta=0.00203 envFloor=0.00131 onset=0.863 thresh=0.018 onsetDelta=0.84480 baseline=0.00087 adaptive=0.00218 lastPeak=0.00000 guard=0.060 activeAge=-1.000 pitch=-1.00Hz pitchCents=0.0
2025-12-15 22:54:49 [tracker] [s3] onset t=17.968 env=0.00212 gate=0.00009 envDelta=0.00203 envFloor=0.00098 onset=1.009 thresh=0.012 onsetDelta=0.99749 baseline=0.00065 adaptive=0.00163 lastPeak=0.00000 guard=0.060 activeAge=-1.000 pitch=-1.00Hz pitchCents=0.0
2025-12-15 22:54:49 [tracker] [s2] onset t=18.000 env=0.00174 gate=0.00001 envDelta=0.00173 envFloor=0.00097 onset=0.929 thresh=0.009 onsetDelta=0.91991 baseline=0.00091 adaptive=0.00162 lastPeak=0.00102 guard=0.060 activeAge=0.397 pitch=-1.00Hz pitchCents=0.0
2025-12-15 22:54:49 [tracker] [s4] onset t=18.006 env=0.00157 gate=0.00011 envDelta=0.00146 envFloor=0.00095 onset=0.986 thresh=0.014 onsetDelta=0.97239 baseline=0.00063 adaptive=0.00158 lastPeak=0.00000 guard=0.060 activeAge=-1.000 pitch=-1.00Hz pitchCents=0.0
2025-12-15 22:54:49 [tracker] [s2] onset t=18.056 env=0.00104 gate=0.00001 envDelta=0.00103 envFloor=0.00093 onset=0.997 thresh=0.009 onsetDelta=0.98759 baseline=0.00082 adaptive=0.00156 lastPeak=0.00091 guard=0.060 activeAge=-1.000 pitch=333.34Hz pitchCents=1919.4
2025-12-15 22:54:49 [tracker] [s1] aubio-raw t=18.1070 onset=1.077507 env=0.001022 peak=0.002309 gain=1.000
2025-12-15 22:54:49 [tracker] [s1] onset-accepted t=18.1070 env=0.001022 gate=0.000021 envDelta=0.001001 envFloor=0.000580 onset=1.077507 thresh=0.006000 onsetDelta=1.071507 baseline=0.000386 floor=0.000180 adapt=0.000966 lastPeak=0.000000 baseParam=0.000180 gateRatio=0.0550 envParam=0.000450 onsetScale=0.300 retriggerScale=1.400 guard=0.060 guardRemain=0.000 activeAge=-1.000 retrigRemain=0.000 pitchHz=94.11 pitchCents=229.9
2025-12-15 22:54:49 [tracker] [s1] onset t=18.107 env=0.00102 gate=0.00002 envDelta=0.00100 envFloor=0.00058 onset=1.078 thresh=0.006 onsetDelta=1.07151 baseline=0.00039 adaptive=0.00097 lastPeak=0.00000 guard=0.060 activeAge=-1.000 pitch=94.11Hz pitchCents=229.9
2025-12-15 22:54:49 [tracker] [s6] onset t=18.179 env=0.00190 gate=0.00021 envDelta=0.00169 envFloor=0.00124 onset=0.527 thresh=0.018 onsetDelta=0.50920 baseline=0.00083 adaptive=0.00207 lastPeak=0.00000 guard=0.060 activeAge=-1.000 pitch=-1.00Hz pitchCents=0.0
2025-12-15 22:54:49 [tracker] [s5] onset t=18.182 env=0.00174 gate=0.00015 envDelta=0.00159 envFloor=0.00109 onset=1.312 thresh=0.016 onsetDelta=1.29640 baseline=0.00073 adaptive=0.00182 lastPeak=0.00000 guard=0.060 activeAge=-1.000 pitch=-1.00Hz pitchCents=0.0
2025-12-15 22:54:49 [tracker] [s5] onset t=18.267 env=0.00187 gate=0.00016 envDelta=0.00171 envFloor=0.00115 onset=1.076 thresh=0.016 onsetDelta=1.05969 baseline=0.00077 adaptive=0.00192 lastPeak=0.00000 guard=0.060 activeAge=-1.000 pitch=-1.00Hz pitchCents=0.0
2025-12-15 22:54:49 [tracker] [s5] onset t=18.334 env=0.00166 gate=0.00015 envDelta=0.00150 envFloor=0.00110 onset=1.003 thresh=0.016 onsetDelta=0.98698 baseline=0.00073 adaptive=0.00183 lastPeak=0.00000 guard=0.060 activeAge=-1.000 pitch=-1.00Hz pitchCents=0.0
2025-12-15 22:54:50 [tracker] [s4] onset t=18.390 env=0.00128 gate=0.00012 envDelta=0.00117 envFloor=0.00103 onset=0.583 thresh=0.014 onsetDelta=0.56887 baseline=0.00069 adaptive=0.00171 lastPeak=0.00000 guard=0.060 activeAge=-1.000 pitch=-1.00Hz pitchCents=0.0
2025-12-15 22:54:50 [tracker] [s1] aubio-raw t=18.4003 onset=0.952948 env=0.001213 peak=0.002817 gain=1.000
2025-12-15 22:54:50 [tracker] [s1] onset-accepted t=18.4003 env=0.001213 gate=0.000023 envDelta=0.001190 envFloor=0.000627 onset=0.952948 thresh=0.006000 onsetDelta=0.946948 baseline=0.000418 floor=0.000180 adapt=0.001045 lastPeak=0.000000 baseParam=0.000180 gateRatio=0.0550 envParam=0.000450 onsetScale=0.300 retriggerScale=1.400 guard=0.060 guardRemain=0.000 activeAge=-1.000 retrigRemain=0.000 pitchHz=249.98 pitchCents=1921.1
2025-12-15 22:54:50 [tracker] [s1] onset t=18.400 env=0.00121 gate=0.00002 envDelta=0.00119 envFloor=0.00063 onset=0.953 thresh=0.006 onsetDelta=0.94695 baseline=0.00042 adaptive=0.00105 lastPeak=0.00000 guard=0.060 activeAge=-1.000 pitch=249.98Hz pitchCents=1921.1
2025-12-15 22:54:50 [tracker] [s5] onset t=18.427 env=0.00119 gate=0.00014 envDelta=0.00104 envFloor=0.00102 onset=1.006 thresh=0.016 onsetDelta=0.99024 baseline=0.00068 adaptive=0.00170 lastPeak=0.00000 guard=0.060 activeAge=-1.000 pitch=-1.00Hz pitchCents=0.0
2025-12-15 22:54:50 [tracker] [s2] onset t=18.443 env=0.00211 gate=0.00001 envDelta=0.00210 envFloor=0.00107 onset=1.013 thresh=0.009 onsetDelta=1.00408 baseline=0.00072 adaptive=0.00179 lastPeak=0.00044 guard=0.060 activeAge=-1.000 pitch=-1.00Hz pitchCents=0.0
2025-12-15 22:54:50 [tracker] [s6] onset t=18.568 env=0.00193 gate=0.00021 envDelta=0.00172 envFloor=0.00126 onset=0.995 thresh=0.018 onsetDelta=0.97695 baseline=0.00084 adaptive=0.00209 lastPeak=0.00000 guard=0.060 activeAge=-1.000 pitch=-1.00Hz pitchCents=0.0
2025-12-15 22:54:50 [tracker] [s5] onset t=18.600 env=0.00161 gate=0.00016 envDelta=0.00145 envFloor=0.00113 onset=0.550 thresh=0.016 onsetDelta=0.53410 baseline=0.00075 adaptive=0.00188 lastPeak=0.00000 guard=0.060 activeAge=-1.000 pitch=-1.00Hz pitchCents=0.0
2025-12-15 22:54:50 [tracker] [s4] onset t=18.824 env=0.00122 gate=0.00010 envDelta=0.00111 envFloor=0.00093 onset=0.569 thresh=0.014 onsetDelta=0.55470 baseline=0.00062 adaptive=0.00154 lastPeak=0.00000 guard=0.060 activeAge=-1.000 pitch=-1.00Hz pitchCents=0.0
2025-12-15 22:54:50 [tracker] [s4] onset t=18.931 env=0.00146 gate=0.00011 envDelta=0.00135 envFloor=0.00098 onset=1.020 thresh=0.014 onsetDelta=1.00580 baseline=0.00065 adaptive=0.00163 lastPeak=0.00000 guard=0.060 activeAge=-1.000 pitch=-1.00Hz pitchCents=0.0
2025-12-15 22:54:50 [tracker] [s1] aubio-raw t=18.9603 onset=1.041365 env=0.001037 peak=0.002688 gain=1.000
2025-12-15 22:54:50 [tracker] [s1] onset-accepted t=18.9603 env=0.001037 gate=0.000022 envDelta=0.001015 envFloor=0.000591 onset=1.041365 thresh=0.006000 onsetDelta=1.035365 baseline=0.000394 floor=0.000180 adapt=0.000985 lastPeak=0.000000 baseParam=0.000180 gateRatio=0.0550 envParam=0.000450 onsetScale=0.300 retriggerScale=1.400 guard=0.060 guardRemain=0.000 activeAge=-1.000 retrigRemain=0.000 pitchHz=100.00 pitchCents=335.0
2025-12-15 22:54:50 [tracker] [s5] onset t=19.086 env=0.00201 gate=0.00016 envDelta=0.00185 envFloor=0.00112 onset=1.404 thresh=0.016 onsetDelta=1.38801 baseline=0.00074 adaptive=0.00186 lastPeak=0.00000 guard=0.060 activeAge=-1.000 pitch=-1.00Hz pitchCents=0.0
2025-12-15 22:54:50 [tracker] [s3] onset t=19.211 env=0.00192 gate=0.00008 envDelta=0.00184 envFloor=0.00092 onset=0.911 thresh=0.012 onsetDelta=0.89916 baseline=0.00061 adaptive=0.00154 lastPeak=0.00000 guard=0.060 activeAge=-1.000 pitch=-1.00Hz pitchCents=0.0
2025-12-15 22:54:50 [tracker] [s6] onset t=19.254 env=0.00216 gate=0.00020 envDelta=0.00196 envFloor=0.00118 onset=0.566 thresh=0.018 onsetDelta=0.54803 baseline=0.00079 adaptive=0.00197 lastPeak=0.00000 guard=0.060 activeAge=-1.000 pitch=-1.00Hz pitchCents=0.0
2025-12-15 22:54:51 [tracker] [s1] aubio-raw t=19.3523 onset=0.689695 env=0.000923 peak=0.002301 gain=1.000
2025-12-15 22:54:51 [tracker] [s1] onset-accepted t=19.3523 env=0.000923 gate=0.000022 envDelta=0.000901 envFloor=0.000591 onset=0.689695 thresh=0.006000 onsetDelta=0.683695 baseline=0.000394 floor=0.000180 adapt=0.000984 lastPeak=0.000000 baseParam=0.000180 gateRatio=0.0550 envParam=0.000450 onsetScale=0.300 retriggerScale=1.400 guard=0.060 guardRemain=0.000 activeAge=-1.000 retrigRemain=0.000 pitchHz=615.31 pitchCents=3480.6
2025-12-15 22:54:51 [tracker] [s1] onset t=19.352 env=0.00092 gate=0.00002 envDelta=0.00090 envFloor=0.00059 onset=0.690 thresh=0.006 onsetDelta=0.68369 baseline=0.00039 adaptive=0.00098 lastPeak=0.00000 guard=0.060 activeAge=-1.000 pitch=615.31Hz pitchCents=3480.6
2025-12-15 22:54:51 [tracker] [s3] onset t=19.454 env=0.00127 gate=0.00008 envDelta=0.00119 envFloor=0.00092 onset=1.088 thresh=0.012 onsetDelta=1.07601 baseline=0.00061 adaptive=0.00153 lastPeak=0.00000 guard=0.060 activeAge=-1.000 pitch=-1.00Hz pitchCents=0.0
2025-12-15 22:54:51 [tracker] [s4] onset t=19.512 env=0.00134 gate=0.00011 envDelta=0.00123 envFloor=0.00098 onset=0.997 thresh=0.014 onsetDelta=0.98326 baseline=0.00065 adaptive=0.00163 lastPeak=0.00000 guard=0.060 activeAge=-1.000 pitch=-1.00Hz pitchCents=0.0
2025-12-15 22:54:51 [tracker] [s3] onset t=19.547 env=0.00099 gate=0.00008 envDelta=0.00091 envFloor=0.00087 onset=1.101 thresh=0.012 onsetDelta=1.08980 baseline=0.00058 adaptive=0.00146 lastPeak=0.00000 guard=0.060 activeAge=-1.000 pitch=-1.00Hz pitchCents=0.0
2025-12-15 22:54:51 [tracker] [s1] aubio-raw t=19.5523 onset=0.992827 env=0.000656 peak=0.001854 gain=1.000
2025-12-15 22:54:51 [tracker] [s1] onset-accepted t=19.5523 env=0.000656 gate=0.000023 envDelta=0.000632 envFloor=0.000639 onset=0.992827 thresh=0.006000 onsetDelta=0.986827 baseline=0.000426 floor=0.000180 adapt=0.001066 lastPeak=0.000000 baseParam=0.000180 gateRatio=0.0550 envParam=0.000450 onsetScale=0.300 retriggerScale=1.400 guard=0.060 guardRemain=0.000 activeAge=-1.000 retrigRemain=0.000 pitchHz=163.25 pitchCents=1183.5
2025-12-15 22:54:51 [tracker] [s1] onset t=19.552 env=0.00066 gate=0.00002 envDelta=0.00063 envFloor=0.00064 onset=0.993 thresh=0.006 onsetDelta=0.98683 baseline=0.00043 adaptive=0.00107 lastPeak=0.00000 guard=0.060 activeAge=-1.000 pitch=163.25Hz pitchCents=1183.5
2025-12-15 22:54:51 [tracker] [s2] onset t=19.784 env=0.00169 gate=0.00001 envDelta=0.00168 envFloor=0.00097 onset=1.022 thresh=0.009 onsetDelta=1.01280 baseline=0.00065 adaptive=0.00162 lastPeak=0.00004 guard=0.060 activeAge=-1.000 pitch=-1.00Hz pitchCents=0.0
2025-12-15 22:54:51 [tracker] [s5] onset t=19.814 env=0.00149 gate=0.00016 envDelta=0.00133 envFloor=0.00112 onset=1.244 thresh=0.016 onsetDelta=1.22757 baseline=0.00075 adaptive=0.00187 lastPeak=0.00000 guard=0.060 activeAge=-1.000 pitch=-1.00Hz pitchCents=0.0
2025-12-15 22:54:51 [tracker] [s6] onset t=19.872 env=0.00200 gate=0.00021 envDelta=0.00179 envFloor=0.00124 onset=0.996 thresh=0.018 onsetDelta=0.97839 baseline=0.00083 adaptive=0.00207 lastPeak=0.00000 guard=0.060 activeAge=-1.000 pitch=-1.00Hz pitchCents=0.0
2025-12-15 22:54:51 [tracker] [s2] onset t=19.875 env=0.00150 gate=0.00001 envDelta=0.00150 envFloor=0.00102 onset=0.988 thresh=0.009 onsetDelta=0.97936 baseline=0.00068 adaptive=0.00170 lastPeak=0.00003 guard=0.060 activeAge=-1.000 pitch=-1.00Hz pitchCents=0.0
2025-12-15 22:54:51 [tracker] [s5] onset t=19.891 env=0.00147 gate=0.00015 envDelta=0.00132 envFloor=0.00106 onset=1.192 thresh=0.016 onsetDelta=1.17585 baseline=0.00071 adaptive=0.00177 lastPeak=0.00000 guard=0.060 activeAge=-1.000 pitch=-1.00Hz pitchCents=0.0
2025-12-15 22:54:51 [tracker] [s6] onset t=19.931 env=0.00172 gate=0.00019 envDelta=0.00153 envFloor=0.00115 onset=0.840 thresh=0.018 onsetDelta=0.82187 baseline=0.00077 adaptive=0.00192 lastPeak=0.00000 guard=0.060 activeAge=-1.000 pitch=-1.00Hz pitchCents=0.0
2025-12-15 22:54:51 [tracker] [s2] onset t=19.968 env=0.00179 gate=0.00001 envDelta=0.00179 envFloor=0.00096 onset=0.888 thresh=0.009 onsetDelta=0.87870 baseline=0.00064 adaptive=0.00161 lastPeak=0.00003 guard=0.060 activeAge=-1.000 pitch=228.57Hz pitchCents=1266.2
2025-12-15 22:54:51 [tracker] [s1] aubio-raw t=20.0509 onset=0.914498 env=0.001065 peak=0.002122 gain=1.000
2025-12-15 22:54:51 [tracker] [s1] onset-accepted t=20.0509 env=0.001065 gate=0.000022 envDelta=0.001043 envFloor=0.000591 onset=0.914498 thresh=0.006000 onsetDelta=0.908498 baseline=0.000394 floor=0.000180 adapt=0.000986 lastPeak=0.000000 baseParam=0.000180 gateRatio=0.0550 envParam=0.000450 onsetScale=0.300 retriggerScale=1.400 guard=0.060 guardRemain=0.000 activeAge=-1.000 retrigRemain=0.000 pitchHz=-1.00 pitchCents=0.0
2025-12-15 22:54:51 [tracker] [s1] onset t=20.051 env=0.00106 gate=0.00002 envDelta=0.00104 envFloor=0.00059 onset=0.914 thresh=0.006 onsetDelta=0.90850 baseline=0.00039 adaptive=0.00099 lastPeak=0.00000 guard=0.060 activeAge=-1.000 pitch=-1.00Hz pitchCents=0.0
2025-12-15 22:54:51 [tracker] [s5] onset t=20.086 env=0.00187 gate=0.00015 envDelta=0.00172 envFloor=0.00105 onset=1.269 thresh=0.016 onsetDelta=1.25347 baseline=0.00070 adaptive=0.00175 lastPeak=0.00000 guard=0.060 activeAge=-1.000 pitch=-1.00Hz pitchCents=0.0
2025-12-15 22:54:51 [tracker] [s1] aubio-raw t=20.1735 onset=0.528634 env=0.000953 peak=0.002413 gain=1.000
2025-12-15 22:54:51 [tracker] [s1] onset-accepted t=20.1735 env=0.000953 gate=0.000023 envDelta=0.000931 envFloor=0.000618 onset=0.528634 thresh=0.006000 onsetDelta=0.522634 baseline=0.000412 floor=0.000180 adapt=0.001029 lastPeak=0.000000 baseParam=0.000180 gateRatio=0.0550 envParam=0.000450 onsetScale=0.300 retriggerScale=1.400 guard=0.060 guardRemain=0.000 activeAge=-1.000 retrigRemain=0.000 pitchHz=-1.00 pitchCents=0.0
2025-12-15 22:54:51 [tracker] [s1] onset t=20.174 env=0.00095 gate=0.00002 envDelta=0.00093 envFloor=0.00062 onset=0.529 thresh=0.006 onsetDelta=0.52263 baseline=0.00041 adaptive=0.00103 lastPeak=0.00000 guard=0.060 activeAge=-1.000 pitch=-1.00Hz pitchCents=0.0
2025-12-15 22:54:51 [tracker] [s4] onset t=20.187 env=0.00125 gate=0.00012 envDelta=0.00113 envFloor=0.00102 onset=0.998 thresh=0.014 onsetDelta=0.98406 baseline=0.00068 adaptive=0.00170 lastPeak=0.00000 guard=0.060 activeAge=-1.000 pitch=-1.00Hz pitchCents=0.0
2025-12-15 22:54:51 [tracker] [s3] onset t=20.214 env=0.00139 gate=0.00008 envDelta=0.00131 envFloor=0.00093 onset=1.128 thresh=0.012 onsetDelta=1.11660 baseline=0.00062 adaptive=0.00155 lastPeak=0.00000 guard=0.060 activeAge=-1.000 pitch=-1.00Hz pitchCents=0.0
2025-12-15 22:54:51 [tracker] [s5] onset t=20.216 env=0.00164 gate=0.00015 envDelta=0.00148 envFloor=0.00110 onset=0.802 thresh=0.016 onsetDelta=0.78622 baseline=0.00074 adaptive=0.00184 lastPeak=0.00000 guard=0.060 activeAge=-1.000 pitch=-1.00Hz pitchCents=0.0
2025-12-15 22:54:51 [tracker] [s6] onset t=20.302 env=0.00184 gate=0.00020 envDelta=0.00164 envFloor=0.00118 onset=0.997 thresh=0.018 onsetDelta=0.97902 baseline=0.00079 adaptive=0.00196 lastPeak=0.00000 guard=0.060 activeAge=-1.000 pitch=-1.00Hz pitchCents=0.0
2025-12-15 22:54:52 [tracker] [s4] onset t=20.344 env=0.00145 gate=0.00011 envDelta=0.00134 envFloor=0.00100 onset=0.992 thresh=0.014 onsetDelta=0.97830 baseline=0.00067 adaptive=0.00167 lastPeak=0.00000 guard=0.060 activeAge=-1.000 pitch=-1.00Hz pitchCents=0.0
2025-12-15 22:54:52 [tracker] [s4] onset t=20.398 env=0.00140 gate=0.00011 envDelta=0.00129 envFloor=0.00099 onset=1.008 thresh=0.014 onsetDelta=0.99433 baseline=0.00066 adaptive=0.00164 lastPeak=0.00000 guard=0.060 activeAge=-1.000 pitch=-1.00Hz pitchCents=0.0
2025-12-15 22:54:52 [tracker] [s1] aubio-raw t=20.4002 onset=0.995751 env=0.000581 peak=0.001389 gain=1.000
2025-12-15 22:54:52 [tracker] [s1] onset-accepted t=20.4002 env=0.000581 gate=0.000019 envDelta=0.000562 envFloor=0.000522 onset=0.995751 thresh=0.006000 onsetDelta=0.989751 baseline=0.000348 floor=0.000180 adapt=0.000869 lastPeak=0.000000 baseParam=0.000180 gateRatio=0.0550 envParam=0.000450 onsetScale=0.300 retriggerScale=1.400 guard=0.060 guardRemain=0.000 activeAge=-1.000 retrigRemain=0.000 pitchHz=-1.00 pitchCents=0.0
2025-12-15 22:54:52 [tracker] [s1] onset t=20.400 env=0.00058 gate=0.00002 envDelta=0.00056 envFloor=0.00052 onset=0.996 thresh=0.006 onsetDelta=0.98975 baseline=0.00035 adaptive=0.00087 lastPeak=0.00000 guard=0.060 activeAge=-1.000 pitch=-1.00Hz pitchCents=0.0
2025-12-15 22:54:52 [tracker] [s3] onset t=20.555 env=0.00134 gate=0.00009 envDelta=0.00126 envFloor=0.00099 onset=0.993 thresh=0.012 onsetDelta=0.98178 baseline=0.00066 adaptive=0.00165 lastPeak=0.00000 guard=0.060 activeAge=-1.000 pitch=-1.00Hz pitchCents=0.0
2025-12-15 22:54:52 [tracker] [s2] onset t=20.568 env=0.00141 gate=0.00001 envDelta=0.00140 envFloor=0.00105 onset=1.302 thresh=0.009 onsetDelta=1.29319 baseline=0.00070 adaptive=0.00175 lastPeak=0.00001 guard=0.060 activeAge=-1.000 pitch=-1.00Hz pitchCents=0.0
2025-12-15 22:54:52 [tracker] [s5] onset t=20.590 env=0.00180 gate=0.00016 envDelta=0.00164 envFloor=0.00111 onset=0.793 thresh=0.016 onsetDelta=0.77723 baseline=0.00074 adaptive=0.00186 lastPeak=0.00000 guard=0.060 activeAge=-1.000 pitch=-1.00Hz pitchCents=0.0
2025-12-15 22:54:52 [tracker] [s5] onset t=20.702 env=0.00168 gate=0.00015 envDelta=0.00154 envFloor=0.00106 onset=1.104 thresh=0.016 onsetDelta=1.08787 baseline=0.00070 adaptive=0.00176 lastPeak=0.00000 guard=0.060 activeAge=-1.000 pitch=-1.00Hz pitchCents=0.0
2025-12-15 22:54:52 [tracker] [s6] onset t=20.757 env=0.00198 gate=0.00019 envDelta=0.00179 envFloor=0.00116 onset=0.985 thresh=0.018 onsetDelta=0.96663 baseline=0.00078 adaptive=0.00194 lastPeak=0.00000 guard=0.060 activeAge=-1.000 pitch=-1.00Hz pitchCents=0.0
2025-12-15 22:54:52 [tracker] [s1] aubio-raw t=20.8482 onset=1.094573 env=0.000632 peak=0.001568 gain=1.000
2025-12-15 22:54:52 [tracker] [s1] onset-accepted t=20.8482 env=0.000632 gate=0.000022 envDelta=0.000609 envFloor=0.000612 onset=1.094573 thresh=0.006000 onsetDelta=1.088573 baseline=0.000408 floor=0.000180 adapt=0.001020 lastPeak=0.000000 baseParam=0.000180 gateRatio=0.0550 envParam=0.000450 onsetScale=0.300 retriggerScale=1.400 guard=0.060 guardRemain=0.000 activeAge=-1.000 retrigRemain=0.000 pitchHz=-1.00 pitchCents=0.0
2025-12-15 22:54:52 [tracker] [s1] onset t=20.848 env=0.00063 gate=0.00002 envDelta=0.00061 envFloor=0.00061 onset=1.095 thresh=0.006 onsetDelta=1.08857 baseline=0.00041 adaptive=0.00102 lastPeak=0.00000 guard=0.060 activeAge=-1.000 pitch=-1.00Hz pitchCents=0.0
2025-12-15 22:54:52 [tracker] [s3] onset t=20.904 env=0.00115 gate=0.00008 envDelta=0.00107 envFloor=0.00093 onset=1.307 thresh=0.012 onsetDelta=1.29507 baseline=0.00062 adaptive=0.00154 lastPeak=0.00000 guard=0.060 activeAge=-1.000 pitch=-1.00Hz pitchCents=0.0
2025-12-15 22:54:52 [tracker] [s1] aubio-raw t=21.0028 onset=0.991266 env=0.000662 peak=0.001617 gain=1.000
2025-12-15 22:54:52 [tracker] [s1] onset-accepted t=21.0028 env=0.000662 gate=0.000023 envDelta=0.000639 envFloor=0.000627 onset=0.991266 thresh=0.006000 onsetDelta=0.985266 baseline=0.000418 floor=0.000180 adapt=0.001045 lastPeak=0.000000 baseParam=0.000180 gateRatio=0.0550 envParam=0.000450 onsetScale=0.300 retriggerScale=1.400 guard=0.060 guardRemain=0.000 activeAge=-1.000 retrigRemain=0.000 pitchHz=-1.00 pitchCents=0.0
2025-12-15 22:54:52 [tracker] [s1] onset t=21.003 env=0.00066 gate=0.00002 envDelta=0.00064 envFloor=0.00063 onset=0.991 thresh=0.006 onsetDelta=0.98527 baseline=0.00042 adaptive=0.00104 lastPeak=0.00000 guard=0.060 activeAge=-1.000 pitch=-1.00Hz pitchCents=0.0
2025-12-15 22:54:52 [tracker] [s1] aubio-raw t=21.0641 onset=0.938178 env=0.000775 peak=0.001741 gain=1.000
2025-12-15 22:54:52 [tracker] [s1] onset-accepted t=21.0641 env=0.000775 gate=0.000023 envDelta=0.000752 envFloor=0.000635 onset=0.938178 thresh=0.006000 onsetDelta=0.932178 baseline=0.000423 floor=0.000180 adapt=0.001058 lastPeak=0.000000 baseParam=0.000180 gateRatio=0.0550 envParam=0.000450 onsetScale=0.300 retriggerScale=1.400 guard=0.060 guardRemain=0.000 activeAge=-1.000 retrigRemain=0.000 pitchHz=-1.00 pitchCents=0.0
2025-12-15 22:54:52 [tracker] [s2] onset t=21.091 env=0.00148 gate=0.00001 envDelta=0.00147 envFloor=0.00095 onset=1.083 thresh=0.009 onsetDelta=1.07363 baseline=0.00063 adaptive=0.00158 lastPeak=0.00000 guard=0.060 activeAge=-1.000 pitch=-1.00Hz pitchCents=0.0
2025-12-15 22:54:52 [tracker] [s6] onset t=21.115 env=0.00186 gate=0.00019 envDelta=0.00167 envFloor=0.00115 onset=0.881 thresh=0.018 onsetDelta=0.86327 baseline=0.00077 adaptive=0.00192 lastPeak=0.00000 guard=0.060 activeAge=-1.000 pitch=-1.00Hz pitchCents=0.0
2025-12-15 22:54:53 [tracker] [s5] onset t=21.363 env=0.00139 gate=0.00015 envDelta=0.00123 envFloor=0.00109 onset=1.222 thresh=0.016 onsetDelta=1.20611 baseline=0.00073 adaptive=0.00181 lastPeak=0.00000 guard=0.060 activeAge=-1.000 pitch=-1.00Hz pitchCents=0.0
2025-12-15 22:54:53 [tracker] [s6] onset t=21.459 env=0.00174 gate=0.00019 envDelta=0.00155 envFloor=0.00117 onset=1.277 thresh=0.018 onsetDelta=1.25892 baseline=0.00078 adaptive=0.00194 lastPeak=0.00000 guard=0.060 activeAge=-1.000 pitch=-1.00Hz pitchCents=0.0
2025-12-15 22:54:53 [tracker] [s1] aubio-raw t=21.4961 onset=1.335441 env=0.001393 peak=0.002371 gain=1.000
2025-12-15 22:54:53 [tracker] [s1] onset-accepted t=21.4961 env=0.001393 gate=0.000022 envDelta=0.001371 envFloor=0.000600 onset=1.335441 thresh=0.006000 onsetDelta=1.329441 baseline=0.000400 floor=0.000180 adapt=0.001000 lastPeak=0.000000 baseParam=0.000180 gateRatio=0.0550 envParam=0.000450 onsetScale=0.300 retriggerScale=1.400 guard=0.060 guardRemain=0.000 activeAge=-1.000 retrigRemain=0.000 pitchHz=108.10 pitchCents=469.9
2025-12-15 22:54:53 [tracker] [s1] onset t=21.496 env=0.00139 gate=0.00002 envDelta=0.00137 envFloor=0.00060 onset=1.335 thresh=0.006 onsetDelta=1.32944 baseline=0.00040 adaptive=0.00100 lastPeak=0.00000 guard=0.060 activeAge=-1.000 pitch=108.10Hz pitchCents=469.9
2025-12-15 22:54:53 [tracker] [s1] aubio-raw t=21.5468 onset=1.341713 env=0.000801 peak=0.001869 gain=1.000
2025-12-15 22:54:53 [tracker] [s1] onset-accepted t=21.5468 env=0.000801 gate=0.000024 envDelta=0.000777 envFloor=0.000658 onset=1.341713 thresh=0.006000 onsetDelta=1.335713 baseline=0.000439 floor=0.000180 adapt=0.001097 lastPeak=0.000000 baseParam=0.000180 gateRatio=0.0550 envParam=0.000450 onsetScale=0.300 retriggerScale=1.400 guard=0.060 guardRemain=0.000 activeAge=-1.000 retrigRemain=0.000 pitchHz=499.95 pitchCents=3121.1
2025-12-15 22:54:53 [tracker] [s1] onset t=21.547 env=0.00080 gate=0.00002 envDelta=0.00078 envFloor=0.00066 onset=1.342 thresh=0.006 onsetDelta=1.33571 baseline=0.00044 adaptive=0.00110 lastPeak=0.00000 guard=0.060 activeAge=-1.000 pitch=499.95Hz pitchCents=3121.1
2025-12-15 22:54:53 [tracker] [s3] onset t=21.659 env=0.00152 gate=0.00009 envDelta=0.00143 envFloor=0.00098 onset=0.999 thresh=0.012 onsetDelta=0.98696 baseline=0.00066 adaptive=0.00164 lastPeak=0.00000 guard=0.060 activeAge=-1.000 pitch=-1.00Hz pitchCents=0.0
2025-12-15 22:54:53 [tracker] [s2] onset t=21.717 env=0.00161 gate=0.00001 envDelta=0.00160 envFloor=0.00096 onset=0.923 thresh=0.009 onsetDelta=0.91377 baseline=0.00064 adaptive=0.00160 lastPeak=0.00000 guard=0.060 activeAge=-1.000 pitch=-1.00Hz pitchCents=0.0
2025-12-15 22:54:53 [tracker] [s6] onset t=21.805 env=0.00142 gate=0.00020 envDelta=0.00122 envFloor=0.00120 onset=0.999 thresh=0.018 onsetDelta=0.98098 baseline=0.00080 adaptive=0.00200 lastPeak=0.00000 guard=0.060 activeAge=-1.000 pitch=-1.00Hz pitchCents=0.0
2025-12-15 22:54:53 [tracker] [s6] onset t=21.896 env=0.00184 gate=0.00020 envDelta=0.00164 envFloor=0.00118 onset=1.119 thresh=0.018 onsetDelta=1.10149 baseline=0.00078 adaptive=0.00196 lastPeak=0.00000 guard=0.060 activeAge=-1.000 pitch=-1.00Hz pitchCents=0.0
2025-12-15 22:54:53 [tracker] [s1] aubio-raw t=21.9281 onset=0.958592 env=0.000605 peak=0.001527 gain=1.000
2025-12-15 22:54:53 [tracker] [s1] onset-accepted t=21.9281 env=0.000605 gate=0.000021 envDelta=0.000583 envFloor=0.000582 onset=0.958592 thresh=0.006000 onsetDelta=0.952592 baseline=0.000388 floor=0.000180 adapt=0.000970 lastPeak=0.000000 baseParam=0.000180 gateRatio=0.0550 envParam=0.000450 onsetScale=0.300 retriggerScale=1.400 guard=0.060 guardRemain=0.000 activeAge=-1.000 retrigRemain=0.000 pitchHz=126.99 pitchCents=748.6
2025-12-15 22:54:53 [tracker] [s1] onset t=21.928 env=0.00060 gate=0.00002 envDelta=0.00058 envFloor=0.00058 onset=0.959 thresh=0.006 onsetDelta=0.95259 baseline=0.00039 adaptive=0.00097 lastPeak=0.00000 guard=0.060 activeAge=-1.000 pitch=126.99Hz pitchCents=748.6
2025-12-15 22:54:53 [tracker] [s3] onset t=21.984 env=0.00153 gate=0.00008 envDelta=0.00145 envFloor=0.00095 onset=0.505 thresh=0.012 onsetDelta=0.49379 baseline=0.00063 adaptive=0.00158 lastPeak=0.00000 guard=0.060 activeAge=-1.000 pitch=-1.00Hz pitchCents=0.0
2025-12-15 22:54:53 [tracker] [s1] aubio-raw t=22.0614 onset=1.037712 env=0.000860 peak=0.002405 gain=1.000
2025-12-15 22:54:53 [tracker] [s1] onset-accepted t=22.0614 env=0.000860 gate=0.000022 envDelta=0.000838 envFloor=0.000611 onset=1.037712 thresh=0.006000 onsetDelta=1.031712 baseline=0.000407 floor=0.000180 adapt=0.001018 lastPeak=0.000000 baseParam=0.000180 gateRatio=0.0550 envParam=0.000450 onsetScale=0.300 retriggerScale=1.400 guard=0.060 guardRemain=0.000 activeAge=-1.000 retrigRemain=0.000 pitchHz=-1.00 pitchCents=0.0
2025-12-15 22:54:53 [tracker] [s1] onset t=22.061 env=0.00086 gate=0.00002 envDelta=0.00084 envFloor=0.00061 onset=1.038 thresh=0.006 onsetDelta=1.03171 baseline=0.00041 adaptive=0.00102 lastPeak=0.00000 guard=0.060 activeAge=-1.000 pitch=-1.00Hz pitchCents=0.0
2025-12-15 22:54:53 [tracker] [s5] onset t=22.085 env=0.00157 gate=0.00016 envDelta=0.00141 envFloor=0.00112 onset=0.999 thresh=0.016 onsetDelta=0.98268 baseline=0.00075 adaptive=0.00187 lastPeak=0.00000 guard=0.060 activeAge=-1.000 pitch=-1.00Hz pitchCents=0.0
2025-12-15 22:54:53 [tracker] [s1] aubio-raw t=22.1201 onset=0.982738 env=0.000980 peak=0.002218 gain=1.000
2025-12-15 22:54:53 [tracker] [s1] onset-accepted t=22.1201 env=0.000980 gate=0.000023 envDelta=0.000957 envFloor=0.000614 onset=0.982738 thresh=0.006000 onsetDelta=0.976738 baseline=0.000409 floor=0.000180 adapt=0.001023 lastPeak=0.000000 baseParam=0.000180 gateRatio=0.0550 envParam=0.000450 onsetScale=0.300 retriggerScale=1.400 guard=0.060 guardRemain=0.000 activeAge=-1.000 retrigRemain=0.000 pitchHz=-1.00 pitchCents=0.0
2025-12-15 22:54:53 [tracker] [s1] onset t=22.120 env=0.00098 gate=0.00002 envDelta=0.00096 envFloor=0.00061 onset=0.983 thresh=0.006 onsetDelta=0.97674 baseline=0.00041 adaptive=0.00102 lastPeak=0.00000 guard=0.060 activeAge=-1.000 pitch=-1.00Hz pitchCents=0.0
2025-12-15 22:54:53 [tracker] [s6] onset t=22.133 env=0.00172 gate=0.00021 envDelta=0.00151 envFloor=0.00126 onset=1.222 thresh=0.018 onsetDelta=1.20356 baseline=0.00084 adaptive=0.00210 lastPeak=0.00000 guard=0.060 activeAge=-1.000 pitch=-1.00Hz pitchCents=0.0
2025-12-15 22:54:53 [tracker] [s3] onset t=22.235 env=0.00137 gate=0.00008 envDelta=0.00129 envFloor=0.00089 onset=0.885 thresh=0.012 onsetDelta=0.87349 baseline=0.00059 adaptive=0.00149 lastPeak=0.00000 guard=0.060 activeAge=-1.000 pitch=-1.00Hz pitchCents=0.0
2025-12-15 22:54:53 [tracker] [s1] aubio-raw t=22.2401 onset=0.920982 env=0.000739 peak=0.001566 gain=1.000
2025-12-15 22:54:53 [tracker] [s1] onset-accepted t=22.2401 env=0.000739 gate=0.000022 envDelta=0.000717 envFloor=0.000595 onset=0.920982 thresh=0.006000 onsetDelta=0.914982 baseline=0.000397 floor=0.000180 adapt=0.000992 lastPeak=0.000000 baseParam=0.000180 gateRatio=0.0550 envParam=0.000450 onsetScale=0.300 retriggerScale=1.400 guard=0.060 guardRemain=0.000 activeAge=-1.000 retrigRemain=0.000 pitchHz=-1.00 pitchCents=0.0
2025-12-15 22:54:53 [tracker] [s1] onset t=22.240 env=0.00074 gate=0.00002 envDelta=0.00072 envFloor=0.00060 onset=0.921 thresh=0.006 onsetDelta=0.91498 baseline=0.00040 adaptive=0.00099 lastPeak=0.00000 guard=0.060 activeAge=-1.000 pitch=-1.00Hz pitchCents=0.0
2025-12-15 22:54:53 [tracker] [s4] onset t=22.248 env=0.00114 gate=0.00011 envDelta=0.00103 envFloor=0.00093 onset=0.998 thresh=0.014 onsetDelta=0.98350 baseline=0.00062 adaptive=0.00156 lastPeak=0.00000 guard=0.060 activeAge=-1.000 pitch=-1.00Hz pitchCents=0.0
2025-12-15 22:54:53 [tracker] [s1] aubio-raw t=22.2934 onset=0.997186 env=0.001256 peak=0.003018 gain=1.000
2025-12-15 22:54:53 [tracker] [s1] onset-accepted t=22.2934 env=0.001256 gate=0.000023 envDelta=0.001233 envFloor=0.000629 onset=0.997186 thresh=0.006000 onsetDelta=0.991186 baseline=0.000419 floor=0.000180 adapt=0.001048 lastPeak=0.000000 baseParam=0.000180 gateRatio=0.0550 envParam=0.000450 onsetScale=0.300 retriggerScale=1.400 guard=0.060 guardRemain=0.000 activeAge=-1.000 retrigRemain=0.000 pitchHz=500.00 pitchCents=3121.3
2025-12-15 22:54:53 [tracker] [s1] onset t=22.293 env=0.00126 gate=0.00002 envDelta=0.00123 envFloor=0.00063 onset=0.997 thresh=0.006 onsetDelta=0.99119 baseline=0.00042 adaptive=0.00105 lastPeak=0.00000 guard=0.060 activeAge=-1.000 pitch=500.00Hz pitchCents=3121.3
2025-12-15 22:54:54 [tracker] [s6] onset t=22.357 env=0.00194 gate=0.00021 envDelta=0.00173 envFloor=0.00129 onset=1.251 thresh=0.018 onsetDelta=1.23297 baseline=0.00086 adaptive=0.00214 lastPeak=0.00000 guard=0.060 activeAge=-1.000 pitch=-1.00Hz pitchCents=0.0
2025-12-15 22:54:54 [tracker] [s2] onset t=22.413 env=0.00160 gate=0.00001 envDelta=0.00160 envFloor=0.00101 onset=1.189 thresh=0.009 onsetDelta=1.17951 baseline=0.00067 adaptive=0.00169 lastPeak=0.00000 guard=0.060 activeAge=-1.000 pitch=-1.00Hz pitchCents=0.0
2025-12-15 22:54:54 [tracker] [s1] aubio-raw t=22.4454 onset=1.137166 env=0.001124 peak=0.002472 gain=1.000
2025-12-15 22:54:54 [tracker] [s1] onset-accepted t=22.4454 env=0.001124 gate=0.000023 envDelta=0.001101 envFloor=0.000626 onset=1.137166 thresh=0.006000 onsetDelta=1.131166 baseline=0.000418 floor=0.000180 adapt=0.001044 lastPeak=0.000000 baseParam=0.000180 gateRatio=0.0550 envParam=0.000450 onsetScale=0.300 retriggerScale=1.400 guard=0.060 guardRemain=0.000 activeAge=-1.000 retrigRemain=0.000 pitchHz=-1.00 pitchCents=0.0
2025-12-15 22:54:54 [tracker] [s1] onset t=22.445 env=0.00112 gate=0.00002 envDelta=0.00110 envFloor=0.00063 onset=1.137 thresh=0.006 onsetDelta=1.13117 baseline=0.00042 adaptive=0.00104 lastPeak=0.00000 guard=0.060 activeAge=-1.000 pitch=-1.00Hz pitchCents=0.0
2025-12-15 22:54:54 [tracker] [s5] onset t=22.536 env=0.00200 gate=0.00015 envDelta=0.00185 envFloor=0.00109 onset=1.001 thresh=0.016 onsetDelta=0.98461 baseline=0.00073 adaptive=0.00182 lastPeak=0.00000 guard=0.060 activeAge=-1.000 pitch=-1.00Hz pitchCents=0.0
2025-12-15 22:54:54 [tracker] [s6] onset t=22.568 env=0.00187 gate=0.00019 envDelta=0.00167 envFloor=0.00116 onset=1.059 thresh=0.018 onsetDelta=1.04064 baseline=0.00077 adaptive=0.00193 lastPeak=0.00000 guard=0.060 activeAge=-1.000 pitch=-1.00Hz pitchCents=0.0
2025-12-15 22:54:54 [tracker] [s4] onset t=22.621 env=0.00134 gate=0.00011 envDelta=0.00123 envFloor=0.00099 onset=1.106 thresh=0.014 onsetDelta=1.09183 baseline=0.00066 adaptive=0.00164 lastPeak=0.00000 guard=0.060 activeAge=-1.000 pitch=-1.00Hz pitchCents=0.0
2025-12-15 22:54:54 [tracker] [s3] onset t=22.661 env=0.00191 gate=0.00008 envDelta=0.00182 envFloor=0.00096 onset=0.918 thresh=0.012 onsetDelta=0.90625 baseline=0.00064 adaptive=0.00160 lastPeak=0.00000 guard=0.060 activeAge=-1.000 pitch=-1.00Hz pitchCents=0.0
2025-12-15 22:54:54 [tracker] [s2] onset t=22.683 env=0.00113 gate=0.00001 envDelta=0.00113 envFloor=0.00094 onset=0.998 thresh=0.009 onsetDelta=0.98854 baseline=0.00063 adaptive=0.00157 lastPeak=0.00000 guard=0.060 activeAge=-1.000 pitch=-1.00Hz pitchCents=0.0
2025-12-15 22:54:54 [tracker] [s1] aubio-raw t=22.7040 onset=0.877709 env=0.001098 peak=0.002677 gain=1.000
2025-12-15 22:54:54 [tracker] [s1] onset-accepted t=22.7040 env=0.001098 gate=0.000022 envDelta=0.001076 envFloor=0.000597 onset=0.877709 thresh=0.006000 onsetDelta=0.871709 baseline=0.000398 floor=0.000180 adapt=0.000995 lastPeak=0.000000 baseParam=0.000180 gateRatio=0.0550 envParam=0.000450 onsetScale=0.300 retriggerScale=1.400 guard=0.060 guardRemain=0.000 activeAge=-1.000 retrigRemain=0.000 pitchHz=266.64 pitchCents=2032.9
2025-12-15 22:54:54 [tracker] [s1] onset t=22.704 env=0.00110 gate=0.00002 envDelta=0.00108 envFloor=0.00060 onset=0.878 thresh=0.006 onsetDelta=0.87171 baseline=0.00040 adaptive=0.00099 lastPeak=0.00000 guard=0.060 activeAge=-1.000 pitch=266.64Hz pitchCents=2032.9
2025-12-15 22:54:54 [tracker] [s6] onset t=22.781 env=0.00211 gate=0.00022 envDelta=0.00189 envFloor=0.00132 onset=1.395 thresh=0.018 onsetDelta=1.37722 baseline=0.00088 adaptive=0.00220 lastPeak=0.00000 guard=0.060 activeAge=-1.000 pitch=-1.00Hz pitchCents=0.0
2025-12-15 22:54:54 [tracker] [s1] aubio-raw t=22.9707 onset=1.248504 env=0.001248 peak=0.003314 gain=1.000
2025-12-15 22:54:54 [tracker] [s1] onset-accepted t=22.9707 env=0.001248 gate=0.000023 envDelta=0.001224 envFloor=0.000640 onset=1.248504 thresh=0.006000 onsetDelta=1.242504 baseline=0.000426 floor=0.000180 adapt=0.001066 lastPeak=0.000000 baseParam=0.000180 gateRatio=0.0550 envParam=0.000450 onsetScale=0.300 retriggerScale=1.400 guard=0.060 guardRemain=0.000 activeAge=-1.000 retrigRemain=0.000 pitchHz=249.99 pitchCents=1921.3
2025-12-15 22:54:54 [tracker] [s1] onset t=22.971 env=0.00125 gate=0.00002 envDelta=0.00122 envFloor=0.00064 onset=1.249 thresh=0.006 onsetDelta=1.24250 baseline=0.00043 adaptive=0.00107 lastPeak=0.00000 guard=0.060 activeAge=-1.000 pitch=249.99Hz pitchCents=1921.3
2025-12-15 22:54:54 [tracker] [s5] onset t=23.323 env=0.00131 gate=0.00015 envDelta=0.00116 envFloor=0.00107 onset=0.976 thresh=0.016 onsetDelta=0.95971 baseline=0.00071 adaptive=0.00179 lastPeak=0.00000 guard=0.060 activeAge=-1.000 pitch=-1.00Hz pitchCents=0.0
2025-12-15 22:54:54 [tracker] [s4] onset t=23.328 env=0.00139 gate=0.00011 envDelta=0.00128 envFloor=0.00098 onset=1.012 thresh=0.014 onsetDelta=0.99767 baseline=0.00065 adaptive=0.00163 lastPeak=0.00000 guard=0.060 activeAge=-1.000 pitch=-1.00Hz pitchCents=0.0
2025-12-15 22:54:55 [tracker] [s1] aubio-raw t=23.4373 onset=1.163007 env=0.001110 peak=0.002274 gain=1.000
2025-12-15 22:54:55 [tracker] [s1] onset-accepted t=23.4373 env=0.001110 gate=0.000022 envDelta=0.001088 envFloor=0.000591 onset=1.163007 thresh=0.006000 onsetDelta=1.157007 baseline=0.000394 floor=0.000180 adapt=0.000984 lastPeak=0.000000 baseParam=0.000180 gateRatio=0.0550 envParam=0.000450 onsetScale=0.300 retriggerScale=1.400 guard=0.060 guardRemain=0.000 activeAge=-1.000 retrigRemain=0.000 pitchHz=-1.00 pitchCents=0.0
2025-12-15 22:54:55 [tracker] [s1] onset t=23.437 env=0.00111 gate=0.00002 envDelta=0.00109 envFloor=0.00059 onset=1.163 thresh=0.006 onsetDelta=1.15701 baseline=0.00039 adaptive=0.00098 lastPeak=0.00000 guard=0.060 activeAge=-1.000 pitch=-1.00Hz pitchCents=0.0
2025-12-15 22:54:55 [tracker] [s4] onset t=23.464 env=0.00156 gate=0.00011 envDelta=0.00145 envFloor=0.00097 onset=0.998 thresh=0.014 onsetDelta=0.98443 baseline=0.00065 adaptive=0.00162 lastPeak=0.00000 guard=0.060 activeAge=-1.000 pitch=-1.00Hz pitchCents=0.0
2025-12-15 22:54:55 [tracker] [s5] onset t=23.483 env=0.00170 gate=0.00015 envDelta=0.00155 envFloor=0.00109 onset=1.236 thresh=0.016 onsetDelta=1.22008 baseline=0.00072 adaptive=0.00181 lastPeak=0.00000 guard=0.060 activeAge=-1.000 pitch=-1.00Hz pitchCents=0.0
2025-12-15 22:54:55 [tracker] [s1] aubio-raw t=23.5146 onset=0.614343 env=0.001074 peak=0.003117 gain=1.000
2025-12-15 22:54:55 [tracker] [s1] onset-accepted t=23.5146 env=0.001074 gate=0.000022 envDelta=0.001052 envFloor=0.000610 onset=0.614343 thresh=0.006000 onsetDelta=0.608343 baseline=0.000407 floor=0.000180 adapt=0.001017 lastPeak=0.000000 baseParam=0.000180 gateRatio=0.0550 envParam=0.000450 onsetScale=0.300 retriggerScale=1.400 guard=0.060 guardRemain=0.000 activeAge=-1.000 retrigRemain=0.000 pitchHz=-1.00 pitchCents=0.0
2025-12-15 22:54:55 [tracker] [s1] onset t=23.515 env=0.00107 gate=0.00002 envDelta=0.00105 envFloor=0.00061 onset=0.614 thresh=0.006 onsetDelta=0.60834 baseline=0.00041 adaptive=0.00102 lastPeak=0.00000 guard=0.060 activeAge=-1.000 pitch=-1.00Hz pitchCents=0.0
2025-12-15 22:54:55 [tracker] [s6] onset t=23.555 env=0.00194 gate=0.00021 envDelta=0.00172 envFloor=0.00129 onset=0.999 thresh=0.018 onsetDelta=0.98095 baseline=0.00086 adaptive=0.00215 lastPeak=0.00000 guard=0.060 activeAge=-1.000 pitch=-1.00Hz pitchCents=0.0
2025-12-15 22:54:55 [tracker] [s3] onset t=23.581 env=0.00129 gate=0.00008 envDelta=0.00121 envFloor=0.00095 onset=1.333 thresh=0.012 onsetDelta=1.32095 baseline=0.00063 adaptive=0.00158 lastPeak=0.00000 guard=0.060 activeAge=-1.000 pitch=-1.00Hz pitchCents=0.0
2025-12-15 22:54:55 [tracker] [s4] onset t=23.621 env=0.00159 gate=0.00012 envDelta=0.00148 envFloor=0.00104 onset=0.940 thresh=0.014 onsetDelta=0.92647 baseline=0.00069 adaptive=0.00173 lastPeak=0.00000 guard=0.060 activeAge=-1.000 pitch=-1.00Hz pitchCents=0.0
2025-12-15 22:54:55 [tracker] [s5] onset t=23.712 env=0.00164 gate=0.00014 envDelta=0.00150 envFloor=0.00102 onset=1.483 thresh=0.016 onsetDelta=1.46722 baseline=0.00068 adaptive=0.00169 lastPeak=0.00000 guard=0.060 activeAge=-1.000 pitch=-1.00Hz pitchCents=0.0
2025-12-15 22:54:55 [tracker] [s5] onset t=23.803 env=0.00170 gate=0.00015 envDelta=0.00155 envFloor=0.00109 onset=0.983 thresh=0.016 onsetDelta=0.96690 baseline=0.00073 adaptive=0.00181 lastPeak=0.00000 guard=0.060 activeAge=-1.000 pitch=-1.00Hz pitchCents=0.0
2025-12-15 22:54:55 [tracker] [s1] aubio-raw t=23.8319 onset=0.842819 env=0.000700 peak=0.002087 gain=1.000
2025-12-15 22:54:55 [tracker] [s1] onset-accepted t=23.8319 env=0.000700 gate=0.000022 envDelta=0.000678 envFloor=0.000610 onset=0.842819 thresh=0.006000 onsetDelta=0.836819 baseline=0.000407 floor=0.000180 adapt=0.001017 lastPeak=0.000000 baseParam=0.000180 gateRatio=0.0550 envParam=0.000450 onsetScale=0.300 retriggerScale=1.400 guard=0.060 guardRemain=0.000 activeAge=-1.000 retrigRemain=0.000 pitchHz=-1.00 pitchCents=0.0
2025-12-15 22:54:55 [tracker] [s1] onset t=23.832 env=0.00070 gate=0.00002 envDelta=0.00068 envFloor=0.00061 onset=0.843 thresh=0.006 onsetDelta=0.83682 baseline=0.00041 adaptive=0.00102 lastPeak=0.00000 guard=0.060 activeAge=-1.000 pitch=-1.00Hz pitchCents=0.0
2025-12-15 22:54:55 [tracker] [s2] onset t=23.971 env=0.00107 gate=0.00001 envDelta=0.00106 envFloor=0.00100 onset=0.656 thresh=0.009 onsetDelta=0.64724 baseline=0.00067 adaptive=0.00167 lastPeak=0.00000 guard=0.060 activeAge=-1.000 pitch=-1.00Hz pitchCents=0.0
2025-12-15 22:54:55 [tracker] [s6] onset t=23.981 env=0.00179 gate=0.00021 envDelta=0.00158 envFloor=0.00129 onset=0.996 thresh=0.018 onsetDelta=0.97836 baseline=0.00086 adaptive=0.00214 lastPeak=0.00000 guard=0.060 activeAge=-1.000 pitch=-1.00Hz pitchCents=0.0
2025-12-15 22:54:55 [tracker] [s5] onset t=24.013 env=0.00142 gate=0.00015 envDelta=0.00127 envFloor=0.00110 onset=0.909 thresh=0.016 onsetDelta=0.89272 baseline=0.00074 adaptive=0.00184 lastPeak=0.00000 guard=0.060 activeAge=-1.000 pitch=-1.00Hz pitchCents=0.0
2025-12-15 22:54:55 [tracker] [s1] aubio-raw t=24.0426 onset=1.067537 env=0.000941 peak=0.002613 gain=1.000
2025-12-15 22:54:55 [tracker] [s1] onset-accepted t=24.0426 env=0.000941 gate=0.000020 envDelta=0.000921 envFloor=0.000558 onset=1.067537 thresh=0.006000 onsetDelta=1.061537 baseline=0.000372 floor=0.000180 adapt=0.000930 lastPeak=0.000000 baseParam=0.000180 gateRatio=0.0550 envParam=0.000450 onsetScale=0.300 retriggerScale=1.400 guard=0.060 guardRemain=0.000 activeAge=-1.000 retrigRemain=0.000 pitchHz=421.01 pitchCents=2823.6
2025-12-15 22:54:55 [tracker] [s1] onset t=24.043 env=0.00094 gate=0.00002 envDelta=0.00092 envFloor=0.00056 onset=1.068 thresh=0.006 onsetDelta=1.06154 baseline=0.00037 adaptive=0.00093 lastPeak=0.00000 guard=0.060 activeAge=-1.000 pitch=421.01Hz pitchCents=2823.6
2025-12-15 22:54:55 [tracker] [s4] onset t=24.059 env=0.00188 gate=0.00011 envDelta=0.00177 envFloor=0.00101 onset=0.901 thresh=0.014 onsetDelta=0.88674 baseline=0.00067 adaptive=0.00168 lastPeak=0.00000 guard=0.060 activeAge=-1.000 pitch=-1.00Hz pitchCents=0.0
2025-12-15 22:54:55 [tracker] [s5] onset t=24.112 env=0.00171 gate=0.00015 envDelta=0.00156 envFloor=0.00106 onset=0.944 thresh=0.016 onsetDelta=0.92829 baseline=0.00070 adaptive=0.00176 lastPeak=0.00000 guard=0.060 activeAge=-1.000 pitch=-1.00Hz pitchCents=0.0
2025-12-15 22:54:55 [tracker] [s1] aubio-raw t=24.1279 onset=1.062642 env=0.000808 peak=0.001810 gain=1.000
2025-12-15 22:54:55 [tracker] [s1] onset-accepted t=24.1279 env=0.000808 gate=0.000022 envDelta=0.000786 envFloor=0.000606 onset=1.062642 thresh=0.006000 onsetDelta=1.056642 baseline=0.000404 floor=0.000180 adapt=0.001010 lastPeak=0.000000 baseParam=0.000180 gateRatio=0.0550 envParam=0.000450 onsetScale=0.300 retriggerScale=1.400 guard=0.060 guardRemain=0.000 activeAge=-1.000 retrigRemain=0.000 pitchHz=-1.00 pitchCents=0.0
2025-12-15 22:54:55 [tracker] [s1] onset t=24.128 env=0.00081 gate=0.00002 envDelta=0.00079 envFloor=0.00061 onset=1.063 thresh=0.006 onsetDelta=1.05664 baseline=0.00040 adaptive=0.00101 lastPeak=0.00000 guard=0.060 activeAge=-1.000 pitch=-1.00Hz pitchCents=0.0
2025-12-15 22:54:55 [tracker] [s2] onset t=24.168 env=0.00153 gate=0.00001 envDelta=0.00153 envFloor=0.00097 onset=0.997 thresh=0.009 onsetDelta=0.98840 baseline=0.00065 adaptive=0.00161 lastPeak=0.00000 guard=0.060 activeAge=-1.000 pitch=-1.00Hz pitchCents=0.0
2025-12-15 22:54:55 [tracker] [s3] onset t=24.328 env=0.00174 gate=0.00008 envDelta=0.00166 envFloor=0.00096 onset=0.968 thresh=0.012 onsetDelta=0.95623 baseline=0.00064 adaptive=0.00160 lastPeak=0.00000 guard=0.060 activeAge=-1.000 pitch=-1.00Hz pitchCents=0.0
2025-12-15 22:54:56 [tracker] [s5] onset t=24.368 env=0.00164 gate=0.00015 envDelta=0.00148 envFloor=0.00109 onset=0.998 thresh=0.016 onsetDelta=0.98237 baseline=0.00072 adaptive=0.00181 lastPeak=0.00000 guard=0.060 activeAge=-1.000 pitch=-1.00Hz pitchCents=0.0
2025-12-15 22:54:56 [tracker] [s6] onset t=24.419 env=0.00168 gate=0.00020 envDelta=0.00148 envFloor=0.00121 onset=0.665 thresh=0.018 onsetDelta=0.64735 baseline=0.00081 adaptive=0.00202 lastPeak=0.00000 guard=0.060 activeAge=-1.000 pitch=-1.00Hz pitchCents=0.0
2025-12-15 22:54:56 [tracker] [s5] onset t=24.477 env=0.00151 gate=0.00014 envDelta=0.00137 envFloor=0.00102 onset=1.146 thresh=0.016 onsetDelta=1.12996 baseline=0.00068 adaptive=0.00170 lastPeak=0.00000 guard=0.060 activeAge=-1.000 pitch=-1.00Hz pitchCents=0.0
2025-12-15 22:54:56 [tracker] [s4] onset t=24.485 env=0.00164 gate=0.00011 envDelta=0.00153 envFloor=0.00097 onset=1.069 thresh=0.014 onsetDelta=1.05468 baseline=0.00065 adaptive=0.00162 lastPeak=0.00000 guard=0.060 activeAge=-1.000 pitch=-1.00Hz pitchCents=0.0
2025-12-15 22:54:56 [tracker] [s1] aubio-raw t=24.5679 onset=0.991672 env=0.000577 peak=0.001615 gain=1.000
2025-12-15 22:54:56 [tracker] [s1] onset-accepted t=24.5679 env=0.000577 gate=0.000021 envDelta=0.000556 envFloor=0.000577 onset=0.991672 thresh=0.006000 onsetDelta=0.985672 baseline=0.000384 floor=0.000180 adapt=0.000961 lastPeak=0.000000 baseParam=0.000180 gateRatio=0.0550 envParam=0.000450 onsetScale=0.300 retriggerScale=1.400 guard=0.060 guardRemain=0.000 activeAge=-1.000 retrigRemain=0.000 pitchHz=-1.00 pitchCents=0.0
2025-12-15 22:54:56 [tracker] [s1] onset t=24.568 env=0.00058 gate=0.00002 envDelta=0.00056 envFloor=0.00058 onset=0.992 thresh=0.006 onsetDelta=0.98567 baseline=0.00038 adaptive=0.00096 lastPeak=0.00000 guard=0.060 activeAge=-1.000 pitch=-1.00Hz pitchCents=0.0
2025-12-15 22:54:56 [tracker] [s1] aubio-raw t=24.6959 onset=0.997805 env=0.001147 peak=0.002398 gain=1.000
2025-12-15 22:54:56 [tracker] [s1] onset-accepted t=24.6959 env=0.001147 gate=0.000023 envDelta=0.001123 envFloor=0.000633 onset=0.997805 thresh=0.006000 onsetDelta=0.991805 baseline=0.000422 floor=0.000180 adapt=0.001055 lastPeak=0.000000 baseParam=0.000180 gateRatio=0.0550 envParam=0.000450 onsetScale=0.300 retriggerScale=1.400 guard=0.060 guardRemain=0.000 activeAge=-1.000 retrigRemain=0.000 pitchHz=-1.00 pitchCents=0.0
2025-12-15 22:54:56 [tracker] [s1] onset t=24.696 env=0.00115 gate=0.00002 envDelta=0.00112 envFloor=0.00063 onset=0.998 thresh=0.006 onsetDelta=0.99181 baseline=0.00042 adaptive=0.00106 lastPeak=0.00000 guard=0.060 activeAge=-1.000 pitch=-1.00Hz pitchCents=0.0
2025-12-15 22:54:56 [tracker] [s6] onset t=24.811 env=0.00193 gate=0.00020 envDelta=0.00172 envFloor=0.00123 onset=0.813 thresh=0.018 onsetDelta=0.79546 baseline=0.00082 adaptive=0.00205 lastPeak=0.00000 guard=0.060 activeAge=-1.000 pitch=-1.00Hz pitchCents=0.0
2025-12-15 22:54:56 [tracker] [s5] onset t=25.123 env=0.00136 gate=0.00015 envDelta=0.00121 envFloor=0.00110 onset=0.953 thresh=0.016 onsetDelta=0.93736 baseline=0.00073 adaptive=0.00183 lastPeak=0.00000 guard=0.060 activeAge=-1.000 pitch=-1.00Hz pitchCents=0.0
2025-12-15 22:54:56 [tracker] [s2] onset t=25.184 env=0.00151 gate=0.00001 envDelta=0.00150 envFloor=0.00107 onset=0.974 thresh=0.009 onsetDelta=0.96528 baseline=0.00071 adaptive=0.00178 lastPeak=0.00000 guard=0.060 activeAge=-1.000 pitch=-1.00Hz pitchCents=0.0
2025-12-15 22:54:56 [tracker] [s5] onset t=25.261 env=0.00202 gate=0.00015 envDelta=0.00187 envFloor=0.00107 onset=0.897 thresh=0.016 onsetDelta=0.88107 baseline=0.00071 adaptive=0.00179 lastPeak=0.00000 guard=0.060 activeAge=-1.000 pitch=-1.00Hz pitchCents=0.0
2025-12-15 22:54:56 [tracker] [s3] onset t=25.301 env=0.00157 gate=0.00008 envDelta=0.00149 envFloor=0.00091 onset=1.255 thresh=0.012 onsetDelta=1.24343 baseline=0.00061 adaptive=0.00152 lastPeak=0.00000 guard=0.060 activeAge=-1.000 pitch=-1.00Hz pitchCents=0.0
2025-12-15 22:54:56 [tracker] [s6] onset t=25.325 env=0.00184 gate=0.00020 envDelta=0.00163 envFloor=0.00122 onset=1.400 thresh=0.018 onsetDelta=1.38243 baseline=0.00081 adaptive=0.00203 lastPeak=0.00000 guard=0.060 activeAge=-1.000 pitch=-1.00Hz pitchCents=0.0
2025-12-15 22:54:57 [tracker] [s5] onset t=25.413 env=0.00167 gate=0.00015 envDelta=0.00151 envFloor=0.00108 onset=0.999 thresh=0.016 onsetDelta=0.98325 baseline=0.00072 adaptive=0.00180 lastPeak=0.00000 guard=0.060 activeAge=-1.000 pitch=-1.00Hz pitchCents=0.0
2025-12-15 22:54:57 [tracker] [s6] onset t=25.416 env=0.00195 gate=0.00022 envDelta=0.00173 envFloor=0.00131 onset=0.729 thresh=0.018 onsetDelta=0.71078 baseline=0.00087 adaptive=0.00219 lastPeak=0.00000 guard=0.060 activeAge=-1.000 pitch=-1.00Hz pitchCents=0.0
2025-12-15 22:54:57 [tracker] [s1] aubio-raw t=25.4238 onset=1.284767 env=0.000826 peak=0.001951 gain=1.000
2025-12-15 22:54:57 [tracker] [s1] onset-accepted t=25.4238 env=0.000826 gate=0.000023 envDelta=0.000803 envFloor=0.000615 onset=1.284767 thresh=0.006000 onsetDelta=1.278767 baseline=0.000410 floor=0.000180 adapt=0.001025 lastPeak=0.000000 baseParam=0.000180 gateRatio=0.0550 envParam=0.000450 onsetScale=0.300 retriggerScale=1.400 guard=0.060 guardRemain=0.000 activeAge=-1.000 retrigRemain=0.000 pitchHz=-1.00 pitchCents=0.0
2025-12-15 22:54:57 [tracker] [s1] onset t=25.424 env=0.00083 gate=0.00002 envDelta=0.00080 envFloor=0.00062 onset=1.285 thresh=0.006 onsetDelta=1.27877 baseline=0.00041 adaptive=0.00103 lastPeak=0.00000 guard=0.060 activeAge=-1.000 pitch=-1.00Hz pitchCents=0.0
2025-12-15 22:54:57 [tracker] [s3] onset t=25.458 env=0.00156 gate=0.00008 envDelta=0.00147 envFloor=0.00093 onset=1.490 thresh=0.012 onsetDelta=1.47819 baseline=0.00062 adaptive=0.00155 lastPeak=0.00000 guard=0.060 activeAge=-1.000 pitch=-1.00Hz pitchCents=0.0
2025-12-15 22:54:57 [tracker] [s2] onset t=25.477 env=0.00155 gate=0.00001 envDelta=0.00155 envFloor=0.00100 onset=0.998 thresh=0.009 onsetDelta=0.98925 baseline=0.00067 adaptive=0.00167 lastPeak=0.00000 guard=0.060 activeAge=-1.000 pitch=-1.00Hz pitchCents=0.0
2025-12-15 22:54:57 [tracker] [s4] onset t=25.482 env=0.00152 gate=0.00012 envDelta=0.00140 envFloor=0.00103 onset=1.115 thresh=0.014 onsetDelta=1.10124 baseline=0.00069 adaptive=0.00172 lastPeak=0.00000 guard=0.060 activeAge=-1.000 pitch=-1.00Hz pitchCents=0.0
2025-12-15 22:54:57 [tracker] [s6] onset t=25.525 env=0.00193 gate=0.00022 envDelta=0.00171 envFloor=0.00129 onset=0.998 thresh=0.018 onsetDelta=0.97970 baseline=0.00086 adaptive=0.00215 lastPeak=0.00000 guard=0.060 activeAge=-1.000 pitch=-1.00Hz pitchCents=0.0
2025-12-15 22:54:57 [tracker] [s2] onset t=25.528 env=0.00136 gate=0.00001 envDelta=0.00136 envFloor=0.00092 onset=0.991 thresh=0.009 onsetDelta=0.98227 baseline=0.00061 adaptive=0.00153 lastPeak=0.00000 guard=0.060 activeAge=-1.000 pitch=347.87Hz pitchCents=1993.2
2025-12-15 22:54:57 [tracker] [s4] onset t=25.562 env=0.00113 gate=0.00011 envDelta=0.00102 envFloor=0.00099 onset=0.999 thresh=0.014 onsetDelta=0.98496 baseline=0.00066 adaptive=0.00165 lastPeak=0.00000 guard=0.060 activeAge=-1.000 pitch=-1.00Hz pitchCents=0.0
2025-12-15 22:54:57 [tracker] [s5] onset t=25.584 env=0.00138 gate=0.00015 envDelta=0.00123 envFloor=0.00106 onset=0.722 thresh=0.016 onsetDelta=0.70551 baseline=0.00071 adaptive=0.00177 lastPeak=0.00000 guard=0.060 activeAge=-1.000 pitch=-1.00Hz pitchCents=0.0
2025-12-15 22:54:57 [tracker] [s1] aubio-raw t=25.6585 onset=0.823372 env=0.000658 peak=0.001892 gain=1.000
2025-12-15 22:54:57 [tracker] [s1] onset-accepted t=25.6585 env=0.000658 gate=0.000022 envDelta=0.000636 envFloor=0.000607 onset=0.823372 thresh=0.006000 onsetDelta=0.817372 baseline=0.000405 floor=0.000180 adapt=0.001012 lastPeak=0.000000 baseParam=0.000180 gateRatio=0.0550 envParam=0.000450 onsetScale=0.300 retriggerScale=1.400 guard=0.060 guardRemain=0.000 activeAge=-1.000 retrigRemain=0.000 pitchHz=-1.00 pitchCents=0.0
2025-12-15 22:54:57 [tracker] [s1] onset t=25.658 env=0.00066 gate=0.00002 envDelta=0.00064 envFloor=0.00061 onset=0.823 thresh=0.006 onsetDelta=0.81737 baseline=0.00040 adaptive=0.00101 lastPeak=0.00000 guard=0.060 activeAge=-1.000 pitch=-1.00Hz pitchCents=0.0
2025-12-15 22:54:57 [tracker] [s3] onset t=25.680 env=0.00119 gate=0.00008 envDelta=0.00112 envFloor=0.00087 onset=0.684 thresh=0.012 onsetDelta=0.67201 baseline=0.00058 adaptive=0.00146 lastPeak=0.00000 guard=0.060 activeAge=-1.000 pitch=-1.00Hz pitchCents=0.0
2025-12-15 22:54:57 [tracker] [s4] onset t=25.746 env=0.00142 gate=0.00011 envDelta=0.00131 envFloor=0.00098 onset=0.996 thresh=0.014 onsetDelta=0.98218 baseline=0.00065 adaptive=0.00163 lastPeak=0.00000 guard=0.060 activeAge=-1.000 pitch=-1.00Hz pitchCents=0.0
2025-12-15 22:54:57 [tracker] [s1] aubio-raw t=25.7571 onset=1.294668 env=0.000783 peak=0.001677 gain=1.000
2025-12-15 22:54:57 [tracker] [s1] onset-accepted t=25.7571 env=0.000783 gate=0.000022 envDelta=0.000761 envFloor=0.000602 onset=1.294668 thresh=0.006000 onsetDelta=1.288668 baseline=0.000402 floor=0.000180 adapt=0.001004 lastPeak=0.000000 baseParam=0.000180 gateRatio=0.0550 envParam=0.000450 onsetScale=0.300 retriggerScale=1.400 guard=0.060 guardRemain=0.000 activeAge=-1.000 retrigRemain=0.000 pitchHz=-1.00 pitchCents=0.0
2025-12-15 22:54:57 [tracker] [s1] onset t=25.757 env=0.00078 gate=0.00002 envDelta=0.00076 envFloor=0.00060 onset=1.295 thresh=0.006 onsetDelta=1.28867 baseline=0.00040 adaptive=0.00100 lastPeak=0.00000 guard=0.060 activeAge=-1.000 pitch=-1.00Hz pitchCents=0.0
2025-12-15 22:54:57 [tracker] [s5] onset t=25.906 env=0.00176 gate=0.00015 envDelta=0.00160 envFloor=0.00110 onset=1.445 thresh=0.016 onsetDelta=1.42905 baseline=0.00074 adaptive=0.00184 lastPeak=0.00000 guard=0.060 activeAge=-1.000 pitch=-1.00Hz pitchCents=0.0
2025-12-15 22:54:57 [tracker] [s3] onset t=25.933 env=0.00143 gate=0.00008 envDelta=0.00135 envFloor=0.00093 onset=1.189 thresh=0.012 onsetDelta=1.17703 baseline=0.00062 adaptive=0.00155 lastPeak=0.00000 guard=0.060 activeAge=-1.000 pitch=-1.00Hz pitchCents=0.0
2025-12-15 22:54:57 [tracker] [s1] aubio-raw t=25.9625 onset=1.045909 env=0.001031 peak=0.002606 gain=1.000
2025-12-15 22:54:57 [tracker] [s1] onset-accepted t=25.9625 env=0.001031 gate=0.000022 envDelta=0.001009 envFloor=0.000601 onset=1.045909 thresh=0.006000 onsetDelta=1.039909 baseline=0.000400 floor=0.000180 adapt=0.001001 lastPeak=0.000000 baseParam=0.000180 gateRatio=0.0550 envParam=0.000450 onsetScale=0.300 retriggerScale=1.400 guard=0.060 guardRemain=0.000 activeAge=-1.000 retrigRemain=0.000 pitchHz=380.94 pitchCents=2650.5
2025-12-15 22:54:57 [tracker] [s1] onset t=25.962 env=0.00103 gate=0.00002 envDelta=0.00101 envFloor=0.00060 onset=1.046 thresh=0.006 onsetDelta=1.03991 baseline=0.00040 adaptive=0.00100 lastPeak=0.00000 guard=0.060 activeAge=-1.000 pitch=380.94Hz pitchCents=2650.5
2025-12-15 22:54:57 [tracker] [s2] onset t=26.120 env=0.00147 gate=0.00001 envDelta=0.00146 envFloor=0.00099 onset=1.280 thresh=0.009 onsetDelta=1.27055 baseline=0.00066 adaptive=0.00164 lastPeak=0.00000 guard=0.060 activeAge=-1.000 pitch=-1.00Hz pitchCents=0.0
2025-12-15 22:54:57 [tracker] [s5] onset t=26.125 env=0.00174 gate=0.00015 envDelta=0.00159 envFloor=0.00107 onset=0.995 thresh=0.016 onsetDelta=0.97914 baseline=0.00071 adaptive=0.00178 lastPeak=0.00000 guard=0.060 activeAge=-1.000 pitch=-1.00Hz pitchCents=0.0
2025-12-15 22:54:57 [tracker] [s2] onset t=26.184 env=0.00163 gate=0.00001 envDelta=0.00162 envFloor=0.00107 onset=0.995 thresh=0.009 onsetDelta=0.98597 baseline=0.00071 adaptive=0.00178 lastPeak=0.00000 guard=0.060 activeAge=-1.000 pitch=-1.00Hz pitchCents=0.0
2025-12-15 22:54:57 [tracker] [s2] onset t=26.258 env=0.00152 gate=0.00001 envDelta=0.00152 envFloor=0.00100 onset=0.898 thresh=0.009 onsetDelta=0.88928 baseline=0.00067 adaptive=0.00167 lastPeak=0.00000 guard=0.060 activeAge=-1.000 pitch=-1.00Hz pitchCents=0.0
2025-12-15 22:54:57 [tracker] [s2] onset t=26.317 env=0.00175 gate=0.00001 envDelta=0.00174 envFloor=0.00101 onset=1.055 thresh=0.009 onsetDelta=1.04639 baseline=0.00067 adaptive=0.00169 lastPeak=0.00000 guard=0.060 activeAge=-1.000 pitch=499.95Hz pitchCents=2621.1
2025-12-15 22:54:57 [tracker] [s3] onset t=26.328 env=0.00157 gate=0.00008 envDelta=0.00149 envFloor=0.00091 onset=0.995 thresh=0.012 onsetDelta=0.98328 baseline=0.00061 adaptive=0.00152 lastPeak=0.00000 guard=0.060 activeAge=-1.000 pitch=-1.00Hz pitchCents=0.0
2025-12-15 22:54:58 [tracker] [s3] onset t=26.381 env=0.00147 gate=0.00008 envDelta=0.00140 envFloor=0.00090 onset=0.600 thresh=0.012 onsetDelta=0.58859 baseline=0.00060 adaptive=0.00149 lastPeak=0.00000 guard=0.060 activeAge=-1.000 pitch=-1.00Hz pitchCents=0.0
2025-12-15 22:54:58 [tracker] [s5] onset t=26.416 env=0.00177 gate=0.00014 envDelta=0.00163 envFloor=0.00102 onset=1.201 thresh=0.016 onsetDelta=1.18490 baseline=0.00068 adaptive=0.00171 lastPeak=0.00000 guard=0.060 activeAge=-1.000 pitch=-1.00Hz pitchCents=0.0
2025-12-15 22:54:58 [tracker] [s6] onset t=26.426 env=0.00171 gate=0.00020 envDelta=0.00151 envFloor=0.00121 onset=1.350 thresh=0.018 onsetDelta=1.33248 baseline=0.00081 adaptive=0.00202 lastPeak=0.00000 guard=0.060 activeAge=-1.000 pitch=-1.00Hz pitchCents=0.0
2025-12-15 22:54:58 [tracker] [s4] onset t=26.466 env=0.00181 gate=0.00011 envDelta=0.00170 envFloor=0.00099 onset=1.451 thresh=0.014 onsetDelta=1.43687 baseline=0.00066 adaptive=0.00166 lastPeak=0.00000 guard=0.060 activeAge=-1.000 pitch=-1.00Hz pitchCents=0.0
2025-12-15 22:54:58 [tracker] [s2] onset t=26.493 env=0.00190 gate=0.00001 envDelta=0.00189 envFloor=0.00101 onset=1.096 thresh=0.009 onsetDelta=1.08745 baseline=0.00067 adaptive=0.00168 lastPeak=0.00000 guard=0.060 activeAge=-1.000 pitch=-1.00Hz pitchCents=0.0
2025-12-15 22:54:58 [tracker] [s5] onset t=26.498 env=0.00167 gate=0.00015 envDelta=0.00152 envFloor=0.00106 onset=1.060 thresh=0.016 onsetDelta=1.04437 baseline=0.00071 adaptive=0.00177 lastPeak=0.00000 guard=0.060 activeAge=-1.000 pitch=-1.00Hz pitchCents=0.0
2025-12-15 22:54:58 [tracker] [s1] aubio-raw t=26.5251 onset=0.998710 env=0.000704 peak=0.001784 gain=1.000
2025-12-15 22:54:58 [tracker] [s1] onset-accepted t=26.5251 env=0.000704 gate=0.000021 envDelta=0.000683 envFloor=0.000571 onset=0.998710 thresh=0.006000 onsetDelta=0.992710 baseline=0.000381 floor=0.000180 adapt=0.000952 lastPeak=0.000000 baseParam=0.000180 gateRatio=0.0550 envParam=0.000450 onsetScale=0.300 retriggerScale=1.400 guard=0.060 guardRemain=0.000 activeAge=-1.000 retrigRemain=0.000 pitchHz=-1.00 pitchCents=0.0
2025-12-15 22:54:58 [tracker] [s1] onset t=26.525 env=0.00070 gate=0.00002 envDelta=0.00068 envFloor=0.00057 onset=0.999 thresh=0.006 onsetDelta=0.99271 baseline=0.00038 adaptive=0.00095 lastPeak=0.00000 guard=0.060 activeAge=-1.000 pitch=-1.00Hz pitchCents=0.0
2025-12-15 22:54:58 [tracker] [s4] onset t=26.557 env=0.00149 gate=0.00012 envDelta=0.00137 envFloor=0.00103 onset=0.998 thresh=0.014 onsetDelta=0.98384 baseline=0.00068 adaptive=0.00171 lastPeak=0.00000 guard=0.060 activeAge=-1.000 pitch=-1.00Hz pitchCents=0.0
2025-12-15 22:54:58 [tracker] [s6] onset t=26.578 env=0.00212 gate=0.00022 envDelta=0.00190 envFloor=0.00130 onset=0.888 thresh=0.018 onsetDelta=0.86989 baseline=0.00087 adaptive=0.00217 lastPeak=0.00000 guard=0.060 activeAge=-1.000 pitch=-1.00Hz pitchCents=0.0
2025-12-15 22:54:58 [tracker] [s2] onset t=26.592 env=0.00143 gate=0.00001 envDelta=0.00142 envFloor=0.00103 onset=1.039 thresh=0.009 onsetDelta=1.03027 baseline=0.00068 adaptive=0.00171 lastPeak=0.00000 guard=0.060 activeAge=-1.000 pitch=-1.00Hz pitchCents=0.0
2025-12-15 22:54:58 [tracker] [s1] aubio-raw t=26.6237 onset=1.197846 env=0.001120 peak=0.003010 gain=1.000
2025-12-15 22:54:58 [tracker] [s1] onset-accepted t=26.6237 env=0.001120 gate=0.000023 envDelta=0.001098 envFloor=0.000614 onset=1.197846 thresh=0.006000 onsetDelta=1.191846 baseline=0.000410 floor=0.000180 adapt=0.001024 lastPeak=0.000000 baseParam=0.000180 gateRatio=0.0550 envParam=0.000450 onsetScale=0.300 retriggerScale=1.400 guard=0.060 guardRemain=0.000 activeAge=-1.000 retrigRemain=0.000 pitchHz=-1.00 pitchCents=0.0
2025-12-15 22:54:58 [tracker] [s1] onset t=26.624 env=0.00112 gate=0.00002 envDelta=0.00110 envFloor=0.00061 onset=1.198 thresh=0.006 onsetDelta=1.19185 baseline=0.00041 adaptive=0.00102 lastPeak=0.00000 guard=0.060 activeAge=-1.000 pitch=-1.00Hz pitchCents=0.0
2025-12-15 22:54:58 [tracker] [s5] onset t=26.717 env=0.00154 gate=0.00015 envDelta=0.00139 envFloor=0.00105 onset=1.109 thresh=0.016 onsetDelta=1.09331 baseline=0.00070 adaptive=0.00175 lastPeak=0.00000 guard=0.060 activeAge=-1.000 pitch=-1.00Hz pitchCents=0.0
2025-12-15 22:54:58 [tracker] [s4] onset t=26.781 env=0.00122 gate=0.00011 envDelta=0.00111 envFloor=0.00094 onset=1.105 thresh=0.014 onsetDelta=1.09063 baseline=0.00063 adaptive=0.00157 lastPeak=0.00000 guard=0.060 activeAge=-1.000 pitch=-1.00Hz pitchCents=0.0
2025-12-15 22:54:58 [tracker] [s1] aubio-raw t=26.8344 onset=0.519138 env=0.000609 peak=0.001565 gain=1.000
2025-12-15 22:54:58 [tracker] [s1] onset-accepted t=26.8344 env=0.000609 gate=0.000022 envDelta=0.000588 envFloor=0.000588 onset=0.519138 thresh=0.006000 onsetDelta=0.513138 baseline=0.000392 floor=0.000180 adapt=0.000980 lastPeak=0.000000 baseParam=0.000180 gateRatio=0.0550 envParam=0.000450 onsetScale=0.300 retriggerScale=1.400 guard=0.060 guardRemain=0.000 activeAge=-1.000 retrigRemain=0.000 pitchHz=275.89 pitchCents=2091.9
2025-12-15 22:54:58 [tracker] [s1] onset t=26.834 env=0.00061 gate=0.00002 envDelta=0.00059 envFloor=0.00059 onset=0.519 thresh=0.006 onsetDelta=0.51314 baseline=0.00039 adaptive=0.00098 lastPeak=0.00000 guard=0.060 activeAge=-1.000 pitch=275.89Hz pitchCents=2091.9
2025-12-15 22:54:58 [tracker] [s1] note-start t=26.834 fret=20 midi=60 vel=0.01 env=0.00061
2025-12-15 22:54:58 [tracker] [s1] aubio-raw t=26.9011 onset=1.109793 env=0.000909 peak=0.002228 gain=1.000
2025-12-15 22:54:58 [tracker] [s1] onset-accepted t=26.9011 env=0.000909 gate=0.000027 envDelta=0.000882 envFloor=0.000582 onset=1.109793 thresh=0.006000 onsetDelta=1.103793 baseline=0.000484 floor=0.000180 adapt=0.000970 lastPeak=0.000538 baseParam=0.000180 gateRatio=0.0550 envParam=0.000450 onsetScale=0.300 retriggerScale=1.400 guard=0.060 guardRemain=0.000 activeAge=0.067 retrigRemain=0.153 pitchHz=-1.00 pitchCents=0.0
2025-12-15 22:54:58 [tracker] [s1] onset t=26.901 env=0.00091 gate=0.00003 envDelta=0.00088 envFloor=0.00058 onset=1.110 thresh=0.006 onsetDelta=1.10379 baseline=0.00048 adaptive=0.00097 lastPeak=0.00054 guard=0.060 activeAge=0.067 pitch=-1.00Hz pitchCents=0.0
2025-12-15 22:54:58 [tracker] [s2] onset t=26.925 env=0.00134 gate=0.00001 envDelta=0.00133 envFloor=0.00104 onset=1.191 thresh=0.009 onsetDelta=1.18200 baseline=0.00069 adaptive=0.00173 lastPeak=0.00000 guard=0.060 activeAge=-1.000 pitch=-1.00Hz pitchCents=0.0
2025-12-15 22:54:58 [tracker] [s6] onset t=26.928 env=0.00201 gate=0.00021 envDelta=0.00180 envFloor=0.00127 onset=0.911 thresh=0.018 onsetDelta=0.89264 baseline=0.00085 adaptive=0.00212 lastPeak=0.00000 guard=0.060 activeAge=-1.000 pitch=-1.00Hz pitchCents=0.0
2025-12-15 22:54:58 [tracker] [s5] onset t=26.976 env=0.00169 gate=0.00016 envDelta=0.00153 envFloor=0.00117 onset=1.051 thresh=0.016 onsetDelta=1.03550 baseline=0.00078 adaptive=0.00195 lastPeak=0.00000 guard=0.060 activeAge=-1.000 pitch=-1.00Hz pitchCents=0.0
2025-12-15 22:54:58 [tracker] [s2] onset t=26.992 env=0.00159 gate=0.00001 envDelta=0.00158 envFloor=0.00105 onset=0.975 thresh=0.009 onsetDelta=0.96550 baseline=0.00070 adaptive=0.00175 lastPeak=0.00000 guard=0.060 activeAge=-1.000 pitch=-1.00Hz pitchCents=0.0
2025-12-15 22:54:58 [tracker] [s1] aubio-raw t=27.0530 onset=0.542014 env=0.000558 peak=0.001282 gain=1.000
2025-12-15 22:54:58 [tracker] [s1] onset-below-env-floor t=27.0530 env=0.000558 gate=0.000021 envDelta=0.000537 envFloor=0.000576 onset=0.542014 thresh=0.006000 onsetDelta=0.536014 baseline=0.000384 floor=0.000180 adapt=0.000960 lastPeak=0.000404 baseParam=0.000180 gateRatio=0.0550 envParam=0.000450 onsetScale=0.300 retriggerScale=1.400 guard=0.060 guardRemain=0.000 activeAge=-1.000 retrigRemain=0.000 pitchHz=399.99 pitchCents=2734.9
2025-12-15 22:54:58 [tracker] [s1] aubio-raw t=27.1437 onset=0.982570 env=0.000799 peak=0.001948 gain=1.000
2025-12-15 22:54:58 [tracker] [s1] onset-accepted t=27.1437 env=0.000799 gate=0.000022 envDelta=0.000777 envFloor=0.000600 onset=0.982570 thresh=0.006000 onsetDelta=0.976570 baseline=0.000400 floor=0.000180 adapt=0.000999 lastPeak=0.000341 baseParam=0.000180 gateRatio=0.0550 envParam=0.000450 onsetScale=0.300 retriggerScale=1.400 guard=0.060 guardRemain=0.000 activeAge=-1.000 retrigRemain=0.000 pitchHz=-1.00 pitchCents=0.0
2025-12-15 22:54:58 [tracker] [s1] onset t=27.144 env=0.00080 gate=0.00002 envDelta=0.00078 envFloor=0.00060 onset=0.983 thresh=0.006 onsetDelta=0.97657 baseline=0.00040 adaptive=0.00100 lastPeak=0.00034 guard=0.060 activeAge=-1.000 pitch=-1.00Hz pitchCents=0.0
2025-12-15 22:54:58 [tracker] [s3] onset t=27.162 env=0.00107 gate=0.00007 envDelta=0.00099 envFloor=0.00086 onset=0.996 thresh=0.012 onsetDelta=0.98473 baseline=0.00058 adaptive=0.00144 lastPeak=0.00000 guard=0.060 activeAge=-1.000 pitch=-1.00Hz pitchCents=0.0
2025-12-15 22:54:58 [tracker] [s2] onset t=27.253 env=0.00177 gate=0.00001 envDelta=0.00176 envFloor=0.00104 onset=1.142 thresh=0.009 onsetDelta=1.13309 baseline=0.00069 adaptive=0.00173 lastPeak=0.00000 guard=0.060 activeAge=-1.000 pitch=-1.00Hz pitchCents=0.0
2025-12-15 22:54:58 [tracker] [s3] onset t=27.312 env=0.00159 gate=0.00008 envDelta=0.00151 envFloor=0.00096 onset=0.835 thresh=0.012 onsetDelta=0.82329 baseline=0.00064 adaptive=0.00160 lastPeak=0.00000 guard=0.060 activeAge=-1.000 pitch=-1.00Hz pitchCents=0.0
2025-12-15 22:54:59 [tracker] [s5] onset t=27.346 env=0.00178 gate=0.00016 envDelta=0.00162 envFloor=0.00114 onset=0.999 thresh=0.016 onsetDelta=0.98330 baseline=0.00076 adaptive=0.00190 lastPeak=0.00000 guard=0.060 activeAge=-1.000 pitch=-1.00Hz pitchCents=0.0
2025-12-15 22:54:59 [tracker] [s6] onset t=27.413 env=0.00221 gate=0.00021 envDelta=0.00199 envFloor=0.00129 onset=0.994 thresh=0.018 onsetDelta=0.97562 baseline=0.00086 adaptive=0.00214 lastPeak=0.00000 guard=0.060 activeAge=-1.000 pitch=-1.00Hz pitchCents=0.0
2025-12-15 22:54:59 [tracker] [s4] onset t=27.477 env=0.00125 gate=0.00011 envDelta=0.00115 envFloor=0.00095 onset=0.999 thresh=0.014 onsetDelta=0.98517 baseline=0.00063 adaptive=0.00158 lastPeak=0.00000 guard=0.060 activeAge=-1.000 pitch=-1.00Hz pitchCents=0.0
2025-12-15 22:54:59 [tracker] [s1] aubio-raw t=27.5810 onset=1.079313 env=0.000918 peak=0.002140 gain=1.000
2025-12-15 22:54:59 [tracker] [s1] onset-accepted t=27.5810 env=0.000918 gate=0.000023 envDelta=0.000894 envFloor=0.000639 onset=1.079313 thresh=0.006000 onsetDelta=1.073313 baseline=0.000426 floor=0.000180 adapt=0.001066 lastPeak=0.000150 baseParam=0.000180 gateRatio=0.0550 envParam=0.000450 onsetScale=0.300 retriggerScale=1.400 guard=0.060 guardRemain=0.000 activeAge=-1.000 retrigRemain=0.000 pitchHz=-1.00 pitchCents=0.0
2025-12-15 22:54:59 [tracker] [s1] onset t=27.581 env=0.00092 gate=0.00002 envDelta=0.00089 envFloor=0.00064 onset=1.079 thresh=0.006 onsetDelta=1.07331 baseline=0.00043 adaptive=0.00107 lastPeak=0.00015 guard=0.060 activeAge=-1.000 pitch=-1.00Hz pitchCents=0.0
2025-12-15 22:54:59 [tracker] [s2] onset t=27.600 env=0.00133 gate=0.00001 envDelta=0.00132 envFloor=0.00100 onset=0.813 thresh=0.009 onsetDelta=0.80407 baseline=0.00067 adaptive=0.00167 lastPeak=0.00000 guard=0.060 activeAge=-1.000 pitch=-1.00Hz pitchCents=0.0
2025-12-15 22:54:59 [tracker] [s4] onset t=27.762 env=0.00134 gate=0.00011 envDelta=0.00122 envFloor=0.00099 onset=0.994 thresh=0.014 onsetDelta=0.98036 baseline=0.00066 adaptive=0.00165 lastPeak=0.00000 guard=0.060 activeAge=-1.000 pitch=-1.00Hz pitchCents=0.0
2025-12-15 22:54:59 [tracker] [s2] onset t=27.818 env=0.00165 gate=0.00001 envDelta=0.00164 envFloor=0.00094 onset=0.785 thresh=0.009 onsetDelta=0.77585 baseline=0.00063 adaptive=0.00157 lastPeak=0.00000 guard=0.060 activeAge=-1.000 pitch=-1.00Hz pitchCents=0.0
2025-12-15 22:54:59 [tracker] [s3] onset t=27.904 env=0.00121 gate=0.00008 envDelta=0.00114 envFloor=0.00088 onset=0.997 thresh=0.012 onsetDelta=0.98492 baseline=0.00059 adaptive=0.00147 lastPeak=0.00000 guard=0.060 activeAge=-1.000 pitch=-1.00Hz pitchCents=0.0
2025-12-15 22:54:59 [tracker] [s6] onset t=27.912 env=0.00178 gate=0.00019 envDelta=0.00159 envFloor=0.00113 onset=1.142 thresh=0.018 onsetDelta=1.12428 baseline=0.00075 adaptive=0.00188 lastPeak=0.00000 guard=0.060 activeAge=-1.000 pitch=-1.00Hz pitchCents=0.0
2025-12-15 22:54:59 [tracker] [s6] onset t=27.986 env=0.00228 gate=0.00020 envDelta=0.00208 envFloor=0.00120 onset=1.267 thresh=0.018 onsetDelta=1.24893 baseline=0.00080 adaptive=0.00200 lastPeak=0.00000 guard=0.060 activeAge=-1.000 pitch=-1.00Hz pitchCents=0.0
2025-12-15 22:54:59 [tracker] [s6] onset t=28.093 env=0.00189 gate=0.00022 envDelta=0.00167 envFloor=0.00132 onset=1.475 thresh=0.018 onsetDelta=1.45688 baseline=0.00088 adaptive=0.00220 lastPeak=0.00000 guard=0.060 activeAge=-1.000 pitch=-1.00Hz pitchCents=0.0
2025-12-15 22:54:59 [tracker] [s3] onset t=28.120 env=0.00122 gate=0.00008 envDelta=0.00114 envFloor=0.00096 onset=1.110 thresh=0.012 onsetDelta=1.09809 baseline=0.00064 adaptive=0.00161 lastPeak=0.00000 guard=0.060 activeAge=-1.000 pitch=-1.00Hz pitchCents=0.0
2025-12-15 22:54:59 [tracker] [s5] onset t=28.184 env=0.00139 gate=0.00015 envDelta=0.00124 envFloor=0.00105 onset=0.996 thresh=0.016 onsetDelta=0.97952 baseline=0.00070 adaptive=0.00175 lastPeak=0.00000 guard=0.060 activeAge=-1.000 pitch=-1.00Hz pitchCents=0.0
2025-12-15 22:54:59 [tracker] [s2] onset t=28.304 env=0.00157 gate=0.00001 envDelta=0.00156 envFloor=0.00095 onset=1.416 thresh=0.009 onsetDelta=1.40724 baseline=0.00063 adaptive=0.00158 lastPeak=0.00000 guard=0.060 activeAge=-1.000 pitch=275.84Hz pitchCents=1591.6
2025-12-15 22:55:00 [tracker] [s1] aubio-raw t=28.3463 onset=0.999852 env=0.001247 peak=0.002601 gain=1.000
2025-12-15 22:55:00 [tracker] [s1] onset-accepted t=28.3463 env=0.001247 gate=0.000024 envDelta=0.001223 envFloor=0.000652 onset=0.999852 thresh=0.006000 onsetDelta=0.993852 baseline=0.000435 floor=0.000180 adapt=0.001087 lastPeak=0.000036 baseParam=0.000180 gateRatio=0.0550 envParam=0.000450 onsetScale=0.300 retriggerScale=1.400 guard=0.060 guardRemain=0.000 activeAge=-1.000 retrigRemain=0.000 pitchHz=319.97 pitchCents=2348.5
2025-12-15 22:55:00 [tracker] [s1] onset t=28.346 env=0.00125 gate=0.00002 envDelta=0.00122 envFloor=0.00065 onset=1.000 thresh=0.006 onsetDelta=0.99385 baseline=0.00043 adaptive=0.00109 lastPeak=0.00004 guard=0.060 activeAge=-1.000 pitch=319.97Hz pitchCents=2348.5
2025-12-15 22:55:00 [tracker] [s2] onset t=28.362 env=0.00197 gate=0.00001 envDelta=0.00196 envFloor=0.00102 onset=1.467 thresh=0.009 onsetDelta=1.45826 baseline=0.00068 adaptive=0.00170 lastPeak=0.00000 guard=0.060 activeAge=-1.000 pitch=-1.00Hz pitchCents=0.0
2025-12-15 22:55:00 [tracker] [s3] onset t=28.381 env=0.00117 gate=0.00008 envDelta=0.00109 envFloor=0.00089 onset=1.450 thresh=0.012 onsetDelta=1.43886 baseline=0.00060 adaptive=0.00149 lastPeak=0.00000 guard=0.060 activeAge=-1.000 pitch=-1.00Hz pitchCents=0.0
2025-12-15 22:55:00 [tracker] [s2] onset t=28.506 env=0.00145 gate=0.00001 envDelta=0.00144 envFloor=0.00103 onset=1.031 thresh=0.009 onsetDelta=1.02191 baseline=0.00069 adaptive=0.00172 lastPeak=0.00000 guard=0.060 activeAge=-1.000 pitch=-1.00Hz pitchCents=0.0
2025-12-15 22:55:00 [tracker] [s1] aubio-raw t=28.5756 onset=0.993980 env=0.001288 peak=0.002585 gain=1.000
2025-12-15 22:55:00 [tracker] [s1] onset-accepted t=28.5756 env=0.001288 gate=0.000024 envDelta=0.001264 envFloor=0.000664 onset=0.993980 thresh=0.006000 onsetDelta=0.987980 baseline=0.000443 floor=0.000180 adapt=0.001107 lastPeak=0.000023 baseParam=0.000180 gateRatio=0.0550 envParam=0.000450 onsetScale=0.300 retriggerScale=1.400 guard=0.060 guardRemain=0.000 activeAge=-1.000 retrigRemain=0.000 pitchHz=-1.00 pitchCents=0.0
2025-12-15 22:55:00 [tracker] [s5] onset t=28.600 env=0.00151 gate=0.00015 envDelta=0.00136 envFloor=0.00107 onset=0.741 thresh=0.016 onsetDelta=0.72499 baseline=0.00071 adaptive=0.00178 lastPeak=0.00000 guard=0.060 activeAge=-1.000 pitch=-1.00Hz pitchCents=0.0
2025-12-15 22:55:00 [tracker] [s3] onset t=28.608 env=0.00115 gate=0.00008 envDelta=0.00107 envFloor=0.00087 onset=1.004 thresh=0.012 onsetDelta=0.99224 baseline=0.00058 adaptive=0.00145 lastPeak=0.00000 guard=0.060 activeAge=-1.000 pitch=-1.00Hz pitchCents=0.0
2025-12-15 22:55:00 [tracker] [s3] onset t=28.709 env=0.00180 gate=0.00008 envDelta=0.00172 envFloor=0.00089 onset=1.109 thresh=0.012 onsetDelta=1.09778 baseline=0.00059 adaptive=0.00148 lastPeak=0.00000 guard=0.060 activeAge=-1.000 pitch=-1.00Hz pitchCents=0.0
2025-12-15 22:55:00 [tracker] [s4] onset t=28.728 env=0.00128 gate=0.00011 envDelta=0.00116 envFloor=0.00100 onset=0.998 thresh=0.014 onsetDelta=0.98395 baseline=0.00067 adaptive=0.00167 lastPeak=0.00000 guard=0.060 activeAge=-1.000 pitch=-1.00Hz pitchCents=0.0
2025-12-15 22:55:00 [tracker] [s2] onset t=28.768 env=0.00191 gate=0.00001 envDelta=0.00190 envFloor=0.00104 onset=1.079 thresh=0.009 onsetDelta=1.07049 baseline=0.00070 adaptive=0.00174 lastPeak=0.00000 guard=0.060 activeAge=-1.000 pitch=-1.00Hz pitchCents=0.0
2025-12-15 22:55:00 [tracker] [s3] onset t=28.880 env=0.00123 gate=0.00008 envDelta=0.00115 envFloor=0.00093 onset=0.776 thresh=0.012 onsetDelta=0.76405 baseline=0.00062 adaptive=0.00155 lastPeak=0.00000 guard=0.060 activeAge=-1.000 pitch=-1.00Hz pitchCents=0.0
2025-12-15 22:55:00 [tracker] [s1] aubio-raw t=28.9062 onset=0.594834 env=0.000813 peak=0.001789 gain=1.000
2025-12-15 22:55:00 [tracker] [s1] onset-accepted t=28.9062 env=0.000813 gate=0.000021 envDelta=0.000792 envFloor=0.000586 onset=0.594834 thresh=0.006000 onsetDelta=0.588834 baseline=0.000390 floor=0.000180 adapt=0.000976 lastPeak=0.000012 baseParam=0.000180 gateRatio=0.0550 envParam=0.000450 onsetScale=0.300 retriggerScale=1.400 guard=0.060 guardRemain=0.000 activeAge=-1.000 retrigRemain=0.000 pitchHz=-1.00 pitchCents=0.0
2025-12-15 22:55:00 [tracker] [s1] onset t=28.906 env=0.00081 gate=0.00002 envDelta=0.00079 envFloor=0.00059 onset=0.595 thresh=0.006 onsetDelta=0.58883 baseline=0.00039 adaptive=0.00098 lastPeak=0.00001 guard=0.060 activeAge=-1.000 pitch=-1.00Hz pitchCents=0.0
2025-12-15 22:55:00 [tracker] [s3] onset t=28.952 env=0.00162 gate=0.00008 envDelta=0.00154 envFloor=0.00091 onset=1.216 thresh=0.012 onsetDelta=1.20447 baseline=0.00061 adaptive=0.00151 lastPeak=0.00000 guard=0.060 activeAge=-1.000 pitch=-1.00Hz pitchCents=0.0
2025-12-15 22:55:00 [tracker] [s4] onset t=29.034 env=0.00138 gate=0.00011 envDelta=0.00127 envFloor=0.00098 onset=1.436 thresh=0.014 onsetDelta=1.42150 baseline=0.00066 adaptive=0.00164 lastPeak=0.00000 guard=0.060 activeAge=-1.000 pitch=-1.00Hz pitchCents=0.0
2025-12-15 22:55:00 [tracker] [s3] onset t=29.077 env=0.00156 gate=0.00008 envDelta=0.00148 envFloor=0.00088 onset=0.989 thresh=0.012 onsetDelta=0.97726 baseline=0.00059 adaptive=0.00147 lastPeak=0.00000 guard=0.060 activeAge=-1.000 pitch=-1.00Hz pitchCents=0.0
2025-12-15 22:55:00 [tracker] [s6] onset t=29.112 env=0.00196 gate=0.00020 envDelta=0.00175 envFloor=0.00121 onset=0.960 thresh=0.018 onsetDelta=0.94240 baseline=0.00080 adaptive=0.00201 lastPeak=0.00000 guard=0.060 activeAge=-1.000 pitch=-1.00Hz pitchCents=0.0
2025-12-15 22:55:00 [tracker] [s1] aubio-raw t=29.1649 onset=1.127054 env=0.001188 peak=0.002290 gain=1.000
2025-12-15 22:55:00 [tracker] [s1] onset-accepted t=29.1649 env=0.001188 gate=0.000025 envDelta=0.001164 envFloor=0.000670 onset=1.127054 thresh=0.006000 onsetDelta=1.121054 baseline=0.000447 floor=0.000180 adapt=0.001117 lastPeak=0.000008 baseParam=0.000180 gateRatio=0.0550 envParam=0.000450 onsetScale=0.300 retriggerScale=1.400 guard=0.060 guardRemain=0.000 activeAge=-1.000 retrigRemain=0.000 pitchHz=-1.00 pitchCents=0.0
2025-12-15 22:55:00 [tracker] [s1] onset t=29.165 env=0.00119 gate=0.00002 envDelta=0.00116 envFloor=0.00067 onset=1.127 thresh=0.006 onsetDelta=1.12105 baseline=0.00045 adaptive=0.00112 lastPeak=0.00001 guard=0.060 activeAge=-1.000 pitch=-1.00Hz pitchCents=0.0
2025-12-15 22:55:00 [tracker] [s1] aubio-raw t=29.2369 onset=0.810304 env=0.001147 peak=0.002319 gain=1.000
2025-12-15 22:55:00 [tracker] [s1] onset-accepted t=29.2369 env=0.001147 gate=0.000024 envDelta=0.001123 envFloor=0.000661 onset=0.810304 thresh=0.006000 onsetDelta=0.804304 baseline=0.000441 floor=0.000180 adapt=0.001102 lastPeak=0.000007 baseParam=0.000180 gateRatio=0.0550 envParam=0.000450 onsetScale=0.300 retriggerScale=1.400 guard=0.060 guardRemain=0.000 activeAge=-1.000 retrigRemain=0.000 pitchHz=-1.00 pitchCents=0.0
2025-12-15 22:55:00 [tracker] [s1] onset t=29.237 env=0.00115 gate=0.00002 envDelta=0.00112 envFloor=0.00066 onset=0.810 thresh=0.006 onsetDelta=0.80430 baseline=0.00044 adaptive=0.00110 lastPeak=0.00001 guard=0.060 activeAge=-1.000 pitch=-1.00Hz pitchCents=0.0
2025-12-15 22:55:01 [tracker] [s3] onset t=29.357 env=0.00110 gate=0.00008 envDelta=0.00102 envFloor=0.00094 onset=0.732 thresh=0.012 onsetDelta=0.72048 baseline=0.00063 adaptive=0.00157 lastPeak=0.00000 guard=0.060 activeAge=-1.000 pitch=-1.00Hz pitchCents=0.0
2025-12-15 22:55:01 [tracker] [s5] onset t=29.368 env=0.00165 gate=0.00015 envDelta=0.00150 envFloor=0.00106 onset=0.970 thresh=0.016 onsetDelta=0.95382 baseline=0.00070 adaptive=0.00176 lastPeak=0.00000 guard=0.060 activeAge=-1.000 pitch=-1.00Hz pitchCents=0.0
2025-12-15 22:55:01 [tracker] [s2] onset t=29.400 env=0.00114 gate=0.00001 envDelta=0.00113 envFloor=0.00105 onset=0.862 thresh=0.009 onsetDelta=0.85343 baseline=0.00070 adaptive=0.00175 lastPeak=0.00000 guard=0.060 activeAge=-1.000 pitch=106.66Hz pitchCents=-53.4
2025-12-15 22:55:01 [tracker] [s3] onset t=29.552 env=0.00142 gate=0.00008 envDelta=0.00134 envFloor=0.00093 onset=0.997 thresh=0.012 onsetDelta=0.98560 baseline=0.00062 adaptive=0.00155 lastPeak=0.00000 guard=0.060 activeAge=-1.000 pitch=-1.00Hz pitchCents=0.0
2025-12-15 22:55:01 [tracker] [s2] onset t=29.586 env=0.00144 gate=0.00001 envDelta=0.00143 envFloor=0.00092 onset=0.999 thresh=0.009 onsetDelta=0.98971 baseline=0.00061 adaptive=0.00153 lastPeak=0.00000 guard=0.060 activeAge=-1.000 pitch=-1.00Hz pitchCents=0.0
2025-12-15 22:55:01 [tracker] [s5] onset t=29.589 env=0.00214 gate=0.00016 envDelta=0.00198 envFloor=0.00114 onset=0.996 thresh=0.016 onsetDelta=0.98035 baseline=0.00076 adaptive=0.00189 lastPeak=0.00000 guard=0.060 activeAge=-1.000 pitch=-1.00Hz pitchCents=0.0
2025-12-15 22:55:01 [tracker] [s4] onset t=29.642 env=0.00199 gate=0.00012 envDelta=0.00187 envFloor=0.00104 onset=1.013 thresh=0.014 onsetDelta=0.99947 baseline=0.00069 adaptive=0.00173 lastPeak=0.00000 guard=0.060 activeAge=-1.000 pitch=-1.00Hz pitchCents=0.0
2025-12-15 22:55:01 [tracker] [s2] onset t=29.797 env=0.00147 gate=0.00001 envDelta=0.00146 envFloor=0.00104 onset=0.886 thresh=0.009 onsetDelta=0.87663 baseline=0.00069 adaptive=0.00173 lastPeak=0.00000 guard=0.060 activeAge=-1.000 pitch=-1.00Hz pitchCents=0.0
2025-12-15 22:55:01 [tracker] [s1] aubio-raw t=29.8502 onset=0.999407 env=0.000809 peak=0.002516 gain=1.000
2025-12-15 22:55:01 [tracker] [s1] onset-accepted t=29.8502 env=0.000809 gate=0.000022 envDelta=0.000787 envFloor=0.000602 onset=0.999407 thresh=0.006000 onsetDelta=0.993407 baseline=0.000401 floor=0.000180 adapt=0.001003 lastPeak=0.000002 baseParam=0.000180 gateRatio=0.0550 envParam=0.000450 onsetScale=0.300 retriggerScale=1.400 guard=0.060 guardRemain=0.000 activeAge=-1.000 retrigRemain=0.000 pitchHz=100.00 pitchCents=335.0
2025-12-15 22:55:01 [tracker] [s1] onset t=29.850 env=0.00081 gate=0.00002 envDelta=0.00079 envFloor=0.00060 onset=0.999 thresh=0.006 onsetDelta=0.99341 baseline=0.00040 adaptive=0.00100 lastPeak=0.00000 guard=0.060 activeAge=-1.000 pitch=100.00Hz pitchCents=335.0
2025-12-15 22:55:01 [tracker] [s6] onset t=29.877 env=0.00217 gate=0.00020 envDelta=0.00197 envFloor=0.00122 onset=1.339 thresh=0.018 onsetDelta=1.32054 baseline=0.00082 adaptive=0.00204 lastPeak=0.00000 guard=0.060 activeAge=-1.000 pitch=-1.00Hz pitchCents=0.0
2025-12-15 22:55:01 [tracker] [s2] onset t=29.882 env=0.00183 gate=0.00001 envDelta=0.00183 envFloor=0.00107 onset=1.033 thresh=0.009 onsetDelta=1.02398 baseline=0.00072 adaptive=0.00179 lastPeak=0.00000 guard=0.060 activeAge=-1.000 pitch=-1.00Hz pitchCents=0.0
2025-12-15 22:55:01 [tracker] [s2] onset t=29.991 env=0.00117 gate=0.00001 envDelta=0.00116 envFloor=0.00096 onset=0.999 thresh=0.009 onsetDelta=0.98952 baseline=0.00064 adaptive=0.00160 lastPeak=0.00000 guard=0.060 activeAge=-1.000 pitch=-1.00Hz pitchCents=0.0
2025-12-15 22:55:01 [tracker] [s3] onset t=30.015 env=0.00145 gate=0.00008 envDelta=0.00137 envFloor=0.00095 onset=0.999 thresh=0.012 onsetDelta=0.98747 baseline=0.00063 adaptive=0.00158 lastPeak=0.00000 guard=0.060 activeAge=-1.000 pitch=-1.00Hz pitchCents=0.0
2025-12-15 22:55:01 [tracker] [s6] onset t=30.021 env=0.00180 gate=0.00021 envDelta=0.00158 envFloor=0.00129 onset=0.903 thresh=0.018 onsetDelta=0.88503 baseline=0.00086 adaptive=0.00215 lastPeak=0.00000 guard=0.060 activeAge=-1.000 pitch=-1.00Hz pitchCents=0.0
2025-12-15 22:55:01 [tracker] [s5] onset t=30.103 env=0.00179 gate=0.00015 envDelta=0.00164 envFloor=0.00105 onset=0.973 thresh=0.016 onsetDelta=0.95705 baseline=0.00070 adaptive=0.00176 lastPeak=0.00000 guard=0.060 activeAge=-1.000 pitch=-1.00Hz pitchCents=0.0
2025-12-15 22:55:01 [tracker] [s6] onset t=30.154 env=0.00174 gate=0.00019 envDelta=0.00155 envFloor=0.00116 onset=1.399 thresh=0.018 onsetDelta=1.38063 baseline=0.00077 adaptive=0.00193 lastPeak=0.00000 guard=0.060 activeAge=-1.000 pitch=-1.00Hz pitchCents=0.0
2025-12-15 22:55:01 [tracker] [s3] onset t=30.317 env=0.00152 gate=0.00008 envDelta=0.00144 envFloor=0.00092 onset=1.479 thresh=0.012 onsetDelta=1.46741 baseline=0.00062 adaptive=0.00154 lastPeak=0.00000 guard=0.060 activeAge=-1.000 pitch=-1.00Hz pitchCents=0.0
2025-12-15 22:55:02 [tracker] [s1] aubio-raw t=30.4235 onset=1.210932 env=0.001033 peak=0.002352 gain=1.000
2025-12-15 22:55:02 [tracker] [s1] onset-accepted t=30.4235 env=0.001033 gate=0.000023 envDelta=0.001010 envFloor=0.000629 onset=1.210932 thresh=0.006000 onsetDelta=1.204932 baseline=0.000419 floor=0.000180 adapt=0.001048 lastPeak=0.000001 baseParam=0.000180 gateRatio=0.0550 envParam=0.000450 onsetScale=0.300 retriggerScale=1.400 guard=0.060 guardRemain=0.000 activeAge=-1.000 retrigRemain=0.000 pitchHz=-1.00 pitchCents=0.0
2025-12-15 22:55:02 [tracker] [s1] onset t=30.423 env=0.00103 gate=0.00002 envDelta=0.00101 envFloor=0.00063 onset=1.211 thresh=0.006 onsetDelta=1.20493 baseline=0.00042 adaptive=0.00105 lastPeak=0.00000 guard=0.060 activeAge=-1.000 pitch=-1.00Hz pitchCents=0.0
2025-12-15 22:55:02 [tracker] [s2] onset t=30.461 env=0.00144 gate=0.00001 envDelta=0.00143 envFloor=0.00093 onset=0.949 thresh=0.009 onsetDelta=0.94033 baseline=0.00062 adaptive=0.00155 lastPeak=0.00000 guard=0.060 activeAge=-1.000 pitch=-1.00Hz pitchCents=0.0
2025-12-15 22:55:02 [tracker] [s1] aubio-raw t=30.5008 onset=0.737983 env=0.000814 peak=0.001680 gain=1.000
2025-12-15 22:55:02 [tracker] [s1] onset-accepted t=30.5008 env=0.000814 gate=0.000022 envDelta=0.000791 envFloor=0.000612 onset=0.737983 thresh=0.006000 onsetDelta=0.731983 baseline=0.000408 floor=0.000180 adapt=0.001019 lastPeak=0.000001 baseParam=0.000180 gateRatio=0.0550 envParam=0.000450 onsetScale=0.300 retriggerScale=1.400 guard=0.060 guardRemain=0.000 activeAge=-1.000 retrigRemain=0.000 pitchHz=-1.00 pitchCents=0.0
2025-12-15 22:55:02 [tracker] [s1] onset t=30.501 env=0.00081 gate=0.00002 envDelta=0.00079 envFloor=0.00061 onset=0.738 thresh=0.006 onsetDelta=0.73198 baseline=0.00041 adaptive=0.00102 lastPeak=0.00000 guard=0.060 activeAge=-1.000 pitch=-1.00Hz pitchCents=0.0
2025-12-15 22:55:02 [tracker] [s5] onset t=30.527 env=0.00128 gate=0.00014 envDelta=0.00114 envFloor=0.00102 onset=0.938 thresh=0.016 onsetDelta=0.92151 baseline=0.00068 adaptive=0.00171 lastPeak=0.00000 guard=0.060 activeAge=-1.000 pitch=-1.00Hz pitchCents=0.0
2025-12-15 22:55:02 [tracker] [s3] onset t=30.530 env=0.00137 gate=0.00008 envDelta=0.00129 envFloor=0.00094 onset=1.015 thresh=0.012 onsetDelta=1.00343 baseline=0.00062 adaptive=0.00156 lastPeak=0.00000 guard=0.060 activeAge=-1.000 pitch=-1.00Hz pitchCents=0.0
2025-12-15 22:55:02 [tracker] [s3] onset t=30.621 env=0.00097 gate=0.00008 envDelta=0.00089 envFloor=0.00092 onset=0.623 thresh=0.012 onsetDelta=0.61103 baseline=0.00062 adaptive=0.00154 lastPeak=0.00000 guard=0.060 activeAge=-1.000 pitch=-1.00Hz pitchCents=0.0
2025-12-15 22:55:02 [tracker] [s6] onset t=30.637 env=0.00211 gate=0.00020 envDelta=0.00191 envFloor=0.00120 onset=1.025 thresh=0.018 onsetDelta=1.00694 baseline=0.00080 adaptive=0.00200 lastPeak=0.00000 guard=0.060 activeAge=-1.000 pitch=-1.00Hz pitchCents=0.0
2025-12-15 22:55:02 [tracker] [s1] aubio-raw t=30.7248 onset=0.996055 env=0.000933 peak=0.002442 gain=1.000
2025-12-15 22:55:02 [tracker] [s1] onset-accepted t=30.7248 env=0.000933 gate=0.000022 envDelta=0.000911 envFloor=0.000613 onset=0.996055 thresh=0.006000 onsetDelta=0.990055 baseline=0.000409 floor=0.000180 adapt=0.001022 lastPeak=0.000000 baseParam=0.000180 gateRatio=0.0550 envParam=0.000450 onsetScale=0.300 retriggerScale=1.400 guard=0.060 guardRemain=0.000 activeAge=-1.000 retrigRemain=0.000 pitchHz=216.22 pitchCents=1670.0
2025-12-15 22:55:02 [tracker] [s1] onset t=30.725 env=0.00093 gate=0.00002 envDelta=0.00091 envFloor=0.00061 onset=0.996 thresh=0.006 onsetDelta=0.99005 baseline=0.00041 adaptive=0.00102 lastPeak=0.00000 guard=0.060 activeAge=-1.000 pitch=216.22Hz pitchCents=1670.0
2025-12-15 22:55:02 [tracker] [s1] aubio-raw t=30.8288 onset=1.067103 env=0.000920 peak=0.002189 gain=1.000
2025-12-15 22:55:02 [tracker] [s1] onset-accepted t=30.8288 env=0.000920 gate=0.000022 envDelta=0.000898 envFloor=0.000613 onset=1.067103 thresh=0.006000 onsetDelta=1.061103 baseline=0.000409 floor=0.000180 adapt=0.001022 lastPeak=0.000000 baseParam=0.000180 gateRatio=0.0550 envParam=0.000450 onsetScale=0.300 retriggerScale=1.400 guard=0.060 guardRemain=0.000 activeAge=-1.000 retrigRemain=0.000 pitchHz=-1.00 pitchCents=0.0
2025-12-15 22:55:02 [tracker] [s3] onset t=30.874 env=0.00124 gate=0.00008 envDelta=0.00116 envFloor=0.00093 onset=0.566 thresh=0.012 onsetDelta=0.55481 baseline=0.00062 adaptive=0.00154 lastPeak=0.00000 guard=0.060 activeAge=-1.000 pitch=-1.00Hz pitchCents=0.0
2025-12-15 22:55:02 [tracker] [s4] onset t=31.029 env=0.00120 gate=0.00011 envDelta=0.00109 envFloor=0.00098 onset=1.152 thresh=0.014 onsetDelta=1.13762 baseline=0.00065 adaptive=0.00163 lastPeak=0.00000 guard=0.060 activeAge=-1.000 pitch=-1.00Hz pitchCents=0.0
2025-12-15 22:55:03 [tracker] [s2] onset t=31.362 env=0.00149 gate=0.00001 envDelta=0.00148 envFloor=0.00099 onset=0.854 thresh=0.009 onsetDelta=0.84451 baseline=0.00066 adaptive=0.00166 lastPeak=0.00000 guard=0.060 activeAge=-1.000 pitch=533.36Hz pitchCents=2733.1
2025-12-15 22:55:03 [tracker] [s1] aubio-raw t=31.3674 onset=0.997520 env=0.000826 peak=0.002335 gain=1.000
2025-12-15 22:55:03 [tracker] [s1] onset-accepted t=31.3674 env=0.000826 gate=0.000020 envDelta=0.000806 envFloor=0.000553 onset=0.997520 thresh=0.006000 onsetDelta=0.991520 baseline=0.000369 floor=0.000180 adapt=0.000922 lastPeak=0.000000 baseParam=0.000180 gateRatio=0.0550 envParam=0.000450 onsetScale=0.300 retriggerScale=1.400 guard=0.060 guardRemain=0.000 activeAge=-1.000 retrigRemain=0.000 pitchHz=160.00 pitchCents=1148.6
2025-12-15 22:55:03 [tracker] [s1] onset t=31.367 env=0.00083 gate=0.00002 envDelta=0.00081 envFloor=0.00055 onset=0.998 thresh=0.006 onsetDelta=0.99152 baseline=0.00037 adaptive=0.00092 lastPeak=0.00000 guard=0.060 activeAge=-1.000 pitch=160.00Hz pitchCents=1148.6
2025-12-15 22:55:03 [tracker] [s6] onset t=31.386 env=0.00210 gate=0.00020 envDelta=0.00190 envFloor=0.00121 onset=0.517 thresh=0.018 onsetDelta=0.49886 baseline=0.00081 adaptive=0.00202 lastPeak=0.00000 guard=0.060 activeAge=-1.000 pitch=-1.00Hz pitchCents=0.0
2025-12-15 22:55:03 [tracker] [s1] aubio-raw t=31.4501 onset=1.263249 env=0.000724 peak=0.002192 gain=1.000
2025-12-15 22:55:03 [tracker] [s1] onset-accepted t=31.4501 env=0.000724 gate=0.000023 envDelta=0.000701 envFloor=0.000627 onset=1.263249 thresh=0.006000 onsetDelta=1.257249 baseline=0.000418 floor=0.000180 adapt=0.001045 lastPeak=0.000000 baseParam=0.000180 gateRatio=0.0550 envParam=0.000450 onsetScale=0.300 retriggerScale=1.400 guard=0.060 guardRemain=0.000 activeAge=-1.000 retrigRemain=0.000 pitchHz=-1.00 pitchCents=0.0
2025-12-15 22:55:03 [tracker] [s1] onset t=31.450 env=0.00072 gate=0.00002 envDelta=0.00070 envFloor=0.00063 onset=1.263 thresh=0.006 onsetDelta=1.25725 baseline=0.00042 adaptive=0.00104 lastPeak=0.00000 guard=0.060 activeAge=-1.000 pitch=-1.00Hz pitchCents=0.0
2025-12-15 22:55:03 [tracker] [s6] onset t=31.490 env=0.00211 gate=0.00022 envDelta=0.00189 envFloor=0.00132 onset=0.588 thresh=0.018 onsetDelta=0.56982 baseline=0.00088 adaptive=0.00221 lastPeak=0.00000 guard=0.060 activeAge=-1.000 pitch=-1.00Hz pitchCents=0.0
2025-12-15 22:55:03 [tracker] [s2] onset t=31.495 env=0.00109 gate=0.00001 envDelta=0.00108 envFloor=0.00106 onset=1.239 thresh=0.009 onsetDelta=1.22982 baseline=0.00071 adaptive=0.00177 lastPeak=0.00000 guard=0.060 activeAge=-1.000 pitch=-1.00Hz pitchCents=0.0
2025-12-15 22:55:03 [tracker] [s6] onset t=31.541 env=0.00236 gate=0.00022 envDelta=0.00214 envFloor=0.00132 onset=1.089 thresh=0.018 onsetDelta=1.07092 baseline=0.00088 adaptive=0.00220 lastPeak=0.00000 guard=0.060 activeAge=-1.000 pitch=-1.00Hz pitchCents=0.0
2025-12-15 22:55:03 [tracker] [s1] aubio-raw t=31.6047 onset=0.994431 env=0.000819 peak=0.001918 gain=1.000
2025-12-15 22:55:03 [tracker] [s1] onset-accepted t=31.6047 env=0.000819 gate=0.000022 envDelta=0.000796 envFloor=0.000613 onset=0.994431 thresh=0.006000 onsetDelta=0.988431 baseline=0.000409 floor=0.000180 adapt=0.001021 lastPeak=0.000000 baseParam=0.000180 gateRatio=0.0550 envParam=0.000450 onsetScale=0.300 retriggerScale=1.400 guard=0.060 guardRemain=0.000 activeAge=-1.000 retrigRemain=0.000 pitchHz=999.69 pitchCents=4320.8
2025-12-15 22:55:03 [tracker] [s1] onset t=31.605 env=0.00082 gate=0.00002 envDelta=0.00080 envFloor=0.00061 onset=0.994 thresh=0.006 onsetDelta=0.98843 baseline=0.00041 adaptive=0.00102 lastPeak=0.00000 guard=0.060 activeAge=-1.000 pitch=999.69Hz pitchCents=4320.8
2025-12-15 22:55:03 [tracker] [s4] onset t=31.639 env=0.00123 gate=0.00011 envDelta=0.00112 envFloor=0.00100 onset=0.999 thresh=0.014 onsetDelta=0.98456 baseline=0.00067 adaptive=0.00167 lastPeak=0.00000 guard=0.060 activeAge=-1.000 pitch=-1.00Hz pitchCents=0.0
2025-12-15 22:55:03 [tracker] [s6] onset t=31.655 env=0.00172 gate=0.00020 envDelta=0.00152 envFloor=0.00120 onset=0.885 thresh=0.018 onsetDelta=0.86687 baseline=0.00080 adaptive=0.00199 lastPeak=0.00000 guard=0.060 activeAge=-1.000 pitch=-1.00Hz pitchCents=0.0
2025-12-15 22:55:03 [tracker] [s6] onset t=31.981 env=0.00195 gate=0.00020 envDelta=0.00174 envFloor=0.00122 onset=1.146 thresh=0.018 onsetDelta=1.12794 baseline=0.00081 adaptive=0.00204 lastPeak=0.00000 guard=0.060 activeAge=-1.000 pitch=-1.00Hz pitchCents=0.0
2025-12-15 22:55:03 [tracker] [s3] onset t=32.007 env=0.00156 gate=0.00008 envDelta=0.00148 envFloor=0.00092 onset=0.873 thresh=0.012 onsetDelta=0.86180 baseline=0.00061 adaptive=0.00153 lastPeak=0.00000 guard=0.060 activeAge=-1.000 pitch=-1.00Hz pitchCents=0.0
2025-12-15 22:55:03 [tracker] [s1] aubio-raw t=32.0127 onset=0.739748 env=0.000852 peak=0.001828 gain=1.000
2025-12-15 22:55:03 [tracker] [s1] onset-accepted t=32.0127 env=0.000852 gate=0.000022 envDelta=0.000829 envFloor=0.000608 onset=0.739748 thresh=0.006000 onsetDelta=0.733748 baseline=0.000406 floor=0.000180 adapt=0.001014 lastPeak=0.000000 baseParam=0.000180 gateRatio=0.0550 envParam=0.000450 onsetScale=0.300 retriggerScale=1.400 guard=0.060 guardRemain=0.000 activeAge=-1.000 retrigRemain=0.000 pitchHz=-1.00 pitchCents=0.0
2025-12-15 22:55:03 [tracker] [s1] onset t=32.013 env=0.00085 gate=0.00002 envDelta=0.00083 envFloor=0.00061 onset=0.740 thresh=0.006 onsetDelta=0.73375 baseline=0.00041 adaptive=0.00101 lastPeak=0.00000 guard=0.060 activeAge=-1.000 pitch=-1.00Hz pitchCents=0.0
2025-12-15 22:55:03 [tracker] [s1] aubio-raw t=32.1353 onset=0.995894 env=0.000922 peak=0.002070 gain=1.000
2025-12-15 22:55:03 [tracker] [s1] onset-accepted t=32.1353 env=0.000922 gate=0.000022 envDelta=0.000900 envFloor=0.000605 onset=0.995894 thresh=0.006000 onsetDelta=0.989894 baseline=0.000403 floor=0.000180 adapt=0.001008 lastPeak=0.000000 baseParam=0.000180 gateRatio=0.0550 envParam=0.000450 onsetScale=0.300 retriggerScale=1.400 guard=0.060 guardRemain=0.000 activeAge=-1.000 retrigRemain=0.000 pitchHz=-1.00 pitchCents=0.0
2025-12-15 22:55:03 [tracker] [s1] onset t=32.135 env=0.00092 gate=0.00002 envDelta=0.00090 envFloor=0.00061 onset=0.996 thresh=0.006 onsetDelta=0.98989 baseline=0.00040 adaptive=0.00101 lastPeak=0.00000 guard=0.060 activeAge=-1.000 pitch=-1.00Hz pitchCents=0.0
2025-12-15 22:55:03 [tracker] [s3] onset t=32.173 env=0.00138 gate=0.00008 envDelta=0.00130 envFloor=0.00092 onset=0.935 thresh=0.012 onsetDelta=0.92383 baseline=0.00061 adaptive=0.00154 lastPeak=0.00000 guard=0.060 activeAge=-1.000 pitch=-1.00Hz pitchCents=0.0
2025-12-15 22:55:03 [tracker] [s2] onset t=32.175 env=0.00147 gate=0.00001 envDelta=0.00147 envFloor=0.00101 onset=1.151 thresh=0.009 onsetDelta=1.14216 baseline=0.00067 adaptive=0.00168 lastPeak=0.00000 guard=0.060 activeAge=-1.000 pitch=666.61Hz pitchCents=3119.2
2025-12-15 22:55:03 [tracker] [s4] onset t=32.175 env=0.00144 gate=0.00011 envDelta=0.00133 envFloor=0.00096 onset=0.898 thresh=0.014 onsetDelta=0.88447 baseline=0.00064 adaptive=0.00160 lastPeak=0.00000 guard=0.060 activeAge=-1.000 pitch=-1.00Hz pitchCents=0.0
2025-12-15 22:55:03 [tracker] [s2] onset t=32.279 env=0.00136 gate=0.00001 envDelta=0.00135 envFloor=0.00102 onset=1.175 thresh=0.009 onsetDelta=1.16618 baseline=0.00068 adaptive=0.00171 lastPeak=0.00000 guard=0.060 activeAge=-1.000 pitch=-1.00Hz pitchCents=0.0
2025-12-15 22:55:04 [tracker] [s2] onset t=32.354 env=0.00126 gate=0.00001 envDelta=0.00126 envFloor=0.00092 onset=1.039 thresh=0.009 onsetDelta=1.03042 baseline=0.00061 adaptive=0.00153 lastPeak=0.00000 guard=0.060 activeAge=-1.000 pitch=-1.00Hz pitchCents=0.0
2025-12-15 22:55:04 [tracker] [s4] onset t=32.386 env=0.00133 gate=0.00011 envDelta=0.00122 envFloor=0.00101 onset=0.998 thresh=0.014 onsetDelta=0.98427 baseline=0.00067 adaptive=0.00168 lastPeak=0.00000 guard=0.060 activeAge=-1.000 pitch=-1.00Hz pitchCents=0.0
2025-12-15 22:55:04 [tracker] [s3] onset t=32.399 env=0.00121 gate=0.00008 envDelta=0.00113 envFloor=0.00088 onset=0.801 thresh=0.012 onsetDelta=0.78976 baseline=0.00059 adaptive=0.00147 lastPeak=0.00000 guard=0.060 activeAge=-1.000 pitch=-1.00Hz pitchCents=0.0
2025-12-15 22:55:04 [tracker] [s2] onset t=32.437 env=0.00118 gate=0.00001 envDelta=0.00117 envFloor=0.00095 onset=1.142 thresh=0.009 onsetDelta=1.13342 baseline=0.00063 adaptive=0.00158 lastPeak=0.00000 guard=0.060 activeAge=-1.000 pitch=-1.00Hz pitchCents=0.0
2025-12-15 22:55:04 [tracker] [s4] onset t=32.498 env=0.00162 gate=0.00011 envDelta=0.00150 envFloor=0.00099 onset=0.861 thresh=0.014 onsetDelta=0.84733 baseline=0.00066 adaptive=0.00165 lastPeak=0.00000 guard=0.060 activeAge=-1.000 pitch=-1.00Hz pitchCents=0.0
2025-12-15 22:55:04 [tracker] [s5] onset t=32.589 env=0.00189 gate=0.00015 envDelta=0.00174 envFloor=0.00104 onset=0.998 thresh=0.016 onsetDelta=0.98212 baseline=0.00069 adaptive=0.00173 lastPeak=0.00000 guard=0.060 activeAge=-1.000 pitch=-1.00Hz pitchCents=0.0
2025-12-15 22:55:04 [tracker] [s4] onset t=32.671 env=0.00153 gate=0.00012 envDelta=0.00142 envFloor=0.00102 onset=0.777 thresh=0.014 onsetDelta=0.76281 baseline=0.00068 adaptive=0.00170 lastPeak=0.00000 guard=0.060 activeAge=-1.000 pitch=-1.00Hz pitchCents=0.0
2025-12-15 22:55:04 [tracker] [s6] onset t=32.834 env=0.00165 gate=0.00020 envDelta=0.00146 envFloor=0.00119 onset=0.999 thresh=0.018 onsetDelta=0.98081 baseline=0.00080 adaptive=0.00199 lastPeak=0.00000 guard=0.060 activeAge=-1.000 pitch=-1.00Hz pitchCents=0.0
2025-12-15 22:55:04 [tracker] [s2] onset t=32.879 env=0.00195 gate=0.00001 envDelta=0.00194 envFloor=0.00101 onset=0.927 thresh=0.009 onsetDelta=0.91765 baseline=0.00068 adaptive=0.00169 lastPeak=0.00000 guard=0.060 activeAge=-1.000 pitch=-1.00Hz pitchCents=0.0
2025-12-15 22:55:04 [tracker] [s4] onset t=32.983 env=0.00167 gate=0.00012 envDelta=0.00155 envFloor=0.00103 onset=1.081 thresh=0.014 onsetDelta=1.06663 baseline=0.00069 adaptive=0.00172 lastPeak=0.00000 guard=0.060 activeAge=-1.000 pitch=-1.00Hz pitchCents=0.0
2025-12-15 22:55:04 [tracker] [s6] onset t=33.021 env=0.00210 gate=0.00021 envDelta=0.00189 envFloor=0.00129 onset=1.019 thresh=0.018 onsetDelta=1.00142 baseline=0.00086 adaptive=0.00215 lastPeak=0.00000 guard=0.060 activeAge=-1.000 pitch=-1.00Hz pitchCents=0.0
2025-12-15 22:55:04 [tracker] [s4] onset t=33.058 env=0.00180 gate=0.00012 envDelta=0.00169 envFloor=0.00102 onset=0.784 thresh=0.014 onsetDelta=0.76993 baseline=0.00068 adaptive=0.00170 lastPeak=0.00000 guard=0.060 activeAge=-1.000 pitch=-1.00Hz pitchCents=0.0
2025-12-15 22:55:04 [tracker] [s6] onset t=33.125 env=0.00172 gate=0.00020 envDelta=0.00151 envFloor=0.00123 onset=0.707 thresh=0.018 onsetDelta=0.68929 baseline=0.00082 adaptive=0.00204 lastPeak=0.00000 guard=0.060 activeAge=-1.000 pitch=-1.00Hz pitchCents=0.0
2025-12-15 22:55:04 [tracker] [s4] onset t=33.207 env=0.00126 gate=0.00010 envDelta=0.00116 envFloor=0.00090 onset=0.971 thresh=0.014 onsetDelta=0.95696 baseline=0.00060 adaptive=0.00151 lastPeak=0.00000 guard=0.060 activeAge=-1.000 pitch=-1.00Hz pitchCents=0.0
2025-12-15 22:55:04 [tracker] [s2] onset t=33.314 env=0.00098 gate=0.00001 envDelta=0.00097 envFloor=0.00090 onset=0.803 thresh=0.009 onsetDelta=0.79358 baseline=0.00060 adaptive=0.00149 lastPeak=0.00000 guard=0.060 activeAge=-1.000 pitch=98.76Hz pitchCents=-186.5
2025-12-15 22:55:04 [tracker] [s1] aubio-raw t=33.3219 onset=0.836216 env=0.000706 peak=0.002357 gain=1.000
2025-12-15 22:55:04 [tracker] [s1] onset-accepted t=33.3219 env=0.000706 gate=0.000023 envDelta=0.000683 envFloor=0.000614 onset=0.836216 thresh=0.006000 onsetDelta=0.830216 baseline=0.000409 floor=0.000180 adapt=0.001023 lastPeak=0.000000 baseParam=0.000180 gateRatio=0.0550 envParam=0.000450 onsetScale=0.300 retriggerScale=1.400 guard=0.060 guardRemain=0.000 activeAge=-1.000 retrigRemain=0.000 pitchHz=-1.00 pitchCents=0.0
2025-12-15 22:55:04 [tracker] [s1] onset t=33.322 env=0.00071 gate=0.00002 envDelta=0.00068 envFloor=0.00061 onset=0.836 thresh=0.006 onsetDelta=0.83022 baseline=0.00041 adaptive=0.00102 lastPeak=0.00000 guard=0.060 activeAge=-1.000 pitch=-1.00Hz pitchCents=0.0
2025-12-15 22:55:05 [tracker] [s4] onset t=33.525 env=0.00151 gate=0.00012 envDelta=0.00140 envFloor=0.00102 onset=1.015 thresh=0.014 onsetDelta=1.00113 baseline=0.00068 adaptive=0.00169 lastPeak=0.00000 guard=0.060 activeAge=-1.000 pitch=-1.00Hz pitchCents=0.0
2025-12-15 22:55:05 [tracker] [s1] aubio-raw t=33.5326 onset=0.774695 env=0.000916 peak=0.002003 gain=1.000
2025-12-15 22:55:05 [tracker] [s1] onset-accepted t=33.5326 env=0.000916 gate=0.000022 envDelta=0.000895 envFloor=0.000589 onset=0.774695 thresh=0.006000 onsetDelta=0.768695 baseline=0.000393 floor=0.000180 adapt=0.000981 lastPeak=0.000000 baseParam=0.000180 gateRatio=0.0550 envParam=0.000450 onsetScale=0.300 retriggerScale=1.400 guard=0.060 guardRemain=0.000 activeAge=-1.000 retrigRemain=0.000 pitchHz=98.76 pitchCents=313.4
2025-12-15 22:55:05 [tracker] [s1] onset t=33.533 env=0.00092 gate=0.00002 envDelta=0.00089 envFloor=0.00059 onset=0.775 thresh=0.006 onsetDelta=0.76870 baseline=0.00039 adaptive=0.00098 lastPeak=0.00000 guard=0.060 activeAge=-1.000 pitch=98.76Hz pitchCents=313.4
2025-12-15 22:55:05 [tracker] [s5] onset t=33.634 env=0.00145 gate=0.00014 envDelta=0.00131 envFloor=0.00099 onset=0.546 thresh=0.016 onsetDelta=0.52953 baseline=0.00066 adaptive=0.00166 lastPeak=0.00000 guard=0.060 activeAge=-1.000 pitch=-1.00Hz pitchCents=0.0
2025-12-15 22:55:05 [tracker] [s4] onset t=33.725 env=0.00176 gate=0.00011 envDelta=0.00165 envFloor=0.00100 onset=0.849 thresh=0.014 onsetDelta=0.83468 baseline=0.00067 adaptive=0.00167 lastPeak=0.00000 guard=0.060 activeAge=-1.000 pitch=-1.00Hz pitchCents=0.0
2025-12-15 22:55:05 [tracker] [s2] onset t=33.754 env=0.00144 gate=0.00001 envDelta=0.00143 envFloor=0.00094 onset=0.997 thresh=0.009 onsetDelta=0.98770 baseline=0.00063 adaptive=0.00157 lastPeak=0.00000 guard=0.060 activeAge=-1.000 pitch=-1.00Hz pitchCents=0.0
2025-12-15 22:55:05 [tracker] [s6] onset t=33.765 env=0.00208 gate=0.00021 envDelta=0.00186 envFloor=0.00129 onset=0.998 thresh=0.018 onsetDelta=0.97981 baseline=0.00086 adaptive=0.00215 lastPeak=0.00000 guard=0.060 activeAge=-1.000 pitch=-1.00Hz pitchCents=0.0
2025-12-15 22:55:05 [tracker] [s5] onset t=33.831 env=0.00160 gate=0.00015 envDelta=0.00145 envFloor=0.00107 onset=1.258 thresh=0.016 onsetDelta=1.24170 baseline=0.00071 adaptive=0.00179 lastPeak=0.00000 guard=0.060 activeAge=-1.000 pitch=-1.00Hz pitchCents=0.0
2025-12-15 22:55:05 [tracker] [s2] onset t=33.922 env=0.00125 gate=0.00001 envDelta=0.00124 envFloor=0.00095 onset=0.994 thresh=0.009 onsetDelta=0.98538 baseline=0.00064 adaptive=0.00159 lastPeak=0.00000 guard=0.060 activeAge=-1.000 pitch=-1.00Hz pitchCents=0.0
2025-12-15 22:55:05 [tracker] [s1] aubio-raw t=33.9245 onset=1.030321 env=0.001044 peak=0.002277 gain=1.000
2025-12-15 22:55:05 [tracker] [s1] onset-accepted t=33.9245 env=0.001044 gate=0.000024 envDelta=0.001020 envFloor=0.000643 onset=1.030321 thresh=0.006000 onsetDelta=1.024320 baseline=0.000429 floor=0.000180 adapt=0.001071 lastPeak=0.000000 baseParam=0.000180 gateRatio=0.0550 envParam=0.000450 onsetScale=0.300 retriggerScale=1.400 guard=0.060 guardRemain=0.000 activeAge=-1.000 retrigRemain=0.000 pitchHz=-1.00 pitchCents=0.0
2025-12-15 22:55:05 [tracker] [s6] onset t=33.983 env=0.00174 gate=0.00019 envDelta=0.00155 envFloor=0.00116 onset=0.999 thresh=0.018 onsetDelta=0.98125 baseline=0.00077 adaptive=0.00193 lastPeak=0.00000 guard=0.060 activeAge=-1.000 pitch=-1.00Hz pitchCents=0.0
2025-12-15 22:55:05 [tracker] [s3] onset t=34.069 env=0.00144 gate=0.00008 envDelta=0.00137 envFloor=0.00087 onset=1.317 thresh=0.012 onsetDelta=1.30527 baseline=0.00058 adaptive=0.00145 lastPeak=0.00000 guard=0.060 activeAge=-1.000 pitch=-1.00Hz pitchCents=0.0
2025-12-15 22:55:05 [tracker] [s6] onset t=34.098 env=0.00199 gate=0.00021 envDelta=0.00178 envFloor=0.00124 onset=1.175 thresh=0.018 onsetDelta=1.15728 baseline=0.00083 adaptive=0.00207 lastPeak=0.00000 guard=0.060 activeAge=-1.000 pitch=-1.00Hz pitchCents=0.0
2025-12-15 22:55:05 [tracker] [s3] onset t=34.146 env=0.00125 gate=0.00008 envDelta=0.00117 envFloor=0.00091 onset=0.984 thresh=0.012 onsetDelta=0.97244 baseline=0.00060 adaptive=0.00151 lastPeak=0.00000 guard=0.060 activeAge=-1.000 pitch=-1.00Hz pitchCents=0.0
2025-12-15 22:55:05 [tracker] [s5] onset t=34.199 env=0.00185 gate=0.00016 envDelta=0.00169 envFloor=0.00113 onset=0.997 thresh=0.016 onsetDelta=0.98125 baseline=0.00075 adaptive=0.00188 lastPeak=0.00000 guard=0.060 activeAge=-1.000 pitch=-1.00Hz pitchCents=0.0
2025-12-15 22:55:06 [tracker] [s5] onset t=34.386 env=0.00163 gate=0.00014 envDelta=0.00149 envFloor=0.00101 onset=1.009 thresh=0.016 onsetDelta=0.99345 baseline=0.00067 adaptive=0.00168 lastPeak=0.00000 guard=0.060 activeAge=-1.000 pitch=-1.00Hz pitchCents=0.0
2025-12-15 22:55:06 [tracker] [s1] aubio-raw t=34.3938 onset=0.505333 env=0.000829 peak=0.002051 gain=1.000
2025-12-15 22:55:06 [tracker] [s1] onset-accepted t=34.3938 env=0.000829 gate=0.000022 envDelta=0.000806 envFloor=0.000609 onset=0.505333 thresh=0.006000 onsetDelta=0.499333 baseline=0.000406 floor=0.000180 adapt=0.001015 lastPeak=0.000000 baseParam=0.000180 gateRatio=0.0550 envParam=0.000450 onsetScale=0.300 retriggerScale=1.400 guard=0.060 guardRemain=0.000 activeAge=-1.000 retrigRemain=0.000 pitchHz=-1.00 pitchCents=0.0
2025-12-15 22:55:06 [tracker] [s1] onset t=34.394 env=0.00083 gate=0.00002 envDelta=0.00081 envFloor=0.00061 onset=0.505 thresh=0.006 onsetDelta=0.49933 baseline=0.00041 adaptive=0.00102 lastPeak=0.00000 guard=0.060 activeAge=-1.000 pitch=-1.00Hz pitchCents=0.0
2025-12-15 22:55:06 [tracker] [s4] onset t=34.442 env=0.00163 gate=0.00011 envDelta=0.00152 envFloor=0.00099 onset=0.961 thresh=0.014 onsetDelta=0.94687 baseline=0.00066 adaptive=0.00165 lastPeak=0.00000 guard=0.060 activeAge=-1.000 pitch=-1.00Hz pitchCents=0.0
2025-12-15 22:55:06 [tracker] [s5] onset t=34.469 env=0.00175 gate=0.00016 envDelta=0.00159 envFloor=0.00113 onset=1.287 thresh=0.016 onsetDelta=1.27103 baseline=0.00075 adaptive=0.00188 lastPeak=0.00000 guard=0.060 activeAge=-1.000 pitch=-1.00Hz pitchCents=0.0
2025-12-15 22:55:06 [tracker] [s1] aubio-raw t=34.5005 onset=0.760762 env=0.000803 peak=0.002161 gain=1.000
2025-12-15 22:55:06 [tracker] [s1] onset-accepted t=34.5005 env=0.000803 gate=0.000023 envDelta=0.000779 envFloor=0.000633 onset=0.760762 thresh=0.006000 onsetDelta=0.754762 baseline=0.000422 floor=0.000180 adapt=0.001055 lastPeak=0.000000 baseParam=0.000180 gateRatio=0.0550 envParam=0.000450 onsetScale=0.300 retriggerScale=1.400 guard=0.060 guardRemain=0.000 activeAge=-1.000 retrigRemain=0.000 pitchHz=-1.00 pitchCents=0.0
2025-12-15 22:55:06 [tracker] [s1] onset t=34.501 env=0.00080 gate=0.00002 envDelta=0.00078 envFloor=0.00063 onset=0.761 thresh=0.006 onsetDelta=0.75476 baseline=0.00042 adaptive=0.00105 lastPeak=0.00000 guard=0.060 activeAge=-1.000 pitch=-1.00Hz pitchCents=0.0
2025-12-15 22:55:06 [tracker] [s3] onset t=34.506 env=0.00119 gate=0.00009 envDelta=0.00111 envFloor=0.00098 onset=0.999 thresh=0.012 onsetDelta=0.98743 baseline=0.00065 adaptive=0.00164 lastPeak=0.00000 guard=0.060 activeAge=-1.000 pitch=-1.00Hz pitchCents=0.0
2025-12-15 22:55:06 [tracker] [s6] onset t=34.530 env=0.00200 gate=0.00022 envDelta=0.00178 envFloor=0.00130 onset=1.084 thresh=0.018 onsetDelta=1.06614 baseline=0.00086 adaptive=0.00216 lastPeak=0.00000 guard=0.060 activeAge=-1.000 pitch=-1.00Hz pitchCents=0.0
2025-12-15 22:55:06 [tracker] [s1] aubio-raw t=34.5725 onset=1.036981 env=0.000883 peak=0.002104 gain=1.000
2025-12-15 22:55:06 [tracker] [s1] onset-accepted t=34.5725 env=0.000883 gate=0.000022 envDelta=0.000860 envFloor=0.000610 onset=1.036981 thresh=0.006000 onsetDelta=1.030981 baseline=0.000406 floor=0.000180 adapt=0.001016 lastPeak=0.000000 baseParam=0.000180 gateRatio=0.0550 envParam=0.000450 onsetScale=0.300 retriggerScale=1.400 guard=0.060 guardRemain=0.000 activeAge=-1.000 retrigRemain=0.000 pitchHz=-1.00 pitchCents=0.0
2025-12-15 22:55:06 [tracker] [s1] onset t=34.573 env=0.00088 gate=0.00002 envDelta=0.00086 envFloor=0.00061 onset=1.037 thresh=0.006 onsetDelta=1.03098 baseline=0.00041 adaptive=0.00102 lastPeak=0.00000 guard=0.060 activeAge=-1.000 pitch=-1.00Hz pitchCents=0.0
2025-12-15 22:55:06 [tracker] [s5] onset t=34.597 env=0.00176 gate=0.00016 envDelta=0.00160 envFloor=0.00114 onset=1.094 thresh=0.016 onsetDelta=1.07776 baseline=0.00076 adaptive=0.00190 lastPeak=0.00000 guard=0.060 activeAge=-1.000 pitch=-1.00Hz pitchCents=0.0
2025-12-15 22:55:06 [tracker] [s1] aubio-raw t=34.6925 onset=1.334987 env=0.000557 peak=0.001393 gain=1.000
2025-12-15 22:55:06 [tracker] [s1] onset-accepted t=34.6925 env=0.000557 gate=0.000019 envDelta=0.000538 envFloor=0.000524 onset=1.334987 thresh=0.006000 onsetDelta=1.328987 baseline=0.000349 floor=0.000180 adapt=0.000873 lastPeak=0.000000 baseParam=0.000180 gateRatio=0.0550 envParam=0.000450 onsetScale=0.300 retriggerScale=1.400 guard=0.060 guardRemain=0.000 activeAge=-1.000 retrigRemain=0.000 pitchHz=111.10 pitchCents=517.2
2025-12-15 22:55:06 [tracker] [s1] onset t=34.692 env=0.00056 gate=0.00002 envDelta=0.00054 envFloor=0.00052 onset=1.335 thresh=0.006 onsetDelta=1.32899 baseline=0.00035 adaptive=0.00087 lastPeak=0.00000 guard=0.060 activeAge=-1.000 pitch=111.10Hz pitchCents=517.2
2025-12-15 22:55:06 [tracker] [s4] onset t=34.770 env=0.00125 gate=0.00011 envDelta=0.00114 envFloor=0.00095 onset=1.153 thresh=0.014 onsetDelta=1.13892 baseline=0.00063 adaptive=0.00158 lastPeak=0.00000 guard=0.060 activeAge=-1.000 pitch=-1.00Hz pitchCents=0.0
2025-12-15 22:55:06 [tracker] [s5] onset t=34.772 env=0.00150 gate=0.00015 envDelta=0.00135 envFloor=0.00107 onset=0.868 thresh=0.016 onsetDelta=0.85181 baseline=0.00071 adaptive=0.00178 lastPeak=0.00000 guard=0.060 activeAge=-1.000 pitch=-1.00Hz pitchCents=0.0
2025-12-15 22:55:06 [tracker] [s1] aubio-raw t=34.7992 onset=1.002897 env=0.000699 peak=0.001850 gain=1.000
2025-12-15 22:55:06 [tracker] [s1] onset-accepted t=34.7992 env=0.000699 gate=0.000023 envDelta=0.000677 envFloor=0.000617 onset=1.002897 thresh=0.006000 onsetDelta=0.996897 baseline=0.000411 floor=0.000180 adapt=0.001028 lastPeak=0.000000 baseParam=0.000180 gateRatio=0.0550 envParam=0.000450 onsetScale=0.300 retriggerScale=1.400 guard=0.060 guardRemain=0.000 activeAge=-1.000 retrigRemain=0.000 pitchHz=-1.00 pitchCents=0.0
2025-12-15 22:55:06 [tracker] [s1] onset t=34.799 env=0.00070 gate=0.00002 envDelta=0.00068 envFloor=0.00062 onset=1.003 thresh=0.006 onsetDelta=0.99690 baseline=0.00041 adaptive=0.00103 lastPeak=0.00000 guard=0.060 activeAge=-1.000 pitch=-1.00Hz pitchCents=0.0
2025-12-15 22:55:06 [tracker] [s2] onset t=34.876 env=0.00169 gate=0.00001 envDelta=0.00168 envFloor=0.00097 onset=0.996 thresh=0.009 onsetDelta=0.98655 baseline=0.00065 adaptive=0.00162 lastPeak=0.00000 guard=0.060 activeAge=-1.000 pitch=-1.00Hz pitchCents=0.0
2025-12-15 22:55:06 [tracker] [s3] onset t=34.884 env=0.00161 gate=0.00008 envDelta=0.00152 envFloor=0.00098 onset=1.347 thresh=0.012 onsetDelta=1.33523 baseline=0.00065 adaptive=0.00163 lastPeak=0.00000 guard=0.060 activeAge=-1.000 pitch=-1.00Hz pitchCents=0.0
2025-12-15 22:55:06 [tracker] [s6] onset t=34.906 env=0.00207 gate=0.00021 envDelta=0.00186 envFloor=0.00129 onset=0.813 thresh=0.018 onsetDelta=0.79467 baseline=0.00086 adaptive=0.00214 lastPeak=0.00000 guard=0.060 activeAge=-1.000 pitch=-1.00Hz pitchCents=0.0
2025-12-15 22:55:06 [tracker] [s1] aubio-raw t=34.9911 onset=0.851096 env=0.000964 peak=0.002580 gain=1.000
2025-12-15 22:55:06 [tracker] [s1] onset-accepted t=34.9911 env=0.000964 gate=0.000023 envDelta=0.000942 envFloor=0.000619 onset=0.851096 thresh=0.006000 onsetDelta=0.845096 baseline=0.000413 floor=0.000180 adapt=0.001032 lastPeak=0.000000 baseParam=0.000180 gateRatio=0.0550 envParam=0.000450 onsetScale=0.300 retriggerScale=1.400 guard=0.060 guardRemain=0.000 activeAge=-1.000 retrigRemain=0.000 pitchHz=-1.00 pitchCents=0.0
2025-12-15 22:55:06 [tracker] [s1] onset t=34.991 env=0.00096 gate=0.00002 envDelta=0.00094 envFloor=0.00062 onset=0.851 thresh=0.006 onsetDelta=0.84510 baseline=0.00041 adaptive=0.00103 lastPeak=0.00000 guard=0.060 activeAge=-1.000 pitch=-1.00Hz pitchCents=0.0
2025-12-15 22:55:06 [tracker] [s1] aubio-raw t=35.0738 onset=0.696652 env=0.000767 peak=0.001745 gain=1.000
2025-12-15 22:55:06 [tracker] [s1] onset-accepted t=35.0738 env=0.000767 gate=0.000022 envDelta=0.000745 envFloor=0.000603 onset=0.696652 thresh=0.006000 onsetDelta=0.690652 baseline=0.000402 floor=0.000180 adapt=0.001006 lastPeak=0.000000 baseParam=0.000180 gateRatio=0.0550 envParam=0.000450 onsetScale=0.300 retriggerScale=1.400 guard=0.060 guardRemain=0.000 activeAge=-1.000 retrigRemain=0.000 pitchHz=296.32 pitchCents=2215.6
2025-12-15 22:55:06 [tracker] [s1] onset t=35.074 env=0.00077 gate=0.00002 envDelta=0.00074 envFloor=0.00060 onset=0.697 thresh=0.006 onsetDelta=0.69065 baseline=0.00040 adaptive=0.00101 lastPeak=0.00000 guard=0.060 activeAge=-1.000 pitch=296.32Hz pitchCents=2215.6
2025-12-15 22:55:06 [tracker] [s2] onset t=35.130 env=0.00095 gate=0.00001 envDelta=0.00095 envFloor=0.00088 onset=0.996 thresh=0.009 onsetDelta=0.98719 baseline=0.00059 adaptive=0.00146 lastPeak=0.00000 guard=0.060 activeAge=-1.000 pitch=470.54Hz pitchCents=2516.2
2025-12-15 22:55:06 [tracker] [s5] onset t=35.170 env=0.00155 gate=0.00015 envDelta=0.00141 envFloor=0.00105 onset=0.996 thresh=0.016 onsetDelta=0.97971 baseline=0.00070 adaptive=0.00175 lastPeak=0.00000 guard=0.060 activeAge=-1.000 pitch=-1.00Hz pitchCents=0.0
2025-12-15 22:55:06 [tracker] [s6] onset t=35.247 env=0.00184 gate=0.00021 envDelta=0.00163 envFloor=0.00127 onset=0.963 thresh=0.018 onsetDelta=0.94491 baseline=0.00085 adaptive=0.00212 lastPeak=0.00000 guard=0.060 activeAge=-1.000 pitch=-1.00Hz pitchCents=0.0
2025-12-15 22:55:06 [tracker] [s5] onset t=35.252 env=0.00175 gate=0.00016 envDelta=0.00160 envFloor=0.00111 onset=0.927 thresh=0.016 onsetDelta=0.91121 baseline=0.00074 adaptive=0.00185 lastPeak=0.00000 guard=0.060 activeAge=-1.000 pitch=-1.00Hz pitchCents=0.0
2025-12-15 22:55:06 [tracker] [s1] aubio-raw t=35.2658 onset=0.800233 env=0.000774 peak=0.002123 gain=1.000
2025-12-15 22:55:06 [tracker] [s1] onset-accepted t=35.2658 env=0.000774 gate=0.000022 envDelta=0.000752 envFloor=0.000603 onset=0.800233 thresh=0.006000 onsetDelta=0.794233 baseline=0.000402 floor=0.000180 adapt=0.001006 lastPeak=0.000000 baseParam=0.000180 gateRatio=0.0550 envParam=0.000450 onsetScale=0.300 retriggerScale=1.400 guard=0.060 guardRemain=0.000 activeAge=-1.000 retrigRemain=0.000 pitchHz=-1.00 pitchCents=0.0
2025-12-15 22:55:06 [tracker] [s1] onset t=35.266 env=0.00077 gate=0.00002 envDelta=0.00075 envFloor=0.00060 onset=0.800 thresh=0.006 onsetDelta=0.79423 baseline=0.00040 adaptive=0.00101 lastPeak=0.00000 guard=0.060 activeAge=-1.000 pitch=-1.00Hz pitchCents=0.0
2025-12-15 22:55:07 [tracker] [s4] onset t=35.404 env=0.00129 gate=0.00011 envDelta=0.00117 envFloor=0.00099 onset=0.971 thresh=0.014 onsetDelta=0.95706 baseline=0.00066 adaptive=0.00166 lastPeak=0.00000 guard=0.060 activeAge=-1.000 pitch=-1.00Hz pitchCents=0.0
2025-12-15 22:55:07 [tracker] [s1] aubio-raw t=35.4498 onset=1.321081 env=0.001191 peak=0.002652 gain=1.000
2025-12-15 22:55:07 [tracker] [s1] onset-accepted t=35.4498 env=0.001191 gate=0.000023 envDelta=0.001168 envFloor=0.000637 onset=1.321081 thresh=0.006000 onsetDelta=1.315081 baseline=0.000424 floor=0.000180 adapt=0.001061 lastPeak=0.000000 baseParam=0.000180 gateRatio=0.0550 envParam=0.000450 onsetScale=0.300 retriggerScale=1.400 guard=0.060 guardRemain=0.000 activeAge=-1.000 retrigRemain=0.000 pitchHz=296.30 pitchCents=2215.5
2025-12-15 22:55:07 [tracker] [s1] onset t=35.450 env=0.00119 gate=0.00002 envDelta=0.00117 envFloor=0.00064 onset=1.321 thresh=0.006 onsetDelta=1.31508 baseline=0.00042 adaptive=0.00106 lastPeak=0.00000 guard=0.060 activeAge=-1.000 pitch=296.30Hz pitchCents=2215.5
2025-12-15 22:55:07 [tracker] [s1] aubio-raw t=35.5484 onset=0.701719 env=0.000700 peak=0.001825 gain=1.000
2025-12-15 22:55:07 [tracker] [s1] onset-accepted t=35.5484 env=0.000700 gate=0.000021 envDelta=0.000679 envFloor=0.000584 onset=0.701719 thresh=0.006000 onsetDelta=0.695719 baseline=0.000389 floor=0.000180 adapt=0.000973 lastPeak=0.000000 baseParam=0.000180 gateRatio=0.0550 envParam=0.000450 onsetScale=0.300 retriggerScale=1.400 guard=0.060 guardRemain=0.000 activeAge=-1.000 retrigRemain=0.000 pitchHz=-1.00 pitchCents=0.0
2025-12-15 22:55:07 [tracker] [s1] onset t=35.548 env=0.00070 gate=0.00002 envDelta=0.00068 envFloor=0.00058 onset=0.702 thresh=0.006 onsetDelta=0.69572 baseline=0.00039 adaptive=0.00097 lastPeak=0.00000 guard=0.060 activeAge=-1.000 pitch=-1.00Hz pitchCents=0.0
2025-12-15 22:55:07 [tracker] [s2] onset t=35.572 env=0.00126 gate=0.00001 envDelta=0.00125 envFloor=0.00097 onset=1.073 thresh=0.009 onsetDelta=1.06379 baseline=0.00065 adaptive=0.00162 lastPeak=0.00000 guard=0.060 activeAge=-1.000 pitch=-1.00Hz pitchCents=0.0
2025-12-15 22:55:07 [tracker] [s2] onset t=35.623 env=0.00135 gate=0.00001 envDelta=0.00134 envFloor=0.00090 onset=1.178 thresh=0.009 onsetDelta=1.16940 baseline=0.00060 adaptive=0.00149 lastPeak=0.00000 guard=0.060 activeAge=-1.000 pitch=-1.00Hz pitchCents=0.0
2025-12-15 22:55:07 [tracker] [s2] onset t=35.754 env=0.00177 gate=0.00001 envDelta=0.00177 envFloor=0.00100 onset=1.278 thresh=0.009 onsetDelta=1.26911 baseline=0.00067 adaptive=0.00167 lastPeak=0.00000 guard=0.060 activeAge=-1.000 pitch=-1.00Hz pitchCents=0.0
2025-12-15 22:55:07 [tracker] [s3] onset t=35.762 env=0.00176 gate=0.00008 envDelta=0.00167 envFloor=0.00097 onset=1.001 thresh=0.012 onsetDelta=0.98982 baseline=0.00065 adaptive=0.00162 lastPeak=0.00000 guard=0.060 activeAge=-1.000 pitch=-1.00Hz pitchCents=0.0
2025-12-15 22:55:07 [tracker] [s4] onset t=35.812 env=0.00122 gate=0.00011 envDelta=0.00111 envFloor=0.00097 onset=1.002 thresh=0.014 onsetDelta=0.98752 baseline=0.00065 adaptive=0.00162 lastPeak=0.00000 guard=0.060 activeAge=-1.000 pitch=-1.00Hz pitchCents=0.0
2025-12-15 22:55:07 [tracker] [s2] onset t=35.823 env=0.00107 gate=0.00001 envDelta=0.00106 envFloor=0.00107 onset=0.993 thresh=0.009 onsetDelta=0.98424 baseline=0.00071 adaptive=0.00178 lastPeak=0.00000 guard=0.060 activeAge=-1.000 pitch=106.67Hz pitchCents=-53.2
2025-12-15 22:55:07 [tracker] [s1] aubio-raw t=35.8497 onset=1.027829 env=0.000768 peak=0.001833 gain=1.000
2025-12-15 22:55:07 [tracker] [s1] onset-accepted t=35.8497 env=0.000768 gate=0.000021 envDelta=0.000747 envFloor=0.000569 onset=1.027829 thresh=0.006000 onsetDelta=1.021829 baseline=0.000379 floor=0.000180 adapt=0.000948 lastPeak=0.000000 baseParam=0.000180 gateRatio=0.0550 envParam=0.000450 onsetScale=0.300 retriggerScale=1.400 guard=0.060 guardRemain=0.000 activeAge=-1.000 retrigRemain=0.000 pitchHz=571.36 pitchCents=3352.3
2025-12-15 22:55:07 [tracker] [s1] onset t=35.850 env=0.00077 gate=0.00002 envDelta=0.00075 envFloor=0.00057 onset=1.028 thresh=0.006 onsetDelta=1.02183 baseline=0.00038 adaptive=0.00095 lastPeak=0.00000 guard=0.060 activeAge=-1.000 pitch=571.36Hz pitchCents=3352.3
2025-12-15 22:55:07 [tracker] [s4] onset t=35.930 env=0.00139 gate=0.00011 envDelta=0.00128 envFloor=0.00099 onset=0.993 thresh=0.014 onsetDelta=0.97937 baseline=0.00066 adaptive=0.00166 lastPeak=0.00000 guard=0.060 activeAge=-1.000 pitch=-1.00Hz pitchCents=0.0
2025-12-15 22:55:07 [tracker] [s5] onset t=35.962 env=0.00156 gate=0.00015 envDelta=0.00140 envFloor=0.00110 onset=1.003 thresh=0.016 onsetDelta=0.98738 baseline=0.00074 adaptive=0.00184 lastPeak=0.00000 guard=0.060 activeAge=-1.000 pitch=-1.00Hz pitchCents=0.0
2025-12-15 22:55:07 [tracker] [s2] onset t=36.074 env=0.00099 gate=0.00001 envDelta=0.00098 envFloor=0.00094 onset=1.115 thresh=0.009 onsetDelta=1.10612 baseline=0.00063 adaptive=0.00157 lastPeak=0.00000 guard=0.060 activeAge=-1.000 pitch=-1.00Hz pitchCents=0.0
2025-12-15 22:55:07 [tracker] [s6] onset t=36.106 env=0.00223 gate=0.00021 envDelta=0.00202 envFloor=0.00126 onset=1.250 thresh=0.018 onsetDelta=1.23222 baseline=0.00084 adaptive=0.00210 lastPeak=0.00000 guard=0.060 activeAge=-1.000 pitch=-1.00Hz pitchCents=0.0
2025-12-15 22:55:07 [tracker] [s1] aubio-raw t=36.1111 onset=0.993225 env=0.000681 peak=0.001648 gain=1.000
2025-12-15 22:55:07 [tracker] [s1] onset-accepted t=36.1111 env=0.000681 gate=0.000024 envDelta=0.000657 envFloor=0.000664 onset=0.993225 thresh=0.006000 onsetDelta=0.987225 baseline=0.000443 floor=0.000180 adapt=0.001107 lastPeak=0.000000 baseParam=0.000180 gateRatio=0.0550 envParam=0.000450 onsetScale=0.300 retriggerScale=1.400 guard=0.060 guardRemain=0.000 activeAge=-1.000 retrigRemain=0.000 pitchHz=-1.00 pitchCents=0.0
2025-12-15 22:55:07 [tracker] [s1] onset t=36.111 env=0.00068 gate=0.00002 envDelta=0.00066 envFloor=0.00066 onset=0.993 thresh=0.006 onsetDelta=0.98723 baseline=0.00044 adaptive=0.00111 lastPeak=0.00000 guard=0.060 activeAge=-1.000 pitch=-1.00Hz pitchCents=0.0
2025-12-15 22:55:07 [tracker] [s3] onset t=36.135 env=0.00152 gate=0.00008 envDelta=0.00144 envFloor=0.00094 onset=1.161 thresh=0.012 onsetDelta=1.14957 baseline=0.00063 adaptive=0.00157 lastPeak=0.00000 guard=0.060 activeAge=-1.000 pitch=-1.00Hz pitchCents=0.0
2025-12-15 22:55:07 [tracker] [s2] onset t=36.180 env=0.00116 gate=0.00001 envDelta=0.00115 envFloor=0.00100 onset=1.022 thresh=0.009 onsetDelta=1.01327 baseline=0.00067 adaptive=0.00167 lastPeak=0.00000 guard=0.060 activeAge=-1.000 pitch=421.05Hz pitchCents=2323.8
2025-12-15 22:55:07 [tracker] [s1] aubio-raw t=36.1911 onset=1.081348 env=0.000718 peak=0.002005 gain=1.000
2025-12-15 22:55:07 [tracker] [s1] onset-accepted t=36.1911 env=0.000718 gate=0.000023 envDelta=0.000695 envFloor=0.000640 onset=1.081348 thresh=0.006000 onsetDelta=1.075348 baseline=0.000426 floor=0.000180 adapt=0.001066 lastPeak=0.000000 baseParam=0.000180 gateRatio=0.0550 envParam=0.000450 onsetScale=0.300 retriggerScale=1.400 guard=0.060 guardRemain=0.000 activeAge=-1.000 retrigRemain=0.000 pitchHz=-1.00 pitchCents=0.0
2025-12-15 22:55:07 [tracker] [s1] onset t=36.191 env=0.00072 gate=0.00002 envDelta=0.00069 envFloor=0.00064 onset=1.081 thresh=0.006 onsetDelta=1.07535 baseline=0.00043 adaptive=0.00107 lastPeak=0.00000 guard=0.060 activeAge=-1.000 pitch=-1.00Hz pitchCents=0.0
2025-12-15 22:55:07 [tracker] [s4] onset t=36.266 env=0.00188 gate=0.00011 envDelta=0.00177 envFloor=0.00099 onset=0.936 thresh=0.014 onsetDelta=0.92202 baseline=0.00066 adaptive=0.00165 lastPeak=0.00000 guard=0.060 activeAge=-1.000 pitch=-1.00Hz pitchCents=0.0
2025-12-15 22:55:07 [tracker] [s3] onset t=36.314 env=0.00146 gate=0.00008 envDelta=0.00138 envFloor=0.00092 onset=0.995 thresh=0.012 onsetDelta=0.98368 baseline=0.00061 adaptive=0.00154 lastPeak=0.00000 guard=0.060 activeAge=-1.000 pitch=-1.00Hz pitchCents=0.0
2025-12-15 22:55:08 [tracker] [s5] onset t=36.354 env=0.00168 gate=0.00016 envDelta=0.00152 envFloor=0.00112 onset=0.995 thresh=0.016 onsetDelta=0.97909 baseline=0.00074 adaptive=0.00186 lastPeak=0.00000 guard=0.060 activeAge=-1.000 pitch=-1.00Hz pitchCents=0.0
2025-12-15 22:55:08 [tracker] [s2] onset t=36.487 env=0.00123 gate=0.00001 envDelta=0.00122 envFloor=0.00103 onset=1.275 thresh=0.009 onsetDelta=1.26582 baseline=0.00069 adaptive=0.00171 lastPeak=0.00000 guard=0.060 activeAge=-1.000 pitch=-1.00Hz pitchCents=0.0
2025-12-15 22:55:08 [tracker] [s5] onset t=36.607 env=0.00172 gate=0.00014 envDelta=0.00158 envFloor=0.00102 onset=1.009 thresh=0.016 onsetDelta=0.99298 baseline=0.00068 adaptive=0.00170 lastPeak=0.00000 guard=0.060 activeAge=-1.000 pitch=-1.00Hz pitchCents=0.0
2025-12-15 22:55:08 [tracker] [s2] onset t=36.639 env=0.00165 gate=0.00001 envDelta=0.00165 envFloor=0.00098 onset=0.998 thresh=0.009 onsetDelta=0.98911 baseline=0.00065 adaptive=0.00163 lastPeak=0.00000 guard=0.060 activeAge=-1.000 pitch=-1.00Hz pitchCents=0.0
2025-12-15 22:55:08 [tracker] [s3] onset t=36.714 env=0.00137 gate=0.00009 envDelta=0.00129 envFloor=0.00098 onset=0.996 thresh=0.012 onsetDelta=0.98433 baseline=0.00065 adaptive=0.00164 lastPeak=0.00000 guard=0.060 activeAge=-1.000 pitch=-1.00Hz pitchCents=0.0
2025-12-15 22:55:08 [tracker] [s1] aubio-raw t=36.7510 onset=1.116499 env=0.001150 peak=0.002348 gain=1.000
2025-12-15 22:55:08 [tracker] [s1] onset-accepted t=36.7510 env=0.001150 gate=0.000023 envDelta=0.001127 envFloor=0.000616 onset=1.116499 thresh=0.006000 onsetDelta=1.110499 baseline=0.000411 floor=0.000180 adapt=0.001027 lastPeak=0.000000 baseParam=0.000180 gateRatio=0.0550 envParam=0.000450 onsetScale=0.300 retriggerScale=1.400 guard=0.060 guardRemain=0.000 activeAge=-1.000 retrigRemain=0.000 pitchHz=-1.00 pitchCents=0.0
2025-12-15 22:55:08 [tracker] [s2] onset t=36.751 env=0.00122 gate=0.00001 envDelta=0.00122 envFloor=0.00108 onset=1.001 thresh=0.009 onsetDelta=0.99234 baseline=0.00072 adaptive=0.00180 lastPeak=0.00000 guard=0.060 activeAge=-1.000 pitch=-1.00Hz pitchCents=0.0
2025-12-15 22:55:08 [tracker] [s1] aubio-raw t=36.8550 onset=1.153921 env=0.000602 peak=0.001686 gain=1.000
2025-12-15 22:55:08 [tracker] [s1] onset-below-env-floor t=36.8550 env=0.000602 gate=0.000023 envDelta=0.000579 envFloor=0.000631 onset=1.153921 thresh=0.006000 onsetDelta=1.147921 baseline=0.000420 floor=0.000180 adapt=0.001051 lastPeak=0.000000 baseParam=0.000180 gateRatio=0.0550 envParam=0.000450 onsetScale=0.300 retriggerScale=1.400 guard=0.060 guardRemain=0.000 activeAge=-1.000 retrigRemain=0.000 pitchHz=-1.00 pitchCents=0.0
2025-12-15 22:55:08 [tracker] [s4] onset t=36.895 env=0.00144 gate=0.00011 envDelta=0.00133 envFloor=0.00095 onset=0.997 thresh=0.014 onsetDelta=0.98265 baseline=0.00063 adaptive=0.00159 lastPeak=0.00000 guard=0.060 activeAge=-1.000 pitch=-1.00Hz pitchCents=0.0
2025-12-15 22:55:08 [tracker] [s4] onset t=36.964 env=0.00159 gate=0.00011 envDelta=0.00148 envFloor=0.00095 onset=0.998 thresh=0.014 onsetDelta=0.98438 baseline=0.00063 adaptive=0.00159 lastPeak=0.00000 guard=0.060 activeAge=-1.000 pitch=-1.00Hz pitchCents=0.0
2025-12-15 22:55:08 [tracker] [s6] onset t=37.007 env=0.00183 gate=0.00019 envDelta=0.00164 envFloor=0.00114 onset=1.000 thresh=0.018 onsetDelta=0.98203 baseline=0.00076 adaptive=0.00190 lastPeak=0.00000 guard=0.060 activeAge=-1.000 pitch=-1.00Hz pitchCents=0.0
2025-12-15 22:55:08 [tracker] [s3] onset t=37.020 env=0.00111 gate=0.00009 envDelta=0.00103 envFloor=0.00098 onset=0.990 thresh=0.012 onsetDelta=0.97810 baseline=0.00066 adaptive=0.00164 lastPeak=0.00000 guard=0.060 activeAge=-1.000 pitch=-1.00Hz pitchCents=0.0
2025-12-15 22:55:08 [tracker] [s1] aubio-raw t=37.0257 onset=1.058403 env=0.001281 peak=0.002736 gain=1.000
2025-12-15 22:55:08 [tracker] [s1] onset-accepted t=37.0257 env=0.001281 gate=0.000024 envDelta=0.001257 envFloor=0.000660 onset=1.058403 thresh=0.006000 onsetDelta=1.052402 baseline=0.000440 floor=0.000180 adapt=0.001100 lastPeak=0.000000 baseParam=0.000180 gateRatio=0.0550 envParam=0.000450 onsetScale=0.300 retriggerScale=1.400 guard=0.060 guardRemain=0.000 activeAge=-1.000 retrigRemain=0.000 pitchHz=-1.00 pitchCents=0.0
2025-12-15 22:55:08 [tracker] [s1] onset t=37.026 env=0.00128 gate=0.00002 envDelta=0.00126 envFloor=0.00066 onset=1.058 thresh=0.006 onsetDelta=1.05240 baseline=0.00044 adaptive=0.00110 lastPeak=0.00000 guard=0.060 activeAge=-1.000 pitch=-1.00Hz pitchCents=0.0
2025-12-15 22:55:08 [tracker] [s6] onset t=37.178 env=0.00190 gate=0.00022 envDelta=0.00168 envFloor=0.00132 onset=0.920 thresh=0.018 onsetDelta=0.90246 baseline=0.00088 adaptive=0.00221 lastPeak=0.00000 guard=0.060 activeAge=-1.000 pitch=-1.00Hz pitchCents=0.0
2025-12-15 22:55:08 [tracker] [s4] onset t=37.247 env=0.00135 gate=0.00011 envDelta=0.00124 envFloor=0.00101 onset=0.702 thresh=0.014 onsetDelta=0.68826 baseline=0.00067 adaptive=0.00169 lastPeak=0.00000 guard=0.060 activeAge=-1.000 pitch=-1.00Hz pitchCents=0.0
2025-12-15 22:55:08 [tracker] [s3] onset t=37.330 env=0.00108 gate=0.00008 envDelta=0.00100 envFloor=0.00093 onset=0.984 thresh=0.012 onsetDelta=0.97279 baseline=0.00062 adaptive=0.00154 lastPeak=0.00000 guard=0.060 activeAge=-1.000 pitch=-1.00Hz pitchCents=0.0
2025-12-15 22:55:09 [tracker] [s6] onset t=37.335 env=0.00167 gate=0.00019 envDelta=0.00147 envFloor=0.00117 onset=0.644 thresh=0.018 onsetDelta=0.62632 baseline=0.00078 adaptive=0.00195 lastPeak=0.00000 guard=0.060 activeAge=-1.000 pitch=-1.00Hz pitchCents=0.0
2025-12-15 22:55:09 [tracker] [s5] onset t=37.402 env=0.00149 gate=0.00014 envDelta=0.00135 envFloor=0.00103 onset=1.474 thresh=0.016 onsetDelta=1.45813 baseline=0.00069 adaptive=0.00172 lastPeak=0.00000 guard=0.060 activeAge=-1.000 pitch=-1.00Hz pitchCents=0.0
2025-12-15 22:55:09 [tracker] [s6] onset t=37.484 env=0.00213 gate=0.00021 envDelta=0.00192 envFloor=0.00126 onset=1.024 thresh=0.018 onsetDelta=1.00646 baseline=0.00084 adaptive=0.00210 lastPeak=0.00000 guard=0.060 activeAge=-1.000 pitch=-1.00Hz pitchCents=0.0
2025-12-15 22:55:09 [tracker] [s1] aubio-raw t=37.5216 onset=1.257663 env=0.000925 peak=0.002362 gain=1.000
2025-12-15 22:55:09 [tracker] [s1] onset-accepted t=37.5216 env=0.000925 gate=0.000022 envDelta=0.000903 envFloor=0.000596 onset=1.257663 thresh=0.006000 onsetDelta=1.251663 baseline=0.000397 floor=0.000180 adapt=0.000993 lastPeak=0.000000 baseParam=0.000180 gateRatio=0.0550 envParam=0.000450 onsetScale=0.300 retriggerScale=1.400 guard=0.060 guardRemain=0.000 activeAge=-1.000 retrigRemain=0.000 pitchHz=94.12 pitchCents=230.0
2025-12-15 22:55:09 [tracker] [s1] onset t=37.522 env=0.00093 gate=0.00002 envDelta=0.00090 envFloor=0.00060 onset=1.258 thresh=0.006 onsetDelta=1.25166 baseline=0.00040 adaptive=0.00099 lastPeak=0.00000 guard=0.060 activeAge=-1.000 pitch=94.12Hz pitchCents=230.0
2025-12-15 22:55:09 [tracker] [s5] onset t=37.554 env=0.00201 gate=0.00016 envDelta=0.00185 envFloor=0.00112 onset=0.999 thresh=0.016 onsetDelta=0.98280 baseline=0.00075 adaptive=0.00187 lastPeak=0.00000 guard=0.060 activeAge=-1.000 pitch=-1.00Hz pitchCents=0.0
2025-12-15 22:55:09 [tracker] [s3] onset t=37.732 env=0.00123 gate=0.00008 envDelta=0.00115 envFloor=0.00089 onset=0.919 thresh=0.012 onsetDelta=0.90710 baseline=0.00060 adaptive=0.00149 lastPeak=0.00000 guard=0.060 activeAge=-1.000 pitch=-1.00Hz pitchCents=0.0
2025-12-15 22:55:09 [tracker] [s2] onset t=37.735 env=0.00162 gate=0.00001 envDelta=0.00162 envFloor=0.00096 onset=1.234 thresh=0.009 onsetDelta=1.22529 baseline=0.00064 adaptive=0.00159 lastPeak=0.00000 guard=0.060 activeAge=-1.000 pitch=-1.00Hz pitchCents=0.0
2025-12-15 22:55:09 [tracker] [s1] aubio-raw t=37.7589 onset=1.081007 env=0.000834 peak=0.001745 gain=1.000
2025-12-15 22:55:09 [tracker] [s1] onset-accepted t=37.7589 env=0.000834 gate=0.000022 envDelta=0.000812 envFloor=0.000599 onset=1.081007 thresh=0.006000 onsetDelta=1.075007 baseline=0.000399 floor=0.000180 adapt=0.000998 lastPeak=0.000000 baseParam=0.000180 gateRatio=0.0550 envParam=0.000450 onsetScale=0.300 retriggerScale=1.400 guard=0.060 guardRemain=0.000 activeAge=-1.000 retrigRemain=0.000 pitchHz=190.45 pitchCents=1450.3
2025-12-15 22:55:09 [tracker] [s1] onset t=37.759 env=0.00083 gate=0.00002 envDelta=0.00081 envFloor=0.00060 onset=1.081 thresh=0.006 onsetDelta=1.07501 baseline=0.00040 adaptive=0.00100 lastPeak=0.00000 guard=0.060 activeAge=-1.000 pitch=190.45Hz pitchCents=1450.3
2025-12-15 22:55:09 [tracker] [s5] onset t=37.794 env=0.00171 gate=0.00014 envDelta=0.00157 envFloor=0.00103 onset=1.423 thresh=0.016 onsetDelta=1.40651 baseline=0.00068 adaptive=0.00171 lastPeak=0.00000 guard=0.060 activeAge=-1.000 pitch=-1.00Hz pitchCents=0.0
2025-12-15 22:55:09 [tracker] [s5] onset t=37.868 env=0.00196 gate=0.00015 envDelta=0.00181 envFloor=0.00108 onset=1.002 thresh=0.016 onsetDelta=0.98613 baseline=0.00072 adaptive=0.00181 lastPeak=0.00000 guard=0.060 activeAge=-1.000 pitch=-1.00Hz pitchCents=0.0
2025-12-15 22:55:09 [tracker] [s1] aubio-raw t=37.9029 onset=1.130511 env=0.001032 peak=0.002019 gain=1.000
2025-12-15 22:55:09 [tracker] [s1] onset-accepted t=37.9029 env=0.001032 gate=0.000021 envDelta=0.001011 envFloor=0.000567 onset=1.130511 thresh=0.006000 onsetDelta=1.124511 baseline=0.000378 floor=0.000180 adapt=0.000944 lastPeak=0.000000 baseParam=0.000180 gateRatio=0.0550 envParam=0.000450 onsetScale=0.300 retriggerScale=1.400 guard=0.060 guardRemain=0.000 activeAge=-1.000 retrigRemain=0.000 pitchHz=-1.00 pitchCents=0.0
2025-12-15 22:55:09 [tracker] [s1] onset t=37.903 env=0.00103 gate=0.00002 envDelta=0.00101 envFloor=0.00057 onset=1.131 thresh=0.006 onsetDelta=1.12451 baseline=0.00038 adaptive=0.00094 lastPeak=0.00000 guard=0.060 activeAge=-1.000 pitch=-1.00Hz pitchCents=0.0
2025-12-15 22:55:09 [tracker] [s2] onset t=37.908 env=0.00131 gate=0.00001 envDelta=0.00130 envFloor=0.00099 onset=1.489 thresh=0.009 onsetDelta=1.47969 baseline=0.00066 adaptive=0.00165 lastPeak=0.00000 guard=0.060 activeAge=-1.000 pitch=421.04Hz pitchCents=2323.7
2025-12-15 22:55:09 [tracker] [s5] onset t=37.970 env=0.00169 gate=0.00016 envDelta=0.00153 envFloor=0.00112 onset=0.955 thresh=0.016 onsetDelta=0.93920 baseline=0.00075 adaptive=0.00187 lastPeak=0.00000 guard=0.060 activeAge=-1.000 pitch=-1.00Hz pitchCents=0.0
2025-12-15 22:55:09 [tracker] [s2] onset t=38.015 env=0.00123 gate=0.00001 envDelta=0.00122 envFloor=0.00093 onset=0.996 thresh=0.009 onsetDelta=0.98707 baseline=0.00062 adaptive=0.00155 lastPeak=0.00000 guard=0.060 activeAge=-1.000 pitch=96.39Hz pitchCents=-228.7
2025-12-15 22:55:09 [tracker] [s1] aubio-raw t=38.0363 onset=1.388841 env=0.000721 peak=0.001687 gain=1.000
2025-12-15 22:55:09 [tracker] [s1] onset-accepted t=38.0363 env=0.000721 gate=0.000023 envDelta=0.000698 envFloor=0.000626 onset=1.388841 thresh=0.006000 onsetDelta=1.382841 baseline=0.000418 floor=0.000180 adapt=0.001044 lastPeak=0.000000 baseParam=0.000180 gateRatio=0.0550 envParam=0.000450 onsetScale=0.300 retriggerScale=1.400 guard=0.060 guardRemain=0.000 activeAge=-1.000 retrigRemain=0.000 pitchHz=98.77 pitchCents=313.5
2025-12-15 22:55:09 [tracker] [s1] note-start t=38.036 fret=3 midi=43 vel=0.01 env=0.00072
2025-12-15 22:55:09 [tracker] [s4] onset t=38.042 env=0.00157 gate=0.00011 envDelta=0.00146 envFloor=0.00097 onset=1.045 thresh=0.014 onsetDelta=1.03091 baseline=0.00065 adaptive=0.00162 lastPeak=0.00000 guard=0.060 activeAge=-1.000 pitch=-1.00Hz pitchCents=0.0
2025-12-15 22:55:09 [tracker] [s2] onset t=38.092 env=0.00124 gate=0.00001 envDelta=0.00123 envFloor=0.00098 onset=1.057 thresh=0.009 onsetDelta=1.04793 baseline=0.00065 adaptive=0.00163 lastPeak=0.00000 guard=0.060 activeAge=-1.000 pitch=-1.00Hz pitchCents=0.0
2025-12-15 22:55:09 [tracker] [s6] onset t=38.103 env=0.00144 gate=0.00019 envDelta=0.00124 envFloor=0.00117 onset=1.001 thresh=0.018 onsetDelta=0.98327 baseline=0.00078 adaptive=0.00195 lastPeak=0.00000 guard=0.060 activeAge=-1.000 pitch=-1.00Hz pitchCents=0.0
2025-12-15 22:55:09 [tracker] [s3] onset t=38.162 env=0.00105 gate=0.00008 envDelta=0.00096 envFloor=0.00095 onset=0.991 thresh=0.012 onsetDelta=0.97933 baseline=0.00063 adaptive=0.00158 lastPeak=0.00000 guard=0.060 activeAge=-1.000 pitch=-1.00Hz pitchCents=0.0
2025-12-15 22:55:09 [tracker] [s4] onset t=38.250 env=0.00139 gate=0.00011 envDelta=0.00129 envFloor=0.00095 onset=1.379 thresh=0.014 onsetDelta=1.36481 baseline=0.00064 adaptive=0.00159 lastPeak=0.00000 guard=0.060 activeAge=-1.000 pitch=-1.00Hz pitchCents=0.0
2025-12-15 22:55:10 [tracker] [s2] onset t=38.348 env=0.00119 gate=0.00001 envDelta=0.00119 envFloor=0.00096 onset=1.296 thresh=0.009 onsetDelta=1.28657 baseline=0.00064 adaptive=0.00161 lastPeak=0.00000 guard=0.060 activeAge=-1.000 pitch=-1.00Hz pitchCents=0.0
2025-12-15 22:55:10 [tracker] [s3] onset t=38.383 env=0.00119 gate=0.00008 envDelta=0.00112 envFloor=0.00090 onset=1.201 thresh=0.012 onsetDelta=1.18919 baseline=0.00060 adaptive=0.00150 lastPeak=0.00000 guard=0.060 activeAge=-1.000 pitch=-1.00Hz pitchCents=0.0
2025-12-15 22:55:10 [tracker] [s1] aubio-raw t=38.5402 onset=0.997135 env=0.000566 peak=0.001356 gain=1.000
2025-12-15 22:55:10 [tracker] [s1] onset-below-env-floor t=38.5402 env=0.000566 gate=0.000023 envDelta=0.000543 envFloor=0.000628 onset=0.997135 thresh=0.006000 onsetDelta=0.991135 baseline=0.000419 floor=0.000180 adapt=0.001047 lastPeak=0.000279 baseParam=0.000180 gateRatio=0.0550 envParam=0.000450 onsetScale=0.300 retriggerScale=1.400 guard=0.060 guardRemain=0.000 activeAge=0.504 retrigRemain=0.000 pitchHz=94.11 pitchCents=230.0
2025-12-15 22:55:10 [tracker] [s1] release-retrigger t=38.540 onset=0.997 gate=0.000 age=0.504
2025-12-15 22:55:10 [tracker] [s1] note-ended t=38.540 fret=3 dur=0.504
2025-12-15 22:55:10 [tracker] [s1] aubio-raw t=38.6575 onset=1.030075 env=0.000608 peak=0.001433 gain=1.000
2025-12-15 22:55:10 [tracker] [s1] onset-accepted t=38.6575 env=0.000608 gate=0.000022 envDelta=0.000587 envFloor=0.000595 onset=1.030075 thresh=0.006000 onsetDelta=1.024075 baseline=0.000397 floor=0.000180 adapt=0.000992 lastPeak=0.000224 baseParam=0.000180 gateRatio=0.0550 envParam=0.000450 onsetScale=0.300 retriggerScale=1.400 guard=0.060 guardRemain=0.000 activeAge=-1.000 retrigRemain=0.000 pitchHz=320.01 pitchCents=2348.7
2025-12-15 22:55:10 [tracker] [s2] onset t=38.684 env=0.00206 gate=0.00001 envDelta=0.00205 envFloor=0.00104 onset=1.002 thresh=0.009 onsetDelta=0.99339 baseline=0.00070 adaptive=0.00174 lastPeak=0.00000 guard=0.060 activeAge=-1.000 pitch=-1.00Hz pitchCents=0.0
2025-12-15 22:55:10 [tracker] [s6] onset t=38.724 env=0.00200 gate=0.00021 envDelta=0.00180 envFloor=0.00124 onset=0.999 thresh=0.018 onsetDelta=0.98124 baseline=0.00083 adaptive=0.00207 lastPeak=0.00000 guard=0.060 activeAge=-1.000 pitch=-1.00Hz pitchCents=0.0
2025-12-15 22:55:10 [tracker] [s4] onset t=38.799 env=0.00147 gate=0.00011 envDelta=0.00136 envFloor=0.00096 onset=1.104 thresh=0.014 onsetDelta=1.08953 baseline=0.00064 adaptive=0.00160 lastPeak=0.00000 guard=0.060 activeAge=-1.000 pitch=-1.00Hz pitchCents=0.0
2025-12-15 22:55:10 [tracker] [s2] onset t=38.807 env=0.00100 gate=0.00001 envDelta=0.00100 envFloor=0.00092 onset=0.786 thresh=0.009 onsetDelta=0.77666 baseline=0.00062 adaptive=0.00154 lastPeak=0.00000 guard=0.060 activeAge=-1.000 pitch=-1.00Hz pitchCents=0.0
2025-12-15 22:55:10 [tracker] [s1] aubio-raw t=38.8415 onset=1.103358 env=0.000939 peak=0.002205 gain=1.000
2025-12-15 22:55:10 [tracker] [s1] onset-accepted t=38.8415 env=0.000939 gate=0.000023 envDelta=0.000916 envFloor=0.000616 onset=1.103358 thresh=0.006000 onsetDelta=1.097358 baseline=0.000410 floor=0.000180 adapt=0.001026 lastPeak=0.000159 baseParam=0.000180 gateRatio=0.0550 envParam=0.000450 onsetScale=0.300 retriggerScale=1.400 guard=0.060 guardRemain=0.000 activeAge=-1.000 retrigRemain=0.000 pitchHz=319.96 pitchCents=2348.5
2025-12-15 22:55:10 [tracker] [s1] onset t=38.842 env=0.00094 gate=0.00002 envDelta=0.00092 envFloor=0.00062 onset=1.103 thresh=0.006 onsetDelta=1.09736 baseline=0.00041 adaptive=0.00103 lastPeak=0.00016 guard=0.060 activeAge=-1.000 pitch=319.96Hz pitchCents=2348.5
2025-12-15 22:55:10 [tracker] [s1] note-start t=38.842 fret=23 midi=63 vel=0.01 env=0.00094
2025-12-15 22:55:10 [tracker] [s6] onset t=38.879 env=0.00131 gate=0.00020 envDelta=0.00111 envFloor=0.00117 onset=1.018 thresh=0.018 onsetDelta=0.99962 baseline=0.00078 adaptive=0.00195 lastPeak=0.00000 guard=0.060 activeAge=-1.000 pitch=-1.00Hz pitchCents=0.0
2025-12-15 22:55:10 [tracker] [s3] onset t=38.898 env=0.00119 gate=0.00008 envDelta=0.00112 envFloor=0.00088 onset=0.999 thresh=0.012 onsetDelta=0.98731 baseline=0.00059 adaptive=0.00147 lastPeak=0.00000 guard=0.060 activeAge=-1.000 pitch=-1.00Hz pitchCents=0.0
2025-12-15 22:55:10 [tracker] [s6] onset t=38.975 env=0.00186 gate=0.00020 envDelta=0.00165 envFloor=0.00121 onset=0.877 thresh=0.018 onsetDelta=0.85873 baseline=0.00081 adaptive=0.00202 lastPeak=0.00000 guard=0.060 activeAge=-1.000 pitch=-1.00Hz pitchCents=0.0
2025-12-15 22:55:10 [tracker] [s4] onset t=39.026 env=0.00189 gate=0.00011 envDelta=0.00178 envFloor=0.00097 onset=0.866 thresh=0.014 onsetDelta=0.85204 baseline=0.00065 adaptive=0.00161 lastPeak=0.00000 guard=0.060 activeAge=-1.000 pitch=-1.00Hz pitchCents=0.0
2025-12-15 22:55:10 [tracker] [s2] onset t=39.063 env=0.00156 gate=0.00001 envDelta=0.00155 envFloor=0.00104 onset=0.997 thresh=0.009 onsetDelta=0.98845 baseline=0.00069 adaptive=0.00173 lastPeak=0.00000 guard=0.060 activeAge=-1.000 pitch=-1.00Hz pitchCents=0.0
2025-12-15 22:55:10 [tracker] [s1] aubio-raw t=39.0682 onset=0.769032 env=0.001350 peak=0.002762 gain=1.000
2025-12-15 22:55:10 [tracker] [s1] onset-accepted t=39.0682 env=0.001350 gate=0.000030 envDelta=0.001320 envFloor=0.000627 onset=0.769032 thresh=0.006000 onsetDelta=0.763032 baseline=0.000552 floor=0.000180 adapt=0.001045 lastPeak=0.000613 baseParam=0.000180 gateRatio=0.0550 envParam=0.000450 onsetScale=0.300 retriggerScale=1.400 guard=0.060 guardRemain=0.000 activeAge=0.227 retrigRemain=0.000 pitchHz=-1.00 pitchCents=0.0
2025-12-15 22:55:10 [tracker] [s1] onset t=39.068 env=0.00135 gate=0.00003 envDelta=0.00132 envFloor=0.00063 onset=0.769 thresh=0.006 onsetDelta=0.76303 baseline=0.00055 adaptive=0.00104 lastPeak=0.00061 guard=0.060 activeAge=0.227 pitch=-1.00Hz pitchCents=0.0
2025-12-15 22:55:10 [tracker] [s1] note-ended (new onset) t=39.068 fret=23 dur=0.227
2025-12-15 22:55:10 [tracker] [s6] onset t=39.074 env=0.00213 gate=0.00022 envDelta=0.00192 envFloor=0.00130 onset=1.414 thresh=0.018 onsetDelta=1.39570 baseline=0.00087 adaptive=0.00217 lastPeak=0.00000 guard=0.060 activeAge=-1.000 pitch=-1.00Hz pitchCents=0.0
2025-12-15 22:55:10 [tracker] [s2] onset t=39.130 env=0.00128 gate=0.00001 envDelta=0.00127 envFloor=0.00107 onset=0.826 thresh=0.009 onsetDelta=0.81708 baseline=0.00071 adaptive=0.00178 lastPeak=0.00000 guard=0.060 activeAge=-1.000 pitch=-1.00Hz pitchCents=0.0
2025-12-15 22:55:10 [tracker] [s5] onset t=39.138 env=0.00160 gate=0.00015 envDelta=0.00144 envFloor=0.00109 onset=1.171 thresh=0.016 onsetDelta=1.15529 baseline=0.00072 adaptive=0.00181 lastPeak=0.00000 guard=0.060 activeAge=-1.000 pitch=-1.00Hz pitchCents=0.0
2025-12-15 22:55:10 [tracker] [s1] aubio-raw t=39.2922 onset=1.437395 env=0.000761 peak=0.002127 gain=1.000
2025-12-15 22:55:10 [tracker] [s1] onset-accepted t=39.2922 env=0.000761 gate=0.000021 envDelta=0.000740 envFloor=0.000575 onset=1.437395 thresh=0.006000 onsetDelta=1.431395 baseline=0.000383 floor=0.000180 adapt=0.000959 lastPeak=0.000402 baseParam=0.000180 gateRatio=0.0550 envParam=0.000450 onsetScale=0.300 retriggerScale=1.400 guard=0.060 guardRemain=0.000 activeAge=-1.000 retrigRemain=0.000 pitchHz=-1.00 pitchCents=0.0
2025-12-15 22:55:10 [tracker] [s1] onset t=39.292 env=0.00076 gate=0.00002 envDelta=0.00074 envFloor=0.00058 onset=1.437 thresh=0.006 onsetDelta=1.43139 baseline=0.00038 adaptive=0.00096 lastPeak=0.00040 guard=0.060 activeAge=-1.000 pitch=-1.00Hz pitchCents=0.0
2025-12-15 22:55:11 [tracker] [s5] onset t=39.335 env=0.00132 gate=0.00014 envDelta=0.00118 envFloor=0.00103 onset=0.997 thresh=0.016 onsetDelta=0.98109 baseline=0.00069 adaptive=0.00172 lastPeak=0.00000 guard=0.060 activeAge=-1.000 pitch=-1.00Hz pitchCents=0.0
2025-12-15 22:55:11 [tracker] [s5] onset t=39.415 env=0.00174 gate=0.00015 envDelta=0.00158 envFloor=0.00111 onset=1.016 thresh=0.016 onsetDelta=1.00035 baseline=0.00074 adaptive=0.00184 lastPeak=0.00000 guard=0.060 activeAge=-1.000 pitch=-1.00Hz pitchCents=0.0
2025-12-15 22:55:11 [tracker] [s4] onset t=39.420 env=0.00137 gate=0.00011 envDelta=0.00126 envFloor=0.00099 onset=1.106 thresh=0.014 onsetDelta=1.09229 baseline=0.00066 adaptive=0.00165 lastPeak=0.00000 guard=0.060 activeAge=-1.000 pitch=-1.00Hz pitchCents=0.0
2025-12-15 22:55:11 [tracker] [s3] onset t=39.545 env=0.00096 gate=0.00008 envDelta=0.00087 envFloor=0.00096 onset=1.046 thresh=0.012 onsetDelta=1.03404 baseline=0.00064 adaptive=0.00159 lastPeak=0.00000 guard=0.060 activeAge=-1.000 pitch=-1.00Hz pitchCents=0.0
2025-12-15 22:55:11 [tracker] [s4] onset t=39.567 env=0.00192 gate=0.00011 envDelta=0.00181 envFloor=0.00098 onset=1.446 thresh=0.014 onsetDelta=1.43201 baseline=0.00065 adaptive=0.00163 lastPeak=0.00000 guard=0.060 activeAge=-1.000 pitch=-1.00Hz pitchCents=0.0
2025-12-15 22:55:11 [tracker] [s2] onset t=39.601 env=0.00201 gate=0.00001 envDelta=0.00200 envFloor=0.00097 onset=1.002 thresh=0.009 onsetDelta=0.99266 baseline=0.00065 adaptive=0.00161 lastPeak=0.00000 guard=0.060 activeAge=-1.000 pitch=-1.00Hz pitchCents=0.0
2025-12-15 22:55:11 [tracker] [s6] onset t=39.641 env=0.00208 gate=0.00020 envDelta=0.00188 envFloor=0.00120 onset=1.295 thresh=0.018 onsetDelta=1.27697 baseline=0.00080 adaptive=0.00200 lastPeak=0.00000 guard=0.060 activeAge=-1.000 pitch=-1.00Hz pitchCents=0.0
2025-12-15 22:55:11 [tracker] [s3] onset t=39.729 env=0.00148 gate=0.00008 envDelta=0.00141 envFloor=0.00088 onset=1.311 thresh=0.012 onsetDelta=1.29913 baseline=0.00059 adaptive=0.00146 lastPeak=0.00000 guard=0.060 activeAge=-1.000 pitch=-1.00Hz pitchCents=0.0
2025-12-15 22:55:11 [tracker] [s2] onset t=39.743 env=0.00155 gate=0.00001 envDelta=0.00154 envFloor=0.00100 onset=1.033 thresh=0.009 onsetDelta=1.02354 baseline=0.00066 adaptive=0.00166 lastPeak=0.00000 guard=0.060 activeAge=-1.000 pitch=-1.00Hz pitchCents=0.0
2025-12-15 22:55:11 [tracker] [s1] aubio-raw t=39.7588 onset=1.184446 env=0.000814 peak=0.002114 gain=1.000
2025-12-15 22:55:11 [tracker] [s1] onset-accepted t=39.7588 env=0.000814 gate=0.000020 envDelta=0.000794 envFloor=0.000537 onset=1.184446 thresh=0.006000 onsetDelta=1.178446 baseline=0.000358 floor=0.000180 adapt=0.000896 lastPeak=0.000167 baseParam=0.000180 gateRatio=0.0550 envParam=0.000450 onsetScale=0.300 retriggerScale=1.400 guard=0.060 guardRemain=0.000 activeAge=-1.000 retrigRemain=0.000 pitchHz=-1.00 pitchCents=0.0
2025-12-15 22:55:11 [tracker] [s1] onset t=39.759 env=0.00081 gate=0.00002 envDelta=0.00079 envFloor=0.00054 onset=1.184 thresh=0.006 onsetDelta=1.17845 baseline=0.00036 adaptive=0.00090 lastPeak=0.00017 guard=0.060 activeAge=-1.000 pitch=-1.00Hz pitchCents=0.0
2025-12-15 22:55:11 [tracker] [s6] onset t=39.799 env=0.00193 gate=0.00022 envDelta=0.00171 envFloor=0.00129 onset=0.887 thresh=0.018 onsetDelta=0.86854 baseline=0.00086 adaptive=0.00216 lastPeak=0.00000 guard=0.060 activeAge=-1.000 pitch=-1.00Hz pitchCents=0.0
2025-12-15 22:55:11 [tracker] [s3] onset t=39.881 env=0.00127 gate=0.00008 envDelta=0.00119 envFloor=0.00092 onset=0.610 thresh=0.012 onsetDelta=0.59832 baseline=0.00061 adaptive=0.00153 lastPeak=0.00000 guard=0.060 activeAge=-1.000 pitch=-1.00Hz pitchCents=0.0
2025-12-15 22:55:11 [tracker] [s6] onset t=39.887 env=0.00204 gate=0.00022 envDelta=0.00182 envFloor=0.00130 onset=0.995 thresh=0.018 onsetDelta=0.97665 baseline=0.00087 adaptive=0.00217 lastPeak=0.00000 guard=0.060 activeAge=-1.000 pitch=-1.00Hz pitchCents=0.0
2025-12-15 22:55:11 [tracker] [s2] onset t=39.911 env=0.00153 gate=0.00001 envDelta=0.00152 envFloor=0.00099 onset=0.555 thresh=0.009 onsetDelta=0.54595 baseline=0.00066 adaptive=0.00165 lastPeak=0.00000 guard=0.060 activeAge=-1.000 pitch=-1.00Hz pitchCents=0.0
2025-12-15 22:55:11 [tracker] [s5] onset t=39.948 env=0.00136 gate=0.00014 envDelta=0.00122 envFloor=0.00102 onset=0.998 thresh=0.016 onsetDelta=0.98154 baseline=0.00068 adaptive=0.00171 lastPeak=0.00000 guard=0.060 activeAge=-1.000 pitch=-1.00Hz pitchCents=0.0
2025-12-15 22:55:11 [tracker] [s1] aubio-raw t=40.0148 onset=0.999755 env=0.000936 peak=0.002610 gain=1.000
2025-12-15 22:55:11 [tracker] [s1] onset-accepted t=40.0148 env=0.000936 gate=0.000024 envDelta=0.000912 envFloor=0.000645 onset=0.999755 thresh=0.006000 onsetDelta=0.993755 baseline=0.000430 floor=0.000180 adapt=0.001075 lastPeak=0.000103 baseParam=0.000180 gateRatio=0.0550 envParam=0.000450 onsetScale=0.300 retriggerScale=1.400 guard=0.060 guardRemain=0.000 activeAge=-1.000 retrigRemain=0.000 pitchHz=380.99 pitchCents=2650.7
2025-12-15 22:55:11 [tracker] [s1] onset t=40.015 env=0.00094 gate=0.00002 envDelta=0.00091 envFloor=0.00064 onset=1.000 thresh=0.006 onsetDelta=0.99376 baseline=0.00043 adaptive=0.00107 lastPeak=0.00010 guard=0.060 activeAge=-1.000 pitch=380.99Hz pitchCents=2650.7
2025-12-15 22:55:11 [tracker] [s5] onset t=40.031 env=0.00143 gate=0.00015 envDelta=0.00128 envFloor=0.00104 onset=1.007 thresh=0.016 onsetDelta=0.99108 baseline=0.00070 adaptive=0.00174 lastPeak=0.00000 guard=0.060 activeAge=-1.000 pitch=-1.00Hz pitchCents=0.0
2025-12-15 22:55:11 [tracker] [s3] onset t=40.044 env=0.00110 gate=0.00008 envDelta=0.00102 envFloor=0.00089 onset=0.858 thresh=0.012 onsetDelta=0.84638 baseline=0.00059 adaptive=0.00148 lastPeak=0.00000 guard=0.060 activeAge=-1.000 pitch=-1.00Hz pitchCents=0.0
2025-12-15 22:55:11 [tracker] [s1] aubio-raw t=40.1721 onset=1.213641 env=0.000750 peak=0.001783 gain=1.000
2025-12-15 22:55:11 [tracker] [s1] onset-accepted t=40.1721 env=0.000750 gate=0.000024 envDelta=0.000726 envFloor=0.000665 onset=1.213641 thresh=0.006000 onsetDelta=1.207641 baseline=0.000443 floor=0.000180 adapt=0.001108 lastPeak=0.000077 baseParam=0.000180 gateRatio=0.0550 envParam=0.000450 onsetScale=0.300 retriggerScale=1.400 guard=0.060 guardRemain=0.000 activeAge=-1.000 retrigRemain=0.000 pitchHz=533.40 pitchCents=3233.3
2025-12-15 22:55:11 [tracker] [s1] onset t=40.172 env=0.00075 gate=0.00002 envDelta=0.00073 envFloor=0.00067 onset=1.214 thresh=0.006 onsetDelta=1.20764 baseline=0.00044 adaptive=0.00111 lastPeak=0.00008 guard=0.060 activeAge=-1.000 pitch=533.40Hz pitchCents=3233.3
2025-12-15 22:55:11 [tracker] [s1] aubio-raw t=40.2548 onset=1.397481 env=0.000631 peak=0.001551 gain=1.000
2025-12-15 22:55:11 [tracker] [s1] onset-accepted t=40.2548 env=0.000631 gate=0.000022 envDelta=0.000608 envFloor=0.000604 onset=1.397481 thresh=0.006000 onsetDelta=1.391481 baseline=0.000403 floor=0.000180 adapt=0.001007 lastPeak=0.000066 baseParam=0.000180 gateRatio=0.0550 envParam=0.000450 onsetScale=0.300 retriggerScale=1.400 guard=0.060 guardRemain=0.000 activeAge=-1.000 retrigRemain=0.000 pitchHz=-1.00 pitchCents=0.0
2025-12-15 22:55:11 [tracker] [s1] onset t=40.255 env=0.00063 gate=0.00002 envDelta=0.00061 envFloor=0.00060 onset=1.397 thresh=0.006 onsetDelta=1.39148 baseline=0.00040 adaptive=0.00101 lastPeak=0.00007 guard=0.060 activeAge=-1.000 pitch=-1.00Hz pitchCents=0.0
2025-12-15 22:55:11 [tracker] [s2] onset t=40.292 env=0.00134 gate=0.00001 envDelta=0.00134 envFloor=0.00094 onset=1.262 thresh=0.009 onsetDelta=1.25311 baseline=0.00063 adaptive=0.00157 lastPeak=0.00000 guard=0.060 activeAge=-1.000 pitch=-1.00Hz pitchCents=0.0
2025-12-15 22:55:12 [tracker] [s1] aubio-raw t=40.3534 onset=0.997398 env=0.000822 peak=0.001976 gain=1.000
2025-12-15 22:55:12 [tracker] [s1] onset-accepted t=40.3534 env=0.000822 gate=0.000021 envDelta=0.000801 envFloor=0.000586 onset=0.997398 thresh=0.006000 onsetDelta=0.991398 baseline=0.000390 floor=0.000180 adapt=0.000976 lastPeak=0.000055 baseParam=0.000180 gateRatio=0.0550 envParam=0.000450 onsetScale=0.300 retriggerScale=1.400 guard=0.060 guardRemain=0.000 activeAge=-1.000 retrigRemain=0.000 pitchHz=-1.00 pitchCents=0.0
2025-12-15 22:55:12 [tracker] [s1] onset t=40.353 env=0.00082 gate=0.00002 envDelta=0.00080 envFloor=0.00059 onset=0.997 thresh=0.006 onsetDelta=0.99140 baseline=0.00039 adaptive=0.00098 lastPeak=0.00005 guard=0.060 activeAge=-1.000 pitch=-1.00Hz pitchCents=0.0
2025-12-15 22:55:12 [tracker] [s3] onset t=40.356 env=0.00127 gate=0.00008 envDelta=0.00119 envFloor=0.00089 onset=0.958 thresh=0.012 onsetDelta=0.94658 baseline=0.00059 adaptive=0.00148 lastPeak=0.00000 guard=0.060 activeAge=-1.000 pitch=-1.00Hz pitchCents=0.0
2025-12-15 22:55:12 [tracker] [s1] aubio-raw t=40.4387 onset=0.699276 env=0.000822 peak=0.002020 gain=1.000
2025-12-15 22:55:12 [tracker] [s1] onset-accepted t=40.4387 env=0.000822 gate=0.000022 envDelta=0.000800 envFloor=0.000594 onset=0.699276 thresh=0.006000 onsetDelta=0.693276 baseline=0.000396 floor=0.000180 adapt=0.000990 lastPeak=0.000047 baseParam=0.000180 gateRatio=0.0550 envParam=0.000450 onsetScale=0.300 retriggerScale=1.400 guard=0.060 guardRemain=0.000 activeAge=-1.000 retrigRemain=0.000 pitchHz=98.77 pitchCents=313.5
2025-12-15 22:55:12 [tracker] [s1] onset t=40.439 env=0.00082 gate=0.00002 envDelta=0.00080 envFloor=0.00059 onset=0.699 thresh=0.006 onsetDelta=0.69328 baseline=0.00040 adaptive=0.00099 lastPeak=0.00005 guard=0.060 activeAge=-1.000 pitch=98.77Hz pitchCents=313.5
2025-12-15 22:55:12 [tracker] [s3] onset t=40.449 env=0.00143 gate=0.00008 envDelta=0.00135 envFloor=0.00089 onset=0.852 thresh=0.012 onsetDelta=0.84073 baseline=0.00060 adaptive=0.00149 lastPeak=0.00000 guard=0.060 activeAge=-1.000 pitch=-1.00Hz pitchCents=0.0
2025-12-15 22:55:12 [tracker] [s4] onset t=40.548 env=0.00138 gate=0.00011 envDelta=0.00127 envFloor=0.00099 onset=0.942 thresh=0.014 onsetDelta=0.92813 baseline=0.00066 adaptive=0.00165 lastPeak=0.00000 guard=0.060 activeAge=-1.000 pitch=-1.00Hz pitchCents=0.0
2025-12-15 22:55:12 [tracker] [s2] onset t=40.593 env=0.00170 gate=0.00001 envDelta=0.00169 envFloor=0.00092 onset=1.227 thresh=0.009 onsetDelta=1.21772 baseline=0.00061 adaptive=0.00153 lastPeak=0.00000 guard=0.060 activeAge=-1.000 pitch=-1.00Hz pitchCents=0.0
2025-12-15 22:55:12 [tracker] [s5] onset t=40.607 env=0.00179 gate=0.00015 envDelta=0.00164 envFloor=0.00110 onset=0.873 thresh=0.016 onsetDelta=0.85682 baseline=0.00074 adaptive=0.00184 lastPeak=0.00000 guard=0.060 activeAge=-1.000 pitch=-1.00Hz pitchCents=0.0
2025-12-15 22:55:12 [tracker] [s3] onset t=40.612 env=0.00138 gate=0.00008 envDelta=0.00130 envFloor=0.00094 onset=0.998 thresh=0.012 onsetDelta=0.98652 baseline=0.00063 adaptive=0.00157 lastPeak=0.00000 guard=0.060 activeAge=-1.000 pitch=-1.00Hz pitchCents=0.0
2025-12-15 22:55:12 [tracker] [s1] aubio-raw t=40.6227 onset=0.713630 env=0.000744 peak=0.001833 gain=1.000
2025-12-15 22:55:12 [tracker] [s1] onset t=40.623 env=0.00074 gate=0.00002 envDelta=0.00072 envFloor=0.00062 onset=0.714 thresh=0.006 onsetDelta=0.70763 baseline=0.00041 adaptive=0.00103 lastPeak=0.00003 guard=0.060 activeAge=-1.000 pitch=-1.00Hz pitchCents=0.0
2025-12-15 22:55:12 [tracker] [s5] onset t=40.657 env=0.00165 gate=0.00015 envDelta=0.00150 envFloor=0.00106 onset=1.241 thresh=0.016 onsetDelta=1.22549 baseline=0.00071 adaptive=0.00177 lastPeak=0.00000 guard=0.060 activeAge=-1.000 pitch=-1.00Hz pitchCents=0.0
2025-12-15 22:55:12 [tracker] [s5] onset t=40.740 env=0.00189 gate=0.00015 envDelta=0.00174 envFloor=0.00104 onset=0.998 thresh=0.016 onsetDelta=0.98203 baseline=0.00069 adaptive=0.00173 lastPeak=0.00000 guard=0.060 activeAge=-1.000 pitch=-1.00Hz pitchCents=0.0
2025-12-15 22:55:12 [tracker] [s2] onset t=40.812 env=0.00153 gate=0.00001 envDelta=0.00153 envFloor=0.00099 onset=0.804 thresh=0.009 onsetDelta=0.79521 baseline=0.00066 adaptive=0.00165 lastPeak=0.00000 guard=0.060 activeAge=-1.000 pitch=-1.00Hz pitchCents=0.0
2025-12-15 22:55:12 [tracker] [s3] onset t=40.849 env=0.00138 gate=0.00008 envDelta=0.00130 envFloor=0.00088 onset=1.001 thresh=0.012 onsetDelta=0.98943 baseline=0.00058 adaptive=0.00146 lastPeak=0.00000 guard=0.060 activeAge=-1.000 pitch=-1.00Hz pitchCents=0.0
2025-12-15 22:55:12 [tracker] [s1] aubio-raw t=40.8814 onset=0.994485 env=0.000726 peak=0.001894 gain=1.000
2025-12-15 22:55:12 [tracker] [s1] onset-accepted t=40.8814 env=0.000726 gate=0.000024 envDelta=0.000702 envFloor=0.000668 onset=0.994485 thresh=0.006000 onsetDelta=0.988485 baseline=0.000445 floor=0.000180 adapt=0.001113 lastPeak=0.000020 baseParam=0.000180 gateRatio=0.0550 envParam=0.000450 onsetScale=0.300 retriggerScale=1.400 guard=0.060 guardRemain=0.000 activeAge=-1.000 retrigRemain=0.000 pitchHz=-1.00 pitchCents=0.0
2025-12-15 22:55:12 [tracker] [s1] onset t=40.881 env=0.00073 gate=0.00002 envDelta=0.00070 envFloor=0.00067 onset=0.994 thresh=0.006 onsetDelta=0.98848 baseline=0.00045 adaptive=0.00111 lastPeak=0.00002 guard=0.060 activeAge=-1.000 pitch=-1.00Hz pitchCents=0.0
2025-12-15 22:55:12 [tracker] [s2] onset t=41.081 env=0.00137 gate=0.00001 envDelta=0.00136 envFloor=0.00094 onset=1.322 thresh=0.009 onsetDelta=1.31333 baseline=0.00063 adaptive=0.00157 lastPeak=0.00000 guard=0.060 activeAge=-1.000 pitch=285.70Hz pitchCents=1652.4
2025-12-15 22:55:12 [tracker] [s3] onset t=41.164 env=0.00131 gate=0.00008 envDelta=0.00122 envFloor=0.00097 onset=1.133 thresh=0.012 onsetDelta=1.12136 baseline=0.00065 adaptive=0.00162 lastPeak=0.00000 guard=0.060 activeAge=-1.000 pitch=-1.00Hz pitchCents=0.0
2025-12-15 22:55:12 [tracker] [s1] aubio-raw t=41.2200 onset=1.432404 env=0.001170 peak=0.002849 gain=1.000
2025-12-15 22:55:12 [tracker] [s1] onset-accepted t=41.2200 env=0.001170 gate=0.000023 envDelta=0.001147 envFloor=0.000634 onset=1.432404 thresh=0.006000 onsetDelta=1.426404 baseline=0.000423 floor=0.000180 adapt=0.001057 lastPeak=0.000011 baseParam=0.000180 gateRatio=0.0550 envParam=0.000450 onsetScale=0.300 retriggerScale=1.400 guard=0.060 guardRemain=0.000 activeAge=-1.000 retrigRemain=0.000 pitchHz=-1.00 pitchCents=0.0
2025-12-15 22:55:12 [tracker] [s1] onset t=41.220 env=0.00117 gate=0.00002 envDelta=0.00115 envFloor=0.00063 onset=1.432 thresh=0.006 onsetDelta=1.42640 baseline=0.00042 adaptive=0.00106 lastPeak=0.00001 guard=0.060 activeAge=-1.000 pitch=-1.00Hz pitchCents=0.0
2025-12-15 22:55:12 [tracker] [s6] onset t=41.231 env=0.00206 gate=0.00020 envDelta=0.00186 envFloor=0.00123 onset=1.187 thresh=0.018 onsetDelta=1.16859 baseline=0.00082 adaptive=0.00205 lastPeak=0.00000 guard=0.060 activeAge=-1.000 pitch=-1.00Hz pitchCents=0.0
2025-12-15 22:55:12 [tracker] [s1] aubio-raw t=41.2787 onset=1.452807 env=0.000837 peak=0.002463 gain=1.000
2025-12-15 22:55:12 [tracker] [s1] onset-accepted t=41.2787 env=0.000837 gate=0.000024 envDelta=0.000813 envFloor=0.000663 onset=1.452807 thresh=0.006000 onsetDelta=1.446807 baseline=0.000442 floor=0.000180 adapt=0.001105 lastPeak=0.000010 baseParam=0.000180 gateRatio=0.0550 envParam=0.000450 onsetScale=0.300 retriggerScale=1.400 guard=0.060 guardRemain=0.000 activeAge=-1.000 retrigRemain=0.000 pitchHz=-1.00 pitchCents=0.0
2025-12-15 22:55:12 [tracker] [s1] onset t=41.279 env=0.00084 gate=0.00002 envDelta=0.00081 envFloor=0.00066 onset=1.453 thresh=0.006 onsetDelta=1.44681 baseline=0.00044 adaptive=0.00110 lastPeak=0.00001 guard=0.060 activeAge=-1.000 pitch=-1.00Hz pitchCents=0.0
2025-12-15 22:55:12 [tracker] [s3] onset t=41.284 env=0.00141 gate=0.00008 envDelta=0.00133 envFloor=0.00091 onset=1.085 thresh=0.012 onsetDelta=1.07383 baseline=0.00061 adaptive=0.00152 lastPeak=0.00000 guard=0.060 activeAge=-1.000 pitch=-1.00Hz pitchCents=0.0
2025-12-15 22:55:12 [tracker] [s4] onset t=41.327 env=0.00140 gate=0.00012 envDelta=0.00128 envFloor=0.00103 onset=1.385 thresh=0.014 onsetDelta=1.37142 baseline=0.00069 adaptive=0.00172 lastPeak=0.00000 guard=0.060 activeAge=-1.000 pitch=-1.00Hz pitchCents=0.0
2025-12-15 22:55:13 [tracker] [s6] onset t=41.351 env=0.00191 gate=0.00021 envDelta=0.00169 envFloor=0.00127 onset=0.732 thresh=0.018 onsetDelta=0.71367 baseline=0.00085 adaptive=0.00212 lastPeak=0.00000 guard=0.060 activeAge=-1.000 pitch=-1.00Hz pitchCents=0.0
2025-12-15 22:55:13 [tracker] [s5] onset t=41.369 env=0.00171 gate=0.00016 envDelta=0.00155 envFloor=0.00116 onset=1.161 thresh=0.016 onsetDelta=1.14453 baseline=0.00078 adaptive=0.00194 lastPeak=0.00000 guard=0.060 activeAge=-1.000 pitch=-1.00Hz pitchCents=0.0
2025-12-15 22:55:13 [tracker] [s1] aubio-raw t=41.4360 onset=0.682829 env=0.000675 peak=0.001548 gain=1.000
2025-12-15 22:55:13 [tracker] [s1] onset-accepted t=41.4360 env=0.000675 gate=0.000021 envDelta=0.000655 envFloor=0.000568 onset=0.682829 thresh=0.006000 onsetDelta=0.676829 baseline=0.000379 floor=0.000180 adapt=0.000946 lastPeak=0.000007 baseParam=0.000180 gateRatio=0.0550 envParam=0.000450 onsetScale=0.300 retriggerScale=1.400 guard=0.060 guardRemain=0.000 activeAge=-1.000 retrigRemain=0.000 pitchHz=-1.00 pitchCents=0.0
2025-12-15 22:55:13 [tracker] [s1] onset t=41.436 env=0.00068 gate=0.00002 envDelta=0.00065 envFloor=0.00057 onset=0.683 thresh=0.006 onsetDelta=0.67683 baseline=0.00038 adaptive=0.00095 lastPeak=0.00001 guard=0.060 activeAge=-1.000 pitch=-1.00Hz pitchCents=0.0
2025-12-15 22:55:13 [tracker] [s3] onset t=41.689 env=0.00142 gate=0.00008 envDelta=0.00134 envFloor=0.00088 onset=1.320 thresh=0.012 onsetDelta=1.30853 baseline=0.00059 adaptive=0.00147 lastPeak=0.00000 guard=0.060 activeAge=-1.000 pitch=-1.00Hz pitchCents=0.0
2025-12-15 22:55:13 [tracker] [s5] onset t=41.700 env=0.00192 gate=0.00016 envDelta=0.00177 envFloor=0.00111 onset=0.992 thresh=0.016 onsetDelta=0.97588 baseline=0.00074 adaptive=0.00185 lastPeak=0.00000 guard=0.060 activeAge=-1.000 pitch=-1.00Hz pitchCents=0.0
2025-12-15 22:55:13 [tracker] [s6] onset t=41.761 env=0.00169 gate=0.00021 envDelta=0.00148 envFloor=0.00126 onset=1.203 thresh=0.018 onsetDelta=1.18484 baseline=0.00084 adaptive=0.00211 lastPeak=0.00000 guard=0.060 activeAge=-1.000 pitch=-1.00Hz pitchCents=0.0
2025-12-15 22:55:13 [tracker] [s4] onset t=41.777 env=0.00171 gate=0.00012 envDelta=0.00159 envFloor=0.00106 onset=0.780 thresh=0.014 onsetDelta=0.76563 baseline=0.00071 adaptive=0.00177 lastPeak=0.00000 guard=0.060 activeAge=-1.000 pitch=-1.00Hz pitchCents=0.0
2025-12-15 22:55:13 [tracker] [s1] aubio-raw t=41.8360 onset=0.996536 env=0.000621 peak=0.001910 gain=1.000
2025-12-15 22:55:13 [tracker] [s1] onset-below-env-floor t=41.8360 env=0.000621 gate=0.000024 envDelta=0.000597 envFloor=0.000655 onset=0.996536 thresh=0.006000 onsetDelta=0.990536 baseline=0.000437 floor=0.000180 adapt=0.001092 lastPeak=0.000003 baseParam=0.000180 gateRatio=0.0550 envParam=0.000450 onsetScale=0.300 retriggerScale=1.400 guard=0.060 guardRemain=0.000 activeAge=-1.000 retrigRemain=0.000 pitchHz=-1.00 pitchCents=0.0
2025-12-15 22:55:13 [tracker] [s4] onset t=41.839 env=0.00164 gate=0.00012 envDelta=0.00152 envFloor=0.00104 onset=1.307 thresh=0.014 onsetDelta=1.29338 baseline=0.00070 adaptive=0.00174 lastPeak=0.00000 guard=0.060 activeAge=-1.000 pitch=-1.00Hz pitchCents=0.0
2025-12-15 22:55:13 [tracker] [s2] onset t=41.868 env=0.00229 gate=0.00001 envDelta=0.00229 envFloor=0.00098 onset=0.998 thresh=0.009 onsetDelta=0.98926 baseline=0.00065 adaptive=0.00163 lastPeak=0.00000 guard=0.060 activeAge=-1.000 pitch=-1.00Hz pitchCents=0.0
2025-12-15 22:55:13 [tracker] [s5] onset t=41.924 env=0.00167 gate=0.00015 envDelta=0.00152 envFloor=0.00107 onset=0.997 thresh=0.016 onsetDelta=0.98069 baseline=0.00071 adaptive=0.00178 lastPeak=0.00000 guard=0.060 activeAge=-1.000 pitch=-1.00Hz pitchCents=0.0
2025-12-15 22:55:13 [tracker] [s2] onset t=41.959 env=0.00142 gate=0.00001 envDelta=0.00141 envFloor=0.00094 onset=1.030 thresh=0.009 onsetDelta=1.02053 baseline=0.00063 adaptive=0.00156 lastPeak=0.00000 guard=0.060 activeAge=-1.000 pitch=-1.00Hz pitchCents=0.0
2025-12-15 22:55:13 [tracker] [s2] onset t=42.033 env=0.00156 gate=0.00001 envDelta=0.00155 envFloor=0.00098 onset=1.059 thresh=0.009 onsetDelta=1.05016 baseline=0.00065 adaptive=0.00163 lastPeak=0.00000 guard=0.060 activeAge=-1.000 pitch=-1.00Hz pitchCents=0.0
2025-12-15 22:55:13 [tracker] [s5] onset t=42.041 env=0.00197 gate=0.00016 envDelta=0.00181 envFloor=0.00112 onset=1.092 thresh=0.016 onsetDelta=1.07630 baseline=0.00075 adaptive=0.00187 lastPeak=0.00000 guard=0.060 activeAge=-1.000 pitch=-1.00Hz pitchCents=0.0
2025-12-15 22:55:13 [tracker] [s1] aubio-raw t=42.0920 onset=1.187682 env=0.000942 peak=0.002339 gain=1.000
2025-12-15 22:55:13 [tracker] [s1] onset-accepted t=42.0920 env=0.000942 gate=0.000023 envDelta=0.000919 envFloor=0.000627 onset=1.187682 thresh=0.006000 onsetDelta=1.181682 baseline=0.000418 floor=0.000180 adapt=0.001045 lastPeak=0.000002 baseParam=0.000180 gateRatio=0.0550 envParam=0.000450 onsetScale=0.300 retriggerScale=1.400 guard=0.060 guardRemain=0.000 activeAge=-1.000 retrigRemain=0.000 pitchHz=-1.00 pitchCents=0.0
2025-12-15 22:55:13 [tracker] [s1] onset t=42.092 env=0.00094 gate=0.00002 envDelta=0.00092 envFloor=0.00063 onset=1.188 thresh=0.006 onsetDelta=1.18168 baseline=0.00042 adaptive=0.00105 lastPeak=0.00000 guard=0.060 activeAge=-1.000 pitch=-1.00Hz pitchCents=0.0
2025-12-15 22:55:13 [tracker] [s6] onset t=42.103 env=0.00228 gate=0.00022 envDelta=0.00206 envFloor=0.00132 onset=1.034 thresh=0.018 onsetDelta=1.01576 baseline=0.00088 adaptive=0.00219 lastPeak=0.00000 guard=0.060 activeAge=-1.000 pitch=-1.00Hz pitchCents=0.0
2025-12-15 22:55:13 [tracker] [s1] aubio-raw t=42.1640 onset=1.129288 env=0.000860 peak=0.002154 gain=1.000
2025-12-15 22:55:13 [tracker] [s1] onset-accepted t=42.1640 env=0.000860 gate=0.000023 envDelta=0.000838 envFloor=0.000614 onset=1.129288 thresh=0.006000 onsetDelta=1.123288 baseline=0.000410 floor=0.000180 adapt=0.001024 lastPeak=0.000002 baseParam=0.000180 gateRatio=0.0550 envParam=0.000450 onsetScale=0.300 retriggerScale=1.400 guard=0.060 guardRemain=0.000 activeAge=-1.000 retrigRemain=0.000 pitchHz=-1.00 pitchCents=0.0
2025-12-15 22:55:13 [tracker] [s1] onset t=42.164 env=0.00086 gate=0.00002 envDelta=0.00084 envFloor=0.00061 onset=1.129 thresh=0.006 onsetDelta=1.12329 baseline=0.00041 adaptive=0.00102 lastPeak=0.00000 guard=0.060 activeAge=-1.000 pitch=-1.00Hz pitchCents=0.0
2025-12-15 22:55:13 [tracker] [s5] onset t=42.188 env=0.00152 gate=0.00015 envDelta=0.00137 envFloor=0.00108 onset=0.961 thresh=0.016 onsetDelta=0.94544 baseline=0.00072 adaptive=0.00180 lastPeak=0.00000 guard=0.060 activeAge=-1.000 pitch=-1.00Hz pitchCents=0.0
2025-12-15 22:55:13 [tracker] [s1] aubio-raw t=42.2466 onset=0.996040 env=0.000454 peak=0.001389 gain=1.000
2025-12-15 22:55:13 [tracker] [s1] onset-below-env-floor t=42.2466 env=0.000454 gate=0.000022 envDelta=0.000432 envFloor=0.000613 onset=0.996040 thresh=0.006000 onsetDelta=0.990040 baseline=0.000408 floor=0.000180 adapt=0.001021 lastPeak=0.000002 baseParam=0.000180 gateRatio=0.0550 envParam=0.000450 onsetScale=0.300 retriggerScale=1.400 guard=0.060 guardRemain=0.000 activeAge=-1.000 retrigRemain=0.000 pitchHz=-1.00 pitchCents=0.0
2025-12-15 22:55:13 [tracker] [s5] onset t=42.300 env=0.00157 gate=0.00014 envDelta=0.00143 envFloor=0.00102 onset=1.322 thresh=0.016 onsetDelta=1.30573 baseline=0.00068 adaptive=0.00170 lastPeak=0.00000 guard=0.060 activeAge=-1.000 pitch=-1.00Hz pitchCents=0.0
2025-12-15 22:55:13 [tracker] [s6] onset t=42.316 env=0.00191 gate=0.00019 envDelta=0.00172 envFloor=0.00116 onset=0.999 thresh=0.018 onsetDelta=0.98106 baseline=0.00077 adaptive=0.00194 lastPeak=0.00000 guard=0.060 activeAge=-1.000 pitch=-1.00Hz pitchCents=0.0
2025-12-15 22:55:14 [tracker] [s4] onset t=42.337 env=0.00141 gate=0.00011 envDelta=0.00129 envFloor=0.00098 onset=1.049 thresh=0.014 onsetDelta=1.03464 baseline=0.00065 adaptive=0.00163 lastPeak=0.00000 guard=0.060 activeAge=-1.000 pitch=-1.00Hz pitchCents=0.0
2025-12-15 22:55:14 [tracker] [s1] aubio-raw t=42.4013 onset=0.807733 env=0.000966 peak=0.002475 gain=1.000
2025-12-15 22:55:14 [tracker] [s1] onset-accepted t=42.4013 env=0.000966 gate=0.000022 envDelta=0.000944 envFloor=0.000588 onset=0.807733 thresh=0.006000 onsetDelta=0.801733 baseline=0.000392 floor=0.000180 adapt=0.000980 lastPeak=0.000001 baseParam=0.000180 gateRatio=0.0550 envParam=0.000450 onsetScale=0.300 retriggerScale=1.400 guard=0.060 guardRemain=0.000 activeAge=-1.000 retrigRemain=0.000 pitchHz=296.27 pitchCents=2215.3
2025-12-15 22:55:14 [tracker] [s1] onset t=42.401 env=0.00097 gate=0.00002 envDelta=0.00094 envFloor=0.00059 onset=0.808 thresh=0.006 onsetDelta=0.80173 baseline=0.00039 adaptive=0.00098 lastPeak=0.00000 guard=0.060 activeAge=-1.000 pitch=296.27Hz pitchCents=2215.3
2025-12-15 22:55:14 [tracker] [s2] onset t=42.428 env=0.00125 gate=0.00001 envDelta=0.00125 envFloor=0.00101 onset=1.066 thresh=0.009 onsetDelta=1.05692 baseline=0.00067 adaptive=0.00168 lastPeak=0.00000 guard=0.060 activeAge=-1.000 pitch=-1.00Hz pitchCents=0.0
2025-12-15 22:55:14 [tracker] [s2] onset t=42.524 env=0.00153 gate=0.00001 envDelta=0.00153 envFloor=0.00099 onset=1.227 thresh=0.009 onsetDelta=1.21770 baseline=0.00066 adaptive=0.00166 lastPeak=0.00000 guard=0.060 activeAge=-1.000 pitch=-1.00Hz pitchCents=0.0
2025-12-15 22:55:14 [tracker] [s6] onset t=42.532 env=0.00172 gate=0.00022 envDelta=0.00150 envFloor=0.00130 onset=1.069 thresh=0.018 onsetDelta=1.05137 baseline=0.00087 adaptive=0.00217 lastPeak=0.00000 guard=0.060 activeAge=-1.000 pitch=-1.00Hz pitchCents=0.0
2025-12-15 22:55:14 [tracker] [s6] onset t=42.604 env=0.00177 gate=0.00021 envDelta=0.00156 envFloor=0.00125 onset=0.995 thresh=0.018 onsetDelta=0.97711 baseline=0.00083 adaptive=0.00208 lastPeak=0.00000 guard=0.060 activeAge=-1.000 pitch=-1.00Hz pitchCents=0.0
2025-12-15 22:55:14 [tracker] [s3] onset t=42.607 env=0.00162 gate=0.00008 envDelta=0.00154 envFloor=0.00094 onset=0.911 thresh=0.012 onsetDelta=0.89988 baseline=0.00063 adaptive=0.00156 lastPeak=0.00000 guard=0.060 activeAge=-1.000 pitch=-1.00Hz pitchCents=0.0
2025-12-15 22:55:14 [tracker] [s2] onset t=42.660 env=0.00140 gate=0.00001 envDelta=0.00140 envFloor=0.00100 onset=0.999 thresh=0.009 onsetDelta=0.99002 baseline=0.00067 adaptive=0.00167 lastPeak=0.00000 guard=0.060 activeAge=-1.000 pitch=216.21Hz pitchCents=1169.9
2025-12-15 22:55:14 [tracker] [s6] onset t=42.676 env=0.00178 gate=0.00020 envDelta=0.00158 envFloor=0.00118 onset=0.941 thresh=0.018 onsetDelta=0.92261 baseline=0.00079 adaptive=0.00197 lastPeak=0.00000 guard=0.060 activeAge=-1.000 pitch=-1.00Hz pitchCents=0.0
2025-12-15 22:55:14 [tracker] [s3] onset t=42.737 env=0.00127 gate=0.00008 envDelta=0.00119 envFloor=0.00092 onset=0.676 thresh=0.012 onsetDelta=0.66414 baseline=0.00061 adaptive=0.00153 lastPeak=0.00000 guard=0.060 activeAge=-1.000 pitch=-1.00Hz pitchCents=0.0
2025-12-15 22:55:14 [tracker] [s1] aubio-raw t=42.8012 onset=1.221334 env=0.001009 peak=0.002307 gain=1.000
2025-12-15 22:55:14 [tracker] [s1] onset-accepted t=42.8012 env=0.001009 gate=0.000023 envDelta=0.000986 envFloor=0.000637 onset=1.221334 thresh=0.006000 onsetDelta=1.215334 baseline=0.000425 floor=0.000180 adapt=0.001062 lastPeak=0.000001 baseParam=0.000180 gateRatio=0.0550 envParam=0.000450 onsetScale=0.300 retriggerScale=1.400 guard=0.060 guardRemain=0.000 activeAge=-1.000 retrigRemain=0.000 pitchHz=-1.00 pitchCents=0.0
2025-12-15 22:55:14 [tracker] [s1] onset t=42.801 env=0.00101 gate=0.00002 envDelta=0.00099 envFloor=0.00064 onset=1.221 thresh=0.006 onsetDelta=1.21533 baseline=0.00042 adaptive=0.00106 lastPeak=0.00000 guard=0.060 activeAge=-1.000 pitch=-1.00Hz pitchCents=0.0
2025-12-15 22:55:14 [tracker] [s2] onset t=42.841 env=0.00155 gate=0.00001 envDelta=0.00154 envFloor=0.00103 onset=1.359 thresh=0.009 onsetDelta=1.35026 baseline=0.00069 adaptive=0.00172 lastPeak=0.00000 guard=0.060 activeAge=-1.000 pitch=-1.00Hz pitchCents=0.0
2025-12-15 22:55:14 [tracker] [s2] onset t=42.921 env=0.00161 gate=0.00001 envDelta=0.00161 envFloor=0.00099 onset=1.446 thresh=0.009 onsetDelta=1.43719 baseline=0.00066 adaptive=0.00165 lastPeak=0.00000 guard=0.060 activeAge=-1.000 pitch=-1.00Hz pitchCents=0.0
2025-12-15 22:55:14 [tracker] [s3] onset t=43.079 env=0.00126 gate=0.00008 envDelta=0.00118 envFloor=0.00089 onset=0.978 thresh=0.012 onsetDelta=0.96634 baseline=0.00059 adaptive=0.00149 lastPeak=0.00000 guard=0.060 activeAge=-1.000 pitch=-1.00Hz pitchCents=0.0
2025-12-15 22:55:14 [tracker] [s4] onset t=43.159 env=0.00156 gate=0.00011 envDelta=0.00145 envFloor=0.00099 onset=1.011 thresh=0.014 onsetDelta=0.99713 baseline=0.00066 adaptive=0.00165 lastPeak=0.00000 guard=0.060 activeAge=-1.000 pitch=-1.00Hz pitchCents=0.0
2025-12-15 22:55:14 [tracker] [s3] onset t=43.196 env=0.00127 gate=0.00008 envDelta=0.00118 envFloor=0.00095 onset=1.063 thresh=0.012 onsetDelta=1.05106 baseline=0.00064 adaptive=0.00159 lastPeak=0.00000 guard=0.060 activeAge=-1.000 pitch=-1.00Hz pitchCents=0.0
2025-12-15 22:55:14 [tracker] [s5] onset t=43.209 env=0.00174 gate=0.00015 envDelta=0.00159 envFloor=0.00108 onset=0.994 thresh=0.016 onsetDelta=0.97765 baseline=0.00072 adaptive=0.00180 lastPeak=0.00000 guard=0.060 activeAge=-1.000 pitch=-1.00Hz pitchCents=0.0
2025-12-15 22:55:14 [tracker] [s4] onset t=43.324 env=0.00171 gate=0.00011 envDelta=0.00160 envFloor=0.00099 onset=0.994 thresh=0.014 onsetDelta=0.98022 baseline=0.00066 adaptive=0.00165 lastPeak=0.00000 guard=0.060 activeAge=-1.000 pitch=-1.00Hz pitchCents=0.0
2025-12-15 22:55:15 [tracker] [s5] onset t=43.335 env=0.00147 gate=0.00015 envDelta=0.00132 envFloor=0.00105 onset=0.989 thresh=0.016 onsetDelta=0.97327 baseline=0.00070 adaptive=0.00175 lastPeak=0.00000 guard=0.060 activeAge=-1.000 pitch=-1.00Hz pitchCents=0.0
2025-12-15 22:55:15 [tracker] [s2] onset t=43.420 env=0.00189 gate=0.00001 envDelta=0.00189 envFloor=0.00109 onset=0.997 thresh=0.009 onsetDelta=0.98849 baseline=0.00072 adaptive=0.00181 lastPeak=0.00000 guard=0.060 activeAge=-1.000 pitch=94.10Hz pitchCents=-270.4
2025-12-15 22:55:15 [tracker] [s1] aubio-raw t=43.4599 onset=0.909204 env=0.000647 peak=0.001695 gain=1.000
2025-12-15 22:55:15 [tracker] [s1] onset-accepted t=43.4599 env=0.000647 gate=0.000022 envDelta=0.000626 envFloor=0.000592 onset=0.909204 thresh=0.006000 onsetDelta=0.903204 baseline=0.000395 floor=0.000180 adapt=0.000987 lastPeak=0.000000 baseParam=0.000180 gateRatio=0.0550 envParam=0.000450 onsetScale=0.300 retriggerScale=1.400 guard=0.060 guardRemain=0.000 activeAge=-1.000 retrigRemain=0.000 pitchHz=145.44 pitchCents=983.5
2025-12-15 22:55:15 [tracker] [s1] onset t=43.460 env=0.00065 gate=0.00002 envDelta=0.00063 envFloor=0.00059 onset=0.909 thresh=0.006 onsetDelta=0.90320 baseline=0.00039 adaptive=0.00099 lastPeak=0.00000 guard=0.060 activeAge=-1.000 pitch=145.44Hz pitchCents=983.5
2025-12-15 22:55:15 [tracker] [s3] onset t=43.465 env=0.00127 gate=0.00008 envDelta=0.00118 envFloor=0.00094 onset=0.994 thresh=0.012 onsetDelta=0.98213 baseline=0.00062 adaptive=0.00156 lastPeak=0.00000 guard=0.060 activeAge=-1.000 pitch=-1.00Hz pitchCents=0.0
2025-12-15 22:55:15 [tracker] [s2] onset t=43.487 env=0.00160 gate=0.00001 envDelta=0.00160 envFloor=0.00106 onset=1.045 thresh=0.009 onsetDelta=1.03639 baseline=0.00071 adaptive=0.00177 lastPeak=0.00000 guard=0.060 activeAge=-1.000 pitch=-1.00Hz pitchCents=0.0
2025-12-15 22:55:15 [tracker] [s6] onset t=43.487 env=0.00187 gate=0.00020 envDelta=0.00167 envFloor=0.00119 onset=0.998 thresh=0.018 onsetDelta=0.98001 baseline=0.00080 adaptive=0.00199 lastPeak=0.00000 guard=0.060 activeAge=-1.000 pitch=-1.00Hz pitchCents=0.0
2025-12-15 22:55:15 [tracker] [s4] onset t=43.585 env=0.00152 gate=0.00012 envDelta=0.00140 envFloor=0.00102 onset=0.959 thresh=0.014 onsetDelta=0.94549 baseline=0.00068 adaptive=0.00170 lastPeak=0.00000 guard=0.060 activeAge=-1.000 pitch=-1.00Hz pitchCents=0.0
2025-12-15 22:55:15 [tracker] [s5] onset t=43.777 env=0.00141 gate=0.00014 envDelta=0.00126 envFloor=0.00103 onset=0.921 thresh=0.016 onsetDelta=0.90464 baseline=0.00069 adaptive=0.00172 lastPeak=0.00000 guard=0.060 activeAge=-1.000 pitch=-1.00Hz pitchCents=0.0
2025-12-15 22:55:15 [tracker] [s4] onset t=43.884 env=0.00159 gate=0.00011 envDelta=0.00148 envFloor=0.00096 onset=1.278 thresh=0.014 onsetDelta=1.26408 baseline=0.00064 adaptive=0.00160 lastPeak=0.00000 guard=0.060 activeAge=-1.000 pitch=-1.00Hz pitchCents=0.0
2025-12-15 22:55:15 [tracker] [s1] aubio-raw t=43.8892 onset=1.133080 env=0.000905 peak=0.002004 gain=1.000
2025-12-15 22:55:15 [tracker] [s1] onset-accepted t=43.8892 env=0.000905 gate=0.000023 envDelta=0.000882 envFloor=0.000640 onset=1.133080 thresh=0.006000 onsetDelta=1.127080 baseline=0.000427 floor=0.000180 adapt=0.001067 lastPeak=0.000000 baseParam=0.000180 gateRatio=0.0550 envParam=0.000450 onsetScale=0.300 retriggerScale=1.400 guard=0.060 guardRemain=0.000 activeAge=-1.000 retrigRemain=0.000 pitchHz=94.12 pitchCents=230.0
2025-12-15 22:55:15 [tracker] [s1] onset t=43.889 env=0.00091 gate=0.00002 envDelta=0.00088 envFloor=0.00064 onset=1.133 thresh=0.006 onsetDelta=1.12708 baseline=0.00043 adaptive=0.00107 lastPeak=0.00000 guard=0.060 activeAge=-1.000 pitch=94.12Hz pitchCents=230.0
2025-12-15 22:55:15 [tracker] [s6] onset t=43.934 env=0.00221 gate=0.00021 envDelta=0.00200 envFloor=0.00126 onset=1.014 thresh=0.018 onsetDelta=0.99554 baseline=0.00084 adaptive=0.00210 lastPeak=0.00000 guard=0.060 activeAge=-1.000 pitch=-1.00Hz pitchCents=0.0
2025-12-15 22:55:15 [tracker] [s1] aubio-raw t=44.0838 onset=0.867331 env=0.000869 peak=0.001948 gain=1.000
2025-12-15 22:55:15 [tracker] [s1] onset-accepted t=44.0838 env=0.000869 gate=0.000022 envDelta=0.000847 envFloor=0.000594 onset=0.867331 thresh=0.006000 onsetDelta=0.861331 baseline=0.000396 floor=0.000180 adapt=0.000991 lastPeak=0.000000 baseParam=0.000180 gateRatio=0.0550 envParam=0.000450 onsetScale=0.300 retriggerScale=1.400 guard=0.060 guardRemain=0.000 activeAge=-1.000 retrigRemain=0.000 pitchHz=266.64 pitchCents=2032.9
2025-12-15 22:55:15 [tracker] [s1] onset t=44.084 env=0.00087 gate=0.00002 envDelta=0.00085 envFloor=0.00059 onset=0.867 thresh=0.006 onsetDelta=0.86133 baseline=0.00040 adaptive=0.00099 lastPeak=0.00000 guard=0.060 activeAge=-1.000 pitch=266.64Hz pitchCents=2032.9
2025-12-15 22:55:15 [tracker] [s3] onset t=44.209 env=0.00189 gate=0.00008 envDelta=0.00181 envFloor=0.00094 onset=1.068 thresh=0.012 onsetDelta=1.05654 baseline=0.00063 adaptive=0.00157 lastPeak=0.00000 guard=0.060 activeAge=-1.000 pitch=-1.00Hz pitchCents=0.0
2025-12-15 22:55:15 [tracker] [s2] onset t=44.284 env=0.00181 gate=0.00001 envDelta=0.00181 envFloor=0.00100 onset=1.042 thresh=0.009 onsetDelta=1.03323 baseline=0.00067 adaptive=0.00167 lastPeak=0.00000 guard=0.060 activeAge=-1.000 pitch=-1.00Hz pitchCents=0.0
2025-12-15 22:55:15 [tracker] [s4] onset t=44.292 env=0.00136 gate=0.00011 envDelta=0.00125 envFloor=0.00098 onset=0.964 thresh=0.014 onsetDelta=0.95021 baseline=0.00066 adaptive=0.00164 lastPeak=0.00000 guard=0.060 activeAge=-1.000 pitch=-1.00Hz pitchCents=0.0
2025-12-15 22:55:16 [tracker] [s3] onset t=44.457 env=0.00173 gate=0.00008 envDelta=0.00165 envFloor=0.00089 onset=1.316 thresh=0.012 onsetDelta=1.30458 baseline=0.00059 adaptive=0.00149 lastPeak=0.00000 guard=0.060 activeAge=-1.000 pitch=-1.00Hz pitchCents=0.0
2025-12-15 22:55:16 [tracker] [s6] onset t=44.564 env=0.00174 gate=0.00019 envDelta=0.00155 envFloor=0.00114 onset=1.047 thresh=0.018 onsetDelta=1.02948 baseline=0.00076 adaptive=0.00191 lastPeak=0.00000 guard=0.060 activeAge=-1.000 pitch=-1.00Hz pitchCents=0.0
2025-12-15 22:55:16 [tracker] [s4] onset t=44.569 env=0.00130 gate=0.00010 envDelta=0.00120 envFloor=0.00092 onset=0.713 thresh=0.014 onsetDelta=0.69900 baseline=0.00062 adaptive=0.00154 lastPeak=0.00000 guard=0.060 activeAge=-1.000 pitch=-1.00Hz pitchCents=0.0
2025-12-15 22:55:16 [tracker] [s4] onset t=44.673 env=0.00151 gate=0.00011 envDelta=0.00140 envFloor=0.00098 onset=0.770 thresh=0.014 onsetDelta=0.75594 baseline=0.00065 adaptive=0.00163 lastPeak=0.00000 guard=0.060 activeAge=-1.000 pitch=-1.00Hz pitchCents=0.0
2025-12-15 22:55:16 [tracker] [s2] onset t=44.684 env=0.00134 gate=0.00001 envDelta=0.00134 envFloor=0.00101 onset=0.998 thresh=0.009 onsetDelta=0.98894 baseline=0.00068 adaptive=0.00169 lastPeak=0.00000 guard=0.060 activeAge=-1.000 pitch=-1.00Hz pitchCents=0.0
2025-12-15 22:55:16 [tracker] [s1] aubio-raw t=44.8038 onset=0.996863 env=0.001123 peak=0.002434 gain=1.000
2025-12-15 22:55:16 [tracker] [s1] onset-accepted t=44.8038 env=0.001123 gate=0.000022 envDelta=0.001101 envFloor=0.000611 onset=0.996863 thresh=0.006000 onsetDelta=0.990863 baseline=0.000408 floor=0.000180 adapt=0.001019 lastPeak=0.000000 baseParam=0.000180 gateRatio=0.0550 envParam=0.000450 onsetScale=0.300 retriggerScale=1.400 guard=0.060 guardRemain=0.000 activeAge=-1.000 retrigRemain=0.000 pitchHz=-1.00 pitchCents=0.0
2025-12-15 22:55:16 [tracker] [s1] onset t=44.804 env=0.00112 gate=0.00002 envDelta=0.00110 envFloor=0.00061 onset=0.997 thresh=0.006 onsetDelta=0.99086 baseline=0.00041 adaptive=0.00102 lastPeak=0.00000 guard=0.060 activeAge=-1.000 pitch=-1.00Hz pitchCents=0.0
2025-12-15 22:55:16 [tracker] [s6] onset t=44.838 env=0.00192 gate=0.00021 envDelta=0.00170 envFloor=0.00127 onset=1.129 thresh=0.018 onsetDelta=1.11127 baseline=0.00084 adaptive=0.00211 lastPeak=0.00000 guard=0.060 activeAge=-1.000 pitch=-1.00Hz pitchCents=0.0
2025-12-15 22:55:16 [tracker] [s1] aubio-raw t=44.8971 onset=1.193926 env=0.000930 peak=0.002038 gain=1.000
2025-12-15 22:55:16 [tracker] [s1] onset-accepted t=44.8971 env=0.000930 gate=0.000023 envDelta=0.000907 envFloor=0.000618 onset=1.193926 thresh=0.006000 onsetDelta=1.187926 baseline=0.000412 floor=0.000180 adapt=0.001031 lastPeak=0.000000 baseParam=0.000180 gateRatio=0.0550 envParam=0.000450 onsetScale=0.300 retriggerScale=1.400 guard=0.060 guardRemain=0.000 activeAge=-1.000 retrigRemain=0.000 pitchHz=-1.00 pitchCents=0.0
2025-12-15 22:55:16 [tracker] [s6] onset t=44.977 env=0.00195 gate=0.00020 envDelta=0.00175 envFloor=0.00121 onset=1.025 thresh=0.018 onsetDelta=1.00691 baseline=0.00081 adaptive=0.00202 lastPeak=0.00000 guard=0.060 activeAge=-1.000 pitch=-1.00Hz pitchCents=0.0
2025-12-15 22:55:16 [tracker] [s1] aubio-raw t=45.0277 onset=1.011322 env=0.000850 peak=0.002143 gain=1.000
2025-12-15 22:55:16 [tracker] [s1] onset-accepted t=45.0277 env=0.000850 gate=0.000022 envDelta=0.000827 envFloor=0.000602 onset=1.011322 thresh=0.006000 onsetDelta=1.005322 baseline=0.000402 floor=0.000180 adapt=0.001004 lastPeak=0.000000 baseParam=0.000180 gateRatio=0.0550 envParam=0.000450 onsetScale=0.300 retriggerScale=1.400 guard=0.060 guardRemain=0.000 activeAge=-1.000 retrigRemain=0.000 pitchHz=-1.00 pitchCents=0.0
2025-12-15 22:55:16 [tracker] [s1] onset t=45.028 env=0.00085 gate=0.00002 envDelta=0.00083 envFloor=0.00060 onset=1.011 thresh=0.006 onsetDelta=1.00532 baseline=0.00040 adaptive=0.00100 lastPeak=0.00000 guard=0.060 activeAge=-1.000 pitch=-1.00Hz pitchCents=0.0
2025-12-15 22:55:16 [tracker] [s6] onset t=45.070 env=0.00220 gate=0.00021 envDelta=0.00198 envFloor=0.00129 onset=0.996 thresh=0.018 onsetDelta=0.97750 baseline=0.00086 adaptive=0.00215 lastPeak=0.00000 guard=0.060 activeAge=-1.000 pitch=-1.00Hz pitchCents=0.0
2025-12-15 22:55:16 [tracker] [s1] aubio-raw t=45.0837 onset=0.954125 env=0.001109 peak=0.002609 gain=1.000
2025-12-15 22:55:16 [tracker] [s1] onset-accepted t=45.0837 env=0.001109 gate=0.000024 envDelta=0.001085 envFloor=0.000652 onset=0.954125 thresh=0.006000 onsetDelta=0.948125 baseline=0.000435 floor=0.000180 adapt=0.001087 lastPeak=0.000000 baseParam=0.000180 gateRatio=0.0550 envParam=0.000450 onsetScale=0.300 retriggerScale=1.400 guard=0.060 guardRemain=0.000 activeAge=-1.000 retrigRemain=0.000 pitchHz=-1.00 pitchCents=0.0
2025-12-15 22:55:16 [tracker] [s1] onset t=45.084 env=0.00111 gate=0.00002 envDelta=0.00108 envFloor=0.00065 onset=0.954 thresh=0.006 onsetDelta=0.94812 baseline=0.00043 adaptive=0.00109 lastPeak=0.00000 guard=0.060 activeAge=-1.000 pitch=-1.00Hz pitchCents=0.0
2025-12-15 22:55:16 [tracker] [s5] onset t=45.084 env=0.00189 gate=0.00015 envDelta=0.00173 envFloor=0.00109 onset=1.017 thresh=0.016 onsetDelta=1.00116 baseline=0.00073 adaptive=0.00182 lastPeak=0.00000 guard=0.060 activeAge=-1.000 pitch=-1.00Hz pitchCents=0.0
2025-12-15 22:55:16 [tracker] [s2] onset t=45.097 env=0.00100 gate=0.00001 envDelta=0.00100 envFloor=0.00098 onset=0.955 thresh=0.009 onsetDelta=0.94634 baseline=0.00065 adaptive=0.00164 lastPeak=0.00000 guard=0.060 activeAge=-1.000 pitch=-1.00Hz pitchCents=0.0
2025-12-15 22:55:16 [tracker] [s5] onset t=45.134 env=0.00175 gate=0.00015 envDelta=0.00159 envFloor=0.00110 onset=1.319 thresh=0.016 onsetDelta=1.30271 baseline=0.00074 adaptive=0.00184 lastPeak=0.00000 guard=0.060 activeAge=-1.000 pitch=-1.00Hz pitchCents=0.0
2025-12-15 22:55:16 [tracker] [s1] aubio-raw t=45.1637 onset=0.999107 env=0.000639 peak=0.001405 gain=1.000
2025-12-15 22:55:16 [tracker] [s1] onset-accepted t=45.1637 env=0.000639 gate=0.000023 envDelta=0.000616 envFloor=0.000629 onset=0.999107 thresh=0.006000 onsetDelta=0.993107 baseline=0.000419 floor=0.000180 adapt=0.001048 lastPeak=0.000000 baseParam=0.000180 gateRatio=0.0550 envParam=0.000450 onsetScale=0.300 retriggerScale=1.400 guard=0.060 guardRemain=0.000 activeAge=-1.000 retrigRemain=0.000 pitchHz=-1.00 pitchCents=0.0
2025-12-15 22:55:16 [tracker] [s1] onset t=45.164 env=0.00064 gate=0.00002 envDelta=0.00062 envFloor=0.00063 onset=0.999 thresh=0.006 onsetDelta=0.99311 baseline=0.00042 adaptive=0.00105 lastPeak=0.00000 guard=0.060 activeAge=-1.000 pitch=-1.00Hz pitchCents=0.0
2025-12-15 22:55:16 [tracker] [s6] onset t=45.233 env=0.00185 gate=0.00021 envDelta=0.00165 envFloor=0.00126 onset=0.677 thresh=0.018 onsetDelta=0.65929 baseline=0.00084 adaptive=0.00210 lastPeak=0.00000 guard=0.060 activeAge=-1.000 pitch=-1.00Hz pitchCents=0.0
2025-12-15 22:55:16 [tracker] [s2] onset t=45.273 env=0.00102 gate=0.00001 envDelta=0.00101 envFloor=0.00093 onset=1.069 thresh=0.009 onsetDelta=1.05991 baseline=0.00062 adaptive=0.00155 lastPeak=0.00000 guard=0.060 activeAge=-1.000 pitch=888.37Hz pitchCents=3616.4
2025-12-15 22:55:16 [tracker] [s6] onset t=45.300 env=0.00157 gate=0.00019 envDelta=0.00138 envFloor=0.00116 onset=0.995 thresh=0.018 onsetDelta=0.97705 baseline=0.00077 adaptive=0.00194 lastPeak=0.00000 guard=0.060 activeAge=-1.000 pitch=-1.00Hz pitchCents=0.0
2025-12-15 22:55:17 [tracker] [s3] onset t=45.436 env=0.00135 gate=0.00008 envDelta=0.00127 envFloor=0.00092 onset=0.996 thresh=0.012 onsetDelta=0.98457 baseline=0.00062 adaptive=0.00154 lastPeak=0.00000 guard=0.060 activeAge=-1.000 pitch=-1.00Hz pitchCents=0.0
2025-12-15 22:55:17 [tracker] [s1] aubio-raw t=45.6517 onset=0.785071 env=0.000994 peak=0.002252 gain=1.000
2025-12-15 22:55:17 [tracker] [s1] onset-accepted t=45.6517 env=0.000994 gate=0.000021 envDelta=0.000972 envFloor=0.000582 onset=0.785071 thresh=0.006000 onsetDelta=0.779071 baseline=0.000388 floor=0.000180 adapt=0.000970 lastPeak=0.000000 baseParam=0.000180 gateRatio=0.0550 envParam=0.000450 onsetScale=0.300 retriggerScale=1.400 guard=0.060 guardRemain=0.000 activeAge=-1.000 retrigRemain=0.000 pitchHz=177.79 pitchCents=1331.2
2025-12-15 22:55:17 [tracker] [s1] onset t=45.652 env=0.00099 gate=0.00002 envDelta=0.00097 envFloor=0.00058 onset=0.785 thresh=0.006 onsetDelta=0.77907 baseline=0.00039 adaptive=0.00097 lastPeak=0.00000 guard=0.060 activeAge=-1.000 pitch=177.79Hz pitchCents=1331.2
2025-12-15 22:55:17 [tracker] [s5] onset t=45.745 env=0.00133 gate=0.00014 envDelta=0.00119 envFloor=0.00101 onset=1.184 thresh=0.016 onsetDelta=1.16826 baseline=0.00067 adaptive=0.00168 lastPeak=0.00000 guard=0.060 activeAge=-1.000 pitch=-1.00Hz pitchCents=0.0
2025-12-15 22:55:17 [tracker] [s2] onset t=45.766 env=0.00173 gate=0.00001 envDelta=0.00172 envFloor=0.00101 onset=1.043 thresh=0.009 onsetDelta=1.03443 baseline=0.00068 adaptive=0.00169 lastPeak=0.00000 guard=0.060 activeAge=-1.000 pitch=-1.00Hz pitchCents=0.0
2025-12-15 22:55:17 [tracker] [s6] onset t=45.964 env=0.00203 gate=0.00021 envDelta=0.00183 envFloor=0.00123 onset=1.311 thresh=0.018 onsetDelta=1.29268 baseline=0.00082 adaptive=0.00205 lastPeak=0.00000 guard=0.060 activeAge=-1.000 pitch=-1.00Hz pitchCents=0.0
2025-12-15 22:55:17 [tracker] [s3] onset t=46.068 env=0.00229 gate=0.00009 envDelta=0.00221 envFloor=0.00098 onset=1.258 thresh=0.012 onsetDelta=1.24626 baseline=0.00066 adaptive=0.00164 lastPeak=0.00000 guard=0.060 activeAge=-1.000 pitch=-1.00Hz pitchCents=0.0
2025-12-15 22:55:17 [tracker] [s6] onset t=46.081 env=0.00188 gate=0.00019 envDelta=0.00168 envFloor=0.00117 onset=0.996 thresh=0.018 onsetDelta=0.97820 baseline=0.00078 adaptive=0.00194 lastPeak=0.00000 guard=0.060 activeAge=-1.000 pitch=-1.00Hz pitchCents=0.0
2025-12-15 22:55:17 [tracker] [s5] onset t=46.094 env=0.00161 gate=0.00014 envDelta=0.00147 envFloor=0.00102 onset=1.124 thresh=0.016 onsetDelta=1.10782 baseline=0.00068 adaptive=0.00170 lastPeak=0.00000 guard=0.060 activeAge=-1.000 pitch=-1.00Hz pitchCents=0.0
2025-12-15 22:55:17 [tracker] [s1] aubio-raw t=46.1450 onset=1.064417 env=0.000554 peak=0.001548 gain=1.000
2025-12-15 22:55:17 [tracker] [s1] onset-below-env-floor t=46.1450 env=0.000554 gate=0.000021 envDelta=0.000533 envFloor=0.000581 onset=1.064417 thresh=0.006000 onsetDelta=1.058417 baseline=0.000387 floor=0.000180 adapt=0.000968 lastPeak=0.000000 baseParam=0.000180 gateRatio=0.0550 envParam=0.000450 onsetScale=0.300 retriggerScale=1.400 guard=0.060 guardRemain=0.000 activeAge=-1.000 retrigRemain=0.000 pitchHz=106.67 pitchCents=446.7
2025-12-15 22:55:17 [tracker] [s2] onset t=46.236 env=0.00138 gate=0.00001 envDelta=0.00137 envFloor=0.00094 onset=1.279 thresh=0.009 onsetDelta=1.26980 baseline=0.00063 adaptive=0.00157 lastPeak=0.00000 guard=0.060 activeAge=-1.000 pitch=-1.00Hz pitchCents=0.0
2025-12-15 22:55:17 [tracker] [s3] onset t=46.260 env=0.00183 gate=0.00009 envDelta=0.00174 envFloor=0.00099 onset=1.079 thresh=0.012 onsetDelta=1.06785 baseline=0.00066 adaptive=0.00164 lastPeak=0.00000 guard=0.060 activeAge=-1.000 pitch=-1.00Hz pitchCents=0.0
2025-12-15 22:55:17 [tracker] [s1] aubio-raw t=46.2810 onset=0.931076 env=0.000709 peak=0.001614 gain=1.000
2025-12-15 22:55:17 [tracker] [s1] onset-accepted t=46.2810 env=0.000709 gate=0.000023 envDelta=0.000686 envFloor=0.000625 onset=0.931076 thresh=0.006000 onsetDelta=0.925076 baseline=0.000417 floor=0.000180 adapt=0.001042 lastPeak=0.000000 baseParam=0.000180 gateRatio=0.0550 envParam=0.000450 onsetScale=0.300 retriggerScale=1.400 guard=0.060 guardRemain=0.000 activeAge=-1.000 retrigRemain=0.000 pitchHz=-1.00 pitchCents=0.0
2025-12-15 22:55:17 [tracker] [s1] onset t=46.281 env=0.00071 gate=0.00002 envDelta=0.00069 envFloor=0.00063 onset=0.931 thresh=0.006 onsetDelta=0.92508 baseline=0.00042 adaptive=0.00104 lastPeak=0.00000 guard=0.060 activeAge=-1.000 pitch=-1.00Hz pitchCents=0.0
2025-12-15 22:55:18 [tracker] [s2] onset t=46.350 env=0.00163 gate=0.00001 envDelta=0.00163 envFloor=0.00101 onset=0.987 thresh=0.009 onsetDelta=0.97846 baseline=0.00067 adaptive=0.00169 lastPeak=0.00000 guard=0.060 activeAge=-1.000 pitch=-1.00Hz pitchCents=0.0
2025-12-15 22:55:18 [tracker] [s5] onset t=46.366 env=0.00157 gate=0.00015 envDelta=0.00142 envFloor=0.00109 onset=1.134 thresh=0.016 onsetDelta=1.11828 baseline=0.00072 adaptive=0.00181 lastPeak=0.00000 guard=0.060 activeAge=-1.000 pitch=-1.00Hz pitchCents=0.0
2025-12-15 22:55:18 [tracker] [s3] onset t=46.372 env=0.00146 gate=0.00008 envDelta=0.00137 envFloor=0.00095 onset=1.001 thresh=0.012 onsetDelta=0.98928 baseline=0.00063 adaptive=0.00158 lastPeak=0.00000 guard=0.060 activeAge=-1.000 pitch=-1.00Hz pitchCents=0.0
2025-12-15 22:55:18 [tracker] [s1] aubio-raw t=46.4223 onset=1.120447 env=0.000555 peak=0.001594 gain=1.000
2025-12-15 22:55:18 [tracker] [s1] onset-below-env-floor t=46.4223 env=0.000555 gate=0.000022 envDelta=0.000533 envFloor=0.000590 onset=1.120447 thresh=0.006000 onsetDelta=1.114447 baseline=0.000393 floor=0.000180 adapt=0.000983 lastPeak=0.000000 baseParam=0.000180 gateRatio=0.0550 envParam=0.000450 onsetScale=0.300 retriggerScale=1.400 guard=0.060 guardRemain=0.000 activeAge=-1.000 retrigRemain=0.000 pitchHz=-1.00 pitchCents=0.0
2025-12-15 22:55:18 [tracker] [s2] onset t=46.468 env=0.00156 gate=0.00001 envDelta=0.00156 envFloor=0.00097 onset=0.994 thresh=0.009 onsetDelta=0.98527 baseline=0.00064 adaptive=0.00161 lastPeak=0.00000 guard=0.060 activeAge=-1.000 pitch=-1.00Hz pitchCents=0.0
2025-12-15 22:55:18 [tracker] [s6] onset t=46.516 env=0.00207 gate=0.00020 envDelta=0.00187 envFloor=0.00120 onset=1.096 thresh=0.018 onsetDelta=1.07809 baseline=0.00080 adaptive=0.00199 lastPeak=0.00000 guard=0.060 activeAge=-1.000 pitch=-1.00Hz pitchCents=0.0
2025-12-15 22:55:18 [tracker] [s2] onset t=46.526 env=0.00151 gate=0.00001 envDelta=0.00150 envFloor=0.00103 onset=0.996 thresh=0.009 onsetDelta=0.98709 baseline=0.00068 adaptive=0.00171 lastPeak=0.00000 guard=0.060 activeAge=-1.000 pitch=177.79Hz pitchCents=831.2
2025-12-15 22:55:18 [tracker] [s3] onset t=46.534 env=0.00131 gate=0.00008 envDelta=0.00123 envFloor=0.00091 onset=1.107 thresh=0.012 onsetDelta=1.09565 baseline=0.00061 adaptive=0.00152 lastPeak=0.00000 guard=0.060 activeAge=-1.000 pitch=-1.00Hz pitchCents=0.0
2025-12-15 22:55:18 [tracker] [s2] onset t=46.646 env=0.00130 gate=0.00001 envDelta=0.00129 envFloor=0.00104 onset=1.057 thresh=0.009 onsetDelta=1.04778 baseline=0.00069 adaptive=0.00173 lastPeak=0.00000 guard=0.060 activeAge=-1.000 pitch=-1.00Hz pitchCents=0.0
2025-12-15 22:55:18 [tracker] [s4] onset t=46.750 env=0.00154 gate=0.00011 envDelta=0.00143 envFloor=0.00096 onset=1.232 thresh=0.014 onsetDelta=1.21821 baseline=0.00064 adaptive=0.00159 lastPeak=0.00000 guard=0.060 activeAge=-1.000 pitch=-1.00Hz pitchCents=0.0
2025-12-15 22:55:18 [tracker] [s2] onset t=46.860 env=0.00150 gate=0.00001 envDelta=0.00150 envFloor=0.00097 onset=1.073 thresh=0.009 onsetDelta=1.06354 baseline=0.00064 adaptive=0.00161 lastPeak=0.00000 guard=0.060 activeAge=-1.000 pitch=-1.00Hz pitchCents=0.0
2025-12-15 22:55:18 [tracker] [s5] onset t=46.964 env=0.00184 gate=0.00015 envDelta=0.00169 envFloor=0.00107 onset=1.295 thresh=0.016 onsetDelta=1.27885 baseline=0.00071 adaptive=0.00178 lastPeak=0.00000 guard=0.060 activeAge=-1.000 pitch=-1.00Hz pitchCents=0.0
2025-12-15 22:55:18 [tracker] [s3] onset t=47.022 env=0.00148 gate=0.00008 envDelta=0.00140 envFloor=0.00098 onset=0.997 thresh=0.012 onsetDelta=0.98573 baseline=0.00065 adaptive=0.00163 lastPeak=0.00000 guard=0.060 activeAge=-1.000 pitch=-1.00Hz pitchCents=0.0
2025-12-15 22:55:18 [tracker] [s1] aubio-raw t=47.0569 onset=0.998114 env=0.000623 peak=0.001624 gain=1.000
2025-12-15 22:55:18 [tracker] [s1] onset-accepted t=47.0569 env=0.000623 gate=0.000022 envDelta=0.000602 envFloor=0.000599 onset=0.998114 thresh=0.006000 onsetDelta=0.992114 baseline=0.000399 floor=0.000180 adapt=0.000999 lastPeak=0.000000 baseParam=0.000180 gateRatio=0.0550 envParam=0.000450 onsetScale=0.300 retriggerScale=1.400 guard=0.060 guardRemain=0.000 activeAge=-1.000 retrigRemain=0.000 pitchHz=-1.00 pitchCents=0.0
2025-12-15 22:55:18 [tracker] [s1] onset t=47.057 env=0.00062 gate=0.00002 envDelta=0.00060 envFloor=0.00060 onset=0.998 thresh=0.006 onsetDelta=0.99211 baseline=0.00040 adaptive=0.00100 lastPeak=0.00000 guard=0.060 activeAge=-1.000 pitch=-1.00Hz pitchCents=0.0
2025-12-15 22:55:18 [tracker] [s3] onset t=47.174 env=0.00133 gate=0.00008 envDelta=0.00125 envFloor=0.00091 onset=0.995 thresh=0.012 onsetDelta=0.98333 baseline=0.00060 adaptive=0.00151 lastPeak=0.00000 guard=0.060 activeAge=-1.000 pitch=-1.00Hz pitchCents=0.0
2025-12-15 22:55:18 [tracker] [s6] onset t=47.236 env=0.00147 gate=0.00019 envDelta=0.00129 envFloor=0.00112 onset=0.993 thresh=0.018 onsetDelta=0.97463 baseline=0.00075 adaptive=0.00187 lastPeak=0.00000 guard=0.060 activeAge=-1.000 pitch=-1.00Hz pitchCents=0.0
2025-12-15 22:55:18 [tracker] [s2] onset t=47.246 env=0.00115 gate=0.00001 envDelta=0.00115 envFloor=0.00098 onset=0.995 thresh=0.009 onsetDelta=0.98615 baseline=0.00065 adaptive=0.00163 lastPeak=0.00000 guard=0.060 activeAge=-1.000 pitch=103.90Hz pitchCents=-98.8
2025-12-15 22:55:18 [tracker] [s4] onset t=47.273 env=0.00166 gate=0.00011 envDelta=0.00155 envFloor=0.00094 onset=1.346 thresh=0.014 onsetDelta=1.33203 baseline=0.00063 adaptive=0.00157 lastPeak=0.00000 guard=0.060 activeAge=-1.000 pitch=-1.00Hz pitchCents=0.0
2025-12-15 22:55:19 [tracker] [s3] onset t=47.340 env=0.00169 gate=0.00008 envDelta=0.00160 envFloor=0.00095 onset=0.798 thresh=0.012 onsetDelta=0.78649 baseline=0.00063 adaptive=0.00159 lastPeak=0.00000 guard=0.060 activeAge=-1.000 pitch=-1.00Hz pitchCents=0.0
2025-12-15 22:55:19 [tracker] [s1] aubio-raw t=47.4249 onset=0.869818 env=0.001197 peak=0.002636 gain=1.000
2025-12-15 22:55:19 [tracker] [s1] onset-accepted t=47.4249 env=0.001197 gate=0.000023 envDelta=0.001174 envFloor=0.000621 onset=0.869818 thresh=0.006000 onsetDelta=0.863818 baseline=0.000414 floor=0.000180 adapt=0.001034 lastPeak=0.000000 baseParam=0.000180 gateRatio=0.0550 envParam=0.000450 onsetScale=0.300 retriggerScale=1.400 guard=0.060 guardRemain=0.000 activeAge=-1.000 retrigRemain=0.000 pitchHz=-1.00 pitchCents=0.0
2025-12-15 22:55:19 [tracker] [s1] onset t=47.425 env=0.00120 gate=0.00002 envDelta=0.00117 envFloor=0.00062 onset=0.870 thresh=0.006 onsetDelta=0.86382 baseline=0.00041 adaptive=0.00103 lastPeak=0.00000 guard=0.060 activeAge=-1.000 pitch=-1.00Hz pitchCents=0.0
2025-12-15 22:55:19 [tracker] [s4] onset t=47.489 env=0.00167 gate=0.00011 envDelta=0.00156 envFloor=0.00100 onset=0.993 thresh=0.014 onsetDelta=0.97940 baseline=0.00067 adaptive=0.00167 lastPeak=0.00000 guard=0.060 activeAge=-1.000 pitch=-1.00Hz pitchCents=0.0
2025-12-15 22:55:19 [tracker] [s6] onset t=47.521 env=0.00150 gate=0.00020 envDelta=0.00130 envFloor=0.00119 onset=0.990 thresh=0.018 onsetDelta=0.97166 baseline=0.00079 adaptive=0.00199 lastPeak=0.00000 guard=0.060 activeAge=-1.000 pitch=-1.00Hz pitchCents=0.0
2025-12-15 22:55:19 [tracker] [s3] onset t=47.524 env=0.00118 gate=0.00008 envDelta=0.00110 envFloor=0.00091 onset=0.998 thresh=0.012 onsetDelta=0.98667 baseline=0.00061 adaptive=0.00152 lastPeak=0.00000 guard=0.060 activeAge=-1.000 pitch=-1.00Hz pitchCents=0.0
2025-12-15 22:55:19 [tracker] [s5] onset t=47.526 env=0.00167 gate=0.00015 envDelta=0.00152 envFloor=0.00104 onset=0.674 thresh=0.016 onsetDelta=0.65801 baseline=0.00069 adaptive=0.00173 lastPeak=0.00000 guard=0.060 activeAge=-1.000 pitch=-1.00Hz pitchCents=0.0
2025-12-15 22:55:19 [tracker] [s1] aubio-raw t=47.5796 onset=0.937326 env=0.000744 peak=0.001902 gain=1.000
2025-12-15 22:55:19 [tracker] [s1] onset-accepted t=47.5796 env=0.000744 gate=0.000022 envDelta=0.000722 envFloor=0.000604 onset=0.937326 thresh=0.006000 onsetDelta=0.931326 baseline=0.000403 floor=0.000180 adapt=0.001007 lastPeak=0.000000 baseParam=0.000180 gateRatio=0.0550 envParam=0.000450 onsetScale=0.300 retriggerScale=1.400 guard=0.060 guardRemain=0.000 activeAge=-1.000 retrigRemain=0.000 pitchHz=102.56 pitchCents=378.8
2025-12-15 22:55:19 [tracker] [s1] onset t=47.580 env=0.00074 gate=0.00002 envDelta=0.00072 envFloor=0.00060 onset=0.937 thresh=0.006 onsetDelta=0.93133 baseline=0.00040 adaptive=0.00101 lastPeak=0.00000 guard=0.060 activeAge=-1.000 pitch=102.56Hz pitchCents=378.8
2025-12-15 22:55:19 [tracker] [s5] onset t=47.654 env=0.00159 gate=0.00014 envDelta=0.00145 envFloor=0.00101 onset=1.125 thresh=0.016 onsetDelta=1.10877 baseline=0.00067 adaptive=0.00168 lastPeak=0.00000 guard=0.060 activeAge=-1.000 pitch=-1.00Hz pitchCents=0.0
2025-12-15 22:55:19 [tracker] [s1] aubio-raw t=47.6889 onset=1.068213 env=0.000605 peak=0.001726 gain=1.000
2025-12-15 22:55:19 [tracker] [s1] onset-below-env-floor t=47.6889 env=0.000605 gate=0.000023 envDelta=0.000582 envFloor=0.000631 onset=1.068213 thresh=0.006000 onsetDelta=1.062213 baseline=0.000421 floor=0.000180 adapt=0.001052 lastPeak=0.000000 baseParam=0.000180 gateRatio=0.0550 envParam=0.000450 onsetScale=0.300 retriggerScale=1.400 guard=0.060 guardRemain=0.000 activeAge=-1.000 retrigRemain=0.000 pitchHz=-1.00 pitchCents=0.0
2025-12-15 22:55:19 [tracker] [s4] onset t=47.916 env=0.00135 gate=0.00011 envDelta=0.00124 envFloor=0.00101 onset=1.103 thresh=0.014 onsetDelta=1.08861 baseline=0.00067 adaptive=0.00168 lastPeak=0.00000 guard=0.060 activeAge=-1.000 pitch=-1.00Hz pitchCents=0.0
2025-12-15 22:55:19 [tracker] [s5] onset t=47.985 env=0.00164 gate=0.00014 envDelta=0.00150 envFloor=0.00103 onset=0.995 thresh=0.016 onsetDelta=0.97877 baseline=0.00069 adaptive=0.00171 lastPeak=0.00000 guard=0.060 activeAge=-1.000 pitch=-1.00Hz pitchCents=0.0
2025-12-15 22:55:19 [tracker] [s4] onset t=47.996 env=0.00138 gate=0.00011 envDelta=0.00127 envFloor=0.00099 onset=0.994 thresh=0.014 onsetDelta=0.98025 baseline=0.00066 adaptive=0.00165 lastPeak=0.00000 guard=0.060 activeAge=-1.000 pitch=-1.00Hz pitchCents=0.0
2025-12-15 22:55:19 [tracker] [s1] aubio-raw t=48.0062 onset=0.895309 env=0.000741 peak=0.002216 gain=1.000
2025-12-15 22:55:19 [tracker] [s1] onset-accepted t=48.0062 env=0.000741 gate=0.000022 envDelta=0.000719 envFloor=0.000596 onset=0.895309 thresh=0.006000 onsetDelta=0.889309 baseline=0.000397 floor=0.000180 adapt=0.000993 lastPeak=0.000000 baseParam=0.000180 gateRatio=0.0550 envParam=0.000450 onsetScale=0.300 retriggerScale=1.400 guard=0.060 guardRemain=0.000 activeAge=-1.000 retrigRemain=0.000 pitchHz=-1.00 pitchCents=0.0
2025-12-15 22:55:19 [tracker] [s1] onset t=48.006 env=0.00074 gate=0.00002 envDelta=0.00072 envFloor=0.00060 onset=0.895 thresh=0.006 onsetDelta=0.88931 baseline=0.00040 adaptive=0.00099 lastPeak=0.00000 guard=0.060 activeAge=-1.000 pitch=-1.00Hz pitchCents=0.0
2025-12-15 22:55:19 [tracker] [s5] onset t=48.089 env=0.00189 gate=0.00016 envDelta=0.00173 envFloor=0.00111 onset=0.779 thresh=0.016 onsetDelta=0.76340 baseline=0.00074 adaptive=0.00186 lastPeak=0.00000 guard=0.060 activeAge=-1.000 pitch=-1.00Hz pitchCents=0.0
2025-12-15 22:55:19 [tracker] [s2] onset t=48.140 env=0.00113 gate=0.00001 envDelta=0.00113 envFloor=0.00099 onset=1.032 thresh=0.009 onsetDelta=1.02335 baseline=0.00066 adaptive=0.00164 lastPeak=0.00000 guard=0.060 activeAge=-1.000 pitch=-1.00Hz pitchCents=0.0
2025-12-15 22:55:19 [tracker] [s1] aubio-raw t=48.1582 onset=0.977333 env=0.000769 peak=0.001895 gain=1.000
2025-12-15 22:55:19 [tracker] [s1] onset-accepted t=48.1582 env=0.000769 gate=0.000023 envDelta=0.000746 envFloor=0.000626 onset=0.977333 thresh=0.006000 onsetDelta=0.971333 baseline=0.000417 floor=0.000180 adapt=0.001043 lastPeak=0.000000 baseParam=0.000180 gateRatio=0.0550 envParam=0.000450 onsetScale=0.300 retriggerScale=1.400 guard=0.060 guardRemain=0.000 activeAge=-1.000 retrigRemain=0.000 pitchHz=-1.00 pitchCents=0.0
2025-12-15 22:55:19 [tracker] [s3] onset t=48.281 env=0.00180 gate=0.00008 envDelta=0.00172 envFloor=0.00095 onset=0.950 thresh=0.012 onsetDelta=0.93815 baseline=0.00063 adaptive=0.00158 lastPeak=0.00000 guard=0.060 activeAge=-1.000 pitch=-1.00Hz pitchCents=0.0
2025-12-15 22:55:19 [tracker] [s4] onset t=48.308 env=0.00156 gate=0.00010 envDelta=0.00146 envFloor=0.00092 onset=0.932 thresh=0.014 onsetDelta=0.91781 baseline=0.00061 adaptive=0.00153 lastPeak=0.00000 guard=0.060 activeAge=-1.000 pitch=-1.00Hz pitchCents=0.0
2025-12-15 22:55:20 [tracker] [s6] onset t=48.401 env=0.00203 gate=0.00020 envDelta=0.00183 envFloor=0.00119 onset=1.155 thresh=0.018 onsetDelta=1.13719 baseline=0.00079 adaptive=0.00198 lastPeak=0.00000 guard=0.060 activeAge=-1.000 pitch=-1.00Hz pitchCents=0.0
2025-12-15 22:55:20 [tracker] [s2] onset t=48.579 env=0.00142 gate=0.00001 envDelta=0.00142 envFloor=0.00101 onset=0.996 thresh=0.009 onsetDelta=0.98701 baseline=0.00068 adaptive=0.00169 lastPeak=0.00000 guard=0.060 activeAge=-1.000 pitch=-1.00Hz pitchCents=0.0
2025-12-15 22:55:20 [tracker] [s4] onset t=48.582 env=0.00160 gate=0.00011 envDelta=0.00149 envFloor=0.00101 onset=0.992 thresh=0.014 onsetDelta=0.97794 baseline=0.00067 adaptive=0.00168 lastPeak=0.00000 guard=0.060 activeAge=-1.000 pitch=-1.00Hz pitchCents=0.0
2025-12-15 22:55:20 [tracker] [s4] onset t=48.635 env=0.00156 gate=0.00011 envDelta=0.00145 envFloor=0.00101 onset=0.761 thresh=0.014 onsetDelta=0.74729 baseline=0.00068 adaptive=0.00169 lastPeak=0.00000 guard=0.060 activeAge=-1.000 pitch=-1.00Hz pitchCents=0.0
2025-12-15 22:55:20 [tracker] [s3] onset t=48.662 env=0.00117 gate=0.00008 envDelta=0.00109 envFloor=0.00096 onset=0.735 thresh=0.012 onsetDelta=0.72361 baseline=0.00064 adaptive=0.00160 lastPeak=0.00000 guard=0.060 activeAge=-1.000 pitch=-1.00Hz pitchCents=0.0
2025-12-15 22:55:20 [tracker] [s4] onset t=48.769 env=0.00122 gate=0.00011 envDelta=0.00111 envFloor=0.00097 onset=0.957 thresh=0.014 onsetDelta=0.94253 baseline=0.00065 adaptive=0.00162 lastPeak=0.00000 guard=0.060 activeAge=-1.000 pitch=-1.00Hz pitchCents=0.0
2025-12-15 22:55:20 [tracker] [s1] aubio-raw t=48.7715 onset=0.998248 env=0.000919 peak=0.002389 gain=1.000
2025-12-15 22:55:20 [tracker] [s1] onset-accepted t=48.7715 env=0.000919 gate=0.000021 envDelta=0.000899 envFloor=0.000565 onset=0.998248 thresh=0.006000 onsetDelta=0.992248 baseline=0.000377 floor=0.000180 adapt=0.000941 lastPeak=0.000000 baseParam=0.000180 gateRatio=0.0550 envParam=0.000450 onsetScale=0.300 retriggerScale=1.400 guard=0.060 guardRemain=0.000 activeAge=-1.000 retrigRemain=0.000 pitchHz=320.03 pitchCents=2348.8
2025-12-15 22:55:20 [tracker] [s1] onset t=48.771 env=0.00092 gate=0.00002 envDelta=0.00090 envFloor=0.00056 onset=0.998 thresh=0.006 onsetDelta=0.99225 baseline=0.00038 adaptive=0.00094 lastPeak=0.00000 guard=0.060 activeAge=-1.000 pitch=320.03Hz pitchCents=2348.8
2025-12-15 22:55:20 [tracker] [s6] onset t=48.833 env=0.00205 gate=0.00021 envDelta=0.00184 envFloor=0.00126 onset=0.584 thresh=0.018 onsetDelta=0.56575 baseline=0.00084 adaptive=0.00211 lastPeak=0.00000 guard=0.060 activeAge=-1.000 pitch=-1.00Hz pitchCents=0.0
2025-12-15 22:55:20 [tracker] [s5] onset t=48.867 env=0.00164 gate=0.00015 envDelta=0.00149 envFloor=0.00107 onset=0.778 thresh=0.016 onsetDelta=0.76216 baseline=0.00072 adaptive=0.00179 lastPeak=0.00000 guard=0.060 activeAge=-1.000 pitch=-1.00Hz pitchCents=0.0
2025-12-15 22:55:20 [tracker] [s6] onset t=48.939 env=0.00214 gate=0.00022 envDelta=0.00192 envFloor=0.00133 onset=0.882 thresh=0.018 onsetDelta=0.86354 baseline=0.00089 adaptive=0.00222 lastPeak=0.00000 guard=0.060 activeAge=-1.000 pitch=-1.00Hz pitchCents=0.0
2025-12-15 22:55:20 [tracker] [s4] onset t=48.982 env=0.00161 gate=0.00012 envDelta=0.00149 envFloor=0.00104 onset=1.401 thresh=0.014 onsetDelta=1.38746 baseline=0.00069 adaptive=0.00173 lastPeak=0.00000 guard=0.060 activeAge=-1.000 pitch=-1.00Hz pitchCents=0.0
2025-12-15 22:55:20 [tracker] [s6] onset t=49.067 env=0.00168 gate=0.00020 envDelta=0.00148 envFloor=0.00120 onset=1.181 thresh=0.018 onsetDelta=1.16276 baseline=0.00080 adaptive=0.00200 lastPeak=0.00000 guard=0.060 activeAge=-1.000 pitch=-1.00Hz pitchCents=0.0
2025-12-15 22:55:20 [tracker] [s5] onset t=49.083 env=0.00132 gate=0.00014 envDelta=0.00118 envFloor=0.00100 onset=1.326 thresh=0.016 onsetDelta=1.31009 baseline=0.00067 adaptive=0.00167 lastPeak=0.00000 guard=0.060 activeAge=-1.000 pitch=-1.00Hz pitchCents=0.0
2025-12-15 22:55:20 [tracker] [s2] onset t=49.163 env=0.00111 gate=0.00001 envDelta=0.00110 envFloor=0.00099 onset=1.055 thresh=0.009 onsetDelta=1.04578 baseline=0.00066 adaptive=0.00164 lastPeak=0.00000 guard=0.060 activeAge=-1.000 pitch=-1.00Hz pitchCents=0.0
2025-12-15 22:55:20 [tracker] [s6] onset t=49.163 env=0.00168 gate=0.00020 envDelta=0.00148 envFloor=0.00119 onset=0.937 thresh=0.018 onsetDelta=0.91912 baseline=0.00080 adaptive=0.00199 lastPeak=0.00000 guard=0.060 activeAge=-1.000 pitch=-1.00Hz pitchCents=0.0
2025-12-15 22:55:20 [tracker] [s2] onset t=49.251 env=0.00152 gate=0.00001 envDelta=0.00151 envFloor=0.00099 onset=0.996 thresh=0.009 onsetDelta=0.98694 baseline=0.00066 adaptive=0.00166 lastPeak=0.00000 guard=0.060 activeAge=-1.000 pitch=-1.00Hz pitchCents=0.0
2025-12-15 22:55:21 [tracker] [s5] onset t=49.342 env=0.00190 gate=0.00015 envDelta=0.00174 envFloor=0.00110 onset=0.951 thresh=0.016 onsetDelta=0.93458 baseline=0.00073 adaptive=0.00184 lastPeak=0.00000 guard=0.060 activeAge=-1.000 pitch=-1.00Hz pitchCents=0.0
2025-12-15 22:55:21 [tracker] [s4] onset t=49.430 env=0.00140 gate=0.00011 envDelta=0.00129 envFloor=0.00097 onset=0.997 thresh=0.014 onsetDelta=0.98338 baseline=0.00065 adaptive=0.00162 lastPeak=0.00000 guard=0.060 activeAge=-1.000 pitch=-1.00Hz pitchCents=0.0
2025-12-15 22:55:21 [tracker] [s6] onset t=49.515 env=0.00179 gate=0.00019 envDelta=0.00160 envFloor=0.00112 onset=1.097 thresh=0.018 onsetDelta=1.07898 baseline=0.00075 adaptive=0.00186 lastPeak=0.00000 guard=0.060 activeAge=-1.000 pitch=-1.00Hz pitchCents=0.0
2025-12-15 22:55:21 [tracker] [s2] onset t=49.558 env=0.00190 gate=0.00001 envDelta=0.00189 envFloor=0.00103 onset=0.517 thresh=0.009 onsetDelta=0.50818 baseline=0.00069 adaptive=0.00172 lastPeak=0.00000 guard=0.060 activeAge=-1.000 pitch=126.98Hz pitchCents=248.5
2025-12-15 22:55:21 [tracker] [s4] onset t=49.593 env=0.00168 gate=0.00011 envDelta=0.00157 envFloor=0.00099 onset=1.258 thresh=0.014 onsetDelta=1.24433 baseline=0.00066 adaptive=0.00166 lastPeak=0.00000 guard=0.060 activeAge=-1.000 pitch=-1.00Hz pitchCents=0.0
2025-12-15 22:55:21 [tracker] [s5] onset t=49.603 env=0.00182 gate=0.00015 envDelta=0.00167 envFloor=0.00108 onset=0.922 thresh=0.016 onsetDelta=0.90625 baseline=0.00072 adaptive=0.00180 lastPeak=0.00000 guard=0.060 activeAge=-1.000 pitch=-1.00Hz pitchCents=0.0
2025-12-15 22:55:21 [tracker] [s5] onset t=49.665 env=0.00171 gate=0.00016 envDelta=0.00155 envFloor=0.00113 onset=0.998 thresh=0.016 onsetDelta=0.98232 baseline=0.00075 adaptive=0.00188 lastPeak=0.00000 guard=0.060 activeAge=-1.000 pitch=-1.00Hz pitchCents=0.0
2025-12-15 22:55:21 [tracker] [s6] onset t=49.691 env=0.00228 gate=0.00022 envDelta=0.00206 envFloor=0.00133 onset=1.002 thresh=0.018 onsetDelta=0.98401 baseline=0.00089 adaptive=0.00222 lastPeak=0.00000 guard=0.060 activeAge=-1.000 pitch=-1.00Hz pitchCents=0.0
2025-12-15 22:55:21 [tracker] [s2] onset t=49.702 env=0.00154 gate=0.00001 envDelta=0.00153 envFloor=0.00099 onset=0.798 thresh=0.009 onsetDelta=0.78873 baseline=0.00066 adaptive=0.00165 lastPeak=0.00000 guard=0.060 activeAge=-1.000 pitch=-1.00Hz pitchCents=0.0
2025-12-15 22:55:21 [tracker] [s1] aubio-raw t=49.7447 onset=1.265072 env=0.001115 peak=0.002626 gain=1.000
2025-12-15 22:55:21 [tracker] [s1] onset-accepted t=49.7447 env=0.001115 gate=0.000023 envDelta=0.001092 envFloor=0.000627 onset=1.265072 thresh=0.006000 onsetDelta=1.259072 baseline=0.000418 floor=0.000180 adapt=0.001045 lastPeak=0.000000 baseParam=0.000180 gateRatio=0.0550 envParam=0.000450 onsetScale=0.300 retriggerScale=1.400 guard=0.060 guardRemain=0.000 activeAge=-1.000 retrigRemain=0.000 pitchHz=363.65 pitchCents=2570.1
2025-12-15 22:55:21 [tracker] [s1] onset t=49.745 env=0.00111 gate=0.00002 envDelta=0.00109 envFloor=0.00063 onset=1.265 thresh=0.006 onsetDelta=1.25907 baseline=0.00042 adaptive=0.00104 lastPeak=0.00000 guard=0.060 activeAge=-1.000 pitch=363.65Hz pitchCents=2570.1
2025-12-15 22:55:21 [tracker] [s5] onset t=49.814 env=0.00186 gate=0.00015 envDelta=0.00171 envFloor=0.00104 onset=0.912 thresh=0.016 onsetDelta=0.89605 baseline=0.00069 adaptive=0.00173 lastPeak=0.00000 guard=0.060 activeAge=-1.000 pitch=-1.00Hz pitchCents=0.0
2025-12-15 22:55:21 [tracker] [s2] onset t=49.921 env=0.00107 gate=0.00001 envDelta=0.00106 envFloor=0.00100 onset=0.998 thresh=0.009 onsetDelta=0.98908 baseline=0.00067 adaptive=0.00167 lastPeak=0.00000 guard=0.060 activeAge=-1.000 pitch=444.38Hz pitchCents=2417.1
2025-12-15 22:55:21 [tracker] [s2] note-start t=49.921 fret=24 midi=69 vel=0.01 env=0.00107
2025-12-15 22:55:21 [tracker] [s5] onset t=50.222 env=0.00206 gate=0.00015 envDelta=0.00191 envFloor=0.00107 onset=1.403 thresh=0.016 onsetDelta=1.38714 baseline=0.00071 adaptive=0.00178 lastPeak=0.00000 guard=0.060 activeAge=-1.000 pitch=-1.00Hz pitchCents=0.0
2025-12-15 22:55:21 [tracker] [s2] onset t=50.233 env=0.00169 gate=0.00001 envDelta=0.00169 envFloor=0.00095 onset=0.979 thresh=0.009 onsetDelta=0.97011 baseline=0.00063 adaptive=0.00158 lastPeak=0.00059 guard=0.060 activeAge=0.312 pitch=-1.00Hz pitchCents=0.0
2025-12-15 22:55:21 [tracker] [s2] note-ended (new onset) t=50.233 fret=24 dur=0.312
2025-12-15 22:55:21 [tracker] [s5] onset t=50.294 env=0.00146 gate=0.00015 envDelta=0.00132 envFloor=0.00104 onset=0.997 thresh=0.016 onsetDelta=0.98121 baseline=0.00069 adaptive=0.00173 lastPeak=0.00000 guard=0.060 activeAge=-1.000 pitch=-1.00Hz pitchCents=0.0
2025-12-15 22:55:21 [tracker] [s1] aubio-raw t=50.3074 onset=0.846971 env=0.000657 peak=0.001490 gain=1.000
2025-12-15 22:55:21 [tracker] [s1] onset-accepted t=50.3074 env=0.000657 gate=0.000022 envDelta=0.000635 envFloor=0.000594 onset=0.846971 thresh=0.006000 onsetDelta=0.840971 baseline=0.000396 floor=0.000180 adapt=0.000990 lastPeak=0.000000 baseParam=0.000180 gateRatio=0.0550 envParam=0.000450 onsetScale=0.300 retriggerScale=1.400 guard=0.060 guardRemain=0.000 activeAge=-1.000 retrigRemain=0.000 pitchHz=97.56 pitchCents=292.2
2025-12-15 22:55:21 [tracker] [s1] onset t=50.307 env=0.00066 gate=0.00002 envDelta=0.00063 envFloor=0.00059 onset=0.847 thresh=0.006 onsetDelta=0.84097 baseline=0.00040 adaptive=0.00099 lastPeak=0.00000 guard=0.060 activeAge=-1.000 pitch=97.56Hz pitchCents=292.2
2025-12-15 22:55:21 [tracker] [s3] onset t=50.307 env=0.00165 gate=0.00008 envDelta=0.00157 envFloor=0.00093 onset=1.125 thresh=0.012 onsetDelta=1.11349 baseline=0.00062 adaptive=0.00155 lastPeak=0.00000 guard=0.060 activeAge=-1.000 pitch=-1.00Hz pitchCents=0.0
2025-12-15 22:55:22 [tracker] [s5] onset t=50.387 env=0.00196 gate=0.00016 envDelta=0.00180 envFloor=0.00112 onset=0.869 thresh=0.016 onsetDelta=0.85344 baseline=0.00075 adaptive=0.00187 lastPeak=0.00000 guard=0.060 activeAge=-1.000 pitch=-1.00Hz pitchCents=0.0
2025-12-15 22:55:22 [tracker] [s6] onset t=50.435 env=0.00193 gate=0.00021 envDelta=0.00172 envFloor=0.00129 onset=1.012 thresh=0.018 onsetDelta=0.99389 baseline=0.00086 adaptive=0.00215 lastPeak=0.00000 guard=0.060 activeAge=-1.000 pitch=-1.00Hz pitchCents=0.0
2025-12-15 22:55:22 [tracker] [s5] onset t=50.438 env=0.00168 gate=0.00015 envDelta=0.00152 envFloor=0.00110 onset=1.068 thresh=0.016 onsetDelta=1.05203 baseline=0.00073 adaptive=0.00183 lastPeak=0.00000 guard=0.060 activeAge=-1.000 pitch=-1.00Hz pitchCents=0.0
2025-12-15 22:55:22 [tracker] [s1] aubio-raw t=50.7020 onset=1.011963 env=0.000784 peak=0.001781 gain=1.000
2025-12-15 22:55:22 [tracker] [s1] onset-accepted t=50.7020 env=0.000784 gate=0.000023 envDelta=0.000760 envFloor=0.000632 onset=1.011963 thresh=0.006000 onsetDelta=1.005963 baseline=0.000422 floor=0.000180 adapt=0.001054 lastPeak=0.000000 baseParam=0.000180 gateRatio=0.0550 envParam=0.000450 onsetScale=0.300 retriggerScale=1.400 guard=0.060 guardRemain=0.000 activeAge=-1.000 retrigRemain=0.000 pitchHz=-1.00 pitchCents=0.0
2025-12-15 22:55:22 [tracker] [s1] onset t=50.702 env=0.00078 gate=0.00002 envDelta=0.00076 envFloor=0.00063 onset=1.012 thresh=0.006 onsetDelta=1.00596 baseline=0.00042 adaptive=0.00105 lastPeak=0.00000 guard=0.060 activeAge=-1.000 pitch=-1.00Hz pitchCents=0.0
2025-12-15 22:55:22 [tracker] [s6] onset t=50.731 env=0.00217 gate=0.00021 envDelta=0.00196 envFloor=0.00125 onset=1.001 thresh=0.018 onsetDelta=0.98302 baseline=0.00083 adaptive=0.00208 lastPeak=0.00000 guard=0.060 activeAge=-1.000 pitch=-1.00Hz pitchCents=0.0
2025-12-15 22:55:22 [tracker] [s2] onset t=50.739 env=0.00119 gate=0.00001 envDelta=0.00119 envFloor=0.00101 onset=1.069 thresh=0.009 onsetDelta=1.05955 baseline=0.00067 adaptive=0.00168 lastPeak=0.00023 guard=0.060 activeAge=-1.000 pitch=-1.00Hz pitchCents=0.0
2025-12-15 22:55:22 [tracker] [s2] onset t=50.801 env=0.00140 gate=0.00001 envDelta=0.00140 envFloor=0.00099 onset=0.790 thresh=0.009 onsetDelta=0.78095 baseline=0.00066 adaptive=0.00165 lastPeak=0.00020 guard=0.060 activeAge=-1.000 pitch=-1.00Hz pitchCents=0.0
2025-12-15 22:55:22 [tracker] [s1] aubio-raw t=50.8247 onset=0.949422 env=0.000896 peak=0.002060 gain=1.000
2025-12-15 22:55:22 [tracker] [s1] onset-accepted t=50.8247 env=0.000896 gate=0.000025 envDelta=0.000871 envFloor=0.000671 onset=0.949422 thresh=0.006000 onsetDelta=0.943422 baseline=0.000447 floor=0.000180 adapt=0.001118 lastPeak=0.000000 baseParam=0.000180 gateRatio=0.0550 envParam=0.000450 onsetScale=0.300 retriggerScale=1.400 guard=0.060 guardRemain=0.000 activeAge=-1.000 retrigRemain=0.000 pitchHz=-1.00 pitchCents=0.0
2025-12-15 22:55:22 [tracker] [s1] onset t=50.825 env=0.00090 gate=0.00002 envDelta=0.00087 envFloor=0.00067 onset=0.949 thresh=0.006 onsetDelta=0.94342 baseline=0.00045 adaptive=0.00112 lastPeak=0.00000 guard=0.060 activeAge=-1.000 pitch=-1.00Hz pitchCents=0.0
2025-12-15 22:55:22 [tracker] [s6] onset t=50.889 env=0.00194 gate=0.00021 envDelta=0.00174 envFloor=0.00125 onset=1.031 thresh=0.018 onsetDelta=1.01319 baseline=0.00083 adaptive=0.00208 lastPeak=0.00000 guard=0.060 activeAge=-1.000 pitch=-1.00Hz pitchCents=0.0
2025-12-15 22:55:22 [tracker] [s2] onset t=50.942 env=0.00206 gate=0.00001 envDelta=0.00206 envFloor=0.00098 onset=0.978 thresh=0.009 onsetDelta=0.96862 baseline=0.00066 adaptive=0.00164 lastPeak=0.00016 guard=0.060 activeAge=-1.000 pitch=307.74Hz pitchCents=1781.0
2025-12-15 22:55:22 [tracker] [s1] aubio-raw t=51.0060 onset=0.997717 env=0.001029 peak=0.002481 gain=1.000
2025-12-15 22:55:22 [tracker] [s1] onset-accepted t=51.0060 env=0.001029 gate=0.000024 envDelta=0.001005 envFloor=0.000654 onset=0.997717 thresh=0.006000 onsetDelta=0.991717 baseline=0.000436 floor=0.000180 adapt=0.001090 lastPeak=0.000000 baseParam=0.000180 gateRatio=0.0550 envParam=0.000450 onsetScale=0.300 retriggerScale=1.400 guard=0.060 guardRemain=0.000 activeAge=-1.000 retrigRemain=0.000 pitchHz=-1.00 pitchCents=0.0
2025-12-15 22:55:22 [tracker] [s1] onset t=51.006 env=0.00103 gate=0.00002 envDelta=0.00100 envFloor=0.00065 onset=0.998 thresh=0.006 onsetDelta=0.99172 baseline=0.00044 adaptive=0.00109 lastPeak=0.00000 guard=0.060 activeAge=-1.000 pitch=-1.00Hz pitchCents=0.0
2025-12-15 22:55:22 [tracker] [s3] onset t=51.009 env=0.00128 gate=0.00008 envDelta=0.00120 envFloor=0.00093 onset=0.952 thresh=0.012 onsetDelta=0.94074 baseline=0.00062 adaptive=0.00155 lastPeak=0.00000 guard=0.060 activeAge=-1.000 pitch=-1.00Hz pitchCents=0.0
2025-12-15 22:55:22 [tracker] [s4] onset t=51.033 env=0.00185 gate=0.00011 envDelta=0.00174 envFloor=0.00099 onset=1.425 thresh=0.014 onsetDelta=1.41135 baseline=0.00066 adaptive=0.00164 lastPeak=0.00000 guard=0.060 activeAge=-1.000 pitch=-1.00Hz pitchCents=0.0
2025-12-15 22:55:22 [tracker] [s6] onset t=51.046 env=0.00191 gate=0.00019 envDelta=0.00172 envFloor=0.00116 onset=0.593 thresh=0.018 onsetDelta=0.57508 baseline=0.00077 adaptive=0.00193 lastPeak=0.00000 guard=0.060 activeAge=-1.000 pitch=-1.00Hz pitchCents=0.0
2025-12-15 22:55:22 [tracker] [s5] onset t=51.067 env=0.00163 gate=0.00014 envDelta=0.00149 envFloor=0.00103 onset=0.934 thresh=0.016 onsetDelta=0.91795 baseline=0.00069 adaptive=0.00172 lastPeak=0.00000 guard=0.060 activeAge=-1.000 pitch=-1.00Hz pitchCents=0.0
2025-12-15 22:55:22 [tracker] [s6] onset t=51.118 env=0.00199 gate=0.00021 envDelta=0.00178 envFloor=0.00128 onset=1.120 thresh=0.018 onsetDelta=1.10203 baseline=0.00085 adaptive=0.00213 lastPeak=0.00000 guard=0.060 activeAge=-1.000 pitch=-1.00Hz pitchCents=0.0
2025-12-15 22:55:22 [tracker] [s2] onset t=51.225 env=0.00166 gate=0.00001 envDelta=0.00166 envFloor=0.00094 onset=1.119 thresh=0.009 onsetDelta=1.11004 baseline=0.00063 adaptive=0.00157 lastPeak=0.00009 guard=0.060 activeAge=-1.000 pitch=-1.00Hz pitchCents=0.0
2025-12-15 22:55:23 [tracker] [s2] onset t=51.337 env=0.00106 gate=0.00001 envDelta=0.00105 envFloor=0.00101 onset=1.058 thresh=0.009 onsetDelta=1.04950 baseline=0.00068 adaptive=0.00169 lastPeak=0.00007 guard=0.060 activeAge=-1.000 pitch=94.12Hz pitchCents=-270.0
2025-12-15 22:55:23 [tracker] [s3] onset t=51.411 env=0.00134 gate=0.00008 envDelta=0.00126 envFloor=0.00098 onset=0.677 thresh=0.012 onsetDelta=0.66504 baseline=0.00065 adaptive=0.00163 lastPeak=0.00000 guard=0.060 activeAge=-1.000 pitch=-1.00Hz pitchCents=0.0
2025-12-15 22:55:23 [tracker] [s4] onset t=51.457 env=0.00163 gate=0.00011 envDelta=0.00152 envFloor=0.00094 onset=1.055 thresh=0.014 onsetDelta=1.04110 baseline=0.00063 adaptive=0.00157 lastPeak=0.00000 guard=0.060 activeAge=-1.000 pitch=-1.00Hz pitchCents=0.0
2025-12-15 22:55:23 [tracker] [s1] aubio-raw t=51.4833 onset=1.421384 env=0.000819 peak=0.002048 gain=1.000
2025-12-15 22:55:23 [tracker] [s1] onset-accepted t=51.4833 env=0.000819 gate=0.000022 envDelta=0.000798 envFloor=0.000592 onset=1.421384 thresh=0.006000 onsetDelta=1.415384 baseline=0.000395 floor=0.000180 adapt=0.000987 lastPeak=0.000000 baseParam=0.000180 gateRatio=0.0550 envParam=0.000450 onsetScale=0.300 retriggerScale=1.400 guard=0.060 guardRemain=0.000 activeAge=-1.000 retrigRemain=0.000 pitchHz=-1.00 pitchCents=0.0
2025-12-15 22:55:23 [tracker] [s1] onset t=51.483 env=0.00082 gate=0.00002 envDelta=0.00080 envFloor=0.00059 onset=1.421 thresh=0.006 onsetDelta=1.41538 baseline=0.00039 adaptive=0.00099 lastPeak=0.00000 guard=0.060 activeAge=-1.000 pitch=-1.00Hz pitchCents=0.0
2025-12-15 22:55:23 [tracker] [s3] onset t=51.603 env=0.00096 gate=0.00008 envDelta=0.00088 envFloor=0.00092 onset=1.029 thresh=0.012 onsetDelta=1.01715 baseline=0.00062 adaptive=0.00154 lastPeak=0.00000 guard=0.060 activeAge=-1.000 pitch=-1.00Hz pitchCents=0.0
2025-12-15 22:55:23 [tracker] [s1] aubio-raw t=51.7633 onset=1.270051 env=0.000764 peak=0.001628 gain=1.000
2025-12-15 22:55:23 [tracker] [s1] onset-accepted t=51.7633 env=0.000764 gate=0.000024 envDelta=0.000739 envFloor=0.000663 onset=1.270051 thresh=0.006000 onsetDelta=1.264051 baseline=0.000442 floor=0.000180 adapt=0.001105 lastPeak=0.000000 baseParam=0.000180 gateRatio=0.0550 envParam=0.000450 onsetScale=0.300 retriggerScale=1.400 guard=0.060 guardRemain=0.000 activeAge=-1.000 retrigRemain=0.000 pitchHz=98.77 pitchCents=313.5
2025-12-15 22:55:23 [tracker] [s1] onset t=51.763 env=0.00076 gate=0.00002 envDelta=0.00074 envFloor=0.00066 onset=1.270 thresh=0.006 onsetDelta=1.26405 baseline=0.00044 adaptive=0.00110 lastPeak=0.00000 guard=0.060 activeAge=-1.000 pitch=98.77Hz pitchCents=313.5
2025-12-15 22:55:23 [tracker] [s1] aubio-raw t=51.9072 onset=1.439691 env=0.000756 peak=0.002107 gain=1.000
2025-12-15 22:55:23 [tracker] [s1] onset-accepted t=51.9072 env=0.000756 gate=0.000022 envDelta=0.000735 envFloor=0.000595 onset=1.439691 thresh=0.006000 onsetDelta=1.433691 baseline=0.000397 floor=0.000180 adapt=0.000991 lastPeak=0.000000 baseParam=0.000180 gateRatio=0.0550 envParam=0.000450 onsetScale=0.300 retriggerScale=1.400 guard=0.060 guardRemain=0.000 activeAge=-1.000 retrigRemain=0.000 pitchHz=-1.00 pitchCents=0.0
2025-12-15 22:55:23 [tracker] [s1] onset t=51.907 env=0.00076 gate=0.00002 envDelta=0.00073 envFloor=0.00059 onset=1.440 thresh=0.006 onsetDelta=1.43369 baseline=0.00040 adaptive=0.00099 lastPeak=0.00000 guard=0.060 activeAge=-1.000 pitch=-1.00Hz pitchCents=0.0
2025-12-15 22:55:23 [tracker] [s3] onset t=51.947 env=0.00144 gate=0.00008 envDelta=0.00136 envFloor=0.00093 onset=1.319 thresh=0.012 onsetDelta=1.30784 baseline=0.00062 adaptive=0.00156 lastPeak=0.00000 guard=0.060 activeAge=-1.000 pitch=-1.00Hz pitchCents=0.0
2025-12-15 22:55:23 [tracker] [s1] aubio-raw t=52.0006 onset=0.788337 env=0.001234 peak=0.002626 gain=1.000
2025-12-15 22:55:23 [tracker] [s1] onset-accepted t=52.0006 env=0.001234 gate=0.000022 envDelta=0.001212 envFloor=0.000601 onset=0.788337 thresh=0.006000 onsetDelta=0.782337 baseline=0.000400 floor=0.000180 adapt=0.001001 lastPeak=0.000000 baseParam=0.000180 gateRatio=0.0550 envParam=0.000450 onsetScale=0.300 retriggerScale=1.400 guard=0.060 guardRemain=0.000 activeAge=-1.000 retrigRemain=0.000 pitchHz=-1.00 pitchCents=0.0
2025-12-15 22:55:23 [tracker] [s4] onset t=52.049 env=0.00159 gate=0.00011 envDelta=0.00148 envFloor=0.00099 onset=0.995 thresh=0.014 onsetDelta=0.98070 baseline=0.00066 adaptive=0.00165 lastPeak=0.00000 guard=0.060 activeAge=-1.000 pitch=-1.00Hz pitchCents=0.0
2025-12-15 22:55:23 [tracker] [s3] onset t=52.073 env=0.00121 gate=0.00008 envDelta=0.00114 envFloor=0.00090 onset=1.189 thresh=0.012 onsetDelta=1.17790 baseline=0.00060 adaptive=0.00150 lastPeak=0.00000 guard=0.060 activeAge=-1.000 pitch=-1.00Hz pitchCents=0.0
2025-12-15 22:55:23 [tracker] [s6] onset t=52.086 env=0.00175 gate=0.00020 envDelta=0.00155 envFloor=0.00120 onset=0.996 thresh=0.018 onsetDelta=0.97838 baseline=0.00080 adaptive=0.00199 lastPeak=0.00000 guard=0.060 activeAge=-1.000 pitch=-1.00Hz pitchCents=0.0
2025-12-15 22:55:23 [tracker] [s2] onset t=52.142 env=0.00182 gate=0.00001 envDelta=0.00181 envFloor=0.00101 onset=1.166 thresh=0.009 onsetDelta=1.15685 baseline=0.00067 adaptive=0.00169 lastPeak=0.00002 guard=0.060 activeAge=-1.000 pitch=1143.68Hz pitchCents=4053.7
2025-12-15 22:55:23 [tracker] [s3] onset t=52.206 env=0.00152 gate=0.00008 envDelta=0.00144 envFloor=0.00090 onset=1.002 thresh=0.012 onsetDelta=0.99088 baseline=0.00060 adaptive=0.00151 lastPeak=0.00000 guard=0.060 activeAge=-1.000 pitch=-1.00Hz pitchCents=0.0
2025-12-15 22:55:23 [tracker] [s3] onset t=52.262 env=0.00101 gate=0.00008 envDelta=0.00094 envFloor=0.00089 onset=0.865 thresh=0.012 onsetDelta=0.85336 baseline=0.00059 adaptive=0.00148 lastPeak=0.00000 guard=0.060 activeAge=-1.000 pitch=-1.00Hz pitchCents=0.0
2025-12-15 22:55:23 [tracker] [s4] onset t=52.331 env=0.00147 gate=0.00011 envDelta=0.00136 envFloor=0.00101 onset=0.515 thresh=0.014 onsetDelta=0.50057 baseline=0.00067 adaptive=0.00168 lastPeak=0.00000 guard=0.060 activeAge=-1.000 pitch=-1.00Hz pitchCents=0.0
2025-12-15 22:55:24 [tracker] [s2] onset t=52.353 env=0.00179 gate=0.00001 envDelta=0.00178 envFloor=0.00100 onset=0.995 thresh=0.009 onsetDelta=0.98606 baseline=0.00067 adaptive=0.00167 lastPeak=0.00001 guard=0.060 activeAge=-1.000 pitch=-1.00Hz pitchCents=0.0
2025-12-15 22:55:24 [tracker] [s3] onset t=52.411 env=0.00150 gate=0.00008 envDelta=0.00143 envFloor=0.00090 onset=1.086 thresh=0.012 onsetDelta=1.07469 baseline=0.00060 adaptive=0.00151 lastPeak=0.00000 guard=0.060 activeAge=-1.000 pitch=-1.00Hz pitchCents=0.0
2025-12-15 22:55:24 [tracker] [s2] onset t=52.451 env=0.00195 gate=0.00001 envDelta=0.00194 envFloor=0.00099 onset=0.908 thresh=0.009 onsetDelta=0.89871 baseline=0.00066 adaptive=0.00165 lastPeak=0.00001 guard=0.060 activeAge=-1.000 pitch=470.64Hz pitchCents=2516.5
2025-12-15 22:55:24 [tracker] [s2] note-start t=52.451 fret=24 midi=69 vel=0.02 env=0.00195
2025-12-15 22:55:24 [tracker] [s3] onset t=52.502 env=0.00110 gate=0.00008 envDelta=0.00102 envFloor=0.00090 onset=1.355 thresh=0.012 onsetDelta=1.34309 baseline=0.00060 adaptive=0.00149 lastPeak=0.00000 guard=0.060 activeAge=-1.000 pitch=-1.00Hz pitchCents=0.0
2025-12-15 22:55:24 [tracker] [s5] onset t=52.579 env=0.00176 gate=0.00015 envDelta=0.00161 envFloor=0.00107 onset=0.991 thresh=0.016 onsetDelta=0.97493 baseline=0.00071 adaptive=0.00178 lastPeak=0.00000 guard=0.060 activeAge=-1.000 pitch=-1.00Hz pitchCents=0.0
2025-12-15 22:55:24 [tracker] [s5] onset t=52.659 env=0.00167 gate=0.00016 envDelta=0.00151 envFloor=0.00112 onset=1.190 thresh=0.016 onsetDelta=1.17447 baseline=0.00075 adaptive=0.00187 lastPeak=0.00000 guard=0.060 activeAge=-1.000 pitch=-1.00Hz pitchCents=0.0
2025-12-15 22:55:24 [tracker] [s1] aubio-raw t=52.7179 onset=0.999198 env=0.000816 peak=0.001794 gain=1.000
2025-12-15 22:55:24 [tracker] [s1] onset-accepted t=52.7179 env=0.000816 gate=0.000025 envDelta=0.000791 envFloor=0.000679 onset=0.999198 thresh=0.006000 onsetDelta=0.993198 baseline=0.000453 floor=0.000180 adapt=0.001132 lastPeak=0.000000 baseParam=0.000180 gateRatio=0.0550 envParam=0.000450 onsetScale=0.300 retriggerScale=1.400 guard=0.060 guardRemain=0.000 activeAge=-1.000 retrigRemain=0.000 pitchHz=94.11 pitchCents=230.0
2025-12-15 22:55:24 [tracker] [s1] onset t=52.718 env=0.00082 gate=0.00002 envDelta=0.00079 envFloor=0.00068 onset=0.999 thresh=0.006 onsetDelta=0.99320 baseline=0.00045 adaptive=0.00113 lastPeak=0.00000 guard=0.060 activeAge=-1.000 pitch=94.11Hz pitchCents=230.0
2025-12-15 22:55:24 [tracker] [s5] onset t=52.753 env=0.00160 gate=0.00015 envDelta=0.00144 envFloor=0.00109 onset=0.978 thresh=0.016 onsetDelta=0.96170 baseline=0.00073 adaptive=0.00182 lastPeak=0.00000 guard=0.060 activeAge=-1.000 pitch=-1.00Hz pitchCents=0.0
2025-12-15 22:55:24 [tracker] [s1] aubio-raw t=52.8245 onset=1.077899 env=0.000549 peak=0.001369 gain=1.000
2025-12-15 22:55:24 [tracker] [s1] onset-below-env-floor t=52.8245 env=0.000549 gate=0.000021 envDelta=0.000528 envFloor=0.000580 onset=1.077899 thresh=0.006000 onsetDelta=1.071899 baseline=0.000387 floor=0.000180 adapt=0.000966 lastPeak=0.000000 baseParam=0.000180 gateRatio=0.0550 envParam=0.000450 onsetScale=0.300 retriggerScale=1.400 guard=0.060 guardRemain=0.000 activeAge=-1.000 retrigRemain=0.000 pitchHz=153.83 pitchCents=1080.6
2025-12-15 22:55:24 [tracker] [s2] onset t=52.915 env=0.00127 gate=0.00001 envDelta=0.00126 envFloor=0.00094 onset=1.472 thresh=0.009 onsetDelta=1.46322 baseline=0.00073 adaptive=0.00157 lastPeak=0.00082 guard=0.060 activeAge=0.464 pitch=-1.00Hz pitchCents=0.0
2025-12-15 22:55:24 [tracker] [s2] note-ended (new onset) t=52.915 fret=24 dur=0.464
2025-12-15 22:55:24 [tracker] [s2] onset t=52.974 env=0.00178 gate=0.00001 envDelta=0.00177 envFloor=0.00094 onset=0.930 thresh=0.009 onsetDelta=0.92142 baseline=0.00066 adaptive=0.00157 lastPeak=0.00073 guard=0.060 activeAge=-1.000 pitch=421.13Hz pitchCents=2324.1
2025-12-15 22:55:24 [tracker] [s3] onset t=53.019 env=0.00146 gate=0.00008 envDelta=0.00138 envFloor=0.00095 onset=0.995 thresh=0.012 onsetDelta=0.98339 baseline=0.00063 adaptive=0.00158 lastPeak=0.00000 guard=0.060 activeAge=-1.000 pitch=-1.00Hz pitchCents=0.0
2025-12-15 22:55:24 [tracker] [s1] aubio-raw t=53.1072 onset=0.759125 env=0.000621 peak=0.001728 gain=1.000
2025-12-15 22:55:24 [tracker] [s1] onset-below-env-floor t=53.1072 env=0.000621 gate=0.000024 envDelta=0.000598 envFloor=0.000647 onset=0.759125 thresh=0.006000 onsetDelta=0.753125 baseline=0.000432 floor=0.000180 adapt=0.001079 lastPeak=0.000000 baseParam=0.000180 gateRatio=0.0550 envParam=0.000450 onsetScale=0.300 retriggerScale=1.400 guard=0.060 guardRemain=0.000 activeAge=-1.000 retrigRemain=0.000 pitchHz=-1.00 pitchCents=0.0
2025-12-15 22:55:24 [tracker] [s6] onset t=53.134 env=0.00189 gate=0.00022 envDelta=0.00167 envFloor=0.00130 onset=0.998 thresh=0.018 onsetDelta=0.97987 baseline=0.00086 adaptive=0.00216 lastPeak=0.00000 guard=0.060 activeAge=-1.000 pitch=-1.00Hz pitchCents=0.0
2025-12-15 22:55:24 [tracker] [s2] onset t=53.190 env=0.00109 gate=0.00001 envDelta=0.00108 envFloor=0.00101 onset=1.474 thresh=0.009 onsetDelta=1.46454 baseline=0.00067 adaptive=0.00168 lastPeak=0.00049 guard=0.060 activeAge=-1.000 pitch=-1.00Hz pitchCents=0.0
2025-12-15 22:55:25 [tracker] [s4] onset t=53.416 env=0.00218 gate=0.00012 envDelta=0.00205 envFloor=0.00110 onset=0.675 thresh=0.014 onsetDelta=0.66132 baseline=0.00073 adaptive=0.00184 lastPeak=0.00000 guard=0.060 activeAge=-1.000 pitch=-1.00Hz pitchCents=0.0
2025-12-15 22:55:25 [tracker] [s5] onset t=53.459 env=0.00166 gate=0.00016 envDelta=0.00151 envFloor=0.00113 onset=0.966 thresh=0.016 onsetDelta=0.94957 baseline=0.00075 adaptive=0.00188 lastPeak=0.00000 guard=0.060 activeAge=-1.000 pitch=-1.00Hz pitchCents=0.0
2025-12-15 22:55:25 [tracker] [s4] onset t=53.528 env=0.00154 gate=0.00011 envDelta=0.00142 envFloor=0.00101 onset=1.010 thresh=0.014 onsetDelta=0.99606 baseline=0.00067 adaptive=0.00169 lastPeak=0.00000 guard=0.060 activeAge=-1.000 pitch=-1.00Hz pitchCents=0.0
2025-12-15 22:55:25 [tracker] [s1] aubio-raw t=53.6431 onset=0.791881 env=0.000805 peak=0.001856 gain=1.000
2025-12-15 22:55:25 [tracker] [s1] onset-accepted t=53.6431 env=0.000805 gate=0.000022 envDelta=0.000783 envFloor=0.000599 onset=0.791881 thresh=0.006000 onsetDelta=0.785881 baseline=0.000399 floor=0.000180 adapt=0.000998 lastPeak=0.000000 baseParam=0.000180 gateRatio=0.0550 envParam=0.000450 onsetScale=0.300 retriggerScale=1.400 guard=0.060 guardRemain=0.000 activeAge=-1.000 retrigRemain=0.000 pitchHz=94.11 pitchCents=229.8
2025-12-15 22:55:25 [tracker] [s1] onset t=53.643 env=0.00080 gate=0.00002 envDelta=0.00078 envFloor=0.00060 onset=0.792 thresh=0.006 onsetDelta=0.78588 baseline=0.00040 adaptive=0.00100 lastPeak=0.00000 guard=0.060 activeAge=-1.000 pitch=94.11Hz pitchCents=229.8
2025-12-15 22:55:25 [tracker] [s3] onset t=53.707 env=0.00165 gate=0.00008 envDelta=0.00157 envFloor=0.00092 onset=0.998 thresh=0.012 onsetDelta=0.98687 baseline=0.00061 adaptive=0.00153 lastPeak=0.00000 guard=0.060 activeAge=-1.000 pitch=-1.00Hz pitchCents=0.0
2025-12-15 22:55:25 [tracker] [s1] aubio-raw t=53.7231 onset=1.066147 env=0.000734 peak=0.001618 gain=1.000
2025-12-15 22:55:25 [tracker] [s1] onset-accepted t=53.7231 env=0.000734 gate=0.000021 envDelta=0.000713 envFloor=0.000584 onset=1.066147 thresh=0.006000 onsetDelta=1.060147 baseline=0.000389 floor=0.000180 adapt=0.000973 lastPeak=0.000000 baseParam=0.000180 gateRatio=0.0550 envParam=0.000450 onsetScale=0.300 retriggerScale=1.400 guard=0.060 guardRemain=0.000 activeAge=-1.000 retrigRemain=0.000 pitchHz=-1.00 pitchCents=0.0
2025-12-15 22:55:25 [tracker] [s1] onset t=53.723 env=0.00073 gate=0.00002 envDelta=0.00071 envFloor=0.00058 onset=1.066 thresh=0.006 onsetDelta=1.06015 baseline=0.00039 adaptive=0.00097 lastPeak=0.00000 guard=0.060 activeAge=-1.000 pitch=-1.00Hz pitchCents=0.0
2025-12-15 22:55:25 [tracker] [s4] onset t=53.819 env=0.00143 gate=0.00011 envDelta=0.00132 envFloor=0.00101 onset=1.266 thresh=0.014 onsetDelta=1.25208 baseline=0.00067 adaptive=0.00169 lastPeak=0.00000 guard=0.060 activeAge=-1.000 pitch=-1.00Hz pitchCents=0.0
2025-12-15 22:55:25 [tracker] [s5] onset t=53.947 env=0.00171 gate=0.00015 envDelta=0.00156 envFloor=0.00104 onset=0.992 thresh=0.016 onsetDelta=0.97632 baseline=0.00070 adaptive=0.00174 lastPeak=0.00000 guard=0.060 activeAge=-1.000 pitch=-1.00Hz pitchCents=0.0
2025-12-15 22:55:25 [tracker] [s4] onset t=53.995 env=0.00145 gate=0.00011 envDelta=0.00134 envFloor=0.00099 onset=1.021 thresh=0.014 onsetDelta=1.00663 baseline=0.00066 adaptive=0.00166 lastPeak=0.00000 guard=0.060 activeAge=-1.000 pitch=-1.00Hz pitchCents=0.0
2025-12-15 22:55:25 [tracker] [s2] onset t=54.006 env=0.00112 gate=0.00001 envDelta=0.00111 envFloor=0.00103 onset=0.858 thresh=0.009 onsetDelta=0.84888 baseline=0.00069 adaptive=0.00172 lastPeak=0.00011 guard=0.060 activeAge=-1.000 pitch=-1.00Hz pitchCents=0.0
2025-12-15 22:55:25 [tracker] [s1] aubio-raw t=54.0938 onset=1.093864 env=0.000824 peak=0.001959 gain=1.000
2025-12-15 22:55:25 [tracker] [s1] onset-accepted t=54.0938 env=0.000824 gate=0.000023 envDelta=0.000802 envFloor=0.000618 onset=1.093864 thresh=0.006000 onsetDelta=1.087864 baseline=0.000412 floor=0.000180 adapt=0.001031 lastPeak=0.000000 baseParam=0.000180 gateRatio=0.0550 envParam=0.000450 onsetScale=0.300 retriggerScale=1.400 guard=0.060 guardRemain=0.000 activeAge=-1.000 retrigRemain=0.000 pitchHz=-1.00 pitchCents=0.0
2025-12-15 22:55:25 [tracker] [s1] onset t=54.094 env=0.00082 gate=0.00002 envDelta=0.00080 envFloor=0.00062 onset=1.094 thresh=0.006 onsetDelta=1.08786 baseline=0.00041 adaptive=0.00103 lastPeak=0.00000 guard=0.060 activeAge=-1.000 pitch=-1.00Hz pitchCents=0.0
2025-12-15 22:55:25 [tracker] [s3] onset t=54.150 env=0.00160 gate=0.00009 envDelta=0.00152 envFloor=0.00098 onset=1.002 thresh=0.012 onsetDelta=0.99088 baseline=0.00066 adaptive=0.00164 lastPeak=0.00000 guard=0.060 activeAge=-1.000 pitch=-1.00Hz pitchCents=0.0
2025-12-15 22:55:25 [tracker] [s6] onset t=54.259 env=0.00197 gate=0.00022 envDelta=0.00175 envFloor=0.00131 onset=1.116 thresh=0.018 onsetDelta=1.09819 baseline=0.00087 adaptive=0.00218 lastPeak=0.00000 guard=0.060 activeAge=-1.000 pitch=-1.00Hz pitchCents=0.0
2025-12-15 22:55:25 [tracker] [s4] onset t=54.283 env=0.00144 gate=0.00011 envDelta=0.00133 envFloor=0.00099 onset=0.916 thresh=0.014 onsetDelta=0.90180 baseline=0.00066 adaptive=0.00164 lastPeak=0.00000 guard=0.060 activeAge=-1.000 pitch=-1.00Hz pitchCents=0.0
2025-12-15 22:55:25 [tracker] [s3] onset t=54.331 env=0.00143 gate=0.00008 envDelta=0.00135 envFloor=0.00093 onset=0.975 thresh=0.012 onsetDelta=0.96316 baseline=0.00062 adaptive=0.00155 lastPeak=0.00000 guard=0.060 activeAge=-1.000 pitch=-1.00Hz pitchCents=0.0
2025-12-15 22:55:26 [tracker] [s5] onset t=54.387 env=0.00158 gate=0.00015 envDelta=0.00144 envFloor=0.00104 onset=1.430 thresh=0.016 onsetDelta=1.41384 baseline=0.00069 adaptive=0.00173 lastPeak=0.00000 guard=0.060 activeAge=-1.000 pitch=-1.00Hz pitchCents=0.0
2025-12-15 22:55:26 [tracker] [s5] onset t=54.488 env=0.00218 gate=0.00015 envDelta=0.00203 envFloor=0.00106 onset=0.995 thresh=0.016 onsetDelta=0.97934 baseline=0.00071 adaptive=0.00177 lastPeak=0.00000 guard=0.060 activeAge=-1.000 pitch=-1.00Hz pitchCents=0.0
2025-12-15 22:55:26 [tracker] [s2] onset t=54.592 env=0.00165 gate=0.00001 envDelta=0.00164 envFloor=0.00097 onset=0.687 thresh=0.009 onsetDelta=0.67827 baseline=0.00064 adaptive=0.00161 lastPeak=0.00003 guard=0.060 activeAge=-1.000 pitch=-1.00Hz pitchCents=0.0
2025-12-15 22:55:26 [tracker] [s1] aubio-raw t=54.6590 onset=1.483504 env=0.000874 peak=0.002081 gain=1.000
2025-12-15 22:55:26 [tracker] [s1] onset-accepted t=54.6590 env=0.000874 gate=0.000023 envDelta=0.000851 envFloor=0.000627 onset=1.483504 thresh=0.006000 onsetDelta=1.477504 baseline=0.000418 floor=0.000180 adapt=0.001046 lastPeak=0.000000 baseParam=0.000180 gateRatio=0.0550 envParam=0.000450 onsetScale=0.300 retriggerScale=1.400 guard=0.060 guardRemain=0.000 activeAge=-1.000 retrigRemain=0.000 pitchHz=170.21 pitchCents=1255.8
2025-12-15 22:55:26 [tracker] [s4] onset t=54.672 env=0.00130 gate=0.00011 envDelta=0.00119 envFloor=0.00099 onset=1.001 thresh=0.014 onsetDelta=0.98726 baseline=0.00066 adaptive=0.00164 lastPeak=0.00000 guard=0.060 activeAge=-1.000 pitch=-1.00Hz pitchCents=0.0
2025-12-15 22:55:26 [tracker] [s3] onset t=54.784 env=0.00140 gate=0.00008 envDelta=0.00132 envFloor=0.00090 onset=0.980 thresh=0.012 onsetDelta=0.96817 baseline=0.00060 adaptive=0.00151 lastPeak=0.00000 guard=0.060 activeAge=-1.000 pitch=-1.00Hz pitchCents=0.0
2025-12-15 22:55:26 [tracker] [s5] onset t=54.819 env=0.00136 gate=0.00014 envDelta=0.00122 envFloor=0.00103 onset=0.995 thresh=0.016 onsetDelta=0.97896 baseline=0.00069 adaptive=0.00171 lastPeak=0.00000 guard=0.060 activeAge=-1.000 pitch=-1.00Hz pitchCents=0.0
2025-12-15 22:55:26 [tracker] [s2] onset t=54.888 env=0.00173 gate=0.00001 envDelta=0.00172 envFloor=0.00101 onset=0.970 thresh=0.009 onsetDelta=0.96058 baseline=0.00067 adaptive=0.00168 lastPeak=0.00002 guard=0.060 activeAge=-1.000 pitch=-1.00Hz pitchCents=0.0
2025-12-15 22:55:26 [tracker] [s6] onset t=54.920 env=0.00194 gate=0.00022 envDelta=0.00172 envFloor=0.00129 onset=0.998 thresh=0.018 onsetDelta=0.97992 baseline=0.00086 adaptive=0.00215 lastPeak=0.00000 guard=0.060 activeAge=-1.000 pitch=-1.00Hz pitchCents=0.0
2025-12-15 22:55:26 [tracker] [s2] onset t=54.976 env=0.00229 gate=0.00001 envDelta=0.00229 envFloor=0.00099 onset=0.995 thresh=0.009 onsetDelta=0.98617 baseline=0.00066 adaptive=0.00165 lastPeak=0.00002 guard=0.060 activeAge=-1.000 pitch=-1.00Hz pitchCents=0.0
2025-12-15 22:55:26 [tracker] [s6] onset t=55.030 env=0.00220 gate=0.00021 envDelta=0.00199 envFloor=0.00126 onset=0.996 thresh=0.018 onsetDelta=0.97793 baseline=0.00084 adaptive=0.00210 lastPeak=0.00000 guard=0.060 activeAge=-1.000 pitch=-1.00Hz pitchCents=0.0
2025-12-15 22:55:26 [tracker] [s4] onset t=55.134 env=0.00154 gate=0.00011 envDelta=0.00143 envFloor=0.00095 onset=0.996 thresh=0.014 onsetDelta=0.98171 baseline=0.00063 adaptive=0.00158 lastPeak=0.00000 guard=0.060 activeAge=-1.000 pitch=-1.00Hz pitchCents=0.0
2025-12-15 22:55:26 [tracker] [s3] onset t=55.192 env=0.00155 gate=0.00008 envDelta=0.00147 envFloor=0.00093 onset=0.513 thresh=0.012 onsetDelta=0.50130 baseline=0.00062 adaptive=0.00154 lastPeak=0.00000 guard=0.060 activeAge=-1.000 pitch=-1.00Hz pitchCents=0.0
2025-12-15 22:55:26 [tracker] [s5] onset t=55.200 env=0.00190 gate=0.00014 envDelta=0.00175 envFloor=0.00101 onset=1.003 thresh=0.016 onsetDelta=0.98717 baseline=0.00067 adaptive=0.00169 lastPeak=0.00000 guard=0.060 activeAge=-1.000 pitch=-1.00Hz pitchCents=0.0
2025-12-15 22:55:26 [tracker] [s6] onset t=55.222 env=0.00198 gate=0.00020 envDelta=0.00178 envFloor=0.00118 onset=0.832 thresh=0.018 onsetDelta=0.81366 baseline=0.00079 adaptive=0.00197 lastPeak=0.00000 guard=0.060 activeAge=-1.000 pitch=-1.00Hz pitchCents=0.0
2025-12-15 22:55:27 [tracker] [s4] onset t=55.355 env=0.00154 gate=0.00012 envDelta=0.00142 envFloor=0.00102 onset=1.337 thresh=0.014 onsetDelta=1.32318 baseline=0.00068 adaptive=0.00171 lastPeak=0.00000 guard=0.060 activeAge=-1.000 pitch=-1.00Hz pitchCents=0.0
2025-12-15 22:55:27 [tracker] [s4] onset t=55.416 env=0.00196 gate=0.00012 envDelta=0.00185 envFloor=0.00102 onset=1.286 thresh=0.014 onsetDelta=1.27221 baseline=0.00068 adaptive=0.00170 lastPeak=0.00000 guard=0.060 activeAge=-1.000 pitch=-1.00Hz pitchCents=0.0
2025-12-15 22:55:27 [tracker] [s1] aubio-raw t=55.4910 onset=0.875452 env=0.000713 peak=0.001477 gain=1.000
2025-12-15 22:55:27 [tracker] [s1] onset-accepted t=55.4910 env=0.000713 gate=0.000021 envDelta=0.000692 envFloor=0.000568 onset=0.875452 thresh=0.006000 onsetDelta=0.869452 baseline=0.000379 floor=0.000180 adapt=0.000947 lastPeak=0.000000 baseParam=0.000180 gateRatio=0.0550 envParam=0.000450 onsetScale=0.300 retriggerScale=1.400 guard=0.060 guardRemain=0.000 activeAge=-1.000 retrigRemain=0.000 pitchHz=170.20 pitchCents=1255.7
2025-12-15 22:55:27 [tracker] [s2] onset t=55.496 env=0.00116 gate=0.00001 envDelta=0.00115 envFloor=0.00099 onset=0.996 thresh=0.009 onsetDelta=0.98735 baseline=0.00066 adaptive=0.00165 lastPeak=0.00001 guard=0.060 activeAge=-1.000 pitch=-1.00Hz pitchCents=0.0
2025-12-15 22:55:27 [tracker] [s4] onset t=55.528 env=0.00133 gate=0.00011 envDelta=0.00122 envFloor=0.00097 onset=0.582 thresh=0.014 onsetDelta=0.56848 baseline=0.00065 adaptive=0.00162 lastPeak=0.00000 guard=0.060 activeAge=-1.000 pitch=-1.00Hz pitchCents=0.0
2025-12-15 22:55:27 [tracker] [s2] onset t=55.547 env=0.00151 gate=0.00001 envDelta=0.00150 envFloor=0.00099 onset=1.040 thresh=0.009 onsetDelta=1.03144 baseline=0.00066 adaptive=0.00165 lastPeak=0.00001 guard=0.060 activeAge=-1.000 pitch=275.86Hz pitchCents=1591.7
2025-12-15 22:55:27 [tracker] [s1] aubio-raw t=55.5496 onset=1.454441 env=0.000729 peak=0.001779 gain=1.000
2025-12-15 22:55:27 [tracker] [s1] onset-accepted t=55.5496 env=0.000729 gate=0.000020 envDelta=0.000709 envFloor=0.000543 onset=1.454441 thresh=0.006000 onsetDelta=1.448441 baseline=0.000362 floor=0.000180 adapt=0.000904 lastPeak=0.000000 baseParam=0.000180 gateRatio=0.0550 envParam=0.000450 onsetScale=0.300 retriggerScale=1.400 guard=0.060 guardRemain=0.000 activeAge=-1.000 retrigRemain=0.000 pitchHz=98.77 pitchCents=313.5
2025-12-15 22:55:27 [tracker] [s1] onset t=55.550 env=0.00073 gate=0.00002 envDelta=0.00071 envFloor=0.00054 onset=1.454 thresh=0.006 onsetDelta=1.44844 baseline=0.00036 adaptive=0.00090 lastPeak=0.00000 guard=0.060 activeAge=-1.000 pitch=98.77Hz pitchCents=313.5
2025-12-15 22:55:27 [tracker] [s5] onset t=55.555 env=0.00166 gate=0.00014 envDelta=0.00152 envFloor=0.00103 onset=1.032 thresh=0.016 onsetDelta=1.01588 baseline=0.00069 adaptive=0.00172 lastPeak=0.00000 guard=0.060 activeAge=-1.000 pitch=-1.00Hz pitchCents=0.0
2025-12-15 22:55:27 [tracker] [s6] onset t=55.646 env=0.00196 gate=0.00021 envDelta=0.00174 envFloor=0.00127 onset=0.988 thresh=0.018 onsetDelta=0.96978 baseline=0.00085 adaptive=0.00212 lastPeak=0.00000 guard=0.060 activeAge=-1.000 pitch=-1.00Hz pitchCents=0.0
2025-12-15 22:55:27 [tracker] [s2] onset t=55.659 env=0.00134 gate=0.00001 envDelta=0.00134 envFloor=0.00093 onset=0.997 thresh=0.009 onsetDelta=0.98841 baseline=0.00062 adaptive=0.00156 lastPeak=0.00000 guard=0.060 activeAge=-1.000 pitch=-1.00Hz pitchCents=0.0
2025-12-15 22:55:27 [tracker] [s4] onset t=55.726 env=0.00158 gate=0.00012 envDelta=0.00146 envFloor=0.00104 onset=0.999 thresh=0.014 onsetDelta=0.98522 baseline=0.00070 adaptive=0.00174 lastPeak=0.00000 guard=0.060 activeAge=-1.000 pitch=-1.00Hz pitchCents=0.0
2025-12-15 22:55:27 [tracker] [s1] aubio-raw t=55.7870 onset=0.996518 env=0.000965 peak=0.002064 gain=1.000
2025-12-15 22:55:27 [tracker] [s1] onset-accepted t=55.7870 env=0.000965 gate=0.000022 envDelta=0.000943 envFloor=0.000590 onset=0.996518 thresh=0.006000 onsetDelta=0.990519 baseline=0.000394 floor=0.000180 adapt=0.000984 lastPeak=0.000000 baseParam=0.000180 gateRatio=0.0550 envParam=0.000450 onsetScale=0.300 retriggerScale=1.400 guard=0.060 guardRemain=0.000 activeAge=-1.000 retrigRemain=0.000 pitchHz=150.94 pitchCents=1047.8
2025-12-15 22:55:27 [tracker] [s1] aubio-raw t=55.8483 onset=0.994293 env=0.000871 peak=0.001910 gain=1.000
2025-12-15 22:55:27 [tracker] [s1] onset-accepted t=55.8483 env=0.000871 gate=0.000022 envDelta=0.000849 envFloor=0.000599 onset=0.994293 thresh=0.006000 onsetDelta=0.988293 baseline=0.000399 floor=0.000180 adapt=0.000998 lastPeak=0.000000 baseParam=0.000180 gateRatio=0.0550 envParam=0.000450 onsetScale=0.300 retriggerScale=1.400 guard=0.060 guardRemain=0.000 activeAge=-1.000 retrigRemain=0.000 pitchHz=421.04 pitchCents=2823.8
2025-12-15 22:55:27 [tracker] [s1] onset t=55.848 env=0.00087 gate=0.00002 envDelta=0.00085 envFloor=0.00060 onset=0.994 thresh=0.006 onsetDelta=0.98829 baseline=0.00040 adaptive=0.00100 lastPeak=0.00000 guard=0.060 activeAge=-1.000 pitch=421.04Hz pitchCents=2823.8
2025-12-15 22:55:27 [tracker] [s2] onset t=56.008 env=0.00155 gate=0.00001 envDelta=0.00154 envFloor=0.00097 onset=1.100 thresh=0.009 onsetDelta=1.09065 baseline=0.00065 adaptive=0.00162 lastPeak=0.00000 guard=0.060 activeAge=-1.000 pitch=-1.00Hz pitchCents=0.0
2025-12-15 22:55:27 [tracker] [s1] aubio-raw t=56.0269 onset=1.226816 env=0.000868 peak=0.002447 gain=1.000
2025-12-15 22:55:27 [tracker] [s1] onset-accepted t=56.0269 env=0.000868 gate=0.000026 envDelta=0.000843 envFloor=0.000699 onset=1.226816 thresh=0.006000 onsetDelta=1.220816 baseline=0.000466 floor=0.000180 adapt=0.001166 lastPeak=0.000000 baseParam=0.000180 gateRatio=0.0550 envParam=0.000450 onsetScale=0.300 retriggerScale=1.400 guard=0.060 guardRemain=0.000 activeAge=-1.000 retrigRemain=0.000 pitchHz=-1.00 pitchCents=0.0
2025-12-15 22:55:27 [tracker] [s5] onset t=56.094 env=0.00175 gate=0.00016 envDelta=0.00159 envFloor=0.00114 onset=0.771 thresh=0.016 onsetDelta=0.75512 baseline=0.00076 adaptive=0.00190 lastPeak=0.00000 guard=0.060 activeAge=-1.000 pitch=-1.00Hz pitchCents=0.0
2025-12-15 22:55:27 [tracker] [s1] aubio-raw t=56.1843 onset=1.032767 env=0.000858 peak=0.001863 gain=1.000
2025-12-15 22:55:27 [tracker] [s1] onset-accepted t=56.1843 env=0.000858 gate=0.000025 envDelta=0.000833 envFloor=0.000670 onset=1.032767 thresh=0.006000 onsetDelta=1.026767 baseline=0.000446 floor=0.000180 adapt=0.001116 lastPeak=0.000000 baseParam=0.000180 gateRatio=0.0550 envParam=0.000450 onsetScale=0.300 retriggerScale=1.400 guard=0.060 guardRemain=0.000 activeAge=-1.000 retrigRemain=0.000 pitchHz=-1.00 pitchCents=0.0
2025-12-15 22:55:27 [tracker] [s1] onset t=56.184 env=0.00086 gate=0.00002 envDelta=0.00083 envFloor=0.00067 onset=1.033 thresh=0.006 onsetDelta=1.02677 baseline=0.00045 adaptive=0.00112 lastPeak=0.00000 guard=0.060 activeAge=-1.000 pitch=-1.00Hz pitchCents=0.0
2025-12-15 22:55:27 [tracker] [s6] onset t=56.184 env=0.00194 gate=0.00021 envDelta=0.00173 envFloor=0.00124 onset=0.956 thresh=0.018 onsetDelta=0.93755 baseline=0.00082 adaptive=0.00206 lastPeak=0.00000 guard=0.060 activeAge=-1.000 pitch=-1.00Hz pitchCents=0.0
2025-12-15 22:55:27 [tracker] [s5] onset t=56.288 env=0.00158 gate=0.00014 envDelta=0.00144 envFloor=0.00102 onset=1.238 thresh=0.016 onsetDelta=1.22206 baseline=0.00068 adaptive=0.00169 lastPeak=0.00000 guard=0.060 activeAge=-1.000 pitch=-1.00Hz pitchCents=0.0
2025-12-15 22:55:27 [tracker] [s3] onset t=56.304 env=0.00117 gate=0.00008 envDelta=0.00109 envFloor=0.00096 onset=0.981 thresh=0.012 onsetDelta=0.96942 baseline=0.00064 adaptive=0.00161 lastPeak=0.00000 guard=0.060 activeAge=-1.000 pitch=-1.00Hz pitchCents=0.0
2025-12-15 22:55:27 [tracker] [s1] aubio-raw t=56.3096 onset=1.034792 env=0.000758 peak=0.002116 gain=1.000
2025-12-15 22:55:27 [tracker] [s1] onset-accepted t=56.3096 env=0.000758 gate=0.000021 envDelta=0.000737 envFloor=0.000581 onset=1.034792 thresh=0.006000 onsetDelta=1.028792 baseline=0.000387 floor=0.000180 adapt=0.000968 lastPeak=0.000000 baseParam=0.000180 gateRatio=0.0550 envParam=0.000450 onsetScale=0.300 retriggerScale=1.400 guard=0.060 guardRemain=0.000 activeAge=-1.000 retrigRemain=0.000 pitchHz=95.24 pitchCents=250.5
2025-12-15 22:55:27 [tracker] [s1] onset t=56.310 env=0.00076 gate=0.00002 envDelta=0.00074 envFloor=0.00058 onset=1.035 thresh=0.006 onsetDelta=1.02879 baseline=0.00039 adaptive=0.00097 lastPeak=0.00000 guard=0.060 activeAge=-1.000 pitch=95.24Hz pitchCents=250.5
2025-12-15 22:55:28 [tracker] [s2] onset t=56.387 env=0.00154 gate=0.00001 envDelta=0.00153 envFloor=0.00104 onset=1.196 thresh=0.009 onsetDelta=1.18719 baseline=0.00069 adaptive=0.00174 lastPeak=0.00000 guard=0.060 activeAge=-1.000 pitch=-1.00Hz pitchCents=0.0
2025-12-15 22:55:28 [tracker] [s3] onset t=56.552 env=0.00126 gate=0.00008 envDelta=0.00119 envFloor=0.00090 onset=1.452 thresh=0.012 onsetDelta=1.44051 baseline=0.00060 adaptive=0.00150 lastPeak=0.00000 guard=0.060 activeAge=-1.000 pitch=-1.00Hz pitchCents=0.0
2025-12-15 22:55:28 [tracker] [s4] onset t=56.595 env=0.00114 gate=0.00011 envDelta=0.00103 envFloor=0.00095 onset=1.431 thresh=0.014 onsetDelta=1.41723 baseline=0.00063 adaptive=0.00158 lastPeak=0.00000 guard=0.060 activeAge=-1.000 pitch=-1.00Hz pitchCents=0.0
2025-12-15 22:55:28 [tracker] [s3] onset t=56.654 env=0.00148 gate=0.00008 envDelta=0.00139 envFloor=0.00093 onset=1.000 thresh=0.012 onsetDelta=0.98880 baseline=0.00062 adaptive=0.00155 lastPeak=0.00000 guard=0.060 activeAge=-1.000 pitch=-1.00Hz pitchCents=0.0
2025-12-15 22:55:28 [tracker] [s5] onset t=56.672 env=0.00175 gate=0.00015 envDelta=0.00160 envFloor=0.00105 onset=0.867 thresh=0.016 onsetDelta=0.85096 baseline=0.00070 adaptive=0.00175 lastPeak=0.00000 guard=0.060 activeAge=-1.000 pitch=-1.00Hz pitchCents=0.0
2025-12-15 22:55:28 [tracker] [s4] onset t=56.688 env=0.00171 gate=0.00011 envDelta=0.00160 envFloor=0.00099 onset=1.100 thresh=0.014 onsetDelta=1.08593 baseline=0.00066 adaptive=0.00165 lastPeak=0.00000 guard=0.060 activeAge=-1.000 pitch=-1.00Hz pitchCents=0.0
2025-12-15 22:55:28 [tracker] [s1] aubio-raw t=56.7869 onset=0.947513 env=0.000741 peak=0.001779 gain=1.000
2025-12-15 22:55:28 [tracker] [s1] onset-accepted t=56.7869 env=0.000741 gate=0.000023 envDelta=0.000717 envFloor=0.000639 onset=0.947513 thresh=0.006000 onsetDelta=0.941513 baseline=0.000426 floor=0.000180 adapt=0.001065 lastPeak=0.000000 baseParam=0.000180 gateRatio=0.0550 envParam=0.000450 onsetScale=0.300 retriggerScale=1.400 guard=0.060 guardRemain=0.000 activeAge=-1.000 retrigRemain=0.000 pitchHz=-1.00 pitchCents=0.0
2025-12-15 22:55:28 [tracker] [s1] onset t=56.787 env=0.00074 gate=0.00002 envDelta=0.00072 envFloor=0.00064 onset=0.948 thresh=0.006 onsetDelta=0.94151 baseline=0.00043 adaptive=0.00106 lastPeak=0.00000 guard=0.060 activeAge=-1.000 pitch=-1.00Hz pitchCents=0.0
2025-12-15 22:55:28 [tracker] [s6] onset t=56.827 env=0.00208 gate=0.00022 envDelta=0.00186 envFloor=0.00130 onset=1.051 thresh=0.018 onsetDelta=1.03302 baseline=0.00087 adaptive=0.00217 lastPeak=0.00000 guard=0.060 activeAge=-1.000 pitch=-1.00Hz pitchCents=0.0
2025-12-15 22:55:28 [tracker] [s2] onset t=56.896 env=0.00125 gate=0.00001 envDelta=0.00125 envFloor=0.00095 onset=0.719 thresh=0.009 onsetDelta=0.70972 baseline=0.00063 adaptive=0.00158 lastPeak=0.00000 guard=0.060 activeAge=-1.000 pitch=-1.00Hz pitchCents=0.0
2025-12-15 22:55:28 [tracker] [s4] onset t=56.899 env=0.00182 gate=0.00012 envDelta=0.00170 envFloor=0.00104 onset=0.985 thresh=0.014 onsetDelta=0.97111 baseline=0.00069 adaptive=0.00173 lastPeak=0.00000 guard=0.060 activeAge=-1.000 pitch=-1.00Hz pitchCents=0.0
2025-12-15 22:55:28 [tracker] [s5] onset t=56.920 env=0.00166 gate=0.00016 envDelta=0.00150 envFloor=0.00113 onset=1.180 thresh=0.016 onsetDelta=1.16446 baseline=0.00076 adaptive=0.00189 lastPeak=0.00000 guard=0.060 activeAge=-1.000 pitch=-1.00Hz pitchCents=0.0
2025-12-15 22:55:28 [tracker] [s3] onset t=56.950 env=0.00162 gate=0.00008 envDelta=0.00154 envFloor=0.00093 onset=0.999 thresh=0.012 onsetDelta=0.98756 baseline=0.00062 adaptive=0.00155 lastPeak=0.00000 guard=0.060 activeAge=-1.000 pitch=-1.00Hz pitchCents=0.0
2025-12-15 22:55:28 [tracker] [s6] onset t=57.019 env=0.00157 gate=0.00019 envDelta=0.00137 envFloor=0.00117 onset=1.006 thresh=0.018 onsetDelta=0.98834 baseline=0.00078 adaptive=0.00194 lastPeak=0.00000 guard=0.060 activeAge=-1.000 pitch=-1.00Hz pitchCents=0.0
2025-12-15 22:55:28 [tracker] [s1] aubio-raw t=57.0375 onset=0.710680 env=0.000772 peak=0.002096 gain=1.000
2025-12-15 22:55:28 [tracker] [s1] onset-accepted t=57.0375 env=0.000772 gate=0.000021 envDelta=0.000751 envFloor=0.000581 onset=0.710680 thresh=0.006000 onsetDelta=0.704680 baseline=0.000387 floor=0.000180 adapt=0.000969 lastPeak=0.000000 baseParam=0.000180 gateRatio=0.0550 envParam=0.000450 onsetScale=0.300 retriggerScale=1.400 guard=0.060 guardRemain=0.000 activeAge=-1.000 retrigRemain=0.000 pitchHz=275.84 pitchCents=2091.6
2025-12-15 22:55:28 [tracker] [s1] onset t=57.038 env=0.00077 gate=0.00002 envDelta=0.00075 envFloor=0.00058 onset=0.711 thresh=0.006 onsetDelta=0.70468 baseline=0.00039 adaptive=0.00097 lastPeak=0.00000 guard=0.060 activeAge=-1.000 pitch=275.84Hz pitchCents=2091.6
2025-12-15 22:55:28 [tracker] [s1] aubio-raw t=57.1522 onset=1.374697 env=0.000768 peak=0.001580 gain=1.000
2025-12-15 22:55:28 [tracker] [s1] onset-accepted t=57.1522 env=0.000768 gate=0.000024 envDelta=0.000744 envFloor=0.000663 onset=1.374697 thresh=0.006000 onsetDelta=1.368697 baseline=0.000442 floor=0.000180 adapt=0.001104 lastPeak=0.000000 baseParam=0.000180 gateRatio=0.0550 envParam=0.000450 onsetScale=0.300 retriggerScale=1.400 guard=0.060 guardRemain=0.000 activeAge=-1.000 retrigRemain=0.000 pitchHz=-1.00 pitchCents=0.0
2025-12-15 22:55:28 [tracker] [s1] onset t=57.152 env=0.00077 gate=0.00002 envDelta=0.00074 envFloor=0.00066 onset=1.375 thresh=0.006 onsetDelta=1.36870 baseline=0.00044 adaptive=0.00110 lastPeak=0.00000 guard=0.060 activeAge=-1.000 pitch=-1.00Hz pitchCents=0.0
2025-12-15 22:55:28 [tracker] [s2] onset t=57.278 env=0.00173 gate=0.00001 envDelta=0.00172 envFloor=0.00096 onset=0.998 thresh=0.009 onsetDelta=0.98895 baseline=0.00064 adaptive=0.00160 lastPeak=0.00000 guard=0.060 activeAge=-1.000 pitch=-1.00Hz pitchCents=0.0
2025-12-15 22:55:28 [tracker] [s1] aubio-raw t=57.3042 onset=1.187174 env=0.001012 peak=0.002221 gain=1.000
2025-12-15 22:55:28 [tracker] [s1] onset-accepted t=57.3042 env=0.001012 gate=0.000022 envDelta=0.000990 envFloor=0.000598 onset=1.187174 thresh=0.006000 onsetDelta=1.181174 baseline=0.000399 floor=0.000180 adapt=0.000997 lastPeak=0.000000 baseParam=0.000180 gateRatio=0.0550 envParam=0.000450 onsetScale=0.300 retriggerScale=1.400 guard=0.060 guardRemain=0.000 activeAge=-1.000 retrigRemain=0.000 pitchHz=-1.00 pitchCents=0.0
2025-12-15 22:55:28 [tracker] [s1] onset t=57.304 env=0.00101 gate=0.00002 envDelta=0.00099 envFloor=0.00060 onset=1.187 thresh=0.006 onsetDelta=1.18117 baseline=0.00040 adaptive=0.00100 lastPeak=0.00000 guard=0.060 activeAge=-1.000 pitch=-1.00Hz pitchCents=0.0
2025-12-15 22:55:29 [tracker] [s5] onset t=57.347 env=0.00135 gate=0.00015 envDelta=0.00120 envFloor=0.00108 onset=1.479 thresh=0.016 onsetDelta=1.46266 baseline=0.00072 adaptive=0.00180 lastPeak=0.00000 guard=0.060 activeAge=-1.000 pitch=-1.00Hz pitchCents=0.0
2025-12-15 22:55:29 [tracker] [s6] onset t=57.355 env=0.00184 gate=0.00021 envDelta=0.00163 envFloor=0.00124 onset=0.728 thresh=0.018 onsetDelta=0.70954 baseline=0.00083 adaptive=0.00206 lastPeak=0.00000 guard=0.060 activeAge=-1.000 pitch=-1.00Hz pitchCents=0.0
2025-12-15 22:55:29 [tracker] [s4] onset t=57.360 env=0.00157 gate=0.00011 envDelta=0.00146 envFloor=0.00098 onset=0.985 thresh=0.014 onsetDelta=0.97094 baseline=0.00066 adaptive=0.00164 lastPeak=0.00000 guard=0.060 activeAge=-1.000 pitch=-1.00Hz pitchCents=0.0
2025-12-15 22:55:29 [tracker] [s2] onset t=57.379 env=0.00135 gate=0.00001 envDelta=0.00134 envFloor=0.00093 onset=1.110 thresh=0.009 onsetDelta=1.10098 baseline=0.00062 adaptive=0.00155 lastPeak=0.00000 guard=0.060 activeAge=-1.000 pitch=400.08Hz pitchCents=2235.3
2025-12-15 22:55:29 [tracker] [s1] aubio-raw t=57.4455 onset=1.227364 env=0.000623 peak=0.001762 gain=1.000
2025-12-15 22:55:29 [tracker] [s1] onset-below-env-floor t=57.4455 env=0.000623 gate=0.000024 envDelta=0.000599 envFloor=0.000656 onset=1.227364 thresh=0.006000 onsetDelta=1.221364 baseline=0.000437 floor=0.000180 adapt=0.001094 lastPeak=0.000000 baseParam=0.000180 gateRatio=0.0550 envParam=0.000450 onsetScale=0.300 retriggerScale=1.400 guard=0.060 guardRemain=0.000 activeAge=-1.000 retrigRemain=0.000 pitchHz=-1.00 pitchCents=0.0
2025-12-15 22:55:29 [tracker] [s4] onset t=57.448 env=0.00168 gate=0.00011 envDelta=0.00157 envFloor=0.00095 onset=1.157 thresh=0.014 onsetDelta=1.14295 baseline=0.00063 adaptive=0.00158 lastPeak=0.00000 guard=0.060 activeAge=-1.000 pitch=-1.00Hz pitchCents=0.0
2025-12-15 22:55:29 [tracker] [s6] onset t=57.504 env=0.00218 gate=0.00021 envDelta=0.00197 envFloor=0.00126 onset=0.806 thresh=0.018 onsetDelta=0.78754 baseline=0.00084 adaptive=0.00210 lastPeak=0.00000 guard=0.060 activeAge=-1.000 pitch=-1.00Hz pitchCents=0.0
2025-12-15 22:55:29 [tracker] [s2] onset t=57.566 env=0.00265 gate=0.00001 envDelta=0.00264 envFloor=0.00105 onset=1.205 thresh=0.009 onsetDelta=1.19613 baseline=0.00085 adaptive=0.00175 lastPeak=0.00095 guard=0.060 activeAge=0.187 pitch=-1.00Hz pitchCents=0.0
2025-12-15 22:55:29 [tracker] [s2] note-ended (new onset) t=57.566 fret=22 dur=0.187
2025-12-15 22:55:29 [tracker] [s6] onset t=57.667 env=0.00200 gate=0.00021 envDelta=0.00179 envFloor=0.00126 onset=1.260 thresh=0.018 onsetDelta=1.24239 baseline=0.00084 adaptive=0.00211 lastPeak=0.00000 guard=0.060 activeAge=-1.000 pitch=-1.00Hz pitchCents=0.0
2025-12-15 22:55:29 [tracker] [s3] onset t=57.755 env=0.00167 gate=0.00008 envDelta=0.00160 envFloor=0.00091 onset=1.091 thresh=0.012 onsetDelta=1.07894 baseline=0.00060 adaptive=0.00151 lastPeak=0.00000 guard=0.060 activeAge=-1.000 pitch=-1.00Hz pitchCents=0.0
2025-12-15 22:55:29 [tracker] [s2] onset t=57.776 env=0.00161 gate=0.00001 envDelta=0.00161 envFloor=0.00094 onset=0.997 thresh=0.009 onsetDelta=0.98780 baseline=0.00062 adaptive=0.00156 lastPeak=0.00064 guard=0.060 activeAge=-1.000 pitch=1334.46Hz pitchCents=4320.8
2025-12-15 22:55:29 [tracker] [s6] onset t=57.787 env=0.00187 gate=0.00020 envDelta=0.00167 envFloor=0.00117 onset=0.994 thresh=0.018 onsetDelta=0.97590 baseline=0.00078 adaptive=0.00195 lastPeak=0.00000 guard=0.060 activeAge=-1.000 pitch=-1.00Hz pitchCents=0.0
2025-12-15 22:55:29 [tracker] [s6] onset t=57.917 env=0.00210 gate=0.00021 envDelta=0.00190 envFloor=0.00124 onset=0.777 thresh=0.018 onsetDelta=0.75902 baseline=0.00083 adaptive=0.00206 lastPeak=0.00000 guard=0.060 activeAge=-1.000 pitch=-1.00Hz pitchCents=0.0
2025-12-15 22:55:29 [tracker] [s1] aubio-raw t=57.9521 onset=1.006585 env=0.000856 peak=0.001886 gain=1.000
2025-12-15 22:55:29 [tracker] [s1] onset-accepted t=57.9521 env=0.000856 gate=0.000022 envDelta=0.000834 envFloor=0.000606 onset=1.006585 thresh=0.006000 onsetDelta=1.000585 baseline=0.000404 floor=0.000180 adapt=0.001011 lastPeak=0.000000 baseParam=0.000180 gateRatio=0.0550 envParam=0.000450 onsetScale=0.300 retriggerScale=1.400 guard=0.060 guardRemain=0.000 activeAge=-1.000 retrigRemain=0.000 pitchHz=-1.00 pitchCents=0.0
2025-12-15 22:55:29 [tracker] [s1] onset t=57.952 env=0.00086 gate=0.00002 envDelta=0.00083 envFloor=0.00061 onset=1.007 thresh=0.006 onsetDelta=1.00059 baseline=0.00040 adaptive=0.00101 lastPeak=0.00000 guard=0.060 activeAge=-1.000 pitch=-1.00Hz pitchCents=0.0
2025-12-15 22:55:29 [tracker] [s3] onset t=57.965 env=0.00145 gate=0.00008 envDelta=0.00137 envFloor=0.00090 onset=0.983 thresh=0.012 onsetDelta=0.97114 baseline=0.00060 adaptive=0.00151 lastPeak=0.00000 guard=0.060 activeAge=-1.000 pitch=-1.00Hz pitchCents=0.0
2025-12-15 22:55:29 [tracker] [s4] onset t=58.107 env=0.00139 gate=0.00011 envDelta=0.00128 envFloor=0.00098 onset=1.489 thresh=0.014 onsetDelta=1.47500 baseline=0.00065 adaptive=0.00163 lastPeak=0.00000 guard=0.060 activeAge=-1.000 pitch=-1.00Hz pitchCents=0.0
2025-12-15 22:55:29 [tracker] [s5] onset t=58.163 env=0.00150 gate=0.00015 envDelta=0.00136 envFloor=0.00104 onset=1.003 thresh=0.016 onsetDelta=0.98700 baseline=0.00069 adaptive=0.00173 lastPeak=0.00000 guard=0.060 activeAge=-1.000 pitch=-1.00Hz pitchCents=0.0
2025-12-15 22:55:29 [tracker] [s2] onset t=58.211 env=0.00122 gate=0.00001 envDelta=0.00121 envFloor=0.00103 onset=1.093 thresh=0.009 onsetDelta=1.08444 baseline=0.00069 adaptive=0.00172 lastPeak=0.00028 guard=0.060 activeAge=-1.000 pitch=-1.00Hz pitchCents=0.0
2025-12-15 22:55:29 [tracker] [s1] aubio-raw t=58.2135 onset=0.995464 env=0.000483 peak=0.001210 gain=1.000
2025-12-15 22:55:29 [tracker] [s1] onset-below-env-floor t=58.2135 env=0.000483 gate=0.000021 envDelta=0.000462 envFloor=0.000573 onset=0.995464 thresh=0.006000 onsetDelta=0.989464 baseline=0.000382 floor=0.000180 adapt=0.000955 lastPeak=0.000000 baseParam=0.000180 gateRatio=0.0550 envParam=0.000450 onsetScale=0.300 retriggerScale=1.400 guard=0.060 guardRemain=0.000 activeAge=-1.000 retrigRemain=0.000 pitchHz=210.50 pitchCents=1623.6
2025-12-15 22:55:29 [tracker] [s1] aubio-raw t=58.2695 onset=1.051446 env=0.000803 peak=0.001736 gain=1.000
2025-12-15 22:55:29 [tracker] [s1] onset-accepted t=58.2695 env=0.000803 gate=0.000022 envDelta=0.000781 envFloor=0.000604 onset=1.051446 thresh=0.006000 onsetDelta=1.045446 baseline=0.000403 floor=0.000180 adapt=0.001007 lastPeak=0.000000 baseParam=0.000180 gateRatio=0.0550 envParam=0.000450 onsetScale=0.300 retriggerScale=1.400 guard=0.060 guardRemain=0.000 activeAge=-1.000 retrigRemain=0.000 pitchHz=-1.00 pitchCents=0.0
2025-12-15 22:55:29 [tracker] [s1] onset t=58.269 env=0.00080 gate=0.00002 envDelta=0.00078 envFloor=0.00060 onset=1.051 thresh=0.006 onsetDelta=1.04545 baseline=0.00040 adaptive=0.00101 lastPeak=0.00000 guard=0.060 activeAge=-1.000 pitch=-1.00Hz pitchCents=0.0
2025-12-15 22:55:29 [tracker] [s5] onset t=58.296 env=0.00159 gate=0.00015 envDelta=0.00144 envFloor=0.00106 onset=1.000 thresh=0.016 onsetDelta=0.98356 baseline=0.00071 adaptive=0.00177 lastPeak=0.00000 guard=0.060 activeAge=-1.000 pitch=-1.00Hz pitchCents=0.0
2025-12-15 22:55:29 [tracker] [s2] onset t=58.307 env=0.00157 gate=0.00001 envDelta=0.00157 envFloor=0.00093 onset=1.140 thresh=0.009 onsetDelta=1.13060 baseline=0.00062 adaptive=0.00154 lastPeak=0.00024 guard=0.060 activeAge=-1.000 pitch=-1.00Hz pitchCents=0.0
2025-12-15 22:55:30 [tracker] [s3] onset t=58.365 env=0.00214 gate=0.00008 envDelta=0.00206 envFloor=0.00097 onset=1.237 thresh=0.012 onsetDelta=1.22494 baseline=0.00064 adaptive=0.00161 lastPeak=0.00000 guard=0.060 activeAge=-1.000 pitch=-1.00Hz pitchCents=0.0
2025-12-15 22:55:30 [tracker] [s1] aubio-raw t=58.3788 onset=1.008759 env=0.000570 peak=0.001756 gain=1.000
2025-12-15 22:55:30 [tracker] [s1] onset-below-env-floor t=58.3788 env=0.000570 gate=0.000023 envDelta=0.000547 envFloor=0.000621 onset=1.008759 thresh=0.006000 onsetDelta=1.002759 baseline=0.000414 floor=0.000180 adapt=0.001034 lastPeak=0.000000 baseParam=0.000180 gateRatio=0.0550 envParam=0.000450 onsetScale=0.300 retriggerScale=1.400 guard=0.060 guardRemain=0.000 activeAge=-1.000 retrigRemain=0.000 pitchHz=94.12 pitchCents=230.0
2025-12-15 22:55:30 [tracker] [s2] onset t=58.395 env=0.00109 gate=0.00001 envDelta=0.00109 envFloor=0.00090 onset=0.945 thresh=0.009 onsetDelta=0.93623 baseline=0.00060 adaptive=0.00149 lastPeak=0.00020 guard=0.060 activeAge=-1.000 pitch=727.21Hz pitchCents=3269.8
2025-12-15 22:55:30 [tracker] [s2] onset t=58.477 env=0.00137 gate=0.00001 envDelta=0.00136 envFloor=0.00096 onset=1.262 thresh=0.009 onsetDelta=1.25324 baseline=0.00064 adaptive=0.00160 lastPeak=0.00017 guard=0.060 activeAge=-1.000 pitch=615.33Hz pitchCents=2980.6
2025-12-15 22:55:30 [tracker] [s6] onset t=58.480 env=0.00179 gate=0.00020 envDelta=0.00159 envFloor=0.00119 onset=1.338 thresh=0.018 onsetDelta=1.32037 baseline=0.00079 adaptive=0.00199 lastPeak=0.00000 guard=0.060 activeAge=-1.000 pitch=-1.00Hz pitchCents=0.0
2025-12-15 22:55:30 [tracker] [s3] onset t=58.501 env=0.00113 gate=0.00008 envDelta=0.00105 envFloor=0.00090 onset=1.470 thresh=0.012 onsetDelta=1.45827 baseline=0.00060 adaptive=0.00149 lastPeak=0.00000 guard=0.060 activeAge=-1.000 pitch=-1.00Hz pitchCents=0.0
2025-12-15 22:55:30 [tracker] [s3] onset t=58.568 env=0.00175 gate=0.00008 envDelta=0.00167 envFloor=0.00094 onset=0.729 thresh=0.012 onsetDelta=0.71782 baseline=0.00063 adaptive=0.00156 lastPeak=0.00000 guard=0.060 activeAge=-1.000 pitch=-1.00Hz pitchCents=0.0
2025-12-15 22:55:30 [tracker] [s5] onset t=58.669 env=0.00189 gate=0.00015 envDelta=0.00174 envFloor=0.00108 onset=0.971 thresh=0.016 onsetDelta=0.95507 baseline=0.00072 adaptive=0.00180 lastPeak=0.00000 guard=0.060 activeAge=-1.000 pitch=-1.00Hz pitchCents=0.0
2025-12-15 22:55:30 [tracker] [s3] onset t=58.723 env=0.00112 gate=0.00008 envDelta=0.00104 envFloor=0.00090 onset=0.821 thresh=0.012 onsetDelta=0.80890 baseline=0.00060 adaptive=0.00150 lastPeak=0.00000 guard=0.060 activeAge=-1.000 pitch=-1.00Hz pitchCents=0.0
2025-12-15 22:55:30 [tracker] [s6] onset t=58.795 env=0.00180 gate=0.00021 envDelta=0.00159 envFloor=0.00124 onset=0.842 thresh=0.018 onsetDelta=0.82419 baseline=0.00083 adaptive=0.00207 lastPeak=0.00000 guard=0.060 activeAge=-1.000 pitch=-1.00Hz pitchCents=0.0
2025-12-15 22:55:30 [tracker] [s5] onset t=58.883 env=0.00149 gate=0.00015 envDelta=0.00133 envFloor=0.00108 onset=0.987 thresh=0.016 onsetDelta=0.97102 baseline=0.00072 adaptive=0.00181 lastPeak=0.00000 guard=0.060 activeAge=-1.000 pitch=-1.00Hz pitchCents=0.0
2025-12-15 22:55:30 [tracker] [s2] onset t=58.984 env=0.00172 gate=0.00001 envDelta=0.00172 envFloor=0.00098 onset=0.994 thresh=0.009 onsetDelta=0.98499 baseline=0.00066 adaptive=0.00164 lastPeak=0.00007 guard=0.060 activeAge=-1.000 pitch=-1.00Hz pitchCents=0.0
2025-12-15 22:55:30 [tracker] [s5] onset t=59.112 env=0.00186 gate=0.00016 envDelta=0.00170 envFloor=0.00113 onset=0.877 thresh=0.016 onsetDelta=0.86129 baseline=0.00075 adaptive=0.00189 lastPeak=0.00000 guard=0.060 activeAge=-1.000 pitch=-1.00Hz pitchCents=0.0
2025-12-15 22:55:30 [tracker] [s2] onset t=59.115 env=0.00148 gate=0.00001 envDelta=0.00147 envFloor=0.00094 onset=1.241 thresh=0.009 onsetDelta=1.23245 baseline=0.00062 adaptive=0.00156 lastPeak=0.00005 guard=0.060 activeAge=-1.000 pitch=-1.00Hz pitchCents=0.0
2025-12-15 22:55:30 [tracker] [s6] onset t=59.168 env=0.00196 gate=0.00022 envDelta=0.00174 envFloor=0.00130 onset=1.154 thresh=0.018 onsetDelta=1.13593 baseline=0.00087 adaptive=0.00217 lastPeak=0.00000 guard=0.060 activeAge=-1.000 pitch=-1.00Hz pitchCents=0.0
2025-12-15 22:55:30 [tracker] [s6] onset t=59.320 env=0.00155 gate=0.00019 envDelta=0.00136 envFloor=0.00115 onset=1.132 thresh=0.018 onsetDelta=1.11418 baseline=0.00077 adaptive=0.00192 lastPeak=0.00000 guard=0.060 activeAge=-1.000 pitch=-1.00Hz pitchCents=0.0
2025-12-15 22:55:31 [tracker] [s3] onset t=59.336 env=0.00136 gate=0.00008 envDelta=0.00128 envFloor=0.00091 onset=1.008 thresh=0.012 onsetDelta=0.99597 baseline=0.00061 adaptive=0.00152 lastPeak=0.00000 guard=0.060 activeAge=-1.000 pitch=-1.00Hz pitchCents=0.0
2025-12-15 22:55:31 [tracker] [s5] onset t=59.440 env=0.00170 gate=0.00015 envDelta=0.00155 envFloor=0.00110 onset=1.379 thresh=0.016 onsetDelta=1.36259 baseline=0.00073 adaptive=0.00183 lastPeak=0.00000 guard=0.060 activeAge=-1.000 pitch=-1.00Hz pitchCents=0.0
2025-12-15 22:55:31 [tracker] [s3] onset t=59.507 env=0.00136 gate=0.00008 envDelta=0.00128 envFloor=0.00094 onset=0.991 thresh=0.012 onsetDelta=0.97987 baseline=0.00063 adaptive=0.00157 lastPeak=0.00000 guard=0.060 activeAge=-1.000 pitch=-1.00Hz pitchCents=0.0
2025-12-15 22:55:31 [tracker] [s2] onset t=59.669 env=0.00138 gate=0.00001 envDelta=0.00137 envFloor=0.00101 onset=0.995 thresh=0.009 onsetDelta=0.98618 baseline=0.00068 adaptive=0.00169 lastPeak=0.00002 guard=0.060 activeAge=-1.000 pitch=94.11Hz pitchCents=-270.0
2025-12-15 22:55:31 [tracker] [s3] onset t=59.757 env=0.00179 gate=0.00008 envDelta=0.00171 envFloor=0.00094 onset=0.608 thresh=0.012 onsetDelta=0.59607 baseline=0.00062 adaptive=0.00156 lastPeak=0.00000 guard=0.060 activeAge=-1.000 pitch=-1.00Hz pitchCents=0.0
2025-12-15 22:55:31 [tracker] [s5] onset t=59.757 env=0.00149 gate=0.00014 envDelta=0.00134 envFloor=0.00103 onset=1.000 thresh=0.016 onsetDelta=0.98375 baseline=0.00069 adaptive=0.00172 lastPeak=0.00000 guard=0.060 activeAge=-1.000 pitch=-1.00Hz pitchCents=0.0
2025-12-15 22:55:31 [tracker] [s1] aubio-raw t=59.8933 onset=1.292369 env=0.001227 peak=0.002530 gain=1.000
2025-12-15 22:55:31 [tracker] [s1] onset-accepted t=59.8933 env=0.001227 gate=0.000023 envDelta=0.001204 envFloor=0.000628 onset=1.292369 thresh=0.006000 onsetDelta=1.286369 baseline=0.000419 floor=0.000180 adapt=0.001047 lastPeak=0.000000 baseParam=0.000180 gateRatio=0.0550 envParam=0.000450 onsetScale=0.300 retriggerScale=1.400 guard=0.060 guardRemain=0.000 activeAge=-1.000 retrigRemain=0.000 pitchHz=-1.00 pitchCents=0.0
2025-12-15 22:55:31 [tracker] [s1] onset t=59.893 env=0.00123 gate=0.00002 envDelta=0.00120 envFloor=0.00063 onset=1.292 thresh=0.006 onsetDelta=1.28637 baseline=0.00042 adaptive=0.00105 lastPeak=0.00000 guard=0.060 activeAge=-1.000 pitch=-1.00Hz pitchCents=0.0
2025-12-15 22:55:31 [tracker] [s2] onset t=59.995 env=0.00120 gate=0.00001 envDelta=0.00119 envFloor=0.00099 onset=0.997 thresh=0.009 onsetDelta=0.98757 baseline=0.00066 adaptive=0.00165 lastPeak=0.00001 guard=0.060 activeAge=-1.000 pitch=-1.00Hz pitchCents=0.0
2025-12-15 22:55:31 [tracker] [s3] onset t=60.099 env=0.00154 gate=0.00008 envDelta=0.00146 envFloor=0.00091 onset=0.555 thresh=0.012 onsetDelta=0.54291 baseline=0.00061 adaptive=0.00152 lastPeak=0.00000 guard=0.060 activeAge=-1.000 pitch=-1.00Hz pitchCents=0.0
2025-12-15 22:55:31 [tracker] [s6] onset t=60.160 env=0.00188 gate=0.00021 envDelta=0.00167 envFloor=0.00123 onset=1.399 thresh=0.018 onsetDelta=1.38146 baseline=0.00082 adaptive=0.00205 lastPeak=0.00000 guard=0.060 activeAge=-1.000 pitch=-1.00Hz pitchCents=0.0
2025-12-15 22:55:31 [tracker] [s2] onset t=60.301 env=0.00126 gate=0.00001 envDelta=0.00125 envFloor=0.00097 onset=1.106 thresh=0.009 onsetDelta=1.09681 baseline=0.00065 adaptive=0.00162 lastPeak=0.00001 guard=0.060 activeAge=-1.000 pitch=1143.05Hz pitchCents=4052.8
2025-12-15 22:55:32 [tracker] [s1] aubio-raw t=60.3680 onset=1.081333 env=0.001035 peak=0.002350 gain=1.000
2025-12-15 22:55:32 [tracker] [s1] onset-accepted t=60.3680 env=0.001035 gate=0.000022 envDelta=0.001012 envFloor=0.000612 onset=1.081333 thresh=0.006000 onsetDelta=1.075333 baseline=0.000408 floor=0.000180 adapt=0.001020 lastPeak=0.000000 baseParam=0.000180 gateRatio=0.0550 envParam=0.000450 onsetScale=0.300 retriggerScale=1.400 guard=0.060 guardRemain=0.000 activeAge=-1.000 retrigRemain=0.000 pitchHz=533.34 pitchCents=3233.1
2025-12-15 22:55:32 [tracker] [s1] onset t=60.368 env=0.00103 gate=0.00002 envDelta=0.00101 envFloor=0.00061 onset=1.081 thresh=0.006 onsetDelta=1.07533 baseline=0.00041 adaptive=0.00102 lastPeak=0.00000 guard=0.060 activeAge=-1.000 pitch=533.34Hz pitchCents=3233.1
2025-12-15 22:55:32 [tracker] [s2] onset t=60.499 env=0.00181 gate=0.00001 envDelta=0.00181 envFloor=0.00095 onset=0.995 thresh=0.009 onsetDelta=0.98619 baseline=0.00063 adaptive=0.00158 lastPeak=0.00000 guard=0.060 activeAge=-1.000 pitch=-1.00Hz pitchCents=0.0
2025-12-15 22:55:32 [tracker] [s4] onset t=60.512 env=0.00131 gate=0.00011 envDelta=0.00120 envFloor=0.00097 onset=1.124 thresh=0.014 onsetDelta=1.10987 baseline=0.00065 adaptive=0.00162 lastPeak=0.00000 guard=0.060 activeAge=-1.000 pitch=-1.00Hz pitchCents=0.0
2025-12-15 22:55:32 [tracker] [s3] onset t=60.720 env=0.00131 gate=0.00008 envDelta=0.00124 envFloor=0.00090 onset=0.995 thresh=0.012 onsetDelta=0.98317 baseline=0.00060 adaptive=0.00150 lastPeak=0.00000 guard=0.060 activeAge=-1.000 pitch=-1.00Hz pitchCents=0.0
2025-12-15 22:55:32 [tracker] [s5] onset t=60.763 env=0.00178 gate=0.00015 envDelta=0.00163 envFloor=0.00105 onset=1.190 thresh=0.016 onsetDelta=1.17398 baseline=0.00070 adaptive=0.00175 lastPeak=0.00000 guard=0.060 activeAge=-1.000 pitch=-1.00Hz pitchCents=0.0
2025-12-15 22:55:32 [tracker] [s4] onset t=60.848 env=0.00139 gate=0.00011 envDelta=0.00128 envFloor=0.00097 onset=1.016 thresh=0.014 onsetDelta=1.00155 baseline=0.00065 adaptive=0.00162 lastPeak=0.00000 guard=0.060 activeAge=-1.000 pitch=-1.00Hz pitchCents=0.0
2025-12-15 22:55:32 [tracker] [s2] onset t=60.872 env=0.00123 gate=0.00001 envDelta=0.00123 envFloor=0.00099 onset=0.997 thresh=0.009 onsetDelta=0.98786 baseline=0.00066 adaptive=0.00166 lastPeak=0.00000 guard=0.060 activeAge=-1.000 pitch=470.57Hz pitchCents=2516.3
2025-12-15 22:55:32 [tracker] [s5] onset t=60.885 env=0.00142 gate=0.00014 envDelta=0.00127 envFloor=0.00103 onset=0.762 thresh=0.016 onsetDelta=0.74636 baseline=0.00069 adaptive=0.00172 lastPeak=0.00000 guard=0.060 activeAge=-1.000 pitch=-1.00Hz pitchCents=0.0
2025-12-15 22:55:32 [tracker] [s3] onset t=61.064 env=0.00142 gate=0.00008 envDelta=0.00134 envFloor=0.00095 onset=0.996 thresh=0.012 onsetDelta=0.98427 baseline=0.00063 adaptive=0.00158 lastPeak=0.00000 guard=0.060 activeAge=-1.000 pitch=-1.00Hz pitchCents=0.0
2025-12-15 22:55:32 [tracker] [s3] onset t=61.269 env=0.00141 gate=0.00008 envDelta=0.00133 envFloor=0.00096 onset=1.261 thresh=0.012 onsetDelta=1.24985 baseline=0.00064 adaptive=0.00159 lastPeak=0.00000 guard=0.060 activeAge=-1.000 pitch=-1.00Hz pitchCents=0.0
2025-12-15 22:55:32 [tracker] [s1] aubio-raw t=61.2746 onset=0.781797 env=0.000783 peak=0.002139 gain=1.000
2025-12-15 22:55:32 [tracker] [s1] onset-accepted t=61.2746 env=0.000783 gate=0.000021 envDelta=0.000762 envFloor=0.000570 onset=0.781797 thresh=0.006000 onsetDelta=0.775797 baseline=0.000380 floor=0.000180 adapt=0.000950 lastPeak=0.000000 baseParam=0.000180 gateRatio=0.0550 envParam=0.000450 onsetScale=0.300 retriggerScale=1.400 guard=0.060 guardRemain=0.000 activeAge=-1.000 retrigRemain=0.000 pitchHz=-1.00 pitchCents=0.0
2025-12-15 22:55:32 [tracker] [s1] onset t=61.275 env=0.00078 gate=0.00002 envDelta=0.00076 envFloor=0.00057 onset=0.782 thresh=0.006 onsetDelta=0.77580 baseline=0.00038 adaptive=0.00095 lastPeak=0.00000 guard=0.060 activeAge=-1.000 pitch=-1.00Hz pitchCents=0.0
2025-12-15 22:55:33 [tracker] [s1] aubio-raw t=61.3332 onset=0.991015 env=0.001179 peak=0.002756 gain=1.000
2025-12-15 22:55:33 [tracker] [s1] onset-accepted t=61.3332 env=0.001179 gate=0.000023 envDelta=0.001156 envFloor=0.000639 onset=0.991015 thresh=0.006000 onsetDelta=0.985015 baseline=0.000426 floor=0.000180 adapt=0.001066 lastPeak=0.000000 baseParam=0.000180 gateRatio=0.0550 envParam=0.000450 onsetScale=0.300 retriggerScale=1.400 guard=0.060 guardRemain=0.000 activeAge=-1.000 retrigRemain=0.000 pitchHz=-1.00 pitchCents=0.0
2025-12-15 22:55:33 [tracker] [s1] onset t=61.333 env=0.00118 gate=0.00002 envDelta=0.00116 envFloor=0.00064 onset=0.991 thresh=0.006 onsetDelta=0.98502 baseline=0.00043 adaptive=0.00107 lastPeak=0.00000 guard=0.060 activeAge=-1.000 pitch=-1.00Hz pitchCents=0.0
2025-12-15 22:55:33 [tracker] [s4] onset t=61.339 env=0.00157 gate=0.00012 envDelta=0.00145 envFloor=0.00106 onset=0.994 thresh=0.014 onsetDelta=0.98010 baseline=0.00071 adaptive=0.00176 lastPeak=0.00000 guard=0.060 activeAge=-1.000 pitch=-1.00Hz pitchCents=0.0
2025-12-15 22:55:33 [tracker] [s5] onset t=61.403 env=0.00168 gate=0.00015 envDelta=0.00152 envFloor=0.00108 onset=0.996 thresh=0.016 onsetDelta=0.97979 baseline=0.00072 adaptive=0.00181 lastPeak=0.00000 guard=0.060 activeAge=-1.000 pitch=-1.00Hz pitchCents=0.0
2025-12-15 22:55:33 [tracker] [s1] aubio-raw t=61.4639 onset=0.995490 env=0.001228 peak=0.002308 gain=1.000
2025-12-15 22:55:33 [tracker] [s1] onset-accepted t=61.4639 env=0.001228 gate=0.000023 envDelta=0.001205 envFloor=0.000636 onset=0.995490 thresh=0.006000 onsetDelta=0.989490 baseline=0.000424 floor=0.000180 adapt=0.001059 lastPeak=0.000000 baseParam=0.000180 gateRatio=0.0550 envParam=0.000450 onsetScale=0.300 retriggerScale=1.400 guard=0.060 guardRemain=0.000 activeAge=-1.000 retrigRemain=0.000 pitchHz=500.00 pitchCents=3121.3
2025-12-15 22:55:33 [tracker] [s1] onset t=61.464 env=0.00123 gate=0.00002 envDelta=0.00120 envFloor=0.00064 onset=0.995 thresh=0.006 onsetDelta=0.98949 baseline=0.00042 adaptive=0.00106 lastPeak=0.00000 guard=0.060 activeAge=-1.000 pitch=500.00Hz pitchCents=3121.3
2025-12-15 22:55:33 [tracker] [s1] note-start t=61.464 fret=24 midi=64 vel=0.01 env=0.00123
2025-12-15 22:55:33 [tracker] [s5] onset t=61.488 env=0.00210 gate=0.00016 envDelta=0.00194 envFloor=0.00111 onset=0.994 thresh=0.016 onsetDelta=0.97759 baseline=0.00074 adaptive=0.00185 lastPeak=0.00000 guard=0.060 activeAge=-1.000 pitch=-1.00Hz pitchCents=0.0
2025-12-15 22:55:33 [tracker] [s4] onset t=61.520 env=0.00129 gate=0.00011 envDelta=0.00118 envFloor=0.00097 onset=0.992 thresh=0.014 onsetDelta=0.97832 baseline=0.00065 adaptive=0.00161 lastPeak=0.00000 guard=0.060 activeAge=-1.000 pitch=-1.00Hz pitchCents=0.0
2025-12-15 22:55:33 [tracker] [s1] aubio-raw t=61.5279 onset=0.995076 env=0.000730 peak=0.001800 gain=1.000
2025-12-15 22:55:33 [tracker] [s1] onset-accepted t=61.5279 env=0.000730 gate=0.000054 envDelta=0.000676 envFloor=0.000686 onset=0.995076 thresh=0.006000 onsetDelta=0.989076 baseline=0.000980 floor=0.000180 adapt=0.000953 lastPeak=0.001089 baseParam=0.000180 gateRatio=0.0550 envParam=0.000450 onsetScale=0.300 retriggerScale=1.400 guard=0.060 guardRemain=0.000 activeAge=0.064 retrigRemain=0.156 pitchHz=320.04 pitchCents=2348.9
2025-12-15 22:55:33 [tracker] [s1] onset t=61.528 env=0.00073 gate=0.00005 envDelta=0.00068 envFloor=0.00069 onset=0.995 thresh=0.006 onsetDelta=0.98908 baseline=0.00098 adaptive=0.00095 lastPeak=0.00109 guard=0.060 activeAge=0.064 pitch=320.04Hz pitchCents=2348.9
2025-12-15 22:55:33 [tracker] [s1] note-ended (new onset) t=61.528 fret=24 dur=0.064
2025-12-15 22:55:33 [tracker] [s5] onset t=61.541 env=0.00169 gate=0.00015 envDelta=0.00155 envFloor=0.00104 onset=1.258 thresh=0.016 onsetDelta=1.24194 baseline=0.00069 adaptive=0.00173 lastPeak=0.00000 guard=0.060 activeAge=-1.000 pitch=-1.00Hz pitchCents=0.0
2025-12-15 22:55:33 [tracker] [s4] onset t=61.573 env=0.00120 gate=0.00010 envDelta=0.00110 envFloor=0.00091 onset=1.111 thresh=0.014 onsetDelta=1.09737 baseline=0.00061 adaptive=0.00152 lastPeak=0.00000 guard=0.060 activeAge=-1.000 pitch=-1.00Hz pitchCents=0.0
2025-12-15 22:55:33 [tracker] [s3] onset t=61.581 env=0.00160 gate=0.00008 envDelta=0.00152 envFloor=0.00089 onset=0.996 thresh=0.012 onsetDelta=0.98429 baseline=0.00059 adaptive=0.00148 lastPeak=0.00000 guard=0.060 activeAge=-1.000 pitch=-1.00Hz pitchCents=0.0
2025-12-15 22:55:33 [tracker] [s5] onset t=61.653 env=0.00178 gate=0.00014 envDelta=0.00164 envFloor=0.00103 onset=0.993 thresh=0.016 onsetDelta=0.97749 baseline=0.00069 adaptive=0.00171 lastPeak=0.00000 guard=0.060 activeAge=-1.000 pitch=-1.00Hz pitchCents=0.0
2025-12-15 22:55:33 [tracker] [s2] onset t=61.667 env=0.00141 gate=0.00001 envDelta=0.00140 envFloor=0.00099 onset=1.011 thresh=0.009 onsetDelta=1.00228 baseline=0.00066 adaptive=0.00165 lastPeak=0.00000 guard=0.060 activeAge=-1.000 pitch=-1.00Hz pitchCents=0.0
2025-12-15 22:55:33 [tracker] [s5] onset t=61.707 env=0.00168 gate=0.00015 envDelta=0.00152 envFloor=0.00109 onset=1.378 thresh=0.016 onsetDelta=1.36239 baseline=0.00073 adaptive=0.00182 lastPeak=0.00000 guard=0.060 activeAge=-1.000 pitch=-1.00Hz pitchCents=0.0
2025-12-15 22:55:33 [tracker] [s6] onset t=61.781 env=0.00203 gate=0.00022 envDelta=0.00181 envFloor=0.00132 onset=0.977 thresh=0.018 onsetDelta=0.95888 baseline=0.00088 adaptive=0.00220 lastPeak=0.00000 guard=0.060 activeAge=-1.000 pitch=-1.00Hz pitchCents=0.0
2025-12-15 22:55:33 [tracker] [s4] onset t=61.792 env=0.00157 gate=0.00012 envDelta=0.00145 envFloor=0.00104 onset=0.998 thresh=0.014 onsetDelta=0.98386 baseline=0.00069 adaptive=0.00173 lastPeak=0.00000 guard=0.060 activeAge=-1.000 pitch=-1.00Hz pitchCents=0.0
2025-12-15 22:55:33 [tracker] [s5] onset t=61.840 env=0.00166 gate=0.00015 envDelta=0.00151 envFloor=0.00109 onset=0.996 thresh=0.016 onsetDelta=0.98027 baseline=0.00073 adaptive=0.00181 lastPeak=0.00000 guard=0.060 activeAge=-1.000 pitch=-1.00Hz pitchCents=0.0
2025-12-15 22:55:33 [tracker] [s6] onset t=61.861 env=0.00173 gate=0.00021 envDelta=0.00152 envFloor=0.00127 onset=0.905 thresh=0.018 onsetDelta=0.88730 baseline=0.00084 adaptive=0.00211 lastPeak=0.00000 guard=0.060 activeAge=-1.000 pitch=-1.00Hz pitchCents=0.0
2025-12-15 22:55:33 [tracker] [s6] onset t=61.917 env=0.00200 gate=0.00020 envDelta=0.00180 envFloor=0.00120 onset=1.158 thresh=0.018 onsetDelta=1.14039 baseline=0.00080 adaptive=0.00200 lastPeak=0.00000 guard=0.060 activeAge=-1.000 pitch=-1.00Hz pitchCents=0.0
2025-12-15 22:55:33 [tracker] [s4] onset t=61.971 env=0.00121 gate=0.00011 envDelta=0.00110 envFloor=0.00099 onset=1.151 thresh=0.014 onsetDelta=1.13660 baseline=0.00066 adaptive=0.00164 lastPeak=0.00000 guard=0.060 activeAge=-1.000 pitch=-1.00Hz pitchCents=0.0
2025-12-15 22:55:33 [tracker] [s5] onset t=62.104 env=0.00183 gate=0.00016 envDelta=0.00168 envFloor=0.00114 onset=0.989 thresh=0.016 onsetDelta=0.97313 baseline=0.00076 adaptive=0.00190 lastPeak=0.00000 guard=0.060 activeAge=-1.000 pitch=-1.00Hz pitchCents=0.0
2025-12-15 22:55:33 [tracker] [s5] onset t=62.226 env=0.00164 gate=0.00015 envDelta=0.00149 envFloor=0.00109 onset=1.088 thresh=0.016 onsetDelta=1.07250 baseline=0.00073 adaptive=0.00182 lastPeak=0.00000 guard=0.060 activeAge=-1.000 pitch=-1.00Hz pitchCents=0.0
2025-12-15 22:55:33 [tracker] [s2] onset t=62.242 env=0.00125 gate=0.00001 envDelta=0.00125 envFloor=0.00090 onset=0.993 thresh=0.009 onsetDelta=0.98373 baseline=0.00060 adaptive=0.00150 lastPeak=0.00000 guard=0.060 activeAge=-1.000 pitch=889.04Hz pitchCents=3617.7
2025-12-15 22:55:33 [tracker] [s2] note-start t=62.242 fret=24 midi=69 vel=0.02 env=0.00125
2025-12-15 22:55:33 [tracker] [s6] onset t=62.266 env=0.00181 gate=0.00020 envDelta=0.00161 envFloor=0.00120 onset=1.130 thresh=0.018 onsetDelta=1.11232 baseline=0.00080 adaptive=0.00200 lastPeak=0.00000 guard=0.060 activeAge=-1.000 pitch=-1.00Hz pitchCents=0.0
2025-12-15 22:55:34 [tracker] [s1] aubio-raw t=62.3518 onset=1.011503 env=0.000994 peak=0.002601 gain=1.000
2025-12-15 22:55:34 [tracker] [s1] onset-accepted t=62.3518 env=0.000994 gate=0.000022 envDelta=0.000972 envFloor=0.000595 onset=1.011503 thresh=0.006000 onsetDelta=1.005503 baseline=0.000396 floor=0.000180 adapt=0.000991 lastPeak=0.000231 baseParam=0.000180 gateRatio=0.0550 envParam=0.000450 onsetScale=0.300 retriggerScale=1.400 guard=0.060 guardRemain=0.000 activeAge=-1.000 retrigRemain=0.000 pitchHz=-1.00 pitchCents=0.0
2025-12-15 22:55:34 [tracker] [s1] onset t=62.352 env=0.00099 gate=0.00002 envDelta=0.00097 envFloor=0.00059 onset=1.012 thresh=0.006 onsetDelta=1.00550 baseline=0.00040 adaptive=0.00099 lastPeak=0.00023 guard=0.060 activeAge=-1.000 pitch=-1.00Hz pitchCents=0.0
2025-12-15 22:55:34 [tracker] [s4] onset t=62.456 env=0.00149 gate=0.00011 envDelta=0.00138 envFloor=0.00098 onset=0.586 thresh=0.014 onsetDelta=0.57186 baseline=0.00065 adaptive=0.00163 lastPeak=0.00000 guard=0.060 activeAge=-1.000 pitch=-1.00Hz pitchCents=0.0
2025-12-15 22:55:34 [tracker] [s6] onset t=62.608 env=0.00194 gate=0.00021 envDelta=0.00173 envFloor=0.00124 onset=0.871 thresh=0.018 onsetDelta=0.85327 baseline=0.00083 adaptive=0.00206 lastPeak=0.00000 guard=0.060 activeAge=-1.000 pitch=-1.00Hz pitchCents=0.0
2025-12-15 22:55:34 [tracker] [s5] onset t=62.642 env=0.00141 gate=0.00015 envDelta=0.00126 envFloor=0.00107 onset=0.995 thresh=0.016 onsetDelta=0.97932 baseline=0.00071 adaptive=0.00178 lastPeak=0.00000 guard=0.060 activeAge=-1.000 pitch=-1.00Hz pitchCents=0.0
2025-12-15 22:55:34 [tracker] [s4] onset t=62.701 env=0.00136 gate=0.00011 envDelta=0.00125 envFloor=0.00099 onset=1.017 thresh=0.014 onsetDelta=1.00265 baseline=0.00066 adaptive=0.00164 lastPeak=0.00000 guard=0.060 activeAge=-1.000 pitch=-1.00Hz pitchCents=0.0
2025-12-15 22:55:34 [tracker] [s5] onset t=62.701 env=0.00142 gate=0.00014 envDelta=0.00128 envFloor=0.00102 onset=1.110 thresh=0.016 onsetDelta=1.09435 baseline=0.00068 adaptive=0.00169 lastPeak=0.00000 guard=0.060 activeAge=-1.000 pitch=-1.00Hz pitchCents=0.0
2025-12-15 22:55:34 [tracker] [s4] onset t=62.754 env=0.00149 gate=0.00011 envDelta=0.00138 envFloor=0.00096 onset=1.051 thresh=0.014 onsetDelta=1.03706 baseline=0.00064 adaptive=0.00160 lastPeak=0.00000 guard=0.060 activeAge=-1.000 pitch=-1.00Hz pitchCents=0.0
2025-12-15 22:55:34 [tracker] [s5] onset t=62.816 env=0.00192 gate=0.00015 envDelta=0.00177 envFloor=0.00106 onset=0.999 thresh=0.016 onsetDelta=0.98314 baseline=0.00071 adaptive=0.00177 lastPeak=0.00000 guard=0.060 activeAge=-1.000 pitch=-1.00Hz pitchCents=0.0
2025-12-15 22:55:34 [tracker] [s6] onset t=62.816 env=0.00216 gate=0.00020 envDelta=0.00195 envFloor=0.00122 onset=0.955 thresh=0.018 onsetDelta=0.93733 baseline=0.00081 adaptive=0.00203 lastPeak=0.00000 guard=0.060 activeAge=-1.000 pitch=-1.00Hz pitchCents=0.0
2025-12-15 22:55:34 [tracker] [s4] onset t=62.941 env=0.00162 gate=0.00012 envDelta=0.00150 envFloor=0.00106 onset=0.946 thresh=0.014 onsetDelta=0.93150 baseline=0.00071 adaptive=0.00177 lastPeak=0.00000 guard=0.060 activeAge=-1.000 pitch=-1.00Hz pitchCents=0.0
2025-12-15 22:55:34 [tracker] [s1] aubio-raw t=62.9518 onset=0.853460 env=0.000933 peak=0.002201 gain=1.000
2025-12-15 22:55:34 [tracker] [s1] onset-accepted t=62.9518 env=0.000933 gate=0.000024 envDelta=0.000909 envFloor=0.000657 onset=0.853460 thresh=0.006000 onsetDelta=0.847460 baseline=0.000438 floor=0.000180 adapt=0.001095 lastPeak=0.000075 baseParam=0.000180 gateRatio=0.0550 envParam=0.000450 onsetScale=0.300 retriggerScale=1.400 guard=0.060 guardRemain=0.000 activeAge=-1.000 retrigRemain=0.000 pitchHz=-1.00 pitchCents=0.0
2025-12-15 22:55:34 [tracker] [s1] onset t=62.952 env=0.00093 gate=0.00002 envDelta=0.00091 envFloor=0.00066 onset=0.853 thresh=0.006 onsetDelta=0.84746 baseline=0.00044 adaptive=0.00110 lastPeak=0.00007 guard=0.060 activeAge=-1.000 pitch=-1.00Hz pitchCents=0.0
2025-12-15 22:55:34 [tracker] [s6] onset t=63.045 env=0.00179 gate=0.00020 envDelta=0.00158 envFloor=0.00121 onset=1.004 thresh=0.018 onsetDelta=0.98628 baseline=0.00081 adaptive=0.00201 lastPeak=0.00000 guard=0.060 activeAge=-1.000 pitch=-1.00Hz pitchCents=0.0
2025-12-15 22:55:34 [tracker] [s2] onset t=63.120 env=0.00102 gate=0.00001 envDelta=0.00101 envFloor=0.00096 onset=0.996 thresh=0.009 onsetDelta=0.98688 baseline=0.00064 adaptive=0.00159 lastPeak=0.00024 guard=0.060 activeAge=0.877 pitch=-1.00Hz pitchCents=0.0
2025-12-15 22:55:34 [tracker] [s2] note-ended (new onset) t=63.120 fret=24 dur=0.877
2025-12-15 22:55:34 [tracker] [s3] onset t=63.144 env=0.00150 gate=0.00008 envDelta=0.00142 envFloor=0.00094 onset=0.782 thresh=0.012 onsetDelta=0.77073 baseline=0.00063 adaptive=0.00157 lastPeak=0.00000 guard=0.060 activeAge=-1.000 pitch=-1.00Hz pitchCents=0.0
2025-12-15 22:55:34 [tracker] [s2] onset t=63.221 env=0.00141 gate=0.00001 envDelta=0.00140 envFloor=0.00093 onset=1.071 thresh=0.009 onsetDelta=1.06165 baseline=0.00062 adaptive=0.00156 lastPeak=0.00020 guard=0.060 activeAge=-1.000 pitch=-1.00Hz pitchCents=0.0
2025-12-15 22:55:34 [tracker] [s1] aubio-raw t=63.2291 onset=0.997745 env=0.000670 peak=0.001519 gain=1.000
2025-12-15 22:55:34 [tracker] [s1] onset-accepted t=63.2291 env=0.000670 gate=0.000023 envDelta=0.000647 envFloor=0.000634 onset=0.997745 thresh=0.006000 onsetDelta=0.991745 baseline=0.000423 floor=0.000180 adapt=0.001057 lastPeak=0.000044 baseParam=0.000180 gateRatio=0.0550 envParam=0.000450 onsetScale=0.300 retriggerScale=1.400 guard=0.060 guardRemain=0.000 activeAge=-1.000 retrigRemain=0.000 pitchHz=-1.00 pitchCents=0.0
2025-12-15 22:55:34 [tracker] [s1] onset t=63.229 env=0.00067 gate=0.00002 envDelta=0.00065 envFloor=0.00063 onset=0.998 thresh=0.006 onsetDelta=0.99175 baseline=0.00042 adaptive=0.00106 lastPeak=0.00004 guard=0.060 activeAge=-1.000 pitch=-1.00Hz pitchCents=0.0
2025-12-15 22:55:34 [tracker] [s6] onset t=63.309 env=0.00210 gate=0.00022 envDelta=0.00188 envFloor=0.00131 onset=1.166 thresh=0.018 onsetDelta=1.14787 baseline=0.00087 adaptive=0.00218 lastPeak=0.00000 guard=0.060 activeAge=-1.000 pitch=-1.00Hz pitchCents=0.0
2025-12-15 22:55:34 [tracker] [s3] onset t=63.328 env=0.00140 gate=0.00008 envDelta=0.00132 envFloor=0.00098 onset=0.547 thresh=0.012 onsetDelta=0.53533 baseline=0.00065 adaptive=0.00163 lastPeak=0.00000 guard=0.060 activeAge=-1.000 pitch=-1.00Hz pitchCents=0.0
2025-12-15 22:55:35 [tracker] [s6] onset t=63.405 env=0.00196 gate=0.00020 envDelta=0.00176 envFloor=0.00121 onset=1.156 thresh=0.018 onsetDelta=1.13799 baseline=0.00081 adaptive=0.00202 lastPeak=0.00000 guard=0.060 activeAge=-1.000 pitch=-1.00Hz pitchCents=0.0
2025-12-15 22:55:35 [tracker] [s6] onset t=63.544 env=0.00174 gate=0.00020 envDelta=0.00154 envFloor=0.00117 onset=1.129 thresh=0.018 onsetDelta=1.11069 baseline=0.00078 adaptive=0.00195 lastPeak=0.00000 guard=0.060 activeAge=-1.000 pitch=-1.00Hz pitchCents=0.0
2025-12-15 22:55:35 [tracker] [s4] onset t=63.626 env=0.00136 gate=0.00011 envDelta=0.00124 envFloor=0.00101 onset=0.956 thresh=0.014 onsetDelta=0.94214 baseline=0.00067 adaptive=0.00168 lastPeak=0.00000 guard=0.060 activeAge=-1.000 pitch=-1.00Hz pitchCents=0.0
2025-12-15 22:55:35 [tracker] [s2] onset t=63.658 env=0.00157 gate=0.00001 envDelta=0.00156 envFloor=0.00103 onset=0.778 thresh=0.009 onsetDelta=0.76903 baseline=0.00069 adaptive=0.00171 lastPeak=0.00009 guard=0.060 activeAge=-1.000 pitch=-1.00Hz pitchCents=0.0
2025-12-15 22:55:35 [tracker] [s1] aubio-raw t=63.6931 onset=0.997041 env=0.000644 peak=0.001949 gain=1.000
2025-12-15 22:55:35 [tracker] [s1] onset-accepted t=63.6931 env=0.000644 gate=0.000022 envDelta=0.000622 envFloor=0.000594 onset=0.997041 thresh=0.006000 onsetDelta=0.991041 baseline=0.000396 floor=0.000180 adapt=0.000990 lastPeak=0.000019 baseParam=0.000180 gateRatio=0.0550 envParam=0.000450 onsetScale=0.300 retriggerScale=1.400 guard=0.060 guardRemain=0.000 activeAge=-1.000 retrigRemain=0.000 pitchHz=-1.00 pitchCents=0.0
2025-12-15 22:55:35 [tracker] [s1] onset t=63.693 env=0.00064 gate=0.00002 envDelta=0.00062 envFloor=0.00059 onset=0.997 thresh=0.006 onsetDelta=0.99104 baseline=0.00040 adaptive=0.00099 lastPeak=0.00002 guard=0.060 activeAge=-1.000 pitch=-1.00Hz pitchCents=0.0
2025-12-15 22:55:35 [tracker] [s2] onset t=63.736 env=0.00114 gate=0.00001 envDelta=0.00113 envFloor=0.00095 onset=1.460 thresh=0.009 onsetDelta=1.45059 baseline=0.00064 adaptive=0.00159 lastPeak=0.00008 guard=0.060 activeAge=-1.000 pitch=571.40Hz pitchCents=2852.4
2025-12-15 22:55:35 [tracker] [s1] aubio-raw t=63.7491 onset=0.907951 env=0.001258 peak=0.002611 gain=1.000
2025-12-15 22:55:35 [tracker] [s1] onset-accepted t=63.7491 env=0.001258 gate=0.000021 envDelta=0.001237 envFloor=0.000581 onset=0.907951 thresh=0.006000 onsetDelta=0.901951 baseline=0.000387 floor=0.000180 adapt=0.000968 lastPeak=0.000017 baseParam=0.000180 gateRatio=0.0550 envParam=0.000450 onsetScale=0.300 retriggerScale=1.400 guard=0.060 guardRemain=0.000 activeAge=-1.000 retrigRemain=0.000 pitchHz=-1.00 pitchCents=0.0
2025-12-15 22:55:35 [tracker] [s1] onset t=63.749 env=0.00126 gate=0.00002 envDelta=0.00124 envFloor=0.00058 onset=0.908 thresh=0.006 onsetDelta=0.90195 baseline=0.00039 adaptive=0.00097 lastPeak=0.00002 guard=0.060 activeAge=-1.000 pitch=-1.00Hz pitchCents=0.0
2025-12-15 22:55:35 [tracker] [s3] onset t=63.848 env=0.00131 gate=0.00007 envDelta=0.00124 envFloor=0.00084 onset=0.993 thresh=0.012 onsetDelta=0.98142 baseline=0.00056 adaptive=0.00140 lastPeak=0.00000 guard=0.060 activeAge=-1.000 pitch=-1.00Hz pitchCents=0.0
2025-12-15 22:55:35 [tracker] [s6] onset t=63.872 env=0.00184 gate=0.00019 envDelta=0.00164 envFloor=0.00117 onset=0.982 thresh=0.018 onsetDelta=0.96412 baseline=0.00078 adaptive=0.00194 lastPeak=0.00000 guard=0.060 activeAge=-1.000 pitch=-1.00Hz pitchCents=0.0
2025-12-15 22:55:35 [tracker] [s1] aubio-raw t=63.9197 onset=0.997488 env=0.000729 peak=0.001837 gain=1.000
2025-12-15 22:55:35 [tracker] [s1] onset-accepted t=63.9197 env=0.000729 gate=0.000021 envDelta=0.000708 envFloor=0.000574 onset=0.997488 thresh=0.006000 onsetDelta=0.991488 baseline=0.000383 floor=0.000180 adapt=0.000957 lastPeak=0.000012 baseParam=0.000180 gateRatio=0.0550 envParam=0.000450 onsetScale=0.300 retriggerScale=1.400 guard=0.060 guardRemain=0.000 activeAge=-1.000 retrigRemain=0.000 pitchHz=142.85 pitchCents=952.4
2025-12-15 22:55:35 [tracker] [s1] onset t=63.920 env=0.00073 gate=0.00002 envDelta=0.00071 envFloor=0.00057 onset=0.997 thresh=0.006 onsetDelta=0.99149 baseline=0.00038 adaptive=0.00096 lastPeak=0.00001 guard=0.060 activeAge=-1.000 pitch=142.85Hz pitchCents=952.4
2025-12-15 22:55:35 [tracker] [s4] onset t=63.992 env=0.00141 gate=0.00011 envDelta=0.00130 envFloor=0.00097 onset=0.985 thresh=0.014 onsetDelta=0.97144 baseline=0.00064 adaptive=0.00161 lastPeak=0.00000 guard=0.060 activeAge=-1.000 pitch=-1.00Hz pitchCents=0.0
2025-12-15 22:55:35 [tracker] [s6] onset t=64.008 env=0.00215 gate=0.00021 envDelta=0.00194 envFloor=0.00125 onset=0.994 thresh=0.018 onsetDelta=0.97626 baseline=0.00084 adaptive=0.00209 lastPeak=0.00000 guard=0.060 activeAge=-1.000 pitch=-1.00Hz pitchCents=0.0
2025-12-15 22:55:35 [tracker] [s2] onset t=64.040 env=0.00181 gate=0.00001 envDelta=0.00180 envFloor=0.00102 onset=0.987 thresh=0.009 onsetDelta=0.97825 baseline=0.00068 adaptive=0.00170 lastPeak=0.00004 guard=0.060 activeAge=-1.000 pitch=-1.00Hz pitchCents=0.0
2025-12-15 22:55:35 [tracker] [s6] onset t=64.096 env=0.00208 gate=0.00021 envDelta=0.00187 envFloor=0.00126 onset=1.001 thresh=0.018 onsetDelta=0.98314 baseline=0.00084 adaptive=0.00209 lastPeak=0.00000 guard=0.060 activeAge=-1.000 pitch=-1.00Hz pitchCents=0.0
2025-12-15 22:55:35 [tracker] [s1] aubio-raw t=64.1225 onset=0.956868 env=0.000973 peak=0.002455 gain=1.000
2025-12-15 22:55:35 [tracker] [s1] onset-accepted t=64.1225 env=0.000973 gate=0.000022 envDelta=0.000950 envFloor=0.000612 onset=0.956868 thresh=0.006000 onsetDelta=0.950868 baseline=0.000408 floor=0.000180 adapt=0.001020 lastPeak=0.000008 baseParam=0.000180 gateRatio=0.0550 envParam=0.000450 onsetScale=0.300 retriggerScale=1.400 guard=0.060 guardRemain=0.000 activeAge=-1.000 retrigRemain=0.000 pitchHz=727.43 pitchCents=3770.4
2025-12-15 22:55:35 [tracker] [s1] onset t=64.123 env=0.00097 gate=0.00002 envDelta=0.00095 envFloor=0.00061 onset=0.957 thresh=0.006 onsetDelta=0.95087 baseline=0.00041 adaptive=0.00102 lastPeak=0.00001 guard=0.060 activeAge=-1.000 pitch=727.43Hz pitchCents=3770.4
2025-12-15 22:55:35 [tracker] [s3] onset t=64.133 env=0.00167 gate=0.00008 envDelta=0.00159 envFloor=0.00096 onset=1.413 thresh=0.012 onsetDelta=1.40129 baseline=0.00064 adaptive=0.00160 lastPeak=0.00000 guard=0.060 activeAge=-1.000 pitch=-1.00Hz pitchCents=0.0
2025-12-15 22:55:35 [tracker] [s6] onset t=64.160 env=0.00186 gate=0.00020 envDelta=0.00166 envFloor=0.00120 onset=1.184 thresh=0.018 onsetDelta=1.16624 baseline=0.00080 adaptive=0.00200 lastPeak=0.00000 guard=0.060 activeAge=-1.000 pitch=-1.00Hz pitchCents=0.0
2025-12-15 22:55:35 [tracker] [s4] onset t=64.208 env=0.00143 gate=0.00011 envDelta=0.00132 envFloor=0.00097 onset=0.996 thresh=0.014 onsetDelta=0.98186 baseline=0.00064 adaptive=0.00161 lastPeak=0.00000 guard=0.060 activeAge=-1.000 pitch=-1.00Hz pitchCents=0.0
2025-12-15 22:55:35 [tracker] [s3] onset t=64.283 env=0.00180 gate=0.00008 envDelta=0.00172 envFloor=0.00094 onset=1.033 thresh=0.012 onsetDelta=1.02091 baseline=0.00063 adaptive=0.00157 lastPeak=0.00000 guard=0.060 activeAge=-1.000 pitch=-1.00Hz pitchCents=0.0
2025-12-15 22:55:35 [tracker] [s5] onset t=64.315 env=0.00169 gate=0.00015 envDelta=0.00154 envFloor=0.00105 onset=0.735 thresh=0.016 onsetDelta=0.71885 baseline=0.00070 adaptive=0.00175 lastPeak=0.00000 guard=0.060 activeAge=-1.000 pitch=-1.00Hz pitchCents=0.0
2025-12-15 22:55:35 [tracker] [s1] aubio-raw t=64.3255 onset=0.995033 env=0.001180 peak=0.002597 gain=1.000
2025-12-15 22:55:35 [tracker] [s1] onset-accepted t=64.3255 env=0.001180 gate=0.000023 envDelta=0.001157 envFloor=0.000616 onset=0.995033 thresh=0.006000 onsetDelta=0.989033 baseline=0.000411 floor=0.000180 adapt=0.001027 lastPeak=0.000006 baseParam=0.000180 gateRatio=0.0550 envParam=0.000450 onsetScale=0.300 retriggerScale=1.400 guard=0.060 guardRemain=0.000 activeAge=-1.000 retrigRemain=0.000 pitchHz=421.04 pitchCents=2823.8
2025-12-15 22:55:35 [tracker] [s1] onset t=64.325 env=0.00118 gate=0.00002 envDelta=0.00116 envFloor=0.00062 onset=0.995 thresh=0.006 onsetDelta=0.98903 baseline=0.00041 adaptive=0.00103 lastPeak=0.00001 guard=0.060 activeAge=-1.000 pitch=421.04Hz pitchCents=2823.8
2025-12-15 22:55:36 [tracker] [s2] onset t=64.382 env=0.00133 gate=0.00001 envDelta=0.00132 envFloor=0.00097 onset=1.122 thresh=0.009 onsetDelta=1.11265 baseline=0.00065 adaptive=0.00162 lastPeak=0.00002 guard=0.060 activeAge=-1.000 pitch=-1.00Hz pitchCents=0.0
2025-12-15 22:55:36 [tracker] [s5] onset t=64.382 env=0.00189 gate=0.00016 envDelta=0.00174 envFloor=0.00111 onset=0.995 thresh=0.016 onsetDelta=0.97940 baseline=0.00074 adaptive=0.00185 lastPeak=0.00000 guard=0.060 activeAge=-1.000 pitch=-1.00Hz pitchCents=0.0
2025-12-15 22:55:36 [tracker] [s4] onset t=64.438 env=0.00148 gate=0.00012 envDelta=0.00136 envFloor=0.00107 onset=1.050 thresh=0.014 onsetDelta=1.03564 baseline=0.00071 adaptive=0.00178 lastPeak=0.00000 guard=0.060 activeAge=-1.000 pitch=-1.00Hz pitchCents=0.0
2025-12-15 22:55:36 [tracker] [s6] onset t=64.451 env=0.00170 gate=0.00021 envDelta=0.00149 envFloor=0.00127 onset=1.322 thresh=0.018 onsetDelta=1.30414 baseline=0.00085 adaptive=0.00212 lastPeak=0.00000 guard=0.060 activeAge=-1.000 pitch=-1.00Hz pitchCents=0.0
2025-12-15 22:55:36 [tracker] [s3] onset t=64.478 env=0.00124 gate=0.00008 envDelta=0.00116 envFloor=0.00091 onset=0.997 thresh=0.012 onsetDelta=0.98514 baseline=0.00061 adaptive=0.00152 lastPeak=0.00000 guard=0.060 activeAge=-1.000 pitch=-1.00Hz pitchCents=0.0
2025-12-15 22:55:36 [tracker] [s6] onset t=64.504 env=0.00207 gate=0.00021 envDelta=0.00187 envFloor=0.00124 onset=1.004 thresh=0.018 onsetDelta=0.98645 baseline=0.00083 adaptive=0.00207 lastPeak=0.00000 guard=0.060 activeAge=-1.000 pitch=-1.00Hz pitchCents=0.0
2025-12-15 22:55:36 [tracker] [s4] onset t=64.641 env=0.00168 gate=0.00011 envDelta=0.00157 envFloor=0.00098 onset=0.543 thresh=0.014 onsetDelta=0.52904 baseline=0.00065 adaptive=0.00163 lastPeak=0.00000 guard=0.060 activeAge=-1.000 pitch=-1.00Hz pitchCents=0.0
2025-12-15 22:55:36 [tracker] [s5] onset t=64.782 env=0.00172 gate=0.00016 envDelta=0.00156 envFloor=0.00111 onset=0.941 thresh=0.016 onsetDelta=0.92484 baseline=0.00074 adaptive=0.00185 lastPeak=0.00000 guard=0.060 activeAge=-1.000 pitch=-1.00Hz pitchCents=0.0
2025-12-15 22:55:36 [tracker] [s4] onset t=64.908 env=0.00159 gate=0.00011 envDelta=0.00148 envFloor=0.00100 onset=0.996 thresh=0.014 onsetDelta=0.98173 baseline=0.00067 adaptive=0.00167 lastPeak=0.00000 guard=0.060 activeAge=-1.000 pitch=-1.00Hz pitchCents=0.0
2025-12-15 22:55:36 [tracker] [s5] onset t=64.988 env=0.00175 gate=0.00014 envDelta=0.00160 envFloor=0.00102 onset=0.763 thresh=0.016 onsetDelta=0.74713 baseline=0.00068 adaptive=0.00169 lastPeak=0.00000 guard=0.060 activeAge=-1.000 pitch=-1.00Hz pitchCents=0.0
2025-12-15 22:55:36 [tracker] [s6] onset t=65.054 env=0.00198 gate=0.00020 envDelta=0.00178 envFloor=0.00121 onset=1.217 thresh=0.018 onsetDelta=1.19910 baseline=0.00081 adaptive=0.00202 lastPeak=0.00000 guard=0.060 activeAge=-1.000 pitch=-1.00Hz pitchCents=0.0
2025-12-15 22:55:36 [tracker] [s6] onset t=65.119 env=0.00230 gate=0.00021 envDelta=0.00208 envFloor=0.00128 onset=1.002 thresh=0.018 onsetDelta=0.98441 baseline=0.00085 adaptive=0.00213 lastPeak=0.00000 guard=0.060 activeAge=-1.000 pitch=-1.00Hz pitchCents=0.0
2025-12-15 22:55:36 [tracker] [s4] onset t=65.279 env=0.00153 gate=0.00012 envDelta=0.00141 envFloor=0.00103 onset=0.998 thresh=0.014 onsetDelta=0.98424 baseline=0.00069 adaptive=0.00171 lastPeak=0.00000 guard=0.060 activeAge=-1.000 pitch=-1.00Hz pitchCents=0.0
2025-12-15 22:55:36 [tracker] [s5] onset t=65.287 env=0.00156 gate=0.00015 envDelta=0.00141 envFloor=0.00107 onset=0.997 thresh=0.016 onsetDelta=0.98092 baseline=0.00071 adaptive=0.00178 lastPeak=0.00000 guard=0.060 activeAge=-1.000 pitch=-1.00Hz pitchCents=0.0
2025-12-15 22:55:36 [tracker] [s1] aubio-raw t=65.3215 onset=0.995457 env=0.000825 peak=0.001819 gain=1.000
2025-12-15 22:55:36 [tracker] [s1] onset-accepted t=65.3215 env=0.000825 gate=0.000021 envDelta=0.000804 envFloor=0.000573 onset=0.995457 thresh=0.006000 onsetDelta=0.989457 baseline=0.000382 floor=0.000180 adapt=0.000955 lastPeak=0.000001 baseParam=0.000180 gateRatio=0.0550 envParam=0.000450 onsetScale=0.300 retriggerScale=1.400 guard=0.060 guardRemain=0.000 activeAge=-1.000 retrigRemain=0.000 pitchHz=444.38 pitchCents=2917.2
2025-12-15 22:55:36 [tracker] [s1] onset t=65.321 env=0.00082 gate=0.00002 envDelta=0.00080 envFloor=0.00057 onset=0.995 thresh=0.006 onsetDelta=0.98946 baseline=0.00038 adaptive=0.00095 lastPeak=0.00000 guard=0.060 activeAge=-1.000 pitch=444.38Hz pitchCents=2917.2
2025-12-15 22:55:37 [tracker] [s6] onset t=65.367 env=0.00191 gate=0.00020 envDelta=0.00171 envFloor=0.00120 onset=0.971 thresh=0.018 onsetDelta=0.95309 baseline=0.00080 adaptive=0.00201 lastPeak=0.00000 guard=0.060 activeAge=-1.000 pitch=-1.00Hz pitchCents=0.0
2025-12-15 22:55:37 [tracker] [s1] aubio-raw t=65.3856 onset=0.999694 env=0.000660 peak=0.002166 gain=1.000
2025-12-15 22:55:37 [tracker] [s1] onset-accepted t=65.3856 env=0.000660 gate=0.000021 envDelta=0.000639 envFloor=0.000569 onset=0.999694 thresh=0.006000 onsetDelta=0.993694 baseline=0.000379 floor=0.000180 adapt=0.000948 lastPeak=0.000001 baseParam=0.000180 gateRatio=0.0550 envParam=0.000450 onsetScale=0.300 retriggerScale=1.400 guard=0.060 guardRemain=0.000 activeAge=-1.000 retrigRemain=0.000 pitchHz=727.65 pitchCents=3770.9
2025-12-15 22:55:37 [tracker] [s1] onset t=65.386 env=0.00066 gate=0.00002 envDelta=0.00064 envFloor=0.00057 onset=1.000 thresh=0.006 onsetDelta=0.99369 baseline=0.00038 adaptive=0.00095 lastPeak=0.00000 guard=0.060 activeAge=-1.000 pitch=727.65Hz pitchCents=3770.9
2025-12-15 22:55:37 [tracker] [s6] onset t=65.506 env=0.00237 gate=0.00022 envDelta=0.00215 envFloor=0.00130 onset=0.931 thresh=0.018 onsetDelta=0.91262 baseline=0.00087 adaptive=0.00217 lastPeak=0.00000 guard=0.060 activeAge=-1.000 pitch=-1.00Hz pitchCents=0.0
2025-12-15 22:55:37 [tracker] [s3] onset t=65.508 env=0.00184 gate=0.00008 envDelta=0.00175 envFloor=0.00096 onset=1.104 thresh=0.012 onsetDelta=1.09251 baseline=0.00064 adaptive=0.00161 lastPeak=0.00000 guard=0.060 activeAge=-1.000 pitch=-1.00Hz pitchCents=0.0
2025-12-15 22:55:37 [tracker] [s5] onset t=65.661 env=0.00165 gate=0.00015 envDelta=0.00150 envFloor=0.00105 onset=1.183 thresh=0.016 onsetDelta=1.16743 baseline=0.00070 adaptive=0.00175 lastPeak=0.00000 guard=0.060 activeAge=-1.000 pitch=-1.00Hz pitchCents=0.0
2025-12-15 22:55:37 [tracker] [s2] onset t=65.682 env=0.00125 gate=0.00001 envDelta=0.00124 envFloor=0.00096 onset=0.585 thresh=0.009 onsetDelta=0.57610 baseline=0.00064 adaptive=0.00159 lastPeak=0.00000 guard=0.060 activeAge=-1.000 pitch=95.23Hz pitchCents=-249.6
2025-12-15 22:55:37 [tracker] [s4] onset t=65.703 env=0.00127 gate=0.00010 envDelta=0.00117 envFloor=0.00091 onset=0.994 thresh=0.014 onsetDelta=0.98017 baseline=0.00061 adaptive=0.00152 lastPeak=0.00000 guard=0.060 activeAge=-1.000 pitch=-1.00Hz pitchCents=0.0
2025-12-15 22:55:37 [tracker] [s5] onset t=65.773 env=0.00194 gate=0.00015 envDelta=0.00179 envFloor=0.00108 onset=0.758 thresh=0.016 onsetDelta=0.74190 baseline=0.00072 adaptive=0.00179 lastPeak=0.00000 guard=0.060 activeAge=-1.000 pitch=-1.00Hz pitchCents=0.0
2025-12-15 22:55:37 [tracker] [s4] onset t=65.797 env=0.00125 gate=0.00010 envDelta=0.00114 envFloor=0.00092 onset=0.991 thresh=0.014 onsetDelta=0.97711 baseline=0.00061 adaptive=0.00153 lastPeak=0.00000 guard=0.060 activeAge=-1.000 pitch=-1.00Hz pitchCents=0.0
2025-12-15 22:55:37 [tracker] [s3] onset t=65.965 env=0.00159 gate=0.00008 envDelta=0.00151 envFloor=0.00098 onset=0.937 thresh=0.012 onsetDelta=0.92499 baseline=0.00065 adaptive=0.00163 lastPeak=0.00000 guard=0.060 activeAge=-1.000 pitch=-1.00Hz pitchCents=0.0
2025-12-15 22:55:37 [tracker] [s2] onset t=66.024 env=0.00168 gate=0.00001 envDelta=0.00167 envFloor=0.00098 onset=0.882 thresh=0.009 onsetDelta=0.87333 baseline=0.00065 adaptive=0.00164 lastPeak=0.00000 guard=0.060 activeAge=-1.000 pitch=-1.00Hz pitchCents=0.0
2025-12-15 22:55:37 [tracker] [s5] onset t=66.099 env=0.00132 gate=0.00014 envDelta=0.00118 envFloor=0.00100 onset=1.051 thresh=0.016 onsetDelta=1.03508 baseline=0.00067 adaptive=0.00167 lastPeak=0.00000 guard=0.060 activeAge=-1.000 pitch=-1.00Hz pitchCents=0.0
2025-12-15 22:55:37 [tracker] [s3] onset t=66.173 env=0.00123 gate=0.00008 envDelta=0.00115 envFloor=0.00093 onset=1.058 thresh=0.012 onsetDelta=1.04673 baseline=0.00062 adaptive=0.00154 lastPeak=0.00000 guard=0.060 activeAge=-1.000 pitch=-1.00Hz pitchCents=0.0
2025-12-15 22:55:37 [tracker] [s6] onset t=66.269 env=0.00202 gate=0.00022 envDelta=0.00181 envFloor=0.00130 onset=1.057 thresh=0.018 onsetDelta=1.03945 baseline=0.00087 adaptive=0.00216 lastPeak=0.00000 guard=0.060 activeAge=-1.000 pitch=-1.00Hz pitchCents=0.0
2025-12-15 22:55:38 [tracker] [s1] aubio-raw t=66.3896 onset=0.998244 env=0.000585 peak=0.001546 gain=1.000
2025-12-15 22:55:38 [tracker] [s1] onset-below-env-floor t=66.3896 env=0.000585 gate=0.000023 envDelta=0.000562 envFloor=0.000631 onset=0.998244 thresh=0.006000 onsetDelta=0.992244 baseline=0.000420 floor=0.000180 adapt=0.001051 lastPeak=0.000000 baseParam=0.000180 gateRatio=0.0550 envParam=0.000450 onsetScale=0.300 retriggerScale=1.400 guard=0.060 guardRemain=0.000 activeAge=-1.000 retrigRemain=0.000 pitchHz=94.12 pitchCents=230.0
2025-12-15 22:55:38 [tracker] [s6] onset t=66.544 env=0.00177 gate=0.00019 envDelta=0.00158 envFloor=0.00114 onset=0.997 thresh=0.018 onsetDelta=0.97870 baseline=0.00076 adaptive=0.00190 lastPeak=0.00000 guard=0.060 activeAge=-1.000 pitch=-1.00Hz pitchCents=0.0
2025-12-15 22:55:38 [tracker] [s2] onset t=66.558 env=0.00119 gate=0.00001 envDelta=0.00119 envFloor=0.00093 onset=1.046 thresh=0.009 onsetDelta=1.03689 baseline=0.00062 adaptive=0.00154 lastPeak=0.00000 guard=0.060 activeAge=-1.000 pitch=-1.00Hz pitchCents=0.0
2025-12-15 22:55:38 [tracker] [s5] onset t=66.571 env=0.00176 gate=0.00014 envDelta=0.00161 envFloor=0.00103 onset=0.996 thresh=0.016 onsetDelta=0.98024 baseline=0.00069 adaptive=0.00172 lastPeak=0.00000 guard=0.060 activeAge=-1.000 pitch=-1.00Hz pitchCents=0.0
2025-12-15 22:55:38 [tracker] [s3] onset t=66.579 env=0.00168 gate=0.00008 envDelta=0.00160 envFloor=0.00092 onset=1.001 thresh=0.012 onsetDelta=0.98942 baseline=0.00061 adaptive=0.00153 lastPeak=0.00000 guard=0.060 activeAge=-1.000 pitch=-1.00Hz pitchCents=0.0
2025-12-15 22:55:38 [tracker] [s1] aubio-raw t=66.6860 onset=0.998151 env=0.000909 peak=0.002055 gain=1.000
2025-12-15 22:55:38 [tracker] [s1] onset-accepted t=66.6860 env=0.000909 gate=0.000022 envDelta=0.000887 envFloor=0.000598 onset=0.998151 thresh=0.006000 onsetDelta=0.992151 baseline=0.000399 floor=0.000180 adapt=0.000997 lastPeak=0.000000 baseParam=0.000180 gateRatio=0.0550 envParam=0.000450 onsetScale=0.300 retriggerScale=1.400 guard=0.060 guardRemain=0.000 activeAge=-1.000 retrigRemain=0.000 pitchHz=-1.00 pitchCents=0.0
2025-12-15 22:55:38 [tracker] [s1] onset t=66.686 env=0.00091 gate=0.00002 envDelta=0.00089 envFloor=0.00060 onset=0.998 thresh=0.006 onsetDelta=0.99215 baseline=0.00040 adaptive=0.00100 lastPeak=0.00000 guard=0.060 activeAge=-1.000 pitch=-1.00Hz pitchCents=0.0
2025-12-15 22:55:38 [tracker] [s4] onset t=66.729 env=0.00173 gate=0.00011 envDelta=0.00162 envFloor=0.00099 onset=0.907 thresh=0.014 onsetDelta=0.89258 baseline=0.00066 adaptive=0.00165 lastPeak=0.00000 guard=0.060 activeAge=-1.000 pitch=-1.00Hz pitchCents=0.0
2025-12-15 22:55:38 [tracker] [s2] onset t=66.779 env=0.00137 gate=0.00001 envDelta=0.00136 envFloor=0.00097 onset=1.271 thresh=0.009 onsetDelta=1.26151 baseline=0.00065 adaptive=0.00162 lastPeak=0.00000 guard=0.060 activeAge=-1.000 pitch=-1.00Hz pitchCents=0.0
2025-12-15 22:55:38 [tracker] [s5] onset t=66.822 env=0.00145 gate=0.00014 envDelta=0.00131 envFloor=0.00103 onset=1.106 thresh=0.016 onsetDelta=1.09037 baseline=0.00069 adaptive=0.00172 lastPeak=0.00000 guard=0.060 activeAge=-1.000 pitch=-1.00Hz pitchCents=0.0
2025-12-15 22:55:38 [tracker] [s6] onset t=66.822 env=0.00167 gate=0.00020 envDelta=0.00148 envFloor=0.00118 onset=1.215 thresh=0.018 onsetDelta=1.19654 baseline=0.00079 adaptive=0.00197 lastPeak=0.00000 guard=0.060 activeAge=-1.000 pitch=-1.00Hz pitchCents=0.0
2025-12-15 22:55:38 [tracker] [s1] aubio-raw t=66.8516 onset=0.993001 env=0.000393 peak=0.001154 gain=1.000
2025-12-15 22:55:38 [tracker] [s1] onset-below-env-floor t=66.8516 env=0.000393 gate=0.000022 envDelta=0.000371 envFloor=0.000610 onset=0.993001 thresh=0.006000 onsetDelta=0.987001 baseline=0.000407 floor=0.000180 adapt=0.001016 lastPeak=0.000000 baseParam=0.000180 gateRatio=0.0550 envParam=0.000450 onsetScale=0.300 retriggerScale=1.400 guard=0.060 guardRemain=0.000 activeAge=-1.000 retrigRemain=0.000 pitchHz=102.57 pitchCents=378.9
2025-12-15 22:55:38 [tracker] [s1] aubio-raw t=66.9210 onset=0.999629 env=0.001120 peak=0.002840 gain=1.000
2025-12-15 22:55:38 [tracker] [s1] onset-accepted t=66.9210 env=0.001120 gate=0.000023 envDelta=0.001097 envFloor=0.000627 onset=0.999629 thresh=0.006000 onsetDelta=0.993629 baseline=0.000418 floor=0.000180 adapt=0.001044 lastPeak=0.000000 baseParam=0.000180 gateRatio=0.0550 envParam=0.000450 onsetScale=0.300 retriggerScale=1.400 guard=0.060 guardRemain=0.000 activeAge=-1.000 retrigRemain=0.000 pitchHz=-1.00 pitchCents=0.0
2025-12-15 22:55:38 [tracker] [s1] onset t=66.921 env=0.00112 gate=0.00002 envDelta=0.00110 envFloor=0.00063 onset=1.000 thresh=0.006 onsetDelta=0.99363 baseline=0.00042 adaptive=0.00104 lastPeak=0.00000 guard=0.060 activeAge=-1.000 pitch=-1.00Hz pitchCents=0.0
2025-12-15 22:55:38 [tracker] [s5] onset t=66.964 env=0.00147 gate=0.00015 envDelta=0.00132 envFloor=0.00106 onset=0.936 thresh=0.016 onsetDelta=0.92001 baseline=0.00070 adaptive=0.00176 lastPeak=0.00000 guard=0.060 activeAge=-1.000 pitch=-1.00Hz pitchCents=0.0
2025-12-15 22:55:38 [tracker] [s6] onset t=67.049 env=0.00185 gate=0.00022 envDelta=0.00164 envFloor=0.00130 onset=0.996 thresh=0.018 onsetDelta=0.97760 baseline=0.00087 adaptive=0.00216 lastPeak=0.00000 guard=0.060 activeAge=-1.000 pitch=-1.00Hz pitchCents=0.0
2025-12-15 22:55:38 [tracker] [s4] onset t=67.071 env=0.00155 gate=0.00011 envDelta=0.00143 envFloor=0.00100 onset=1.083 thresh=0.014 onsetDelta=1.06904 baseline=0.00067 adaptive=0.00167 lastPeak=0.00000 guard=0.060 activeAge=-1.000 pitch=-1.00Hz pitchCents=0.0
2025-12-15 22:55:38 [tracker] [s5] onset t=67.073 env=0.00156 gate=0.00015 envDelta=0.00141 envFloor=0.00108 onset=1.205 thresh=0.016 onsetDelta=1.18865 baseline=0.00072 adaptive=0.00180 lastPeak=0.00000 guard=0.060 activeAge=-1.000 pitch=-1.00Hz pitchCents=0.0
2025-12-15 22:55:38 [tracker] [s1] aubio-raw t=67.2895 onset=0.998558 env=0.000888 peak=0.002206 gain=1.000
2025-12-15 22:55:38 [tracker] [s1] onset-accepted t=67.2895 env=0.000888 gate=0.000021 envDelta=0.000866 envFloor=0.000580 onset=0.998558 thresh=0.006000 onsetDelta=0.992558 baseline=0.000387 floor=0.000180 adapt=0.000967 lastPeak=0.000000 baseParam=0.000180 gateRatio=0.0550 envParam=0.000450 onsetScale=0.300 retriggerScale=1.400 guard=0.060 guardRemain=0.000 activeAge=-1.000 retrigRemain=0.000 pitchHz=320.06 pitchCents=2349.0
2025-12-15 22:55:38 [tracker] [s1] onset t=67.289 env=0.00089 gate=0.00002 envDelta=0.00087 envFloor=0.00058 onset=0.999 thresh=0.006 onsetDelta=0.99256 baseline=0.00039 adaptive=0.00097 lastPeak=0.00000 guard=0.060 activeAge=-1.000 pitch=320.06Hz pitchCents=2349.0
2025-12-15 22:55:38 [tracker] [s3] onset t=67.298 env=0.00094 gate=0.00007 envDelta=0.00086 envFloor=0.00086 onset=1.082 thresh=0.012 onsetDelta=1.07037 baseline=0.00057 adaptive=0.00144 lastPeak=0.00000 guard=0.060 activeAge=-1.000 pitch=-1.00Hz pitchCents=0.0
2025-12-15 22:55:39 [tracker] [s6] onset t=67.386 env=0.00219 gate=0.00020 envDelta=0.00198 envFloor=0.00122 onset=0.996 thresh=0.018 onsetDelta=0.97794 baseline=0.00081 adaptive=0.00203 lastPeak=0.00000 guard=0.060 activeAge=-1.000 pitch=-1.00Hz pitchCents=0.0
2025-12-15 22:55:39 [tracker] [s1] aubio-raw t=67.4123 onset=1.391187 env=0.001094 peak=0.002704 gain=1.000
2025-12-15 22:55:39 [tracker] [s1] onset-accepted t=67.4123 env=0.001094 gate=0.000022 envDelta=0.001072 envFloor=0.000613 onset=1.391187 thresh=0.006000 onsetDelta=1.385187 baseline=0.000409 floor=0.000180 adapt=0.001022 lastPeak=0.000000 baseParam=0.000180 gateRatio=0.0550 envParam=0.000450 onsetScale=0.300 retriggerScale=1.400 guard=0.060 guardRemain=0.000 activeAge=-1.000 retrigRemain=0.000 pitchHz=499.98 pitchCents=3121.2
2025-12-15 22:55:39 [tracker] [s1] onset t=67.412 env=0.00109 gate=0.00002 envDelta=0.00107 envFloor=0.00061 onset=1.391 thresh=0.006 onsetDelta=1.38519 baseline=0.00041 adaptive=0.00102 lastPeak=0.00000 guard=0.060 activeAge=-1.000 pitch=499.98Hz pitchCents=3121.2
2025-12-15 22:55:39 [tracker] [s3] onset t=67.415 env=0.00114 gate=0.00008 envDelta=0.00106 envFloor=0.00093 onset=0.999 thresh=0.012 onsetDelta=0.98788 baseline=0.00062 adaptive=0.00155 lastPeak=0.00000 guard=0.060 activeAge=-1.000 pitch=-1.00Hz pitchCents=0.0
2025-12-15 22:55:39 [tracker] [s4] onset t=67.444 env=0.00156 gate=0.00012 envDelta=0.00144 envFloor=0.00106 onset=0.562 thresh=0.014 onsetDelta=0.54837 baseline=0.00070 adaptive=0.00176 lastPeak=0.00000 guard=0.060 activeAge=-1.000 pitch=-1.00Hz pitchCents=0.0
2025-12-15 22:55:39 [tracker] [s2] onset t=67.466 env=0.00110 gate=0.00001 envDelta=0.00110 envFloor=0.00102 onset=0.999 thresh=0.009 onsetDelta=0.99025 baseline=0.00068 adaptive=0.00170 lastPeak=0.00000 guard=0.060 activeAge=-1.000 pitch=-1.00Hz pitchCents=0.0
2025-12-15 22:55:39 [tracker] [s1] aubio-raw t=67.4791 onset=1.173057 env=0.000976 peak=0.002616 gain=1.000
2025-12-15 22:55:39 [tracker] [s1] onset-accepted t=67.4791 env=0.000976 gate=0.000025 envDelta=0.000951 envFloor=0.000684 onset=1.173057 thresh=0.006000 onsetDelta=1.167057 baseline=0.000456 floor=0.000180 adapt=0.001141 lastPeak=0.000000 baseParam=0.000180 gateRatio=0.0550 envParam=0.000450 onsetScale=0.300 retriggerScale=1.400 guard=0.060 guardRemain=0.000 activeAge=-1.000 retrigRemain=0.000 pitchHz=-1.00 pitchCents=0.0
2025-12-15 22:55:39 [tracker] [s1] onset t=67.479 env=0.00098 gate=0.00003 envDelta=0.00095 envFloor=0.00068 onset=1.173 thresh=0.006 onsetDelta=1.16706 baseline=0.00046 adaptive=0.00114 lastPeak=0.00000 guard=0.060 activeAge=-1.000 pitch=-1.00Hz pitchCents=0.0
2025-12-15 22:55:39 [tracker] [s3] onset t=67.508 env=0.00160 gate=0.00008 envDelta=0.00151 envFloor=0.00094 onset=1.290 thresh=0.012 onsetDelta=1.27888 baseline=0.00063 adaptive=0.00157 lastPeak=0.00000 guard=0.060 activeAge=-1.000 pitch=-1.00Hz pitchCents=0.0
2025-12-15 22:55:39 [tracker] [s1] aubio-raw t=67.6900 onset=0.988485 env=0.001008 peak=0.001972 gain=1.000
2025-12-15 22:55:39 [tracker] [s1] onset-accepted t=67.6900 env=0.001008 gate=0.000022 envDelta=0.000986 envFloor=0.000590 onset=0.988485 thresh=0.006000 onsetDelta=0.982485 baseline=0.000393 floor=0.000180 adapt=0.000983 lastPeak=0.000000 baseParam=0.000180 gateRatio=0.0550 envParam=0.000450 onsetScale=0.300 retriggerScale=1.400 guard=0.060 guardRemain=0.000 activeAge=-1.000 retrigRemain=0.000 pitchHz=-1.00 pitchCents=0.0
2025-12-15 22:55:39 [tracker] [s1] onset t=67.690 env=0.00101 gate=0.00002 envDelta=0.00099 envFloor=0.00059 onset=0.988 thresh=0.006 onsetDelta=0.98249 baseline=0.00039 adaptive=0.00098 lastPeak=0.00000 guard=0.060 activeAge=-1.000 pitch=-1.00Hz pitchCents=0.0
2025-12-15 22:55:39 [tracker] [s2] onset t=67.709 env=0.00134 gate=0.00001 envDelta=0.00133 envFloor=0.00105 onset=0.999 thresh=0.009 onsetDelta=0.98988 baseline=0.00070 adaptive=0.00176 lastPeak=0.00000 guard=0.060 activeAge=-1.000 pitch=-1.00Hz pitchCents=0.0
2025-12-15 22:55:39 [tracker] [s2] onset t=67.775 env=0.00133 gate=0.00001 envDelta=0.00132 envFloor=0.00102 onset=1.005 thresh=0.009 onsetDelta=0.99562 baseline=0.00068 adaptive=0.00170 lastPeak=0.00000 guard=0.060 activeAge=-1.000 pitch=-1.00Hz pitchCents=0.0
2025-12-15 22:55:39 [tracker] [s1] aubio-raw t=67.8022 onset=0.573432 env=0.000821 peak=0.002248 gain=1.000
2025-12-15 22:55:39 [tracker] [s1] onset-accepted t=67.8022 env=0.000821 gate=0.000023 envDelta=0.000798 envFloor=0.000637 onset=0.573432 thresh=0.006000 onsetDelta=0.567432 baseline=0.000425 floor=0.000180 adapt=0.001061 lastPeak=0.000000 baseParam=0.000180 gateRatio=0.0550 envParam=0.000450 onsetScale=0.300 retriggerScale=1.400 guard=0.060 guardRemain=0.000 activeAge=-1.000 retrigRemain=0.000 pitchHz=-1.00 pitchCents=0.0
2025-12-15 22:55:39 [tracker] [s5] onset t=67.906 env=0.00139 gate=0.00015 envDelta=0.00123 envFloor=0.00110 onset=1.280 thresh=0.016 onsetDelta=1.26387 baseline=0.00073 adaptive=0.00183 lastPeak=0.00000 guard=0.060 activeAge=-1.000 pitch=-1.00Hz pitchCents=0.0
2025-12-15 22:55:39 [tracker] [s4] onset t=67.930 env=0.00131 gate=0.00012 envDelta=0.00120 envFloor=0.00103 onset=1.001 thresh=0.014 onsetDelta=0.98702 baseline=0.00069 adaptive=0.00172 lastPeak=0.00000 guard=0.060 activeAge=-1.000 pitch=-1.00Hz pitchCents=0.0
2025-12-15 22:55:39 [tracker] [s3] onset t=67.944 env=0.00144 gate=0.00008 envDelta=0.00136 envFloor=0.00092 onset=0.543 thresh=0.012 onsetDelta=0.53128 baseline=0.00061 adaptive=0.00153 lastPeak=0.00000 guard=0.060 activeAge=-1.000 pitch=-1.00Hz pitchCents=0.0
2025-12-15 22:55:39 [tracker] [s4] onset t=68.077 env=0.00172 gate=0.00011 envDelta=0.00161 envFloor=0.00097 onset=0.989 thresh=0.014 onsetDelta=0.97508 baseline=0.00065 adaptive=0.00161 lastPeak=0.00000 guard=0.060 activeAge=-1.000 pitch=-1.00Hz pitchCents=0.0
2025-12-15 22:55:39 [tracker] [s5] onset t=68.077 env=0.00139 gate=0.00015 envDelta=0.00124 envFloor=0.00108 onset=0.994 thresh=0.016 onsetDelta=0.97838 baseline=0.00072 adaptive=0.00181 lastPeak=0.00000 guard=0.060 activeAge=-1.000 pitch=-1.00Hz pitchCents=0.0
2025-12-15 22:55:39 [tracker] [s1] aubio-raw t=68.1253 onset=1.251757 env=0.000903 peak=0.002008 gain=1.000
2025-12-15 22:55:39 [tracker] [s1] onset-accepted t=68.1253 env=0.000903 gate=0.000022 envDelta=0.000880 envFloor=0.000603 onset=1.251757 thresh=0.006000 onsetDelta=1.245757 baseline=0.000402 floor=0.000180 adapt=0.001005 lastPeak=0.000000 baseParam=0.000180 gateRatio=0.0550 envParam=0.000450 onsetScale=0.300 retriggerScale=1.400 guard=0.060 guardRemain=0.000 activeAge=-1.000 retrigRemain=0.000 pitchHz=-1.00 pitchCents=0.0
2025-12-15 22:55:39 [tracker] [s1] onset t=68.125 env=0.00090 gate=0.00002 envDelta=0.00088 envFloor=0.00060 onset=1.252 thresh=0.006 onsetDelta=1.24576 baseline=0.00040 adaptive=0.00100 lastPeak=0.00000 guard=0.060 activeAge=-1.000 pitch=-1.00Hz pitchCents=0.0
2025-12-15 22:55:39 [tracker] [s2] onset t=68.139 env=0.00153 gate=0.00001 envDelta=0.00152 envFloor=0.00097 onset=1.181 thresh=0.009 onsetDelta=1.17224 baseline=0.00065 adaptive=0.00161 lastPeak=0.00000 guard=0.060 activeAge=-1.000 pitch=-1.00Hz pitchCents=0.0
2025-12-15 22:55:39 [tracker] [s3] onset t=68.237 env=0.00151 gate=0.00008 envDelta=0.00143 envFloor=0.00092 onset=1.172 thresh=0.012 onsetDelta=1.16013 baseline=0.00062 adaptive=0.00154 lastPeak=0.00000 guard=0.060 activeAge=-1.000 pitch=-1.00Hz pitchCents=0.0
2025-12-15 22:55:39 [tracker] [s1] aubio-raw t=68.2455 onset=1.094175 env=0.001033 peak=0.002472 gain=1.000
2025-12-15 22:55:39 [tracker] [s1] onset-accepted t=68.2455 env=0.001033 gate=0.000023 envDelta=0.001011 envFloor=0.000614 onset=1.094175 thresh=0.006000 onsetDelta=1.088174 baseline=0.000410 floor=0.000180 adapt=0.001024 lastPeak=0.000000 baseParam=0.000180 gateRatio=0.0550 envParam=0.000450 onsetScale=0.300 retriggerScale=1.400 guard=0.060 guardRemain=0.000 activeAge=-1.000 retrigRemain=0.000 pitchHz=-1.00 pitchCents=0.0
2025-12-15 22:55:39 [tracker] [s1] onset t=68.245 env=0.00103 gate=0.00002 envDelta=0.00101 envFloor=0.00061 onset=1.094 thresh=0.006 onsetDelta=1.08817 baseline=0.00041 adaptive=0.00102 lastPeak=0.00000 guard=0.060 activeAge=-1.000 pitch=-1.00Hz pitchCents=0.0
2025-12-15 22:55:40 [tracker] [s3] onset t=68.360 env=0.00126 gate=0.00008 envDelta=0.00117 envFloor=0.00094 onset=0.983 thresh=0.012 onsetDelta=0.97120 baseline=0.00062 adaptive=0.00156 lastPeak=0.00000 guard=0.060 activeAge=-1.000 pitch=-1.00Hz pitchCents=0.0
2025-12-15 22:55:40 [tracker] [s4] onset t=68.390 env=0.00137 gate=0.00011 envDelta=0.00126 envFloor=0.00097 onset=0.997 thresh=0.014 onsetDelta=0.98269 baseline=0.00065 adaptive=0.00162 lastPeak=0.00000 guard=0.060 activeAge=-1.000 pitch=-1.00Hz pitchCents=0.0
2025-12-15 22:55:40 [tracker] [s5] onset t=68.411 env=0.00165 gate=0.00014 envDelta=0.00151 envFloor=0.00100 onset=0.999 thresh=0.016 onsetDelta=0.98271 baseline=0.00066 adaptive=0.00166 lastPeak=0.00000 guard=0.060 activeAge=-1.000 pitch=-1.00Hz pitchCents=0.0
2025-12-15 22:55:40 [tracker] [s3] onset t=68.416 env=0.00108 gate=0.00008 envDelta=0.00101 envFloor=0.00088 onset=0.995 thresh=0.012 onsetDelta=0.98317 baseline=0.00059 adaptive=0.00147 lastPeak=0.00000 guard=0.060 activeAge=-1.000 pitch=-1.00Hz pitchCents=0.0
2025-12-15 22:55:40 [tracker] [s2] onset t=68.526 env=0.00114 gate=0.00001 envDelta=0.00113 envFloor=0.00096 onset=1.050 thresh=0.009 onsetDelta=1.04120 baseline=0.00064 adaptive=0.00160 lastPeak=0.00000 guard=0.060 activeAge=-1.000 pitch=615.25Hz pitchCents=2980.4
2025-12-15 22:55:40 [tracker] [s1] aubio-raw t=68.6353 onset=1.363339 env=0.000584 peak=0.001516 gain=1.000
2025-12-15 22:55:40 [tracker] [s1] onset-accepted t=68.6353 env=0.000584 gate=0.000021 envDelta=0.000563 envFloor=0.000580 onset=1.363339 thresh=0.006000 onsetDelta=1.357339 baseline=0.000387 floor=0.000180 adapt=0.000966 lastPeak=0.000000 baseParam=0.000180 gateRatio=0.0550 envParam=0.000450 onsetScale=0.300 retriggerScale=1.400 guard=0.060 guardRemain=0.000 activeAge=-1.000 retrigRemain=0.000 pitchHz=-1.00 pitchCents=0.0
2025-12-15 22:55:40 [tracker] [s1] onset t=68.635 env=0.00058 gate=0.00002 envDelta=0.00056 envFloor=0.00058 onset=1.363 thresh=0.006 onsetDelta=1.35734 baseline=0.00039 adaptive=0.00097 lastPeak=0.00000 guard=0.060 activeAge=-1.000 pitch=-1.00Hz pitchCents=0.0
2025-12-15 22:55:40 [tracker] [s3] onset t=68.697 env=0.00144 gate=0.00008 envDelta=0.00136 envFloor=0.00090 onset=0.895 thresh=0.012 onsetDelta=0.88372 baseline=0.00060 adaptive=0.00150 lastPeak=0.00000 guard=0.060 activeAge=-1.000 pitch=-1.00Hz pitchCents=0.0
2025-12-15 22:55:40 [tracker] [s5] onset t=68.742 env=0.00153 gate=0.00014 envDelta=0.00139 envFloor=0.00102 onset=0.936 thresh=0.016 onsetDelta=0.92008 baseline=0.00068 adaptive=0.00170 lastPeak=0.00000 guard=0.060 activeAge=-1.000 pitch=-1.00Hz pitchCents=0.0
2025-12-15 22:55:40 [tracker] [s1] aubio-raw t=68.7475 onset=1.357896 env=0.001546 peak=0.002616 gain=1.000
2025-12-15 22:55:40 [tracker] [s1] onset-accepted t=68.7475 env=0.001546 gate=0.000024 envDelta=0.001522 envFloor=0.000655 onset=1.357896 thresh=0.006000 onsetDelta=1.351896 baseline=0.000437 floor=0.000180 adapt=0.001092 lastPeak=0.000000 baseParam=0.000180 gateRatio=0.0550 envParam=0.000450 onsetScale=0.300 retriggerScale=1.400 guard=0.060 guardRemain=0.000 activeAge=-1.000 retrigRemain=0.000 pitchHz=258.06 pitchCents=1976.2
2025-12-15 22:55:40 [tracker] [s5] onset t=68.878 env=0.00201 gate=0.00015 envDelta=0.00185 envFloor=0.00111 onset=0.997 thresh=0.016 onsetDelta=0.98052 baseline=0.00074 adaptive=0.00184 lastPeak=0.00000 guard=0.060 activeAge=-1.000 pitch=-1.00Hz pitchCents=0.0
2025-12-15 22:55:40 [tracker] [s1] aubio-raw t=68.8997 onset=1.000943 env=0.000874 peak=0.002143 gain=1.000
2025-12-15 22:55:40 [tracker] [s1] onset-accepted t=68.8997 env=0.000874 gate=0.000023 envDelta=0.000851 envFloor=0.000638 onset=1.000943 thresh=0.006000 onsetDelta=0.994943 baseline=0.000425 floor=0.000180 adapt=0.001063 lastPeak=0.000000 baseParam=0.000180 gateRatio=0.0550 envParam=0.000450 onsetScale=0.300 retriggerScale=1.400 guard=0.060 guardRemain=0.000 activeAge=-1.000 retrigRemain=0.000 pitchHz=216.21 pitchCents=1669.9
2025-12-15 22:55:40 [tracker] [s1] onset t=68.900 env=0.00087 gate=0.00002 envDelta=0.00085 envFloor=0.00064 onset=1.001 thresh=0.006 onsetDelta=0.99494 baseline=0.00043 adaptive=0.00106 lastPeak=0.00000 guard=0.060 activeAge=-1.000 pitch=216.21Hz pitchCents=1669.9
2025-12-15 22:55:40 [tracker] [s6] onset t=68.926 env=0.00211 gate=0.00022 envDelta=0.00189 envFloor=0.00132 onset=1.303 thresh=0.018 onsetDelta=1.28476 baseline=0.00088 adaptive=0.00221 lastPeak=0.00000 guard=0.060 activeAge=-1.000 pitch=-1.00Hz pitchCents=0.0
2025-12-15 22:55:40 [tracker] [s1] aubio-raw t=69.1667 onset=0.861153 env=0.000992 peak=0.001892 gain=1.000
2025-12-15 22:55:40 [tracker] [s1] onset-accepted t=69.1667 env=0.000992 gate=0.000021 envDelta=0.000971 envFloor=0.000583 onset=0.861153 thresh=0.006000 onsetDelta=0.855153 baseline=0.000389 floor=0.000180 adapt=0.000971 lastPeak=0.000000 baseParam=0.000180 gateRatio=0.0550 envParam=0.000450 onsetScale=0.300 retriggerScale=1.400 guard=0.060 guardRemain=0.000 activeAge=-1.000 retrigRemain=0.000 pitchHz=444.47 pitchCents=2917.5
2025-12-15 22:55:40 [tracker] [s1] onset t=69.167 env=0.00099 gate=0.00002 envDelta=0.00097 envFloor=0.00058 onset=0.861 thresh=0.006 onsetDelta=0.85515 baseline=0.00039 adaptive=0.00097 lastPeak=0.00000 guard=0.060 activeAge=-1.000 pitch=444.47Hz pitchCents=2917.5
2025-12-15 22:55:40 [tracker] [s4] onset t=69.236 env=0.00115 gate=0.00011 envDelta=0.00104 envFloor=0.00098 onset=1.402 thresh=0.014 onsetDelta=1.38791 baseline=0.00065 adaptive=0.00163 lastPeak=0.00000 guard=0.060 activeAge=-1.000 pitch=-1.00Hz pitchCents=0.0
2025-12-15 22:55:40 [tracker] [s6] onset t=69.255 env=0.00210 gate=0.00020 envDelta=0.00189 envFloor=0.00123 onset=0.992 thresh=0.018 onsetDelta=0.97376 baseline=0.00082 adaptive=0.00204 lastPeak=0.00000 guard=0.060 activeAge=-1.000 pitch=-1.00Hz pitchCents=0.0
2025-12-15 22:55:41 [tracker] [s4] onset t=69.362 env=0.00147 gate=0.00011 envDelta=0.00135 envFloor=0.00101 onset=1.000 thresh=0.014 onsetDelta=0.98569 baseline=0.00067 adaptive=0.00168 lastPeak=0.00000 guard=0.060 activeAge=-1.000 pitch=-1.00Hz pitchCents=0.0
2025-12-15 22:55:41 [tracker] [s2] onset t=69.364 env=0.00175 gate=0.00001 envDelta=0.00175 envFloor=0.00103 onset=0.999 thresh=0.009 onsetDelta=0.99043 baseline=0.00069 adaptive=0.00172 lastPeak=0.00000 guard=0.060 activeAge=-1.000 pitch=-1.00Hz pitchCents=0.0
2025-12-15 22:55:41 [tracker] [s6] onset t=69.375 env=0.00192 gate=0.00021 envDelta=0.00171 envFloor=0.00127 onset=1.184 thresh=0.018 onsetDelta=1.16624 baseline=0.00085 adaptive=0.00212 lastPeak=0.00000 guard=0.060 activeAge=-1.000 pitch=-1.00Hz pitchCents=0.0
2025-12-15 22:55:41 [tracker] [s4] onset t=69.460 env=0.00104 gate=0.00011 envDelta=0.00094 envFloor=0.00094 onset=1.002 thresh=0.014 onsetDelta=0.98798 baseline=0.00063 adaptive=0.00156 lastPeak=0.00000 guard=0.060 activeAge=-1.000 pitch=-1.00Hz pitchCents=0.0
2025-12-15 22:55:41 [tracker] [s1] aubio-raw t=69.4711 onset=0.652162 env=0.000943 peak=0.002018 gain=1.000
2025-12-15 22:55:41 [tracker] [s1] onset-accepted t=69.4711 env=0.000943 gate=0.000022 envDelta=0.000920 envFloor=0.000606 onset=0.652162 thresh=0.006000 onsetDelta=0.646162 baseline=0.000404 floor=0.000180 adapt=0.001010 lastPeak=0.000000 baseParam=0.000180 gateRatio=0.0550 envParam=0.000450 onsetScale=0.300 retriggerScale=1.400 guard=0.060 guardRemain=0.000 activeAge=-1.000 retrigRemain=0.000 pitchHz=363.60 pitchCents=2569.8
2025-12-15 22:55:41 [tracker] [s1] onset t=69.471 env=0.00094 gate=0.00002 envDelta=0.00092 envFloor=0.00061 onset=0.652 thresh=0.006 onsetDelta=0.64616 baseline=0.00040 adaptive=0.00101 lastPeak=0.00000 guard=0.060 activeAge=-1.000 pitch=363.60Hz pitchCents=2569.8
2025-12-15 22:55:41 [tracker] [s5] onset t=69.677 env=0.00186 gate=0.00015 envDelta=0.00171 envFloor=0.00110 onset=0.998 thresh=0.016 onsetDelta=0.98232 baseline=0.00073 adaptive=0.00183 lastPeak=0.00000 guard=0.060 activeAge=-1.000 pitch=-1.00Hz pitchCents=0.0
2025-12-15 22:55:41 [tracker] [s1] aubio-raw t=69.8450 onset=0.988190 env=0.000766 peak=0.001947 gain=1.000
2025-12-15 22:55:41 [tracker] [s1] onset-accepted t=69.8450 env=0.000766 gate=0.000022 envDelta=0.000744 envFloor=0.000606 onset=0.988190 thresh=0.006000 onsetDelta=0.982190 baseline=0.000404 floor=0.000180 adapt=0.001011 lastPeak=0.000000 baseParam=0.000180 gateRatio=0.0550 envParam=0.000450 onsetScale=0.300 retriggerScale=1.400 guard=0.060 guardRemain=0.000 activeAge=-1.000 retrigRemain=0.000 pitchHz=-1.00 pitchCents=0.0
2025-12-15 22:55:41 [tracker] [s1] onset t=69.845 env=0.00077 gate=0.00002 envDelta=0.00074 envFloor=0.00061 onset=0.988 thresh=0.006 onsetDelta=0.98219 baseline=0.00040 adaptive=0.00101 lastPeak=0.00000 guard=0.060 activeAge=-1.000 pitch=-1.00Hz pitchCents=0.0
2025-12-15 22:55:41 [tracker] [s2] onset t=69.856 env=0.00148 gate=0.00001 envDelta=0.00148 envFloor=0.00094 onset=0.999 thresh=0.009 onsetDelta=0.98994 baseline=0.00063 adaptive=0.00157 lastPeak=0.00000 guard=0.060 activeAge=-1.000 pitch=-1.00Hz pitchCents=0.0
2025-12-15 22:55:41 [tracker] [s4] onset t=70.040 env=0.00161 gate=0.00011 envDelta=0.00150 envFloor=0.00098 onset=1.221 thresh=0.014 onsetDelta=1.20703 baseline=0.00065 adaptive=0.00164 lastPeak=0.00000 guard=0.060 activeAge=-1.000 pitch=-1.00Hz pitchCents=0.0
2025-12-15 22:55:41 [tracker] [s6] onset t=70.091 env=0.00222 gate=0.00021 envDelta=0.00201 envFloor=0.00129 onset=1.082 thresh=0.018 onsetDelta=1.06358 baseline=0.00086 adaptive=0.00214 lastPeak=0.00000 guard=0.060 activeAge=-1.000 pitch=-1.00Hz pitchCents=0.0
2025-12-15 22:55:41 [tracker] [s5] onset t=70.109 env=0.00165 gate=0.00016 envDelta=0.00149 envFloor=0.00116 onset=1.000 thresh=0.016 onsetDelta=0.98372 baseline=0.00078 adaptive=0.00194 lastPeak=0.00000 guard=0.060 activeAge=-1.000 pitch=-1.00Hz pitchCents=0.0
2025-12-15 22:55:41 [tracker] [s2] onset t=70.131 env=0.00113 gate=0.00001 envDelta=0.00112 envFloor=0.00103 onset=1.105 thresh=0.009 onsetDelta=1.09633 baseline=0.00069 adaptive=0.00171 lastPeak=0.00000 guard=0.060 activeAge=-1.000 pitch=-1.00Hz pitchCents=0.0
2025-12-15 22:55:41 [tracker] [s1] aubio-raw t=70.1761 onset=1.216590 env=0.000674 peak=0.001591 gain=1.000
2025-12-15 22:55:41 [tracker] [s1] onset-accepted t=70.1761 env=0.000674 gate=0.000022 envDelta=0.000652 envFloor=0.000597 onset=1.216590 thresh=0.006000 onsetDelta=1.210590 baseline=0.000398 floor=0.000180 adapt=0.000995 lastPeak=0.000000 baseParam=0.000180 gateRatio=0.0550 envParam=0.000450 onsetScale=0.300 retriggerScale=1.400 guard=0.060 guardRemain=0.000 activeAge=-1.000 retrigRemain=0.000 pitchHz=-1.00 pitchCents=0.0
2025-12-15 22:55:41 [tracker] [s1] onset t=70.176 env=0.00067 gate=0.00002 envDelta=0.00065 envFloor=0.00060 onset=1.217 thresh=0.006 onsetDelta=1.21059 baseline=0.00040 adaptive=0.00100 lastPeak=0.00000 guard=0.060 activeAge=-1.000 pitch=-1.00Hz pitchCents=0.0
2025-12-15 22:55:41 [tracker] [s5] onset t=70.208 env=0.00168 gate=0.00015 envDelta=0.00153 envFloor=0.00107 onset=0.995 thresh=0.016 onsetDelta=0.97928 baseline=0.00071 adaptive=0.00178 lastPeak=0.00000 guard=0.060 activeAge=-1.000 pitch=-1.00Hz pitchCents=0.0
2025-12-15 22:55:41 [tracker] [s1] aubio-raw t=70.3176 onset=1.132464 env=0.000872 peak=0.002180 gain=1.000
2025-12-15 22:55:41 [tracker] [s1] onset-accepted t=70.3176 env=0.000872 gate=0.000020 envDelta=0.000852 envFloor=0.000556 onset=1.132464 thresh=0.006000 onsetDelta=1.126464 baseline=0.000371 floor=0.000180 adapt=0.000927 lastPeak=0.000000 baseParam=0.000180 gateRatio=0.0550 envParam=0.000450 onsetScale=0.300 retriggerScale=1.400 guard=0.060 guardRemain=0.000 activeAge=-1.000 retrigRemain=0.000 pitchHz=250.01 pitchCents=1921.4
2025-12-15 22:55:41 [tracker] [s1] onset t=70.318 env=0.00087 gate=0.00002 envDelta=0.00085 envFloor=0.00056 onset=1.132 thresh=0.006 onsetDelta=1.12646 baseline=0.00037 adaptive=0.00093 lastPeak=0.00000 guard=0.060 activeAge=-1.000 pitch=250.01Hz pitchCents=1921.4
2025-12-15 22:55:41 [tracker] [s2] onset t=70.318 env=0.00144 gate=0.00001 envDelta=0.00143 envFloor=0.00097 onset=0.997 thresh=0.009 onsetDelta=0.98799 baseline=0.00065 adaptive=0.00162 lastPeak=0.00000 guard=0.060 activeAge=-1.000 pitch=333.32Hz pitchCents=1919.3
2025-12-15 22:55:41 [tracker] [s4] onset t=70.326 env=0.00121 gate=0.00011 envDelta=0.00110 envFloor=0.00095 onset=0.998 thresh=0.014 onsetDelta=0.98450 baseline=0.00063 adaptive=0.00158 lastPeak=0.00000 guard=0.060 activeAge=-1.000 pitch=-1.00Hz pitchCents=0.0
2025-12-15 22:55:42 [tracker] [s6] onset t=70.390 env=0.00188 gate=0.00020 envDelta=0.00168 envFloor=0.00119 onset=0.984 thresh=0.018 onsetDelta=0.96592 baseline=0.00079 adaptive=0.00199 lastPeak=0.00000 guard=0.060 activeAge=-1.000 pitch=-1.00Hz pitchCents=0.0
2025-12-15 22:55:42 [tracker] [s1] aubio-raw t=70.4885 onset=0.805894 env=0.000621 peak=0.001361 gain=1.000
2025-12-15 22:55:42 [tracker] [s1] onset-accepted t=70.4885 env=0.000621 gate=0.000022 envDelta=0.000600 envFloor=0.000587 onset=0.805894 thresh=0.006000 onsetDelta=0.799894 baseline=0.000391 floor=0.000180 adapt=0.000978 lastPeak=0.000000 baseParam=0.000180 gateRatio=0.0550 envParam=0.000450 onsetScale=0.300 retriggerScale=1.400 guard=0.060 guardRemain=0.000 activeAge=-1.000 retrigRemain=0.000 pitchHz=-1.00 pitchCents=0.0
2025-12-15 22:55:42 [tracker] [s1] onset t=70.489 env=0.00062 gate=0.00002 envDelta=0.00060 envFloor=0.00059 onset=0.806 thresh=0.006 onsetDelta=0.79989 baseline=0.00039 adaptive=0.00098 lastPeak=0.00000 guard=0.060 activeAge=-1.000 pitch=-1.00Hz pitchCents=0.0
2025-12-15 22:55:42 [tracker] [s1] aubio-raw t=70.5953 onset=0.601089 env=0.000941 peak=0.002122 gain=1.000
2025-12-15 22:55:42 [tracker] [s1] onset-accepted t=70.5953 env=0.000941 gate=0.000022 envDelta=0.000919 envFloor=0.000611 onset=0.601089 thresh=0.006000 onsetDelta=0.595089 baseline=0.000407 floor=0.000180 adapt=0.001018 lastPeak=0.000000 baseParam=0.000180 gateRatio=0.0550 envParam=0.000450 onsetScale=0.300 retriggerScale=1.400 guard=0.060 guardRemain=0.000 activeAge=-1.000 retrigRemain=0.000 pitchHz=-1.00 pitchCents=0.0
2025-12-15 22:55:42 [tracker] [s1] onset t=70.595 env=0.00094 gate=0.00002 envDelta=0.00092 envFloor=0.00061 onset=0.601 thresh=0.006 onsetDelta=0.59509 baseline=0.00041 adaptive=0.00102 lastPeak=0.00000 guard=0.060 activeAge=-1.000 pitch=-1.00Hz pitchCents=0.0
2025-12-15 22:55:42 [tracker] [s6] onset t=70.603 env=0.00169 gate=0.00020 envDelta=0.00149 envFloor=0.00119 onset=0.948 thresh=0.018 onsetDelta=0.92978 baseline=0.00080 adaptive=0.00199 lastPeak=0.00000 guard=0.060 activeAge=-1.000 pitch=-1.00Hz pitchCents=0.0
2025-12-15 22:55:42 [tracker] [s4] onset t=70.606 env=0.00186 gate=0.00012 envDelta=0.00174 envFloor=0.00104 onset=0.996 thresh=0.014 onsetDelta=0.98168 baseline=0.00069 adaptive=0.00173 lastPeak=0.00000 guard=0.060 activeAge=-1.000 pitch=-1.00Hz pitchCents=0.0
2025-12-15 22:55:42 [tracker] [s6] onset t=70.721 env=0.00192 gate=0.00020 envDelta=0.00172 envFloor=0.00119 onset=0.987 thresh=0.018 onsetDelta=0.96942 baseline=0.00080 adaptive=0.00199 lastPeak=0.00000 guard=0.060 activeAge=-1.000 pitch=-1.00Hz pitchCents=0.0
2025-12-15 22:55:42 [tracker] [s1] aubio-raw t=70.7288 onset=0.548300 env=0.000831 peak=0.002106 gain=1.000
2025-12-15 22:55:42 [tracker] [s1] onset-accepted t=70.7288 env=0.000831 gate=0.000024 envDelta=0.000807 envFloor=0.000651 onset=0.548300 thresh=0.006000 onsetDelta=0.542300 baseline=0.000434 floor=0.000180 adapt=0.001084 lastPeak=0.000000 baseParam=0.000180 gateRatio=0.0550 envParam=0.000450 onsetScale=0.300 retriggerScale=1.400 guard=0.060 guardRemain=0.000 activeAge=-1.000 retrigRemain=0.000 pitchHz=258.05 pitchCents=1976.2
2025-12-15 22:55:42 [tracker] [s1] onset t=70.729 env=0.00083 gate=0.00002 envDelta=0.00081 envFloor=0.00065 onset=0.548 thresh=0.006 onsetDelta=0.54230 baseline=0.00043 adaptive=0.00108 lastPeak=0.00000 guard=0.060 activeAge=-1.000 pitch=258.05Hz pitchCents=1976.2
2025-12-15 22:55:42 [tracker] [s1] aubio-raw t=70.8036 onset=1.001078 env=0.000870 peak=0.002059 gain=1.000
2025-12-15 22:55:42 [tracker] [s1] onset-accepted t=70.8036 env=0.000870 gate=0.000023 envDelta=0.000847 envFloor=0.000633 onset=1.001078 thresh=0.006000 onsetDelta=0.995078 baseline=0.000422 floor=0.000180 adapt=0.001055 lastPeak=0.000000 baseParam=0.000180 gateRatio=0.0550 envParam=0.000450 onsetScale=0.300 retriggerScale=1.400 guard=0.060 guardRemain=0.000 activeAge=-1.000 retrigRemain=0.000 pitchHz=-1.00 pitchCents=0.0
2025-12-15 22:55:42 [tracker] [s1] onset t=70.804 env=0.00087 gate=0.00002 envDelta=0.00085 envFloor=0.00063 onset=1.001 thresh=0.006 onsetDelta=0.99508 baseline=0.00042 adaptive=0.00106 lastPeak=0.00000 guard=0.060 activeAge=-1.000 pitch=-1.00Hz pitchCents=0.0
2025-12-15 22:55:42 [tracker] [s4] onset t=70.828 env=0.00141 gate=0.00012 envDelta=0.00129 envFloor=0.00102 onset=1.250 thresh=0.014 onsetDelta=1.23647 baseline=0.00068 adaptive=0.00170 lastPeak=0.00000 guard=0.060 activeAge=-1.000 pitch=-1.00Hz pitchCents=0.0
2025-12-15 22:55:42 [tracker] [s1] aubio-raw t=70.9264 onset=1.323436 env=0.000661 peak=0.002010 gain=1.000
2025-12-15 22:55:42 [tracker] [s1] onset-accepted t=70.9264 env=0.000661 gate=0.000023 envDelta=0.000638 envFloor=0.000627 onset=1.323436 thresh=0.006000 onsetDelta=1.317436 baseline=0.000418 floor=0.000180 adapt=0.001045 lastPeak=0.000000 baseParam=0.000180 gateRatio=0.0550 envParam=0.000450 onsetScale=0.300 retriggerScale=1.400 guard=0.060 guardRemain=0.000 activeAge=-1.000 retrigRemain=0.000 pitchHz=-1.00 pitchCents=0.0
2025-12-15 22:55:42 [tracker] [s1] onset t=70.926 env=0.00066 gate=0.00002 envDelta=0.00064 envFloor=0.00063 onset=1.323 thresh=0.006 onsetDelta=1.31744 baseline=0.00042 adaptive=0.00105 lastPeak=0.00000 guard=0.060 activeAge=-1.000 pitch=-1.00Hz pitchCents=0.0
2025-12-15 22:55:42 [tracker] [s2] onset t=70.945 env=0.00098 gate=0.00001 envDelta=0.00098 envFloor=0.00097 onset=0.998 thresh=0.009 onsetDelta=0.98905 baseline=0.00065 adaptive=0.00162 lastPeak=0.00000 guard=0.060 activeAge=-1.000 pitch=-1.00Hz pitchCents=0.0
2025-12-15 22:55:42 [tracker] [s5] onset t=71.025 env=0.00179 gate=0.00015 envDelta=0.00164 envFloor=0.00105 onset=1.149 thresh=0.016 onsetDelta=1.13262 baseline=0.00070 adaptive=0.00176 lastPeak=0.00000 guard=0.060 activeAge=-1.000 pitch=-1.00Hz pitchCents=0.0
2025-12-15 22:55:42 [tracker] [s4] onset t=71.177 env=0.00132 gate=0.00012 envDelta=0.00121 envFloor=0.00102 onset=0.764 thresh=0.014 onsetDelta=0.75047 baseline=0.00068 adaptive=0.00169 lastPeak=0.00000 guard=0.060 activeAge=-1.000 pitch=-1.00Hz pitchCents=0.0
2025-12-15 22:55:42 [tracker] [s4] onset t=71.236 env=0.00116 gate=0.00011 envDelta=0.00105 envFloor=0.00099 onset=1.290 thresh=0.014 onsetDelta=1.27558 baseline=0.00066 adaptive=0.00164 lastPeak=0.00000 guard=0.060 activeAge=-1.000 pitch=-1.00Hz pitchCents=0.0
2025-12-15 22:55:42 [tracker] [s1] aubio-raw t=71.2495 onset=1.013324 env=0.000558 peak=0.001571 gain=1.000
2025-12-15 22:55:42 [tracker] [s1] onset-below-env-floor t=71.2495 env=0.000558 gate=0.000023 envDelta=0.000535 envFloor=0.000618 onset=1.013324 thresh=0.006000 onsetDelta=1.007324 baseline=0.000412 floor=0.000180 adapt=0.001030 lastPeak=0.000000 baseParam=0.000180 gateRatio=0.0550 envParam=0.000450 onsetScale=0.300 retriggerScale=1.400 guard=0.060 guardRemain=0.000 activeAge=-1.000 retrigRemain=0.000 pitchHz=-1.00 pitchCents=0.0
2025-12-15 22:55:42 [tracker] [s1] aubio-raw t=71.3243 onset=0.757641 env=0.000672 peak=0.001861 gain=1.000
2025-12-15 22:55:42 [tracker] [s1] onset-accepted t=71.3243 env=0.000672 gate=0.000024 envDelta=0.000649 envFloor=0.000641 onset=0.757641 thresh=0.006000 onsetDelta=0.751642 baseline=0.000428 floor=0.000180 adapt=0.001069 lastPeak=0.000000 baseParam=0.000180 gateRatio=0.0550 envParam=0.000450 onsetScale=0.300 retriggerScale=1.400 guard=0.060 guardRemain=0.000 activeAge=-1.000 retrigRemain=0.000 pitchHz=-1.00 pitchCents=0.0
2025-12-15 22:55:42 [tracker] [s1] onset t=71.324 env=0.00067 gate=0.00002 envDelta=0.00065 envFloor=0.00064 onset=0.758 thresh=0.006 onsetDelta=0.75164 baseline=0.00043 adaptive=0.00107 lastPeak=0.00000 guard=0.060 activeAge=-1.000 pitch=-1.00Hz pitchCents=0.0
2025-12-15 22:55:43 [tracker] [s2] onset t=71.367 env=0.00245 gate=0.00001 envDelta=0.00245 envFloor=0.00105 onset=0.901 thresh=0.009 onsetDelta=0.89165 baseline=0.00070 adaptive=0.00175 lastPeak=0.00000 guard=0.060 activeAge=-1.000 pitch=140.35Hz pitchCents=421.8
2025-12-15 22:55:43 [tracker] [s6] onset t=71.423 env=0.00172 gate=0.00019 envDelta=0.00153 envFloor=0.00113 onset=1.000 thresh=0.018 onsetDelta=0.98151 baseline=0.00075 adaptive=0.00188 lastPeak=0.00000 guard=0.060 activeAge=-1.000 pitch=-1.00Hz pitchCents=0.0
2025-12-15 22:55:43 [tracker] [s1] aubio-raw t=71.5646 onset=0.790596 env=0.000805 peak=0.001876 gain=1.000
2025-12-15 22:55:43 [tracker] [s1] onset-accepted t=71.5646 env=0.000805 gate=0.000022 envDelta=0.000782 envFloor=0.000603 onset=0.790596 thresh=0.006000 onsetDelta=0.784596 baseline=0.000402 floor=0.000180 adapt=0.001005 lastPeak=0.000000 baseParam=0.000180 gateRatio=0.0550 envParam=0.000450 onsetScale=0.300 retriggerScale=1.400 guard=0.060 guardRemain=0.000 activeAge=-1.000 retrigRemain=0.000 pitchHz=-1.00 pitchCents=0.0
2025-12-15 22:55:43 [tracker] [s1] onset t=71.565 env=0.00080 gate=0.00002 envDelta=0.00078 envFloor=0.00060 onset=0.791 thresh=0.006 onsetDelta=0.78460 baseline=0.00040 adaptive=0.00101 lastPeak=0.00000 guard=0.060 activeAge=-1.000 pitch=-1.00Hz pitchCents=0.0
2025-12-15 22:55:43 [tracker] [s3] onset t=71.610 env=0.00133 gate=0.00009 envDelta=0.00124 envFloor=0.00099 onset=1.130 thresh=0.012 onsetDelta=1.11800 baseline=0.00066 adaptive=0.00165 lastPeak=0.00000 guard=0.060 activeAge=-1.000 pitch=-1.00Hz pitchCents=0.0
2025-12-15 22:55:43 [tracker] [s6] onset t=71.658 env=0.00216 gate=0.00022 envDelta=0.00195 envFloor=0.00129 onset=0.997 thresh=0.018 onsetDelta=0.97859 baseline=0.00086 adaptive=0.00215 lastPeak=0.00000 guard=0.060 activeAge=-1.000 pitch=-1.00Hz pitchCents=0.0
2025-12-15 22:55:43 [tracker] [s5] onset t=71.762 env=0.00149 gate=0.00015 envDelta=0.00134 envFloor=0.00107 onset=0.723 thresh=0.016 onsetDelta=0.70722 baseline=0.00071 adaptive=0.00178 lastPeak=0.00000 guard=0.060 activeAge=-1.000 pitch=-1.00Hz pitchCents=0.0
2025-12-15 22:55:43 [tracker] [s3] onset t=71.832 env=0.00154 gate=0.00008 envDelta=0.00146 envFloor=0.00091 onset=0.994 thresh=0.012 onsetDelta=0.98233 baseline=0.00061 adaptive=0.00152 lastPeak=0.00000 guard=0.060 activeAge=-1.000 pitch=-1.00Hz pitchCents=0.0
2025-12-15 22:55:43 [tracker] [s4] onset t=71.858 env=0.00172 gate=0.00011 envDelta=0.00161 envFloor=0.00099 onset=1.043 thresh=0.014 onsetDelta=1.02927 baseline=0.00066 adaptive=0.00166 lastPeak=0.00000 guard=0.060 activeAge=-1.000 pitch=-1.00Hz pitchCents=0.0
2025-12-15 22:55:43 [tracker] [s5] onset t=71.864 env=0.00146 gate=0.00015 envDelta=0.00131 envFloor=0.00104 onset=0.953 thresh=0.016 onsetDelta=0.93682 baseline=0.00070 adaptive=0.00174 lastPeak=0.00000 guard=0.060 activeAge=-1.000 pitch=-1.00Hz pitchCents=0.0
2025-12-15 22:55:43 [tracker] [s4] onset t=71.954 env=0.00155 gate=0.00011 envDelta=0.00143 envFloor=0.00100 onset=0.994 thresh=0.014 onsetDelta=0.98003 baseline=0.00067 adaptive=0.00166 lastPeak=0.00000 guard=0.060 activeAge=-1.000 pitch=-1.00Hz pitchCents=0.0
2025-12-15 22:55:43 [tracker] [s6] onset t=71.960 env=0.00212 gate=0.00021 envDelta=0.00191 envFloor=0.00127 onset=1.002 thresh=0.018 onsetDelta=0.98353 baseline=0.00085 adaptive=0.00212 lastPeak=0.00000 guard=0.060 activeAge=-1.000 pitch=-1.00Hz pitchCents=0.0
2025-12-15 22:55:43 [tracker] [s3] onset t=72.021 env=0.00134 gate=0.00008 envDelta=0.00126 envFloor=0.00096 onset=0.990 thresh=0.012 onsetDelta=0.97863 baseline=0.00064 adaptive=0.00159 lastPeak=0.00000 guard=0.060 activeAge=-1.000 pitch=-1.00Hz pitchCents=0.0
2025-12-15 22:55:43 [tracker] [s5] onset t=72.053 env=0.00183 gate=0.00016 envDelta=0.00167 envFloor=0.00116 onset=0.995 thresh=0.016 onsetDelta=0.97916 baseline=0.00077 adaptive=0.00193 lastPeak=0.00000 guard=0.060 activeAge=-1.000 pitch=-1.00Hz pitchCents=0.0
2025-12-15 22:55:43 [tracker] [s2] onset t=72.093 env=0.00139 gate=0.00001 envDelta=0.00138 envFloor=0.00099 onset=1.130 thresh=0.009 onsetDelta=1.12100 baseline=0.00066 adaptive=0.00165 lastPeak=0.00000 guard=0.060 activeAge=-1.000 pitch=319.99Hz pitchCents=1848.6
2025-12-15 22:55:43 [tracker] [s1] aubio-raw t=72.1601 onset=0.988886 env=0.000700 peak=0.001547 gain=1.000
2025-12-15 22:55:43 [tracker] [s1] onset-accepted t=72.1601 env=0.000700 gate=0.000021 envDelta=0.000679 envFloor=0.000579 onset=0.988886 thresh=0.006000 onsetDelta=0.982886 baseline=0.000386 floor=0.000180 adapt=0.000965 lastPeak=0.000000 baseParam=0.000180 gateRatio=0.0550 envParam=0.000450 onsetScale=0.300 retriggerScale=1.400 guard=0.060 guardRemain=0.000 activeAge=-1.000 retrigRemain=0.000 pitchHz=108.11 pitchCents=469.9
2025-12-15 22:55:43 [tracker] [s1] onset t=72.160 env=0.00070 gate=0.00002 envDelta=0.00068 envFloor=0.00058 onset=0.989 thresh=0.006 onsetDelta=0.98289 baseline=0.00039 adaptive=0.00096 lastPeak=0.00000 guard=0.060 activeAge=-1.000 pitch=108.11Hz pitchCents=469.9
2025-12-15 22:55:43 [tracker] [s5] onset t=72.259 env=0.00219 gate=0.00015 envDelta=0.00204 envFloor=0.00108 onset=1.038 thresh=0.016 onsetDelta=1.02203 baseline=0.00072 adaptive=0.00181 lastPeak=0.00000 guard=0.060 activeAge=-1.000 pitch=-1.00Hz pitchCents=0.0
2025-12-15 22:55:43 [tracker] [s6] onset t=72.288 env=0.00199 gate=0.00020 envDelta=0.00179 envFloor=0.00123 onset=0.974 thresh=0.018 onsetDelta=0.95638 baseline=0.00082 adaptive=0.00204 lastPeak=0.00000 guard=0.060 activeAge=-1.000 pitch=-1.00Hz pitchCents=0.0
2025-12-15 22:55:44 [tracker] [s2] onset t=72.392 env=0.00123 gate=0.00001 envDelta=0.00122 envFloor=0.00096 onset=1.252 thresh=0.009 onsetDelta=1.24308 baseline=0.00064 adaptive=0.00161 lastPeak=0.00000 guard=0.060 activeAge=-1.000 pitch=-1.00Hz pitchCents=0.0
2025-12-15 22:55:44 [tracker] [s2] onset t=72.473 env=0.00097 gate=0.00001 envDelta=0.00096 envFloor=0.00096 onset=1.494 thresh=0.009 onsetDelta=1.48545 baseline=0.00064 adaptive=0.00159 lastPeak=0.00000 guard=0.060 activeAge=-1.000 pitch=285.77Hz pitchCents=1652.8
2025-12-15 22:55:44 [tracker] [s2] note-start t=72.473 fret=17 midi=62 vel=0.01 env=0.00097
2025-12-15 22:55:44 [tracker] [s6] onset t=72.521 env=0.00153 gate=0.00020 envDelta=0.00133 envFloor=0.00117 onset=0.746 thresh=0.018 onsetDelta=0.72807 baseline=0.00078 adaptive=0.00195 lastPeak=0.00000 guard=0.060 activeAge=-1.000 pitch=-1.00Hz pitchCents=0.0
2025-12-15 22:55:44 [tracker] [s1] aubio-raw t=72.5526 onset=1.129157 env=0.000912 peak=0.002109 gain=1.000
2025-12-15 22:55:44 [tracker] [s1] onset-accepted t=72.5526 env=0.000912 gate=0.000022 envDelta=0.000891 envFloor=0.000594 onset=1.129157 thresh=0.006000 onsetDelta=1.123157 baseline=0.000396 floor=0.000180 adapt=0.000990 lastPeak=0.000000 baseParam=0.000180 gateRatio=0.0550 envParam=0.000450 onsetScale=0.300 retriggerScale=1.400 guard=0.060 guardRemain=0.000 activeAge=-1.000 retrigRemain=0.000 pitchHz=-1.00 pitchCents=0.0
2025-12-15 22:55:44 [tracker] [s1] onset t=72.553 env=0.00091 gate=0.00002 envDelta=0.00089 envFloor=0.00059 onset=1.129 thresh=0.006 onsetDelta=1.12316 baseline=0.00040 adaptive=0.00099 lastPeak=0.00000 guard=0.060 activeAge=-1.000 pitch=-1.00Hz pitchCents=0.0
2025-12-15 22:55:44 [tracker] [s2] onset t=72.566 env=0.00139 gate=0.00001 envDelta=0.00139 envFloor=0.00099 onset=1.122 thresh=0.009 onsetDelta=1.11337 baseline=0.00073 adaptive=0.00164 lastPeak=0.00081 guard=0.060 activeAge=0.093 pitch=102.57Hz pitchCents=-121.1
2025-12-15 22:55:44 [tracker] [s2] note-ended (new onset) t=72.566 fret=17 dur=0.093
2025-12-15 22:55:44 [tracker] [s5] onset t=72.670 env=0.00155 gate=0.00015 envDelta=0.00140 envFloor=0.00107 onset=1.190 thresh=0.016 onsetDelta=1.17434 baseline=0.00071 adaptive=0.00178 lastPeak=0.00000 guard=0.060 activeAge=-1.000 pitch=-1.00Hz pitchCents=0.0
2025-12-15 22:55:44 [tracker] [s4] onset t=72.732 env=0.00138 gate=0.00011 envDelta=0.00126 envFloor=0.00100 onset=0.707 thresh=0.014 onsetDelta=0.69277 baseline=0.00067 adaptive=0.00167 lastPeak=0.00000 guard=0.060 activeAge=-1.000 pitch=-1.00Hz pitchCents=0.0
2025-12-15 22:55:44 [tracker] [s1] aubio-raw t=72.7769 onset=0.940697 env=0.000851 peak=0.002512 gain=1.000
2025-12-15 22:55:44 [tracker] [s1] onset-accepted t=72.7769 env=0.000851 gate=0.000022 envDelta=0.000829 envFloor=0.000602 onset=0.940697 thresh=0.006000 onsetDelta=0.934697 baseline=0.000401 floor=0.000180 adapt=0.001003 lastPeak=0.000000 baseParam=0.000180 gateRatio=0.0550 envParam=0.000450 onsetScale=0.300 retriggerScale=1.400 guard=0.060 guardRemain=0.000 activeAge=-1.000 retrigRemain=0.000 pitchHz=-1.00 pitchCents=0.0
2025-12-15 22:55:44 [tracker] [s1] onset t=72.777 env=0.00085 gate=0.00002 envDelta=0.00083 envFloor=0.00060 onset=0.941 thresh=0.006 onsetDelta=0.93470 baseline=0.00040 adaptive=0.00100 lastPeak=0.00000 guard=0.060 activeAge=-1.000 pitch=-1.00Hz pitchCents=0.0
2025-12-15 22:55:44 [tracker] [s4] onset t=72.988 env=0.00162 gate=0.00011 envDelta=0.00152 envFloor=0.00094 onset=1.055 thresh=0.014 onsetDelta=1.04110 baseline=0.00062 adaptive=0.00156 lastPeak=0.00000 guard=0.060 activeAge=-1.000 pitch=-1.00Hz pitchCents=0.0
2025-12-15 22:55:44 [tracker] [s3] onset t=73.092 env=0.00105 gate=0.00008 envDelta=0.00097 envFloor=0.00094 onset=1.292 thresh=0.012 onsetDelta=1.28068 baseline=0.00063 adaptive=0.00156 lastPeak=0.00000 guard=0.060 activeAge=-1.000 pitch=-1.00Hz pitchCents=0.0
2025-12-15 22:55:44 [tracker] [s4] onset t=73.116 env=0.00186 gate=0.00011 envDelta=0.00175 envFloor=0.00100 onset=1.025 thresh=0.014 onsetDelta=1.01126 baseline=0.00067 adaptive=0.00167 lastPeak=0.00000 guard=0.060 activeAge=-1.000 pitch=-1.00Hz pitchCents=0.0
2025-12-15 22:55:44 [tracker] [s5] onset t=73.140 env=0.00156 gate=0.00015 envDelta=0.00141 envFloor=0.00109 onset=1.243 thresh=0.016 onsetDelta=1.22670 baseline=0.00073 adaptive=0.00182 lastPeak=0.00000 guard=0.060 activeAge=-1.000 pitch=-1.00Hz pitchCents=0.0
2025-12-15 22:55:44 [tracker] [s2] onset t=73.159 env=0.00140 gate=0.00001 envDelta=0.00140 envFloor=0.00104 onset=0.756 thresh=0.009 onsetDelta=0.74684 baseline=0.00069 adaptive=0.00173 lastPeak=0.00027 guard=0.060 activeAge=-1.000 pitch=499.97Hz pitchCents=2621.2
2025-12-15 22:55:44 [tracker] [s3] onset t=73.172 env=0.00145 gate=0.00008 envDelta=0.00137 envFloor=0.00095 onset=1.003 thresh=0.012 onsetDelta=0.99110 baseline=0.00063 adaptive=0.00158 lastPeak=0.00000 guard=0.060 activeAge=-1.000 pitch=-1.00Hz pitchCents=0.0
2025-12-15 22:55:44 [tracker] [s1] aubio-raw t=73.1748 onset=0.997210 env=0.000796 peak=0.001793 gain=1.000
2025-12-15 22:55:44 [tracker] [s1] onset-accepted t=73.1748 env=0.000796 gate=0.000022 envDelta=0.000774 envFloor=0.000593 onset=0.997210 thresh=0.006000 onsetDelta=0.991210 baseline=0.000395 floor=0.000180 adapt=0.000988 lastPeak=0.000000 baseParam=0.000180 gateRatio=0.0550 envParam=0.000450 onsetScale=0.300 retriggerScale=1.400 guard=0.060 guardRemain=0.000 activeAge=-1.000 retrigRemain=0.000 pitchHz=-1.00 pitchCents=0.0
2025-12-15 22:55:44 [tracker] [s1] onset t=73.175 env=0.00080 gate=0.00002 envDelta=0.00077 envFloor=0.00059 onset=0.997 thresh=0.006 onsetDelta=0.99121 baseline=0.00040 adaptive=0.00099 lastPeak=0.00000 guard=0.060 activeAge=-1.000 pitch=-1.00Hz pitchCents=0.0
2025-12-15 22:55:44 [tracker] [s2] onset t=73.234 env=0.00125 gate=0.00001 envDelta=0.00125 envFloor=0.00092 onset=1.000 thresh=0.009 onsetDelta=0.99096 baseline=0.00062 adaptive=0.00154 lastPeak=0.00023 guard=0.060 activeAge=-1.000 pitch=320.01Hz pitchCents=1848.7
2025-12-15 22:55:44 [tracker] [s2] onset t=73.284 env=0.00122 gate=0.00001 envDelta=0.00122 envFloor=0.00094 onset=1.023 thresh=0.009 onsetDelta=1.01415 baseline=0.00063 adaptive=0.00157 lastPeak=0.00021 guard=0.060 activeAge=-1.000 pitch=-1.00Hz pitchCents=0.0
2025-12-15 22:55:44 [tracker] [s5] onset t=73.340 env=0.00135 gate=0.00014 envDelta=0.00121 envFloor=0.00103 onset=1.000 thresh=0.016 onsetDelta=0.98445 baseline=0.00069 adaptive=0.00172 lastPeak=0.00000 guard=0.060 activeAge=-1.000 pitch=-1.00Hz pitchCents=0.0
2025-12-15 22:55:45 [sessionwavs] wrote 6 wav files to /home/general/SignalAssistant/logs/sessionwavs/session-20251215-225431 (shutdown)
# Session closed at 2025-12-15 22:55:45
