// /qt/qml/GuitarPi/qml/pages/TabPage.qml
#include <QtQml/qqmlprivate.h>
#include <QtCore/qalgorithms.h>
#include <QtCore/qdatetime.h>
#include <QtCore/qobject.h>
#include <QtCore/qrandom.h>
#include <QtCore/qstring.h>
#include <QtCore/qstringlist.h>
#include <QtCore/qtimezone.h>
#include <QtCore/qurl.h>
#include <QtCore/qvariant.h>
#include <QtQml/qjsengine.h>
#include <QtQml/qjsprimitivevalue.h>
#include <QtQml/qjsvalue.h>
#include <QtQml/qqmlcomponent.h>
#include <QtQml/qqmlcontext.h>
#include <QtQml/qqmlengine.h>
#include <QtQml/qqmllist.h>
#include <cmath>
#include <limits>
#include <type_traits>
namespace QmlCacheGeneratedCode {
namespace _qt_qml_GuitarPi_qml_pages_TabPage_qml {
extern const unsigned char qmlData alignas(16) [];
extern const unsigned char qmlData alignas(16) [] = {

0x71,0x76,0x34,0x63,0x64,0x61,0x74,0x61,
0x42,0x0,0x0,0x0,0x2,0x8,0x6,0x0,
0x0,0x0,0x0,0x0,0x0,0x0,0x0,0x0,
0x74,0x86,0x1,0x0,0x30,0x61,0x38,0x31,
0x33,0x39,0x63,0x35,0x37,0x34,0x66,0x65,
0x31,0x35,0x30,0x61,0x62,0x61,0x39,0x32,
0x64,0x35,0x66,0x32,0x34,0x38,0x34,0x61,
0x38,0x66,0x33,0x66,0x64,0x62,0x37,0x37,
0x34,0x39,0x37,0x37,0x0,0x0,0x0,0x0,
0x0,0x0,0x0,0x0,0xf9,0x37,0x3,0x69,
0x1f,0x61,0xba,0x58,0x2,0xe5,0x9b,0x63,
0xdd,0xae,0x6b,0x25,0x0,0x0,0x0,0x0,
0x0,0x0,0x0,0x0,0x0,0x0,0x0,0x0,
0x0,0x0,0x0,0x0,0x23,0x0,0x0,0x0,
0xf2,0x1,0x0,0x0,0xb0,0xba,0x0,0x0,
0x17,0x1,0x0,0x0,0xf8,0x0,0x0,0x0,
0x0,0x0,0x0,0x0,0x54,0x5,0x0,0x0,
0x0,0x0,0x0,0x0,0x54,0x5,0x0,0x0,
0x15,0x0,0x0,0x0,0x54,0x5,0x0,0x0,
0x83,0x4,0x0,0x0,0xa8,0x5,0x0,0x0,
0x0,0x0,0x0,0x0,0xb4,0x17,0x0,0x0,
0x82,0x0,0x0,0x0,0xc0,0x17,0x0,0x0,
0xc,0x0,0x0,0x0,0xd0,0x1b,0x0,0x0,
0x0,0x0,0x0,0x0,0xb8,0x1c,0x0,0x0,
0x0,0x0,0x0,0x0,0xb8,0x1c,0x0,0x0,
0x0,0x0,0x0,0x0,0xb8,0x1c,0x0,0x0,
0x0,0x0,0x0,0x0,0xb8,0x1c,0x0,0x0,
0x0,0x0,0x0,0x0,0xb8,0x1c,0x0,0x0,
0x0,0x0,0x0,0x0,0xb8,0x1c,0x0,0x0,
0xff,0xff,0xff,0xff,0x0,0x0,0x0,0x0,
0x0,0x0,0x0,0x0,0x48,0x8,0x1,0x0,
0xb8,0x1c,0x0,0x0,0x50,0x1d,0x0,0x0,
0xc8,0x1d,0x0,0x0,0x30,0x1e,0x0,0x0,
0xb8,0x1e,0x0,0x0,0x58,0x1f,0x0,0x0,
0x0,0x20,0x0,0x0,0xd8,0x20,0x0,0x0,
0x0,0x22,0x0,0x0,0xe0,0x24,0x0,0x0,
0x18,0x26,0x0,0x0,0x8,0x27,0x0,0x0,
0x20,0x28,0x0,0x0,0x70,0x28,0x0,0x0,
0xc0,0x28,0x0,0x0,0x10,0x29,0x0,0x0,
0x60,0x29,0x0,0x0,0xb0,0x29,0x0,0x0,
0x0,0x2a,0x0,0x0,0x50,0x2a,0x0,0x0,
0xa0,0x2a,0x0,0x0,0xf0,0x2a,0x0,0x0,
0x40,0x2b,0x0,0x0,0x90,0x2b,0x0,0x0,
0xe0,0x2b,0x0,0x0,0x38,0x2c,0x0,0x0,
0x90,0x2c,0x0,0x0,0x30,0x2d,0x0,0x0,
0x88,0x2d,0x0,0x0,0xe0,0x2d,0x0,0x0,
0x38,0x2e,0x0,0x0,0x88,0x2e,0x0,0x0,
0xe0,0x2e,0x0,0x0,0x30,0x2f,0x0,0x0,
0x88,0x2f,0x0,0x0,0xe8,0x2f,0x0,0x0,
0x48,0x30,0x0,0x0,0x98,0x30,0x0,0x0,
0x8,0x31,0x0,0x0,0x78,0x31,0x0,0x0,
0x20,0x32,0x0,0x0,0x80,0x32,0x0,0x0,
0xf8,0x32,0x0,0x0,0x50,0x33,0x0,0x0,
0xc8,0x33,0x0,0x0,0x20,0x34,0x0,0x0,
0x80,0x34,0x0,0x0,0x88,0x35,0x0,0x0,
0xf8,0x36,0x0,0x0,0xb0,0x38,0x0,0x0,
0x20,0x3b,0x0,0x0,0xf0,0x3c,0x0,0x0,
0x8,0x3e,0x0,0x0,0x0,0x41,0x0,0x0,
0xb8,0x42,0x0,0x0,0x78,0x44,0x0,0x0,
0xc8,0x44,0x0,0x0,0x58,0x45,0x0,0x0,
0x98,0x47,0x0,0x0,0x98,0x48,0x0,0x0,
0x98,0x49,0x0,0x0,0xb0,0x4a,0x0,0x0,
0x58,0x4b,0x0,0x0,0x28,0x4e,0x0,0x0,
0x60,0x51,0x0,0x0,0x78,0x52,0x0,0x0,
0xd0,0x52,0x0,0x0,0x28,0x53,0x0,0x0,
0x98,0x53,0x0,0x0,0xf0,0x53,0x0,0x0,
0x48,0x54,0x0,0x0,0xa0,0x54,0x0,0x0,
0xf8,0x54,0x0,0x0,0x50,0x55,0x0,0x0,
0xa8,0x55,0x0,0x0,0x0,0x56,0x0,0x0,
0x58,0x56,0x0,0x0,0xb0,0x56,0x0,0x0,
0x8,0x57,0x0,0x0,0x60,0x57,0x0,0x0,
0xb8,0x57,0x0,0x0,0x10,0x58,0x0,0x0,
0x68,0x58,0x0,0x0,0xc0,0x58,0x0,0x0,
0x28,0x59,0x0,0x0,0x80,0x59,0x0,0x0,
0xd8,0x59,0x0,0x0,0x30,0x5a,0x0,0x0,
0x88,0x5a,0x0,0x0,0xe0,0x5a,0x0,0x0,
0x38,0x5b,0x0,0x0,0x98,0x5b,0x0,0x0,
0xf0,0x5b,0x0,0x0,0x48,0x5c,0x0,0x0,
0xa0,0x5c,0x0,0x0,0xf8,0x5c,0x0,0x0,
0x50,0x5d,0x0,0x0,0xd8,0x5d,0x0,0x0,
0x28,0x5e,0x0,0x0,0x80,0x5e,0x0,0x0,
0xf0,0x5e,0x0,0x0,0x70,0x5f,0x0,0x0,
0xf0,0x5f,0x0,0x0,0x80,0x60,0x0,0x0,
0xd8,0x60,0x0,0x0,0x40,0x61,0x0,0x0,
0xa0,0x61,0x0,0x0,0x0,0x62,0x0,0x0,
0x58,0x62,0x0,0x0,0xb0,0x62,0x0,0x0,
0x40,0x63,0x0,0x0,0x90,0x63,0x0,0x0,
0xe8,0x63,0x0,0x0,0xa0,0x64,0x0,0x0,
0x58,0x65,0x0,0x0,0x0,0x66,0x0,0x0,
0x50,0x66,0x0,0x0,0x78,0x67,0x0,0x0,
0xe8,0x67,0x0,0x0,0x70,0x68,0x0,0x0,
0xf8,0x68,0x0,0x0,0x58,0x69,0x0,0x0,
0xb8,0x69,0x0,0x0,0x10,0x6a,0x0,0x0,
0x68,0x6a,0x0,0x0,0xc0,0x6a,0x0,0x0,
0x18,0x6b,0x0,0x0,0x70,0x6b,0x0,0x0,
0x50,0x6c,0x0,0x0,0xb0,0x6c,0x0,0x0,
0x8,0x6d,0x0,0x0,0x68,0x6d,0x0,0x0,
0xc8,0x6d,0x0,0x0,0x20,0x6e,0x0,0x0,
0x78,0x6e,0x0,0x0,0xd0,0x6e,0x0,0x0,
0x28,0x6f,0x0,0x0,0x80,0x6f,0x0,0x0,
0xd8,0x6f,0x0,0x0,0x48,0x70,0x0,0x0,
0xd8,0x70,0x0,0x0,0x60,0x71,0x0,0x0,
0xb0,0x71,0x0,0x0,0x0,0x73,0x0,0x0,
0x60,0x73,0x0,0x0,0xc0,0x73,0x0,0x0,
0x50,0x74,0x0,0x0,0xa8,0x74,0x0,0x0,
0x0,0x75,0x0,0x0,0x58,0x75,0x0,0x0,
0xa8,0x75,0x0,0x0,0x0,0x76,0x0,0x0,
0xb0,0x76,0x0,0x0,0x8,0x77,0x0,0x0,
0x60,0x77,0x0,0x0,0xb8,0x77,0x0,0x0,
0x20,0x78,0x0,0x0,0x88,0x78,0x0,0x0,
0xe0,0x78,0x0,0x0,0x58,0x79,0x0,0x0,
0xb0,0x79,0x0,0x0,0x8,0x7a,0x0,0x0,
0x78,0x7a,0x0,0x0,0xd0,0x7a,0x0,0x0,
0x28,0x7b,0x0,0x0,0x80,0x7b,0x0,0x0,
0xd8,0x7b,0x0,0x0,0x30,0x7c,0x0,0x0,
0x88,0x7c,0x0,0x0,0xd8,0x7c,0x0,0x0,
0x38,0x7d,0x0,0x0,0xd0,0x7d,0x0,0x0,
0x20,0x7e,0x0,0x0,0xb0,0x7e,0x0,0x0,
0x8,0x7f,0x0,0x0,0x98,0x7f,0x0,0x0,
0xf0,0x7f,0x0,0x0,0x80,0x80,0x0,0x0,
0xd8,0x80,0x0,0x0,0x68,0x81,0x0,0x0,
0xc0,0x81,0x0,0x0,0x18,0x82,0x0,0x0,
0x70,0x82,0x0,0x0,0x0,0x83,0x0,0x0,
0x78,0x83,0x0,0x0,0xd0,0x83,0x0,0x0,
0x40,0x84,0x0,0x0,0x40,0x85,0x0,0x0,
0xa0,0x85,0x0,0x0,0x28,0x86,0x0,0x0,
0x80,0x86,0x0,0x0,0xe8,0x86,0x0,0x0,
0x40,0x87,0x0,0x0,0x98,0x87,0x0,0x0,
0x0,0x88,0x0,0x0,0x68,0x88,0x0,0x0,
0xc0,0x88,0x0,0x0,0x40,0x89,0x0,0x0,
0xa8,0x89,0x0,0x0,0x18,0x8a,0x0,0x0,
0x70,0x8a,0x0,0x0,0xd8,0x8a,0x0,0x0,
0x40,0x8b,0x0,0x0,0x98,0x8b,0x0,0x0,
0xf0,0x8b,0x0,0x0,0xb0,0x8c,0x0,0x0,
0x20,0x8d,0x0,0x0,0x98,0x8d,0x0,0x0,
0x0,0x8e,0x0,0x0,0x58,0x8e,0x0,0x0,
0xb0,0x8e,0x0,0x0,0x8,0x8f,0x0,0x0,
0x68,0x8f,0x0,0x0,0xd8,0x8f,0x0,0x0,
0x38,0x90,0x0,0x0,0xa0,0x90,0x0,0x0,
0x30,0x91,0x0,0x0,0x80,0x91,0x0,0x0,
0xe0,0x91,0x0,0x0,0x78,0x92,0x0,0x0,
0xc8,0x92,0x0,0x0,0x38,0x93,0x0,0x0,
0x90,0x93,0x0,0x0,0xf0,0x93,0x0,0x0,
0x40,0x94,0x0,0x0,0xd0,0x94,0x0,0x0,
0x20,0x95,0x0,0x0,0xa8,0x95,0x0,0x0,
0x60,0x96,0x0,0x0,0xa8,0x97,0x0,0x0,
0xf8,0x97,0x0,0x0,0x48,0x98,0x0,0x0,
0xb8,0x98,0x0,0x0,0x10,0x99,0x0,0x0,
0x70,0x99,0x0,0x0,0xc0,0x99,0x0,0x0,
0x18,0x9a,0x0,0x0,0xa0,0x9a,0x0,0x0,
0xf0,0x9a,0x0,0x0,0x40,0x9b,0x0,0x0,
0xb0,0x9b,0x0,0x0,0x8,0x9c,0x0,0x0,
0x68,0x9c,0x0,0x0,0xb8,0x9c,0x0,0x0,
0x8,0x9d,0x0,0x0,0x70,0x9e,0x0,0x0,
0x90,0x9f,0x0,0x0,0xa0,0xa0,0x0,0x0,
0xb0,0xa1,0x0,0x0,0x0,0xa2,0x0,0x0,
0x38,0xa4,0x0,0x0,0x30,0xa5,0x0,0x0,
0xd0,0xa5,0x0,0x0,0x28,0xa6,0x0,0x0,
0xf0,0xa6,0x0,0x0,0x40,0xa7,0x0,0x0,
0x98,0xa7,0x0,0x0,0x90,0xa8,0x0,0x0,
0xe0,0xa8,0x0,0x0,0x48,0xa9,0x0,0x0,
0xb0,0xa9,0x0,0x0,0x0,0xaa,0x0,0x0,
0x68,0xaa,0x0,0x0,0xc0,0xaa,0x0,0x0,
0x30,0xab,0x0,0x0,0x88,0xab,0x0,0x0,
0xe0,0xab,0x0,0x0,0x40,0xac,0x0,0x0,
0x20,0xad,0x0,0x0,0x80,0xad,0x0,0x0,
0x80,0xaf,0x0,0x0,0xd0,0xaf,0x0,0x0,
0xc0,0xb1,0x0,0x0,0x20,0xb2,0x0,0x0,
0x28,0xb3,0x0,0x0,0x98,0xb3,0x0,0x0,
0x10,0xb4,0x0,0x0,0x60,0xb4,0x0,0x0,
0xb0,0xb4,0x0,0x0,0x58,0xb9,0x0,0x0,
0x68,0xb9,0x0,0x0,0x78,0xb9,0x0,0x0,
0x88,0xb9,0x0,0x0,0x98,0xb9,0x0,0x0,
0xa8,0xb9,0x0,0x0,0xb8,0xb9,0x0,0x0,
0xc8,0xb9,0x0,0x0,0xd8,0xb9,0x0,0x0,
0xe8,0xb9,0x0,0x0,0xf8,0xb9,0x0,0x0,
0x8,0xba,0x0,0x0,0x18,0xba,0x0,0x0,
0x28,0xba,0x0,0x0,0x38,0xba,0x0,0x0,
0x50,0xba,0x0,0x0,0x60,0xba,0x0,0x0,
0x70,0xba,0x0,0x0,0x80,0xba,0x0,0x0,
0x90,0xba,0x0,0x0,0xa0,0xba,0x0,0x0,
0x33,0x15,0x0,0x0,0x33,0x15,0x0,0x0,
0x50,0x15,0x0,0x0,0x63,0x15,0x0,0x0,
0x63,0x15,0x0,0x0,0xd3,0x15,0x0,0x0,
0xb3,0x2,0x0,0x0,0x23,0x1,0x0,0x0,
0xd3,0x2,0x0,0x0,0x33,0x1,0x0,0x0,
0xe4,0x15,0x0,0x0,0xc3,0x0,0x0,0x0,
0xc3,0x0,0x0,0x0,0xf4,0x15,0x0,0x0,
0xd3,0x15,0x0,0x0,0xd3,0x15,0x0,0x0,
0xe4,0x15,0x0,0x0,0x34,0x16,0x0,0x0,
0xd3,0x15,0x0,0x0,0xe4,0x15,0x0,0x0,
0xc3,0x0,0x0,0x0,0xc3,0x0,0x0,0x0,
0x80,0x16,0x0,0x0,0xc3,0x0,0x0,0x0,
0x80,0x16,0x0,0x0,0x90,0x16,0x0,0x0,
0xc3,0x0,0x0,0x0,0x80,0x16,0x0,0x0,
0xa7,0x16,0x0,0x0,0xc3,0x0,0x0,0x0,
0xb0,0x16,0x0,0x0,0xd3,0x15,0x0,0x0,
0xc4,0x16,0x0,0x0,0xd3,0x16,0x0,0x0,
0x14,0x17,0x0,0x0,0xe4,0x16,0x0,0x0,
0xd3,0x15,0x0,0x0,0xc4,0x16,0x0,0x0,
0x53,0x17,0x0,0x0,0x20,0x17,0x0,0x0,
0x30,0x17,0x0,0x0,0x40,0x17,0x0,0x0,
0x64,0x17,0x0,0x0,0x53,0x17,0x0,0x0,
0x20,0x17,0x0,0x0,0x20,0x17,0x0,0x0,
0x20,0x17,0x0,0x0,0x30,0x17,0x0,0x0,
0x30,0x17,0x0,0x0,0x30,0x17,0x0,0x0,
0x40,0x17,0x0,0x0,0x40,0x17,0x0,0x0,
0x40,0x17,0x0,0x0,0x64,0x17,0x0,0x0,
0x53,0x17,0x0,0x0,0x20,0x17,0x0,0x0,
0x20,0x17,0x0,0x0,0x20,0x17,0x0,0x0,
0x30,0x17,0x0,0x0,0x30,0x17,0x0,0x0,
0x30,0x17,0x0,0x0,0x40,0x17,0x0,0x0,
0x40,0x17,0x0,0x0,0x40,0x17,0x0,0x0,
0x64,0x17,0x0,0x0,0x53,0x17,0x0,0x0,
0x20,0x17,0x0,0x0,0x30,0x17,0x0,0x0,
0x40,0x17,0x0,0x0,0x64,0x17,0x0,0x0,
0xc3,0x0,0x0,0x0,0xc3,0x0,0x0,0x0,
0x70,0x17,0x0,0x0,0xc3,0x0,0x0,0x0,
0xb0,0x16,0x0,0x0,0xc3,0x0,0x0,0x0,
0x70,0x17,0x0,0x0,0x90,0x16,0x0,0x0,
0xc3,0x0,0x0,0x0,0x70,0x17,0x0,0x0,
0xa7,0x16,0x0,0x0,0xc3,0x0,0x0,0x0,
0xc3,0x0,0x0,0x0,0xb0,0x16,0x0,0x0,
0xc3,0x0,0x0,0x0,0x80,0x17,0x0,0x0,
0x87,0x2,0x0,0x0,0x47,0x2,0x0,0x0,
0x67,0x2,0x0,0x0,0x27,0x2,0x0,0x0,
0xc3,0x0,0x0,0x0,0x63,0x0,0x0,0x0,
0xe1,0x0,0x0,0x0,0x13,0xf,0x0,0x0,
0xc3,0x0,0x0,0x0,0x90,0x17,0x0,0x0,
0xd1,0xe,0x0,0x0,0x63,0x0,0x0,0x0,
0xe1,0x0,0x0,0x0,0xc3,0x0,0x0,0x0,
0xa4,0x17,0x0,0x0,0x63,0x0,0x0,0x0,
0xe1,0x0,0x0,0x0,0x13,0xf,0x0,0x0,
0xd1,0xe,0x0,0x0,0x63,0x0,0x0,0x0,
0xe1,0x0,0x0,0x0,0x13,0x5,0x0,0x0,
0xf4,0x8,0x0,0x0,0xb3,0x17,0x0,0x0,
0x23,0x1,0x0,0x0,0x33,0x1,0x0,0x0,
0x53,0x0,0x0,0x0,0xc0,0x17,0x0,0x0,
0x43,0x1,0x0,0x0,0xb3,0x17,0x0,0x0,
0x53,0x3,0x0,0x0,0xd0,0x17,0x0,0x0,
0xb3,0x17,0x0,0x0,0xb3,0x17,0x0,0x0,
0xd0,0x3,0x0,0x0,0xb3,0x17,0x0,0x0,
0x0,0x4,0x0,0x0,0x53,0x3,0x0,0x0,
0xd0,0x17,0x0,0x0,0xb3,0x17,0x0,0x0,
0xd0,0x3,0x0,0x0,0xb3,0x17,0x0,0x0,
0x70,0x4,0x0,0x0,0xc3,0x4,0x0,0x0,
0x0,0x4,0x0,0x0,0xf3,0x4,0x0,0x0,
0x70,0x0,0x0,0x0,0xb3,0x2,0x0,0x0,
0xf3,0x4,0x0,0x0,0x80,0x0,0x0,0x0,
0xf3,0x4,0x0,0x0,0x70,0x0,0x0,0x0,
0xb3,0x17,0x0,0x0,0xd0,0x3,0x0,0x0,
0xb3,0x17,0x0,0x0,0x70,0x4,0x0,0x0,
0xb3,0x17,0x0,0x0,0x90,0x4,0x0,0x0,
0xd3,0x4,0x0,0x0,0x53,0x3,0x0,0x0,
0xd0,0x17,0x0,0x0,0xb3,0x17,0x0,0x0,
0xc3,0x4,0x0,0x0,0xd0,0x4,0x0,0x0,
0x63,0x5,0x0,0x0,0x23,0x5,0x0,0x0,
0x53,0x5,0x0,0x0,0x33,0x5,0x0,0x0,
0x73,0x9,0x0,0x0,0xb0,0x2,0x0,0x0,
0x73,0x9,0x0,0x0,0xb0,0x2,0x0,0x0,
0x23,0x5,0x0,0x0,0x73,0x9,0x0,0x0,
0xd0,0x2,0x0,0x0,0x73,0x9,0x0,0x0,
0xd0,0x2,0x0,0x0,0x53,0x6,0x0,0x0,
0x23,0x5,0x0,0x0,0xe4,0x17,0x0,0x0,
0x73,0x6,0x0,0x0,0x33,0x5,0x0,0x0,
0xe4,0x17,0x0,0x0,0x43,0x7,0x0,0x0,
0xf0,0x17,0x0,0x0,0xb3,0x6,0x0,0x0,
0x90,0x16,0x0,0x0,0xf3,0x9,0x0,0x0,
0xf0,0x7,0x0,0x0,0xf3,0x9,0x0,0x0,
0xd0,0x2,0x0,0x0,0xf3,0x9,0x0,0x0,
0xd0,0x2,0x0,0x0,0xf3,0x9,0x0,0x0,
0xd0,0x2,0x0,0x0,0x13,0x5,0x0,0x0,
0x30,0x5,0x0,0x0,0xf3,0x9,0x0,0x0,
0xf0,0x7,0x0,0x0,0xb3,0x6,0x0,0x0,
0x93,0x6,0x0,0x0,0x90,0x16,0x0,0x0,
0x73,0x9,0x0,0x0,0x10,0x8,0x0,0x0,
0x73,0x9,0x0,0x0,0xb0,0x2,0x0,0x0,
0x73,0x9,0x0,0x0,0xb0,0x2,0x0,0x0,
0x73,0x9,0x0,0x0,0xb0,0x2,0x0,0x0,
0x73,0x9,0x0,0x0,0x10,0x8,0x0,0x0,
0x13,0x5,0x0,0x0,0xc0,0x5,0x0,0x0,
0xb3,0x6,0x0,0x0,0x90,0x16,0x0,0x0,
0xf3,0x9,0x0,0x0,0xd0,0x2,0x0,0x0,
0xf3,0x9,0x0,0x0,0xd0,0x2,0x0,0x0,
0x13,0x5,0x0,0x0,0x30,0x5,0x0,0x0,
0xc7,0x7,0x0,0x0,0xf3,0x9,0x0,0x0,
0xf0,0x7,0x0,0x0,0xc7,0x7,0x0,0x0,
0xf3,0x9,0x0,0x0,0xf0,0x7,0x0,0x0,
0xc7,0x7,0x0,0x0,0x73,0x9,0x0,0x0,
0xb0,0x2,0x0,0x0,0x73,0x9,0x0,0x0,
0xb0,0x2,0x0,0x0,0x13,0x5,0x0,0x0,
0x20,0x5,0x0,0x0,0x73,0x9,0x0,0x0,
0x10,0x8,0x0,0x0,0x93,0x6,0x0,0x0,
0x13,0x5,0x0,0x0,0xb0,0x5,0x0,0x0,
0x90,0x16,0x0,0x0,0x90,0x16,0x0,0x0,
0x90,0x16,0x0,0x0,0x90,0x16,0x0,0x0,
0x93,0x6,0x0,0x0,0x90,0x16,0x0,0x0,
0x57,0x8,0x0,0x0,0xb3,0x6,0x0,0x0,
0x90,0x16,0x0,0x0,0x57,0x8,0x0,0x0,
0xe3,0x6,0x0,0x0,0x90,0x16,0x0,0x0,
0xe3,0x6,0x0,0x0,0x53,0xa,0x0,0x0,
0xd7,0x7,0x0,0x0,0x53,0xa,0x0,0x0,
0xb0,0x2,0x0,0x0,0x11,0x8,0x0,0x0,
0x53,0xa,0x0,0x0,0xc7,0x7,0x0,0x0,
0x53,0xa,0x0,0x0,0xd0,0x2,0x0,0x0,
0xf1,0x7,0x0,0x0,0x53,0xa,0x0,0x0,
0x41,0x4,0x0,0x0,0xe3,0x6,0x0,0x0,
0x90,0x16,0x0,0x0,0xe3,0x6,0x0,0x0,
0x3,0x7,0x0,0x0,0xf3,0x6,0x0,0x0,
0x53,0xa,0x0,0x0,0x40,0x4,0x0,0x0,
0x53,0xa,0x0,0x0,0x41,0x4,0x0,0x0,
0x93,0x6,0x0,0x0,0x90,0x16,0x0,0x0,
0xb3,0x6,0x0,0x0,0x90,0x16,0x0,0x0,
0xb3,0x6,0x0,0x0,0x90,0x16,0x0,0x0,
0xd3,0x15,0x0,0x0,0xd3,0x15,0x0,0x0,
0xe4,0x15,0x0,0x0,0x34,0x16,0x0,0x0,
0x43,0x7,0x0,0x0,0xf0,0x17,0x0,0x0,
0x43,0x7,0x0,0x0,0x14,0x18,0x0,0x0,
0x20,0x18,0x0,0x0,0x40,0x8,0x0,0x0,
0x43,0x7,0x0,0x0,0xd3,0x15,0x0,0x0,
0x80,0x8,0x0,0x0,0x34,0x16,0x0,0x0,
0x34,0x18,0x0,0x0,0x43,0x7,0x0,0x0,
0x44,0x18,0x0,0x0,0xb3,0x6,0x0,0x0,
0x90,0x16,0x0,0x0,0x43,0x7,0x0,0x0,
0xf0,0x17,0x0,0x0,0x43,0x7,0x0,0x0,
0x14,0x18,0x0,0x0,0x20,0x18,0x0,0x0,
0x40,0x8,0x0,0x0,0x43,0x7,0x0,0x0,
0x54,0x18,0x0,0x0,0x43,0x7,0x0,0x0,
0xf0,0x17,0x0,0x0,0xd3,0x5,0x0,0x0,
0xb3,0x6,0x0,0x0,0x90,0x16,0x0,0x0,
0x43,0x7,0x0,0x0,0xf0,0x17,0x0,0x0,
0x43,0x7,0x0,0x0,0x14,0x18,0x0,0x0,
0x20,0x18,0x0,0x0,0x43,0x7,0x0,0x0,
0xd3,0x15,0x0,0x0,0xd3,0x15,0x0,0x0,
0xe4,0x15,0x0,0x0,0x34,0x16,0x0,0x0,
0x64,0x18,0x0,0x0,0x43,0x7,0x0,0x0,
0x74,0x18,0x0,0x0,0xd3,0x5,0x0,0x0,
0xd3,0x6,0x0,0x0,0x73,0x9,0x0,0x0,
0xb0,0x2,0x0,0x0,0x73,0x9,0x0,0x0,
0xb0,0x2,0x0,0x0,0x13,0x5,0x0,0x0,
0x20,0x5,0x0,0x0,0xf3,0x9,0x0,0x0,
0xd0,0x2,0x0,0x0,0xf3,0x9,0x0,0x0,
0xd0,0x2,0x0,0x0,0x13,0x5,0x0,0x0,
0x30,0x5,0x0,0x0,0x73,0x9,0x0,0x0,
0x10,0x8,0x0,0x0,0x73,0x9,0x0,0x0,
0x10,0x8,0x0,0x0,0xf3,0x9,0x0,0x0,
0xf0,0x7,0x0,0x0,0xf3,0x9,0x0,0x0,
0xf0,0x7,0x0,0x0,0x57,0x8,0x0,0x0,
0x7,0x8,0x0,0x0,0xe7,0x7,0x0,0x0,
0x57,0x8,0x0,0x0,0x27,0x8,0x0,0x0,
0x3,0xd,0x0,0x0,0x94,0x18,0x0,0x0,
0x13,0xd,0x0,0x0,0x94,0x18,0x0,0x0,
0x43,0x7,0x0,0x0,0xf0,0x17,0x0,0x0,
0x57,0x8,0x0,0x0,0x3,0xd,0x0,0x0,
0x94,0x18,0x0,0x0,0x13,0xd,0x0,0x0,
0x94,0x18,0x0,0x0,0x43,0x7,0x0,0x0,
0xf0,0x17,0x0,0x0,0x57,0x8,0x0,0x0,
0xf7,0x8,0x0,0x0,0x90,0x16,0x0,0x0,
0xb4,0x18,0x0,0x0,0xd0,0x18,0x0,0x0,
0xd0,0x18,0x0,0x0,0xd0,0x18,0x0,0x0,
0xd0,0x18,0x0,0x0,0xc4,0x18,0x0,0x0,
0x37,0x9,0x0,0x0,0x3,0xd,0x0,0x0,
0x94,0x18,0x0,0x0,0xd3,0x5,0x0,0x0,
0xe3,0x5,0x0,0x0,0xf3,0x5,0x0,0x0,
0x90,0x16,0x0,0x0,0x13,0xd,0x0,0x0,
0x90,0x7,0x0,0x0,0x7,0x9,0x0,0x0,
0xf3,0x5,0x0,0x0,0xe3,0x5,0x0,0x0,
0x7,0x9,0x0,0x0,0xe3,0x5,0x0,0x0,
0xf3,0x5,0x0,0x0,0xe3,0x5,0x0,0x0,
0xd0,0x18,0x0,0x0,0xd0,0x18,0x0,0x0,
0xd0,0x18,0x0,0x0,0xd0,0x18,0x0,0x0,
0xd3,0x15,0x0,0x0,0x34,0x16,0x0,0x0,
0x47,0x9,0x0,0x0,0x3,0xd,0x0,0x0,
0xd3,0x15,0x0,0x0,0xd3,0x15,0x0,0x0,
0xe4,0x18,0x0,0x0,0x34,0x16,0x0,0x0,
0x71,0x7,0x0,0x0,0x3,0xd,0x0,0x0,
0xd4,0x18,0x0,0x0,0xd3,0x5,0x0,0x0,
0xd3,0x15,0x0,0x0,0x0,0x17,0x0,0x0,
0xa7,0x16,0x0,0x0,0xe4,0x18,0x0,0x0,
0xd3,0x15,0x0,0x0,0xf0,0x18,0x0,0x0,
0xa7,0x16,0x0,0x0,0xe4,0x18,0x0,0x0,
0xb3,0x6,0x0,0x0,0x90,0x16,0x0,0x0,
0xe3,0x5,0x0,0x0,0x37,0x9,0x0,0x0,
0x93,0x6,0x0,0x0,0x90,0x16,0x0,0x0,
0xe3,0x5,0x0,0x0,0x37,0x9,0x0,0x0,
0x27,0x8,0x0,0x0,0x0,0x19,0x0,0x0,
0x0,0x19,0x0,0x0,0xd0,0x18,0x0,0x0,
0xd0,0x18,0x0,0x0,0xd0,0x18,0x0,0x0,
0xd3,0x15,0x0,0x0,0xd3,0x15,0x0,0x0,
0xd3,0x15,0x0,0x0,0x34,0x16,0x0,0x0,
0xe4,0x18,0x0,0x0,0x34,0x16,0x0,0x0,
0x13,0xd,0x0,0x0,0x71,0x7,0x0,0x0,
0x13,0xd,0x0,0x0,0xd4,0x18,0x0,0x0,
0xe3,0x5,0x0,0x0,0x37,0x9,0x0,0x0,
0xe3,0x6,0x0,0x0,0x57,0x8,0x0,0x0,
0xd3,0x5,0x0,0x0,0x3,0xd,0x0,0x0,
0x90,0x7,0x0,0x0,0x43,0x7,0x0,0x0,
0xf0,0x17,0x0,0x0,0xd3,0x5,0x0,0x0,
0xe3,0x5,0x0,0x0,0xf3,0x5,0x0,0x0,
0x90,0x16,0x0,0x0,0x3,0xd,0x0,0x0,
0x90,0x7,0x0,0x0,0x7,0x9,0x0,0x0,
0xb3,0x17,0x0,0x0,0x10,0x6,0x0,0x0,
0xb3,0x17,0x0,0x0,0x30,0x6,0x0,0x0,
0x13,0x5,0x0,0x0,0xc4,0x8,0x0,0x0,
0x63,0x0,0x0,0x0,0x90,0x0,0x0,0x0,
0x13,0x5,0x0,0x0,0x20,0x5,0x0,0x0,
0x53,0x3,0x0,0x0,0xd0,0x17,0x0,0x0,
0x13,0x5,0x0,0x0,0x20,0x5,0x0,0x0,
0xb3,0x17,0x0,0x0,0x10,0x6,0x0,0x0,
0xb3,0x17,0x0,0x0,0x0,0x4,0x0,0x0,
0x63,0x0,0x0,0x0,0x90,0x0,0x0,0x0,
0x13,0x5,0x0,0x0,0x40,0x5,0x0,0x0,
0x13,0x5,0x0,0x0,0x50,0x5,0x0,0x0,
0x53,0x3,0x0,0x0,0xd0,0x17,0x0,0x0,
0x13,0x5,0x0,0x0,0x40,0x5,0x0,0x0,
0x13,0x5,0x0,0x0,0x50,0x5,0x0,0x0,
0xb3,0x17,0x0,0x0,0x10,0x6,0x0,0x0,
0xb3,0x17,0x0,0x0,0x30,0x6,0x0,0x0,
0x63,0x0,0x0,0x0,0x90,0x0,0x0,0x0,
0x73,0x9,0x0,0x0,0xb0,0x2,0x0,0x0,
0x13,0x5,0x0,0x0,0x70,0x5,0x0,0x0,
0x13,0x5,0x0,0x0,0x30,0x5,0x0,0x0,
0x53,0x3,0x0,0x0,0xd0,0x17,0x0,0x0,
0x13,0x5,0x0,0x0,0x60,0x5,0x0,0x0,
0x13,0x5,0x0,0x0,0x30,0x5,0x0,0x0,
0x73,0x9,0x0,0x0,0x10,0x6,0x0,0x0,
0xb3,0x17,0x0,0x0,0x0,0x4,0x0,0x0,
0x13,0x5,0x0,0x0,0x90,0x5,0x0,0x0,
0x63,0x0,0x0,0x0,0x90,0x0,0x0,0x0,
0x13,0x5,0x0,0x0,0x50,0x5,0x0,0x0,
0x13,0x5,0x0,0x0,0x50,0x5,0x0,0x0,
0x73,0x9,0x0,0x0,0xd0,0x3,0x0,0x0,
0xb3,0x9,0x0,0x0,0x30,0x6,0x0,0x0,
0x13,0x5,0x0,0x0,0x90,0x5,0x0,0x0,
0x13,0x5,0x0,0x0,0x30,0x5,0x0,0x0,
0x13,0x5,0x0,0x0,0x50,0x5,0x0,0x0,
0x43,0x7,0x0,0x0,0x63,0x0,0x0,0x0,
0x90,0x0,0x0,0x0,0x53,0x17,0x0,0x0,
0x64,0x17,0x0,0x0,0x13,0x5,0x0,0x0,
0x43,0x8,0x0,0x0,0xd4,0x7,0x0,0x0,
0xb3,0x2,0x0,0x0,0x13,0x5,0x0,0x0,
0x23,0x18,0x0,0x0,0xc4,0x7,0x0,0x0,
0xd3,0x2,0x0,0x0,0xd3,0x15,0x0,0x0,
0xd3,0x15,0x0,0x0,0xb3,0x8,0x0,0x0,
0xe4,0x15,0x0,0x0,0x34,0x16,0x0,0x0,
0x13,0x19,0x0,0x0,0x20,0x19,0x0,0x0,
0x13,0x5,0x0,0x0,0x0,0x7,0x0,0x0,
0x13,0x5,0x0,0x0,0x0,0x7,0x0,0x0,
0xf3,0xb,0x0,0x0,0x70,0x0,0x0,0x0,
0xb3,0x17,0x0,0x0,0x0,0x4,0x0,0x0,
0xb3,0x17,0x0,0x0,0x70,0x4,0x0,0x0,
0x13,0x5,0x0,0x0,0x0,0x7,0x0,0x0,
0x13,0x5,0x0,0x0,0xf0,0x6,0x0,0x0,
0x13,0x5,0x0,0x0,0x0,0x7,0x0,0x0,
0xb3,0x17,0x0,0x0,0x53,0x17,0x0,0x0,
0x50,0x19,0x0,0x0,0x13,0x5,0x0,0x0,
0xd0,0x6,0x0,0x0,0x13,0x5,0x0,0x0,
0x63,0xc,0x0,0x0,0x60,0x19,0x0,0x0,
0x63,0xc,0x0,0x0,0x70,0x19,0x0,0x0,
0xe4,0x8,0x0,0x0,0x13,0x5,0x0,0x0,
0xd0,0x6,0x0,0x0,0x13,0x5,0x0,0x0,
0x63,0xc,0x0,0x0,0x60,0x19,0x0,0x0,
0x63,0xc,0x0,0x0,0x70,0x19,0x0,0x0,
0xe4,0x8,0x0,0x0,0x13,0x5,0x0,0x0,
0xd0,0x6,0x0,0x0,0x13,0x5,0x0,0x0,
0x54,0x8,0x0,0x0,0x73,0x9,0x0,0x0,
0x13,0x5,0x0,0x0,0xd0,0x5,0x0,0x0,
0x13,0x5,0x0,0x0,0xe0,0x5,0x0,0x0,
0x13,0x5,0x0,0x0,0xf0,0x5,0x0,0x0,
0x90,0x16,0x0,0x0,0x13,0x5,0x0,0x0,
0x4,0x9,0x0,0x0,0x13,0x5,0x0,0x0,
0x13,0x5,0x0,0x0,0xf0,0x5,0x0,0x0,
0x13,0x5,0x0,0x0,0xe0,0x5,0x0,0x0,
0x44,0x9,0x0,0x0,0x13,0x5,0x0,0x0,
0x64,0x9,0x0,0x0,0xa3,0x2,0x0,0x0,
0x63,0x0,0x0,0x0,0x63,0x0,0x0,0x0,
0xd0,0x2,0x0,0x0,0x84,0x19,0x0,0x0,
0xf0,0x7,0x0,0x0,0xa3,0x2,0x0,0x0,
0x63,0x0,0x0,0x0,0x63,0x0,0x0,0x0,
0xb0,0x2,0x0,0x0,0x84,0x19,0x0,0x0,
0x10,0x8,0x0,0x0,0x53,0xd,0x0,0x0,
0xb3,0x2,0x0,0x0,0x33,0xd,0x0,0x0,
0xd3,0x2,0x0,0x0,0x93,0xd,0x0,0x0,
0x80,0x0,0x0,0x0,0x93,0xd,0x0,0x0,
0x70,0x0,0x0,0x0,0xc3,0x0,0x0,0x0,
0xb3,0x17,0x0,0x0,0x90,0x4,0x0,0x0,
0xb3,0x17,0x0,0x0,0x70,0x4,0x0,0x0,
0xc3,0x0,0x0,0x0,0xc3,0x0,0x0,0x0,
0x70,0x17,0x0,0x0,0xc3,0x0,0x0,0x0,
0x70,0x17,0x0,0x0,0x90,0x16,0x0,0x0,
0x53,0x2,0x0,0x0,0xd3,0x15,0x0,0x0,
0xd3,0x15,0x0,0x0,0xc3,0x0,0x0,0x0,
0x70,0x17,0x0,0x0,0x53,0x2,0x0,0x0,
0xe4,0x15,0x0,0x0,0x34,0x16,0x0,0x0,
0xc3,0xd,0x0,0x0,0x17,0x2,0x0,0x0,
0x23,0xd,0x0,0x0,0x70,0xd,0x0,0x0,
0xb3,0x17,0x0,0x0,0xd0,0x2,0x0,0x0,
0xe3,0xd,0x0,0x0,0xe3,0xd,0x0,0x0,
0xf7,0x1,0x0,0x0,0xb3,0x17,0x0,0x0,
0xd0,0x3,0x0,0x0,0xb3,0x17,0x0,0x0,
0x70,0x4,0x0,0x0,0xb3,0x17,0x0,0x0,
0x90,0x4,0x0,0x0,0xc3,0x0,0x0,0x0,
0x23,0xd,0x0,0x0,0xd0,0x3,0x0,0x0,
0x23,0xd,0x0,0x0,0x90,0x4,0x0,0x0,
0x63,0x0,0x0,0x0,0xf0,0x0,0x0,0x0,
0x63,0x0,0x0,0x0,0xf0,0x0,0x0,0x0,
0x90,0x16,0x0,0x0,0x63,0x0,0x0,0x0,
0xf0,0x0,0x0,0x0,0x63,0x0,0x0,0x0,
0xf0,0x0,0x0,0x0,0x90,0x16,0x0,0x0,
0x63,0x0,0x0,0x0,0xf0,0x0,0x0,0x0,
0x90,0x16,0x0,0x0,0x53,0x2,0x0,0x0,
0x63,0x0,0x0,0x0,0xf0,0x0,0x0,0x0,
0x63,0x0,0x0,0x0,0xf0,0x0,0x0,0x0,
0x90,0x16,0x0,0x0,0x33,0x8,0x0,0x0,
0x63,0x0,0x0,0x0,0xf0,0x0,0x0,0x0,
0x33,0x8,0x0,0x0,0x43,0xe,0x0,0x0,
0xc3,0x0,0x0,0x0,0xc3,0x0,0x0,0x0,
0x90,0x19,0x0,0x0,0xc3,0x0,0x0,0x0,
0x90,0x19,0x0,0x0,0x90,0x16,0x0,0x0,
0x33,0x8,0x0,0x0,0xc3,0x0,0x0,0x0,
0x90,0x19,0x0,0x0,0x33,0x8,0x0,0x0,
0xc3,0x0,0x0,0x0,0xc3,0x0,0x0,0x0,
0x70,0x17,0x0,0x0,0xc3,0x0,0x0,0x0,
0x70,0x17,0x0,0x0,0x90,0x16,0x0,0x0,
0x33,0x8,0x0,0x0,0xc3,0x0,0x0,0x0,
0x70,0x17,0x0,0x0,0x33,0x8,0x0,0x0,
0x14,0x17,0x0,0x0,0x14,0x17,0x0,0x0,
0x33,0x15,0x0,0x0,0x33,0x15,0x0,0x0,
0xb0,0x19,0x0,0x0,0x33,0x15,0x0,0x0,
0x33,0x15,0x0,0x0,0xc0,0x19,0x0,0x0,
0x33,0x15,0x0,0x0,0x33,0x15,0x0,0x0,
0xd3,0xe,0x0,0x0,0xd4,0x19,0x0,0x0,
0xb3,0x17,0x0,0x0,0xd0,0x3,0x0,0x0,
0xb3,0x17,0x0,0x0,0x90,0x4,0x0,0x0,
0x53,0xf,0x0,0x0,0x70,0x0,0x0,0x0,
0x73,0x0,0x0,0x0,0x53,0x17,0x0,0x0,
0xe0,0x19,0x0,0x0,0x63,0x0,0x0,0x0,
0xe0,0x0,0x0,0x0,0x63,0x0,0x0,0x0,
0xd3,0xe,0x0,0x0,0xd4,0x1,0x0,0x0,
0xb3,0x17,0x0,0x0,0x0,0x4,0x0,0x0,
0xb3,0x17,0x0,0x0,0x70,0x4,0x0,0x0,
0xd3,0x2,0x0,0x0,0x13,0xf,0x0,0x0,
0xd0,0xe,0x0,0x0,0x13,0xf,0x0,0x0,
0xd0,0xe,0x0,0x0,0xd3,0x2,0x0,0x0,
0x13,0xf,0x0,0x0,0xd0,0xe,0x0,0x0,
0xb3,0x17,0x0,0x0,0xb0,0x2,0x0,0x0,
0xb3,0x2,0x0,0x0,0xb3,0x17,0x0,0x0,
0x30,0x6,0x0,0x0,0x13,0x19,0x0,0x0,
0x30,0x1a,0x0,0x0,0xc3,0x0,0x0,0x0,
0xc3,0x0,0x0,0x0,0x40,0x1a,0x0,0x0,
0x23,0xd,0x0,0x0,0x40,0x4,0x0,0x0,
0x63,0x10,0x0,0x0,0xd0,0x3,0x0,0x0,
0x63,0x10,0x0,0x0,0x90,0x4,0x0,0x0,
0xe3,0xb,0x0,0x0,0x50,0x1a,0x0,0x0,
0xe3,0xb,0x0,0x0,0x50,0x1a,0x0,0x0,
0xe3,0xb,0x0,0x0,0x50,0x1a,0x0,0x0,
0xe3,0xb,0x0,0x0,0x50,0x1a,0x0,0x0,
0x53,0x2,0x0,0x0,0x63,0x0,0x0,0x0,
0xf0,0x0,0x0,0x0,0x33,0x8,0x0,0x0,
0xc3,0x0,0x0,0x0,0xc3,0x0,0x0,0x0,
0x40,0x1a,0x0,0x0,0xc3,0x0,0x0,0x0,
0x40,0x1a,0x0,0x0,0x90,0x16,0x0,0x0,
0x33,0x8,0x0,0x0,0xc3,0x0,0x0,0x0,
0x40,0x1a,0x0,0x0,0x33,0x8,0x0,0x0,
0x43,0xe,0x0,0x0,0x43,0x10,0x0,0x0,
0x43,0x10,0x0,0x0,0x60,0x1a,0x0,0x0,
0x43,0x10,0x0,0x0,0x60,0x1a,0x0,0x0,
0x14,0x17,0x0,0x0,0xe3,0xb,0x0,0x0,
0x50,0x1a,0x0,0x0,0x43,0x10,0x0,0x0,
0x43,0x10,0x0,0x0,0x10,0x10,0x0,0x0,
0x43,0x10,0x0,0x0,0x10,0x10,0x0,0x0,
0x14,0x17,0x0,0x0,0xe3,0xb,0x0,0x0,
0x50,0x1a,0x0,0x0,0x43,0x10,0x0,0x0,
0x43,0x10,0x0,0x0,0x90,0x1a,0x0,0x0,
0x43,0x10,0x0,0x0,0x90,0x1a,0x0,0x0,
0x14,0x17,0x0,0x0,0xe3,0xb,0x0,0x0,
0x50,0x1a,0x0,0x0,0x43,0x10,0x0,0x0,
0x43,0x10,0x0,0x0,0xa0,0x1a,0x0,0x0,
0x43,0x10,0x0,0x0,0xa0,0x1a,0x0,0x0,
0x14,0x17,0x0,0x0,0xe3,0xb,0x0,0x0,
0x50,0x1a,0x0,0x0,0x83,0x10,0x0,0x0,
0x70,0x0,0x0,0x0,0x83,0x10,0x0,0x0,
0x80,0x0,0x0,0x0,0xd3,0x15,0x0,0x0,
0x23,0xd,0x0,0x0,0x10,0x8,0x0,0x0,
0x73,0x10,0x0,0x0,0xb3,0x2,0x0,0x0,
0x34,0x16,0x0,0x0,0x23,0xd,0x0,0x0,
0xf0,0x7,0x0,0x0,0x23,0xd,0x0,0x0,
0xd0,0x2,0x0,0x0,0xd3,0x2,0x0,0x0,
0x23,0xd,0x0,0x0,0x40,0x4,0x0,0x0,
0x13,0x11,0x0,0x0,0x70,0x0,0x0,0x0,
0xb3,0x10,0x0,0x0,0xc3,0x10,0x0,0x0,
0xc3,0x0,0x0,0x0,0xc7,0x1a,0x0,0x0,
0xc3,0x0,0x0,0x0,0x80,0x17,0x0,0x0,
0xc7,0x1a,0x0,0x0,0xc3,0x0,0x0,0x0,
0xe0,0x1a,0x0,0x0,0xc7,0x1a,0x0,0x0,
0xc7,0x1a,0x0,0x0,0xc3,0x0,0x0,0x0,
0xc3,0x0,0x0,0x0,0x80,0x17,0x0,0x0,
0xc3,0x0,0x0,0x0,0xc3,0x0,0x0,0x0,
0x4,0x1b,0x0,0x0,0xa3,0x10,0x0,0x0,
0x30,0xc,0x0,0x0,0xa3,0x10,0x0,0x0,
0xe0,0x1,0x0,0x0,0xe3,0xb,0x0,0x0,
0x50,0x1a,0x0,0x0,0xe3,0xb,0x0,0x0,
0x30,0x1b,0x0,0x0,0xa3,0x10,0x0,0x0,
0xe0,0x1,0x0,0x0,0xa3,0x10,0x0,0x0,
0x60,0x1b,0x0,0x0,0xb3,0x17,0x0,0x0,
0x30,0x6,0x0,0x0,0xc3,0x0,0x0,0x0,
0xc3,0x0,0x0,0x0,0x80,0x1b,0x0,0x0,
0xc3,0x0,0x0,0x0,0x80,0x1b,0x0,0x0,
0x90,0x16,0x0,0x0,0x63,0x0,0x0,0x0,
0xf0,0x0,0x0,0x0,0x90,0x16,0x0,0x0,
0xc3,0x0,0x0,0x0,0xc3,0x0,0x0,0x0,
0x80,0x17,0x0,0x0,0xc3,0x0,0x0,0x0,
0xc3,0x0,0x0,0x0,0x80,0x1b,0x0,0x0,
0xc3,0x0,0x0,0x0,0x80,0x1b,0x0,0x0,
0xb3,0x11,0x0,0x0,0x80,0x0,0x0,0x0,
0xc3,0x0,0x0,0x0,0xc3,0x0,0x0,0x0,
0x80,0x16,0x0,0x0,0xc3,0x0,0x0,0x0,
0xc3,0x0,0x0,0x0,0x70,0x17,0x0,0x0,
0xb3,0x17,0x0,0x0,0x10,0x6,0x0,0x0,
0xb3,0x2,0x0,0x0,0xb3,0x17,0x0,0x0,
0xb0,0x17,0x0,0x0,0x70,0x11,0x0,0x0,
0xb3,0x17,0x0,0x0,0xb0,0x17,0x0,0x0,
0x90,0x11,0x0,0x0,0x93,0x1b,0x0,0x0,
0xa7,0x16,0x0,0x0,0x53,0x2,0x0,0x0,
0x97,0x2,0x0,0x0,0x93,0x1b,0x0,0x0,
0xa7,0x16,0x0,0x0,0x93,0x1b,0x0,0x0,
0xa7,0x16,0x0,0x0,0xc3,0x0,0x0,0x0,
0xc3,0x0,0x0,0x0,0xb0,0x16,0x0,0x0,
0x13,0x19,0x0,0x0,0x30,0x1a,0x0,0x0,
0xb3,0x17,0x0,0x0,0xb0,0x2,0x0,0x0,
0xe3,0xb,0x0,0x0,0x50,0x1a,0x0,0x0,
0x63,0x0,0x0,0x0,0xf0,0x0,0x0,0x0,
0x53,0x2,0x0,0x0,0x93,0x1b,0x0,0x0,
0xa7,0x16,0x0,0x0,0xc3,0x0,0x0,0x0,
0xc3,0x0,0x0,0x0,0x80,0x17,0x0,0x0,
0xe3,0x1,0x0,0x0,0x53,0x17,0x0,0x0,
0xc0,0x1b,0x0,0x0,0x53,0x17,0x0,0x0,
0xd0,0x1b,0x0,0x0,0xc3,0x0,0x0,0x0,
0xc3,0x0,0x0,0x0,0x53,0x2,0x0,0x0,
0xe4,0x1b,0x0,0x0,0xb3,0x17,0x0,0x0,
0xc3,0x0,0x0,0x0,0xc3,0x0,0x0,0x0,
0x80,0x17,0x0,0x0,0xc3,0x0,0x0,0x0,
0xc3,0x0,0x0,0x0,0xc3,0x0,0x0,0x0,
0xb0,0x16,0x0,0x0,0xf4,0x1b,0x0,0x0,
0xb3,0x17,0x0,0x0,0x53,0x17,0x0,0x0,
0x4,0x1c,0x0,0x0,0x53,0x3,0x0,0x0,
0x20,0x1c,0x0,0x0,0x13,0x12,0x0,0x0,
0xd0,0xe,0x0,0x0,0xb3,0x17,0x0,0x0,
0xc3,0x0,0x0,0x0,0xc3,0x0,0x0,0x0,
0xb0,0x16,0x0,0x0,0xc3,0x0,0x0,0x0,
0xc3,0x0,0x0,0x0,0x13,0x12,0x0,0x0,
0xc3,0x0,0x0,0x0,0xb0,0x16,0x0,0x0,
0xd1,0xe,0x0,0x0,0x33,0x1c,0x0,0x0,
0x40,0x1c,0x0,0x0,0x50,0x1c,0x0,0x0,
0x50,0x1c,0x0,0x0,0x51,0x1c,0x0,0x0,
0x33,0x1c,0x0,0x0,0x40,0x1c,0x0,0x0,
0x50,0x1c,0x0,0x0,0x53,0x17,0x0,0x0,
0x50,0x1c,0x0,0x0,0x64,0x1c,0x0,0x0,
0xd3,0x16,0x0,0x0,0xe4,0x16,0x0,0x0,
0xd3,0x16,0x0,0x0,0xe4,0x16,0x0,0x0,
0xb3,0x17,0x0,0x0,0x53,0x17,0x0,0x0,
0x4,0x1c,0x0,0x0,0x53,0x3,0x0,0x0,
0x20,0x1c,0x0,0x0,0xc3,0x12,0x0,0x0,
0xd0,0xe,0x0,0x0,0xb3,0x17,0x0,0x0,
0x63,0x0,0x0,0x0,0x90,0x0,0x0,0x0,
0x63,0x0,0x0,0x0,0x63,0x0,0x0,0x0,
0x90,0x0,0x0,0x0,0x91,0x0,0x0,0x0,
0xc3,0x1c,0x0,0x0,0xb3,0x17,0x0,0x0,
0x53,0x17,0x0,0x0,0x4,0x1c,0x0,0x0,
0x53,0x3,0x0,0x0,0x20,0x1c,0x0,0x0,
0xd3,0x12,0x0,0x0,0xd0,0xe,0x0,0x0,
0xb3,0x17,0x0,0x0,0xc3,0x0,0x0,0x0,
0xc3,0x0,0x0,0x0,0x63,0x0,0x0,0x0,
0xe0,0x0,0x0,0x0,0x63,0x0,0x0,0x0,
0xe1,0x0,0x0,0x0,0x13,0xf,0x0,0x0,
0xc3,0x0,0x0,0x0,0x90,0x17,0x0,0x0,
0xd1,0xe,0x0,0x0,0x63,0x0,0x0,0x0,
0xe1,0x0,0x0,0x0,0xc3,0x0,0x0,0x0,
0x90,0x17,0x0,0x0,0x13,0x5,0x0,0x0,
0x13,0x5,0x0,0x0,0xd4,0x8,0x0,0x0,
0x13,0x5,0x0,0x0,0x54,0x8,0x0,0x0,
0x63,0x0,0x0,0x0,0x90,0x0,0x0,0x0,
0x13,0x5,0x0,0x0,0x13,0x5,0x0,0x0,
0x64,0x8,0x0,0x0,0x63,0x0,0x0,0x0,
0x90,0x0,0x0,0x0,0x13,0x5,0x0,0x0,
0x13,0x5,0x0,0x0,0x94,0x8,0x0,0x0,
0x63,0x0,0x0,0x0,0x90,0x0,0x0,0x0,
0x13,0x5,0x0,0x0,0x13,0x5,0x0,0x0,
0xa4,0x8,0x0,0x0,0x33,0x15,0x0,0x0,
0x13,0x5,0x0,0x0,0x33,0x15,0x0,0x0,
0x33,0x15,0x0,0x0,0xb0,0x19,0x0,0x0,
0x63,0x0,0x0,0x0,0x10,0x1,0x0,0x0,
0x90,0x16,0x0,0x0,0x13,0x5,0x0,0x0,
0xf4,0x8,0x0,0x0,0x63,0x0,0x0,0x0,
0x11,0x1,0x0,0x0,0x33,0x15,0x0,0x0,
0xf0,0x1c,0x0,0x0,0x63,0x0,0x0,0x0,
0x10,0x1,0x0,0x0,0x63,0x0,0x0,0x0,
0x11,0x1,0x0,0x0,0xc3,0x0,0x0,0x0,
0xc3,0x0,0x0,0x0,0x20,0x9,0x0,0x0,
0xc3,0x0,0x0,0x0,0x20,0x9,0x0,0x0,
0x13,0x5,0x0,0x0,0x14,0x9,0x0,0x0,
0x13,0x5,0x0,0x0,0xf4,0x8,0x0,0x0,
0xc3,0x0,0x0,0x0,0x63,0x0,0x0,0x0,
0xe1,0x0,0x0,0x0,0x13,0xf,0x0,0x0,
0xc3,0x0,0x0,0x0,0x90,0x17,0x0,0x0,
0xd1,0xe,0x0,0x0,0x63,0x0,0x0,0x0,
0xe1,0x0,0x0,0x0,0xc3,0x0,0x0,0x0,
0xa4,0x17,0x0,0x0,0xc3,0x0,0x0,0x0,
0xc3,0x0,0x0,0x0,0xf4,0x15,0x0,0x0,
0x63,0x0,0x0,0x0,0x90,0x0,0x0,0x0,
0x43,0x4,0x0,0x0,0x13,0x5,0x0,0x0,
0x13,0x5,0x0,0x0,0xd4,0x8,0x0,0x0,
0x43,0x14,0x0,0x0,0xa0,0x2,0x0,0x0,
0x54,0x1d,0x0,0x0,0xb3,0x17,0x0,0x0,
0x63,0x0,0x0,0x0,0xa0,0x0,0x0,0x0,
0xd3,0x16,0x0,0x0,0x63,0x0,0x0,0x0,
0xa0,0x0,0x0,0x0,0xe4,0x16,0x0,0x0,
0x63,0x0,0x0,0x0,0x63,0x0,0x0,0x0,
0xa0,0x0,0x0,0x0,0xa1,0x0,0x0,0x0,
0xd3,0x16,0x0,0x0,0x63,0x0,0x0,0x0,
0xa0,0x0,0x0,0x0,0xe4,0x16,0x0,0x0,
0xb3,0x17,0x0,0x0,0xd3,0x13,0x0,0x0,
0xd0,0xe,0x0,0x0,0xd3,0x13,0x0,0x0,
0xd0,0xe,0x0,0x0,0xb3,0x17,0x0,0x0,
0xd3,0x13,0x0,0x0,0xd0,0xe,0x0,0x0,
0xb3,0x17,0x0,0x0,0x30,0x6,0x0,0x0,
0x53,0x17,0x0,0x0,0x4,0x1c,0x0,0x0,
0x63,0x0,0x0,0x0,0xa0,0x0,0x0,0x0,
0xc3,0x0,0x0,0x0,0xc3,0x0,0x0,0x0,
0xc4,0x1d,0x0,0x0,0xc3,0x0,0x0,0x0,
0xd4,0x1d,0x0,0x0,0xc3,0x0,0x0,0x0,
0xc3,0x0,0x0,0x0,0xc4,0x1d,0x0,0x0,
0xc3,0x0,0x0,0x0,0xd4,0x1d,0x0,0x0,
0xd3,0x15,0x0,0x0,0x34,0x16,0x0,0x0,
0xd3,0x15,0x0,0x0,0xe4,0x15,0x0,0x0,
0x53,0x17,0x0,0x0,0x64,0x17,0x0,0x0,
0xc3,0x0,0x0,0x0,0xc3,0x0,0x0,0x0,
0xc4,0x1d,0x0,0x0,0xc3,0x0,0x0,0x0,
0xd4,0x1d,0x0,0x0,0xc3,0x0,0x0,0x0,
0xb3,0x14,0x0,0x0,0xb3,0x17,0x0,0x0,
0xc3,0x0,0x0,0x0,0x43,0x14,0x0,0x0,
0xd4,0x14,0x0,0x0,0x43,0x14,0x0,0x0,
0x10,0x1e,0x0,0x0,0x11,0x1e,0x0,0x0,
0xc3,0x0,0x0,0x0,0xc4,0x1d,0x0,0x0,
0xc3,0x0,0x0,0x0,0xd4,0x1d,0x0,0x0,
0x14,0x17,0x0,0x0,0x24,0x1e,0x0,0x0,
0x90,0x16,0x0,0x0,0x90,0x16,0x0,0x0,
0xd3,0x16,0x0,0x0,0x64,0x1e,0x0,0x0,
0xe4,0x16,0x0,0x0,0x63,0x0,0x0,0x0,
0xb0,0x0,0x0,0x0,0xc3,0x0,0x0,0x0,
0xc3,0x0,0x0,0x0,0x84,0x1e,0x0,0x0,
0xc3,0x0,0x0,0x0,0xc4,0x1d,0x0,0x0,
0xc3,0x0,0x0,0x0,0xd4,0x1d,0x0,0x0,
0xd3,0x15,0x0,0x0,0x34,0x16,0x0,0x0,
0xd3,0x15,0x0,0x0,0xe4,0x15,0x0,0x0,
0xc3,0x0,0x0,0x0,0x94,0x1e,0x0,0x0,
0xc3,0x0,0x0,0x0,0xa4,0x1e,0x0,0x0,
0x43,0x14,0x0,0x0,0xa0,0x2,0x0,0x0,
0x54,0x1d,0x0,0x0,0x0,0x0,0x0,0x0,
0x0,0x0,0x0,0x0,0x0,0x0,0x0,0x0,
0x0,0x0,0x0,0x0,0x0,0x40,0x61,0x3f,
0x0,0x0,0x0,0x0,0x0,0xc0,0x73,0x3f,
0x0,0x0,0x0,0x0,0x0,0x40,0xac,0xbf,
0x0,0x0,0x0,0x0,0x0,0x40,0xd1,0xbf,
0x0,0x0,0x0,0x0,0x0,0x40,0xbd,0x3f,
0x0,0x0,0x0,0x0,0x0,0x40,0xb1,0x3f,
0x0,0x0,0x0,0x0,0x0,0x40,0xe1,0xbf,
0x0,0x0,0x0,0x0,0x0,0x40,0xb5,0x3f,
0x0,0x0,0x0,0x0,0x0,0x40,0xe5,0xbf,
0x0,0x0,0x0,0x0,0x0,0x40,0xc9,0x3f,
0x0,0x0,0x0,0x0,0x0,0x40,0xf5,0xbf,
0x0,0x0,0x0,0x0,0x0,0x40,0x5,0xc0,
0x0,0x0,0x0,0x0,0x0,0x94,0x67,0x3f,
0x0,0x0,0x0,0x0,0x0,0x0,0xae,0x3f,
0x0,0x0,0x0,0x0,0x0,0xc4,0x67,0x3f,
0x0,0x0,0x0,0x0,0x0,0x80,0x95,0x3f,
0x0,0x0,0x0,0x0,0x0,0x54,0x66,0x3f,
0x0,0x0,0x0,0x0,0x0,0x40,0xed,0x3f,
0x0,0x0,0x0,0x0,0x0,0x40,0xd5,0x3f,
0x0,0x0,0x0,0x0,0x0,0x40,0xf5,0x7f,
0x0,0x0,0x0,0x0,0x0,0x40,0x5,0x40,
0x0,0x0,0x0,0x0,0x0,0xe0,0x91,0x3f,
0x0,0x0,0x0,0x0,0x0,0x40,0xfd,0xbf,
0x0,0x0,0x0,0x0,0x0,0x40,0xf5,0x3f,
0x0,0x0,0x0,0x0,0x0,0x40,0xd9,0x3f,
0x0,0x0,0x0,0x0,0x0,0x40,0xc6,0xbf,
0x0,0x0,0x0,0x0,0x0,0x40,0xc3,0x3f,
0x0,0x0,0x0,0x0,0x0,0x40,0xfd,0x3f,
0x0,0x0,0x0,0x0,0x0,0x40,0xb3,0x3f,
0x0,0x0,0x0,0x0,0x0,0x40,0xc7,0x3f,
0x0,0x0,0x0,0x0,0x0,0x40,0xf1,0x3f,
0x0,0x0,0x0,0x0,0x0,0x40,0xdd,0x3f,
0x0,0x0,0x0,0x0,0x0,0x40,0xe5,0x3f,
0x0,0x0,0x0,0x0,0x0,0x80,0x97,0x3f,
0x0,0x0,0x0,0x0,0x0,0x40,0xac,0x3f,
0x0,0x0,0x0,0x0,0x0,0x40,0xa5,0x3f,
0x0,0x0,0x0,0x0,0x0,0x40,0xc5,0x3f,
0x0,0x0,0x0,0x0,0x0,0x40,0xd1,0x3f,
0x0,0x0,0x0,0x0,0x0,0x40,0xd7,0x3f,
0x0,0x0,0x0,0x0,0x0,0xc0,0xa1,0x3f,
0x0,0x0,0x0,0x0,0x0,0x40,0xb7,0x3f,
0x0,0x0,0x0,0x0,0x0,0xc0,0x93,0x3f,
0x0,0x0,0x0,0x0,0x0,0x40,0xcb,0x3f,
0x0,0x0,0x0,0x0,0x0,0x40,0x91,0x3f,
0x0,0x0,0x0,0x0,0x0,0xc0,0xb3,0x3f,
0x0,0x0,0x0,0x0,0x0,0x40,0xcf,0x3f,
0x0,0x0,0x0,0x0,0x0,0x40,0xc1,0x3f,
0x0,0x0,0x0,0x0,0x0,0x40,0xd5,0xbf,
0x0,0x0,0x0,0x0,0x0,0x40,0xed,0xbf,
0x0,0x0,0x0,0x0,0x0,0x40,0xd9,0xbf,
0x0,0x0,0x0,0x0,0x0,0x0,0x8a,0x3f,
0x0,0x0,0x0,0x0,0x0,0x40,0x89,0x3f,
0x0,0x0,0x0,0x0,0x0,0x40,0x66,0x3f,
0x0,0x0,0x0,0x0,0x0,0xe0,0x96,0x3f,
0x0,0x0,0x0,0x0,0x0,0x40,0x9c,0x3f,
0x9a,0x99,0x99,0x99,0x99,0xd9,0x1c,0x40,
0x0,0x0,0x0,0x0,0x0,0x40,0xcd,0x3f,
0x0,0x0,0x0,0x0,0x0,0x40,0xdf,0x3f,
0x0,0x0,0x0,0x0,0x0,0x80,0xaa,0x3f,
0x0,0x0,0x0,0x0,0x0,0x40,0xbc,0x3f,
0x33,0x33,0x33,0x33,0x33,0x73,0x1e,0x40,
0x33,0x33,0x33,0x33,0x33,0x73,0x16,0x40,
0x0,0x0,0x0,0x0,0x0,0xc0,0x3,0x0,
0x1,0x0,0x0,0x0,0x0,0xc0,0x3,0x0,
0x66,0x66,0x66,0x66,0x66,0x26,0x23,0x40,
0x7b,0x14,0xae,0x47,0xe1,0x3a,0x71,0x40,
0x2,0x0,0x0,0x0,0x0,0xc0,0x3,0x0,
0xc5,0x20,0xb0,0x72,0x68,0xd1,0x20,0x40,
0xb8,0x1e,0x85,0xeb,0x51,0xf8,0x1f,0x40,
0x2f,0xdd,0x24,0x6,0x81,0xd5,0x2e,0x40,
0x60,0xe5,0xd0,0x22,0xdb,0xb9,0x1f,0x40,
0x87,0x16,0xd9,0xce,0xf7,0x13,0x26,0x40,
0x58,0x39,0xb4,0xc8,0x76,0xfe,0x1e,0x40,
0xb4,0xc8,0x76,0xbe,0x9f,0x5a,0x3a,0x40,
0xf8,0x53,0xe3,0xa5,0x9b,0x84,0x25,0x40,
0x0,0x0,0x0,0x0,0x0,0x40,0x15,0x40,
0x7b,0x14,0xae,0x47,0xe1,0x3a,0x61,0x40,
0xf0,0x85,0xc9,0x54,0xc1,0x48,0xcf,0x3f,
0xa0,0x1a,0x2f,0xdd,0x24,0x9e,0xa9,0x3f,
0x60,0xe5,0xd0,0x22,0xdb,0x89,0x9d,0x3f,
0x8b,0x6c,0xe7,0xfb,0xa9,0xd,0x84,0x3f,
0x58,0x39,0xb4,0xc8,0x76,0xac,0x80,0x3f,
0x71,0x3d,0xa,0xd7,0xa3,0x6,0x8f,0x3f,
0x1f,0x85,0xeb,0x51,0xb8,0x26,0x8b,0x3f,
0x8f,0xc2,0xf5,0x28,0x5c,0x66,0x74,0x3f,
0xcb,0xa1,0x45,0xb6,0xf3,0xbe,0x77,0x3f,
0x8d,0x97,0x6e,0x12,0x83,0xfa,0x71,0x3f,
0x8b,0x6c,0xe7,0xfb,0xa9,0x1b,0x73,0x3f,
0x93,0x18,0x4,0x56,0xe,0xa5,0x72,0x3f,
0x29,0x5c,0x8f,0xc2,0xf5,0x1b,0x7c,0x3f,
0x27,0x31,0x8,0xac,0x1c,0xfb,0x7f,0x3f,
0x42,0x60,0xe5,0xd0,0x22,0x45,0x79,0x3f,
0xb8,0x1e,0x85,0xeb,0x51,0x7f,0x78,0x3f,
0x8b,0x6c,0xe7,0xfb,0xa9,0x29,0x7b,0x3f,
0x7b,0x14,0xae,0x47,0xe1,0x3e,0x7a,0x3f,
0xf6,0x28,0x5c,0x8f,0xc2,0x4,0x65,0x3f,
0x7b,0x14,0xae,0x47,0xe1,0x80,0x65,0x3f,
0x8f,0xc2,0xf5,0x28,0x5c,0x76,0x64,0x3f,
0xa,0xd7,0xa3,0x70,0x3d,0xe5,0x64,0x3f,
0xec,0x51,0xb8,0x1e,0x85,0x4d,0x67,0x3f,
0x33,0x33,0x33,0x33,0x33,0x2f,0x67,0x3f,
0xe1,0x7a,0x14,0xae,0x47,0x8e,0x67,0x3f,
0x8e,0x58,0x8b,0x4f,0x1,0x70,0x25,0x40,
0x34,0x80,0xb7,0x40,0x82,0x32,0xc1,0x3f,
0x51,0xda,0x1b,0x7c,0x61,0x12,0xb1,0x3f,
0x24,0x97,0xff,0x90,0x7e,0x2b,0xbb,0x3f,
0x7c,0x61,0x32,0x55,0x30,0x2,0xa1,0x3f,
0x2d,0xb2,0x9d,0xef,0xa7,0xe,0xac,0x3f,
0x5,0x0,0x0,0x0,0x0,0xc0,0x3,0x0,
0x50,0x0,0x0,0x0,0x0,0xc0,0x3,0x0,
0x7b,0x14,0xae,0x47,0xe1,0x3a,0x41,0x40,
0xb8,0x1e,0x85,0xeb,0x51,0xf8,0x1b,0x40,
0x8f,0xc2,0xf5,0x28,0x5c,0xcf,0x17,0x40,
0x7b,0x14,0xae,0x47,0xe1,0x3a,0x21,0x40,
0x9a,0x99,0x99,0x99,0x99,0xd9,0x3c,0x40,
0x33,0x33,0x33,0x33,0x33,0x73,0x6,0x40,
0x3,0x0,0x0,0x0,0x0,0xc0,0x3,0x0,
0x4,0x0,0x0,0x0,0x0,0xc0,0x3,0x0,
0x18,0x0,0x0,0x0,0x0,0xc0,0x3,0x0,
0xcd,0xcc,0xcc,0xcc,0xcc,0x8c,0x11,0x40,
0x66,0x66,0x66,0x66,0x66,0x26,0x13,0x40,
0xb8,0x1e,0x85,0xeb,0x51,0xf8,0x4b,0x40,
0x0,0x0,0x0,0x0,0x0,0x80,0x3,0x0,
0x0,0x0,0x0,0x0,0x0,0x28,0x9f,0x3f,
0x9a,0x99,0x99,0x99,0x99,0xd9,0x5c,0x40,
0x0,0x0,0x0,0x0,0x0,0x40,0xd,0x40,
0xd9,0xce,0xf7,0x53,0xe3,0xe5,0x3e,0x40,
0x7b,0x14,0xae,0x47,0xe1,0x3a,0x1d,0x40,
0x71,0x3d,0xa,0xd7,0xa3,0x30,0x14,0x40,
0x9a,0x99,0x99,0x99,0x99,0xd9,0x4c,0x40,
0x0,0x1c,0x0,0x0,0x10,0x1c,0x0,0x0,
0x20,0x1c,0x0,0x0,0x30,0x1c,0x0,0x0,
0x48,0x1c,0x0,0x0,0x60,0x1c,0x0,0x0,
0x70,0x1c,0x0,0x0,0x78,0x1c,0x0,0x0,
0x80,0x1c,0x0,0x0,0x88,0x1c,0x0,0x0,
0x98,0x1c,0x0,0x0,0xa8,0x1c,0x0,0x0,
0x3,0x0,0x0,0x0,0x72,0x1,0x0,0x0,
0x73,0x1,0x0,0x0,0x74,0x1,0x0,0x0,
0x3,0x0,0x0,0x0,0x72,0x1,0x0,0x0,
0x73,0x1,0x0,0x0,0x74,0x1,0x0,0x0,
0x3,0x0,0x0,0x0,0x72,0x1,0x0,0x0,
0x73,0x1,0x0,0x0,0x74,0x1,0x0,0x0,
0x4,0x0,0x0,0x0,0x82,0x1,0x0,0x0,
0x84,0x0,0x0,0x0,0x88,0x0,0x0,0x0,
0x8b,0x0,0x0,0x0,0x0,0x0,0x0,0x0,
0x4,0x0,0x0,0x0,0x82,0x1,0x0,0x0,
0x84,0x0,0x0,0x0,0x88,0x0,0x0,0x0,
0x8b,0x0,0x0,0x0,0x0,0x0,0x0,0x0,
0x2,0x0,0x0,0x0,0xde,0x1,0x0,0x0,
0xdf,0x1,0x0,0x0,0x0,0x0,0x0,0x0,
0x0,0x0,0x0,0x0,0x0,0x0,0x0,0x0,
0x0,0x0,0x0,0x0,0x0,0x0,0x0,0x0,
0x0,0x0,0x0,0x0,0x0,0x0,0x0,0x0,
0x2,0x0,0x0,0x0,0x1a,0x0,0x0,0x0,
0x2b,0x0,0x0,0x0,0x0,0x0,0x0,0x0,
0x2,0x0,0x0,0x0,0x1a,0x0,0x0,0x0,
0x2b,0x0,0x0,0x0,0x0,0x0,0x0,0x0,
0x2,0x0,0x0,0x0,0x1a,0x0,0x0,0x0,
0x2b,0x0,0x0,0x0,0x0,0x0,0x0,0x0,
0x5c,0x0,0x0,0x0,0x36,0x0,0x0,0x0,
0xd,0x0,0x0,0x0,0x0,0x0,0x0,0x0,
0x38,0x0,0x0,0x0,0x0,0x0,0x0,0x0,
0x38,0x0,0x0,0x0,0x0,0x0,0x3,0x0,
0xff,0xff,0xff,0xff,0x9,0x0,0x0,0x0,
0x14,0x0,0x50,0x0,0x0,0x0,0x0,0x0,
0x0,0x0,0x7,0x0,0x0,0x0,0x0,0x0,
0x0,0x0,0x0,0x0,0x14,0x0,0x0,0x0,
0x1,0x0,0x0,0x0,0x14,0x0,0x0,0x0,
0x15,0x0,0x0,0x0,0x1,0x0,0x0,0x0,
0x26,0x0,0x0,0x0,0x16,0x0,0x0,0x0,
0x1,0x0,0x0,0x0,0xe3,0x53,0x1,0x0,
0x0,0x18,0x7,0x13,0x54,0x1,0x0,0x0,
0x6e,0x7,0x50,0xa,0x2e,0x0,0x50,0x6,
0x2e,0x1,0x3c,0x2,0x4c,0x19,0xe3,0x56,
0x1,0x0,0x0,0x18,0x8,0x13,0x54,0x1,
0x0,0x0,0x6e,0x8,0x50,0x8,0x2e,0x3,
0x50,0x4,0x2e,0x4,0x4c,0x1,0xc,0x18,
0x6,0x2,0x0,0x0,0x0,0x0,0x0,0x0,
0x44,0x0,0x0,0x0,0x30,0x0,0x0,0x0,
0x10,0x0,0x0,0x0,0x0,0x0,0x0,0x0,
0x38,0x0,0x0,0x0,0x0,0x0,0x0,0x0,
0x38,0x0,0x0,0x0,0x0,0x0,0x1,0x0,
0xff,0xff,0xff,0xff,0xd,0x0,0x0,0x0,
0x18,0x0,0x50,0x0,0x0,0x0,0x0,0x0,
0x0,0x0,0x7,0x0,0x0,0x0,0x0,0x0,
0x0,0x0,0x0,0x0,0x18,0x0,0x0,0x0,
0x1,0x0,0x0,0x0,0x13,0x57,0x1,0x0,
0x0,0x18,0x7,0x13,0x58,0x1,0x0,0x0,
0x18,0x8,0x13,0x59,0x1,0x0,0x0,0x18,
0x9,0x13,0x5a,0x1,0x0,0x0,0x18,0xa,
0x13,0x5b,0x1,0x0,0x0,0x18,0xb,0x13,
0x5c,0x1,0x0,0x0,0x18,0xc,0xe8,0x6,
0x7,0x18,0x6,0x2,0x0,0x0,0x0,0x0,
0x44,0x0,0x0,0x0,0x20,0x0,0x0,0x0,
0x15,0x0,0x0,0x0,0x0,0x0,0x0,0x0,
0x38,0x0,0x0,0x0,0x0,0x0,0x0,0x0,
0x38,0x0,0x0,0x0,0x0,0x0,0x1,0x0,
0xff,0xff,0xff,0xff,0xd,0x0,0x0,0x0,
0x1d,0x0,0x50,0x0,0x0,0x0,0x0,0x0,
0x0,0x0,0x7,0x0,0x0,0x0,0x0,0x0,
0x0,0x0,0x0,0x0,0x1d,0x0,0x0,0x0,
0x1,0x0,0x0,0x0,0x2e,0x5,0x18,0x7,
0x2e,0x6,0x18,0xc,0x2e,0x7,0x9e,0xc,
0x18,0xa,0x2e,0x8,0x18,0xc,0x2e,0x9,
0x9e,0xc,0x18,0xb,0xac,0xa,0x7,0x2,
0xa,0x18,0x6,0x2,0x0,0x0,0x0,0x0,
0x70,0x0,0x0,0x0,0x12,0x0,0x0,0x0,
0x1d,0x0,0x0,0x0,0x1,0x0,0x1,0x0,
0x38,0x0,0x0,0x0,0x0,0x0,0x0,0x0,
0x40,0x0,0x0,0x0,0x0,0x0,0x4,0x0,
0xff,0xff,0xff,0xff,0xc,0x0,0x0,0x0,
0x24,0x0,0x50,0x0,0x0,0x0,0x0,0x0,
0x0,0x0,0x8,0x0,0x0,0x0,0x0,0x0,
0x1e,0x0,0x0,0x0,0x0,0x0,0x0,0x0,
0x0,0x0,0x0,0x0,0x25,0x0,0x0,0x0,
0x1,0x0,0x0,0x0,0x5,0x0,0x0,0x0,
0x26,0x0,0x0,0x0,0x2,0x0,0x0,0x0,
0x7,0x0,0x0,0x0,0x27,0x0,0x0,0x0,
0x4,0x0,0x0,0x0,0x10,0x0,0x0,0x0,
0x28,0x0,0x0,0x0,0x4,0x0,0x0,0x0,
0x2e,0xb,0x74,0x50,0x2,0xe,0x2,0x2e,
0xc,0x18,0x8,0xac,0xd,0x8,0x1,0x6,
0xe,0x2,0x0,0x0,0x0,0x0,0x0,0x0,
0x7c,0x0,0x0,0x0,0x1e,0x0,0x0,0x0,
0x1f,0x0,0x0,0x0,0x1,0x0,0x1,0x0,
0x38,0x0,0x0,0x0,0x0,0x0,0x0,0x0,
0x40,0x0,0x0,0x0,0x0,0x0,0x5,0x0,
0xff,0xff,0xff,0xff,0x8,0x0,0x0,0x0,
0x2a,0x0,0x50,0x0,0x0,0x0,0x0,0x0,
0x0,0x0,0x8,0x0,0x0,0x0,0x0,0x0,
0x20,0x0,0x0,0x0,0x0,0x0,0x0,0x0,
0x0,0x0,0x0,0x0,0x2b,0x0,0x0,0x0,
0x1,0x0,0x0,0x0,0x6,0x0,0x0,0x0,
0x2c,0x0,0x0,0x0,0x2,0x0,0x0,0x0,
0xc,0x0,0x0,0x0,0x2d,0x0,0x0,0x0,
0x3,0x0,0x0,0x0,0x12,0x0,0x0,0x0,
0x2e,0x0,0x0,0x0,0x4,0x0,0x0,0x0,
0x18,0x0,0x0,0x0,0x2f,0x0,0x0,0x0,
0x5,0x0,0x0,0x0,0x4,0x3c,0x66,0x6,
0x50,0x6,0x13,0x60,0x1,0x0,0x0,0x2,
0x4,0x3d,0x66,0x6,0x50,0x6,0x13,0x61,
0x1,0x0,0x0,0x2,0x13,0x62,0x1,0x0,
0x0,0x2,0x0,0x0,0x0,0x0,0x0,0x0,
0x64,0x0,0x0,0x0,0x39,0x0,0x0,0x0,
0x21,0x0,0x0,0x0,0x1,0x0,0x1,0x0,
0x38,0x0,0x0,0x0,0x0,0x0,0x0,0x0,
0x40,0x0,0x0,0x0,0x0,0x0,0x3,0x0,
0xff,0xff,0xff,0xff,0x14,0x0,0x0,0x0,
0x32,0x0,0x50,0x0,0x0,0x0,0x0,0x0,
0x0,0x0,0xa,0x0,0x0,0x0,0x0,0x0,
0x20,0x0,0x0,0x0,0x0,0x0,0x0,0x0,
0x0,0x0,0x0,0x0,0x33,0x0,0x0,0x0,
0x1,0x0,0x0,0x0,0x1f,0x0,0x0,0x0,
0x34,0x0,0x0,0x0,0x2,0x0,0x0,0x0,
0x23,0x0,0x0,0x0,0x35,0x0,0x0,0x0,
0x3,0x0,0x0,0x0,0x2e,0xe,0x18,0xa,
0x14,0x3e,0xd,0x2e,0xf,0x18,0xf,0x14,
0x3f,0x12,0x1a,0x6,0x13,0xac,0x10,0xf,
0x2,0x12,0x18,0xe,0xac,0x11,0xa,0x2,
0xd,0x18,0x9,0x4,0x40,0x18,0x8,0x2e,
0x12,0x18,0xa,0x14,0x3f,0xd,0x1a,0x9,
0xf,0x16,0x8,0x9e,0xf,0x18,0xe,0xac,
0x13,0xa,0x2,0xd,0x2,0x0,0x0,0x0,
0x0,0x0,0x0,0x0,0x0,0x0,0x0,0x0,
0x94,0x0,0x0,0x0,0x3b,0x0,0x0,0x0,
0x22,0x0,0x0,0x0,0x1,0x0,0x1,0x0,
0x38,0x0,0x0,0x0,0x0,0x0,0x0,0x0,
0x40,0x0,0x0,0x0,0x0,0x0,0x7,0x0,
0xff,0xff,0xff,0xff,0x8,0x0,0x0,0x0,
0x38,0x0,0x50,0x0,0x0,0x0,0x0,0x0,
0x0,0x0,0x8,0x0,0x0,0x0,0x0,0x0,
0x23,0x0,0x0,0x0,0x0,0x0,0x0,0x0,
0x0,0x0,0x0,0x0,0x39,0x0,0x0,0x0,
0x1,0x0,0x0,0x0,0x1a,0x0,0x0,0x0,
0x3b,0x0,0x0,0x0,0x2,0x0,0x0,0x0,
0x20,0x0,0x0,0x0,0x3d,0x0,0x0,0x0,
0x3,0x0,0x0,0x0,0x26,0x0,0x0,0x0,
0x3f,0x0,0x0,0x0,0x4,0x0,0x0,0x0,
0x2c,0x0,0x0,0x0,0x41,0x0,0x0,0x0,
0x5,0x0,0x0,0x0,0x32,0x0,0x0,0x0,
0x43,0x0,0x0,0x0,0x6,0x0,0x0,0x0,
0x38,0x0,0x0,0x0,0x45,0x0,0x0,0x0,
0x6,0x0,0x0,0x0,0x10,0x4,0x6c,0x6,
0x4e,0x14,0x10,0x3,0x6c,0x6,0x4e,0x14,
0x10,0x2,0x6c,0x6,0x4e,0x14,0x10,0x1,
0x6c,0x6,0x4e,0x14,0x4c,0x18,0x13,0x64,
0x1,0x0,0x0,0x2,0x13,0x65,0x1,0x0,
0x0,0x2,0x13,0x66,0x1,0x0,0x0,0x2,
0x13,0x61,0x1,0x0,0x0,0x2,0x13,0x67,
0x1,0x0,0x0,0x2,0x16,0x7,0x2,0x0,
0x0,0x0,0x0,0x0,0x0,0x0,0x0,0x0,
0xa0,0x0,0x0,0x0,0x79,0x0,0x0,0x0,
0x24,0x0,0x0,0x0,0x1,0x0,0x1,0x0,
0x38,0x0,0x0,0x0,0x0,0x0,0x0,0x0,
0x40,0x0,0x0,0x0,0x0,0x0,0x8,0x0,
0xff,0xff,0xff,0xff,0x15,0x0,0x0,0x0,
0x47,0x0,0x50,0x0,0x0,0x0,0x0,0x0,
0x0,0x0,0x9,0x0,0x0,0x0,0x0,0x0,
0x25,0x0,0x0,0x0,0x0,0x0,0x0,0x0,
0x0,0x0,0x0,0x0,0x48,0x0,0x0,0x0,
0x1,0x0,0x0,0x0,0xc,0x0,0x0,0x0,
0x49,0x0,0x0,0x0,0x2,0x0,0x0,0x0,
0xe,0x0,0x0,0x0,0x4a,0x0,0x0,0x0,
0x3,0x0,0x0,0x0,0x23,0x0,0x0,0x0,
0x4b,0x0,0x0,0x0,0x4,0x0,0x0,0x0,
0x25,0x0,0x0,0x0,0x4c,0x0,0x0,0x0,
0x5,0x0,0x0,0x0,0x37,0x0,0x0,0x0,
0x4d,0x0,0x0,0x0,0x6,0x0,0x0,0x0,
0x4e,0x0,0x0,0x0,0x4e,0x0,0x0,0x0,
0x9,0x0,0x0,0x0,0x76,0x0,0x0,0x0,
0x50,0x0,0x0,0x0,0xa,0x0,0x0,0x0,
0x2e,0x14,0x74,0x4e,0x7,0x2e,0x15,0x3c,
0x16,0x74,0x50,0x2,0x6,0x2,0x1a,0x6,
0x9,0x6,0x68,0x9,0x4e,0xd,0x1a,0x6,
0xa,0x2e,0x17,0x3c,0x18,0x3c,0x19,0x66,
0xa,0x50,0x2,0x6,0x2,0x2e,0x1a,0x3c,
0x1b,0x18,0xc,0x16,0x6,0x34,0xc,0x18,
0xb,0xb4,0x1c,0x1,0xb,0x18,0x8,0x2e,
0x1d,0x3c,0x1e,0x50,0x39,0x2e,0x1f,0x18,
0x9,0xac,0x20,0x9,0x1,0x8,0x18,0x9,
0x4,0x41,0x64,0x9,0x50,0x28,0x2e,0x21,
0x18,0xa,0x13,0x6f,0x1,0x0,0x0,0x18,
0xd,0x13,0x70,0x1,0x0,0x0,0x18,0xe,
0x1a,0x6,0xf,0x12,0x27,0x18,0x10,0x14,
0x42,0x14,0xac,0x22,0x8,0x1,0x14,0x18,
0x11,0xac,0x23,0xa,0x5,0xd,0x16,0x8,
0x2,0x0,0x0,0x0,0x0,0x0,0x0,0x0,
0x0,0x0,0x0,0x0,0x0,0x0,0x0,0x0,
0x54,0x1,0x0,0x0,0x7f,0x1,0x0,0x0,
0x26,0x0,0x0,0x0,0x1,0x0,0x1,0x0,
0x38,0x0,0x0,0x0,0x0,0x0,0x0,0x0,
0x40,0x0,0x0,0x0,0x0,0x0,0x17,0x0,
0xff,0xff,0xff,0xff,0x1c,0x0,0x0,0x0,
0x53,0x0,0x50,0x0,0x0,0x0,0x0,0x0,
0x0,0x0,0xf,0x0,0x0,0x0,0x0,0x0,
0x27,0x0,0x0,0x0,0x0,0x0,0x0,0x0,
0x0,0x0,0x0,0x0,0x54,0x0,0x0,0x0,
0x1,0x0,0x0,0x0,0xb,0x0,0x0,0x0,
0x5b,0x0,0x0,0x0,0x2,0x0,0x0,0x0,
0x1d,0x0,0x0,0x0,0x5c,0x0,0x0,0x0,
0x3,0x0,0x0,0x0,0x2f,0x0,0x0,0x0,
0x5d,0x0,0x0,0x0,0x4,0x0,0x0,0x0,
0x41,0x0,0x0,0x0,0x5f,0x0,0x0,0x0,
0x5,0x0,0x0,0x0,0x4a,0x0,0x0,0x0,
0x61,0x0,0x0,0x0,0x7,0x0,0x0,0x0,
0x69,0x0,0x0,0x0,0x62,0x0,0x0,0x0,
0x8,0x0,0x0,0x0,0x75,0x0,0x0,0x0,
0x65,0x0,0x0,0x0,0xa,0x0,0x0,0x0,
0x81,0x0,0x0,0x0,0x67,0x0,0x0,0x0,
0xb,0x0,0x0,0x0,0x89,0x0,0x0,0x0,
0x69,0x0,0x0,0x0,0xd,0x0,0x0,0x0,
0x8f,0x0,0x0,0x0,0x6a,0x0,0x0,0x0,
0xe,0x0,0x0,0x0,0x95,0x0,0x0,0x0,
0x6b,0x0,0x0,0x0,0xe,0x0,0x0,0x0,
0xb1,0x0,0x0,0x0,0x6c,0x0,0x0,0x0,
0xe,0x0,0x0,0x0,0xcd,0x0,0x0,0x0,
0x6d,0x0,0x0,0x0,0xe,0x0,0x0,0x0,
0xea,0x0,0x0,0x0,0x6a,0x0,0x0,0x0,
0xe,0x0,0x0,0x0,0xf0,0x0,0x0,0x0,
0x72,0x0,0x0,0x0,0x10,0x0,0x0,0x0,
0xfc,0x0,0x0,0x0,0x73,0x0,0x0,0x0,
0x11,0x0,0x0,0x0,0x2,0x1,0x0,0x0,
0x74,0x0,0x0,0x0,0x11,0x0,0x0,0x0,
0x1e,0x1,0x0,0x0,0x75,0x0,0x0,0x0,
0x11,0x0,0x0,0x0,0x3a,0x1,0x0,0x0,
0x76,0x0,0x0,0x0,0x11,0x0,0x0,0x0,
0x57,0x1,0x0,0x0,0x73,0x0,0x0,0x0,
0x11,0x0,0x0,0x0,0x5d,0x1,0x0,0x0,
0x7c,0x0,0x0,0x0,0x13,0x0,0x0,0x0,
0x7c,0x1,0x0,0x0,0x7e,0x0,0x0,0x0,
0x13,0x0,0x0,0x0,0x2e,0x24,0x18,0xf,
0xac,0x25,0xf,0x1,0x6,0x18,0x8,0x4,
0x43,0x18,0xf,0x4,0x44,0x18,0x10,0x4,
0x45,0x18,0x11,0xea,0x0,0x3,0xf,0x18,
0x9,0x10,0x1,0x18,0xf,0x4,0x46,0x18,
0x10,0x4,0x47,0x18,0x11,0xea,0x1,0x3,
0xf,0x18,0xe,0x4,0x48,0x18,0xf,0x4,
0x49,0x18,0x10,0x4,0x4a,0x18,0x11,0xea,
0x2,0x3,0xf,0x18,0xd,0x1a,0x8,0xf,
0x10,0x3,0x6a,0xf,0x50,0x1f,0x2e,0x26,
0x18,0x10,0x16,0x9,0x3c,0x27,0x18,0x13,
0x16,0x9,0x3c,0x28,0x18,0x14,0x16,0x9,
0x3c,0x29,0x18,0x15,0x14,0x3f,0x16,0xac,
0x2a,0x10,0x4,0x13,0x2,0x1a,0x8,0x10,
0x10,0x14,0x6a,0x10,0x51,0xe8,0x0,0x0,
0x0,0x10,0x3,0xa2,0x8,0x18,0x11,0x10,
0x11,0x9e,0x11,0x18,0xc,0x18,0x11,0x4,
0x4b,0x6a,0x11,0x50,0x67,0x10,0x2,0x9c,
0xc,0x18,0xa,0x2e,0x2b,0x18,0x12,0x16,
0x9,0x3c,0x2c,0x18,0x19,0x16,0xe,0x3c,
0x2d,0x18,0x1a,0x16,0x9,0x3c,0x2e,0xa2,
0x1a,0x18,0x1b,0x16,0xa,0x9c,0x1b,0x80,
0x19,0x18,0x15,0x16,0x9,0x3c,0x2f,0x18,
0x19,0x16,0xe,0x3c,0x30,0x18,0x1a,0x16,
0x9,0x3c,0x31,0xa2,0x1a,0x18,0x1b,0x16,
0xa,0x9c,0x1b,0x80,0x19,0x18,0x16,0x16,
0x9,0x3c,0x32,0x18,0x19,0x16,0xe,0x3c,
0x33,0x18,0x1a,0x16,0x9,0x3c,0x34,0xa2,
0x1a,0x18,0x1b,0x16,0xa,0x9c,0x1b,0x80,
0x19,0x18,0x17,0x14,0x3f,0x18,0xac,0x35,
0x12,0x4,0x15,0x2,0x4,0x4b,0xa2,0xc,
0x18,0x12,0x10,0x2,0x9c,0x12,0x18,0xb,
0x2e,0x36,0x18,0x12,0x16,0xe,0x3c,0x37,
0x18,0x19,0x16,0xd,0x3c,0x38,0x18,0x1a,
0x16,0xe,0x3c,0x39,0xa2,0x1a,0x18,0x1b,
0x16,0xb,0x9c,0x1b,0x80,0x19,0x18,0x15,
0x16,0xe,0x3c,0x3a,0x18,0x19,0x16,0xd,
0x3c,0x3b,0x18,0x1a,0x16,0xe,0x3c,0x3c,
0xa2,0x1a,0x18,0x1b,0x16,0xb,0x9c,0x1b,
0x80,0x19,0x18,0x16,0x16,0xe,0x3c,0x3d,
0x18,0x19,0x16,0xd,0x3c,0x3e,0x18,0x1a,
0x16,0xe,0x3c,0x3f,0xa2,0x1a,0x18,0x1b,
0x16,0xb,0x9c,0x1b,0x80,0x19,0x18,0x17,
0x14,0x3f,0x18,0xac,0x40,0x12,0x4,0x15,
0x2,0x2e,0x41,0x18,0x11,0x16,0xd,0x3c,
0x42,0x18,0x14,0x16,0xd,0x3c,0x43,0x18,
0x15,0x16,0xd,0x3c,0x44,0x18,0x16,0x14,
0x3f,0x17,0xac,0x45,0x11,0x4,0x14,0x2,
0x16,0x7,0x2,0x0,0x0,0x0,0x0,0x0,
0x0,0x0,0x0,0x0,0x0,0x0,0x0,0x0,
0xcc,0x0,0x0,0x0,0x62,0x0,0x0,0x0,
0x28,0x0,0x0,0x0,0x0,0x0,0x0,0x0,
0x38,0x0,0x0,0x0,0x0,0x0,0x0,0x0,
0x38,0x0,0x0,0x0,0x0,0x0,0xc,0x0,
0xff,0xff,0xff,0xff,0x11,0x0,0x0,0x0,
0x80,0x0,0x50,0x0,0x1,0x0,0x0,0x0,
0x0,0x0,0xc,0x0,0x0,0x0,0x0,0x0,
0x0,0x0,0x0,0x0,0x81,0x0,0x0,0x0,
0x1,0x0,0x0,0x0,0x13,0x0,0x0,0x0,
0x82,0x0,0x0,0x0,0x2,0x0,0x0,0x0,
0x16,0x0,0x0,0x0,0x84,0x0,0x0,0x0,
0x3,0x0,0x0,0x0,0x19,0x0,0x0,0x0,
0x85,0x0,0x0,0x0,0x4,0x0,0x0,0x0,
0x1d,0x0,0x0,0x0,0x86,0x0,0x0,0x0,
0x5,0x0,0x0,0x0,0x21,0x0,0x0,0x0,
0x88,0x0,0x0,0x0,0x6,0x0,0x0,0x0,
0x31,0x0,0x0,0x0,0x89,0x0,0x0,0x0,
0x8,0x0,0x0,0x0,0x43,0x0,0x0,0x0,
0x8a,0x0,0x0,0x0,0x9,0x0,0x0,0x0,
0x4f,0x0,0x0,0x0,0x8b,0x0,0x0,0x0,
0xc,0x0,0x0,0x0,0x53,0x0,0x0,0x0,
0x8c,0x0,0x0,0x0,0xe,0x0,0x0,0x0,
0x57,0x0,0x0,0x0,0x8e,0x0,0x0,0x0,
0xf,0x0,0x0,0x0,0x5f,0x0,0x0,0x0,
0x8f,0x0,0x0,0x0,0x10,0x0,0x0,0x0,
0x24,0x0,0x0,0x0,0x2e,0x46,0x74,0x4e,
0xe,0x2e,0x47,0x3c,0x48,0x74,0x4e,0x7,
0x2e,0x49,0x3c,0x4a,0x74,0x50,0x3,0x10,
0xff,0x2,0x6,0x18,0xa,0x10,0xff,0x18,
0x9,0x4,0x4c,0x18,0xb,0x6,0x18,0x7,
0x1a,0x7,0xc,0x2e,0x4b,0x3c,0x4c,0x3c,
0x4d,0x68,0xc,0x50,0x2e,0x2e,0x4e,0x3c,
0x4f,0x18,0x10,0x16,0x7,0x34,0x10,0x18,
0xf,0xb4,0x50,0x1,0xf,0x18,0x8,0x16,
0xa,0x64,0x8,0x50,0xe,0x16,0xb,0x64,
0x8,0x50,0x8,0x16,0x8,0x18,0xa,0x16,
0x7,0x18,0x9,0x16,0x7,0x7c,0x18,0x7,
0x56,0x4c,0xc5,0x16,0x9,0x2,0x0,0x0,
0x0,0x0,0x0,0x0,0x0,0x0,0x0,0x0,
0xa8,0x0,0x0,0x0,0x3b,0x0,0x0,0x0,
0x29,0x0,0x0,0x0,0x2,0x0,0x2,0x0,
0x38,0x0,0x0,0x0,0x0,0x0,0x0,0x0,
0x48,0x0,0x0,0x0,0x0,0x0,0x8,0x0,
0xff,0xff,0xff,0xff,0xe,0x0,0x0,0x0,
0x92,0x0,0x50,0x0,0x0,0x0,0x0,0x0,
0x0,0x0,0xb,0x0,0x0,0x0,0x0,0x0,
0x23,0x0,0x0,0x0,0x0,0x0,0x0,0x0,
0x25,0x0,0x0,0x0,0x0,0x0,0x0,0x0,
0x0,0x0,0x0,0x0,0x93,0x0,0x0,0x0,
0x1,0x0,0x0,0x0,0x11,0x0,0x0,0x0,
0x94,0x0,0x0,0x0,0x3,0x0,0x0,0x0,
0x17,0x0,0x0,0x0,0x95,0x0,0x0,0x0,
0x4,0x0,0x0,0x0,0x1d,0x0,0x0,0x0,
0x98,0x0,0x0,0x0,0x5,0x0,0x0,0x0,
0x28,0x0,0x0,0x0,0x9a,0x0,0x0,0x0,
0x7,0x0,0x0,0x0,0x2d,0x0,0x0,0x0,
0x9d,0x0,0x0,0x0,0x8,0x0,0x0,0x0,
0x33,0x0,0x0,0x0,0x9f,0x0,0x0,0x0,
0x9,0x0,0x0,0x0,0x38,0x0,0x0,0x0,
0xa0,0x0,0x0,0x0,0x9,0x0,0x0,0x0,
0x2e,0x51,0x50,0x2f,0x2e,0x52,0x3c,0x53,
0x50,0x29,0x2e,0x54,0x3c,0x55,0x74,0x50,
0x22,0xb4,0x56,0x0,0x0,0x18,0x9,0xb4,
0x57,0x1,0x7,0x18,0xa,0x6,0x66,0x9,
0x50,0xb,0x16,0x7,0x6c,0x9,0x50,0x5,
0xb4,0x58,0x1,0xa,0x2,0x13,0x67,0x1,
0x0,0x0,0x2,0xb4,0x59,0x1,0x6,0x2,
0x16,0x8,0x2,0x0,0x0,0x0,0x0,0x0,
0x0,0x0,0x0,0x0,0x0,0x0,0x0,0x0,
0xbc,0x0,0x0,0x0,0x54,0x0,0x0,0x0,
0x37,0x1,0x0,0x0,0x0,0x0,0x0,0x0,
0x38,0x0,0x0,0x0,0x0,0x0,0x0,0x0,
0x38,0x0,0x0,0x0,0x0,0x0,0xb,0x0,
0xff,0xff,0xff,0xff,0xa,0x0,0x0,0x0,
0x20,0x5,0x50,0x0,0x0,0x0,0x0,0x0,
0x0,0x0,0x7,0x0,0x0,0x0,0x0,0x0,
0x0,0x0,0x0,0x0,0x20,0x5,0x0,0x0,
0x0,0x0,0x0,0x0,0x1,0x0,0x0,0x0,
0x21,0x5,0x0,0x0,0x2,0x0,0x0,0x0,
0x5,0x0,0x0,0x0,0x22,0x5,0x0,0x0,
0x5,0x0,0x0,0x0,0xd,0x0,0x0,0x0,
0x23,0x5,0x0,0x0,0x7,0x0,0x0,0x0,
0x18,0x0,0x0,0x0,0x24,0x5,0x0,0x0,
0x9,0x0,0x0,0x0,0x20,0x0,0x0,0x0,
0x25,0x5,0x0,0x0,0xa,0x0,0x0,0x0,
0x2d,0x0,0x0,0x0,0x27,0x5,0x0,0x0,
0xd,0x0,0x0,0x0,0x35,0x0,0x0,0x0,
0x28,0x5,0x0,0x0,0xf,0x0,0x0,0x0,
0x3d,0x0,0x0,0x0,0x29,0x5,0x0,0x0,
0x11,0x0,0x0,0x0,0x45,0x0,0x0,0x0,
0x2a,0x5,0x0,0x0,0x12,0x0,0x0,0x0,
0x50,0x0,0x0,0x0,0x2c,0x5,0x0,0x0,
0x12,0x0,0x0,0x0,0xca,0x2e,0x5a,0x50,
0x28,0x2e,0x5b,0x18,0x7,0x8,0x42,0x5c,
0x7,0x2e,0x5d,0x18,0x7,0x2e,0x5e,0x3c,
0x5f,0x42,0x60,0x7,0x2e,0x61,0x18,0x7,
0xa,0x42,0x62,0x7,0x2e,0x63,0x18,0x7,
0xac,0x64,0x7,0x0,0x0,0x18,0x6,0x4c,
0x23,0x2e,0x65,0x18,0x7,0x8,0x42,0x66,
0x7,0x2e,0x67,0x18,0x7,0xa,0x42,0x68,
0x7,0x2e,0x69,0x18,0x7,0xa,0x42,0x6a,
0x7,0x2e,0x6b,0x18,0x7,0xac,0x6c,0x7,
0x0,0x0,0x18,0x6,0xd4,0x16,0x6,0x2,
0x0,0x0,0x0,0x0,0x0,0x0,0x0,0x0,
0x44,0x0,0x0,0x0,0x5,0x0,0x0,0x0,
0x19,0x0,0x0,0x0,0x0,0x0,0x0,0x0,
0x38,0x0,0x0,0x0,0x0,0x0,0x0,0x0,
0x38,0x0,0x0,0x0,0x0,0x0,0x1,0x0,
0xff,0xff,0xff,0xff,0x7,0x0,0x0,0x0,
0x20,0x0,0x90,0x0,0x0,0x0,0x0,0x0,
0x0,0x0,0x7,0x0,0x0,0x0,0x0,0x0,
0x0,0x0,0x0,0x0,0x20,0x0,0x0,0x0,
0x1,0x0,0x0,0x0,0x2e,0x6d,0x18,0x6,
0x2,0x0,0x0,0x0,0x0,0x0,0x0,0x0,
0x44,0x0,0x0,0x0,0x5,0x0,0x0,0x0,
0x2c,0x0,0x0,0x0,0x0,0x0,0x0,0x0,
0x38,0x0,0x0,0x0,0x0,0x0,0x0,0x0,
0x38,0x0,0x0,0x0,0x0,0x0,0x1,0x0,
0xff,0xff,0xff,0xff,0x7,0x0,0x0,0x0,
0xa4,0x0,0x90,0x0,0x0,0x0,0x0,0x0,
0x0,0x0,0x7,0x0,0x0,0x0,0x0,0x0,
0x0,0x0,0x0,0x0,0xa4,0x0,0x0,0x0,
0x1,0x0,0x0,0x0,0x2e,0x6e,0x18,0x6,
0x2,0x0,0x0,0x0,0x0,0x0,0x0,0x0,
0x44,0x0,0x0,0x0,0x5,0x0,0x0,0x0,
0x2e,0x0,0x0,0x0,0x0,0x0,0x0,0x0,
0x38,0x0,0x0,0x0,0x0,0x0,0x0,0x0,
0x38,0x0,0x0,0x0,0x0,0x0,0x1,0x0,
0xff,0xff,0xff,0xff,0x7,0x0,0x0,0x0,
0xa5,0x0,0x90,0x0,0x0,0x0,0x0,0x0,
0x0,0x0,0x7,0x0,0x0,0x0,0x0,0x0,
0x0,0x0,0x0,0x0,0xa5,0x0,0x0,0x0,
0x1,0x0,0x0,0x0,0x2e,0x6f,0x18,0x6,
0x2,0x0,0x0,0x0,0x0,0x0,0x0,0x0,
0x44,0x0,0x0,0x0,0x7,0x0,0x0,0x0,
0x32,0x0,0x0,0x0,0x0,0x0,0x0,0x0,
0x38,0x0,0x0,0x0,0x0,0x0,0x0,0x0,
0x38,0x0,0x0,0x0,0x0,0x0,0x1,0x0,
0xff,0xff,0xff,0xff,0x7,0x0,0x0,0x0,
0xa7,0x0,0x90,0x0,0x0,0x0,0x0,0x0,
0x0,0x0,0x7,0x0,0x0,0x0,0x0,0x0,
0x0,0x0,0x0,0x0,0xa7,0x0,0x0,0x0,
0x1,0x0,0x0,0x0,0x2e,0x70,0x3c,0x71,
0x18,0x6,0x2,0x0,0x0,0x0,0x0,0x0,
0x44,0x0,0x0,0x0,0x5,0x0,0x0,0x0,
0x34,0x0,0x0,0x0,0x0,0x0,0x0,0x0,
0x38,0x0,0x0,0x0,0x0,0x0,0x0,0x0,
0x38,0x0,0x0,0x0,0x0,0x0,0x1,0x0,
0xff,0xff,0xff,0xff,0x7,0x0,0x0,0x0,
0xa8,0x0,0x90,0x0,0x0,0x0,0x0,0x0,
0x0,0x0,0x7,0x0,0x0,0x0,0x0,0x0,
0x0,0x0,0x0,0x0,0xa8,0x0,0x0,0x0,
0x1,0x0,0x0,0x0,0x2e,0x72,0x18,0x6,
0x2,0x0,0x0,0x0,0x0,0x0,0x0,0x0,
0x44,0x0,0x0,0x0,0x5,0x0,0x0,0x0,
0x30,0x0,0x0,0x0,0x0,0x0,0x0,0x0,
0x38,0x0,0x0,0x0,0x0,0x0,0x0,0x0,
0x38,0x0,0x0,0x0,0x0,0x0,0x1,0x0,
0xff,0xff,0xff,0xff,0x7,0x0,0x0,0x0,
0xa6,0x0,0x90,0x0,0x0,0x0,0x0,0x0,
0x0,0x0,0x7,0x0,0x0,0x0,0x0,0x0,
0x0,0x0,0x0,0x0,0xa6,0x0,0x0,0x0,
0x1,0x0,0x0,0x0,0x2e,0x73,0x18,0x6,
0x2,0x0,0x0,0x0,0x0,0x0,0x0,0x0,
0x44,0x0,0x0,0x0,0x7,0x0,0x0,0x0,
0x3a,0x0,0x0,0x0,0x0,0x0,0x0,0x0,
0x38,0x0,0x0,0x0,0x0,0x0,0x0,0x0,
0x38,0x0,0x0,0x0,0x0,0x0,0x1,0x0,
0xff,0xff,0xff,0xff,0x7,0x0,0x0,0x0,
0xae,0x0,0xd0,0x0,0x0,0x0,0x0,0x0,
0x0,0x0,0x7,0x0,0x0,0x0,0x0,0x0,
0x0,0x0,0x0,0x0,0xae,0x0,0x0,0x0,
0x1,0x0,0x0,0x0,0x2e,0x74,0x3c,0x75,
0x18,0x6,0x2,0x0,0x0,0x0,0x0,0x0,
0x44,0x0,0x0,0x0,0x5,0x0,0x0,0x0,
0x19,0x0,0x0,0x0,0x0,0x0,0x0,0x0,
0x38,0x0,0x0,0x0,0x0,0x0,0x0,0x0,
0x38,0x0,0x0,0x0,0x0,0x0,0x1,0x0,
0xff,0xff,0xff,0xff,0x7,0x0,0x0,0x0,
0xac,0x0,0xd0,0x0,0x0,0x0,0x0,0x0,
0x0,0x0,0x7,0x0,0x0,0x0,0x0,0x0,
0x0,0x0,0x0,0x0,0xac,0x0,0x0,0x0,
0x1,0x0,0x0,0x0,0x2e,0x76,0x18,0x6,
0x2,0x0,0x0,0x0,0x0,0x0,0x0,0x0,
0x44,0x0,0x0,0x0,0x7,0x0,0x0,0x0,
0x3e,0x0,0x0,0x0,0x0,0x0,0x0,0x0,
0x38,0x0,0x0,0x0,0x0,0x0,0x0,0x0,
0x38,0x0,0x0,0x0,0x0,0x0,0x1,0x0,
0xff,0xff,0xff,0xff,0x7,0x0,0x0,0x0,
0xb5,0x0,0xd0,0x0,0x0,0x0,0x0,0x0,
0x0,0x0,0x7,0x0,0x0,0x0,0x0,0x0,
0x0,0x0,0x0,0x0,0xb5,0x0,0x0,0x0,
0x1,0x0,0x0,0x0,0x2e,0x77,0x3c,0x78,
0x18,0x6,0x2,0x0,0x0,0x0,0x0,0x0,
0x44,0x0,0x0,0x0,0x7,0x0,0x0,0x0,
0x41,0x0,0x0,0x0,0x0,0x0,0x0,0x0,
0x38,0x0,0x0,0x0,0x0,0x0,0x0,0x0,
0x38,0x0,0x0,0x0,0x0,0x0,0x1,0x0,
0xff,0xff,0xff,0xff,0x7,0x0,0x0,0x0,
0xb7,0x0,0xd0,0x0,0x0,0x0,0x0,0x0,
0x0,0x0,0x7,0x0,0x0,0x0,0x0,0x0,
0x0,0x0,0x0,0x0,0xb7,0x0,0x0,0x0,
0x1,0x0,0x0,0x0,0x2e,0x79,0x3c,0x7a,
0x18,0x6,0x2,0x0,0x0,0x0,0x0,0x0,
0x44,0x0,0x0,0x0,0x7,0x0,0x0,0x0,
0x3a,0x0,0x0,0x0,0x0,0x0,0x0,0x0,
0x38,0x0,0x0,0x0,0x0,0x0,0x0,0x0,
0x38,0x0,0x0,0x0,0x0,0x0,0x1,0x0,
0xff,0xff,0xff,0xff,0x7,0x0,0x0,0x0,
0xc5,0x0,0xd0,0x0,0x0,0x0,0x0,0x0,
0x0,0x0,0x7,0x0,0x0,0x0,0x0,0x0,
0x0,0x0,0x0,0x0,0xc5,0x0,0x0,0x0,
0x1,0x0,0x0,0x0,0x2e,0x7b,0x3c,0x7c,
0x18,0x6,0x2,0x0,0x0,0x0,0x0,0x0,
0x44,0x0,0x0,0x0,0x7,0x0,0x0,0x0,
0x3e,0x0,0x0,0x0,0x0,0x0,0x0,0x0,
0x38,0x0,0x0,0x0,0x0,0x0,0x0,0x0,
0x38,0x0,0x0,0x0,0x0,0x0,0x1,0x0,
0xff,0xff,0xff,0xff,0x7,0x0,0x0,0x0,
0xc1,0x0,0xd0,0x0,0x0,0x0,0x0,0x0,
0x0,0x0,0x7,0x0,0x0,0x0,0x0,0x0,
0x0,0x0,0x0,0x0,0xc1,0x0,0x0,0x0,
0x1,0x0,0x0,0x0,0x2e,0x7d,0x3c,0x7e,
0x18,0x6,0x2,0x0,0x0,0x0,0x0,0x0,
0x44,0x0,0x0,0x0,0xa,0x0,0x0,0x0,
0x48,0x0,0x0,0x0,0x0,0x0,0x0,0x0,
0x38,0x0,0x0,0x0,0x0,0x0,0x0,0x0,
0x38,0x0,0x0,0x0,0x0,0x0,0x1,0x0,
0xff,0xff,0xff,0xff,0x7,0x0,0x0,0x0,
0xc2,0x0,0xd0,0x0,0x0,0x0,0x0,0x0,
0x0,0x0,0x7,0x0,0x0,0x0,0x0,0x0,
0x0,0x0,0x0,0x0,0xc2,0x0,0x0,0x0,
0x1,0x0,0x0,0x0,0x2e,0x7f,0x3d,0x80,
0x0,0x0,0x0,0x18,0x6,0x2,0x0,0x0,
0x0,0x0,0x0,0x0,0x0,0x0,0x0,0x0,
0x44,0x0,0x0,0x0,0xd,0x0,0x0,0x0,
0x4a,0x0,0x0,0x0,0x0,0x0,0x0,0x0,
0x38,0x0,0x0,0x0,0x0,0x0,0x0,0x0,
0x38,0x0,0x0,0x0,0x0,0x0,0x1,0x0,
0xff,0xff,0xff,0xff,0x7,0x0,0x0,0x0,
0xc3,0x0,0xd0,0x0,0x0,0x0,0x0,0x0,
0x0,0x0,0x7,0x0,0x0,0x0,0x0,0x0,
0x0,0x0,0x0,0x0,0xc3,0x0,0x0,0x0,
0x1,0x0,0x0,0x0,0x2f,0x81,0x0,0x0,
0x0,0x3d,0x82,0x0,0x0,0x0,0x18,0x6,
0x2,0x0,0x0,0x0,0x0,0x0,0x0,0x0,
0x5c,0x0,0x0,0x0,0x3c,0x0,0x0,0x0,
0x2e,0x0,0x0,0x0,0x0,0x0,0x0,0x0,
0x38,0x0,0x0,0x0,0x0,0x0,0x0,0x0,
0x38,0x0,0x0,0x0,0x0,0x0,0x3,0x0,
0xff,0xff,0xff,0xff,0xa,0x0,0x0,0x0,
0xd2,0x0,0xd0,0x0,0x0,0x0,0x0,0x0,
0x0,0x0,0x7,0x0,0x0,0x0,0x0,0x0,
0x0,0x0,0x0,0x0,0xd2,0x0,0x0,0x0,
0x1,0x0,0x0,0x0,0x11,0x0,0x0,0x0,
0xd3,0x0,0x0,0x0,0x1,0x0,0x0,0x0,
0x3b,0x0,0x0,0x0,0xd4,0x0,0x0,0x0,
0x1,0x0,0x0,0x0,0x2f,0x83,0x0,0x0,
0x0,0x3d,0x84,0x0,0x0,0x0,0x18,0x7,
0x6,0x64,0x7,0x50,0x23,0x2f,0x85,0x0,
0x0,0x0,0x18,0x8,0x2f,0x86,0x0,0x0,
0x0,0x3d,0x87,0x0,0x0,0x0,0x9c,0x8,
0x18,0x9,0x2f,0x88,0x0,0x0,0x0,0x3d,
0x89,0x0,0x0,0x0,0x9e,0x9,0x4c,0x5,
0x11,0xfa,0x0,0x0,0x0,0x18,0x6,0x2,
0x0,0x0,0x0,0x0,0x0,0x0,0x0,0x0,
0x44,0x0,0x0,0x0,0xd,0x0,0x0,0x0,
0x3e,0x0,0x0,0x0,0x0,0x0,0x0,0x0,
0x38,0x0,0x0,0x0,0x0,0x0,0x0,0x0,
0x38,0x0,0x0,0x0,0x0,0x0,0x1,0x0,
0xff,0xff,0xff,0xff,0x7,0x0,0x0,0x0,
0xce,0x0,0x10,0x1,0x0,0x0,0x0,0x0,
0x0,0x0,0x7,0x0,0x0,0x0,0x0,0x0,
0x0,0x0,0x0,0x0,0xce,0x0,0x0,0x0,
0x1,0x0,0x0,0x0,0x2f,0x8a,0x0,0x0,
0x0,0x3d,0x8b,0x0,0x0,0x0,0x18,0x6,
0x2,0x0,0x0,0x0,0x0,0x0,0x0,0x0,
0x44,0x0,0x0,0x0,0xd,0x0,0x0,0x0,
0x48,0x0,0x0,0x0,0x0,0x0,0x0,0x0,
0x38,0x0,0x0,0x0,0x0,0x0,0x0,0x0,
0x38,0x0,0x0,0x0,0x0,0x0,0x1,0x0,
0xff,0xff,0xff,0xff,0x7,0x0,0x0,0x0,
0xcf,0x0,0x10,0x1,0x0,0x0,0x0,0x0,
0x0,0x0,0x7,0x0,0x0,0x0,0x0,0x0,
0x0,0x0,0x0,0x0,0xcf,0x0,0x0,0x0,
0x1,0x0,0x0,0x0,0x2f,0x8c,0x0,0x0,
0x0,0x3d,0x8d,0x0,0x0,0x0,0x18,0x6,
0x2,0x0,0x0,0x0,0x0,0x0,0x0,0x0,
0x44,0x0,0x0,0x0,0xd,0x0,0x0,0x0,
0x4a,0x0,0x0,0x0,0x0,0x0,0x0,0x0,
0x38,0x0,0x0,0x0,0x0,0x0,0x0,0x0,
0x38,0x0,0x0,0x0,0x0,0x0,0x1,0x0,
0xff,0xff,0xff,0xff,0x7,0x0,0x0,0x0,
0xd0,0x0,0x10,0x1,0x0,0x0,0x0,0x0,
0x0,0x0,0x7,0x0,0x0,0x0,0x0,0x0,
0x0,0x0,0x0,0x0,0xd0,0x0,0x0,0x0,
0x1,0x0,0x0,0x0,0x2f,0x8e,0x0,0x0,
0x0,0x3d,0x8f,0x0,0x0,0x0,0x18,0x6,
0x2,0x0,0x0,0x0,0x0,0x0,0x0,0x0,
0x44,0x0,0x0,0x0,0x8,0x0,0x0,0x0,
0x4e,0x0,0x0,0x0,0x0,0x0,0x0,0x0,
0x38,0x0,0x0,0x0,0x0,0x0,0x0,0x0,
0x38,0x0,0x0,0x0,0x0,0x0,0x1,0x0,
0xff,0xff,0xff,0xff,0x7,0x0,0x0,0x0,
0xd1,0x0,0x10,0x1,0x0,0x0,0x0,0x0,
0x0,0x0,0x7,0x0,0x0,0x0,0x0,0x0,
0x0,0x0,0x0,0x0,0xd1,0x0,0x0,0x0,
0x1,0x0,0x0,0x0,0x2f,0x90,0x0,0x0,
0x0,0x18,0x6,0x2,0x0,0x0,0x0,0x0,
0x44,0x0,0x0,0x0,0xd,0x0,0x0,0x0,
0x3a,0x0,0x0,0x0,0x0,0x0,0x0,0x0,
0x38,0x0,0x0,0x0,0x0,0x0,0x0,0x0,
0x38,0x0,0x0,0x0,0x0,0x0,0x1,0x0,
0xff,0xff,0xff,0xff,0x7,0x0,0x0,0x0,
0xdc,0x0,0x10,0x1,0x0,0x0,0x0,0x0,
0x0,0x0,0x7,0x0,0x0,0x0,0x0,0x0,
0x0,0x0,0x0,0x0,0xdc,0x0,0x0,0x0,
0x1,0x0,0x0,0x0,0x2f,0x91,0x0,0x0,
0x0,0x3d,0x92,0x0,0x0,0x0,0x18,0x6,
0x2,0x0,0x0,0x0,0x0,0x0,0x0,0x0,
0x44,0x0,0x0,0x0,0x8,0x0,0x0,0x0,
0x19,0x0,0x0,0x0,0x0,0x0,0x0,0x0,
0x38,0x0,0x0,0x0,0x0,0x0,0x0,0x0,
0x38,0x0,0x0,0x0,0x0,0x0,0x1,0x0,
0xff,0xff,0xff,0xff,0x7,0x0,0x0,0x0,
0xda,0x0,0x10,0x1,0x0,0x0,0x0,0x0,
0x0,0x0,0x7,0x0,0x0,0x0,0x0,0x0,
0x0,0x0,0x0,0x0,0xda,0x0,0x0,0x0,
0x1,0x0,0x0,0x0,0x2f,0x93,0x0,0x0,
0x0,0x18,0x6,0x2,0x0,0x0,0x0,0x0,
0x44,0x0,0x0,0x0,0xe,0x0,0x0,0x0,
0x4e,0x0,0x0,0x0,0x0,0x0,0x0,0x0,
0x38,0x0,0x0,0x0,0x0,0x0,0x0,0x0,
0x38,0x0,0x0,0x0,0x0,0x0,0x1,0x0,
0xff,0xff,0xff,0xff,0x7,0x0,0x0,0x0,
0xdb,0x0,0x10,0x1,0x0,0x0,0x0,0x0,
0x0,0x0,0x7,0x0,0x0,0x0,0x0,0x0,
0x0,0x0,0x0,0x0,0xdb,0x0,0x0,0x0,
0x1,0x0,0x0,0x0,0x2f,0x94,0x0,0x0,
0x0,0x3d,0x95,0x0,0x0,0x0,0x78,0x18,
0x6,0x2,0x0,0x0,0x0,0x0,0x0,0x0,
0x44,0x0,0x0,0x0,0x11,0x0,0x0,0x0,
0x58,0x0,0x0,0x0,0x0,0x0,0x0,0x0,
0x38,0x0,0x0,0x0,0x0,0x0,0x0,0x0,
0x38,0x0,0x0,0x0,0x0,0x0,0x1,0x0,
0xff,0xff,0xff,0xff,0x8,0x0,0x0,0x0,
0xe8,0x0,0x10,0x1,0x0,0x0,0x0,0x0,
0x0,0x0,0x7,0x0,0x0,0x0,0x0,0x0,
0x0,0x0,0x0,0x0,0xe8,0x0,0x0,0x0,
0x1,0x0,0x0,0x0,0x2f,0x96,0x0,0x0,
0x0,0x18,0x7,0x2f,0x97,0x0,0x0,0x0,
0xa2,0x7,0x18,0x6,0x2,0x0,0x0,0x0,
0x0,0x0,0x0,0x0,0x0,0x0,0x0,0x0,
0x44,0x0,0x0,0x0,0x17,0x0,0x0,0x0,
0x5a,0x0,0x0,0x0,0x0,0x0,0x0,0x0,
0x38,0x0,0x0,0x0,0x0,0x0,0x0,0x0,
0x38,0x0,0x0,0x0,0x0,0x0,0x1,0x0,
0xff,0xff,0xff,0xff,0x9,0x0,0x0,0x0,
0xe9,0x0,0x10,0x1,0x0,0x0,0x0,0x0,
0x0,0x0,0x7,0x0,0x0,0x0,0x0,0x0,
0x0,0x0,0x0,0x0,0xe9,0x0,0x0,0x0,
0x1,0x0,0x0,0x0,0x2f,0x98,0x0,0x0,
0x0,0x18,0x7,0x2f,0x99,0x0,0x0,0x0,
0xa2,0x7,0x18,0x8,0x10,0x2,0x9e,0x8,
0x18,0x6,0x2,0x0,0x0,0x0,0x0,0x0,
0x44,0x0,0x0,0x0,0x6,0x0,0x0,0x0,
0x60,0x0,0x0,0x0,0x0,0x0,0x0,0x0,
0x38,0x0,0x0,0x0,0x0,0x0,0x0,0x0,
0x38,0x0,0x0,0x0,0x0,0x0,0x1,0x0,
0xff,0xff,0xff,0xff,0x7,0x0,0x0,0x0,
0xee,0x0,0x10,0x1,0x0,0x0,0x0,0x0,
0x0,0x0,0x7,0x0,0x0,0x0,0x0,0x0,
0x0,0x0,0x0,0x0,0xee,0x0,0x0,0x0,
0x1,0x0,0x0,0x0,0xe8,0x0,0x0,0x18,
0x6,0x2,0x0,0x0,0x0,0x0,0x0,0x0,
0x44,0x0,0x0,0x0,0x25,0x0,0x0,0x0,
0x2c,0x0,0x0,0x0,0x0,0x0,0x0,0x0,
0x38,0x0,0x0,0x0,0x0,0x0,0x0,0x0,
0x38,0x0,0x0,0x0,0x0,0x0,0x1,0x0,
0xff,0xff,0xff,0xff,0x8,0x0,0x0,0x0,
0xef,0x0,0x10,0x1,0x0,0x0,0x0,0x0,
0x0,0x0,0x7,0x0,0x0,0x0,0x0,0x0,
0x0,0x0,0x0,0x0,0xef,0x0,0x0,0x0,
0x1,0x0,0x0,0x0,0x2f,0x9a,0x0,0x0,
0x0,0x3d,0x9b,0x0,0x0,0x0,0x18,0x7,
0x6,0x64,0x7,0x50,0xc,0x2f,0x9c,0x0,
0x0,0x0,0x3d,0x9d,0x0,0x0,0x0,0x4c,
0x5,0x2f,0x9e,0x0,0x0,0x0,0x18,0x6,
0x2,0x0,0x0,0x0,0x0,0x0,0x0,0x0,
0x44,0x0,0x0,0x0,0x25,0x0,0x0,0x0,
0x2e,0x0,0x0,0x0,0x0,0x0,0x0,0x0,
0x38,0x0,0x0,0x0,0x0,0x0,0x0,0x0,
0x38,0x0,0x0,0x0,0x0,0x0,0x1,0x0,
0xff,0xff,0xff,0xff,0x8,0x0,0x0,0x0,
0xf0,0x0,0x10,0x1,0x0,0x0,0x0,0x0,
0x0,0x0,0x7,0x0,0x0,0x0,0x0,0x0,
0x0,0x0,0x0,0x0,0xf0,0x0,0x0,0x0,
0x1,0x0,0x0,0x0,0x2f,0x9f,0x0,0x0,
0x0,0x3d,0xa0,0x0,0x0,0x0,0x18,0x7,
0x6,0x64,0x7,0x50,0xc,0x2f,0xa1,0x0,
0x0,0x0,0x3d,0xa2,0x0,0x0,0x0,0x4c,
0x5,0x11,0xa5,0x0,0x0,0x0,0x18,0x6,
0x2,0x0,0x0,0x0,0x0,0x0,0x0,0x0,
0x50,0x0,0x0,0x0,0x54,0x0,0x0,0x0,
0x66,0x0,0x0,0x0,0x0,0x0,0x0,0x0,
0x38,0x0,0x0,0x0,0x0,0x0,0x0,0x0,
0x38,0x0,0x0,0x0,0x0,0x0,0x2,0x0,
0xff,0xff,0xff,0xff,0x21,0x0,0x0,0x0,
0xf5,0x0,0x10,0x1,0x0,0x0,0x0,0x0,
0x0,0x0,0x7,0x0,0x0,0x0,0x0,0x0,
0x0,0x0,0x0,0x0,0xf5,0x0,0x0,0x0,
0x1,0x0,0x0,0x0,0x53,0x0,0x0,0x0,
0x10,0x1,0x0,0x0,0x1,0x0,0x0,0x0,
0x14,0x3e,0x7,0x14,0x4d,0x8,0x14,0x4e,
0x9,0x14,0x4f,0xa,0x14,0x50,0xb,0x14,
0x51,0xc,0x14,0x52,0xd,0x14,0x53,0xe,
0x14,0x54,0xf,0x14,0x55,0x10,0x14,0x56,
0x11,0x14,0x57,0x12,0x14,0x58,0x13,0x14,
0x59,0x14,0x14,0x5a,0x15,0x14,0x5b,0x16,
0x14,0x5c,0x17,0x14,0x5d,0x18,0x14,0x5e,
0x19,0x14,0x5f,0x1a,0x14,0x60,0x1b,0x14,
0x61,0x1c,0x14,0x62,0x1d,0x14,0x63,0x1e,
0x14,0x64,0x1f,0x14,0x65,0x20,0xe8,0x1a,
0x7,0x18,0x6,0x2,0x0,0x0,0x0,0x0,
0x44,0x0,0x0,0x0,0x18,0x0,0x0,0x0,
0x68,0x0,0x0,0x0,0x0,0x0,0x0,0x0,
0x38,0x0,0x0,0x0,0x0,0x0,0x0,0x0,
0x38,0x0,0x0,0x0,0x0,0x0,0x1,0x0,
0xff,0xff,0xff,0xff,0xd,0x0,0x0,0x0,
0x12,0x1,0x10,0x1,0x0,0x0,0x0,0x0,
0x0,0x0,0x7,0x0,0x0,0x0,0x0,0x0,
0x0,0x0,0x0,0x0,0x12,0x1,0x0,0x0,
0x1,0x0,0x0,0x0,0x14,0x66,0x7,0x14,
0x67,0x8,0x14,0x68,0x9,0x14,0x69,0xa,
0x14,0x6a,0xb,0x14,0x6b,0xc,0xe8,0x6,
0x7,0x18,0x6,0x2,0x0,0x0,0x0,0x0,
0x50,0x0,0x0,0x0,0x1f,0x0,0x0,0x0,
0x6a,0x0,0x0,0x0,0x0,0x0,0x0,0x0,
0x38,0x0,0x0,0x0,0x0,0x0,0x0,0x0,
0x38,0x0,0x0,0x0,0x0,0x0,0x2,0x0,
0xff,0xff,0xff,0xff,0xb,0x0,0x0,0x0,
0x13,0x1,0x10,0x1,0x0,0x0,0x0,0x0,
0x0,0x0,0x7,0x0,0x0,0x0,0x0,0x0,
0x0,0x0,0x0,0x0,0x13,0x1,0x0,0x0,
0x1,0x0,0x0,0x0,0x1e,0x0,0x0,0x0,
0x15,0x1,0x0,0x0,0x1,0x0,0x0,0x0,
0x2f,0xa3,0x0,0x0,0x0,0x18,0x7,0x28,
0x2a,0x18,0xa,0xad,0xa5,0x0,0x0,0x0,
0x7,0x0,0x0,0x0,0x1,0x0,0x0,0x0,
0xa,0x0,0x0,0x0,0x18,0x6,0x2,0x0,
0x0,0x0,0x0,0x0,0x0,0x0,0x0,0x0,
0x4c,0x0,0x0,0x0,0x8,0x0,0x0,0x0,
0x0,0x0,0x0,0x0,0x1,0x0,0x1,0x0,
0x38,0x0,0x0,0x0,0x0,0x0,0x0,0x0,
0x40,0x0,0x0,0x0,0x0,0x0,0x1,0x0,
0xff,0xff,0xff,0xff,0x8,0x0,0x0,0x0,
0x13,0x1,0x80,0x5,0x0,0x0,0x0,0x0,
0x0,0x0,0x8,0x0,0x0,0x0,0x0,0x0,
0x20,0x0,0x0,0x0,0x0,0x0,0x0,0x0,
0x0,0x0,0x0,0x0,0x14,0x1,0x0,0x0,
0x1,0x0,0x0,0x0,0x2f,0xa4,0x0,0x0,
0x0,0x9e,0x6,0x2,0x0,0x0,0x0,0x0,
0x50,0x0,0x0,0x0,0x1f,0x0,0x0,0x0,
0x6c,0x0,0x0,0x0,0x0,0x0,0x0,0x0,
0x38,0x0,0x0,0x0,0x0,0x0,0x0,0x0,
0x38,0x0,0x0,0x0,0x0,0x0,0x2,0x0,
0xff,0xff,0xff,0xff,0xb,0x0,0x0,0x0,
0x16,0x1,0x10,0x1,0x0,0x0,0x0,0x0,
0x0,0x0,0x7,0x0,0x0,0x0,0x0,0x0,
0x0,0x0,0x0,0x0,0x16,0x1,0x0,0x0,
0x1,0x0,0x0,0x0,0x1e,0x0,0x0,0x0,
0x18,0x1,0x0,0x0,0x1,0x0,0x0,0x0,
0x2f,0xa6,0x0,0x0,0x0,0x18,0x7,0x28,
0x2c,0x18,0xa,0xad,0xa8,0x0,0x0,0x0,
0x7,0x0,0x0,0x0,0x1,0x0,0x0,0x0,
0xa,0x0,0x0,0x0,0x18,0x6,0x2,0x0,
0x0,0x0,0x0,0x0,0x0,0x0,0x0,0x0,
0x4c,0x0,0x0,0x0,0x8,0x0,0x0,0x0,
0x0,0x0,0x0,0x0,0x1,0x0,0x1,0x0,
0x38,0x0,0x0,0x0,0x0,0x0,0x0,0x0,
0x40,0x0,0x0,0x0,0x0,0x0,0x1,0x0,
0xff,0xff,0xff,0xff,0x8,0x0,0x0,0x0,
0x16,0x1,0x60,0x5,0x0,0x0,0x0,0x0,
0x0,0x0,0x8,0x0,0x0,0x0,0x0,0x0,
0x20,0x0,0x0,0x0,0x0,0x0,0x0,0x0,
0x0,0x0,0x0,0x0,0x17,0x1,0x0,0x0,
0x1,0x0,0x0,0x0,0x2f,0xa7,0x0,0x0,
0x0,0x9e,0x6,0x2,0x0,0x0,0x0,0x0,
0x44,0x0,0x0,0x0,0x12,0x0,0x0,0x0,
0x72,0x0,0x0,0x0,0x0,0x0,0x0,0x0,
0x38,0x0,0x0,0x0,0x0,0x0,0x0,0x0,
0x38,0x0,0x0,0x0,0x0,0x0,0x1,0x0,
0xff,0xff,0xff,0xff,0x8,0x0,0x0,0x0,
0x1e,0x1,0x10,0x1,0x0,0x0,0x0,0x0,
0x0,0x0,0x7,0x0,0x0,0x0,0x0,0x0,
0x0,0x0,0x0,0x0,0x1e,0x1,0x0,0x0,
0x1,0x0,0x0,0x0,0x2f,0xa9,0x0,0x0,
0x0,0x3d,0xaa,0x0,0x0,0x0,0x18,0x7,
0x6,0x64,0x7,0x18,0x6,0x2,0x0,0x0,
0x0,0x0,0x0,0x0,0x0,0x0,0x0,0x0,
0x7c,0x0,0x0,0x0,0x84,0x0,0x0,0x0,
0x7c,0x0,0x0,0x0,0x1,0x0,0x1,0x0,
0x38,0x0,0x0,0x0,0x0,0x0,0x0,0x0,
0x40,0x0,0x0,0x0,0x0,0x0,0x5,0x0,
0xff,0xff,0xff,0xff,0xd,0x0,0x0,0x0,
0x2c,0x1,0x10,0x1,0x0,0x0,0x0,0x0,
0x0,0x0,0x9,0x0,0x0,0x0,0x0,0x0,
0x25,0x0,0x0,0x0,0x0,0x0,0x0,0x0,
0x0,0x0,0x0,0x0,0x2d,0x1,0x0,0x0,
0x1,0x0,0x0,0x0,0x19,0x0,0x0,0x0,
0x2e,0x1,0x0,0x0,0x3,0x0,0x0,0x0,
0x38,0x0,0x0,0x0,0x30,0x1,0x0,0x0,
0x4,0x0,0x0,0x0,0x61,0x0,0x0,0x0,
0x31,0x1,0x0,0x0,0x5,0x0,0x0,0x0,
0x81,0x0,0x0,0x0,0x32,0x1,0x0,0x0,
0x5,0x0,0x0,0x0,0x1a,0x6,0x9,0x6,
0x68,0x9,0x4e,0x11,0x1a,0x6,0xa,0x2f,
0xab,0x0,0x0,0x0,0x3d,0xac,0x0,0x0,
0x0,0x66,0xa,0x50,0x1f,0x2f,0xad,0x0,
0x0,0x0,0x3d,0xae,0x0,0x0,0x0,0x18,
0xb,0x2f,0xaf,0x0,0x0,0x0,0x3d,0xb0,
0x0,0x0,0x0,0x18,0xc,0x10,0x2,0x9e,
0xc,0x80,0xb,0x2,0x2f,0xb1,0x0,0x0,
0x0,0x3d,0xb2,0x0,0x0,0x0,0x18,0x9,
0x6,0x64,0x9,0x50,0xc,0x2f,0xb3,0x0,
0x0,0x0,0x3d,0xb4,0x0,0x0,0x0,0x4c,
0xa,0x2f,0xb5,0x0,0x0,0x0,0x3d,0xb6,
0x0,0x0,0x0,0x18,0x8,0x2f,0xb7,0x0,
0x0,0x0,0x3d,0xb8,0x0,0x0,0x0,0x18,
0x9,0x2f,0xb9,0x0,0x0,0x0,0x18,0xa,
0x16,0x6,0x34,0xa,0x18,0xb,0x16,0x8,
0x9c,0xb,0x80,0x9,0x2,0x16,0x7,0x2,
0x0,0x0,0x0,0x0,0x0,0x0,0x0,0x0,
0xb8,0x0,0x0,0x0,0xae,0x0,0x0,0x0,
0x7d,0x0,0x0,0x0,0x1,0x0,0x1,0x0,
0x38,0x0,0x0,0x0,0x0,0x0,0x0,0x0,
0x40,0x0,0x0,0x0,0x0,0x0,0xa,0x0,
0xff,0xff,0xff,0xff,0x11,0x0,0x0,0x0,
0x34,0x1,0x10,0x1,0x0,0x0,0x0,0x0,
0x0,0x0,0xc,0x0,0x0,0x0,0x0,0x0,
0x25,0x0,0x0,0x0,0x0,0x0,0x0,0x0,
0x0,0x0,0x0,0x0,0x35,0x1,0x0,0x0,
0x1,0x0,0x0,0x0,0x7,0x0,0x0,0x0,
0x36,0x1,0x0,0x0,0x2,0x0,0x0,0x0,
0x23,0x0,0x0,0x0,0x37,0x1,0x0,0x0,
0x4,0x0,0x0,0x0,0x42,0x0,0x0,0x0,
0x39,0x1,0x0,0x0,0x5,0x0,0x0,0x0,
0x59,0x0,0x0,0x0,0x3a,0x1,0x0,0x0,
0x6,0x0,0x0,0x0,0x75,0x0,0x0,0x0,
0x3b,0x1,0x0,0x0,0x7,0x0,0x0,0x0,
0x92,0x0,0x0,0x0,0x3c,0x1,0x0,0x0,
0x8,0x0,0x0,0x0,0x97,0x0,0x0,0x0,
0x3d,0x1,0x0,0x0,0xa,0x0,0x0,0x0,
0xa8,0x0,0x0,0x0,0x3e,0x1,0x0,0x0,
0xb,0x0,0x0,0x0,0xab,0x0,0x0,0x0,
0x3f,0x1,0x0,0x0,0xb,0x0,0x0,0x0,
0x2f,0xba,0x0,0x0,0x0,0x18,0x8,0x1a,
0x6,0xc,0x6,0x68,0xc,0x4e,0x14,0x1a,
0x6,0xd,0x10,0x1,0x80,0xd,0x18,0xe,
0x16,0x8,0x3d,0xbb,0x0,0x0,0x0,0x66,
0xe,0x50,0x1f,0x2f,0xbc,0x0,0x0,0x0,
0x3d,0xbd,0x0,0x0,0x0,0x18,0xf,0x2f,
0xbe,0x0,0x0,0x0,0x3d,0xbf,0x0,0x0,
0x0,0x18,0x10,0x10,0x2,0x9e,0x10,0x80,
0xf,0x2,0x1a,0x8,0xc,0x16,0x6,0x34,
0xc,0x18,0xd,0x2f,0xc0,0x0,0x0,0x0,
0x3d,0xc1,0x0,0x0,0x0,0x9c,0xd,0x18,
0xa,0x1a,0x8,0xc,0x1a,0x6,0xd,0x10,
0x1,0x80,0xd,0x34,0xc,0x18,0xe,0x2f,
0xc2,0x0,0x0,0x0,0x3d,0xc3,0x0,0x0,
0x0,0x9c,0xe,0x18,0xb,0x2f,0xc4,0x0,
0x0,0x0,0x3d,0xc5,0x0,0x0,0x0,0x18,
0xc,0x1a,0xa,0xd,0x16,0xb,0x80,0xd,
0x18,0xe,0x10,0x2,0x9e,0xe,0x80,0xc,
0x18,0x9,0x6,0x6c,0x6,0x50,0x11,0x1a,
0x9,0xc,0x2f,0xc6,0x0,0x0,0x0,0x3d,
0xc7,0x0,0x0,0x0,0xa2,0xc,0x18,0x9,
0x16,0x9,0x2,0x16,0x7,0x2,0x0,0x0,
0x0,0x0,0x0,0x0,0x0,0x0,0x0,0x0,
0xc8,0x0,0x0,0x0,0xe6,0x0,0x0,0x0,
0x7e,0x0,0x0,0x0,0x1,0x0,0x1,0x0,
0x38,0x0,0x0,0x0,0x0,0x0,0x0,0x0,
0x40,0x0,0x0,0x0,0x0,0x0,0xb,0x0,
0xff,0xff,0xff,0xff,0x16,0x0,0x0,0x0,
0x41,0x1,0x10,0x1,0x1,0x0,0x0,0x0,
0x0,0x0,0xe,0x0,0x0,0x0,0x0,0x0,
0x7f,0x0,0x0,0x0,0x0,0x0,0x0,0x0,
0x0,0x0,0x0,0x0,0x42,0x1,0x0,0x0,
0x1,0x0,0x0,0x0,0xc,0x0,0x0,0x0,
0x43,0x1,0x0,0x0,0x2,0x0,0x0,0x0,
0x35,0x0,0x0,0x0,0x44,0x1,0x0,0x0,
0x3,0x0,0x0,0x0,0x44,0x0,0x0,0x0,
0x45,0x1,0x0,0x0,0x5,0x0,0x0,0x0,
0x53,0x0,0x0,0x0,0x46,0x1,0x0,0x0,
0x6,0x0,0x0,0x0,0x87,0x0,0x0,0x0,
0x47,0x1,0x0,0x0,0x7,0x0,0x0,0x0,
0xc6,0x0,0x0,0x0,0x48,0x1,0x0,0x0,
0x8,0x0,0x0,0x0,0xd2,0x0,0x0,0x0,
0x49,0x1,0x0,0x0,0xa,0x0,0x0,0x0,
0xd5,0x0,0x0,0x0,0x4b,0x1,0x0,0x0,
0xb,0x0,0x0,0x0,0xe0,0x0,0x0,0x0,
0x4c,0x1,0x0,0x0,0xc,0x0,0x0,0x0,
0xe3,0x0,0x0,0x0,0x4d,0x1,0x0,0x0,
0xc,0x0,0x0,0x0,0x38,0x0,0x0,0x0,
0x2f,0xc8,0x0,0x0,0x0,0x3d,0xc9,0x0,
0x0,0x0,0x18,0x8,0x2f,0xca,0x0,0x0,
0x0,0x3d,0xcb,0x0,0x0,0x0,0x18,0xe,
0x6,0x64,0xe,0x50,0xc,0x2f,0xcc,0x0,
0x0,0x0,0x3d,0xcd,0x0,0x0,0x0,0x4c,
0xa,0x2f,0xce,0x0,0x0,0x0,0x3d,0xcf,
0x0,0x0,0x0,0x18,0xc,0x6,0x18,0xa,
0x1a,0xa,0xe,0x16,0x8,0x68,0xe,0x51,
0x9c,0x0,0x0,0x0,0xb5,0xd0,0x0,0x0,
0x0,0x1,0x0,0x0,0x0,0xa,0x0,0x0,
0x0,0x18,0x9,0x1a,0xa,0xf,0x6,0x6c,
0xf,0x50,0xc,0x2f,0xd1,0x0,0x0,0x0,
0x3d,0xd2,0x0,0x0,0x0,0x4c,0x1e,0x16,
0xa,0x7e,0x18,0x12,0xb5,0xd3,0x0,0x0,
0x0,0x1,0x0,0x0,0x0,0x12,0x0,0x0,
0x0,0x18,0x10,0x16,0x9,0x80,0x10,0x18,
0x11,0x10,0x2,0x9e,0x11,0x18,0xb,0x1a,
0xa,0xf,0x16,0x8,0x7e,0x6c,0xf,0x50,
0x12,0x2f,0xd4,0x0,0x0,0x0,0x3d,0xd5,
0x0,0x0,0x0,0x18,0x10,0x16,0xc,0x80,
0x10,0x4c,0x21,0x1a,0x9,0x11,0x1a,0xa,
0x15,0x10,0x1,0x80,0x15,0x18,0x14,0xb5,
0xd6,0x0,0x0,0x0,0x1,0x0,0x0,0x0,
0x14,0x0,0x0,0x0,0x80,0x11,0x18,0x12,
0x10,0x2,0x9e,0x12,0x18,0xd,0x16,0xb,
0x66,0x6,0x50,0x9,0x16,0xd,0x68,0x6,
0x50,0x3,0x16,0xa,0x2,0x16,0xa,0x7c,
0x18,0xa,0x56,0x4d,0x58,0xff,0xff,0xff,
0x10,0xff,0x2,0x16,0x7,0x2,0x0,0x0,
0x0,0x0,0x0,0x0,0x0,0x0,0x0,0x0,
0x40,0x1,0x0,0x0,0x1c,0x1,0x0,0x0,
0x80,0x0,0x0,0x0,0x1,0x0,0x1,0x0,
0x38,0x0,0x0,0x0,0x0,0x0,0x0,0x0,
0x40,0x0,0x0,0x0,0x0,0x0,0x15,0x0,
0xff,0xff,0xff,0xff,0x17,0x0,0x0,0x0,
0x4f,0x1,0x10,0x1,0x1,0x0,0x0,0x0,
0x0,0x0,0x10,0x0,0x0,0x0,0x0,0x0,
0x81,0x0,0x0,0x0,0x0,0x0,0x0,0x0,
0x0,0x0,0x0,0x0,0x50,0x1,0x0,0x0,
0x1,0x0,0x0,0x0,0x29,0x0,0x0,0x0,
0x51,0x1,0x0,0x0,0x2,0x0,0x0,0x0,
0x3a,0x0,0x0,0x0,0x52,0x1,0x0,0x0,
0x3,0x0,0x0,0x0,0x45,0x0,0x0,0x0,
0x53,0x1,0x0,0x0,0x5,0x0,0x0,0x0,
0x48,0x0,0x0,0x0,0x55,0x1,0x0,0x0,
0x6,0x0,0x0,0x0,0x4f,0x0,0x0,0x0,
0x56,0x1,0x0,0x0,0x7,0x0,0x0,0x0,
0x5b,0x0,0x0,0x0,0x57,0x1,0x0,0x0,
0x8,0x0,0x0,0x0,0x70,0x0,0x0,0x0,
0x58,0x1,0x0,0x0,0xa,0x0,0x0,0x0,
0x85,0x0,0x0,0x0,0x59,0x1,0x0,0x0,
0xb,0x0,0x0,0x0,0x9f,0x0,0x0,0x0,
0x5a,0x1,0x0,0x0,0xc,0x0,0x0,0x0,
0xb3,0x0,0x0,0x0,0x5b,0x1,0x0,0x0,
0xe,0x0,0x0,0x0,0xb7,0x0,0x0,0x0,
0x5c,0x1,0x0,0x0,0xf,0x0,0x0,0x0,
0xce,0x0,0x0,0x0,0x5d,0x1,0x0,0x0,
0xf,0x0,0x0,0x0,0xe0,0x0,0x0,0x0,
0x5e,0x1,0x0,0x0,0xf,0x0,0x0,0x0,
0xef,0x0,0x0,0x0,0x5f,0x1,0x0,0x0,
0x10,0x0,0x0,0x0,0xf1,0x0,0x0,0x0,
0x60,0x1,0x0,0x0,0x12,0x0,0x0,0x0,
0xf4,0x0,0x0,0x0,0x62,0x1,0x0,0x0,
0x13,0x0,0x0,0x0,0xff,0x0,0x0,0x0,
0x63,0x1,0x0,0x0,0x14,0x0,0x0,0x0,
0x8,0x1,0x0,0x0,0x64,0x1,0x0,0x0,
0x16,0x0,0x0,0x0,0x16,0x1,0x0,0x0,
0x66,0x1,0x0,0x0,0x17,0x0,0x0,0x0,
0x19,0x1,0x0,0x0,0x67,0x1,0x0,0x0,
0x17,0x0,0x0,0x0,0x5e,0x0,0x0,0x0,
0x2f,0xd7,0x0,0x0,0x0,0x3d,0xd8,0x0,
0x0,0x0,0x18,0x10,0x6,0x64,0x10,0x50,
0xc,0x2f,0xd9,0x0,0x0,0x0,0x3d,0xda,
0x0,0x0,0x0,0x4c,0xa,0x2f,0xdb,0x0,
0x0,0x0,0x3d,0xdc,0x0,0x0,0x0,0x18,
0x8,0x1a,0x6,0x10,0x2f,0xdd,0x0,0x0,
0x0,0x3d,0xde,0x0,0x0,0x0,0xa2,0x10,
0x18,0xd,0x6,0x68,0xd,0x4e,0x6,0x16,
0x8,0x64,0xd,0x50,0x3,0x10,0xff,0x2,
0x2f,0xdf,0x0,0x0,0x0,0x18,0x9,0x2f,
0xe0,0x0,0x0,0x0,0x3d,0xe1,0x0,0x0,
0x0,0x18,0xa,0x6,0x18,0xb,0x1a,0xb,
0x10,0x16,0x9,0x3d,0xe2,0x0,0x0,0x0,
0x7e,0x68,0x10,0x51,0x8f,0x0,0x0,0x0,
0x1a,0x9,0x11,0x16,0xb,0x34,0x11,0x18,
0x12,0x16,0x8,0x9c,0x12,0x18,0x13,0x16,
0xa,0xa2,0x13,0x18,0xc,0x1a,0x9,0x11,
0x1a,0xb,0x12,0x10,0x1,0x80,0x12,0x34,
0x11,0x18,0x13,0x16,0x8,0x9c,0x13,0x18,
0x14,0x16,0xa,0xa2,0x14,0x18,0xe,0x1a,
0xb,0x11,0x16,0x9,0x3d,0xe3,0x0,0x0,
0x0,0x18,0x12,0x10,0x2,0xa2,0x12,0x6c,
0x11,0x50,0x4,0x16,0x8,0x18,0xe,0x1a,
0xb,0x11,0x16,0x9,0x3d,0xe4,0x0,0x0,
0x0,0x18,0x12,0x10,0x2,0xa2,0x12,0x6c,
0x11,0x50,0x12,0x1a,0xd,0x13,0x16,0xc,
0x66,0x13,0x50,0x7,0x1a,0xd,0x14,0x16,
0xe,0x6a,0x14,0x4c,0x10,0x1a,0xd,0x15,
0x16,0xc,0x66,0x15,0x50,0x7,0x1a,0xd,
0x16,0x16,0xe,0x68,0x16,0x18,0xf,0x50,
0x3,0x16,0xb,0x2,0x16,0xb,0x7c,0x18,
0xb,0x56,0x4d,0x5f,0xff,0xff,0xff,0x1a,
0xd,0x10,0x16,0x8,0x66,0x10,0x50,0xe,
0x16,0x9,0x3d,0xe5,0x0,0x0,0x0,0x18,
0x11,0x10,0x2,0xa2,0x11,0x2,0x10,0xff,
0x2,0x16,0x7,0x2,0x0,0x0,0x0,0x0,
0x0,0x0,0x0,0x0,0x0,0x0,0x0,0x0,
0x0,0x0,0x0,0x0,0x0,0x0,0x0,0x0,
0xe0,0x0,0x0,0x0,0xec,0x0,0x0,0x0,
0x82,0x0,0x0,0x0,0x3,0x0,0x3,0x0,
0x38,0x0,0x0,0x0,0x0,0x0,0x0,0x0,
0x50,0x0,0x0,0x0,0x0,0x0,0xc,0x0,
0xff,0xff,0xff,0xff,0x10,0x0,0x0,0x0,
0x6a,0x1,0x10,0x1,0x0,0x0,0x0,0x0,
0x0,0x0,0xb,0x0,0x0,0x0,0x0,0x0,
0x83,0x0,0x0,0x0,0x0,0x0,0x0,0x0,
0x84,0x0,0x0,0x0,0x0,0x0,0x0,0x0,
0x37,0x0,0x0,0x0,0x0,0x0,0x0,0x0,
0x0,0x0,0x0,0x0,0x6b,0x1,0x0,0x0,
0x1,0x0,0x0,0x0,0x1a,0x0,0x0,0x0,
0x6c,0x1,0x0,0x0,0x2,0x0,0x0,0x0,
0x28,0x0,0x0,0x0,0x6e,0x1,0x0,0x0,
0x3,0x0,0x0,0x0,0x41,0x0,0x0,0x0,
0x6f,0x1,0x0,0x0,0x4,0x0,0x0,0x0,
0x4f,0x0,0x0,0x0,0x71,0x1,0x0,0x0,
0x5,0x0,0x0,0x0,0x6d,0x0,0x0,0x0,
0x72,0x1,0x0,0x0,0x7,0x0,0x0,0x0,
0x6f,0x0,0x0,0x0,0x74,0x1,0x0,0x0,
0x9,0x0,0x0,0x0,0x73,0x0,0x0,0x0,
0x75,0x1,0x0,0x0,0xb,0x0,0x0,0x0,
0x77,0x0,0x0,0x0,0x77,0x1,0x0,0x0,
0xd,0x0,0x0,0x0,0xa8,0x0,0x0,0x0,
0x78,0x1,0x0,0x0,0xf,0x0,0x0,0x0,
0xd9,0x0,0x0,0x0,0x79,0x1,0x0,0x0,
0x11,0x0,0x0,0x0,0xea,0x0,0x0,0x0,
0x7a,0x1,0x0,0x0,0x11,0x0,0x0,0x0,
0x1a,0x7,0xb,0x6,0x68,0xb,0x4e,0x12,
0x1a,0x7,0xc,0x2f,0xe6,0x0,0x0,0x0,
0x3d,0xe7,0x0,0x0,0x0,0x7e,0x66,0xc,
0x50,0xe,0xb5,0xe8,0x0,0x0,0x0,0x1,
0x0,0x0,0x0,0x8,0x0,0x0,0x0,0x2,
0x1a,0x6,0xb,0x6,0x68,0xb,0x4e,0x11,
0x1a,0x6,0xc,0x2f,0xe9,0x0,0x0,0x0,
0x3d,0xea,0x0,0x0,0x0,0x66,0xc,0x50,
0xe,0xb5,0xeb,0x0,0x0,0x0,0x1,0x0,
0x0,0x0,0x8,0x0,0x0,0x0,0x2,0x16,
0x8,0x4e,0x18,0x2f,0xec,0x0,0x0,0x0,
0x3d,0xed,0x0,0x0,0x0,0x50,0x7,0x2f,
0xee,0x0,0x0,0x0,0x4c,0x5,0x13,0x80,
0x1,0x0,0x0,0x18,0xa,0x30,0x6e,0x16,
0x7,0x30,0x70,0x16,0x6,0x30,0x6f,0x2f,
0xef,0x0,0x0,0x0,0x18,0xb,0xb5,0xf0,
0x0,0x0,0x0,0x1,0x0,0x0,0x0,0x7,
0x0,0x0,0x0,0x18,0xc,0x2f,0xf1,0x0,
0x0,0x0,0x3d,0xf2,0x0,0x0,0x0,0x18,
0xd,0x10,0x2,0x9e,0xd,0xa2,0xc,0x43,
0xf3,0x0,0x0,0x0,0xb,0x0,0x0,0x0,
0x2f,0xf4,0x0,0x0,0x0,0x18,0xb,0xb5,
0xf5,0x0,0x0,0x0,0x1,0x0,0x0,0x0,
0x6,0x0,0x0,0x0,0x18,0xc,0x2f,0xf6,
0x0,0x0,0x0,0x3d,0xf7,0x0,0x0,0x0,
0x18,0xd,0x10,0x2,0x9e,0xd,0xa2,0xc,
0x43,0xf8,0x0,0x0,0x0,0xb,0x0,0x0,
0x0,0x2f,0xf9,0x0,0x0,0x0,0x18,0xb,
0x8,0x43,0xfa,0x0,0x0,0x0,0xb,0x0,
0x0,0x0,0xe,0x2,0x0,0x0,0x0,0x0,
0xac,0x0,0x0,0x0,0x67,0x0,0x0,0x0,
0x85,0x0,0x0,0x0,0x1,0x0,0x1,0x0,
0x38,0x0,0x0,0x0,0x0,0x0,0x0,0x0,
0x40,0x0,0x0,0x0,0x0,0x0,0x9,0x0,
0xff,0xff,0xff,0xff,0xa,0x0,0x0,0x0,
0x7c,0x1,0x10,0x1,0x0,0x0,0x0,0x0,
0x0,0x0,0x8,0x0,0x0,0x0,0x0,0x0,
0x37,0x0,0x0,0x0,0x0,0x0,0x0,0x0,
0x0,0x0,0x0,0x0,0x7d,0x1,0x0,0x0,
0x1,0x0,0x0,0x0,0x1d,0x0,0x0,0x0,
0x7e,0x1,0x0,0x0,0x2,0x0,0x0,0x0,
0x1f,0x0,0x0,0x0,0x80,0x1,0x0,0x0,
0x3,0x0,0x0,0x0,0x46,0x0,0x0,0x0,
0x81,0x1,0x0,0x0,0x4,0x0,0x0,0x0,
0x48,0x0,0x0,0x0,0x83,0x1,0x0,0x0,
0x6,0x0,0x0,0x0,0x4c,0x0,0x0,0x0,
0x84,0x1,0x0,0x0,0x8,0x0,0x0,0x0,
0x50,0x0,0x0,0x0,0x85,0x1,0x0,0x0,
0xa,0x0,0x0,0x0,0x54,0x0,0x0,0x0,
0x86,0x1,0x0,0x0,0xc,0x0,0x0,0x0,
0x65,0x0,0x0,0x0,0x87,0x1,0x0,0x0,
0xc,0x0,0x0,0x0,0x16,0x6,0x50,0x1b,
0x2f,0xfb,0x0,0x0,0x0,0x3d,0xfc,0x0,
0x0,0x0,0x50,0xf,0x2f,0xfd,0x0,0x0,
0x0,0x18,0x8,0x16,0x6,0x6e,0x8,0x50,
0x2,0xe,0x2,0x2f,0xfe,0x0,0x0,0x0,
0x18,0x8,0x10,0xff,0x6c,0x8,0x50,0x1c,
0x2f,0xff,0x0,0x0,0x0,0x18,0x9,0x10,
0xff,0x6c,0x9,0x50,0xf,0x2f,0x0,0x1,
0x0,0x0,0x3d,0x1,0x1,0x0,0x0,0x74,
0x50,0x2,0xe,0x2,0x12,0x0,0x30,0x6e,
0x10,0xff,0x30,0x70,0x10,0xff,0x30,0x6f,
0x2f,0x2,0x1,0x0,0x0,0x18,0x8,0xa,
0x43,0x3,0x1,0x0,0x0,0x8,0x0,0x0,
0x0,0xe,0x2,0x0,0x0,0x0,0x0,0x0,
0x5c,0x1,0x0,0x0,0x8f,0x1,0x0,0x0,
0x86,0x0,0x0,0x0,0x3,0x0,0x3,0x0,
0x38,0x0,0x0,0x0,0x0,0x0,0x0,0x0,
0x50,0x0,0x0,0x0,0x0,0x0,0x16,0x0,
0xff,0xff,0xff,0xff,0x1e,0x0,0x0,0x0,
0x89,0x1,0x10,0x1,0x1,0x0,0x0,0x0,
0x0,0x0,0xf,0x0,0x0,0x0,0x0,0x0,
0x87,0x0,0x0,0x0,0x0,0x0,0x0,0x0,
0x84,0x0,0x0,0x0,0x0,0x0,0x0,0x0,
0x88,0x0,0x0,0x0,0x0,0x0,0x0,0x0,
0x0,0x0,0x0,0x0,0x8a,0x1,0x0,0x0,
0x1,0x0,0x0,0x0,0x1a,0x0,0x0,0x0,
0x8b,0x1,0x0,0x0,0x2,0x0,0x0,0x0,
0x1c,0x0,0x0,0x0,0x8c,0x1,0x0,0x0,
0x3,0x0,0x0,0x0,0x35,0x0,0x0,0x0,
0x8d,0x1,0x0,0x0,0x4,0x0,0x0,0x0,
0x37,0x0,0x0,0x0,0x8e,0x1,0x0,0x0,
0x5,0x0,0x0,0x0,0x40,0x0,0x0,0x0,
0x8f,0x1,0x0,0x0,0x6,0x0,0x0,0x0,
0x58,0x0,0x0,0x0,0x90,0x1,0x0,0x0,
0x7,0x0,0x0,0x0,0x5a,0x0,0x0,0x0,
0x92,0x1,0x0,0x0,0x8,0x0,0x0,0x0,
0xa4,0x0,0x0,0x0,0x93,0x1,0x0,0x0,
0x9,0x0,0x0,0x0,0xa7,0x0,0x0,0x0,
0x94,0x1,0x0,0x0,0xa,0x0,0x0,0x0,
0xbe,0x0,0x0,0x0,0x95,0x1,0x0,0x0,
0xc,0x0,0x0,0x0,0xd8,0x0,0x0,0x0,
0x96,0x1,0x0,0x0,0xd,0x0,0x0,0x0,
0xf4,0x0,0x0,0x0,0x97,0x1,0x0,0x0,
0x10,0x0,0x0,0x0,0x6,0x1,0x0,0x0,
0x9a,0x1,0x0,0x0,0x10,0x0,0x0,0x0,
0x36,0x1,0x0,0x0,0x97,0x1,0x0,0x0,
0x10,0x0,0x0,0x0,0x47,0x1,0x0,0x0,
0x9d,0x1,0x0,0x0,0x12,0x0,0x0,0x0,
0x4a,0x1,0x0,0x0,0x9e,0x1,0x0,0x0,
0x13,0x0,0x0,0x0,0x4c,0x1,0x0,0x0,
0xa0,0x1,0x0,0x0,0x14,0x0,0x0,0x0,
0x57,0x1,0x0,0x0,0xa1,0x1,0x0,0x0,
0x15,0x0,0x0,0x0,0x5c,0x1,0x0,0x0,
0xa2,0x1,0x0,0x0,0x18,0x0,0x0,0x0,
0x8a,0x1,0x0,0x0,0xa9,0x1,0x0,0x0,
0x1a,0x0,0x0,0x0,0x8d,0x1,0x0,0x0,
0xaa,0x1,0x0,0x0,0x1a,0x0,0x0,0x0,
0xaa,0x0,0x0,0x0,0x1a,0x7,0xf,0x6,
0x68,0xf,0x4e,0x12,0x1a,0x7,0x10,0x2f,
0x4,0x1,0x0,0x0,0x3d,0x5,0x1,0x0,
0x0,0x7e,0x66,0x10,0x50,0x2,0xe,0x2,
0x1a,0x6,0xf,0x6,0x68,0xf,0x4e,0x11,
0x1a,0x6,0x10,0x2f,0x6,0x1,0x0,0x0,
0x3d,0x7,0x1,0x0,0x0,0x66,0x10,0x50,
0x2,0xe,0x2,0x14,0x6c,0xf,0x16,0x6,
0xa2,0xf,0x18,0xd,0x18,0xf,0x6,0x68,
0xf,0x4e,0x11,0x1a,0xd,0x10,0x2f,0x8,
0x1,0x0,0x0,0x3d,0x9,0x1,0x0,0x0,
0x66,0x10,0x50,0x2,0xe,0x2,0x2f,0xa,
0x1,0x0,0x0,0x18,0xf,0x14,0x3e,0x12,
0x2f,0xb,0x1,0x0,0x0,0x18,0x14,0x14,
0x3f,0x17,0x1a,0x8,0x19,0xe,0x6c,0x19,
0x50,0x4,0x4,0x3d,0x4c,0x2,0x16,0x8,
0x18,0x18,0xad,0xc,0x1,0x0,0x0,0x14,
0x0,0x0,0x0,0x2,0x0,0x0,0x0,0x17,
0x0,0x0,0x0,0x18,0x13,0xad,0xd,0x1,
0x0,0x0,0xf,0x0,0x0,0x0,0x2,0x0,
0x0,0x0,0x12,0x0,0x0,0x0,0x18,0xa,
0xa,0x18,0xe,0x6,0x18,0xc,0x1a,0xc,
0xf,0x2f,0xe,0x1,0x0,0x0,0x3d,0xf,
0x1,0x0,0x0,0x68,0xf,0x51,0x99,0x0,
0x0,0x0,0x2f,0x10,0x1,0x0,0x0,0x18,
0x10,0xad,0x11,0x1,0x0,0x0,0x10,0x0,
0x0,0x0,0x1,0x0,0x0,0x0,0xc,0x0,
0x0,0x0,0x18,0xb,0x3d,0x12,0x1,0x0,
0x0,0x18,0x10,0x16,0xd,0x6c,0x10,0x50,
0x67,0x16,0xb,0x3d,0x13,0x1,0x0,0x0,
0x18,0x11,0x16,0x7,0x6c,0x11,0x50,0x58,
0x2f,0x14,0x1,0x0,0x0,0x18,0x12,0x1a,
0xc,0x15,0x16,0xd,0x18,0x17,0x16,0x7,
0x18,0x18,0x2f,0x15,0x1,0x0,0x0,0x18,
0x19,0x16,0xb,0x3d,0x16,0x1,0x0,0x0,
0x18,0x1c,0x1a,0xa,0x1d,0xad,0x17,0x1,
0x0,0x0,0x19,0x0,0x0,0x0,0x2,0x0,
0x0,0x0,0x1c,0x0,0x0,0x0,0x18,0x19,
0x16,0xa,0x18,0x1a,0xea,0x3,0x4,0x17,
0x18,0x16,0xad,0x18,0x1,0x0,0x0,0x12,
0x0,0x0,0x0,0x2,0x0,0x0,0x0,0x15,
0x0,0x0,0x0,0x8,0x18,0xe,0x4c,0xb,
0x16,0xc,0x7c,0x18,0xc,0x56,0x4d,0x53,
0xff,0xff,0xff,0x16,0xe,0x74,0x50,0x2e,
0x2f,0x19,0x1,0x0,0x0,0x18,0xf,0x16,
0xd,0x18,0x13,0x16,0x7,0x18,0x14,0x16,
0xa,0x18,0x15,0x16,0xa,0x18,0x16,0xea,
0x4,0x4,0x13,0x18,0x12,0xad,0x1a,0x1,
0x0,0x0,0xf,0x0,0x0,0x0,0x1,0x0,
0x0,0x0,0x12,0x0,0x0,0x0,0xa,0x30,
0x6d,0xe,0x2,0x0,0x0,0x0,0x0,0x0,
0x0,0x0,0x0,0x0,0x0,0x0,0x0,0x0,
0xf4,0x0,0x0,0x0,0xbb,0x0,0x0,0x0,
0x89,0x0,0x0,0x0,0x2,0x0,0x2,0x0,
0x38,0x0,0x0,0x0,0x0,0x0,0x0,0x0,
0x48,0x0,0x0,0x0,0x0,0x0,0xe,0x0,
0xff,0xff,0xff,0xff,0x13,0x0,0x0,0x0,
0xac,0x1,0x10,0x1,0x1,0x0,0x0,0x0,
0x0,0x0,0xc,0x0,0x0,0x0,0x0,0x0,
0x87,0x0,0x0,0x0,0x0,0x0,0x0,0x0,
0x84,0x0,0x0,0x0,0x0,0x0,0x0,0x0,
0x0,0x0,0x0,0x0,0xad,0x1,0x0,0x0,
0x1,0x0,0x0,0x0,0xb,0x0,0x0,0x0,
0xae,0x1,0x0,0x0,0x2,0x0,0x0,0x0,
0xd,0x0,0x0,0x0,0xaf,0x1,0x0,0x0,
0x3,0x0,0x0,0x0,0x16,0x0,0x0,0x0,
0xb0,0x1,0x0,0x0,0x4,0x0,0x0,0x0,
0x2e,0x0,0x0,0x0,0xb1,0x1,0x0,0x0,
0x5,0x0,0x0,0x0,0x30,0x0,0x0,0x0,
0xb3,0x1,0x0,0x0,0x6,0x0,0x0,0x0,
0x45,0x0,0x0,0x0,0xb4,0x1,0x0,0x0,
0x8,0x0,0x0,0x0,0x5f,0x0,0x0,0x0,
0xb5,0x1,0x0,0x0,0x9,0x0,0x0,0x0,
0x7b,0x0,0x0,0x0,0xb6,0x1,0x0,0x0,
0xc,0x0,0x0,0x0,0x93,0x0,0x0,0x0,
0xb7,0x1,0x0,0x0,0xd,0x0,0x0,0x0,
0x95,0x0,0x0,0x0,0xb9,0x1,0x0,0x0,
0xe,0x0,0x0,0x0,0x9d,0x0,0x0,0x0,
0xbb,0x1,0x0,0x0,0xf,0x0,0x0,0x0,
0xb6,0x0,0x0,0x0,0xbc,0x1,0x0,0x0,
0x11,0x0,0x0,0x0,0xb9,0x0,0x0,0x0,
0xbd,0x1,0x0,0x0,0x11,0x0,0x0,0x0,
0x3d,0x0,0x0,0x0,0x6,0x68,0x6,0x4e,
0x6,0x10,0x6,0x66,0x6,0x50,0x2,0xe,
0x2,0x14,0x6c,0xc,0x16,0x6,0xa2,0xc,
0x18,0xb,0x18,0xc,0x6,0x68,0xc,0x4e,
0x11,0x1a,0xb,0xd,0x2f,0x1b,0x1,0x0,
0x0,0x3d,0x1c,0x1,0x0,0x0,0x66,0xd,
0x50,0x2,0xe,0x2,0x2f,0x1d,0x1,0x0,
0x0,0x3d,0x1e,0x1,0x0,0x0,0x7e,0x18,
0xa,0x1a,0xa,0xc,0x6,0x66,0xc,0x50,
0x58,0x2f,0x1f,0x1,0x0,0x0,0x18,0xd,
0xad,0x20,0x1,0x0,0x0,0xd,0x0,0x0,
0x0,0x1,0x0,0x0,0x0,0xa,0x0,0x0,
0x0,0x18,0x9,0x3d,0x21,0x1,0x0,0x0,
0x18,0xd,0x16,0xb,0x6c,0xd,0x50,0x29,
0x16,0x9,0x3d,0x22,0x1,0x0,0x0,0x18,
0xe,0x16,0x7,0x6c,0xe,0x50,0x1a,0x2f,
0x23,0x1,0x0,0x0,0x18,0xf,0xad,0x24,
0x1,0x0,0x0,0xf,0x0,0x0,0x0,0x1,
0x0,0x0,0x0,0xa,0x0,0x0,0x0,0x4c,
0x8,0x16,0xa,0x7e,0x18,0xa,0x56,0x4c,
0xa0,0x2f,0x25,0x1,0x0,0x0,0x3d,0x26,
0x1,0x0,0x0,0x18,0xc,0x6,0x6c,0xc,
0x50,0xb,0x2f,0x27,0x1,0x0,0x0,0x74,
0x50,0x3,0x8,0x30,0x6d,0xe,0x2,0x0,
0x0,0x0,0x0,0x0,0x0,0x0,0x0,0x0,
0xdc,0x0,0x0,0x0,0xdc,0x0,0x0,0x0,
0x8a,0x0,0x0,0x0,0x2,0x0,0x2,0x0,
0x38,0x0,0x0,0x0,0x0,0x0,0x0,0x0,
0x48,0x0,0x0,0x0,0x0,0x0,0xc,0x0,
0xff,0xff,0xff,0xff,0x1e,0x0,0x0,0x0,
0xbf,0x1,0x10,0x1,0x1,0x0,0x0,0x0,
0x0,0x0,0xc,0x0,0x0,0x0,0x0,0x0,
0x87,0x0,0x0,0x0,0x0,0x0,0x0,0x0,
0x8b,0x0,0x0,0x0,0x0,0x0,0x0,0x0,
0x0,0x0,0x0,0x0,0xc0,0x1,0x0,0x0,
0x1,0x0,0x0,0x0,0xb,0x0,0x0,0x0,
0xc1,0x1,0x0,0x0,0x2,0x0,0x0,0x0,
0xd,0x0,0x0,0x0,0xc2,0x1,0x0,0x0,
0x3,0x0,0x0,0x0,0x16,0x0,0x0,0x0,
0xc3,0x1,0x0,0x0,0x4,0x0,0x0,0x0,
0x2e,0x0,0x0,0x0,0xc4,0x1,0x0,0x0,
0x5,0x0,0x0,0x0,0x30,0x0,0x0,0x0,
0xc6,0x1,0x0,0x0,0x6,0x0,0x0,0x0,
0x47,0x0,0x0,0x0,0xc7,0x1,0x0,0x0,
0x8,0x0,0x0,0x0,0x61,0x0,0x0,0x0,
0xc8,0x1,0x0,0x0,0x9,0x0,0x0,0x0,
0x6e,0x0,0x0,0x0,0xc9,0x1,0x0,0x0,
0xc,0x0,0x0,0x0,0xcd,0x0,0x0,0x0,
0xca,0x1,0x0,0x0,0xd,0x0,0x0,0x0,
0xcf,0x0,0x0,0x0,0xcc,0x1,0x0,0x0,
0xe,0x0,0x0,0x0,0xda,0x0,0x0,0x0,
0xcd,0x1,0x0,0x0,0xe,0x0,0x0,0x0,
0x33,0x0,0x0,0x0,0x6,0x68,0x6,0x4e,
0x6,0x10,0x6,0x66,0x6,0x50,0x2,0xe,
0x2,0x14,0x6c,0xc,0x16,0x6,0xa2,0xc,
0x18,0xb,0x18,0xc,0x6,0x68,0xc,0x4e,
0x11,0x1a,0xb,0xd,0x2f,0x28,0x1,0x0,
0x0,0x3d,0x29,0x1,0x0,0x0,0x66,0xd,
0x50,0x2,0xe,0x2,0x6,0x18,0xa,0x1a,
0xa,0xc,0x2f,0x2a,0x1,0x0,0x0,0x3d,
0x2b,0x1,0x0,0x0,0x68,0xc,0x51,0x93,
0x0,0x0,0x0,0x2f,0x2c,0x1,0x0,0x0,
0x18,0xd,0xad,0x2d,0x1,0x0,0x0,0xd,
0x0,0x0,0x0,0x1,0x0,0x0,0x0,0xa,
0x0,0x0,0x0,0x18,0x9,0x3d,0x2e,0x1,
0x0,0x0,0x18,0xd,0x16,0xb,0x6c,0xd,
0x50,0x61,0x2f,0x2f,0x1,0x0,0x0,0x18,
0xe,0x1a,0xa,0x11,0x13,0x8b,0x0,0x0,
0x0,0x18,0x12,0x2f,0x30,0x1,0x0,0x0,
0x18,0x14,0x14,0x3e,0x17,0x2f,0x31,0x1,
0x0,0x0,0x18,0x19,0x14,0x3f,0x1c,0x1a,
0x7,0x1d,0xad,0x32,0x1,0x0,0x0,0x19,
0x0,0x0,0x0,0x2,0x0,0x0,0x0,0x1c,
0x0,0x0,0x0,0x18,0x18,0xad,0x33,0x1,
0x0,0x0,0x14,0x0,0x0,0x0,0x2,0x0,
0x0,0x0,0x17,0x0,0x0,0x0,0x18,0x13,
0xad,0x34,0x1,0x0,0x0,0xe,0x0,0x0,
0x0,0x3,0x0,0x0,0x0,0x11,0x0,0x0,
0x0,0x4c,0xb,0x16,0xa,0x7c,0x18,0xa,
0x56,0x4d,0x59,0xff,0xff,0xff,0xe,0x2,
0x0,0x0,0x0,0x0,0x0,0x0,0x0,0x0,
0x44,0x0,0x0,0x0,0x2,0x0,0x0,0x0,
0x8c,0x0,0x0,0x0,0x0,0x0,0x0,0x0,
0x38,0x0,0x0,0x0,0x0,0x0,0x0,0x0,
0x38,0x0,0x0,0x0,0x0,0x0,0x1,0x0,
0xff,0xff,0xff,0xff,0x7,0x0,0x0,0x0,
0xcf,0x1,0x10,0x1,0x0,0x0,0x0,0x0,
0x0,0x0,0x7,0x0,0x0,0x0,0x0,0x0,
0x0,0x0,0x0,0x0,0xd2,0x1,0x0,0x0,
0x0,0x0,0x0,0x0,0xe,0x2,0x0,0x0,
0x0,0x0,0x0,0x0,0x0,0x0,0x0,0x0,
0x68,0x0,0x0,0x0,0x25,0x0,0x0,0x0,
0x8d,0x0,0x0,0x0,0x0,0x0,0x0,0x0,
0x38,0x0,0x0,0x0,0x0,0x0,0x0,0x0,
0x38,0x0,0x0,0x0,0x0,0x0,0x4,0x0,
0xff,0xff,0xff,0xff,0xa,0x0,0x0,0x0,
0xd4,0x1,0x10,0x1,0x0,0x0,0x0,0x0,
0x0,0x0,0x7,0x0,0x0,0x0,0x0,0x0,
0x0,0x0,0x0,0x0,0xd5,0x1,0x0,0x0,
0x2,0x0,0x0,0x0,0x18,0x0,0x0,0x0,
0xd6,0x1,0x0,0x0,0x3,0x0,0x0,0x0,
0x20,0x0,0x0,0x0,0xd7,0x1,0x0,0x0,
0x5,0x0,0x0,0x0,0x23,0x0,0x0,0x0,
0xd8,0x1,0x0,0x0,0x5,0x0,0x0,0x0,
0x2f,0x35,0x1,0x0,0x0,0x18,0x7,0xad,
0x36,0x1,0x0,0x0,0x7,0x0,0x0,0x0,
0x0,0x0,0x0,0x0,0x0,0x0,0x0,0x0,
0x2f,0x37,0x1,0x0,0x0,0x74,0x50,0x3,
0x8,0x30,0x6d,0xe,0x2,0x0,0x0,0x0,
0x8,0x1,0x0,0x0,0x29,0x1,0x0,0x0,
0x8e,0x0,0x0,0x0,0x2,0x0,0x2,0x0,
0x38,0x0,0x0,0x0,0x0,0x0,0x0,0x0,
0x48,0x0,0x0,0x0,0x0,0x0,0x10,0x0,
0xff,0xff,0xff,0xff,0x14,0x0,0x0,0x0,
0xda,0x1,0x10,0x1,0x0,0x0,0x0,0x0,
0x0,0x0,0xf,0x0,0x0,0x0,0x0,0x0,
0x81,0x0,0x0,0x0,0x0,0x0,0x0,0x0,
0x7f,0x0,0x0,0x0,0x0,0x0,0x0,0x0,
0x0,0x0,0x0,0x0,0xdb,0x1,0x0,0x0,
0x1,0x0,0x0,0x0,0x8,0x0,0x0,0x0,
0xdc,0x1,0x0,0x0,0x2,0x0,0x0,0x0,
0xa,0x0,0x0,0x0,0xde,0x1,0x0,0x0,
0x3,0x0,0x0,0x0,0x33,0x0,0x0,0x0,
0xdf,0x1,0x0,0x0,0x4,0x0,0x0,0x0,
0x5c,0x0,0x0,0x0,0xe0,0x1,0x0,0x0,
0x5,0x0,0x0,0x0,0x84,0x0,0x0,0x0,
0xe1,0x1,0x0,0x0,0x6,0x0,0x0,0x0,
0xac,0x0,0x0,0x0,0xe3,0x1,0x0,0x0,
0x7,0x0,0x0,0x0,0xb6,0x0,0x0,0x0,
0xe4,0x1,0x0,0x0,0xa,0x0,0x0,0x0,
0xca,0x0,0x0,0x0,0xe5,0x1,0x0,0x0,
0xb,0x0,0x0,0x0,0xcc,0x0,0x0,0x0,
0xe8,0x1,0x0,0x0,0xc,0x0,0x0,0x0,
0xdb,0x0,0x0,0x0,0xe9,0x1,0x0,0x0,
0xd,0x0,0x0,0x0,0xea,0x0,0x0,0x0,
0xeb,0x1,0x0,0x0,0xe,0x0,0x0,0x0,
0xf6,0x0,0x0,0x0,0xec,0x1,0x0,0x0,
0x11,0x0,0x0,0x0,0xa,0x1,0x0,0x0,
0xed,0x1,0x0,0x0,0x12,0x0,0x0,0x0,
0xc,0x1,0x0,0x0,0xf0,0x1,0x0,0x0,
0x14,0x0,0x0,0x0,0x26,0x1,0x0,0x0,
0xf1,0x1,0x0,0x0,0x14,0x0,0x0,0x0,
0x2f,0x38,0x1,0x0,0x0,0x74,0x50,0x2,
0xe,0x2,0x2f,0x39,0x1,0x0,0x0,0x3d,
0x3a,0x1,0x0,0x0,0x18,0xf,0x6,0x64,
0xf,0x50,0xc,0x2f,0x3b,0x1,0x0,0x0,
0x3d,0x3c,0x1,0x0,0x0,0x4c,0xa,0x2f,
0x3d,0x1,0x0,0x0,0x3d,0x3e,0x1,0x0,
0x0,0x18,0x9,0x2f,0x3f,0x1,0x0,0x0,
0x3d,0x40,0x1,0x0,0x0,0x18,0xf,0x6,
0x64,0xf,0x50,0xc,0x2f,0x41,0x1,0x0,
0x0,0x3d,0x42,0x1,0x0,0x0,0x4c,0xa,
0x2f,0x43,0x1,0x0,0x0,0x3d,0x44,0x1,
0x0,0x0,0x18,0xc,0x1a,0x6,0xf,0x2f,
0x45,0x1,0x0,0x0,0x3d,0x46,0x1,0x0,
0x0,0x66,0xf,0x50,0x15,0x1a,0x6,0x10,
0x2f,0x47,0x1,0x0,0x0,0x3d,0x48,0x1,
0x0,0x0,0x18,0x11,0x16,0x9,0x80,0x11,
0x6a,0x10,0x18,0xd,0x1a,0x7,0xf,0x2f,
0x49,0x1,0x0,0x0,0x3d,0x4a,0x1,0x0,
0x0,0x66,0xf,0x50,0x15,0x1a,0x7,0x10,
0x2f,0x4b,0x1,0x0,0x0,0x3d,0x4c,0x1,
0x0,0x0,0x18,0x11,0x16,0xc,0x80,0x11,
0x6a,0x10,0x18,0xe,0x16,0xd,0x74,0x4e,
0x5,0x16,0xe,0x74,0x50,0x16,0x13,0x88,
0x1,0x0,0x0,0x18,0x11,0xb5,0x4d,0x1,
0x0,0x0,0x1,0x0,0x0,0x0,0x11,0x0,
0x0,0x0,0xe,0x2,0xb5,0x4e,0x1,0x0,
0x0,0x1,0x0,0x0,0x0,0x6,0x0,0x0,
0x0,0x18,0xa,0xb5,0x4f,0x1,0x0,0x0,
0x1,0x0,0x0,0x0,0x7,0x0,0x0,0x0,
0x18,0xb,0x10,0xff,0x6c,0xa,0x4e,0x6,
0x10,0xff,0x6c,0xb,0x50,0x16,0x13,0x88,
0x1,0x0,0x0,0x18,0x11,0xb5,0x50,0x1,
0x0,0x0,0x1,0x0,0x0,0x0,0x11,0x0,
0x0,0x0,0xe,0x2,0x1a,0xb,0x11,0x1a,
0xa,0x12,0x13,0x88,0x1,0x0,0x0,0x18,
0x13,0xb5,0x51,0x1,0x0,0x0,0x3,0x0,
0x0,0x0,0x11,0x0,0x0,0x0,0x16,0x8,
0x2,0x0,0x0,0x0,0x0,0x0,0x0,0x0,
0x0,0x0,0x0,0x0,0x0,0x0,0x0,0x0,
0x98,0x0,0x0,0x0,0x62,0x0,0x0,0x0,
0x8f,0x0,0x0,0x0,0x0,0x0,0x0,0x0,
0x38,0x0,0x0,0x0,0x0,0x0,0x0,0x0,
0x38,0x0,0x0,0x0,0x0,0x0,0x8,0x0,
0xff,0xff,0xff,0xff,0xa,0x0,0x0,0x0,
0xf3,0x1,0x10,0x1,0x0,0x0,0x0,0x0,
0x0,0x0,0x7,0x0,0x0,0x0,0x0,0x0,
0x0,0x0,0x0,0x0,0xf4,0x1,0x0,0x0,
0x2,0x0,0x0,0x0,0x3,0x0,0x0,0x0,
0xf5,0x1,0x0,0x0,0x4,0x0,0x0,0x0,
0x8,0x0,0x0,0x0,0xf6,0x1,0x0,0x0,
0x6,0x0,0x0,0x0,0xb,0x0,0x0,0x0,
0xf7,0x1,0x0,0x0,0x8,0x0,0x0,0x0,
0x23,0x0,0x0,0x0,0xf8,0x1,0x0,0x0,
0xa,0x0,0x0,0x0,0x3b,0x0,0x0,0x0,
0xf9,0x1,0x0,0x0,0xc,0x0,0x0,0x0,
0x4c,0x0,0x0,0x0,0xfa,0x1,0x0,0x0,
0xe,0x0,0x0,0x0,0x60,0x0,0x0,0x0,
0xfb,0x1,0x0,0x0,0xe,0x0,0x0,0x0,
0xa,0x30,0x5d,0xe8,0x0,0x0,0x30,0x5f,
0x6,0x30,0x5e,0x2f,0x52,0x1,0x0,0x0,
0x18,0x7,0xad,0x53,0x1,0x0,0x0,0x7,
0x0,0x0,0x0,0x0,0x0,0x0,0x0,0x0,
0x0,0x0,0x0,0x2f,0x54,0x1,0x0,0x0,
0x18,0x7,0xad,0x55,0x1,0x0,0x0,0x7,
0x0,0x0,0x0,0x0,0x0,0x0,0x0,0x0,
0x0,0x0,0x0,0x2f,0x56,0x1,0x0,0x0,
0x3d,0x57,0x1,0x0,0x0,0x18,0x7,0x6,
0x6c,0x7,0x30,0x6d,0x13,0x8a,0x1,0x0,
0x0,0x18,0x9,0xb5,0x58,0x1,0x0,0x0,
0x1,0x0,0x0,0x0,0x9,0x0,0x0,0x0,
0xe,0x2,0x0,0x0,0x0,0x0,0x0,0x0,
0x98,0x0,0x0,0x0,0x62,0x0,0x0,0x0,
0x90,0x0,0x0,0x0,0x0,0x0,0x0,0x0,
0x38,0x0,0x0,0x0,0x0,0x0,0x0,0x0,
0x38,0x0,0x0,0x0,0x0,0x0,0x8,0x0,
0xff,0xff,0xff,0xff,0xa,0x0,0x0,0x0,
0xfd,0x1,0x10,0x1,0x0,0x0,0x0,0x0,
0x0,0x0,0x7,0x0,0x0,0x0,0x0,0x0,
0x0,0x0,0x0,0x0,0xfe,0x1,0x0,0x0,
0x2,0x0,0x0,0x0,0x3,0x0,0x0,0x0,
0xff,0x1,0x0,0x0,0x4,0x0,0x0,0x0,
0x8,0x0,0x0,0x0,0x0,0x2,0x0,0x0,
0x6,0x0,0x0,0x0,0xb,0x0,0x0,0x0,
0x1,0x2,0x0,0x0,0x8,0x0,0x0,0x0,
0x23,0x0,0x0,0x0,0x2,0x2,0x0,0x0,
0xa,0x0,0x0,0x0,0x3b,0x0,0x0,0x0,
0x3,0x2,0x0,0x0,0xc,0x0,0x0,0x0,
0x4c,0x0,0x0,0x0,0x4,0x2,0x0,0x0,
0xe,0x0,0x0,0x0,0x60,0x0,0x0,0x0,
0x5,0x2,0x0,0x0,0xe,0x0,0x0,0x0,
0xa,0x30,0x5d,0xe8,0x0,0x0,0x30,0x5f,
0x6,0x30,0x5e,0x2f,0x59,0x1,0x0,0x0,
0x18,0x7,0xad,0x5a,0x1,0x0,0x0,0x7,
0x0,0x0,0x0,0x0,0x0,0x0,0x0,0x0,
0x0,0x0,0x0,0x2f,0x5b,0x1,0x0,0x0,
0x18,0x7,0xad,0x5c,0x1,0x0,0x0,0x7,
0x0,0x0,0x0,0x0,0x0,0x0,0x0,0x0,
0x0,0x0,0x0,0x2f,0x5d,0x1,0x0,0x0,
0x3d,0x5e,0x1,0x0,0x0,0x18,0x7,0x6,
0x6c,0x7,0x30,0x6d,0x13,0x8a,0x1,0x0,
0x0,0x18,0x9,0xb5,0x5f,0x1,0x0,0x0,
0x1,0x0,0x0,0x0,0x9,0x0,0x0,0x0,
0xe,0x2,0x0,0x0,0x0,0x0,0x0,0x0,
0xac,0x0,0x0,0x0,0x64,0x0,0x0,0x0,
0x91,0x0,0x0,0x0,0x1,0x0,0x1,0x0,
0x38,0x0,0x0,0x0,0x0,0x0,0x0,0x0,
0x40,0x0,0x0,0x0,0x0,0x0,0x9,0x0,
0xff,0xff,0xff,0xff,0xc,0x0,0x0,0x0,
0x7,0x2,0x10,0x1,0x0,0x0,0x0,0x0,
0x0,0x0,0x8,0x0,0x0,0x0,0x0,0x0,
0x92,0x0,0x0,0x0,0x0,0x0,0x0,0x0,
0x0,0x0,0x0,0x0,0x8,0x2,0x0,0x0,
0x2,0x0,0x0,0x0,0xd,0x0,0x0,0x0,
0x9,0x2,0x0,0x0,0x3,0x0,0x0,0x0,
0x20,0x0,0x0,0x0,0xa,0x2,0x0,0x0,
0x4,0x0,0x0,0x0,0x22,0x0,0x0,0x0,
0xc,0x2,0x0,0x0,0x6,0x0,0x0,0x0,
0x4c,0x0,0x0,0x0,0x12,0x2,0x0,0x0,
0x8,0x0,0x0,0x0,0x4f,0x0,0x0,0x0,
0x13,0x2,0x0,0x0,0xa,0x0,0x0,0x0,
0x52,0x0,0x0,0x0,0x14,0x2,0x0,0x0,
0xc,0x0,0x0,0x0,0x55,0x0,0x0,0x0,
0x15,0x2,0x0,0x0,0xe,0x0,0x0,0x0,
0x62,0x0,0x0,0x0,0x16,0x2,0x0,0x0,
0xe,0x0,0x0,0x0,0xb5,0x60,0x1,0x0,
0x0,0x0,0x0,0x0,0x0,0x0,0x0,0x0,
0x0,0x16,0x6,0x74,0x4e,0xe,0x16,0x6,
0x3d,0x61,0x1,0x0,0x0,0x18,0x8,0x6,
0x6c,0x8,0x50,0x2,0xe,0x2,0xad,0x62,
0x1,0x0,0x0,0x6,0x0,0x0,0x0,0x0,
0x0,0x0,0x0,0x0,0x0,0x0,0x0,0x18,
0x8,0x28,0x3d,0x18,0xb,0xad,0x67,0x1,
0x0,0x0,0x8,0x0,0x0,0x0,0x1,0x0,
0x0,0x0,0xb,0x0,0x0,0x0,0x30,0x5f,
0x6,0x30,0x5e,0x8,0x30,0x5d,0xa,0x30,
0x6d,0xb5,0x68,0x1,0x0,0x0,0x0,0x0,
0x0,0x0,0x0,0x0,0x0,0x0,0xe,0x2,
0x0,0x0,0x0,0x0,0x0,0x0,0x0,0x0,
0x6c,0x0,0x0,0x0,0x35,0x0,0x0,0x0,
0x0,0x0,0x0,0x0,0x2,0x0,0x2,0x0,
0x38,0x0,0x0,0x0,0x0,0x0,0x0,0x0,
0x48,0x0,0x0,0x0,0x0,0x0,0x3,0x0,
0xff,0xff,0xff,0xff,0xb,0x0,0x0,0x0,
0xc,0x2,0xa0,0x3,0x0,0x0,0x0,0x0,
0x0,0x0,0xb,0x0,0x0,0x0,0x0,0x0,
0xeb,0x1,0x0,0x0,0x0,0x0,0x0,0x0,
0x74,0x1,0x0,0x0,0x0,0x0,0x0,0x0,
0x0,0x0,0x0,0x0,0xd,0x2,0x0,0x0,
0x1,0x0,0x0,0x0,0x19,0x0,0x0,0x0,
0xe,0x2,0x0,0x0,0x2,0x0,0x0,0x0,
0x32,0x0,0x0,0x0,0xf,0x2,0x0,0x0,
0x3,0x0,0x0,0x0,0x16,0x6,0x50,0x12,
0x16,0x6,0x3d,0x63,0x1,0x0,0x0,0x50,
0x9,0x16,0x6,0x3d,0x64,0x1,0x0,0x0,
0x4c,0x1,0x6,0x18,0x9,0x16,0x7,0x50,
0x12,0x16,0x7,0x3d,0x65,0x1,0x0,0x0,
0x50,0x9,0x16,0x7,0x3d,0x66,0x1,0x0,
0x0,0x4c,0x1,0x6,0x18,0xa,0xa2,0x9,
0x2,0x0,0x0,0x0,0x0,0x0,0x0,0x0,
0x40,0x1,0x0,0x0,0x78,0x1,0x0,0x0,
0x93,0x0,0x0,0x0,0x0,0x0,0x0,0x0,
0x38,0x0,0x0,0x0,0x0,0x0,0x0,0x0,
0x38,0x0,0x0,0x0,0x0,0x0,0x16,0x0,
0xff,0xff,0xff,0xff,0x18,0x0,0x0,0x0,
0x18,0x2,0x10,0x1,0x0,0x0,0x0,0x0,
0x0,0x0,0xc,0x0,0x0,0x0,0x0,0x0,
0x0,0x0,0x0,0x0,0x19,0x2,0x0,0x0,
0x2,0x0,0x0,0x0,0x18,0x0,0x0,0x0,
0x1a,0x2,0x0,0x0,0x3,0x0,0x0,0x0,
0x20,0x0,0x0,0x0,0x1b,0x2,0x0,0x0,
0x5,0x0,0x0,0x0,0x22,0x0,0x0,0x0,
0x1d,0x2,0x0,0x0,0x6,0x0,0x0,0x0,
0x37,0x0,0x0,0x0,0x1e,0x2,0x0,0x0,
0x8,0x0,0x0,0x0,0x44,0x0,0x0,0x0,
0x1f,0x2,0x0,0x0,0xa,0x0,0x0,0x0,
0x51,0x0,0x0,0x0,0x20,0x2,0x0,0x0,
0xb,0x0,0x0,0x0,0x53,0x0,0x0,0x0,
0x23,0x2,0x0,0x0,0xc,0x0,0x0,0x0,
0x63,0x0,0x0,0x0,0x24,0x2,0x0,0x0,
0xd,0x0,0x0,0x0,0x66,0x0,0x0,0x0,
0x25,0x2,0x0,0x0,0xe,0x0,0x0,0x0,
0x74,0x0,0x0,0x0,0x27,0x2,0x0,0x0,
0xf,0x0,0x0,0x0,0x77,0x0,0x0,0x0,
0x28,0x2,0x0,0x0,0x10,0x0,0x0,0x0,
0x83,0x0,0x0,0x0,0x29,0x2,0x0,0x0,
0x13,0x0,0x0,0x0,0x88,0x0,0x0,0x0,
0x2b,0x2,0x0,0x0,0x15,0x0,0x0,0x0,
0x99,0x0,0x0,0x0,0x2c,0x2,0x0,0x0,
0x16,0x0,0x0,0x0,0xb5,0x0,0x0,0x0,
0x2d,0x2,0x0,0x0,0x17,0x0,0x0,0x0,
0xcf,0x0,0x0,0x0,0x2e,0x2,0x0,0x0,
0x19,0x0,0x0,0x0,0xf5,0x0,0x0,0x0,
0x31,0x2,0x0,0x0,0x1a,0x0,0x0,0x0,
0xfd,0x0,0x0,0x0,0x32,0x2,0x0,0x0,
0x1d,0x0,0x0,0x0,0xc,0x1,0x0,0x0,
0x34,0x2,0x0,0x0,0x20,0x0,0x0,0x0,
0x5d,0x1,0x0,0x0,0x35,0x2,0x0,0x0,
0x22,0x0,0x0,0x0,0x75,0x1,0x0,0x0,
0x37,0x2,0x0,0x0,0x22,0x0,0x0,0x0,
0x2f,0x69,0x1,0x0,0x0,0x18,0xc,0xad,
0x6a,0x1,0x0,0x0,0xc,0x0,0x0,0x0,
0x0,0x0,0x0,0x0,0x0,0x0,0x0,0x0,
0x2f,0x6b,0x1,0x0,0x0,0x74,0x50,0x2,
0xe,0x2,0x2f,0x6c,0x1,0x0,0x0,0x18,
0xc,0x2f,0x6d,0x1,0x0,0x0,0x3d,0x6e,
0x1,0x0,0x0,0x66,0xc,0x50,0x1c,0x2f,
0x6f,0x1,0x0,0x0,0x3d,0x70,0x1,0x0,
0x0,0x74,0x50,0xd,0xb5,0x71,0x1,0x0,
0x0,0x0,0x0,0x0,0x0,0x0,0x0,0x0,
0x0,0xe,0x2,0x2f,0x72,0x1,0x0,0x0,
0x18,0xc,0x2f,0x73,0x1,0x0,0x0,0x34,
0xc,0x18,0x9,0x74,0x50,0xe,0xb5,0x74,
0x1,0x0,0x0,0x0,0x0,0x0,0x0,0x0,
0x0,0x0,0x0,0x2,0x6,0x18,0x8,0x2f,
0x75,0x1,0x0,0x0,0x18,0xc,0x6,0x6c,
0xc,0x50,0x5,0x6,0x18,0x8,0x4c,0x6d,
0x2f,0x76,0x1,0x0,0x0,0x18,0xd,0x2f,
0x77,0x1,0x0,0x0,0x7e,0x34,0xd,0x18,
0xa,0x50,0x17,0x16,0xa,0x3d,0x78,0x1,
0x0,0x0,0x18,0xd,0xe,0x6e,0xd,0x50,
0x9,0x16,0xa,0x3d,0x79,0x1,0x0,0x0,
0x4c,0x1,0x6,0x18,0xb,0x16,0x9,0x3d,
0x7a,0x1,0x0,0x0,0x18,0xd,0xe,0x6e,
0xd,0x50,0x9,0x16,0x9,0x3d,0x7b,0x1,
0x0,0x0,0x4c,0x1,0x6,0x18,0x7,0x2f,
0x7c,0x1,0x0,0x0,0x18,0xd,0x14,0x3e,
0x10,0x1a,0x7,0x12,0x16,0xb,0xa2,0x12,
0x18,0x11,0xad,0x7d,0x1,0x0,0x0,0xd,
0x0,0x0,0x0,0x2,0x0,0x0,0x0,0x10,
0x0,0x0,0x0,0x18,0x8,0x1a,0x8,0xc,
0x6,0x6a,0xc,0x50,0xf,0xb5,0x7e,0x1,
0x0,0x0,0x1,0x0,0x0,0x0,0x9,0x0,
0x0,0x0,0x4c,0x69,0x2f,0x7f,0x1,0x0,
0x0,0x18,0xd,0x2f,0x80,0x1,0x0,0x0,
0x18,0xe,0x14,0x3f,0x11,0x2f,0x81,0x1,
0x0,0x0,0x18,0x13,0x1a,0x8,0x17,0x11,
0xe8,0x3,0x0,0x0,0x9c,0x17,0x18,0x16,
0xad,0x82,0x1,0x0,0x0,0x13,0x0,0x0,
0x0,0x1,0x0,0x0,0x0,0x16,0x0,0x0,
0x0,0x18,0x12,0xad,0x83,0x1,0x0,0x0,
0xe,0x0,0x0,0x0,0x2,0x0,0x0,0x0,
0x11,0x0,0x0,0x0,0x43,0x84,0x1,0x0,
0x0,0xd,0x0,0x0,0x0,0x2f,0x85,0x1,
0x0,0x0,0x18,0xd,0xad,0x86,0x1,0x0,
0x0,0xd,0x0,0x0,0x0,0x0,0x0,0x0,
0x0,0x0,0x0,0x0,0x0,0x16,0x6,0x2,
0x0,0x0,0x0,0x0,0x0,0x0,0x0,0x0,
0x0,0x0,0x0,0x0,0x0,0x0,0x0,0x0,
0x0,0x0,0x0,0x0,0x0,0x0,0x0,0x0,
0x3c,0x1,0x0,0x0,0xe9,0x1,0x0,0x0,
0x94,0x0,0x0,0x0,0x1,0x0,0x1,0x0,
0x38,0x0,0x0,0x0,0x0,0x0,0x0,0x0,
0x40,0x0,0x0,0x0,0x0,0x0,0x15,0x0,
0xff,0xff,0xff,0xff,0x1c,0x0,0x0,0x0,
0x39,0x2,0x10,0x1,0x0,0x0,0x0,0x0,
0x0,0x0,0xd,0x0,0x0,0x0,0x0,0x0,
0x95,0x0,0x0,0x0,0x0,0x0,0x0,0x0,
0x0,0x0,0x0,0x0,0x3a,0x2,0x0,0x0,
0x1,0x0,0x0,0x0,0xd,0x0,0x0,0x0,
0x3b,0x2,0x0,0x0,0x2,0x0,0x0,0x0,
0xf,0x0,0x0,0x0,0x3d,0x2,0x0,0x0,
0x3,0x0,0x0,0x0,0x41,0x0,0x0,0x0,
0x3e,0x2,0x0,0x0,0x4,0x0,0x0,0x0,
0x73,0x0,0x0,0x0,0x3f,0x2,0x0,0x0,
0x5,0x0,0x0,0x0,0x8d,0x0,0x0,0x0,
0x40,0x2,0x0,0x0,0x8,0x0,0x0,0x0,
0x9c,0x0,0x0,0x0,0x41,0x2,0x0,0x0,
0xa,0x0,0x0,0x0,0xa9,0x0,0x0,0x0,
0x42,0x2,0x0,0x0,0xb,0x0,0x0,0x0,
0xab,0x0,0x0,0x0,0x44,0x2,0x0,0x0,
0xc,0x0,0x0,0x0,0xc5,0x0,0x0,0x0,
0x45,0x2,0x0,0x0,0xf,0x0,0x0,0x0,
0xd4,0x0,0x0,0x0,0x46,0x2,0x0,0x0,
0x11,0x0,0x0,0x0,0xe1,0x0,0x0,0x0,
0x47,0x2,0x0,0x0,0x12,0x0,0x0,0x0,
0xe3,0x0,0x0,0x0,0x4a,0x2,0x0,0x0,
0x14,0x0,0x0,0x0,0xfd,0x0,0x0,0x0,
0x4c,0x2,0x0,0x0,0x15,0x0,0x0,0x0,
0x20,0x1,0x0,0x0,0x4d,0x2,0x0,0x0,
0x16,0x0,0x0,0x0,0x3a,0x1,0x0,0x0,
0x4e,0x2,0x0,0x0,0x17,0x0,0x0,0x0,
0xa0,0x1,0x0,0x0,0x4f,0x2,0x0,0x0,
0x19,0x0,0x0,0x0,0xb2,0x1,0x0,0x0,
0x50,0x2,0x0,0x0,0x1b,0x0,0x0,0x0,
0xca,0x1,0x0,0x0,0x52,0x2,0x0,0x0,
0x1d,0x0,0x0,0x0,0xd9,0x1,0x0,0x0,
0x53,0x2,0x0,0x0,0x1f,0x0,0x0,0x0,
0xe6,0x1,0x0,0x0,0x54,0x2,0x0,0x0,
0x1f,0x0,0x0,0x0,0x2f,0x87,0x1,0x0,
0x0,0x74,0x4e,0x5,0x16,0x6,0x74,0x50,
0x2,0xe,0x2,0x2f,0x88,0x1,0x0,0x0,
0x18,0xd,0x16,0x6,0x3d,0x89,0x1,0x0,
0x0,0x18,0x13,0xb5,0x8a,0x1,0x0,0x0,
0x1,0x0,0x0,0x0,0x13,0x0,0x0,0x0,
0x18,0x10,0xad,0x8b,0x1,0x0,0x0,0xd,
0x0,0x0,0x0,0x1,0x0,0x0,0x0,0x10,
0x0,0x0,0x0,0x18,0xc,0x2f,0x8c,0x1,
0x0,0x0,0x18,0xd,0x16,0x6,0x3d,0x8d,
0x1,0x0,0x0,0x18,0x13,0xb5,0x8e,0x1,
0x0,0x0,0x1,0x0,0x0,0x0,0x13,0x0,
0x0,0x0,0x18,0x10,0xad,0x8f,0x1,0x0,
0x0,0xd,0x0,0x0,0x0,0x1,0x0,0x0,
0x0,0x10,0x0,0x0,0x0,0x18,0xa,0x1a,
0xc,0xd,0x6,0x66,0xd,0x50,0xf,0x1a,
0xc,0xe,0x2f,0x90,0x1,0x0,0x0,0x3d,
0x91,0x1,0x0,0x0,0x68,0xe,0x74,0x50,
0x1e,0x2f,0x92,0x1,0x0,0x0,0x18,0xf,
0x10,0x1,0x80,0xf,0x18,0x10,0x30,0x5e,
0xb5,0x93,0x1,0x0,0x0,0x0,0x0,0x0,
0x0,0x0,0x0,0x0,0x0,0xe,0x2,0x1a,
0xa,0xd,0x6,0x66,0xd,0x50,0xf,0x1a,
0xa,0xe,0x2f,0x94,0x1,0x0,0x0,0x3d,
0x95,0x1,0x0,0x0,0x68,0xe,0x74,0x50,
0x1e,0x2f,0x96,0x1,0x0,0x0,0x18,0xf,
0x10,0x1,0x80,0xf,0x18,0x10,0x30,0x5e,
0xb5,0x97,0x1,0x0,0x0,0x0,0x0,0x0,
0x0,0x0,0x0,0x0,0x0,0xe,0x2,0x1a,
0xc,0xf,0x1a,0xa,0x10,0x13,0x8a,0x1,
0x0,0x0,0x18,0x11,0xb5,0x98,0x1,0x0,
0x0,0x3,0x0,0x0,0x0,0xf,0x0,0x0,
0x0,0x16,0x6,0x3d,0x99,0x1,0x0,0x0,
0x18,0xd,0xe,0x6e,0xd,0x50,0x9,0x16,
0x6,0x3d,0x9a,0x1,0x0,0x0,0x4c,0xa,
0x16,0x6,0x3d,0x9b,0x1,0x0,0x0,0x4e,
0x1,0x6,0x18,0x9,0x16,0x6,0x3d,0x9c,
0x1,0x0,0x0,0x18,0xd,0xe,0x6e,0xd,
0x50,0x9,0x16,0x6,0x3d,0x9d,0x1,0x0,
0x0,0x4c,0x1,0x6,0x18,0xb,0x2f,0x9e,
0x1,0x0,0x0,0x18,0xd,0x14,0x6d,0x10,
0x2f,0x9f,0x1,0x0,0x0,0x18,0x12,0x2f,
0xa0,0x1,0x0,0x0,0x18,0x16,0x1a,0x9,
0x1b,0x16,0xb,0xa2,0x1b,0x18,0x19,0x14,
0x6e,0x1a,0xad,0xa1,0x1,0x0,0x0,0x16,
0x0,0x0,0x0,0x2,0x0,0x0,0x0,0x19,
0x0,0x0,0x0,0x18,0x16,0x11,0xe8,0x3,
0x0,0x0,0x9c,0x16,0x18,0x15,0xad,0xa2,
0x1,0x0,0x0,0x12,0x0,0x0,0x0,0x1,
0x0,0x0,0x0,0x15,0x0,0x0,0x0,0x18,
0x11,0xad,0xa3,0x1,0x0,0x0,0xd,0x0,
0x0,0x0,0x2,0x0,0x0,0x0,0x10,0x0,
0x0,0x0,0x18,0x8,0x2f,0xa4,0x1,0x0,
0x0,0x18,0xd,0x16,0x8,0x43,0xa5,0x1,
0x0,0x0,0xd,0x0,0x0,0x0,0x2f,0xa6,
0x1,0x0,0x0,0x18,0xd,0xad,0xa7,0x1,
0x0,0x0,0xd,0x0,0x0,0x0,0x0,0x0,
0x0,0x0,0x0,0x0,0x0,0x0,0x2f,0xa8,
0x1,0x0,0x0,0x18,0xd,0x10,0x1,0x80,
0xd,0x18,0xe,0x30,0x5e,0xb5,0xa9,0x1,
0x0,0x0,0x0,0x0,0x0,0x0,0x0,0x0,
0x0,0x0,0x16,0x7,0x2,0x0,0x0,0x0,
0x0,0x0,0x0,0x0,0x0,0x0,0x0,0x0,
0x0,0x0,0x0,0x0,0x0,0x0,0x0,0x0,
0x8c,0x0,0x0,0x0,0x82,0x0,0x0,0x0,
0x96,0x0,0x0,0x0,0x0,0x0,0x0,0x0,
0x38,0x0,0x0,0x0,0x0,0x0,0x0,0x0,
0x38,0x0,0x0,0x0,0x0,0x0,0x7,0x0,
0xff,0xff,0xff,0xff,0xb,0x0,0x0,0x0,
0x56,0x2,0x10,0x1,0x0,0x0,0x0,0x0,
0x0,0x0,0x7,0x0,0x0,0x0,0x0,0x0,
0x0,0x0,0x0,0x0,0x57,0x2,0x0,0x0,
0x1,0x0,0x0,0x0,0x10,0x0,0x0,0x0,
0x58,0x2,0x0,0x0,0x3,0x0,0x0,0x0,
0x24,0x0,0x0,0x0,0x59,0x2,0x0,0x0,
0x4,0x0,0x0,0x0,0x39,0x0,0x0,0x0,
0x5a,0x2,0x0,0x0,0x6,0x0,0x0,0x0,
0x4a,0x0,0x0,0x0,0x5b,0x2,0x0,0x0,
0x7,0x0,0x0,0x0,0x73,0x0,0x0,0x0,
0x5c,0x2,0x0,0x0,0x9,0x0,0x0,0x0,
0x80,0x0,0x0,0x0,0x5d,0x2,0x0,0x0,
0x9,0x0,0x0,0x0,0x2f,0xaa,0x1,0x0,
0x0,0x18,0x7,0x13,0x8a,0x1,0x0,0x0,
0x6c,0x7,0x50,0x14,0x13,0x8a,0x1,0x0,
0x0,0x18,0xa,0xb5,0xab,0x1,0x0,0x0,
0x1,0x0,0x0,0x0,0xa,0x0,0x0,0x0,
0x2f,0xac,0x1,0x0,0x0,0x74,0x50,0x1e,
0x2f,0xad,0x1,0x0,0x0,0x3d,0xae,0x1,
0x0,0x0,0x74,0x50,0x11,0x2f,0xaf,0x1,
0x0,0x0,0x3d,0xb0,0x1,0x0,0x0,0x18,
0x7,0x6,0x6c,0x7,0x30,0x6d,0x2f,0xb1,
0x1,0x0,0x0,0x50,0x2f,0x2f,0xb2,0x1,
0x0,0x0,0x18,0x7,0x2f,0xb3,0x1,0x0,
0x0,0x3d,0xb4,0x1,0x0,0x0,0x66,0x7,
0x50,0x1a,0x2f,0xb5,0x1,0x0,0x0,0x3d,
0xb6,0x1,0x0,0x0,0x74,0x50,0xd,0xb5,
0xb7,0x1,0x0,0x0,0x0,0x0,0x0,0x0,
0x0,0x0,0x0,0x0,0xe,0x2,0x0,0x0,
0x0,0x0,0x0,0x0,0x0,0x0,0x0,0x0,
0x44,0x0,0x0,0x0,0xd,0x0,0x0,0x0,
0x62,0x0,0x0,0x0,0x0,0x0,0x0,0x0,
0x38,0x0,0x0,0x0,0x0,0x0,0x0,0x0,
0x38,0x0,0x0,0x0,0x0,0x0,0x1,0x0,
0xff,0xff,0xff,0xff,0x7,0x0,0x0,0x0,
0xf1,0x0,0x10,0x1,0x0,0x0,0x0,0x0,
0x0,0x0,0x7,0x0,0x0,0x0,0x0,0x0,
0x0,0x0,0x0,0x0,0xf1,0x0,0x0,0x0,
0x1,0x0,0x0,0x0,0x2f,0xb8,0x1,0x0,
0x0,0x3d,0xb9,0x1,0x0,0x0,0x18,0x6,
0x2,0x0,0x0,0x0,0x0,0x0,0x0,0x0,
0x44,0x0,0x0,0x0,0xd,0x0,0x0,0x0,
0x64,0x0,0x0,0x0,0x0,0x0,0x0,0x0,
0x38,0x0,0x0,0x0,0x0,0x0,0x0,0x0,
0x38,0x0,0x0,0x0,0x0,0x0,0x1,0x0,
0xff,0xff,0xff,0xff,0x7,0x0,0x0,0x0,
0xf2,0x0,0x10,0x1,0x0,0x0,0x0,0x0,
0x0,0x0,0x7,0x0,0x0,0x0,0x0,0x0,
0x0,0x0,0x0,0x0,0xf2,0x0,0x0,0x0,
0x1,0x0,0x0,0x0,0x2f,0xba,0x1,0x0,
0x0,0x3d,0xbb,0x1,0x0,0x0,0x18,0x6,
0x2,0x0,0x0,0x0,0x0,0x0,0x0,0x0,
0x50,0x0,0x0,0x0,0x1f,0x0,0x0,0x0,
0x7b,0x0,0x0,0x0,0x0,0x0,0x0,0x0,
0x38,0x0,0x0,0x0,0x0,0x0,0x0,0x0,
0x38,0x0,0x0,0x0,0x0,0x0,0x2,0x0,
0xff,0xff,0xff,0xff,0xa,0x0,0x0,0x0,
0x29,0x1,0x50,0x1,0x0,0x0,0x0,0x0,
0x0,0x0,0x7,0x0,0x0,0x0,0x0,0x0,
0x0,0x0,0x0,0x0,0x29,0x1,0x0,0x0,
0x0,0x0,0x0,0x0,0x1,0x0,0x0,0x0,
0x29,0x1,0x0,0x0,0x1,0x0,0x0,0x0,
0xca,0x2f,0xbc,0x1,0x0,0x0,0x18,0x7,
0xad,0xbd,0x1,0x0,0x0,0x7,0x0,0x0,
0x0,0x0,0x0,0x0,0x0,0x0,0x0,0x0,
0x0,0x18,0x6,0xd4,0x16,0x6,0x2,0x0,
0x44,0x0,0x0,0x0,0xe,0x0,0x0,0x0,
0x98,0x0,0x0,0x0,0x0,0x0,0x0,0x0,
0x38,0x0,0x0,0x0,0x0,0x0,0x0,0x0,
0x38,0x0,0x0,0x0,0x0,0x0,0x1,0x0,
0xff,0xff,0xff,0xff,0x7,0x0,0x0,0x0,
0x61,0x2,0x50,0x1,0x0,0x0,0x0,0x0,
0x0,0x0,0x7,0x0,0x0,0x0,0x0,0x0,
0x0,0x0,0x0,0x0,0x61,0x2,0x0,0x0,
0x1,0x0,0x0,0x0,0x2f,0xbe,0x1,0x0,
0x0,0x3d,0xbf,0x1,0x0,0x0,0x74,0x18,
0x6,0x2,0x0,0x0,0x0,0x0,0x0,0x0,
0x44,0x0,0x0,0x0,0xd,0x0,0x0,0x0,
0x2c,0x0,0x0,0x0,0x0,0x0,0x0,0x0,
0x38,0x0,0x0,0x0,0x0,0x0,0x0,0x0,
0x38,0x0,0x0,0x0,0x0,0x0,0x1,0x0,
0xff,0xff,0xff,0xff,0x7,0x0,0x0,0x0,
0x65,0x2,0x50,0x1,0x0,0x0,0x0,0x0,
0x0,0x0,0x7,0x0,0x0,0x0,0x0,0x0,
0x0,0x0,0x0,0x0,0x65,0x2,0x0,0x0,
0x1,0x0,0x0,0x0,0x2f,0xc0,0x1,0x0,
0x0,0x3d,0xc1,0x1,0x0,0x0,0x18,0x6,
0x2,0x0,0x0,0x0,0x0,0x0,0x0,0x0,
0x44,0x0,0x0,0x0,0xd,0x0,0x0,0x0,
0x3a,0x0,0x0,0x0,0x0,0x0,0x0,0x0,
0x38,0x0,0x0,0x0,0x0,0x0,0x0,0x0,
0x38,0x0,0x0,0x0,0x0,0x0,0x1,0x0,
0xff,0xff,0xff,0xff,0x7,0x0,0x0,0x0,
0x67,0x2,0x50,0x1,0x0,0x0,0x0,0x0,
0x0,0x0,0x7,0x0,0x0,0x0,0x0,0x0,
0x0,0x0,0x0,0x0,0x67,0x2,0x0,0x0,
0x1,0x0,0x0,0x0,0x2f,0xc2,0x1,0x0,
0x0,0x3d,0xc3,0x1,0x0,0x0,0x18,0x6,
0x2,0x0,0x0,0x0,0x0,0x0,0x0,0x0,
0x44,0x0,0x0,0x0,0xd,0x0,0x0,0x0,
0x2c,0x0,0x0,0x0,0x0,0x0,0x0,0x0,
0x38,0x0,0x0,0x0,0x0,0x0,0x0,0x0,
0x38,0x0,0x0,0x0,0x0,0x0,0x1,0x0,
0xff,0xff,0xff,0xff,0x7,0x0,0x0,0x0,
0x63,0x2,0x50,0x1,0x0,0x0,0x0,0x0,
0x0,0x0,0x7,0x0,0x0,0x0,0x0,0x0,
0x0,0x0,0x0,0x0,0x63,0x2,0x0,0x0,
0x1,0x0,0x0,0x0,0x2f,0xc4,0x1,0x0,
0x0,0x3d,0xc5,0x1,0x0,0x0,0x18,0x6,
0x2,0x0,0x0,0x0,0x0,0x0,0x0,0x0,
0x44,0x0,0x0,0x0,0xd,0x0,0x0,0x0,
0x62,0x0,0x0,0x0,0x0,0x0,0x0,0x0,
0x38,0x0,0x0,0x0,0x0,0x0,0x0,0x0,
0x38,0x0,0x0,0x0,0x0,0x0,0x1,0x0,
0xff,0xff,0xff,0xff,0x7,0x0,0x0,0x0,
0x68,0x2,0x50,0x1,0x0,0x0,0x0,0x0,
0x0,0x0,0x7,0x0,0x0,0x0,0x0,0x0,
0x0,0x0,0x0,0x0,0x68,0x2,0x0,0x0,
0x1,0x0,0x0,0x0,0x2f,0xc6,0x1,0x0,
0x0,0x3d,0xc7,0x1,0x0,0x0,0x18,0x6,
0x2,0x0,0x0,0x0,0x0,0x0,0x0,0x0,
0x44,0x0,0x0,0x0,0xd,0x0,0x0,0x0,
0x41,0x0,0x0,0x0,0x0,0x0,0x0,0x0,
0x38,0x0,0x0,0x0,0x0,0x0,0x0,0x0,
0x38,0x0,0x0,0x0,0x0,0x0,0x1,0x0,
0xff,0xff,0xff,0xff,0x7,0x0,0x0,0x0,
0x69,0x2,0x50,0x1,0x0,0x0,0x0,0x0,
0x0,0x0,0x7,0x0,0x0,0x0,0x0,0x0,
0x0,0x0,0x0,0x0,0x69,0x2,0x0,0x0,
0x1,0x0,0x0,0x0,0x2f,0xc8,0x1,0x0,
0x0,0x3d,0xc9,0x1,0x0,0x0,0x18,0x6,
0x2,0x0,0x0,0x0,0x0,0x0,0x0,0x0,
0x44,0x0,0x0,0x0,0xe,0x0,0x0,0x0,
0x98,0x0,0x0,0x0,0x0,0x0,0x0,0x0,
0x38,0x0,0x0,0x0,0x0,0x0,0x0,0x0,
0x38,0x0,0x0,0x0,0x0,0x0,0x1,0x0,
0xff,0xff,0xff,0xff,0x7,0x0,0x0,0x0,
0x71,0x2,0x50,0x1,0x0,0x0,0x0,0x0,
0x0,0x0,0x7,0x0,0x0,0x0,0x0,0x0,
0x0,0x0,0x0,0x0,0x71,0x2,0x0,0x0,
0x1,0x0,0x0,0x0,0x2f,0xca,0x1,0x0,
0x0,0x3d,0xcb,0x1,0x0,0x0,0x74,0x18,
0x6,0x2,0x0,0x0,0x0,0x0,0x0,0x0,
0x44,0x0,0x0,0x0,0xd,0x0,0x0,0x0,
0x2c,0x0,0x0,0x0,0x0,0x0,0x0,0x0,
0x38,0x0,0x0,0x0,0x0,0x0,0x0,0x0,
0x38,0x0,0x0,0x0,0x0,0x0,0x1,0x0,
0xff,0xff,0xff,0xff,0x7,0x0,0x0,0x0,
0x75,0x2,0x50,0x1,0x0,0x0,0x0,0x0,
0x0,0x0,0x7,0x0,0x0,0x0,0x0,0x0,
0x0,0x0,0x0,0x0,0x75,0x2,0x0,0x0,
0x1,0x0,0x0,0x0,0x2f,0xcc,0x1,0x0,
0x0,0x3d,0xcd,0x1,0x0,0x0,0x18,0x6,
0x2,0x0,0x0,0x0,0x0,0x0,0x0,0x0,
0x44,0x0,0x0,0x0,0xd,0x0,0x0,0x0,
0x2e,0x0,0x0,0x0,0x0,0x0,0x0,0x0,
0x38,0x0,0x0,0x0,0x0,0x0,0x0,0x0,
0x38,0x0,0x0,0x0,0x0,0x0,0x1,0x0,
0xff,0xff,0xff,0xff,0x7,0x0,0x0,0x0,
0x76,0x2,0x50,0x1,0x0,0x0,0x0,0x0,
0x0,0x0,0x7,0x0,0x0,0x0,0x0,0x0,
0x0,0x0,0x0,0x0,0x76,0x2,0x0,0x0,
0x1,0x0,0x0,0x0,0x2f,0xce,0x1,0x0,
0x0,0x3d,0xcf,0x1,0x0,0x0,0x18,0x6,
0x2,0x0,0x0,0x0,0x0,0x0,0x0,0x0,
0x44,0x0,0x0,0x0,0xd,0x0,0x0,0x0,
0x3a,0x0,0x0,0x0,0x0,0x0,0x0,0x0,
0x38,0x0,0x0,0x0,0x0,0x0,0x0,0x0,
0x38,0x0,0x0,0x0,0x0,0x0,0x1,0x0,
0xff,0xff,0xff,0xff,0x7,0x0,0x0,0x0,
0x77,0x2,0x50,0x1,0x0,0x0,0x0,0x0,
0x0,0x0,0x7,0x0,0x0,0x0,0x0,0x0,
0x0,0x0,0x0,0x0,0x77,0x2,0x0,0x0,
0x1,0x0,0x0,0x0,0x2f,0xd0,0x1,0x0,
0x0,0x3d,0xd1,0x1,0x0,0x0,0x18,0x6,
0x2,0x0,0x0,0x0,0x0,0x0,0x0,0x0,
0x44,0x0,0x0,0x0,0xd,0x0,0x0,0x0,
0x2c,0x0,0x0,0x0,0x0,0x0,0x0,0x0,
0x38,0x0,0x0,0x0,0x0,0x0,0x0,0x0,
0x38,0x0,0x0,0x0,0x0,0x0,0x1,0x0,
0xff,0xff,0xff,0xff,0x7,0x0,0x0,0x0,
0x73,0x2,0x50,0x1,0x0,0x0,0x0,0x0,
0x0,0x0,0x7,0x0,0x0,0x0,0x0,0x0,
0x0,0x0,0x0,0x0,0x73,0x2,0x0,0x0,
0x1,0x0,0x0,0x0,0x2f,0xd2,0x1,0x0,
0x0,0x3d,0xd3,0x1,0x0,0x0,0x18,0x6,
0x2,0x0,0x0,0x0,0x0,0x0,0x0,0x0,
0x44,0x0,0x0,0x0,0xd,0x0,0x0,0x0,
0x2e,0x0,0x0,0x0,0x0,0x0,0x0,0x0,
0x38,0x0,0x0,0x0,0x0,0x0,0x0,0x0,
0x38,0x0,0x0,0x0,0x0,0x0,0x1,0x0,
0xff,0xff,0xff,0xff,0x7,0x0,0x0,0x0,
0x74,0x2,0x50,0x1,0x0,0x0,0x0,0x0,
0x0,0x0,0x7,0x0,0x0,0x0,0x0,0x0,
0x0,0x0,0x0,0x0,0x74,0x2,0x0,0x0,
0x1,0x0,0x0,0x0,0x2f,0xd4,0x1,0x0,
0x0,0x3d,0xd5,0x1,0x0,0x0,0x18,0x6,
0x2,0x0,0x0,0x0,0x0,0x0,0x0,0x0,
0x44,0x0,0x0,0x0,0xd,0x0,0x0,0x0,
0x62,0x0,0x0,0x0,0x0,0x0,0x0,0x0,
0x38,0x0,0x0,0x0,0x0,0x0,0x0,0x0,
0x38,0x0,0x0,0x0,0x0,0x0,0x1,0x0,
0xff,0xff,0xff,0xff,0x7,0x0,0x0,0x0,
0x79,0x2,0x50,0x1,0x0,0x0,0x0,0x0,
0x0,0x0,0x7,0x0,0x0,0x0,0x0,0x0,
0x0,0x0,0x0,0x0,0x79,0x2,0x0,0x0,
0x1,0x0,0x0,0x0,0x2f,0xd6,0x1,0x0,
0x0,0x3d,0xd7,0x1,0x0,0x0,0x18,0x6,
0x2,0x0,0x0,0x0,0x0,0x0,0x0,0x0,
0x44,0x0,0x0,0x0,0xd,0x0,0x0,0x0,
0x64,0x0,0x0,0x0,0x0,0x0,0x0,0x0,
0x38,0x0,0x0,0x0,0x0,0x0,0x0,0x0,
0x38,0x0,0x0,0x0,0x0,0x0,0x1,0x0,
0xff,0xff,0xff,0xff,0x7,0x0,0x0,0x0,
0x7b,0x2,0x50,0x1,0x0,0x0,0x0,0x0,
0x0,0x0,0x7,0x0,0x0,0x0,0x0,0x0,
0x0,0x0,0x0,0x0,0x7b,0x2,0x0,0x0,
0x1,0x0,0x0,0x0,0x2f,0xd8,0x1,0x0,
0x0,0x3d,0xd9,0x1,0x0,0x0,0x18,0x6,
0x2,0x0,0x0,0x0,0x0,0x0,0x0,0x0,
0x44,0x0,0x0,0x0,0xe,0x0,0x0,0x0,
0x98,0x0,0x0,0x0,0x0,0x0,0x0,0x0,
0x38,0x0,0x0,0x0,0x0,0x0,0x0,0x0,
0x38,0x0,0x0,0x0,0x0,0x0,0x1,0x0,
0xff,0xff,0xff,0xff,0x7,0x0,0x0,0x0,
0x83,0x2,0x50,0x1,0x0,0x0,0x0,0x0,
0x0,0x0,0x7,0x0,0x0,0x0,0x0,0x0,
0x0,0x0,0x0,0x0,0x83,0x2,0x0,0x0,
0x1,0x0,0x0,0x0,0x2f,0xda,0x1,0x0,
0x0,0x3d,0xdb,0x1,0x0,0x0,0x74,0x18,
0x6,0x2,0x0,0x0,0x0,0x0,0x0,0x0,
0x44,0x0,0x0,0x0,0x1b,0x0,0x0,0x0,
0x2c,0x0,0x0,0x0,0x0,0x0,0x0,0x0,
0x38,0x0,0x0,0x0,0x0,0x0,0x0,0x0,
0x38,0x0,0x0,0x0,0x0,0x0,0x1,0x0,
0xff,0xff,0xff,0xff,0x8,0x0,0x0,0x0,
0x87,0x2,0x50,0x1,0x0,0x0,0x0,0x0,
0x0,0x0,0x7,0x0,0x0,0x0,0x0,0x0,
0x0,0x0,0x0,0x0,0x87,0x2,0x0,0x0,
0x1,0x0,0x0,0x0,0x2f,0xdc,0x1,0x0,
0x0,0x3d,0xdd,0x1,0x0,0x0,0x18,0x7,
0x2f,0xde,0x1,0x0,0x0,0x3d,0xdf,0x1,
0x0,0x0,0x80,0x7,0x18,0x6,0x2,0x0,
0x0,0x0,0x0,0x0,0x0,0x0,0x0,0x0,
0x44,0x0,0x0,0x0,0xd,0x0,0x0,0x0,
0x2e,0x0,0x0,0x0,0x0,0x0,0x0,0x0,
0x38,0x0,0x0,0x0,0x0,0x0,0x0,0x0,
0x38,0x0,0x0,0x0,0x0,0x0,0x1,0x0,
0xff,0xff,0xff,0xff,0x7,0x0,0x0,0x0,
0x88,0x2,0x50,0x1,0x0,0x0,0x0,0x0,
0x0,0x0,0x7,0x0,0x0,0x0,0x0,0x0,
0x0,0x0,0x0,0x0,0x88,0x2,0x0,0x0,
0x1,0x0,0x0,0x0,0x2f,0xe0,0x1,0x0,
0x0,0x3d,0xe1,0x1,0x0,0x0,0x18,0x6,
0x2,0x0,0x0,0x0,0x0,0x0,0x0,0x0,
0x44,0x0,0x0,0x0,0xd,0x0,0x0,0x0,
0x3a,0x0,0x0,0x0,0x0,0x0,0x0,0x0,
0x38,0x0,0x0,0x0,0x0,0x0,0x0,0x0,
0x38,0x0,0x0,0x0,0x0,0x0,0x1,0x0,
0xff,0xff,0xff,0xff,0x7,0x0,0x0,0x0,
0x89,0x2,0x50,0x1,0x0,0x0,0x0,0x0,
0x0,0x0,0x7,0x0,0x0,0x0,0x0,0x0,
0x0,0x0,0x0,0x0,0x89,0x2,0x0,0x0,
0x1,0x0,0x0,0x0,0x2f,0xe2,0x1,0x0,
0x0,0x3d,0xe3,0x1,0x0,0x0,0x18,0x6,
0x2,0x0,0x0,0x0,0x0,0x0,0x0,0x0,
0x44,0x0,0x0,0x0,0xd,0x0,0x0,0x0,
0x2c,0x0,0x0,0x0,0x0,0x0,0x0,0x0,
0x38,0x0,0x0,0x0,0x0,0x0,0x0,0x0,
0x38,0x0,0x0,0x0,0x0,0x0,0x1,0x0,
0xff,0xff,0xff,0xff,0x7,0x0,0x0,0x0,
0x85,0x2,0x50,0x1,0x0,0x0,0x0,0x0,
0x0,0x0,0x7,0x0,0x0,0x0,0x0,0x0,
0x0,0x0,0x0,0x0,0x85,0x2,0x0,0x0,
0x1,0x0,0x0,0x0,0x2f,0xe4,0x1,0x0,
0x0,0x3d,0xe5,0x1,0x0,0x0,0x18,0x6,
0x2,0x0,0x0,0x0,0x0,0x0,0x0,0x0,
0x44,0x0,0x0,0x0,0xd,0x0,0x0,0x0,
0x2e,0x0,0x0,0x0,0x0,0x0,0x0,0x0,
0x38,0x0,0x0,0x0,0x0,0x0,0x0,0x0,
0x38,0x0,0x0,0x0,0x0,0x0,0x1,0x0,
0xff,0xff,0xff,0xff,0x7,0x0,0x0,0x0,
0x86,0x2,0x50,0x1,0x0,0x0,0x0,0x0,
0x0,0x0,0x7,0x0,0x0,0x0,0x0,0x0,
0x0,0x0,0x0,0x0,0x86,0x2,0x0,0x0,
0x1,0x0,0x0,0x0,0x2f,0xe6,0x1,0x0,
0x0,0x3d,0xe7,0x1,0x0,0x0,0x18,0x6,
0x2,0x0,0x0,0x0,0x0,0x0,0x0,0x0,
0x44,0x0,0x0,0x0,0xd,0x0,0x0,0x0,
0x62,0x0,0x0,0x0,0x0,0x0,0x0,0x0,
0x38,0x0,0x0,0x0,0x0,0x0,0x0,0x0,
0x38,0x0,0x0,0x0,0x0,0x0,0x1,0x0,
0xff,0xff,0xff,0xff,0x7,0x0,0x0,0x0,
0x8a,0x2,0x50,0x1,0x0,0x0,0x0,0x0,
0x0,0x0,0x7,0x0,0x0,0x0,0x0,0x0,
0x0,0x0,0x0,0x0,0x8a,0x2,0x0,0x0,
0x1,0x0,0x0,0x0,0x2f,0xe8,0x1,0x0,
0x0,0x3d,0xe9,0x1,0x0,0x0,0x18,0x6,
0x2,0x0,0x0,0x0,0x0,0x0,0x0,0x0,
0x44,0x0,0x0,0x0,0xd,0x0,0x0,0x0,
0x41,0x0,0x0,0x0,0x0,0x0,0x0,0x0,
0x38,0x0,0x0,0x0,0x0,0x0,0x0,0x0,
0x38,0x0,0x0,0x0,0x0,0x0,0x1,0x0,
0xff,0xff,0xff,0xff,0x7,0x0,0x0,0x0,
0x8c,0x2,0x50,0x1,0x0,0x0,0x0,0x0,
0x0,0x0,0x7,0x0,0x0,0x0,0x0,0x0,
0x0,0x0,0x0,0x0,0x8c,0x2,0x0,0x0,
0x1,0x0,0x0,0x0,0x2f,0xea,0x1,0x0,
0x0,0x3d,0xeb,0x1,0x0,0x0,0x18,0x6,
0x2,0x0,0x0,0x0,0x0,0x0,0x0,0x0,
0x44,0x0,0x0,0x0,0x13,0x0,0x0,0x0,
0xa1,0x0,0x0,0x0,0x0,0x0,0x0,0x0,
0x38,0x0,0x0,0x0,0x0,0x0,0x0,0x0,
0x38,0x0,0x0,0x0,0x0,0x0,0x1,0x0,
0xff,0xff,0xff,0xff,0x8,0x0,0x0,0x0,
0x8d,0x2,0x50,0x1,0x0,0x0,0x0,0x0,
0x0,0x0,0x7,0x0,0x0,0x0,0x0,0x0,
0x0,0x0,0x0,0x0,0x8d,0x2,0x0,0x0,
0x1,0x0,0x0,0x0,0x2f,0xec,0x1,0x0,
0x0,0x3d,0xed,0x1,0x0,0x0,0x18,0x7,
0x10,0x3,0xa2,0x7,0x18,0x6,0x2,0x0,
0x0,0x0,0x0,0x0,0x0,0x0,0x0,0x0,
0x44,0x0,0x0,0x0,0xe,0x0,0x0,0x0,
0x98,0x0,0x0,0x0,0x0,0x0,0x0,0x0,
0x38,0x0,0x0,0x0,0x0,0x0,0x0,0x0,
0x38,0x0,0x0,0x0,0x0,0x0,0x1,0x0,
0xff,0xff,0xff,0xff,0x7,0x0,0x0,0x0,
0x94,0x2,0x50,0x1,0x0,0x0,0x0,0x0,
0x0,0x0,0x7,0x0,0x0,0x0,0x0,0x0,
0x0,0x0,0x0,0x0,0x94,0x2,0x0,0x0,
0x1,0x0,0x0,0x0,0x2f,0xee,0x1,0x0,
0x0,0x3d,0xef,0x1,0x0,0x0,0x74,0x18,
0x6,0x2,0x0,0x0,0x0,0x0,0x0,0x0,
0x44,0x0,0x0,0x0,0xd,0x0,0x0,0x0,
0x2e,0x0,0x0,0x0,0x0,0x0,0x0,0x0,
0x38,0x0,0x0,0x0,0x0,0x0,0x0,0x0,
0x38,0x0,0x0,0x0,0x0,0x0,0x1,0x0,
0xff,0xff,0xff,0xff,0x7,0x0,0x0,0x0,
0x97,0x2,0x50,0x1,0x0,0x0,0x0,0x0,
0x0,0x0,0x7,0x0,0x0,0x0,0x0,0x0,
0x0,0x0,0x0,0x0,0x97,0x2,0x0,0x0,
0x1,0x0,0x0,0x0,0x2f,0xf0,0x1,0x0,
0x0,0x3d,0xf1,0x1,0x0,0x0,0x18,0x6,
0x2,0x0,0x0,0x0,0x0,0x0,0x0,0x0,
0x44,0x0,0x0,0x0,0xd,0x0,0x0,0x0,
0x2e,0x0,0x0,0x0,0x0,0x0,0x0,0x0,
0x38,0x0,0x0,0x0,0x0,0x0,0x0,0x0,
0x38,0x0,0x0,0x0,0x0,0x0,0x1,0x0,
0xff,0xff,0xff,0xff,0x7,0x0,0x0,0x0,
0x96,0x2,0x50,0x1,0x0,0x0,0x0,0x0,
0x0,0x0,0x7,0x0,0x0,0x0,0x0,0x0,
0x0,0x0,0x0,0x0,0x96,0x2,0x0,0x0,
0x1,0x0,0x0,0x0,0x2f,0xf2,0x1,0x0,
0x0,0x3d,0xf3,0x1,0x0,0x0,0x18,0x6,
0x2,0x0,0x0,0x0,0x0,0x0,0x0,0x0,
0x44,0x0,0x0,0x0,0xd,0x0,0x0,0x0,
0x48,0x0,0x0,0x0,0x0,0x0,0x0,0x0,
0x38,0x0,0x0,0x0,0x0,0x0,0x0,0x0,
0x38,0x0,0x0,0x0,0x0,0x0,0x1,0x0,
0xff,0xff,0xff,0xff,0x7,0x0,0x0,0x0,
0x98,0x2,0x50,0x1,0x0,0x0,0x0,0x0,
0x0,0x0,0x7,0x0,0x0,0x0,0x0,0x0,
0x0,0x0,0x0,0x0,0x98,0x2,0x0,0x0,
0x1,0x0,0x0,0x0,0x2f,0xf4,0x1,0x0,
0x0,0x3d,0xf5,0x1,0x0,0x0,0x18,0x6,
0x2,0x0,0x0,0x0,0x0,0x0,0x0,0x0,
0x44,0x0,0x0,0x0,0xd,0x0,0x0,0x0,
0x64,0x0,0x0,0x0,0x0,0x0,0x0,0x0,
0x38,0x0,0x0,0x0,0x0,0x0,0x0,0x0,
0x38,0x0,0x0,0x0,0x0,0x0,0x1,0x0,
0xff,0xff,0xff,0xff,0x7,0x0,0x0,0x0,
0x9a,0x2,0x50,0x1,0x0,0x0,0x0,0x0,
0x0,0x0,0x7,0x0,0x0,0x0,0x0,0x0,
0x0,0x0,0x0,0x0,0x9a,0x2,0x0,0x0,
0x1,0x0,0x0,0x0,0x2f,0xf6,0x1,0x0,
0x0,0x3d,0xf7,0x1,0x0,0x0,0x18,0x6,
0x2,0x0,0x0,0x0,0x0,0x0,0x0,0x0,
0x44,0x0,0x0,0x0,0x3b,0x0,0x0,0x0,
0xa4,0x0,0x0,0x0,0x0,0x0,0x0,0x0,
0x38,0x0,0x0,0x0,0x0,0x0,0x0,0x0,
0x38,0x0,0x0,0x0,0x0,0x0,0x1,0x0,
0xff,0xff,0xff,0xff,0xc,0x0,0x0,0x0,
0x9b,0x2,0x50,0x1,0x0,0x0,0x0,0x0,
0x0,0x0,0x7,0x0,0x0,0x0,0x0,0x0,
0x0,0x0,0x0,0x0,0x9b,0x2,0x0,0x0,
0x1,0x0,0x0,0x0,0x2f,0xf8,0x1,0x0,
0x0,0x3d,0xf9,0x1,0x0,0x0,0x18,0x7,
0x10,0x2,0x80,0x7,0x18,0x8,0x2f,0xfa,
0x1,0x0,0x0,0x3d,0xfb,0x1,0x0,0x0,
0x18,0x9,0x10,0x2,0x9e,0x9,0x80,0x8,
0x18,0xa,0x2f,0xfc,0x1,0x0,0x0,0x3d,
0xfd,0x1,0x0,0x0,0x18,0xb,0x10,0x2,
0x9e,0xb,0xa2,0xa,0x18,0x6,0x2,0x0,
0x0,0x0,0x0,0x0,0x0,0x0,0x0,0x0,
0x44,0x0,0x0,0x0,0x8,0x0,0x0,0x0,
0xaa,0x0,0x0,0x0,0x0,0x0,0x0,0x0,
0x38,0x0,0x0,0x0,0x0,0x0,0x0,0x0,
0x38,0x0,0x0,0x0,0x0,0x0,0x1,0x0,
0xff,0xff,0xff,0xff,0x7,0x0,0x0,0x0,
0xac,0x2,0x50,0x1,0x0,0x0,0x0,0x0,
0x0,0x0,0x7,0x0,0x0,0x0,0x0,0x0,
0x0,0x0,0x0,0x0,0xac,0x2,0x0,0x0,
0x1,0x0,0x0,0x0,0x2f,0xfe,0x1,0x0,
0x0,0x18,0x6,0x2,0x0,0x0,0x0,0x0,
0x44,0x0,0x0,0x0,0xe,0x0,0x0,0x0,
0x98,0x0,0x0,0x0,0x0,0x0,0x0,0x0,
0x38,0x0,0x0,0x0,0x0,0x0,0x0,0x0,
0x38,0x0,0x0,0x0,0x0,0x0,0x1,0x0,
0xff,0xff,0xff,0xff,0x7,0x0,0x0,0x0,
0xaf,0x2,0x90,0x1,0x0,0x0,0x0,0x0,
0x0,0x0,0x7,0x0,0x0,0x0,0x0,0x0,
0x0,0x0,0x0,0x0,0xaf,0x2,0x0,0x0,
0x1,0x0,0x0,0x0,0x2f,0xff,0x1,0x0,
0x0,0x3d,0x0,0x2,0x0,0x0,0x74,0x18,
0x6,0x2,0x0,0x0,0x0,0x0,0x0,0x0,
0x44,0x0,0x0,0x0,0x27,0x0,0x0,0x0,
0xac,0x0,0x0,0x0,0x0,0x0,0x0,0x0,
0x38,0x0,0x0,0x0,0x0,0x0,0x0,0x0,
0x38,0x0,0x0,0x0,0x0,0x0,0x1,0x0,
0xff,0xff,0xff,0xff,0xe,0x0,0x0,0x0,
0xb3,0x2,0x90,0x1,0x0,0x0,0x0,0x0,
0x0,0x0,0x7,0x0,0x0,0x0,0x0,0x0,
0x0,0x0,0x0,0x0,0xb3,0x2,0x0,0x0,
0x1,0x0,0x0,0x0,0x2f,0x1,0x2,0x0,
0x0,0x18,0x7,0x14,0x6f,0xa,0x14,0x70,
0xb,0x14,0x71,0xc,0x14,0x3c,0xd,0xad,
0x2,0x2,0x0,0x0,0x7,0x0,0x0,0x0,
0x4,0x0,0x0,0x0,0xa,0x0,0x0,0x0,
0x18,0x6,0x2,0x0,0x0,0x0,0x0,0x0,
0x44,0x0,0x0,0x0,0x31,0x0,0x0,0x0,
0xaf,0x0,0x0,0x0,0x0,0x0,0x0,0x0,
0x38,0x0,0x0,0x0,0x0,0x0,0x0,0x0,
0x38,0x0,0x0,0x0,0x0,0x0,0x1,0x0,
0xff,0xff,0xff,0xff,0xb,0x0,0x0,0x0,
0xb6,0x2,0x90,0x1,0x0,0x0,0x0,0x0,
0x0,0x0,0x7,0x0,0x0,0x0,0x0,0x0,
0x0,0x0,0x0,0x0,0xb6,0x2,0x0,0x0,
0x1,0x0,0x0,0x0,0x2f,0x3,0x2,0x0,
0x0,0x18,0x7,0x2f,0x4,0x2,0x0,0x0,
0x18,0xa,0xad,0x5,0x2,0x0,0x0,0x7,
0x0,0x0,0x0,0x1,0x0,0x0,0x0,0xa,
0x0,0x0,0x0,0x18,0x7,0x2f,0x6,0x2,
0x0,0x0,0x18,0x8,0x10,0x2,0x9e,0x8,
0xa2,0x7,0x18,0x6,0x2,0x0,0x0,0x0,
0x0,0x0,0x0,0x0,0x0,0x0,0x0,0x0,
0x44,0x0,0x0,0x0,0x31,0x0,0x0,0x0,
0xb0,0x0,0x0,0x0,0x0,0x0,0x0,0x0,
0x38,0x0,0x0,0x0,0x0,0x0,0x0,0x0,
0x38,0x0,0x0,0x0,0x0,0x0,0x1,0x0,
0xff,0xff,0xff,0xff,0xb,0x0,0x0,0x0,
0xb7,0x2,0x90,0x1,0x0,0x0,0x0,0x0,
0x0,0x0,0x7,0x0,0x0,0x0,0x0,0x0,
0x0,0x0,0x0,0x0,0xb7,0x2,0x0,0x0,
0x1,0x0,0x0,0x0,0x2f,0x7,0x2,0x0,
0x0,0x18,0x7,0x2f,0x8,0x2,0x0,0x0,
0x18,0xa,0xad,0x9,0x2,0x0,0x0,0x7,
0x0,0x0,0x0,0x1,0x0,0x0,0x0,0xa,
0x0,0x0,0x0,0x18,0x7,0x2f,0xa,0x2,
0x0,0x0,0x18,0x8,0x10,0x2,0x9e,0x8,
0xa2,0x7,0x18,0x6,0x2,0x0,0x0,0x0,
0x0,0x0,0x0,0x0,0x0,0x0,0x0,0x0,
0x44,0x0,0x0,0x0,0x48,0x0,0x0,0x0,
0xb2,0x0,0x0,0x0,0x0,0x0,0x0,0x0,
0x38,0x0,0x0,0x0,0x0,0x0,0x0,0x0,
0x38,0x0,0x0,0x0,0x0,0x0,0x1,0x0,
0xff,0xff,0xff,0xff,0x12,0x0,0x0,0x0,
0xba,0x2,0x90,0x1,0x0,0x0,0x0,0x0,
0x0,0x0,0x7,0x0,0x0,0x0,0x0,0x0,
0x0,0x0,0x0,0x0,0xba,0x2,0x0,0x0,
0x1,0x0,0x0,0x0,0x2f,0xb,0x2,0x0,
0x0,0x18,0x7,0x14,0x72,0xa,0x2f,0xc,
0x2,0x0,0x0,0x18,0xc,0x14,0x3f,0xf,
0x2f,0xd,0x2,0x0,0x0,0x18,0x11,0x4,
0x73,0x9c,0x11,0x18,0x10,0xad,0xe,0x2,
0x0,0x0,0xc,0x0,0x0,0x0,0x2,0x0,
0x0,0x0,0xf,0x0,0x0,0x0,0x18,0xb,
0xad,0xf,0x2,0x0,0x0,0x7,0x0,0x0,
0x0,0x2,0x0,0x0,0x0,0xa,0x0,0x0,
0x0,0x18,0x6,0x2,0x0,0x0,0x0,0x0,
0x44,0x0,0x0,0x0,0xd,0x0,0x0,0x0,
0xb8,0x0,0x0,0x0,0x0,0x0,0x0,0x0,
0x38,0x0,0x0,0x0,0x0,0x0,0x0,0x0,
0x38,0x0,0x0,0x0,0x0,0x0,0x1,0x0,
0xff,0xff,0xff,0xff,0x7,0x0,0x0,0x0,
0xc0,0x2,0x10,0x2,0x0,0x0,0x0,0x0,
0x0,0x0,0x7,0x0,0x0,0x0,0x0,0x0,
0x0,0x0,0x0,0x0,0xc0,0x2,0x0,0x0,
0x1,0x0,0x0,0x0,0x2f,0x10,0x2,0x0,
0x0,0x3d,0x11,0x2,0x0,0x0,0x18,0x6,
0x2,0x0,0x0,0x0,0x0,0x0,0x0,0x0,
0x44,0x0,0x0,0x0,0x19,0x0,0x0,0x0,
0x2e,0x0,0x0,0x0,0x0,0x0,0x0,0x0,
0x38,0x0,0x0,0x0,0x0,0x0,0x0,0x0,
0x38,0x0,0x0,0x0,0x0,0x0,0x1,0x0,
0xff,0xff,0xff,0xff,0x8,0x0,0x0,0x0,
0xc8,0x2,0x50,0x1,0x0,0x0,0x0,0x0,
0x0,0x0,0x7,0x0,0x0,0x0,0x0,0x0,
0x0,0x0,0x0,0x0,0xc8,0x2,0x0,0x0,
0x1,0x0,0x0,0x0,0x2f,0x12,0x2,0x0,
0x0,0x3d,0x13,0x2,0x0,0x0,0x18,0x7,
0x6,0x66,0x7,0x50,0x4,0x10,0x18,0x4c,
0x1,0x6,0x18,0x6,0x2,0x0,0x0,0x0,
0x0,0x0,0x0,0x0,0x0,0x0,0x0,0x0,
0x44,0x0,0x0,0x0,0x12,0x0,0x0,0x0,
0x98,0x0,0x0,0x0,0x0,0x0,0x0,0x0,
0x38,0x0,0x0,0x0,0x0,0x0,0x0,0x0,
0x38,0x0,0x0,0x0,0x0,0x0,0x1,0x0,
0xff,0xff,0xff,0xff,0x8,0x0,0x0,0x0,
0xcd,0x2,0x50,0x1,0x0,0x0,0x0,0x0,
0x0,0x0,0x7,0x0,0x0,0x0,0x0,0x0,
0x0,0x0,0x0,0x0,0xcd,0x2,0x0,0x0,
0x1,0x0,0x0,0x0,0x2f,0x14,0x2,0x0,
0x0,0x3d,0x15,0x2,0x0,0x0,0x18,0x7,
0x6,0x66,0x7,0x18,0x6,0x2,0x0,0x0,
0x0,0x0,0x0,0x0,0x0,0x0,0x0,0x0,
0x44,0x0,0x0,0x0,0x13,0x0,0x0,0x0,
0xbd,0x0,0x0,0x0,0x0,0x0,0x0,0x0,
0x38,0x0,0x0,0x0,0x0,0x0,0x0,0x0,
0x38,0x0,0x0,0x0,0x0,0x0,0x1,0x0,
0xff,0xff,0xff,0xff,0x8,0x0,0x0,0x0,
0xd2,0x2,0x50,0x1,0x0,0x0,0x0,0x0,
0x0,0x0,0x7,0x0,0x0,0x0,0x0,0x0,
0x0,0x0,0x0,0x0,0xd2,0x2,0x0,0x0,
0x1,0x0,0x0,0x0,0x2f,0x16,0x2,0x0,
0x0,0x3d,0x17,0x2,0x0,0x0,0x18,0x7,
0x10,0x14,0x80,0x7,0x18,0x6,0x2,0x0,
0x0,0x0,0x0,0x0,0x0,0x0,0x0,0x0,
0x44,0x0,0x0,0x0,0xd,0x0,0x0,0x0,
0x41,0x0,0x0,0x0,0x0,0x0,0x0,0x0,
0x38,0x0,0x0,0x0,0x0,0x0,0x0,0x0,
0x38,0x0,0x0,0x0,0x0,0x0,0x1,0x0,
0xff,0xff,0xff,0xff,0x7,0x0,0x0,0x0,
0xce,0x2,0x50,0x1,0x0,0x0,0x0,0x0,
0x0,0x0,0x7,0x0,0x0,0x0,0x0,0x0,
0x0,0x0,0x0,0x0,0xce,0x2,0x0,0x0,
0x1,0x0,0x0,0x0,0x2f,0x18,0x2,0x0,
0x0,0x3d,0x19,0x2,0x0,0x0,0x18,0x6,
0x2,0x0,0x0,0x0,0x0,0x0,0x0,0x0,
0x44,0x0,0x0,0x0,0xd,0x0,0x0,0x0,
0x48,0x0,0x0,0x0,0x0,0x0,0x0,0x0,
0x38,0x0,0x0,0x0,0x0,0x0,0x0,0x0,
0x38,0x0,0x0,0x0,0x0,0x0,0x1,0x0,
0xff,0xff,0xff,0xff,0x7,0x0,0x0,0x0,
0xd0,0x2,0x50,0x1,0x0,0x0,0x0,0x0,
0x0,0x0,0x7,0x0,0x0,0x0,0x0,0x0,
0x0,0x0,0x0,0x0,0xd0,0x2,0x0,0x0,
0x1,0x0,0x0,0x0,0x2f,0x1a,0x2,0x0,
0x0,0x3d,0x1b,0x2,0x0,0x0,0x18,0x6,
0x2,0x0,0x0,0x0,0x0,0x0,0x0,0x0,
0x44,0x0,0x0,0x0,0x48,0x0,0x0,0x0,
0xc4,0x0,0x0,0x0,0x0,0x0,0x0,0x0,
0x38,0x0,0x0,0x0,0x0,0x0,0x0,0x0,
0x38,0x0,0x0,0x0,0x0,0x0,0x1,0x0,
0xff,0xff,0xff,0xff,0xc,0x0,0x0,0x0,
0xda,0x2,0x90,0x1,0x0,0x0,0x0,0x0,
0x0,0x0,0x7,0x0,0x0,0x0,0x0,0x0,
0x0,0x0,0x0,0x0,0xda,0x2,0x0,0x0,
0x1,0x0,0x0,0x0,0x2f,0x1c,0x2,0x0,
0x0,0x3d,0x1d,0x2,0x0,0x0,0x18,0x7,
0x6,0x66,0x7,0x50,0x32,0x13,0x93,0x1,
0x0,0x0,0x18,0x8,0x2f,0x1e,0x2,0x0,
0x0,0x3d,0x1f,0x2,0x0,0x0,0x18,0x9,
0x10,0x1,0x80,0x9,0x80,0x8,0x18,0xa,
0x13,0x94,0x1,0x0,0x0,0x80,0xa,0x18,
0xb,0x2f,0x20,0x2,0x0,0x0,0x3d,0x21,
0x2,0x0,0x0,0x80,0xb,0x4c,0x2,0x12,
0x0,0x18,0x6,0x2,0x0,0x0,0x0,0x0,
0x44,0x0,0x0,0x0,0x8,0x0,0x0,0x0,
0x30,0x0,0x0,0x0,0x0,0x0,0x0,0x0,
0x38,0x0,0x0,0x0,0x0,0x0,0x0,0x0,
0x38,0x0,0x0,0x0,0x0,0x0,0x1,0x0,
0xff,0xff,0xff,0xff,0x7,0x0,0x0,0x0,
0xd7,0x2,0x90,0x1,0x0,0x0,0x0,0x0,
0x0,0x0,0x7,0x0,0x0,0x0,0x0,0x0,
0x0,0x0,0x0,0x0,0xd7,0x2,0x0,0x0,
0x1,0x0,0x0,0x0,0x2f,0x22,0x2,0x0,
0x0,0x18,0x6,0x2,0x0,0x0,0x0,0x0,
0x44,0x0,0x0,0x0,0xd,0x0,0x0,0x0,
0xc9,0x0,0x0,0x0,0x0,0x0,0x0,0x0,
0x38,0x0,0x0,0x0,0x0,0x0,0x0,0x0,
0x38,0x0,0x0,0x0,0x0,0x0,0x1,0x0,
0xff,0xff,0xff,0xff,0x7,0x0,0x0,0x0,
0xe2,0x2,0x50,0x1,0x0,0x0,0x0,0x0,
0x0,0x0,0x7,0x0,0x0,0x0,0x0,0x0,
0x0,0x0,0x0,0x0,0xe2,0x2,0x0,0x0,
0x1,0x0,0x0,0x0,0x2f,0x23,0x2,0x0,
0x0,0x3d,0x24,0x2,0x0,0x0,0x18,0x6,
0x2,0x0,0x0,0x0,0x0,0x0,0x0,0x0,
0x68,0x0,0x0,0x0,0x43,0x0,0x0,0x0,
0xcb,0x0,0x0,0x0,0x0,0x0,0x0,0x0,
0x38,0x0,0x0,0x0,0x0,0x0,0x0,0x0,
0x38,0x0,0x0,0x0,0x0,0x0,0x4,0x0,
0xff,0xff,0xff,0xff,0xc,0x0,0x0,0x0,
0xe3,0x2,0x50,0x1,0x0,0x0,0x0,0x0,
0x0,0x0,0x7,0x0,0x0,0x0,0x0,0x0,
0x0,0x0,0x0,0x0,0xe3,0x2,0x0,0x0,
0x0,0x0,0x0,0x0,0x1,0x0,0x0,0x0,
0xe4,0x2,0x0,0x0,0x2,0x0,0x0,0x0,
0xd,0x0,0x0,0x0,0xe5,0x2,0x0,0x0,
0x3,0x0,0x0,0x0,0x3f,0x0,0x0,0x0,
0xe6,0x2,0x0,0x0,0x3,0x0,0x0,0x0,
0xca,0x2f,0x25,0x2,0x0,0x0,0x3d,0x26,
0x2,0x0,0x0,0x50,0x32,0x2f,0x27,0x2,
0x0,0x0,0x18,0x7,0x2f,0x28,0x2,0x0,
0x0,0x3d,0x29,0x2,0x0,0x0,0x18,0xa,
0x2f,0x2a,0x2,0x0,0x0,0x3d,0x2b,0x2,
0x0,0x0,0x18,0xb,0xad,0x2c,0x2,0x0,
0x0,0x7,0x0,0x0,0x0,0x2,0x0,0x0,
0x0,0xa,0x0,0x0,0x0,0x18,0x6,0xd4,
0x16,0x6,0x2,0x0,0x0,0x0,0x0,0x0,
0x0,0x0,0x0,0x0,0x0,0x0,0x0,0x0,
0x68,0x0,0x0,0x0,0x43,0x0,0x0,0x0,
0xcd,0x0,0x0,0x0,0x0,0x0,0x0,0x0,
0x38,0x0,0x0,0x0,0x0,0x0,0x0,0x0,
0x38,0x0,0x0,0x0,0x0,0x0,0x4,0x0,
0xff,0xff,0xff,0xff,0xc,0x0,0x0,0x0,
0xe7,0x2,0x50,0x1,0x0,0x0,0x0,0x0,
0x0,0x0,0x7,0x0,0x0,0x0,0x0,0x0,
0x0,0x0,0x0,0x0,0xe7,0x2,0x0,0x0,
0x0,0x0,0x0,0x0,0x1,0x0,0x0,0x0,
0xe8,0x2,0x0,0x0,0x2,0x0,0x0,0x0,
0xd,0x0,0x0,0x0,0xe9,0x2,0x0,0x0,
0x3,0x0,0x0,0x0,0x3f,0x0,0x0,0x0,
0xea,0x2,0x0,0x0,0x3,0x0,0x0,0x0,
0xca,0x2f,0x2d,0x2,0x0,0x0,0x3d,0x2e,
0x2,0x0,0x0,0x50,0x32,0x2f,0x2f,0x2,
0x0,0x0,0x18,0x7,0x2f,0x30,0x2,0x0,
0x0,0x3d,0x31,0x2,0x0,0x0,0x18,0xa,
0x2f,0x32,0x2,0x0,0x0,0x3d,0x33,0x2,
0x0,0x0,0x18,0xb,0xad,0x34,0x2,0x0,
0x0,0x7,0x0,0x0,0x0,0x2,0x0,0x0,
0x0,0xa,0x0,0x0,0x0,0x18,0x6,0xd4,
0x16,0x6,0x2,0x0,0x0,0x0,0x0,0x0,
0x0,0x0,0x0,0x0,0x0,0x0,0x0,0x0,
0x68,0x0,0x0,0x0,0x32,0x0,0x0,0x0,
0xcf,0x0,0x0,0x0,0x0,0x0,0x0,0x0,
0x38,0x0,0x0,0x0,0x0,0x0,0x0,0x0,
0x38,0x0,0x0,0x0,0x0,0x0,0x4,0x0,
0xff,0xff,0xff,0xff,0xb,0x0,0x0,0x0,
0xeb,0x2,0x50,0x1,0x0,0x0,0x0,0x0,
0x0,0x0,0x7,0x0,0x0,0x0,0x0,0x0,
0x0,0x0,0x0,0x0,0xeb,0x2,0x0,0x0,
0x0,0x0,0x0,0x0,0x1,0x0,0x0,0x0,
0xec,0x2,0x0,0x0,0x2,0x0,0x0,0x0,
0xd,0x0,0x0,0x0,0xed,0x2,0x0,0x0,
0x3,0x0,0x0,0x0,0x2e,0x0,0x0,0x0,
0xee,0x2,0x0,0x0,0x3,0x0,0x0,0x0,
0xca,0x2f,0x35,0x2,0x0,0x0,0x3d,0x36,
0x2,0x0,0x0,0x50,0x21,0x2f,0x37,0x2,
0x0,0x0,0x18,0x7,0x13,0x88,0x1,0x0,
0x0,0x18,0xa,0xad,0x38,0x2,0x0,0x0,
0x7,0x0,0x0,0x0,0x1,0x0,0x0,0x0,
0xa,0x0,0x0,0x0,0x18,0x6,0xd4,0x16,
0x6,0x2,0x0,0x0,0x0,0x0,0x0,0x0,
0x0,0x0,0x0,0x0,0x0,0x0,0x0,0x0,
0x44,0x0,0x0,0x0,0x8,0x0,0x0,0x0,
0x19,0x0,0x0,0x0,0x0,0x0,0x0,0x0,
0x38,0x0,0x0,0x0,0x0,0x0,0x0,0x0,
0x38,0x0,0x0,0x0,0x0,0x0,0x1,0x0,
0xff,0xff,0xff,0xff,0x7,0x0,0x0,0x0,
0xe0,0x2,0x50,0x1,0x0,0x0,0x0,0x0,
0x0,0x0,0x7,0x0,0x0,0x0,0x0,0x0,
0x0,0x0,0x0,0x0,0xe0,0x2,0x0,0x0,
0x1,0x0,0x0,0x0,0x2f,0x39,0x2,0x0,
0x0,0x18,0x6,0x2,0x0,0x0,0x0,0x0,
0x98,0x0,0x0,0x0,0x81,0x0,0x0,0x0,
0x7b,0x0,0x0,0x0,0x0,0x0,0x0,0x0,
0x38,0x0,0x0,0x0,0x0,0x0,0x0,0x0,
0x38,0x0,0x0,0x0,0x0,0x0,0x8,0x0,
0xff,0xff,0xff,0xff,0xc,0x0,0x0,0x0,
0xf5,0x2,0x50,0x1,0x0,0x0,0x0,0x0,
0x0,0x0,0x7,0x0,0x0,0x0,0x0,0x0,
0x0,0x0,0x0,0x0,0xf5,0x2,0x0,0x0,
0x0,0x0,0x0,0x0,0x1,0x0,0x0,0x0,
0xf6,0x2,0x0,0x0,0x2,0x0,0x0,0x0,
0xe,0x0,0x0,0x0,0xf7,0x2,0x0,0x0,
0x3,0x0,0x0,0x0,0x10,0x0,0x0,0x0,
0xf8,0x2,0x0,0x0,0x4,0x0,0x0,0x0,
0x2f,0x0,0x0,0x0,0xf9,0x2,0x0,0x0,
0x7,0x0,0x0,0x0,0x47,0x0,0x0,0x0,
0xfa,0x2,0x0,0x0,0x8,0x0,0x0,0x0,
0x49,0x0,0x0,0x0,0xfc,0x2,0x0,0x0,
0x9,0x0,0x0,0x0,0x7d,0x0,0x0,0x0,
0xfd,0x2,0x0,0x0,0x9,0x0,0x0,0x0,
0xca,0x2f,0x3a,0x2,0x0,0x0,0x3d,0x3b,
0x2,0x0,0x0,0x74,0x50,0x2,0xe,0x2,
0x2f,0x3c,0x2,0x0,0x0,0x3d,0x3d,0x2,
0x0,0x0,0x18,0x7,0x2f,0x3e,0x2,0x0,
0x0,0x3d,0x3f,0x2,0x0,0x0,0x3d,0x40,
0x2,0x0,0x0,0x66,0x7,0x50,0x1a,0x2f,
0x41,0x2,0x0,0x0,0x18,0x8,0xad,0x42,
0x2,0x0,0x0,0x8,0x0,0x0,0x0,0x0,
0x0,0x0,0x0,0x0,0x0,0x0,0x0,0xe,
0x2,0x2f,0x43,0x2,0x0,0x0,0x18,0x7,
0x2f,0x44,0x2,0x0,0x0,0x3d,0x45,0x2,
0x0,0x0,0x18,0xb,0x2f,0x46,0x2,0x0,
0x0,0x3d,0x47,0x2,0x0,0x0,0x34,0xb,
0x18,0xa,0xad,0x48,0x2,0x0,0x0,0x7,
0x0,0x0,0x0,0x1,0x0,0x0,0x0,0xa,
0x0,0x0,0x0,0x18,0x6,0xd4,0x16,0x6,
0x2,0x0,0x0,0x0,0x0,0x0,0x0,0x0,
0x0,0x0,0x0,0x0,0x0,0x0,0x0,0x0,
0x50,0x0,0x0,0x0,0x1f,0x0,0x0,0x0,
0x7b,0x0,0x0,0x0,0x0,0x0,0x0,0x0,
0x38,0x0,0x0,0x0,0x0,0x0,0x0,0x0,
0x38,0x0,0x0,0x0,0x0,0x0,0x2,0x0,
0xff,0xff,0xff,0xff,0xa,0x0,0x0,0x0,
0x4,0x3,0x50,0x1,0x0,0x0,0x0,0x0,
0x0,0x0,0x7,0x0,0x0,0x0,0x0,0x0,
0x0,0x0,0x0,0x0,0x4,0x3,0x0,0x0,
0x0,0x0,0x0,0x0,0x1,0x0,0x0,0x0,
0x4,0x3,0x0,0x0,0x1,0x0,0x0,0x0,
0xca,0x2f,0x49,0x2,0x0,0x0,0x18,0x7,
0xad,0x4a,0x2,0x0,0x0,0x7,0x0,0x0,
0x0,0x0,0x0,0x0,0x0,0x0,0x0,0x0,
0x0,0x18,0x6,0xd4,0x16,0x6,0x2,0x0,
0x44,0x0,0x0,0x0,0x3c,0x0,0x0,0x0,
0xd4,0x0,0x0,0x0,0x0,0x0,0x0,0x0,
0x38,0x0,0x0,0x0,0x0,0x0,0x0,0x0,
0x38,0x0,0x0,0x0,0x0,0x0,0x1,0x0,
0xff,0xff,0xff,0xff,0xe,0x0,0x0,0x0,
0xe,0x3,0xd0,0x0,0x0,0x0,0x0,0x0,
0x0,0x0,0x7,0x0,0x0,0x0,0x0,0x0,
0x0,0x0,0x0,0x0,0xe,0x3,0x0,0x0,
0x1,0x0,0x0,0x0,0x2f,0x4b,0x2,0x0,
0x0,0x18,0x7,0x2f,0x4c,0x2,0x0,0x0,
0x18,0xa,0x14,0x3e,0xb,0x2f,0x4d,0x2,
0x0,0x0,0x3d,0x4e,0x2,0x0,0x0,0x18,
0xd,0x10,0x2,0xa2,0xd,0x18,0xc,0xad,
0x4f,0x2,0x0,0x0,0x7,0x0,0x0,0x0,
0x3,0x0,0x0,0x0,0xa,0x0,0x0,0x0,
0x3d,0x50,0x2,0x0,0x0,0x18,0x6,0x2,
0x0,0x0,0x0,0x0,0x0,0x0,0x0,0x0,
0x44,0x0,0x0,0x0,0x3c,0x0,0x0,0x0,
0xd6,0x0,0x0,0x0,0x0,0x0,0x0,0x0,
0x38,0x0,0x0,0x0,0x0,0x0,0x0,0x0,
0x38,0x0,0x0,0x0,0x0,0x0,0x1,0x0,
0xff,0xff,0xff,0xff,0xe,0x0,0x0,0x0,
0xf,0x3,0xd0,0x0,0x0,0x0,0x0,0x0,
0x0,0x0,0x7,0x0,0x0,0x0,0x0,0x0,
0x0,0x0,0x0,0x0,0xf,0x3,0x0,0x0,
0x1,0x0,0x0,0x0,0x2f,0x51,0x2,0x0,
0x0,0x18,0x7,0x2f,0x52,0x2,0x0,0x0,
0x18,0xa,0x2f,0x53,0x2,0x0,0x0,0x3d,
0x54,0x2,0x0,0x0,0x18,0xd,0x10,0x1c,
0xa2,0xd,0x18,0xb,0x14,0x3e,0xc,0xad,
0x55,0x2,0x0,0x0,0x7,0x0,0x0,0x0,
0x3,0x0,0x0,0x0,0xa,0x0,0x0,0x0,
0x3d,0x56,0x2,0x0,0x0,0x18,0x6,0x2,
0x0,0x0,0x0,0x0,0x0,0x0,0x0,0x0,
0x44,0x0,0x0,0x0,0x11,0x0,0x0,0x0,
0xaf,0x0,0x0,0x0,0x0,0x0,0x0,0x0,
0x38,0x0,0x0,0x0,0x0,0x0,0x0,0x0,
0x38,0x0,0x0,0x0,0x0,0x0,0x1,0x0,
0xff,0xff,0xff,0xff,0x8,0x0,0x0,0x0,
0x11,0x3,0xd0,0x0,0x0,0x0,0x0,0x0,
0x0,0x0,0x7,0x0,0x0,0x0,0x0,0x0,
0x0,0x0,0x0,0x0,0x11,0x3,0x0,0x0,
0x1,0x0,0x0,0x0,0x2f,0x57,0x2,0x0,
0x0,0x18,0x7,0x2f,0x58,0x2,0x0,0x0,
0xa2,0x7,0x18,0x6,0x2,0x0,0x0,0x0,
0x0,0x0,0x0,0x0,0x0,0x0,0x0,0x0,
0x44,0x0,0x0,0x0,0x17,0x0,0x0,0x0,
0xb0,0x0,0x0,0x0,0x0,0x0,0x0,0x0,
0x38,0x0,0x0,0x0,0x0,0x0,0x0,0x0,
0x38,0x0,0x0,0x0,0x0,0x0,0x1,0x0,
0xff,0xff,0xff,0xff,0x9,0x0,0x0,0x0,
0x12,0x3,0xd0,0x0,0x0,0x0,0x0,0x0,
0x0,0x0,0x7,0x0,0x0,0x0,0x0,0x0,
0x0,0x0,0x0,0x0,0x12,0x3,0x0,0x0,
0x1,0x0,0x0,0x0,0x2f,0x59,0x2,0x0,
0x0,0x18,0x7,0x2f,0x5a,0x2,0x0,0x0,
0xa2,0x7,0x18,0x8,0x10,0x4,0xa2,0x8,
0x18,0x6,0x2,0x0,0x0,0x0,0x0,0x0,
0x44,0x0,0x0,0x0,0xd,0x0,0x0,0x0,
0x2e,0x0,0x0,0x0,0x0,0x0,0x0,0x0,
0x38,0x0,0x0,0x0,0x0,0x0,0x0,0x0,
0x38,0x0,0x0,0x0,0x0,0x0,0x1,0x0,
0xff,0xff,0xff,0xff,0x7,0x0,0x0,0x0,
0x13,0x3,0xd0,0x0,0x0,0x0,0x0,0x0,
0x0,0x0,0x7,0x0,0x0,0x0,0x0,0x0,
0x0,0x0,0x0,0x0,0x13,0x3,0x0,0x0,
0x1,0x0,0x0,0x0,0x2f,0x5b,0x2,0x0,
0x0,0x3d,0x5c,0x2,0x0,0x0,0x18,0x6,
0x2,0x0,0x0,0x0,0x0,0x0,0x0,0x0,
0x44,0x0,0x0,0x0,0xd,0x0,0x0,0x0,
0x2c,0x0,0x0,0x0,0x0,0x0,0x0,0x0,
0x38,0x0,0x0,0x0,0x0,0x0,0x0,0x0,
0x38,0x0,0x0,0x0,0x0,0x0,0x1,0x0,
0xff,0xff,0xff,0xff,0x7,0x0,0x0,0x0,
0x14,0x3,0xd0,0x0,0x0,0x0,0x0,0x0,
0x0,0x0,0x7,0x0,0x0,0x0,0x0,0x0,
0x0,0x0,0x0,0x0,0x14,0x3,0x0,0x0,
0x1,0x0,0x0,0x0,0x2f,0x5d,0x2,0x0,
0x0,0x3d,0x5e,0x2,0x0,0x0,0x18,0x6,
0x2,0x0,0x0,0x0,0x0,0x0,0x0,0x0,
0x44,0x0,0x0,0x0,0xd,0x0,0x0,0x0,
0x98,0x0,0x0,0x0,0x0,0x0,0x0,0x0,
0x38,0x0,0x0,0x0,0x0,0x0,0x0,0x0,
0x38,0x0,0x0,0x0,0x0,0x0,0x1,0x0,
0xff,0xff,0xff,0xff,0x8,0x0,0x0,0x0,
0x15,0x3,0xd0,0x0,0x0,0x0,0x0,0x0,
0x0,0x0,0x7,0x0,0x0,0x0,0x0,0x0,
0x0,0x0,0x0,0x0,0x15,0x3,0x0,0x0,
0x1,0x0,0x0,0x0,0x2f,0x5f,0x2,0x0,
0x0,0x18,0x7,0xc,0x6e,0x7,0x18,0x6,
0x2,0x0,0x0,0x0,0x0,0x0,0x0,0x0,
0x44,0x0,0x0,0x0,0xd,0x0,0x0,0x0,
0x4a,0x0,0x0,0x0,0x0,0x0,0x0,0x0,
0x38,0x0,0x0,0x0,0x0,0x0,0x0,0x0,
0x38,0x0,0x0,0x0,0x0,0x0,0x1,0x0,
0xff,0xff,0xff,0xff,0x7,0x0,0x0,0x0,
0x18,0x3,0x10,0x1,0x0,0x0,0x0,0x0,
0x0,0x0,0x7,0x0,0x0,0x0,0x0,0x0,
0x0,0x0,0x0,0x0,0x18,0x3,0x0,0x0,
0x1,0x0,0x0,0x0,0x2f,0x60,0x2,0x0,
0x0,0x3d,0x61,0x2,0x0,0x0,0x18,0x6,
0x2,0x0,0x0,0x0,0x0,0x0,0x0,0x0,
0x44,0x0,0x0,0x0,0xd,0x0,0x0,0x0,
0x48,0x0,0x0,0x0,0x0,0x0,0x0,0x0,
0x38,0x0,0x0,0x0,0x0,0x0,0x0,0x0,
0x38,0x0,0x0,0x0,0x0,0x0,0x1,0x0,
0xff,0xff,0xff,0xff,0x7,0x0,0x0,0x0,
0x19,0x3,0x10,0x1,0x0,0x0,0x0,0x0,
0x0,0x0,0x7,0x0,0x0,0x0,0x0,0x0,
0x0,0x0,0x0,0x0,0x19,0x3,0x0,0x0,
0x1,0x0,0x0,0x0,0x2f,0x62,0x2,0x0,
0x0,0x3d,0x63,0x2,0x0,0x0,0x18,0x6,
0x2,0x0,0x0,0x0,0x0,0x0,0x0,0x0,
0x5c,0x0,0x0,0x0,0x80,0x0,0x0,0x0,
0xdd,0x0,0x0,0x0,0x0,0x0,0x0,0x0,
0x38,0x0,0x0,0x0,0x0,0x0,0x0,0x0,
0x38,0x0,0x0,0x0,0x0,0x0,0x3,0x0,
0xff,0xff,0xff,0xff,0x13,0x0,0x0,0x0,
0x20,0x3,0x90,0x1,0x0,0x0,0x0,0x0,
0x0,0x0,0x7,0x0,0x0,0x0,0x0,0x0,
0x0,0x0,0x0,0x0,0x20,0x3,0x0,0x0,
0x1,0x0,0x0,0x0,0x2d,0x0,0x0,0x0,
0x21,0x3,0x0,0x0,0x1,0x0,0x0,0x0,
0x7f,0x0,0x0,0x0,0x22,0x3,0x0,0x0,
0x1,0x0,0x0,0x0,0x2f,0x64,0x2,0x0,
0x0,0x50,0x75,0x2f,0x65,0x2,0x0,0x0,
0x3d,0x66,0x2,0x0,0x0,0x50,0x69,0x2f,
0x67,0x2,0x0,0x0,0x3d,0x68,0x2,0x0,
0x0,0x3d,0x69,0x2,0x0,0x0,0x18,0x7,
0x2f,0x6a,0x2,0x0,0x0,0x64,0x7,0x50,
0x4f,0x2f,0x6b,0x2,0x0,0x0,0x18,0x8,
0x14,0x3e,0xb,0x2f,0x6c,0x2,0x0,0x0,
0x18,0xd,0x14,0x3f,0x10,0x2f,0x6d,0x2,
0x0,0x0,0x3d,0x6e,0x2,0x0,0x0,0x18,
0x12,0x2f,0x6f,0x2,0x0,0x0,0x34,0x12,
0x18,0x11,0xad,0x70,0x2,0x0,0x0,0xd,
0x0,0x0,0x0,0x2,0x0,0x0,0x0,0x10,
0x0,0x0,0x0,0x18,0xc,0xad,0x71,0x2,
0x0,0x0,0x8,0x0,0x0,0x0,0x2,0x0,
0x0,0x0,0xb,0x0,0x0,0x0,0x4c,0x1,
0x6,0x18,0x6,0x2,0x0,0x0,0x0,0x0,
0x44,0x0,0x0,0x0,0x17,0x0,0x0,0x0,
0xdf,0x0,0x0,0x0,0x0,0x0,0x0,0x0,
0x38,0x0,0x0,0x0,0x0,0x0,0x0,0x0,
0x38,0x0,0x0,0x0,0x0,0x0,0x1,0x0,
0xff,0xff,0xff,0xff,0xa,0x0,0x0,0x0,
0x23,0x3,0x90,0x1,0x0,0x0,0x0,0x0,
0x0,0x0,0x7,0x0,0x0,0x0,0x0,0x0,
0x0,0x0,0x0,0x0,0x23,0x3,0x0,0x0,
0x1,0x0,0x0,0x0,0x2f,0x72,0x2,0x0,
0x0,0x18,0x9,0xb5,0x73,0x2,0x0,0x0,
0x1,0x0,0x0,0x0,0x9,0x0,0x0,0x0,
0x18,0x6,0x2,0x0,0x0,0x0,0x0,0x0,
0x44,0x0,0x0,0x0,0xd,0x0,0x0,0x0,
0x2e,0x0,0x0,0x0,0x0,0x0,0x0,0x0,
0x38,0x0,0x0,0x0,0x0,0x0,0x0,0x0,
0x38,0x0,0x0,0x0,0x0,0x0,0x1,0x0,
0xff,0xff,0xff,0xff,0x7,0x0,0x0,0x0,
0x26,0x3,0xd0,0x1,0x0,0x0,0x0,0x0,
0x0,0x0,0x7,0x0,0x0,0x0,0x0,0x0,
0x0,0x0,0x0,0x0,0x26,0x3,0x0,0x0,
0x1,0x0,0x0,0x0,0x2f,0x74,0x2,0x0,
0x0,0x3d,0x75,0x2,0x0,0x0,0x18,0x6,
0x2,0x0,0x0,0x0,0x0,0x0,0x0,0x0,
0x44,0x0,0x0,0x0,0x16,0x0,0x0,0x0,
0x2e,0x0,0x0,0x0,0x0,0x0,0x0,0x0,
0x38,0x0,0x0,0x0,0x0,0x0,0x0,0x0,
0x38,0x0,0x0,0x0,0x0,0x0,0x1,0x0,
0xff,0xff,0xff,0xff,0x8,0x0,0x0,0x0,
0x2f,0x3,0x10,0x2,0x0,0x0,0x0,0x0,
0x0,0x0,0x7,0x0,0x0,0x0,0x0,0x0,
0x0,0x0,0x0,0x0,0x2f,0x3,0x0,0x0,
0x1,0x0,0x0,0x0,0x2f,0x76,0x2,0x0,
0x0,0x3d,0x77,0x2,0x0,0x0,0x18,0x7,
0x2f,0x78,0x2,0x0,0x0,0x9c,0x7,0x18,
0x6,0x2,0x0,0x0,0x0,0x0,0x0,0x0,
0x44,0x0,0x0,0x0,0x17,0x0,0x0,0x0,
0xac,0x0,0x0,0x0,0x0,0x0,0x0,0x0,
0x38,0x0,0x0,0x0,0x0,0x0,0x0,0x0,
0x38,0x0,0x0,0x0,0x0,0x0,0x1,0x0,
0xff,0xff,0xff,0xff,0xa,0x0,0x0,0x0,
0x31,0x3,0x10,0x2,0x0,0x0,0x0,0x0,
0x0,0x0,0x7,0x0,0x0,0x0,0x0,0x0,
0x0,0x0,0x0,0x0,0x31,0x3,0x0,0x0,
0x1,0x0,0x0,0x0,0x2f,0x79,0x2,0x0,
0x0,0x18,0x9,0xb5,0x7a,0x2,0x0,0x0,
0x1,0x0,0x0,0x0,0x9,0x0,0x0,0x0,
0x18,0x6,0x2,0x0,0x0,0x0,0x0,0x0,
0x44,0x0,0x0,0x0,0xd,0x0,0x0,0x0,
0x3e,0x0,0x0,0x0,0x0,0x0,0x0,0x0,
0x38,0x0,0x0,0x0,0x0,0x0,0x0,0x0,
0x38,0x0,0x0,0x0,0x0,0x0,0x1,0x0,
0xff,0xff,0xff,0xff,0x7,0x0,0x0,0x0,
0x2c,0x3,0x10,0x2,0x0,0x0,0x0,0x0,
0x0,0x0,0x7,0x0,0x0,0x0,0x0,0x0,
0x0,0x0,0x0,0x0,0x2c,0x3,0x0,0x0,
0x1,0x0,0x0,0x0,0x2f,0x7b,0x2,0x0,
0x0,0x3d,0x7c,0x2,0x0,0x0,0x18,0x6,
0x2,0x0,0x0,0x0,0x0,0x0,0x0,0x0,
0x44,0x0,0x0,0x0,0xd,0x0,0x0,0x0,
0x48,0x0,0x0,0x0,0x0,0x0,0x0,0x0,
0x38,0x0,0x0,0x0,0x0,0x0,0x0,0x0,
0x38,0x0,0x0,0x0,0x0,0x0,0x1,0x0,
0xff,0xff,0xff,0xff,0x7,0x0,0x0,0x0,
0x2d,0x3,0x10,0x2,0x0,0x0,0x0,0x0,
0x0,0x0,0x7,0x0,0x0,0x0,0x0,0x0,
0x0,0x0,0x0,0x0,0x2d,0x3,0x0,0x0,
0x1,0x0,0x0,0x0,0x2f,0x7d,0x2,0x0,
0x0,0x3d,0x7e,0x2,0x0,0x0,0x18,0x6,
0x2,0x0,0x0,0x0,0x0,0x0,0x0,0x0,
0x44,0x0,0x0,0x0,0xd,0x0,0x0,0x0,
0x4a,0x0,0x0,0x0,0x0,0x0,0x0,0x0,
0x38,0x0,0x0,0x0,0x0,0x0,0x0,0x0,
0x38,0x0,0x0,0x0,0x0,0x0,0x1,0x0,
0xff,0xff,0xff,0xff,0x7,0x0,0x0,0x0,
0x2e,0x3,0x10,0x2,0x0,0x0,0x0,0x0,
0x0,0x0,0x7,0x0,0x0,0x0,0x0,0x0,
0x0,0x0,0x0,0x0,0x2e,0x3,0x0,0x0,
0x1,0x0,0x0,0x0,0x2f,0x7f,0x2,0x0,
0x0,0x3d,0x80,0x2,0x0,0x0,0x18,0x6,
0x2,0x0,0x0,0x0,0x0,0x0,0x0,0x0,
0x44,0x0,0x0,0x0,0xd,0x0,0x0,0x0,
0x98,0x0,0x0,0x0,0x0,0x0,0x0,0x0,
0x38,0x0,0x0,0x0,0x0,0x0,0x0,0x0,
0x38,0x0,0x0,0x0,0x0,0x0,0x1,0x0,
0xff,0xff,0xff,0xff,0x8,0x0,0x0,0x0,
0x40,0x3,0xd0,0x0,0x0,0x0,0x0,0x0,
0x0,0x0,0x7,0x0,0x0,0x0,0x0,0x0,
0x0,0x0,0x0,0x0,0x40,0x3,0x0,0x0,
0x1,0x0,0x0,0x0,0x2f,0x81,0x2,0x0,
0x0,0x18,0x7,0xc,0x6e,0x7,0x18,0x6,
0x2,0x0,0x0,0x0,0x0,0x0,0x0,0x0,
0x44,0x0,0x0,0x0,0xd,0x0,0x0,0x0,
0x48,0x0,0x0,0x0,0x0,0x0,0x0,0x0,
0x38,0x0,0x0,0x0,0x0,0x0,0x0,0x0,
0x38,0x0,0x0,0x0,0x0,0x0,0x1,0x0,
0xff,0xff,0xff,0xff,0x7,0x0,0x0,0x0,
0x3d,0x3,0xd0,0x0,0x0,0x0,0x0,0x0,
0x0,0x0,0x7,0x0,0x0,0x0,0x0,0x0,
0x0,0x0,0x0,0x0,0x3d,0x3,0x0,0x0,
0x1,0x0,0x0,0x0,0x2f,0x82,0x2,0x0,
0x0,0x3d,0x83,0x2,0x0,0x0,0x18,0x6,
0x2,0x0,0x0,0x0,0x0,0x0,0x0,0x0,
0x44,0x0,0x0,0x0,0xd,0x0,0x0,0x0,
0x4a,0x0,0x0,0x0,0x0,0x0,0x0,0x0,
0x38,0x0,0x0,0x0,0x0,0x0,0x0,0x0,
0x38,0x0,0x0,0x0,0x0,0x0,0x1,0x0,
0xff,0xff,0xff,0xff,0x7,0x0,0x0,0x0,
0x3f,0x3,0xd0,0x0,0x0,0x0,0x0,0x0,
0x0,0x0,0x7,0x0,0x0,0x0,0x0,0x0,
0x0,0x0,0x0,0x0,0x3f,0x3,0x0,0x0,
0x1,0x0,0x0,0x0,0x2f,0x84,0x2,0x0,
0x0,0x3d,0x85,0x2,0x0,0x0,0x18,0x6,
0x2,0x0,0x0,0x0,0x0,0x0,0x0,0x0,
0x44,0x0,0x0,0x0,0x21,0x0,0x0,0x0,
0xaa,0x0,0x0,0x0,0x0,0x0,0x0,0x0,
0x38,0x0,0x0,0x0,0x0,0x0,0x0,0x0,
0x38,0x0,0x0,0x0,0x0,0x0,0x1,0x0,
0xff,0xff,0xff,0xff,0x7,0x0,0x0,0x0,
0x44,0x3,0x10,0x1,0x0,0x0,0x0,0x0,
0x0,0x0,0x7,0x0,0x0,0x0,0x0,0x0,
0x0,0x0,0x0,0x0,0x44,0x3,0x0,0x0,
0x1,0x0,0x0,0x0,0x2f,0x86,0x2,0x0,
0x0,0x3d,0x87,0x2,0x0,0x0,0x50,0x11,
0x2f,0x88,0x2,0x0,0x0,0x3d,0x89,0x2,
0x0,0x0,0x3d,0x8a,0x2,0x0,0x0,0x4c,
0x1,0x6,0x18,0x6,0x2,0x0,0x0,0x0,
0x0,0x0,0x0,0x0,0x0,0x0,0x0,0x0,
0x44,0x0,0x0,0x0,0x41,0x0,0x0,0x0,
0xe3,0x0,0x0,0x0,0x0,0x0,0x0,0x0,
0x38,0x0,0x0,0x0,0x0,0x0,0x0,0x0,
0x38,0x0,0x0,0x0,0x0,0x0,0x1,0x0,
0xff,0xff,0xff,0xff,0x9,0x0,0x0,0x0,
0x47,0x3,0x50,0x1,0x0,0x0,0x0,0x0,
0x0,0x0,0x7,0x0,0x0,0x0,0x0,0x0,
0x0,0x0,0x0,0x0,0x47,0x3,0x0,0x0,
0x1,0x0,0x0,0x0,0x2f,0x8b,0x2,0x0,
0x0,0x3d,0x8c,0x2,0x0,0x0,0x50,0x31,
0x2f,0x8d,0x2,0x0,0x0,0x3d,0x8e,0x2,
0x0,0x0,0x3d,0x8f,0x2,0x0,0x0,0x18,
0x7,0x6,0x64,0x7,0x50,0x1b,0x2f,0x90,
0x2,0x0,0x0,0x3d,0x91,0x2,0x0,0x0,
0x3d,0x92,0x2,0x0,0x0,0x7e,0x18,0x8,
0x2f,0x93,0x2,0x0,0x0,0xa2,0x8,0x4c,
0x1,0x6,0x18,0x6,0x2,0x0,0x0,0x0,
0x0,0x0,0x0,0x0,0x0,0x0,0x0,0x0,
0x44,0x0,0x0,0x0,0x40,0x0,0x0,0x0,
0xe5,0x0,0x0,0x0,0x0,0x0,0x0,0x0,
0x38,0x0,0x0,0x0,0x0,0x0,0x0,0x0,
0x38,0x0,0x0,0x0,0x0,0x0,0x1,0x0,
0xff,0xff,0xff,0xff,0x9,0x0,0x0,0x0,
0x48,0x3,0x50,0x1,0x0,0x0,0x0,0x0,
0x0,0x0,0x7,0x0,0x0,0x0,0x0,0x0,
0x0,0x0,0x0,0x0,0x48,0x3,0x0,0x0,
0x1,0x0,0x0,0x0,0x2f,0x94,0x2,0x0,
0x0,0x3d,0x95,0x2,0x0,0x0,0x50,0x2f,
0x2f,0x96,0x2,0x0,0x0,0x3d,0x97,0x2,
0x0,0x0,0x3d,0x98,0x2,0x0,0x0,0x18,
0x7,0x2f,0x99,0x2,0x0,0x0,0x64,0x7,
0x50,0x15,0x2f,0x9a,0x2,0x0,0x0,0x3d,
0x9b,0x2,0x0,0x0,0x18,0x8,0x2f,0x9c,
0x2,0x0,0x0,0x34,0x8,0x4c,0x2,0x12,
0x0,0x18,0x6,0x2,0x0,0x0,0x0,0x0,
0x44,0x0,0x0,0x0,0x8,0x0,0x0,0x0,
0xc4,0x0,0x0,0x0,0x0,0x0,0x0,0x0,
0x38,0x0,0x0,0x0,0x0,0x0,0x0,0x0,
0x38,0x0,0x0,0x0,0x0,0x0,0x1,0x0,
0xff,0xff,0xff,0xff,0x7,0x0,0x0,0x0,
0x4b,0x3,0x90,0x1,0x0,0x0,0x0,0x0,
0x0,0x0,0x7,0x0,0x0,0x0,0x0,0x0,
0x0,0x0,0x0,0x0,0x4b,0x3,0x0,0x0,
0x1,0x0,0x0,0x0,0x2f,0x9d,0x2,0x0,
0x0,0x18,0x6,0x2,0x0,0x0,0x0,0x0,
0x80,0x0,0x0,0x0,0xc3,0x0,0x0,0x0,
0xc4,0x0,0x0,0x0,0x0,0x0,0x0,0x0,
0x38,0x0,0x0,0x0,0x0,0x0,0x0,0x0,
0x38,0x0,0x0,0x0,0x0,0x0,0x6,0x0,
0xff,0xff,0xff,0xff,0xe,0x0,0x0,0x0,
0x51,0x3,0x90,0x1,0x0,0x0,0x0,0x0,
0x0,0x0,0x9,0x0,0x0,0x0,0x0,0x0,
0x0,0x0,0x0,0x0,0x52,0x3,0x0,0x0,
0x2,0x0,0x0,0x0,0x2d,0x0,0x0,0x0,
0x53,0x3,0x0,0x0,0x2,0x0,0x0,0x0,
0x45,0x0,0x0,0x0,0x54,0x3,0x0,0x0,
0x3,0x0,0x0,0x0,0x72,0x0,0x0,0x0,
0x55,0x3,0x0,0x0,0x3,0x0,0x0,0x0,
0x8a,0x0,0x0,0x0,0x56,0x3,0x0,0x0,
0x4,0x0,0x0,0x0,0xc0,0x0,0x0,0x0,
0x57,0x3,0x0,0x0,0x4,0x0,0x0,0x0,
0x2f,0x9e,0x2,0x0,0x0,0x50,0x3b,0x2f,
0x9f,0x2,0x0,0x0,0x3d,0xa0,0x2,0x0,
0x0,0x50,0x2f,0x2f,0xa1,0x2,0x0,0x0,
0x3d,0xa2,0x2,0x0,0x0,0x3d,0xa3,0x2,
0x0,0x0,0x18,0x9,0x2f,0xa4,0x2,0x0,
0x0,0x64,0x9,0x50,0x15,0x2f,0xa5,0x2,
0x0,0x0,0x3d,0xa6,0x2,0x0,0x0,0x18,
0xa,0x2f,0xa7,0x2,0x0,0x0,0x34,0xa,
0x4c,0x1,0x6,0x18,0x8,0x2f,0xa8,0x2,
0x0,0x0,0x50,0x3b,0x2f,0xa9,0x2,0x0,
0x0,0x3d,0xaa,0x2,0x0,0x0,0x50,0x2f,
0x2f,0xab,0x2,0x0,0x0,0x3d,0xac,0x2,
0x0,0x0,0x3d,0xad,0x2,0x0,0x0,0x18,
0x9,0x2f,0xae,0x2,0x0,0x0,0x64,0x9,
0x50,0x15,0x2f,0xaf,0x2,0x0,0x0,0x3d,
0xb0,0x2,0x0,0x0,0x18,0xa,0x2f,0xb1,
0x2,0x0,0x0,0x34,0xa,0x4c,0x1,0x6,
0x18,0x7,0x14,0x74,0xb,0xad,0xb2,0x2,
0x0,0x0,0x8,0x0,0x0,0x0,0x1,0x0,
0x0,0x0,0xb,0x0,0x0,0x0,0x18,0x9,
0x13,0x9a,0x1,0x0,0x0,0x80,0x9,0x18,
0xa,0x14,0x74,0xd,0xad,0xb3,0x2,0x0,
0x0,0x7,0x0,0x0,0x0,0x1,0x0,0x0,
0x0,0xd,0x0,0x0,0x0,0x80,0xa,0x2,
0x16,0x6,0x2,0x0,0x0,0x0,0x0,0x0,
0x0,0x0,0x0,0x0,0x0,0x0,0x0,0x0,
0x44,0x0,0x0,0x0,0x15,0x0,0x0,0x0,
0x98,0x0,0x0,0x0,0x0,0x0,0x0,0x0,
0x38,0x0,0x0,0x0,0x0,0x0,0x0,0x0,
0x38,0x0,0x0,0x0,0x0,0x0,0x1,0x0,
0xff,0xff,0xff,0xff,0x7,0x0,0x0,0x0,
0x66,0x3,0xd0,0x0,0x0,0x0,0x0,0x0,
0x0,0x0,0x7,0x0,0x0,0x0,0x0,0x0,
0x0,0x0,0x0,0x0,0x66,0x3,0x0,0x0,
0x1,0x0,0x0,0x0,0x2f,0xb4,0x2,0x0,
0x0,0x50,0xb,0x2f,0xb5,0x2,0x0,0x0,
0x3d,0xb6,0x2,0x0,0x0,0x74,0x18,0x6,
0x2,0x0,0x0,0x0,0x0,0x0,0x0,0x0,
0x44,0x0,0x0,0x0,0x17,0x0,0x0,0x0,
0xee,0x0,0x0,0x0,0x0,0x0,0x0,0x0,
0x38,0x0,0x0,0x0,0x0,0x0,0x0,0x0,
0x38,0x0,0x0,0x0,0x0,0x0,0x1,0x0,
0xff,0xff,0xff,0xff,0x7,0x0,0x0,0x0,
0x67,0x3,0xd0,0x0,0x0,0x0,0x0,0x0,
0x0,0x0,0x7,0x0,0x0,0x0,0x0,0x0,
0x0,0x0,0x0,0x0,0x67,0x3,0x0,0x0,
0x1,0x0,0x0,0x0,0x2f,0xb7,0x2,0x0,
0x0,0x50,0xc,0x2f,0xb8,0x2,0x0,0x0,
0x3d,0xb9,0x2,0x0,0x0,0x4c,0x1,0xa,
0x18,0x6,0x2,0x0,0x0,0x0,0x0,0x0,
0x5c,0x0,0x0,0x0,0x2d,0x0,0x0,0x0,
0xf0,0x0,0x0,0x0,0x0,0x0,0x0,0x0,
0x38,0x0,0x0,0x0,0x0,0x0,0x0,0x0,
0x38,0x0,0x0,0x0,0x0,0x0,0x3,0x0,
0xff,0xff,0xff,0xff,0xb,0x0,0x0,0x0,
0x68,0x3,0xd0,0x0,0x0,0x0,0x0,0x0,
0x0,0x0,0x7,0x0,0x0,0x0,0x0,0x0,
0x0,0x0,0x0,0x0,0x68,0x3,0x0,0x0,
0x0,0x0,0x0,0x0,0x1,0x0,0x0,0x0,
0x68,0x3,0x0,0x0,0x1,0x0,0x0,0x0,
0x8,0x0,0x0,0x0,0x68,0x3,0x0,0x0,
0x2,0x0,0x0,0x0,0xca,0x2f,0xba,0x2,
0x0,0x0,0x50,0x21,0x2f,0xbb,0x2,0x0,
0x0,0x18,0x7,0x2f,0xbc,0x2,0x0,0x0,
0x18,0xa,0xad,0xbd,0x2,0x0,0x0,0x7,
0x0,0x0,0x0,0x1,0x0,0x0,0x0,0xa,
0x0,0x0,0x0,0x18,0x6,0xd4,0x16,0x6,
0x2,0x0,0x0,0x0,0x0,0x0,0x0,0x0,
0x44,0x0,0x0,0x0,0xd,0x0,0x0,0x0,
0x3e,0x0,0x0,0x0,0x0,0x0,0x0,0x0,
0x38,0x0,0x0,0x0,0x0,0x0,0x0,0x0,
0x38,0x0,0x0,0x0,0x0,0x0,0x1,0x0,
0xff,0xff,0xff,0xff,0x7,0x0,0x0,0x0,
0x62,0x3,0xd0,0x0,0x0,0x0,0x0,0x0,
0x0,0x0,0x7,0x0,0x0,0x0,0x0,0x0,
0x0,0x0,0x0,0x0,0x62,0x3,0x0,0x0,
0x1,0x0,0x0,0x0,0x2f,0xbe,0x2,0x0,
0x0,0x3d,0xbf,0x2,0x0,0x0,0x18,0x6,
0x2,0x0,0x0,0x0,0x0,0x0,0x0,0x0,
0x44,0x0,0x0,0x0,0xd,0x0,0x0,0x0,
0x4a,0x0,0x0,0x0,0x0,0x0,0x0,0x0,
0x38,0x0,0x0,0x0,0x0,0x0,0x0,0x0,
0x38,0x0,0x0,0x0,0x0,0x0,0x1,0x0,
0xff,0xff,0xff,0xff,0x7,0x0,0x0,0x0,
0x63,0x3,0xd0,0x0,0x0,0x0,0x0,0x0,
0x0,0x0,0x7,0x0,0x0,0x0,0x0,0x0,
0x0,0x0,0x0,0x0,0x63,0x3,0x0,0x0,
0x1,0x0,0x0,0x0,0x2f,0xc0,0x2,0x0,
0x0,0x3d,0xc1,0x2,0x0,0x0,0x18,0x6,
0x2,0x0,0x0,0x0,0x0,0x0,0x0,0x0,
0x44,0x0,0x0,0x0,0xd,0x0,0x0,0x0,
0xbd,0x0,0x0,0x0,0x0,0x0,0x0,0x0,
0x38,0x0,0x0,0x0,0x0,0x0,0x0,0x0,
0x38,0x0,0x0,0x0,0x0,0x0,0x1,0x0,
0xff,0xff,0xff,0xff,0x7,0x0,0x0,0x0,
0x72,0x3,0xd0,0x0,0x0,0x0,0x0,0x0,
0x0,0x0,0x7,0x0,0x0,0x0,0x0,0x0,
0x0,0x0,0x0,0x0,0x72,0x3,0x0,0x0,
0x1,0x0,0x0,0x0,0x2f,0xc2,0x2,0x0,
0x0,0x3d,0xc3,0x2,0x0,0x0,0x18,0x6,
0x2,0x0,0x0,0x0,0x0,0x0,0x0,0x0,
0x44,0x0,0x0,0x0,0x8,0x0,0x0,0x0,
0x2c,0x0,0x0,0x0,0x0,0x0,0x0,0x0,
0x38,0x0,0x0,0x0,0x0,0x0,0x0,0x0,
0x38,0x0,0x0,0x0,0x0,0x0,0x1,0x0,
0xff,0xff,0xff,0xff,0x7,0x0,0x0,0x0,
0x73,0x3,0xd0,0x0,0x0,0x0,0x0,0x0,
0x0,0x0,0x7,0x0,0x0,0x0,0x0,0x0,
0x0,0x0,0x0,0x0,0x73,0x3,0x0,0x0,
0x1,0x0,0x0,0x0,0x2f,0xc4,0x2,0x0,
0x0,0x18,0x6,0x2,0x0,0x0,0x0,0x0,
0x44,0x0,0x0,0x0,0xd,0x0,0x0,0x0,
0xf3,0x0,0x0,0x0,0x0,0x0,0x0,0x0,
0x38,0x0,0x0,0x0,0x0,0x0,0x0,0x0,
0x38,0x0,0x0,0x0,0x0,0x0,0x1,0x0,
0xff,0xff,0xff,0xff,0x7,0x0,0x0,0x0,
0x74,0x3,0xd0,0x0,0x0,0x0,0x0,0x0,
0x0,0x0,0x7,0x0,0x0,0x0,0x0,0x0,
0x0,0x0,0x0,0x0,0x74,0x3,0x0,0x0,
0x1,0x0,0x0,0x0,0x2f,0xc5,0x2,0x0,
0x0,0x3d,0xc6,0x2,0x0,0x0,0x18,0x6,
0x2,0x0,0x0,0x0,0x0,0x0,0x0,0x0,
0x74,0x0,0x0,0x0,0x34,0x0,0x0,0x0,
0xfb,0x0,0x0,0x0,0x0,0x0,0x0,0x0,
0x38,0x0,0x0,0x0,0x0,0x0,0x0,0x0,
0x38,0x0,0x0,0x0,0x0,0x0,0x5,0x0,
0xff,0xff,0xff,0xff,0xb,0x0,0x0,0x0,
0x8f,0x3,0xd0,0x0,0x0,0x0,0x0,0x0,
0x0,0x0,0x7,0x0,0x0,0x0,0x0,0x0,
0x0,0x0,0x0,0x0,0x8f,0x3,0x0,0x0,
0x0,0x0,0x0,0x0,0x1,0x0,0x0,0x0,
0x90,0x3,0x0,0x0,0x2,0x0,0x0,0x0,
0xd,0x0,0x0,0x0,0x91,0x3,0x0,0x0,
0x3,0x0,0x0,0x0,0xf,0x0,0x0,0x0,
0x92,0x3,0x0,0x0,0x4,0x0,0x0,0x0,
0x30,0x0,0x0,0x0,0x93,0x3,0x0,0x0,
0x4,0x0,0x0,0x0,0xca,0x2f,0xc7,0x2,
0x0,0x0,0x3d,0xc8,0x2,0x0,0x0,0x50,
0x2,0xe,0x2,0x2f,0xc9,0x2,0x0,0x0,
0x18,0x7,0x2f,0xca,0x2,0x0,0x0,0x18,
0xa,0xad,0xcb,0x2,0x0,0x0,0x7,0x0,
0x0,0x0,0x1,0x0,0x0,0x0,0xa,0x0,
0x0,0x0,0x18,0x6,0xd4,0x16,0x6,0x2,
0x0,0x0,0x0,0x0,0x0,0x0,0x0,0x0,
0x44,0x0,0x0,0x0,0xd,0x0,0x0,0x0,
0x41,0x0,0x0,0x0,0x0,0x0,0x0,0x0,
0x38,0x0,0x0,0x0,0x0,0x0,0x0,0x0,
0x38,0x0,0x0,0x0,0x0,0x0,0x1,0x0,
0xff,0xff,0xff,0xff,0x7,0x0,0x0,0x0,
0x6d,0x3,0xd0,0x0,0x0,0x0,0x0,0x0,
0x0,0x0,0x7,0x0,0x0,0x0,0x0,0x0,
0x0,0x0,0x0,0x0,0x6d,0x3,0x0,0x0,
0x1,0x0,0x0,0x0,0x2f,0xcc,0x2,0x0,
0x0,0x3d,0xcd,0x2,0x0,0x0,0x18,0x6,
0x2,0x0,0x0,0x0,0x0,0x0,0x0,0x0,
0x44,0x0,0x0,0x0,0xd,0x0,0x0,0x0,
0x48,0x0,0x0,0x0,0x0,0x0,0x0,0x0,
0x38,0x0,0x0,0x0,0x0,0x0,0x0,0x0,
0x38,0x0,0x0,0x0,0x0,0x0,0x1,0x0,
0xff,0xff,0xff,0xff,0x7,0x0,0x0,0x0,
0x6f,0x3,0xd0,0x0,0x0,0x0,0x0,0x0,
0x0,0x0,0x7,0x0,0x0,0x0,0x0,0x0,
0x0,0x0,0x0,0x0,0x6f,0x3,0x0,0x0,
0x1,0x0,0x0,0x0,0x2f,0xce,0x2,0x0,
0x0,0x3d,0xcf,0x2,0x0,0x0,0x18,0x6,
0x2,0x0,0x0,0x0,0x0,0x0,0x0,0x0,
0x44,0x0,0x0,0x0,0xe,0x0,0x0,0x0,
0xf6,0x0,0x0,0x0,0x0,0x0,0x0,0x0,
0x38,0x0,0x0,0x0,0x0,0x0,0x0,0x0,
0x38,0x0,0x0,0x0,0x0,0x0,0x1,0x0,
0xff,0xff,0xff,0xff,0x8,0x0,0x0,0x0,
0x7b,0x3,0x10,0x1,0x0,0x0,0x0,0x0,
0x0,0x0,0x7,0x0,0x0,0x0,0x0,0x0,
0x0,0x0,0x0,0x0,0x7b,0x3,0x0,0x0,
0x1,0x0,0x0,0x0,0x2f,0xd0,0x2,0x0,
0x0,0x18,0x7,0x10,0x2,0x9e,0x7,0x18,
0x6,0x2,0x0,0x0,0x0,0x0,0x0,0x0,
0x44,0x0,0x0,0x0,0x1b,0x0,0x0,0x0,
0xac,0x0,0x0,0x0,0x0,0x0,0x0,0x0,
0x38,0x0,0x0,0x0,0x0,0x0,0x0,0x0,
0x38,0x0,0x0,0x0,0x0,0x0,0x1,0x0,
0xff,0xff,0xff,0xff,0x7,0x0,0x0,0x0,
0x7c,0x3,0x10,0x1,0x0,0x0,0x0,0x0,
0x0,0x0,0x7,0x0,0x0,0x0,0x0,0x0,
0x0,0x0,0x0,0x0,0x7c,0x3,0x0,0x0,
0x1,0x0,0x0,0x0,0x2f,0xd1,0x2,0x0,
0x0,0x3d,0xd2,0x2,0x0,0x0,0x50,0x7,
0x13,0x9f,0x1,0x0,0x0,0x4c,0x5,0x13,
0xa0,0x1,0x0,0x0,0x18,0x6,0x2,0x0,
0x0,0x0,0x0,0x0,0x0,0x0,0x0,0x0,
0x44,0x0,0x0,0x0,0x1b,0x0,0x0,0x0,
0xac,0x0,0x0,0x0,0x0,0x0,0x0,0x0,
0x38,0x0,0x0,0x0,0x0,0x0,0x0,0x0,
0x38,0x0,0x0,0x0,0x0,0x0,0x1,0x0,
0xff,0xff,0xff,0xff,0x7,0x0,0x0,0x0,
0x7d,0x3,0x10,0x1,0x0,0x0,0x0,0x0,
0x0,0x0,0x7,0x0,0x0,0x0,0x0,0x0,
0x0,0x0,0x0,0x0,0x7d,0x3,0x0,0x0,
0x1,0x0,0x0,0x0,0x2f,0xd3,0x2,0x0,
0x0,0x3d,0xd4,0x2,0x0,0x0,0x50,0x7,
0x13,0xa1,0x1,0x0,0x0,0x4c,0x5,0x13,
0xa2,0x1,0x0,0x0,0x18,0x6,0x2,0x0,
0x0,0x0,0x0,0x0,0x0,0x0,0x0,0x0,
0x44,0x0,0x0,0x0,0xe,0x0,0x0,0x0,
0xf6,0x0,0x0,0x0,0x0,0x0,0x0,0x0,
0x38,0x0,0x0,0x0,0x0,0x0,0x0,0x0,
0x38,0x0,0x0,0x0,0x0,0x0,0x1,0x0,
0xff,0xff,0xff,0xff,0x8,0x0,0x0,0x0,
0x85,0x3,0x50,0x1,0x0,0x0,0x0,0x0,
0x0,0x0,0x7,0x0,0x0,0x0,0x0,0x0,
0x0,0x0,0x0,0x0,0x85,0x3,0x0,0x0,
0x1,0x0,0x0,0x0,0x2f,0xd5,0x2,0x0,
0x0,0x18,0x7,0x10,0x2,0x9e,0x7,0x18,
0x6,0x2,0x0,0x0,0x0,0x0,0x0,0x0,
0x44,0x0,0x0,0x0,0x2c,0x0,0x0,0x0,
0xaf,0x0,0x0,0x0,0x0,0x0,0x0,0x0,
0x38,0x0,0x0,0x0,0x0,0x0,0x0,0x0,
0x38,0x0,0x0,0x0,0x0,0x0,0x1,0x0,
0xff,0xff,0xff,0xff,0x9,0x0,0x0,0x0,
0x87,0x3,0x50,0x1,0x0,0x0,0x0,0x0,
0x0,0x0,0x7,0x0,0x0,0x0,0x0,0x0,
0x0,0x0,0x0,0x0,0x87,0x3,0x0,0x0,
0x1,0x0,0x0,0x0,0x2f,0xd6,0x2,0x0,
0x0,0x3d,0xd7,0x2,0x0,0x0,0x50,0x1b,
0x2f,0xd8,0x2,0x0,0x0,0x3d,0xd9,0x2,
0x0,0x0,0x18,0x7,0x2f,0xda,0x2,0x0,
0x0,0xa2,0x7,0x18,0x8,0x10,0x3,0xa2,
0x8,0x4c,0x2,0x10,0x3,0x18,0x6,0x2,
0x0,0x0,0x0,0x0,0x0,0x0,0x0,0x0,
0x44,0x0,0x0,0x0,0xd,0x0,0x0,0x0,
0x64,0x0,0x0,0x0,0x0,0x0,0x0,0x0,
0x38,0x0,0x0,0x0,0x0,0x0,0x0,0x0,
0x38,0x0,0x0,0x0,0x0,0x0,0x1,0x0,
0xff,0xff,0xff,0xff,0x7,0x0,0x0,0x0,
0x86,0x3,0x50,0x1,0x0,0x0,0x0,0x0,
0x0,0x0,0x7,0x0,0x0,0x0,0x0,0x0,
0x0,0x0,0x0,0x0,0x86,0x3,0x0,0x0,
0x1,0x0,0x0,0x0,0x2f,0xdb,0x2,0x0,
0x0,0x3d,0xdc,0x2,0x0,0x0,0x18,0x6,
0x2,0x0,0x0,0x0,0x0,0x0,0x0,0x0,
0x44,0x0,0x0,0x0,0xd,0x0,0x0,0x0,
0xb8,0x0,0x0,0x0,0x0,0x0,0x0,0x0,
0x38,0x0,0x0,0x0,0x0,0x0,0x0,0x0,
0x38,0x0,0x0,0x0,0x0,0x0,0x1,0x0,
0xff,0xff,0xff,0xff,0x7,0x0,0x0,0x0,
0x8b,0x3,0x60,0x4,0x0,0x0,0x0,0x0,
0x0,0x0,0x7,0x0,0x0,0x0,0x0,0x0,
0x0,0x0,0x0,0x0,0x8b,0x3,0x0,0x0,
0x1,0x0,0x0,0x0,0x2f,0xdd,0x2,0x0,
0x0,0x3d,0xde,0x2,0x0,0x0,0x18,0x6,
0x2,0x0,0x0,0x0,0x0,0x0,0x0,0x0,
0x44,0x0,0x0,0x0,0x25,0x0,0x0,0x0,
0x98,0x0,0x0,0x0,0x0,0x0,0x0,0x0,
0x38,0x0,0x0,0x0,0x0,0x0,0x0,0x0,
0x38,0x0,0x0,0x0,0x0,0x0,0x1,0x0,
0xff,0xff,0xff,0xff,0x8,0x0,0x0,0x0,
0x9d,0x3,0xd0,0x0,0x0,0x0,0x0,0x0,
0x0,0x0,0x7,0x0,0x0,0x0,0x0,0x0,
0x0,0x0,0x0,0x0,0x9d,0x3,0x0,0x0,
0x1,0x0,0x0,0x0,0x2f,0xdf,0x2,0x0,
0x0,0x50,0xf,0x2f,0xe0,0x2,0x0,0x0,
0x3d,0xe1,0x2,0x0,0x0,0x18,0x7,0xe,
0x6e,0x7,0x50,0xa,0x2f,0xe2,0x2,0x0,
0x0,0x3d,0xe3,0x2,0x0,0x0,0x18,0x6,
0x2,0x0,0x0,0x0,0x0,0x0,0x0,0x0,
0x44,0x0,0x0,0x0,0xd,0x0,0x0,0x0,
0x48,0x0,0x0,0x0,0x0,0x0,0x0,0x0,
0x38,0x0,0x0,0x0,0x0,0x0,0x0,0x0,
0x38,0x0,0x0,0x0,0x0,0x0,0x1,0x0,
0xff,0xff,0xff,0xff,0x7,0x0,0x0,0x0,
0x99,0x3,0xd0,0x0,0x0,0x0,0x0,0x0,
0x0,0x0,0x7,0x0,0x0,0x0,0x0,0x0,
0x0,0x0,0x0,0x0,0x99,0x3,0x0,0x0,
0x1,0x0,0x0,0x0,0x2f,0xe4,0x2,0x0,
0x0,0x3d,0xe5,0x2,0x0,0x0,0x18,0x6,
0x2,0x0,0x0,0x0,0x0,0x0,0x0,0x0,
0x44,0x0,0x0,0x0,0xd,0x0,0x0,0x0,
0x4a,0x0,0x0,0x0,0x0,0x0,0x0,0x0,
0x38,0x0,0x0,0x0,0x0,0x0,0x0,0x0,
0x38,0x0,0x0,0x0,0x0,0x0,0x1,0x0,
0xff,0xff,0xff,0xff,0x7,0x0,0x0,0x0,
0x9b,0x3,0xd0,0x0,0x0,0x0,0x0,0x0,
0x0,0x0,0x7,0x0,0x0,0x0,0x0,0x0,
0x0,0x0,0x0,0x0,0x9b,0x3,0x0,0x0,
0x1,0x0,0x0,0x0,0x2f,0xe6,0x2,0x0,
0x0,0x3d,0xe7,0x2,0x0,0x0,0x18,0x6,
0x2,0x0,0x0,0x0,0x0,0x0,0x0,0x0,
0x44,0x0,0x0,0x0,0xd,0x0,0x0,0x0,
0x0,0x1,0x0,0x0,0x0,0x0,0x0,0x0,
0x38,0x0,0x0,0x0,0x0,0x0,0x0,0x0,
0x38,0x0,0x0,0x0,0x0,0x0,0x1,0x0,
0xff,0xff,0xff,0xff,0x7,0x0,0x0,0x0,
0xad,0x3,0x50,0x1,0x0,0x0,0x0,0x0,
0x0,0x0,0x7,0x0,0x0,0x0,0x0,0x0,
0x0,0x0,0x0,0x0,0xad,0x3,0x0,0x0,
0x1,0x0,0x0,0x0,0x2f,0xe8,0x2,0x0,
0x0,0x3d,0xe9,0x2,0x0,0x0,0x18,0x6,
0x2,0x0,0x0,0x0,0x0,0x0,0x0,0x0,
0x44,0x0,0x0,0x0,0xd,0x0,0x0,0x0,
0x0,0x1,0x0,0x0,0x0,0x0,0x0,0x0,
0x38,0x0,0x0,0x0,0x0,0x0,0x0,0x0,
0x38,0x0,0x0,0x0,0x0,0x0,0x1,0x0,
0xff,0xff,0xff,0xff,0x7,0x0,0x0,0x0,
0xb5,0x3,0x50,0x1,0x0,0x0,0x0,0x0,
0x0,0x0,0x7,0x0,0x0,0x0,0x0,0x0,
0x0,0x0,0x0,0x0,0xb5,0x3,0x0,0x0,
0x1,0x0,0x0,0x0,0x2f,0xea,0x2,0x0,
0x0,0x3d,0xeb,0x2,0x0,0x0,0x18,0x6,
0x2,0x0,0x0,0x0,0x0,0x0,0x0,0x0,
0x44,0x0,0x0,0x0,0xd,0x0,0x0,0x0,
0x0,0x1,0x0,0x0,0x0,0x0,0x0,0x0,
0x38,0x0,0x0,0x0,0x0,0x0,0x0,0x0,
0x38,0x0,0x0,0x0,0x0,0x0,0x1,0x0,
0xff,0xff,0xff,0xff,0x7,0x0,0x0,0x0,
0xbd,0x3,0x50,0x1,0x0,0x0,0x0,0x0,
0x0,0x0,0x7,0x0,0x0,0x0,0x0,0x0,
0x0,0x0,0x0,0x0,0xbd,0x3,0x0,0x0,
0x1,0x0,0x0,0x0,0x2f,0xec,0x2,0x0,
0x0,0x3d,0xed,0x2,0x0,0x0,0x18,0x6,
0x2,0x0,0x0,0x0,0x0,0x0,0x0,0x0,
0x44,0x0,0x0,0x0,0xd,0x0,0x0,0x0,
0x0,0x1,0x0,0x0,0x0,0x0,0x0,0x0,
0x38,0x0,0x0,0x0,0x0,0x0,0x0,0x0,
0x38,0x0,0x0,0x0,0x0,0x0,0x1,0x0,
0xff,0xff,0xff,0xff,0x7,0x0,0x0,0x0,
0xc5,0x3,0x50,0x1,0x0,0x0,0x0,0x0,
0x0,0x0,0x7,0x0,0x0,0x0,0x0,0x0,
0x0,0x0,0x0,0x0,0xc5,0x3,0x0,0x0,
0x1,0x0,0x0,0x0,0x2f,0xee,0x2,0x0,
0x0,0x3d,0xef,0x2,0x0,0x0,0x18,0x6,
0x2,0x0,0x0,0x0,0x0,0x0,0x0,0x0,
0x44,0x0,0x0,0x0,0x8,0x0,0x0,0x0,
0xe3,0x0,0x0,0x0,0x0,0x0,0x0,0x0,
0x38,0x0,0x0,0x0,0x0,0x0,0x0,0x0,
0x38,0x0,0x0,0x0,0x0,0x0,0x1,0x0,
0xff,0xff,0xff,0xff,0x7,0x0,0x0,0x0,
0xcd,0x3,0x50,0x1,0x0,0x0,0x0,0x0,
0x0,0x0,0x7,0x0,0x0,0x0,0x0,0x0,
0x0,0x0,0x0,0x0,0xcd,0x3,0x0,0x0,
0x1,0x0,0x0,0x0,0x2f,0xf0,0x2,0x0,
0x0,0x18,0x6,0x2,0x0,0x0,0x0,0x0,
0x44,0x0,0x0,0x0,0x16,0x0,0x0,0x0,
0xe5,0x0,0x0,0x0,0x0,0x0,0x0,0x0,
0x38,0x0,0x0,0x0,0x0,0x0,0x0,0x0,
0x38,0x0,0x0,0x0,0x0,0x0,0x1,0x0,
0xff,0xff,0xff,0xff,0x8,0x0,0x0,0x0,
0xce,0x3,0x50,0x1,0x0,0x0,0x0,0x0,
0x0,0x0,0x7,0x0,0x0,0x0,0x0,0x0,
0x0,0x0,0x0,0x0,0xce,0x3,0x0,0x0,
0x1,0x0,0x0,0x0,0x2f,0xf1,0x2,0x0,
0x0,0x3d,0xf2,0x2,0x0,0x0,0x18,0x7,
0x2f,0xf3,0x2,0x0,0x0,0x34,0x7,0x18,
0x6,0x2,0x0,0x0,0x0,0x0,0x0,0x0,
0x50,0x0,0x0,0x0,0x46,0x0,0x0,0x0,
0x5,0x1,0x0,0x0,0x0,0x0,0x0,0x0,
0x38,0x0,0x0,0x0,0x0,0x0,0x0,0x0,
0x38,0x0,0x0,0x0,0x0,0x0,0x2,0x0,
0xff,0xff,0xff,0xff,0x9,0x0,0x0,0x0,
0xcf,0x3,0x50,0x1,0x0,0x0,0x0,0x0,
0x0,0x0,0x7,0x0,0x0,0x0,0x0,0x0,
0x0,0x0,0x0,0x0,0xcf,0x3,0x0,0x0,
0x1,0x0,0x0,0x0,0x2d,0x0,0x0,0x0,
0xd0,0x3,0x0,0x0,0x1,0x0,0x0,0x0,
0x2f,0xf4,0x2,0x0,0x0,0x50,0x3b,0x2f,
0xf5,0x2,0x0,0x0,0x3d,0xf6,0x2,0x0,
0x0,0x50,0x2f,0x2f,0xf7,0x2,0x0,0x0,
0x3d,0xf8,0x2,0x0,0x0,0x3d,0xf9,0x2,
0x0,0x0,0x18,0x7,0x2f,0xfa,0x2,0x0,
0x0,0x64,0x7,0x50,0x15,0x2f,0xfb,0x2,
0x0,0x0,0x3d,0xfc,0x2,0x0,0x0,0x18,
0x8,0x2f,0xfd,0x2,0x0,0x0,0x34,0x8,
0x4c,0x1,0xc,0x18,0x6,0x2,0x0,0x0,
0x44,0x0,0x0,0x0,0x8,0x0,0x0,0x0,
0xc4,0x0,0x0,0x0,0x0,0x0,0x0,0x0,
0x38,0x0,0x0,0x0,0x0,0x0,0x0,0x0,
0x38,0x0,0x0,0x0,0x0,0x0,0x1,0x0,
0xff,0xff,0xff,0xff,0x7,0x0,0x0,0x0,
0xd3,0x3,0x90,0x1,0x0,0x0,0x0,0x0,
0x0,0x0,0x7,0x0,0x0,0x0,0x0,0x0,
0x0,0x0,0x0,0x0,0xd3,0x3,0x0,0x0,
0x1,0x0,0x0,0x0,0x2f,0xfe,0x2,0x0,
0x0,0x18,0x6,0x2,0x0,0x0,0x0,0x0,
0x44,0x0,0x0,0x0,0x47,0x0,0x0,0x0,
0xc4,0x0,0x0,0x0,0x0,0x0,0x0,0x0,
0x38,0x0,0x0,0x0,0x0,0x0,0x0,0x0,
0x38,0x0,0x0,0x0,0x0,0x0,0x1,0x0,
0xff,0xff,0xff,0xff,0xc,0x0,0x0,0x0,
0xd9,0x3,0x90,0x1,0x0,0x0,0x0,0x0,
0x0,0x0,0x7,0x0,0x0,0x0,0x0,0x0,
0x0,0x0,0x0,0x0,0xd9,0x3,0x0,0x0,
0x1,0x0,0x0,0x0,0x2f,0xff,0x2,0x0,
0x0,0x50,0x38,0x2f,0x0,0x3,0x0,0x0,
0x3d,0x1,0x3,0x0,0x0,0xe4,0x18,0x7,
0x13,0xa7,0x1,0x0,0x0,0x6c,0x7,0x50,
0x22,0x2f,0x2,0x3,0x0,0x0,0x3d,0x3,
0x3,0x0,0x0,0x18,0x8,0x14,0x75,0xb,
0xad,0x4,0x3,0x0,0x0,0x8,0x0,0x0,
0x0,0x1,0x0,0x0,0x0,0xb,0x0,0x0,
0x0,0x4c,0x5,0x13,0xa8,0x1,0x0,0x0,
0x18,0x6,0x2,0x0,0x0,0x0,0x0,0x0,
0x44,0x0,0x0,0x0,0xd,0x0,0x0,0x0,
0x0,0x1,0x0,0x0,0x0,0x0,0x0,0x0,
0x38,0x0,0x0,0x0,0x0,0x0,0x0,0x0,
0x38,0x0,0x0,0x0,0x0,0x0,0x1,0x0,
0xff,0xff,0xff,0xff,0x7,0x0,0x0,0x0,
0xde,0x3,0x90,0x1,0x0,0x0,0x0,0x0,
0x0,0x0,0x7,0x0,0x0,0x0,0x0,0x0,
0x0,0x0,0x0,0x0,0xde,0x3,0x0,0x0,
0x1,0x0,0x0,0x0,0x2f,0x5,0x3,0x0,
0x0,0x3d,0x6,0x3,0x0,0x0,0x18,0x6,
0x2,0x0,0x0,0x0,0x0,0x0,0x0,0x0,
0x44,0x0,0x0,0x0,0x47,0x0,0x0,0x0,
0xc4,0x0,0x0,0x0,0x0,0x0,0x0,0x0,
0x38,0x0,0x0,0x0,0x0,0x0,0x0,0x0,
0x38,0x0,0x0,0x0,0x0,0x0,0x1,0x0,
0xff,0xff,0xff,0xff,0xc,0x0,0x0,0x0,
0xe1,0x3,0x90,0x1,0x0,0x0,0x0,0x0,
0x0,0x0,0x7,0x0,0x0,0x0,0x0,0x0,
0x0,0x0,0x0,0x0,0xe1,0x3,0x0,0x0,
0x1,0x0,0x0,0x0,0x2f,0x7,0x3,0x0,
0x0,0x50,0x38,0x2f,0x8,0x3,0x0,0x0,
0x3d,0x9,0x3,0x0,0x0,0xe4,0x18,0x7,
0x13,0xa7,0x1,0x0,0x0,0x6c,0x7,0x50,
0x22,0x2f,0xa,0x3,0x0,0x0,0x3d,0xb,
0x3,0x0,0x0,0x18,0x8,0x14,0x75,0xb,
0xad,0xc,0x3,0x0,0x0,0x8,0x0,0x0,
0x0,0x1,0x0,0x0,0x0,0xb,0x0,0x0,
0x0,0x4c,0x5,0x13,0xa8,0x1,0x0,0x0,
0x18,0x6,0x2,0x0,0x0,0x0,0x0,0x0,
0x44,0x0,0x0,0x0,0xd,0x0,0x0,0x0,
0x0,0x1,0x0,0x0,0x0,0x0,0x0,0x0,
0x38,0x0,0x0,0x0,0x0,0x0,0x0,0x0,
0x38,0x0,0x0,0x0,0x0,0x0,0x1,0x0,
0xff,0xff,0xff,0xff,0x7,0x0,0x0,0x0,
0xe6,0x3,0x90,0x1,0x0,0x0,0x0,0x0,
0x0,0x0,0x7,0x0,0x0,0x0,0x0,0x0,
0x0,0x0,0x0,0x0,0xe6,0x3,0x0,0x0,
0x1,0x0,0x0,0x0,0x2f,0xd,0x3,0x0,
0x0,0x3d,0xe,0x3,0x0,0x0,0x18,0x6,
0x2,0x0,0x0,0x0,0x0,0x0,0x0,0x0,
0x44,0x0,0x0,0x0,0x47,0x0,0x0,0x0,
0xc4,0x0,0x0,0x0,0x0,0x0,0x0,0x0,
0x38,0x0,0x0,0x0,0x0,0x0,0x0,0x0,
0x38,0x0,0x0,0x0,0x0,0x0,0x1,0x0,
0xff,0xff,0xff,0xff,0xc,0x0,0x0,0x0,
0xe9,0x3,0x90,0x1,0x0,0x0,0x0,0x0,
0x0,0x0,0x7,0x0,0x0,0x0,0x0,0x0,
0x0,0x0,0x0,0x0,0xe9,0x3,0x0,0x0,
0x1,0x0,0x0,0x0,0x2f,0xf,0x3,0x0,
0x0,0x50,0x38,0x2f,0x10,0x3,0x0,0x0,
0x3d,0x11,0x3,0x0,0x0,0xe4,0x18,0x7,
0x13,0xa7,0x1,0x0,0x0,0x6c,0x7,0x50,
0x22,0x2f,0x12,0x3,0x0,0x0,0x3d,0x13,
0x3,0x0,0x0,0x18,0x8,0x14,0x75,0xb,
0xad,0x14,0x3,0x0,0x0,0x8,0x0,0x0,
0x0,0x1,0x0,0x0,0x0,0xb,0x0,0x0,
0x0,0x4c,0x5,0x13,0xa8,0x1,0x0,0x0,
0x18,0x6,0x2,0x0,0x0,0x0,0x0,0x0,
0x44,0x0,0x0,0x0,0xd,0x0,0x0,0x0,
0x0,0x1,0x0,0x0,0x0,0x0,0x0,0x0,
0x38,0x0,0x0,0x0,0x0,0x0,0x0,0x0,
0x38,0x0,0x0,0x0,0x0,0x0,0x1,0x0,
0xff,0xff,0xff,0xff,0x7,0x0,0x0,0x0,
0xee,0x3,0x90,0x1,0x0,0x0,0x0,0x0,
0x0,0x0,0x7,0x0,0x0,0x0,0x0,0x0,
0x0,0x0,0x0,0x0,0xee,0x3,0x0,0x0,
0x1,0x0,0x0,0x0,0x2f,0x15,0x3,0x0,
0x0,0x3d,0x16,0x3,0x0,0x0,0x18,0x6,
0x2,0x0,0x0,0x0,0x0,0x0,0x0,0x0,
0x44,0x0,0x0,0x0,0x47,0x0,0x0,0x0,
0xc4,0x0,0x0,0x0,0x0,0x0,0x0,0x0,
0x38,0x0,0x0,0x0,0x0,0x0,0x0,0x0,
0x38,0x0,0x0,0x0,0x0,0x0,0x1,0x0,
0xff,0xff,0xff,0xff,0xc,0x0,0x0,0x0,
0xf1,0x3,0x90,0x1,0x0,0x0,0x0,0x0,
0x0,0x0,0x7,0x0,0x0,0x0,0x0,0x0,
0x0,0x0,0x0,0x0,0xf1,0x3,0x0,0x0,
0x1,0x0,0x0,0x0,0x2f,0x17,0x3,0x0,
0x0,0x50,0x38,0x2f,0x18,0x3,0x0,0x0,
0x3d,0x19,0x3,0x0,0x0,0xe4,0x18,0x7,
0x13,0xa7,0x1,0x0,0x0,0x6c,0x7,0x50,
0x22,0x2f,0x1a,0x3,0x0,0x0,0x3d,0x1b,
0x3,0x0,0x0,0x18,0x8,0x14,0x75,0xb,
0xad,0x1c,0x3,0x0,0x0,0x8,0x0,0x0,
0x0,0x1,0x0,0x0,0x0,0xb,0x0,0x0,
0x0,0x4c,0x5,0x13,0xa8,0x1,0x0,0x0,
0x18,0x6,0x2,0x0,0x0,0x0,0x0,0x0,
0x44,0x0,0x0,0x0,0xd,0x0,0x0,0x0,
0x0,0x1,0x0,0x0,0x0,0x0,0x0,0x0,
0x38,0x0,0x0,0x0,0x0,0x0,0x0,0x0,
0x38,0x0,0x0,0x0,0x0,0x0,0x1,0x0,
0xff,0xff,0xff,0xff,0x7,0x0,0x0,0x0,
0xf6,0x3,0x90,0x1,0x0,0x0,0x0,0x0,
0x0,0x0,0x7,0x0,0x0,0x0,0x0,0x0,
0x0,0x0,0x0,0x0,0xf6,0x3,0x0,0x0,
0x1,0x0,0x0,0x0,0x2f,0x1d,0x3,0x0,
0x0,0x3d,0x1e,0x3,0x0,0x0,0x18,0x6,
0x2,0x0,0x0,0x0,0x0,0x0,0x0,0x0,
0x44,0x0,0x0,0x0,0xd,0x0,0x0,0x0,
0x2c,0x0,0x0,0x0,0x0,0x0,0x0,0x0,
0x38,0x0,0x0,0x0,0x0,0x0,0x0,0x0,
0x38,0x0,0x0,0x0,0x0,0x0,0x1,0x0,
0xff,0xff,0xff,0xff,0x7,0x0,0x0,0x0,
0xff,0x3,0xd0,0x0,0x0,0x0,0x0,0x0,
0x0,0x0,0x7,0x0,0x0,0x0,0x0,0x0,
0x0,0x0,0x0,0x0,0xff,0x3,0x0,0x0,
0x1,0x0,0x0,0x0,0x2f,0x1f,0x3,0x0,
0x0,0x3d,0x20,0x3,0x0,0x0,0x18,0x6,
0x2,0x0,0x0,0x0,0x0,0x0,0x0,0x0,
0x44,0x0,0x0,0x0,0xd,0x0,0x0,0x0,
0x2e,0x0,0x0,0x0,0x0,0x0,0x0,0x0,
0x38,0x0,0x0,0x0,0x0,0x0,0x0,0x0,
0x38,0x0,0x0,0x0,0x0,0x0,0x1,0x0,
0xff,0xff,0xff,0xff,0x7,0x0,0x0,0x0,
0x0,0x4,0xd0,0x0,0x0,0x0,0x0,0x0,
0x0,0x0,0x7,0x0,0x0,0x0,0x0,0x0,
0x0,0x0,0x0,0x0,0x0,0x4,0x0,0x0,
0x1,0x0,0x0,0x0,0x2f,0x21,0x3,0x0,
0x0,0x3d,0x22,0x3,0x0,0x0,0x18,0x6,
0x2,0x0,0x0,0x0,0x0,0x0,0x0,0x0,
0x44,0x0,0x0,0x0,0x42,0x0,0x0,0x0,
0xaf,0x0,0x0,0x0,0x0,0x0,0x0,0x0,
0x38,0x0,0x0,0x0,0x0,0x0,0x0,0x0,
0x38,0x0,0x0,0x0,0x0,0x0,0x1,0x0,
0xff,0xff,0xff,0xff,0xf,0x0,0x0,0x0,
0x1,0x4,0xd0,0x0,0x0,0x0,0x0,0x0,
0x0,0x0,0x7,0x0,0x0,0x0,0x0,0x0,
0x0,0x0,0x0,0x0,0x1,0x4,0x0,0x0,
0x1,0x0,0x0,0x0,0x2f,0x23,0x3,0x0,
0x0,0x18,0x7,0x14,0x76,0xa,0x2f,0x24,
0x3,0x0,0x0,0x3d,0x25,0x3,0x0,0x0,
0x18,0xc,0x2f,0x26,0x3,0x0,0x0,0xa2,
0xc,0x18,0xd,0x2f,0x27,0x3,0x0,0x0,
0xa2,0xd,0x18,0xe,0x10,0x58,0xa2,0xe,
0x18,0xb,0xad,0x28,0x3,0x0,0x0,0x7,
0x0,0x0,0x0,0x2,0x0,0x0,0x0,0xa,
0x0,0x0,0x0,0x18,0x6,0x2,0x0,0x0,
0x0,0x0,0x0,0x0,0x0,0x0,0x0,0x0,
0x44,0x0,0x0,0x0,0x2a,0x0,0x0,0x0,
0xb0,0x0,0x0,0x0,0x0,0x0,0x0,0x0,
0x38,0x0,0x0,0x0,0x0,0x0,0x0,0x0,
0x38,0x0,0x0,0x0,0x0,0x0,0x1,0x0,
0xff,0xff,0xff,0xff,0xa,0x0,0x0,0x0,
0x2,0x4,0xd0,0x0,0x0,0x0,0x0,0x0,
0x0,0x0,0x7,0x0,0x0,0x0,0x0,0x0,
0x0,0x0,0x0,0x0,0x2,0x4,0x0,0x0,
0x1,0x0,0x0,0x0,0x2f,0x29,0x3,0x0,
0x0,0x3d,0x2a,0x3,0x0,0x0,0x18,0x7,
0x2f,0x2b,0x3,0x0,0x0,0x3d,0x2c,0x3,
0x0,0x0,0x80,0x7,0x18,0x8,0x2f,0x2d,
0x3,0x0,0x0,0xa2,0x8,0x18,0x9,0x10,
0x4,0x80,0x9,0x18,0x6,0x2,0x0,0x0,
0x0,0x0,0x0,0x0,0x0,0x0,0x0,0x0,
0x44,0x0,0x0,0x0,0xd,0x0,0x0,0x0,
0x98,0x0,0x0,0x0,0x0,0x0,0x0,0x0,
0x38,0x0,0x0,0x0,0x0,0x0,0x0,0x0,
0x38,0x0,0x0,0x0,0x0,0x0,0x1,0x0,
0xff,0xff,0xff,0xff,0x7,0x0,0x0,0x0,
0x3,0x4,0xd0,0x0,0x0,0x0,0x0,0x0,
0x0,0x0,0x7,0x0,0x0,0x0,0x0,0x0,
0x0,0x0,0x0,0x0,0x3,0x4,0x0,0x0,
0x1,0x0,0x0,0x0,0x2f,0x2e,0x3,0x0,
0x0,0x3d,0x2f,0x3,0x0,0x0,0x18,0x6,
0x2,0x0,0x0,0x0,0x0,0x0,0x0,0x0,
0x44,0x0,0x0,0x0,0x25,0x0,0x0,0x0,
0xbd,0x0,0x0,0x0,0x0,0x0,0x0,0x0,
0x38,0x0,0x0,0x0,0x0,0x0,0x0,0x0,
0x38,0x0,0x0,0x0,0x0,0x0,0x1,0x0,
0xff,0xff,0xff,0xff,0xa,0x0,0x0,0x0,
0xe,0x4,0x90,0x1,0x0,0x0,0x0,0x0,
0x0,0x0,0x7,0x0,0x0,0x0,0x0,0x0,
0x0,0x0,0x0,0x0,0xe,0x4,0x0,0x0,
0x1,0x0,0x0,0x0,0x2f,0x30,0x3,0x0,
0x0,0x3d,0x31,0x3,0x0,0x0,0x18,0x7,
0x2f,0x32,0x3,0x0,0x0,0x80,0x7,0x18,
0x8,0x2f,0x33,0x3,0x0,0x0,0x80,0x8,
0x18,0x9,0x10,0x10,0x80,0x9,0x18,0x6,
0x2,0x0,0x0,0x0,0x0,0x0,0x0,0x0,
0x80,0x0,0x0,0x0,0x78,0x0,0x0,0x0,
0xc4,0x0,0x0,0x0,0x0,0x0,0x0,0x0,
0x38,0x0,0x0,0x0,0x0,0x0,0x0,0x0,
0x38,0x0,0x0,0x0,0x0,0x0,0x6,0x0,
0xff,0xff,0xff,0xff,0xa,0x0,0x0,0x0,
0xf,0x4,0x90,0x1,0x0,0x0,0x0,0x0,
0x0,0x0,0x7,0x0,0x0,0x0,0x0,0x0,
0x0,0x0,0x0,0x0,0x10,0x4,0x0,0x0,
0x2,0x0,0x0,0x0,0x8,0x0,0x0,0x0,
0x11,0x4,0x0,0x0,0x3,0x0,0x0,0x0,
0x1d,0x0,0x0,0x0,0x12,0x4,0x0,0x0,
0x4,0x0,0x0,0x0,0x29,0x0,0x0,0x0,
0x13,0x4,0x0,0x0,0x5,0x0,0x0,0x0,
0x3e,0x0,0x0,0x0,0x14,0x4,0x0,0x0,
0x6,0x0,0x0,0x0,0x75,0x0,0x0,0x0,
0x15,0x4,0x0,0x0,0x6,0x0,0x0,0x0,
0x2f,0x34,0x3,0x0,0x0,0x74,0x50,0x15,
0x13,0xab,0x1,0x0,0x0,0x18,0x9,0xb5,
0x35,0x3,0x0,0x0,0x1,0x0,0x0,0x0,
0x9,0x0,0x0,0x0,0x2,0x2f,0x36,0x3,
0x0,0x0,0x3d,0x37,0x3,0x0,0x0,0x50,
0x15,0x13,0xad,0x1,0x0,0x0,0x18,0x9,
0xb5,0x38,0x3,0x0,0x0,0x1,0x0,0x0,
0x0,0x9,0x0,0x0,0x0,0x2,0x2f,0x39,
0x3,0x0,0x0,0x3d,0x3a,0x3,0x0,0x0,
0x50,0x16,0x13,0xaf,0x1,0x0,0x0,0x18,
0x9,0xb5,0x3b,0x3,0x0,0x0,0x1,0x0,
0x0,0x0,0x9,0x0,0x0,0x0,0x4c,0x14,
0x13,0xab,0x1,0x0,0x0,0x18,0x9,0xb5,
0x3c,0x3,0x0,0x0,0x1,0x0,0x0,0x0,
0x9,0x0,0x0,0x0,0x2,0x16,0x6,0x2,
0x0,0x0,0x0,0x0,0x0,0x0,0x0,0x0,
0x44,0x0,0x0,0x0,0x15,0x0,0x0,0x0,
0xe,0x1,0x0,0x0,0x0,0x0,0x0,0x0,
0x38,0x0,0x0,0x0,0x0,0x0,0x0,0x0,
0x38,0x0,0x0,0x0,0x0,0x0,0x1,0x0,
0xff,0xff,0xff,0xff,0x7,0x0,0x0,0x0,
0x16,0x4,0x90,0x1,0x0,0x0,0x0,0x0,
0x0,0x0,0x7,0x0,0x0,0x0,0x0,0x0,
0x0,0x0,0x0,0x0,0x16,0x4,0x0,0x0,
0x1,0x0,0x0,0x0,0x2f,0x3d,0x3,0x0,
0x0,0x50,0xb,0x2f,0x3e,0x3,0x0,0x0,
0x3d,0x3f,0x3,0x0,0x0,0x74,0x18,0x6,
0x2,0x0,0x0,0x0,0x0,0x0,0x0,0x0,
0x5c,0x0,0x0,0x0,0x26,0x0,0x0,0x0,
0x10,0x1,0x0,0x0,0x0,0x0,0x0,0x0,
0x38,0x0,0x0,0x0,0x0,0x0,0x0,0x0,
0x38,0x0,0x0,0x0,0x0,0x0,0x3,0x0,
0xff,0xff,0xff,0xff,0xa,0x0,0x0,0x0,
0x17,0x4,0x90,0x1,0x0,0x0,0x0,0x0,
0x0,0x0,0x7,0x0,0x0,0x0,0x0,0x0,
0x0,0x0,0x0,0x0,0x17,0x4,0x0,0x0,
0x0,0x0,0x0,0x0,0x1,0x0,0x0,0x0,
0x17,0x4,0x0,0x0,0x1,0x0,0x0,0x0,
0x8,0x0,0x0,0x0,0x17,0x4,0x0,0x0,
0x2,0x0,0x0,0x0,0xca,0x2f,0x40,0x3,
0x0,0x0,0x50,0x1a,0x2f,0x41,0x3,0x0,
0x0,0x18,0x7,0xad,0x42,0x3,0x0,0x0,
0x7,0x0,0x0,0x0,0x0,0x0,0x0,0x0,
0x0,0x0,0x0,0x0,0x18,0x6,0xd4,0x16,
0x6,0x2,0x0,0x0,0x0,0x0,0x0,0x0,
0x44,0x0,0x0,0x0,0xd,0x0,0x0,0x0,
0xc4,0x0,0x0,0x0,0x0,0x0,0x0,0x0,
0x38,0x0,0x0,0x0,0x0,0x0,0x0,0x0,
0x38,0x0,0x0,0x0,0x0,0x0,0x1,0x0,
0xff,0xff,0xff,0xff,0x7,0x0,0x0,0x0,
0x1a,0x4,0xd0,0x1,0x0,0x0,0x0,0x0,
0x0,0x0,0x7,0x0,0x0,0x0,0x0,0x0,
0x0,0x0,0x0,0x0,0x1a,0x4,0x0,0x0,
0x1,0x0,0x0,0x0,0x2f,0x43,0x3,0x0,
0x0,0x3d,0x44,0x3,0x0,0x0,0x18,0x6,
0x2,0x0,0x0,0x0,0x0,0x0,0x0,0x0,
0x44,0x0,0x0,0x0,0x1b,0x0,0x0,0x0,
0xac,0x0,0x0,0x0,0x0,0x0,0x0,0x0,
0x38,0x0,0x0,0x0,0x0,0x0,0x0,0x0,
0x38,0x0,0x0,0x0,0x0,0x0,0x1,0x0,
0xff,0xff,0xff,0xff,0x7,0x0,0x0,0x0,
0x1b,0x4,0xd0,0x1,0x0,0x0,0x0,0x0,
0x0,0x0,0x7,0x0,0x0,0x0,0x0,0x0,
0x0,0x0,0x0,0x0,0x1b,0x4,0x0,0x0,
0x1,0x0,0x0,0x0,0x2f,0x45,0x3,0x0,
0x0,0x3d,0x46,0x3,0x0,0x0,0x50,0x7,
0x13,0xb1,0x1,0x0,0x0,0x4c,0x5,0x13,
0xb2,0x1,0x0,0x0,0x18,0x6,0x2,0x0,
0x0,0x0,0x0,0x0,0x0,0x0,0x0,0x0,
0x44,0x0,0x0,0x0,0xd,0x0,0x0,0x0,
0x0,0x1,0x0,0x0,0x0,0x0,0x0,0x0,
0x38,0x0,0x0,0x0,0x0,0x0,0x0,0x0,
0x38,0x0,0x0,0x0,0x0,0x0,0x1,0x0,
0xff,0xff,0xff,0xff,0x7,0x0,0x0,0x0,
0x1d,0x4,0xd0,0x1,0x0,0x0,0x0,0x0,
0x0,0x0,0x7,0x0,0x0,0x0,0x0,0x0,
0x0,0x0,0x0,0x0,0x1d,0x4,0x0,0x0,
0x1,0x0,0x0,0x0,0x2f,0x47,0x3,0x0,
0x0,0x3d,0x48,0x3,0x0,0x0,0x18,0x6,
0x2,0x0,0x0,0x0,0x0,0x0,0x0,0x0,
0x44,0x0,0x0,0x0,0xd,0x0,0x0,0x0,
0x13,0x1,0x0,0x0,0x0,0x0,0x0,0x0,
0x38,0x0,0x0,0x0,0x0,0x0,0x0,0x0,
0x38,0x0,0x0,0x0,0x0,0x0,0x1,0x0,
0xff,0xff,0xff,0xff,0x7,0x0,0x0,0x0,
0x1e,0x4,0xd0,0x1,0x0,0x0,0x0,0x0,
0x0,0x0,0x7,0x0,0x0,0x0,0x0,0x0,
0x0,0x0,0x0,0x0,0x1e,0x4,0x0,0x0,
0x1,0x0,0x0,0x0,0x2f,0x49,0x3,0x0,
0x0,0x3d,0x4a,0x3,0x0,0x0,0x18,0x6,
0x2,0x0,0x0,0x0,0x0,0x0,0x0,0x0,
0x44,0x0,0x0,0x0,0x1b,0x0,0x0,0x0,
0xac,0x0,0x0,0x0,0x0,0x0,0x0,0x0,
0x38,0x0,0x0,0x0,0x0,0x0,0x0,0x0,
0x38,0x0,0x0,0x0,0x0,0x0,0x1,0x0,
0xff,0xff,0xff,0xff,0x7,0x0,0x0,0x0,
0x22,0x4,0xd0,0x1,0x0,0x0,0x0,0x0,
0x0,0x0,0x7,0x0,0x0,0x0,0x0,0x0,
0x0,0x0,0x0,0x0,0x22,0x4,0x0,0x0,
0x1,0x0,0x0,0x0,0x2f,0x4b,0x3,0x0,
0x0,0x3d,0x4c,0x3,0x0,0x0,0x50,0x7,
0x13,0xb4,0x1,0x0,0x0,0x4c,0x5,0x13,
0xb5,0x1,0x0,0x0,0x18,0x6,0x2,0x0,
0x0,0x0,0x0,0x0,0x0,0x0,0x0,0x0,
0x44,0x0,0x0,0x0,0x1b,0x0,0x0,0x0,
0xac,0x0,0x0,0x0,0x0,0x0,0x0,0x0,
0x38,0x0,0x0,0x0,0x0,0x0,0x0,0x0,
0x38,0x0,0x0,0x0,0x0,0x0,0x1,0x0,
0xff,0xff,0xff,0xff,0x7,0x0,0x0,0x0,
0x23,0x4,0xd0,0x1,0x0,0x0,0x0,0x0,
0x0,0x0,0x7,0x0,0x0,0x0,0x0,0x0,
0x0,0x0,0x0,0x0,0x23,0x4,0x0,0x0,
0x1,0x0,0x0,0x0,0x2f,0x4d,0x3,0x0,
0x0,0x3d,0x4e,0x3,0x0,0x0,0x50,0x7,
0x13,0xb1,0x1,0x0,0x0,0x4c,0x5,0x13,
0xb7,0x1,0x0,0x0,0x18,0x6,0x2,0x0,
0x0,0x0,0x0,0x0,0x0,0x0,0x0,0x0,
0x44,0x0,0x0,0x0,0xd,0x0,0x0,0x0,
0x64,0x0,0x0,0x0,0x0,0x0,0x0,0x0,
0x38,0x0,0x0,0x0,0x0,0x0,0x0,0x0,
0x38,0x0,0x0,0x0,0x0,0x0,0x1,0x0,
0xff,0xff,0xff,0xff,0x7,0x0,0x0,0x0,
0x2a,0x4,0x90,0x1,0x0,0x0,0x0,0x0,
0x0,0x0,0x7,0x0,0x0,0x0,0x0,0x0,
0x0,0x0,0x0,0x0,0x2a,0x4,0x0,0x0,
0x1,0x0,0x0,0x0,0x2f,0x4f,0x3,0x0,
0x0,0x3d,0x50,0x3,0x0,0x0,0x18,0x6,
0x2,0x0,0x0,0x0,0x0,0x0,0x0,0x0,
0x44,0x0,0x0,0x0,0x38,0x0,0x0,0x0,
0x98,0x0,0x0,0x0,0x0,0x0,0x0,0x0,
0x38,0x0,0x0,0x0,0x0,0x0,0x0,0x0,
0x38,0x0,0x0,0x0,0x0,0x0,0x1,0x0,
0xff,0xff,0xff,0xff,0x8,0x0,0x0,0x0,
0x2e,0x4,0xd0,0x1,0x0,0x0,0x0,0x0,
0x0,0x0,0x7,0x0,0x0,0x0,0x0,0x0,
0x0,0x0,0x0,0x0,0x2e,0x4,0x0,0x0,
0x1,0x0,0x0,0x0,0x2f,0x51,0x3,0x0,
0x0,0x50,0xa,0x2f,0x52,0x3,0x0,0x0,
0x3d,0x53,0x3,0x0,0x0,0x50,0x22,0x2f,
0x54,0x3,0x0,0x0,0x3d,0x55,0x3,0x0,
0x0,0x3d,0x56,0x3,0x0,0x0,0x18,0x7,
0x2f,0x57,0x3,0x0,0x0,0x3d,0x58,0x3,
0x0,0x0,0x3d,0x59,0x3,0x0,0x0,0x6c,
0x7,0x18,0x6,0x2,0x0,0x0,0x0,0x0,
0x44,0x0,0x0,0x0,0x1c,0x0,0x0,0x0,
0xb2,0x0,0x0,0x0,0x0,0x0,0x0,0x0,
0x38,0x0,0x0,0x0,0x0,0x0,0x0,0x0,
0x38,0x0,0x0,0x0,0x0,0x0,0x1,0x0,
0xff,0xff,0xff,0xff,0x7,0x0,0x0,0x0,
0x2f,0x4,0xd0,0x1,0x0,0x0,0x0,0x0,
0x0,0x0,0x7,0x0,0x0,0x0,0x0,0x0,
0x0,0x0,0x0,0x0,0x2f,0x4,0x0,0x0,
0x1,0x0,0x0,0x0,0x2f,0x5a,0x3,0x0,
0x0,0x50,0x10,0x2f,0x5b,0x3,0x0,0x0,
0x3d,0x5c,0x3,0x0,0x0,0x50,0x4,0x10,
0x1,0x4c,0x2,0x4,0x77,0x18,0x6,0x2,
0x0,0x0,0x0,0x0,0x0,0x0,0x0,0x0,
0x44,0x0,0x0,0x0,0x25,0x0,0x0,0x0,
0xaa,0x0,0x0,0x0,0x0,0x0,0x0,0x0,
0x38,0x0,0x0,0x0,0x0,0x0,0x0,0x0,
0x38,0x0,0x0,0x0,0x0,0x0,0x1,0x0,
0xff,0xff,0xff,0xff,0x7,0x0,0x0,0x0,
0x31,0x4,0x10,0x2,0x0,0x0,0x0,0x0,
0x0,0x0,0x7,0x0,0x0,0x0,0x0,0x0,
0x0,0x0,0x0,0x0,0x31,0x4,0x0,0x0,
0x1,0x0,0x0,0x0,0x2f,0x5d,0x3,0x0,
0x0,0x50,0x18,0x2f,0x5e,0x3,0x0,0x0,
0x3d,0x5f,0x3,0x0,0x0,0x50,0xc,0x2f,
0x60,0x3,0x0,0x0,0x3d,0x61,0x3,0x0,
0x0,0x4c,0x3,0xe8,0x0,0x0,0x18,0x6,
0x2,0x0,0x0,0x0,0x0,0x0,0x0,0x0,
0x44,0x0,0x0,0x0,0xd,0x0,0x0,0x0,
0x2e,0x0,0x0,0x0,0x0,0x0,0x0,0x0,
0x38,0x0,0x0,0x0,0x0,0x0,0x0,0x0,
0x38,0x0,0x0,0x0,0x0,0x0,0x1,0x0,
0xff,0xff,0xff,0xff,0x7,0x0,0x0,0x0,
0x34,0x4,0x50,0x2,0x0,0x0,0x0,0x0,
0x0,0x0,0x7,0x0,0x0,0x0,0x0,0x0,
0x0,0x0,0x0,0x0,0x34,0x4,0x0,0x0,
0x1,0x0,0x0,0x0,0x2f,0x62,0x3,0x0,
0x0,0x3d,0x63,0x3,0x0,0x0,0x18,0x6,
0x2,0x0,0x0,0x0,0x0,0x0,0x0,0x0,
0x44,0x0,0x0,0x0,0x19,0x0,0x0,0x0,
0x18,0x1,0x0,0x0,0x0,0x0,0x0,0x0,
0x38,0x0,0x0,0x0,0x0,0x0,0x0,0x0,
0x38,0x0,0x0,0x0,0x0,0x0,0x1,0x0,
0xff,0xff,0xff,0xff,0x7,0x0,0x0,0x0,
0x36,0x4,0x50,0x2,0x0,0x0,0x0,0x0,
0x0,0x0,0x7,0x0,0x0,0x0,0x0,0x0,
0x0,0x0,0x0,0x0,0x36,0x4,0x0,0x0,
0x1,0x0,0x0,0x0,0x2f,0x64,0x3,0x0,
0x0,0x50,0xc,0x2f,0x65,0x3,0x0,0x0,
0x3d,0x66,0x3,0x0,0x0,0x4c,0x3,0xe8,
0x0,0x0,0x18,0x6,0x2,0x0,0x0,0x0,
0x0,0x0,0x0,0x0,0x0,0x0,0x0,0x0,
0x44,0x0,0x0,0x0,0x19,0x0,0x0,0x0,
0x1a,0x1,0x0,0x0,0x0,0x0,0x0,0x0,
0x38,0x0,0x0,0x0,0x0,0x0,0x0,0x0,
0x38,0x0,0x0,0x0,0x0,0x0,0x1,0x0,
0xff,0xff,0xff,0xff,0x7,0x0,0x0,0x0,
0x37,0x4,0x50,0x2,0x0,0x0,0x0,0x0,
0x0,0x0,0x7,0x0,0x0,0x0,0x0,0x0,
0x0,0x0,0x0,0x0,0x37,0x4,0x0,0x0,
0x1,0x0,0x0,0x0,0x2f,0x67,0x3,0x0,
0x0,0x50,0xc,0x2f,0x68,0x3,0x0,0x0,
0x3d,0x69,0x3,0x0,0x0,0x4c,0x3,0xe8,
0x0,0x0,0x18,0x6,0x2,0x0,0x0,0x0,
0x0,0x0,0x0,0x0,0x0,0x0,0x0,0x0,
0x44,0x0,0x0,0x0,0xd,0x0,0x0,0x0,
0x62,0x0,0x0,0x0,0x0,0x0,0x0,0x0,
0x38,0x0,0x0,0x0,0x0,0x0,0x0,0x0,
0x38,0x0,0x0,0x0,0x0,0x0,0x1,0x0,
0xff,0xff,0xff,0xff,0x7,0x0,0x0,0x0,
0x3b,0x4,0x90,0x2,0x0,0x0,0x0,0x0,
0x0,0x0,0x7,0x0,0x0,0x0,0x0,0x0,
0x0,0x0,0x0,0x0,0x3b,0x4,0x0,0x0,
0x1,0x0,0x0,0x0,0x2f,0x6a,0x3,0x0,
0x0,0x3d,0x6b,0x3,0x0,0x0,0x18,0x6,
0x2,0x0,0x0,0x0,0x0,0x0,0x0,0x0,
0x44,0x0,0x0,0x0,0xe,0x0,0x0,0x0,
0xf6,0x0,0x0,0x0,0x0,0x0,0x0,0x0,
0x38,0x0,0x0,0x0,0x0,0x0,0x0,0x0,
0x38,0x0,0x0,0x0,0x0,0x0,0x1,0x0,
0xff,0xff,0xff,0xff,0x8,0x0,0x0,0x0,
0x3f,0x4,0xd0,0x2,0x0,0x0,0x0,0x0,
0x0,0x0,0x7,0x0,0x0,0x0,0x0,0x0,
0x0,0x0,0x0,0x0,0x3f,0x4,0x0,0x0,
0x1,0x0,0x0,0x0,0x2f,0x6c,0x3,0x0,
0x0,0x18,0x7,0x10,0x2,0x9e,0x7,0x18,
0x6,0x2,0x0,0x0,0x0,0x0,0x0,0x0,
0x68,0x0,0x0,0x0,0x50,0x0,0x0,0x0,
0xac,0x0,0x0,0x0,0x0,0x0,0x0,0x0,
0x38,0x0,0x0,0x0,0x0,0x0,0x0,0x0,
0x38,0x0,0x0,0x0,0x0,0x0,0x4,0x0,
0xff,0xff,0xff,0xff,0x10,0x0,0x0,0x0,
0x41,0x4,0xd0,0x2,0x0,0x0,0x0,0x0,
0x0,0x0,0x9,0x0,0x0,0x0,0x0,0x0,
0x0,0x0,0x0,0x0,0x42,0x4,0x0,0x0,
0x2,0x0,0x0,0x0,0x11,0x0,0x0,0x0,
0x43,0x4,0x0,0x0,0x3,0x0,0x0,0x0,
0x22,0x0,0x0,0x0,0x44,0x4,0x0,0x0,
0x4,0x0,0x0,0x0,0x4d,0x0,0x0,0x0,
0x45,0x4,0x0,0x0,0x4,0x0,0x0,0x0,
0x2f,0x6d,0x3,0x0,0x0,0x3d,0x6e,0x3,
0x0,0x0,0x3d,0x6f,0x3,0x0,0x0,0x18,
0x7,0x2f,0x70,0x3,0x0,0x0,0x3d,0x71,
0x3,0x0,0x0,0x3d,0x72,0x3,0x0,0x0,
0x18,0x8,0x2f,0x73,0x3,0x0,0x0,0x18,
0xf,0xb5,0x74,0x3,0x0,0x0,0x1,0x0,
0x0,0x0,0xf,0x0,0x0,0x0,0x18,0xb,
0x2f,0x75,0x3,0x0,0x0,0x18,0xc,0xb5,
0x76,0x3,0x0,0x0,0x2,0x0,0x0,0x0,
0xb,0x0,0x0,0x0,0x2,0x16,0x6,0x2,
0x0,0x0,0x0,0x0,0x0,0x0,0x0,0x0,
0x44,0x0,0x0,0x0,0x24,0x0,0x0,0x0,
0xb2,0x0,0x0,0x0,0x0,0x0,0x0,0x0,
0x38,0x0,0x0,0x0,0x0,0x0,0x0,0x0,
0x38,0x0,0x0,0x0,0x0,0x0,0x1,0x0,
0xff,0xff,0xff,0xff,0xa,0x0,0x0,0x0,
0x48,0x4,0xd0,0x2,0x0,0x0,0x0,0x0,
0x0,0x0,0x7,0x0,0x0,0x0,0x0,0x0,
0x0,0x0,0x0,0x0,0x48,0x4,0x0,0x0,
0x1,0x0,0x0,0x0,0x2f,0x77,0x3,0x0,
0x0,0x18,0x9,0xb5,0x78,0x3,0x0,0x0,
0x1,0x0,0x0,0x0,0x9,0x0,0x0,0x0,
0x18,0x7,0x6,0x6c,0x7,0x50,0x4,0x4,
0x78,0x4c,0x2,0x10,0x1,0x18,0x6,0x2,
0x0,0x0,0x0,0x0,0x0,0x0,0x0,0x0,
0x44,0x0,0x0,0x0,0x2b,0x0,0x0,0x0,
0xac,0x0,0x0,0x0,0x0,0x0,0x0,0x0,
0x38,0x0,0x0,0x0,0x0,0x0,0x0,0x0,
0x38,0x0,0x0,0x0,0x0,0x0,0x1,0x0,
0xff,0xff,0xff,0xff,0xa,0x0,0x0,0x0,
0x46,0x4,0xd0,0x2,0x0,0x0,0x0,0x0,
0x0,0x0,0x7,0x0,0x0,0x0,0x0,0x0,
0x0,0x0,0x0,0x0,0x46,0x4,0x0,0x0,
0x1,0x0,0x0,0x0,0x2f,0x79,0x3,0x0,
0x0,0x18,0x9,0xb5,0x7a,0x3,0x0,0x0,
0x1,0x0,0x0,0x0,0x9,0x0,0x0,0x0,
0x18,0x7,0x10,0x2,0x66,0x7,0x50,0x7,
0x13,0xba,0x1,0x0,0x0,0x4c,0x5,0x13,
0xbb,0x1,0x0,0x0,0x18,0x6,0x2,0x0,
0x0,0x0,0x0,0x0,0x0,0x0,0x0,0x0,
0x44,0x0,0x0,0x0,0x1f,0x0,0x0,0x0,
0x1c,0x1,0x0,0x0,0x0,0x0,0x0,0x0,
0x38,0x0,0x0,0x0,0x0,0x0,0x0,0x0,
0x38,0x0,0x0,0x0,0x0,0x0,0x1,0x0,
0xff,0xff,0xff,0xff,0x7,0x0,0x0,0x0,
0x4c,0x4,0x50,0x3,0x0,0x0,0x0,0x0,
0x0,0x0,0x7,0x0,0x0,0x0,0x0,0x0,
0x0,0x0,0x0,0x0,0x4c,0x4,0x0,0x0,
0x1,0x0,0x0,0x0,0x2f,0x7b,0x3,0x0,
0x0,0x50,0x10,0x2f,0x7c,0x3,0x0,0x0,
0x3d,0x7d,0x3,0x0,0x0,0x50,0x4,0x10,
0x50,0x4c,0x5,0x11,0xd0,0x7,0x0,0x0,
0x18,0x6,0x2,0x0,0x0,0x0,0x0,0x0,
0x44,0x0,0x0,0x0,0xd,0x0,0x0,0x0,
0xb8,0x0,0x0,0x0,0x0,0x0,0x0,0x0,
0x38,0x0,0x0,0x0,0x0,0x0,0x0,0x0,
0x38,0x0,0x0,0x0,0x0,0x0,0x1,0x0,
0xff,0xff,0xff,0xff,0x7,0x0,0x0,0x0,
0x4d,0x4,0x50,0x3,0x0,0x0,0x0,0x0,
0x0,0x0,0x7,0x0,0x0,0x0,0x0,0x0,
0x0,0x0,0x0,0x0,0x4d,0x4,0x0,0x0,
0x1,0x0,0x0,0x0,0x2f,0x7e,0x3,0x0,
0x0,0x3d,0x7f,0x3,0x0,0x0,0x18,0x6,
0x2,0x0,0x0,0x0,0x0,0x0,0x0,0x0,
0x44,0x0,0x0,0x0,0xd,0x0,0x0,0x0,
0x2c,0x0,0x0,0x0,0x0,0x0,0x0,0x0,
0x38,0x0,0x0,0x0,0x0,0x0,0x0,0x0,
0x38,0x0,0x0,0x0,0x0,0x0,0x1,0x0,
0xff,0xff,0xff,0xff,0x7,0x0,0x0,0x0,
0x52,0x4,0xd0,0x2,0x0,0x0,0x0,0x0,
0x0,0x0,0x7,0x0,0x0,0x0,0x0,0x0,
0x0,0x0,0x0,0x0,0x52,0x4,0x0,0x0,
0x1,0x0,0x0,0x0,0x2f,0x80,0x3,0x0,
0x0,0x3d,0x81,0x3,0x0,0x0,0x18,0x6,
0x2,0x0,0x0,0x0,0x0,0x0,0x0,0x0,
0x44,0x0,0x0,0x0,0xd,0x0,0x0,0x0,
0x0,0x1,0x0,0x0,0x0,0x0,0x0,0x0,
0x38,0x0,0x0,0x0,0x0,0x0,0x0,0x0,
0x38,0x0,0x0,0x0,0x0,0x0,0x1,0x0,
0xff,0xff,0xff,0xff,0x7,0x0,0x0,0x0,
0x53,0x4,0xd0,0x2,0x0,0x0,0x0,0x0,
0x0,0x0,0x7,0x0,0x0,0x0,0x0,0x0,
0x0,0x0,0x0,0x0,0x53,0x4,0x0,0x0,
0x1,0x0,0x0,0x0,0x2f,0x82,0x3,0x0,
0x0,0x3d,0x83,0x3,0x0,0x0,0x18,0x6,
0x2,0x0,0x0,0x0,0x0,0x0,0x0,0x0,
0x44,0x0,0x0,0x0,0x16,0x0,0x0,0x0,
0xc4,0x0,0x0,0x0,0x0,0x0,0x0,0x0,
0x38,0x0,0x0,0x0,0x0,0x0,0x0,0x0,
0x38,0x0,0x0,0x0,0x0,0x0,0x1,0x0,
0xff,0xff,0xff,0xff,0x8,0x0,0x0,0x0,
0x54,0x4,0xd0,0x2,0x0,0x0,0x0,0x0,
0x0,0x0,0x7,0x0,0x0,0x0,0x0,0x0,
0x0,0x0,0x0,0x0,0x54,0x4,0x0,0x0,
0x1,0x0,0x0,0x0,0x2f,0x84,0x3,0x0,
0x0,0x3d,0x85,0x3,0x0,0x0,0x18,0x7,
0x2f,0x86,0x3,0x0,0x0,0x34,0x7,0x18,
0x6,0x2,0x0,0x0,0x0,0x0,0x0,0x0,
0x44,0x0,0x0,0x0,0x25,0x0,0x0,0x0,
0xb2,0x0,0x0,0x0,0x0,0x0,0x0,0x0,
0x38,0x0,0x0,0x0,0x0,0x0,0x0,0x0,
0x38,0x0,0x0,0x0,0x0,0x0,0x1,0x0,
0xff,0xff,0xff,0xff,0xa,0x0,0x0,0x0,
0x57,0x4,0xd0,0x2,0x0,0x0,0x0,0x0,
0x0,0x0,0x7,0x0,0x0,0x0,0x0,0x0,
0x0,0x0,0x0,0x0,0x57,0x4,0x0,0x0,
0x1,0x0,0x0,0x0,0x2f,0x87,0x3,0x0,
0x0,0x18,0x9,0xb5,0x88,0x3,0x0,0x0,
0x1,0x0,0x0,0x0,0x9,0x0,0x0,0x0,
0x18,0x7,0x10,0x3,0x66,0x7,0x50,0x4,
0x10,0x1,0x4c,0x2,0x4,0x37,0x18,0x6,
0x2,0x0,0x0,0x0,0x0,0x0,0x0,0x0,
0x44,0x0,0x0,0x0,0x15,0x0,0x0,0x0,
0xe,0x1,0x0,0x0,0x0,0x0,0x0,0x0,
0x38,0x0,0x0,0x0,0x0,0x0,0x0,0x0,
0x38,0x0,0x0,0x0,0x0,0x0,0x1,0x0,
0xff,0xff,0xff,0xff,0x7,0x0,0x0,0x0,
0x5c,0x4,0x90,0x2,0x0,0x0,0x0,0x0,
0x0,0x0,0x7,0x0,0x0,0x0,0x0,0x0,
0x0,0x0,0x0,0x0,0x5c,0x4,0x0,0x0,
0x1,0x0,0x0,0x0,0x2f,0x89,0x3,0x0,
0x0,0x50,0xb,0x2f,0x8a,0x3,0x0,0x0,
0x3d,0x8b,0x3,0x0,0x0,0x74,0x18,0x6,
0x2,0x0,0x0,0x0,0x0,0x0,0x0,0x0,
0x44,0x0,0x0,0x0,0x20,0x0,0x0,0x0,
0x1f,0x1,0x0,0x0,0x0,0x0,0x0,0x0,
0x38,0x0,0x0,0x0,0x0,0x0,0x0,0x0,
0x38,0x0,0x0,0x0,0x0,0x0,0x1,0x0,
0xff,0xff,0xff,0xff,0x7,0x0,0x0,0x0,
0x5d,0x4,0x90,0x2,0x0,0x0,0x0,0x0,
0x0,0x0,0x7,0x0,0x0,0x0,0x0,0x0,
0x0,0x0,0x0,0x0,0x5d,0x4,0x0,0x0,
0x1,0x0,0x0,0x0,0x2f,0x8c,0x3,0x0,
0x0,0x50,0xc,0x2f,0x8d,0x3,0x0,0x0,
0x3d,0x8e,0x3,0x0,0x0,0x4c,0xa,0x2f,
0x8f,0x3,0x0,0x0,0x3d,0x90,0x3,0x0,
0x0,0x18,0x6,0x2,0x0,0x0,0x0,0x0,
0x5c,0x0,0x0,0x0,0x2d,0x0,0x0,0x0,
0x10,0x1,0x0,0x0,0x0,0x0,0x0,0x0,
0x38,0x0,0x0,0x0,0x0,0x0,0x0,0x0,
0x38,0x0,0x0,0x0,0x0,0x0,0x3,0x0,
0xff,0xff,0xff,0xff,0xb,0x0,0x0,0x0,
0x5e,0x4,0x90,0x2,0x0,0x0,0x0,0x0,
0x0,0x0,0x7,0x0,0x0,0x0,0x0,0x0,
0x0,0x0,0x0,0x0,0x5e,0x4,0x0,0x0,
0x0,0x0,0x0,0x0,0x1,0x0,0x0,0x0,
0x5e,0x4,0x0,0x0,0x1,0x0,0x0,0x0,
0x8,0x0,0x0,0x0,0x5e,0x4,0x0,0x0,
0x2,0x0,0x0,0x0,0xca,0x2f,0x91,0x3,
0x0,0x0,0x50,0x21,0x2f,0x92,0x3,0x0,
0x0,0x18,0x7,0x2f,0x93,0x3,0x0,0x0,
0x18,0xa,0xad,0x94,0x3,0x0,0x0,0x7,
0x0,0x0,0x0,0x1,0x0,0x0,0x0,0xa,
0x0,0x0,0x0,0x18,0x6,0xd4,0x16,0x6,
0x2,0x0,0x0,0x0,0x0,0x0,0x0,0x0,
0x44,0x0,0x0,0x0,0x8,0x0,0x0,0x0,
0x19,0x0,0x0,0x0,0x0,0x0,0x0,0x0,
0x38,0x0,0x0,0x0,0x0,0x0,0x0,0x0,
0x38,0x0,0x0,0x0,0x0,0x0,0x1,0x0,
0xff,0xff,0xff,0xff,0x7,0x0,0x0,0x0,
0x5b,0x4,0x90,0x2,0x0,0x0,0x0,0x0,
0x0,0x0,0x7,0x0,0x0,0x0,0x0,0x0,
0x0,0x0,0x0,0x0,0x5b,0x4,0x0,0x0,
0x1,0x0,0x0,0x0,0x2f,0x95,0x3,0x0,
0x0,0x18,0x6,0x2,0x0,0x0,0x0,0x0,
0x44,0x0,0x0,0x0,0x15,0x0,0x0,0x0,
0xe,0x1,0x0,0x0,0x0,0x0,0x0,0x0,
0x38,0x0,0x0,0x0,0x0,0x0,0x0,0x0,
0x38,0x0,0x0,0x0,0x0,0x0,0x1,0x0,
0xff,0xff,0xff,0xff,0x7,0x0,0x0,0x0,
0x6c,0x4,0xd0,0x1,0x0,0x0,0x0,0x0,
0x0,0x0,0x7,0x0,0x0,0x0,0x0,0x0,
0x0,0x0,0x0,0x0,0x6c,0x4,0x0,0x0,
0x1,0x0,0x0,0x0,0x2f,0x96,0x3,0x0,
0x0,0x50,0xa,0x2f,0x97,0x3,0x0,0x0,
0x3d,0x98,0x3,0x0,0x0,0x74,0x18,0x6,
0x2,0x0,0x0,0x0,0x0,0x0,0x0,0x0,
0x5c,0x0,0x0,0x0,0x33,0x0,0x0,0x0,
0x10,0x1,0x0,0x0,0x0,0x0,0x0,0x0,
0x38,0x0,0x0,0x0,0x0,0x0,0x0,0x0,
0x38,0x0,0x0,0x0,0x0,0x0,0x3,0x0,
0xff,0xff,0xff,0xff,0xb,0x0,0x0,0x0,
0x79,0x4,0xd0,0x1,0x0,0x0,0x0,0x0,
0x0,0x0,0x7,0x0,0x0,0x0,0x0,0x0,
0x0,0x0,0x0,0x0,0x79,0x4,0x0,0x0,
0x0,0x0,0x0,0x0,0x1,0x0,0x0,0x0,
0x79,0x4,0x0,0x0,0x1,0x0,0x0,0x0,
0x8,0x0,0x0,0x0,0x79,0x4,0x0,0x0,
0x2,0x0,0x0,0x0,0xca,0x2f,0x99,0x3,
0x0,0x0,0x50,0x27,0x2f,0x9a,0x3,0x0,
0x0,0x18,0x7,0x2f,0x9b,0x3,0x0,0x0,
0x3d,0x9c,0x3,0x0,0x0,0x74,0x18,0xa,
0xad,0x9d,0x3,0x0,0x0,0x7,0x0,0x0,
0x0,0x1,0x0,0x0,0x0,0xa,0x0,0x0,
0x0,0x18,0x6,0xd4,0x16,0x6,0x2,0x0,
0x0,0x0,0x0,0x0,0x0,0x0,0x0,0x0,
0x44,0x0,0x0,0x0,0x8,0x0,0x0,0x0,
0x19,0x0,0x0,0x0,0x0,0x0,0x0,0x0,
0x38,0x0,0x0,0x0,0x0,0x0,0x0,0x0,
0x38,0x0,0x0,0x0,0x0,0x0,0x1,0x0,
0xff,0xff,0xff,0xff,0x7,0x0,0x0,0x0,
0x6e,0x4,0x10,0x2,0x0,0x0,0x0,0x0,
0x0,0x0,0x7,0x0,0x0,0x0,0x0,0x0,
0x0,0x0,0x0,0x0,0x6e,0x4,0x0,0x0,
0x1,0x0,0x0,0x0,0x2f,0x9e,0x3,0x0,
0x0,0x18,0x6,0x2,0x0,0x0,0x0,0x0,
0x44,0x0,0x0,0x0,0x22,0x0,0x0,0x0,
0x24,0x1,0x0,0x0,0x0,0x0,0x0,0x0,
0x38,0x0,0x0,0x0,0x0,0x0,0x0,0x0,
0x38,0x0,0x0,0x0,0x0,0x0,0x1,0x0,
0xff,0xff,0xff,0xff,0xb,0x0,0x0,0x0,
0x73,0x4,0x10,0x2,0x0,0x0,0x0,0x0,
0x0,0x0,0x7,0x0,0x0,0x0,0x0,0x0,
0x0,0x0,0x0,0x0,0x73,0x4,0x0,0x0,
0x1,0x0,0x0,0x0,0x2f,0x9f,0x3,0x0,
0x0,0x18,0x7,0x13,0xc1,0x1,0x0,0x0,
0x18,0xa,0xad,0xa0,0x3,0x0,0x0,0x7,
0x0,0x0,0x0,0x1,0x0,0x0,0x0,0xa,
0x0,0x0,0x0,0x18,0x6,0x2,0x0,0x0,
0x0,0x0,0x0,0x0,0x0,0x0,0x0,0x0,
0x44,0x0,0x0,0x0,0xd,0x0,0x0,0x0,
0x3a,0x0,0x0,0x0,0x0,0x0,0x0,0x0,
0x38,0x0,0x0,0x0,0x0,0x0,0x0,0x0,
0x38,0x0,0x0,0x0,0x0,0x0,0x1,0x0,
0xff,0xff,0xff,0xff,0x7,0x0,0x0,0x0,
0x76,0x4,0x10,0x2,0x0,0x0,0x0,0x0,
0x0,0x0,0x7,0x0,0x0,0x0,0x0,0x0,
0x0,0x0,0x0,0x0,0x76,0x4,0x0,0x0,
0x1,0x0,0x0,0x0,0x2f,0xa1,0x3,0x0,
0x0,0x3d,0xa2,0x3,0x0,0x0,0x18,0x6,
0x2,0x0,0x0,0x0,0x0,0x0,0x0,0x0,
0x44,0x0,0x0,0x0,0x15,0x0,0x0,0x0,
0xb2,0x0,0x0,0x0,0x0,0x0,0x0,0x0,
0x38,0x0,0x0,0x0,0x0,0x0,0x0,0x0,
0x38,0x0,0x0,0x0,0x0,0x0,0x1,0x0,
0xff,0xff,0xff,0xff,0x7,0x0,0x0,0x0,
0x77,0x4,0x10,0x2,0x0,0x0,0x0,0x0,
0x0,0x0,0x7,0x0,0x0,0x0,0x0,0x0,
0x0,0x0,0x0,0x0,0x77,0x4,0x0,0x0,
0x1,0x0,0x0,0x0,0x2f,0xa3,0x3,0x0,
0x0,0x3d,0xa4,0x3,0x0,0x0,0x50,0x4,
0x10,0x1,0x4c,0x2,0x4,0x79,0x18,0x6,
0x2,0x0,0x0,0x0,0x0,0x0,0x0,0x0,
0x44,0x0,0x0,0x0,0x8,0x0,0x0,0x0,
0x30,0x0,0x0,0x0,0x0,0x0,0x0,0x0,
0x38,0x0,0x0,0x0,0x0,0x0,0x0,0x0,
0x38,0x0,0x0,0x0,0x0,0x0,0x1,0x0,
0xff,0xff,0xff,0xff,0x7,0x0,0x0,0x0,
0x72,0x4,0x10,0x2,0x0,0x0,0x0,0x0,
0x0,0x0,0x7,0x0,0x0,0x0,0x0,0x0,
0x0,0x0,0x0,0x0,0x72,0x4,0x0,0x0,
0x1,0x0,0x0,0x0,0x2f,0xa5,0x3,0x0,
0x0,0x18,0x6,0x2,0x0,0x0,0x0,0x0,
0x68,0x0,0x0,0x0,0x20,0x0,0x0,0x0,
0x27,0x1,0x0,0x0,0x0,0x0,0x0,0x0,
0x38,0x0,0x0,0x0,0x0,0x0,0x0,0x0,
0x38,0x0,0x0,0x0,0x0,0x0,0x4,0x0,
0xff,0xff,0xff,0xff,0x8,0x0,0x0,0x0,
0x7a,0x4,0xd0,0x1,0x0,0x0,0x0,0x0,
0x0,0x0,0x7,0x0,0x0,0x0,0x0,0x0,
0x0,0x0,0x0,0x0,0x7a,0x4,0x0,0x0,
0x0,0x0,0x0,0x0,0x1,0x0,0x0,0x0,
0x7b,0x4,0x0,0x0,0x2,0x0,0x0,0x0,
0x8,0x0,0x0,0x0,0x7c,0x4,0x0,0x0,
0x3,0x0,0x0,0x0,0x1c,0x0,0x0,0x0,
0x7d,0x4,0x0,0x0,0x3,0x0,0x0,0x0,
0xca,0x2f,0xa6,0x3,0x0,0x0,0x50,0x14,
0x2f,0xa7,0x3,0x0,0x0,0x3d,0xa8,0x3,
0x0,0x0,0x18,0x7,0x31,0xed,0x0,0x0,
0x0,0x1a,0x7,0x6,0xd4,0x16,0x6,0x2,
0x0,0x0,0x0,0x0,0x0,0x0,0x0,0x0,
0x44,0x0,0x0,0x0,0x8,0x0,0x0,0x0,
0x2a,0x1,0x0,0x0,0x0,0x0,0x0,0x0,
0x38,0x0,0x0,0x0,0x0,0x0,0x0,0x0,
0x38,0x0,0x0,0x0,0x0,0x0,0x1,0x0,
0xff,0xff,0xff,0xff,0x7,0x0,0x0,0x0,
0x7f,0x4,0x10,0x2,0x0,0x0,0x0,0x0,
0x0,0x0,0x7,0x0,0x0,0x0,0x0,0x0,
0x0,0x0,0x0,0x0,0x7f,0x4,0x0,0x0,
0x1,0x0,0x0,0x0,0x2f,0xa9,0x3,0x0,
0x0,0x18,0x6,0x2,0x0,0x0,0x0,0x0,
0x5c,0x0,0x0,0x0,0x23,0x0,0x0,0x0,
0x2b,0x1,0x0,0x0,0x0,0x0,0x0,0x0,
0x38,0x0,0x0,0x0,0x0,0x0,0x0,0x0,
0x38,0x0,0x0,0x0,0x0,0x0,0x3,0x0,
0xff,0xff,0xff,0xff,0x8,0x0,0x0,0x0,
0x80,0x4,0x10,0x2,0x0,0x0,0x0,0x0,
0x0,0x0,0x7,0x0,0x0,0x0,0x0,0x0,
0x0,0x0,0x0,0x0,0x81,0x4,0x0,0x0,
0x1,0x0,0x0,0x0,0x7,0x0,0x0,0x0,
0x81,0x4,0x0,0x0,0x3,0x0,0x0,0x0,
0x21,0x0,0x0,0x0,0x82,0x4,0x0,0x0,
0x3,0x0,0x0,0x0,0x2f,0xaa,0x3,0x0,
0x0,0x50,0x1a,0x2f,0xab,0x3,0x0,0x0,
0x18,0x7,0x2f,0xac,0x3,0x0,0x0,0x3d,
0xad,0x3,0x0,0x0,0x43,0xae,0x3,0x0,
0x0,0x7,0x0,0x0,0x0,0xe,0x2,0x0,
0x0,0x0,0x0,0x0,0x0,0x0,0x0,0x0,
0x74,0x0,0x0,0x0,0x3c,0x0,0x0,0x0,
0x10,0x1,0x0,0x0,0x0,0x0,0x0,0x0,
0x38,0x0,0x0,0x0,0x0,0x0,0x0,0x0,
0x38,0x0,0x0,0x0,0x0,0x0,0x5,0x0,
0xff,0xff,0xff,0xff,0xa,0x0,0x0,0x0,
0xa1,0x4,0xd0,0x1,0x0,0x0,0x0,0x0,
0x0,0x0,0x8,0x0,0x0,0x0,0x0,0x0,
0x0,0x0,0x0,0x0,0xa1,0x4,0x0,0x0,
0x0,0x0,0x0,0x0,0x1,0x0,0x0,0x0,
0xa2,0x4,0x0,0x0,0x2,0x0,0x0,0x0,
0xd,0x0,0x0,0x0,0xa3,0x4,0x0,0x0,
0x3,0x0,0x0,0x0,0x22,0x0,0x0,0x0,
0xa4,0x4,0x0,0x0,0x5,0x0,0x0,0x0,
0x38,0x0,0x0,0x0,0xa6,0x4,0x0,0x0,
0x5,0x0,0x0,0x0,0xca,0x2f,0xaf,0x3,
0x0,0x0,0x3d,0xb0,0x3,0x0,0x0,0x18,
0x7,0x50,0x29,0x16,0x7,0x3d,0xb1,0x3,
0x0,0x0,0xe4,0x18,0x8,0x13,0x54,0x1,
0x0,0x0,0x6e,0x8,0x50,0x16,0x16,0x7,
0x3d,0xb2,0x3,0x0,0x0,0x74,0x18,0x9,
0x43,0xb3,0x3,0x0,0x0,0x7,0x0,0x0,
0x0,0x1a,0x9,0x6,0xd4,0x16,0x6,0x2,
0x0,0x0,0x0,0x0,0x0,0x0,0x0,0x0,
0x90,0x0,0x0,0x0,0xac,0x0,0x0,0x0,
0x27,0x1,0x0,0x0,0x0,0x0,0x0,0x0,
0x38,0x0,0x0,0x0,0x0,0x0,0x0,0x0,
0x38,0x0,0x0,0x0,0x1,0x0,0x7,0x0,
0xff,0xff,0xff,0xff,0xe,0x0,0x0,0x0,
0x8c,0x4,0xd0,0x1,0x0,0x0,0x0,0x0,
0x0,0x0,0x7,0x0,0x0,0x0,0x0,0x0,
0xec,0x1,0x0,0x0,0x0,0x0,0x0,0x0,
0x8c,0x4,0x0,0x0,0x0,0x0,0x0,0x0,
0x1,0x0,0x0,0x0,0x8d,0x4,0x0,0x0,
0x2,0x0,0x0,0x0,0xd,0x0,0x0,0x0,
0x8e,0x4,0x0,0x0,0x3,0x0,0x0,0x0,
0x24,0x0,0x0,0x0,0x8f,0x4,0x0,0x0,
0x6,0x0,0x0,0x0,0x48,0x0,0x0,0x0,
0x90,0x4,0x0,0x0,0x7,0x0,0x0,0x0,
0x79,0x0,0x0,0x0,0x92,0x4,0x0,0x0,
0x9,0x0,0x0,0x0,0xa8,0x0,0x0,0x0,
0x94,0x4,0x0,0x0,0x9,0x0,0x0,0x0,
0xca,0x2f,0xb4,0x3,0x0,0x0,0x3d,0xb5,
0x3,0x0,0x0,0x20,0x0,0x1e,0x0,0x50,
0x68,0x1e,0x0,0x3d,0xb6,0x3,0x0,0x0,
0xe4,0x18,0x7,0x13,0x54,0x1,0x0,0x0,
0x6e,0x7,0x50,0x55,0x2f,0xb7,0x3,0x0,
0x0,0x18,0x8,0x29,0xe5,0x0,0x0,0x0,
0x18,0xb,0xad,0xb9,0x3,0x0,0x0,0x8,
0x0,0x0,0x0,0x1,0x0,0x0,0x0,0xb,
0x0,0x0,0x0,0x31,0xed,0x0,0x0,0x0,
0x2f,0xba,0x3,0x0,0x0,0x18,0x8,0x13,
0xc7,0x1,0x0,0x0,0x18,0xb,0x13,0xc8,
0x1,0x0,0x0,0x18,0xc,0x13,0xc9,0x1,
0x0,0x0,0x18,0xd,0xad,0xbb,0x3,0x0,
0x0,0x8,0x0,0x0,0x0,0x3,0x0,0x0,
0x0,0xb,0x0,0x0,0x0,0x18,0x6,0x4c,
0x2f,0x2f,0xbc,0x3,0x0,0x0,0x18,0x8,
0x13,0xc7,0x1,0x0,0x0,0x18,0xb,0x13,
0xc8,0x1,0x0,0x0,0x18,0xc,0x13,0xca,
0x1,0x0,0x0,0x18,0xd,0xad,0xbd,0x3,
0x0,0x0,0x8,0x0,0x0,0x0,0x3,0x0,
0x0,0x0,0xb,0x0,0x0,0x0,0x18,0x6,
0xd4,0x16,0x6,0x2,0x0,0x0,0x0,0x0,
0x0,0x0,0x0,0x0,0x0,0x0,0x0,0x0,
0x44,0x0,0x0,0x0,0x8,0x0,0x0,0x0,
0x0,0x0,0x0,0x0,0x0,0x0,0x0,0x0,
0x38,0x0,0x0,0x0,0x0,0x0,0x0,0x0,
0x38,0x0,0x0,0x0,0x0,0x0,0x1,0x0,
0xff,0xff,0xff,0xff,0x7,0x0,0x0,0x0,
0x8f,0x4,0xe0,0x3,0x0,0x0,0x0,0x0,
0x0,0x0,0x7,0x0,0x0,0x0,0x0,0x0,
0x0,0x0,0x0,0x0,0x8f,0x4,0x0,0x0,
0x1,0x0,0x0,0x0,0x1e,0x0,0x3d,0xb8,
0x3,0x0,0x0,0x2,0x0,0x0,0x0,0x0,
0x44,0x0,0x0,0x0,0x8,0x0,0x0,0x0,
0x19,0x0,0x0,0x0,0x0,0x0,0x0,0x0,
0x38,0x0,0x0,0x0,0x0,0x0,0x0,0x0,
0x38,0x0,0x0,0x0,0x0,0x0,0x1,0x0,
0xff,0xff,0xff,0xff,0x7,0x0,0x0,0x0,
0x96,0x4,0x50,0x2,0x0,0x0,0x0,0x0,
0x0,0x0,0x7,0x0,0x0,0x0,0x0,0x0,
0x0,0x0,0x0,0x0,0x96,0x4,0x0,0x0,
0x1,0x0,0x0,0x0,0x2f,0xbe,0x3,0x0,
0x0,0x18,0x6,0x2,0x0,0x0,0x0,0x0,
0x44,0x0,0x0,0x0,0x22,0x0,0x0,0x0,
0x24,0x1,0x0,0x0,0x0,0x0,0x0,0x0,
0x38,0x0,0x0,0x0,0x0,0x0,0x0,0x0,
0x38,0x0,0x0,0x0,0x0,0x0,0x1,0x0,
0xff,0xff,0xff,0xff,0xb,0x0,0x0,0x0,
0x9b,0x4,0x10,0x2,0x0,0x0,0x0,0x0,
0x0,0x0,0x7,0x0,0x0,0x0,0x0,0x0,
0x0,0x0,0x0,0x0,0x9b,0x4,0x0,0x0,
0x1,0x0,0x0,0x0,0x2f,0xbf,0x3,0x0,
0x0,0x18,0x7,0x13,0xcb,0x1,0x0,0x0,
0x18,0xa,0xad,0xc0,0x3,0x0,0x0,0x7,
0x0,0x0,0x0,0x1,0x0,0x0,0x0,0xa,
0x0,0x0,0x0,0x18,0x6,0x2,0x0,0x0,
0x0,0x0,0x0,0x0,0x0,0x0,0x0,0x0,
0x44,0x0,0x0,0x0,0xd,0x0,0x0,0x0,
0x3a,0x0,0x0,0x0,0x0,0x0,0x0,0x0,
0x38,0x0,0x0,0x0,0x0,0x0,0x0,0x0,
0x38,0x0,0x0,0x0,0x0,0x0,0x1,0x0,
0xff,0xff,0xff,0xff,0x7,0x0,0x0,0x0,
0x9e,0x4,0x10,0x2,0x0,0x0,0x0,0x0,
0x0,0x0,0x7,0x0,0x0,0x0,0x0,0x0,
0x0,0x0,0x0,0x0,0x9e,0x4,0x0,0x0,
0x1,0x0,0x0,0x0,0x2f,0xc1,0x3,0x0,
0x0,0x3d,0xc2,0x3,0x0,0x0,0x18,0x6,
0x2,0x0,0x0,0x0,0x0,0x0,0x0,0x0,
0x44,0x0,0x0,0x0,0x15,0x0,0x0,0x0,
0xb2,0x0,0x0,0x0,0x0,0x0,0x0,0x0,
0x38,0x0,0x0,0x0,0x0,0x0,0x0,0x0,
0x38,0x0,0x0,0x0,0x0,0x0,0x1,0x0,
0xff,0xff,0xff,0xff,0x7,0x0,0x0,0x0,
0x9f,0x4,0x10,0x2,0x0,0x0,0x0,0x0,
0x0,0x0,0x7,0x0,0x0,0x0,0x0,0x0,
0x0,0x0,0x0,0x0,0x9f,0x4,0x0,0x0,
0x1,0x0,0x0,0x0,0x2f,0xc3,0x3,0x0,
0x0,0x3d,0xc4,0x3,0x0,0x0,0x50,0x4,
0x10,0x1,0x4c,0x2,0x4,0x79,0x18,0x6,
0x2,0x0,0x0,0x0,0x0,0x0,0x0,0x0,
0x44,0x0,0x0,0x0,0x8,0x0,0x0,0x0,
0x30,0x0,0x0,0x0,0x0,0x0,0x0,0x0,
0x38,0x0,0x0,0x0,0x0,0x0,0x0,0x0,
0x38,0x0,0x0,0x0,0x0,0x0,0x1,0x0,
0xff,0xff,0xff,0xff,0x7,0x0,0x0,0x0,
0x9a,0x4,0x10,0x2,0x0,0x0,0x0,0x0,
0x0,0x0,0x7,0x0,0x0,0x0,0x0,0x0,
0x0,0x0,0x0,0x0,0x9a,0x4,0x0,0x0,
0x1,0x0,0x0,0x0,0x2f,0xc5,0x3,0x0,
0x0,0x18,0x6,0x2,0x0,0x0,0x0,0x0,
0x44,0x0,0x0,0x0,0xd,0x0,0x0,0x0,
0xee,0x0,0x0,0x0,0x0,0x0,0x0,0x0,
0x38,0x0,0x0,0x0,0x0,0x0,0x0,0x0,
0x38,0x0,0x0,0x0,0x0,0x0,0x1,0x0,
0xff,0xff,0xff,0xff,0x7,0x0,0x0,0x0,
0xac,0x4,0xd0,0x1,0x0,0x0,0x0,0x0,
0x0,0x0,0x7,0x0,0x0,0x0,0x0,0x0,
0x0,0x0,0x0,0x0,0xac,0x4,0x0,0x0,
0x1,0x0,0x0,0x0,0x2f,0xc6,0x3,0x0,
0x0,0x3d,0xc7,0x3,0x0,0x0,0x18,0x6,
0x2,0x0,0x0,0x0,0x0,0x0,0x0,0x0,
0x5c,0x0,0x0,0x0,0x25,0x0,0x0,0x0,
0x10,0x1,0x0,0x0,0x0,0x0,0x0,0x0,
0x38,0x0,0x0,0x0,0x0,0x0,0x0,0x0,
0x38,0x0,0x0,0x0,0x0,0x0,0x3,0x0,
0xff,0xff,0xff,0xff,0x9,0x0,0x0,0x0,
0xbf,0x4,0xd0,0x1,0x0,0x0,0x0,0x0,
0x0,0x0,0x7,0x0,0x0,0x0,0x0,0x0,
0x0,0x0,0x0,0x0,0xbf,0x4,0x0,0x0,
0x0,0x0,0x0,0x0,0x1,0x0,0x0,0x0,
0xc0,0x4,0x0,0x0,0x2,0x0,0x0,0x0,
0x21,0x0,0x0,0x0,0xc1,0x4,0x0,0x0,
0x2,0x0,0x0,0x0,0xca,0x2f,0xc8,0x3,
0x0,0x0,0x18,0x7,0x2f,0xc9,0x3,0x0,
0x0,0x3d,0xca,0x3,0x0,0x0,0x74,0x18,
0x8,0x43,0xcb,0x3,0x0,0x0,0x7,0x0,
0x0,0x0,0x1a,0x8,0x6,0xd4,0x16,0x6,
0x2,0x0,0x0,0x0,0x0,0x0,0x0,0x0,
0x44,0x0,0x0,0x0,0x8,0x0,0x0,0x0,
0x98,0x0,0x0,0x0,0x0,0x0,0x0,0x0,
0x38,0x0,0x0,0x0,0x0,0x0,0x0,0x0,
0x38,0x0,0x0,0x0,0x0,0x0,0x1,0x0,
0xff,0xff,0xff,0xff,0x7,0x0,0x0,0x0,
0xb0,0x4,0xd0,0x1,0x0,0x0,0x0,0x0,
0x0,0x0,0x7,0x0,0x0,0x0,0x0,0x0,
0x0,0x0,0x0,0x0,0xb0,0x4,0x0,0x0,
0x1,0x0,0x0,0x0,0x2f,0xcc,0x3,0x0,
0x0,0x18,0x6,0x2,0x0,0x0,0x0,0x0,
0x44,0x0,0x0,0x0,0x8,0x0,0x0,0x0,
0x19,0x0,0x0,0x0,0x0,0x0,0x0,0x0,
0x38,0x0,0x0,0x0,0x0,0x0,0x0,0x0,
0x38,0x0,0x0,0x0,0x0,0x0,0x1,0x0,
0xff,0xff,0xff,0xff,0x7,0x0,0x0,0x0,
0xb4,0x4,0x10,0x2,0x0,0x0,0x0,0x0,
0x0,0x0,0x7,0x0,0x0,0x0,0x0,0x0,
0x0,0x0,0x0,0x0,0xb4,0x4,0x0,0x0,
0x1,0x0,0x0,0x0,0x2f,0xcd,0x3,0x0,
0x0,0x18,0x6,0x2,0x0,0x0,0x0,0x0,
0x44,0x0,0x0,0x0,0x22,0x0,0x0,0x0,
0x24,0x1,0x0,0x0,0x0,0x0,0x0,0x0,
0x38,0x0,0x0,0x0,0x0,0x0,0x0,0x0,
0x38,0x0,0x0,0x0,0x0,0x0,0x1,0x0,
0xff,0xff,0xff,0xff,0xb,0x0,0x0,0x0,
0xb9,0x4,0x10,0x2,0x0,0x0,0x0,0x0,
0x0,0x0,0x7,0x0,0x0,0x0,0x0,0x0,
0x0,0x0,0x0,0x0,0xb9,0x4,0x0,0x0,
0x1,0x0,0x0,0x0,0x2f,0xce,0x3,0x0,
0x0,0x18,0x7,0x13,0xcd,0x1,0x0,0x0,
0x18,0xa,0xad,0xcf,0x3,0x0,0x0,0x7,
0x0,0x0,0x0,0x1,0x0,0x0,0x0,0xa,
0x0,0x0,0x0,0x18,0x6,0x2,0x0,0x0,
0x0,0x0,0x0,0x0,0x0,0x0,0x0,0x0,
0x44,0x0,0x0,0x0,0xd,0x0,0x0,0x0,
0x3a,0x0,0x0,0x0,0x0,0x0,0x0,0x0,
0x38,0x0,0x0,0x0,0x0,0x0,0x0,0x0,
0x38,0x0,0x0,0x0,0x0,0x0,0x1,0x0,
0xff,0xff,0xff,0xff,0x7,0x0,0x0,0x0,
0xbc,0x4,0x10,0x2,0x0,0x0,0x0,0x0,
0x0,0x0,0x7,0x0,0x0,0x0,0x0,0x0,
0x0,0x0,0x0,0x0,0xbc,0x4,0x0,0x0,
0x1,0x0,0x0,0x0,0x2f,0xd0,0x3,0x0,
0x0,0x3d,0xd1,0x3,0x0,0x0,0x18,0x6,
0x2,0x0,0x0,0x0,0x0,0x0,0x0,0x0,
0x44,0x0,0x0,0x0,0x15,0x0,0x0,0x0,
0xb2,0x0,0x0,0x0,0x0,0x0,0x0,0x0,
0x38,0x0,0x0,0x0,0x0,0x0,0x0,0x0,
0x38,0x0,0x0,0x0,0x0,0x0,0x1,0x0,
0xff,0xff,0xff,0xff,0x7,0x0,0x0,0x0,
0xbd,0x4,0x10,0x2,0x0,0x0,0x0,0x0,
0x0,0x0,0x7,0x0,0x0,0x0,0x0,0x0,
0x0,0x0,0x0,0x0,0xbd,0x4,0x0,0x0,
0x1,0x0,0x0,0x0,0x2f,0xd2,0x3,0x0,
0x0,0x3d,0xd3,0x3,0x0,0x0,0x50,0x4,
0x10,0x1,0x4c,0x2,0x4,0x79,0x18,0x6,
0x2,0x0,0x0,0x0,0x0,0x0,0x0,0x0,
0x44,0x0,0x0,0x0,0x8,0x0,0x0,0x0,
0x30,0x0,0x0,0x0,0x0,0x0,0x0,0x0,
0x38,0x0,0x0,0x0,0x0,0x0,0x0,0x0,
0x38,0x0,0x0,0x0,0x0,0x0,0x1,0x0,
0xff,0xff,0xff,0xff,0x7,0x0,0x0,0x0,
0xb8,0x4,0x10,0x2,0x0,0x0,0x0,0x0,
0x0,0x0,0x7,0x0,0x0,0x0,0x0,0x0,
0x0,0x0,0x0,0x0,0xb8,0x4,0x0,0x0,
0x1,0x0,0x0,0x0,0x2f,0xd4,0x3,0x0,
0x0,0x18,0x6,0x2,0x0,0x0,0x0,0x0,
0x44,0x0,0x0,0x0,0x8,0x0,0x0,0x0,
0x2a,0x1,0x0,0x0,0x0,0x0,0x0,0x0,
0x38,0x0,0x0,0x0,0x0,0x0,0x0,0x0,
0x38,0x0,0x0,0x0,0x0,0x0,0x1,0x0,
0xff,0xff,0xff,0xff,0x7,0x0,0x0,0x0,
0xc9,0x4,0x90,0x0,0x0,0x0,0x0,0x0,
0x0,0x0,0x7,0x0,0x0,0x0,0x0,0x0,
0x0,0x0,0x0,0x0,0xc9,0x4,0x0,0x0,
0x1,0x0,0x0,0x0,0x2f,0xd5,0x3,0x0,
0x0,0x18,0x6,0x2,0x0,0x0,0x0,0x0,
0xbc,0x0,0x0,0x0,0xa1,0x0,0x0,0x0,
0x31,0x1,0x0,0x0,0x0,0x0,0x0,0x0,
0x38,0x0,0x0,0x0,0x0,0x0,0x0,0x0,
0x38,0x0,0x0,0x0,0x0,0x0,0xb,0x0,
0xff,0xff,0xff,0xff,0xb,0x0,0x0,0x0,
0xca,0x4,0x90,0x0,0x0,0x0,0x0,0x0,
0x0,0x0,0x7,0x0,0x0,0x0,0x0,0x0,
0x0,0x0,0x0,0x0,0xcb,0x4,0x0,0x0,
0x1,0x0,0x0,0x0,0x8,0x0,0x0,0x0,
0xcc,0x4,0x0,0x0,0x2,0x0,0x0,0x0,
0xa,0x0,0x0,0x0,0xcd,0x4,0x0,0x0,
0x3,0x0,0x0,0x0,0x16,0x0,0x0,0x0,
0xce,0x4,0x0,0x0,0x4,0x0,0x0,0x0,
0x18,0x0,0x0,0x0,0xcf,0x4,0x0,0x0,
0x6,0x0,0x0,0x0,0x29,0x0,0x0,0x0,
0xd0,0x4,0x0,0x0,0x8,0x0,0x0,0x0,
0x43,0x0,0x0,0x0,0xd1,0x4,0x0,0x0,
0xa,0x0,0x0,0x0,0x54,0x0,0x0,0x0,
0xd2,0x4,0x0,0x0,0xb,0x0,0x0,0x0,
0x68,0x0,0x0,0x0,0xd3,0x4,0x0,0x0,
0xe,0x0,0x0,0x0,0x80,0x0,0x0,0x0,
0xd4,0x4,0x0,0x0,0x10,0x0,0x0,0x0,
0x9f,0x0,0x0,0x0,0xd6,0x4,0x0,0x0,
0x10,0x0,0x0,0x0,0x2f,0xd6,0x3,0x0,
0x0,0x74,0x50,0x2,0xe,0x2,0x2f,0xd7,
0x3,0x0,0x0,0x3d,0xd8,0x3,0x0,0x0,
0x50,0x2,0xe,0x2,0x2f,0xd9,0x3,0x0,
0x0,0x18,0x7,0x8,0x43,0xda,0x3,0x0,
0x0,0x7,0x0,0x0,0x0,0x2f,0xdb,0x3,
0x0,0x0,0x18,0x7,0x2f,0xdc,0x3,0x0,
0x0,0x3d,0xdd,0x3,0x0,0x0,0x43,0xde,
0x3,0x0,0x0,0x7,0x0,0x0,0x0,0x2f,
0xdf,0x3,0x0,0x0,0x18,0x7,0xa,0x43,
0xe0,0x3,0x0,0x0,0x7,0x0,0x0,0x0,
0x2f,0xe1,0x3,0x0,0x0,0x3d,0xe2,0x3,
0x0,0x0,0x74,0x50,0x3e,0x2f,0xe3,0x3,
0x0,0x0,0x50,0x37,0x2f,0xe4,0x3,0x0,
0x0,0x18,0x7,0xad,0xe5,0x3,0x0,0x0,
0x7,0x0,0x0,0x0,0x0,0x0,0x0,0x0,
0x0,0x0,0x0,0x0,0x2f,0xe6,0x3,0x0,
0x0,0x18,0x7,0x13,0xce,0x1,0x0,0x0,
0x18,0xa,0xad,0xe7,0x3,0x0,0x0,0x7,
0x0,0x0,0x0,0x1,0x0,0x0,0x0,0xa,
0x0,0x0,0x0,0xe,0x2,0x0,0x0,0x0,
0x0,0x0,0x0,0x0,0x0,0x0,0x0,0x0,
0xc8,0x0,0x0,0x0,0x53,0x0,0x0,0x0,
0x32,0x1,0x0,0x0,0x3,0x0,0x3,0x0,
0x38,0x0,0x0,0x0,0x0,0x0,0x0,0x0,
0x50,0x0,0x0,0x0,0x0,0x0,0xa,0x0,
0xff,0xff,0xff,0xff,0x10,0x0,0x0,0x0,
0xd7,0x4,0x90,0x0,0x0,0x0,0x0,0x0,
0x0,0x0,0xa,0x0,0x0,0x0,0x0,0x0,
0x83,0x0,0x0,0x0,0x0,0x0,0x0,0x0,
0x84,0x0,0x0,0x0,0x0,0x0,0x0,0x0,
0x88,0x0,0x0,0x0,0x0,0x0,0x0,0x0,
0x0,0x0,0x0,0x0,0xd9,0x4,0x0,0x0,
0x1,0x0,0x0,0x0,0xc,0x0,0x0,0x0,
0xda,0x4,0x0,0x0,0x2,0x0,0x0,0x0,
0xe,0x0,0x0,0x0,0xdb,0x4,0x0,0x0,
0x3,0x0,0x0,0x0,0x18,0x0,0x0,0x0,
0xdc,0x4,0x0,0x0,0x4,0x0,0x0,0x0,
0x1a,0x0,0x0,0x0,0xdd,0x4,0x0,0x0,
0x5,0x0,0x0,0x0,0x22,0x0,0x0,0x0,
0xde,0x4,0x0,0x0,0x6,0x0,0x0,0x0,
0x24,0x0,0x0,0x0,0xdf,0x4,0x0,0x0,
0x7,0x0,0x0,0x0,0x2e,0x0,0x0,0x0,
0xe0,0x4,0x0,0x0,0x8,0x0,0x0,0x0,
0x30,0x0,0x0,0x0,0xe1,0x4,0x0,0x0,
0xa,0x0,0x0,0x0,0x51,0x0,0x0,0x0,
0xe2,0x4,0x0,0x0,0xa,0x0,0x0,0x0,
0x2f,0xe8,0x3,0x0,0x0,0x3d,0xe9,0x3,
0x0,0x0,0x50,0x2,0xe,0x2,0xe,0x6c,
0x6,0x4e,0x5,0xe,0x6c,0x7,0x50,0x2,
0xe,0x2,0x2f,0xea,0x3,0x0,0x0,0x74,
0x50,0x2,0xe,0x2,0x6,0x68,0x6,0x4e,
0x5,0x6,0x68,0x7,0x50,0x2,0xe,0x2,
0x2f,0xeb,0x3,0x0,0x0,0x18,0xa,0x1a,
0x6,0xd,0x1a,0x7,0xe,0x1a,0x8,0xf,
0xad,0xec,0x3,0x0,0x0,0xa,0x0,0x0,
0x0,0x3,0x0,0x0,0x0,0xd,0x0,0x0,
0x0,0xe,0x2,0x0,0x0,0x0,0x0,0x0,
0xc0,0x0,0x0,0x0,0x50,0x0,0x0,0x0,
0x33,0x1,0x0,0x0,0x2,0x0,0x2,0x0,
0x38,0x0,0x0,0x0,0x0,0x0,0x0,0x0,
0x48,0x0,0x0,0x0,0x0,0x0,0xa,0x0,
0xff,0xff,0xff,0xff,0xe,0x0,0x0,0x0,
0xe3,0x4,0x90,0x0,0x0,0x0,0x0,0x0,
0x0,0x0,0x9,0x0,0x0,0x0,0x0,0x0,
0x83,0x0,0x0,0x0,0x0,0x0,0x0,0x0,
0x84,0x0,0x0,0x0,0x0,0x0,0x0,0x0,
0x0,0x0,0x0,0x0,0xe5,0x4,0x0,0x0,
0x1,0x0,0x0,0x0,0xc,0x0,0x0,0x0,
0xe6,0x4,0x0,0x0,0x2,0x0,0x0,0x0,
0xe,0x0,0x0,0x0,0xe7,0x4,0x0,0x0,
0x3,0x0,0x0,0x0,0x18,0x0,0x0,0x0,
0xe8,0x4,0x0,0x0,0x4,0x0,0x0,0x0,
0x1a,0x0,0x0,0x0,0xe9,0x4,0x0,0x0,
0x5,0x0,0x0,0x0,0x22,0x0,0x0,0x0,
0xea,0x4,0x0,0x0,0x6,0x0,0x0,0x0,
0x24,0x0,0x0,0x0,0xeb,0x4,0x0,0x0,
0x7,0x0,0x0,0x0,0x2e,0x0,0x0,0x0,
0xec,0x4,0x0,0x0,0x8,0x0,0x0,0x0,
0x30,0x0,0x0,0x0,0xed,0x4,0x0,0x0,
0xa,0x0,0x0,0x0,0x4e,0x0,0x0,0x0,
0xee,0x4,0x0,0x0,0xa,0x0,0x0,0x0,
0x2f,0xed,0x3,0x0,0x0,0x3d,0xee,0x3,
0x0,0x0,0x50,0x2,0xe,0x2,0xe,0x6c,
0x6,0x4e,0x5,0xe,0x6c,0x7,0x50,0x2,
0xe,0x2,0x2f,0xef,0x3,0x0,0x0,0x74,
0x50,0x2,0xe,0x2,0x6,0x68,0x6,0x4e,
0x5,0x6,0x68,0x7,0x50,0x2,0xe,0x2,
0x2f,0xf0,0x3,0x0,0x0,0x18,0x9,0x1a,
0x6,0xc,0x1a,0x7,0xd,0xad,0xf1,0x3,
0x0,0x0,0x9,0x0,0x0,0x0,0x2,0x0,
0x0,0x0,0xc,0x0,0x0,0x0,0xe,0x2,
0xc0,0x0,0x0,0x0,0x4b,0x0,0x0,0x0,
0x34,0x1,0x0,0x0,0x2,0x0,0x2,0x0,
0x38,0x0,0x0,0x0,0x0,0x0,0x0,0x0,
0x48,0x0,0x0,0x0,0x0,0x0,0xa,0x0,
0xff,0xff,0xff,0xff,0xe,0x0,0x0,0x0,
0xef,0x4,0x90,0x0,0x0,0x0,0x0,0x0,
0x0,0x0,0x9,0x0,0x0,0x0,0x0,0x0,
0x83,0x0,0x0,0x0,0x0,0x0,0x0,0x0,
0x8b,0x0,0x0,0x0,0x0,0x0,0x0,0x0,
0x0,0x0,0x0,0x0,0xf1,0x4,0x0,0x0,
0x1,0x0,0x0,0x0,0xc,0x0,0x0,0x0,
0xf2,0x4,0x0,0x0,0x2,0x0,0x0,0x0,
0xe,0x0,0x0,0x0,0xf3,0x4,0x0,0x0,
0x3,0x0,0x0,0x0,0x18,0x0,0x0,0x0,
0xf4,0x4,0x0,0x0,0x4,0x0,0x0,0x0,
0x1a,0x0,0x0,0x0,0xf5,0x4,0x0,0x0,
0x5,0x0,0x0,0x0,0x22,0x0,0x0,0x0,
0xf6,0x4,0x0,0x0,0x6,0x0,0x0,0x0,
0x24,0x0,0x0,0x0,0xf7,0x4,0x0,0x0,
0x7,0x0,0x0,0x0,0x29,0x0,0x0,0x0,
0xf8,0x4,0x0,0x0,0x8,0x0,0x0,0x0,
0x2b,0x0,0x0,0x0,0xf9,0x4,0x0,0x0,
0xa,0x0,0x0,0x0,0x49,0x0,0x0,0x0,
0xfa,0x4,0x0,0x0,0xa,0x0,0x0,0x0,
0x2f,0xf2,0x3,0x0,0x0,0x3d,0xf3,0x3,
0x0,0x0,0x50,0x2,0xe,0x2,0xe,0x6c,
0x6,0x4e,0x5,0xe,0x6c,0x7,0x50,0x2,
0xe,0x2,0x2f,0xf4,0x3,0x0,0x0,0x74,
0x50,0x2,0xe,0x2,0x6,0x68,0x6,0x50,
0x2,0xe,0x2,0x2f,0xf5,0x3,0x0,0x0,
0x18,0x9,0x1a,0x6,0xc,0x1a,0x7,0xd,
0xad,0xf6,0x3,0x0,0x0,0x9,0x0,0x0,
0x0,0x2,0x0,0x0,0x0,0xc,0x0,0x0,
0x0,0xe,0x2,0x0,0x0,0x0,0x0,0x0,
0x44,0x0,0x0,0x0,0x8,0x0,0x0,0x0,
0x2a,0x1,0x0,0x0,0x0,0x0,0x0,0x0,
0x38,0x0,0x0,0x0,0x0,0x0,0x0,0x0,
0x38,0x0,0x0,0x0,0x0,0x0,0x1,0x0,
0xff,0xff,0xff,0xff,0x7,0x0,0x0,0x0,
0xfe,0x4,0x90,0x0,0x0,0x0,0x0,0x0,
0x0,0x0,0x7,0x0,0x0,0x0,0x0,0x0,
0x0,0x0,0x0,0x0,0xfe,0x4,0x0,0x0,
0x1,0x0,0x0,0x0,0x2f,0xf7,0x3,0x0,
0x0,0x18,0x6,0x2,0x0,0x0,0x0,0x0,
0x4,0x1,0x0,0x0,0x26,0x1,0x0,0x0,
0x35,0x1,0x0,0x0,0x0,0x0,0x0,0x0,
0x38,0x0,0x0,0x0,0x0,0x0,0x0,0x0,
0x38,0x0,0x0,0x0,0x0,0x0,0x11,0x0,
0xff,0xff,0xff,0xff,0x11,0x0,0x0,0x0,
0xff,0x4,0x90,0x0,0x0,0x0,0x0,0x0,
0x0,0x0,0x9,0x0,0x0,0x0,0x0,0x0,
0x0,0x0,0x0,0x0,0x0,0x5,0x0,0x0,
0x1,0x0,0x0,0x0,0x8,0x0,0x0,0x0,
0x1,0x5,0x0,0x0,0x2,0x0,0x0,0x0,
0xa,0x0,0x0,0x0,0x2,0x5,0x0,0x0,
0x3,0x0,0x0,0x0,0x1f,0x0,0x0,0x0,
0x3,0x5,0x0,0x0,0x5,0x0,0x0,0x0,
0x35,0x0,0x0,0x0,0x4,0x5,0x0,0x0,
0x7,0x0,0x0,0x0,0x4d,0x0,0x0,0x0,
0x5,0x5,0x0,0x0,0x9,0x0,0x0,0x0,
0x5f,0x0,0x0,0x0,0x6,0x5,0x0,0x0,
0xa,0x0,0x0,0x0,0x61,0x0,0x0,0x0,
0x9,0x5,0x0,0x0,0xb,0x0,0x0,0x0,
0x6d,0x0,0x0,0x0,0xa,0x5,0x0,0x0,
0xc,0x0,0x0,0x0,0x7d,0x0,0x0,0x0,
0xb,0x5,0x0,0x0,0xd,0x0,0x0,0x0,
0x7f,0x0,0x0,0x0,0xc,0x5,0x0,0x0,
0xf,0x0,0x0,0x0,0x91,0x0,0x0,0x0,
0xe,0x5,0x0,0x0,0x10,0x0,0x0,0x0,
0x9d,0x0,0x0,0x0,0xf,0x5,0x0,0x0,
0x12,0x0,0x0,0x0,0xc1,0x0,0x0,0x0,
0x10,0x5,0x0,0x0,0x14,0x0,0x0,0x0,
0xdb,0x0,0x0,0x0,0x11,0x5,0x0,0x0,
0x15,0x0,0x0,0x0,0xb,0x1,0x0,0x0,
0x12,0x5,0x0,0x0,0x18,0x0,0x0,0x0,
0x23,0x1,0x0,0x0,0x14,0x5,0x0,0x0,
0x18,0x0,0x0,0x0,0x2f,0xf8,0x3,0x0,
0x0,0x74,0x50,0x2,0xe,0x2,0x2f,0xf9,
0x3,0x0,0x0,0x74,0x4e,0xd,0x2f,0xfa,
0x3,0x0,0x0,0x3d,0xfb,0x3,0x0,0x0,
0x74,0x50,0x42,0x2f,0xfc,0x3,0x0,0x0,
0x3d,0xfd,0x3,0x0,0x0,0x3d,0xfe,0x3,
0x0,0x0,0x18,0x9,0x6,0x64,0x9,0x50,
0x18,0x2f,0xff,0x3,0x0,0x0,0x18,0xa,
0xad,0x0,0x4,0x0,0x0,0xa,0x0,0x0,
0x0,0x0,0x0,0x0,0x0,0x0,0x0,0x0,
0x0,0x2f,0x1,0x4,0x0,0x0,0x18,0x9,
0x12,0x0,0x43,0x2,0x4,0x0,0x0,0x9,
0x0,0x0,0x0,0xe,0x2,0x2f,0x3,0x4,
0x0,0x0,0x3d,0x4,0x4,0x0,0x0,0x18,
0x8,0x18,0x9,0x2f,0x5,0x4,0x0,0x0,
0x3d,0x6,0x4,0x0,0x0,0x6c,0x9,0x50,
0x2,0xe,0x2,0x2f,0x7,0x4,0x0,0x0,
0x18,0x9,0x16,0x8,0x43,0x8,0x4,0x0,
0x0,0x9,0x0,0x0,0x0,0x1a,0x8,0x9,
0x13,0xd0,0x1,0x0,0x0,0x6c,0x9,0x50,
0x3e,0x2f,0x9,0x4,0x0,0x0,0x50,0x18,
0x2f,0xa,0x4,0x0,0x0,0x3d,0xb,0x4,
0x0,0x0,0x50,0xc,0x2f,0xc,0x4,0x0,
0x0,0x3d,0xd,0x4,0x0,0x0,0x4c,0x3,
0xe8,0x0,0x0,0x18,0x7,0x2f,0xe,0x4,
0x0,0x0,0x18,0xa,0xad,0xf,0x4,0x0,
0x0,0xa,0x0,0x0,0x0,0x1,0x0,0x0,
0x0,0x7,0x0,0x0,0x0,0x4c,0x48,0x1a,
0x8,0xa,0x13,0xd1,0x1,0x0,0x0,0x6c,
0xa,0x4e,0x24,0x1a,0x8,0xb,0x13,0xd2,
0x1,0x0,0x0,0x6c,0xb,0x4e,0x18,0x1a,
0x8,0xc,0x13,0xd3,0x1,0x0,0x0,0x6c,
0xc,0x4e,0xc,0x1a,0x8,0xd,0x13,0xd4,
0x1,0x0,0x0,0x6c,0xd,0x50,0x18,0x2f,
0x10,0x4,0x0,0x0,0x18,0xe,0xad,0x11,
0x4,0x0,0x0,0xe,0x0,0x0,0x0,0x0,
0x0,0x0,0x0,0x0,0x0,0x0,0x0,0x16,
0x6,0x2,0x0,0x0,0x0,0x0,0x0,0x0,
0x0,0x0,0x0,0x0,0x0,0x0,0x0,0x0,
0x8c,0x0,0x0,0x0,0x62,0x0,0x0,0x0,
0x27,0x1,0x0,0x0,0x0,0x0,0x0,0x0,
0x38,0x0,0x0,0x0,0x0,0x0,0x0,0x0,
0x38,0x0,0x0,0x0,0x0,0x0,0x7,0x0,
0xff,0xff,0xff,0xff,0xa,0x0,0x0,0x0,
0x17,0x5,0x50,0x0,0x0,0x0,0x0,0x0,
0x0,0x0,0x7,0x0,0x0,0x0,0x0,0x0,
0x0,0x0,0x0,0x0,0x17,0x5,0x0,0x0,
0x0,0x0,0x0,0x0,0x1,0x0,0x0,0x0,
0x18,0x5,0x0,0x0,0x2,0x0,0x0,0x0,
0x8,0x0,0x0,0x0,0x19,0x5,0x0,0x0,
0x5,0x0,0x0,0x0,0x19,0x0,0x0,0x0,
0x1a,0x5,0x0,0x0,0x7,0x0,0x0,0x0,
0x33,0x0,0x0,0x0,0x1b,0x5,0x0,0x0,
0x9,0x0,0x0,0x0,0x44,0x0,0x0,0x0,
0x1c,0x5,0x0,0x0,0xa,0x0,0x0,0x0,
0x5e,0x0,0x0,0x0,0x1e,0x5,0x0,0x0,
0xa,0x0,0x0,0x0,0xca,0x2f,0x12,0x4,
0x0,0x0,0x50,0x56,0x2f,0x13,0x4,0x0,
0x0,0x18,0x7,0x8,0x43,0x14,0x4,0x0,
0x0,0x7,0x0,0x0,0x0,0x2f,0x15,0x4,
0x0,0x0,0x18,0x7,0x2f,0x16,0x4,0x0,
0x0,0x3d,0x17,0x4,0x0,0x0,0x43,0x18,
0x4,0x0,0x0,0x7,0x0,0x0,0x0,0x2f,
0x19,0x4,0x0,0x0,0x18,0x7,0xa,0x43,
0x1a,0x4,0x0,0x0,0x7,0x0,0x0,0x0,
0x2f,0x1b,0x4,0x0,0x0,0x18,0x7,0xad,
0x1c,0x4,0x0,0x0,0x7,0x0,0x0,0x0,
0x0,0x0,0x0,0x0,0x0,0x0,0x0,0x0,
0x18,0x6,0xd4,0x16,0x6,0x2,0x0,0x0,
0x0,0x0,0x0,0x0,0x0,0x0,0x0,0x0,
0x68,0x0,0x0,0x0,0x29,0x0,0x0,0x0,
0x39,0x1,0x0,0x0,0x0,0x0,0x0,0x0,
0x38,0x0,0x0,0x0,0x0,0x0,0x0,0x0,
0x38,0x0,0x0,0x0,0x0,0x0,0x4,0x0,
0xff,0xff,0xff,0xff,0xb,0x0,0x0,0x0,
0x2e,0x5,0x50,0x0,0x0,0x0,0x0,0x0,
0x0,0x0,0x7,0x0,0x0,0x0,0x0,0x0,
0x0,0x0,0x0,0x0,0x2e,0x5,0x0,0x0,
0x0,0x0,0x0,0x0,0x1,0x0,0x0,0x0,
0x2f,0x5,0x0,0x0,0x2,0x0,0x0,0x0,
0x8,0x0,0x0,0x0,0x30,0x5,0x0,0x0,
0x3,0x0,0x0,0x0,0x25,0x0,0x0,0x0,
0x31,0x5,0x0,0x0,0x3,0x0,0x0,0x0,
0xca,0x2f,0x1d,0x4,0x0,0x0,0x50,0x1d,
0x2f,0x1e,0x4,0x0,0x0,0x18,0x7,0x14,
0x7a,0xa,0xad,0x1f,0x4,0x0,0x0,0x7,
0x0,0x0,0x0,0x1,0x0,0x0,0x0,0xa,
0x0,0x0,0x0,0x18,0x6,0xd4,0x16,0x6,
0x2,0x0,0x0,0x0,0x0,0x0,0x0,0x0,
0x0,0x0,0x0,0x0,0x0,0x0,0x0,0x0,
0x44,0x0,0x0,0x0,0xd,0x0,0x0,0x0,
0x98,0x0,0x0,0x0,0x0,0x0,0x0,0x0,
0x38,0x0,0x0,0x0,0x0,0x0,0x0,0x0,
0x38,0x0,0x0,0x0,0x0,0x0,0x1,0x0,
0xff,0xff,0xff,0xff,0x7,0x0,0x0,0x0,
0x37,0x5,0x90,0x0,0x0,0x0,0x0,0x0,
0x0,0x0,0x7,0x0,0x0,0x0,0x0,0x0,
0x0,0x0,0x0,0x0,0x37,0x5,0x0,0x0,
0x1,0x0,0x0,0x0,0x2f,0x20,0x4,0x0,
0x0,0x3d,0x21,0x4,0x0,0x0,0x18,0x6,
0x2,0x0,0x0,0x0,0x0,0x0,0x0,0x0,
0x74,0x0,0x0,0x0,0x4a,0x0,0x0,0x0,
0x40,0x1,0x0,0x0,0x0,0x0,0x0,0x0,
0x38,0x0,0x0,0x0,0x0,0x0,0x0,0x0,
0x38,0x0,0x0,0x0,0x0,0x0,0x5,0x0,
0xff,0xff,0xff,0xff,0xa,0x0,0x0,0x0,
0x76,0x5,0x90,0x0,0x0,0x0,0x0,0x0,
0x0,0x0,0x7,0x0,0x0,0x0,0x0,0x0,
0x0,0x0,0x0,0x0,0x76,0x5,0x0,0x0,
0x0,0x0,0x0,0x0,0x1,0x0,0x0,0x0,
0x77,0x5,0x0,0x0,0x2,0x0,0x0,0x0,
0xf,0x0,0x0,0x0,0x78,0x5,0x0,0x0,
0x5,0x0,0x0,0x0,0x27,0x0,0x0,0x0,
0x7a,0x5,0x0,0x0,0x6,0x0,0x0,0x0,
0x46,0x0,0x0,0x0,0x7c,0x5,0x0,0x0,
0x6,0x0,0x0,0x0,0xca,0x2f,0x22,0x4,
0x0,0x0,0x50,0x3e,0x2f,0x23,0x4,0x0,
0x0,0x50,0x37,0x2f,0x24,0x4,0x0,0x0,
0x18,0x7,0xad,0x25,0x4,0x0,0x0,0x7,
0x0,0x0,0x0,0x0,0x0,0x0,0x0,0x0,
0x0,0x0,0x0,0x2f,0x26,0x4,0x0,0x0,
0x3d,0x27,0x4,0x0,0x0,0x18,0x7,0xad,
0x28,0x4,0x0,0x0,0x7,0x0,0x0,0x0,
0x0,0x0,0x0,0x0,0x0,0x0,0x0,0x0,
0x18,0x6,0xd4,0x16,0x6,0x2,0x0,0x0,
0x0,0x0,0x0,0x0,0x0,0x0,0x0,0x0,
0x44,0x0,0x0,0x0,0x8,0x0,0x0,0x0,
0x19,0x0,0x0,0x0,0x0,0x0,0x0,0x0,
0x38,0x0,0x0,0x0,0x0,0x0,0x0,0x0,
0x38,0x0,0x0,0x0,0x0,0x0,0x1,0x0,
0xff,0xff,0xff,0xff,0x7,0x0,0x0,0x0,
0x4c,0x5,0x10,0x1,0x0,0x0,0x0,0x0,
0x0,0x0,0x7,0x0,0x0,0x0,0x0,0x0,
0x0,0x0,0x0,0x0,0x4c,0x5,0x0,0x0,
0x1,0x0,0x0,0x0,0x2f,0x29,0x4,0x0,
0x0,0x18,0x6,0x2,0x0,0x0,0x0,0x0,
0x44,0x0,0x0,0x0,0xd,0x0,0x0,0x0,
0xee,0x0,0x0,0x0,0x0,0x0,0x0,0x0,
0x38,0x0,0x0,0x0,0x0,0x0,0x0,0x0,
0x38,0x0,0x0,0x0,0x0,0x0,0x1,0x0,
0xff,0xff,0xff,0xff,0x7,0x0,0x0,0x0,
0x55,0x5,0x10,0x1,0x0,0x0,0x0,0x0,
0x0,0x0,0x7,0x0,0x0,0x0,0x0,0x0,
0x0,0x0,0x0,0x0,0x55,0x5,0x0,0x0,
0x1,0x0,0x0,0x0,0x2f,0x2a,0x4,0x0,
0x0,0x3d,0x2b,0x4,0x0,0x0,0x18,0x6,
0x2,0x0,0x0,0x0,0x0,0x0,0x0,0x0,
0x74,0x0,0x0,0x0,0x7c,0x0,0x0,0x0,
0x10,0x1,0x0,0x0,0x0,0x0,0x0,0x0,
0x38,0x0,0x0,0x0,0x0,0x0,0x0,0x0,
0x38,0x0,0x0,0x0,0x0,0x0,0x5,0x0,
0xff,0xff,0xff,0xff,0xc,0x0,0x0,0x0,
0x66,0x5,0x10,0x1,0x0,0x0,0x0,0x0,
0x0,0x0,0x7,0x0,0x0,0x0,0x0,0x0,
0x0,0x0,0x0,0x0,0x66,0x5,0x0,0x0,
0x0,0x0,0x0,0x0,0x1,0x0,0x0,0x0,
0x67,0x5,0x0,0x0,0x3,0x0,0x0,0x0,
0x2e,0x0,0x0,0x0,0x68,0x5,0x0,0x0,
0x5,0x0,0x0,0x0,0x49,0x0,0x0,0x0,
0x69,0x5,0x0,0x0,0x6,0x0,0x0,0x0,
0x78,0x0,0x0,0x0,0x6a,0x5,0x0,0x0,
0x6,0x0,0x0,0x0,0xca,0x2f,0x2c,0x4,
0x0,0x0,0x18,0x7,0x13,0xd6,0x1,0x0,
0x0,0x18,0xb,0x2f,0x2d,0x4,0x0,0x0,
0x3d,0x2e,0x4,0x0,0x0,0x80,0xb,0x18,
0xa,0xad,0x2f,0x4,0x0,0x0,0x7,0x0,
0x0,0x0,0x1,0x0,0x0,0x0,0xa,0x0,
0x0,0x0,0x2f,0x30,0x4,0x0,0x0,0x18,
0x7,0x2f,0x31,0x4,0x0,0x0,0x3d,0x32,
0x4,0x0,0x0,0x74,0x43,0x33,0x4,0x0,
0x0,0x7,0x0,0x0,0x0,0x2f,0x34,0x4,
0x0,0x0,0x18,0x7,0x13,0xd7,0x1,0x0,
0x0,0x18,0xb,0x2f,0x35,0x4,0x0,0x0,
0x3d,0x36,0x4,0x0,0x0,0x80,0xb,0x18,
0xa,0xad,0x37,0x4,0x0,0x0,0x7,0x0,
0x0,0x0,0x1,0x0,0x0,0x0,0xa,0x0,
0x0,0x0,0x18,0x6,0xd4,0x16,0x6,0x2,
0x0,0x0,0x0,0x0,0x0,0x0,0x0,0x0,
0x44,0x0,0x0,0x0,0x8,0x0,0x0,0x0,
0x19,0x0,0x0,0x0,0x0,0x0,0x0,0x0,
0x38,0x0,0x0,0x0,0x0,0x0,0x0,0x0,
0x38,0x0,0x0,0x0,0x0,0x0,0x1,0x0,
0xff,0xff,0xff,0xff,0x7,0x0,0x0,0x0,
0x59,0x5,0x50,0x1,0x0,0x0,0x0,0x0,
0x0,0x0,0x7,0x0,0x0,0x0,0x0,0x0,
0x0,0x0,0x0,0x0,0x59,0x5,0x0,0x0,
0x1,0x0,0x0,0x0,0x2f,0x38,0x4,0x0,
0x0,0x18,0x6,0x2,0x0,0x0,0x0,0x0,
0x44,0x0,0x0,0x0,0x1b,0x0,0x0,0x0,
0xac,0x0,0x0,0x0,0x0,0x0,0x0,0x0,
0x38,0x0,0x0,0x0,0x0,0x0,0x0,0x0,
0x38,0x0,0x0,0x0,0x0,0x0,0x1,0x0,
0xff,0xff,0xff,0xff,0x7,0x0,0x0,0x0,
0x5b,0x5,0x50,0x1,0x0,0x0,0x0,0x0,
0x0,0x0,0x7,0x0,0x0,0x0,0x0,0x0,
0x0,0x0,0x0,0x0,0x5b,0x5,0x0,0x0,
0x1,0x0,0x0,0x0,0x2f,0x39,0x4,0x0,
0x0,0x3d,0x3a,0x4,0x0,0x0,0x50,0x7,
0x13,0xd8,0x1,0x0,0x0,0x4c,0x5,0x13,
0xd9,0x1,0x0,0x0,0x18,0x6,0x2,0x0,
0x0,0x0,0x0,0x0,0x0,0x0,0x0,0x0,
0x44,0x0,0x0,0x0,0x1b,0x0,0x0,0x0,
0xac,0x0,0x0,0x0,0x0,0x0,0x0,0x0,
0x38,0x0,0x0,0x0,0x0,0x0,0x0,0x0,
0x38,0x0,0x0,0x0,0x0,0x0,0x1,0x0,
0xff,0xff,0xff,0xff,0x7,0x0,0x0,0x0,
0x64,0x5,0x50,0x1,0x0,0x0,0x0,0x0,
0x0,0x0,0x7,0x0,0x0,0x0,0x0,0x0,
0x0,0x0,0x0,0x0,0x64,0x5,0x0,0x0,
0x1,0x0,0x0,0x0,0x2f,0x3b,0x4,0x0,
0x0,0x3d,0x3c,0x4,0x0,0x0,0x50,0x7,
0x13,0xd8,0x1,0x0,0x0,0x4c,0x5,0x13,
0x23,0x1,0x0,0x0,0x18,0x6,0x2,0x0,
0x0,0x0,0x0,0x0,0x0,0x0,0x0,0x0,
0x44,0x0,0x0,0x0,0x8,0x0,0x0,0x0,
0x30,0x0,0x0,0x0,0x0,0x0,0x0,0x0,
0x38,0x0,0x0,0x0,0x0,0x0,0x0,0x0,
0x38,0x0,0x0,0x0,0x0,0x0,0x1,0x0,
0xff,0xff,0xff,0xff,0x7,0x0,0x0,0x0,
0x60,0x5,0x50,0x1,0x0,0x0,0x0,0x0,
0x0,0x0,0x7,0x0,0x0,0x0,0x0,0x0,
0x0,0x0,0x0,0x0,0x60,0x5,0x0,0x0,
0x1,0x0,0x0,0x0,0x2f,0x3d,0x4,0x0,
0x0,0x18,0x6,0x2,0x0,0x0,0x0,0x0,
0x44,0x0,0x0,0x0,0x1b,0x0,0x0,0x0,
0xac,0x0,0x0,0x0,0x0,0x0,0x0,0x0,
0x38,0x0,0x0,0x0,0x0,0x0,0x0,0x0,
0x38,0x0,0x0,0x0,0x0,0x0,0x1,0x0,
0xff,0xff,0xff,0xff,0x7,0x0,0x0,0x0,
0x6f,0x5,0x10,0x1,0x0,0x0,0x0,0x0,
0x0,0x0,0x7,0x0,0x0,0x0,0x0,0x0,
0x0,0x0,0x0,0x0,0x6f,0x5,0x0,0x0,
0x1,0x0,0x0,0x0,0x2f,0x3e,0x4,0x0,
0x0,0x3d,0x3f,0x4,0x0,0x0,0x50,0x7,
0x13,0xd8,0x1,0x0,0x0,0x4c,0x5,0x13,
0xda,0x1,0x0,0x0,0x18,0x6,0x2,0x0,
0x0,0x0,0x0,0x0,0x0,0x0,0x0,0x0,
0x44,0x0,0x0,0x0,0xd,0x0,0x0,0x0,
0x64,0x0,0x0,0x0,0x0,0x0,0x0,0x0,
0x38,0x0,0x0,0x0,0x0,0x0,0x0,0x0,
0x38,0x0,0x0,0x0,0x0,0x0,0x1,0x0,
0xff,0xff,0xff,0xff,0x7,0x0,0x0,0x0,
0x71,0x5,0x10,0x1,0x0,0x0,0x0,0x0,
0x0,0x0,0x7,0x0,0x0,0x0,0x0,0x0,
0x0,0x0,0x0,0x0,0x71,0x5,0x0,0x0,
0x1,0x0,0x0,0x0,0x2f,0x40,0x4,0x0,
0x0,0x3d,0x41,0x4,0x0,0x0,0x18,0x6,
0x2,0x0,0x0,0x0,0x0,0x0,0x0,0x0,
0x44,0x0,0x0,0x0,0x22,0x0,0x0,0x0,
0x24,0x1,0x0,0x0,0x0,0x0,0x0,0x0,
0x38,0x0,0x0,0x0,0x0,0x0,0x0,0x0,
0x38,0x0,0x0,0x0,0x0,0x0,0x1,0x0,
0xff,0xff,0xff,0xff,0xb,0x0,0x0,0x0,
0x88,0x5,0x10,0x1,0x0,0x0,0x0,0x0,
0x0,0x0,0x7,0x0,0x0,0x0,0x0,0x0,
0x0,0x0,0x0,0x0,0x88,0x5,0x0,0x0,
0x1,0x0,0x0,0x0,0x2f,0x42,0x4,0x0,
0x0,0x18,0x7,0x13,0xdb,0x1,0x0,0x0,
0x18,0xa,0xad,0x43,0x4,0x0,0x0,0x7,
0x0,0x0,0x0,0x1,0x0,0x0,0x0,0xa,
0x0,0x0,0x0,0x18,0x6,0x2,0x0,0x0,
0x0,0x0,0x0,0x0,0x0,0x0,0x0,0x0,
0x44,0x0,0x0,0x0,0xa,0x0,0x0,0x0,
0xaf,0x0,0x0,0x0,0x0,0x0,0x0,0x0,
0x38,0x0,0x0,0x0,0x0,0x0,0x0,0x0,
0x38,0x0,0x0,0x0,0x0,0x0,0x1,0x0,
0xff,0xff,0xff,0xff,0x8,0x0,0x0,0x0,
0x89,0x5,0x10,0x1,0x0,0x0,0x0,0x0,
0x0,0x0,0x7,0x0,0x0,0x0,0x0,0x0,
0x0,0x0,0x0,0x0,0x89,0x5,0x0,0x0,
0x1,0x0,0x0,0x0,0x14,0x7b,0x7,0x10,
0x20,0x80,0x7,0x18,0x6,0x2,0x0,0x0,
0x0,0x0,0x0,0x0,0x0,0x0,0x0,0x0,
0x44,0x0,0x0,0x0,0xd,0x0,0x0,0x0,
0x46,0x1,0x0,0x0,0x0,0x0,0x0,0x0,
0x38,0x0,0x0,0x0,0x0,0x0,0x0,0x0,
0x38,0x0,0x0,0x0,0x0,0x0,0x1,0x0,
0xff,0xff,0xff,0xff,0x7,0x0,0x0,0x0,
0x96,0x5,0x10,0x1,0x0,0x0,0x0,0x0,
0x0,0x0,0x7,0x0,0x0,0x0,0x0,0x0,
0x0,0x0,0x0,0x0,0x96,0x5,0x0,0x0,
0x1,0x0,0x0,0x0,0x2f,0x44,0x4,0x0,
0x0,0x3d,0x45,0x4,0x0,0x0,0x18,0x6,
0x2,0x0,0x0,0x0,0x0,0x0,0x0,0x0,
0x50,0x0,0x0,0x0,0x8,0x0,0x0,0x0,
0x48,0x1,0x0,0x0,0x0,0x0,0x0,0x0,
0x38,0x0,0x0,0x0,0x0,0x0,0x0,0x0,
0x38,0x0,0x0,0x0,0x0,0x0,0x2,0x0,
0xb,0x1,0x0,0x0,0x7,0x0,0x0,0x0,
0x99,0x5,0x10,0x1,0x0,0x0,0x0,0x0,
0x0,0x0,0x7,0x0,0x0,0x0,0x8,0x0,
0x0,0x0,0x0,0x0,0x99,0x5,0x0,0x0,
0x1,0x0,0x0,0x0,0x7,0x0,0x0,0x0,
0xa0,0x5,0x0,0x0,0x1,0x0,0x0,0x0,
0x29,0xb,0x1,0x0,0x0,0x18,0x6,0x2,
0x0,0x0,0x0,0x0,0x0,0x0,0x0,0x0,
0x84,0x0,0x0,0x0,0x54,0x0,0x0,0x0,
0x0,0x0,0x0,0x0,0x2,0x0,0x2,0x0,
0x38,0x0,0x0,0x0,0x0,0x0,0x0,0x0,
0x48,0x0,0x0,0x0,0x0,0x0,0x5,0x0,
0xff,0xff,0xff,0xff,0x10,0x0,0x0,0x0,
0x99,0x5,0x40,0x2,0x0,0x0,0x0,0x0,
0x0,0x0,0xa,0x0,0x0,0x0,0x0,0x0,
0xed,0x1,0x0,0x0,0x0,0x0,0x0,0x0,
0xee,0x1,0x0,0x0,0x0,0x0,0x0,0x0,
0x0,0x0,0x0,0x0,0x9a,0x5,0x0,0x0,
0x1,0x0,0x0,0x0,0x8,0x0,0x0,0x0,
0x9a,0x5,0x0,0x0,0x2,0x0,0x0,0x0,
0xa,0x0,0x0,0x0,0x9b,0x5,0x0,0x0,
0x3,0x0,0x0,0x0,0xf,0x0,0x0,0x0,
0x9d,0x5,0x0,0x0,0x4,0x0,0x0,0x0,
0x2f,0x0,0x0,0x0,0x9e,0x5,0x0,0x0,
0x4,0x0,0x0,0x0,0x2f,0x46,0x4,0x0,
0x0,0x74,0x50,0x2,0xc,0x2,0x16,0x6,
0x7e,0x18,0x9,0x2f,0x47,0x4,0x0,0x0,
0x18,0xa,0x1a,0x9,0xd,0x1a,0x7,0xe,
0xad,0x48,0x4,0x0,0x0,0xa,0x0,0x0,
0x0,0x2,0x0,0x0,0x0,0xd,0x0,0x0,
0x0,0x18,0xa,0x2f,0x49,0x4,0x0,0x0,
0x18,0xb,0x1a,0x9,0xe,0x1a,0x7,0xf,
0xad,0x4a,0x4,0x0,0x0,0xb,0x0,0x0,
0x0,0x2,0x0,0x0,0x0,0xe,0x0,0x0,
0x0,0x18,0xb,0xea,0x5,0x2,0xa,0x2,
0x0,0x0,0x0,0x0,0x0,0x0,0x0,0x0,
0x50,0x0,0x0,0x0,0x8,0x0,0x0,0x0,
0x4a,0x1,0x0,0x0,0x0,0x0,0x0,0x0,
0x38,0x0,0x0,0x0,0x0,0x0,0x0,0x0,
0x38,0x0,0x0,0x0,0x0,0x0,0x2,0x0,
0xd,0x1,0x0,0x0,0x7,0x0,0x0,0x0,
0xa5,0x5,0xd0,0x0,0x0,0x0,0x0,0x0,
0x0,0x0,0x7,0x0,0x0,0x0,0x8,0x0,
0x0,0x0,0x0,0x0,0xa5,0x5,0x0,0x0,
0x1,0x0,0x0,0x0,0x7,0x0,0x0,0x0,
0xdb,0x5,0x0,0x0,0x1,0x0,0x0,0x0,
0x29,0xd,0x1,0x0,0x0,0x18,0x6,0x2,
0x0,0x0,0x0,0x0,0x0,0x0,0x0,0x0,
0x4,0x1,0x0,0x0,0xe7,0x0,0x0,0x0,
0x0,0x0,0x0,0x0,0x3,0x0,0x3,0x0,
0x38,0x0,0x0,0x0,0x0,0x0,0x0,0x0,
0x50,0x0,0x0,0x0,0x0,0x0,0xf,0x0,
0xff,0xff,0xff,0xff,0x17,0x0,0x0,0x0,
0xa5,0x5,0xc0,0x1,0x0,0x0,0x0,0x0,
0x0,0x0,0x10,0x0,0x0,0x0,0x0,0x0,
0xed,0x1,0x0,0x0,0x0,0x0,0x0,0x0,
0xee,0x1,0x0,0x0,0x0,0x0,0x0,0x0,
0xef,0x1,0x0,0x0,0x0,0x0,0x0,0x0,
0x0,0x0,0x0,0x0,0xa6,0x5,0x0,0x0,
0x1,0x0,0x0,0x0,0x8,0x0,0x0,0x0,
0xa7,0x5,0x0,0x0,0x3,0x0,0x0,0x0,
0xe,0x0,0x0,0x0,0xaf,0x5,0x0,0x0,
0x4,0x0,0x0,0x0,0x13,0x0,0x0,0x0,
0xb2,0x5,0x0,0x0,0x5,0x0,0x0,0x0,
0x33,0x0,0x0,0x0,0xb3,0x5,0x0,0x0,
0x6,0x0,0x0,0x0,0x53,0x0,0x0,0x0,
0xc0,0x5,0x0,0x0,0x7,0x0,0x0,0x0,
0x59,0x0,0x0,0x0,0xc1,0x5,0x0,0x0,
0x9,0x0,0x0,0x0,0x5f,0x0,0x0,0x0,
0xc8,0x5,0x0,0x0,0xa,0x0,0x0,0x0,
0x7f,0x0,0x0,0x0,0xc9,0x5,0x0,0x0,
0xb,0x0,0x0,0x0,0x87,0x0,0x0,0x0,
0xca,0x5,0x0,0x0,0xd,0x0,0x0,0x0,
0xa7,0x0,0x0,0x0,0xd0,0x5,0x0,0x0,
0xf,0x0,0x0,0x0,0xad,0x0,0x0,0x0,
0xd2,0x5,0x0,0x0,0x12,0x0,0x0,0x0,
0xb3,0x0,0x0,0x0,0xd5,0x5,0x0,0x0,
0x15,0x0,0x0,0x0,0xb9,0x0,0x0,0x0,
0xda,0x5,0x0,0x0,0x16,0x0,0x0,0x0,
0xe4,0x0,0x0,0x0,0xdb,0x5,0x0,0x0,
0x16,0x0,0x0,0x0,0x2f,0x4b,0x4,0x0,
0x0,0x74,0x50,0x6,0x13,0xe0,0x1,0x0,
0x0,0x2,0x16,0x6,0x7e,0x18,0xe,0x2f,
0x4c,0x4,0x0,0x0,0x18,0x10,0x1a,0xe,
0x13,0x1a,0x7,0x14,0xad,0x4d,0x4,0x0,
0x0,0x10,0x0,0x0,0x0,0x2,0x0,0x0,
0x0,0x13,0x0,0x0,0x0,0x18,0xc,0x2f,
0x4e,0x4,0x0,0x0,0x18,0x10,0x1a,0xe,
0x13,0x1a,0x7,0x14,0xad,0x4f,0x4,0x0,
0x0,0x10,0x0,0x0,0x0,0x2,0x0,0x0,
0x0,0x13,0x0,0x0,0x0,0x18,0xf,0x4,
0x41,0x68,0xc,0x50,0x6,0x13,0xe0,0x1,
0x0,0x0,0x2,0x2f,0x50,0x4,0x0,0x0,
0x18,0x10,0x1a,0xf,0x13,0x14,0x7c,0x14,
0xad,0x51,0x4,0x0,0x0,0x10,0x0,0x0,
0x0,0x2,0x0,0x0,0x0,0x13,0x0,0x0,
0x0,0x18,0xd,0x4,0x7d,0x9c,0xd,0x9e,
0xc,0x18,0xb,0x2f,0x52,0x4,0x0,0x0,
0x18,0x10,0x1a,0xb,0x13,0x14,0x3f,0x14,
0xad,0x53,0x4,0x0,0x0,0x10,0x0,0x0,
0x0,0x2,0x0,0x0,0x0,0x13,0x0,0x0,
0x0,0x18,0xb,0x16,0xf,0x66,0xc,0x50,
0x6,0x16,0xb,0x18,0xa,0x4c,0x6,0x4,
0x4b,0x9c,0xb,0x18,0xa,0x2f,0x54,0x4,
0x0,0x0,0x18,0x10,0x14,0x7e,0x13,0x14,
0x7f,0x14,0x15,0x80,0x0,0x0,0x0,0x15,
0x0,0x0,0x0,0x1a,0xa,0x16,0xad,0x55,
0x4,0x0,0x0,0x10,0x0,0x0,0x0,0x4,
0x0,0x0,0x0,0x13,0x0,0x0,0x0,0x2,
0x16,0x9,0x2,0x0,0x0,0x0,0x0,0x0,
0x0,0x0,0x0,0x0,0x0,0x0,0x0,0x0,
0x0,0x0,0x0,0x0,0x0,0x0,0x0,0x0,
0x44,0x0,0x0,0x0,0x7,0x0,0x0,0x0,
0x4c,0x1,0x0,0x0,0x0,0x0,0x0,0x0,
0x38,0x0,0x0,0x0,0x0,0x0,0x0,0x0,
0x38,0x0,0x0,0x0,0x0,0x0,0x1,0x0,
0xff,0xff,0xff,0xff,0x7,0x0,0x0,0x0,
0xdf,0x5,0xd0,0x0,0x0,0x0,0x0,0x0,
0x0,0x0,0x7,0x0,0x0,0x0,0x0,0x0,
0x0,0x0,0x0,0x0,0xdf,0x5,0x0,0x0,
0x1,0x0,0x0,0x0,0xea,0x6,0x0,0x0,
0x18,0x6,0x2,0x0,0x0,0x0,0x0,0x0,
0x24,0x1,0x0,0x0,0xb9,0x0,0x0,0x0,
0x4d,0x1,0x0,0x0,0x0,0x0,0x0,0x0,
0x38,0x0,0x0,0x0,0x0,0x0,0x0,0x0,
0x38,0x0,0x0,0x0,0x0,0x0,0x13,0x0,
0xff,0xff,0xff,0xff,0x15,0x0,0x0,0x0,
0xe1,0x5,0xd0,0x0,0x2,0x0,0x0,0x0,
0x0,0x0,0xe,0x0,0x0,0x0,0x0,0x0,
0x0,0x0,0x0,0x0,0xe2,0x5,0x0,0x0,
0x1,0x0,0x0,0x0,0x8,0x0,0x0,0x0,
0xe3,0x5,0x0,0x0,0x4,0x0,0x0,0x0,
0x11,0x0,0x0,0x0,0xe4,0x5,0x0,0x0,
0x5,0x0,0x0,0x0,0x13,0x0,0x0,0x0,
0xe7,0x5,0x0,0x0,0x6,0x0,0x0,0x0,
0x19,0x0,0x0,0x0,0xe8,0x5,0x0,0x0,
0x7,0x0,0x0,0x0,0x28,0x0,0x0,0x0,
0xe9,0x5,0x0,0x0,0x9,0x0,0x0,0x0,
0x2c,0x0,0x0,0x0,0xea,0x5,0x0,0x0,
0xa,0x0,0x0,0x0,0x30,0x0,0x0,0x0,
0xec,0x5,0x0,0x0,0xb,0x0,0x0,0x0,
0x3c,0x0,0x0,0x0,0xed,0x5,0x0,0x0,
0xd,0x0,0x0,0x0,0x5c,0x0,0x0,0x0,
0xee,0x5,0x0,0x0,0xe,0x0,0x0,0x0,
0x7c,0x0,0x0,0x0,0xf1,0x5,0x0,0x0,
0xf,0x0,0x0,0x0,0x86,0x0,0x0,0x0,
0xf2,0x5,0x0,0x0,0x11,0x0,0x0,0x0,
0x8c,0x0,0x0,0x0,0xf3,0x5,0x0,0x0,
0x14,0x0,0x0,0x0,0x90,0x0,0x0,0x0,
0xf4,0x5,0x0,0x0,0x16,0x0,0x0,0x0,
0x94,0x0,0x0,0x0,0xf7,0x5,0x0,0x0,
0x17,0x0,0x0,0x0,0x9c,0x0,0x0,0x0,
0xf8,0x5,0x0,0x0,0x19,0x0,0x0,0x0,
0xa4,0x0,0x0,0x0,0xf9,0x5,0x0,0x0,
0x1a,0x0,0x0,0x0,0xaf,0x0,0x0,0x0,
0xfa,0x5,0x0,0x0,0x1c,0x0,0x0,0x0,
0xb6,0x0,0x0,0x0,0xfb,0x5,0x0,0x0,
0x1c,0x0,0x0,0x0,0x1c,0x0,0x0,0x0,
0x33,0x0,0x0,0x0,0x2f,0x56,0x4,0x0,
0x0,0x74,0x50,0xb,0xea,0x7,0x0,0x0,
0x31,0x4b,0x1,0x0,0x0,0xe,0x2,0xea,
0x8,0x0,0x0,0x18,0xd,0x6,0x18,0xa,
0x1a,0xa,0xe,0x10,0x6,0x68,0xe,0x51,
0x87,0x0,0x0,0x0,0x10,0xff,0x18,0x9,
0x10,0xff,0x18,0xc,0x6,0x18,0x7,0x1a,
0x7,0xf,0x10,0x18,0x6a,0xf,0x50,0x60,
0x2f,0x57,0x4,0x0,0x0,0x18,0x10,0x1a,
0xa,0x13,0x1a,0x7,0x14,0xad,0x58,0x4,
0x0,0x0,0x10,0x0,0x0,0x0,0x2,0x0,
0x0,0x0,0x13,0x0,0x0,0x0,0x18,0x8,
0x2f,0x59,0x4,0x0,0x0,0x18,0x10,0x1a,
0xa,0x13,0x1a,0x7,0x14,0xad,0x5a,0x4,
0x0,0x0,0x10,0x0,0x0,0x0,0x2,0x0,
0x0,0x0,0x13,0x0,0x0,0x0,0x18,0xb,
0x66,0x8,0x50,0x14,0x4,0x41,0x64,0xb,
0x50,0xe,0x16,0x9,0x64,0x8,0x50,0x8,
0x16,0x8,0x18,0x9,0x16,0x7,0x18,0xc,
0x16,0x7,0x7c,0x18,0x7,0x56,0x4c,0x97,
0x1a,0xd,0xf,0x16,0xc,0x36,0xf,0xa,
0x16,0xa,0x7c,0x18,0xa,0x56,0x4d,0x6d,
0xff,0xff,0xff,0x16,0xd,0x31,0x4b,0x1,
0x0,0x0,0x16,0x6,0x2,0x0,0x0,0x0,
0x0,0x0,0x0,0x0,0x0,0x0,0x0,0x0,
0x0,0x0,0x0,0x0,0x0,0x0,0x0,0x0,
0x50,0x0,0x0,0x0,0x8,0x0,0x0,0x0,
0x4f,0x1,0x0,0x0,0x0,0x0,0x0,0x0,
0x38,0x0,0x0,0x0,0x0,0x0,0x0,0x0,
0x38,0x0,0x0,0x0,0x0,0x0,0x2,0x0,
0x11,0x1,0x0,0x0,0x7,0x0,0x0,0x0,
0xfe,0x5,0xd0,0x0,0x0,0x0,0x0,0x0,
0x0,0x0,0x7,0x0,0x0,0x0,0x8,0x0,
0x0,0x0,0x0,0x0,0xfe,0x5,0x0,0x0,
0x1,0x0,0x0,0x0,0x7,0x0,0x0,0x0,
0xa,0x6,0x0,0x0,0x1,0x0,0x0,0x0,
0x29,0x11,0x1,0x0,0x0,0x18,0x6,0x2,
0x0,0x0,0x0,0x0,0x0,0x0,0x0,0x0,
0xa4,0x0,0x0,0x0,0x53,0x0,0x0,0x0,
0x0,0x0,0x0,0x0,0x3,0x0,0x3,0x0,
0x38,0x0,0x0,0x0,0x0,0x0,0x0,0x0,
0x50,0x0,0x0,0x0,0x0,0x0,0x7,0x0,
0xff,0xff,0xff,0xff,0xf,0x0,0x0,0x0,
0xfe,0x5,0xd0,0x1,0x0,0x0,0x0,0x0,
0x0,0x0,0xb,0x0,0x0,0x0,0x0,0x0,
0xed,0x1,0x0,0x0,0x0,0x0,0x0,0x0,
0xee,0x1,0x0,0x0,0x0,0x0,0x0,0x0,
0xef,0x1,0x0,0x0,0x0,0x0,0x0,0x0,
0x0,0x0,0x0,0x0,0xff,0x5,0x0,0x0,
0x1,0x0,0x0,0x0,0x8,0x0,0x0,0x0,
0x0,0x6,0x0,0x0,0x3,0x0,0x0,0x0,
0x18,0x0,0x0,0x0,0x3,0x6,0x0,0x0,
0x4,0x0,0x0,0x0,0x1d,0x0,0x0,0x0,
0x6,0x6,0x0,0x0,0x5,0x0,0x0,0x0,
0x30,0x0,0x0,0x0,0x7,0x6,0x0,0x0,
0x7,0x0,0x0,0x0,0x40,0x0,0x0,0x0,
0x9,0x6,0x0,0x0,0x8,0x0,0x0,0x0,
0x50,0x0,0x0,0x0,0xa,0x6,0x0,0x0,
0x8,0x0,0x0,0x0,0x2f,0x5b,0x4,0x0,
0x0,0x74,0x50,0x10,0x13,0xd9,0x1,0x0,
0x0,0x18,0xb,0x4,0x4b,0x18,0xc,0xea,
0x9,0x2,0xb,0x2,0x16,0x6,0x7e,0x18,
0xa,0x2f,0x5c,0x4,0x0,0x0,0x18,0xb,
0x16,0xa,0x34,0xb,0x18,0xc,0x16,0x7,
0x6c,0xc,0x50,0x10,0x13,0xd8,0x1,0x0,
0x0,0x18,0xd,0x10,0x3,0x18,0xe,0xea,
0xa,0x2,0xd,0x2,0x13,0xd9,0x1,0x0,
0x0,0x18,0xb,0x4,0x4b,0x18,0xc,0xea,
0xb,0x2,0xb,0x2,0x16,0x9,0x2,0x0,
0x0,0x0,0x0,0x0,0x0,0x0,0x0,0x0,
0x0,0x0,0x0,0x0,0x0,0x0,0x0,0x0,
0x5c,0x0,0x0,0x0,0xc,0x0,0x0,0x0,
0x51,0x1,0x0,0x0,0x0,0x0,0x0,0x0,
0x38,0x0,0x0,0x0,0x0,0x0,0x0,0x0,
0x38,0x0,0x0,0x0,0x0,0x0,0x3,0x0,
0x13,0x1,0x0,0x0,0x7,0x0,0x0,0x0,
0xc,0x6,0xd0,0x0,0x0,0x0,0x0,0x0,
0x0,0x0,0x7,0x0,0x0,0x0,0x8,0x0,
0x0,0x0,0x0,0x0,0xc,0x6,0x0,0x0,
0x0,0x0,0x0,0x0,0x1,0x0,0x0,0x0,
0xc,0x6,0x0,0x0,0x1,0x0,0x0,0x0,
0x8,0x0,0x0,0x0,0xe,0x6,0x0,0x0,
0x1,0x0,0x0,0x0,0xca,0x29,0x13,0x1,
0x0,0x0,0x18,0x6,0xd4,0x16,0x6,0x2,
0x0,0x0,0x0,0x0,0x0,0x0,0x0,0x0,
0x6c,0x0,0x0,0x0,0x2,0x0,0x0,0x0,
0x0,0x0,0x0,0x0,0x5,0x0,0x5,0x0,
0x38,0x0,0x0,0x0,0x0,0x0,0x0,0x0,
0x60,0x0,0x0,0x0,0x0,0x0,0x1,0x0,
0xff,0xff,0xff,0xff,0xc,0x0,0x0,0x0,
0xc,0x6,0xc0,0x1,0x0,0x0,0x0,0x0,
0x0,0x0,0xc,0x0,0x0,0x0,0x2,0x0,
0xef,0x1,0x0,0x0,0x0,0x0,0x0,0x0,
0xf0,0x1,0x0,0x0,0x0,0x0,0x0,0x0,
0xf1,0x1,0x0,0x0,0x0,0x0,0x0,0x0,
0x81,0x0,0x0,0x0,0x0,0x0,0x0,0x0,
0x7f,0x0,0x0,0x0,0x0,0x0,0x0,0x0,
0x0,0x0,0x0,0x0,0xe,0x6,0x0,0x0,
0x0,0x0,0x0,0x0,0xe,0x2,0x0,0x0,
0x0,0x0,0x0,0x0,0x0,0x0,0x0,0x0,
0x44,0x0,0x0,0x0,0x8,0x0,0x0,0x0,
0x19,0x0,0x0,0x0,0x0,0x0,0x0,0x0,
0x38,0x0,0x0,0x0,0x0,0x0,0x0,0x0,
0x38,0x0,0x0,0x0,0x0,0x0,0x1,0x0,
0xff,0xff,0xff,0xff,0x7,0x0,0x0,0x0,
0x93,0x5,0x10,0x1,0x0,0x0,0x0,0x0,
0x0,0x0,0x7,0x0,0x0,0x0,0x0,0x0,
0x0,0x0,0x0,0x0,0x93,0x5,0x0,0x0,
0x1,0x0,0x0,0x0,0x2f,0x5d,0x4,0x0,
0x0,0x18,0x6,0x2,0x0,0x0,0x0,0x0,
0x44,0x0,0x0,0x0,0x8,0x0,0x0,0x0,
0x2a,0x1,0x0,0x0,0x0,0x0,0x0,0x0,
0x38,0x0,0x0,0x0,0x0,0x0,0x0,0x0,
0x38,0x0,0x0,0x0,0x0,0x0,0x1,0x0,
0xff,0xff,0xff,0xff,0x7,0x0,0x0,0x0,
0x12,0x6,0x10,0x1,0x0,0x0,0x0,0x0,
0x0,0x0,0x7,0x0,0x0,0x0,0x0,0x0,
0x0,0x0,0x0,0x0,0x12,0x6,0x0,0x0,
0x1,0x0,0x0,0x0,0x2f,0x5e,0x4,0x0,
0x0,0x18,0x6,0x2,0x0,0x0,0x0,0x0,
0xb0,0x1,0x0,0x0,0xe7,0x2,0x0,0x0,
0x52,0x1,0x0,0x0,0x0,0x0,0x0,0x0,
0x38,0x0,0x0,0x0,0x0,0x0,0x0,0x0,
0x38,0x0,0x0,0x0,0x0,0x0,0x1e,0x0,
0xff,0xff,0xff,0xff,0x24,0x0,0x0,0x0,
0x13,0x6,0x10,0x1,0x4,0x0,0x0,0x0,
0x0,0x0,0x14,0x0,0x0,0x0,0x0,0x0,
0x0,0x0,0x0,0x0,0x15,0x6,0x0,0x0,
0x2,0x0,0x0,0x0,0x18,0x0,0x0,0x0,
0x18,0x6,0x0,0x0,0x4,0x0,0x0,0x0,
0x2e,0x0,0x0,0x0,0x1b,0x6,0x0,0x0,
0x5,0x0,0x0,0x0,0x33,0x0,0x0,0x0,
0x1c,0x6,0x0,0x0,0x6,0x0,0x0,0x0,
0x42,0x0,0x0,0x0,0x1d,0x6,0x0,0x0,
0x8,0x0,0x0,0x0,0x51,0x0,0x0,0x0,
0x1e,0x6,0x0,0x0,0xa,0x0,0x0,0x0,
0x71,0x0,0x0,0x0,0x1f,0x6,0x0,0x0,
0xb,0x0,0x0,0x0,0x91,0x0,0x0,0x0,
0x21,0x6,0x0,0x0,0xc,0x0,0x0,0x0,
0xaf,0x0,0x0,0x0,0x22,0x6,0x0,0x0,
0xf,0x0,0x0,0x0,0xfd,0x0,0x0,0x0,
0x24,0x6,0x0,0x0,0x10,0x0,0x0,0x0,
0x8,0x1,0x0,0x0,0x25,0x6,0x0,0x0,
0x11,0x0,0x0,0x0,0x13,0x1,0x0,0x0,
0x26,0x6,0x0,0x0,0x12,0x0,0x0,0x0,
0x30,0x1,0x0,0x0,0x27,0x6,0x0,0x0,
0x15,0x0,0x0,0x0,0x6b,0x1,0x0,0x0,
0x2b,0x6,0x0,0x0,0x16,0x0,0x0,0x0,
0x84,0x1,0x0,0x0,0x2c,0x6,0x0,0x0,
0x19,0x0,0x0,0x0,0x9c,0x1,0x0,0x0,
0x2e,0x6,0x0,0x0,0x1a,0x0,0x0,0x0,
0xab,0x1,0x0,0x0,0x2f,0x6,0x0,0x0,
0x1c,0x0,0x0,0x0,0xba,0x1,0x0,0x0,
0x30,0x6,0x0,0x0,0x1e,0x0,0x0,0x0,
0xda,0x1,0x0,0x0,0x31,0x6,0x0,0x0,
0x1f,0x0,0x0,0x0,0xfa,0x1,0x0,0x0,
0x34,0x6,0x0,0x0,0x20,0x0,0x0,0x0,
0x6,0x2,0x0,0x0,0x35,0x6,0x0,0x0,
0x22,0x0,0x0,0x0,0x26,0x2,0x0,0x0,
0x36,0x6,0x0,0x0,0x23,0x0,0x0,0x0,
0x51,0x2,0x0,0x0,0x37,0x6,0x0,0x0,
0x24,0x0,0x0,0x0,0x61,0x2,0x0,0x0,
0x38,0x6,0x0,0x0,0x25,0x0,0x0,0x0,
0x6d,0x2,0x0,0x0,0x39,0x6,0x0,0x0,
0x27,0x0,0x0,0x0,0x9a,0x2,0x0,0x0,
0x3b,0x6,0x0,0x0,0x28,0x0,0x0,0x0,
0xa5,0x2,0x0,0x0,0x3c,0x6,0x0,0x0,
0x29,0x0,0x0,0x0,0xb0,0x2,0x0,0x0,
0x3d,0x6,0x0,0x0,0x2b,0x0,0x0,0x0,
0xc8,0x2,0x0,0x0,0x41,0x6,0x0,0x0,
0x2d,0x0,0x0,0x0,0xe5,0x2,0x0,0x0,
0x42,0x6,0x0,0x0,0x2d,0x0,0x0,0x0,
0x36,0x0,0x0,0x0,0x45,0x0,0x0,0x0,
0x9f,0x1,0x0,0x0,0xae,0x1,0x0,0x0,
0x2f,0x5f,0x4,0x0,0x0,0x18,0x14,0xad,
0x60,0x4,0x0,0x0,0x14,0x0,0x0,0x0,
0x0,0x0,0x0,0x0,0x0,0x0,0x0,0x0,
0x2f,0x61,0x4,0x0,0x0,0x18,0x14,0x3d,
0x62,0x4,0x0,0x0,0x7c,0x43,0x63,0x4,
0x0,0x0,0x14,0x0,0x0,0x0,0xe8,0x0,
0x0,0x18,0xe,0x6,0x18,0xf,0x1a,0xf,
0x14,0x10,0x6,0x68,0x14,0x51,0xd1,0x0,
0x0,0x0,0x6,0x18,0x8,0x1a,0x8,0x15,
0x10,0x18,0x6a,0x15,0x51,0xb7,0x0,0x0,
0x0,0x2f,0x64,0x4,0x0,0x0,0x18,0x16,
0x1a,0xf,0x19,0x1a,0x8,0x1a,0xad,0x65,
0x4,0x0,0x0,0x16,0x0,0x0,0x0,0x2,
0x0,0x0,0x0,0x19,0x0,0x0,0x0,0x18,
0xd,0x2f,0x66,0x4,0x0,0x0,0x18,0x16,
0x1a,0xf,0x19,0x1a,0x8,0x1a,0xad,0x67,
0x4,0x0,0x0,0x16,0x0,0x0,0x0,0x2,
0x0,0x0,0x0,0x19,0x0,0x0,0x0,0x18,
0x13,0x1a,0xd,0x16,0x16,0x13,0x68,0x16,
0x50,0x63,0x1a,0xd,0x17,0x4,0x41,0x64,
0x17,0x50,0x5a,0x1a,0xd,0x18,0x5,0x81,
0x0,0x0,0x0,0x68,0x18,0x50,0x4e,0x13,
0x93,0x1,0x0,0x0,0x18,0x1c,0x16,0xf,
0x80,0x1c,0x18,0x1d,0x13,0xe3,0x1,0x0,
0x0,0x80,0x1d,0x18,0x1e,0x16,0x8,0x80,
0x1e,0x18,0x1f,0x13,0xe4,0x1,0x0,0x0,
0x80,0x1f,0x18,0x20,0x14,0x74,0x23,0xad,
0x68,0x4,0x0,0x0,0xd,0x0,0x0,0x0,
0x1,0x0,0x0,0x0,0x23,0x0,0x0,0x0,
0x80,0x20,0x18,0x1b,0xad,0x69,0x4,0x0,
0x0,0xe,0x0,0x0,0x0,0x1,0x0,0x0,
0x0,0x1b,0x0,0x0,0x0,0x16,0x8,0x7c,
0x18,0x8,0x56,0x4d,0x3d,0xff,0xff,0xff,
0x16,0xf,0x7c,0x18,0xf,0x56,0x4d,0x23,
0xff,0xff,0xff,0x16,0xe,0x3d,0x6a,0x4,
0x0,0x0,0x18,0x14,0x6,0x64,0x14,0x50,
0x4a,0x16,0xe,0x3d,0x6b,0x4,0x0,0x0,
0x18,0x15,0x10,0x14,0x68,0x15,0x50,0x3b,
0x2f,0x6c,0x4,0x0,0x0,0x18,0x16,0x13,
0xe5,0x1,0x0,0x0,0x18,0x1a,0x13,0xe7,
0x1,0x0,0x0,0x18,0x1d,0xad,0x6d,0x4,
0x0,0x0,0xe,0x0,0x0,0x0,0x1,0x0,
0x0,0x0,0x1d,0x0,0x0,0x0,0x80,0x1a,
0x18,0x19,0xad,0x6e,0x4,0x0,0x0,0x16,
0x0,0x0,0x0,0x1,0x0,0x0,0x0,0x19,
0x0,0x0,0x0,0x2f,0x6f,0x4,0x0,0x0,
0x3d,0x70,0x4,0x0,0x0,0x51,0x4e,0x1,
0x0,0x0,0x2f,0x71,0x4,0x0,0x0,0x51,
0x44,0x1,0x0,0x0,0x2f,0x72,0x4,0x0,
0x0,0x18,0x14,0xad,0x73,0x4,0x0,0x0,
0x14,0x0,0x0,0x0,0x0,0x0,0x0,0x0,
0x0,0x0,0x0,0x0,0x6,0x18,0x10,0x1a,
0x10,0x14,0x10,0x6,0x68,0x14,0x51,0x5,
0x1,0x0,0x0,0x6,0x18,0x9,0x1a,0x9,
0x15,0x10,0x18,0x6a,0x15,0x51,0xeb,0x0,
0x0,0x0,0x2f,0x74,0x4,0x0,0x0,0x18,
0x16,0x1a,0x10,0x19,0x1a,0x9,0x1a,0xad,
0x75,0x4,0x0,0x0,0x16,0x0,0x0,0x0,
0x2,0x0,0x0,0x0,0x19,0x0,0x0,0x0,
0x18,0xc,0x2f,0x76,0x4,0x0,0x0,0x18,
0x16,0x1a,0x10,0x19,0x1a,0x9,0x1a,0xad,
0x77,0x4,0x0,0x0,0x16,0x0,0x0,0x0,
0x2,0x0,0x0,0x0,0x19,0x0,0x0,0x0,
0x18,0x12,0x1a,0xc,0x16,0x4,0x41,0x66,
0x16,0x51,0x94,0x0,0x0,0x0,0x2f,0x78,
0x4,0x0,0x0,0x18,0x17,0x1a,0x12,0x1a,
0x14,0x7c,0x1b,0xad,0x79,0x4,0x0,0x0,
0x17,0x0,0x0,0x0,0x2,0x0,0x0,0x0,
0x1a,0x0,0x0,0x0,0x18,0x11,0x2f,0x7a,
0x4,0x0,0x0,0x18,0x17,0x1a,0xc,0x1c,
0x1a,0x11,0x1d,0x4,0x7d,0x9c,0x1d,0x9e,
0x1c,0x18,0x1a,0x14,0x3f,0x1b,0xad,0x7b,
0x4,0x0,0x0,0x17,0x0,0x0,0x0,0x2,
0x0,0x0,0x0,0x1a,0x0,0x0,0x0,0x18,
0xa,0x16,0x12,0x66,0xc,0x50,0x4,0x16,
0xa,0x4c,0x4,0x4,0x4b,0x9c,0xa,0x18,
0x7,0x16,0x12,0x66,0xc,0x50,0x4,0x4,
0x41,0x64,0x12,0x18,0xb,0x2f,0x7c,0x4,
0x0,0x0,0x18,0x17,0x1a,0x10,0x1a,0x1a,
0x9,0x1b,0x1a,0xc,0x1c,0x1a,0x12,0x1d,
0x1a,0xa,0x1e,0x1a,0x7,0x1f,0x1a,0xb,
0x20,0xad,0x7d,0x4,0x0,0x0,0x17,0x0,
0x0,0x0,0x7,0x0,0x0,0x0,0x1a,0x0,
0x0,0x0,0x16,0x9,0x7c,0x18,0x9,0x56,
0x4d,0x9,0xff,0xff,0xff,0x16,0x10,0x7c,
0x18,0x10,0x56,0x4d,0xef,0xfe,0xff,0xff,
0x2f,0x7e,0x4,0x0,0x0,0x18,0x14,0xad,
0x7f,0x4,0x0,0x0,0x14,0x0,0x0,0x0,
0x0,0x0,0x0,0x0,0x0,0x0,0x0,0x0,
0x2f,0x80,0x4,0x0,0x0,0x3d,0x81,0x4,
0x0,0x0,0x18,0x14,0xad,0x82,0x4,0x0,
0x0,0x14,0x0,0x0,0x0,0x0,0x0,0x0,
0x0,0x0,0x0,0x0,0x0,0xe,0x2,0x0,
0x0,0x0,0x0,0x0,0x0,0x0,0x0,0x0,
0x0,0x0,0x0,0x0,0x0,0x0,0x0,0x0,
0x0,0x0,0x0,0x0,0x10,0x0,0x0,0x0,
0x0,0x0,0x0,0x0,0x0,0x0,0x0,0x0,
0x0,0x0,0x0,0x0,0x10,0x0,0x0,0x0,
0x0,0x0,0x0,0x0,0x0,0x0,0x0,0x0,
0x0,0x0,0x0,0x0,0x10,0x0,0x0,0x0,
0x0,0x0,0x0,0x0,0x0,0x0,0x0,0x0,
0x0,0x0,0x0,0x0,0x10,0x0,0x0,0x0,
0x0,0x0,0x0,0x0,0x0,0x0,0x0,0x0,
0x0,0x0,0x0,0x0,0x10,0x0,0x0,0x0,
0x0,0x0,0x0,0x0,0x0,0x0,0x0,0x0,
0x0,0x0,0x0,0x0,0x10,0x0,0x0,0x0,
0x0,0x0,0x0,0x0,0x0,0x0,0x0,0x0,
0x0,0x0,0x0,0x0,0x10,0x0,0x0,0x0,
0x0,0x0,0x0,0x0,0x0,0x0,0x0,0x0,
0x0,0x0,0x0,0x0,0x10,0x0,0x0,0x0,
0x0,0x0,0x0,0x0,0x0,0x0,0x0,0x0,
0x0,0x0,0x0,0x0,0x10,0x0,0x0,0x0,
0x0,0x0,0x0,0x0,0x0,0x0,0x0,0x0,
0x0,0x0,0x0,0x0,0x10,0x0,0x0,0x0,
0x0,0x0,0x0,0x0,0x0,0x0,0x0,0x0,
0x0,0x0,0x0,0x0,0x10,0x0,0x0,0x0,
0x0,0x0,0x0,0x0,0x0,0x0,0x0,0x0,
0x0,0x0,0x0,0x0,0x10,0x0,0x0,0x0,
0x0,0x0,0x0,0x0,0x0,0x0,0x0,0x0,
0x0,0x0,0x0,0x0,0x10,0x0,0x0,0x0,
0x0,0x0,0x0,0x0,0x0,0x0,0x0,0x0,
0x0,0x0,0x0,0x0,0x10,0x0,0x0,0x0,
0x0,0x0,0x0,0x0,0x0,0x0,0x0,0x0,
0x1,0x0,0x0,0x0,0x10,0x0,0x0,0x0,
0x0,0x0,0x0,0x0,0x0,0x0,0x0,0x0,
0xec,0x1,0x0,0x0,0x0,0x0,0x0,0x0,
0x0,0x0,0x0,0x0,0x10,0x0,0x0,0x0,
0x0,0x0,0x0,0x0,0x0,0x0,0x0,0x0,
0x0,0x0,0x0,0x0,0x10,0x0,0x0,0x0,
0x0,0x0,0x0,0x0,0x0,0x0,0x0,0x0,
0x0,0x0,0x0,0x0,0x10,0x0,0x0,0x0,
0x0,0x0,0x0,0x0,0x0,0x0,0x0,0x0,
0x0,0x0,0x0,0x0,0x10,0x0,0x0,0x0,
0x0,0x0,0x0,0x0,0x0,0x0,0x0,0x0,
0x0,0x0,0x0,0x0,0x10,0x0,0x0,0x0,
0x0,0x0,0x0,0x0,0x0,0x0,0x0,0x0,
0x0,0x0,0x0,0x0,0x10,0x0,0x0,0x0,
0x0,0x0,0x0,0x0,0x0,0x0,0x0,0x0,
0x78,0xc2,0x0,0x0,0x80,0xc2,0x0,0x0,
0x98,0xc2,0x0,0x0,0xc0,0xc2,0x0,0x0,
0xe8,0xc2,0x0,0x0,0x8,0xc3,0x0,0x0,
0x18,0xc3,0x0,0x0,0x28,0xc3,0x0,0x0,
0x48,0xc3,0x0,0x0,0x70,0xc3,0x0,0x0,
0x98,0xc3,0x0,0x0,0xd0,0xc3,0x0,0x0,
0x0,0xc4,0x0,0x0,0x18,0xc4,0x0,0x0,
0x48,0xc4,0x0,0x0,0x78,0xc4,0x0,0x0,
0x98,0xc4,0x0,0x0,0xd8,0xc4,0x0,0x0,
0x8,0xc5,0x0,0x0,0x20,0xc5,0x0,0x0,
0x40,0xc5,0x0,0x0,0x60,0xc5,0x0,0x0,
0xa0,0xc5,0x0,0x0,0xb8,0xc5,0x0,0x0,
0xd0,0xc5,0x0,0x0,0xe0,0xc5,0x0,0x0,
0x10,0xc6,0x0,0x0,0x20,0xc6,0x0,0x0,
0x38,0xc6,0x0,0x0,0x40,0xc6,0x0,0x0,
0x70,0xc6,0x0,0x0,0x88,0xc6,0x0,0x0,
0xa0,0xc6,0x0,0x0,0xb0,0xc6,0x0,0x0,
0xd8,0xc6,0x0,0x0,0x8,0xc7,0x0,0x0,
0x18,0xc7,0x0,0x0,0x40,0xc7,0x0,0x0,
0x50,0xc7,0x0,0x0,0x88,0xc7,0x0,0x0,
0x98,0xc7,0x0,0x0,0xc8,0xc7,0x0,0x0,
0xf0,0xc7,0x0,0x0,0x8,0xc8,0x0,0x0,
0x18,0xc8,0x0,0x0,0x48,0xc8,0x0,0x0,
0x60,0xc8,0x0,0x0,0x90,0xc8,0x0,0x0,
0xa8,0xc8,0x0,0x0,0xe0,0xc8,0x0,0x0,
0x8,0xc9,0x0,0x0,0x50,0xc9,0x0,0x0,
0x60,0xc9,0x0,0x0,0x90,0xc9,0x0,0x0,
0xa0,0xc9,0x0,0x0,0xc8,0xc9,0x0,0x0,
0xe0,0xc9,0x0,0x0,0x18,0xca,0x0,0x0,
0x30,0xca,0x0,0x0,0x68,0xca,0x0,0x0,
0x90,0xca,0x0,0x0,0xe0,0xca,0x0,0x0,
0xf0,0xca,0x0,0x0,0x20,0xcb,0x0,0x0,
0x40,0xcb,0x0,0x0,0x50,0xcb,0x0,0x0,
0x80,0xcb,0x0,0x0,0x98,0xcb,0x0,0x0,
0xb0,0xcb,0x0,0x0,0xc8,0xcb,0x0,0x0,
0xe0,0xcb,0x0,0x0,0x20,0xcc,0x0,0x0,
0x30,0xcc,0x0,0x0,0x60,0xcc,0x0,0x0,
0x78,0xcc,0x0,0x0,0xa8,0xcc,0x0,0x0,
0xc8,0xcc,0x0,0x0,0xe0,0xcc,0x0,0x0,
0x0,0xcd,0x0,0x0,0x40,0xcd,0x0,0x0,
0x60,0xcd,0x0,0x0,0xa8,0xcd,0x0,0x0,
0xc8,0xcd,0x0,0x0,0xe8,0xcd,0x0,0x0,
0x10,0xce,0x0,0x0,0x30,0xce,0x0,0x0,
0x58,0xce,0x0,0x0,0x80,0xce,0x0,0x0,
0xc0,0xce,0x0,0x0,0x18,0xcf,0x0,0x0,
0x48,0xcf,0x0,0x0,0x98,0xcf,0x0,0x0,
0xc8,0xcf,0x0,0x0,0xf8,0xcf,0x0,0x0,
0x20,0xd0,0x0,0x0,0x40,0xd0,0x0,0x0,
0x68,0xd0,0x0,0x0,0xa8,0xd0,0x0,0x0,
0xd0,0xd0,0x0,0x0,0x18,0xd1,0x0,0x0,
0x40,0xd1,0x0,0x0,0x80,0xd1,0x0,0x0,
0xb0,0xd1,0x0,0x0,0xf8,0xd1,0x0,0x0,
0x20,0xd2,0x0,0x0,0x68,0xd2,0x0,0x0,
0xa0,0xd2,0x0,0x0,0xf8,0xd2,0x0,0x0,
0x30,0xd3,0x0,0x0,0x88,0xd3,0x0,0x0,
0xb0,0xd3,0x0,0x0,0xd0,0xd3,0x0,0x0,
0xf0,0xd3,0x0,0x0,0x10,0xd4,0x0,0x0,
0x38,0xd4,0x0,0x0,0x80,0xd4,0x0,0x0,
0x98,0xd4,0x0,0x0,0xb8,0xd4,0x0,0x0,
0xc8,0xd4,0x0,0x0,0xf8,0xd4,0x0,0x0,
0x10,0xd5,0x0,0x0,0x28,0xd5,0x0,0x0,
0x40,0xd5,0x0,0x0,0x60,0xd5,0x0,0x0,
0xa0,0xd5,0x0,0x0,0xc0,0xd5,0x0,0x0,
0xe0,0xd5,0x0,0x0,0x8,0xd6,0x0,0x0,
0x10,0xd6,0x0,0x0,0x30,0xd6,0x0,0x0,
0x38,0xd6,0x0,0x0,0x60,0xd6,0x0,0x0,
0x80,0xd6,0x0,0x0,0x98,0xd6,0x0,0x0,
0xc0,0xd6,0x0,0x0,0xf0,0xd6,0x0,0x0,
0x18,0xd7,0x0,0x0,0x30,0xd7,0x0,0x0,
0x60,0xd7,0x0,0x0,0x98,0xd7,0x0,0x0,
0xb0,0xd7,0x0,0x0,0xd8,0xd7,0x0,0x0,
0x0,0xd8,0x0,0x0,0x20,0xd8,0x0,0x0,
0x40,0xd8,0x0,0x0,0x68,0xd8,0x0,0x0,
0x98,0xd8,0x0,0x0,0xb0,0xd8,0x0,0x0,
0xe8,0xd8,0x0,0x0,0x10,0xd9,0x0,0x0,
0x20,0xd9,0x0,0x0,0x50,0xd9,0x0,0x0,
0x70,0xd9,0x0,0x0,0xa8,0xd9,0x0,0x0,
0x0,0xda,0x0,0x0,0x20,0xda,0x0,0x0,
0x38,0xda,0x0,0x0,0x90,0xda,0x0,0x0,
0xc8,0xda,0x0,0x0,0xf8,0xda,0x0,0x0,
0x18,0xdb,0x0,0x0,0x70,0xdb,0x0,0x0,
0xa8,0xdb,0x0,0x0,0x10,0xdc,0x0,0x0,
0x30,0xdc,0x0,0x0,0x80,0xdc,0x0,0x0,
0xa0,0xdc,0x0,0x0,0xf0,0xdc,0x0,0x0,
0x8,0xdd,0x0,0x0,0x30,0xdd,0x0,0x0,
0x40,0xdd,0x0,0x0,0x70,0xdd,0x0,0x0,
0x88,0xdd,0x0,0x0,0xb8,0xdd,0x0,0x0,
0xd0,0xdd,0x0,0x0,0xe8,0xdd,0x0,0x0,
0x10,0xde,0x0,0x0,0x38,0xde,0x0,0x0,
0x50,0xde,0x0,0x0,0x88,0xde,0x0,0x0,
0xa0,0xde,0x0,0x0,0xc8,0xde,0x0,0x0,
0xe0,0xde,0x0,0x0,0xf8,0xde,0x0,0x0,
0x8,0xdf,0x0,0x0,0x38,0xdf,0x0,0x0,
0x50,0xdf,0x0,0x0,0x70,0xdf,0x0,0x0,
0x88,0xdf,0x0,0x0,0xa0,0xdf,0x0,0x0,
0xe0,0xdf,0x0,0x0,0xf0,0xdf,0x0,0x0,
0x8,0xe0,0x0,0x0,0x20,0xe0,0x0,0x0,
0x30,0xe0,0x0,0x0,0x48,0xe0,0x0,0x0,
0x58,0xe0,0x0,0x0,0x88,0xe0,0x0,0x0,
0xa0,0xe0,0x0,0x0,0xb8,0xe0,0x0,0x0,
0xd8,0xe0,0x0,0x0,0x0,0xe1,0x0,0x0,
0x48,0xe1,0x0,0x0,0x70,0xe1,0x0,0x0,
0xb8,0xe1,0x0,0x0,0xd0,0xe1,0x0,0x0,
0x8,0xe2,0x0,0x0,0x20,0xe2,0x0,0x0,
0x58,0xe2,0x0,0x0,0x88,0xe2,0x0,0x0,
0xb8,0xe2,0x0,0x0,0xd8,0xe2,0x0,0x0,
0xf8,0xe2,0x0,0x0,0x38,0xe3,0x0,0x0,
0x58,0xe3,0x0,0x0,0x98,0xe3,0x0,0x0,
0xb8,0xe3,0x0,0x0,0xc8,0xe3,0x0,0x0,
0xe0,0xe3,0x0,0x0,0xf8,0xe3,0x0,0x0,
0x10,0xe4,0x0,0x0,0x20,0xe4,0x0,0x0,
0x50,0xe4,0x0,0x0,0x70,0xe4,0x0,0x0,
0xb0,0xe4,0x0,0x0,0xc8,0xe4,0x0,0x0,
0xe0,0xe4,0x0,0x0,0x8,0xe5,0x0,0x0,
0x48,0xe5,0x0,0x0,0x68,0xe5,0x0,0x0,
0xa8,0xe5,0x0,0x0,0xb8,0xe5,0x0,0x0,
0xd0,0xe5,0x0,0x0,0xe8,0xe5,0x0,0x0,
0x0,0xe6,0x0,0x0,0x18,0xe6,0x0,0x0,
0x30,0xe6,0x0,0x0,0x60,0xe6,0x0,0x0,
0x78,0xe6,0x0,0x0,0xb0,0xe6,0x0,0x0,
0xc8,0xe6,0x0,0x0,0x0,0xe7,0x0,0x0,
0x20,0xe7,0x0,0x0,0x40,0xe7,0x0,0x0,
0x80,0xe7,0x0,0x0,0xa0,0xe7,0x0,0x0,
0xc8,0xe7,0x0,0x0,0xf8,0xe7,0x0,0x0,
0x20,0xe8,0x0,0x0,0x38,0xe8,0x0,0x0,
0x50,0xe8,0x0,0x0,0x78,0xe8,0x0,0x0,
0xc0,0xe8,0x0,0x0,0xe8,0xe8,0x0,0x0,
0x0,0xe9,0x0,0x0,0x18,0xe9,0x0,0x0,
0x48,0xe9,0x0,0x0,0x98,0xe9,0x0,0x0,
0xb0,0xe9,0x0,0x0,0xc0,0xe9,0x0,0x0,
0xd0,0xe9,0x0,0x0,0xf0,0xe9,0x0,0x0,
0x30,0xea,0x0,0x0,0x58,0xea,0x0,0x0,
0x78,0xea,0x0,0x0,0xa8,0xea,0x0,0x0,
0xc0,0xea,0x0,0x0,0xe8,0xea,0x0,0x0,
0x8,0xeb,0x0,0x0,0x28,0xeb,0x0,0x0,
0x48,0xeb,0x0,0x0,0x80,0xeb,0x0,0x0,
0x98,0xeb,0x0,0x0,0xd0,0xeb,0x0,0x0,
0xf8,0xeb,0x0,0x0,0x20,0xec,0x0,0x0,
0x68,0xec,0x0,0x0,0x88,0xec,0x0,0x0,
0xc0,0xec,0x0,0x0,0xf0,0xec,0x0,0x0,
0x8,0xed,0x0,0x0,0x40,0xed,0x0,0x0,
0x68,0xed,0x0,0x0,0xa8,0xed,0x0,0x0,
0xd0,0xed,0x0,0x0,0x8,0xee,0x0,0x0,
0x20,0xee,0x0,0x0,0x40,0xee,0x0,0x0,
0x80,0xee,0x0,0x0,0xa0,0xee,0x0,0x0,
0xc0,0xee,0x0,0x0,0xd8,0xee,0x0,0x0,
0xf8,0xee,0x0,0x0,0x28,0xef,0x0,0x0,
0x40,0xef,0x0,0x0,0x60,0xef,0x0,0x0,
0xa0,0xef,0x0,0x0,0xc0,0xef,0x0,0x0,
0xd8,0xef,0x0,0x0,0x8,0xf0,0x0,0x0,
0x48,0xf0,0x0,0x0,0x70,0xf0,0x0,0x0,
0x98,0xf0,0x0,0x0,0xb0,0xf0,0x0,0x0,
0xf8,0xf0,0x0,0x0,0x8,0xf1,0x0,0x0,
0x38,0xf1,0x0,0x0,0x68,0xf1,0x0,0x0,
0x90,0xf1,0x0,0x0,0xc8,0xf1,0x0,0x0,
0xf8,0xf1,0x0,0x0,0x20,0xf2,0x0,0x0,
0x68,0xf2,0x0,0x0,0x88,0xf2,0x0,0x0,
0xc8,0xf2,0x0,0x0,0xf8,0xf2,0x0,0x0,
0x28,0xf3,0x0,0x0,0x40,0xf3,0x0,0x0,
0x70,0xf3,0x0,0x0,0xa0,0xf3,0x0,0x0,
0xc8,0xf3,0x0,0x0,0x10,0xf4,0x0,0x0,
0x30,0xf4,0x0,0x0,0x40,0xf4,0x0,0x0,
0x80,0xf4,0x0,0x0,0xa0,0xf4,0x0,0x0,
0xc8,0xf4,0x0,0x0,0x10,0xf5,0x0,0x0,
0x38,0xf5,0x0,0x0,0x80,0xf5,0x0,0x0,
0xa0,0xf5,0x0,0x0,0xe0,0xf5,0x0,0x0,
0x0,0xf6,0x0,0x0,0x40,0xf6,0x0,0x0,
0x70,0xf6,0x0,0x0,0x98,0xf6,0x0,0x0,
0xd8,0xf6,0x0,0x0,0xf8,0xf6,0x0,0x0,
0x38,0xf7,0x0,0x0,0x70,0xf7,0x0,0x0,
0x90,0xf7,0x0,0x0,0xa8,0xf7,0x0,0x0,
0xc0,0xf7,0x0,0x0,0xd8,0xf7,0x0,0x0,
0xe0,0xf7,0x0,0x0,0xe8,0xf7,0x0,0x0,
0xf0,0xf7,0x0,0x0,0xf8,0xf7,0x0,0x0,
0x0,0xf8,0x0,0x0,0x8,0xf8,0x0,0x0,
0x18,0xf8,0x0,0x0,0x28,0xf8,0x0,0x0,
0x48,0xf8,0x0,0x0,0x60,0xf8,0x0,0x0,
0x78,0xf8,0x0,0x0,0x90,0xf8,0x0,0x0,
0xa0,0xf8,0x0,0x0,0xb8,0xf8,0x0,0x0,
0xd0,0xf8,0x0,0x0,0xe8,0xf8,0x0,0x0,
0x0,0xf9,0x0,0x0,0x28,0xf9,0x0,0x0,
0x40,0xf9,0x0,0x0,0x58,0xf9,0x0,0x0,
0x80,0xf9,0x0,0x0,0x90,0xf9,0x0,0x0,
0xa8,0xf9,0x0,0x0,0xb8,0xf9,0x0,0x0,
0xe0,0xf9,0x0,0x0,0xf8,0xf9,0x0,0x0,
0x10,0xfa,0x0,0x0,0x18,0xfa,0x0,0x0,
0x20,0xfa,0x0,0x0,0x28,0xfa,0x0,0x0,
0x38,0xfa,0x0,0x0,0x48,0xfa,0x0,0x0,
0x60,0xfa,0x0,0x0,0x90,0xfa,0x0,0x0,
0xa8,0xfa,0x0,0x0,0xd0,0xfa,0x0,0x0,
0xe8,0xfa,0x0,0x0,0x0,0xfb,0x0,0x0,
0x18,0xfb,0x0,0x0,0x28,0xfb,0x0,0x0,
0x38,0xfb,0x0,0x0,0x50,0xfb,0x0,0x0,
0x60,0xfb,0x0,0x0,0x80,0xfb,0x0,0x0,
0x90,0xfb,0x0,0x0,0xa8,0xfb,0x0,0x0,
0xc0,0xfb,0x0,0x0,0xe0,0xfb,0x0,0x0,
0xf0,0xfb,0x0,0x0,0x0,0xfc,0x0,0x0,
0x10,0xfc,0x0,0x0,0x28,0xfc,0x0,0x0,
0x38,0xfc,0x0,0x0,0x48,0xfc,0x0,0x0,
0x58,0xfc,0x0,0x0,0x68,0xfc,0x0,0x0,
0x78,0xfc,0x0,0x0,0x88,0xfc,0x0,0x0,
0xa0,0xfc,0x0,0x0,0xb8,0xfc,0x0,0x0,
0xc0,0xfc,0x0,0x0,0xd0,0xfc,0x0,0x0,
0xe8,0xfc,0x0,0x0,0x0,0xfd,0x0,0x0,
0x18,0xfd,0x0,0x0,0x38,0xfd,0x0,0x0,
0x50,0xfd,0x0,0x0,0x60,0xfd,0x0,0x0,
0x78,0xfd,0x0,0x0,0xa8,0xfd,0x0,0x0,
0xe0,0xfd,0x0,0x0,0xf8,0xfd,0x0,0x0,
0x10,0xfe,0x0,0x0,0x28,0xfe,0x0,0x0,
0x40,0xfe,0x0,0x0,0x58,0xfe,0x0,0x0,
0x70,0xfe,0x0,0x0,0x90,0xfe,0x0,0x0,
0xb0,0xfe,0x0,0x0,0xc8,0xfe,0x0,0x0,
0xe0,0xfe,0x0,0x0,0xf8,0xfe,0x0,0x0,
0x18,0xff,0x0,0x0,0x38,0xff,0x0,0x0,
0x60,0xff,0x0,0x0,0x70,0xff,0x0,0x0,
0x98,0xff,0x0,0x0,0xc0,0xff,0x0,0x0,
0xe0,0xff,0x0,0x0,0x8,0x0,0x1,0x0,
0x20,0x0,0x1,0x0,0x38,0x0,0x1,0x0,
0x58,0x0,0x1,0x0,0x70,0x0,0x1,0x0,
0x88,0x0,0x1,0x0,0x98,0x0,0x1,0x0,
0xb0,0x0,0x1,0x0,0xd8,0x0,0x1,0x0,
0xf0,0x0,0x1,0x0,0x8,0x1,0x1,0x0,
0x20,0x1,0x1,0x0,0x50,0x1,0x1,0x0,
0x70,0x1,0x1,0x0,0x98,0x1,0x1,0x0,
0xc8,0x1,0x1,0x0,0xe8,0x1,0x1,0x0,
0x30,0x2,0x1,0x0,0x58,0x2,0x1,0x0,
0x80,0x2,0x1,0x0,0x98,0x2,0x1,0x0,
0xc8,0x2,0x1,0x0,0xe0,0x2,0x1,0x0,
0xf0,0x2,0x1,0x0,0x20,0x3,0x1,0x0,
0x58,0x3,0x1,0x0,0x98,0x3,0x1,0x0,
0xe8,0x3,0x1,0x0,0x0,0x4,0x1,0x0,
0x48,0x4,0x1,0x0,0x58,0x4,0x1,0x0,
0x80,0x4,0x1,0x0,0x98,0x4,0x1,0x0,
0xb0,0x4,0x1,0x0,0xc0,0x4,0x1,0x0,
0xd8,0x4,0x1,0x0,0xf0,0x4,0x1,0x0,
0x10,0x5,0x1,0x0,0x68,0x5,0x1,0x0,
0x88,0x5,0x1,0x0,0xa0,0x5,0x1,0x0,
0xb8,0x5,0x1,0x0,0xd0,0x5,0x1,0x0,
0x18,0x6,0x1,0x0,0x40,0x6,0x1,0x0,
0x68,0x6,0x1,0x0,0x80,0x6,0x1,0x0,
0x98,0x6,0x1,0x0,0xb0,0x6,0x1,0x0,
0xd0,0x6,0x1,0x0,0xe0,0x6,0x1,0x0,
0xe8,0x6,0x1,0x0,0xf0,0x6,0x1,0x0,
0x40,0x7,0x1,0x0,0x50,0x7,0x1,0x0,
0x60,0x7,0x1,0x0,0x98,0x7,0x1,0x0,
0xc0,0x7,0x1,0x0,0xf0,0x7,0x1,0x0,
0xf8,0x7,0x1,0x0,0x0,0x8,0x1,0x0,
0x10,0x8,0x1,0x0,0x28,0x8,0x1,0x0,
0x38,0x8,0x1,0x0,0x40,0x8,0x1,0x0,
0x0,0x0,0x0,0x0,0x0,0x0,0x0,0x0,
0x7,0x0,0x0,0x0,0x51,0x0,0x74,0x0,
0x51,0x0,0x75,0x0,0x69,0x0,0x63,0x0,
0x6b,0x0,0x0,0x0,0x0,0x0,0x0,0x0,
0x10,0x0,0x0,0x0,0x51,0x0,0x74,0x0,
0x51,0x0,0x75,0x0,0x69,0x0,0x63,0x0,
0x6b,0x0,0x2e,0x0,0x43,0x0,0x6f,0x0,
0x6e,0x0,0x74,0x0,0x72,0x0,0x6f,0x0,
0x6c,0x0,0x73,0x0,0x0,0x0,0x0,0x0,
0xf,0x0,0x0,0x0,0x51,0x0,0x74,0x0,
0x51,0x0,0x75,0x0,0x69,0x0,0x63,0x0,
0x6b,0x0,0x2e,0x0,0x4c,0x0,0x61,0x0,
0x79,0x0,0x6f,0x0,0x75,0x0,0x74,0x0,
0x73,0x0,0x0,0x0,0x0,0x0,0x0,0x0,
0xd,0x0,0x0,0x0,0x2e,0x0,0x2e,0x0,
0x2f,0x0,0x63,0x0,0x6f,0x0,0x6d,0x0,
0x70,0x0,0x6f,0x0,0x6e,0x0,0x65,0x0,
0x6e,0x0,0x74,0x0,0x73,0x0,0x0,0x0,
0x4,0x0,0x0,0x0,0x49,0x0,0x74,0x0,
0x65,0x0,0x6d,0x0,0x0,0x0,0x0,0x0,
0x4,0x0,0x0,0x0,0x72,0x0,0x6f,0x0,
0x6f,0x0,0x74,0x0,0x0,0x0,0x0,0x0,
0xd,0x0,0x0,0x0,0x69,0x0,0x6d,0x0,
0x70,0x0,0x6c,0x0,0x69,0x0,0x63,0x0,
0x69,0x0,0x74,0x0,0x57,0x0,0x69,0x0,
0x64,0x0,0x74,0x0,0x68,0x0,0x0,0x0,
0xe,0x0,0x0,0x0,0x69,0x0,0x6d,0x0,
0x70,0x0,0x6c,0x0,0x69,0x0,0x63,0x0,
0x69,0x0,0x74,0x0,0x48,0x0,0x65,0x0,
0x69,0x0,0x67,0x0,0x68,0x0,0x74,0x0,
0x0,0x0,0x0,0x0,0x0,0x0,0x0,0x0,
0x11,0x0,0x0,0x0,0x62,0x0,0x69,0x0,
0x6e,0x0,0x4f,0x0,0x76,0x0,0x65,0x0,
0x72,0x0,0x6c,0x0,0x61,0x0,0x79,0x0,
0x45,0x0,0x6e,0x0,0x61,0x0,0x62,0x0,
0x6c,0x0,0x65,0x0,0x64,0x0,0x0,0x0,
0x18,0x0,0x0,0x0,0x73,0x0,0x68,0x0,
0x6f,0x0,0x77,0x0,0x48,0x0,0x65,0x0,
0x61,0x0,0x74,0x0,0x6d,0x0,0x61,0x0,
0x70,0x0,0x4d,0x0,0x61,0x0,0x67,0x0,
0x6e,0x0,0x69,0x0,0x74,0x0,0x75,0x0,
0x64,0x0,0x65,0x0,0x54,0x0,0x65,0x0,
0x78,0x0,0x74,0x0,0x0,0x0,0x0,0x0,
0x15,0x0,0x0,0x0,0x68,0x0,0x65,0x0,
0x61,0x0,0x74,0x0,0x6d,0x0,0x61,0x0,
0x70,0x0,0x4c,0x0,0x6f,0x0,0x67,0x0,
0x67,0x0,0x69,0x0,0x6e,0x0,0x67,0x0,
0x45,0x0,0x6e,0x0,0x61,0x0,0x62,0x0,
0x6c,0x0,0x65,0x0,0x64,0x0,0x0,0x0,
0x6,0x0,0x0,0x0,0x62,0x0,0x72,0x0,
0x69,0x0,0x64,0x0,0x67,0x0,0x65,0x0,
0x0,0x0,0x0,0x0,0x0,0x0,0x0,0x0,
0x15,0x0,0x0,0x0,0x65,0x0,0x78,0x0,
0x70,0x0,0x72,0x0,0x65,0x0,0x73,0x0,
0x73,0x0,0x69,0x0,0x6f,0x0,0x6e,0x0,
0x20,0x0,0x66,0x0,0x6f,0x0,0x72,0x0,
0x20,0x0,0x62,0x0,0x72,0x0,0x69,0x0,
0x64,0x0,0x67,0x0,0x65,0x0,0x0,0x0,
0x12,0x0,0x0,0x0,0x6d,0x0,0x6f,0x0,
0x6e,0x0,0x69,0x0,0x74,0x0,0x6f,0x0,
0x72,0x0,0x53,0x0,0x77,0x0,0x69,0x0,
0x74,0x0,0x63,0x0,0x68,0x0,0x47,0x0,
0x75,0x0,0x61,0x0,0x72,0x0,0x64,0x0,
0x0,0x0,0x0,0x0,0x0,0x0,0x0,0x0,
0xc,0x0,0x0,0x0,0x73,0x0,0x74,0x0,
0x72,0x0,0x69,0x0,0x6e,0x0,0x67,0x0,
0x4c,0x0,0x61,0x0,0x62,0x0,0x65,0x0,
0x6c,0x0,0x73,0x0,0x0,0x0,0x0,0x0,
0x1b,0x0,0x0,0x0,0x65,0x0,0x78,0x0,
0x70,0x0,0x72,0x0,0x65,0x0,0x73,0x0,
0x73,0x0,0x69,0x0,0x6f,0x0,0x6e,0x0,
0x20,0x0,0x66,0x0,0x6f,0x0,0x72,0x0,
0x20,0x0,0x73,0x0,0x74,0x0,0x72,0x0,
0x69,0x0,0x6e,0x0,0x67,0x0,0x4c,0x0,
0x61,0x0,0x62,0x0,0x65,0x0,0x6c,0x0,
0x73,0x0,0x0,0x0,0x0,0x0,0x0,0x0,
0x15,0x0,0x0,0x0,0x6c,0x0,0x61,0x0,
0x73,0x0,0x74,0x0,0x54,0x0,0x65,0x0,
0x73,0x0,0x74,0x0,0x50,0x0,0x6c,0x0,
0x61,0x0,0x79,0x0,0x62,0x0,0x61,0x0,
0x63,0x0,0x6b,0x0,0x53,0x0,0x74,0x0,
0x61,0x0,0x74,0x0,0x65,0x0,0x0,0x0,
0x9,0x0,0x0,0x0,0x62,0x0,0x61,0x0,
0x73,0x0,0x65,0x0,0x57,0x0,0x69,0x0,
0x64,0x0,0x74,0x0,0x68,0x0,0x0,0x0,
0xa,0x0,0x0,0x0,0x62,0x0,0x61,0x0,
0x73,0x0,0x65,0x0,0x48,0x0,0x65,0x0,
0x69,0x0,0x67,0x0,0x68,0x0,0x74,0x0,
0x0,0x0,0x0,0x0,0x0,0x0,0x0,0x0,
0xb,0x0,0x0,0x0,0x73,0x0,0x63,0x0,
0x61,0x0,0x6c,0x0,0x65,0x0,0x46,0x0,
0x61,0x0,0x63,0x0,0x74,0x0,0x6f,0x0,
0x72,0x0,0x0,0x0,0x0,0x0,0x0,0x0,
0x1a,0x0,0x0,0x0,0x65,0x0,0x78,0x0,
0x70,0x0,0x72,0x0,0x65,0x0,0x73,0x0,
0x73,0x0,0x69,0x0,0x6f,0x0,0x6e,0x0,
0x20,0x0,0x66,0x0,0x6f,0x0,0x72,0x0,
0x20,0x0,0x73,0x0,0x63,0x0,0x61,0x0,
0x6c,0x0,0x65,0x0,0x46,0x0,0x61,0x0,
0x63,0x0,0x74,0x0,0x6f,0x0,0x72,0x0,
0x0,0x0,0x0,0x0,0x0,0x0,0x0,0x0,
0x9,0x0,0x0,0x0,0x52,0x0,0x65,0x0,
0x63,0x0,0x74,0x0,0x61,0x0,0x6e,0x0,
0x67,0x0,0x6c,0x0,0x65,0x0,0x0,0x0,
0x7,0x0,0x0,0x0,0x61,0x0,0x6e,0x0,
0x63,0x0,0x68,0x0,0x6f,0x0,0x72,0x0,
0x73,0x0,0x0,0x0,0x0,0x0,0x0,0x0,
0x4,0x0,0x0,0x0,0x66,0x0,0x69,0x0,
0x6c,0x0,0x6c,0x0,0x0,0x0,0x0,0x0,
0x13,0x0,0x0,0x0,0x65,0x0,0x78,0x0,
0x70,0x0,0x72,0x0,0x65,0x0,0x73,0x0,
0x73,0x0,0x69,0x0,0x6f,0x0,0x6e,0x0,
0x20,0x0,0x66,0x0,0x6f,0x0,0x72,0x0,
0x20,0x0,0x66,0x0,0x69,0x0,0x6c,0x0,
0x6c,0x0,0x0,0x0,0x0,0x0,0x0,0x0,
0x5,0x0,0x0,0x0,0x63,0x0,0x6f,0x0,
0x6c,0x0,0x6f,0x0,0x72,0x0,0x0,0x0,
0x7,0x0,0x0,0x0,0x23,0x0,0x30,0x0,
0x64,0x0,0x30,0x0,0x64,0x0,0x30,0x0,
0x66,0x0,0x0,0x0,0x0,0x0,0x0,0x0,
0x1,0x0,0x0,0x0,0x7a,0x0,0x0,0x0,
0x13,0x0,0x0,0x0,0x68,0x0,0x61,0x0,
0x6e,0x0,0x64,0x0,0x6c,0x0,0x65,0x0,
0x4d,0x0,0x6f,0x0,0x6e,0x0,0x69,0x0,
0x74,0x0,0x6f,0x0,0x72,0x0,0x54,0x0,
0x6f,0x0,0x67,0x0,0x67,0x0,0x6c,0x0,
0x65,0x0,0x0,0x0,0x0,0x0,0x0,0x0,
0x7,0x0,0x0,0x0,0x65,0x0,0x6e,0x0,
0x61,0x0,0x62,0x0,0x6c,0x0,0x65,0x0,
0x64,0x0,0x0,0x0,0x0,0x0,0x0,0x0,
0x9,0x0,0x0,0x0,0x67,0x0,0x61,0x0,
0x69,0x0,0x6e,0x0,0x43,0x0,0x6f,0x0,
0x6c,0x0,0x6f,0x0,0x72,0x0,0x0,0x0,
0x5,0x0,0x0,0x0,0x76,0x0,0x61,0x0,
0x6c,0x0,0x75,0x0,0x65,0x0,0x0,0x0,
0x11,0x0,0x0,0x0,0x6d,0x0,0x65,0x0,
0x74,0x0,0x65,0x0,0x72,0x0,0x44,0x0,
0x69,0x0,0x73,0x0,0x70,0x0,0x6c,0x0,
0x61,0x0,0x79,0x0,0x4c,0x0,0x65,0x0,
0x76,0x0,0x65,0x0,0x6c,0x0,0x0,0x0,
0x14,0x0,0x0,0x0,0x63,0x0,0x61,0x0,
0x6c,0x0,0x69,0x0,0x62,0x0,0x72,0x0,
0x61,0x0,0x74,0x0,0x69,0x0,0x6f,0x0,
0x6e,0x0,0x53,0x0,0x74,0x0,0x65,0x0,
0x70,0x0,0x43,0x0,0x6f,0x0,0x6c,0x0,
0x6f,0x0,0x72,0x0,0x0,0x0,0x0,0x0,
0x5,0x0,0x0,0x0,0x73,0x0,0x74,0x0,
0x61,0x0,0x74,0x0,0x65,0x0,0x0,0x0,
0x11,0x0,0x0,0x0,0x74,0x0,0x75,0x0,
0x6e,0x0,0x69,0x0,0x6e,0x0,0x67,0x0,
0x44,0x0,0x65,0x0,0x76,0x0,0x69,0x0,
0x61,0x0,0x74,0x0,0x69,0x0,0x6f,0x0,
0x6e,0x0,0x41,0x0,0x74,0x0,0x0,0x0,
0x5,0x0,0x0,0x0,0x69,0x0,0x6e,0x0,
0x64,0x0,0x65,0x0,0x78,0x0,0x0,0x0,
0x18,0x0,0x0,0x0,0x74,0x0,0x75,0x0,
0x6e,0x0,0x69,0x0,0x6e,0x0,0x67,0x0,
0x43,0x0,0x6f,0x0,0x6c,0x0,0x6f,0x0,
0x72,0x0,0x46,0x0,0x72,0x0,0x6f,0x0,
0x6d,0x0,0x44,0x0,0x65,0x0,0x76,0x0,
0x69,0x0,0x61,0x0,0x74,0x0,0x69,0x0,
0x6f,0x0,0x6e,0x0,0x0,0x0,0x0,0x0,
0x5,0x0,0x0,0x0,0x63,0x0,0x65,0x0,
0x6e,0x0,0x74,0x0,0x73,0x0,0x0,0x0,
0x15,0x0,0x0,0x0,0x67,0x0,0x65,0x0,
0x74,0x0,0x41,0x0,0x63,0x0,0x74,0x0,
0x69,0x0,0x76,0x0,0x65,0x0,0x54,0x0,
0x75,0x0,0x6e,0x0,0x69,0x0,0x6e,0x0,
0x67,0x0,0x53,0x0,0x74,0x0,0x72,0x0,
0x69,0x0,0x6e,0x0,0x67,0x0,0x0,0x0,
0x11,0x0,0x0,0x0,0x74,0x0,0x75,0x0,
0x6e,0x0,0x69,0x0,0x6e,0x0,0x67,0x0,
0x43,0x0,0x69,0x0,0x72,0x0,0x63,0x0,
0x6c,0x0,0x65,0x0,0x43,0x0,0x6f,0x0,
0x6c,0x0,0x6f,0x0,0x72,0x0,0x0,0x0,
0x6,0x0,0x0,0x0,0x63,0x0,0x61,0x0,
0x6e,0x0,0x76,0x0,0x61,0x0,0x73,0x0,
0x0,0x0,0x0,0x0,0x0,0x0,0x0,0x0,
0x5,0x0,0x0,0x0,0x77,0x0,0x69,0x0,
0x64,0x0,0x74,0x0,0x68,0x0,0x0,0x0,
0x14,0x0,0x0,0x0,0x65,0x0,0x78,0x0,
0x70,0x0,0x72,0x0,0x65,0x0,0x73,0x0,
0x73,0x0,0x69,0x0,0x6f,0x0,0x6e,0x0,
0x20,0x0,0x66,0x0,0x6f,0x0,0x72,0x0,
0x20,0x0,0x77,0x0,0x69,0x0,0x64,0x0,
0x74,0x0,0x68,0x0,0x0,0x0,0x0,0x0,
0x6,0x0,0x0,0x0,0x68,0x0,0x65,0x0,
0x69,0x0,0x67,0x0,0x68,0x0,0x74,0x0,
0x0,0x0,0x0,0x0,0x0,0x0,0x0,0x0,
0x15,0x0,0x0,0x0,0x65,0x0,0x78,0x0,
0x70,0x0,0x72,0x0,0x65,0x0,0x73,0x0,
0x73,0x0,0x69,0x0,0x6f,0x0,0x6e,0x0,
0x20,0x0,0x66,0x0,0x6f,0x0,0x72,0x0,
0x20,0x0,0x68,0x0,0x65,0x0,0x69,0x0,
0x67,0x0,0x68,0x0,0x74,0x0,0x0,0x0,
0x8,0x0,0x0,0x0,0x63,0x0,0x65,0x0,
0x6e,0x0,0x74,0x0,0x65,0x0,0x72,0x0,
0x49,0x0,0x6e,0x0,0x0,0x0,0x0,0x0,
0x17,0x0,0x0,0x0,0x65,0x0,0x78,0x0,
0x70,0x0,0x72,0x0,0x65,0x0,0x73,0x0,
0x73,0x0,0x69,0x0,0x6f,0x0,0x6e,0x0,
0x20,0x0,0x66,0x0,0x6f,0x0,0x72,0x0,
0x20,0x0,0x63,0x0,0x65,0x0,0x6e,0x0,
0x74,0x0,0x65,0x0,0x72,0x0,0x49,0x0,
0x6e,0x0,0x0,0x0,0x0,0x0,0x0,0x0,
0xf,0x0,0x0,0x0,0x74,0x0,0x72,0x0,
0x61,0x0,0x6e,0x0,0x73,0x0,0x66,0x0,
0x6f,0x0,0x72,0x0,0x6d,0x0,0x4f,0x0,
0x72,0x0,0x69,0x0,0x67,0x0,0x69,0x0,
0x6e,0x0,0x0,0x0,0x0,0x0,0x0,0x0,
0x1e,0x0,0x0,0x0,0x65,0x0,0x78,0x0,
0x70,0x0,0x72,0x0,0x65,0x0,0x73,0x0,
0x73,0x0,0x69,0x0,0x6f,0x0,0x6e,0x0,
0x20,0x0,0x66,0x0,0x6f,0x0,0x72,0x0,
0x20,0x0,0x74,0x0,0x72,0x0,0x61,0x0,
0x6e,0x0,0x73,0x0,0x66,0x0,0x6f,0x0,
0x72,0x0,0x6d,0x0,0x4f,0x0,0x72,0x0,
0x69,0x0,0x67,0x0,0x69,0x0,0x6e,0x0,
0x0,0x0,0x0,0x0,0x0,0x0,0x0,0x0,
0x5,0x0,0x0,0x0,0x73,0x0,0x63,0x0,
0x61,0x0,0x6c,0x0,0x65,0x0,0x0,0x0,
0x14,0x0,0x0,0x0,0x65,0x0,0x78,0x0,
0x70,0x0,0x72,0x0,0x65,0x0,0x73,0x0,
0x73,0x0,0x69,0x0,0x6f,0x0,0x6e,0x0,
0x20,0x0,0x66,0x0,0x6f,0x0,0x72,0x0,
0x20,0x0,0x73,0x0,0x63,0x0,0x61,0x0,
0x6c,0x0,0x65,0x0,0x0,0x0,0x0,0x0,
0x5,0x0,0x0,0x0,0x49,0x0,0x6d,0x0,
0x61,0x0,0x67,0x0,0x65,0x0,0x0,0x0,
0xe,0x0,0x0,0x0,0x62,0x0,0x61,0x0,
0x63,0x0,0x6b,0x0,0x67,0x0,0x72,0x0,
0x6f,0x0,0x75,0x0,0x6e,0x0,0x64,0x0,
0x46,0x0,0x69,0x0,0x6c,0x0,0x6c,0x0,
0x0,0x0,0x0,0x0,0x0,0x0,0x0,0x0,
0x6,0x0,0x0,0x0,0x73,0x0,0x6f,0x0,
0x75,0x0,0x72,0x0,0x63,0x0,0x65,0x0,
0x0,0x0,0x0,0x0,0x0,0x0,0x0,0x0,
0x18,0x0,0x0,0x0,0x2e,0x0,0x2e,0x0,
0x2f,0x0,0x61,0x0,0x73,0x0,0x73,0x0,
0x65,0x0,0x74,0x0,0x73,0x0,0x2f,0x0,
0x62,0x0,0x6c,0x0,0x75,0x0,0x65,0x0,
0x42,0x0,0x67,0x0,0x46,0x0,0x49,0x0,
0x6c,0x0,0x6c,0x0,0x2e,0x0,0x70,0x0,
0x6e,0x0,0x67,0x0,0x0,0x0,0x0,0x0,
0x8,0x0,0x0,0x0,0x66,0x0,0x69,0x0,
0x6c,0x0,0x6c,0x0,0x4d,0x0,0x6f,0x0,
0x64,0x0,0x65,0x0,0x0,0x0,0x0,0x0,
0x17,0x0,0x0,0x0,0x65,0x0,0x78,0x0,
0x70,0x0,0x72,0x0,0x65,0x0,0x73,0x0,
0x73,0x0,0x69,0x0,0x6f,0x0,0x6e,0x0,
0x20,0x0,0x66,0x0,0x6f,0x0,0x72,0x0,
0x20,0x0,0x66,0x0,0x69,0x0,0x6c,0x0,
0x6c,0x0,0x4d,0x0,0x6f,0x0,0x64,0x0,
0x65,0x0,0x0,0x0,0x0,0x0,0x0,0x0,
0xf,0x0,0x0,0x0,0x74,0x0,0x61,0x0,
0x62,0x0,0x43,0x0,0x61,0x0,0x70,0x0,
0x74,0x0,0x75,0x0,0x72,0x0,0x65,0x0,
0x4c,0x0,0x61,0x0,0x62,0x0,0x65,0x0,
0x6c,0x0,0x0,0x0,0x0,0x0,0x0,0x0,
0x25,0x0,0x0,0x0,0x2e,0x0,0x2e,0x0,
0x2f,0x0,0x61,0x0,0x73,0x0,0x73,0x0,
0x65,0x0,0x74,0x0,0x73,0x0,0x2f,0x0,
0x54,0x0,0x61,0x0,0x62,0x0,0x50,0x0,
0x61,0x0,0x67,0x0,0x65,0x0,0x2f,0x0,
0x54,0x0,0x61,0x0,0x62,0x0,0x43,0x0,
0x61,0x0,0x70,0x0,0x74,0x0,0x75,0x0,
0x72,0x0,0x65,0x0,0x4c,0x0,0x61,0x0,
0x62,0x0,0x65,0x0,0x6c,0x0,0x2e,0x0,
0x73,0x0,0x76,0x0,0x67,0x0,0x0,0x0,
0x4,0x0,0x0,0x0,0x6c,0x0,0x65,0x0,
0x66,0x0,0x74,0x0,0x0,0x0,0x0,0x0,
0x13,0x0,0x0,0x0,0x65,0x0,0x78,0x0,
0x70,0x0,0x72,0x0,0x65,0x0,0x73,0x0,
0x73,0x0,0x69,0x0,0x6f,0x0,0x6e,0x0,
0x20,0x0,0x66,0x0,0x6f,0x0,0x72,0x0,
0x20,0x0,0x6c,0x0,0x65,0x0,0x66,0x0,
0x74,0x0,0x0,0x0,0x0,0x0,0x0,0x0,
0xa,0x0,0x0,0x0,0x6c,0x0,0x65,0x0,
0x66,0x0,0x74,0x0,0x4d,0x0,0x61,0x0,
0x72,0x0,0x67,0x0,0x69,0x0,0x6e,0x0,
0x0,0x0,0x0,0x0,0x0,0x0,0x0,0x0,
0x3,0x0,0x0,0x0,0x74,0x0,0x6f,0x0,
0x70,0x0,0x0,0x0,0x0,0x0,0x0,0x0,
0x12,0x0,0x0,0x0,0x65,0x0,0x78,0x0,
0x70,0x0,0x72,0x0,0x65,0x0,0x73,0x0,
0x73,0x0,0x69,0x0,0x6f,0x0,0x6e,0x0,
0x20,0x0,0x66,0x0,0x6f,0x0,0x72,0x0,
0x20,0x0,0x74,0x0,0x6f,0x0,0x70,0x0,
0x0,0x0,0x0,0x0,0x0,0x0,0x0,0x0,
0x9,0x0,0x0,0x0,0x74,0x0,0x6f,0x0,
0x70,0x0,0x4d,0x0,0x61,0x0,0x72,0x0,
0x67,0x0,0x69,0x0,0x6e,0x0,0x0,0x0,
0x6,0x0,0x0,0x0,0x73,0x0,0x6d,0x0,
0x6f,0x0,0x6f,0x0,0x74,0x0,0x68,0x0,
0x0,0x0,0x0,0x0,0x0,0x0,0x0,0x0,
0x7,0x0,0x0,0x0,0x76,0x0,0x69,0x0,
0x73,0x0,0x69,0x0,0x62,0x0,0x6c,0x0,
0x65,0x0,0x0,0x0,0x0,0x0,0x0,0x0,
0x7,0x0,0x0,0x0,0x74,0x0,0x61,0x0,
0x62,0x0,0x47,0x0,0x72,0x0,0x69,0x0,
0x64,0x0,0x0,0x0,0x0,0x0,0x0,0x0,
0x1d,0x0,0x0,0x0,0x2e,0x0,0x2e,0x0,
0x2f,0x0,0x61,0x0,0x73,0x0,0x73,0x0,
0x65,0x0,0x74,0x0,0x73,0x0,0x2f,0x0,
0x54,0x0,0x61,0x0,0x62,0x0,0x50,0x0,
0x61,0x0,0x67,0x0,0x65,0x0,0x2f,0x0,
0x54,0x0,0x61,0x0,0x62,0x0,0x47,0x0,
0x72,0x0,0x69,0x0,0x64,0x0,0x2e,0x0,
0x73,0x0,0x76,0x0,0x67,0x0,0x0,0x0,
0x5,0x0,0x0,0x0,0x72,0x0,0x69,0x0,
0x67,0x0,0x68,0x0,0x74,0x0,0x0,0x0,
0x14,0x0,0x0,0x0,0x65,0x0,0x78,0x0,
0x70,0x0,0x72,0x0,0x65,0x0,0x73,0x0,
0x73,0x0,0x69,0x0,0x6f,0x0,0x6e,0x0,
0x20,0x0,0x66,0x0,0x6f,0x0,0x72,0x0,
0x20,0x0,0x72,0x0,0x69,0x0,0x67,0x0,
0x68,0x0,0x74,0x0,0x0,0x0,0x0,0x0,
0x6,0x0,0x0,0x0,0x62,0x0,0x6f,0x0,
0x74,0x0,0x74,0x0,0x6f,0x0,0x6d,0x0,
0x0,0x0,0x0,0x0,0x0,0x0,0x0,0x0,
0x15,0x0,0x0,0x0,0x65,0x0,0x78,0x0,
0x70,0x0,0x72,0x0,0x65,0x0,0x73,0x0,
0x73,0x0,0x69,0x0,0x6f,0x0,0x6e,0x0,
0x20,0x0,0x66,0x0,0x6f,0x0,0x72,0x0,
0x20,0x0,0x62,0x0,0x6f,0x0,0x74,0x0,
0x74,0x0,0x6f,0x0,0x6d,0x0,0x0,0x0,
0xc,0x0,0x0,0x0,0x62,0x0,0x6f,0x0,
0x74,0x0,0x74,0x0,0x6f,0x0,0x6d,0x0,
0x4d,0x0,0x61,0x0,0x72,0x0,0x67,0x0,
0x69,0x0,0x6e,0x0,0x0,0x0,0x0,0x0,
0x9,0x0,0x0,0x0,0x6e,0x0,0x65,0x0,
0x63,0x0,0x6b,0x0,0x53,0x0,0x74,0x0,
0x61,0x0,0x67,0x0,0x65,0x0,0x0,0x0,
0xd,0x0,0x0,0x0,0x62,0x0,0x6f,0x0,
0x74,0x0,0x74,0x0,0x6f,0x0,0x6d,0x0,
0x50,0x0,0x61,0x0,0x64,0x0,0x64,0x0,
0x69,0x0,0x6e,0x0,0x67,0x0,0x0,0x0,
0x1b,0x0,0x0,0x0,0x65,0x0,0x78,0x0,
0x70,0x0,0x72,0x0,0x65,0x0,0x73,0x0,
0x73,0x0,0x69,0x0,0x6f,0x0,0x6e,0x0,
0x20,0x0,0x66,0x0,0x6f,0x0,0x72,0x0,
0x20,0x0,0x62,0x0,0x6f,0x0,0x74,0x0,
0x74,0x0,0x6f,0x0,0x6d,0x0,0x4d,0x0,
0x61,0x0,0x72,0x0,0x67,0x0,0x69,0x0,
0x6e,0x0,0x0,0x0,0x0,0x0,0x0,0x0,
0xc,0x0,0x0,0x0,0x6e,0x0,0x65,0x0,
0x63,0x0,0x6b,0x0,0x42,0x0,0x61,0x0,
0x63,0x0,0x6b,0x0,0x64,0x0,0x72,0x0,
0x6f,0x0,0x70,0x0,0x0,0x0,0x0,0x0,
0x1f,0x0,0x0,0x0,0x2e,0x0,0x2e,0x0,
0x2f,0x0,0x61,0x0,0x73,0x0,0x73,0x0,
0x65,0x0,0x74,0x0,0x73,0x0,0x2f,0x0,
0x6e,0x0,0x65,0x0,0x63,0x0,0x6b,0x0,
0x44,0x0,0x69,0x0,0x73,0x0,0x70,0x0,
0x6c,0x0,0x61,0x0,0x79,0x0,0x42,0x0,
0x47,0x0,0x44,0x0,0x61,0x0,0x72,0x0,
0x6b,0x0,0x2e,0x0,0x70,0x0,0x6e,0x0,
0x67,0x0,0x0,0x0,0x0,0x0,0x0,0x0,
0xb,0x0,0x0,0x0,0x6e,0x0,0x65,0x0,
0x63,0x0,0x6b,0x0,0x53,0x0,0x65,0x0,
0x63,0x0,0x74,0x0,0x69,0x0,0x6f,0x0,
0x6e,0x0,0x0,0x0,0x0,0x0,0x0,0x0,
0xd,0x0,0x0,0x0,0x62,0x0,0x61,0x0,
0x73,0x0,0x65,0x0,0x46,0x0,0x72,0x0,
0x65,0x0,0x74,0x0,0x57,0x0,0x69,0x0,
0x64,0x0,0x74,0x0,0x68,0x0,0x0,0x0,
0x10,0x0,0x0,0x0,0x62,0x0,0x61,0x0,
0x73,0x0,0x65,0x0,0x53,0x0,0x74,0x0,
0x72,0x0,0x69,0x0,0x6e,0x0,0x67,0x0,
0x48,0x0,0x65,0x0,0x69,0x0,0x67,0x0,
0x68,0x0,0x74,0x0,0x0,0x0,0x0,0x0,
0xd,0x0,0x0,0x0,0x62,0x0,0x61,0x0,
0x73,0x0,0x65,0x0,0x4e,0x0,0x65,0x0,
0x63,0x0,0x6b,0x0,0x57,0x0,0x69,0x0,
0x64,0x0,0x74,0x0,0x68,0x0,0x0,0x0,
0xe,0x0,0x0,0x0,0x62,0x0,0x61,0x0,
0x73,0x0,0x65,0x0,0x4e,0x0,0x65,0x0,
0x63,0x0,0x6b,0x0,0x48,0x0,0x65,0x0,
0x69,0x0,0x67,0x0,0x68,0x0,0x74,0x0,
0x0,0x0,0x0,0x0,0x0,0x0,0x0,0x0,
0x10,0x0,0x0,0x0,0x62,0x0,0x61,0x0,
0x73,0x0,0x65,0x0,0x53,0x0,0x74,0x0,
0x72,0x0,0x69,0x0,0x6e,0x0,0x67,0x0,
0x73,0x0,0x57,0x0,0x69,0x0,0x64,0x0,
0x74,0x0,0x68,0x0,0x0,0x0,0x0,0x0,
0x1a,0x0,0x0,0x0,0x73,0x0,0x74,0x0,
0x72,0x0,0x69,0x0,0x6e,0x0,0x67,0x0,
0x73,0x0,0x48,0x0,0x6f,0x0,0x72,0x0,
0x69,0x0,0x7a,0x0,0x6f,0x0,0x6e,0x0,
0x74,0x0,0x61,0x0,0x6c,0x0,0x45,0x0,
0x78,0x0,0x70,0x0,0x61,0x0,0x6e,0x0,
0x73,0x0,0x69,0x0,0x6f,0x0,0x6e,0x0,
0x0,0x0,0x0,0x0,0x0,0x0,0x0,0x0,
0x29,0x0,0x0,0x0,0x65,0x0,0x78,0x0,
0x70,0x0,0x72,0x0,0x65,0x0,0x73,0x0,
0x73,0x0,0x69,0x0,0x6f,0x0,0x6e,0x0,
0x20,0x0,0x66,0x0,0x6f,0x0,0x72,0x0,
0x20,0x0,0x73,0x0,0x74,0x0,0x72,0x0,
0x69,0x0,0x6e,0x0,0x67,0x0,0x73,0x0,
0x48,0x0,0x6f,0x0,0x72,0x0,0x69,0x0,
0x7a,0x0,0x6f,0x0,0x6e,0x0,0x74,0x0,
0x61,0x0,0x6c,0x0,0x45,0x0,0x78,0x0,
0x70,0x0,0x61,0x0,0x6e,0x0,0x73,0x0,
0x69,0x0,0x6f,0x0,0x6e,0x0,0x0,0x0,
0x15,0x0,0x0,0x0,0x73,0x0,0x74,0x0,
0x72,0x0,0x69,0x0,0x6e,0x0,0x67,0x0,
0x73,0x0,0x56,0x0,0x65,0x0,0x72,0x0,
0x74,0x0,0x69,0x0,0x63,0x0,0x61,0x0,
0x6c,0x0,0x4f,0x0,0x66,0x0,0x66,0x0,
0x73,0x0,0x65,0x0,0x74,0x0,0x0,0x0,
0x24,0x0,0x0,0x0,0x65,0x0,0x78,0x0,
0x70,0x0,0x72,0x0,0x65,0x0,0x73,0x0,
0x73,0x0,0x69,0x0,0x6f,0x0,0x6e,0x0,
0x20,0x0,0x66,0x0,0x6f,0x0,0x72,0x0,
0x20,0x0,0x73,0x0,0x74,0x0,0x72,0x0,
0x69,0x0,0x6e,0x0,0x67,0x0,0x73,0x0,
0x56,0x0,0x65,0x0,0x72,0x0,0x74,0x0,
0x69,0x0,0x63,0x0,0x61,0x0,0x6c,0x0,
0x4f,0x0,0x66,0x0,0x66,0x0,0x73,0x0,
0x65,0x0,0x74,0x0,0x0,0x0,0x0,0x0,
0x13,0x0,0x0,0x0,0x66,0x0,0x72,0x0,
0x65,0x0,0x74,0x0,0x44,0x0,0x65,0x0,
0x74,0x0,0x65,0x0,0x63,0x0,0x74,0x0,
0x69,0x0,0x6f,0x0,0x6e,0x0,0x4f,0x0,
0x66,0x0,0x66,0x0,0x73,0x0,0x65,0x0,
0x74,0x0,0x0,0x0,0x0,0x0,0x0,0x0,
0x15,0x0,0x0,0x0,0x66,0x0,0x72,0x0,
0x65,0x0,0x74,0x0,0x5a,0x0,0x65,0x0,
0x72,0x0,0x6f,0x0,0x4f,0x0,0x76,0x0,
0x65,0x0,0x72,0x0,0x6c,0x0,0x61,0x0,
0x79,0x0,0x4f,0x0,0x66,0x0,0x66,0x0,
0x73,0x0,0x65,0x0,0x74,0x0,0x0,0x0,
0xe,0x0,0x0,0x0,0x70,0x0,0x6c,0x0,
0x61,0x0,0x79,0x0,0x62,0x0,0x61,0x0,
0x63,0x0,0x6b,0x0,0x41,0x0,0x63,0x0,
0x74,0x0,0x69,0x0,0x76,0x0,0x65,0x0,
0x0,0x0,0x0,0x0,0x0,0x0,0x0,0x0,
0xd,0x0,0x0,0x0,0x70,0x0,0x6c,0x0,
0x61,0x0,0x79,0x0,0x62,0x0,0x61,0x0,
0x63,0x0,0x6b,0x0,0x49,0x0,0x6e,0x0,
0x64,0x0,0x65,0x0,0x78,0x0,0x0,0x0,
0xe,0x0,0x0,0x0,0x70,0x0,0x6c,0x0,
0x61,0x0,0x79,0x0,0x62,0x0,0x61,0x0,
0x63,0x0,0x6b,0x0,0x45,0x0,0x76,0x0,
0x65,0x0,0x6e,0x0,0x74,0x0,0x73,0x0,
0x0,0x0,0x0,0x0,0x0,0x0,0x0,0x0,
0x1d,0x0,0x0,0x0,0x65,0x0,0x78,0x0,
0x70,0x0,0x72,0x0,0x65,0x0,0x73,0x0,
0x73,0x0,0x69,0x0,0x6f,0x0,0x6e,0x0,
0x20,0x0,0x66,0x0,0x6f,0x0,0x72,0x0,
0x20,0x0,0x70,0x0,0x6c,0x0,0x61,0x0,
0x79,0x0,0x62,0x0,0x61,0x0,0x63,0x0,
0x6b,0x0,0x45,0x0,0x76,0x0,0x65,0x0,
0x6e,0x0,0x74,0x0,0x73,0x0,0x0,0x0,
0x10,0x0,0x0,0x0,0x68,0x0,0x6f,0x0,
0x72,0x0,0x69,0x0,0x7a,0x0,0x6f,0x0,
0x6e,0x0,0x74,0x0,0x61,0x0,0x6c,0x0,
0x43,0x0,0x65,0x0,0x6e,0x0,0x74,0x0,
0x65,0x0,0x72,0x0,0x0,0x0,0x0,0x0,
0x1f,0x0,0x0,0x0,0x65,0x0,0x78,0x0,
0x70,0x0,0x72,0x0,0x65,0x0,0x73,0x0,
0x73,0x0,0x69,0x0,0x6f,0x0,0x6e,0x0,
0x20,0x0,0x66,0x0,0x6f,0x0,0x72,0x0,
0x20,0x0,0x68,0x0,0x6f,0x0,0x72,0x0,
0x69,0x0,0x7a,0x0,0x6f,0x0,0x6e,0x0,
0x74,0x0,0x61,0x0,0x6c,0x0,0x43,0x0,
0x65,0x0,0x6e,0x0,0x74,0x0,0x65,0x0,
0x72,0x0,0x0,0x0,0x0,0x0,0x0,0x0,
0xe,0x0,0x0,0x0,0x76,0x0,0x65,0x0,
0x72,0x0,0x74,0x0,0x69,0x0,0x63,0x0,
0x61,0x0,0x6c,0x0,0x43,0x0,0x65,0x0,
0x6e,0x0,0x74,0x0,0x65,0x0,0x72,0x0,
0x0,0x0,0x0,0x0,0x0,0x0,0x0,0x0,
0x1d,0x0,0x0,0x0,0x65,0x0,0x78,0x0,
0x70,0x0,0x72,0x0,0x65,0x0,0x73,0x0,
0x73,0x0,0x69,0x0,0x6f,0x0,0x6e,0x0,
0x20,0x0,0x66,0x0,0x6f,0x0,0x72,0x0,
0x20,0x0,0x76,0x0,0x65,0x0,0x72,0x0,
0x74,0x0,0x69,0x0,0x63,0x0,0x61,0x0,
0x6c,0x0,0x43,0x0,0x65,0x0,0x6e,0x0,
0x74,0x0,0x65,0x0,0x72,0x0,0x0,0x0,
0x12,0x0,0x0,0x0,0x62,0x0,0x61,0x0,
0x73,0x0,0x65,0x0,0x46,0x0,0x72,0x0,
0x65,0x0,0x74,0x0,0x42,0x0,0x6f,0x0,
0x75,0x0,0x6e,0x0,0x64,0x0,0x61,0x0,
0x72,0x0,0x69,0x0,0x65,0x0,0x73,0x0,
0x0,0x0,0x0,0x0,0x0,0x0,0x0,0x0,
0x21,0x0,0x0,0x0,0x65,0x0,0x78,0x0,
0x70,0x0,0x72,0x0,0x65,0x0,0x73,0x0,
0x73,0x0,0x69,0x0,0x6f,0x0,0x6e,0x0,
0x20,0x0,0x66,0x0,0x6f,0x0,0x72,0x0,
0x20,0x0,0x62,0x0,0x61,0x0,0x73,0x0,
0x65,0x0,0x46,0x0,0x72,0x0,0x65,0x0,
0x74,0x0,0x42,0x0,0x6f,0x0,0x75,0x0,
0x6e,0x0,0x64,0x0,0x61,0x0,0x72,0x0,
0x69,0x0,0x65,0x0,0x73,0x0,0x0,0x0,
0x11,0x0,0x0,0x0,0x62,0x0,0x61,0x0,
0x73,0x0,0x65,0x0,0x53,0x0,0x74,0x0,
0x72,0x0,0x69,0x0,0x6e,0x0,0x67,0x0,
0x4f,0x0,0x66,0x0,0x66,0x0,0x73,0x0,
0x65,0x0,0x74,0x0,0x73,0x0,0x0,0x0,
0x20,0x0,0x0,0x0,0x65,0x0,0x78,0x0,
0x70,0x0,0x72,0x0,0x65,0x0,0x73,0x0,
0x73,0x0,0x69,0x0,0x6f,0x0,0x6e,0x0,
0x20,0x0,0x66,0x0,0x6f,0x0,0x72,0x0,
0x20,0x0,0x62,0x0,0x61,0x0,0x73,0x0,
0x65,0x0,0x53,0x0,0x74,0x0,0x72,0x0,
0x69,0x0,0x6e,0x0,0x67,0x0,0x4f,0x0,
0x66,0x0,0x66,0x0,0x73,0x0,0x65,0x0,
0x74,0x0,0x73,0x0,0x0,0x0,0x0,0x0,
0x18,0x0,0x0,0x0,0x6e,0x0,0x6f,0x0,
0x72,0x0,0x6d,0x0,0x61,0x0,0x6c,0x0,
0x69,0x0,0x7a,0x0,0x65,0x0,0x64,0x0,
0x46,0x0,0x72,0x0,0x65,0x0,0x74,0x0,
0x42,0x0,0x6f,0x0,0x75,0x0,0x6e,0x0,
0x64,0x0,0x61,0x0,0x72,0x0,0x69,0x0,
0x65,0x0,0x73,0x0,0x0,0x0,0x0,0x0,
0x27,0x0,0x0,0x0,0x65,0x0,0x78,0x0,
0x70,0x0,0x72,0x0,0x65,0x0,0x73,0x0,
0x73,0x0,0x69,0x0,0x6f,0x0,0x6e,0x0,
0x20,0x0,0x66,0x0,0x6f,0x0,0x72,0x0,
0x20,0x0,0x6e,0x0,0x6f,0x0,0x72,0x0,
0x6d,0x0,0x61,0x0,0x6c,0x0,0x69,0x0,
0x7a,0x0,0x65,0x0,0x64,0x0,0x46,0x0,
0x72,0x0,0x65,0x0,0x74,0x0,0x42,0x0,
0x6f,0x0,0x75,0x0,0x6e,0x0,0x64,0x0,
0x61,0x0,0x72,0x0,0x69,0x0,0x65,0x0,
0x73,0x0,0x0,0x0,0x0,0x0,0x0,0x0,
0x17,0x0,0x0,0x0,0x6e,0x0,0x6f,0x0,
0x72,0x0,0x6d,0x0,0x61,0x0,0x6c,0x0,
0x69,0x0,0x7a,0x0,0x65,0x0,0x64,0x0,
0x53,0x0,0x74,0x0,0x72,0x0,0x69,0x0,
0x6e,0x0,0x67,0x0,0x4f,0x0,0x66,0x0,
0x66,0x0,0x73,0x0,0x65,0x0,0x74,0x0,
0x73,0x0,0x0,0x0,0x0,0x0,0x0,0x0,
0x26,0x0,0x0,0x0,0x65,0x0,0x78,0x0,
0x70,0x0,0x72,0x0,0x65,0x0,0x73,0x0,
0x73,0x0,0x69,0x0,0x6f,0x0,0x6e,0x0,
0x20,0x0,0x66,0x0,0x6f,0x0,0x72,0x0,
0x20,0x0,0x6e,0x0,0x6f,0x0,0x72,0x0,
0x6d,0x0,0x61,0x0,0x6c,0x0,0x69,0x0,
0x7a,0x0,0x65,0x0,0x64,0x0,0x53,0x0,
0x74,0x0,0x72,0x0,0x69,0x0,0x6e,0x0,
0x67,0x0,0x4f,0x0,0x66,0x0,0x66,0x0,
0x73,0x0,0x65,0x0,0x74,0x0,0x73,0x0,
0x0,0x0,0x0,0x0,0x0,0x0,0x0,0x0,
0x11,0x0,0x0,0x0,0x61,0x0,0x6c,0x0,
0x6c,0x0,0x6f,0x0,0x77,0x0,0x4d,0x0,
0x6f,0x0,0x75,0x0,0x73,0x0,0x65,0x0,
0x4f,0x0,0x76,0x0,0x65,0x0,0x72,0x0,
0x6c,0x0,0x61,0x0,0x79,0x0,0x0,0x0,
0xd,0x0,0x0,0x0,0x6f,0x0,0x76,0x0,
0x65,0x0,0x72,0x0,0x6c,0x0,0x61,0x0,
0x79,0x0,0x53,0x0,0x6f,0x0,0x75,0x0,
0x72,0x0,0x63,0x0,0x65,0x0,0x0,0x0,
0xc,0x0,0x0,0x0,0x61,0x0,0x63,0x0,
0x74,0x0,0x69,0x0,0x76,0x0,0x65,0x0,
0x53,0x0,0x74,0x0,0x72,0x0,0x69,0x0,
0x6e,0x0,0x67,0x0,0x0,0x0,0x0,0x0,
0xa,0x0,0x0,0x0,0x61,0x0,0x63,0x0,
0x74,0x0,0x69,0x0,0x76,0x0,0x65,0x0,
0x46,0x0,0x72,0x0,0x65,0x0,0x74,0x0,
0x0,0x0,0x0,0x0,0x0,0x0,0x0,0x0,
0xf,0x0,0x0,0x0,0x6c,0x0,0x69,0x0,
0x76,0x0,0x65,0x0,0x4e,0x0,0x6f,0x0,
0x74,0x0,0x65,0x0,0x73,0x0,0x41,0x0,
0x63,0x0,0x74,0x0,0x69,0x0,0x76,0x0,
0x65,0x0,0x0,0x0,0x0,0x0,0x0,0x0,
0x1e,0x0,0x0,0x0,0x65,0x0,0x78,0x0,
0x70,0x0,0x72,0x0,0x65,0x0,0x73,0x0,
0x73,0x0,0x69,0x0,0x6f,0x0,0x6e,0x0,
0x20,0x0,0x66,0x0,0x6f,0x0,0x72,0x0,
0x20,0x0,0x6c,0x0,0x69,0x0,0x76,0x0,
0x65,0x0,0x4e,0x0,0x6f,0x0,0x74,0x0,
0x65,0x0,0x73,0x0,0x41,0x0,0x63,0x0,
0x74,0x0,0x69,0x0,0x76,0x0,0x65,0x0,
0x0,0x0,0x0,0x0,0x0,0x0,0x0,0x0,
0x9,0x0,0x0,0x0,0x4c,0x0,0x69,0x0,
0x73,0x0,0x74,0x0,0x4d,0x0,0x6f,0x0,
0x64,0x0,0x65,0x0,0x6c,0x0,0x0,0x0,
0xd,0x0,0x0,0x0,0x6c,0x0,0x69,0x0,
0x76,0x0,0x65,0x0,0x4e,0x0,0x6f,0x0,
0x74,0x0,0x65,0x0,0x4d,0x0,0x6f,0x0,
0x64,0x0,0x65,0x0,0x6c,0x0,0x0,0x0,
0x5,0x0,0x0,0x0,0x54,0x0,0x69,0x0,
0x6d,0x0,0x65,0x0,0x72,0x0,0x0,0x0,
0x12,0x0,0x0,0x0,0x6c,0x0,0x69,0x0,
0x76,0x0,0x65,0x0,0x4e,0x0,0x6f,0x0,
0x74,0x0,0x65,0x0,0x53,0x0,0x77,0x0,
0x65,0x0,0x65,0x0,0x70,0x0,0x54,0x0,
0x69,0x0,0x6d,0x0,0x65,0x0,0x72,0x0,
0x0,0x0,0x0,0x0,0x0,0x0,0x0,0x0,
0x8,0x0,0x0,0x0,0x69,0x0,0x6e,0x0,
0x74,0x0,0x65,0x0,0x72,0x0,0x76,0x0,
0x61,0x0,0x6c,0x0,0x0,0x0,0x0,0x0,
0x6,0x0,0x0,0x0,0x72,0x0,0x65,0x0,
0x70,0x0,0x65,0x0,0x61,0x0,0x74,0x0,
0x0,0x0,0x0,0x0,0x0,0x0,0x0,0x0,
0x7,0x0,0x0,0x0,0x72,0x0,0x75,0x0,
0x6e,0x0,0x6e,0x0,0x69,0x0,0x6e,0x0,
0x67,0x0,0x0,0x0,0x0,0x0,0x0,0x0,
0xb,0x0,0x0,0x0,0x6f,0x0,0x6e,0x0,
0x54,0x0,0x72,0x0,0x69,0x0,0x67,0x0,
0x67,0x0,0x65,0x0,0x72,0x0,0x65,0x0,
0x64,0x0,0x0,0x0,0x0,0x0,0x0,0x0,
0x1a,0x0,0x0,0x0,0x65,0x0,0x78,0x0,
0x70,0x0,0x72,0x0,0x65,0x0,0x73,0x0,
0x73,0x0,0x69,0x0,0x6f,0x0,0x6e,0x0,
0x20,0x0,0x66,0x0,0x6f,0x0,0x72,0x0,
0x20,0x0,0x6f,0x0,0x6e,0x0,0x54,0x0,
0x72,0x0,0x69,0x0,0x67,0x0,0x67,0x0,
0x65,0x0,0x72,0x0,0x65,0x0,0x64,0x0,
0x0,0x0,0x0,0x0,0x0,0x0,0x0,0x0,
0xc,0x0,0x0,0x0,0x73,0x0,0x74,0x0,
0x72,0x0,0x69,0x0,0x6e,0x0,0x67,0x0,
0x43,0x0,0x65,0x0,0x6e,0x0,0x74,0x0,
0x65,0x0,0x72,0x0,0x0,0x0,0x0,0x0,
0xa,0x0,0x0,0x0,0x66,0x0,0x72,0x0,
0x65,0x0,0x74,0x0,0x43,0x0,0x65,0x0,
0x6e,0x0,0x74,0x0,0x65,0x0,0x72,0x0,
0x0,0x0,0x0,0x0,0x0,0x0,0x0,0x0,
0xe,0x0,0x0,0x0,0x73,0x0,0x74,0x0,
0x72,0x0,0x69,0x0,0x6e,0x0,0x67,0x0,
0x49,0x0,0x6e,0x0,0x64,0x0,0x65,0x0,
0x78,0x0,0x46,0x0,0x6f,0x0,0x72,0x0,
0x0,0x0,0x0,0x0,0x0,0x0,0x0,0x0,
0x1,0x0,0x0,0x0,0x79,0x0,0x0,0x0,
0xc,0x0,0x0,0x0,0x66,0x0,0x72,0x0,
0x65,0x0,0x74,0x0,0x49,0x0,0x6e,0x0,
0x64,0x0,0x65,0x0,0x78,0x0,0x46,0x0,
0x6f,0x0,0x72,0x0,0x0,0x0,0x0,0x0,
0x1,0x0,0x0,0x0,0x78,0x0,0x0,0x0,
0xf,0x0,0x0,0x0,0x61,0x0,0x63,0x0,
0x74,0x0,0x69,0x0,0x76,0x0,0x61,0x0,
0x74,0x0,0x65,0x0,0x4f,0x0,0x76,0x0,
0x65,0x0,0x72,0x0,0x6c,0x0,0x61,0x0,
0x79,0x0,0x0,0x0,0x0,0x0,0x0,0x0,
0xb,0x0,0x0,0x0,0x73,0x0,0x74,0x0,
0x72,0x0,0x69,0x0,0x6e,0x0,0x67,0x0,
0x49,0x0,0x6e,0x0,0x64,0x0,0x65,0x0,
0x78,0x0,0x0,0x0,0x0,0x0,0x0,0x0,
0x9,0x0,0x0,0x0,0x66,0x0,0x72,0x0,
0x65,0x0,0x74,0x0,0x49,0x0,0x6e,0x0,
0x64,0x0,0x65,0x0,0x78,0x0,0x0,0x0,
0x11,0x0,0x0,0x0,0x64,0x0,0x65,0x0,
0x61,0x0,0x63,0x0,0x74,0x0,0x69,0x0,
0x76,0x0,0x61,0x0,0x74,0x0,0x65,0x0,
0x4f,0x0,0x76,0x0,0x65,0x0,0x72,0x0,
0x6c,0x0,0x61,0x0,0x79,0x0,0x0,0x0,
0x12,0x0,0x0,0x0,0x61,0x0,0x64,0x0,
0x64,0x0,0x4c,0x0,0x69,0x0,0x76,0x0,
0x65,0x0,0x4e,0x0,0x6f,0x0,0x74,0x0,
0x65,0x0,0x4f,0x0,0x76,0x0,0x65,0x0,
0x72,0x0,0x6c,0x0,0x61,0x0,0x79,0x0,
0x0,0x0,0x0,0x0,0x0,0x0,0x0,0x0,
0xe,0x0,0x0,0x0,0x72,0x0,0x61,0x0,
0x77,0x0,0x53,0x0,0x74,0x0,0x72,0x0,
0x69,0x0,0x6e,0x0,0x67,0x0,0x49,0x0,
0x6e,0x0,0x64,0x0,0x65,0x0,0x78,0x0,
0x0,0x0,0x0,0x0,0x0,0x0,0x0,0x0,
0x8,0x0,0x0,0x0,0x76,0x0,0x65,0x0,
0x6c,0x0,0x6f,0x0,0x63,0x0,0x69,0x0,
0x74,0x0,0x79,0x0,0x0,0x0,0x0,0x0,
0x15,0x0,0x0,0x0,0x72,0x0,0x65,0x0,
0x6d,0x0,0x6f,0x0,0x76,0x0,0x65,0x0,
0x4c,0x0,0x69,0x0,0x76,0x0,0x65,0x0,
0x4e,0x0,0x6f,0x0,0x74,0x0,0x65,0x0,
0x4f,0x0,0x76,0x0,0x65,0x0,0x72,0x0,
0x6c,0x0,0x61,0x0,0x79,0x0,0x0,0x0,
0x16,0x0,0x0,0x0,0x75,0x0,0x70,0x0,
0x64,0x0,0x61,0x0,0x74,0x0,0x65,0x0,
0x4c,0x0,0x69,0x0,0x76,0x0,0x65,0x0,
0x4e,0x0,0x6f,0x0,0x74,0x0,0x65,0x0,
0x45,0x0,0x6e,0x0,0x76,0x0,0x65,0x0,
0x6c,0x0,0x6f,0x0,0x70,0x0,0x65,0x0,
0x0,0x0,0x0,0x0,0x0,0x0,0x0,0x0,
0x8,0x0,0x0,0x0,0x65,0x0,0x6e,0x0,
0x76,0x0,0x65,0x0,0x6c,0x0,0x6f,0x0,
0x70,0x0,0x65,0x0,0x0,0x0,0x0,0x0,
0xe,0x0,0x0,0x0,0x70,0x0,0x72,0x0,
0x75,0x0,0x6e,0x0,0x65,0x0,0x4c,0x0,
0x69,0x0,0x76,0x0,0x65,0x0,0x4e,0x0,
0x6f,0x0,0x74,0x0,0x65,0x0,0x73,0x0,
0x0,0x0,0x0,0x0,0x0,0x0,0x0,0x0,
0xe,0x0,0x0,0x0,0x63,0x0,0x6c,0x0,
0x65,0x0,0x61,0x0,0x72,0x0,0x4c,0x0,
0x69,0x0,0x76,0x0,0x65,0x0,0x4e,0x0,
0x6f,0x0,0x74,0x0,0x65,0x0,0x73,0x0,
0x0,0x0,0x0,0x0,0x0,0x0,0x0,0x0,
0xb,0x0,0x0,0x0,0x75,0x0,0x70,0x0,
0x64,0x0,0x61,0x0,0x74,0x0,0x65,0x0,
0x48,0x0,0x6f,0x0,0x76,0x0,0x65,0x0,
0x72,0x0,0x0,0x0,0x0,0x0,0x0,0x0,
0xc,0x0,0x0,0x0,0x73,0x0,0x74,0x0,
0x6f,0x0,0x70,0x0,0x50,0x0,0x6c,0x0,
0x61,0x0,0x79,0x0,0x62,0x0,0x61,0x0,
0x63,0x0,0x6b,0x0,0x0,0x0,0x0,0x0,
0xe,0x0,0x0,0x0,0x66,0x0,0x69,0x0,
0x6e,0x0,0x69,0x0,0x73,0x0,0x68,0x0,
0x50,0x0,0x6c,0x0,0x61,0x0,0x79,0x0,
0x62,0x0,0x61,0x0,0x63,0x0,0x6b,0x0,
0x0,0x0,0x0,0x0,0x0,0x0,0x0,0x0,
0x12,0x0,0x0,0x0,0x70,0x0,0x6c,0x0,
0x61,0x0,0x79,0x0,0x44,0x0,0x65,0x0,
0x74,0x0,0x65,0x0,0x63,0x0,0x74,0x0,
0x65,0x0,0x64,0x0,0x45,0x0,0x76,0x0,
0x65,0x0,0x6e,0x0,0x74,0x0,0x73,0x0,
0x0,0x0,0x0,0x0,0x0,0x0,0x0,0x0,
0x6,0x0,0x0,0x0,0x65,0x0,0x76,0x0,
0x65,0x0,0x6e,0x0,0x74,0x0,0x73,0x0,
0x0,0x0,0x0,0x0,0x0,0x0,0x0,0x0,
0x19,0x0,0x0,0x0,0x73,0x0,0x63,0x0,
0x68,0x0,0x65,0x0,0x64,0x0,0x75,0x0,
0x6c,0x0,0x65,0x0,0x4e,0x0,0x65,0x0,
0x78,0x0,0x74,0x0,0x50,0x0,0x6c,0x0,
0x61,0x0,0x79,0x0,0x62,0x0,0x61,0x0,
0x63,0x0,0x6b,0x0,0x45,0x0,0x76,0x0,
0x65,0x0,0x6e,0x0,0x74,0x0,0x0,0x0,
0x11,0x0,0x0,0x0,0x73,0x0,0x68,0x0,
0x6f,0x0,0x77,0x0,0x50,0x0,0x6c,0x0,
0x61,0x0,0x79,0x0,0x62,0x0,0x61,0x0,
0x63,0x0,0x6b,0x0,0x45,0x0,0x76,0x0,
0x65,0x0,0x6e,0x0,0x74,0x0,0x0,0x0,
0x2,0x0,0x0,0x0,0x65,0x0,0x76,0x0,
0x0,0x0,0x0,0x0,0x0,0x0,0x0,0x0,
0x15,0x0,0x0,0x0,0x68,0x0,0x61,0x0,
0x6e,0x0,0x64,0x0,0x6c,0x0,0x65,0x0,
0x50,0x0,0x6c,0x0,0x61,0x0,0x79,0x0,
0x62,0x0,0x61,0x0,0x63,0x0,0x6b,0x0,
0x52,0x0,0x65,0x0,0x6c,0x0,0x65,0x0,
0x61,0x0,0x73,0x0,0x65,0x0,0x0,0x0,
0xa,0x0,0x0,0x0,0x66,0x0,0x72,0x0,
0x65,0x0,0x74,0x0,0x73,0x0,0x49,0x0,
0x6d,0x0,0x61,0x0,0x67,0x0,0x65,0x0,
0x0,0x0,0x0,0x0,0x0,0x0,0x0,0x0,
0x16,0x0,0x0,0x0,0x65,0x0,0x78,0x0,
0x70,0x0,0x72,0x0,0x65,0x0,0x73,0x0,
0x73,0x0,0x69,0x0,0x6f,0x0,0x6e,0x0,
0x20,0x0,0x66,0x0,0x6f,0x0,0x72,0x0,
0x20,0x0,0x76,0x0,0x69,0x0,0x73,0x0,
0x69,0x0,0x62,0x0,0x6c,0x0,0x65,0x0,
0x0,0x0,0x0,0x0,0x0,0x0,0x0,0x0,
0x27,0x0,0x0,0x0,0x2e,0x0,0x2e,0x0,
0x2f,0x0,0x61,0x0,0x73,0x0,0x73,0x0,
0x65,0x0,0x74,0x0,0x73,0x0,0x2f,0x0,
0x54,0x0,0x61,0x0,0x62,0x0,0x50,0x0,
0x61,0x0,0x67,0x0,0x65,0x0,0x2f,0x0,
0x4e,0x0,0x65,0x0,0x63,0x0,0x6b,0x0,
0x44,0x0,0x69,0x0,0x73,0x0,0x70,0x0,
0x6c,0x0,0x61,0x0,0x79,0x0,0x2f,0x0,
0x46,0x0,0x72,0x0,0x65,0x0,0x74,0x0,
0x73,0x0,0x2e,0x0,0x73,0x0,0x76,0x0,
0x67,0x0,0x0,0x0,0x0,0x0,0x0,0x0,
0xa,0x0,0x0,0x0,0x73,0x0,0x6f,0x0,
0x75,0x0,0x72,0x0,0x63,0x0,0x65,0x0,
0x53,0x0,0x69,0x0,0x7a,0x0,0x65,0x0,
0x0,0x0,0x0,0x0,0x0,0x0,0x0,0x0,
0x9,0x0,0x0,0x0,0x6e,0x0,0x65,0x0,
0x63,0x0,0x6b,0x0,0x49,0x0,0x6d,0x0,
0x61,0x0,0x67,0x0,0x65,0x0,0x0,0x0,
0x26,0x0,0x0,0x0,0x2e,0x0,0x2e,0x0,
0x2f,0x0,0x61,0x0,0x73,0x0,0x73,0x0,
0x65,0x0,0x74,0x0,0x73,0x0,0x2f,0x0,
0x54,0x0,0x61,0x0,0x62,0x0,0x50,0x0,
0x61,0x0,0x67,0x0,0x65,0x0,0x2f,0x0,
0x4e,0x0,0x65,0x0,0x63,0x0,0x6b,0x0,
0x44,0x0,0x69,0x0,0x73,0x0,0x70,0x0,
0x6c,0x0,0x61,0x0,0x79,0x0,0x2f,0x0,
0x4e,0x0,0x65,0x0,0x63,0x0,0x6b,0x0,
0x2e,0x0,0x70,0x0,0x6e,0x0,0x67,0x0,
0x0,0x0,0x0,0x0,0x0,0x0,0x0,0x0,
0x16,0x0,0x0,0x0,0x68,0x0,0x6f,0x0,
0x72,0x0,0x69,0x0,0x7a,0x0,0x6f,0x0,
0x6e,0x0,0x74,0x0,0x61,0x0,0x6c,0x0,
0x43,0x0,0x65,0x0,0x6e,0x0,0x74,0x0,
0x65,0x0,0x72,0x0,0x4f,0x0,0x66,0x0,
0x66,0x0,0x73,0x0,0x65,0x0,0x74,0x0,
0x0,0x0,0x0,0x0,0x0,0x0,0x0,0x0,
0x14,0x0,0x0,0x0,0x76,0x0,0x65,0x0,
0x72,0x0,0x74,0x0,0x69,0x0,0x63,0x0,
0x61,0x0,0x6c,0x0,0x43,0x0,0x65,0x0,
0x6e,0x0,0x74,0x0,0x65,0x0,0x72,0x0,
0x4f,0x0,0x66,0x0,0x66,0x0,0x73,0x0,
0x65,0x0,0x74,0x0,0x0,0x0,0x0,0x0,
0xc,0x0,0x0,0x0,0x73,0x0,0x74,0x0,
0x72,0x0,0x69,0x0,0x6e,0x0,0x67,0x0,
0x73,0x0,0x49,0x0,0x6d,0x0,0x61,0x0,
0x67,0x0,0x65,0x0,0x0,0x0,0x0,0x0,
0x29,0x0,0x0,0x0,0x2e,0x0,0x2e,0x0,
0x2f,0x0,0x61,0x0,0x73,0x0,0x73,0x0,
0x65,0x0,0x74,0x0,0x73,0x0,0x2f,0x0,
0x54,0x0,0x61,0x0,0x62,0x0,0x50,0x0,
0x61,0x0,0x67,0x0,0x65,0x0,0x2f,0x0,
0x4e,0x0,0x65,0x0,0x63,0x0,0x6b,0x0,
0x44,0x0,0x69,0x0,0x73,0x0,0x70,0x0,
0x6c,0x0,0x61,0x0,0x79,0x0,0x2f,0x0,
0x53,0x0,0x74,0x0,0x72,0x0,0x69,0x0,
0x6e,0x0,0x67,0x0,0x73,0x0,0x2e,0x0,
0x73,0x0,0x76,0x0,0x67,0x0,0x0,0x0,
0x18,0x0,0x0,0x0,0x65,0x0,0x78,0x0,
0x70,0x0,0x72,0x0,0x65,0x0,0x73,0x0,
0x73,0x0,0x69,0x0,0x6f,0x0,0x6e,0x0,
0x20,0x0,0x66,0x0,0x6f,0x0,0x72,0x0,
0x20,0x0,0x74,0x0,0x6f,0x0,0x70,0x0,
0x4d,0x0,0x61,0x0,0x72,0x0,0x67,0x0,
0x69,0x0,0x6e,0x0,0x0,0x0,0x0,0x0,
0x2e,0x0,0x0,0x0,0x2e,0x0,0x2e,0x0,
0x2f,0x0,0x61,0x0,0x73,0x0,0x73,0x0,
0x65,0x0,0x74,0x0,0x73,0x0,0x2f,0x0,
0x54,0x0,0x61,0x0,0x62,0x0,0x50,0x0,
0x61,0x0,0x67,0x0,0x65,0x0,0x2f,0x0,
0x4e,0x0,0x65,0x0,0x63,0x0,0x6b,0x0,
0x44,0x0,0x69,0x0,0x73,0x0,0x70,0x0,
0x6c,0x0,0x61,0x0,0x79,0x0,0x2f,0x0,
0x53,0x0,0x74,0x0,0x72,0x0,0x69,0x0,
0x6e,0x0,0x67,0x0,0x4c,0x0,0x61,0x0,
0x62,0x0,0x65,0x0,0x6c,0x0,0x73,0x0,
0x2e,0x0,0x73,0x0,0x76,0x0,0x67,0x0,
0x0,0x0,0x0,0x0,0x0,0x0,0x0,0x0,
0xb,0x0,0x0,0x0,0x72,0x0,0x69,0x0,
0x67,0x0,0x68,0x0,0x74,0x0,0x4d,0x0,
0x61,0x0,0x72,0x0,0x67,0x0,0x69,0x0,
0x6e,0x0,0x0,0x0,0x0,0x0,0x0,0x0,
0x23,0x0,0x0,0x0,0x65,0x0,0x78,0x0,
0x70,0x0,0x72,0x0,0x65,0x0,0x73,0x0,
0x73,0x0,0x69,0x0,0x6f,0x0,0x6e,0x0,
0x20,0x0,0x66,0x0,0x6f,0x0,0x72,0x0,
0x20,0x0,0x76,0x0,0x65,0x0,0x72,0x0,
0x74,0x0,0x69,0x0,0x63,0x0,0x61,0x0,
0x6c,0x0,0x43,0x0,0x65,0x0,0x6e,0x0,
0x74,0x0,0x65,0x0,0x72,0x0,0x4f,0x0,
0x66,0x0,0x66,0x0,0x73,0x0,0x65,0x0,
0x74,0x0,0x0,0x0,0x0,0x0,0x0,0x0,
0xb,0x0,0x0,0x0,0x68,0x0,0x6f,0x0,
0x76,0x0,0x65,0x0,0x72,0x0,0x4d,0x0,
0x61,0x0,0x72,0x0,0x6b,0x0,0x65,0x0,
0x72,0x0,0x0,0x0,0x0,0x0,0x0,0x0,
0x23,0x0,0x0,0x0,0x2e,0x0,0x2e,0x0,
0x2f,0x0,0x61,0x0,0x73,0x0,0x73,0x0,
0x65,0x0,0x74,0x0,0x73,0x0,0x2f,0x0,
0x54,0x0,0x61,0x0,0x62,0x0,0x50,0x0,
0x61,0x0,0x67,0x0,0x65,0x0,0x2f,0x0,
0x6f,0x0,0x76,0x0,0x65,0x0,0x72,0x0,
0x6c,0x0,0x61,0x0,0x79,0x0,0x4d,0x0,
0x61,0x0,0x72,0x0,0x6b,0x0,0x65,0x0,
0x72,0x0,0x2e,0x0,0x73,0x0,0x76,0x0,
0x67,0x0,0x0,0x0,0x0,0x0,0x0,0x0,
0x8,0x0,0x0,0x0,0x52,0x0,0x65,0x0,
0x70,0x0,0x65,0x0,0x61,0x0,0x74,0x0,
0x65,0x0,0x72,0x0,0x0,0x0,0x0,0x0,
0x10,0x0,0x0,0x0,0x6c,0x0,0x69,0x0,
0x76,0x0,0x65,0x0,0x4e,0x0,0x6f,0x0,
0x74,0x0,0x65,0x0,0x52,0x0,0x65,0x0,
0x70,0x0,0x65,0x0,0x61,0x0,0x74,0x0,
0x65,0x0,0x72,0x0,0x0,0x0,0x0,0x0,
0x5,0x0,0x0,0x0,0x6d,0x0,0x6f,0x0,
0x64,0x0,0x65,0x0,0x6c,0x0,0x0,0x0,
0x14,0x0,0x0,0x0,0x65,0x0,0x78,0x0,
0x70,0x0,0x72,0x0,0x65,0x0,0x73,0x0,
0x73,0x0,0x69,0x0,0x6f,0x0,0x6e,0x0,
0x20,0x0,0x66,0x0,0x6f,0x0,0x72,0x0,
0x20,0x0,0x6d,0x0,0x6f,0x0,0x64,0x0,
0x65,0x0,0x6c,0x0,0x0,0x0,0x0,0x0,
0x6,0x0,0x0,0x0,0x72,0x0,0x61,0x0,
0x64,0x0,0x69,0x0,0x75,0x0,0x73,0x0,
0x0,0x0,0x0,0x0,0x0,0x0,0x0,0x0,
0x14,0x0,0x0,0x0,0x65,0x0,0x78,0x0,
0x70,0x0,0x72,0x0,0x65,0x0,0x73,0x0,
0x73,0x0,0x69,0x0,0x6f,0x0,0x6e,0x0,
0x20,0x0,0x66,0x0,0x6f,0x0,0x72,0x0,
0x20,0x0,0x63,0x0,0x6f,0x0,0x6c,0x0,
0x6f,0x0,0x72,0x0,0x0,0x0,0x0,0x0,
0x6,0x0,0x0,0x0,0x62,0x0,0x6f,0x0,
0x72,0x0,0x64,0x0,0x65,0x0,0x72,0x0,
0x0,0x0,0x0,0x0,0x0,0x0,0x0,0x0,
0x7,0x0,0x0,0x0,0x23,0x0,0x66,0x0,
0x66,0x0,0x64,0x0,0x38,0x0,0x61,0x0,
0x32,0x0,0x0,0x0,0x0,0x0,0x0,0x0,
0x10,0x0,0x0,0x0,0x65,0x0,0x78,0x0,
0x70,0x0,0x72,0x0,0x65,0x0,0x73,0x0,
0x73,0x0,0x69,0x0,0x6f,0x0,0x6e,0x0,
0x20,0x0,0x66,0x0,0x6f,0x0,0x72,0x0,
0x20,0x0,0x78,0x0,0x0,0x0,0x0,0x0,
0x10,0x0,0x0,0x0,0x65,0x0,0x78,0x0,
0x70,0x0,0x72,0x0,0x65,0x0,0x73,0x0,
0x73,0x0,0x69,0x0,0x6f,0x0,0x6e,0x0,
0x20,0x0,0x66,0x0,0x6f,0x0,0x72,0x0,
0x20,0x0,0x79,0x0,0x0,0x0,0x0,0x0,
0x7,0x0,0x0,0x0,0x6f,0x0,0x70,0x0,
0x61,0x0,0x63,0x0,0x69,0x0,0x74,0x0,
0x79,0x0,0x0,0x0,0x0,0x0,0x0,0x0,
0x16,0x0,0x0,0x0,0x65,0x0,0x78,0x0,
0x70,0x0,0x72,0x0,0x65,0x0,0x73,0x0,
0x73,0x0,0x69,0x0,0x6f,0x0,0x6e,0x0,
0x20,0x0,0x66,0x0,0x6f,0x0,0x72,0x0,
0x20,0x0,0x6f,0x0,0x70,0x0,0x61,0x0,
0x63,0x0,0x69,0x0,0x74,0x0,0x79,0x0,
0x0,0x0,0x0,0x0,0x0,0x0,0x0,0x0,
0x8,0x0,0x0,0x0,0x42,0x0,0x65,0x0,
0x68,0x0,0x61,0x0,0x76,0x0,0x69,0x0,
0x6f,0x0,0x72,0x0,0x0,0x0,0x0,0x0,
0xf,0x0,0x0,0x0,0x4e,0x0,0x75,0x0,
0x6d,0x0,0x62,0x0,0x65,0x0,0x72,0x0,
0x41,0x0,0x6e,0x0,0x69,0x0,0x6d,0x0,
0x61,0x0,0x74,0x0,0x69,0x0,0x6f,0x0,
0x6e,0x0,0x0,0x0,0x0,0x0,0x0,0x0,
0x8,0x0,0x0,0x0,0x64,0x0,0x75,0x0,
0x72,0x0,0x61,0x0,0x74,0x0,0x69,0x0,
0x6f,0x0,0x6e,0x0,0x0,0x0,0x0,0x0,
0x6,0x0,0x0,0x0,0x65,0x0,0x61,0x0,
0x73,0x0,0x69,0x0,0x6e,0x0,0x67,0x0,
0x0,0x0,0x0,0x0,0x0,0x0,0x0,0x0,
0x4,0x0,0x0,0x0,0x74,0x0,0x79,0x0,
0x70,0x0,0x65,0x0,0x0,0x0,0x0,0x0,
0x13,0x0,0x0,0x0,0x65,0x0,0x78,0x0,
0x70,0x0,0x72,0x0,0x65,0x0,0x73,0x0,
0x73,0x0,0x69,0x0,0x6f,0x0,0x6e,0x0,
0x20,0x0,0x66,0x0,0x6f,0x0,0x72,0x0,
0x20,0x0,0x74,0x0,0x79,0x0,0x70,0x0,
0x65,0x0,0x0,0x0,0x0,0x0,0x0,0x0,
0x8,0x0,0x0,0x0,0x64,0x0,0x65,0x0,
0x6c,0x0,0x65,0x0,0x67,0x0,0x61,0x0,
0x74,0x0,0x65,0x0,0x0,0x0,0x0,0x0,
0xa,0x0,0x0,0x0,0x68,0x0,0x6f,0x0,
0x76,0x0,0x65,0x0,0x72,0x0,0x42,0x0,
0x61,0x0,0x64,0x0,0x67,0x0,0x65,0x0,
0x0,0x0,0x0,0x0,0x0,0x0,0x0,0x0,
0x9,0x0,0x0,0x0,0x23,0x0,0x32,0x0,
0x41,0x0,0x32,0x0,0x33,0x0,0x31,0x0,
0x44,0x0,0x45,0x0,0x45,0x0,0x0,0x0,
0x9,0x0,0x0,0x0,0x23,0x0,0x46,0x0,
0x32,0x0,0x45,0x0,0x38,0x0,0x44,0x0,
0x35,0x0,0x34,0x0,0x34,0x0,0x0,0x0,
0x1c,0x0,0x0,0x0,0x65,0x0,0x78,0x0,
0x70,0x0,0x72,0x0,0x65,0x0,0x73,0x0,
0x73,0x0,0x69,0x0,0x6f,0x0,0x6e,0x0,
0x20,0x0,0x66,0x0,0x6f,0x0,0x72,0x0,
0x20,0x0,0x69,0x0,0x6d,0x0,0x70,0x0,
0x6c,0x0,0x69,0x0,0x63,0x0,0x69,0x0,
0x74,0x0,0x57,0x0,0x69,0x0,0x64,0x0,
0x74,0x0,0x68,0x0,0x0,0x0,0x0,0x0,
0x4,0x0,0x0,0x0,0x54,0x0,0x65,0x0,
0x78,0x0,0x74,0x0,0x0,0x0,0x0,0x0,
0x9,0x0,0x0,0x0,0x68,0x0,0x6f,0x0,
0x76,0x0,0x65,0x0,0x72,0x0,0x54,0x0,
0x65,0x0,0x78,0x0,0x74,0x0,0x0,0x0,
0x7,0x0,0x0,0x0,0x23,0x0,0x46,0x0,
0x32,0x0,0x45,0x0,0x38,0x0,0x44,0x0,
0x35,0x0,0x0,0x0,0x0,0x0,0x0,0x0,
0x4,0x0,0x0,0x0,0x66,0x0,0x6f,0x0,
0x6e,0x0,0x74,0x0,0x0,0x0,0x0,0x0,
0x9,0x0,0x0,0x0,0x70,0x0,0x69,0x0,
0x78,0x0,0x65,0x0,0x6c,0x0,0x53,0x0,
0x69,0x0,0x7a,0x0,0x65,0x0,0x0,0x0,
0x4,0x0,0x0,0x0,0x74,0x0,0x65,0x0,
0x78,0x0,0x74,0x0,0x0,0x0,0x0,0x0,
0x13,0x0,0x0,0x0,0x65,0x0,0x78,0x0,
0x70,0x0,0x72,0x0,0x65,0x0,0x73,0x0,
0x73,0x0,0x69,0x0,0x6f,0x0,0x6e,0x0,
0x20,0x0,0x66,0x0,0x6f,0x0,0x72,0x0,
0x20,0x0,0x74,0x0,0x65,0x0,0x78,0x0,
0x74,0x0,0x0,0x0,0x0,0x0,0x0,0x0,
0x9,0x0,0x0,0x0,0x4d,0x0,0x6f,0x0,
0x75,0x0,0x73,0x0,0x65,0x0,0x41,0x0,
0x72,0x0,0x65,0x0,0x61,0x0,0x0,0x0,
0x9,0x0,0x0,0x0,0x68,0x0,0x6f,0x0,
0x76,0x0,0x65,0x0,0x72,0x0,0x41,0x0,
0x72,0x0,0x65,0x0,0x61,0x0,0x0,0x0,
0xc,0x0,0x0,0x0,0x68,0x0,0x6f,0x0,
0x76,0x0,0x65,0x0,0x72,0x0,0x45,0x0,
0x6e,0x0,0x61,0x0,0x62,0x0,0x6c,0x0,
0x65,0x0,0x64,0x0,0x0,0x0,0x0,0x0,
0xf,0x0,0x0,0x0,0x61,0x0,0x63,0x0,
0x63,0x0,0x65,0x0,0x70,0x0,0x74,0x0,
0x65,0x0,0x64,0x0,0x42,0x0,0x75,0x0,
0x74,0x0,0x74,0x0,0x6f,0x0,0x6e,0x0,
0x73,0x0,0x0,0x0,0x0,0x0,0x0,0x0,
0x1e,0x0,0x0,0x0,0x65,0x0,0x78,0x0,
0x70,0x0,0x72,0x0,0x65,0x0,0x73,0x0,
0x73,0x0,0x69,0x0,0x6f,0x0,0x6e,0x0,
0x20,0x0,0x66,0x0,0x6f,0x0,0x72,0x0,
0x20,0x0,0x61,0x0,0x63,0x0,0x63,0x0,
0x65,0x0,0x70,0x0,0x74,0x0,0x65,0x0,
0x64,0x0,0x42,0x0,0x75,0x0,0x74,0x0,
0x74,0x0,0x6f,0x0,0x6e,0x0,0x73,0x0,
0x0,0x0,0x0,0x0,0x0,0x0,0x0,0x0,
0x11,0x0,0x0,0x0,0x6f,0x0,0x6e,0x0,
0x50,0x0,0x6f,0x0,0x73,0x0,0x69,0x0,
0x74,0x0,0x69,0x0,0x6f,0x0,0x6e,0x0,
0x43,0x0,0x68,0x0,0x61,0x0,0x6e,0x0,
0x67,0x0,0x65,0x0,0x64,0x0,0x0,0x0,
0x20,0x0,0x0,0x0,0x65,0x0,0x78,0x0,
0x70,0x0,0x72,0x0,0x65,0x0,0x73,0x0,
0x73,0x0,0x69,0x0,0x6f,0x0,0x6e,0x0,
0x20,0x0,0x66,0x0,0x6f,0x0,0x72,0x0,
0x20,0x0,0x6f,0x0,0x6e,0x0,0x50,0x0,
0x6f,0x0,0x73,0x0,0x69,0x0,0x74,0x0,
0x69,0x0,0x6f,0x0,0x6e,0x0,0x43,0x0,
0x68,0x0,0x61,0x0,0x6e,0x0,0x67,0x0,
0x65,0x0,0x64,0x0,0x0,0x0,0x0,0x0,
0x9,0x0,0x0,0x0,0x6f,0x0,0x6e,0x0,
0x45,0x0,0x6e,0x0,0x74,0x0,0x65,0x0,
0x72,0x0,0x65,0x0,0x64,0x0,0x0,0x0,
0x18,0x0,0x0,0x0,0x65,0x0,0x78,0x0,
0x70,0x0,0x72,0x0,0x65,0x0,0x73,0x0,
0x73,0x0,0x69,0x0,0x6f,0x0,0x6e,0x0,
0x20,0x0,0x66,0x0,0x6f,0x0,0x72,0x0,
0x20,0x0,0x6f,0x0,0x6e,0x0,0x45,0x0,
0x6e,0x0,0x74,0x0,0x65,0x0,0x72,0x0,
0x65,0x0,0x64,0x0,0x0,0x0,0x0,0x0,
0x8,0x0,0x0,0x0,0x6f,0x0,0x6e,0x0,
0x45,0x0,0x78,0x0,0x69,0x0,0x74,0x0,
0x65,0x0,0x64,0x0,0x0,0x0,0x0,0x0,
0x17,0x0,0x0,0x0,0x65,0x0,0x78,0x0,
0x70,0x0,0x72,0x0,0x65,0x0,0x73,0x0,
0x73,0x0,0x69,0x0,0x6f,0x0,0x6e,0x0,
0x20,0x0,0x66,0x0,0x6f,0x0,0x72,0x0,
0x20,0x0,0x6f,0x0,0x6e,0x0,0x45,0x0,
0x78,0x0,0x69,0x0,0x74,0x0,0x65,0x0,
0x64,0x0,0x0,0x0,0x0,0x0,0x0,0x0,
0x12,0x0,0x0,0x0,0x70,0x0,0x6c,0x0,
0x61,0x0,0x79,0x0,0x62,0x0,0x61,0x0,
0x63,0x0,0x6b,0x0,0x45,0x0,0x76,0x0,
0x65,0x0,0x6e,0x0,0x74,0x0,0x54,0x0,
0x69,0x0,0x6d,0x0,0x65,0x0,0x72,0x0,
0x0,0x0,0x0,0x0,0x0,0x0,0x0,0x0,
0x14,0x0,0x0,0x0,0x70,0x0,0x6c,0x0,
0x61,0x0,0x79,0x0,0x62,0x0,0x61,0x0,
0x63,0x0,0x6b,0x0,0x52,0x0,0x65,0x0,
0x6c,0x0,0x65,0x0,0x61,0x0,0x73,0x0,
0x65,0x0,0x54,0x0,0x69,0x0,0x6d,0x0,
0x65,0x0,0x72,0x0,0x0,0x0,0x0,0x0,
0xd,0x0,0x0,0x0,0x68,0x0,0x65,0x0,
0x78,0x0,0x4d,0x0,0x65,0x0,0x74,0x0,
0x65,0x0,0x72,0x0,0x53,0x0,0x74,0x0,
0x72,0x0,0x69,0x0,0x70,0x0,0x0,0x0,
0xd,0x0,0x0,0x0,0x63,0x0,0x61,0x0,
0x6e,0x0,0x76,0x0,0x61,0x0,0x73,0x0,
0x42,0x0,0x6f,0x0,0x74,0x0,0x74,0x0,
0x6f,0x0,0x6d,0x0,0x59,0x0,0x0,0x0,
0x1c,0x0,0x0,0x0,0x65,0x0,0x78,0x0,
0x70,0x0,0x72,0x0,0x65,0x0,0x73,0x0,
0x73,0x0,0x69,0x0,0x6f,0x0,0x6e,0x0,
0x20,0x0,0x66,0x0,0x6f,0x0,0x72,0x0,
0x20,0x0,0x63,0x0,0x61,0x0,0x6e,0x0,
0x76,0x0,0x61,0x0,0x73,0x0,0x42,0x0,
0x6f,0x0,0x74,0x0,0x74,0x0,0x6f,0x0,
0x6d,0x0,0x59,0x0,0x0,0x0,0x0,0x0,
0xc,0x0,0x0,0x0,0x63,0x0,0x61,0x0,
0x6e,0x0,0x76,0x0,0x61,0x0,0x73,0x0,
0x52,0x0,0x69,0x0,0x67,0x0,0x68,0x0,
0x74,0x0,0x58,0x0,0x0,0x0,0x0,0x0,
0x1b,0x0,0x0,0x0,0x65,0x0,0x78,0x0,
0x70,0x0,0x72,0x0,0x65,0x0,0x73,0x0,
0x73,0x0,0x69,0x0,0x6f,0x0,0x6e,0x0,
0x20,0x0,0x66,0x0,0x6f,0x0,0x72,0x0,
0x20,0x0,0x63,0x0,0x61,0x0,0x6e,0x0,
0x76,0x0,0x61,0x0,0x73,0x0,0x52,0x0,
0x69,0x0,0x67,0x0,0x68,0x0,0x74,0x0,
0x58,0x0,0x0,0x0,0x0,0x0,0x0,0x0,
0xb,0x0,0x0,0x0,0x6d,0x0,0x65,0x0,
0x74,0x0,0x65,0x0,0x72,0x0,0x48,0x0,
0x65,0x0,0x69,0x0,0x67,0x0,0x68,0x0,
0x74,0x0,0x0,0x0,0x0,0x0,0x0,0x0,
0x3,0x0,0x0,0x0,0x52,0x0,0x6f,0x0,
0x77,0x0,0x0,0x0,0x0,0x0,0x0,0x0,
0x9,0x0,0x0,0x0,0x6d,0x0,0x65,0x0,
0x74,0x0,0x65,0x0,0x72,0x0,0x73,0x0,
0x52,0x0,0x6f,0x0,0x77,0x0,0x0,0x0,
0x7,0x0,0x0,0x0,0x73,0x0,0x70,0x0,
0x61,0x0,0x63,0x0,0x69,0x0,0x6e,0x0,
0x67,0x0,0x0,0x0,0x0,0x0,0x0,0x0,
0x6,0x0,0x0,0x0,0x43,0x0,0x6f,0x0,
0x6c,0x0,0x75,0x0,0x6d,0x0,0x6e,0x0,
0x0,0x0,0x0,0x0,0x0,0x0,0x0,0x0,
0x5,0x0,0x0,0x0,0x6c,0x0,0x65,0x0,
0x76,0x0,0x65,0x0,0x6c,0x0,0x0,0x0,
0x14,0x0,0x0,0x0,0x65,0x0,0x78,0x0,
0x70,0x0,0x72,0x0,0x65,0x0,0x73,0x0,
0x73,0x0,0x69,0x0,0x6f,0x0,0x6e,0x0,
0x20,0x0,0x66,0x0,0x6f,0x0,0x72,0x0,
0x20,0x0,0x6c,0x0,0x65,0x0,0x76,0x0,
0x65,0x0,0x6c,0x0,0x0,0x0,0x0,0x0,
0xc,0x0,0x0,0x0,0x64,0x0,0x69,0x0,
0x73,0x0,0x70,0x0,0x6c,0x0,0x61,0x0,
0x79,0x0,0x4c,0x0,0x65,0x0,0x76,0x0,
0x65,0x0,0x6c,0x0,0x0,0x0,0x0,0x0,
0x1b,0x0,0x0,0x0,0x65,0x0,0x78,0x0,
0x70,0x0,0x72,0x0,0x65,0x0,0x73,0x0,
0x73,0x0,0x69,0x0,0x6f,0x0,0x6e,0x0,
0x20,0x0,0x66,0x0,0x6f,0x0,0x72,0x0,
0x20,0x0,0x64,0x0,0x69,0x0,0x73,0x0,
0x70,0x0,0x6c,0x0,0x61,0x0,0x79,0x0,
0x4c,0x0,0x65,0x0,0x76,0x0,0x65,0x0,
0x6c,0x0,0x0,0x0,0x0,0x0,0x0,0x0,
0x7,0x0,0x0,0x0,0x23,0x0,0x31,0x0,
0x35,0x0,0x31,0x0,0x36,0x0,0x31,0x0,
0x61,0x0,0x0,0x0,0x0,0x0,0x0,0x0,
0x7,0x0,0x0,0x0,0x23,0x0,0x32,0x0,
0x61,0x0,0x32,0x0,0x63,0x0,0x33,0x0,
0x31,0x0,0x0,0x0,0x0,0x0,0x0,0x0,
0x11,0x0,0x0,0x0,0x72,0x0,0x6d,0x0,
0x73,0x0,0x4e,0x0,0x75,0x0,0x6d,0x0,
0x65,0x0,0x72,0x0,0x69,0x0,0x63,0x0,
0x44,0x0,0x69,0x0,0x73,0x0,0x70,0x0,
0x6c,0x0,0x61,0x0,0x79,0x0,0x0,0x0,
0x1a,0x0,0x0,0x0,0x65,0x0,0x78,0x0,
0x70,0x0,0x72,0x0,0x65,0x0,0x73,0x0,
0x73,0x0,0x69,0x0,0x6f,0x0,0x6e,0x0,
0x20,0x0,0x66,0x0,0x6f,0x0,0x72,0x0,
0x20,0x0,0x73,0x0,0x74,0x0,0x72,0x0,
0x69,0x0,0x6e,0x0,0x67,0x0,0x49,0x0,
0x6e,0x0,0x64,0x0,0x65,0x0,0x78,0x0,
0x0,0x0,0x0,0x0,0x0,0x0,0x0,0x0,
0xb,0x0,0x0,0x0,0x73,0x0,0x74,0x0,
0x72,0x0,0x69,0x0,0x6e,0x0,0x67,0x0,
0x4c,0x0,0x61,0x0,0x62,0x0,0x65,0x0,
0x6c,0x0,0x0,0x0,0x0,0x0,0x0,0x0,
0x1a,0x0,0x0,0x0,0x65,0x0,0x78,0x0,
0x70,0x0,0x72,0x0,0x65,0x0,0x73,0x0,
0x73,0x0,0x69,0x0,0x6f,0x0,0x6e,0x0,
0x20,0x0,0x66,0x0,0x6f,0x0,0x72,0x0,
0x20,0x0,0x73,0x0,0x74,0x0,0x72,0x0,
0x69,0x0,0x6e,0x0,0x67,0x0,0x4c,0x0,
0x61,0x0,0x62,0x0,0x65,0x0,0x6c,0x0,
0x0,0x0,0x0,0x0,0x0,0x0,0x0,0x0,
0x5,0x0,0x0,0x0,0x4c,0x0,0x61,0x0,
0x62,0x0,0x65,0x0,0x6c,0x0,0x0,0x0,
0x7,0x0,0x0,0x0,0x23,0x0,0x39,0x0,
0x34,0x0,0x61,0x0,0x33,0x0,0x62,0x0,
0x38,0x0,0x0,0x0,0x0,0x0,0x0,0x0,
0x6,0x0,0x0,0x0,0x66,0x0,0x61,0x0,
0x6d,0x0,0x69,0x0,0x6c,0x0,0x79,0x0,
0x0,0x0,0x0,0x0,0x0,0x0,0x0,0x0,
0x9,0x0,0x0,0x0,0x4d,0x0,0x6f,0x0,
0x6e,0x0,0x6f,0x0,0x73,0x0,0x70,0x0,
0x61,0x0,0x63,0x0,0x65,0x0,0x0,0x0,
0x7,0x0,0x0,0x0,0x23,0x0,0x63,0x0,
0x62,0x0,0x64,0x0,0x35,0x0,0x65,0x0,
0x31,0x0,0x0,0x0,0x0,0x0,0x0,0x0,
0x6,0x0,0x0,0x0,0x53,0x0,0x77,0x0,
0x69,0x0,0x74,0x0,0x63,0x0,0x68,0x0,
0x0,0x0,0x0,0x0,0x0,0x0,0x0,0x0,
0x14,0x0,0x0,0x0,0x6c,0x0,0x69,0x0,
0x76,0x0,0x65,0x0,0x48,0x0,0x65,0x0,
0x78,0x0,0x4d,0x0,0x6f,0x0,0x6e,0x0,
0x69,0x0,0x74,0x0,0x6f,0x0,0x72,0x0,
0x53,0x0,0x77,0x0,0x69,0x0,0x74,0x0,
0x63,0x0,0x68,0x0,0x0,0x0,0x0,0x0,
0x7,0x0,0x0,0x0,0x63,0x0,0x68,0x0,
0x65,0x0,0x63,0x0,0x6b,0x0,0x65,0x0,
0x64,0x0,0x0,0x0,0x0,0x0,0x0,0x0,
0x16,0x0,0x0,0x0,0x65,0x0,0x78,0x0,
0x70,0x0,0x72,0x0,0x65,0x0,0x73,0x0,
0x73,0x0,0x69,0x0,0x6f,0x0,0x6e,0x0,
0x20,0x0,0x66,0x0,0x6f,0x0,0x72,0x0,
0x20,0x0,0x63,0x0,0x68,0x0,0x65,0x0,
0x63,0x0,0x6b,0x0,0x65,0x0,0x64,0x0,
0x0,0x0,0x0,0x0,0x0,0x0,0x0,0x0,
0x9,0x0,0x0,0x0,0x6f,0x0,0x6e,0x0,
0x54,0x0,0x6f,0x0,0x67,0x0,0x67,0x0,
0x6c,0x0,0x65,0x0,0x64,0x0,0x0,0x0,
0x18,0x0,0x0,0x0,0x65,0x0,0x78,0x0,
0x70,0x0,0x72,0x0,0x65,0x0,0x73,0x0,
0x73,0x0,0x69,0x0,0x6f,0x0,0x6e,0x0,
0x20,0x0,0x66,0x0,0x6f,0x0,0x72,0x0,
0x20,0x0,0x6f,0x0,0x6e,0x0,0x54,0x0,
0x6f,0x0,0x67,0x0,0x67,0x0,0x6c,0x0,
0x65,0x0,0x64,0x0,0x0,0x0,0x0,0x0,
0xd,0x0,0x0,0x0,0x6d,0x0,0x6f,0x0,
0x6e,0x0,0x69,0x0,0x74,0x0,0x6f,0x0,
0x72,0x0,0x53,0x0,0x77,0x0,0x69,0x0,
0x74,0x0,0x63,0x0,0x68,0x0,0x0,0x0,
0xb,0x0,0x0,0x0,0x66,0x0,0x6f,0x0,
0x63,0x0,0x75,0x0,0x73,0x0,0x50,0x0,
0x6f,0x0,0x6c,0x0,0x69,0x0,0x63,0x0,
0x79,0x0,0x0,0x0,0x0,0x0,0x0,0x0,
0x1a,0x0,0x0,0x0,0x65,0x0,0x78,0x0,
0x70,0x0,0x72,0x0,0x65,0x0,0x73,0x0,
0x73,0x0,0x69,0x0,0x6f,0x0,0x6e,0x0,
0x20,0x0,0x66,0x0,0x6f,0x0,0x72,0x0,
0x20,0x0,0x66,0x0,0x6f,0x0,0x63,0x0,
0x75,0x0,0x73,0x0,0x50,0x0,0x6f,0x0,
0x6c,0x0,0x69,0x0,0x63,0x0,0x79,0x0,
0x0,0x0,0x0,0x0,0x0,0x0,0x0,0x0,
0xb,0x0,0x0,0x0,0x63,0x0,0x6f,0x0,
0x6e,0x0,0x74,0x0,0x65,0x0,0x6e,0x0,
0x74,0x0,0x49,0x0,0x74,0x0,0x65,0x0,
0x6d,0x0,0x0,0x0,0x0,0x0,0x0,0x0,
0xe,0x0,0x0,0x0,0x69,0x0,0x6e,0x0,
0x64,0x0,0x69,0x0,0x63,0x0,0x61,0x0,
0x74,0x0,0x6f,0x0,0x72,0x0,0x46,0x0,
0x72,0x0,0x61,0x0,0x6d,0x0,0x65,0x0,
0x0,0x0,0x0,0x0,0x0,0x0,0x0,0x0,
0x15,0x0,0x0,0x0,0x65,0x0,0x78,0x0,
0x70,0x0,0x72,0x0,0x65,0x0,0x73,0x0,
0x73,0x0,0x69,0x0,0x6f,0x0,0x6e,0x0,
0x20,0x0,0x66,0x0,0x6f,0x0,0x72,0x0,
0x20,0x0,0x72,0x0,0x61,0x0,0x64,0x0,
0x69,0x0,0x75,0x0,0x73,0x0,0x0,0x0,
0xe,0x0,0x0,0x0,0x43,0x0,0x6f,0x0,
0x6c,0x0,0x6f,0x0,0x72,0x0,0x41,0x0,
0x6e,0x0,0x69,0x0,0x6d,0x0,0x61,0x0,
0x74,0x0,0x69,0x0,0x6f,0x0,0x6e,0x0,
0x0,0x0,0x0,0x0,0x0,0x0,0x0,0x0,
0x7,0x0,0x0,0x0,0x23,0x0,0x42,0x0,
0x35,0x0,0x39,0x0,0x38,0x0,0x37,0x0,
0x39,0x0,0x0,0x0,0x0,0x0,0x0,0x0,
0x9,0x0,0x0,0x0,0x69,0x0,0x6e,0x0,
0x64,0x0,0x69,0x0,0x63,0x0,0x61,0x0,
0x74,0x0,0x6f,0x0,0x72,0x0,0x0,0x0,
0x10,0x0,0x0,0x0,0x6f,0x0,0x6e,0x0,
0x43,0x0,0x68,0x0,0x65,0x0,0x63,0x0,
0x6b,0x0,0x65,0x0,0x64,0x0,0x43,0x0,
0x68,0x0,0x61,0x0,0x6e,0x0,0x67,0x0,
0x65,0x0,0x64,0x0,0x0,0x0,0x0,0x0,
0x1f,0x0,0x0,0x0,0x65,0x0,0x78,0x0,
0x70,0x0,0x72,0x0,0x65,0x0,0x73,0x0,
0x73,0x0,0x69,0x0,0x6f,0x0,0x6e,0x0,
0x20,0x0,0x66,0x0,0x6f,0x0,0x72,0x0,
0x20,0x0,0x6f,0x0,0x6e,0x0,0x43,0x0,
0x68,0x0,0x65,0x0,0x63,0x0,0x6b,0x0,
0x65,0x0,0x64,0x0,0x43,0x0,0x68,0x0,
0x61,0x0,0x6e,0x0,0x67,0x0,0x65,0x0,
0x64,0x0,0x0,0x0,0x0,0x0,0x0,0x0,
0xf,0x0,0x0,0x0,0x74,0x0,0x68,0x0,
0x72,0x0,0x65,0x0,0x73,0x0,0x68,0x0,
0x6f,0x0,0x6c,0x0,0x64,0x0,0x73,0x0,
0x54,0x0,0x61,0x0,0x62,0x0,0x6c,0x0,
0x65,0x0,0x0,0x0,0x0,0x0,0x0,0x0,
0x8,0x0,0x0,0x0,0x42,0x0,0x61,0x0,
0x73,0x0,0x65,0x0,0x6c,0x0,0x69,0x0,
0x6e,0x0,0x65,0x0,0x0,0x0,0x0,0x0,
0x7,0x0,0x0,0x0,0x23,0x0,0x37,0x0,
0x64,0x0,0x38,0x0,0x36,0x0,0x39,0x0,
0x34,0x0,0x0,0x0,0x0,0x0,0x0,0x0,
0x13,0x0,0x0,0x0,0x68,0x0,0x6f,0x0,
0x72,0x0,0x69,0x0,0x7a,0x0,0x6f,0x0,
0x6e,0x0,0x74,0x0,0x61,0x0,0x6c,0x0,
0x41,0x0,0x6c,0x0,0x69,0x0,0x67,0x0,
0x6e,0x0,0x6d,0x0,0x65,0x0,0x6e,0x0,
0x74,0x0,0x0,0x0,0x0,0x0,0x0,0x0,
0x22,0x0,0x0,0x0,0x65,0x0,0x78,0x0,
0x70,0x0,0x72,0x0,0x65,0x0,0x73,0x0,
0x73,0x0,0x69,0x0,0x6f,0x0,0x6e,0x0,
0x20,0x0,0x66,0x0,0x6f,0x0,0x72,0x0,
0x20,0x0,0x68,0x0,0x6f,0x0,0x72,0x0,
0x69,0x0,0x7a,0x0,0x6f,0x0,0x6e,0x0,
0x74,0x0,0x61,0x0,0x6c,0x0,0x41,0x0,
0x6c,0x0,0x69,0x0,0x67,0x0,0x6e,0x0,
0x6d,0x0,0x65,0x0,0x6e,0x0,0x74,0x0,
0x0,0x0,0x0,0x0,0x0,0x0,0x0,0x0,
0x8,0x0,0x0,0x0,0x65,0x0,0x6e,0x0,
0x76,0x0,0x46,0x0,0x6c,0x0,0x6f,0x0,
0x6f,0x0,0x72,0x0,0x0,0x0,0x0,0x0,
0x4,0x0,0x0,0x0,0x47,0x0,0x61,0x0,
0x74,0x0,0x65,0x0,0x0,0x0,0x0,0x0,
0x4,0x0,0x0,0x0,0x53,0x0,0x75,0x0,
0x73,0x0,0x74,0x0,0x0,0x0,0x0,0x0,
0xd,0x0,0x0,0x0,0x74,0x0,0x68,0x0,
0x72,0x0,0x65,0x0,0x73,0x0,0x68,0x0,
0x6f,0x0,0x6c,0x0,0x64,0x0,0x44,0x0,
0x61,0x0,0x74,0x0,0x61,0x0,0x0,0x0,
0x1c,0x0,0x0,0x0,0x65,0x0,0x78,0x0,
0x70,0x0,0x72,0x0,0x65,0x0,0x73,0x0,
0x73,0x0,0x69,0x0,0x6f,0x0,0x6e,0x0,
0x20,0x0,0x66,0x0,0x6f,0x0,0x72,0x0,
0x20,0x0,0x74,0x0,0x68,0x0,0x72,0x0,
0x65,0x0,0x73,0x0,0x68,0x0,0x6f,0x0,
0x6c,0x0,0x64,0x0,0x44,0x0,0x61,0x0,
0x74,0x0,0x61,0x0,0x0,0x0,0x0,0x0,
0x10,0x0,0x0,0x0,0x63,0x0,0x61,0x0,
0x6c,0x0,0x69,0x0,0x62,0x0,0x72,0x0,
0x61,0x0,0x74,0x0,0x69,0x0,0x6f,0x0,
0x6e,0x0,0x50,0x0,0x61,0x0,0x6e,0x0,
0x65,0x0,0x6c,0x0,0x0,0x0,0x0,0x0,
0xc,0x0,0x0,0x0,0x67,0x0,0x72,0x0,
0x6f,0x0,0x75,0x0,0x70,0x0,0x53,0x0,
0x70,0x0,0x61,0x0,0x63,0x0,0x69,0x0,
0x6e,0x0,0x67,0x0,0x0,0x0,0x0,0x0,
0x12,0x0,0x0,0x0,0x63,0x0,0x61,0x0,
0x6c,0x0,0x69,0x0,0x62,0x0,0x72,0x0,
0x61,0x0,0x74,0x0,0x69,0x0,0x6f,0x0,
0x6e,0x0,0x43,0x0,0x6c,0x0,0x75,0x0,
0x73,0x0,0x74,0x0,0x65,0x0,0x72,0x0,
0x0,0x0,0x0,0x0,0x0,0x0,0x0,0x0,
0x6,0x0,0x0,0x0,0x42,0x0,0x75,0x0,
0x74,0x0,0x74,0x0,0x6f,0x0,0x6e,0x0,
0x0,0x0,0x0,0x0,0x0,0x0,0x0,0x0,
0x11,0x0,0x0,0x0,0x63,0x0,0x61,0x0,
0x6c,0x0,0x69,0x0,0x62,0x0,0x72,0x0,
0x61,0x0,0x74,0x0,0x69,0x0,0x6f,0x0,
0x6e,0x0,0x42,0x0,0x75,0x0,0x74,0x0,
0x74,0x0,0x6f,0x0,0x6e,0x0,0x0,0x0,
0xb,0x0,0x0,0x0,0x6c,0x0,0x65,0x0,
0x66,0x0,0x74,0x0,0x50,0x0,0x61,0x0,
0x64,0x0,0x64,0x0,0x69,0x0,0x6e,0x0,
0x67,0x0,0x0,0x0,0x0,0x0,0x0,0x0,
0xc,0x0,0x0,0x0,0x72,0x0,0x69,0x0,
0x67,0x0,0x68,0x0,0x74,0x0,0x50,0x0,
0x61,0x0,0x64,0x0,0x64,0x0,0x69,0x0,
0x6e,0x0,0x67,0x0,0x0,0x0,0x0,0x0,
0xa,0x0,0x0,0x0,0x74,0x0,0x6f,0x0,
0x70,0x0,0x50,0x0,0x61,0x0,0x64,0x0,
0x64,0x0,0x69,0x0,0x6e,0x0,0x67,0x0,
0x0,0x0,0x0,0x0,0x0,0x0,0x0,0x0,
0x16,0x0,0x0,0x0,0x65,0x0,0x78,0x0,
0x70,0x0,0x72,0x0,0x65,0x0,0x73,0x0,
0x73,0x0,0x69,0x0,0x6f,0x0,0x6e,0x0,
0x20,0x0,0x66,0x0,0x6f,0x0,0x72,0x0,
0x20,0x0,0x65,0x0,0x6e,0x0,0x61,0x0,
0x62,0x0,0x6c,0x0,0x65,0x0,0x64,0x0,
0x0,0x0,0x0,0x0,0x0,0x0,0x0,0x0,
0x9,0x0,0x0,0x0,0x6f,0x0,0x6e,0x0,
0x43,0x0,0x6c,0x0,0x69,0x0,0x63,0x0,
0x6b,0x0,0x65,0x0,0x64,0x0,0x0,0x0,
0x18,0x0,0x0,0x0,0x65,0x0,0x78,0x0,
0x70,0x0,0x72,0x0,0x65,0x0,0x73,0x0,
0x73,0x0,0x69,0x0,0x6f,0x0,0x6e,0x0,
0x20,0x0,0x66,0x0,0x6f,0x0,0x72,0x0,
0x20,0x0,0x6f,0x0,0x6e,0x0,0x43,0x0,
0x6c,0x0,0x69,0x0,0x63,0x0,0x6b,0x0,
0x65,0x0,0x64,0x0,0x0,0x0,0x0,0x0,
0xe,0x0,0x0,0x0,0x63,0x0,0x61,0x0,
0x6c,0x0,0x69,0x0,0x62,0x0,0x72,0x0,
0x61,0x0,0x74,0x0,0x65,0x0,0x4c,0x0,
0x61,0x0,0x62,0x0,0x65,0x0,0x6c,0x0,
0x0,0x0,0x0,0x0,0x0,0x0,0x0,0x0,
0x11,0x0,0x0,0x0,0x76,0x0,0x65,0x0,
0x72,0x0,0x74,0x0,0x69,0x0,0x63,0x0,
0x61,0x0,0x6c,0x0,0x41,0x0,0x6c,0x0,
0x69,0x0,0x67,0x0,0x6e,0x0,0x6d,0x0,
0x65,0x0,0x6e,0x0,0x74,0x0,0x0,0x0,
0x20,0x0,0x0,0x0,0x65,0x0,0x78,0x0,
0x70,0x0,0x72,0x0,0x65,0x0,0x73,0x0,
0x73,0x0,0x69,0x0,0x6f,0x0,0x6e,0x0,
0x20,0x0,0x66,0x0,0x6f,0x0,0x72,0x0,
0x20,0x0,0x76,0x0,0x65,0x0,0x72,0x0,
0x74,0x0,0x69,0x0,0x63,0x0,0x61,0x0,
0x6c,0x0,0x41,0x0,0x6c,0x0,0x69,0x0,
0x67,0x0,0x6e,0x0,0x6d,0x0,0x65,0x0,
0x6e,0x0,0x74,0x0,0x0,0x0,0x0,0x0,
0xa,0x0,0x0,0x0,0x62,0x0,0x61,0x0,
0x63,0x0,0x6b,0x0,0x67,0x0,0x72,0x0,
0x6f,0x0,0x75,0x0,0x6e,0x0,0x64,0x0,
0x0,0x0,0x0,0x0,0x0,0x0,0x0,0x0,
0x18,0x0,0x0,0x0,0x63,0x0,0x61,0x0,
0x6c,0x0,0x69,0x0,0x62,0x0,0x72,0x0,
0x61,0x0,0x74,0x0,0x69,0x0,0x6f,0x0,
0x6e,0x0,0x49,0x0,0x6e,0x0,0x64,0x0,
0x69,0x0,0x63,0x0,0x61,0x0,0x74,0x0,
0x6f,0x0,0x72,0x0,0x73,0x0,0x52,0x0,
0x6f,0x0,0x77,0x0,0x0,0x0,0x0,0x0,
0x14,0x0,0x0,0x0,0x63,0x0,0x61,0x0,
0x6c,0x0,0x69,0x0,0x62,0x0,0x72,0x0,
0x61,0x0,0x74,0x0,0x69,0x0,0x6f,0x0,
0x6e,0x0,0x53,0x0,0x74,0x0,0x61,0x0,
0x74,0x0,0x75,0x0,0x73,0x0,0x52,0x0,
0x6f,0x0,0x77,0x0,0x0,0x0,0x0,0x0,
0x9,0x0,0x0,0x0,0x74,0x0,0x75,0x0,
0x6e,0x0,0x69,0x0,0x6e,0x0,0x67,0x0,
0x44,0x0,0x65,0x0,0x76,0x0,0x0,0x0,
0x18,0x0,0x0,0x0,0x65,0x0,0x78,0x0,
0x70,0x0,0x72,0x0,0x65,0x0,0x73,0x0,
0x73,0x0,0x69,0x0,0x6f,0x0,0x6e,0x0,
0x20,0x0,0x66,0x0,0x6f,0x0,0x72,0x0,
0x20,0x0,0x74,0x0,0x75,0x0,0x6e,0x0,
0x69,0x0,0x6e,0x0,0x67,0x0,0x44,0x0,
0x65,0x0,0x76,0x0,0x0,0x0,0x0,0x0,
0xe,0x0,0x0,0x0,0x68,0x0,0x65,0x0,
0x78,0x0,0x4d,0x0,0x65,0x0,0x74,0x0,
0x65,0x0,0x72,0x0,0x4c,0x0,0x65,0x0,
0x76,0x0,0x65,0x0,0x6c,0x0,0x73,0x0,
0x0,0x0,0x0,0x0,0x0,0x0,0x0,0x0,
0x1d,0x0,0x0,0x0,0x65,0x0,0x78,0x0,
0x70,0x0,0x72,0x0,0x65,0x0,0x73,0x0,
0x73,0x0,0x69,0x0,0x6f,0x0,0x6e,0x0,
0x20,0x0,0x66,0x0,0x6f,0x0,0x72,0x0,
0x20,0x0,0x68,0x0,0x65,0x0,0x78,0x0,
0x4d,0x0,0x65,0x0,0x74,0x0,0x65,0x0,
0x72,0x0,0x4c,0x0,0x65,0x0,0x76,0x0,
0x65,0x0,0x6c,0x0,0x73,0x0,0x0,0x0,
0xf,0x0,0x0,0x0,0x69,0x0,0x6e,0x0,
0x64,0x0,0x69,0x0,0x63,0x0,0x61,0x0,
0x74,0x0,0x6f,0x0,0x72,0x0,0x43,0x0,
0x6f,0x0,0x6c,0x0,0x75,0x0,0x6d,0x0,
0x6e,0x0,0x0,0x0,0x0,0x0,0x0,0x0,
0x17,0x0,0x0,0x0,0x65,0x0,0x78,0x0,
0x70,0x0,0x72,0x0,0x65,0x0,0x73,0x0,
0x73,0x0,0x69,0x0,0x6f,0x0,0x6e,0x0,
0x20,0x0,0x66,0x0,0x6f,0x0,0x72,0x0,
0x20,0x0,0x64,0x0,0x75,0x0,0x72,0x0,
0x61,0x0,0x74,0x0,0x69,0x0,0x6f,0x0,
0x6e,0x0,0x0,0x0,0x0,0x0,0x0,0x0,
0x7,0x0,0x0,0x0,0x23,0x0,0x64,0x0,
0x66,0x0,0x65,0x0,0x33,0x0,0x65,0x0,
0x61,0x0,0x0,0x0,0x0,0x0,0x0,0x0,
0xb,0x0,0x0,0x0,0x63,0x0,0x75,0x0,
0x72,0x0,0x73,0x0,0x6f,0x0,0x72,0x0,
0x53,0x0,0x68,0x0,0x61,0x0,0x70,0x0,
0x65,0x0,0x0,0x0,0x0,0x0,0x0,0x0,
0x1a,0x0,0x0,0x0,0x65,0x0,0x78,0x0,
0x70,0x0,0x72,0x0,0x65,0x0,0x73,0x0,
0x73,0x0,0x69,0x0,0x6f,0x0,0x6e,0x0,
0x20,0x0,0x66,0x0,0x6f,0x0,0x72,0x0,
0x20,0x0,0x63,0x0,0x75,0x0,0x72,0x0,
0x73,0x0,0x6f,0x0,0x72,0x0,0x53,0x0,
0x68,0x0,0x61,0x0,0x70,0x0,0x65,0x0,
0x0,0x0,0x0,0x0,0x0,0x0,0x0,0x0,
0xa,0x0,0x0,0x0,0x54,0x0,0x6f,0x0,
0x6f,0x0,0x6c,0x0,0x42,0x0,0x75,0x0,
0x74,0x0,0x74,0x0,0x6f,0x0,0x6e,0x0,
0x0,0x0,0x0,0x0,0x0,0x0,0x0,0x0,
0xb,0x0,0x0,0x0,0x74,0x0,0x75,0x0,
0x6e,0x0,0x65,0x0,0x72,0x0,0x54,0x0,
0x6f,0x0,0x67,0x0,0x67,0x0,0x6c,0x0,
0x65,0x0,0x0,0x0,0x0,0x0,0x0,0x0,
0x9,0x0,0x0,0x0,0x63,0x0,0x68,0x0,
0x65,0x0,0x63,0x0,0x6b,0x0,0x61,0x0,
0x62,0x0,0x6c,0x0,0x65,0x0,0x0,0x0,
0xb,0x0,0x0,0x0,0x74,0x0,0x72,0x0,
0x61,0x0,0x6e,0x0,0x73,0x0,0x70,0x0,
0x61,0x0,0x72,0x0,0x65,0x0,0x6e,0x0,
0x74,0x0,0x0,0x0,0x0,0x0,0x0,0x0,
0x15,0x0,0x0,0x0,0x65,0x0,0x78,0x0,
0x70,0x0,0x72,0x0,0x65,0x0,0x73,0x0,
0x73,0x0,0x69,0x0,0x6f,0x0,0x6e,0x0,
0x20,0x0,0x66,0x0,0x6f,0x0,0x72,0x0,
0x20,0x0,0x73,0x0,0x6f,0x0,0x75,0x0,
0x72,0x0,0x63,0x0,0x65,0x0,0x0,0x0,
0x9,0x0,0x0,0x0,0x43,0x0,0x6f,0x0,
0x6d,0x0,0x70,0x0,0x6f,0x0,0x6e,0x0,
0x65,0x0,0x6e,0x0,0x74,0x0,0x0,0x0,
0xb,0x0,0x0,0x0,0x6f,0x0,0x6e,0x0,
0x43,0x0,0x6f,0x0,0x6d,0x0,0x70,0x0,
0x6c,0x0,0x65,0x0,0x74,0x0,0x65,0x0,
0x64,0x0,0x0,0x0,0x0,0x0,0x0,0x0,
0x1a,0x0,0x0,0x0,0x65,0x0,0x78,0x0,
0x70,0x0,0x72,0x0,0x65,0x0,0x73,0x0,
0x73,0x0,0x69,0x0,0x6f,0x0,0x6e,0x0,
0x20,0x0,0x66,0x0,0x6f,0x0,0x72,0x0,
0x20,0x0,0x6f,0x0,0x6e,0x0,0x43,0x0,
0x6f,0x0,0x6d,0x0,0x70,0x0,0x6c,0x0,
0x65,0x0,0x74,0x0,0x65,0x0,0x64,0x0,
0x0,0x0,0x0,0x0,0x0,0x0,0x0,0x0,
0xb,0x0,0x0,0x0,0x43,0x0,0x6f,0x0,
0x6e,0x0,0x6e,0x0,0x65,0x0,0x63,0x0,
0x74,0x0,0x69,0x0,0x6f,0x0,0x6e,0x0,
0x73,0x0,0x0,0x0,0x0,0x0,0x0,0x0,
0x6,0x0,0x0,0x0,0x74,0x0,0x61,0x0,
0x72,0x0,0x67,0x0,0x65,0x0,0x74,0x0,
0x0,0x0,0x0,0x0,0x0,0x0,0x0,0x0,
0x15,0x0,0x0,0x0,0x65,0x0,0x78,0x0,
0x70,0x0,0x72,0x0,0x65,0x0,0x73,0x0,
0x73,0x0,0x69,0x0,0x6f,0x0,0x6e,0x0,
0x20,0x0,0x66,0x0,0x6f,0x0,0x72,0x0,
0x20,0x0,0x74,0x0,0x61,0x0,0x72,0x0,
0x67,0x0,0x65,0x0,0x74,0x0,0x0,0x0,
0x1a,0x0,0x0,0x0,0x6f,0x0,0x6e,0x0,
0x54,0x0,0x75,0x0,0x6e,0x0,0x69,0x0,
0x6e,0x0,0x67,0x0,0x4d,0x0,0x6f,0x0,
0x64,0x0,0x65,0x0,0x45,0x0,0x6e,0x0,
0x61,0x0,0x62,0x0,0x6c,0x0,0x65,0x0,
0x64,0x0,0x43,0x0,0x68,0x0,0x61,0x0,
0x6e,0x0,0x67,0x0,0x65,0x0,0x64,0x0,
0x0,0x0,0x0,0x0,0x0,0x0,0x0,0x0,
0x11,0x0,0x0,0x0,0x74,0x0,0x75,0x0,
0x6e,0x0,0x69,0x0,0x6e,0x0,0x67,0x0,
0x50,0x0,0x61,0x0,0x6e,0x0,0x65,0x0,
0x6c,0x0,0x54,0x0,0x6f,0x0,0x67,0x0,
0x67,0x0,0x6c,0x0,0x65,0x0,0x0,0x0,
0x10,0x0,0x0,0x0,0x62,0x0,0x69,0x0,
0x6e,0x0,0x4f,0x0,0x76,0x0,0x65,0x0,
0x72,0x0,0x6c,0x0,0x61,0x0,0x79,0x0,
0x54,0x0,0x6f,0x0,0x67,0x0,0x67,0x0,
0x6c,0x0,0x65,0x0,0x0,0x0,0x0,0x0,
0x7,0x0,0x0,0x0,0x54,0x0,0x6f,0x0,
0x6f,0x0,0x6c,0x0,0x54,0x0,0x69,0x0,
0x70,0x0,0x0,0x0,0x0,0x0,0x0,0x0,
0x1e,0x0,0x0,0x0,0x54,0x0,0x6f,0x0,
0x67,0x0,0x67,0x0,0x6c,0x0,0x65,0x0,
0x20,0x0,0x43,0x0,0x51,0x0,0x54,0x0,
0x20,0x0,0x42,0x0,0x69,0x0,0x6e,0x0,
0x20,0x0,0x48,0x0,0x65,0x0,0x61,0x0,
0x74,0x0,0x6d,0x0,0x61,0x0,0x70,0x0,
0x20,0x0,0x4f,0x0,0x76,0x0,0x65,0x0,
0x72,0x0,0x6c,0x0,0x61,0x0,0x79,0x0,
0x0,0x0,0x0,0x0,0x0,0x0,0x0,0x0,
0x5,0x0,0x0,0x0,0x64,0x0,0x65,0x0,
0x6c,0x0,0x61,0x0,0x79,0x0,0x0,0x0,
0x12,0x0,0x0,0x0,0x6f,0x0,0x6e,0x0,
0x52,0x0,0x65,0x0,0x63,0x0,0x6f,0x0,
0x72,0x0,0x64,0x0,0x69,0x0,0x6e,0x0,
0x67,0x0,0x43,0x0,0x68,0x0,0x61,0x0,
0x6e,0x0,0x67,0x0,0x65,0x0,0x64,0x0,
0x0,0x0,0x0,0x0,0x0,0x0,0x0,0x0,
0x13,0x0,0x0,0x0,0x6f,0x0,0x6e,0x0,
0x4c,0x0,0x69,0x0,0x76,0x0,0x65,0x0,
0x4e,0x0,0x6f,0x0,0x74,0x0,0x65,0x0,
0x54,0x0,0x72,0x0,0x69,0x0,0x67,0x0,
0x67,0x0,0x65,0x0,0x72,0x0,0x65,0x0,
0x64,0x0,0x0,0x0,0x0,0x0,0x0,0x0,
0xf,0x0,0x0,0x0,0x6f,0x0,0x6e,0x0,
0x4c,0x0,0x69,0x0,0x76,0x0,0x65,0x0,
0x4e,0x0,0x6f,0x0,0x74,0x0,0x65,0x0,
0x45,0x0,0x6e,0x0,0x64,0x0,0x65,0x0,
0x64,0x0,0x0,0x0,0x0,0x0,0x0,0x0,
0x19,0x0,0x0,0x0,0x6f,0x0,0x6e,0x0,
0x4c,0x0,0x69,0x0,0x76,0x0,0x65,0x0,
0x4e,0x0,0x6f,0x0,0x74,0x0,0x65,0x0,
0x45,0x0,0x6e,0x0,0x76,0x0,0x65,0x0,
0x6c,0x0,0x6f,0x0,0x70,0x0,0x65,0x0,
0x55,0x0,0x70,0x0,0x64,0x0,0x61,0x0,
0x74,0x0,0x65,0x0,0x64,0x0,0x0,0x0,
0x15,0x0,0x0,0x0,0x6f,0x0,0x6e,0x0,
0x54,0x0,0x65,0x0,0x73,0x0,0x74,0x0,
0x50,0x0,0x6c,0x0,0x61,0x0,0x79,0x0,
0x62,0x0,0x61,0x0,0x63,0x0,0x6b,0x0,
0x43,0x0,0x68,0x0,0x61,0x0,0x6e,0x0,
0x67,0x0,0x65,0x0,0x64,0x0,0x0,0x0,
0xf,0x0,0x0,0x0,0x6f,0x0,0x6e,0x0,
0x42,0x0,0x72,0x0,0x69,0x0,0x64,0x0,
0x67,0x0,0x65,0x0,0x43,0x0,0x68,0x0,
0x61,0x0,0x6e,0x0,0x67,0x0,0x65,0x0,
0x64,0x0,0x0,0x0,0x0,0x0,0x0,0x0,
0x1e,0x0,0x0,0x0,0x65,0x0,0x78,0x0,
0x70,0x0,0x72,0x0,0x65,0x0,0x73,0x0,
0x73,0x0,0x69,0x0,0x6f,0x0,0x6e,0x0,
0x20,0x0,0x66,0x0,0x6f,0x0,0x72,0x0,
0x20,0x0,0x6f,0x0,0x6e,0x0,0x42,0x0,
0x72,0x0,0x69,0x0,0x64,0x0,0x67,0x0,
0x65,0x0,0x43,0x0,0x68,0x0,0x61,0x0,
0x6e,0x0,0x67,0x0,0x65,0x0,0x64,0x0,
0x0,0x0,0x0,0x0,0x0,0x0,0x0,0x0,
0xd,0x0,0x0,0x0,0x6f,0x0,0x6e,0x0,
0x44,0x0,0x65,0x0,0x73,0x0,0x74,0x0,
0x72,0x0,0x75,0x0,0x63,0x0,0x74,0x0,
0x69,0x0,0x6f,0x0,0x6e,0x0,0x0,0x0,
0x1c,0x0,0x0,0x0,0x65,0x0,0x78,0x0,
0x70,0x0,0x72,0x0,0x65,0x0,0x73,0x0,
0x73,0x0,0x69,0x0,0x6f,0x0,0x6e,0x0,
0x20,0x0,0x66,0x0,0x6f,0x0,0x72,0x0,
0x20,0x0,0x6f,0x0,0x6e,0x0,0x44,0x0,
0x65,0x0,0x73,0x0,0x74,0x0,0x72,0x0,
0x75,0x0,0x63,0x0,0x74,0x0,0x69,0x0,
0x6f,0x0,0x6e,0x0,0x0,0x0,0x0,0x0,
0x13,0x0,0x0,0x0,0x62,0x0,0x69,0x0,
0x6e,0x0,0x4f,0x0,0x76,0x0,0x65,0x0,
0x72,0x0,0x6c,0x0,0x61,0x0,0x79,0x0,
0x43,0x0,0x6f,0x0,0x6e,0x0,0x74,0x0,
0x61,0x0,0x69,0x0,0x6e,0x0,0x65,0x0,
0x72,0x0,0x0,0x0,0x0,0x0,0x0,0x0,
0x12,0x0,0x0,0x0,0x6d,0x0,0x61,0x0,
0x67,0x0,0x6e,0x0,0x69,0x0,0x74,0x0,
0x75,0x0,0x64,0x0,0x65,0x0,0x54,0x0,
0x6f,0x0,0x67,0x0,0x67,0x0,0x6c,0x0,
0x65,0x0,0x52,0x0,0x6f,0x0,0x77,0x0,
0x0,0x0,0x0,0x0,0x0,0x0,0x0,0x0,
0x7,0x0,0x0,0x0,0x23,0x0,0x32,0x0,
0x32,0x0,0x32,0x0,0x32,0x0,0x32,0x0,
0x32,0x0,0x0,0x0,0x0,0x0,0x0,0x0,
0x13,0x0,0x0,0x0,0x6d,0x0,0x61,0x0,
0x67,0x0,0x6e,0x0,0x69,0x0,0x74,0x0,
0x75,0x0,0x64,0x0,0x65,0x0,0x54,0x0,
0x65,0x0,0x78,0x0,0x74,0x0,0x54,0x0,
0x6f,0x0,0x67,0x0,0x67,0x0,0x6c,0x0,
0x65,0x0,0x0,0x0,0x0,0x0,0x0,0x0,
0x15,0x0,0x0,0x0,0x53,0x0,0x68,0x0,
0x6f,0x0,0x77,0x0,0x20,0x0,0x6d,0x0,
0x61,0x0,0x67,0x0,0x6e,0x0,0x69,0x0,
0x74,0x0,0x75,0x0,0x64,0x0,0x65,0x0,
0x20,0x0,0x76,0x0,0x61,0x0,0x6c,0x0,
0x75,0x0,0x65,0x0,0x73,0x0,0x0,0x0,
0x10,0x0,0x0,0x0,0x6f,0x0,0x6e,0x0,
0x56,0x0,0x69,0x0,0x73,0x0,0x69,0x0,
0x62,0x0,0x6c,0x0,0x65,0x0,0x43,0x0,
0x68,0x0,0x61,0x0,0x6e,0x0,0x67,0x0,
0x65,0x0,0x64,0x0,0x0,0x0,0x0,0x0,
0x1f,0x0,0x0,0x0,0x65,0x0,0x78,0x0,
0x70,0x0,0x72,0x0,0x65,0x0,0x73,0x0,
0x73,0x0,0x69,0x0,0x6f,0x0,0x6e,0x0,
0x20,0x0,0x66,0x0,0x6f,0x0,0x72,0x0,
0x20,0x0,0x6f,0x0,0x6e,0x0,0x56,0x0,
0x69,0x0,0x73,0x0,0x69,0x0,0x62,0x0,
0x6c,0x0,0x65,0x0,0x43,0x0,0x68,0x0,
0x61,0x0,0x6e,0x0,0x67,0x0,0x65,0x0,
0x64,0x0,0x0,0x0,0x0,0x0,0x0,0x0,
0xb,0x0,0x0,0x0,0x68,0x0,0x65,0x0,
0x61,0x0,0x74,0x0,0x6d,0x0,0x61,0x0,
0x70,0x0,0x41,0x0,0x72,0x0,0x65,0x0,
0x61,0x0,0x0,0x0,0x0,0x0,0x0,0x0,
0x4,0x0,0x0,0x0,0x63,0x0,0x6c,0x0,
0x69,0x0,0x70,0x0,0x0,0x0,0x0,0x0,
0x1a,0x0,0x0,0x0,0x42,0x0,0x61,0x0,
0x74,0x0,0x63,0x0,0x68,0x0,0x65,0x0,
0x64,0x0,0x46,0x0,0x72,0x0,0x65,0x0,
0x74,0x0,0x62,0x0,0x6f,0x0,0x61,0x0,
0x72,0x0,0x64,0x0,0x42,0x0,0x69,0x0,
0x6e,0x0,0x4f,0x0,0x76,0x0,0x65,0x0,
0x72,0x0,0x6c,0x0,0x61,0x0,0x79,0x0,
0x0,0x0,0x0,0x0,0x0,0x0,0x0,0x0,
0xa,0x0,0x0,0x0,0x62,0x0,0x69,0x0,
0x6e,0x0,0x4f,0x0,0x76,0x0,0x65,0x0,
0x72,0x0,0x6c,0x0,0x61,0x0,0x79,0x0,
0x0,0x0,0x0,0x0,0x0,0x0,0x0,0x0,
0x11,0x0,0x0,0x0,0x73,0x0,0x68,0x0,
0x6f,0x0,0x77,0x0,0x4d,0x0,0x61,0x0,
0x67,0x0,0x6e,0x0,0x69,0x0,0x74,0x0,
0x75,0x0,0x64,0x0,0x65,0x0,0x54,0x0,
0x65,0x0,0x78,0x0,0x74,0x0,0x0,0x0,
0x20,0x0,0x0,0x0,0x65,0x0,0x78,0x0,
0x70,0x0,0x72,0x0,0x65,0x0,0x73,0x0,
0x73,0x0,0x69,0x0,0x6f,0x0,0x6e,0x0,
0x20,0x0,0x66,0x0,0x6f,0x0,0x72,0x0,
0x20,0x0,0x73,0x0,0x68,0x0,0x6f,0x0,
0x77,0x0,0x4d,0x0,0x61,0x0,0x67,0x0,
0x6e,0x0,0x69,0x0,0x74,0x0,0x75,0x0,
0x64,0x0,0x65,0x0,0x54,0x0,0x65,0x0,
0x78,0x0,0x74,0x0,0x0,0x0,0x0,0x0,
0x11,0x0,0x0,0x0,0x6d,0x0,0x61,0x0,
0x67,0x0,0x6e,0x0,0x69,0x0,0x74,0x0,
0x75,0x0,0x64,0x0,0x65,0x0,0x50,0x0,
0x72,0x0,0x6f,0x0,0x76,0x0,0x69,0x0,
0x64,0x0,0x65,0x0,0x72,0x0,0x0,0x0,
0x20,0x0,0x0,0x0,0x65,0x0,0x78,0x0,
0x70,0x0,0x72,0x0,0x65,0x0,0x73,0x0,
0x73,0x0,0x69,0x0,0x6f,0x0,0x6e,0x0,
0x20,0x0,0x66,0x0,0x6f,0x0,0x72,0x0,
0x20,0x0,0x6d,0x0,0x61,0x0,0x67,0x0,
0x6e,0x0,0x69,0x0,0x74,0x0,0x75,0x0,
0x64,0x0,0x65,0x0,0x50,0x0,0x72,0x0,
0x6f,0x0,0x76,0x0,0x69,0x0,0x64,0x0,
0x65,0x0,0x72,0x0,0x0,0x0,0x0,0x0,
0xd,0x0,0x0,0x0,0x63,0x0,0x6f,0x0,
0x6c,0x0,0x6f,0x0,0x72,0x0,0x50,0x0,
0x72,0x0,0x6f,0x0,0x76,0x0,0x69,0x0,
0x64,0x0,0x65,0x0,0x72,0x0,0x0,0x0,
0x1c,0x0,0x0,0x0,0x65,0x0,0x78,0x0,
0x70,0x0,0x72,0x0,0x65,0x0,0x73,0x0,
0x73,0x0,0x69,0x0,0x6f,0x0,0x6e,0x0,
0x20,0x0,0x66,0x0,0x6f,0x0,0x72,0x0,
0x20,0x0,0x63,0x0,0x6f,0x0,0x6c,0x0,
0x6f,0x0,0x72,0x0,0x50,0x0,0x72,0x0,
0x6f,0x0,0x76,0x0,0x69,0x0,0x64,0x0,
0x65,0x0,0x72,0x0,0x0,0x0,0x0,0x0,
0xc,0x0,0x0,0x0,0x77,0x0,0x69,0x0,
0x6e,0x0,0x6e,0x0,0x69,0x0,0x6e,0x0,
0x67,0x0,0x46,0x0,0x72,0x0,0x65,0x0,
0x74,0x0,0x73,0x0,0x0,0x0,0x0,0x0,
0x1b,0x0,0x0,0x0,0x65,0x0,0x78,0x0,
0x70,0x0,0x72,0x0,0x65,0x0,0x73,0x0,
0x73,0x0,0x69,0x0,0x6f,0x0,0x6e,0x0,
0x20,0x0,0x66,0x0,0x6f,0x0,0x72,0x0,
0x20,0x0,0x77,0x0,0x69,0x0,0x6e,0x0,
0x6e,0x0,0x69,0x0,0x6e,0x0,0x67,0x0,
0x46,0x0,0x72,0x0,0x65,0x0,0x74,0x0,
0x73,0x0,0x0,0x0,0x0,0x0,0x0,0x0,
0x12,0x0,0x0,0x0,0x75,0x0,0x70,0x0,
0x64,0x0,0x61,0x0,0x74,0x0,0x65,0x0,
0x57,0x0,0x69,0x0,0x6e,0x0,0x6e,0x0,
0x69,0x0,0x6e,0x0,0x67,0x0,0x46,0x0,
0x72,0x0,0x65,0x0,0x74,0x0,0x73,0x0,
0x0,0x0,0x0,0x0,0x0,0x0,0x0,0x0,
0xe,0x0,0x0,0x0,0x73,0x0,0x74,0x0,
0x72,0x0,0x6f,0x0,0x6b,0x0,0x65,0x0,
0x50,0x0,0x72,0x0,0x6f,0x0,0x76,0x0,
0x69,0x0,0x64,0x0,0x65,0x0,0x72,0x0,
0x0,0x0,0x0,0x0,0x0,0x0,0x0,0x0,
0x1d,0x0,0x0,0x0,0x65,0x0,0x78,0x0,
0x70,0x0,0x72,0x0,0x65,0x0,0x73,0x0,
0x73,0x0,0x69,0x0,0x6f,0x0,0x6e,0x0,
0x20,0x0,0x66,0x0,0x6f,0x0,0x72,0x0,
0x20,0x0,0x73,0x0,0x74,0x0,0x72,0x0,
0x6f,0x0,0x6b,0x0,0x65,0x0,0x50,0x0,
0x72,0x0,0x6f,0x0,0x76,0x0,0x69,0x0,
0x64,0x0,0x65,0x0,0x72,0x0,0x0,0x0,
0xc,0x0,0x0,0x0,0x6f,0x0,0x6e,0x0,
0x42,0x0,0x69,0x0,0x6e,0x0,0x43,0x0,
0x6c,0x0,0x69,0x0,0x63,0x0,0x6b,0x0,
0x65,0x0,0x64,0x0,0x0,0x0,0x0,0x0,
0x1b,0x0,0x0,0x0,0x65,0x0,0x78,0x0,
0x70,0x0,0x72,0x0,0x65,0x0,0x73,0x0,
0x73,0x0,0x69,0x0,0x6f,0x0,0x6e,0x0,
0x20,0x0,0x66,0x0,0x6f,0x0,0x72,0x0,
0x20,0x0,0x6f,0x0,0x6e,0x0,0x42,0x0,
0x69,0x0,0x6e,0x0,0x43,0x0,0x6c,0x0,
0x69,0x0,0x63,0x0,0x6b,0x0,0x65,0x0,
0x64,0x0,0x0,0x0,0x0,0x0,0x0,0x0,
0x16,0x0,0x0,0x0,0x6f,0x0,0x6e,0x0,
0x42,0x0,0x69,0x0,0x6e,0x0,0x4d,0x0,
0x61,0x0,0x67,0x0,0x6e,0x0,0x69,0x0,
0x74,0x0,0x75,0x0,0x64,0x0,0x65,0x0,
0x73,0x0,0x43,0x0,0x68,0x0,0x61,0x0,
0x6e,0x0,0x67,0x0,0x65,0x0,0x64,0x0,
0x0,0x0,0x0,0x0,0x0,0x0,0x0,0x0,
0xd,0x0,0x0,0x0,0x41,0x0,0x70,0x0,
0x70,0x0,0x43,0x0,0x6f,0x0,0x6e,0x0,
0x74,0x0,0x72,0x0,0x6f,0x0,0x6c,0x0,
0x6c,0x0,0x65,0x0,0x72,0x0,0x0,0x0,
0x9,0x0,0x0,0x0,0x75,0x0,0x6e,0x0,
0x64,0x0,0x65,0x0,0x66,0x0,0x69,0x0,
0x6e,0x0,0x65,0x0,0x64,0x0,0x0,0x0,
0x9,0x0,0x0,0x0,0x74,0x0,0x61,0x0,
0x62,0x0,0x42,0x0,0x72,0x0,0x69,0x0,
0x64,0x0,0x67,0x0,0x65,0x0,0x0,0x0,
0x9,0x0,0x0,0x0,0x54,0x0,0x61,0x0,
0x62,0x0,0x42,0x0,0x72,0x0,0x69,0x0,
0x64,0x0,0x67,0x0,0x65,0x0,0x0,0x0,
0x1,0x0,0x0,0x0,0x45,0x0,0x0,0x0,
0x1,0x0,0x0,0x0,0x41,0x0,0x0,0x0,
0x1,0x0,0x0,0x0,0x44,0x0,0x0,0x0,
0x1,0x0,0x0,0x0,0x47,0x0,0x0,0x0,
0x1,0x0,0x0,0x0,0x42,0x0,0x0,0x0,
0x1,0x0,0x0,0x0,0x65,0x0,0x0,0x0,
0x4,0x0,0x0,0x0,0x4d,0x0,0x61,0x0,
0x74,0x0,0x68,0x0,0x0,0x0,0x0,0x0,
0x3,0x0,0x0,0x0,0x6d,0x0,0x69,0x0,
0x6e,0x0,0x0,0x0,0x0,0x0,0x0,0x0,
0xc,0x0,0x0,0x0,0x73,0x0,0x65,0x0,
0x74,0x0,0x52,0x0,0x65,0x0,0x63,0x0,
0x6f,0x0,0x72,0x0,0x64,0x0,0x69,0x0,
0x6e,0x0,0x67,0x0,0x0,0x0,0x0,0x0,
0x7,0x0,0x0,0x0,0x23,0x0,0x66,0x0,
0x66,0x0,0x35,0x0,0x32,0x0,0x35,0x0,
0x32,0x0,0x0,0x0,0x0,0x0,0x0,0x0,
0x7,0x0,0x0,0x0,0x23,0x0,0x66,0x0,
0x66,0x0,0x64,0x0,0x38,0x0,0x34,0x0,
0x64,0x0,0x0,0x0,0x0,0x0,0x0,0x0,
0x7,0x0,0x0,0x0,0x23,0x0,0x35,0x0,
0x61,0x0,0x64,0x0,0x34,0x0,0x35,0x0,
0x61,0x0,0x0,0x0,0x0,0x0,0x0,0x0,
0x3,0x0,0x0,0x0,0x6d,0x0,0x61,0x0,
0x78,0x0,0x0,0x0,0x0,0x0,0x0,0x0,
0x7,0x0,0x0,0x0,0x23,0x0,0x36,0x0,
0x62,0x0,0x36,0x0,0x62,0x0,0x37,0x0,
0x33,0x0,0x0,0x0,0x0,0x0,0x0,0x0,
0x7,0x0,0x0,0x0,0x23,0x0,0x35,0x0,
0x36,0x0,0x64,0x0,0x35,0x0,0x36,0x0,
0x65,0x0,0x0,0x0,0x0,0x0,0x0,0x0,
0x7,0x0,0x0,0x0,0x23,0x0,0x66,0x0,
0x66,0x0,0x39,0x0,0x66,0x0,0x35,0x0,
0x61,0x0,0x0,0x0,0x0,0x0,0x0,0x0,
0x7,0x0,0x0,0x0,0x23,0x0,0x33,0x0,
0x62,0x0,0x33,0x0,0x62,0x0,0x34,0x0,
0x33,0x0,0x0,0x0,0x0,0x0,0x0,0x0,
0xf,0x0,0x0,0x0,0x74,0x0,0x75,0x0,
0x6e,0x0,0x69,0x0,0x6e,0x0,0x67,0x0,
0x44,0x0,0x65,0x0,0x76,0x0,0x69,0x0,
0x61,0x0,0x74,0x0,0x69,0x0,0x6f,0x0,
0x6e,0x0,0x0,0x0,0x0,0x0,0x0,0x0,
0x6,0x0,0x0,0x0,0x6c,0x0,0x65,0x0,
0x6e,0x0,0x67,0x0,0x74,0x0,0x68,0x0,
0x0,0x0,0x0,0x0,0x0,0x0,0x0,0x0,
0x6,0x0,0x0,0x0,0x4e,0x0,0x75,0x0,
0x6d,0x0,0x62,0x0,0x65,0x0,0x72,0x0,
0x0,0x0,0x0,0x0,0x0,0x0,0x0,0x0,
0x11,0x0,0x0,0x0,0x74,0x0,0x75,0x0,
0x6e,0x0,0x69,0x0,0x6e,0x0,0x67,0x0,
0x4d,0x0,0x6f,0x0,0x64,0x0,0x65,0x0,
0x45,0x0,0x6e,0x0,0x61,0x0,0x62,0x0,
0x6c,0x0,0x65,0x0,0x64,0x0,0x0,0x0,
0x3,0x0,0x0,0x0,0x61,0x0,0x62,0x0,
0x73,0x0,0x0,0x0,0x0,0x0,0x0,0x0,
0x7,0x0,0x0,0x0,0x63,0x0,0x6f,0x0,
0x6e,0x0,0x73,0x0,0x6f,0x0,0x6c,0x0,
0x65,0x0,0x0,0x0,0x0,0x0,0x0,0x0,
0x3,0x0,0x0,0x0,0x6c,0x0,0x6f,0x0,
0x67,0x0,0x0,0x0,0x0,0x0,0x0,0x0,
0x10,0x0,0x0,0x0,0x74,0x0,0x75,0x0,
0x6e,0x0,0x69,0x0,0x6e,0x0,0x67,0x0,
0x2d,0x0,0x64,0x0,0x65,0x0,0x76,0x0,
0x69,0x0,0x61,0x0,0x74,0x0,0x69,0x0,
0x6f,0x0,0x6e,0x0,0x0,0x0,0x0,0x0,
0x6,0x0,0x0,0x0,0x73,0x0,0x74,0x0,
0x72,0x0,0x69,0x0,0x6e,0x0,0x67,0x0,
0x0,0x0,0x0,0x0,0x0,0x0,0x0,0x0,
0x7,0x0,0x0,0x0,0x74,0x0,0x6f,0x0,
0x46,0x0,0x69,0x0,0x78,0x0,0x65,0x0,
0x64,0x0,0x0,0x0,0x0,0x0,0x0,0x0,
0x1,0x0,0x0,0x0,0x72,0x0,0x0,0x0,
0x1,0x0,0x0,0x0,0x67,0x0,0x0,0x0,
0x1,0x0,0x0,0x0,0x62,0x0,0x0,0x0,
0x2,0x0,0x0,0x0,0x51,0x0,0x74,0x0,
0x0,0x0,0x0,0x0,0x0,0x0,0x0,0x0,
0x4,0x0,0x0,0x0,0x72,0x0,0x67,0x0,
0x62,0x0,0x61,0x0,0x0,0x0,0x0,0x0,
0x9,0x0,0x0,0x0,0x68,0x0,0x65,0x0,
0x78,0x0,0x4d,0x0,0x65,0x0,0x74,0x0,
0x65,0x0,0x72,0x0,0x73,0x0,0x0,0x0,
0x12,0x0,0x0,0x0,0x63,0x0,0x61,0x0,
0x6c,0x0,0x69,0x0,0x62,0x0,0x72,0x0,
0x61,0x0,0x74,0x0,0x69,0x0,0x6f,0x0,
0x6e,0x0,0x52,0x0,0x75,0x0,0x6e,0x0,
0x6e,0x0,0x69,0x0,0x6e,0x0,0x67,0x0,
0x0,0x0,0x0,0x0,0x0,0x0,0x0,0x0,
0x9,0x0,0x0,0x0,0x72,0x0,0x65,0x0,
0x63,0x0,0x6f,0x0,0x72,0x0,0x64,0x0,
0x69,0x0,0x6e,0x0,0x67,0x0,0x0,0x0,
0xe,0x0,0x0,0x0,0x72,0x0,0x65,0x0,
0x71,0x0,0x75,0x0,0x65,0x0,0x73,0x0,
0x74,0x0,0x52,0x0,0x65,0x0,0x66,0x0,
0x72,0x0,0x65,0x0,0x73,0x0,0x68,0x0,
0x0,0x0,0x0,0x0,0x0,0x0,0x0,0x0,
0x6,0x0,0x0,0x0,0x70,0x0,0x61,0x0,
0x72,0x0,0x65,0x0,0x6e,0x0,0x74,0x0,
0x0,0x0,0x0,0x0,0x0,0x0,0x0,0x0,
0x6,0x0,0x0,0x0,0x43,0x0,0x65,0x0,
0x6e,0x0,0x74,0x0,0x65,0x0,0x72,0x0,
0x0,0x0,0x0,0x0,0x0,0x0,0x0,0x0,
0x7,0x0,0x0,0x0,0x53,0x0,0x74,0x0,
0x72,0x0,0x65,0x0,0x74,0x0,0x63,0x0,
0x68,0x0,0x0,0x0,0x0,0x0,0x0,0x0,
0x3,0x0,0x0,0x0,0x6d,0x0,0x61,0x0,
0x70,0x0,0x0,0x0,0x0,0x0,0x0,0x0,
0x5,0x0,0x0,0x0,0x63,0x0,0x6f,0x0,
0x75,0x0,0x6e,0x0,0x74,0x0,0x0,0x0,
0x8,0x0,0x0,0x0,0x65,0x0,0x78,0x0,
0x74,0x0,0x65,0x0,0x72,0x0,0x6e,0x0,
0x61,0x0,0x6c,0x0,0x0,0x0,0x0,0x0,
0x3,0x0,0x0,0x0,0x67,0x0,0x65,0x0,
0x74,0x0,0x0,0x0,0x0,0x0,0x0,0x0,
0xd,0x0,0x0,0x0,0x6f,0x0,0x76,0x0,
0x65,0x0,0x72,0x0,0x6c,0x0,0x61,0x0,
0x79,0x0,0x53,0x0,0x74,0x0,0x72,0x0,
0x69,0x0,0x6e,0x0,0x67,0x0,0x0,0x0,
0x3,0x0,0x0,0x0,0x73,0x0,0x65,0x0,
0x74,0x0,0x0,0x0,0x0,0x0,0x0,0x0,
0x6,0x0,0x0,0x0,0x61,0x0,0x70,0x0,
0x70,0x0,0x65,0x0,0x6e,0x0,0x64,0x0,
0x0,0x0,0x0,0x0,0x0,0x0,0x0,0x0,
0x6,0x0,0x0,0x0,0x72,0x0,0x65,0x0,
0x6d,0x0,0x6f,0x0,0x76,0x0,0x65,0x0,
0x0,0x0,0x0,0x0,0x0,0x0,0x0,0x0,
0xb,0x0,0x0,0x0,0x73,0x0,0x65,0x0,
0x74,0x0,0x50,0x0,0x72,0x0,0x6f,0x0,
0x70,0x0,0x65,0x0,0x72,0x0,0x74,0x0,
0x79,0x0,0x0,0x0,0x0,0x0,0x0,0x0,
0x5,0x0,0x0,0x0,0x63,0x0,0x6c,0x0,
0x65,0x0,0x61,0x0,0x72,0x0,0x0,0x0,
0x5,0x0,0x0,0x0,0x6d,0x0,0x6f,0x0,
0x75,0x0,0x73,0x0,0x65,0x0,0x0,0x0,
0x4,0x0,0x0,0x0,0x73,0x0,0x74,0x0,
0x6f,0x0,0x70,0x0,0x0,0x0,0x0,0x0,
0x8,0x0,0x0,0x0,0x70,0x0,0x6c,0x0,
0x61,0x0,0x79,0x0,0x62,0x0,0x61,0x0,
0x63,0x0,0x6b,0x0,0x0,0x0,0x0,0x0,
0x5,0x0,0x0,0x0,0x73,0x0,0x6c,0x0,
0x69,0x0,0x63,0x0,0x65,0x0,0x0,0x0,
0x4,0x0,0x0,0x0,0x73,0x0,0x6f,0x0,
0x72,0x0,0x74,0x0,0x0,0x0,0x0,0x0,
0x5,0x0,0x0,0x0,0x73,0x0,0x74,0x0,
0x61,0x0,0x72,0x0,0x74,0x0,0x0,0x0,
0x5,0x0,0x0,0x0,0x72,0x0,0x6f,0x0,
0x75,0x0,0x6e,0x0,0x64,0x0,0x0,0x0,
0x4,0x0,0x0,0x0,0x66,0x0,0x72,0x0,
0x65,0x0,0x74,0x0,0x0,0x0,0x0,0x0,
0x3,0x0,0x0,0x0,0x65,0x0,0x6e,0x0,
0x64,0x0,0x0,0x0,0x0,0x0,0x0,0x0,
0x6,0x0,0x0,0x0,0x45,0x0,0x61,0x0,
0x73,0x0,0x69,0x0,0x6e,0x0,0x67,0x0,
0x0,0x0,0x0,0x0,0x0,0x0,0x0,0x0,
0x7,0x0,0x0,0x0,0x4f,0x0,0x75,0x0,
0x74,0x0,0x51,0x0,0x75,0x0,0x61,0x0,
0x64,0x0,0x0,0x0,0x0,0x0,0x0,0x0,
0x1,0x0,0x0,0x0,0x53,0x0,0x0,0x0,
0x3,0x0,0x0,0x0,0x20,0x0,0x20,0x0,
0x46,0x0,0x0,0x0,0x0,0x0,0x0,0x0,
0x8,0x0,0x0,0x0,0x4e,0x0,0x6f,0x0,
0x42,0x0,0x75,0x0,0x74,0x0,0x74,0x0,
0x6f,0x0,0x6e,0x0,0x0,0x0,0x0,0x0,
0x6,0x0,0x0,0x0,0x6d,0x0,0x6f,0x0,
0x75,0x0,0x73,0x0,0x65,0x0,0x58,0x0,
0x0,0x0,0x0,0x0,0x0,0x0,0x0,0x0,
0x6,0x0,0x0,0x0,0x6d,0x0,0x6f,0x0,
0x75,0x0,0x73,0x0,0x65,0x0,0x59,0x0,
0x0,0x0,0x0,0x0,0x0,0x0,0x0,0x0,
0xb,0x0,0x0,0x0,0x6d,0x0,0x61,0x0,
0x70,0x0,0x46,0x0,0x72,0x0,0x6f,0x0,
0x6d,0x0,0x49,0x0,0x74,0x0,0x65,0x0,
0x6d,0x0,0x0,0x0,0x0,0x0,0x0,0x0,
0x9,0x0,0x0,0x0,0x72,0x0,0x61,0x0,
0x77,0x0,0x4d,0x0,0x65,0x0,0x74,0x0,
0x65,0x0,0x72,0x0,0x73,0x0,0x0,0x0,
0x3,0x0,0x0,0x0,0x20,0x0,0x20,0x0,
0x20,0x0,0x0,0x0,0x0,0x0,0x0,0x0,
0x8,0x0,0x0,0x0,0x74,0x0,0x65,0x0,
0x73,0x0,0x74,0x0,0x4d,0x0,0x6f,0x0,
0x64,0x0,0x65,0x0,0x0,0x0,0x0,0x0,
0x15,0x0,0x0,0x0,0x6c,0x0,0x69,0x0,
0x76,0x0,0x65,0x0,0x48,0x0,0x65,0x0,
0x78,0x0,0x4d,0x0,0x6f,0x0,0x6e,0x0,
0x69,0x0,0x74,0x0,0x6f,0x0,0x72,0x0,
0x45,0x0,0x6e,0x0,0x61,0x0,0x62,0x0,
0x6c,0x0,0x65,0x0,0x64,0x0,0x0,0x0,
0x18,0x0,0x0,0x0,0x73,0x0,0x65,0x0,
0x74,0x0,0x4c,0x0,0x69,0x0,0x76,0x0,
0x65,0x0,0x48,0x0,0x65,0x0,0x78,0x0,
0x4d,0x0,0x6f,0x0,0x6e,0x0,0x69,0x0,
0x74,0x0,0x6f,0x0,0x72,0x0,0x45,0x0,
0x6e,0x0,0x61,0x0,0x62,0x0,0x6c,0x0,
0x65,0x0,0x64,0x0,0x0,0x0,0x0,0x0,
0x7,0x0,0x0,0x0,0x4e,0x0,0x6f,0x0,
0x46,0x0,0x6f,0x0,0x63,0x0,0x75,0x0,
0x73,0x0,0x0,0x0,0x0,0x0,0x0,0x0,
0x7,0x0,0x0,0x0,0x23,0x0,0x42,0x0,
0x39,0x0,0x33,0x0,0x39,0x0,0x33,0x0,
0x46,0x0,0x0,0x0,0x0,0x0,0x0,0x0,
0x7,0x0,0x0,0x0,0x23,0x0,0x33,0x0,
0x43,0x0,0x33,0x0,0x30,0x0,0x32,0x0,
0x37,0x0,0x0,0x0,0x0,0x0,0x0,0x0,
0x7,0x0,0x0,0x0,0x23,0x0,0x46,0x0,
0x32,0x0,0x42,0x0,0x31,0x0,0x41,0x0,
0x36,0x0,0x0,0x0,0x0,0x0,0x0,0x0,
0x7,0x0,0x0,0x0,0x23,0x0,0x37,0x0,
0x41,0x0,0x36,0x0,0x39,0x0,0x35,0x0,
0x37,0x0,0x0,0x0,0x0,0x0,0x0,0x0,
0x9,0x0,0x0,0x0,0x49,0x0,0x6e,0x0,
0x4f,0x0,0x75,0x0,0x74,0x0,0x51,0x0,
0x75,0x0,0x61,0x0,0x64,0x0,0x0,0x0,
0xa,0x0,0x0,0x0,0x74,0x0,0x68,0x0,
0x72,0x0,0x65,0x0,0x73,0x0,0x68,0x0,
0x6f,0x0,0x6c,0x0,0x64,0x0,0x73,0x0,
0x0,0x0,0x0,0x0,0x0,0x0,0x0,0x0,
0xc,0x0,0x0,0x0,0x41,0x0,0x6c,0x0,
0x69,0x0,0x67,0x0,0x6e,0x0,0x48,0x0,
0x43,0x0,0x65,0x0,0x6e,0x0,0x74,0x0,
0x65,0x0,0x72,0x0,0x0,0x0,0x0,0x0,
0x8,0x0,0x0,0x0,0x62,0x0,0x61,0x0,
0x73,0x0,0x65,0x0,0x6c,0x0,0x69,0x0,
0x6e,0x0,0x65,0x0,0x0,0x0,0x0,0x0,
0x6,0x0,0x0,0x0,0x6e,0x0,0x75,0x0,
0x6d,0x0,0x62,0x0,0x65,0x0,0x72,0x0,
0x0,0x0,0x0,0x0,0x0,0x0,0x0,0x0,
0x6,0x0,0x0,0x0,0x2d,0x0,0x2e,0x0,
0x2d,0x0,0x2d,0x0,0x2d,0x0,0x2d,0x0,
0x0,0x0,0x0,0x0,0x0,0x0,0x0,0x0,
0xd,0x0,0x0,0x0,0x67,0x0,0x61,0x0,
0x74,0x0,0x65,0x0,0x54,0x0,0x68,0x0,
0x72,0x0,0x65,0x0,0x73,0x0,0x68,0x0,
0x6f,0x0,0x6c,0x0,0x64,0x0,0x0,0x0,
0xc,0x0,0x0,0x0,0x73,0x0,0x75,0x0,
0x73,0x0,0x74,0x0,0x61,0x0,0x69,0x0,
0x6e,0x0,0x46,0x0,0x6c,0x0,0x6f,0x0,
0x6f,0x0,0x72,0x0,0x0,0x0,0x0,0x0,
0xf,0x0,0x0,0x0,0x43,0x0,0x61,0x0,
0x6c,0x0,0x69,0x0,0x62,0x0,0x72,0x0,
0x61,0x0,0x74,0x0,0x65,0x0,0x20,0x0,
0x49,0x0,0x6e,0x0,0x70,0x0,0x75,0x0,
0x74,0x0,0x0,0x0,0x0,0x0,0x0,0x0,
0x4,0x0,0x0,0x0,0x71,0x0,0x73,0x0,
0x54,0x0,0x72,0x0,0x0,0x0,0x0,0x0,
0xe,0x0,0x0,0x0,0x43,0x0,0x61,0x0,
0x6c,0x0,0x69,0x0,0x62,0x0,0x72,0x0,
0x61,0x0,0x74,0x0,0x69,0x0,0x6e,0x0,
0x67,0x0,0x2e,0x0,0x2e,0x0,0x2e,0x0,
0x0,0x0,0x0,0x0,0x0,0x0,0x0,0x0,
0x10,0x0,0x0,0x0,0x63,0x0,0x61,0x0,
0x6c,0x0,0x69,0x0,0x62,0x0,0x72,0x0,
0x61,0x0,0x74,0x0,0x69,0x0,0x6f,0x0,
0x6e,0x0,0x52,0x0,0x65,0x0,0x61,0x0,
0x64,0x0,0x79,0x0,0x0,0x0,0x0,0x0,
0xb,0x0,0x0,0x0,0x52,0x0,0x65,0x0,
0x63,0x0,0x61,0x0,0x6c,0x0,0x69,0x0,
0x62,0x0,0x72,0x0,0x61,0x0,0x74,0x0,
0x65,0x0,0x0,0x0,0x0,0x0,0x0,0x0,
0x10,0x0,0x0,0x0,0x73,0x0,0x74,0x0,
0x61,0x0,0x72,0x0,0x74,0x0,0x43,0x0,
0x61,0x0,0x6c,0x0,0x69,0x0,0x62,0x0,
0x72,0x0,0x61,0x0,0x74,0x0,0x69,0x0,
0x6f,0x0,0x6e,0x0,0x0,0x0,0x0,0x0,
0x7,0x0,0x0,0x0,0x23,0x0,0x66,0x0,
0x64,0x0,0x66,0x0,0x64,0x0,0x66,0x0,
0x64,0x0,0x0,0x0,0x0,0x0,0x0,0x0,
0x7,0x0,0x0,0x0,0x23,0x0,0x39,0x0,
0x63,0x0,0x39,0x0,0x65,0x0,0x61,0x0,
0x36,0x0,0x0,0x0,0x0,0x0,0x0,0x0,
0xc,0x0,0x0,0x0,0x41,0x0,0x6c,0x0,
0x69,0x0,0x67,0x0,0x6e,0x0,0x56,0x0,
0x43,0x0,0x65,0x0,0x6e,0x0,0x74,0x0,
0x65,0x0,0x72,0x0,0x0,0x0,0x0,0x0,
0x7,0x0,0x0,0x0,0x23,0x0,0x32,0x0,
0x62,0x0,0x32,0x0,0x63,0x0,0x33,0x0,
0x32,0x0,0x0,0x0,0x0,0x0,0x0,0x0,
0x7,0x0,0x0,0x0,0x23,0x0,0x31,0x0,
0x64,0x0,0x31,0x0,0x65,0x0,0x32,0x0,
0x32,0x0,0x0,0x0,0x0,0x0,0x0,0x0,
0x4,0x0,0x0,0x0,0x64,0x0,0x6f,0x0,
0x77,0x0,0x6e,0x0,0x0,0x0,0x0,0x0,
0x7,0x0,0x0,0x0,0x23,0x0,0x34,0x0,
0x62,0x0,0x34,0x0,0x64,0x0,0x35,0x0,
0x35,0x0,0x0,0x0,0x0,0x0,0x0,0x0,
0x10,0x0,0x0,0x0,0x63,0x0,0x61,0x0,
0x6c,0x0,0x69,0x0,0x62,0x0,0x72,0x0,
0x61,0x0,0x74,0x0,0x69,0x0,0x6f,0x0,
0x6e,0x0,0x53,0x0,0x74,0x0,0x65,0x0,
0x70,0x0,0x73,0x0,0x0,0x0,0x0,0x0,
0x9,0x0,0x0,0x0,0x6d,0x0,0x6f,0x0,
0x64,0x0,0x65,0x0,0x6c,0x0,0x44,0x0,
0x61,0x0,0x74,0x0,0x61,0x0,0x0,0x0,
0x7,0x0,0x0,0x0,0x23,0x0,0x66,0x0,
0x65,0x0,0x66,0x0,0x65,0x0,0x66,0x0,
0x65,0x0,0x0,0x0,0x0,0x0,0x0,0x0,
0x7,0x0,0x0,0x0,0x23,0x0,0x62,0x0,
0x30,0x0,0x62,0x0,0x33,0x0,0x62,0x0,
0x62,0x0,0x0,0x0,0x0,0x0,0x0,0x0,
0x12,0x0,0x0,0x0,0x50,0x0,0x6f,0x0,
0x69,0x0,0x6e,0x0,0x74,0x0,0x69,0x0,
0x6e,0x0,0x67,0x0,0x48,0x0,0x61,0x0,
0x6e,0x0,0x64,0x0,0x43,0x0,0x75,0x0,
0x72,0x0,0x73,0x0,0x6f,0x0,0x72,0x0,
0x0,0x0,0x0,0x0,0x0,0x0,0x0,0x0,
0xb,0x0,0x0,0x0,0x41,0x0,0x72,0x0,
0x72,0x0,0x6f,0x0,0x77,0x0,0x43,0x0,
0x75,0x0,0x72,0x0,0x73,0x0,0x6f,0x0,
0x72,0x0,0x0,0x0,0x0,0x0,0x0,0x0,
0x11,0x0,0x0,0x0,0x72,0x0,0x65,0x0,
0x63,0x0,0x61,0x0,0x6c,0x0,0x69,0x0,
0x62,0x0,0x72,0x0,0x61,0x0,0x74,0x0,
0x65,0x0,0x53,0x0,0x74,0x0,0x72,0x0,
0x69,0x0,0x6e,0x0,0x67,0x0,0x0,0x0,
0x14,0x0,0x0,0x0,0x73,0x0,0x65,0x0,
0x74,0x0,0x54,0x0,0x75,0x0,0x6e,0x0,
0x69,0x0,0x6e,0x0,0x67,0x0,0x4d,0x0,
0x6f,0x0,0x64,0x0,0x65,0x0,0x45,0x0,
0x6e,0x0,0x61,0x0,0x62,0x0,0x6c,0x0,
0x65,0x0,0x64,0x0,0x0,0x0,0x0,0x0,
0xb,0x0,0x0,0x0,0x72,0x0,0x65,0x0,
0x73,0x0,0x6f,0x0,0x6c,0x0,0x76,0x0,
0x65,0x0,0x64,0x0,0x55,0x0,0x72,0x0,
0x6c,0x0,0x0,0x0,0x0,0x0,0x0,0x0,
0x1e,0x0,0x0,0x0,0x2e,0x0,0x2e,0x0,
0x2f,0x0,0x61,0x0,0x73,0x0,0x73,0x0,
0x65,0x0,0x74,0x0,0x73,0x0,0x2f,0x0,
0x69,0x0,0x63,0x0,0x6f,0x0,0x6e,0x0,
0x73,0x0,0x2f,0x0,0x74,0x0,0x75,0x0,
0x6e,0x0,0x69,0x0,0x6e,0x0,0x67,0x0,
0x46,0x0,0x6f,0x0,0x72,0x0,0x6b,0x0,
0x2e,0x0,0x73,0x0,0x76,0x0,0x67,0x0,
0x0,0x0,0x0,0x0,0x0,0x0,0x0,0x0,
0x11,0x0,0x0,0x0,0x50,0x0,0x72,0x0,
0x65,0x0,0x73,0x0,0x65,0x0,0x72,0x0,
0x76,0x0,0x65,0x0,0x41,0x0,0x73,0x0,
0x70,0x0,0x65,0x0,0x63,0x0,0x74,0x0,
0x46,0x0,0x69,0x0,0x74,0x0,0x0,0x0,
0x11,0x0,0x0,0x0,0x41,0x0,0x70,0x0,
0x70,0x0,0x6c,0x0,0x69,0x0,0x63,0x0,
0x61,0x0,0x74,0x0,0x69,0x0,0x6f,0x0,
0x6e,0x0,0x57,0x0,0x69,0x0,0x6e,0x0,
0x64,0x0,0x6f,0x0,0x77,0x0,0x0,0x0,
0x6,0x0,0x0,0x0,0x77,0x0,0x69,0x0,
0x6e,0x0,0x64,0x0,0x6f,0x0,0x77,0x0,
0x0,0x0,0x0,0x0,0x0,0x0,0x0,0x0,
0x12,0x0,0x0,0x0,0x74,0x0,0x75,0x0,
0x6e,0x0,0x69,0x0,0x6e,0x0,0x67,0x0,
0x50,0x0,0x61,0x0,0x6e,0x0,0x65,0x0,
0x6c,0x0,0x56,0x0,0x69,0x0,0x73,0x0,
0x69,0x0,0x62,0x0,0x6c,0x0,0x65,0x0,
0x0,0x0,0x0,0x0,0x0,0x0,0x0,0x0,
0x7,0x0,0x0,0x0,0x62,0x0,0x69,0x0,
0x6e,0x0,0x64,0x0,0x69,0x0,0x6e,0x0,
0x67,0x0,0x0,0x0,0x0,0x0,0x0,0x0,
0x3,0x0,0x0,0x0,0x71,0x0,0x6d,0x0,
0x6c,0x0,0x0,0x0,0x0,0x0,0x0,0x0,
0x13,0x0,0x0,0x0,0x74,0x0,0x75,0x0,
0x6e,0x0,0x69,0x0,0x6e,0x0,0x67,0x0,
0x2d,0x0,0x70,0x0,0x61,0x0,0x6e,0x0,
0x65,0x0,0x6c,0x0,0x2d,0x0,0x74,0x0,
0x6f,0x0,0x67,0x0,0x67,0x0,0x6c,0x0,
0x65,0x0,0x0,0x0,0x0,0x0,0x0,0x0,
0x18,0x0,0x0,0x0,0x63,0x0,0x6f,0x0,
0x6e,0x0,0x6e,0x0,0x65,0x0,0x63,0x0,
0x74,0x0,0x65,0x0,0x64,0x0,0x20,0x0,
0x74,0x0,0x6f,0x0,0x20,0x0,0x6d,0x0,
0x61,0x0,0x69,0x0,0x6e,0x0,0x20,0x0,
0x77,0x0,0x69,0x0,0x6e,0x0,0x64,0x0,
0x6f,0x0,0x77,0x0,0x0,0x0,0x0,0x0,
0x1a,0x0,0x0,0x0,0x66,0x0,0x61,0x0,
0x69,0x0,0x6c,0x0,0x65,0x0,0x64,0x0,
0x20,0x0,0x74,0x0,0x6f,0x0,0x20,0x0,
0x66,0x0,0x69,0x0,0x6e,0x0,0x64,0x0,
0x20,0x0,0x6d,0x0,0x61,0x0,0x69,0x0,
0x6e,0x0,0x20,0x0,0x77,0x0,0x69,0x0,
0x6e,0x0,0x64,0x0,0x6f,0x0,0x77,0x0,
0x0,0x0,0x0,0x0,0x0,0x0,0x0,0x0,
0x23,0x0,0x0,0x0,0x2e,0x0,0x2e,0x0,
0x2f,0x0,0x61,0x0,0x73,0x0,0x73,0x0,
0x65,0x0,0x74,0x0,0x73,0x0,0x2f,0x0,
0x69,0x0,0x63,0x0,0x6f,0x0,0x6e,0x0,
0x73,0x0,0x2f,0x0,0x6c,0x0,0x75,0x0,
0x63,0x0,0x69,0x0,0x64,0x0,0x65,0x0,
0x2d,0x0,0x73,0x0,0x65,0x0,0x74,0x0,
0x74,0x0,0x69,0x0,0x6e,0x0,0x67,0x0,
0x73,0x0,0x2e,0x0,0x73,0x0,0x76,0x0,
0x67,0x0,0x0,0x0,0x0,0x0,0x0,0x0,
0x7,0x0,0x0,0x0,0x68,0x0,0x6f,0x0,
0x76,0x0,0x65,0x0,0x72,0x0,0x65,0x0,
0x64,0x0,0x0,0x0,0x0,0x0,0x0,0x0,
0x20,0x0,0x0,0x0,0x2e,0x0,0x2e,0x0,
0x2f,0x0,0x61,0x0,0x73,0x0,0x73,0x0,
0x65,0x0,0x74,0x0,0x73,0x0,0x2f,0x0,
0x69,0x0,0x63,0x0,0x6f,0x0,0x6e,0x0,
0x73,0x0,0x2f,0x0,0x68,0x0,0x65,0x0,
0x61,0x0,0x74,0x0,0x6d,0x0,0x61,0x0,
0x70,0x0,0x2d,0x0,0x67,0x0,0x72,0x0,
0x69,0x0,0x64,0x0,0x2e,0x0,0x73,0x0,
0x76,0x0,0x67,0x0,0x0,0x0,0x0,0x0,
0x4,0x0,0x0,0x0,0x6c,0x0,0x69,0x0,
0x76,0x0,0x65,0x0,0x0,0x0,0x0,0x0,
0x11,0x0,0x0,0x0,0x74,0x0,0x65,0x0,
0x73,0x0,0x74,0x0,0x50,0x0,0x6c,0x0,
0x61,0x0,0x79,0x0,0x62,0x0,0x61,0x0,
0x63,0x0,0x6b,0x0,0x53,0x0,0x74,0x0,
0x61,0x0,0x74,0x0,0x65,0x0,0x0,0x0,
0x7,0x0,0x0,0x0,0x50,0x0,0x6c,0x0,
0x61,0x0,0x79,0x0,0x69,0x0,0x6e,0x0,
0x67,0x0,0x0,0x0,0x0,0x0,0x0,0x0,
0x7,0x0,0x0,0x0,0x53,0x0,0x74,0x0,
0x6f,0x0,0x70,0x0,0x70,0x0,0x65,0x0,
0x64,0x0,0x0,0x0,0x0,0x0,0x0,0x0,
0x4,0x0,0x0,0x0,0x49,0x0,0x64,0x0,
0x6c,0x0,0x65,0x0,0x0,0x0,0x0,0x0,
0x6,0x0,0x0,0x0,0x50,0x0,0x61,0x0,
0x75,0x0,0x73,0x0,0x65,0x0,0x64,0x0,
0x0,0x0,0x0,0x0,0x0,0x0,0x0,0x0,
0x8,0x0,0x0,0x0,0x43,0x0,0x6f,0x0,
0x6d,0x0,0x70,0x0,0x6c,0x0,0x65,0x0,
0x74,0x0,0x65,0x0,0x0,0x0,0x0,0x0,
0xc,0x0,0x0,0x0,0x72,0x0,0x65,0x0,
0x71,0x0,0x75,0x0,0x65,0x0,0x73,0x0,
0x74,0x0,0x50,0x0,0x61,0x0,0x69,0x0,
0x6e,0x0,0x74,0x0,0x0,0x0,0x0,0x0,
0x27,0x0,0x0,0x0,0x5b,0x0,0x54,0x0,
0x4f,0x0,0x47,0x0,0x47,0x0,0x4c,0x0,
0x45,0x0,0x5d,0x0,0x20,0x0,0x4d,0x0,
0x61,0x0,0x67,0x0,0x6e,0x0,0x69,0x0,
0x74,0x0,0x75,0x0,0x64,0x0,0x65,0x0,
0x20,0x0,0x74,0x0,0x6f,0x0,0x67,0x0,
0x67,0x0,0x6c,0x0,0x65,0x0,0x20,0x0,
0x63,0x0,0x6c,0x0,0x69,0x0,0x63,0x0,
0x6b,0x0,0x65,0x0,0x64,0x0,0x2c,0x0,
0x20,0x0,0x77,0x0,0x61,0x0,0x73,0x0,
0x3d,0x0,0x0,0x0,0x0,0x0,0x0,0x0,
0xd,0x0,0x0,0x0,0x5b,0x0,0x54,0x0,
0x4f,0x0,0x47,0x0,0x47,0x0,0x4c,0x0,
0x45,0x0,0x5d,0x0,0x20,0x0,0x4e,0x0,
0x6f,0x0,0x77,0x0,0x3d,0x0,0x0,0x0,
0x7,0x0,0x0,0x0,0x23,0x0,0x46,0x0,
0x35,0x0,0x39,0x0,0x34,0x0,0x35,0x0,
0x32,0x0,0x0,0x0,0x0,0x0,0x0,0x0,
0x7,0x0,0x0,0x0,0x23,0x0,0x33,0x0,
0x64,0x0,0x33,0x0,0x64,0x0,0x33,0x0,
0x64,0x0,0x0,0x0,0x0,0x0,0x0,0x0,
0x7,0x0,0x0,0x0,0x23,0x0,0x38,0x0,
0x61,0x0,0x38,0x0,0x61,0x0,0x38,0x0,
0x61,0x0,0x0,0x0,0x0,0x0,0x0,0x0,
0x1f,0x0,0x0,0x0,0x2e,0x0,0x2e,0x0,
0x2f,0x0,0x61,0x0,0x73,0x0,0x73,0x0,
0x65,0x0,0x74,0x0,0x73,0x0,0x2f,0x0,
0x54,0x0,0x61,0x0,0x62,0x0,0x50,0x0,
0x61,0x0,0x67,0x0,0x65,0x0,0x2f,0x0,
0x62,0x0,0x69,0x0,0x6e,0x0,0x49,0x0,
0x6e,0x0,0x6c,0x0,0x61,0x0,0x79,0x0,
0x73,0x0,0x2e,0x0,0x73,0x0,0x76,0x0,
0x67,0x0,0x0,0x0,0x0,0x0,0x0,0x0,
0xf,0x0,0x0,0x0,0x67,0x0,0x65,0x0,
0x74,0x0,0x42,0x0,0x69,0x0,0x6e,0x0,
0x4d,0x0,0x61,0x0,0x67,0x0,0x6e,0x0,
0x69,0x0,0x74,0x0,0x75,0x0,0x64,0x0,
0x65,0x0,0x0,0x0,0x0,0x0,0x0,0x0,
0xf,0x0,0x0,0x0,0x67,0x0,0x65,0x0,
0x74,0x0,0x42,0x0,0x69,0x0,0x6e,0x0,
0x54,0x0,0x68,0x0,0x72,0x0,0x65,0x0,
0x73,0x0,0x68,0x0,0x6f,0x0,0x6c,0x0,
0x64,0x0,0x0,0x0,0x0,0x0,0x0,0x0,
0x9,0x0,0x0,0x0,0x6d,0x0,0x61,0x0,
0x67,0x0,0x6e,0x0,0x69,0x0,0x74,0x0,
0x75,0x0,0x64,0x0,0x65,0x0,0x0,0x0,
0x9,0x0,0x0,0x0,0x74,0x0,0x68,0x0,
0x72,0x0,0x65,0x0,0x73,0x0,0x68,0x0,
0x6f,0x0,0x6c,0x0,0x64,0x0,0x0,0x0,
0x7,0x0,0x0,0x0,0x23,0x0,0x31,0x0,
0x38,0x0,0x31,0x0,0x38,0x0,0x31,0x0,
0x38,0x0,0x0,0x0,0x0,0x0,0x0,0x0,
0xd,0x0,0x0,0x0,0x63,0x0,0x6f,0x0,
0x6c,0x0,0x6f,0x0,0x72,0x0,0x52,0x0,
0x65,0x0,0x76,0x0,0x69,0x0,0x73,0x0,
0x69,0x0,0x6f,0x0,0x6e,0x0,0x0,0x0,
0x4,0x0,0x0,0x0,0x70,0x0,0x75,0x0,
0x73,0x0,0x68,0x0,0x0,0x0,0x0,0x0,
0x1,0x0,0x0,0x0,0x46,0x0,0x0,0x0,
0x1,0x0,0x0,0x0,0x3a,0x0,0x0,0x0,
0x25,0x0,0x0,0x0,0x5b,0x0,0x51,0x0,
0x4d,0x0,0x4c,0x0,0x2d,0x0,0x4e,0x0,
0x4f,0x0,0x54,0x0,0x45,0x0,0x2d,0x0,
0x4f,0x0,0x46,0x0,0x46,0x0,0x5d,0x0,
0x20,0x0,0x42,0x0,0x69,0x0,0x6e,0x0,
0x73,0x0,0x20,0x0,0x62,0x0,0x65,0x0,
0x6c,0x0,0x6f,0x0,0x77,0x0,0x20,0x0,
0x74,0x0,0x68,0x0,0x72,0x0,0x65,0x0,
0x73,0x0,0x68,0x0,0x6f,0x0,0x6c,0x0,
0x64,0x0,0x3a,0x0,0x20,0x0,0x0,0x0,
0x4,0x0,0x0,0x0,0x6a,0x0,0x6f,0x0,
0x69,0x0,0x6e,0x0,0x0,0x0,0x0,0x0,
0x2,0x0,0x0,0x0,0x2c,0x0,0x20,0x0,
0x0,0x0,0x0,0x0,0x0,0x0,0x0,0x0,
0x16,0x0,0x0,0x0,0x6c,0x0,0x6f,0x0,
0x67,0x0,0x48,0x0,0x65,0x0,0x61,0x0,
0x74,0x0,0x6d,0x0,0x61,0x0,0x70,0x0,
0x55,0x0,0x49,0x0,0x42,0x0,0x61,0x0,
0x74,0x0,0x63,0x0,0x68,0x0,0x53,0x0,
0x74,0x0,0x61,0x0,0x72,0x0,0x74,0x0,
0x0,0x0,0x0,0x0,0x0,0x0,0x0,0x0,
0x11,0x0,0x0,0x0,0x6c,0x0,0x6f,0x0,
0x67,0x0,0x48,0x0,0x65,0x0,0x61,0x0,
0x74,0x0,0x6d,0x0,0x61,0x0,0x70,0x0,
0x55,0x0,0x49,0x0,0x45,0x0,0x6e,0x0,
0x74,0x0,0x72,0x0,0x79,0x0,0x0,0x0,
0x14,0x0,0x0,0x0,0x6c,0x0,0x6f,0x0,
0x67,0x0,0x48,0x0,0x65,0x0,0x61,0x0,
0x74,0x0,0x6d,0x0,0x61,0x0,0x70,0x0,
0x55,0x0,0x49,0x0,0x42,0x0,0x61,0x0,
0x74,0x0,0x63,0x0,0x68,0x0,0x45,0x0,
0x6e,0x0,0x64,0x0,0x0,0x0,0x0,0x0,
0x1,0x0,0x0,0x0,0x61,0x0,0x0,0x0,
0x1,0x0,0x0,0x0,0x77,0x0,0x0,0x0,
0x5,0x0,0x0,0x0,0x73,0x0,0x31,0x0,
0x74,0x0,0x6f,0x0,0x36,0x0,0x0,0x0,
0x6,0x0,0x0,0x0,0x66,0x0,0x30,0x0,
0x74,0x0,0x6f,0x0,0x32,0x0,0x34,0x0,
0x0,0x0,0x0,0x0,0x0,0x0,0x0,0x0,
0x5,0x0,0x0,0x0,0x62,0x0,0x69,0x0,
0x6e,0x0,0x49,0x0,0x64,0x0,0x0,0x0,
0x1,0x0,0x0,0x0,0x73,0x0,0x0,0x0,
0x1,0x0,0x0,0x0,0x66,0x0,0x0,0x0,
0x4,0x0,0x0,0x0,0x10,0x0,0x0,0x0,
0xab,0x0,0x0,0x0,0x60,0x0,0x0,0x0,
0x1,0x0,0x0,0x0,0x1,0x0,0x0,0x0,
0x0,0x0,0x0,0x0,0x1,0x0,0x10,0x0,
0xf,0x2,0x0,0x0,0x1,0x0,0x0,0x0,
0x2,0x0,0x0,0x0,0x0,0x0,0x0,0x0,
0x2,0x0,0x10,0x0,0xf,0x2,0x0,0x0,
0x1,0x0,0x0,0x0,0x3,0x0,0x0,0x0,
0x0,0x0,0x0,0x0,0x3,0x0,0x10,0x0,
0xf,0x1,0x0,0x0,0x2,0x0,0x0,0x0,
0x4,0x0,0x0,0x0,0x0,0x0,0x0,0x0,
0x4,0x0,0x10,0x0,0xff,0xff,0x0,0x0,
0xc,0x3,0x0,0x0,0xc4,0x5,0x0,0x0,
0x64,0x6,0x0,0x0,0xd4,0x6,0x0,0x0,
0x94,0x8,0x0,0x0,0x4,0x9,0x0,0x0,
0xbc,0x9,0x0,0x0,0x2c,0xa,0x0,0x0,
0xfc,0xa,0x0,0x0,0xb4,0xb,0x0,0x0,
0x9c,0xc,0x0,0x0,0x54,0xd,0x0,0x0,
0x44,0xe,0x0,0x0,0xfc,0xe,0x0,0x0,
0xcc,0xf,0x0,0x0,0x54,0x10,0x0,0x0,
0x64,0x15,0x0,0x0,0xec,0x15,0x0,0x0,
0x44,0x16,0x0,0x0,0xfc,0x16,0x0,0x0,
0x2c,0x18,0x0,0x0,0xb4,0x18,0x0,0x0,
0x54,0x19,0x0,0x0,0x84,0x1a,0x0,0x0,
0xc,0x1b,0x0,0x0,0xc4,0x1b,0x0,0x0,
0xf4,0x1c,0x0,0x0,0x7c,0x1d,0x0,0x0,
0x34,0x1e,0x0,0x0,0x34,0x1f,0x0,0x0,
0xa4,0x1f,0x0,0x0,0x5c,0x20,0x0,0x0,
0x44,0x21,0x0,0x0,0xcc,0x21,0x0,0x0,
0x2c,0x23,0x0,0x0,0xb4,0x23,0x0,0x0,
0x24,0x24,0x0,0x0,0xac,0x24,0x0,0x0,
0x1c,0x25,0x0,0x0,0x4c,0x26,0x0,0x0,
0xd4,0x26,0x0,0x0,0x8c,0x27,0x0,0x0,
0x44,0x28,0x0,0x0,0xb4,0x28,0x0,0x0,
0x24,0x29,0x0,0x0,0xc,0x2a,0x0,0x0,
0x7c,0x2a,0x0,0x0,0x1c,0x2b,0x0,0x0,
0xbc,0x2b,0x0,0x0,0xc,0x2d,0x0,0x0,
0xac,0x2d,0x0,0x0,0x34,0x2e,0x0,0x0,
0xbc,0x2e,0x0,0x0,0xa4,0x2f,0x0,0x0,
0x8c,0x30,0x0,0x0,0x14,0x31,0x0,0x0,
0xcc,0x31,0x0,0x0,0x6c,0x32,0x0,0x0,
0x3c,0x33,0x0,0x0,0xdc,0x33,0x0,0x0,
0x64,0x34,0x0,0x0,0x4c,0x35,0x0,0x0,
0x4,0x36,0x0,0x0,0x74,0x36,0x0,0x0,
0x14,0x37,0x0,0x0,0x9c,0x37,0x0,0x0,
0x54,0x38,0x0,0x0,0xc,0x39,0x0,0x0,
0x3c,0x3a,0x0,0x0,0xf4,0x3a,0x0,0x0,
0x4c,0x3b,0x0,0x0,0x4c,0x3c,0x0,0x0,
0xec,0x3c,0x0,0x0,0x5c,0x3d,0x0,0x0,
0xcc,0x3d,0x0,0x0,0x3c,0x3e,0x0,0x0,
0xac,0x3e,0x0,0x0,0xc4,0x3f,0x0,0x0,
0x34,0x40,0x0,0x0,0xbc,0x40,0x0,0x0,
0x2c,0x41,0x0,0x0,0xb4,0x41,0x0,0x0,
0x24,0x42,0x0,0x0,0xf4,0x42,0x0,0x0,
0x94,0x43,0x0,0x0,0x7c,0x44,0x0,0x0,
0x1c,0x45,0x0,0x0,0x8c,0x45,0x0,0x0,
0x5c,0x46,0x0,0x0,0xe4,0x46,0x0,0x0,
0xb4,0x47,0x0,0x0,0x3c,0x48,0x0,0x0,
0xc,0x49,0x0,0x0,0x94,0x49,0x0,0x0,
0x64,0x4a,0x0,0x0,0xec,0x4a,0x0,0x0,
0x74,0x4b,0x0,0x0,0xc4,0x4c,0x0,0x0,
0x7c,0x4d,0x0,0x0,0xec,0x4d,0x0,0x0,
0xbc,0x4e,0x0,0x0,0x44,0x4f,0x0,0x0,
0x14,0x50,0x0,0x0,0x9c,0x50,0x0,0x0,
0x6c,0x51,0x0,0x0,0xf4,0x51,0x0,0x0,
0xc4,0x52,0x0,0x0,0x4c,0x53,0x0,0x0,
0x54,0x54,0x0,0x0,0xf4,0x54,0x0,0x0,
0x3c,0x56,0x0,0x0,0xc,0x57,0x0,0x0,
0x7c,0x57,0x0,0x0,0x1c,0x58,0x0,0x0,
0xa4,0x58,0x0,0x0,0xa4,0x59,0x0,0x0,
0x14,0x5a,0x0,0x0,0xcc,0x5a,0x0,0x0,
0x54,0x5b,0x0,0x0,0x54,0x5c,0x0,0x0,
0xc,0x5d,0x0,0x0,0x7c,0x5d,0x0,0x0,
0x7c,0x5e,0x0,0x0,0x4,0x5f,0x0,0x0,
0x74,0x5f,0x0,0x0,0xfc,0x5f,0x0,0x0,
0x6c,0x60,0x0,0x0,0x54,0x61,0x0,0x0,
0xc4,0x61,0x0,0x0,0x7c,0x62,0x0,0x0,
0xec,0x62,0x0,0x0,0x74,0x63,0x0,0x0,
0xa4,0x64,0x0,0x0,0x2c,0x65,0x0,0x0,
0x9c,0x65,0x0,0x0,0x84,0x66,0x0,0x0,
0xf4,0x66,0x0,0x0,0x64,0x67,0x0,0x0,
0xd4,0x67,0x0,0x0,0x4,0x69,0x0,0x0,
0x74,0x69,0x0,0x0,0xfc,0x69,0x0,0x0,
0x6c,0x6a,0x0,0x0,0x54,0x6b,0x0,0x0,
0xc4,0x6b,0x0,0x0,0xf4,0x6c,0x0,0x0,
0x94,0x6d,0x0,0x0,0x1c,0x6e,0x0,0x0,
0x8c,0x6e,0x0,0x0,0x74,0x6f,0x0,0x0,
0xe4,0x6f,0x0,0x0,0x64,0x70,0x0,0x0,
0xd4,0x70,0x0,0x0,0x5c,0x71,0x0,0x0,
0x8c,0x72,0x0,0x0,0xa4,0x73,0x0,0x0,
0x5c,0x74,0x0,0x0,0xcc,0x74,0x0,0x0,
0xcc,0x75,0x0,0x0,0x84,0x76,0x0,0x0,
0xf4,0x76,0x0,0x0,0x7c,0x77,0x0,0x0,
0x4c,0x78,0x0,0x0,0xbc,0x78,0x0,0x0,
0x74,0x79,0x0,0x0,0xe4,0x79,0x0,0x0,
0x54,0x7a,0x0,0x0,0x54,0x7b,0x0,0x0,
0xc,0x7c,0x0,0x0,0x4c,0x7d,0x0,0x0,
0xbc,0x7d,0x0,0x0,0x5,0x0,0x0,0x0,
0x6,0x0,0x0,0x0,0x0,0x0,0xff,0xff,
0xff,0xff,0xff,0xff,0x8,0x0,0xa,0x0,
0x54,0x0,0x0,0x0,0x74,0x0,0x0,0x0,
0xec,0x0,0x0,0x0,0x0,0x0,0x0,0x0,
0xec,0x0,0x0,0x0,0xec,0x0,0x0,0x0,
0x0,0x0,0x13,0x0,0xec,0x0,0x0,0x0,
0x0,0x0,0x0,0x0,0xb4,0x2,0x0,0x0,
0x6,0x0,0x10,0x0,0x7,0x0,0x50,0x0,
0xb4,0x2,0x0,0x0,0x0,0x0,0x0,0x0,
0xb4,0x2,0x0,0x0,0x0,0x0,0x0,0x0,
0x3,0x0,0x0,0x0,0x4,0x0,0x0,0x0,
0x5,0x0,0x0,0x0,0x6,0x0,0x0,0x0,
0x7,0x0,0x0,0x0,0x8,0x0,0x0,0x0,
0x9,0x0,0x0,0x0,0xa,0x0,0x0,0x0,
0x9,0x0,0x0,0x0,0x3,0x0,0x0,0x20,
0xc,0x0,0x50,0x0,0xa,0x0,0x0,0x0,
0x3,0x0,0x0,0x20,0xf,0x0,0x50,0x0,
0xb,0x0,0x0,0x0,0x3,0x0,0x0,0x20,
0x12,0x0,0x50,0x0,0xc,0x0,0x0,0x0,
0x1,0x0,0x0,0x20,0x14,0x0,0x50,0x0,
0xe,0x0,0x0,0x0,0x3,0x0,0x0,0x20,
0x17,0x0,0x50,0x0,0xf,0x0,0x0,0x0,
0x1,0x0,0x0,0xa0,0x18,0x0,0x50,0x0,
0x11,0x0,0x0,0x0,0x5,0x0,0x0,0x20,
0x19,0x0,0x50,0x0,0x12,0x0,0x0,0x0,
0x4,0x0,0x0,0xa0,0x1b,0x0,0x50,0x0,
0x13,0x0,0x0,0x0,0x4,0x0,0x0,0xa0,
0x1c,0x0,0x50,0x0,0x14,0x0,0x0,0x0,
0x4,0x0,0x0,0xa0,0x1d,0x0,0x50,0x0,
0x36,0x1,0x0,0x0,0x0,0x0,0x7,0x0,
0xb,0x0,0x0,0x0,0x0,0x0,0x0,0x0,
0x20,0x5,0x50,0x0,0x20,0x5,0x60,0x1,
0x14,0x0,0x0,0x0,0x8,0x0,0x7,0x0,
0x2,0x0,0x0,0x0,0x0,0x0,0x0,0x0,
0x1d,0x0,0xc0,0x1,0x1d,0x0,0x90,0x2,
0x13,0x0,0x0,0x0,0x8,0x0,0x2,0x0,
0x1,0x0,0x0,0x0,0x0,0x0,0x0,0x0,
0x1c,0x0,0xc0,0x1,0x1c,0x0,0x80,0x2,
0x12,0x0,0x0,0x0,0x8,0x0,0x2,0x0,
0x0,0x0,0x0,0x0,0x0,0x0,0x0,0x0,
0x1b,0x0,0xc0,0x1,0x1b,0x0,0x70,0x2,
0x11,0x0,0x0,0x0,0x0,0x0,0x3,0x0,
0x0,0x0,0x0,0x0,0x0,0x0,0x0,0x0,
0x19,0x0,0x50,0x1,0x19,0x0,0xc0,0x2,
0xf,0x0,0x0,0x0,0x8,0x0,0x7,0x0,
0x1,0x0,0x0,0x0,0x0,0x0,0x0,0x0,
0x18,0x0,0xb0,0x1,0x18,0x0,0x90,0x2,
0xe,0x0,0x0,0x0,0x0,0x0,0x1,0x0,
0x0,0x0,0x0,0x0,0x0,0x0,0x0,0x0,
0x17,0x0,0x30,0x1,0x17,0x0,0x70,0x2,
0xc,0x0,0x0,0x0,0x0,0x0,0x7,0x0,
0x0,0x0,0x0,0x0,0x0,0x0,0x0,0x0,
0x14,0x0,0x20,0x1,0x14,0x0,0xa0,0x1,
0xb,0x0,0x0,0x0,0x0,0x0,0x1,0x0,
0x0,0x0,0x0,0x0,0x0,0x0,0x0,0x0,
0x12,0x0,0x30,0x1,0x12,0x0,0xa0,0x2,
0xa,0x0,0x0,0x0,0x0,0x0,0x1,0x0,
0x0,0x0,0x0,0x0,0x0,0x0,0x0,0x0,
0xf,0x0,0x30,0x1,0xf,0x0,0xd0,0x2,
0x9,0x0,0x0,0x0,0x0,0x0,0x1,0x0,
0x0,0x0,0x0,0x0,0x0,0x0,0x0,0x0,
0xc,0x0,0x30,0x1,0xc,0x0,0x60,0x2,
0x8,0x0,0x0,0x0,0x0,0x0,0x2,0x0,
0x1,0x0,0x0,0x0,0x0,0x0,0x0,0x0,
0x9,0x0,0x50,0x0,0x9,0x0,0x50,0x1,
0x7,0x0,0x0,0x0,0x0,0x0,0x2,0x0,
0x0,0x0,0x0,0x0,0x0,0x0,0x0,0x0,
0x8,0x0,0x50,0x0,0x8,0x0,0x40,0x1,
0x0,0x0,0x0,0x0,0x0,0x0,0x8,0x0,
0x1,0x0,0x0,0x0,0x0,0x0,0x0,0x0,
0x1f,0x0,0x50,0x0,0x1f,0x0,0x50,0x0,
0x0,0x0,0x0,0x0,0x0,0x0,0x8,0x0,
0x3,0x0,0x0,0x0,0x0,0x0,0x0,0x0,
0xa2,0x0,0x50,0x0,0xa2,0x0,0x50,0x0,
0x0,0x0,0x0,0x0,0x0,0x0,0x8,0x0,
0x96,0x0,0x0,0x0,0x0,0x0,0x0,0x0,
0xc8,0x4,0x50,0x0,0xc8,0x4,0x50,0x0,
0x0,0x0,0x0,0x0,0x0,0x0,0x8,0x0,
0x97,0x0,0x0,0x0,0x0,0x0,0x0,0x0,
0xfd,0x4,0x50,0x0,0xfd,0x4,0x50,0x0,
0x0,0x0,0x0,0x0,0x0,0x0,0x8,0x0,
0x99,0x0,0x0,0x0,0x0,0x0,0x0,0x0,
0x35,0x5,0x50,0x0,0x35,0x5,0x50,0x0,
0x25,0x1,0x0,0x0,0x0,0x0,0x9,0x0,
0x98,0x0,0x0,0x0,0x0,0x0,0x0,0x0,
0x17,0x5,0x50,0x0,0x17,0x5,0xf0,0x0,
0x0,0x0,0x0,0x0,0x16,0x0,0x0,0x0,
0x0,0x0,0x0,0x0,0x0,0x0,0xff,0xff,
0xff,0xff,0xff,0xff,0x0,0x0,0x0,0x0,
0x54,0x0,0x0,0x0,0x54,0x0,0x0,0x0,
0x54,0x0,0x0,0x0,0x0,0x0,0x0,0x0,
0x54,0x0,0x0,0x0,0x54,0x0,0x0,0x0,
0x0,0x0,0x3,0x0,0x54,0x0,0x0,0x0,
0x0,0x0,0x0,0x0,0x9c,0x0,0x0,0x0,
0x1f,0x0,0x50,0x0,0x0,0x0,0x0,0x0,
0x9c,0x0,0x0,0x0,0x0,0x0,0x0,0x0,
0x9c,0x0,0x0,0x0,0x0,0x0,0x0,0x0,
0x1c,0x0,0x0,0x0,0x0,0x0,0x2,0x0,
0x2,0x0,0x0,0x0,0x0,0x0,0x0,0x0,
0x22,0x0,0x90,0x0,0x22,0x0,0xc0,0x0,
0x1a,0x0,0x0,0x0,0x0,0x0,0x3,0x0,
0x0,0x0,0x0,0x0,0x1b,0x0,0x0,0x0,
0x21,0x0,0x90,0x0,0x21,0x0,0x0,0x1,
0x17,0x0,0x0,0x0,0x0,0x0,0xa,0x0,
0x2,0x0,0x0,0x0,0x0,0x0,0x0,0x0,
0x20,0x0,0x90,0x0,0x20,0x0,0x10,0x1,
0x0,0x0,0x0,0x0,0x0,0x0,0x0,0x0,
0x0,0x0,0x0,0x0,0x0,0x0,0xff,0xff,
0xff,0xff,0xff,0xff,0x0,0x0,0x0,0x0,
0x54,0x0,0x0,0x0,0x54,0x0,0x0,0x0,
0x54,0x0,0x0,0x0,0x0,0x0,0x0,0x0,
0x54,0x0,0x0,0x0,0x54,0x0,0x0,0x0,
0x0,0x0,0x1,0x0,0x54,0x0,0x0,0x0,
0x0,0x0,0x0,0x0,0x6c,0x0,0x0,0x0,
0x20,0x0,0x90,0x0,0x0,0x0,0x0,0x0,
0x6c,0x0,0x0,0x0,0x0,0x0,0x0,0x0,
0x6c,0x0,0x0,0x0,0x0,0x0,0x0,0x0,
0x18,0x0,0x0,0x0,0x0,0x0,0x7,0x0,
0xc,0x0,0x0,0x0,0x0,0x0,0x0,0x0,
0x20,0x0,0x10,0x1,0x20,0x0,0x70,0x1,
0x0,0x0,0x0,0x0,0x5,0x0,0x0,0x0,
0x2a,0x0,0x0,0x0,0x0,0x0,0xff,0xff,
0xff,0xff,0xff,0xff,0x0,0x0,0x0,0x0,
0x54,0x0,0x0,0x0,0x54,0x0,0x0,0x0,
0x54,0x0,0x0,0x0,0x0,0x0,0x0,0x0,
0x54,0x0,0x0,0x0,0x54,0x0,0x0,0x0,
0x0,0x0,0xf,0x0,0x54,0x0,0x0,0x0,
0x0,0x0,0x0,0x0,0xbc,0x1,0x0,0x0,
0xa2,0x0,0x50,0x0,0xa3,0x0,0x90,0x0,
0xbc,0x1,0x0,0x0,0x0,0x0,0x0,0x0,
0xbc,0x1,0x0,0x0,0x0,0x0,0x0,0x0,
0x33,0x0,0x0,0x0,0x0,0x0,0x7,0x0,
0x10,0x0,0x0,0x0,0x0,0x0,0x0,0x0,
0xa8,0x0,0x90,0x0,0xa8,0x0,0x0,0x1,
0x31,0x0,0x0,0x0,0x0,0x0,0x7,0x0,
0xf,0x0,0x0,0x0,0x0,0x0,0x0,0x0,
0xa7,0x0,0x90,0x0,0xa7,0x0,0xa0,0x1,
0x2d,0x0,0x0,0x0,0x0,0x0,0x7,0x0,
0xe,0x0,0x0,0x0,0x0,0x0,0x0,0x0,
0xa5,0x0,0x90,0x0,0xa5,0x0,0x10,0x1,
0x2b,0x0,0x0,0x0,0x0,0x0,0x7,0x0,
0xd,0x0,0x0,0x0,0x0,0x0,0x0,0x0,
0xa4,0x0,0x90,0x0,0xa4,0x0,0x0,0x1,
0x0,0x0,0x0,0x0,0x0,0x0,0x8,0x0,
0x5,0x0,0x0,0x0,0x0,0x0,0x0,0x0,
0xaa,0x0,0x90,0x0,0xaa,0x0,0x90,0x0,
0x0,0x0,0x0,0x0,0x0,0x0,0x8,0x0,
0x7,0x0,0x0,0x0,0x0,0x0,0x0,0x0,
0xb2,0x0,0x90,0x0,0xb2,0x0,0x90,0x0,
0x0,0x0,0x0,0x0,0x0,0x0,0x8,0x0,
0x9,0x0,0x0,0x0,0x0,0x0,0x0,0x0,
0xbe,0x0,0x90,0x0,0xbe,0x0,0x90,0x0,
0x0,0x0,0x0,0x0,0x0,0x0,0x8,0x0,
0xb,0x0,0x0,0x0,0x0,0x0,0x0,0x0,
0xcb,0x0,0xd0,0x0,0xcb,0x0,0xd0,0x0,
0x0,0x0,0x0,0x0,0x0,0x0,0x8,0x0,
0x30,0x0,0x0,0x0,0x0,0x0,0x0,0x0,
0xb,0x3,0x90,0x0,0xb,0x3,0x90,0x0,
0x0,0x0,0x0,0x0,0x0,0x0,0x8,0x0,
0x39,0x0,0x0,0x0,0x0,0x0,0x0,0x0,
0x3a,0x3,0x90,0x0,0x3a,0x3,0x90,0x0,
0x0,0x0,0x0,0x0,0x0,0x0,0x8,0x0,
0x41,0x0,0x0,0x0,0x0,0x0,0x0,0x0,
0x60,0x3,0x90,0x0,0x60,0x3,0x90,0x0,
0x0,0x0,0x0,0x0,0x0,0x0,0x8,0x0,
0x43,0x0,0x0,0x0,0x0,0x0,0x0,0x0,
0x6b,0x3,0x90,0x0,0x6b,0x3,0x90,0x0,
0x0,0x0,0x0,0x0,0x0,0x0,0x8,0x0,
0x52,0x0,0x0,0x0,0x0,0x0,0x0,0x0,
0x97,0x3,0x90,0x0,0x97,0x3,0x90,0x0,
0x0,0x0,0x0,0x0,0x0,0x0,0x8,0x0,
0x6b,0x0,0x0,0x0,0x0,0x0,0x0,0x0,
0xfc,0x3,0x90,0x0,0xfc,0x3,0x90,0x0,
0x17,0x0,0x0,0x0,0x0,0x0,0xa,0x0,
0x4,0x0,0x0,0x0,0x0,0x0,0x0,0x0,
0xa6,0x0,0x90,0x0,0xa6,0x0,0x10,0x1,
0x0,0x0,0x0,0x0,0x0,0x0,0x0,0x0,
0x0,0x0,0x0,0x0,0x0,0x0,0xff,0xff,
0xff,0xff,0xff,0xff,0x0,0x0,0x0,0x0,
0x54,0x0,0x0,0x0,0x54,0x0,0x0,0x0,
0x54,0x0,0x0,0x0,0x0,0x0,0x0,0x0,
0x54,0x0,0x0,0x0,0x54,0x0,0x0,0x0,
0x0,0x0,0x1,0x0,0x54,0x0,0x0,0x0,
0x0,0x0,0x0,0x0,0x6c,0x0,0x0,0x0,
0xa6,0x0,0x90,0x0,0x0,0x0,0x0,0x0,
0x6c,0x0,0x0,0x0,0x0,0x0,0x0,0x0,
0x6c,0x0,0x0,0x0,0x0,0x0,0x0,0x0,
0x2f,0x0,0x0,0x0,0x0,0x0,0x7,0x0,
0x11,0x0,0x0,0x0,0x0,0x0,0x0,0x0,
0xa6,0x0,0x10,0x1,0xa6,0x0,0xb0,0x1,
0x0,0x0,0x0,0x0,0x35,0x0,0x0,0x0,
0x36,0x0,0x0,0x0,0x0,0x0,0xff,0xff,
0xff,0xff,0xff,0xff,0x0,0x0,0x0,0x0,
0x54,0x0,0x0,0x0,0x54,0x0,0x0,0x0,
0x54,0x0,0x0,0x0,0x0,0x0,0x0,0x0,
0x54,0x0,0x0,0x0,0x54,0x0,0x0,0x0,
0x0,0x0,0x4,0x0,0x54,0x0,0x0,0x0,
0x0,0x0,0x0,0x0,0xb4,0x0,0x0,0x0,
0xaa,0x0,0x90,0x0,0xab,0x0,0xd0,0x0,
0xb4,0x0,0x0,0x0,0x0,0x0,0x0,0x0,
0xb4,0x0,0x0,0x0,0x0,0x0,0x0,0x0,
0x1c,0x0,0x0,0x0,0x0,0x0,0x2,0x0,
0x3,0x0,0x0,0x0,0x0,0x0,0x0,0x0,
0xaf,0x0,0xd0,0x0,0xaf,0x0,0x0,0x1,
0x39,0x0,0x0,0x0,0x0,0x0,0x7,0x0,
0x12,0x0,0x0,0x0,0x0,0x0,0x0,0x0,
0xae,0x0,0xd0,0x0,0xae,0x0,0x70,0x1,
0x37,0x0,0x0,0x0,0x0,0x0,0x3,0x0,
0x0,0x0,0x0,0x0,0x38,0x0,0x0,0x0,
0xad,0x0,0xd0,0x0,0xad,0x0,0x50,0x1,
0x17,0x0,0x0,0x0,0x0,0x0,0xa,0x0,
0x6,0x0,0x0,0x0,0x0,0x0,0x0,0x0,
0xac,0x0,0xd0,0x0,0xac,0x0,0x50,0x1,
0x0,0x0,0x0,0x0,0x0,0x0,0x0,0x0,
0x0,0x0,0x0,0x0,0x0,0x0,0xff,0xff,
0xff,0xff,0xff,0xff,0x0,0x0,0x0,0x0,
0x54,0x0,0x0,0x0,0x54,0x0,0x0,0x0,
0x54,0x0,0x0,0x0,0x0,0x0,0x0,0x0,
0x54,0x0,0x0,0x0,0x54,0x0,0x0,0x0,
0x0,0x0,0x1,0x0,0x54,0x0,0x0,0x0,
0x0,0x0,0x0,0x0,0x6c,0x0,0x0,0x0,
0xac,0x0,0xd0,0x0,0x0,0x0,0x0,0x0,
0x6c,0x0,0x0,0x0,0x0,0x0,0x0,0x0,
0x6c,0x0,0x0,0x0,0x0,0x0,0x0,0x0,
0x18,0x0,0x0,0x0,0x0,0x0,0x7,0x0,
0x13,0x0,0x0,0x0,0x0,0x0,0x0,0x0,
0xac,0x0,0x50,0x1,0xac,0x0,0xb0,0x1,
0x0,0x0,0x0,0x0,0x35,0x0,0x0,0x0,
0x3b,0x0,0x0,0x0,0x0,0x0,0xff,0xff,
0xff,0xff,0xff,0xff,0x0,0x0,0x0,0x0,
0x54,0x0,0x0,0x0,0x54,0x0,0x0,0x0,
0x54,0x0,0x0,0x0,0x0,0x0,0x0,0x0,
0x54,0x0,0x0,0x0,0x54,0x0,0x0,0x0,
0x0,0x0,0x5,0x0,0x54,0x0,0x0,0x0,
0x0,0x0,0x0,0x0,0xcc,0x0,0x0,0x0,
0xb2,0x0,0x90,0x0,0xb3,0x0,0xd0,0x0,
0xcc,0x0,0x0,0x0,0x0,0x0,0x0,0x0,
0xcc,0x0,0x0,0x0,0x0,0x0,0x0,0x0,
0x44,0x0,0x0,0x0,0x0,0x0,0x1,0x0,
0x0,0x0,0x0,0x0,0x0,0x0,0x0,0x0,
0xbb,0x0,0xd0,0x0,0xbb,0x0,0x60,0x1,
0x1c,0x0,0x0,0x0,0x0,0x0,0x2,0x0,
0x6,0x0,0x0,0x0,0x0,0x0,0x0,0x0,
0xba,0x0,0xd0,0x0,0xba,0x0,0x0,0x1,
0x43,0x0,0x0,0x0,0x0,0x0,0x1,0x0,
0x1,0x0,0x0,0x0,0x0,0x0,0x0,0x0,
0xb9,0x0,0xd0,0x0,0xb9,0x0,0x50,0x1,
0x37,0x0,0x0,0x0,0x0,0x0,0x3,0x0,
0x0,0x0,0x0,0x0,0x3c,0x0,0x0,0x0,
0xb4,0x0,0xd0,0x0,0xb4,0x0,0x50,0x1,
0x17,0x0,0x0,0x0,0x0,0x0,0xa,0x0,
0x8,0x0,0x0,0x0,0x0,0x0,0x0,0x0,
0xb5,0x0,0xd0,0x0,0xb5,0x0,0x50,0x1,
0x0,0x0,0x0,0x0,0x0,0x0,0x0,0x0,
0x0,0x0,0x0,0x0,0x0,0x0,0xff,0xff,
0xff,0xff,0xff,0xff,0x0,0x0,0x0,0x0,
0x54,0x0,0x0,0x0,0x54,0x0,0x0,0x0,
0x54,0x0,0x0,0x0,0x0,0x0,0x0,0x0,
0x54,0x0,0x0,0x0,0x54,0x0,0x0,0x0,
0x0,0x0,0x4,0x0,0x54,0x0,0x0,0x0,
0x0,0x0,0x0,0x0,0xb4,0x0,0x0,0x0,
0xb5,0x0,0xd0,0x0,0x0,0x0,0x0,0x0,
0xb4,0x0,0x0,0x0,0x0,0x0,0x0,0x0,
0xb4,0x0,0x0,0x0,0x0,0x0,0x0,0x0,
0x42,0x0,0x0,0x0,0x0,0x0,0x2,0x0,
0x5,0x0,0x0,0x0,0x0,0x0,0x0,0x0,
0xb8,0x0,0x50,0x1,0xb8,0x0,0x0,0x2,
0x40,0x0,0x0,0x0,0x0,0x0,0x7,0x0,
0x15,0x0,0x0,0x0,0x0,0x0,0x0,0x0,
0xb7,0x0,0x50,0x1,0xb7,0x0,0xa0,0x1,
0x3f,0x0,0x0,0x0,0x0,0x0,0x2,0x0,
0x4,0x0,0x0,0x0,0x0,0x0,0x0,0x0,
0xb6,0x0,0x50,0x1,0xb6,0x0,0x10,0x2,
0x3d,0x0,0x0,0x0,0x0,0x0,0x7,0x0,
0x14,0x0,0x0,0x0,0x0,0x0,0x0,0x0,
0xb5,0x0,0x50,0x1,0xb5,0x0,0xb0,0x1,
0x0,0x0,0x0,0x0,0x35,0x0,0x0,0x0,
0x45,0x0,0x0,0x0,0x0,0x0,0xff,0xff,
0xff,0xff,0xff,0xff,0x0,0x0,0x0,0x0,
0x54,0x0,0x0,0x0,0x54,0x0,0x0,0x0,
0x54,0x0,0x0,0x0,0x0,0x0,0x0,0x0,
0x54,0x0,0x0,0x0,0x54,0x0,0x0,0x0,
0x0,0x0,0x6,0x0,0x54,0x0,0x0,0x0,
0x0,0x0,0x0,0x0,0xe4,0x0,0x0,0x0,
0xbe,0x0,0x90,0x0,0xbf,0x0,0xd0,0x0,
0xe4,0x0,0x0,0x0,0x0,0x0,0x0,0x0,
0xe4,0x0,0x0,0x0,0x0,0x0,0x0,0x0,
0x44,0x0,0x0,0x0,0x0,0x0,0x1,0x0,
0x0,0x0,0x0,0x0,0x0,0x0,0x0,0x0,
0xc8,0x0,0xd0,0x0,0xc8,0x0,0x60,0x1,
0x1c,0x0,0x0,0x0,0x0,0x0,0x2,0x0,
0x8,0x0,0x0,0x0,0x0,0x0,0x0,0x0,
0xc7,0x0,0xd0,0x0,0xc7,0x0,0x0,0x1,
0x43,0x0,0x0,0x0,0x0,0x0,0x1,0x0,
0x1,0x0,0x0,0x0,0x0,0x0,0x0,0x0,
0xc6,0x0,0xd0,0x0,0xc6,0x0,0x50,0x1,
0x39,0x0,0x0,0x0,0x0,0x0,0x7,0x0,
0x16,0x0,0x0,0x0,0x0,0x0,0x0,0x0,
0xc5,0x0,0xd0,0x0,0xc5,0x0,0x70,0x1,
0x37,0x0,0x0,0x0,0x0,0x0,0x3,0x0,
0x0,0x0,0x0,0x0,0x46,0x0,0x0,0x0,
0xc0,0x0,0xd0,0x0,0xc0,0x0,0x50,0x1,
0x17,0x0,0x0,0x0,0x0,0x0,0xa,0x0,
0xa,0x0,0x0,0x0,0x0,0x0,0x0,0x0,
0xc1,0x0,0xd0,0x0,0xc1,0x0,0x50,0x1,
0x0,0x0,0x0,0x0,0x0,0x0,0x0,0x0,
0x0,0x0,0x0,0x0,0x0,0x0,0xff,0xff,
0xff,0xff,0xff,0xff,0x0,0x0,0x0,0x0,
0x54,0x0,0x0,0x0,0x54,0x0,0x0,0x0,
0x54,0x0,0x0,0x0,0x0,0x0,0x0,0x0,
0x54,0x0,0x0,0x0,0x54,0x0,0x0,0x0,
0x0,0x0,0x4,0x0,0x54,0x0,0x0,0x0,
0x0,0x0,0x0,0x0,0xb4,0x0,0x0,0x0,
0xc1,0x0,0xd0,0x0,0x0,0x0,0x0,0x0,
0xb4,0x0,0x0,0x0,0x0,0x0,0x0,0x0,
0xb4,0x0,0x0,0x0,0x0,0x0,0x0,0x0,
0x4b,0x0,0x0,0x0,0x0,0x0,0x2,0x0,
0x7,0x0,0x0,0x0,0x0,0x0,0x0,0x0,
0xc4,0x0,0x50,0x1,0xc4,0x0,0x30,0x2,
0x49,0x0,0x0,0x0,0x0,0x0,0x7,0x0,
0x19,0x0,0x0,0x0,0x0,0x0,0x0,0x0,
0xc3,0x0,0x50,0x1,0xc3,0x0,0xd0,0x1,
0x47,0x0,0x0,0x0,0x0,0x0,0x7,0x0,
0x18,0x0,0x0,0x0,0x0,0x0,0x0,0x0,
0xc2,0x0,0x50,0x1,0xc2,0x0,0xc0,0x1,
0x3d,0x0,0x0,0x0,0x0,0x0,0x7,0x0,
0x17,0x0,0x0,0x0,0x0,0x0,0x0,0x0,
0xc1,0x0,0x50,0x1,0xc1,0x0,0xb0,0x1,
0x0,0x0,0x0,0x0,0x5,0x0,0x0,0x0,
0x4c,0x0,0x0,0x0,0x0,0x0,0xff,0xff,
0xff,0xff,0xff,0xff,0x0,0x0,0x1,0x0,
0x54,0x0,0x0,0x0,0x54,0x0,0x0,0x0,
0x60,0x0,0x0,0x0,0x0,0x0,0x0,0x0,
0x60,0x0,0x0,0x0,0x60,0x0,0x0,0x0,
0x0,0x0,0x6,0x0,0x60,0x0,0x0,0x0,
0x0,0x0,0x0,0x0,0xf0,0x0,0x0,0x0,
0xcb,0x0,0xd0,0x0,0xcc,0x0,0x10,0x1,
0xf0,0x0,0x0,0x0,0x0,0x0,0x0,0x0,
0xf0,0x0,0x0,0x0,0x0,0x0,0x0,0x0,
0x4d,0x0,0x0,0x0,0x2,0x0,0x0,0xa0,
0xcd,0x0,0x10,0x1,0x1c,0x0,0x0,0x0,
0x0,0x0,0x2,0x0,0xa,0x0,0x0,0x0,
0x0,0x0,0x0,0x0,0xd5,0x0,0xd0,0x0,
0xd5,0x0,0x0,0x1,0x2d,0x0,0x0,0x0,
0x0,0x0,0x7,0x0,0x1a,0x0,0x0,0x0,
0x0,0x0,0x0,0x0,0xd2,0x0,0xd0,0x0,
0xd2,0x0,0x50,0x1,0x4d,0x0,0x0,0x0,
0x8,0x0,0x2,0x0,0x9,0x0,0x0,0x0,
0x0,0x0,0x0,0x0,0xcd,0x0,0x70,0x2,
0xcd,0x0,0x60,0x3,0x0,0x0,0x0,0x0,
0x0,0x0,0x8,0x0,0xd,0x0,0x0,0x0,
0x0,0x0,0x0,0x0,0xd7,0x0,0xd0,0x0,
0xd7,0x0,0xd0,0x0,0x0,0x0,0x0,0x0,
0x0,0x0,0x8,0x0,0xf,0x0,0x0,0x0,
0x0,0x0,0x0,0x0,0xe1,0x0,0xd0,0x0,
0xe1,0x0,0xd0,0x0,0x17,0x0,0x0,0x0,
0x0,0x0,0xa,0x0,0xc,0x0,0x0,0x0,
0x0,0x0,0x0,0x0,0xce,0x0,0x10,0x1,
0xce,0x0,0x90,0x1,0x0,0x0,0x0,0x0,
0x0,0x0,0x0,0x0,0x0,0x0,0xff,0xff,
0xff,0xff,0xff,0xff,0x0,0x0,0x0,0x0,
0x54,0x0,0x0,0x0,0x54,0x0,0x0,0x0,
0x54,0x0,0x0,0x0,0x0,0x0,0x0,0x0,
0x54,0x0,0x0,0x0,0x54,0x0,0x0,0x0,
0x0,0x0,0x4,0x0,0x54,0x0,0x0,0x0,
0x0,0x0,0x0,0x0,0xb4,0x0,0x0,0x0,
0xce,0x0,0x10,0x1,0x0,0x0,0x0,0x0,
0xb4,0x0,0x0,0x0,0x0,0x0,0x0,0x0,
0xb4,0x0,0x0,0x0,0x0,0x0,0x0,0x0,
0x4b,0x0,0x0,0x0,0x0,0x0,0x7,0x0,
0x1e,0x0,0x0,0x0,0x0,0x0,0x0,0x0,
0xd1,0x0,0x90,0x1,0xd1,0x0,0x70,0x2,
0x49,0x0,0x0,0x0,0x0,0x0,0x7,0x0,
0x1d,0x0,0x0,0x0,0x0,0x0,0x0,0x0,
0xd0,0x0,0x90,0x1,0xd0,0x0,0x10,0x2,
0x47,0x0,0x0,0x0,0x0,0x0,0x7,0x0,
0x1c,0x0,0x0,0x0,0x0,0x0,0x0,0x0,
0xcf,0x0,0x90,0x1,0xcf,0x0,0x0,0x2,
0x3d,0x0,0x0,0x0,0x0,0x0,0x7,0x0,
0x1b,0x0,0x0,0x0,0x0,0x0,0x0,0x0,
0xce,0x0,0x90,0x1,0xce,0x0,0xf0,0x1,
0x0,0x0,0x0,0x0,0x35,0x0,0x0,0x0,
0x4f,0x0,0x0,0x0,0x0,0x0,0xff,0xff,
0xff,0xff,0xff,0xff,0x0,0x0,0x0,0x0,
0x54,0x0,0x0,0x0,0x54,0x0,0x0,0x0,
0x54,0x0,0x0,0x0,0x0,0x0,0x0,0x0,
0x54,0x0,0x0,0x0,0x54,0x0,0x0,0x0,
0x0,0x0,0x5,0x0,0x54,0x0,0x0,0x0,
0x0,0x0,0x0,0x0,0xcc,0x0,0x0,0x0,
0xd7,0x0,0xd0,0x0,0xd8,0x0,0x10,0x1,
0xcc,0x0,0x0,0x0,0x0,0x0,0x0,0x0,
0xcc,0x0,0x0,0x0,0x0,0x0,0x0,0x0,
0x1c,0x0,0x0,0x0,0x0,0x0,0x2,0x0,
0xb,0x0,0x0,0x0,0x0,0x0,0x0,0x0,
0xde,0x0,0x10,0x1,0xde,0x0,0x40,0x1,
0x43,0x0,0x0,0x0,0x0,0x0,0x1,0x0,
0x1,0x0,0x0,0x0,0x0,0x0,0x0,0x0,
0xdd,0x0,0x10,0x1,0xdd,0x0,0x90,0x1,
0x39,0x0,0x0,0x0,0x0,0x0,0x7,0x0,
0x1f,0x0,0x0,0x0,0x0,0x0,0x0,0x0,
0xdc,0x0,0x10,0x1,0xdc,0x0,0xb0,0x1,
0x37,0x0,0x0,0x0,0x0,0x0,0x3,0x0,
0x0,0x0,0x0,0x0,0x50,0x0,0x0,0x0,
0xd9,0x0,0x10,0x1,0xd9,0x0,0x90,0x1,
0x17,0x0,0x0,0x0,0x0,0x0,0xa,0x0,
0xe,0x0,0x0,0x0,0x0,0x0,0x0,0x0,
0xda,0x0,0x10,0x1,0xda,0x0,0x90,0x1,
0x0,0x0,0x0,0x0,0x0,0x0,0x0,0x0,
0x0,0x0,0x0,0x0,0x0,0x0,0xff,0xff,
0xff,0xff,0xff,0xff,0x0,0x0,0x0,0x0,
0x54,0x0,0x0,0x0,0x54,0x0,0x0,0x0,
0x54,0x0,0x0,0x0,0x0,0x0,0x0,0x0,
0x54,0x0,0x0,0x0,0x54,0x0,0x0,0x0,
0x0,0x0,0x2,0x0,0x54,0x0,0x0,0x0,
0x0,0x0,0x0,0x0,0x84,0x0,0x0,0x0,
0xda,0x0,0x10,0x1,0x0,0x0,0x0,0x0,
0x84,0x0,0x0,0x0,0x0,0x0,0x0,0x0,
0x84,0x0,0x0,0x0,0x0,0x0,0x0,0x0,
0x4b,0x0,0x0,0x0,0x0,0x0,0x7,0x0,
0x21,0x0,0x0,0x0,0x0,0x0,0x0,0x0,
0xdb,0x0,0x90,0x1,0xdb,0x0,0x70,0x2,
0x18,0x0,0x0,0x0,0x0,0x0,0x7,0x0,
0x20,0x0,0x0,0x0,0x0,0x0,0x0,0x0,
0xda,0x0,0x90,0x1,0xda,0x0,0xf0,0x1,
0x0,0x0,0x0,0x0,0x5,0x0,0x0,0x0,
0x51,0x0,0x0,0x0,0x0,0x0,0xff,0xff,
0xff,0xff,0xff,0xff,0x12,0x0,0x15,0x0,
0x54,0x0,0x0,0x0,0x9c,0x0,0x0,0x0,
0x98,0x1,0x0,0x0,0x0,0x0,0x0,0x0,
0x98,0x1,0x0,0x0,0x98,0x1,0x0,0x0,
0x0,0x0,0x25,0x0,0x98,0x1,0x0,0x0,
0x0,0x0,0x0,0x0,0x10,0x5,0x0,0x0,
0xe1,0x0,0xd0,0x0,0xe2,0x0,0x10,0x1,
0x10,0x5,0x0,0x0,0x0,0x0,0x0,0x0,
0x10,0x5,0x0,0x0,0x0,0x0,0x0,0x0,
0x2e,0x0,0x0,0x0,0x2f,0x0,0x0,0x0,
0x30,0x0,0x0,0x0,0x31,0x0,0x0,0x0,
0x32,0x0,0x0,0x0,0x33,0x0,0x0,0x0,
0x34,0x0,0x0,0x0,0x35,0x0,0x0,0x0,
0x36,0x0,0x0,0x0,0x37,0x0,0x0,0x0,
0x38,0x0,0x0,0x0,0x39,0x0,0x0,0x0,
0x3a,0x0,0x0,0x0,0x3b,0x0,0x0,0x0,
0x3c,0x0,0x0,0x0,0x3e,0x0,0x0,0x0,
0x3f,0x0,0x0,0x0,0x40,0x0,0x0,0x0,
0x52,0x0,0x0,0x0,0x4,0x0,0x0,0xa0,
0xe3,0x0,0x10,0x1,0x53,0x0,0x0,0x0,
0x4,0x0,0x0,0xa0,0xe4,0x0,0x10,0x1,
0x54,0x0,0x0,0x0,0x4,0x0,0x0,0xa0,
0xe5,0x0,0x10,0x1,0x55,0x0,0x0,0x0,
0x4,0x0,0x0,0xa0,0xe6,0x0,0x10,0x1,
0x56,0x0,0x0,0x0,0x4,0x0,0x0,0xa0,
0xe7,0x0,0x10,0x1,0x57,0x0,0x0,0x0,
0x4,0x0,0x0,0xa0,0xe8,0x0,0x10,0x1,
0x59,0x0,0x0,0x0,0x4,0x0,0x0,0xa0,
0xe9,0x0,0x10,0x1,0x5b,0x0,0x0,0x0,
0x4,0x0,0x0,0xa0,0xea,0x0,0x10,0x1,
0x5c,0x0,0x0,0x0,0x4,0x0,0x0,0xa0,
0xeb,0x0,0x10,0x1,0x5d,0x0,0x0,0x0,
0x3,0x0,0x0,0x20,0xec,0x0,0x10,0x1,
0x5e,0x0,0x0,0x0,0x2,0x0,0x0,0x20,
0xed,0x0,0x10,0x1,0x5f,0x0,0x0,0x0,
0x1,0x0,0x0,0x20,0xee,0x0,0x10,0x1,
0x65,0x0,0x0,0x0,0x1,0x0,0x0,0xa0,
0xf5,0x0,0x10,0x1,0x67,0x0,0x0,0x0,
0x1,0x0,0x0,0xa0,0x12,0x1,0x10,0x1,
0x69,0x0,0x0,0x0,0x1,0x0,0x0,0xa0,
0x13,0x1,0x10,0x1,0x6b,0x0,0x0,0x0,
0x1,0x0,0x0,0xa0,0x16,0x1,0x10,0x1,
0x6d,0x0,0x0,0x0,0x3,0x0,0x0,0x20,
0x1a,0x1,0x10,0x1,0x6e,0x0,0x0,0x0,
0x5,0x0,0x0,0x20,0x1b,0x1,0x10,0x1,
0x6f,0x0,0x0,0x0,0x2,0x0,0x0,0x20,
0x1c,0x1,0x10,0x1,0x70,0x0,0x0,0x0,
0x2,0x0,0x0,0x20,0x1d,0x1,0x10,0x1,
0x71,0x0,0x0,0x0,0x3,0x0,0x0,0x20,
0x1e,0x1,0x10,0x1,0x71,0x0,0x0,0x0,
0x0,0x0,0x7,0x0,0x2d,0x0,0x0,0x0,
0x0,0x0,0x0,0x0,0x1e,0x1,0xf0,0x1,
0x1e,0x1,0x0,0x3,0x70,0x0,0x0,0x0,
0x0,0x0,0x2,0x0,0xb,0x0,0x0,0x0,
0x0,0x0,0x0,0x0,0x1d,0x1,0xe0,0x1,
0x1d,0x1,0xa0,0x2,0x6f,0x0,0x0,0x0,
0x0,0x0,0x2,0x0,0xb,0x0,0x0,0x0,
0x0,0x0,0x0,0x0,0x1c,0x1,0xe0,0x1,
0x1c,0x1,0xc0,0x2,0x6e,0x0,0x0,0x0,
0x0,0x0,0x3,0x0,0x0,0x0,0x0,0x0,
0x0,0x0,0x0,0x0,0x1b,0x1,0x10,0x2,
0x1b,0x1,0x0,0x3,0x6d,0x0,0x0,0x0,
0x0,0x0,0x1,0x0,0x1,0x0,0x0,0x0,
0x0,0x0,0x0,0x0,0x1a,0x1,0xf0,0x1,
0x1a,0x1,0x20,0x3,0x6b,0x0,0x0,0x0,
0x8,0x0,0x7,0x0,0x2b,0x0,0x0,0x0,
0x0,0x0,0x0,0x0,0x16,0x1,0x70,0x2,
0x16,0x1,0x0,0x4,0x69,0x0,0x0,0x0,
0x8,0x0,0x7,0x0,0x29,0x0,0x0,0x0,
0x0,0x0,0x0,0x0,0x13,0x1,0x70,0x2,
0x13,0x1,0x10,0x4,0x67,0x0,0x0,0x0,
0x8,0x0,0x7,0x0,0x28,0x0,0x0,0x0,
0x0,0x0,0x0,0x0,0x12,0x1,0x70,0x2,
0x12,0x1,0xa0,0x3,0x65,0x0,0x0,0x0,
0x8,0x0,0x7,0x0,0x27,0x0,0x0,0x0,
0x0,0x0,0x0,0x0,0xf5,0x0,0x70,0x2,
0xf5,0x0,0xb0,0x3,0x1c,0x0,0x0,0x0,
0x0,0x0,0x2,0x0,0x14,0x0,0x0,0x0,
0x0,0x0,0x0,0x0,0xf3,0x0,0x10,0x1,
0xf3,0x0,0x40,0x1,0x2d,0x0,0x0,0x0,
0x0,0x0,0x7,0x0,0x26,0x0,0x0,0x0,
0x0,0x0,0x0,0x0,0xf0,0x0,0x10,0x1,
0xf0,0x0,0x90,0x1,0x2b,0x0,0x0,0x0,
0x0,0x0,0x7,0x0,0x25,0x0,0x0,0x0,
0x0,0x0,0x0,0x0,0xef,0x0,0x10,0x1,
0xef,0x0,0x80,0x1,0x5f,0x0,0x0,0x0,
0x0,0x0,0x7,0x0,0x24,0x0,0x0,0x0,
0x0,0x0,0x0,0x0,0xee,0x0,0xe0,0x1,
0xee,0x0,0xe0,0x2,0x5e,0x0,0x0,0x0,
0x0,0x0,0x2,0x0,0x13,0x0,0x0,0x0,
0x0,0x0,0x0,0x0,0xed,0x0,0xe0,0x1,
0xed,0x0,0xd0,0x2,0x5d,0x0,0x0,0x0,
0x0,0x0,0x1,0x0,0x0,0x0,0x0,0x0,
0x0,0x0,0x0,0x0,0xec,0x0,0xf0,0x1,
0xec,0x0,0xf0,0x2,0x5c,0x0,0x0,0x0,
0x8,0x0,0x2,0x0,0x12,0x0,0x0,0x0,
0x0,0x0,0x0,0x0,0xeb,0x0,0x80,0x2,
0xeb,0x0,0xf0,0x3,0x5b,0x0,0x0,0x0,
0x8,0x0,0x2,0x0,0x11,0x0,0x0,0x0,
0x0,0x0,0x0,0x0,0xea,0x0,0x80,0x2,
0xea,0x0,0xd0,0x3,0x59,0x0,0x0,0x0,
0x8,0x0,0x7,0x0,0x23,0x0,0x0,0x0,
0x0,0x0,0x0,0x0,0xe9,0x0,0x80,0x2,
0xe9,0x0,0xf0,0x3,0x57,0x0,0x0,0x0,
0x8,0x0,0x7,0x0,0x22,0x0,0x0,0x0,
0x0,0x0,0x0,0x0,0xe8,0x0,0x80,0x2,
0xe8,0x0,0x40,0x4,0x56,0x0,0x0,0x0,
0x8,0x0,0x2,0x0,0x10,0x0,0x0,0x0,
0x0,0x0,0x0,0x0,0xe7,0x0,0x80,0x2,
0xe7,0x0,0xa0,0x3,0x55,0x0,0x0,0x0,
0x8,0x0,0x2,0x0,0xf,0x0,0x0,0x0,
0x0,0x0,0x0,0x0,0xe6,0x0,0x80,0x2,
0xe6,0x0,0x80,0x3,0x54,0x0,0x0,0x0,
0x8,0x0,0x2,0x0,0xe,0x0,0x0,0x0,
0x0,0x0,0x0,0x0,0xe5,0x0,0x80,0x2,
0xe5,0x0,0x70,0x3,0x53,0x0,0x0,0x0,
0x8,0x0,0x2,0x0,0xd,0x0,0x0,0x0,
0x0,0x0,0x0,0x0,0xe4,0x0,0x80,0x2,
0xe4,0x0,0xa0,0x3,0x52,0x0,0x0,0x0,
0x8,0x0,0x2,0x0,0xc,0x0,0x0,0x0,
0x0,0x0,0x0,0x0,0xe3,0x0,0x80,0x2,
0xe3,0x0,0x70,0x3,0x0,0x0,0x0,0x0,
0x0,0x0,0x8,0x0,0x11,0x0,0x0,0x0,
0x0,0x0,0x0,0x0,0x20,0x1,0x10,0x1,
0x20,0x1,0x10,0x1,0x0,0x0,0x0,0x0,
0x0,0x0,0x8,0x0,0x12,0x0,0x0,0x0,
0x0,0x0,0x0,0x0,0x24,0x1,0x10,0x1,
0x24,0x1,0x10,0x1,0x0,0x0,0x0,0x0,
0x0,0x0,0x8,0x0,0x13,0x0,0x0,0x0,
0x0,0x0,0x0,0x0,0x5f,0x2,0x10,0x1,
0x5f,0x2,0x10,0x1,0x0,0x0,0x0,0x0,
0x0,0x0,0x8,0x0,0x16,0x0,0x0,0x0,
0x0,0x0,0x0,0x0,0x6f,0x2,0x10,0x1,
0x6f,0x2,0x10,0x1,0x0,0x0,0x0,0x0,
0x0,0x0,0x8,0x0,0x19,0x0,0x0,0x0,
0x0,0x0,0x0,0x0,0x81,0x2,0x10,0x1,
0x81,0x2,0x10,0x1,0x0,0x0,0x0,0x0,
0x0,0x0,0x8,0x0,0x1c,0x0,0x0,0x0,
0x0,0x0,0x0,0x0,0x92,0x2,0x10,0x1,
0x92,0x2,0x10,0x1,0x0,0x0,0x0,0x0,
0x0,0x0,0x8,0x0,0x1f,0x0,0x0,0x0,
0x0,0x0,0x0,0x0,0xa0,0x2,0x10,0x1,
0xa0,0x2,0x10,0x1,0x0,0x0,0x0,0x0,
0x0,0x0,0x8,0x0,0x20,0x0,0x0,0x0,
0x0,0x0,0x0,0x0,0xaa,0x2,0x10,0x1,
0xaa,0x2,0x10,0x1,0x0,0x0,0x0,0x0,
0x0,0x0,0x8,0x0,0x26,0x0,0x0,0x0,
0x0,0x0,0x0,0x0,0xc6,0x2,0x10,0x1,
0xc6,0x2,0x10,0x1,0x0,0x0,0x0,0x0,
0x0,0x0,0x8,0x0,0x2c,0x0,0x0,0x0,
0x0,0x0,0x0,0x0,0xde,0x2,0x10,0x1,
0xde,0x2,0x10,0x1,0x0,0x0,0x0,0x0,
0x0,0x0,0x8,0x0,0x2e,0x0,0x0,0x0,
0x0,0x0,0x0,0x0,0xf1,0x2,0x10,0x1,
0xf1,0x2,0x10,0x1,0x0,0x0,0x0,0x0,
0x0,0x0,0x8,0x0,0x2f,0x0,0x0,0x0,
0x0,0x0,0x0,0x0,0x0,0x3,0x10,0x1,
0x0,0x3,0x10,0x1,0x17,0x0,0x0,0x0,
0x0,0x0,0xa,0x0,0x10,0x0,0x0,0x0,
0x0,0x0,0x0,0x0,0xf1,0x0,0x10,0x1,
0xf1,0x0,0x90,0x1,0x0,0x0,0x0,0x0,
0x0,0x0,0x0,0x0,0x0,0x0,0xff,0xff,
0xff,0xff,0xff,0xff,0x0,0x0,0x0,0x0,
0x54,0x0,0x0,0x0,0x54,0x0,0x0,0x0,
0x54,0x0,0x0,0x0,0x0,0x0,0x0,0x0,
0x54,0x0,0x0,0x0,0x54,0x0,0x0,0x0,
0x0,0x0,0x2,0x0,0x54,0x0,0x0,0x0,
0x0,0x0,0x0,0x0,0x84,0x0,0x0,0x0,
0xf1,0x0,0x10,0x1,0x0,0x0,0x0,0x0,
0x84,0x0,0x0,0x0,0x0,0x0,0x0,0x0,
0x84,0x0,0x0,0x0,0x0,0x0,0x0,0x0,
0x63,0x0,0x0,0x0,0x0,0x0,0x7,0x0,
0x42,0x0,0x0,0x0,0x0,0x0,0x0,0x0,
0xf2,0x0,0x90,0x1,0xf2,0x0,0x90,0x2,
0x61,0x0,0x0,0x0,0x0,0x0,0x7,0x0,
0x41,0x0,0x0,0x0,0x0,0x0,0x0,0x0,
0xf1,0x0,0x90,0x1,0xf1,0x0,0xb0,0x2,
0x0,0x0,0x0,0x0,0x73,0x0,0x0,0x0,
0x74,0x0,0x0,0x0,0x0,0x0,0xff,0xff,
0xff,0xff,0xff,0xff,0x0,0x0,0x0,0x0,
0x54,0x0,0x0,0x0,0x54,0x0,0x0,0x0,
0x54,0x0,0x0,0x0,0x0,0x0,0x0,0x0,
0x54,0x0,0x0,0x0,0x54,0x0,0x0,0x0,
0x0,0x0,0x0,0x0,0x54,0x0,0x0,0x0,
0x0,0x0,0x0,0x0,0x54,0x0,0x0,0x0,
0x20,0x1,0x10,0x1,0x21,0x1,0x50,0x1,
0x54,0x0,0x0,0x0,0x0,0x0,0x0,0x0,
0x54,0x0,0x0,0x0,0x0,0x0,0x0,0x0,
0x0,0x0,0x0,0x0,0x75,0x0,0x0,0x0,
0x76,0x0,0x0,0x0,0x0,0x0,0xff,0xff,
0xff,0xff,0xff,0xff,0x0,0x0,0x0,0x0,
0x54,0x0,0x0,0x0,0x54,0x0,0x0,0x0,
0x54,0x0,0x0,0x0,0x0,0x0,0x0,0x0,
0x54,0x0,0x0,0x0,0x54,0x0,0x0,0x0,
0x0,0x0,0x4,0x0,0x54,0x0,0x0,0x0,
0x0,0x0,0x0,0x0,0xb4,0x0,0x0,0x0,
0x24,0x1,0x10,0x1,0x25,0x1,0x50,0x1,
0xb4,0x0,0x0,0x0,0x0,0x0,0x0,0x0,
0xb4,0x0,0x0,0x0,0x0,0x0,0x0,0x0,
0x7a,0x0,0x0,0x0,0x0,0x0,0x7,0x0,
0x43,0x0,0x0,0x0,0x0,0x0,0x0,0x0,
0x29,0x1,0x50,0x1,0x29,0x1,0x20,0x2,
0x79,0x0,0x0,0x0,0x0,0x0,0x1,0x0,
0x1,0x0,0x0,0x0,0x0,0x0,0x0,0x0,
0x28,0x1,0x50,0x1,0x28,0x1,0xe0,0x1,
0x78,0x0,0x0,0x0,0x0,0x0,0x1,0x0,
0x1,0x0,0x0,0x0,0x0,0x0,0x0,0x0,
0x27,0x1,0x50,0x1,0x27,0x1,0xd0,0x1,
0x77,0x0,0x0,0x0,0x0,0x0,0x2,0x0,
0x5,0x0,0x0,0x0,0x0,0x0,0x0,0x0,
0x26,0x1,0x50,0x1,0x26,0x1,0xf0,0x1,
0x0,0x0,0x0,0x0,0x35,0x0,0x0,0x0,
0x97,0x0,0x0,0x0,0x0,0x0,0xff,0xff,
0xff,0xff,0xff,0xff,0x0,0x0,0x0,0x0,
0x54,0x0,0x0,0x0,0x54,0x0,0x0,0x0,
0x54,0x0,0x0,0x0,0x0,0x0,0x0,0x0,
0x54,0x0,0x0,0x0,0x54,0x0,0x0,0x0,
0x0,0x0,0x9,0x0,0x54,0x0,0x0,0x0,
0x0,0x0,0x0,0x0,0x2c,0x1,0x0,0x0,
0x5f,0x2,0x10,0x1,0x60,0x2,0x50,0x1,
0x2c,0x1,0x0,0x0,0x0,0x0,0x0,0x0,
0x2c,0x1,0x0,0x0,0x0,0x0,0x0,0x0,
0x1c,0x0,0x0,0x0,0x0,0x0,0x2,0x0,
0x17,0x0,0x0,0x0,0x0,0x0,0x0,0x0,
0x6c,0x2,0x50,0x1,0x6c,0x2,0x80,0x1,
0x43,0x0,0x0,0x0,0x0,0x0,0x1,0x0,
0x1,0x0,0x0,0x0,0x0,0x0,0x0,0x0,
0x6b,0x2,0x50,0x1,0x6b,0x2,0xd0,0x1,
0x39,0x0,0x0,0x0,0x0,0x0,0x7,0x0,
0x46,0x0,0x0,0x0,0x0,0x0,0x0,0x0,
0x67,0x2,0x50,0x1,0x67,0x2,0xf0,0x1,
0x2d,0x0,0x0,0x0,0x0,0x0,0x2,0x0,
0x15,0x0,0x0,0x0,0x0,0x0,0x0,0x0,
0x66,0x2,0x50,0x1,0x66,0x2,0xd0,0x1,
0x2b,0x0,0x0,0x0,0x0,0x0,0x7,0x0,
0x45,0x0,0x0,0x0,0x0,0x0,0x0,0x0,
0x65,0x2,0x50,0x1,0x65,0x2,0xc0,0x1,
0x37,0x0,0x0,0x0,0x0,0x0,0x3,0x0,
0x0,0x0,0x0,0x0,0x99,0x0,0x0,0x0,
0x62,0x2,0x50,0x1,0x62,0x2,0xd0,0x1,
0x44,0x0,0x0,0x0,0x0,0x0,0x7,0x0,
0x44,0x0,0x0,0x0,0x0,0x0,0x0,0x0,
0x61,0x2,0x50,0x1,0x61,0x2,0xe0,0x1,
0x17,0x0,0x0,0x0,0x0,0x0,0xa,0x0,
0x15,0x0,0x0,0x0,0x0,0x0,0x0,0x0,
0x68,0x2,0x50,0x1,0x68,0x2,0xd0,0x1,
0x9a,0x0,0x0,0x0,0x0,0x0,0xa,0x0,
0x14,0x0,0x0,0x0,0x0,0x0,0x0,0x0,
0x63,0x2,0x50,0x1,0x63,0x2,0x0,0x2,
0x0,0x0,0x0,0x0,0x0,0x0,0x0,0x0,
0x0,0x0,0x0,0x0,0x0,0x0,0xff,0xff,
0xff,0xff,0xff,0xff,0x0,0x0,0x0,0x0,
0x54,0x0,0x0,0x0,0x54,0x0,0x0,0x0,
0x54,0x0,0x0,0x0,0x0,0x0,0x0,0x0,
0x54,0x0,0x0,0x0,0x54,0x0,0x0,0x0,
0x0,0x0,0x2,0x0,0x54,0x0,0x0,0x0,
0x0,0x0,0x0,0x0,0x84,0x0,0x0,0x0,
0x63,0x2,0x50,0x1,0x0,0x0,0x0,0x0,
0x84,0x0,0x0,0x0,0x0,0x0,0x0,0x0,
0x84,0x0,0x0,0x0,0x0,0x0,0x0,0x0,
0x2d,0x0,0x0,0x0,0x0,0x0,0x2,0x0,
0x15,0x0,0x0,0x0,0x0,0x0,0x0,0x0,
0x64,0x2,0x0,0x2,0x64,0x2,0x80,0x2,
0x2b,0x0,0x0,0x0,0x0,0x0,0x7,0x0,
0x47,0x0,0x0,0x0,0x0,0x0,0x0,0x0,
0x63,0x2,0x0,0x2,0x63,0x2,0x70,0x2,
0x0,0x0,0x0,0x0,0x0,0x0,0x0,0x0,
0x0,0x0,0x0,0x0,0x0,0x0,0xff,0xff,
0xff,0xff,0xff,0xff,0x0,0x0,0x0,0x0,
0x54,0x0,0x0,0x0,0x54,0x0,0x0,0x0,
0x54,0x0,0x0,0x0,0x0,0x0,0x0,0x0,
0x54,0x0,0x0,0x0,0x54,0x0,0x0,0x0,
0x0,0x0,0x3,0x0,0x54,0x0,0x0,0x0,
0x0,0x0,0x0,0x0,0x9c,0x0,0x0,0x0,
0x68,0x2,0x50,0x1,0x0,0x0,0x0,0x0,
0x9c,0x0,0x0,0x0,0x0,0x0,0x0,0x0,
0x9c,0x0,0x0,0x0,0x0,0x0,0x0,0x0,
0x42,0x0,0x0,0x0,0x0,0x0,0x2,0x0,
0x16,0x0,0x0,0x0,0x0,0x0,0x0,0x0,
0x6a,0x2,0xd0,0x1,0x6a,0x2,0x80,0x2,
0x40,0x0,0x0,0x0,0x0,0x0,0x7,0x0,
0x49,0x0,0x0,0x0,0x0,0x0,0x0,0x0,
0x69,0x2,0xd0,0x1,0x69,0x2,0x20,0x2,
0x61,0x0,0x0,0x0,0x0,0x0,0x7,0x0,
0x48,0x0,0x0,0x0,0x0,0x0,0x0,0x0,
0x68,0x2,0xd0,0x1,0x68,0x2,0xf0,0x2,
0x0,0x0,0x0,0x0,0x35,0x0,0x0,0x0,
0x9b,0x0,0x0,0x0,0x0,0x0,0xff,0xff,
0xff,0xff,0xff,0xff,0x0,0x0,0x0,0x0,
0x54,0x0,0x0,0x0,0x54,0x0,0x0,0x0,
0x54,0x0,0x0,0x0,0x0,0x0,0x0,0x0,
0x54,0x0,0x0,0x0,0x54,0x0,0x0,0x0,
0x0,0x0,0x9,0x0,0x54,0x0,0x0,0x0,
0x0,0x0,0x0,0x0,0x2c,0x1,0x0,0x0,
0x6f,0x2,0x10,0x1,0x70,0x2,0x50,0x1,
0x2c,0x1,0x0,0x0,0x0,0x0,0x0,0x0,
0x2c,0x1,0x0,0x0,0x0,0x0,0x0,0x0,
0x1c,0x0,0x0,0x0,0x0,0x0,0x2,0x0,
0x13,0x0,0x0,0x0,0x0,0x0,0x0,0x0,
0x7e,0x2,0x50,0x1,0x7e,0x2,0x80,0x1,
0x43,0x0,0x0,0x0,0x0,0x0,0x1,0x0,
0x1,0x0,0x0,0x0,0x0,0x0,0x0,0x0,
0x7d,0x2,0x50,0x1,0x7d,0x2,0xd0,0x1,
0x39,0x0,0x0,0x0,0x0,0x0,0x7,0x0,
0x4d,0x0,0x0,0x0,0x0,0x0,0x0,0x0,
0x77,0x2,0x50,0x1,0x77,0x2,0xf0,0x1,
0x2d,0x0,0x0,0x0,0x0,0x0,0x7,0x0,
0x4c,0x0,0x0,0x0,0x0,0x0,0x0,0x0,
0x76,0x2,0x50,0x1,0x76,0x2,0xd0,0x1,
0x2b,0x0,0x0,0x0,0x0,0x0,0x7,0x0,
0x4b,0x0,0x0,0x0,0x0,0x0,0x0,0x0,
0x75,0x2,0x50,0x1,0x75,0x2,0xc0,0x1,
0x37,0x0,0x0,0x0,0x0,0x0,0x3,0x0,
0x0,0x0,0x0,0x0,0x9c,0x0,0x0,0x0,
0x72,0x2,0x50,0x1,0x72,0x2,0xd0,0x1,
0x44,0x0,0x0,0x0,0x0,0x0,0x7,0x0,
0x4a,0x0,0x0,0x0,0x0,0x0,0x0,0x0,
0x71,0x2,0x50,0x1,0x71,0x2,0xe0,0x1,
0x17,0x0,0x0,0x0,0x0,0x0,0xa,0x0,
0x18,0x0,0x0,0x0,0x0,0x0,0x0,0x0,
0x79,0x2,0x50,0x1,0x79,0x2,0xd0,0x1,
0x9a,0x0,0x0,0x0,0x0,0x0,0xa,0x0,
0x17,0x0,0x0,0x0,0x0,0x0,0x0,0x0,
0x73,0x2,0x50,0x1,0x73,0x2,0x0,0x2,
0x0,0x0,0x0,0x0,0x0,0x0,0x0,0x0,
0x0,0x0,0x0,0x0,0x0,0x0,0xff,0xff,
0xff,0xff,0xff,0xff,0x0,0x0,0x0,0x0,
0x54,0x0,0x0,0x0,0x54,0x0,0x0,0x0,
0x54,0x0,0x0,0x0,0x0,0x0,0x0,0x0,
0x54,0x0,0x0,0x0,0x54,0x0,0x0,0x0,
0x0,0x0,0x2,0x0,0x54,0x0,0x0,0x0,
0x0,0x0,0x0,0x0,0x84,0x0,0x0,0x0,
0x73,0x2,0x50,0x1,0x0,0x0,0x0,0x0,
0x84,0x0,0x0,0x0,0x0,0x0,0x0,0x0,
0x84,0x0,0x0,0x0,0x0,0x0,0x0,0x0,
0x2d,0x0,0x0,0x0,0x0,0x0,0x7,0x0,
0x4f,0x0,0x0,0x0,0x0,0x0,0x0,0x0,
0x74,0x2,0x0,0x2,0x74,0x2,0x80,0x2,
0x2b,0x0,0x0,0x0,0x0,0x0,0x7,0x0,
0x4e,0x0,0x0,0x0,0x0,0x0,0x0,0x0,
0x73,0x2,0x0,0x2,0x73,0x2,0x70,0x2,
0x0,0x0,0x0,0x0,0x0,0x0,0x0,0x0,
0x0,0x0,0x0,0x0,0x0,0x0,0xff,0xff,
0xff,0xff,0xff,0xff,0x0,0x0,0x0,0x0,
0x54,0x0,0x0,0x0,0x54,0x0,0x0,0x0,
0x54,0x0,0x0,0x0,0x0,0x0,0x0,0x0,
0x54,0x0,0x0,0x0,0x54,0x0,0x0,0x0,
0x0,0x0,0x4,0x0,0x54,0x0,0x0,0x0,
0x0,0x0,0x0,0x0,0xb4,0x0,0x0,0x0,
0x79,0x2,0x50,0x1,0x0,0x0,0x0,0x0,
0xb4,0x0,0x0,0x0,0x0,0x0,0x0,0x0,
0xb4,0x0,0x0,0x0,0x0,0x0,0x0,0x0,
0x9e,0x0,0x0,0x0,0x0,0x0,0x2,0x0,
0x19,0x0,0x0,0x0,0x0,0x0,0x0,0x0,
0x7c,0x2,0xd0,0x1,0x7c,0x2,0x30,0x3,
0x63,0x0,0x0,0x0,0x0,0x0,0x7,0x0,
0x51,0x0,0x0,0x0,0x0,0x0,0x0,0x0,
0x7b,0x2,0xd0,0x1,0x7b,0x2,0xd0,0x2,
0x9d,0x0,0x0,0x0,0x0,0x0,0x2,0x0,
0x18,0x0,0x0,0x0,0x0,0x0,0x0,0x0,
0x7a,0x2,0xd0,0x1,0x7a,0x2,0x50,0x3,
0x61,0x0,0x0,0x0,0x0,0x0,0x7,0x0,
0x50,0x0,0x0,0x0,0x0,0x0,0x0,0x0,
0x79,0x2,0xd0,0x1,0x79,0x2,0xf0,0x2,
0x0,0x0,0x0,0x0,0x35,0x0,0x0,0x0,
0x9f,0x0,0x0,0x0,0x0,0x0,0xff,0xff,
0xff,0xff,0xff,0xff,0x0,0x0,0x0,0x0,
0x54,0x0,0x0,0x0,0x54,0x0,0x0,0x0,
0x54,0x0,0x0,0x0,0x0,0x0,0x0,0x0,
0x54,0x0,0x0,0x0,0x54,0x0,0x0,0x0,
0x0,0x0,0x9,0x0,0x54,0x0,0x0,0x0,
0x0,0x0,0x0,0x0,0x2c,0x1,0x0,0x0,
0x81,0x2,0x10,0x1,0x82,0x2,0x50,0x1,
0x2c,0x1,0x0,0x0,0x0,0x0,0x0,0x0,
0x2c,0x1,0x0,0x0,0x0,0x0,0x0,0x0,
0x1c,0x0,0x0,0x0,0x0,0x0,0x2,0x0,
0x14,0x0,0x0,0x0,0x0,0x0,0x0,0x0,
0x8f,0x2,0x50,0x1,0x8f,0x2,0x80,0x1,
0x43,0x0,0x0,0x0,0x0,0x0,0x1,0x0,
0x1,0x0,0x0,0x0,0x0,0x0,0x0,0x0,
0x8e,0x2,0x50,0x1,0x8e,0x2,0xd0,0x1,
0x39,0x0,0x0,0x0,0x0,0x0,0x7,0x0,
0x55,0x0,0x0,0x0,0x0,0x0,0x0,0x0,
0x89,0x2,0x50,0x1,0x89,0x2,0xf0,0x1,
0x2d,0x0,0x0,0x0,0x0,0x0,0x7,0x0,
0x54,0x0,0x0,0x0,0x0,0x0,0x0,0x0,
0x88,0x2,0x50,0x1,0x88,0x2,0xd0,0x1,
0x2b,0x0,0x0,0x0,0x0,0x0,0x7,0x0,
0x53,0x0,0x0,0x0,0x0,0x0,0x0,0x0,
0x87,0x2,0x50,0x1,0x87,0x2,0xc0,0x1,
0x37,0x0,0x0,0x0,0x0,0x0,0x3,0x0,
0x0,0x0,0x0,0x0,0xa0,0x0,0x0,0x0,
0x84,0x2,0x50,0x1,0x84,0x2,0xd0,0x1,
0x44,0x0,0x0,0x0,0x0,0x0,0x7,0x0,
0x52,0x0,0x0,0x0,0x0,0x0,0x0,0x0,
0x83,0x2,0x50,0x1,0x83,0x2,0xe0,0x1,
0x17,0x0,0x0,0x0,0x0,0x0,0xa,0x0,
0x1b,0x0,0x0,0x0,0x0,0x0,0x0,0x0,
0x8a,0x2,0x50,0x1,0x8a,0x2,0xd0,0x1,
0x9a,0x0,0x0,0x0,0x0,0x0,0xa,0x0,
0x1a,0x0,0x0,0x0,0x0,0x0,0x0,0x0,
0x85,0x2,0x50,0x1,0x85,0x2,0x0,0x2,
0x0,0x0,0x0,0x0,0x0,0x0,0x0,0x0,
0x0,0x0,0x0,0x0,0x0,0x0,0xff,0xff,
0xff,0xff,0xff,0xff,0x0,0x0,0x0,0x0,
0x54,0x0,0x0,0x0,0x54,0x0,0x0,0x0,
0x54,0x0,0x0,0x0,0x0,0x0,0x0,0x0,
0x54,0x0,0x0,0x0,0x54,0x0,0x0,0x0,
0x0,0x0,0x2,0x0,0x54,0x0,0x0,0x0,
0x0,0x0,0x0,0x0,0x84,0x0,0x0,0x0,
0x85,0x2,0x50,0x1,0x0,0x0,0x0,0x0,
0x84,0x0,0x0,0x0,0x0,0x0,0x0,0x0,
0x84,0x0,0x0,0x0,0x0,0x0,0x0,0x0,
0x2d,0x0,0x0,0x0,0x0,0x0,0x7,0x0,
0x57,0x0,0x0,0x0,0x0,0x0,0x0,0x0,
0x86,0x2,0x0,0x2,0x86,0x2,0x80,0x2,
0x2b,0x0,0x0,0x0,0x0,0x0,0x7,0x0,
0x56,0x0,0x0,0x0,0x0,0x0,0x0,0x0,
0x85,0x2,0x0,0x2,0x85,0x2,0x70,0x2,
0x0,0x0,0x0,0x0,0x0,0x0,0x0,0x0,
0x0,0x0,0x0,0x0,0x0,0x0,0xff,0xff,
0xff,0xff,0xff,0xff,0x0,0x0,0x0,0x0,
0x54,0x0,0x0,0x0,0x54,0x0,0x0,0x0,
0x54,0x0,0x0,0x0,0x0,0x0,0x0,0x0,
0x54,0x0,0x0,0x0,0x54,0x0,0x0,0x0,
0x0,0x0,0x4,0x0,0x54,0x0,0x0,0x0,
0x0,0x0,0x0,0x0,0xb4,0x0,0x0,0x0,
0x8a,0x2,0x50,0x1,0x0,0x0,0x0,0x0,
0xb4,0x0,0x0,0x0,0x0,0x0,0x0,0x0,
0xb4,0x0,0x0,0x0,0x0,0x0,0x0,0x0,
0x42,0x0,0x0,0x0,0x0,0x0,0x7,0x0,
0x5a,0x0,0x0,0x0,0x0,0x0,0x0,0x0,
0x8d,0x2,0xd0,0x1,0x8d,0x2,0x80,0x2,
0x40,0x0,0x0,0x0,0x0,0x0,0x7,0x0,
0x59,0x0,0x0,0x0,0x0,0x0,0x0,0x0,
0x8c,0x2,0xd0,0x1,0x8c,0x2,0x20,0x2,
0x9d,0x0,0x0,0x0,0x0,0x0,0x2,0x0,
0x8,0x0,0x0,0x0,0x0,0x0,0x0,0x0,
0x8b,0x2,0xd0,0x1,0x8b,0x2,0x50,0x3,
0x61,0x0,0x0,0x0,0x0,0x0,0x7,0x0,
0x58,0x0,0x0,0x0,0x0,0x0,0x0,0x0,
0x8a,0x2,0xd0,0x1,0x8a,0x2,0xf0,0x2,
0x0,0x0,0x0,0x0,0x35,0x0,0x0,0x0,
0xf,0x0,0x0,0x0,0x0,0x0,0xff,0xff,
0xff,0xff,0xff,0xff,0x0,0x0,0x0,0x0,
0x54,0x0,0x0,0x0,0x54,0x0,0x0,0x0,
0x54,0x0,0x0,0x0,0x0,0x0,0x0,0x0,
0x54,0x0,0x0,0x0,0x54,0x0,0x0,0x0,
0x0,0x0,0x7,0x0,0x54,0x0,0x0,0x0,
0x0,0x0,0x0,0x0,0xfc,0x0,0x0,0x0,
0x92,0x2,0x10,0x1,0x93,0x2,0x50,0x1,
0xfc,0x0,0x0,0x0,0x0,0x0,0x0,0x0,
0xfc,0x0,0x0,0x0,0x0,0x0,0x0,0x0,
0x1c,0x0,0x0,0x0,0x0,0x0,0x2,0x0,
0x17,0x0,0x0,0x0,0x0,0x0,0x0,0x0,
0x9d,0x2,0x50,0x1,0x9d,0x2,0x80,0x1,
0x43,0x0,0x0,0x0,0x0,0x0,0x1,0x0,
0x1,0x0,0x0,0x0,0x0,0x0,0x0,0x0,
0x9c,0x2,0x50,0x1,0x9c,0x2,0xd0,0x1,
0x2d,0x0,0x0,0x0,0x0,0x0,0x7,0x0,
0x5c,0x0,0x0,0x0,0x0,0x0,0x0,0x0,
0x97,0x2,0x50,0x1,0x97,0x2,0xd0,0x1,
0x37,0x0,0x0,0x0,0x0,0x0,0x3,0x0,
0x0,0x0,0x0,0x0,0xa2,0x0,0x0,0x0,
0x95,0x2,0x50,0x1,0x95,0x2,0xd0,0x1,
0x44,0x0,0x0,0x0,0x0,0x0,0x7,0x0,
0x5b,0x0,0x0,0x0,0x0,0x0,0x0,0x0,
0x94,0x2,0x50,0x1,0x94,0x2,0xe0,0x1,
0x17,0x0,0x0,0x0,0x0,0x0,0xa,0x0,
0x1e,0x0,0x0,0x0,0x0,0x0,0x0,0x0,
0x98,0x2,0x50,0x1,0x98,0x2,0xd0,0x1,
0x9a,0x0,0x0,0x0,0x0,0x0,0xa,0x0,
0x1d,0x0,0x0,0x0,0x0,0x0,0x0,0x0,
0x96,0x2,0x50,0x1,0x96,0x2,0x0,0x2,
0x0,0x0,0x0,0x0,0x0,0x0,0x0,0x0,
0x0,0x0,0x0,0x0,0x0,0x0,0xff,0xff,
0xff,0xff,0xff,0xff,0x0,0x0,0x0,0x0,
0x54,0x0,0x0,0x0,0x54,0x0,0x0,0x0,
0x54,0x0,0x0,0x0,0x0,0x0,0x0,0x0,
0x54,0x0,0x0,0x0,0x54,0x0,0x0,0x0,
0x0,0x0,0x1,0x0,0x54,0x0,0x0,0x0,
0x0,0x0,0x0,0x0,0x6c,0x0,0x0,0x0,
0x96,0x2,0x50,0x1,0x0,0x0,0x0,0x0,
0x6c,0x0,0x0,0x0,0x0,0x0,0x0,0x0,
0x6c,0x0,0x0,0x0,0x0,0x0,0x0,0x0,
0x2d,0x0,0x0,0x0,0x0,0x0,0x7,0x0,
0x5d,0x0,0x0,0x0,0x0,0x0,0x0,0x0,
0x96,0x2,0x0,0x2,0x96,0x2,0x80,0x2,
0x0,0x0,0x0,0x0,0x0,0x0,0x0,0x0,
0x0,0x0,0x0,0x0,0x0,0x0,0xff,0xff,
0xff,0xff,0xff,0xff,0x0,0x0,0x0,0x0,
0x54,0x0,0x0,0x0,0x54,0x0,0x0,0x0,
0x54,0x0,0x0,0x0,0x0,0x0,0x0,0x0,
0x54,0x0,0x0,0x0,0x54,0x0,0x0,0x0,
0x0,0x0,0x4,0x0,0x54,0x0,0x0,0x0,
0x0,0x0,0x0,0x0,0xb4,0x0,0x0,0x0,
0x98,0x2,0x50,0x1,0x0,0x0,0x0,0x0,
0xb4,0x0,0x0,0x0,0x0,0x0,0x0,0x0,
0xb4,0x0,0x0,0x0,0x0,0x0,0x0,0x0,
0x9e,0x0,0x0,0x0,0x0,0x0,0x7,0x0,
0x60,0x0,0x0,0x0,0x0,0x0,0x0,0x0,
0x9b,0x2,0xd0,0x1,0x9b,0x2,0x30,0x3,
0x63,0x0,0x0,0x0,0x0,0x0,0x7,0x0,
0x5f,0x0,0x0,0x0,0x0,0x0,0x0,0x0,
0x9a,0x2,0xd0,0x1,0x9a,0x2,0xd0,0x2,
0xa3,0x0,0x0,0x0,0x0,0x0,0x2,0x0,
0x1a,0x0,0x0,0x0,0x0,0x0,0x0,0x0,
0x99,0x2,0xd0,0x1,0x99,0x2,0xa0,0x2,
0x47,0x0,0x0,0x0,0x0,0x0,0x7,0x0,
0x5e,0x0,0x0,0x0,0x0,0x0,0x0,0x0,
0x98,0x2,0xd0,0x1,0x98,0x2,0x40,0x2,
0x0,0x0,0x0,0x0,0x35,0x0,0x0,0x0,
0xa5,0x0,0x0,0x0,0x0,0x0,0xff,0xff,
0xff,0xff,0xff,0xff,0x0,0x0,0x0,0x0,
0x54,0x0,0x0,0x0,0x54,0x0,0x0,0x0,
0x54,0x0,0x0,0x0,0x0,0x0,0x0,0x0,
0x54,0x0,0x0,0x0,0x54,0x0,0x0,0x0,
0x0,0x0,0x6,0x0,0x54,0x0,0x0,0x0,
0x0,0x0,0x0,0x0,0xe4,0x0,0x0,0x0,
0xa0,0x2,0x10,0x1,0xa1,0x2,0x50,0x1,
0xe4,0x0,0x0,0x0,0x0,0x0,0x0,0x0,
0xe4,0x0,0x0,0x0,0x0,0x0,0x0,0x0,
0x1c,0x0,0x0,0x0,0x0,0x0,0x2,0x0,
0x1b,0x0,0x0,0x0,0x0,0x0,0x0,0x0,
0xa7,0x2,0x50,0x1,0xa7,0x2,0x80,0x1,
0x43,0x0,0x0,0x0,0x0,0x0,0x1,0x0,
0x1,0x0,0x0,0x0,0x0,0x0,0x0,0x0,
0xa6,0x2,0x50,0x1,0xa6,0x2,0xd0,0x1,
0x44,0x0,0x0,0x0,0x0,0x0,0x1,0x0,
0x0,0x0,0x0,0x0,0x0,0x0,0x0,0x0,
0xa5,0x2,0x50,0x1,0xa5,0x2,0xe0,0x1,
0x2d,0x0,0x0,0x0,0x0,0x0,0x2,0x0,
0x18,0x0,0x0,0x0,0x0,0x0,0x0,0x0,
0xa4,0x2,0x50,0x1,0xa4,0x2,0xd0,0x1,
0x2b,0x0,0x0,0x0,0x0,0x0,0x2,0x0,
0x18,0x0,0x0,0x0,0x0,0x0,0x0,0x0,
0xa3,0x2,0x50,0x1,0xa3,0x2,0xc0,0x1,
0x37,0x0,0x0,0x0,0x0,0x0,0x3,0x0,
0x0,0x0,0x0,0x0,0xa6,0x0,0x0,0x0,
0xa2,0x2,0x50,0x1,0xa2,0x2,0xd0,0x1,
0x0,0x0,0x0,0x0,0xa7,0x0,0x0,0x0,
0xa8,0x0,0x0,0x0,0x0,0x0,0xff,0xff,
0xff,0xff,0xff,0xff,0x0,0x0,0x0,0x0,
0x54,0x0,0x0,0x0,0x54,0x0,0x0,0x0,
0x54,0x0,0x0,0x0,0x0,0x0,0x0,0x0,
0x54,0x0,0x0,0x0,0x54,0x0,0x0,0x0,
0x0,0x0,0x2,0x0,0x54,0x0,0x0,0x0,
0x0,0x0,0x0,0x0,0x84,0x0,0x0,0x0,
0xaa,0x2,0x10,0x1,0xab,0x2,0x50,0x1,
0x84,0x0,0x0,0x0,0x0,0x0,0x0,0x0,
0x84,0x0,0x0,0x0,0x0,0x0,0x0,0x0,
0xb9,0x0,0x0,0x0,0x0,0x0,0x8,0x0,
0x21,0x0,0x0,0x0,0x0,0x0,0x0,0x0,
0xad,0x2,0x50,0x1,0xad,0x2,0xf0,0x1,
0xa9,0x0,0x0,0x0,0x0,0x0,0x7,0x0,
0x61,0x0,0x0,0x0,0x0,0x0,0x0,0x0,
0xac,0x2,0x50,0x1,0xac,0x2,0xc0,0x1,
0x0,0x0,0x0,0x0,0x16,0x0,0x0,0x0,
0x0,0x0,0x0,0x0,0x0,0x0,0xff,0xff,
0xff,0xff,0xff,0xff,0x0,0x0,0x0,0x0,
0x54,0x0,0x0,0x0,0x54,0x0,0x0,0x0,
0x54,0x0,0x0,0x0,0x0,0x0,0x0,0x0,
0x54,0x0,0x0,0x0,0x54,0x0,0x0,0x0,
0x0,0x0,0xb,0x0,0x54,0x0,0x0,0x0,
0x0,0x0,0x0,0x0,0x5c,0x1,0x0,0x0,
0xad,0x2,0xf0,0x1,0x0,0x0,0x0,0x0,
0x5c,0x1,0x0,0x0,0x0,0x0,0x0,0x0,
0x5c,0x1,0x0,0x0,0x0,0x0,0x0,0x0,
0xb1,0x0,0x0,0x0,0x4,0x0,0x8,0x0,
0x23,0x0,0x0,0x0,0x0,0x0,0x0,0x0,
0xbd,0x2,0x50,0x2,0xbd,0x2,0x90,0x1,
0x1c,0x0,0x0,0x0,0x0,0x0,0x2,0x0,
0x1e,0x0,0x0,0x0,0x0,0x0,0x0,0x0,
0xbb,0x2,0x90,0x1,0xbb,0x2,0xc0,0x1,
0xb1,0x0,0x0,0x0,0x0,0x0,0x7,0x0,
0x66,0x0,0x0,0x0,0x0,0x0,0x0,0x0,
0xba,0x2,0x90,0x1,0xba,0x2,0x20,0x2,
0x7f,0x0,0x0,0x0,0x0,0x0,0x7,0x0,
0x65,0x0,0x0,0x0,0x0,0x0,0x0,0x0,
0xb7,0x2,0x90,0x1,0xb7,0x2,0xc0,0x1,
0x81,0x0,0x0,0x0,0x0,0x0,0x7,0x0,
0x64,0x0,0x0,0x0,0x0,0x0,0x0,0x0,
0xb6,0x2,0x90,0x1,0xb6,0x2,0xc0,0x1,
0x1a,0x0,0x0,0x0,0x0,0x0,0x7,0x0,
0x63,0x0,0x0,0x0,0x0,0x0,0x0,0x0,
0xb3,0x2,0x90,0x1,0xb3,0x2,0x0,0x2,
0xab,0x0,0x0,0x0,0x0,0x0,0x2,0x0,
0x11,0x0,0x0,0x0,0x0,0x0,0x0,0x0,
0xb2,0x2,0x90,0x1,0xb2,0x2,0x10,0x2,
0x2d,0x0,0x0,0x0,0x0,0x0,0x2,0x0,
0x1d,0x0,0x0,0x0,0x0,0x0,0x0,0x0,
0xb1,0x2,0x90,0x1,0xb1,0x2,0x10,0x2,
0x2b,0x0,0x0,0x0,0x0,0x0,0x2,0x0,
0x1c,0x0,0x0,0x0,0x0,0x0,0x0,0x0,
0xb0,0x2,0x90,0x1,0xb0,0x2,0x0,0x2,
0x44,0x0,0x0,0x0,0x0,0x0,0x7,0x0,
0x62,0x0,0x0,0x0,0x0,0x0,0x0,0x0,
0xaf,0x2,0x90,0x1,0xaf,0x2,0x20,0x2,
0xad,0x0,0x0,0x0,0x0,0x0,0xa,0x0,
0x22,0x0,0x0,0x0,0x0,0x0,0x0,0x0,
0xb4,0x2,0x90,0x1,0xb4,0x2,0x0,0x2,
0x0,0x0,0x0,0x0,0x0,0x0,0x0,0x0,
0x0,0x0,0x0,0x0,0x0,0x0,0xff,0xff,
0xff,0xff,0xff,0xff,0x0,0x0,0x0,0x0,
0x54,0x0,0x0,0x0,0x54,0x0,0x0,0x0,
0x54,0x0,0x0,0x0,0x0,0x0,0x0,0x0,
0x54,0x0,0x0,0x0,0x54,0x0,0x0,0x0,
0x0,0x0,0x2,0x0,0x54,0x0,0x0,0x0,
0x0,0x0,0x0,0x0,0x84,0x0,0x0,0x0,
0xb4,0x2,0x90,0x1,0x0,0x0,0x0,0x0,
0x84,0x0,0x0,0x0,0x0,0x0,0x0,0x0,
0x84,0x0,0x0,0x0,0x0,0x0,0x0,0x0,
0x2b,0x0,0x0,0x0,0x0,0x0,0x2,0x0,
0x14,0x0,0x0,0x0,0x0,0x0,0x0,0x0,
0xb5,0x2,0x0,0x2,0xb5,0x2,0x70,0x2,
0x1a,0x0,0x0,0x0,0x0,0x0,0x3,0x0,
0x0,0x0,0x0,0x0,0xae,0x0,0x0,0x0,
0xb4,0x2,0x0,0x2,0xb4,0x2,0x70,0x2,
0x0,0x0,0x0,0x0,0xb3,0x0,0x0,0x0,
0x0,0x0,0x0,0x0,0x0,0x0,0xff,0xff,
0xff,0xff,0xff,0xff,0x0,0x0,0x0,0x0,
0x54,0x0,0x0,0x0,0x54,0x0,0x0,0x0,
0x54,0x0,0x0,0x0,0x0,0x0,0x0,0x0,
0x54,0x0,0x0,0x0,0x54,0x0,0x0,0x0,
0x0,0x0,0x1,0x0,0x54,0x0,0x0,0x0,
0x0,0x0,0x0,0x0,0x6c,0x0,0x0,0x0,
0xbd,0x2,0x90,0x1,0x0,0x0,0x0,0x0,
0x6c,0x0,0x0,0x0,0x0,0x0,0x0,0x0,
0x6c,0x0,0x0,0x0,0x0,0x0,0x0,0x0,
0x0,0x0,0x0,0x0,0x0,0x0,0x8,0x0,
0x24,0x0,0x0,0x0,0x0,0x0,0x0,0x0,
0xbe,0x2,0xd0,0x1,0xbe,0x2,0xd0,0x1,
0x0,0x0,0x0,0x0,0xb4,0x0,0x0,0x0,
0x0,0x0,0x0,0x0,0x0,0x0,0xff,0xff,
0xff,0xff,0xff,0xff,0x0,0x0,0x0,0x0,
0x54,0x0,0x0,0x0,0x54,0x0,0x0,0x0,
0x54,0x0,0x0,0x0,0x0,0x0,0x0,0x0,
0x54,0x0,0x0,0x0,0x54,0x0,0x0,0x0,
0x0,0x0,0x2,0x0,0x54,0x0,0x0,0x0,
0x0,0x0,0x0,0x0,0x84,0x0,0x0,0x0,
0xbe,0x2,0xd0,0x1,0x0,0x0,0x0,0x0,
0x84,0x0,0x0,0x0,0x0,0x0,0x0,0x0,
0x84,0x0,0x0,0x0,0x0,0x0,0x0,0x0,
0xb5,0x0,0x0,0x0,0x0,0x0,0x2,0x0,
0x5,0x0,0x0,0x0,0x0,0x0,0x0,0x0,
0xbf,0x2,0x10,0x2,0xbf,0x2,0xb0,0x2,
0xb6,0x0,0x0,0x0,0x0,0x0,0xa,0x0,
0x25,0x0,0x0,0x0,0x0,0x0,0x0,0x0,
0xc0,0x2,0x10,0x2,0xc0,0x2,0x80,0x2,
0x0,0x0,0x0,0x0,0x0,0x0,0x0,0x0,
0x0,0x0,0x0,0x0,0x0,0x0,0xff,0xff,
0xff,0xff,0xff,0xff,0x0,0x0,0x0,0x0,
0x54,0x0,0x0,0x0,0x54,0x0,0x0,0x0,
0x54,0x0,0x0,0x0,0x0,0x0,0x0,0x0,
0x54,0x0,0x0,0x0,0x54,0x0,0x0,0x0,
0x0,0x0,0x1,0x0,0x54,0x0,0x0,0x0,
0x0,0x0,0x0,0x0,0x6c,0x0,0x0,0x0,
0xc0,0x2,0x10,0x2,0x0,0x0,0x0,0x0,
0x6c,0x0,0x0,0x0,0x0,0x0,0x0,0x0,
0x6c,0x0,0x0,0x0,0x0,0x0,0x0,0x0,
0xb7,0x0,0x0,0x0,0x0,0x0,0x7,0x0,
0x67,0x0,0x0,0x0,0x0,0x0,0x0,0x0,
0xc0,0x2,0x80,0x2,0xc0,0x2,0xe0,0x2,
0x0,0x0,0x0,0x0,0x16,0x0,0x0,0x0,
0xba,0x0,0x0,0x0,0x0,0x0,0xff,0xff,
0xff,0xff,0xff,0xff,0x0,0x0,0x0,0x0,
0x54,0x0,0x0,0x0,0x54,0x0,0x0,0x0,
0x54,0x0,0x0,0x0,0x0,0x0,0x0,0x0,
0x54,0x0,0x0,0x0,0x54,0x0,0x0,0x0,
0x0,0x0,0x9,0x0,0x54,0x0,0x0,0x0,
0x0,0x0,0x0,0x0,0x2c,0x1,0x0,0x0,
0xc6,0x2,0x10,0x1,0xc7,0x2,0x50,0x1,
0x2c,0x1,0x0,0x0,0x0,0x0,0x0,0x0,
0x2c,0x1,0x0,0x0,0x0,0x0,0x0,0x0,
0x1c,0x0,0x0,0x0,0x0,0x0,0x2,0x0,
0x20,0x0,0x0,0x0,0x0,0x0,0x0,0x0,
0xd3,0x2,0x50,0x1,0xd3,0x2,0x80,0x1,
0x7,0x0,0x0,0x0,0x0,0x0,0x7,0x0,
0x6a,0x0,0x0,0x0,0x0,0x0,0x0,0x0,
0xd2,0x2,0x50,0x1,0xd2,0x2,0x40,0x2,
0x44,0x0,0x0,0x0,0x0,0x0,0x7,0x0,
0x69,0x0,0x0,0x0,0x0,0x0,0x0,0x0,
0xcd,0x2,0x50,0x1,0xcd,0x2,0xe0,0x1,
0xab,0x0,0x0,0x0,0x0,0x0,0x2,0x0,
0x1f,0x0,0x0,0x0,0x0,0x0,0x0,0x0,
0xca,0x2,0x50,0x1,0xca,0x2,0xd0,0x1,
0x1a,0x0,0x0,0x0,0x0,0x0,0x3,0x0,
0x0,0x0,0x0,0x0,0xbb,0x0,0x0,0x0,
0xc9,0x2,0x50,0x1,0xc9,0x2,0xc0,0x1,
0x2d,0x0,0x0,0x0,0x0,0x0,0x7,0x0,
0x68,0x0,0x0,0x0,0x0,0x0,0x0,0x0,
0xc8,0x2,0x50,0x1,0xc8,0x2,0xd0,0x1,
0x0,0x0,0x0,0x0,0x0,0x0,0x8,0x0,
0x29,0x0,0x0,0x0,0x0,0x0,0x0,0x0,
0xd5,0x2,0x50,0x1,0xd5,0x2,0x50,0x1,
0x17,0x0,0x0,0x0,0x0,0x0,0xa,0x0,
0x28,0x0,0x0,0x0,0x0,0x0,0x0,0x0,
0xce,0x2,0x50,0x1,0xce,0x2,0xd0,0x1,
0xad,0x0,0x0,0x0,0x0,0x0,0xa,0x0,
0x27,0x0,0x0,0x0,0x0,0x0,0x0,0x0,
0xcb,0x2,0x50,0x1,0xcb,0x2,0xc0,0x1,
0x0,0x0,0x0,0x0,0x0,0x0,0x0,0x0,
0x0,0x0,0x0,0x0,0x0,0x0,0xff,0xff,
0xff,0xff,0xff,0xff,0x0,0x0,0x0,0x0,
0x54,0x0,0x0,0x0,0x54,0x0,0x0,0x0,
0x54,0x0,0x0,0x0,0x0,0x0,0x0,0x0,
0x54,0x0,0x0,0x0,0x54,0x0,0x0,0x0,
0x0,0x0,0x2,0x0,0x54,0x0,0x0,0x0,
0x0,0x0,0x0,0x0,0x84,0x0,0x0,0x0,
0xcb,0x2,0x50,0x1,0x0,0x0,0x0,0x0,
0x84,0x0,0x0,0x0,0x0,0x0,0x0,0x0,
0x84,0x0,0x0,0x0,0x0,0x0,0x0,0x0,
0x2b,0x0,0x0,0x0,0x0,0x0,0x2,0x0,
0x14,0x0,0x0,0x0,0x0,0x0,0x0,0x0,
0xcc,0x2,0xc0,0x1,0xcc,0x2,0x30,0x2,
0x1a,0x0,0x0,0x0,0x0,0x0,0x3,0x0,
0x0,0x0,0x0,0x0,0xbc,0x0,0x0,0x0,
0xcb,0x2,0xc0,0x1,0xcb,0x2,0x30,0x2,
0x0,0x0,0x0,0x0,0x0,0x0,0x0,0x0,
0x0,0x0,0x0,0x0,0x0,0x0,0xff,0xff,
0xff,0xff,0xff,0xff,0x0,0x0,0x0,0x0,
0x54,0x0,0x0,0x0,0x54,0x0,0x0,0x0,
0x54,0x0,0x0,0x0,0x0,0x0,0x0,0x0,
0x54,0x0,0x0,0x0,0x54,0x0,0x0,0x0,
0x0,0x0,0x4,0x0,0x54,0x0,0x0,0x0,
0x0,0x0,0x0,0x0,0xb4,0x0,0x0,0x0,
0xce,0x2,0x50,0x1,0x0,0x0,0x0,0x0,
0xb4,0x0,0x0,0x0,0x0,0x0,0x0,0x0,
0xb4,0x0,0x0,0x0,0x0,0x0,0x0,0x0,
0xa3,0x0,0x0,0x0,0x0,0x0,0x2,0x0,
0x12,0x0,0x0,0x0,0x0,0x0,0x0,0x0,
0xd1,0x2,0xd0,0x1,0xd1,0x2,0xa0,0x2,
0x47,0x0,0x0,0x0,0x0,0x0,0x7,0x0,
0x6c,0x0,0x0,0x0,0x0,0x0,0x0,0x0,
0xd0,0x2,0xd0,0x1,0xd0,0x2,0x40,0x2,
0x42,0x0,0x0,0x0,0x0,0x0,0x2,0x0,
0x12,0x0,0x0,0x0,0x0,0x0,0x0,0x0,
0xcf,0x2,0xd0,0x1,0xcf,0x2,0x80,0x2,
0x40,0x0,0x0,0x0,0x0,0x0,0x7,0x0,
0x6b,0x0,0x0,0x0,0x0,0x0,0x0,0x0,
0xce,0x2,0xd0,0x1,0xce,0x2,0x20,0x2,
0x0,0x0,0x0,0x0,0xbe,0x0,0x0,0x0,
0xbf,0x0,0x0,0x0,0x0,0x0,0xff,0xff,
0xff,0xff,0xff,0xff,0x0,0x0,0x0,0x0,
0x54,0x0,0x0,0x0,0x54,0x0,0x0,0x0,
0x54,0x0,0x0,0x0,0x0,0x0,0x0,0x0,
0x54,0x0,0x0,0x0,0x54,0x0,0x0,0x0,
0x0,0x0,0x4,0x0,0x54,0x0,0x0,0x0,
0x0,0x0,0x0,0x0,0xb4,0x0,0x0,0x0,
0xd5,0x2,0x50,0x1,0xd6,0x2,0x90,0x1,
0xb4,0x0,0x0,0x0,0x0,0x0,0x0,0x0,
0xb4,0x0,0x0,0x0,0x0,0x0,0x0,0x0,
0xc3,0x0,0x0,0x0,0x0,0x0,0x7,0x0,
0x6d,0x0,0x0,0x0,0x0,0x0,0x0,0x0,
0xda,0x2,0x90,0x1,0xda,0x2,0xf0,0x1,
0x1a,0x0,0x0,0x0,0x0,0x0,0x3,0x0,
0x0,0x0,0x0,0x0,0xc0,0x0,0x0,0x0,
0xd8,0x2,0x90,0x1,0xd8,0x2,0x0,0x2,
0xc1,0x0,0x0,0x0,0x0,0x0,0xa,0x0,
0x2b,0x0,0x0,0x0,0x0,0x0,0x0,0x0,
0xd9,0x2,0x90,0x1,0xd9,0x2,0xe0,0x1,
0x17,0x0,0x0,0x0,0x0,0x0,0xa,0x0,
0x2a,0x0,0x0,0x0,0x0,0x0,0x0,0x0,
0xd7,0x2,0x90,0x1,0xd7,0x2,0x10,0x2,
0x0,0x0,0x0,0x0,0x0,0x0,0x0,0x0,
0x0,0x0,0x0,0x0,0x0,0x0,0xff,0xff,
0xff,0xff,0xff,0xff,0x0,0x0,0x0,0x0,
0x54,0x0,0x0,0x0,0x54,0x0,0x0,0x0,
0x54,0x0,0x0,0x0,0x0,0x0,0x0,0x0,
0x54,0x0,0x0,0x0,0x54,0x0,0x0,0x0,
0x0,0x0,0x1,0x0,0x54,0x0,0x0,0x0,
0x0,0x0,0x0,0x0,0x6c,0x0,0x0,0x0,
0xd7,0x2,0x90,0x1,0x0,0x0,0x0,0x0,
0x6c,0x0,0x0,0x0,0x0,0x0,0x0,0x0,
0x6c,0x0,0x0,0x0,0x0,0x0,0x0,0x0,
0x2f,0x0,0x0,0x0,0x0,0x0,0x7,0x0,
0x6e,0x0,0x0,0x0,0x0,0x0,0x0,0x0,
0xd7,0x2,0x10,0x2,0xd7,0x2,0xb0,0x2,
0x0,0x0,0x0,0x0,0x0,0x0,0x0,0x0,
0x0,0x0,0x0,0x0,0x0,0x0,0xff,0xff,
0xff,0xff,0xff,0xff,0x0,0x0,0x0,0x0,
0x54,0x0,0x0,0x0,0x54,0x0,0x0,0x0,
0x54,0x0,0x0,0x0,0x0,0x0,0x0,0x0,
0x54,0x0,0x0,0x0,0x54,0x0,0x0,0x0,
0x0,0x0,0x1,0x0,0x54,0x0,0x0,0x0,
0x0,0x0,0x0,0x0,0x6c,0x0,0x0,0x0,
0xd9,0x2,0x90,0x1,0x0,0x0,0x0,0x0,
0x6c,0x0,0x0,0x0,0x0,0x0,0x0,0x0,
0x6c,0x0,0x0,0x0,0x0,0x0,0x0,0x0,
0xc2,0x0,0x0,0x0,0x0,0x0,0x2,0x0,
0x1f,0x0,0x0,0x0,0x0,0x0,0x0,0x0,
0xd9,0x2,0xe0,0x1,0xd9,0x2,0x90,0x2,
0x0,0x0,0x0,0x0,0xc5,0x0,0x0,0x0,
0xc6,0x0,0x0,0x0,0x0,0x0,0xff,0xff,
0xff,0xff,0xff,0xff,0x0,0x0,0x0,0x0,
0x54,0x0,0x0,0x0,0x54,0x0,0x0,0x0,
0x54,0x0,0x0,0x0,0x0,0x0,0x0,0x0,
0x54,0x0,0x0,0x0,0x54,0x0,0x0,0x0,
0x0,0x0,0x6,0x0,0x54,0x0,0x0,0x0,
0x0,0x0,0x0,0x0,0xe4,0x0,0x0,0x0,
0xde,0x2,0x10,0x1,0xdf,0x2,0x50,0x1,
0xe4,0x0,0x0,0x0,0x0,0x0,0x0,0x0,
0xe4,0x0,0x0,0x0,0x0,0x0,0x0,0x0,
0xce,0x0,0x0,0x0,0x0,0x0,0x7,0x0,
0x72,0x0,0x0,0x0,0x0,0x0,0x0,0x0,
0xeb,0x2,0x50,0x1,0xeb,0x2,0xf0,0x1,
0xcc,0x0,0x0,0x0,0x0,0x0,0x7,0x0,
0x71,0x0,0x0,0x0,0x0,0x0,0x0,0x0,
0xe7,0x2,0x50,0x1,0xe7,0x2,0x0,0x2,
0xca,0x0,0x0,0x0,0x0,0x0,0x7,0x0,
0x70,0x0,0x0,0x0,0x0,0x0,0x0,0x0,
0xe3,0x2,0x50,0x1,0xe3,0x2,0x80,0x2,
0xc8,0x0,0x0,0x0,0x0,0x0,0x7,0x0,
0x6f,0x0,0x0,0x0,0x0,0x0,0x0,0x0,
0xe2,0x2,0x50,0x1,0xe2,0x2,0x60,0x2,
0xc7,0x0,0x0,0x0,0x0,0x0,0x1,0x0,
0x1,0x0,0x0,0x0,0x0,0x0,0x0,0x0,
0xe1,0x2,0x50,0x1,0xe1,0x2,0x30,0x2,
0x17,0x0,0x0,0x0,0x0,0x0,0xa,0x0,
0x2d,0x0,0x0,0x0,0x0,0x0,0x0,0x0,
0xe0,0x2,0x50,0x1,0xe0,0x2,0xd0,0x1,
0x0,0x0,0x0,0x0,0x0,0x0,0x0,0x0,
0x0,0x0,0x0,0x0,0x0,0x0,0xff,0xff,
0xff,0xff,0xff,0xff,0x0,0x0,0x0,0x0,
0x54,0x0,0x0,0x0,0x54,0x0,0x0,0x0,
0x54,0x0,0x0,0x0,0x0,0x0,0x0,0x0,
0x54,0x0,0x0,0x0,0x54,0x0,0x0,0x0,
0x0,0x0,0x1,0x0,0x54,0x0,0x0,0x0,
0x0,0x0,0x0,0x0,0x6c,0x0,0x0,0x0,
0xe0,0x2,0x50,0x1,0x0,0x0,0x0,0x0,
0x6c,0x0,0x0,0x0,0x0,0x0,0x0,0x0,
0x6c,0x0,0x0,0x0,0x0,0x0,0x0,0x0,
0x18,0x0,0x0,0x0,0x0,0x0,0x7,0x0,
0x73,0x0,0x0,0x0,0x0,0x0,0x0,0x0,
0xe0,0x2,0xd0,0x1,0xe0,0x2,0x30,0x2,
0x0,0x0,0x0,0x0,0x75,0x0,0x0,0x0,
0xd0,0x0,0x0,0x0,0x0,0x0,0xff,0xff,
0xff,0xff,0xff,0xff,0x0,0x0,0x0,0x0,
0x54,0x0,0x0,0x0,0x54,0x0,0x0,0x0,
0x54,0x0,0x0,0x0,0x0,0x0,0x0,0x0,
0x54,0x0,0x0,0x0,0x54,0x0,0x0,0x0,
0x0,0x0,0x3,0x0,0x54,0x0,0x0,0x0,
0x0,0x0,0x0,0x0,0x9c,0x0,0x0,0x0,
0xf1,0x2,0x10,0x1,0xf2,0x2,0x50,0x1,
0x9c,0x0,0x0,0x0,0x0,0x0,0x0,0x0,
0x9c,0x0,0x0,0x0,0x0,0x0,0x0,0x0,
0x7a,0x0,0x0,0x0,0x0,0x0,0x7,0x0,
0x74,0x0,0x0,0x0,0x0,0x0,0x0,0x0,
0xf5,0x2,0x50,0x1,0xf5,0x2,0x20,0x2,
0x78,0x0,0x0,0x0,0x0,0x0,0x1,0x0,
0x0,0x0,0x0,0x0,0x0,0x0,0x0,0x0,
0xf4,0x2,0x50,0x1,0xf4,0x2,0xd0,0x1,
0x77,0x0,0x0,0x0,0x0,0x0,0x2,0x0,
0x21,0x0,0x0,0x0,0x0,0x0,0x0,0x0,
0xf3,0x2,0x50,0x1,0xf3,0x2,0xf0,0x1,
0x0,0x0,0x0,0x0,0x75,0x0,0x0,0x0,
0xd1,0x0,0x0,0x0,0x0,0x0,0xff,0xff,
0xff,0xff,0xff,0xff,0x0,0x0,0x0,0x0,
0x54,0x0,0x0,0x0,0x54,0x0,0x0,0x0,
0x54,0x0,0x0,0x0,0x0,0x0,0x0,0x0,
0x54,0x0,0x0,0x0,0x54,0x0,0x0,0x0,
0x0,0x0,0x3,0x0,0x54,0x0,0x0,0x0,
0x0,0x0,0x0,0x0,0x9c,0x0,0x0,0x0,
0x0,0x3,0x10,0x1,0x1,0x3,0x50,0x1,
0x9c,0x0,0x0,0x0,0x0,0x0,0x0,0x0,
0x9c,0x0,0x0,0x0,0x0,0x0,0x0,0x0,
0x7a,0x0,0x0,0x0,0x0,0x0,0x7,0x0,
0x75,0x0,0x0,0x0,0x0,0x0,0x0,0x0,
0x4,0x3,0x50,0x1,0x4,0x3,0x20,0x2,
0x78,0x0,0x0,0x0,0x0,0x0,0x1,0x0,
0x0,0x0,0x0,0x0,0x0,0x0,0x0,0x0,
0x3,0x3,0x50,0x1,0x3,0x3,0xd0,0x1,
0x77,0x0,0x0,0x0,0x0,0x0,0x2,0x0,
0x22,0x0,0x0,0x0,0x0,0x0,0x0,0x0,
0x2,0x3,0x50,0x1,0x2,0x3,0xf0,0x1,
0x0,0x0,0x0,0x0,0x5,0x0,0x0,0x0,
0xd2,0x0,0x0,0x0,0x0,0x0,0xff,0xff,
0xff,0xff,0xff,0xff,0x0,0x0,0x3,0x0,
0x54,0x0,0x0,0x0,0x54,0x0,0x0,0x0,
0x78,0x0,0x0,0x0,0x0,0x0,0x0,0x0,
0x78,0x0,0x0,0x0,0x78,0x0,0x0,0x0,
0x0,0x0,0x9,0x0,0x78,0x0,0x0,0x0,
0x0,0x0,0x0,0x0,0x50,0x1,0x0,0x0,
0xb,0x3,0x90,0x0,0xc,0x3,0xd0,0x0,
0x50,0x1,0x0,0x0,0x0,0x0,0x0,0x0,
0x50,0x1,0x0,0x0,0x0,0x0,0x0,0x0,
0xd3,0x0,0x0,0x0,0x4,0x0,0x0,0x20,
0xe,0x3,0xd0,0x0,0xd5,0x0,0x0,0x0,
0x4,0x0,0x0,0x20,0xf,0x3,0xd0,0x0,
0xd7,0x0,0x0,0x0,0x2,0x0,0x0,0x20,
0x10,0x3,0xd0,0x0,0x44,0x0,0x0,0x0,
0x0,0x0,0x7,0x0,0x7c,0x0,0x0,0x0,
0x0,0x0,0x0,0x0,0x15,0x3,0xd0,0x0,
0x15,0x3,0x60,0x1,0x2b,0x0,0x0,0x0,
0x0,0x0,0x7,0x0,0x7b,0x0,0x0,0x0,
0x0,0x0,0x0,0x0,0x14,0x3,0xd0,0x0,
0x14,0x3,0x40,0x1,0x2d,0x0,0x0,0x0,
0x0,0x0,0x7,0x0,0x7a,0x0,0x0,0x0,
0x0,0x0,0x0,0x0,0x13,0x3,0xd0,0x0,
0x13,0x3,0x50,0x1,0x7f,0x0,0x0,0x0,
0x0,0x0,0x7,0x0,0x79,0x0,0x0,0x0,
0x0,0x0,0x0,0x0,0x12,0x3,0xd0,0x0,
0x12,0x3,0x0,0x1,0x81,0x0,0x0,0x0,
0x0,0x0,0x7,0x0,0x78,0x0,0x0,0x0,
0x0,0x0,0x0,0x0,0x11,0x3,0xd0,0x0,
0x11,0x3,0x0,0x1,0xd7,0x0,0x0,0x0,
0x0,0x0,0x2,0x0,0x23,0x0,0x0,0x0,
0x0,0x0,0x0,0x0,0x10,0x3,0xa0,0x1,
0x10,0x3,0x70,0x2,0xd5,0x0,0x0,0x0,
0x0,0x0,0x7,0x0,0x77,0x0,0x0,0x0,
0x0,0x0,0x0,0x0,0xf,0x3,0xb0,0x1,
0xf,0x3,0x90,0x2,0xd3,0x0,0x0,0x0,
0x0,0x0,0x7,0x0,0x76,0x0,0x0,0x0,
0x0,0x0,0x0,0x0,0xe,0x3,0xb0,0x1,
0xe,0x3,0xa0,0x2,0x0,0x0,0x0,0x0,
0x0,0x0,0x8,0x0,0x31,0x0,0x0,0x0,
0x0,0x0,0x0,0x0,0x16,0x3,0xd0,0x0,
0x16,0x3,0xd0,0x0,0xd8,0x0,0x0,0x0,
0xd9,0x0,0x0,0x0,0x0,0x0,0xff,0xff,
0xff,0xff,0xff,0xff,0x0,0x0,0x0,0x0,
0x54,0x0,0x0,0x0,0x54,0x0,0x0,0x0,
0x54,0x0,0x0,0x0,0x0,0x0,0x0,0x0,
0x54,0x0,0x0,0x0,0x54,0x0,0x0,0x0,
0x0,0x0,0x3,0x0,0x54,0x0,0x0,0x0,
0x0,0x0,0x0,0x0,0x9c,0x0,0x0,0x0,
0x16,0x3,0xd0,0x0,0x17,0x3,0x10,0x1,
0x9c,0x0,0x0,0x0,0x0,0x0,0x0,0x0,
0x9c,0x0,0x0,0x0,0x0,0x0,0x0,0x0,
0xda,0x0,0x0,0x0,0x0,0x0,0x2,0x0,
0x17,0x0,0x0,0x0,0x0,0x0,0x0,0x0,
0x1a,0x3,0x10,0x1,0x1a,0x3,0xa0,0x1,
0x0,0x0,0x0,0x0,0x0,0x0,0x8,0x0,
0x33,0x0,0x0,0x0,0x0,0x0,0x0,0x0,
0x1b,0x3,0x10,0x1,0x1b,0x3,0x10,0x1,
0x17,0x0,0x0,0x0,0x0,0x0,0xa,0x0,
0x32,0x0,0x0,0x0,0x0,0x0,0x0,0x0,
0x18,0x3,0x10,0x1,0x18,0x3,0x90,0x1,
0x0,0x0,0x0,0x0,0x0,0x0,0x0,0x0,
0x0,0x0,0x0,0x0,0x0,0x0,0xff,0xff,
0xff,0xff,0xff,0xff,0x0,0x0,0x0,0x0,
0x54,0x0,0x0,0x0,0x54,0x0,0x0,0x0,
0x54,0x0,0x0,0x0,0x0,0x0,0x0,0x0,
0x54,0x0,0x0,0x0,0x54,0x0,0x0,0x0,
0x0,0x0,0x2,0x0,0x54,0x0,0x0,0x0,
0x0,0x0,0x0,0x0,0x84,0x0,0x0,0x0,
0x18,0x3,0x10,0x1,0x0,0x0,0x0,0x0,
0x84,0x0,0x0,0x0,0x0,0x0,0x0,0x0,
0x84,0x0,0x0,0x0,0x0,0x0,0x0,0x0,
0x47,0x0,0x0,0x0,0x0,0x0,0x7,0x0,
0x7e,0x0,0x0,0x0,0x0,0x0,0x0,0x0,
0x19,0x3,0x90,0x1,0x19,0x3,0x0,0x2,
0x49,0x0,0x0,0x0,0x0,0x0,0x7,0x0,
0x7d,0x0,0x0,0x0,0x0,0x0,0x0,0x0,
0x18,0x3,0x90,0x1,0x18,0x3,0x10,0x2,
0x0,0x0,0x0,0x0,0xa7,0x0,0x0,0x0,
0x0,0x0,0x0,0x0,0x0,0x0,0xff,0xff,
0xff,0xff,0xff,0xff,0x0,0x0,0x0,0x0,
0x54,0x0,0x0,0x0,0x54,0x0,0x0,0x0,
0x54,0x0,0x0,0x0,0x0,0x0,0x0,0x0,
0x54,0x0,0x0,0x0,0x54,0x0,0x0,0x0,
0x0,0x0,0x2,0x0,0x54,0x0,0x0,0x0,
0x0,0x0,0x0,0x0,0x84,0x0,0x0,0x0,
0x1b,0x3,0x10,0x1,0x0,0x0,0x0,0x0,
0x84,0x0,0x0,0x0,0x0,0x0,0x0,0x0,
0x84,0x0,0x0,0x0,0x0,0x0,0x0,0x0,
0xb9,0x0,0x0,0x0,0x0,0x0,0x8,0x0,
0x34,0x0,0x0,0x0,0x0,0x0,0x0,0x0,
0x1d,0x3,0x50,0x1,0x1d,0x3,0xf0,0x1,
0xa9,0x0,0x0,0x0,0x0,0x0,0x2,0x0,
0x11,0x0,0x0,0x0,0x0,0x0,0x0,0x0,
0x1c,0x3,0x50,0x1,0x1c,0x3,0xc0,0x1,
0x0,0x0,0x0,0x0,0xdb,0x0,0x0,0x0,
0x0,0x0,0x0,0x0,0x0,0x0,0xff,0xff,
0xff,0xff,0xff,0xff,0x0,0x0,0x2,0x0,
0x54,0x0,0x0,0x0,0x54,0x0,0x0,0x0,
0x6c,0x0,0x0,0x0,0x0,0x0,0x0,0x0,
0x6c,0x0,0x0,0x0,0x6c,0x0,0x0,0x0,
0x0,0x0,0x5,0x0,0x6c,0x0,0x0,0x0,
0x0,0x0,0x0,0x0,0xe4,0x0,0x0,0x0,
0x1d,0x3,0xf0,0x1,0x0,0x0,0x0,0x0,
0xe4,0x0,0x0,0x0,0x0,0x0,0x0,0x0,
0xe4,0x0,0x0,0x0,0x0,0x0,0x0,0x0,
0xdc,0x0,0x0,0x0,0x4,0x0,0x0,0x20,
0x20,0x3,0x90,0x1,0xde,0x0,0x0,0x0,
0x4,0x0,0x0,0x20,0x23,0x3,0x90,0x1,
0xde,0x0,0x0,0x0,0x0,0x0,0x7,0x0,
0x80,0x0,0x0,0x0,0x0,0x0,0x0,0x0,
0x23,0x3,0x70,0x2,0x23,0x3,0x50,0x3,
0xdc,0x0,0x0,0x0,0x0,0x0,0x7,0x0,
0x7f,0x0,0x0,0x0,0x0,0x0,0x0,0x0,
0x20,0x3,0x70,0x2,0x20,0x3,0xe0,0x2,
0x2b,0x0,0x0,0x0,0x0,0x0,0x2,0x0,
0x24,0x0,0x0,0x0,0x0,0x0,0x0,0x0,
0x1f,0x3,0x90,0x1,0x1f,0x3,0x0,0x2,
0xda,0x0,0x0,0x0,0x0,0x0,0x2,0x0,
0x17,0x0,0x0,0x0,0x0,0x0,0x0,0x0,
0x1e,0x3,0x90,0x1,0x1e,0x3,0x20,0x2,
0x0,0x0,0x0,0x0,0x0,0x0,0x8,0x0,
0x35,0x0,0x0,0x0,0x0,0x0,0x0,0x0,
0x24,0x3,0x90,0x1,0x24,0x3,0x90,0x1,
0x0,0x0,0x0,0x0,0x16,0x0,0x0,0x0,
0x0,0x0,0x0,0x0,0x0,0x0,0xff,0xff,
0xff,0xff,0xff,0xff,0x0,0x0,0x0,0x0,
0x54,0x0,0x0,0x0,0x54,0x0,0x0,0x0,
0x54,0x0,0x0,0x0,0x0,0x0,0x0,0x0,
0x54,0x0,0x0,0x0,0x54,0x0,0x0,0x0,
0x0,0x0,0x6,0x0,0x54,0x0,0x0,0x0,
0x0,0x0,0x0,0x0,0xe4,0x0,0x0,0x0,
0x24,0x3,0x90,0x1,0x0,0x0,0x0,0x0,
0xe4,0x0,0x0,0x0,0x0,0x0,0x0,0x0,
0xe4,0x0,0x0,0x0,0x0,0x0,0x0,0x0,
0x1a,0x0,0x0,0x0,0x0,0x0,0x3,0x0,
0x0,0x0,0x0,0x0,0xe0,0x0,0x0,0x0,
0x28,0x3,0xd0,0x1,0x28,0x3,0x40,0x2,
0xab,0x0,0x0,0x0,0x0,0x0,0x2,0x0,
0x20,0x0,0x0,0x0,0x0,0x0,0x0,0x0,
0x27,0x3,0xd0,0x1,0x27,0x3,0x50,0x2,
0x2d,0x0,0x0,0x0,0x0,0x0,0x7,0x0,
0x81,0x0,0x0,0x0,0x0,0x0,0x0,0x0,
0x26,0x3,0xd0,0x1,0x26,0x3,0x50,0x2,
0x2b,0x0,0x0,0x0,0x0,0x0,0x2,0x0,
0x25,0x0,0x0,0x0,0x0,0x0,0x0,0x0,
0x25,0x3,0xd0,0x1,0x25,0x3,0x40,0x2,
0x0,0x0,0x0,0x0,0x0,0x0,0x8,0x0,
0x37,0x0,0x0,0x0,0x0,0x0,0x0,0x0,
0x2b,0x3,0xd0,0x1,0x2b,0x3,0xd0,0x1,
0xad,0x0,0x0,0x0,0x0,0x0,0xa,0x0,
0x36,0x0,0x0,0x0,0x0,0x0,0x0,0x0,
0x29,0x3,0xd0,0x1,0x29,0x3,0x40,0x2,
0x0,0x0,0x0,0x0,0x0,0x0,0x0,0x0,
0x0,0x0,0x0,0x0,0x0,0x0,0xff,0xff,
0xff,0xff,0xff,0xff,0x0,0x0,0x0,0x0,
0x54,0x0,0x0,0x0,0x54,0x0,0x0,0x0,
0x54,0x0,0x0,0x0,0x0,0x0,0x0,0x0,
0x54,0x0,0x0,0x0,0x54,0x0,0x0,0x0,
0x0,0x0,0x2,0x0,0x54,0x0,0x0,0x0,
0x0,0x0,0x0,0x0,0x84,0x0,0x0,0x0,
0x29,0x3,0xd0,0x1,0x0,0x0,0x0,0x0,
0x84,0x0,0x0,0x0,0x0,0x0,0x0,0x0,
0x84,0x0,0x0,0x0,0x0,0x0,0x0,0x0,
0x2b,0x0,0x0,0x0,0x0,0x0,0x2,0x0,
0x14,0x0,0x0,0x0,0x0,0x0,0x0,0x0,
0x2a,0x3,0x40,0x2,0x2a,0x3,0xb0,0x2,
0x1a,0x0,0x0,0x0,0x0,0x0,0x3,0x0,
0x0,0x0,0x0,0x0,0xe1,0x0,0x0,0x0,
0x29,0x3,0x40,0x2,0x29,0x3,0xb0,0x2,
0x0,0x0,0x0,0x0,0x16,0x0,0x0,0x0,
0x0,0x0,0x0,0x0,0x0,0x0,0xff,0xff,
0xff,0xff,0xff,0xff,0x0,0x0,0x0,0x0,
0x54,0x0,0x0,0x0,0x54,0x0,0x0,0x0,
0x54,0x0,0x0,0x0,0x0,0x0,0x0,0x0,
0x54,0x0,0x0,0x0,0x54,0x0,0x0,0x0,
0x0,0x0,0x4,0x0,0x54,0x0,0x0,0x0,
0x0,0x0,0x0,0x0,0xb4,0x0,0x0,0x0,
0x2b,0x3,0xd0,0x1,0x0,0x0,0x0,0x0,
0xb4,0x0,0x0,0x0,0x0,0x0,0x0,0x0,
0xb4,0x0,0x0,0x0,0x0,0x0,0x0,0x0,
0x1a,0x0,0x0,0x0,0x0,0x0,0x7,0x0,
0x83,0x0,0x0,0x0,0x0,0x0,0x0,0x0,
0x31,0x3,0x10,0x2,0x31,0x3,0x80,0x2,
0xab,0x0,0x0,0x0,0x0,0x0,0x2,0x0,
0x1b,0x0,0x0,0x0,0x0,0x0,0x0,0x0,
0x30,0x3,0x10,0x2,0x30,0x3,0x90,0x2,
0x2d,0x0,0x0,0x0,0x0,0x0,0x7,0x0,
0x82,0x0,0x0,0x0,0x0,0x0,0x0,0x0,
0x2f,0x3,0x10,0x2,0x2f,0x3,0x90,0x2,
0x17,0x0,0x0,0x0,0x0,0x0,0xa,0x0,
0x38,0x0,0x0,0x0,0x0,0x0,0x0,0x0,
0x2c,0x3,0x10,0x2,0x2c,0x3,0x90,0x2,
0x0,0x0,0x0,0x0,0x0,0x0,0x0,0x0,
0x0,0x0,0x0,0x0,0x0,0x0,0xff,0xff,
0xff,0xff,0xff,0xff,0x0,0x0,0x0,0x0,
0x54,0x0,0x0,0x0,0x54,0x0,0x0,0x0,
0x54,0x0,0x0,0x0,0x0,0x0,0x0,0x0,
0x54,0x0,0x0,0x0,0x54,0x0,0x0,0x0,
0x0,0x0,0x3,0x0,0x54,0x0,0x0,0x0,
0x0,0x0,0x0,0x0,0x9c,0x0,0x0,0x0,
0x2c,0x3,0x10,0x2,0x0,0x0,0x0,0x0,
0x9c,0x0,0x0,0x0,0x0,0x0,0x0,0x0,
0x9c,0x0,0x0,0x0,0x0,0x0,0x0,0x0,
0x49,0x0,0x0,0x0,0x0,0x0,0x7,0x0,
0x86,0x0,0x0,0x0,0x0,0x0,0x0,0x0,
0x2e,0x3,0x90,0x2,0x2e,0x3,0x10,0x3,
0x47,0x0,0x0,0x0,0x0,0x0,0x7,0x0,
0x85,0x0,0x0,0x0,0x0,0x0,0x0,0x0,
0x2d,0x3,0x90,0x2,0x2d,0x3,0x0,0x3,
0x3d,0x0,0x0,0x0,0x0,0x0,0x7,0x0,
0x84,0x0,0x0,0x0,0x0,0x0,0x0,0x0,
0x2c,0x3,0x90,0x2,0x2c,0x3,0xf0,0x2,
0x0,0x0,0x0,0x0,0xdb,0x0,0x0,0x0,
0xe2,0x0,0x0,0x0,0x0,0x0,0xff,0xff,
0xff,0xff,0xff,0xff,0x0,0x0,0x0,0x0,
0x54,0x0,0x0,0x0,0x54,0x0,0x0,0x0,
0x54,0x0,0x0,0x0,0x0,0x0,0x0,0x0,
0x54,0x0,0x0,0x0,0x54,0x0,0x0,0x0,
0x0,0x0,0x5,0x0,0x54,0x0,0x0,0x0,
0x0,0x0,0x0,0x0,0xcc,0x0,0x0,0x0,
0x3a,0x3,0x90,0x0,0x3b,0x3,0xd0,0x0,
0xcc,0x0,0x0,0x0,0x0,0x0,0x0,0x0,
0xcc,0x0,0x0,0x0,0x0,0x0,0x0,0x0,
0x1c,0x0,0x0,0x0,0x0,0x0,0x2,0x0,
0x25,0x0,0x0,0x0,0x0,0x0,0x0,0x0,
0x41,0x3,0xd0,0x0,0x41,0x3,0x0,0x1,
0x44,0x0,0x0,0x0,0x0,0x0,0x7,0x0,
0x87,0x0,0x0,0x0,0x0,0x0,0x0,0x0,
0x40,0x3,0xd0,0x0,0x40,0x3,0x60,0x1,
0xda,0x0,0x0,0x0,0x0,0x0,0x2,0x0,
0x14,0x0,0x0,0x0,0x0,0x0,0x0,0x0,
0x3c,0x3,0xd0,0x0,0x3c,0x3,0x60,0x1,
0x0,0x0,0x0,0x0,0x0,0x0,0x8,0x0,
0x3b,0x0,0x0,0x0,0x0,0x0,0x0,0x0,
0x43,0x3,0xd0,0x0,0x43,0x3,0xd0,0x0,
0x17,0x0,0x0,0x0,0x0,0x0,0xa,0x0,
0x3a,0x0,0x0,0x0,0x0,0x0,0x0,0x0,
0x3d,0x3,0xd0,0x0,0x3d,0x3,0x50,0x1,
0x0,0x0,0x0,0x0,0x0,0x0,0x0,0x0,
0x0,0x0,0x0,0x0,0x0,0x0,0xff,0xff,
0xff,0xff,0xff,0xff,0x0,0x0,0x0,0x0,
0x54,0x0,0x0,0x0,0x54,0x0,0x0,0x0,
0x54,0x0,0x0,0x0,0x0,0x0,0x0,0x0,
0x54,0x0,0x0,0x0,0x54,0x0,0x0,0x0,
0x0,0x0,0x3,0x0,0x54,0x0,0x0,0x0,
0x0,0x0,0x0,0x0,0x9c,0x0,0x0,0x0,
0x3d,0x3,0xd0,0x0,0x0,0x0,0x0,0x0,
0x9c,0x0,0x0,0x0,0x0,0x0,0x0,0x0,
0x9c,0x0,0x0,0x0,0x0,0x0,0x0,0x0,
0x49,0x0,0x0,0x0,0x0,0x0,0x7,0x0,
0x89,0x0,0x0,0x0,0x0,0x0,0x0,0x0,
0x3f,0x3,0x50,0x1,0x3f,0x3,0xd0,0x1,
0xa3,0x0,0x0,0x0,0x0,0x0,0x2,0x0,
0x25,0x0,0x0,0x0,0x0,0x0,0x0,0x0,
0x3e,0x3,0x50,0x1,0x3e,0x3,0x20,0x2,
0x47,0x0,0x0,0x0,0x0,0x0,0x7,0x0,
0x88,0x0,0x0,0x0,0x0,0x0,0x0,0x0,
0x3d,0x3,0x50,0x1,0x3d,0x3,0xc0,0x1,
0x0,0x0,0x0,0x0,0xa7,0x0,0x0,0x0,
0x0,0x0,0x0,0x0,0x0,0x0,0xff,0xff,
0xff,0xff,0xff,0xff,0x0,0x0,0x0,0x0,
0x54,0x0,0x0,0x0,0x54,0x0,0x0,0x0,
0x54,0x0,0x0,0x0,0x0,0x0,0x0,0x0,
0x54,0x0,0x0,0x0,0x54,0x0,0x0,0x0,
0x0,0x0,0x2,0x0,0x54,0x0,0x0,0x0,
0x0,0x0,0x0,0x0,0x84,0x0,0x0,0x0,
0x43,0x3,0xd0,0x0,0x0,0x0,0x0,0x0,
0x84,0x0,0x0,0x0,0x0,0x0,0x0,0x0,
0x84,0x0,0x0,0x0,0x0,0x0,0x0,0x0,
0xb9,0x0,0x0,0x0,0x0,0x0,0x8,0x0,
0x3c,0x0,0x0,0x0,0x0,0x0,0x0,0x0,
0x45,0x3,0x10,0x1,0x45,0x3,0xb0,0x1,
0xa9,0x0,0x0,0x0,0x0,0x0,0x7,0x0,
0x8a,0x0,0x0,0x0,0x0,0x0,0x0,0x0,
0x44,0x3,0x10,0x1,0x44,0x3,0x80,0x1,
0x0,0x0,0x0,0x0,0xd8,0x0,0x0,0x0,
0x0,0x0,0x0,0x0,0x0,0x0,0xff,0xff,
0xff,0xff,0xff,0xff,0x0,0x0,0x2,0x0,
0x54,0x0,0x0,0x0,0x54,0x0,0x0,0x0,
0x6c,0x0,0x0,0x0,0x0,0x0,0x0,0x0,
0x6c,0x0,0x0,0x0,0x6c,0x0,0x0,0x0,
0x0,0x0,0x5,0x0,0x6c,0x0,0x0,0x0,
0x0,0x0,0x0,0x0,0xe4,0x0,0x0,0x0,
0x45,0x3,0xb0,0x1,0x0,0x0,0x0,0x0,
0xe4,0x0,0x0,0x0,0x0,0x0,0x0,0x0,
0xe4,0x0,0x0,0x0,0x0,0x0,0x0,0x0,
0x83,0x0,0x0,0x0,0x2,0x0,0x0,0x20,
0x47,0x3,0x50,0x1,0xe4,0x0,0x0,0x0,
0x5,0x0,0x0,0x20,0x48,0x3,0x50,0x1,
0xe4,0x0,0x0,0x0,0x0,0x0,0x7,0x0,
0x8c,0x0,0x0,0x0,0x0,0x0,0x0,0x0,
0x48,0x3,0x50,0x2,0x48,0x3,0x20,0x3,
0x83,0x0,0x0,0x0,0x0,0x0,0x7,0x0,
0x8b,0x0,0x0,0x0,0x0,0x0,0x0,0x0,
0x47,0x3,0x20,0x2,0x47,0x3,0xf0,0x2,
0xda,0x0,0x0,0x0,0x0,0x0,0x2,0x0,
0x1b,0x0,0x0,0x0,0x0,0x0,0x0,0x0,
0x46,0x3,0x50,0x1,0x46,0x3,0xe0,0x1,
0x0,0x0,0x0,0x0,0x0,0x0,0x8,0x0,
0x3d,0x0,0x0,0x0,0x0,0x0,0x0,0x0,
0x4a,0x3,0x50,0x1,0x4a,0x3,0x50,0x1,
0x0,0x0,0x0,0x0,0x0,0x0,0x8,0x0,
0x3f,0x0,0x0,0x0,0x0,0x0,0x0,0x0,
0x50,0x3,0x50,0x1,0x50,0x3,0x50,0x1,
0x0,0x0,0x0,0x0,0xe6,0x0,0x0,0x0,
0x0,0x0,0x0,0x0,0x0,0x0,0xff,0xff,
0xff,0xff,0xff,0xff,0x0,0x0,0x0,0x0,
0x54,0x0,0x0,0x0,0x54,0x0,0x0,0x0,
0x54,0x0,0x0,0x0,0x0,0x0,0x0,0x0,
0x54,0x0,0x0,0x0,0x54,0x0,0x0,0x0,
0x0,0x0,0x4,0x0,0x54,0x0,0x0,0x0,
0x0,0x0,0x0,0x0,0xb4,0x0,0x0,0x0,
0x4a,0x3,0x50,0x1,0x0,0x0,0x0,0x0,
0xb4,0x0,0x0,0x0,0x0,0x0,0x0,0x0,
0xb4,0x0,0x0,0x0,0x0,0x0,0x0,0x0,
0x2b,0x0,0x0,0x0,0x0,0x0,0x2,0x0,
0x25,0x0,0x0,0x0,0x0,0x0,0x0,0x0,
0x4e,0x3,0x90,0x1,0x4e,0x3,0x0,0x2,
0x1a,0x0,0x0,0x0,0x0,0x0,0x3,0x0,
0x0,0x0,0x0,0x0,0xe7,0x0,0x0,0x0,
0x4d,0x3,0x90,0x1,0x4d,0x3,0x0,0x2,
0xc3,0x0,0x0,0x0,0x0,0x0,0x7,0x0,
0x8d,0x0,0x0,0x0,0x0,0x0,0x0,0x0,
0x4b,0x3,0x90,0x1,0x4b,0x3,0xf0,0x1,
0xc1,0x0,0x0,0x0,0x0,0x0,0xa,0x0,
0x3e,0x0,0x0,0x0,0x0,0x0,0x0,0x0,
0x4c,0x3,0x90,0x1,0x4c,0x3,0xe0,0x1,
0x0,0x0,0x0,0x0,0x0,0x0,0x0,0x0,
0x0,0x0,0x0,0x0,0x0,0x0,0xff,0xff,
0xff,0xff,0xff,0xff,0x0,0x0,0x0,0x0,
0x54,0x0,0x0,0x0,0x54,0x0,0x0,0x0,
0x54,0x0,0x0,0x0,0x0,0x0,0x0,0x0,
0x54,0x0,0x0,0x0,0x54,0x0,0x0,0x0,
0x0,0x0,0x1,0x0,0x54,0x0,0x0,0x0,
0x0,0x0,0x0,0x0,0x6c,0x0,0x0,0x0,
0x4c,0x3,0x90,0x1,0x0,0x0,0x0,0x0,
0x6c,0x0,0x0,0x0,0x0,0x0,0x0,0x0,
0x6c,0x0,0x0,0x0,0x0,0x0,0x0,0x0,
0xc2,0x0,0x0,0x0,0x0,0x0,0x2,0x0,
0x26,0x0,0x0,0x0,0x0,0x0,0x0,0x0,
0x4c,0x3,0xe0,0x1,0x4c,0x3,0x90,0x2,
0x0,0x0,0x0,0x0,0xe6,0x0,0x0,0x0,
0x0,0x0,0x0,0x0,0x0,0x0,0xff,0xff,
0xff,0xff,0xff,0xff,0x0,0x0,0x0,0x0,
0x54,0x0,0x0,0x0,0x54,0x0,0x0,0x0,
0x54,0x0,0x0,0x0,0x0,0x0,0x0,0x0,
0x54,0x0,0x0,0x0,0x54,0x0,0x0,0x0,
0x0,0x0,0x3,0x0,0x54,0x0,0x0,0x0,
0x0,0x0,0x0,0x0,0x9c,0x0,0x0,0x0,
0x50,0x3,0x50,0x1,0x0,0x0,0x0,0x0,
0x9c,0x0,0x0,0x0,0x0,0x0,0x0,0x0,
0x9c,0x0,0x0,0x0,0x0,0x0,0x0,0x0,
0x1a,0x0,0x0,0x0,0x0,0x0,0x3,0x0,
0x0,0x0,0x0,0x0,0xea,0x0,0x0,0x0,
0x5a,0x3,0x90,0x1,0x5a,0x3,0x0,0x2,
0xc3,0x0,0x0,0x0,0x0,0x0,0x7,0x0,
0x8e,0x0,0x0,0x0,0x0,0x0,0x0,0x0,
0x51,0x3,0x90,0x1,0x51,0x3,0xf0,0x1,
0xc1,0x0,0x0,0x0,0x0,0x0,0xa,0x0,
0x40,0x0,0x0,0x0,0x0,0x0,0x0,0x0,
0x58,0x3,0x90,0x1,0x58,0x3,0xe0,0x1,
0x0,0x0,0x0,0x0,0x0,0x0,0x0,0x0,
0x0,0x0,0x0,0x0,0x0,0x0,0xff,0xff,
0xff,0xff,0xff,0xff,0x0,0x0,0x0,0x0,
0x54,0x0,0x0,0x0,0x54,0x0,0x0,0x0,
0x54,0x0,0x0,0x0,0x0,0x0,0x0,0x0,
0x54,0x0,0x0,0x0,0x54,0x0,0x0,0x0,
0x0,0x0,0x2,0x0,0x54,0x0,0x0,0x0,
0x0,0x0,0x0,0x0,0x84,0x0,0x0,0x0,
0x58,0x3,0x90,0x1,0x0,0x0,0x0,0x0,
0x84,0x0,0x0,0x0,0x0,0x0,0x0,0x0,
0x84,0x0,0x0,0x0,0x0,0x0,0x0,0x0,
0xc2,0x0,0x0,0x0,0x0,0x0,0x2,0x0,
0x26,0x0,0x0,0x0,0x0,0x0,0x0,0x0,
0x59,0x3,0xe0,0x1,0x59,0x3,0x90,0x2,
0xe8,0x0,0x0,0x0,0x0,0x0,0x3,0x0,
0x0,0x0,0x0,0x0,0xe9,0x0,0x0,0x0,
0x58,0x3,0xe0,0x1,0x58,0x3,0x60,0x2,
0x0,0x0,0x0,0x0,0xeb,0x0,0x0,0x0,
0xec,0x0,0x0,0x0,0x0,0x0,0xff,0xff,
0xff,0xff,0xff,0xff,0x0,0x0,0x0,0x0,
0x54,0x0,0x0,0x0,0x54,0x0,0x0,0x0,
0x54,0x0,0x0,0x0,0x0,0x0,0x0,0x0,
0x54,0x0,0x0,0x0,0x54,0x0,0x0,0x0,
0x0,0x0,0x4,0x0,0x54,0x0,0x0,0x0,
0x0,0x0,0x0,0x0,0xb4,0x0,0x0,0x0,
0x60,0x3,0x90,0x0,0x61,0x3,0xd0,0x0,
0xb4,0x0,0x0,0x0,0x0,0x0,0x0,0x0,
0xb4,0x0,0x0,0x0,0x0,0x0,0x0,0x0,
0xef,0x0,0x0,0x0,0x0,0x0,0x7,0x0,
0x91,0x0,0x0,0x0,0x0,0x0,0x0,0x0,
0x68,0x3,0xd0,0x0,0x68,0x3,0x80,0x1,
0xed,0x0,0x0,0x0,0x0,0x0,0x7,0x0,
0x90,0x0,0x0,0x0,0x0,0x0,0x0,0x0,
0x67,0x3,0xd0,0x0,0x67,0x3,0x60,0x1,
0x44,0x0,0x0,0x0,0x0,0x0,0x7,0x0,
0x8f,0x0,0x0,0x0,0x0,0x0,0x0,0x0,
0x66,0x3,0xd0,0x0,0x66,0x3,0x60,0x1,
0x17,0x0,0x0,0x0,0x0,0x0,0xa,0x0,
0x42,0x0,0x0,0x0,0x0,0x0,0x0,0x0,
0x62,0x3,0xd0,0x0,0x62,0x3,0x50,0x1,
0x0,0x0,0x0,0x0,0x0,0x0,0x0,0x0,
0x0,0x0,0x0,0x0,0x0,0x0,0xff,0xff,
0xff,0xff,0xff,0xff,0x0,0x0,0x0,0x0,
0x54,0x0,0x0,0x0,0x54,0x0,0x0,0x0,
0x54,0x0,0x0,0x0,0x0,0x0,0x0,0x0,
0x54,0x0,0x0,0x0,0x54,0x0,0x0,0x0,
0x0,0x0,0x4,0x0,0x54,0x0,0x0,0x0,
0x0,0x0,0x0,0x0,0xb4,0x0,0x0,0x0,
0x62,0x3,0xd0,0x0,0x0,0x0,0x0,0x0,
0xb4,0x0,0x0,0x0,0x0,0x0,0x0,0x0,
0xb4,0x0,0x0,0x0,0x0,0x0,0x0,0x0,
0x4b,0x0,0x0,0x0,0x0,0x0,0x2,0x0,
0x12,0x0,0x0,0x0,0x0,0x0,0x0,0x0,
0x65,0x3,0x50,0x1,0x65,0x3,0x30,0x2,
0x3f,0x0,0x0,0x0,0x0,0x0,0x2,0x0,
0x20,0x0,0x0,0x0,0x0,0x0,0x0,0x0,
0x64,0x3,0x50,0x1,0x64,0x3,0x10,0x2,
0x49,0x0,0x0,0x0,0x0,0x0,0x7,0x0,
0x93,0x0,0x0,0x0,0x0,0x0,0x0,0x0,
0x63,0x3,0x50,0x1,0x63,0x3,0xd0,0x1,
0x3d,0x0,0x0,0x0,0x0,0x0,0x7,0x0,
0x92,0x0,0x0,0x0,0x0,0x0,0x0,0x0,
0x62,0x3,0x50,0x1,0x62,0x3,0xb0,0x1,
0x0,0x0,0x0,0x0,0xeb,0x0,0x0,0x0,
0xf1,0x0,0x0,0x0,0x0,0x0,0xff,0xff,
0xff,0xff,0xff,0xff,0x0,0x0,0x0,0x0,
0x54,0x0,0x0,0x0,0x54,0x0,0x0,0x0,
0x54,0x0,0x0,0x0,0x0,0x0,0x0,0x0,
0x54,0x0,0x0,0x0,0x54,0x0,0x0,0x0,
0x0,0x0,0x9,0x0,0x54,0x0,0x0,0x0,
0x0,0x0,0x0,0x0,0x2c,0x1,0x0,0x0,
0x6b,0x3,0x90,0x0,0x6c,0x3,0xd0,0x0,
0x2c,0x1,0x0,0x0,0x0,0x0,0x0,0x0,
0x2c,0x1,0x0,0x0,0x0,0x0,0x0,0x0,
0xfa,0x0,0x0,0x0,0x0,0x0,0x7,0x0,
0x97,0x0,0x0,0x0,0x0,0x0,0x0,0x0,
0x8f,0x3,0xd0,0x0,0x8f,0x3,0xf0,0x1,
0xf9,0x0,0x0,0x0,0x0,0x0,0x8,0x0,
0x46,0x0,0x0,0x0,0x0,0x0,0x0,0x0,
0x77,0x3,0xd0,0x0,0x77,0x3,0x80,0x1,
0xf4,0x0,0x0,0x0,0x0,0x0,0x8,0x0,
0x45,0x0,0x0,0x0,0x0,0x0,0x0,0x0,
0x76,0x3,0xd0,0x0,0x76,0x3,0xa0,0x1,
0xc7,0x0,0x0,0x0,0x0,0x0,0x1,0x0,
0x1,0x0,0x0,0x0,0x0,0x0,0x0,0x0,
0x75,0x3,0xd0,0x0,0x75,0x3,0xb0,0x1,
0xf2,0x0,0x0,0x0,0x0,0x0,0x7,0x0,
0x96,0x0,0x0,0x0,0x0,0x0,0x0,0x0,
0x74,0x3,0xd0,0x0,0x74,0x3,0xa0,0x1,
0x2b,0x0,0x0,0x0,0x0,0x0,0x7,0x0,
0x95,0x0,0x0,0x0,0x0,0x0,0x0,0x0,
0x73,0x3,0xd0,0x0,0x73,0x3,0x40,0x1,
0x7,0x0,0x0,0x0,0x0,0x0,0x7,0x0,
0x94,0x0,0x0,0x0,0x0,0x0,0x0,0x0,
0x72,0x3,0xd0,0x0,0x72,0x3,0xc0,0x1,
0x8,0x0,0x0,0x0,0x0,0x0,0x2,0x0,
0x1c,0x0,0x0,0x0,0x0,0x0,0x0,0x0,
0x71,0x3,0xd0,0x0,0x71,0x3,0xd0,0x1,
0x17,0x0,0x0,0x0,0x0,0x0,0xa,0x0,
0x44,0x0,0x0,0x0,0x0,0x0,0x0,0x0,
0x6d,0x3,0xd0,0x0,0x6d,0x3,0x50,0x1,
0x0,0x0,0x0,0x0,0x0,0x0,0x0,0x0,
0x0,0x0,0x0,0x0,0x0,0x0,0xff,0xff,
0xff,0xff,0xff,0xff,0x0,0x0,0x0,0x0,
0x54,0x0,0x0,0x0,0x54,0x0,0x0,0x0,
0x54,0x0,0x0,0x0,0x0,0x0,0x0,0x0,
0x54,0x0,0x0,0x0,0x54,0x0,0x0,0x0,
0x0,0x0,0x4,0x0,0x54,0x0,0x0,0x0,
0x0,0x0,0x0,0x0,0xb4,0x0,0x0,0x0,
0x6d,0x3,0xd0,0x0,0x0,0x0,0x0,0x0,
0xb4,0x0,0x0,0x0,0x0,0x0,0x0,0x0,
0xb4,0x0,0x0,0x0,0x0,0x0,0x0,0x0,
0xa3,0x0,0x0,0x0,0x0,0x0,0x2,0x0,
0x7,0x0,0x0,0x0,0x0,0x0,0x0,0x0,
0x70,0x3,0x50,0x1,0x70,0x3,0x20,0x2,
0x47,0x0,0x0,0x0,0x0,0x0,0x7,0x0,
0x99,0x0,0x0,0x0,0x0,0x0,0x0,0x0,
0x6f,0x3,0x50,0x1,0x6f,0x3,0xc0,0x1,
0x42,0x0,0x0,0x0,0x0,0x0,0x2,0x0,
0x7,0x0,0x0,0x0,0x0,0x0,0x0,0x0,
0x6e,0x3,0x50,0x1,0x6e,0x3,0x0,0x2,
0x40,0x0,0x0,0x0,0x0,0x0,0x7,0x0,
0x98,0x0,0x0,0x0,0x0,0x0,0x0,0x0,
0x6d,0x3,0x50,0x1,0x6d,0x3,0xa0,0x1,
0x0,0x0,0x0,0x0,0x5,0x0,0x0,0x0,
0x0,0x0,0x0,0x0,0x0,0x0,0xff,0xff,
0xff,0xff,0xff,0xff,0x0,0x0,0x0,0x0,
0x54,0x0,0x0,0x0,0x54,0x0,0x0,0x0,
0x54,0x0,0x0,0x0,0x0,0x0,0x0,0x0,
0x54,0x0,0x0,0x0,0x54,0x0,0x0,0x0,
0x0,0x0,0x0,0x0,0x54,0x0,0x0,0x0,
0x0,0x0,0x0,0x0,0x54,0x0,0x0,0x0,
0x76,0x3,0xa0,0x1,0x0,0x0,0x0,0x0,
0x54,0x0,0x0,0x0,0x0,0x0,0x0,0x0,
0x54,0x0,0x0,0x0,0x0,0x0,0x0,0x0,
0x0,0x0,0x0,0x0,0x16,0x0,0x0,0x0,
0xf5,0x0,0x0,0x0,0x0,0x0,0xff,0xff,
0xff,0xff,0xff,0xff,0x0,0x0,0x0,0x0,
0x54,0x0,0x0,0x0,0x54,0x0,0x0,0x0,
0x54,0x0,0x0,0x0,0x0,0x0,0x0,0x0,
0x54,0x0,0x0,0x0,0x54,0x0,0x0,0x0,
0x0,0x0,0x7,0x0,0x54,0x0,0x0,0x0,
0x0,0x0,0x0,0x0,0xfc,0x0,0x0,0x0,
0x77,0x3,0x80,0x1,0x78,0x3,0x10,0x1,
0xfc,0x0,0x0,0x0,0x0,0x0,0x0,0x0,
0xfc,0x0,0x0,0x0,0x0,0x0,0x0,0x0,
0x1a,0x0,0x0,0x0,0x4,0x0,0x8,0x0,
0x48,0x0,0x0,0x0,0x0,0x0,0x0,0x0,
0x7f,0x3,0xd0,0x1,0x7f,0x3,0x10,0x1,
0x1a,0x0,0x0,0x0,0x0,0x0,0x7,0x0,
0x9b,0x0,0x0,0x0,0x0,0x0,0x0,0x0,
0x7c,0x3,0x10,0x1,0x7c,0x3,0x80,0x1,
0xab,0x0,0x0,0x0,0x0,0x0,0x7,0x0,
0x9a,0x0,0x0,0x0,0x0,0x0,0x0,0x0,
0x7b,0x3,0x10,0x1,0x7b,0x3,0x90,0x1,
0x8,0x0,0x0,0x0,0x0,0x0,0x2,0x0,
0x28,0x0,0x0,0x0,0x0,0x0,0x0,0x0,
0x7a,0x3,0x10,0x1,0x7a,0x3,0x10,0x2,
0x7,0x0,0x0,0x0,0x0,0x0,0x2,0x0,
0x27,0x0,0x0,0x0,0x0,0x0,0x0,0x0,
0x79,0x3,0x10,0x1,0x79,0x3,0x0,0x2,
0x0,0x0,0x0,0x0,0x0,0x0,0x8,0x0,
0x4c,0x0,0x0,0x0,0x0,0x0,0x0,0x0,
0x82,0x3,0x10,0x1,0x82,0x3,0x10,0x1,
0xad,0x0,0x0,0x0,0x0,0x0,0xa,0x0,
0x47,0x0,0x0,0x0,0x0,0x0,0x0,0x0,
0x7d,0x3,0x10,0x1,0x7d,0x3,0x80,0x1,
0x0,0x0,0x0,0x0,0x0,0x0,0x0,0x0,
0x0,0x0,0x0,0x0,0x0,0x0,0xff,0xff,
0xff,0xff,0xff,0xff,0x0,0x0,0x0,0x0,
0x54,0x0,0x0,0x0,0x54,0x0,0x0,0x0,
0x54,0x0,0x0,0x0,0x0,0x0,0x0,0x0,
0x54,0x0,0x0,0x0,0x54,0x0,0x0,0x0,
0x0,0x0,0x3,0x0,0x54,0x0,0x0,0x0,
0x0,0x0,0x0,0x0,0x9c,0x0,0x0,0x0,
0x7d,0x3,0x10,0x1,0x0,0x0,0x0,0x0,
0x9c,0x0,0x0,0x0,0x0,0x0,0x0,0x0,
0x9c,0x0,0x0,0x0,0x0,0x0,0x0,0x0,
0x1a,0x0,0x0,0x0,0x4,0x0,0x8,0x0,
0x4a,0x0,0x0,0x0,0x0,0x0,0x0,0x0,
0x80,0x3,0x40,0x2,0x80,0x3,0x10,0x1,
0x2b,0x0,0x0,0x0,0x0,0x0,0x2,0x0,
0x14,0x0,0x0,0x0,0x0,0x0,0x0,0x0,
0x7e,0x3,0x80,0x1,0x7e,0x3,0xf0,0x1,
0x1a,0x0,0x0,0x0,0x0,0x0,0x7,0x0,
0x9c,0x0,0x0,0x0,0x0,0x0,0x0,0x0,
0x7d,0x3,0x80,0x1,0x7d,0x3,0xf0,0x1,
0x0,0x0,0x0,0x0,0xb3,0x0,0x0,0x0,
0x0,0x0,0x0,0x0,0x0,0x0,0xff,0xff,
0xff,0xff,0xff,0xff,0x0,0x0,0x0,0x0,
0x54,0x0,0x0,0x0,0x54,0x0,0x0,0x0,
0x54,0x0,0x0,0x0,0x0,0x0,0x0,0x0,
0x54,0x0,0x0,0x0,0x54,0x0,0x0,0x0,
0x0,0x0,0x1,0x0,0x54,0x0,0x0,0x0,
0x0,0x0,0x0,0x0,0x6c,0x0,0x0,0x0,
0x7f,0x3,0x10,0x1,0x0,0x0,0x0,0x0,
0x6c,0x0,0x0,0x0,0x0,0x0,0x0,0x0,
0x6c,0x0,0x0,0x0,0x0,0x0,0x0,0x0,
0x0,0x0,0x0,0x0,0x0,0x0,0x8,0x0,
0x49,0x0,0x0,0x0,0x0,0x0,0x0,0x0,
0x7f,0x3,0x50,0x2,0x7f,0x3,0x50,0x2,
0x0,0x0,0x0,0x0,0xf7,0x0,0x0,0x0,
0x0,0x0,0x0,0x0,0x0,0x0,0xff,0xff,
0xff,0xff,0xff,0xff,0x0,0x0,0x0,0x0,
0x54,0x0,0x0,0x0,0x54,0x0,0x0,0x0,
0x54,0x0,0x0,0x0,0x0,0x0,0x0,0x0,
0x54,0x0,0x0,0x0,0x54,0x0,0x0,0x0,
0x0,0x0,0x1,0x0,0x54,0x0,0x0,0x0,
0x0,0x0,0x0,0x0,0x6c,0x0,0x0,0x0,
0x7f,0x3,0x50,0x2,0x0,0x0,0x0,0x0,
0x6c,0x0,0x0,0x0,0x0,0x0,0x0,0x0,
0x6c,0x0,0x0,0x0,0x0,0x0,0x0,0x0,
0xb5,0x0,0x0,0x0,0x0,0x0,0x2,0x0,
0x29,0x0,0x0,0x0,0x0,0x0,0x0,0x0,
0x7f,0x3,0x60,0x3,0x7f,0x3,0x0,0x4,
0x0,0x0,0x0,0x0,0xb3,0x0,0x0,0x0,
0x0,0x0,0x0,0x0,0x0,0x0,0xff,0xff,
0xff,0xff,0xff,0xff,0x0,0x0,0x0,0x0,
0x54,0x0,0x0,0x0,0x54,0x0,0x0,0x0,
0x54,0x0,0x0,0x0,0x0,0x0,0x0,0x0,
0x54,0x0,0x0,0x0,0x54,0x0,0x0,0x0,
0x0,0x0,0x1,0x0,0x54,0x0,0x0,0x0,
0x0,0x0,0x0,0x0,0x6c,0x0,0x0,0x0,
0x80,0x3,0x10,0x1,0x0,0x0,0x0,0x0,
0x6c,0x0,0x0,0x0,0x0,0x0,0x0,0x0,
0x6c,0x0,0x0,0x0,0x0,0x0,0x0,0x0,
0x0,0x0,0x0,0x0,0x0,0x0,0x8,0x0,
0x4b,0x0,0x0,0x0,0x0,0x0,0x0,0x0,
0x80,0x3,0xc0,0x2,0x80,0x3,0xc0,0x2,
0x0,0x0,0x0,0x0,0xf7,0x0,0x0,0x0,
0x0,0x0,0x0,0x0,0x0,0x0,0xff,0xff,
0xff,0xff,0xff,0xff,0x0,0x0,0x0,0x0,
0x54,0x0,0x0,0x0,0x54,0x0,0x0,0x0,
0x54,0x0,0x0,0x0,0x0,0x0,0x0,0x0,
0x54,0x0,0x0,0x0,0x54,0x0,0x0,0x0,
0x0,0x0,0x1,0x0,0x54,0x0,0x0,0x0,
0x0,0x0,0x0,0x0,0x6c,0x0,0x0,0x0,
0x80,0x3,0xc0,0x2,0x0,0x0,0x0,0x0,
0x6c,0x0,0x0,0x0,0x0,0x0,0x0,0x0,
0x6c,0x0,0x0,0x0,0x0,0x0,0x0,0x0,
0xb5,0x0,0x0,0x0,0x0,0x0,0x2,0x0,
0x29,0x0,0x0,0x0,0x0,0x0,0x0,0x0,
0x80,0x3,0xd0,0x3,0x80,0x3,0x70,0x4,
0x0,0x0,0x0,0x0,0x16,0x0,0x0,0x0,
0x0,0x0,0x0,0x0,0x0,0x0,0xff,0xff,
0xff,0xff,0xff,0xff,0x0,0x0,0x0,0x0,
0x54,0x0,0x0,0x0,0x54,0x0,0x0,0x0,
0x54,0x0,0x0,0x0,0x0,0x0,0x0,0x0,
0x54,0x0,0x0,0x0,0x54,0x0,0x0,0x0,
0x0,0x0,0x8,0x0,0x54,0x0,0x0,0x0,
0x0,0x0,0x0,0x0,0x14,0x1,0x0,0x0,
0x82,0x3,0x10,0x1,0x0,0x0,0x0,0x0,
0x14,0x1,0x0,0x0,0x0,0x0,0x0,0x0,
0x14,0x1,0x0,0x0,0x0,0x0,0x0,0x0,
0x81,0x0,0x0,0x0,0x4,0x0,0x8,0x0,
0x4f,0x0,0x0,0x0,0x0,0x0,0x0,0x0,
0x8b,0x3,0x10,0x2,0x8b,0x3,0x50,0x1,
0x1a,0x0,0x0,0x0,0x0,0x0,0x3,0x0,
0x0,0x0,0x0,0x0,0xc0,0x0,0x0,0x0,
0x88,0x3,0x50,0x1,0x88,0x3,0xc0,0x1,
0x81,0x0,0x0,0x0,0x0,0x0,0x7,0x0,
0x9e,0x0,0x0,0x0,0x0,0x0,0x0,0x0,
0x87,0x3,0x50,0x1,0x87,0x3,0x80,0x1,
0xab,0x0,0x0,0x0,0x0,0x0,0x7,0x0,
0x9d,0x0,0x0,0x0,0x0,0x0,0x0,0x0,
0x85,0x3,0x50,0x1,0x85,0x3,0xd0,0x1,
0x2d,0x0,0x0,0x0,0x0,0x0,0x2,0x0,
0x2a,0x0,0x0,0x0,0x0,0x0,0x0,0x0,
0x84,0x3,0x50,0x1,0x84,0x3,0xd0,0x1,
0x2b,0x0,0x0,0x0,0x0,0x0,0x2,0x0,
0x2a,0x0,0x0,0x0,0x0,0x0,0x0,0x0,
0x83,0x3,0x50,0x1,0x83,0x3,0xc0,0x1,
0xad,0x0,0x0,0x0,0x0,0x0,0xa,0x0,
0x4e,0x0,0x0,0x0,0x0,0x0,0x0,0x0,
0x89,0x3,0x50,0x1,0x89,0x3,0xc0,0x1,
0x17,0x0,0x0,0x0,0x0,0x0,0xa,0x0,
0x4d,0x0,0x0,0x0,0x0,0x0,0x0,0x0,
0x86,0x3,0x50,0x1,0x86,0x3,0xd0,0x1,
0x0,0x0,0x0,0x0,0x0,0x0,0x0,0x0,
0x0,0x0,0x0,0x0,0x0,0x0,0xff,0xff,
0xff,0xff,0xff,0xff,0x0,0x0,0x0,0x0,
0x54,0x0,0x0,0x0,0x54,0x0,0x0,0x0,
0x54,0x0,0x0,0x0,0x0,0x0,0x0,0x0,
0x54,0x0,0x0,0x0,0x54,0x0,0x0,0x0,
0x0,0x0,0x1,0x0,0x54,0x0,0x0,0x0,
0x0,0x0,0x0,0x0,0x6c,0x0,0x0,0x0,
0x86,0x3,0x50,0x1,0x0,0x0,0x0,0x0,
0x6c,0x0,0x0,0x0,0x0,0x0,0x0,0x0,
0x6c,0x0,0x0,0x0,0x0,0x0,0x0,0x0,
0x63,0x0,0x0,0x0,0x0,0x0,0x7,0x0,
0x9f,0x0,0x0,0x0,0x0,0x0,0x0,0x0,
0x86,0x3,0xd0,0x1,0x86,0x3,0xd0,0x2,
0x0,0x0,0x0,0x0,0x0,0x0,0x0,0x0,
0x0,0x0,0x0,0x0,0x0,0x0,0xff,0xff,
0xff,0xff,0xff,0xff,0x0,0x0,0x0,0x0,
0x54,0x0,0x0,0x0,0x54,0x0,0x0,0x0,
0x54,0x0,0x0,0x0,0x0,0x0,0x0,0x0,
0x54,0x0,0x0,0x0,0x54,0x0,0x0,0x0,
0x0,0x0,0x2,0x0,0x54,0x0,0x0,0x0,
0x0,0x0,0x0,0x0,0x84,0x0,0x0,0x0,
0x89,0x3,0x50,0x1,0x0,0x0,0x0,0x0,
0x84,0x0,0x0,0x0,0x0,0x0,0x0,0x0,
0x84,0x0,0x0,0x0,0x0,0x0,0x0,0x0,
0x2b,0x0,0x0,0x0,0x0,0x0,0x2,0x0,
0x14,0x0,0x0,0x0,0x0,0x0,0x0,0x0,
0x8a,0x3,0xc0,0x1,0x8a,0x3,0x30,0x2,
0x1a,0x0,0x0,0x0,0x0,0x0,0x3,0x0,
0x0,0x0,0x0,0x0,0xf8,0x0,0x0,0x0,
0x89,0x3,0xc0,0x1,0x89,0x3,0x30,0x2,
0x0,0x0,0x0,0x0,0xb3,0x0,0x0,0x0,
0x0,0x0,0x0,0x0,0x0,0x0,0xff,0xff,
0xff,0xff,0xff,0xff,0x0,0x0,0x0,0x0,
0x54,0x0,0x0,0x0,0x54,0x0,0x0,0x0,
0x54,0x0,0x0,0x0,0x0,0x0,0x0,0x0,
0x54,0x0,0x0,0x0,0x54,0x0,0x0,0x0,
0x0,0x0,0x1,0x0,0x54,0x0,0x0,0x0,
0x0,0x0,0x0,0x0,0x6c,0x0,0x0,0x0,
0x8b,0x3,0x50,0x1,0x0,0x0,0x0,0x0,
0x6c,0x0,0x0,0x0,0x0,0x0,0x0,0x0,
0x6c,0x0,0x0,0x0,0x0,0x0,0x0,0x0,
0x0,0x0,0x0,0x0,0x0,0x0,0x8,0x0,
0x50,0x0,0x0,0x0,0x0,0x0,0x0,0x0,
0x8b,0x3,0x50,0x2,0x8b,0x3,0x50,0x2,
0x0,0x0,0x0,0x0,0xb4,0x0,0x0,0x0,
0x0,0x0,0x0,0x0,0x0,0x0,0xff,0xff,
0xff,0xff,0xff,0xff,0x0,0x0,0x0,0x0,
0x54,0x0,0x0,0x0,0x54,0x0,0x0,0x0,
0x54,0x0,0x0,0x0,0x0,0x0,0x0,0x0,
0x54,0x0,0x0,0x0,0x54,0x0,0x0,0x0,
0x0,0x0,0x2,0x0,0x54,0x0,0x0,0x0,
0x0,0x0,0x0,0x0,0x84,0x0,0x0,0x0,
0x8b,0x3,0x50,0x2,0x0,0x0,0x0,0x0,
0x84,0x0,0x0,0x0,0x0,0x0,0x0,0x0,
0x84,0x0,0x0,0x0,0x0,0x0,0x0,0x0,
0xb5,0x0,0x0,0x0,0x0,0x0,0x2,0x0,
0x2b,0x0,0x0,0x0,0x0,0x0,0x0,0x0,
0x8b,0x3,0x70,0x3,0x8b,0x3,0x10,0x4,
0xb6,0x0,0x0,0x0,0x0,0x0,0xa,0x0,
0x51,0x0,0x0,0x0,0x0,0x0,0x0,0x0,
0x8b,0x3,0x60,0x4,0x8b,0x3,0xd0,0x4,
0x0,0x0,0x0,0x0,0x0,0x0,0x0,0x0,
0x0,0x0,0x0,0x0,0x0,0x0,0xff,0xff,
0xff,0xff,0xff,0xff,0x0,0x0,0x0,0x0,
0x54,0x0,0x0,0x0,0x54,0x0,0x0,0x0,
0x54,0x0,0x0,0x0,0x0,0x0,0x0,0x0,
0x54,0x0,0x0,0x0,0x54,0x0,0x0,0x0,
0x0,0x0,0x1,0x0,0x54,0x0,0x0,0x0,
0x0,0x0,0x0,0x0,0x6c,0x0,0x0,0x0,
0x8b,0x3,0x60,0x4,0x0,0x0,0x0,0x0,
0x6c,0x0,0x0,0x0,0x0,0x0,0x0,0x0,
0x6c,0x0,0x0,0x0,0x0,0x0,0x0,0x0,
0xb7,0x0,0x0,0x0,0x0,0x0,0x7,0x0,
0xa0,0x0,0x0,0x0,0x0,0x0,0x0,0x0,
0x8b,0x3,0xd0,0x4,0x8b,0x3,0x30,0x5,
0x0,0x0,0x0,0x0,0xdb,0x0,0x0,0x0,
0xfc,0x0,0x0,0x0,0x0,0x0,0xff,0xff,
0xff,0xff,0xff,0xff,0x0,0x0,0x0,0x0,
0x54,0x0,0x0,0x0,0x54,0x0,0x0,0x0,
0x54,0x0,0x0,0x0,0x0,0x0,0x0,0x0,
0x54,0x0,0x0,0x0,0x54,0x0,0x0,0x0,
0x0,0x0,0x5,0x0,0x54,0x0,0x0,0x0,
0x0,0x0,0x0,0x0,0xcc,0x0,0x0,0x0,
0x97,0x3,0x90,0x0,0x98,0x3,0xd0,0x0,
0xcc,0x0,0x0,0x0,0x0,0x0,0x0,0x0,
0xcc,0x0,0x0,0x0,0x0,0x0,0x0,0x0,
0x44,0x0,0x0,0x0,0x0,0x0,0x7,0x0,
0xa1,0x0,0x0,0x0,0x0,0x0,0x0,0x0,
0x9d,0x3,0xd0,0x0,0x9d,0x3,0x60,0x1,
0xda,0x0,0x0,0x0,0x0,0x0,0x2,0x0,
0x13,0x0,0x0,0x0,0x0,0x0,0x0,0x0,
0x9c,0x3,0xd0,0x0,0x9c,0x3,0x60,0x1,
0x0,0x0,0x0,0x0,0x0,0x0,0x8,0x0,
0x54,0x0,0x0,0x0,0x0,0x0,0x0,0x0,
0xa0,0x3,0xd0,0x0,0xa0,0x3,0xd0,0x0,
0x0,0x0,0x0,0x0,0x0,0x0,0x8,0x0,
0x5f,0x0,0x0,0x0,0x0,0x0,0x0,0x0,
0xc9,0x3,0xd0,0x0,0xc9,0x3,0xd0,0x0,
0x17,0x0,0x0,0x0,0x0,0x0,0xa,0x0,
0x53,0x0,0x0,0x0,0x0,0x0,0x0,0x0,
0x99,0x3,0xd0,0x0,0x99,0x3,0x50,0x1,
0x0,0x0,0x0,0x0,0x0,0x0,0x0,0x0,
0x0,0x0,0x0,0x0,0x0,0x0,0xff,0xff,
0xff,0xff,0xff,0xff,0x0,0x0,0x0,0x0,
0x54,0x0,0x0,0x0,0x54,0x0,0x0,0x0,
0x54,0x0,0x0,0x0,0x0,0x0,0x0,0x0,
0x54,0x0,0x0,0x0,0x54,0x0,0x0,0x0,
0x0,0x0,0x3,0x0,0x54,0x0,0x0,0x0,
0x0,0x0,0x0,0x0,0x9c,0x0,0x0,0x0,
0x99,0x3,0xd0,0x0,0x0,0x0,0x0,0x0,
0x9c,0x0,0x0,0x0,0x0,0x0,0x0,0x0,
0x9c,0x0,0x0,0x0,0x0,0x0,0x0,0x0,
0x49,0x0,0x0,0x0,0x0,0x0,0x7,0x0,
0xa3,0x0,0x0,0x0,0x0,0x0,0x0,0x0,
0x9b,0x3,0x50,0x1,0x9b,0x3,0xd0,0x1,
0xa3,0x0,0x0,0x0,0x0,0x0,0x2,0x0,
0x24,0x0,0x0,0x0,0x0,0x0,0x0,0x0,
0x9a,0x3,0x50,0x1,0x9a,0x3,0x20,0x2,
0x47,0x0,0x0,0x0,0x0,0x0,0x7,0x0,
0xa2,0x0,0x0,0x0,0x0,0x0,0x0,0x0,
0x99,0x3,0x50,0x1,0x99,0x3,0xc0,0x1,
0x0,0x0,0x0,0x0,0xd8,0x0,0x0,0x0,
0x0,0x0,0x0,0x0,0x0,0x0,0xff,0xff,
0xff,0xff,0xff,0xff,0x0,0x0,0x0,0x0,
0x54,0x0,0x0,0x0,0x54,0x0,0x0,0x0,
0x54,0x0,0x0,0x0,0x0,0x0,0x0,0x0,
0x54,0x0,0x0,0x0,0x54,0x0,0x0,0x0,
0x0,0x0,0x6,0x0,0x54,0x0,0x0,0x0,
0x0,0x0,0x0,0x0,0xe4,0x0,0x0,0x0,
0xa0,0x3,0xd0,0x0,0x0,0x0,0x0,0x0,
0xe4,0x0,0x0,0x0,0x0,0x0,0x0,0x0,
0xe4,0x0,0x0,0x0,0x0,0x0,0x0,0x0,
0xda,0x0,0x0,0x0,0x0,0x0,0x2,0x0,
0x1b,0x0,0x0,0x0,0x0,0x0,0x0,0x0,
0xa1,0x3,0x10,0x1,0xa1,0x3,0xa0,0x1,
0x0,0x0,0x0,0x0,0x0,0x0,0x8,0x0,
0x55,0x0,0x0,0x0,0x0,0x0,0x0,0x0,
0xa2,0x3,0x10,0x1,0xa2,0x3,0x10,0x1,
0x0,0x0,0x0,0x0,0x0,0x0,0x8,0x0,
0x57,0x0,0x0,0x0,0x0,0x0,0x0,0x0,
0xa7,0x3,0x10,0x1,0xa7,0x3,0x10,0x1,
0x0,0x0,0x0,0x0,0x0,0x0,0x8,0x0,
0x59,0x0,0x0,0x0,0x0,0x0,0x0,0x0,
0xaf,0x3,0x10,0x1,0xaf,0x3,0x10,0x1,
0x0,0x0,0x0,0x0,0x0,0x0,0x8,0x0,
0x5b,0x0,0x0,0x0,0x0,0x0,0x0,0x0,
0xb7,0x3,0x10,0x1,0xb7,0x3,0x10,0x1,
0x0,0x0,0x0,0x0,0x0,0x0,0x8,0x0,
0x5d,0x0,0x0,0x0,0x0,0x0,0x0,0x0,
0xbf,0x3,0x10,0x1,0xbf,0x3,0x10,0x1,
0x0,0x0,0x0,0x0,0xe6,0x0,0x0,0x0,
0x0,0x0,0x0,0x0,0x0,0x0,0xff,0xff,
0xff,0xff,0xff,0xff,0x0,0x0,0x0,0x0,
0x54,0x0,0x0,0x0,0x54,0x0,0x0,0x0,
0x54,0x0,0x0,0x0,0x0,0x0,0x0,0x0,
0x54,0x0,0x0,0x0,0x54,0x0,0x0,0x0,
0x0,0x0,0x3,0x0,0x54,0x0,0x0,0x0,
0x0,0x0,0x0,0x0,0x9c,0x0,0x0,0x0,
0xa2,0x3,0x10,0x1,0x0,0x0,0x0,0x0,
0x9c,0x0,0x0,0x0,0x0,0x0,0x0,0x0,
0x9c,0x0,0x0,0x0,0x0,0x0,0x0,0x0,
0x2b,0x0,0x0,0x0,0x0,0x0,0x2,0x0,
0x25,0x0,0x0,0x0,0x0,0x0,0x0,0x0,
0xa4,0x3,0x50,0x1,0xa4,0x3,0xc0,0x1,
0xc3,0x0,0x0,0x0,0x0,0x0,0x3,0x0,
0x0,0x0,0x0,0x0,0x0,0x0,0x0,0x0,
0xa3,0x3,0x50,0x1,0xa3,0x3,0xb0,0x1,
0xc1,0x0,0x0,0x0,0x0,0x0,0xa,0x0,
0x56,0x0,0x0,0x0,0x0,0x0,0x0,0x0,
0xa5,0x3,0x50,0x1,0xa5,0x3,0xa0,0x1,
0x0,0x0,0x0,0x0,0x0,0x0,0x0,0x0,
0x0,0x0,0x0,0x0,0x0,0x0,0xff,0xff,
0xff,0xff,0xff,0xff,0x0,0x0,0x0,0x0,
0x54,0x0,0x0,0x0,0x54,0x0,0x0,0x0,
0x54,0x0,0x0,0x0,0x0,0x0,0x0,0x0,
0x54,0x0,0x0,0x0,0x54,0x0,0x0,0x0,
0x0,0x0,0x1,0x0,0x54,0x0,0x0,0x0,
0x0,0x0,0x0,0x0,0x6c,0x0,0x0,0x0,
0xa5,0x3,0x50,0x1,0x0,0x0,0x0,0x0,
0x6c,0x0,0x0,0x0,0x0,0x0,0x0,0x0,
0x6c,0x0,0x0,0x0,0x0,0x0,0x0,0x0,
0xc2,0x0,0x0,0x0,0x0,0x0,0x2,0x0,
0x12,0x0,0x0,0x0,0x0,0x0,0x0,0x0,
0xa5,0x3,0xa0,0x1,0xa5,0x3,0x50,0x2,
0x0,0x0,0x0,0x0,0xe6,0x0,0x0,0x0,
0x0,0x0,0x0,0x0,0x0,0x0,0xff,0xff,
0xff,0xff,0xff,0xff,0x0,0x0,0x0,0x0,
0x54,0x0,0x0,0x0,0x54,0x0,0x0,0x0,
0x54,0x0,0x0,0x0,0x0,0x0,0x0,0x0,
0x54,0x0,0x0,0x0,0x54,0x0,0x0,0x0,
0x0,0x0,0x5,0x0,0x54,0x0,0x0,0x0,
0x0,0x0,0x0,0x0,0xcc,0x0,0x0,0x0,
0xa7,0x3,0x10,0x1,0x0,0x0,0x0,0x0,
0xcc,0x0,0x0,0x0,0x0,0x0,0x0,0x0,
0xcc,0x0,0x0,0x0,0x0,0x0,0x0,0x0,
0xff,0x0,0x0,0x0,0x0,0x0,0x7,0x0,
0xa4,0x0,0x0,0x0,0x0,0x0,0x0,0x0,
0xad,0x3,0x50,0x1,0xad,0x3,0xa0,0x2,
0x1a,0x0,0x0,0x0,0x0,0x0,0x3,0x0,
0x0,0x0,0x0,0x0,0xfe,0x0,0x0,0x0,
0xab,0x3,0x50,0x1,0xab,0x3,0xc0,0x1,
0x2b,0x0,0x0,0x0,0x0,0x0,0x2,0x0,
0x2c,0x0,0x0,0x0,0x0,0x0,0x0,0x0,
0xa9,0x3,0x50,0x1,0xa9,0x3,0xc0,0x1,
0xc3,0x0,0x0,0x0,0x0,0x0,0x3,0x0,
0x0,0x0,0x0,0x0,0xfd,0x0,0x0,0x0,
0xa8,0x3,0x50,0x1,0xa8,0x3,0xb0,0x1,
0xc1,0x0,0x0,0x0,0x0,0x0,0xa,0x0,
0x58,0x0,0x0,0x0,0x0,0x0,0x0,0x0,
0xaa,0x3,0x50,0x1,0xaa,0x3,0xa0,0x1,
0x0,0x0,0x0,0x0,0x0,0x0,0x0,0x0,
0x0,0x0,0x0,0x0,0x0,0x0,0xff,0xff,
0xff,0xff,0xff,0xff,0x0,0x0,0x0,0x0,
0x54,0x0,0x0,0x0,0x54,0x0,0x0,0x0,
0x54,0x0,0x0,0x0,0x0,0x0,0x0,0x0,
0x54,0x0,0x0,0x0,0x54,0x0,0x0,0x0,
0x0,0x0,0x2,0x0,0x54,0x0,0x0,0x0,
0x0,0x0,0x0,0x0,0x84,0x0,0x0,0x0,
0xaa,0x3,0x50,0x1,0x0,0x0,0x0,0x0,
0x84,0x0,0x0,0x0,0x0,0x0,0x0,0x0,
0x84,0x0,0x0,0x0,0x0,0x0,0x0,0x0,
0xe8,0x0,0x0,0x0,0x0,0x0,0x3,0x0,
0x0,0x0,0x0,0x0,0xe9,0x0,0x0,0x0,
0xac,0x3,0xa0,0x1,0xac,0x3,0x20,0x2,
0xc2,0x0,0x0,0x0,0x0,0x0,0x2,0x0,
0x12,0x0,0x0,0x0,0x0,0x0,0x0,0x0,
0xaa,0x3,0xa0,0x1,0xaa,0x3,0x50,0x2,
0x0,0x0,0x0,0x0,0xe6,0x0,0x0,0x0,
0x0,0x0,0x0,0x0,0x0,0x0,0xff,0xff,
0xff,0xff,0xff,0xff,0x0,0x0,0x0,0x0,
0x54,0x0,0x0,0x0,0x54,0x0,0x0,0x0,
0x54,0x0,0x0,0x0,0x0,0x0,0x0,0x0,
0x54,0x0,0x0,0x0,0x54,0x0,0x0,0x0,
0x0,0x0,0x5,0x0,0x54,0x0,0x0,0x0,
0x0,0x0,0x0,0x0,0xcc,0x0,0x0,0x0,
0xaf,0x3,0x10,0x1,0x0,0x0,0x0,0x0,
0xcc,0x0,0x0,0x0,0x0,0x0,0x0,0x0,
0xcc,0x0,0x0,0x0,0x0,0x0,0x0,0x0,
0xff,0x0,0x0,0x0,0x0,0x0,0x7,0x0,
0xa5,0x0,0x0,0x0,0x0,0x0,0x0,0x0,
0xb5,0x3,0x50,0x1,0xb5,0x3,0xa0,0x2,
0x1a,0x0,0x0,0x0,0x0,0x0,0x3,0x0,
0x0,0x0,0x0,0x0,0xfe,0x0,0x0,0x0,
0xb3,0x3,0x50,0x1,0xb3,0x3,0xc0,0x1,
0x2b,0x0,0x0,0x0,0x0,0x0,0x2,0x0,
0x2c,0x0,0x0,0x0,0x0,0x0,0x0,0x0,
0xb1,0x3,0x50,0x1,0xb1,0x3,0xc0,0x1,
0xc3,0x0,0x0,0x0,0x0,0x0,0x3,0x0,
0x0,0x0,0x0,0x0,0x1,0x1,0x0,0x0,
0xb0,0x3,0x50,0x1,0xb0,0x3,0xb0,0x1,
0xc1,0x0,0x0,0x0,0x0,0x0,0xa,0x0,
0x5a,0x0,0x0,0x0,0x0,0x0,0x0,0x0,
0xb2,0x3,0x50,0x1,0xb2,0x3,0xa0,0x1,
0x0,0x0,0x0,0x0,0x0,0x0,0x0,0x0,
0x0,0x0,0x0,0x0,0x0,0x0,0xff,0xff,
0xff,0xff,0xff,0xff,0x0,0x0,0x0,0x0,
0x54,0x0,0x0,0x0,0x54,0x0,0x0,0x0,
0x54,0x0,0x0,0x0,0x0,0x0,0x0,0x0,
0x54,0x0,0x0,0x0,0x54,0x0,0x0,0x0,
0x0,0x0,0x2,0x0,0x54,0x0,0x0,0x0,
0x0,0x0,0x0,0x0,0x84,0x0,0x0,0x0,
0xb2,0x3,0x50,0x1,0x0,0x0,0x0,0x0,
0x84,0x0,0x0,0x0,0x0,0x0,0x0,0x0,
0x84,0x0,0x0,0x0,0x0,0x0,0x0,0x0,
0xe8,0x0,0x0,0x0,0x0,0x0,0x3,0x0,
0x0,0x0,0x0,0x0,0xe9,0x0,0x0,0x0,
0xb4,0x3,0xa0,0x1,0xb4,0x3,0x20,0x2,
0xc2,0x0,0x0,0x0,0x0,0x0,0x2,0x0,
0x12,0x0,0x0,0x0,0x0,0x0,0x0,0x0,
0xb2,0x3,0xa0,0x1,0xb2,0x3,0x50,0x2,
0x0,0x0,0x0,0x0,0xe6,0x0,0x0,0x0,
0x0,0x0,0x0,0x0,0x0,0x0,0xff,0xff,
0xff,0xff,0xff,0xff,0x0,0x0,0x0,0x0,
0x54,0x0,0x0,0x0,0x54,0x0,0x0,0x0,
0x54,0x0,0x0,0x0,0x0,0x0,0x0,0x0,
0x54,0x0,0x0,0x0,0x54,0x0,0x0,0x0,
0x0,0x0,0x5,0x0,0x54,0x0,0x0,0x0,
0x0,0x0,0x0,0x0,0xcc,0x0,0x0,0x0,
0xb7,0x3,0x10,0x1,0x0,0x0,0x0,0x0,
0xcc,0x0,0x0,0x0,0x0,0x0,0x0,0x0,
0xcc,0x0,0x0,0x0,0x0,0x0,0x0,0x0,
0xff,0x0,0x0,0x0,0x0,0x0,0x7,0x0,
0xa6,0x0,0x0,0x0,0x0,0x0,0x0,0x0,
0xbd,0x3,0x50,0x1,0xbd,0x3,0xa0,0x2,
0x1a,0x0,0x0,0x0,0x0,0x0,0x3,0x0,
0x0,0x0,0x0,0x0,0xfe,0x0,0x0,0x0,
0xbb,0x3,0x50,0x1,0xbb,0x3,0xc0,0x1,
0x2b,0x0,0x0,0x0,0x0,0x0,0x2,0x0,
0x2c,0x0,0x0,0x0,0x0,0x0,0x0,0x0,
0xb9,0x3,0x50,0x1,0xb9,0x3,0xc0,0x1,
0xc3,0x0,0x0,0x0,0x0,0x0,0x3,0x0,
0x0,0x0,0x0,0x0,0x2,0x1,0x0,0x0,
0xb8,0x3,0x50,0x1,0xb8,0x3,0xb0,0x1,
0xc1,0x0,0x0,0x0,0x0,0x0,0xa,0x0,
0x5c,0x0,0x0,0x0,0x0,0x0,0x0,0x0,
0xba,0x3,0x50,0x1,0xba,0x3,0xa0,0x1,
0x0,0x0,0x0,0x0,0x0,0x0,0x0,0x0,
0x0,0x0,0x0,0x0,0x0,0x0,0xff,0xff,
0xff,0xff,0xff,0xff,0x0,0x0,0x0,0x0,
0x54,0x0,0x0,0x0,0x54,0x0,0x0,0x0,
0x54,0x0,0x0,0x0,0x0,0x0,0x0,0x0,
0x54,0x0,0x0,0x0,0x54,0x0,0x0,0x0,
0x0,0x0,0x2,0x0,0x54,0x0,0x0,0x0,
0x0,0x0,0x0,0x0,0x84,0x0,0x0,0x0,
0xba,0x3,0x50,0x1,0x0,0x0,0x0,0x0,
0x84,0x0,0x0,0x0,0x0,0x0,0x0,0x0,
0x84,0x0,0x0,0x0,0x0,0x0,0x0,0x0,
0xe8,0x0,0x0,0x0,0x0,0x0,0x3,0x0,
0x0,0x0,0x0,0x0,0xe9,0x0,0x0,0x0,
0xbc,0x3,0xa0,0x1,0xbc,0x3,0x20,0x2,
0xc2,0x0,0x0,0x0,0x0,0x0,0x2,0x0,
0x12,0x0,0x0,0x0,0x0,0x0,0x0,0x0,
0xba,0x3,0xa0,0x1,0xba,0x3,0x50,0x2,
0x0,0x0,0x0,0x0,0xe6,0x0,0x0,0x0,
0x0,0x0,0x0,0x0,0x0,0x0,0xff,0xff,
0xff,0xff,0xff,0xff,0x0,0x0,0x0,0x0,
0x54,0x0,0x0,0x0,0x54,0x0,0x0,0x0,
0x54,0x0,0x0,0x0,0x0,0x0,0x0,0x0,
0x54,0x0,0x0,0x0,0x54,0x0,0x0,0x0,
0x0,0x0,0x5,0x0,0x54,0x0,0x0,0x0,
0x0,0x0,0x0,0x0,0xcc,0x0,0x0,0x0,
0xbf,0x3,0x10,0x1,0x0,0x0,0x0,0x0,
0xcc,0x0,0x0,0x0,0x0,0x0,0x0,0x0,
0xcc,0x0,0x0,0x0,0x0,0x0,0x0,0x0,
0xff,0x0,0x0,0x0,0x0,0x0,0x7,0x0,
0xa7,0x0,0x0,0x0,0x0,0x0,0x0,0x0,
0xc5,0x3,0x50,0x1,0xc5,0x3,0xa0,0x2,
0x1a,0x0,0x0,0x0,0x0,0x0,0x3,0x0,
0x0,0x0,0x0,0x0,0xfe,0x0,0x0,0x0,
0xc3,0x3,0x50,0x1,0xc3,0x3,0xc0,0x1,
0x2b,0x0,0x0,0x0,0x0,0x0,0x2,0x0,
0x2c,0x0,0x0,0x0,0x0,0x0,0x0,0x0,
0xc1,0x3,0x50,0x1,0xc1,0x3,0xc0,0x1,
0xc3,0x0,0x0,0x0,0x0,0x0,0x3,0x0,
0x0,0x0,0x0,0x0,0x3,0x1,0x0,0x0,
0xc0,0x3,0x50,0x1,0xc0,0x3,0xb0,0x1,
0xc1,0x0,0x0,0x0,0x0,0x0,0xa,0x0,
0x5e,0x0,0x0,0x0,0x0,0x0,0x0,0x0,
0xc2,0x3,0x50,0x1,0xc2,0x3,0xa0,0x1,
0x0,0x0,0x0,0x0,0x0,0x0,0x0,0x0,
0x0,0x0,0x0,0x0,0x0,0x0,0xff,0xff,
0xff,0xff,0xff,0xff,0x0,0x0,0x0,0x0,
0x54,0x0,0x0,0x0,0x54,0x0,0x0,0x0,
0x54,0x0,0x0,0x0,0x0,0x0,0x0,0x0,
0x54,0x0,0x0,0x0,0x54,0x0,0x0,0x0,
0x0,0x0,0x2,0x0,0x54,0x0,0x0,0x0,
0x0,0x0,0x0,0x0,0x84,0x0,0x0,0x0,
0xc2,0x3,0x50,0x1,0x0,0x0,0x0,0x0,
0x84,0x0,0x0,0x0,0x0,0x0,0x0,0x0,
0x84,0x0,0x0,0x0,0x0,0x0,0x0,0x0,
0xe8,0x0,0x0,0x0,0x0,0x0,0x3,0x0,
0x0,0x0,0x0,0x0,0xe9,0x0,0x0,0x0,
0xc4,0x3,0xa0,0x1,0xc4,0x3,0x20,0x2,
0xc2,0x0,0x0,0x0,0x0,0x0,0x2,0x0,
0x12,0x0,0x0,0x0,0x0,0x0,0x0,0x0,
0xc2,0x3,0xa0,0x1,0xc2,0x3,0x50,0x2,
0x0,0x0,0x0,0x0,0xa7,0x0,0x0,0x0,
0x0,0x0,0x0,0x0,0x0,0x0,0xff,0xff,
0xff,0xff,0xff,0xff,0x0,0x0,0x0,0x0,
0x54,0x0,0x0,0x0,0x54,0x0,0x0,0x0,
0x54,0x0,0x0,0x0,0x0,0x0,0x0,0x0,
0x54,0x0,0x0,0x0,0x54,0x0,0x0,0x0,
0x0,0x0,0x2,0x0,0x54,0x0,0x0,0x0,
0x0,0x0,0x0,0x0,0x84,0x0,0x0,0x0,
0xc9,0x3,0xd0,0x0,0x0,0x0,0x0,0x0,
0x84,0x0,0x0,0x0,0x0,0x0,0x0,0x0,
0x84,0x0,0x0,0x0,0x0,0x0,0x0,0x0,
0xb9,0x0,0x0,0x0,0x0,0x0,0x8,0x0,
0x60,0x0,0x0,0x0,0x0,0x0,0x0,0x0,
0xcb,0x3,0x10,0x1,0xcb,0x3,0xb0,0x1,
0xa9,0x0,0x0,0x0,0x0,0x0,0x2,0x0,
0x11,0x0,0x0,0x0,0x0,0x0,0x0,0x0,
0xca,0x3,0x10,0x1,0xca,0x3,0x80,0x1,
0x0,0x0,0x0,0x0,0xd8,0x0,0x0,0x0,
0x0,0x0,0x0,0x0,0x0,0x0,0xff,0xff,
0xff,0xff,0xff,0xff,0x0,0x0,0x3,0x0,
0x54,0x0,0x0,0x0,0x54,0x0,0x0,0x0,
0x78,0x0,0x0,0x0,0x0,0x0,0x0,0x0,
0x78,0x0,0x0,0x0,0x78,0x0,0x0,0x0,
0x0,0x0,0x9,0x0,0x78,0x0,0x0,0x0,
0x0,0x0,0x0,0x0,0x50,0x1,0x0,0x0,
0xcb,0x3,0xb0,0x1,0x0,0x0,0x0,0x0,
0x50,0x1,0x0,0x0,0x0,0x0,0x0,0x0,
0x50,0x1,0x0,0x0,0x0,0x0,0x0,0x0,
0x83,0x0,0x0,0x0,0x2,0x0,0x0,0x20,
0xcd,0x3,0x50,0x1,0xe4,0x0,0x0,0x0,
0x5,0x0,0x0,0x20,0xce,0x3,0x50,0x1,
0x4,0x1,0x0,0x0,0x1,0x0,0x0,0x20,
0xcf,0x3,0x50,0x1,0x4,0x1,0x0,0x0,
0x0,0x0,0x7,0x0,0xaa,0x0,0x0,0x0,
0x0,0x0,0x0,0x0,0xcf,0x3,0x20,0x2,
0xcf,0x3,0x10,0x3,0xe4,0x0,0x0,0x0,
0x0,0x0,0x7,0x0,0xa9,0x0,0x0,0x0,
0x0,0x0,0x0,0x0,0xce,0x3,0x50,0x2,
0xce,0x3,0x20,0x3,0x83,0x0,0x0,0x0,
0x0,0x0,0x7,0x0,0xa8,0x0,0x0,0x0,
0x0,0x0,0x0,0x0,0xcd,0x3,0x20,0x2,
0xcd,0x3,0xf0,0x2,0xda,0x0,0x0,0x0,
0x0,0x0,0x2,0x0,0x1b,0x0,0x0,0x0,
0x0,0x0,0x0,0x0,0xcc,0x3,0x50,0x1,
0xcc,0x3,0xe0,0x1,0x0,0x0,0x0,0x0,
0x0,0x0,0x8,0x0,0x61,0x0,0x0,0x0,
0x0,0x0,0x0,0x0,0xd2,0x3,0x50,0x1,
0xd2,0x3,0x50,0x1,0x0,0x0,0x0,0x0,
0x0,0x0,0x8,0x0,0x63,0x0,0x0,0x0,
0x0,0x0,0x0,0x0,0xd8,0x3,0x50,0x1,
0xd8,0x3,0x50,0x1,0x0,0x0,0x0,0x0,
0x0,0x0,0x8,0x0,0x65,0x0,0x0,0x0,
0x0,0x0,0x0,0x0,0xe0,0x3,0x50,0x1,
0xe0,0x3,0x50,0x1,0x0,0x0,0x0,0x0,
0x0,0x0,0x8,0x0,0x67,0x0,0x0,0x0,
0x0,0x0,0x0,0x0,0xe8,0x3,0x50,0x1,
0xe8,0x3,0x50,0x1,0x0,0x0,0x0,0x0,
0x0,0x0,0x8,0x0,0x69,0x0,0x0,0x0,
0x0,0x0,0x0,0x0,0xf0,0x3,0x50,0x1,
0xf0,0x3,0x50,0x1,0xe6,0x0,0x0,0x0,
0x0,0x0,0x0,0x0,0x0,0x0,0xff,0xff,
0xff,0xff,0xff,0xff,0x0,0x0,0x0,0x0,
0x54,0x0,0x0,0x0,0x54,0x0,0x0,0x0,
0x54,0x0,0x0,0x0,0x0,0x0,0x0,0x0,
0x54,0x0,0x0,0x0,0x54,0x0,0x0,0x0,
0x0,0x0,0x4,0x0,0x54,0x0,0x0,0x0,
0x0,0x0,0x0,0x0,0xb4,0x0,0x0,0x0,
0xd2,0x3,0x50,0x1,0x0,0x0,0x0,0x0,
0xb4,0x0,0x0,0x0,0x0,0x0,0x0,0x0,
0xb4,0x0,0x0,0x0,0x0,0x0,0x0,0x0,
0x2b,0x0,0x0,0x0,0x0,0x0,0x2,0x0,
0x25,0x0,0x0,0x0,0x0,0x0,0x0,0x0,
0xd6,0x3,0x90,0x1,0xd6,0x3,0x0,0x2,
0x1a,0x0,0x0,0x0,0x0,0x0,0x3,0x0,
0x0,0x0,0x0,0x0,0xe7,0x0,0x0,0x0,
0xd5,0x3,0x90,0x1,0xd5,0x3,0x0,0x2,
0xc3,0x0,0x0,0x0,0x0,0x0,0x7,0x0,
0xab,0x0,0x0,0x0,0x0,0x0,0x0,0x0,
0xd3,0x3,0x90,0x1,0xd3,0x3,0xf0,0x1,
0xc1,0x0,0x0,0x0,0x0,0x0,0xa,0x0,
0x62,0x0,0x0,0x0,0x0,0x0,0x0,0x0,
0xd4,0x3,0x90,0x1,0xd4,0x3,0xe0,0x1,
0x0,0x0,0x0,0x0,0x0,0x0,0x0,0x0,
0x0,0x0,0x0,0x0,0x0,0x0,0xff,0xff,
0xff,0xff,0xff,0xff,0x0,0x0,0x0,0x0,
0x54,0x0,0x0,0x0,0x54,0x0,0x0,0x0,
0x54,0x0,0x0,0x0,0x0,0x0,0x0,0x0,
0x54,0x0,0x0,0x0,0x54,0x0,0x0,0x0,
0x0,0x0,0x1,0x0,0x54,0x0,0x0,0x0,
0x0,0x0,0x0,0x0,0x6c,0x0,0x0,0x0,
0xd4,0x3,0x90,0x1,0x0,0x0,0x0,0x0,
0x6c,0x0,0x0,0x0,0x0,0x0,0x0,0x0,
0x6c,0x0,0x0,0x0,0x0,0x0,0x0,0x0,
0xc2,0x0,0x0,0x0,0x0,0x0,0x2,0x0,
0x26,0x0,0x0,0x0,0x0,0x0,0x0,0x0,
0xd4,0x3,0xe0,0x1,0xd4,0x3,0x90,0x2,
0x0,0x0,0x0,0x0,0xe6,0x0,0x0,0x0,
0x0,0x0,0x0,0x0,0x0,0x0,0xff,0xff,
0xff,0xff,0xff,0xff,0x0,0x0,0x0,0x0,
0x54,0x0,0x0,0x0,0x54,0x0,0x0,0x0,
0x54,0x0,0x0,0x0,0x0,0x0,0x0,0x0,
0x54,0x0,0x0,0x0,0x54,0x0,0x0,0x0,
0x0,0x0,0x5,0x0,0x54,0x0,0x0,0x0,
0x0,0x0,0x0,0x0,0xcc,0x0,0x0,0x0,
0xd8,0x3,0x50,0x1,0x0,0x0,0x0,0x0,
0xcc,0x0,0x0,0x0,0x0,0x0,0x0,0x0,
0xcc,0x0,0x0,0x0,0x0,0x0,0x0,0x0,
0xff,0x0,0x0,0x0,0x0,0x0,0x7,0x0,
0xad,0x0,0x0,0x0,0x0,0x0,0x0,0x0,
0xde,0x3,0x90,0x1,0xde,0x3,0xe0,0x2,
0x1a,0x0,0x0,0x0,0x0,0x0,0x3,0x0,
0x0,0x0,0x0,0x0,0xea,0x0,0x0,0x0,
0xdd,0x3,0x90,0x1,0xdd,0x3,0x0,0x2,
0x2b,0x0,0x0,0x0,0x0,0x0,0x2,0x0,
0x2c,0x0,0x0,0x0,0x0,0x0,0x0,0x0,
0xda,0x3,0x90,0x1,0xda,0x3,0x0,0x2,
0xc3,0x0,0x0,0x0,0x0,0x0,0x7,0x0,
0xac,0x0,0x0,0x0,0x0,0x0,0x0,0x0,
0xd9,0x3,0x90,0x1,0xd9,0x3,0xf0,0x1,
0xc1,0x0,0x0,0x0,0x0,0x0,0xa,0x0,
0x64,0x0,0x0,0x0,0x0,0x0,0x0,0x0,
0xdb,0x3,0x90,0x1,0xdb,0x3,0xe0,0x1,
0x0,0x0,0x0,0x0,0x0,0x0,0x0,0x0,
0x0,0x0,0x0,0x0,0x0,0x0,0xff,0xff,
0xff,0xff,0xff,0xff,0x0,0x0,0x0,0x0,
0x54,0x0,0x0,0x0,0x54,0x0,0x0,0x0,
0x54,0x0,0x0,0x0,0x0,0x0,0x0,0x0,
0x54,0x0,0x0,0x0,0x54,0x0,0x0,0x0,
0x0,0x0,0x2,0x0,0x54,0x0,0x0,0x0,
0x0,0x0,0x0,0x0,0x84,0x0,0x0,0x0,
0xdb,0x3,0x90,0x1,0x0,0x0,0x0,0x0,
0x84,0x0,0x0,0x0,0x0,0x0,0x0,0x0,
0x84,0x0,0x0,0x0,0x0,0x0,0x0,0x0,
0xc2,0x0,0x0,0x0,0x0,0x0,0x2,0x0,
0x26,0x0,0x0,0x0,0x0,0x0,0x0,0x0,
0xdc,0x3,0xe0,0x1,0xdc,0x3,0x90,0x2,
0xe8,0x0,0x0,0x0,0x0,0x0,0x3,0x0,
0x0,0x0,0x0,0x0,0xe9,0x0,0x0,0x0,
0xdb,0x3,0xe0,0x1,0xdb,0x3,0x60,0x2,
0x0,0x0,0x0,0x0,0xe6,0x0,0x0,0x0,
0x0,0x0,0x0,0x0,0x0,0x0,0xff,0xff,
0xff,0xff,0xff,0xff,0x0,0x0,0x0,0x0,
0x54,0x0,0x0,0x0,0x54,0x0,0x0,0x0,
0x54,0x0,0x0,0x0,0x0,0x0,0x0,0x0,
0x54,0x0,0x0,0x0,0x54,0x0,0x0,0x0,
0x0,0x0,0x5,0x0,0x54,0x0,0x0,0x0,
0x0,0x0,0x0,0x0,0xcc,0x0,0x0,0x0,
0xe0,0x3,0x50,0x1,0x0,0x0,0x0,0x0,
0xcc,0x0,0x0,0x0,0x0,0x0,0x0,0x0,
0xcc,0x0,0x0,0x0,0x0,0x0,0x0,0x0,
0xff,0x0,0x0,0x0,0x0,0x0,0x7,0x0,
0xaf,0x0,0x0,0x0,0x0,0x0,0x0,0x0,
0xe6,0x3,0x90,0x1,0xe6,0x3,0xe0,0x2,
0x1a,0x0,0x0,0x0,0x0,0x0,0x3,0x0,
0x0,0x0,0x0,0x0,0xea,0x0,0x0,0x0,
0xe5,0x3,0x90,0x1,0xe5,0x3,0x0,0x2,
0x2b,0x0,0x0,0x0,0x0,0x0,0x2,0x0,
0x2c,0x0,0x0,0x0,0x0,0x0,0x0,0x0,
0xe2,0x3,0x90,0x1,0xe2,0x3,0x0,0x2,
0xc3,0x0,0x0,0x0,0x0,0x0,0x7,0x0,
0xae,0x0,0x0,0x0,0x0,0x0,0x0,0x0,
0xe1,0x3,0x90,0x1,0xe1,0x3,0xf0,0x1,
0xc1,0x0,0x0,0x0,0x0,0x0,0xa,0x0,
0x66,0x0,0x0,0x0,0x0,0x0,0x0,0x0,
0xe3,0x3,0x90,0x1,0xe3,0x3,0xe0,0x1,
0x0,0x0,0x0,0x0,0x0,0x0,0x0,0x0,
0x0,0x0,0x0,0x0,0x0,0x0,0xff,0xff,
0xff,0xff,0xff,0xff,0x0,0x0,0x0,0x0,
0x54,0x0,0x0,0x0,0x54,0x0,0x0,0x0,
0x54,0x0,0x0,0x0,0x0,0x0,0x0,0x0,
0x54,0x0,0x0,0x0,0x54,0x0,0x0,0x0,
0x0,0x0,0x2,0x0,0x54,0x0,0x0,0x0,
0x0,0x0,0x0,0x0,0x84,0x0,0x0,0x0,
0xe3,0x3,0x90,0x1,0x0,0x0,0x0,0x0,
0x84,0x0,0x0,0x0,0x0,0x0,0x0,0x0,
0x84,0x0,0x0,0x0,0x0,0x0,0x0,0x0,
0xc2,0x0,0x0,0x0,0x0,0x0,0x2,0x0,
0x26,0x0,0x0,0x0,0x0,0x0,0x0,0x0,
0xe4,0x3,0xe0,0x1,0xe4,0x3,0x90,0x2,
0xe8,0x0,0x0,0x0,0x0,0x0,0x3,0x0,
0x0,0x0,0x0,0x0,0xe9,0x0,0x0,0x0,
0xe3,0x3,0xe0,0x1,0xe3,0x3,0x60,0x2,
0x0,0x0,0x0,0x0,0xe6,0x0,0x0,0x0,
0x0,0x0,0x0,0x0,0x0,0x0,0xff,0xff,
0xff,0xff,0xff,0xff,0x0,0x0,0x0,0x0,
0x54,0x0,0x0,0x0,0x54,0x0,0x0,0x0,
0x54,0x0,0x0,0x0,0x0,0x0,0x0,0x0,
0x54,0x0,0x0,0x0,0x54,0x0,0x0,0x0,
0x0,0x0,0x5,0x0,0x54,0x0,0x0,0x0,
0x0,0x0,0x0,0x0,0xcc,0x0,0x0,0x0,
0xe8,0x3,0x50,0x1,0x0,0x0,0x0,0x0,
0xcc,0x0,0x0,0x0,0x0,0x0,0x0,0x0,
0xcc,0x0,0x0,0x0,0x0,0x0,0x0,0x0,
0xff,0x0,0x0,0x0,0x0,0x0,0x7,0x0,
0xb1,0x0,0x0,0x0,0x0,0x0,0x0,0x0,
0xee,0x3,0x90,0x1,0xee,0x3,0xe0,0x2,
0x1a,0x0,0x0,0x0,0x0,0x0,0x3,0x0,
0x0,0x0,0x0,0x0,0xea,0x0,0x0,0x0,
0xed,0x3,0x90,0x1,0xed,0x3,0x0,0x2,
0x2b,0x0,0x0,0x0,0x0,0x0,0x2,0x0,
0x2c,0x0,0x0,0x0,0x0,0x0,0x0,0x0,
0xea,0x3,0x90,0x1,0xea,0x3,0x0,0x2,
0xc3,0x0,0x0,0x0,0x0,0x0,0x7,0x0,
0xb0,0x0,0x0,0x0,0x0,0x0,0x0,0x0,
0xe9,0x3,0x90,0x1,0xe9,0x3,0xf0,0x1,
0xc1,0x0,0x0,0x0,0x0,0x0,0xa,0x0,
0x68,0x0,0x0,0x0,0x0,0x0,0x0,0x0,
0xeb,0x3,0x90,0x1,0xeb,0x3,0xe0,0x1,
0x0,0x0,0x0,0x0,0x0,0x0,0x0,0x0,
0x0,0x0,0x0,0x0,0x0,0x0,0xff,0xff,
0xff,0xff,0xff,0xff,0x0,0x0,0x0,0x0,
0x54,0x0,0x0,0x0,0x54,0x0,0x0,0x0,
0x54,0x0,0x0,0x0,0x0,0x0,0x0,0x0,
0x54,0x0,0x0,0x0,0x54,0x0,0x0,0x0,
0x0,0x0,0x2,0x0,0x54,0x0,0x0,0x0,
0x0,0x0,0x0,0x0,0x84,0x0,0x0,0x0,
0xeb,0x3,0x90,0x1,0x0,0x0,0x0,0x0,
0x84,0x0,0x0,0x0,0x0,0x0,0x0,0x0,
0x84,0x0,0x0,0x0,0x0,0x0,0x0,0x0,
0xc2,0x0,0x0,0x0,0x0,0x0,0x2,0x0,
0x26,0x0,0x0,0x0,0x0,0x0,0x0,0x0,
0xec,0x3,0xe0,0x1,0xec,0x3,0x90,0x2,
0xe8,0x0,0x0,0x0,0x0,0x0,0x3,0x0,
0x0,0x0,0x0,0x0,0xe9,0x0,0x0,0x0,
0xeb,0x3,0xe0,0x1,0xeb,0x3,0x60,0x2,
0x0,0x0,0x0,0x0,0xe6,0x0,0x0,0x0,
0x0,0x0,0x0,0x0,0x0,0x0,0xff,0xff,
0xff,0xff,0xff,0xff,0x0,0x0,0x0,0x0,
0x54,0x0,0x0,0x0,0x54,0x0,0x0,0x0,
0x54,0x0,0x0,0x0,0x0,0x0,0x0,0x0,
0x54,0x0,0x0,0x0,0x54,0x0,0x0,0x0,
0x0,0x0,0x5,0x0,0x54,0x0,0x0,0x0,
0x0,0x0,0x0,0x0,0xcc,0x0,0x0,0x0,
0xf0,0x3,0x50,0x1,0x0,0x0,0x0,0x0,
0xcc,0x0,0x0,0x0,0x0,0x0,0x0,0x0,
0xcc,0x0,0x0,0x0,0x0,0x0,0x0,0x0,
0xff,0x0,0x0,0x0,0x0,0x0,0x7,0x0,
0xb3,0x0,0x0,0x0,0x0,0x0,0x0,0x0,
0xf6,0x3,0x90,0x1,0xf6,0x3,0xe0,0x2,
0x1a,0x0,0x0,0x0,0x0,0x0,0x3,0x0,
0x0,0x0,0x0,0x0,0xea,0x0,0x0,0x0,
0xf5,0x3,0x90,0x1,0xf5,0x3,0x0,0x2,
0x2b,0x0,0x0,0x0,0x0,0x0,0x2,0x0,
0x2c,0x0,0x0,0x0,0x0,0x0,0x0,0x0,
0xf2,0x3,0x90,0x1,0xf2,0x3,0x0,0x2,
0xc3,0x0,0x0,0x0,0x0,0x0,0x7,0x0,
0xb2,0x0,0x0,0x0,0x0,0x0,0x0,0x0,
0xf1,0x3,0x90,0x1,0xf1,0x3,0xf0,0x1,
0xc1,0x0,0x0,0x0,0x0,0x0,0xa,0x0,
0x6a,0x0,0x0,0x0,0x0,0x0,0x0,0x0,
0xf3,0x3,0x90,0x1,0xf3,0x3,0xe0,0x1,
0x0,0x0,0x0,0x0,0x0,0x0,0x0,0x0,
0x0,0x0,0x0,0x0,0x0,0x0,0xff,0xff,
0xff,0xff,0xff,0xff,0x0,0x0,0x0,0x0,
0x54,0x0,0x0,0x0,0x54,0x0,0x0,0x0,
0x54,0x0,0x0,0x0,0x0,0x0,0x0,0x0,
0x54,0x0,0x0,0x0,0x54,0x0,0x0,0x0,
0x0,0x0,0x2,0x0,0x54,0x0,0x0,0x0,
0x0,0x0,0x0,0x0,0x84,0x0,0x0,0x0,
0xf3,0x3,0x90,0x1,0x0,0x0,0x0,0x0,
0x84,0x0,0x0,0x0,0x0,0x0,0x0,0x0,
0x84,0x0,0x0,0x0,0x0,0x0,0x0,0x0,
0xc2,0x0,0x0,0x0,0x0,0x0,0x2,0x0,
0x26,0x0,0x0,0x0,0x0,0x0,0x0,0x0,
0xf4,0x3,0xe0,0x1,0xf4,0x3,0x90,0x2,
0xe8,0x0,0x0,0x0,0x0,0x0,0x3,0x0,
0x0,0x0,0x0,0x0,0xe9,0x0,0x0,0x0,
0xf3,0x3,0xe0,0x1,0xf3,0x3,0x60,0x2,
0x0,0x0,0x0,0x0,0x5,0x0,0x0,0x0,
0x6,0x1,0x0,0x0,0x0,0x0,0xff,0xff,
0xff,0xff,0xff,0xff,0x0,0x0,0x1,0x0,
0x54,0x0,0x0,0x0,0x54,0x0,0x0,0x0,
0x60,0x0,0x0,0x0,0x0,0x0,0x0,0x0,
0x60,0x0,0x0,0x0,0x60,0x0,0x0,0x0,
0x0,0x0,0x7,0x0,0x60,0x0,0x0,0x0,
0x0,0x0,0x0,0x0,0x8,0x1,0x0,0x0,
0xfc,0x3,0x90,0x0,0xfd,0x3,0xd0,0x0,
0x8,0x1,0x0,0x0,0x0,0x0,0x0,0x0,
0x8,0x1,0x0,0x0,0x0,0x0,0x0,0x0,
0x7,0x1,0x0,0x0,0x2,0x0,0x0,0x20,
0xfe,0x3,0xd0,0x0,0x44,0x0,0x0,0x0,
0x0,0x0,0x7,0x0,0xb8,0x0,0x0,0x0,
0x0,0x0,0x0,0x0,0x3,0x4,0xd0,0x0,
0x3,0x4,0x60,0x1,0x7f,0x0,0x0,0x0,
0x0,0x0,0x7,0x0,0xb7,0x0,0x0,0x0,
0x0,0x0,0x0,0x0,0x2,0x4,0xd0,0x0,
0x2,0x4,0x0,0x1,0x81,0x0,0x0,0x0,
0x0,0x0,0x7,0x0,0xb6,0x0,0x0,0x0,
0x0,0x0,0x0,0x0,0x1,0x4,0xd0,0x0,
0x1,0x4,0x0,0x1,0x2d,0x0,0x0,0x0,
0x0,0x0,0x7,0x0,0xb5,0x0,0x0,0x0,
0x0,0x0,0x0,0x0,0x0,0x4,0xd0,0x0,
0x0,0x4,0x50,0x1,0x2b,0x0,0x0,0x0,
0x0,0x0,0x7,0x0,0xb4,0x0,0x0,0x0,
0x0,0x0,0x0,0x0,0xff,0x3,0xd0,0x0,
0xff,0x3,0x40,0x1,0x7,0x1,0x0,0x0,
0x0,0x0,0x2,0x0,0x1f,0x0,0x0,0x0,
0x0,0x0,0x0,0x0,0xfe,0x3,0xa0,0x1,
0xfe,0x3,0x80,0x2,0x0,0x0,0x0,0x0,
0x0,0x0,0x8,0x0,0x6c,0x0,0x0,0x0,
0x0,0x0,0x0,0x0,0x5,0x4,0xd0,0x0,
0x5,0x4,0xd0,0x0,0xd8,0x0,0x0,0x0,
0x8,0x1,0x0,0x0,0x0,0x0,0xff,0xff,
0xff,0xff,0xff,0xff,0x0,0x0,0x0,0x0,
0x54,0x0,0x0,0x0,0x54,0x0,0x0,0x0,
0x54,0x0,0x0,0x0,0x0,0x0,0x0,0x0,
0x54,0x0,0x0,0x0,0x54,0x0,0x0,0x0,
0x0,0x0,0x3,0x0,0x54,0x0,0x0,0x0,
0x0,0x0,0x0,0x0,0x9c,0x0,0x0,0x0,
0x5,0x4,0xd0,0x0,0x6,0x4,0x50,0x1,
0x9c,0x0,0x0,0x0,0x0,0x0,0x0,0x0,
0x9c,0x0,0x0,0x0,0x0,0x0,0x0,0x0,
0xda,0x0,0x0,0x0,0x0,0x0,0x2,0x0,
0x1f,0x0,0x0,0x0,0x0,0x0,0x0,0x0,
0x7,0x4,0x50,0x1,0x7,0x4,0xe0,0x1,
0x0,0x0,0x0,0x0,0x0,0x0,0x8,0x0,
0x6d,0x0,0x0,0x0,0x0,0x0,0x0,0x0,
0x8,0x4,0x50,0x1,0x8,0x4,0x50,0x1,
0x0,0x0,0x0,0x0,0x0,0x0,0x8,0x0,
0x72,0x0,0x0,0x0,0x0,0x0,0x0,0x0,
0x27,0x4,0x50,0x1,0x27,0x4,0x50,0x1,
0x0,0x0,0x0,0x0,0x9,0x1,0x0,0x0,
0xa,0x1,0x0,0x0,0x0,0x0,0xff,0xff,
0xff,0xff,0xff,0xff,0x0,0x0,0x0,0x0,
0x54,0x0,0x0,0x0,0x54,0x0,0x0,0x0,
0x54,0x0,0x0,0x0,0x0,0x0,0x0,0x0,
0x54,0x0,0x0,0x0,0x54,0x0,0x0,0x0,
0x0,0x0,0xa,0x0,0x54,0x0,0x0,0x0,
0x0,0x0,0x0,0x0,0x44,0x1,0x0,0x0,
0x8,0x4,0x50,0x1,0x9,0x4,0x90,0x1,
0x44,0x1,0x0,0x0,0x0,0x0,0x0,0x0,
0x44,0x1,0x0,0x0,0x0,0x0,0x0,0x0,
0x14,0x1,0x0,0x0,0x0,0x0,0x8,0x0,
0x70,0x0,0x0,0x0,0x0,0x0,0x0,0x0,
0x20,0x4,0x90,0x1,0x20,0x4,0x50,0x2,
0xf4,0x0,0x0,0x0,0x0,0x0,0x8,0x0,
0x6e,0x0,0x0,0x0,0x0,0x0,0x0,0x0,
0x18,0x4,0x90,0x1,0x18,0x4,0x60,0x2,
0xf,0x1,0x0,0x0,0x0,0x0,0x7,0x0,
0xbc,0x0,0x0,0x0,0x0,0x0,0x0,0x0,
0x17,0x4,0x90,0x1,0x17,0x4,0x40,0x2,
0x1e,0x0,0x0,0x0,0x0,0x0,0x7,0x0,
0xbb,0x0,0x0,0x0,0x0,0x0,0x0,0x0,
0x16,0x4,0x90,0x1,0x16,0x4,0x20,0x2,
0xc3,0x0,0x0,0x0,0x0,0x0,0x7,0x0,
0xba,0x0,0x0,0x0,0x0,0x0,0x0,0x0,
0xf,0x4,0x90,0x1,0xf,0x4,0xf0,0x1,
0x7,0x0,0x0,0x0,0x0,0x0,0x7,0x0,
0xb9,0x0,0x0,0x0,0x0,0x0,0x0,0x0,
0xe,0x4,0x90,0x1,0xe,0x4,0x80,0x2,
0x4d,0x0,0x0,0x0,0x0,0x0,0x2,0x0,
0x11,0x0,0x0,0x0,0x0,0x0,0x0,0x0,
0xd,0x4,0x90,0x1,0xd,0x4,0x80,0x2,
0xd,0x1,0x0,0x0,0x0,0x0,0x2,0x0,
0x11,0x0,0x0,0x0,0x0,0x0,0x0,0x0,
0xc,0x4,0x90,0x1,0xc,0x4,0x50,0x2,
0xc,0x1,0x0,0x0,0x0,0x0,0x2,0x0,
0x17,0x0,0x0,0x0,0x0,0x0,0x0,0x0,
0xb,0x4,0x90,0x1,0xb,0x4,0x70,0x2,
0xb,0x1,0x0,0x0,0x0,0x0,0x2,0x0,
0x17,0x0,0x0,0x0,0x0,0x0,0x0,0x0,
0xa,0x4,0x90,0x1,0xa,0x4,0x60,0x2,
0x0,0x0,0x0,0x0,0xbe,0x0,0x0,0x0,
0x11,0x1,0x0,0x0,0x0,0x0,0xff,0xff,
0xff,0xff,0xff,0xff,0x0,0x0,0x0,0x0,
0x54,0x0,0x0,0x0,0x54,0x0,0x0,0x0,
0x54,0x0,0x0,0x0,0x0,0x0,0x0,0x0,
0x54,0x0,0x0,0x0,0x54,0x0,0x0,0x0,
0x0,0x0,0x5,0x0,0x54,0x0,0x0,0x0,
0x0,0x0,0x0,0x0,0xcc,0x0,0x0,0x0,
0x18,0x4,0x60,0x2,0x19,0x4,0xd0,0x1,
0xcc,0x0,0x0,0x0,0x0,0x0,0x0,0x0,
0xcc,0x0,0x0,0x0,0x0,0x0,0x0,0x0,
0x12,0x1,0x0,0x0,0x0,0x0,0x7,0x0,
0xc0,0x0,0x0,0x0,0x0,0x0,0x0,0x0,
0x1e,0x4,0xd0,0x1,0x1e,0x4,0x0,0x3,
0xff,0x0,0x0,0x0,0x0,0x0,0x7,0x0,
0xbf,0x0,0x0,0x0,0x0,0x0,0x0,0x0,
0x1d,0x4,0xd0,0x1,0x1d,0x4,0x20,0x3,
0x1a,0x0,0x0,0x0,0x0,0x0,0x7,0x0,
0xbe,0x0,0x0,0x0,0x0,0x0,0x0,0x0,
0x1b,0x4,0xd0,0x1,0x1b,0x4,0x40,0x2,
0xc3,0x0,0x0,0x0,0x0,0x0,0x7,0x0,
0xbd,0x0,0x0,0x0,0x0,0x0,0x0,0x0,
0x1a,0x4,0xd0,0x1,0x1a,0x4,0x30,0x2,
0xc1,0x0,0x0,0x0,0x0,0x0,0xa,0x0,
0x6f,0x0,0x0,0x0,0x0,0x0,0x0,0x0,
0x1c,0x4,0xd0,0x1,0x1c,0x4,0x20,0x2,
0x0,0x0,0x0,0x0,0x0,0x0,0x0,0x0,
0x0,0x0,0x0,0x0,0x0,0x0,0xff,0xff,
0xff,0xff,0xff,0xff,0x0,0x0,0x0,0x0,
0x54,0x0,0x0,0x0,0x54,0x0,0x0,0x0,
0x54,0x0,0x0,0x0,0x0,0x0,0x0,0x0,
0x54,0x0,0x0,0x0,0x54,0x0,0x0,0x0,
0x0,0x0,0x1,0x0,0x54,0x0,0x0,0x0,
0x0,0x0,0x0,0x0,0x6c,0x0,0x0,0x0,
0x1c,0x4,0xd0,0x1,0x0,0x0,0x0,0x0,
0x6c,0x0,0x0,0x0,0x0,0x0,0x0,0x0,
0x6c,0x0,0x0,0x0,0x0,0x0,0x0,0x0,
0xc2,0x0,0x0,0x0,0x0,0x0,0x2,0x0,
0x18,0x0,0x0,0x0,0x0,0x0,0x0,0x0,
0x1c,0x4,0x20,0x2,0x1c,0x4,0xd0,0x2,
0x0,0x0,0x0,0x0,0x16,0x0,0x0,0x0,
0x0,0x0,0x0,0x0,0x0,0x0,0xff,0xff,
0xff,0xff,0xff,0xff,0x0,0x0,0x0,0x0,
0x54,0x0,0x0,0x0,0x54,0x0,0x0,0x0,
0x54,0x0,0x0,0x0,0x0,0x0,0x0,0x0,
0x54,0x0,0x0,0x0,0x54,0x0,0x0,0x0,
0x0,0x0,0x3,0x0,0x54,0x0,0x0,0x0,
0x0,0x0,0x0,0x0,0x9c,0x0,0x0,0x0,
0x20,0x4,0x50,0x2,0x0,0x0,0x0,0x0,
0x9c,0x0,0x0,0x0,0x0,0x0,0x0,0x0,
0x9c,0x0,0x0,0x0,0x0,0x0,0x0,0x0,
0x1a,0x0,0x0,0x0,0x0,0x0,0x7,0x0,
0xc1,0x0,0x0,0x0,0x0,0x0,0x0,0x0,
0x22,0x4,0xd0,0x1,0x22,0x4,0x40,0x2,
0xab,0x0,0x0,0x0,0x0,0x0,0x2,0x0,
0x20,0x0,0x0,0x0,0x0,0x0,0x0,0x0,
0x21,0x4,0xd0,0x1,0x21,0x4,0x50,0x2,
0xad,0x0,0x0,0x0,0x0,0x0,0xa,0x0,
0x71,0x0,0x0,0x0,0x0,0x0,0x0,0x0,
0x23,0x4,0xd0,0x1,0x23,0x4,0x40,0x2,
0x0,0x0,0x0,0x0,0x0,0x0,0x0,0x0,
0x0,0x0,0x0,0x0,0x0,0x0,0xff,0xff,
0xff,0xff,0xff,0xff,0x0,0x0,0x0,0x0,
0x54,0x0,0x0,0x0,0x54,0x0,0x0,0x0,
0x54,0x0,0x0,0x0,0x0,0x0,0x0,0x0,
0x54,0x0,0x0,0x0,0x54,0x0,0x0,0x0,
0x0,0x0,0x2,0x0,0x54,0x0,0x0,0x0,
0x0,0x0,0x0,0x0,0x84,0x0,0x0,0x0,
0x23,0x4,0xd0,0x1,0x0,0x0,0x0,0x0,
0x84,0x0,0x0,0x0,0x0,0x0,0x0,0x0,
0x84,0x0,0x0,0x0,0x0,0x0,0x0,0x0,
0x2b,0x0,0x0,0x0,0x0,0x0,0x2,0x0,
0x14,0x0,0x0,0x0,0x0,0x0,0x0,0x0,
0x24,0x4,0x40,0x2,0x24,0x4,0xb0,0x2,
0x1a,0x0,0x0,0x0,0x0,0x0,0x7,0x0,
0xc2,0x0,0x0,0x0,0x0,0x0,0x0,0x0,
0x23,0x4,0x40,0x2,0x23,0x4,0xb0,0x2,
0x0,0x0,0x0,0x0,0xd8,0x0,0x0,0x0,
0x15,0x1,0x0,0x0,0x0,0x0,0xff,0xff,
0xff,0xff,0xff,0xff,0x0,0x0,0x0,0x0,
0x54,0x0,0x0,0x0,0x54,0x0,0x0,0x0,
0x54,0x0,0x0,0x0,0x0,0x0,0x0,0x0,
0x54,0x0,0x0,0x0,0x54,0x0,0x0,0x0,
0x0,0x0,0x7,0x0,0x54,0x0,0x0,0x0,
0x0,0x0,0x0,0x0,0xfc,0x0,0x0,0x0,
0x27,0x4,0x50,0x1,0x28,0x4,0x90,0x1,
0xfc,0x0,0x0,0x0,0x0,0x0,0x0,0x0,
0xfc,0x0,0x0,0x0,0x0,0x0,0x0,0x0,
0xda,0x0,0x0,0x0,0x0,0x0,0x2,0x0,
0x12,0x0,0x0,0x0,0x0,0x0,0x0,0x0,
0x29,0x4,0x90,0x1,0x29,0x4,0x20,0x2,
0x0,0x0,0x0,0x0,0x0,0x0,0x8,0x0,
0x74,0x0,0x0,0x0,0x0,0x0,0x0,0x0,
0x2b,0x4,0x90,0x1,0x2b,0x4,0x90,0x1,
0x0,0x0,0x0,0x0,0x0,0x0,0x8,0x0,
0x82,0x0,0x0,0x0,0x0,0x0,0x0,0x0,
0x63,0x4,0x90,0x1,0x63,0x4,0x90,0x1,
0x0,0x0,0x0,0x0,0x0,0x0,0x8,0x0,
0x83,0x0,0x0,0x0,0x0,0x0,0x0,0x0,
0x67,0x4,0x90,0x1,0x67,0x4,0x90,0x1,
0x0,0x0,0x0,0x0,0x0,0x0,0x8,0x0,
0x8a,0x0,0x0,0x0,0x0,0x0,0x0,0x0,
0x85,0x4,0x90,0x1,0x85,0x4,0x90,0x1,
0x0,0x0,0x0,0x0,0x0,0x0,0x8,0x0,
0x90,0x0,0x0,0x0,0x0,0x0,0x0,0x0,
0xa9,0x4,0x90,0x1,0xa9,0x4,0x90,0x1,
0x17,0x0,0x0,0x0,0x0,0x0,0xa,0x0,
0x73,0x0,0x0,0x0,0x0,0x0,0x0,0x0,
0x2a,0x4,0x90,0x1,0x2a,0x4,0x10,0x2,
0x0,0x0,0x0,0x0,0x0,0x0,0x0,0x0,
0x0,0x0,0x0,0x0,0x0,0x0,0xff,0xff,
0xff,0xff,0xff,0xff,0x0,0x0,0x0,0x0,
0x54,0x0,0x0,0x0,0x54,0x0,0x0,0x0,
0x54,0x0,0x0,0x0,0x0,0x0,0x0,0x0,
0x54,0x0,0x0,0x0,0x54,0x0,0x0,0x0,
0x0,0x0,0x1,0x0,0x54,0x0,0x0,0x0,
0x0,0x0,0x0,0x0,0x6c,0x0,0x0,0x0,
0x2a,0x4,0x90,0x1,0x0,0x0,0x0,0x0,
0x6c,0x0,0x0,0x0,0x0,0x0,0x0,0x0,
0x6c,0x0,0x0,0x0,0x0,0x0,0x0,0x0,
0x63,0x0,0x0,0x0,0x0,0x0,0x7,0x0,
0xc3,0x0,0x0,0x0,0x0,0x0,0x0,0x0,
0x2a,0x4,0x10,0x2,0x2a,0x4,0x10,0x3,
0x0,0x0,0x0,0x0,0xd8,0x0,0x0,0x0,
0x16,0x1,0x0,0x0,0x0,0x0,0xff,0xff,
0xff,0xff,0xff,0xff,0x0,0x0,0x0,0x0,
0x54,0x0,0x0,0x0,0x54,0x0,0x0,0x0,
0x54,0x0,0x0,0x0,0x0,0x0,0x0,0x0,
0x54,0x0,0x0,0x0,0x54,0x0,0x0,0x0,
0x0,0x0,0x4,0x0,0x54,0x0,0x0,0x0,
0x0,0x0,0x0,0x0,0xb4,0x0,0x0,0x0,
0x2b,0x4,0x90,0x1,0x2c,0x4,0xd0,0x1,
0xb4,0x0,0x0,0x0,0x0,0x0,0x0,0x0,
0xb4,0x0,0x0,0x0,0x0,0x0,0x0,0x0,
0xb1,0x0,0x0,0x0,0x0,0x0,0x7,0x0,
0xc5,0x0,0x0,0x0,0x0,0x0,0x0,0x0,
0x2f,0x4,0xd0,0x1,0x2f,0x4,0x60,0x2,
0x44,0x0,0x0,0x0,0x0,0x0,0x7,0x0,
0xc4,0x0,0x0,0x0,0x0,0x0,0x0,0x0,
0x2e,0x4,0xd0,0x1,0x2e,0x4,0x60,0x2,
0xda,0x0,0x0,0x0,0x0,0x0,0x2,0x0,
0x20,0x0,0x0,0x0,0x0,0x0,0x0,0x0,
0x2d,0x4,0xd0,0x1,0x2d,0x4,0x60,0x2,
0x0,0x0,0x0,0x0,0x0,0x0,0x8,0x0,
0x75,0x0,0x0,0x0,0x0,0x0,0x0,0x0,
0x30,0x4,0xd0,0x1,0x30,0x4,0xd0,0x1,
0x0,0x0,0x0,0x0,0xa7,0x0,0x0,0x0,
0x0,0x0,0x0,0x0,0x0,0x0,0xff,0xff,
0xff,0xff,0xff,0xff,0x0,0x0,0x0,0x0,
0x54,0x0,0x0,0x0,0x54,0x0,0x0,0x0,
0x54,0x0,0x0,0x0,0x0,0x0,0x0,0x0,
0x54,0x0,0x0,0x0,0x54,0x0,0x0,0x0,
0x0,0x0,0x2,0x0,0x54,0x0,0x0,0x0,
0x0,0x0,0x0,0x0,0x84,0x0,0x0,0x0,
0x30,0x4,0xd0,0x1,0x0,0x0,0x0,0x0,
0x84,0x0,0x0,0x0,0x0,0x0,0x0,0x0,
0x84,0x0,0x0,0x0,0x0,0x0,0x0,0x0,
0xb9,0x0,0x0,0x0,0x0,0x0,0x8,0x0,
0x76,0x0,0x0,0x0,0x0,0x0,0x0,0x0,
0x32,0x4,0x10,0x2,0x32,0x4,0xb0,0x2,
0xa9,0x0,0x0,0x0,0x0,0x0,0x7,0x0,
0xc6,0x0,0x0,0x0,0x0,0x0,0x0,0x0,
0x31,0x4,0x10,0x2,0x31,0x4,0x80,0x2,
0x0,0x0,0x0,0x0,0x5,0x0,0x0,0x0,
0x0,0x0,0x0,0x0,0x0,0x0,0xff,0xff,
0xff,0xff,0xff,0xff,0x0,0x0,0x2,0x0,
0x54,0x0,0x0,0x0,0x54,0x0,0x0,0x0,
0x6c,0x0,0x0,0x0,0x0,0x0,0x0,0x0,
0x6c,0x0,0x0,0x0,0x6c,0x0,0x0,0x0,
0x0,0x0,0x6,0x0,0x6c,0x0,0x0,0x0,
0x0,0x0,0x0,0x0,0xfc,0x0,0x0,0x0,
0x32,0x4,0xb0,0x2,0x0,0x0,0x0,0x0,
0xfc,0x0,0x0,0x0,0x0,0x0,0x0,0x0,
0xfc,0x0,0x0,0x0,0x0,0x0,0x0,0x0,
0x17,0x1,0x0,0x0,0x1,0x0,0x0,0xa0,
0x36,0x4,0x50,0x2,0x19,0x1,0x0,0x0,
0x1,0x0,0x0,0xa0,0x37,0x4,0x50,0x2,
0x19,0x1,0x0,0x0,0x8,0x0,0x7,0x0,
0xc9,0x0,0x0,0x0,0x0,0x0,0x0,0x0,
0x37,0x4,0xb0,0x3,0x37,0x4,0xb0,0x4,
0x17,0x1,0x0,0x0,0x8,0x0,0x7,0x0,
0xc8,0x0,0x0,0x0,0x0,0x0,0x0,0x0,
0x36,0x4,0xb0,0x3,0x36,0x4,0x60,0x4,
0x2d,0x0,0x0,0x0,0x0,0x0,0x7,0x0,
0xc7,0x0,0x0,0x0,0x0,0x0,0x0,0x0,
0x34,0x4,0x50,0x2,0x34,0x4,0xd0,0x2,
0x2b,0x0,0x0,0x0,0x0,0x0,0x2,0x0,
0x2d,0x0,0x0,0x0,0x0,0x0,0x0,0x0,
0x33,0x4,0x50,0x2,0x33,0x4,0xc0,0x2,
0x0,0x0,0x0,0x0,0x0,0x0,0x8,0x0,
0x77,0x0,0x0,0x0,0x0,0x0,0x0,0x0,
0x38,0x4,0x50,0x2,0x38,0x4,0x50,0x2,
0x0,0x0,0x0,0x0,0x0,0x0,0x8,0x0,
0x80,0x0,0x0,0x0,0x0,0x0,0x0,0x0,
0x5a,0x4,0x50,0x2,0x5a,0x4,0x50,0x2,
0x0,0x0,0x0,0x0,0xdb,0x0,0x0,0x0,
0x1b,0x1,0x0,0x0,0x0,0x0,0xff,0xff,
0xff,0xff,0xff,0xff,0x0,0x0,0x0,0x0,
0x54,0x0,0x0,0x0,0x54,0x0,0x0,0x0,
0x54,0x0,0x0,0x0,0x0,0x0,0x0,0x0,
0x54,0x0,0x0,0x0,0x54,0x0,0x0,0x0,
0x0,0x0,0x4,0x0,0x54,0x0,0x0,0x0,
0x0,0x0,0x0,0x0,0xb4,0x0,0x0,0x0,
0x38,0x4,0x50,0x2,0x39,0x4,0x90,0x2,
0xb4,0x0,0x0,0x0,0x0,0x0,0x0,0x0,
0xb4,0x0,0x0,0x0,0x0,0x0,0x0,0x0,
0xda,0x0,0x0,0x0,0x0,0x0,0x2,0x0,
0x17,0x0,0x0,0x0,0x0,0x0,0x0,0x0,
0x3a,0x4,0x90,0x2,0x3a,0x4,0x20,0x3,
0x0,0x0,0x0,0x0,0x0,0x0,0x8,0x0,
0x79,0x0,0x0,0x0,0x0,0x0,0x0,0x0,
0x3c,0x4,0x90,0x2,0x3c,0x4,0x90,0x2,
0x0,0x0,0x0,0x0,0x0,0x0,0x8,0x0,
0x7e,0x0,0x0,0x0,0x0,0x0,0x0,0x0,
0x51,0x4,0x90,0x2,0x51,0x4,0x90,0x2,
0x17,0x0,0x0,0x0,0x0,0x0,0xa,0x0,
0x78,0x0,0x0,0x0,0x0,0x0,0x0,0x0,
0x3b,0x4,0x90,0x2,0x3b,0x4,0x10,0x3,
0x0,0x0,0x0,0x0,0x0,0x0,0x0,0x0,
0x0,0x0,0x0,0x0,0x0,0x0,0xff,0xff,
0xff,0xff,0xff,0xff,0x0,0x0,0x0,0x0,
0x54,0x0,0x0,0x0,0x54,0x0,0x0,0x0,
0x54,0x0,0x0,0x0,0x0,0x0,0x0,0x0,
0x54,0x0,0x0,0x0,0x54,0x0,0x0,0x0,
0x0,0x0,0x1,0x0,0x54,0x0,0x0,0x0,
0x0,0x0,0x0,0x0,0x6c,0x0,0x0,0x0,
0x3b,0x4,0x90,0x2,0x0,0x0,0x0,0x0,
0x6c,0x0,0x0,0x0,0x0,0x0,0x0,0x0,
0x6c,0x0,0x0,0x0,0x0,0x0,0x0,0x0,
0x61,0x0,0x0,0x0,0x0,0x0,0x7,0x0,
0xca,0x0,0x0,0x0,0x0,0x0,0x0,0x0,
0x3b,0x4,0x10,0x3,0x3b,0x4,0x30,0x4,
0x0,0x0,0x0,0x0,0x16,0x0,0x0,0x0,
0x0,0x0,0x0,0x0,0x0,0x0,0xff,0xff,
0xff,0xff,0xff,0xff,0x0,0x0,0x0,0x0,
0x54,0x0,0x0,0x0,0x54,0x0,0x0,0x0,
0x54,0x0,0x0,0x0,0x0,0x0,0x0,0x0,
0x54,0x0,0x0,0x0,0x54,0x0,0x0,0x0,
0x0,0x0,0x7,0x0,0x54,0x0,0x0,0x0,
0x0,0x0,0x0,0x0,0xfc,0x0,0x0,0x0,
0x3c,0x4,0x90,0x2,0x0,0x0,0x0,0x0,
0xfc,0x0,0x0,0x0,0x0,0x0,0x0,0x0,
0xfc,0x0,0x0,0x0,0x0,0x0,0x0,0x0,
0x1a,0x0,0x0,0x0,0x4,0x0,0x8,0x0,
0x7b,0x0,0x0,0x0,0x0,0x0,0x0,0x0,
0x4a,0x4,0x90,0x3,0x4a,0x4,0xd0,0x2,
0xb1,0x0,0x0,0x0,0x0,0x0,0x7,0x0,
0xcd,0x0,0x0,0x0,0x0,0x0,0x0,0x0,
0x48,0x4,0xd0,0x2,0x48,0x4,0x60,0x3,
0x1a,0x0,0x0,0x0,0x0,0x0,0x7,0x0,
0xcc,0x0,0x0,0x0,0x0,0x0,0x0,0x0,
0x41,0x4,0xd0,0x2,0x41,0x4,0x40,0x3,
0xab,0x0,0x0,0x0,0x0,0x0,0x7,0x0,
0xcb,0x0,0x0,0x0,0x0,0x0,0x0,0x0,
0x3f,0x4,0xd0,0x2,0x3f,0x4,0x50,0x3,
0x2d,0x0,0x0,0x0,0x0,0x0,0x2,0x0,
0x2e,0x0,0x0,0x0,0x0,0x0,0x0,0x0,
0x3e,0x4,0xd0,0x2,0x3e,0x4,0x50,0x3,
0x2b,0x0,0x0,0x0,0x0,0x0,0x2,0x0,
0x2e,0x0,0x0,0x0,0x0,0x0,0x0,0x0,
0x3d,0x4,0xd0,0x2,0x3d,0x4,0x40,0x3,
0xad,0x0,0x0,0x0,0x0,0x0,0xa,0x0,
0x7a,0x0,0x0,0x0,0x0,0x0,0x0,0x0,
0x46,0x4,0xd0,0x2,0x46,0x4,0x40,0x3,
0x0,0x0,0x0,0x0,0x0,0x0,0x0,0x0,
0x0,0x0,0x0,0x0,0x0,0x0,0xff,0xff,
0xff,0xff,0xff,0xff,0x0,0x0,0x0,0x0,
0x54,0x0,0x0,0x0,0x54,0x0,0x0,0x0,
0x54,0x0,0x0,0x0,0x0,0x0,0x0,0x0,
0x54,0x0,0x0,0x0,0x54,0x0,0x0,0x0,
0x0,0x0,0x2,0x0,0x54,0x0,0x0,0x0,
0x0,0x0,0x0,0x0,0x84,0x0,0x0,0x0,
0x46,0x4,0xd0,0x2,0x0,0x0,0x0,0x0,
0x84,0x0,0x0,0x0,0x0,0x0,0x0,0x0,
0x84,0x0,0x0,0x0,0x0,0x0,0x0,0x0,
0x2b,0x0,0x0,0x0,0x0,0x0,0x2,0x0,
0x14,0x0,0x0,0x0,0x0,0x0,0x0,0x0,
0x47,0x4,0x40,0x3,0x47,0x4,0xb0,0x3,
0x1a,0x0,0x0,0x0,0x0,0x0,0x7,0x0,
0xce,0x0,0x0,0x0,0x0,0x0,0x0,0x0,
0x46,0x4,0x40,0x3,0x46,0x4,0xb0,0x3,
0x0,0x0,0x0,0x0,0xb3,0x0,0x0,0x0,
0x0,0x0,0x0,0x0,0x0,0x0,0xff,0xff,
0xff,0xff,0xff,0xff,0x0,0x0,0x0,0x0,
0x54,0x0,0x0,0x0,0x54,0x0,0x0,0x0,
0x54,0x0,0x0,0x0,0x0,0x0,0x0,0x0,
0x54,0x0,0x0,0x0,0x54,0x0,0x0,0x0,
0x0,0x0,0x1,0x0,0x54,0x0,0x0,0x0,
0x0,0x0,0x0,0x0,0x6c,0x0,0x0,0x0,
0x4a,0x4,0xd0,0x2,0x0,0x0,0x0,0x0,
0x6c,0x0,0x0,0x0,0x0,0x0,0x0,0x0,
0x6c,0x0,0x0,0x0,0x0,0x0,0x0,0x0,
0x0,0x0,0x0,0x0,0x0,0x0,0x8,0x0,
0x7c,0x0,0x0,0x0,0x0,0x0,0x0,0x0,
0x4b,0x4,0x10,0x3,0x4b,0x4,0x10,0x3,
0x0,0x0,0x0,0x0,0xf7,0x0,0x0,0x0,
0x0,0x0,0x0,0x0,0x0,0x0,0xff,0xff,
0xff,0xff,0xff,0xff,0x0,0x0,0x0,0x0,
0x54,0x0,0x0,0x0,0x54,0x0,0x0,0x0,
0x54,0x0,0x0,0x0,0x0,0x0,0x0,0x0,
0x54,0x0,0x0,0x0,0x54,0x0,0x0,0x0,
0x0,0x0,0x2,0x0,0x54,0x0,0x0,0x0,
0x0,0x0,0x0,0x0,0x84,0x0,0x0,0x0,
0x4b,0x4,0x10,0x3,0x0,0x0,0x0,0x0,
0x84,0x0,0x0,0x0,0x0,0x0,0x0,0x0,
0x84,0x0,0x0,0x0,0x0,0x0,0x0,0x0,
0xb5,0x0,0x0,0x0,0x0,0x0,0x7,0x0,
0xcf,0x0,0x0,0x0,0x0,0x0,0x0,0x0,
0x4c,0x4,0x50,0x3,0x4c,0x4,0xf0,0x3,
0xb6,0x0,0x0,0x0,0x0,0x0,0xa,0x0,
0x7d,0x0,0x0,0x0,0x0,0x0,0x0,0x0,
0x4d,0x4,0x50,0x3,0x4d,0x4,0xc0,0x3,
0x0,0x0,0x0,0x0,0x0,0x0,0x0,0x0,
0x0,0x0,0x0,0x0,0x0,0x0,0xff,0xff,
0xff,0xff,0xff,0xff,0x0,0x0,0x0,0x0,
0x54,0x0,0x0,0x0,0x54,0x0,0x0,0x0,
0x54,0x0,0x0,0x0,0x0,0x0,0x0,0x0,
0x54,0x0,0x0,0x0,0x54,0x0,0x0,0x0,
0x0,0x0,0x1,0x0,0x54,0x0,0x0,0x0,
0x0,0x0,0x0,0x0,0x6c,0x0,0x0,0x0,
0x4d,0x4,0x50,0x3,0x0,0x0,0x0,0x0,
0x6c,0x0,0x0,0x0,0x0,0x0,0x0,0x0,
0x6c,0x0,0x0,0x0,0x0,0x0,0x0,0x0,
0xb7,0x0,0x0,0x0,0x0,0x0,0x7,0x0,
0xd0,0x0,0x0,0x0,0x0,0x0,0x0,0x0,
0x4d,0x4,0xc0,0x3,0x4d,0x4,0x20,0x4,
0x0,0x0,0x0,0x0,0xbe,0x0,0x0,0x0,
0x0,0x0,0x0,0x0,0x0,0x0,0xff,0xff,
0xff,0xff,0xff,0xff,0x0,0x0,0x0,0x0,
0x54,0x0,0x0,0x0,0x54,0x0,0x0,0x0,
0x54,0x0,0x0,0x0,0x0,0x0,0x0,0x0,
0x54,0x0,0x0,0x0,0x54,0x0,0x0,0x0,
0x0,0x0,0x6,0x0,0x54,0x0,0x0,0x0,
0x0,0x0,0x0,0x0,0xe4,0x0,0x0,0x0,
0x51,0x4,0x90,0x2,0x0,0x0,0x0,0x0,
0xe4,0x0,0x0,0x0,0x0,0x0,0x0,0x0,
0xe4,0x0,0x0,0x0,0x0,0x0,0x0,0x0,
0xb1,0x0,0x0,0x0,0x0,0x0,0x7,0x0,
0xd4,0x0,0x0,0x0,0x0,0x0,0x0,0x0,
0x57,0x4,0xd0,0x2,0x57,0x4,0x60,0x3,
0x1a,0x0,0x0,0x0,0x0,0x0,0x3,0x0,
0x0,0x0,0x0,0x0,0x1d,0x1,0x0,0x0,
0x56,0x4,0xd0,0x2,0x56,0x4,0x40,0x3,
0xc3,0x0,0x0,0x0,0x0,0x0,0x7,0x0,
0xd3,0x0,0x0,0x0,0x0,0x0,0x0,0x0,
0x54,0x4,0xd0,0x2,0x54,0x4,0x30,0x3,
0xff,0x0,0x0,0x0,0x0,0x0,0x7,0x0,
0xd2,0x0,0x0,0x0,0x0,0x0,0x0,0x0,
0x53,0x4,0xd0,0x2,0x53,0x4,0x20,0x4,
0x2b,0x0,0x0,0x0,0x0,0x0,0x7,0x0,
0xd1,0x0,0x0,0x0,0x0,0x0,0x0,0x0,
0x52,0x4,0xd0,0x2,0x52,0x4,0x40,0x3,
0xc1,0x0,0x0,0x0,0x0,0x0,0xa,0x0,
0x7f,0x0,0x0,0x0,0x0,0x0,0x0,0x0,
0x55,0x4,0xd0,0x2,0x55,0x4,0x20,0x3,
0x0,0x0,0x0,0x0,0x0,0x0,0x0,0x0,
0x0,0x0,0x0,0x0,0x0,0x0,0xff,0xff,
0xff,0xff,0xff,0xff,0x0,0x0,0x0,0x0,
0x54,0x0,0x0,0x0,0x54,0x0,0x0,0x0,
0x54,0x0,0x0,0x0,0x0,0x0,0x0,0x0,
0x54,0x0,0x0,0x0,0x54,0x0,0x0,0x0,
0x0,0x0,0x1,0x0,0x54,0x0,0x0,0x0,
0x0,0x0,0x0,0x0,0x6c,0x0,0x0,0x0,
0x55,0x4,0xd0,0x2,0x0,0x0,0x0,0x0,
0x6c,0x0,0x0,0x0,0x0,0x0,0x0,0x0,
0x6c,0x0,0x0,0x0,0x0,0x0,0x0,0x0,
0xc2,0x0,0x0,0x0,0x0,0x0,0x2,0x0,
0x25,0x0,0x0,0x0,0x0,0x0,0x0,0x0,
0x55,0x4,0x20,0x3,0x55,0x4,0xd0,0x3,
0x0,0x0,0x0,0x0,0xc5,0x0,0x0,0x0,
0x0,0x0,0x0,0x0,0x0,0x0,0xff,0xff,
0xff,0xff,0xff,0xff,0x0,0x0,0x0,0x0,
0x54,0x0,0x0,0x0,0x54,0x0,0x0,0x0,
0x54,0x0,0x0,0x0,0x0,0x0,0x0,0x0,
0x54,0x0,0x0,0x0,0x54,0x0,0x0,0x0,
0x0,0x0,0x4,0x0,0x54,0x0,0x0,0x0,
0x0,0x0,0x0,0x0,0xb4,0x0,0x0,0x0,
0x5a,0x4,0x50,0x2,0x0,0x0,0x0,0x0,
0xb4,0x0,0x0,0x0,0x0,0x0,0x0,0x0,
0xb4,0x0,0x0,0x0,0x0,0x0,0x0,0x0,
0xf,0x1,0x0,0x0,0x0,0x0,0x7,0x0,
0xd7,0x0,0x0,0x0,0x0,0x0,0x0,0x0,
0x5e,0x4,0x90,0x2,0x5e,0x4,0x40,0x3,
0x1e,0x1,0x0,0x0,0x0,0x0,0x7,0x0,
0xd6,0x0,0x0,0x0,0x0,0x0,0x0,0x0,
0x5d,0x4,0x90,0x2,0x5d,0x4,0x60,0x3,
0x1e,0x0,0x0,0x0,0x0,0x0,0x7,0x0,
0xd5,0x0,0x0,0x0,0x0,0x0,0x0,0x0,
0x5c,0x4,0x90,0x2,0x5c,0x4,0x20,0x3,
0x17,0x0,0x0,0x0,0x0,0x0,0xa,0x0,
0x81,0x0,0x0,0x0,0x0,0x0,0x0,0x0,
0x5b,0x4,0x90,0x2,0x5b,0x4,0x10,0x3,
0x0,0x0,0x0,0x0,0x0,0x0,0x0,0x0,
0x0,0x0,0x0,0x0,0x0,0x0,0xff,0xff,
0xff,0xff,0xff,0xff,0x0,0x0,0x0,0x0,
0x54,0x0,0x0,0x0,0x54,0x0,0x0,0x0,
0x54,0x0,0x0,0x0,0x0,0x0,0x0,0x0,
0x54,0x0,0x0,0x0,0x54,0x0,0x0,0x0,
0x0,0x0,0x1,0x0,0x54,0x0,0x0,0x0,
0x0,0x0,0x0,0x0,0x6c,0x0,0x0,0x0,
0x5b,0x4,0x90,0x2,0x0,0x0,0x0,0x0,
0x6c,0x0,0x0,0x0,0x0,0x0,0x0,0x0,
0x6c,0x0,0x0,0x0,0x0,0x0,0x0,0x0,
0x18,0x0,0x0,0x0,0x0,0x0,0x7,0x0,
0xd8,0x0,0x0,0x0,0x0,0x0,0x0,0x0,
0x5b,0x4,0x10,0x3,0x5b,0x4,0x70,0x3,
0x0,0x0,0x0,0x0,0x5,0x0,0x0,0x0,
0x0,0x0,0x0,0x0,0x0,0x0,0xff,0xff,
0xff,0xff,0xff,0xff,0x0,0x0,0x0,0x0,
0x54,0x0,0x0,0x0,0x54,0x0,0x0,0x0,
0x54,0x0,0x0,0x0,0x0,0x0,0x0,0x0,
0x54,0x0,0x0,0x0,0x54,0x0,0x0,0x0,
0x0,0x0,0x2,0x0,0x54,0x0,0x0,0x0,
0x0,0x0,0x0,0x0,0x84,0x0,0x0,0x0,
0x63,0x4,0x90,0x1,0x0,0x0,0x0,0x0,
0x84,0x0,0x0,0x0,0x0,0x0,0x0,0x0,
0x84,0x0,0x0,0x0,0x0,0x0,0x0,0x0,
0x2d,0x0,0x0,0x0,0x0,0x0,0x2,0x0,
0x14,0x0,0x0,0x0,0x0,0x0,0x0,0x0,
0x65,0x4,0xd0,0x1,0x65,0x4,0x50,0x2,
0x2b,0x0,0x0,0x0,0x0,0x0,0x2,0x0,
0x2f,0x0,0x0,0x0,0x0,0x0,0x0,0x0,
0x64,0x4,0xd0,0x1,0x64,0x4,0x40,0x2,
0x0,0x0,0x0,0x0,0x20,0x1,0x0,0x0,
0x21,0x1,0x0,0x0,0x0,0x0,0xff,0xff,
0xff,0xff,0xff,0xff,0x0,0x0,0x0,0x0,
0x54,0x0,0x0,0x0,0x54,0x0,0x0,0x0,
0x54,0x0,0x0,0x0,0x0,0x0,0x0,0x0,
0x54,0x0,0x0,0x0,0x54,0x0,0x0,0x0,
0x0,0x0,0x9,0x0,0x54,0x0,0x0,0x0,
0x0,0x0,0x0,0x0,0x2c,0x1,0x0,0x0,
0x67,0x4,0x90,0x1,0x68,0x4,0xd0,0x1,
0x2c,0x1,0x0,0x0,0x0,0x0,0x0,0x0,
0x2c,0x1,0x0,0x0,0x0,0x0,0x0,0x0,
0xf,0x1,0x0,0x0,0x0,0x0,0x7,0x0,
0xda,0x0,0x0,0x0,0x0,0x0,0x0,0x0,
0x79,0x4,0xd0,0x1,0x79,0x4,0x80,0x2,
0xf4,0x0,0x0,0x0,0x0,0x0,0x8,0x0,
0x86,0x0,0x0,0x0,0x0,0x0,0x0,0x0,
0x71,0x4,0xd0,0x1,0x71,0x4,0xa0,0x2,
0x14,0x1,0x0,0x0,0x0,0x0,0x8,0x0,
0x84,0x0,0x0,0x0,0x0,0x0,0x0,0x0,
0x6d,0x4,0xd0,0x1,0x6d,0x4,0x90,0x2,
0x1e,0x0,0x0,0x0,0x0,0x0,0x7,0x0,
0xd9,0x0,0x0,0x0,0x0,0x0,0x0,0x0,
0x6c,0x4,0xd0,0x1,0x6c,0x4,0x60,0x2,
0x8,0x0,0x0,0x0,0x0,0x0,0x2,0x0,
0x5,0x0,0x0,0x0,0x0,0x0,0x0,0x0,
0x6b,0x4,0xd0,0x1,0x6b,0x4,0xd0,0x2,
0x7,0x0,0x0,0x0,0x0,0x0,0x2,0x0,
0x5,0x0,0x0,0x0,0x0,0x0,0x0,0x0,
0x6a,0x4,0xd0,0x1,0x6a,0x4,0xc0,0x2,
0x22,0x1,0x0,0x0,0x0,0x0,0x1,0x0,
0x1,0x0,0x0,0x0,0x0,0x0,0x0,0x0,
0x69,0x4,0xd0,0x1,0x69,0x4,0x80,0x2,
0x0,0x0,0x0,0x0,0x0,0x0,0x8,0x0,
0x89,0x0,0x0,0x0,0x0,0x0,0x0,0x0,
0x7e,0x4,0xd0,0x1,0x7e,0x4,0xd0,0x1,
0x25,0x1,0x0,0x0,0x0,0x0,0x9,0x0,
0x88,0x0,0x0,0x0,0x0,0x0,0x0,0x0,
0x7a,0x4,0xd0,0x1,0x7a,0x4,0x70,0x2,
0x0,0x0,0x0,0x0,0x16,0x0,0x0,0x0,
0x0,0x0,0x0,0x0,0x0,0x0,0xff,0xff,
0xff,0xff,0xff,0xff,0x0,0x0,0x0,0x0,
0x54,0x0,0x0,0x0,0x54,0x0,0x0,0x0,
0x54,0x0,0x0,0x0,0x0,0x0,0x0,0x0,
0x54,0x0,0x0,0x0,0x54,0x0,0x0,0x0,
0x0,0x0,0x2,0x0,0x54,0x0,0x0,0x0,
0x0,0x0,0x0,0x0,0x84,0x0,0x0,0x0,
0x6d,0x4,0x90,0x2,0x0,0x0,0x0,0x0,
0x84,0x0,0x0,0x0,0x0,0x0,0x0,0x0,
0x84,0x0,0x0,0x0,0x0,0x0,0x0,0x0,
0x1a,0x0,0x0,0x0,0x0,0x0,0x3,0x0,
0x0,0x0,0x0,0x0,0x23,0x1,0x0,0x0,
0x6f,0x4,0x10,0x2,0x6f,0x4,0x80,0x2,
0x17,0x0,0x0,0x0,0x0,0x0,0xa,0x0,
0x85,0x0,0x0,0x0,0x0,0x0,0x0,0x0,
0x6e,0x4,0x10,0x2,0x6e,0x4,0x90,0x2,
0x0,0x0,0x0,0x0,0x0,0x0,0x0,0x0,
0x0,0x0,0x0,0x0,0x0,0x0,0xff,0xff,
0xff,0xff,0xff,0xff,0x0,0x0,0x0,0x0,
0x54,0x0,0x0,0x0,0x54,0x0,0x0,0x0,
0x54,0x0,0x0,0x0,0x0,0x0,0x0,0x0,
0x54,0x0,0x0,0x0,0x54,0x0,0x0,0x0,
0x0,0x0,0x1,0x0,0x54,0x0,0x0,0x0,
0x0,0x0,0x0,0x0,0x6c,0x0,0x0,0x0,
0x6e,0x4,0x10,0x2,0x0,0x0,0x0,0x0,
0x6c,0x0,0x0,0x0,0x0,0x0,0x0,0x0,
0x6c,0x0,0x0,0x0,0x0,0x0,0x0,0x0,
0x18,0x0,0x0,0x0,0x0,0x0,0x7,0x0,
0xdb,0x0,0x0,0x0,0x0,0x0,0x0,0x0,
0x6e,0x4,0x90,0x2,0x6e,0x4,0xf0,0x2,
0x0,0x0,0x0,0x0,0x35,0x0,0x0,0x0,
0x0,0x0,0x0,0x0,0x0,0x0,0xff,0xff,
0xff,0xff,0xff,0xff,0x0,0x0,0x0,0x0,
0x54,0x0,0x0,0x0,0x54,0x0,0x0,0x0,
0x54,0x0,0x0,0x0,0x0,0x0,0x0,0x0,
0x54,0x0,0x0,0x0,0x54,0x0,0x0,0x0,
0x0,0x0,0x6,0x0,0x54,0x0,0x0,0x0,
0x0,0x0,0x0,0x0,0xe4,0x0,0x0,0x0,
0x71,0x4,0xa0,0x2,0x0,0x0,0x0,0x0,
0xe4,0x0,0x0,0x0,0x0,0x0,0x0,0x0,
0xe4,0x0,0x0,0x0,0x0,0x0,0x0,0x0,
0xb1,0x0,0x0,0x0,0x0,0x0,0x7,0x0,
0xde,0x0,0x0,0x0,0x0,0x0,0x0,0x0,
0x77,0x4,0x10,0x2,0x77,0x4,0xa0,0x2,
0x39,0x0,0x0,0x0,0x0,0x0,0x7,0x0,
0xdd,0x0,0x0,0x0,0x0,0x0,0x0,0x0,
0x76,0x4,0x10,0x2,0x76,0x4,0xb0,0x2,
0x2d,0x0,0x0,0x0,0x0,0x0,0x2,0x0,
0x9,0x0,0x0,0x0,0x0,0x0,0x0,0x0,
0x75,0x4,0x10,0x2,0x75,0x4,0x90,0x2,
0x2b,0x0,0x0,0x0,0x0,0x0,0x2,0x0,
0x9,0x0,0x0,0x0,0x0,0x0,0x0,0x0,
0x74,0x4,0x10,0x2,0x74,0x4,0x80,0x2,
0x37,0x0,0x0,0x0,0x0,0x0,0x7,0x0,
0xdc,0x0,0x0,0x0,0x0,0x0,0x0,0x0,
0x73,0x4,0x10,0x2,0x73,0x4,0x90,0x2,
0x17,0x0,0x0,0x0,0x0,0x0,0xa,0x0,
0x87,0x0,0x0,0x0,0x0,0x0,0x0,0x0,
0x72,0x4,0x10,0x2,0x72,0x4,0x90,0x2,
0x0,0x0,0x0,0x0,0x0,0x0,0x0,0x0,
0x0,0x0,0x0,0x0,0x0,0x0,0xff,0xff,
0xff,0xff,0xff,0xff,0x0,0x0,0x0,0x0,
0x54,0x0,0x0,0x0,0x54,0x0,0x0,0x0,
0x54,0x0,0x0,0x0,0x0,0x0,0x0,0x0,
0x54,0x0,0x0,0x0,0x54,0x0,0x0,0x0,
0x0,0x0,0x1,0x0,0x54,0x0,0x0,0x0,
0x0,0x0,0x0,0x0,0x6c,0x0,0x0,0x0,
0x72,0x4,0x10,0x2,0x0,0x0,0x0,0x0,
0x6c,0x0,0x0,0x0,0x0,0x0,0x0,0x0,
0x6c,0x0,0x0,0x0,0x0,0x0,0x0,0x0,
0x2f,0x0,0x0,0x0,0x0,0x0,0x7,0x0,
0xdf,0x0,0x0,0x0,0x0,0x0,0x0,0x0,
0x72,0x4,0x90,0x2,0x72,0x4,0x30,0x3,
0x0,0x0,0x0,0x0,0x0,0x0,0x0,0x0,
0x0,0x0,0x0,0x0,0x0,0x0,0xff,0xff,
0xff,0xff,0xff,0xff,0x0,0x0,0x0,0x0,
0x54,0x0,0x0,0x0,0x54,0x0,0x0,0x0,
0x54,0x0,0x0,0x0,0x0,0x0,0x0,0x0,
0x54,0x0,0x0,0x0,0x54,0x0,0x0,0x0,
0x0,0x0,0x1,0x0,0x54,0x0,0x0,0x0,
0x0,0x0,0x0,0x0,0x6c,0x0,0x0,0x0,
0x7a,0x4,0xd0,0x1,0x0,0x0,0x0,0x0,
0x6c,0x0,0x0,0x0,0x0,0x0,0x0,0x0,
0x6c,0x0,0x0,0x0,0x0,0x0,0x0,0x0,
0x26,0x1,0x0,0x0,0x0,0x0,0x7,0x0,
0xe0,0x0,0x0,0x0,0x0,0x0,0x0,0x0,
0x7a,0x4,0x70,0x2,0x7a,0x4,0x40,0x3,
0x0,0x0,0x0,0x0,0x28,0x1,0x0,0x0,
0x0,0x0,0x0,0x0,0x0,0x0,0xff,0xff,
0xff,0xff,0xff,0xff,0x1,0x0,0x0,0x0,
0x54,0x0,0x0,0x0,0x58,0x0,0x0,0x0,
0x58,0x0,0x0,0x0,0x0,0x0,0x0,0x0,
0x58,0x0,0x0,0x0,0x58,0x0,0x0,0x0,
0x0,0x0,0x1,0x0,0x58,0x0,0x0,0x0,
0x0,0x0,0x0,0x0,0x70,0x0,0x0,0x0,
0x7e,0x4,0xd0,0x1,0x0,0x0,0x0,0x0,
0x70,0x0,0x0,0x0,0x0,0x0,0x0,0x0,
0x70,0x0,0x0,0x0,0x0,0x0,0x0,0x0,
0xe2,0x0,0x0,0x0,0x29,0x1,0x0,0x0,
0x0,0x0,0x7,0x0,0xe1,0x0,0x0,0x0,
0x0,0x0,0x0,0x0,0x7f,0x4,0x10,0x2,
0x7f,0x4,0x90,0x2,0x20,0x1,0x0,0x0,
0x2c,0x1,0x0,0x0,0x0,0x0,0xff,0xff,
0xff,0xff,0xff,0xff,0x0,0x0,0x0,0x0,
0x54,0x0,0x0,0x0,0x54,0x0,0x0,0x0,
0x54,0x0,0x0,0x0,0x0,0x0,0x0,0x0,
0x54,0x0,0x0,0x0,0x54,0x0,0x0,0x0,
0x0,0x0,0x9,0x0,0x54,0x0,0x0,0x0,
0x0,0x0,0x0,0x0,0x2c,0x1,0x0,0x0,
0x85,0x4,0x90,0x1,0x86,0x4,0xd0,0x1,
0x2c,0x1,0x0,0x0,0x0,0x0,0x0,0x0,
0x2c,0x1,0x0,0x0,0x0,0x0,0x0,0x0,
0xf,0x1,0x0,0x0,0x0,0x0,0x7,0x0,
0xe3,0x0,0x0,0x0,0x0,0x0,0x0,0x0,
0xa1,0x4,0xd0,0x1,0xa1,0x4,0x80,0x2,
0xf4,0x0,0x0,0x0,0x0,0x0,0x8,0x0,
0x8e,0x0,0x0,0x0,0x0,0x0,0x0,0x0,
0x99,0x4,0xd0,0x1,0x99,0x4,0xa0,0x2,
0x14,0x1,0x0,0x0,0x0,0x0,0x8,0x0,
0x8c,0x0,0x0,0x0,0x0,0x0,0x0,0x0,
0x95,0x4,0x10,0x2,0x95,0x4,0xd0,0x2,
0x81,0x0,0x0,0x0,0x0,0x0,0x2,0x0,
0x31,0x0,0x0,0x0,0x0,0x0,0x0,0x0,
0x8b,0x4,0xd0,0x1,0x8b,0x4,0x0,0x2,
0x7f,0x0,0x0,0x0,0x0,0x0,0x2,0x0,
0x30,0x0,0x0,0x0,0x0,0x0,0x0,0x0,
0x8a,0x4,0xd0,0x1,0x8a,0x4,0x0,0x2,
0x8,0x0,0x0,0x0,0x0,0x0,0x2,0x0,
0x1c,0x0,0x0,0x0,0x0,0x0,0x0,0x0,
0x89,0x4,0xd0,0x1,0x89,0x4,0xd0,0x2,
0x7,0x0,0x0,0x0,0x0,0x0,0x2,0x0,
0x1c,0x0,0x0,0x0,0x0,0x0,0x0,0x0,
0x88,0x4,0xd0,0x1,0x88,0x4,0xc0,0x2,
0x22,0x1,0x0,0x0,0x0,0x0,0x1,0x0,
0x1,0x0,0x0,0x0,0x0,0x0,0x0,0x0,
0x87,0x4,0xd0,0x1,0x87,0x4,0x80,0x2,
0x25,0x1,0x0,0x0,0x0,0x0,0x9,0x0,
0x8b,0x0,0x0,0x0,0x0,0x0,0x0,0x0,
0x8c,0x4,0xd0,0x1,0x8c,0x4,0x70,0x2,
0x0,0x0,0x0,0x0,0x0,0x0,0x0,0x0,
0x0,0x0,0x0,0x0,0x0,0x0,0xff,0xff,
0xff,0xff,0xff,0xff,0x0,0x0,0x0,0x0,
0x54,0x0,0x0,0x0,0x54,0x0,0x0,0x0,
0x54,0x0,0x0,0x0,0x0,0x0,0x0,0x0,
0x54,0x0,0x0,0x0,0x54,0x0,0x0,0x0,
0x0,0x0,0x1,0x0,0x54,0x0,0x0,0x0,
0x0,0x0,0x0,0x0,0x6c,0x0,0x0,0x0,
0x8c,0x4,0xd0,0x1,0x0,0x0,0x0,0x0,
0x6c,0x0,0x0,0x0,0x0,0x0,0x0,0x0,
0x6c,0x0,0x0,0x0,0x0,0x0,0x0,0x0,
0x26,0x1,0x0,0x0,0x0,0x0,0x7,0x0,
0xe4,0x0,0x0,0x0,0x0,0x0,0x0,0x0,
0x8c,0x4,0x70,0x2,0x8c,0x4,0x40,0x3,
0x0,0x0,0x0,0x0,0x16,0x0,0x0,0x0,
0x0,0x0,0x0,0x0,0x0,0x0,0xff,0xff,
0xff,0xff,0xff,0xff,0x0,0x0,0x0,0x0,
0x54,0x0,0x0,0x0,0x54,0x0,0x0,0x0,
0x54,0x0,0x0,0x0,0x0,0x0,0x0,0x0,
0x54,0x0,0x0,0x0,0x54,0x0,0x0,0x0,
0x0,0x0,0x2,0x0,0x54,0x0,0x0,0x0,
0x0,0x0,0x0,0x0,0x84,0x0,0x0,0x0,
0x95,0x4,0xd0,0x2,0x0,0x0,0x0,0x0,
0x84,0x0,0x0,0x0,0x0,0x0,0x0,0x0,
0x84,0x0,0x0,0x0,0x0,0x0,0x0,0x0,
0x1a,0x0,0x0,0x0,0x0,0x0,0x3,0x0,
0x0,0x0,0x0,0x0,0x23,0x1,0x0,0x0,
0x97,0x4,0x10,0x2,0x97,0x4,0x80,0x2,
0x17,0x0,0x0,0x0,0x0,0x0,0xa,0x0,
0x8d,0x0,0x0,0x0,0x0,0x0,0x0,0x0,
0x96,0x4,0x50,0x2,0x96,0x4,0xd0,0x2,
0x0,0x0,0x0,0x0,0x0,0x0,0x0,0x0,
0x0,0x0,0x0,0x0,0x0,0x0,0xff,0xff,
0xff,0xff,0xff,0xff,0x0,0x0,0x0,0x0,
0x54,0x0,0x0,0x0,0x54,0x0,0x0,0x0,
0x54,0x0,0x0,0x0,0x0,0x0,0x0,0x0,
0x54,0x0,0x0,0x0,0x54,0x0,0x0,0x0,
0x0,0x0,0x1,0x0,0x54,0x0,0x0,0x0,
0x0,0x0,0x0,0x0,0x6c,0x0,0x0,0x0,
0x96,0x4,0x50,0x2,0x0,0x0,0x0,0x0,
0x6c,0x0,0x0,0x0,0x0,0x0,0x0,0x0,
0x6c,0x0,0x0,0x0,0x0,0x0,0x0,0x0,
0x18,0x0,0x0,0x0,0x0,0x0,0x7,0x0,
0xe6,0x0,0x0,0x0,0x0,0x0,0x0,0x0,
0x96,0x4,0xd0,0x2,0x96,0x4,0x30,0x3,
0x0,0x0,0x0,0x0,0x35,0x0,0x0,0x0,
0x0,0x0,0x0,0x0,0x0,0x0,0xff,0xff,
0xff,0xff,0xff,0xff,0x0,0x0,0x0,0x0,
0x54,0x0,0x0,0x0,0x54,0x0,0x0,0x0,
0x54,0x0,0x0,0x0,0x0,0x0,0x0,0x0,
0x54,0x0,0x0,0x0,0x54,0x0,0x0,0x0,
0x0,0x0,0x6,0x0,0x54,0x0,0x0,0x0,
0x0,0x0,0x0,0x0,0xe4,0x0,0x0,0x0,
0x99,0x4,0xa0,0x2,0x0,0x0,0x0,0x0,
0xe4,0x0,0x0,0x0,0x0,0x0,0x0,0x0,
0xe4,0x0,0x0,0x0,0x0,0x0,0x0,0x0,
0xb1,0x0,0x0,0x0,0x0,0x0,0x7,0x0,
0xe9,0x0,0x0,0x0,0x0,0x0,0x0,0x0,
0x9f,0x4,0x10,0x2,0x9f,0x4,0xa0,0x2,
0x39,0x0,0x0,0x0,0x0,0x0,0x7,0x0,
0xe8,0x0,0x0,0x0,0x0,0x0,0x0,0x0,
0x9e,0x4,0x10,0x2,0x9e,0x4,0xb0,0x2,
0x2d,0x0,0x0,0x0,0x0,0x0,0x2,0x0,
0x9,0x0,0x0,0x0,0x0,0x0,0x0,0x0,
0x9d,0x4,0x10,0x2,0x9d,0x4,0x90,0x2,
0x2b,0x0,0x0,0x0,0x0,0x0,0x2,0x0,
0x9,0x0,0x0,0x0,0x0,0x0,0x0,0x0,
0x9c,0x4,0x10,0x2,0x9c,0x4,0x80,0x2,
0x37,0x0,0x0,0x0,0x0,0x0,0x7,0x0,
0xe7,0x0,0x0,0x0,0x0,0x0,0x0,0x0,
0x9b,0x4,0x10,0x2,0x9b,0x4,0x90,0x2,
0x17,0x0,0x0,0x0,0x0,0x0,0xa,0x0,
0x8f,0x0,0x0,0x0,0x0,0x0,0x0,0x0,
0x9a,0x4,0x10,0x2,0x9a,0x4,0x90,0x2,
0x0,0x0,0x0,0x0,0x0,0x0,0x0,0x0,
0x0,0x0,0x0,0x0,0x0,0x0,0xff,0xff,
0xff,0xff,0xff,0xff,0x0,0x0,0x0,0x0,
0x54,0x0,0x0,0x0,0x54,0x0,0x0,0x0,
0x54,0x0,0x0,0x0,0x0,0x0,0x0,0x0,
0x54,0x0,0x0,0x0,0x54,0x0,0x0,0x0,
0x0,0x0,0x1,0x0,0x54,0x0,0x0,0x0,
0x0,0x0,0x0,0x0,0x6c,0x0,0x0,0x0,
0x9a,0x4,0x10,0x2,0x0,0x0,0x0,0x0,
0x6c,0x0,0x0,0x0,0x0,0x0,0x0,0x0,
0x6c,0x0,0x0,0x0,0x0,0x0,0x0,0x0,
0x2f,0x0,0x0,0x0,0x0,0x0,0x7,0x0,
0xea,0x0,0x0,0x0,0x0,0x0,0x0,0x0,
0x9a,0x4,0x90,0x2,0x9a,0x4,0x30,0x3,
0x0,0x0,0x0,0x0,0x20,0x1,0x0,0x0,
0x2d,0x1,0x0,0x0,0x0,0x0,0xff,0xff,
0xff,0xff,0xff,0xff,0x0,0x0,0x0,0x0,
0x54,0x0,0x0,0x0,0x54,0x0,0x0,0x0,
0x54,0x0,0x0,0x0,0x0,0x0,0x0,0x0,
0x54,0x0,0x0,0x0,0x54,0x0,0x0,0x0,
0x0,0x0,0x9,0x0,0x54,0x0,0x0,0x0,
0x0,0x0,0x0,0x0,0x2c,0x1,0x0,0x0,
0xa9,0x4,0x90,0x1,0xaa,0x4,0xd0,0x1,
0x2c,0x1,0x0,0x0,0x0,0x0,0x0,0x0,
0x2c,0x1,0x0,0x0,0x0,0x0,0x0,0x0,
0xf,0x1,0x0,0x0,0x0,0x0,0x7,0x0,
0xec,0x0,0x0,0x0,0x0,0x0,0x0,0x0,
0xbf,0x4,0xd0,0x1,0xbf,0x4,0x80,0x2,
0xf4,0x0,0x0,0x0,0x0,0x0,0x8,0x0,
0x94,0x0,0x0,0x0,0x0,0x0,0x0,0x0,
0xb7,0x4,0xd0,0x1,0xb7,0x4,0xa0,0x2,
0x14,0x1,0x0,0x0,0x0,0x0,0x8,0x0,
0x92,0x0,0x0,0x0,0x0,0x0,0x0,0x0,
0xb3,0x4,0xd0,0x1,0xb3,0x4,0x90,0x2,
0x7f,0x0,0x0,0x0,0x0,0x0,0x2,0x0,
0x8,0x0,0x0,0x0,0x0,0x0,0x0,0x0,
0xaf,0x4,0xd0,0x1,0xaf,0x4,0x0,0x2,
0x8,0x0,0x0,0x0,0x0,0x0,0x2,0x0,
0x1c,0x0,0x0,0x0,0x0,0x0,0x0,0x0,
0xae,0x4,0xd0,0x1,0xae,0x4,0xd0,0x2,
0x7,0x0,0x0,0x0,0x0,0x0,0x2,0x0,
0x1c,0x0,0x0,0x0,0x0,0x0,0x0,0x0,
0xad,0x4,0xd0,0x1,0xad,0x4,0xc0,0x2,
0xed,0x0,0x0,0x0,0x0,0x0,0x7,0x0,
0xeb,0x0,0x0,0x0,0x0,0x0,0x0,0x0,
0xac,0x4,0xd0,0x1,0xac,0x4,0x60,0x2,
0x22,0x1,0x0,0x0,0x0,0x0,0x1,0x0,
0x1,0x0,0x0,0x0,0x0,0x0,0x0,0x0,
0xab,0x4,0xd0,0x1,0xab,0x4,0x80,0x2,
0x2e,0x1,0x0,0x0,0x0,0x0,0x9,0x0,
0x91,0x0,0x0,0x0,0x0,0x0,0x0,0x0,
0xb0,0x4,0xd0,0x1,0xb0,0x4,0x50,0x2,
0x0,0x0,0x0,0x0,0x0,0x0,0x0,0x0,
0x0,0x0,0x0,0x0,0x0,0x0,0xff,0xff,
0xff,0xff,0xff,0xff,0x0,0x0,0x0,0x0,
0x54,0x0,0x0,0x0,0x54,0x0,0x0,0x0,
0x54,0x0,0x0,0x0,0x0,0x0,0x0,0x0,
0x54,0x0,0x0,0x0,0x54,0x0,0x0,0x0,
0x0,0x0,0x3,0x0,0x54,0x0,0x0,0x0,
0x0,0x0,0x0,0x0,0x9c,0x0,0x0,0x0,
0xb0,0x4,0xd0,0x1,0x0,0x0,0x0,0x0,
0x9c,0x0,0x0,0x0,0x0,0x0,0x0,0x0,
0x9c,0x0,0x0,0x0,0x0,0x0,0x0,0x0,
0x30,0x1,0x0,0x0,0x0,0x0,0x2,0x0,
0x32,0x0,0x0,0x0,0x0,0x0,0x0,0x0,
0xb2,0x4,0x50,0x2,0xb2,0x4,0xc0,0x2,
0xc3,0x0,0x0,0x0,0x0,0x0,0x3,0x0,
0x0,0x0,0x0,0x0,0x2f,0x1,0x0,0x0,
0xb1,0x4,0x50,0x2,0xb1,0x4,0xb0,0x2,
0x44,0x0,0x0,0x0,0x0,0x0,0x7,0x0,
0xed,0x0,0x0,0x0,0x0,0x0,0x0,0x0,
0xb0,0x4,0x50,0x2,0xb0,0x4,0xe0,0x2,
0x0,0x0,0x0,0x0,0x16,0x0,0x0,0x0,
0x0,0x0,0x0,0x0,0x0,0x0,0xff,0xff,
0xff,0xff,0xff,0xff,0x0,0x0,0x0,0x0,
0x54,0x0,0x0,0x0,0x54,0x0,0x0,0x0,
0x54,0x0,0x0,0x0,0x0,0x0,0x0,0x0,
0x54,0x0,0x0,0x0,0x54,0x0,0x0,0x0,
0x0,0x0,0x2,0x0,0x54,0x0,0x0,0x0,
0x0,0x0,0x0,0x0,0x84,0x0,0x0,0x0,
0xb3,0x4,0x90,0x2,0x0,0x0,0x0,0x0,
0x84,0x0,0x0,0x0,0x0,0x0,0x0,0x0,
0x84,0x0,0x0,0x0,0x0,0x0,0x0,0x0,
0x1a,0x0,0x0,0x0,0x0,0x0,0x3,0x0,
0x0,0x0,0x0,0x0,0x23,0x1,0x0,0x0,
0xb5,0x4,0x10,0x2,0xb5,0x4,0x80,0x2,
0x17,0x0,0x0,0x0,0x0,0x0,0xa,0x0,
0x93,0x0,0x0,0x0,0x0,0x0,0x0,0x0,
0xb4,0x4,0x10,0x2,0xb4,0x4,0x90,0x2,
0x0,0x0,0x0,0x0,0x0,0x0,0x0,0x0,
0x0,0x0,0x0,0x0,0x0,0x0,0xff,0xff,
0xff,0xff,0xff,0xff,0x0,0x0,0x0,0x0,
0x54,0x0,0x0,0x0,0x54,0x0,0x0,0x0,
0x54,0x0,0x0,0x0,0x0,0x0,0x0,0x0,
0x54,0x0,0x0,0x0,0x54,0x0,0x0,0x0,
0x0,0x0,0x1,0x0,0x54,0x0,0x0,0x0,
0x0,0x0,0x0,0x0,0x6c,0x0,0x0,0x0,
0xb4,0x4,0x10,0x2,0x0,0x0,0x0,0x0,
0x6c,0x0,0x0,0x0,0x0,0x0,0x0,0x0,
0x6c,0x0,0x0,0x0,0x0,0x0,0x0,0x0,
0x18,0x0,0x0,0x0,0x0,0x0,0x7,0x0,
0xee,0x0,0x0,0x0,0x0,0x0,0x0,0x0,
0xb4,0x4,0x90,0x2,0xb4,0x4,0xf0,0x2,
0x0,0x0,0x0,0x0,0x35,0x0,0x0,0x0,
0x0,0x0,0x0,0x0,0x0,0x0,0xff,0xff,
0xff,0xff,0xff,0xff,0x0,0x0,0x0,0x0,
0x54,0x0,0x0,0x0,0x54,0x0,0x0,0x0,
0x54,0x0,0x0,0x0,0x0,0x0,0x0,0x0,
0x54,0x0,0x0,0x0,0x54,0x0,0x0,0x0,
0x0,0x0,0x6,0x0,0x54,0x0,0x0,0x0,
0x0,0x0,0x0,0x0,0xe4,0x0,0x0,0x0,
0xb7,0x4,0xa0,0x2,0x0,0x0,0x0,0x0,
0xe4,0x0,0x0,0x0,0x0,0x0,0x0,0x0,
0xe4,0x0,0x0,0x0,0x0,0x0,0x0,0x0,
0xb1,0x0,0x0,0x0,0x0,0x0,0x7,0x0,
0xf1,0x0,0x0,0x0,0x0,0x0,0x0,0x0,
0xbd,0x4,0x10,0x2,0xbd,0x4,0xa0,0x2,
0x39,0x0,0x0,0x0,0x0,0x0,0x7,0x0,
0xf0,0x0,0x0,0x0,0x0,0x0,0x0,0x0,
0xbc,0x4,0x10,0x2,0xbc,0x4,0xb0,0x2,
0x2d,0x0,0x0,0x0,0x0,0x0,0x2,0x0,
0x9,0x0,0x0,0x0,0x0,0x0,0x0,0x0,
0xbb,0x4,0x10,0x2,0xbb,0x4,0x90,0x2,
0x2b,0x0,0x0,0x0,0x0,0x0,0x2,0x0,
0x9,0x0,0x0,0x0,0x0,0x0,0x0,0x0,
0xba,0x4,0x10,0x2,0xba,0x4,0x80,0x2,
0x37,0x0,0x0,0x0,0x0,0x0,0x7,0x0,
0xef,0x0,0x0,0x0,0x0,0x0,0x0,0x0,
0xb9,0x4,0x10,0x2,0xb9,0x4,0x90,0x2,
0x17,0x0,0x0,0x0,0x0,0x0,0xa,0x0,
0x95,0x0,0x0,0x0,0x0,0x0,0x0,0x0,
0xb8,0x4,0x10,0x2,0xb8,0x4,0x90,0x2,
0x0,0x0,0x0,0x0,0x0,0x0,0x0,0x0,
0x0,0x0,0x0,0x0,0x0,0x0,0xff,0xff,
0xff,0xff,0xff,0xff,0x0,0x0,0x0,0x0,
0x54,0x0,0x0,0x0,0x54,0x0,0x0,0x0,
0x54,0x0,0x0,0x0,0x0,0x0,0x0,0x0,
0x54,0x0,0x0,0x0,0x54,0x0,0x0,0x0,
0x0,0x0,0x1,0x0,0x54,0x0,0x0,0x0,
0x0,0x0,0x0,0x0,0x6c,0x0,0x0,0x0,
0xb8,0x4,0x10,0x2,0x0,0x0,0x0,0x0,
0x6c,0x0,0x0,0x0,0x0,0x0,0x0,0x0,
0x6c,0x0,0x0,0x0,0x0,0x0,0x0,0x0,
0x2f,0x0,0x0,0x0,0x0,0x0,0x7,0x0,
0xf2,0x0,0x0,0x0,0x0,0x0,0x0,0x0,
0xb8,0x4,0x90,0x2,0xb8,0x4,0x30,0x3,
0x0,0x0,0x0,0x0,0x28,0x1,0x0,0x0,
0x0,0x0,0x0,0x0,0x0,0x0,0xff,0xff,
0xff,0xff,0xff,0xff,0x4,0x0,0x0,0x0,
0x54,0x0,0x0,0x0,0x64,0x0,0x0,0x0,
0x64,0x0,0x0,0x0,0x0,0x0,0x0,0x0,
0x64,0x0,0x0,0x0,0x64,0x0,0x0,0x0,
0x0,0x0,0x1,0x0,0x64,0x0,0x0,0x0,
0x0,0x0,0x0,0x0,0x7c,0x0,0x0,0x0,
0xc8,0x4,0x50,0x0,0x0,0x0,0x0,0x0,
0x7c,0x0,0x0,0x0,0x0,0x0,0x0,0x0,
0x7c,0x0,0x0,0x0,0x0,0x0,0x0,0x0,
0xf4,0x0,0x0,0x0,0xf5,0x0,0x0,0x0,
0xf6,0x0,0x0,0x0,0xf7,0x0,0x0,0x0,
0x29,0x1,0x0,0x0,0x0,0x0,0x7,0x0,
0xf3,0x0,0x0,0x0,0x0,0x0,0x0,0x0,
0xc9,0x4,0x90,0x0,0xc9,0x4,0x10,0x1,
0x0,0x0,0x0,0x0,0x28,0x1,0x0,0x0,
0x0,0x0,0x0,0x0,0x0,0x0,0xff,0xff,
0xff,0xff,0xff,0xff,0x1,0x0,0x0,0x0,
0x54,0x0,0x0,0x0,0x58,0x0,0x0,0x0,
0x58,0x0,0x0,0x0,0x0,0x0,0x0,0x0,
0x58,0x0,0x0,0x0,0x58,0x0,0x0,0x0,
0x0,0x0,0x1,0x0,0x58,0x0,0x0,0x0,
0x0,0x0,0x0,0x0,0x70,0x0,0x0,0x0,
0xfd,0x4,0x50,0x0,0x0,0x0,0x0,0x0,
0x70,0x0,0x0,0x0,0x0,0x0,0x0,0x0,
0x70,0x0,0x0,0x0,0x0,0x0,0x0,0x0,
0xf9,0x0,0x0,0x0,0x29,0x1,0x0,0x0,
0x0,0x0,0x7,0x0,0xf8,0x0,0x0,0x0,
0x0,0x0,0x0,0x0,0xfe,0x4,0x90,0x0,
0xfe,0x4,0x10,0x1,0x0,0x0,0x0,0x0,
0x0,0x0,0x0,0x0,0x0,0x0,0xff,0xff,
0xff,0xff,0xff,0xff,0x0,0x0,0x0,0x0,
0x54,0x0,0x0,0x0,0x54,0x0,0x0,0x0,
0x54,0x0,0x0,0x0,0x0,0x0,0x0,0x0,
0x54,0x0,0x0,0x0,0x54,0x0,0x0,0x0,
0x0,0x0,0x2,0x0,0x54,0x0,0x0,0x0,
0x0,0x0,0x0,0x0,0x84,0x0,0x0,0x0,
0x17,0x5,0x50,0x0,0x0,0x0,0x0,0x0,
0x84,0x0,0x0,0x0,0x0,0x0,0x0,0x0,
0x84,0x0,0x0,0x0,0x0,0x0,0x0,0x0,
0x38,0x1,0x0,0x0,0x0,0x0,0x7,0x0,
0xfb,0x0,0x0,0x0,0x0,0x0,0x0,0x0,
0x2e,0x5,0xf0,0x0,0x2e,0x5,0xe0,0x1,
0x26,0x1,0x0,0x0,0x0,0x0,0x7,0x0,
0xfa,0x0,0x0,0x0,0x0,0x0,0x0,0x0,
0x17,0x5,0xf0,0x0,0x17,0x5,0xc0,0x1,
0x0,0x0,0x0,0x0,0x5,0x0,0x0,0x0,
0x3a,0x1,0x0,0x0,0x0,0x0,0xff,0xff,
0xff,0xff,0xff,0xff,0x0,0x0,0x0,0x0,
0x54,0x0,0x0,0x0,0x54,0x0,0x0,0x0,
0x54,0x0,0x0,0x0,0x0,0x0,0x0,0x0,
0x54,0x0,0x0,0x0,0x54,0x0,0x0,0x0,
0x0,0x0,0x9,0x0,0x54,0x0,0x0,0x0,
0x0,0x0,0x0,0x0,0x2c,0x1,0x0,0x0,
0x35,0x5,0x50,0x0,0x36,0x5,0x90,0x0,
0x2c,0x1,0x0,0x0,0x0,0x0,0x0,0x0,
0x2c,0x1,0x0,0x0,0x0,0x0,0x0,0x0,
0x3f,0x1,0x0,0x0,0x0,0x0,0x7,0x0,
0xfd,0x0,0x0,0x0,0x0,0x0,0x0,0x0,
0x76,0x5,0x90,0x0,0x76,0x5,0xb0,0x1,
0x1c,0x0,0x0,0x0,0x0,0x0,0x2,0x0,
0x22,0x0,0x0,0x0,0x0,0x0,0x0,0x0,
0x3f,0x5,0x90,0x0,0x3f,0x5,0xc0,0x0,
0x2d,0x0,0x0,0x0,0x0,0x0,0x2,0x0,
0x35,0x0,0x0,0x0,0x0,0x0,0x0,0x0,
0x3e,0x5,0x90,0x0,0x3e,0x5,0x10,0x1,
0x2b,0x0,0x0,0x0,0x0,0x0,0x2,0x0,
0x34,0x0,0x0,0x0,0x0,0x0,0x0,0x0,
0x3d,0x5,0x90,0x0,0x3d,0x5,0x0,0x1,
0x7f,0x0,0x0,0x0,0x0,0x0,0x2,0x0,
0x33,0x0,0x0,0x0,0x0,0x0,0x0,0x0,
0x3c,0x5,0x90,0x0,0x3c,0x5,0xc0,0x0,
0x81,0x0,0x0,0x0,0x0,0x0,0x2,0x0,
0x9,0x0,0x0,0x0,0x0,0x0,0x0,0x0,
0x3b,0x5,0x90,0x0,0x3b,0x5,0xc0,0x0,
0x44,0x0,0x0,0x0,0x0,0x0,0x7,0x0,
0xfc,0x0,0x0,0x0,0x0,0x0,0x0,0x0,
0x37,0x5,0x90,0x0,0x37,0x5,0x20,0x1,
0x0,0x0,0x0,0x0,0x0,0x0,0x8,0x0,
0x9a,0x0,0x0,0x0,0x0,0x0,0x0,0x0,
0x42,0x5,0x90,0x0,0x42,0x5,0x90,0x0,
0x0,0x0,0x0,0x0,0x0,0x0,0x8,0x0,
0xa6,0x0,0x0,0x0,0x0,0x0,0x0,0x0,
0x7f,0x5,0x90,0x0,0x7f,0x5,0x90,0x0,
0x0,0x0,0x0,0x0,0xd8,0x0,0x0,0x0,
0x3b,0x1,0x0,0x0,0x0,0x0,0xff,0xff,
0xff,0xff,0xff,0xff,0x0,0x0,0x0,0x0,
0x54,0x0,0x0,0x0,0x54,0x0,0x0,0x0,
0x54,0x0,0x0,0x0,0x0,0x0,0x0,0x0,
0x54,0x0,0x0,0x0,0x54,0x0,0x0,0x0,
0x0,0x0,0x8,0x0,0x54,0x0,0x0,0x0,
0x0,0x0,0x0,0x0,0x14,0x1,0x0,0x0,
0x42,0x5,0x90,0x0,0x43,0x5,0xd0,0x0,
0x14,0x1,0x0,0x0,0x0,0x0,0x0,0x0,
0x14,0x1,0x0,0x0,0x0,0x0,0x0,0x0,
0x1c,0x0,0x0,0x0,0x0,0x0,0x2,0x0,
0x36,0x0,0x0,0x0,0x0,0x0,0x0,0x0,
0x48,0x5,0xd0,0x0,0x48,0x5,0x0,0x1,
0xda,0x0,0x0,0x0,0x0,0x0,0x2,0x0,
0x12,0x0,0x0,0x0,0x0,0x0,0x0,0x0,
0x47,0x5,0xd0,0x0,0x47,0x5,0x60,0x1,
0x2d,0x0,0x0,0x0,0x0,0x0,0x2,0x0,
0x9,0x0,0x0,0x0,0x0,0x0,0x0,0x0,
0x46,0x5,0xd0,0x0,0x46,0x5,0x50,0x1,
0x7f,0x0,0x0,0x0,0x0,0x0,0x2,0x0,
0x13,0x0,0x0,0x0,0x0,0x0,0x0,0x0,
0x45,0x5,0xd0,0x0,0x45,0x5,0x0,0x1,
0x81,0x0,0x0,0x0,0x0,0x0,0x2,0x0,
0x13,0x0,0x0,0x0,0x0,0x0,0x0,0x0,
0x44,0x5,0xd0,0x0,0x44,0x5,0x0,0x1,
0x0,0x0,0x0,0x0,0x0,0x0,0x8,0x0,
0x9b,0x0,0x0,0x0,0x0,0x0,0x0,0x0,
0x4b,0x5,0xd0,0x0,0x4b,0x5,0xd0,0x0,
0x0,0x0,0x0,0x0,0x0,0x0,0x8,0x0,
0x9d,0x0,0x0,0x0,0x0,0x0,0x0,0x0,
0x52,0x5,0xd0,0x0,0x52,0x5,0xd0,0x0,
0x0,0x0,0x0,0x0,0x0,0x0,0x8,0x0,
0xa3,0x0,0x0,0x0,0x0,0x0,0x0,0x0,
0x6d,0x5,0xd0,0x0,0x6d,0x5,0xd0,0x0,
0x0,0x0,0x0,0x0,0x16,0x0,0x0,0x0,
0x0,0x0,0x0,0x0,0x0,0x0,0xff,0xff,
0xff,0xff,0xff,0xff,0x0,0x0,0x0,0x0,
0x54,0x0,0x0,0x0,0x54,0x0,0x0,0x0,
0x54,0x0,0x0,0x0,0x0,0x0,0x0,0x0,
0x54,0x0,0x0,0x0,0x54,0x0,0x0,0x0,
0x0,0x0,0x4,0x0,0x54,0x0,0x0,0x0,
0x0,0x0,0x0,0x0,0xb4,0x0,0x0,0x0,
0x4b,0x5,0xd0,0x0,0x0,0x0,0x0,0x0,
0xb4,0x0,0x0,0x0,0x0,0x0,0x0,0x0,
0xb4,0x0,0x0,0x0,0x0,0x0,0x0,0x0,
0x1c,0x0,0x0,0x0,0x0,0x0,0x2,0x0,
0xb,0x0,0x0,0x0,0x0,0x0,0x0,0x0,
0x4f,0x5,0x10,0x1,0x4f,0x5,0x40,0x1,
0xb1,0x0,0x0,0x0,0x0,0x0,0x2,0x0,
0x37,0x0,0x0,0x0,0x0,0x0,0x0,0x0,
0x4e,0x5,0x10,0x1,0x4e,0x5,0xa0,0x1,
0x1a,0x0,0x0,0x0,0x0,0x0,0x3,0x0,
0x0,0x0,0x0,0x0,0x3c,0x1,0x0,0x0,
0x4d,0x5,0x10,0x1,0x4d,0x5,0x80,0x1,
0x17,0x0,0x0,0x0,0x0,0x0,0xa,0x0,
0x9c,0x0,0x0,0x0,0x0,0x0,0x0,0x0,
0x4c,0x5,0x10,0x1,0x4c,0x5,0x90,0x1,
0x0,0x0,0x0,0x0,0x0,0x0,0x0,0x0,
0x0,0x0,0x0,0x0,0x0,0x0,0xff,0xff,
0xff,0xff,0xff,0xff,0x0,0x0,0x0,0x0,
0x54,0x0,0x0,0x0,0x54,0x0,0x0,0x0,
0x54,0x0,0x0,0x0,0x0,0x0,0x0,0x0,
0x54,0x0,0x0,0x0,0x54,0x0,0x0,0x0,
0x0,0x0,0x1,0x0,0x54,0x0,0x0,0x0,
0x0,0x0,0x0,0x0,0x6c,0x0,0x0,0x0,
0x4c,0x5,0x10,0x1,0x0,0x0,0x0,0x0,
0x6c,0x0,0x0,0x0,0x0,0x0,0x0,0x0,
0x6c,0x0,0x0,0x0,0x0,0x0,0x0,0x0,
0x18,0x0,0x0,0x0,0x0,0x0,0x7,0x0,
0xfe,0x0,0x0,0x0,0x0,0x0,0x0,0x0,
0x4c,0x5,0x90,0x1,0x4c,0x5,0xf0,0x1,
0x0,0x0,0x0,0x0,0x20,0x1,0x0,0x0,
0x3d,0x1,0x0,0x0,0x0,0x0,0xff,0xff,
0xff,0xff,0xff,0xff,0x0,0x0,0x0,0x0,
0x54,0x0,0x0,0x0,0x54,0x0,0x0,0x0,
0x54,0x0,0x0,0x0,0x0,0x0,0x0,0x0,
0x54,0x0,0x0,0x0,0x54,0x0,0x0,0x0,
0x0,0x0,0x7,0x0,0x54,0x0,0x0,0x0,
0x0,0x0,0x0,0x0,0xfc,0x0,0x0,0x0,
0x52,0x5,0xd0,0x0,0x53,0x5,0x10,0x1,
0xfc,0x0,0x0,0x0,0x0,0x0,0x0,0x0,
0xfc,0x0,0x0,0x0,0x0,0x0,0x0,0x0,
0xf,0x1,0x0,0x0,0x0,0x0,0x7,0x0,
0x0,0x1,0x0,0x0,0x0,0x0,0x0,0x0,
0x66,0x5,0x10,0x1,0x66,0x5,0xc0,0x1,
0xf4,0x0,0x0,0x0,0x0,0x0,0x8,0x0,
0xa1,0x0,0x0,0x0,0x0,0x0,0x0,0x0,
0x5f,0x5,0x10,0x1,0x5f,0x5,0xe0,0x1,
0x14,0x1,0x0,0x0,0x0,0x0,0x8,0x0,
0x9e,0x0,0x0,0x0,0x0,0x0,0x0,0x0,
0x58,0x5,0x10,0x1,0x58,0x5,0xd0,0x1,
0x8,0x0,0x0,0x0,0x0,0x0,0x2,0x0,
0x38,0x0,0x0,0x0,0x0,0x0,0x0,0x0,
0x57,0x5,0x10,0x1,0x57,0x5,0x10,0x2,
0x7,0x0,0x0,0x0,0x0,0x0,0x2,0x0,
0x38,0x0,0x0,0x0,0x0,0x0,0x0,0x0,
0x56,0x5,0x10,0x1,0x56,0x5,0x0,0x2,
0xed,0x0,0x0,0x0,0x0,0x0,0x7,0x0,
0xff,0x0,0x0,0x0,0x0,0x0,0x0,0x0,
0x55,0x5,0x10,0x1,0x55,0x5,0xa0,0x1,
0x22,0x1,0x0,0x0,0x0,0x0,0x1,0x0,
0x1,0x0,0x0,0x0,0x0,0x0,0x0,0x0,
0x54,0x5,0x10,0x1,0x54,0x5,0xc0,0x1,
0x0,0x0,0x0,0x0,0x16,0x0,0x0,0x0,
0x0,0x0,0x0,0x0,0x0,0x0,0xff,0xff,
0xff,0xff,0xff,0xff,0x0,0x0,0x0,0x0,
0x54,0x0,0x0,0x0,0x54,0x0,0x0,0x0,
0x54,0x0,0x0,0x0,0x0,0x0,0x0,0x0,
0x54,0x0,0x0,0x0,0x54,0x0,0x0,0x0,
0x0,0x0,0x4,0x0,0x54,0x0,0x0,0x0,
0x0,0x0,0x0,0x0,0xb4,0x0,0x0,0x0,
0x58,0x5,0xd0,0x1,0x0,0x0,0x0,0x0,
0xb4,0x0,0x0,0x0,0x0,0x0,0x0,0x0,
0xb4,0x0,0x0,0x0,0x0,0x0,0x0,0x0,
0xab,0x0,0x0,0x0,0x0,0x0,0x2,0x0,
0x20,0x0,0x0,0x0,0x0,0x0,0x0,0x0,
0x5d,0x5,0x50,0x1,0x5d,0x5,0xd0,0x1,
0x1a,0x0,0x0,0x0,0x0,0x0,0x3,0x0,
0x0,0x0,0x0,0x0,0x23,0x1,0x0,0x0,
0x5a,0x5,0x50,0x1,0x5a,0x5,0xc0,0x1,
0xad,0x0,0x0,0x0,0x0,0x0,0xa,0x0,
0xa0,0x0,0x0,0x0,0x0,0x0,0x0,0x0,
0x5b,0x5,0x50,0x1,0x5b,0x5,0xc0,0x1,
0x17,0x0,0x0,0x0,0x0,0x0,0xa,0x0,
0x9f,0x0,0x0,0x0,0x0,0x0,0x0,0x0,
0x59,0x5,0x50,0x1,0x59,0x5,0xd0,0x1,
0x0,0x0,0x0,0x0,0x0,0x0,0x0,0x0,
0x0,0x0,0x0,0x0,0x0,0x0,0xff,0xff,
0xff,0xff,0xff,0xff,0x0,0x0,0x0,0x0,
0x54,0x0,0x0,0x0,0x54,0x0,0x0,0x0,
0x54,0x0,0x0,0x0,0x0,0x0,0x0,0x0,
0x54,0x0,0x0,0x0,0x54,0x0,0x0,0x0,
0x0,0x0,0x1,0x0,0x54,0x0,0x0,0x0,
0x0,0x0,0x0,0x0,0x6c,0x0,0x0,0x0,
0x59,0x5,0x50,0x1,0x0,0x0,0x0,0x0,
0x6c,0x0,0x0,0x0,0x0,0x0,0x0,0x0,
0x6c,0x0,0x0,0x0,0x0,0x0,0x0,0x0,
0x18,0x0,0x0,0x0,0x0,0x0,0x7,0x0,
0x1,0x1,0x0,0x0,0x0,0x0,0x0,0x0,
0x59,0x5,0xd0,0x1,0x59,0x5,0x30,0x2,
0x0,0x0,0x0,0x0,0x0,0x0,0x0,0x0,
0x0,0x0,0x0,0x0,0x0,0x0,0xff,0xff,
0xff,0xff,0xff,0xff,0x0,0x0,0x0,0x0,
0x54,0x0,0x0,0x0,0x54,0x0,0x0,0x0,
0x54,0x0,0x0,0x0,0x0,0x0,0x0,0x0,
0x54,0x0,0x0,0x0,0x54,0x0,0x0,0x0,
0x0,0x0,0x2,0x0,0x54,0x0,0x0,0x0,
0x0,0x0,0x0,0x0,0x84,0x0,0x0,0x0,
0x5b,0x5,0x50,0x1,0x0,0x0,0x0,0x0,
0x84,0x0,0x0,0x0,0x0,0x0,0x0,0x0,
0x84,0x0,0x0,0x0,0x0,0x0,0x0,0x0,
0x2b,0x0,0x0,0x0,0x0,0x0,0x2,0x0,
0x14,0x0,0x0,0x0,0x0,0x0,0x0,0x0,
0x5c,0x5,0xc0,0x1,0x5c,0x5,0x30,0x2,
0x1a,0x0,0x0,0x0,0x0,0x0,0x7,0x0,
0x2,0x1,0x0,0x0,0x0,0x0,0x0,0x0,
0x5b,0x5,0xc0,0x1,0x5b,0x5,0x30,0x2,
0x0,0x0,0x0,0x0,0x16,0x0,0x0,0x0,
0x0,0x0,0x0,0x0,0x0,0x0,0xff,0xff,
0xff,0xff,0xff,0xff,0x0,0x0,0x0,0x0,
0x54,0x0,0x0,0x0,0x54,0x0,0x0,0x0,
0x54,0x0,0x0,0x0,0x0,0x0,0x0,0x0,
0x54,0x0,0x0,0x0,0x54,0x0,0x0,0x0,
0x0,0x0,0x5,0x0,0x54,0x0,0x0,0x0,
0x0,0x0,0x0,0x0,0xcc,0x0,0x0,0x0,
0x5f,0x5,0xe0,0x1,0x0,0x0,0x0,0x0,
0xcc,0x0,0x0,0x0,0x0,0x0,0x0,0x0,
0xcc,0x0,0x0,0x0,0x0,0x0,0x0,0x0,
0x1a,0x0,0x0,0x0,0x0,0x0,0x7,0x0,
0x3,0x1,0x0,0x0,0x0,0x0,0x0,0x0,
0x64,0x5,0x50,0x1,0x64,0x5,0xc0,0x1,
0xab,0x0,0x0,0x0,0x0,0x0,0x2,0x0,
0x17,0x0,0x0,0x0,0x0,0x0,0x0,0x0,
0x63,0x5,0x50,0x1,0x63,0x5,0xd0,0x1,
0x2d,0x0,0x0,0x0,0x0,0x0,0x2,0x0,
0x1f,0x0,0x0,0x0,0x0,0x0,0x0,0x0,
0x62,0x5,0x50,0x1,0x62,0x5,0xd0,0x1,
0x2b,0x0,0x0,0x0,0x0,0x0,0x2,0x0,
0x1f,0x0,0x0,0x0,0x0,0x0,0x0,0x0,
0x61,0x5,0x50,0x1,0x61,0x5,0xc0,0x1,
0x17,0x0,0x0,0x0,0x0,0x0,0xa,0x0,
0xa2,0x0,0x0,0x0,0x0,0x0,0x0,0x0,
0x60,0x5,0x50,0x1,0x60,0x5,0xd0,0x1,
0x0,0x0,0x0,0x0,0x0,0x0,0x0,0x0,
0x0,0x0,0x0,0x0,0x0,0x0,0xff,0xff,
0xff,0xff,0xff,0xff,0x0,0x0,0x0,0x0,
0x54,0x0,0x0,0x0,0x54,0x0,0x0,0x0,
0x54,0x0,0x0,0x0,0x0,0x0,0x0,0x0,
0x54,0x0,0x0,0x0,0x54,0x0,0x0,0x0,
0x0,0x0,0x1,0x0,0x54,0x0,0x0,0x0,
0x0,0x0,0x0,0x0,0x6c,0x0,0x0,0x0,
0x60,0x5,0x50,0x1,0x0,0x0,0x0,0x0,
0x6c,0x0,0x0,0x0,0x0,0x0,0x0,0x0,
0x6c,0x0,0x0,0x0,0x0,0x0,0x0,0x0,
0x2f,0x0,0x0,0x0,0x0,0x0,0x7,0x0,
0x4,0x1,0x0,0x0,0x0,0x0,0x0,0x0,
0x60,0x5,0xd0,0x1,0x60,0x5,0x70,0x2,
0x0,0x0,0x0,0x0,0xbe,0x0,0x0,0x0,
0x0,0x0,0x0,0x0,0x0,0x0,0xff,0xff,
0xff,0xff,0xff,0xff,0x0,0x0,0x0,0x0,
0x54,0x0,0x0,0x0,0x54,0x0,0x0,0x0,
0x54,0x0,0x0,0x0,0x0,0x0,0x0,0x0,
0x54,0x0,0x0,0x0,0x54,0x0,0x0,0x0,
0x0,0x0,0x4,0x0,0x54,0x0,0x0,0x0,
0x0,0x0,0x0,0x0,0xb4,0x0,0x0,0x0,
0x6d,0x5,0xd0,0x0,0x0,0x0,0x0,0x0,
0xb4,0x0,0x0,0x0,0x0,0x0,0x0,0x0,
0xb4,0x0,0x0,0x0,0x0,0x0,0x0,0x0,
0x1a,0x0,0x0,0x0,0x0,0x0,0x7,0x0,
0x5,0x1,0x0,0x0,0x0,0x0,0x0,0x0,
0x6f,0x5,0x10,0x1,0x6f,0x5,0x80,0x1,
0xc3,0x0,0x0,0x0,0x0,0x0,0x3,0x0,
0x0,0x0,0x0,0x0,0x3e,0x1,0x0,0x0,
0x6e,0x5,0x10,0x1,0x6e,0x5,0x70,0x1,
0x17,0x0,0x0,0x0,0x0,0x0,0xa,0x0,
0xa5,0x0,0x0,0x0,0x0,0x0,0x0,0x0,
0x71,0x5,0x10,0x1,0x71,0x5,0x90,0x1,
0xc1,0x0,0x0,0x0,0x0,0x0,0xa,0x0,
0xa4,0x0,0x0,0x0,0x0,0x0,0x0,0x0,
0x70,0x5,0x10,0x1,0x70,0x5,0x60,0x1,
0x0,0x0,0x0,0x0,0x0,0x0,0x0,0x0,
0x0,0x0,0x0,0x0,0x0,0x0,0xff,0xff,
0xff,0xff,0xff,0xff,0x0,0x0,0x0,0x0,
0x54,0x0,0x0,0x0,0x54,0x0,0x0,0x0,
0x54,0x0,0x0,0x0,0x0,0x0,0x0,0x0,
0x54,0x0,0x0,0x0,0x54,0x0,0x0,0x0,
0x0,0x0,0x1,0x0,0x54,0x0,0x0,0x0,
0x0,0x0,0x0,0x0,0x6c,0x0,0x0,0x0,
0x70,0x5,0x10,0x1,0x0,0x0,0x0,0x0,
0x6c,0x0,0x0,0x0,0x0,0x0,0x0,0x0,
0x6c,0x0,0x0,0x0,0x0,0x0,0x0,0x0,
0xc2,0x0,0x0,0x0,0x0,0x0,0x2,0x0,
0x39,0x0,0x0,0x0,0x0,0x0,0x0,0x0,
0x70,0x5,0x60,0x1,0x70,0x5,0x10,0x2,
0x0,0x0,0x0,0x0,0x0,0x0,0x0,0x0,
0x0,0x0,0x0,0x0,0x0,0x0,0xff,0xff,
0xff,0xff,0xff,0xff,0x0,0x0,0x0,0x0,
0x54,0x0,0x0,0x0,0x54,0x0,0x0,0x0,
0x54,0x0,0x0,0x0,0x0,0x0,0x0,0x0,
0x54,0x0,0x0,0x0,0x54,0x0,0x0,0x0,
0x0,0x0,0x1,0x0,0x54,0x0,0x0,0x0,
0x0,0x0,0x0,0x0,0x6c,0x0,0x0,0x0,
0x71,0x5,0x10,0x1,0x0,0x0,0x0,0x0,
0x6c,0x0,0x0,0x0,0x0,0x0,0x0,0x0,
0x6c,0x0,0x0,0x0,0x0,0x0,0x0,0x0,
0x63,0x0,0x0,0x0,0x0,0x0,0x7,0x0,
0x6,0x1,0x0,0x0,0x0,0x0,0x0,0x0,
0x71,0x5,0x90,0x1,0x71,0x5,0x90,0x2,
0x0,0x0,0x0,0x0,0x5,0x0,0x0,0x0,
0x41,0x1,0x0,0x0,0x0,0x0,0xff,0xff,
0xff,0xff,0xff,0xff,0x0,0x0,0x0,0x0,
0x54,0x0,0x0,0x0,0x54,0x0,0x0,0x0,
0x54,0x0,0x0,0x0,0x0,0x0,0x0,0x0,
0x54,0x0,0x0,0x0,0x54,0x0,0x0,0x0,
0x0,0x0,0x7,0x0,0x54,0x0,0x0,0x0,
0x0,0x0,0x0,0x0,0xfc,0x0,0x0,0x0,
0x7f,0x5,0x90,0x0,0x80,0x5,0xd0,0x0,
0xfc,0x0,0x0,0x0,0x0,0x0,0x0,0x0,
0xfc,0x0,0x0,0x0,0x0,0x0,0x0,0x0,
0x42,0x1,0x0,0x0,0x0,0x0,0x1,0x0,
0x1,0x0,0x0,0x0,0x0,0x0,0x0,0x0,
0x85,0x5,0xd0,0x0,0x85,0x5,0x30,0x1,
0x2d,0x0,0x0,0x0,0x0,0x0,0x2,0x0,
0x3a,0x0,0x0,0x0,0x0,0x0,0x0,0x0,
0x84,0x5,0xd0,0x0,0x84,0x5,0x50,0x1,
0x2b,0x0,0x0,0x0,0x0,0x0,0x2,0x0,
0x34,0x0,0x0,0x0,0x0,0x0,0x0,0x0,
0x83,0x5,0xd0,0x0,0x83,0x5,0x40,0x1,
0x7f,0x0,0x0,0x0,0x0,0x0,0x2,0x0,
0x2a,0x0,0x0,0x0,0x0,0x0,0x0,0x0,
0x82,0x5,0xd0,0x0,0x82,0x5,0x0,0x1,
0x81,0x0,0x0,0x0,0x0,0x0,0x2,0x0,
0x13,0x0,0x0,0x0,0x0,0x0,0x0,0x0,
0x81,0x5,0xd0,0x0,0x81,0x5,0x0,0x1,
0x0,0x0,0x0,0x0,0x0,0x0,0x8,0x0,
0xa7,0x0,0x0,0x0,0x0,0x0,0x0,0x0,
0x87,0x5,0xd0,0x0,0x87,0x5,0xd0,0x0,
0x0,0x0,0x0,0x0,0x0,0x0,0x8,0x0,
0xa8,0x0,0x0,0x0,0x0,0x0,0x0,0x0,
0x8e,0x5,0xd0,0x0,0x8e,0x5,0xd0,0x0,
0x0,0x0,0x0,0x0,0x35,0x0,0x0,0x0,
0x0,0x0,0x0,0x0,0x0,0x0,0xff,0xff,
0xff,0xff,0xff,0xff,0x0,0x0,0x0,0x0,
0x54,0x0,0x0,0x0,0x54,0x0,0x0,0x0,
0x54,0x0,0x0,0x0,0x0,0x0,0x0,0x0,
0x54,0x0,0x0,0x0,0x54,0x0,0x0,0x0,
0x0,0x0,0x4,0x0,0x54,0x0,0x0,0x0,
0x0,0x0,0x0,0x0,0xb4,0x0,0x0,0x0,
0x87,0x5,0xd0,0x0,0x0,0x0,0x0,0x0,
0xb4,0x0,0x0,0x0,0x0,0x0,0x0,0x0,
0xb4,0x0,0x0,0x0,0x0,0x0,0x0,0x0,
0x1c,0x0,0x0,0x0,0x0,0x0,0x2,0x0,
0x3b,0x0,0x0,0x0,0x0,0x0,0x0,0x0,
0x8b,0x5,0x10,0x1,0x8b,0x5,0x40,0x1,
0x7f,0x0,0x0,0x0,0x0,0x0,0x2,0x0,
0x3b,0x0,0x0,0x0,0x0,0x0,0x0,0x0,
0x8a,0x5,0x10,0x1,0x8a,0x5,0x40,0x1,
0x81,0x0,0x0,0x0,0x0,0x0,0x7,0x0,
0x8,0x1,0x0,0x0,0x0,0x0,0x0,0x0,
0x89,0x5,0x10,0x1,0x89,0x5,0x40,0x1,
0x37,0x0,0x0,0x0,0x0,0x0,0x7,0x0,
0x7,0x1,0x0,0x0,0x0,0x0,0x0,0x0,
0x88,0x5,0x10,0x1,0x88,0x5,0x90,0x1,
0x0,0x0,0x0,0x0,0x43,0x1,0x0,0x0,
0x44,0x1,0x0,0x0,0x0,0x0,0xff,0xff,
0xff,0xff,0xff,0xff,0x1,0x0,0x1,0x0,
0x54,0x0,0x0,0x0,0x58,0x0,0x0,0x0,
0x64,0x0,0x0,0x0,0x0,0x0,0x0,0x0,
0x64,0x0,0x0,0x0,0x64,0x0,0x0,0x0,
0x0,0x0,0x9,0x0,0x64,0x0,0x0,0x0,
0x0,0x0,0x0,0x0,0x3c,0x1,0x0,0x0,
0x8e,0x5,0xd0,0x0,0x8f,0x5,0x10,0x1,
0x3c,0x1,0x0,0x0,0x0,0x0,0x0,0x0,
0x3c,0x1,0x0,0x0,0x0,0x0,0x0,0x0,
0xf,0x1,0x0,0x0,0x4b,0x1,0x0,0x0,
0x1,0x0,0x0,0x20,0xdf,0x5,0xd0,0x0,
0x50,0x1,0x0,0x0,0x0,0x2,0x7,0x0,
0x12,0x1,0x0,0x0,0x0,0x0,0x0,0x0,
0xc,0x6,0xd0,0x0,0xc,0x6,0xc0,0x1,
0x4e,0x1,0x0,0x0,0x0,0x2,0x7,0x0,
0x10,0x1,0x0,0x0,0x0,0x0,0x0,0x0,
0xfe,0x5,0xd0,0x0,0xfe,0x5,0xd0,0x1,
0x4b,0x1,0x0,0x0,0x0,0x0,0x7,0x0,
0xe,0x1,0x0,0x0,0x0,0x0,0x0,0x0,
0xdf,0x5,0xa0,0x1,0xdf,0x5,0x80,0x2,
0x49,0x1,0x0,0x0,0x0,0x2,0x7,0x0,
0xc,0x1,0x0,0x0,0x0,0x0,0x0,0x0,
0xa5,0x5,0xd0,0x0,0xa5,0x5,0xc0,0x1,
0x47,0x1,0x0,0x0,0x0,0x2,0x7,0x0,
0xa,0x1,0x0,0x0,0x0,0x0,0x0,0x0,
0x99,0x5,0x10,0x1,0x99,0x5,0x40,0x2,
0x45,0x1,0x0,0x0,0x0,0x0,0x7,0x0,
0x9,0x1,0x0,0x0,0x0,0x0,0x0,0x0,
0x96,0x5,0x10,0x1,0x96,0x5,0x40,0x2,
0xb1,0x0,0x0,0x0,0x0,0x0,0x2,0x0,
0x3c,0x0,0x0,0x0,0x0,0x0,0x0,0x0,
0x90,0x5,0x10,0x1,0x90,0x5,0xa0,0x1,
0x0,0x0,0x0,0x0,0x0,0x0,0x8,0x0,
0xaa,0x0,0x0,0x0,0x0,0x0,0x0,0x0,
0x11,0x6,0xd0,0x0,0x11,0x6,0xd0,0x0,
0x17,0x0,0x0,0x0,0x0,0x0,0xa,0x0,
0xa9,0x0,0x0,0x0,0x0,0x0,0x0,0x0,
0x93,0x5,0x10,0x1,0x93,0x5,0x90,0x1,
0x0,0x0,0x0,0x0,0x0,0x0,0x0,0x0,
0x0,0x0,0x0,0x0,0x0,0x0,0xff,0xff,
0xff,0xff,0xff,0xff,0x0,0x0,0x0,0x0,
0x54,0x0,0x0,0x0,0x54,0x0,0x0,0x0,
0x54,0x0,0x0,0x0,0x0,0x0,0x0,0x0,
0x54,0x0,0x0,0x0,0x54,0x0,0x0,0x0,
0x0,0x0,0x1,0x0,0x54,0x0,0x0,0x0,
0x0,0x0,0x0,0x0,0x6c,0x0,0x0,0x0,
0x93,0x5,0x10,0x1,0x0,0x0,0x0,0x0,
0x6c,0x0,0x0,0x0,0x0,0x0,0x0,0x0,
0x6c,0x0,0x0,0x0,0x0,0x0,0x0,0x0,
0x18,0x0,0x0,0x0,0x0,0x0,0x7,0x0,
0x14,0x1,0x0,0x0,0x0,0x0,0x0,0x0,
0x93,0x5,0x90,0x1,0x93,0x5,0xf0,0x1,
0x0,0x0,0x0,0x0,0x28,0x1,0x0,0x0,
0x0,0x0,0x0,0x0,0x0,0x0,0xff,0xff,
0xff,0xff,0xff,0xff,0x1,0x0,0x0,0x0,
0x54,0x0,0x0,0x0,0x58,0x0,0x0,0x0,
0x58,0x0,0x0,0x0,0x0,0x0,0x0,0x0,
0x58,0x0,0x0,0x0,0x58,0x0,0x0,0x0,
0x0,0x0,0x1,0x0,0x58,0x0,0x0,0x0,
0x0,0x0,0x0,0x0,0x70,0x0,0x0,0x0,
0x11,0x6,0xd0,0x0,0x0,0x0,0x0,0x0,
0x70,0x0,0x0,0x0,0x0,0x0,0x0,0x0,
0x70,0x0,0x0,0x0,0x0,0x0,0x0,0x0,
0x16,0x1,0x0,0x0,0x29,0x1,0x0,0x0,
0x0,0x0,0x7,0x0,0x15,0x1,0x0,0x0,
0x0,0x0,0x0,0x0,0x12,0x6,0x10,0x1,
0x12,0x6,0x90,0x1
};
QT_WARNING_PUSH
QT_WARNING_DISABLE_MSVC(4573)
extern const QQmlPrivate::AOTCompiledFunction aotBuiltFunctions[];
extern const QQmlPrivate::AOTCompiledFunction aotBuiltFunctions[] = {
{ 2, 0, [](QV4::ExecutableCompilationUnit *unit, QMetaType *argTypes) {
    struct { QV4::ExecutableCompilationUnit *compilationUnit; } c { unit };
    const auto *aotContext = &c;
    Q_UNUSED(aotContext);
    argTypes[0] = QMetaType::fromType<double>();
}, 
    [](const QQmlPrivate::AOTCompiledContext *aotContext, void **argv) {
Q_UNUSED(aotContext)
Q_UNUSED(argv)
// expression for scaleFactor at line 29, column 5
double r2_4;
double r2_0;
double r12_1;
double r2_2;
double r11_0;
double r2_1;
double r2_3;
double r12_0;
double r10_0;
{
}
{
}
// generate_LoadQmlContextPropertyLookup
#ifndef QT_NO_DEBUG
aotContext->setInstructionPointer(6);
#endif
while (!aotContext->loadScopeObjectPropertyLookup(6, &r2_0)) {
#ifdef QT_NO_DEBUG
aotContext->setInstructionPointer(6);
#endif
aotContext->initLoadScopeObjectPropertyLookup(6, QMetaType::fromType<double>());
if (aotContext->engine->hasError()) {
aotContext->setReturnValueUndefined();
if (argv[0]) {
    *static_cast<double *>(argv[0]) = double();
}
return;
}
}
{
}
// generate_StoreReg
r12_0 = r2_0;
{
}
// generate_LoadQmlContextPropertyLookup
#ifndef QT_NO_DEBUG
aotContext->setInstructionPointer(10);
#endif
while (!aotContext->loadScopeObjectPropertyLookup(7, &r2_1)) {
#ifdef QT_NO_DEBUG
aotContext->setInstructionPointer(10);
#endif
aotContext->initLoadScopeObjectPropertyLookup(7, QMetaType::fromType<double>());
if (aotContext->engine->hasError()) {
aotContext->setReturnValueUndefined();
if (argv[0]) {
    *static_cast<double *>(argv[0]) = double();
}
return;
}
}
{
}
// generate_Div
r2_2 = (r12_0 / r2_1);
{
}
// generate_StoreReg
r10_0 = r2_2;
{
}
// generate_LoadQmlContextPropertyLookup
#ifndef QT_NO_DEBUG
aotContext->setInstructionPointer(16);
#endif
while (!aotContext->loadScopeObjectPropertyLookup(8, &r2_3)) {
#ifdef QT_NO_DEBUG
aotContext->setInstructionPointer(16);
#endif
aotContext->initLoadScopeObjectPropertyLookup(8, QMetaType::fromType<double>());
if (aotContext->engine->hasError()) {
aotContext->setReturnValueUndefined();
if (argv[0]) {
    *static_cast<double *>(argv[0]) = double();
}
return;
}
}
{
}
// generate_StoreReg
r12_1 = r2_3;
{
}
// generate_LoadQmlContextPropertyLookup
#ifndef QT_NO_DEBUG
aotContext->setInstructionPointer(20);
#endif
while (!aotContext->loadScopeObjectPropertyLookup(9, &r2_4)) {
#ifdef QT_NO_DEBUG
aotContext->setInstructionPointer(20);
#endif
aotContext->initLoadScopeObjectPropertyLookup(9, QMetaType::fromType<double>());
if (aotContext->engine->hasError()) {
aotContext->setReturnValueUndefined();
if (argv[0]) {
    *static_cast<double *>(argv[0]) = double();
}
return;
}
}
{
}
// generate_Div
r2_2 = (r12_1 / r2_4);
{
}
// generate_StoreReg
r11_0 = r2_2;
{
}
// generate_CallPropertyLookup
{
const double arg1 = r10_0;
const double arg2 = r11_0;
r2_2 = [&]() { 
auto  tmpMin = (qIsNull(arg2) && qIsNull(arg1) && std::copysign(1.0, arg2) == -1) ? arg2 : ((arg2 < arg1 || std::isnan(arg2)) ? arg2 : arg1);
return tmpMin;
}();
}
{
}
{
}
// generate_Ret
if (argv[0]) {
    *static_cast<double *>(argv[0]) = r2_2;
}
return;
}
 },{ 12, 0, [](QV4::ExecutableCompilationUnit *unit, QMetaType *argTypes) {
    struct { QV4::ExecutableCompilationUnit *compilationUnit; } c { unit };
    const auto *aotContext = &c;
    Q_UNUSED(aotContext);
    argTypes[0] = []() { static const auto t = QMetaType::fromName("QQuickItem*"); return t; }();
}, 
    [](const QQmlPrivate::AOTCompiledContext *aotContext, void **argv) {
Q_UNUSED(aotContext)
Q_UNUSED(argv)
// expression for fill at line 32, column 9
QObject *r2_0;
// generate_LoadQmlContextPropertyLookup
#ifndef QT_NO_DEBUG
aotContext->setInstructionPointer(2);
#endif
while (!aotContext->loadScopeObjectPropertyLookup(109, &r2_0)) {
#ifdef QT_NO_DEBUG
aotContext->setInstructionPointer(2);
#endif
aotContext->initLoadScopeObjectPropertyLookup(109, []() { static const auto t = QMetaType::fromName("QQuickItem*"); return t; }());
if (aotContext->engine->hasError()) {
aotContext->setReturnValueUndefined();
if (argv[0]) {
    *static_cast<QObject * *>(argv[0]) = nullptr;
}
return;
}
}
{
}
{
}
// generate_Ret
if (argv[0]) {
    *static_cast<QObject * *>(argv[0]) = r2_0;
}
return;
}
 },{ 15, 0, [](QV4::ExecutableCompilationUnit *unit, QMetaType *argTypes) {
    struct { QV4::ExecutableCompilationUnit *compilationUnit; } c { unit };
    const auto *aotContext = &c;
    Q_UNUSED(aotContext);
    argTypes[0] = []() { static const auto t = QMetaType::fromName("QQuickItem::TransformOrigin"); return t; }();
}, 
    [](const QQmlPrivate::AOTCompiledContext *aotContext, void **argv) {
Q_UNUSED(aotContext)
Q_UNUSED(argv)
// expression for transformOrigin at line 167, column 9
int r2_0;
{
}
// generate_GetLookup
#ifndef QT_NO_DEBUG
aotContext->setInstructionPointer(4);
#endif
while (!aotContext->getEnumLookup(113, &r2_0)) {
#ifdef QT_NO_DEBUG
aotContext->setInstructionPointer(4);
#endif
aotContext->initGetEnumLookup(113, []() { static const auto t = QMetaType::fromName("QQuickItem*"); return t; }().metaObject(), "TransformOrigin", "Center");
if (aotContext->engine->hasError()) {
aotContext->setReturnValueUndefined();
if (argv[0]) {
    const QMetaType returnType = []() { static const auto t = QMetaType::fromName("QQuickItem::TransformOrigin"); return t; }();
    returnType.destruct(argv[0]);
    returnType.construct(argv[0]);
 }
return;
}
}
{
}
{
}
// generate_Ret
if (argv[0]) {
    const QMetaType returnType = QMetaType::fromType<int>();
    returnType.destruct(argv[0]);
    returnType.construct(argv[0], &r2_0);
}
return;
}
 },{ 17, 0, [](QV4::ExecutableCompilationUnit *unit, QMetaType *argTypes) {
    struct { QV4::ExecutableCompilationUnit *compilationUnit; } c { unit };
    const auto *aotContext = &c;
    Q_UNUSED(aotContext);
    argTypes[0] = []() { static const auto t = QMetaType::fromName("QQuickItem*"); return t; }();
}, 
    [](const QQmlPrivate::AOTCompiledContext *aotContext, void **argv) {
Q_UNUSED(aotContext)
Q_UNUSED(argv)
// expression for centerIn at line 166, column 9
QObject *r2_0;
// generate_LoadQmlContextPropertyLookup
#ifndef QT_NO_DEBUG
aotContext->setInstructionPointer(2);
#endif
while (!aotContext->loadScopeObjectPropertyLookup(115, &r2_0)) {
#ifdef QT_NO_DEBUG
aotContext->setInstructionPointer(2);
#endif
aotContext->initLoadScopeObjectPropertyLookup(115, []() { static const auto t = QMetaType::fromName("QQuickItem*"); return t; }());
if (aotContext->engine->hasError()) {
aotContext->setReturnValueUndefined();
if (argv[0]) {
    *static_cast<QObject * *>(argv[0]) = nullptr;
}
return;
}
}
{
}
{
}
// generate_Ret
if (argv[0]) {
    *static_cast<QObject * *>(argv[0]) = r2_0;
}
return;
}
 },{ 18, 0, [](QV4::ExecutableCompilationUnit *unit, QMetaType *argTypes) {
    struct { QV4::ExecutableCompilationUnit *compilationUnit; } c { unit };
    const auto *aotContext = &c;
    Q_UNUSED(aotContext);
    argTypes[0] = []() { static const auto t = QMetaType::fromName("QQuickImage::FillMode"); return t; }();
}, 
    [](const QQmlPrivate::AOTCompiledContext *aotContext, void **argv) {
Q_UNUSED(aotContext)
Q_UNUSED(argv)
// expression for fillMode at line 174, column 13
int r2_0;
{
}
// generate_GetLookup
#ifndef QT_NO_DEBUG
aotContext->setInstructionPointer(4);
#endif
while (!aotContext->getEnumLookup(117, &r2_0)) {
#ifdef QT_NO_DEBUG
aotContext->setInstructionPointer(4);
#endif
aotContext->initGetEnumLookup(117, []() { static const auto t = QMetaType::fromName("QQuickImage*"); return t; }().metaObject(), "FillMode", "Stretch");
if (aotContext->engine->hasError()) {
aotContext->setReturnValueUndefined();
if (argv[0]) {
    const QMetaType returnType = []() { static const auto t = QMetaType::fromName("QQuickImage::FillMode"); return t; }();
    returnType.destruct(argv[0]);
    returnType.construct(argv[0]);
 }
return;
}
}
{
}
{
}
// generate_Ret
if (argv[0]) {
    const QMetaType returnType = QMetaType::fromType<int>();
    returnType.destruct(argv[0]);
    returnType.construct(argv[0], &r2_0);
}
return;
}
 },{ 19, 0, [](QV4::ExecutableCompilationUnit *unit, QMetaType *argTypes) {
    struct { QV4::ExecutableCompilationUnit *compilationUnit; } c { unit };
    const auto *aotContext = &c;
    Q_UNUSED(aotContext);
    argTypes[0] = []() { static const auto t = QMetaType::fromName("QQuickItem*"); return t; }();
}, 
    [](const QQmlPrivate::AOTCompiledContext *aotContext, void **argv) {
Q_UNUSED(aotContext)
Q_UNUSED(argv)
// expression for fill at line 172, column 13
QObject *r2_0;
// generate_LoadQmlContextPropertyLookup
#ifndef QT_NO_DEBUG
aotContext->setInstructionPointer(2);
#endif
while (!aotContext->loadScopeObjectPropertyLookup(118, &r2_0)) {
#ifdef QT_NO_DEBUG
aotContext->setInstructionPointer(2);
#endif
aotContext->initLoadScopeObjectPropertyLookup(118, []() { static const auto t = QMetaType::fromName("QQuickItem*"); return t; }());
if (aotContext->engine->hasError()) {
aotContext->setReturnValueUndefined();
if (argv[0]) {
    *static_cast<QObject * *>(argv[0]) = nullptr;
}
return;
}
}
{
}
{
}
// generate_Ret
if (argv[0]) {
    *static_cast<QObject * *>(argv[0]) = r2_0;
}
return;
}
 },{ 20, 0, [](QV4::ExecutableCompilationUnit *unit, QMetaType *argTypes) {
    struct { QV4::ExecutableCompilationUnit *compilationUnit; } c { unit };
    const auto *aotContext = &c;
    Q_UNUSED(aotContext);
    argTypes[0] = []() { static const auto t = QMetaType::fromName("QQuickAnchorLine"); return t; }();
}, 
    [](const QQmlPrivate::AOTCompiledContext *aotContext, void **argv) {
Q_UNUSED(aotContext)
Q_UNUSED(argv)
// expression for left at line 181, column 13
QVariant r2_1;
QObject *r2_0;
// generate_LoadQmlContextPropertyLookup
#ifndef QT_NO_DEBUG
aotContext->setInstructionPointer(2);
#endif
while (!aotContext->loadScopeObjectPropertyLookup(119, &r2_0)) {
#ifdef QT_NO_DEBUG
aotContext->setInstructionPointer(2);
#endif
aotContext->initLoadScopeObjectPropertyLookup(119, []() { static const auto t = QMetaType::fromName("QQuickItem*"); return t; }());
if (aotContext->engine->hasError()) {
aotContext->setReturnValueUndefined();
if (argv[0]) {
    const QMetaType returnType = []() { static const auto t = QMetaType::fromName("QQuickAnchorLine"); return t; }();
    returnType.destruct(argv[0]);
    returnType.construct(argv[0]);
 }
return;
}
}
{
}
// generate_GetLookup
#ifndef QT_NO_DEBUG
aotContext->setInstructionPointer(4);
#endif
r2_1 = QVariant(aotContext->lookupResultMetaType(120));
while (!aotContext->getObjectLookup(120, r2_0, r2_1.data())) {
#ifdef QT_NO_DEBUG
aotContext->setInstructionPointer(4);
#endif
aotContext->initGetObjectLookup(120, r2_0, r2_1.metaType());
if (aotContext->engine->hasError()) {
aotContext->setReturnValueUndefined();
if (argv[0]) {
    const QMetaType returnType = []() { static const auto t = QMetaType::fromName("QQuickAnchorLine"); return t; }();
    returnType.destruct(argv[0]);
    returnType.construct(argv[0]);
 }
return;
}
r2_1 = QVariant(aotContext->lookupResultMetaType(120));
}
{
}
{
}
// generate_Ret
if (argv[0]) {
    if (!r2_1.isValid())
        aotContext->setReturnValueUndefined();
    const QMetaType returnType = r2_1.metaType();
    returnType.destruct(argv[0]);
    returnType.construct(argv[0], r2_1.data());
}
return;
}
 },{ 21, 0, [](QV4::ExecutableCompilationUnit *unit, QMetaType *argTypes) {
    struct { QV4::ExecutableCompilationUnit *compilationUnit; } c { unit };
    const auto *aotContext = &c;
    Q_UNUSED(aotContext);
    argTypes[0] = []() { static const auto t = QMetaType::fromName("QQuickAnchorLine"); return t; }();
}, 
    [](const QQmlPrivate::AOTCompiledContext *aotContext, void **argv) {
Q_UNUSED(aotContext)
Q_UNUSED(argv)
// expression for top at line 183, column 13
QVariant r2_1;
QObject *r2_0;
// generate_LoadQmlContextPropertyLookup
#ifndef QT_NO_DEBUG
aotContext->setInstructionPointer(2);
#endif
while (!aotContext->loadScopeObjectPropertyLookup(121, &r2_0)) {
#ifdef QT_NO_DEBUG
aotContext->setInstructionPointer(2);
#endif
aotContext->initLoadScopeObjectPropertyLookup(121, []() { static const auto t = QMetaType::fromName("QQuickItem*"); return t; }());
if (aotContext->engine->hasError()) {
aotContext->setReturnValueUndefined();
if (argv[0]) {
    const QMetaType returnType = []() { static const auto t = QMetaType::fromName("QQuickAnchorLine"); return t; }();
    returnType.destruct(argv[0]);
    returnType.construct(argv[0]);
 }
return;
}
}
{
}
// generate_GetLookup
#ifndef QT_NO_DEBUG
aotContext->setInstructionPointer(4);
#endif
r2_1 = QVariant(aotContext->lookupResultMetaType(122));
while (!aotContext->getObjectLookup(122, r2_0, r2_1.data())) {
#ifdef QT_NO_DEBUG
aotContext->setInstructionPointer(4);
#endif
aotContext->initGetObjectLookup(122, r2_0, r2_1.metaType());
if (aotContext->engine->hasError()) {
aotContext->setReturnValueUndefined();
if (argv[0]) {
    const QMetaType returnType = []() { static const auto t = QMetaType::fromName("QQuickAnchorLine"); return t; }();
    returnType.destruct(argv[0]);
    returnType.construct(argv[0]);
 }
return;
}
r2_1 = QVariant(aotContext->lookupResultMetaType(122));
}
{
}
{
}
// generate_Ret
if (argv[0]) {
    if (!r2_1.isValid())
        aotContext->setReturnValueUndefined();
    const QMetaType returnType = r2_1.metaType();
    returnType.destruct(argv[0]);
    returnType.construct(argv[0], r2_1.data());
}
return;
}
 },{ 22, 0, [](QV4::ExecutableCompilationUnit *unit, QMetaType *argTypes) {
    struct { QV4::ExecutableCompilationUnit *compilationUnit; } c { unit };
    const auto *aotContext = &c;
    Q_UNUSED(aotContext);
    argTypes[0] = []() { static const auto t = QMetaType::fromName("QQuickImage::FillMode"); return t; }();
}, 
    [](const QQmlPrivate::AOTCompiledContext *aotContext, void **argv) {
Q_UNUSED(aotContext)
Q_UNUSED(argv)
// expression for fillMode at line 197, column 13
int r2_0;
{
}
// generate_GetLookup
#ifndef QT_NO_DEBUG
aotContext->setInstructionPointer(4);
#endif
while (!aotContext->getEnumLookup(124, &r2_0)) {
#ifdef QT_NO_DEBUG
aotContext->setInstructionPointer(4);
#endif
aotContext->initGetEnumLookup(124, []() { static const auto t = QMetaType::fromName("QQuickImage*"); return t; }().metaObject(), "FillMode", "Stretch");
if (aotContext->engine->hasError()) {
aotContext->setReturnValueUndefined();
if (argv[0]) {
    const QMetaType returnType = []() { static const auto t = QMetaType::fromName("QQuickImage::FillMode"); return t; }();
    returnType.destruct(argv[0]);
    returnType.construct(argv[0]);
 }
return;
}
}
{
}
{
}
// generate_Ret
if (argv[0]) {
    const QMetaType returnType = QMetaType::fromType<int>();
    returnType.destruct(argv[0]);
    returnType.construct(argv[0], &r2_0);
}
return;
}
 },{ 23, 0, [](QV4::ExecutableCompilationUnit *unit, QMetaType *argTypes) {
    struct { QV4::ExecutableCompilationUnit *compilationUnit; } c { unit };
    const auto *aotContext = &c;
    Q_UNUSED(aotContext);
    argTypes[0] = []() { static const auto t = QMetaType::fromName("QQuickAnchorLine"); return t; }();
}, 
    [](const QQmlPrivate::AOTCompiledContext *aotContext, void **argv) {
Q_UNUSED(aotContext)
Q_UNUSED(argv)
// expression for left at line 193, column 13
QObject *r2_0;
QVariant r2_1;
// generate_LoadQmlContextPropertyLookup
#ifndef QT_NO_DEBUG
aotContext->setInstructionPointer(2);
#endif
while (!aotContext->loadScopeObjectPropertyLookup(125, &r2_0)) {
#ifdef QT_NO_DEBUG
aotContext->setInstructionPointer(2);
#endif
aotContext->initLoadScopeObjectPropertyLookup(125, []() { static const auto t = QMetaType::fromName("QQuickItem*"); return t; }());
if (aotContext->engine->hasError()) {
aotContext->setReturnValueUndefined();
if (argv[0]) {
    const QMetaType returnType = []() { static const auto t = QMetaType::fromName("QQuickAnchorLine"); return t; }();
    returnType.destruct(argv[0]);
    returnType.construct(argv[0]);
 }
return;
}
}
{
}
// generate_GetLookup
#ifndef QT_NO_DEBUG
aotContext->setInstructionPointer(4);
#endif
r2_1 = QVariant(aotContext->lookupResultMetaType(126));
while (!aotContext->getObjectLookup(126, r2_0, r2_1.data())) {
#ifdef QT_NO_DEBUG
aotContext->setInstructionPointer(4);
#endif
aotContext->initGetObjectLookup(126, r2_0, r2_1.metaType());
if (aotContext->engine->hasError()) {
aotContext->setReturnValueUndefined();
if (argv[0]) {
    const QMetaType returnType = []() { static const auto t = QMetaType::fromName("QQuickAnchorLine"); return t; }();
    returnType.destruct(argv[0]);
    returnType.construct(argv[0]);
 }
return;
}
r2_1 = QVariant(aotContext->lookupResultMetaType(126));
}
{
}
{
}
// generate_Ret
if (argv[0]) {
    if (!r2_1.isValid())
        aotContext->setReturnValueUndefined();
    const QMetaType returnType = r2_1.metaType();
    returnType.destruct(argv[0]);
    returnType.construct(argv[0], r2_1.data());
}
return;
}
 },{ 24, 0, [](QV4::ExecutableCompilationUnit *unit, QMetaType *argTypes) {
    struct { QV4::ExecutableCompilationUnit *compilationUnit; } c { unit };
    const auto *aotContext = &c;
    Q_UNUSED(aotContext);
    argTypes[0] = []() { static const auto t = QMetaType::fromName("QQuickAnchorLine"); return t; }();
}, 
    [](const QQmlPrivate::AOTCompiledContext *aotContext, void **argv) {
Q_UNUSED(aotContext)
Q_UNUSED(argv)
// expression for right at line 194, column 13
QVariant r2_1;
QObject *r2_0;
// generate_LoadQmlContextPropertyLookup
#ifndef QT_NO_DEBUG
aotContext->setInstructionPointer(2);
#endif
while (!aotContext->loadScopeObjectPropertyLookup(127, &r2_0)) {
#ifdef QT_NO_DEBUG
aotContext->setInstructionPointer(2);
#endif
aotContext->initLoadScopeObjectPropertyLookup(127, []() { static const auto t = QMetaType::fromName("QQuickItem*"); return t; }());
if (aotContext->engine->hasError()) {
aotContext->setReturnValueUndefined();
if (argv[0]) {
    const QMetaType returnType = []() { static const auto t = QMetaType::fromName("QQuickAnchorLine"); return t; }();
    returnType.destruct(argv[0]);
    returnType.construct(argv[0]);
 }
return;
}
}
{
}
// generate_GetLookup
#ifndef QT_NO_DEBUG
aotContext->setInstructionPointer(7);
#endif
r2_1 = QVariant(aotContext->lookupResultMetaType(128));
while (!aotContext->getObjectLookup(128, r2_0, r2_1.data())) {
#ifdef QT_NO_DEBUG
aotContext->setInstructionPointer(7);
#endif
aotContext->initGetObjectLookup(128, r2_0, r2_1.metaType());
if (aotContext->engine->hasError()) {
aotContext->setReturnValueUndefined();
if (argv[0]) {
    const QMetaType returnType = []() { static const auto t = QMetaType::fromName("QQuickAnchorLine"); return t; }();
    returnType.destruct(argv[0]);
    returnType.construct(argv[0]);
 }
return;
}
r2_1 = QVariant(aotContext->lookupResultMetaType(128));
}
{
}
{
}
// generate_Ret
if (argv[0]) {
    if (!r2_1.isValid())
        aotContext->setReturnValueUndefined();
    const QMetaType returnType = r2_1.metaType();
    returnType.destruct(argv[0]);
    returnType.construct(argv[0], r2_1.data());
}
return;
}
 },{ 25, 0, [](QV4::ExecutableCompilationUnit *unit, QMetaType *argTypes) {
    struct { QV4::ExecutableCompilationUnit *compilationUnit; } c { unit };
    const auto *aotContext = &c;
    Q_UNUSED(aotContext);
    argTypes[0] = []() { static const auto t = QMetaType::fromName("QQuickAnchorLine"); return t; }();
}, 
    [](const QQmlPrivate::AOTCompiledContext *aotContext, void **argv) {
Q_UNUSED(aotContext)
Q_UNUSED(argv)
// expression for bottom at line 195, column 13
QObject *r2_0;
QVariant r2_1;
// generate_LoadQmlContextPropertyLookup
#ifndef QT_NO_DEBUG
aotContext->setInstructionPointer(5);
#endif
while (!aotContext->loadContextIdLookup(129, &r2_0)) {
#ifdef QT_NO_DEBUG
aotContext->setInstructionPointer(5);
#endif
aotContext->initLoadContextIdLookup(129);
if (aotContext->engine->hasError()) {
aotContext->setReturnValueUndefined();
if (argv[0]) {
    const QMetaType returnType = []() { static const auto t = QMetaType::fromName("QQuickAnchorLine"); return t; }();
    returnType.destruct(argv[0]);
    returnType.construct(argv[0]);
 }
return;
}
}
{
}
// generate_GetLookup
#ifndef QT_NO_DEBUG
aotContext->setInstructionPointer(10);
#endif
r2_1 = QVariant(aotContext->lookupResultMetaType(130));
while (!aotContext->getObjectLookup(130, r2_0, r2_1.data())) {
#ifdef QT_NO_DEBUG
aotContext->setInstructionPointer(10);
#endif
aotContext->initGetObjectLookup(130, r2_0, r2_1.metaType());
if (aotContext->engine->hasError()) {
aotContext->setReturnValueUndefined();
if (argv[0]) {
    const QMetaType returnType = []() { static const auto t = QMetaType::fromName("QQuickAnchorLine"); return t; }();
    returnType.destruct(argv[0]);
    returnType.construct(argv[0]);
 }
return;
}
r2_1 = QVariant(aotContext->lookupResultMetaType(130));
}
{
}
{
}
// generate_Ret
if (argv[0]) {
    if (!r2_1.isValid())
        aotContext->setReturnValueUndefined();
    const QMetaType returnType = r2_1.metaType();
    returnType.destruct(argv[0]);
    returnType.construct(argv[0], r2_1.data());
}
return;
}
 },{ 26, 0, [](QV4::ExecutableCompilationUnit *unit, QMetaType *argTypes) {
    struct { QV4::ExecutableCompilationUnit *compilationUnit; } c { unit };
    const auto *aotContext = &c;
    Q_UNUSED(aotContext);
    argTypes[0] = QMetaType::fromType<double>();
}, 
    [](const QQmlPrivate::AOTCompiledContext *aotContext, void **argv) {
Q_UNUSED(aotContext)
Q_UNUSED(argv)
// expression for height at line 210, column 13
QObject *r2_0;
QObject *r2_5;
double r2_8;
double r2_6;
double r8_0;
QObject *r2_7;
double r2_2;
double r2_1;
double r7_0;
double r2_4;
double r9_0;
bool r2_3;
// generate_LoadQmlContextPropertyLookup
#ifndef QT_NO_DEBUG
aotContext->setInstructionPointer(5);
#endif
while (!aotContext->loadContextIdLookup(131, &r2_0)) {
#ifdef QT_NO_DEBUG
aotContext->setInstructionPointer(5);
#endif
aotContext->initLoadContextIdLookup(131);
if (aotContext->engine->hasError()) {
aotContext->setReturnValueUndefined();
if (argv[0]) {
    *static_cast<double *>(argv[0]) = double();
}
return;
}
}
{
}
// generate_GetLookup
#ifndef QT_NO_DEBUG
aotContext->setInstructionPointer(10);
#endif
while (!aotContext->getObjectLookup(132, r2_0, &r2_1)) {
#ifdef QT_NO_DEBUG
aotContext->setInstructionPointer(10);
#endif
aotContext->initGetObjectLookup(132, r2_0, QMetaType::fromType<double>());
if (aotContext->engine->hasError()) {
aotContext->setReturnValueUndefined();
if (argv[0]) {
    *static_cast<double *>(argv[0]) = double();
}
return;
}
}
{
}
// generate_StoreReg
r7_0 = r2_1;
{
}
// generate_LoadZero
r2_2 = double(0);
{
}
// generate_CmpGt
r2_3 = r7_0 > r2_2;
{
}
// generate_JumpFalse
if (!r2_3) {
    goto label_0;
}
{
}
// generate_LoadQmlContextPropertyLookup
#ifndef QT_NO_DEBUG
aotContext->setInstructionPointer(22);
#endif
while (!aotContext->loadScopeObjectPropertyLookup(133, &r2_4)) {
#ifdef QT_NO_DEBUG
aotContext->setInstructionPointer(22);
#endif
aotContext->initLoadScopeObjectPropertyLookup(133, QMetaType::fromType<double>());
if (aotContext->engine->hasError()) {
aotContext->setReturnValueUndefined();
if (argv[0]) {
    *static_cast<double *>(argv[0]) = double();
}
return;
}
}
{
}
// generate_StoreReg
r8_0 = r2_4;
{
}
// generate_LoadQmlContextPropertyLookup
#ifndef QT_NO_DEBUG
aotContext->setInstructionPointer(29);
#endif
while (!aotContext->loadContextIdLookup(134, &r2_5)) {
#ifdef QT_NO_DEBUG
aotContext->setInstructionPointer(29);
#endif
aotContext->initLoadContextIdLookup(134);
if (aotContext->engine->hasError()) {
aotContext->setReturnValueUndefined();
if (argv[0]) {
    *static_cast<double *>(argv[0]) = double();
}
return;
}
}
{
}
// generate_GetLookup
#ifndef QT_NO_DEBUG
aotContext->setInstructionPointer(34);
#endif
while (!aotContext->getObjectLookup(135, r2_5, &r2_6)) {
#ifdef QT_NO_DEBUG
aotContext->setInstructionPointer(34);
#endif
aotContext->initGetObjectLookup(135, r2_5, QMetaType::fromType<double>());
if (aotContext->engine->hasError()) {
aotContext->setReturnValueUndefined();
if (argv[0]) {
    *static_cast<double *>(argv[0]) = double();
}
return;
}
}
{
}
// generate_Mul
r2_2 = (r8_0 * r2_6);
{
}
// generate_StoreReg
r9_0 = r2_2;
{
}
// generate_LoadQmlContextPropertyLookup
#ifndef QT_NO_DEBUG
aotContext->setInstructionPointer(43);
#endif
while (!aotContext->loadContextIdLookup(136, &r2_7)) {
#ifdef QT_NO_DEBUG
aotContext->setInstructionPointer(43);
#endif
aotContext->initLoadContextIdLookup(136);
if (aotContext->engine->hasError()) {
aotContext->setReturnValueUndefined();
if (argv[0]) {
    *static_cast<double *>(argv[0]) = double();
}
return;
}
}
{
}
// generate_GetLookup
#ifndef QT_NO_DEBUG
aotContext->setInstructionPointer(48);
#endif
while (!aotContext->getObjectLookup(137, r2_7, &r2_8)) {
#ifdef QT_NO_DEBUG
aotContext->setInstructionPointer(48);
#endif
aotContext->initGetObjectLookup(137, r2_7, QMetaType::fromType<double>());
if (aotContext->engine->hasError()) {
aotContext->setReturnValueUndefined();
if (argv[0]) {
    *static_cast<double *>(argv[0]) = double();
}
return;
}
}
{
}
// generate_Div
r2_2 = (r9_0 / r2_8);
{
}
// generate_Jump
{
    goto label_1;
}
label_0:;
// generate_LoadInt
r2_2 = double(250);
{
}
label_1:;
{
}
// generate_Ret
if (argv[0]) {
    *static_cast<double *>(argv[0]) = r2_2;
}
return;
}
 },{ 27, 0, [](QV4::ExecutableCompilationUnit *unit, QMetaType *argTypes) {
    struct { QV4::ExecutableCompilationUnit *compilationUnit; } c { unit };
    const auto *aotContext = &c;
    Q_UNUSED(aotContext);
    argTypes[0] = []() { static const auto t = QMetaType::fromName("QQuickAnchorLine"); return t; }();
}, 
    [](const QQmlPrivate::AOTCompiledContext *aotContext, void **argv) {
Q_UNUSED(aotContext)
Q_UNUSED(argv)
// expression for left at line 206, column 17
QVariant r2_1;
QObject *r2_0;
// generate_LoadQmlContextPropertyLookup
#ifndef QT_NO_DEBUG
aotContext->setInstructionPointer(5);
#endif
while (!aotContext->loadScopeObjectPropertyLookup(138, &r2_0)) {
#ifdef QT_NO_DEBUG
aotContext->setInstructionPointer(5);
#endif
aotContext->initLoadScopeObjectPropertyLookup(138, []() { static const auto t = QMetaType::fromName("QQuickItem*"); return t; }());
if (aotContext->engine->hasError()) {
aotContext->setReturnValueUndefined();
if (argv[0]) {
    const QMetaType returnType = []() { static const auto t = QMetaType::fromName("QQuickAnchorLine"); return t; }();
    returnType.destruct(argv[0]);
    returnType.construct(argv[0]);
 }
return;
}
}
{
}
// generate_GetLookup
#ifndef QT_NO_DEBUG
aotContext->setInstructionPointer(10);
#endif
r2_1 = QVariant(aotContext->lookupResultMetaType(139));
while (!aotContext->getObjectLookup(139, r2_0, r2_1.data())) {
#ifdef QT_NO_DEBUG
aotContext->setInstructionPointer(10);
#endif
aotContext->initGetObjectLookup(139, r2_0, r2_1.metaType());
if (aotContext->engine->hasError()) {
aotContext->setReturnValueUndefined();
if (argv[0]) {
    const QMetaType returnType = []() { static const auto t = QMetaType::fromName("QQuickAnchorLine"); return t; }();
    returnType.destruct(argv[0]);
    returnType.construct(argv[0]);
 }
return;
}
r2_1 = QVariant(aotContext->lookupResultMetaType(139));
}
{
}
{
}
// generate_Ret
if (argv[0]) {
    if (!r2_1.isValid())
        aotContext->setReturnValueUndefined();
    const QMetaType returnType = r2_1.metaType();
    returnType.destruct(argv[0]);
    returnType.construct(argv[0], r2_1.data());
}
return;
}
 },{ 28, 0, [](QV4::ExecutableCompilationUnit *unit, QMetaType *argTypes) {
    struct { QV4::ExecutableCompilationUnit *compilationUnit; } c { unit };
    const auto *aotContext = &c;
    Q_UNUSED(aotContext);
    argTypes[0] = []() { static const auto t = QMetaType::fromName("QQuickAnchorLine"); return t; }();
}, 
    [](const QQmlPrivate::AOTCompiledContext *aotContext, void **argv) {
Q_UNUSED(aotContext)
Q_UNUSED(argv)
// expression for right at line 207, column 17
QVariant r2_1;
QObject *r2_0;
// generate_LoadQmlContextPropertyLookup
#ifndef QT_NO_DEBUG
aotContext->setInstructionPointer(5);
#endif
while (!aotContext->loadScopeObjectPropertyLookup(140, &r2_0)) {
#ifdef QT_NO_DEBUG
aotContext->setInstructionPointer(5);
#endif
aotContext->initLoadScopeObjectPropertyLookup(140, []() { static const auto t = QMetaType::fromName("QQuickItem*"); return t; }());
if (aotContext->engine->hasError()) {
aotContext->setReturnValueUndefined();
if (argv[0]) {
    const QMetaType returnType = []() { static const auto t = QMetaType::fromName("QQuickAnchorLine"); return t; }();
    returnType.destruct(argv[0]);
    returnType.construct(argv[0]);
 }
return;
}
}
{
}
// generate_GetLookup
#ifndef QT_NO_DEBUG
aotContext->setInstructionPointer(10);
#endif
r2_1 = QVariant(aotContext->lookupResultMetaType(141));
while (!aotContext->getObjectLookup(141, r2_0, r2_1.data())) {
#ifdef QT_NO_DEBUG
aotContext->setInstructionPointer(10);
#endif
aotContext->initGetObjectLookup(141, r2_0, r2_1.metaType());
if (aotContext->engine->hasError()) {
aotContext->setReturnValueUndefined();
if (argv[0]) {
    const QMetaType returnType = []() { static const auto t = QMetaType::fromName("QQuickAnchorLine"); return t; }();
    returnType.destruct(argv[0]);
    returnType.construct(argv[0]);
 }
return;
}
r2_1 = QVariant(aotContext->lookupResultMetaType(141));
}
{
}
{
}
// generate_Ret
if (argv[0]) {
    if (!r2_1.isValid())
        aotContext->setReturnValueUndefined();
    const QMetaType returnType = r2_1.metaType();
    returnType.destruct(argv[0]);
    returnType.construct(argv[0], r2_1.data());
}
return;
}
 },{ 29, 0, [](QV4::ExecutableCompilationUnit *unit, QMetaType *argTypes) {
    struct { QV4::ExecutableCompilationUnit *compilationUnit; } c { unit };
    const auto *aotContext = &c;
    Q_UNUSED(aotContext);
    argTypes[0] = []() { static const auto t = QMetaType::fromName("QQuickAnchorLine"); return t; }();
}, 
    [](const QQmlPrivate::AOTCompiledContext *aotContext, void **argv) {
Q_UNUSED(aotContext)
Q_UNUSED(argv)
// expression for bottom at line 208, column 17
QObject *r2_0;
QVariant r2_1;
// generate_LoadQmlContextPropertyLookup
#ifndef QT_NO_DEBUG
aotContext->setInstructionPointer(5);
#endif
while (!aotContext->loadScopeObjectPropertyLookup(142, &r2_0)) {
#ifdef QT_NO_DEBUG
aotContext->setInstructionPointer(5);
#endif
aotContext->initLoadScopeObjectPropertyLookup(142, []() { static const auto t = QMetaType::fromName("QQuickItem*"); return t; }());
if (aotContext->engine->hasError()) {
aotContext->setReturnValueUndefined();
if (argv[0]) {
    const QMetaType returnType = []() { static const auto t = QMetaType::fromName("QQuickAnchorLine"); return t; }();
    returnType.destruct(argv[0]);
    returnType.construct(argv[0]);
 }
return;
}
}
{
}
// generate_GetLookup
#ifndef QT_NO_DEBUG
aotContext->setInstructionPointer(10);
#endif
r2_1 = QVariant(aotContext->lookupResultMetaType(143));
while (!aotContext->getObjectLookup(143, r2_0, r2_1.data())) {
#ifdef QT_NO_DEBUG
aotContext->setInstructionPointer(10);
#endif
aotContext->initGetObjectLookup(143, r2_0, r2_1.metaType());
if (aotContext->engine->hasError()) {
aotContext->setReturnValueUndefined();
if (argv[0]) {
    const QMetaType returnType = []() { static const auto t = QMetaType::fromName("QQuickAnchorLine"); return t; }();
    returnType.destruct(argv[0]);
    returnType.construct(argv[0]);
 }
return;
}
r2_1 = QVariant(aotContext->lookupResultMetaType(143));
}
{
}
{
}
// generate_Ret
if (argv[0]) {
    if (!r2_1.isValid())
        aotContext->setReturnValueUndefined();
    const QMetaType returnType = r2_1.metaType();
    returnType.destruct(argv[0]);
    returnType.construct(argv[0], r2_1.data());
}
return;
}
 },{ 30, 0, [](QV4::ExecutableCompilationUnit *unit, QMetaType *argTypes) {
    struct { QV4::ExecutableCompilationUnit *compilationUnit; } c { unit };
    const auto *aotContext = &c;
    Q_UNUSED(aotContext);
    argTypes[0] = QMetaType::fromType<double>();
}, 
    [](const QQmlPrivate::AOTCompiledContext *aotContext, void **argv) {
Q_UNUSED(aotContext)
Q_UNUSED(argv)
// expression for bottomMargin at line 209, column 17
double r2_0;
// generate_LoadQmlContextPropertyLookup
{
int retrieved;
#ifndef QT_NO_DEBUG
aotContext->setInstructionPointer(5);
#endif
while (!aotContext->loadScopeObjectPropertyLookup(144, &retrieved)) {
#ifdef QT_NO_DEBUG
aotContext->setInstructionPointer(5);
#endif
aotContext->initLoadScopeObjectPropertyLookup(144, QMetaType::fromType<int>());
if (aotContext->engine->hasError()) {
aotContext->setReturnValueUndefined();
if (argv[0]) {
    *static_cast<double *>(argv[0]) = double();
}
return;
}
}
r2_0 = double(std::move(retrieved));
}
{
}
{
}
// generate_Ret
if (argv[0]) {
    *static_cast<double *>(argv[0]) = r2_0;
}
return;
}
 },{ 31, 0, [](QV4::ExecutableCompilationUnit *unit, QMetaType *argTypes) {
    struct { QV4::ExecutableCompilationUnit *compilationUnit; } c { unit };
    const auto *aotContext = &c;
    Q_UNUSED(aotContext);
    argTypes[0] = []() { static const auto t = QMetaType::fromName("QQuickImage::FillMode"); return t; }();
}, 
    [](const QQmlPrivate::AOTCompiledContext *aotContext, void **argv) {
Q_UNUSED(aotContext)
Q_UNUSED(argv)
// expression for fillMode at line 220, column 17
int r2_0;
{
}
// generate_GetLookup
#ifndef QT_NO_DEBUG
aotContext->setInstructionPointer(10);
#endif
while (!aotContext->getEnumLookup(146, &r2_0)) {
#ifdef QT_NO_DEBUG
aotContext->setInstructionPointer(10);
#endif
aotContext->initGetEnumLookup(146, []() { static const auto t = QMetaType::fromName("QQuickImage*"); return t; }().metaObject(), "FillMode", "Stretch");
if (aotContext->engine->hasError()) {
aotContext->setReturnValueUndefined();
if (argv[0]) {
    const QMetaType returnType = []() { static const auto t = QMetaType::fromName("QQuickImage::FillMode"); return t; }();
    returnType.destruct(argv[0]);
    returnType.construct(argv[0]);
 }
return;
}
}
{
}
{
}
// generate_Ret
if (argv[0]) {
    const QMetaType returnType = QMetaType::fromType<int>();
    returnType.destruct(argv[0]);
    returnType.construct(argv[0], &r2_0);
}
return;
}
 },{ 32, 0, [](QV4::ExecutableCompilationUnit *unit, QMetaType *argTypes) {
    struct { QV4::ExecutableCompilationUnit *compilationUnit; } c { unit };
    const auto *aotContext = &c;
    Q_UNUSED(aotContext);
    argTypes[0] = []() { static const auto t = QMetaType::fromName("QQuickItem*"); return t; }();
}, 
    [](const QQmlPrivate::AOTCompiledContext *aotContext, void **argv) {
Q_UNUSED(aotContext)
Q_UNUSED(argv)
// expression for fill at line 218, column 17
QObject *r2_0;
// generate_LoadQmlContextPropertyLookup
#ifndef QT_NO_DEBUG
aotContext->setInstructionPointer(5);
#endif
while (!aotContext->loadScopeObjectPropertyLookup(147, &r2_0)) {
#ifdef QT_NO_DEBUG
aotContext->setInstructionPointer(5);
#endif
aotContext->initLoadScopeObjectPropertyLookup(147, []() { static const auto t = QMetaType::fromName("QQuickItem*"); return t; }());
if (aotContext->engine->hasError()) {
aotContext->setReturnValueUndefined();
if (argv[0]) {
    *static_cast<QObject * *>(argv[0]) = nullptr;
}
return;
}
}
{
}
{
}
// generate_Ret
if (argv[0]) {
    *static_cast<QObject * *>(argv[0]) = r2_0;
}
return;
}
 },{ 33, 0, [](QV4::ExecutableCompilationUnit *unit, QMetaType *argTypes) {
    struct { QV4::ExecutableCompilationUnit *compilationUnit; } c { unit };
    const auto *aotContext = &c;
    Q_UNUSED(aotContext);
    argTypes[0] = QMetaType::fromType<double>();
}, 
    [](const QQmlPrivate::AOTCompiledContext *aotContext, void **argv) {
Q_UNUSED(aotContext)
Q_UNUSED(argv)
// expression for bottomMargin at line 219, column 17
double r2_1;
double r2_2;
QObject *r2_0;
// generate_LoadQmlContextPropertyLookup
#ifndef QT_NO_DEBUG
aotContext->setInstructionPointer(5);
#endif
while (!aotContext->loadContextIdLookup(148, &r2_0)) {
#ifdef QT_NO_DEBUG
aotContext->setInstructionPointer(5);
#endif
aotContext->initLoadContextIdLookup(148);
if (aotContext->engine->hasError()) {
aotContext->setReturnValueUndefined();
if (argv[0]) {
    *static_cast<double *>(argv[0]) = double();
}
return;
}
}
{
}
// generate_GetLookup
{
int retrieved;
#ifndef QT_NO_DEBUG
aotContext->setInstructionPointer(10);
#endif
while (!aotContext->getObjectLookup(149, r2_0, &retrieved)) {
#ifdef QT_NO_DEBUG
aotContext->setInstructionPointer(10);
#endif
aotContext->initGetObjectLookup(149, r2_0, QMetaType::fromType<int>());
if (aotContext->engine->hasError()) {
aotContext->setReturnValueUndefined();
if (argv[0]) {
    *static_cast<double *>(argv[0]) = double();
}
return;
}
}
r2_1 = double(std::move(retrieved));
}
{
}
// generate_UMinus
r2_2 = -r2_1;
{
}
{
}
// generate_Ret
if (argv[0]) {
    *static_cast<double *>(argv[0]) = r2_2;
}
return;
}
 },{ 34, 0, [](QV4::ExecutableCompilationUnit *unit, QMetaType *argTypes) {
    struct { QV4::ExecutableCompilationUnit *compilationUnit; } c { unit };
    const auto *aotContext = &c;
    Q_UNUSED(aotContext);
    argTypes[0] = QMetaType::fromType<double>();
}, 
    [](const QQmlPrivate::AOTCompiledContext *aotContext, void **argv) {
Q_UNUSED(aotContext)
Q_UNUSED(argv)
// expression for stringsHorizontalExpansion at line 232, column 17
double r7_0;
double r2_0;
double r2_1;
double r2_2;
// generate_LoadQmlContextPropertyLookup
#ifndef QT_NO_DEBUG
aotContext->setInstructionPointer(5);
#endif
while (!aotContext->loadScopeObjectPropertyLookup(150, &r2_0)) {
#ifdef QT_NO_DEBUG
aotContext->setInstructionPointer(5);
#endif
aotContext->initLoadScopeObjectPropertyLookup(150, QMetaType::fromType<double>());
if (aotContext->engine->hasError()) {
aotContext->setReturnValueUndefined();
if (argv[0]) {
    *static_cast<double *>(argv[0]) = double();
}
return;
}
}
{
}
// generate_StoreReg
r7_0 = r2_0;
{
}
// generate_LoadQmlContextPropertyLookup
#ifndef QT_NO_DEBUG
aotContext->setInstructionPointer(12);
#endif
while (!aotContext->loadScopeObjectPropertyLookup(151, &r2_1)) {
#ifdef QT_NO_DEBUG
aotContext->setInstructionPointer(12);
#endif
aotContext->initLoadScopeObjectPropertyLookup(151, QMetaType::fromType<double>());
if (aotContext->engine->hasError()) {
aotContext->setReturnValueUndefined();
if (argv[0]) {
    *static_cast<double *>(argv[0]) = double();
}
return;
}
}
{
}
// generate_Sub
r2_2 = (r7_0 - r2_1);
{
}
{
}
// generate_Ret
if (argv[0]) {
    *static_cast<double *>(argv[0]) = r2_2;
}
return;
}
 },{ 35, 0, [](QV4::ExecutableCompilationUnit *unit, QMetaType *argTypes) {
    struct { QV4::ExecutableCompilationUnit *compilationUnit; } c { unit };
    const auto *aotContext = &c;
    Q_UNUSED(aotContext);
    argTypes[0] = QMetaType::fromType<double>();
}, 
    [](const QQmlPrivate::AOTCompiledContext *aotContext, void **argv) {
Q_UNUSED(aotContext)
Q_UNUSED(argv)
// expression for stringsVerticalOffset at line 233, column 17
double r2_1;
double r8_0;
double r7_0;
double r2_0;
double r2_2;
// generate_LoadQmlContextPropertyLookup
#ifndef QT_NO_DEBUG
aotContext->setInstructionPointer(5);
#endif
while (!aotContext->loadScopeObjectPropertyLookup(152, &r2_0)) {
#ifdef QT_NO_DEBUG
aotContext->setInstructionPointer(5);
#endif
aotContext->initLoadScopeObjectPropertyLookup(152, QMetaType::fromType<double>());
if (aotContext->engine->hasError()) {
aotContext->setReturnValueUndefined();
if (argv[0]) {
    *static_cast<double *>(argv[0]) = double();
}
return;
}
}
{
}
// generate_StoreReg
r7_0 = r2_0;
{
}
// generate_LoadQmlContextPropertyLookup
#ifndef QT_NO_DEBUG
aotContext->setInstructionPointer(12);
#endif
while (!aotContext->loadScopeObjectPropertyLookup(153, &r2_1)) {
#ifdef QT_NO_DEBUG
aotContext->setInstructionPointer(12);
#endif
aotContext->initLoadScopeObjectPropertyLookup(153, QMetaType::fromType<double>());
if (aotContext->engine->hasError()) {
aotContext->setReturnValueUndefined();
if (argv[0]) {
    *static_cast<double *>(argv[0]) = double();
}
return;
}
}
{
}
// generate_Sub
r2_2 = (r7_0 - r2_1);
{
}
// generate_StoreReg
r8_0 = r2_2;
{
}
// generate_LoadInt
r2_2 = double(2);
{
}
// generate_Div
r2_2 = (r8_0 / r2_2);
{
}
{
}
// generate_Ret
if (argv[0]) {
    *static_cast<double *>(argv[0]) = r2_2;
}
return;
}
 },{ 37, 0, [](QV4::ExecutableCompilationUnit *unit, QMetaType *argTypes) {
    struct { QV4::ExecutableCompilationUnit *compilationUnit; } c { unit };
    const auto *aotContext = &c;
    Q_UNUSED(aotContext);
    argTypes[0] = QMetaType::fromType<double>();
}, 
    [](const QQmlPrivate::AOTCompiledContext *aotContext, void **argv) {
Q_UNUSED(aotContext)
Q_UNUSED(argv)
// expression for width at line 239, column 17
QObject *r2_4;
double r2_6;
double r2_1;
double r7_0;
QObject *r2_0;
double r2_2;
double r2_5;
bool r2_3;
// generate_LoadQmlContextPropertyLookup
#ifndef QT_NO_DEBUG
aotContext->setInstructionPointer(5);
#endif
while (!aotContext->loadContextIdLookup(154, &r2_0)) {
#ifdef QT_NO_DEBUG
aotContext->setInstructionPointer(5);
#endif
aotContext->initLoadContextIdLookup(154);
if (aotContext->engine->hasError()) {
aotContext->setReturnValueUndefined();
if (argv[0]) {
    *static_cast<double *>(argv[0]) = double();
}
return;
}
}
{
}
// generate_GetLookup
#ifndef QT_NO_DEBUG
aotContext->setInstructionPointer(10);
#endif
while (!aotContext->getObjectLookup(155, r2_0, &r2_1)) {
#ifdef QT_NO_DEBUG
aotContext->setInstructionPointer(10);
#endif
aotContext->initGetObjectLookup(155, r2_0, QMetaType::fromType<double>());
if (aotContext->engine->hasError()) {
aotContext->setReturnValueUndefined();
if (argv[0]) {
    *static_cast<double *>(argv[0]) = double();
}
return;
}
}
{
}
// generate_StoreReg
r7_0 = r2_1;
{
}
// generate_LoadZero
r2_2 = double(0);
{
}
// generate_CmpGt
r2_3 = r7_0 > r2_2;
{
}
// generate_JumpFalse
if (!r2_3) {
    goto label_0;
}
{
}
// generate_LoadQmlContextPropertyLookup
#ifndef QT_NO_DEBUG
aotContext->setInstructionPointer(22);
#endif
while (!aotContext->loadContextIdLookup(156, &r2_4)) {
#ifdef QT_NO_DEBUG
aotContext->setInstructionPointer(22);
#endif
aotContext->initLoadContextIdLookup(156);
if (aotContext->engine->hasError()) {
aotContext->setReturnValueUndefined();
if (argv[0]) {
    *static_cast<double *>(argv[0]) = double();
}
return;
}
}
{
}
// generate_GetLookup
#ifndef QT_NO_DEBUG
aotContext->setInstructionPointer(27);
#endif
while (!aotContext->getObjectLookup(157, r2_4, &r2_5)) {
#ifdef QT_NO_DEBUG
aotContext->setInstructionPointer(27);
#endif
aotContext->initGetObjectLookup(157, r2_4, QMetaType::fromType<double>());
if (aotContext->engine->hasError()) {
aotContext->setReturnValueUndefined();
if (argv[0]) {
    *static_cast<double *>(argv[0]) = double();
}
return;
}
}
{
}
// generate_Jump
{
r2_2 = r2_5;
    goto label_1;
}
label_0:;
// generate_LoadQmlContextPropertyLookup
#ifndef QT_NO_DEBUG
aotContext->setInstructionPointer(34);
#endif
while (!aotContext->loadScopeObjectPropertyLookup(158, &r2_6)) {
#ifdef QT_NO_DEBUG
aotContext->setInstructionPointer(34);
#endif
aotContext->initLoadScopeObjectPropertyLookup(158, QMetaType::fromType<double>());
if (aotContext->engine->hasError()) {
aotContext->setReturnValueUndefined();
if (argv[0]) {
    *static_cast<double *>(argv[0]) = double();
}
return;
}
}
{
r2_2 = std::move(r2_6);
}
label_1:;
{
}
// generate_Ret
if (argv[0]) {
    *static_cast<double *>(argv[0]) = r2_2;
}
return;
}
 },{ 38, 0, [](QV4::ExecutableCompilationUnit *unit, QMetaType *argTypes) {
    struct { QV4::ExecutableCompilationUnit *compilationUnit; } c { unit };
    const auto *aotContext = &c;
    Q_UNUSED(aotContext);
    argTypes[0] = QMetaType::fromType<double>();
}, 
    [](const QQmlPrivate::AOTCompiledContext *aotContext, void **argv) {
Q_UNUSED(aotContext)
Q_UNUSED(argv)
// expression for height at line 240, column 17
double r2_1;
QObject *r2_0;
double r7_0;
double r2_5;
double r2_2;
QObject *r2_4;
bool r2_3;
// generate_LoadQmlContextPropertyLookup
#ifndef QT_NO_DEBUG
aotContext->setInstructionPointer(5);
#endif
while (!aotContext->loadContextIdLookup(159, &r2_0)) {
#ifdef QT_NO_DEBUG
aotContext->setInstructionPointer(5);
#endif
aotContext->initLoadContextIdLookup(159);
if (aotContext->engine->hasError()) {
aotContext->setReturnValueUndefined();
if (argv[0]) {
    *static_cast<double *>(argv[0]) = double();
}
return;
}
}
{
}
// generate_GetLookup
#ifndef QT_NO_DEBUG
aotContext->setInstructionPointer(10);
#endif
while (!aotContext->getObjectLookup(160, r2_0, &r2_1)) {
#ifdef QT_NO_DEBUG
aotContext->setInstructionPointer(10);
#endif
aotContext->initGetObjectLookup(160, r2_0, QMetaType::fromType<double>());
if (aotContext->engine->hasError()) {
aotContext->setReturnValueUndefined();
if (argv[0]) {
    *static_cast<double *>(argv[0]) = double();
}
return;
}
}
{
}
// generate_StoreReg
r7_0 = r2_1;
{
}
// generate_LoadZero
r2_2 = double(0);
{
}
// generate_CmpGt
r2_3 = r7_0 > r2_2;
{
}
// generate_JumpFalse
if (!r2_3) {
    goto label_0;
}
{
}
// generate_LoadQmlContextPropertyLookup
#ifndef QT_NO_DEBUG
aotContext->setInstructionPointer(22);
#endif
while (!aotContext->loadContextIdLookup(161, &r2_4)) {
#ifdef QT_NO_DEBUG
aotContext->setInstructionPointer(22);
#endif
aotContext->initLoadContextIdLookup(161);
if (aotContext->engine->hasError()) {
aotContext->setReturnValueUndefined();
if (argv[0]) {
    *static_cast<double *>(argv[0]) = double();
}
return;
}
}
{
}
// generate_GetLookup
#ifndef QT_NO_DEBUG
aotContext->setInstructionPointer(27);
#endif
while (!aotContext->getObjectLookup(162, r2_4, &r2_5)) {
#ifdef QT_NO_DEBUG
aotContext->setInstructionPointer(27);
#endif
aotContext->initGetObjectLookup(162, r2_4, QMetaType::fromType<double>());
if (aotContext->engine->hasError()) {
aotContext->setReturnValueUndefined();
if (argv[0]) {
    *static_cast<double *>(argv[0]) = double();
}
return;
}
}
{
}
// generate_Jump
{
r2_2 = r2_5;
    goto label_1;
}
label_0:;
// generate_LoadInt
r2_2 = double(165);
{
}
label_1:;
{
}
// generate_Ret
if (argv[0]) {
    *static_cast<double *>(argv[0]) = r2_2;
}
return;
}
 },{ 45, 0, [](QV4::ExecutableCompilationUnit *unit, QMetaType *argTypes) {
    struct { QV4::ExecutableCompilationUnit *compilationUnit; } c { unit };
    const auto *aotContext = &c;
    Q_UNUSED(aotContext);
    argTypes[0] = QMetaType::fromType<bool>();
}, 
    [](const QQmlPrivate::AOTCompiledContext *aotContext, void **argv) {
Q_UNUSED(aotContext)
Q_UNUSED(argv)
// expression for liveNotesActive at line 286, column 17
int r7_0;
int r2_1;
int r2_2;
QObject *r2_0;
bool r2_3;
// generate_LoadQmlContextPropertyLookup
#ifndef QT_NO_DEBUG
aotContext->setInstructionPointer(5);
#endif
while (!aotContext->loadContextIdLookup(169, &r2_0)) {
#ifdef QT_NO_DEBUG
aotContext->setInstructionPointer(5);
#endif
aotContext->initLoadContextIdLookup(169);
if (aotContext->engine->hasError()) {
aotContext->setReturnValueUndefined();
if (argv[0]) {
    *static_cast<bool *>(argv[0]) = bool();
}
return;
}
}
{
}
// generate_GetLookup
#ifndef QT_NO_DEBUG
aotContext->setInstructionPointer(10);
#endif
while (!aotContext->getObjectLookup(170, r2_0, &r2_1)) {
#ifdef QT_NO_DEBUG
aotContext->setInstructionPointer(10);
#endif
aotContext->initGetObjectLookup(170, r2_0, QMetaType::fromType<int>());
if (aotContext->engine->hasError()) {
aotContext->setReturnValueUndefined();
if (argv[0]) {
    *static_cast<bool *>(argv[0]) = bool();
}
return;
}
}
{
}
// generate_StoreReg
r7_0 = r2_1;
{
}
// generate_LoadZero
r2_2 = 0;
{
}
// generate_CmpGt
r2_3 = r7_0 > r2_2;
{
}
{
}
// generate_Ret
if (argv[0]) {
    *static_cast<bool *>(argv[0]) = r2_3;
}
return;
}
 },{ 55, 0, [](QV4::ExecutableCompilationUnit *unit, QMetaType *argTypes) {
    struct { QV4::ExecutableCompilationUnit *compilationUnit; } c { unit };
    const auto *aotContext = &c;
    Q_UNUSED(aotContext);
    argTypes[0] = QMetaType();
}, 
    [](const QQmlPrivate::AOTCompiledContext *aotContext, void **argv) {
Q_UNUSED(aotContext)
Q_UNUSED(argv)
// pruneLiveNotes at line 463, column 17
{
}
// generate_Ret
return;
}
 },{ 56, 0, [](QV4::ExecutableCompilationUnit *unit, QMetaType *argTypes) {
    struct { QV4::ExecutableCompilationUnit *compilationUnit; } c { unit };
    const auto *aotContext = &c;
    Q_UNUSED(aotContext);
    argTypes[0] = QMetaType();
}, 
    [](const QQmlPrivate::AOTCompiledContext *aotContext, void **argv) {
Q_UNUSED(aotContext)
Q_UNUSED(argv)
// clearLiveNotes at line 468, column 17
bool r2_1;
QObject *r7_0;
QObject *r2_0;
bool r2_2;
// generate_LoadQmlContextPropertyLookup
#ifndef QT_NO_DEBUG
aotContext->setInstructionPointer(5);
#endif
while (!aotContext->loadContextIdLookup(309, &r2_0)) {
#ifdef QT_NO_DEBUG
aotContext->setInstructionPointer(5);
#endif
aotContext->initLoadContextIdLookup(309);
if (aotContext->engine->hasError()) {
aotContext->setReturnValueUndefined();
return;
}
}
{
}
// generate_StoreReg
r7_0 = r2_0;
{
}
// generate_CallPropertyLookup
{
void *args[] = { nullptr };
const QMetaType types[] = { QMetaType() };
#ifndef QT_NO_DEBUG
aotContext->setInstructionPointer(24);
#endif
while (!aotContext->callObjectPropertyLookup(310, r7_0, args, types, 0)) {
#ifdef QT_NO_DEBUG
aotContext->setInstructionPointer(24);
#endif
aotContext->initCallObjectPropertyLookup(310);
if (aotContext->engine->hasError()) {
aotContext->setReturnValueUndefined();
return;
}
}
}
{
}
// generate_LoadQmlContextPropertyLookup
#ifndef QT_NO_DEBUG
aotContext->setInstructionPointer(29);
#endif
while (!aotContext->loadScopeObjectPropertyLookup(311, &r2_1)) {
#ifdef QT_NO_DEBUG
aotContext->setInstructionPointer(29);
#endif
aotContext->initLoadScopeObjectPropertyLookup(311, QMetaType::fromType<bool>());
if (aotContext->engine->hasError()) {
aotContext->setReturnValueUndefined();
return;
}
}
{
}
// generate_UNot
r2_2 = !r2_1;
{
}
// generate_JumpFalse
if (!r2_2) {
    goto label_0;
}
{
}
// generate_LoadTrue
r2_2 = true;
{
}
// generate_StoreNameSloppy
aotContext->storeNameSloppy(109, &r2_2, QMetaType::fromType<bool>());
{
}
label_0:;
{
}
// generate_Ret
return;
}
 },{ 65, 0, [](QV4::ExecutableCompilationUnit *unit, QMetaType *argTypes) {
    struct { QV4::ExecutableCompilationUnit *compilationUnit; } c { unit };
    const auto *aotContext = &c;
    Q_UNUSED(aotContext);
    argTypes[0] = []() { static const auto t = QMetaType::fromName("QQuickAnchorLine"); return t; }();
}, 
    [](const QQmlPrivate::AOTCompiledContext *aotContext, void **argv) {
Q_UNUSED(aotContext)
Q_UNUSED(argv)
// expression for horizontalCenter at line 241, column 17
QVariant r2_1;
QObject *r2_0;
// generate_LoadQmlContextPropertyLookup
#ifndef QT_NO_DEBUG
aotContext->setInstructionPointer(5);
#endif
while (!aotContext->loadScopeObjectPropertyLookup(440, &r2_0)) {
#ifdef QT_NO_DEBUG
aotContext->setInstructionPointer(5);
#endif
aotContext->initLoadScopeObjectPropertyLookup(440, []() { static const auto t = QMetaType::fromName("QQuickItem*"); return t; }());
if (aotContext->engine->hasError()) {
aotContext->setReturnValueUndefined();
if (argv[0]) {
    const QMetaType returnType = []() { static const auto t = QMetaType::fromName("QQuickAnchorLine"); return t; }();
    returnType.destruct(argv[0]);
    returnType.construct(argv[0]);
 }
return;
}
}
{
}
// generate_GetLookup
#ifndef QT_NO_DEBUG
aotContext->setInstructionPointer(10);
#endif
r2_1 = QVariant(aotContext->lookupResultMetaType(441));
while (!aotContext->getObjectLookup(441, r2_0, r2_1.data())) {
#ifdef QT_NO_DEBUG
aotContext->setInstructionPointer(10);
#endif
aotContext->initGetObjectLookup(441, r2_0, r2_1.metaType());
if (aotContext->engine->hasError()) {
aotContext->setReturnValueUndefined();
if (argv[0]) {
    const QMetaType returnType = []() { static const auto t = QMetaType::fromName("QQuickAnchorLine"); return t; }();
    returnType.destruct(argv[0]);
    returnType.construct(argv[0]);
 }
return;
}
r2_1 = QVariant(aotContext->lookupResultMetaType(441));
}
{
}
{
}
// generate_Ret
if (argv[0]) {
    if (!r2_1.isValid())
        aotContext->setReturnValueUndefined();
    const QMetaType returnType = r2_1.metaType();
    returnType.destruct(argv[0]);
    returnType.construct(argv[0], r2_1.data());
}
return;
}
 },{ 66, 0, [](QV4::ExecutableCompilationUnit *unit, QMetaType *argTypes) {
    struct { QV4::ExecutableCompilationUnit *compilationUnit; } c { unit };
    const auto *aotContext = &c;
    Q_UNUSED(aotContext);
    argTypes[0] = []() { static const auto t = QMetaType::fromName("QQuickAnchorLine"); return t; }();
}, 
    [](const QQmlPrivate::AOTCompiledContext *aotContext, void **argv) {
Q_UNUSED(aotContext)
Q_UNUSED(argv)
// expression for verticalCenter at line 242, column 17
QObject *r2_0;
QVariant r2_1;
// generate_LoadQmlContextPropertyLookup
#ifndef QT_NO_DEBUG
aotContext->setInstructionPointer(5);
#endif
while (!aotContext->loadScopeObjectPropertyLookup(442, &r2_0)) {
#ifdef QT_NO_DEBUG
aotContext->setInstructionPointer(5);
#endif
aotContext->initLoadScopeObjectPropertyLookup(442, []() { static const auto t = QMetaType::fromName("QQuickItem*"); return t; }());
if (aotContext->engine->hasError()) {
aotContext->setReturnValueUndefined();
if (argv[0]) {
    const QMetaType returnType = []() { static const auto t = QMetaType::fromName("QQuickAnchorLine"); return t; }();
    returnType.destruct(argv[0]);
    returnType.construct(argv[0]);
 }
return;
}
}
{
}
// generate_GetLookup
#ifndef QT_NO_DEBUG
aotContext->setInstructionPointer(10);
#endif
r2_1 = QVariant(aotContext->lookupResultMetaType(443));
while (!aotContext->getObjectLookup(443, r2_0, r2_1.data())) {
#ifdef QT_NO_DEBUG
aotContext->setInstructionPointer(10);
#endif
aotContext->initGetObjectLookup(443, r2_0, r2_1.metaType());
if (aotContext->engine->hasError()) {
aotContext->setReturnValueUndefined();
if (argv[0]) {
    const QMetaType returnType = []() { static const auto t = QMetaType::fromName("QQuickAnchorLine"); return t; }();
    returnType.destruct(argv[0]);
    returnType.construct(argv[0]);
 }
return;
}
r2_1 = QVariant(aotContext->lookupResultMetaType(443));
}
{
}
{
}
// generate_Ret
if (argv[0]) {
    if (!r2_1.isValid())
        aotContext->setReturnValueUndefined();
    const QMetaType returnType = r2_1.metaType();
    returnType.destruct(argv[0]);
    returnType.construct(argv[0], r2_1.data());
}
return;
}
 },{ 67, 0, [](QV4::ExecutableCompilationUnit *unit, QMetaType *argTypes) {
    struct { QV4::ExecutableCompilationUnit *compilationUnit; } c { unit };
    const auto *aotContext = &c;
    Q_UNUSED(aotContext);
    argTypes[0] = QMetaType();
}, 
    [](const QQmlPrivate::AOTCompiledContext *aotContext, void **argv) {
Q_UNUSED(aotContext)
Q_UNUSED(argv)
// expression for onTriggered at line 297, column 21
QObject *r7_0;
QObject *r2_0;
// generate_CreateCallContext
{
{
}
// generate_LoadQmlContextPropertyLookup
#ifndef QT_NO_DEBUG
aotContext->setInstructionPointer(6);
#endif
while (!aotContext->loadContextIdLookup(444, &r2_0)) {
#ifdef QT_NO_DEBUG
aotContext->setInstructionPointer(6);
#endif
aotContext->initLoadContextIdLookup(444);
if (aotContext->engine->hasError()) {
aotContext->setReturnValueUndefined();
return;
}
}
{
}
// generate_StoreReg
r7_0 = r2_0;
{
}
// generate_CallPropertyLookup
{
void *args[] = { nullptr };
const QMetaType types[] = { QMetaType() };
#ifndef QT_NO_DEBUG
aotContext->setInstructionPointer(25);
#endif
while (!aotContext->callObjectPropertyLookup(445, r7_0, args, types, 0)) {
#ifdef QT_NO_DEBUG
aotContext->setInstructionPointer(25);
#endif
aotContext->initCallObjectPropertyLookup(445);
if (aotContext->engine->hasError()) {
aotContext->setReturnValueUndefined();
return;
}
}
}
{
}
{
}
// generate_PopContext
{}
}
{
}
{
}
// generate_Ret
return;
}
 },{ 68, 0, [](QV4::ExecutableCompilationUnit *unit, QMetaType *argTypes) {
    struct { QV4::ExecutableCompilationUnit *compilationUnit; } c { unit };
    const auto *aotContext = &c;
    Q_UNUSED(aotContext);
    argTypes[0] = QMetaType::fromType<bool>();
}, 
    [](const QQmlPrivate::AOTCompiledContext *aotContext, void **argv) {
Q_UNUSED(aotContext)
Q_UNUSED(argv)
// expression for visible at line 609, column 21
bool r2_1;
QObject *r2_0;
bool r2_2;
// generate_LoadQmlContextPropertyLookup
#ifndef QT_NO_DEBUG
aotContext->setInstructionPointer(5);
#endif
while (!aotContext->loadContextIdLookup(446, &r2_0)) {
#ifdef QT_NO_DEBUG
aotContext->setInstructionPointer(5);
#endif
aotContext->initLoadContextIdLookup(446);
if (aotContext->engine->hasError()) {
aotContext->setReturnValueUndefined();
if (argv[0]) {
    *static_cast<bool *>(argv[0]) = bool();
}
return;
}
}
{
}
// generate_GetLookup
#ifndef QT_NO_DEBUG
aotContext->setInstructionPointer(10);
#endif
while (!aotContext->getObjectLookup(447, r2_0, &r2_1)) {
#ifdef QT_NO_DEBUG
aotContext->setInstructionPointer(10);
#endif
aotContext->initGetObjectLookup(447, r2_0, QMetaType::fromType<bool>());
if (aotContext->engine->hasError()) {
aotContext->setReturnValueUndefined();
if (argv[0]) {
    *static_cast<bool *>(argv[0]) = bool();
}
return;
}
}
{
}
// generate_UNot
r2_2 = !r2_1;
{
}
{
}
// generate_Ret
if (argv[0]) {
    *static_cast<bool *>(argv[0]) = r2_2;
}
return;
}
 },{ 69, 0, [](QV4::ExecutableCompilationUnit *unit, QMetaType *argTypes) {
    struct { QV4::ExecutableCompilationUnit *compilationUnit; } c { unit };
    const auto *aotContext = &c;
    Q_UNUSED(aotContext);
    argTypes[0] = QMetaType::fromType<double>();
}, 
    [](const QQmlPrivate::AOTCompiledContext *aotContext, void **argv) {
Q_UNUSED(aotContext)
Q_UNUSED(argv)
// expression for width at line 613, column 21
double r2_1;
QObject *r2_0;
// generate_LoadQmlContextPropertyLookup
#ifndef QT_NO_DEBUG
aotContext->setInstructionPointer(5);
#endif
while (!aotContext->loadContextIdLookup(448, &r2_0)) {
#ifdef QT_NO_DEBUG
aotContext->setInstructionPointer(5);
#endif
aotContext->initLoadContextIdLookup(448);
if (aotContext->engine->hasError()) {
aotContext->setReturnValueUndefined();
if (argv[0]) {
    *static_cast<double *>(argv[0]) = double();
}
return;
}
}
{
}
// generate_GetLookup
#ifndef QT_NO_DEBUG
aotContext->setInstructionPointer(10);
#endif
while (!aotContext->getObjectLookup(449, r2_0, &r2_1)) {
#ifdef QT_NO_DEBUG
aotContext->setInstructionPointer(10);
#endif
aotContext->initGetObjectLookup(449, r2_0, QMetaType::fromType<double>());
if (aotContext->engine->hasError()) {
aotContext->setReturnValueUndefined();
if (argv[0]) {
    *static_cast<double *>(argv[0]) = double();
}
return;
}
}
{
}
{
}
// generate_Ret
if (argv[0]) {
    *static_cast<double *>(argv[0]) = r2_1;
}
return;
}
 },{ 70, 0, [](QV4::ExecutableCompilationUnit *unit, QMetaType *argTypes) {
    struct { QV4::ExecutableCompilationUnit *compilationUnit; } c { unit };
    const auto *aotContext = &c;
    Q_UNUSED(aotContext);
    argTypes[0] = []() { static const auto t = QMetaType::fromName("QQuickImage::FillMode"); return t; }();
}, 
    [](const QQmlPrivate::AOTCompiledContext *aotContext, void **argv) {
Q_UNUSED(aotContext)
Q_UNUSED(argv)
// expression for fillMode at line 615, column 21
int r2_0;
{
}
// generate_GetLookup
#ifndef QT_NO_DEBUG
aotContext->setInstructionPointer(10);
#endif
while (!aotContext->getEnumLookup(451, &r2_0)) {
#ifdef QT_NO_DEBUG
aotContext->setInstructionPointer(10);
#endif
aotContext->initGetEnumLookup(451, []() { static const auto t = QMetaType::fromName("QQuickImage*"); return t; }().metaObject(), "FillMode", "Stretch");
if (aotContext->engine->hasError()) {
aotContext->setReturnValueUndefined();
if (argv[0]) {
    const QMetaType returnType = []() { static const auto t = QMetaType::fromName("QQuickImage::FillMode"); return t; }();
    returnType.destruct(argv[0]);
    returnType.construct(argv[0]);
 }
return;
}
}
{
}
{
}
// generate_Ret
if (argv[0]) {
    const QMetaType returnType = QMetaType::fromType<int>();
    returnType.destruct(argv[0]);
    returnType.construct(argv[0], &r2_0);
}
return;
}
 },{ 71, 0, [](QV4::ExecutableCompilationUnit *unit, QMetaType *argTypes) {
    struct { QV4::ExecutableCompilationUnit *compilationUnit; } c { unit };
    const auto *aotContext = &c;
    Q_UNUSED(aotContext);
    argTypes[0] = QMetaType::fromType<int>();
}, 
    [](const QQmlPrivate::AOTCompiledContext *aotContext, void **argv) {
Q_UNUSED(aotContext)
Q_UNUSED(argv)
// expression for width at line 611, column 21
QObject *r2_0;
int r2_1;
// generate_LoadQmlContextPropertyLookup
#ifndef QT_NO_DEBUG
aotContext->setInstructionPointer(5);
#endif
while (!aotContext->loadContextIdLookup(452, &r2_0)) {
#ifdef QT_NO_DEBUG
aotContext->setInstructionPointer(5);
#endif
aotContext->initLoadContextIdLookup(452);
if (aotContext->engine->hasError()) {
aotContext->setReturnValueUndefined();
if (argv[0]) {
    *static_cast<int *>(argv[0]) = int();
}
return;
}
}
{
}
// generate_GetLookup
{
double retrieved;
#ifndef QT_NO_DEBUG
aotContext->setInstructionPointer(10);
#endif
while (!aotContext->getObjectLookup(453, r2_0, &retrieved)) {
#ifdef QT_NO_DEBUG
aotContext->setInstructionPointer(10);
#endif
aotContext->initGetObjectLookup(453, r2_0, QMetaType::fromType<double>());
if (aotContext->engine->hasError()) {
aotContext->setReturnValueUndefined();
if (argv[0]) {
    *static_cast<int *>(argv[0]) = int();
}
return;
}
}
r2_1 = QJSNumberCoercion::toInteger(std::move(retrieved));
}
{
}
{
}
// generate_Ret
if (argv[0]) {
    *static_cast<int *>(argv[0]) = r2_1;
}
return;
}
 },{ 72, 0, [](QV4::ExecutableCompilationUnit *unit, QMetaType *argTypes) {
    struct { QV4::ExecutableCompilationUnit *compilationUnit; } c { unit };
    const auto *aotContext = &c;
    Q_UNUSED(aotContext);
    argTypes[0] = []() { static const auto t = QMetaType::fromName("QQuickAnchorLine"); return t; }();
}, 
    [](const QQmlPrivate::AOTCompiledContext *aotContext, void **argv) {
Q_UNUSED(aotContext)
Q_UNUSED(argv)
// expression for horizontalCenter at line 616, column 21
QVariant r2_1;
QObject *r2_0;
// generate_LoadQmlContextPropertyLookup
#ifndef QT_NO_DEBUG
aotContext->setInstructionPointer(5);
#endif
while (!aotContext->loadScopeObjectPropertyLookup(454, &r2_0)) {
#ifdef QT_NO_DEBUG
aotContext->setInstructionPointer(5);
#endif
aotContext->initLoadScopeObjectPropertyLookup(454, []() { static const auto t = QMetaType::fromName("QQuickItem*"); return t; }());
if (aotContext->engine->hasError()) {
aotContext->setReturnValueUndefined();
if (argv[0]) {
    const QMetaType returnType = []() { static const auto t = QMetaType::fromName("QQuickAnchorLine"); return t; }();
    returnType.destruct(argv[0]);
    returnType.construct(argv[0]);
 }
return;
}
}
{
}
// generate_GetLookup
#ifndef QT_NO_DEBUG
aotContext->setInstructionPointer(10);
#endif
r2_1 = QVariant(aotContext->lookupResultMetaType(455));
while (!aotContext->getObjectLookup(455, r2_0, r2_1.data())) {
#ifdef QT_NO_DEBUG
aotContext->setInstructionPointer(10);
#endif
aotContext->initGetObjectLookup(455, r2_0, r2_1.metaType());
if (aotContext->engine->hasError()) {
aotContext->setReturnValueUndefined();
if (argv[0]) {
    const QMetaType returnType = []() { static const auto t = QMetaType::fromName("QQuickAnchorLine"); return t; }();
    returnType.destruct(argv[0]);
    returnType.construct(argv[0]);
 }
return;
}
r2_1 = QVariant(aotContext->lookupResultMetaType(455));
}
{
}
{
}
// generate_Ret
if (argv[0]) {
    if (!r2_1.isValid())
        aotContext->setReturnValueUndefined();
    const QMetaType returnType = r2_1.metaType();
    returnType.destruct(argv[0]);
    returnType.construct(argv[0], r2_1.data());
}
return;
}
 },{ 73, 0, [](QV4::ExecutableCompilationUnit *unit, QMetaType *argTypes) {
    struct { QV4::ExecutableCompilationUnit *compilationUnit; } c { unit };
    const auto *aotContext = &c;
    Q_UNUSED(aotContext);
    argTypes[0] = []() { static const auto t = QMetaType::fromName("QQuickAnchorLine"); return t; }();
}, 
    [](const QQmlPrivate::AOTCompiledContext *aotContext, void **argv) {
Q_UNUSED(aotContext)
Q_UNUSED(argv)
// expression for top at line 617, column 21
QVariant r2_1;
QObject *r2_0;
// generate_LoadQmlContextPropertyLookup
#ifndef QT_NO_DEBUG
aotContext->setInstructionPointer(5);
#endif
while (!aotContext->loadScopeObjectPropertyLookup(456, &r2_0)) {
#ifdef QT_NO_DEBUG
aotContext->setInstructionPointer(5);
#endif
aotContext->initLoadScopeObjectPropertyLookup(456, []() { static const auto t = QMetaType::fromName("QQuickItem*"); return t; }());
if (aotContext->engine->hasError()) {
aotContext->setReturnValueUndefined();
if (argv[0]) {
    const QMetaType returnType = []() { static const auto t = QMetaType::fromName("QQuickAnchorLine"); return t; }();
    returnType.destruct(argv[0]);
    returnType.construct(argv[0]);
 }
return;
}
}
{
}
// generate_GetLookup
#ifndef QT_NO_DEBUG
aotContext->setInstructionPointer(10);
#endif
r2_1 = QVariant(aotContext->lookupResultMetaType(457));
while (!aotContext->getObjectLookup(457, r2_0, r2_1.data())) {
#ifdef QT_NO_DEBUG
aotContext->setInstructionPointer(10);
#endif
aotContext->initGetObjectLookup(457, r2_0, r2_1.metaType());
if (aotContext->engine->hasError()) {
aotContext->setReturnValueUndefined();
if (argv[0]) {
    const QMetaType returnType = []() { static const auto t = QMetaType::fromName("QQuickAnchorLine"); return t; }();
    returnType.destruct(argv[0]);
    returnType.construct(argv[0]);
 }
return;
}
r2_1 = QVariant(aotContext->lookupResultMetaType(457));
}
{
}
{
}
// generate_Ret
if (argv[0]) {
    if (!r2_1.isValid())
        aotContext->setReturnValueUndefined();
    const QMetaType returnType = r2_1.metaType();
    returnType.destruct(argv[0]);
    returnType.construct(argv[0], r2_1.data());
}
return;
}
 },{ 74, 0, [](QV4::ExecutableCompilationUnit *unit, QMetaType *argTypes) {
    struct { QV4::ExecutableCompilationUnit *compilationUnit; } c { unit };
    const auto *aotContext = &c;
    Q_UNUSED(aotContext);
    argTypes[0] = QMetaType::fromType<bool>();
}, 
    [](const QQmlPrivate::AOTCompiledContext *aotContext, void **argv) {
Q_UNUSED(aotContext)
Q_UNUSED(argv)
// expression for visible at line 625, column 21
QObject *r2_0;
bool r2_1;
bool r2_2;
// generate_LoadQmlContextPropertyLookup
#ifndef QT_NO_DEBUG
aotContext->setInstructionPointer(5);
#endif
while (!aotContext->loadContextIdLookup(458, &r2_0)) {
#ifdef QT_NO_DEBUG
aotContext->setInstructionPointer(5);
#endif
aotContext->initLoadContextIdLookup(458);
if (aotContext->engine->hasError()) {
aotContext->setReturnValueUndefined();
if (argv[0]) {
    *static_cast<bool *>(argv[0]) = bool();
}
return;
}
}
{
}
// generate_GetLookup
#ifndef QT_NO_DEBUG
aotContext->setInstructionPointer(10);
#endif
while (!aotContext->getObjectLookup(459, r2_0, &r2_1)) {
#ifdef QT_NO_DEBUG
aotContext->setInstructionPointer(10);
#endif
aotContext->initGetObjectLookup(459, r2_0, QMetaType::fromType<bool>());
if (aotContext->engine->hasError()) {
aotContext->setReturnValueUndefined();
if (argv[0]) {
    *static_cast<bool *>(argv[0]) = bool();
}
return;
}
}
{
}
// generate_UNot
r2_2 = !r2_1;
{
}
{
}
// generate_Ret
if (argv[0]) {
    *static_cast<bool *>(argv[0]) = r2_2;
}
return;
}
 },{ 75, 0, [](QV4::ExecutableCompilationUnit *unit, QMetaType *argTypes) {
    struct { QV4::ExecutableCompilationUnit *compilationUnit; } c { unit };
    const auto *aotContext = &c;
    Q_UNUSED(aotContext);
    argTypes[0] = QMetaType::fromType<double>();
}, 
    [](const QQmlPrivate::AOTCompiledContext *aotContext, void **argv) {
Q_UNUSED(aotContext)
Q_UNUSED(argv)
// expression for width at line 629, column 21
QObject *r2_0;
double r2_1;
// generate_LoadQmlContextPropertyLookup
#ifndef QT_NO_DEBUG
aotContext->setInstructionPointer(5);
#endif
while (!aotContext->loadContextIdLookup(460, &r2_0)) {
#ifdef QT_NO_DEBUG
aotContext->setInstructionPointer(5);
#endif
aotContext->initLoadContextIdLookup(460);
if (aotContext->engine->hasError()) {
aotContext->setReturnValueUndefined();
if (argv[0]) {
    *static_cast<double *>(argv[0]) = double();
}
return;
}
}
{
}
// generate_GetLookup
#ifndef QT_NO_DEBUG
aotContext->setInstructionPointer(10);
#endif
while (!aotContext->getObjectLookup(461, r2_0, &r2_1)) {
#ifdef QT_NO_DEBUG
aotContext->setInstructionPointer(10);
#endif
aotContext->initGetObjectLookup(461, r2_0, QMetaType::fromType<double>());
if (aotContext->engine->hasError()) {
aotContext->setReturnValueUndefined();
if (argv[0]) {
    *static_cast<double *>(argv[0]) = double();
}
return;
}
}
{
}
{
}
// generate_Ret
if (argv[0]) {
    *static_cast<double *>(argv[0]) = r2_1;
}
return;
}
 },{ 76, 0, [](QV4::ExecutableCompilationUnit *unit, QMetaType *argTypes) {
    struct { QV4::ExecutableCompilationUnit *compilationUnit; } c { unit };
    const auto *aotContext = &c;
    Q_UNUSED(aotContext);
    argTypes[0] = QMetaType::fromType<double>();
}, 
    [](const QQmlPrivate::AOTCompiledContext *aotContext, void **argv) {
Q_UNUSED(aotContext)
Q_UNUSED(argv)
// expression for height at line 630, column 21
QObject *r2_0;
double r2_1;
// generate_LoadQmlContextPropertyLookup
#ifndef QT_NO_DEBUG
aotContext->setInstructionPointer(5);
#endif
while (!aotContext->loadContextIdLookup(462, &r2_0)) {
#ifdef QT_NO_DEBUG
aotContext->setInstructionPointer(5);
#endif
aotContext->initLoadContextIdLookup(462);
if (aotContext->engine->hasError()) {
aotContext->setReturnValueUndefined();
if (argv[0]) {
    *static_cast<double *>(argv[0]) = double();
}
return;
}
}
{
}
// generate_GetLookup
#ifndef QT_NO_DEBUG
aotContext->setInstructionPointer(10);
#endif
while (!aotContext->getObjectLookup(463, r2_0, &r2_1)) {
#ifdef QT_NO_DEBUG
aotContext->setInstructionPointer(10);
#endif
aotContext->initGetObjectLookup(463, r2_0, QMetaType::fromType<double>());
if (aotContext->engine->hasError()) {
aotContext->setReturnValueUndefined();
if (argv[0]) {
    *static_cast<double *>(argv[0]) = double();
}
return;
}
}
{
}
{
}
// generate_Ret
if (argv[0]) {
    *static_cast<double *>(argv[0]) = r2_1;
}
return;
}
 },{ 77, 0, [](QV4::ExecutableCompilationUnit *unit, QMetaType *argTypes) {
    struct { QV4::ExecutableCompilationUnit *compilationUnit; } c { unit };
    const auto *aotContext = &c;
    Q_UNUSED(aotContext);
    argTypes[0] = []() { static const auto t = QMetaType::fromName("QQuickImage::FillMode"); return t; }();
}, 
    [](const QQmlPrivate::AOTCompiledContext *aotContext, void **argv) {
Q_UNUSED(aotContext)
Q_UNUSED(argv)
// expression for fillMode at line 631, column 21
int r2_0;
{
}
// generate_GetLookup
#ifndef QT_NO_DEBUG
aotContext->setInstructionPointer(10);
#endif
while (!aotContext->getEnumLookup(465, &r2_0)) {
#ifdef QT_NO_DEBUG
aotContext->setInstructionPointer(10);
#endif
aotContext->initGetEnumLookup(465, []() { static const auto t = QMetaType::fromName("QQuickImage*"); return t; }().metaObject(), "FillMode", "Stretch");
if (aotContext->engine->hasError()) {
aotContext->setReturnValueUndefined();
if (argv[0]) {
    const QMetaType returnType = []() { static const auto t = QMetaType::fromName("QQuickImage::FillMode"); return t; }();
    returnType.destruct(argv[0]);
    returnType.construct(argv[0]);
 }
return;
}
}
{
}
{
}
// generate_Ret
if (argv[0]) {
    const QMetaType returnType = QMetaType::fromType<int>();
    returnType.destruct(argv[0]);
    returnType.construct(argv[0], &r2_0);
}
return;
}
 },{ 78, 0, [](QV4::ExecutableCompilationUnit *unit, QMetaType *argTypes) {
    struct { QV4::ExecutableCompilationUnit *compilationUnit; } c { unit };
    const auto *aotContext = &c;
    Q_UNUSED(aotContext);
    argTypes[0] = QMetaType::fromType<int>();
}, 
    [](const QQmlPrivate::AOTCompiledContext *aotContext, void **argv) {
Q_UNUSED(aotContext)
Q_UNUSED(argv)
// expression for width at line 627, column 21
int r2_1;
QObject *r2_0;
// generate_LoadQmlContextPropertyLookup
#ifndef QT_NO_DEBUG
aotContext->setInstructionPointer(5);
#endif
while (!aotContext->loadContextIdLookup(466, &r2_0)) {
#ifdef QT_NO_DEBUG
aotContext->setInstructionPointer(5);
#endif
aotContext->initLoadContextIdLookup(466);
if (aotContext->engine->hasError()) {
aotContext->setReturnValueUndefined();
if (argv[0]) {
    *static_cast<int *>(argv[0]) = int();
}
return;
}
}
{
}
// generate_GetLookup
{
double retrieved;
#ifndef QT_NO_DEBUG
aotContext->setInstructionPointer(10);
#endif
while (!aotContext->getObjectLookup(467, r2_0, &retrieved)) {
#ifdef QT_NO_DEBUG
aotContext->setInstructionPointer(10);
#endif
aotContext->initGetObjectLookup(467, r2_0, QMetaType::fromType<double>());
if (aotContext->engine->hasError()) {
aotContext->setReturnValueUndefined();
if (argv[0]) {
    *static_cast<int *>(argv[0]) = int();
}
return;
}
}
r2_1 = QJSNumberCoercion::toInteger(std::move(retrieved));
}
{
}
{
}
// generate_Ret
if (argv[0]) {
    *static_cast<int *>(argv[0]) = r2_1;
}
return;
}
 },{ 79, 0, [](QV4::ExecutableCompilationUnit *unit, QMetaType *argTypes) {
    struct { QV4::ExecutableCompilationUnit *compilationUnit; } c { unit };
    const auto *aotContext = &c;
    Q_UNUSED(aotContext);
    argTypes[0] = QMetaType::fromType<int>();
}, 
    [](const QQmlPrivate::AOTCompiledContext *aotContext, void **argv) {
Q_UNUSED(aotContext)
Q_UNUSED(argv)
// expression for height at line 628, column 21
QObject *r2_0;
int r2_1;
// generate_LoadQmlContextPropertyLookup
#ifndef QT_NO_DEBUG
aotContext->setInstructionPointer(5);
#endif
while (!aotContext->loadContextIdLookup(468, &r2_0)) {
#ifdef QT_NO_DEBUG
aotContext->setInstructionPointer(5);
#endif
aotContext->initLoadContextIdLookup(468);
if (aotContext->engine->hasError()) {
aotContext->setReturnValueUndefined();
if (argv[0]) {
    *static_cast<int *>(argv[0]) = int();
}
return;
}
}
{
}
// generate_GetLookup
{
double retrieved;
#ifndef QT_NO_DEBUG
aotContext->setInstructionPointer(10);
#endif
while (!aotContext->getObjectLookup(469, r2_0, &retrieved)) {
#ifdef QT_NO_DEBUG
aotContext->setInstructionPointer(10);
#endif
aotContext->initGetObjectLookup(469, r2_0, QMetaType::fromType<double>());
if (aotContext->engine->hasError()) {
aotContext->setReturnValueUndefined();
if (argv[0]) {
    *static_cast<int *>(argv[0]) = int();
}
return;
}
}
r2_1 = QJSNumberCoercion::toInteger(std::move(retrieved));
}
{
}
{
}
// generate_Ret
if (argv[0]) {
    *static_cast<int *>(argv[0]) = r2_1;
}
return;
}
 },{ 80, 0, [](QV4::ExecutableCompilationUnit *unit, QMetaType *argTypes) {
    struct { QV4::ExecutableCompilationUnit *compilationUnit; } c { unit };
    const auto *aotContext = &c;
    Q_UNUSED(aotContext);
    argTypes[0] = []() { static const auto t = QMetaType::fromName("QQuickAnchorLine"); return t; }();
}, 
    [](const QQmlPrivate::AOTCompiledContext *aotContext, void **argv) {
Q_UNUSED(aotContext)
Q_UNUSED(argv)
// expression for horizontalCenter at line 633, column 21
QVariant r2_1;
QObject *r2_0;
// generate_LoadQmlContextPropertyLookup
#ifndef QT_NO_DEBUG
aotContext->setInstructionPointer(5);
#endif
while (!aotContext->loadScopeObjectPropertyLookup(470, &r2_0)) {
#ifdef QT_NO_DEBUG
aotContext->setInstructionPointer(5);
#endif
aotContext->initLoadScopeObjectPropertyLookup(470, []() { static const auto t = QMetaType::fromName("QQuickItem*"); return t; }());
if (aotContext->engine->hasError()) {
aotContext->setReturnValueUndefined();
if (argv[0]) {
    const QMetaType returnType = []() { static const auto t = QMetaType::fromName("QQuickAnchorLine"); return t; }();
    returnType.destruct(argv[0]);
    returnType.construct(argv[0]);
 }
return;
}
}
{
}
// generate_GetLookup
#ifndef QT_NO_DEBUG
aotContext->setInstructionPointer(10);
#endif
r2_1 = QVariant(aotContext->lookupResultMetaType(471));
while (!aotContext->getObjectLookup(471, r2_0, r2_1.data())) {
#ifdef QT_NO_DEBUG
aotContext->setInstructionPointer(10);
#endif
aotContext->initGetObjectLookup(471, r2_0, r2_1.metaType());
if (aotContext->engine->hasError()) {
aotContext->setReturnValueUndefined();
if (argv[0]) {
    const QMetaType returnType = []() { static const auto t = QMetaType::fromName("QQuickAnchorLine"); return t; }();
    returnType.destruct(argv[0]);
    returnType.construct(argv[0]);
 }
return;
}
r2_1 = QVariant(aotContext->lookupResultMetaType(471));
}
{
}
{
}
// generate_Ret
if (argv[0]) {
    if (!r2_1.isValid())
        aotContext->setReturnValueUndefined();
    const QMetaType returnType = r2_1.metaType();
    returnType.destruct(argv[0]);
    returnType.construct(argv[0], r2_1.data());
}
return;
}
 },{ 81, 0, [](QV4::ExecutableCompilationUnit *unit, QMetaType *argTypes) {
    struct { QV4::ExecutableCompilationUnit *compilationUnit; } c { unit };
    const auto *aotContext = &c;
    Q_UNUSED(aotContext);
    argTypes[0] = []() { static const auto t = QMetaType::fromName("QQuickAnchorLine"); return t; }();
}, 
    [](const QQmlPrivate::AOTCompiledContext *aotContext, void **argv) {
Q_UNUSED(aotContext)
Q_UNUSED(argv)
// expression for verticalCenter at line 635, column 21
QObject *r2_0;
QVariant r2_1;
// generate_LoadQmlContextPropertyLookup
#ifndef QT_NO_DEBUG
aotContext->setInstructionPointer(5);
#endif
while (!aotContext->loadScopeObjectPropertyLookup(472, &r2_0)) {
#ifdef QT_NO_DEBUG
aotContext->setInstructionPointer(5);
#endif
aotContext->initLoadScopeObjectPropertyLookup(472, []() { static const auto t = QMetaType::fromName("QQuickItem*"); return t; }());
if (aotContext->engine->hasError()) {
aotContext->setReturnValueUndefined();
if (argv[0]) {
    const QMetaType returnType = []() { static const auto t = QMetaType::fromName("QQuickAnchorLine"); return t; }();
    returnType.destruct(argv[0]);
    returnType.construct(argv[0]);
 }
return;
}
}
{
}
// generate_GetLookup
#ifndef QT_NO_DEBUG
aotContext->setInstructionPointer(10);
#endif
r2_1 = QVariant(aotContext->lookupResultMetaType(473));
while (!aotContext->getObjectLookup(473, r2_0, r2_1.data())) {
#ifdef QT_NO_DEBUG
aotContext->setInstructionPointer(10);
#endif
aotContext->initGetObjectLookup(473, r2_0, r2_1.metaType());
if (aotContext->engine->hasError()) {
aotContext->setReturnValueUndefined();
if (argv[0]) {
    const QMetaType returnType = []() { static const auto t = QMetaType::fromName("QQuickAnchorLine"); return t; }();
    returnType.destruct(argv[0]);
    returnType.construct(argv[0]);
 }
return;
}
r2_1 = QVariant(aotContext->lookupResultMetaType(473));
}
{
}
{
}
// generate_Ret
if (argv[0]) {
    if (!r2_1.isValid())
        aotContext->setReturnValueUndefined();
    const QMetaType returnType = r2_1.metaType();
    returnType.destruct(argv[0]);
    returnType.construct(argv[0], r2_1.data());
}
return;
}
 },{ 82, 0, [](QV4::ExecutableCompilationUnit *unit, QMetaType *argTypes) {
    struct { QV4::ExecutableCompilationUnit *compilationUnit; } c { unit };
    const auto *aotContext = &c;
    Q_UNUSED(aotContext);
    argTypes[0] = QMetaType::fromType<bool>();
}, 
    [](const QQmlPrivate::AOTCompiledContext *aotContext, void **argv) {
Q_UNUSED(aotContext)
Q_UNUSED(argv)
// expression for visible at line 643, column 21
bool r2_2;
QObject *r2_0;
bool r2_1;
// generate_LoadQmlContextPropertyLookup
#ifndef QT_NO_DEBUG
aotContext->setInstructionPointer(5);
#endif
while (!aotContext->loadContextIdLookup(474, &r2_0)) {
#ifdef QT_NO_DEBUG
aotContext->setInstructionPointer(5);
#endif
aotContext->initLoadContextIdLookup(474);
if (aotContext->engine->hasError()) {
aotContext->setReturnValueUndefined();
if (argv[0]) {
    *static_cast<bool *>(argv[0]) = bool();
}
return;
}
}
{
}
// generate_GetLookup
#ifndef QT_NO_DEBUG
aotContext->setInstructionPointer(10);
#endif
while (!aotContext->getObjectLookup(475, r2_0, &r2_1)) {
#ifdef QT_NO_DEBUG
aotContext->setInstructionPointer(10);
#endif
aotContext->initGetObjectLookup(475, r2_0, QMetaType::fromType<bool>());
if (aotContext->engine->hasError()) {
aotContext->setReturnValueUndefined();
if (argv[0]) {
    *static_cast<bool *>(argv[0]) = bool();
}
return;
}
}
{
}
// generate_UNot
r2_2 = !r2_1;
{
}
{
}
// generate_Ret
if (argv[0]) {
    *static_cast<bool *>(argv[0]) = r2_2;
}
return;
}
 },{ 83, 0, [](QV4::ExecutableCompilationUnit *unit, QMetaType *argTypes) {
    struct { QV4::ExecutableCompilationUnit *compilationUnit; } c { unit };
    const auto *aotContext = &c;
    Q_UNUSED(aotContext);
    argTypes[0] = QMetaType::fromType<double>();
}, 
    [](const QQmlPrivate::AOTCompiledContext *aotContext, void **argv) {
Q_UNUSED(aotContext)
Q_UNUSED(argv)
// expression for width at line 647, column 21
double r7_0;
double r2_1;
double r2_4;
QObject *r2_2;
QObject *r2_0;
double r2_3;
// generate_LoadQmlContextPropertyLookup
#ifndef QT_NO_DEBUG
aotContext->setInstructionPointer(5);
#endif
while (!aotContext->loadContextIdLookup(476, &r2_0)) {
#ifdef QT_NO_DEBUG
aotContext->setInstructionPointer(5);
#endif
aotContext->initLoadContextIdLookup(476);
if (aotContext->engine->hasError()) {
aotContext->setReturnValueUndefined();
if (argv[0]) {
    *static_cast<double *>(argv[0]) = double();
}
return;
}
}
{
}
// generate_GetLookup
#ifndef QT_NO_DEBUG
aotContext->setInstructionPointer(10);
#endif
while (!aotContext->getObjectLookup(477, r2_0, &r2_1)) {
#ifdef QT_NO_DEBUG
aotContext->setInstructionPointer(10);
#endif
aotContext->initGetObjectLookup(477, r2_0, QMetaType::fromType<double>());
if (aotContext->engine->hasError()) {
aotContext->setReturnValueUndefined();
if (argv[0]) {
    *static_cast<double *>(argv[0]) = double();
}
return;
}
}
{
}
// generate_StoreReg
r7_0 = r2_1;
{
}
// generate_LoadQmlContextPropertyLookup
#ifndef QT_NO_DEBUG
aotContext->setInstructionPointer(17);
#endif
while (!aotContext->loadContextIdLookup(478, &r2_2)) {
#ifdef QT_NO_DEBUG
aotContext->setInstructionPointer(17);
#endif
aotContext->initLoadContextIdLookup(478);
if (aotContext->engine->hasError()) {
aotContext->setReturnValueUndefined();
if (argv[0]) {
    *static_cast<double *>(argv[0]) = double();
}
return;
}
}
{
}
// generate_GetLookup
#ifndef QT_NO_DEBUG
aotContext->setInstructionPointer(22);
#endif
while (!aotContext->getObjectLookup(479, r2_2, &r2_3)) {
#ifdef QT_NO_DEBUG
aotContext->setInstructionPointer(22);
#endif
aotContext->initGetObjectLookup(479, r2_2, QMetaType::fromType<double>());
if (aotContext->engine->hasError()) {
aotContext->setReturnValueUndefined();
if (argv[0]) {
    *static_cast<double *>(argv[0]) = double();
}
return;
}
}
{
}
// generate_Add
r2_4 = (r7_0 + r2_3);
{
}
{
}
// generate_Ret
if (argv[0]) {
    *static_cast<double *>(argv[0]) = r2_4;
}
return;
}
 },{ 84, 0, [](QV4::ExecutableCompilationUnit *unit, QMetaType *argTypes) {
    struct { QV4::ExecutableCompilationUnit *compilationUnit; } c { unit };
    const auto *aotContext = &c;
    Q_UNUSED(aotContext);
    argTypes[0] = QMetaType::fromType<double>();
}, 
    [](const QQmlPrivate::AOTCompiledContext *aotContext, void **argv) {
Q_UNUSED(aotContext)
Q_UNUSED(argv)
// expression for height at line 648, column 21
double r2_1;
QObject *r2_0;
// generate_LoadQmlContextPropertyLookup
#ifndef QT_NO_DEBUG
aotContext->setInstructionPointer(5);
#endif
while (!aotContext->loadContextIdLookup(480, &r2_0)) {
#ifdef QT_NO_DEBUG
aotContext->setInstructionPointer(5);
#endif
aotContext->initLoadContextIdLookup(480);
if (aotContext->engine->hasError()) {
aotContext->setReturnValueUndefined();
if (argv[0]) {
    *static_cast<double *>(argv[0]) = double();
}
return;
}
}
{
}
// generate_GetLookup
#ifndef QT_NO_DEBUG
aotContext->setInstructionPointer(10);
#endif
while (!aotContext->getObjectLookup(481, r2_0, &r2_1)) {
#ifdef QT_NO_DEBUG
aotContext->setInstructionPointer(10);
#endif
aotContext->initGetObjectLookup(481, r2_0, QMetaType::fromType<double>());
if (aotContext->engine->hasError()) {
aotContext->setReturnValueUndefined();
if (argv[0]) {
    *static_cast<double *>(argv[0]) = double();
}
return;
}
}
{
}
{
}
// generate_Ret
if (argv[0]) {
    *static_cast<double *>(argv[0]) = r2_1;
}
return;
}
 },{ 85, 0, [](QV4::ExecutableCompilationUnit *unit, QMetaType *argTypes) {
    struct { QV4::ExecutableCompilationUnit *compilationUnit; } c { unit };
    const auto *aotContext = &c;
    Q_UNUSED(aotContext);
    argTypes[0] = []() { static const auto t = QMetaType::fromName("QQuickImage::FillMode"); return t; }();
}, 
    [](const QQmlPrivate::AOTCompiledContext *aotContext, void **argv) {
Q_UNUSED(aotContext)
Q_UNUSED(argv)
// expression for fillMode at line 649, column 21
int r2_0;
{
}
// generate_GetLookup
#ifndef QT_NO_DEBUG
aotContext->setInstructionPointer(10);
#endif
while (!aotContext->getEnumLookup(483, &r2_0)) {
#ifdef QT_NO_DEBUG
aotContext->setInstructionPointer(10);
#endif
aotContext->initGetEnumLookup(483, []() { static const auto t = QMetaType::fromName("QQuickImage*"); return t; }().metaObject(), "FillMode", "Stretch");
if (aotContext->engine->hasError()) {
aotContext->setReturnValueUndefined();
if (argv[0]) {
    const QMetaType returnType = []() { static const auto t = QMetaType::fromName("QQuickImage::FillMode"); return t; }();
    returnType.destruct(argv[0]);
    returnType.construct(argv[0]);
 }
return;
}
}
{
}
{
}
// generate_Ret
if (argv[0]) {
    const QMetaType returnType = QMetaType::fromType<int>();
    returnType.destruct(argv[0]);
    returnType.construct(argv[0], &r2_0);
}
return;
}
 },{ 86, 0, [](QV4::ExecutableCompilationUnit *unit, QMetaType *argTypes) {
    struct { QV4::ExecutableCompilationUnit *compilationUnit; } c { unit };
    const auto *aotContext = &c;
    Q_UNUSED(aotContext);
    argTypes[0] = QMetaType::fromType<int>();
}, 
    [](const QQmlPrivate::AOTCompiledContext *aotContext, void **argv) {
Q_UNUSED(aotContext)
Q_UNUSED(argv)
// expression for width at line 645, column 21
int r2_1;
QObject *r2_0;
// generate_LoadQmlContextPropertyLookup
#ifndef QT_NO_DEBUG
aotContext->setInstructionPointer(5);
#endif
while (!aotContext->loadContextIdLookup(484, &r2_0)) {
#ifdef QT_NO_DEBUG
aotContext->setInstructionPointer(5);
#endif
aotContext->initLoadContextIdLookup(484);
if (aotContext->engine->hasError()) {
aotContext->setReturnValueUndefined();
if (argv[0]) {
    *static_cast<int *>(argv[0]) = int();
}
return;
}
}
{
}
// generate_GetLookup
{
double retrieved;
#ifndef QT_NO_DEBUG
aotContext->setInstructionPointer(10);
#endif
while (!aotContext->getObjectLookup(485, r2_0, &retrieved)) {
#ifdef QT_NO_DEBUG
aotContext->setInstructionPointer(10);
#endif
aotContext->initGetObjectLookup(485, r2_0, QMetaType::fromType<double>());
if (aotContext->engine->hasError()) {
aotContext->setReturnValueUndefined();
if (argv[0]) {
    *static_cast<int *>(argv[0]) = int();
}
return;
}
}
r2_1 = QJSNumberCoercion::toInteger(std::move(retrieved));
}
{
}
{
}
// generate_Ret
if (argv[0]) {
    *static_cast<int *>(argv[0]) = r2_1;
}
return;
}
 },{ 87, 0, [](QV4::ExecutableCompilationUnit *unit, QMetaType *argTypes) {
    struct { QV4::ExecutableCompilationUnit *compilationUnit; } c { unit };
    const auto *aotContext = &c;
    Q_UNUSED(aotContext);
    argTypes[0] = QMetaType::fromType<int>();
}, 
    [](const QQmlPrivate::AOTCompiledContext *aotContext, void **argv) {
Q_UNUSED(aotContext)
Q_UNUSED(argv)
// expression for height at line 646, column 21
QObject *r2_0;
int r2_1;
// generate_LoadQmlContextPropertyLookup
#ifndef QT_NO_DEBUG
aotContext->setInstructionPointer(5);
#endif
while (!aotContext->loadContextIdLookup(486, &r2_0)) {
#ifdef QT_NO_DEBUG
aotContext->setInstructionPointer(5);
#endif
aotContext->initLoadContextIdLookup(486);
if (aotContext->engine->hasError()) {
aotContext->setReturnValueUndefined();
if (argv[0]) {
    *static_cast<int *>(argv[0]) = int();
}
return;
}
}
{
}
// generate_GetLookup
{
double retrieved;
#ifndef QT_NO_DEBUG
aotContext->setInstructionPointer(10);
#endif
while (!aotContext->getObjectLookup(487, r2_0, &retrieved)) {
#ifdef QT_NO_DEBUG
aotContext->setInstructionPointer(10);
#endif
aotContext->initGetObjectLookup(487, r2_0, QMetaType::fromType<double>());
if (aotContext->engine->hasError()) {
aotContext->setReturnValueUndefined();
if (argv[0]) {
    *static_cast<int *>(argv[0]) = int();
}
return;
}
}
r2_1 = QJSNumberCoercion::toInteger(std::move(retrieved));
}
{
}
{
}
// generate_Ret
if (argv[0]) {
    *static_cast<int *>(argv[0]) = r2_1;
}
return;
}
 },{ 88, 0, [](QV4::ExecutableCompilationUnit *unit, QMetaType *argTypes) {
    struct { QV4::ExecutableCompilationUnit *compilationUnit; } c { unit };
    const auto *aotContext = &c;
    Q_UNUSED(aotContext);
    argTypes[0] = []() { static const auto t = QMetaType::fromName("QQuickAnchorLine"); return t; }();
}, 
    [](const QQmlPrivate::AOTCompiledContext *aotContext, void **argv) {
Q_UNUSED(aotContext)
Q_UNUSED(argv)
// expression for horizontalCenter at line 650, column 21
QVariant r2_1;
QObject *r2_0;
// generate_LoadQmlContextPropertyLookup
#ifndef QT_NO_DEBUG
aotContext->setInstructionPointer(5);
#endif
while (!aotContext->loadContextIdLookup(488, &r2_0)) {
#ifdef QT_NO_DEBUG
aotContext->setInstructionPointer(5);
#endif
aotContext->initLoadContextIdLookup(488);
if (aotContext->engine->hasError()) {
aotContext->setReturnValueUndefined();
if (argv[0]) {
    const QMetaType returnType = []() { static const auto t = QMetaType::fromName("QQuickAnchorLine"); return t; }();
    returnType.destruct(argv[0]);
    returnType.construct(argv[0]);
 }
return;
}
}
{
}
// generate_GetLookup
#ifndef QT_NO_DEBUG
aotContext->setInstructionPointer(10);
#endif
r2_1 = QVariant(aotContext->lookupResultMetaType(489));
while (!aotContext->getObjectLookup(489, r2_0, r2_1.data())) {
#ifdef QT_NO_DEBUG
aotContext->setInstructionPointer(10);
#endif
aotContext->initGetObjectLookup(489, r2_0, r2_1.metaType());
if (aotContext->engine->hasError()) {
aotContext->setReturnValueUndefined();
if (argv[0]) {
    const QMetaType returnType = []() { static const auto t = QMetaType::fromName("QQuickAnchorLine"); return t; }();
    returnType.destruct(argv[0]);
    returnType.construct(argv[0]);
 }
return;
}
r2_1 = QVariant(aotContext->lookupResultMetaType(489));
}
{
}
{
}
// generate_Ret
if (argv[0]) {
    if (!r2_1.isValid())
        aotContext->setReturnValueUndefined();
    const QMetaType returnType = r2_1.metaType();
    returnType.destruct(argv[0]);
    returnType.construct(argv[0], r2_1.data());
}
return;
}
 },{ 89, 0, [](QV4::ExecutableCompilationUnit *unit, QMetaType *argTypes) {
    struct { QV4::ExecutableCompilationUnit *compilationUnit; } c { unit };
    const auto *aotContext = &c;
    Q_UNUSED(aotContext);
    argTypes[0] = []() { static const auto t = QMetaType::fromName("QQuickAnchorLine"); return t; }();
}, 
    [](const QQmlPrivate::AOTCompiledContext *aotContext, void **argv) {
Q_UNUSED(aotContext)
Q_UNUSED(argv)
// expression for top at line 652, column 21
QVariant r2_1;
QObject *r2_0;
// generate_LoadQmlContextPropertyLookup
#ifndef QT_NO_DEBUG
aotContext->setInstructionPointer(5);
#endif
while (!aotContext->loadScopeObjectPropertyLookup(490, &r2_0)) {
#ifdef QT_NO_DEBUG
aotContext->setInstructionPointer(5);
#endif
aotContext->initLoadScopeObjectPropertyLookup(490, []() { static const auto t = QMetaType::fromName("QQuickItem*"); return t; }());
if (aotContext->engine->hasError()) {
aotContext->setReturnValueUndefined();
if (argv[0]) {
    const QMetaType returnType = []() { static const auto t = QMetaType::fromName("QQuickAnchorLine"); return t; }();
    returnType.destruct(argv[0]);
    returnType.construct(argv[0]);
 }
return;
}
}
{
}
// generate_GetLookup
#ifndef QT_NO_DEBUG
aotContext->setInstructionPointer(10);
#endif
r2_1 = QVariant(aotContext->lookupResultMetaType(491));
while (!aotContext->getObjectLookup(491, r2_0, r2_1.data())) {
#ifdef QT_NO_DEBUG
aotContext->setInstructionPointer(10);
#endif
aotContext->initGetObjectLookup(491, r2_0, r2_1.metaType());
if (aotContext->engine->hasError()) {
aotContext->setReturnValueUndefined();
if (argv[0]) {
    const QMetaType returnType = []() { static const auto t = QMetaType::fromName("QQuickAnchorLine"); return t; }();
    returnType.destruct(argv[0]);
    returnType.construct(argv[0]);
 }
return;
}
r2_1 = QVariant(aotContext->lookupResultMetaType(491));
}
{
}
{
}
// generate_Ret
if (argv[0]) {
    if (!r2_1.isValid())
        aotContext->setReturnValueUndefined();
    const QMetaType returnType = r2_1.metaType();
    returnType.destruct(argv[0]);
    returnType.construct(argv[0], r2_1.data());
}
return;
}
 },{ 90, 0, [](QV4::ExecutableCompilationUnit *unit, QMetaType *argTypes) {
    struct { QV4::ExecutableCompilationUnit *compilationUnit; } c { unit };
    const auto *aotContext = &c;
    Q_UNUSED(aotContext);
    argTypes[0] = QMetaType::fromType<double>();
}, 
    [](const QQmlPrivate::AOTCompiledContext *aotContext, void **argv) {
Q_UNUSED(aotContext)
Q_UNUSED(argv)
// expression for topMargin at line 653, column 21
QObject *r2_0;
double r2_1;
double r2_2;
double r7_0;
// generate_LoadQmlContextPropertyLookup
#ifndef QT_NO_DEBUG
aotContext->setInstructionPointer(5);
#endif
while (!aotContext->loadContextIdLookup(492, &r2_0)) {
#ifdef QT_NO_DEBUG
aotContext->setInstructionPointer(5);
#endif
aotContext->initLoadContextIdLookup(492);
if (aotContext->engine->hasError()) {
aotContext->setReturnValueUndefined();
if (argv[0]) {
    *static_cast<double *>(argv[0]) = double();
}
return;
}
}
{
}
// generate_GetLookup
#ifndef QT_NO_DEBUG
aotContext->setInstructionPointer(10);
#endif
while (!aotContext->getObjectLookup(493, r2_0, &r2_1)) {
#ifdef QT_NO_DEBUG
aotContext->setInstructionPointer(10);
#endif
aotContext->initGetObjectLookup(493, r2_0, QMetaType::fromType<double>());
if (aotContext->engine->hasError()) {
aotContext->setReturnValueUndefined();
if (argv[0]) {
    *static_cast<double *>(argv[0]) = double();
}
return;
}
}
{
}
// generate_StoreReg
r7_0 = r2_1;
{
}
// generate_LoadInt
r2_2 = double(3);
{
}
// generate_Sub
r2_2 = (r7_0 - r2_2);
{
}
{
}
// generate_Ret
if (argv[0]) {
    *static_cast<double *>(argv[0]) = r2_2;
}
return;
}
 },{ 91, 0, [](QV4::ExecutableCompilationUnit *unit, QMetaType *argTypes) {
    struct { QV4::ExecutableCompilationUnit *compilationUnit; } c { unit };
    const auto *aotContext = &c;
    Q_UNUSED(aotContext);
    argTypes[0] = QMetaType::fromType<bool>();
}, 
    [](const QQmlPrivate::AOTCompiledContext *aotContext, void **argv) {
Q_UNUSED(aotContext)
Q_UNUSED(argv)
// expression for visible at line 660, column 21
QObject *r2_0;
bool r2_1;
bool r2_2;
// generate_LoadQmlContextPropertyLookup
#ifndef QT_NO_DEBUG
aotContext->setInstructionPointer(5);
#endif
while (!aotContext->loadContextIdLookup(494, &r2_0)) {
#ifdef QT_NO_DEBUG
aotContext->setInstructionPointer(5);
#endif
aotContext->initLoadContextIdLookup(494);
if (aotContext->engine->hasError()) {
aotContext->setReturnValueUndefined();
if (argv[0]) {
    *static_cast<bool *>(argv[0]) = bool();
}
return;
}
}
{
}
// generate_GetLookup
#ifndef QT_NO_DEBUG
aotContext->setInstructionPointer(10);
#endif
while (!aotContext->getObjectLookup(495, r2_0, &r2_1)) {
#ifdef QT_NO_DEBUG
aotContext->setInstructionPointer(10);
#endif
aotContext->initGetObjectLookup(495, r2_0, QMetaType::fromType<bool>());
if (aotContext->engine->hasError()) {
aotContext->setReturnValueUndefined();
if (argv[0]) {
    *static_cast<bool *>(argv[0]) = bool();
}
return;
}
}
{
}
// generate_UNot
r2_2 = !r2_1;
{
}
{
}
// generate_Ret
if (argv[0]) {
    *static_cast<bool *>(argv[0]) = r2_2;
}
return;
}
 },{ 92, 0, [](QV4::ExecutableCompilationUnit *unit, QMetaType *argTypes) {
    struct { QV4::ExecutableCompilationUnit *compilationUnit; } c { unit };
    const auto *aotContext = &c;
    Q_UNUSED(aotContext);
    argTypes[0] = QMetaType::fromType<double>();
}, 
    [](const QQmlPrivate::AOTCompiledContext *aotContext, void **argv) {
Q_UNUSED(aotContext)
Q_UNUSED(argv)
// expression for height at line 663, column 21
QObject *r2_0;
double r2_1;
// generate_LoadQmlContextPropertyLookup
#ifndef QT_NO_DEBUG
aotContext->setInstructionPointer(5);
#endif
while (!aotContext->loadContextIdLookup(496, &r2_0)) {
#ifdef QT_NO_DEBUG
aotContext->setInstructionPointer(5);
#endif
aotContext->initLoadContextIdLookup(496);
if (aotContext->engine->hasError()) {
aotContext->setReturnValueUndefined();
if (argv[0]) {
    *static_cast<double *>(argv[0]) = double();
}
return;
}
}
{
}
// generate_GetLookup
#ifndef QT_NO_DEBUG
aotContext->setInstructionPointer(10);
#endif
while (!aotContext->getObjectLookup(497, r2_0, &r2_1)) {
#ifdef QT_NO_DEBUG
aotContext->setInstructionPointer(10);
#endif
aotContext->initGetObjectLookup(497, r2_0, QMetaType::fromType<double>());
if (aotContext->engine->hasError()) {
aotContext->setReturnValueUndefined();
if (argv[0]) {
    *static_cast<double *>(argv[0]) = double();
}
return;
}
}
{
}
{
}
// generate_Ret
if (argv[0]) {
    *static_cast<double *>(argv[0]) = r2_1;
}
return;
}
 },{ 93, 0, [](QV4::ExecutableCompilationUnit *unit, QMetaType *argTypes) {
    struct { QV4::ExecutableCompilationUnit *compilationUnit; } c { unit };
    const auto *aotContext = &c;
    Q_UNUSED(aotContext);
    argTypes[0] = QMetaType::fromType<int>();
}, 
    [](const QQmlPrivate::AOTCompiledContext *aotContext, void **argv) {
Q_UNUSED(aotContext)
Q_UNUSED(argv)
// expression for height at line 662, column 21
QObject *r2_0;
int r2_1;
// generate_LoadQmlContextPropertyLookup
#ifndef QT_NO_DEBUG
aotContext->setInstructionPointer(5);
#endif
while (!aotContext->loadContextIdLookup(498, &r2_0)) {
#ifdef QT_NO_DEBUG
aotContext->setInstructionPointer(5);
#endif
aotContext->initLoadContextIdLookup(498);
if (aotContext->engine->hasError()) {
aotContext->setReturnValueUndefined();
if (argv[0]) {
    *static_cast<int *>(argv[0]) = int();
}
return;
}
}
{
}
// generate_GetLookup
{
double retrieved;
#ifndef QT_NO_DEBUG
aotContext->setInstructionPointer(10);
#endif
while (!aotContext->getObjectLookup(499, r2_0, &retrieved)) {
#ifdef QT_NO_DEBUG
aotContext->setInstructionPointer(10);
#endif
aotContext->initGetObjectLookup(499, r2_0, QMetaType::fromType<double>());
if (aotContext->engine->hasError()) {
aotContext->setReturnValueUndefined();
if (argv[0]) {
    *static_cast<int *>(argv[0]) = int();
}
return;
}
}
r2_1 = QJSNumberCoercion::toInteger(std::move(retrieved));
}
{
}
{
}
// generate_Ret
if (argv[0]) {
    *static_cast<int *>(argv[0]) = r2_1;
}
return;
}
 },{ 94, 0, [](QV4::ExecutableCompilationUnit *unit, QMetaType *argTypes) {
    struct { QV4::ExecutableCompilationUnit *compilationUnit; } c { unit };
    const auto *aotContext = &c;
    Q_UNUSED(aotContext);
    argTypes[0] = []() { static const auto t = QMetaType::fromName("QQuickAnchorLine"); return t; }();
}, 
    [](const QQmlPrivate::AOTCompiledContext *aotContext, void **argv) {
Q_UNUSED(aotContext)
Q_UNUSED(argv)
// expression for right at line 664, column 21
QObject *r2_0;
QVariant r2_1;
// generate_LoadQmlContextPropertyLookup
#ifndef QT_NO_DEBUG
aotContext->setInstructionPointer(5);
#endif
while (!aotContext->loadContextIdLookup(500, &r2_0)) {
#ifdef QT_NO_DEBUG
aotContext->setInstructionPointer(5);
#endif
aotContext->initLoadContextIdLookup(500);
if (aotContext->engine->hasError()) {
aotContext->setReturnValueUndefined();
if (argv[0]) {
    const QMetaType returnType = []() { static const auto t = QMetaType::fromName("QQuickAnchorLine"); return t; }();
    returnType.destruct(argv[0]);
    returnType.construct(argv[0]);
 }
return;
}
}
{
}
// generate_GetLookup
#ifndef QT_NO_DEBUG
aotContext->setInstructionPointer(10);
#endif
r2_1 = QVariant(aotContext->lookupResultMetaType(501));
while (!aotContext->getObjectLookup(501, r2_0, r2_1.data())) {
#ifdef QT_NO_DEBUG
aotContext->setInstructionPointer(10);
#endif
aotContext->initGetObjectLookup(501, r2_0, r2_1.metaType());
if (aotContext->engine->hasError()) {
aotContext->setReturnValueUndefined();
if (argv[0]) {
    const QMetaType returnType = []() { static const auto t = QMetaType::fromName("QQuickAnchorLine"); return t; }();
    returnType.destruct(argv[0]);
    returnType.construct(argv[0]);
 }
return;
}
r2_1 = QVariant(aotContext->lookupResultMetaType(501));
}
{
}
{
}
// generate_Ret
if (argv[0]) {
    if (!r2_1.isValid())
        aotContext->setReturnValueUndefined();
    const QMetaType returnType = r2_1.metaType();
    returnType.destruct(argv[0]);
    returnType.construct(argv[0], r2_1.data());
}
return;
}
 },{ 95, 0, [](QV4::ExecutableCompilationUnit *unit, QMetaType *argTypes) {
    struct { QV4::ExecutableCompilationUnit *compilationUnit; } c { unit };
    const auto *aotContext = &c;
    Q_UNUSED(aotContext);
    argTypes[0] = []() { static const auto t = QMetaType::fromName("QQuickAnchorLine"); return t; }();
}, 
    [](const QQmlPrivate::AOTCompiledContext *aotContext, void **argv) {
Q_UNUSED(aotContext)
Q_UNUSED(argv)
// expression for verticalCenter at line 666, column 21
QObject *r2_0;
QVariant r2_1;
// generate_LoadQmlContextPropertyLookup
#ifndef QT_NO_DEBUG
aotContext->setInstructionPointer(5);
#endif
while (!aotContext->loadContextIdLookup(502, &r2_0)) {
#ifdef QT_NO_DEBUG
aotContext->setInstructionPointer(5);
#endif
aotContext->initLoadContextIdLookup(502);
if (aotContext->engine->hasError()) {
aotContext->setReturnValueUndefined();
if (argv[0]) {
    const QMetaType returnType = []() { static const auto t = QMetaType::fromName("QQuickAnchorLine"); return t; }();
    returnType.destruct(argv[0]);
    returnType.construct(argv[0]);
 }
return;
}
}
{
}
// generate_GetLookup
#ifndef QT_NO_DEBUG
aotContext->setInstructionPointer(10);
#endif
r2_1 = QVariant(aotContext->lookupResultMetaType(503));
while (!aotContext->getObjectLookup(503, r2_0, r2_1.data())) {
#ifdef QT_NO_DEBUG
aotContext->setInstructionPointer(10);
#endif
aotContext->initGetObjectLookup(503, r2_0, r2_1.metaType());
if (aotContext->engine->hasError()) {
aotContext->setReturnValueUndefined();
if (argv[0]) {
    const QMetaType returnType = []() { static const auto t = QMetaType::fromName("QQuickAnchorLine"); return t; }();
    returnType.destruct(argv[0]);
    returnType.construct(argv[0]);
 }
return;
}
r2_1 = QVariant(aotContext->lookupResultMetaType(503));
}
{
}
{
}
// generate_Ret
if (argv[0]) {
    if (!r2_1.isValid())
        aotContext->setReturnValueUndefined();
    const QMetaType returnType = r2_1.metaType();
    returnType.destruct(argv[0]);
    returnType.construct(argv[0], r2_1.data());
}
return;
}
 },{ 96, 0, [](QV4::ExecutableCompilationUnit *unit, QMetaType *argTypes) {
    struct { QV4::ExecutableCompilationUnit *compilationUnit; } c { unit };
    const auto *aotContext = &c;
    Q_UNUSED(aotContext);
    argTypes[0] = QMetaType::fromType<double>();
}, 
    [](const QQmlPrivate::AOTCompiledContext *aotContext, void **argv) {
Q_UNUSED(aotContext)
Q_UNUSED(argv)
// expression for verticalCenterOffset at line 667, column 21
QObject *r2_3;
double r11_0;
double r8_0;
QObject *r2_0;
double r2_6;
QObject *r2_5;
double r2_1;
double r7_0;
double r2_4;
double r2_2;
double r9_0;
double r10_0;
// generate_LoadQmlContextPropertyLookup
#ifndef QT_NO_DEBUG
aotContext->setInstructionPointer(5);
#endif
while (!aotContext->loadContextIdLookup(504, &r2_0)) {
#ifdef QT_NO_DEBUG
aotContext->setInstructionPointer(5);
#endif
aotContext->initLoadContextIdLookup(504);
if (aotContext->engine->hasError()) {
aotContext->setReturnValueUndefined();
if (argv[0]) {
    *static_cast<double *>(argv[0]) = double();
}
return;
}
}
{
}
// generate_GetLookup
#ifndef QT_NO_DEBUG
aotContext->setInstructionPointer(10);
#endif
while (!aotContext->getObjectLookup(505, r2_0, &r2_1)) {
#ifdef QT_NO_DEBUG
aotContext->setInstructionPointer(10);
#endif
aotContext->initGetObjectLookup(505, r2_0, QMetaType::fromType<double>());
if (aotContext->engine->hasError()) {
aotContext->setReturnValueUndefined();
if (argv[0]) {
    *static_cast<double *>(argv[0]) = double();
}
return;
}
}
{
}
// generate_StoreReg
r7_0 = r2_1;
{
}
// generate_LoadInt
r2_2 = double(2);
{
}
// generate_Add
r2_2 = (r7_0 + r2_2);
{
}
// generate_StoreReg
r8_0 = r2_2;
{
}
// generate_LoadQmlContextPropertyLookup
#ifndef QT_NO_DEBUG
aotContext->setInstructionPointer(23);
#endif
while (!aotContext->loadContextIdLookup(506, &r2_3)) {
#ifdef QT_NO_DEBUG
aotContext->setInstructionPointer(23);
#endif
aotContext->initLoadContextIdLookup(506);
if (aotContext->engine->hasError()) {
aotContext->setReturnValueUndefined();
if (argv[0]) {
    *static_cast<double *>(argv[0]) = double();
}
return;
}
}
{
}
// generate_GetLookup
#ifndef QT_NO_DEBUG
aotContext->setInstructionPointer(28);
#endif
while (!aotContext->getObjectLookup(507, r2_3, &r2_4)) {
#ifdef QT_NO_DEBUG
aotContext->setInstructionPointer(28);
#endif
aotContext->initGetObjectLookup(507, r2_3, QMetaType::fromType<double>());
if (aotContext->engine->hasError()) {
aotContext->setReturnValueUndefined();
if (argv[0]) {
    *static_cast<double *>(argv[0]) = double();
}
return;
}
}
{
}
// generate_StoreReg
r9_0 = r2_4;
{
}
// generate_LoadInt
r2_2 = double(2);
{
}
// generate_Div
r2_2 = (r9_0 / r2_2);
{
}
// generate_Add
r2_2 = (r8_0 + r2_2);
{
}
// generate_StoreReg
r10_0 = r2_2;
{
}
// generate_LoadQmlContextPropertyLookup
#ifndef QT_NO_DEBUG
aotContext->setInstructionPointer(43);
#endif
while (!aotContext->loadContextIdLookup(508, &r2_5)) {
#ifdef QT_NO_DEBUG
aotContext->setInstructionPointer(43);
#endif
aotContext->initLoadContextIdLookup(508);
if (aotContext->engine->hasError()) {
aotContext->setReturnValueUndefined();
if (argv[0]) {
    *static_cast<double *>(argv[0]) = double();
}
return;
}
}
{
}
// generate_GetLookup
#ifndef QT_NO_DEBUG
aotContext->setInstructionPointer(48);
#endif
while (!aotContext->getObjectLookup(509, r2_5, &r2_6)) {
#ifdef QT_NO_DEBUG
aotContext->setInstructionPointer(48);
#endif
aotContext->initGetObjectLookup(509, r2_5, QMetaType::fromType<double>());
if (aotContext->engine->hasError()) {
aotContext->setReturnValueUndefined();
if (argv[0]) {
    *static_cast<double *>(argv[0]) = double();
}
return;
}
}
{
}
// generate_StoreReg
r11_0 = r2_6;
{
}
// generate_LoadInt
r2_2 = double(2);
{
}
// generate_Div
r2_2 = (r11_0 / r2_2);
{
}
// generate_Sub
r2_2 = (r10_0 - r2_2);
{
}
{
}
// generate_Ret
if (argv[0]) {
    *static_cast<double *>(argv[0]) = r2_2;
}
return;
}
 },{ 97, 0, [](QV4::ExecutableCompilationUnit *unit, QMetaType *argTypes) {
    struct { QV4::ExecutableCompilationUnit *compilationUnit; } c { unit };
    const auto *aotContext = &c;
    Q_UNUSED(aotContext);
    argTypes[0] = QMetaType::fromType<QVariant>();
}, 
    [](const QQmlPrivate::AOTCompiledContext *aotContext, void **argv) {
Q_UNUSED(aotContext)
Q_UNUSED(argv)
// expression for model at line 684, column 21
QVariant r2_0;
// generate_LoadQmlContextPropertyLookup
{
QObject * retrieved;
#ifndef QT_NO_DEBUG
aotContext->setInstructionPointer(5);
#endif
while (!aotContext->loadContextIdLookup(510, &retrieved)) {
#ifdef QT_NO_DEBUG
aotContext->setInstructionPointer(5);
#endif
aotContext->initLoadContextIdLookup(510);
if (aotContext->engine->hasError()) {
aotContext->setReturnValueUndefined();
if (argv[0]) {
    *static_cast<QVariant *>(argv[0]) = QVariant();
}
return;
}
}
r2_0 = QVariant::fromValue(std::move(retrieved));
}
{
}
{
}
// generate_Ret
if (argv[0]) {
    if (!r2_0.isValid())
        aotContext->setReturnValueUndefined();
    *static_cast<QVariant *>(argv[0]) = std::move(r2_0);
}
return;
}
 },{ 103, 0, [](QV4::ExecutableCompilationUnit *unit, QMetaType *argTypes) {
    struct { QV4::ExecutableCompilationUnit *compilationUnit; } c { unit };
    const auto *aotContext = &c;
    Q_UNUSED(aotContext);
    argTypes[0] = []() { static const auto t = QMetaType::fromName("QQmlEasingEnums::Type"); return t; }();
}, 
    [](const QQmlPrivate::AOTCompiledContext *aotContext, void **argv) {
Q_UNUSED(aotContext)
Q_UNUSED(argv)
// expression for type at line 704, column 33
int r2_0;
{
}
// generate_GetLookup
#ifndef QT_NO_DEBUG
aotContext->setInstructionPointer(10);
#endif
while (!aotContext->getEnumLookup(529, &r2_0)) {
#ifdef QT_NO_DEBUG
aotContext->setInstructionPointer(10);
#endif
aotContext->initGetEnumLookup(529, []() { static const auto t = QMetaType::fromName("QQmlEasingEnums"); return t; }().metaObject(), "Type", "OutQuad");
if (aotContext->engine->hasError()) {
aotContext->setReturnValueUndefined();
if (argv[0]) {
    const QMetaType returnType = []() { static const auto t = QMetaType::fromName("QQmlEasingEnums::Type"); return t; }();
    returnType.destruct(argv[0]);
    returnType.construct(argv[0]);
 }
return;
}
}
{
}
{
}
// generate_Ret
if (argv[0]) {
    const QMetaType returnType = QMetaType::fromType<int>();
    returnType.destruct(argv[0]);
    returnType.construct(argv[0], &r2_0);
}
return;
}
 },{ 104, 0, [](QV4::ExecutableCompilationUnit *unit, QMetaType *argTypes) {
    struct { QV4::ExecutableCompilationUnit *compilationUnit; } c { unit };
    const auto *aotContext = &c;
    Q_UNUSED(aotContext);
    argTypes[0] = QMetaType::fromType<double>();
}, 
    [](const QQmlPrivate::AOTCompiledContext *aotContext, void **argv) {
Q_UNUSED(aotContext)
Q_UNUSED(argv)
// expression for height at line 712, column 21
int r2_1;
int r7_0;
QObject *r2_0;
int r2_2;
double r2_4;
bool r2_3;
// generate_LoadQmlContextPropertyLookup
#ifndef QT_NO_DEBUG
aotContext->setInstructionPointer(5);
#endif
while (!aotContext->loadContextIdLookup(530, &r2_0)) {
#ifdef QT_NO_DEBUG
aotContext->setInstructionPointer(5);
#endif
aotContext->initLoadContextIdLookup(530);
if (aotContext->engine->hasError()) {
aotContext->setReturnValueUndefined();
if (argv[0]) {
    *static_cast<double *>(argv[0]) = double();
}
return;
}
}
{
}
// generate_GetLookup
#ifndef QT_NO_DEBUG
aotContext->setInstructionPointer(10);
#endif
while (!aotContext->getObjectLookup(531, r2_0, &r2_1)) {
#ifdef QT_NO_DEBUG
aotContext->setInstructionPointer(10);
#endif
aotContext->initGetObjectLookup(531, r2_0, QMetaType::fromType<int>());
if (aotContext->engine->hasError()) {
aotContext->setReturnValueUndefined();
if (argv[0]) {
    *static_cast<double *>(argv[0]) = double();
}
return;
}
}
{
}
// generate_StoreReg
r7_0 = r2_1;
{
}
// generate_LoadZero
r2_2 = 0;
{
}
// generate_CmpGe
r2_3 = r7_0 >= r2_2;
{
}
// generate_JumpFalse
if (!r2_3) {
    goto label_0;
}
{
}
// generate_LoadInt
r2_4 = double(24);
{
}
// generate_Jump
{
    goto label_1;
}
label_0:;
// generate_LoadZero
r2_4 = double(0);
{
}
label_1:;
{
}
// generate_Ret
if (argv[0]) {
    *static_cast<double *>(argv[0]) = r2_4;
}
return;
}
 },{ 105, 0, [](QV4::ExecutableCompilationUnit *unit, QMetaType *argTypes) {
    struct { QV4::ExecutableCompilationUnit *compilationUnit; } c { unit };
    const auto *aotContext = &c;
    Q_UNUSED(aotContext);
    argTypes[0] = QMetaType::fromType<bool>();
}, 
    [](const QQmlPrivate::AOTCompiledContext *aotContext, void **argv) {
Q_UNUSED(aotContext)
Q_UNUSED(argv)
// expression for visible at line 717, column 21
QObject *r2_0;
int r2_2;
int r2_1;
int r7_0;
bool r2_3;
// generate_LoadQmlContextPropertyLookup
#ifndef QT_NO_DEBUG
aotContext->setInstructionPointer(5);
#endif
while (!aotContext->loadContextIdLookup(532, &r2_0)) {
#ifdef QT_NO_DEBUG
aotContext->setInstructionPointer(5);
#endif
aotContext->initLoadContextIdLookup(532);
if (aotContext->engine->hasError()) {
aotContext->setReturnValueUndefined();
if (argv[0]) {
    *static_cast<bool *>(argv[0]) = bool();
}
return;
}
}
{
}
// generate_GetLookup
#ifndef QT_NO_DEBUG
aotContext->setInstructionPointer(10);
#endif
while (!aotContext->getObjectLookup(533, r2_0, &r2_1)) {
#ifdef QT_NO_DEBUG
aotContext->setInstructionPointer(10);
#endif
aotContext->initGetObjectLookup(533, r2_0, QMetaType::fromType<int>());
if (aotContext->engine->hasError()) {
aotContext->setReturnValueUndefined();
if (argv[0]) {
    *static_cast<bool *>(argv[0]) = bool();
}
return;
}
}
{
}
// generate_StoreReg
r7_0 = r2_1;
{
}
// generate_LoadZero
r2_2 = 0;
{
}
// generate_CmpGe
r2_3 = r7_0 >= r2_2;
{
}
{
}
// generate_Ret
if (argv[0]) {
    *static_cast<bool *>(argv[0]) = r2_3;
}
return;
}
 },{ 106, 0, [](QV4::ExecutableCompilationUnit *unit, QMetaType *argTypes) {
    struct { QV4::ExecutableCompilationUnit *compilationUnit; } c { unit };
    const auto *aotContext = &c;
    Q_UNUSED(aotContext);
    argTypes[0] = QMetaType::fromType<double>();
}, 
    [](const QQmlPrivate::AOTCompiledContext *aotContext, void **argv) {
Q_UNUSED(aotContext)
Q_UNUSED(argv)
// expression for implicitWidth at line 722, column 21
double r7_0;
double r2_1;
double r2_2;
QObject *r2_0;
// generate_LoadQmlContextPropertyLookup
#ifndef QT_NO_DEBUG
aotContext->setInstructionPointer(5);
#endif
while (!aotContext->loadContextIdLookup(534, &r2_0)) {
#ifdef QT_NO_DEBUG
aotContext->setInstructionPointer(5);
#endif
aotContext->initLoadContextIdLookup(534);
if (aotContext->engine->hasError()) {
aotContext->setReturnValueUndefined();
if (argv[0]) {
    *static_cast<double *>(argv[0]) = double();
}
return;
}
}
{
}
// generate_GetLookup
#ifndef QT_NO_DEBUG
aotContext->setInstructionPointer(10);
#endif
while (!aotContext->getObjectLookup(535, r2_0, &r2_1)) {
#ifdef QT_NO_DEBUG
aotContext->setInstructionPointer(10);
#endif
aotContext->initGetObjectLookup(535, r2_0, QMetaType::fromType<double>());
if (aotContext->engine->hasError()) {
aotContext->setReturnValueUndefined();
if (argv[0]) {
    *static_cast<double *>(argv[0]) = double();
}
return;
}
}
{
}
// generate_StoreReg
r7_0 = r2_1;
{
}
// generate_LoadInt
r2_2 = double(20);
{
}
// generate_Add
r2_2 = (r7_0 + r2_2);
{
}
{
}
// generate_Ret
if (argv[0]) {
    *static_cast<double *>(argv[0]) = r2_2;
}
return;
}
 },{ 107, 0, [](QV4::ExecutableCompilationUnit *unit, QMetaType *argTypes) {
    struct { QV4::ExecutableCompilationUnit *compilationUnit; } c { unit };
    const auto *aotContext = &c;
    Q_UNUSED(aotContext);
    argTypes[0] = []() { static const auto t = QMetaType::fromName("QQuickAnchorLine"); return t; }();
}, 
    [](const QQmlPrivate::AOTCompiledContext *aotContext, void **argv) {
Q_UNUSED(aotContext)
Q_UNUSED(argv)
// expression for top at line 718, column 21
QVariant r2_1;
QObject *r2_0;
// generate_LoadQmlContextPropertyLookup
#ifndef QT_NO_DEBUG
aotContext->setInstructionPointer(5);
#endif
while (!aotContext->loadScopeObjectPropertyLookup(536, &r2_0)) {
#ifdef QT_NO_DEBUG
aotContext->setInstructionPointer(5);
#endif
aotContext->initLoadScopeObjectPropertyLookup(536, []() { static const auto t = QMetaType::fromName("QQuickItem*"); return t; }());
if (aotContext->engine->hasError()) {
aotContext->setReturnValueUndefined();
if (argv[0]) {
    const QMetaType returnType = []() { static const auto t = QMetaType::fromName("QQuickAnchorLine"); return t; }();
    returnType.destruct(argv[0]);
    returnType.construct(argv[0]);
 }
return;
}
}
{
}
// generate_GetLookup
#ifndef QT_NO_DEBUG
aotContext->setInstructionPointer(10);
#endif
r2_1 = QVariant(aotContext->lookupResultMetaType(537));
while (!aotContext->getObjectLookup(537, r2_0, r2_1.data())) {
#ifdef QT_NO_DEBUG
aotContext->setInstructionPointer(10);
#endif
aotContext->initGetObjectLookup(537, r2_0, r2_1.metaType());
if (aotContext->engine->hasError()) {
aotContext->setReturnValueUndefined();
if (argv[0]) {
    const QMetaType returnType = []() { static const auto t = QMetaType::fromName("QQuickAnchorLine"); return t; }();
    returnType.destruct(argv[0]);
    returnType.construct(argv[0]);
 }
return;
}
r2_1 = QVariant(aotContext->lookupResultMetaType(537));
}
{
}
{
}
// generate_Ret
if (argv[0]) {
    if (!r2_1.isValid())
        aotContext->setReturnValueUndefined();
    const QMetaType returnType = r2_1.metaType();
    returnType.destruct(argv[0]);
    returnType.construct(argv[0], r2_1.data());
}
return;
}
 },{ 108, 0, [](QV4::ExecutableCompilationUnit *unit, QMetaType *argTypes) {
    struct { QV4::ExecutableCompilationUnit *compilationUnit; } c { unit };
    const auto *aotContext = &c;
    Q_UNUSED(aotContext);
    argTypes[0] = []() { static const auto t = QMetaType::fromName("QQuickAnchorLine"); return t; }();
}, 
    [](const QQmlPrivate::AOTCompiledContext *aotContext, void **argv) {
Q_UNUSED(aotContext)
Q_UNUSED(argv)
// expression for right at line 720, column 21
QObject *r2_0;
QVariant r2_1;
// generate_LoadQmlContextPropertyLookup
#ifndef QT_NO_DEBUG
aotContext->setInstructionPointer(5);
#endif
while (!aotContext->loadScopeObjectPropertyLookup(538, &r2_0)) {
#ifdef QT_NO_DEBUG
aotContext->setInstructionPointer(5);
#endif
aotContext->initLoadScopeObjectPropertyLookup(538, []() { static const auto t = QMetaType::fromName("QQuickItem*"); return t; }());
if (aotContext->engine->hasError()) {
aotContext->setReturnValueUndefined();
if (argv[0]) {
    const QMetaType returnType = []() { static const auto t = QMetaType::fromName("QQuickAnchorLine"); return t; }();
    returnType.destruct(argv[0]);
    returnType.construct(argv[0]);
 }
return;
}
}
{
}
// generate_GetLookup
#ifndef QT_NO_DEBUG
aotContext->setInstructionPointer(10);
#endif
r2_1 = QVariant(aotContext->lookupResultMetaType(539));
while (!aotContext->getObjectLookup(539, r2_0, r2_1.data())) {
#ifdef QT_NO_DEBUG
aotContext->setInstructionPointer(10);
#endif
aotContext->initGetObjectLookup(539, r2_0, r2_1.metaType());
if (aotContext->engine->hasError()) {
aotContext->setReturnValueUndefined();
if (argv[0]) {
    const QMetaType returnType = []() { static const auto t = QMetaType::fromName("QQuickAnchorLine"); return t; }();
    returnType.destruct(argv[0]);
    returnType.construct(argv[0]);
 }
return;
}
r2_1 = QVariant(aotContext->lookupResultMetaType(539));
}
{
}
{
}
// generate_Ret
if (argv[0]) {
    if (!r2_1.isValid())
        aotContext->setReturnValueUndefined();
    const QMetaType returnType = r2_1.metaType();
    returnType.destruct(argv[0]);
    returnType.construct(argv[0], r2_1.data());
}
return;
}
 },{ 109, 0, [](QV4::ExecutableCompilationUnit *unit, QMetaType *argTypes) {
    struct { QV4::ExecutableCompilationUnit *compilationUnit; } c { unit };
    const auto *aotContext = &c;
    Q_UNUSED(aotContext);
    argTypes[0] = QMetaType::fromType<QString>();
}, 
    [](const QQmlPrivate::AOTCompiledContext *aotContext, void **argv) {
Q_UNUSED(aotContext)
Q_UNUSED(argv)
// expression for text at line 730, column 25
int r7_0;
QString r8_0;
int r2_1;
QString r2_9;
int r2_2;
QString r11_0;
double r2_7;
QObject *r2_0;
QString r2_4;
QObject *r2_8;
QObject *r2_5;
QString r10_0;
bool r2_3;
double r9_0;
double r2_6;
// generate_LoadQmlContextPropertyLookup
#ifndef QT_NO_DEBUG
aotContext->setInstructionPointer(5);
#endif
while (!aotContext->loadContextIdLookup(540, &r2_0)) {
#ifdef QT_NO_DEBUG
aotContext->setInstructionPointer(5);
#endif
aotContext->initLoadContextIdLookup(540);
if (aotContext->engine->hasError()) {
aotContext->setReturnValueUndefined();
if (argv[0]) {
    *static_cast<QString *>(argv[0]) = QString();
}
return;
}
}
{
}
// generate_GetLookup
#ifndef QT_NO_DEBUG
aotContext->setInstructionPointer(10);
#endif
while (!aotContext->getObjectLookup(541, r2_0, &r2_1)) {
#ifdef QT_NO_DEBUG
aotContext->setInstructionPointer(10);
#endif
aotContext->initGetObjectLookup(541, r2_0, QMetaType::fromType<int>());
if (aotContext->engine->hasError()) {
aotContext->setReturnValueUndefined();
if (argv[0]) {
    *static_cast<QString *>(argv[0]) = QString();
}
return;
}
}
{
}
// generate_StoreReg
r7_0 = r2_1;
{
}
// generate_LoadZero
r2_2 = 0;
{
}
// generate_CmpGe
r2_3 = r7_0 >= r2_2;
{
}
// generate_JumpFalse
if (!r2_3) {
    goto label_0;
}
{
}
// generate_LoadRuntimeString
r2_4 = QStringLiteral("S");
{
}
// generate_StoreReg
r8_0 = std::move(r2_4);
{
}
// generate_LoadQmlContextPropertyLookup
#ifndef QT_NO_DEBUG
aotContext->setInstructionPointer(29);
#endif
while (!aotContext->loadContextIdLookup(542, &r2_5)) {
#ifdef QT_NO_DEBUG
aotContext->setInstructionPointer(29);
#endif
aotContext->initLoadContextIdLookup(542);
if (aotContext->engine->hasError()) {
aotContext->setReturnValueUndefined();
if (argv[0]) {
    *static_cast<QString *>(argv[0]) = QString();
}
return;
}
}
{
}
// generate_GetLookup
{
int retrieved;
#ifndef QT_NO_DEBUG
aotContext->setInstructionPointer(34);
#endif
while (!aotContext->getObjectLookup(543, r2_5, &retrieved)) {
#ifdef QT_NO_DEBUG
aotContext->setInstructionPointer(34);
#endif
aotContext->initGetObjectLookup(543, r2_5, QMetaType::fromType<int>());
if (aotContext->engine->hasError()) {
aotContext->setReturnValueUndefined();
if (argv[0]) {
    *static_cast<QString *>(argv[0]) = QString();
}
return;
}
}
r2_6 = double(std::move(retrieved));
}
{
}
// generate_StoreReg
r9_0 = r2_6;
{
}
// generate_LoadInt
r2_7 = double(1);
{
}
// generate_Add
r2_4 = QJSPrimitiveValue((r9_0 + r2_7)).toString();
{
}
// generate_Add
r2_4 = QString(std::move(r8_0) + std::move(r2_4));
{
}
// generate_StoreReg
r10_0 = std::move(r2_4);
{
}
// generate_LoadRuntimeString
r2_4 = QStringLiteral("  F");
{
}
// generate_Add
r2_4 = QString(std::move(r10_0) + std::move(r2_4));
{
}
// generate_StoreReg
r11_0 = std::move(r2_4);
{
}
// generate_LoadQmlContextPropertyLookup
#ifndef QT_NO_DEBUG
aotContext->setInstructionPointer(58);
#endif
while (!aotContext->loadContextIdLookup(544, &r2_8)) {
#ifdef QT_NO_DEBUG
aotContext->setInstructionPointer(58);
#endif
aotContext->initLoadContextIdLookup(544);
if (aotContext->engine->hasError()) {
aotContext->setReturnValueUndefined();
if (argv[0]) {
    *static_cast<QString *>(argv[0]) = QString();
}
return;
}
}
{
}
// generate_GetLookup
{
int retrieved;
#ifndef QT_NO_DEBUG
aotContext->setInstructionPointer(63);
#endif
while (!aotContext->getObjectLookup(545, r2_8, &retrieved)) {
#ifdef QT_NO_DEBUG
aotContext->setInstructionPointer(63);
#endif
aotContext->initGetObjectLookup(545, r2_8, QMetaType::fromType<int>());
if (aotContext->engine->hasError()) {
aotContext->setReturnValueUndefined();
if (argv[0]) {
    *static_cast<QString *>(argv[0]) = QString();
}
return;
}
}
r2_9 = QJSPrimitiveValue(std::move(retrieved)).toString();
}
{
}
// generate_Add
r2_4 = QString(std::move(r11_0) + std::move(r2_9));
{
}
// generate_Jump
{
    goto label_1;
}
label_0:;
// generate_LoadRuntimeString
r2_4 = QStringLiteral("");
{
}
label_1:;
{
}
// generate_Ret
if (argv[0]) {
    *static_cast<QString *>(argv[0]) = r2_4;
}
return;
}
 },{ 110, 0, [](QV4::ExecutableCompilationUnit *unit, QMetaType *argTypes) {
    struct { QV4::ExecutableCompilationUnit *compilationUnit; } c { unit };
    const auto *aotContext = &c;
    Q_UNUSED(aotContext);
    argTypes[0] = []() { static const auto t = QMetaType::fromName("QQuickItem*"); return t; }();
}, 
    [](const QQmlPrivate::AOTCompiledContext *aotContext, void **argv) {
Q_UNUSED(aotContext)
Q_UNUSED(argv)
// expression for centerIn at line 727, column 25
QObject *r2_0;
// generate_LoadQmlContextPropertyLookup
#ifndef QT_NO_DEBUG
aotContext->setInstructionPointer(5);
#endif
while (!aotContext->loadScopeObjectPropertyLookup(546, &r2_0)) {
#ifdef QT_NO_DEBUG
aotContext->setInstructionPointer(5);
#endif
aotContext->initLoadScopeObjectPropertyLookup(546, []() { static const auto t = QMetaType::fromName("QQuickItem*"); return t; }());
if (aotContext->engine->hasError()) {
aotContext->setReturnValueUndefined();
if (argv[0]) {
    *static_cast<QObject * *>(argv[0]) = nullptr;
}
return;
}
}
{
}
{
}
// generate_Ret
if (argv[0]) {
    *static_cast<QObject * *>(argv[0]) = r2_0;
}
return;
}
 },{ 111, 0, [](QV4::ExecutableCompilationUnit *unit, QMetaType *argTypes) {
    struct { QV4::ExecutableCompilationUnit *compilationUnit; } c { unit };
    const auto *aotContext = &c;
    Q_UNUSED(aotContext);
    argTypes[0] = []() { static const auto t = QMetaType::fromName("Qt::MouseButtons"); return t; }();
}, 
    [](const QQmlPrivate::AOTCompiledContext *aotContext, void **argv) {
Q_UNUSED(aotContext)
Q_UNUSED(argv)
// expression for acceptedButtons at line 738, column 21
int r2_0;
{
}
// generate_GetLookup
#ifndef QT_NO_DEBUG
aotContext->setInstructionPointer(10);
#endif
while (!aotContext->getEnumLookup(548, &r2_0)) {
#ifdef QT_NO_DEBUG
aotContext->setInstructionPointer(10);
#endif
aotContext->initGetEnumLookup(548, []() { static const auto t = QMetaType::fromName("Qt"); return t; }().metaObject(), "MouseButton", "NoButton");
if (aotContext->engine->hasError()) {
aotContext->setReturnValueUndefined();
if (argv[0]) {
    const QMetaType returnType = []() { static const auto t = QMetaType::fromName("Qt::MouseButtons"); return t; }();
    returnType.destruct(argv[0]);
    returnType.construct(argv[0]);
 }
return;
}
}
{
}
{
}
// generate_Ret
if (argv[0]) {
    const QMetaType returnType = QMetaType::fromType<int>();
    returnType.destruct(argv[0]);
    returnType.construct(argv[0], &r2_0);
}
return;
}
 },{ 115, 0, [](QV4::ExecutableCompilationUnit *unit, QMetaType *argTypes) {
    struct { QV4::ExecutableCompilationUnit *compilationUnit; } c { unit };
    const auto *aotContext = &c;
    Q_UNUSED(aotContext);
    argTypes[0] = []() { static const auto t = QMetaType::fromName("QQuickItem*"); return t; }();
}, 
    [](const QQmlPrivate::AOTCompiledContext *aotContext, void **argv) {
Q_UNUSED(aotContext)
Q_UNUSED(argv)
// expression for fill at line 736, column 21
QObject *r2_0;
// generate_LoadQmlContextPropertyLookup
#ifndef QT_NO_DEBUG
aotContext->setInstructionPointer(5);
#endif
while (!aotContext->loadContextIdLookup(569, &r2_0)) {
#ifdef QT_NO_DEBUG
aotContext->setInstructionPointer(5);
#endif
aotContext->initLoadContextIdLookup(569);
if (aotContext->engine->hasError()) {
aotContext->setReturnValueUndefined();
if (argv[0]) {
    *static_cast<QObject * *>(argv[0]) = nullptr;
}
return;
}
}
{
}
{
}
// generate_Ret
if (argv[0]) {
    *static_cast<QObject * *>(argv[0]) = r2_0;
}
return;
}
 },{ 117, 0, [](QV4::ExecutableCompilationUnit *unit, QMetaType *argTypes) {
    struct { QV4::ExecutableCompilationUnit *compilationUnit; } c { unit };
    const auto *aotContext = &c;
    Q_UNUSED(aotContext);
    argTypes[0] = QMetaType();
}, 
    [](const QQmlPrivate::AOTCompiledContext *aotContext, void **argv) {
Q_UNUSED(aotContext)
Q_UNUSED(argv)
// expression for onTriggered at line 772, column 21
QObject *r2_0;
QObject *r7_0;
// generate_CreateCallContext
{
{
}
// generate_LoadQmlContextPropertyLookup
#ifndef QT_NO_DEBUG
aotContext->setInstructionPointer(6);
#endif
while (!aotContext->loadContextIdLookup(585, &r2_0)) {
#ifdef QT_NO_DEBUG
aotContext->setInstructionPointer(6);
#endif
aotContext->initLoadContextIdLookup(585);
if (aotContext->engine->hasError()) {
aotContext->setReturnValueUndefined();
return;
}
}
{
}
// generate_StoreReg
r7_0 = r2_0;
{
}
// generate_CallPropertyLookup
{
void *args[] = { nullptr };
const QMetaType types[] = { QMetaType() };
#ifndef QT_NO_DEBUG
aotContext->setInstructionPointer(25);
#endif
while (!aotContext->callObjectPropertyLookup(586, r7_0, args, types, 0)) {
#ifdef QT_NO_DEBUG
aotContext->setInstructionPointer(25);
#endif
aotContext->initCallObjectPropertyLookup(586);
if (aotContext->engine->hasError()) {
aotContext->setReturnValueUndefined();
return;
}
}
}
{
}
{
}
// generate_PopContext
{}
}
{
}
{
}
// generate_Ret
return;
}
 },{ 118, 0, [](QV4::ExecutableCompilationUnit *unit, QMetaType *argTypes) {
    struct { QV4::ExecutableCompilationUnit *compilationUnit; } c { unit };
    const auto *aotContext = &c;
    Q_UNUSED(aotContext);
    argTypes[0] = QMetaType::fromType<double>();
}, 
    [](const QQmlPrivate::AOTCompiledContext *aotContext, void **argv) {
Q_UNUSED(aotContext)
Q_UNUSED(argv)
// expression for canvasBottomY at line 782, column 13
QObject *r2_2;
QObject *r2_0;
QObject *r7_0;
QVariant r2_5;
QObject *r10_0;
double r13_0;
double r2_6;
double r12_0;
double r2_4;
double r11_0;
double r2_3;
QObject *r2_1;
// generate_LoadQmlContextPropertyLookup
#ifndef QT_NO_DEBUG
aotContext->setInstructionPointer(5);
#endif
while (!aotContext->loadContextIdLookup(587, &r2_0)) {
#ifdef QT_NO_DEBUG
aotContext->setInstructionPointer(5);
#endif
aotContext->initLoadContextIdLookup(587);
if (aotContext->engine->hasError()) {
aotContext->setReturnValueUndefined();
if (argv[0]) {
    *static_cast<double *>(argv[0]) = double();
}
return;
}
}
{
}
// generate_StoreReg
r7_0 = r2_0;
{
}
// generate_LoadQmlContextPropertyLookup
#ifndef QT_NO_DEBUG
aotContext->setInstructionPointer(12);
#endif
while (!aotContext->loadContextIdLookup(588, &r2_1)) {
#ifdef QT_NO_DEBUG
aotContext->setInstructionPointer(12);
#endif
aotContext->initLoadContextIdLookup(588);
if (aotContext->engine->hasError()) {
aotContext->setReturnValueUndefined();
if (argv[0]) {
    *static_cast<double *>(argv[0]) = double();
}
return;
}
}
{
}
// generate_StoreReg
r10_0 = r2_1;
{
}
// generate_MoveConst
r11_0 = double(0);
{
}
// generate_LoadQmlContextPropertyLookup
#ifndef QT_NO_DEBUG
aotContext->setInstructionPointer(22);
#endif
while (!aotContext->loadContextIdLookup(589, &r2_2)) {
#ifdef QT_NO_DEBUG
aotContext->setInstructionPointer(22);
#endif
aotContext->initLoadContextIdLookup(589);
if (aotContext->engine->hasError()) {
aotContext->setReturnValueUndefined();
if (argv[0]) {
    *static_cast<double *>(argv[0]) = double();
}
return;
}
}
{
}
// generate_GetLookup
#ifndef QT_NO_DEBUG
aotContext->setInstructionPointer(27);
#endif
while (!aotContext->getObjectLookup(590, r2_2, &r2_3)) {
#ifdef QT_NO_DEBUG
aotContext->setInstructionPointer(27);
#endif
aotContext->initGetObjectLookup(590, r2_2, QMetaType::fromType<double>());
if (aotContext->engine->hasError()) {
aotContext->setReturnValueUndefined();
if (argv[0]) {
    *static_cast<double *>(argv[0]) = double();
}
return;
}
}
{
}
// generate_StoreReg
r13_0 = r2_3;
{
}
// generate_LoadInt
r2_4 = double(2);
{
}
// generate_Sub
r2_4 = (r13_0 - r2_4);
{
}
// generate_StoreReg
r12_0 = r2_4;
{
}
// generate_CallPropertyLookup
{
QVariant callResult([]() { static const auto t = QMetaType::fromName("QPointF"); return t; }());
void *args[] = { callResult.data(), &r10_0, &r11_0, &r12_0 };
const QMetaType types[] = { callResult.metaType(), []() { static const auto t = QMetaType::fromName("QQuickItem*"); return t; }(), QMetaType::fromType<double>(), QMetaType::fromType<double>() };
#ifndef QT_NO_DEBUG
aotContext->setInstructionPointer(52);
#endif
while (!aotContext->callObjectPropertyLookup(591, r7_0, args, types, 3)) {
#ifdef QT_NO_DEBUG
aotContext->setInstructionPointer(52);
#endif
aotContext->initCallObjectPropertyLookup(591);
if (aotContext->engine->hasError()) {
aotContext->setReturnValueUndefined();
if (argv[0]) {
    *static_cast<double *>(argv[0]) = double();
}
return;
}
}
r2_5 = std::move(callResult);
}
{
}
// generate_GetLookup
#ifndef QT_NO_DEBUG
aotContext->setInstructionPointer(57);
#endif
while (!aotContext->getValueLookup(592, r2_5.data(), &r2_6)) {
#ifdef QT_NO_DEBUG
aotContext->setInstructionPointer(57);
#endif
aotContext->initGetValueLookup(592, []() { static const auto t = QMetaType::fromName("QQmlPointFValueType"); return t; }().metaObject(), QMetaType::fromType<double>());
if (aotContext->engine->hasError()) {
aotContext->setReturnValueUndefined();
if (argv[0]) {
    *static_cast<double *>(argv[0]) = double();
}
return;
}
}
{
}
{
}
// generate_Ret
if (argv[0]) {
    *static_cast<double *>(argv[0]) = r2_6;
}
return;
}
 },{ 119, 0, [](QV4::ExecutableCompilationUnit *unit, QMetaType *argTypes) {
    struct { QV4::ExecutableCompilationUnit *compilationUnit; } c { unit };
    const auto *aotContext = &c;
    Q_UNUSED(aotContext);
    argTypes[0] = QMetaType::fromType<double>();
}, 
    [](const QQmlPrivate::AOTCompiledContext *aotContext, void **argv) {
Q_UNUSED(aotContext)
Q_UNUSED(argv)
// expression for canvasRightX at line 783, column 13
QObject *r10_0;
QObject *r2_1;
QVariant r2_5;
double r12_0;
double r2_4;
double r11_0;
double r13_0;
QObject *r7_0;
double r2_3;
double r2_6;
QObject *r2_0;
QObject *r2_2;
// generate_LoadQmlContextPropertyLookup
#ifndef QT_NO_DEBUG
aotContext->setInstructionPointer(5);
#endif
while (!aotContext->loadContextIdLookup(593, &r2_0)) {
#ifdef QT_NO_DEBUG
aotContext->setInstructionPointer(5);
#endif
aotContext->initLoadContextIdLookup(593);
if (aotContext->engine->hasError()) {
aotContext->setReturnValueUndefined();
if (argv[0]) {
    *static_cast<double *>(argv[0]) = double();
}
return;
}
}
{
}
// generate_StoreReg
r7_0 = r2_0;
{
}
// generate_LoadQmlContextPropertyLookup
#ifndef QT_NO_DEBUG
aotContext->setInstructionPointer(12);
#endif
while (!aotContext->loadContextIdLookup(594, &r2_1)) {
#ifdef QT_NO_DEBUG
aotContext->setInstructionPointer(12);
#endif
aotContext->initLoadContextIdLookup(594);
if (aotContext->engine->hasError()) {
aotContext->setReturnValueUndefined();
if (argv[0]) {
    *static_cast<double *>(argv[0]) = double();
}
return;
}
}
{
}
// generate_StoreReg
r10_0 = r2_1;
{
}
// generate_LoadQmlContextPropertyLookup
#ifndef QT_NO_DEBUG
aotContext->setInstructionPointer(19);
#endif
while (!aotContext->loadContextIdLookup(595, &r2_2)) {
#ifdef QT_NO_DEBUG
aotContext->setInstructionPointer(19);
#endif
aotContext->initLoadContextIdLookup(595);
if (aotContext->engine->hasError()) {
aotContext->setReturnValueUndefined();
if (argv[0]) {
    *static_cast<double *>(argv[0]) = double();
}
return;
}
}
{
}
// generate_GetLookup
#ifndef QT_NO_DEBUG
aotContext->setInstructionPointer(24);
#endif
while (!aotContext->getObjectLookup(596, r2_2, &r2_3)) {
#ifdef QT_NO_DEBUG
aotContext->setInstructionPointer(24);
#endif
aotContext->initGetObjectLookup(596, r2_2, QMetaType::fromType<double>());
if (aotContext->engine->hasError()) {
aotContext->setReturnValueUndefined();
if (argv[0]) {
    *static_cast<double *>(argv[0]) = double();
}
return;
}
}
{
}
// generate_StoreReg
r13_0 = r2_3;
{
}
// generate_LoadInt
r2_4 = double(28);
{
}
// generate_Sub
r2_4 = (r13_0 - r2_4);
{
}
// generate_StoreReg
r11_0 = r2_4;
{
}
// generate_MoveConst
r12_0 = double(0);
{
}
// generate_CallPropertyLookup
{
QVariant callResult([]() { static const auto t = QMetaType::fromName("QPointF"); return t; }());
void *args[] = { callResult.data(), &r10_0, &r11_0, &r12_0 };
const QMetaType types[] = { callResult.metaType(), []() { static const auto t = QMetaType::fromName("QQuickItem*"); return t; }(), QMetaType::fromType<double>(), QMetaType::fromType<double>() };
#ifndef QT_NO_DEBUG
aotContext->setInstructionPointer(52);
#endif
while (!aotContext->callObjectPropertyLookup(597, r7_0, args, types, 3)) {
#ifdef QT_NO_DEBUG
aotContext->setInstructionPointer(52);
#endif
aotContext->initCallObjectPropertyLookup(597);
if (aotContext->engine->hasError()) {
aotContext->setReturnValueUndefined();
if (argv[0]) {
    *static_cast<double *>(argv[0]) = double();
}
return;
}
}
r2_5 = std::move(callResult);
}
{
}
// generate_GetLookup
#ifndef QT_NO_DEBUG
aotContext->setInstructionPointer(57);
#endif
while (!aotContext->getValueLookup(598, r2_5.data(), &r2_6)) {
#ifdef QT_NO_DEBUG
aotContext->setInstructionPointer(57);
#endif
aotContext->initGetValueLookup(598, []() { static const auto t = QMetaType::fromName("QQmlPointFValueType"); return t; }().metaObject(), QMetaType::fromType<double>());
if (aotContext->engine->hasError()) {
aotContext->setReturnValueUndefined();
if (argv[0]) {
    *static_cast<double *>(argv[0]) = double();
}
return;
}
}
{
}
{
}
// generate_Ret
if (argv[0]) {
    *static_cast<double *>(argv[0]) = r2_6;
}
return;
}
 },{ 120, 0, [](QV4::ExecutableCompilationUnit *unit, QMetaType *argTypes) {
    struct { QV4::ExecutableCompilationUnit *compilationUnit; } c { unit };
    const auto *aotContext = &c;
    Q_UNUSED(aotContext);
    argTypes[0] = QMetaType::fromType<double>();
}, 
    [](const QQmlPrivate::AOTCompiledContext *aotContext, void **argv) {
Q_UNUSED(aotContext)
Q_UNUSED(argv)
// expression for x at line 785, column 13
double r7_0;
double r2_0;
double r2_1;
double r2_2;
// generate_LoadQmlContextPropertyLookup
#ifndef QT_NO_DEBUG
aotContext->setInstructionPointer(5);
#endif
while (!aotContext->loadScopeObjectPropertyLookup(599, &r2_0)) {
#ifdef QT_NO_DEBUG
aotContext->setInstructionPointer(5);
#endif
aotContext->initLoadScopeObjectPropertyLookup(599, QMetaType::fromType<double>());
if (aotContext->engine->hasError()) {
aotContext->setReturnValueUndefined();
if (argv[0]) {
    *static_cast<double *>(argv[0]) = double();
}
return;
}
}
{
}
// generate_StoreReg
r7_0 = r2_0;
{
}
// generate_LoadQmlContextPropertyLookup
#ifndef QT_NO_DEBUG
aotContext->setInstructionPointer(12);
#endif
while (!aotContext->loadScopeObjectPropertyLookup(600, &r2_1)) {
#ifdef QT_NO_DEBUG
aotContext->setInstructionPointer(12);
#endif
aotContext->initLoadScopeObjectPropertyLookup(600, QMetaType::fromType<double>());
if (aotContext->engine->hasError()) {
aotContext->setReturnValueUndefined();
if (argv[0]) {
    *static_cast<double *>(argv[0]) = double();
}
return;
}
}
{
}
// generate_Sub
r2_2 = (r7_0 - r2_1);
{
}
{
}
// generate_Ret
if (argv[0]) {
    *static_cast<double *>(argv[0]) = r2_2;
}
return;
}
 },{ 121, 0, [](QV4::ExecutableCompilationUnit *unit, QMetaType *argTypes) {
    struct { QV4::ExecutableCompilationUnit *compilationUnit; } c { unit };
    const auto *aotContext = &c;
    Q_UNUSED(aotContext);
    argTypes[0] = QMetaType::fromType<double>();
}, 
    [](const QQmlPrivate::AOTCompiledContext *aotContext, void **argv) {
Q_UNUSED(aotContext)
Q_UNUSED(argv)
// expression for y at line 786, column 13
double r8_0;
double r2_1;
double r7_0;
double r2_0;
double r2_2;
// generate_LoadQmlContextPropertyLookup
#ifndef QT_NO_DEBUG
aotContext->setInstructionPointer(5);
#endif
while (!aotContext->loadScopeObjectPropertyLookup(601, &r2_0)) {
#ifdef QT_NO_DEBUG
aotContext->setInstructionPointer(5);
#endif
aotContext->initLoadScopeObjectPropertyLookup(601, QMetaType::fromType<double>());
if (aotContext->engine->hasError()) {
aotContext->setReturnValueUndefined();
if (argv[0]) {
    *static_cast<double *>(argv[0]) = double();
}
return;
}
}
{
}
// generate_StoreReg
r7_0 = r2_0;
{
}
// generate_LoadQmlContextPropertyLookup
#ifndef QT_NO_DEBUG
aotContext->setInstructionPointer(12);
#endif
while (!aotContext->loadScopeObjectPropertyLookup(602, &r2_1)) {
#ifdef QT_NO_DEBUG
aotContext->setInstructionPointer(12);
#endif
aotContext->initLoadScopeObjectPropertyLookup(602, QMetaType::fromType<double>());
if (aotContext->engine->hasError()) {
aotContext->setReturnValueUndefined();
if (argv[0]) {
    *static_cast<double *>(argv[0]) = double();
}
return;
}
}
{
}
// generate_Sub
r2_2 = (r7_0 - r2_1);
{
}
// generate_StoreReg
r8_0 = r2_2;
{
}
// generate_LoadInt
r2_2 = double(4);
{
}
// generate_Sub
r2_2 = (r8_0 - r2_2);
{
}
{
}
// generate_Ret
if (argv[0]) {
    *static_cast<double *>(argv[0]) = r2_2;
}
return;
}
 },{ 122, 0, [](QV4::ExecutableCompilationUnit *unit, QMetaType *argTypes) {
    struct { QV4::ExecutableCompilationUnit *compilationUnit; } c { unit };
    const auto *aotContext = &c;
    Q_UNUSED(aotContext);
    argTypes[0] = QMetaType::fromType<double>();
}, 
    [](const QQmlPrivate::AOTCompiledContext *aotContext, void **argv) {
Q_UNUSED(aotContext)
Q_UNUSED(argv)
// expression for height at line 787, column 13
QObject *r2_0;
double r2_1;
// generate_LoadQmlContextPropertyLookup
#ifndef QT_NO_DEBUG
aotContext->setInstructionPointer(5);
#endif
while (!aotContext->loadContextIdLookup(603, &r2_0)) {
#ifdef QT_NO_DEBUG
aotContext->setInstructionPointer(5);
#endif
aotContext->initLoadContextIdLookup(603);
if (aotContext->engine->hasError()) {
aotContext->setReturnValueUndefined();
if (argv[0]) {
    *static_cast<double *>(argv[0]) = double();
}
return;
}
}
{
}
// generate_GetLookup
#ifndef QT_NO_DEBUG
aotContext->setInstructionPointer(10);
#endif
while (!aotContext->getObjectLookup(604, r2_0, &r2_1)) {
#ifdef QT_NO_DEBUG
aotContext->setInstructionPointer(10);
#endif
aotContext->initGetObjectLookup(604, r2_0, QMetaType::fromType<double>());
if (aotContext->engine->hasError()) {
aotContext->setReturnValueUndefined();
if (argv[0]) {
    *static_cast<double *>(argv[0]) = double();
}
return;
}
}
{
}
{
}
// generate_Ret
if (argv[0]) {
    *static_cast<double *>(argv[0]) = r2_1;
}
return;
}
 },{ 123, 0, [](QV4::ExecutableCompilationUnit *unit, QMetaType *argTypes) {
    struct { QV4::ExecutableCompilationUnit *compilationUnit; } c { unit };
    const auto *aotContext = &c;
    Q_UNUSED(aotContext);
    argTypes[0] = QMetaType::fromType<double>();
}, 
    [](const QQmlPrivate::AOTCompiledContext *aotContext, void **argv) {
Q_UNUSED(aotContext)
Q_UNUSED(argv)
// expression for width at line 788, column 13
double r2_1;
QObject *r2_0;
// generate_LoadQmlContextPropertyLookup
#ifndef QT_NO_DEBUG
aotContext->setInstructionPointer(5);
#endif
while (!aotContext->loadContextIdLookup(605, &r2_0)) {
#ifdef QT_NO_DEBUG
aotContext->setInstructionPointer(5);
#endif
aotContext->initLoadContextIdLookup(605);
if (aotContext->engine->hasError()) {
aotContext->setReturnValueUndefined();
if (argv[0]) {
    *static_cast<double *>(argv[0]) = double();
}
return;
}
}
{
}
// generate_GetLookup
#ifndef QT_NO_DEBUG
aotContext->setInstructionPointer(10);
#endif
while (!aotContext->getObjectLookup(606, r2_0, &r2_1)) {
#ifdef QT_NO_DEBUG
aotContext->setInstructionPointer(10);
#endif
aotContext->initGetObjectLookup(606, r2_0, QMetaType::fromType<double>());
if (aotContext->engine->hasError()) {
aotContext->setReturnValueUndefined();
if (argv[0]) {
    *static_cast<double *>(argv[0]) = double();
}
return;
}
}
{
}
{
}
// generate_Ret
if (argv[0]) {
    *static_cast<double *>(argv[0]) = r2_1;
}
return;
}
 },{ 125, 0, [](QV4::ExecutableCompilationUnit *unit, QMetaType *argTypes) {
    struct { QV4::ExecutableCompilationUnit *compilationUnit; } c { unit };
    const auto *aotContext = &c;
    Q_UNUSED(aotContext);
    argTypes[0] = []() { static const auto t = QMetaType::fromName("QQuickAnchorLine"); return t; }();
}, 
    [](const QQmlPrivate::AOTCompiledContext *aotContext, void **argv) {
Q_UNUSED(aotContext)
Q_UNUSED(argv)
// expression for bottom at line 792, column 17
QVariant r2_1;
QObject *r2_0;
// generate_LoadQmlContextPropertyLookup
#ifndef QT_NO_DEBUG
aotContext->setInstructionPointer(5);
#endif
while (!aotContext->loadScopeObjectPropertyLookup(608, &r2_0)) {
#ifdef QT_NO_DEBUG
aotContext->setInstructionPointer(5);
#endif
aotContext->initLoadScopeObjectPropertyLookup(608, []() { static const auto t = QMetaType::fromName("QQuickItem*"); return t; }());
if (aotContext->engine->hasError()) {
aotContext->setReturnValueUndefined();
if (argv[0]) {
    const QMetaType returnType = []() { static const auto t = QMetaType::fromName("QQuickAnchorLine"); return t; }();
    returnType.destruct(argv[0]);
    returnType.construct(argv[0]);
 }
return;
}
}
{
}
// generate_GetLookup
#ifndef QT_NO_DEBUG
aotContext->setInstructionPointer(10);
#endif
r2_1 = QVariant(aotContext->lookupResultMetaType(609));
while (!aotContext->getObjectLookup(609, r2_0, r2_1.data())) {
#ifdef QT_NO_DEBUG
aotContext->setInstructionPointer(10);
#endif
aotContext->initGetObjectLookup(609, r2_0, r2_1.metaType());
if (aotContext->engine->hasError()) {
aotContext->setReturnValueUndefined();
if (argv[0]) {
    const QMetaType returnType = []() { static const auto t = QMetaType::fromName("QQuickAnchorLine"); return t; }();
    returnType.destruct(argv[0]);
    returnType.construct(argv[0]);
 }
return;
}
r2_1 = QVariant(aotContext->lookupResultMetaType(609));
}
{
}
{
}
// generate_Ret
if (argv[0]) {
    if (!r2_1.isValid())
        aotContext->setReturnValueUndefined();
    const QMetaType returnType = r2_1.metaType();
    returnType.destruct(argv[0]);
    returnType.construct(argv[0], r2_1.data());
}
return;
}
 },{ 126, 0, [](QV4::ExecutableCompilationUnit *unit, QMetaType *argTypes) {
    struct { QV4::ExecutableCompilationUnit *compilationUnit; } c { unit };
    const auto *aotContext = &c;
    Q_UNUSED(aotContext);
    argTypes[0] = []() { static const auto t = QMetaType::fromName("QQuickAnchorLine"); return t; }();
}, 
    [](const QQmlPrivate::AOTCompiledContext *aotContext, void **argv) {
Q_UNUSED(aotContext)
Q_UNUSED(argv)
// expression for right at line 793, column 17
QVariant r2_1;
QObject *r2_0;
// generate_LoadQmlContextPropertyLookup
#ifndef QT_NO_DEBUG
aotContext->setInstructionPointer(5);
#endif
while (!aotContext->loadScopeObjectPropertyLookup(610, &r2_0)) {
#ifdef QT_NO_DEBUG
aotContext->setInstructionPointer(5);
#endif
aotContext->initLoadScopeObjectPropertyLookup(610, []() { static const auto t = QMetaType::fromName("QQuickItem*"); return t; }());
if (aotContext->engine->hasError()) {
aotContext->setReturnValueUndefined();
if (argv[0]) {
    const QMetaType returnType = []() { static const auto t = QMetaType::fromName("QQuickAnchorLine"); return t; }();
    returnType.destruct(argv[0]);
    returnType.construct(argv[0]);
 }
return;
}
}
{
}
// generate_GetLookup
#ifndef QT_NO_DEBUG
aotContext->setInstructionPointer(10);
#endif
r2_1 = QVariant(aotContext->lookupResultMetaType(611));
while (!aotContext->getObjectLookup(611, r2_0, r2_1.data())) {
#ifdef QT_NO_DEBUG
aotContext->setInstructionPointer(10);
#endif
aotContext->initGetObjectLookup(611, r2_0, r2_1.metaType());
if (aotContext->engine->hasError()) {
aotContext->setReturnValueUndefined();
if (argv[0]) {
    const QMetaType returnType = []() { static const auto t = QMetaType::fromName("QQuickAnchorLine"); return t; }();
    returnType.destruct(argv[0]);
    returnType.construct(argv[0]);
 }
return;
}
r2_1 = QVariant(aotContext->lookupResultMetaType(611));
}
{
}
{
}
// generate_Ret
if (argv[0]) {
    if (!r2_1.isValid())
        aotContext->setReturnValueUndefined();
    const QMetaType returnType = r2_1.metaType();
    returnType.destruct(argv[0]);
    returnType.construct(argv[0], r2_1.data());
}
return;
}
 },{ 132, 0, [](QV4::ExecutableCompilationUnit *unit, QMetaType *argTypes) {
    struct { QV4::ExecutableCompilationUnit *compilationUnit; } c { unit };
    const auto *aotContext = &c;
    Q_UNUSED(aotContext);
    argTypes[0] = []() { static const auto t = QMetaType::fromName("QQuickAnchorLine"); return t; }();
}, 
    [](const QQmlPrivate::AOTCompiledContext *aotContext, void **argv) {
Q_UNUSED(aotContext)
Q_UNUSED(argv)
// expression for left at line 812, column 33
QObject *r2_0;
QVariant r2_1;
// generate_LoadQmlContextPropertyLookup
#ifndef QT_NO_DEBUG
aotContext->setInstructionPointer(5);
#endif
while (!aotContext->loadScopeObjectPropertyLookup(635, &r2_0)) {
#ifdef QT_NO_DEBUG
aotContext->setInstructionPointer(5);
#endif
aotContext->initLoadScopeObjectPropertyLookup(635, []() { static const auto t = QMetaType::fromName("QQuickItem*"); return t; }());
if (aotContext->engine->hasError()) {
aotContext->setReturnValueUndefined();
if (argv[0]) {
    const QMetaType returnType = []() { static const auto t = QMetaType::fromName("QQuickAnchorLine"); return t; }();
    returnType.destruct(argv[0]);
    returnType.construct(argv[0]);
 }
return;
}
}
{
}
// generate_GetLookup
#ifndef QT_NO_DEBUG
aotContext->setInstructionPointer(10);
#endif
r2_1 = QVariant(aotContext->lookupResultMetaType(636));
while (!aotContext->getObjectLookup(636, r2_0, r2_1.data())) {
#ifdef QT_NO_DEBUG
aotContext->setInstructionPointer(10);
#endif
aotContext->initGetObjectLookup(636, r2_0, r2_1.metaType());
if (aotContext->engine->hasError()) {
aotContext->setReturnValueUndefined();
if (argv[0]) {
    const QMetaType returnType = []() { static const auto t = QMetaType::fromName("QQuickAnchorLine"); return t; }();
    returnType.destruct(argv[0]);
    returnType.construct(argv[0]);
 }
return;
}
r2_1 = QVariant(aotContext->lookupResultMetaType(636));
}
{
}
{
}
// generate_Ret
if (argv[0]) {
    if (!r2_1.isValid())
        aotContext->setReturnValueUndefined();
    const QMetaType returnType = r2_1.metaType();
    returnType.destruct(argv[0]);
    returnType.construct(argv[0], r2_1.data());
}
return;
}
 },{ 133, 0, [](QV4::ExecutableCompilationUnit *unit, QMetaType *argTypes) {
    struct { QV4::ExecutableCompilationUnit *compilationUnit; } c { unit };
    const auto *aotContext = &c;
    Q_UNUSED(aotContext);
    argTypes[0] = []() { static const auto t = QMetaType::fromName("QQuickAnchorLine"); return t; }();
}, 
    [](const QQmlPrivate::AOTCompiledContext *aotContext, void **argv) {
Q_UNUSED(aotContext)
Q_UNUSED(argv)
// expression for right at line 813, column 33
QObject *r2_0;
QVariant r2_1;
// generate_LoadQmlContextPropertyLookup
#ifndef QT_NO_DEBUG
aotContext->setInstructionPointer(5);
#endif
while (!aotContext->loadScopeObjectPropertyLookup(637, &r2_0)) {
#ifdef QT_NO_DEBUG
aotContext->setInstructionPointer(5);
#endif
aotContext->initLoadScopeObjectPropertyLookup(637, []() { static const auto t = QMetaType::fromName("QQuickItem*"); return t; }());
if (aotContext->engine->hasError()) {
aotContext->setReturnValueUndefined();
if (argv[0]) {
    const QMetaType returnType = []() { static const auto t = QMetaType::fromName("QQuickAnchorLine"); return t; }();
    returnType.destruct(argv[0]);
    returnType.construct(argv[0]);
 }
return;
}
}
{
}
// generate_GetLookup
#ifndef QT_NO_DEBUG
aotContext->setInstructionPointer(10);
#endif
r2_1 = QVariant(aotContext->lookupResultMetaType(638));
while (!aotContext->getObjectLookup(638, r2_0, r2_1.data())) {
#ifdef QT_NO_DEBUG
aotContext->setInstructionPointer(10);
#endif
aotContext->initGetObjectLookup(638, r2_0, r2_1.metaType());
if (aotContext->engine->hasError()) {
aotContext->setReturnValueUndefined();
if (argv[0]) {
    const QMetaType returnType = []() { static const auto t = QMetaType::fromName("QQuickAnchorLine"); return t; }();
    returnType.destruct(argv[0]);
    returnType.construct(argv[0]);
 }
return;
}
r2_1 = QVariant(aotContext->lookupResultMetaType(638));
}
{
}
{
}
// generate_Ret
if (argv[0]) {
    if (!r2_1.isValid())
        aotContext->setReturnValueUndefined();
    const QMetaType returnType = r2_1.metaType();
    returnType.destruct(argv[0]);
    returnType.construct(argv[0], r2_1.data());
}
return;
}
 },{ 134, 0, [](QV4::ExecutableCompilationUnit *unit, QMetaType *argTypes) {
    struct { QV4::ExecutableCompilationUnit *compilationUnit; } c { unit };
    const auto *aotContext = &c;
    Q_UNUSED(aotContext);
    argTypes[0] = []() { static const auto t = QMetaType::fromName("QQuickAnchorLine"); return t; }();
}, 
    [](const QQmlPrivate::AOTCompiledContext *aotContext, void **argv) {
Q_UNUSED(aotContext)
Q_UNUSED(argv)
// expression for bottom at line 814, column 33
QVariant r2_1;
QObject *r2_0;
// generate_LoadQmlContextPropertyLookup
#ifndef QT_NO_DEBUG
aotContext->setInstructionPointer(5);
#endif
while (!aotContext->loadScopeObjectPropertyLookup(639, &r2_0)) {
#ifdef QT_NO_DEBUG
aotContext->setInstructionPointer(5);
#endif
aotContext->initLoadScopeObjectPropertyLookup(639, []() { static const auto t = QMetaType::fromName("QQuickItem*"); return t; }());
if (aotContext->engine->hasError()) {
aotContext->setReturnValueUndefined();
if (argv[0]) {
    const QMetaType returnType = []() { static const auto t = QMetaType::fromName("QQuickAnchorLine"); return t; }();
    returnType.destruct(argv[0]);
    returnType.construct(argv[0]);
 }
return;
}
}
{
}
// generate_GetLookup
#ifndef QT_NO_DEBUG
aotContext->setInstructionPointer(10);
#endif
r2_1 = QVariant(aotContext->lookupResultMetaType(640));
while (!aotContext->getObjectLookup(640, r2_0, r2_1.data())) {
#ifdef QT_NO_DEBUG
aotContext->setInstructionPointer(10);
#endif
aotContext->initGetObjectLookup(640, r2_0, r2_1.metaType());
if (aotContext->engine->hasError()) {
aotContext->setReturnValueUndefined();
if (argv[0]) {
    const QMetaType returnType = []() { static const auto t = QMetaType::fromName("QQuickAnchorLine"); return t; }();
    returnType.destruct(argv[0]);
    returnType.construct(argv[0]);
 }
return;
}
r2_1 = QVariant(aotContext->lookupResultMetaType(640));
}
{
}
{
}
// generate_Ret
if (argv[0]) {
    if (!r2_1.isValid())
        aotContext->setReturnValueUndefined();
    const QMetaType returnType = r2_1.metaType();
    returnType.destruct(argv[0]);
    returnType.construct(argv[0], r2_1.data());
}
return;
}
 },{ 136, 0, [](QV4::ExecutableCompilationUnit *unit, QMetaType *argTypes) {
    struct { QV4::ExecutableCompilationUnit *compilationUnit; } c { unit };
    const auto *aotContext = &c;
    Q_UNUSED(aotContext);
    argTypes[0] = []() { static const auto t = QMetaType::fromName("QQuickAnchorLine"); return t; }();
}, 
    [](const QQmlPrivate::AOTCompiledContext *aotContext, void **argv) {
Q_UNUSED(aotContext)
Q_UNUSED(argv)
// expression for right at line 829, column 13
QObject *r2_0;
QVariant r2_1;
// generate_LoadQmlContextPropertyLookup
#ifndef QT_NO_DEBUG
aotContext->setInstructionPointer(5);
#endif
while (!aotContext->loadContextIdLookup(642, &r2_0)) {
#ifdef QT_NO_DEBUG
aotContext->setInstructionPointer(5);
#endif
aotContext->initLoadContextIdLookup(642);
if (aotContext->engine->hasError()) {
aotContext->setReturnValueUndefined();
if (argv[0]) {
    const QMetaType returnType = []() { static const auto t = QMetaType::fromName("QQuickAnchorLine"); return t; }();
    returnType.destruct(argv[0]);
    returnType.construct(argv[0]);
 }
return;
}
}
{
}
// generate_GetLookup
#ifndef QT_NO_DEBUG
aotContext->setInstructionPointer(10);
#endif
r2_1 = QVariant(aotContext->lookupResultMetaType(643));
while (!aotContext->getObjectLookup(643, r2_0, r2_1.data())) {
#ifdef QT_NO_DEBUG
aotContext->setInstructionPointer(10);
#endif
aotContext->initGetObjectLookup(643, r2_0, r2_1.metaType());
if (aotContext->engine->hasError()) {
aotContext->setReturnValueUndefined();
if (argv[0]) {
    const QMetaType returnType = []() { static const auto t = QMetaType::fromName("QQuickAnchorLine"); return t; }();
    returnType.destruct(argv[0]);
    returnType.construct(argv[0]);
 }
return;
}
r2_1 = QVariant(aotContext->lookupResultMetaType(643));
}
{
}
{
}
// generate_Ret
if (argv[0]) {
    if (!r2_1.isValid())
        aotContext->setReturnValueUndefined();
    const QMetaType returnType = r2_1.metaType();
    returnType.destruct(argv[0]);
    returnType.construct(argv[0], r2_1.data());
}
return;
}
 },{ 137, 0, [](QV4::ExecutableCompilationUnit *unit, QMetaType *argTypes) {
    struct { QV4::ExecutableCompilationUnit *compilationUnit; } c { unit };
    const auto *aotContext = &c;
    Q_UNUSED(aotContext);
    argTypes[0] = []() { static const auto t = QMetaType::fromName("QQuickAnchorLine"); return t; }();
}, 
    [](const QQmlPrivate::AOTCompiledContext *aotContext, void **argv) {
Q_UNUSED(aotContext)
Q_UNUSED(argv)
// expression for bottom at line 831, column 13
QObject *r2_0;
QVariant r2_1;
// generate_LoadQmlContextPropertyLookup
#ifndef QT_NO_DEBUG
aotContext->setInstructionPointer(5);
#endif
while (!aotContext->loadContextIdLookup(644, &r2_0)) {
#ifdef QT_NO_DEBUG
aotContext->setInstructionPointer(5);
#endif
aotContext->initLoadContextIdLookup(644);
if (aotContext->engine->hasError()) {
aotContext->setReturnValueUndefined();
if (argv[0]) {
    const QMetaType returnType = []() { static const auto t = QMetaType::fromName("QQuickAnchorLine"); return t; }();
    returnType.destruct(argv[0]);
    returnType.construct(argv[0]);
 }
return;
}
}
{
}
// generate_GetLookup
#ifndef QT_NO_DEBUG
aotContext->setInstructionPointer(10);
#endif
r2_1 = QVariant(aotContext->lookupResultMetaType(645));
while (!aotContext->getObjectLookup(645, r2_0, r2_1.data())) {
#ifdef QT_NO_DEBUG
aotContext->setInstructionPointer(10);
#endif
aotContext->initGetObjectLookup(645, r2_0, r2_1.metaType());
if (aotContext->engine->hasError()) {
aotContext->setReturnValueUndefined();
if (argv[0]) {
    const QMetaType returnType = []() { static const auto t = QMetaType::fromName("QQuickAnchorLine"); return t; }();
    returnType.destruct(argv[0]);
    returnType.construct(argv[0]);
 }
return;
}
r2_1 = QVariant(aotContext->lookupResultMetaType(645));
}
{
}
{
}
// generate_Ret
if (argv[0]) {
    if (!r2_1.isValid())
        aotContext->setReturnValueUndefined();
    const QMetaType returnType = r2_1.metaType();
    returnType.destruct(argv[0]);
    returnType.construct(argv[0], r2_1.data());
}
return;
}
 },{ 154, 0, [](QV4::ExecutableCompilationUnit *unit, QMetaType *argTypes) {
    struct { QV4::ExecutableCompilationUnit *compilationUnit; } c { unit };
    const auto *aotContext = &c;
    Q_UNUSED(aotContext);
    argTypes[0] = QMetaType::fromType<double>();
}, 
    [](const QQmlPrivate::AOTCompiledContext *aotContext, void **argv) {
Q_UNUSED(aotContext)
Q_UNUSED(argv)
// expression for radius at line 891, column 17
double r7_0;
double r2_0;
double r2_1;
// generate_LoadQmlContextPropertyLookup
#ifndef QT_NO_DEBUG
aotContext->setInstructionPointer(5);
#endif
while (!aotContext->loadScopeObjectPropertyLookup(720, &r2_0)) {
#ifdef QT_NO_DEBUG
aotContext->setInstructionPointer(5);
#endif
aotContext->initLoadScopeObjectPropertyLookup(720, QMetaType::fromType<double>());
if (aotContext->engine->hasError()) {
aotContext->setReturnValueUndefined();
if (argv[0]) {
    *static_cast<double *>(argv[0]) = double();
}
return;
}
}
{
}
// generate_StoreReg
r7_0 = r2_0;
{
}
// generate_LoadInt
r2_1 = double(2);
{
}
// generate_Div
r2_1 = (r7_0 / r2_1);
{
}
{
}
// generate_Ret
if (argv[0]) {
    *static_cast<double *>(argv[0]) = r2_1;
}
return;
}
 },{ 157, 0, [](QV4::ExecutableCompilationUnit *unit, QMetaType *argTypes) {
    struct { QV4::ExecutableCompilationUnit *compilationUnit; } c { unit };
    const auto *aotContext = &c;
    Q_UNUSED(aotContext);
    argTypes[0] = QMetaType::fromType<double>();
}, 
    [](const QQmlPrivate::AOTCompiledContext *aotContext, void **argv) {
Q_UNUSED(aotContext)
Q_UNUSED(argv)
// expression for radius at line 901, column 21
double r2_1;
double r7_0;
double r2_0;
// generate_LoadQmlContextPropertyLookup
#ifndef QT_NO_DEBUG
aotContext->setInstructionPointer(5);
#endif
while (!aotContext->loadScopeObjectPropertyLookup(725, &r2_0)) {
#ifdef QT_NO_DEBUG
aotContext->setInstructionPointer(5);
#endif
aotContext->initLoadScopeObjectPropertyLookup(725, QMetaType::fromType<double>());
if (aotContext->engine->hasError()) {
aotContext->setReturnValueUndefined();
if (argv[0]) {
    *static_cast<double *>(argv[0]) = double();
}
return;
}
}
{
}
// generate_StoreReg
r7_0 = r2_0;
{
}
// generate_LoadInt
r2_1 = double(2);
{
}
// generate_Div
r2_1 = (r7_0 / r2_1);
{
}
{
}
// generate_Ret
if (argv[0]) {
    *static_cast<double *>(argv[0]) = r2_1;
}
return;
}
 },{ 159, 0, [](QV4::ExecutableCompilationUnit *unit, QMetaType *argTypes) {
    struct { QV4::ExecutableCompilationUnit *compilationUnit; } c { unit };
    const auto *aotContext = &c;
    Q_UNUSED(aotContext);
    argTypes[0] = []() { static const auto t = QMetaType::fromName("QQuickAnchorLine"); return t; }();
}, 
    [](const QQmlPrivate::AOTCompiledContext *aotContext, void **argv) {
Q_UNUSED(aotContext)
Q_UNUSED(argv)
// expression for verticalCenter at line 902, column 21
QObject *r2_0;
QVariant r2_1;
// generate_LoadQmlContextPropertyLookup
#ifndef QT_NO_DEBUG
aotContext->setInstructionPointer(5);
#endif
while (!aotContext->loadScopeObjectPropertyLookup(731, &r2_0)) {
#ifdef QT_NO_DEBUG
aotContext->setInstructionPointer(5);
#endif
aotContext->initLoadScopeObjectPropertyLookup(731, []() { static const auto t = QMetaType::fromName("QQuickItem*"); return t; }());
if (aotContext->engine->hasError()) {
aotContext->setReturnValueUndefined();
if (argv[0]) {
    const QMetaType returnType = []() { static const auto t = QMetaType::fromName("QQuickAnchorLine"); return t; }();
    returnType.destruct(argv[0]);
    returnType.construct(argv[0]);
 }
return;
}
}
{
}
// generate_GetLookup
#ifndef QT_NO_DEBUG
aotContext->setInstructionPointer(10);
#endif
r2_1 = QVariant(aotContext->lookupResultMetaType(732));
while (!aotContext->getObjectLookup(732, r2_0, r2_1.data())) {
#ifdef QT_NO_DEBUG
aotContext->setInstructionPointer(10);
#endif
aotContext->initGetObjectLookup(732, r2_0, r2_1.metaType());
if (aotContext->engine->hasError()) {
aotContext->setReturnValueUndefined();
if (argv[0]) {
    const QMetaType returnType = []() { static const auto t = QMetaType::fromName("QQuickAnchorLine"); return t; }();
    returnType.destruct(argv[0]);
    returnType.construct(argv[0]);
 }
return;
}
r2_1 = QVariant(aotContext->lookupResultMetaType(732));
}
{
}
{
}
// generate_Ret
if (argv[0]) {
    if (!r2_1.isValid())
        aotContext->setReturnValueUndefined();
    const QMetaType returnType = r2_1.metaType();
    returnType.destruct(argv[0]);
    returnType.construct(argv[0], r2_1.data());
}
return;
}
 },{ 160, 0, [](QV4::ExecutableCompilationUnit *unit, QMetaType *argTypes) {
    struct { QV4::ExecutableCompilationUnit *compilationUnit; } c { unit };
    const auto *aotContext = &c;
    Q_UNUSED(aotContext);
    argTypes[0] = []() { static const auto t = QMetaType::fromName("QQmlEasingEnums::Type"); return t; }();
}, 
    [](const QQmlPrivate::AOTCompiledContext *aotContext, void **argv) {
Q_UNUSED(aotContext)
Q_UNUSED(argv)
// expression for type at line 907, column 70
int r2_0;
{
}
// generate_GetLookup
#ifndef QT_NO_DEBUG
aotContext->setInstructionPointer(10);
#endif
while (!aotContext->getEnumLookup(734, &r2_0)) {
#ifdef QT_NO_DEBUG
aotContext->setInstructionPointer(10);
#endif
aotContext->initGetEnumLookup(734, []() { static const auto t = QMetaType::fromName("QQmlEasingEnums"); return t; }().metaObject(), "Type", "InOutQuad");
if (aotContext->engine->hasError()) {
aotContext->setReturnValueUndefined();
if (argv[0]) {
    const QMetaType returnType = []() { static const auto t = QMetaType::fromName("QQmlEasingEnums::Type"); return t; }();
    returnType.destruct(argv[0]);
    returnType.construct(argv[0]);
 }
return;
}
}
{
}
{
}
// generate_Ret
if (argv[0]) {
    const QMetaType returnType = QMetaType::fromType<int>();
    returnType.destruct(argv[0]);
    returnType.construct(argv[0], &r2_0);
}
return;
}
 },{ 162, 0, [](QV4::ExecutableCompilationUnit *unit, QMetaType *argTypes) {
    struct { QV4::ExecutableCompilationUnit *compilationUnit; } c { unit };
    const auto *aotContext = &c;
    Q_UNUSED(aotContext);
    argTypes[0] = []() { static const auto t = QMetaType::fromName("QQuickAnchorLine"); return t; }();
}, 
    [](const QQmlPrivate::AOTCompiledContext *aotContext, void **argv) {
Q_UNUSED(aotContext)
Q_UNUSED(argv)
// expression for right at line 921, column 13
QObject *r2_0;
QVariant r2_1;
// generate_LoadQmlContextPropertyLookup
#ifndef QT_NO_DEBUG
aotContext->setInstructionPointer(5);
#endif
while (!aotContext->loadContextIdLookup(740, &r2_0)) {
#ifdef QT_NO_DEBUG
aotContext->setInstructionPointer(5);
#endif
aotContext->initLoadContextIdLookup(740);
if (aotContext->engine->hasError()) {
aotContext->setReturnValueUndefined();
if (argv[0]) {
    const QMetaType returnType = []() { static const auto t = QMetaType::fromName("QQuickAnchorLine"); return t; }();
    returnType.destruct(argv[0]);
    returnType.construct(argv[0]);
 }
return;
}
}
{
}
// generate_GetLookup
#ifndef QT_NO_DEBUG
aotContext->setInstructionPointer(10);
#endif
r2_1 = QVariant(aotContext->lookupResultMetaType(741));
while (!aotContext->getObjectLookup(741, r2_0, r2_1.data())) {
#ifdef QT_NO_DEBUG
aotContext->setInstructionPointer(10);
#endif
aotContext->initGetObjectLookup(741, r2_0, r2_1.metaType());
if (aotContext->engine->hasError()) {
aotContext->setReturnValueUndefined();
if (argv[0]) {
    const QMetaType returnType = []() { static const auto t = QMetaType::fromName("QQuickAnchorLine"); return t; }();
    returnType.destruct(argv[0]);
    returnType.construct(argv[0]);
 }
return;
}
r2_1 = QVariant(aotContext->lookupResultMetaType(741));
}
{
}
{
}
// generate_Ret
if (argv[0]) {
    if (!r2_1.isValid())
        aotContext->setReturnValueUndefined();
    const QMetaType returnType = r2_1.metaType();
    returnType.destruct(argv[0]);
    returnType.construct(argv[0], r2_1.data());
}
return;
}
 },{ 163, 0, [](QV4::ExecutableCompilationUnit *unit, QMetaType *argTypes) {
    struct { QV4::ExecutableCompilationUnit *compilationUnit; } c { unit };
    const auto *aotContext = &c;
    Q_UNUSED(aotContext);
    argTypes[0] = []() { static const auto t = QMetaType::fromName("QQuickAnchorLine"); return t; }();
}, 
    [](const QQmlPrivate::AOTCompiledContext *aotContext, void **argv) {
Q_UNUSED(aotContext)
Q_UNUSED(argv)
// expression for bottom at line 923, column 13
QVariant r2_1;
QObject *r2_0;
// generate_LoadQmlContextPropertyLookup
#ifndef QT_NO_DEBUG
aotContext->setInstructionPointer(5);
#endif
while (!aotContext->loadContextIdLookup(742, &r2_0)) {
#ifdef QT_NO_DEBUG
aotContext->setInstructionPointer(5);
#endif
aotContext->initLoadContextIdLookup(742);
if (aotContext->engine->hasError()) {
aotContext->setReturnValueUndefined();
if (argv[0]) {
    const QMetaType returnType = []() { static const auto t = QMetaType::fromName("QQuickAnchorLine"); return t; }();
    returnType.destruct(argv[0]);
    returnType.construct(argv[0]);
 }
return;
}
}
{
}
// generate_GetLookup
#ifndef QT_NO_DEBUG
aotContext->setInstructionPointer(10);
#endif
r2_1 = QVariant(aotContext->lookupResultMetaType(743));
while (!aotContext->getObjectLookup(743, r2_0, r2_1.data())) {
#ifdef QT_NO_DEBUG
aotContext->setInstructionPointer(10);
#endif
aotContext->initGetObjectLookup(743, r2_0, r2_1.metaType());
if (aotContext->engine->hasError()) {
aotContext->setReturnValueUndefined();
if (argv[0]) {
    const QMetaType returnType = []() { static const auto t = QMetaType::fromName("QQuickAnchorLine"); return t; }();
    returnType.destruct(argv[0]);
    returnType.construct(argv[0]);
 }
return;
}
r2_1 = QVariant(aotContext->lookupResultMetaType(743));
}
{
}
{
}
// generate_Ret
if (argv[0]) {
    if (!r2_1.isValid())
        aotContext->setReturnValueUndefined();
    const QMetaType returnType = r2_1.metaType();
    returnType.destruct(argv[0]);
    returnType.construct(argv[0], r2_1.data());
}
return;
}
 },{ 180, 0, [](QV4::ExecutableCompilationUnit *unit, QMetaType *argTypes) {
    struct { QV4::ExecutableCompilationUnit *compilationUnit; } c { unit };
    const auto *aotContext = &c;
    Q_UNUSED(aotContext);
    argTypes[0] = QMetaType::fromType<double>();
}, 
    [](const QQmlPrivate::AOTCompiledContext *aotContext, void **argv) {
Q_UNUSED(aotContext)
Q_UNUSED(argv)
// expression for width at line 1023, column 13
double r2_1;
QObject *r2_0;
// generate_LoadQmlContextPropertyLookup
#ifndef QT_NO_DEBUG
aotContext->setInstructionPointer(5);
#endif
while (!aotContext->loadContextIdLookup(799, &r2_0)) {
#ifdef QT_NO_DEBUG
aotContext->setInstructionPointer(5);
#endif
aotContext->initLoadContextIdLookup(799);
if (aotContext->engine->hasError()) {
aotContext->setReturnValueUndefined();
if (argv[0]) {
    *static_cast<double *>(argv[0]) = double();
}
return;
}
}
{
}
// generate_GetLookup
#ifndef QT_NO_DEBUG
aotContext->setInstructionPointer(10);
#endif
while (!aotContext->getObjectLookup(800, r2_0, &r2_1)) {
#ifdef QT_NO_DEBUG
aotContext->setInstructionPointer(10);
#endif
aotContext->initGetObjectLookup(800, r2_0, QMetaType::fromType<double>());
if (aotContext->engine->hasError()) {
aotContext->setReturnValueUndefined();
if (argv[0]) {
    *static_cast<double *>(argv[0]) = double();
}
return;
}
}
{
}
{
}
// generate_Ret
if (argv[0]) {
    *static_cast<double *>(argv[0]) = r2_1;
}
return;
}
 },{ 181, 0, [](QV4::ExecutableCompilationUnit *unit, QMetaType *argTypes) {
    struct { QV4::ExecutableCompilationUnit *compilationUnit; } c { unit };
    const auto *aotContext = &c;
    Q_UNUSED(aotContext);
    argTypes[0] = QMetaType::fromType<double>();
}, 
    [](const QQmlPrivate::AOTCompiledContext *aotContext, void **argv) {
Q_UNUSED(aotContext)
Q_UNUSED(argv)
// expression for height at line 1024, column 13
double r2_1;
QObject *r2_0;
// generate_LoadQmlContextPropertyLookup
#ifndef QT_NO_DEBUG
aotContext->setInstructionPointer(5);
#endif
while (!aotContext->loadContextIdLookup(801, &r2_0)) {
#ifdef QT_NO_DEBUG
aotContext->setInstructionPointer(5);
#endif
aotContext->initLoadContextIdLookup(801);
if (aotContext->engine->hasError()) {
aotContext->setReturnValueUndefined();
if (argv[0]) {
    *static_cast<double *>(argv[0]) = double();
}
return;
}
}
{
}
// generate_GetLookup
#ifndef QT_NO_DEBUG
aotContext->setInstructionPointer(10);
#endif
while (!aotContext->getObjectLookup(802, r2_0, &r2_1)) {
#ifdef QT_NO_DEBUG
aotContext->setInstructionPointer(10);
#endif
aotContext->initGetObjectLookup(802, r2_0, QMetaType::fromType<double>());
if (aotContext->engine->hasError()) {
aotContext->setReturnValueUndefined();
if (argv[0]) {
    *static_cast<double *>(argv[0]) = double();
}
return;
}
}
{
}
{
}
// generate_Ret
if (argv[0]) {
    *static_cast<double *>(argv[0]) = r2_1;
}
return;
}
 },{ 182, 0, [](QV4::ExecutableCompilationUnit *unit, QMetaType *argTypes) {
    struct { QV4::ExecutableCompilationUnit *compilationUnit; } c { unit };
    const auto *aotContext = &c;
    Q_UNUSED(aotContext);
    argTypes[0] = QMetaType::fromType<double>();
}, 
    [](const QQmlPrivate::AOTCompiledContext *aotContext, void **argv) {
Q_UNUSED(aotContext)
Q_UNUSED(argv)
// expression for x at line 1025, column 13
double r2_4;
double r13_0;
double r12_0;
double r14_0;
QObject *r2_0;
double r2_3;
double r2_1;
double r11_0;
double r2_2;
double r10_0;
{
}
{
}
// generate_MoveConst
r10_0 = double(24);
{
}
// generate_LoadQmlContextPropertyLookup
#ifndef QT_NO_DEBUG
aotContext->setInstructionPointer(15);
#endif
while (!aotContext->loadContextIdLookup(804, &r2_0)) {
#ifdef QT_NO_DEBUG
aotContext->setInstructionPointer(15);
#endif
aotContext->initLoadContextIdLookup(804);
if (aotContext->engine->hasError()) {
aotContext->setReturnValueUndefined();
if (argv[0]) {
    *static_cast<double *>(argv[0]) = double();
}
return;
}
}
{
}
// generate_GetLookup
#ifndef QT_NO_DEBUG
aotContext->setInstructionPointer(20);
#endif
while (!aotContext->getObjectLookup(805, r2_0, &r2_1)) {
#ifdef QT_NO_DEBUG
aotContext->setInstructionPointer(20);
#endif
aotContext->initGetObjectLookup(805, r2_0, QMetaType::fromType<double>());
if (aotContext->engine->hasError()) {
aotContext->setReturnValueUndefined();
if (argv[0]) {
    *static_cast<double *>(argv[0]) = double();
}
return;
}
}
{
}
// generate_StoreReg
r12_0 = r2_1;
{
}
// generate_LoadQmlContextPropertyLookup
{
int retrieved;
#ifndef QT_NO_DEBUG
aotContext->setInstructionPointer(27);
#endif
while (!aotContext->loadScopeObjectPropertyLookup(806, &retrieved)) {
#ifdef QT_NO_DEBUG
aotContext->setInstructionPointer(27);
#endif
aotContext->initLoadScopeObjectPropertyLookup(806, QMetaType::fromType<int>());
if (aotContext->engine->hasError()) {
aotContext->setReturnValueUndefined();
if (argv[0]) {
    *static_cast<double *>(argv[0]) = double();
}
return;
}
}
r2_2 = double(std::move(retrieved));
}
{
}
// generate_Sub
r2_3 = (r12_0 - r2_2);
{
}
// generate_StoreReg
r13_0 = r2_3;
{
}
// generate_LoadQmlContextPropertyLookup
#ifndef QT_NO_DEBUG
aotContext->setInstructionPointer(36);
#endif
while (!aotContext->loadScopeObjectPropertyLookup(807, &r2_4)) {
#ifdef QT_NO_DEBUG
aotContext->setInstructionPointer(36);
#endif
aotContext->initLoadScopeObjectPropertyLookup(807, QMetaType::fromType<double>());
if (aotContext->engine->hasError()) {
aotContext->setReturnValueUndefined();
if (argv[0]) {
    *static_cast<double *>(argv[0]) = double();
}
return;
}
}
{
}
// generate_Sub
r2_3 = (r13_0 - r2_4);
{
}
// generate_StoreReg
r14_0 = r2_3;
{
}
// generate_LoadInt
r2_3 = double(88);
{
}
// generate_Sub
r2_3 = (r14_0 - r2_3);
{
}
// generate_StoreReg
r11_0 = r2_3;
{
}
// generate_CallPropertyLookup
{
const double arg1 = r10_0;
const double arg2 = r11_0;
r2_3 = [&]() { 
auto  tmpMax = (qIsNull(arg2) && qIsNull(arg1) && std::copysign(1.0, arg2) == 1) ? arg2 : ((arg2 > arg1 || std::isnan(arg2)) ? arg2 : arg1);
return tmpMax;
}();
}
{
}
{
}
// generate_Ret
if (argv[0]) {
    *static_cast<double *>(argv[0]) = r2_3;
}
return;
}
 },{ 183, 0, [](QV4::ExecutableCompilationUnit *unit, QMetaType *argTypes) {
    struct { QV4::ExecutableCompilationUnit *compilationUnit; } c { unit };
    const auto *aotContext = &c;
    Q_UNUSED(aotContext);
    argTypes[0] = QMetaType::fromType<double>();
}, 
    [](const QQmlPrivate::AOTCompiledContext *aotContext, void **argv) {
Q_UNUSED(aotContext)
Q_UNUSED(argv)
// expression for y at line 1026, column 13
double r8_0;
QObject *r2_0;
double r2_3;
double r2_4;
QObject *r2_2;
double r2_1;
double r7_0;
double r9_0;
double r2_5;
// generate_LoadQmlContextPropertyLookup
#ifndef QT_NO_DEBUG
aotContext->setInstructionPointer(5);
#endif
while (!aotContext->loadContextIdLookup(809, &r2_0)) {
#ifdef QT_NO_DEBUG
aotContext->setInstructionPointer(5);
#endif
aotContext->initLoadContextIdLookup(809);
if (aotContext->engine->hasError()) {
aotContext->setReturnValueUndefined();
if (argv[0]) {
    *static_cast<double *>(argv[0]) = double();
}
return;
}
}
{
}
// generate_GetLookup
#ifndef QT_NO_DEBUG
aotContext->setInstructionPointer(10);
#endif
while (!aotContext->getObjectLookup(810, r2_0, &r2_1)) {
#ifdef QT_NO_DEBUG
aotContext->setInstructionPointer(10);
#endif
aotContext->initGetObjectLookup(810, r2_0, QMetaType::fromType<double>());
if (aotContext->engine->hasError()) {
aotContext->setReturnValueUndefined();
if (argv[0]) {
    *static_cast<double *>(argv[0]) = double();
}
return;
}
}
{
}
// generate_StoreReg
r7_0 = r2_1;
{
}
// generate_LoadQmlContextPropertyLookup
#ifndef QT_NO_DEBUG
aotContext->setInstructionPointer(17);
#endif
while (!aotContext->loadContextIdLookup(811, &r2_2)) {
#ifdef QT_NO_DEBUG
aotContext->setInstructionPointer(17);
#endif
aotContext->initLoadContextIdLookup(811);
if (aotContext->engine->hasError()) {
aotContext->setReturnValueUndefined();
if (argv[0]) {
    *static_cast<double *>(argv[0]) = double();
}
return;
}
}
{
}
// generate_GetLookup
#ifndef QT_NO_DEBUG
aotContext->setInstructionPointer(22);
#endif
while (!aotContext->getObjectLookup(812, r2_2, &r2_3)) {
#ifdef QT_NO_DEBUG
aotContext->setInstructionPointer(22);
#endif
aotContext->initGetObjectLookup(812, r2_2, QMetaType::fromType<double>());
if (aotContext->engine->hasError()) {
aotContext->setReturnValueUndefined();
if (argv[0]) {
    *static_cast<double *>(argv[0]) = double();
}
return;
}
}
{
}
// generate_Add
r2_4 = (r7_0 + r2_3);
{
}
// generate_StoreReg
r8_0 = r2_4;
{
}
// generate_LoadQmlContextPropertyLookup
#ifndef QT_NO_DEBUG
aotContext->setInstructionPointer(31);
#endif
while (!aotContext->loadScopeObjectPropertyLookup(813, &r2_5)) {
#ifdef QT_NO_DEBUG
aotContext->setInstructionPointer(31);
#endif
aotContext->initLoadScopeObjectPropertyLookup(813, QMetaType::fromType<double>());
if (aotContext->engine->hasError()) {
aotContext->setReturnValueUndefined();
if (argv[0]) {
    *static_cast<double *>(argv[0]) = double();
}
return;
}
}
{
}
// generate_Sub
r2_4 = (r8_0 - r2_5);
{
}
// generate_StoreReg
r9_0 = r2_4;
{
}
// generate_LoadInt
r2_4 = double(4);
{
}
// generate_Add
r2_4 = (r9_0 + r2_4);
{
}
{
}
// generate_Ret
if (argv[0]) {
    *static_cast<double *>(argv[0]) = r2_4;
}
return;
}
 },{ 184, 0, [](QV4::ExecutableCompilationUnit *unit, QMetaType *argTypes) {
    struct { QV4::ExecutableCompilationUnit *compilationUnit; } c { unit };
    const auto *aotContext = &c;
    Q_UNUSED(aotContext);
    argTypes[0] = QMetaType::fromType<bool>();
}, 
    [](const QQmlPrivate::AOTCompiledContext *aotContext, void **argv) {
Q_UNUSED(aotContext)
Q_UNUSED(argv)
// expression for visible at line 1027, column 13
QObject *r2_0;
bool r2_1;
// generate_LoadQmlContextPropertyLookup
#ifndef QT_NO_DEBUG
aotContext->setInstructionPointer(5);
#endif
while (!aotContext->loadContextIdLookup(814, &r2_0)) {
#ifdef QT_NO_DEBUG
aotContext->setInstructionPointer(5);
#endif
aotContext->initLoadContextIdLookup(814);
if (aotContext->engine->hasError()) {
aotContext->setReturnValueUndefined();
if (argv[0]) {
    *static_cast<bool *>(argv[0]) = bool();
}
return;
}
}
{
}
// generate_GetLookup
#ifndef QT_NO_DEBUG
aotContext->setInstructionPointer(10);
#endif
while (!aotContext->getObjectLookup(815, r2_0, &r2_1)) {
#ifdef QT_NO_DEBUG
aotContext->setInstructionPointer(10);
#endif
aotContext->initGetObjectLookup(815, r2_0, QMetaType::fromType<bool>());
if (aotContext->engine->hasError()) {
aotContext->setReturnValueUndefined();
if (argv[0]) {
    *static_cast<bool *>(argv[0]) = bool();
}
return;
}
}
{
}
{
}
// generate_Ret
if (argv[0]) {
    *static_cast<bool *>(argv[0]) = r2_1;
}
return;
}
 },{ 191, 0, [](QV4::ExecutableCompilationUnit *unit, QMetaType *argTypes) {
    struct { QV4::ExecutableCompilationUnit *compilationUnit; } c { unit };
    const auto *aotContext = &c;
    Q_UNUSED(aotContext);
    argTypes[0] = []() { static const auto t = QMetaType::fromName("QQuickText::HAlignment"); return t; }();
}, 
    [](const QQmlPrivate::AOTCompiledContext *aotContext, void **argv) {
Q_UNUSED(aotContext)
Q_UNUSED(argv)
// expression for horizontalAlignment at line 1053, column 29
int r2_0;
{
}
// generate_GetLookup
#ifndef QT_NO_DEBUG
aotContext->setInstructionPointer(10);
#endif
while (!aotContext->getEnumLookup(840, &r2_0)) {
#ifdef QT_NO_DEBUG
aotContext->setInstructionPointer(10);
#endif
aotContext->initGetEnumLookup(840, []() { static const auto t = QMetaType::fromName("QQuickText*"); return t; }().metaObject(), "HAlignment", "AlignHCenter");
if (aotContext->engine->hasError()) {
aotContext->setReturnValueUndefined();
if (argv[0]) {
    const QMetaType returnType = []() { static const auto t = QMetaType::fromName("QQuickText::HAlignment"); return t; }();
    returnType.destruct(argv[0]);
    returnType.construct(argv[0]);
 }
return;
}
}
{
}
{
}
// generate_Ret
if (argv[0]) {
    const QMetaType returnType = QMetaType::fromType<int>();
    returnType.destruct(argv[0]);
    returnType.construct(argv[0], &r2_0);
}
return;
}
 },{ 192, 0, [](QV4::ExecutableCompilationUnit *unit, QMetaType *argTypes) {
    struct { QV4::ExecutableCompilationUnit *compilationUnit; } c { unit };
    const auto *aotContext = &c;
    Q_UNUSED(aotContext);
    argTypes[0] = []() { static const auto t = QMetaType::fromName("QQuickText::VAlignment"); return t; }();
}, 
    [](const QQmlPrivate::AOTCompiledContext *aotContext, void **argv) {
Q_UNUSED(aotContext)
Q_UNUSED(argv)
// expression for verticalAlignment at line 1054, column 29
int r2_0;
{
}
// generate_GetLookup
#ifndef QT_NO_DEBUG
aotContext->setInstructionPointer(10);
#endif
while (!aotContext->getEnumLookup(842, &r2_0)) {
#ifdef QT_NO_DEBUG
aotContext->setInstructionPointer(10);
#endif
aotContext->initGetEnumLookup(842, []() { static const auto t = QMetaType::fromName("QQuickText*"); return t; }().metaObject(), "VAlignment", "AlignVCenter");
if (aotContext->engine->hasError()) {
aotContext->setReturnValueUndefined();
if (argv[0]) {
    const QMetaType returnType = []() { static const auto t = QMetaType::fromName("QQuickText::VAlignment"); return t; }();
    returnType.destruct(argv[0]);
    returnType.construct(argv[0]);
 }
return;
}
}
{
}
{
}
// generate_Ret
if (argv[0]) {
    const QMetaType returnType = QMetaType::fromType<int>();
    returnType.destruct(argv[0]);
    returnType.construct(argv[0], &r2_0);
}
return;
}
 },{ 195, 0, [](QV4::ExecutableCompilationUnit *unit, QMetaType *argTypes) {
    struct { QV4::ExecutableCompilationUnit *compilationUnit; } c { unit };
    const auto *aotContext = &c;
    Q_UNUSED(aotContext);
    argTypes[0] = []() { static const auto t = QMetaType::fromName("QQuickAnchorLine"); return t; }();
}, 
    [](const QQmlPrivate::AOTCompiledContext *aotContext, void **argv) {
Q_UNUSED(aotContext)
Q_UNUSED(argv)
// expression for verticalCenter at line 1066, column 25
QVariant r2_1;
QObject *r2_0;
// generate_LoadQmlContextPropertyLookup
#ifndef QT_NO_DEBUG
aotContext->setInstructionPointer(5);
#endif
while (!aotContext->loadScopeObjectPropertyLookup(847, &r2_0)) {
#ifdef QT_NO_DEBUG
aotContext->setInstructionPointer(5);
#endif
aotContext->initLoadScopeObjectPropertyLookup(847, []() { static const auto t = QMetaType::fromName("QQuickItem*"); return t; }());
if (aotContext->engine->hasError()) {
aotContext->setReturnValueUndefined();
if (argv[0]) {
    const QMetaType returnType = []() { static const auto t = QMetaType::fromName("QQuickAnchorLine"); return t; }();
    returnType.destruct(argv[0]);
    returnType.construct(argv[0]);
 }
return;
}
}
{
}
// generate_GetLookup
#ifndef QT_NO_DEBUG
aotContext->setInstructionPointer(10);
#endif
r2_1 = QVariant(aotContext->lookupResultMetaType(848));
while (!aotContext->getObjectLookup(848, r2_0, r2_1.data())) {
#ifdef QT_NO_DEBUG
aotContext->setInstructionPointer(10);
#endif
aotContext->initGetObjectLookup(848, r2_0, r2_1.metaType());
if (aotContext->engine->hasError()) {
aotContext->setReturnValueUndefined();
if (argv[0]) {
    const QMetaType returnType = []() { static const auto t = QMetaType::fromName("QQuickAnchorLine"); return t; }();
    returnType.destruct(argv[0]);
    returnType.construct(argv[0]);
 }
return;
}
r2_1 = QVariant(aotContext->lookupResultMetaType(848));
}
{
}
{
}
// generate_Ret
if (argv[0]) {
    if (!r2_1.isValid())
        aotContext->setReturnValueUndefined();
    const QMetaType returnType = r2_1.metaType();
    returnType.destruct(argv[0]);
    returnType.construct(argv[0], r2_1.data());
}
return;
}
 },{ 199, 0, [](QV4::ExecutableCompilationUnit *unit, QMetaType *argTypes) {
    struct { QV4::ExecutableCompilationUnit *compilationUnit; } c { unit };
    const auto *aotContext = &c;
    Q_UNUSED(aotContext);
    argTypes[0] = QMetaType::fromType<double>();
}, 
    [](const QQmlPrivate::AOTCompiledContext *aotContext, void **argv) {
Q_UNUSED(aotContext)
Q_UNUSED(argv)
// expression for height at line 1076, column 37
QObject *r2_0;
double r2_1;
// generate_LoadQmlContextPropertyLookup
#ifndef QT_NO_DEBUG
aotContext->setInstructionPointer(5);
#endif
while (!aotContext->loadContextIdLookup(866, &r2_0)) {
#ifdef QT_NO_DEBUG
aotContext->setInstructionPointer(5);
#endif
aotContext->initLoadContextIdLookup(866);
if (aotContext->engine->hasError()) {
aotContext->setReturnValueUndefined();
if (argv[0]) {
    *static_cast<double *>(argv[0]) = double();
}
return;
}
}
{
}
// generate_GetLookup
#ifndef QT_NO_DEBUG
aotContext->setInstructionPointer(10);
#endif
while (!aotContext->getObjectLookup(867, r2_0, &r2_1)) {
#ifdef QT_NO_DEBUG
aotContext->setInstructionPointer(10);
#endif
aotContext->initGetObjectLookup(867, r2_0, QMetaType::fromType<double>());
if (aotContext->engine->hasError()) {
aotContext->setReturnValueUndefined();
if (argv[0]) {
    *static_cast<double *>(argv[0]) = double();
}
return;
}
}
{
}
{
}
// generate_Ret
if (argv[0]) {
    *static_cast<double *>(argv[0]) = r2_1;
}
return;
}
 },{ 202, 0, [](QV4::ExecutableCompilationUnit *unit, QMetaType *argTypes) {
    struct { QV4::ExecutableCompilationUnit *compilationUnit; } c { unit };
    const auto *aotContext = &c;
    Q_UNUSED(aotContext);
    argTypes[0] = []() { static const auto t = QMetaType::fromName("QQuickAnchorLine"); return t; }();
}, 
    [](const QQmlPrivate::AOTCompiledContext *aotContext, void **argv) {
Q_UNUSED(aotContext)
Q_UNUSED(argv)
// expression for horizontalCenter at line 1083, column 41
QObject *r2_0;
QVariant r2_1;
// generate_LoadQmlContextPropertyLookup
#ifndef QT_NO_DEBUG
aotContext->setInstructionPointer(5);
#endif
while (!aotContext->loadScopeObjectPropertyLookup(874, &r2_0)) {
#ifdef QT_NO_DEBUG
aotContext->setInstructionPointer(5);
#endif
aotContext->initLoadScopeObjectPropertyLookup(874, []() { static const auto t = QMetaType::fromName("QQuickItem*"); return t; }());
if (aotContext->engine->hasError()) {
aotContext->setReturnValueUndefined();
if (argv[0]) {
    const QMetaType returnType = []() { static const auto t = QMetaType::fromName("QQuickAnchorLine"); return t; }();
    returnType.destruct(argv[0]);
    returnType.construct(argv[0]);
 }
return;
}
}
{
}
// generate_GetLookup
#ifndef QT_NO_DEBUG
aotContext->setInstructionPointer(10);
#endif
r2_1 = QVariant(aotContext->lookupResultMetaType(875));
while (!aotContext->getObjectLookup(875, r2_0, r2_1.data())) {
#ifdef QT_NO_DEBUG
aotContext->setInstructionPointer(10);
#endif
aotContext->initGetObjectLookup(875, r2_0, r2_1.metaType());
if (aotContext->engine->hasError()) {
aotContext->setReturnValueUndefined();
if (argv[0]) {
    const QMetaType returnType = []() { static const auto t = QMetaType::fromName("QQuickAnchorLine"); return t; }();
    returnType.destruct(argv[0]);
    returnType.construct(argv[0]);
 }
return;
}
r2_1 = QVariant(aotContext->lookupResultMetaType(875));
}
{
}
{
}
// generate_Ret
if (argv[0]) {
    if (!r2_1.isValid())
        aotContext->setReturnValueUndefined();
    const QMetaType returnType = r2_1.metaType();
    returnType.destruct(argv[0]);
    returnType.construct(argv[0], r2_1.data());
}
return;
}
 },{ 203, 0, [](QV4::ExecutableCompilationUnit *unit, QMetaType *argTypes) {
    struct { QV4::ExecutableCompilationUnit *compilationUnit; } c { unit };
    const auto *aotContext = &c;
    Q_UNUSED(aotContext);
    argTypes[0] = QMetaType::fromType<double>();
}, 
    [](const QQmlPrivate::AOTCompiledContext *aotContext, void **argv) {
Q_UNUSED(aotContext)
Q_UNUSED(argv)
// expression for radius at line 1087, column 45
double r2_0;
double r7_0;
double r2_1;
// generate_LoadQmlContextPropertyLookup
#ifndef QT_NO_DEBUG
aotContext->setInstructionPointer(5);
#endif
while (!aotContext->loadScopeObjectPropertyLookup(876, &r2_0)) {
#ifdef QT_NO_DEBUG
aotContext->setInstructionPointer(5);
#endif
aotContext->initLoadScopeObjectPropertyLookup(876, QMetaType::fromType<double>());
if (aotContext->engine->hasError()) {
aotContext->setReturnValueUndefined();
if (argv[0]) {
    *static_cast<double *>(argv[0]) = double();
}
return;
}
}
{
}
// generate_StoreReg
r7_0 = r2_0;
{
}
// generate_LoadInt
r2_1 = double(2);
{
}
// generate_Div
r2_1 = (r7_0 / r2_1);
{
}
{
}
// generate_Ret
if (argv[0]) {
    *static_cast<double *>(argv[0]) = r2_1;
}
return;
}
 },{ 208, 0, [](QV4::ExecutableCompilationUnit *unit, QMetaType *argTypes) {
    struct { QV4::ExecutableCompilationUnit *compilationUnit; } c { unit };
    const auto *aotContext = &c;
    Q_UNUSED(aotContext);
    argTypes[0] = []() { static const auto t = QMetaType::fromName("QQmlEasingEnums::Type"); return t; }();
}, 
    [](const QQmlPrivate::AOTCompiledContext *aotContext, void **argv) {
Q_UNUSED(aotContext)
Q_UNUSED(argv)
// expression for type at line 1101, column 53
int r2_0;
{
}
// generate_GetLookup
#ifndef QT_NO_DEBUG
aotContext->setInstructionPointer(10);
#endif
while (!aotContext->getEnumLookup(895, &r2_0)) {
#ifdef QT_NO_DEBUG
aotContext->setInstructionPointer(10);
#endif
aotContext->initGetEnumLookup(895, []() { static const auto t = QMetaType::fromName("QQmlEasingEnums"); return t; }().metaObject(), "Type", "InOutQuad");
if (aotContext->engine->hasError()) {
aotContext->setReturnValueUndefined();
if (argv[0]) {
    const QMetaType returnType = []() { static const auto t = QMetaType::fromName("QQmlEasingEnums::Type"); return t; }();
    returnType.destruct(argv[0]);
    returnType.construct(argv[0]);
 }
return;
}
}
{
}
{
}
// generate_Ret
if (argv[0]) {
    const QMetaType returnType = QMetaType::fromType<int>();
    returnType.destruct(argv[0]);
    returnType.construct(argv[0], &r2_0);
}
return;
}
 },{ 209, 0, [](QV4::ExecutableCompilationUnit *unit, QMetaType *argTypes) {
    struct { QV4::ExecutableCompilationUnit *compilationUnit; } c { unit };
    const auto *aotContext = &c;
    Q_UNUSED(aotContext);
    argTypes[0] = QMetaType::fromType<double>();
}, 
    [](const QQmlPrivate::AOTCompiledContext *aotContext, void **argv) {
Q_UNUSED(aotContext)
Q_UNUSED(argv)
// expression for width at line 1106, column 45
double r2_1;
QObject *r2_0;
// generate_LoadQmlContextPropertyLookup
#ifndef QT_NO_DEBUG
aotContext->setInstructionPointer(5);
#endif
while (!aotContext->loadScopeObjectPropertyLookup(896, &r2_0)) {
#ifdef QT_NO_DEBUG
aotContext->setInstructionPointer(5);
#endif
aotContext->initLoadScopeObjectPropertyLookup(896, []() { static const auto t = QMetaType::fromName("QQuickItem*"); return t; }());
if (aotContext->engine->hasError()) {
aotContext->setReturnValueUndefined();
if (argv[0]) {
    *static_cast<double *>(argv[0]) = double();
}
return;
}
}
{
}
// generate_GetLookup
#ifndef QT_NO_DEBUG
aotContext->setInstructionPointer(10);
#endif
while (!aotContext->getObjectLookup(897, r2_0, &r2_1)) {
#ifdef QT_NO_DEBUG
aotContext->setInstructionPointer(10);
#endif
aotContext->initGetObjectLookup(897, r2_0, QMetaType::fromType<double>());
if (aotContext->engine->hasError()) {
aotContext->setReturnValueUndefined();
if (argv[0]) {
    *static_cast<double *>(argv[0]) = double();
}
return;
}
}
{
}
{
}
// generate_Ret
if (argv[0]) {
    *static_cast<double *>(argv[0]) = r2_1;
}
return;
}
 },{ 210, 0, [](QV4::ExecutableCompilationUnit *unit, QMetaType *argTypes) {
    struct { QV4::ExecutableCompilationUnit *compilationUnit; } c { unit };
    const auto *aotContext = &c;
    Q_UNUSED(aotContext);
    argTypes[0] = []() { static const auto t = QMetaType::fromName("QQuickText::HAlignment"); return t; }();
}, 
    [](const QQmlPrivate::AOTCompiledContext *aotContext, void **argv) {
Q_UNUSED(aotContext)
Q_UNUSED(argv)
// expression for horizontalAlignment at line 1107, column 45
int r2_0;
{
}
// generate_GetLookup
#ifndef QT_NO_DEBUG
aotContext->setInstructionPointer(10);
#endif
while (!aotContext->getEnumLookup(899, &r2_0)) {
#ifdef QT_NO_DEBUG
aotContext->setInstructionPointer(10);
#endif
aotContext->initGetEnumLookup(899, []() { static const auto t = QMetaType::fromName("QQuickText*"); return t; }().metaObject(), "HAlignment", "AlignHCenter");
if (aotContext->engine->hasError()) {
aotContext->setReturnValueUndefined();
if (argv[0]) {
    const QMetaType returnType = []() { static const auto t = QMetaType::fromName("QQuickText::HAlignment"); return t; }();
    returnType.destruct(argv[0]);
    returnType.construct(argv[0]);
 }
return;
}
}
{
}
{
}
// generate_Ret
if (argv[0]) {
    const QMetaType returnType = QMetaType::fromType<int>();
    returnType.destruct(argv[0]);
    returnType.construct(argv[0], &r2_0);
}
return;
}
 },{ 214, 0, [](QV4::ExecutableCompilationUnit *unit, QMetaType *argTypes) {
    struct { QV4::ExecutableCompilationUnit *compilationUnit; } c { unit };
    const auto *aotContext = &c;
    Q_UNUSED(aotContext);
    argTypes[0] = []() { static const auto t = QMetaType::fromName("Qt::CursorShape"); return t; }();
}, 
    [](const QQmlPrivate::AOTCompiledContext *aotContext, void **argv) {
Q_UNUSED(aotContext)
Q_UNUSED(argv)
// expression for cursorShape at line 1117, column 41
bool r2_0;
int r2_1;
// generate_LoadQmlContextPropertyLookup
#ifndef QT_NO_DEBUG
aotContext->setInstructionPointer(5);
#endif
while (!aotContext->loadScopeObjectPropertyLookup(908, &r2_0)) {
#ifdef QT_NO_DEBUG
aotContext->setInstructionPointer(5);
#endif
aotContext->initLoadScopeObjectPropertyLookup(908, QMetaType::fromType<bool>());
if (aotContext->engine->hasError()) {
aotContext->setReturnValueUndefined();
if (argv[0]) {
    const QMetaType returnType = []() { static const auto t = QMetaType::fromName("Qt::CursorShape"); return t; }();
    returnType.destruct(argv[0]);
    returnType.construct(argv[0]);
 }
return;
}
}
{
}
// generate_JumpFalse
if (!r2_0) {
    goto label_0;
}
{
}
{
}
// generate_GetLookup
#ifndef QT_NO_DEBUG
aotContext->setInstructionPointer(17);
#endif
while (!aotContext->getEnumLookup(910, &r2_1)) {
#ifdef QT_NO_DEBUG
aotContext->setInstructionPointer(17);
#endif
aotContext->initGetEnumLookup(910, []() { static const auto t = QMetaType::fromName("Qt"); return t; }().metaObject(), "CursorShape", "PointingHandCursor");
if (aotContext->engine->hasError()) {
aotContext->setReturnValueUndefined();
if (argv[0]) {
    const QMetaType returnType = []() { static const auto t = QMetaType::fromName("Qt::CursorShape"); return t; }();
    returnType.destruct(argv[0]);
    returnType.construct(argv[0]);
 }
return;
}
}
{
}
// generate_Jump
{
    goto label_1;
}
label_0:;
{
}
// generate_GetLookup
#ifndef QT_NO_DEBUG
aotContext->setInstructionPointer(29);
#endif
while (!aotContext->getEnumLookup(912, &r2_1)) {
#ifdef QT_NO_DEBUG
aotContext->setInstructionPointer(29);
#endif
aotContext->initGetEnumLookup(912, []() { static const auto t = QMetaType::fromName("Qt"); return t; }().metaObject(), "CursorShape", "ArrowCursor");
if (aotContext->engine->hasError()) {
aotContext->setReturnValueUndefined();
if (argv[0]) {
    const QMetaType returnType = []() { static const auto t = QMetaType::fromName("Qt::CursorShape"); return t; }();
    returnType.destruct(argv[0]);
    returnType.construct(argv[0]);
 }
return;
}
}
{
}
label_1:;
{
}
// generate_Ret
if (argv[0]) {
    const QMetaType returnType = QMetaType::fromType<int>();
    returnType.destruct(argv[0]);
    returnType.construct(argv[0], &r2_1);
}
return;
}
 },{ 216, 0, [](QV4::ExecutableCompilationUnit *unit, QMetaType *argTypes) {
    struct { QV4::ExecutableCompilationUnit *compilationUnit; } c { unit };
    const auto *aotContext = &c;
    Q_UNUSED(aotContext);
    argTypes[0] = []() { static const auto t = QMetaType::fromName("QQuickItem*"); return t; }();
}, 
    [](const QQmlPrivate::AOTCompiledContext *aotContext, void **argv) {
Q_UNUSED(aotContext)
Q_UNUSED(argv)
// expression for fill at line 1115, column 41
QObject *r2_0;
// generate_LoadQmlContextPropertyLookup
#ifndef QT_NO_DEBUG
aotContext->setInstructionPointer(5);
#endif
while (!aotContext->loadScopeObjectPropertyLookup(917, &r2_0)) {
#ifdef QT_NO_DEBUG
aotContext->setInstructionPointer(5);
#endif
aotContext->initLoadScopeObjectPropertyLookup(917, []() { static const auto t = QMetaType::fromName("QQuickItem*"); return t; }());
if (aotContext->engine->hasError()) {
aotContext->setReturnValueUndefined();
if (argv[0]) {
    *static_cast<QObject * *>(argv[0]) = nullptr;
}
return;
}
}
{
}
{
}
// generate_Ret
if (argv[0]) {
    *static_cast<QObject * *>(argv[0]) = r2_0;
}
return;
}
 },{ 219, 0, [](QV4::ExecutableCompilationUnit *unit, QMetaType *argTypes) {
    struct { QV4::ExecutableCompilationUnit *compilationUnit; } c { unit };
    const auto *aotContext = &c;
    Q_UNUSED(aotContext);
    argTypes[0] = []() { static const auto t = QMetaType::fromName("QQuickItem*"); return t; }();
}, 
    [](const QQmlPrivate::AOTCompiledContext *aotContext, void **argv) {
Q_UNUSED(aotContext)
Q_UNUSED(argv)
// expression for fill at line 1134, column 33
QObject *r2_0;
// generate_LoadQmlContextPropertyLookup
#ifndef QT_NO_DEBUG
aotContext->setInstructionPointer(5);
#endif
while (!aotContext->loadScopeObjectPropertyLookup(926, &r2_0)) {
#ifdef QT_NO_DEBUG
aotContext->setInstructionPointer(5);
#endif
aotContext->initLoadScopeObjectPropertyLookup(926, []() { static const auto t = QMetaType::fromName("QQuickItem*"); return t; }());
if (aotContext->engine->hasError()) {
aotContext->setReturnValueUndefined();
if (argv[0]) {
    *static_cast<QObject * *>(argv[0]) = nullptr;
}
return;
}
}
{
}
{
}
// generate_Ret
if (argv[0]) {
    *static_cast<QObject * *>(argv[0]) = r2_0;
}
return;
}
 },{ 220, 0, [](QV4::ExecutableCompilationUnit *unit, QMetaType *argTypes) {
    struct { QV4::ExecutableCompilationUnit *compilationUnit; } c { unit };
    const auto *aotContext = &c;
    Q_UNUSED(aotContext);
    argTypes[0] = QMetaType::fromType<QUrl>();
}, 
    [](const QQmlPrivate::AOTCompiledContext *aotContext, void **argv) {
Q_UNUSED(aotContext)
Q_UNUSED(argv)
// expression for source at line 1139, column 33
QUrl r2_1;
QObject *r7_0;
QObject *r2_0;
QUrl r10_0;
// generate_LoadQmlContextPropertyLookup
#ifndef QT_NO_DEBUG
aotContext->setInstructionPointer(5);
#endif
while (!aotContext->loadSingletonLookup(927, &r2_0)) {
#ifdef QT_NO_DEBUG
aotContext->setInstructionPointer(5);
#endif
aotContext->initLoadSingletonLookup(927, QQmlPrivate::AOTCompiledContext::InvalidStringId);
if (aotContext->engine->hasError()) {
aotContext->setReturnValueUndefined();
if (argv[0]) {
    *static_cast<QUrl *>(argv[0]) = QUrl();
}
return;
}
}
{
}
// generate_StoreReg
r7_0 = r2_0;
{
}
// generate_LoadRuntimeString
r2_1 = QUrl(QStringLiteral("../assets/icons/tuningFork.svg"));
{
}
// generate_StoreReg
r10_0 = std::move(r2_1);
{
}
// generate_CallPropertyLookup
{
QUrl callResult;
void *args[] = { &callResult, &r10_0 };
const QMetaType types[] = { QMetaType::fromType<QUrl>(), QMetaType::fromType<QUrl>() };
#ifndef QT_NO_DEBUG
aotContext->setInstructionPointer(31);
#endif
while (!aotContext->callObjectPropertyLookup(928, r7_0, args, types, 1)) {
#ifdef QT_NO_DEBUG
aotContext->setInstructionPointer(31);
#endif
aotContext->initCallObjectPropertyLookup(928);
if (aotContext->engine->hasError()) {
aotContext->setReturnValueUndefined();
if (argv[0]) {
    *static_cast<QUrl *>(argv[0]) = QUrl();
}
return;
}
}
r2_1 = std::move(callResult);
}
{
}
{
}
// generate_Ret
if (argv[0]) {
    *static_cast<QUrl *>(argv[0]) = std::move(r2_1);
}
return;
}
 },{ 221, 0, [](QV4::ExecutableCompilationUnit *unit, QMetaType *argTypes) {
    struct { QV4::ExecutableCompilationUnit *compilationUnit; } c { unit };
    const auto *aotContext = &c;
    Q_UNUSED(aotContext);
    argTypes[0] = []() { static const auto t = QMetaType::fromName("QQuickImage::FillMode"); return t; }();
}, 
    [](const QQmlPrivate::AOTCompiledContext *aotContext, void **argv) {
Q_UNUSED(aotContext)
Q_UNUSED(argv)
// expression for fillMode at line 1142, column 33
int r2_0;
{
}
// generate_GetLookup
#ifndef QT_NO_DEBUG
aotContext->setInstructionPointer(10);
#endif
while (!aotContext->getEnumLookup(930, &r2_0)) {
#ifdef QT_NO_DEBUG
aotContext->setInstructionPointer(10);
#endif
aotContext->initGetEnumLookup(930, []() { static const auto t = QMetaType::fromName("QQuickImage*"); return t; }().metaObject(), "FillMode", "PreserveAspectFit");
if (aotContext->engine->hasError()) {
aotContext->setReturnValueUndefined();
if (argv[0]) {
    const QMetaType returnType = []() { static const auto t = QMetaType::fromName("QQuickImage::FillMode"); return t; }();
    returnType.destruct(argv[0]);
    returnType.construct(argv[0]);
 }
return;
}
}
{
}
{
}
// generate_Ret
if (argv[0]) {
    const QMetaType returnType = QMetaType::fromType<int>();
    returnType.destruct(argv[0]);
    returnType.construct(argv[0], &r2_0);
}
return;
}
 },{ 223, 0, [](QV4::ExecutableCompilationUnit *unit, QMetaType *argTypes) {
    struct { QV4::ExecutableCompilationUnit *compilationUnit; } c { unit };
    const auto *aotContext = &c;
    Q_UNUSED(aotContext);
    argTypes[0] = []() { static const auto t = QMetaType::fromName("QQuickItem*"); return t; }();
}, 
    [](const QQmlPrivate::AOTCompiledContext *aotContext, void **argv) {
Q_UNUSED(aotContext)
Q_UNUSED(argv)
// expression for centerIn at line 1138, column 33
QObject *r2_0;
// generate_LoadQmlContextPropertyLookup
#ifndef QT_NO_DEBUG
aotContext->setInstructionPointer(5);
#endif
while (!aotContext->loadScopeObjectPropertyLookup(933, &r2_0)) {
#ifdef QT_NO_DEBUG
aotContext->setInstructionPointer(5);
#endif
aotContext->initLoadScopeObjectPropertyLookup(933, []() { static const auto t = QMetaType::fromName("QQuickItem*"); return t; }());
if (aotContext->engine->hasError()) {
aotContext->setReturnValueUndefined();
if (argv[0]) {
    *static_cast<QObject * *>(argv[0]) = nullptr;
}
return;
}
}
{
}
{
}
// generate_Ret
if (argv[0]) {
    *static_cast<QObject * *>(argv[0]) = r2_0;
}
return;
}
 },{ 230, 0, [](QV4::ExecutableCompilationUnit *unit, QMetaType *argTypes) {
    struct { QV4::ExecutableCompilationUnit *compilationUnit; } c { unit };
    const auto *aotContext = &c;
    Q_UNUSED(aotContext);
    argTypes[0] = []() { static const auto t = QMetaType::fromName("QQuickItem*"); return t; }();
}, 
    [](const QQmlPrivate::AOTCompiledContext *aotContext, void **argv) {
Q_UNUSED(aotContext)
Q_UNUSED(argv)
// expression for fill at line 1174, column 37
QObject *r2_0;
// generate_LoadQmlContextPropertyLookup
#ifndef QT_NO_DEBUG
aotContext->setInstructionPointer(5);
#endif
while (!aotContext->loadScopeObjectPropertyLookup(958, &r2_0)) {
#ifdef QT_NO_DEBUG
aotContext->setInstructionPointer(5);
#endif
aotContext->initLoadScopeObjectPropertyLookup(958, []() { static const auto t = QMetaType::fromName("QQuickItem*"); return t; }());
if (aotContext->engine->hasError()) {
aotContext->setReturnValueUndefined();
if (argv[0]) {
    *static_cast<QObject * *>(argv[0]) = nullptr;
}
return;
}
}
{
}
{
}
// generate_Ret
if (argv[0]) {
    *static_cast<QObject * *>(argv[0]) = r2_0;
}
return;
}
 },{ 231, 0, [](QV4::ExecutableCompilationUnit *unit, QMetaType *argTypes) {
    struct { QV4::ExecutableCompilationUnit *compilationUnit; } c { unit };
    const auto *aotContext = &c;
    Q_UNUSED(aotContext);
    argTypes[0] = QMetaType::fromType<QUrl>();
}, 
    [](const QQmlPrivate::AOTCompiledContext *aotContext, void **argv) {
Q_UNUSED(aotContext)
Q_UNUSED(argv)
// expression for source at line 1179, column 33
QUrl r2_1;
QObject *r7_0;
QObject *r2_0;
QUrl r10_0;
// generate_LoadQmlContextPropertyLookup
#ifndef QT_NO_DEBUG
aotContext->setInstructionPointer(5);
#endif
while (!aotContext->loadSingletonLookup(959, &r2_0)) {
#ifdef QT_NO_DEBUG
aotContext->setInstructionPointer(5);
#endif
aotContext->initLoadSingletonLookup(959, QQmlPrivate::AOTCompiledContext::InvalidStringId);
if (aotContext->engine->hasError()) {
aotContext->setReturnValueUndefined();
if (argv[0]) {
    *static_cast<QUrl *>(argv[0]) = QUrl();
}
return;
}
}
{
}
// generate_StoreReg
r7_0 = r2_0;
{
}
// generate_LoadRuntimeString
r2_1 = QUrl(QStringLiteral("../assets/icons/lucide-settings.svg"));
{
}
// generate_StoreReg
r10_0 = std::move(r2_1);
{
}
// generate_CallPropertyLookup
{
QUrl callResult;
void *args[] = { &callResult, &r10_0 };
const QMetaType types[] = { QMetaType::fromType<QUrl>(), QMetaType::fromType<QUrl>() };
#ifndef QT_NO_DEBUG
aotContext->setInstructionPointer(31);
#endif
while (!aotContext->callObjectPropertyLookup(960, r7_0, args, types, 1)) {
#ifdef QT_NO_DEBUG
aotContext->setInstructionPointer(31);
#endif
aotContext->initCallObjectPropertyLookup(960);
if (aotContext->engine->hasError()) {
aotContext->setReturnValueUndefined();
if (argv[0]) {
    *static_cast<QUrl *>(argv[0]) = QUrl();
}
return;
}
}
r2_1 = std::move(callResult);
}
{
}
{
}
// generate_Ret
if (argv[0]) {
    *static_cast<QUrl *>(argv[0]) = std::move(r2_1);
}
return;
}
 },{ 232, 0, [](QV4::ExecutableCompilationUnit *unit, QMetaType *argTypes) {
    struct { QV4::ExecutableCompilationUnit *compilationUnit; } c { unit };
    const auto *aotContext = &c;
    Q_UNUSED(aotContext);
    argTypes[0] = []() { static const auto t = QMetaType::fromName("QQuickImage::FillMode"); return t; }();
}, 
    [](const QQmlPrivate::AOTCompiledContext *aotContext, void **argv) {
Q_UNUSED(aotContext)
Q_UNUSED(argv)
// expression for fillMode at line 1182, column 33
int r2_0;
{
}
// generate_GetLookup
#ifndef QT_NO_DEBUG
aotContext->setInstructionPointer(10);
#endif
while (!aotContext->getEnumLookup(962, &r2_0)) {
#ifdef QT_NO_DEBUG
aotContext->setInstructionPointer(10);
#endif
aotContext->initGetEnumLookup(962, []() { static const auto t = QMetaType::fromName("QQuickImage*"); return t; }().metaObject(), "FillMode", "PreserveAspectFit");
if (aotContext->engine->hasError()) {
aotContext->setReturnValueUndefined();
if (argv[0]) {
    const QMetaType returnType = []() { static const auto t = QMetaType::fromName("QQuickImage::FillMode"); return t; }();
    returnType.destruct(argv[0]);
    returnType.construct(argv[0]);
 }
return;
}
}
{
}
{
}
// generate_Ret
if (argv[0]) {
    const QMetaType returnType = QMetaType::fromType<int>();
    returnType.destruct(argv[0]);
    returnType.construct(argv[0], &r2_0);
}
return;
}
 },{ 234, 0, [](QV4::ExecutableCompilationUnit *unit, QMetaType *argTypes) {
    struct { QV4::ExecutableCompilationUnit *compilationUnit; } c { unit };
    const auto *aotContext = &c;
    Q_UNUSED(aotContext);
    argTypes[0] = []() { static const auto t = QMetaType::fromName("QQuickItem*"); return t; }();
}, 
    [](const QQmlPrivate::AOTCompiledContext *aotContext, void **argv) {
Q_UNUSED(aotContext)
Q_UNUSED(argv)
// expression for centerIn at line 1178, column 33
QObject *r2_0;
// generate_LoadQmlContextPropertyLookup
#ifndef QT_NO_DEBUG
aotContext->setInstructionPointer(5);
#endif
while (!aotContext->loadScopeObjectPropertyLookup(965, &r2_0)) {
#ifdef QT_NO_DEBUG
aotContext->setInstructionPointer(5);
#endif
aotContext->initLoadScopeObjectPropertyLookup(965, []() { static const auto t = QMetaType::fromName("QQuickItem*"); return t; }());
if (aotContext->engine->hasError()) {
aotContext->setReturnValueUndefined();
if (argv[0]) {
    *static_cast<QObject * *>(argv[0]) = nullptr;
}
return;
}
}
{
}
{
}
// generate_Ret
if (argv[0]) {
    *static_cast<QObject * *>(argv[0]) = r2_0;
}
return;
}
 },{ 238, 0, [](QV4::ExecutableCompilationUnit *unit, QMetaType *argTypes) {
    struct { QV4::ExecutableCompilationUnit *compilationUnit; } c { unit };
    const auto *aotContext = &c;
    Q_UNUSED(aotContext);
    argTypes[0] = []() { static const auto t = QMetaType::fromName("QQuickItem*"); return t; }();
}, 
    [](const QQmlPrivate::AOTCompiledContext *aotContext, void **argv) {
Q_UNUSED(aotContext)
Q_UNUSED(argv)
// expression for fill at line 1204, column 33
QObject *r2_0;
// generate_LoadQmlContextPropertyLookup
#ifndef QT_NO_DEBUG
aotContext->setInstructionPointer(5);
#endif
while (!aotContext->loadScopeObjectPropertyLookup(973, &r2_0)) {
#ifdef QT_NO_DEBUG
aotContext->setInstructionPointer(5);
#endif
aotContext->initLoadScopeObjectPropertyLookup(973, []() { static const auto t = QMetaType::fromName("QQuickItem*"); return t; }());
if (aotContext->engine->hasError()) {
aotContext->setReturnValueUndefined();
if (argv[0]) {
    *static_cast<QObject * *>(argv[0]) = nullptr;
}
return;
}
}
{
}
{
}
// generate_Ret
if (argv[0]) {
    *static_cast<QObject * *>(argv[0]) = r2_0;
}
return;
}
 },{ 239, 0, [](QV4::ExecutableCompilationUnit *unit, QMetaType *argTypes) {
    struct { QV4::ExecutableCompilationUnit *compilationUnit; } c { unit };
    const auto *aotContext = &c;
    Q_UNUSED(aotContext);
    argTypes[0] = QMetaType::fromType<QUrl>();
}, 
    [](const QQmlPrivate::AOTCompiledContext *aotContext, void **argv) {
Q_UNUSED(aotContext)
Q_UNUSED(argv)
// expression for source at line 1209, column 33
QUrl r2_1;
QObject *r7_0;
QObject *r2_0;
QUrl r10_0;
// generate_LoadQmlContextPropertyLookup
#ifndef QT_NO_DEBUG
aotContext->setInstructionPointer(5);
#endif
while (!aotContext->loadSingletonLookup(974, &r2_0)) {
#ifdef QT_NO_DEBUG
aotContext->setInstructionPointer(5);
#endif
aotContext->initLoadSingletonLookup(974, QQmlPrivate::AOTCompiledContext::InvalidStringId);
if (aotContext->engine->hasError()) {
aotContext->setReturnValueUndefined();
if (argv[0]) {
    *static_cast<QUrl *>(argv[0]) = QUrl();
}
return;
}
}
{
}
// generate_StoreReg
r7_0 = r2_0;
{
}
// generate_LoadRuntimeString
r2_1 = QUrl(QStringLiteral("../assets/icons/heatmap-grid.svg"));
{
}
// generate_StoreReg
r10_0 = std::move(r2_1);
{
}
// generate_CallPropertyLookup
{
QUrl callResult;
void *args[] = { &callResult, &r10_0 };
const QMetaType types[] = { QMetaType::fromType<QUrl>(), QMetaType::fromType<QUrl>() };
#ifndef QT_NO_DEBUG
aotContext->setInstructionPointer(31);
#endif
while (!aotContext->callObjectPropertyLookup(975, r7_0, args, types, 1)) {
#ifdef QT_NO_DEBUG
aotContext->setInstructionPointer(31);
#endif
aotContext->initCallObjectPropertyLookup(975);
if (aotContext->engine->hasError()) {
aotContext->setReturnValueUndefined();
if (argv[0]) {
    *static_cast<QUrl *>(argv[0]) = QUrl();
}
return;
}
}
r2_1 = std::move(callResult);
}
{
}
{
}
// generate_Ret
if (argv[0]) {
    *static_cast<QUrl *>(argv[0]) = std::move(r2_1);
}
return;
}
 },{ 240, 0, [](QV4::ExecutableCompilationUnit *unit, QMetaType *argTypes) {
    struct { QV4::ExecutableCompilationUnit *compilationUnit; } c { unit };
    const auto *aotContext = &c;
    Q_UNUSED(aotContext);
    argTypes[0] = []() { static const auto t = QMetaType::fromName("QQuickImage::FillMode"); return t; }();
}, 
    [](const QQmlPrivate::AOTCompiledContext *aotContext, void **argv) {
Q_UNUSED(aotContext)
Q_UNUSED(argv)
// expression for fillMode at line 1212, column 33
int r2_0;
{
}
// generate_GetLookup
#ifndef QT_NO_DEBUG
aotContext->setInstructionPointer(10);
#endif
while (!aotContext->getEnumLookup(977, &r2_0)) {
#ifdef QT_NO_DEBUG
aotContext->setInstructionPointer(10);
#endif
aotContext->initGetEnumLookup(977, []() { static const auto t = QMetaType::fromName("QQuickImage*"); return t; }().metaObject(), "FillMode", "PreserveAspectFit");
if (aotContext->engine->hasError()) {
aotContext->setReturnValueUndefined();
if (argv[0]) {
    const QMetaType returnType = []() { static const auto t = QMetaType::fromName("QQuickImage::FillMode"); return t; }();
    returnType.destruct(argv[0]);
    returnType.construct(argv[0]);
 }
return;
}
}
{
}
{
}
// generate_Ret
if (argv[0]) {
    const QMetaType returnType = QMetaType::fromType<int>();
    returnType.destruct(argv[0]);
    returnType.construct(argv[0], &r2_0);
}
return;
}
 },{ 242, 0, [](QV4::ExecutableCompilationUnit *unit, QMetaType *argTypes) {
    struct { QV4::ExecutableCompilationUnit *compilationUnit; } c { unit };
    const auto *aotContext = &c;
    Q_UNUSED(aotContext);
    argTypes[0] = []() { static const auto t = QMetaType::fromName("QQuickItem*"); return t; }();
}, 
    [](const QQmlPrivate::AOTCompiledContext *aotContext, void **argv) {
Q_UNUSED(aotContext)
Q_UNUSED(argv)
// expression for centerIn at line 1208, column 33
QObject *r2_0;
// generate_LoadQmlContextPropertyLookup
#ifndef QT_NO_DEBUG
aotContext->setInstructionPointer(5);
#endif
while (!aotContext->loadScopeObjectPropertyLookup(980, &r2_0)) {
#ifdef QT_NO_DEBUG
aotContext->setInstructionPointer(5);
#endif
aotContext->initLoadScopeObjectPropertyLookup(980, []() { static const auto t = QMetaType::fromName("QQuickItem*"); return t; }());
if (aotContext->engine->hasError()) {
aotContext->setReturnValueUndefined();
if (argv[0]) {
    *static_cast<QObject * *>(argv[0]) = nullptr;
}
return;
}
}
{
}
{
}
// generate_Ret
if (argv[0]) {
    *static_cast<QObject * *>(argv[0]) = r2_0;
}
return;
}
 },{ 252, 0, [](QV4::ExecutableCompilationUnit *unit, QMetaType *argTypes) {
    struct { QV4::ExecutableCompilationUnit *compilationUnit; } c { unit };
    const auto *aotContext = &c;
    Q_UNUSED(aotContext);
    argTypes[0] = QMetaType::fromType<bool>();
}, 
    [](const QQmlPrivate::AOTCompiledContext *aotContext, void **argv) {
Q_UNUSED(aotContext)
Q_UNUSED(argv)
// expression for visible at line 1335, column 9
bool r2_1;
QObject *r2_0;
// generate_LoadQmlContextPropertyLookup
#ifndef QT_NO_DEBUG
aotContext->setInstructionPointer(5);
#endif
while (!aotContext->loadContextIdLookup(1056, &r2_0)) {
#ifdef QT_NO_DEBUG
aotContext->setInstructionPointer(5);
#endif
aotContext->initLoadContextIdLookup(1056);
if (aotContext->engine->hasError()) {
aotContext->setReturnValueUndefined();
if (argv[0]) {
    *static_cast<bool *>(argv[0]) = bool();
}
return;
}
}
{
}
// generate_GetLookup
#ifndef QT_NO_DEBUG
aotContext->setInstructionPointer(10);
#endif
while (!aotContext->getObjectLookup(1057, r2_0, &r2_1)) {
#ifdef QT_NO_DEBUG
aotContext->setInstructionPointer(10);
#endif
aotContext->initGetObjectLookup(1057, r2_0, QMetaType::fromType<bool>());
if (aotContext->engine->hasError()) {
aotContext->setReturnValueUndefined();
if (argv[0]) {
    *static_cast<bool *>(argv[0]) = bool();
}
return;
}
}
{
}
{
}
// generate_Ret
if (argv[0]) {
    *static_cast<bool *>(argv[0]) = r2_1;
}
return;
}
 },{ 254, 0, [](QV4::ExecutableCompilationUnit *unit, QMetaType *argTypes) {
    struct { QV4::ExecutableCompilationUnit *compilationUnit; } c { unit };
    const auto *aotContext = &c;
    Q_UNUSED(aotContext);
    argTypes[0] = []() { static const auto t = QMetaType::fromName("QQuickItem*"); return t; }();
}, 
    [](const QQmlPrivate::AOTCompiledContext *aotContext, void **argv) {
Q_UNUSED(aotContext)
Q_UNUSED(argv)
// expression for fill at line 1356, column 17
QObject *r2_0;
// generate_LoadQmlContextPropertyLookup
#ifndef QT_NO_DEBUG
aotContext->setInstructionPointer(5);
#endif
while (!aotContext->loadScopeObjectPropertyLookup(1065, &r2_0)) {
#ifdef QT_NO_DEBUG
aotContext->setInstructionPointer(5);
#endif
aotContext->initLoadScopeObjectPropertyLookup(1065, []() { static const auto t = QMetaType::fromName("QQuickItem*"); return t; }());
if (aotContext->engine->hasError()) {
aotContext->setReturnValueUndefined();
if (argv[0]) {
    *static_cast<QObject * *>(argv[0]) = nullptr;
}
return;
}
}
{
}
{
}
// generate_Ret
if (argv[0]) {
    *static_cast<QObject * *>(argv[0]) = r2_0;
}
return;
}
 },{ 257, 0, [](QV4::ExecutableCompilationUnit *unit, QMetaType *argTypes) {
    struct { QV4::ExecutableCompilationUnit *compilationUnit; } c { unit };
    const auto *aotContext = &c;
    Q_UNUSED(aotContext);
    argTypes[0] = []() { static const auto t = QMetaType::fromName("QQuickItem*"); return t; }();
}, 
    [](const QQmlPrivate::AOTCompiledContext *aotContext, void **argv) {
Q_UNUSED(aotContext)
Q_UNUSED(argv)
// expression for fill at line 1369, column 21
QObject *r2_0;
// generate_LoadQmlContextPropertyLookup
#ifndef QT_NO_DEBUG
aotContext->setInstructionPointer(5);
#endif
while (!aotContext->loadScopeObjectPropertyLookup(1080, &r2_0)) {
#ifdef QT_NO_DEBUG
aotContext->setInstructionPointer(5);
#endif
aotContext->initLoadScopeObjectPropertyLookup(1080, []() { static const auto t = QMetaType::fromName("QQuickItem*"); return t; }());
if (aotContext->engine->hasError()) {
aotContext->setReturnValueUndefined();
if (argv[0]) {
    *static_cast<QObject * *>(argv[0]) = nullptr;
}
return;
}
}
{
}
{
}
// generate_Ret
if (argv[0]) {
    *static_cast<QObject * *>(argv[0]) = r2_0;
}
return;
}
 },{ 260, 0, [](QV4::ExecutableCompilationUnit *unit, QMetaType *argTypes) {
    struct { QV4::ExecutableCompilationUnit *compilationUnit; } c { unit };
    const auto *aotContext = &c;
    Q_UNUSED(aotContext);
    argTypes[0] = []() { static const auto t = QMetaType::fromName("QQuickItem*"); return t; }();
}, 
    [](const QQmlPrivate::AOTCompiledContext *aotContext, void **argv) {
Q_UNUSED(aotContext)
Q_UNUSED(argv)
// expression for centerIn at line 1376, column 21
QObject *r2_0;
// generate_LoadQmlContextPropertyLookup
#ifndef QT_NO_DEBUG
aotContext->setInstructionPointer(5);
#endif
while (!aotContext->loadScopeObjectPropertyLookup(1085, &r2_0)) {
#ifdef QT_NO_DEBUG
aotContext->setInstructionPointer(5);
#endif
aotContext->initLoadScopeObjectPropertyLookup(1085, []() { static const auto t = QMetaType::fromName("QQuickItem*"); return t; }());
if (aotContext->engine->hasError()) {
aotContext->setReturnValueUndefined();
if (argv[0]) {
    *static_cast<QObject * *>(argv[0]) = nullptr;
}
return;
}
}
{
}
{
}
// generate_Ret
if (argv[0]) {
    *static_cast<QObject * *>(argv[0]) = r2_0;
}
return;
}
 },{ 262, 0, [](QV4::ExecutableCompilationUnit *unit, QMetaType *argTypes) {
    struct { QV4::ExecutableCompilationUnit *compilationUnit; } c { unit };
    const auto *aotContext = &c;
    Q_UNUSED(aotContext);
    argTypes[0] = []() { static const auto t = QMetaType::fromName("QQuickAnchorLine"); return t; }();
}, 
    [](const QQmlPrivate::AOTCompiledContext *aotContext, void **argv) {
Q_UNUSED(aotContext)
Q_UNUSED(argv)
// expression for verticalCenter at line 1393, column 17
QObject *r2_0;
QVariant r2_1;
// generate_LoadQmlContextPropertyLookup
#ifndef QT_NO_DEBUG
aotContext->setInstructionPointer(5);
#endif
while (!aotContext->loadScopeObjectPropertyLookup(1088, &r2_0)) {
#ifdef QT_NO_DEBUG
aotContext->setInstructionPointer(5);
#endif
aotContext->initLoadScopeObjectPropertyLookup(1088, []() { static const auto t = QMetaType::fromName("QQuickItem*"); return t; }());
if (aotContext->engine->hasError()) {
aotContext->setReturnValueUndefined();
if (argv[0]) {
    const QMetaType returnType = []() { static const auto t = QMetaType::fromName("QQuickAnchorLine"); return t; }();
    returnType.destruct(argv[0]);
    returnType.construct(argv[0]);
 }
return;
}
}
{
}
// generate_GetLookup
#ifndef QT_NO_DEBUG
aotContext->setInstructionPointer(10);
#endif
r2_1 = QVariant(aotContext->lookupResultMetaType(1089));
while (!aotContext->getObjectLookup(1089, r2_0, r2_1.data())) {
#ifdef QT_NO_DEBUG
aotContext->setInstructionPointer(10);
#endif
aotContext->initGetObjectLookup(1089, r2_0, r2_1.metaType());
if (aotContext->engine->hasError()) {
aotContext->setReturnValueUndefined();
if (argv[0]) {
    const QMetaType returnType = []() { static const auto t = QMetaType::fromName("QQuickAnchorLine"); return t; }();
    returnType.destruct(argv[0]);
    returnType.construct(argv[0]);
 }
return;
}
r2_1 = QVariant(aotContext->lookupResultMetaType(1089));
}
{
}
{
}
// generate_Ret
if (argv[0]) {
    if (!r2_1.isValid())
        aotContext->setReturnValueUndefined();
    const QMetaType returnType = r2_1.metaType();
    returnType.destruct(argv[0]);
    returnType.construct(argv[0], r2_1.data());
}
return;
}
 },{ 263, 0, [](QV4::ExecutableCompilationUnit *unit, QMetaType *argTypes) {
    struct { QV4::ExecutableCompilationUnit *compilationUnit; } c { unit };
    const auto *aotContext = &c;
    Q_UNUSED(aotContext);
    argTypes[0] = QMetaType::fromType<QUrl>();
}, 
    [](const QQmlPrivate::AOTCompiledContext *aotContext, void **argv) {
Q_UNUSED(aotContext)
Q_UNUSED(argv)
// expression for source at line 1416, column 17
QUrl r2_1;
QObject *r7_0;
QObject *r2_0;
QUrl r10_0;
// generate_LoadQmlContextPropertyLookup
#ifndef QT_NO_DEBUG
aotContext->setInstructionPointer(5);
#endif
while (!aotContext->loadSingletonLookup(1090, &r2_0)) {
#ifdef QT_NO_DEBUG
aotContext->setInstructionPointer(5);
#endif
aotContext->initLoadSingletonLookup(1090, QQmlPrivate::AOTCompiledContext::InvalidStringId);
if (aotContext->engine->hasError()) {
aotContext->setReturnValueUndefined();
if (argv[0]) {
    *static_cast<QUrl *>(argv[0]) = QUrl();
}
return;
}
}
{
}
// generate_StoreReg
r7_0 = r2_0;
{
}
// generate_LoadRuntimeString
r2_1 = QUrl(QStringLiteral("../assets/TabPage/binInlays.svg"));
{
}
// generate_StoreReg
r10_0 = std::move(r2_1);
{
}
// generate_CallPropertyLookup
{
QUrl callResult;
void *args[] = { &callResult, &r10_0 };
const QMetaType types[] = { QMetaType::fromType<QUrl>(), QMetaType::fromType<QUrl>() };
#ifndef QT_NO_DEBUG
aotContext->setInstructionPointer(31);
#endif
while (!aotContext->callObjectPropertyLookup(1091, r7_0, args, types, 1)) {
#ifdef QT_NO_DEBUG
aotContext->setInstructionPointer(31);
#endif
aotContext->initCallObjectPropertyLookup(1091);
if (aotContext->engine->hasError()) {
aotContext->setReturnValueUndefined();
if (argv[0]) {
    *static_cast<QUrl *>(argv[0]) = QUrl();
}
return;
}
}
r2_1 = std::move(callResult);
}
{
}
{
}
// generate_Ret
if (argv[0]) {
    *static_cast<QUrl *>(argv[0]) = std::move(r2_1);
}
return;
}
 },{ 264, 0, [](QV4::ExecutableCompilationUnit *unit, QMetaType *argTypes) {
    struct { QV4::ExecutableCompilationUnit *compilationUnit; } c { unit };
    const auto *aotContext = &c;
    Q_UNUSED(aotContext);
    argTypes[0] = QMetaType::fromType<double>();
}, 
    [](const QQmlPrivate::AOTCompiledContext *aotContext, void **argv) {
Q_UNUSED(aotContext)
Q_UNUSED(argv)
// expression for x at line 1417, column 17
double r7_0;
double r2_0;
// generate_MoveConst
r7_0 = 211.25000000000000000;
{
}
// generate_LoadInt
r2_0 = double(32);
{
}
// generate_Add
r2_0 = (r7_0 + r2_0);
{
}
{
}
// generate_Ret
if (argv[0]) {
    *static_cast<double *>(argv[0]) = r2_0;
}
return;
}
 },{ 265, 0, [](QV4::ExecutableCompilationUnit *unit, QMetaType *argTypes) {
    struct { QV4::ExecutableCompilationUnit *compilationUnit; } c { unit };
    const auto *aotContext = &c;
    Q_UNUSED(aotContext);
    argTypes[0] = QMetaType::fromType<bool>();
}, 
    [](const QQmlPrivate::AOTCompiledContext *aotContext, void **argv) {
Q_UNUSED(aotContext)
Q_UNUSED(argv)
// expression for showMagnitudeText at line 1430, column 17
QObject *r2_0;
bool r2_1;
// generate_LoadQmlContextPropertyLookup
#ifndef QT_NO_DEBUG
aotContext->setInstructionPointer(5);
#endif
while (!aotContext->loadContextIdLookup(1092, &r2_0)) {
#ifdef QT_NO_DEBUG
aotContext->setInstructionPointer(5);
#endif
aotContext->initLoadContextIdLookup(1092);
if (aotContext->engine->hasError()) {
aotContext->setReturnValueUndefined();
if (argv[0]) {
    *static_cast<bool *>(argv[0]) = bool();
}
return;
}
}
{
}
// generate_GetLookup
#ifndef QT_NO_DEBUG
aotContext->setInstructionPointer(10);
#endif
while (!aotContext->getObjectLookup(1093, r2_0, &r2_1)) {
#ifdef QT_NO_DEBUG
aotContext->setInstructionPointer(10);
#endif
aotContext->initGetObjectLookup(1093, r2_0, QMetaType::fromType<bool>());
if (aotContext->engine->hasError()) {
aotContext->setReturnValueUndefined();
if (argv[0]) {
    *static_cast<bool *>(argv[0]) = bool();
}
return;
}
}
{
}
{
}
// generate_Ret
if (argv[0]) {
    *static_cast<bool *>(argv[0]) = r2_1;
}
return;
}
 },{ 270, 0, [](QV4::ExecutableCompilationUnit *unit, QMetaType *argTypes) {
    struct { QV4::ExecutableCompilationUnit *compilationUnit; } c { unit };
    const auto *aotContext = &c;
    Q_UNUSED(aotContext);
    argTypes[0] = QMetaType::fromType<QVariant>();
}, 
    [](const QQmlPrivate::AOTCompiledContext *aotContext, void **argv) {
Q_UNUSED(aotContext)
Q_UNUSED(argv)
// expression for winningFrets at line 1503, column 13
QVariant r2_0;
// generate_DefineObjectLiteral
r2_0 = QVariantMap {
};
{
}
{
}
// generate_Ret
if (argv[0]) {
    if (!r2_0.isValid())
        aotContext->setReturnValueUndefined();
    *static_cast<QVariant *>(argv[0]) = std::move(r2_0);
}
return;
}
 },{ 274, 5, [](QV4::ExecutableCompilationUnit *unit, QMetaType *argTypes) {
    struct { QV4::ExecutableCompilationUnit *compilationUnit; } c { unit };
    const auto *aotContext = &c;
    Q_UNUSED(aotContext);
    argTypes[0] = QMetaType();
    argTypes[1] = QMetaType::fromType<QString>();
    argTypes[2] = QMetaType::fromType<int>();
    argTypes[3] = QMetaType::fromType<int>();
    argTypes[4] = QMetaType::fromType<double>();
    argTypes[5] = QMetaType::fromType<double>();
}, 
    [](const QQmlPrivate::AOTCompiledContext *aotContext, void **argv) {
Q_UNUSED(aotContext)
Q_UNUSED(argv)
// expression for onBinClicked at line 1548, column 13
// generate_CreateCallContext
{
{
}
{
}
{
}
// generate_PopContext
{}
}
{
}
{
}
// generate_Ret
return;
}
 },{ 275, 5, [](QV4::ExecutableCompilationUnit *unit, QMetaType *argTypes) {
    struct { QV4::ExecutableCompilationUnit *compilationUnit; } c { unit };
    const auto *aotContext = &c;
    Q_UNUSED(aotContext);
    argTypes[0] = QMetaType();
    argTypes[1] = QMetaType::fromType<QString>();
    argTypes[2] = QMetaType::fromType<int>();
    argTypes[3] = QMetaType::fromType<int>();
    argTypes[4] = QMetaType::fromType<double>();
    argTypes[5] = QMetaType::fromType<double>();
}, 
    [](const QQmlPrivate::AOTCompiledContext *aotContext, void **argv) {
Q_UNUSED(aotContext)
Q_UNUSED(argv)
//  at line 1548, column 28
{
}
// generate_Ret
return;
}
 },{ 276, 0, [](QV4::ExecutableCompilationUnit *unit, QMetaType *argTypes) {
    struct { QV4::ExecutableCompilationUnit *compilationUnit; } c { unit };
    const auto *aotContext = &c;
    Q_UNUSED(aotContext);
    argTypes[0] = []() { static const auto t = QMetaType::fromName("QQuickItem*"); return t; }();
}, 
    [](const QQmlPrivate::AOTCompiledContext *aotContext, void **argv) {
Q_UNUSED(aotContext)
Q_UNUSED(argv)
// expression for fill at line 1427, column 17
QObject *r2_0;
// generate_LoadQmlContextPropertyLookup
#ifndef QT_NO_DEBUG
aotContext->setInstructionPointer(5);
#endif
while (!aotContext->loadScopeObjectPropertyLookup(1117, &r2_0)) {
#ifdef QT_NO_DEBUG
aotContext->setInstructionPointer(5);
#endif
aotContext->initLoadScopeObjectPropertyLookup(1117, []() { static const auto t = QMetaType::fromName("QQuickItem*"); return t; }());
if (aotContext->engine->hasError()) {
aotContext->setReturnValueUndefined();
if (argv[0]) {
    *static_cast<QObject * *>(argv[0]) = nullptr;
}
return;
}
}
{
}
{
}
// generate_Ret
if (argv[0]) {
    *static_cast<QObject * *>(argv[0]) = r2_0;
}
return;
}
 },{ 0, 0, nullptr, nullptr }};
QT_WARNING_POP
}
}
